x,y,z,rho,p,is_boundary,kind
0.25435,0.296314,0.285328,629.781,0,0,0
0.165888,0.295755,0.285097,946.467,2788.02,0,0
0.219075,0.295761,0.286697,1003.04,6182.23,0,0
0.165875,0.295797,0.286609,952.446,3146.78,0,0
0.165311,0.296416,0.285594,943.331,2599.83,0,0
0.17097,0.295053,0.323406,1032.17,7930.31,0,0
0.169968,0.295291,0.376503,1024.74,7484.59,0,0
0.166551,0.296539,0.414351,955.735,3344.1,0,0
0.166959,0.295718,0.414071,960.476,3628.58,0,0
0.192784,0.295968,0.414359,1087.63,11257.7,0,0
0.16629,0.295845,0.414728,951.964,3117.85,0,0
0.172292,0.296616,0.41391,1003.55,6212.85,0,0
0.208591,0.296377,0.286335,1063.03,9781.9,0,0
0.225377,0.295636,0.285816,949.025,2941.48,0,0
0.236784,0.295409,0.286256,836.658,0,0,0
0.182427,0.296825,0.286562,1063.57,9813.91,0,0
0.165101,0.295412,0.285547,941.235,2474.12,0,0
0.176753,0.296659,0.320024,1074.4,10463.8,0,0
0.176241,0.295783,0.37973,1071.93,10316.1,0,0
0.166606,0.295416,0.414495,955.647,3338.83,0,0
0.177751,0.296824,0.413128,1042.22,8533.38,0,0
0.229832,0.295625,0.414814,904.596,275.742,0,0
0.165061,0.296005,0.413619,945.459,2727.53,0,0
0.217461,0.295938,0.414296,1010.54,6632.26,0,0
0.19572,0.295018,0.286969,1093.72,11623.1,0,0
0.165616,0.296252,0.28608,948.047,2882.81,0,0
0.166403,0.2969,0.286586,956.864,3411.86,0,0
0.165407,0.295543,0.285754,944.865,2691.88,0,0
0.194804,0.295718,0.286662,1092.59,11555.1,0,0
0.175966,0.295666,0.315681,1070.35,10220.8,0,0
0.174566,0.295849,0.384431,1061.9,9713.83,0,0
0.188688,0.295966,0.413552,1084.6,11076.2,0,0
0.167355,0.295633,0.413985,964.214,3852.84,0,0
0.170878,0.296173,0.414121,992.206,5532.33,0,0
0.166306,0.296009,0.413541,956.899,3413.95,0,0
0.205195,0.29694,0.414231,1073.33,10399.5,0,0
0.254441,0.295587,0.285078,628.237,0,0,0
0.166222,0.296623,0.286893,956.516,3390.93,0,0
0.176233,0.295236,0.286781,1031.89,7913.34,0,0
0.235379,0.296315,0.285972,851.113,0,0,0
0.183217,0.295368,0.285614,1062.96,9777.3,0,0
0.166022,0.29699,0.308003,991.344,5480.63,0,0
0.16543,0.29699,0.392162,986.847,5210.81,0,0
0.184589,0.295371,0.414777,1067.26,10035.5,0,0
0.235766,0.296702,0.413859,846.153,0,0,0
0.176201,0.295149,0.413223,1032.65,7958.91,0,0
0.165026,0.296662,0.413141,946.861,2811.68,0,0
0.18637,0.295675,0.41328,1079.6,10776,0,0
0.238625,0.295673,0.285875,815.396,0,0,0
0.178116,0.295238,0.286962,1043.77,8625.96,0,0
0.165399,0.295902,0.286076,946.105,2766.3,0,0
0.177227,0.295751,0.28593,1034.48,8068.91,0,0
0.184647,0.295543,0.286025,1070.25,10214.8,0,0
0.191147,0.295907,0.312607,1128.32,13699.5,0,0
0.190971,0.296088,0.38701,1128.56,13713.8,0,0
0.175604,0.295587,0.413024,1029.79,7787.59,0,0
0.165487,0.296006,0.414358,946.367,2782.04,0,0
0.166972,0.296007,0.414203,960.062,3603.74,0,0
0.165166,0.295149,0.413189,947.942,2876.52,0,0
0.225982,0.295453,0.414082,943.103,2586.18,0,0
0.166878,0.295798,0.286642,961.398,3683.86,0,0
0.217909,0.295726,0.285312,1006.48,6388.57,0,0
0.224598,0.295593,0.286633,958.452,3507.14,0,0
0.248896,0.295103,0.286836,697.91,0,0,0
0.166672,0.295057,0.285729,955.851,3351.07,0,0
0.193189,0.29557,0.310944,1129.75,13785.3,0,0
0.19047,0.295572,0.388704,1127.85,13670.9,0,0
0.16634,0.295058,0.414343,953.858,3231.5,0,0
0.248665,0.295097,0.413222,699.022,0,0,0
0.165824,0.295417,0.413004,954.622,3277.35,0,0
0.169139,0.295922,0.413479,981.108,4866.49,0,0
0.165492,0.295846,0.414098,947.469,2848.17,0,0
0.188358,0.296415,0.286802,1084.59,11075.6,0,0
0.233796,0.296316,0.285108,865.335,0,0,0
0.229359,0.296966,0.285661,911.489,689.359,0,0
0.238167,0.295715,0.285377,819.149,0,0,0
0.172035,0.29641,0.286867,1003.74,6224.6,0,0
0.185767,0.295116,0.308882,1116.32,12979.4,0,0
0.183912,0.295251,0.391092,1110.75,12645.1,0,0
0.171068,0.295961,0.413247,997.195,5831.71,0,0
0.235231,0.295796,0.414853,849.202,0,0,0
0.204892,0.295062,0.413103,1078.75,10724.9,0,0
0.165857,0.295013,0.413532,952.798,3167.88,0,0
0.179954,0.295014,0.414908,1046.52,8791.44,0,0
0.212019,0.295017,0.286538,1047.17,8830.4,0,0
0.228695,0.295149,0.286272,919.828,1189.71,0,0
0.244639,0.295189,0.285972,746.673,0,0,0
0.198741,0.296376,0.28554,1086.27,11176.1,0,0
0.181982,0.29633,0.286451,1061.29,9677.34,0,0
0.181588,0.295476,0.311553,1101.08,12064.7,0,0
0.180844,0.295436,0.388238,1098.36,11901.6,0,0
0.181917,0.295964,0.413796,1060.85,9650.8,0,0
0.183541,0.296536,0.414753,1063.41,9804.74,0,0
0.228206,0.295232,0.414276,921.887,1313.24,0,0
0.216096,0.295237,0.414618,1018.39,7103.56,0,0
0.166972,0.295106,0.413027,964.541,3872.46,0,0
0.215543,0.295762,0.285358,1022.38,7342.59,0,0
0.22845,0.295754,0.286341,922.47,1348.21,0,0
0.169371,0.295789,0.285943,979.506,4770.37,0,0
0.25113,0.295672,0.286144,669.924,0,0,0
0.1858,0.295412,0.286833,1077.52,10651.3,0,0
0.178696,0.296635,0.315347,1086.55,11192.9,0,0
0.177327,0.295399,0.384805,1079.51,10770.8,0,0
0.188847,0.295414,0.413705,1084.27,11056.2,0,0
0.252917,0.295794,0.413686,647.152,0,0,0
0.170069,0.29588,0.414388,984.826,5089.56,0,0
0.227314,0.295888,0.413743,932.005,1920.32,0,0
0.166264,0.296963,0.41305,958.207,3492.44,0,0
0.175055,0.29575,0.28595,1021.07,7264.13,0,0
0.238235,0.295059,0.286096,820.188,0,0,0
0.165716,0.296294,0.286065,948.888,2933.31,0,0
0.242142,0.295714,0.285458,774.515,0,0,0
0.167999,0.295712,0.285869,967.901,4074.09,0,0
0.204482,0.296156,0.321251,1108.08,12484.7,0,0
0.200636,0.296246,0.378869,1120.5,13230,0,0
0.171945,0.295628,0.413308,1003.52,6211.07,0,0
0.2372,0.295923,0.414992,827.519,0,0,0
0.165614,0.296006,0.414629,946.395,2783.7,0,0
0.235884,0.295099,0.414161,844.052,0,0,0
0.188145,0.295759,0.413118,1085.1,11105.7,0,0
0.254058,0.295716,0.285929,634.395,0,0,0
0.166476,0.295758,0.285743,954.328,3259.65,0,0
0.165885,0.296418,0.286365,951.552,3093.11,0,0
0.240582,0.297,0.286563,794.888,0,0,0
0.204111,0.29568,0.285587,1076.03,10562.1,0,0
0.173735,0.295144,0.322612,1053.5,9209.89,0,0
0.171925,0.296408,0.377403,1040.8,8448.09,0,0
0.20452,0.295808,0.414446,1074.75,10485,0,0
0.239622,0.296903,0.413654,803.938,0,0,0
0.166439,0.296539,0.414056,955.955,3357.29,0,0
0.194671,0.295805,0.414665,1087.38,11242.8,0,0
0.253853,0.295923,0.414159,635.062,0,0,0
0.254996,0.296987,0.285988,623.098,0,0,0
0.171721,0.297,0.286565,1000.08,6005.05,0,0
0.234489,0.295675,0.285953,860.554,0,0,0
0.165257,0.295794,0.286678,947.154,2829.21,0,0
0.180424,0.295789,0.285458,1049.76,8985.86,0,0
0.222478,0.29555,0.337636,971.682,4300.93,0,0
0.222853,0.295552,0.362017,967.523,4051.38,0,0
0.177552,0.29584,0.414084,1037.3,8237.72,0,0
0.198406,0.295764,0.414707,1085.85,11151.1,0,0
0.230896,0.295798,0.414525,895.013,0,0,0
0.193971,0.296966,0.413129,1093.33,11599.9,0,0
0.254896,0.296988,0.414148,622.418,0,0,0
0.239211,0.295715,0.286578,810.579,0,0,0
0.232962,0.297,0.286052,876.645,0,0,0
0.1842,0.295104,0.285785,1067.47,10047.9,0,0
0.200186,0.295721,0.286366,1087.84,11270.4,0,0
0.198129,0.29671,0.286201,1089.54,11372.6,0,0
0.212099,0.296983,0.338714,1059.15,9548.72,0,0
0.213246,0.296997,0.360719,1050.76,9045.49,0,0
0.198207,0.296792,0.413985,1088.96,11337.7,0,0
0.231042,0.29523,0.414124,894.69,0,0,0
0.1992,0.295106,0.413968,1087.96,11277.7,0,0
0.201528,0.295371,0.413407,1086.44,11186.4,0,0
0.240781,0.295837,0.413269,791.802,0,0,0
0.166926,0.295193,0.28591,958.828,3529.67,0,0
0.209909,0.295373,0.285586,1054.21,9252.52,0,0
0.253291,0.295715,0.286393,644.414,0,0,0
0.233137,0.296965,0.286586,876.273,0,0,0
0.209475,0.295284,0.28675,1060.63,9637.65,0,0
0.184727,0.29554,0.338038,1108.6,12515.7,0,0
0.183847,0.29549,0.361423,1105.52,12331.2,0,0
0.20966,0.295283,0.413373,1059.14,9548.56,0,0
0.230993,0.295011,0.413636,896.541,0,0,0
0.253112,0.295923,0.413711,644.763,0,0,0
0.232217,0.295055,0.413631,884.149,0,0,0
0.196641,0.297,0.414194,1089.1,11345.9,0,0
0.207294,0.295724,0.286871,1070.37,10222.3,0,0
0.248927,0.295363,0.286082,696.162,0,0,0
0.166945,0.295715,0.286316,960.706,3642.34,0,0
0.243352,0.295016,0.286793,763.462,0,0,0
0.204758,0.29546,0.287576,1081.73,10904.1,0,0
0.166259,0.296416,0.338353,985.541,5132.46,0,0
0.166284,0.296384,0.361659,986.143,5168.58,0,0
0.192614,0.295503,0.413426,1091.36,11481.6,0,0
0.238075,0.297,0.413855,820.799,0,0,0
0.224769,0.29532,0.413563,955.509,3330.53,0,0
0.243484,0.295401,0.41425,758.27,0,0,0
0.172725,0.29588,0.413324,1009.14,6548.37,0,0
0.236544,0.295588,0.2869,840.919,0,0,0
0.248917,0.295714,0.285153,694.365,0,0,0
0.207284,0.295109,0.286914,1070.44,10226.4,0,0
0.213585,0.296712,0.286595,1038.69,8321.38,0,0
0.166618,0.296986,0.286559,958.614,3516.84,0,0
0.179329,0.295898,0.319175,1089.52,11371.3,0,0
0.177571,0.295999,0.380745,1080.32,10819,0,0
0.165766,0.296963,0.413162,953.364,3201.82,0,0
0.213165,0.296631,0.413462,1040.6,8435.89,0,0
0.210234,0.295106,0.414739,1051.09,9065.65,0,0
0.244995,0.295921,0.413102,743.085,0,0,0
0.244667,0.295706,0.414216,744.553,0,0,0
0.169798,0.295894,0.285658,981.743,4904.58,0,0
0.249307,0.295714,0.285491,690.455,0,0,0
0.165584,0.295587,0.286585,949.737,2984.24,0,0
0.206182,0.295239,0.286546,1073.19,10391.2,0,0
0.200275,0.296292,0.286905,1089.8,11387.8,0,0
0.207365,0.295982,0.319267,1096.34,11780.4,0,0
0.206431,0.296162,0.380652,1100.65,12038.9,0,0
0.201209,0.295934,0.413264,1087.7,11262,0,0
0.202941,0.295326,0.413856,1081.44,10886.2,0,0
0.166393,0.295461,0.413902,956.201,3372.06,0,0
0.253438,0.295923,0.414653,639.134,0,0,0
0.166234,0.296009,0.413962,954.604,3276.24,0,0
0.232542,0.295717,0.28638,882.042,0,0,0
0.241726,0.296311,0.286506,781.768,0,0,0
0.212772,0.295726,0.285494,1039.31,8358.38,0,0
0.166125,0.295544,0.286709,955.026,3301.57,0,0
0.200122,0.296938,0.285573,1084.46,11067.4,0,0
0.182969,0.295902,0.312445,1107.12,12426.9,0,0
0.181888,0.296082,0.387414,1103.23,12194,0,0
0.200793,0.296939,0.414481,1083.32,10999,0,0
0.166359,0.295282,0.413276,958.305,3498.33,0,0
0.188721,0.295887,0.414577,1080.29,10817.3,0,0
0.240071,0.295922,0.413823,798.608,0,0,0
0.225759,0.295759,0.414847,942.594,2555.63,0,0
0.236347,0.295716,0.285076,838.19,0,0,0
0.231889,0.29541,0.28682,889.887,0,0,0
0.185337,0.296935,0.285007,1067.99,10079.2,0,0
0.23696,0.296987,0.286706,835.714,0,0,0
0.191508,0.296828,0.285202,1083.57,11014.4,0,0
0.174555,0.29625,0.311539,1061.09,9665.53,0,0
0.173052,0.296041,0.388662,1051.38,9082.93,0,0
0.189321,0.296828,0.413075,1087.73,11263.9,0,0
0.18689,0.295282,0.414108,1077.59,10655.5,0,0
0.188666,0.295062,0.413011,1086.59,11195.6,0,0
0.229389,0.295318,0.413599,912.596,755.753,0,0
0.232945,0.295925,0.413371,877.482,0,0,0
0.166643,0.296934,0.286927,960.255,3615.31,0,0
0.252756,0.296934,0.286815,651.402,0,0,0
0.165524,0.296664,0.286966,950.553,3033.19,0,0
0.221442,0.295759,0.285444,980.703,4842.15,0,0
0.17846,0.296619,0.286061,1041.99,8519.44,0,0
0.206166,0.295883,0.31682,1102.91,12174.9,0,0
0.20573,0.296065,0.383094,1104.74,12284.4,0,0
0.18321,0.29662,0.414356,1063.83,9829.79,0,0
0.215001,0.295938,0.413805,1028.49,7709.58,0,0
0.166465,0.296863,0.413712,957.463,3447.76,0,0
0.25189,0.296965,0.413326,659.998,0,0,0
0.166609,0.296704,0.413763,958.563,3513.76,0,0
0.24342,0.29686,0.285474,759.658,0,0,0
0.215957,0.295763,0.286742,1024.75,7484.85,0,0
0.208122,0.295725,0.286216,1064.58,9874.94,0,0
0.217064,0.295418,0.286256,1015.68,6940.54,0,0
0.191671,0.295326,0.286838,1090.83,11449.5,0,0
0.210112,0.295916,0.310254,1085.54,11132.6,0,0
0.210263,0.295984,0.389892,1084.57,11074.4,0,0
0.192481,0.295414,0.413394,1091.34,11480.6,0,0
0.219152,0.295589,0.413331,1001.79,6107.37,0,0
0.177366,0.295922,0.414638,1033.83,8029.61,0,0
0.224695,0.29589,0.414872,951.887,3113.22,0,0
0.242328,0.296825,0.414587,770.751,0,0,0
0.247278,0.295016,0.285844,715.222,0,0,0
0.168195,0.29662,0.286241,970.962,4257.74,0,0
0.24009,0.295673,0.286034,799.347,0,0,0
0.166442,0.296209,0.285012,950.976,3058.58,0,0
0.197723,0.296938,0.286573,1091.29,11477.7,0,0
0.177406,0.295856,0.310328,1079.11,10746.8,0,0
0.176533,0.296036,0.389669,1074.67,10479.9,0,0
0.19664,0.296905,0.413624,1091.46,11487.3,0,0
0.193393,0.29593,0.41321,1092.9,11573.8,0,0
0.247993,0.295663,0.413251,707.113,0,0,0
0.165086,0.296538,0.413413,946.406,2784.39,0,0
0.246901,0.296965,0.414117,718.239,0,0,0
0.226084,0.297,0.286578,944.963,2697.79,0,0
0.166859,0.296863,0.286468,960.396,3623.78,0,0
0.232423,0.295717,0.28509,879.461,0,0,0
0.254935,0.295717,0.286155,624.263,0,0,0
0.182154,0.296621,0.285339,1057.21,9432.5,0,0
0.193808,0.29697,0.326161,1127.06,13623.7,0,0
0.20442,0.295053,0.373832,1106.1,12365.9,0,0
0.184989,0.296578,0.414993,1067.66,10059.8,0,0
0.254607,0.295577,0.413943,626.374,0,0,0
0.227777,0.295845,0.413693,927.826,1669.54,0,0
0.180478,0.296702,0.413158,1056.63,9397.61,0,0
0.233985,0.295099,0.413844,865.193,0,0,0
0.198617,0.295016,0.286236,1089.18,11351.1,0,0
0.206998,0.296377,0.285648,1066.74,10004.3,0,0
0.238393,0.295364,0.286379,819.213,0,0,0
0.239276,0.295103,0.285601,807.315,0,0,0
0.165918,0.295457,0.285471,948.264,2895.85,0,0
0.199996,0.295998,0.32912,1119.16,13149.8,0,0
0.201884,0.296098,0.370993,1114.14,12848.1,0,0
0.166815,0.29546,0.414321,958.187,3491.23,0,0
0.238661,0.296965,0.414588,812.32,0,0,0
0.236787,0.295621,0.41387,835.103,0,0,0
0.21598,0.295938,0.41491,1018.12,7087.12,0,0
0.225826,0.296872,0.413362,946.631,2797.84,0,0
0.166805,0.296785,0.286389,959.651,3579.08,0,0
0.166972,0.295413,0.286821,962.853,3771.16,0,0
0.168546,0.295013,0.285346,970.134,4208.02,0,0
0.224398,0.295681,0.285879,957.784,3467.04,0,0
0.197876,0.295721,0.286386,1090.63,11437.6,0,0
0.165149,0.296764,0.329181,978.129,4687.75,0,0
0.165293,0.29648,0.371536,980.56,4833.63,0,0
0.197822,0.295849,0.413905,1089.79,11387.1,0,0
0.178595,0.295962,0.414208,1042.63,8557.87,0,0
0.16781,0.295059,0.414569,965.546,3932.75,0,0
0.166068,0.295372,0.413951,953.125,3187.52,0,0
0.1653,0.296745,0.413636,947.437,2846.24,0,0
0.165593,0.295796,0.285881,947.072,2824.34,0,0
0.183043,0.29633,0.285282,1060.8,9648.19,0,0
0.225835,0.295682,0.286981,948.566,2913.93,0,0
0.2369,0.296987,0.285234,832.467,0,0,0
0.186993,0.296664,0.285967,1077.48,10648.8,0,0
0.165662,0.296996,0.33391,981.101,4866.06,0,0
0.165962,0.296987,0.366804,984.754,5085.25,0,0
0.193693,0.296904,0.414666,1086.76,11205.7,0,0
0.240066,0.296965,0.414499,796.784,0,0,0
0.213368,0.295896,0.41389,1037.98,8278.63,0,0
0.165742,0.296218,0.414772,946.921,2815.25,0,0
0.165994,0.295971,0.413404,954.669,3280.14,0,0
0.168823,0.295235,0.28647,977.073,4624.37,0,0
0.24759,0.295232,0.285453,710.729,0,0,0
0.238748,0.296862,0.286899,816.386,0,0,0
0.165911,0.295058,0.28693,953.855,3231.31,0,0
0.17995,0.295453,0.286646,1052.38,9143.09,0,0
0.219768,0.296102,0.335699,998.778,5926.68,0,0
0.219965,0.296278,0.36401,996.574,5794.46,0,0
0.179408,0.295415,0.413066,1051.65,9099.29,0,0
0.16512,0.296986,0.414373,942.799,2567.95,0,0
0.243638,0.296902,0.414656,755.389,0,0,0
0.245045,0.29514,0.414879,738.468,0,0,0
0.165316,0.295504,0.413384,948.645,2918.72,0,0
0.214209,0.296968,0.285255,1029.93,7795.85,0,0
0.245137,0.29631,0.285117,738.906,0,0,0
0.17386,0.295751,0.286976,1017.22,7033.31,0,0
0.165132,0.29567,0.285456,941.183,2470.97,0,0
0.185603,0.295541,0.287872,1080.94,10856.5,0,0
0.165383,0.295575,0.324037,982.75,4964.98,0,0
0.165154,0.295676,0.37603,981.337,4880.21,0,0
0.186046,0.295545,0.412442,1081.9,10913.9,0,0
0.166707,0.295762,0.413508,960.522,3631.34,0,0
0.24634,0.295401,0.414352,724.492,0,0,0
0.247168,0.29592,0.414793,713.729,0,0,0
0.216783,0.295059,0.414362,1014.76,6885.81,0,0
0.1653,0.296987,0.285218,941.522,2491.34,0,0
0.187711,0.296046,0.285575,1077.85,10671.3,0,0
0.239179,0.296312,0.285324,807.738,0,0,0
0.165014,0.295148,0.286299,943.386,2603.14,0,0
0.178033,0.296963,0.290173,1054.59,9275.51,0,0
0.212248,0.296053,0.33255,1060.95,9656.87,0,0
0.211923,0.296678,0.368096,1063.22,9792.99,0,0
0.180191,0.296934,0.410236,1065.75,9944.74,0,0
0.166636,0.297,0.414224,956.897,3413.82,0,0
0.250684,0.295921,0.41365,674.096,0,0,0
0.191197,0.295929,0.41455,1084.95,11097.2,0,0
0.165244,0.296863,0.414891,941.816,2508.95,0,0
0.23156,0.295717,0.28518,888.474,0,0,0
0.201665,0.295105,0.286392,1085.15,11108.8,0,0
0.218347,0.295461,0.285604,1004.45,6267.03,0,0
0.176499,0.295789,0.286835,1033.83,8030.06,0,0
0.195547,0.296374,0.289007,1101.23,12073.8,0,0
0.167285,0.296798,0.324363,1000.25,6014.9,0,0
0.166687,0.296993,0.376189,995.668,5740.06,0,0
0.198921,0.296625,0.410831,1099.87,11992,0,0
0.16673,0.296006,0.414636,956.179,3370.75,0,0
0.166206,0.295635,0.413327,956.828,3409.67,0,0
0.166119,0.295103,0.414052,953.103,3186.17,0,0
0.231637,0.295925,0.414774,886.803,0,0,0
0.239004,0.296312,0.285979,811.406,0,0,0
0.166049,0.295757,0.286849,954.912,3294.7,0,0
0.247672,0.295146,0.286441,711.795,0,0,0
0.229009,0.295719,0.285352,914.058,843.505,0,0
0.182957,0.295539,0.291557,1083.19,10991.6,0,0
0.206544,0.297,0.319618,1099.85,11990.8,0,0
0.205365,0.296165,0.380323,1105.17,12310.3,0,0
0.178822,0.295586,0.408002,1065.49,9929.14,0,0
0.186249,0.295966,0.414023,1076.15,10568.8,0,0
0.244881,0.295141,0.413505,743.503,0,0,0
0.208916,0.295636,0.414833,1056.87,9412.39,0,0
0.226439,0.29593,0.414051,939.104,2346.25,0,0
0.249531,0.296351,0.286899,690.469,0,0,0
0.208618,0.295761,0.285189,1058.4,9504.29,0,0
0.19843,0.295759,0.286837,1091.94,11516.3,0,0
0.190335,0.295828,0.285403,1082.82,10969.1,0,0
0.210041,0.296988,0.286167,1055.68,9341.09,0,0
0.195063,0.296045,0.320745,1128.58,13715,0,0
0.194631,0.296189,0.378993,1128.92,13735.1,0,0
0.209964,0.29694,0.413843,1055.83,9349.99,0,0
0.195192,0.295968,0.414465,1088.35,11301.1,0,0
0.211191,0.295937,0.413673,1050.63,9037.79,0,0
0.215982,0.295938,0.413495,1023.33,7399.92,0,0
0.252609,0.296527,0.413008,651.944,0,0,0
0.229687,0.296785,0.286276,910.221,613.246,0,0
0.207503,0.296752,0.286814,1069.2,10151.9,0,0
0.222633,0.295724,0.286352,974.202,4452.1,0,0
0.195888,0.295061,0.286508,1091.88,11513,0,0
0.174636,0.296576,0.286717,1021.37,7282.26,0,0
0.207469,0.296978,0.312066,1098.33,11899.9,0,0
0.207907,0.296992,0.387974,1096.17,11770.1,0,0
0.17169,0.296532,0.414186,998.002,5880.09,0,0
0.213338,0.296968,0.413649,1038.82,8329.23,0,0
0.209182,0.296671,0.414329,1057.64,9458.33,0,0
0.185889,0.296987,0.414155,1074.23,10454.1,0,0
0.232387,0.296868,0.413157,883.668,0,0,0
0.165564,0.295796,0.286022,947.376,2842.58,0,0
0.197446,0.295591,0.285933,1089.06,11343.3,0,0
0.177592,0.29637,0.28625,1037.93,8275.53,0,0
0.254956,0.296987,0.285468,622.664,0,0,0
0.184026,0.295713,0.28652,1070.04,10202.4,0,0
0.174003,0.2956,0.308467,1056.68,9401.04,0,0
0.173221,0.295562,0.391647,1052.02,9120.99,0,0
0.17722,0.295756,0.41313,1039.29,8357.17,0,0
0.254639,0.296988,0.414547,624.787,0,0,0
0.173446,0.296532,0.413564,1013.2,6792.07,0,0
0.166639,0.295634,0.413994,958.002,3480.12,0,0
0.167691,0.295966,0.413789,967.873,4072.39,0,0
0.234208,0.295717,0.286791,865.763,0,0,0
0.166134,0.295797,0.285753,951.368,3082.08,0,0
0.165514,0.295794,0.28528,943.903,2634.19,0,0
0.229127,0.295192,0.285336,912.795,767.681,0,0
0.20663,0.295373,0.286473,1071.33,10280,0,0
0.208781,0.296602,0.317171,1090.02,11401.1,0,0
0.207779,0.296604,0.38268,1095,11700.3,0,0
0.206767,0.295416,0.413518,1070.81,10248.4,0,0
0.242197,0.295184,0.414726,771.957,0,0,0
0.166846,0.295967,0.414843,956.316,3378.96,0,0
0.199989,0.295934,0.413935,1087.14,11228.3,0,0
0.243619,0.295921,0.414014,757.28,0,0,0
0.222623,0.296328,0.286467,974.629,4477.75,0,0
0.249748,0.296311,0.28587,685.944,0,0,0
0.254717,0.296823,0.285544,625.701,0,0,0
0.165106,0.296334,0.28659,945.419,2725.16,0,0
0.171454,0.295788,0.286236,996.937,5816.2,0,0
0.208815,0.29522,0.309841,1092.39,11543.7,0,0
0.205998,0.295306,0.389946,1105.36,12321.4,0,0
0.169555,0.295962,0.413423,984.679,5080.75,0,0
0.16634,0.296008,0.413187,958.557,3513.43,0,0
0.254025,0.296867,0.414558,632.152,0,0,0
0.249462,0.295921,0.414215,687.655,0,0,0
0.167403,0.296986,0.413619,965.89,3953.42,0,0
0.165952,0.295103,0.285122,947.015,2820.92,0,0
0.221345,0.296792,0.285051,979.889,4793.32,0,0
0.227628,0.295635,0.28616,929.656,1779.35,0,0
0.165231,0.296497,0.285188,940.916,2454.94,0,0
0.166266,0.296963,0.285654,951.928,3115.68,0,0
0.207522,0.296377,0.314073,1097.66,11859.9,0,0
0.20678,0.29619,0.385891,1101.09,12065.1,0,0
0.166901,0.296863,0.413898,960.518,3631.09,0,0
0.165451,0.29658,0.414279,946.294,2777.65,0,0
0.23157,0.295669,0.413065,892.431,0,0,0
0.213006,0.296797,0.41457,1037.29,8237.68,0,0
0.170577,0.295324,0.41422,989.422,5365.32,0,0
0.165616,0.295795,0.285408,945.345,2720.7,0,0
0.1658,0.295237,0.28641,950.926,3055.54,0,0
0.180143,0.295711,0.285391,1048.06,8883.8,0,0
0.216746,0.295063,0.286695,1019.25,7154.78,0,0
0.181242,0.295497,0.286319,1057.36,9441.47,0,0
0.20911,0.296156,0.329409,1082.12,10927.3,0,0
0.199964,0.295776,0.369382,1118.83,13130,0,0
0.181691,0.295544,0.413968,1059.08,9544.89,0,0
0.192509,0.295104,0.413934,1089.05,11343.1,0,0
0.203525,0.29597,0.414347,1077.99,10679.3,0,0
0.16563,0.295104,0.413928,949.25,2955.02,0,0
0.249594,0.295226,0.413508,687.382,0,0,0
0.223523,0.297,0.286998,968.636,4118.14,0,0
0.16636,0.295103,0.285984,954.16,3249.61,0,0
0.166592,0.295797,0.286669,959.011,3540.68,0,0
0.205297,0.295723,0.286301,1075.32,10519.2,0,0
0.198448,0.296294,0.28698,1092.45,11547,0,0
0.168078,0.295493,0.332278,1004.38,6263.03,0,0
0.165424,0.295551,0.367874,980.234,4814.06,0,0
0.200632,0.295894,0.413064,1089.54,11372.3,0,0
0.21368,0.295853,0.414461,1034.01,8040.63,0,0
0.16863,0.295962,0.414916,971.026,4261.59,0,0
0.165702,0.295503,0.414905,945.995,2759.7,0,0
0.242511,0.296965,0.413808,770.473,0,0,0
0.249011,0.295714,0.286776,696.513,0,0,0
0.166409,0.296746,0.286578,956.929,3415.77,0,0
0.243055,0.295146,0.285344,763.616,0,0,0
0.223564,0.296663,0.285922,964.932,3895.91,0,0
0.212035,0.295505,0.290001,1058.06,9483.82,0,0
0.166003,0.296931,0.329268,986.237,5174.25,0,0
0.165237,0.296474,0.372098,980.278,4816.66,0,0
0.211971,0.295459,0.410033,1058.04,9482.22,0,0
0.165758,0.296786,0.414457,948.248,2894.89,0,0
0.24748,0.295009,0.414216,711.183,0,0,0
0.23388,0.295924,0.413947,866.128,0,0,0
0.245869,0.295921,0.413219,732.502,0,0,0
0.166495,0.296705,0.286324,956.709,3402.52,0,0
0.174418,0.296369,0.285093,1013.12,6787.11,0,0
0.175308,0.295366,0.285391,1020.26,7215.68,0,0
0.244872,0.295714,0.286531,745.219,0,0,0
0.205229,0.296376,0.292106,1093.41,11604.7,0,0
0.165059,0.296463,0.340232,973.411,4404.69,0,0
0.165611,0.296427,0.361838,979.734,4784.06,0,0
0.206579,0.295934,0.408211,1087.83,11269.6,0,0
0.243197,0.295921,0.413636,763.06,0,0,0
0.166146,0.295283,0.413336,956.204,3372.24,0,0
0.165688,0.296539,0.414354,948.119,2887.17,0,0
0.166439,0.296825,0.413038,959.831,3589.88,0,0
0.253816,0.295542,0.285446,636.406,0,0,0
0.244142,0.296777,0.286118,752.78,0,0,0
0.253274,0.295542,0.285984,643.892,0,0,0
0.192141,0.296903,0.286134,1088.38,11303,0,0
0.178463,0.295668,0.293772,1067.12,10027.3,0,0
0.217488,0.29522,0.334715,1019.43,7165.97,0,0
0.217818,0.295382,0.36517,1016.4,6983.86,0,0
0.180463,0.295672,0.406338,1078.25,10695,0,0
0.22343,0.295891,0.413277,968.014,4080.83,0,0
0.253768,0.29549,0.414289,635.825,0,0,0
0.247018,0.296698,0.413654,717.881,0,0,0
0.242511,0.295663,0.413287,771.798,0,0,0
0.217538,0.295685,0.286133,1012.04,6722.36,0,0
0.251126,0.295715,0.286896,671.309,0,0,0
0.202542,0.296967,0.286197,1082.36,10941.7,0,0
0.215701,0.295727,0.2859,1023.41,7404.51,0,0
0.181409,0.295194,0.296785,1088.3,11298.2,0,0
0.175099,0.295999,0.341061,1057.95,9477.06,0,0
0.166596,0.296469,0.358373,988.187,5291.24,0,0
0.18663,0.295106,0.40383,1107.47,12448,0,0
0.218721,0.295895,0.413759,1003.52,6211.45,0,0
0.185232,0.296987,0.41437,1071.15,10268.8,0,0
0.249964,0.295879,0.414908,680.207,0,0,0
0.166621,0.295677,0.41306,961.49,3689.38,0,0
0.222542,0.295062,0.285796,972.963,4377.77,0,0
0.246824,0.295628,0.285193,719.264,0,0,0
0.211852,0.296377,0.285711,1045.08,8704.6,0,0
0.166802,0.29515,0.286341,959.455,3567.32,0,0
0.187068,0.296379,0.298208,1111.53,12691.5,0,0
0.17227,0.29601,0.33402,1038.92,8335.29,0,0
0.170305,0.295965,0.366082,1023.59,7415.37,0,0
0.188384,0.29597,0.401912,1115.28,12917,0,0
0.166242,0.295059,0.414822,951.003,3060.18,0,0
0.166593,0.296539,0.413935,957.784,3467.02,0,0
0.254146,0.29549,0.414837,630.267,0,0,0
0.221142,0.295147,0.414614,982.085,4925.12,0,0
0.243773,0.29631,0.285603,755.985,0,0,0
0.188593,0.295588,0.286979,1085.89,11153.3,0,0
0.243645,0.295714,0.285565,757.41,0,0,0
0.185675,0.295369,0.285965,1073.5,10409.8,0,0
0.165106,0.295791,0.296121,971.637,4298.21,0,0
0.166711,0.295682,0.335434,990.76,5445.61,0,0
0.165194,0.295688,0.364812,976.772,4606.31,0,0
0.165044,0.295926,0.40376,972.455,4347.27,0,0
0.183951,0.295326,0.413882,1068.8,10128,0,0
0.247466,0.295748,0.413996,711.927,0,0,0
0.181646,0.295587,0.414859,1054.99,9299.17,0,0
0.241825,0.295921,0.414329,777.32,0,0,0
0.185297,0.296705,0.286235,1073.31,10398.8,0,0
0.24015,0.295541,0.285389,797.011,0,0,0
0.16558,0.295193,0.285038,943.384,2603.03,0,0
0.166386,0.296986,0.28688,957.809,3468.53,0,0
0.210944,0.29639,0.299432,1079.12,10747.4,0,0
0.209143,0.295834,0.315108,1089.12,11347,0,0
0.207621,0.295928,0.384686,1096.71,11802.8,0,0
0.211186,0.296601,0.400593,1077.51,10650.4,0,0
0.166394,0.297,0.413198,958.817,3529.04,0,0
0.221264,0.295059,0.414175,982.648,4958.9,0,0
0.234554,0.295493,0.413104,861.197,0,0,0
0.179032,0.296824,0.413537,1047.65,8858.76,0,0
0.241162,0.297,0.285887,786.669,0,0,0
0.188575,0.295715,0.28599,1081.78,10907,0,0
0.16669,0.295797,0.285857,956.661,3399.67,0,0
0.184889,0.296964,0.285478,1068.55,10112.9,0,0
0.204817,0.295328,0.29184,1094.11,11646.8,0,0
0.182813,0.296081,0.335807,1101.78,12106.8,0,0
0.181252,0.296084,0.364295,1095.16,11709.8,0,0
0.205719,0.295415,0.408488,1090.28,11417.1,0,0
0.185563,0.296902,0.414903,1069.9,10194,0,0
0.174758,0.295839,0.41357,1022.14,7328.64,0,0
0.193949,0.295762,0.413742,1091.05,11463.1,0,0
0.238217,0.296987,0.414424,817.7,0,0,0
0.170267,0.295749,0.286246,987.853,5271.2,0,0
0.16643,0.29537,0.286079,955.23,3313.79,0,0
0.235185,0.295631,0.285893,852.989,0,0,0
0.194232,0.29515,0.285227,1086.2,11171.9,0,0
0.194285,0.296293,0.295466,1117.66,13059.5,0,0
0.166926,0.29589,0.316154,999.887,5993.23,0,0
0.166345,0.296074,0.383344,995.342,5720.51,0,0
0.193262,0.295968,0.404337,1118.07,13084.1,0,0
0.165306,0.295327,0.413894,946.537,2792.21,0,0
0.239143,0.295664,0.413455,809.971,0,0,0
0.166248,0.295239,0.413089,958.024,3481.43,0,0
0.16924,0.295881,0.413783,980.709,4842.57,0,0
0.166054,0.296294,0.285516,949.667,2979.99,0,0
0.245911,0.295713,0.285399,730.508,0,0,0
0.166588,0.296581,0.286715,959.074,3544.47,0,0
0.213648,0.295726,0.286399,1037.74,8264.57,0,0
0.174684,0.296963,0.286331,1020.01,7200.48,0,0
0.209805,0.295829,0.307454,1087.66,11259.6,0,0
0.210155,0.295884,0.39278,1085.62,11137.5,0,0
0.17466,0.296933,0.413803,1020.35,7220.91,0,0
0.167053,0.295761,0.413652,962.96,3777.58,0,0
0.165828,0.296042,0.413306,953.566,3213.96,0,0
0.242475,0.295921,0.41493,768.322,0,0,0
0.208163,0.295895,0.414317,1062.21,9732.41,0,0
0.233944,0.296782,0.286477,867.595,0,0,0
0.244673,0.296963,0.285067,744.057,0,0,0
0.249223,0.295714,0.286154,692.801,0,0,0
0.225856,0.295195,0.286905,948.063,2883.79,0,0
0.180777,0.295789,0.285002,1049.44,8966.66,0,0
0.199669,0.295226,0.314768,1124.22,13452.9,0,0
0.20139,0.295273,0.385414,1120.38,13222.8,0,0
0.179985,0.295923,0.414873,1047,8820.05,0,0
0.204994,0.295591,0.413194,1078.22,10693,0,0
0.244211,0.295836,0.41448,749.285,0,0,0
0.248582,0.296741,0.41459,697.285,0,0,0
0.236348,0.296966,0.413211,841.418,0,0,0
0.196418,0.296938,0.285944,1089.39,11363.2,0,0
0.241398,0.29532,0.286631,785.793,0,0,0
0.165226,0.295412,0.285086,940.456,2427.34,0,0
0.166248,0.295833,0.286573,955.62,3337.18,0,0
0.179203,0.296863,0.285239,1042.38,8542.5,0,0
0.180793,0.295246,0.306622,1095.92,11755.4,0,0
0.180342,0.295024,0.393262,1094.5,11670.1,0,0
0.182725,0.296864,0.413125,1066.92,10015.1,0,0
0.166449,0.296008,0.413338,958.939,3536.34,0,0
0.210924,0.295282,0.41431,1049.47,8968.07,0,0
0.240238,0.295358,0.413508,797.404,0,0,0
0.206665,0.29694,0.413263,1071.99,10319.6,0,0
0.166441,0.295325,0.285965,954.864,3291.81,0,0
0.166905,0.295795,0.287,954.95,3296.99,0,0
0.165496,0.295795,0.286976,950.435,3026.1,0,0
0.166384,0.296252,0.285508,952.549,3152.92,0,0
0.165733,0.296785,0.285761,947.707,2862.39,0,0
0.173651,0.29669,0.307853,1053.9,9233.73,0,0
0.172208,0.296729,0.392316,1044.24,8654.6,0,0
0.174032,0.296742,0.414696,1012.41,6744.57,0,0
0.187697,0.295966,0.41486,1076.55,10592.8,0,0
0.166762,0.295677,0.413915,959.398,3563.9,0,0
0.166953,0.295969,0.413092,964.267,3856,0,0
0.176835,0.295237,0.413815,1034.12,8047.32,0,0
0.212983,0.295196,0.285933,1039.73,8383.62,0,0
0.195244,0.296375,0.286892,1093.54,11612.2,0,0
0.172723,0.29571,0.286963,1009.17,6549.93,0,0
0.247427,0.295714,0.286836,715.56,0,0,0
0.198714,0.295634,0.2868,1091.49,11489.4,0,0
0.168718,0.296064,0.313726,1016.09,6965.16,0,0
0.169692,0.296092,0.385974,1025.18,7511.1,0,0
0.198744,0.295636,0.413336,1091.18,11470.8,0,0
0.244334,0.295921,0.413351,750.364,0,0,0
0.194901,0.295762,0.414037,1090.14,11408.4,0,0
0.194122,0.295968,0.413225,1093.24,11594.3,0,0
0.235513,0.295185,0.413368,850.182,0,0,0
0.231732,0.295588,0.286104,889.512,0,0,0
0.252784,0.295715,0.285332,648.558,0,0,0
0.240226,0.295714,0.28537,796.119,0,0,0
0.252976,0.295715,0.285925,647.376,0,0,0
0.166701,0.295234,0.290561,973.006,4380.37,0,0
0.173311,0.296739,0.331237,1047.53,8851.98,0,0
0.167782,0.296705,0.369211,1002.74,6164.69,0,0
0.166026,0.295368,0.40931,968.604,4116.22,0,0
0.253953,0.295923,0.413873,634.365,0,0,0
0.234071,0.295924,0.413254,865.984,0,0,0
0.251921,0.295837,0.414578,657.464,0,0,0
0.166176,0.295847,0.413041,957.661,3459.68,0,0
0.240965,0.296311,0.285797,788.809,0,0,0
0.253903,0.295453,0.286176,636.666,0,0,0
0.24768,0.295319,0.286709,712.256,0,0,0
0.166854,0.295796,0.28566,957.285,3437.13,0,0
0.178733,0.295014,0.293476,1067.75,10064.8,0,0
0.21883,0.295053,0.343926,1003.87,6232.14,0,0
0.219082,0.295277,0.355362,1001.42,6085.35,0,0
0.178321,0.295016,0.406266,1067.01,10020.4,0,0
0.166921,0.296008,0.414319,959.143,3548.61,0,0
0.236886,0.295447,0.414469,832.391,0,0,0
0.254052,0.29549,0.413685,633.471,0,0,0
0.234808,0.296572,0.414958,853.323,0,0,0
0.166474,0.295325,0.286947,958.971,3538.23,0,0
0.211626,0.295762,0.2861,1047.78,8866.86,0,0
0.201394,0.296377,0.285882,1083.71,11022.8,0,0
0.184065,0.296413,0.286787,1071.24,10274.5,0,0
0.178834,0.295896,0.295794,1073.56,10413.9,0,0
0.22503,0.296397,0.341664,943.362,2601.72,0,0
0.225215,0.296473,0.357819,941.01,2460.58,0,0
0.179401,0.295964,0.404225,1077.46,10647.8,0,0
0.182119,0.296,0.413092,1064.63,9878.09,0,0
0.174409,0.296575,0.413461,1020.19,7211.24,0,0
0.212156,0.295937,0.413806,1045.05,8703.19,0,0
0.210663,0.29546,0.413651,1053.33,9199.63,0,0
0.165297,0.296623,0.285379,942.27,2536.22,0,0
0.206272,0.295724,0.285867,1070.3,10218.3,0,0
0.230229,0.295718,0.286562,905.863,351.757,0,0
0.166487,0.295588,0.286273,956.537,3392.2,0,0
0.211356,0.295765,0.295806,1073.18,10390.6,0,0
0.202406,0.296706,0.326756,1113.12,12787.4,0,0
0.19743,0.295964,0.373854,1125.08,13504.9,0,0
0.208382,0.295938,0.403997,1088.11,11286.7,0,0
0.165332,0.295548,0.413811,947.146,2828.77,0,0
0.220547,0.295893,0.413623,990.278,5416.7,0,0
0.217328,0.295853,0.414578,1010.4,6624.1,0,0
0.166318,0.296539,0.413038,958.848,3530.9,0,0
0.166815,0.296824,0.286846,961.483,3688.99,0,0
0.218502,0.296834,0.286064,1004.86,6291.64,0,0
0.251476,0.295541,0.285016,663.541,0,0,0
0.166519,0.295457,0.28633,957.018,3421.1,0,0
0.199891,0.295683,0.299523,1119.34,13160.2,0,0
0.192229,0.29642,0.34602,1122.76,13365.7,0,0
0.196322,0.2965,0.354539,1121.83,13310,0,0
0.191654,0.295682,0.399418,1123.84,13430.4,0,0
0.166957,0.295459,0.414923,956.895,3413.68,0,0
0.250547,0.295619,0.414961,673.113,0,0,0
0.166104,0.296986,0.414603,950.647,3038.82,0,0
0.16669,0.296785,0.413017,962.12,3727.2,0,0
0.217037,0.296376,0.286189,1015.63,6937.58,0,0
0.247749,0.29635,0.285141,708.183,0,0,0
0.253041,0.295147,0.285795,646.283,0,0,0
0.173861,0.295366,0.28675,1016.29,6977.1,0,0
0.181774,0.295761,0.302517,1097.72,11863.1,0,0
0.191068,0.295497,0.336413,1123.19,13391.5,0,0
0.190486,0.295041,0.363654,1122.57,13354.4,0,0
0.182993,0.29581,0.397415,1103.75,12224.7,0,0
0.165641,0.295417,0.413158,952.409,3144.53,0,0
0.252613,0.295357,0.414148,649.937,0,0,0
0.24727,0.29592,0.41497,712.113,0,0,0
0.165615,0.296008,0.413892,949.385,2963.11,0,0
0.167204,0.295714,0.286359,963.111,3786.64,0,0
0.247306,0.295713,0.285675,714.64,0,0,0
0.180938,0.295539,0.28569,1053.25,9195.11,0,0
0.185594,0.296987,0.285185,1069.64,10178.4,0,0
0.166873,0.295241,0.29951,992.871,5572.27,0,0
0.184921,0.295953,0.341296,1108.77,12526.1,0,0
0.173238,0.296198,0.358451,1044.7,8681.81,0,0
0.166831,0.295245,0.400397,993.74,5624.4,0,0
0.183677,0.297,0.413049,1071.06,10263.7,0,0
0.205282,0.295591,0.413768,1075.08,10504.9,0,0
0.251549,0.295922,0.413914,663.2,0,0,0
0.165863,0.295806,0.413703,952.349,3140.95,0,0
0.190369,0.296707,0.286204,1086.2,11172.2,0,0
0.197279,0.295759,0.285762,1088.45,11307,0,0
0.251426,0.296312,0.285936,665.976,0,0,0
0.166385,0.296582,0.286351,955.884,3353.06,0,0
0.193567,0.295244,0.302332,1126.31,13578.6,0,0
0.178278,0.295701,0.312927,1084.4,11064,0,0
0.177144,0.295617,0.387154,1078.58,10714.7,0,0
0.19382,0.2952,0.397634,1126.83,13609.8,0,0
0.165883,0.296704,0.413924,951.535,3092.08,0,0
0.252411,0.295922,0.414079,652.535,0,0,0
0.218373,0.295937,0.413458,1007.06,6423.64,0,0
0.22196,0.296584,0.413715,978.698,4721.85,0,0
0.16949,0.296986,0.285537,978.572,4714.34,0,0
0.22334,0.295723,0.285624,965.905,3954.33,0,0
0.165634,0.296335,0.286511,949.891,2993.46,0,0
0.16504,0.296664,0.285445,940.208,2412.46,0,0
0.20815,0.295682,0.293917,1085.9,11153.7,0,0
0.166143,0.296319,0.335882,985.221,5113.27,0,0
0.18304,0.295032,0.362835,1102.5,12149.7,0,0
0.207811,0.295636,0.406243,1086.96,11217.4,0,0
0.166962,0.296498,0.41465,958.065,3483.9,0,0
0.200634,0.29597,0.414813,1082.38,10942.7,0,0
0.22509,0.29589,0.41385,951.846,3110.76,0,0
0.20851,0.296713,0.413192,1064.92,9895.46,0,0
0.193043,0.296416,0.285807,1088.04,11282.2,0,0
0.176917,0.296823,0.286175,1033.52,8010.94,0,0
0.252582,0.295715,0.28505,650.412,0,0,0
0.18242,0.295753,0.285582,1059.53,9572.01,0,0
0.209896,0.295065,0.295959,1080.84,10850.2,0,0
0.179185,0.295989,0.321061,1088.33,11300,0,0
0.174136,0.296128,0.379874,1057.92,9475.11,0,0
0.210576,0.295018,0.404261,1076.85,10610.9,0,0
0.16544,0.296006,0.413304,950.098,3005.86,0,0
0.251293,0.295923,0.41302,667.85,0,0,0
0.198108,0.296584,0.414277,1087.89,11273.6,0,0
0.18391,0.295965,0.414037,1068.05,10083.3,0,0
0.239479,0.295715,0.286723,807.897,0,0,0
0.251617,0.295629,0.285233,662.317,0,0,0
0.246028,0.295713,0.285877,730.205,0,0,0
0.166832,0.295544,0.286963,962.199,3731.92,0,0
0.204552,0.295636,0.285259,1073.37,10402.5,0,0
0.207886,0.295705,0.306362,1097.23,11834.1,0,0
0.210127,0.295701,0.394289,1085.76,11145.8,0,0
0.204292,0.295635,0.414838,1073.76,10425.5,0,0
0.165848,0.295635,0.413976,951.119,3067.16,0,0
0.233092,0.29584,0.413689,875.084,0,0,0
0.251526,0.295489,0.414892,661.532,0,0,0
0.241397,0.295923,0.413062,785.183,0,0,0
0.211767,0.295683,0.285407,1044.36,8661.71,0,0
0.201037,0.295679,0.285261,1081.8,10907.7,0,0
0.166368,0.296705,0.285637,952.843,3170.56,0,0
0.19496,0.295676,0.285262,1086.71,11202.4,0,0
0.17732,0.296934,0.285246,1031.87,7911.93,0,0
0.199527,0.295847,0.31369,1124.78,13487.1,0,0
0.198854,0.295856,0.386161,1126.2,13572,0,0
0.177197,0.296899,0.414714,1032.31,7938.72,0,0
0.166197,0.295846,0.414433,952.369,3142.13,0,0
0.170817,0.296574,0.41326,995.135,5708.12,0,0
0.251778,0.295097,0.413165,661.674,0,0,0
0.232628,0.295492,0.414282,878.162,0,0,0
0.214892,0.295551,0.28563,1027.45,7646.7,0,0
0.233279,0.297,0.285112,870.599,0,0,0
0.169474,0.295454,0.286981,984.403,5064.2,0,0
0.166152,0.2955,0.285311,949.677,2980.6,0,0
0.202885,0.295723,0.286604,1083.36,11001.7,0,0
0.167277,0.295242,0.303932,1000.83,6049.73,0,0
0.165905,0.295244,0.396563,989.159,5349.54,0,0
0.200799,0.295934,0.413465,1087.68,11260.7,0,0
0.183159,0.295326,0.414932,1061.09,9665.16,0,0
0.169462,0.295413,0.413133,985.016,5100.97,0,0
0.226646,0.296939,0.414205,936.534,2192.03,0,0
0.217718,0.295503,0.413753,1010.66,6639.46,0,0
0.210652,0.295284,0.286747,1055.03,9301.68,0,0
0.18907,0.295014,0.286432,1084.59,11075.3,0,0
0.217365,0.295107,0.285621,1011.26,6675.89,0,0
0.16649,0.295414,0.286958,959.17,3550.2,0,0
0.194117,0.295718,0.286362,1091.12,11467.1,0,0
0.178053,0.295807,0.30612,1081.4,10883.8,0,0
0.177873,0.295817,0.393751,1081.29,10877.6,0,0
0.196398,0.29589,0.41359,1091.88,11513.1,0,0
0.165983,0.295417,0.413036,955.923,3355.37,0,0
0.217868,0.295104,0.414224,1007.83,6469.94,0,0
0.180396,0.295014,0.413595,1054.4,9264.23,0,0
0.219039,0.295236,0.4139,1000.62,6037.01,0,0
0.201716,0.295373,0.285472,1081.34,10880.4,0,0
0.229491,0.29632,0.285921,911.177,670.635,0,0
0.252893,0.296822,0.285434,647.33,0,0,0
0.211928,0.29694,0.285462,1043.53,8612,0,0
0.170654,0.295495,0.285542,987.924,5275.46,0,0
0.176632,0.296304,0.314273,1074.64,10478.3,0,0
0.175429,0.29609,0.385828,1067.81,10068.3,0,0
0.171851,0.295501,0.413036,1003.87,6231.92,0,0
0.18769,0.29506,0.414453,1078.19,10691.6,0,0
0.252055,0.297,0.414581,655.727,0,0,0
0.225482,0.296752,0.414742,945.298,2717.87,0,0
0.165565,0.295417,0.41342,950.734,3044.01,0,0
0.197831,0.295371,0.285434,1086.62,11197.3,0,0
0.242546,0.296933,0.286096,771.233,0,0,0
0.252782,0.296736,0.286169,650.043,0,0,0
0.241729,0.295233,0.285427,779.105,0,0,0
0.168902,0.295748,0.291954,995.827,5749.64,0,0
0.175629,0.295481,0.337337,1062.26,9735.58,0,0
0.176443,0.295077,0.362959,1067.86,10071.4,0,0
0.170306,0.295921,0.408052,1008.32,6499.38,0,0
0.248325,0.295183,0.413929,701.754,0,0,0
0.253917,0.296787,0.413646,635.079,0,0,0
0.242147,0.296965,0.414022,774.187,0,0,0
0.201372,0.295282,0.414484,1082.34,10940.6,0,0
0.246101,0.29554,0.285743,729.027,0,0,0
0.246294,0.295017,0.286976,729.195,0,0,0
0.224932,0.296967,0.285013,950.005,3000.29,0,0
0.176873,0.29571,0.285385,1030.02,7801.41,0,0
0.165395,0.296937,0.295492,972.951,4377.07,0,0
0.165035,0.296512,0.347879,972.025,4321.48,0,0
0.16545,0.296512,0.353794,976.339,4580.35,0,0
0.16505,0.296966,0.404466,971.011,4260.66,0,0
0.173774,0.29588,0.414338,1012.32,6739.37,0,0
0.223345,0.295103,0.413491,967.929,4075.72,0,0
0.24948,0.296936,0.414793,686.085,0,0,0
0.246289,0.295662,0.414208,725.443,0,0,0
0.201142,0.296418,0.286546,1086.87,11212.1,0,0
0.16653,0.295797,0.286517,957.885,3473.1,0,0
0.218093,0.295762,0.286166,1008.29,6497.48,0,0
0.167188,0.295714,0.285639,960.071,3604.26,0,0
0.16764,0.295237,0.297959,997.446,5846.76,0,0
0.169479,0.296467,0.346435,1013.4,6804.17,0,0
0.17579,0.296422,0.353884,1062.07,9724.44,0,0
0.167639,0.295327,0.401975,998.693,5921.59,0,0
0.16729,0.295717,0.414529,961.439,3686.34,0,0
0.175043,0.295962,0.414146,1021.62,7297.5,0,0
0.16632,0.296009,0.413357,957.727,3463.61,0,0
0.166923,0.296703,0.413022,964.154,3849.22,0,0
0.237565,0.296822,0.285377,825.652,0,0,0
0.201428,0.295796,0.286871,1087.63,11257.6,0,0
0.214905,0.295727,0.28641,1030.25,7815.03,0,0
0.19315,0.295757,0.286753,1092.1,11525.9,0,0
0.184769,0.295546,0.300215,1107.14,12428.7,0,0
0.165318,0.296993,0.323623,982.089,4925.34,0,0
0.165687,0.29525,0.375635,986.175,5170.52,0,0
0.183095,0.295549,0.399831,1101.56,12093.5,0,0
0.191896,0.295967,0.413415,1090.68,11440.6,0,0
0.225963,0.295931,0.413092,946.372,2782.3,0,0
0.226792,0.295888,0.414621,934.021,2041.29,0,0
0.245549,0.296865,0.413922,734.695,0,0,0
0.171588,0.29519,0.285646,995.393,5723.59,0,0
0.220869,0.296665,0.286025,987.108,5226.48,0,0
0.215652,0.296627,0.286786,1026.76,7605.78,0,0
0.179566,0.295859,0.285357,1044.98,8698.8,0,0
0.165849,0.295799,0.301557,985.993,5159.58,0,0
0.165919,0.296511,0.348469,980.641,4838.43,0,0
0.166756,0.296539,0.351077,988.653,5319.16,0,0
0.165528,0.295808,0.398398,984.206,5052.36,0,0
0.17816,0.295962,0.414593,1038.55,8313.01,0,0
0.245054,0.296196,0.414007,740.462,0,0,0
0.229398,0.29662,0.413874,911.678,700.653,0,0
0.182375,0.295104,0.413579,1063.62,9817.22,0,0
0.250789,0.296987,0.285263,672.119,0,0,0
0.20833,0.296939,0.285961,1062.53,9751.7,0,0
0.166953,0.296419,0.285516,957.505,3450.27,0,0
0.172555,0.296618,0.285822,1003.25,6194.89,0,0
0.191771,0.295684,0.30325,1125.87,13552.1,0,0
0.16573,0.296421,0.339517,980.145,4808.71,0,0
0.16665,0.296464,0.36018,989.161,5349.65,0,0
0.192004,0.295729,0.396636,1126.66,13599.6,0,0
0.17165,0.296616,0.414371,996.901,5814.07,0,0
0.166178,0.296006,0.414734,950.949,3056.96,0,0
0.21159,0.297,0.413606,1048.62,8917.4,0,0
0.242342,0.295184,0.413419,773.386,0,0,0
0.20398,0.295723,0.286035,1078.23,10694,0,0
0.16692,0.295148,0.286738,962.028,3721.68,0,0
0.169541,0.296742,0.286556,983.207,4992.44,0,0
0.165785,0.296664,0.285106,945.49,2729.4,0,0
0.208925,0.296433,0.300773,1090.39,11423.2,0,0
0.189566,0.296243,0.342654,1120.2,13212.2,0,0
0.191716,0.29638,0.357314,1122.83,13369.7,0,0
0.209745,0.295984,0.399229,1086.21,11172.8,0,0
0.166363,0.296745,0.414537,953.27,3196.17,0,0
0.205825,0.296543,0.41421,1071.44,10286.7,0,0
0.165655,0.295013,0.413597,950.747,3044.82,0,0
0.166207,0.296007,0.414541,952.017,3121.01,0,0
0.176412,0.29637,0.28567,1028.43,7705.98,0,0
0.187679,0.295755,0.286233,1080.6,10835.8,0,0
0.165409,0.295794,0.286836,949.13,2947.79,0,0
0.190196,0.295014,0.285207,1081.53,10891.9,0,0
0.212258,0.2952,0.297519,1070.03,10202.1,0,0
0.177087,0.295894,0.318533,1076.89,10613.4,0,0
0.176582,0.296079,0.381301,1074.46,10467.4,0,0
0.211955,0.295242,0.402547,1071.45,10287,0,0
0.190097,0.296987,0.414981,1081.03,10861.8,0,0
0.165149,0.296005,0.413136,948.105,2886.31,0,0
0.174854,0.295923,0.413023,1024.97,7498.04,0,0
0.166669,0.296495,0.414979,954.145,3248.68,0,0
0.165841,0.296458,0.285622,948.185,2891.13,0,0
0.165979,0.296253,0.286706,953.731,3223.86,0,0
0.165786,0.296252,0.286799,952.356,3141.37,0,0
0.165651,0.295058,0.286699,950.647,3038.82,0,0
0.186876,0.296289,0.292936,1100.58,12034.7,0,0
0.197985,0.296994,0.323777,1124.61,13476.4,0,0
0.207173,0.296953,0.376699,1095.08,11704.6,0,0
0.184711,0.295964,0.406904,1094.83,11689.6,0,0
0.166528,0.295012,0.413269,959.737,3584.25,0,0
0.16679,0.296008,0.413462,961.428,3685.68,0,0
0.166585,0.296009,0.413682,958.786,3527.16,0,0
0.165712,0.296497,0.413381,952.184,3131.06,0,0
0.165031,0.296457,0.28687,945.772,2746.31,0,0
0.201481,0.295722,0.286592,1086.44,11186.3,0,0
0.244354,0.295714,0.286122,750.424,0,0,0
0.194311,0.296375,0.285467,1087.37,11242.3,0,0
0.202917,0.29576,0.287488,1086.6,11195.7,0,0
0.206801,0.295831,0.30859,1102.17,12130.2,0,0
0.207054,0.296008,0.391713,1101.01,12060.5,0,0
0.205164,0.295893,0.412662,1079.65,10779,0,0
0.205641,0.295971,0.41373,1074.06,10443.4,0,0
0.246487,0.29592,0.413763,724.056,0,0,0
0.206803,0.295934,0.414975,1064.86,9891.36,0,0
0.165201,0.295966,0.414773,942.082,2524.91,0,0
0.248696,0.295672,0.286638,700.028,0,0,0
0.239019,0.295541,0.285078,808.854,0,0,0
0.181895,0.295411,0.285999,1058.98,9538.97,0,0
0.241495,0.296987,0.286853,785.047,0,0,0
0.200518,0.295283,0.286354,1087.18,11231,0,0
0.204938,0.295997,0.305059,1109.26,12555.6,0,0
0.202324,0.296027,0.394786,1117.78,13067,0,0
0.200294,0.295327,0.41361,1087.9,11273.9,0,0
0.240855,0.296987,0.413222,790.887,0,0,0
0.182651,0.295545,0.414184,1062.35,9740.8,0,0
0.223849,0.295674,0.413445,963.908,3834.46,0,0
0.249824,0.295663,0.413226,685.185,0,0,0
0.183449,0.295753,0.286735,1068.68,10120.7,0,0
0.165269,0.295585,0.286144,945.186,2711.15,0,0
0.16608,0.295714,0.285125,948.277,2896.64,0,0
0.166047,0.295193,0.286781,954.54,3272.4,0,0
0.205473,0.296335,0.285549,1071.7,10301.8,0,0
0.179961,0.29626,0.313743,1093.4,11604.2,0,0
0.178891,0.296087,0.386214,1088.54,11312.7,0,0
0.205043,0.296543,0.414667,1072.14,10328.3,0,0
0.166632,0.295372,0.413123,961.299,3677.96,0,0
0.165387,0.295674,0.414793,943.666,2619.97,0,0
0.183434,0.295801,0.414002,1066.35,9981.01,0,0
0.197299,0.295848,0.413167,1093.13,11588,0,0
0.169655,0.295789,0.286484,983.962,5037.69,0,0
0.228414,0.295017,0.286776,923.94,1436.41,0,0
0.166844,0.295013,0.285426,956.076,3364.56,0,0
0.226873,0.296703,0.286508,937.608,2256.45,0,0
0.192625,0.295757,0.285415,1086,11159.8,0,0
0.209454,0.297,0.304263,1089.08,11344.9,0,0
0.20451,0.296972,0.395581,1110.39,12623.2,0,0
0.192001,0.295929,0.414556,1085.96,11157.9,0,0
0.195406,0.296869,0.41441,1088.42,11305,0,0
0.233695,0.296703,0.414493,866.4,0,0,0
0.200573,0.29546,0.414268,1084.77,11086.1,0,0
0.228823,0.295887,0.413693,917.868,1072.06,0,0
0.17775,0.29567,0.286948,1041.71,8502.3,0,0
0.165255,0.295281,0.286026,944.531,2671.86,0,0
0.165526,0.295193,0.286363,948.284,2897.02,0,0
0.210517,0.296753,0.286659,1055.31,9318.51,0,0
0.19059,0.295588,0.285339,1082.95,10976.9,0,0
0.166216,0.296274,0.305391,992.246,5534.73,0,0
0.166605,0.296024,0.394418,996.996,5819.73,0,0
0.19086,0.295502,0.414901,1082.85,10971,0,0
0.211196,0.296756,0.413229,1052.08,9125.09,0,0
0.166094,0.295149,0.414528,950.961,3057.67,0,0
0.16584,0.295549,0.413619,952.443,3146.58,0,0
0.177922,0.295629,0.413193,1043.08,8584.78,0,0
0.212604,0.295596,0.286581,1044.3,8658.03,0,0
0.166293,0.295413,0.28545,951.482,3088.95,0,0
0.165834,0.295193,0.285508,947.607,2856.43,0,0
0.174578,0.29666,0.286036,1018.18,7090.8,0,0
0.186923,0.295456,0.286119,1078,10680.1,0,0
0.176331,0.295022,0.335123,1067.26,10035.8,0,0
0.174002,0.297,0.364645,1051.66,9099.68,0,0
0.1809,0.2955,0.414938,1051.15,9069.22,0,0
0.223705,0.295932,0.414362,962.147,3728.82,0,0
0.165453,0.295194,0.413065,951.02,3061.18,0,0
0.194165,0.295417,0.413038,1093.95,11636.8,0,0
0.21434,0.295547,0.41319,1034.71,8082.59,0,0
0.166968,0.295796,0.28645,961.433,3686,0,0
0.191832,0.295106,0.285536,1085.51,11130.8,0,0
0.16639,0.2969,0.285952,954.254,3255.22,0,0
0.166386,0.295058,0.285582,952.753,3165.18,0,0
0.18337,0.295751,0.290316,1081.2,10871.9,0,0
0.186802,0.296243,0.344159,1114.12,12847.2,0,0
0.179256,0.296198,0.356522,1083.47,11008.2,0,0
0.187273,0.295964,0.410202,1093.41,11604.4,0,0
0.166916,0.295013,0.41338,962.683,3760.96,0,0
0.165388,0.296986,0.414432,944.977,2698.6,0,0
0.217772,0.297,0.413401,1011.35,6681.05,0,0
0.16565,0.295847,0.413586,950.904,3054.22,0,0
0.213594,0.295764,0.286951,1040.01,8400.56,0,0
0.203389,0.295372,0.28666,1082.24,10934.6,0,0
0.189316,0.295193,0.285856,1082.74,10964.4,0,0
0.166872,0.295758,0.286884,962.268,3736.06,0,0
0.188136,0.295018,0.298108,1113.95,12836.9,0,0
0.165789,0.296467,0.342696,980.009,4800.55,0,0
0.165146,0.296508,0.357405,973.967,4438.04,0,0
0.186299,0.297,0.401591,1110.17,12610.2,0,0
0.166206,0.295592,0.413242,957.146,3428.74,0,0
0.166528,0.295058,0.4138,957.691,3461.48,0,0
0.165733,0.295461,0.414031,949.85,2991.01,0,0
0.215401,0.295938,0.414564,1023.16,7389.31,0,0
0.254652,0.295716,0.285548,626.598,0,0,0
0.166827,0.295794,0.285107,954.737,3284.22,0,0
0.1665,0.295797,0.286787,958.654,3519.25,0,0
0.185303,0.295755,0.2853,1069.4,10163.8,0,0
0.193897,0.295591,0.29791,1121.58,13294.9,0,0
0.198794,0.296506,0.347104,1117.89,13073.5,0,0
0.169675,0.296504,0.351637,1015.04,6902.53,0,0
0.199798,0.295637,0.402432,1117.34,13040.6,0,0
0.185784,0.295927,0.414949,1070.6,10236.3,0,0
0.212568,0.295767,0.4131,1045.34,8720.5,0,0
0.166727,0.296008,0.414121,958.276,3496.56,0,0
0.252562,0.295922,0.414653,649.628,0,0,0
0.165797,0.2969,0.286651,951.737,3104.2,0,0
0.211015,0.295762,0.286385,1051.97,9118.37,0,0
0.197787,0.295759,0.285439,1086.73,11203.8,0,0
0.173142,0.29666,0.285531,1006.19,6371.44,0,0
0.172452,0.296463,0.300099,1039.3,8357.82,0,0
0.180208,0.296352,0.338293,1089.14,11348.1,0,0
0.166509,0.296413,0.36408,989.081,5344.89,0,0
0.171129,0.296008,0.39996,1030.29,7817.18,0,0
0.17303,0.296823,0.414703,1005.42,6325.21,0,0
0.211352,0.295895,0.414695,1045.85,8751.17,0,0
0.165478,0.296007,0.413639,949.158,2949.49,0,0
0.192144,0.296749,0.414506,1086.21,11172.4,0,0
0.241333,0.296311,0.285141,782.932,0,0,0
0.166782,0.296499,0.286994,961.846,3710.76,0,0
0.165186,0.295795,0.286292,945.031,2701.86,0,0
0.166097,0.295148,0.286244,952.891,3173.47,0,0
0.188811,0.296989,0.30207,1120.12,13207.5,0,0
0.182349,0.296377,0.348247,1098.18,11891,0,0
0.198382,0.296537,0.35285,1118.7,13121.8,0,0
0.190567,0.295021,0.397951,1123.77,13426.5,0,0
0.16542,0.295238,0.413997,947.134,2828.06,0,0
0.165153,0.296006,0.413811,945.552,2733.09,0,0
0.21202,0.295938,0.413038,1048.56,8913.74,0,0
0.228741,0.296577,0.414624,915.688,941.25,0,0
0.235245,0.296651,0.286766,854.573,0,0,0
0.165448,0.297,0.28589,945.638,2738.28,0,0
0.166414,0.296785,0.285382,952.168,3130.08,0,0
0.18759,0.295499,0.285302,1076.29,10577.5,0,0
0.210413,0.295292,0.301151,1083.04,10982.4,0,0
0.166213,0.296468,0.343481,983.956,5037.34,0,0
0.165886,0.296508,0.35578,980.864,4851.86,0,0
0.208518,0.295245,0.398805,1092.43,11545.6,0,0
0.189696,0.295459,0.414904,1080.81,10848.6,0,0
0.166535,0.296704,0.413637,958.41,3504.63,0,0
0.169058,0.296933,0.413145,981.555,4893.3,0,0
0.233168,0.296788,0.413564,874.509,0,0,0
0.166012,0.295148,0.285805,950.385,3023.11,0,0
0.166515,0.296665,0.286996,959.478,3568.7,0,0
0.180241,0.296578,0.286558,1053.45,9206.89,0,0
0.180951,0.295583,0.28658,1057.07,9424.49,0,0
0.178209,0.295198,0.302889,1079.89,10793.6,0,0
0.198346,0.296498,0.343118,1119.12,13147.4,0,0
0.197034,0.296498,0.357057,1121.27,13276.2,0,0
0.177992,0.295154,0.397117,1079.53,10771.6,0,0
0.185794,0.295589,0.413798,1075.66,10539.4,0,0
0.169169,0.296742,0.413933,979.402,4764.14,0,0
0.166725,0.296785,0.41409,958.249,3494.94,0,0
0.208241,0.295061,0.414205,1062.18,9730.58,0,0
0.165109,0.295671,0.286009,943.207,2592.4,0,0
0.201572,0.295061,0.285688,1082.45,10947,0,0
0.242525,0.295714,0.285742,770.8,0,0,0
0.219932,0.295327,0.285613,992.872,5572.31,0,0
0.187129,0.295105,0.29327,1102,12119.8,0,0
0.166945,0.295115,0.325532,996.677,5800.62,0,0
0.207738,0.296807,0.363843,1086.68,11200.9,0,0
0.186689,0.295061,0.40681,1101.23,12073.7,0,0
0.233945,0.295099,0.414687,863.193,0,0,0
0.239091,0.295922,0.414558,807.776,0,0,0
0.192469,0.295149,0.414878,1084.91,11094.7,0,0
0.166232,0.295635,0.414062,954.175,3250.5,0,0
0.165153,0.295713,0.286815,946.722,2803.34,0,0
0.203501,0.296988,0.285682,1077.88,10672.9,0,0
0.227578,0.29572,0.285542,928.179,1690.75,0,0
0.220049,0.29576,0.28532,990.989,5459.36,0,0
0.207706,0.296988,0.291334,1082.08,10924.8,0,0
0.175154,0.296114,0.321548,1063.8,9828.11,0,0
0.173604,0.296215,0.378453,1053.71,9222.42,0,0
0.197047,0.296988,0.408555,1108.22,12492.9,0,0
0.240954,0.295576,0.41458,786.636,0,0,0
0.245605,0.295921,0.414238,733.467,0,0,0
0.198973,0.295017,0.414913,1084.17,11050.2,0,0
0.176717,0.295798,0.41462,1030.06,7803.63,0,0
0.166383,0.295759,0.28635,955.938,3356.3,0,0
0.251767,0.296692,0.285593,661.161,0,0,0
0.166511,0.295867,0.285702,954.477,3268.62,0,0
0.169354,0.295711,0.286914,983.218,4993.07,0,0
0.2079,0.296967,0.286016,1064.5,9870.1,0,0
0.198707,0.295609,0.307451,1126.04,13562.5,0,0
0.195839,0.295654,0.392055,1129.44,13766.3,0,0
0.207811,0.296873,0.414124,1064.24,9854.6,0,0
0.16593,0.29572,0.414304,950.533,3032,0,0
0.238341,0.295922,0.414999,814.923,0,0,0
0.254622,0.296572,0.414599,624.984,0,0,0
0.166754,0.295761,0.413209,962.085,3725.08,0,0
0.171319,0.295495,0.285966,994.777,5686.63,0,0
0.245804,0.296933,0.286681,734.385,0,0,0
0.237377,0.295715,0.285968,829.448,0,0,0
0.172794,0.295278,0.286411,1007.41,6444.45,0,0
0.196272,0.295677,0.286016,1089.93,11395.8,0,0
0.187878,0.296772,0.308051,1121.76,13305.5,0,0
0.19018,0.296734,0.391675,1126.78,13607,0,0
0.196031,0.295805,0.413934,1090.56,11433.6,0,0
0.16816,0.295237,0.414927,967.011,4020.63,0,0
0.235201,0.295924,0.414311,851.094,0,0,0
0.246725,0.296865,0.413162,722.299,0,0,0
0.165189,0.295502,0.414632,942.531,2551.83,0,0
0.234762,0.295365,0.285094,855.143,0,0,0
0.249859,0.296691,0.285019,682.773,0,0,0
0.210654,0.295726,0.286876,1055.56,9333.35,0,0
0.23235,0.295717,0.28574,882.178,0,0,0
0.186385,0.295104,0.286428,1077.61,10656.8,0,0
0.199001,0.295906,0.311075,1125.96,13557.5,0,0
0.201999,0.296087,0.38915,1119.34,13160.7,0,0
0.186578,0.295104,0.413609,1078.74,10724.6,0,0
0.227019,0.296493,0.413252,936.16,2169.58,0,0
0.202083,0.295934,0.414514,1080.82,10849,0,0
0.250474,0.296826,0.414877,674.064,0,0,0
0.239274,0.295446,0.414143,806.771,0,0,0
0.185066,0.295412,0.286468,1073.57,10414.2,0,0
0.221791,0.295759,0.286662,982.047,4922.79,0,0
0.234283,0.297,0.285611,861.614,0,0,0
0.218957,0.295725,0.285814,1000.86,6051.75,0,0
0.187469,0.296622,0.286628,1081.58,10894.6,0,0
0.20763,0.295738,0.302803,1097.53,11852.1,0,0
0.209799,0.295694,0.396854,1087.02,11221.3,0,0
0.188756,0.296538,0.413775,1083.75,11024.8,0,0
0.187824,0.295927,0.413471,1082.87,10972.3,0,0
0.165199,0.295547,0.414227,944.288,2657.29,0,0
0.22096,0.296874,0.413451,987.448,5246.88,0,0
0.178772,0.295413,0.413366,1047.06,8823.68,0,0
0.214651,0.295196,0.286834,1033.2,7991.88,0,0
0.177848,0.296743,0.285136,1034.49,8069.6,0,0
0.181899,0.295454,0.28507,1054.92,9295.44,0,0
0.166874,0.295798,0.285805,958.048,3482.89,0,0
0.188702,0.295755,0.286499,1084.21,11052.6,0,0
0.194942,0.295116,0.306737,1128.93,13736,0,0
0.198386,0.295161,0.393755,1126.31,13578.8,0,0
0.18803,0.295845,0.413884,1081.66,10899.6,0,0
0.201691,0.295934,0.414112,1083.34,11000.2,0,0
0.206966,0.29546,0.41396,1068.35,10101.2,0,0
0.20899,0.295936,0.413776,1060.77,9646.17,0,0
0.215737,0.295151,0.413051,1026.33,7579.59,0,0
0.232307,0.297,0.286692,885.161,0,0,0
0.25178,0.296312,0.286737,663.15,0,0,0
0.165763,0.295238,0.28692,952.539,3152.36,0,0
0.243711,0.295714,0.286462,758.684,0,0,0
0.204728,0.295795,0.286614,1078.32,10699.3,0,0
0.171898,0.296521,0.316257,1041.54,8492.18,0,0
0.17302,0.296364,0.38322,1050.71,9042.68,0,0
0.20473,0.295894,0.41345,1078.09,10685.6,0,0
0.245539,0.295792,0.413523,735.794,0,0,0
0.166295,0.295194,0.414759,951.774,3106.45,0,0
0.242043,0.296655,0.414003,775.51,0,0,0
0.202594,0.295239,0.413005,1085.57,11134.3,0,0
0.190647,0.295458,0.28664,1088.56,11313.6,0,0
0.250936,0.296311,0.285278,670.538,0,0,0
0.230745,0.295148,0.285113,896.294,0,0,0
0.252595,0.295715,0.286259,652.544,0,0,0
0.203796,0.296832,0.286934,1082.08,10924.7,0,0
0.168982,0.296029,0.320575,1016.8,7008.04,0,0
0.169732,0.296216,0.378755,1023.68,7420.94,0,0
0.200132,0.296833,0.413174,1089.78,11386.8,0,0
0.23949,0.295922,0.413162,806.757,0,0,0
0.247501,0.295097,0.414666,709.968,0,0,0
0.251324,0.295922,0.414734,664.31,0,0,0
0.224428,0.295102,0.414574,955.107,3306.41,0,0
0.251794,0.295147,0.286699,662.861,0,0,0
0.166516,0.294967,0.287,951.409,3084.54,0,0
0.190901,0.295757,0.28601,1086.39,11183.2,0,0
0.167981,0.296986,0.286266,969.16,4149.6,0,0
0.193781,0.295716,0.291053,1107.17,12429.9,0,0
0.165423,0.296419,0.338678,977.395,4643.72,0,0
0.165963,0.296466,0.360144,982.611,4956.64,0,0
0.192803,0.295717,0.409017,1106.78,12406.5,0,0
0.250362,0.296699,0.413597,677.971,0,0,0
0.180554,0.295883,0.41415,1053,9179.98,0,0
0.198885,0.29687,0.414864,1084.47,11068.4,0,0
0.245558,0.295226,0.413625,735.28,0,0,0
0.249668,0.295453,0.286945,688.904,0,0,0
0.216364,0.295018,0.285976,1019.24,7154.16,0,0
0.196798,0.296334,0.286506,1091.74,11504.4,0,0
0.248527,0.297,0.286535,701.728,0,0,0
0.191487,0.296291,0.294374,1113.36,12801.4,0,0
0.178345,0.296332,0.345331,1077.99,10679.2,0,0
0.183328,0.296336,0.354244,1102.47,12148.3,0,0
0.192079,0.295967,0.405665,1114.49,12869.1,0,0
0.230398,0.295056,0.413422,903.112,186.735,0,0
0.207676,0.295935,0.414673,1062.75,9764.83,0,0
0.166468,0.295148,0.413536,958.229,3493.76,0,0
0.249012,0.295401,0.413001,695.31,0,0,0
0.168846,0.295791,0.286944,979.193,4751.59,0,0
0.224748,0.296988,0.286274,955.825,3349.51,0,0
0.246848,0.29631,0.286197,721.161,0,0,0
0.17591,0.29637,0.286442,1028.55,7713.07,0,0
0.167049,0.295539,0.296065,989.138,5348.25,0,0
0.174392,0.296421,0.346437,1052.3,9137.81,0,0
0.173797,0.296424,0.354746,1048.21,8892.82,0,0
0.166227,0.295501,0.403895,983.028,4981.7,0,0
0.175364,0.295962,0.413729,1025.44,7526.52,0,0
0.248379,0.295921,0.413629,701.78,0,0,0
0.20224,0.29506,0.413696,1083.67,11020.2,0,0
0.166595,0.295929,0.414406,955.966,3357.96,0,0
0.165425,0.296334,0.28544,943.737,2624.23,0,0
0.208784,0.295682,0.28541,1058.6,9515.99,0,0
0.166976,0.296666,0.285446,957.353,3441.16,0,0
0.185406,0.29629,0.286481,1074.81,10488.5,0,0
0.192243,0.295798,0.299152,1122.25,13335.3,0,0
0.172988,0.296333,0.342939,1042.35,8540.73,0,0
0.185358,0.296055,0.357996,1110.26,12615.7,0,0
0.189734,0.295972,0.400646,1119.72,13183.5,0,0
0.181594,0.295964,0.413374,1061.15,9668.77,0,0
0.166216,0.296621,0.413186,957.374,3442.42,0,0
0.217489,0.295593,0.413097,1014.5,6870.25,0,0
0.165267,0.296004,0.414686,943.041,2582.44,0,0
0.165546,0.29654,0.286654,949.6,2976.02,0,0
0.205498,0.29568,0.285269,1070.47,10228.2,0,0
0.165477,0.295104,0.285197,943.095,2585.72,0,0
0.176908,0.296986,0.286512,1034.8,8087.87,0,0
0.190288,0.296988,0.300181,1120.85,13251,0,0
0.193821,0.295968,0.339754,1123.97,13438,0,0
0.191882,0.295963,0.360297,1123.46,13407.6,0,0
0.19172,0.295019,0.400106,1122.97,13378.2,0,0
0.175978,0.296963,0.413666,1029.38,7762.91,0,0
0.212483,0.297,0.414773,1039.36,8361.9,0,0
0.174256,0.29567,0.414853,1013.35,6801.14,0,0
0.224597,0.295932,0.413608,956.939,3416.32,0,0
0.165465,0.296705,0.286553,948.444,2906.65,0,0
0.246275,0.295628,0.286606,728.804,0,0,0
0.254041,0.296901,0.286455,635.36,0,0,0
0.172286,0.295666,0.286007,1002.15,6128.93,0,0
0.180471,0.295108,0.301192,1090.12,11407,0,0
0.212248,0.295271,0.345814,1056.58,9394.99,0,0
0.211684,0.295053,0.353575,1060.3,9617.78,0,0
0.181122,0.295064,0.39872,1094.14,11648.3,0,0
0.172857,0.295628,0.414251,1006.27,6376.3,0,0
0.248523,0.296936,0.414156,698.846,0,0,0
0.247934,0.29588,0.413073,708.164,0,0,0
0.17629,0.296783,0.413368,1032.59,7955.23,0,0
0.179408,0.295103,0.286171,1047.53,8851.75,0,0
0.21885,0.295641,0.286936,1005.46,6327.38,0,0
0.165538,0.296665,0.286208,947.772,2866.31,0,0
0.166084,0.296294,0.285628,950.391,3023.44,0,0
0.174208,0.296003,0.288809,1026.36,7581.58,0,0
0.16662,0.297,0.327216,992.906,5574.39,0,0
0.168534,0.296902,0.371846,1010.47,6628.08,0,0
0.174701,0.29596,0.411168,1030.8,7847.79,0,0
0.166825,0.296008,0.413659,960.963,3657.81,0,0
0.179829,0.295963,0.413749,1051.09,9065.11,0,0
0.165256,0.295803,0.413652,947.097,2825.8,0,0
0.167218,0.295103,0.414166,962.196,3731.73,0,0
0.209152,0.296907,0.285264,1056.21,9372.41,0,0
0.230604,0.295676,0.286007,900.534,32.0215,0,0
0.226144,0.295755,0.285339,940.612,2436.71,0,0
0.234141,0.295716,0.285982,864.308,0,0,0
0.172358,0.295708,0.285112,998.859,5931.53,0,0
0.165441,0.296422,0.31118,986.595,5195.72,0,0
0.166425,0.296118,0.388656,996.79,5807.38,0,0
0.175572,0.295755,0.41357,1027.42,7645.17,0,0
0.234912,0.295924,0.41387,855.4,0,0,0
0.197222,0.295969,0.413623,1091.36,11481.8,0,0
0.228041,0.295495,0.414674,922.208,1332.47,0,0
0.207599,0.296713,0.414984,1061.63,9697.76,0,0
0.16509,0.296934,0.285234,939.705,2382.27,0,0
0.166985,0.295794,0.285265,956.768,3406.09,0,0
0.166805,0.296499,0.286067,958.452,3507.12,0,0
0.237143,0.295715,0.286281,832.828,0,0,0
0.166864,0.2955,0.28543,956.386,3383.17,0,0
0.196658,0.295787,0.309605,1128.86,13731.8,0,0
0.194504,0.295791,0.389873,1130.27,13816,0,0
0.166733,0.295547,0.414774,955.608,3336.49,0,0
0.237158,0.295923,0.413668,831.574,0,0,0
0.165853,0.296622,0.414052,950.786,3047.14,0,0
0.165344,0.295969,0.413867,947.057,2823.42,0,0
0.16524,0.296963,0.413502,947.341,2840.46,0,0
0.230577,0.295718,0.285417,899.013,0,0,0
0.16517,0.295755,0.28624,944.677,2680.61,0,0
0.165423,0.296458,0.285733,944.895,2693.69,0,0
0.167397,0.295794,0.28602,963.417,3804.99,0,0
0.166114,0.295415,0.286008,952.174,3130.44,0,0
0.206102,0.295699,0.304967,1104.76,12285.6,0,0
0.188093,0.295734,0.393382,1122.43,13345.9,0,0
0.165832,0.295417,0.41423,949.919,2995.16,0,0
0.166766,0.295804,0.41435,957.68,3460.77,0,0
0.166076,0.296006,0.414722,950.11,3006.57,0,0
0.202806,0.295934,0.413415,1083.58,11015.1,0,0
0.221443,0.295893,0.414432,980.48,4828.79,0,0
0.194181,0.296749,0.285795,1088.63,11318.1,0,0
0.166295,0.295458,0.286324,955.028,3301.68,0,0
0.191408,0.295757,0.285509,1084.97,11098,0,0
0.245434,0.295496,0.285983,737.411,0,0,0
0.191712,0.296965,0.286367,1088.82,11329,0,0
0.208012,0.295384,0.303709,1096.08,11764.7,0,0
0.183653,0.295424,0.394467,1108.43,12505.7,0,0
0.190217,0.296936,0.413864,1086.15,11168.9,0,0
0.250941,0.295445,0.413741,670.806,0,0,0
0.166144,0.296009,0.414183,952.919,3175.16,0,0
0.165974,0.295635,0.414213,951.282,3076.95,0,0
0.166022,0.296786,0.413571,954.133,3247.97,0,0
0.238485,0.29627,0.286186,817.734,0,0,0
0.253234,0.295103,0.286481,645.156,0,0,0
0.254398,0.29519,0.285844,630.105,0,0,0
0.231489,0.296902,0.285043,888.582,0,0,0
0.166067,0.296746,0.2861,952.042,3122.49,0,0
0.189644,0.295246,0.305167,1124.12,13447.4,0,0
0.207565,0.295159,0.396912,1097.74,11864.5,0,0
0.165383,0.296786,0.413763,947.676,2860.56,0,0
0.228154,0.296906,0.413532,924.567,1474.04,0,0
0.254601,0.295141,0.414071,626.157,0,0,0
0.238794,0.296903,0.413183,814.398,0,0,0
0.237342,0.295923,0.414051,828.551,0,0,0
0.227909,0.296322,0.286385,927.686,1661.15,0,0
0.227072,0.295502,0.286815,936.768,2206.1,0,0
0.166024,0.29537,0.286223,952.216,3132.95,0,0
0.237238,0.296314,0.286578,832.504,0,0,0
0.166368,0.295797,0.286956,958.14,3488.37,0,0
0.189777,0.296352,0.304707,1124.14,13448.4,0,0
0.191047,0.29602,0.395293,1126.54,13592.6,0,0
0.166235,0.296007,0.413013,958.282,3496.93,0,0
0.240429,0.296527,0.413024,796.323,0,0,0
0.23174,0.296988,0.414669,885.904,0,0,0
0.215846,0.295503,0.413602,1023.81,7428.62,0,0
0.221757,0.295935,0.413007,982.69,4961.42,0,0
0.225217,0.295891,0.285836,950.516,3030.96,0,0
0.165771,0.295193,0.286316,950.285,3017.1,0,0
0.235688,0.295234,0.285968,847.738,0,0,0
0.229984,0.296903,0.285311,904.325,259.497,0,0
0.196016,0.295759,0.286015,1089.98,11399,0,0
0.194171,0.296355,0.305162,1128.38,13702.9,0,0
0.195173,0.296023,0.395038,1128.63,13717.9,0,0
0.196392,0.295931,0.414347,1088.72,11323.5,0,0
0.229712,0.296831,0.414664,906.115,366.892,0,0
0.23773,0.295358,0.413618,825.327,0,0,0
0.166977,0.295239,0.414128,960.314,3618.83,0,0
0.230304,0.295926,0.413,899.368,0,0,0
0.165368,0.296987,0.286255,946.326,2779.58,0,0
0.166061,0.295414,0.286687,954.355,3261.31,0,0
0.173256,0.295709,0.286577,1011.43,6685.89,0,0
0.205252,0.296939,0.285376,1071.52,10291.1,0,0
0.198942,0.296668,0.285008,1083.65,11019.2,0,0
0.165828,0.295376,0.305178,988.523,5311.35,0,0
0.203031,0.29521,0.391953,1116.16,12969.8,0,0
0.198159,0.29671,0.413102,1092.59,11555.2,0,0
0.174692,0.295192,0.414623,1017.17,7029.98,0,0
0.222629,0.295543,0.414326,971.233,4273.96,0,0
0.16618,0.295373,0.413693,955.135,3308.1,0,0
0.22276,0.296497,0.414355,970.018,4201.05,0,0
0.225055,0.296283,0.286498,954.024,3241.42,0,0
0.166105,0.295632,0.286209,952.927,3175.59,0,0
0.166032,0.295798,0.286052,951.666,3099.98,0,0
0.16573,0.2955,0.286765,951.719,3103.17,0,0
0.190852,0.296936,0.286391,1087.7,11261.9,0,0
0.165043,0.295424,0.307635,982.233,4933.98,0,0
0.166443,0.295429,0.392572,996.245,5774.72,0,0
0.184432,0.296964,0.413297,1072.87,10372.4,0,0
0.166589,0.295372,0.413111,960.973,3658.38,0,0
0.166415,0.295847,0.413062,959.684,3581.03,0,0
0.165185,0.295546,0.414376,943.552,2613.14,0,0
0.217989,0.296716,0.413153,1010.7,6641.95,0,0
0.165321,0.296987,0.286005,944.921,2695.26,0,0
0.166614,0.295796,0.285411,954.17,3250.18,0,0
0.166183,0.296295,0.286196,953.549,3212.94,0,0
0.227848,0.295678,0.285192,924.513,1470.8,0,0
0.202029,0.29568,0.286514,1084.99,11099.2,0,0
0.174155,0.295668,0.316153,1058.16,9489.52,0,0
0.173273,0.295674,0.383909,1052.7,9162.25,0,0
0.203304,0.295678,0.41359,1081.62,10897.2,0,0
0.231414,0.295926,0.414048,891.261,0,0,0
0.166313,0.296009,0.413571,956.842,3410.52,0,0
0.193376,0.29593,0.413861,1090.22,11413.4,0,0
0.165548,0.296963,0.413855,948.737,2924.2,0,0
0.165885,0.295057,0.286284,951.137,3068.24,0,0
0.242473,0.295672,0.286121,772.292,0,0,0
0.243531,0.295714,0.2861,759.982,0,0,0
0.166602,0.296418,0.286385,957.955,3477.29,0,0
0.183555,0.295016,0.29511,1094.18,11650.5,0,0
0.194415,0.296498,0.348754,1122.92,13375.1,0,0
0.201535,0.296576,0.350901,1110.8,12648.1,0,0
0.184381,0.295061,0.404995,1097.86,11871.5,0,0
0.199813,0.296181,0.413339,1089.78,11387,0,0
0.240862,0.295922,0.414176,788.735,0,0,0
0.236882,0.295708,0.414643,831.98,0,0,0
0.166232,0.295012,0.4135,956.247,3374.81,0,0
0.182834,0.295148,0.286393,1064.64,9878.33,0,0
0.165143,0.296417,0.286262,944.478,2668.67,0,0
0.176038,0.295014,0.285285,1024.32,7459.44,0,0
0.250565,0.296987,0.285925,676.128,0,0,0
0.191334,0.295151,0.296019,1116.32,12979.1,0,0
0.16558,0.296509,0.346567,977.45,4647.02,0,0
0.166488,0.29651,0.352369,986.202,5172.12,0,0
0.191638,0.295151,0.403825,1117.48,13049.1,0,0
0.253632,0.296702,0.414155,637.645,0,0,0
0.16627,0.295193,0.413596,956.263,3375.81,0,0
0.165199,0.296579,0.413381,947.551,2853.04,0,0
0.166865,0.295194,0.413548,961.644,3698.62,0,0
0.247528,0.296898,0.28623,713.029,0,0,0
0.166905,0.296963,0.286835,962.183,3730.98,0,0
0.22099,0.297,0.286697,988.341,5300.48,0,0
0.244849,0.295714,0.286545,745.524,0,0,0
0.174113,0.295413,0.299521,1050.44,9026.68,0,0
0.180513,0.296419,0.350391,1089.55,11373.2,0,0
0.193716,0.296463,0.350835,1123.05,13382.8,0,0
0.176376,0.295504,0.400474,1066.29,9977.53,0,0
0.252719,0.295923,0.413348,650.113,0,0,0
0.214734,0.297,0.414265,1028.27,7695.92,0,0
0.165718,0.296825,0.413211,952.79,3167.41,0,0
0.236445,0.296827,0.41481,836.126,0,0,0
0.206478,0.29524,0.285564,1068.25,10095.3,0,0
0.166807,0.29506,0.285026,954.086,3245.17,0,0
0.166479,0.295629,0.285353,952.741,3164.47,0,0
0.180181,0.295752,0.286467,1052.86,9171.34,0,0
0.198907,0.295765,0.300389,1121.8,13308.2,0,0
0.220801,0.295801,0.348232,984.895,5093.68,0,0
0.220958,0.29585,0.350915,983.309,4998.56,0,0
0.200446,0.295899,0.399922,1119.06,13143.7,0,0
0.180243,0.295841,0.413559,1053.96,9237.51,0,0
0.166161,0.29559,0.414678,951.022,3061.31,0,0
0.166836,0.295015,0.414873,955.949,3356.93,0,0
0.16504,0.295194,0.413348,946.209,2772.55,0,0
0.14,0.41,0.26,0,0,1,1
0.14,0.41,0.263,0,0,1,1
0.14,0.41,0.266,0,0,1,1
0.14,0.41,0.269,0,0,1,1
0.14,0.41,0.272,0,0,1,1
0.14,0.41,0.275,0,0,1,1
0.14,0.41,0.278,0,0,1,1
0.14,0.41,0.281,0,0,1,1
0.14,0.41,0.284,0,0,1,1
0.14,0.41,0.287,0,0,1,1
0.14,0.41,0.29,0,0,1,1
0.14,0.41,0.293,0,0,1,1
0.14,0.41,0.296,0,0,1,1
0.14,0.41,0.299,0,0,1,1
0.14,0.41,0.302,0,0,1,1
0.14,0.41,0.305,0,0,1,1
0.14,0.41,0.308,0,0,1,1
0.14,0.41,0.311,0,0,1,1
0.14,0.41,0.314,0,0,1,1
0.14,0.41,0.317,0,0,1,1
0.14,0.41,0.32,0,0,1,1
0.14,0.41,0.323,0,0,1,1
0.14,0.41,0.326,0,0,1,1
0.14,0.41,0.329,0,0,1,1
0.14,0.41,0.332,0,0,1,1
0.14,0.41,0.335,0,0,1,1
0.14,0.41,0.338,0,0,1,1
0.14,0.41,0.341,0,0,1,1
0.14,0.41,0.344,0,0,1,1
0.14,0.41,0.347,0,0,1,1
0.14,0.41,0.35,0,0,1,1
0.14,0.41,0.353,0,0,1,1
0.14,0.41,0.356,0,0,1,1
0.14,0.41,0.359,0,0,1,1
0.14,0.41,0.362,0,0,1,1
0.14,0.41,0.365,0,0,1,1
0.14,0.41,0.368,0,0,1,1
0.14,0.41,0.371,0,0,1,1
0.14,0.41,0.374,0,0,1,1
0.14,0.41,0.377,0,0,1,1
0.14,0.41,0.38,0,0,1,1
0.14,0.41,0.383,0,0,1,1
0.14,0.41,0.386,0,0,1,1
0.14,0.41,0.389,0,0,1,1
0.14,0.41,0.392,0,0,1,1
0.14,0.41,0.395,0,0,1,1
0.14,0.41,0.398,0,0,1,1
0.14,0.41,0.401,0,0,1,1
0.14,0.41,0.404,0,0,1,1
0.14,0.41,0.407,0,0,1,1
0.14,0.41,0.41,0,0,1,1
0.14,0.41,0.413,0,0,1,1
0.14,0.41,0.416,0,0,1,1
0.14,0.41,0.419,0,0,1,1
0.14,0.41,0.422,0,0,1,1
0.14,0.41,0.425,0,0,1,1
0.14,0.41,0.427999,0,0,1,1
0.14,0.41,0.430999,0,0,1,1
0.14,0.41,0.433999,0,0,1,1
0.14,0.41,0.436999,0,0,1,1
0.14,0.41,0.439999,0,0,1,1
0.14,0.407,0.26,0,0,1,1
0.14,0.407,0.263,0,0,1,1
0.14,0.407,0.266,0,0,1,1
0.14,0.407,0.269,0,0,1,1
0.14,0.407,0.272,0,0,1,1
0.14,0.407,0.275,0,0,1,1
0.14,0.407,0.278,0,0,1,1
0.14,0.407,0.281,0,0,1,1
0.14,0.407,0.284,0,0,1,1
0.14,0.407,0.287,0,0,1,1
0.14,0.407,0.29,0,0,1,1
0.14,0.407,0.293,0,0,1,1
0.14,0.407,0.296,0,0,1,1
0.14,0.407,0.299,0,0,1,1
0.14,0.407,0.302,0,0,1,1
0.14,0.407,0.305,0,0,1,1
0.14,0.407,0.308,0,0,1,1
0.14,0.407,0.311,0,0,1,1
0.14,0.407,0.314,0,0,1,1
0.14,0.407,0.317,0,0,1,1
0.14,0.407,0.32,0,0,1,1
0.14,0.407,0.323,0,0,1,1
0.14,0.407,0.326,0,0,1,1
0.14,0.407,0.329,0,0,1,1
0.14,0.407,0.332,0,0,1,1
0.14,0.407,0.335,0,0,1,1
0.14,0.407,0.338,0,0,1,1
0.14,0.407,0.341,0,0,1,1
0.14,0.407,0.344,0,0,1,1
0.14,0.407,0.347,0,0,1,1
0.14,0.407,0.35,0,0,1,1
0.14,0.407,0.353,0,0,1,1
0.14,0.407,0.356,0,0,1,1
0.14,0.407,0.359,0,0,1,1
0.14,0.407,0.362,0,0,1,1
0.14,0.407,0.365,0,0,1,1
0.14,0.407,0.368,0,0,1,1
0.14,0.407,0.371,0,0,1,1
0.14,0.407,0.374,0,0,1,1
0.14,0.407,0.377,0,0,1,1
0.14,0.407,0.38,0,0,1,1
0.14,0.407,0.383,0,0,1,1
0.14,0.407,0.386,0,0,1,1
0.14,0.407,0.389,0,0,1,1
0.14,0.407,0.392,0,0,1,1
0.14,0.407,0.395,0,0,1,1
0.14,0.407,0.398,0,0,1,1
0.14,0.407,0.401,0,0,1,1
0.14,0.407,0.404,0,0,1,1
0.14,0.407,0.407,0,0,1,1
0.14,0.407,0.41,0,0,1,1
0.14,0.407,0.413,0,0,1,1
0.14,0.407,0.416,0,0,1,1
0.14,0.407,0.419,0,0,1,1
0.14,0.407,0.422,0,0,1,1
0.14,0.407,0.425,0,0,1,1
0.14,0.407,0.427999,0,0,1,1
0.14,0.407,0.430999,0,0,1,1
0.14,0.407,0.433999,0,0,1,1
0.14,0.407,0.436999,0,0,1,1
0.14,0.407,0.439999,0,0,1,1
0.14,0.404,0.26,0,0,1,1
0.14,0.404,0.263,0,0,1,1
0.14,0.404,0.266,0,0,1,1
0.14,0.404,0.269,0,0,1,1
0.14,0.404,0.272,0,0,1,1
0.14,0.404,0.275,0,0,1,1
0.14,0.404,0.278,0,0,1,1
0.14,0.404,0.281,0,0,1,1
0.14,0.404,0.284,0,0,1,1
0.14,0.404,0.287,0,0,1,1
0.14,0.404,0.29,0,0,1,1
0.14,0.404,0.293,0,0,1,1
0.14,0.404,0.296,0,0,1,1
0.14,0.404,0.299,0,0,1,1
0.14,0.404,0.302,0,0,1,1
0.14,0.404,0.305,0,0,1,1
0.14,0.404,0.308,0,0,1,1
0.14,0.404,0.311,0,0,1,1
0.14,0.404,0.314,0,0,1,1
0.14,0.404,0.317,0,0,1,1
0.14,0.404,0.32,0,0,1,1
0.14,0.404,0.323,0,0,1,1
0.14,0.404,0.326,0,0,1,1
0.14,0.404,0.329,0,0,1,1
0.14,0.404,0.332,0,0,1,1
0.14,0.404,0.335,0,0,1,1
0.14,0.404,0.338,0,0,1,1
0.14,0.404,0.341,0,0,1,1
0.14,0.404,0.344,0,0,1,1
0.14,0.404,0.347,0,0,1,1
0.14,0.404,0.35,0,0,1,1
0.14,0.404,0.353,0,0,1,1
0.14,0.404,0.356,0,0,1,1
0.14,0.404,0.359,0,0,1,1
0.14,0.404,0.362,0,0,1,1
0.14,0.404,0.365,0,0,1,1
0.14,0.404,0.368,0,0,1,1
0.14,0.404,0.371,0,0,1,1
0.14,0.404,0.374,0,0,1,1
0.14,0.404,0.377,0,0,1,1
0.14,0.404,0.38,0,0,1,1
0.14,0.404,0.383,0,0,1,1
0.14,0.404,0.386,0,0,1,1
0.14,0.404,0.389,0,0,1,1
0.14,0.404,0.392,0,0,1,1
0.14,0.404,0.395,0,0,1,1
0.14,0.404,0.398,0,0,1,1
0.14,0.404,0.401,0,0,1,1
0.14,0.404,0.404,0,0,1,1
0.14,0.404,0.407,0,0,1,1
0.14,0.404,0.41,0,0,1,1
0.14,0.404,0.413,0,0,1,1
0.14,0.404,0.416,0,0,1,1
0.14,0.404,0.419,0,0,1,1
0.14,0.404,0.422,0,0,1,1
0.14,0.404,0.425,0,0,1,1
0.14,0.404,0.427999,0,0,1,1
0.14,0.404,0.430999,0,0,1,1
0.14,0.404,0.433999,0,0,1,1
0.14,0.404,0.436999,0,0,1,1
0.14,0.404,0.439999,0,0,1,1
0.14,0.401,0.26,0,0,1,1
0.14,0.401,0.263,0,0,1,1
0.14,0.401,0.266,0,0,1,1
0.14,0.401,0.269,0,0,1,1
0.14,0.401,0.272,0,0,1,1
0.14,0.401,0.275,0,0,1,1
0.14,0.401,0.278,0,0,1,1
0.14,0.401,0.281,0,0,1,1
0.14,0.401,0.284,0,0,1,1
0.14,0.401,0.287,0,0,1,1
0.14,0.401,0.29,0,0,1,1
0.14,0.401,0.293,0,0,1,1
0.14,0.401,0.296,0,0,1,1
0.14,0.401,0.299,0,0,1,1
0.14,0.401,0.302,0,0,1,1
0.14,0.401,0.305,0,0,1,1
0.14,0.401,0.308,0,0,1,1
0.14,0.401,0.311,0,0,1,1
0.14,0.401,0.314,0,0,1,1
0.14,0.401,0.317,0,0,1,1
0.14,0.401,0.32,0,0,1,1
0.14,0.401,0.323,0,0,1,1
0.14,0.401,0.326,0,0,1,1
0.14,0.401,0.329,0,0,1,1
0.14,0.401,0.332,0,0,1,1
0.14,0.401,0.335,0,0,1,1
0.14,0.401,0.338,0,0,1,1
0.14,0.401,0.341,0,0,1,1
0.14,0.401,0.344,0,0,1,1
0.14,0.401,0.347,0,0,1,1
0.14,0.401,0.35,0,0,1,1
0.14,0.401,0.353,0,0,1,1
0.14,0.401,0.356,0,0,1,1
0.14,0.401,0.359,0,0,1,1
0.14,0.401,0.362,0,0,1,1
0.14,0.401,0.365,0,0,1,1
0.14,0.401,0.368,0,0,1,1
0.14,0.401,0.371,0,0,1,1
0.14,0.401,0.374,0,0,1,1
0.14,0.401,0.377,0,0,1,1
0.14,0.401,0.38,0,0,1,1
0.14,0.401,0.383,0,0,1,1
0.14,0.401,0.386,0,0,1,1
0.14,0.401,0.389,0,0,1,1
0.14,0.401,0.392,0,0,1,1
0.14,0.401,0.395,0,0,1,1
0.14,0.401,0.398,0,0,1,1
0.14,0.401,0.401,0,0,1,1
0.14,0.401,0.404,0,0,1,1
0.14,0.401,0.407,0,0,1,1
0.14,0.401,0.41,0,0,1,1
0.14,0.401,0.413,0,0,1,1
0.14,0.401,0.416,0,0,1,1
0.14,0.401,0.419,0,0,1,1
0.14,0.401,0.422,0,0,1,1
0.14,0.401,0.425,0,0,1,1
0.14,0.401,0.427999,0,0,1,1
0.14,0.401,0.430999,0,0,1,1
0.14,0.401,0.433999,0,0,1,1
0.14,0.401,0.436999,0,0,1,1
0.14,0.401,0.439999,0,0,1,1
0.14,0.398,0.26,0,0,1,1
0.14,0.398,0.263,0,0,1,1
0.14,0.398,0.266,0,0,1,1
0.14,0.398,0.269,0,0,1,1
0.14,0.398,0.272,0,0,1,1
0.14,0.398,0.275,0,0,1,1
0.14,0.398,0.278,0,0,1,1
0.14,0.398,0.281,0,0,1,1
0.14,0.398,0.284,0,0,1,1
0.14,0.398,0.287,0,0,1,1
0.14,0.398,0.29,0,0,1,1
0.14,0.398,0.293,0,0,1,1
0.14,0.398,0.296,0,0,1,1
0.14,0.398,0.299,0,0,1,1
0.14,0.398,0.302,0,0,1,1
0.14,0.398,0.305,0,0,1,1
0.14,0.398,0.308,0,0,1,1
0.14,0.398,0.311,0,0,1,1
0.14,0.398,0.314,0,0,1,1
0.14,0.398,0.317,0,0,1,1
0.14,0.398,0.32,0,0,1,1
0.14,0.398,0.323,0,0,1,1
0.14,0.398,0.326,0,0,1,1
0.14,0.398,0.329,0,0,1,1
0.14,0.398,0.332,0,0,1,1
0.14,0.398,0.335,0,0,1,1
0.14,0.398,0.338,0,0,1,1
0.14,0.398,0.341,0,0,1,1
0.14,0.398,0.344,0,0,1,1
0.14,0.398,0.347,0,0,1,1
0.14,0.398,0.35,0,0,1,1
0.14,0.398,0.353,0,0,1,1
0.14,0.398,0.356,0,0,1,1
0.14,0.398,0.359,0,0,1,1
0.14,0.398,0.362,0,0,1,1
0.14,0.398,0.365,0,0,1,1
0.14,0.398,0.368,0,0,1,1
0.14,0.398,0.371,0,0,1,1
0.14,0.398,0.374,0,0,1,1
0.14,0.398,0.377,0,0,1,1
0.14,0.398,0.38,0,0,1,1
0.14,0.398,0.383,0,0,1,1
0.14,0.398,0.386,0,0,1,1
0.14,0.398,0.389,0,0,1,1
0.14,0.398,0.392,0,0,1,1
0.14,0.398,0.395,0,0,1,1
0.14,0.398,0.398,0,0,1,1
0.14,0.398,0.401,0,0,1,1
0.14,0.398,0.404,0,0,1,1
0.14,0.398,0.407,0,0,1,1
0.14,0.398,0.41,0,0,1,1
0.14,0.398,0.413,0,0,1,1
0.14,0.398,0.416,0,0,1,1
0.14,0.398,0.419,0,0,1,1
0.14,0.398,0.422,0,0,1,1
0.14,0.398,0.425,0,0,1,1
0.14,0.398,0.427999,0,0,1,1
0.14,0.398,0.430999,0,0,1,1
0.14,0.398,0.433999,0,0,1,1
0.14,0.398,0.436999,0,0,1,1
0.14,0.398,0.439999,0,0,1,1
0.14,0.395,0.26,0,0,1,1
0.14,0.395,0.263,0,0,1,1
0.14,0.395,0.266,0,0,1,1
0.14,0.395,0.269,0,0,1,1
0.14,0.395,0.272,0,0,1,1
0.14,0.395,0.275,0,0,1,1
0.14,0.395,0.278,0,0,1,1
0.14,0.395,0.281,0,0,1,1
0.14,0.395,0.284,0,0,1,1
0.14,0.395,0.287,0,0,1,1
0.14,0.395,0.29,0,0,1,1
0.14,0.395,0.293,0,0,1,1
0.14,0.395,0.296,0,0,1,1
0.14,0.395,0.299,0,0,1,1
0.14,0.395,0.302,0,0,1,1
0.14,0.395,0.305,0,0,1,1
0.14,0.395,0.308,0,0,1,1
0.14,0.395,0.311,0,0,1,1
0.14,0.395,0.314,0,0,1,1
0.14,0.395,0.317,0,0,1,1
0.14,0.395,0.32,0,0,1,1
0.14,0.395,0.323,0,0,1,1
0.14,0.395,0.326,0,0,1,1
0.14,0.395,0.329,0,0,1,1
0.14,0.395,0.332,0,0,1,1
0.14,0.395,0.335,0,0,1,1
0.14,0.395,0.338,0,0,1,1
0.14,0.395,0.341,0,0,1,1
0.14,0.395,0.344,0,0,1,1
0.14,0.395,0.347,0,0,1,1
0.14,0.395,0.35,0,0,1,1
0.14,0.395,0.353,0,0,1,1
0.14,0.395,0.356,0,0,1,1
0.14,0.395,0.359,0,0,1,1
0.14,0.395,0.362,0,0,1,1
0.14,0.395,0.365,0,0,1,1
0.14,0.395,0.368,0,0,1,1
0.14,0.395,0.371,0,0,1,1
0.14,0.395,0.374,0,0,1,1
0.14,0.395,0.377,0,0,1,1
0.14,0.395,0.38,0,0,1,1
0.14,0.395,0.383,0,0,1,1
0.14,0.395,0.386,0,0,1,1
0.14,0.395,0.389,0,0,1,1
0.14,0.395,0.392,0,0,1,1
0.14,0.395,0.395,0,0,1,1
0.14,0.395,0.398,0,0,1,1
0.14,0.395,0.401,0,0,1,1
0.14,0.395,0.404,0,0,1,1
0.14,0.395,0.407,0,0,1,1
0.14,0.395,0.41,0,0,1,1
0.14,0.395,0.413,0,0,1,1
0.14,0.395,0.416,0,0,1,1
0.14,0.395,0.419,0,0,1,1
0.14,0.395,0.422,0,0,1,1
0.14,0.395,0.425,0,0,1,1
0.14,0.395,0.427999,0,0,1,1
0.14,0.395,0.430999,0,0,1,1
0.14,0.395,0.433999,0,0,1,1
0.14,0.395,0.436999,0,0,1,1
0.14,0.395,0.439999,0,0,1,1
0.14,0.392,0.26,0,0,1,1
0.14,0.392,0.263,0,0,1,1
0.14,0.392,0.266,0,0,1,1
0.14,0.392,0.269,0,0,1,1
0.14,0.392,0.272,0,0,1,1
0.14,0.392,0.275,0,0,1,1
0.14,0.392,0.278,0,0,1,1
0.14,0.392,0.281,0,0,1,1
0.14,0.392,0.284,0,0,1,1
0.14,0.392,0.287,0,0,1,1
0.14,0.392,0.29,0,0,1,1
0.14,0.392,0.293,0,0,1,1
0.14,0.392,0.296,0,0,1,1
0.14,0.392,0.299,0,0,1,1
0.14,0.392,0.302,0,0,1,1
0.14,0.392,0.305,0,0,1,1
0.14,0.392,0.308,0,0,1,1
0.14,0.392,0.311,0,0,1,1
0.14,0.392,0.314,0,0,1,1
0.14,0.392,0.317,0,0,1,1
0.14,0.392,0.32,0,0,1,1
0.14,0.392,0.323,0,0,1,1
0.14,0.392,0.326,0,0,1,1
0.14,0.392,0.329,0,0,1,1
0.14,0.392,0.332,0,0,1,1
0.14,0.392,0.335,0,0,1,1
0.14,0.392,0.338,0,0,1,1
0.14,0.392,0.341,0,0,1,1
0.14,0.392,0.344,0,0,1,1
0.14,0.392,0.347,0,0,1,1
0.14,0.392,0.35,0,0,1,1
0.14,0.392,0.353,0,0,1,1
0.14,0.392,0.356,0,0,1,1
0.14,0.392,0.359,0,0,1,1
0.14,0.392,0.362,0,0,1,1
0.14,0.392,0.365,0,0,1,1
0.14,0.392,0.368,0,0,1,1
0.14,0.392,0.371,0,0,1,1
0.14,0.392,0.374,0,0,1,1
0.14,0.392,0.377,0,0,1,1
0.14,0.392,0.38,0,0,1,1
0.14,0.392,0.383,0,0,1,1
0.14,0.392,0.386,0,0,1,1
0.14,0.392,0.389,0,0,1,1
0.14,0.392,0.392,0,0,1,1
0.14,0.392,0.395,0,0,1,1
0.14,0.392,0.398,0,0,1,1
0.14,0.392,0.401,0,0,1,1
0.14,0.392,0.404,0,0,1,1
0.14,0.392,0.407,0,0,1,1
0.14,0.392,0.41,0,0,1,1
0.14,0.392,0.413,0,0,1,1
0.14,0.392,0.416,0,0,1,1
0.14,0.392,0.419,0,0,1,1
0.14,0.392,0.422,0,0,1,1
0.14,0.392,0.425,0,0,1,1
0.14,0.392,0.427999,0,0,1,1
0.14,0.392,0.430999,0,0,1,1
0.14,0.392,0.433999,0,0,1,1
0.14,0.392,0.436999,0,0,1,1
0.14,0.392,0.439999,0,0,1,1
0.14,0.389,0.26,0,0,1,1
0.14,0.389,0.263,0,0,1,1
0.14,0.389,0.266,0,0,1,1
0.14,0.389,0.269,0,0,1,1
0.14,0.389,0.272,0,0,1,1
0.14,0.389,0.275,0,0,1,1
0.14,0.389,0.278,0,0,1,1
0.14,0.389,0.281,0,0,1,1
0.14,0.389,0.284,0,0,1,1
0.14,0.389,0.287,0,0,1,1
0.14,0.389,0.29,0,0,1,1
0.14,0.389,0.293,0,0,1,1
0.14,0.389,0.296,0,0,1,1
0.14,0.389,0.299,0,0,1,1
0.14,0.389,0.302,0,0,1,1
0.14,0.389,0.305,0,0,1,1
0.14,0.389,0.308,0,0,1,1
0.14,0.389,0.311,0,0,1,1
0.14,0.389,0.314,0,0,1,1
0.14,0.389,0.317,0,0,1,1
0.14,0.389,0.32,0,0,1,1
0.14,0.389,0.323,0,0,1,1
0.14,0.389,0.326,0,0,1,1
0.14,0.389,0.329,0,0,1,1
0.14,0.389,0.332,0,0,1,1
0.14,0.389,0.335,0,0,1,1
0.14,0.389,0.338,0,0,1,1
0.14,0.389,0.341,0,0,1,1
0.14,0.389,0.344,0,0,1,1
0.14,0.389,0.347,0,0,1,1
0.14,0.389,0.35,0,0,1,1
0.14,0.389,0.353,0,0,1,1
0.14,0.389,0.356,0,0,1,1
0.14,0.389,0.359,0,0,1,1
0.14,0.389,0.362,0,0,1,1
0.14,0.389,0.365,0,0,1,1
0.14,0.389,0.368,0,0,1,1
0.14,0.389,0.371,0,0,1,1
0.14,0.389,0.374,0,0,1,1
0.14,0.389,0.377,0,0,1,1
0.14,0.389,0.38,0,0,1,1
0.14,0.389,0.383,0,0,1,1
0.14,0.389,0.386,0,0,1,1
0.14,0.389,0.389,0,0,1,1
0.14,0.389,0.392,0,0,1,1
0.14,0.389,0.395,0,0,1,1
0.14,0.389,0.398,0,0,1,1
0.14,0.389,0.401,0,0,1,1
0.14,0.389,0.404,0,0,1,1
0.14,0.389,0.407,0,0,1,1
0.14,0.389,0.41,0,0,1,1
0.14,0.389,0.413,0,0,1,1
0.14,0.389,0.416,0,0,1,1
0.14,0.389,0.419,0,0,1,1
0.14,0.389,0.422,0,0,1,1
0.14,0.389,0.425,0,0,1,1
0.14,0.389,0.427999,0,0,1,1
0.14,0.389,0.430999,0,0,1,1
0.14,0.389,0.433999,0,0,1,1
0.14,0.389,0.436999,0,0,1,1
0.14,0.389,0.439999,0,0,1,1
0.14,0.386,0.26,0,0,1,1
0.14,0.386,0.263,0,0,1,1
0.14,0.386,0.266,0,0,1,1
0.14,0.386,0.269,0,0,1,1
0.14,0.386,0.272,0,0,1,1
0.14,0.386,0.275,0,0,1,1
0.14,0.386,0.278,0,0,1,1
0.14,0.386,0.281,0,0,1,1
0.14,0.386,0.284,0,0,1,1
0.14,0.386,0.287,0,0,1,1
0.14,0.386,0.29,0,0,1,1
0.14,0.386,0.293,0,0,1,1
0.14,0.386,0.296,0,0,1,1
0.14,0.386,0.299,0,0,1,1
0.14,0.386,0.302,0,0,1,1
0.14,0.386,0.305,0,0,1,1
0.14,0.386,0.308,0,0,1,1
0.14,0.386,0.311,0,0,1,1
0.14,0.386,0.314,0,0,1,1
0.14,0.386,0.317,0,0,1,1
0.14,0.386,0.32,0,0,1,1
0.14,0.386,0.323,0,0,1,1
0.14,0.386,0.326,0,0,1,1
0.14,0.386,0.329,0,0,1,1
0.14,0.386,0.332,0,0,1,1
0.14,0.386,0.335,0,0,1,1
0.14,0.386,0.338,0,0,1,1
0.14,0.386,0.341,0,0,1,1
0.14,0.386,0.344,0,0,1,1
0.14,0.386,0.347,0,0,1,1
0.14,0.386,0.35,0,0,1,1
0.14,0.386,0.353,0,0,1,1
0.14,0.386,0.356,0,0,1,1
0.14,0.386,0.359,0,0,1,1
0.14,0.386,0.362,0,0,1,1
0.14,0.386,0.365,0,0,1,1
0.14,0.386,0.368,0,0,1,1
0.14,0.386,0.371,0,0,1,1
0.14,0.386,0.374,0,0,1,1
0.14,0.386,0.377,0,0,1,1
0.14,0.386,0.38,0,0,1,1
0.14,0.386,0.383,0,0,1,1
0.14,0.386,0.386,0,0,1,1
0.14,0.386,0.389,0,0,1,1
0.14,0.386,0.392,0,0,1,1
0.14,0.386,0.395,0,0,1,1
0.14,0.386,0.398,0,0,1,1
0.14,0.386,0.401,0,0,1,1
0.14,0.386,0.404,0,0,1,1
0.14,0.386,0.407,0,0,1,1
0.14,0.386,0.41,0,0,1,1
0.14,0.386,0.413,0,0,1,1
0.14,0.386,0.416,0,0,1,1
0.14,0.386,0.419,0,0,1,1
0.14,0.386,0.422,0,0,1,1
0.14,0.386,0.425,0,0,1,1
0.14,0.386,0.427999,0,0,1,1
0.14,0.386,0.430999,0,0,1,1
0.14,0.386,0.433999,0,0,1,1
0.14,0.386,0.436999,0,0,1,1
0.14,0.386,0.439999,0,0,1,1
0.14,0.383,0.26,0,0,1,1
0.14,0.383,0.263,0,0,1,1
0.14,0.383,0.266,0,0,1,1
0.14,0.383,0.269,0,0,1,1
0.14,0.383,0.272,0,0,1,1
0.14,0.383,0.275,0,0,1,1
0.14,0.383,0.278,0,0,1,1
0.14,0.383,0.281,0,0,1,1
0.14,0.383,0.284,0,0,1,1
0.14,0.383,0.287,0,0,1,1
0.14,0.383,0.29,0,0,1,1
0.14,0.383,0.293,0,0,1,1
0.14,0.383,0.296,0,0,1,1
0.14,0.383,0.299,0,0,1,1
0.14,0.383,0.302,0,0,1,1
0.14,0.383,0.305,0,0,1,1
0.14,0.383,0.308,0,0,1,1
0.14,0.383,0.311,0,0,1,1
0.14,0.383,0.314,0,0,1,1
0.14,0.383,0.317,0,0,1,1
0.14,0.383,0.32,0,0,1,1
0.14,0.383,0.323,0,0,1,1
0.14,0.383,0.326,0,0,1,1
0.14,0.383,0.329,0,0,1,1
0.14,0.383,0.332,0,0,1,1
0.14,0.383,0.335,0,0,1,1
0.14,0.383,0.338,0,0,1,1
0.14,0.383,0.341,0,0,1,1
0.14,0.383,0.344,0,0,1,1
0.14,0.383,0.347,0,0,1,1
0.14,0.383,0.35,0,0,1,1
0.14,0.383,0.353,0,0,1,1
0.14,0.383,0.356,0,0,1,1
0.14,0.383,0.359,0,0,1,1
0.14,0.383,0.362,0,0,1,1
0.14,0.383,0.365,0,0,1,1
0.14,0.383,0.368,0,0,1,1
0.14,0.383,0.371,0,0,1,1
0.14,0.383,0.374,0,0,1,1
0.14,0.383,0.377,0,0,1,1
0.14,0.383,0.38,0,0,1,1
0.14,0.383,0.383,0,0,1,1
0.14,0.383,0.386,0,0,1,1
0.14,0.383,0.389,0,0,1,1
0.14,0.383,0.392,0,0,1,1
0.14,0.383,0.395,0,0,1,1
0.14,0.383,0.398,0,0,1,1
0.14,0.383,0.401,0,0,1,1
0.14,0.383,0.404,0,0,1,1
0.14,0.383,0.407,0,0,1,1
0.14,0.383,0.41,0,0,1,1
0.14,0.383,0.413,0,0,1,1
0.14,0.383,0.416,0,0,1,1
0.14,0.383,0.419,0,0,1,1
0.14,0.383,0.422,0,0,1,1
0.14,0.383,0.425,0,0,1,1
0.14,0.383,0.427999,0,0,1,1
0.14,0.383,0.430999,0,0,1,1
0.14,0.383,0.433999,0,0,1,1
0.14,0.383,0.436999,0,0,1,1
0.14,0.383,0.439999,0,0,1,1
0.14,0.38,0.26,0,0,1,1
0.14,0.38,0.263,0,0,1,1
0.14,0.38,0.266,0,0,1,1
0.14,0.38,0.269,0,0,1,1
0.14,0.38,0.272,0,0,1,1
0.14,0.38,0.275,0,0,1,1
0.14,0.38,0.278,0,0,1,1
0.14,0.38,0.281,0,0,1,1
0.14,0.38,0.284,0,0,1,1
0.14,0.38,0.287,0,0,1,1
0.14,0.38,0.29,0,0,1,1
0.14,0.38,0.293,0,0,1,1
0.14,0.38,0.296,0,0,1,1
0.14,0.38,0.299,0,0,1,1
0.14,0.38,0.302,0,0,1,1
0.14,0.38,0.305,0,0,1,1
0.14,0.38,0.308,0,0,1,1
0.14,0.38,0.311,0,0,1,1
0.14,0.38,0.314,0,0,1,1
0.14,0.38,0.317,0,0,1,1
0.14,0.38,0.32,0,0,1,1
0.14,0.38,0.323,0,0,1,1
0.14,0.38,0.326,0,0,1,1
0.14,0.38,0.329,0,0,1,1
0.14,0.38,0.332,0,0,1,1
0.14,0.38,0.335,0,0,1,1
0.14,0.38,0.338,0,0,1,1
0.14,0.38,0.341,0,0,1,1
0.14,0.38,0.344,0,0,1,1
0.14,0.38,0.347,0,0,1,1
0.14,0.38,0.35,0,0,1,1
0.14,0.38,0.353,0,0,1,1
0.14,0.38,0.356,0,0,1,1
0.14,0.38,0.359,0,0,1,1
0.14,0.38,0.362,0,0,1,1
0.14,0.38,0.365,0,0,1,1
0.14,0.38,0.368,0,0,1,1
0.14,0.38,0.371,0,0,1,1
0.14,0.38,0.374,0,0,1,1
0.14,0.38,0.377,0,0,1,1
0.14,0.38,0.38,0,0,1,1
0.14,0.38,0.383,0,0,1,1
0.14,0.38,0.386,0,0,1,1
0.14,0.38,0.389,0,0,1,1
0.14,0.38,0.392,0,0,1,1
0.14,0.38,0.395,0,0,1,1
0.14,0.38,0.398,0,0,1,1
0.14,0.38,0.401,0,0,1,1
0.14,0.38,0.404,0,0,1,1
0.14,0.38,0.407,0,0,1,1
0.14,0.38,0.41,0,0,1,1
0.14,0.38,0.413,0,0,1,1
0.14,0.38,0.416,0,0,1,1
0.14,0.38,0.419,0,0,1,1
0.14,0.38,0.422,0,0,1,1
0.14,0.38,0.425,0,0,1,1
0.14,0.38,0.427999,0,0,1,1
0.14,0.38,0.430999,0,0,1,1
0.14,0.38,0.433999,0,0,1,1
0.14,0.38,0.436999,0,0,1,1
0.14,0.38,0.439999,0,0,1,1
0.14,0.377,0.26,0,0,1,1
0.14,0.377,0.263,0,0,1,1
0.14,0.377,0.266,0,0,1,1
0.14,0.377,0.269,0,0,1,1
0.14,0.377,0.272,0,0,1,1
0.14,0.377,0.275,0,0,1,1
0.14,0.377,0.278,0,0,1,1
0.14,0.377,0.281,0,0,1,1
0.14,0.377,0.284,0,0,1,1
0.14,0.377,0.287,0,0,1,1
0.14,0.377,0.29,0,0,1,1
0.14,0.377,0.293,0,0,1,1
0.14,0.377,0.296,0,0,1,1
0.14,0.377,0.299,0,0,1,1
0.14,0.377,0.302,0,0,1,1
0.14,0.377,0.305,0,0,1,1
0.14,0.377,0.308,0,0,1,1
0.14,0.377,0.311,0,0,1,1
0.14,0.377,0.314,0,0,1,1
0.14,0.377,0.317,0,0,1,1
0.14,0.377,0.32,0,0,1,1
0.14,0.377,0.323,0,0,1,1
0.14,0.377,0.326,0,0,1,1
0.14,0.377,0.329,0,0,1,1
0.14,0.377,0.332,0,0,1,1
0.14,0.377,0.335,0,0,1,1
0.14,0.377,0.338,0,0,1,1
0.14,0.377,0.341,0,0,1,1
0.14,0.377,0.344,0,0,1,1
0.14,0.377,0.347,0,0,1,1
0.14,0.377,0.35,0,0,1,1
0.14,0.377,0.353,0,0,1,1
0.14,0.377,0.356,0,0,1,1
0.14,0.377,0.359,0,0,1,1
0.14,0.377,0.362,0,0,1,1
0.14,0.377,0.365,0,0,1,1
0.14,0.377,0.368,0,0,1,1
0.14,0.377,0.371,0,0,1,1
0.14,0.377,0.374,0,0,1,1
0.14,0.377,0.377,0,0,1,1
0.14,0.377,0.38,0,0,1,1
0.14,0.377,0.383,0,0,1,1
0.14,0.377,0.386,0,0,1,1
0.14,0.377,0.389,0,0,1,1
0.14,0.377,0.392,0,0,1,1
0.14,0.377,0.395,0,0,1,1
0.14,0.377,0.398,0,0,1,1
0.14,0.377,0.401,0,0,1,1
0.14,0.377,0.404,0,0,1,1
0.14,0.377,0.407,0,0,1,1
0.14,0.377,0.41,0,0,1,1
0.14,0.377,0.413,0,0,1,1
0.14,0.377,0.416,0,0,1,1
0.14,0.377,0.419,0,0,1,1
0.14,0.377,0.422,0,0,1,1
0.14,0.377,0.425,0,0,1,1
0.14,0.377,0.427999,0,0,1,1
0.14,0.377,0.430999,0,0,1,1
0.14,0.377,0.433999,0,0,1,1
0.14,0.377,0.436999,0,0,1,1
0.14,0.377,0.439999,0,0,1,1
0.14,0.374,0.26,0,0,1,1
0.14,0.374,0.263,0,0,1,1
0.14,0.374,0.266,0,0,1,1
0.14,0.374,0.269,0,0,1,1
0.14,0.374,0.272,0,0,1,1
0.14,0.374,0.275,0,0,1,1
0.14,0.374,0.278,0,0,1,1
0.14,0.374,0.281,0,0,1,1
0.14,0.374,0.284,0,0,1,1
0.14,0.374,0.287,0,0,1,1
0.14,0.374,0.29,0,0,1,1
0.14,0.374,0.293,0,0,1,1
0.14,0.374,0.296,0,0,1,1
0.14,0.374,0.299,0,0,1,1
0.14,0.374,0.302,0,0,1,1
0.14,0.374,0.305,0,0,1,1
0.14,0.374,0.308,0,0,1,1
0.14,0.374,0.311,0,0,1,1
0.14,0.374,0.314,0,0,1,1
0.14,0.374,0.317,0,0,1,1
0.14,0.374,0.32,0,0,1,1
0.14,0.374,0.323,0,0,1,1
0.14,0.374,0.326,0,0,1,1
0.14,0.374,0.329,0,0,1,1
0.14,0.374,0.332,0,0,1,1
0.14,0.374,0.335,0,0,1,1
0.14,0.374,0.338,0,0,1,1
0.14,0.374,0.341,0,0,1,1
0.14,0.374,0.344,0,0,1,1
0.14,0.374,0.347,0,0,1,1
0.14,0.374,0.35,0,0,1,1
0.14,0.374,0.353,0,0,1,1
0.14,0.374,0.356,0,0,1,1
0.14,0.374,0.359,0,0,1,1
0.14,0.374,0.362,0,0,1,1
0.14,0.374,0.365,0,0,1,1
0.14,0.374,0.368,0,0,1,1
0.14,0.374,0.371,0,0,1,1
0.14,0.374,0.374,0,0,1,1
0.14,0.374,0.377,0,0,1,1
0.14,0.374,0.38,0,0,1,1
0.14,0.374,0.383,0,0,1,1
0.14,0.374,0.386,0,0,1,1
0.14,0.374,0.389,0,0,1,1
0.14,0.374,0.392,0,0,1,1
0.14,0.374,0.395,0,0,1,1
0.14,0.374,0.398,0,0,1,1
0.14,0.374,0.401,0,0,1,1
0.14,0.374,0.404,0,0,1,1
0.14,0.374,0.407,0,0,1,1
0.14,0.374,0.41,0,0,1,1
0.14,0.374,0.413,0,0,1,1
0.14,0.374,0.416,0,0,1,1
0.14,0.374,0.419,0,0,1,1
0.14,0.374,0.422,0,0,1,1
0.14,0.374,0.425,0,0,1,1
0.14,0.374,0.427999,0,0,1,1
0.14,0.374,0.430999,0,0,1,1
0.14,0.374,0.433999,0,0,1,1
0.14,0.374,0.436999,0,0,1,1
0.14,0.374,0.439999,0,0,1,1
0.14,0.371,0.26,0,0,1,1
0.14,0.371,0.263,0,0,1,1
0.14,0.371,0.266,0,0,1,1
0.14,0.371,0.269,0,0,1,1
0.14,0.371,0.272,0,0,1,1
0.14,0.371,0.275,0,0,1,1
0.14,0.371,0.278,0,0,1,1
0.14,0.371,0.281,0,0,1,1
0.14,0.371,0.284,0,0,1,1
0.14,0.371,0.287,0,0,1,1
0.14,0.371,0.29,0,0,1,1
0.14,0.371,0.293,0,0,1,1
0.14,0.371,0.296,0,0,1,1
0.14,0.371,0.299,0,0,1,1
0.14,0.371,0.302,0,0,1,1
0.14,0.371,0.305,0,0,1,1
0.14,0.371,0.308,0,0,1,1
0.14,0.371,0.311,0,0,1,1
0.14,0.371,0.314,0,0,1,1
0.14,0.371,0.317,0,0,1,1
0.14,0.371,0.32,0,0,1,1
0.14,0.371,0.323,0,0,1,1
0.14,0.371,0.326,0,0,1,1
0.14,0.371,0.329,0,0,1,1
0.14,0.371,0.332,0,0,1,1
0.14,0.371,0.335,0,0,1,1
0.14,0.371,0.338,0,0,1,1
0.14,0.371,0.341,0,0,1,1
0.14,0.371,0.344,0,0,1,1
0.14,0.371,0.347,0,0,1,1
0.14,0.371,0.35,0,0,1,1
0.14,0.371,0.353,0,0,1,1
0.14,0.371,0.356,0,0,1,1
0.14,0.371,0.359,0,0,1,1
0.14,0.371,0.362,0,0,1,1
0.14,0.371,0.365,0,0,1,1
0.14,0.371,0.368,0,0,1,1
0.14,0.371,0.371,0,0,1,1
0.14,0.371,0.374,0,0,1,1
0.14,0.371,0.377,0,0,1,1
0.14,0.371,0.38,0,0,1,1
0.14,0.371,0.383,0,0,1,1
0.14,0.371,0.386,0,0,1,1
0.14,0.371,0.389,0,0,1,1
0.14,0.371,0.392,0,0,1,1
0.14,0.371,0.395,0,0,1,1
0.14,0.371,0.398,0,0,1,1
0.14,0.371,0.401,0,0,1,1
0.14,0.371,0.404,0,0,1,1
0.14,0.371,0.407,0,0,1,1
0.14,0.371,0.41,0,0,1,1
0.14,0.371,0.413,0,0,1,1
0.14,0.371,0.416,0,0,1,1
0.14,0.371,0.419,0,0,1,1
0.14,0.371,0.422,0,0,1,1
0.14,0.371,0.425,0,0,1,1
0.14,0.371,0.427999,0,0,1,1
0.14,0.371,0.430999,0,0,1,1
0.14,0.371,0.433999,0,0,1,1
0.14,0.371,0.436999,0,0,1,1
0.14,0.371,0.439999,0,0,1,1
0.14,0.368,0.26,0,0,1,1
0.14,0.368,0.263,0,0,1,1
0.14,0.368,0.266,0,0,1,1
0.14,0.368,0.269,0,0,1,1
0.14,0.368,0.272,0,0,1,1
0.14,0.368,0.275,0,0,1,1
0.14,0.368,0.278,0,0,1,1
0.14,0.368,0.281,0,0,1,1
0.14,0.368,0.284,0,0,1,1
0.14,0.368,0.287,0,0,1,1
0.14,0.368,0.29,0,0,1,1
0.14,0.368,0.293,0,0,1,1
0.14,0.368,0.296,0,0,1,1
0.14,0.368,0.299,0,0,1,1
0.14,0.368,0.302,0,0,1,1
0.14,0.368,0.305,0,0,1,1
0.14,0.368,0.308,0,0,1,1
0.14,0.368,0.311,0,0,1,1
0.14,0.368,0.314,0,0,1,1
0.14,0.368,0.317,0,0,1,1
0.14,0.368,0.32,0,0,1,1
0.14,0.368,0.323,0,0,1,1
0.14,0.368,0.326,0,0,1,1
0.14,0.368,0.329,0,0,1,1
0.14,0.368,0.332,0,0,1,1
0.14,0.368,0.335,0,0,1,1
0.14,0.368,0.338,0,0,1,1
0.14,0.368,0.341,0,0,1,1
0.14,0.368,0.344,0,0,1,1
0.14,0.368,0.347,0,0,1,1
0.14,0.368,0.35,0,0,1,1
0.14,0.368,0.353,0,0,1,1
0.14,0.368,0.356,0,0,1,1
0.14,0.368,0.359,0,0,1,1
0.14,0.368,0.362,0,0,1,1
0.14,0.368,0.365,0,0,1,1
0.14,0.368,0.368,0,0,1,1
0.14,0.368,0.371,0,0,1,1
0.14,0.368,0.374,0,0,1,1
0.14,0.368,0.377,0,0,1,1
0.14,0.368,0.38,0,0,1,1
0.14,0.368,0.383,0,0,1,1
0.14,0.368,0.386,0,0,1,1
0.14,0.368,0.389,0,0,1,1
0.14,0.368,0.392,0,0,1,1
0.14,0.368,0.395,0,0,1,1
0.14,0.368,0.398,0,0,1,1
0.14,0.368,0.401,0,0,1,1
0.14,0.368,0.404,0,0,1,1
0.14,0.368,0.407,0,0,1,1
0.14,0.368,0.41,0,0,1,1
0.14,0.368,0.413,0,0,1,1
0.14,0.368,0.416,0,0,1,1
0.14,0.368,0.419,0,0,1,1
0.14,0.368,0.422,0,0,1,1
0.14,0.368,0.425,0,0,1,1
0.14,0.368,0.427999,0,0,1,1
0.14,0.368,0.430999,0,0,1,1
0.14,0.368,0.433999,0,0,1,1
0.14,0.368,0.436999,0,0,1,1
0.14,0.368,0.439999,0,0,1,1
0.14,0.365,0.26,0,0,1,1
0.14,0.365,0.263,0,0,1,1
0.14,0.365,0.266,0,0,1,1
0.14,0.365,0.269,0,0,1,1
0.14,0.365,0.272,0,0,1,1
0.14,0.365,0.275,0,0,1,1
0.14,0.365,0.278,0,0,1,1
0.14,0.365,0.281,0,0,1,1
0.14,0.365,0.284,0,0,1,1
0.14,0.365,0.287,0,0,1,1
0.14,0.365,0.29,0,0,1,1
0.14,0.365,0.293,0,0,1,1
0.14,0.365,0.296,0,0,1,1
0.14,0.365,0.299,0,0,1,1
0.14,0.365,0.302,0,0,1,1
0.14,0.365,0.305,0,0,1,1
0.14,0.365,0.308,0,0,1,1
0.14,0.365,0.311,0,0,1,1
0.14,0.365,0.314,0,0,1,1
0.14,0.365,0.317,0,0,1,1
0.14,0.365,0.32,0,0,1,1
0.14,0.365,0.323,0,0,1,1
0.14,0.365,0.326,0,0,1,1
0.14,0.365,0.329,0,0,1,1
0.14,0.365,0.332,0,0,1,1
0.14,0.365,0.335,0,0,1,1
0.14,0.365,0.338,0,0,1,1
0.14,0.365,0.341,0,0,1,1
0.14,0.365,0.344,0,0,1,1
0.14,0.365,0.347,0,0,1,1
0.14,0.365,0.35,0,0,1,1
0.14,0.365,0.353,0,0,1,1
0.14,0.365,0.356,0,0,1,1
0.14,0.365,0.359,0,0,1,1
0.14,0.365,0.362,0,0,1,1
0.14,0.365,0.365,0,0,1,1
0.14,0.365,0.368,0,0,1,1
0.14,0.365,0.371,0,0,1,1
0.14,0.365,0.374,0,0,1,1
0.14,0.365,0.377,0,0,1,1
0.14,0.365,0.38,0,0,1,1
0.14,0.365,0.383,0,0,1,1
0.14,0.365,0.386,0,0,1,1
0.14,0.365,0.389,0,0,1,1
0.14,0.365,0.392,0,0,1,1
0.14,0.365,0.395,0,0,1,1
0.14,0.365,0.398,0,0,1,1
0.14,0.365,0.401,0,0,1,1
0.14,0.365,0.404,0,0,1,1
0.14,0.365,0.407,0,0,1,1
0.14,0.365,0.41,0,0,1,1
0.14,0.365,0.413,0,0,1,1
0.14,0.365,0.416,0,0,1,1
0.14,0.365,0.419,0,0,1,1
0.14,0.365,0.422,0,0,1,1
0.14,0.365,0.425,0,0,1,1
0.14,0.365,0.427999,0,0,1,1
0.14,0.365,0.430999,0,0,1,1
0.14,0.365,0.433999,0,0,1,1
0.14,0.365,0.436999,0,0,1,1
0.14,0.365,0.439999,0,0,1,1
0.14,0.362,0.26,0,0,1,1
0.14,0.362,0.263,0,0,1,1
0.14,0.362,0.266,0,0,1,1
0.14,0.362,0.269,0,0,1,1
0.14,0.362,0.272,0,0,1,1
0.14,0.362,0.275,0,0,1,1
0.14,0.362,0.278,0,0,1,1
0.14,0.362,0.281,0,0,1,1
0.14,0.362,0.284,0,0,1,1
0.14,0.362,0.287,0,0,1,1
0.14,0.362,0.29,0,0,1,1
0.14,0.362,0.293,0,0,1,1
0.14,0.362,0.296,0,0,1,1
0.14,0.362,0.299,0,0,1,1
0.14,0.362,0.302,0,0,1,1
0.14,0.362,0.305,0,0,1,1
0.14,0.362,0.308,0,0,1,1
0.14,0.362,0.311,0,0,1,1
0.14,0.362,0.314,0,0,1,1
0.14,0.362,0.317,0,0,1,1
0.14,0.362,0.32,0,0,1,1
0.14,0.362,0.323,0,0,1,1
0.14,0.362,0.326,0,0,1,1
0.14,0.362,0.329,0,0,1,1
0.14,0.362,0.332,0,0,1,1
0.14,0.362,0.335,0,0,1,1
0.14,0.362,0.338,0,0,1,1
0.14,0.362,0.341,0,0,1,1
0.14,0.362,0.344,0,0,1,1
0.14,0.362,0.347,0,0,1,1
0.14,0.362,0.35,0,0,1,1
0.14,0.362,0.353,0,0,1,1
0.14,0.362,0.356,0,0,1,1
0.14,0.362,0.359,0,0,1,1
0.14,0.362,0.362,0,0,1,1
0.14,0.362,0.365,0,0,1,1
0.14,0.362,0.368,0,0,1,1
0.14,0.362,0.371,0,0,1,1
0.14,0.362,0.374,0,0,1,1
0.14,0.362,0.377,0,0,1,1
0.14,0.362,0.38,0,0,1,1
0.14,0.362,0.383,0,0,1,1
0.14,0.362,0.386,0,0,1,1
0.14,0.362,0.389,0,0,1,1
0.14,0.362,0.392,0,0,1,1
0.14,0.362,0.395,0,0,1,1
0.14,0.362,0.398,0,0,1,1
0.14,0.362,0.401,0,0,1,1
0.14,0.362,0.404,0,0,1,1
0.14,0.362,0.407,0,0,1,1
0.14,0.362,0.41,0,0,1,1
0.14,0.362,0.413,0,0,1,1
0.14,0.362,0.416,0,0,1,1
0.14,0.362,0.419,0,0,1,1
0.14,0.362,0.422,0,0,1,1
0.14,0.362,0.425,0,0,1,1
0.14,0.362,0.427999,0,0,1,1
0.14,0.362,0.430999,0,0,1,1
0.14,0.362,0.433999,0,0,1,1
0.14,0.362,0.436999,0,0,1,1
0.14,0.362,0.439999,0,0,1,1
0.14,0.359,0.26,0,0,1,1
0.14,0.359,0.263,0,0,1,1
0.14,0.359,0.266,0,0,1,1
0.14,0.359,0.269,0,0,1,1
0.14,0.359,0.272,0,0,1,1
0.14,0.359,0.275,0,0,1,1
0.14,0.359,0.278,0,0,1,1
0.14,0.359,0.281,0,0,1,1
0.14,0.359,0.284,0,0,1,1
0.14,0.359,0.287,0,0,1,1
0.14,0.359,0.29,0,0,1,1
0.14,0.359,0.293,0,0,1,1
0.14,0.359,0.296,0,0,1,1
0.14,0.359,0.299,0,0,1,1
0.14,0.359,0.302,0,0,1,1
0.14,0.359,0.305,0,0,1,1
0.14,0.359,0.308,0,0,1,1
0.14,0.359,0.311,0,0,1,1
0.14,0.359,0.314,0,0,1,1
0.14,0.359,0.317,0,0,1,1
0.14,0.359,0.32,0,0,1,1
0.14,0.359,0.323,0,0,1,1
0.14,0.359,0.326,0,0,1,1
0.14,0.359,0.329,0,0,1,1
0.14,0.359,0.332,0,0,1,1
0.14,0.359,0.335,0,0,1,1
0.14,0.359,0.338,0,0,1,1
0.14,0.359,0.341,0,0,1,1
0.14,0.359,0.344,0,0,1,1
0.14,0.359,0.347,0,0,1,1
0.14,0.359,0.35,0,0,1,1
0.14,0.359,0.353,0,0,1,1
0.14,0.359,0.356,0,0,1,1
0.14,0.359,0.359,0,0,1,1
0.14,0.359,0.362,0,0,1,1
0.14,0.359,0.365,0,0,1,1
0.14,0.359,0.368,0,0,1,1
0.14,0.359,0.371,0,0,1,1
0.14,0.359,0.374,0,0,1,1
0.14,0.359,0.377,0,0,1,1
0.14,0.359,0.38,0,0,1,1
0.14,0.359,0.383,0,0,1,1
0.14,0.359,0.386,0,0,1,1
0.14,0.359,0.389,0,0,1,1
0.14,0.359,0.392,0,0,1,1
0.14,0.359,0.395,0,0,1,1
0.14,0.359,0.398,0,0,1,1
0.14,0.359,0.401,0,0,1,1
0.14,0.359,0.404,0,0,1,1
0.14,0.359,0.407,0,0,1,1
0.14,0.359,0.41,0,0,1,1
0.14,0.359,0.413,0,0,1,1
0.14,0.359,0.416,0,0,1,1
0.14,0.359,0.419,0,0,1,1
0.14,0.359,0.422,0,0,1,1
0.14,0.359,0.425,0,0,1,1
0.14,0.359,0.427999,0,0,1,1
0.14,0.359,0.430999,0,0,1,1
0.14,0.359,0.433999,0,0,1,1
0.14,0.359,0.436999,0,0,1,1
0.14,0.359,0.439999,0,0,1,1
0.14,0.356,0.26,0,0,1,1
0.14,0.356,0.263,0,0,1,1
0.14,0.356,0.266,0,0,1,1
0.14,0.356,0.269,0,0,1,1
0.14,0.356,0.272,0,0,1,1
0.14,0.356,0.275,0,0,1,1
0.14,0.356,0.278,0,0,1,1
0.14,0.356,0.281,0,0,1,1
0.14,0.356,0.284,0,0,1,1
0.14,0.356,0.287,0,0,1,1
0.14,0.356,0.29,0,0,1,1
0.14,0.356,0.293,0,0,1,1
0.14,0.356,0.296,0,0,1,1
0.14,0.356,0.299,0,0,1,1
0.14,0.356,0.302,0,0,1,1
0.14,0.356,0.305,0,0,1,1
0.14,0.356,0.308,0,0,1,1
0.14,0.356,0.311,0,0,1,1
0.14,0.356,0.314,0,0,1,1
0.14,0.356,0.317,0,0,1,1
0.14,0.356,0.32,0,0,1,1
0.14,0.356,0.323,0,0,1,1
0.14,0.356,0.326,0,0,1,1
0.14,0.356,0.329,0,0,1,1
0.14,0.356,0.332,0,0,1,1
0.14,0.356,0.335,0,0,1,1
0.14,0.356,0.338,0,0,1,1
0.14,0.356,0.341,0,0,1,1
0.14,0.356,0.344,0,0,1,1
0.14,0.356,0.347,0,0,1,1
0.14,0.356,0.35,0,0,1,1
0.14,0.356,0.353,0,0,1,1
0.14,0.356,0.356,0,0,1,1
0.14,0.356,0.359,0,0,1,1
0.14,0.356,0.362,0,0,1,1
0.14,0.356,0.365,0,0,1,1
0.14,0.356,0.368,0,0,1,1
0.14,0.356,0.371,0,0,1,1
0.14,0.356,0.374,0,0,1,1
0.14,0.356,0.377,0,0,1,1
0.14,0.356,0.38,0,0,1,1
0.14,0.356,0.383,0,0,1,1
0.14,0.356,0.386,0,0,1,1
0.14,0.356,0.389,0,0,1,1
0.14,0.356,0.392,0,0,1,1
0.14,0.356,0.395,0,0,1,1
0.14,0.356,0.398,0,0,1,1
0.14,0.356,0.401,0,0,1,1
0.14,0.356,0.404,0,0,1,1
0.14,0.356,0.407,0,0,1,1
0.14,0.356,0.41,0,0,1,1
0.14,0.356,0.413,0,0,1,1
0.14,0.356,0.416,0,0,1,1
0.14,0.356,0.419,0,0,1,1
0.14,0.356,0.422,0,0,1,1
0.14,0.356,0.425,0,0,1,1
0.14,0.356,0.427999,0,0,1,1
0.14,0.356,0.430999,0,0,1,1
0.14,0.356,0.433999,0,0,1,1
0.14,0.356,0.436999,0,0,1,1
0.14,0.356,0.439999,0,0,1,1
0.14,0.353,0.26,0,0,1,1
0.14,0.353,0.263,0,0,1,1
0.14,0.353,0.266,0,0,1,1
0.14,0.353,0.269,0,0,1,1
0.14,0.353,0.272,0,0,1,1
0.14,0.353,0.275,0,0,1,1
0.14,0.353,0.278,0,0,1,1
0.14,0.353,0.281,0,0,1,1
0.14,0.353,0.284,0,0,1,1
0.14,0.353,0.287,0,0,1,1
0.14,0.353,0.29,0,0,1,1
0.14,0.353,0.293,0,0,1,1
0.14,0.353,0.296,0,0,1,1
0.14,0.353,0.299,0,0,1,1
0.14,0.353,0.302,0,0,1,1
0.14,0.353,0.305,0,0,1,1
0.14,0.353,0.308,0,0,1,1
0.14,0.353,0.311,0,0,1,1
0.14,0.353,0.314,0,0,1,1
0.14,0.353,0.317,0,0,1,1
0.14,0.353,0.32,0,0,1,1
0.14,0.353,0.323,0,0,1,1
0.14,0.353,0.326,0,0,1,1
0.14,0.353,0.329,0,0,1,1
0.14,0.353,0.332,0,0,1,1
0.14,0.353,0.335,0,0,1,1
0.14,0.353,0.338,0,0,1,1
0.14,0.353,0.341,0,0,1,1
0.14,0.353,0.344,0,0,1,1
0.14,0.353,0.347,0,0,1,1
0.14,0.353,0.35,0,0,1,1
0.14,0.353,0.353,0,0,1,1
0.14,0.353,0.356,0,0,1,1
0.14,0.353,0.359,0,0,1,1
0.14,0.353,0.362,0,0,1,1
0.14,0.353,0.365,0,0,1,1
0.14,0.353,0.368,0,0,1,1
0.14,0.353,0.371,0,0,1,1
0.14,0.353,0.374,0,0,1,1
0.14,0.353,0.377,0,0,1,1
0.14,0.353,0.38,0,0,1,1
0.14,0.353,0.383,0,0,1,1
0.14,0.353,0.386,0,0,1,1
0.14,0.353,0.389,0,0,1,1
0.14,0.353,0.392,0,0,1,1
0.14,0.353,0.395,0,0,1,1
0.14,0.353,0.398,0,0,1,1
0.14,0.353,0.401,0,0,1,1
0.14,0.353,0.404,0,0,1,1
0.14,0.353,0.407,0,0,1,1
0.14,0.353,0.41,0,0,1,1
0.14,0.353,0.413,0,0,1,1
0.14,0.353,0.416,0,0,1,1
0.14,0.353,0.419,0,0,1,1
0.14,0.353,0.422,0,0,1,1
0.14,0.353,0.425,0,0,1,1
0.14,0.353,0.427999,0,0,1,1
0.14,0.353,0.430999,0,0,1,1
0.14,0.353,0.433999,0,0,1,1
0.14,0.353,0.436999,0,0,1,1
0.14,0.353,0.439999,0,0,1,1
0.14,0.35,0.26,0,0,1,1
0.14,0.35,0.263,0,0,1,1
0.14,0.35,0.266,0,0,1,1
0.14,0.35,0.269,0,0,1,1
0.14,0.35,0.272,0,0,1,1
0.14,0.35,0.275,0,0,1,1
0.14,0.35,0.278,0,0,1,1
0.14,0.35,0.281,0,0,1,1
0.14,0.35,0.284,0,0,1,1
0.14,0.35,0.287,0,0,1,1
0.14,0.35,0.29,0,0,1,1
0.14,0.35,0.293,0,0,1,1
0.14,0.35,0.296,0,0,1,1
0.14,0.35,0.299,0,0,1,1
0.14,0.35,0.302,0,0,1,1
0.14,0.35,0.305,0,0,1,1
0.14,0.35,0.308,0,0,1,1
0.14,0.35,0.311,0,0,1,1
0.14,0.35,0.314,0,0,1,1
0.14,0.35,0.317,0,0,1,1
0.14,0.35,0.32,0,0,1,1
0.14,0.35,0.323,0,0,1,1
0.14,0.35,0.326,0,0,1,1
0.14,0.35,0.329,0,0,1,1
0.14,0.35,0.332,0,0,1,1
0.14,0.35,0.335,0,0,1,1
0.14,0.35,0.338,0,0,1,1
0.14,0.35,0.341,0,0,1,1
0.14,0.35,0.344,0,0,1,1
0.14,0.35,0.347,0,0,1,1
0.14,0.35,0.35,0,0,1,1
0.14,0.35,0.353,0,0,1,1
0.14,0.35,0.356,0,0,1,1
0.14,0.35,0.359,0,0,1,1
0.14,0.35,0.362,0,0,1,1
0.14,0.35,0.365,0,0,1,1
0.14,0.35,0.368,0,0,1,1
0.14,0.35,0.371,0,0,1,1
0.14,0.35,0.374,0,0,1,1
0.14,0.35,0.377,0,0,1,1
0.14,0.35,0.38,0,0,1,1
0.14,0.35,0.383,0,0,1,1
0.14,0.35,0.386,0,0,1,1
0.14,0.35,0.389,0,0,1,1
0.14,0.35,0.392,0,0,1,1
0.14,0.35,0.395,0,0,1,1
0.14,0.35,0.398,0,0,1,1
0.14,0.35,0.401,0,0,1,1
0.14,0.35,0.404,0,0,1,1
0.14,0.35,0.407,0,0,1,1
0.14,0.35,0.41,0,0,1,1
0.14,0.35,0.413,0,0,1,1
0.14,0.35,0.416,0,0,1,1
0.14,0.35,0.419,0,0,1,1
0.14,0.35,0.422,0,0,1,1
0.14,0.35,0.425,0,0,1,1
0.14,0.35,0.427999,0,0,1,1
0.14,0.35,0.430999,0,0,1,1
0.14,0.35,0.433999,0,0,1,1
0.14,0.35,0.436999,0,0,1,1
0.14,0.35,0.439999,0,0,1,1
0.14,0.347,0.26,0,0,1,1
0.14,0.347,0.263,0,0,1,1
0.14,0.347,0.266,0,0,1,1
0.14,0.347,0.269,0,0,1,1
0.14,0.347,0.272,0,0,1,1
0.14,0.347,0.275,0,0,1,1
0.14,0.347,0.278,0,0,1,1
0.14,0.347,0.281,0,0,1,1
0.14,0.347,0.284,0,0,1,1
0.14,0.347,0.287,0,0,1,1
0.14,0.347,0.29,0,0,1,1
0.14,0.347,0.293,0,0,1,1
0.14,0.347,0.296,0,0,1,1
0.14,0.347,0.299,0,0,1,1
0.14,0.347,0.302,0,0,1,1
0.14,0.347,0.305,0,0,1,1
0.14,0.347,0.308,0,0,1,1
0.14,0.347,0.311,0,0,1,1
0.14,0.347,0.314,0,0,1,1
0.14,0.347,0.317,0,0,1,1
0.14,0.347,0.32,0,0,1,1
0.14,0.347,0.323,0,0,1,1
0.14,0.347,0.326,0,0,1,1
0.14,0.347,0.329,0,0,1,1
0.14,0.347,0.332,0,0,1,1
0.14,0.347,0.335,0,0,1,1
0.14,0.347,0.338,0,0,1,1
0.14,0.347,0.341,0,0,1,1
0.14,0.347,0.344,0,0,1,1
0.14,0.347,0.347,0,0,1,1
0.14,0.347,0.35,0,0,1,1
0.14,0.347,0.353,0,0,1,1
0.14,0.347,0.356,0,0,1,1
0.14,0.347,0.359,0,0,1,1
0.14,0.347,0.362,0,0,1,1
0.14,0.347,0.365,0,0,1,1
0.14,0.347,0.368,0,0,1,1
0.14,0.347,0.371,0,0,1,1
0.14,0.347,0.374,0,0,1,1
0.14,0.347,0.377,0,0,1,1
0.14,0.347,0.38,0,0,1,1
0.14,0.347,0.383,0,0,1,1
0.14,0.347,0.386,0,0,1,1
0.14,0.347,0.389,0,0,1,1
0.14,0.347,0.392,0,0,1,1
0.14,0.347,0.395,0,0,1,1
0.14,0.347,0.398,0,0,1,1
0.14,0.347,0.401,0,0,1,1
0.14,0.347,0.404,0,0,1,1
0.14,0.347,0.407,0,0,1,1
0.14,0.347,0.41,0,0,1,1
0.14,0.347,0.413,0,0,1,1
0.14,0.347,0.416,0,0,1,1
0.14,0.347,0.419,0,0,1,1
0.14,0.347,0.422,0,0,1,1
0.14,0.347,0.425,0,0,1,1
0.14,0.347,0.427999,0,0,1,1
0.14,0.347,0.430999,0,0,1,1
0.14,0.347,0.433999,0,0,1,1
0.14,0.347,0.436999,0,0,1,1
0.14,0.347,0.439999,0,0,1,1
0.14,0.344,0.26,0,0,1,1
0.14,0.344,0.263,0,0,1,1
0.14,0.344,0.266,0,0,1,1
0.14,0.344,0.269,0,0,1,1
0.14,0.344,0.272,0,0,1,1
0.14,0.344,0.275,0,0,1,1
0.14,0.344,0.278,0,0,1,1
0.14,0.344,0.281,0,0,1,1
0.14,0.344,0.284,0,0,1,1
0.14,0.344,0.287,0,0,1,1
0.14,0.344,0.29,0,0,1,1
0.14,0.344,0.293,0,0,1,1
0.14,0.344,0.296,0,0,1,1
0.14,0.344,0.299,0,0,1,1
0.14,0.344,0.302,0,0,1,1
0.14,0.344,0.305,0,0,1,1
0.14,0.344,0.308,0,0,1,1
0.14,0.344,0.311,0,0,1,1
0.14,0.344,0.314,0,0,1,1
0.14,0.344,0.317,0,0,1,1
0.14,0.344,0.32,0,0,1,1
0.14,0.344,0.323,0,0,1,1
0.14,0.344,0.326,0,0,1,1
0.14,0.344,0.329,0,0,1,1
0.14,0.344,0.332,0,0,1,1
0.14,0.344,0.335,0,0,1,1
0.14,0.344,0.338,0,0,1,1
0.14,0.344,0.341,0,0,1,1
0.14,0.344,0.344,0,0,1,1
0.14,0.344,0.347,0,0,1,1
0.14,0.344,0.35,0,0,1,1
0.14,0.344,0.353,0,0,1,1
0.14,0.344,0.356,0,0,1,1
0.14,0.344,0.359,0,0,1,1
0.14,0.344,0.362,0,0,1,1
0.14,0.344,0.365,0,0,1,1
0.14,0.344,0.368,0,0,1,1
0.14,0.344,0.371,0,0,1,1
0.14,0.344,0.374,0,0,1,1
0.14,0.344,0.377,0,0,1,1
0.14,0.344,0.38,0,0,1,1
0.14,0.344,0.383,0,0,1,1
0.14,0.344,0.386,0,0,1,1
0.14,0.344,0.389,0,0,1,1
0.14,0.344,0.392,0,0,1,1
0.14,0.344,0.395,0,0,1,1
0.14,0.344,0.398,0,0,1,1
0.14,0.344,0.401,0,0,1,1
0.14,0.344,0.404,0,0,1,1
0.14,0.344,0.407,0,0,1,1
0.14,0.344,0.41,0,0,1,1
0.14,0.344,0.413,0,0,1,1
0.14,0.344,0.416,0,0,1,1
0.14,0.344,0.419,0,0,1,1
0.14,0.344,0.422,0,0,1,1
0.14,0.344,0.425,0,0,1,1
0.14,0.344,0.427999,0,0,1,1
0.14,0.344,0.430999,0,0,1,1
0.14,0.344,0.433999,0,0,1,1
0.14,0.344,0.436999,0,0,1,1
0.14,0.344,0.439999,0,0,1,1
0.14,0.341,0.26,0,0,1,1
0.14,0.341,0.263,0,0,1,1
0.14,0.341,0.266,0,0,1,1
0.14,0.341,0.269,0,0,1,1
0.14,0.341,0.272,0,0,1,1
0.14,0.341,0.275,0,0,1,1
0.14,0.341,0.278,0,0,1,1
0.14,0.341,0.281,0,0,1,1
0.14,0.341,0.284,0,0,1,1
0.14,0.341,0.287,0,0,1,1
0.14,0.341,0.29,0,0,1,1
0.14,0.341,0.293,0,0,1,1
0.14,0.341,0.296,0,0,1,1
0.14,0.341,0.299,0,0,1,1
0.14,0.341,0.302,0,0,1,1
0.14,0.341,0.305,0,0,1,1
0.14,0.341,0.308,0,0,1,1
0.14,0.341,0.311,0,0,1,1
0.14,0.341,0.314,0,0,1,1
0.14,0.341,0.317,0,0,1,1
0.14,0.341,0.32,0,0,1,1
0.14,0.341,0.323,0,0,1,1
0.14,0.341,0.326,0,0,1,1
0.14,0.341,0.329,0,0,1,1
0.14,0.341,0.332,0,0,1,1
0.14,0.341,0.335,0,0,1,1
0.14,0.341,0.338,0,0,1,1
0.14,0.341,0.341,0,0,1,1
0.14,0.341,0.344,0,0,1,1
0.14,0.341,0.347,0,0,1,1
0.14,0.341,0.35,0,0,1,1
0.14,0.341,0.353,0,0,1,1
0.14,0.341,0.356,0,0,1,1
0.14,0.341,0.359,0,0,1,1
0.14,0.341,0.362,0,0,1,1
0.14,0.341,0.365,0,0,1,1
0.14,0.341,0.368,0,0,1,1
0.14,0.341,0.371,0,0,1,1
0.14,0.341,0.374,0,0,1,1
0.14,0.341,0.377,0,0,1,1
0.14,0.341,0.38,0,0,1,1
0.14,0.341,0.383,0,0,1,1
0.14,0.341,0.386,0,0,1,1
0.14,0.341,0.389,0,0,1,1
0.14,0.341,0.392,0,0,1,1
0.14,0.341,0.395,0,0,1,1
0.14,0.341,0.398,0,0,1,1
0.14,0.341,0.401,0,0,1,1
0.14,0.341,0.404,0,0,1,1
0.14,0.341,0.407,0,0,1,1
0.14,0.341,0.41,0,0,1,1
0.14,0.341,0.413,0,0,1,1
0.14,0.341,0.416,0,0,1,1
0.14,0.341,0.419,0,0,1,1
0.14,0.341,0.422,0,0,1,1
0.14,0.341,0.425,0,0,1,1
0.14,0.341,0.427999,0,0,1,1
0.14,0.341,0.430999,0,0,1,1
0.14,0.341,0.433999,0,0,1,1
0.14,0.341,0.436999,0,0,1,1
0.14,0.341,0.439999,0,0,1,1
0.14,0.338,0.26,0,0,1,1
0.14,0.338,0.263,0,0,1,1
0.14,0.338,0.266,0,0,1,1
0.14,0.338,0.269,0,0,1,1
0.14,0.338,0.272,0,0,1,1
0.14,0.338,0.275,0,0,1,1
0.14,0.338,0.278,0,0,1,1
0.14,0.338,0.281,0,0,1,1
0.14,0.338,0.284,0,0,1,1
0.14,0.338,0.287,0,0,1,1
0.14,0.338,0.29,0,0,1,1
0.14,0.338,0.293,0,0,1,1
0.14,0.338,0.296,0,0,1,1
0.14,0.338,0.299,0,0,1,1
0.14,0.338,0.302,0,0,1,1
0.14,0.338,0.305,0,0,1,1
0.14,0.338,0.308,0,0,1,1
0.14,0.338,0.311,0,0,1,1
0.14,0.338,0.314,0,0,1,1
0.14,0.338,0.317,0,0,1,1
0.14,0.338,0.32,0,0,1,1
0.14,0.338,0.323,0,0,1,1
0.14,0.338,0.326,0,0,1,1
0.14,0.338,0.329,0,0,1,1
0.14,0.338,0.332,0,0,1,1
0.14,0.338,0.335,0,0,1,1
0.14,0.338,0.338,0,0,1,1
0.14,0.338,0.341,0,0,1,1
0.14,0.338,0.344,0,0,1,1
0.14,0.338,0.347,0,0,1,1
0.14,0.338,0.35,0,0,1,1
0.14,0.338,0.353,0,0,1,1
0.14,0.338,0.356,0,0,1,1
0.14,0.338,0.359,0,0,1,1
0.14,0.338,0.362,0,0,1,1
0.14,0.338,0.365,0,0,1,1
0.14,0.338,0.368,0,0,1,1
0.14,0.338,0.371,0,0,1,1
0.14,0.338,0.374,0,0,1,1
0.14,0.338,0.377,0,0,1,1
0.14,0.338,0.38,0,0,1,1
0.14,0.338,0.383,0,0,1,1
0.14,0.338,0.386,0,0,1,1
0.14,0.338,0.389,0,0,1,1
0.14,0.338,0.392,0,0,1,1
0.14,0.338,0.395,0,0,1,1
0.14,0.338,0.398,0,0,1,1
0.14,0.338,0.401,0,0,1,1
0.14,0.338,0.404,0,0,1,1
0.14,0.338,0.407,0,0,1,1
0.14,0.338,0.41,0,0,1,1
0.14,0.338,0.413,0,0,1,1
0.14,0.338,0.416,0,0,1,1
0.14,0.338,0.419,0,0,1,1
0.14,0.338,0.422,0,0,1,1
0.14,0.338,0.425,0,0,1,1
0.14,0.338,0.427999,0,0,1,1
0.14,0.338,0.430999,0,0,1,1
0.14,0.338,0.433999,0,0,1,1
0.14,0.338,0.436999,0,0,1,1
0.14,0.338,0.439999,0,0,1,1
0.14,0.335,0.26,0,0,1,1
0.14,0.335,0.263,0,0,1,1
0.14,0.335,0.266,0,0,1,1
0.14,0.335,0.269,0,0,1,1
0.14,0.335,0.272,0,0,1,1
0.14,0.335,0.275,0,0,1,1
0.14,0.335,0.278,0,0,1,1
0.14,0.335,0.281,0,0,1,1
0.14,0.335,0.284,0,0,1,1
0.14,0.335,0.287,0,0,1,1
0.14,0.335,0.29,0,0,1,1
0.14,0.335,0.293,0,0,1,1
0.14,0.335,0.296,0,0,1,1
0.14,0.335,0.299,0,0,1,1
0.14,0.335,0.302,0,0,1,1
0.14,0.335,0.305,0,0,1,1
0.14,0.335,0.308,0,0,1,1
0.14,0.335,0.311,0,0,1,1
0.14,0.335,0.314,0,0,1,1
0.14,0.335,0.317,0,0,1,1
0.14,0.335,0.32,0,0,1,1
0.14,0.335,0.323,0,0,1,1
0.14,0.335,0.326,0,0,1,1
0.14,0.335,0.329,0,0,1,1
0.14,0.335,0.332,0,0,1,1
0.14,0.335,0.335,0,0,1,1
0.14,0.335,0.338,0,0,1,1
0.14,0.335,0.341,0,0,1,1
0.14,0.335,0.344,0,0,1,1
0.14,0.335,0.347,0,0,1,1
0.14,0.335,0.35,0,0,1,1
0.14,0.335,0.353,0,0,1,1
0.14,0.335,0.356,0,0,1,1
0.14,0.335,0.359,0,0,1,1
0.14,0.335,0.362,0,0,1,1
0.14,0.335,0.365,0,0,1,1
0.14,0.335,0.368,0,0,1,1
0.14,0.335,0.371,0,0,1,1
0.14,0.335,0.374,0,0,1,1
0.14,0.335,0.377,0,0,1,1
0.14,0.335,0.38,0,0,1,1
0.14,0.335,0.383,0,0,1,1
0.14,0.335,0.386,0,0,1,1
0.14,0.335,0.389,0,0,1,1
0.14,0.335,0.392,0,0,1,1
0.14,0.335,0.395,0,0,1,1
0.14,0.335,0.398,0,0,1,1
0.14,0.335,0.401,0,0,1,1
0.14,0.335,0.404,0,0,1,1
0.14,0.335,0.407,0,0,1,1
0.14,0.335,0.41,0,0,1,1
0.14,0.335,0.413,0,0,1,1
0.14,0.335,0.416,0,0,1,1
0.14,0.335,0.419,0,0,1,1
0.14,0.335,0.422,0,0,1,1
0.14,0.335,0.425,0,0,1,1
0.14,0.335,0.427999,0,0,1,1
0.14,0.335,0.430999,0,0,1,1
0.14,0.335,0.433999,0,0,1,1
0.14,0.335,0.436999,0,0,1,1
0.14,0.335,0.439999,0,0,1,1
0.14,0.332,0.26,0,0,1,1
0.14,0.332,0.263,0,0,1,1
0.14,0.332,0.266,0,0,1,1
0.14,0.332,0.269,0,0,1,1
0.14,0.332,0.272,0,0,1,1
0.14,0.332,0.275,0,0,1,1
0.14,0.332,0.278,0,0,1,1
0.14,0.332,0.281,0,0,1,1
0.14,0.332,0.284,0,0,1,1
0.14,0.332,0.287,0,0,1,1
0.14,0.332,0.29,0,0,1,1
0.14,0.332,0.293,0,0,1,1
0.14,0.332,0.296,0,0,1,1
0.14,0.332,0.299,0,0,1,1
0.14,0.332,0.302,0,0,1,1
0.14,0.332,0.305,0,0,1,1
0.14,0.332,0.308,0,0,1,1
0.14,0.332,0.311,0,0,1,1
0.14,0.332,0.314,0,0,1,1
0.14,0.332,0.317,0,0,1,1
0.14,0.332,0.32,0,0,1,1
0.14,0.332,0.323,0,0,1,1
0.14,0.332,0.326,0,0,1,1
0.14,0.332,0.329,0,0,1,1
0.14,0.332,0.332,0,0,1,1
0.14,0.332,0.335,0,0,1,1
0.14,0.332,0.338,0,0,1,1
0.14,0.332,0.341,0,0,1,1
0.14,0.332,0.344,0,0,1,1
0.14,0.332,0.347,0,0,1,1
0.14,0.332,0.35,0,0,1,1
0.14,0.332,0.353,0,0,1,1
0.14,0.332,0.356,0,0,1,1
0.14,0.332,0.359,0,0,1,1
0.14,0.332,0.362,0,0,1,1
0.14,0.332,0.365,0,0,1,1
0.14,0.332,0.368,0,0,1,1
0.14,0.332,0.371,0,0,1,1
0.14,0.332,0.374,0,0,1,1
0.14,0.332,0.377,0,0,1,1
0.14,0.332,0.38,0,0,1,1
0.14,0.332,0.383,0,0,1,1
0.14,0.332,0.386,0,0,1,1
0.14,0.332,0.389,0,0,1,1
0.14,0.332,0.392,0,0,1,1
0.14,0.332,0.395,0,0,1,1
0.14,0.332,0.398,0,0,1,1
0.14,0.332,0.401,0,0,1,1
0.14,0.332,0.404,0,0,1,1
0.14,0.332,0.407,0,0,1,1
0.14,0.332,0.41,0,0,1,1
0.14,0.332,0.413,0,0,1,1
0.14,0.332,0.416,0,0,1,1
0.14,0.332,0.419,0,0,1,1
0.14,0.332,0.422,0,0,1,1
0.14,0.332,0.425,0,0,1,1
0.14,0.332,0.427999,0,0,1,1
0.14,0.332,0.430999,0,0,1,1
0.14,0.332,0.433999,0,0,1,1
0.14,0.332,0.436999,0,0,1,1
0.14,0.332,0.439999,0,0,1,1
0.14,0.329,0.26,0,0,1,1
0.14,0.329,0.263,0,0,1,1
0.14,0.329,0.266,0,0,1,1
0.14,0.329,0.269,0,0,1,1
0.14,0.329,0.272,0,0,1,1
0.14,0.329,0.275,0,0,1,1
0.14,0.329,0.278,0,0,1,1
0.14,0.329,0.281,0,0,1,1
0.14,0.329,0.284,0,0,1,1
0.14,0.329,0.287,0,0,1,1
0.14,0.329,0.29,0,0,1,1
0.14,0.329,0.293,0,0,1,1
0.14,0.329,0.296,0,0,1,1
0.14,0.329,0.299,0,0,1,1
0.14,0.329,0.302,0,0,1,1
0.14,0.329,0.305,0,0,1,1
0.14,0.329,0.308,0,0,1,1
0.14,0.329,0.311,0,0,1,1
0.14,0.329,0.314,0,0,1,1
0.14,0.329,0.317,0,0,1,1
0.14,0.329,0.32,0,0,1,1
0.14,0.329,0.323,0,0,1,1
0.14,0.329,0.326,0,0,1,1
0.14,0.329,0.329,0,0,1,1
0.14,0.329,0.332,0,0,1,1
0.14,0.329,0.335,0,0,1,1
0.14,0.329,0.338,0,0,1,1
0.14,0.329,0.341,0,0,1,1
0.14,0.329,0.344,0,0,1,1
0.14,0.329,0.347,0,0,1,1
0.14,0.329,0.35,0,0,1,1
0.14,0.329,0.353,0,0,1,1
0.14,0.329,0.356,0,0,1,1
0.14,0.329,0.359,0,0,1,1
0.14,0.329,0.362,0,0,1,1
0.14,0.329,0.365,0,0,1,1
0.14,0.329,0.368,0,0,1,1
0.14,0.329,0.371,0,0,1,1
0.14,0.329,0.374,0,0,1,1
0.14,0.329,0.377,0,0,1,1
0.14,0.329,0.38,0,0,1,1
0.14,0.329,0.383,0,0,1,1
0.14,0.329,0.386,0,0,1,1
0.14,0.329,0.389,0,0,1,1
0.14,0.329,0.392,0,0,1,1
0.14,0.329,0.395,0,0,1,1
0.14,0.329,0.398,0,0,1,1
0.14,0.329,0.401,0,0,1,1
0.14,0.329,0.404,0,0,1,1
0.14,0.329,0.407,0,0,1,1
0.14,0.329,0.41,0,0,1,1
0.14,0.329,0.413,0,0,1,1
0.14,0.329,0.416,0,0,1,1
0.14,0.329,0.419,0,0,1,1
0.14,0.329,0.422,0,0,1,1
0.14,0.329,0.425,0,0,1,1
0.14,0.329,0.427999,0,0,1,1
0.14,0.329,0.430999,0,0,1,1
0.14,0.329,0.433999,0,0,1,1
0.14,0.329,0.436999,0,0,1,1
0.14,0.329,0.439999,0,0,1,1
0.14,0.326,0.26,0,0,1,1
0.14,0.326,0.263,0,0,1,1
0.14,0.326,0.266,0,0,1,1
0.14,0.326,0.269,0,0,1,1
0.14,0.326,0.272,0,0,1,1
0.14,0.326,0.275,0,0,1,1
0.14,0.326,0.278,0,0,1,1
0.14,0.326,0.281,0,0,1,1
0.14,0.326,0.284,0,0,1,1
0.14,0.326,0.287,0,0,1,1
0.14,0.326,0.29,0,0,1,1
0.14,0.326,0.293,0,0,1,1
0.14,0.326,0.296,0,0,1,1
0.14,0.326,0.299,0,0,1,1
0.14,0.326,0.302,0,0,1,1
0.14,0.326,0.305,0,0,1,1
0.14,0.326,0.308,0,0,1,1
0.14,0.326,0.311,0,0,1,1
0.14,0.326,0.314,0,0,1,1
0.14,0.326,0.317,0,0,1,1
0.14,0.326,0.32,0,0,1,1
0.14,0.326,0.323,0,0,1,1
0.14,0.326,0.326,0,0,1,1
0.14,0.326,0.329,0,0,1,1
0.14,0.326,0.332,0,0,1,1
0.14,0.326,0.335,0,0,1,1
0.14,0.326,0.338,0,0,1,1
0.14,0.326,0.341,0,0,1,1
0.14,0.326,0.344,0,0,1,1
0.14,0.326,0.347,0,0,1,1
0.14,0.326,0.35,0,0,1,1
0.14,0.326,0.353,0,0,1,1
0.14,0.326,0.356,0,0,1,1
0.14,0.326,0.359,0,0,1,1
0.14,0.326,0.362,0,0,1,1
0.14,0.326,0.365,0,0,1,1
0.14,0.326,0.368,0,0,1,1
0.14,0.326,0.371,0,0,1,1
0.14,0.326,0.374,0,0,1,1
0.14,0.326,0.377,0,0,1,1
0.14,0.326,0.38,0,0,1,1
0.14,0.326,0.383,0,0,1,1
0.14,0.326,0.386,0,0,1,1
0.14,0.326,0.389,0,0,1,1
0.14,0.326,0.392,0,0,1,1
0.14,0.326,0.395,0,0,1,1
0.14,0.326,0.398,0,0,1,1
0.14,0.326,0.401,0,0,1,1
0.14,0.326,0.404,0,0,1,1
0.14,0.326,0.407,0,0,1,1
0.14,0.326,0.41,0,0,1,1
0.14,0.326,0.413,0,0,1,1
0.14,0.326,0.416,0,0,1,1
0.14,0.326,0.419,0,0,1,1
0.14,0.326,0.422,0,0,1,1
0.14,0.326,0.425,0,0,1,1
0.14,0.326,0.427999,0,0,1,1
0.14,0.326,0.430999,0,0,1,1
0.14,0.326,0.433999,0,0,1,1
0.14,0.326,0.436999,0,0,1,1
0.14,0.326,0.439999,0,0,1,1
0.14,0.323,0.26,0,0,1,1
0.14,0.323,0.263,0,0,1,1
0.14,0.323,0.266,0,0,1,1
0.14,0.323,0.269,0,0,1,1
0.14,0.323,0.272,0,0,1,1
0.14,0.323,0.275,0,0,1,1
0.14,0.323,0.278,0,0,1,1
0.14,0.323,0.281,0,0,1,1
0.14,0.323,0.284,0,0,1,1
0.14,0.323,0.287,0,0,1,1
0.14,0.323,0.29,0,0,1,1
0.14,0.323,0.293,0,0,1,1
0.14,0.323,0.296,0,0,1,1
0.14,0.323,0.299,0,0,1,1
0.14,0.323,0.302,0,0,1,1
0.14,0.323,0.305,0,0,1,1
0.14,0.323,0.308,0,0,1,1
0.14,0.323,0.311,0,0,1,1
0.14,0.323,0.314,0,0,1,1
0.14,0.323,0.317,0,0,1,1
0.14,0.323,0.32,0,0,1,1
0.14,0.323,0.323,0,0,1,1
0.14,0.323,0.326,0,0,1,1
0.14,0.323,0.329,0,0,1,1
0.14,0.323,0.332,0,0,1,1
0.14,0.323,0.335,0,0,1,1
0.14,0.323,0.338,0,0,1,1
0.14,0.323,0.341,0,0,1,1
0.14,0.323,0.344,0,0,1,1
0.14,0.323,0.347,0,0,1,1
0.14,0.323,0.35,0,0,1,1
0.14,0.323,0.353,0,0,1,1
0.14,0.323,0.356,0,0,1,1
0.14,0.323,0.359,0,0,1,1
0.14,0.323,0.362,0,0,1,1
0.14,0.323,0.365,0,0,1,1
0.14,0.323,0.368,0,0,1,1
0.14,0.323,0.371,0,0,1,1
0.14,0.323,0.374,0,0,1,1
0.14,0.323,0.377,0,0,1,1
0.14,0.323,0.38,0,0,1,1
0.14,0.323,0.383,0,0,1,1
0.14,0.323,0.386,0,0,1,1
0.14,0.323,0.389,0,0,1,1
0.14,0.323,0.392,0,0,1,1
0.14,0.323,0.395,0,0,1,1
0.14,0.323,0.398,0,0,1,1
0.14,0.323,0.401,0,0,1,1
0.14,0.323,0.404,0,0,1,1
0.14,0.323,0.407,0,0,1,1
0.14,0.323,0.41,0,0,1,1
0.14,0.323,0.413,0,0,1,1
0.14,0.323,0.416,0,0,1,1
0.14,0.323,0.419,0,0,1,1
0.14,0.323,0.422,0,0,1,1
0.14,0.323,0.425,0,0,1,1
0.14,0.323,0.427999,0,0,1,1
0.14,0.323,0.430999,0,0,1,1
0.14,0.323,0.433999,0,0,1,1
0.14,0.323,0.436999,0,0,1,1
0.14,0.323,0.439999,0,0,1,1
0.14,0.32,0.26,0,0,1,1
0.14,0.32,0.263,0,0,1,1
0.14,0.32,0.266,0,0,1,1
0.14,0.32,0.269,0,0,1,1
0.14,0.32,0.272,0,0,1,1
0.14,0.32,0.275,0,0,1,1
0.14,0.32,0.278,0,0,1,1
0.14,0.32,0.281,0,0,1,1
0.14,0.32,0.284,0,0,1,1
0.14,0.32,0.287,0,0,1,1
0.14,0.32,0.29,0,0,1,1
0.14,0.32,0.293,0,0,1,1
0.14,0.32,0.296,0,0,1,1
0.14,0.32,0.299,0,0,1,1
0.14,0.32,0.302,0,0,1,1
0.14,0.32,0.305,0,0,1,1
0.14,0.32,0.308,0,0,1,1
0.14,0.32,0.311,0,0,1,1
0.14,0.32,0.314,0,0,1,1
0.14,0.32,0.317,0,0,1,1
0.14,0.32,0.32,0,0,1,1
0.14,0.32,0.323,0,0,1,1
0.14,0.32,0.326,0,0,1,1
0.14,0.32,0.329,0,0,1,1
0.14,0.32,0.332,0,0,1,1
0.14,0.32,0.335,0,0,1,1
0.14,0.32,0.338,0,0,1,1
0.14,0.32,0.341,0,0,1,1
0.14,0.32,0.344,0,0,1,1
0.14,0.32,0.347,0,0,1,1
0.14,0.32,0.35,0,0,1,1
0.14,0.32,0.353,0,0,1,1
0.14,0.32,0.356,0,0,1,1
0.14,0.32,0.359,0,0,1,1
0.14,0.32,0.362,0,0,1,1
0.14,0.32,0.365,0,0,1,1
0.14,0.32,0.368,0,0,1,1
0.14,0.32,0.371,0,0,1,1
0.14,0.32,0.374,0,0,1,1
0.14,0.32,0.377,0,0,1,1
0.14,0.32,0.38,0,0,1,1
0.14,0.32,0.383,0,0,1,1
0.14,0.32,0.386,0,0,1,1
0.14,0.32,0.389,0,0,1,1
0.14,0.32,0.392,0,0,1,1
0.14,0.32,0.395,0,0,1,1
0.14,0.32,0.398,0,0,1,1
0.14,0.32,0.401,0,0,1,1
0.14,0.32,0.404,0,0,1,1
0.14,0.32,0.407,0,0,1,1
0.14,0.32,0.41,0,0,1,1
0.14,0.32,0.413,0,0,1,1
0.14,0.32,0.416,0,0,1,1
0.14,0.32,0.419,0,0,1,1
0.14,0.32,0.422,0,0,1,1
0.14,0.32,0.425,0,0,1,1
0.14,0.32,0.427999,0,0,1,1
0.14,0.32,0.430999,0,0,1,1
0.14,0.32,0.433999,0,0,1,1
0.14,0.32,0.436999,0,0,1,1
0.14,0.32,0.439999,0,0,1,1
0.14,0.317,0.26,0,0,1,1
0.14,0.317,0.263,0,0,1,1
0.14,0.317,0.266,0,0,1,1
0.14,0.317,0.269,0,0,1,1
0.14,0.317,0.272,0,0,1,1
0.14,0.317,0.275,0,0,1,1
0.14,0.317,0.278,0,0,1,1
0.14,0.317,0.281,0,0,1,1
0.14,0.317,0.284,0,0,1,1
0.14,0.317,0.287,0,0,1,1
0.14,0.317,0.29,0,0,1,1
0.14,0.317,0.293,0,0,1,1
0.14,0.317,0.296,0,0,1,1
0.14,0.317,0.299,0,0,1,1
0.14,0.317,0.302,0,0,1,1
0.14,0.317,0.305,0,0,1,1
0.14,0.317,0.308,0,0,1,1
0.14,0.317,0.311,0,0,1,1
0.14,0.317,0.314,0,0,1,1
0.14,0.317,0.317,0,0,1,1
0.14,0.317,0.32,0,0,1,1
0.14,0.317,0.323,0,0,1,1
0.14,0.317,0.326,0,0,1,1
0.14,0.317,0.329,0,0,1,1
0.14,0.317,0.332,0,0,1,1
0.14,0.317,0.335,0,0,1,1
0.14,0.317,0.338,0,0,1,1
0.14,0.317,0.341,0,0,1,1
0.14,0.317,0.344,0,0,1,1
0.14,0.317,0.347,0,0,1,1
0.14,0.317,0.35,0,0,1,1
0.14,0.317,0.353,0,0,1,1
0.14,0.317,0.356,0,0,1,1
0.14,0.317,0.359,0,0,1,1
0.14,0.317,0.362,0,0,1,1
0.14,0.317,0.365,0,0,1,1
0.14,0.317,0.368,0,0,1,1
0.14,0.317,0.371,0,0,1,1
0.14,0.317,0.374,0,0,1,1
0.14,0.317,0.377,0,0,1,1
0.14,0.317,0.38,0,0,1,1
0.14,0.317,0.383,0,0,1,1
0.14,0.317,0.386,0,0,1,1
0.14,0.317,0.389,0,0,1,1
0.14,0.317,0.392,0,0,1,1
0.14,0.317,0.395,0,0,1,1
0.14,0.317,0.398,0,0,1,1
0.14,0.317,0.401,0,0,1,1
0.14,0.317,0.404,0,0,1,1
0.14,0.317,0.407,0,0,1,1
0.14,0.317,0.41,0,0,1,1
0.14,0.317,0.413,0,0,1,1
0.14,0.317,0.416,0,0,1,1
0.14,0.317,0.419,0,0,1,1
0.14,0.317,0.422,0,0,1,1
0.14,0.317,0.425,0,0,1,1
0.14,0.317,0.427999,0,0,1,1
0.14,0.317,0.430999,0,0,1,1
0.14,0.317,0.433999,0,0,1,1
0.14,0.317,0.436999,0,0,1,1
0.14,0.317,0.439999,0,0,1,1
0.14,0.314,0.26,0,0,1,1
0.14,0.314,0.263,0,0,1,1
0.14,0.314,0.266,0,0,1,1
0.14,0.314,0.269,0,0,1,1
0.14,0.314,0.272,0,0,1,1
0.14,0.314,0.275,0,0,1,1
0.14,0.314,0.278,0,0,1,1
0.14,0.314,0.281,0,0,1,1
0.14,0.314,0.284,0,0,1,1
0.14,0.314,0.287,0,0,1,1
0.14,0.314,0.29,0,0,1,1
0.14,0.314,0.293,0,0,1,1
0.14,0.314,0.296,0,0,1,1
0.14,0.314,0.299,0,0,1,1
0.14,0.314,0.302,0,0,1,1
0.14,0.314,0.305,0,0,1,1
0.14,0.314,0.308,0,0,1,1
0.14,0.314,0.311,0,0,1,1
0.14,0.314,0.314,0,0,1,1
0.14,0.314,0.317,0,0,1,1
0.14,0.314,0.32,0,0,1,1
0.14,0.314,0.323,0,0,1,1
0.14,0.314,0.326,0,0,1,1
0.14,0.314,0.329,0,0,1,1
0.14,0.314,0.332,0,0,1,1
0.14,0.314,0.335,0,0,1,1
0.14,0.314,0.338,0,0,1,1
0.14,0.314,0.341,0,0,1,1
0.14,0.314,0.344,0,0,1,1
0.14,0.314,0.347,0,0,1,1
0.14,0.314,0.35,0,0,1,1
0.14,0.314,0.353,0,0,1,1
0.14,0.314,0.356,0,0,1,1
0.14,0.314,0.359,0,0,1,1
0.14,0.314,0.362,0,0,1,1
0.14,0.314,0.365,0,0,1,1
0.14,0.314,0.368,0,0,1,1
0.14,0.314,0.371,0,0,1,1
0.14,0.314,0.374,0,0,1,1
0.14,0.314,0.377,0,0,1,1
0.14,0.314,0.38,0,0,1,1
0.14,0.314,0.383,0,0,1,1
0.14,0.314,0.386,0,0,1,1
0.14,0.314,0.389,0,0,1,1
0.14,0.314,0.392,0,0,1,1
0.14,0.314,0.395,0,0,1,1
0.14,0.314,0.398,0,0,1,1
0.14,0.314,0.401,0,0,1,1
0.14,0.314,0.404,0,0,1,1
0.14,0.314,0.407,0,0,1,1
0.14,0.314,0.41,0,0,1,1
0.14,0.314,0.413,0,0,1,1
0.14,0.314,0.416,0,0,1,1
0.14,0.314,0.419,0,0,1,1
0.14,0.314,0.422,0,0,1,1
0.14,0.314,0.425,0,0,1,1
0.14,0.314,0.427999,0,0,1,1
0.14,0.314,0.430999,0,0,1,1
0.14,0.314,0.433999,0,0,1,1
0.14,0.314,0.436999,0,0,1,1
0.14,0.314,0.439999,0,0,1,1
0.14,0.311,0.26,0,0,1,1
0.14,0.311,0.263,0,0,1,1
0.14,0.311,0.266,0,0,1,1
0.14,0.311,0.269,0,0,1,1
0.14,0.311,0.272,0,0,1,1
0.14,0.311,0.275,0,0,1,1
0.14,0.311,0.278,0,0,1,1
0.14,0.311,0.281,0,0,1,1
0.14,0.311,0.284,0,0,1,1
0.14,0.311,0.287,0,0,1,1
0.14,0.311,0.29,0,0,1,1
0.14,0.311,0.293,0,0,1,1
0.14,0.311,0.296,0,0,1,1
0.14,0.311,0.299,0,0,1,1
0.14,0.311,0.302,0,0,1,1
0.14,0.311,0.305,0,0,1,1
0.14,0.311,0.308,0,0,1,1
0.14,0.311,0.311,0,0,1,1
0.14,0.311,0.314,0,0,1,1
0.14,0.311,0.317,0,0,1,1
0.14,0.311,0.32,0,0,1,1
0.14,0.311,0.323,0,0,1,1
0.14,0.311,0.326,0,0,1,1
0.14,0.311,0.329,0,0,1,1
0.14,0.311,0.332,0,0,1,1
0.14,0.311,0.335,0,0,1,1
0.14,0.311,0.338,0,0,1,1
0.14,0.311,0.341,0,0,1,1
0.14,0.311,0.344,0,0,1,1
0.14,0.311,0.347,0,0,1,1
0.14,0.311,0.35,0,0,1,1
0.14,0.311,0.353,0,0,1,1
0.14,0.311,0.356,0,0,1,1
0.14,0.311,0.359,0,0,1,1
0.14,0.311,0.362,0,0,1,1
0.14,0.311,0.365,0,0,1,1
0.14,0.311,0.368,0,0,1,1
0.14,0.311,0.371,0,0,1,1
0.14,0.311,0.374,0,0,1,1
0.14,0.311,0.377,0,0,1,1
0.14,0.311,0.38,0,0,1,1
0.14,0.311,0.383,0,0,1,1
0.14,0.311,0.386,0,0,1,1
0.14,0.311,0.389,0,0,1,1
0.14,0.311,0.392,0,0,1,1
0.14,0.311,0.395,0,0,1,1
0.14,0.311,0.398,0,0,1,1
0.14,0.311,0.401,0,0,1,1
0.14,0.311,0.404,0,0,1,1
0.14,0.311,0.407,0,0,1,1
0.14,0.311,0.41,0,0,1,1
0.14,0.311,0.413,0,0,1,1
0.14,0.311,0.416,0,0,1,1
0.14,0.311,0.419,0,0,1,1
0.14,0.311,0.422,0,0,1,1
0.14,0.311,0.425,0,0,1,1
0.14,0.311,0.427999,0,0,1,1
0.14,0.311,0.430999,0,0,1,1
0.14,0.311,0.433999,0,0,1,1
0.14,0.311,0.436999,0,0,1,1
0.14,0.311,0.439999,0,0,1,1
0.14,0.308,0.26,0,0,1,1
0.14,0.308,0.263,0,0,1,1
0.14,0.308,0.266,0,0,1,1
0.14,0.308,0.269,0,0,1,1
0.14,0.308,0.272,0,0,1,1
0.14,0.308,0.275,0,0,1,1
0.14,0.308,0.278,0,0,1,1
0.14,0.308,0.281,0,0,1,1
0.14,0.308,0.284,0,0,1,1
0.14,0.308,0.287,0,0,1,1
0.14,0.308,0.29,0,0,1,1
0.14,0.308,0.293,0,0,1,1
0.14,0.308,0.296,0,0,1,1
0.14,0.308,0.299,0,0,1,1
0.14,0.308,0.302,0,0,1,1
0.14,0.308,0.305,0,0,1,1
0.14,0.308,0.308,0,0,1,1
0.14,0.308,0.311,0,0,1,1
0.14,0.308,0.314,0,0,1,1
0.14,0.308,0.317,0,0,1,1
0.14,0.308,0.32,0,0,1,1
0.14,0.308,0.323,0,0,1,1
0.14,0.308,0.326,0,0,1,1
0.14,0.308,0.329,0,0,1,1
0.14,0.308,0.332,0,0,1,1
0.14,0.308,0.335,0,0,1,1
0.14,0.308,0.338,0,0,1,1
0.14,0.308,0.341,0,0,1,1
0.14,0.308,0.344,0,0,1,1
0.14,0.308,0.347,0,0,1,1
0.14,0.308,0.35,0,0,1,1
0.14,0.308,0.353,0,0,1,1
0.14,0.308,0.356,0,0,1,1
0.14,0.308,0.359,0,0,1,1
0.14,0.308,0.362,0,0,1,1
0.14,0.308,0.365,0,0,1,1
0.14,0.308,0.368,0,0,1,1
0.14,0.308,0.371,0,0,1,1
0.14,0.308,0.374,0,0,1,1
0.14,0.308,0.377,0,0,1,1
0.14,0.308,0.38,0,0,1,1
0.14,0.308,0.383,0,0,1,1
0.14,0.308,0.386,0,0,1,1
0.14,0.308,0.389,0,0,1,1
0.14,0.308,0.392,0,0,1,1
0.14,0.308,0.395,0,0,1,1
0.14,0.308,0.398,0,0,1,1
0.14,0.308,0.401,0,0,1,1
0.14,0.308,0.404,0,0,1,1
0.14,0.308,0.407,0,0,1,1
0.14,0.308,0.41,0,0,1,1
0.14,0.308,0.413,0,0,1,1
0.14,0.308,0.416,0,0,1,1
0.14,0.308,0.419,0,0,1,1
0.14,0.308,0.422,0,0,1,1
0.14,0.308,0.425,0,0,1,1
0.14,0.308,0.427999,0,0,1,1
0.14,0.308,0.430999,0,0,1,1
0.14,0.308,0.433999,0,0,1,1
0.14,0.308,0.436999,0,0,1,1
0.14,0.308,0.439999,0,0,1,1
0.14,0.305,0.26,0,0,1,1
0.14,0.305,0.263,0,0,1,1
0.14,0.305,0.266,0,0,1,1
0.14,0.305,0.269,0,0,1,1
0.14,0.305,0.272,0,0,1,1
0.14,0.305,0.275,0,0,1,1
0.14,0.305,0.278,0,0,1,1
0.14,0.305,0.281,0,0,1,1
0.14,0.305,0.284,0,0,1,1
0.14,0.305,0.287,0,0,1,1
0.14,0.305,0.29,0,0,1,1
0.14,0.305,0.293,0,0,1,1
0.14,0.305,0.296,0,0,1,1
0.14,0.305,0.299,0,0,1,1
0.14,0.305,0.302,0,0,1,1
0.14,0.305,0.305,0,0,1,1
0.14,0.305,0.308,0,0,1,1
0.14,0.305,0.311,0,0,1,1
0.14,0.305,0.314,0,0,1,1
0.14,0.305,0.317,0,0,1,1
0.14,0.305,0.32,0,0,1,1
0.14,0.305,0.323,0,0,1,1
0.14,0.305,0.326,0,0,1,1
0.14,0.305,0.329,0,0,1,1
0.14,0.305,0.332,0,0,1,1
0.14,0.305,0.335,0,0,1,1
0.14,0.305,0.338,0,0,1,1
0.14,0.305,0.341,0,0,1,1
0.14,0.305,0.344,0,0,1,1
0.14,0.305,0.347,0,0,1,1
0.14,0.305,0.35,0,0,1,1
0.14,0.305,0.353,0,0,1,1
0.14,0.305,0.356,0,0,1,1
0.14,0.305,0.359,0,0,1,1
0.14,0.305,0.362,0,0,1,1
0.14,0.305,0.365,0,0,1,1
0.14,0.305,0.368,0,0,1,1
0.14,0.305,0.371,0,0,1,1
0.14,0.305,0.374,0,0,1,1
0.14,0.305,0.377,0,0,1,1
0.14,0.305,0.38,0,0,1,1
0.14,0.305,0.383,0,0,1,1
0.14,0.305,0.386,0,0,1,1
0.14,0.305,0.389,0,0,1,1
0.14,0.305,0.392,0,0,1,1
0.14,0.305,0.395,0,0,1,1
0.14,0.305,0.398,0,0,1,1
0.14,0.305,0.401,0,0,1,1
0.14,0.305,0.404,0,0,1,1
0.14,0.305,0.407,0,0,1,1
0.14,0.305,0.41,0,0,1,1
0.14,0.305,0.413,0,0,1,1
0.14,0.305,0.416,0,0,1,1
0.14,0.305,0.419,0,0,1,1
0.14,0.305,0.422,0,0,1,1
0.14,0.305,0.425,0,0,1,1
0.14,0.305,0.427999,0,0,1,1
0.14,0.305,0.430999,0,0,1,1
0.14,0.305,0.433999,0,0,1,1
0.14,0.305,0.436999,0,0,1,1
0.14,0.305,0.439999,0,0,1,1
0.14,0.302,0.26,0,0,1,1
0.14,0.302,0.263,0,0,1,1
0.14,0.302,0.266,0,0,1,1
0.14,0.302,0.269,0,0,1,1
0.14,0.302,0.272,0,0,1,1
0.14,0.302,0.275,0,0,1,1
0.14,0.302,0.278,0,0,1,1
0.14,0.302,0.281,0,0,1,1
0.14,0.302,0.284,0,0,1,1
0.14,0.302,0.287,0,0,1,1
0.14,0.302,0.29,0,0,1,1
0.14,0.302,0.293,0,0,1,1
0.14,0.302,0.296,0,0,1,1
0.14,0.302,0.299,0,0,1,1
0.14,0.302,0.302,0,0,1,1
0.14,0.302,0.305,0,0,1,1
0.14,0.302,0.308,0,0,1,1
0.14,0.302,0.311,0,0,1,1
0.14,0.302,0.314,0,0,1,1
0.14,0.302,0.317,0,0,1,1
0.14,0.302,0.32,0,0,1,1
0.14,0.302,0.323,0,0,1,1
0.14,0.302,0.326,0,0,1,1
0.14,0.302,0.329,0,0,1,1
0.14,0.302,0.332,0,0,1,1
0.14,0.302,0.335,0,0,1,1
0.14,0.302,0.338,0,0,1,1
0.14,0.302,0.341,0,0,1,1
0.14,0.302,0.344,0,0,1,1
0.14,0.302,0.347,0,0,1,1
0.14,0.302,0.35,0,0,1,1
0.14,0.302,0.353,0,0,1,1
0.14,0.302,0.356,0,0,1,1
0.14,0.302,0.359,0,0,1,1
0.14,0.302,0.362,0,0,1,1
0.14,0.302,0.365,0,0,1,1
0.14,0.302,0.368,0,0,1,1
0.14,0.302,0.371,0,0,1,1
0.14,0.302,0.374,0,0,1,1
0.14,0.302,0.377,0,0,1,1
0.14,0.302,0.38,0,0,1,1
0.14,0.302,0.383,0,0,1,1
0.14,0.302,0.386,0,0,1,1
0.14,0.302,0.389,0,0,1,1
0.14,0.302,0.392,0,0,1,1
0.14,0.302,0.395,0,0,1,1
0.14,0.302,0.398,0,0,1,1
0.14,0.302,0.401,0,0,1,1
0.14,0.302,0.404,0,0,1,1
0.14,0.302,0.407,0,0,1,1
0.14,0.302,0.41,0,0,1,1
0.14,0.302,0.413,0,0,1,1
0.14,0.302,0.416,0,0,1,1
0.14,0.302,0.419,0,0,1,1
0.14,0.302,0.422,0,0,1,1
0.14,0.302,0.425,0,0,1,1
0.14,0.302,0.427999,0,0,1,1
0.14,0.302,0.430999,0,0,1,1
0.14,0.302,0.433999,0,0,1,1
0.14,0.302,0.436999,0,0,1,1
0.14,0.302,0.439999,0,0,1,1
0.14,0.299,0.26,0,0,1,1
0.14,0.299,0.263,0,0,1,1
0.14,0.299,0.266,0,0,1,1
0.14,0.299,0.269,0,0,1,1
0.14,0.299,0.272,0,0,1,1
0.14,0.299,0.275,0,0,1,1
0.14,0.299,0.278,0,0,1,1
0.14,0.299,0.281,0,0,1,1
0.14,0.299,0.284,0,0,1,1
0.14,0.299,0.287,0,0,1,1
0.14,0.299,0.29,0,0,1,1
0.14,0.299,0.293,0,0,1,1
0.14,0.299,0.296,0,0,1,1
0.14,0.299,0.299,0,0,1,1
0.14,0.299,0.302,0,0,1,1
0.14,0.299,0.305,0,0,1,1
0.14,0.299,0.308,0,0,1,1
0.14,0.299,0.311,0,0,1,1
0.14,0.299,0.314,0,0,1,1
0.14,0.299,0.317,0,0,1,1
0.14,0.299,0.32,0,0,1,1
0.14,0.299,0.323,0,0,1,1
0.14,0.299,0.326,0,0,1,1
0.14,0.299,0.329,0,0,1,1
0.14,0.299,0.332,0,0,1,1
0.14,0.299,0.335,0,0,1,1
0.14,0.299,0.338,0,0,1,1
0.14,0.299,0.341,0,0,1,1
0.14,0.299,0.344,0,0,1,1
0.14,0.299,0.347,0,0,1,1
0.14,0.299,0.35,0,0,1,1
0.14,0.299,0.353,0,0,1,1
0.14,0.299,0.356,0,0,1,1
0.14,0.299,0.359,0,0,1,1
0.14,0.299,0.362,0,0,1,1
0.14,0.299,0.365,0,0,1,1
0.14,0.299,0.368,0,0,1,1
0.14,0.299,0.371,0,0,1,1
0.14,0.299,0.374,0,0,1,1
0.14,0.299,0.377,0,0,1,1
0.14,0.299,0.38,0,0,1,1
0.14,0.299,0.383,0,0,1,1
0.14,0.299,0.386,0,0,1,1
0.14,0.299,0.389,0,0,1,1
0.14,0.299,0.392,0,0,1,1
0.14,0.299,0.395,0,0,1,1
0.14,0.299,0.398,0,0,1,1
0.14,0.299,0.401,0,0,1,1
0.14,0.299,0.404,0,0,1,1
0.14,0.299,0.407,0,0,1,1
0.14,0.299,0.41,0,0,1,1
0.14,0.299,0.413,0,0,1,1
0.14,0.299,0.416,0,0,1,1
0.14,0.299,0.419,0,0,1,1
0.14,0.299,0.422,0,0,1,1
0.14,0.299,0.425,0,0,1,1
0.14,0.299,0.427999,0,0,1,1
0.14,0.299,0.430999,0,0,1,1
0.14,0.299,0.433999,0,0,1,1
0.14,0.299,0.436999,0,0,1,1
0.14,0.299,0.439999,0,0,1,1
0.14,0.296,0.26,0,0,1,1
0.14,0.296,0.263,0,0,1,1
0.14,0.296,0.266,0,0,1,1
0.14,0.296,0.269,0,0,1,1
0.14,0.296,0.272,0,0,1,1
0.14,0.296,0.275,0,0,1,1
0.14,0.296,0.278,0,0,1,1
0.14,0.296,0.281,0,0,1,1
0.14,0.296,0.284,0,0,1,1
0.14,0.296,0.287,0,0,1,1
0.14,0.296,0.29,0,0,1,1
0.14,0.296,0.293,0,0,1,1
0.14,0.296,0.296,0,0,1,1
0.14,0.296,0.299,0,0,1,1
0.14,0.296,0.302,0,0,1,1
0.14,0.296,0.305,0,0,1,1
0.14,0.296,0.308,0,0,1,1
0.14,0.296,0.311,0,0,1,1
0.14,0.296,0.314,0,0,1,1
0.14,0.296,0.317,0,0,1,1
0.14,0.296,0.32,0,0,1,1
0.14,0.296,0.323,0,0,1,1
0.14,0.296,0.326,0,0,1,1
0.14,0.296,0.329,0,0,1,1
0.14,0.296,0.332,0,0,1,1
0.14,0.296,0.335,0,0,1,1
0.14,0.296,0.338,0,0,1,1
0.14,0.296,0.341,0,0,1,1
0.14,0.296,0.344,0,0,1,1
0.14,0.296,0.347,0,0,1,1
0.14,0.296,0.35,0,0,1,1
0.14,0.296,0.353,0,0,1,1
0.14,0.296,0.356,0,0,1,1
0.14,0.296,0.359,0,0,1,1
0.14,0.296,0.362,0,0,1,1
0.14,0.296,0.365,0,0,1,1
0.14,0.296,0.368,0,0,1,1
0.14,0.296,0.371,0,0,1,1
0.14,0.296,0.374,0,0,1,1
0.14,0.296,0.377,0,0,1,1
0.14,0.296,0.38,0,0,1,1
0.14,0.296,0.383,0,0,1,1
0.14,0.296,0.386,0,0,1,1
0.14,0.296,0.389,0,0,1,1
0.14,0.296,0.392,0,0,1,1
0.14,0.296,0.395,0,0,1,1
0.14,0.296,0.398,0,0,1,1
0.14,0.296,0.401,0,0,1,1
0.14,0.296,0.404,0,0,1,1
0.14,0.296,0.407,0,0,1,1
0.14,0.296,0.41,0,0,1,1
0.14,0.296,0.413,0,0,1,1
0.14,0.296,0.416,0,0,1,1
0.14,0.296,0.419,0,0,1,1
0.14,0.296,0.422,0,0,1,1
0.14,0.296,0.425,0,0,1,1
0.14,0.296,0.427999,0,0,1,1
0.14,0.296,0.430999,0,0,1,1
0.14,0.296,0.433999,0,0,1,1
0.14,0.296,0.436999,0,0,1,1
0.14,0.296,0.439999,0,0,1,1
0.14,0.293,0.26,0,0,1,1
0.14,0.293,0.263,0,0,1,1
0.14,0.293,0.266,0,0,1,1
0.14,0.293,0.269,0,0,1,1
0.14,0.293,0.272,0,0,1,1
0.14,0.293,0.275,0,0,1,1
0.14,0.293,0.278,0,0,1,1
0.14,0.293,0.281,0,0,1,1
0.14,0.293,0.284,0,0,1,1
0.14,0.293,0.287,0,0,1,1
0.14,0.293,0.29,0,0,1,1
0.14,0.293,0.293,0,0,1,1
0.14,0.293,0.296,0,0,1,1
0.14,0.293,0.299,0,0,1,1
0.14,0.293,0.302,0,0,1,1
0.14,0.293,0.305,0,0,1,1
0.14,0.293,0.308,0,0,1,1
0.14,0.293,0.311,0,0,1,1
0.14,0.293,0.314,0,0,1,1
0.14,0.293,0.317,0,0,1,1
0.14,0.293,0.32,0,0,1,1
0.14,0.293,0.323,0,0,1,1
0.14,0.293,0.326,0,0,1,1
0.14,0.293,0.329,0,0,1,1
0.14,0.293,0.332,0,0,1,1
0.14,0.293,0.335,0,0,1,1
0.14,0.293,0.338,0,0,1,1
0.14,0.293,0.341,0,0,1,1
0.14,0.293,0.344,0,0,1,1
0.14,0.293,0.347,0,0,1,1
0.14,0.293,0.35,0,0,1,1
0.14,0.293,0.353,0,0,1,1
0.14,0.293,0.356,0,0,1,1
0.14,0.293,0.359,0,0,1,1
0.14,0.293,0.362,0,0,1,1
0.14,0.293,0.365,0,0,1,1
0.14,0.293,0.368,0,0,1,1
0.14,0.293,0.371,0,0,1,1
0.14,0.293,0.374,0,0,1,1
0.14,0.293,0.377,0,0,1,1
0.14,0.293,0.38,0,0,1,1
0.14,0.293,0.383,0,0,1,1
0.14,0.293,0.386,0,0,1,1
0.14,0.293,0.389,0,0,1,1
0.14,0.293,0.392,0,0,1,1
0.14,0.293,0.395,0,0,1,1
0.14,0.293,0.398,0,0,1,1
0.14,0.293,0.401,0,0,1,1
0.14,0.293,0.404,0,0,1,1
0.14,0.293,0.407,0,0,1,1
0.14,0.293,0.41,0,0,1,1
0.14,0.293,0.413,0,0,1,1
0.14,0.293,0.416,0,0,1,1
0.14,0.293,0.419,0,0,1,1
0.14,0.293,0.422,0,0,1,1
0.14,0.293,0.425,0,0,1,1
0.14,0.293,0.427999,0,0,1,1
0.14,0.293,0.430999,0,0,1,1
0.14,0.293,0.433999,0,0,1,1
0.14,0.293,0.436999,0,0,1,1
0.14,0.293,0.439999,0,0,1,1
0.14,0.29,0.26,0,0,1,1
0.14,0.29,0.263,0,0,1,1
0.14,0.29,0.266,0,0,1,1
0.14,0.29,0.269,0,0,1,1
0.14,0.29,0.272,0,0,1,1
0.14,0.29,0.275,0,0,1,1
0.14,0.29,0.278,0,0,1,1
0.14,0.29,0.281,0,0,1,1
0.14,0.29,0.284,0,0,1,1
0.14,0.29,0.287,0,0,1,1
0.14,0.29,0.29,0,0,1,1
0.14,0.29,0.293,0,0,1,1
0.14,0.29,0.296,0,0,1,1
0.14,0.29,0.299,0,0,1,1
0.14,0.29,0.302,0,0,1,1
0.14,0.29,0.305,0,0,1,1
0.14,0.29,0.308,0,0,1,1
0.14,0.29,0.311,0,0,1,1
0.14,0.29,0.314,0,0,1,1
0.14,0.29,0.317,0,0,1,1
0.14,0.29,0.32,0,0,1,1
0.14,0.29,0.323,0,0,1,1
0.14,0.29,0.326,0,0,1,1
0.14,0.29,0.329,0,0,1,1
0.14,0.29,0.332,0,0,1,1
0.14,0.29,0.335,0,0,1,1
0.14,0.29,0.338,0,0,1,1
0.14,0.29,0.341,0,0,1,1
0.14,0.29,0.344,0,0,1,1
0.14,0.29,0.347,0,0,1,1
0.14,0.29,0.35,0,0,1,1
0.14,0.29,0.353,0,0,1,1
0.14,0.29,0.356,0,0,1,1
0.14,0.29,0.359,0,0,1,1
0.14,0.29,0.362,0,0,1,1
0.14,0.29,0.365,0,0,1,1
0.14,0.29,0.368,0,0,1,1
0.14,0.29,0.371,0,0,1,1
0.14,0.29,0.374,0,0,1,1
0.14,0.29,0.377,0,0,1,1
0.14,0.29,0.38,0,0,1,1
0.14,0.29,0.383,0,0,1,1
0.14,0.29,0.386,0,0,1,1
0.14,0.29,0.389,0,0,1,1
0.14,0.29,0.392,0,0,1,1
0.14,0.29,0.395,0,0,1,1
0.14,0.29,0.398,0,0,1,1
0.14,0.29,0.401,0,0,1,1
0.14,0.29,0.404,0,0,1,1
0.14,0.29,0.407,0,0,1,1
0.14,0.29,0.41,0,0,1,1
0.14,0.29,0.413,0,0,1,1
0.14,0.29,0.416,0,0,1,1
0.14,0.29,0.419,0,0,1,1
0.14,0.29,0.422,0,0,1,1
0.14,0.29,0.425,0,0,1,1
0.14,0.29,0.427999,0,0,1,1
0.14,0.29,0.430999,0,0,1,1
0.14,0.29,0.433999,0,0,1,1
0.14,0.29,0.436999,0,0,1,1
0.14,0.29,0.439999,0,0,1,1
0.14,0.287,0.26,0,0,1,1
0.14,0.287,0.263,0,0,1,1
0.14,0.287,0.266,0,0,1,1
0.14,0.287,0.269,0,0,1,1
0.14,0.287,0.272,0,0,1,1
0.14,0.287,0.275,0,0,1,1
0.14,0.287,0.278,0,0,1,1
0.14,0.287,0.281,0,0,1,1
0.14,0.287,0.284,0,0,1,1
0.14,0.287,0.287,0,0,1,1
0.14,0.287,0.29,0,0,1,1
0.14,0.287,0.293,0,0,1,1
0.14,0.287,0.296,0,0,1,1
0.14,0.287,0.299,0,0,1,1
0.14,0.287,0.302,0,0,1,1
0.14,0.287,0.305,0,0,1,1
0.14,0.287,0.308,0,0,1,1
0.14,0.287,0.311,0,0,1,1
0.14,0.287,0.314,0,0,1,1
0.14,0.287,0.317,0,0,1,1
0.14,0.287,0.32,0,0,1,1
0.14,0.287,0.323,0,0,1,1
0.14,0.287,0.326,0,0,1,1
0.14,0.287,0.329,0,0,1,1
0.14,0.287,0.332,0,0,1,1
0.14,0.287,0.335,0,0,1,1
0.14,0.287,0.338,0,0,1,1
0.14,0.287,0.341,0,0,1,1
0.14,0.287,0.344,0,0,1,1
0.14,0.287,0.347,0,0,1,1
0.14,0.287,0.35,0,0,1,1
0.14,0.287,0.353,0,0,1,1
0.14,0.287,0.356,0,0,1,1
0.14,0.287,0.359,0,0,1,1
0.14,0.287,0.362,0,0,1,1
0.14,0.287,0.365,0,0,1,1
0.14,0.287,0.368,0,0,1,1
0.14,0.287,0.371,0,0,1,1
0.14,0.287,0.374,0,0,1,1
0.14,0.287,0.377,0,0,1,1
0.14,0.287,0.38,0,0,1,1
0.14,0.287,0.383,0,0,1,1
0.14,0.287,0.386,0,0,1,1
0.14,0.287,0.389,0,0,1,1
0.14,0.287,0.392,0,0,1,1
0.14,0.287,0.395,0,0,1,1
0.14,0.287,0.398,0,0,1,1
0.14,0.287,0.401,0,0,1,1
0.14,0.287,0.404,0,0,1,1
0.14,0.287,0.407,0,0,1,1
0.14,0.287,0.41,0,0,1,1
0.14,0.287,0.413,0,0,1,1
0.14,0.287,0.416,0,0,1,1
0.14,0.287,0.419,0,0,1,1
0.14,0.287,0.422,0,0,1,1
0.14,0.287,0.425,0,0,1,1
0.14,0.287,0.427999,0,0,1,1
0.14,0.287,0.430999,0,0,1,1
0.14,0.287,0.433999,0,0,1,1
0.14,0.287,0.436999,0,0,1,1
0.14,0.287,0.439999,0,0,1,1
0.14,0.284,0.26,0,0,1,1
0.14,0.284,0.263,0,0,1,1
0.14,0.284,0.266,0,0,1,1
0.14,0.284,0.269,0,0,1,1
0.14,0.284,0.272,0,0,1,1
0.14,0.284,0.275,0,0,1,1
0.14,0.284,0.278,0,0,1,1
0.14,0.284,0.281,0,0,1,1
0.14,0.284,0.284,0,0,1,1
0.14,0.284,0.287,0,0,1,1
0.14,0.284,0.29,0,0,1,1
0.14,0.284,0.293,0,0,1,1
0.14,0.284,0.296,0,0,1,1
0.14,0.284,0.299,0,0,1,1
0.14,0.284,0.302,0,0,1,1
0.14,0.284,0.305,0,0,1,1
0.14,0.284,0.308,0,0,1,1
0.14,0.284,0.311,0,0,1,1
0.14,0.284,0.314,0,0,1,1
0.14,0.284,0.317,0,0,1,1
0.14,0.284,0.32,0,0,1,1
0.14,0.284,0.323,0,0,1,1
0.14,0.284,0.326,0,0,1,1
0.14,0.284,0.329,0,0,1,1
0.14,0.284,0.332,0,0,1,1
0.14,0.284,0.335,0,0,1,1
0.14,0.284,0.338,0,0,1,1
0.14,0.284,0.341,0,0,1,1
0.14,0.284,0.344,0,0,1,1
0.14,0.284,0.347,0,0,1,1
0.14,0.284,0.35,0,0,1,1
0.14,0.284,0.353,0,0,1,1
0.14,0.284,0.356,0,0,1,1
0.14,0.284,0.359,0,0,1,1
0.14,0.284,0.362,0,0,1,1
0.14,0.284,0.365,0,0,1,1
0.14,0.284,0.368,0,0,1,1
0.14,0.284,0.371,0,0,1,1
0.14,0.284,0.374,0,0,1,1
0.14,0.284,0.377,0,0,1,1
0.14,0.284,0.38,0,0,1,1
0.14,0.284,0.383,0,0,1,1
0.14,0.284,0.386,0,0,1,1
0.14,0.284,0.389,0,0,1,1
0.14,0.284,0.392,0,0,1,1
0.14,0.284,0.395,0,0,1,1
0.14,0.284,0.398,0,0,1,1
0.14,0.284,0.401,0,0,1,1
0.14,0.284,0.404,0,0,1,1
0.14,0.284,0.407,0,0,1,1
0.14,0.284,0.41,0,0,1,1
0.14,0.284,0.413,0,0,1,1
0.14,0.284,0.416,0,0,1,1
0.14,0.284,0.419,0,0,1,1
0.14,0.284,0.422,0,0,1,1
0.14,0.284,0.425,0,0,1,1
0.14,0.284,0.427999,0,0,1,1
0.14,0.284,0.430999,0,0,1,1
0.14,0.284,0.433999,0,0,1,1
0.14,0.284,0.436999,0,0,1,1
0.14,0.284,0.439999,0,0,1,1
0.14,0.281,0.26,0,0,1,1
0.14,0.281,0.263,0,0,1,1
0.14,0.281,0.266,0,0,1,1
0.14,0.281,0.269,0,0,1,1
0.14,0.281,0.272,0,0,1,1
0.14,0.281,0.275,0,0,1,1
0.14,0.281,0.278,0,0,1,1
0.14,0.281,0.281,0,0,1,1
0.14,0.281,0.284,0,0,1,1
0.14,0.281,0.287,0,0,1,1
0.14,0.281,0.29,0,0,1,1
0.14,0.281,0.293,0,0,1,1
0.14,0.281,0.296,0,0,1,1
0.14,0.281,0.299,0,0,1,1
0.14,0.281,0.302,0,0,1,1
0.14,0.281,0.305,0,0,1,1
0.14,0.281,0.308,0,0,1,1
0.14,0.281,0.311,0,0,1,1
0.14,0.281,0.314,0,0,1,1
0.14,0.281,0.317,0,0,1,1
0.14,0.281,0.32,0,0,1,1
0.14,0.281,0.323,0,0,1,1
0.14,0.281,0.326,0,0,1,1
0.14,0.281,0.329,0,0,1,1
0.14,0.281,0.332,0,0,1,1
0.14,0.281,0.335,0,0,1,1
0.14,0.281,0.338,0,0,1,1
0.14,0.281,0.341,0,0,1,1
0.14,0.281,0.344,0,0,1,1
0.14,0.281,0.347,0,0,1,1
0.14,0.281,0.35,0,0,1,1
0.14,0.281,0.353,0,0,1,1
0.14,0.281,0.356,0,0,1,1
0.14,0.281,0.359,0,0,1,1
0.14,0.281,0.362,0,0,1,1
0.14,0.281,0.365,0,0,1,1
0.14,0.281,0.368,0,0,1,1
0.14,0.281,0.371,0,0,1,1
0.14,0.281,0.374,0,0,1,1
0.14,0.281,0.377,0,0,1,1
0.14,0.281,0.38,0,0,1,1
0.14,0.281,0.383,0,0,1,1
0.14,0.281,0.386,0,0,1,1
0.14,0.281,0.389,0,0,1,1
0.14,0.281,0.392,0,0,1,1
0.14,0.281,0.395,0,0,1,1
0.14,0.281,0.398,0,0,1,1
0.14,0.281,0.401,0,0,1,1
0.14,0.281,0.404,0,0,1,1
0.14,0.281,0.407,0,0,1,1
0.14,0.281,0.41,0,0,1,1
0.14,0.281,0.413,0,0,1,1
0.14,0.281,0.416,0,0,1,1
0.14,0.281,0.419,0,0,1,1
0.14,0.281,0.422,0,0,1,1
0.14,0.281,0.425,0,0,1,1
0.14,0.281,0.427999,0,0,1,1
0.14,0.281,0.430999,0,0,1,1
0.14,0.281,0.433999,0,0,1,1
0.14,0.281,0.436999,0,0,1,1
0.14,0.281,0.439999,0,0,1,1
0.14,0.278,0.26,0,0,1,1
0.14,0.278,0.263,0,0,1,1
0.14,0.278,0.266,0,0,1,1
0.14,0.278,0.269,0,0,1,1
0.14,0.278,0.272,0,0,1,1
0.14,0.278,0.275,0,0,1,1
0.14,0.278,0.278,0,0,1,1
0.14,0.278,0.281,0,0,1,1
0.14,0.278,0.284,0,0,1,1
0.14,0.278,0.287,0,0,1,1
0.14,0.278,0.29,0,0,1,1
0.14,0.278,0.293,0,0,1,1
0.14,0.278,0.296,0,0,1,1
0.14,0.278,0.299,0,0,1,1
0.14,0.278,0.302,0,0,1,1
0.14,0.278,0.305,0,0,1,1
0.14,0.278,0.308,0,0,1,1
0.14,0.278,0.311,0,0,1,1
0.14,0.278,0.314,0,0,1,1
0.14,0.278,0.317,0,0,1,1
0.14,0.278,0.32,0,0,1,1
0.14,0.278,0.323,0,0,1,1
0.14,0.278,0.326,0,0,1,1
0.14,0.278,0.329,0,0,1,1
0.14,0.278,0.332,0,0,1,1
0.14,0.278,0.335,0,0,1,1
0.14,0.278,0.338,0,0,1,1
0.14,0.278,0.341,0,0,1,1
0.14,0.278,0.344,0,0,1,1
0.14,0.278,0.347,0,0,1,1
0.14,0.278,0.35,0,0,1,1
0.14,0.278,0.353,0,0,1,1
0.14,0.278,0.356,0,0,1,1
0.14,0.278,0.359,0,0,1,1
0.14,0.278,0.362,0,0,1,1
0.14,0.278,0.365,0,0,1,1
0.14,0.278,0.368,0,0,1,1
0.14,0.278,0.371,0,0,1,1
0.14,0.278,0.374,0,0,1,1
0.14,0.278,0.377,0,0,1,1
0.14,0.278,0.38,0,0,1,1
0.14,0.278,0.383,0,0,1,1
0.14,0.278,0.386,0,0,1,1
0.14,0.278,0.389,0,0,1,1
0.14,0.278,0.392,0,0,1,1
0.14,0.278,0.395,0,0,1,1
0.14,0.278,0.398,0,0,1,1
0.14,0.278,0.401,0,0,1,1
0.14,0.278,0.404,0,0,1,1
0.14,0.278,0.407,0,0,1,1
0.14,0.278,0.41,0,0,1,1
0.14,0.278,0.413,0,0,1,1
0.14,0.278,0.416,0,0,1,1
0.14,0.278,0.419,0,0,1,1
0.14,0.278,0.422,0,0,1,1
0.14,0.278,0.425,0,0,1,1
0.14,0.278,0.427999,0,0,1,1
0.14,0.278,0.430999,0,0,1,1
0.14,0.278,0.433999,0,0,1,1
0.14,0.278,0.436999,0,0,1,1
0.14,0.278,0.439999,0,0,1,1
0.14,0.275,0.26,0,0,1,1
0.14,0.275,0.263,0,0,1,1
0.14,0.275,0.266,0,0,1,1
0.14,0.275,0.269,0,0,1,1
0.14,0.275,0.272,0,0,1,1
0.14,0.275,0.275,0,0,1,1
0.14,0.275,0.278,0,0,1,1
0.14,0.275,0.281,0,0,1,1
0.14,0.275,0.284,0,0,1,1
0.14,0.275,0.287,0,0,1,1
0.14,0.275,0.29,0,0,1,1
0.14,0.275,0.293,0,0,1,1
0.14,0.275,0.296,0,0,1,1
0.14,0.275,0.299,0,0,1,1
0.14,0.275,0.302,0,0,1,1
0.14,0.275,0.305,0,0,1,1
0.14,0.275,0.308,0,0,1,1
0.14,0.275,0.311,0,0,1,1
0.14,0.275,0.314,0,0,1,1
0.14,0.275,0.317,0,0,1,1
0.14,0.275,0.32,0,0,1,1
0.14,0.275,0.323,0,0,1,1
0.14,0.275,0.326,0,0,1,1
0.14,0.275,0.329,0,0,1,1
0.14,0.275,0.332,0,0,1,1
0.14,0.275,0.335,0,0,1,1
0.14,0.275,0.338,0,0,1,1
0.14,0.275,0.341,0,0,1,1
0.14,0.275,0.344,0,0,1,1
0.14,0.275,0.347,0,0,1,1
0.14,0.275,0.35,0,0,1,1
0.14,0.275,0.353,0,0,1,1
0.14,0.275,0.356,0,0,1,1
0.14,0.275,0.359,0,0,1,1
0.14,0.275,0.362,0,0,1,1
0.14,0.275,0.365,0,0,1,1
0.14,0.275,0.368,0,0,1,1
0.14,0.275,0.371,0,0,1,1
0.14,0.275,0.374,0,0,1,1
0.14,0.275,0.377,0,0,1,1
0.14,0.275,0.38,0,0,1,1
0.14,0.275,0.383,0,0,1,1
0.14,0.275,0.386,0,0,1,1
0.14,0.275,0.389,0,0,1,1
0.14,0.275,0.392,0,0,1,1
0.14,0.275,0.395,0,0,1,1
0.14,0.275,0.398,0,0,1,1
0.14,0.275,0.401,0,0,1,1
0.14,0.275,0.404,0,0,1,1
0.14,0.275,0.407,0,0,1,1
0.14,0.275,0.41,0,0,1,1
0.14,0.275,0.413,0,0,1,1
0.14,0.275,0.416,0,0,1,1
0.14,0.275,0.419,0,0,1,1
0.14,0.275,0.422,0,0,1,1
0.14,0.275,0.425,0,0,1,1
0.14,0.275,0.427999,0,0,1,1
0.14,0.275,0.430999,0,0,1,1
0.14,0.275,0.433999,0,0,1,1
0.14,0.275,0.436999,0,0,1,1
0.14,0.275,0.439999,0,0,1,1
0.14,0.272,0.26,0,0,1,1
0.14,0.272,0.263,0,0,1,1
0.14,0.272,0.266,0,0,1,1
0.14,0.272,0.269,0,0,1,1
0.14,0.272,0.272,0,0,1,1
0.14,0.272,0.275,0,0,1,1
0.14,0.272,0.278,0,0,1,1
0.14,0.272,0.281,0,0,1,1
0.14,0.272,0.284,0,0,1,1
0.14,0.272,0.287,0,0,1,1
0.14,0.272,0.29,0,0,1,1
0.14,0.272,0.293,0,0,1,1
0.14,0.272,0.296,0,0,1,1
0.14,0.272,0.299,0,0,1,1
0.14,0.272,0.302,0,0,1,1
0.14,0.272,0.305,0,0,1,1
0.14,0.272,0.308,0,0,1,1
0.14,0.272,0.311,0,0,1,1
0.14,0.272,0.314,0,0,1,1
0.14,0.272,0.317,0,0,1,1
0.14,0.272,0.32,0,0,1,1
0.14,0.272,0.323,0,0,1,1
0.14,0.272,0.326,0,0,1,1
0.14,0.272,0.329,0,0,1,1
0.14,0.272,0.332,0,0,1,1
0.14,0.272,0.335,0,0,1,1
0.14,0.272,0.338,0,0,1,1
0.14,0.272,0.341,0,0,1,1
0.14,0.272,0.344,0,0,1,1
0.14,0.272,0.347,0,0,1,1
0.14,0.272,0.35,0,0,1,1
0.14,0.272,0.353,0,0,1,1
0.14,0.272,0.356,0,0,1,1
0.14,0.272,0.359,0,0,1,1
0.14,0.272,0.362,0,0,1,1
0.14,0.272,0.365,0,0,1,1
0.14,0.272,0.368,0,0,1,1
0.14,0.272,0.371,0,0,1,1
0.14,0.272,0.374,0,0,1,1
0.14,0.272,0.377,0,0,1,1
0.14,0.272,0.38,0,0,1,1
0.14,0.272,0.383,0,0,1,1
0.14,0.272,0.386,0,0,1,1
0.14,0.272,0.389,0,0,1,1
0.14,0.272,0.392,0,0,1,1
0.14,0.272,0.395,0,0,1,1
0.14,0.272,0.398,0,0,1,1
0.14,0.272,0.401,0,0,1,1
0.14,0.272,0.404,0,0,1,1
0.14,0.272,0.407,0,0,1,1
0.14,0.272,0.41,0,0,1,1
0.14,0.272,0.413,0,0,1,1
0.14,0.272,0.416,0,0,1,1
0.14,0.272,0.419,0,0,1,1
0.14,0.272,0.422,0,0,1,1
0.14,0.272,0.425,0,0,1,1
0.14,0.272,0.427999,0,0,1,1
0.14,0.272,0.430999,0,0,1,1
0.14,0.272,0.433999,0,0,1,1
0.14,0.272,0.436999,0,0,1,1
0.14,0.272,0.439999,0,0,1,1
0.14,0.269,0.26,0,0,1,1
0.14,0.269,0.263,0,0,1,1
0.14,0.269,0.266,0,0,1,1
0.14,0.269,0.269,0,0,1,1
0.14,0.269,0.272,0,0,1,1
0.14,0.269,0.275,0,0,1,1
0.14,0.269,0.278,0,0,1,1
0.14,0.269,0.281,0,0,1,1
0.14,0.269,0.284,0,0,1,1
0.14,0.269,0.287,0,0,1,1
0.14,0.269,0.29,0,0,1,1
0.14,0.269,0.293,0,0,1,1
0.14,0.269,0.296,0,0,1,1
0.14,0.269,0.299,0,0,1,1
0.14,0.269,0.302,0,0,1,1
0.14,0.269,0.305,0,0,1,1
0.14,0.269,0.308,0,0,1,1
0.14,0.269,0.311,0,0,1,1
0.14,0.269,0.314,0,0,1,1
0.14,0.269,0.317,0,0,1,1
0.14,0.269,0.32,0,0,1,1
0.14,0.269,0.323,0,0,1,1
0.14,0.269,0.326,0,0,1,1
0.14,0.269,0.329,0,0,1,1
0.14,0.269,0.332,0,0,1,1
0.14,0.269,0.335,0,0,1,1
0.14,0.269,0.338,0,0,1,1
0.14,0.269,0.341,0,0,1,1
0.14,0.269,0.344,0,0,1,1
0.14,0.269,0.347,0,0,1,1
0.14,0.269,0.35,0,0,1,1
0.14,0.269,0.353,0,0,1,1
0.14,0.269,0.356,0,0,1,1
0.14,0.269,0.359,0,0,1,1
0.14,0.269,0.362,0,0,1,1
0.14,0.269,0.365,0,0,1,1
0.14,0.269,0.368,0,0,1,1
0.14,0.269,0.371,0,0,1,1
0.14,0.269,0.374,0,0,1,1
0.14,0.269,0.377,0,0,1,1
0.14,0.269,0.38,0,0,1,1
0.14,0.269,0.383,0,0,1,1
0.14,0.269,0.386,0,0,1,1
0.14,0.269,0.389,0,0,1,1
0.14,0.269,0.392,0,0,1,1
0.14,0.269,0.395,0,0,1,1
0.14,0.269,0.398,0,0,1,1
0.14,0.269,0.401,0,0,1,1
0.14,0.269,0.404,0,0,1,1
0.14,0.269,0.407,0,0,1,1
0.14,0.269,0.41,0,0,1,1
0.14,0.269,0.413,0,0,1,1
0.14,0.269,0.416,0,0,1,1
0.14,0.269,0.419,0,0,1,1
0.14,0.269,0.422,0,0,1,1
0.14,0.269,0.425,0,0,1,1
0.14,0.269,0.427999,0,0,1,1
0.14,0.269,0.430999,0,0,1,1
0.14,0.269,0.433999,0,0,1,1
0.14,0.269,0.436999,0,0,1,1
0.14,0.269,0.439999,0,0,1,1
0.14,0.41,0.26,0,0,1,1
0.14,0.41,0.263,0,0,1,1
0.14,0.41,0.266,0,0,1,1
0.14,0.41,0.269,0,0,1,1
0.14,0.41,0.272,0,0,1,1
0.14,0.41,0.275,0,0,1,1
0.14,0.41,0.278,0,0,1,1
0.14,0.41,0.281,0,0,1,1
0.14,0.41,0.284,0,0,1,1
0.14,0.41,0.287,0,0,1,1
0.14,0.41,0.29,0,0,1,1
0.14,0.41,0.293,0,0,1,1
0.14,0.41,0.296,0,0,1,1
0.14,0.41,0.299,0,0,1,1
0.14,0.41,0.302,0,0,1,1
0.14,0.41,0.305,0,0,1,1
0.14,0.41,0.308,0,0,1,1
0.14,0.41,0.311,0,0,1,1
0.14,0.41,0.314,0,0,1,1
0.14,0.41,0.317,0,0,1,1
0.14,0.41,0.32,0,0,1,1
0.14,0.41,0.323,0,0,1,1
0.14,0.41,0.326,0,0,1,1
0.14,0.41,0.329,0,0,1,1
0.14,0.41,0.332,0,0,1,1
0.14,0.41,0.335,0,0,1,1
0.14,0.41,0.338,0,0,1,1
0.14,0.41,0.341,0,0,1,1
0.14,0.41,0.344,0,0,1,1
0.14,0.41,0.347,0,0,1,1
0.14,0.41,0.35,0,0,1,1
0.14,0.41,0.353,0,0,1,1
0.14,0.41,0.356,0,0,1,1
0.14,0.41,0.359,0,0,1,1
0.14,0.41,0.362,0,0,1,1
0.14,0.41,0.365,0,0,1,1
0.14,0.41,0.368,0,0,1,1
0.14,0.41,0.371,0,0,1,1
0.14,0.41,0.374,0,0,1,1
0.14,0.41,0.377,0,0,1,1
0.14,0.41,0.38,0,0,1,1
0.14,0.41,0.383,0,0,1,1
0.14,0.41,0.386,0,0,1,1
0.14,0.41,0.389,0,0,1,1
0.14,0.41,0.392,0,0,1,1
0.14,0.41,0.395,0,0,1,1
0.14,0.41,0.398,0,0,1,1
0.14,0.41,0.401,0,0,1,1
0.14,0.41,0.404,0,0,1,1
0.14,0.41,0.407,0,0,1,1
0.14,0.41,0.41,0,0,1,1
0.14,0.41,0.413,0,0,1,1
0.14,0.41,0.416,0,0,1,1
0.14,0.41,0.419,0,0,1,1
0.14,0.41,0.422,0,0,1,1
0.14,0.41,0.425,0,0,1,1
0.14,0.41,0.427999,0,0,1,1
0.14,0.41,0.430999,0,0,1,1
0.14,0.41,0.433999,0,0,1,1
0.14,0.41,0.436999,0,0,1,1
0.14,0.41,0.439999,0,0,1,1
0.143,0.41,0.26,0,0,1,1
0.143,0.41,0.263,0,0,1,1
0.143,0.41,0.266,0,0,1,1
0.143,0.41,0.269,0,0,1,1
0.143,0.41,0.272,0,0,1,1
0.143,0.41,0.275,0,0,1,1
0.143,0.41,0.278,0,0,1,1
0.143,0.41,0.281,0,0,1,1
0.143,0.41,0.284,0,0,1,1
0.143,0.41,0.287,0,0,1,1
0.143,0.41,0.29,0,0,1,1
0.143,0.41,0.293,0,0,1,1
0.143,0.41,0.296,0,0,1,1
0.143,0.41,0.299,0,0,1,1
0.143,0.41,0.302,0,0,1,1
0.143,0.41,0.305,0,0,1,1
0.143,0.41,0.308,0,0,1,1
0.143,0.41,0.311,0,0,1,1
0.143,0.41,0.314,0,0,1,1
0.143,0.41,0.317,0,0,1,1
0.143,0.41,0.32,0,0,1,1
0.143,0.41,0.323,0,0,1,1
0.143,0.41,0.326,0,0,1,1
0.143,0.41,0.329,0,0,1,1
0.143,0.41,0.332,0,0,1,1
0.143,0.41,0.335,0,0,1,1
0.143,0.41,0.338,0,0,1,1
0.143,0.41,0.341,0,0,1,1
0.143,0.41,0.344,0,0,1,1
0.143,0.41,0.347,0,0,1,1
0.143,0.41,0.35,0,0,1,1
0.143,0.41,0.353,0,0,1,1
0.143,0.41,0.356,0,0,1,1
0.143,0.41,0.359,0,0,1,1
0.143,0.41,0.362,0,0,1,1
0.143,0.41,0.365,0,0,1,1
0.143,0.41,0.368,0,0,1,1
0.143,0.41,0.371,0,0,1,1
0.143,0.41,0.374,0,0,1,1
0.143,0.41,0.377,0,0,1,1
0.143,0.41,0.38,0,0,1,1
0.143,0.41,0.383,0,0,1,1
0.143,0.41,0.386,0,0,1,1
0.143,0.41,0.389,0,0,1,1
0.143,0.41,0.392,0,0,1,1
0.143,0.41,0.395,0,0,1,1
0.143,0.41,0.398,0,0,1,1
0.143,0.41,0.401,0,0,1,1
0.143,0.41,0.404,0,0,1,1
0.143,0.41,0.407,0,0,1,1
0.143,0.41,0.41,0,0,1,1
0.143,0.41,0.413,0,0,1,1
0.143,0.41,0.416,0,0,1,1
0.143,0.41,0.419,0,0,1,1
0.143,0.41,0.422,0,0,1,1
0.143,0.41,0.425,0,0,1,1
0.143,0.41,0.427999,0,0,1,1
0.143,0.41,0.430999,0,0,1,1
0.143,0.41,0.433999,0,0,1,1
0.143,0.41,0.436999,0,0,1,1
0.143,0.41,0.439999,0,0,1,1
0.146,0.41,0.26,0,0,1,1
0.146,0.41,0.263,0,0,1,1
0.146,0.41,0.266,0,0,1,1
0.146,0.41,0.269,0,0,1,1
0.146,0.41,0.272,0,0,1,1
0.146,0.41,0.275,0,0,1,1
0.146,0.41,0.278,0,0,1,1
0.146,0.41,0.281,0,0,1,1
0.146,0.41,0.284,0,0,1,1
0.146,0.41,0.287,0,0,1,1
0.146,0.41,0.29,0,0,1,1
0.146,0.41,0.293,0,0,1,1
0.146,0.41,0.296,0,0,1,1
0.146,0.41,0.299,0,0,1,1
0.146,0.41,0.302,0,0,1,1
0.146,0.41,0.305,0,0,1,1
0.146,0.41,0.308,0,0,1,1
0.146,0.41,0.311,0,0,1,1
0.146,0.41,0.314,0,0,1,1
0.146,0.41,0.317,0,0,1,1
0.146,0.41,0.32,0,0,1,1
0.146,0.41,0.323,0,0,1,1
0.146,0.41,0.326,0,0,1,1
0.146,0.41,0.329,0,0,1,1
0.146,0.41,0.332,0,0,1,1
0.146,0.41,0.335,0,0,1,1
0.146,0.41,0.338,0,0,1,1
0.146,0.41,0.341,0,0,1,1
0.146,0.41,0.344,0,0,1,1
0.146,0.41,0.347,0,0,1,1
0.146,0.41,0.35,0,0,1,1
0.146,0.41,0.353,0,0,1,1
0.146,0.41,0.356,0,0,1,1
0.146,0.41,0.359,0,0,1,1
0.146,0.41,0.362,0,0,1,1
0.146,0.41,0.365,0,0,1,1
0.146,0.41,0.368,0,0,1,1
0.146,0.41,0.371,0,0,1,1
0.146,0.41,0.374,0,0,1,1
0.146,0.41,0.377,0,0,1,1
0.146,0.41,0.38,0,0,1,1
0.146,0.41,0.383,0,0,1,1
0.146,0.41,0.386,0,0,1,1
0.146,0.41,0.389,0,0,1,1
0.146,0.41,0.392,0,0,1,1
0.146,0.41,0.395,0,0,1,1
0.146,0.41,0.398,0,0,1,1
0.146,0.41,0.401,0,0,1,1
0.146,0.41,0.404,0,0,1,1
0.146,0.41,0.407,0,0,1,1
0.146,0.41,0.41,0,0,1,1
0.146,0.41,0.413,0,0,1,1
0.146,0.41,0.416,0,0,1,1
0.146,0.41,0.419,0,0,1,1
0.146,0.41,0.422,0,0,1,1
0.146,0.41,0.425,0,0,1,1
0.146,0.41,0.427999,0,0,1,1
0.146,0.41,0.430999,0,0,1,1
0.146,0.41,0.433999,0,0,1,1
0.146,0.41,0.436999,0,0,1,1
0.146,0.41,0.439999,0,0,1,1
0.149,0.41,0.26,0,0,1,1
0.149,0.41,0.263,0,0,1,1
0.149,0.41,0.266,0,0,1,1
0.149,0.41,0.269,0,0,1,1
0.149,0.41,0.272,0,0,1,1
0.149,0.41,0.275,0,0,1,1
0.149,0.41,0.278,0,0,1,1
0.149,0.41,0.281,0,0,1,1
0.149,0.41,0.284,0,0,1,1
0.149,0.41,0.287,0,0,1,1
0.149,0.41,0.29,0,0,1,1
0.149,0.41,0.293,0,0,1,1
0.149,0.41,0.296,0,0,1,1
0.149,0.41,0.299,0,0,1,1
0.149,0.41,0.302,0,0,1,1
0.149,0.41,0.305,0,0,1,1
0.149,0.41,0.308,0,0,1,1
0.149,0.41,0.311,0,0,1,1
0.149,0.41,0.314,0,0,1,1
0.149,0.41,0.317,0,0,1,1
0.149,0.41,0.32,0,0,1,1
0.149,0.41,0.323,0,0,1,1
0.149,0.41,0.326,0,0,1,1
0.149,0.41,0.329,0,0,1,1
0.149,0.41,0.332,0,0,1,1
0.149,0.41,0.335,0,0,1,1
0.149,0.41,0.338,0,0,1,1
0.149,0.41,0.341,0,0,1,1
0.149,0.41,0.344,0,0,1,1
0.149,0.41,0.347,0,0,1,1
0.149,0.41,0.35,0,0,1,1
0.149,0.41,0.353,0,0,1,1
0.149,0.41,0.356,0,0,1,1
0.149,0.41,0.359,0,0,1,1
0.149,0.41,0.362,0,0,1,1
0.149,0.41,0.365,0,0,1,1
0.149,0.41,0.368,0,0,1,1
0.149,0.41,0.371,0,0,1,1
0.149,0.41,0.374,0,0,1,1
0.149,0.41,0.377,0,0,1,1
0.149,0.41,0.38,0,0,1,1
0.149,0.41,0.383,0,0,1,1
0.149,0.41,0.386,0,0,1,1
0.149,0.41,0.389,0,0,1,1
0.149,0.41,0.392,0,0,1,1
0.149,0.41,0.395,0,0,1,1
0.149,0.41,0.398,0,0,1,1
0.149,0.41,0.401,0,0,1,1
0.149,0.41,0.404,0,0,1,1
0.149,0.41,0.407,0,0,1,1
0.149,0.41,0.41,0,0,1,1
0.149,0.41,0.413,0,0,1,1
0.149,0.41,0.416,0,0,1,1
0.149,0.41,0.419,0,0,1,1
0.149,0.41,0.422,0,0,1,1
0.149,0.41,0.425,0,0,1,1
0.149,0.41,0.427999,0,0,1,1
0.149,0.41,0.430999,0,0,1,1
0.149,0.41,0.433999,0,0,1,1
0.149,0.41,0.436999,0,0,1,1
0.149,0.41,0.439999,0,0,1,1
0.152,0.41,0.26,0,0,1,1
0.152,0.41,0.263,0,0,1,1
0.152,0.41,0.266,0,0,1,1
0.152,0.41,0.269,0,0,1,1
0.152,0.41,0.272,0,0,1,1
0.152,0.41,0.275,0,0,1,1
0.152,0.41,0.278,0,0,1,1
0.152,0.41,0.281,0,0,1,1
0.152,0.41,0.284,0,0,1,1
0.152,0.41,0.287,0,0,1,1
0.152,0.41,0.29,0,0,1,1
0.152,0.41,0.293,0,0,1,1
0.152,0.41,0.296,0,0,1,1
0.152,0.41,0.299,0,0,1,1
0.152,0.41,0.302,0,0,1,1
0.152,0.41,0.305,0,0,1,1
0.152,0.41,0.308,0,0,1,1
0.152,0.41,0.311,0,0,1,1
0.152,0.41,0.314,0,0,1,1
0.152,0.41,0.317,0,0,1,1
0.152,0.41,0.32,0,0,1,1
0.152,0.41,0.323,0,0,1,1
0.152,0.41,0.326,0,0,1,1
0.152,0.41,0.329,0,0,1,1
0.152,0.41,0.332,0,0,1,1
0.152,0.41,0.335,0,0,1,1
0.152,0.41,0.338,0,0,1,1
0.152,0.41,0.341,0,0,1,1
0.152,0.41,0.344,0,0,1,1
0.152,0.41,0.347,0,0,1,1
0.152,0.41,0.35,0,0,1,1
0.152,0.41,0.353,0,0,1,1
0.152,0.41,0.356,0,0,1,1
0.152,0.41,0.359,0,0,1,1
0.152,0.41,0.362,0,0,1,1
0.152,0.41,0.365,0,0,1,1
0.152,0.41,0.368,0,0,1,1
0.152,0.41,0.371,0,0,1,1
0.152,0.41,0.374,0,0,1,1
0.152,0.41,0.377,0,0,1,1
0.152,0.41,0.38,0,0,1,1
0.152,0.41,0.383,0,0,1,1
0.152,0.41,0.386,0,0,1,1
0.152,0.41,0.389,0,0,1,1
0.152,0.41,0.392,0,0,1,1
0.152,0.41,0.395,0,0,1,1
0.152,0.41,0.398,0,0,1,1
0.152,0.41,0.401,0,0,1,1
0.152,0.41,0.404,0,0,1,1
0.152,0.41,0.407,0,0,1,1
0.152,0.41,0.41,0,0,1,1
0.152,0.41,0.413,0,0,1,1
0.152,0.41,0.416,0,0,1,1
0.152,0.41,0.419,0,0,1,1
0.152,0.41,0.422,0,0,1,1
0.152,0.41,0.425,0,0,1,1
0.152,0.41,0.427999,0,0,1,1
0.152,0.41,0.430999,0,0,1,1
0.152,0.41,0.433999,0,0,1,1
0.152,0.41,0.436999,0,0,1,1
0.152,0.41,0.439999,0,0,1,1
0.155,0.41,0.26,0,0,1,1
0.155,0.41,0.263,0,0,1,1
0.155,0.41,0.266,0,0,1,1
0.155,0.41,0.269,0,0,1,1
0.155,0.41,0.272,0,0,1,1
0.155,0.41,0.275,0,0,1,1
0.155,0.41,0.278,0,0,1,1
0.155,0.41,0.281,0,0,1,1
0.155,0.41,0.284,0,0,1,1
0.155,0.41,0.287,0,0,1,1
0.155,0.41,0.29,0,0,1,1
0.155,0.41,0.293,0,0,1,1
0.155,0.41,0.296,0,0,1,1
0.155,0.41,0.299,0,0,1,1
0.155,0.41,0.302,0,0,1,1
0.155,0.41,0.305,0,0,1,1
0.155,0.41,0.308,0,0,1,1
0.155,0.41,0.311,0,0,1,1
0.155,0.41,0.314,0,0,1,1
0.155,0.41,0.317,0,0,1,1
0.155,0.41,0.32,0,0,1,1
0.155,0.41,0.323,0,0,1,1
0.155,0.41,0.326,0,0,1,1
0.155,0.41,0.329,0,0,1,1
0.155,0.41,0.332,0,0,1,1
0.155,0.41,0.335,0,0,1,1
0.155,0.41,0.338,0,0,1,1
0.155,0.41,0.341,0,0,1,1
0.155,0.41,0.344,0,0,1,1
0.155,0.41,0.347,0,0,1,1
0.155,0.41,0.35,0,0,1,1
0.155,0.41,0.353,0,0,1,1
0.155,0.41,0.356,0,0,1,1
0.155,0.41,0.359,0,0,1,1
0.155,0.41,0.362,0,0,1,1
0.155,0.41,0.365,0,0,1,1
0.155,0.41,0.368,0,0,1,1
0.155,0.41,0.371,0,0,1,1
0.155,0.41,0.374,0,0,1,1
0.155,0.41,0.377,0,0,1,1
0.155,0.41,0.38,0,0,1,1
0.155,0.41,0.383,0,0,1,1
0.155,0.41,0.386,0,0,1,1
0.155,0.41,0.389,0,0,1,1
0.155,0.41,0.392,0,0,1,1
0.155,0.41,0.395,0,0,1,1
0.155,0.41,0.398,0,0,1,1
0.155,0.41,0.401,0,0,1,1
0.155,0.41,0.404,0,0,1,1
0.155,0.41,0.407,0,0,1,1
0.155,0.41,0.41,0,0,1,1
0.155,0.41,0.413,0,0,1,1
0.155,0.41,0.416,0,0,1,1
0.155,0.41,0.419,0,0,1,1
0.155,0.41,0.422,0,0,1,1
0.155,0.41,0.425,0,0,1,1
0.155,0.41,0.427999,0,0,1,1
0.155,0.41,0.430999,0,0,1,1
0.155,0.41,0.433999,0,0,1,1
0.155,0.41,0.436999,0,0,1,1
0.155,0.41,0.439999,0,0,1,1
0.158,0.41,0.26,0,0,1,1
0.158,0.41,0.263,0,0,1,1
0.158,0.41,0.266,0,0,1,1
0.158,0.41,0.269,0,0,1,1
0.158,0.41,0.272,0,0,1,1
0.158,0.41,0.275,0,0,1,1
0.158,0.41,0.278,0,0,1,1
0.158,0.41,0.281,0,0,1,1
0.158,0.41,0.284,0,0,1,1
0.158,0.41,0.287,0,0,1,1
0.158,0.41,0.29,0,0,1,1
0.158,0.41,0.293,0,0,1,1
0.158,0.41,0.296,0,0,1,1
0.158,0.41,0.299,0,0,1,1
0.158,0.41,0.302,0,0,1,1
0.158,0.41,0.305,0,0,1,1
0.158,0.41,0.308,0,0,1,1
0.158,0.41,0.311,0,0,1,1
0.158,0.41,0.314,0,0,1,1
0.158,0.41,0.317,0,0,1,1
0.158,0.41,0.32,0,0,1,1
0.158,0.41,0.323,0,0,1,1
0.158,0.41,0.326,0,0,1,1
0.158,0.41,0.329,0,0,1,1
0.158,0.41,0.332,0,0,1,1
0.158,0.41,0.335,0,0,1,1
0.158,0.41,0.338,0,0,1,1
0.158,0.41,0.341,0,0,1,1
0.158,0.41,0.344,0,0,1,1
0.158,0.41,0.347,0,0,1,1
0.158,0.41,0.35,0,0,1,1
0.158,0.41,0.353,0,0,1,1
0.158,0.41,0.356,0,0,1,1
0.158,0.41,0.359,0,0,1,1
0.158,0.41,0.362,0,0,1,1
0.158,0.41,0.365,0,0,1,1
0.158,0.41,0.368,0,0,1,1
0.158,0.41,0.371,0,0,1,1
0.158,0.41,0.374,0,0,1,1
0.158,0.41,0.377,0,0,1,1
0.158,0.41,0.38,0,0,1,1
0.158,0.41,0.383,0,0,1,1
0.158,0.41,0.386,0,0,1,1
0.158,0.41,0.389,0,0,1,1
0.158,0.41,0.392,0,0,1,1
0.158,0.41,0.395,0,0,1,1
0.158,0.41,0.398,0,0,1,1
0.158,0.41,0.401,0,0,1,1
0.158,0.41,0.404,0,0,1,1
0.158,0.41,0.407,0,0,1,1
0.158,0.41,0.41,0,0,1,1
0.158,0.41,0.413,0,0,1,1
0.158,0.41,0.416,0,0,1,1
0.158,0.41,0.419,0,0,1,1
0.158,0.41,0.422,0,0,1,1
0.158,0.41,0.425,0,0,1,1
0.158,0.41,0.427999,0,0,1,1
0.158,0.41,0.430999,0,0,1,1
0.158,0.41,0.433999,0,0,1,1
0.158,0.41,0.436999,0,0,1,1
0.158,0.41,0.439999,0,0,1,1
0.161,0.41,0.26,0,0,1,1
0.161,0.41,0.263,0,0,1,1
0.161,0.41,0.266,0,0,1,1
0.161,0.41,0.269,0,0,1,1
0.161,0.41,0.272,0,0,1,1
0.161,0.41,0.275,0,0,1,1
0.161,0.41,0.278,0,0,1,1
0.161,0.41,0.281,0,0,1,1
0.161,0.41,0.284,0,0,1,1
0.161,0.41,0.287,0,0,1,1
0.161,0.41,0.29,0,0,1,1
0.161,0.41,0.293,0,0,1,1
0.161,0.41,0.296,0,0,1,1
0.161,0.41,0.299,0,0,1,1
0.161,0.41,0.302,0,0,1,1
0.161,0.41,0.305,0,0,1,1
0.161,0.41,0.308,0,0,1,1
0.161,0.41,0.311,0,0,1,1
0.161,0.41,0.314,0,0,1,1
0.161,0.41,0.317,0,0,1,1
0.161,0.41,0.32,0,0,1,1
0.161,0.41,0.323,0,0,1,1
0.161,0.41,0.326,0,0,1,1
0.161,0.41,0.329,0,0,1,1
0.161,0.41,0.332,0,0,1,1
0.161,0.41,0.335,0,0,1,1
0.161,0.41,0.338,0,0,1,1
0.161,0.41,0.341,0,0,1,1
0.161,0.41,0.344,0,0,1,1
0.161,0.41,0.347,0,0,1,1
0.161,0.41,0.35,0,0,1,1
0.161,0.41,0.353,0,0,1,1
0.161,0.41,0.356,0,0,1,1
0.161,0.41,0.359,0,0,1,1
0.161,0.41,0.362,0,0,1,1
0.161,0.41,0.365,0,0,1,1
0.161,0.41,0.368,0,0,1,1
0.161,0.41,0.371,0,0,1,1
0.161,0.41,0.374,0,0,1,1
0.161,0.41,0.377,0,0,1,1
0.161,0.41,0.38,0,0,1,1
0.161,0.41,0.383,0,0,1,1
0.161,0.41,0.386,0,0,1,1
0.161,0.41,0.389,0,0,1,1
0.161,0.41,0.392,0,0,1,1
0.161,0.41,0.395,0,0,1,1
0.161,0.41,0.398,0,0,1,1
0.161,0.41,0.401,0,0,1,1
0.161,0.41,0.404,0,0,1,1
0.161,0.41,0.407,0,0,1,1
0.161,0.41,0.41,0,0,1,1
0.161,0.41,0.413,0,0,1,1
0.161,0.41,0.416,0,0,1,1
0.161,0.41,0.419,0,0,1,1
0.161,0.41,0.422,0,0,1,1
0.161,0.41,0.425,0,0,1,1
0.161,0.41,0.427999,0,0,1,1
0.161,0.41,0.430999,0,0,1,1
0.161,0.41,0.433999,0,0,1,1
0.161,0.41,0.436999,0,0,1,1
0.161,0.41,0.439999,0,0,1,1
0.164,0.41,0.26,0,0,1,1
0.164,0.41,0.263,0,0,1,1
0.164,0.41,0.266,0,0,1,1
0.164,0.41,0.269,0,0,1,1
0.164,0.41,0.272,0,0,1,1
0.164,0.41,0.275,0,0,1,1
0.164,0.41,0.278,0,0,1,1
0.164,0.41,0.281,0,0,1,1
0.164,0.41,0.284,0,0,1,1
0.164,0.41,0.287,0,0,1,1
0.164,0.41,0.29,0,0,1,1
0.164,0.41,0.293,0,0,1,1
0.164,0.41,0.296,0,0,1,1
0.164,0.41,0.299,0,0,1,1
0.164,0.41,0.302,0,0,1,1
0.164,0.41,0.305,0,0,1,1
0.164,0.41,0.308,0,0,1,1
0.164,0.41,0.311,0,0,1,1
0.164,0.41,0.314,0,0,1,1
0.164,0.41,0.317,0,0,1,1
0.164,0.41,0.32,0,0,1,1
0.164,0.41,0.323,0,0,1,1
0.164,0.41,0.326,0,0,1,1
0.164,0.41,0.329,0,0,1,1
0.164,0.41,0.332,0,0,1,1
0.164,0.41,0.335,0,0,1,1
0.164,0.41,0.338,0,0,1,1
0.164,0.41,0.341,0,0,1,1
0.164,0.41,0.344,0,0,1,1
0.164,0.41,0.347,0,0,1,1
0.164,0.41,0.35,0,0,1,1
0.164,0.41,0.353,0,0,1,1
0.164,0.41,0.356,0,0,1,1
0.164,0.41,0.359,0,0,1,1
0.164,0.41,0.362,0,0,1,1
0.164,0.41,0.365,0,0,1,1
0.164,0.41,0.368,0,0,1,1
0.164,0.41,0.371,0,0,1,1
0.164,0.41,0.374,0,0,1,1
0.164,0.41,0.377,0,0,1,1
0.164,0.41,0.38,0,0,1,1
0.164,0.41,0.383,0,0,1,1
0.164,0.41,0.386,0,0,1,1
0.164,0.41,0.389,0,0,1,1
0.164,0.41,0.392,0,0,1,1
0.164,0.41,0.395,0,0,1,1
0.164,0.41,0.398,0,0,1,1
0.164,0.41,0.401,0,0,1,1
0.164,0.41,0.404,0,0,1,1
0.164,0.41,0.407,0,0,1,1
0.164,0.41,0.41,0,0,1,1
0.164,0.41,0.413,0,0,1,1
0.164,0.41,0.416,0,0,1,1
0.164,0.41,0.419,0,0,1,1
0.164,0.41,0.422,0,0,1,1
0.164,0.41,0.425,0,0,1,1
0.164,0.41,0.427999,0,0,1,1
0.164,0.41,0.430999,0,0,1,1
0.164,0.41,0.433999,0,0,1,1
0.164,0.41,0.436999,0,0,1,1
0.164,0.41,0.439999,0,0,1,1
0.167,0.41,0.26,0,0,1,1
0.167,0.41,0.263,0,0,1,1
0.167,0.41,0.266,0,0,1,1
0.167,0.41,0.269,0,0,1,1
0.167,0.41,0.272,0,0,1,1
0.167,0.41,0.275,0,0,1,1
0.167,0.41,0.278,0,0,1,1
0.167,0.41,0.281,0,0,1,1
0.167,0.41,0.284,0,0,1,1
0.167,0.41,0.287,0,0,1,1
0.167,0.41,0.29,0,0,1,1
0.167,0.41,0.293,0,0,1,1
0.167,0.41,0.296,0,0,1,1
0.167,0.41,0.299,0,0,1,1
0.167,0.41,0.302,0,0,1,1
0.167,0.41,0.305,0,0,1,1
0.167,0.41,0.308,0,0,1,1
0.167,0.41,0.311,0,0,1,1
0.167,0.41,0.314,0,0,1,1
0.167,0.41,0.317,0,0,1,1
0.167,0.41,0.32,0,0,1,1
0.167,0.41,0.323,0,0,1,1
0.167,0.41,0.326,0,0,1,1
0.167,0.41,0.329,0,0,1,1
0.167,0.41,0.332,0,0,1,1
0.167,0.41,0.335,0,0,1,1
0.167,0.41,0.338,0,0,1,1
0.167,0.41,0.341,0,0,1,1
0.167,0.41,0.344,0,0,1,1
0.167,0.41,0.347,0,0,1,1
0.167,0.41,0.35,0,0,1,1
0.167,0.41,0.353,0,0,1,1
0.167,0.41,0.356,0,0,1,1
0.167,0.41,0.359,0,0,1,1
0.167,0.41,0.362,0,0,1,1
0.167,0.41,0.365,0,0,1,1
0.167,0.41,0.368,0,0,1,1
0.167,0.41,0.371,0,0,1,1
0.167,0.41,0.374,0,0,1,1
0.167,0.41,0.377,0,0,1,1
0.167,0.41,0.38,0,0,1,1
0.167,0.41,0.383,0,0,1,1
0.167,0.41,0.386,0,0,1,1
0.167,0.41,0.389,0,0,1,1
0.167,0.41,0.392,0,0,1,1
0.167,0.41,0.395,0,0,1,1
0.167,0.41,0.398,0,0,1,1
0.167,0.41,0.401,0,0,1,1
0.167,0.41,0.404,0,0,1,1
0.167,0.41,0.407,0,0,1,1
0.167,0.41,0.41,0,0,1,1
0.167,0.41,0.413,0,0,1,1
0.167,0.41,0.416,0,0,1,1
0.167,0.41,0.419,0,0,1,1
0.167,0.41,0.422,0,0,1,1
0.167,0.41,0.425,0,0,1,1
0.167,0.41,0.427999,0,0,1,1
0.167,0.41,0.430999,0,0,1,1
0.167,0.41,0.433999,0,0,1,1
0.167,0.41,0.436999,0,0,1,1
0.167,0.41,0.439999,0,0,1,1
0.17,0.41,0.26,0,0,1,1
0.17,0.41,0.263,0,0,1,1
0.17,0.41,0.266,0,0,1,1
0.17,0.41,0.269,0,0,1,1
0.17,0.41,0.272,0,0,1,1
0.17,0.41,0.275,0,0,1,1
0.17,0.41,0.278,0,0,1,1
0.17,0.41,0.281,0,0,1,1
0.17,0.41,0.284,0,0,1,1
0.17,0.41,0.287,0,0,1,1
0.17,0.41,0.29,0,0,1,1
0.17,0.41,0.293,0,0,1,1
0.17,0.41,0.296,0,0,1,1
0.17,0.41,0.299,0,0,1,1
0.17,0.41,0.302,0,0,1,1
0.17,0.41,0.305,0,0,1,1
0.17,0.41,0.308,0,0,1,1
0.17,0.41,0.311,0,0,1,1
0.17,0.41,0.314,0,0,1,1
0.17,0.41,0.317,0,0,1,1
0.17,0.41,0.32,0,0,1,1
0.17,0.41,0.323,0,0,1,1
0.17,0.41,0.326,0,0,1,1
0.17,0.41,0.329,0,0,1,1
0.17,0.41,0.332,0,0,1,1
0.17,0.41,0.335,0,0,1,1
0.17,0.41,0.338,0,0,1,1
0.17,0.41,0.341,0,0,1,1
0.17,0.41,0.344,0,0,1,1
0.17,0.41,0.347,0,0,1,1
0.17,0.41,0.35,0,0,1,1
0.17,0.41,0.353,0,0,1,1
0.17,0.41,0.356,0,0,1,1
0.17,0.41,0.359,0,0,1,1
0.17,0.41,0.362,0,0,1,1
0.17,0.41,0.365,0,0,1,1
0.17,0.41,0.368,0,0,1,1
0.17,0.41,0.371,0,0,1,1
0.17,0.41,0.374,0,0,1,1
0.17,0.41,0.377,0,0,1,1
0.17,0.41,0.38,0,0,1,1
0.17,0.41,0.383,0,0,1,1
0.17,0.41,0.386,0,0,1,1
0.17,0.41,0.389,0,0,1,1
0.17,0.41,0.392,0,0,1,1
0.17,0.41,0.395,0,0,1,1
0.17,0.41,0.398,0,0,1,1
0.17,0.41,0.401,0,0,1,1
0.17,0.41,0.404,0,0,1,1
0.17,0.41,0.407,0,0,1,1
0.17,0.41,0.41,0,0,1,1
0.17,0.41,0.413,0,0,1,1
0.17,0.41,0.416,0,0,1,1
0.17,0.41,0.419,0,0,1,1
0.17,0.41,0.422,0,0,1,1
0.17,0.41,0.425,0,0,1,1
0.17,0.41,0.427999,0,0,1,1
0.17,0.41,0.430999,0,0,1,1
0.17,0.41,0.433999,0,0,1,1
0.17,0.41,0.436999,0,0,1,1
0.17,0.41,0.439999,0,0,1,1
0.173,0.41,0.26,0,0,1,1
0.173,0.41,0.263,0,0,1,1
0.173,0.41,0.266,0,0,1,1
0.173,0.41,0.269,0,0,1,1
0.173,0.41,0.272,0,0,1,1
0.173,0.41,0.275,0,0,1,1
0.173,0.41,0.278,0,0,1,1
0.173,0.41,0.281,0,0,1,1
0.173,0.41,0.284,0,0,1,1
0.173,0.41,0.287,0,0,1,1
0.173,0.41,0.29,0,0,1,1
0.173,0.41,0.293,0,0,1,1
0.173,0.41,0.296,0,0,1,1
0.173,0.41,0.299,0,0,1,1
0.173,0.41,0.302,0,0,1,1
0.173,0.41,0.305,0,0,1,1
0.173,0.41,0.308,0,0,1,1
0.173,0.41,0.311,0,0,1,1
0.173,0.41,0.314,0,0,1,1
0.173,0.41,0.317,0,0,1,1
0.173,0.41,0.32,0,0,1,1
0.173,0.41,0.323,0,0,1,1
0.173,0.41,0.326,0,0,1,1
0.173,0.41,0.329,0,0,1,1
0.173,0.41,0.332,0,0,1,1
0.173,0.41,0.335,0,0,1,1
0.173,0.41,0.338,0,0,1,1
0.173,0.41,0.341,0,0,1,1
0.173,0.41,0.344,0,0,1,1
0.173,0.41,0.347,0,0,1,1
0.173,0.41,0.35,0,0,1,1
0.173,0.41,0.353,0,0,1,1
0.173,0.41,0.356,0,0,1,1
0.173,0.41,0.359,0,0,1,1
0.173,0.41,0.362,0,0,1,1
0.173,0.41,0.365,0,0,1,1
0.173,0.41,0.368,0,0,1,1
0.173,0.41,0.371,0,0,1,1
0.173,0.41,0.374,0,0,1,1
0.173,0.41,0.377,0,0,1,1
0.173,0.41,0.38,0,0,1,1
0.173,0.41,0.383,0,0,1,1
0.173,0.41,0.386,0,0,1,1
0.173,0.41,0.389,0,0,1,1
0.173,0.41,0.392,0,0,1,1
0.173,0.41,0.395,0,0,1,1
0.173,0.41,0.398,0,0,1,1
0.173,0.41,0.401,0,0,1,1
0.173,0.41,0.404,0,0,1,1
0.173,0.41,0.407,0,0,1,1
0.173,0.41,0.41,0,0,1,1
0.173,0.41,0.413,0,0,1,1
0.173,0.41,0.416,0,0,1,1
0.173,0.41,0.419,0,0,1,1
0.173,0.41,0.422,0,0,1,1
0.173,0.41,0.425,0,0,1,1
0.173,0.41,0.427999,0,0,1,1
0.173,0.41,0.430999,0,0,1,1
0.173,0.41,0.433999,0,0,1,1
0.173,0.41,0.436999,0,0,1,1
0.173,0.41,0.439999,0,0,1,1
0.176,0.41,0.26,0,0,1,1
0.176,0.41,0.263,0,0,1,1
0.176,0.41,0.266,0,0,1,1
0.176,0.41,0.269,0,0,1,1
0.176,0.41,0.272,0,0,1,1
0.176,0.41,0.275,0,0,1,1
0.176,0.41,0.278,0,0,1,1
0.176,0.41,0.281,0,0,1,1
0.176,0.41,0.284,0,0,1,1
0.176,0.41,0.287,0,0,1,1
0.176,0.41,0.29,0,0,1,1
0.176,0.41,0.293,0,0,1,1
0.176,0.41,0.296,0,0,1,1
0.176,0.41,0.299,0,0,1,1
0.176,0.41,0.302,0,0,1,1
0.176,0.41,0.305,0,0,1,1
0.176,0.41,0.308,0,0,1,1
0.176,0.41,0.311,0,0,1,1
0.176,0.41,0.314,0,0,1,1
0.176,0.41,0.317,0,0,1,1
0.176,0.41,0.32,0,0,1,1
0.176,0.41,0.323,0,0,1,1
0.176,0.41,0.326,0,0,1,1
0.176,0.41,0.329,0,0,1,1
0.176,0.41,0.332,0,0,1,1
0.176,0.41,0.335,0,0,1,1
0.176,0.41,0.338,0,0,1,1
0.176,0.41,0.341,0,0,1,1
0.176,0.41,0.344,0,0,1,1
0.176,0.41,0.347,0,0,1,1
0.176,0.41,0.35,0,0,1,1
0.176,0.41,0.353,0,0,1,1
0.176,0.41,0.356,0,0,1,1
0.176,0.41,0.359,0,0,1,1
0.176,0.41,0.362,0,0,1,1
0.176,0.41,0.365,0,0,1,1
0.176,0.41,0.368,0,0,1,1
0.176,0.41,0.371,0,0,1,1
0.176,0.41,0.374,0,0,1,1
0.176,0.41,0.377,0,0,1,1
0.176,0.41,0.38,0,0,1,1
0.176,0.41,0.383,0,0,1,1
0.176,0.41,0.386,0,0,1,1
0.176,0.41,0.389,0,0,1,1
0.176,0.41,0.392,0,0,1,1
0.176,0.41,0.395,0,0,1,1
0.176,0.41,0.398,0,0,1,1
0.176,0.41,0.401,0,0,1,1
0.176,0.41,0.404,0,0,1,1
0.176,0.41,0.407,0,0,1,1
0.176,0.41,0.41,0,0,1,1
0.176,0.41,0.413,0,0,1,1
0.176,0.41,0.416,0,0,1,1
0.176,0.41,0.419,0,0,1,1
0.176,0.41,0.422,0,0,1,1
0.176,0.41,0.425,0,0,1,1
0.176,0.41,0.427999,0,0,1,1
0.176,0.41,0.430999,0,0,1,1
0.176,0.41,0.433999,0,0,1,1
0.176,0.41,0.436999,0,0,1,1
0.176,0.41,0.439999,0,0,1,1
0.179,0.41,0.26,0,0,1,1
0.179,0.41,0.263,0,0,1,1
0.179,0.41,0.266,0,0,1,1
0.179,0.41,0.269,0,0,1,1
0.179,0.41,0.272,0,0,1,1
0.179,0.41,0.275,0,0,1,1
0.179,0.41,0.278,0,0,1,1
0.179,0.41,0.281,0,0,1,1
0.179,0.41,0.284,0,0,1,1
0.179,0.41,0.287,0,0,1,1
0.179,0.41,0.29,0,0,1,1
0.179,0.41,0.293,0,0,1,1
0.179,0.41,0.296,0,0,1,1
0.179,0.41,0.299,0,0,1,1
0.179,0.41,0.302,0,0,1,1
0.179,0.41,0.305,0,0,1,1
0.179,0.41,0.308,0,0,1,1
0.179,0.41,0.311,0,0,1,1
0.179,0.41,0.314,0,0,1,1
0.179,0.41,0.317,0,0,1,1
0.179,0.41,0.32,0,0,1,1
0.179,0.41,0.323,0,0,1,1
0.179,0.41,0.326,0,0,1,1
0.179,0.41,0.329,0,0,1,1
0.179,0.41,0.332,0,0,1,1
0.179,0.41,0.335,0,0,1,1
0.179,0.41,0.338,0,0,1,1
0.179,0.41,0.341,0,0,1,1
0.179,0.41,0.344,0,0,1,1
0.179,0.41,0.347,0,0,1,1
0.179,0.41,0.35,0,0,1,1
0.179,0.41,0.353,0,0,1,1
0.179,0.41,0.356,0,0,1,1
0.179,0.41,0.359,0,0,1,1
0.179,0.41,0.362,0,0,1,1
0.179,0.41,0.365,0,0,1,1
0.179,0.41,0.368,0,0,1,1
0.179,0.41,0.371,0,0,1,1
0.179,0.41,0.374,0,0,1,1
0.179,0.41,0.377,0,0,1,1
0.179,0.41,0.38,0,0,1,1
0.179,0.41,0.383,0,0,1,1
0.179,0.41,0.386,0,0,1,1
0.179,0.41,0.389,0,0,1,1
0.179,0.41,0.392,0,0,1,1
0.179,0.41,0.395,0,0,1,1
0.179,0.41,0.398,0,0,1,1
0.179,0.41,0.401,0,0,1,1
0.179,0.41,0.404,0,0,1,1
0.179,0.41,0.407,0,0,1,1
0.179,0.41,0.41,0,0,1,1
0.179,0.41,0.413,0,0,1,1
0.179,0.41,0.416,0,0,1,1
0.179,0.41,0.419,0,0,1,1
0.179,0.41,0.422,0,0,1,1
0.179,0.41,0.425,0,0,1,1
0.179,0.41,0.427999,0,0,1,1
0.179,0.41,0.430999,0,0,1,1
0.179,0.41,0.433999,0,0,1,1
0.179,0.41,0.436999,0,0,1,1
0.179,0.41,0.439999,0,0,1,1
0.182,0.41,0.26,0,0,1,1
0.182,0.41,0.263,0,0,1,1
0.182,0.41,0.266,0,0,1,1
0.182,0.41,0.269,0,0,1,1
0.182,0.41,0.272,0,0,1,1
0.182,0.41,0.275,0,0,1,1
0.182,0.41,0.278,0,0,1,1
0.182,0.41,0.281,0,0,1,1
0.182,0.41,0.284,0,0,1,1
0.182,0.41,0.287,0,0,1,1
0.182,0.41,0.29,0,0,1,1
0.182,0.41,0.293,0,0,1,1
0.182,0.41,0.296,0,0,1,1
0.182,0.41,0.299,0,0,1,1
0.182,0.41,0.302,0,0,1,1
0.182,0.41,0.305,0,0,1,1
0.182,0.41,0.308,0,0,1,1
0.182,0.41,0.311,0,0,1,1
0.182,0.41,0.314,0,0,1,1
0.182,0.41,0.317,0,0,1,1
0.182,0.41,0.32,0,0,1,1
0.182,0.41,0.323,0,0,1,1
0.182,0.41,0.326,0,0,1,1
0.182,0.41,0.329,0,0,1,1
0.182,0.41,0.332,0,0,1,1
0.182,0.41,0.335,0,0,1,1
0.182,0.41,0.338,0,0,1,1
0.182,0.41,0.341,0,0,1,1
0.182,0.41,0.344,0,0,1,1
0.182,0.41,0.347,0,0,1,1
0.182,0.41,0.35,0,0,1,1
0.182,0.41,0.353,0,0,1,1
0.182,0.41,0.356,0,0,1,1
0.182,0.41,0.359,0,0,1,1
0.182,0.41,0.362,0,0,1,1
0.182,0.41,0.365,0,0,1,1
0.182,0.41,0.368,0,0,1,1
0.182,0.41,0.371,0,0,1,1
0.182,0.41,0.374,0,0,1,1
0.182,0.41,0.377,0,0,1,1
0.182,0.41,0.38,0,0,1,1
0.182,0.41,0.383,0,0,1,1
0.182,0.41,0.386,0,0,1,1
0.182,0.41,0.389,0,0,1,1
0.182,0.41,0.392,0,0,1,1
0.182,0.41,0.395,0,0,1,1
0.182,0.41,0.398,0,0,1,1
0.182,0.41,0.401,0,0,1,1
0.182,0.41,0.404,0,0,1,1
0.182,0.41,0.407,0,0,1,1
0.182,0.41,0.41,0,0,1,1
0.182,0.41,0.413,0,0,1,1
0.182,0.41,0.416,0,0,1,1
0.182,0.41,0.419,0,0,1,1
0.182,0.41,0.422,0,0,1,1
0.182,0.41,0.425,0,0,1,1
0.182,0.41,0.427999,0,0,1,1
0.182,0.41,0.430999,0,0,1,1
0.182,0.41,0.433999,0,0,1,1
0.182,0.41,0.436999,0,0,1,1
0.182,0.41,0.439999,0,0,1,1
0.185,0.41,0.26,0,0,1,1
0.185,0.41,0.263,0,0,1,1
0.185,0.41,0.266,0,0,1,1
0.185,0.41,0.269,0,0,1,1
0.185,0.41,0.272,0,0,1,1
0.185,0.41,0.275,0,0,1,1
0.185,0.41,0.278,0,0,1,1
0.185,0.41,0.281,0,0,1,1
0.185,0.41,0.284,0,0,1,1
0.185,0.41,0.287,0,0,1,1
0.185,0.41,0.29,0,0,1,1
0.185,0.41,0.293,0,0,1,1
0.185,0.41,0.296,0,0,1,1
0.185,0.41,0.299,0,0,1,1
0.185,0.41,0.302,0,0,1,1
0.185,0.41,0.305,0,0,1,1
0.185,0.41,0.308,0,0,1,1
0.185,0.41,0.311,0,0,1,1
0.185,0.41,0.314,0,0,1,1
0.185,0.41,0.317,0,0,1,1
0.185,0.41,0.32,0,0,1,1
0.185,0.41,0.323,0,0,1,1
0.185,0.41,0.326,0,0,1,1
0.185,0.41,0.329,0,0,1,1
0.185,0.41,0.332,0,0,1,1
0.185,0.41,0.335,0,0,1,1
0.185,0.41,0.338,0,0,1,1
0.185,0.41,0.341,0,0,1,1
0.185,0.41,0.344,0,0,1,1
0.185,0.41,0.347,0,0,1,1
0.185,0.41,0.35,0,0,1,1
0.185,0.41,0.353,0,0,1,1
0.185,0.41,0.356,0,0,1,1
0.185,0.41,0.359,0,0,1,1
0.185,0.41,0.362,0,0,1,1
0.185,0.41,0.365,0,0,1,1
0.185,0.41,0.368,0,0,1,1
0.185,0.41,0.371,0,0,1,1
0.185,0.41,0.374,0,0,1,1
0.185,0.41,0.377,0,0,1,1
0.185,0.41,0.38,0,0,1,1
0.185,0.41,0.383,0,0,1,1
0.185,0.41,0.386,0,0,1,1
0.185,0.41,0.389,0,0,1,1
0.185,0.41,0.392,0,0,1,1
0.185,0.41,0.395,0,0,1,1
0.185,0.41,0.398,0,0,1,1
0.185,0.41,0.401,0,0,1,1
0.185,0.41,0.404,0,0,1,1
0.185,0.41,0.407,0,0,1,1
0.185,0.41,0.41,0,0,1,1
0.185,0.41,0.413,0,0,1,1
0.185,0.41,0.416,0,0,1,1
0.185,0.41,0.419,0,0,1,1
0.185,0.41,0.422,0,0,1,1
0.185,0.41,0.425,0,0,1,1
0.185,0.41,0.427999,0,0,1,1
0.185,0.41,0.430999,0,0,1,1
0.185,0.41,0.433999,0,0,1,1
0.185,0.41,0.436999,0,0,1,1
0.185,0.41,0.439999,0,0,1,1
0.188,0.41,0.26,0,0,1,1
0.188,0.41,0.263,0,0,1,1
0.188,0.41,0.266,0,0,1,1
0.188,0.41,0.269,0,0,1,1
0.188,0.41,0.272,0,0,1,1
0.188,0.41,0.275,0,0,1,1
0.188,0.41,0.278,0,0,1,1
0.188,0.41,0.281,0,0,1,1
0.188,0.41,0.284,0,0,1,1
0.188,0.41,0.287,0,0,1,1
0.188,0.41,0.29,0,0,1,1
0.188,0.41,0.293,0,0,1,1
0.188,0.41,0.296,0,0,1,1
0.188,0.41,0.299,0,0,1,1
0.188,0.41,0.302,0,0,1,1
0.188,0.41,0.305,0,0,1,1
0.188,0.41,0.308,0,0,1,1
0.188,0.41,0.311,0,0,1,1
0.188,0.41,0.314,0,0,1,1
0.188,0.41,0.317,0,0,1,1
0.188,0.41,0.32,0,0,1,1
0.188,0.41,0.323,0,0,1,1
0.188,0.41,0.326,0,0,1,1
0.188,0.41,0.329,0,0,1,1
0.188,0.41,0.332,0,0,1,1
0.188,0.41,0.335,0,0,1,1
0.188,0.41,0.338,0,0,1,1
0.188,0.41,0.341,0,0,1,1
0.188,0.41,0.344,0,0,1,1
0.188,0.41,0.347,0,0,1,1
0.188,0.41,0.35,0,0,1,1
0.188,0.41,0.353,0,0,1,1
0.188,0.41,0.356,0,0,1,1
0.188,0.41,0.359,0,0,1,1
0.188,0.41,0.362,0,0,1,1
0.188,0.41,0.365,0,0,1,1
0.188,0.41,0.368,0,0,1,1
0.188,0.41,0.371,0,0,1,1
0.188,0.41,0.374,0,0,1,1
0.188,0.41,0.377,0,0,1,1
0.188,0.41,0.38,0,0,1,1
0.188,0.41,0.383,0,0,1,1
0.188,0.41,0.386,0,0,1,1
0.188,0.41,0.389,0,0,1,1
0.188,0.41,0.392,0,0,1,1
0.188,0.41,0.395,0,0,1,1
0.188,0.41,0.398,0,0,1,1
0.188,0.41,0.401,0,0,1,1
0.188,0.41,0.404,0,0,1,1
0.188,0.41,0.407,0,0,1,1
0.188,0.41,0.41,0,0,1,1
0.188,0.41,0.413,0,0,1,1
0.188,0.41,0.416,0,0,1,1
0.188,0.41,0.419,0,0,1,1
0.188,0.41,0.422,0,0,1,1
0.188,0.41,0.425,0,0,1,1
0.188,0.41,0.427999,0,0,1,1
0.188,0.41,0.430999,0,0,1,1
0.188,0.41,0.433999,0,0,1,1
0.188,0.41,0.436999,0,0,1,1
0.188,0.41,0.439999,0,0,1,1
0.191,0.41,0.26,0,0,1,1
0.191,0.41,0.263,0,0,1,1
0.191,0.41,0.266,0,0,1,1
0.191,0.41,0.269,0,0,1,1
0.191,0.41,0.272,0,0,1,1
0.191,0.41,0.275,0,0,1,1
0.191,0.41,0.278,0,0,1,1
0.191,0.41,0.281,0,0,1,1
0.191,0.41,0.284,0,0,1,1
0.191,0.41,0.287,0,0,1,1
0.191,0.41,0.29,0,0,1,1
0.191,0.41,0.293,0,0,1,1
0.191,0.41,0.296,0,0,1,1
0.191,0.41,0.299,0,0,1,1
0.191,0.41,0.302,0,0,1,1
0.191,0.41,0.305,0,0,1,1
0.191,0.41,0.308,0,0,1,1
0.191,0.41,0.311,0,0,1,1
0.191,0.41,0.314,0,0,1,1
0.191,0.41,0.317,0,0,1,1
0.191,0.41,0.32,0,0,1,1
0.191,0.41,0.323,0,0,1,1
0.191,0.41,0.326,0,0,1,1
0.191,0.41,0.329,0,0,1,1
0.191,0.41,0.332,0,0,1,1
0.191,0.41,0.335,0,0,1,1
0.191,0.41,0.338,0,0,1,1
0.191,0.41,0.341,0,0,1,1
0.191,0.41,0.344,0,0,1,1
0.191,0.41,0.347,0,0,1,1
0.191,0.41,0.35,0,0,1,1
0.191,0.41,0.353,0,0,1,1
0.191,0.41,0.356,0,0,1,1
0.191,0.41,0.359,0,0,1,1
0.191,0.41,0.362,0,0,1,1
0.191,0.41,0.365,0,0,1,1
0.191,0.41,0.368,0,0,1,1
0.191,0.41,0.371,0,0,1,1
0.191,0.41,0.374,0,0,1,1
0.191,0.41,0.377,0,0,1,1
0.191,0.41,0.38,0,0,1,1
0.191,0.41,0.383,0,0,1,1
0.191,0.41,0.386,0,0,1,1
0.191,0.41,0.389,0,0,1,1
0.191,0.41,0.392,0,0,1,1
0.191,0.41,0.395,0,0,1,1
0.191,0.41,0.398,0,0,1,1
0.191,0.41,0.401,0,0,1,1
0.191,0.41,0.404,0,0,1,1
0.191,0.41,0.407,0,0,1,1
0.191,0.41,0.41,0,0,1,1
0.191,0.41,0.413,0,0,1,1
0.191,0.41,0.416,0,0,1,1
0.191,0.41,0.419,0,0,1,1
0.191,0.41,0.422,0,0,1,1
0.191,0.41,0.425,0,0,1,1
0.191,0.41,0.427999,0,0,1,1
0.191,0.41,0.430999,0,0,1,1
0.191,0.41,0.433999,0,0,1,1
0.191,0.41,0.436999,0,0,1,1
0.191,0.41,0.439999,0,0,1,1
0.194,0.41,0.26,0,0,1,1
0.194,0.41,0.263,0,0,1,1
0.194,0.41,0.266,0,0,1,1
0.194,0.41,0.269,0,0,1,1
0.194,0.41,0.272,0,0,1,1
0.194,0.41,0.275,0,0,1,1
0.194,0.41,0.278,0,0,1,1
0.194,0.41,0.281,0,0,1,1
0.194,0.41,0.284,0,0,1,1
0.194,0.41,0.287,0,0,1,1
0.194,0.41,0.29,0,0,1,1
0.194,0.41,0.293,0,0,1,1
0.194,0.41,0.296,0,0,1,1
0.194,0.41,0.299,0,0,1,1
0.194,0.41,0.302,0,0,1,1
0.194,0.41,0.305,0,0,1,1
0.194,0.41,0.308,0,0,1,1
0.194,0.41,0.311,0,0,1,1
0.194,0.41,0.314,0,0,1,1
0.194,0.41,0.317,0,0,1,1
0.194,0.41,0.32,0,0,1,1
0.194,0.41,0.323,0,0,1,1
0.194,0.41,0.326,0,0,1,1
0.194,0.41,0.329,0,0,1,1
0.194,0.41,0.332,0,0,1,1
0.194,0.41,0.335,0,0,1,1
0.194,0.41,0.338,0,0,1,1
0.194,0.41,0.341,0,0,1,1
0.194,0.41,0.344,0,0,1,1
0.194,0.41,0.347,0,0,1,1
0.194,0.41,0.35,0,0,1,1
0.194,0.41,0.353,0,0,1,1
0.194,0.41,0.356,0,0,1,1
0.194,0.41,0.359,0,0,1,1
0.194,0.41,0.362,0,0,1,1
0.194,0.41,0.365,0,0,1,1
0.194,0.41,0.368,0,0,1,1
0.194,0.41,0.371,0,0,1,1
0.194,0.41,0.374,0,0,1,1
0.194,0.41,0.377,0,0,1,1
0.194,0.41,0.38,0,0,1,1
0.194,0.41,0.383,0,0,1,1
0.194,0.41,0.386,0,0,1,1
0.194,0.41,0.389,0,0,1,1
0.194,0.41,0.392,0,0,1,1
0.194,0.41,0.395,0,0,1,1
0.194,0.41,0.398,0,0,1,1
0.194,0.41,0.401,0,0,1,1
0.194,0.41,0.404,0,0,1,1
0.194,0.41,0.407,0,0,1,1
0.194,0.41,0.41,0,0,1,1
0.194,0.41,0.413,0,0,1,1
0.194,0.41,0.416,0,0,1,1
0.194,0.41,0.419,0,0,1,1
0.194,0.41,0.422,0,0,1,1
0.194,0.41,0.425,0,0,1,1
0.194,0.41,0.427999,0,0,1,1
0.194,0.41,0.430999,0,0,1,1
0.194,0.41,0.433999,0,0,1,1
0.194,0.41,0.436999,0,0,1,1
0.194,0.41,0.439999,0,0,1,1
0.197,0.41,0.26,0,0,1,1
0.197,0.41,0.263,0,0,1,1
0.197,0.41,0.266,0,0,1,1
0.197,0.41,0.269,0,0,1,1
0.197,0.41,0.272,0,0,1,1
0.197,0.41,0.275,0,0,1,1
0.197,0.41,0.278,0,0,1,1
0.197,0.41,0.281,0,0,1,1
0.197,0.41,0.284,0,0,1,1
0.197,0.41,0.287,0,0,1,1
0.197,0.41,0.29,0,0,1,1
0.197,0.41,0.293,0,0,1,1
0.197,0.41,0.296,0,0,1,1
0.197,0.41,0.299,0,0,1,1
0.197,0.41,0.302,0,0,1,1
0.197,0.41,0.305,0,0,1,1
0.197,0.41,0.308,0,0,1,1
0.197,0.41,0.311,0,0,1,1
0.197,0.41,0.314,0,0,1,1
0.197,0.41,0.317,0,0,1,1
0.197,0.41,0.32,0,0,1,1
0.197,0.41,0.323,0,0,1,1
0.197,0.41,0.326,0,0,1,1
0.197,0.41,0.329,0,0,1,1
0.197,0.41,0.332,0,0,1,1
0.197,0.41,0.335,0,0,1,1
0.197,0.41,0.338,0,0,1,1
0.197,0.41,0.341,0,0,1,1
0.197,0.41,0.344,0,0,1,1
0.197,0.41,0.347,0,0,1,1
0.197,0.41,0.35,0,0,1,1
0.197,0.41,0.353,0,0,1,1
0.197,0.41,0.356,0,0,1,1
0.197,0.41,0.359,0,0,1,1
0.197,0.41,0.362,0,0,1,1
0.197,0.41,0.365,0,0,1,1
0.197,0.41,0.368,0,0,1,1
0.197,0.41,0.371,0,0,1,1
0.197,0.41,0.374,0,0,1,1
0.197,0.41,0.377,0,0,1,1
0.197,0.41,0.38,0,0,1,1
0.197,0.41,0.383,0,0,1,1
0.197,0.41,0.386,0,0,1,1
0.197,0.41,0.389,0,0,1,1
0.197,0.41,0.392,0,0,1,1
0.197,0.41,0.395,0,0,1,1
0.197,0.41,0.398,0,0,1,1
0.197,0.41,0.401,0,0,1,1
0.197,0.41,0.404,0,0,1,1
0.197,0.41,0.407,0,0,1,1
0.197,0.41,0.41,0,0,1,1
0.197,0.41,0.413,0,0,1,1
0.197,0.41,0.416,0,0,1,1
0.197,0.41,0.419,0,0,1,1
0.197,0.41,0.422,0,0,1,1
0.197,0.41,0.425,0,0,1,1
0.197,0.41,0.427999,0,0,1,1
0.197,0.41,0.430999,0,0,1,1
0.197,0.41,0.433999,0,0,1,1
0.197,0.41,0.436999,0,0,1,1
0.197,0.41,0.439999,0,0,1,1
0.2,0.41,0.26,0,0,1,1
0.2,0.41,0.263,0,0,1,1
0.2,0.41,0.266,0,0,1,1
0.2,0.41,0.269,0,0,1,1
0.2,0.41,0.272,0,0,1,1
0.2,0.41,0.275,0,0,1,1
0.2,0.41,0.278,0,0,1,1
0.2,0.41,0.281,0,0,1,1
0.2,0.41,0.284,0,0,1,1
0.2,0.41,0.287,0,0,1,1
0.2,0.41,0.29,0,0,1,1
0.2,0.41,0.293,0,0,1,1
0.2,0.41,0.296,0,0,1,1
0.2,0.41,0.299,0,0,1,1
0.2,0.41,0.302,0,0,1,1
0.2,0.41,0.305,0,0,1,1
0.2,0.41,0.308,0,0,1,1
0.2,0.41,0.311,0,0,1,1
0.2,0.41,0.314,0,0,1,1
0.2,0.41,0.317,0,0,1,1
0.2,0.41,0.32,0,0,1,1
0.2,0.41,0.323,0,0,1,1
0.2,0.41,0.326,0,0,1,1
0.2,0.41,0.329,0,0,1,1
0.2,0.41,0.332,0,0,1,1
0.2,0.41,0.335,0,0,1,1
0.2,0.41,0.338,0,0,1,1
0.2,0.41,0.341,0,0,1,1
0.2,0.41,0.344,0,0,1,1
0.2,0.41,0.347,0,0,1,1
0.2,0.41,0.35,0,0,1,1
0.2,0.41,0.353,0,0,1,1
0.2,0.41,0.356,0,0,1,1
0.2,0.41,0.359,0,0,1,1
0.2,0.41,0.362,0,0,1,1
0.2,0.41,0.365,0,0,1,1
0.2,0.41,0.368,0,0,1,1
0.2,0.41,0.371,0,0,1,1
0.2,0.41,0.374,0,0,1,1
0.2,0.41,0.377,0,0,1,1
0.2,0.41,0.38,0,0,1,1
0.2,0.41,0.383,0,0,1,1
0.2,0.41,0.386,0,0,1,1
0.2,0.41,0.389,0,0,1,1
0.2,0.41,0.392,0,0,1,1
0.2,0.41,0.395,0,0,1,1
0.2,0.41,0.398,0,0,1,1
0.2,0.41,0.401,0,0,1,1
0.2,0.41,0.404,0,0,1,1
0.2,0.41,0.407,0,0,1,1
0.2,0.41,0.41,0,0,1,1
0.2,0.41,0.413,0,0,1,1
0.2,0.41,0.416,0,0,1,1
0.2,0.41,0.419,0,0,1,1
0.2,0.41,0.422,0,0,1,1
0.2,0.41,0.425,0,0,1,1
0.2,0.41,0.427999,0,0,1,1
0.2,0.41,0.430999,0,0,1,1
0.2,0.41,0.433999,0,0,1,1
0.2,0.41,0.436999,0,0,1,1
0.2,0.41,0.439999,0,0,1,1
0.203,0.41,0.26,0,0,1,1
0.203,0.41,0.263,0,0,1,1
0.203,0.41,0.266,0,0,1,1
0.203,0.41,0.269,0,0,1,1
0.203,0.41,0.272,0,0,1,1
0.203,0.41,0.275,0,0,1,1
0.203,0.41,0.278,0,0,1,1
0.203,0.41,0.281,0,0,1,1
0.203,0.41,0.284,0,0,1,1
0.203,0.41,0.287,0,0,1,1
0.203,0.41,0.29,0,0,1,1
0.203,0.41,0.293,0,0,1,1
0.203,0.41,0.296,0,0,1,1
0.203,0.41,0.299,0,0,1,1
0.203,0.41,0.302,0,0,1,1
0.203,0.41,0.305,0,0,1,1
0.203,0.41,0.308,0,0,1,1
0.203,0.41,0.311,0,0,1,1
0.203,0.41,0.314,0,0,1,1
0.203,0.41,0.317,0,0,1,1
0.203,0.41,0.32,0,0,1,1
0.203,0.41,0.323,0,0,1,1
0.203,0.41,0.326,0,0,1,1
0.203,0.41,0.329,0,0,1,1
0.203,0.41,0.332,0,0,1,1
0.203,0.41,0.335,0,0,1,1
0.203,0.41,0.338,0,0,1,1
0.203,0.41,0.341,0,0,1,1
0.203,0.41,0.344,0,0,1,1
0.203,0.41,0.347,0,0,1,1
0.203,0.41,0.35,0,0,1,1
0.203,0.41,0.353,0,0,1,1
0.203,0.41,0.356,0,0,1,1
0.203,0.41,0.359,0,0,1,1
0.203,0.41,0.362,0,0,1,1
0.203,0.41,0.365,0,0,1,1
0.203,0.41,0.368,0,0,1,1
0.203,0.41,0.371,0,0,1,1
0.203,0.41,0.374,0,0,1,1
0.203,0.41,0.377,0,0,1,1
0.203,0.41,0.38,0,0,1,1
0.203,0.41,0.383,0,0,1,1
0.203,0.41,0.386,0,0,1,1
0.203,0.41,0.389,0,0,1,1
0.203,0.41,0.392,0,0,1,1
0.203,0.41,0.395,0,0,1,1
0.203,0.41,0.398,0,0,1,1
0.203,0.41,0.401,0,0,1,1
0.203,0.41,0.404,0,0,1,1
0.203,0.41,0.407,0,0,1,1
0.203,0.41,0.41,0,0,1,1
0.203,0.41,0.413,0,0,1,1
0.203,0.41,0.416,0,0,1,1
0.203,0.41,0.419,0,0,1,1
0.203,0.41,0.422,0,0,1,1
0.203,0.41,0.425,0,0,1,1
0.203,0.41,0.427999,0,0,1,1
0.203,0.41,0.430999,0,0,1,1
0.203,0.41,0.433999,0,0,1,1
0.203,0.41,0.436999,0,0,1,1
0.203,0.41,0.439999,0,0,1,1
0.206,0.41,0.26,0,0,1,1
0.206,0.41,0.263,0,0,1,1
0.206,0.41,0.266,0,0,1,1
0.206,0.41,0.269,0,0,1,1
0.206,0.41,0.272,0,0,1,1
0.206,0.41,0.275,0,0,1,1
0.206,0.41,0.278,0,0,1,1
0.206,0.41,0.281,0,0,1,1
0.206,0.41,0.284,0,0,1,1
0.206,0.41,0.287,0,0,1,1
0.206,0.41,0.29,0,0,1,1
0.206,0.41,0.293,0,0,1,1
0.206,0.41,0.296,0,0,1,1
0.206,0.41,0.299,0,0,1,1
0.206,0.41,0.302,0,0,1,1
0.206,0.41,0.305,0,0,1,1
0.206,0.41,0.308,0,0,1,1
0.206,0.41,0.311,0,0,1,1
0.206,0.41,0.314,0,0,1,1
0.206,0.41,0.317,0,0,1,1
0.206,0.41,0.32,0,0,1,1
0.206,0.41,0.323,0,0,1,1
0.206,0.41,0.326,0,0,1,1
0.206,0.41,0.329,0,0,1,1
0.206,0.41,0.332,0,0,1,1
0.206,0.41,0.335,0,0,1,1
0.206,0.41,0.338,0,0,1,1
0.206,0.41,0.341,0,0,1,1
0.206,0.41,0.344,0,0,1,1
0.206,0.41,0.347,0,0,1,1
0.206,0.41,0.35,0,0,1,1
0.206,0.41,0.353,0,0,1,1
0.206,0.41,0.356,0,0,1,1
0.206,0.41,0.359,0,0,1,1
0.206,0.41,0.362,0,0,1,1
0.206,0.41,0.365,0,0,1,1
0.206,0.41,0.368,0,0,1,1
0.206,0.41,0.371,0,0,1,1
0.206,0.41,0.374,0,0,1,1
0.206,0.41,0.377,0,0,1,1
0.206,0.41,0.38,0,0,1,1
0.206,0.41,0.383,0,0,1,1
0.206,0.41,0.386,0,0,1,1
0.206,0.41,0.389,0,0,1,1
0.206,0.41,0.392,0,0,1,1
0.206,0.41,0.395,0,0,1,1
0.206,0.41,0.398,0,0,1,1
0.206,0.41,0.401,0,0,1,1
0.206,0.41,0.404,0,0,1,1
0.206,0.41,0.407,0,0,1,1
0.206,0.41,0.41,0,0,1,1
0.206,0.41,0.413,0,0,1,1
0.206,0.41,0.416,0,0,1,1
0.206,0.41,0.419,0,0,1,1
0.206,0.41,0.422,0,0,1,1
0.206,0.41,0.425,0,0,1,1
0.206,0.41,0.427999,0,0,1,1
0.206,0.41,0.430999,0,0,1,1
0.206,0.41,0.433999,0,0,1,1
0.206,0.41,0.436999,0,0,1,1
0.206,0.41,0.439999,0,0,1,1
0.209,0.41,0.26,0,0,1,1
0.209,0.41,0.263,0,0,1,1
0.209,0.41,0.266,0,0,1,1
0.209,0.41,0.269,0,0,1,1
0.209,0.41,0.272,0,0,1,1
0.209,0.41,0.275,0,0,1,1
0.209,0.41,0.278,0,0,1,1
0.209,0.41,0.281,0,0,1,1
0.209,0.41,0.284,0,0,1,1
0.209,0.41,0.287,0,0,1,1
0.209,0.41,0.29,0,0,1,1
0.209,0.41,0.293,0,0,1,1
0.209,0.41,0.296,0,0,1,1
0.209,0.41,0.299,0,0,1,1
0.209,0.41,0.302,0,0,1,1
0.209,0.41,0.305,0,0,1,1
0.209,0.41,0.308,0,0,1,1
0.209,0.41,0.311,0,0,1,1
0.209,0.41,0.314,0,0,1,1
0.209,0.41,0.317,0,0,1,1
0.209,0.41,0.32,0,0,1,1
0.209,0.41,0.323,0,0,1,1
0.209,0.41,0.326,0,0,1,1
0.209,0.41,0.329,0,0,1,1
0.209,0.41,0.332,0,0,1,1
0.209,0.41,0.335,0,0,1,1
0.209,0.41,0.338,0,0,1,1
0.209,0.41,0.341,0,0,1,1
0.209,0.41,0.344,0,0,1,1
0.209,0.41,0.347,0,0,1,1
0.209,0.41,0.35,0,0,1,1
0.209,0.41,0.353,0,0,1,1
0.209,0.41,0.356,0,0,1,1
0.209,0.41,0.359,0,0,1,1
0.209,0.41,0.362,0,0,1,1
0.209,0.41,0.365,0,0,1,1
0.209,0.41,0.368,0,0,1,1
0.209,0.41,0.371,0,0,1,1
0.209,0.41,0.374,0,0,1,1
0.209,0.41,0.377,0,0,1,1
0.209,0.41,0.38,0,0,1,1
0.209,0.41,0.383,0,0,1,1
0.209,0.41,0.386,0,0,1,1
0.209,0.41,0.389,0,0,1,1
0.209,0.41,0.392,0,0,1,1
0.209,0.41,0.395,0,0,1,1
0.209,0.41,0.398,0,0,1,1
0.209,0.41,0.401,0,0,1,1
0.209,0.41,0.404,0,0,1,1
0.209,0.41,0.407,0,0,1,1
0.209,0.41,0.41,0,0,1,1
0.209,0.41,0.413,0,0,1,1
0.209,0.41,0.416,0,0,1,1
0.209,0.41,0.419,0,0,1,1
0.209,0.41,0.422,0,0,1,1
0.209,0.41,0.425,0,0,1,1
0.209,0.41,0.427999,0,0,1,1
0.209,0.41,0.430999,0,0,1,1
0.209,0.41,0.433999,0,0,1,1
0.209,0.41,0.436999,0,0,1,1
0.209,0.41,0.439999,0,0,1,1
0.212,0.41,0.26,0,0,1,1
0.212,0.41,0.263,0,0,1,1
0.212,0.41,0.266,0,0,1,1
0.212,0.41,0.269,0,0,1,1
0.212,0.41,0.272,0,0,1,1
0.212,0.41,0.275,0,0,1,1
0.212,0.41,0.278,0,0,1,1
0.212,0.41,0.281,0,0,1,1
0.212,0.41,0.284,0,0,1,1
0.212,0.41,0.287,0,0,1,1
0.212,0.41,0.29,0,0,1,1
0.212,0.41,0.293,0,0,1,1
0.212,0.41,0.296,0,0,1,1
0.212,0.41,0.299,0,0,1,1
0.212,0.41,0.302,0,0,1,1
0.212,0.41,0.305,0,0,1,1
0.212,0.41,0.308,0,0,1,1
0.212,0.41,0.311,0,0,1,1
0.212,0.41,0.314,0,0,1,1
0.212,0.41,0.317,0,0,1,1
0.212,0.41,0.32,0,0,1,1
0.212,0.41,0.323,0,0,1,1
0.212,0.41,0.326,0,0,1,1
0.212,0.41,0.329,0,0,1,1
0.212,0.41,0.332,0,0,1,1
0.212,0.41,0.335,0,0,1,1
0.212,0.41,0.338,0,0,1,1
0.212,0.41,0.341,0,0,1,1
0.212,0.41,0.344,0,0,1,1
0.212,0.41,0.347,0,0,1,1
0.212,0.41,0.35,0,0,1,1
0.212,0.41,0.353,0,0,1,1
0.212,0.41,0.356,0,0,1,1
0.212,0.41,0.359,0,0,1,1
0.212,0.41,0.362,0,0,1,1
0.212,0.41,0.365,0,0,1,1
0.212,0.41,0.368,0,0,1,1
0.212,0.41,0.371,0,0,1,1
0.212,0.41,0.374,0,0,1,1
0.212,0.41,0.377,0,0,1,1
0.212,0.41,0.38,0,0,1,1
0.212,0.41,0.383,0,0,1,1
0.212,0.41,0.386,0,0,1,1
0.212,0.41,0.389,0,0,1,1
0.212,0.41,0.392,0,0,1,1
0.212,0.41,0.395,0,0,1,1
0.212,0.41,0.398,0,0,1,1
0.212,0.41,0.401,0,0,1,1
0.212,0.41,0.404,0,0,1,1
0.212,0.41,0.407,0,0,1,1
0.212,0.41,0.41,0,0,1,1
0.212,0.41,0.413,0,0,1,1
0.212,0.41,0.416,0,0,1,1
0.212,0.41,0.419,0,0,1,1
0.212,0.41,0.422,0,0,1,1
0.212,0.41,0.425,0,0,1,1
0.212,0.41,0.427999,0,0,1,1
0.212,0.41,0.430999,0,0,1,1
0.212,0.41,0.433999,0,0,1,1
0.212,0.41,0.436999,0,0,1,1
0.212,0.41,0.439999,0,0,1,1
0.215,0.41,0.26,0,0,1,1
0.215,0.41,0.263,0,0,1,1
0.215,0.41,0.266,0,0,1,1
0.215,0.41,0.269,0,0,1,1
0.215,0.41,0.272,0,0,1,1
0.215,0.41,0.275,0,0,1,1
0.215,0.41,0.278,0,0,1,1
0.215,0.41,0.281,0,0,1,1
0.215,0.41,0.284,0,0,1,1
0.215,0.41,0.287,0,0,1,1
0.215,0.41,0.29,0,0,1,1
0.215,0.41,0.293,0,0,1,1
0.215,0.41,0.296,0,0,1,1
0.215,0.41,0.299,0,0,1,1
0.215,0.41,0.302,0,0,1,1
0.215,0.41,0.305,0,0,1,1
0.215,0.41,0.308,0,0,1,1
0.215,0.41,0.311,0,0,1,1
0.215,0.41,0.314,0,0,1,1
0.215,0.41,0.317,0,0,1,1
0.215,0.41,0.32,0,0,1,1
0.215,0.41,0.323,0,0,1,1
0.215,0.41,0.326,0,0,1,1
0.215,0.41,0.329,0,0,1,1
0.215,0.41,0.332,0,0,1,1
0.215,0.41,0.335,0,0,1,1
0.215,0.41,0.338,0,0,1,1
0.215,0.41,0.341,0,0,1,1
0.215,0.41,0.344,0,0,1,1
0.215,0.41,0.347,0,0,1,1
0.215,0.41,0.35,0,0,1,1
0.215,0.41,0.353,0,0,1,1
0.215,0.41,0.356,0,0,1,1
0.215,0.41,0.359,0,0,1,1
0.215,0.41,0.362,0,0,1,1
0.215,0.41,0.365,0,0,1,1
0.215,0.41,0.368,0,0,1,1
0.215,0.41,0.371,0,0,1,1
0.215,0.41,0.374,0,0,1,1
0.215,0.41,0.377,0,0,1,1
0.215,0.41,0.38,0,0,1,1
0.215,0.41,0.383,0,0,1,1
0.215,0.41,0.386,0,0,1,1
0.215,0.41,0.389,0,0,1,1
0.215,0.41,0.392,0,0,1,1
0.215,0.41,0.395,0,0,1,1
0.215,0.41,0.398,0,0,1,1
0.215,0.41,0.401,0,0,1,1
0.215,0.41,0.404,0,0,1,1
0.215,0.41,0.407,0,0,1,1
0.215,0.41,0.41,0,0,1,1
0.215,0.41,0.413,0,0,1,1
0.215,0.41,0.416,0,0,1,1
0.215,0.41,0.419,0,0,1,1
0.215,0.41,0.422,0,0,1,1
0.215,0.41,0.425,0,0,1,1
0.215,0.41,0.427999,0,0,1,1
0.215,0.41,0.430999,0,0,1,1
0.215,0.41,0.433999,0,0,1,1
0.215,0.41,0.436999,0,0,1,1
0.215,0.41,0.439999,0,0,1,1
0.218,0.41,0.26,0,0,1,1
0.218,0.41,0.263,0,0,1,1
0.218,0.41,0.266,0,0,1,1
0.218,0.41,0.269,0,0,1,1
0.218,0.41,0.272,0,0,1,1
0.218,0.41,0.275,0,0,1,1
0.218,0.41,0.278,0,0,1,1
0.218,0.41,0.281,0,0,1,1
0.218,0.41,0.284,0,0,1,1
0.218,0.41,0.287,0,0,1,1
0.218,0.41,0.29,0,0,1,1
0.218,0.41,0.293,0,0,1,1
0.218,0.41,0.296,0,0,1,1
0.218,0.41,0.299,0,0,1,1
0.218,0.41,0.302,0,0,1,1
0.218,0.41,0.305,0,0,1,1
0.218,0.41,0.308,0,0,1,1
0.218,0.41,0.311,0,0,1,1
0.218,0.41,0.314,0,0,1,1
0.218,0.41,0.317,0,0,1,1
0.218,0.41,0.32,0,0,1,1
0.218,0.41,0.323,0,0,1,1
0.218,0.41,0.326,0,0,1,1
0.218,0.41,0.329,0,0,1,1
0.218,0.41,0.332,0,0,1,1
0.218,0.41,0.335,0,0,1,1
0.218,0.41,0.338,0,0,1,1
0.218,0.41,0.341,0,0,1,1
0.218,0.41,0.344,0,0,1,1
0.218,0.41,0.347,0,0,1,1
0.218,0.41,0.35,0,0,1,1
0.218,0.41,0.353,0,0,1,1
0.218,0.41,0.356,0,0,1,1
0.218,0.41,0.359,0,0,1,1
0.218,0.41,0.362,0,0,1,1
0.218,0.41,0.365,0,0,1,1
0.218,0.41,0.368,0,0,1,1
0.218,0.41,0.371,0,0,1,1
0.218,0.41,0.374,0,0,1,1
0.218,0.41,0.377,0,0,1,1
0.218,0.41,0.38,0,0,1,1
0.218,0.41,0.383,0,0,1,1
0.218,0.41,0.386,0,0,1,1
0.218,0.41,0.389,0,0,1,1
0.218,0.41,0.392,0,0,1,1
0.218,0.41,0.395,0,0,1,1
0.218,0.41,0.398,0,0,1,1
0.218,0.41,0.401,0,0,1,1
0.218,0.41,0.404,0,0,1,1
0.218,0.41,0.407,0,0,1,1
0.218,0.41,0.41,0,0,1,1
0.218,0.41,0.413,0,0,1,1
0.218,0.41,0.416,0,0,1,1
0.218,0.41,0.419,0,0,1,1
0.218,0.41,0.422,0,0,1,1
0.218,0.41,0.425,0,0,1,1
0.218,0.41,0.427999,0,0,1,1
0.218,0.41,0.430999,0,0,1,1
0.218,0.41,0.433999,0,0,1,1
0.218,0.41,0.436999,0,0,1,1
0.218,0.41,0.439999,0,0,1,1
0.221,0.41,0.26,0,0,1,1
0.221,0.41,0.263,0,0,1,1
0.221,0.41,0.266,0,0,1,1
0.221,0.41,0.269,0,0,1,1
0.221,0.41,0.272,0,0,1,1
0.221,0.41,0.275,0,0,1,1
0.221,0.41,0.278,0,0,1,1
0.221,0.41,0.281,0,0,1,1
0.221,0.41,0.284,0,0,1,1
0.221,0.41,0.287,0,0,1,1
0.221,0.41,0.29,0,0,1,1
0.221,0.41,0.293,0,0,1,1
0.221,0.41,0.296,0,0,1,1
0.221,0.41,0.299,0,0,1,1
0.221,0.41,0.302,0,0,1,1
0.221,0.41,0.305,0,0,1,1
0.221,0.41,0.308,0,0,1,1
0.221,0.41,0.311,0,0,1,1
0.221,0.41,0.314,0,0,1,1
0.221,0.41,0.317,0,0,1,1
0.221,0.41,0.32,0,0,1,1
0.221,0.41,0.323,0,0,1,1
0.221,0.41,0.326,0,0,1,1
0.221,0.41,0.329,0,0,1,1
0.221,0.41,0.332,0,0,1,1
0.221,0.41,0.335,0,0,1,1
0.221,0.41,0.338,0,0,1,1
0.221,0.41,0.341,0,0,1,1
0.221,0.41,0.344,0,0,1,1
0.221,0.41,0.347,0,0,1,1
0.221,0.41,0.35,0,0,1,1
0.221,0.41,0.353,0,0,1,1
0.221,0.41,0.356,0,0,1,1
0.221,0.41,0.359,0,0,1,1
0.221,0.41,0.362,0,0,1,1
0.221,0.41,0.365,0,0,1,1
0.221,0.41,0.368,0,0,1,1
0.221,0.41,0.371,0,0,1,1
0.221,0.41,0.374,0,0,1,1
0.221,0.41,0.377,0,0,1,1
0.221,0.41,0.38,0,0,1,1
0.221,0.41,0.383,0,0,1,1
0.221,0.41,0.386,0,0,1,1
0.221,0.41,0.389,0,0,1,1
0.221,0.41,0.392,0,0,1,1
0.221,0.41,0.395,0,0,1,1
0.221,0.41,0.398,0,0,1,1
0.221,0.41,0.401,0,0,1,1
0.221,0.41,0.404,0,0,1,1
0.221,0.41,0.407,0,0,1,1
0.221,0.41,0.41,0,0,1,1
0.221,0.41,0.413,0,0,1,1
0.221,0.41,0.416,0,0,1,1
0.221,0.41,0.419,0,0,1,1
0.221,0.41,0.422,0,0,1,1
0.221,0.41,0.425,0,0,1,1
0.221,0.41,0.427999,0,0,1,1
0.221,0.41,0.430999,0,0,1,1
0.221,0.41,0.433999,0,0,1,1
0.221,0.41,0.436999,0,0,1,1
0.221,0.41,0.439999,0,0,1,1
0.224,0.41,0.26,0,0,1,1
0.224,0.41,0.263,0,0,1,1
0.224,0.41,0.266,0,0,1,1
0.224,0.41,0.269,0,0,1,1
0.224,0.41,0.272,0,0,1,1
0.224,0.41,0.275,0,0,1,1
0.224,0.41,0.278,0,0,1,1
0.224,0.41,0.281,0,0,1,1
0.224,0.41,0.284,0,0,1,1
0.224,0.41,0.287,0,0,1,1
0.224,0.41,0.29,0,0,1,1
0.224,0.41,0.293,0,0,1,1
0.224,0.41,0.296,0,0,1,1
0.224,0.41,0.299,0,0,1,1
0.224,0.41,0.302,0,0,1,1
0.224,0.41,0.305,0,0,1,1
0.224,0.41,0.308,0,0,1,1
0.224,0.41,0.311,0,0,1,1
0.224,0.41,0.314,0,0,1,1
0.224,0.41,0.317,0,0,1,1
0.224,0.41,0.32,0,0,1,1
0.224,0.41,0.323,0,0,1,1
0.224,0.41,0.326,0,0,1,1
0.224,0.41,0.329,0,0,1,1
0.224,0.41,0.332,0,0,1,1
0.224,0.41,0.335,0,0,1,1
0.224,0.41,0.338,0,0,1,1
0.224,0.41,0.341,0,0,1,1
0.224,0.41,0.344,0,0,1,1
0.224,0.41,0.347,0,0,1,1
0.224,0.41,0.35,0,0,1,1
0.224,0.41,0.353,0,0,1,1
0.224,0.41,0.356,0,0,1,1
0.224,0.41,0.359,0,0,1,1
0.224,0.41,0.362,0,0,1,1
0.224,0.41,0.365,0,0,1,1
0.224,0.41,0.368,0,0,1,1
0.224,0.41,0.371,0,0,1,1
0.224,0.41,0.374,0,0,1,1
0.224,0.41,0.377,0,0,1,1
0.224,0.41,0.38,0,0,1,1
0.224,0.41,0.383,0,0,1,1
0.224,0.41,0.386,0,0,1,1
0.224,0.41,0.389,0,0,1,1
0.224,0.41,0.392,0,0,1,1
0.224,0.41,0.395,0,0,1,1
0.224,0.41,0.398,0,0,1,1
0.224,0.41,0.401,0,0,1,1
0.224,0.41,0.404,0,0,1,1
0.224,0.41,0.407,0,0,1,1
0.224,0.41,0.41,0,0,1,1
0.224,0.41,0.413,0,0,1,1
0.224,0.41,0.416,0,0,1,1
0.224,0.41,0.419,0,0,1,1
0.224,0.41,0.422,0,0,1,1
0.224,0.41,0.425,0,0,1,1
0.224,0.41,0.427999,0,0,1,1
0.224,0.41,0.430999,0,0,1,1
0.224,0.41,0.433999,0,0,1,1
0.224,0.41,0.436999,0,0,1,1
0.224,0.41,0.439999,0,0,1,1
0.227,0.41,0.26,0,0,1,1
0.227,0.41,0.263,0,0,1,1
0.227,0.41,0.266,0,0,1,1
0.227,0.41,0.269,0,0,1,1
0.227,0.41,0.272,0,0,1,1
0.227,0.41,0.275,0,0,1,1
0.227,0.41,0.278,0,0,1,1
0.227,0.41,0.281,0,0,1,1
0.227,0.41,0.284,0,0,1,1
0.227,0.41,0.287,0,0,1,1
0.227,0.41,0.29,0,0,1,1
0.227,0.41,0.293,0,0,1,1
0.227,0.41,0.296,0,0,1,1
0.227,0.41,0.299,0,0,1,1
0.227,0.41,0.302,0,0,1,1
0.227,0.41,0.305,0,0,1,1
0.227,0.41,0.308,0,0,1,1
0.227,0.41,0.311,0,0,1,1
0.227,0.41,0.314,0,0,1,1
0.227,0.41,0.317,0,0,1,1
0.227,0.41,0.32,0,0,1,1
0.227,0.41,0.323,0,0,1,1
0.227,0.41,0.326,0,0,1,1
0.227,0.41,0.329,0,0,1,1
0.227,0.41,0.332,0,0,1,1
0.227,0.41,0.335,0,0,1,1
0.227,0.41,0.338,0,0,1,1
0.227,0.41,0.341,0,0,1,1
0.227,0.41,0.344,0,0,1,1
0.227,0.41,0.347,0,0,1,1
0.227,0.41,0.35,0,0,1,1
0.227,0.41,0.353,0,0,1,1
0.227,0.41,0.356,0,0,1,1
0.227,0.41,0.359,0,0,1,1
0.227,0.41,0.362,0,0,1,1
0.227,0.41,0.365,0,0,1,1
0.227,0.41,0.368,0,0,1,1
0.227,0.41,0.371,0,0,1,1
0.227,0.41,0.374,0,0,1,1
0.227,0.41,0.377,0,0,1,1
0.227,0.41,0.38,0,0,1,1
0.227,0.41,0.383,0,0,1,1
0.227,0.41,0.386,0,0,1,1
0.227,0.41,0.389,0,0,1,1
0.227,0.41,0.392,0,0,1,1
0.227,0.41,0.395,0,0,1,1
0.227,0.41,0.398,0,0,1,1
0.227,0.41,0.401,0,0,1,1
0.227,0.41,0.404,0,0,1,1
0.227,0.41,0.407,0,0,1,1
0.227,0.41,0.41,0,0,1,1
0.227,0.41,0.413,0,0,1,1
0.227,0.41,0.416,0,0,1,1
0.227,0.41,0.419,0,0,1,1
0.227,0.41,0.422,0,0,1,1
0.227,0.41,0.425,0,0,1,1
0.227,0.41,0.427999,0,0,1,1
0.227,0.41,0.430999,0,0,1,1
0.227,0.41,0.433999,0,0,1,1
0.227,0.41,0.436999,0,0,1,1
0.227,0.41,0.439999,0,0,1,1
0.23,0.41,0.26,0,0,1,1
0.23,0.41,0.263,0,0,1,1
0.23,0.41,0.266,0,0,1,1
0.23,0.41,0.269,0,0,1,1
0.23,0.41,0.272,0,0,1,1
0.23,0.41,0.275,0,0,1,1
0.23,0.41,0.278,0,0,1,1
0.23,0.41,0.281,0,0,1,1
0.23,0.41,0.284,0,0,1,1
0.23,0.41,0.287,0,0,1,1
0.23,0.41,0.29,0,0,1,1
0.23,0.41,0.293,0,0,1,1
0.23,0.41,0.296,0,0,1,1
0.23,0.41,0.299,0,0,1,1
0.23,0.41,0.302,0,0,1,1
0.23,0.41,0.305,0,0,1,1
0.23,0.41,0.308,0,0,1,1
0.23,0.41,0.311,0,0,1,1
0.23,0.41,0.314,0,0,1,1
0.23,0.41,0.317,0,0,1,1
0.23,0.41,0.32,0,0,1,1
0.23,0.41,0.323,0,0,1,1
0.23,0.41,0.326,0,0,1,1
0.23,0.41,0.329,0,0,1,1
0.23,0.41,0.332,0,0,1,1
0.23,0.41,0.335,0,0,1,1
0.23,0.41,0.338,0,0,1,1
0.23,0.41,0.341,0,0,1,1
0.23,0.41,0.344,0,0,1,1
0.23,0.41,0.347,0,0,1,1
0.23,0.41,0.35,0,0,1,1
0.23,0.41,0.353,0,0,1,1
0.23,0.41,0.356,0,0,1,1
0.23,0.41,0.359,0,0,1,1
0.23,0.41,0.362,0,0,1,1
0.23,0.41,0.365,0,0,1,1
0.23,0.41,0.368,0,0,1,1
0.23,0.41,0.371,0,0,1,1
0.23,0.41,0.374,0,0,1,1
0.23,0.41,0.377,0,0,1,1
0.23,0.41,0.38,0,0,1,1
0.23,0.41,0.383,0,0,1,1
0.23,0.41,0.386,0,0,1,1
0.23,0.41,0.389,0,0,1,1
0.23,0.41,0.392,0,0,1,1
0.23,0.41,0.395,0,0,1,1
0.23,0.41,0.398,0,0,1,1
0.23,0.41,0.401,0,0,1,1
0.23,0.41,0.404,0,0,1,1
0.23,0.41,0.407,0,0,1,1
0.23,0.41,0.41,0,0,1,1
0.23,0.41,0.413,0,0,1,1
0.23,0.41,0.416,0,0,1,1
0.23,0.41,0.419,0,0,1,1
0.23,0.41,0.422,0,0,1,1
0.23,0.41,0.425,0,0,1,1
0.23,0.41,0.427999,0,0,1,1
0.23,0.41,0.430999,0,0,1,1
0.23,0.41,0.433999,0,0,1,1
0.23,0.41,0.436999,0,0,1,1
0.23,0.41,0.439999,0,0,1,1
0.233,0.41,0.26,0,0,1,1
0.233,0.41,0.263,0,0,1,1
0.233,0.41,0.266,0,0,1,1
0.233,0.41,0.269,0,0,1,1
0.233,0.41,0.272,0,0,1,1
0.233,0.41,0.275,0,0,1,1
0.233,0.41,0.278,0,0,1,1
0.233,0.41,0.281,0,0,1,1
0.233,0.41,0.284,0,0,1,1
0.233,0.41,0.287,0,0,1,1
0.233,0.41,0.29,0,0,1,1
0.233,0.41,0.293,0,0,1,1
0.233,0.41,0.296,0,0,1,1
0.233,0.41,0.299,0,0,1,1
0.233,0.41,0.302,0,0,1,1
0.233,0.41,0.305,0,0,1,1
0.233,0.41,0.308,0,0,1,1
0.233,0.41,0.311,0,0,1,1
0.233,0.41,0.314,0,0,1,1
0.233,0.41,0.317,0,0,1,1
0.233,0.41,0.32,0,0,1,1
0.233,0.41,0.323,0,0,1,1
0.233,0.41,0.326,0,0,1,1
0.233,0.41,0.329,0,0,1,1
0.233,0.41,0.332,0,0,1,1
0.233,0.41,0.335,0,0,1,1
0.233,0.41,0.338,0,0,1,1
0.233,0.41,0.341,0,0,1,1
0.233,0.41,0.344,0,0,1,1
0.233,0.41,0.347,0,0,1,1
0.233,0.41,0.35,0,0,1,1
0.233,0.41,0.353,0,0,1,1
0.233,0.41,0.356,0,0,1,1
0.233,0.41,0.359,0,0,1,1
0.233,0.41,0.362,0,0,1,1
0.233,0.41,0.365,0,0,1,1
0.233,0.41,0.368,0,0,1,1
0.233,0.41,0.371,0,0,1,1
0.233,0.41,0.374,0,0,1,1
0.233,0.41,0.377,0,0,1,1
0.233,0.41,0.38,0,0,1,1
0.233,0.41,0.383,0,0,1,1
0.233,0.41,0.386,0,0,1,1
0.233,0.41,0.389,0,0,1,1
0.233,0.41,0.392,0,0,1,1
0.233,0.41,0.395,0,0,1,1
0.233,0.41,0.398,0,0,1,1
0.233,0.41,0.401,0,0,1,1
0.233,0.41,0.404,0,0,1,1
0.233,0.41,0.407,0,0,1,1
0.233,0.41,0.41,0,0,1,1
0.233,0.41,0.413,0,0,1,1
0.233,0.41,0.416,0,0,1,1
0.233,0.41,0.419,0,0,1,1
0.233,0.41,0.422,0,0,1,1
0.233,0.41,0.425,0,0,1,1
0.233,0.41,0.427999,0,0,1,1
0.233,0.41,0.430999,0,0,1,1
0.233,0.41,0.433999,0,0,1,1
0.233,0.41,0.436999,0,0,1,1
0.233,0.41,0.439999,0,0,1,1
0.236,0.41,0.26,0,0,1,1
0.236,0.41,0.263,0,0,1,1
0.236,0.41,0.266,0,0,1,1
0.236,0.41,0.269,0,0,1,1
0.236,0.41,0.272,0,0,1,1
0.236,0.41,0.275,0,0,1,1
0.236,0.41,0.278,0,0,1,1
0.236,0.41,0.281,0,0,1,1
0.236,0.41,0.284,0,0,1,1
0.236,0.41,0.287,0,0,1,1
0.236,0.41,0.29,0,0,1,1
0.236,0.41,0.293,0,0,1,1
0.236,0.41,0.296,0,0,1,1
0.236,0.41,0.299,0,0,1,1
0.236,0.41,0.302,0,0,1,1
0.236,0.41,0.305,0,0,1,1
0.236,0.41,0.308,0,0,1,1
0.236,0.41,0.311,0,0,1,1
0.236,0.41,0.314,0,0,1,1
0.236,0.41,0.317,0,0,1,1
0.236,0.41,0.32,0,0,1,1
0.236,0.41,0.323,0,0,1,1
0.236,0.41,0.326,0,0,1,1
0.236,0.41,0.329,0,0,1,1
0.236,0.41,0.332,0,0,1,1
0.236,0.41,0.335,0,0,1,1
0.236,0.41,0.338,0,0,1,1
0.236,0.41,0.341,0,0,1,1
0.236,0.41,0.344,0,0,1,1
0.236,0.41,0.347,0,0,1,1
0.236,0.41,0.35,0,0,1,1
0.236,0.41,0.353,0,0,1,1
0.236,0.41,0.356,0,0,1,1
0.236,0.41,0.359,0,0,1,1
0.236,0.41,0.362,0,0,1,1
0.236,0.41,0.365,0,0,1,1
0.236,0.41,0.368,0,0,1,1
0.236,0.41,0.371,0,0,1,1
0.236,0.41,0.374,0,0,1,1
0.236,0.41,0.377,0,0,1,1
0.236,0.41,0.38,0,0,1,1
0.236,0.41,0.383,0,0,1,1
0.236,0.41,0.386,0,0,1,1
0.236,0.41,0.389,0,0,1,1
0.236,0.41,0.392,0,0,1,1
0.236,0.41,0.395,0,0,1,1
0.236,0.41,0.398,0,0,1,1
0.236,0.41,0.401,0,0,1,1
0.236,0.41,0.404,0,0,1,1
0.236,0.41,0.407,0,0,1,1
0.236,0.41,0.41,0,0,1,1
0.236,0.41,0.413,0,0,1,1
0.236,0.41,0.416,0,0,1,1
0.236,0.41,0.419,0,0,1,1
0.236,0.41,0.422,0,0,1,1
0.236,0.41,0.425,0,0,1,1
0.236,0.41,0.427999,0,0,1,1
0.236,0.41,0.430999,0,0,1,1
0.236,0.41,0.433999,0,0,1,1
0.236,0.41,0.436999,0,0,1,1
0.236,0.41,0.439999,0,0,1,1
0.239,0.41,0.26,0,0,1,1
0.239,0.41,0.263,0,0,1,1
0.239,0.41,0.266,0,0,1,1
0.239,0.41,0.269,0,0,1,1
0.239,0.41,0.272,0,0,1,1
0.239,0.41,0.275,0,0,1,1
0.239,0.41,0.278,0,0,1,1
0.239,0.41,0.281,0,0,1,1
0.239,0.41,0.284,0,0,1,1
0.239,0.41,0.287,0,0,1,1
0.239,0.41,0.29,0,0,1,1
0.239,0.41,0.293,0,0,1,1
0.239,0.41,0.296,0,0,1,1
0.239,0.41,0.299,0,0,1,1
0.239,0.41,0.302,0,0,1,1
0.239,0.41,0.305,0,0,1,1
0.239,0.41,0.308,0,0,1,1
0.239,0.41,0.311,0,0,1,1
0.239,0.41,0.314,0,0,1,1
0.239,0.41,0.317,0,0,1,1
0.239,0.41,0.32,0,0,1,1
0.239,0.41,0.323,0,0,1,1
0.239,0.41,0.326,0,0,1,1
0.239,0.41,0.329,0,0,1,1
0.239,0.41,0.332,0,0,1,1
0.239,0.41,0.335,0,0,1,1
0.239,0.41,0.338,0,0,1,1
0.239,0.41,0.341,0,0,1,1
0.239,0.41,0.344,0,0,1,1
0.239,0.41,0.347,0,0,1,1
0.239,0.41,0.35,0,0,1,1
0.239,0.41,0.353,0,0,1,1
0.239,0.41,0.356,0,0,1,1
0.239,0.41,0.359,0,0,1,1
0.239,0.41,0.362,0,0,1,1
0.239,0.41,0.365,0,0,1,1
0.239,0.41,0.368,0,0,1,1
0.239,0.41,0.371,0,0,1,1
0.239,0.41,0.374,0,0,1,1
0.239,0.41,0.377,0,0,1,1
0.239,0.41,0.38,0,0,1,1
0.239,0.41,0.383,0,0,1,1
0.239,0.41,0.386,0,0,1,1
0.239,0.41,0.389,0,0,1,1
0.239,0.41,0.392,0,0,1,1
0.239,0.41,0.395,0,0,1,1
0.239,0.41,0.398,0,0,1,1
0.239,0.41,0.401,0,0,1,1
0.239,0.41,0.404,0,0,1,1
0.239,0.41,0.407,0,0,1,1
0.239,0.41,0.41,0,0,1,1
0.239,0.41,0.413,0,0,1,1
0.239,0.41,0.416,0,0,1,1
0.239,0.41,0.419,0,0,1,1
0.239,0.41,0.422,0,0,1,1
0.239,0.41,0.425,0,0,1,1
0.239,0.41,0.427999,0,0,1,1
0.239,0.41,0.430999,0,0,1,1
0.239,0.41,0.433999,0,0,1,1
0.239,0.41,0.436999,0,0,1,1
0.239,0.41,0.439999,0,0,1,1
0.242,0.41,0.26,0,0,1,1
0.242,0.41,0.263,0,0,1,1
0.242,0.41,0.266,0,0,1,1
0.242,0.41,0.269,0,0,1,1
0.242,0.41,0.272,0,0,1,1
0.242,0.41,0.275,0,0,1,1
0.242,0.41,0.278,0,0,1,1
0.242,0.41,0.281,0,0,1,1
0.242,0.41,0.284,0,0,1,1
0.242,0.41,0.287,0,0,1,1
0.242,0.41,0.29,0,0,1,1
0.242,0.41,0.293,0,0,1,1
0.242,0.41,0.296,0,0,1,1
0.242,0.41,0.299,0,0,1,1
0.242,0.41,0.302,0,0,1,1
0.242,0.41,0.305,0,0,1,1
0.242,0.41,0.308,0,0,1,1
0.242,0.41,0.311,0,0,1,1
0.242,0.41,0.314,0,0,1,1
0.242,0.41,0.317,0,0,1,1
0.242,0.41,0.32,0,0,1,1
0.242,0.41,0.323,0,0,1,1
0.242,0.41,0.326,0,0,1,1
0.242,0.41,0.329,0,0,1,1
0.242,0.41,0.332,0,0,1,1
0.242,0.41,0.335,0,0,1,1
0.242,0.41,0.338,0,0,1,1
0.242,0.41,0.341,0,0,1,1
0.242,0.41,0.344,0,0,1,1
0.242,0.41,0.347,0,0,1,1
0.242,0.41,0.35,0,0,1,1
0.242,0.41,0.353,0,0,1,1
0.242,0.41,0.356,0,0,1,1
0.242,0.41,0.359,0,0,1,1
0.242,0.41,0.362,0,0,1,1
0.242,0.41,0.365,0,0,1,1
0.242,0.41,0.368,0,0,1,1
0.242,0.41,0.371,0,0,1,1
0.242,0.41,0.374,0,0,1,1
0.242,0.41,0.377,0,0,1,1
0.242,0.41,0.38,0,0,1,1
0.242,0.41,0.383,0,0,1,1
0.242,0.41,0.386,0,0,1,1
0.242,0.41,0.389,0,0,1,1
0.242,0.41,0.392,0,0,1,1
0.242,0.41,0.395,0,0,1,1
0.242,0.41,0.398,0,0,1,1
0.242,0.41,0.401,0,0,1,1
0.242,0.41,0.404,0,0,1,1
0.242,0.41,0.407,0,0,1,1
0.242,0.41,0.41,0,0,1,1
0.242,0.41,0.413,0,0,1,1
0.242,0.41,0.416,0,0,1,1
0.242,0.41,0.419,0,0,1,1
0.242,0.41,0.422,0,0,1,1
0.242,0.41,0.425,0,0,1,1
0.242,0.41,0.427999,0,0,1,1
0.242,0.41,0.430999,0,0,1,1
0.242,0.41,0.433999,0,0,1,1
0.242,0.41,0.436999,0,0,1,1
0.242,0.41,0.439999,0,0,1,1
0.245,0.41,0.26,0,0,1,1
0.245,0.41,0.263,0,0,1,1
0.245,0.41,0.266,0,0,1,1
0.245,0.41,0.269,0,0,1,1
0.245,0.41,0.272,0,0,1,1
0.245,0.41,0.275,0,0,1,1
0.245,0.41,0.278,0,0,1,1
0.245,0.41,0.281,0,0,1,1
0.245,0.41,0.284,0,0,1,1
0.245,0.41,0.287,0,0,1,1
0.245,0.41,0.29,0,0,1,1
0.245,0.41,0.293,0,0,1,1
0.245,0.41,0.296,0,0,1,1
0.245,0.41,0.299,0,0,1,1
0.245,0.41,0.302,0,0,1,1
0.245,0.41,0.305,0,0,1,1
0.245,0.41,0.308,0,0,1,1
0.245,0.41,0.311,0,0,1,1
0.245,0.41,0.314,0,0,1,1
0.245,0.41,0.317,0,0,1,1
0.245,0.41,0.32,0,0,1,1
0.245,0.41,0.323,0,0,1,1
0.245,0.41,0.326,0,0,1,1
0.245,0.41,0.329,0,0,1,1
0.245,0.41,0.332,0,0,1,1
0.245,0.41,0.335,0,0,1,1
0.245,0.41,0.338,0,0,1,1
0.245,0.41,0.341,0,0,1,1
0.245,0.41,0.344,0,0,1,1
0.245,0.41,0.347,0,0,1,1
0.245,0.41,0.35,0,0,1,1
0.245,0.41,0.353,0,0,1,1
0.245,0.41,0.356,0,0,1,1
0.245,0.41,0.359,0,0,1,1
0.245,0.41,0.362,0,0,1,1
0.245,0.41,0.365,0,0,1,1
0.245,0.41,0.368,0,0,1,1
0.245,0.41,0.371,0,0,1,1
0.245,0.41,0.374,0,0,1,1
0.245,0.41,0.377,0,0,1,1
0.245,0.41,0.38,0,0,1,1
0.245,0.41,0.383,0,0,1,1
0.245,0.41,0.386,0,0,1,1
0.245,0.41,0.389,0,0,1,1
0.245,0.41,0.392,0,0,1,1
0.245,0.41,0.395,0,0,1,1
0.245,0.41,0.398,0,0,1,1
0.245,0.41,0.401,0,0,1,1
0.245,0.41,0.404,0,0,1,1
0.245,0.41,0.407,0,0,1,1
0.245,0.41,0.41,0,0,1,1
0.245,0.41,0.413,0,0,1,1
0.245,0.41,0.416,0,0,1,1
0.245,0.41,0.419,0,0,1,1
0.245,0.41,0.422,0,0,1,1
0.245,0.41,0.425,0,0,1,1
0.245,0.41,0.427999,0,0,1,1
0.245,0.41,0.430999,0,0,1,1
0.245,0.41,0.433999,0,0,1,1
0.245,0.41,0.436999,0,0,1,1
0.245,0.41,0.439999,0,0,1,1
0.248,0.41,0.26,0,0,1,1
0.248,0.41,0.263,0,0,1,1
0.248,0.41,0.266,0,0,1,1
0.248,0.41,0.269,0,0,1,1
0.248,0.41,0.272,0,0,1,1
0.248,0.41,0.275,0,0,1,1
0.248,0.41,0.278,0,0,1,1
0.248,0.41,0.281,0,0,1,1
0.248,0.41,0.284,0,0,1,1
0.248,0.41,0.287,0,0,1,1
0.248,0.41,0.29,0,0,1,1
0.248,0.41,0.293,0,0,1,1
0.248,0.41,0.296,0,0,1,1
0.248,0.41,0.299,0,0,1,1
0.248,0.41,0.302,0,0,1,1
0.248,0.41,0.305,0,0,1,1
0.248,0.41,0.308,0,0,1,1
0.248,0.41,0.311,0,0,1,1
0.248,0.41,0.314,0,0,1,1
0.248,0.41,0.317,0,0,1,1
0.248,0.41,0.32,0,0,1,1
0.248,0.41,0.323,0,0,1,1
0.248,0.41,0.326,0,0,1,1
0.248,0.41,0.329,0,0,1,1
0.248,0.41,0.332,0,0,1,1
0.248,0.41,0.335,0,0,1,1
0.248,0.41,0.338,0,0,1,1
0.248,0.41,0.341,0,0,1,1
0.248,0.41,0.344,0,0,1,1
0.248,0.41,0.347,0,0,1,1
0.248,0.41,0.35,0,0,1,1
0.248,0.41,0.353,0,0,1,1
0.248,0.41,0.356,0,0,1,1
0.248,0.41,0.359,0,0,1,1
0.248,0.41,0.362,0,0,1,1
0.248,0.41,0.365,0,0,1,1
0.248,0.41,0.368,0,0,1,1
0.248,0.41,0.371,0,0,1,1
0.248,0.41,0.374,0,0,1,1
0.248,0.41,0.377,0,0,1,1
0.248,0.41,0.38,0,0,1,1
0.248,0.41,0.383,0,0,1,1
0.248,0.41,0.386,0,0,1,1
0.248,0.41,0.389,0,0,1,1
0.248,0.41,0.392,0,0,1,1
0.248,0.41,0.395,0,0,1,1
0.248,0.41,0.398,0,0,1,1
0.248,0.41,0.401,0,0,1,1
0.248,0.41,0.404,0,0,1,1
0.248,0.41,0.407,0,0,1,1
0.248,0.41,0.41,0,0,1,1
0.248,0.41,0.413,0,0,1,1
0.248,0.41,0.416,0,0,1,1
0.248,0.41,0.419,0,0,1,1
0.248,0.41,0.422,0,0,1,1
0.248,0.41,0.425,0,0,1,1
0.248,0.41,0.427999,0,0,1,1
0.248,0.41,0.430999,0,0,1,1
0.248,0.41,0.433999,0,0,1,1
0.248,0.41,0.436999,0,0,1,1
0.248,0.41,0.439999,0,0,1,1
0.251,0.41,0.26,0,0,1,1
0.251,0.41,0.263,0,0,1,1
0.251,0.41,0.266,0,0,1,1
0.251,0.41,0.269,0,0,1,1
0.251,0.41,0.272,0,0,1,1
0.251,0.41,0.275,0,0,1,1
0.251,0.41,0.278,0,0,1,1
0.251,0.41,0.281,0,0,1,1
0.251,0.41,0.284,0,0,1,1
0.251,0.41,0.287,0,0,1,1
0.251,0.41,0.29,0,0,1,1
0.251,0.41,0.293,0,0,1,1
0.251,0.41,0.296,0,0,1,1
0.251,0.41,0.299,0,0,1,1
0.251,0.41,0.302,0,0,1,1
0.251,0.41,0.305,0,0,1,1
0.251,0.41,0.308,0,0,1,1
0.251,0.41,0.311,0,0,1,1
0.251,0.41,0.314,0,0,1,1
0.251,0.41,0.317,0,0,1,1
0.251,0.41,0.32,0,0,1,1
0.251,0.41,0.323,0,0,1,1
0.251,0.41,0.326,0,0,1,1
0.251,0.41,0.329,0,0,1,1
0.251,0.41,0.332,0,0,1,1
0.251,0.41,0.335,0,0,1,1
0.251,0.41,0.338,0,0,1,1
0.251,0.41,0.341,0,0,1,1
0.251,0.41,0.344,0,0,1,1
0.251,0.41,0.347,0,0,1,1
0.251,0.41,0.35,0,0,1,1
0.251,0.41,0.353,0,0,1,1
0.251,0.41,0.356,0,0,1,1
0.251,0.41,0.359,0,0,1,1
0.251,0.41,0.362,0,0,1,1
0.251,0.41,0.365,0,0,1,1
0.251,0.41,0.368,0,0,1,1
0.251,0.41,0.371,0,0,1,1
0.251,0.41,0.374,0,0,1,1
0.251,0.41,0.377,0,0,1,1
0.251,0.41,0.38,0,0,1,1
0.251,0.41,0.383,0,0,1,1
0.251,0.41,0.386,0,0,1,1
0.251,0.41,0.389,0,0,1,1
0.251,0.41,0.392,0,0,1,1
0.251,0.41,0.395,0,0,1,1
0.251,0.41,0.398,0,0,1,1
0.251,0.41,0.401,0,0,1,1
0.251,0.41,0.404,0,0,1,1
0.251,0.41,0.407,0,0,1,1
0.251,0.41,0.41,0,0,1,1
0.251,0.41,0.413,0,0,1,1
0.251,0.41,0.416,0,0,1,1
0.251,0.41,0.419,0,0,1,1
0.251,0.41,0.422,0,0,1,1
0.251,0.41,0.425,0,0,1,1
0.251,0.41,0.427999,0,0,1,1
0.251,0.41,0.430999,0,0,1,1
0.251,0.41,0.433999,0,0,1,1
0.251,0.41,0.436999,0,0,1,1
0.251,0.41,0.439999,0,0,1,1
0.254,0.41,0.26,0,0,1,1
0.254,0.41,0.263,0,0,1,1
0.254,0.41,0.266,0,0,1,1
0.254,0.41,0.269,0,0,1,1
0.254,0.41,0.272,0,0,1,1
0.254,0.41,0.275,0,0,1,1
0.254,0.41,0.278,0,0,1,1
0.254,0.41,0.281,0,0,1,1
0.254,0.41,0.284,0,0,1,1
0.254,0.41,0.287,0,0,1,1
0.254,0.41,0.29,0,0,1,1
0.254,0.41,0.293,0,0,1,1
0.254,0.41,0.296,0,0,1,1
0.254,0.41,0.299,0,0,1,1
0.254,0.41,0.302,0,0,1,1
0.254,0.41,0.305,0,0,1,1
0.254,0.41,0.308,0,0,1,1
0.254,0.41,0.311,0,0,1,1
0.254,0.41,0.314,0,0,1,1
0.254,0.41,0.317,0,0,1,1
0.254,0.41,0.32,0,0,1,1
0.254,0.41,0.323,0,0,1,1
0.254,0.41,0.326,0,0,1,1
0.254,0.41,0.329,0,0,1,1
0.254,0.41,0.332,0,0,1,1
0.254,0.41,0.335,0,0,1,1
0.254,0.41,0.338,0,0,1,1
0.254,0.41,0.341,0,0,1,1
0.254,0.41,0.344,0,0,1,1
0.254,0.41,0.347,0,0,1,1
0.254,0.41,0.35,0,0,1,1
0.254,0.41,0.353,0,0,1,1
0.254,0.41,0.356,0,0,1,1
0.254,0.41,0.359,0,0,1,1
0.254,0.41,0.362,0,0,1,1
0.254,0.41,0.365,0,0,1,1
0.254,0.41,0.368,0,0,1,1
0.254,0.41,0.371,0,0,1,1
0.254,0.41,0.374,0,0,1,1
0.254,0.41,0.377,0,0,1,1
0.254,0.41,0.38,0,0,1,1
0.254,0.41,0.383,0,0,1,1
0.254,0.41,0.386,0,0,1,1
0.254,0.41,0.389,0,0,1,1
0.254,0.41,0.392,0,0,1,1
0.254,0.41,0.395,0,0,1,1
0.254,0.41,0.398,0,0,1,1
0.254,0.41,0.401,0,0,1,1
0.254,0.41,0.404,0,0,1,1
0.254,0.41,0.407,0,0,1,1
0.254,0.41,0.41,0,0,1,1
0.254,0.41,0.413,0,0,1,1
0.254,0.41,0.416,0,0,1,1
0.254,0.41,0.419,0,0,1,1
0.254,0.41,0.422,0,0,1,1
0.254,0.41,0.425,0,0,1,1
0.254,0.41,0.427999,0,0,1,1
0.254,0.41,0.430999,0,0,1,1
0.254,0.41,0.433999,0,0,1,1
0.254,0.41,0.436999,0,0,1,1
0.254,0.41,0.439999,0,0,1,1
0.257,0.41,0.26,0,0,1,1
0.257,0.41,0.263,0,0,1,1
0.257,0.41,0.266,0,0,1,1
0.257,0.41,0.269,0,0,1,1
0.257,0.41,0.272,0,0,1,1
0.257,0.41,0.275,0,0,1,1
0.257,0.41,0.278,0,0,1,1
0.257,0.41,0.281,0,0,1,1
0.257,0.41,0.284,0,0,1,1
0.257,0.41,0.287,0,0,1,1
0.257,0.41,0.29,0,0,1,1
0.257,0.41,0.293,0,0,1,1
0.257,0.41,0.296,0,0,1,1
0.257,0.41,0.299,0,0,1,1
0.257,0.41,0.302,0,0,1,1
0.257,0.41,0.305,0,0,1,1
0.257,0.41,0.308,0,0,1,1
0.257,0.41,0.311,0,0,1,1
0.257,0.41,0.314,0,0,1,1
0.257,0.41,0.317,0,0,1,1
0.257,0.41,0.32,0,0,1,1
0.257,0.41,0.323,0,0,1,1
0.257,0.41,0.326,0,0,1,1
0.257,0.41,0.329,0,0,1,1
0.257,0.41,0.332,0,0,1,1
0.257,0.41,0.335,0,0,1,1
0.257,0.41,0.338,0,0,1,1
0.257,0.41,0.341,0,0,1,1
0.257,0.41,0.344,0,0,1,1
0.257,0.41,0.347,0,0,1,1
0.257,0.41,0.35,0,0,1,1
0.257,0.41,0.353,0,0,1,1
0.257,0.41,0.356,0,0,1,1
0.257,0.41,0.359,0,0,1,1
0.257,0.41,0.362,0,0,1,1
0.257,0.41,0.365,0,0,1,1
0.257,0.41,0.368,0,0,1,1
0.257,0.41,0.371,0,0,1,1
0.257,0.41,0.374,0,0,1,1
0.257,0.41,0.377,0,0,1,1
0.257,0.41,0.38,0,0,1,1
0.257,0.41,0.383,0,0,1,1
0.257,0.41,0.386,0,0,1,1
0.257,0.41,0.389,0,0,1,1
0.257,0.41,0.392,0,0,1,1
0.257,0.41,0.395,0,0,1,1
0.257,0.41,0.398,0,0,1,1
0.257,0.41,0.401,0,0,1,1
0.257,0.41,0.404,0,0,1,1
0.257,0.41,0.407,0,0,1,1
0.257,0.41,0.41,0,0,1,1
0.257,0.41,0.413,0,0,1,1
0.257,0.41,0.416,0,0,1,1
0.257,0.41,0.419,0,0,1,1
0.257,0.41,0.422,0,0,1,1
0.257,0.41,0.425,0,0,1,1
0.257,0.41,0.427999,0,0,1,1
0.257,0.41,0.430999,0,0,1,1
0.257,0.41,0.433999,0,0,1,1
0.257,0.41,0.436999,0,0,1,1
0.257,0.41,0.439999,0,0,1,1
0.26,0.41,0.26,0,0,1,1
0.26,0.41,0.263,0,0,1,1
0.26,0.41,0.266,0,0,1,1
0.26,0.41,0.269,0,0,1,1
0.26,0.41,0.272,0,0,1,1
0.26,0.41,0.275,0,0,1,1
0.26,0.41,0.278,0,0,1,1
0.26,0.41,0.281,0,0,1,1
0.26,0.41,0.284,0,0,1,1
0.26,0.41,0.287,0,0,1,1
0.26,0.41,0.29,0,0,1,1
0.26,0.41,0.293,0,0,1,1
0.26,0.41,0.296,0,0,1,1
0.26,0.41,0.299,0,0,1,1
0.26,0.41,0.302,0,0,1,1
0.26,0.41,0.305,0,0,1,1
0.26,0.41,0.308,0,0,1,1
0.26,0.41,0.311,0,0,1,1
0.26,0.41,0.314,0,0,1,1
0.26,0.41,0.317,0,0,1,1
0.26,0.41,0.32,0,0,1,1
0.26,0.41,0.323,0,0,1,1
0.26,0.41,0.326,0,0,1,1
0.26,0.41,0.329,0,0,1,1
0.26,0.41,0.332,0,0,1,1
0.26,0.41,0.335,0,0,1,1
0.26,0.41,0.338,0,0,1,1
0.26,0.41,0.341,0,0,1,1
0.26,0.41,0.344,0,0,1,1
0.26,0.41,0.347,0,0,1,1
0.26,0.41,0.35,0,0,1,1
0.26,0.41,0.353,0,0,1,1
0.26,0.41,0.356,0,0,1,1
0.26,0.41,0.359,0,0,1,1
0.26,0.41,0.362,0,0,1,1
0.26,0.41,0.365,0,0,1,1
0.26,0.41,0.368,0,0,1,1
0.26,0.41,0.371,0,0,1,1
0.26,0.41,0.374,0,0,1,1
0.26,0.41,0.377,0,0,1,1
0.26,0.41,0.38,0,0,1,1
0.26,0.41,0.383,0,0,1,1
0.26,0.41,0.386,0,0,1,1
0.26,0.41,0.389,0,0,1,1
0.26,0.41,0.392,0,0,1,1
0.26,0.41,0.395,0,0,1,1
0.26,0.41,0.398,0,0,1,1
0.26,0.41,0.401,0,0,1,1
0.26,0.41,0.404,0,0,1,1
0.26,0.41,0.407,0,0,1,1
0.26,0.41,0.41,0,0,1,1
0.26,0.41,0.413,0,0,1,1
0.26,0.41,0.416,0,0,1,1
0.26,0.41,0.419,0,0,1,1
0.26,0.41,0.422,0,0,1,1
0.26,0.41,0.425,0,0,1,1
0.26,0.41,0.427999,0,0,1,1
0.26,0.41,0.430999,0,0,1,1
0.26,0.41,0.433999,0,0,1,1
0.26,0.41,0.436999,0,0,1,1
0.26,0.41,0.439999,0,0,1,1
0.263,0.41,0.26,0,0,1,1
0.263,0.41,0.263,0,0,1,1
0.263,0.41,0.266,0,0,1,1
0.263,0.41,0.269,0,0,1,1
0.263,0.41,0.272,0,0,1,1
0.263,0.41,0.275,0,0,1,1
0.263,0.41,0.278,0,0,1,1
0.263,0.41,0.281,0,0,1,1
0.263,0.41,0.284,0,0,1,1
0.263,0.41,0.287,0,0,1,1
0.263,0.41,0.29,0,0,1,1
0.263,0.41,0.293,0,0,1,1
0.263,0.41,0.296,0,0,1,1
0.263,0.41,0.299,0,0,1,1
0.263,0.41,0.302,0,0,1,1
0.263,0.41,0.305,0,0,1,1
0.263,0.41,0.308,0,0,1,1
0.263,0.41,0.311,0,0,1,1
0.263,0.41,0.314,0,0,1,1
0.263,0.41,0.317,0,0,1,1
0.263,0.41,0.32,0,0,1,1
0.263,0.41,0.323,0,0,1,1
0.263,0.41,0.326,0,0,1,1
0.263,0.41,0.329,0,0,1,1
0.263,0.41,0.332,0,0,1,1
0.263,0.41,0.335,0,0,1,1
0.263,0.41,0.338,0,0,1,1
0.263,0.41,0.341,0,0,1,1
0.263,0.41,0.344,0,0,1,1
0.263,0.41,0.347,0,0,1,1
0.263,0.41,0.35,0,0,1,1
0.263,0.41,0.353,0,0,1,1
0.263,0.41,0.356,0,0,1,1
0.263,0.41,0.359,0,0,1,1
0.263,0.41,0.362,0,0,1,1
0.263,0.41,0.365,0,0,1,1
0.263,0.41,0.368,0,0,1,1
0.263,0.41,0.371,0,0,1,1
0.263,0.41,0.374,0,0,1,1
0.263,0.41,0.377,0,0,1,1
0.263,0.41,0.38,0,0,1,1
0.263,0.41,0.383,0,0,1,1
0.263,0.41,0.386,0,0,1,1
0.263,0.41,0.389,0,0,1,1
0.263,0.41,0.392,0,0,1,1
0.263,0.41,0.395,0,0,1,1
0.263,0.41,0.398,0,0,1,1
0.263,0.41,0.401,0,0,1,1
0.263,0.41,0.404,0,0,1,1
0.263,0.41,0.407,0,0,1,1
0.263,0.41,0.41,0,0,1,1
0.263,0.41,0.413,0,0,1,1
0.263,0.41,0.416,0,0,1,1
0.263,0.41,0.419,0,0,1,1
0.263,0.41,0.422,0,0,1,1
0.263,0.41,0.425,0,0,1,1
0.263,0.41,0.427999,0,0,1,1
0.263,0.41,0.430999,0,0,1,1
0.263,0.41,0.433999,0,0,1,1
0.263,0.41,0.436999,0,0,1,1
0.263,0.41,0.439999,0,0,1,1
0.266,0.41,0.26,0,0,1,1
0.266,0.41,0.263,0,0,1,1
0.266,0.41,0.266,0,0,1,1
0.266,0.41,0.269,0,0,1,1
0.266,0.41,0.272,0,0,1,1
0.266,0.41,0.275,0,0,1,1
0.266,0.41,0.278,0,0,1,1
0.266,0.41,0.281,0,0,1,1
0.266,0.41,0.284,0,0,1,1
0.266,0.41,0.287,0,0,1,1
0.266,0.41,0.29,0,0,1,1
0.266,0.41,0.293,0,0,1,1
0.266,0.41,0.296,0,0,1,1
0.266,0.41,0.299,0,0,1,1
0.266,0.41,0.302,0,0,1,1
0.266,0.41,0.305,0,0,1,1
0.266,0.41,0.308,0,0,1,1
0.266,0.41,0.311,0,0,1,1
0.266,0.41,0.314,0,0,1,1
0.266,0.41,0.317,0,0,1,1
0.266,0.41,0.32,0,0,1,1
0.266,0.41,0.323,0,0,1,1
0.266,0.41,0.326,0,0,1,1
0.266,0.41,0.329,0,0,1,1
0.266,0.41,0.332,0,0,1,1
0.266,0.41,0.335,0,0,1,1
0.266,0.41,0.338,0,0,1,1
0.266,0.41,0.341,0,0,1,1
0.266,0.41,0.344,0,0,1,1
0.266,0.41,0.347,0,0,1,1
0.266,0.41,0.35,0,0,1,1
0.266,0.41,0.353,0,0,1,1
0.266,0.41,0.356,0,0,1,1
0.266,0.41,0.359,0,0,1,1
0.266,0.41,0.362,0,0,1,1
0.266,0.41,0.365,0,0,1,1
0.266,0.41,0.368,0,0,1,1
0.266,0.41,0.371,0,0,1,1
0.266,0.41,0.374,0,0,1,1
0.266,0.41,0.377,0,0,1,1
0.266,0.41,0.38,0,0,1,1
0.266,0.41,0.383,0,0,1,1
0.266,0.41,0.386,0,0,1,1
0.266,0.41,0.389,0,0,1,1
0.266,0.41,0.392,0,0,1,1
0.266,0.41,0.395,0,0,1,1
0.266,0.41,0.398,0,0,1,1
0.266,0.41,0.401,0,0,1,1
0.266,0.41,0.404,0,0,1,1
0.266,0.41,0.407,0,0,1,1
0.266,0.41,0.41,0,0,1,1
0.266,0.41,0.413,0,0,1,1
0.266,0.41,0.416,0,0,1,1
0.266,0.41,0.419,0,0,1,1
0.266,0.41,0.422,0,0,1,1
0.266,0.41,0.425,0,0,1,1
0.266,0.41,0.427999,0,0,1,1
0.266,0.41,0.430999,0,0,1,1
0.266,0.41,0.433999,0,0,1,1
0.266,0.41,0.436999,0,0,1,1
0.266,0.41,0.439999,0,0,1,1
0.269,0.41,0.26,0,0,1,1
0.269,0.41,0.263,0,0,1,1
0.269,0.41,0.266,0,0,1,1
0.269,0.41,0.269,0,0,1,1
0.269,0.41,0.272,0,0,1,1
0.269,0.41,0.275,0,0,1,1
0.269,0.41,0.278,0,0,1,1
0.269,0.41,0.281,0,0,1,1
0.269,0.41,0.284,0,0,1,1
0.269,0.41,0.287,0,0,1,1
0.269,0.41,0.29,0,0,1,1
0.269,0.41,0.293,0,0,1,1
0.269,0.41,0.296,0,0,1,1
0.269,0.41,0.299,0,0,1,1
0.269,0.41,0.302,0,0,1,1
0.269,0.41,0.305,0,0,1,1
0.269,0.41,0.308,0,0,1,1
0.269,0.41,0.311,0,0,1,1
0.269,0.41,0.314,0,0,1,1
0.269,0.41,0.317,0,0,1,1
0.269,0.41,0.32,0,0,1,1
0.269,0.41,0.323,0,0,1,1
0.269,0.41,0.326,0,0,1,1
0.269,0.41,0.329,0,0,1,1
0.269,0.41,0.332,0,0,1,1
0.269,0.41,0.335,0,0,1,1
0.269,0.41,0.338,0,0,1,1
0.269,0.41,0.341,0,0,1,1
0.269,0.41,0.344,0,0,1,1
0.269,0.41,0.347,0,0,1,1
0.269,0.41,0.35,0,0,1,1
0.269,0.41,0.353,0,0,1,1
0.269,0.41,0.356,0,0,1,1
0.269,0.41,0.359,0,0,1,1
0.269,0.41,0.362,0,0,1,1
0.269,0.41,0.365,0,0,1,1
0.269,0.41,0.368,0,0,1,1
0.269,0.41,0.371,0,0,1,1
0.269,0.41,0.374,0,0,1,1
0.269,0.41,0.377,0,0,1,1
0.269,0.41,0.38,0,0,1,1
0.269,0.41,0.383,0,0,1,1
0.269,0.41,0.386,0,0,1,1
0.269,0.41,0.389,0,0,1,1
0.269,0.41,0.392,0,0,1,1
0.269,0.41,0.395,0,0,1,1
0.269,0.41,0.398,0,0,1,1
0.269,0.41,0.401,0,0,1,1
0.269,0.41,0.404,0,0,1,1
0.269,0.41,0.407,0,0,1,1
0.269,0.41,0.41,0,0,1,1
0.269,0.41,0.413,0,0,1,1
0.269,0.41,0.416,0,0,1,1
0.269,0.41,0.419,0,0,1,1
0.269,0.41,0.422,0,0,1,1
0.269,0.41,0.425,0,0,1,1
0.269,0.41,0.427999,0,0,1,1
0.269,0.41,0.430999,0,0,1,1
0.269,0.41,0.433999,0,0,1,1
0.269,0.41,0.436999,0,0,1,1
0.269,0.41,0.439999,0,0,1,1
0.272,0.41,0.26,0,0,1,1
0.272,0.41,0.263,0,0,1,1
0.272,0.41,0.266,0,0,1,1
0.272,0.41,0.269,0,0,1,1
0.272,0.41,0.272,0,0,1,1
0.272,0.41,0.275,0,0,1,1
0.272,0.41,0.278,0,0,1,1
0.272,0.41,0.281,0,0,1,1
0.272,0.41,0.284,0,0,1,1
0.272,0.41,0.287,0,0,1,1
0.272,0.41,0.29,0,0,1,1
0.272,0.41,0.293,0,0,1,1
0.272,0.41,0.296,0,0,1,1
0.272,0.41,0.299,0,0,1,1
0.272,0.41,0.302,0,0,1,1
0.272,0.41,0.305,0,0,1,1
0.272,0.41,0.308,0,0,1,1
0.272,0.41,0.311,0,0,1,1
0.272,0.41,0.314,0,0,1,1
0.272,0.41,0.317,0,0,1,1
0.272,0.41,0.32,0,0,1,1
0.272,0.41,0.323,0,0,1,1
0.272,0.41,0.326,0,0,1,1
0.272,0.41,0.329,0,0,1,1
0.272,0.41,0.332,0,0,1,1
0.272,0.41,0.335,0,0,1,1
0.272,0.41,0.338,0,0,1,1
0.272,0.41,0.341,0,0,1,1
0.272,0.41,0.344,0,0,1,1
0.272,0.41,0.347,0,0,1,1
0.272,0.41,0.35,0,0,1,1
0.272,0.41,0.353,0,0,1,1
0.272,0.41,0.356,0,0,1,1
0.272,0.41,0.359,0,0,1,1
0.272,0.41,0.362,0,0,1,1
0.272,0.41,0.365,0,0,1,1
0.272,0.41,0.368,0,0,1,1
0.272,0.41,0.371,0,0,1,1
0.272,0.41,0.374,0,0,1,1
0.272,0.41,0.377,0,0,1,1
0.272,0.41,0.38,0,0,1,1
0.272,0.41,0.383,0,0,1,1
0.272,0.41,0.386,0,0,1,1
0.272,0.41,0.389,0,0,1,1
0.272,0.41,0.392,0,0,1,1
0.272,0.41,0.395,0,0,1,1
0.272,0.41,0.398,0,0,1,1
0.272,0.41,0.401,0,0,1,1
0.272,0.41,0.404,0,0,1,1
0.272,0.41,0.407,0,0,1,1
0.272,0.41,0.41,0,0,1,1
0.272,0.41,0.413,0,0,1,1
0.272,0.41,0.416,0,0,1,1
0.272,0.41,0.419,0,0,1,1
0.272,0.41,0.422,0,0,1,1
0.272,0.41,0.425,0,0,1,1
0.272,0.41,0.427999,0,0,1,1
0.272,0.41,0.430999,0,0,1,1
0.272,0.41,0.433999,0,0,1,1
0.272,0.41,0.436999,0,0,1,1
0.272,0.41,0.439999,0,0,1,1
0.275,0.41,0.26,0,0,1,1
0.275,0.41,0.263,0,0,1,1
0.275,0.41,0.266,0,0,1,1
0.275,0.41,0.269,0,0,1,1
0.275,0.41,0.272,0,0,1,1
0.275,0.41,0.275,0,0,1,1
0.275,0.41,0.278,0,0,1,1
0.275,0.41,0.281,0,0,1,1
0.275,0.41,0.284,0,0,1,1
0.275,0.41,0.287,0,0,1,1
0.275,0.41,0.29,0,0,1,1
0.275,0.41,0.293,0,0,1,1
0.275,0.41,0.296,0,0,1,1
0.275,0.41,0.299,0,0,1,1
0.275,0.41,0.302,0,0,1,1
0.275,0.41,0.305,0,0,1,1
0.275,0.41,0.308,0,0,1,1
0.275,0.41,0.311,0,0,1,1
0.275,0.41,0.314,0,0,1,1
0.275,0.41,0.317,0,0,1,1
0.275,0.41,0.32,0,0,1,1
0.275,0.41,0.323,0,0,1,1
0.275,0.41,0.326,0,0,1,1
0.275,0.41,0.329,0,0,1,1
0.275,0.41,0.332,0,0,1,1
0.275,0.41,0.335,0,0,1,1
0.275,0.41,0.338,0,0,1,1
0.275,0.41,0.341,0,0,1,1
0.275,0.41,0.344,0,0,1,1
0.275,0.41,0.347,0,0,1,1
0.275,0.41,0.35,0,0,1,1
0.275,0.41,0.353,0,0,1,1
0.275,0.41,0.356,0,0,1,1
0.275,0.41,0.359,0,0,1,1
0.275,0.41,0.362,0,0,1,1
0.275,0.41,0.365,0,0,1,1
0.275,0.41,0.368,0,0,1,1
0.275,0.41,0.371,0,0,1,1
0.275,0.41,0.374,0,0,1,1
0.275,0.41,0.377,0,0,1,1
0.275,0.41,0.38,0,0,1,1
0.275,0.41,0.383,0,0,1,1
0.275,0.41,0.386,0,0,1,1
0.275,0.41,0.389,0,0,1,1
0.275,0.41,0.392,0,0,1,1
0.275,0.41,0.395,0,0,1,1
0.275,0.41,0.398,0,0,1,1
0.275,0.41,0.401,0,0,1,1
0.275,0.41,0.404,0,0,1,1
0.275,0.41,0.407,0,0,1,1
0.275,0.41,0.41,0,0,1,1
0.275,0.41,0.413,0,0,1,1
0.275,0.41,0.416,0,0,1,1
0.275,0.41,0.419,0,0,1,1
0.275,0.41,0.422,0,0,1,1
0.275,0.41,0.425,0,0,1,1
0.275,0.41,0.427999,0,0,1,1
0.275,0.41,0.430999,0,0,1,1
0.275,0.41,0.433999,0,0,1,1
0.275,0.41,0.436999,0,0,1,1
0.275,0.41,0.439999,0,0,1,1
0.278,0.41,0.26,0,0,1,1
0.278,0.41,0.263,0,0,1,1
0.278,0.41,0.266,0,0,1,1
0.278,0.41,0.269,0,0,1,1
0.278,0.41,0.272,0,0,1,1
0.278,0.41,0.275,0,0,1,1
0.278,0.41,0.278,0,0,1,1
0.278,0.41,0.281,0,0,1,1
0.278,0.41,0.284,0,0,1,1
0.278,0.41,0.287,0,0,1,1
0.278,0.41,0.29,0,0,1,1
0.278,0.41,0.293,0,0,1,1
0.278,0.41,0.296,0,0,1,1
0.278,0.41,0.299,0,0,1,1
0.278,0.41,0.302,0,0,1,1
0.278,0.41,0.305,0,0,1,1
0.278,0.41,0.308,0,0,1,1
0.278,0.41,0.311,0,0,1,1
0.278,0.41,0.314,0,0,1,1
0.278,0.41,0.317,0,0,1,1
0.278,0.41,0.32,0,0,1,1
0.278,0.41,0.323,0,0,1,1
0.278,0.41,0.326,0,0,1,1
0.278,0.41,0.329,0,0,1,1
0.278,0.41,0.332,0,0,1,1
0.278,0.41,0.335,0,0,1,1
0.278,0.41,0.338,0,0,1,1
0.278,0.41,0.341,0,0,1,1
0.278,0.41,0.344,0,0,1,1
0.278,0.41,0.347,0,0,1,1
0.278,0.41,0.35,0,0,1,1
0.278,0.41,0.353,0,0,1,1
0.278,0.41,0.356,0,0,1,1
0.278,0.41,0.359,0,0,1,1
0.278,0.41,0.362,0,0,1,1
0.278,0.41,0.365,0,0,1,1
0.278,0.41,0.368,0,0,1,1
0.278,0.41,0.371,0,0,1,1
0.278,0.41,0.374,0,0,1,1
0.278,0.41,0.377,0,0,1,1
0.278,0.41,0.38,0,0,1,1
0.278,0.41,0.383,0,0,1,1
0.278,0.41,0.386,0,0,1,1
0.278,0.41,0.389,0,0,1,1
0.278,0.41,0.392,0,0,1,1
0.278,0.41,0.395,0,0,1,1
0.278,0.41,0.398,0,0,1,1
0.278,0.41,0.401,0,0,1,1
0.278,0.41,0.404,0,0,1,1
0.278,0.41,0.407,0,0,1,1
0.278,0.41,0.41,0,0,1,1
0.278,0.41,0.413,0,0,1,1
0.278,0.41,0.416,0,0,1,1
0.278,0.41,0.419,0,0,1,1
0.278,0.41,0.422,0,0,1,1
0.278,0.41,0.425,0,0,1,1
0.278,0.41,0.427999,0,0,1,1
0.278,0.41,0.430999,0,0,1,1
0.278,0.41,0.433999,0,0,1,1
0.278,0.41,0.436999,0,0,1,1
0.278,0.41,0.439999,0,0,1,1
0.281,0.41,0.26,0,0,1,1
0.281,0.41,0.263,0,0,1,1
0.281,0.41,0.266,0,0,1,1
0.281,0.41,0.269,0,0,1,1
0.281,0.41,0.272,0,0,1,1
0.281,0.41,0.275,0,0,1,1
0.281,0.41,0.278,0,0,1,1
0.281,0.41,0.281,0,0,1,1
0.281,0.41,0.284,0,0,1,1
0.281,0.41,0.287,0,0,1,1
0.281,0.41,0.29,0,0,1,1
0.281,0.41,0.293,0,0,1,1
0.281,0.41,0.296,0,0,1,1
0.281,0.41,0.299,0,0,1,1
0.281,0.41,0.302,0,0,1,1
0.281,0.41,0.305,0,0,1,1
0.281,0.41,0.308,0,0,1,1
0.281,0.41,0.311,0,0,1,1
0.281,0.41,0.314,0,0,1,1
0.281,0.41,0.317,0,0,1,1
0.281,0.41,0.32,0,0,1,1
0.281,0.41,0.323,0,0,1,1
0.281,0.41,0.326,0,0,1,1
0.281,0.41,0.329,0,0,1,1
0.281,0.41,0.332,0,0,1,1
0.281,0.41,0.335,0,0,1,1
0.281,0.41,0.338,0,0,1,1
0.281,0.41,0.341,0,0,1,1
0.281,0.41,0.344,0,0,1,1
0.281,0.41,0.347,0,0,1,1
0.281,0.41,0.35,0,0,1,1
0.281,0.41,0.353,0,0,1,1
0.281,0.41,0.356,0,0,1,1
0.281,0.41,0.359,0,0,1,1
0.281,0.41,0.362,0,0,1,1
0.281,0.41,0.365,0,0,1,1
0.281,0.41,0.368,0,0,1,1
0.281,0.41,0.371,0,0,1,1
0.281,0.41,0.374,0,0,1,1
0.281,0.41,0.377,0,0,1,1
0.281,0.41,0.38,0,0,1,1
0.281,0.41,0.383,0,0,1,1
0.281,0.41,0.386,0,0,1,1
0.281,0.41,0.389,0,0,1,1
0.281,0.41,0.392,0,0,1,1
0.281,0.41,0.395,0,0,1,1
0.281,0.41,0.398,0,0,1,1
0.281,0.41,0.401,0,0,1,1
0.281,0.41,0.404,0,0,1,1
0.281,0.41,0.407,0,0,1,1
0.281,0.41,0.41,0,0,1,1
0.281,0.41,0.413,0,0,1,1
0.281,0.41,0.416,0,0,1,1
0.281,0.41,0.419,0,0,1,1
0.281,0.41,0.422,0,0,1,1
0.281,0.41,0.425,0,0,1,1
0.281,0.41,0.427999,0,0,1,1
0.281,0.41,0.430999,0,0,1,1
0.281,0.41,0.433999,0,0,1,1
0.281,0.41,0.436999,0,0,1,1
0.281,0.41,0.439999,0,0,1,1
0.284,0.41,0.26,0,0,1,1
0.284,0.41,0.263,0,0,1,1
0.284,0.41,0.266,0,0,1,1
0.284,0.41,0.269,0,0,1,1
0.284,0.41,0.272,0,0,1,1
0.284,0.41,0.275,0,0,1,1
0.284,0.41,0.278,0,0,1,1
0.284,0.41,0.281,0,0,1,1
0.284,0.41,0.284,0,0,1,1
0.284,0.41,0.287,0,0,1,1
0.284,0.41,0.29,0,0,1,1
0.284,0.41,0.293,0,0,1,1
0.284,0.41,0.296,0,0,1,1
0.284,0.41,0.299,0,0,1,1
0.284,0.41,0.302,0,0,1,1
0.284,0.41,0.305,0,0,1,1
0.284,0.41,0.308,0,0,1,1
0.284,0.41,0.311,0,0,1,1
0.284,0.41,0.314,0,0,1,1
0.284,0.41,0.317,0,0,1,1
0.284,0.41,0.32,0,0,1,1
0.284,0.41,0.323,0,0,1,1
0.284,0.41,0.326,0,0,1,1
0.284,0.41,0.329,0,0,1,1
0.284,0.41,0.332,0,0,1,1
0.284,0.41,0.335,0,0,1,1
0.284,0.41,0.338,0,0,1,1
0.284,0.41,0.341,0,0,1,1
0.284,0.41,0.344,0,0,1,1
0.284,0.41,0.347,0,0,1,1
0.284,0.41,0.35,0,0,1,1
0.284,0.41,0.353,0,0,1,1
0.284,0.41,0.356,0,0,1,1
0.284,0.41,0.359,0,0,1,1
0.284,0.41,0.362,0,0,1,1
0.284,0.41,0.365,0,0,1,1
0.284,0.41,0.368,0,0,1,1
0.284,0.41,0.371,0,0,1,1
0.284,0.41,0.374,0,0,1,1
0.284,0.41,0.377,0,0,1,1
0.284,0.41,0.38,0,0,1,1
0.284,0.41,0.383,0,0,1,1
0.284,0.41,0.386,0,0,1,1
0.284,0.41,0.389,0,0,1,1
0.284,0.41,0.392,0,0,1,1
0.284,0.41,0.395,0,0,1,1
0.284,0.41,0.398,0,0,1,1
0.284,0.41,0.401,0,0,1,1
0.284,0.41,0.404,0,0,1,1
0.284,0.41,0.407,0,0,1,1
0.284,0.41,0.41,0,0,1,1
0.284,0.41,0.413,0,0,1,1
0.284,0.41,0.416,0,0,1,1
0.284,0.41,0.419,0,0,1,1
0.284,0.41,0.422,0,0,1,1
0.284,0.41,0.425,0,0,1,1
0.284,0.41,0.427999,0,0,1,1
0.284,0.41,0.430999,0,0,1,1
0.284,0.41,0.433999,0,0,1,1
0.284,0.41,0.436999,0,0,1,1
0.284,0.41,0.439999,0,0,1,1
0.287,0.41,0.26,0,0,1,1
0.287,0.41,0.263,0,0,1,1
0.287,0.41,0.266,0,0,1,1
0.287,0.41,0.269,0,0,1,1
0.287,0.41,0.272,0,0,1,1
0.287,0.41,0.275,0,0,1,1
0.287,0.41,0.278,0,0,1,1
0.287,0.41,0.281,0,0,1,1
0.287,0.41,0.284,0,0,1,1
0.287,0.41,0.287,0,0,1,1
0.287,0.41,0.29,0,0,1,1
0.287,0.41,0.293,0,0,1,1
0.287,0.41,0.296,0,0,1,1
0.287,0.41,0.299,0,0,1,1
0.287,0.41,0.302,0,0,1,1
0.287,0.41,0.305,0,0,1,1
0.287,0.41,0.308,0,0,1,1
0.287,0.41,0.311,0,0,1,1
0.287,0.41,0.314,0,0,1,1
0.287,0.41,0.317,0,0,1,1
0.287,0.41,0.32,0,0,1,1
0.287,0.41,0.323,0,0,1,1
0.287,0.41,0.326,0,0,1,1
0.287,0.41,0.329,0,0,1,1
0.287,0.41,0.332,0,0,1,1
0.287,0.41,0.335,0,0,1,1
0.287,0.41,0.338,0,0,1,1
0.287,0.41,0.341,0,0,1,1
0.287,0.41,0.344,0,0,1,1
0.287,0.41,0.347,0,0,1,1
0.287,0.41,0.35,0,0,1,1
0.287,0.41,0.353,0,0,1,1
0.287,0.41,0.356,0,0,1,1
0.287,0.41,0.359,0,0,1,1
0.287,0.41,0.362,0,0,1,1
0.287,0.41,0.365,0,0,1,1
0.287,0.41,0.368,0,0,1,1
0.287,0.41,0.371,0,0,1,1
0.287,0.41,0.374,0,0,1,1
0.287,0.41,0.377,0,0,1,1
0.287,0.41,0.38,0,0,1,1
0.287,0.41,0.383,0,0,1,1
0.287,0.41,0.386,0,0,1,1
0.287,0.41,0.389,0,0,1,1
0.287,0.41,0.392,0,0,1,1
0.287,0.41,0.395,0,0,1,1
0.287,0.41,0.398,0,0,1,1
0.287,0.41,0.401,0,0,1,1
0.287,0.41,0.404,0,0,1,1
0.287,0.41,0.407,0,0,1,1
0.287,0.41,0.41,0,0,1,1
0.287,0.41,0.413,0,0,1,1
0.287,0.41,0.416,0,0,1,1
0.287,0.41,0.419,0,0,1,1
0.287,0.41,0.422,0,0,1,1
0.287,0.41,0.425,0,0,1,1
0.287,0.41,0.427999,0,0,1,1
0.287,0.41,0.430999,0,0,1,1
0.287,0.41,0.433999,0,0,1,1
0.287,0.41,0.436999,0,0,1,1
0.287,0.41,0.439999,0,0,1,1
0.29,0.41,0.26,0,0,1,1
0.29,0.41,0.263,0,0,1,1
0.29,0.41,0.266,0,0,1,1
0.29,0.41,0.269,0,0,1,1
0.29,0.41,0.272,0,0,1,1
0.29,0.41,0.275,0,0,1,1
0.29,0.41,0.278,0,0,1,1
0.29,0.41,0.281,0,0,1,1
0.29,0.41,0.284,0,0,1,1
0.29,0.41,0.287,0,0,1,1
0.29,0.41,0.29,0,0,1,1
0.29,0.41,0.293,0,0,1,1
0.29,0.41,0.296,0,0,1,1
0.29,0.41,0.299,0,0,1,1
0.29,0.41,0.302,0,0,1,1
0.29,0.41,0.305,0,0,1,1
0.29,0.41,0.308,0,0,1,1
0.29,0.41,0.311,0,0,1,1
0.29,0.41,0.314,0,0,1,1
0.29,0.41,0.317,0,0,1,1
0.29,0.41,0.32,0,0,1,1
0.29,0.41,0.323,0,0,1,1
0.29,0.41,0.326,0,0,1,1
0.29,0.41,0.329,0,0,1,1
0.29,0.41,0.332,0,0,1,1
0.29,0.41,0.335,0,0,1,1
0.29,0.41,0.338,0,0,1,1
0.29,0.41,0.341,0,0,1,1
0.29,0.41,0.344,0,0,1,1
0.29,0.41,0.347,0,0,1,1
0.29,0.41,0.35,0,0,1,1
0.29,0.41,0.353,0,0,1,1
0.29,0.41,0.356,0,0,1,1
0.29,0.41,0.359,0,0,1,1
0.29,0.41,0.362,0,0,1,1
0.29,0.41,0.365,0,0,1,1
0.29,0.41,0.368,0,0,1,1
0.29,0.41,0.371,0,0,1,1
0.29,0.41,0.374,0,0,1,1
0.29,0.41,0.377,0,0,1,1
0.29,0.41,0.38,0,0,1,1
0.29,0.41,0.383,0,0,1,1
0.29,0.41,0.386,0,0,1,1
0.29,0.41,0.389,0,0,1,1
0.29,0.41,0.392,0,0,1,1
0.29,0.41,0.395,0,0,1,1
0.29,0.41,0.398,0,0,1,1
0.29,0.41,0.401,0,0,1,1
0.29,0.41,0.404,0,0,1,1
0.29,0.41,0.407,0,0,1,1
0.29,0.41,0.41,0,0,1,1
0.29,0.41,0.413,0,0,1,1
0.29,0.41,0.416,0,0,1,1
0.29,0.41,0.419,0,0,1,1
0.29,0.41,0.422,0,0,1,1
0.29,0.41,0.425,0,0,1,1
0.29,0.41,0.427999,0,0,1,1
0.29,0.41,0.430999,0,0,1,1
0.29,0.41,0.433999,0,0,1,1
0.29,0.41,0.436999,0,0,1,1
0.29,0.41,0.439999,0,0,1,1
0.293,0.41,0.26,0,0,1,1
0.293,0.41,0.263,0,0,1,1
0.293,0.41,0.266,0,0,1,1
0.293,0.41,0.269,0,0,1,1
0.293,0.41,0.272,0,0,1,1
0.293,0.41,0.275,0,0,1,1
0.293,0.41,0.278,0,0,1,1
0.293,0.41,0.281,0,0,1,1
0.293,0.41,0.284,0,0,1,1
0.293,0.41,0.287,0,0,1,1
0.293,0.41,0.29,0,0,1,1
0.293,0.41,0.293,0,0,1,1
0.293,0.41,0.296,0,0,1,1
0.293,0.41,0.299,0,0,1,1
0.293,0.41,0.302,0,0,1,1
0.293,0.41,0.305,0,0,1,1
0.293,0.41,0.308,0,0,1,1
0.293,0.41,0.311,0,0,1,1
0.293,0.41,0.314,0,0,1,1
0.293,0.41,0.317,0,0,1,1
0.293,0.41,0.32,0,0,1,1
0.293,0.41,0.323,0,0,1,1
0.293,0.41,0.326,0,0,1,1
0.293,0.41,0.329,0,0,1,1
0.293,0.41,0.332,0,0,1,1
0.293,0.41,0.335,0,0,1,1
0.293,0.41,0.338,0,0,1,1
0.293,0.41,0.341,0,0,1,1
0.293,0.41,0.344,0,0,1,1
0.293,0.41,0.347,0,0,1,1
0.293,0.41,0.35,0,0,1,1
0.293,0.41,0.353,0,0,1,1
0.293,0.41,0.356,0,0,1,1
0.293,0.41,0.359,0,0,1,1
0.293,0.41,0.362,0,0,1,1
0.293,0.41,0.365,0,0,1,1
0.293,0.41,0.368,0,0,1,1
0.293,0.41,0.371,0,0,1,1
0.293,0.41,0.374,0,0,1,1
0.293,0.41,0.377,0,0,1,1
0.293,0.41,0.38,0,0,1,1
0.293,0.41,0.383,0,0,1,1
0.293,0.41,0.386,0,0,1,1
0.293,0.41,0.389,0,0,1,1
0.293,0.41,0.392,0,0,1,1
0.293,0.41,0.395,0,0,1,1
0.293,0.41,0.398,0,0,1,1
0.293,0.41,0.401,0,0,1,1
0.293,0.41,0.404,0,0,1,1
0.293,0.41,0.407,0,0,1,1
0.293,0.41,0.41,0,0,1,1
0.293,0.41,0.413,0,0,1,1
0.293,0.41,0.416,0,0,1,1
0.293,0.41,0.419,0,0,1,1
0.293,0.41,0.422,0,0,1,1
0.293,0.41,0.425,0,0,1,1
0.293,0.41,0.427999,0,0,1,1
0.293,0.41,0.430999,0,0,1,1
0.293,0.41,0.433999,0,0,1,1
0.293,0.41,0.436999,0,0,1,1
0.293,0.41,0.439999,0,0,1,1
0.296,0.41,0.26,0,0,1,1
0.296,0.41,0.263,0,0,1,1
0.296,0.41,0.266,0,0,1,1
0.296,0.41,0.269,0,0,1,1
0.296,0.41,0.272,0,0,1,1
0.296,0.41,0.275,0,0,1,1
0.296,0.41,0.278,0,0,1,1
0.296,0.41,0.281,0,0,1,1
0.296,0.41,0.284,0,0,1,1
0.296,0.41,0.287,0,0,1,1
0.296,0.41,0.29,0,0,1,1
0.296,0.41,0.293,0,0,1,1
0.296,0.41,0.296,0,0,1,1
0.296,0.41,0.299,0,0,1,1
0.296,0.41,0.302,0,0,1,1
0.296,0.41,0.305,0,0,1,1
0.296,0.41,0.308,0,0,1,1
0.296,0.41,0.311,0,0,1,1
0.296,0.41,0.314,0,0,1,1
0.296,0.41,0.317,0,0,1,1
0.296,0.41,0.32,0,0,1,1
0.296,0.41,0.323,0,0,1,1
0.296,0.41,0.326,0,0,1,1
0.296,0.41,0.329,0,0,1,1
0.296,0.41,0.332,0,0,1,1
0.296,0.41,0.335,0,0,1,1
0.296,0.41,0.338,0,0,1,1
0.296,0.41,0.341,0,0,1,1
0.296,0.41,0.344,0,0,1,1
0.296,0.41,0.347,0,0,1,1
0.296,0.41,0.35,0,0,1,1
0.296,0.41,0.353,0,0,1,1
0.296,0.41,0.356,0,0,1,1
0.296,0.41,0.359,0,0,1,1
0.296,0.41,0.362,0,0,1,1
0.296,0.41,0.365,0,0,1,1
0.296,0.41,0.368,0,0,1,1
0.296,0.41,0.371,0,0,1,1
0.296,0.41,0.374,0,0,1,1
0.296,0.41,0.377,0,0,1,1
0.296,0.41,0.38,0,0,1,1
0.296,0.41,0.383,0,0,1,1
0.296,0.41,0.386,0,0,1,1
0.296,0.41,0.389,0,0,1,1
0.296,0.41,0.392,0,0,1,1
0.296,0.41,0.395,0,0,1,1
0.296,0.41,0.398,0,0,1,1
0.296,0.41,0.401,0,0,1,1
0.296,0.41,0.404,0,0,1,1
0.296,0.41,0.407,0,0,1,1
0.296,0.41,0.41,0,0,1,1
0.296,0.41,0.413,0,0,1,1
0.296,0.41,0.416,0,0,1,1
0.296,0.41,0.419,0,0,1,1
0.296,0.41,0.422,0,0,1,1
0.296,0.41,0.425,0,0,1,1
0.296,0.41,0.427999,0,0,1,1
0.296,0.41,0.430999,0,0,1,1
0.296,0.41,0.433999,0,0,1,1
0.296,0.41,0.436999,0,0,1,1
0.296,0.41,0.439999,0,0,1,1
0.299,0.41,0.26,0,0,1,1
0.299,0.41,0.263,0,0,1,1
0.299,0.41,0.266,0,0,1,1
0.299,0.41,0.269,0,0,1,1
0.299,0.41,0.272,0,0,1,1
0.299,0.41,0.275,0,0,1,1
0.299,0.41,0.278,0,0,1,1
0.299,0.41,0.281,0,0,1,1
0.299,0.41,0.284,0,0,1,1
0.299,0.41,0.287,0,0,1,1
0.299,0.41,0.29,0,0,1,1
0.299,0.41,0.293,0,0,1,1
0.299,0.41,0.296,0,0,1,1
0.299,0.41,0.299,0,0,1,1
0.299,0.41,0.302,0,0,1,1
0.299,0.41,0.305,0,0,1,1
0.299,0.41,0.308,0,0,1,1
0.299,0.41,0.311,0,0,1,1
0.299,0.41,0.314,0,0,1,1
0.299,0.41,0.317,0,0,1,1
0.299,0.41,0.32,0,0,1,1
0.299,0.41,0.323,0,0,1,1
0.299,0.41,0.326,0,0,1,1
0.299,0.41,0.329,0,0,1,1
0.299,0.41,0.332,0,0,1,1
0.299,0.41,0.335,0,0,1,1
0.299,0.41,0.338,0,0,1,1
0.299,0.41,0.341,0,0,1,1
0.299,0.41,0.344,0,0,1,1
0.299,0.41,0.347,0,0,1,1
0.299,0.41,0.35,0,0,1,1
0.299,0.41,0.353,0,0,1,1
0.299,0.41,0.356,0,0,1,1
0.299,0.41,0.359,0,0,1,1
0.299,0.41,0.362,0,0,1,1
0.299,0.41,0.365,0,0,1,1
0.299,0.41,0.368,0,0,1,1
0.299,0.41,0.371,0,0,1,1
0.299,0.41,0.374,0,0,1,1
0.299,0.41,0.377,0,0,1,1
0.299,0.41,0.38,0,0,1,1
0.299,0.41,0.383,0,0,1,1
0.299,0.41,0.386,0,0,1,1
0.299,0.41,0.389,0,0,1,1
0.299,0.41,0.392,0,0,1,1
0.299,0.41,0.395,0,0,1,1
0.299,0.41,0.398,0,0,1,1
0.299,0.41,0.401,0,0,1,1
0.299,0.41,0.404,0,0,1,1
0.299,0.41,0.407,0,0,1,1
0.299,0.41,0.41,0,0,1,1
0.299,0.41,0.413,0,0,1,1
0.299,0.41,0.416,0,0,1,1
0.299,0.41,0.419,0,0,1,1
0.299,0.41,0.422,0,0,1,1
0.299,0.41,0.425,0,0,1,1
0.299,0.41,0.427999,0,0,1,1
0.299,0.41,0.430999,0,0,1,1
0.299,0.41,0.433999,0,0,1,1
0.299,0.41,0.436999,0,0,1,1
0.299,0.41,0.439999,0,0,1,1
0.302,0.41,0.26,0,0,1,1
0.302,0.41,0.263,0,0,1,1
0.302,0.41,0.266,0,0,1,1
0.302,0.41,0.269,0,0,1,1
0.302,0.41,0.272,0,0,1,1
0.302,0.41,0.275,0,0,1,1
0.302,0.41,0.278,0,0,1,1
0.302,0.41,0.281,0,0,1,1
0.302,0.41,0.284,0,0,1,1
0.302,0.41,0.287,0,0,1,1
0.302,0.41,0.29,0,0,1,1
0.302,0.41,0.293,0,0,1,1
0.302,0.41,0.296,0,0,1,1
0.302,0.41,0.299,0,0,1,1
0.302,0.41,0.302,0,0,1,1
0.302,0.41,0.305,0,0,1,1
0.302,0.41,0.308,0,0,1,1
0.302,0.41,0.311,0,0,1,1
0.302,0.41,0.314,0,0,1,1
0.302,0.41,0.317,0,0,1,1
0.302,0.41,0.32,0,0,1,1
0.302,0.41,0.323,0,0,1,1
0.302,0.41,0.326,0,0,1,1
0.302,0.41,0.329,0,0,1,1
0.302,0.41,0.332,0,0,1,1
0.302,0.41,0.335,0,0,1,1
0.302,0.41,0.338,0,0,1,1
0.302,0.41,0.341,0,0,1,1
0.302,0.41,0.344,0,0,1,1
0.302,0.41,0.347,0,0,1,1
0.302,0.41,0.35,0,0,1,1
0.302,0.41,0.353,0,0,1,1
0.302,0.41,0.356,0,0,1,1
0.302,0.41,0.359,0,0,1,1
0.302,0.41,0.362,0,0,1,1
0.302,0.41,0.365,0,0,1,1
0.302,0.41,0.368,0,0,1,1
0.302,0.41,0.371,0,0,1,1
0.302,0.41,0.374,0,0,1,1
0.302,0.41,0.377,0,0,1,1
0.302,0.41,0.38,0,0,1,1
0.302,0.41,0.383,0,0,1,1
0.302,0.41,0.386,0,0,1,1
0.302,0.41,0.389,0,0,1,1
0.302,0.41,0.392,0,0,1,1
0.302,0.41,0.395,0,0,1,1
0.302,0.41,0.398,0,0,1,1
0.302,0.41,0.401,0,0,1,1
0.302,0.41,0.404,0,0,1,1
0.302,0.41,0.407,0,0,1,1
0.302,0.41,0.41,0,0,1,1
0.302,0.41,0.413,0,0,1,1
0.302,0.41,0.416,0,0,1,1
0.302,0.41,0.419,0,0,1,1
0.302,0.41,0.422,0,0,1,1
0.302,0.41,0.425,0,0,1,1
0.302,0.41,0.427999,0,0,1,1
0.302,0.41,0.430999,0,0,1,1
0.302,0.41,0.433999,0,0,1,1
0.302,0.41,0.436999,0,0,1,1
0.302,0.41,0.439999,0,0,1,1
0.305,0.41,0.26,0,0,1,1
0.305,0.41,0.263,0,0,1,1
0.305,0.41,0.266,0,0,1,1
0.305,0.41,0.269,0,0,1,1
0.305,0.41,0.272,0,0,1,1
0.305,0.41,0.275,0,0,1,1
0.305,0.41,0.278,0,0,1,1
0.305,0.41,0.281,0,0,1,1
0.305,0.41,0.284,0,0,1,1
0.305,0.41,0.287,0,0,1,1
0.305,0.41,0.29,0,0,1,1
0.305,0.41,0.293,0,0,1,1
0.305,0.41,0.296,0,0,1,1
0.305,0.41,0.299,0,0,1,1
0.305,0.41,0.302,0,0,1,1
0.305,0.41,0.305,0,0,1,1
0.305,0.41,0.308,0,0,1,1
0.305,0.41,0.311,0,0,1,1
0.305,0.41,0.314,0,0,1,1
0.305,0.41,0.317,0,0,1,1
0.305,0.41,0.32,0,0,1,1
0.305,0.41,0.323,0,0,1,1
0.305,0.41,0.326,0,0,1,1
0.305,0.41,0.329,0,0,1,1
0.305,0.41,0.332,0,0,1,1
0.305,0.41,0.335,0,0,1,1
0.305,0.41,0.338,0,0,1,1
0.305,0.41,0.341,0,0,1,1
0.305,0.41,0.344,0,0,1,1
0.305,0.41,0.347,0,0,1,1
0.305,0.41,0.35,0,0,1,1
0.305,0.41,0.353,0,0,1,1
0.305,0.41,0.356,0,0,1,1
0.305,0.41,0.359,0,0,1,1
0.305,0.41,0.362,0,0,1,1
0.305,0.41,0.365,0,0,1,1
0.305,0.41,0.368,0,0,1,1
0.305,0.41,0.371,0,0,1,1
0.305,0.41,0.374,0,0,1,1
0.305,0.41,0.377,0,0,1,1
0.305,0.41,0.38,0,0,1,1
0.305,0.41,0.383,0,0,1,1
0.305,0.41,0.386,0,0,1,1
0.305,0.41,0.389,0,0,1,1
0.305,0.41,0.392,0,0,1,1
0.305,0.41,0.395,0,0,1,1
0.305,0.41,0.398,0,0,1,1
0.305,0.41,0.401,0,0,1,1
0.305,0.41,0.404,0,0,1,1
0.305,0.41,0.407,0,0,1,1
0.305,0.41,0.41,0,0,1,1
0.305,0.41,0.413,0,0,1,1
0.305,0.41,0.416,0,0,1,1
0.305,0.41,0.419,0,0,1,1
0.305,0.41,0.422,0,0,1,1
0.305,0.41,0.425,0,0,1,1
0.305,0.41,0.427999,0,0,1,1
0.305,0.41,0.430999,0,0,1,1
0.305,0.41,0.433999,0,0,1,1
0.305,0.41,0.436999,0,0,1,1
0.305,0.41,0.439999,0,0,1,1
0.308,0.41,0.26,0,0,1,1
0.308,0.41,0.263,0,0,1,1
0.308,0.41,0.266,0,0,1,1
0.308,0.41,0.269,0,0,1,1
0.308,0.41,0.272,0,0,1,1
0.308,0.41,0.275,0,0,1,1
0.308,0.41,0.278,0,0,1,1
0.308,0.41,0.281,0,0,1,1
0.308,0.41,0.284,0,0,1,1
0.308,0.41,0.287,0,0,1,1
0.308,0.41,0.29,0,0,1,1
0.308,0.41,0.293,0,0,1,1
0.308,0.41,0.296,0,0,1,1
0.308,0.41,0.299,0,0,1,1
0.308,0.41,0.302,0,0,1,1
0.308,0.41,0.305,0,0,1,1
0.308,0.41,0.308,0,0,1,1
0.308,0.41,0.311,0,0,1,1
0.308,0.41,0.314,0,0,1,1
0.308,0.41,0.317,0,0,1,1
0.308,0.41,0.32,0,0,1,1
0.308,0.41,0.323,0,0,1,1
0.308,0.41,0.326,0,0,1,1
0.308,0.41,0.329,0,0,1,1
0.308,0.41,0.332,0,0,1,1
0.308,0.41,0.335,0,0,1,1
0.308,0.41,0.338,0,0,1,1
0.308,0.41,0.341,0,0,1,1
0.308,0.41,0.344,0,0,1,1
0.308,0.41,0.347,0,0,1,1
0.308,0.41,0.35,0,0,1,1
0.308,0.41,0.353,0,0,1,1
0.308,0.41,0.356,0,0,1,1
0.308,0.41,0.359,0,0,1,1
0.308,0.41,0.362,0,0,1,1
0.308,0.41,0.365,0,0,1,1
0.308,0.41,0.368,0,0,1,1
0.308,0.41,0.371,0,0,1,1
0.308,0.41,0.374,0,0,1,1
0.308,0.41,0.377,0,0,1,1
0.308,0.41,0.38,0,0,1,1
0.308,0.41,0.383,0,0,1,1
0.308,0.41,0.386,0,0,1,1
0.308,0.41,0.389,0,0,1,1
0.308,0.41,0.392,0,0,1,1
0.308,0.41,0.395,0,0,1,1
0.308,0.41,0.398,0,0,1,1
0.308,0.41,0.401,0,0,1,1
0.308,0.41,0.404,0,0,1,1
0.308,0.41,0.407,0,0,1,1
0.308,0.41,0.41,0,0,1,1
0.308,0.41,0.413,0,0,1,1
0.308,0.41,0.416,0,0,1,1
0.308,0.41,0.419,0,0,1,1
0.308,0.41,0.422,0,0,1,1
0.308,0.41,0.425,0,0,1,1
0.308,0.41,0.427999,0,0,1,1
0.308,0.41,0.430999,0,0,1,1
0.308,0.41,0.433999,0,0,1,1
0.308,0.41,0.436999,0,0,1,1
0.308,0.41,0.439999,0,0,1,1
0.311,0.41,0.26,0,0,1,1
0.311,0.41,0.263,0,0,1,1
0.311,0.41,0.266,0,0,1,1
0.311,0.41,0.269,0,0,1,1
0.311,0.41,0.272,0,0,1,1
0.311,0.41,0.275,0,0,1,1
0.311,0.41,0.278,0,0,1,1
0.311,0.41,0.281,0,0,1,1
0.311,0.41,0.284,0,0,1,1
0.311,0.41,0.287,0,0,1,1
0.311,0.41,0.29,0,0,1,1
0.311,0.41,0.293,0,0,1,1
0.311,0.41,0.296,0,0,1,1
0.311,0.41,0.299,0,0,1,1
0.311,0.41,0.302,0,0,1,1
0.311,0.41,0.305,0,0,1,1
0.311,0.41,0.308,0,0,1,1
0.311,0.41,0.311,0,0,1,1
0.311,0.41,0.314,0,0,1,1
0.311,0.41,0.317,0,0,1,1
0.311,0.41,0.32,0,0,1,1
0.311,0.41,0.323,0,0,1,1
0.311,0.41,0.326,0,0,1,1
0.311,0.41,0.329,0,0,1,1
0.311,0.41,0.332,0,0,1,1
0.311,0.41,0.335,0,0,1,1
0.311,0.41,0.338,0,0,1,1
0.311,0.41,0.341,0,0,1,1
0.311,0.41,0.344,0,0,1,1
0.311,0.41,0.347,0,0,1,1
0.311,0.41,0.35,0,0,1,1
0.311,0.41,0.353,0,0,1,1
0.311,0.41,0.356,0,0,1,1
0.311,0.41,0.359,0,0,1,1
0.311,0.41,0.362,0,0,1,1
0.311,0.41,0.365,0,0,1,1
0.311,0.41,0.368,0,0,1,1
0.311,0.41,0.371,0,0,1,1
0.311,0.41,0.374,0,0,1,1
0.311,0.41,0.377,0,0,1,1
0.311,0.41,0.38,0,0,1,1
0.311,0.41,0.383,0,0,1,1
0.311,0.41,0.386,0,0,1,1
0.311,0.41,0.389,0,0,1,1
0.311,0.41,0.392,0,0,1,1
0.311,0.41,0.395,0,0,1,1
0.311,0.41,0.398,0,0,1,1
0.311,0.41,0.401,0,0,1,1
0.311,0.41,0.404,0,0,1,1
0.311,0.41,0.407,0,0,1,1
0.311,0.41,0.41,0,0,1,1
0.311,0.41,0.413,0,0,1,1
0.311,0.41,0.416,0,0,1,1
0.311,0.41,0.419,0,0,1,1
0.311,0.41,0.422,0,0,1,1
0.311,0.41,0.425,0,0,1,1
0.311,0.41,0.427999,0,0,1,1
0.311,0.41,0.430999,0,0,1,1
0.311,0.41,0.433999,0,0,1,1
0.311,0.41,0.436999,0,0,1,1
0.311,0.41,0.439999,0,0,1,1
0.314,0.41,0.26,0,0,1,1
0.314,0.41,0.263,0,0,1,1
0.314,0.41,0.266,0,0,1,1
0.314,0.41,0.269,0,0,1,1
0.314,0.41,0.272,0,0,1,1
0.314,0.41,0.275,0,0,1,1
0.314,0.41,0.278,0,0,1,1
0.314,0.41,0.281,0,0,1,1
0.314,0.41,0.284,0,0,1,1
0.314,0.41,0.287,0,0,1,1
0.314,0.41,0.29,0,0,1,1
0.314,0.41,0.293,0,0,1,1
0.314,0.41,0.296,0,0,1,1
0.314,0.41,0.299,0,0,1,1
0.314,0.41,0.302,0,0,1,1
0.314,0.41,0.305,0,0,1,1
0.314,0.41,0.308,0,0,1,1
0.314,0.41,0.311,0,0,1,1
0.314,0.41,0.314,0,0,1,1
0.314,0.41,0.317,0,0,1,1
0.314,0.41,0.32,0,0,1,1
0.314,0.41,0.323,0,0,1,1
0.314,0.41,0.326,0,0,1,1
0.314,0.41,0.329,0,0,1,1
0.314,0.41,0.332,0,0,1,1
0.314,0.41,0.335,0,0,1,1
0.314,0.41,0.338,0,0,1,1
0.314,0.41,0.341,0,0,1,1
0.314,0.41,0.344,0,0,1,1
0.314,0.41,0.347,0,0,1,1
0.314,0.41,0.35,0,0,1,1
0.314,0.41,0.353,0,0,1,1
0.314,0.41,0.356,0,0,1,1
0.314,0.41,0.359,0,0,1,1
0.314,0.41,0.362,0,0,1,1
0.314,0.41,0.365,0,0,1,1
0.314,0.41,0.368,0,0,1,1
0.314,0.41,0.371,0,0,1,1
0.314,0.41,0.374,0,0,1,1
0.314,0.41,0.377,0,0,1,1
0.314,0.41,0.38,0,0,1,1
0.314,0.41,0.383,0,0,1,1
0.314,0.41,0.386,0,0,1,1
0.314,0.41,0.389,0,0,1,1
0.314,0.41,0.392,0,0,1,1
0.314,0.41,0.395,0,0,1,1
0.314,0.41,0.398,0,0,1,1
0.314,0.41,0.401,0,0,1,1
0.314,0.41,0.404,0,0,1,1
0.314,0.41,0.407,0,0,1,1
0.314,0.41,0.41,0,0,1,1
0.314,0.41,0.413,0,0,1,1
0.314,0.41,0.416,0,0,1,1
0.314,0.41,0.419,0,0,1,1
0.314,0.41,0.422,0,0,1,1
0.314,0.41,0.425,0,0,1,1
0.314,0.41,0.427999,0,0,1,1
0.314,0.41,0.430999,0,0,1,1
0.314,0.41,0.433999,0,0,1,1
0.314,0.41,0.436999,0,0,1,1
0.314,0.41,0.439999,0,0,1,1
0.317,0.41,0.26,0,0,1,1
0.317,0.41,0.263,0,0,1,1
0.317,0.41,0.266,0,0,1,1
0.317,0.41,0.269,0,0,1,1
0.317,0.41,0.272,0,0,1,1
0.317,0.41,0.275,0,0,1,1
0.317,0.41,0.278,0,0,1,1
0.317,0.41,0.281,0,0,1,1
0.317,0.41,0.284,0,0,1,1
0.317,0.41,0.287,0,0,1,1
0.317,0.41,0.29,0,0,1,1
0.317,0.41,0.293,0,0,1,1
0.317,0.41,0.296,0,0,1,1
0.317,0.41,0.299,0,0,1,1
0.317,0.41,0.302,0,0,1,1
0.317,0.41,0.305,0,0,1,1
0.317,0.41,0.308,0,0,1,1
0.317,0.41,0.311,0,0,1,1
0.317,0.41,0.314,0,0,1,1
0.317,0.41,0.317,0,0,1,1
0.317,0.41,0.32,0,0,1,1
0.317,0.41,0.323,0,0,1,1
0.317,0.41,0.326,0,0,1,1
0.317,0.41,0.329,0,0,1,1
0.317,0.41,0.332,0,0,1,1
0.317,0.41,0.335,0,0,1,1
0.317,0.41,0.338,0,0,1,1
0.317,0.41,0.341,0,0,1,1
0.317,0.41,0.344,0,0,1,1
0.317,0.41,0.347,0,0,1,1
0.317,0.41,0.35,0,0,1,1
0.317,0.41,0.353,0,0,1,1
0.317,0.41,0.356,0,0,1,1
0.317,0.41,0.359,0,0,1,1
0.317,0.41,0.362,0,0,1,1
0.317,0.41,0.365,0,0,1,1
0.317,0.41,0.368,0,0,1,1
0.317,0.41,0.371,0,0,1,1
0.317,0.41,0.374,0,0,1,1
0.317,0.41,0.377,0,0,1,1
0.317,0.41,0.38,0,0,1,1
0.317,0.41,0.383,0,0,1,1
0.317,0.41,0.386,0,0,1,1
0.317,0.41,0.389,0,0,1,1
0.317,0.41,0.392,0,0,1,1
0.317,0.41,0.395,0,0,1,1
0.317,0.41,0.398,0,0,1,1
0.317,0.41,0.401,0,0,1,1
0.317,0.41,0.404,0,0,1,1
0.317,0.41,0.407,0,0,1,1
0.317,0.41,0.41,0,0,1,1
0.317,0.41,0.413,0,0,1,1
0.317,0.41,0.416,0,0,1,1
0.317,0.41,0.419,0,0,1,1
0.317,0.41,0.422,0,0,1,1
0.317,0.41,0.425,0,0,1,1
0.317,0.41,0.427999,0,0,1,1
0.317,0.41,0.430999,0,0,1,1
0.317,0.41,0.433999,0,0,1,1
0.317,0.41,0.436999,0,0,1,1
0.317,0.41,0.439999,0,0,1,1
0.32,0.41,0.26,0,0,1,1
0.32,0.41,0.263,0,0,1,1
0.32,0.41,0.266,0,0,1,1
0.32,0.41,0.269,0,0,1,1
0.32,0.41,0.272,0,0,1,1
0.32,0.41,0.275,0,0,1,1
0.32,0.41,0.278,0,0,1,1
0.32,0.41,0.281,0,0,1,1
0.32,0.41,0.284,0,0,1,1
0.32,0.41,0.287,0,0,1,1
0.32,0.41,0.29,0,0,1,1
0.32,0.41,0.293,0,0,1,1
0.32,0.41,0.296,0,0,1,1
0.32,0.41,0.299,0,0,1,1
0.32,0.41,0.302,0,0,1,1
0.32,0.41,0.305,0,0,1,1
0.32,0.41,0.308,0,0,1,1
0.32,0.41,0.311,0,0,1,1
0.32,0.41,0.314,0,0,1,1
0.32,0.41,0.317,0,0,1,1
0.32,0.41,0.32,0,0,1,1
0.32,0.41,0.323,0,0,1,1
0.32,0.41,0.326,0,0,1,1
0.32,0.41,0.329,0,0,1,1
0.32,0.41,0.332,0,0,1,1
0.32,0.41,0.335,0,0,1,1
0.32,0.41,0.338,0,0,1,1
0.32,0.41,0.341,0,0,1,1
0.32,0.41,0.344,0,0,1,1
0.32,0.41,0.347,0,0,1,1
0.32,0.41,0.35,0,0,1,1
0.32,0.41,0.353,0,0,1,1
0.32,0.41,0.356,0,0,1,1
0.32,0.41,0.359,0,0,1,1
0.32,0.41,0.362,0,0,1,1
0.32,0.41,0.365,0,0,1,1
0.32,0.41,0.368,0,0,1,1
0.32,0.41,0.371,0,0,1,1
0.32,0.41,0.374,0,0,1,1
0.32,0.41,0.377,0,0,1,1
0.32,0.41,0.38,0,0,1,1
0.32,0.41,0.383,0,0,1,1
0.32,0.41,0.386,0,0,1,1
0.32,0.41,0.389,0,0,1,1
0.32,0.41,0.392,0,0,1,1
0.32,0.41,0.395,0,0,1,1
0.32,0.41,0.398,0,0,1,1
0.32,0.41,0.401,0,0,1,1
0.32,0.41,0.404,0,0,1,1
0.32,0.41,0.407,0,0,1,1
0.32,0.41,0.41,0,0,1,1
0.32,0.41,0.413,0,0,1,1
0.32,0.41,0.416,0,0,1,1
0.32,0.41,0.419,0,0,1,1
0.32,0.41,0.422,0,0,1,1
0.32,0.41,0.425,0,0,1,1
0.32,0.41,0.427999,0,0,1,1
0.32,0.41,0.430999,0,0,1,1
0.32,0.41,0.433999,0,0,1,1
0.32,0.41,0.436999,0,0,1,1
0.32,0.41,0.439999,0,0,1,1
0.323,0.41,0.26,0,0,1,1
0.323,0.41,0.263,0,0,1,1
0.323,0.41,0.266,0,0,1,1
0.323,0.41,0.269,0,0,1,1
0.323,0.41,0.272,0,0,1,1
0.323,0.41,0.275,0,0,1,1
0.323,0.41,0.278,0,0,1,1
0.323,0.41,0.281,0,0,1,1
0.323,0.41,0.284,0,0,1,1
0.323,0.41,0.287,0,0,1,1
0.323,0.41,0.29,0,0,1,1
0.323,0.41,0.293,0,0,1,1
0.323,0.41,0.296,0,0,1,1
0.323,0.41,0.299,0,0,1,1
0.323,0.41,0.302,0,0,1,1
0.323,0.41,0.305,0,0,1,1
0.323,0.41,0.308,0,0,1,1
0.323,0.41,0.311,0,0,1,1
0.323,0.41,0.314,0,0,1,1
0.323,0.41,0.317,0,0,1,1
0.323,0.41,0.32,0,0,1,1
0.323,0.41,0.323,0,0,1,1
0.323,0.41,0.326,0,0,1,1
0.323,0.41,0.329,0,0,1,1
0.323,0.41,0.332,0,0,1,1
0.323,0.41,0.335,0,0,1,1
0.323,0.41,0.338,0,0,1,1
0.323,0.41,0.341,0,0,1,1
0.323,0.41,0.344,0,0,1,1
0.323,0.41,0.347,0,0,1,1
0.323,0.41,0.35,0,0,1,1
0.323,0.41,0.353,0,0,1,1
0.323,0.41,0.356,0,0,1,1
0.323,0.41,0.359,0,0,1,1
0.323,0.41,0.362,0,0,1,1
0.323,0.41,0.365,0,0,1,1
0.323,0.41,0.368,0,0,1,1
0.323,0.41,0.371,0,0,1,1
0.323,0.41,0.374,0,0,1,1
0.323,0.41,0.377,0,0,1,1
0.323,0.41,0.38,0,0,1,1
0.323,0.41,0.383,0,0,1,1
0.323,0.41,0.386,0,0,1,1
0.323,0.41,0.389,0,0,1,1
0.323,0.41,0.392,0,0,1,1
0.323,0.41,0.395,0,0,1,1
0.323,0.41,0.398,0,0,1,1
0.323,0.41,0.401,0,0,1,1
0.323,0.41,0.404,0,0,1,1
0.323,0.41,0.407,0,0,1,1
0.323,0.41,0.41,0,0,1,1
0.323,0.41,0.413,0,0,1,1
0.323,0.41,0.416,0,0,1,1
0.323,0.41,0.419,0,0,1,1
0.323,0.41,0.422,0,0,1,1
0.323,0.41,0.425,0,0,1,1
0.323,0.41,0.427999,0,0,1,1
0.323,0.41,0.430999,0,0,1,1
0.323,0.41,0.433999,0,0,1,1
0.323,0.41,0.436999,0,0,1,1
0.323,0.41,0.439999,0,0,1,1
0.326,0.41,0.26,0,0,1,1
0.326,0.41,0.263,0,0,1,1
0.326,0.41,0.266,0,0,1,1
0.326,0.41,0.269,0,0,1,1
0.326,0.41,0.272,0,0,1,1
0.326,0.41,0.275,0,0,1,1
0.326,0.41,0.278,0,0,1,1
0.326,0.41,0.281,0,0,1,1
0.326,0.41,0.284,0,0,1,1
0.326,0.41,0.287,0,0,1,1
0.326,0.41,0.29,0,0,1,1
0.326,0.41,0.293,0,0,1,1
0.326,0.41,0.296,0,0,1,1
0.326,0.41,0.299,0,0,1,1
0.326,0.41,0.302,0,0,1,1
0.326,0.41,0.305,0,0,1,1
0.326,0.41,0.308,0,0,1,1
0.326,0.41,0.311,0,0,1,1
0.326,0.41,0.314,0,0,1,1
0.326,0.41,0.317,0,0,1,1
0.326,0.41,0.32,0,0,1,1
0.326,0.41,0.323,0,0,1,1
0.326,0.41,0.326,0,0,1,1
0.326,0.41,0.329,0,0,1,1
0.326,0.41,0.332,0,0,1,1
0.326,0.41,0.335,0,0,1,1
0.326,0.41,0.338,0,0,1,1
0.326,0.41,0.341,0,0,1,1
0.326,0.41,0.344,0,0,1,1
0.326,0.41,0.347,0,0,1,1
0.326,0.41,0.35,0,0,1,1
0.326,0.41,0.353,0,0,1,1
0.326,0.41,0.356,0,0,1,1
0.326,0.41,0.359,0,0,1,1
0.326,0.41,0.362,0,0,1,1
0.326,0.41,0.365,0,0,1,1
0.326,0.41,0.368,0,0,1,1
0.326,0.41,0.371,0,0,1,1
0.326,0.41,0.374,0,0,1,1
0.326,0.41,0.377,0,0,1,1
0.326,0.41,0.38,0,0,1,1
0.326,0.41,0.383,0,0,1,1
0.326,0.41,0.386,0,0,1,1
0.326,0.41,0.389,0,0,1,1
0.326,0.41,0.392,0,0,1,1
0.326,0.41,0.395,0,0,1,1
0.326,0.41,0.398,0,0,1,1
0.326,0.41,0.401,0,0,1,1
0.326,0.41,0.404,0,0,1,1
0.326,0.41,0.407,0,0,1,1
0.326,0.41,0.41,0,0,1,1
0.326,0.41,0.413,0,0,1,1
0.326,0.41,0.416,0,0,1,1
0.326,0.41,0.419,0,0,1,1
0.326,0.41,0.422,0,0,1,1
0.326,0.41,0.425,0,0,1,1
0.326,0.41,0.427999,0,0,1,1
0.326,0.41,0.430999,0,0,1,1
0.326,0.41,0.433999,0,0,1,1
0.326,0.41,0.436999,0,0,1,1
0.326,0.41,0.439999,0,0,1,1
0.329,0.41,0.26,0,0,1,1
0.329,0.41,0.263,0,0,1,1
0.329,0.41,0.266,0,0,1,1
0.329,0.41,0.269,0,0,1,1
0.329,0.41,0.272,0,0,1,1
0.329,0.41,0.275,0,0,1,1
0.329,0.41,0.278,0,0,1,1
0.329,0.41,0.281,0,0,1,1
0.329,0.41,0.284,0,0,1,1
0.329,0.41,0.287,0,0,1,1
0.329,0.41,0.29,0,0,1,1
0.329,0.41,0.293,0,0,1,1
0.329,0.41,0.296,0,0,1,1
0.329,0.41,0.299,0,0,1,1
0.329,0.41,0.302,0,0,1,1
0.329,0.41,0.305,0,0,1,1
0.329,0.41,0.308,0,0,1,1
0.329,0.41,0.311,0,0,1,1
0.329,0.41,0.314,0,0,1,1
0.329,0.41,0.317,0,0,1,1
0.329,0.41,0.32,0,0,1,1
0.329,0.41,0.323,0,0,1,1
0.329,0.41,0.326,0,0,1,1
0.329,0.41,0.329,0,0,1,1
0.329,0.41,0.332,0,0,1,1
0.329,0.41,0.335,0,0,1,1
0.329,0.41,0.338,0,0,1,1
0.329,0.41,0.341,0,0,1,1
0.329,0.41,0.344,0,0,1,1
0.329,0.41,0.347,0,0,1,1
0.329,0.41,0.35,0,0,1,1
0.329,0.41,0.353,0,0,1,1
0.329,0.41,0.356,0,0,1,1
0.329,0.41,0.359,0,0,1,1
0.329,0.41,0.362,0,0,1,1
0.329,0.41,0.365,0,0,1,1
0.329,0.41,0.368,0,0,1,1
0.329,0.41,0.371,0,0,1,1
0.329,0.41,0.374,0,0,1,1
0.329,0.41,0.377,0,0,1,1
0.329,0.41,0.38,0,0,1,1
0.329,0.41,0.383,0,0,1,1
0.329,0.41,0.386,0,0,1,1
0.329,0.41,0.389,0,0,1,1
0.329,0.41,0.392,0,0,1,1
0.329,0.41,0.395,0,0,1,1
0.329,0.41,0.398,0,0,1,1
0.329,0.41,0.401,0,0,1,1
0.329,0.41,0.404,0,0,1,1
0.329,0.41,0.407,0,0,1,1
0.329,0.41,0.41,0,0,1,1
0.329,0.41,0.413,0,0,1,1
0.329,0.41,0.416,0,0,1,1
0.329,0.41,0.419,0,0,1,1
0.329,0.41,0.422,0,0,1,1
0.329,0.41,0.425,0,0,1,1
0.329,0.41,0.427999,0,0,1,1
0.329,0.41,0.430999,0,0,1,1
0.329,0.41,0.433999,0,0,1,1
0.329,0.41,0.436999,0,0,1,1
0.329,0.41,0.439999,0,0,1,1
0.332,0.41,0.26,0,0,1,1
0.332,0.41,0.263,0,0,1,1
0.332,0.41,0.266,0,0,1,1
0.332,0.41,0.269,0,0,1,1
0.332,0.41,0.272,0,0,1,1
0.332,0.41,0.275,0,0,1,1
0.332,0.41,0.278,0,0,1,1
0.332,0.41,0.281,0,0,1,1
0.332,0.41,0.284,0,0,1,1
0.332,0.41,0.287,0,0,1,1
0.332,0.41,0.29,0,0,1,1
0.332,0.41,0.293,0,0,1,1
0.332,0.41,0.296,0,0,1,1
0.332,0.41,0.299,0,0,1,1
0.332,0.41,0.302,0,0,1,1
0.332,0.41,0.305,0,0,1,1
0.332,0.41,0.308,0,0,1,1
0.332,0.41,0.311,0,0,1,1
0.332,0.41,0.314,0,0,1,1
0.332,0.41,0.317,0,0,1,1
0.332,0.41,0.32,0,0,1,1
0.332,0.41,0.323,0,0,1,1
0.332,0.41,0.326,0,0,1,1
0.332,0.41,0.329,0,0,1,1
0.332,0.41,0.332,0,0,1,1
0.332,0.41,0.335,0,0,1,1
0.332,0.41,0.338,0,0,1,1
0.332,0.41,0.341,0,0,1,1
0.332,0.41,0.344,0,0,1,1
0.332,0.41,0.347,0,0,1,1
0.332,0.41,0.35,0,0,1,1
0.332,0.41,0.353,0,0,1,1
0.332,0.41,0.356,0,0,1,1
0.332,0.41,0.359,0,0,1,1
0.332,0.41,0.362,0,0,1,1
0.332,0.41,0.365,0,0,1,1
0.332,0.41,0.368,0,0,1,1
0.332,0.41,0.371,0,0,1,1
0.332,0.41,0.374,0,0,1,1
0.332,0.41,0.377,0,0,1,1
0.332,0.41,0.38,0,0,1,1
0.332,0.41,0.383,0,0,1,1
0.332,0.41,0.386,0,0,1,1
0.332,0.41,0.389,0,0,1,1
0.332,0.41,0.392,0,0,1,1
0.332,0.41,0.395,0,0,1,1
0.332,0.41,0.398,0,0,1,1
0.332,0.41,0.401,0,0,1,1
0.332,0.41,0.404,0,0,1,1
0.332,0.41,0.407,0,0,1,1
0.332,0.41,0.41,0,0,1,1
0.332,0.41,0.413,0,0,1,1
0.332,0.41,0.416,0,0,1,1
0.332,0.41,0.419,0,0,1,1
0.332,0.41,0.422,0,0,1,1
0.332,0.41,0.425,0,0,1,1
0.332,0.41,0.427999,0,0,1,1
0.332,0.41,0.430999,0,0,1,1
0.332,0.41,0.433999,0,0,1,1
0.332,0.41,0.436999,0,0,1,1
0.332,0.41,0.439999,0,0,1,1
0.335,0.41,0.26,0,0,1,1
0.335,0.41,0.263,0,0,1,1
0.335,0.41,0.266,0,0,1,1
0.335,0.41,0.269,0,0,1,1
0.335,0.41,0.272,0,0,1,1
0.335,0.41,0.275,0,0,1,1
0.335,0.41,0.278,0,0,1,1
0.335,0.41,0.281,0,0,1,1
0.335,0.41,0.284,0,0,1,1
0.335,0.41,0.287,0,0,1,1
0.335,0.41,0.29,0,0,1,1
0.335,0.41,0.293,0,0,1,1
0.335,0.41,0.296,0,0,1,1
0.335,0.41,0.299,0,0,1,1
0.335,0.41,0.302,0,0,1,1
0.335,0.41,0.305,0,0,1,1
0.335,0.41,0.308,0,0,1,1
0.335,0.41,0.311,0,0,1,1
0.335,0.41,0.314,0,0,1,1
0.335,0.41,0.317,0,0,1,1
0.335,0.41,0.32,0,0,1,1
0.335,0.41,0.323,0,0,1,1
0.335,0.41,0.326,0,0,1,1
0.335,0.41,0.329,0,0,1,1
0.335,0.41,0.332,0,0,1,1
0.335,0.41,0.335,0,0,1,1
0.335,0.41,0.338,0,0,1,1
0.335,0.41,0.341,0,0,1,1
0.335,0.41,0.344,0,0,1,1
0.335,0.41,0.347,0,0,1,1
0.335,0.41,0.35,0,0,1,1
0.335,0.41,0.353,0,0,1,1
0.335,0.41,0.356,0,0,1,1
0.335,0.41,0.359,0,0,1,1
0.335,0.41,0.362,0,0,1,1
0.335,0.41,0.365,0,0,1,1
0.335,0.41,0.368,0,0,1,1
0.335,0.41,0.371,0,0,1,1
0.335,0.41,0.374,0,0,1,1
0.335,0.41,0.377,0,0,1,1
0.335,0.41,0.38,0,0,1,1
0.335,0.41,0.383,0,0,1,1
0.335,0.41,0.386,0,0,1,1
0.335,0.41,0.389,0,0,1,1
0.335,0.41,0.392,0,0,1,1
0.335,0.41,0.395,0,0,1,1
0.335,0.41,0.398,0,0,1,1
0.335,0.41,0.401,0,0,1,1
0.335,0.41,0.404,0,0,1,1
0.335,0.41,0.407,0,0,1,1
0.335,0.41,0.41,0,0,1,1
0.335,0.41,0.413,0,0,1,1
0.335,0.41,0.416,0,0,1,1
0.335,0.41,0.419,0,0,1,1
0.335,0.41,0.422,0,0,1,1
0.335,0.41,0.425,0,0,1,1
0.335,0.41,0.427999,0,0,1,1
0.335,0.41,0.430999,0,0,1,1
0.335,0.41,0.433999,0,0,1,1
0.335,0.41,0.436999,0,0,1,1
0.335,0.41,0.439999,0,0,1,1
0.338,0.41,0.26,0,0,1,1
0.338,0.41,0.263,0,0,1,1
0.338,0.41,0.266,0,0,1,1
0.338,0.41,0.269,0,0,1,1
0.338,0.41,0.272,0,0,1,1
0.338,0.41,0.275,0,0,1,1
0.338,0.41,0.278,0,0,1,1
0.338,0.41,0.281,0,0,1,1
0.338,0.41,0.284,0,0,1,1
0.338,0.41,0.287,0,0,1,1
0.338,0.41,0.29,0,0,1,1
0.338,0.41,0.293,0,0,1,1
0.338,0.41,0.296,0,0,1,1
0.338,0.41,0.299,0,0,1,1
0.338,0.41,0.302,0,0,1,1
0.338,0.41,0.305,0,0,1,1
0.338,0.41,0.308,0,0,1,1
0.338,0.41,0.311,0,0,1,1
0.338,0.41,0.314,0,0,1,1
0.338,0.41,0.317,0,0,1,1
0.338,0.41,0.32,0,0,1,1
0.338,0.41,0.323,0,0,1,1
0.338,0.41,0.326,0,0,1,1
0.338,0.41,0.329,0,0,1,1
0.338,0.41,0.332,0,0,1,1
0.338,0.41,0.335,0,0,1,1
0.338,0.41,0.338,0,0,1,1
0.338,0.41,0.341,0,0,1,1
0.338,0.41,0.344,0,0,1,1
0.338,0.41,0.347,0,0,1,1
0.338,0.41,0.35,0,0,1,1
0.338,0.41,0.353,0,0,1,1
0.338,0.41,0.356,0,0,1,1
0.338,0.41,0.359,0,0,1,1
0.338,0.41,0.362,0,0,1,1
0.338,0.41,0.365,0,0,1,1
0.338,0.41,0.368,0,0,1,1
0.338,0.41,0.371,0,0,1,1
0.338,0.41,0.374,0,0,1,1
0.338,0.41,0.377,0,0,1,1
0.338,0.41,0.38,0,0,1,1
0.338,0.41,0.383,0,0,1,1
0.338,0.41,0.386,0,0,1,1
0.338,0.41,0.389,0,0,1,1
0.338,0.41,0.392,0,0,1,1
0.338,0.41,0.395,0,0,1,1
0.338,0.41,0.398,0,0,1,1
0.338,0.41,0.401,0,0,1,1
0.338,0.41,0.404,0,0,1,1
0.338,0.41,0.407,0,0,1,1
0.338,0.41,0.41,0,0,1,1
0.338,0.41,0.413,0,0,1,1
0.338,0.41,0.416,0,0,1,1
0.338,0.41,0.419,0,0,1,1
0.338,0.41,0.422,0,0,1,1
0.338,0.41,0.425,0,0,1,1
0.338,0.41,0.427999,0,0,1,1
0.338,0.41,0.430999,0,0,1,1
0.338,0.41,0.433999,0,0,1,1
0.338,0.41,0.436999,0,0,1,1
0.338,0.41,0.439999,0,0,1,1
0.341,0.41,0.26,0,0,1,1
0.341,0.41,0.263,0,0,1,1
0.341,0.41,0.266,0,0,1,1
0.341,0.41,0.269,0,0,1,1
0.341,0.41,0.272,0,0,1,1
0.341,0.41,0.275,0,0,1,1
0.341,0.41,0.278,0,0,1,1
0.341,0.41,0.281,0,0,1,1
0.341,0.41,0.284,0,0,1,1
0.341,0.41,0.287,0,0,1,1
0.341,0.41,0.29,0,0,1,1
0.341,0.41,0.293,0,0,1,1
0.341,0.41,0.296,0,0,1,1
0.341,0.41,0.299,0,0,1,1
0.341,0.41,0.302,0,0,1,1
0.341,0.41,0.305,0,0,1,1
0.341,0.41,0.308,0,0,1,1
0.341,0.41,0.311,0,0,1,1
0.341,0.41,0.314,0,0,1,1
0.341,0.41,0.317,0,0,1,1
0.341,0.41,0.32,0,0,1,1
0.341,0.41,0.323,0,0,1,1
0.341,0.41,0.326,0,0,1,1
0.341,0.41,0.329,0,0,1,1
0.341,0.41,0.332,0,0,1,1
0.341,0.41,0.335,0,0,1,1
0.341,0.41,0.338,0,0,1,1
0.341,0.41,0.341,0,0,1,1
0.341,0.41,0.344,0,0,1,1
0.341,0.41,0.347,0,0,1,1
0.341,0.41,0.35,0,0,1,1
0.341,0.41,0.353,0,0,1,1
0.341,0.41,0.356,0,0,1,1
0.341,0.41,0.359,0,0,1,1
0.341,0.41,0.362,0,0,1,1
0.341,0.41,0.365,0,0,1,1
0.341,0.41,0.368,0,0,1,1
0.341,0.41,0.371,0,0,1,1
0.341,0.41,0.374,0,0,1,1
0.341,0.41,0.377,0,0,1,1
0.341,0.41,0.38,0,0,1,1
0.341,0.41,0.383,0,0,1,1
0.341,0.41,0.386,0,0,1,1
0.341,0.41,0.389,0,0,1,1
0.341,0.41,0.392,0,0,1,1
0.341,0.41,0.395,0,0,1,1
0.341,0.41,0.398,0,0,1,1
0.341,0.41,0.401,0,0,1,1
0.341,0.41,0.404,0,0,1,1
0.341,0.41,0.407,0,0,1,1
0.341,0.41,0.41,0,0,1,1
0.341,0.41,0.413,0,0,1,1
0.341,0.41,0.416,0,0,1,1
0.341,0.41,0.419,0,0,1,1
0.341,0.41,0.422,0,0,1,1
0.341,0.41,0.425,0,0,1,1
0.341,0.41,0.427999,0,0,1,1
0.341,0.41,0.430999,0,0,1,1
0.341,0.41,0.433999,0,0,1,1
0.341,0.41,0.436999,0,0,1,1
0.341,0.41,0.439999,0,0,1,1
0.14,0.27,0.26,0,0,1,1
0.14,0.27,0.263,0,0,1,1
0.14,0.27,0.266,0,0,1,1
0.14,0.27,0.269,0,0,1,1
0.14,0.27,0.272,0,0,1,1
0.14,0.27,0.275,0,0,1,1
0.14,0.27,0.278,0,0,1,1
0.14,0.27,0.281,0,0,1,1
0.14,0.27,0.284,0,0,1,1
0.14,0.27,0.287,0,0,1,1
0.14,0.27,0.29,0,0,1,1
0.14,0.27,0.293,0,0,1,1
0.14,0.27,0.296,0,0,1,1
0.14,0.27,0.299,0,0,1,1
0.14,0.27,0.302,0,0,1,1
0.14,0.27,0.305,0,0,1,1
0.14,0.27,0.308,0,0,1,1
0.14,0.27,0.311,0,0,1,1
0.14,0.27,0.314,0,0,1,1
0.14,0.27,0.317,0,0,1,1
0.14,0.27,0.32,0,0,1,1
0.14,0.27,0.323,0,0,1,1
0.14,0.27,0.326,0,0,1,1
0.14,0.27,0.329,0,0,1,1
0.14,0.27,0.332,0,0,1,1
0.14,0.27,0.335,0,0,1,1
0.14,0.27,0.338,0,0,1,1
0.14,0.27,0.341,0,0,1,1
0.14,0.27,0.344,0,0,1,1
0.14,0.27,0.347,0,0,1,1
0.14,0.27,0.35,0,0,1,1
0.14,0.27,0.353,0,0,1,1
0.14,0.27,0.356,0,0,1,1
0.14,0.27,0.359,0,0,1,1
0.14,0.27,0.362,0,0,1,1
0.14,0.27,0.365,0,0,1,1
0.14,0.27,0.368,0,0,1,1
0.14,0.27,0.371,0,0,1,1
0.14,0.27,0.374,0,0,1,1
0.14,0.27,0.377,0,0,1,1
0.14,0.27,0.38,0,0,1,1
0.14,0.27,0.383,0,0,1,1
0.14,0.27,0.386,0,0,1,1
0.14,0.27,0.389,0,0,1,1
0.14,0.27,0.392,0,0,1,1
0.14,0.27,0.395,0,0,1,1
0.14,0.27,0.398,0,0,1,1
0.14,0.27,0.401,0,0,1,1
0.14,0.27,0.404,0,0,1,1
0.14,0.27,0.407,0,0,1,1
0.14,0.27,0.41,0,0,1,1
0.14,0.27,0.413,0,0,1,1
0.14,0.27,0.416,0,0,1,1
0.14,0.27,0.419,0,0,1,1
0.14,0.27,0.422,0,0,1,1
0.14,0.27,0.425,0,0,1,1
0.14,0.27,0.427999,0,0,1,1
0.14,0.27,0.430999,0,0,1,1
0.14,0.27,0.433999,0,0,1,1
0.14,0.27,0.436999,0,0,1,1
0.14,0.27,0.439999,0,0,1,1
0.143,0.27,0.26,0,0,1,1
0.143,0.27,0.263,0,0,1,1
0.143,0.27,0.266,0,0,1,1
0.143,0.27,0.269,0,0,1,1
0.143,0.27,0.272,0,0,1,1
0.143,0.27,0.275,0,0,1,1
0.143,0.27,0.278,0,0,1,1
0.143,0.27,0.281,0,0,1,1
0.143,0.27,0.284,0,0,1,1
0.143,0.27,0.287,0,0,1,1
0.143,0.27,0.29,0,0,1,1
0.143,0.27,0.293,0,0,1,1
0.143,0.27,0.296,0,0,1,1
0.143,0.27,0.299,0,0,1,1
0.143,0.27,0.302,0,0,1,1
0.143,0.27,0.305,0,0,1,1
0.143,0.27,0.308,0,0,1,1
0.143,0.27,0.311,0,0,1,1
0.143,0.27,0.314,0,0,1,1
0.143,0.27,0.317,0,0,1,1
0.143,0.27,0.32,0,0,1,1
0.143,0.27,0.323,0,0,1,1
0.143,0.27,0.326,0,0,1,1
0.143,0.27,0.329,0,0,1,1
0.143,0.27,0.332,0,0,1,1
0.143,0.27,0.335,0,0,1,1
0.143,0.27,0.338,0,0,1,1
0.143,0.27,0.341,0,0,1,1
0.143,0.27,0.344,0,0,1,1
0.143,0.27,0.347,0,0,1,1
0.143,0.27,0.35,0,0,1,1
0.143,0.27,0.353,0,0,1,1
0.143,0.27,0.356,0,0,1,1
0.143,0.27,0.359,0,0,1,1
0.143,0.27,0.362,0,0,1,1
0.143,0.27,0.365,0,0,1,1
0.143,0.27,0.368,0,0,1,1
0.143,0.27,0.371,0,0,1,1
0.143,0.27,0.374,0,0,1,1
0.143,0.27,0.377,0,0,1,1
0.143,0.27,0.38,0,0,1,1
0.143,0.27,0.383,0,0,1,1
0.143,0.27,0.386,0,0,1,1
0.143,0.27,0.389,0,0,1,1
0.143,0.27,0.392,0,0,1,1
0.143,0.27,0.395,0,0,1,1
0.143,0.27,0.398,0,0,1,1
0.143,0.27,0.401,0,0,1,1
0.143,0.27,0.404,0,0,1,1
0.143,0.27,0.407,0,0,1,1
0.143,0.27,0.41,0,0,1,1
0.143,0.27,0.413,0,0,1,1
0.143,0.27,0.416,0,0,1,1
0.143,0.27,0.419,0,0,1,1
0.143,0.27,0.422,0,0,1,1
0.143,0.27,0.425,0,0,1,1
0.143,0.27,0.427999,0,0,1,1
0.143,0.27,0.430999,0,0,1,1
0.143,0.27,0.433999,0,0,1,1
0.143,0.27,0.436999,0,0,1,1
0.143,0.27,0.439999,0,0,1,1
0.146,0.27,0.26,0,0,1,1
0.146,0.27,0.263,0,0,1,1
0.146,0.27,0.266,0,0,1,1
0.146,0.27,0.269,0,0,1,1
0.146,0.27,0.272,0,0,1,1
0.146,0.27,0.275,0,0,1,1
0.146,0.27,0.278,0,0,1,1
0.146,0.27,0.281,0,0,1,1
0.146,0.27,0.284,0,0,1,1
0.146,0.27,0.287,0,0,1,1
0.146,0.27,0.29,0,0,1,1
0.146,0.27,0.293,0,0,1,1
0.146,0.27,0.296,0,0,1,1
0.146,0.27,0.299,0,0,1,1
0.146,0.27,0.302,0,0,1,1
0.146,0.27,0.305,0,0,1,1
0.146,0.27,0.308,0,0,1,1
0.146,0.27,0.311,0,0,1,1
0.146,0.27,0.314,0,0,1,1
0.146,0.27,0.317,0,0,1,1
0.146,0.27,0.32,0,0,1,1
0.146,0.27,0.323,0,0,1,1
0.146,0.27,0.326,0,0,1,1
0.146,0.27,0.329,0,0,1,1
0.146,0.27,0.332,0,0,1,1
0.146,0.27,0.335,0,0,1,1
0.146,0.27,0.338,0,0,1,1
0.146,0.27,0.341,0,0,1,1
0.146,0.27,0.344,0,0,1,1
0.146,0.27,0.347,0,0,1,1
0.146,0.27,0.35,0,0,1,1
0.146,0.27,0.353,0,0,1,1
0.146,0.27,0.356,0,0,1,1
0.146,0.27,0.359,0,0,1,1
0.146,0.27,0.362,0,0,1,1
0.146,0.27,0.365,0,0,1,1
0.146,0.27,0.368,0,0,1,1
0.146,0.27,0.371,0,0,1,1
0.146,0.27,0.374,0,0,1,1
0.146,0.27,0.377,0,0,1,1
0.146,0.27,0.38,0,0,1,1
0.146,0.27,0.383,0,0,1,1
0.146,0.27,0.386,0,0,1,1
0.146,0.27,0.389,0,0,1,1
0.146,0.27,0.392,0,0,1,1
0.146,0.27,0.395,0,0,1,1
0.146,0.27,0.398,0,0,1,1
0.146,0.27,0.401,0,0,1,1
0.146,0.27,0.404,0,0,1,1
0.146,0.27,0.407,0,0,1,1
0.146,0.27,0.41,0,0,1,1
0.146,0.27,0.413,0,0,1,1
0.146,0.27,0.416,0,0,1,1
0.146,0.27,0.419,0,0,1,1
0.146,0.27,0.422,0,0,1,1
0.146,0.27,0.425,0,0,1,1
0.146,0.27,0.427999,0,0,1,1
0.146,0.27,0.430999,0,0,1,1
0.146,0.27,0.433999,0,0,1,1
0.146,0.27,0.436999,0,0,1,1
0.146,0.27,0.439999,0,0,1,1
0.149,0.27,0.26,0,0,1,1
0.149,0.27,0.263,0,0,1,1
0.149,0.27,0.266,0,0,1,1
0.149,0.27,0.269,0,0,1,1
0.149,0.27,0.272,0,0,1,1
0.149,0.27,0.275,0,0,1,1
0.149,0.27,0.278,0,0,1,1
0.149,0.27,0.281,0,0,1,1
0.149,0.27,0.284,0,0,1,1
0.149,0.27,0.287,0,0,1,1
0.149,0.27,0.29,0,0,1,1
0.149,0.27,0.293,0,0,1,1
0.149,0.27,0.296,0,0,1,1
0.149,0.27,0.299,0,0,1,1
0.149,0.27,0.302,0,0,1,1
0.149,0.27,0.305,0,0,1,1
0.149,0.27,0.308,0,0,1,1
0.149,0.27,0.311,0,0,1,1
0.149,0.27,0.314,0,0,1,1
0.149,0.27,0.317,0,0,1,1
0.149,0.27,0.32,0,0,1,1
0.149,0.27,0.323,0,0,1,1
0.149,0.27,0.326,0,0,1,1
0.149,0.27,0.329,0,0,1,1
0.149,0.27,0.332,0,0,1,1
0.149,0.27,0.335,0,0,1,1
0.149,0.27,0.338,0,0,1,1
0.149,0.27,0.341,0,0,1,1
0.149,0.27,0.344,0,0,1,1
0.149,0.27,0.347,0,0,1,1
0.149,0.27,0.35,0,0,1,1
0.149,0.27,0.353,0,0,1,1
0.149,0.27,0.356,0,0,1,1
0.149,0.27,0.359,0,0,1,1
0.149,0.27,0.362,0,0,1,1
0.149,0.27,0.365,0,0,1,1
0.149,0.27,0.368,0,0,1,1
0.149,0.27,0.371,0,0,1,1
0.149,0.27,0.374,0,0,1,1
0.149,0.27,0.377,0,0,1,1
0.149,0.27,0.38,0,0,1,1
0.149,0.27,0.383,0,0,1,1
0.149,0.27,0.386,0,0,1,1
0.149,0.27,0.389,0,0,1,1
0.149,0.27,0.392,0,0,1,1
0.149,0.27,0.395,0,0,1,1
0.149,0.27,0.398,0,0,1,1
0.149,0.27,0.401,0,0,1,1
0.149,0.27,0.404,0,0,1,1
0.149,0.27,0.407,0,0,1,1
0.149,0.27,0.41,0,0,1,1
0.149,0.27,0.413,0,0,1,1
0.149,0.27,0.416,0,0,1,1
0.149,0.27,0.419,0,0,1,1
0.149,0.27,0.422,0,0,1,1
0.149,0.27,0.425,0,0,1,1
0.149,0.27,0.427999,0,0,1,1
0.149,0.27,0.430999,0,0,1,1
0.149,0.27,0.433999,0,0,1,1
0.149,0.27,0.436999,0,0,1,1
0.149,0.27,0.439999,0,0,1,1
0.152,0.27,0.26,0,0,1,1
0.152,0.27,0.263,0,0,1,1
0.152,0.27,0.266,0,0,1,1
0.152,0.27,0.269,0,0,1,1
0.152,0.27,0.272,0,0,1,1
0.152,0.27,0.275,0,0,1,1
0.152,0.27,0.278,0,0,1,1
0.152,0.27,0.281,0,0,1,1
0.152,0.27,0.284,0,0,1,1
0.152,0.27,0.287,0,0,1,1
0.152,0.27,0.29,0,0,1,1
0.152,0.27,0.293,0,0,1,1
0.152,0.27,0.296,0,0,1,1
0.152,0.27,0.299,0,0,1,1
0.152,0.27,0.302,0,0,1,1
0.152,0.27,0.305,0,0,1,1
0.152,0.27,0.308,0,0,1,1
0.152,0.27,0.311,0,0,1,1
0.152,0.27,0.314,0,0,1,1
0.152,0.27,0.317,0,0,1,1
0.152,0.27,0.32,0,0,1,1
0.152,0.27,0.323,0,0,1,1
0.152,0.27,0.326,0,0,1,1
0.152,0.27,0.329,0,0,1,1
0.152,0.27,0.332,0,0,1,1
0.152,0.27,0.335,0,0,1,1
0.152,0.27,0.338,0,0,1,1
0.152,0.27,0.341,0,0,1,1
0.152,0.27,0.344,0,0,1,1
0.152,0.27,0.347,0,0,1,1
0.152,0.27,0.35,0,0,1,1
0.152,0.27,0.353,0,0,1,1
0.152,0.27,0.356,0,0,1,1
0.152,0.27,0.359,0,0,1,1
0.152,0.27,0.362,0,0,1,1
0.152,0.27,0.365,0,0,1,1
0.152,0.27,0.368,0,0,1,1
0.152,0.27,0.371,0,0,1,1
0.152,0.27,0.374,0,0,1,1
0.152,0.27,0.377,0,0,1,1
0.152,0.27,0.38,0,0,1,1
0.152,0.27,0.383,0,0,1,1
0.152,0.27,0.386,0,0,1,1
0.152,0.27,0.389,0,0,1,1
0.152,0.27,0.392,0,0,1,1
0.152,0.27,0.395,0,0,1,1
0.152,0.27,0.398,0,0,1,1
0.152,0.27,0.401,0,0,1,1
0.152,0.27,0.404,0,0,1,1
0.152,0.27,0.407,0,0,1,1
0.152,0.27,0.41,0,0,1,1
0.152,0.27,0.413,0,0,1,1
0.152,0.27,0.416,0,0,1,1
0.152,0.27,0.419,0,0,1,1
0.152,0.27,0.422,0,0,1,1
0.152,0.27,0.425,0,0,1,1
0.152,0.27,0.427999,0,0,1,1
0.152,0.27,0.430999,0,0,1,1
0.152,0.27,0.433999,0,0,1,1
0.152,0.27,0.436999,0,0,1,1
0.152,0.27,0.439999,0,0,1,1
0.155,0.27,0.26,0,0,1,1
0.155,0.27,0.263,0,0,1,1
0.155,0.27,0.266,0,0,1,1
0.155,0.27,0.269,0,0,1,1
0.155,0.27,0.272,0,0,1,1
0.155,0.27,0.275,0,0,1,1
0.155,0.27,0.278,0,0,1,1
0.155,0.27,0.281,0,0,1,1
0.155,0.27,0.284,0,0,1,1
0.155,0.27,0.287,0,0,1,1
0.155,0.27,0.29,0,0,1,1
0.155,0.27,0.293,0,0,1,1
0.155,0.27,0.296,0,0,1,1
0.155,0.27,0.299,0,0,1,1
0.155,0.27,0.302,0,0,1,1
0.155,0.27,0.305,0,0,1,1
0.155,0.27,0.308,0,0,1,1
0.155,0.27,0.311,0,0,1,1
0.155,0.27,0.314,0,0,1,1
0.155,0.27,0.317,0,0,1,1
0.155,0.27,0.32,0,0,1,1
0.155,0.27,0.323,0,0,1,1
0.155,0.27,0.326,0,0,1,1
0.155,0.27,0.329,0,0,1,1
0.155,0.27,0.332,0,0,1,1
0.155,0.27,0.335,0,0,1,1
0.155,0.27,0.338,0,0,1,1
0.155,0.27,0.341,0,0,1,1
0.155,0.27,0.344,0,0,1,1
0.155,0.27,0.347,0,0,1,1
0.155,0.27,0.35,0,0,1,1
0.155,0.27,0.353,0,0,1,1
0.155,0.27,0.356,0,0,1,1
0.155,0.27,0.359,0,0,1,1
0.155,0.27,0.362,0,0,1,1
0.155,0.27,0.365,0,0,1,1
0.155,0.27,0.368,0,0,1,1
0.155,0.27,0.371,0,0,1,1
0.155,0.27,0.374,0,0,1,1
0.155,0.27,0.377,0,0,1,1
0.155,0.27,0.38,0,0,1,1
0.155,0.27,0.383,0,0,1,1
0.155,0.27,0.386,0,0,1,1
0.155,0.27,0.389,0,0,1,1
0.155,0.27,0.392,0,0,1,1
0.155,0.27,0.395,0,0,1,1
0.155,0.27,0.398,0,0,1,1
0.155,0.27,0.401,0,0,1,1
0.155,0.27,0.404,0,0,1,1
0.155,0.27,0.407,0,0,1,1
0.155,0.27,0.41,0,0,1,1
0.155,0.27,0.413,0,0,1,1
0.155,0.27,0.416,0,0,1,1
0.155,0.27,0.419,0,0,1,1
0.155,0.27,0.422,0,0,1,1
0.155,0.27,0.425,0,0,1,1
0.155,0.27,0.427999,0,0,1,1
0.155,0.27,0.430999,0,0,1,1
0.155,0.27,0.433999,0,0,1,1
0.155,0.27,0.436999,0,0,1,1
0.155,0.27,0.439999,0,0,1,1
0.158,0.27,0.26,0,0,1,1
0.158,0.27,0.263,0,0,1,1
0.158,0.27,0.266,0,0,1,1
0.158,0.27,0.269,0,0,1,1
0.158,0.27,0.272,0,0,1,1
0.158,0.27,0.275,0,0,1,1
0.158,0.27,0.278,0,0,1,1
0.158,0.27,0.281,0,0,1,1
0.158,0.27,0.284,0,0,1,1
0.158,0.27,0.287,0,0,1,1
0.158,0.27,0.29,0,0,1,1
0.158,0.27,0.293,0,0,1,1
0.158,0.27,0.296,0,0,1,1
0.158,0.27,0.299,0,0,1,1
0.158,0.27,0.302,0,0,1,1
0.158,0.27,0.305,0,0,1,1
0.158,0.27,0.308,0,0,1,1
0.158,0.27,0.311,0,0,1,1
0.158,0.27,0.314,0,0,1,1
0.158,0.27,0.317,0,0,1,1
0.158,0.27,0.32,0,0,1,1
0.158,0.27,0.323,0,0,1,1
0.158,0.27,0.326,0,0,1,1
0.158,0.27,0.329,0,0,1,1
0.158,0.27,0.332,0,0,1,1
0.158,0.27,0.335,0,0,1,1
0.158,0.27,0.338,0,0,1,1
0.158,0.27,0.341,0,0,1,1
0.158,0.27,0.344,0,0,1,1
0.158,0.27,0.347,0,0,1,1
0.158,0.27,0.35,0,0,1,1
0.158,0.27,0.353,0,0,1,1
0.158,0.27,0.356,0,0,1,1
0.158,0.27,0.359,0,0,1,1
0.158,0.27,0.362,0,0,1,1
0.158,0.27,0.365,0,0,1,1
0.158,0.27,0.368,0,0,1,1
0.158,0.27,0.371,0,0,1,1
0.158,0.27,0.374,0,0,1,1
0.158,0.27,0.377,0,0,1,1
0.158,0.27,0.38,0,0,1,1
0.158,0.27,0.383,0,0,1,1
0.158,0.27,0.386,0,0,1,1
0.158,0.27,0.389,0,0,1,1
0.158,0.27,0.392,0,0,1,1
0.158,0.27,0.395,0,0,1,1
0.158,0.27,0.398,0,0,1,1
0.158,0.27,0.401,0,0,1,1
0.158,0.27,0.404,0,0,1,1
0.158,0.27,0.407,0,0,1,1
0.158,0.27,0.41,0,0,1,1
0.158,0.27,0.413,0,0,1,1
0.158,0.27,0.416,0,0,1,1
0.158,0.27,0.419,0,0,1,1
0.158,0.27,0.422,0,0,1,1
0.158,0.27,0.425,0,0,1,1
0.158,0.27,0.427999,0,0,1,1
0.158,0.27,0.430999,0,0,1,1
0.158,0.27,0.433999,0,0,1,1
0.158,0.27,0.436999,0,0,1,1
0.158,0.27,0.439999,0,0,1,1
0.161,0.27,0.26,0,0,1,1
0.161,0.27,0.263,0,0,1,1
0.161,0.27,0.266,0,0,1,1
0.161,0.27,0.269,0,0,1,1
0.161,0.27,0.272,0,0,1,1
0.161,0.27,0.275,0,0,1,1
0.161,0.27,0.278,0,0,1,1
0.161,0.27,0.281,0,0,1,1
0.161,0.27,0.284,0,0,1,1
0.161,0.27,0.287,0,0,1,1
0.161,0.27,0.29,0,0,1,1
0.161,0.27,0.293,0,0,1,1
0.161,0.27,0.296,0,0,1,1
0.161,0.27,0.299,0,0,1,1
0.161,0.27,0.302,0,0,1,1
0.161,0.27,0.305,0,0,1,1
0.161,0.27,0.308,0,0,1,1
0.161,0.27,0.311,0,0,1,1
0.161,0.27,0.314,0,0,1,1
0.161,0.27,0.317,0,0,1,1
0.161,0.27,0.32,0,0,1,1
0.161,0.27,0.323,0,0,1,1
0.161,0.27,0.326,0,0,1,1
0.161,0.27,0.329,0,0,1,1
0.161,0.27,0.332,0,0,1,1
0.161,0.27,0.335,0,0,1,1
0.161,0.27,0.338,0,0,1,1
0.161,0.27,0.341,0,0,1,1
0.161,0.27,0.344,0,0,1,1
0.161,0.27,0.347,0,0,1,1
0.161,0.27,0.35,0,0,1,1
0.161,0.27,0.353,0,0,1,1
0.161,0.27,0.356,0,0,1,1
0.161,0.27,0.359,0,0,1,1
0.161,0.27,0.362,0,0,1,1
0.161,0.27,0.365,0,0,1,1
0.161,0.27,0.368,0,0,1,1
0.161,0.27,0.371,0,0,1,1
0.161,0.27,0.374,0,0,1,1
0.161,0.27,0.377,0,0,1,1
0.161,0.27,0.38,0,0,1,1
0.161,0.27,0.383,0,0,1,1
0.161,0.27,0.386,0,0,1,1
0.161,0.27,0.389,0,0,1,1
0.161,0.27,0.392,0,0,1,1
0.161,0.27,0.395,0,0,1,1
0.161,0.27,0.398,0,0,1,1
0.161,0.27,0.401,0,0,1,1
0.161,0.27,0.404,0,0,1,1
0.161,0.27,0.407,0,0,1,1
0.161,0.27,0.41,0,0,1,1
0.161,0.27,0.413,0,0,1,1
0.161,0.27,0.416,0,0,1,1
0.161,0.27,0.419,0,0,1,1
0.161,0.27,0.422,0,0,1,1
0.161,0.27,0.425,0,0,1,1
0.161,0.27,0.427999,0,0,1,1
0.161,0.27,0.430999,0,0,1,1
0.161,0.27,0.433999,0,0,1,1
0.161,0.27,0.436999,0,0,1,1
0.161,0.27,0.439999,0,0,1,1
0.164,0.27,0.26,0,0,1,1
0.164,0.27,0.263,0,0,1,1
0.164,0.27,0.266,0,0,1,1
0.164,0.27,0.269,0,0,1,1
0.164,0.27,0.272,0,0,1,1
0.164,0.27,0.275,0,0,1,1
0.164,0.27,0.278,0,0,1,1
0.164,0.27,0.281,0,0,1,1
0.164,0.27,0.284,0,0,1,1
0.164,0.27,0.287,0,0,1,1
0.164,0.27,0.29,0,0,1,1
0.164,0.27,0.293,0,0,1,1
0.164,0.27,0.296,0,0,1,1
0.164,0.27,0.299,0,0,1,1
0.164,0.27,0.302,0,0,1,1
0.164,0.27,0.305,0,0,1,1
0.164,0.27,0.308,0,0,1,1
0.164,0.27,0.311,0,0,1,1
0.164,0.27,0.314,0,0,1,1
0.164,0.27,0.317,0,0,1,1
0.164,0.27,0.32,0,0,1,1
0.164,0.27,0.323,0,0,1,1
0.164,0.27,0.326,0,0,1,1
0.164,0.27,0.329,0,0,1,1
0.164,0.27,0.332,0,0,1,1
0.164,0.27,0.335,0,0,1,1
0.164,0.27,0.338,0,0,1,1
0.164,0.27,0.341,0,0,1,1
0.164,0.27,0.344,0,0,1,1
0.164,0.27,0.347,0,0,1,1
0.164,0.27,0.35,0,0,1,1
0.164,0.27,0.353,0,0,1,1
0.164,0.27,0.356,0,0,1,1
0.164,0.27,0.359,0,0,1,1
0.164,0.27,0.362,0,0,1,1
0.164,0.27,0.365,0,0,1,1
0.164,0.27,0.368,0,0,1,1
0.164,0.27,0.371,0,0,1,1
0.164,0.27,0.374,0,0,1,1
0.164,0.27,0.377,0,0,1,1
0.164,0.27,0.38,0,0,1,1
0.164,0.27,0.383,0,0,1,1
0.164,0.27,0.386,0,0,1,1
0.164,0.27,0.389,0,0,1,1
0.164,0.27,0.392,0,0,1,1
0.164,0.27,0.395,0,0,1,1
0.164,0.27,0.398,0,0,1,1
0.164,0.27,0.401,0,0,1,1
0.164,0.27,0.404,0,0,1,1
0.164,0.27,0.407,0,0,1,1
0.164,0.27,0.41,0,0,1,1
0.164,0.27,0.413,0,0,1,1
0.164,0.27,0.416,0,0,1,1
0.164,0.27,0.419,0,0,1,1
0.164,0.27,0.422,0,0,1,1
0.164,0.27,0.425,0,0,1,1
0.164,0.27,0.427999,0,0,1,1
0.164,0.27,0.430999,0,0,1,1
0.164,0.27,0.433999,0,0,1,1
0.164,0.27,0.436999,0,0,1,1
0.164,0.27,0.439999,0,0,1,1
0.167,0.27,0.26,0,0,1,1
0.167,0.27,0.263,0,0,1,1
0.167,0.27,0.266,0,0,1,1
0.167,0.27,0.269,0,0,1,1
0.167,0.27,0.272,0,0,1,1
0.167,0.27,0.275,0,0,1,1
0.167,0.27,0.278,0,0,1,1
0.167,0.27,0.281,0,0,1,1
0.167,0.27,0.284,0,0,1,1
0.167,0.27,0.287,0,0,1,1
0.167,0.27,0.29,0,0,1,1
0.167,0.27,0.293,0,0,1,1
0.167,0.27,0.296,0,0,1,1
0.167,0.27,0.299,0,0,1,1
0.167,0.27,0.302,0,0,1,1
0.167,0.27,0.305,0,0,1,1
0.167,0.27,0.308,0,0,1,1
0.167,0.27,0.311,0,0,1,1
0.167,0.27,0.314,0,0,1,1
0.167,0.27,0.317,0,0,1,1
0.167,0.27,0.32,0,0,1,1
0.167,0.27,0.323,0,0,1,1
0.167,0.27,0.326,0,0,1,1
0.167,0.27,0.329,0,0,1,1
0.167,0.27,0.332,0,0,1,1
0.167,0.27,0.335,0,0,1,1
0.167,0.27,0.338,0,0,1,1
0.167,0.27,0.341,0,0,1,1
0.167,0.27,0.344,0,0,1,1
0.167,0.27,0.347,0,0,1,1
0.167,0.27,0.35,0,0,1,1
0.167,0.27,0.353,0,0,1,1
0.167,0.27,0.356,0,0,1,1
0.167,0.27,0.359,0,0,1,1
0.167,0.27,0.362,0,0,1,1
0.167,0.27,0.365,0,0,1,1
0.167,0.27,0.368,0,0,1,1
0.167,0.27,0.371,0,0,1,1
0.167,0.27,0.374,0,0,1,1
0.167,0.27,0.377,0,0,1,1
0.167,0.27,0.38,0,0,1,1
0.167,0.27,0.383,0,0,1,1
0.167,0.27,0.386,0,0,1,1
0.167,0.27,0.389,0,0,1,1
0.167,0.27,0.392,0,0,1,1
0.167,0.27,0.395,0,0,1,1
0.167,0.27,0.398,0,0,1,1
0.167,0.27,0.401,0,0,1,1
0.167,0.27,0.404,0,0,1,1
0.167,0.27,0.407,0,0,1,1
0.167,0.27,0.41,0,0,1,1
0.167,0.27,0.413,0,0,1,1
0.167,0.27,0.416,0,0,1,1
0.167,0.27,0.419,0,0,1,1
0.167,0.27,0.422,0,0,1,1
0.167,0.27,0.425,0,0,1,1
0.167,0.27,0.427999,0,0,1,1
0.167,0.27,0.430999,0,0,1,1
0.167,0.27,0.433999,0,0,1,1
0.167,0.27,0.436999,0,0,1,1
0.167,0.27,0.439999,0,0,1,1
0.17,0.27,0.26,0,0,1,1
0.17,0.27,0.263,0,0,1,1
0.17,0.27,0.266,0,0,1,1
0.17,0.27,0.269,0,0,1,1
0.17,0.27,0.272,0,0,1,1
0.17,0.27,0.275,0,0,1,1
0.17,0.27,0.278,0,0,1,1
0.17,0.27,0.281,0,0,1,1
0.17,0.27,0.284,0,0,1,1
0.17,0.27,0.287,0,0,1,1
0.17,0.27,0.29,0,0,1,1
0.17,0.27,0.293,0,0,1,1
0.17,0.27,0.296,0,0,1,1
0.17,0.27,0.299,0,0,1,1
0.17,0.27,0.302,0,0,1,1
0.17,0.27,0.305,0,0,1,1
0.17,0.27,0.308,0,0,1,1
0.17,0.27,0.311,0,0,1,1
0.17,0.27,0.314,0,0,1,1
0.17,0.27,0.317,0,0,1,1
0.17,0.27,0.32,0,0,1,1
0.17,0.27,0.323,0,0,1,1
0.17,0.27,0.326,0,0,1,1
0.17,0.27,0.329,0,0,1,1
0.17,0.27,0.332,0,0,1,1
0.17,0.27,0.335,0,0,1,1
0.17,0.27,0.338,0,0,1,1
0.17,0.27,0.341,0,0,1,1
0.17,0.27,0.344,0,0,1,1
0.17,0.27,0.347,0,0,1,1
0.17,0.27,0.35,0,0,1,1
0.17,0.27,0.353,0,0,1,1
0.17,0.27,0.356,0,0,1,1
0.17,0.27,0.359,0,0,1,1
0.17,0.27,0.362,0,0,1,1
0.17,0.27,0.365,0,0,1,1
0.17,0.27,0.368,0,0,1,1
0.17,0.27,0.371,0,0,1,1
0.17,0.27,0.374,0,0,1,1
0.17,0.27,0.377,0,0,1,1
0.17,0.27,0.38,0,0,1,1
0.17,0.27,0.383,0,0,1,1
0.17,0.27,0.386,0,0,1,1
0.17,0.27,0.389,0,0,1,1
0.17,0.27,0.392,0,0,1,1
0.17,0.27,0.395,0,0,1,1
0.17,0.27,0.398,0,0,1,1
0.17,0.27,0.401,0,0,1,1
0.17,0.27,0.404,0,0,1,1
0.17,0.27,0.407,0,0,1,1
0.17,0.27,0.41,0,0,1,1
0.17,0.27,0.413,0,0,1,1
0.17,0.27,0.416,0,0,1,1
0.17,0.27,0.419,0,0,1,1
0.17,0.27,0.422,0,0,1,1
0.17,0.27,0.425,0,0,1,1
0.17,0.27,0.427999,0,0,1,1
0.17,0.27,0.430999,0,0,1,1
0.17,0.27,0.433999,0,0,1,1
0.17,0.27,0.436999,0,0,1,1
0.17,0.27,0.439999,0,0,1,1
0.173,0.27,0.26,0,0,1,1
0.173,0.27,0.263,0,0,1,1
0.173,0.27,0.266,0,0,1,1
0.173,0.27,0.269,0,0,1,1
0.173,0.27,0.272,0,0,1,1
0.173,0.27,0.275,0,0,1,1
0.173,0.27,0.278,0,0,1,1
0.173,0.27,0.281,0,0,1,1
0.173,0.27,0.284,0,0,1,1
0.173,0.27,0.287,0,0,1,1
0.173,0.27,0.29,0,0,1,1
0.173,0.27,0.293,0,0,1,1
0.173,0.27,0.296,0,0,1,1
0.173,0.27,0.299,0,0,1,1
0.173,0.27,0.302,0,0,1,1
0.173,0.27,0.305,0,0,1,1
0.173,0.27,0.308,0,0,1,1
0.173,0.27,0.311,0,0,1,1
0.173,0.27,0.314,0,0,1,1
0.173,0.27,0.317,0,0,1,1
0.173,0.27,0.32,0,0,1,1
0.173,0.27,0.323,0,0,1,1
0.173,0.27,0.326,0,0,1,1
0.173,0.27,0.329,0,0,1,1
0.173,0.27,0.332,0,0,1,1
0.173,0.27,0.335,0,0,1,1
0.173,0.27,0.338,0,0,1,1
0.173,0.27,0.341,0,0,1,1
0.173,0.27,0.344,0,0,1,1
0.173,0.27,0.347,0,0,1,1
0.173,0.27,0.35,0,0,1,1
0.173,0.27,0.353,0,0,1,1
0.173,0.27,0.356,0,0,1,1
0.173,0.27,0.359,0,0,1,1
0.173,0.27,0.362,0,0,1,1
0.173,0.27,0.365,0,0,1,1
0.173,0.27,0.368,0,0,1,1
0.173,0.27,0.371,0,0,1,1
0.173,0.27,0.374,0,0,1,1
0.173,0.27,0.377,0,0,1,1
0.173,0.27,0.38,0,0,1,1
0.173,0.27,0.383,0,0,1,1
0.173,0.27,0.386,0,0,1,1
0.173,0.27,0.389,0,0,1,1
0.173,0.27,0.392,0,0,1,1
0.173,0.27,0.395,0,0,1,1
0.173,0.27,0.398,0,0,1,1
0.173,0.27,0.401,0,0,1,1
0.173,0.27,0.404,0,0,1,1
0.173,0.27,0.407,0,0,1,1
0.173,0.27,0.41,0,0,1,1
0.173,0.27,0.413,0,0,1,1
0.173,0.27,0.416,0,0,1,1
0.173,0.27,0.419,0,0,1,1
0.173,0.27,0.422,0,0,1,1
0.173,0.27,0.425,0,0,1,1
0.173,0.27,0.427999,0,0,1,1
0.173,0.27,0.430999,0,0,1,1
0.173,0.27,0.433999,0,0,1,1
0.173,0.27,0.436999,0,0,1,1
0.173,0.27,0.439999,0,0,1,1
0.176,0.27,0.26,0,0,1,1
0.176,0.27,0.263,0,0,1,1
0.176,0.27,0.266,0,0,1,1
0.176,0.27,0.269,0,0,1,1
0.176,0.27,0.272,0,0,1,1
0.176,0.27,0.275,0,0,1,1
0.176,0.27,0.278,0,0,1,1
0.176,0.27,0.281,0,0,1,1
0.176,0.27,0.284,0,0,1,1
0.176,0.27,0.287,0,0,1,1
0.176,0.27,0.29,0,0,1,1
0.176,0.27,0.293,0,0,1,1
0.176,0.27,0.296,0,0,1,1
0.176,0.27,0.299,0,0,1,1
0.176,0.27,0.302,0,0,1,1
0.176,0.27,0.305,0,0,1,1
0.176,0.27,0.308,0,0,1,1
0.176,0.27,0.311,0,0,1,1
0.176,0.27,0.314,0,0,1,1
0.176,0.27,0.317,0,0,1,1
0.176,0.27,0.32,0,0,1,1
0.176,0.27,0.323,0,0,1,1
0.176,0.27,0.326,0,0,1,1
0.176,0.27,0.329,0,0,1,1
0.176,0.27,0.332,0,0,1,1
0.176,0.27,0.335,0,0,1,1
0.176,0.27,0.338,0,0,1,1
0.176,0.27,0.341,0,0,1,1
0.176,0.27,0.344,0,0,1,1
0.176,0.27,0.347,0,0,1,1
0.176,0.27,0.35,0,0,1,1
0.176,0.27,0.353,0,0,1,1
0.176,0.27,0.356,0,0,1,1
0.176,0.27,0.359,0,0,1,1
0.176,0.27,0.362,0,0,1,1
0.176,0.27,0.365,0,0,1,1
0.176,0.27,0.368,0,0,1,1
0.176,0.27,0.371,0,0,1,1
0.176,0.27,0.374,0,0,1,1
0.176,0.27,0.377,0,0,1,1
0.176,0.27,0.38,0,0,1,1
0.176,0.27,0.383,0,0,1,1
0.176,0.27,0.386,0,0,1,1
0.176,0.27,0.389,0,0,1,1
0.176,0.27,0.392,0,0,1,1
0.176,0.27,0.395,0,0,1,1
0.176,0.27,0.398,0,0,1,1
0.176,0.27,0.401,0,0,1,1
0.176,0.27,0.404,0,0,1,1
0.176,0.27,0.407,0,0,1,1
0.176,0.27,0.41,0,0,1,1
0.176,0.27,0.413,0,0,1,1
0.176,0.27,0.416,0,0,1,1
0.176,0.27,0.419,0,0,1,1
0.176,0.27,0.422,0,0,1,1
0.176,0.27,0.425,0,0,1,1
0.176,0.27,0.427999,0,0,1,1
0.176,0.27,0.430999,0,0,1,1
0.176,0.27,0.433999,0,0,1,1
0.176,0.27,0.436999,0,0,1,1
0.176,0.27,0.439999,0,0,1,1
0.179,0.27,0.26,0,0,1,1
0.179,0.27,0.263,0,0,1,1
0.179,0.27,0.266,0,0,1,1
0.179,0.27,0.269,0,0,1,1
0.179,0.27,0.272,0,0,1,1
0.179,0.27,0.275,0,0,1,1
0.179,0.27,0.278,0,0,1,1
0.179,0.27,0.281,0,0,1,1
0.179,0.27,0.284,0,0,1,1
0.179,0.27,0.287,0,0,1,1
0.179,0.27,0.29,0,0,1,1
0.179,0.27,0.293,0,0,1,1
0.179,0.27,0.296,0,0,1,1
0.179,0.27,0.299,0,0,1,1
0.179,0.27,0.302,0,0,1,1
0.179,0.27,0.305,0,0,1,1
0.179,0.27,0.308,0,0,1,1
0.179,0.27,0.311,0,0,1,1
0.179,0.27,0.314,0,0,1,1
0.179,0.27,0.317,0,0,1,1
0.179,0.27,0.32,0,0,1,1
0.179,0.27,0.323,0,0,1,1
0.179,0.27,0.326,0,0,1,1
0.179,0.27,0.329,0,0,1,1
0.179,0.27,0.332,0,0,1,1
0.179,0.27,0.335,0,0,1,1
0.179,0.27,0.338,0,0,1,1
0.179,0.27,0.341,0,0,1,1
0.179,0.27,0.344,0,0,1,1
0.179,0.27,0.347,0,0,1,1
0.179,0.27,0.35,0,0,1,1
0.179,0.27,0.353,0,0,1,1
0.179,0.27,0.356,0,0,1,1
0.179,0.27,0.359,0,0,1,1
0.179,0.27,0.362,0,0,1,1
0.179,0.27,0.365,0,0,1,1
0.179,0.27,0.368,0,0,1,1
0.179,0.27,0.371,0,0,1,1
0.179,0.27,0.374,0,0,1,1
0.179,0.27,0.377,0,0,1,1
0.179,0.27,0.38,0,0,1,1
0.179,0.27,0.383,0,0,1,1
0.179,0.27,0.386,0,0,1,1
0.179,0.27,0.389,0,0,1,1
0.179,0.27,0.392,0,0,1,1
0.179,0.27,0.395,0,0,1,1
0.179,0.27,0.398,0,0,1,1
0.179,0.27,0.401,0,0,1,1
0.179,0.27,0.404,0,0,1,1
0.179,0.27,0.407,0,0,1,1
0.179,0.27,0.41,0,0,1,1
0.179,0.27,0.413,0,0,1,1
0.179,0.27,0.416,0,0,1,1
0.179,0.27,0.419,0,0,1,1
0.179,0.27,0.422,0,0,1,1
0.179,0.27,0.425,0,0,1,1
0.179,0.27,0.427999,0,0,1,1
0.179,0.27,0.430999,0,0,1,1
0.179,0.27,0.433999,0,0,1,1
0.179,0.27,0.436999,0,0,1,1
0.179,0.27,0.439999,0,0,1,1
0.182,0.27,0.26,0,0,1,1
0.182,0.27,0.263,0,0,1,1
0.182,0.27,0.266,0,0,1,1
0.182,0.27,0.269,0,0,1,1
0.182,0.27,0.272,0,0,1,1
0.182,0.27,0.275,0,0,1,1
0.182,0.27,0.278,0,0,1,1
0.182,0.27,0.281,0,0,1,1
0.182,0.27,0.284,0,0,1,1
0.182,0.27,0.287,0,0,1,1
0.182,0.27,0.29,0,0,1,1
0.182,0.27,0.293,0,0,1,1
0.182,0.27,0.296,0,0,1,1
0.182,0.27,0.299,0,0,1,1
0.182,0.27,0.302,0,0,1,1
0.182,0.27,0.305,0,0,1,1
0.182,0.27,0.308,0,0,1,1
0.182,0.27,0.311,0,0,1,1
0.182,0.27,0.314,0,0,1,1
0.182,0.27,0.317,0,0,1,1
0.182,0.27,0.32,0,0,1,1
0.182,0.27,0.323,0,0,1,1
0.182,0.27,0.326,0,0,1,1
0.182,0.27,0.329,0,0,1,1
0.182,0.27,0.332,0,0,1,1
0.182,0.27,0.335,0,0,1,1
0.182,0.27,0.338,0,0,1,1
0.182,0.27,0.341,0,0,1,1
0.182,0.27,0.344,0,0,1,1
0.182,0.27,0.347,0,0,1,1
0.182,0.27,0.35,0,0,1,1
0.182,0.27,0.353,0,0,1,1
0.182,0.27,0.356,0,0,1,1
0.182,0.27,0.359,0,0,1,1
0.182,0.27,0.362,0,0,1,1
0.182,0.27,0.365,0,0,1,1
0.182,0.27,0.368,0,0,1,1
0.182,0.27,0.371,0,0,1,1
0.182,0.27,0.374,0,0,1,1
0.182,0.27,0.377,0,0,1,1
0.182,0.27,0.38,0,0,1,1
0.182,0.27,0.383,0,0,1,1
0.182,0.27,0.386,0,0,1,1
0.182,0.27,0.389,0,0,1,1
0.182,0.27,0.392,0,0,1,1
0.182,0.27,0.395,0,0,1,1
0.182,0.27,0.398,0,0,1,1
0.182,0.27,0.401,0,0,1,1
0.182,0.27,0.404,0,0,1,1
0.182,0.27,0.407,0,0,1,1
0.182,0.27,0.41,0,0,1,1
0.182,0.27,0.413,0,0,1,1
0.182,0.27,0.416,0,0,1,1
0.182,0.27,0.419,0,0,1,1
0.182,0.27,0.422,0,0,1,1
0.182,0.27,0.425,0,0,1,1
0.182,0.27,0.427999,0,0,1,1
0.182,0.27,0.430999,0,0,1,1
0.182,0.27,0.433999,0,0,1,1
0.182,0.27,0.436999,0,0,1,1
0.182,0.27,0.439999,0,0,1,1
0.185,0.27,0.26,0,0,1,1
0.185,0.27,0.263,0,0,1,1
0.185,0.27,0.266,0,0,1,1
0.185,0.27,0.269,0,0,1,1
0.185,0.27,0.272,0,0,1,1
0.185,0.27,0.275,0,0,1,1
0.185,0.27,0.278,0,0,1,1
0.185,0.27,0.281,0,0,1,1
0.185,0.27,0.284,0,0,1,1
0.185,0.27,0.287,0,0,1,1
0.185,0.27,0.29,0,0,1,1
0.185,0.27,0.293,0,0,1,1
0.185,0.27,0.296,0,0,1,1
0.185,0.27,0.299,0,0,1,1
0.185,0.27,0.302,0,0,1,1
0.185,0.27,0.305,0,0,1,1
0.185,0.27,0.308,0,0,1,1
0.185,0.27,0.311,0,0,1,1
0.185,0.27,0.314,0,0,1,1
0.185,0.27,0.317,0,0,1,1
0.185,0.27,0.32,0,0,1,1
0.185,0.27,0.323,0,0,1,1
0.185,0.27,0.326,0,0,1,1
0.185,0.27,0.329,0,0,1,1
0.185,0.27,0.332,0,0,1,1
0.185,0.27,0.335,0,0,1,1
0.185,0.27,0.338,0,0,1,1
0.185,0.27,0.341,0,0,1,1
0.185,0.27,0.344,0,0,1,1
0.185,0.27,0.347,0,0,1,1
0.185,0.27,0.35,0,0,1,1
0.185,0.27,0.353,0,0,1,1
0.185,0.27,0.356,0,0,1,1
0.185,0.27,0.359,0,0,1,1
0.185,0.27,0.362,0,0,1,1
0.185,0.27,0.365,0,0,1,1
0.185,0.27,0.368,0,0,1,1
0.185,0.27,0.371,0,0,1,1
0.185,0.27,0.374,0,0,1,1
0.185,0.27,0.377,0,0,1,1
0.185,0.27,0.38,0,0,1,1
0.185,0.27,0.383,0,0,1,1
0.185,0.27,0.386,0,0,1,1
0.185,0.27,0.389,0,0,1,1
0.185,0.27,0.392,0,0,1,1
0.185,0.27,0.395,0,0,1,1
0.185,0.27,0.398,0,0,1,1
0.185,0.27,0.401,0,0,1,1
0.185,0.27,0.404,0,0,1,1
0.185,0.27,0.407,0,0,1,1
0.185,0.27,0.41,0,0,1,1
0.185,0.27,0.413,0,0,1,1
0.185,0.27,0.416,0,0,1,1
0.185,0.27,0.419,0,0,1,1
0.185,0.27,0.422,0,0,1,1
0.185,0.27,0.425,0,0,1,1
0.185,0.27,0.427999,0,0,1,1
0.185,0.27,0.430999,0,0,1,1
0.185,0.27,0.433999,0,0,1,1
0.185,0.27,0.436999,0,0,1,1
0.185,0.27,0.439999,0,0,1,1
0.188,0.27,0.26,0,0,1,1
0.188,0.27,0.263,0,0,1,1
0.188,0.27,0.266,0,0,1,1
0.188,0.27,0.269,0,0,1,1
0.188,0.27,0.272,0,0,1,1
0.188,0.27,0.275,0,0,1,1
0.188,0.27,0.278,0,0,1,1
0.188,0.27,0.281,0,0,1,1
0.188,0.27,0.284,0,0,1,1
0.188,0.27,0.287,0,0,1,1
0.188,0.27,0.29,0,0,1,1
0.188,0.27,0.293,0,0,1,1
0.188,0.27,0.296,0,0,1,1
0.188,0.27,0.299,0,0,1,1
0.188,0.27,0.302,0,0,1,1
0.188,0.27,0.305,0,0,1,1
0.188,0.27,0.308,0,0,1,1
0.188,0.27,0.311,0,0,1,1
0.188,0.27,0.314,0,0,1,1
0.188,0.27,0.317,0,0,1,1
0.188,0.27,0.32,0,0,1,1
0.188,0.27,0.323,0,0,1,1
0.188,0.27,0.326,0,0,1,1
0.188,0.27,0.329,0,0,1,1
0.188,0.27,0.332,0,0,1,1
0.188,0.27,0.335,0,0,1,1
0.188,0.27,0.338,0,0,1,1
0.188,0.27,0.341,0,0,1,1
0.188,0.27,0.344,0,0,1,1
0.188,0.27,0.347,0,0,1,1
0.188,0.27,0.35,0,0,1,1
0.188,0.27,0.353,0,0,1,1
0.188,0.27,0.356,0,0,1,1
0.188,0.27,0.359,0,0,1,1
0.188,0.27,0.362,0,0,1,1
0.188,0.27,0.365,0,0,1,1
0.188,0.27,0.368,0,0,1,1
0.188,0.27,0.371,0,0,1,1
0.188,0.27,0.374,0,0,1,1
0.188,0.27,0.377,0,0,1,1
0.188,0.27,0.38,0,0,1,1
0.188,0.27,0.383,0,0,1,1
0.188,0.27,0.386,0,0,1,1
0.188,0.27,0.389,0,0,1,1
0.188,0.27,0.392,0,0,1,1
0.188,0.27,0.395,0,0,1,1
0.188,0.27,0.398,0,0,1,1
0.188,0.27,0.401,0,0,1,1
0.188,0.27,0.404,0,0,1,1
0.188,0.27,0.407,0,0,1,1
0.188,0.27,0.41,0,0,1,1
0.188,0.27,0.413,0,0,1,1
0.188,0.27,0.416,0,0,1,1
0.188,0.27,0.419,0,0,1,1
0.188,0.27,0.422,0,0,1,1
0.188,0.27,0.425,0,0,1,1
0.188,0.27,0.427999,0,0,1,1
0.188,0.27,0.430999,0,0,1,1
0.188,0.27,0.433999,0,0,1,1
0.188,0.27,0.436999,0,0,1,1
0.188,0.27,0.439999,0,0,1,1
0.191,0.27,0.26,0,0,1,1
0.191,0.27,0.263,0,0,1,1
0.191,0.27,0.266,0,0,1,1
0.191,0.27,0.269,0,0,1,1
0.191,0.27,0.272,0,0,1,1
0.191,0.27,0.275,0,0,1,1
0.191,0.27,0.278,0,0,1,1
0.191,0.27,0.281,0,0,1,1
0.191,0.27,0.284,0,0,1,1
0.191,0.27,0.287,0,0,1,1
0.191,0.27,0.29,0,0,1,1
0.191,0.27,0.293,0,0,1,1
0.191,0.27,0.296,0,0,1,1
0.191,0.27,0.299,0,0,1,1
0.191,0.27,0.302,0,0,1,1
0.191,0.27,0.305,0,0,1,1
0.191,0.27,0.308,0,0,1,1
0.191,0.27,0.311,0,0,1,1
0.191,0.27,0.314,0,0,1,1
0.191,0.27,0.317,0,0,1,1
0.191,0.27,0.32,0,0,1,1
0.191,0.27,0.323,0,0,1,1
0.191,0.27,0.326,0,0,1,1
0.191,0.27,0.329,0,0,1,1
0.191,0.27,0.332,0,0,1,1
0.191,0.27,0.335,0,0,1,1
0.191,0.27,0.338,0,0,1,1
0.191,0.27,0.341,0,0,1,1
0.191,0.27,0.344,0,0,1,1
0.191,0.27,0.347,0,0,1,1
0.191,0.27,0.35,0,0,1,1
0.191,0.27,0.353,0,0,1,1
0.191,0.27,0.356,0,0,1,1
0.191,0.27,0.359,0,0,1,1
0.191,0.27,0.362,0,0,1,1
0.191,0.27,0.365,0,0,1,1
0.191,0.27,0.368,0,0,1,1
0.191,0.27,0.371,0,0,1,1
0.191,0.27,0.374,0,0,1,1
0.191,0.27,0.377,0,0,1,1
0.191,0.27,0.38,0,0,1,1
0.191,0.27,0.383,0,0,1,1
0.191,0.27,0.386,0,0,1,1
0.191,0.27,0.389,0,0,1,1
0.191,0.27,0.392,0,0,1,1
0.191,0.27,0.395,0,0,1,1
0.191,0.27,0.398,0,0,1,1
0.191,0.27,0.401,0,0,1,1
0.191,0.27,0.404,0,0,1,1
0.191,0.27,0.407,0,0,1,1
0.191,0.27,0.41,0,0,1,1
0.191,0.27,0.413,0,0,1,1
0.191,0.27,0.416,0,0,1,1
0.191,0.27,0.419,0,0,1,1
0.191,0.27,0.422,0,0,1,1
0.191,0.27,0.425,0,0,1,1
0.191,0.27,0.427999,0,0,1,1
0.191,0.27,0.430999,0,0,1,1
0.191,0.27,0.433999,0,0,1,1
0.191,0.27,0.436999,0,0,1,1
0.191,0.27,0.439999,0,0,1,1
0.194,0.27,0.26,0,0,1,1
0.194,0.27,0.263,0,0,1,1
0.194,0.27,0.266,0,0,1,1
0.194,0.27,0.269,0,0,1,1
0.194,0.27,0.272,0,0,1,1
0.194,0.27,0.275,0,0,1,1
0.194,0.27,0.278,0,0,1,1
0.194,0.27,0.281,0,0,1,1
0.194,0.27,0.284,0,0,1,1
0.194,0.27,0.287,0,0,1,1
0.194,0.27,0.29,0,0,1,1
0.194,0.27,0.293,0,0,1,1
0.194,0.27,0.296,0,0,1,1
0.194,0.27,0.299,0,0,1,1
0.194,0.27,0.302,0,0,1,1
0.194,0.27,0.305,0,0,1,1
0.194,0.27,0.308,0,0,1,1
0.194,0.27,0.311,0,0,1,1
0.194,0.27,0.314,0,0,1,1
0.194,0.27,0.317,0,0,1,1
0.194,0.27,0.32,0,0,1,1
0.194,0.27,0.323,0,0,1,1
0.194,0.27,0.326,0,0,1,1
0.194,0.27,0.329,0,0,1,1
0.194,0.27,0.332,0,0,1,1
0.194,0.27,0.335,0,0,1,1
0.194,0.27,0.338,0,0,1,1
0.194,0.27,0.341,0,0,1,1
0.194,0.27,0.344,0,0,1,1
0.194,0.27,0.347,0,0,1,1
0.194,0.27,0.35,0,0,1,1
0.194,0.27,0.353,0,0,1,1
0.194,0.27,0.356,0,0,1,1
0.194,0.27,0.359,0,0,1,1
0.194,0.27,0.362,0,0,1,1
0.194,0.27,0.365,0,0,1,1
0.194,0.27,0.368,0,0,1,1
0.194,0.27,0.371,0,0,1,1
0.194,0.27,0.374,0,0,1,1
0.194,0.27,0.377,0,0,1,1
0.194,0.27,0.38,0,0,1,1
0.194,0.27,0.383,0,0,1,1
0.194,0.27,0.386,0,0,1,1
0.194,0.27,0.389,0,0,1,1
0.194,0.27,0.392,0,0,1,1
0.194,0.27,0.395,0,0,1,1
0.194,0.27,0.398,0,0,1,1
0.194,0.27,0.401,0,0,1,1
0.194,0.27,0.404,0,0,1,1
0.194,0.27,0.407,0,0,1,1
0.194,0.27,0.41,0,0,1,1
0.194,0.27,0.413,0,0,1,1
0.194,0.27,0.416,0,0,1,1
0.194,0.27,0.419,0,0,1,1
0.194,0.27,0.422,0,0,1,1
0.194,0.27,0.425,0,0,1,1
0.194,0.27,0.427999,0,0,1,1
0.194,0.27,0.430999,0,0,1,1
0.194,0.27,0.433999,0,0,1,1
0.194,0.27,0.436999,0,0,1,1
0.194,0.27,0.439999,0,0,1,1
0.197,0.27,0.26,0,0,1,1
0.197,0.27,0.263,0,0,1,1
0.197,0.27,0.266,0,0,1,1
0.197,0.27,0.269,0,0,1,1
0.197,0.27,0.272,0,0,1,1
0.197,0.27,0.275,0,0,1,1
0.197,0.27,0.278,0,0,1,1
0.197,0.27,0.281,0,0,1,1
0.197,0.27,0.284,0,0,1,1
0.197,0.27,0.287,0,0,1,1
0.197,0.27,0.29,0,0,1,1
0.197,0.27,0.293,0,0,1,1
0.197,0.27,0.296,0,0,1,1
0.197,0.27,0.299,0,0,1,1
0.197,0.27,0.302,0,0,1,1
0.197,0.27,0.305,0,0,1,1
0.197,0.27,0.308,0,0,1,1
0.197,0.27,0.311,0,0,1,1
0.197,0.27,0.314,0,0,1,1
0.197,0.27,0.317,0,0,1,1
0.197,0.27,0.32,0,0,1,1
0.197,0.27,0.323,0,0,1,1
0.197,0.27,0.326,0,0,1,1
0.197,0.27,0.329,0,0,1,1
0.197,0.27,0.332,0,0,1,1
0.197,0.27,0.335,0,0,1,1
0.197,0.27,0.338,0,0,1,1
0.197,0.27,0.341,0,0,1,1
0.197,0.27,0.344,0,0,1,1
0.197,0.27,0.347,0,0,1,1
0.197,0.27,0.35,0,0,1,1
0.197,0.27,0.353,0,0,1,1
0.197,0.27,0.356,0,0,1,1
0.197,0.27,0.359,0,0,1,1
0.197,0.27,0.362,0,0,1,1
0.197,0.27,0.365,0,0,1,1
0.197,0.27,0.368,0,0,1,1
0.197,0.27,0.371,0,0,1,1
0.197,0.27,0.374,0,0,1,1
0.197,0.27,0.377,0,0,1,1
0.197,0.27,0.38,0,0,1,1
0.197,0.27,0.383,0,0,1,1
0.197,0.27,0.386,0,0,1,1
0.197,0.27,0.389,0,0,1,1
0.197,0.27,0.392,0,0,1,1
0.197,0.27,0.395,0,0,1,1
0.197,0.27,0.398,0,0,1,1
0.197,0.27,0.401,0,0,1,1
0.197,0.27,0.404,0,0,1,1
0.197,0.27,0.407,0,0,1,1
0.197,0.27,0.41,0,0,1,1
0.197,0.27,0.413,0,0,1,1
0.197,0.27,0.416,0,0,1,1
0.197,0.27,0.419,0,0,1,1
0.197,0.27,0.422,0,0,1,1
0.197,0.27,0.425,0,0,1,1
0.197,0.27,0.427999,0,0,1,1
0.197,0.27,0.430999,0,0,1,1
0.197,0.27,0.433999,0,0,1,1
0.197,0.27,0.436999,0,0,1,1
0.197,0.27,0.439999,0,0,1,1
0.2,0.27,0.26,0,0,1,1
0.2,0.27,0.263,0,0,1,1
0.2,0.27,0.266,0,0,1,1
0.2,0.27,0.269,0,0,1,1
0.2,0.27,0.272,0,0,1,1
0.2,0.27,0.275,0,0,1,1
0.2,0.27,0.278,0,0,1,1
0.2,0.27,0.281,0,0,1,1
0.2,0.27,0.284,0,0,1,1
0.2,0.27,0.287,0,0,1,1
0.2,0.27,0.29,0,0,1,1
0.2,0.27,0.293,0,0,1,1
0.2,0.27,0.296,0,0,1,1
0.2,0.27,0.299,0,0,1,1
0.2,0.27,0.302,0,0,1,1
0.2,0.27,0.305,0,0,1,1
0.2,0.27,0.308,0,0,1,1
0.2,0.27,0.311,0,0,1,1
0.2,0.27,0.314,0,0,1,1
0.2,0.27,0.317,0,0,1,1
0.2,0.27,0.32,0,0,1,1
0.2,0.27,0.323,0,0,1,1
0.2,0.27,0.326,0,0,1,1
0.2,0.27,0.329,0,0,1,1
0.2,0.27,0.332,0,0,1,1
0.2,0.27,0.335,0,0,1,1
0.2,0.27,0.338,0,0,1,1
0.2,0.27,0.341,0,0,1,1
0.2,0.27,0.344,0,0,1,1
0.2,0.27,0.347,0,0,1,1
0.2,0.27,0.35,0,0,1,1
0.2,0.27,0.353,0,0,1,1
0.2,0.27,0.356,0,0,1,1
0.2,0.27,0.359,0,0,1,1
0.2,0.27,0.362,0,0,1,1
0.2,0.27,0.365,0,0,1,1
0.2,0.27,0.368,0,0,1,1
0.2,0.27,0.371,0,0,1,1
0.2,0.27,0.374,0,0,1,1
0.2,0.27,0.377,0,0,1,1
0.2,0.27,0.38,0,0,1,1
0.2,0.27,0.383,0,0,1,1
0.2,0.27,0.386,0,0,1,1
0.2,0.27,0.389,0,0,1,1
0.2,0.27,0.392,0,0,1,1
0.2,0.27,0.395,0,0,1,1
0.2,0.27,0.398,0,0,1,1
0.2,0.27,0.401,0,0,1,1
0.2,0.27,0.404,0,0,1,1
0.2,0.27,0.407,0,0,1,1
0.2,0.27,0.41,0,0,1,1
0.2,0.27,0.413,0,0,1,1
0.2,0.27,0.416,0,0,1,1
0.2,0.27,0.419,0,0,1,1
0.2,0.27,0.422,0,0,1,1
0.2,0.27,0.425,0,0,1,1
0.2,0.27,0.427999,0,0,1,1
0.2,0.27,0.430999,0,0,1,1
0.2,0.27,0.433999,0,0,1,1
0.2,0.27,0.436999,0,0,1,1
0.2,0.27,0.439999,0,0,1,1
0.203,0.27,0.26,0,0,1,1
0.203,0.27,0.263,0,0,1,1
0.203,0.27,0.266,0,0,1,1
0.203,0.27,0.269,0,0,1,1
0.203,0.27,0.272,0,0,1,1
0.203,0.27,0.275,0,0,1,1
0.203,0.27,0.278,0,0,1,1
0.203,0.27,0.281,0,0,1,1
0.203,0.27,0.284,0,0,1,1
0.203,0.27,0.287,0,0,1,1
0.203,0.27,0.29,0,0,1,1
0.203,0.27,0.293,0,0,1,1
0.203,0.27,0.296,0,0,1,1
0.203,0.27,0.299,0,0,1,1
0.203,0.27,0.302,0,0,1,1
0.203,0.27,0.305,0,0,1,1
0.203,0.27,0.308,0,0,1,1
0.203,0.27,0.311,0,0,1,1
0.203,0.27,0.314,0,0,1,1
0.203,0.27,0.317,0,0,1,1
0.203,0.27,0.32,0,0,1,1
0.203,0.27,0.323,0,0,1,1
0.203,0.27,0.326,0,0,1,1
0.203,0.27,0.329,0,0,1,1
0.203,0.27,0.332,0,0,1,1
0.203,0.27,0.335,0,0,1,1
0.203,0.27,0.338,0,0,1,1
0.203,0.27,0.341,0,0,1,1
0.203,0.27,0.344,0,0,1,1
0.203,0.27,0.347,0,0,1,1
0.203,0.27,0.35,0,0,1,1
0.203,0.27,0.353,0,0,1,1
0.203,0.27,0.356,0,0,1,1
0.203,0.27,0.359,0,0,1,1
0.203,0.27,0.362,0,0,1,1
0.203,0.27,0.365,0,0,1,1
0.203,0.27,0.368,0,0,1,1
0.203,0.27,0.371,0,0,1,1
0.203,0.27,0.374,0,0,1,1
0.203,0.27,0.377,0,0,1,1
0.203,0.27,0.38,0,0,1,1
0.203,0.27,0.383,0,0,1,1
0.203,0.27,0.386,0,0,1,1
0.203,0.27,0.389,0,0,1,1
0.203,0.27,0.392,0,0,1,1
0.203,0.27,0.395,0,0,1,1
0.203,0.27,0.398,0,0,1,1
0.203,0.27,0.401,0,0,1,1
0.203,0.27,0.404,0,0,1,1
0.203,0.27,0.407,0,0,1,1
0.203,0.27,0.41,0,0,1,1
0.203,0.27,0.413,0,0,1,1
0.203,0.27,0.416,0,0,1,1
0.203,0.27,0.419,0,0,1,1
0.203,0.27,0.422,0,0,1,1
0.203,0.27,0.425,0,0,1,1
0.203,0.27,0.427999,0,0,1,1
0.203,0.27,0.430999,0,0,1,1
0.203,0.27,0.433999,0,0,1,1
0.203,0.27,0.436999,0,0,1,1
0.203,0.27,0.439999,0,0,1,1
0.206,0.27,0.26,0,0,1,1
0.206,0.27,0.263,0,0,1,1
0.206,0.27,0.266,0,0,1,1
0.206,0.27,0.269,0,0,1,1
0.206,0.27,0.272,0,0,1,1
0.206,0.27,0.275,0,0,1,1
0.206,0.27,0.278,0,0,1,1
0.206,0.27,0.281,0,0,1,1
0.206,0.27,0.284,0,0,1,1
0.206,0.27,0.287,0,0,1,1
0.206,0.27,0.29,0,0,1,1
0.206,0.27,0.293,0,0,1,1
0.206,0.27,0.296,0,0,1,1
0.206,0.27,0.299,0,0,1,1
0.206,0.27,0.302,0,0,1,1
0.206,0.27,0.305,0,0,1,1
0.206,0.27,0.308,0,0,1,1
0.206,0.27,0.311,0,0,1,1
0.206,0.27,0.314,0,0,1,1
0.206,0.27,0.317,0,0,1,1
0.206,0.27,0.32,0,0,1,1
0.206,0.27,0.323,0,0,1,1
0.206,0.27,0.326,0,0,1,1
0.206,0.27,0.329,0,0,1,1
0.206,0.27,0.332,0,0,1,1
0.206,0.27,0.335,0,0,1,1
0.206,0.27,0.338,0,0,1,1
0.206,0.27,0.341,0,0,1,1
0.206,0.27,0.344,0,0,1,1
0.206,0.27,0.347,0,0,1,1
0.206,0.27,0.35,0,0,1,1
0.206,0.27,0.353,0,0,1,1
0.206,0.27,0.356,0,0,1,1
0.206,0.27,0.359,0,0,1,1
0.206,0.27,0.362,0,0,1,1
0.206,0.27,0.365,0,0,1,1
0.206,0.27,0.368,0,0,1,1
0.206,0.27,0.371,0,0,1,1
0.206,0.27,0.374,0,0,1,1
0.206,0.27,0.377,0,0,1,1
0.206,0.27,0.38,0,0,1,1
0.206,0.27,0.383,0,0,1,1
0.206,0.27,0.386,0,0,1,1
0.206,0.27,0.389,0,0,1,1
0.206,0.27,0.392,0,0,1,1
0.206,0.27,0.395,0,0,1,1
0.206,0.27,0.398,0,0,1,1
0.206,0.27,0.401,0,0,1,1
0.206,0.27,0.404,0,0,1,1
0.206,0.27,0.407,0,0,1,1
0.206,0.27,0.41,0,0,1,1
0.206,0.27,0.413,0,0,1,1
0.206,0.27,0.416,0,0,1,1
0.206,0.27,0.419,0,0,1,1
0.206,0.27,0.422,0,0,1,1
0.206,0.27,0.425,0,0,1,1
0.206,0.27,0.427999,0,0,1,1
0.206,0.27,0.430999,0,0,1,1
0.206,0.27,0.433999,0,0,1,1
0.206,0.27,0.436999,0,0,1,1
0.206,0.27,0.439999,0,0,1,1
0.209,0.27,0.26,0,0,1,1
0.209,0.27,0.263,0,0,1,1
0.209,0.27,0.266,0,0,1,1
0.209,0.27,0.269,0,0,1,1
0.209,0.27,0.272,0,0,1,1
0.209,0.27,0.275,0,0,1,1
0.209,0.27,0.278,0,0,1,1
0.209,0.27,0.281,0,0,1,1
0.209,0.27,0.284,0,0,1,1
0.209,0.27,0.287,0,0,1,1
0.209,0.27,0.29,0,0,1,1
0.209,0.27,0.293,0,0,1,1
0.209,0.27,0.296,0,0,1,1
0.209,0.27,0.299,0,0,1,1
0.209,0.27,0.302,0,0,1,1
0.209,0.27,0.305,0,0,1,1
0.209,0.27,0.308,0,0,1,1
0.209,0.27,0.311,0,0,1,1
0.209,0.27,0.314,0,0,1,1
0.209,0.27,0.317,0,0,1,1
0.209,0.27,0.32,0,0,1,1
0.209,0.27,0.323,0,0,1,1
0.209,0.27,0.326,0,0,1,1
0.209,0.27,0.329,0,0,1,1
0.209,0.27,0.332,0,0,1,1
0.209,0.27,0.335,0,0,1,1
0.209,0.27,0.338,0,0,1,1
0.209,0.27,0.341,0,0,1,1
0.209,0.27,0.344,0,0,1,1
0.209,0.27,0.347,0,0,1,1
0.209,0.27,0.35,0,0,1,1
0.209,0.27,0.353,0,0,1,1
0.209,0.27,0.356,0,0,1,1
0.209,0.27,0.359,0,0,1,1
0.209,0.27,0.362,0,0,1,1
0.209,0.27,0.365,0,0,1,1
0.209,0.27,0.368,0,0,1,1
0.209,0.27,0.371,0,0,1,1
0.209,0.27,0.374,0,0,1,1
0.209,0.27,0.377,0,0,1,1
0.209,0.27,0.38,0,0,1,1
0.209,0.27,0.383,0,0,1,1
0.209,0.27,0.386,0,0,1,1
0.209,0.27,0.389,0,0,1,1
0.209,0.27,0.392,0,0,1,1
0.209,0.27,0.395,0,0,1,1
0.209,0.27,0.398,0,0,1,1
0.209,0.27,0.401,0,0,1,1
0.209,0.27,0.404,0,0,1,1
0.209,0.27,0.407,0,0,1,1
0.209,0.27,0.41,0,0,1,1
0.209,0.27,0.413,0,0,1,1
0.209,0.27,0.416,0,0,1,1
0.209,0.27,0.419,0,0,1,1
0.209,0.27,0.422,0,0,1,1
0.209,0.27,0.425,0,0,1,1
0.209,0.27,0.427999,0,0,1,1
0.209,0.27,0.430999,0,0,1,1
0.209,0.27,0.433999,0,0,1,1
0.209,0.27,0.436999,0,0,1,1
0.209,0.27,0.439999,0,0,1,1
0.212,0.27,0.26,0,0,1,1
0.212,0.27,0.263,0,0,1,1
0.212,0.27,0.266,0,0,1,1
0.212,0.27,0.269,0,0,1,1
0.212,0.27,0.272,0,0,1,1
0.212,0.27,0.275,0,0,1,1
0.212,0.27,0.278,0,0,1,1
0.212,0.27,0.281,0,0,1,1
0.212,0.27,0.284,0,0,1,1
0.212,0.27,0.287,0,0,1,1
0.212,0.27,0.29,0,0,1,1
0.212,0.27,0.293,0,0,1,1
0.212,0.27,0.296,0,0,1,1
0.212,0.27,0.299,0,0,1,1
0.212,0.27,0.302,0,0,1,1
0.212,0.27,0.305,0,0,1,1
0.212,0.27,0.308,0,0,1,1
0.212,0.27,0.311,0,0,1,1
0.212,0.27,0.314,0,0,1,1
0.212,0.27,0.317,0,0,1,1
0.212,0.27,0.32,0,0,1,1
0.212,0.27,0.323,0,0,1,1
0.212,0.27,0.326,0,0,1,1
0.212,0.27,0.329,0,0,1,1
0.212,0.27,0.332,0,0,1,1
0.212,0.27,0.335,0,0,1,1
0.212,0.27,0.338,0,0,1,1
0.212,0.27,0.341,0,0,1,1
0.212,0.27,0.344,0,0,1,1
0.212,0.27,0.347,0,0,1,1
0.212,0.27,0.35,0,0,1,1
0.212,0.27,0.353,0,0,1,1
0.212,0.27,0.356,0,0,1,1
0.212,0.27,0.359,0,0,1,1
0.212,0.27,0.362,0,0,1,1
0.212,0.27,0.365,0,0,1,1
0.212,0.27,0.368,0,0,1,1
0.212,0.27,0.371,0,0,1,1
0.212,0.27,0.374,0,0,1,1
0.212,0.27,0.377,0,0,1,1
0.212,0.27,0.38,0,0,1,1
0.212,0.27,0.383,0,0,1,1
0.212,0.27,0.386,0,0,1,1
0.212,0.27,0.389,0,0,1,1
0.212,0.27,0.392,0,0,1,1
0.212,0.27,0.395,0,0,1,1
0.212,0.27,0.398,0,0,1,1
0.212,0.27,0.401,0,0,1,1
0.212,0.27,0.404,0,0,1,1
0.212,0.27,0.407,0,0,1,1
0.212,0.27,0.41,0,0,1,1
0.212,0.27,0.413,0,0,1,1
0.212,0.27,0.416,0,0,1,1
0.212,0.27,0.419,0,0,1,1
0.212,0.27,0.422,0,0,1,1
0.212,0.27,0.425,0,0,1,1
0.212,0.27,0.427999,0,0,1,1
0.212,0.27,0.430999,0,0,1,1
0.212,0.27,0.433999,0,0,1,1
0.212,0.27,0.436999,0,0,1,1
0.212,0.27,0.439999,0,0,1,1
0.215,0.27,0.26,0,0,1,1
0.215,0.27,0.263,0,0,1,1
0.215,0.27,0.266,0,0,1,1
0.215,0.27,0.269,0,0,1,1
0.215,0.27,0.272,0,0,1,1
0.215,0.27,0.275,0,0,1,1
0.215,0.27,0.278,0,0,1,1
0.215,0.27,0.281,0,0,1,1
0.215,0.27,0.284,0,0,1,1
0.215,0.27,0.287,0,0,1,1
0.215,0.27,0.29,0,0,1,1
0.215,0.27,0.293,0,0,1,1
0.215,0.27,0.296,0,0,1,1
0.215,0.27,0.299,0,0,1,1
0.215,0.27,0.302,0,0,1,1
0.215,0.27,0.305,0,0,1,1
0.215,0.27,0.308,0,0,1,1
0.215,0.27,0.311,0,0,1,1
0.215,0.27,0.314,0,0,1,1
0.215,0.27,0.317,0,0,1,1
0.215,0.27,0.32,0,0,1,1
0.215,0.27,0.323,0,0,1,1
0.215,0.27,0.326,0,0,1,1
0.215,0.27,0.329,0,0,1,1
0.215,0.27,0.332,0,0,1,1
0.215,0.27,0.335,0,0,1,1
0.215,0.27,0.338,0,0,1,1
0.215,0.27,0.341,0,0,1,1
0.215,0.27,0.344,0,0,1,1
0.215,0.27,0.347,0,0,1,1
0.215,0.27,0.35,0,0,1,1
0.215,0.27,0.353,0,0,1,1
0.215,0.27,0.356,0,0,1,1
0.215,0.27,0.359,0,0,1,1
0.215,0.27,0.362,0,0,1,1
0.215,0.27,0.365,0,0,1,1
0.215,0.27,0.368,0,0,1,1
0.215,0.27,0.371,0,0,1,1
0.215,0.27,0.374,0,0,1,1
0.215,0.27,0.377,0,0,1,1
0.215,0.27,0.38,0,0,1,1
0.215,0.27,0.383,0,0,1,1
0.215,0.27,0.386,0,0,1,1
0.215,0.27,0.389,0,0,1,1
0.215,0.27,0.392,0,0,1,1
0.215,0.27,0.395,0,0,1,1
0.215,0.27,0.398,0,0,1,1
0.215,0.27,0.401,0,0,1,1
0.215,0.27,0.404,0,0,1,1
0.215,0.27,0.407,0,0,1,1
0.215,0.27,0.41,0,0,1,1
0.215,0.27,0.413,0,0,1,1
0.215,0.27,0.416,0,0,1,1
0.215,0.27,0.419,0,0,1,1
0.215,0.27,0.422,0,0,1,1
0.215,0.27,0.425,0,0,1,1
0.215,0.27,0.427999,0,0,1,1
0.215,0.27,0.430999,0,0,1,1
0.215,0.27,0.433999,0,0,1,1
0.215,0.27,0.436999,0,0,1,1
0.215,0.27,0.439999,0,0,1,1
0.218,0.27,0.26,0,0,1,1
0.218,0.27,0.263,0,0,1,1
0.218,0.27,0.266,0,0,1,1
0.218,0.27,0.269,0,0,1,1
0.218,0.27,0.272,0,0,1,1
0.218,0.27,0.275,0,0,1,1
0.218,0.27,0.278,0,0,1,1
0.218,0.27,0.281,0,0,1,1
0.218,0.27,0.284,0,0,1,1
0.218,0.27,0.287,0,0,1,1
0.218,0.27,0.29,0,0,1,1
0.218,0.27,0.293,0,0,1,1
0.218,0.27,0.296,0,0,1,1
0.218,0.27,0.299,0,0,1,1
0.218,0.27,0.302,0,0,1,1
0.218,0.27,0.305,0,0,1,1
0.218,0.27,0.308,0,0,1,1
0.218,0.27,0.311,0,0,1,1
0.218,0.27,0.314,0,0,1,1
0.218,0.27,0.317,0,0,1,1
0.218,0.27,0.32,0,0,1,1
0.218,0.27,0.323,0,0,1,1
0.218,0.27,0.326,0,0,1,1
0.218,0.27,0.329,0,0,1,1
0.218,0.27,0.332,0,0,1,1
0.218,0.27,0.335,0,0,1,1
0.218,0.27,0.338,0,0,1,1
0.218,0.27,0.341,0,0,1,1
0.218,0.27,0.344,0,0,1,1
0.218,0.27,0.347,0,0,1,1
0.218,0.27,0.35,0,0,1,1
0.218,0.27,0.353,0,0,1,1
0.218,0.27,0.356,0,0,1,1
0.218,0.27,0.359,0,0,1,1
0.218,0.27,0.362,0,0,1,1
0.218,0.27,0.365,0,0,1,1
0.218,0.27,0.368,0,0,1,1
0.218,0.27,0.371,0,0,1,1
0.218,0.27,0.374,0,0,1,1
0.218,0.27,0.377,0,0,1,1
0.218,0.27,0.38,0,0,1,1
0.218,0.27,0.383,0,0,1,1
0.218,0.27,0.386,0,0,1,1
0.218,0.27,0.389,0,0,1,1
0.218,0.27,0.392,0,0,1,1
0.218,0.27,0.395,0,0,1,1
0.218,0.27,0.398,0,0,1,1
0.218,0.27,0.401,0,0,1,1
0.218,0.27,0.404,0,0,1,1
0.218,0.27,0.407,0,0,1,1
0.218,0.27,0.41,0,0,1,1
0.218,0.27,0.413,0,0,1,1
0.218,0.27,0.416,0,0,1,1
0.218,0.27,0.419,0,0,1,1
0.218,0.27,0.422,0,0,1,1
0.218,0.27,0.425,0,0,1,1
0.218,0.27,0.427999,0,0,1,1
0.218,0.27,0.430999,0,0,1,1
0.218,0.27,0.433999,0,0,1,1
0.218,0.27,0.436999,0,0,1,1
0.218,0.27,0.439999,0,0,1,1
0.221,0.27,0.26,0,0,1,1
0.221,0.27,0.263,0,0,1,1
0.221,0.27,0.266,0,0,1,1
0.221,0.27,0.269,0,0,1,1
0.221,0.27,0.272,0,0,1,1
0.221,0.27,0.275,0,0,1,1
0.221,0.27,0.278,0,0,1,1
0.221,0.27,0.281,0,0,1,1
0.221,0.27,0.284,0,0,1,1
0.221,0.27,0.287,0,0,1,1
0.221,0.27,0.29,0,0,1,1
0.221,0.27,0.293,0,0,1,1
0.221,0.27,0.296,0,0,1,1
0.221,0.27,0.299,0,0,1,1
0.221,0.27,0.302,0,0,1,1
0.221,0.27,0.305,0,0,1,1
0.221,0.27,0.308,0,0,1,1
0.221,0.27,0.311,0,0,1,1
0.221,0.27,0.314,0,0,1,1
0.221,0.27,0.317,0,0,1,1
0.221,0.27,0.32,0,0,1,1
0.221,0.27,0.323,0,0,1,1
0.221,0.27,0.326,0,0,1,1
0.221,0.27,0.329,0,0,1,1
0.221,0.27,0.332,0,0,1,1
0.221,0.27,0.335,0,0,1,1
0.221,0.27,0.338,0,0,1,1
0.221,0.27,0.341,0,0,1,1
0.221,0.27,0.344,0,0,1,1
0.221,0.27,0.347,0,0,1,1
0.221,0.27,0.35,0,0,1,1
0.221,0.27,0.353,0,0,1,1
0.221,0.27,0.356,0,0,1,1
0.221,0.27,0.359,0,0,1,1
0.221,0.27,0.362,0,0,1,1
0.221,0.27,0.365,0,0,1,1
0.221,0.27,0.368,0,0,1,1
0.221,0.27,0.371,0,0,1,1
0.221,0.27,0.374,0,0,1,1
0.221,0.27,0.377,0,0,1,1
0.221,0.27,0.38,0,0,1,1
0.221,0.27,0.383,0,0,1,1
0.221,0.27,0.386,0,0,1,1
0.221,0.27,0.389,0,0,1,1
0.221,0.27,0.392,0,0,1,1
0.221,0.27,0.395,0,0,1,1
0.221,0.27,0.398,0,0,1,1
0.221,0.27,0.401,0,0,1,1
0.221,0.27,0.404,0,0,1,1
0.221,0.27,0.407,0,0,1,1
0.221,0.27,0.41,0,0,1,1
0.221,0.27,0.413,0,0,1,1
0.221,0.27,0.416,0,0,1,1
0.221,0.27,0.419,0,0,1,1
0.221,0.27,0.422,0,0,1,1
0.221,0.27,0.425,0,0,1,1
0.221,0.27,0.427999,0,0,1,1
0.221,0.27,0.430999,0,0,1,1
0.221,0.27,0.433999,0,0,1,1
0.221,0.27,0.436999,0,0,1,1
0.221,0.27,0.439999,0,0,1,1
0.224,0.27,0.26,0,0,1,1
0.224,0.27,0.263,0,0,1,1
0.224,0.27,0.266,0,0,1,1
0.224,0.27,0.269,0,0,1,1
0.224,0.27,0.272,0,0,1,1
0.224,0.27,0.275,0,0,1,1
0.224,0.27,0.278,0,0,1,1
0.224,0.27,0.281,0,0,1,1
0.224,0.27,0.284,0,0,1,1
0.224,0.27,0.287,0,0,1,1
0.224,0.27,0.29,0,0,1,1
0.224,0.27,0.293,0,0,1,1
0.224,0.27,0.296,0,0,1,1
0.224,0.27,0.299,0,0,1,1
0.224,0.27,0.302,0,0,1,1
0.224,0.27,0.305,0,0,1,1
0.224,0.27,0.308,0,0,1,1
0.224,0.27,0.311,0,0,1,1
0.224,0.27,0.314,0,0,1,1
0.224,0.27,0.317,0,0,1,1
0.224,0.27,0.32,0,0,1,1
0.224,0.27,0.323,0,0,1,1
0.224,0.27,0.326,0,0,1,1
0.224,0.27,0.329,0,0,1,1
0.224,0.27,0.332,0,0,1,1
0.224,0.27,0.335,0,0,1,1
0.224,0.27,0.338,0,0,1,1
0.224,0.27,0.341,0,0,1,1
0.224,0.27,0.344,0,0,1,1
0.224,0.27,0.347,0,0,1,1
0.224,0.27,0.35,0,0,1,1
0.224,0.27,0.353,0,0,1,1
0.224,0.27,0.356,0,0,1,1
0.224,0.27,0.359,0,0,1,1
0.224,0.27,0.362,0,0,1,1
0.224,0.27,0.365,0,0,1,1
0.224,0.27,0.368,0,0,1,1
0.224,0.27,0.371,0,0,1,1
0.224,0.27,0.374,0,0,1,1
0.224,0.27,0.377,0,0,1,1
0.224,0.27,0.38,0,0,1,1
0.224,0.27,0.383,0,0,1,1
0.224,0.27,0.386,0,0,1,1
0.224,0.27,0.389,0,0,1,1
0.224,0.27,0.392,0,0,1,1
0.224,0.27,0.395,0,0,1,1
0.224,0.27,0.398,0,0,1,1
0.224,0.27,0.401,0,0,1,1
0.224,0.27,0.404,0,0,1,1
0.224,0.27,0.407,0,0,1,1
0.224,0.27,0.41,0,0,1,1
0.224,0.27,0.413,0,0,1,1
0.224,0.27,0.416,0,0,1,1
0.224,0.27,0.419,0,0,1,1
0.224,0.27,0.422,0,0,1,1
0.224,0.27,0.425,0,0,1,1
0.224,0.27,0.427999,0,0,1,1
0.224,0.27,0.430999,0,0,1,1
0.224,0.27,0.433999,0,0,1,1
0.224,0.27,0.436999,0,0,1,1
0.224,0.27,0.439999,0,0,1,1
0.227,0.27,0.26,0,0,1,1
0.227,0.27,0.263,0,0,1,1
0.227,0.27,0.266,0,0,1,1
0.227,0.27,0.269,0,0,1,1
0.227,0.27,0.272,0,0,1,1
0.227,0.27,0.275,0,0,1,1
0.227,0.27,0.278,0,0,1,1
0.227,0.27,0.281,0,0,1,1
0.227,0.27,0.284,0,0,1,1
0.227,0.27,0.287,0,0,1,1
0.227,0.27,0.29,0,0,1,1
0.227,0.27,0.293,0,0,1,1
0.227,0.27,0.296,0,0,1,1
0.227,0.27,0.299,0,0,1,1
0.227,0.27,0.302,0,0,1,1
0.227,0.27,0.305,0,0,1,1
0.227,0.27,0.308,0,0,1,1
0.227,0.27,0.311,0,0,1,1
0.227,0.27,0.314,0,0,1,1
0.227,0.27,0.317,0,0,1,1
0.227,0.27,0.32,0,0,1,1
0.227,0.27,0.323,0,0,1,1
0.227,0.27,0.326,0,0,1,1
0.227,0.27,0.329,0,0,1,1
0.227,0.27,0.332,0,0,1,1
0.227,0.27,0.335,0,0,1,1
0.227,0.27,0.338,0,0,1,1
0.227,0.27,0.341,0,0,1,1
0.227,0.27,0.344,0,0,1,1
0.227,0.27,0.347,0,0,1,1
0.227,0.27,0.35,0,0,1,1
0.227,0.27,0.353,0,0,1,1
0.227,0.27,0.356,0,0,1,1
0.227,0.27,0.359,0,0,1,1
0.227,0.27,0.362,0,0,1,1
0.227,0.27,0.365,0,0,1,1
0.227,0.27,0.368,0,0,1,1
0.227,0.27,0.371,0,0,1,1
0.227,0.27,0.374,0,0,1,1
0.227,0.27,0.377,0,0,1,1
0.227,0.27,0.38,0,0,1,1
0.227,0.27,0.383,0,0,1,1
0.227,0.27,0.386,0,0,1,1
0.227,0.27,0.389,0,0,1,1
0.227,0.27,0.392,0,0,1,1
0.227,0.27,0.395,0,0,1,1
0.227,0.27,0.398,0,0,1,1
0.227,0.27,0.401,0,0,1,1
0.227,0.27,0.404,0,0,1,1
0.227,0.27,0.407,0,0,1,1
0.227,0.27,0.41,0,0,1,1
0.227,0.27,0.413,0,0,1,1
0.227,0.27,0.416,0,0,1,1
0.227,0.27,0.419,0,0,1,1
0.227,0.27,0.422,0,0,1,1
0.227,0.27,0.425,0,0,1,1
0.227,0.27,0.427999,0,0,1,1
0.227,0.27,0.430999,0,0,1,1
0.227,0.27,0.433999,0,0,1,1
0.227,0.27,0.436999,0,0,1,1
0.227,0.27,0.439999,0,0,1,1
0.23,0.27,0.26,0,0,1,1
0.23,0.27,0.263,0,0,1,1
0.23,0.27,0.266,0,0,1,1
0.23,0.27,0.269,0,0,1,1
0.23,0.27,0.272,0,0,1,1
0.23,0.27,0.275,0,0,1,1
0.23,0.27,0.278,0,0,1,1
0.23,0.27,0.281,0,0,1,1
0.23,0.27,0.284,0,0,1,1
0.23,0.27,0.287,0,0,1,1
0.23,0.27,0.29,0,0,1,1
0.23,0.27,0.293,0,0,1,1
0.23,0.27,0.296,0,0,1,1
0.23,0.27,0.299,0,0,1,1
0.23,0.27,0.302,0,0,1,1
0.23,0.27,0.305,0,0,1,1
0.23,0.27,0.308,0,0,1,1
0.23,0.27,0.311,0,0,1,1
0.23,0.27,0.314,0,0,1,1
0.23,0.27,0.317,0,0,1,1
0.23,0.27,0.32,0,0,1,1
0.23,0.27,0.323,0,0,1,1
0.23,0.27,0.326,0,0,1,1
0.23,0.27,0.329,0,0,1,1
0.23,0.27,0.332,0,0,1,1
0.23,0.27,0.335,0,0,1,1
0.23,0.27,0.338,0,0,1,1
0.23,0.27,0.341,0,0,1,1
0.23,0.27,0.344,0,0,1,1
0.23,0.27,0.347,0,0,1,1
0.23,0.27,0.35,0,0,1,1
0.23,0.27,0.353,0,0,1,1
0.23,0.27,0.356,0,0,1,1
0.23,0.27,0.359,0,0,1,1
0.23,0.27,0.362,0,0,1,1
0.23,0.27,0.365,0,0,1,1
0.23,0.27,0.368,0,0,1,1
0.23,0.27,0.371,0,0,1,1
0.23,0.27,0.374,0,0,1,1
0.23,0.27,0.377,0,0,1,1
0.23,0.27,0.38,0,0,1,1
0.23,0.27,0.383,0,0,1,1
0.23,0.27,0.386,0,0,1,1
0.23,0.27,0.389,0,0,1,1
0.23,0.27,0.392,0,0,1,1
0.23,0.27,0.395,0,0,1,1
0.23,0.27,0.398,0,0,1,1
0.23,0.27,0.401,0,0,1,1
0.23,0.27,0.404,0,0,1,1
0.23,0.27,0.407,0,0,1,1
0.23,0.27,0.41,0,0,1,1
0.23,0.27,0.413,0,0,1,1
0.23,0.27,0.416,0,0,1,1
0.23,0.27,0.419,0,0,1,1
0.23,0.27,0.422,0,0,1,1
0.23,0.27,0.425,0,0,1,1
0.23,0.27,0.427999,0,0,1,1
0.23,0.27,0.430999,0,0,1,1
0.23,0.27,0.433999,0,0,1,1
0.23,0.27,0.436999,0,0,1,1
0.23,0.27,0.439999,0,0,1,1
0.233,0.27,0.26,0,0,1,1
0.233,0.27,0.263,0,0,1,1
0.233,0.27,0.266,0,0,1,1
0.233,0.27,0.269,0,0,1,1
0.233,0.27,0.272,0,0,1,1
0.233,0.27,0.275,0,0,1,1
0.233,0.27,0.278,0,0,1,1
0.233,0.27,0.281,0,0,1,1
0.233,0.27,0.284,0,0,1,1
0.233,0.27,0.287,0,0,1,1
0.233,0.27,0.29,0,0,1,1
0.233,0.27,0.293,0,0,1,1
0.233,0.27,0.296,0,0,1,1
0.233,0.27,0.299,0,0,1,1
0.233,0.27,0.302,0,0,1,1
0.233,0.27,0.305,0,0,1,1
0.233,0.27,0.308,0,0,1,1
0.233,0.27,0.311,0,0,1,1
0.233,0.27,0.314,0,0,1,1
0.233,0.27,0.317,0,0,1,1
0.233,0.27,0.32,0,0,1,1
0.233,0.27,0.323,0,0,1,1
0.233,0.27,0.326,0,0,1,1
0.233,0.27,0.329,0,0,1,1
0.233,0.27,0.332,0,0,1,1
0.233,0.27,0.335,0,0,1,1
0.233,0.27,0.338,0,0,1,1
0.233,0.27,0.341,0,0,1,1
0.233,0.27,0.344,0,0,1,1
0.233,0.27,0.347,0,0,1,1
0.233,0.27,0.35,0,0,1,1
0.233,0.27,0.353,0,0,1,1
0.233,0.27,0.356,0,0,1,1
0.233,0.27,0.359,0,0,1,1
0.233,0.27,0.362,0,0,1,1
0.233,0.27,0.365,0,0,1,1
0.233,0.27,0.368,0,0,1,1
0.233,0.27,0.371,0,0,1,1
0.233,0.27,0.374,0,0,1,1
0.233,0.27,0.377,0,0,1,1
0.233,0.27,0.38,0,0,1,1
0.233,0.27,0.383,0,0,1,1
0.233,0.27,0.386,0,0,1,1
0.233,0.27,0.389,0,0,1,1
0.233,0.27,0.392,0,0,1,1
0.233,0.27,0.395,0,0,1,1
0.233,0.27,0.398,0,0,1,1
0.233,0.27,0.401,0,0,1,1
0.233,0.27,0.404,0,0,1,1
0.233,0.27,0.407,0,0,1,1
0.233,0.27,0.41,0,0,1,1
0.233,0.27,0.413,0,0,1,1
0.233,0.27,0.416,0,0,1,1
0.233,0.27,0.419,0,0,1,1
0.233,0.27,0.422,0,0,1,1
0.233,0.27,0.425,0,0,1,1
0.233,0.27,0.427999,0,0,1,1
0.233,0.27,0.430999,0,0,1,1
0.233,0.27,0.433999,0,0,1,1
0.233,0.27,0.436999,0,0,1,1
0.233,0.27,0.439999,0,0,1,1
0.236,0.27,0.26,0,0,1,1
0.236,0.27,0.263,0,0,1,1
0.236,0.27,0.266,0,0,1,1
0.236,0.27,0.269,0,0,1,1
0.236,0.27,0.272,0,0,1,1
0.236,0.27,0.275,0,0,1,1
0.236,0.27,0.278,0,0,1,1
0.236,0.27,0.281,0,0,1,1
0.236,0.27,0.284,0,0,1,1
0.236,0.27,0.287,0,0,1,1
0.236,0.27,0.29,0,0,1,1
0.236,0.27,0.293,0,0,1,1
0.236,0.27,0.296,0,0,1,1
0.236,0.27,0.299,0,0,1,1
0.236,0.27,0.302,0,0,1,1
0.236,0.27,0.305,0,0,1,1
0.236,0.27,0.308,0,0,1,1
0.236,0.27,0.311,0,0,1,1
0.236,0.27,0.314,0,0,1,1
0.236,0.27,0.317,0,0,1,1
0.236,0.27,0.32,0,0,1,1
0.236,0.27,0.323,0,0,1,1
0.236,0.27,0.326,0,0,1,1
0.236,0.27,0.329,0,0,1,1
0.236,0.27,0.332,0,0,1,1
0.236,0.27,0.335,0,0,1,1
0.236,0.27,0.338,0,0,1,1
0.236,0.27,0.341,0,0,1,1
0.236,0.27,0.344,0,0,1,1
0.236,0.27,0.347,0,0,1,1
0.236,0.27,0.35,0,0,1,1
0.236,0.27,0.353,0,0,1,1
0.236,0.27,0.356,0,0,1,1
0.236,0.27,0.359,0,0,1,1
0.236,0.27,0.362,0,0,1,1
0.236,0.27,0.365,0,0,1,1
0.236,0.27,0.368,0,0,1,1
0.236,0.27,0.371,0,0,1,1
0.236,0.27,0.374,0,0,1,1
0.236,0.27,0.377,0,0,1,1
0.236,0.27,0.38,0,0,1,1
0.236,0.27,0.383,0,0,1,1
0.236,0.27,0.386,0,0,1,1
0.236,0.27,0.389,0,0,1,1
0.236,0.27,0.392,0,0,1,1
0.236,0.27,0.395,0,0,1,1
0.236,0.27,0.398,0,0,1,1
0.236,0.27,0.401,0,0,1,1
0.236,0.27,0.404,0,0,1,1
0.236,0.27,0.407,0,0,1,1
0.236,0.27,0.41,0,0,1,1
0.236,0.27,0.413,0,0,1,1
0.236,0.27,0.416,0,0,1,1
0.236,0.27,0.419,0,0,1,1
0.236,0.27,0.422,0,0,1,1
0.236,0.27,0.425,0,0,1,1
0.236,0.27,0.427999,0,0,1,1
0.236,0.27,0.430999,0,0,1,1
0.236,0.27,0.433999,0,0,1,1
0.236,0.27,0.436999,0,0,1,1
0.236,0.27,0.439999,0,0,1,1
0.239,0.27,0.26,0,0,1,1
0.239,0.27,0.263,0,0,1,1
0.239,0.27,0.266,0,0,1,1
0.239,0.27,0.269,0,0,1,1
0.239,0.27,0.272,0,0,1,1
0.239,0.27,0.275,0,0,1,1
0.239,0.27,0.278,0,0,1,1
0.239,0.27,0.281,0,0,1,1
0.239,0.27,0.284,0,0,1,1
0.239,0.27,0.287,0,0,1,1
0.239,0.27,0.29,0,0,1,1
0.239,0.27,0.293,0,0,1,1
0.239,0.27,0.296,0,0,1,1
0.239,0.27,0.299,0,0,1,1
0.239,0.27,0.302,0,0,1,1
0.239,0.27,0.305,0,0,1,1
0.239,0.27,0.308,0,0,1,1
0.239,0.27,0.311,0,0,1,1
0.239,0.27,0.314,0,0,1,1
0.239,0.27,0.317,0,0,1,1
0.239,0.27,0.32,0,0,1,1
0.239,0.27,0.323,0,0,1,1
0.239,0.27,0.326,0,0,1,1
0.239,0.27,0.329,0,0,1,1
0.239,0.27,0.332,0,0,1,1
0.239,0.27,0.335,0,0,1,1
0.239,0.27,0.338,0,0,1,1
0.239,0.27,0.341,0,0,1,1
0.239,0.27,0.344,0,0,1,1
0.239,0.27,0.347,0,0,1,1
0.239,0.27,0.35,0,0,1,1
0.239,0.27,0.353,0,0,1,1
0.239,0.27,0.356,0,0,1,1
0.239,0.27,0.359,0,0,1,1
0.239,0.27,0.362,0,0,1,1
0.239,0.27,0.365,0,0,1,1
0.239,0.27,0.368,0,0,1,1
0.239,0.27,0.371,0,0,1,1
0.239,0.27,0.374,0,0,1,1
0.239,0.27,0.377,0,0,1,1
0.239,0.27,0.38,0,0,1,1
0.239,0.27,0.383,0,0,1,1
0.239,0.27,0.386,0,0,1,1
0.239,0.27,0.389,0,0,1,1
0.239,0.27,0.392,0,0,1,1
0.239,0.27,0.395,0,0,1,1
0.239,0.27,0.398,0,0,1,1
0.239,0.27,0.401,0,0,1,1
0.239,0.27,0.404,0,0,1,1
0.239,0.27,0.407,0,0,1,1
0.239,0.27,0.41,0,0,1,1
0.239,0.27,0.413,0,0,1,1
0.239,0.27,0.416,0,0,1,1
0.239,0.27,0.419,0,0,1,1
0.239,0.27,0.422,0,0,1,1
0.239,0.27,0.425,0,0,1,1
0.239,0.27,0.427999,0,0,1,1
0.239,0.27,0.430999,0,0,1,1
0.239,0.27,0.433999,0,0,1,1
0.239,0.27,0.436999,0,0,1,1
0.239,0.27,0.439999,0,0,1,1
0.242,0.27,0.26,0,0,1,1
0.242,0.27,0.263,0,0,1,1
0.242,0.27,0.266,0,0,1,1
0.242,0.27,0.269,0,0,1,1
0.242,0.27,0.272,0,0,1,1
0.242,0.27,0.275,0,0,1,1
0.242,0.27,0.278,0,0,1,1
0.242,0.27,0.281,0,0,1,1
0.242,0.27,0.284,0,0,1,1
0.242,0.27,0.287,0,0,1,1
0.242,0.27,0.29,0,0,1,1
0.242,0.27,0.293,0,0,1,1
0.242,0.27,0.296,0,0,1,1
0.242,0.27,0.299,0,0,1,1
0.242,0.27,0.302,0,0,1,1
0.242,0.27,0.305,0,0,1,1
0.242,0.27,0.308,0,0,1,1
0.242,0.27,0.311,0,0,1,1
0.242,0.27,0.314,0,0,1,1
0.242,0.27,0.317,0,0,1,1
0.242,0.27,0.32,0,0,1,1
0.242,0.27,0.323,0,0,1,1
0.242,0.27,0.326,0,0,1,1
0.242,0.27,0.329,0,0,1,1
0.242,0.27,0.332,0,0,1,1
0.242,0.27,0.335,0,0,1,1
0.242,0.27,0.338,0,0,1,1
0.242,0.27,0.341,0,0,1,1
0.242,0.27,0.344,0,0,1,1
0.242,0.27,0.347,0,0,1,1
0.242,0.27,0.35,0,0,1,1
0.242,0.27,0.353,0,0,1,1
0.242,0.27,0.356,0,0,1,1
0.242,0.27,0.359,0,0,1,1
0.242,0.27,0.362,0,0,1,1
0.242,0.27,0.365,0,0,1,1
0.242,0.27,0.368,0,0,1,1
0.242,0.27,0.371,0,0,1,1
0.242,0.27,0.374,0,0,1,1
0.242,0.27,0.377,0,0,1,1
0.242,0.27,0.38,0,0,1,1
0.242,0.27,0.383,0,0,1,1
0.242,0.27,0.386,0,0,1,1
0.242,0.27,0.389,0,0,1,1
0.242,0.27,0.392,0,0,1,1
0.242,0.27,0.395,0,0,1,1
0.242,0.27,0.398,0,0,1,1
0.242,0.27,0.401,0,0,1,1
0.242,0.27,0.404,0,0,1,1
0.242,0.27,0.407,0,0,1,1
0.242,0.27,0.41,0,0,1,1
0.242,0.27,0.413,0,0,1,1
0.242,0.27,0.416,0,0,1,1
0.242,0.27,0.419,0,0,1,1
0.242,0.27,0.422,0,0,1,1
0.242,0.27,0.425,0,0,1,1
0.242,0.27,0.427999,0,0,1,1
0.242,0.27,0.430999,0,0,1,1
0.242,0.27,0.433999,0,0,1,1
0.242,0.27,0.436999,0,0,1,1
0.242,0.27,0.439999,0,0,1,1
0.245,0.27,0.26,0,0,1,1
0.245,0.27,0.263,0,0,1,1
0.245,0.27,0.266,0,0,1,1
0.245,0.27,0.269,0,0,1,1
0.245,0.27,0.272,0,0,1,1
0.245,0.27,0.275,0,0,1,1
0.245,0.27,0.278,0,0,1,1
0.245,0.27,0.281,0,0,1,1
0.245,0.27,0.284,0,0,1,1
0.245,0.27,0.287,0,0,1,1
0.245,0.27,0.29,0,0,1,1
0.245,0.27,0.293,0,0,1,1
0.245,0.27,0.296,0,0,1,1
0.245,0.27,0.299,0,0,1,1
0.245,0.27,0.302,0,0,1,1
0.245,0.27,0.305,0,0,1,1
0.245,0.27,0.308,0,0,1,1
0.245,0.27,0.311,0,0,1,1
0.245,0.27,0.314,0,0,1,1
0.245,0.27,0.317,0,0,1,1
0.245,0.27,0.32,0,0,1,1
0.245,0.27,0.323,0,0,1,1
0.245,0.27,0.326,0,0,1,1
0.245,0.27,0.329,0,0,1,1
0.245,0.27,0.332,0,0,1,1
0.245,0.27,0.335,0,0,1,1
0.245,0.27,0.338,0,0,1,1
0.245,0.27,0.341,0,0,1,1
0.245,0.27,0.344,0,0,1,1
0.245,0.27,0.347,0,0,1,1
0.245,0.27,0.35,0,0,1,1
0.245,0.27,0.353,0,0,1,1
0.245,0.27,0.356,0,0,1,1
0.245,0.27,0.359,0,0,1,1
0.245,0.27,0.362,0,0,1,1
0.245,0.27,0.365,0,0,1,1
0.245,0.27,0.368,0,0,1,1
0.245,0.27,0.371,0,0,1,1
0.245,0.27,0.374,0,0,1,1
0.245,0.27,0.377,0,0,1,1
0.245,0.27,0.38,0,0,1,1
0.245,0.27,0.383,0,0,1,1
0.245,0.27,0.386,0,0,1,1
0.245,0.27,0.389,0,0,1,1
0.245,0.27,0.392,0,0,1,1
0.245,0.27,0.395,0,0,1,1
0.245,0.27,0.398,0,0,1,1
0.245,0.27,0.401,0,0,1,1
0.245,0.27,0.404,0,0,1,1
0.245,0.27,0.407,0,0,1,1
0.245,0.27,0.41,0,0,1,1
0.245,0.27,0.413,0,0,1,1
0.245,0.27,0.416,0,0,1,1
0.245,0.27,0.419,0,0,1,1
0.245,0.27,0.422,0,0,1,1
0.245,0.27,0.425,0,0,1,1
0.245,0.27,0.427999,0,0,1,1
0.245,0.27,0.430999,0,0,1,1
0.245,0.27,0.433999,0,0,1,1
0.245,0.27,0.436999,0,0,1,1
0.245,0.27,0.439999,0,0,1,1
0.248,0.27,0.26,0,0,1,1
0.248,0.27,0.263,0,0,1,1
0.248,0.27,0.266,0,0,1,1
0.248,0.27,0.269,0,0,1,1
0.248,0.27,0.272,0,0,1,1
0.248,0.27,0.275,0,0,1,1
0.248,0.27,0.278,0,0,1,1
0.248,0.27,0.281,0,0,1,1
0.248,0.27,0.284,0,0,1,1
0.248,0.27,0.287,0,0,1,1
0.248,0.27,0.29,0,0,1,1
0.248,0.27,0.293,0,0,1,1
0.248,0.27,0.296,0,0,1,1
0.248,0.27,0.299,0,0,1,1
0.248,0.27,0.302,0,0,1,1
0.248,0.27,0.305,0,0,1,1
0.248,0.27,0.308,0,0,1,1
0.248,0.27,0.311,0,0,1,1
0.248,0.27,0.314,0,0,1,1
0.248,0.27,0.317,0,0,1,1
0.248,0.27,0.32,0,0,1,1
0.248,0.27,0.323,0,0,1,1
0.248,0.27,0.326,0,0,1,1
0.248,0.27,0.329,0,0,1,1
0.248,0.27,0.332,0,0,1,1
0.248,0.27,0.335,0,0,1,1
0.248,0.27,0.338,0,0,1,1
0.248,0.27,0.341,0,0,1,1
0.248,0.27,0.344,0,0,1,1
0.248,0.27,0.347,0,0,1,1
0.248,0.27,0.35,0,0,1,1
0.248,0.27,0.353,0,0,1,1
0.248,0.27,0.356,0,0,1,1
0.248,0.27,0.359,0,0,1,1
0.248,0.27,0.362,0,0,1,1
0.248,0.27,0.365,0,0,1,1
0.248,0.27,0.368,0,0,1,1
0.248,0.27,0.371,0,0,1,1
0.248,0.27,0.374,0,0,1,1
0.248,0.27,0.377,0,0,1,1
0.248,0.27,0.38,0,0,1,1
0.248,0.27,0.383,0,0,1,1
0.248,0.27,0.386,0,0,1,1
0.248,0.27,0.389,0,0,1,1
0.248,0.27,0.392,0,0,1,1
0.248,0.27,0.395,0,0,1,1
0.248,0.27,0.398,0,0,1,1
0.248,0.27,0.401,0,0,1,1
0.248,0.27,0.404,0,0,1,1
0.248,0.27,0.407,0,0,1,1
0.248,0.27,0.41,0,0,1,1
0.248,0.27,0.413,0,0,1,1
0.248,0.27,0.416,0,0,1,1
0.248,0.27,0.419,0,0,1,1
0.248,0.27,0.422,0,0,1,1
0.248,0.27,0.425,0,0,1,1
0.248,0.27,0.427999,0,0,1,1
0.248,0.27,0.430999,0,0,1,1
0.248,0.27,0.433999,0,0,1,1
0.248,0.27,0.436999,0,0,1,1
0.248,0.27,0.439999,0,0,1,1
0.251,0.27,0.26,0,0,1,1
0.251,0.27,0.263,0,0,1,1
0.251,0.27,0.266,0,0,1,1
0.251,0.27,0.269,0,0,1,1
0.251,0.27,0.272,0,0,1,1
0.251,0.27,0.275,0,0,1,1
0.251,0.27,0.278,0,0,1,1
0.251,0.27,0.281,0,0,1,1
0.251,0.27,0.284,0,0,1,1
0.251,0.27,0.287,0,0,1,1
0.251,0.27,0.29,0,0,1,1
0.251,0.27,0.293,0,0,1,1
0.251,0.27,0.296,0,0,1,1
0.251,0.27,0.299,0,0,1,1
0.251,0.27,0.302,0,0,1,1
0.251,0.27,0.305,0,0,1,1
0.251,0.27,0.308,0,0,1,1
0.251,0.27,0.311,0,0,1,1
0.251,0.27,0.314,0,0,1,1
0.251,0.27,0.317,0,0,1,1
0.251,0.27,0.32,0,0,1,1
0.251,0.27,0.323,0,0,1,1
0.251,0.27,0.326,0,0,1,1
0.251,0.27,0.329,0,0,1,1
0.251,0.27,0.332,0,0,1,1
0.251,0.27,0.335,0,0,1,1
0.251,0.27,0.338,0,0,1,1
0.251,0.27,0.341,0,0,1,1
0.251,0.27,0.344,0,0,1,1
0.251,0.27,0.347,0,0,1,1
0.251,0.27,0.35,0,0,1,1
0.251,0.27,0.353,0,0,1,1
0.251,0.27,0.356,0,0,1,1
0.251,0.27,0.359,0,0,1,1
0.251,0.27,0.362,0,0,1,1
0.251,0.27,0.365,0,0,1,1
0.251,0.27,0.368,0,0,1,1
0.251,0.27,0.371,0,0,1,1
0.251,0.27,0.374,0,0,1,1
0.251,0.27,0.377,0,0,1,1
0.251,0.27,0.38,0,0,1,1
0.251,0.27,0.383,0,0,1,1
0.251,0.27,0.386,0,0,1,1
0.251,0.27,0.389,0,0,1,1
0.251,0.27,0.392,0,0,1,1
0.251,0.27,0.395,0,0,1,1
0.251,0.27,0.398,0,0,1,1
0.251,0.27,0.401,0,0,1,1
0.251,0.27,0.404,0,0,1,1
0.251,0.27,0.407,0,0,1,1
0.251,0.27,0.41,0,0,1,1
0.251,0.27,0.413,0,0,1,1
0.251,0.27,0.416,0,0,1,1
0.251,0.27,0.419,0,0,1,1
0.251,0.27,0.422,0,0,1,1
0.251,0.27,0.425,0,0,1,1
0.251,0.27,0.427999,0,0,1,1
0.251,0.27,0.430999,0,0,1,1
0.251,0.27,0.433999,0,0,1,1
0.251,0.27,0.436999,0,0,1,1
0.251,0.27,0.439999,0,0,1,1
0.254,0.27,0.26,0,0,1,1
0.254,0.27,0.263,0,0,1,1
0.254,0.27,0.266,0,0,1,1
0.254,0.27,0.269,0,0,1,1
0.254,0.27,0.272,0,0,1,1
0.254,0.27,0.275,0,0,1,1
0.254,0.27,0.278,0,0,1,1
0.254,0.27,0.281,0,0,1,1
0.254,0.27,0.284,0,0,1,1
0.254,0.27,0.287,0,0,1,1
0.254,0.27,0.29,0,0,1,1
0.254,0.27,0.293,0,0,1,1
0.254,0.27,0.296,0,0,1,1
0.254,0.27,0.299,0,0,1,1
0.254,0.27,0.302,0,0,1,1
0.254,0.27,0.305,0,0,1,1
0.254,0.27,0.308,0,0,1,1
0.254,0.27,0.311,0,0,1,1
0.254,0.27,0.314,0,0,1,1
0.254,0.27,0.317,0,0,1,1
0.254,0.27,0.32,0,0,1,1
0.254,0.27,0.323,0,0,1,1
0.254,0.27,0.326,0,0,1,1
0.254,0.27,0.329,0,0,1,1
0.254,0.27,0.332,0,0,1,1
0.254,0.27,0.335,0,0,1,1
0.254,0.27,0.338,0,0,1,1
0.254,0.27,0.341,0,0,1,1
0.254,0.27,0.344,0,0,1,1
0.254,0.27,0.347,0,0,1,1
0.254,0.27,0.35,0,0,1,1
0.254,0.27,0.353,0,0,1,1
0.254,0.27,0.356,0,0,1,1
0.254,0.27,0.359,0,0,1,1
0.254,0.27,0.362,0,0,1,1
0.254,0.27,0.365,0,0,1,1
0.254,0.27,0.368,0,0,1,1
0.254,0.27,0.371,0,0,1,1
0.254,0.27,0.374,0,0,1,1
0.254,0.27,0.377,0,0,1,1
0.254,0.27,0.38,0,0,1,1
0.254,0.27,0.383,0,0,1,1
0.254,0.27,0.386,0,0,1,1
0.254,0.27,0.389,0,0,1,1
0.254,0.27,0.392,0,0,1,1
0.254,0.27,0.395,0,0,1,1
0.254,0.27,0.398,0,0,1,1
0.254,0.27,0.401,0,0,1,1
0.254,0.27,0.404,0,0,1,1
0.254,0.27,0.407,0,0,1,1
0.254,0.27,0.41,0,0,1,1
0.254,0.27,0.413,0,0,1,1
0.254,0.27,0.416,0,0,1,1
0.254,0.27,0.419,0,0,1,1
0.254,0.27,0.422,0,0,1,1
0.254,0.27,0.425,0,0,1,1
0.254,0.27,0.427999,0,0,1,1
0.254,0.27,0.430999,0,0,1,1
0.254,0.27,0.433999,0,0,1,1
0.254,0.27,0.436999,0,0,1,1
0.254,0.27,0.439999,0,0,1,1
0.257,0.27,0.26,0,0,1,1
0.257,0.27,0.263,0,0,1,1
0.257,0.27,0.266,0,0,1,1
0.257,0.27,0.269,0,0,1,1
0.257,0.27,0.272,0,0,1,1
0.257,0.27,0.275,0,0,1,1
0.257,0.27,0.278,0,0,1,1
0.257,0.27,0.281,0,0,1,1
0.257,0.27,0.284,0,0,1,1
0.257,0.27,0.287,0,0,1,1
0.257,0.27,0.29,0,0,1,1
0.257,0.27,0.293,0,0,1,1
0.257,0.27,0.296,0,0,1,1
0.257,0.27,0.299,0,0,1,1
0.257,0.27,0.302,0,0,1,1
0.257,0.27,0.305,0,0,1,1
0.257,0.27,0.308,0,0,1,1
0.257,0.27,0.311,0,0,1,1
0.257,0.27,0.314,0,0,1,1
0.257,0.27,0.317,0,0,1,1
0.257,0.27,0.32,0,0,1,1
0.257,0.27,0.323,0,0,1,1
0.257,0.27,0.326,0,0,1,1
0.257,0.27,0.329,0,0,1,1
0.257,0.27,0.332,0,0,1,1
0.257,0.27,0.335,0,0,1,1
0.257,0.27,0.338,0,0,1,1
0.257,0.27,0.341,0,0,1,1
0.257,0.27,0.344,0,0,1,1
0.257,0.27,0.347,0,0,1,1
0.257,0.27,0.35,0,0,1,1
0.257,0.27,0.353,0,0,1,1
0.257,0.27,0.356,0,0,1,1
0.257,0.27,0.359,0,0,1,1
0.257,0.27,0.362,0,0,1,1
0.257,0.27,0.365,0,0,1,1
0.257,0.27,0.368,0,0,1,1
0.257,0.27,0.371,0,0,1,1
0.257,0.27,0.374,0,0,1,1
0.257,0.27,0.377,0,0,1,1
0.257,0.27,0.38,0,0,1,1
0.257,0.27,0.383,0,0,1,1
0.257,0.27,0.386,0,0,1,1
0.257,0.27,0.389,0,0,1,1
0.257,0.27,0.392,0,0,1,1
0.257,0.27,0.395,0,0,1,1
0.257,0.27,0.398,0,0,1,1
0.257,0.27,0.401,0,0,1,1
0.257,0.27,0.404,0,0,1,1
0.257,0.27,0.407,0,0,1,1
0.257,0.27,0.41,0,0,1,1
0.257,0.27,0.413,0,0,1,1
0.257,0.27,0.416,0,0,1,1
0.257,0.27,0.419,0,0,1,1
0.257,0.27,0.422,0,0,1,1
0.257,0.27,0.425,0,0,1,1
0.257,0.27,0.427999,0,0,1,1
0.257,0.27,0.430999,0,0,1,1
0.257,0.27,0.433999,0,0,1,1
0.257,0.27,0.436999,0,0,1,1
0.257,0.27,0.439999,0,0,1,1
0.26,0.27,0.26,0,0,1,1
0.26,0.27,0.263,0,0,1,1
0.26,0.27,0.266,0,0,1,1
0.26,0.27,0.269,0,0,1,1
0.26,0.27,0.272,0,0,1,1
0.26,0.27,0.275,0,0,1,1
0.26,0.27,0.278,0,0,1,1
0.26,0.27,0.281,0,0,1,1
0.26,0.27,0.284,0,0,1,1
0.26,0.27,0.287,0,0,1,1
0.26,0.27,0.29,0,0,1,1
0.26,0.27,0.293,0,0,1,1
0.26,0.27,0.296,0,0,1,1
0.26,0.27,0.299,0,0,1,1
0.26,0.27,0.302,0,0,1,1
0.26,0.27,0.305,0,0,1,1
0.26,0.27,0.308,0,0,1,1
0.26,0.27,0.311,0,0,1,1
0.26,0.27,0.314,0,0,1,1
0.26,0.27,0.317,0,0,1,1
0.26,0.27,0.32,0,0,1,1
0.26,0.27,0.323,0,0,1,1
0.26,0.27,0.326,0,0,1,1
0.26,0.27,0.329,0,0,1,1
0.26,0.27,0.332,0,0,1,1
0.26,0.27,0.335,0,0,1,1
0.26,0.27,0.338,0,0,1,1
0.26,0.27,0.341,0,0,1,1
0.26,0.27,0.344,0,0,1,1
0.26,0.27,0.347,0,0,1,1
0.26,0.27,0.35,0,0,1,1
0.26,0.27,0.353,0,0,1,1
0.26,0.27,0.356,0,0,1,1
0.26,0.27,0.359,0,0,1,1
0.26,0.27,0.362,0,0,1,1
0.26,0.27,0.365,0,0,1,1
0.26,0.27,0.368,0,0,1,1
0.26,0.27,0.371,0,0,1,1
0.26,0.27,0.374,0,0,1,1
0.26,0.27,0.377,0,0,1,1
0.26,0.27,0.38,0,0,1,1
0.26,0.27,0.383,0,0,1,1
0.26,0.27,0.386,0,0,1,1
0.26,0.27,0.389,0,0,1,1
0.26,0.27,0.392,0,0,1,1
0.26,0.27,0.395,0,0,1,1
0.26,0.27,0.398,0,0,1,1
0.26,0.27,0.401,0,0,1,1
0.26,0.27,0.404,0,0,1,1
0.26,0.27,0.407,0,0,1,1
0.26,0.27,0.41,0,0,1,1
0.26,0.27,0.413,0,0,1,1
0.26,0.27,0.416,0,0,1,1
0.26,0.27,0.419,0,0,1,1
0.26,0.27,0.422,0,0,1,1
0.26,0.27,0.425,0,0,1,1
0.26,0.27,0.427999,0,0,1,1
0.26,0.27,0.430999,0,0,1,1
0.26,0.27,0.433999,0,0,1,1
0.26,0.27,0.436999,0,0,1,1
0.26,0.27,0.439999,0,0,1,1
0.263,0.27,0.26,0,0,1,1
0.263,0.27,0.263,0,0,1,1
0.263,0.27,0.266,0,0,1,1
0.263,0.27,0.269,0,0,1,1
0.263,0.27,0.272,0,0,1,1
0.263,0.27,0.275,0,0,1,1
0.263,0.27,0.278,0,0,1,1
0.263,0.27,0.281,0,0,1,1
0.263,0.27,0.284,0,0,1,1
0.263,0.27,0.287,0,0,1,1
0.263,0.27,0.29,0,0,1,1
0.263,0.27,0.293,0,0,1,1
0.263,0.27,0.296,0,0,1,1
0.263,0.27,0.299,0,0,1,1
0.263,0.27,0.302,0,0,1,1
0.263,0.27,0.305,0,0,1,1
0.263,0.27,0.308,0,0,1,1
0.263,0.27,0.311,0,0,1,1
0.263,0.27,0.314,0,0,1,1
0.263,0.27,0.317,0,0,1,1
0.263,0.27,0.32,0,0,1,1
0.263,0.27,0.323,0,0,1,1
0.263,0.27,0.326,0,0,1,1
0.263,0.27,0.329,0,0,1,1
0.263,0.27,0.332,0,0,1,1
0.263,0.27,0.335,0,0,1,1
0.263,0.27,0.338,0,0,1,1
0.263,0.27,0.341,0,0,1,1
0.263,0.27,0.344,0,0,1,1
0.263,0.27,0.347,0,0,1,1
0.263,0.27,0.35,0,0,1,1
0.263,0.27,0.353,0,0,1,1
0.263,0.27,0.356,0,0,1,1
0.263,0.27,0.359,0,0,1,1
0.263,0.27,0.362,0,0,1,1
0.263,0.27,0.365,0,0,1,1
0.263,0.27,0.368,0,0,1,1
0.263,0.27,0.371,0,0,1,1
0.263,0.27,0.374,0,0,1,1
0.263,0.27,0.377,0,0,1,1
0.263,0.27,0.38,0,0,1,1
0.263,0.27,0.383,0,0,1,1
0.263,0.27,0.386,0,0,1,1
0.263,0.27,0.389,0,0,1,1
0.263,0.27,0.392,0,0,1,1
0.263,0.27,0.395,0,0,1,1
0.263,0.27,0.398,0,0,1,1
0.263,0.27,0.401,0,0,1,1
0.263,0.27,0.404,0,0,1,1
0.263,0.27,0.407,0,0,1,1
0.263,0.27,0.41,0,0,1,1
0.263,0.27,0.413,0,0,1,1
0.263,0.27,0.416,0,0,1,1
0.263,0.27,0.419,0,0,1,1
0.263,0.27,0.422,0,0,1,1
0.263,0.27,0.425,0,0,1,1
0.263,0.27,0.427999,0,0,1,1
0.263,0.27,0.430999,0,0,1,1
0.263,0.27,0.433999,0,0,1,1
0.263,0.27,0.436999,0,0,1,1
0.263,0.27,0.439999,0,0,1,1
0.266,0.27,0.26,0,0,1,1
0.266,0.27,0.263,0,0,1,1
0.266,0.27,0.266,0,0,1,1
0.266,0.27,0.269,0,0,1,1
0.266,0.27,0.272,0,0,1,1
0.266,0.27,0.275,0,0,1,1
0.266,0.27,0.278,0,0,1,1
0.266,0.27,0.281,0,0,1,1
0.266,0.27,0.284,0,0,1,1
0.266,0.27,0.287,0,0,1,1
0.266,0.27,0.29,0,0,1,1
0.266,0.27,0.293,0,0,1,1
0.266,0.27,0.296,0,0,1,1
0.266,0.27,0.299,0,0,1,1
0.266,0.27,0.302,0,0,1,1
0.266,0.27,0.305,0,0,1,1
0.266,0.27,0.308,0,0,1,1
0.266,0.27,0.311,0,0,1,1
0.266,0.27,0.314,0,0,1,1
0.266,0.27,0.317,0,0,1,1
0.266,0.27,0.32,0,0,1,1
0.266,0.27,0.323,0,0,1,1
0.266,0.27,0.326,0,0,1,1
0.266,0.27,0.329,0,0,1,1
0.266,0.27,0.332,0,0,1,1
0.266,0.27,0.335,0,0,1,1
0.266,0.27,0.338,0,0,1,1
0.266,0.27,0.341,0,0,1,1
0.266,0.27,0.344,0,0,1,1
0.266,0.27,0.347,0,0,1,1
0.266,0.27,0.35,0,0,1,1
0.266,0.27,0.353,0,0,1,1
0.266,0.27,0.356,0,0,1,1
0.266,0.27,0.359,0,0,1,1
0.266,0.27,0.362,0,0,1,1
0.266,0.27,0.365,0,0,1,1
0.266,0.27,0.368,0,0,1,1
0.266,0.27,0.371,0,0,1,1
0.266,0.27,0.374,0,0,1,1
0.266,0.27,0.377,0,0,1,1
0.266,0.27,0.38,0,0,1,1
0.266,0.27,0.383,0,0,1,1
0.266,0.27,0.386,0,0,1,1
0.266,0.27,0.389,0,0,1,1
0.266,0.27,0.392,0,0,1,1
0.266,0.27,0.395,0,0,1,1
0.266,0.27,0.398,0,0,1,1
0.266,0.27,0.401,0,0,1,1
0.266,0.27,0.404,0,0,1,1
0.266,0.27,0.407,0,0,1,1
0.266,0.27,0.41,0,0,1,1
0.266,0.27,0.413,0,0,1,1
0.266,0.27,0.416,0,0,1,1
0.266,0.27,0.419,0,0,1,1
0.266,0.27,0.422,0,0,1,1
0.266,0.27,0.425,0,0,1,1
0.266,0.27,0.427999,0,0,1,1
0.266,0.27,0.430999,0,0,1,1
0.266,0.27,0.433999,0,0,1,1
0.266,0.27,0.436999,0,0,1,1
0.266,0.27,0.439999,0,0,1,1
0.269,0.27,0.26,0,0,1,1
0.269,0.27,0.263,0,0,1,1
0.269,0.27,0.266,0,0,1,1
0.269,0.27,0.269,0,0,1,1
0.269,0.27,0.272,0,0,1,1
0.269,0.27,0.275,0,0,1,1
0.269,0.27,0.278,0,0,1,1
0.269,0.27,0.281,0,0,1,1
0.269,0.27,0.284,0,0,1,1
0.269,0.27,0.287,0,0,1,1
0.269,0.27,0.29,0,0,1,1
0.269,0.27,0.293,0,0,1,1
0.269,0.27,0.296,0,0,1,1
0.269,0.27,0.299,0,0,1,1
0.269,0.27,0.302,0,0,1,1
0.269,0.27,0.305,0,0,1,1
0.269,0.27,0.308,0,0,1,1
0.269,0.27,0.311,0,0,1,1
0.269,0.27,0.314,0,0,1,1
0.269,0.27,0.317,0,0,1,1
0.269,0.27,0.32,0,0,1,1
0.269,0.27,0.323,0,0,1,1
0.269,0.27,0.326,0,0,1,1
0.269,0.27,0.329,0,0,1,1
0.269,0.27,0.332,0,0,1,1
0.269,0.27,0.335,0,0,1,1
0.269,0.27,0.338,0,0,1,1
0.269,0.27,0.341,0,0,1,1
0.269,0.27,0.344,0,0,1,1
0.269,0.27,0.347,0,0,1,1
0.269,0.27,0.35,0,0,1,1
0.269,0.27,0.353,0,0,1,1
0.269,0.27,0.356,0,0,1,1
0.269,0.27,0.359,0,0,1,1
0.269,0.27,0.362,0,0,1,1
0.269,0.27,0.365,0,0,1,1
0.269,0.27,0.368,0,0,1,1
0.269,0.27,0.371,0,0,1,1
0.269,0.27,0.374,0,0,1,1
0.269,0.27,0.377,0,0,1,1
0.269,0.27,0.38,0,0,1,1
0.269,0.27,0.383,0,0,1,1
0.269,0.27,0.386,0,0,1,1
0.269,0.27,0.389,0,0,1,1
0.269,0.27,0.392,0,0,1,1
0.269,0.27,0.395,0,0,1,1
0.269,0.27,0.398,0,0,1,1
0.269,0.27,0.401,0,0,1,1
0.269,0.27,0.404,0,0,1,1
0.269,0.27,0.407,0,0,1,1
0.269,0.27,0.41,0,0,1,1
0.269,0.27,0.413,0,0,1,1
0.269,0.27,0.416,0,0,1,1
0.269,0.27,0.419,0,0,1,1
0.269,0.27,0.422,0,0,1,1
0.269,0.27,0.425,0,0,1,1
0.269,0.27,0.427999,0,0,1,1
0.269,0.27,0.430999,0,0,1,1
0.269,0.27,0.433999,0,0,1,1
0.269,0.27,0.436999,0,0,1,1
0.269,0.27,0.439999,0,0,1,1
0.272,0.27,0.26,0,0,1,1
0.272,0.27,0.263,0,0,1,1
0.272,0.27,0.266,0,0,1,1
0.272,0.27,0.269,0,0,1,1
0.272,0.27,0.272,0,0,1,1
0.272,0.27,0.275,0,0,1,1
0.272,0.27,0.278,0,0,1,1
0.272,0.27,0.281,0,0,1,1
0.272,0.27,0.284,0,0,1,1
0.272,0.27,0.287,0,0,1,1
0.272,0.27,0.29,0,0,1,1
0.272,0.27,0.293,0,0,1,1
0.272,0.27,0.296,0,0,1,1
0.272,0.27,0.299,0,0,1,1
0.272,0.27,0.302,0,0,1,1
0.272,0.27,0.305,0,0,1,1
0.272,0.27,0.308,0,0,1,1
0.272,0.27,0.311,0,0,1,1
0.272,0.27,0.314,0,0,1,1
0.272,0.27,0.317,0,0,1,1
0.272,0.27,0.32,0,0,1,1
0.272,0.27,0.323,0,0,1,1
0.272,0.27,0.326,0,0,1,1
0.272,0.27,0.329,0,0,1,1
0.272,0.27,0.332,0,0,1,1
0.272,0.27,0.335,0,0,1,1
0.272,0.27,0.338,0,0,1,1
0.272,0.27,0.341,0,0,1,1
0.272,0.27,0.344,0,0,1,1
0.272,0.27,0.347,0,0,1,1
0.272,0.27,0.35,0,0,1,1
0.272,0.27,0.353,0,0,1,1
0.272,0.27,0.356,0,0,1,1
0.272,0.27,0.359,0,0,1,1
0.272,0.27,0.362,0,0,1,1
0.272,0.27,0.365,0,0,1,1
0.272,0.27,0.368,0,0,1,1
0.272,0.27,0.371,0,0,1,1
0.272,0.27,0.374,0,0,1,1
0.272,0.27,0.377,0,0,1,1
0.272,0.27,0.38,0,0,1,1
0.272,0.27,0.383,0,0,1,1
0.272,0.27,0.386,0,0,1,1
0.272,0.27,0.389,0,0,1,1
0.272,0.27,0.392,0,0,1,1
0.272,0.27,0.395,0,0,1,1
0.272,0.27,0.398,0,0,1,1
0.272,0.27,0.401,0,0,1,1
0.272,0.27,0.404,0,0,1,1
0.272,0.27,0.407,0,0,1,1
0.272,0.27,0.41,0,0,1,1
0.272,0.27,0.413,0,0,1,1
0.272,0.27,0.416,0,0,1,1
0.272,0.27,0.419,0,0,1,1
0.272,0.27,0.422,0,0,1,1
0.272,0.27,0.425,0,0,1,1
0.272,0.27,0.427999,0,0,1,1
0.272,0.27,0.430999,0,0,1,1
0.272,0.27,0.433999,0,0,1,1
0.272,0.27,0.436999,0,0,1,1
0.272,0.27,0.439999,0,0,1,1
0.275,0.27,0.26,0,0,1,1
0.275,0.27,0.263,0,0,1,1
0.275,0.27,0.266,0,0,1,1
0.275,0.27,0.269,0,0,1,1
0.275,0.27,0.272,0,0,1,1
0.275,0.27,0.275,0,0,1,1
0.275,0.27,0.278,0,0,1,1
0.275,0.27,0.281,0,0,1,1
0.275,0.27,0.284,0,0,1,1
0.275,0.27,0.287,0,0,1,1
0.275,0.27,0.29,0,0,1,1
0.275,0.27,0.293,0,0,1,1
0.275,0.27,0.296,0,0,1,1
0.275,0.27,0.299,0,0,1,1
0.275,0.27,0.302,0,0,1,1
0.275,0.27,0.305,0,0,1,1
0.275,0.27,0.308,0,0,1,1
0.275,0.27,0.311,0,0,1,1
0.275,0.27,0.314,0,0,1,1
0.275,0.27,0.317,0,0,1,1
0.275,0.27,0.32,0,0,1,1
0.275,0.27,0.323,0,0,1,1
0.275,0.27,0.326,0,0,1,1
0.275,0.27,0.329,0,0,1,1
0.275,0.27,0.332,0,0,1,1
0.275,0.27,0.335,0,0,1,1
0.275,0.27,0.338,0,0,1,1
0.275,0.27,0.341,0,0,1,1
0.275,0.27,0.344,0,0,1,1
0.275,0.27,0.347,0,0,1,1
0.275,0.27,0.35,0,0,1,1
0.275,0.27,0.353,0,0,1,1
0.275,0.27,0.356,0,0,1,1
0.275,0.27,0.359,0,0,1,1
0.275,0.27,0.362,0,0,1,1
0.275,0.27,0.365,0,0,1,1
0.275,0.27,0.368,0,0,1,1
0.275,0.27,0.371,0,0,1,1
0.275,0.27,0.374,0,0,1,1
0.275,0.27,0.377,0,0,1,1
0.275,0.27,0.38,0,0,1,1
0.275,0.27,0.383,0,0,1,1
0.275,0.27,0.386,0,0,1,1
0.275,0.27,0.389,0,0,1,1
0.275,0.27,0.392,0,0,1,1
0.275,0.27,0.395,0,0,1,1
0.275,0.27,0.398,0,0,1,1
0.275,0.27,0.401,0,0,1,1
0.275,0.27,0.404,0,0,1,1
0.275,0.27,0.407,0,0,1,1
0.275,0.27,0.41,0,0,1,1
0.275,0.27,0.413,0,0,1,1
0.275,0.27,0.416,0,0,1,1
0.275,0.27,0.419,0,0,1,1
0.275,0.27,0.422,0,0,1,1
0.275,0.27,0.425,0,0,1,1
0.275,0.27,0.427999,0,0,1,1
0.275,0.27,0.430999,0,0,1,1
0.275,0.27,0.433999,0,0,1,1
0.275,0.27,0.436999,0,0,1,1
0.275,0.27,0.439999,0,0,1,1
0.278,0.27,0.26,0,0,1,1
0.278,0.27,0.263,0,0,1,1
0.278,0.27,0.266,0,0,1,1
0.278,0.27,0.269,0,0,1,1
0.278,0.27,0.272,0,0,1,1
0.278,0.27,0.275,0,0,1,1
0.278,0.27,0.278,0,0,1,1
0.278,0.27,0.281,0,0,1,1
0.278,0.27,0.284,0,0,1,1
0.278,0.27,0.287,0,0,1,1
0.278,0.27,0.29,0,0,1,1
0.278,0.27,0.293,0,0,1,1
0.278,0.27,0.296,0,0,1,1
0.278,0.27,0.299,0,0,1,1
0.278,0.27,0.302,0,0,1,1
0.278,0.27,0.305,0,0,1,1
0.278,0.27,0.308,0,0,1,1
0.278,0.27,0.311,0,0,1,1
0.278,0.27,0.314,0,0,1,1
0.278,0.27,0.317,0,0,1,1
0.278,0.27,0.32,0,0,1,1
0.278,0.27,0.323,0,0,1,1
0.278,0.27,0.326,0,0,1,1
0.278,0.27,0.329,0,0,1,1
0.278,0.27,0.332,0,0,1,1
0.278,0.27,0.335,0,0,1,1
0.278,0.27,0.338,0,0,1,1
0.278,0.27,0.341,0,0,1,1
0.278,0.27,0.344,0,0,1,1
0.278,0.27,0.347,0,0,1,1
0.278,0.27,0.35,0,0,1,1
0.278,0.27,0.353,0,0,1,1
0.278,0.27,0.356,0,0,1,1
0.278,0.27,0.359,0,0,1,1
0.278,0.27,0.362,0,0,1,1
0.278,0.27,0.365,0,0,1,1
0.278,0.27,0.368,0,0,1,1
0.278,0.27,0.371,0,0,1,1
0.278,0.27,0.374,0,0,1,1
0.278,0.27,0.377,0,0,1,1
0.278,0.27,0.38,0,0,1,1
0.278,0.27,0.383,0,0,1,1
0.278,0.27,0.386,0,0,1,1
0.278,0.27,0.389,0,0,1,1
0.278,0.27,0.392,0,0,1,1
0.278,0.27,0.395,0,0,1,1
0.278,0.27,0.398,0,0,1,1
0.278,0.27,0.401,0,0,1,1
0.278,0.27,0.404,0,0,1,1
0.278,0.27,0.407,0,0,1,1
0.278,0.27,0.41,0,0,1,1
0.278,0.27,0.413,0,0,1,1
0.278,0.27,0.416,0,0,1,1
0.278,0.27,0.419,0,0,1,1
0.278,0.27,0.422,0,0,1,1
0.278,0.27,0.425,0,0,1,1
0.278,0.27,0.427999,0,0,1,1
0.278,0.27,0.430999,0,0,1,1
0.278,0.27,0.433999,0,0,1,1
0.278,0.27,0.436999,0,0,1,1
0.278,0.27,0.439999,0,0,1,1
0.281,0.27,0.26,0,0,1,1
0.281,0.27,0.263,0,0,1,1
0.281,0.27,0.266,0,0,1,1
0.281,0.27,0.269,0,0,1,1
0.281,0.27,0.272,0,0,1,1
0.281,0.27,0.275,0,0,1,1
0.281,0.27,0.278,0,0,1,1
0.281,0.27,0.281,0,0,1,1
0.281,0.27,0.284,0,0,1,1
0.281,0.27,0.287,0,0,1,1
0.281,0.27,0.29,0,0,1,1
0.281,0.27,0.293,0,0,1,1
0.281,0.27,0.296,0,0,1,1
0.281,0.27,0.299,0,0,1,1
0.281,0.27,0.302,0,0,1,1
0.281,0.27,0.305,0,0,1,1
0.281,0.27,0.308,0,0,1,1
0.281,0.27,0.311,0,0,1,1
0.281,0.27,0.314,0,0,1,1
0.281,0.27,0.317,0,0,1,1
0.281,0.27,0.32,0,0,1,1
0.281,0.27,0.323,0,0,1,1
0.281,0.27,0.326,0,0,1,1
0.281,0.27,0.329,0,0,1,1
0.281,0.27,0.332,0,0,1,1
0.281,0.27,0.335,0,0,1,1
0.281,0.27,0.338,0,0,1,1
0.281,0.27,0.341,0,0,1,1
0.281,0.27,0.344,0,0,1,1
0.281,0.27,0.347,0,0,1,1
0.281,0.27,0.35,0,0,1,1
0.281,0.27,0.353,0,0,1,1
0.281,0.27,0.356,0,0,1,1
0.281,0.27,0.359,0,0,1,1
0.281,0.27,0.362,0,0,1,1
0.281,0.27,0.365,0,0,1,1
0.281,0.27,0.368,0,0,1,1
0.281,0.27,0.371,0,0,1,1
0.281,0.27,0.374,0,0,1,1
0.281,0.27,0.377,0,0,1,1
0.281,0.27,0.38,0,0,1,1
0.281,0.27,0.383,0,0,1,1
0.281,0.27,0.386,0,0,1,1
0.281,0.27,0.389,0,0,1,1
0.281,0.27,0.392,0,0,1,1
0.281,0.27,0.395,0,0,1,1
0.281,0.27,0.398,0,0,1,1
0.281,0.27,0.401,0,0,1,1
0.281,0.27,0.404,0,0,1,1
0.281,0.27,0.407,0,0,1,1
0.281,0.27,0.41,0,0,1,1
0.281,0.27,0.413,0,0,1,1
0.281,0.27,0.416,0,0,1,1
0.281,0.27,0.419,0,0,1,1
0.281,0.27,0.422,0,0,1,1
0.281,0.27,0.425,0,0,1,1
0.281,0.27,0.427999,0,0,1,1
0.281,0.27,0.430999,0,0,1,1
0.281,0.27,0.433999,0,0,1,1
0.281,0.27,0.436999,0,0,1,1
0.281,0.27,0.439999,0,0,1,1
0.284,0.27,0.26,0,0,1,1
0.284,0.27,0.263,0,0,1,1
0.284,0.27,0.266,0,0,1,1
0.284,0.27,0.269,0,0,1,1
0.284,0.27,0.272,0,0,1,1
0.284,0.27,0.275,0,0,1,1
0.284,0.27,0.278,0,0,1,1
0.284,0.27,0.281,0,0,1,1
0.284,0.27,0.284,0,0,1,1
0.284,0.27,0.287,0,0,1,1
0.284,0.27,0.29,0,0,1,1
0.284,0.27,0.293,0,0,1,1
0.284,0.27,0.296,0,0,1,1
0.284,0.27,0.299,0,0,1,1
0.284,0.27,0.302,0,0,1,1
0.284,0.27,0.305,0,0,1,1
0.284,0.27,0.308,0,0,1,1
0.284,0.27,0.311,0,0,1,1
0.284,0.27,0.314,0,0,1,1
0.284,0.27,0.317,0,0,1,1
0.284,0.27,0.32,0,0,1,1
0.284,0.27,0.323,0,0,1,1
0.284,0.27,0.326,0,0,1,1
0.284,0.27,0.329,0,0,1,1
0.284,0.27,0.332,0,0,1,1
0.284,0.27,0.335,0,0,1,1
0.284,0.27,0.338,0,0,1,1
0.284,0.27,0.341,0,0,1,1
0.284,0.27,0.344,0,0,1,1
0.284,0.27,0.347,0,0,1,1
0.284,0.27,0.35,0,0,1,1
0.284,0.27,0.353,0,0,1,1
0.284,0.27,0.356,0,0,1,1
0.284,0.27,0.359,0,0,1,1
0.284,0.27,0.362,0,0,1,1
0.284,0.27,0.365,0,0,1,1
0.284,0.27,0.368,0,0,1,1
0.284,0.27,0.371,0,0,1,1
0.284,0.27,0.374,0,0,1,1
0.284,0.27,0.377,0,0,1,1
0.284,0.27,0.38,0,0,1,1
0.284,0.27,0.383,0,0,1,1
0.284,0.27,0.386,0,0,1,1
0.284,0.27,0.389,0,0,1,1
0.284,0.27,0.392,0,0,1,1
0.284,0.27,0.395,0,0,1,1
0.284,0.27,0.398,0,0,1,1
0.284,0.27,0.401,0,0,1,1
0.284,0.27,0.404,0,0,1,1
0.284,0.27,0.407,0,0,1,1
0.284,0.27,0.41,0,0,1,1
0.284,0.27,0.413,0,0,1,1
0.284,0.27,0.416,0,0,1,1
0.284,0.27,0.419,0,0,1,1
0.284,0.27,0.422,0,0,1,1
0.284,0.27,0.425,0,0,1,1
0.284,0.27,0.427999,0,0,1,1
0.284,0.27,0.430999,0,0,1,1
0.284,0.27,0.433999,0,0,1,1
0.284,0.27,0.436999,0,0,1,1
0.284,0.27,0.439999,0,0,1,1
0.287,0.27,0.26,0,0,1,1
0.287,0.27,0.263,0,0,1,1
0.287,0.27,0.266,0,0,1,1
0.287,0.27,0.269,0,0,1,1
0.287,0.27,0.272,0,0,1,1
0.287,0.27,0.275,0,0,1,1
0.287,0.27,0.278,0,0,1,1
0.287,0.27,0.281,0,0,1,1
0.287,0.27,0.284,0,0,1,1
0.287,0.27,0.287,0,0,1,1
0.287,0.27,0.29,0,0,1,1
0.287,0.27,0.293,0,0,1,1
0.287,0.27,0.296,0,0,1,1
0.287,0.27,0.299,0,0,1,1
0.287,0.27,0.302,0,0,1,1
0.287,0.27,0.305,0,0,1,1
0.287,0.27,0.308,0,0,1,1
0.287,0.27,0.311,0,0,1,1
0.287,0.27,0.314,0,0,1,1
0.287,0.27,0.317,0,0,1,1
0.287,0.27,0.32,0,0,1,1
0.287,0.27,0.323,0,0,1,1
0.287,0.27,0.326,0,0,1,1
0.287,0.27,0.329,0,0,1,1
0.287,0.27,0.332,0,0,1,1
0.287,0.27,0.335,0,0,1,1
0.287,0.27,0.338,0,0,1,1
0.287,0.27,0.341,0,0,1,1
0.287,0.27,0.344,0,0,1,1
0.287,0.27,0.347,0,0,1,1
0.287,0.27,0.35,0,0,1,1
0.287,0.27,0.353,0,0,1,1
0.287,0.27,0.356,0,0,1,1
0.287,0.27,0.359,0,0,1,1
0.287,0.27,0.362,0,0,1,1
0.287,0.27,0.365,0,0,1,1
0.287,0.27,0.368,0,0,1,1
0.287,0.27,0.371,0,0,1,1
0.287,0.27,0.374,0,0,1,1
0.287,0.27,0.377,0,0,1,1
0.287,0.27,0.38,0,0,1,1
0.287,0.27,0.383,0,0,1,1
0.287,0.27,0.386,0,0,1,1
0.287,0.27,0.389,0,0,1,1
0.287,0.27,0.392,0,0,1,1
0.287,0.27,0.395,0,0,1,1
0.287,0.27,0.398,0,0,1,1
0.287,0.27,0.401,0,0,1,1
0.287,0.27,0.404,0,0,1,1
0.287,0.27,0.407,0,0,1,1
0.287,0.27,0.41,0,0,1,1
0.287,0.27,0.413,0,0,1,1
0.287,0.27,0.416,0,0,1,1
0.287,0.27,0.419,0,0,1,1
0.287,0.27,0.422,0,0,1,1
0.287,0.27,0.425,0,0,1,1
0.287,0.27,0.427999,0,0,1,1
0.287,0.27,0.430999,0,0,1,1
0.287,0.27,0.433999,0,0,1,1
0.287,0.27,0.436999,0,0,1,1
0.287,0.27,0.439999,0,0,1,1
0.29,0.27,0.26,0,0,1,1
0.29,0.27,0.263,0,0,1,1
0.29,0.27,0.266,0,0,1,1
0.29,0.27,0.269,0,0,1,1
0.29,0.27,0.272,0,0,1,1
0.29,0.27,0.275,0,0,1,1
0.29,0.27,0.278,0,0,1,1
0.29,0.27,0.281,0,0,1,1
0.29,0.27,0.284,0,0,1,1
0.29,0.27,0.287,0,0,1,1
0.29,0.27,0.29,0,0,1,1
0.29,0.27,0.293,0,0,1,1
0.29,0.27,0.296,0,0,1,1
0.29,0.27,0.299,0,0,1,1
0.29,0.27,0.302,0,0,1,1
0.29,0.27,0.305,0,0,1,1
0.29,0.27,0.308,0,0,1,1
0.29,0.27,0.311,0,0,1,1
0.29,0.27,0.314,0,0,1,1
0.29,0.27,0.317,0,0,1,1
0.29,0.27,0.32,0,0,1,1
0.29,0.27,0.323,0,0,1,1
0.29,0.27,0.326,0,0,1,1
0.29,0.27,0.329,0,0,1,1
0.29,0.27,0.332,0,0,1,1
0.29,0.27,0.335,0,0,1,1
0.29,0.27,0.338,0,0,1,1
0.29,0.27,0.341,0,0,1,1
0.29,0.27,0.344,0,0,1,1
0.29,0.27,0.347,0,0,1,1
0.29,0.27,0.35,0,0,1,1
0.29,0.27,0.353,0,0,1,1
0.29,0.27,0.356,0,0,1,1
0.29,0.27,0.359,0,0,1,1
0.29,0.27,0.362,0,0,1,1
0.29,0.27,0.365,0,0,1,1
0.29,0.27,0.368,0,0,1,1
0.29,0.27,0.371,0,0,1,1
0.29,0.27,0.374,0,0,1,1
0.29,0.27,0.377,0,0,1,1
0.29,0.27,0.38,0,0,1,1
0.29,0.27,0.383,0,0,1,1
0.29,0.27,0.386,0,0,1,1
0.29,0.27,0.389,0,0,1,1
0.29,0.27,0.392,0,0,1,1
0.29,0.27,0.395,0,0,1,1
0.29,0.27,0.398,0,0,1,1
0.29,0.27,0.401,0,0,1,1
0.29,0.27,0.404,0,0,1,1
0.29,0.27,0.407,0,0,1,1
0.29,0.27,0.41,0,0,1,1
0.29,0.27,0.413,0,0,1,1
0.29,0.27,0.416,0,0,1,1
0.29,0.27,0.419,0,0,1,1
0.29,0.27,0.422,0,0,1,1
0.29,0.27,0.425,0,0,1,1
0.29,0.27,0.427999,0,0,1,1
0.29,0.27,0.430999,0,0,1,1
0.29,0.27,0.433999,0,0,1,1
0.29,0.27,0.436999,0,0,1,1
0.29,0.27,0.439999,0,0,1,1
0.293,0.27,0.26,0,0,1,1
0.293,0.27,0.263,0,0,1,1
0.293,0.27,0.266,0,0,1,1
0.293,0.27,0.269,0,0,1,1
0.293,0.27,0.272,0,0,1,1
0.293,0.27,0.275,0,0,1,1
0.293,0.27,0.278,0,0,1,1
0.293,0.27,0.281,0,0,1,1
0.293,0.27,0.284,0,0,1,1
0.293,0.27,0.287,0,0,1,1
0.293,0.27,0.29,0,0,1,1
0.293,0.27,0.293,0,0,1,1
0.293,0.27,0.296,0,0,1,1
0.293,0.27,0.299,0,0,1,1
0.293,0.27,0.302,0,0,1,1
0.293,0.27,0.305,0,0,1,1
0.293,0.27,0.308,0,0,1,1
0.293,0.27,0.311,0,0,1,1
0.293,0.27,0.314,0,0,1,1
0.293,0.27,0.317,0,0,1,1
0.293,0.27,0.32,0,0,1,1
0.293,0.27,0.323,0,0,1,1
0.293,0.27,0.326,0,0,1,1
0.293,0.27,0.329,0,0,1,1
0.293,0.27,0.332,0,0,1,1
0.293,0.27,0.335,0,0,1,1
0.293,0.27,0.338,0,0,1,1
0.293,0.27,0.341,0,0,1,1
0.293,0.27,0.344,0,0,1,1
0.293,0.27,0.347,0,0,1,1
0.293,0.27,0.35,0,0,1,1
0.293,0.27,0.353,0,0,1,1
0.293,0.27,0.356,0,0,1,1
0.293,0.27,0.359,0,0,1,1
0.293,0.27,0.362,0,0,1,1
0.293,0.27,0.365,0,0,1,1
0.293,0.27,0.368,0,0,1,1
0.293,0.27,0.371,0,0,1,1
0.293,0.27,0.374,0,0,1,1
0.293,0.27,0.377,0,0,1,1
0.293,0.27,0.38,0,0,1,1
0.293,0.27,0.383,0,0,1,1
0.293,0.27,0.386,0,0,1,1
0.293,0.27,0.389,0,0,1,1
0.293,0.27,0.392,0,0,1,1
0.293,0.27,0.395,0,0,1,1
0.293,0.27,0.398,0,0,1,1
0.293,0.27,0.401,0,0,1,1
0.293,0.27,0.404,0,0,1,1
0.293,0.27,0.407,0,0,1,1
0.293,0.27,0.41,0,0,1,1
0.293,0.27,0.413,0,0,1,1
0.293,0.27,0.416,0,0,1,1
0.293,0.27,0.419,0,0,1,1
0.293,0.27,0.422,0,0,1,1
0.293,0.27,0.425,0,0,1,1
0.293,0.27,0.427999,0,0,1,1
0.293,0.27,0.430999,0,0,1,1
0.293,0.27,0.433999,0,0,1,1
0.293,0.27,0.436999,0,0,1,1
0.293,0.27,0.439999,0,0,1,1
0.296,0.27,0.26,0,0,1,1
0.296,0.27,0.263,0,0,1,1
0.296,0.27,0.266,0,0,1,1
0.296,0.27,0.269,0,0,1,1
0.296,0.27,0.272,0,0,1,1
0.296,0.27,0.275,0,0,1,1
0.296,0.27,0.278,0,0,1,1
0.296,0.27,0.281,0,0,1,1
0.296,0.27,0.284,0,0,1,1
0.296,0.27,0.287,0,0,1,1
0.296,0.27,0.29,0,0,1,1
0.296,0.27,0.293,0,0,1,1
0.296,0.27,0.296,0,0,1,1
0.296,0.27,0.299,0,0,1,1
0.296,0.27,0.302,0,0,1,1
0.296,0.27,0.305,0,0,1,1
0.296,0.27,0.308,0,0,1,1
0.296,0.27,0.311,0,0,1,1
0.296,0.27,0.314,0,0,1,1
0.296,0.27,0.317,0,0,1,1
0.296,0.27,0.32,0,0,1,1
0.296,0.27,0.323,0,0,1,1
0.296,0.27,0.326,0,0,1,1
0.296,0.27,0.329,0,0,1,1
0.296,0.27,0.332,0,0,1,1
0.296,0.27,0.335,0,0,1,1
0.296,0.27,0.338,0,0,1,1
0.296,0.27,0.341,0,0,1,1
0.296,0.27,0.344,0,0,1,1
0.296,0.27,0.347,0,0,1,1
0.296,0.27,0.35,0,0,1,1
0.296,0.27,0.353,0,0,1,1
0.296,0.27,0.356,0,0,1,1
0.296,0.27,0.359,0,0,1,1
0.296,0.27,0.362,0,0,1,1
0.296,0.27,0.365,0,0,1,1
0.296,0.27,0.368,0,0,1,1
0.296,0.27,0.371,0,0,1,1
0.296,0.27,0.374,0,0,1,1
0.296,0.27,0.377,0,0,1,1
0.296,0.27,0.38,0,0,1,1
0.296,0.27,0.383,0,0,1,1
0.296,0.27,0.386,0,0,1,1
0.296,0.27,0.389,0,0,1,1
0.296,0.27,0.392,0,0,1,1
0.296,0.27,0.395,0,0,1,1
0.296,0.27,0.398,0,0,1,1
0.296,0.27,0.401,0,0,1,1
0.296,0.27,0.404,0,0,1,1
0.296,0.27,0.407,0,0,1,1
0.296,0.27,0.41,0,0,1,1
0.296,0.27,0.413,0,0,1,1
0.296,0.27,0.416,0,0,1,1
0.296,0.27,0.419,0,0,1,1
0.296,0.27,0.422,0,0,1,1
0.296,0.27,0.425,0,0,1,1
0.296,0.27,0.427999,0,0,1,1
0.296,0.27,0.430999,0,0,1,1
0.296,0.27,0.433999,0,0,1,1
0.296,0.27,0.436999,0,0,1,1
0.296,0.27,0.439999,0,0,1,1
0.299,0.27,0.26,0,0,1,1
0.299,0.27,0.263,0,0,1,1
0.299,0.27,0.266,0,0,1,1
0.299,0.27,0.269,0,0,1,1
0.299,0.27,0.272,0,0,1,1
0.299,0.27,0.275,0,0,1,1
0.299,0.27,0.278,0,0,1,1
0.299,0.27,0.281,0,0,1,1
0.299,0.27,0.284,0,0,1,1
0.299,0.27,0.287,0,0,1,1
0.299,0.27,0.29,0,0,1,1
0.299,0.27,0.293,0,0,1,1
0.299,0.27,0.296,0,0,1,1
0.299,0.27,0.299,0,0,1,1
0.299,0.27,0.302,0,0,1,1
0.299,0.27,0.305,0,0,1,1
0.299,0.27,0.308,0,0,1,1
0.299,0.27,0.311,0,0,1,1
0.299,0.27,0.314,0,0,1,1
0.299,0.27,0.317,0,0,1,1
0.299,0.27,0.32,0,0,1,1
0.299,0.27,0.323,0,0,1,1
0.299,0.27,0.326,0,0,1,1
0.299,0.27,0.329,0,0,1,1
0.299,0.27,0.332,0,0,1,1
0.299,0.27,0.335,0,0,1,1
0.299,0.27,0.338,0,0,1,1
0.299,0.27,0.341,0,0,1,1
0.299,0.27,0.344,0,0,1,1
0.299,0.27,0.347,0,0,1,1
0.299,0.27,0.35,0,0,1,1
0.299,0.27,0.353,0,0,1,1
0.299,0.27,0.356,0,0,1,1
0.299,0.27,0.359,0,0,1,1
0.299,0.27,0.362,0,0,1,1
0.299,0.27,0.365,0,0,1,1
0.299,0.27,0.368,0,0,1,1
0.299,0.27,0.371,0,0,1,1
0.299,0.27,0.374,0,0,1,1
0.299,0.27,0.377,0,0,1,1
0.299,0.27,0.38,0,0,1,1
0.299,0.27,0.383,0,0,1,1
0.299,0.27,0.386,0,0,1,1
0.299,0.27,0.389,0,0,1,1
0.299,0.27,0.392,0,0,1,1
0.299,0.27,0.395,0,0,1,1
0.299,0.27,0.398,0,0,1,1
0.299,0.27,0.401,0,0,1,1
0.299,0.27,0.404,0,0,1,1
0.299,0.27,0.407,0,0,1,1
0.299,0.27,0.41,0,0,1,1
0.299,0.27,0.413,0,0,1,1
0.299,0.27,0.416,0,0,1,1
0.299,0.27,0.419,0,0,1,1
0.299,0.27,0.422,0,0,1,1
0.299,0.27,0.425,0,0,1,1
0.299,0.27,0.427999,0,0,1,1
0.299,0.27,0.430999,0,0,1,1
0.299,0.27,0.433999,0,0,1,1
0.299,0.27,0.436999,0,0,1,1
0.299,0.27,0.439999,0,0,1,1
0.302,0.27,0.26,0,0,1,1
0.302,0.27,0.263,0,0,1,1
0.302,0.27,0.266,0,0,1,1
0.302,0.27,0.269,0,0,1,1
0.302,0.27,0.272,0,0,1,1
0.302,0.27,0.275,0,0,1,1
0.302,0.27,0.278,0,0,1,1
0.302,0.27,0.281,0,0,1,1
0.302,0.27,0.284,0,0,1,1
0.302,0.27,0.287,0,0,1,1
0.302,0.27,0.29,0,0,1,1
0.302,0.27,0.293,0,0,1,1
0.302,0.27,0.296,0,0,1,1
0.302,0.27,0.299,0,0,1,1
0.302,0.27,0.302,0,0,1,1
0.302,0.27,0.305,0,0,1,1
0.302,0.27,0.308,0,0,1,1
0.302,0.27,0.311,0,0,1,1
0.302,0.27,0.314,0,0,1,1
0.302,0.27,0.317,0,0,1,1
0.302,0.27,0.32,0,0,1,1
0.302,0.27,0.323,0,0,1,1
0.302,0.27,0.326,0,0,1,1
0.302,0.27,0.329,0,0,1,1
0.302,0.27,0.332,0,0,1,1
0.302,0.27,0.335,0,0,1,1
0.302,0.27,0.338,0,0,1,1
0.302,0.27,0.341,0,0,1,1
0.302,0.27,0.344,0,0,1,1
0.302,0.27,0.347,0,0,1,1
0.302,0.27,0.35,0,0,1,1
0.302,0.27,0.353,0,0,1,1
0.302,0.27,0.356,0,0,1,1
0.302,0.27,0.359,0,0,1,1
0.302,0.27,0.362,0,0,1,1
0.302,0.27,0.365,0,0,1,1
0.302,0.27,0.368,0,0,1,1
0.302,0.27,0.371,0,0,1,1
0.302,0.27,0.374,0,0,1,1
0.302,0.27,0.377,0,0,1,1
0.302,0.27,0.38,0,0,1,1
0.302,0.27,0.383,0,0,1,1
0.302,0.27,0.386,0,0,1,1
0.302,0.27,0.389,0,0,1,1
0.302,0.27,0.392,0,0,1,1
0.302,0.27,0.395,0,0,1,1
0.302,0.27,0.398,0,0,1,1
0.302,0.27,0.401,0,0,1,1
0.302,0.27,0.404,0,0,1,1
0.302,0.27,0.407,0,0,1,1
0.302,0.27,0.41,0,0,1,1
0.302,0.27,0.413,0,0,1,1
0.302,0.27,0.416,0,0,1,1
0.302,0.27,0.419,0,0,1,1
0.302,0.27,0.422,0,0,1,1
0.302,0.27,0.425,0,0,1,1
0.302,0.27,0.427999,0,0,1,1
0.302,0.27,0.430999,0,0,1,1
0.302,0.27,0.433999,0,0,1,1
0.302,0.27,0.436999,0,0,1,1
0.302,0.27,0.439999,0,0,1,1
0.305,0.27,0.26,0,0,1,1
0.305,0.27,0.263,0,0,1,1
0.305,0.27,0.266,0,0,1,1
0.305,0.27,0.269,0,0,1,1
0.305,0.27,0.272,0,0,1,1
0.305,0.27,0.275,0,0,1,1
0.305,0.27,0.278,0,0,1,1
0.305,0.27,0.281,0,0,1,1
0.305,0.27,0.284,0,0,1,1
0.305,0.27,0.287,0,0,1,1
0.305,0.27,0.29,0,0,1,1
0.305,0.27,0.293,0,0,1,1
0.305,0.27,0.296,0,0,1,1
0.305,0.27,0.299,0,0,1,1
0.305,0.27,0.302,0,0,1,1
0.305,0.27,0.305,0,0,1,1
0.305,0.27,0.308,0,0,1,1
0.305,0.27,0.311,0,0,1,1
0.305,0.27,0.314,0,0,1,1
0.305,0.27,0.317,0,0,1,1
0.305,0.27,0.32,0,0,1,1
0.305,0.27,0.323,0,0,1,1
0.305,0.27,0.326,0,0,1,1
0.305,0.27,0.329,0,0,1,1
0.305,0.27,0.332,0,0,1,1
0.305,0.27,0.335,0,0,1,1
0.305,0.27,0.338,0,0,1,1
0.305,0.27,0.341,0,0,1,1
0.305,0.27,0.344,0,0,1,1
0.305,0.27,0.347,0,0,1,1
0.305,0.27,0.35,0,0,1,1
0.305,0.27,0.353,0,0,1,1
0.305,0.27,0.356,0,0,1,1
0.305,0.27,0.359,0,0,1,1
0.305,0.27,0.362,0,0,1,1
0.305,0.27,0.365,0,0,1,1
0.305,0.27,0.368,0,0,1,1
0.305,0.27,0.371,0,0,1,1
0.305,0.27,0.374,0,0,1,1
0.305,0.27,0.377,0,0,1,1
0.305,0.27,0.38,0,0,1,1
0.305,0.27,0.383,0,0,1,1
0.305,0.27,0.386,0,0,1,1
0.305,0.27,0.389,0,0,1,1
0.305,0.27,0.392,0,0,1,1
0.305,0.27,0.395,0,0,1,1
0.305,0.27,0.398,0,0,1,1
0.305,0.27,0.401,0,0,1,1
0.305,0.27,0.404,0,0,1,1
0.305,0.27,0.407,0,0,1,1
0.305,0.27,0.41,0,0,1,1
0.305,0.27,0.413,0,0,1,1
0.305,0.27,0.416,0,0,1,1
0.305,0.27,0.419,0,0,1,1
0.305,0.27,0.422,0,0,1,1
0.305,0.27,0.425,0,0,1,1
0.305,0.27,0.427999,0,0,1,1
0.305,0.27,0.430999,0,0,1,1
0.305,0.27,0.433999,0,0,1,1
0.305,0.27,0.436999,0,0,1,1
0.305,0.27,0.439999,0,0,1,1
0.308,0.27,0.26,0,0,1,1
0.308,0.27,0.263,0,0,1,1
0.308,0.27,0.266,0,0,1,1
0.308,0.27,0.269,0,0,1,1
0.308,0.27,0.272,0,0,1,1
0.308,0.27,0.275,0,0,1,1
0.308,0.27,0.278,0,0,1,1
0.308,0.27,0.281,0,0,1,1
0.308,0.27,0.284,0,0,1,1
0.308,0.27,0.287,0,0,1,1
0.308,0.27,0.29,0,0,1,1
0.308,0.27,0.293,0,0,1,1
0.308,0.27,0.296,0,0,1,1
0.308,0.27,0.299,0,0,1,1
0.308,0.27,0.302,0,0,1,1
0.308,0.27,0.305,0,0,1,1
0.308,0.27,0.308,0,0,1,1
0.308,0.27,0.311,0,0,1,1
0.308,0.27,0.314,0,0,1,1
0.308,0.27,0.317,0,0,1,1
0.308,0.27,0.32,0,0,1,1
0.308,0.27,0.323,0,0,1,1
0.308,0.27,0.326,0,0,1,1
0.308,0.27,0.329,0,0,1,1
0.308,0.27,0.332,0,0,1,1
0.308,0.27,0.335,0,0,1,1
0.308,0.27,0.338,0,0,1,1
0.308,0.27,0.341,0,0,1,1
0.308,0.27,0.344,0,0,1,1
0.308,0.27,0.347,0,0,1,1
0.308,0.27,0.35,0,0,1,1
0.308,0.27,0.353,0,0,1,1
0.308,0.27,0.356,0,0,1,1
0.308,0.27,0.359,0,0,1,1
0.308,0.27,0.362,0,0,1,1
0.308,0.27,0.365,0,0,1,1
0.308,0.27,0.368,0,0,1,1
0.308,0.27,0.371,0,0,1,1
0.308,0.27,0.374,0,0,1,1
0.308,0.27,0.377,0,0,1,1
0.308,0.27,0.38,0,0,1,1
0.308,0.27,0.383,0,0,1,1
0.308,0.27,0.386,0,0,1,1
0.308,0.27,0.389,0,0,1,1
0.308,0.27,0.392,0,0,1,1
0.308,0.27,0.395,0,0,1,1
0.308,0.27,0.398,0,0,1,1
0.308,0.27,0.401,0,0,1,1
0.308,0.27,0.404,0,0,1,1
0.308,0.27,0.407,0,0,1,1
0.308,0.27,0.41,0,0,1,1
0.308,0.27,0.413,0,0,1,1
0.308,0.27,0.416,0,0,1,1
0.308,0.27,0.419,0,0,1,1
0.308,0.27,0.422,0,0,1,1
0.308,0.27,0.425,0,0,1,1
0.308,0.27,0.427999,0,0,1,1
0.308,0.27,0.430999,0,0,1,1
0.308,0.27,0.433999,0,0,1,1
0.308,0.27,0.436999,0,0,1,1
0.308,0.27,0.439999,0,0,1,1
0.311,0.27,0.26,0,0,1,1
0.311,0.27,0.263,0,0,1,1
0.311,0.27,0.266,0,0,1,1
0.311,0.27,0.269,0,0,1,1
0.311,0.27,0.272,0,0,1,1
0.311,0.27,0.275,0,0,1,1
0.311,0.27,0.278,0,0,1,1
0.311,0.27,0.281,0,0,1,1
0.311,0.27,0.284,0,0,1,1
0.311,0.27,0.287,0,0,1,1
0.311,0.27,0.29,0,0,1,1
0.311,0.27,0.293,0,0,1,1
0.311,0.27,0.296,0,0,1,1
0.311,0.27,0.299,0,0,1,1
0.311,0.27,0.302,0,0,1,1
0.311,0.27,0.305,0,0,1,1
0.311,0.27,0.308,0,0,1,1
0.311,0.27,0.311,0,0,1,1
0.311,0.27,0.314,0,0,1,1
0.311,0.27,0.317,0,0,1,1
0.311,0.27,0.32,0,0,1,1
0.311,0.27,0.323,0,0,1,1
0.311,0.27,0.326,0,0,1,1
0.311,0.27,0.329,0,0,1,1
0.311,0.27,0.332,0,0,1,1
0.311,0.27,0.335,0,0,1,1
0.311,0.27,0.338,0,0,1,1
0.311,0.27,0.341,0,0,1,1
0.311,0.27,0.344,0,0,1,1
0.311,0.27,0.347,0,0,1,1
0.311,0.27,0.35,0,0,1,1
0.311,0.27,0.353,0,0,1,1
0.311,0.27,0.356,0,0,1,1
0.311,0.27,0.359,0,0,1,1
0.311,0.27,0.362,0,0,1,1
0.311,0.27,0.365,0,0,1,1
0.311,0.27,0.368,0,0,1,1
0.311,0.27,0.371,0,0,1,1
0.311,0.27,0.374,0,0,1,1
0.311,0.27,0.377,0,0,1,1
0.311,0.27,0.38,0,0,1,1
0.311,0.27,0.383,0,0,1,1
0.311,0.27,0.386,0,0,1,1
0.311,0.27,0.389,0,0,1,1
0.311,0.27,0.392,0,0,1,1
0.311,0.27,0.395,0,0,1,1
0.311,0.27,0.398,0,0,1,1
0.311,0.27,0.401,0,0,1,1
0.311,0.27,0.404,0,0,1,1
0.311,0.27,0.407,0,0,1,1
0.311,0.27,0.41,0,0,1,1
0.311,0.27,0.413,0,0,1,1
0.311,0.27,0.416,0,0,1,1
0.311,0.27,0.419,0,0,1,1
0.311,0.27,0.422,0,0,1,1
0.311,0.27,0.425,0,0,1,1
0.311,0.27,0.427999,0,0,1,1
0.311,0.27,0.430999,0,0,1,1
0.311,0.27,0.433999,0,0,1,1
0.311,0.27,0.436999,0,0,1,1
0.311,0.27,0.439999,0,0,1,1
0.314,0.27,0.26,0,0,1,1
0.314,0.27,0.263,0,0,1,1
0.314,0.27,0.266,0,0,1,1
0.314,0.27,0.269,0,0,1,1
0.314,0.27,0.272,0,0,1,1
0.314,0.27,0.275,0,0,1,1
0.314,0.27,0.278,0,0,1,1
0.314,0.27,0.281,0,0,1,1
0.314,0.27,0.284,0,0,1,1
0.314,0.27,0.287,0,0,1,1
0.314,0.27,0.29,0,0,1,1
0.314,0.27,0.293,0,0,1,1
0.314,0.27,0.296,0,0,1,1
0.314,0.27,0.299,0,0,1,1
0.314,0.27,0.302,0,0,1,1
0.314,0.27,0.305,0,0,1,1
0.314,0.27,0.308,0,0,1,1
0.314,0.27,0.311,0,0,1,1
0.314,0.27,0.314,0,0,1,1
0.314,0.27,0.317,0,0,1,1
0.314,0.27,0.32,0,0,1,1
0.314,0.27,0.323,0,0,1,1
0.314,0.27,0.326,0,0,1,1
0.314,0.27,0.329,0,0,1,1
0.314,0.27,0.332,0,0,1,1
0.314,0.27,0.335,0,0,1,1
0.314,0.27,0.338,0,0,1,1
0.314,0.27,0.341,0,0,1,1
0.314,0.27,0.344,0,0,1,1
0.314,0.27,0.347,0,0,1,1
0.314,0.27,0.35,0,0,1,1
0.314,0.27,0.353,0,0,1,1
0.314,0.27,0.356,0,0,1,1
0.314,0.27,0.359,0,0,1,1
0.314,0.27,0.362,0,0,1,1
0.314,0.27,0.365,0,0,1,1
0.314,0.27,0.368,0,0,1,1
0.314,0.27,0.371,0,0,1,1
0.314,0.27,0.374,0,0,1,1
0.314,0.27,0.377,0,0,1,1
0.314,0.27,0.38,0,0,1,1
0.314,0.27,0.383,0,0,1,1
0.314,0.27,0.386,0,0,1,1
0.314,0.27,0.389,0,0,1,1
0.314,0.27,0.392,0,0,1,1
0.314,0.27,0.395,0,0,1,1
0.314,0.27,0.398,0,0,1,1
0.314,0.27,0.401,0,0,1,1
0.314,0.27,0.404,0,0,1,1
0.314,0.27,0.407,0,0,1,1
0.314,0.27,0.41,0,0,1,1
0.314,0.27,0.413,0,0,1,1
0.314,0.27,0.416,0,0,1,1
0.314,0.27,0.419,0,0,1,1
0.314,0.27,0.422,0,0,1,1
0.314,0.27,0.425,0,0,1,1
0.314,0.27,0.427999,0,0,1,1
0.314,0.27,0.430999,0,0,1,1
0.314,0.27,0.433999,0,0,1,1
0.314,0.27,0.436999,0,0,1,1
0.314,0.27,0.439999,0,0,1,1
0.317,0.27,0.26,0,0,1,1
0.317,0.27,0.263,0,0,1,1
0.317,0.27,0.266,0,0,1,1
0.317,0.27,0.269,0,0,1,1
0.317,0.27,0.272,0,0,1,1
0.317,0.27,0.275,0,0,1,1
0.317,0.27,0.278,0,0,1,1
0.317,0.27,0.281,0,0,1,1
0.317,0.27,0.284,0,0,1,1
0.317,0.27,0.287,0,0,1,1
0.317,0.27,0.29,0,0,1,1
0.317,0.27,0.293,0,0,1,1
0.317,0.27,0.296,0,0,1,1
0.317,0.27,0.299,0,0,1,1
0.317,0.27,0.302,0,0,1,1
0.317,0.27,0.305,0,0,1,1
0.317,0.27,0.308,0,0,1,1
0.317,0.27,0.311,0,0,1,1
0.317,0.27,0.314,0,0,1,1
0.317,0.27,0.317,0,0,1,1
0.317,0.27,0.32,0,0,1,1
0.317,0.27,0.323,0,0,1,1
0.317,0.27,0.326,0,0,1,1
0.317,0.27,0.329,0,0,1,1
0.317,0.27,0.332,0,0,1,1
0.317,0.27,0.335,0,0,1,1
0.317,0.27,0.338,0,0,1,1
0.317,0.27,0.341,0,0,1,1
0.317,0.27,0.344,0,0,1,1
0.317,0.27,0.347,0,0,1,1
0.317,0.27,0.35,0,0,1,1
0.317,0.27,0.353,0,0,1,1
0.317,0.27,0.356,0,0,1,1
0.317,0.27,0.359,0,0,1,1
0.317,0.27,0.362,0,0,1,1
0.317,0.27,0.365,0,0,1,1
0.317,0.27,0.368,0,0,1,1
0.317,0.27,0.371,0,0,1,1
0.317,0.27,0.374,0,0,1,1
0.317,0.27,0.377,0,0,1,1
0.317,0.27,0.38,0,0,1,1
0.317,0.27,0.383,0,0,1,1
0.317,0.27,0.386,0,0,1,1
0.317,0.27,0.389,0,0,1,1
0.317,0.27,0.392,0,0,1,1
0.317,0.27,0.395,0,0,1,1
0.317,0.27,0.398,0,0,1,1
0.317,0.27,0.401,0,0,1,1
0.317,0.27,0.404,0,0,1,1
0.317,0.27,0.407,0,0,1,1
0.317,0.27,0.41,0,0,1,1
0.317,0.27,0.413,0,0,1,1
0.317,0.27,0.416,0,0,1,1
0.317,0.27,0.419,0,0,1,1
0.317,0.27,0.422,0,0,1,1
0.317,0.27,0.425,0,0,1,1
0.317,0.27,0.427999,0,0,1,1
0.317,0.27,0.430999,0,0,1,1
0.317,0.27,0.433999,0,0,1,1
0.317,0.27,0.436999,0,0,1,1
0.317,0.27,0.439999,0,0,1,1
0.32,0.27,0.26,0,0,1,1
0.32,0.27,0.263,0,0,1,1
0.32,0.27,0.266,0,0,1,1
0.32,0.27,0.269,0,0,1,1
0.32,0.27,0.272,0,0,1,1
0.32,0.27,0.275,0,0,1,1
0.32,0.27,0.278,0,0,1,1
0.32,0.27,0.281,0,0,1,1
0.32,0.27,0.284,0,0,1,1
0.32,0.27,0.287,0,0,1,1
0.32,0.27,0.29,0,0,1,1
0.32,0.27,0.293,0,0,1,1
0.32,0.27,0.296,0,0,1,1
0.32,0.27,0.299,0,0,1,1
0.32,0.27,0.302,0,0,1,1
0.32,0.27,0.305,0,0,1,1
0.32,0.27,0.308,0,0,1,1
0.32,0.27,0.311,0,0,1,1
0.32,0.27,0.314,0,0,1,1
0.32,0.27,0.317,0,0,1,1
0.32,0.27,0.32,0,0,1,1
0.32,0.27,0.323,0,0,1,1
0.32,0.27,0.326,0,0,1,1
0.32,0.27,0.329,0,0,1,1
0.32,0.27,0.332,0,0,1,1
0.32,0.27,0.335,0,0,1,1
0.32,0.27,0.338,0,0,1,1
0.32,0.27,0.341,0,0,1,1
0.32,0.27,0.344,0,0,1,1
0.32,0.27,0.347,0,0,1,1
0.32,0.27,0.35,0,0,1,1
0.32,0.27,0.353,0,0,1,1
0.32,0.27,0.356,0,0,1,1
0.32,0.27,0.359,0,0,1,1
0.32,0.27,0.362,0,0,1,1
0.32,0.27,0.365,0,0,1,1
0.32,0.27,0.368,0,0,1,1
0.32,0.27,0.371,0,0,1,1
0.32,0.27,0.374,0,0,1,1
0.32,0.27,0.377,0,0,1,1
0.32,0.27,0.38,0,0,1,1
0.32,0.27,0.383,0,0,1,1
0.32,0.27,0.386,0,0,1,1
0.32,0.27,0.389,0,0,1,1
0.32,0.27,0.392,0,0,1,1
0.32,0.27,0.395,0,0,1,1
0.32,0.27,0.398,0,0,1,1
0.32,0.27,0.401,0,0,1,1
0.32,0.27,0.404,0,0,1,1
0.32,0.27,0.407,0,0,1,1
0.32,0.27,0.41,0,0,1,1
0.32,0.27,0.413,0,0,1,1
0.32,0.27,0.416,0,0,1,1
0.32,0.27,0.419,0,0,1,1
0.32,0.27,0.422,0,0,1,1
0.32,0.27,0.425,0,0,1,1
0.32,0.27,0.427999,0,0,1,1
0.32,0.27,0.430999,0,0,1,1
0.32,0.27,0.433999,0,0,1,1
0.32,0.27,0.436999,0,0,1,1
0.32,0.27,0.439999,0,0,1,1
0.323,0.27,0.26,0,0,1,1
0.323,0.27,0.263,0,0,1,1
0.323,0.27,0.266,0,0,1,1
0.323,0.27,0.269,0,0,1,1
0.323,0.27,0.272,0,0,1,1
0.323,0.27,0.275,0,0,1,1
0.323,0.27,0.278,0,0,1,1
0.323,0.27,0.281,0,0,1,1
0.323,0.27,0.284,0,0,1,1
0.323,0.27,0.287,0,0,1,1
0.323,0.27,0.29,0,0,1,1
0.323,0.27,0.293,0,0,1,1
0.323,0.27,0.296,0,0,1,1
0.323,0.27,0.299,0,0,1,1
0.323,0.27,0.302,0,0,1,1
0.323,0.27,0.305,0,0,1,1
0.323,0.27,0.308,0,0,1,1
0.323,0.27,0.311,0,0,1,1
0.323,0.27,0.314,0,0,1,1
0.323,0.27,0.317,0,0,1,1
0.323,0.27,0.32,0,0,1,1
0.323,0.27,0.323,0,0,1,1
0.323,0.27,0.326,0,0,1,1
0.323,0.27,0.329,0,0,1,1
0.323,0.27,0.332,0,0,1,1
0.323,0.27,0.335,0,0,1,1
0.323,0.27,0.338,0,0,1,1
0.323,0.27,0.341,0,0,1,1
0.323,0.27,0.344,0,0,1,1
0.323,0.27,0.347,0,0,1,1
0.323,0.27,0.35,0,0,1,1
0.323,0.27,0.353,0,0,1,1
0.323,0.27,0.356,0,0,1,1
0.323,0.27,0.359,0,0,1,1
0.323,0.27,0.362,0,0,1,1
0.323,0.27,0.365,0,0,1,1
0.323,0.27,0.368,0,0,1,1
0.323,0.27,0.371,0,0,1,1
0.323,0.27,0.374,0,0,1,1
0.323,0.27,0.377,0,0,1,1
0.323,0.27,0.38,0,0,1,1
0.323,0.27,0.383,0,0,1,1
0.323,0.27,0.386,0,0,1,1
0.323,0.27,0.389,0,0,1,1
0.323,0.27,0.392,0,0,1,1
0.323,0.27,0.395,0,0,1,1
0.323,0.27,0.398,0,0,1,1
0.323,0.27,0.401,0,0,1,1
0.323,0.27,0.404,0,0,1,1
0.323,0.27,0.407,0,0,1,1
0.323,0.27,0.41,0,0,1,1
0.323,0.27,0.413,0,0,1,1
0.323,0.27,0.416,0,0,1,1
0.323,0.27,0.419,0,0,1,1
0.323,0.27,0.422,0,0,1,1
0.323,0.27,0.425,0,0,1,1
0.323,0.27,0.427999,0,0,1,1
0.323,0.27,0.430999,0,0,1,1
0.323,0.27,0.433999,0,0,1,1
0.323,0.27,0.436999,0,0,1,1
0.323,0.27,0.439999,0,0,1,1
0.326,0.27,0.26,0,0,1,1
0.326,0.27,0.263,0,0,1,1
0.326,0.27,0.266,0,0,1,1
0.326,0.27,0.269,0,0,1,1
0.326,0.27,0.272,0,0,1,1
0.326,0.27,0.275,0,0,1,1
0.326,0.27,0.278,0,0,1,1
0.326,0.27,0.281,0,0,1,1
0.326,0.27,0.284,0,0,1,1
0.326,0.27,0.287,0,0,1,1
0.326,0.27,0.29,0,0,1,1
0.326,0.27,0.293,0,0,1,1
0.326,0.27,0.296,0,0,1,1
0.326,0.27,0.299,0,0,1,1
0.326,0.27,0.302,0,0,1,1
0.326,0.27,0.305,0,0,1,1
0.326,0.27,0.308,0,0,1,1
0.326,0.27,0.311,0,0,1,1
0.326,0.27,0.314,0,0,1,1
0.326,0.27,0.317,0,0,1,1
0.326,0.27,0.32,0,0,1,1
0.326,0.27,0.323,0,0,1,1
0.326,0.27,0.326,0,0,1,1
0.326,0.27,0.329,0,0,1,1
0.326,0.27,0.332,0,0,1,1
0.326,0.27,0.335,0,0,1,1
0.326,0.27,0.338,0,0,1,1
0.326,0.27,0.341,0,0,1,1
0.326,0.27,0.344,0,0,1,1
0.326,0.27,0.347,0,0,1,1
0.326,0.27,0.35,0,0,1,1
0.326,0.27,0.353,0,0,1,1
0.326,0.27,0.356,0,0,1,1
0.326,0.27,0.359,0,0,1,1
0.326,0.27,0.362,0,0,1,1
0.326,0.27,0.365,0,0,1,1
0.326,0.27,0.368,0,0,1,1
0.326,0.27,0.371,0,0,1,1
0.326,0.27,0.374,0,0,1,1
0.326,0.27,0.377,0,0,1,1
0.326,0.27,0.38,0,0,1,1
0.326,0.27,0.383,0,0,1,1
0.326,0.27,0.386,0,0,1,1
0.326,0.27,0.389,0,0,1,1
0.326,0.27,0.392,0,0,1,1
0.326,0.27,0.395,0,0,1,1
0.326,0.27,0.398,0,0,1,1
0.326,0.27,0.401,0,0,1,1
0.326,0.27,0.404,0,0,1,1
0.326,0.27,0.407,0,0,1,1
0.326,0.27,0.41,0,0,1,1
0.326,0.27,0.413,0,0,1,1
0.326,0.27,0.416,0,0,1,1
0.326,0.27,0.419,0,0,1,1
0.326,0.27,0.422,0,0,1,1
0.326,0.27,0.425,0,0,1,1
0.326,0.27,0.427999,0,0,1,1
0.326,0.27,0.430999,0,0,1,1
0.326,0.27,0.433999,0,0,1,1
0.326,0.27,0.436999,0,0,1,1
0.326,0.27,0.439999,0,0,1,1
0.329,0.27,0.26,0,0,1,1
0.329,0.27,0.263,0,0,1,1
0.329,0.27,0.266,0,0,1,1
0.329,0.27,0.269,0,0,1,1
0.329,0.27,0.272,0,0,1,1
0.329,0.27,0.275,0,0,1,1
0.329,0.27,0.278,0,0,1,1
0.329,0.27,0.281,0,0,1,1
0.329,0.27,0.284,0,0,1,1
0.329,0.27,0.287,0,0,1,1
0.329,0.27,0.29,0,0,1,1
0.329,0.27,0.293,0,0,1,1
0.329,0.27,0.296,0,0,1,1
0.329,0.27,0.299,0,0,1,1
0.329,0.27,0.302,0,0,1,1
0.329,0.27,0.305,0,0,1,1
0.329,0.27,0.308,0,0,1,1
0.329,0.27,0.311,0,0,1,1
0.329,0.27,0.314,0,0,1,1
0.329,0.27,0.317,0,0,1,1
0.329,0.27,0.32,0,0,1,1
0.329,0.27,0.323,0,0,1,1
0.329,0.27,0.326,0,0,1,1
0.329,0.27,0.329,0,0,1,1
0.329,0.27,0.332,0,0,1,1
0.329,0.27,0.335,0,0,1,1
0.329,0.27,0.338,0,0,1,1
0.329,0.27,0.341,0,0,1,1
0.329,0.27,0.344,0,0,1,1
0.329,0.27,0.347,0,0,1,1
0.329,0.27,0.35,0,0,1,1
0.329,0.27,0.353,0,0,1,1
0.329,0.27,0.356,0,0,1,1
0.329,0.27,0.359,0,0,1,1
0.329,0.27,0.362,0,0,1,1
0.329,0.27,0.365,0,0,1,1
0.329,0.27,0.368,0,0,1,1
0.329,0.27,0.371,0,0,1,1
0.329,0.27,0.374,0,0,1,1
0.329,0.27,0.377,0,0,1,1
0.329,0.27,0.38,0,0,1,1
0.329,0.27,0.383,0,0,1,1
0.329,0.27,0.386,0,0,1,1
0.329,0.27,0.389,0,0,1,1
0.329,0.27,0.392,0,0,1,1
0.329,0.27,0.395,0,0,1,1
0.329,0.27,0.398,0,0,1,1
0.329,0.27,0.401,0,0,1,1
0.329,0.27,0.404,0,0,1,1
0.329,0.27,0.407,0,0,1,1
0.329,0.27,0.41,0,0,1,1
0.329,0.27,0.413,0,0,1,1
0.329,0.27,0.416,0,0,1,1
0.329,0.27,0.419,0,0,1,1
0.329,0.27,0.422,0,0,1,1
0.329,0.27,0.425,0,0,1,1
0.329,0.27,0.427999,0,0,1,1
0.329,0.27,0.430999,0,0,1,1
0.329,0.27,0.433999,0,0,1,1
0.329,0.27,0.436999,0,0,1,1
0.329,0.27,0.439999,0,0,1,1
0.332,0.27,0.26,0,0,1,1
0.332,0.27,0.263,0,0,1,1
0.332,0.27,0.266,0,0,1,1
0.332,0.27,0.269,0,0,1,1
0.332,0.27,0.272,0,0,1,1
0.332,0.27,0.275,0,0,1,1
0.332,0.27,0.278,0,0,1,1
0.332,0.27,0.281,0,0,1,1
0.332,0.27,0.284,0,0,1,1
0.332,0.27,0.287,0,0,1,1
0.332,0.27,0.29,0,0,1,1
0.332,0.27,0.293,0,0,1,1
0.332,0.27,0.296,0,0,1,1
0.332,0.27,0.299,0,0,1,1
0.332,0.27,0.302,0,0,1,1
0.332,0.27,0.305,0,0,1,1
0.332,0.27,0.308,0,0,1,1
0.332,0.27,0.311,0,0,1,1
0.332,0.27,0.314,0,0,1,1
0.332,0.27,0.317,0,0,1,1
0.332,0.27,0.32,0,0,1,1
0.332,0.27,0.323,0,0,1,1
0.332,0.27,0.326,0,0,1,1
0.332,0.27,0.329,0,0,1,1
0.332,0.27,0.332,0,0,1,1
0.332,0.27,0.335,0,0,1,1
0.332,0.27,0.338,0,0,1,1
0.332,0.27,0.341,0,0,1,1
0.332,0.27,0.344,0,0,1,1
0.332,0.27,0.347,0,0,1,1
0.332,0.27,0.35,0,0,1,1
0.332,0.27,0.353,0,0,1,1
0.332,0.27,0.356,0,0,1,1
0.332,0.27,0.359,0,0,1,1
0.332,0.27,0.362,0,0,1,1
0.332,0.27,0.365,0,0,1,1
0.332,0.27,0.368,0,0,1,1
0.332,0.27,0.371,0,0,1,1
0.332,0.27,0.374,0,0,1,1
0.332,0.27,0.377,0,0,1,1
0.332,0.27,0.38,0,0,1,1
0.332,0.27,0.383,0,0,1,1
0.332,0.27,0.386,0,0,1,1
0.332,0.27,0.389,0,0,1,1
0.332,0.27,0.392,0,0,1,1
0.332,0.27,0.395,0,0,1,1
0.332,0.27,0.398,0,0,1,1
0.332,0.27,0.401,0,0,1,1
0.332,0.27,0.404,0,0,1,1
0.332,0.27,0.407,0,0,1,1
0.332,0.27,0.41,0,0,1,1
0.332,0.27,0.413,0,0,1,1
0.332,0.27,0.416,0,0,1,1
0.332,0.27,0.419,0,0,1,1
0.332,0.27,0.422,0,0,1,1
0.332,0.27,0.425,0,0,1,1
0.332,0.27,0.427999,0,0,1,1
0.332,0.27,0.430999,0,0,1,1
0.332,0.27,0.433999,0,0,1,1
0.332,0.27,0.436999,0,0,1,1
0.332,0.27,0.439999,0,0,1,1
0.335,0.27,0.26,0,0,1,1
0.335,0.27,0.263,0,0,1,1
0.335,0.27,0.266,0,0,1,1
0.335,0.27,0.269,0,0,1,1
0.335,0.27,0.272,0,0,1,1
0.335,0.27,0.275,0,0,1,1
0.335,0.27,0.278,0,0,1,1
0.335,0.27,0.281,0,0,1,1
0.335,0.27,0.284,0,0,1,1
0.335,0.27,0.287,0,0,1,1
0.335,0.27,0.29,0,0,1,1
0.335,0.27,0.293,0,0,1,1
0.335,0.27,0.296,0,0,1,1
0.335,0.27,0.299,0,0,1,1
0.335,0.27,0.302,0,0,1,1
0.335,0.27,0.305,0,0,1,1
0.335,0.27,0.308,0,0,1,1
0.335,0.27,0.311,0,0,1,1
0.335,0.27,0.314,0,0,1,1
0.335,0.27,0.317,0,0,1,1
0.335,0.27,0.32,0,0,1,1
0.335,0.27,0.323,0,0,1,1
0.335,0.27,0.326,0,0,1,1
0.335,0.27,0.329,0,0,1,1
0.335,0.27,0.332,0,0,1,1
0.335,0.27,0.335,0,0,1,1
0.335,0.27,0.338,0,0,1,1
0.335,0.27,0.341,0,0,1,1
0.335,0.27,0.344,0,0,1,1
0.335,0.27,0.347,0,0,1,1
0.335,0.27,0.35,0,0,1,1
0.335,0.27,0.353,0,0,1,1
0.335,0.27,0.356,0,0,1,1
0.335,0.27,0.359,0,0,1,1
0.335,0.27,0.362,0,0,1,1
0.335,0.27,0.365,0,0,1,1
0.335,0.27,0.368,0,0,1,1
0.335,0.27,0.371,0,0,1,1
0.335,0.27,0.374,0,0,1,1
0.335,0.27,0.377,0,0,1,1
0.335,0.27,0.38,0,0,1,1
0.335,0.27,0.383,0,0,1,1
0.335,0.27,0.386,0,0,1,1
0.335,0.27,0.389,0,0,1,1
0.335,0.27,0.392,0,0,1,1
0.335,0.27,0.395,0,0,1,1
0.335,0.27,0.398,0,0,1,1
0.335,0.27,0.401,0,0,1,1
0.335,0.27,0.404,0,0,1,1
0.335,0.27,0.407,0,0,1,1
0.335,0.27,0.41,0,0,1,1
0.335,0.27,0.413,0,0,1,1
0.335,0.27,0.416,0,0,1,1
0.335,0.27,0.419,0,0,1,1
0.335,0.27,0.422,0,0,1,1
0.335,0.27,0.425,0,0,1,1
0.335,0.27,0.427999,0,0,1,1
0.335,0.27,0.430999,0,0,1,1
0.335,0.27,0.433999,0,0,1,1
0.335,0.27,0.436999,0,0,1,1
0.335,0.27,0.439999,0,0,1,1
0.338,0.27,0.26,0,0,1,1
0.338,0.27,0.263,0,0,1,1
0.338,0.27,0.266,0,0,1,1
0.338,0.27,0.269,0,0,1,1
0.338,0.27,0.272,0,0,1,1
0.338,0.27,0.275,0,0,1,1
0.338,0.27,0.278,0,0,1,1
0.338,0.27,0.281,0,0,1,1
0.338,0.27,0.284,0,0,1,1
0.338,0.27,0.287,0,0,1,1
0.338,0.27,0.29,0,0,1,1
0.338,0.27,0.293,0,0,1,1
0.338,0.27,0.296,0,0,1,1
0.338,0.27,0.299,0,0,1,1
0.338,0.27,0.302,0,0,1,1
0.338,0.27,0.305,0,0,1,1
0.338,0.27,0.308,0,0,1,1
0.338,0.27,0.311,0,0,1,1
0.338,0.27,0.314,0,0,1,1
0.338,0.27,0.317,0,0,1,1
0.338,0.27,0.32,0,0,1,1
0.338,0.27,0.323,0,0,1,1
0.338,0.27,0.326,0,0,1,1
0.338,0.27,0.329,0,0,1,1
0.338,0.27,0.332,0,0,1,1
0.338,0.27,0.335,0,0,1,1
0.338,0.27,0.338,0,0,1,1
0.338,0.27,0.341,0,0,1,1
0.338,0.27,0.344,0,0,1,1
0.338,0.27,0.347,0,0,1,1
0.338,0.27,0.35,0,0,1,1
0.338,0.27,0.353,0,0,1,1
0.338,0.27,0.356,0,0,1,1
0.338,0.27,0.359,0,0,1,1
0.338,0.27,0.362,0,0,1,1
0.338,0.27,0.365,0,0,1,1
0.338,0.27,0.368,0,0,1,1
0.338,0.27,0.371,0,0,1,1
0.338,0.27,0.374,0,0,1,1
0.338,0.27,0.377,0,0,1,1
0.338,0.27,0.38,0,0,1,1
0.338,0.27,0.383,0,0,1,1
0.338,0.27,0.386,0,0,1,1
0.338,0.27,0.389,0,0,1,1
0.338,0.27,0.392,0,0,1,1
0.338,0.27,0.395,0,0,1,1
0.338,0.27,0.398,0,0,1,1
0.338,0.27,0.401,0,0,1,1
0.338,0.27,0.404,0,0,1,1
0.338,0.27,0.407,0,0,1,1
0.338,0.27,0.41,0,0,1,1
0.338,0.27,0.413,0,0,1,1
0.338,0.27,0.416,0,0,1,1
0.338,0.27,0.419,0,0,1,1
0.338,0.27,0.422,0,0,1,1
0.338,0.27,0.425,0,0,1,1
0.338,0.27,0.427999,0,0,1,1
0.338,0.27,0.430999,0,0,1,1
0.338,0.27,0.433999,0,0,1,1
0.338,0.27,0.436999,0,0,1,1
0.338,0.27,0.439999,0,0,1,1
0.341,0.27,0.26,0,0,1,1
0.341,0.27,0.263,0,0,1,1
0.341,0.27,0.266,0,0,1,1
0.341,0.27,0.269,0,0,1,1
0.341,0.27,0.272,0,0,1,1
0.341,0.27,0.275,0,0,1,1
0.341,0.27,0.278,0,0,1,1
0.341,0.27,0.281,0,0,1,1
0.341,0.27,0.284,0,0,1,1
0.341,0.27,0.287,0,0,1,1
0.341,0.27,0.29,0,0,1,1
0.341,0.27,0.293,0,0,1,1
0.341,0.27,0.296,0,0,1,1
0.341,0.27,0.299,0,0,1,1
0.341,0.27,0.302,0,0,1,1
0.341,0.27,0.305,0,0,1,1
0.341,0.27,0.308,0,0,1,1
0.341,0.27,0.311,0,0,1,1
0.341,0.27,0.314,0,0,1,1
0.341,0.27,0.317,0,0,1,1
0.341,0.27,0.32,0,0,1,1
0.341,0.27,0.323,0,0,1,1
0.341,0.27,0.326,0,0,1,1
0.341,0.27,0.329,0,0,1,1
0.341,0.27,0.332,0,0,1,1
0.341,0.27,0.335,0,0,1,1
0.341,0.27,0.338,0,0,1,1
0.341,0.27,0.341,0,0,1,1
0.341,0.27,0.344,0,0,1,1
0.341,0.27,0.347,0,0,1,1
0.341,0.27,0.35,0,0,1,1
0.341,0.27,0.353,0,0,1,1
0.341,0.27,0.356,0,0,1,1
0.341,0.27,0.359,0,0,1,1
0.341,0.27,0.362,0,0,1,1
0.341,0.27,0.365,0,0,1,1
0.341,0.27,0.368,0,0,1,1
0.341,0.27,0.371,0,0,1,1
0.341,0.27,0.374,0,0,1,1
0.341,0.27,0.377,0,0,1,1
0.341,0.27,0.38,0,0,1,1
0.341,0.27,0.383,0,0,1,1
0.341,0.27,0.386,0,0,1,1
0.341,0.27,0.389,0,0,1,1
0.341,0.27,0.392,0,0,1,1
0.341,0.27,0.395,0,0,1,1
0.341,0.27,0.398,0,0,1,1
0.341,0.27,0.401,0,0,1,1
0.341,0.27,0.404,0,0,1,1
0.341,0.27,0.407,0,0,1,1
0.341,0.27,0.41,0,0,1,1
0.341,0.27,0.413,0,0,1,1
0.341,0.27,0.416,0,0,1,1
0.341,0.27,0.419,0,0,1,1
0.341,0.27,0.422,0,0,1,1
0.341,0.27,0.425,0,0,1,1
0.341,0.27,0.427999,0,0,1,1
0.341,0.27,0.430999,0,0,1,1
0.341,0.27,0.433999,0,0,1,1
0.341,0.27,0.436999,0,0,1,1
0.341,0.27,0.439999,0,0,1,1
0.14,0.41,0.26,0,0,1,1
0.143,0.41,0.26,0,0,1,1
0.146,0.41,0.26,0,0,1,1
0.149,0.41,0.26,0,0,1,1
0.152,0.41,0.26,0,0,1,1
0.155,0.41,0.26,0,0,1,1
0.158,0.41,0.26,0,0,1,1
0.161,0.41,0.26,0,0,1,1
0.164,0.41,0.26,0,0,1,1
0.167,0.41,0.26,0,0,1,1
0.17,0.41,0.26,0,0,1,1
0.173,0.41,0.26,0,0,1,1
0.176,0.41,0.26,0,0,1,1
0.179,0.41,0.26,0,0,1,1
0.182,0.41,0.26,0,0,1,1
0.185,0.41,0.26,0,0,1,1
0.188,0.41,0.26,0,0,1,1
0.191,0.41,0.26,0,0,1,1
0.194,0.41,0.26,0,0,1,1
0.197,0.41,0.26,0,0,1,1
0.2,0.41,0.26,0,0,1,1
0.203,0.41,0.26,0,0,1,1
0.206,0.41,0.26,0,0,1,1
0.209,0.41,0.26,0,0,1,1
0.212,0.41,0.26,0,0,1,1
0.215,0.41,0.26,0,0,1,1
0.218,0.41,0.26,0,0,1,1
0.221,0.41,0.26,0,0,1,1
0.224,0.41,0.26,0,0,1,1
0.227,0.41,0.26,0,0,1,1
0.23,0.41,0.26,0,0,1,1
0.233,0.41,0.26,0,0,1,1
0.236,0.41,0.26,0,0,1,1
0.239,0.41,0.26,0,0,1,1
0.242,0.41,0.26,0,0,1,1
0.245,0.41,0.26,0,0,1,1
0.248,0.41,0.26,0,0,1,1
0.251,0.41,0.26,0,0,1,1
0.254,0.41,0.26,0,0,1,1
0.257,0.41,0.26,0,0,1,1
0.26,0.41,0.26,0,0,1,1
0.263,0.41,0.26,0,0,1,1
0.266,0.41,0.26,0,0,1,1
0.269,0.41,0.26,0,0,1,1
0.272,0.41,0.26,0,0,1,1
0.275,0.41,0.26,0,0,1,1
0.278,0.41,0.26,0,0,1,1
0.281,0.41,0.26,0,0,1,1
0.284,0.41,0.26,0,0,1,1
0.287,0.41,0.26,0,0,1,1
0.29,0.41,0.26,0,0,1,1
0.293,0.41,0.26,0,0,1,1
0.296,0.41,0.26,0,0,1,1
0.299,0.41,0.26,0,0,1,1
0.302,0.41,0.26,0,0,1,1
0.305,0.41,0.26,0,0,1,1
0.308,0.41,0.26,0,0,1,1
0.311,0.41,0.26,0,0,1,1
0.314,0.41,0.26,0,0,1,1
0.317,0.41,0.26,0,0,1,1
0.32,0.41,0.26,0,0,1,1
0.323,0.41,0.26,0,0,1,1
0.326,0.41,0.26,0,0,1,1
0.329,0.41,0.26,0,0,1,1
0.332,0.41,0.26,0,0,1,1
0.335,0.41,0.26,0,0,1,1
0.338,0.41,0.26,0,0,1,1
0.341,0.41,0.26,0,0,1,1
0.14,0.407,0.26,0,0,1,1
0.143,0.407,0.26,0,0,1,1
0.146,0.407,0.26,0,0,1,1
0.149,0.407,0.26,0,0,1,1
0.152,0.407,0.26,0,0,1,1
0.155,0.407,0.26,0,0,1,1
0.158,0.407,0.26,0,0,1,1
0.161,0.407,0.26,0,0,1,1
0.164,0.407,0.26,0,0,1,1
0.167,0.407,0.26,0,0,1,1
0.17,0.407,0.26,0,0,1,1
0.173,0.407,0.26,0,0,1,1
0.176,0.407,0.26,0,0,1,1
0.179,0.407,0.26,0,0,1,1
0.182,0.407,0.26,0,0,1,1
0.185,0.407,0.26,0,0,1,1
0.188,0.407,0.26,0,0,1,1
0.191,0.407,0.26,0,0,1,1
0.194,0.407,0.26,0,0,1,1
0.197,0.407,0.26,0,0,1,1
0.2,0.407,0.26,0,0,1,1
0.203,0.407,0.26,0,0,1,1
0.206,0.407,0.26,0,0,1,1
0.209,0.407,0.26,0,0,1,1
0.212,0.407,0.26,0,0,1,1
0.215,0.407,0.26,0,0,1,1
0.218,0.407,0.26,0,0,1,1
0.221,0.407,0.26,0,0,1,1
0.224,0.407,0.26,0,0,1,1
0.227,0.407,0.26,0,0,1,1
0.23,0.407,0.26,0,0,1,1
0.233,0.407,0.26,0,0,1,1
0.236,0.407,0.26,0,0,1,1
0.239,0.407,0.26,0,0,1,1
0.242,0.407,0.26,0,0,1,1
0.245,0.407,0.26,0,0,1,1
0.248,0.407,0.26,0,0,1,1
0.251,0.407,0.26,0,0,1,1
0.254,0.407,0.26,0,0,1,1
0.257,0.407,0.26,0,0,1,1
0.26,0.407,0.26,0,0,1,1
0.263,0.407,0.26,0,0,1,1
0.266,0.407,0.26,0,0,1,1
0.269,0.407,0.26,0,0,1,1
0.272,0.407,0.26,0,0,1,1
0.275,0.407,0.26,0,0,1,1
0.278,0.407,0.26,0,0,1,1
0.281,0.407,0.26,0,0,1,1
0.284,0.407,0.26,0,0,1,1
0.287,0.407,0.26,0,0,1,1
0.29,0.407,0.26,0,0,1,1
0.293,0.407,0.26,0,0,1,1
0.296,0.407,0.26,0,0,1,1
0.299,0.407,0.26,0,0,1,1
0.302,0.407,0.26,0,0,1,1
0.305,0.407,0.26,0,0,1,1
0.308,0.407,0.26,0,0,1,1
0.311,0.407,0.26,0,0,1,1
0.314,0.407,0.26,0,0,1,1
0.317,0.407,0.26,0,0,1,1
0.32,0.407,0.26,0,0,1,1
0.323,0.407,0.26,0,0,1,1
0.326,0.407,0.26,0,0,1,1
0.329,0.407,0.26,0,0,1,1
0.332,0.407,0.26,0,0,1,1
0.335,0.407,0.26,0,0,1,1
0.338,0.407,0.26,0,0,1,1
0.341,0.407,0.26,0,0,1,1
0.14,0.404,0.26,0,0,1,1
0.143,0.404,0.26,0,0,1,1
0.146,0.404,0.26,0,0,1,1
0.149,0.404,0.26,0,0,1,1
0.152,0.404,0.26,0,0,1,1
0.155,0.404,0.26,0,0,1,1
0.158,0.404,0.26,0,0,1,1
0.161,0.404,0.26,0,0,1,1
0.164,0.404,0.26,0,0,1,1
0.167,0.404,0.26,0,0,1,1
0.17,0.404,0.26,0,0,1,1
0.173,0.404,0.26,0,0,1,1
0.176,0.404,0.26,0,0,1,1
0.179,0.404,0.26,0,0,1,1
0.182,0.404,0.26,0,0,1,1
0.185,0.404,0.26,0,0,1,1
0.188,0.404,0.26,0,0,1,1
0.191,0.404,0.26,0,0,1,1
0.194,0.404,0.26,0,0,1,1
0.197,0.404,0.26,0,0,1,1
0.2,0.404,0.26,0,0,1,1
0.203,0.404,0.26,0,0,1,1
0.206,0.404,0.26,0,0,1,1
0.209,0.404,0.26,0,0,1,1
0.212,0.404,0.26,0,0,1,1
0.215,0.404,0.26,0,0,1,1
0.218,0.404,0.26,0,0,1,1
0.221,0.404,0.26,0,0,1,1
0.224,0.404,0.26,0,0,1,1
0.227,0.404,0.26,0,0,1,1
0.23,0.404,0.26,0,0,1,1
0.233,0.404,0.26,0,0,1,1
0.236,0.404,0.26,0,0,1,1
0.239,0.404,0.26,0,0,1,1
0.242,0.404,0.26,0,0,1,1
0.245,0.404,0.26,0,0,1,1
0.248,0.404,0.26,0,0,1,1
0.251,0.404,0.26,0,0,1,1
0.254,0.404,0.26,0,0,1,1
0.257,0.404,0.26,0,0,1,1
0.26,0.404,0.26,0,0,1,1
0.263,0.404,0.26,0,0,1,1
0.266,0.404,0.26,0,0,1,1
0.269,0.404,0.26,0,0,1,1
0.272,0.404,0.26,0,0,1,1
0.275,0.404,0.26,0,0,1,1
0.278,0.404,0.26,0,0,1,1
0.281,0.404,0.26,0,0,1,1
0.284,0.404,0.26,0,0,1,1
0.287,0.404,0.26,0,0,1,1
0.29,0.404,0.26,0,0,1,1
0.293,0.404,0.26,0,0,1,1
0.296,0.404,0.26,0,0,1,1
0.299,0.404,0.26,0,0,1,1
0.302,0.404,0.26,0,0,1,1
0.305,0.404,0.26,0,0,1,1
0.308,0.404,0.26,0,0,1,1
0.311,0.404,0.26,0,0,1,1
0.314,0.404,0.26,0,0,1,1
0.317,0.404,0.26,0,0,1,1
0.32,0.404,0.26,0,0,1,1
0.323,0.404,0.26,0,0,1,1
0.326,0.404,0.26,0,0,1,1
0.329,0.404,0.26,0,0,1,1
0.332,0.404,0.26,0,0,1,1
0.335,0.404,0.26,0,0,1,1
0.338,0.404,0.26,0,0,1,1
0.341,0.404,0.26,0,0,1,1
0.14,0.401,0.26,0,0,1,1
0.143,0.401,0.26,0,0,1,1
0.146,0.401,0.26,0,0,1,1
0.149,0.401,0.26,0,0,1,1
0.152,0.401,0.26,0,0,1,1
0.155,0.401,0.26,0,0,1,1
0.158,0.401,0.26,0,0,1,1
0.161,0.401,0.26,0,0,1,1
0.164,0.401,0.26,0,0,1,1
0.167,0.401,0.26,0,0,1,1
0.17,0.401,0.26,0,0,1,1
0.173,0.401,0.26,0,0,1,1
0.176,0.401,0.26,0,0,1,1
0.179,0.401,0.26,0,0,1,1
0.182,0.401,0.26,0,0,1,1
0.185,0.401,0.26,0,0,1,1
0.188,0.401,0.26,0,0,1,1
0.191,0.401,0.26,0,0,1,1
0.194,0.401,0.26,0,0,1,1
0.197,0.401,0.26,0,0,1,1
0.2,0.401,0.26,0,0,1,1
0.203,0.401,0.26,0,0,1,1
0.206,0.401,0.26,0,0,1,1
0.209,0.401,0.26,0,0,1,1
0.212,0.401,0.26,0,0,1,1
0.215,0.401,0.26,0,0,1,1
0.218,0.401,0.26,0,0,1,1
0.221,0.401,0.26,0,0,1,1
0.224,0.401,0.26,0,0,1,1
0.227,0.401,0.26,0,0,1,1
0.23,0.401,0.26,0,0,1,1
0.233,0.401,0.26,0,0,1,1
0.236,0.401,0.26,0,0,1,1
0.239,0.401,0.26,0,0,1,1
0.242,0.401,0.26,0,0,1,1
0.245,0.401,0.26,0,0,1,1
0.248,0.401,0.26,0,0,1,1
0.251,0.401,0.26,0,0,1,1
0.254,0.401,0.26,0,0,1,1
0.257,0.401,0.26,0,0,1,1
0.26,0.401,0.26,0,0,1,1
0.263,0.401,0.26,0,0,1,1
0.266,0.401,0.26,0,0,1,1
0.269,0.401,0.26,0,0,1,1
0.272,0.401,0.26,0,0,1,1
0.275,0.401,0.26,0,0,1,1
0.278,0.401,0.26,0,0,1,1
0.281,0.401,0.26,0,0,1,1
0.284,0.401,0.26,0,0,1,1
0.287,0.401,0.26,0,0,1,1
0.29,0.401,0.26,0,0,1,1
0.293,0.401,0.26,0,0,1,1
0.296,0.401,0.26,0,0,1,1
0.299,0.401,0.26,0,0,1,1
0.302,0.401,0.26,0,0,1,1
0.305,0.401,0.26,0,0,1,1
0.308,0.401,0.26,0,0,1,1
0.311,0.401,0.26,0,0,1,1
0.314,0.401,0.26,0,0,1,1
0.317,0.401,0.26,0,0,1,1
0.32,0.401,0.26,0,0,1,1
0.323,0.401,0.26,0,0,1,1
0.326,0.401,0.26,0,0,1,1
0.329,0.401,0.26,0,0,1,1
0.332,0.401,0.26,0,0,1,1
0.335,0.401,0.26,0,0,1,1
0.338,0.401,0.26,0,0,1,1
0.341,0.401,0.26,0,0,1,1
0.14,0.398,0.26,0,0,1,1
0.143,0.398,0.26,0,0,1,1
0.146,0.398,0.26,0,0,1,1
0.149,0.398,0.26,0,0,1,1
0.152,0.398,0.26,0,0,1,1
0.155,0.398,0.26,0,0,1,1
0.158,0.398,0.26,0,0,1,1
0.161,0.398,0.26,0,0,1,1
0.164,0.398,0.26,0,0,1,1
0.167,0.398,0.26,0,0,1,1
0.17,0.398,0.26,0,0,1,1
0.173,0.398,0.26,0,0,1,1
0.176,0.398,0.26,0,0,1,1
0.179,0.398,0.26,0,0,1,1
0.182,0.398,0.26,0,0,1,1
0.185,0.398,0.26,0,0,1,1
0.188,0.398,0.26,0,0,1,1
0.191,0.398,0.26,0,0,1,1
0.194,0.398,0.26,0,0,1,1
0.197,0.398,0.26,0,0,1,1
0.2,0.398,0.26,0,0,1,1
0.203,0.398,0.26,0,0,1,1
0.206,0.398,0.26,0,0,1,1
0.209,0.398,0.26,0,0,1,1
0.212,0.398,0.26,0,0,1,1
0.215,0.398,0.26,0,0,1,1
0.218,0.398,0.26,0,0,1,1
0.221,0.398,0.26,0,0,1,1
0.224,0.398,0.26,0,0,1,1
0.227,0.398,0.26,0,0,1,1
0.23,0.398,0.26,0,0,1,1
0.233,0.398,0.26,0,0,1,1
0.236,0.398,0.26,0,0,1,1
0.239,0.398,0.26,0,0,1,1
0.242,0.398,0.26,0,0,1,1
0.245,0.398,0.26,0,0,1,1
0.248,0.398,0.26,0,0,1,1
0.251,0.398,0.26,0,0,1,1
0.254,0.398,0.26,0,0,1,1
0.257,0.398,0.26,0,0,1,1
0.26,0.398,0.26,0,0,1,1
0.263,0.398,0.26,0,0,1,1
0.266,0.398,0.26,0,0,1,1
0.269,0.398,0.26,0,0,1,1
0.272,0.398,0.26,0,0,1,1
0.275,0.398,0.26,0,0,1,1
0.278,0.398,0.26,0,0,1,1
0.281,0.398,0.26,0,0,1,1
0.284,0.398,0.26,0,0,1,1
0.287,0.398,0.26,0,0,1,1
0.29,0.398,0.26,0,0,1,1
0.293,0.398,0.26,0,0,1,1
0.296,0.398,0.26,0,0,1,1
0.299,0.398,0.26,0,0,1,1
0.302,0.398,0.26,0,0,1,1
0.305,0.398,0.26,0,0,1,1
0.308,0.398,0.26,0,0,1,1
0.311,0.398,0.26,0,0,1,1
0.314,0.398,0.26,0,0,1,1
0.317,0.398,0.26,0,0,1,1
0.32,0.398,0.26,0,0,1,1
0.323,0.398,0.26,0,0,1,1
0.326,0.398,0.26,0,0,1,1
0.329,0.398,0.26,0,0,1,1
0.332,0.398,0.26,0,0,1,1
0.335,0.398,0.26,0,0,1,1
0.338,0.398,0.26,0,0,1,1
0.341,0.398,0.26,0,0,1,1
0.14,0.395,0.26,0,0,1,1
0.143,0.395,0.26,0,0,1,1
0.146,0.395,0.26,0,0,1,1
0.149,0.395,0.26,0,0,1,1
0.152,0.395,0.26,0,0,1,1
0.155,0.395,0.26,0,0,1,1
0.158,0.395,0.26,0,0,1,1
0.161,0.395,0.26,0,0,1,1
0.164,0.395,0.26,0,0,1,1
0.167,0.395,0.26,0,0,1,1
0.17,0.395,0.26,0,0,1,1
0.173,0.395,0.26,0,0,1,1
0.176,0.395,0.26,0,0,1,1
0.179,0.395,0.26,0,0,1,1
0.182,0.395,0.26,0,0,1,1
0.185,0.395,0.26,0,0,1,1
0.188,0.395,0.26,0,0,1,1
0.191,0.395,0.26,0,0,1,1
0.194,0.395,0.26,0,0,1,1
0.197,0.395,0.26,0,0,1,1
0.2,0.395,0.26,0,0,1,1
0.203,0.395,0.26,0,0,1,1
0.206,0.395,0.26,0,0,1,1
0.209,0.395,0.26,0,0,1,1
0.212,0.395,0.26,0,0,1,1
0.215,0.395,0.26,0,0,1,1
0.218,0.395,0.26,0,0,1,1
0.221,0.395,0.26,0,0,1,1
0.224,0.395,0.26,0,0,1,1
0.227,0.395,0.26,0,0,1,1
0.23,0.395,0.26,0,0,1,1
0.233,0.395,0.26,0,0,1,1
0.236,0.395,0.26,0,0,1,1
0.239,0.395,0.26,0,0,1,1
0.242,0.395,0.26,0,0,1,1
0.245,0.395,0.26,0,0,1,1
0.248,0.395,0.26,0,0,1,1
0.251,0.395,0.26,0,0,1,1
0.254,0.395,0.26,0,0,1,1
0.257,0.395,0.26,0,0,1,1
0.26,0.395,0.26,0,0,1,1
0.263,0.395,0.26,0,0,1,1
0.266,0.395,0.26,0,0,1,1
0.269,0.395,0.26,0,0,1,1
0.272,0.395,0.26,0,0,1,1
0.275,0.395,0.26,0,0,1,1
0.278,0.395,0.26,0,0,1,1
0.281,0.395,0.26,0,0,1,1
0.284,0.395,0.26,0,0,1,1
0.287,0.395,0.26,0,0,1,1
0.29,0.395,0.26,0,0,1,1
0.293,0.395,0.26,0,0,1,1
0.296,0.395,0.26,0,0,1,1
0.299,0.395,0.26,0,0,1,1
0.302,0.395,0.26,0,0,1,1
0.305,0.395,0.26,0,0,1,1
0.308,0.395,0.26,0,0,1,1
0.311,0.395,0.26,0,0,1,1
0.314,0.395,0.26,0,0,1,1
0.317,0.395,0.26,0,0,1,1
0.32,0.395,0.26,0,0,1,1
0.323,0.395,0.26,0,0,1,1
0.326,0.395,0.26,0,0,1,1
0.329,0.395,0.26,0,0,1,1
0.332,0.395,0.26,0,0,1,1
0.335,0.395,0.26,0,0,1,1
0.338,0.395,0.26,0,0,1,1
0.341,0.395,0.26,0,0,1,1
0.14,0.392,0.26,0,0,1,1
0.143,0.392,0.26,0,0,1,1
0.146,0.392,0.26,0,0,1,1
0.149,0.392,0.26,0,0,1,1
0.152,0.392,0.26,0,0,1,1
0.155,0.392,0.26,0,0,1,1
0.158,0.392,0.26,0,0,1,1
0.161,0.392,0.26,0,0,1,1
0.164,0.392,0.26,0,0,1,1
0.167,0.392,0.26,0,0,1,1
0.17,0.392,0.26,0,0,1,1
0.173,0.392,0.26,0,0,1,1
0.176,0.392,0.26,0,0,1,1
0.179,0.392,0.26,0,0,1,1
0.182,0.392,0.26,0,0,1,1
0.185,0.392,0.26,0,0,1,1
0.188,0.392,0.26,0,0,1,1
0.191,0.392,0.26,0,0,1,1
0.194,0.392,0.26,0,0,1,1
0.197,0.392,0.26,0,0,1,1
0.2,0.392,0.26,0,0,1,1
0.203,0.392,0.26,0,0,1,1
0.206,0.392,0.26,0,0,1,1
0.209,0.392,0.26,0,0,1,1
0.212,0.392,0.26,0,0,1,1
0.215,0.392,0.26,0,0,1,1
0.218,0.392,0.26,0,0,1,1
0.221,0.392,0.26,0,0,1,1
0.224,0.392,0.26,0,0,1,1
0.227,0.392,0.26,0,0,1,1
0.23,0.392,0.26,0,0,1,1
0.233,0.392,0.26,0,0,1,1
0.236,0.392,0.26,0,0,1,1
0.239,0.392,0.26,0,0,1,1
0.242,0.392,0.26,0,0,1,1
0.245,0.392,0.26,0,0,1,1
0.248,0.392,0.26,0,0,1,1
0.251,0.392,0.26,0,0,1,1
0.254,0.392,0.26,0,0,1,1
0.257,0.392,0.26,0,0,1,1
0.26,0.392,0.26,0,0,1,1
0.263,0.392,0.26,0,0,1,1
0.266,0.392,0.26,0,0,1,1
0.269,0.392,0.26,0,0,1,1
0.272,0.392,0.26,0,0,1,1
0.275,0.392,0.26,0,0,1,1
0.278,0.392,0.26,0,0,1,1
0.281,0.392,0.26,0,0,1,1
0.284,0.392,0.26,0,0,1,1
0.287,0.392,0.26,0,0,1,1
0.29,0.392,0.26,0,0,1,1
0.293,0.392,0.26,0,0,1,1
0.296,0.392,0.26,0,0,1,1
0.299,0.392,0.26,0,0,1,1
0.302,0.392,0.26,0,0,1,1
0.305,0.392,0.26,0,0,1,1
0.308,0.392,0.26,0,0,1,1
0.311,0.392,0.26,0,0,1,1
0.314,0.392,0.26,0,0,1,1
0.317,0.392,0.26,0,0,1,1
0.32,0.392,0.26,0,0,1,1
0.323,0.392,0.26,0,0,1,1
0.326,0.392,0.26,0,0,1,1
0.329,0.392,0.26,0,0,1,1
0.332,0.392,0.26,0,0,1,1
0.335,0.392,0.26,0,0,1,1
0.338,0.392,0.26,0,0,1,1
0.341,0.392,0.26,0,0,1,1
0.14,0.389,0.26,0,0,1,1
0.143,0.389,0.26,0,0,1,1
0.146,0.389,0.26,0,0,1,1
0.149,0.389,0.26,0,0,1,1
0.152,0.389,0.26,0,0,1,1
0.155,0.389,0.26,0,0,1,1
0.158,0.389,0.26,0,0,1,1
0.161,0.389,0.26,0,0,1,1
0.164,0.389,0.26,0,0,1,1
0.167,0.389,0.26,0,0,1,1
0.17,0.389,0.26,0,0,1,1
0.173,0.389,0.26,0,0,1,1
0.176,0.389,0.26,0,0,1,1
0.179,0.389,0.26,0,0,1,1
0.182,0.389,0.26,0,0,1,1
0.185,0.389,0.26,0,0,1,1
0.188,0.389,0.26,0,0,1,1
0.191,0.389,0.26,0,0,1,1
0.194,0.389,0.26,0,0,1,1
0.197,0.389,0.26,0,0,1,1
0.2,0.389,0.26,0,0,1,1
0.203,0.389,0.26,0,0,1,1
0.206,0.389,0.26,0,0,1,1
0.209,0.389,0.26,0,0,1,1
0.212,0.389,0.26,0,0,1,1
0.215,0.389,0.26,0,0,1,1
0.218,0.389,0.26,0,0,1,1
0.221,0.389,0.26,0,0,1,1
0.224,0.389,0.26,0,0,1,1
0.227,0.389,0.26,0,0,1,1
0.23,0.389,0.26,0,0,1,1
0.233,0.389,0.26,0,0,1,1
0.236,0.389,0.26,0,0,1,1
0.239,0.389,0.26,0,0,1,1
0.242,0.389,0.26,0,0,1,1
0.245,0.389,0.26,0,0,1,1
0.248,0.389,0.26,0,0,1,1
0.251,0.389,0.26,0,0,1,1
0.254,0.389,0.26,0,0,1,1
0.257,0.389,0.26,0,0,1,1
0.26,0.389,0.26,0,0,1,1
0.263,0.389,0.26,0,0,1,1
0.266,0.389,0.26,0,0,1,1
0.269,0.389,0.26,0,0,1,1
0.272,0.389,0.26,0,0,1,1
0.275,0.389,0.26,0,0,1,1
0.278,0.389,0.26,0,0,1,1
0.281,0.389,0.26,0,0,1,1
0.284,0.389,0.26,0,0,1,1
0.287,0.389,0.26,0,0,1,1
0.29,0.389,0.26,0,0,1,1
0.293,0.389,0.26,0,0,1,1
0.296,0.389,0.26,0,0,1,1
0.299,0.389,0.26,0,0,1,1
0.302,0.389,0.26,0,0,1,1
0.305,0.389,0.26,0,0,1,1
0.308,0.389,0.26,0,0,1,1
0.311,0.389,0.26,0,0,1,1
0.314,0.389,0.26,0,0,1,1
0.317,0.389,0.26,0,0,1,1
0.32,0.389,0.26,0,0,1,1
0.323,0.389,0.26,0,0,1,1
0.326,0.389,0.26,0,0,1,1
0.329,0.389,0.26,0,0,1,1
0.332,0.389,0.26,0,0,1,1
0.335,0.389,0.26,0,0,1,1
0.338,0.389,0.26,0,0,1,1
0.341,0.389,0.26,0,0,1,1
0.14,0.386,0.26,0,0,1,1
0.143,0.386,0.26,0,0,1,1
0.146,0.386,0.26,0,0,1,1
0.149,0.386,0.26,0,0,1,1
0.152,0.386,0.26,0,0,1,1
0.155,0.386,0.26,0,0,1,1
0.158,0.386,0.26,0,0,1,1
0.161,0.386,0.26,0,0,1,1
0.164,0.386,0.26,0,0,1,1
0.167,0.386,0.26,0,0,1,1
0.17,0.386,0.26,0,0,1,1
0.173,0.386,0.26,0,0,1,1
0.176,0.386,0.26,0,0,1,1
0.179,0.386,0.26,0,0,1,1
0.182,0.386,0.26,0,0,1,1
0.185,0.386,0.26,0,0,1,1
0.188,0.386,0.26,0,0,1,1
0.191,0.386,0.26,0,0,1,1
0.194,0.386,0.26,0,0,1,1
0.197,0.386,0.26,0,0,1,1
0.2,0.386,0.26,0,0,1,1
0.203,0.386,0.26,0,0,1,1
0.206,0.386,0.26,0,0,1,1
0.209,0.386,0.26,0,0,1,1
0.212,0.386,0.26,0,0,1,1
0.215,0.386,0.26,0,0,1,1
0.218,0.386,0.26,0,0,1,1
0.221,0.386,0.26,0,0,1,1
0.224,0.386,0.26,0,0,1,1
0.227,0.386,0.26,0,0,1,1
0.23,0.386,0.26,0,0,1,1
0.233,0.386,0.26,0,0,1,1
0.236,0.386,0.26,0,0,1,1
0.239,0.386,0.26,0,0,1,1
0.242,0.386,0.26,0,0,1,1
0.245,0.386,0.26,0,0,1,1
0.248,0.386,0.26,0,0,1,1
0.251,0.386,0.26,0,0,1,1
0.254,0.386,0.26,0,0,1,1
0.257,0.386,0.26,0,0,1,1
0.26,0.386,0.26,0,0,1,1
0.263,0.386,0.26,0,0,1,1
0.266,0.386,0.26,0,0,1,1
0.269,0.386,0.26,0,0,1,1
0.272,0.386,0.26,0,0,1,1
0.275,0.386,0.26,0,0,1,1
0.278,0.386,0.26,0,0,1,1
0.281,0.386,0.26,0,0,1,1
0.284,0.386,0.26,0,0,1,1
0.287,0.386,0.26,0,0,1,1
0.29,0.386,0.26,0,0,1,1
0.293,0.386,0.26,0,0,1,1
0.296,0.386,0.26,0,0,1,1
0.299,0.386,0.26,0,0,1,1
0.302,0.386,0.26,0,0,1,1
0.305,0.386,0.26,0,0,1,1
0.308,0.386,0.26,0,0,1,1
0.311,0.386,0.26,0,0,1,1
0.314,0.386,0.26,0,0,1,1
0.317,0.386,0.26,0,0,1,1
0.32,0.386,0.26,0,0,1,1
0.323,0.386,0.26,0,0,1,1
0.326,0.386,0.26,0,0,1,1
0.329,0.386,0.26,0,0,1,1
0.332,0.386,0.26,0,0,1,1
0.335,0.386,0.26,0,0,1,1
0.338,0.386,0.26,0,0,1,1
0.341,0.386,0.26,0,0,1,1
0.14,0.383,0.26,0,0,1,1
0.143,0.383,0.26,0,0,1,1
0.146,0.383,0.26,0,0,1,1
0.149,0.383,0.26,0,0,1,1
0.152,0.383,0.26,0,0,1,1
0.155,0.383,0.26,0,0,1,1
0.158,0.383,0.26,0,0,1,1
0.161,0.383,0.26,0,0,1,1
0.164,0.383,0.26,0,0,1,1
0.167,0.383,0.26,0,0,1,1
0.17,0.383,0.26,0,0,1,1
0.173,0.383,0.26,0,0,1,1
0.176,0.383,0.26,0,0,1,1
0.179,0.383,0.26,0,0,1,1
0.182,0.383,0.26,0,0,1,1
0.185,0.383,0.26,0,0,1,1
0.188,0.383,0.26,0,0,1,1
0.191,0.383,0.26,0,0,1,1
0.194,0.383,0.26,0,0,1,1
0.197,0.383,0.26,0,0,1,1
0.2,0.383,0.26,0,0,1,1
0.203,0.383,0.26,0,0,1,1
0.206,0.383,0.26,0,0,1,1
0.209,0.383,0.26,0,0,1,1
0.212,0.383,0.26,0,0,1,1
0.215,0.383,0.26,0,0,1,1
0.218,0.383,0.26,0,0,1,1
0.221,0.383,0.26,0,0,1,1
0.224,0.383,0.26,0,0,1,1
0.227,0.383,0.26,0,0,1,1
0.23,0.383,0.26,0,0,1,1
0.233,0.383,0.26,0,0,1,1
0.236,0.383,0.26,0,0,1,1
0.239,0.383,0.26,0,0,1,1
0.242,0.383,0.26,0,0,1,1
0.245,0.383,0.26,0,0,1,1
0.248,0.383,0.26,0,0,1,1
0.251,0.383,0.26,0,0,1,1
0.254,0.383,0.26,0,0,1,1
0.257,0.383,0.26,0,0,1,1
0.26,0.383,0.26,0,0,1,1
0.263,0.383,0.26,0,0,1,1
0.266,0.383,0.26,0,0,1,1
0.269,0.383,0.26,0,0,1,1
0.272,0.383,0.26,0,0,1,1
0.275,0.383,0.26,0,0,1,1
0.278,0.383,0.26,0,0,1,1
0.281,0.383,0.26,0,0,1,1
0.284,0.383,0.26,0,0,1,1
0.287,0.383,0.26,0,0,1,1
0.29,0.383,0.26,0,0,1,1
0.293,0.383,0.26,0,0,1,1
0.296,0.383,0.26,0,0,1,1
0.299,0.383,0.26,0,0,1,1
0.302,0.383,0.26,0,0,1,1
0.305,0.383,0.26,0,0,1,1
0.308,0.383,0.26,0,0,1,1
0.311,0.383,0.26,0,0,1,1
0.314,0.383,0.26,0,0,1,1
0.317,0.383,0.26,0,0,1,1
0.32,0.383,0.26,0,0,1,1
0.323,0.383,0.26,0,0,1,1
0.326,0.383,0.26,0,0,1,1
0.329,0.383,0.26,0,0,1,1
0.332,0.383,0.26,0,0,1,1
0.335,0.383,0.26,0,0,1,1
0.338,0.383,0.26,0,0,1,1
0.341,0.383,0.26,0,0,1,1
0.14,0.38,0.26,0,0,1,1
0.143,0.38,0.26,0,0,1,1
0.146,0.38,0.26,0,0,1,1
0.149,0.38,0.26,0,0,1,1
0.152,0.38,0.26,0,0,1,1
0.155,0.38,0.26,0,0,1,1
0.158,0.38,0.26,0,0,1,1
0.161,0.38,0.26,0,0,1,1
0.164,0.38,0.26,0,0,1,1
0.167,0.38,0.26,0,0,1,1
0.17,0.38,0.26,0,0,1,1
0.173,0.38,0.26,0,0,1,1
0.176,0.38,0.26,0,0,1,1
0.179,0.38,0.26,0,0,1,1
0.182,0.38,0.26,0,0,1,1
0.185,0.38,0.26,0,0,1,1
0.188,0.38,0.26,0,0,1,1
0.191,0.38,0.26,0,0,1,1
0.194,0.38,0.26,0,0,1,1
0.197,0.38,0.26,0,0,1,1
0.2,0.38,0.26,0,0,1,1
0.203,0.38,0.26,0,0,1,1
0.206,0.38,0.26,0,0,1,1
0.209,0.38,0.26,0,0,1,1
0.212,0.38,0.26,0,0,1,1
0.215,0.38,0.26,0,0,1,1
0.218,0.38,0.26,0,0,1,1
0.221,0.38,0.26,0,0,1,1
0.224,0.38,0.26,0,0,1,1
0.227,0.38,0.26,0,0,1,1
0.23,0.38,0.26,0,0,1,1
0.233,0.38,0.26,0,0,1,1
0.236,0.38,0.26,0,0,1,1
0.239,0.38,0.26,0,0,1,1
0.242,0.38,0.26,0,0,1,1
0.245,0.38,0.26,0,0,1,1
0.248,0.38,0.26,0,0,1,1
0.251,0.38,0.26,0,0,1,1
0.254,0.38,0.26,0,0,1,1
0.257,0.38,0.26,0,0,1,1
0.26,0.38,0.26,0,0,1,1
0.263,0.38,0.26,0,0,1,1
0.266,0.38,0.26,0,0,1,1
0.269,0.38,0.26,0,0,1,1
0.272,0.38,0.26,0,0,1,1
0.275,0.38,0.26,0,0,1,1
0.278,0.38,0.26,0,0,1,1
0.281,0.38,0.26,0,0,1,1
0.284,0.38,0.26,0,0,1,1
0.287,0.38,0.26,0,0,1,1
0.29,0.38,0.26,0,0,1,1
0.293,0.38,0.26,0,0,1,1
0.296,0.38,0.26,0,0,1,1
0.299,0.38,0.26,0,0,1,1
0.302,0.38,0.26,0,0,1,1
0.305,0.38,0.26,0,0,1,1
0.308,0.38,0.26,0,0,1,1
0.311,0.38,0.26,0,0,1,1
0.314,0.38,0.26,0,0,1,1
0.317,0.38,0.26,0,0,1,1
0.32,0.38,0.26,0,0,1,1
0.323,0.38,0.26,0,0,1,1
0.326,0.38,0.26,0,0,1,1
0.329,0.38,0.26,0,0,1,1
0.332,0.38,0.26,0,0,1,1
0.335,0.38,0.26,0,0,1,1
0.338,0.38,0.26,0,0,1,1
0.341,0.38,0.26,0,0,1,1
0.14,0.377,0.26,0,0,1,1
0.143,0.377,0.26,0,0,1,1
0.146,0.377,0.26,0,0,1,1
0.149,0.377,0.26,0,0,1,1
0.152,0.377,0.26,0,0,1,1
0.155,0.377,0.26,0,0,1,1
0.158,0.377,0.26,0,0,1,1
0.161,0.377,0.26,0,0,1,1
0.164,0.377,0.26,0,0,1,1
0.167,0.377,0.26,0,0,1,1
0.17,0.377,0.26,0,0,1,1
0.173,0.377,0.26,0,0,1,1
0.176,0.377,0.26,0,0,1,1
0.179,0.377,0.26,0,0,1,1
0.182,0.377,0.26,0,0,1,1
0.185,0.377,0.26,0,0,1,1
0.188,0.377,0.26,0,0,1,1
0.191,0.377,0.26,0,0,1,1
0.194,0.377,0.26,0,0,1,1
0.197,0.377,0.26,0,0,1,1
0.2,0.377,0.26,0,0,1,1
0.203,0.377,0.26,0,0,1,1
0.206,0.377,0.26,0,0,1,1
0.209,0.377,0.26,0,0,1,1
0.212,0.377,0.26,0,0,1,1
0.215,0.377,0.26,0,0,1,1
0.218,0.377,0.26,0,0,1,1
0.221,0.377,0.26,0,0,1,1
0.224,0.377,0.26,0,0,1,1
0.227,0.377,0.26,0,0,1,1
0.23,0.377,0.26,0,0,1,1
0.233,0.377,0.26,0,0,1,1
0.236,0.377,0.26,0,0,1,1
0.239,0.377,0.26,0,0,1,1
0.242,0.377,0.26,0,0,1,1
0.245,0.377,0.26,0,0,1,1
0.248,0.377,0.26,0,0,1,1
0.251,0.377,0.26,0,0,1,1
0.254,0.377,0.26,0,0,1,1
0.257,0.377,0.26,0,0,1,1
0.26,0.377,0.26,0,0,1,1
0.263,0.377,0.26,0,0,1,1
0.266,0.377,0.26,0,0,1,1
0.269,0.377,0.26,0,0,1,1
0.272,0.377,0.26,0,0,1,1
0.275,0.377,0.26,0,0,1,1
0.278,0.377,0.26,0,0,1,1
0.281,0.377,0.26,0,0,1,1
0.284,0.377,0.26,0,0,1,1
0.287,0.377,0.26,0,0,1,1
0.29,0.377,0.26,0,0,1,1
0.293,0.377,0.26,0,0,1,1
0.296,0.377,0.26,0,0,1,1
0.299,0.377,0.26,0,0,1,1
0.302,0.377,0.26,0,0,1,1
0.305,0.377,0.26,0,0,1,1
0.308,0.377,0.26,0,0,1,1
0.311,0.377,0.26,0,0,1,1
0.314,0.377,0.26,0,0,1,1
0.317,0.377,0.26,0,0,1,1
0.32,0.377,0.26,0,0,1,1
0.323,0.377,0.26,0,0,1,1
0.326,0.377,0.26,0,0,1,1
0.329,0.377,0.26,0,0,1,1
0.332,0.377,0.26,0,0,1,1
0.335,0.377,0.26,0,0,1,1
0.338,0.377,0.26,0,0,1,1
0.341,0.377,0.26,0,0,1,1
0.14,0.374,0.26,0,0,1,1
0.143,0.374,0.26,0,0,1,1
0.146,0.374,0.26,0,0,1,1
0.149,0.374,0.26,0,0,1,1
0.152,0.374,0.26,0,0,1,1
0.155,0.374,0.26,0,0,1,1
0.158,0.374,0.26,0,0,1,1
0.161,0.374,0.26,0,0,1,1
0.164,0.374,0.26,0,0,1,1
0.167,0.374,0.26,0,0,1,1
0.17,0.374,0.26,0,0,1,1
0.173,0.374,0.26,0,0,1,1
0.176,0.374,0.26,0,0,1,1
0.179,0.374,0.26,0,0,1,1
0.182,0.374,0.26,0,0,1,1
0.185,0.374,0.26,0,0,1,1
0.188,0.374,0.26,0,0,1,1
0.191,0.374,0.26,0,0,1,1
0.194,0.374,0.26,0,0,1,1
0.197,0.374,0.26,0,0,1,1
0.2,0.374,0.26,0,0,1,1
0.203,0.374,0.26,0,0,1,1
0.206,0.374,0.26,0,0,1,1
0.209,0.374,0.26,0,0,1,1
0.212,0.374,0.26,0,0,1,1
0.215,0.374,0.26,0,0,1,1
0.218,0.374,0.26,0,0,1,1
0.221,0.374,0.26,0,0,1,1
0.224,0.374,0.26,0,0,1,1
0.227,0.374,0.26,0,0,1,1
0.23,0.374,0.26,0,0,1,1
0.233,0.374,0.26,0,0,1,1
0.236,0.374,0.26,0,0,1,1
0.239,0.374,0.26,0,0,1,1
0.242,0.374,0.26,0,0,1,1
0.245,0.374,0.26,0,0,1,1
0.248,0.374,0.26,0,0,1,1
0.251,0.374,0.26,0,0,1,1
0.254,0.374,0.26,0,0,1,1
0.257,0.374,0.26,0,0,1,1
0.26,0.374,0.26,0,0,1,1
0.263,0.374,0.26,0,0,1,1
0.266,0.374,0.26,0,0,1,1
0.269,0.374,0.26,0,0,1,1
0.272,0.374,0.26,0,0,1,1
0.275,0.374,0.26,0,0,1,1
0.278,0.374,0.26,0,0,1,1
0.281,0.374,0.26,0,0,1,1
0.284,0.374,0.26,0,0,1,1
0.287,0.374,0.26,0,0,1,1
0.29,0.374,0.26,0,0,1,1
0.293,0.374,0.26,0,0,1,1
0.296,0.374,0.26,0,0,1,1
0.299,0.374,0.26,0,0,1,1
0.302,0.374,0.26,0,0,1,1
0.305,0.374,0.26,0,0,1,1
0.308,0.374,0.26,0,0,1,1
0.311,0.374,0.26,0,0,1,1
0.314,0.374,0.26,0,0,1,1
0.317,0.374,0.26,0,0,1,1
0.32,0.374,0.26,0,0,1,1
0.323,0.374,0.26,0,0,1,1
0.326,0.374,0.26,0,0,1,1
0.329,0.374,0.26,0,0,1,1
0.332,0.374,0.26,0,0,1,1
0.335,0.374,0.26,0,0,1,1
0.338,0.374,0.26,0,0,1,1
0.341,0.374,0.26,0,0,1,1
0.14,0.371,0.26,0,0,1,1
0.143,0.371,0.26,0,0,1,1
0.146,0.371,0.26,0,0,1,1
0.149,0.371,0.26,0,0,1,1
0.152,0.371,0.26,0,0,1,1
0.155,0.371,0.26,0,0,1,1
0.158,0.371,0.26,0,0,1,1
0.161,0.371,0.26,0,0,1,1
0.164,0.371,0.26,0,0,1,1
0.167,0.371,0.26,0,0,1,1
0.17,0.371,0.26,0,0,1,1
0.173,0.371,0.26,0,0,1,1
0.176,0.371,0.26,0,0,1,1
0.179,0.371,0.26,0,0,1,1
0.182,0.371,0.26,0,0,1,1
0.185,0.371,0.26,0,0,1,1
0.188,0.371,0.26,0,0,1,1
0.191,0.371,0.26,0,0,1,1
0.194,0.371,0.26,0,0,1,1
0.197,0.371,0.26,0,0,1,1
0.2,0.371,0.26,0,0,1,1
0.203,0.371,0.26,0,0,1,1
0.206,0.371,0.26,0,0,1,1
0.209,0.371,0.26,0,0,1,1
0.212,0.371,0.26,0,0,1,1
0.215,0.371,0.26,0,0,1,1
0.218,0.371,0.26,0,0,1,1
0.221,0.371,0.26,0,0,1,1
0.224,0.371,0.26,0,0,1,1
0.227,0.371,0.26,0,0,1,1
0.23,0.371,0.26,0,0,1,1
0.233,0.371,0.26,0,0,1,1
0.236,0.371,0.26,0,0,1,1
0.239,0.371,0.26,0,0,1,1
0.242,0.371,0.26,0,0,1,1
0.245,0.371,0.26,0,0,1,1
0.248,0.371,0.26,0,0,1,1
0.251,0.371,0.26,0,0,1,1
0.254,0.371,0.26,0,0,1,1
0.257,0.371,0.26,0,0,1,1
0.26,0.371,0.26,0,0,1,1
0.263,0.371,0.26,0,0,1,1
0.266,0.371,0.26,0,0,1,1
0.269,0.371,0.26,0,0,1,1
0.272,0.371,0.26,0,0,1,1
0.275,0.371,0.26,0,0,1,1
0.278,0.371,0.26,0,0,1,1
0.281,0.371,0.26,0,0,1,1
0.284,0.371,0.26,0,0,1,1
0.287,0.371,0.26,0,0,1,1
0.29,0.371,0.26,0,0,1,1
0.293,0.371,0.26,0,0,1,1
0.296,0.371,0.26,0,0,1,1
0.299,0.371,0.26,0,0,1,1
0.302,0.371,0.26,0,0,1,1
0.305,0.371,0.26,0,0,1,1
0.308,0.371,0.26,0,0,1,1
0.311,0.371,0.26,0,0,1,1
0.314,0.371,0.26,0,0,1,1
0.317,0.371,0.26,0,0,1,1
0.32,0.371,0.26,0,0,1,1
0.323,0.371,0.26,0,0,1,1
0.326,0.371,0.26,0,0,1,1
0.329,0.371,0.26,0,0,1,1
0.332,0.371,0.26,0,0,1,1
0.335,0.371,0.26,0,0,1,1
0.338,0.371,0.26,0,0,1,1
0.341,0.371,0.26,0,0,1,1
0.14,0.368,0.26,0,0,1,1
0.143,0.368,0.26,0,0,1,1
0.146,0.368,0.26,0,0,1,1
0.149,0.368,0.26,0,0,1,1
0.152,0.368,0.26,0,0,1,1
0.155,0.368,0.26,0,0,1,1
0.158,0.368,0.26,0,0,1,1
0.161,0.368,0.26,0,0,1,1
0.164,0.368,0.26,0,0,1,1
0.167,0.368,0.26,0,0,1,1
0.17,0.368,0.26,0,0,1,1
0.173,0.368,0.26,0,0,1,1
0.176,0.368,0.26,0,0,1,1
0.179,0.368,0.26,0,0,1,1
0.182,0.368,0.26,0,0,1,1
0.185,0.368,0.26,0,0,1,1
0.188,0.368,0.26,0,0,1,1
0.191,0.368,0.26,0,0,1,1
0.194,0.368,0.26,0,0,1,1
0.197,0.368,0.26,0,0,1,1
0.2,0.368,0.26,0,0,1,1
0.203,0.368,0.26,0,0,1,1
0.206,0.368,0.26,0,0,1,1
0.209,0.368,0.26,0,0,1,1
0.212,0.368,0.26,0,0,1,1
0.215,0.368,0.26,0,0,1,1
0.218,0.368,0.26,0,0,1,1
0.221,0.368,0.26,0,0,1,1
0.224,0.368,0.26,0,0,1,1
0.227,0.368,0.26,0,0,1,1
0.23,0.368,0.26,0,0,1,1
0.233,0.368,0.26,0,0,1,1
0.236,0.368,0.26,0,0,1,1
0.239,0.368,0.26,0,0,1,1
0.242,0.368,0.26,0,0,1,1
0.245,0.368,0.26,0,0,1,1
0.248,0.368,0.26,0,0,1,1
0.251,0.368,0.26,0,0,1,1
0.254,0.368,0.26,0,0,1,1
0.257,0.368,0.26,0,0,1,1
0.26,0.368,0.26,0,0,1,1
0.263,0.368,0.26,0,0,1,1
0.266,0.368,0.26,0,0,1,1
0.269,0.368,0.26,0,0,1,1
0.272,0.368,0.26,0,0,1,1
0.275,0.368,0.26,0,0,1,1
0.278,0.368,0.26,0,0,1,1
0.281,0.368,0.26,0,0,1,1
0.284,0.368,0.26,0,0,1,1
0.287,0.368,0.26,0,0,1,1
0.29,0.368,0.26,0,0,1,1
0.293,0.368,0.26,0,0,1,1
0.296,0.368,0.26,0,0,1,1
0.299,0.368,0.26,0,0,1,1
0.302,0.368,0.26,0,0,1,1
0.305,0.368,0.26,0,0,1,1
0.308,0.368,0.26,0,0,1,1
0.311,0.368,0.26,0,0,1,1
0.314,0.368,0.26,0,0,1,1
0.317,0.368,0.26,0,0,1,1
0.32,0.368,0.26,0,0,1,1
0.323,0.368,0.26,0,0,1,1
0.326,0.368,0.26,0,0,1,1
0.329,0.368,0.26,0,0,1,1
0.332,0.368,0.26,0,0,1,1
0.335,0.368,0.26,0,0,1,1
0.338,0.368,0.26,0,0,1,1
0.341,0.368,0.26,0,0,1,1
0.14,0.365,0.26,0,0,1,1
0.143,0.365,0.26,0,0,1,1
0.146,0.365,0.26,0,0,1,1
0.149,0.365,0.26,0,0,1,1
0.152,0.365,0.26,0,0,1,1
0.155,0.365,0.26,0,0,1,1
0.158,0.365,0.26,0,0,1,1
0.161,0.365,0.26,0,0,1,1
0.164,0.365,0.26,0,0,1,1
0.167,0.365,0.26,0,0,1,1
0.17,0.365,0.26,0,0,1,1
0.173,0.365,0.26,0,0,1,1
0.176,0.365,0.26,0,0,1,1
0.179,0.365,0.26,0,0,1,1
0.182,0.365,0.26,0,0,1,1
0.185,0.365,0.26,0,0,1,1
0.188,0.365,0.26,0,0,1,1
0.191,0.365,0.26,0,0,1,1
0.194,0.365,0.26,0,0,1,1
0.197,0.365,0.26,0,0,1,1
0.2,0.365,0.26,0,0,1,1
0.203,0.365,0.26,0,0,1,1
0.206,0.365,0.26,0,0,1,1
0.209,0.365,0.26,0,0,1,1
0.212,0.365,0.26,0,0,1,1
0.215,0.365,0.26,0,0,1,1
0.218,0.365,0.26,0,0,1,1
0.221,0.365,0.26,0,0,1,1
0.224,0.365,0.26,0,0,1,1
0.227,0.365,0.26,0,0,1,1
0.23,0.365,0.26,0,0,1,1
0.233,0.365,0.26,0,0,1,1
0.236,0.365,0.26,0,0,1,1
0.239,0.365,0.26,0,0,1,1
0.242,0.365,0.26,0,0,1,1
0.245,0.365,0.26,0,0,1,1
0.248,0.365,0.26,0,0,1,1
0.251,0.365,0.26,0,0,1,1
0.254,0.365,0.26,0,0,1,1
0.257,0.365,0.26,0,0,1,1
0.26,0.365,0.26,0,0,1,1
0.263,0.365,0.26,0,0,1,1
0.266,0.365,0.26,0,0,1,1
0.269,0.365,0.26,0,0,1,1
0.272,0.365,0.26,0,0,1,1
0.275,0.365,0.26,0,0,1,1
0.278,0.365,0.26,0,0,1,1
0.281,0.365,0.26,0,0,1,1
0.284,0.365,0.26,0,0,1,1
0.287,0.365,0.26,0,0,1,1
0.29,0.365,0.26,0,0,1,1
0.293,0.365,0.26,0,0,1,1
0.296,0.365,0.26,0,0,1,1
0.299,0.365,0.26,0,0,1,1
0.302,0.365,0.26,0,0,1,1
0.305,0.365,0.26,0,0,1,1
0.308,0.365,0.26,0,0,1,1
0.311,0.365,0.26,0,0,1,1
0.314,0.365,0.26,0,0,1,1
0.317,0.365,0.26,0,0,1,1
0.32,0.365,0.26,0,0,1,1
0.323,0.365,0.26,0,0,1,1
0.326,0.365,0.26,0,0,1,1
0.329,0.365,0.26,0,0,1,1
0.332,0.365,0.26,0,0,1,1
0.335,0.365,0.26,0,0,1,1
0.338,0.365,0.26,0,0,1,1
0.341,0.365,0.26,0,0,1,1
0.14,0.362,0.26,0,0,1,1
0.143,0.362,0.26,0,0,1,1
0.146,0.362,0.26,0,0,1,1
0.149,0.362,0.26,0,0,1,1
0.152,0.362,0.26,0,0,1,1
0.155,0.362,0.26,0,0,1,1
0.158,0.362,0.26,0,0,1,1
0.161,0.362,0.26,0,0,1,1
0.164,0.362,0.26,0,0,1,1
0.167,0.362,0.26,0,0,1,1
0.17,0.362,0.26,0,0,1,1
0.173,0.362,0.26,0,0,1,1
0.176,0.362,0.26,0,0,1,1
0.179,0.362,0.26,0,0,1,1
0.182,0.362,0.26,0,0,1,1
0.185,0.362,0.26,0,0,1,1
0.188,0.362,0.26,0,0,1,1
0.191,0.362,0.26,0,0,1,1
0.194,0.362,0.26,0,0,1,1
0.197,0.362,0.26,0,0,1,1
0.2,0.362,0.26,0,0,1,1
0.203,0.362,0.26,0,0,1,1
0.206,0.362,0.26,0,0,1,1
0.209,0.362,0.26,0,0,1,1
0.212,0.362,0.26,0,0,1,1
0.215,0.362,0.26,0,0,1,1
0.218,0.362,0.26,0,0,1,1
0.221,0.362,0.26,0,0,1,1
0.224,0.362,0.26,0,0,1,1
0.227,0.362,0.26,0,0,1,1
0.23,0.362,0.26,0,0,1,1
0.233,0.362,0.26,0,0,1,1
0.236,0.362,0.26,0,0,1,1
0.239,0.362,0.26,0,0,1,1
0.242,0.362,0.26,0,0,1,1
0.245,0.362,0.26,0,0,1,1
0.248,0.362,0.26,0,0,1,1
0.251,0.362,0.26,0,0,1,1
0.254,0.362,0.26,0,0,1,1
0.257,0.362,0.26,0,0,1,1
0.26,0.362,0.26,0,0,1,1
0.263,0.362,0.26,0,0,1,1
0.266,0.362,0.26,0,0,1,1
0.269,0.362,0.26,0,0,1,1
0.272,0.362,0.26,0,0,1,1
0.275,0.362,0.26,0,0,1,1
0.278,0.362,0.26,0,0,1,1
0.281,0.362,0.26,0,0,1,1
0.284,0.362,0.26,0,0,1,1
0.287,0.362,0.26,0,0,1,1
0.29,0.362,0.26,0,0,1,1
0.293,0.362,0.26,0,0,1,1
0.296,0.362,0.26,0,0,1,1
0.299,0.362,0.26,0,0,1,1
0.302,0.362,0.26,0,0,1,1
0.305,0.362,0.26,0,0,1,1
0.308,0.362,0.26,0,0,1,1
0.311,0.362,0.26,0,0,1,1
0.314,0.362,0.26,0,0,1,1
0.317,0.362,0.26,0,0,1,1
0.32,0.362,0.26,0,0,1,1
0.323,0.362,0.26,0,0,1,1
0.326,0.362,0.26,0,0,1,1
0.329,0.362,0.26,0,0,1,1
0.332,0.362,0.26,0,0,1,1
0.335,0.362,0.26,0,0,1,1
0.338,0.362,0.26,0,0,1,1
0.341,0.362,0.26,0,0,1,1
0.14,0.359,0.26,0,0,1,1
0.143,0.359,0.26,0,0,1,1
0.146,0.359,0.26,0,0,1,1
0.149,0.359,0.26,0,0,1,1
0.152,0.359,0.26,0,0,1,1
0.155,0.359,0.26,0,0,1,1
0.158,0.359,0.26,0,0,1,1
0.161,0.359,0.26,0,0,1,1
0.164,0.359,0.26,0,0,1,1
0.167,0.359,0.26,0,0,1,1
0.17,0.359,0.26,0,0,1,1
0.173,0.359,0.26,0,0,1,1
0.176,0.359,0.26,0,0,1,1
0.179,0.359,0.26,0,0,1,1
0.182,0.359,0.26,0,0,1,1
0.185,0.359,0.26,0,0,1,1
0.188,0.359,0.26,0,0,1,1
0.191,0.359,0.26,0,0,1,1
0.194,0.359,0.26,0,0,1,1
0.197,0.359,0.26,0,0,1,1
0.2,0.359,0.26,0,0,1,1
0.203,0.359,0.26,0,0,1,1
0.206,0.359,0.26,0,0,1,1
0.209,0.359,0.26,0,0,1,1
0.212,0.359,0.26,0,0,1,1
0.215,0.359,0.26,0,0,1,1
0.218,0.359,0.26,0,0,1,1
0.221,0.359,0.26,0,0,1,1
0.224,0.359,0.26,0,0,1,1
0.227,0.359,0.26,0,0,1,1
0.23,0.359,0.26,0,0,1,1
0.233,0.359,0.26,0,0,1,1
0.236,0.359,0.26,0,0,1,1
0.239,0.359,0.26,0,0,1,1
0.242,0.359,0.26,0,0,1,1
0.245,0.359,0.26,0,0,1,1
0.248,0.359,0.26,0,0,1,1
0.251,0.359,0.26,0,0,1,1
0.254,0.359,0.26,0,0,1,1
0.257,0.359,0.26,0,0,1,1
0.26,0.359,0.26,0,0,1,1
0.263,0.359,0.26,0,0,1,1
0.266,0.359,0.26,0,0,1,1
0.269,0.359,0.26,0,0,1,1
0.272,0.359,0.26,0,0,1,1
0.275,0.359,0.26,0,0,1,1
0.278,0.359,0.26,0,0,1,1
0.281,0.359,0.26,0,0,1,1
0.284,0.359,0.26,0,0,1,1
0.287,0.359,0.26,0,0,1,1
0.29,0.359,0.26,0,0,1,1
0.293,0.359,0.26,0,0,1,1
0.296,0.359,0.26,0,0,1,1
0.299,0.359,0.26,0,0,1,1
0.302,0.359,0.26,0,0,1,1
0.305,0.359,0.26,0,0,1,1
0.308,0.359,0.26,0,0,1,1
0.311,0.359,0.26,0,0,1,1
0.314,0.359,0.26,0,0,1,1
0.317,0.359,0.26,0,0,1,1
0.32,0.359,0.26,0,0,1,1
0.323,0.359,0.26,0,0,1,1
0.326,0.359,0.26,0,0,1,1
0.329,0.359,0.26,0,0,1,1
0.332,0.359,0.26,0,0,1,1
0.335,0.359,0.26,0,0,1,1
0.338,0.359,0.26,0,0,1,1
0.341,0.359,0.26,0,0,1,1
0.14,0.356,0.26,0,0,1,1
0.143,0.356,0.26,0,0,1,1
0.146,0.356,0.26,0,0,1,1
0.149,0.356,0.26,0,0,1,1
0.152,0.356,0.26,0,0,1,1
0.155,0.356,0.26,0,0,1,1
0.158,0.356,0.26,0,0,1,1
0.161,0.356,0.26,0,0,1,1
0.164,0.356,0.26,0,0,1,1
0.167,0.356,0.26,0,0,1,1
0.17,0.356,0.26,0,0,1,1
0.173,0.356,0.26,0,0,1,1
0.176,0.356,0.26,0,0,1,1
0.179,0.356,0.26,0,0,1,1
0.182,0.356,0.26,0,0,1,1
0.185,0.356,0.26,0,0,1,1
0.188,0.356,0.26,0,0,1,1
0.191,0.356,0.26,0,0,1,1
0.194,0.356,0.26,0,0,1,1
0.197,0.356,0.26,0,0,1,1
0.2,0.356,0.26,0,0,1,1
0.203,0.356,0.26,0,0,1,1
0.206,0.356,0.26,0,0,1,1
0.209,0.356,0.26,0,0,1,1
0.212,0.356,0.26,0,0,1,1
0.215,0.356,0.26,0,0,1,1
0.218,0.356,0.26,0,0,1,1
0.221,0.356,0.26,0,0,1,1
0.224,0.356,0.26,0,0,1,1
0.227,0.356,0.26,0,0,1,1
0.23,0.356,0.26,0,0,1,1
0.233,0.356,0.26,0,0,1,1
0.236,0.356,0.26,0,0,1,1
0.239,0.356,0.26,0,0,1,1
0.242,0.356,0.26,0,0,1,1
0.245,0.356,0.26,0,0,1,1
0.248,0.356,0.26,0,0,1,1
0.251,0.356,0.26,0,0,1,1
0.254,0.356,0.26,0,0,1,1
0.257,0.356,0.26,0,0,1,1
0.26,0.356,0.26,0,0,1,1
0.263,0.356,0.26,0,0,1,1
0.266,0.356,0.26,0,0,1,1
0.269,0.356,0.26,0,0,1,1
0.272,0.356,0.26,0,0,1,1
0.275,0.356,0.26,0,0,1,1
0.278,0.356,0.26,0,0,1,1
0.281,0.356,0.26,0,0,1,1
0.284,0.356,0.26,0,0,1,1
0.287,0.356,0.26,0,0,1,1
0.29,0.356,0.26,0,0,1,1
0.293,0.356,0.26,0,0,1,1
0.296,0.356,0.26,0,0,1,1
0.299,0.356,0.26,0,0,1,1
0.302,0.356,0.26,0,0,1,1
0.305,0.356,0.26,0,0,1,1
0.308,0.356,0.26,0,0,1,1
0.311,0.356,0.26,0,0,1,1
0.314,0.356,0.26,0,0,1,1
0.317,0.356,0.26,0,0,1,1
0.32,0.356,0.26,0,0,1,1
0.323,0.356,0.26,0,0,1,1
0.326,0.356,0.26,0,0,1,1
0.329,0.356,0.26,0,0,1,1
0.332,0.356,0.26,0,0,1,1
0.335,0.356,0.26,0,0,1,1
0.338,0.356,0.26,0,0,1,1
0.341,0.356,0.26,0,0,1,1
0.14,0.353,0.26,0,0,1,1
0.143,0.353,0.26,0,0,1,1
0.146,0.353,0.26,0,0,1,1
0.149,0.353,0.26,0,0,1,1
0.152,0.353,0.26,0,0,1,1
0.155,0.353,0.26,0,0,1,1
0.158,0.353,0.26,0,0,1,1
0.161,0.353,0.26,0,0,1,1
0.164,0.353,0.26,0,0,1,1
0.167,0.353,0.26,0,0,1,1
0.17,0.353,0.26,0,0,1,1
0.173,0.353,0.26,0,0,1,1
0.176,0.353,0.26,0,0,1,1
0.179,0.353,0.26,0,0,1,1
0.182,0.353,0.26,0,0,1,1
0.185,0.353,0.26,0,0,1,1
0.188,0.353,0.26,0,0,1,1
0.191,0.353,0.26,0,0,1,1
0.194,0.353,0.26,0,0,1,1
0.197,0.353,0.26,0,0,1,1
0.2,0.353,0.26,0,0,1,1
0.203,0.353,0.26,0,0,1,1
0.206,0.353,0.26,0,0,1,1
0.209,0.353,0.26,0,0,1,1
0.212,0.353,0.26,0,0,1,1
0.215,0.353,0.26,0,0,1,1
0.218,0.353,0.26,0,0,1,1
0.221,0.353,0.26,0,0,1,1
0.224,0.353,0.26,0,0,1,1
0.227,0.353,0.26,0,0,1,1
0.23,0.353,0.26,0,0,1,1
0.233,0.353,0.26,0,0,1,1
0.236,0.353,0.26,0,0,1,1
0.239,0.353,0.26,0,0,1,1
0.242,0.353,0.26,0,0,1,1
0.245,0.353,0.26,0,0,1,1
0.248,0.353,0.26,0,0,1,1
0.251,0.353,0.26,0,0,1,1
0.254,0.353,0.26,0,0,1,1
0.257,0.353,0.26,0,0,1,1
0.26,0.353,0.26,0,0,1,1
0.263,0.353,0.26,0,0,1,1
0.266,0.353,0.26,0,0,1,1
0.269,0.353,0.26,0,0,1,1
0.272,0.353,0.26,0,0,1,1
0.275,0.353,0.26,0,0,1,1
0.278,0.353,0.26,0,0,1,1
0.281,0.353,0.26,0,0,1,1
0.284,0.353,0.26,0,0,1,1
0.287,0.353,0.26,0,0,1,1
0.29,0.353,0.26,0,0,1,1
0.293,0.353,0.26,0,0,1,1
0.296,0.353,0.26,0,0,1,1
0.299,0.353,0.26,0,0,1,1
0.302,0.353,0.26,0,0,1,1
0.305,0.353,0.26,0,0,1,1
0.308,0.353,0.26,0,0,1,1
0.311,0.353,0.26,0,0,1,1
0.314,0.353,0.26,0,0,1,1
0.317,0.353,0.26,0,0,1,1
0.32,0.353,0.26,0,0,1,1
0.323,0.353,0.26,0,0,1,1
0.326,0.353,0.26,0,0,1,1
0.329,0.353,0.26,0,0,1,1
0.332,0.353,0.26,0,0,1,1
0.335,0.353,0.26,0,0,1,1
0.338,0.353,0.26,0,0,1,1
0.341,0.353,0.26,0,0,1,1
0.14,0.35,0.26,0,0,1,1
0.143,0.35,0.26,0,0,1,1
0.146,0.35,0.26,0,0,1,1
0.149,0.35,0.26,0,0,1,1
0.152,0.35,0.26,0,0,1,1
0.155,0.35,0.26,0,0,1,1
0.158,0.35,0.26,0,0,1,1
0.161,0.35,0.26,0,0,1,1
0.164,0.35,0.26,0,0,1,1
0.167,0.35,0.26,0,0,1,1
0.17,0.35,0.26,0,0,1,1
0.173,0.35,0.26,0,0,1,1
0.176,0.35,0.26,0,0,1,1
0.179,0.35,0.26,0,0,1,1
0.182,0.35,0.26,0,0,1,1
0.185,0.35,0.26,0,0,1,1
0.188,0.35,0.26,0,0,1,1
0.191,0.35,0.26,0,0,1,1
0.194,0.35,0.26,0,0,1,1
0.197,0.35,0.26,0,0,1,1
0.2,0.35,0.26,0,0,1,1
0.203,0.35,0.26,0,0,1,1
0.206,0.35,0.26,0,0,1,1
0.209,0.35,0.26,0,0,1,1
0.212,0.35,0.26,0,0,1,1
0.215,0.35,0.26,0,0,1,1
0.218,0.35,0.26,0,0,1,1
0.221,0.35,0.26,0,0,1,1
0.224,0.35,0.26,0,0,1,1
0.227,0.35,0.26,0,0,1,1
0.23,0.35,0.26,0,0,1,1
0.233,0.35,0.26,0,0,1,1
0.236,0.35,0.26,0,0,1,1
0.239,0.35,0.26,0,0,1,1
0.242,0.35,0.26,0,0,1,1
0.245,0.35,0.26,0,0,1,1
0.248,0.35,0.26,0,0,1,1
0.251,0.35,0.26,0,0,1,1
0.254,0.35,0.26,0,0,1,1
0.257,0.35,0.26,0,0,1,1
0.26,0.35,0.26,0,0,1,1
0.263,0.35,0.26,0,0,1,1
0.266,0.35,0.26,0,0,1,1
0.269,0.35,0.26,0,0,1,1
0.272,0.35,0.26,0,0,1,1
0.275,0.35,0.26,0,0,1,1
0.278,0.35,0.26,0,0,1,1
0.281,0.35,0.26,0,0,1,1
0.284,0.35,0.26,0,0,1,1
0.287,0.35,0.26,0,0,1,1
0.29,0.35,0.26,0,0,1,1
0.293,0.35,0.26,0,0,1,1
0.296,0.35,0.26,0,0,1,1
0.299,0.35,0.26,0,0,1,1
0.302,0.35,0.26,0,0,1,1
0.305,0.35,0.26,0,0,1,1
0.308,0.35,0.26,0,0,1,1
0.311,0.35,0.26,0,0,1,1
0.314,0.35,0.26,0,0,1,1
0.317,0.35,0.26,0,0,1,1
0.32,0.35,0.26,0,0,1,1
0.323,0.35,0.26,0,0,1,1
0.326,0.35,0.26,0,0,1,1
0.329,0.35,0.26,0,0,1,1
0.332,0.35,0.26,0,0,1,1
0.335,0.35,0.26,0,0,1,1
0.338,0.35,0.26,0,0,1,1
0.341,0.35,0.26,0,0,1,1
0.14,0.347,0.26,0,0,1,1
0.143,0.347,0.26,0,0,1,1
0.146,0.347,0.26,0,0,1,1
0.149,0.347,0.26,0,0,1,1
0.152,0.347,0.26,0,0,1,1
0.155,0.347,0.26,0,0,1,1
0.158,0.347,0.26,0,0,1,1
0.161,0.347,0.26,0,0,1,1
0.164,0.347,0.26,0,0,1,1
0.167,0.347,0.26,0,0,1,1
0.17,0.347,0.26,0,0,1,1
0.173,0.347,0.26,0,0,1,1
0.176,0.347,0.26,0,0,1,1
0.179,0.347,0.26,0,0,1,1
0.182,0.347,0.26,0,0,1,1
0.185,0.347,0.26,0,0,1,1
0.188,0.347,0.26,0,0,1,1
0.191,0.347,0.26,0,0,1,1
0.194,0.347,0.26,0,0,1,1
0.197,0.347,0.26,0,0,1,1
0.2,0.347,0.26,0,0,1,1
0.203,0.347,0.26,0,0,1,1
0.206,0.347,0.26,0,0,1,1
0.209,0.347,0.26,0,0,1,1
0.212,0.347,0.26,0,0,1,1
0.215,0.347,0.26,0,0,1,1
0.218,0.347,0.26,0,0,1,1
0.221,0.347,0.26,0,0,1,1
0.224,0.347,0.26,0,0,1,1
0.227,0.347,0.26,0,0,1,1
0.23,0.347,0.26,0,0,1,1
0.233,0.347,0.26,0,0,1,1
0.236,0.347,0.26,0,0,1,1
0.239,0.347,0.26,0,0,1,1
0.242,0.347,0.26,0,0,1,1
0.245,0.347,0.26,0,0,1,1
0.248,0.347,0.26,0,0,1,1
0.251,0.347,0.26,0,0,1,1
0.254,0.347,0.26,0,0,1,1
0.257,0.347,0.26,0,0,1,1
0.26,0.347,0.26,0,0,1,1
0.263,0.347,0.26,0,0,1,1
0.266,0.347,0.26,0,0,1,1
0.269,0.347,0.26,0,0,1,1
0.272,0.347,0.26,0,0,1,1
0.275,0.347,0.26,0,0,1,1
0.278,0.347,0.26,0,0,1,1
0.281,0.347,0.26,0,0,1,1
0.284,0.347,0.26,0,0,1,1
0.287,0.347,0.26,0,0,1,1
0.29,0.347,0.26,0,0,1,1
0.293,0.347,0.26,0,0,1,1
0.296,0.347,0.26,0,0,1,1
0.299,0.347,0.26,0,0,1,1
0.302,0.347,0.26,0,0,1,1
0.305,0.347,0.26,0,0,1,1
0.308,0.347,0.26,0,0,1,1
0.311,0.347,0.26,0,0,1,1
0.314,0.347,0.26,0,0,1,1
0.317,0.347,0.26,0,0,1,1
0.32,0.347,0.26,0,0,1,1
0.323,0.347,0.26,0,0,1,1
0.326,0.347,0.26,0,0,1,1
0.329,0.347,0.26,0,0,1,1
0.332,0.347,0.26,0,0,1,1
0.335,0.347,0.26,0,0,1,1
0.338,0.347,0.26,0,0,1,1
0.341,0.347,0.26,0,0,1,1
0.14,0.344,0.26,0,0,1,1
0.143,0.344,0.26,0,0,1,1
0.146,0.344,0.26,0,0,1,1
0.149,0.344,0.26,0,0,1,1
0.152,0.344,0.26,0,0,1,1
0.155,0.344,0.26,0,0,1,1
0.158,0.344,0.26,0,0,1,1
0.161,0.344,0.26,0,0,1,1
0.164,0.344,0.26,0,0,1,1
0.167,0.344,0.26,0,0,1,1
0.17,0.344,0.26,0,0,1,1
0.173,0.344,0.26,0,0,1,1
0.176,0.344,0.26,0,0,1,1
0.179,0.344,0.26,0,0,1,1
0.182,0.344,0.26,0,0,1,1
0.185,0.344,0.26,0,0,1,1
0.188,0.344,0.26,0,0,1,1
0.191,0.344,0.26,0,0,1,1
0.194,0.344,0.26,0,0,1,1
0.197,0.344,0.26,0,0,1,1
0.2,0.344,0.26,0,0,1,1
0.203,0.344,0.26,0,0,1,1
0.206,0.344,0.26,0,0,1,1
0.209,0.344,0.26,0,0,1,1
0.212,0.344,0.26,0,0,1,1
0.215,0.344,0.26,0,0,1,1
0.218,0.344,0.26,0,0,1,1
0.221,0.344,0.26,0,0,1,1
0.224,0.344,0.26,0,0,1,1
0.227,0.344,0.26,0,0,1,1
0.23,0.344,0.26,0,0,1,1
0.233,0.344,0.26,0,0,1,1
0.236,0.344,0.26,0,0,1,1
0.239,0.344,0.26,0,0,1,1
0.242,0.344,0.26,0,0,1,1
0.245,0.344,0.26,0,0,1,1
0.248,0.344,0.26,0,0,1,1
0.251,0.344,0.26,0,0,1,1
0.254,0.344,0.26,0,0,1,1
0.257,0.344,0.26,0,0,1,1
0.26,0.344,0.26,0,0,1,1
0.263,0.344,0.26,0,0,1,1
0.266,0.344,0.26,0,0,1,1
0.269,0.344,0.26,0,0,1,1
0.272,0.344,0.26,0,0,1,1
0.275,0.344,0.26,0,0,1,1
0.278,0.344,0.26,0,0,1,1
0.281,0.344,0.26,0,0,1,1
0.284,0.344,0.26,0,0,1,1
0.287,0.344,0.26,0,0,1,1
0.29,0.344,0.26,0,0,1,1
0.293,0.344,0.26,0,0,1,1
0.296,0.344,0.26,0,0,1,1
0.299,0.344,0.26,0,0,1,1
0.302,0.344,0.26,0,0,1,1
0.305,0.344,0.26,0,0,1,1
0.308,0.344,0.26,0,0,1,1
0.311,0.344,0.26,0,0,1,1
0.314,0.344,0.26,0,0,1,1
0.317,0.344,0.26,0,0,1,1
0.32,0.344,0.26,0,0,1,1
0.323,0.344,0.26,0,0,1,1
0.326,0.344,0.26,0,0,1,1
0.329,0.344,0.26,0,0,1,1
0.332,0.344,0.26,0,0,1,1
0.335,0.344,0.26,0,0,1,1
0.338,0.344,0.26,0,0,1,1
0.341,0.344,0.26,0,0,1,1
0.14,0.341,0.26,0,0,1,1
0.143,0.341,0.26,0,0,1,1
0.146,0.341,0.26,0,0,1,1
0.149,0.341,0.26,0,0,1,1
0.152,0.341,0.26,0,0,1,1
0.155,0.341,0.26,0,0,1,1
0.158,0.341,0.26,0,0,1,1
0.161,0.341,0.26,0,0,1,1
0.164,0.341,0.26,0,0,1,1
0.167,0.341,0.26,0,0,1,1
0.17,0.341,0.26,0,0,1,1
0.173,0.341,0.26,0,0,1,1
0.176,0.341,0.26,0,0,1,1
0.179,0.341,0.26,0,0,1,1
0.182,0.341,0.26,0,0,1,1
0.185,0.341,0.26,0,0,1,1
0.188,0.341,0.26,0,0,1,1
0.191,0.341,0.26,0,0,1,1
0.194,0.341,0.26,0,0,1,1
0.197,0.341,0.26,0,0,1,1
0.2,0.341,0.26,0,0,1,1
0.203,0.341,0.26,0,0,1,1
0.206,0.341,0.26,0,0,1,1
0.209,0.341,0.26,0,0,1,1
0.212,0.341,0.26,0,0,1,1
0.215,0.341,0.26,0,0,1,1
0.218,0.341,0.26,0,0,1,1
0.221,0.341,0.26,0,0,1,1
0.224,0.341,0.26,0,0,1,1
0.227,0.341,0.26,0,0,1,1
0.23,0.341,0.26,0,0,1,1
0.233,0.341,0.26,0,0,1,1
0.236,0.341,0.26,0,0,1,1
0.239,0.341,0.26,0,0,1,1
0.242,0.341,0.26,0,0,1,1
0.245,0.341,0.26,0,0,1,1
0.248,0.341,0.26,0,0,1,1
0.251,0.341,0.26,0,0,1,1
0.254,0.341,0.26,0,0,1,1
0.257,0.341,0.26,0,0,1,1
0.26,0.341,0.26,0,0,1,1
0.263,0.341,0.26,0,0,1,1
0.266,0.341,0.26,0,0,1,1
0.269,0.341,0.26,0,0,1,1
0.272,0.341,0.26,0,0,1,1
0.275,0.341,0.26,0,0,1,1
0.278,0.341,0.26,0,0,1,1
0.281,0.341,0.26,0,0,1,1
0.284,0.341,0.26,0,0,1,1
0.287,0.341,0.26,0,0,1,1
0.29,0.341,0.26,0,0,1,1
0.293,0.341,0.26,0,0,1,1
0.296,0.341,0.26,0,0,1,1
0.299,0.341,0.26,0,0,1,1
0.302,0.341,0.26,0,0,1,1
0.305,0.341,0.26,0,0,1,1
0.308,0.341,0.26,0,0,1,1
0.311,0.341,0.26,0,0,1,1
0.314,0.341,0.26,0,0,1,1
0.317,0.341,0.26,0,0,1,1
0.32,0.341,0.26,0,0,1,1
0.323,0.341,0.26,0,0,1,1
0.326,0.341,0.26,0,0,1,1
0.329,0.341,0.26,0,0,1,1
0.332,0.341,0.26,0,0,1,1
0.335,0.341,0.26,0,0,1,1
0.338,0.341,0.26,0,0,1,1
0.341,0.341,0.26,0,0,1,1
0.14,0.338,0.26,0,0,1,1
0.143,0.338,0.26,0,0,1,1
0.146,0.338,0.26,0,0,1,1
0.149,0.338,0.26,0,0,1,1
0.152,0.338,0.26,0,0,1,1
0.155,0.338,0.26,0,0,1,1
0.158,0.338,0.26,0,0,1,1
0.161,0.338,0.26,0,0,1,1
0.164,0.338,0.26,0,0,1,1
0.167,0.338,0.26,0,0,1,1
0.17,0.338,0.26,0,0,1,1
0.173,0.338,0.26,0,0,1,1
0.176,0.338,0.26,0,0,1,1
0.179,0.338,0.26,0,0,1,1
0.182,0.338,0.26,0,0,1,1
0.185,0.338,0.26,0,0,1,1
0.188,0.338,0.26,0,0,1,1
0.191,0.338,0.26,0,0,1,1
0.194,0.338,0.26,0,0,1,1
0.197,0.338,0.26,0,0,1,1
0.2,0.338,0.26,0,0,1,1
0.203,0.338,0.26,0,0,1,1
0.206,0.338,0.26,0,0,1,1
0.209,0.338,0.26,0,0,1,1
0.212,0.338,0.26,0,0,1,1
0.215,0.338,0.26,0,0,1,1
0.218,0.338,0.26,0,0,1,1
0.221,0.338,0.26,0,0,1,1
0.224,0.338,0.26,0,0,1,1
0.227,0.338,0.26,0,0,1,1
0.23,0.338,0.26,0,0,1,1
0.233,0.338,0.26,0,0,1,1
0.236,0.338,0.26,0,0,1,1
0.239,0.338,0.26,0,0,1,1
0.242,0.338,0.26,0,0,1,1
0.245,0.338,0.26,0,0,1,1
0.248,0.338,0.26,0,0,1,1
0.251,0.338,0.26,0,0,1,1
0.254,0.338,0.26,0,0,1,1
0.257,0.338,0.26,0,0,1,1
0.26,0.338,0.26,0,0,1,1
0.263,0.338,0.26,0,0,1,1
0.266,0.338,0.26,0,0,1,1
0.269,0.338,0.26,0,0,1,1
0.272,0.338,0.26,0,0,1,1
0.275,0.338,0.26,0,0,1,1
0.278,0.338,0.26,0,0,1,1
0.281,0.338,0.26,0,0,1,1
0.284,0.338,0.26,0,0,1,1
0.287,0.338,0.26,0,0,1,1
0.29,0.338,0.26,0,0,1,1
0.293,0.338,0.26,0,0,1,1
0.296,0.338,0.26,0,0,1,1
0.299,0.338,0.26,0,0,1,1
0.302,0.338,0.26,0,0,1,1
0.305,0.338,0.26,0,0,1,1
0.308,0.338,0.26,0,0,1,1
0.311,0.338,0.26,0,0,1,1
0.314,0.338,0.26,0,0,1,1
0.317,0.338,0.26,0,0,1,1
0.32,0.338,0.26,0,0,1,1
0.323,0.338,0.26,0,0,1,1
0.326,0.338,0.26,0,0,1,1
0.329,0.338,0.26,0,0,1,1
0.332,0.338,0.26,0,0,1,1
0.335,0.338,0.26,0,0,1,1
0.338,0.338,0.26,0,0,1,1
0.341,0.338,0.26,0,0,1,1
0.14,0.335,0.26,0,0,1,1
0.143,0.335,0.26,0,0,1,1
0.146,0.335,0.26,0,0,1,1
0.149,0.335,0.26,0,0,1,1
0.152,0.335,0.26,0,0,1,1
0.155,0.335,0.26,0,0,1,1
0.158,0.335,0.26,0,0,1,1
0.161,0.335,0.26,0,0,1,1
0.164,0.335,0.26,0,0,1,1
0.167,0.335,0.26,0,0,1,1
0.17,0.335,0.26,0,0,1,1
0.173,0.335,0.26,0,0,1,1
0.176,0.335,0.26,0,0,1,1
0.179,0.335,0.26,0,0,1,1
0.182,0.335,0.26,0,0,1,1
0.185,0.335,0.26,0,0,1,1
0.188,0.335,0.26,0,0,1,1
0.191,0.335,0.26,0,0,1,1
0.194,0.335,0.26,0,0,1,1
0.197,0.335,0.26,0,0,1,1
0.2,0.335,0.26,0,0,1,1
0.203,0.335,0.26,0,0,1,1
0.206,0.335,0.26,0,0,1,1
0.209,0.335,0.26,0,0,1,1
0.212,0.335,0.26,0,0,1,1
0.215,0.335,0.26,0,0,1,1
0.218,0.335,0.26,0,0,1,1
0.221,0.335,0.26,0,0,1,1
0.224,0.335,0.26,0,0,1,1
0.227,0.335,0.26,0,0,1,1
0.23,0.335,0.26,0,0,1,1
0.233,0.335,0.26,0,0,1,1
0.236,0.335,0.26,0,0,1,1
0.239,0.335,0.26,0,0,1,1
0.242,0.335,0.26,0,0,1,1
0.245,0.335,0.26,0,0,1,1
0.248,0.335,0.26,0,0,1,1
0.251,0.335,0.26,0,0,1,1
0.254,0.335,0.26,0,0,1,1
0.257,0.335,0.26,0,0,1,1
0.26,0.335,0.26,0,0,1,1
0.263,0.335,0.26,0,0,1,1
0.266,0.335,0.26,0,0,1,1
0.269,0.335,0.26,0,0,1,1
0.272,0.335,0.26,0,0,1,1
0.275,0.335,0.26,0,0,1,1
0.278,0.335,0.26,0,0,1,1
0.281,0.335,0.26,0,0,1,1
0.284,0.335,0.26,0,0,1,1
0.287,0.335,0.26,0,0,1,1
0.29,0.335,0.26,0,0,1,1
0.293,0.335,0.26,0,0,1,1
0.296,0.335,0.26,0,0,1,1
0.299,0.335,0.26,0,0,1,1
0.302,0.335,0.26,0,0,1,1
0.305,0.335,0.26,0,0,1,1
0.308,0.335,0.26,0,0,1,1
0.311,0.335,0.26,0,0,1,1
0.314,0.335,0.26,0,0,1,1
0.317,0.335,0.26,0,0,1,1
0.32,0.335,0.26,0,0,1,1
0.323,0.335,0.26,0,0,1,1
0.326,0.335,0.26,0,0,1,1
0.329,0.335,0.26,0,0,1,1
0.332,0.335,0.26,0,0,1,1
0.335,0.335,0.26,0,0,1,1
0.338,0.335,0.26,0,0,1,1
0.341,0.335,0.26,0,0,1,1
0.14,0.332,0.26,0,0,1,1
0.143,0.332,0.26,0,0,1,1
0.146,0.332,0.26,0,0,1,1
0.149,0.332,0.26,0,0,1,1
0.152,0.332,0.26,0,0,1,1
0.155,0.332,0.26,0,0,1,1
0.158,0.332,0.26,0,0,1,1
0.161,0.332,0.26,0,0,1,1
0.164,0.332,0.26,0,0,1,1
0.167,0.332,0.26,0,0,1,1
0.17,0.332,0.26,0,0,1,1
0.173,0.332,0.26,0,0,1,1
0.176,0.332,0.26,0,0,1,1
0.179,0.332,0.26,0,0,1,1
0.182,0.332,0.26,0,0,1,1
0.185,0.332,0.26,0,0,1,1
0.188,0.332,0.26,0,0,1,1
0.191,0.332,0.26,0,0,1,1
0.194,0.332,0.26,0,0,1,1
0.197,0.332,0.26,0,0,1,1
0.2,0.332,0.26,0,0,1,1
0.203,0.332,0.26,0,0,1,1
0.206,0.332,0.26,0,0,1,1
0.209,0.332,0.26,0,0,1,1
0.212,0.332,0.26,0,0,1,1
0.215,0.332,0.26,0,0,1,1
0.218,0.332,0.26,0,0,1,1
0.221,0.332,0.26,0,0,1,1
0.224,0.332,0.26,0,0,1,1
0.227,0.332,0.26,0,0,1,1
0.23,0.332,0.26,0,0,1,1
0.233,0.332,0.26,0,0,1,1
0.236,0.332,0.26,0,0,1,1
0.239,0.332,0.26,0,0,1,1
0.242,0.332,0.26,0,0,1,1
0.245,0.332,0.26,0,0,1,1
0.248,0.332,0.26,0,0,1,1
0.251,0.332,0.26,0,0,1,1
0.254,0.332,0.26,0,0,1,1
0.257,0.332,0.26,0,0,1,1
0.26,0.332,0.26,0,0,1,1
0.263,0.332,0.26,0,0,1,1
0.266,0.332,0.26,0,0,1,1
0.269,0.332,0.26,0,0,1,1
0.272,0.332,0.26,0,0,1,1
0.275,0.332,0.26,0,0,1,1
0.278,0.332,0.26,0,0,1,1
0.281,0.332,0.26,0,0,1,1
0.284,0.332,0.26,0,0,1,1
0.287,0.332,0.26,0,0,1,1
0.29,0.332,0.26,0,0,1,1
0.293,0.332,0.26,0,0,1,1
0.296,0.332,0.26,0,0,1,1
0.299,0.332,0.26,0,0,1,1
0.302,0.332,0.26,0,0,1,1
0.305,0.332,0.26,0,0,1,1
0.308,0.332,0.26,0,0,1,1
0.311,0.332,0.26,0,0,1,1
0.314,0.332,0.26,0,0,1,1
0.317,0.332,0.26,0,0,1,1
0.32,0.332,0.26,0,0,1,1
0.323,0.332,0.26,0,0,1,1
0.326,0.332,0.26,0,0,1,1
0.329,0.332,0.26,0,0,1,1
0.332,0.332,0.26,0,0,1,1
0.335,0.332,0.26,0,0,1,1
0.338,0.332,0.26,0,0,1,1
0.341,0.332,0.26,0,0,1,1
0.14,0.329,0.26,0,0,1,1
0.143,0.329,0.26,0,0,1,1
0.146,0.329,0.26,0,0,1,1
0.149,0.329,0.26,0,0,1,1
0.152,0.329,0.26,0,0,1,1
0.155,0.329,0.26,0,0,1,1
0.158,0.329,0.26,0,0,1,1
0.161,0.329,0.26,0,0,1,1
0.164,0.329,0.26,0,0,1,1
0.167,0.329,0.26,0,0,1,1
0.17,0.329,0.26,0,0,1,1
0.173,0.329,0.26,0,0,1,1
0.176,0.329,0.26,0,0,1,1
0.179,0.329,0.26,0,0,1,1
0.182,0.329,0.26,0,0,1,1
0.185,0.329,0.26,0,0,1,1
0.188,0.329,0.26,0,0,1,1
0.191,0.329,0.26,0,0,1,1
0.194,0.329,0.26,0,0,1,1
0.197,0.329,0.26,0,0,1,1
0.2,0.329,0.26,0,0,1,1
0.203,0.329,0.26,0,0,1,1
0.206,0.329,0.26,0,0,1,1
0.209,0.329,0.26,0,0,1,1
0.212,0.329,0.26,0,0,1,1
0.215,0.329,0.26,0,0,1,1
0.218,0.329,0.26,0,0,1,1
0.221,0.329,0.26,0,0,1,1
0.224,0.329,0.26,0,0,1,1
0.227,0.329,0.26,0,0,1,1
0.23,0.329,0.26,0,0,1,1
0.233,0.329,0.26,0,0,1,1
0.236,0.329,0.26,0,0,1,1
0.239,0.329,0.26,0,0,1,1
0.242,0.329,0.26,0,0,1,1
0.245,0.329,0.26,0,0,1,1
0.248,0.329,0.26,0,0,1,1
0.251,0.329,0.26,0,0,1,1
0.254,0.329,0.26,0,0,1,1
0.257,0.329,0.26,0,0,1,1
0.26,0.329,0.26,0,0,1,1
0.263,0.329,0.26,0,0,1,1
0.266,0.329,0.26,0,0,1,1
0.269,0.329,0.26,0,0,1,1
0.272,0.329,0.26,0,0,1,1
0.275,0.329,0.26,0,0,1,1
0.278,0.329,0.26,0,0,1,1
0.281,0.329,0.26,0,0,1,1
0.284,0.329,0.26,0,0,1,1
0.287,0.329,0.26,0,0,1,1
0.29,0.329,0.26,0,0,1,1
0.293,0.329,0.26,0,0,1,1
0.296,0.329,0.26,0,0,1,1
0.299,0.329,0.26,0,0,1,1
0.302,0.329,0.26,0,0,1,1
0.305,0.329,0.26,0,0,1,1
0.308,0.329,0.26,0,0,1,1
0.311,0.329,0.26,0,0,1,1
0.314,0.329,0.26,0,0,1,1
0.317,0.329,0.26,0,0,1,1
0.32,0.329,0.26,0,0,1,1
0.323,0.329,0.26,0,0,1,1
0.326,0.329,0.26,0,0,1,1
0.329,0.329,0.26,0,0,1,1
0.332,0.329,0.26,0,0,1,1
0.335,0.329,0.26,0,0,1,1
0.338,0.329,0.26,0,0,1,1
0.341,0.329,0.26,0,0,1,1
0.14,0.326,0.26,0,0,1,1
0.143,0.326,0.26,0,0,1,1
0.146,0.326,0.26,0,0,1,1
0.149,0.326,0.26,0,0,1,1
0.152,0.326,0.26,0,0,1,1
0.155,0.326,0.26,0,0,1,1
0.158,0.326,0.26,0,0,1,1
0.161,0.326,0.26,0,0,1,1
0.164,0.326,0.26,0,0,1,1
0.167,0.326,0.26,0,0,1,1
0.17,0.326,0.26,0,0,1,1
0.173,0.326,0.26,0,0,1,1
0.176,0.326,0.26,0,0,1,1
0.179,0.326,0.26,0,0,1,1
0.182,0.326,0.26,0,0,1,1
0.185,0.326,0.26,0,0,1,1
0.188,0.326,0.26,0,0,1,1
0.191,0.326,0.26,0,0,1,1
0.194,0.326,0.26,0,0,1,1
0.197,0.326,0.26,0,0,1,1
0.2,0.326,0.26,0,0,1,1
0.203,0.326,0.26,0,0,1,1
0.206,0.326,0.26,0,0,1,1
0.209,0.326,0.26,0,0,1,1
0.212,0.326,0.26,0,0,1,1
0.215,0.326,0.26,0,0,1,1
0.218,0.326,0.26,0,0,1,1
0.221,0.326,0.26,0,0,1,1
0.224,0.326,0.26,0,0,1,1
0.227,0.326,0.26,0,0,1,1
0.23,0.326,0.26,0,0,1,1
0.233,0.326,0.26,0,0,1,1
0.236,0.326,0.26,0,0,1,1
0.239,0.326,0.26,0,0,1,1
0.242,0.326,0.26,0,0,1,1
0.245,0.326,0.26,0,0,1,1
0.248,0.326,0.26,0,0,1,1
0.251,0.326,0.26,0,0,1,1
0.254,0.326,0.26,0,0,1,1
0.257,0.326,0.26,0,0,1,1
0.26,0.326,0.26,0,0,1,1
0.263,0.326,0.26,0,0,1,1
0.266,0.326,0.26,0,0,1,1
0.269,0.326,0.26,0,0,1,1
0.272,0.326,0.26,0,0,1,1
0.275,0.326,0.26,0,0,1,1
0.278,0.326,0.26,0,0,1,1
0.281,0.326,0.26,0,0,1,1
0.284,0.326,0.26,0,0,1,1
0.287,0.326,0.26,0,0,1,1
0.29,0.326,0.26,0,0,1,1
0.293,0.326,0.26,0,0,1,1
0.296,0.326,0.26,0,0,1,1
0.299,0.326,0.26,0,0,1,1
0.302,0.326,0.26,0,0,1,1
0.305,0.326,0.26,0,0,1,1
0.308,0.326,0.26,0,0,1,1
0.311,0.326,0.26,0,0,1,1
0.314,0.326,0.26,0,0,1,1
0.317,0.326,0.26,0,0,1,1
0.32,0.326,0.26,0,0,1,1
0.323,0.326,0.26,0,0,1,1
0.326,0.326,0.26,0,0,1,1
0.329,0.326,0.26,0,0,1,1
0.332,0.326,0.26,0,0,1,1
0.335,0.326,0.26,0,0,1,1
0.338,0.326,0.26,0,0,1,1
0.341,0.326,0.26,0,0,1,1
0.14,0.323,0.26,0,0,1,1
0.143,0.323,0.26,0,0,1,1
0.146,0.323,0.26,0,0,1,1
0.149,0.323,0.26,0,0,1,1
0.152,0.323,0.26,0,0,1,1
0.155,0.323,0.26,0,0,1,1
0.158,0.323,0.26,0,0,1,1
0.161,0.323,0.26,0,0,1,1
0.164,0.323,0.26,0,0,1,1
0.167,0.323,0.26,0,0,1,1
0.17,0.323,0.26,0,0,1,1
0.173,0.323,0.26,0,0,1,1
0.176,0.323,0.26,0,0,1,1
0.179,0.323,0.26,0,0,1,1
0.182,0.323,0.26,0,0,1,1
0.185,0.323,0.26,0,0,1,1
0.188,0.323,0.26,0,0,1,1
0.191,0.323,0.26,0,0,1,1
0.194,0.323,0.26,0,0,1,1
0.197,0.323,0.26,0,0,1,1
0.2,0.323,0.26,0,0,1,1
0.203,0.323,0.26,0,0,1,1
0.206,0.323,0.26,0,0,1,1
0.209,0.323,0.26,0,0,1,1
0.212,0.323,0.26,0,0,1,1
0.215,0.323,0.26,0,0,1,1
0.218,0.323,0.26,0,0,1,1
0.221,0.323,0.26,0,0,1,1
0.224,0.323,0.26,0,0,1,1
0.227,0.323,0.26,0,0,1,1
0.23,0.323,0.26,0,0,1,1
0.233,0.323,0.26,0,0,1,1
0.236,0.323,0.26,0,0,1,1
0.239,0.323,0.26,0,0,1,1
0.242,0.323,0.26,0,0,1,1
0.245,0.323,0.26,0,0,1,1
0.248,0.323,0.26,0,0,1,1
0.251,0.323,0.26,0,0,1,1
0.254,0.323,0.26,0,0,1,1
0.257,0.323,0.26,0,0,1,1
0.26,0.323,0.26,0,0,1,1
0.263,0.323,0.26,0,0,1,1
0.266,0.323,0.26,0,0,1,1
0.269,0.323,0.26,0,0,1,1
0.272,0.323,0.26,0,0,1,1
0.275,0.323,0.26,0,0,1,1
0.278,0.323,0.26,0,0,1,1
0.281,0.323,0.26,0,0,1,1
0.284,0.323,0.26,0,0,1,1
0.287,0.323,0.26,0,0,1,1
0.29,0.323,0.26,0,0,1,1
0.293,0.323,0.26,0,0,1,1
0.296,0.323,0.26,0,0,1,1
0.299,0.323,0.26,0,0,1,1
0.302,0.323,0.26,0,0,1,1
0.305,0.323,0.26,0,0,1,1
0.308,0.323,0.26,0,0,1,1
0.311,0.323,0.26,0,0,1,1
0.314,0.323,0.26,0,0,1,1
0.317,0.323,0.26,0,0,1,1
0.32,0.323,0.26,0,0,1,1
0.323,0.323,0.26,0,0,1,1
0.326,0.323,0.26,0,0,1,1
0.329,0.323,0.26,0,0,1,1
0.332,0.323,0.26,0,0,1,1
0.335,0.323,0.26,0,0,1,1
0.338,0.323,0.26,0,0,1,1
0.341,0.323,0.26,0,0,1,1
0.14,0.32,0.26,0,0,1,1
0.143,0.32,0.26,0,0,1,1
0.146,0.32,0.26,0,0,1,1
0.149,0.32,0.26,0,0,1,1
0.152,0.32,0.26,0,0,1,1
0.155,0.32,0.26,0,0,1,1
0.158,0.32,0.26,0,0,1,1
0.161,0.32,0.26,0,0,1,1
0.164,0.32,0.26,0,0,1,1
0.167,0.32,0.26,0,0,1,1
0.17,0.32,0.26,0,0,1,1
0.173,0.32,0.26,0,0,1,1
0.176,0.32,0.26,0,0,1,1
0.179,0.32,0.26,0,0,1,1
0.182,0.32,0.26,0,0,1,1
0.185,0.32,0.26,0,0,1,1
0.188,0.32,0.26,0,0,1,1
0.191,0.32,0.26,0,0,1,1
0.194,0.32,0.26,0,0,1,1
0.197,0.32,0.26,0,0,1,1
0.2,0.32,0.26,0,0,1,1
0.203,0.32,0.26,0,0,1,1
0.206,0.32,0.26,0,0,1,1
0.209,0.32,0.26,0,0,1,1
0.212,0.32,0.26,0,0,1,1
0.215,0.32,0.26,0,0,1,1
0.218,0.32,0.26,0,0,1,1
0.221,0.32,0.26,0,0,1,1
0.224,0.32,0.26,0,0,1,1
0.227,0.32,0.26,0,0,1,1
0.23,0.32,0.26,0,0,1,1
0.233,0.32,0.26,0,0,1,1
0.236,0.32,0.26,0,0,1,1
0.239,0.32,0.26,0,0,1,1
0.242,0.32,0.26,0,0,1,1
0.245,0.32,0.26,0,0,1,1
0.248,0.32,0.26,0,0,1,1
0.251,0.32,0.26,0,0,1,1
0.254,0.32,0.26,0,0,1,1
0.257,0.32,0.26,0,0,1,1
0.26,0.32,0.26,0,0,1,1
0.263,0.32,0.26,0,0,1,1
0.266,0.32,0.26,0,0,1,1
0.269,0.32,0.26,0,0,1,1
0.272,0.32,0.26,0,0,1,1
0.275,0.32,0.26,0,0,1,1
0.278,0.32,0.26,0,0,1,1
0.281,0.32,0.26,0,0,1,1
0.284,0.32,0.26,0,0,1,1
0.287,0.32,0.26,0,0,1,1
0.29,0.32,0.26,0,0,1,1
0.293,0.32,0.26,0,0,1,1
0.296,0.32,0.26,0,0,1,1
0.299,0.32,0.26,0,0,1,1
0.302,0.32,0.26,0,0,1,1
0.305,0.32,0.26,0,0,1,1
0.308,0.32,0.26,0,0,1,1
0.311,0.32,0.26,0,0,1,1
0.314,0.32,0.26,0,0,1,1
0.317,0.32,0.26,0,0,1,1
0.32,0.32,0.26,0,0,1,1
0.323,0.32,0.26,0,0,1,1
0.326,0.32,0.26,0,0,1,1
0.329,0.32,0.26,0,0,1,1
0.332,0.32,0.26,0,0,1,1
0.335,0.32,0.26,0,0,1,1
0.338,0.32,0.26,0,0,1,1
0.341,0.32,0.26,0,0,1,1
0.14,0.317,0.26,0,0,1,1
0.143,0.317,0.26,0,0,1,1
0.146,0.317,0.26,0,0,1,1
0.149,0.317,0.26,0,0,1,1
0.152,0.317,0.26,0,0,1,1
0.155,0.317,0.26,0,0,1,1
0.158,0.317,0.26,0,0,1,1
0.161,0.317,0.26,0,0,1,1
0.164,0.317,0.26,0,0,1,1
0.167,0.317,0.26,0,0,1,1
0.17,0.317,0.26,0,0,1,1
0.173,0.317,0.26,0,0,1,1
0.176,0.317,0.26,0,0,1,1
0.179,0.317,0.26,0,0,1,1
0.182,0.317,0.26,0,0,1,1
0.185,0.317,0.26,0,0,1,1
0.188,0.317,0.26,0,0,1,1
0.191,0.317,0.26,0,0,1,1
0.194,0.317,0.26,0,0,1,1
0.197,0.317,0.26,0,0,1,1
0.2,0.317,0.26,0,0,1,1
0.203,0.317,0.26,0,0,1,1
0.206,0.317,0.26,0,0,1,1
0.209,0.317,0.26,0,0,1,1
0.212,0.317,0.26,0,0,1,1
0.215,0.317,0.26,0,0,1,1
0.218,0.317,0.26,0,0,1,1
0.221,0.317,0.26,0,0,1,1
0.224,0.317,0.26,0,0,1,1
0.227,0.317,0.26,0,0,1,1
0.23,0.317,0.26,0,0,1,1
0.233,0.317,0.26,0,0,1,1
0.236,0.317,0.26,0,0,1,1
0.239,0.317,0.26,0,0,1,1
0.242,0.317,0.26,0,0,1,1
0.245,0.317,0.26,0,0,1,1
0.248,0.317,0.26,0,0,1,1
0.251,0.317,0.26,0,0,1,1
0.254,0.317,0.26,0,0,1,1
0.257,0.317,0.26,0,0,1,1
0.26,0.317,0.26,0,0,1,1
0.263,0.317,0.26,0,0,1,1
0.266,0.317,0.26,0,0,1,1
0.269,0.317,0.26,0,0,1,1
0.272,0.317,0.26,0,0,1,1
0.275,0.317,0.26,0,0,1,1
0.278,0.317,0.26,0,0,1,1
0.281,0.317,0.26,0,0,1,1
0.284,0.317,0.26,0,0,1,1
0.287,0.317,0.26,0,0,1,1
0.29,0.317,0.26,0,0,1,1
0.293,0.317,0.26,0,0,1,1
0.296,0.317,0.26,0,0,1,1
0.299,0.317,0.26,0,0,1,1
0.302,0.317,0.26,0,0,1,1
0.305,0.317,0.26,0,0,1,1
0.308,0.317,0.26,0,0,1,1
0.311,0.317,0.26,0,0,1,1
0.314,0.317,0.26,0,0,1,1
0.317,0.317,0.26,0,0,1,1
0.32,0.317,0.26,0,0,1,1
0.323,0.317,0.26,0,0,1,1
0.326,0.317,0.26,0,0,1,1
0.329,0.317,0.26,0,0,1,1
0.332,0.317,0.26,0,0,1,1
0.335,0.317,0.26,0,0,1,1
0.338,0.317,0.26,0,0,1,1
0.341,0.317,0.26,0,0,1,1
0.14,0.314,0.26,0,0,1,1
0.143,0.314,0.26,0,0,1,1
0.146,0.314,0.26,0,0,1,1
0.149,0.314,0.26,0,0,1,1
0.152,0.314,0.26,0,0,1,1
0.155,0.314,0.26,0,0,1,1
0.158,0.314,0.26,0,0,1,1
0.161,0.314,0.26,0,0,1,1
0.164,0.314,0.26,0,0,1,1
0.167,0.314,0.26,0,0,1,1
0.17,0.314,0.26,0,0,1,1
0.173,0.314,0.26,0,0,1,1
0.176,0.314,0.26,0,0,1,1
0.179,0.314,0.26,0,0,1,1
0.182,0.314,0.26,0,0,1,1
0.185,0.314,0.26,0,0,1,1
0.188,0.314,0.26,0,0,1,1
0.191,0.314,0.26,0,0,1,1
0.194,0.314,0.26,0,0,1,1
0.197,0.314,0.26,0,0,1,1
0.2,0.314,0.26,0,0,1,1
0.203,0.314,0.26,0,0,1,1
0.206,0.314,0.26,0,0,1,1
0.209,0.314,0.26,0,0,1,1
0.212,0.314,0.26,0,0,1,1
0.215,0.314,0.26,0,0,1,1
0.218,0.314,0.26,0,0,1,1
0.221,0.314,0.26,0,0,1,1
0.224,0.314,0.26,0,0,1,1
0.227,0.314,0.26,0,0,1,1
0.23,0.314,0.26,0,0,1,1
0.233,0.314,0.26,0,0,1,1
0.236,0.314,0.26,0,0,1,1
0.239,0.314,0.26,0,0,1,1
0.242,0.314,0.26,0,0,1,1
0.245,0.314,0.26,0,0,1,1
0.248,0.314,0.26,0,0,1,1
0.251,0.314,0.26,0,0,1,1
0.254,0.314,0.26,0,0,1,1
0.257,0.314,0.26,0,0,1,1
0.26,0.314,0.26,0,0,1,1
0.263,0.314,0.26,0,0,1,1
0.266,0.314,0.26,0,0,1,1
0.269,0.314,0.26,0,0,1,1
0.272,0.314,0.26,0,0,1,1
0.275,0.314,0.26,0,0,1,1
0.278,0.314,0.26,0,0,1,1
0.281,0.314,0.26,0,0,1,1
0.284,0.314,0.26,0,0,1,1
0.287,0.314,0.26,0,0,1,1
0.29,0.314,0.26,0,0,1,1
0.293,0.314,0.26,0,0,1,1
0.296,0.314,0.26,0,0,1,1
0.299,0.314,0.26,0,0,1,1
0.302,0.314,0.26,0,0,1,1
0.305,0.314,0.26,0,0,1,1
0.308,0.314,0.26,0,0,1,1
0.311,0.314,0.26,0,0,1,1
0.314,0.314,0.26,0,0,1,1
0.317,0.314,0.26,0,0,1,1
0.32,0.314,0.26,0,0,1,1
0.323,0.314,0.26,0,0,1,1
0.326,0.314,0.26,0,0,1,1
0.329,0.314,0.26,0,0,1,1
0.332,0.314,0.26,0,0,1,1
0.335,0.314,0.26,0,0,1,1
0.338,0.314,0.26,0,0,1,1
0.341,0.314,0.26,0,0,1,1
0.14,0.311,0.26,0,0,1,1
0.143,0.311,0.26,0,0,1,1
0.146,0.311,0.26,0,0,1,1
0.149,0.311,0.26,0,0,1,1
0.152,0.311,0.26,0,0,1,1
0.155,0.311,0.26,0,0,1,1
0.158,0.311,0.26,0,0,1,1
0.161,0.311,0.26,0,0,1,1
0.164,0.311,0.26,0,0,1,1
0.167,0.311,0.26,0,0,1,1
0.17,0.311,0.26,0,0,1,1
0.173,0.311,0.26,0,0,1,1
0.176,0.311,0.26,0,0,1,1
0.179,0.311,0.26,0,0,1,1
0.182,0.311,0.26,0,0,1,1
0.185,0.311,0.26,0,0,1,1
0.188,0.311,0.26,0,0,1,1
0.191,0.311,0.26,0,0,1,1
0.194,0.311,0.26,0,0,1,1
0.197,0.311,0.26,0,0,1,1
0.2,0.311,0.26,0,0,1,1
0.203,0.311,0.26,0,0,1,1
0.206,0.311,0.26,0,0,1,1
0.209,0.311,0.26,0,0,1,1
0.212,0.311,0.26,0,0,1,1
0.215,0.311,0.26,0,0,1,1
0.218,0.311,0.26,0,0,1,1
0.221,0.311,0.26,0,0,1,1
0.224,0.311,0.26,0,0,1,1
0.227,0.311,0.26,0,0,1,1
0.23,0.311,0.26,0,0,1,1
0.233,0.311,0.26,0,0,1,1
0.236,0.311,0.26,0,0,1,1
0.239,0.311,0.26,0,0,1,1
0.242,0.311,0.26,0,0,1,1
0.245,0.311,0.26,0,0,1,1
0.248,0.311,0.26,0,0,1,1
0.251,0.311,0.26,0,0,1,1
0.254,0.311,0.26,0,0,1,1
0.257,0.311,0.26,0,0,1,1
0.26,0.311,0.26,0,0,1,1
0.263,0.311,0.26,0,0,1,1
0.266,0.311,0.26,0,0,1,1
0.269,0.311,0.26,0,0,1,1
0.272,0.311,0.26,0,0,1,1
0.275,0.311,0.26,0,0,1,1
0.278,0.311,0.26,0,0,1,1
0.281,0.311,0.26,0,0,1,1
0.284,0.311,0.26,0,0,1,1
0.287,0.311,0.26,0,0,1,1
0.29,0.311,0.26,0,0,1,1
0.293,0.311,0.26,0,0,1,1
0.296,0.311,0.26,0,0,1,1
0.299,0.311,0.26,0,0,1,1
0.302,0.311,0.26,0,0,1,1
0.305,0.311,0.26,0,0,1,1
0.308,0.311,0.26,0,0,1,1
0.311,0.311,0.26,0,0,1,1
0.314,0.311,0.26,0,0,1,1
0.317,0.311,0.26,0,0,1,1
0.32,0.311,0.26,0,0,1,1
0.323,0.311,0.26,0,0,1,1
0.326,0.311,0.26,0,0,1,1
0.329,0.311,0.26,0,0,1,1
0.332,0.311,0.26,0,0,1,1
0.335,0.311,0.26,0,0,1,1
0.338,0.311,0.26,0,0,1,1
0.341,0.311,0.26,0,0,1,1
0.14,0.308,0.26,0,0,1,1
0.143,0.308,0.26,0,0,1,1
0.146,0.308,0.26,0,0,1,1
0.149,0.308,0.26,0,0,1,1
0.152,0.308,0.26,0,0,1,1
0.155,0.308,0.26,0,0,1,1
0.158,0.308,0.26,0,0,1,1
0.161,0.308,0.26,0,0,1,1
0.164,0.308,0.26,0,0,1,1
0.167,0.308,0.26,0,0,1,1
0.17,0.308,0.26,0,0,1,1
0.173,0.308,0.26,0,0,1,1
0.176,0.308,0.26,0,0,1,1
0.179,0.308,0.26,0,0,1,1
0.182,0.308,0.26,0,0,1,1
0.185,0.308,0.26,0,0,1,1
0.188,0.308,0.26,0,0,1,1
0.191,0.308,0.26,0,0,1,1
0.194,0.308,0.26,0,0,1,1
0.197,0.308,0.26,0,0,1,1
0.2,0.308,0.26,0,0,1,1
0.203,0.308,0.26,0,0,1,1
0.206,0.308,0.26,0,0,1,1
0.209,0.308,0.26,0,0,1,1
0.212,0.308,0.26,0,0,1,1
0.215,0.308,0.26,0,0,1,1
0.218,0.308,0.26,0,0,1,1
0.221,0.308,0.26,0,0,1,1
0.224,0.308,0.26,0,0,1,1
0.227,0.308,0.26,0,0,1,1
0.23,0.308,0.26,0,0,1,1
0.233,0.308,0.26,0,0,1,1
0.236,0.308,0.26,0,0,1,1
0.239,0.308,0.26,0,0,1,1
0.242,0.308,0.26,0,0,1,1
0.245,0.308,0.26,0,0,1,1
0.248,0.308,0.26,0,0,1,1
0.251,0.308,0.26,0,0,1,1
0.254,0.308,0.26,0,0,1,1
0.257,0.308,0.26,0,0,1,1
0.26,0.308,0.26,0,0,1,1
0.263,0.308,0.26,0,0,1,1
0.266,0.308,0.26,0,0,1,1
0.269,0.308,0.26,0,0,1,1
0.272,0.308,0.26,0,0,1,1
0.275,0.308,0.26,0,0,1,1
0.278,0.308,0.26,0,0,1,1
0.281,0.308,0.26,0,0,1,1
0.284,0.308,0.26,0,0,1,1
0.287,0.308,0.26,0,0,1,1
0.29,0.308,0.26,0,0,1,1
0.293,0.308,0.26,0,0,1,1
0.296,0.308,0.26,0,0,1,1
0.299,0.308,0.26,0,0,1,1
0.302,0.308,0.26,0,0,1,1
0.305,0.308,0.26,0,0,1,1
0.308,0.308,0.26,0,0,1,1
0.311,0.308,0.26,0,0,1,1
0.314,0.308,0.26,0,0,1,1
0.317,0.308,0.26,0,0,1,1
0.32,0.308,0.26,0,0,1,1
0.323,0.308,0.26,0,0,1,1
0.326,0.308,0.26,0,0,1,1
0.329,0.308,0.26,0,0,1,1
0.332,0.308,0.26,0,0,1,1
0.335,0.308,0.26,0,0,1,1
0.338,0.308,0.26,0,0,1,1
0.341,0.308,0.26,0,0,1,1
0.14,0.305,0.26,0,0,1,1
0.143,0.305,0.26,0,0,1,1
0.146,0.305,0.26,0,0,1,1
0.149,0.305,0.26,0,0,1,1
0.152,0.305,0.26,0,0,1,1
0.155,0.305,0.26,0,0,1,1
0.158,0.305,0.26,0,0,1,1
0.161,0.305,0.26,0,0,1,1
0.164,0.305,0.26,0,0,1,1
0.167,0.305,0.26,0,0,1,1
0.17,0.305,0.26,0,0,1,1
0.173,0.305,0.26,0,0,1,1
0.176,0.305,0.26,0,0,1,1
0.179,0.305,0.26,0,0,1,1
0.182,0.305,0.26,0,0,1,1
0.185,0.305,0.26,0,0,1,1
0.188,0.305,0.26,0,0,1,1
0.191,0.305,0.26,0,0,1,1
0.194,0.305,0.26,0,0,1,1
0.197,0.305,0.26,0,0,1,1
0.2,0.305,0.26,0,0,1,1
0.203,0.305,0.26,0,0,1,1
0.206,0.305,0.26,0,0,1,1
0.209,0.305,0.26,0,0,1,1
0.212,0.305,0.26,0,0,1,1
0.215,0.305,0.26,0,0,1,1
0.218,0.305,0.26,0,0,1,1
0.221,0.305,0.26,0,0,1,1
0.224,0.305,0.26,0,0,1,1
0.227,0.305,0.26,0,0,1,1
0.23,0.305,0.26,0,0,1,1
0.233,0.305,0.26,0,0,1,1
0.236,0.305,0.26,0,0,1,1
0.239,0.305,0.26,0,0,1,1
0.242,0.305,0.26,0,0,1,1
0.245,0.305,0.26,0,0,1,1
0.248,0.305,0.26,0,0,1,1
0.251,0.305,0.26,0,0,1,1
0.254,0.305,0.26,0,0,1,1
0.257,0.305,0.26,0,0,1,1
0.26,0.305,0.26,0,0,1,1
0.263,0.305,0.26,0,0,1,1
0.266,0.305,0.26,0,0,1,1
0.269,0.305,0.26,0,0,1,1
0.272,0.305,0.26,0,0,1,1
0.275,0.305,0.26,0,0,1,1
0.278,0.305,0.26,0,0,1,1
0.281,0.305,0.26,0,0,1,1
0.284,0.305,0.26,0,0,1,1
0.287,0.305,0.26,0,0,1,1
0.29,0.305,0.26,0,0,1,1
0.293,0.305,0.26,0,0,1,1
0.296,0.305,0.26,0,0,1,1
0.299,0.305,0.26,0,0,1,1
0.302,0.305,0.26,0,0,1,1
0.305,0.305,0.26,0,0,1,1
0.308,0.305,0.26,0,0,1,1
0.311,0.305,0.26,0,0,1,1
0.314,0.305,0.26,0,0,1,1
0.317,0.305,0.26,0,0,1,1
0.32,0.305,0.26,0,0,1,1
0.323,0.305,0.26,0,0,1,1
0.326,0.305,0.26,0,0,1,1
0.329,0.305,0.26,0,0,1,1
0.332,0.305,0.26,0,0,1,1
0.335,0.305,0.26,0,0,1,1
0.338,0.305,0.26,0,0,1,1
0.341,0.305,0.26,0,0,1,1
0.14,0.302,0.26,0,0,1,1
0.143,0.302,0.26,0,0,1,1
0.146,0.302,0.26,0,0,1,1
0.149,0.302,0.26,0,0,1,1
0.152,0.302,0.26,0,0,1,1
0.155,0.302,0.26,0,0,1,1
0.158,0.302,0.26,0,0,1,1
0.161,0.302,0.26,0,0,1,1
0.164,0.302,0.26,0,0,1,1
0.167,0.302,0.26,0,0,1,1
0.17,0.302,0.26,0,0,1,1
0.173,0.302,0.26,0,0,1,1
0.176,0.302,0.26,0,0,1,1
0.179,0.302,0.26,0,0,1,1
0.182,0.302,0.26,0,0,1,1
0.185,0.302,0.26,0,0,1,1
0.188,0.302,0.26,0,0,1,1
0.191,0.302,0.26,0,0,1,1
0.194,0.302,0.26,0,0,1,1
0.197,0.302,0.26,0,0,1,1
0.2,0.302,0.26,0,0,1,1
0.203,0.302,0.26,0,0,1,1
0.206,0.302,0.26,0,0,1,1
0.209,0.302,0.26,0,0,1,1
0.212,0.302,0.26,0,0,1,1
0.215,0.302,0.26,0,0,1,1
0.218,0.302,0.26,0,0,1,1
0.221,0.302,0.26,0,0,1,1
0.224,0.302,0.26,0,0,1,1
0.227,0.302,0.26,0,0,1,1
0.23,0.302,0.26,0,0,1,1
0.233,0.302,0.26,0,0,1,1
0.236,0.302,0.26,0,0,1,1
0.239,0.302,0.26,0,0,1,1
0.242,0.302,0.26,0,0,1,1
0.245,0.302,0.26,0,0,1,1
0.248,0.302,0.26,0,0,1,1
0.251,0.302,0.26,0,0,1,1
0.254,0.302,0.26,0,0,1,1
0.257,0.302,0.26,0,0,1,1
0.26,0.302,0.26,0,0,1,1
0.263,0.302,0.26,0,0,1,1
0.266,0.302,0.26,0,0,1,1
0.269,0.302,0.26,0,0,1,1
0.272,0.302,0.26,0,0,1,1
0.275,0.302,0.26,0,0,1,1
0.278,0.302,0.26,0,0,1,1
0.281,0.302,0.26,0,0,1,1
0.284,0.302,0.26,0,0,1,1
0.287,0.302,0.26,0,0,1,1
0.29,0.302,0.26,0,0,1,1
0.293,0.302,0.26,0,0,1,1
0.296,0.302,0.26,0,0,1,1
0.299,0.302,0.26,0,0,1,1
0.302,0.302,0.26,0,0,1,1
0.305,0.302,0.26,0,0,1,1
0.308,0.302,0.26,0,0,1,1
0.311,0.302,0.26,0,0,1,1
0.314,0.302,0.26,0,0,1,1
0.317,0.302,0.26,0,0,1,1
0.32,0.302,0.26,0,0,1,1
0.323,0.302,0.26,0,0,1,1
0.326,0.302,0.26,0,0,1,1
0.329,0.302,0.26,0,0,1,1
0.332,0.302,0.26,0,0,1,1
0.335,0.302,0.26,0,0,1,1
0.338,0.302,0.26,0,0,1,1
0.341,0.302,0.26,0,0,1,1
0.14,0.299,0.26,0,0,1,1
0.143,0.299,0.26,0,0,1,1
0.146,0.299,0.26,0,0,1,1
0.149,0.299,0.26,0,0,1,1
0.152,0.299,0.26,0,0,1,1
0.155,0.299,0.26,0,0,1,1
0.158,0.299,0.26,0,0,1,1
0.161,0.299,0.26,0,0,1,1
0.164,0.299,0.26,0,0,1,1
0.167,0.299,0.26,0,0,1,1
0.17,0.299,0.26,0,0,1,1
0.173,0.299,0.26,0,0,1,1
0.176,0.299,0.26,0,0,1,1
0.179,0.299,0.26,0,0,1,1
0.182,0.299,0.26,0,0,1,1
0.185,0.299,0.26,0,0,1,1
0.188,0.299,0.26,0,0,1,1
0.191,0.299,0.26,0,0,1,1
0.194,0.299,0.26,0,0,1,1
0.197,0.299,0.26,0,0,1,1
0.2,0.299,0.26,0,0,1,1
0.203,0.299,0.26,0,0,1,1
0.206,0.299,0.26,0,0,1,1
0.209,0.299,0.26,0,0,1,1
0.212,0.299,0.26,0,0,1,1
0.215,0.299,0.26,0,0,1,1
0.218,0.299,0.26,0,0,1,1
0.221,0.299,0.26,0,0,1,1
0.224,0.299,0.26,0,0,1,1
0.227,0.299,0.26,0,0,1,1
0.23,0.299,0.26,0,0,1,1
0.233,0.299,0.26,0,0,1,1
0.236,0.299,0.26,0,0,1,1
0.239,0.299,0.26,0,0,1,1
0.242,0.299,0.26,0,0,1,1
0.245,0.299,0.26,0,0,1,1
0.248,0.299,0.26,0,0,1,1
0.251,0.299,0.26,0,0,1,1
0.254,0.299,0.26,0,0,1,1
0.257,0.299,0.26,0,0,1,1
0.26,0.299,0.26,0,0,1,1
0.263,0.299,0.26,0,0,1,1
0.266,0.299,0.26,0,0,1,1
0.269,0.299,0.26,0,0,1,1
0.272,0.299,0.26,0,0,1,1
0.275,0.299,0.26,0,0,1,1
0.278,0.299,0.26,0,0,1,1
0.281,0.299,0.26,0,0,1,1
0.284,0.299,0.26,0,0,1,1
0.287,0.299,0.26,0,0,1,1
0.29,0.299,0.26,0,0,1,1
0.293,0.299,0.26,0,0,1,1
0.296,0.299,0.26,0,0,1,1
0.299,0.299,0.26,0,0,1,1
0.302,0.299,0.26,0,0,1,1
0.305,0.299,0.26,0,0,1,1
0.308,0.299,0.26,0,0,1,1
0.311,0.299,0.26,0,0,1,1
0.314,0.299,0.26,0,0,1,1
0.317,0.299,0.26,0,0,1,1
0.32,0.299,0.26,0,0,1,1
0.323,0.299,0.26,0,0,1,1
0.326,0.299,0.26,0,0,1,1
0.329,0.299,0.26,0,0,1,1
0.332,0.299,0.26,0,0,1,1
0.335,0.299,0.26,0,0,1,1
0.338,0.299,0.26,0,0,1,1
0.341,0.299,0.26,0,0,1,1
0.14,0.296,0.26,0,0,1,1
0.143,0.296,0.26,0,0,1,1
0.146,0.296,0.26,0,0,1,1
0.149,0.296,0.26,0,0,1,1
0.152,0.296,0.26,0,0,1,1
0.155,0.296,0.26,0,0,1,1
0.158,0.296,0.26,0,0,1,1
0.161,0.296,0.26,0,0,1,1
0.164,0.296,0.26,0,0,1,1
0.167,0.296,0.26,0,0,1,1
0.17,0.296,0.26,0,0,1,1
0.173,0.296,0.26,0,0,1,1
0.176,0.296,0.26,0,0,1,1
0.179,0.296,0.26,0,0,1,1
0.182,0.296,0.26,0,0,1,1
0.185,0.296,0.26,0,0,1,1
0.188,0.296,0.26,0,0,1,1
0.191,0.296,0.26,0,0,1,1
0.194,0.296,0.26,0,0,1,1
0.197,0.296,0.26,0,0,1,1
0.2,0.296,0.26,0,0,1,1
0.203,0.296,0.26,0,0,1,1
0.206,0.296,0.26,0,0,1,1
0.209,0.296,0.26,0,0,1,1
0.212,0.296,0.26,0,0,1,1
0.215,0.296,0.26,0,0,1,1
0.218,0.296,0.26,0,0,1,1
0.221,0.296,0.26,0,0,1,1
0.224,0.296,0.26,0,0,1,1
0.227,0.296,0.26,0,0,1,1
0.23,0.296,0.26,0,0,1,1
0.233,0.296,0.26,0,0,1,1
0.236,0.296,0.26,0,0,1,1
0.239,0.296,0.26,0,0,1,1
0.242,0.296,0.26,0,0,1,1
0.245,0.296,0.26,0,0,1,1
0.248,0.296,0.26,0,0,1,1
0.251,0.296,0.26,0,0,1,1
0.254,0.296,0.26,0,0,1,1
0.257,0.296,0.26,0,0,1,1
0.26,0.296,0.26,0,0,1,1
0.263,0.296,0.26,0,0,1,1
0.266,0.296,0.26,0,0,1,1
0.269,0.296,0.26,0,0,1,1
0.272,0.296,0.26,0,0,1,1
0.275,0.296,0.26,0,0,1,1
0.278,0.296,0.26,0,0,1,1
0.281,0.296,0.26,0,0,1,1
0.284,0.296,0.26,0,0,1,1
0.287,0.296,0.26,0,0,1,1
0.29,0.296,0.26,0,0,1,1
0.293,0.296,0.26,0,0,1,1
0.296,0.296,0.26,0,0,1,1
0.299,0.296,0.26,0,0,1,1
0.302,0.296,0.26,0,0,1,1
0.305,0.296,0.26,0,0,1,1
0.308,0.296,0.26,0,0,1,1
0.311,0.296,0.26,0,0,1,1
0.314,0.296,0.26,0,0,1,1
0.317,0.296,0.26,0,0,1,1
0.32,0.296,0.26,0,0,1,1
0.323,0.296,0.26,0,0,1,1
0.326,0.296,0.26,0,0,1,1
0.329,0.296,0.26,0,0,1,1
0.332,0.296,0.26,0,0,1,1
0.335,0.296,0.26,0,0,1,1
0.338,0.296,0.26,0,0,1,1
0.341,0.296,0.26,0,0,1,1
0.14,0.293,0.26,0,0,1,1
0.143,0.293,0.26,0,0,1,1
0.146,0.293,0.26,0,0,1,1
0.149,0.293,0.26,0,0,1,1
0.152,0.293,0.26,0,0,1,1
0.155,0.293,0.26,0,0,1,1
0.158,0.293,0.26,0,0,1,1
0.161,0.293,0.26,0,0,1,1
0.164,0.293,0.26,0,0,1,1
0.167,0.293,0.26,0,0,1,1
0.17,0.293,0.26,0,0,1,1
0.173,0.293,0.26,0,0,1,1
0.176,0.293,0.26,0,0,1,1
0.179,0.293,0.26,0,0,1,1
0.182,0.293,0.26,0,0,1,1
0.185,0.293,0.26,0,0,1,1
0.188,0.293,0.26,0,0,1,1
0.191,0.293,0.26,0,0,1,1
0.194,0.293,0.26,0,0,1,1
0.197,0.293,0.26,0,0,1,1
0.2,0.293,0.26,0,0,1,1
0.203,0.293,0.26,0,0,1,1
0.206,0.293,0.26,0,0,1,1
0.209,0.293,0.26,0,0,1,1
0.212,0.293,0.26,0,0,1,1
0.215,0.293,0.26,0,0,1,1
0.218,0.293,0.26,0,0,1,1
0.221,0.293,0.26,0,0,1,1
0.224,0.293,0.26,0,0,1,1
0.227,0.293,0.26,0,0,1,1
0.23,0.293,0.26,0,0,1,1
0.233,0.293,0.26,0,0,1,1
0.236,0.293,0.26,0,0,1,1
0.239,0.293,0.26,0,0,1,1
0.242,0.293,0.26,0,0,1,1
0.245,0.293,0.26,0,0,1,1
0.248,0.293,0.26,0,0,1,1
0.251,0.293,0.26,0,0,1,1
0.254,0.293,0.26,0,0,1,1
0.257,0.293,0.26,0,0,1,1
0.26,0.293,0.26,0,0,1,1
0.263,0.293,0.26,0,0,1,1
0.266,0.293,0.26,0,0,1,1
0.269,0.293,0.26,0,0,1,1
0.272,0.293,0.26,0,0,1,1
0.275,0.293,0.26,0,0,1,1
0.278,0.293,0.26,0,0,1,1
0.281,0.293,0.26,0,0,1,1
0.284,0.293,0.26,0,0,1,1
0.287,0.293,0.26,0,0,1,1
0.29,0.293,0.26,0,0,1,1
0.293,0.293,0.26,0,0,1,1
0.296,0.293,0.26,0,0,1,1
0.299,0.293,0.26,0,0,1,1
0.302,0.293,0.26,0,0,1,1
0.305,0.293,0.26,0,0,1,1
0.308,0.293,0.26,0,0,1,1
0.311,0.293,0.26,0,0,1,1
0.314,0.293,0.26,0,0,1,1
0.317,0.293,0.26,0,0,1,1
0.32,0.293,0.26,0,0,1,1
0.323,0.293,0.26,0,0,1,1
0.326,0.293,0.26,0,0,1,1
0.329,0.293,0.26,0,0,1,1
0.332,0.293,0.26,0,0,1,1
0.335,0.293,0.26,0,0,1,1
0.338,0.293,0.26,0,0,1,1
0.341,0.293,0.26,0,0,1,1
0.14,0.29,0.26,0,0,1,1
0.143,0.29,0.26,0,0,1,1
0.146,0.29,0.26,0,0,1,1
0.149,0.29,0.26,0,0,1,1
0.152,0.29,0.26,0,0,1,1
0.155,0.29,0.26,0,0,1,1
0.158,0.29,0.26,0,0,1,1
0.161,0.29,0.26,0,0,1,1
0.164,0.29,0.26,0,0,1,1
0.167,0.29,0.26,0,0,1,1
0.17,0.29,0.26,0,0,1,1
0.173,0.29,0.26,0,0,1,1
0.176,0.29,0.26,0,0,1,1
0.179,0.29,0.26,0,0,1,1
0.182,0.29,0.26,0,0,1,1
0.185,0.29,0.26,0,0,1,1
0.188,0.29,0.26,0,0,1,1
0.191,0.29,0.26,0,0,1,1
0.194,0.29,0.26,0,0,1,1
0.197,0.29,0.26,0,0,1,1
0.2,0.29,0.26,0,0,1,1
0.203,0.29,0.26,0,0,1,1
0.206,0.29,0.26,0,0,1,1
0.209,0.29,0.26,0,0,1,1
0.212,0.29,0.26,0,0,1,1
0.215,0.29,0.26,0,0,1,1
0.218,0.29,0.26,0,0,1,1
0.221,0.29,0.26,0,0,1,1
0.224,0.29,0.26,0,0,1,1
0.227,0.29,0.26,0,0,1,1
0.23,0.29,0.26,0,0,1,1
0.233,0.29,0.26,0,0,1,1
0.236,0.29,0.26,0,0,1,1
0.239,0.29,0.26,0,0,1,1
0.242,0.29,0.26,0,0,1,1
0.245,0.29,0.26,0,0,1,1
0.248,0.29,0.26,0,0,1,1
0.251,0.29,0.26,0,0,1,1
0.254,0.29,0.26,0,0,1,1
0.257,0.29,0.26,0,0,1,1
0.26,0.29,0.26,0,0,1,1
0.263,0.29,0.26,0,0,1,1
0.266,0.29,0.26,0,0,1,1
0.269,0.29,0.26,0,0,1,1
0.272,0.29,0.26,0,0,1,1
0.275,0.29,0.26,0,0,1,1
0.278,0.29,0.26,0,0,1,1
0.281,0.29,0.26,0,0,1,1
0.284,0.29,0.26,0,0,1,1
0.287,0.29,0.26,0,0,1,1
0.29,0.29,0.26,0,0,1,1
0.293,0.29,0.26,0,0,1,1
0.296,0.29,0.26,0,0,1,1
0.299,0.29,0.26,0,0,1,1
0.302,0.29,0.26,0,0,1,1
0.305,0.29,0.26,0,0,1,1
0.308,0.29,0.26,0,0,1,1
0.311,0.29,0.26,0,0,1,1
0.314,0.29,0.26,0,0,1,1
0.317,0.29,0.26,0,0,1,1
0.32,0.29,0.26,0,0,1,1
0.323,0.29,0.26,0,0,1,1
0.326,0.29,0.26,0,0,1,1
0.329,0.29,0.26,0,0,1,1
0.332,0.29,0.26,0,0,1,1
0.335,0.29,0.26,0,0,1,1
0.338,0.29,0.26,0,0,1,1
0.341,0.29,0.26,0,0,1,1
0.14,0.287,0.26,0,0,1,1
0.143,0.287,0.26,0,0,1,1
0.146,0.287,0.26,0,0,1,1
0.149,0.287,0.26,0,0,1,1
0.152,0.287,0.26,0,0,1,1
0.155,0.287,0.26,0,0,1,1
0.158,0.287,0.26,0,0,1,1
0.161,0.287,0.26,0,0,1,1
0.164,0.287,0.26,0,0,1,1
0.167,0.287,0.26,0,0,1,1
0.17,0.287,0.26,0,0,1,1
0.173,0.287,0.26,0,0,1,1
0.176,0.287,0.26,0,0,1,1
0.179,0.287,0.26,0,0,1,1
0.182,0.287,0.26,0,0,1,1
0.185,0.287,0.26,0,0,1,1
0.188,0.287,0.26,0,0,1,1
0.191,0.287,0.26,0,0,1,1
0.194,0.287,0.26,0,0,1,1
0.197,0.287,0.26,0,0,1,1
0.2,0.287,0.26,0,0,1,1
0.203,0.287,0.26,0,0,1,1
0.206,0.287,0.26,0,0,1,1
0.209,0.287,0.26,0,0,1,1
0.212,0.287,0.26,0,0,1,1
0.215,0.287,0.26,0,0,1,1
0.218,0.287,0.26,0,0,1,1
0.221,0.287,0.26,0,0,1,1
0.224,0.287,0.26,0,0,1,1
0.227,0.287,0.26,0,0,1,1
0.23,0.287,0.26,0,0,1,1
0.233,0.287,0.26,0,0,1,1
0.236,0.287,0.26,0,0,1,1
0.239,0.287,0.26,0,0,1,1
0.242,0.287,0.26,0,0,1,1
0.245,0.287,0.26,0,0,1,1
0.248,0.287,0.26,0,0,1,1
0.251,0.287,0.26,0,0,1,1
0.254,0.287,0.26,0,0,1,1
0.257,0.287,0.26,0,0,1,1
0.26,0.287,0.26,0,0,1,1
0.263,0.287,0.26,0,0,1,1
0.266,0.287,0.26,0,0,1,1
0.269,0.287,0.26,0,0,1,1
0.272,0.287,0.26,0,0,1,1
0.275,0.287,0.26,0,0,1,1
0.278,0.287,0.26,0,0,1,1
0.281,0.287,0.26,0,0,1,1
0.284,0.287,0.26,0,0,1,1
0.287,0.287,0.26,0,0,1,1
0.29,0.287,0.26,0,0,1,1
0.293,0.287,0.26,0,0,1,1
0.296,0.287,0.26,0,0,1,1
0.299,0.287,0.26,0,0,1,1
0.302,0.287,0.26,0,0,1,1
0.305,0.287,0.26,0,0,1,1
0.308,0.287,0.26,0,0,1,1
0.311,0.287,0.26,0,0,1,1
0.314,0.287,0.26,0,0,1,1
0.317,0.287,0.26,0,0,1,1
0.32,0.287,0.26,0,0,1,1
0.323,0.287,0.26,0,0,1,1
0.326,0.287,0.26,0,0,1,1
0.329,0.287,0.26,0,0,1,1
0.332,0.287,0.26,0,0,1,1
0.335,0.287,0.26,0,0,1,1
0.338,0.287,0.26,0,0,1,1
0.341,0.287,0.26,0,0,1,1
0.14,0.284,0.26,0,0,1,1
0.143,0.284,0.26,0,0,1,1
0.146,0.284,0.26,0,0,1,1
0.149,0.284,0.26,0,0,1,1
0.152,0.284,0.26,0,0,1,1
0.155,0.284,0.26,0,0,1,1
0.158,0.284,0.26,0,0,1,1
0.161,0.284,0.26,0,0,1,1
0.164,0.284,0.26,0,0,1,1
0.167,0.284,0.26,0,0,1,1
0.17,0.284,0.26,0,0,1,1
0.173,0.284,0.26,0,0,1,1
0.176,0.284,0.26,0,0,1,1
0.179,0.284,0.26,0,0,1,1
0.182,0.284,0.26,0,0,1,1
0.185,0.284,0.26,0,0,1,1
0.188,0.284,0.26,0,0,1,1
0.191,0.284,0.26,0,0,1,1
0.194,0.284,0.26,0,0,1,1
0.197,0.284,0.26,0,0,1,1
0.2,0.284,0.26,0,0,1,1
0.203,0.284,0.26,0,0,1,1
0.206,0.284,0.26,0,0,1,1
0.209,0.284,0.26,0,0,1,1
0.212,0.284,0.26,0,0,1,1
0.215,0.284,0.26,0,0,1,1
0.218,0.284,0.26,0,0,1,1
0.221,0.284,0.26,0,0,1,1
0.224,0.284,0.26,0,0,1,1
0.227,0.284,0.26,0,0,1,1
0.23,0.284,0.26,0,0,1,1
0.233,0.284,0.26,0,0,1,1
0.236,0.284,0.26,0,0,1,1
0.239,0.284,0.26,0,0,1,1
0.242,0.284,0.26,0,0,1,1
0.245,0.284,0.26,0,0,1,1
0.248,0.284,0.26,0,0,1,1
0.251,0.284,0.26,0,0,1,1
0.254,0.284,0.26,0,0,1,1
0.257,0.284,0.26,0,0,1,1
0.26,0.284,0.26,0,0,1,1
0.263,0.284,0.26,0,0,1,1
0.266,0.284,0.26,0,0,1,1
0.269,0.284,0.26,0,0,1,1
0.272,0.284,0.26,0,0,1,1
0.275,0.284,0.26,0,0,1,1
0.278,0.284,0.26,0,0,1,1
0.281,0.284,0.26,0,0,1,1
0.284,0.284,0.26,0,0,1,1
0.287,0.284,0.26,0,0,1,1
0.29,0.284,0.26,0,0,1,1
0.293,0.284,0.26,0,0,1,1
0.296,0.284,0.26,0,0,1,1
0.299,0.284,0.26,0,0,1,1
0.302,0.284,0.26,0,0,1,1
0.305,0.284,0.26,0,0,1,1
0.308,0.284,0.26,0,0,1,1
0.311,0.284,0.26,0,0,1,1
0.314,0.284,0.26,0,0,1,1
0.317,0.284,0.26,0,0,1,1
0.32,0.284,0.26,0,0,1,1
0.323,0.284,0.26,0,0,1,1
0.326,0.284,0.26,0,0,1,1
0.329,0.284,0.26,0,0,1,1
0.332,0.284,0.26,0,0,1,1
0.335,0.284,0.26,0,0,1,1
0.338,0.284,0.26,0,0,1,1
0.341,0.284,0.26,0,0,1,1
0.14,0.281,0.26,0,0,1,1
0.143,0.281,0.26,0,0,1,1
0.146,0.281,0.26,0,0,1,1
0.149,0.281,0.26,0,0,1,1
0.152,0.281,0.26,0,0,1,1
0.155,0.281,0.26,0,0,1,1
0.158,0.281,0.26,0,0,1,1
0.161,0.281,0.26,0,0,1,1
0.164,0.281,0.26,0,0,1,1
0.167,0.281,0.26,0,0,1,1
0.17,0.281,0.26,0,0,1,1
0.173,0.281,0.26,0,0,1,1
0.176,0.281,0.26,0,0,1,1
0.179,0.281,0.26,0,0,1,1
0.182,0.281,0.26,0,0,1,1
0.185,0.281,0.26,0,0,1,1
0.188,0.281,0.26,0,0,1,1
0.191,0.281,0.26,0,0,1,1
0.194,0.281,0.26,0,0,1,1
0.197,0.281,0.26,0,0,1,1
0.2,0.281,0.26,0,0,1,1
0.203,0.281,0.26,0,0,1,1
0.206,0.281,0.26,0,0,1,1
0.209,0.281,0.26,0,0,1,1
0.212,0.281,0.26,0,0,1,1
0.215,0.281,0.26,0,0,1,1
0.218,0.281,0.26,0,0,1,1
0.221,0.281,0.26,0,0,1,1
0.224,0.281,0.26,0,0,1,1
0.227,0.281,0.26,0,0,1,1
0.23,0.281,0.26,0,0,1,1
0.233,0.281,0.26,0,0,1,1
0.236,0.281,0.26,0,0,1,1
0.239,0.281,0.26,0,0,1,1
0.242,0.281,0.26,0,0,1,1
0.245,0.281,0.26,0,0,1,1
0.248,0.281,0.26,0,0,1,1
0.251,0.281,0.26,0,0,1,1
0.254,0.281,0.26,0,0,1,1
0.257,0.281,0.26,0,0,1,1
0.26,0.281,0.26,0,0,1,1
0.263,0.281,0.26,0,0,1,1
0.266,0.281,0.26,0,0,1,1
0.269,0.281,0.26,0,0,1,1
0.272,0.281,0.26,0,0,1,1
0.275,0.281,0.26,0,0,1,1
0.278,0.281,0.26,0,0,1,1
0.281,0.281,0.26,0,0,1,1
0.284,0.281,0.26,0,0,1,1
0.287,0.281,0.26,0,0,1,1
0.29,0.281,0.26,0,0,1,1
0.293,0.281,0.26,0,0,1,1
0.296,0.281,0.26,0,0,1,1
0.299,0.281,0.26,0,0,1,1
0.302,0.281,0.26,0,0,1,1
0.305,0.281,0.26,0,0,1,1
0.308,0.281,0.26,0,0,1,1
0.311,0.281,0.26,0,0,1,1
0.314,0.281,0.26,0,0,1,1
0.317,0.281,0.26,0,0,1,1
0.32,0.281,0.26,0,0,1,1
0.323,0.281,0.26,0,0,1,1
0.326,0.281,0.26,0,0,1,1
0.329,0.281,0.26,0,0,1,1
0.332,0.281,0.26,0,0,1,1
0.335,0.281,0.26,0,0,1,1
0.338,0.281,0.26,0,0,1,1
0.341,0.281,0.26,0,0,1,1
0.14,0.278,0.26,0,0,1,1
0.143,0.278,0.26,0,0,1,1
0.146,0.278,0.26,0,0,1,1
0.149,0.278,0.26,0,0,1,1
0.152,0.278,0.26,0,0,1,1
0.155,0.278,0.26,0,0,1,1
0.158,0.278,0.26,0,0,1,1
0.161,0.278,0.26,0,0,1,1
0.164,0.278,0.26,0,0,1,1
0.167,0.278,0.26,0,0,1,1
0.17,0.278,0.26,0,0,1,1
0.173,0.278,0.26,0,0,1,1
0.176,0.278,0.26,0,0,1,1
0.179,0.278,0.26,0,0,1,1
0.182,0.278,0.26,0,0,1,1
0.185,0.278,0.26,0,0,1,1
0.188,0.278,0.26,0,0,1,1
0.191,0.278,0.26,0,0,1,1
0.194,0.278,0.26,0,0,1,1
0.197,0.278,0.26,0,0,1,1
0.2,0.278,0.26,0,0,1,1
0.203,0.278,0.26,0,0,1,1
0.206,0.278,0.26,0,0,1,1
0.209,0.278,0.26,0,0,1,1
0.212,0.278,0.26,0,0,1,1
0.215,0.278,0.26,0,0,1,1
0.218,0.278,0.26,0,0,1,1
0.221,0.278,0.26,0,0,1,1
0.224,0.278,0.26,0,0,1,1
0.227,0.278,0.26,0,0,1,1
0.23,0.278,0.26,0,0,1,1
0.233,0.278,0.26,0,0,1,1
0.236,0.278,0.26,0,0,1,1
0.239,0.278,0.26,0,0,1,1
0.242,0.278,0.26,0,0,1,1
0.245,0.278,0.26,0,0,1,1
0.248,0.278,0.26,0,0,1,1
0.251,0.278,0.26,0,0,1,1
0.254,0.278,0.26,0,0,1,1
0.257,0.278,0.26,0,0,1,1
0.26,0.278,0.26,0,0,1,1
0.263,0.278,0.26,0,0,1,1
0.266,0.278,0.26,0,0,1,1
0.269,0.278,0.26,0,0,1,1
0.272,0.278,0.26,0,0,1,1
0.275,0.278,0.26,0,0,1,1
0.278,0.278,0.26,0,0,1,1
0.281,0.278,0.26,0,0,1,1
0.284,0.278,0.26,0,0,1,1
0.287,0.278,0.26,0,0,1,1
0.29,0.278,0.26,0,0,1,1
0.293,0.278,0.26,0,0,1,1
0.296,0.278,0.26,0,0,1,1
0.299,0.278,0.26,0,0,1,1
0.302,0.278,0.26,0,0,1,1
0.305,0.278,0.26,0,0,1,1
0.308,0.278,0.26,0,0,1,1
0.311,0.278,0.26,0,0,1,1
0.314,0.278,0.26,0,0,1,1
0.317,0.278,0.26,0,0,1,1
0.32,0.278,0.26,0,0,1,1
0.323,0.278,0.26,0,0,1,1
0.326,0.278,0.26,0,0,1,1
0.329,0.278,0.26,0,0,1,1
0.332,0.278,0.26,0,0,1,1
0.335,0.278,0.26,0,0,1,1
0.338,0.278,0.26,0,0,1,1
0.341,0.278,0.26,0,0,1,1
0.14,0.275,0.26,0,0,1,1
0.143,0.275,0.26,0,0,1,1
0.146,0.275,0.26,0,0,1,1
0.149,0.275,0.26,0,0,1,1
0.152,0.275,0.26,0,0,1,1
0.155,0.275,0.26,0,0,1,1
0.158,0.275,0.26,0,0,1,1
0.161,0.275,0.26,0,0,1,1
0.164,0.275,0.26,0,0,1,1
0.167,0.275,0.26,0,0,1,1
0.17,0.275,0.26,0,0,1,1
0.173,0.275,0.26,0,0,1,1
0.176,0.275,0.26,0,0,1,1
0.179,0.275,0.26,0,0,1,1
0.182,0.275,0.26,0,0,1,1
0.185,0.275,0.26,0,0,1,1
0.188,0.275,0.26,0,0,1,1
0.191,0.275,0.26,0,0,1,1
0.194,0.275,0.26,0,0,1,1
0.197,0.275,0.26,0,0,1,1
0.2,0.275,0.26,0,0,1,1
0.203,0.275,0.26,0,0,1,1
0.206,0.275,0.26,0,0,1,1
0.209,0.275,0.26,0,0,1,1
0.212,0.275,0.26,0,0,1,1
0.215,0.275,0.26,0,0,1,1
0.218,0.275,0.26,0,0,1,1
0.221,0.275,0.26,0,0,1,1
0.224,0.275,0.26,0,0,1,1
0.227,0.275,0.26,0,0,1,1
0.23,0.275,0.26,0,0,1,1
0.233,0.275,0.26,0,0,1,1
0.236,0.275,0.26,0,0,1,1
0.239,0.275,0.26,0,0,1,1
0.242,0.275,0.26,0,0,1,1
0.245,0.275,0.26,0,0,1,1
0.248,0.275,0.26,0,0,1,1
0.251,0.275,0.26,0,0,1,1
0.254,0.275,0.26,0,0,1,1
0.257,0.275,0.26,0,0,1,1
0.26,0.275,0.26,0,0,1,1
0.263,0.275,0.26,0,0,1,1
0.266,0.275,0.26,0,0,1,1
0.269,0.275,0.26,0,0,1,1
0.272,0.275,0.26,0,0,1,1
0.275,0.275,0.26,0,0,1,1
0.278,0.275,0.26,0,0,1,1
0.281,0.275,0.26,0,0,1,1
0.284,0.275,0.26,0,0,1,1
0.287,0.275,0.26,0,0,1,1
0.29,0.275,0.26,0,0,1,1
0.293,0.275,0.26,0,0,1,1
0.296,0.275,0.26,0,0,1,1
0.299,0.275,0.26,0,0,1,1
0.302,0.275,0.26,0,0,1,1
0.305,0.275,0.26,0,0,1,1
0.308,0.275,0.26,0,0,1,1
0.311,0.275,0.26,0,0,1,1
0.314,0.275,0.26,0,0,1,1
0.317,0.275,0.26,0,0,1,1
0.32,0.275,0.26,0,0,1,1
0.323,0.275,0.26,0,0,1,1
0.326,0.275,0.26,0,0,1,1
0.329,0.275,0.26,0,0,1,1
0.332,0.275,0.26,0,0,1,1
0.335,0.275,0.26,0,0,1,1
0.338,0.275,0.26,0,0,1,1
0.341,0.275,0.26,0,0,1,1
0.14,0.272,0.26,0,0,1,1
0.143,0.272,0.26,0,0,1,1
0.146,0.272,0.26,0,0,1,1
0.149,0.272,0.26,0,0,1,1
0.152,0.272,0.26,0,0,1,1
0.155,0.272,0.26,0,0,1,1
0.158,0.272,0.26,0,0,1,1
0.161,0.272,0.26,0,0,1,1
0.164,0.272,0.26,0,0,1,1
0.167,0.272,0.26,0,0,1,1
0.17,0.272,0.26,0,0,1,1
0.173,0.272,0.26,0,0,1,1
0.176,0.272,0.26,0,0,1,1
0.179,0.272,0.26,0,0,1,1
0.182,0.272,0.26,0,0,1,1
0.185,0.272,0.26,0,0,1,1
0.188,0.272,0.26,0,0,1,1
0.191,0.272,0.26,0,0,1,1
0.194,0.272,0.26,0,0,1,1
0.197,0.272,0.26,0,0,1,1
0.2,0.272,0.26,0,0,1,1
0.203,0.272,0.26,0,0,1,1
0.206,0.272,0.26,0,0,1,1
0.209,0.272,0.26,0,0,1,1
0.212,0.272,0.26,0,0,1,1
0.215,0.272,0.26,0,0,1,1
0.218,0.272,0.26,0,0,1,1
0.221,0.272,0.26,0,0,1,1
0.224,0.272,0.26,0,0,1,1
0.227,0.272,0.26,0,0,1,1
0.23,0.272,0.26,0,0,1,1
0.233,0.272,0.26,0,0,1,1
0.236,0.272,0.26,0,0,1,1
0.239,0.272,0.26,0,0,1,1
0.242,0.272,0.26,0,0,1,1
0.245,0.272,0.26,0,0,1,1
0.248,0.272,0.26,0,0,1,1
0.251,0.272,0.26,0,0,1,1
0.254,0.272,0.26,0,0,1,1
0.257,0.272,0.26,0,0,1,1
0.26,0.272,0.26,0,0,1,1
0.263,0.272,0.26,0,0,1,1
0.266,0.272,0.26,0,0,1,1
0.269,0.272,0.26,0,0,1,1
0.272,0.272,0.26,0,0,1,1
0.275,0.272,0.26,0,0,1,1
0.278,0.272,0.26,0,0,1,1
0.281,0.272,0.26,0,0,1,1
0.284,0.272,0.26,0,0,1,1
0.287,0.272,0.26,0,0,1,1
0.29,0.272,0.26,0,0,1,1
0.293,0.272,0.26,0,0,1,1
0.296,0.272,0.26,0,0,1,1
0.299,0.272,0.26,0,0,1,1
0.302,0.272,0.26,0,0,1,1
0.305,0.272,0.26,0,0,1,1
0.308,0.272,0.26,0,0,1,1
0.311,0.272,0.26,0,0,1,1
0.314,0.272,0.26,0,0,1,1
0.317,0.272,0.26,0,0,1,1
0.32,0.272,0.26,0,0,1,1
0.323,0.272,0.26,0,0,1,1
0.326,0.272,0.26,0,0,1,1
0.329,0.272,0.26,0,0,1,1
0.332,0.272,0.26,0,0,1,1
0.335,0.272,0.26,0,0,1,1
0.338,0.272,0.26,0,0,1,1
0.341,0.272,0.26,0,0,1,1
0.14,0.269,0.26,0,0,1,1
0.143,0.269,0.26,0,0,1,1
0.146,0.269,0.26,0,0,1,1
0.149,0.269,0.26,0,0,1,1
0.152,0.269,0.26,0,0,1,1
0.155,0.269,0.26,0,0,1,1
0.158,0.269,0.26,0,0,1,1
0.161,0.269,0.26,0,0,1,1
0.164,0.269,0.26,0,0,1,1
0.167,0.269,0.26,0,0,1,1
0.17,0.269,0.26,0,0,1,1
0.173,0.269,0.26,0,0,1,1
0.176,0.269,0.26,0,0,1,1
0.179,0.269,0.26,0,0,1,1
0.182,0.269,0.26,0,0,1,1
0.185,0.269,0.26,0,0,1,1
0.188,0.269,0.26,0,0,1,1
0.191,0.269,0.26,0,0,1,1
0.194,0.269,0.26,0,0,1,1
0.197,0.269,0.26,0,0,1,1
0.2,0.269,0.26,0,0,1,1
0.203,0.269,0.26,0,0,1,1
0.206,0.269,0.26,0,0,1,1
0.209,0.269,0.26,0,0,1,1
0.212,0.269,0.26,0,0,1,1
0.215,0.269,0.26,0,0,1,1
0.218,0.269,0.26,0,0,1,1
0.221,0.269,0.26,0,0,1,1
0.224,0.269,0.26,0,0,1,1
0.227,0.269,0.26,0,0,1,1
0.23,0.269,0.26,0,0,1,1
0.233,0.269,0.26,0,0,1,1
0.236,0.269,0.26,0,0,1,1
0.239,0.269,0.26,0,0,1,1
0.242,0.269,0.26,0,0,1,1
0.245,0.269,0.26,0,0,1,1
0.248,0.269,0.26,0,0,1,1
0.251,0.269,0.26,0,0,1,1
0.254,0.269,0.26,0,0,1,1
0.257,0.269,0.26,0,0,1,1
0.26,0.269,0.26,0,0,1,1
0.263,0.269,0.26,0,0,1,1
0.266,0.269,0.26,0,0,1,1
0.269,0.269,0.26,0,0,1,1
0.272,0.269,0.26,0,0,1,1
0.275,0.269,0.26,0,0,1,1
0.278,0.269,0.26,0,0,1,1
0.281,0.269,0.26,0,0,1,1
0.284,0.269,0.26,0,0,1,1
0.287,0.269,0.26,0,0,1,1
0.29,0.269,0.26,0,0,1,1
0.293,0.269,0.26,0,0,1,1
0.296,0.269,0.26,0,0,1,1
0.299,0.269,0.26,0,0,1,1
0.302,0.269,0.26,0,0,1,1
0.305,0.269,0.26,0,0,1,1
0.308,0.269,0.26,0,0,1,1
0.311,0.269,0.26,0,0,1,1
0.314,0.269,0.26,0,0,1,1
0.317,0.269,0.26,0,0,1,1
0.32,0.269,0.26,0,0,1,1
0.323,0.269,0.26,0,0,1,1
0.326,0.269,0.26,0,0,1,1
0.329,0.269,0.26,0,0,1,1
0.332,0.269,0.26,0,0,1,1
0.335,0.269,0.26,0,0,1,1
0.338,0.269,0.26,0,0,1,1
0.341,0.269,0.26,0,0,1,1
0.14,0.41,0.44,0,0,1,1
0.143,0.41,0.44,0,0,1,1
0.146,0.41,0.44,0,0,1,1
0.149,0.41,0.44,0,0,1,1
0.152,0.41,0.44,0,0,1,1
0.155,0.41,0.44,0,0,1,1
0.158,0.41,0.44,0,0,1,1
0.161,0.41,0.44,0,0,1,1
0.164,0.41,0.44,0,0,1,1
0.167,0.41,0.44,0,0,1,1
0.17,0.41,0.44,0,0,1,1
0.173,0.41,0.44,0,0,1,1
0.176,0.41,0.44,0,0,1,1
0.179,0.41,0.44,0,0,1,1
0.182,0.41,0.44,0,0,1,1
0.185,0.41,0.44,0,0,1,1
0.188,0.41,0.44,0,0,1,1
0.191,0.41,0.44,0,0,1,1
0.194,0.41,0.44,0,0,1,1
0.197,0.41,0.44,0,0,1,1
0.2,0.41,0.44,0,0,1,1
0.203,0.41,0.44,0,0,1,1
0.206,0.41,0.44,0,0,1,1
0.209,0.41,0.44,0,0,1,1
0.212,0.41,0.44,0,0,1,1
0.215,0.41,0.44,0,0,1,1
0.218,0.41,0.44,0,0,1,1
0.221,0.41,0.44,0,0,1,1
0.224,0.41,0.44,0,0,1,1
0.227,0.41,0.44,0,0,1,1
0.23,0.41,0.44,0,0,1,1
0.233,0.41,0.44,0,0,1,1
0.236,0.41,0.44,0,0,1,1
0.239,0.41,0.44,0,0,1,1
0.242,0.41,0.44,0,0,1,1
0.245,0.41,0.44,0,0,1,1
0.248,0.41,0.44,0,0,1,1
0.251,0.41,0.44,0,0,1,1
0.254,0.41,0.44,0,0,1,1
0.257,0.41,0.44,0,0,1,1
0.26,0.41,0.44,0,0,1,1
0.263,0.41,0.44,0,0,1,1
0.266,0.41,0.44,0,0,1,1
0.269,0.41,0.44,0,0,1,1
0.272,0.41,0.44,0,0,1,1
0.275,0.41,0.44,0,0,1,1
0.278,0.41,0.44,0,0,1,1
0.281,0.41,0.44,0,0,1,1
0.284,0.41,0.44,0,0,1,1
0.287,0.41,0.44,0,0,1,1
0.29,0.41,0.44,0,0,1,1
0.293,0.41,0.44,0,0,1,1
0.296,0.41,0.44,0,0,1,1
0.299,0.41,0.44,0,0,1,1
0.302,0.41,0.44,0,0,1,1
0.305,0.41,0.44,0,0,1,1
0.308,0.41,0.44,0,0,1,1
0.311,0.41,0.44,0,0,1,1
0.314,0.41,0.44,0,0,1,1
0.317,0.41,0.44,0,0,1,1
0.32,0.41,0.44,0,0,1,1
0.323,0.41,0.44,0,0,1,1
0.326,0.41,0.44,0,0,1,1
0.329,0.41,0.44,0,0,1,1
0.332,0.41,0.44,0,0,1,1
0.335,0.41,0.44,0,0,1,1
0.338,0.41,0.44,0,0,1,1
0.341,0.41,0.44,0,0,1,1
0.14,0.407,0.44,0,0,1,1
0.143,0.407,0.44,0,0,1,1
0.146,0.407,0.44,0,0,1,1
0.149,0.407,0.44,0,0,1,1
0.152,0.407,0.44,0,0,1,1
0.155,0.407,0.44,0,0,1,1
0.158,0.407,0.44,0,0,1,1
0.161,0.407,0.44,0,0,1,1
0.164,0.407,0.44,0,0,1,1
0.167,0.407,0.44,0,0,1,1
0.17,0.407,0.44,0,0,1,1
0.173,0.407,0.44,0,0,1,1
0.176,0.407,0.44,0,0,1,1
0.179,0.407,0.44,0,0,1,1
0.182,0.407,0.44,0,0,1,1
0.185,0.407,0.44,0,0,1,1
0.188,0.407,0.44,0,0,1,1
0.191,0.407,0.44,0,0,1,1
0.194,0.407,0.44,0,0,1,1
0.197,0.407,0.44,0,0,1,1
0.2,0.407,0.44,0,0,1,1
0.203,0.407,0.44,0,0,1,1
0.206,0.407,0.44,0,0,1,1
0.209,0.407,0.44,0,0,1,1
0.212,0.407,0.44,0,0,1,1
0.215,0.407,0.44,0,0,1,1
0.218,0.407,0.44,0,0,1,1
0.221,0.407,0.44,0,0,1,1
0.224,0.407,0.44,0,0,1,1
0.227,0.407,0.44,0,0,1,1
0.23,0.407,0.44,0,0,1,1
0.233,0.407,0.44,0,0,1,1
0.236,0.407,0.44,0,0,1,1
0.239,0.407,0.44,0,0,1,1
0.242,0.407,0.44,0,0,1,1
0.245,0.407,0.44,0,0,1,1
0.248,0.407,0.44,0,0,1,1
0.251,0.407,0.44,0,0,1,1
0.254,0.407,0.44,0,0,1,1
0.257,0.407,0.44,0,0,1,1
0.26,0.407,0.44,0,0,1,1
0.263,0.407,0.44,0,0,1,1
0.266,0.407,0.44,0,0,1,1
0.269,0.407,0.44,0,0,1,1
0.272,0.407,0.44,0,0,1,1
0.275,0.407,0.44,0,0,1,1
0.278,0.407,0.44,0,0,1,1
0.281,0.407,0.44,0,0,1,1
0.284,0.407,0.44,0,0,1,1
0.287,0.407,0.44,0,0,1,1
0.29,0.407,0.44,0,0,1,1
0.293,0.407,0.44,0,0,1,1
0.296,0.407,0.44,0,0,1,1
0.299,0.407,0.44,0,0,1,1
0.302,0.407,0.44,0,0,1,1
0.305,0.407,0.44,0,0,1,1
0.308,0.407,0.44,0,0,1,1
0.311,0.407,0.44,0,0,1,1
0.314,0.407,0.44,0,0,1,1
0.317,0.407,0.44,0,0,1,1
0.32,0.407,0.44,0,0,1,1
0.323,0.407,0.44,0,0,1,1
0.326,0.407,0.44,0,0,1,1
0.329,0.407,0.44,0,0,1,1
0.332,0.407,0.44,0,0,1,1
0.335,0.407,0.44,0,0,1,1
0.338,0.407,0.44,0,0,1,1
0.341,0.407,0.44,0,0,1,1
0.14,0.404,0.44,0,0,1,1
0.143,0.404,0.44,0,0,1,1
0.146,0.404,0.44,0,0,1,1
0.149,0.404,0.44,0,0,1,1
0.152,0.404,0.44,0,0,1,1
0.155,0.404,0.44,0,0,1,1
0.158,0.404,0.44,0,0,1,1
0.161,0.404,0.44,0,0,1,1
0.164,0.404,0.44,0,0,1,1
0.167,0.404,0.44,0,0,1,1
0.17,0.404,0.44,0,0,1,1
0.173,0.404,0.44,0,0,1,1
0.176,0.404,0.44,0,0,1,1
0.179,0.404,0.44,0,0,1,1
0.182,0.404,0.44,0,0,1,1
0.185,0.404,0.44,0,0,1,1
0.188,0.404,0.44,0,0,1,1
0.191,0.404,0.44,0,0,1,1
0.194,0.404,0.44,0,0,1,1
0.197,0.404,0.44,0,0,1,1
0.2,0.404,0.44,0,0,1,1
0.203,0.404,0.44,0,0,1,1
0.206,0.404,0.44,0,0,1,1
0.209,0.404,0.44,0,0,1,1
0.212,0.404,0.44,0,0,1,1
0.215,0.404,0.44,0,0,1,1
0.218,0.404,0.44,0,0,1,1
0.221,0.404,0.44,0,0,1,1
0.224,0.404,0.44,0,0,1,1
0.227,0.404,0.44,0,0,1,1
0.23,0.404,0.44,0,0,1,1
0.233,0.404,0.44,0,0,1,1
0.236,0.404,0.44,0,0,1,1
0.239,0.404,0.44,0,0,1,1
0.242,0.404,0.44,0,0,1,1
0.245,0.404,0.44,0,0,1,1
0.248,0.404,0.44,0,0,1,1
0.251,0.404,0.44,0,0,1,1
0.254,0.404,0.44,0,0,1,1
0.257,0.404,0.44,0,0,1,1
0.26,0.404,0.44,0,0,1,1
0.263,0.404,0.44,0,0,1,1
0.266,0.404,0.44,0,0,1,1
0.269,0.404,0.44,0,0,1,1
0.272,0.404,0.44,0,0,1,1
0.275,0.404,0.44,0,0,1,1
0.278,0.404,0.44,0,0,1,1
0.281,0.404,0.44,0,0,1,1
0.284,0.404,0.44,0,0,1,1
0.287,0.404,0.44,0,0,1,1
0.29,0.404,0.44,0,0,1,1
0.293,0.404,0.44,0,0,1,1
0.296,0.404,0.44,0,0,1,1
0.299,0.404,0.44,0,0,1,1
0.302,0.404,0.44,0,0,1,1
0.305,0.404,0.44,0,0,1,1
0.308,0.404,0.44,0,0,1,1
0.311,0.404,0.44,0,0,1,1
0.314,0.404,0.44,0,0,1,1
0.317,0.404,0.44,0,0,1,1
0.32,0.404,0.44,0,0,1,1
0.323,0.404,0.44,0,0,1,1
0.326,0.404,0.44,0,0,1,1
0.329,0.404,0.44,0,0,1,1
0.332,0.404,0.44,0,0,1,1
0.335,0.404,0.44,0,0,1,1
0.338,0.404,0.44,0,0,1,1
0.341,0.404,0.44,0,0,1,1
0.14,0.401,0.44,0,0,1,1
0.143,0.401,0.44,0,0,1,1
0.146,0.401,0.44,0,0,1,1
0.149,0.401,0.44,0,0,1,1
0.152,0.401,0.44,0,0,1,1
0.155,0.401,0.44,0,0,1,1
0.158,0.401,0.44,0,0,1,1
0.161,0.401,0.44,0,0,1,1
0.164,0.401,0.44,0,0,1,1
0.167,0.401,0.44,0,0,1,1
0.17,0.401,0.44,0,0,1,1
0.173,0.401,0.44,0,0,1,1
0.176,0.401,0.44,0,0,1,1
0.179,0.401,0.44,0,0,1,1
0.182,0.401,0.44,0,0,1,1
0.185,0.401,0.44,0,0,1,1
0.188,0.401,0.44,0,0,1,1
0.191,0.401,0.44,0,0,1,1
0.194,0.401,0.44,0,0,1,1
0.197,0.401,0.44,0,0,1,1
0.2,0.401,0.44,0,0,1,1
0.203,0.401,0.44,0,0,1,1
0.206,0.401,0.44,0,0,1,1
0.209,0.401,0.44,0,0,1,1
0.212,0.401,0.44,0,0,1,1
0.215,0.401,0.44,0,0,1,1
0.218,0.401,0.44,0,0,1,1
0.221,0.401,0.44,0,0,1,1
0.224,0.401,0.44,0,0,1,1
0.227,0.401,0.44,0,0,1,1
0.23,0.401,0.44,0,0,1,1
0.233,0.401,0.44,0,0,1,1
0.236,0.401,0.44,0,0,1,1
0.239,0.401,0.44,0,0,1,1
0.242,0.401,0.44,0,0,1,1
0.245,0.401,0.44,0,0,1,1
0.248,0.401,0.44,0,0,1,1
0.251,0.401,0.44,0,0,1,1
0.254,0.401,0.44,0,0,1,1
0.257,0.401,0.44,0,0,1,1
0.26,0.401,0.44,0,0,1,1
0.263,0.401,0.44,0,0,1,1
0.266,0.401,0.44,0,0,1,1
0.269,0.401,0.44,0,0,1,1
0.272,0.401,0.44,0,0,1,1
0.275,0.401,0.44,0,0,1,1
0.278,0.401,0.44,0,0,1,1
0.281,0.401,0.44,0,0,1,1
0.284,0.401,0.44,0,0,1,1
0.287,0.401,0.44,0,0,1,1
0.29,0.401,0.44,0,0,1,1
0.293,0.401,0.44,0,0,1,1
0.296,0.401,0.44,0,0,1,1
0.299,0.401,0.44,0,0,1,1
0.302,0.401,0.44,0,0,1,1
0.305,0.401,0.44,0,0,1,1
0.308,0.401,0.44,0,0,1,1
0.311,0.401,0.44,0,0,1,1
0.314,0.401,0.44,0,0,1,1
0.317,0.401,0.44,0,0,1,1
0.32,0.401,0.44,0,0,1,1
0.323,0.401,0.44,0,0,1,1
0.326,0.401,0.44,0,0,1,1
0.329,0.401,0.44,0,0,1,1
0.332,0.401,0.44,0,0,1,1
0.335,0.401,0.44,0,0,1,1
0.338,0.401,0.44,0,0,1,1
0.341,0.401,0.44,0,0,1,1
0.14,0.398,0.44,0,0,1,1
0.143,0.398,0.44,0,0,1,1
0.146,0.398,0.44,0,0,1,1
0.149,0.398,0.44,0,0,1,1
0.152,0.398,0.44,0,0,1,1
0.155,0.398,0.44,0,0,1,1
0.158,0.398,0.44,0,0,1,1
0.161,0.398,0.44,0,0,1,1
0.164,0.398,0.44,0,0,1,1
0.167,0.398,0.44,0,0,1,1
0.17,0.398,0.44,0,0,1,1
0.173,0.398,0.44,0,0,1,1
0.176,0.398,0.44,0,0,1,1
0.179,0.398,0.44,0,0,1,1
0.182,0.398,0.44,0,0,1,1
0.185,0.398,0.44,0,0,1,1
0.188,0.398,0.44,0,0,1,1
0.191,0.398,0.44,0,0,1,1
0.194,0.398,0.44,0,0,1,1
0.197,0.398,0.44,0,0,1,1
0.2,0.398,0.44,0,0,1,1
0.203,0.398,0.44,0,0,1,1
0.206,0.398,0.44,0,0,1,1
0.209,0.398,0.44,0,0,1,1
0.212,0.398,0.44,0,0,1,1
0.215,0.398,0.44,0,0,1,1
0.218,0.398,0.44,0,0,1,1
0.221,0.398,0.44,0,0,1,1
0.224,0.398,0.44,0,0,1,1
0.227,0.398,0.44,0,0,1,1
0.23,0.398,0.44,0,0,1,1
0.233,0.398,0.44,0,0,1,1
0.236,0.398,0.44,0,0,1,1
0.239,0.398,0.44,0,0,1,1
0.242,0.398,0.44,0,0,1,1
0.245,0.398,0.44,0,0,1,1
0.248,0.398,0.44,0,0,1,1
0.251,0.398,0.44,0,0,1,1
0.254,0.398,0.44,0,0,1,1
0.257,0.398,0.44,0,0,1,1
0.26,0.398,0.44,0,0,1,1
0.263,0.398,0.44,0,0,1,1
0.266,0.398,0.44,0,0,1,1
0.269,0.398,0.44,0,0,1,1
0.272,0.398,0.44,0,0,1,1
0.275,0.398,0.44,0,0,1,1
0.278,0.398,0.44,0,0,1,1
0.281,0.398,0.44,0,0,1,1
0.284,0.398,0.44,0,0,1,1
0.287,0.398,0.44,0,0,1,1
0.29,0.398,0.44,0,0,1,1
0.293,0.398,0.44,0,0,1,1
0.296,0.398,0.44,0,0,1,1
0.299,0.398,0.44,0,0,1,1
0.302,0.398,0.44,0,0,1,1
0.305,0.398,0.44,0,0,1,1
0.308,0.398,0.44,0,0,1,1
0.311,0.398,0.44,0,0,1,1
0.314,0.398,0.44,0,0,1,1
0.317,0.398,0.44,0,0,1,1
0.32,0.398,0.44,0,0,1,1
0.323,0.398,0.44,0,0,1,1
0.326,0.398,0.44,0,0,1,1
0.329,0.398,0.44,0,0,1,1
0.332,0.398,0.44,0,0,1,1
0.335,0.398,0.44,0,0,1,1
0.338,0.398,0.44,0,0,1,1
0.341,0.398,0.44,0,0,1,1
0.14,0.395,0.44,0,0,1,1
0.143,0.395,0.44,0,0,1,1
0.146,0.395,0.44,0,0,1,1
0.149,0.395,0.44,0,0,1,1
0.152,0.395,0.44,0,0,1,1
0.155,0.395,0.44,0,0,1,1
0.158,0.395,0.44,0,0,1,1
0.161,0.395,0.44,0,0,1,1
0.164,0.395,0.44,0,0,1,1
0.167,0.395,0.44,0,0,1,1
0.17,0.395,0.44,0,0,1,1
0.173,0.395,0.44,0,0,1,1
0.176,0.395,0.44,0,0,1,1
0.179,0.395,0.44,0,0,1,1
0.182,0.395,0.44,0,0,1,1
0.185,0.395,0.44,0,0,1,1
0.188,0.395,0.44,0,0,1,1
0.191,0.395,0.44,0,0,1,1
0.194,0.395,0.44,0,0,1,1
0.197,0.395,0.44,0,0,1,1
0.2,0.395,0.44,0,0,1,1
0.203,0.395,0.44,0,0,1,1
0.206,0.395,0.44,0,0,1,1
0.209,0.395,0.44,0,0,1,1
0.212,0.395,0.44,0,0,1,1
0.215,0.395,0.44,0,0,1,1
0.218,0.395,0.44,0,0,1,1
0.221,0.395,0.44,0,0,1,1
0.224,0.395,0.44,0,0,1,1
0.227,0.395,0.44,0,0,1,1
0.23,0.395,0.44,0,0,1,1
0.233,0.395,0.44,0,0,1,1
0.236,0.395,0.44,0,0,1,1
0.239,0.395,0.44,0,0,1,1
0.242,0.395,0.44,0,0,1,1
0.245,0.395,0.44,0,0,1,1
0.248,0.395,0.44,0,0,1,1
0.251,0.395,0.44,0,0,1,1
0.254,0.395,0.44,0,0,1,1
0.257,0.395,0.44,0,0,1,1
0.26,0.395,0.44,0,0,1,1
0.263,0.395,0.44,0,0,1,1
0.266,0.395,0.44,0,0,1,1
0.269,0.395,0.44,0,0,1,1
0.272,0.395,0.44,0,0,1,1
0.275,0.395,0.44,0,0,1,1
0.278,0.395,0.44,0,0,1,1
0.281,0.395,0.44,0,0,1,1
0.284,0.395,0.44,0,0,1,1
0.287,0.395,0.44,0,0,1,1
0.29,0.395,0.44,0,0,1,1
0.293,0.395,0.44,0,0,1,1
0.296,0.395,0.44,0,0,1,1
0.299,0.395,0.44,0,0,1,1
0.302,0.395,0.44,0,0,1,1
0.305,0.395,0.44,0,0,1,1
0.308,0.395,0.44,0,0,1,1
0.311,0.395,0.44,0,0,1,1
0.314,0.395,0.44,0,0,1,1
0.317,0.395,0.44,0,0,1,1
0.32,0.395,0.44,0,0,1,1
0.323,0.395,0.44,0,0,1,1
0.326,0.395,0.44,0,0,1,1
0.329,0.395,0.44,0,0,1,1
0.332,0.395,0.44,0,0,1,1
0.335,0.395,0.44,0,0,1,1
0.338,0.395,0.44,0,0,1,1
0.341,0.395,0.44,0,0,1,1
0.14,0.392,0.44,0,0,1,1
0.143,0.392,0.44,0,0,1,1
0.146,0.392,0.44,0,0,1,1
0.149,0.392,0.44,0,0,1,1
0.152,0.392,0.44,0,0,1,1
0.155,0.392,0.44,0,0,1,1
0.158,0.392,0.44,0,0,1,1
0.161,0.392,0.44,0,0,1,1
0.164,0.392,0.44,0,0,1,1
0.167,0.392,0.44,0,0,1,1
0.17,0.392,0.44,0,0,1,1
0.173,0.392,0.44,0,0,1,1
0.176,0.392,0.44,0,0,1,1
0.179,0.392,0.44,0,0,1,1
0.182,0.392,0.44,0,0,1,1
0.185,0.392,0.44,0,0,1,1
0.188,0.392,0.44,0,0,1,1
0.191,0.392,0.44,0,0,1,1
0.194,0.392,0.44,0,0,1,1
0.197,0.392,0.44,0,0,1,1
0.2,0.392,0.44,0,0,1,1
0.203,0.392,0.44,0,0,1,1
0.206,0.392,0.44,0,0,1,1
0.209,0.392,0.44,0,0,1,1
0.212,0.392,0.44,0,0,1,1
0.215,0.392,0.44,0,0,1,1
0.218,0.392,0.44,0,0,1,1
0.221,0.392,0.44,0,0,1,1
0.224,0.392,0.44,0,0,1,1
0.227,0.392,0.44,0,0,1,1
0.23,0.392,0.44,0,0,1,1
0.233,0.392,0.44,0,0,1,1
0.236,0.392,0.44,0,0,1,1
0.239,0.392,0.44,0,0,1,1
0.242,0.392,0.44,0,0,1,1
0.245,0.392,0.44,0,0,1,1
0.248,0.392,0.44,0,0,1,1
0.251,0.392,0.44,0,0,1,1
0.254,0.392,0.44,0,0,1,1
0.257,0.392,0.44,0,0,1,1
0.26,0.392,0.44,0,0,1,1
0.263,0.392,0.44,0,0,1,1
0.266,0.392,0.44,0,0,1,1
0.269,0.392,0.44,0,0,1,1
0.272,0.392,0.44,0,0,1,1
0.275,0.392,0.44,0,0,1,1
0.278,0.392,0.44,0,0,1,1
0.281,0.392,0.44,0,0,1,1
0.284,0.392,0.44,0,0,1,1
0.287,0.392,0.44,0,0,1,1
0.29,0.392,0.44,0,0,1,1
0.293,0.392,0.44,0,0,1,1
0.296,0.392,0.44,0,0,1,1
0.299,0.392,0.44,0,0,1,1
0.302,0.392,0.44,0,0,1,1
0.305,0.392,0.44,0,0,1,1
0.308,0.392,0.44,0,0,1,1
0.311,0.392,0.44,0,0,1,1
0.314,0.392,0.44,0,0,1,1
0.317,0.392,0.44,0,0,1,1
0.32,0.392,0.44,0,0,1,1
0.323,0.392,0.44,0,0,1,1
0.326,0.392,0.44,0,0,1,1
0.329,0.392,0.44,0,0,1,1
0.332,0.392,0.44,0,0,1,1
0.335,0.392,0.44,0,0,1,1
0.338,0.392,0.44,0,0,1,1
0.341,0.392,0.44,0,0,1,1
0.14,0.389,0.44,0,0,1,1
0.143,0.389,0.44,0,0,1,1
0.146,0.389,0.44,0,0,1,1
0.149,0.389,0.44,0,0,1,1
0.152,0.389,0.44,0,0,1,1
0.155,0.389,0.44,0,0,1,1
0.158,0.389,0.44,0,0,1,1
0.161,0.389,0.44,0,0,1,1
0.164,0.389,0.44,0,0,1,1
0.167,0.389,0.44,0,0,1,1
0.17,0.389,0.44,0,0,1,1
0.173,0.389,0.44,0,0,1,1
0.176,0.389,0.44,0,0,1,1
0.179,0.389,0.44,0,0,1,1
0.182,0.389,0.44,0,0,1,1
0.185,0.389,0.44,0,0,1,1
0.188,0.389,0.44,0,0,1,1
0.191,0.389,0.44,0,0,1,1
0.194,0.389,0.44,0,0,1,1
0.197,0.389,0.44,0,0,1,1
0.2,0.389,0.44,0,0,1,1
0.203,0.389,0.44,0,0,1,1
0.206,0.389,0.44,0,0,1,1
0.209,0.389,0.44,0,0,1,1
0.212,0.389,0.44,0,0,1,1
0.215,0.389,0.44,0,0,1,1
0.218,0.389,0.44,0,0,1,1
0.221,0.389,0.44,0,0,1,1
0.224,0.389,0.44,0,0,1,1
0.227,0.389,0.44,0,0,1,1
0.23,0.389,0.44,0,0,1,1
0.233,0.389,0.44,0,0,1,1
0.236,0.389,0.44,0,0,1,1
0.239,0.389,0.44,0,0,1,1
0.242,0.389,0.44,0,0,1,1
0.245,0.389,0.44,0,0,1,1
0.248,0.389,0.44,0,0,1,1
0.251,0.389,0.44,0,0,1,1
0.254,0.389,0.44,0,0,1,1
0.257,0.389,0.44,0,0,1,1
0.26,0.389,0.44,0,0,1,1
0.263,0.389,0.44,0,0,1,1
0.266,0.389,0.44,0,0,1,1
0.269,0.389,0.44,0,0,1,1
0.272,0.389,0.44,0,0,1,1
0.275,0.389,0.44,0,0,1,1
0.278,0.389,0.44,0,0,1,1
0.281,0.389,0.44,0,0,1,1
0.284,0.389,0.44,0,0,1,1
0.287,0.389,0.44,0,0,1,1
0.29,0.389,0.44,0,0,1,1
0.293,0.389,0.44,0,0,1,1
0.296,0.389,0.44,0,0,1,1
0.299,0.389,0.44,0,0,1,1
0.302,0.389,0.44,0,0,1,1
0.305,0.389,0.44,0,0,1,1
0.308,0.389,0.44,0,0,1,1
0.311,0.389,0.44,0,0,1,1
0.314,0.389,0.44,0,0,1,1
0.317,0.389,0.44,0,0,1,1
0.32,0.389,0.44,0,0,1,1
0.323,0.389,0.44,0,0,1,1
0.326,0.389,0.44,0,0,1,1
0.329,0.389,0.44,0,0,1,1
0.332,0.389,0.44,0,0,1,1
0.335,0.389,0.44,0,0,1,1
0.338,0.389,0.44,0,0,1,1
0.341,0.389,0.44,0,0,1,1
0.14,0.386,0.44,0,0,1,1
0.143,0.386,0.44,0,0,1,1
0.146,0.386,0.44,0,0,1,1
0.149,0.386,0.44,0,0,1,1
0.152,0.386,0.44,0,0,1,1
0.155,0.386,0.44,0,0,1,1
0.158,0.386,0.44,0,0,1,1
0.161,0.386,0.44,0,0,1,1
0.164,0.386,0.44,0,0,1,1
0.167,0.386,0.44,0,0,1,1
0.17,0.386,0.44,0,0,1,1
0.173,0.386,0.44,0,0,1,1
0.176,0.386,0.44,0,0,1,1
0.179,0.386,0.44,0,0,1,1
0.182,0.386,0.44,0,0,1,1
0.185,0.386,0.44,0,0,1,1
0.188,0.386,0.44,0,0,1,1
0.191,0.386,0.44,0,0,1,1
0.194,0.386,0.44,0,0,1,1
0.197,0.386,0.44,0,0,1,1
0.2,0.386,0.44,0,0,1,1
0.203,0.386,0.44,0,0,1,1
0.206,0.386,0.44,0,0,1,1
0.209,0.386,0.44,0,0,1,1
0.212,0.386,0.44,0,0,1,1
0.215,0.386,0.44,0,0,1,1
0.218,0.386,0.44,0,0,1,1
0.221,0.386,0.44,0,0,1,1
0.224,0.386,0.44,0,0,1,1
0.227,0.386,0.44,0,0,1,1
0.23,0.386,0.44,0,0,1,1
0.233,0.386,0.44,0,0,1,1
0.236,0.386,0.44,0,0,1,1
0.239,0.386,0.44,0,0,1,1
0.242,0.386,0.44,0,0,1,1
0.245,0.386,0.44,0,0,1,1
0.248,0.386,0.44,0,0,1,1
0.251,0.386,0.44,0,0,1,1
0.254,0.386,0.44,0,0,1,1
0.257,0.386,0.44,0,0,1,1
0.26,0.386,0.44,0,0,1,1
0.263,0.386,0.44,0,0,1,1
0.266,0.386,0.44,0,0,1,1
0.269,0.386,0.44,0,0,1,1
0.272,0.386,0.44,0,0,1,1
0.275,0.386,0.44,0,0,1,1
0.278,0.386,0.44,0,0,1,1
0.281,0.386,0.44,0,0,1,1
0.284,0.386,0.44,0,0,1,1
0.287,0.386,0.44,0,0,1,1
0.29,0.386,0.44,0,0,1,1
0.293,0.386,0.44,0,0,1,1
0.296,0.386,0.44,0,0,1,1
0.299,0.386,0.44,0,0,1,1
0.302,0.386,0.44,0,0,1,1
0.305,0.386,0.44,0,0,1,1
0.308,0.386,0.44,0,0,1,1
0.311,0.386,0.44,0,0,1,1
0.314,0.386,0.44,0,0,1,1
0.317,0.386,0.44,0,0,1,1
0.32,0.386,0.44,0,0,1,1
0.323,0.386,0.44,0,0,1,1
0.326,0.386,0.44,0,0,1,1
0.329,0.386,0.44,0,0,1,1
0.332,0.386,0.44,0,0,1,1
0.335,0.386,0.44,0,0,1,1
0.338,0.386,0.44,0,0,1,1
0.341,0.386,0.44,0,0,1,1
0.14,0.383,0.44,0,0,1,1
0.143,0.383,0.44,0,0,1,1
0.146,0.383,0.44,0,0,1,1
0.149,0.383,0.44,0,0,1,1
0.152,0.383,0.44,0,0,1,1
0.155,0.383,0.44,0,0,1,1
0.158,0.383,0.44,0,0,1,1
0.161,0.383,0.44,0,0,1,1
0.164,0.383,0.44,0,0,1,1
0.167,0.383,0.44,0,0,1,1
0.17,0.383,0.44,0,0,1,1
0.173,0.383,0.44,0,0,1,1
0.176,0.383,0.44,0,0,1,1
0.179,0.383,0.44,0,0,1,1
0.182,0.383,0.44,0,0,1,1
0.185,0.383,0.44,0,0,1,1
0.188,0.383,0.44,0,0,1,1
0.191,0.383,0.44,0,0,1,1
0.194,0.383,0.44,0,0,1,1
0.197,0.383,0.44,0,0,1,1
0.2,0.383,0.44,0,0,1,1
0.203,0.383,0.44,0,0,1,1
0.206,0.383,0.44,0,0,1,1
0.209,0.383,0.44,0,0,1,1
0.212,0.383,0.44,0,0,1,1
0.215,0.383,0.44,0,0,1,1
0.218,0.383,0.44,0,0,1,1
0.221,0.383,0.44,0,0,1,1
0.224,0.383,0.44,0,0,1,1
0.227,0.383,0.44,0,0,1,1
0.23,0.383,0.44,0,0,1,1
0.233,0.383,0.44,0,0,1,1
0.236,0.383,0.44,0,0,1,1
0.239,0.383,0.44,0,0,1,1
0.242,0.383,0.44,0,0,1,1
0.245,0.383,0.44,0,0,1,1
0.248,0.383,0.44,0,0,1,1
0.251,0.383,0.44,0,0,1,1
0.254,0.383,0.44,0,0,1,1
0.257,0.383,0.44,0,0,1,1
0.26,0.383,0.44,0,0,1,1
0.263,0.383,0.44,0,0,1,1
0.266,0.383,0.44,0,0,1,1
0.269,0.383,0.44,0,0,1,1
0.272,0.383,0.44,0,0,1,1
0.275,0.383,0.44,0,0,1,1
0.278,0.383,0.44,0,0,1,1
0.281,0.383,0.44,0,0,1,1
0.284,0.383,0.44,0,0,1,1
0.287,0.383,0.44,0,0,1,1
0.29,0.383,0.44,0,0,1,1
0.293,0.383,0.44,0,0,1,1
0.296,0.383,0.44,0,0,1,1
0.299,0.383,0.44,0,0,1,1
0.302,0.383,0.44,0,0,1,1
0.305,0.383,0.44,0,0,1,1
0.308,0.383,0.44,0,0,1,1
0.311,0.383,0.44,0,0,1,1
0.314,0.383,0.44,0,0,1,1
0.317,0.383,0.44,0,0,1,1
0.32,0.383,0.44,0,0,1,1
0.323,0.383,0.44,0,0,1,1
0.326,0.383,0.44,0,0,1,1
0.329,0.383,0.44,0,0,1,1
0.332,0.383,0.44,0,0,1,1
0.335,0.383,0.44,0,0,1,1
0.338,0.383,0.44,0,0,1,1
0.341,0.383,0.44,0,0,1,1
0.14,0.38,0.44,0,0,1,1
0.143,0.38,0.44,0,0,1,1
0.146,0.38,0.44,0,0,1,1
0.149,0.38,0.44,0,0,1,1
0.152,0.38,0.44,0,0,1,1
0.155,0.38,0.44,0,0,1,1
0.158,0.38,0.44,0,0,1,1
0.161,0.38,0.44,0,0,1,1
0.164,0.38,0.44,0,0,1,1
0.167,0.38,0.44,0,0,1,1
0.17,0.38,0.44,0,0,1,1
0.173,0.38,0.44,0,0,1,1
0.176,0.38,0.44,0,0,1,1
0.179,0.38,0.44,0,0,1,1
0.182,0.38,0.44,0,0,1,1
0.185,0.38,0.44,0,0,1,1
0.188,0.38,0.44,0,0,1,1
0.191,0.38,0.44,0,0,1,1
0.194,0.38,0.44,0,0,1,1
0.197,0.38,0.44,0,0,1,1
0.2,0.38,0.44,0,0,1,1
0.203,0.38,0.44,0,0,1,1
0.206,0.38,0.44,0,0,1,1
0.209,0.38,0.44,0,0,1,1
0.212,0.38,0.44,0,0,1,1
0.215,0.38,0.44,0,0,1,1
0.218,0.38,0.44,0,0,1,1
0.221,0.38,0.44,0,0,1,1
0.224,0.38,0.44,0,0,1,1
0.227,0.38,0.44,0,0,1,1
0.23,0.38,0.44,0,0,1,1
0.233,0.38,0.44,0,0,1,1
0.236,0.38,0.44,0,0,1,1
0.239,0.38,0.44,0,0,1,1
0.242,0.38,0.44,0,0,1,1
0.245,0.38,0.44,0,0,1,1
0.248,0.38,0.44,0,0,1,1
0.251,0.38,0.44,0,0,1,1
0.254,0.38,0.44,0,0,1,1
0.257,0.38,0.44,0,0,1,1
0.26,0.38,0.44,0,0,1,1
0.263,0.38,0.44,0,0,1,1
0.266,0.38,0.44,0,0,1,1
0.269,0.38,0.44,0,0,1,1
0.272,0.38,0.44,0,0,1,1
0.275,0.38,0.44,0,0,1,1
0.278,0.38,0.44,0,0,1,1
0.281,0.38,0.44,0,0,1,1
0.284,0.38,0.44,0,0,1,1
0.287,0.38,0.44,0,0,1,1
0.29,0.38,0.44,0,0,1,1
0.293,0.38,0.44,0,0,1,1
0.296,0.38,0.44,0,0,1,1
0.299,0.38,0.44,0,0,1,1
0.302,0.38,0.44,0,0,1,1
0.305,0.38,0.44,0,0,1,1
0.308,0.38,0.44,0,0,1,1
0.311,0.38,0.44,0,0,1,1
0.314,0.38,0.44,0,0,1,1
0.317,0.38,0.44,0,0,1,1
0.32,0.38,0.44,0,0,1,1
0.323,0.38,0.44,0,0,1,1
0.326,0.38,0.44,0,0,1,1
0.329,0.38,0.44,0,0,1,1
0.332,0.38,0.44,0,0,1,1
0.335,0.38,0.44,0,0,1,1
0.338,0.38,0.44,0,0,1,1
0.341,0.38,0.44,0,0,1,1
0.14,0.377,0.44,0,0,1,1
0.143,0.377,0.44,0,0,1,1
0.146,0.377,0.44,0,0,1,1
0.149,0.377,0.44,0,0,1,1
0.152,0.377,0.44,0,0,1,1
0.155,0.377,0.44,0,0,1,1
0.158,0.377,0.44,0,0,1,1
0.161,0.377,0.44,0,0,1,1
0.164,0.377,0.44,0,0,1,1
0.167,0.377,0.44,0,0,1,1
0.17,0.377,0.44,0,0,1,1
0.173,0.377,0.44,0,0,1,1
0.176,0.377,0.44,0,0,1,1
0.179,0.377,0.44,0,0,1,1
0.182,0.377,0.44,0,0,1,1
0.185,0.377,0.44,0,0,1,1
0.188,0.377,0.44,0,0,1,1
0.191,0.377,0.44,0,0,1,1
0.194,0.377,0.44,0,0,1,1
0.197,0.377,0.44,0,0,1,1
0.2,0.377,0.44,0,0,1,1
0.203,0.377,0.44,0,0,1,1
0.206,0.377,0.44,0,0,1,1
0.209,0.377,0.44,0,0,1,1
0.212,0.377,0.44,0,0,1,1
0.215,0.377,0.44,0,0,1,1
0.218,0.377,0.44,0,0,1,1
0.221,0.377,0.44,0,0,1,1
0.224,0.377,0.44,0,0,1,1
0.227,0.377,0.44,0,0,1,1
0.23,0.377,0.44,0,0,1,1
0.233,0.377,0.44,0,0,1,1
0.236,0.377,0.44,0,0,1,1
0.239,0.377,0.44,0,0,1,1
0.242,0.377,0.44,0,0,1,1
0.245,0.377,0.44,0,0,1,1
0.248,0.377,0.44,0,0,1,1
0.251,0.377,0.44,0,0,1,1
0.254,0.377,0.44,0,0,1,1
0.257,0.377,0.44,0,0,1,1
0.26,0.377,0.44,0,0,1,1
0.263,0.377,0.44,0,0,1,1
0.266,0.377,0.44,0,0,1,1
0.269,0.377,0.44,0,0,1,1
0.272,0.377,0.44,0,0,1,1
0.275,0.377,0.44,0,0,1,1
0.278,0.377,0.44,0,0,1,1
0.281,0.377,0.44,0,0,1,1
0.284,0.377,0.44,0,0,1,1
0.287,0.377,0.44,0,0,1,1
0.29,0.377,0.44,0,0,1,1
0.293,0.377,0.44,0,0,1,1
0.296,0.377,0.44,0,0,1,1
0.299,0.377,0.44,0,0,1,1
0.302,0.377,0.44,0,0,1,1
0.305,0.377,0.44,0,0,1,1
0.308,0.377,0.44,0,0,1,1
0.311,0.377,0.44,0,0,1,1
0.314,0.377,0.44,0,0,1,1
0.317,0.377,0.44,0,0,1,1
0.32,0.377,0.44,0,0,1,1
0.323,0.377,0.44,0,0,1,1
0.326,0.377,0.44,0,0,1,1
0.329,0.377,0.44,0,0,1,1
0.332,0.377,0.44,0,0,1,1
0.335,0.377,0.44,0,0,1,1
0.338,0.377,0.44,0,0,1,1
0.341,0.377,0.44,0,0,1,1
0.14,0.374,0.44,0,0,1,1
0.143,0.374,0.44,0,0,1,1
0.146,0.374,0.44,0,0,1,1
0.149,0.374,0.44,0,0,1,1
0.152,0.374,0.44,0,0,1,1
0.155,0.374,0.44,0,0,1,1
0.158,0.374,0.44,0,0,1,1
0.161,0.374,0.44,0,0,1,1
0.164,0.374,0.44,0,0,1,1
0.167,0.374,0.44,0,0,1,1
0.17,0.374,0.44,0,0,1,1
0.173,0.374,0.44,0,0,1,1
0.176,0.374,0.44,0,0,1,1
0.179,0.374,0.44,0,0,1,1
0.182,0.374,0.44,0,0,1,1
0.185,0.374,0.44,0,0,1,1
0.188,0.374,0.44,0,0,1,1
0.191,0.374,0.44,0,0,1,1
0.194,0.374,0.44,0,0,1,1
0.197,0.374,0.44,0,0,1,1
0.2,0.374,0.44,0,0,1,1
0.203,0.374,0.44,0,0,1,1
0.206,0.374,0.44,0,0,1,1
0.209,0.374,0.44,0,0,1,1
0.212,0.374,0.44,0,0,1,1
0.215,0.374,0.44,0,0,1,1
0.218,0.374,0.44,0,0,1,1
0.221,0.374,0.44,0,0,1,1
0.224,0.374,0.44,0,0,1,1
0.227,0.374,0.44,0,0,1,1
0.23,0.374,0.44,0,0,1,1
0.233,0.374,0.44,0,0,1,1
0.236,0.374,0.44,0,0,1,1
0.239,0.374,0.44,0,0,1,1
0.242,0.374,0.44,0,0,1,1
0.245,0.374,0.44,0,0,1,1
0.248,0.374,0.44,0,0,1,1
0.251,0.374,0.44,0,0,1,1
0.254,0.374,0.44,0,0,1,1
0.257,0.374,0.44,0,0,1,1
0.26,0.374,0.44,0,0,1,1
0.263,0.374,0.44,0,0,1,1
0.266,0.374,0.44,0,0,1,1
0.269,0.374,0.44,0,0,1,1
0.272,0.374,0.44,0,0,1,1
0.275,0.374,0.44,0,0,1,1
0.278,0.374,0.44,0,0,1,1
0.281,0.374,0.44,0,0,1,1
0.284,0.374,0.44,0,0,1,1
0.287,0.374,0.44,0,0,1,1
0.29,0.374,0.44,0,0,1,1
0.293,0.374,0.44,0,0,1,1
0.296,0.374,0.44,0,0,1,1
0.299,0.374,0.44,0,0,1,1
0.302,0.374,0.44,0,0,1,1
0.305,0.374,0.44,0,0,1,1
0.308,0.374,0.44,0,0,1,1
0.311,0.374,0.44,0,0,1,1
0.314,0.374,0.44,0,0,1,1
0.317,0.374,0.44,0,0,1,1
0.32,0.374,0.44,0,0,1,1
0.323,0.374,0.44,0,0,1,1
0.326,0.374,0.44,0,0,1,1
0.329,0.374,0.44,0,0,1,1
0.332,0.374,0.44,0,0,1,1
0.335,0.374,0.44,0,0,1,1
0.338,0.374,0.44,0,0,1,1
0.341,0.374,0.44,0,0,1,1
0.14,0.371,0.44,0,0,1,1
0.143,0.371,0.44,0,0,1,1
0.146,0.371,0.44,0,0,1,1
0.149,0.371,0.44,0,0,1,1
0.152,0.371,0.44,0,0,1,1
0.155,0.371,0.44,0,0,1,1
0.158,0.371,0.44,0,0,1,1
0.161,0.371,0.44,0,0,1,1
0.164,0.371,0.44,0,0,1,1
0.167,0.371,0.44,0,0,1,1
0.17,0.371,0.44,0,0,1,1
0.173,0.371,0.44,0,0,1,1
0.176,0.371,0.44,0,0,1,1
0.179,0.371,0.44,0,0,1,1
0.182,0.371,0.44,0,0,1,1
0.185,0.371,0.44,0,0,1,1
0.188,0.371,0.44,0,0,1,1
0.191,0.371,0.44,0,0,1,1
0.194,0.371,0.44,0,0,1,1
0.197,0.371,0.44,0,0,1,1
0.2,0.371,0.44,0,0,1,1
0.203,0.371,0.44,0,0,1,1
0.206,0.371,0.44,0,0,1,1
0.209,0.371,0.44,0,0,1,1
0.212,0.371,0.44,0,0,1,1
0.215,0.371,0.44,0,0,1,1
0.218,0.371,0.44,0,0,1,1
0.221,0.371,0.44,0,0,1,1
0.224,0.371,0.44,0,0,1,1
0.227,0.371,0.44,0,0,1,1
0.23,0.371,0.44,0,0,1,1
0.233,0.371,0.44,0,0,1,1
0.236,0.371,0.44,0,0,1,1
0.239,0.371,0.44,0,0,1,1
0.242,0.371,0.44,0,0,1,1
0.245,0.371,0.44,0,0,1,1
0.248,0.371,0.44,0,0,1,1
0.251,0.371,0.44,0,0,1,1
0.254,0.371,0.44,0,0,1,1
0.257,0.371,0.44,0,0,1,1
0.26,0.371,0.44,0,0,1,1
0.263,0.371,0.44,0,0,1,1
0.266,0.371,0.44,0,0,1,1
0.269,0.371,0.44,0,0,1,1
0.272,0.371,0.44,0,0,1,1
0.275,0.371,0.44,0,0,1,1
0.278,0.371,0.44,0,0,1,1
0.281,0.371,0.44,0,0,1,1
0.284,0.371,0.44,0,0,1,1
0.287,0.371,0.44,0,0,1,1
0.29,0.371,0.44,0,0,1,1
0.293,0.371,0.44,0,0,1,1
0.296,0.371,0.44,0,0,1,1
0.299,0.371,0.44,0,0,1,1
0.302,0.371,0.44,0,0,1,1
0.305,0.371,0.44,0,0,1,1
0.308,0.371,0.44,0,0,1,1
0.311,0.371,0.44,0,0,1,1
0.314,0.371,0.44,0,0,1,1
0.317,0.371,0.44,0,0,1,1
0.32,0.371,0.44,0,0,1,1
0.323,0.371,0.44,0,0,1,1
0.326,0.371,0.44,0,0,1,1
0.329,0.371,0.44,0,0,1,1
0.332,0.371,0.44,0,0,1,1
0.335,0.371,0.44,0,0,1,1
0.338,0.371,0.44,0,0,1,1
0.341,0.371,0.44,0,0,1,1
0.14,0.368,0.44,0,0,1,1
0.143,0.368,0.44,0,0,1,1
0.146,0.368,0.44,0,0,1,1
0.149,0.368,0.44,0,0,1,1
0.152,0.368,0.44,0,0,1,1
0.155,0.368,0.44,0,0,1,1
0.158,0.368,0.44,0,0,1,1
0.161,0.368,0.44,0,0,1,1
0.164,0.368,0.44,0,0,1,1
0.167,0.368,0.44,0,0,1,1
0.17,0.368,0.44,0,0,1,1
0.173,0.368,0.44,0,0,1,1
0.176,0.368,0.44,0,0,1,1
0.179,0.368,0.44,0,0,1,1
0.182,0.368,0.44,0,0,1,1
0.185,0.368,0.44,0,0,1,1
0.188,0.368,0.44,0,0,1,1
0.191,0.368,0.44,0,0,1,1
0.194,0.368,0.44,0,0,1,1
0.197,0.368,0.44,0,0,1,1
0.2,0.368,0.44,0,0,1,1
0.203,0.368,0.44,0,0,1,1
0.206,0.368,0.44,0,0,1,1
0.209,0.368,0.44,0,0,1,1
0.212,0.368,0.44,0,0,1,1
0.215,0.368,0.44,0,0,1,1
0.218,0.368,0.44,0,0,1,1
0.221,0.368,0.44,0,0,1,1
0.224,0.368,0.44,0,0,1,1
0.227,0.368,0.44,0,0,1,1
0.23,0.368,0.44,0,0,1,1
0.233,0.368,0.44,0,0,1,1
0.236,0.368,0.44,0,0,1,1
0.239,0.368,0.44,0,0,1,1
0.242,0.368,0.44,0,0,1,1
0.245,0.368,0.44,0,0,1,1
0.248,0.368,0.44,0,0,1,1
0.251,0.368,0.44,0,0,1,1
0.254,0.368,0.44,0,0,1,1
0.257,0.368,0.44,0,0,1,1
0.26,0.368,0.44,0,0,1,1
0.263,0.368,0.44,0,0,1,1
0.266,0.368,0.44,0,0,1,1
0.269,0.368,0.44,0,0,1,1
0.272,0.368,0.44,0,0,1,1
0.275,0.368,0.44,0,0,1,1
0.278,0.368,0.44,0,0,1,1
0.281,0.368,0.44,0,0,1,1
0.284,0.368,0.44,0,0,1,1
0.287,0.368,0.44,0,0,1,1
0.29,0.368,0.44,0,0,1,1
0.293,0.368,0.44,0,0,1,1
0.296,0.368,0.44,0,0,1,1
0.299,0.368,0.44,0,0,1,1
0.302,0.368,0.44,0,0,1,1
0.305,0.368,0.44,0,0,1,1
0.308,0.368,0.44,0,0,1,1
0.311,0.368,0.44,0,0,1,1
0.314,0.368,0.44,0,0,1,1
0.317,0.368,0.44,0,0,1,1
0.32,0.368,0.44,0,0,1,1
0.323,0.368,0.44,0,0,1,1
0.326,0.368,0.44,0,0,1,1
0.329,0.368,0.44,0,0,1,1
0.332,0.368,0.44,0,0,1,1
0.335,0.368,0.44,0,0,1,1
0.338,0.368,0.44,0,0,1,1
0.341,0.368,0.44,0,0,1,1
0.14,0.365,0.44,0,0,1,1
0.143,0.365,0.44,0,0,1,1
0.146,0.365,0.44,0,0,1,1
0.149,0.365,0.44,0,0,1,1
0.152,0.365,0.44,0,0,1,1
0.155,0.365,0.44,0,0,1,1
0.158,0.365,0.44,0,0,1,1
0.161,0.365,0.44,0,0,1,1
0.164,0.365,0.44,0,0,1,1
0.167,0.365,0.44,0,0,1,1
0.17,0.365,0.44,0,0,1,1
0.173,0.365,0.44,0,0,1,1
0.176,0.365,0.44,0,0,1,1
0.179,0.365,0.44,0,0,1,1
0.182,0.365,0.44,0,0,1,1
0.185,0.365,0.44,0,0,1,1
0.188,0.365,0.44,0,0,1,1
0.191,0.365,0.44,0,0,1,1
0.194,0.365,0.44,0,0,1,1
0.197,0.365,0.44,0,0,1,1
0.2,0.365,0.44,0,0,1,1
0.203,0.365,0.44,0,0,1,1
0.206,0.365,0.44,0,0,1,1
0.209,0.365,0.44,0,0,1,1
0.212,0.365,0.44,0,0,1,1
0.215,0.365,0.44,0,0,1,1
0.218,0.365,0.44,0,0,1,1
0.221,0.365,0.44,0,0,1,1
0.224,0.365,0.44,0,0,1,1
0.227,0.365,0.44,0,0,1,1
0.23,0.365,0.44,0,0,1,1
0.233,0.365,0.44,0,0,1,1
0.236,0.365,0.44,0,0,1,1
0.239,0.365,0.44,0,0,1,1
0.242,0.365,0.44,0,0,1,1
0.245,0.365,0.44,0,0,1,1
0.248,0.365,0.44,0,0,1,1
0.251,0.365,0.44,0,0,1,1
0.254,0.365,0.44,0,0,1,1
0.257,0.365,0.44,0,0,1,1
0.26,0.365,0.44,0,0,1,1
0.263,0.365,0.44,0,0,1,1
0.266,0.365,0.44,0,0,1,1
0.269,0.365,0.44,0,0,1,1
0.272,0.365,0.44,0,0,1,1
0.275,0.365,0.44,0,0,1,1
0.278,0.365,0.44,0,0,1,1
0.281,0.365,0.44,0,0,1,1
0.284,0.365,0.44,0,0,1,1
0.287,0.365,0.44,0,0,1,1
0.29,0.365,0.44,0,0,1,1
0.293,0.365,0.44,0,0,1,1
0.296,0.365,0.44,0,0,1,1
0.299,0.365,0.44,0,0,1,1
0.302,0.365,0.44,0,0,1,1
0.305,0.365,0.44,0,0,1,1
0.308,0.365,0.44,0,0,1,1
0.311,0.365,0.44,0,0,1,1
0.314,0.365,0.44,0,0,1,1
0.317,0.365,0.44,0,0,1,1
0.32,0.365,0.44,0,0,1,1
0.323,0.365,0.44,0,0,1,1
0.326,0.365,0.44,0,0,1,1
0.329,0.365,0.44,0,0,1,1
0.332,0.365,0.44,0,0,1,1
0.335,0.365,0.44,0,0,1,1
0.338,0.365,0.44,0,0,1,1
0.341,0.365,0.44,0,0,1,1
0.14,0.362,0.44,0,0,1,1
0.143,0.362,0.44,0,0,1,1
0.146,0.362,0.44,0,0,1,1
0.149,0.362,0.44,0,0,1,1
0.152,0.362,0.44,0,0,1,1
0.155,0.362,0.44,0,0,1,1
0.158,0.362,0.44,0,0,1,1
0.161,0.362,0.44,0,0,1,1
0.164,0.362,0.44,0,0,1,1
0.167,0.362,0.44,0,0,1,1
0.17,0.362,0.44,0,0,1,1
0.173,0.362,0.44,0,0,1,1
0.176,0.362,0.44,0,0,1,1
0.179,0.362,0.44,0,0,1,1
0.182,0.362,0.44,0,0,1,1
0.185,0.362,0.44,0,0,1,1
0.188,0.362,0.44,0,0,1,1
0.191,0.362,0.44,0,0,1,1
0.194,0.362,0.44,0,0,1,1
0.197,0.362,0.44,0,0,1,1
0.2,0.362,0.44,0,0,1,1
0.203,0.362,0.44,0,0,1,1
0.206,0.362,0.44,0,0,1,1
0.209,0.362,0.44,0,0,1,1
0.212,0.362,0.44,0,0,1,1
0.215,0.362,0.44,0,0,1,1
0.218,0.362,0.44,0,0,1,1
0.221,0.362,0.44,0,0,1,1
0.224,0.362,0.44,0,0,1,1
0.227,0.362,0.44,0,0,1,1
0.23,0.362,0.44,0,0,1,1
0.233,0.362,0.44,0,0,1,1
0.236,0.362,0.44,0,0,1,1
0.239,0.362,0.44,0,0,1,1
0.242,0.362,0.44,0,0,1,1
0.245,0.362,0.44,0,0,1,1
0.248,0.362,0.44,0,0,1,1
0.251,0.362,0.44,0,0,1,1
0.254,0.362,0.44,0,0,1,1
0.257,0.362,0.44,0,0,1,1
0.26,0.362,0.44,0,0,1,1
0.263,0.362,0.44,0,0,1,1
0.266,0.362,0.44,0,0,1,1
0.269,0.362,0.44,0,0,1,1
0.272,0.362,0.44,0,0,1,1
0.275,0.362,0.44,0,0,1,1
0.278,0.362,0.44,0,0,1,1
0.281,0.362,0.44,0,0,1,1
0.284,0.362,0.44,0,0,1,1
0.287,0.362,0.44,0,0,1,1
0.29,0.362,0.44,0,0,1,1
0.293,0.362,0.44,0,0,1,1
0.296,0.362,0.44,0,0,1,1
0.299,0.362,0.44,0,0,1,1
0.302,0.362,0.44,0,0,1,1
0.305,0.362,0.44,0,0,1,1
0.308,0.362,0.44,0,0,1,1
0.311,0.362,0.44,0,0,1,1
0.314,0.362,0.44,0,0,1,1
0.317,0.362,0.44,0,0,1,1
0.32,0.362,0.44,0,0,1,1
0.323,0.362,0.44,0,0,1,1
0.326,0.362,0.44,0,0,1,1
0.329,0.362,0.44,0,0,1,1
0.332,0.362,0.44,0,0,1,1
0.335,0.362,0.44,0,0,1,1
0.338,0.362,0.44,0,0,1,1
0.341,0.362,0.44,0,0,1,1
0.14,0.359,0.44,0,0,1,1
0.143,0.359,0.44,0,0,1,1
0.146,0.359,0.44,0,0,1,1
0.149,0.359,0.44,0,0,1,1
0.152,0.359,0.44,0,0,1,1
0.155,0.359,0.44,0,0,1,1
0.158,0.359,0.44,0,0,1,1
0.161,0.359,0.44,0,0,1,1
0.164,0.359,0.44,0,0,1,1
0.167,0.359,0.44,0,0,1,1
0.17,0.359,0.44,0,0,1,1
0.173,0.359,0.44,0,0,1,1
0.176,0.359,0.44,0,0,1,1
0.179,0.359,0.44,0,0,1,1
0.182,0.359,0.44,0,0,1,1
0.185,0.359,0.44,0,0,1,1
0.188,0.359,0.44,0,0,1,1
0.191,0.359,0.44,0,0,1,1
0.194,0.359,0.44,0,0,1,1
0.197,0.359,0.44,0,0,1,1
0.2,0.359,0.44,0,0,1,1
0.203,0.359,0.44,0,0,1,1
0.206,0.359,0.44,0,0,1,1
0.209,0.359,0.44,0,0,1,1
0.212,0.359,0.44,0,0,1,1
0.215,0.359,0.44,0,0,1,1
0.218,0.359,0.44,0,0,1,1
0.221,0.359,0.44,0,0,1,1
0.224,0.359,0.44,0,0,1,1
0.227,0.359,0.44,0,0,1,1
0.23,0.359,0.44,0,0,1,1
0.233,0.359,0.44,0,0,1,1
0.236,0.359,0.44,0,0,1,1
0.239,0.359,0.44,0,0,1,1
0.242,0.359,0.44,0,0,1,1
0.245,0.359,0.44,0,0,1,1
0.248,0.359,0.44,0,0,1,1
0.251,0.359,0.44,0,0,1,1
0.254,0.359,0.44,0,0,1,1
0.257,0.359,0.44,0,0,1,1
0.26,0.359,0.44,0,0,1,1
0.263,0.359,0.44,0,0,1,1
0.266,0.359,0.44,0,0,1,1
0.269,0.359,0.44,0,0,1,1
0.272,0.359,0.44,0,0,1,1
0.275,0.359,0.44,0,0,1,1
0.278,0.359,0.44,0,0,1,1
0.281,0.359,0.44,0,0,1,1
0.284,0.359,0.44,0,0,1,1
0.287,0.359,0.44,0,0,1,1
0.29,0.359,0.44,0,0,1,1
0.293,0.359,0.44,0,0,1,1
0.296,0.359,0.44,0,0,1,1
0.299,0.359,0.44,0,0,1,1
0.302,0.359,0.44,0,0,1,1
0.305,0.359,0.44,0,0,1,1
0.308,0.359,0.44,0,0,1,1
0.311,0.359,0.44,0,0,1,1
0.314,0.359,0.44,0,0,1,1
0.317,0.359,0.44,0,0,1,1
0.32,0.359,0.44,0,0,1,1
0.323,0.359,0.44,0,0,1,1
0.326,0.359,0.44,0,0,1,1
0.329,0.359,0.44,0,0,1,1
0.332,0.359,0.44,0,0,1,1
0.335,0.359,0.44,0,0,1,1
0.338,0.359,0.44,0,0,1,1
0.341,0.359,0.44,0,0,1,1
0.14,0.356,0.44,0,0,1,1
0.143,0.356,0.44,0,0,1,1
0.146,0.356,0.44,0,0,1,1
0.149,0.356,0.44,0,0,1,1
0.152,0.356,0.44,0,0,1,1
0.155,0.356,0.44,0,0,1,1
0.158,0.356,0.44,0,0,1,1
0.161,0.356,0.44,0,0,1,1
0.164,0.356,0.44,0,0,1,1
0.167,0.356,0.44,0,0,1,1
0.17,0.356,0.44,0,0,1,1
0.173,0.356,0.44,0,0,1,1
0.176,0.356,0.44,0,0,1,1
0.179,0.356,0.44,0,0,1,1
0.182,0.356,0.44,0,0,1,1
0.185,0.356,0.44,0,0,1,1
0.188,0.356,0.44,0,0,1,1
0.191,0.356,0.44,0,0,1,1
0.194,0.356,0.44,0,0,1,1
0.197,0.356,0.44,0,0,1,1
0.2,0.356,0.44,0,0,1,1
0.203,0.356,0.44,0,0,1,1
0.206,0.356,0.44,0,0,1,1
0.209,0.356,0.44,0,0,1,1
0.212,0.356,0.44,0,0,1,1
0.215,0.356,0.44,0,0,1,1
0.218,0.356,0.44,0,0,1,1
0.221,0.356,0.44,0,0,1,1
0.224,0.356,0.44,0,0,1,1
0.227,0.356,0.44,0,0,1,1
0.23,0.356,0.44,0,0,1,1
0.233,0.356,0.44,0,0,1,1
0.236,0.356,0.44,0,0,1,1
0.239,0.356,0.44,0,0,1,1
0.242,0.356,0.44,0,0,1,1
0.245,0.356,0.44,0,0,1,1
0.248,0.356,0.44,0,0,1,1
0.251,0.356,0.44,0,0,1,1
0.254,0.356,0.44,0,0,1,1
0.257,0.356,0.44,0,0,1,1
0.26,0.356,0.44,0,0,1,1
0.263,0.356,0.44,0,0,1,1
0.266,0.356,0.44,0,0,1,1
0.269,0.356,0.44,0,0,1,1
0.272,0.356,0.44,0,0,1,1
0.275,0.356,0.44,0,0,1,1
0.278,0.356,0.44,0,0,1,1
0.281,0.356,0.44,0,0,1,1
0.284,0.356,0.44,0,0,1,1
0.287,0.356,0.44,0,0,1,1
0.29,0.356,0.44,0,0,1,1
0.293,0.356,0.44,0,0,1,1
0.296,0.356,0.44,0,0,1,1
0.299,0.356,0.44,0,0,1,1
0.302,0.356,0.44,0,0,1,1
0.305,0.356,0.44,0,0,1,1
0.308,0.356,0.44,0,0,1,1
0.311,0.356,0.44,0,0,1,1
0.314,0.356,0.44,0,0,1,1
0.317,0.356,0.44,0,0,1,1
0.32,0.356,0.44,0,0,1,1
0.323,0.356,0.44,0,0,1,1
0.326,0.356,0.44,0,0,1,1
0.329,0.356,0.44,0,0,1,1
0.332,0.356,0.44,0,0,1,1
0.335,0.356,0.44,0,0,1,1
0.338,0.356,0.44,0,0,1,1
0.341,0.356,0.44,0,0,1,1
0.14,0.353,0.44,0,0,1,1
0.143,0.353,0.44,0,0,1,1
0.146,0.353,0.44,0,0,1,1
0.149,0.353,0.44,0,0,1,1
0.152,0.353,0.44,0,0,1,1
0.155,0.353,0.44,0,0,1,1
0.158,0.353,0.44,0,0,1,1
0.161,0.353,0.44,0,0,1,1
0.164,0.353,0.44,0,0,1,1
0.167,0.353,0.44,0,0,1,1
0.17,0.353,0.44,0,0,1,1
0.173,0.353,0.44,0,0,1,1
0.176,0.353,0.44,0,0,1,1
0.179,0.353,0.44,0,0,1,1
0.182,0.353,0.44,0,0,1,1
0.185,0.353,0.44,0,0,1,1
0.188,0.353,0.44,0,0,1,1
0.191,0.353,0.44,0,0,1,1
0.194,0.353,0.44,0,0,1,1
0.197,0.353,0.44,0,0,1,1
0.2,0.353,0.44,0,0,1,1
0.203,0.353,0.44,0,0,1,1
0.206,0.353,0.44,0,0,1,1
0.209,0.353,0.44,0,0,1,1
0.212,0.353,0.44,0,0,1,1
0.215,0.353,0.44,0,0,1,1
0.218,0.353,0.44,0,0,1,1
0.221,0.353,0.44,0,0,1,1
0.224,0.353,0.44,0,0,1,1
0.227,0.353,0.44,0,0,1,1
0.23,0.353,0.44,0,0,1,1
0.233,0.353,0.44,0,0,1,1
0.236,0.353,0.44,0,0,1,1
0.239,0.353,0.44,0,0,1,1
0.242,0.353,0.44,0,0,1,1
0.245,0.353,0.44,0,0,1,1
0.248,0.353,0.44,0,0,1,1
0.251,0.353,0.44,0,0,1,1
0.254,0.353,0.44,0,0,1,1
0.257,0.353,0.44,0,0,1,1
0.26,0.353,0.44,0,0,1,1
0.263,0.353,0.44,0,0,1,1
0.266,0.353,0.44,0,0,1,1
0.269,0.353,0.44,0,0,1,1
0.272,0.353,0.44,0,0,1,1
0.275,0.353,0.44,0,0,1,1
0.278,0.353,0.44,0,0,1,1
0.281,0.353,0.44,0,0,1,1
0.284,0.353,0.44,0,0,1,1
0.287,0.353,0.44,0,0,1,1
0.29,0.353,0.44,0,0,1,1
0.293,0.353,0.44,0,0,1,1
0.296,0.353,0.44,0,0,1,1
0.299,0.353,0.44,0,0,1,1
0.302,0.353,0.44,0,0,1,1
0.305,0.353,0.44,0,0,1,1
0.308,0.353,0.44,0,0,1,1
0.311,0.353,0.44,0,0,1,1
0.314,0.353,0.44,0,0,1,1
0.317,0.353,0.44,0,0,1,1
0.32,0.353,0.44,0,0,1,1
0.323,0.353,0.44,0,0,1,1
0.326,0.353,0.44,0,0,1,1
0.329,0.353,0.44,0,0,1,1
0.332,0.353,0.44,0,0,1,1
0.335,0.353,0.44,0,0,1,1
0.338,0.353,0.44,0,0,1,1
0.341,0.353,0.44,0,0,1,1
0.14,0.35,0.44,0,0,1,1
0.143,0.35,0.44,0,0,1,1
0.146,0.35,0.44,0,0,1,1
0.149,0.35,0.44,0,0,1,1
0.152,0.35,0.44,0,0,1,1
0.155,0.35,0.44,0,0,1,1
0.158,0.35,0.44,0,0,1,1
0.161,0.35,0.44,0,0,1,1
0.164,0.35,0.44,0,0,1,1
0.167,0.35,0.44,0,0,1,1
0.17,0.35,0.44,0,0,1,1
0.173,0.35,0.44,0,0,1,1
0.176,0.35,0.44,0,0,1,1
0.179,0.35,0.44,0,0,1,1
0.182,0.35,0.44,0,0,1,1
0.185,0.35,0.44,0,0,1,1
0.188,0.35,0.44,0,0,1,1
0.191,0.35,0.44,0,0,1,1
0.194,0.35,0.44,0,0,1,1
0.197,0.35,0.44,0,0,1,1
0.2,0.35,0.44,0,0,1,1
0.203,0.35,0.44,0,0,1,1
0.206,0.35,0.44,0,0,1,1
0.209,0.35,0.44,0,0,1,1
0.212,0.35,0.44,0,0,1,1
0.215,0.35,0.44,0,0,1,1
0.218,0.35,0.44,0,0,1,1
0.221,0.35,0.44,0,0,1,1
0.224,0.35,0.44,0,0,1,1
0.227,0.35,0.44,0,0,1,1
0.23,0.35,0.44,0,0,1,1
0.233,0.35,0.44,0,0,1,1
0.236,0.35,0.44,0,0,1,1
0.239,0.35,0.44,0,0,1,1
0.242,0.35,0.44,0,0,1,1
0.245,0.35,0.44,0,0,1,1
0.248,0.35,0.44,0,0,1,1
0.251,0.35,0.44,0,0,1,1
0.254,0.35,0.44,0,0,1,1
0.257,0.35,0.44,0,0,1,1
0.26,0.35,0.44,0,0,1,1
0.263,0.35,0.44,0,0,1,1
0.266,0.35,0.44,0,0,1,1
0.269,0.35,0.44,0,0,1,1
0.272,0.35,0.44,0,0,1,1
0.275,0.35,0.44,0,0,1,1
0.278,0.35,0.44,0,0,1,1
0.281,0.35,0.44,0,0,1,1
0.284,0.35,0.44,0,0,1,1
0.287,0.35,0.44,0,0,1,1
0.29,0.35,0.44,0,0,1,1
0.293,0.35,0.44,0,0,1,1
0.296,0.35,0.44,0,0,1,1
0.299,0.35,0.44,0,0,1,1
0.302,0.35,0.44,0,0,1,1
0.305,0.35,0.44,0,0,1,1
0.308,0.35,0.44,0,0,1,1
0.311,0.35,0.44,0,0,1,1
0.314,0.35,0.44,0,0,1,1
0.317,0.35,0.44,0,0,1,1
0.32,0.35,0.44,0,0,1,1
0.323,0.35,0.44,0,0,1,1
0.326,0.35,0.44,0,0,1,1
0.329,0.35,0.44,0,0,1,1
0.332,0.35,0.44,0,0,1,1
0.335,0.35,0.44,0,0,1,1
0.338,0.35,0.44,0,0,1,1
0.341,0.35,0.44,0,0,1,1
0.14,0.347,0.44,0,0,1,1
0.143,0.347,0.44,0,0,1,1
0.146,0.347,0.44,0,0,1,1
0.149,0.347,0.44,0,0,1,1
0.152,0.347,0.44,0,0,1,1
0.155,0.347,0.44,0,0,1,1
0.158,0.347,0.44,0,0,1,1
0.161,0.347,0.44,0,0,1,1
0.164,0.347,0.44,0,0,1,1
0.167,0.347,0.44,0,0,1,1
0.17,0.347,0.44,0,0,1,1
0.173,0.347,0.44,0,0,1,1
0.176,0.347,0.44,0,0,1,1
0.179,0.347,0.44,0,0,1,1
0.182,0.347,0.44,0,0,1,1
0.185,0.347,0.44,0,0,1,1
0.188,0.347,0.44,0,0,1,1
0.191,0.347,0.44,0,0,1,1
0.194,0.347,0.44,0,0,1,1
0.197,0.347,0.44,0,0,1,1
0.2,0.347,0.44,0,0,1,1
0.203,0.347,0.44,0,0,1,1
0.206,0.347,0.44,0,0,1,1
0.209,0.347,0.44,0,0,1,1
0.212,0.347,0.44,0,0,1,1
0.215,0.347,0.44,0,0,1,1
0.218,0.347,0.44,0,0,1,1
0.221,0.347,0.44,0,0,1,1
0.224,0.347,0.44,0,0,1,1
0.227,0.347,0.44,0,0,1,1
0.23,0.347,0.44,0,0,1,1
0.233,0.347,0.44,0,0,1,1
0.236,0.347,0.44,0,0,1,1
0.239,0.347,0.44,0,0,1,1
0.242,0.347,0.44,0,0,1,1
0.245,0.347,0.44,0,0,1,1
0.248,0.347,0.44,0,0,1,1
0.251,0.347,0.44,0,0,1,1
0.254,0.347,0.44,0,0,1,1
0.257,0.347,0.44,0,0,1,1
0.26,0.347,0.44,0,0,1,1
0.263,0.347,0.44,0,0,1,1
0.266,0.347,0.44,0,0,1,1
0.269,0.347,0.44,0,0,1,1
0.272,0.347,0.44,0,0,1,1
0.275,0.347,0.44,0,0,1,1
0.278,0.347,0.44,0,0,1,1
0.281,0.347,0.44,0,0,1,1
0.284,0.347,0.44,0,0,1,1
0.287,0.347,0.44,0,0,1,1
0.29,0.347,0.44,0,0,1,1
0.293,0.347,0.44,0,0,1,1
0.296,0.347,0.44,0,0,1,1
0.299,0.347,0.44,0,0,1,1
0.302,0.347,0.44,0,0,1,1
0.305,0.347,0.44,0,0,1,1
0.308,0.347,0.44,0,0,1,1
0.311,0.347,0.44,0,0,1,1
0.314,0.347,0.44,0,0,1,1
0.317,0.347,0.44,0,0,1,1
0.32,0.347,0.44,0,0,1,1
0.323,0.347,0.44,0,0,1,1
0.326,0.347,0.44,0,0,1,1
0.329,0.347,0.44,0,0,1,1
0.332,0.347,0.44,0,0,1,1
0.335,0.347,0.44,0,0,1,1
0.338,0.347,0.44,0,0,1,1
0.341,0.347,0.44,0,0,1,1
0.14,0.344,0.44,0,0,1,1
0.143,0.344,0.44,0,0,1,1
0.146,0.344,0.44,0,0,1,1
0.149,0.344,0.44,0,0,1,1
0.152,0.344,0.44,0,0,1,1
0.155,0.344,0.44,0,0,1,1
0.158,0.344,0.44,0,0,1,1
0.161,0.344,0.44,0,0,1,1
0.164,0.344,0.44,0,0,1,1
0.167,0.344,0.44,0,0,1,1
0.17,0.344,0.44,0,0,1,1
0.173,0.344,0.44,0,0,1,1
0.176,0.344,0.44,0,0,1,1
0.179,0.344,0.44,0,0,1,1
0.182,0.344,0.44,0,0,1,1
0.185,0.344,0.44,0,0,1,1
0.188,0.344,0.44,0,0,1,1
0.191,0.344,0.44,0,0,1,1
0.194,0.344,0.44,0,0,1,1
0.197,0.344,0.44,0,0,1,1
0.2,0.344,0.44,0,0,1,1
0.203,0.344,0.44,0,0,1,1
0.206,0.344,0.44,0,0,1,1
0.209,0.344,0.44,0,0,1,1
0.212,0.344,0.44,0,0,1,1
0.215,0.344,0.44,0,0,1,1
0.218,0.344,0.44,0,0,1,1
0.221,0.344,0.44,0,0,1,1
0.224,0.344,0.44,0,0,1,1
0.227,0.344,0.44,0,0,1,1
0.23,0.344,0.44,0,0,1,1
0.233,0.344,0.44,0,0,1,1
0.236,0.344,0.44,0,0,1,1
0.239,0.344,0.44,0,0,1,1
0.242,0.344,0.44,0,0,1,1
0.245,0.344,0.44,0,0,1,1
0.248,0.344,0.44,0,0,1,1
0.251,0.344,0.44,0,0,1,1
0.254,0.344,0.44,0,0,1,1
0.257,0.344,0.44,0,0,1,1
0.26,0.344,0.44,0,0,1,1
0.263,0.344,0.44,0,0,1,1
0.266,0.344,0.44,0,0,1,1
0.269,0.344,0.44,0,0,1,1
0.272,0.344,0.44,0,0,1,1
0.275,0.344,0.44,0,0,1,1
0.278,0.344,0.44,0,0,1,1
0.281,0.344,0.44,0,0,1,1
0.284,0.344,0.44,0,0,1,1
0.287,0.344,0.44,0,0,1,1
0.29,0.344,0.44,0,0,1,1
0.293,0.344,0.44,0,0,1,1
0.296,0.344,0.44,0,0,1,1
0.299,0.344,0.44,0,0,1,1
0.302,0.344,0.44,0,0,1,1
0.305,0.344,0.44,0,0,1,1
0.308,0.344,0.44,0,0,1,1
0.311,0.344,0.44,0,0,1,1
0.314,0.344,0.44,0,0,1,1
0.317,0.344,0.44,0,0,1,1
0.32,0.344,0.44,0,0,1,1
0.323,0.344,0.44,0,0,1,1
0.326,0.344,0.44,0,0,1,1
0.329,0.344,0.44,0,0,1,1
0.332,0.344,0.44,0,0,1,1
0.335,0.344,0.44,0,0,1,1
0.338,0.344,0.44,0,0,1,1
0.341,0.344,0.44,0,0,1,1
0.14,0.341,0.44,0,0,1,1
0.143,0.341,0.44,0,0,1,1
0.146,0.341,0.44,0,0,1,1
0.149,0.341,0.44,0,0,1,1
0.152,0.341,0.44,0,0,1,1
0.155,0.341,0.44,0,0,1,1
0.158,0.341,0.44,0,0,1,1
0.161,0.341,0.44,0,0,1,1
0.164,0.341,0.44,0,0,1,1
0.167,0.341,0.44,0,0,1,1
0.17,0.341,0.44,0,0,1,1
0.173,0.341,0.44,0,0,1,1
0.176,0.341,0.44,0,0,1,1
0.179,0.341,0.44,0,0,1,1
0.182,0.341,0.44,0,0,1,1
0.185,0.341,0.44,0,0,1,1
0.188,0.341,0.44,0,0,1,1
0.191,0.341,0.44,0,0,1,1
0.194,0.341,0.44,0,0,1,1
0.197,0.341,0.44,0,0,1,1
0.2,0.341,0.44,0,0,1,1
0.203,0.341,0.44,0,0,1,1
0.206,0.341,0.44,0,0,1,1
0.209,0.341,0.44,0,0,1,1
0.212,0.341,0.44,0,0,1,1
0.215,0.341,0.44,0,0,1,1
0.218,0.341,0.44,0,0,1,1
0.221,0.341,0.44,0,0,1,1
0.224,0.341,0.44,0,0,1,1
0.227,0.341,0.44,0,0,1,1
0.23,0.341,0.44,0,0,1,1
0.233,0.341,0.44,0,0,1,1
0.236,0.341,0.44,0,0,1,1
0.239,0.341,0.44,0,0,1,1
0.242,0.341,0.44,0,0,1,1
0.245,0.341,0.44,0,0,1,1
0.248,0.341,0.44,0,0,1,1
0.251,0.341,0.44,0,0,1,1
0.254,0.341,0.44,0,0,1,1
0.257,0.341,0.44,0,0,1,1
0.26,0.341,0.44,0,0,1,1
0.263,0.341,0.44,0,0,1,1
0.266,0.341,0.44,0,0,1,1
0.269,0.341,0.44,0,0,1,1
0.272,0.341,0.44,0,0,1,1
0.275,0.341,0.44,0,0,1,1
0.278,0.341,0.44,0,0,1,1
0.281,0.341,0.44,0,0,1,1
0.284,0.341,0.44,0,0,1,1
0.287,0.341,0.44,0,0,1,1
0.29,0.341,0.44,0,0,1,1
0.293,0.341,0.44,0,0,1,1
0.296,0.341,0.44,0,0,1,1
0.299,0.341,0.44,0,0,1,1
0.302,0.341,0.44,0,0,1,1
0.305,0.341,0.44,0,0,1,1
0.308,0.341,0.44,0,0,1,1
0.311,0.341,0.44,0,0,1,1
0.314,0.341,0.44,0,0,1,1
0.317,0.341,0.44,0,0,1,1
0.32,0.341,0.44,0,0,1,1
0.323,0.341,0.44,0,0,1,1
0.326,0.341,0.44,0,0,1,1
0.329,0.341,0.44,0,0,1,1
0.332,0.341,0.44,0,0,1,1
0.335,0.341,0.44,0,0,1,1
0.338,0.341,0.44,0,0,1,1
0.341,0.341,0.44,0,0,1,1
0.14,0.338,0.44,0,0,1,1
0.143,0.338,0.44,0,0,1,1
0.146,0.338,0.44,0,0,1,1
0.149,0.338,0.44,0,0,1,1
0.152,0.338,0.44,0,0,1,1
0.155,0.338,0.44,0,0,1,1
0.158,0.338,0.44,0,0,1,1
0.161,0.338,0.44,0,0,1,1
0.164,0.338,0.44,0,0,1,1
0.167,0.338,0.44,0,0,1,1
0.17,0.338,0.44,0,0,1,1
0.173,0.338,0.44,0,0,1,1
0.176,0.338,0.44,0,0,1,1
0.179,0.338,0.44,0,0,1,1
0.182,0.338,0.44,0,0,1,1
0.185,0.338,0.44,0,0,1,1
0.188,0.338,0.44,0,0,1,1
0.191,0.338,0.44,0,0,1,1
0.194,0.338,0.44,0,0,1,1
0.197,0.338,0.44,0,0,1,1
0.2,0.338,0.44,0,0,1,1
0.203,0.338,0.44,0,0,1,1
0.206,0.338,0.44,0,0,1,1
0.209,0.338,0.44,0,0,1,1
0.212,0.338,0.44,0,0,1,1
0.215,0.338,0.44,0,0,1,1
0.218,0.338,0.44,0,0,1,1
0.221,0.338,0.44,0,0,1,1
0.224,0.338,0.44,0,0,1,1
0.227,0.338,0.44,0,0,1,1
0.23,0.338,0.44,0,0,1,1
0.233,0.338,0.44,0,0,1,1
0.236,0.338,0.44,0,0,1,1
0.239,0.338,0.44,0,0,1,1
0.242,0.338,0.44,0,0,1,1
0.245,0.338,0.44,0,0,1,1
0.248,0.338,0.44,0,0,1,1
0.251,0.338,0.44,0,0,1,1
0.254,0.338,0.44,0,0,1,1
0.257,0.338,0.44,0,0,1,1
0.26,0.338,0.44,0,0,1,1
0.263,0.338,0.44,0,0,1,1
0.266,0.338,0.44,0,0,1,1
0.269,0.338,0.44,0,0,1,1
0.272,0.338,0.44,0,0,1,1
0.275,0.338,0.44,0,0,1,1
0.278,0.338,0.44,0,0,1,1
0.281,0.338,0.44,0,0,1,1
0.284,0.338,0.44,0,0,1,1
0.287,0.338,0.44,0,0,1,1
0.29,0.338,0.44,0,0,1,1
0.293,0.338,0.44,0,0,1,1
0.296,0.338,0.44,0,0,1,1
0.299,0.338,0.44,0,0,1,1
0.302,0.338,0.44,0,0,1,1
0.305,0.338,0.44,0,0,1,1
0.308,0.338,0.44,0,0,1,1
0.311,0.338,0.44,0,0,1,1
0.314,0.338,0.44,0,0,1,1
0.317,0.338,0.44,0,0,1,1
0.32,0.338,0.44,0,0,1,1
0.323,0.338,0.44,0,0,1,1
0.326,0.338,0.44,0,0,1,1
0.329,0.338,0.44,0,0,1,1
0.332,0.338,0.44,0,0,1,1
0.335,0.338,0.44,0,0,1,1
0.338,0.338,0.44,0,0,1,1
0.341,0.338,0.44,0,0,1,1
0.14,0.335,0.44,0,0,1,1
0.143,0.335,0.44,0,0,1,1
0.146,0.335,0.44,0,0,1,1
0.149,0.335,0.44,0,0,1,1
0.152,0.335,0.44,0,0,1,1
0.155,0.335,0.44,0,0,1,1
0.158,0.335,0.44,0,0,1,1
0.161,0.335,0.44,0,0,1,1
0.164,0.335,0.44,0,0,1,1
0.167,0.335,0.44,0,0,1,1
0.17,0.335,0.44,0,0,1,1
0.173,0.335,0.44,0,0,1,1
0.176,0.335,0.44,0,0,1,1
0.179,0.335,0.44,0,0,1,1
0.182,0.335,0.44,0,0,1,1
0.185,0.335,0.44,0,0,1,1
0.188,0.335,0.44,0,0,1,1
0.191,0.335,0.44,0,0,1,1
0.194,0.335,0.44,0,0,1,1
0.197,0.335,0.44,0,0,1,1
0.2,0.335,0.44,0,0,1,1
0.203,0.335,0.44,0,0,1,1
0.206,0.335,0.44,0,0,1,1
0.209,0.335,0.44,0,0,1,1
0.212,0.335,0.44,0,0,1,1
0.215,0.335,0.44,0,0,1,1
0.218,0.335,0.44,0,0,1,1
0.221,0.335,0.44,0,0,1,1
0.224,0.335,0.44,0,0,1,1
0.227,0.335,0.44,0,0,1,1
0.23,0.335,0.44,0,0,1,1
0.233,0.335,0.44,0,0,1,1
0.236,0.335,0.44,0,0,1,1
0.239,0.335,0.44,0,0,1,1
0.242,0.335,0.44,0,0,1,1
0.245,0.335,0.44,0,0,1,1
0.248,0.335,0.44,0,0,1,1
0.251,0.335,0.44,0,0,1,1
0.254,0.335,0.44,0,0,1,1
0.257,0.335,0.44,0,0,1,1
0.26,0.335,0.44,0,0,1,1
0.263,0.335,0.44,0,0,1,1
0.266,0.335,0.44,0,0,1,1
0.269,0.335,0.44,0,0,1,1
0.272,0.335,0.44,0,0,1,1
0.275,0.335,0.44,0,0,1,1
0.278,0.335,0.44,0,0,1,1
0.281,0.335,0.44,0,0,1,1
0.284,0.335,0.44,0,0,1,1
0.287,0.335,0.44,0,0,1,1
0.29,0.335,0.44,0,0,1,1
0.293,0.335,0.44,0,0,1,1
0.296,0.335,0.44,0,0,1,1
0.299,0.335,0.44,0,0,1,1
0.302,0.335,0.44,0,0,1,1
0.305,0.335,0.44,0,0,1,1
0.308,0.335,0.44,0,0,1,1
0.311,0.335,0.44,0,0,1,1
0.314,0.335,0.44,0,0,1,1
0.317,0.335,0.44,0,0,1,1
0.32,0.335,0.44,0,0,1,1
0.323,0.335,0.44,0,0,1,1
0.326,0.335,0.44,0,0,1,1
0.329,0.335,0.44,0,0,1,1
0.332,0.335,0.44,0,0,1,1
0.335,0.335,0.44,0,0,1,1
0.338,0.335,0.44,0,0,1,1
0.341,0.335,0.44,0,0,1,1
0.14,0.332,0.44,0,0,1,1
0.143,0.332,0.44,0,0,1,1
0.146,0.332,0.44,0,0,1,1
0.149,0.332,0.44,0,0,1,1
0.152,0.332,0.44,0,0,1,1
0.155,0.332,0.44,0,0,1,1
0.158,0.332,0.44,0,0,1,1
0.161,0.332,0.44,0,0,1,1
0.164,0.332,0.44,0,0,1,1
0.167,0.332,0.44,0,0,1,1
0.17,0.332,0.44,0,0,1,1
0.173,0.332,0.44,0,0,1,1
0.176,0.332,0.44,0,0,1,1
0.179,0.332,0.44,0,0,1,1
0.182,0.332,0.44,0,0,1,1
0.185,0.332,0.44,0,0,1,1
0.188,0.332,0.44,0,0,1,1
0.191,0.332,0.44,0,0,1,1
0.194,0.332,0.44,0,0,1,1
0.197,0.332,0.44,0,0,1,1
0.2,0.332,0.44,0,0,1,1
0.203,0.332,0.44,0,0,1,1
0.206,0.332,0.44,0,0,1,1
0.209,0.332,0.44,0,0,1,1
0.212,0.332,0.44,0,0,1,1
0.215,0.332,0.44,0,0,1,1
0.218,0.332,0.44,0,0,1,1
0.221,0.332,0.44,0,0,1,1
0.224,0.332,0.44,0,0,1,1
0.227,0.332,0.44,0,0,1,1
0.23,0.332,0.44,0,0,1,1
0.233,0.332,0.44,0,0,1,1
0.236,0.332,0.44,0,0,1,1
0.239,0.332,0.44,0,0,1,1
0.242,0.332,0.44,0,0,1,1
0.245,0.332,0.44,0,0,1,1
0.248,0.332,0.44,0,0,1,1
0.251,0.332,0.44,0,0,1,1
0.254,0.332,0.44,0,0,1,1
0.257,0.332,0.44,0,0,1,1
0.26,0.332,0.44,0,0,1,1
0.263,0.332,0.44,0,0,1,1
0.266,0.332,0.44,0,0,1,1
0.269,0.332,0.44,0,0,1,1
0.272,0.332,0.44,0,0,1,1
0.275,0.332,0.44,0,0,1,1
0.278,0.332,0.44,0,0,1,1
0.281,0.332,0.44,0,0,1,1
0.284,0.332,0.44,0,0,1,1
0.287,0.332,0.44,0,0,1,1
0.29,0.332,0.44,0,0,1,1
0.293,0.332,0.44,0,0,1,1
0.296,0.332,0.44,0,0,1,1
0.299,0.332,0.44,0,0,1,1
0.302,0.332,0.44,0,0,1,1
0.305,0.332,0.44,0,0,1,1
0.308,0.332,0.44,0,0,1,1
0.311,0.332,0.44,0,0,1,1
0.314,0.332,0.44,0,0,1,1
0.317,0.332,0.44,0,0,1,1
0.32,0.332,0.44,0,0,1,1
0.323,0.332,0.44,0,0,1,1
0.326,0.332,0.44,0,0,1,1
0.329,0.332,0.44,0,0,1,1
0.332,0.332,0.44,0,0,1,1
0.335,0.332,0.44,0,0,1,1
0.338,0.332,0.44,0,0,1,1
0.341,0.332,0.44,0,0,1,1
0.14,0.329,0.44,0,0,1,1
0.143,0.329,0.44,0,0,1,1
0.146,0.329,0.44,0,0,1,1
0.149,0.329,0.44,0,0,1,1
0.152,0.329,0.44,0,0,1,1
0.155,0.329,0.44,0,0,1,1
0.158,0.329,0.44,0,0,1,1
0.161,0.329,0.44,0,0,1,1
0.164,0.329,0.44,0,0,1,1
0.167,0.329,0.44,0,0,1,1
0.17,0.329,0.44,0,0,1,1
0.173,0.329,0.44,0,0,1,1
0.176,0.329,0.44,0,0,1,1
0.179,0.329,0.44,0,0,1,1
0.182,0.329,0.44,0,0,1,1
0.185,0.329,0.44,0,0,1,1
0.188,0.329,0.44,0,0,1,1
0.191,0.329,0.44,0,0,1,1
0.194,0.329,0.44,0,0,1,1
0.197,0.329,0.44,0,0,1,1
0.2,0.329,0.44,0,0,1,1
0.203,0.329,0.44,0,0,1,1
0.206,0.329,0.44,0,0,1,1
0.209,0.329,0.44,0,0,1,1
0.212,0.329,0.44,0,0,1,1
0.215,0.329,0.44,0,0,1,1
0.218,0.329,0.44,0,0,1,1
0.221,0.329,0.44,0,0,1,1
0.224,0.329,0.44,0,0,1,1
0.227,0.329,0.44,0,0,1,1
0.23,0.329,0.44,0,0,1,1
0.233,0.329,0.44,0,0,1,1
0.236,0.329,0.44,0,0,1,1
0.239,0.329,0.44,0,0,1,1
0.242,0.329,0.44,0,0,1,1
0.245,0.329,0.44,0,0,1,1
0.248,0.329,0.44,0,0,1,1
0.251,0.329,0.44,0,0,1,1
0.254,0.329,0.44,0,0,1,1
0.257,0.329,0.44,0,0,1,1
0.26,0.329,0.44,0,0,1,1
0.263,0.329,0.44,0,0,1,1
0.266,0.329,0.44,0,0,1,1
0.269,0.329,0.44,0,0,1,1
0.272,0.329,0.44,0,0,1,1
0.275,0.329,0.44,0,0,1,1
0.278,0.329,0.44,0,0,1,1
0.281,0.329,0.44,0,0,1,1
0.284,0.329,0.44,0,0,1,1
0.287,0.329,0.44,0,0,1,1
0.29,0.329,0.44,0,0,1,1
0.293,0.329,0.44,0,0,1,1
0.296,0.329,0.44,0,0,1,1
0.299,0.329,0.44,0,0,1,1
0.302,0.329,0.44,0,0,1,1
0.305,0.329,0.44,0,0,1,1
0.308,0.329,0.44,0,0,1,1
0.311,0.329,0.44,0,0,1,1
0.314,0.329,0.44,0,0,1,1
0.317,0.329,0.44,0,0,1,1
0.32,0.329,0.44,0,0,1,1
0.323,0.329,0.44,0,0,1,1
0.326,0.329,0.44,0,0,1,1
0.329,0.329,0.44,0,0,1,1
0.332,0.329,0.44,0,0,1,1
0.335,0.329,0.44,0,0,1,1
0.338,0.329,0.44,0,0,1,1
0.341,0.329,0.44,0,0,1,1
0.14,0.326,0.44,0,0,1,1
0.143,0.326,0.44,0,0,1,1
0.146,0.326,0.44,0,0,1,1
0.149,0.326,0.44,0,0,1,1
0.152,0.326,0.44,0,0,1,1
0.155,0.326,0.44,0,0,1,1
0.158,0.326,0.44,0,0,1,1
0.161,0.326,0.44,0,0,1,1
0.164,0.326,0.44,0,0,1,1
0.167,0.326,0.44,0,0,1,1
0.17,0.326,0.44,0,0,1,1
0.173,0.326,0.44,0,0,1,1
0.176,0.326,0.44,0,0,1,1
0.179,0.326,0.44,0,0,1,1
0.182,0.326,0.44,0,0,1,1
0.185,0.326,0.44,0,0,1,1
0.188,0.326,0.44,0,0,1,1
0.191,0.326,0.44,0,0,1,1
0.194,0.326,0.44,0,0,1,1
0.197,0.326,0.44,0,0,1,1
0.2,0.326,0.44,0,0,1,1
0.203,0.326,0.44,0,0,1,1
0.206,0.326,0.44,0,0,1,1
0.209,0.326,0.44,0,0,1,1
0.212,0.326,0.44,0,0,1,1
0.215,0.326,0.44,0,0,1,1
0.218,0.326,0.44,0,0,1,1
0.221,0.326,0.44,0,0,1,1
0.224,0.326,0.44,0,0,1,1
0.227,0.326,0.44,0,0,1,1
0.23,0.326,0.44,0,0,1,1
0.233,0.326,0.44,0,0,1,1
0.236,0.326,0.44,0,0,1,1
0.239,0.326,0.44,0,0,1,1
0.242,0.326,0.44,0,0,1,1
0.245,0.326,0.44,0,0,1,1
0.248,0.326,0.44,0,0,1,1
0.251,0.326,0.44,0,0,1,1
0.254,0.326,0.44,0,0,1,1
0.257,0.326,0.44,0,0,1,1
0.26,0.326,0.44,0,0,1,1
0.263,0.326,0.44,0,0,1,1
0.266,0.326,0.44,0,0,1,1
0.269,0.326,0.44,0,0,1,1
0.272,0.326,0.44,0,0,1,1
0.275,0.326,0.44,0,0,1,1
0.278,0.326,0.44,0,0,1,1
0.281,0.326,0.44,0,0,1,1
0.284,0.326,0.44,0,0,1,1
0.287,0.326,0.44,0,0,1,1
0.29,0.326,0.44,0,0,1,1
0.293,0.326,0.44,0,0,1,1
0.296,0.326,0.44,0,0,1,1
0.299,0.326,0.44,0,0,1,1
0.302,0.326,0.44,0,0,1,1
0.305,0.326,0.44,0,0,1,1
0.308,0.326,0.44,0,0,1,1
0.311,0.326,0.44,0,0,1,1
0.314,0.326,0.44,0,0,1,1
0.317,0.326,0.44,0,0,1,1
0.32,0.326,0.44,0,0,1,1
0.323,0.326,0.44,0,0,1,1
0.326,0.326,0.44,0,0,1,1
0.329,0.326,0.44,0,0,1,1
0.332,0.326,0.44,0,0,1,1
0.335,0.326,0.44,0,0,1,1
0.338,0.326,0.44,0,0,1,1
0.341,0.326,0.44,0,0,1,1
0.14,0.323,0.44,0,0,1,1
0.143,0.323,0.44,0,0,1,1
0.146,0.323,0.44,0,0,1,1
0.149,0.323,0.44,0,0,1,1
0.152,0.323,0.44,0,0,1,1
0.155,0.323,0.44,0,0,1,1
0.158,0.323,0.44,0,0,1,1
0.161,0.323,0.44,0,0,1,1
0.164,0.323,0.44,0,0,1,1
0.167,0.323,0.44,0,0,1,1
0.17,0.323,0.44,0,0,1,1
0.173,0.323,0.44,0,0,1,1
0.176,0.323,0.44,0,0,1,1
0.179,0.323,0.44,0,0,1,1
0.182,0.323,0.44,0,0,1,1
0.185,0.323,0.44,0,0,1,1
0.188,0.323,0.44,0,0,1,1
0.191,0.323,0.44,0,0,1,1
0.194,0.323,0.44,0,0,1,1
0.197,0.323,0.44,0,0,1,1
0.2,0.323,0.44,0,0,1,1
0.203,0.323,0.44,0,0,1,1
0.206,0.323,0.44,0,0,1,1
0.209,0.323,0.44,0,0,1,1
0.212,0.323,0.44,0,0,1,1
0.215,0.323,0.44,0,0,1,1
0.218,0.323,0.44,0,0,1,1
0.221,0.323,0.44,0,0,1,1
0.224,0.323,0.44,0,0,1,1
0.227,0.323,0.44,0,0,1,1
0.23,0.323,0.44,0,0,1,1
0.233,0.323,0.44,0,0,1,1
0.236,0.323,0.44,0,0,1,1
0.239,0.323,0.44,0,0,1,1
0.242,0.323,0.44,0,0,1,1
0.245,0.323,0.44,0,0,1,1
0.248,0.323,0.44,0,0,1,1
0.251,0.323,0.44,0,0,1,1
0.254,0.323,0.44,0,0,1,1
0.257,0.323,0.44,0,0,1,1
0.26,0.323,0.44,0,0,1,1
0.263,0.323,0.44,0,0,1,1
0.266,0.323,0.44,0,0,1,1
0.269,0.323,0.44,0,0,1,1
0.272,0.323,0.44,0,0,1,1
0.275,0.323,0.44,0,0,1,1
0.278,0.323,0.44,0,0,1,1
0.281,0.323,0.44,0,0,1,1
0.284,0.323,0.44,0,0,1,1
0.287,0.323,0.44,0,0,1,1
0.29,0.323,0.44,0,0,1,1
0.293,0.323,0.44,0,0,1,1
0.296,0.323,0.44,0,0,1,1
0.299,0.323,0.44,0,0,1,1
0.302,0.323,0.44,0,0,1,1
0.305,0.323,0.44,0,0,1,1
0.308,0.323,0.44,0,0,1,1
0.311,0.323,0.44,0,0,1,1
0.314,0.323,0.44,0,0,1,1
0.317,0.323,0.44,0,0,1,1
0.32,0.323,0.44,0,0,1,1
0.323,0.323,0.44,0,0,1,1
0.326,0.323,0.44,0,0,1,1
0.329,0.323,0.44,0,0,1,1
0.332,0.323,0.44,0,0,1,1
0.335,0.323,0.44,0,0,1,1
0.338,0.323,0.44,0,0,1,1
0.341,0.323,0.44,0,0,1,1
0.14,0.32,0.44,0,0,1,1
0.143,0.32,0.44,0,0,1,1
0.146,0.32,0.44,0,0,1,1
0.149,0.32,0.44,0,0,1,1
0.152,0.32,0.44,0,0,1,1
0.155,0.32,0.44,0,0,1,1
0.158,0.32,0.44,0,0,1,1
0.161,0.32,0.44,0,0,1,1
0.164,0.32,0.44,0,0,1,1
0.167,0.32,0.44,0,0,1,1
0.17,0.32,0.44,0,0,1,1
0.173,0.32,0.44,0,0,1,1
0.176,0.32,0.44,0,0,1,1
0.179,0.32,0.44,0,0,1,1
0.182,0.32,0.44,0,0,1,1
0.185,0.32,0.44,0,0,1,1
0.188,0.32,0.44,0,0,1,1
0.191,0.32,0.44,0,0,1,1
0.194,0.32,0.44,0,0,1,1
0.197,0.32,0.44,0,0,1,1
0.2,0.32,0.44,0,0,1,1
0.203,0.32,0.44,0,0,1,1
0.206,0.32,0.44,0,0,1,1
0.209,0.32,0.44,0,0,1,1
0.212,0.32,0.44,0,0,1,1
0.215,0.32,0.44,0,0,1,1
0.218,0.32,0.44,0,0,1,1
0.221,0.32,0.44,0,0,1,1
0.224,0.32,0.44,0,0,1,1
0.227,0.32,0.44,0,0,1,1
0.23,0.32,0.44,0,0,1,1
0.233,0.32,0.44,0,0,1,1
0.236,0.32,0.44,0,0,1,1
0.239,0.32,0.44,0,0,1,1
0.242,0.32,0.44,0,0,1,1
0.245,0.32,0.44,0,0,1,1
0.248,0.32,0.44,0,0,1,1
0.251,0.32,0.44,0,0,1,1
0.254,0.32,0.44,0,0,1,1
0.257,0.32,0.44,0,0,1,1
0.26,0.32,0.44,0,0,1,1
0.263,0.32,0.44,0,0,1,1
0.266,0.32,0.44,0,0,1,1
0.269,0.32,0.44,0,0,1,1
0.272,0.32,0.44,0,0,1,1
0.275,0.32,0.44,0,0,1,1
0.278,0.32,0.44,0,0,1,1
0.281,0.32,0.44,0,0,1,1
0.284,0.32,0.44,0,0,1,1
0.287,0.32,0.44,0,0,1,1
0.29,0.32,0.44,0,0,1,1
0.293,0.32,0.44,0,0,1,1
0.296,0.32,0.44,0,0,1,1
0.299,0.32,0.44,0,0,1,1
0.302,0.32,0.44,0,0,1,1
0.305,0.32,0.44,0,0,1,1
0.308,0.32,0.44,0,0,1,1
0.311,0.32,0.44,0,0,1,1
0.314,0.32,0.44,0,0,1,1
0.317,0.32,0.44,0,0,1,1
0.32,0.32,0.44,0,0,1,1
0.323,0.32,0.44,0,0,1,1
0.326,0.32,0.44,0,0,1,1
0.329,0.32,0.44,0,0,1,1
0.332,0.32,0.44,0,0,1,1
0.335,0.32,0.44,0,0,1,1
0.338,0.32,0.44,0,0,1,1
0.341,0.32,0.44,0,0,1,1
0.14,0.317,0.44,0,0,1,1
0.143,0.317,0.44,0,0,1,1
0.146,0.317,0.44,0,0,1,1
0.149,0.317,0.44,0,0,1,1
0.152,0.317,0.44,0,0,1,1
0.155,0.317,0.44,0,0,1,1
0.158,0.317,0.44,0,0,1,1
0.161,0.317,0.44,0,0,1,1
0.164,0.317,0.44,0,0,1,1
0.167,0.317,0.44,0,0,1,1
0.17,0.317,0.44,0,0,1,1
0.173,0.317,0.44,0,0,1,1
0.176,0.317,0.44,0,0,1,1
0.179,0.317,0.44,0,0,1,1
0.182,0.317,0.44,0,0,1,1
0.185,0.317,0.44,0,0,1,1
0.188,0.317,0.44,0,0,1,1
0.191,0.317,0.44,0,0,1,1
0.194,0.317,0.44,0,0,1,1
0.197,0.317,0.44,0,0,1,1
0.2,0.317,0.44,0,0,1,1
0.203,0.317,0.44,0,0,1,1
0.206,0.317,0.44,0,0,1,1
0.209,0.317,0.44,0,0,1,1
0.212,0.317,0.44,0,0,1,1
0.215,0.317,0.44,0,0,1,1
0.218,0.317,0.44,0,0,1,1
0.221,0.317,0.44,0,0,1,1
0.224,0.317,0.44,0,0,1,1
0.227,0.317,0.44,0,0,1,1
0.23,0.317,0.44,0,0,1,1
0.233,0.317,0.44,0,0,1,1
0.236,0.317,0.44,0,0,1,1
0.239,0.317,0.44,0,0,1,1
0.242,0.317,0.44,0,0,1,1
0.245,0.317,0.44,0,0,1,1
0.248,0.317,0.44,0,0,1,1
0.251,0.317,0.44,0,0,1,1
0.254,0.317,0.44,0,0,1,1
0.257,0.317,0.44,0,0,1,1
0.26,0.317,0.44,0,0,1,1
0.263,0.317,0.44,0,0,1,1
0.266,0.317,0.44,0,0,1,1
0.269,0.317,0.44,0,0,1,1
0.272,0.317,0.44,0,0,1,1
0.275,0.317,0.44,0,0,1,1
0.278,0.317,0.44,0,0,1,1
0.281,0.317,0.44,0,0,1,1
0.284,0.317,0.44,0,0,1,1
0.287,0.317,0.44,0,0,1,1
0.29,0.317,0.44,0,0,1,1
0.293,0.317,0.44,0,0,1,1
0.296,0.317,0.44,0,0,1,1
0.299,0.317,0.44,0,0,1,1
0.302,0.317,0.44,0,0,1,1
0.305,0.317,0.44,0,0,1,1
0.308,0.317,0.44,0,0,1,1
0.311,0.317,0.44,0,0,1,1
0.314,0.317,0.44,0,0,1,1
0.317,0.317,0.44,0,0,1,1
0.32,0.317,0.44,0,0,1,1
0.323,0.317,0.44,0,0,1,1
0.326,0.317,0.44,0,0,1,1
0.329,0.317,0.44,0,0,1,1
0.332,0.317,0.44,0,0,1,1
0.335,0.317,0.44,0,0,1,1
0.338,0.317,0.44,0,0,1,1
0.341,0.317,0.44,0,0,1,1
0.14,0.314,0.44,0,0,1,1
0.143,0.314,0.44,0,0,1,1
0.146,0.314,0.44,0,0,1,1
0.149,0.314,0.44,0,0,1,1
0.152,0.314,0.44,0,0,1,1
0.155,0.314,0.44,0,0,1,1
0.158,0.314,0.44,0,0,1,1
0.161,0.314,0.44,0,0,1,1
0.164,0.314,0.44,0,0,1,1
0.167,0.314,0.44,0,0,1,1
0.17,0.314,0.44,0,0,1,1
0.173,0.314,0.44,0,0,1,1
0.176,0.314,0.44,0,0,1,1
0.179,0.314,0.44,0,0,1,1
0.182,0.314,0.44,0,0,1,1
0.185,0.314,0.44,0,0,1,1
0.188,0.314,0.44,0,0,1,1
0.191,0.314,0.44,0,0,1,1
0.194,0.314,0.44,0,0,1,1
0.197,0.314,0.44,0,0,1,1
0.2,0.314,0.44,0,0,1,1
0.203,0.314,0.44,0,0,1,1
0.206,0.314,0.44,0,0,1,1
0.209,0.314,0.44,0,0,1,1
0.212,0.314,0.44,0,0,1,1
0.215,0.314,0.44,0,0,1,1
0.218,0.314,0.44,0,0,1,1
0.221,0.314,0.44,0,0,1,1
0.224,0.314,0.44,0,0,1,1
0.227,0.314,0.44,0,0,1,1
0.23,0.314,0.44,0,0,1,1
0.233,0.314,0.44,0,0,1,1
0.236,0.314,0.44,0,0,1,1
0.239,0.314,0.44,0,0,1,1
0.242,0.314,0.44,0,0,1,1
0.245,0.314,0.44,0,0,1,1
0.248,0.314,0.44,0,0,1,1
0.251,0.314,0.44,0,0,1,1
0.254,0.314,0.44,0,0,1,1
0.257,0.314,0.44,0,0,1,1
0.26,0.314,0.44,0,0,1,1
0.263,0.314,0.44,0,0,1,1
0.266,0.314,0.44,0,0,1,1
0.269,0.314,0.44,0,0,1,1
0.272,0.314,0.44,0,0,1,1
0.275,0.314,0.44,0,0,1,1
0.278,0.314,0.44,0,0,1,1
0.281,0.314,0.44,0,0,1,1
0.284,0.314,0.44,0,0,1,1
0.287,0.314,0.44,0,0,1,1
0.29,0.314,0.44,0,0,1,1
0.293,0.314,0.44,0,0,1,1
0.296,0.314,0.44,0,0,1,1
0.299,0.314,0.44,0,0,1,1
0.302,0.314,0.44,0,0,1,1
0.305,0.314,0.44,0,0,1,1
0.308,0.314,0.44,0,0,1,1
0.311,0.314,0.44,0,0,1,1
0.314,0.314,0.44,0,0,1,1
0.317,0.314,0.44,0,0,1,1
0.32,0.314,0.44,0,0,1,1
0.323,0.314,0.44,0,0,1,1
0.326,0.314,0.44,0,0,1,1
0.329,0.314,0.44,0,0,1,1
0.332,0.314,0.44,0,0,1,1
0.335,0.314,0.44,0,0,1,1
0.338,0.314,0.44,0,0,1,1
0.341,0.314,0.44,0,0,1,1
0.14,0.311,0.44,0,0,1,1
0.143,0.311,0.44,0,0,1,1
0.146,0.311,0.44,0,0,1,1
0.149,0.311,0.44,0,0,1,1
0.152,0.311,0.44,0,0,1,1
0.155,0.311,0.44,0,0,1,1
0.158,0.311,0.44,0,0,1,1
0.161,0.311,0.44,0,0,1,1
0.164,0.311,0.44,0,0,1,1
0.167,0.311,0.44,0,0,1,1
0.17,0.311,0.44,0,0,1,1
0.173,0.311,0.44,0,0,1,1
0.176,0.311,0.44,0,0,1,1
0.179,0.311,0.44,0,0,1,1
0.182,0.311,0.44,0,0,1,1
0.185,0.311,0.44,0,0,1,1
0.188,0.311,0.44,0,0,1,1
0.191,0.311,0.44,0,0,1,1
0.194,0.311,0.44,0,0,1,1
0.197,0.311,0.44,0,0,1,1
0.2,0.311,0.44,0,0,1,1
0.203,0.311,0.44,0,0,1,1
0.206,0.311,0.44,0,0,1,1
0.209,0.311,0.44,0,0,1,1
0.212,0.311,0.44,0,0,1,1
0.215,0.311,0.44,0,0,1,1
0.218,0.311,0.44,0,0,1,1
0.221,0.311,0.44,0,0,1,1
0.224,0.311,0.44,0,0,1,1
0.227,0.311,0.44,0,0,1,1
0.23,0.311,0.44,0,0,1,1
0.233,0.311,0.44,0,0,1,1
0.236,0.311,0.44,0,0,1,1
0.239,0.311,0.44,0,0,1,1
0.242,0.311,0.44,0,0,1,1
0.245,0.311,0.44,0,0,1,1
0.248,0.311,0.44,0,0,1,1
0.251,0.311,0.44,0,0,1,1
0.254,0.311,0.44,0,0,1,1
0.257,0.311,0.44,0,0,1,1
0.26,0.311,0.44,0,0,1,1
0.263,0.311,0.44,0,0,1,1
0.266,0.311,0.44,0,0,1,1
0.269,0.311,0.44,0,0,1,1
0.272,0.311,0.44,0,0,1,1
0.275,0.311,0.44,0,0,1,1
0.278,0.311,0.44,0,0,1,1
0.281,0.311,0.44,0,0,1,1
0.284,0.311,0.44,0,0,1,1
0.287,0.311,0.44,0,0,1,1
0.29,0.311,0.44,0,0,1,1
0.293,0.311,0.44,0,0,1,1
0.296,0.311,0.44,0,0,1,1
0.299,0.311,0.44,0,0,1,1
0.302,0.311,0.44,0,0,1,1
0.305,0.311,0.44,0,0,1,1
0.308,0.311,0.44,0,0,1,1
0.311,0.311,0.44,0,0,1,1
0.314,0.311,0.44,0,0,1,1
0.317,0.311,0.44,0,0,1,1
0.32,0.311,0.44,0,0,1,1
0.323,0.311,0.44,0,0,1,1
0.326,0.311,0.44,0,0,1,1
0.329,0.311,0.44,0,0,1,1
0.332,0.311,0.44,0,0,1,1
0.335,0.311,0.44,0,0,1,1
0.338,0.311,0.44,0,0,1,1
0.341,0.311,0.44,0,0,1,1
0.14,0.308,0.44,0,0,1,1
0.143,0.308,0.44,0,0,1,1
0.146,0.308,0.44,0,0,1,1
0.149,0.308,0.44,0,0,1,1
0.152,0.308,0.44,0,0,1,1
0.155,0.308,0.44,0,0,1,1
0.158,0.308,0.44,0,0,1,1
0.161,0.308,0.44,0,0,1,1
0.164,0.308,0.44,0,0,1,1
0.167,0.308,0.44,0,0,1,1
0.17,0.308,0.44,0,0,1,1
0.173,0.308,0.44,0,0,1,1
0.176,0.308,0.44,0,0,1,1
0.179,0.308,0.44,0,0,1,1
0.182,0.308,0.44,0,0,1,1
0.185,0.308,0.44,0,0,1,1
0.188,0.308,0.44,0,0,1,1
0.191,0.308,0.44,0,0,1,1
0.194,0.308,0.44,0,0,1,1
0.197,0.308,0.44,0,0,1,1
0.2,0.308,0.44,0,0,1,1
0.203,0.308,0.44,0,0,1,1
0.206,0.308,0.44,0,0,1,1
0.209,0.308,0.44,0,0,1,1
0.212,0.308,0.44,0,0,1,1
0.215,0.308,0.44,0,0,1,1
0.218,0.308,0.44,0,0,1,1
0.221,0.308,0.44,0,0,1,1
0.224,0.308,0.44,0,0,1,1
0.227,0.308,0.44,0,0,1,1
0.23,0.308,0.44,0,0,1,1
0.233,0.308,0.44,0,0,1,1
0.236,0.308,0.44,0,0,1,1
0.239,0.308,0.44,0,0,1,1
0.242,0.308,0.44,0,0,1,1
0.245,0.308,0.44,0,0,1,1
0.248,0.308,0.44,0,0,1,1
0.251,0.308,0.44,0,0,1,1
0.254,0.308,0.44,0,0,1,1
0.257,0.308,0.44,0,0,1,1
0.26,0.308,0.44,0,0,1,1
0.263,0.308,0.44,0,0,1,1
0.266,0.308,0.44,0,0,1,1
0.269,0.308,0.44,0,0,1,1
0.272,0.308,0.44,0,0,1,1
0.275,0.308,0.44,0,0,1,1
0.278,0.308,0.44,0,0,1,1
0.281,0.308,0.44,0,0,1,1
0.284,0.308,0.44,0,0,1,1
0.287,0.308,0.44,0,0,1,1
0.29,0.308,0.44,0,0,1,1
0.293,0.308,0.44,0,0,1,1
0.296,0.308,0.44,0,0,1,1
0.299,0.308,0.44,0,0,1,1
0.302,0.308,0.44,0,0,1,1
0.305,0.308,0.44,0,0,1,1
0.308,0.308,0.44,0,0,1,1
0.311,0.308,0.44,0,0,1,1
0.314,0.308,0.44,0,0,1,1
0.317,0.308,0.44,0,0,1,1
0.32,0.308,0.44,0,0,1,1
0.323,0.308,0.44,0,0,1,1
0.326,0.308,0.44,0,0,1,1
0.329,0.308,0.44,0,0,1,1
0.332,0.308,0.44,0,0,1,1
0.335,0.308,0.44,0,0,1,1
0.338,0.308,0.44,0,0,1,1
0.341,0.308,0.44,0,0,1,1
0.14,0.305,0.44,0,0,1,1
0.143,0.305,0.44,0,0,1,1
0.146,0.305,0.44,0,0,1,1
0.149,0.305,0.44,0,0,1,1
0.152,0.305,0.44,0,0,1,1
0.155,0.305,0.44,0,0,1,1
0.158,0.305,0.44,0,0,1,1
0.161,0.305,0.44,0,0,1,1
0.164,0.305,0.44,0,0,1,1
0.167,0.305,0.44,0,0,1,1
0.17,0.305,0.44,0,0,1,1
0.173,0.305,0.44,0,0,1,1
0.176,0.305,0.44,0,0,1,1
0.179,0.305,0.44,0,0,1,1
0.182,0.305,0.44,0,0,1,1
0.185,0.305,0.44,0,0,1,1
0.188,0.305,0.44,0,0,1,1
0.191,0.305,0.44,0,0,1,1
0.194,0.305,0.44,0,0,1,1
0.197,0.305,0.44,0,0,1,1
0.2,0.305,0.44,0,0,1,1
0.203,0.305,0.44,0,0,1,1
0.206,0.305,0.44,0,0,1,1
0.209,0.305,0.44,0,0,1,1
0.212,0.305,0.44,0,0,1,1
0.215,0.305,0.44,0,0,1,1
0.218,0.305,0.44,0,0,1,1
0.221,0.305,0.44,0,0,1,1
0.224,0.305,0.44,0,0,1,1
0.227,0.305,0.44,0,0,1,1
0.23,0.305,0.44,0,0,1,1
0.233,0.305,0.44,0,0,1,1
0.236,0.305,0.44,0,0,1,1
0.239,0.305,0.44,0,0,1,1
0.242,0.305,0.44,0,0,1,1
0.245,0.305,0.44,0,0,1,1
0.248,0.305,0.44,0,0,1,1
0.251,0.305,0.44,0,0,1,1
0.254,0.305,0.44,0,0,1,1
0.257,0.305,0.44,0,0,1,1
0.26,0.305,0.44,0,0,1,1
0.263,0.305,0.44,0,0,1,1
0.266,0.305,0.44,0,0,1,1
0.269,0.305,0.44,0,0,1,1
0.272,0.305,0.44,0,0,1,1
0.275,0.305,0.44,0,0,1,1
0.278,0.305,0.44,0,0,1,1
0.281,0.305,0.44,0,0,1,1
0.284,0.305,0.44,0,0,1,1
0.287,0.305,0.44,0,0,1,1
0.29,0.305,0.44,0,0,1,1
0.293,0.305,0.44,0,0,1,1
0.296,0.305,0.44,0,0,1,1
0.299,0.305,0.44,0,0,1,1
0.302,0.305,0.44,0,0,1,1
0.305,0.305,0.44,0,0,1,1
0.308,0.305,0.44,0,0,1,1
0.311,0.305,0.44,0,0,1,1
0.314,0.305,0.44,0,0,1,1
0.317,0.305,0.44,0,0,1,1
0.32,0.305,0.44,0,0,1,1
0.323,0.305,0.44,0,0,1,1
0.326,0.305,0.44,0,0,1,1
0.329,0.305,0.44,0,0,1,1
0.332,0.305,0.44,0,0,1,1
0.335,0.305,0.44,0,0,1,1
0.338,0.305,0.44,0,0,1,1
0.341,0.305,0.44,0,0,1,1
0.14,0.302,0.44,0,0,1,1
0.143,0.302,0.44,0,0,1,1
0.146,0.302,0.44,0,0,1,1
0.149,0.302,0.44,0,0,1,1
0.152,0.302,0.44,0,0,1,1
0.155,0.302,0.44,0,0,1,1
0.158,0.302,0.44,0,0,1,1
0.161,0.302,0.44,0,0,1,1
0.164,0.302,0.44,0,0,1,1
0.167,0.302,0.44,0,0,1,1
0.17,0.302,0.44,0,0,1,1
0.173,0.302,0.44,0,0,1,1
0.176,0.302,0.44,0,0,1,1
0.179,0.302,0.44,0,0,1,1
0.182,0.302,0.44,0,0,1,1
0.185,0.302,0.44,0,0,1,1
0.188,0.302,0.44,0,0,1,1
0.191,0.302,0.44,0,0,1,1
0.194,0.302,0.44,0,0,1,1
0.197,0.302,0.44,0,0,1,1
0.2,0.302,0.44,0,0,1,1
0.203,0.302,0.44,0,0,1,1
0.206,0.302,0.44,0,0,1,1
0.209,0.302,0.44,0,0,1,1
0.212,0.302,0.44,0,0,1,1
0.215,0.302,0.44,0,0,1,1
0.218,0.302,0.44,0,0,1,1
0.221,0.302,0.44,0,0,1,1
0.224,0.302,0.44,0,0,1,1
0.227,0.302,0.44,0,0,1,1
0.23,0.302,0.44,0,0,1,1
0.233,0.302,0.44,0,0,1,1
0.236,0.302,0.44,0,0,1,1
0.239,0.302,0.44,0,0,1,1
0.242,0.302,0.44,0,0,1,1
0.245,0.302,0.44,0,0,1,1
0.248,0.302,0.44,0,0,1,1
0.251,0.302,0.44,0,0,1,1
0.254,0.302,0.44,0,0,1,1
0.257,0.302,0.44,0,0,1,1
0.26,0.302,0.44,0,0,1,1
0.263,0.302,0.44,0,0,1,1
0.266,0.302,0.44,0,0,1,1
0.269,0.302,0.44,0,0,1,1
0.272,0.302,0.44,0,0,1,1
0.275,0.302,0.44,0,0,1,1
0.278,0.302,0.44,0,0,1,1
0.281,0.302,0.44,0,0,1,1
0.284,0.302,0.44,0,0,1,1
0.287,0.302,0.44,0,0,1,1
0.29,0.302,0.44,0,0,1,1
0.293,0.302,0.44,0,0,1,1
0.296,0.302,0.44,0,0,1,1
0.299,0.302,0.44,0,0,1,1
0.302,0.302,0.44,0,0,1,1
0.305,0.302,0.44,0,0,1,1
0.308,0.302,0.44,0,0,1,1
0.311,0.302,0.44,0,0,1,1
0.314,0.302,0.44,0,0,1,1
0.317,0.302,0.44,0,0,1,1
0.32,0.302,0.44,0,0,1,1
0.323,0.302,0.44,0,0,1,1
0.326,0.302,0.44,0,0,1,1
0.329,0.302,0.44,0,0,1,1
0.332,0.302,0.44,0,0,1,1
0.335,0.302,0.44,0,0,1,1
0.338,0.302,0.44,0,0,1,1
0.341,0.302,0.44,0,0,1,1
0.14,0.299,0.44,0,0,1,1
0.143,0.299,0.44,0,0,1,1
0.146,0.299,0.44,0,0,1,1
0.149,0.299,0.44,0,0,1,1
0.152,0.299,0.44,0,0,1,1
0.155,0.299,0.44,0,0,1,1
0.158,0.299,0.44,0,0,1,1
0.161,0.299,0.44,0,0,1,1
0.164,0.299,0.44,0,0,1,1
0.167,0.299,0.44,0,0,1,1
0.17,0.299,0.44,0,0,1,1
0.173,0.299,0.44,0,0,1,1
0.176,0.299,0.44,0,0,1,1
0.179,0.299,0.44,0,0,1,1
0.182,0.299,0.44,0,0,1,1
0.185,0.299,0.44,0,0,1,1
0.188,0.299,0.44,0,0,1,1
0.191,0.299,0.44,0,0,1,1
0.194,0.299,0.44,0,0,1,1
0.197,0.299,0.44,0,0,1,1
0.2,0.299,0.44,0,0,1,1
0.203,0.299,0.44,0,0,1,1
0.206,0.299,0.44,0,0,1,1
0.209,0.299,0.44,0,0,1,1
0.212,0.299,0.44,0,0,1,1
0.215,0.299,0.44,0,0,1,1
0.218,0.299,0.44,0,0,1,1
0.221,0.299,0.44,0,0,1,1
0.224,0.299,0.44,0,0,1,1
0.227,0.299,0.44,0,0,1,1
0.23,0.299,0.44,0,0,1,1
0.233,0.299,0.44,0,0,1,1
0.236,0.299,0.44,0,0,1,1
0.239,0.299,0.44,0,0,1,1
0.242,0.299,0.44,0,0,1,1
0.245,0.299,0.44,0,0,1,1
0.248,0.299,0.44,0,0,1,1
0.251,0.299,0.44,0,0,1,1
0.254,0.299,0.44,0,0,1,1
0.257,0.299,0.44,0,0,1,1
0.26,0.299,0.44,0,0,1,1
0.263,0.299,0.44,0,0,1,1
0.266,0.299,0.44,0,0,1,1
0.269,0.299,0.44,0,0,1,1
0.272,0.299,0.44,0,0,1,1
0.275,0.299,0.44,0,0,1,1
0.278,0.299,0.44,0,0,1,1
0.281,0.299,0.44,0,0,1,1
0.284,0.299,0.44,0,0,1,1
0.287,0.299,0.44,0,0,1,1
0.29,0.299,0.44,0,0,1,1
0.293,0.299,0.44,0,0,1,1
0.296,0.299,0.44,0,0,1,1
0.299,0.299,0.44,0,0,1,1
0.302,0.299,0.44,0,0,1,1
0.305,0.299,0.44,0,0,1,1
0.308,0.299,0.44,0,0,1,1
0.311,0.299,0.44,0,0,1,1
0.314,0.299,0.44,0,0,1,1
0.317,0.299,0.44,0,0,1,1
0.32,0.299,0.44,0,0,1,1
0.323,0.299,0.44,0,0,1,1
0.326,0.299,0.44,0,0,1,1
0.329,0.299,0.44,0,0,1,1
0.332,0.299,0.44,0,0,1,1
0.335,0.299,0.44,0,0,1,1
0.338,0.299,0.44,0,0,1,1
0.341,0.299,0.44,0,0,1,1
0.14,0.296,0.44,0,0,1,1
0.143,0.296,0.44,0,0,1,1
0.146,0.296,0.44,0,0,1,1
0.149,0.296,0.44,0,0,1,1
0.152,0.296,0.44,0,0,1,1
0.155,0.296,0.44,0,0,1,1
0.158,0.296,0.44,0,0,1,1
0.161,0.296,0.44,0,0,1,1
0.164,0.296,0.44,0,0,1,1
0.167,0.296,0.44,0,0,1,1
0.17,0.296,0.44,0,0,1,1
0.173,0.296,0.44,0,0,1,1
0.176,0.296,0.44,0,0,1,1
0.179,0.296,0.44,0,0,1,1
0.182,0.296,0.44,0,0,1,1
0.185,0.296,0.44,0,0,1,1
0.188,0.296,0.44,0,0,1,1
0.191,0.296,0.44,0,0,1,1
0.194,0.296,0.44,0,0,1,1
0.197,0.296,0.44,0,0,1,1
0.2,0.296,0.44,0,0,1,1
0.203,0.296,0.44,0,0,1,1
0.206,0.296,0.44,0,0,1,1
0.209,0.296,0.44,0,0,1,1
0.212,0.296,0.44,0,0,1,1
0.215,0.296,0.44,0,0,1,1
0.218,0.296,0.44,0,0,1,1
0.221,0.296,0.44,0,0,1,1
0.224,0.296,0.44,0,0,1,1
0.227,0.296,0.44,0,0,1,1
0.23,0.296,0.44,0,0,1,1
0.233,0.296,0.44,0,0,1,1
0.236,0.296,0.44,0,0,1,1
0.239,0.296,0.44,0,0,1,1
0.242,0.296,0.44,0,0,1,1
0.245,0.296,0.44,0,0,1,1
0.248,0.296,0.44,0,0,1,1
0.251,0.296,0.44,0,0,1,1
0.254,0.296,0.44,0,0,1,1
0.257,0.296,0.44,0,0,1,1
0.26,0.296,0.44,0,0,1,1
0.263,0.296,0.44,0,0,1,1
0.266,0.296,0.44,0,0,1,1
0.269,0.296,0.44,0,0,1,1
0.272,0.296,0.44,0,0,1,1
0.275,0.296,0.44,0,0,1,1
0.278,0.296,0.44,0,0,1,1
0.281,0.296,0.44,0,0,1,1
0.284,0.296,0.44,0,0,1,1
0.287,0.296,0.44,0,0,1,1
0.29,0.296,0.44,0,0,1,1
0.293,0.296,0.44,0,0,1,1
0.296,0.296,0.44,0,0,1,1
0.299,0.296,0.44,0,0,1,1
0.302,0.296,0.44,0,0,1,1
0.305,0.296,0.44,0,0,1,1
0.308,0.296,0.44,0,0,1,1
0.311,0.296,0.44,0,0,1,1
0.314,0.296,0.44,0,0,1,1
0.317,0.296,0.44,0,0,1,1
0.32,0.296,0.44,0,0,1,1
0.323,0.296,0.44,0,0,1,1
0.326,0.296,0.44,0,0,1,1
0.329,0.296,0.44,0,0,1,1
0.332,0.296,0.44,0,0,1,1
0.335,0.296,0.44,0,0,1,1
0.338,0.296,0.44,0,0,1,1
0.341,0.296,0.44,0,0,1,1
0.14,0.293,0.44,0,0,1,1
0.143,0.293,0.44,0,0,1,1
0.146,0.293,0.44,0,0,1,1
0.149,0.293,0.44,0,0,1,1
0.152,0.293,0.44,0,0,1,1
0.155,0.293,0.44,0,0,1,1
0.158,0.293,0.44,0,0,1,1
0.161,0.293,0.44,0,0,1,1
0.164,0.293,0.44,0,0,1,1
0.167,0.293,0.44,0,0,1,1
0.17,0.293,0.44,0,0,1,1
0.173,0.293,0.44,0,0,1,1
0.176,0.293,0.44,0,0,1,1
0.179,0.293,0.44,0,0,1,1
0.182,0.293,0.44,0,0,1,1
0.185,0.293,0.44,0,0,1,1
0.188,0.293,0.44,0,0,1,1
0.191,0.293,0.44,0,0,1,1
0.194,0.293,0.44,0,0,1,1
0.197,0.293,0.44,0,0,1,1
0.2,0.293,0.44,0,0,1,1
0.203,0.293,0.44,0,0,1,1
0.206,0.293,0.44,0,0,1,1
0.209,0.293,0.44,0,0,1,1
0.212,0.293,0.44,0,0,1,1
0.215,0.293,0.44,0,0,1,1
0.218,0.293,0.44,0,0,1,1
0.221,0.293,0.44,0,0,1,1
0.224,0.293,0.44,0,0,1,1
0.227,0.293,0.44,0,0,1,1
0.23,0.293,0.44,0,0,1,1
0.233,0.293,0.44,0,0,1,1
0.236,0.293,0.44,0,0,1,1
0.239,0.293,0.44,0,0,1,1
0.242,0.293,0.44,0,0,1,1
0.245,0.293,0.44,0,0,1,1
0.248,0.293,0.44,0,0,1,1
0.251,0.293,0.44,0,0,1,1
0.254,0.293,0.44,0,0,1,1
0.257,0.293,0.44,0,0,1,1
0.26,0.293,0.44,0,0,1,1
0.263,0.293,0.44,0,0,1,1
0.266,0.293,0.44,0,0,1,1
0.269,0.293,0.44,0,0,1,1
0.272,0.293,0.44,0,0,1,1
0.275,0.293,0.44,0,0,1,1
0.278,0.293,0.44,0,0,1,1
0.281,0.293,0.44,0,0,1,1
0.284,0.293,0.44,0,0,1,1
0.287,0.293,0.44,0,0,1,1
0.29,0.293,0.44,0,0,1,1
0.293,0.293,0.44,0,0,1,1
0.296,0.293,0.44,0,0,1,1
0.299,0.293,0.44,0,0,1,1
0.302,0.293,0.44,0,0,1,1
0.305,0.293,0.44,0,0,1,1
0.308,0.293,0.44,0,0,1,1
0.311,0.293,0.44,0,0,1,1
0.314,0.293,0.44,0,0,1,1
0.317,0.293,0.44,0,0,1,1
0.32,0.293,0.44,0,0,1,1
0.323,0.293,0.44,0,0,1,1
0.326,0.293,0.44,0,0,1,1
0.329,0.293,0.44,0,0,1,1
0.332,0.293,0.44,0,0,1,1
0.335,0.293,0.44,0,0,1,1
0.338,0.293,0.44,0,0,1,1
0.341,0.293,0.44,0,0,1,1
0.14,0.29,0.44,0,0,1,1
0.143,0.29,0.44,0,0,1,1
0.146,0.29,0.44,0,0,1,1
0.149,0.29,0.44,0,0,1,1
0.152,0.29,0.44,0,0,1,1
0.155,0.29,0.44,0,0,1,1
0.158,0.29,0.44,0,0,1,1
0.161,0.29,0.44,0,0,1,1
0.164,0.29,0.44,0,0,1,1
0.167,0.29,0.44,0,0,1,1
0.17,0.29,0.44,0,0,1,1
0.173,0.29,0.44,0,0,1,1
0.176,0.29,0.44,0,0,1,1
0.179,0.29,0.44,0,0,1,1
0.182,0.29,0.44,0,0,1,1
0.185,0.29,0.44,0,0,1,1
0.188,0.29,0.44,0,0,1,1
0.191,0.29,0.44,0,0,1,1
0.194,0.29,0.44,0,0,1,1
0.197,0.29,0.44,0,0,1,1
0.2,0.29,0.44,0,0,1,1
0.203,0.29,0.44,0,0,1,1
0.206,0.29,0.44,0,0,1,1
0.209,0.29,0.44,0,0,1,1
0.212,0.29,0.44,0,0,1,1
0.215,0.29,0.44,0,0,1,1
0.218,0.29,0.44,0,0,1,1
0.221,0.29,0.44,0,0,1,1
0.224,0.29,0.44,0,0,1,1
0.227,0.29,0.44,0,0,1,1
0.23,0.29,0.44,0,0,1,1
0.233,0.29,0.44,0,0,1,1
0.236,0.29,0.44,0,0,1,1
0.239,0.29,0.44,0,0,1,1
0.242,0.29,0.44,0,0,1,1
0.245,0.29,0.44,0,0,1,1
0.248,0.29,0.44,0,0,1,1
0.251,0.29,0.44,0,0,1,1
0.254,0.29,0.44,0,0,1,1
0.257,0.29,0.44,0,0,1,1
0.26,0.29,0.44,0,0,1,1
0.263,0.29,0.44,0,0,1,1
0.266,0.29,0.44,0,0,1,1
0.269,0.29,0.44,0,0,1,1
0.272,0.29,0.44,0,0,1,1
0.275,0.29,0.44,0,0,1,1
0.278,0.29,0.44,0,0,1,1
0.281,0.29,0.44,0,0,1,1
0.284,0.29,0.44,0,0,1,1
0.287,0.29,0.44,0,0,1,1
0.29,0.29,0.44,0,0,1,1
0.293,0.29,0.44,0,0,1,1
0.296,0.29,0.44,0,0,1,1
0.299,0.29,0.44,0,0,1,1
0.302,0.29,0.44,0,0,1,1
0.305,0.29,0.44,0,0,1,1
0.308,0.29,0.44,0,0,1,1
0.311,0.29,0.44,0,0,1,1
0.314,0.29,0.44,0,0,1,1
0.317,0.29,0.44,0,0,1,1
0.32,0.29,0.44,0,0,1,1
0.323,0.29,0.44,0,0,1,1
0.326,0.29,0.44,0,0,1,1
0.329,0.29,0.44,0,0,1,1
0.332,0.29,0.44,0,0,1,1
0.335,0.29,0.44,0,0,1,1
0.338,0.29,0.44,0,0,1,1
0.341,0.29,0.44,0,0,1,1
0.14,0.287,0.44,0,0,1,1
0.143,0.287,0.44,0,0,1,1
0.146,0.287,0.44,0,0,1,1
0.149,0.287,0.44,0,0,1,1
0.152,0.287,0.44,0,0,1,1
0.155,0.287,0.44,0,0,1,1
0.158,0.287,0.44,0,0,1,1
0.161,0.287,0.44,0,0,1,1
0.164,0.287,0.44,0,0,1,1
0.167,0.287,0.44,0,0,1,1
0.17,0.287,0.44,0,0,1,1
0.173,0.287,0.44,0,0,1,1
0.176,0.287,0.44,0,0,1,1
0.179,0.287,0.44,0,0,1,1
0.182,0.287,0.44,0,0,1,1
0.185,0.287,0.44,0,0,1,1
0.188,0.287,0.44,0,0,1,1
0.191,0.287,0.44,0,0,1,1
0.194,0.287,0.44,0,0,1,1
0.197,0.287,0.44,0,0,1,1
0.2,0.287,0.44,0,0,1,1
0.203,0.287,0.44,0,0,1,1
0.206,0.287,0.44,0,0,1,1
0.209,0.287,0.44,0,0,1,1
0.212,0.287,0.44,0,0,1,1
0.215,0.287,0.44,0,0,1,1
0.218,0.287,0.44,0,0,1,1
0.221,0.287,0.44,0,0,1,1
0.224,0.287,0.44,0,0,1,1
0.227,0.287,0.44,0,0,1,1
0.23,0.287,0.44,0,0,1,1
0.233,0.287,0.44,0,0,1,1
0.236,0.287,0.44,0,0,1,1
0.239,0.287,0.44,0,0,1,1
0.242,0.287,0.44,0,0,1,1
0.245,0.287,0.44,0,0,1,1
0.248,0.287,0.44,0,0,1,1
0.251,0.287,0.44,0,0,1,1
0.254,0.287,0.44,0,0,1,1
0.257,0.287,0.44,0,0,1,1
0.26,0.287,0.44,0,0,1,1
0.263,0.287,0.44,0,0,1,1
0.266,0.287,0.44,0,0,1,1
0.269,0.287,0.44,0,0,1,1
0.272,0.287,0.44,0,0,1,1
0.275,0.287,0.44,0,0,1,1
0.278,0.287,0.44,0,0,1,1
0.281,0.287,0.44,0,0,1,1
0.284,0.287,0.44,0,0,1,1
0.287,0.287,0.44,0,0,1,1
0.29,0.287,0.44,0,0,1,1
0.293,0.287,0.44,0,0,1,1
0.296,0.287,0.44,0,0,1,1
0.299,0.287,0.44,0,0,1,1
0.302,0.287,0.44,0,0,1,1
0.305,0.287,0.44,0,0,1,1
0.308,0.287,0.44,0,0,1,1
0.311,0.287,0.44,0,0,1,1
0.314,0.287,0.44,0,0,1,1
0.317,0.287,0.44,0,0,1,1
0.32,0.287,0.44,0,0,1,1
0.323,0.287,0.44,0,0,1,1
0.326,0.287,0.44,0,0,1,1
0.329,0.287,0.44,0,0,1,1
0.332,0.287,0.44,0,0,1,1
0.335,0.287,0.44,0,0,1,1
0.338,0.287,0.44,0,0,1,1
0.341,0.287,0.44,0,0,1,1
0.14,0.284,0.44,0,0,1,1
0.143,0.284,0.44,0,0,1,1
0.146,0.284,0.44,0,0,1,1
0.149,0.284,0.44,0,0,1,1
0.152,0.284,0.44,0,0,1,1
0.155,0.284,0.44,0,0,1,1
0.158,0.284,0.44,0,0,1,1
0.161,0.284,0.44,0,0,1,1
0.164,0.284,0.44,0,0,1,1
0.167,0.284,0.44,0,0,1,1
0.17,0.284,0.44,0,0,1,1
0.173,0.284,0.44,0,0,1,1
0.176,0.284,0.44,0,0,1,1
0.179,0.284,0.44,0,0,1,1
0.182,0.284,0.44,0,0,1,1
0.185,0.284,0.44,0,0,1,1
0.188,0.284,0.44,0,0,1,1
0.191,0.284,0.44,0,0,1,1
0.194,0.284,0.44,0,0,1,1
0.197,0.284,0.44,0,0,1,1
0.2,0.284,0.44,0,0,1,1
0.203,0.284,0.44,0,0,1,1
0.206,0.284,0.44,0,0,1,1
0.209,0.284,0.44,0,0,1,1
0.212,0.284,0.44,0,0,1,1
0.215,0.284,0.44,0,0,1,1
0.218,0.284,0.44,0,0,1,1
0.221,0.284,0.44,0,0,1,1
0.224,0.284,0.44,0,0,1,1
0.227,0.284,0.44,0,0,1,1
0.23,0.284,0.44,0,0,1,1
0.233,0.284,0.44,0,0,1,1
0.236,0.284,0.44,0,0,1,1
0.239,0.284,0.44,0,0,1,1
0.242,0.284,0.44,0,0,1,1
0.245,0.284,0.44,0,0,1,1
0.248,0.284,0.44,0,0,1,1
0.251,0.284,0.44,0,0,1,1
0.254,0.284,0.44,0,0,1,1
0.257,0.284,0.44,0,0,1,1
0.26,0.284,0.44,0,0,1,1
0.263,0.284,0.44,0,0,1,1
0.266,0.284,0.44,0,0,1,1
0.269,0.284,0.44,0,0,1,1
0.272,0.284,0.44,0,0,1,1
0.275,0.284,0.44,0,0,1,1
0.278,0.284,0.44,0,0,1,1
0.281,0.284,0.44,0,0,1,1
0.284,0.284,0.44,0,0,1,1
0.287,0.284,0.44,0,0,1,1
0.29,0.284,0.44,0,0,1,1
0.293,0.284,0.44,0,0,1,1
0.296,0.284,0.44,0,0,1,1
0.299,0.284,0.44,0,0,1,1
0.302,0.284,0.44,0,0,1,1
0.305,0.284,0.44,0,0,1,1
0.308,0.284,0.44,0,0,1,1
0.311,0.284,0.44,0,0,1,1
0.314,0.284,0.44,0,0,1,1
0.317,0.284,0.44,0,0,1,1
0.32,0.284,0.44,0,0,1,1
0.323,0.284,0.44,0,0,1,1
0.326,0.284,0.44,0,0,1,1
0.329,0.284,0.44,0,0,1,1
0.332,0.284,0.44,0,0,1,1
0.335,0.284,0.44,0,0,1,1
0.338,0.284,0.44,0,0,1,1
0.341,0.284,0.44,0,0,1,1
0.14,0.281,0.44,0,0,1,1
0.143,0.281,0.44,0,0,1,1
0.146,0.281,0.44,0,0,1,1
0.149,0.281,0.44,0,0,1,1
0.152,0.281,0.44,0,0,1,1
0.155,0.281,0.44,0,0,1,1
0.158,0.281,0.44,0,0,1,1
0.161,0.281,0.44,0,0,1,1
0.164,0.281,0.44,0,0,1,1
0.167,0.281,0.44,0,0,1,1
0.17,0.281,0.44,0,0,1,1
0.173,0.281,0.44,0,0,1,1
0.176,0.281,0.44,0,0,1,1
0.179,0.281,0.44,0,0,1,1
0.182,0.281,0.44,0,0,1,1
0.185,0.281,0.44,0,0,1,1
0.188,0.281,0.44,0,0,1,1
0.191,0.281,0.44,0,0,1,1
0.194,0.281,0.44,0,0,1,1
0.197,0.281,0.44,0,0,1,1
0.2,0.281,0.44,0,0,1,1
0.203,0.281,0.44,0,0,1,1
0.206,0.281,0.44,0,0,1,1
0.209,0.281,0.44,0,0,1,1
0.212,0.281,0.44,0,0,1,1
0.215,0.281,0.44,0,0,1,1
0.218,0.281,0.44,0,0,1,1
0.221,0.281,0.44,0,0,1,1
0.224,0.281,0.44,0,0,1,1
0.227,0.281,0.44,0,0,1,1
0.23,0.281,0.44,0,0,1,1
0.233,0.281,0.44,0,0,1,1
0.236,0.281,0.44,0,0,1,1
0.239,0.281,0.44,0,0,1,1
0.242,0.281,0.44,0,0,1,1
0.245,0.281,0.44,0,0,1,1
0.248,0.281,0.44,0,0,1,1
0.251,0.281,0.44,0,0,1,1
0.254,0.281,0.44,0,0,1,1
0.257,0.281,0.44,0,0,1,1
0.26,0.281,0.44,0,0,1,1
0.263,0.281,0.44,0,0,1,1
0.266,0.281,0.44,0,0,1,1
0.269,0.281,0.44,0,0,1,1
0.272,0.281,0.44,0,0,1,1
0.275,0.281,0.44,0,0,1,1
0.278,0.281,0.44,0,0,1,1
0.281,0.281,0.44,0,0,1,1
0.284,0.281,0.44,0,0,1,1
0.287,0.281,0.44,0,0,1,1
0.29,0.281,0.44,0,0,1,1
0.293,0.281,0.44,0,0,1,1
0.296,0.281,0.44,0,0,1,1
0.299,0.281,0.44,0,0,1,1
0.302,0.281,0.44,0,0,1,1
0.305,0.281,0.44,0,0,1,1
0.308,0.281,0.44,0,0,1,1
0.311,0.281,0.44,0,0,1,1
0.314,0.281,0.44,0,0,1,1
0.317,0.281,0.44,0,0,1,1
0.32,0.281,0.44,0,0,1,1
0.323,0.281,0.44,0,0,1,1
0.326,0.281,0.44,0,0,1,1
0.329,0.281,0.44,0,0,1,1
0.332,0.281,0.44,0,0,1,1
0.335,0.281,0.44,0,0,1,1
0.338,0.281,0.44,0,0,1,1
0.341,0.281,0.44,0,0,1,1
0.14,0.278,0.44,0,0,1,1
0.143,0.278,0.44,0,0,1,1
0.146,0.278,0.44,0,0,1,1
0.149,0.278,0.44,0,0,1,1
0.152,0.278,0.44,0,0,1,1
0.155,0.278,0.44,0,0,1,1
0.158,0.278,0.44,0,0,1,1
0.161,0.278,0.44,0,0,1,1
0.164,0.278,0.44,0,0,1,1
0.167,0.278,0.44,0,0,1,1
0.17,0.278,0.44,0,0,1,1
0.173,0.278,0.44,0,0,1,1
0.176,0.278,0.44,0,0,1,1
0.179,0.278,0.44,0,0,1,1
0.182,0.278,0.44,0,0,1,1
0.185,0.278,0.44,0,0,1,1
0.188,0.278,0.44,0,0,1,1
0.191,0.278,0.44,0,0,1,1
0.194,0.278,0.44,0,0,1,1
0.197,0.278,0.44,0,0,1,1
0.2,0.278,0.44,0,0,1,1
0.203,0.278,0.44,0,0,1,1
0.206,0.278,0.44,0,0,1,1
0.209,0.278,0.44,0,0,1,1
0.212,0.278,0.44,0,0,1,1
0.215,0.278,0.44,0,0,1,1
0.218,0.278,0.44,0,0,1,1
0.221,0.278,0.44,0,0,1,1
0.224,0.278,0.44,0,0,1,1
0.227,0.278,0.44,0,0,1,1
0.23,0.278,0.44,0,0,1,1
0.233,0.278,0.44,0,0,1,1
0.236,0.278,0.44,0,0,1,1
0.239,0.278,0.44,0,0,1,1
0.242,0.278,0.44,0,0,1,1
0.245,0.278,0.44,0,0,1,1
0.248,0.278,0.44,0,0,1,1
0.251,0.278,0.44,0,0,1,1
0.254,0.278,0.44,0,0,1,1
0.257,0.278,0.44,0,0,1,1
0.26,0.278,0.44,0,0,1,1
0.263,0.278,0.44,0,0,1,1
0.266,0.278,0.44,0,0,1,1
0.269,0.278,0.44,0,0,1,1
0.272,0.278,0.44,0,0,1,1
0.275,0.278,0.44,0,0,1,1
0.278,0.278,0.44,0,0,1,1
0.281,0.278,0.44,0,0,1,1
0.284,0.278,0.44,0,0,1,1
0.287,0.278,0.44,0,0,1,1
0.29,0.278,0.44,0,0,1,1
0.293,0.278,0.44,0,0,1,1
0.296,0.278,0.44,0,0,1,1
0.299,0.278,0.44,0,0,1,1
0.302,0.278,0.44,0,0,1,1
0.305,0.278,0.44,0,0,1,1
0.308,0.278,0.44,0,0,1,1
0.311,0.278,0.44,0,0,1,1
0.314,0.278,0.44,0,0,1,1
0.317,0.278,0.44,0,0,1,1
0.32,0.278,0.44,0,0,1,1
0.323,0.278,0.44,0,0,1,1
0.326,0.278,0.44,0,0,1,1
0.329,0.278,0.44,0,0,1,1
0.332,0.278,0.44,0,0,1,1
0.335,0.278,0.44,0,0,1,1
0.338,0.278,0.44,0,0,1,1
0.341,0.278,0.44,0,0,1,1
0.14,0.275,0.44,0,0,1,1
0.143,0.275,0.44,0,0,1,1
0.146,0.275,0.44,0,0,1,1
0.149,0.275,0.44,0,0,1,1
0.152,0.275,0.44,0,0,1,1
0.155,0.275,0.44,0,0,1,1
0.158,0.275,0.44,0,0,1,1
0.161,0.275,0.44,0,0,1,1
0.164,0.275,0.44,0,0,1,1
0.167,0.275,0.44,0,0,1,1
0.17,0.275,0.44,0,0,1,1
0.173,0.275,0.44,0,0,1,1
0.176,0.275,0.44,0,0,1,1
0.179,0.275,0.44,0,0,1,1
0.182,0.275,0.44,0,0,1,1
0.185,0.275,0.44,0,0,1,1
0.188,0.275,0.44,0,0,1,1
0.191,0.275,0.44,0,0,1,1
0.194,0.275,0.44,0,0,1,1
0.197,0.275,0.44,0,0,1,1
0.2,0.275,0.44,0,0,1,1
0.203,0.275,0.44,0,0,1,1
0.206,0.275,0.44,0,0,1,1
0.209,0.275,0.44,0,0,1,1
0.212,0.275,0.44,0,0,1,1
0.215,0.275,0.44,0,0,1,1
0.218,0.275,0.44,0,0,1,1
0.221,0.275,0.44,0,0,1,1
0.224,0.275,0.44,0,0,1,1
0.227,0.275,0.44,0,0,1,1
0.23,0.275,0.44,0,0,1,1
0.233,0.275,0.44,0,0,1,1
0.236,0.275,0.44,0,0,1,1
0.239,0.275,0.44,0,0,1,1
0.242,0.275,0.44,0,0,1,1
0.245,0.275,0.44,0,0,1,1
0.248,0.275,0.44,0,0,1,1
0.251,0.275,0.44,0,0,1,1
0.254,0.275,0.44,0,0,1,1
0.257,0.275,0.44,0,0,1,1
0.26,0.275,0.44,0,0,1,1
0.263,0.275,0.44,0,0,1,1
0.266,0.275,0.44,0,0,1,1
0.269,0.275,0.44,0,0,1,1
0.272,0.275,0.44,0,0,1,1
0.275,0.275,0.44,0,0,1,1
0.278,0.275,0.44,0,0,1,1
0.281,0.275,0.44,0,0,1,1
0.284,0.275,0.44,0,0,1,1
0.287,0.275,0.44,0,0,1,1
0.29,0.275,0.44,0,0,1,1
0.293,0.275,0.44,0,0,1,1
0.296,0.275,0.44,0,0,1,1
0.299,0.275,0.44,0,0,1,1
0.302,0.275,0.44,0,0,1,1
0.305,0.275,0.44,0,0,1,1
0.308,0.275,0.44,0,0,1,1
0.311,0.275,0.44,0,0,1,1
0.314,0.275,0.44,0,0,1,1
0.317,0.275,0.44,0,0,1,1
0.32,0.275,0.44,0,0,1,1
0.323,0.275,0.44,0,0,1,1
0.326,0.275,0.44,0,0,1,1
0.329,0.275,0.44,0,0,1,1
0.332,0.275,0.44,0,0,1,1
0.335,0.275,0.44,0,0,1,1
0.338,0.275,0.44,0,0,1,1
0.341,0.275,0.44,0,0,1,1
0.14,0.272,0.44,0,0,1,1
0.143,0.272,0.44,0,0,1,1
0.146,0.272,0.44,0,0,1,1
0.149,0.272,0.44,0,0,1,1
0.152,0.272,0.44,0,0,1,1
0.155,0.272,0.44,0,0,1,1
0.158,0.272,0.44,0,0,1,1
0.161,0.272,0.44,0,0,1,1
0.164,0.272,0.44,0,0,1,1
0.167,0.272,0.44,0,0,1,1
0.17,0.272,0.44,0,0,1,1
0.173,0.272,0.44,0,0,1,1
0.176,0.272,0.44,0,0,1,1
0.179,0.272,0.44,0,0,1,1
0.182,0.272,0.44,0,0,1,1
0.185,0.272,0.44,0,0,1,1
0.188,0.272,0.44,0,0,1,1
0.191,0.272,0.44,0,0,1,1
0.194,0.272,0.44,0,0,1,1
0.197,0.272,0.44,0,0,1,1
0.2,0.272,0.44,0,0,1,1
0.203,0.272,0.44,0,0,1,1
0.206,0.272,0.44,0,0,1,1
0.209,0.272,0.44,0,0,1,1
0.212,0.272,0.44,0,0,1,1
0.215,0.272,0.44,0,0,1,1
0.218,0.272,0.44,0,0,1,1
0.221,0.272,0.44,0,0,1,1
0.224,0.272,0.44,0,0,1,1
0.227,0.272,0.44,0,0,1,1
0.23,0.272,0.44,0,0,1,1
0.233,0.272,0.44,0,0,1,1
0.236,0.272,0.44,0,0,1,1
0.239,0.272,0.44,0,0,1,1
0.242,0.272,0.44,0,0,1,1
0.245,0.272,0.44,0,0,1,1
0.248,0.272,0.44,0,0,1,1
0.251,0.272,0.44,0,0,1,1
0.254,0.272,0.44,0,0,1,1
0.257,0.272,0.44,0,0,1,1
0.26,0.272,0.44,0,0,1,1
0.263,0.272,0.44,0,0,1,1
0.266,0.272,0.44,0,0,1,1
0.269,0.272,0.44,0,0,1,1
0.272,0.272,0.44,0,0,1,1
0.275,0.272,0.44,0,0,1,1
0.278,0.272,0.44,0,0,1,1
0.281,0.272,0.44,0,0,1,1
0.284,0.272,0.44,0,0,1,1
0.287,0.272,0.44,0,0,1,1
0.29,0.272,0.44,0,0,1,1
0.293,0.272,0.44,0,0,1,1
0.296,0.272,0.44,0,0,1,1
0.299,0.272,0.44,0,0,1,1
0.302,0.272,0.44,0,0,1,1
0.305,0.272,0.44,0,0,1,1
0.308,0.272,0.44,0,0,1,1
0.311,0.272,0.44,0,0,1,1
0.314,0.272,0.44,0,0,1,1
0.317,0.272,0.44,0,0,1,1
0.32,0.272,0.44,0,0,1,1
0.323,0.272,0.44,0,0,1,1
0.326,0.272,0.44,0,0,1,1
0.329,0.272,0.44,0,0,1,1
0.332,0.272,0.44,0,0,1,1
0.335,0.272,0.44,0,0,1,1
0.338,0.272,0.44,0,0,1,1
0.341,0.272,0.44,0,0,1,1
0.14,0.269,0.44,0,0,1,1
0.143,0.269,0.44,0,0,1,1
0.146,0.269,0.44,0,0,1,1
0.149,0.269,0.44,0,0,1,1
0.152,0.269,0.44,0,0,1,1
0.155,0.269,0.44,0,0,1,1
0.158,0.269,0.44,0,0,1,1
0.161,0.269,0.44,0,0,1,1
0.164,0.269,0.44,0,0,1,1
0.167,0.269,0.44,0,0,1,1
0.17,0.269,0.44,0,0,1,1
0.173,0.269,0.44,0,0,1,1
0.176,0.269,0.44,0,0,1,1
0.179,0.269,0.44,0,0,1,1
0.182,0.269,0.44,0,0,1,1
0.185,0.269,0.44,0,0,1,1
0.188,0.269,0.44,0,0,1,1
0.191,0.269,0.44,0,0,1,1
0.194,0.269,0.44,0,0,1,1
0.197,0.269,0.44,0,0,1,1
0.2,0.269,0.44,0,0,1,1
0.203,0.269,0.44,0,0,1,1
0.206,0.269,0.44,0,0,1,1
0.209,0.269,0.44,0,0,1,1
0.212,0.269,0.44,0,0,1,1
0.215,0.269,0.44,0,0,1,1
0.218,0.269,0.44,0,0,1,1
0.221,0.269,0.44,0,0,1,1
0.224,0.269,0.44,0,0,1,1
0.227,0.269,0.44,0,0,1,1
0.23,0.269,0.44,0,0,1,1
0.233,0.269,0.44,0,0,1,1
0.236,0.269,0.44,0,0,1,1
0.239,0.269,0.44,0,0,1,1
0.242,0.269,0.44,0,0,1,1
0.245,0.269,0.44,0,0,1,1
0.248,0.269,0.44,0,0,1,1
0.251,0.269,0.44,0,0,1,1
0.254,0.269,0.44,0,0,1,1
0.257,0.269,0.44,0,0,1,1
0.26,0.269,0.44,0,0,1,1
0.263,0.269,0.44,0,0,1,1
0.266,0.269,0.44,0,0,1,1
0.269,0.269,0.44,0,0,1,1
0.272,0.269,0.44,0,0,1,1
0.275,0.269,0.44,0,0,1,1
0.278,0.269,0.44,0,0,1,1
0.281,0.269,0.44,0,0,1,1
0.284,0.269,0.44,0,0,1,1
0.287,0.269,0.44,0,0,1,1
0.29,0.269,0.44,0,0,1,1
0.293,0.269,0.44,0,0,1,1
0.296,0.269,0.44,0,0,1,1
0.299,0.269,0.44,0,0,1,1
0.302,0.269,0.44,0,0,1,1
0.305,0.269,0.44,0,0,1,1
0.308,0.269,0.44,0,0,1,1
0.311,0.269,0.44,0,0,1,1
0.314,0.269,0.44,0,0,1,1
0.317,0.269,0.44,0,0,1,1
0.32,0.269,0.44,0,0,1,1
0.323,0.269,0.44,0,0,1,1
0.326,0.269,0.44,0,0,1,1
0.329,0.269,0.44,0,0,1,1
0.332,0.269,0.44,0,0,1,1
0.335,0.269,0.44,0,0,1,1
0.338,0.269,0.44,0,0,1,1
0.341,0.269,0.44,0,0,1,1
0.39,0.1,0.25,0,0,1,2
0.39,0.1,0.253,0,0,1,2
0.39,0.1,0.256,0,0,1,2
0.39,0.1,0.259,0,0,1,2
0.39,0.1,0.262,0,0,1,2
0.39,0.1,0.265,0,0,1,2
0.39,0.1,0.268,0,0,1,2
0.39,0.1,0.271,0,0,1,2
0.39,0.1,0.274,0,0,1,2
0.39,0.1,0.277,0,0,1,2
0.39,0.1,0.28,0,0,1,2
0.39,0.1,0.283,0,0,1,2
0.39,0.1,0.286,0,0,1,2
0.39,0.1,0.289,0,0,1,2
0.39,0.1,0.292,0,0,1,2
0.39,0.1,0.295,0,0,1,2
0.39,0.1,0.298,0,0,1,2
0.39,0.1,0.301,0,0,1,2
0.39,0.1,0.304,0,0,1,2
0.39,0.1,0.307,0,0,1,2
0.39,0.1,0.31,0,0,1,2
0.39,0.1,0.313,0,0,1,2
0.39,0.1,0.316,0,0,1,2
0.39,0.1,0.319,0,0,1,2
0.39,0.1,0.322,0,0,1,2
0.39,0.1,0.325,0,0,1,2
0.39,0.1,0.328,0,0,1,2
0.39,0.1,0.331,0,0,1,2
0.39,0.1,0.334,0,0,1,2
0.39,0.1,0.337,0,0,1,2
0.39,0.1,0.34,0,0,1,2
0.39,0.1,0.343,0,0,1,2
0.39,0.1,0.346,0,0,1,2
0.39,0.1,0.349,0,0,1,2
0.39,0.1,0.352,0,0,1,2
0.39,0.1,0.355,0,0,1,2
0.39,0.1,0.358,0,0,1,2
0.39,0.1,0.361,0,0,1,2
0.39,0.1,0.364,0,0,1,2
0.39,0.1,0.367,0,0,1,2
0.39,0.1,0.37,0,0,1,2
0.39,0.1,0.373,0,0,1,2
0.39,0.1,0.376,0,0,1,2
0.39,0.1,0.379,0,0,1,2
0.39,0.1,0.382,0,0,1,2
0.39,0.1,0.385,0,0,1,2
0.39,0.1,0.388,0,0,1,2
0.39,0.1,0.391,0,0,1,2
0.39,0.1,0.394,0,0,1,2
0.39,0.1,0.397,0,0,1,2
0.39,0.1,0.4,0,0,1,2
0.39,0.1,0.403,0,0,1,2
0.39,0.1,0.406,0,0,1,2
0.39,0.1,0.409,0,0,1,2
0.39,0.1,0.412,0,0,1,2
0.39,0.1,0.415,0,0,1,2
0.39,0.1,0.418,0,0,1,2
0.39,0.1,0.420999,0,0,1,2
0.39,0.1,0.423999,0,0,1,2
0.39,0.1,0.426999,0,0,1,2
0.39,0.1,0.429999,0,0,1,2
0.39,0.1,0.432999,0,0,1,2
0.39,0.1,0.435999,0,0,1,2
0.39,0.1,0.438999,0,0,1,2
0.39,0.1,0.441999,0,0,1,2
0.39,0.1,0.444999,0,0,1,2
0.39,0.1,0.447999,0,0,1,2
0.39,0.1,0.450999,0,0,1,2
0.393,0.1,0.25,0,0,1,2
0.393,0.1,0.253,0,0,1,2
0.393,0.1,0.256,0,0,1,2
0.393,0.1,0.259,0,0,1,2
0.393,0.1,0.262,0,0,1,2
0.393,0.1,0.265,0,0,1,2
0.393,0.1,0.268,0,0,1,2
0.393,0.1,0.271,0,0,1,2
0.393,0.1,0.274,0,0,1,2
0.393,0.1,0.277,0,0,1,2
0.393,0.1,0.28,0,0,1,2
0.393,0.1,0.283,0,0,1,2
0.393,0.1,0.286,0,0,1,2
0.393,0.1,0.289,0,0,1,2
0.393,0.1,0.292,0,0,1,2
0.393,0.1,0.295,0,0,1,2
0.393,0.1,0.298,0,0,1,2
0.393,0.1,0.301,0,0,1,2
0.393,0.1,0.304,0,0,1,2
0.393,0.1,0.307,0,0,1,2
0.393,0.1,0.31,0,0,1,2
0.393,0.1,0.313,0,0,1,2
0.393,0.1,0.316,0,0,1,2
0.393,0.1,0.319,0,0,1,2
0.393,0.1,0.322,0,0,1,2
0.393,0.1,0.325,0,0,1,2
0.393,0.1,0.328,0,0,1,2
0.393,0.1,0.331,0,0,1,2
0.393,0.1,0.334,0,0,1,2
0.393,0.1,0.337,0,0,1,2
0.393,0.1,0.34,0,0,1,2
0.393,0.1,0.343,0,0,1,2
0.393,0.1,0.346,0,0,1,2
0.393,0.1,0.349,0,0,1,2
0.393,0.1,0.352,0,0,1,2
0.393,0.1,0.355,0,0,1,2
0.393,0.1,0.358,0,0,1,2
0.393,0.1,0.361,0,0,1,2
0.393,0.1,0.364,0,0,1,2
0.393,0.1,0.367,0,0,1,2
0.393,0.1,0.37,0,0,1,2
0.393,0.1,0.373,0,0,1,2
0.393,0.1,0.376,0,0,1,2
0.393,0.1,0.379,0,0,1,2
0.393,0.1,0.382,0,0,1,2
0.393,0.1,0.385,0,0,1,2
0.393,0.1,0.388,0,0,1,2
0.393,0.1,0.391,0,0,1,2
0.393,0.1,0.394,0,0,1,2
0.393,0.1,0.397,0,0,1,2
0.393,0.1,0.4,0,0,1,2
0.393,0.1,0.403,0,0,1,2
0.393,0.1,0.406,0,0,1,2
0.393,0.1,0.409,0,0,1,2
0.393,0.1,0.412,0,0,1,2
0.393,0.1,0.415,0,0,1,2
0.393,0.1,0.418,0,0,1,2
0.393,0.1,0.420999,0,0,1,2
0.393,0.1,0.423999,0,0,1,2
0.393,0.1,0.426999,0,0,1,2
0.393,0.1,0.429999,0,0,1,2
0.393,0.1,0.432999,0,0,1,2
0.393,0.1,0.435999,0,0,1,2
0.393,0.1,0.438999,0,0,1,2
0.393,0.1,0.441999,0,0,1,2
0.393,0.1,0.444999,0,0,1,2
0.393,0.1,0.447999,0,0,1,2
0.393,0.1,0.450999,0,0,1,2
0.396,0.1,0.25,0,0,1,2
0.396,0.1,0.253,0,0,1,2
0.396,0.1,0.256,0,0,1,2
0.396,0.1,0.259,0,0,1,2
0.396,0.1,0.262,0,0,1,2
0.396,0.1,0.265,0,0,1,2
0.396,0.1,0.268,0,0,1,2
0.396,0.1,0.271,0,0,1,2
0.396,0.1,0.274,0,0,1,2
0.396,0.1,0.277,0,0,1,2
0.396,0.1,0.28,0,0,1,2
0.396,0.1,0.283,0,0,1,2
0.396,0.1,0.286,0,0,1,2
0.396,0.1,0.289,0,0,1,2
0.396,0.1,0.292,0,0,1,2
0.396,0.1,0.295,0,0,1,2
0.396,0.1,0.298,0,0,1,2
0.396,0.1,0.301,0,0,1,2
0.396,0.1,0.304,0,0,1,2
0.396,0.1,0.307,0,0,1,2
0.396,0.1,0.31,0,0,1,2
0.396,0.1,0.313,0,0,1,2
0.396,0.1,0.316,0,0,1,2
0.396,0.1,0.319,0,0,1,2
0.396,0.1,0.322,0,0,1,2
0.396,0.1,0.325,0,0,1,2
0.396,0.1,0.328,0,0,1,2
0.396,0.1,0.331,0,0,1,2
0.396,0.1,0.334,0,0,1,2
0.396,0.1,0.337,0,0,1,2
0.396,0.1,0.34,0,0,1,2
0.396,0.1,0.343,0,0,1,2
0.396,0.1,0.346,0,0,1,2
0.396,0.1,0.349,0,0,1,2
0.396,0.1,0.352,0,0,1,2
0.396,0.1,0.355,0,0,1,2
0.396,0.1,0.358,0,0,1,2
0.396,0.1,0.361,0,0,1,2
0.396,0.1,0.364,0,0,1,2
0.396,0.1,0.367,0,0,1,2
0.396,0.1,0.37,0,0,1,2
0.396,0.1,0.373,0,0,1,2
0.396,0.1,0.376,0,0,1,2
0.396,0.1,0.379,0,0,1,2
0.396,0.1,0.382,0,0,1,2
0.396,0.1,0.385,0,0,1,2
0.396,0.1,0.388,0,0,1,2
0.396,0.1,0.391,0,0,1,2
0.396,0.1,0.394,0,0,1,2
0.396,0.1,0.397,0,0,1,2
0.396,0.1,0.4,0,0,1,2
0.396,0.1,0.403,0,0,1,2
0.396,0.1,0.406,0,0,1,2
0.396,0.1,0.409,0,0,1,2
0.396,0.1,0.412,0,0,1,2
0.396,0.1,0.415,0,0,1,2
0.396,0.1,0.418,0,0,1,2
0.396,0.1,0.420999,0,0,1,2
0.396,0.1,0.423999,0,0,1,2
0.396,0.1,0.426999,0,0,1,2
0.396,0.1,0.429999,0,0,1,2
0.396,0.1,0.432999,0,0,1,2
0.396,0.1,0.435999,0,0,1,2
0.396,0.1,0.438999,0,0,1,2
0.396,0.1,0.441999,0,0,1,2
0.396,0.1,0.444999,0,0,1,2
0.396,0.1,0.447999,0,0,1,2
0.396,0.1,0.450999,0,0,1,2
0.399,0.1,0.25,0,0,1,2
0.399,0.1,0.253,0,0,1,2
0.399,0.1,0.256,0,0,1,2
0.399,0.1,0.259,0,0,1,2
0.399,0.1,0.262,0,0,1,2
0.399,0.1,0.265,0,0,1,2
0.399,0.1,0.268,0,0,1,2
0.399,0.1,0.271,0,0,1,2
0.399,0.1,0.274,0,0,1,2
0.399,0.1,0.277,0,0,1,2
0.399,0.1,0.28,0,0,1,2
0.399,0.1,0.283,0,0,1,2
0.399,0.1,0.286,0,0,1,2
0.399,0.1,0.289,0,0,1,2
0.399,0.1,0.292,0,0,1,2
0.399,0.1,0.295,0,0,1,2
0.399,0.1,0.298,0,0,1,2
0.399,0.1,0.301,0,0,1,2
0.399,0.1,0.304,0,0,1,2
0.399,0.1,0.307,0,0,1,2
0.399,0.1,0.31,0,0,1,2
0.399,0.1,0.313,0,0,1,2
0.399,0.1,0.316,0,0,1,2
0.399,0.1,0.319,0,0,1,2
0.399,0.1,0.322,0,0,1,2
0.399,0.1,0.325,0,0,1,2
0.399,0.1,0.328,0,0,1,2
0.399,0.1,0.331,0,0,1,2
0.399,0.1,0.334,0,0,1,2
0.399,0.1,0.337,0,0,1,2
0.399,0.1,0.34,0,0,1,2
0.399,0.1,0.343,0,0,1,2
0.399,0.1,0.346,0,0,1,2
0.399,0.1,0.349,0,0,1,2
0.399,0.1,0.352,0,0,1,2
0.399,0.1,0.355,0,0,1,2
0.399,0.1,0.358,0,0,1,2
0.399,0.1,0.361,0,0,1,2
0.399,0.1,0.364,0,0,1,2
0.399,0.1,0.367,0,0,1,2
0.399,0.1,0.37,0,0,1,2
0.399,0.1,0.373,0,0,1,2
0.399,0.1,0.376,0,0,1,2
0.399,0.1,0.379,0,0,1,2
0.399,0.1,0.382,0,0,1,2
0.399,0.1,0.385,0,0,1,2
0.399,0.1,0.388,0,0,1,2
0.399,0.1,0.391,0,0,1,2
0.399,0.1,0.394,0,0,1,2
0.399,0.1,0.397,0,0,1,2
0.399,0.1,0.4,0,0,1,2
0.399,0.1,0.403,0,0,1,2
0.399,0.1,0.406,0,0,1,2
0.399,0.1,0.409,0,0,1,2
0.399,0.1,0.412,0,0,1,2
0.399,0.1,0.415,0,0,1,2
0.399,0.1,0.418,0,0,1,2
0.399,0.1,0.420999,0,0,1,2
0.399,0.1,0.423999,0,0,1,2
0.399,0.1,0.426999,0,0,1,2
0.399,0.1,0.429999,0,0,1,2
0.399,0.1,0.432999,0,0,1,2
0.399,0.1,0.435999,0,0,1,2
0.399,0.1,0.438999,0,0,1,2
0.399,0.1,0.441999,0,0,1,2
0.399,0.1,0.444999,0,0,1,2
0.399,0.1,0.447999,0,0,1,2
0.399,0.1,0.450999,0,0,1,2
0.402,0.1,0.25,0,0,1,2
0.402,0.1,0.253,0,0,1,2
0.402,0.1,0.256,0,0,1,2
0.402,0.1,0.259,0,0,1,2
0.402,0.1,0.262,0,0,1,2
0.402,0.1,0.265,0,0,1,2
0.402,0.1,0.268,0,0,1,2
0.402,0.1,0.271,0,0,1,2
0.402,0.1,0.274,0,0,1,2
0.402,0.1,0.277,0,0,1,2
0.402,0.1,0.28,0,0,1,2
0.402,0.1,0.283,0,0,1,2
0.402,0.1,0.286,0,0,1,2
0.402,0.1,0.289,0,0,1,2
0.402,0.1,0.292,0,0,1,2
0.402,0.1,0.295,0,0,1,2
0.402,0.1,0.298,0,0,1,2
0.402,0.1,0.301,0,0,1,2
0.402,0.1,0.304,0,0,1,2
0.402,0.1,0.307,0,0,1,2
0.402,0.1,0.31,0,0,1,2
0.402,0.1,0.313,0,0,1,2
0.402,0.1,0.316,0,0,1,2
0.402,0.1,0.319,0,0,1,2
0.402,0.1,0.322,0,0,1,2
0.402,0.1,0.325,0,0,1,2
0.402,0.1,0.328,0,0,1,2
0.402,0.1,0.331,0,0,1,2
0.402,0.1,0.334,0,0,1,2
0.402,0.1,0.337,0,0,1,2
0.402,0.1,0.34,0,0,1,2
0.402,0.1,0.343,0,0,1,2
0.402,0.1,0.346,0,0,1,2
0.402,0.1,0.349,0,0,1,2
0.402,0.1,0.352,0,0,1,2
0.402,0.1,0.355,0,0,1,2
0.402,0.1,0.358,0,0,1,2
0.402,0.1,0.361,0,0,1,2
0.402,0.1,0.364,0,0,1,2
0.402,0.1,0.367,0,0,1,2
0.402,0.1,0.37,0,0,1,2
0.402,0.1,0.373,0,0,1,2
0.402,0.1,0.376,0,0,1,2
0.402,0.1,0.379,0,0,1,2
0.402,0.1,0.382,0,0,1,2
0.402,0.1,0.385,0,0,1,2
0.402,0.1,0.388,0,0,1,2
0.402,0.1,0.391,0,0,1,2
0.402,0.1,0.394,0,0,1,2
0.402,0.1,0.397,0,0,1,2
0.402,0.1,0.4,0,0,1,2
0.402,0.1,0.403,0,0,1,2
0.402,0.1,0.406,0,0,1,2
0.402,0.1,0.409,0,0,1,2
0.402,0.1,0.412,0,0,1,2
0.402,0.1,0.415,0,0,1,2
0.402,0.1,0.418,0,0,1,2
0.402,0.1,0.420999,0,0,1,2
0.402,0.1,0.423999,0,0,1,2
0.402,0.1,0.426999,0,0,1,2
0.402,0.1,0.429999,0,0,1,2
0.402,0.1,0.432999,0,0,1,2
0.402,0.1,0.435999,0,0,1,2
0.402,0.1,0.438999,0,0,1,2
0.402,0.1,0.441999,0,0,1,2
0.402,0.1,0.444999,0,0,1,2
0.402,0.1,0.447999,0,0,1,2
0.402,0.1,0.450999,0,0,1,2
0.405,0.1,0.25,0,0,1,2
0.405,0.1,0.253,0,0,1,2
0.405,0.1,0.256,0,0,1,2
0.405,0.1,0.259,0,0,1,2
0.405,0.1,0.262,0,0,1,2
0.405,0.1,0.265,0,0,1,2
0.405,0.1,0.268,0,0,1,2
0.405,0.1,0.271,0,0,1,2
0.405,0.1,0.274,0,0,1,2
0.405,0.1,0.277,0,0,1,2
0.405,0.1,0.28,0,0,1,2
0.405,0.1,0.283,0,0,1,2
0.405,0.1,0.286,0,0,1,2
0.405,0.1,0.289,0,0,1,2
0.405,0.1,0.292,0,0,1,2
0.405,0.1,0.295,0,0,1,2
0.405,0.1,0.298,0,0,1,2
0.405,0.1,0.301,0,0,1,2
0.405,0.1,0.304,0,0,1,2
0.405,0.1,0.307,0,0,1,2
0.405,0.1,0.31,0,0,1,2
0.405,0.1,0.313,0,0,1,2
0.405,0.1,0.316,0,0,1,2
0.405,0.1,0.319,0,0,1,2
0.405,0.1,0.322,0,0,1,2
0.405,0.1,0.325,0,0,1,2
0.405,0.1,0.328,0,0,1,2
0.405,0.1,0.331,0,0,1,2
0.405,0.1,0.334,0,0,1,2
0.405,0.1,0.337,0,0,1,2
0.405,0.1,0.34,0,0,1,2
0.405,0.1,0.343,0,0,1,2
0.405,0.1,0.346,0,0,1,2
0.405,0.1,0.349,0,0,1,2
0.405,0.1,0.352,0,0,1,2
0.405,0.1,0.355,0,0,1,2
0.405,0.1,0.358,0,0,1,2
0.405,0.1,0.361,0,0,1,2
0.405,0.1,0.364,0,0,1,2
0.405,0.1,0.367,0,0,1,2
0.405,0.1,0.37,0,0,1,2
0.405,0.1,0.373,0,0,1,2
0.405,0.1,0.376,0,0,1,2
0.405,0.1,0.379,0,0,1,2
0.405,0.1,0.382,0,0,1,2
0.405,0.1,0.385,0,0,1,2
0.405,0.1,0.388,0,0,1,2
0.405,0.1,0.391,0,0,1,2
0.405,0.1,0.394,0,0,1,2
0.405,0.1,0.397,0,0,1,2
0.405,0.1,0.4,0,0,1,2
0.405,0.1,0.403,0,0,1,2
0.405,0.1,0.406,0,0,1,2
0.405,0.1,0.409,0,0,1,2
0.405,0.1,0.412,0,0,1,2
0.405,0.1,0.415,0,0,1,2
0.405,0.1,0.418,0,0,1,2
0.405,0.1,0.420999,0,0,1,2
0.405,0.1,0.423999,0,0,1,2
0.405,0.1,0.426999,0,0,1,2
0.405,0.1,0.429999,0,0,1,2
0.405,0.1,0.432999,0,0,1,2
0.405,0.1,0.435999,0,0,1,2
0.405,0.1,0.438999,0,0,1,2
0.405,0.1,0.441999,0,0,1,2
0.405,0.1,0.444999,0,0,1,2
0.405,0.1,0.447999,0,0,1,2
0.405,0.1,0.450999,0,0,1,2
0.408,0.1,0.25,0,0,1,2
0.408,0.1,0.253,0,0,1,2
0.408,0.1,0.256,0,0,1,2
0.408,0.1,0.259,0,0,1,2
0.408,0.1,0.262,0,0,1,2
0.408,0.1,0.265,0,0,1,2
0.408,0.1,0.268,0,0,1,2
0.408,0.1,0.271,0,0,1,2
0.408,0.1,0.274,0,0,1,2
0.408,0.1,0.277,0,0,1,2
0.408,0.1,0.28,0,0,1,2
0.408,0.1,0.283,0,0,1,2
0.408,0.1,0.286,0,0,1,2
0.408,0.1,0.289,0,0,1,2
0.408,0.1,0.292,0,0,1,2
0.408,0.1,0.295,0,0,1,2
0.408,0.1,0.298,0,0,1,2
0.408,0.1,0.301,0,0,1,2
0.408,0.1,0.304,0,0,1,2
0.408,0.1,0.307,0,0,1,2
0.408,0.1,0.31,0,0,1,2
0.408,0.1,0.313,0,0,1,2
0.408,0.1,0.316,0,0,1,2
0.408,0.1,0.319,0,0,1,2
0.408,0.1,0.322,0,0,1,2
0.408,0.1,0.325,0,0,1,2
0.408,0.1,0.328,0,0,1,2
0.408,0.1,0.331,0,0,1,2
0.408,0.1,0.334,0,0,1,2
0.408,0.1,0.337,0,0,1,2
0.408,0.1,0.34,0,0,1,2
0.408,0.1,0.343,0,0,1,2
0.408,0.1,0.346,0,0,1,2
0.408,0.1,0.349,0,0,1,2
0.408,0.1,0.352,0,0,1,2
0.408,0.1,0.355,0,0,1,2
0.408,0.1,0.358,0,0,1,2
0.408,0.1,0.361,0,0,1,2
0.408,0.1,0.364,0,0,1,2
0.408,0.1,0.367,0,0,1,2
0.408,0.1,0.37,0,0,1,2
0.408,0.1,0.373,0,0,1,2
0.408,0.1,0.376,0,0,1,2
0.408,0.1,0.379,0,0,1,2
0.408,0.1,0.382,0,0,1,2
0.408,0.1,0.385,0,0,1,2
0.408,0.1,0.388,0,0,1,2
0.408,0.1,0.391,0,0,1,2
0.408,0.1,0.394,0,0,1,2
0.408,0.1,0.397,0,0,1,2
0.408,0.1,0.4,0,0,1,2
0.408,0.1,0.403,0,0,1,2
0.408,0.1,0.406,0,0,1,2
0.408,0.1,0.409,0,0,1,2
0.408,0.1,0.412,0,0,1,2
0.408,0.1,0.415,0,0,1,2
0.408,0.1,0.418,0,0,1,2
0.408,0.1,0.420999,0,0,1,2
0.408,0.1,0.423999,0,0,1,2
0.408,0.1,0.426999,0,0,1,2
0.408,0.1,0.429999,0,0,1,2
0.408,0.1,0.432999,0,0,1,2
0.408,0.1,0.435999,0,0,1,2
0.408,0.1,0.438999,0,0,1,2
0.408,0.1,0.441999,0,0,1,2
0.408,0.1,0.444999,0,0,1,2
0.408,0.1,0.447999,0,0,1,2
0.408,0.1,0.450999,0,0,1,2
0.411,0.1,0.25,0,0,1,2
0.411,0.1,0.253,0,0,1,2
0.411,0.1,0.256,0,0,1,2
0.411,0.1,0.259,0,0,1,2
0.411,0.1,0.262,0,0,1,2
0.411,0.1,0.265,0,0,1,2
0.411,0.1,0.268,0,0,1,2
0.411,0.1,0.271,0,0,1,2
0.411,0.1,0.274,0,0,1,2
0.411,0.1,0.277,0,0,1,2
0.411,0.1,0.28,0,0,1,2
0.411,0.1,0.283,0,0,1,2
0.411,0.1,0.286,0,0,1,2
0.411,0.1,0.289,0,0,1,2
0.411,0.1,0.292,0,0,1,2
0.411,0.1,0.295,0,0,1,2
0.411,0.1,0.298,0,0,1,2
0.411,0.1,0.301,0,0,1,2
0.411,0.1,0.304,0,0,1,2
0.411,0.1,0.307,0,0,1,2
0.411,0.1,0.31,0,0,1,2
0.411,0.1,0.313,0,0,1,2
0.411,0.1,0.316,0,0,1,2
0.411,0.1,0.319,0,0,1,2
0.411,0.1,0.322,0,0,1,2
0.411,0.1,0.325,0,0,1,2
0.411,0.1,0.328,0,0,1,2
0.411,0.1,0.331,0,0,1,2
0.411,0.1,0.334,0,0,1,2
0.411,0.1,0.337,0,0,1,2
0.411,0.1,0.34,0,0,1,2
0.411,0.1,0.343,0,0,1,2
0.411,0.1,0.346,0,0,1,2
0.411,0.1,0.349,0,0,1,2
0.411,0.1,0.352,0,0,1,2
0.411,0.1,0.355,0,0,1,2
0.411,0.1,0.358,0,0,1,2
0.411,0.1,0.361,0,0,1,2
0.411,0.1,0.364,0,0,1,2
0.411,0.1,0.367,0,0,1,2
0.411,0.1,0.37,0,0,1,2
0.411,0.1,0.373,0,0,1,2
0.411,0.1,0.376,0,0,1,2
0.411,0.1,0.379,0,0,1,2
0.411,0.1,0.382,0,0,1,2
0.411,0.1,0.385,0,0,1,2
0.411,0.1,0.388,0,0,1,2
0.411,0.1,0.391,0,0,1,2
0.411,0.1,0.394,0,0,1,2
0.411,0.1,0.397,0,0,1,2
0.411,0.1,0.4,0,0,1,2
0.411,0.1,0.403,0,0,1,2
0.411,0.1,0.406,0,0,1,2
0.411,0.1,0.409,0,0,1,2
0.411,0.1,0.412,0,0,1,2
0.411,0.1,0.415,0,0,1,2
0.411,0.1,0.418,0,0,1,2
0.411,0.1,0.420999,0,0,1,2
0.411,0.1,0.423999,0,0,1,2
0.411,0.1,0.426999,0,0,1,2
0.411,0.1,0.429999,0,0,1,2
0.411,0.1,0.432999,0,0,1,2
0.411,0.1,0.435999,0,0,1,2
0.411,0.1,0.438999,0,0,1,2
0.411,0.1,0.441999,0,0,1,2
0.411,0.1,0.444999,0,0,1,2
0.411,0.1,0.447999,0,0,1,2
0.411,0.1,0.450999,0,0,1,2
0.414,0.1,0.25,0,0,1,2
0.414,0.1,0.253,0,0,1,2
0.414,0.1,0.256,0,0,1,2
0.414,0.1,0.259,0,0,1,2
0.414,0.1,0.262,0,0,1,2
0.414,0.1,0.265,0,0,1,2
0.414,0.1,0.268,0,0,1,2
0.414,0.1,0.271,0,0,1,2
0.414,0.1,0.274,0,0,1,2
0.414,0.1,0.277,0,0,1,2
0.414,0.1,0.28,0,0,1,2
0.414,0.1,0.283,0,0,1,2
0.414,0.1,0.286,0,0,1,2
0.414,0.1,0.289,0,0,1,2
0.414,0.1,0.292,0,0,1,2
0.414,0.1,0.295,0,0,1,2
0.414,0.1,0.298,0,0,1,2
0.414,0.1,0.301,0,0,1,2
0.414,0.1,0.304,0,0,1,2
0.414,0.1,0.307,0,0,1,2
0.414,0.1,0.31,0,0,1,2
0.414,0.1,0.313,0,0,1,2
0.414,0.1,0.316,0,0,1,2
0.414,0.1,0.319,0,0,1,2
0.414,0.1,0.322,0,0,1,2
0.414,0.1,0.325,0,0,1,2
0.414,0.1,0.328,0,0,1,2
0.414,0.1,0.331,0,0,1,2
0.414,0.1,0.334,0,0,1,2
0.414,0.1,0.337,0,0,1,2
0.414,0.1,0.34,0,0,1,2
0.414,0.1,0.343,0,0,1,2
0.414,0.1,0.346,0,0,1,2
0.414,0.1,0.349,0,0,1,2
0.414,0.1,0.352,0,0,1,2
0.414,0.1,0.355,0,0,1,2
0.414,0.1,0.358,0,0,1,2
0.414,0.1,0.361,0,0,1,2
0.414,0.1,0.364,0,0,1,2
0.414,0.1,0.367,0,0,1,2
0.414,0.1,0.37,0,0,1,2
0.414,0.1,0.373,0,0,1,2
0.414,0.1,0.376,0,0,1,2
0.414,0.1,0.379,0,0,1,2
0.414,0.1,0.382,0,0,1,2
0.414,0.1,0.385,0,0,1,2
0.414,0.1,0.388,0,0,1,2
0.414,0.1,0.391,0,0,1,2
0.414,0.1,0.394,0,0,1,2
0.414,0.1,0.397,0,0,1,2
0.414,0.1,0.4,0,0,1,2
0.414,0.1,0.403,0,0,1,2
0.414,0.1,0.406,0,0,1,2
0.414,0.1,0.409,0,0,1,2
0.414,0.1,0.412,0,0,1,2
0.414,0.1,0.415,0,0,1,2
0.414,0.1,0.418,0,0,1,2
0.414,0.1,0.420999,0,0,1,2
0.414,0.1,0.423999,0,0,1,2
0.414,0.1,0.426999,0,0,1,2
0.414,0.1,0.429999,0,0,1,2
0.414,0.1,0.432999,0,0,1,2
0.414,0.1,0.435999,0,0,1,2
0.414,0.1,0.438999,0,0,1,2
0.414,0.1,0.441999,0,0,1,2
0.414,0.1,0.444999,0,0,1,2
0.414,0.1,0.447999,0,0,1,2
0.414,0.1,0.450999,0,0,1,2
0.417,0.1,0.25,0,0,1,2
0.417,0.1,0.253,0,0,1,2
0.417,0.1,0.256,0,0,1,2
0.417,0.1,0.259,0,0,1,2
0.417,0.1,0.262,0,0,1,2
0.417,0.1,0.265,0,0,1,2
0.417,0.1,0.268,0,0,1,2
0.417,0.1,0.271,0,0,1,2
0.417,0.1,0.274,0,0,1,2
0.417,0.1,0.277,0,0,1,2
0.417,0.1,0.28,0,0,1,2
0.417,0.1,0.283,0,0,1,2
0.417,0.1,0.286,0,0,1,2
0.417,0.1,0.289,0,0,1,2
0.417,0.1,0.292,0,0,1,2
0.417,0.1,0.295,0,0,1,2
0.417,0.1,0.298,0,0,1,2
0.417,0.1,0.301,0,0,1,2
0.417,0.1,0.304,0,0,1,2
0.417,0.1,0.307,0,0,1,2
0.417,0.1,0.31,0,0,1,2
0.417,0.1,0.313,0,0,1,2
0.417,0.1,0.316,0,0,1,2
0.417,0.1,0.319,0,0,1,2
0.417,0.1,0.322,0,0,1,2
0.417,0.1,0.325,0,0,1,2
0.417,0.1,0.328,0,0,1,2
0.417,0.1,0.331,0,0,1,2
0.417,0.1,0.334,0,0,1,2
0.417,0.1,0.337,0,0,1,2
0.417,0.1,0.34,0,0,1,2
0.417,0.1,0.343,0,0,1,2
0.417,0.1,0.346,0,0,1,2
0.417,0.1,0.349,0,0,1,2
0.417,0.1,0.352,0,0,1,2
0.417,0.1,0.355,0,0,1,2
0.417,0.1,0.358,0,0,1,2
0.417,0.1,0.361,0,0,1,2
0.417,0.1,0.364,0,0,1,2
0.417,0.1,0.367,0,0,1,2
0.417,0.1,0.37,0,0,1,2
0.417,0.1,0.373,0,0,1,2
0.417,0.1,0.376,0,0,1,2
0.417,0.1,0.379,0,0,1,2
0.417,0.1,0.382,0,0,1,2
0.417,0.1,0.385,0,0,1,2
0.417,0.1,0.388,0,0,1,2
0.417,0.1,0.391,0,0,1,2
0.417,0.1,0.394,0,0,1,2
0.417,0.1,0.397,0,0,1,2
0.417,0.1,0.4,0,0,1,2
0.417,0.1,0.403,0,0,1,2
0.417,0.1,0.406,0,0,1,2
0.417,0.1,0.409,0,0,1,2
0.417,0.1,0.412,0,0,1,2
0.417,0.1,0.415,0,0,1,2
0.417,0.1,0.418,0,0,1,2
0.417,0.1,0.420999,0,0,1,2
0.417,0.1,0.423999,0,0,1,2
0.417,0.1,0.426999,0,0,1,2
0.417,0.1,0.429999,0,0,1,2
0.417,0.1,0.432999,0,0,1,2
0.417,0.1,0.435999,0,0,1,2
0.417,0.1,0.438999,0,0,1,2
0.417,0.1,0.441999,0,0,1,2
0.417,0.1,0.444999,0,0,1,2
0.417,0.1,0.447999,0,0,1,2
0.417,0.1,0.450999,0,0,1,2
0.42,0.1,0.25,0,0,1,2
0.42,0.1,0.253,0,0,1,2
0.42,0.1,0.256,0,0,1,2
0.42,0.1,0.259,0,0,1,2
0.42,0.1,0.262,0,0,1,2
0.42,0.1,0.265,0,0,1,2
0.42,0.1,0.268,0,0,1,2
0.42,0.1,0.271,0,0,1,2
0.42,0.1,0.274,0,0,1,2
0.42,0.1,0.277,0,0,1,2
0.42,0.1,0.28,0,0,1,2
0.42,0.1,0.283,0,0,1,2
0.42,0.1,0.286,0,0,1,2
0.42,0.1,0.289,0,0,1,2
0.42,0.1,0.292,0,0,1,2
0.42,0.1,0.295,0,0,1,2
0.42,0.1,0.298,0,0,1,2
0.42,0.1,0.301,0,0,1,2
0.42,0.1,0.304,0,0,1,2
0.42,0.1,0.307,0,0,1,2
0.42,0.1,0.31,0,0,1,2
0.42,0.1,0.313,0,0,1,2
0.42,0.1,0.316,0,0,1,2
0.42,0.1,0.319,0,0,1,2
0.42,0.1,0.322,0,0,1,2
0.42,0.1,0.325,0,0,1,2
0.42,0.1,0.328,0,0,1,2
0.42,0.1,0.331,0,0,1,2
0.42,0.1,0.334,0,0,1,2
0.42,0.1,0.337,0,0,1,2
0.42,0.1,0.34,0,0,1,2
0.42,0.1,0.343,0,0,1,2
0.42,0.1,0.346,0,0,1,2
0.42,0.1,0.349,0,0,1,2
0.42,0.1,0.352,0,0,1,2
0.42,0.1,0.355,0,0,1,2
0.42,0.1,0.358,0,0,1,2
0.42,0.1,0.361,0,0,1,2
0.42,0.1,0.364,0,0,1,2
0.42,0.1,0.367,0,0,1,2
0.42,0.1,0.37,0,0,1,2
0.42,0.1,0.373,0,0,1,2
0.42,0.1,0.376,0,0,1,2
0.42,0.1,0.379,0,0,1,2
0.42,0.1,0.382,0,0,1,2
0.42,0.1,0.385,0,0,1,2
0.42,0.1,0.388,0,0,1,2
0.42,0.1,0.391,0,0,1,2
0.42,0.1,0.394,0,0,1,2
0.42,0.1,0.397,0,0,1,2
0.42,0.1,0.4,0,0,1,2
0.42,0.1,0.403,0,0,1,2
0.42,0.1,0.406,0,0,1,2
0.42,0.1,0.409,0,0,1,2
0.42,0.1,0.412,0,0,1,2
0.42,0.1,0.415,0,0,1,2
0.42,0.1,0.418,0,0,1,2
0.42,0.1,0.420999,0,0,1,2
0.42,0.1,0.423999,0,0,1,2
0.42,0.1,0.426999,0,0,1,2
0.42,0.1,0.429999,0,0,1,2
0.42,0.1,0.432999,0,0,1,2
0.42,0.1,0.435999,0,0,1,2
0.42,0.1,0.438999,0,0,1,2
0.42,0.1,0.441999,0,0,1,2
0.42,0.1,0.444999,0,0,1,2
0.42,0.1,0.447999,0,0,1,2
0.42,0.1,0.450999,0,0,1,2
0.423,0.1,0.25,0,0,1,2
0.423,0.1,0.253,0,0,1,2
0.423,0.1,0.256,0,0,1,2
0.423,0.1,0.259,0,0,1,2
0.423,0.1,0.262,0,0,1,2
0.423,0.1,0.265,0,0,1,2
0.423,0.1,0.268,0,0,1,2
0.423,0.1,0.271,0,0,1,2
0.423,0.1,0.274,0,0,1,2
0.423,0.1,0.277,0,0,1,2
0.423,0.1,0.28,0,0,1,2
0.423,0.1,0.283,0,0,1,2
0.423,0.1,0.286,0,0,1,2
0.423,0.1,0.289,0,0,1,2
0.423,0.1,0.292,0,0,1,2
0.423,0.1,0.295,0,0,1,2
0.423,0.1,0.298,0,0,1,2
0.423,0.1,0.301,0,0,1,2
0.423,0.1,0.304,0,0,1,2
0.423,0.1,0.307,0,0,1,2
0.423,0.1,0.31,0,0,1,2
0.423,0.1,0.313,0,0,1,2
0.423,0.1,0.316,0,0,1,2
0.423,0.1,0.319,0,0,1,2
0.423,0.1,0.322,0,0,1,2
0.423,0.1,0.325,0,0,1,2
0.423,0.1,0.328,0,0,1,2
0.423,0.1,0.331,0,0,1,2
0.423,0.1,0.334,0,0,1,2
0.423,0.1,0.337,0,0,1,2
0.423,0.1,0.34,0,0,1,2
0.423,0.1,0.343,0,0,1,2
0.423,0.1,0.346,0,0,1,2
0.423,0.1,0.349,0,0,1,2
0.423,0.1,0.352,0,0,1,2
0.423,0.1,0.355,0,0,1,2
0.423,0.1,0.358,0,0,1,2
0.423,0.1,0.361,0,0,1,2
0.423,0.1,0.364,0,0,1,2
0.423,0.1,0.367,0,0,1,2
0.423,0.1,0.37,0,0,1,2
0.423,0.1,0.373,0,0,1,2
0.423,0.1,0.376,0,0,1,2
0.423,0.1,0.379,0,0,1,2
0.423,0.1,0.382,0,0,1,2
0.423,0.1,0.385,0,0,1,2
0.423,0.1,0.388,0,0,1,2
0.423,0.1,0.391,0,0,1,2
0.423,0.1,0.394,0,0,1,2
0.423,0.1,0.397,0,0,1,2
0.423,0.1,0.4,0,0,1,2
0.423,0.1,0.403,0,0,1,2
0.423,0.1,0.406,0,0,1,2
0.423,0.1,0.409,0,0,1,2
0.423,0.1,0.412,0,0,1,2
0.423,0.1,0.415,0,0,1,2
0.423,0.1,0.418,0,0,1,2
0.423,0.1,0.420999,0,0,1,2
0.423,0.1,0.423999,0,0,1,2
0.423,0.1,0.426999,0,0,1,2
0.423,0.1,0.429999,0,0,1,2
0.423,0.1,0.432999,0,0,1,2
0.423,0.1,0.435999,0,0,1,2
0.423,0.1,0.438999,0,0,1,2
0.423,0.1,0.441999,0,0,1,2
0.423,0.1,0.444999,0,0,1,2
0.423,0.1,0.447999,0,0,1,2
0.423,0.1,0.450999,0,0,1,2
0.426,0.1,0.25,0,0,1,2
0.426,0.1,0.253,0,0,1,2
0.426,0.1,0.256,0,0,1,2
0.426,0.1,0.259,0,0,1,2
0.426,0.1,0.262,0,0,1,2
0.426,0.1,0.265,0,0,1,2
0.426,0.1,0.268,0,0,1,2
0.426,0.1,0.271,0,0,1,2
0.426,0.1,0.274,0,0,1,2
0.426,0.1,0.277,0,0,1,2
0.426,0.1,0.28,0,0,1,2
0.426,0.1,0.283,0,0,1,2
0.426,0.1,0.286,0,0,1,2
0.426,0.1,0.289,0,0,1,2
0.426,0.1,0.292,0,0,1,2
0.426,0.1,0.295,0,0,1,2
0.426,0.1,0.298,0,0,1,2
0.426,0.1,0.301,0,0,1,2
0.426,0.1,0.304,0,0,1,2
0.426,0.1,0.307,0,0,1,2
0.426,0.1,0.31,0,0,1,2
0.426,0.1,0.313,0,0,1,2
0.426,0.1,0.316,0,0,1,2
0.426,0.1,0.319,0,0,1,2
0.426,0.1,0.322,0,0,1,2
0.426,0.1,0.325,0,0,1,2
0.426,0.1,0.328,0,0,1,2
0.426,0.1,0.331,0,0,1,2
0.426,0.1,0.334,0,0,1,2
0.426,0.1,0.337,0,0,1,2
0.426,0.1,0.34,0,0,1,2
0.426,0.1,0.343,0,0,1,2
0.426,0.1,0.346,0,0,1,2
0.426,0.1,0.349,0,0,1,2
0.426,0.1,0.352,0,0,1,2
0.426,0.1,0.355,0,0,1,2
0.426,0.1,0.358,0,0,1,2
0.426,0.1,0.361,0,0,1,2
0.426,0.1,0.364,0,0,1,2
0.426,0.1,0.367,0,0,1,2
0.426,0.1,0.37,0,0,1,2
0.426,0.1,0.373,0,0,1,2
0.426,0.1,0.376,0,0,1,2
0.426,0.1,0.379,0,0,1,2
0.426,0.1,0.382,0,0,1,2
0.426,0.1,0.385,0,0,1,2
0.426,0.1,0.388,0,0,1,2
0.426,0.1,0.391,0,0,1,2
0.426,0.1,0.394,0,0,1,2
0.426,0.1,0.397,0,0,1,2
0.426,0.1,0.4,0,0,1,2
0.426,0.1,0.403,0,0,1,2
0.426,0.1,0.406,0,0,1,2
0.426,0.1,0.409,0,0,1,2
0.426,0.1,0.412,0,0,1,2
0.426,0.1,0.415,0,0,1,2
0.426,0.1,0.418,0,0,1,2
0.426,0.1,0.420999,0,0,1,2
0.426,0.1,0.423999,0,0,1,2
0.426,0.1,0.426999,0,0,1,2
0.426,0.1,0.429999,0,0,1,2
0.426,0.1,0.432999,0,0,1,2
0.426,0.1,0.435999,0,0,1,2
0.426,0.1,0.438999,0,0,1,2
0.426,0.1,0.441999,0,0,1,2
0.426,0.1,0.444999,0,0,1,2
0.426,0.1,0.447999,0,0,1,2
0.426,0.1,0.450999,0,0,1,2
0.429,0.1,0.25,0,0,1,2
0.429,0.1,0.253,0,0,1,2
0.429,0.1,0.256,0,0,1,2
0.429,0.1,0.259,0,0,1,2
0.429,0.1,0.262,0,0,1,2
0.429,0.1,0.265,0,0,1,2
0.429,0.1,0.268,0,0,1,2
0.429,0.1,0.271,0,0,1,2
0.429,0.1,0.274,0,0,1,2
0.429,0.1,0.277,0,0,1,2
0.429,0.1,0.28,0,0,1,2
0.429,0.1,0.283,0,0,1,2
0.429,0.1,0.286,0,0,1,2
0.429,0.1,0.289,0,0,1,2
0.429,0.1,0.292,0,0,1,2
0.429,0.1,0.295,0,0,1,2
0.429,0.1,0.298,0,0,1,2
0.429,0.1,0.301,0,0,1,2
0.429,0.1,0.304,0,0,1,2
0.429,0.1,0.307,0,0,1,2
0.429,0.1,0.31,0,0,1,2
0.429,0.1,0.313,0,0,1,2
0.429,0.1,0.316,0,0,1,2
0.429,0.1,0.319,0,0,1,2
0.429,0.1,0.322,0,0,1,2
0.429,0.1,0.325,0,0,1,2
0.429,0.1,0.328,0,0,1,2
0.429,0.1,0.331,0,0,1,2
0.429,0.1,0.334,0,0,1,2
0.429,0.1,0.337,0,0,1,2
0.429,0.1,0.34,0,0,1,2
0.429,0.1,0.343,0,0,1,2
0.429,0.1,0.346,0,0,1,2
0.429,0.1,0.349,0,0,1,2
0.429,0.1,0.352,0,0,1,2
0.429,0.1,0.355,0,0,1,2
0.429,0.1,0.358,0,0,1,2
0.429,0.1,0.361,0,0,1,2
0.429,0.1,0.364,0,0,1,2
0.429,0.1,0.367,0,0,1,2
0.429,0.1,0.37,0,0,1,2
0.429,0.1,0.373,0,0,1,2
0.429,0.1,0.376,0,0,1,2
0.429,0.1,0.379,0,0,1,2
0.429,0.1,0.382,0,0,1,2
0.429,0.1,0.385,0,0,1,2
0.429,0.1,0.388,0,0,1,2
0.429,0.1,0.391,0,0,1,2
0.429,0.1,0.394,0,0,1,2
0.429,0.1,0.397,0,0,1,2
0.429,0.1,0.4,0,0,1,2
0.429,0.1,0.403,0,0,1,2
0.429,0.1,0.406,0,0,1,2
0.429,0.1,0.409,0,0,1,2
0.429,0.1,0.412,0,0,1,2
0.429,0.1,0.415,0,0,1,2
0.429,0.1,0.418,0,0,1,2
0.429,0.1,0.420999,0,0,1,2
0.429,0.1,0.423999,0,0,1,2
0.429,0.1,0.426999,0,0,1,2
0.429,0.1,0.429999,0,0,1,2
0.429,0.1,0.432999,0,0,1,2
0.429,0.1,0.435999,0,0,1,2
0.429,0.1,0.438999,0,0,1,2
0.429,0.1,0.441999,0,0,1,2
0.429,0.1,0.444999,0,0,1,2
0.429,0.1,0.447999,0,0,1,2
0.429,0.1,0.450999,0,0,1,2
0.432,0.1,0.25,0,0,1,2
0.432,0.1,0.253,0,0,1,2
0.432,0.1,0.256,0,0,1,2
0.432,0.1,0.259,0,0,1,2
0.432,0.1,0.262,0,0,1,2
0.432,0.1,0.265,0,0,1,2
0.432,0.1,0.268,0,0,1,2
0.432,0.1,0.271,0,0,1,2
0.432,0.1,0.274,0,0,1,2
0.432,0.1,0.277,0,0,1,2
0.432,0.1,0.28,0,0,1,2
0.432,0.1,0.283,0,0,1,2
0.432,0.1,0.286,0,0,1,2
0.432,0.1,0.289,0,0,1,2
0.432,0.1,0.292,0,0,1,2
0.432,0.1,0.295,0,0,1,2
0.432,0.1,0.298,0,0,1,2
0.432,0.1,0.301,0,0,1,2
0.432,0.1,0.304,0,0,1,2
0.432,0.1,0.307,0,0,1,2
0.432,0.1,0.31,0,0,1,2
0.432,0.1,0.313,0,0,1,2
0.432,0.1,0.316,0,0,1,2
0.432,0.1,0.319,0,0,1,2
0.432,0.1,0.322,0,0,1,2
0.432,0.1,0.325,0,0,1,2
0.432,0.1,0.328,0,0,1,2
0.432,0.1,0.331,0,0,1,2
0.432,0.1,0.334,0,0,1,2
0.432,0.1,0.337,0,0,1,2
0.432,0.1,0.34,0,0,1,2
0.432,0.1,0.343,0,0,1,2
0.432,0.1,0.346,0,0,1,2
0.432,0.1,0.349,0,0,1,2
0.432,0.1,0.352,0,0,1,2
0.432,0.1,0.355,0,0,1,2
0.432,0.1,0.358,0,0,1,2
0.432,0.1,0.361,0,0,1,2
0.432,0.1,0.364,0,0,1,2
0.432,0.1,0.367,0,0,1,2
0.432,0.1,0.37,0,0,1,2
0.432,0.1,0.373,0,0,1,2
0.432,0.1,0.376,0,0,1,2
0.432,0.1,0.379,0,0,1,2
0.432,0.1,0.382,0,0,1,2
0.432,0.1,0.385,0,0,1,2
0.432,0.1,0.388,0,0,1,2
0.432,0.1,0.391,0,0,1,2
0.432,0.1,0.394,0,0,1,2
0.432,0.1,0.397,0,0,1,2
0.432,0.1,0.4,0,0,1,2
0.432,0.1,0.403,0,0,1,2
0.432,0.1,0.406,0,0,1,2
0.432,0.1,0.409,0,0,1,2
0.432,0.1,0.412,0,0,1,2
0.432,0.1,0.415,0,0,1,2
0.432,0.1,0.418,0,0,1,2
0.432,0.1,0.420999,0,0,1,2
0.432,0.1,0.423999,0,0,1,2
0.432,0.1,0.426999,0,0,1,2
0.432,0.1,0.429999,0,0,1,2
0.432,0.1,0.432999,0,0,1,2
0.432,0.1,0.435999,0,0,1,2
0.432,0.1,0.438999,0,0,1,2
0.432,0.1,0.441999,0,0,1,2
0.432,0.1,0.444999,0,0,1,2
0.432,0.1,0.447999,0,0,1,2
0.432,0.1,0.450999,0,0,1,2
0.435,0.1,0.25,0,0,1,2
0.435,0.1,0.253,0,0,1,2
0.435,0.1,0.256,0,0,1,2
0.435,0.1,0.259,0,0,1,2
0.435,0.1,0.262,0,0,1,2
0.435,0.1,0.265,0,0,1,2
0.435,0.1,0.268,0,0,1,2
0.435,0.1,0.271,0,0,1,2
0.435,0.1,0.274,0,0,1,2
0.435,0.1,0.277,0,0,1,2
0.435,0.1,0.28,0,0,1,2
0.435,0.1,0.283,0,0,1,2
0.435,0.1,0.286,0,0,1,2
0.435,0.1,0.289,0,0,1,2
0.435,0.1,0.292,0,0,1,2
0.435,0.1,0.295,0,0,1,2
0.435,0.1,0.298,0,0,1,2
0.435,0.1,0.301,0,0,1,2
0.435,0.1,0.304,0,0,1,2
0.435,0.1,0.307,0,0,1,2
0.435,0.1,0.31,0,0,1,2
0.435,0.1,0.313,0,0,1,2
0.435,0.1,0.316,0,0,1,2
0.435,0.1,0.319,0,0,1,2
0.435,0.1,0.322,0,0,1,2
0.435,0.1,0.325,0,0,1,2
0.435,0.1,0.328,0,0,1,2
0.435,0.1,0.331,0,0,1,2
0.435,0.1,0.334,0,0,1,2
0.435,0.1,0.337,0,0,1,2
0.435,0.1,0.34,0,0,1,2
0.435,0.1,0.343,0,0,1,2
0.435,0.1,0.346,0,0,1,2
0.435,0.1,0.349,0,0,1,2
0.435,0.1,0.352,0,0,1,2
0.435,0.1,0.355,0,0,1,2
0.435,0.1,0.358,0,0,1,2
0.435,0.1,0.361,0,0,1,2
0.435,0.1,0.364,0,0,1,2
0.435,0.1,0.367,0,0,1,2
0.435,0.1,0.37,0,0,1,2
0.435,0.1,0.373,0,0,1,2
0.435,0.1,0.376,0,0,1,2
0.435,0.1,0.379,0,0,1,2
0.435,0.1,0.382,0,0,1,2
0.435,0.1,0.385,0,0,1,2
0.435,0.1,0.388,0,0,1,2
0.435,0.1,0.391,0,0,1,2
0.435,0.1,0.394,0,0,1,2
0.435,0.1,0.397,0,0,1,2
0.435,0.1,0.4,0,0,1,2
0.435,0.1,0.403,0,0,1,2
0.435,0.1,0.406,0,0,1,2
0.435,0.1,0.409,0,0,1,2
0.435,0.1,0.412,0,0,1,2
0.435,0.1,0.415,0,0,1,2
0.435,0.1,0.418,0,0,1,2
0.435,0.1,0.420999,0,0,1,2
0.435,0.1,0.423999,0,0,1,2
0.435,0.1,0.426999,0,0,1,2
0.435,0.1,0.429999,0,0,1,2
0.435,0.1,0.432999,0,0,1,2
0.435,0.1,0.435999,0,0,1,2
0.435,0.1,0.438999,0,0,1,2
0.435,0.1,0.441999,0,0,1,2
0.435,0.1,0.444999,0,0,1,2
0.435,0.1,0.447999,0,0,1,2
0.435,0.1,0.450999,0,0,1,2
0.438,0.1,0.25,0,0,1,2
0.438,0.1,0.253,0,0,1,2
0.438,0.1,0.256,0,0,1,2
0.438,0.1,0.259,0,0,1,2
0.438,0.1,0.262,0,0,1,2
0.438,0.1,0.265,0,0,1,2
0.438,0.1,0.268,0,0,1,2
0.438,0.1,0.271,0,0,1,2
0.438,0.1,0.274,0,0,1,2
0.438,0.1,0.277,0,0,1,2
0.438,0.1,0.28,0,0,1,2
0.438,0.1,0.283,0,0,1,2
0.438,0.1,0.286,0,0,1,2
0.438,0.1,0.289,0,0,1,2
0.438,0.1,0.292,0,0,1,2
0.438,0.1,0.295,0,0,1,2
0.438,0.1,0.298,0,0,1,2
0.438,0.1,0.301,0,0,1,2
0.438,0.1,0.304,0,0,1,2
0.438,0.1,0.307,0,0,1,2
0.438,0.1,0.31,0,0,1,2
0.438,0.1,0.313,0,0,1,2
0.438,0.1,0.316,0,0,1,2
0.438,0.1,0.319,0,0,1,2
0.438,0.1,0.322,0,0,1,2
0.438,0.1,0.325,0,0,1,2
0.438,0.1,0.328,0,0,1,2
0.438,0.1,0.331,0,0,1,2
0.438,0.1,0.334,0,0,1,2
0.438,0.1,0.337,0,0,1,2
0.438,0.1,0.34,0,0,1,2
0.438,0.1,0.343,0,0,1,2
0.438,0.1,0.346,0,0,1,2
0.438,0.1,0.349,0,0,1,2
0.438,0.1,0.352,0,0,1,2
0.438,0.1,0.355,0,0,1,2
0.438,0.1,0.358,0,0,1,2
0.438,0.1,0.361,0,0,1,2
0.438,0.1,0.364,0,0,1,2
0.438,0.1,0.367,0,0,1,2
0.438,0.1,0.37,0,0,1,2
0.438,0.1,0.373,0,0,1,2
0.438,0.1,0.376,0,0,1,2
0.438,0.1,0.379,0,0,1,2
0.438,0.1,0.382,0,0,1,2
0.438,0.1,0.385,0,0,1,2
0.438,0.1,0.388,0,0,1,2
0.438,0.1,0.391,0,0,1,2
0.438,0.1,0.394,0,0,1,2
0.438,0.1,0.397,0,0,1,2
0.438,0.1,0.4,0,0,1,2
0.438,0.1,0.403,0,0,1,2
0.438,0.1,0.406,0,0,1,2
0.438,0.1,0.409,0,0,1,2
0.438,0.1,0.412,0,0,1,2
0.438,0.1,0.415,0,0,1,2
0.438,0.1,0.418,0,0,1,2
0.438,0.1,0.420999,0,0,1,2
0.438,0.1,0.423999,0,0,1,2
0.438,0.1,0.426999,0,0,1,2
0.438,0.1,0.429999,0,0,1,2
0.438,0.1,0.432999,0,0,1,2
0.438,0.1,0.435999,0,0,1,2
0.438,0.1,0.438999,0,0,1,2
0.438,0.1,0.441999,0,0,1,2
0.438,0.1,0.444999,0,0,1,2
0.438,0.1,0.447999,0,0,1,2
0.438,0.1,0.450999,0,0,1,2
0.441,0.1,0.25,0,0,1,2
0.441,0.1,0.253,0,0,1,2
0.441,0.1,0.256,0,0,1,2
0.441,0.1,0.259,0,0,1,2
0.441,0.1,0.262,0,0,1,2
0.441,0.1,0.265,0,0,1,2
0.441,0.1,0.268,0,0,1,2
0.441,0.1,0.271,0,0,1,2
0.441,0.1,0.274,0,0,1,2
0.441,0.1,0.277,0,0,1,2
0.441,0.1,0.28,0,0,1,2
0.441,0.1,0.283,0,0,1,2
0.441,0.1,0.286,0,0,1,2
0.441,0.1,0.289,0,0,1,2
0.441,0.1,0.292,0,0,1,2
0.441,0.1,0.295,0,0,1,2
0.441,0.1,0.298,0,0,1,2
0.441,0.1,0.301,0,0,1,2
0.441,0.1,0.304,0,0,1,2
0.441,0.1,0.307,0,0,1,2
0.441,0.1,0.31,0,0,1,2
0.441,0.1,0.313,0,0,1,2
0.441,0.1,0.316,0,0,1,2
0.441,0.1,0.319,0,0,1,2
0.441,0.1,0.322,0,0,1,2
0.441,0.1,0.325,0,0,1,2
0.441,0.1,0.328,0,0,1,2
0.441,0.1,0.331,0,0,1,2
0.441,0.1,0.334,0,0,1,2
0.441,0.1,0.337,0,0,1,2
0.441,0.1,0.34,0,0,1,2
0.441,0.1,0.343,0,0,1,2
0.441,0.1,0.346,0,0,1,2
0.441,0.1,0.349,0,0,1,2
0.441,0.1,0.352,0,0,1,2
0.441,0.1,0.355,0,0,1,2
0.441,0.1,0.358,0,0,1,2
0.441,0.1,0.361,0,0,1,2
0.441,0.1,0.364,0,0,1,2
0.441,0.1,0.367,0,0,1,2
0.441,0.1,0.37,0,0,1,2
0.441,0.1,0.373,0,0,1,2
0.441,0.1,0.376,0,0,1,2
0.441,0.1,0.379,0,0,1,2
0.441,0.1,0.382,0,0,1,2
0.441,0.1,0.385,0,0,1,2
0.441,0.1,0.388,0,0,1,2
0.441,0.1,0.391,0,0,1,2
0.441,0.1,0.394,0,0,1,2
0.441,0.1,0.397,0,0,1,2
0.441,0.1,0.4,0,0,1,2
0.441,0.1,0.403,0,0,1,2
0.441,0.1,0.406,0,0,1,2
0.441,0.1,0.409,0,0,1,2
0.441,0.1,0.412,0,0,1,2
0.441,0.1,0.415,0,0,1,2
0.441,0.1,0.418,0,0,1,2
0.441,0.1,0.420999,0,0,1,2
0.441,0.1,0.423999,0,0,1,2
0.441,0.1,0.426999,0,0,1,2
0.441,0.1,0.429999,0,0,1,2
0.441,0.1,0.432999,0,0,1,2
0.441,0.1,0.435999,0,0,1,2
0.441,0.1,0.438999,0,0,1,2
0.441,0.1,0.441999,0,0,1,2
0.441,0.1,0.444999,0,0,1,2
0.441,0.1,0.447999,0,0,1,2
0.441,0.1,0.450999,0,0,1,2
0.444,0.1,0.25,0,0,1,2
0.444,0.1,0.253,0,0,1,2
0.444,0.1,0.256,0,0,1,2
0.444,0.1,0.259,0,0,1,2
0.444,0.1,0.262,0,0,1,2
0.444,0.1,0.265,0,0,1,2
0.444,0.1,0.268,0,0,1,2
0.444,0.1,0.271,0,0,1,2
0.444,0.1,0.274,0,0,1,2
0.444,0.1,0.277,0,0,1,2
0.444,0.1,0.28,0,0,1,2
0.444,0.1,0.283,0,0,1,2
0.444,0.1,0.286,0,0,1,2
0.444,0.1,0.289,0,0,1,2
0.444,0.1,0.292,0,0,1,2
0.444,0.1,0.295,0,0,1,2
0.444,0.1,0.298,0,0,1,2
0.444,0.1,0.301,0,0,1,2
0.444,0.1,0.304,0,0,1,2
0.444,0.1,0.307,0,0,1,2
0.444,0.1,0.31,0,0,1,2
0.444,0.1,0.313,0,0,1,2
0.444,0.1,0.316,0,0,1,2
0.444,0.1,0.319,0,0,1,2
0.444,0.1,0.322,0,0,1,2
0.444,0.1,0.325,0,0,1,2
0.444,0.1,0.328,0,0,1,2
0.444,0.1,0.331,0,0,1,2
0.444,0.1,0.334,0,0,1,2
0.444,0.1,0.337,0,0,1,2
0.444,0.1,0.34,0,0,1,2
0.444,0.1,0.343,0,0,1,2
0.444,0.1,0.346,0,0,1,2
0.444,0.1,0.349,0,0,1,2
0.444,0.1,0.352,0,0,1,2
0.444,0.1,0.355,0,0,1,2
0.444,0.1,0.358,0,0,1,2
0.444,0.1,0.361,0,0,1,2
0.444,0.1,0.364,0,0,1,2
0.444,0.1,0.367,0,0,1,2
0.444,0.1,0.37,0,0,1,2
0.444,0.1,0.373,0,0,1,2
0.444,0.1,0.376,0,0,1,2
0.444,0.1,0.379,0,0,1,2
0.444,0.1,0.382,0,0,1,2
0.444,0.1,0.385,0,0,1,2
0.444,0.1,0.388,0,0,1,2
0.444,0.1,0.391,0,0,1,2
0.444,0.1,0.394,0,0,1,2
0.444,0.1,0.397,0,0,1,2
0.444,0.1,0.4,0,0,1,2
0.444,0.1,0.403,0,0,1,2
0.444,0.1,0.406,0,0,1,2
0.444,0.1,0.409,0,0,1,2
0.444,0.1,0.412,0,0,1,2
0.444,0.1,0.415,0,0,1,2
0.444,0.1,0.418,0,0,1,2
0.444,0.1,0.420999,0,0,1,2
0.444,0.1,0.423999,0,0,1,2
0.444,0.1,0.426999,0,0,1,2
0.444,0.1,0.429999,0,0,1,2
0.444,0.1,0.432999,0,0,1,2
0.444,0.1,0.435999,0,0,1,2
0.444,0.1,0.438999,0,0,1,2
0.444,0.1,0.441999,0,0,1,2
0.444,0.1,0.444999,0,0,1,2
0.444,0.1,0.447999,0,0,1,2
0.444,0.1,0.450999,0,0,1,2
0.447,0.1,0.25,0,0,1,2
0.447,0.1,0.253,0,0,1,2
0.447,0.1,0.256,0,0,1,2
0.447,0.1,0.259,0,0,1,2
0.447,0.1,0.262,0,0,1,2
0.447,0.1,0.265,0,0,1,2
0.447,0.1,0.268,0,0,1,2
0.447,0.1,0.271,0,0,1,2
0.447,0.1,0.274,0,0,1,2
0.447,0.1,0.277,0,0,1,2
0.447,0.1,0.28,0,0,1,2
0.447,0.1,0.283,0,0,1,2
0.447,0.1,0.286,0,0,1,2
0.447,0.1,0.289,0,0,1,2
0.447,0.1,0.292,0,0,1,2
0.447,0.1,0.295,0,0,1,2
0.447,0.1,0.298,0,0,1,2
0.447,0.1,0.301,0,0,1,2
0.447,0.1,0.304,0,0,1,2
0.447,0.1,0.307,0,0,1,2
0.447,0.1,0.31,0,0,1,2
0.447,0.1,0.313,0,0,1,2
0.447,0.1,0.316,0,0,1,2
0.447,0.1,0.319,0,0,1,2
0.447,0.1,0.322,0,0,1,2
0.447,0.1,0.325,0,0,1,2
0.447,0.1,0.328,0,0,1,2
0.447,0.1,0.331,0,0,1,2
0.447,0.1,0.334,0,0,1,2
0.447,0.1,0.337,0,0,1,2
0.447,0.1,0.34,0,0,1,2
0.447,0.1,0.343,0,0,1,2
0.447,0.1,0.346,0,0,1,2
0.447,0.1,0.349,0,0,1,2
0.447,0.1,0.352,0,0,1,2
0.447,0.1,0.355,0,0,1,2
0.447,0.1,0.358,0,0,1,2
0.447,0.1,0.361,0,0,1,2
0.447,0.1,0.364,0,0,1,2
0.447,0.1,0.367,0,0,1,2
0.447,0.1,0.37,0,0,1,2
0.447,0.1,0.373,0,0,1,2
0.447,0.1,0.376,0,0,1,2
0.447,0.1,0.379,0,0,1,2
0.447,0.1,0.382,0,0,1,2
0.447,0.1,0.385,0,0,1,2
0.447,0.1,0.388,0,0,1,2
0.447,0.1,0.391,0,0,1,2
0.447,0.1,0.394,0,0,1,2
0.447,0.1,0.397,0,0,1,2
0.447,0.1,0.4,0,0,1,2
0.447,0.1,0.403,0,0,1,2
0.447,0.1,0.406,0,0,1,2
0.447,0.1,0.409,0,0,1,2
0.447,0.1,0.412,0,0,1,2
0.447,0.1,0.415,0,0,1,2
0.447,0.1,0.418,0,0,1,2
0.447,0.1,0.420999,0,0,1,2
0.447,0.1,0.423999,0,0,1,2
0.447,0.1,0.426999,0,0,1,2
0.447,0.1,0.429999,0,0,1,2
0.447,0.1,0.432999,0,0,1,2
0.447,0.1,0.435999,0,0,1,2
0.447,0.1,0.438999,0,0,1,2
0.447,0.1,0.441999,0,0,1,2
0.447,0.1,0.444999,0,0,1,2
0.447,0.1,0.447999,0,0,1,2
0.447,0.1,0.450999,0,0,1,2
0.45,0.1,0.25,0,0,1,2
0.45,0.1,0.253,0,0,1,2
0.45,0.1,0.256,0,0,1,2
0.45,0.1,0.259,0,0,1,2
0.45,0.1,0.262,0,0,1,2
0.45,0.1,0.265,0,0,1,2
0.45,0.1,0.268,0,0,1,2
0.45,0.1,0.271,0,0,1,2
0.45,0.1,0.274,0,0,1,2
0.45,0.1,0.277,0,0,1,2
0.45,0.1,0.28,0,0,1,2
0.45,0.1,0.283,0,0,1,2
0.45,0.1,0.286,0,0,1,2
0.45,0.1,0.289,0,0,1,2
0.45,0.1,0.292,0,0,1,2
0.45,0.1,0.295,0,0,1,2
0.45,0.1,0.298,0,0,1,2
0.45,0.1,0.301,0,0,1,2
0.45,0.1,0.304,0,0,1,2
0.45,0.1,0.307,0,0,1,2
0.45,0.1,0.31,0,0,1,2
0.45,0.1,0.313,0,0,1,2
0.45,0.1,0.316,0,0,1,2
0.45,0.1,0.319,0,0,1,2
0.45,0.1,0.322,0,0,1,2
0.45,0.1,0.325,0,0,1,2
0.45,0.1,0.328,0,0,1,2
0.45,0.1,0.331,0,0,1,2
0.45,0.1,0.334,0,0,1,2
0.45,0.1,0.337,0,0,1,2
0.45,0.1,0.34,0,0,1,2
0.45,0.1,0.343,0,0,1,2
0.45,0.1,0.346,0,0,1,2
0.45,0.1,0.349,0,0,1,2
0.45,0.1,0.352,0,0,1,2
0.45,0.1,0.355,0,0,1,2
0.45,0.1,0.358,0,0,1,2
0.45,0.1,0.361,0,0,1,2
0.45,0.1,0.364,0,0,1,2
0.45,0.1,0.367,0,0,1,2
0.45,0.1,0.37,0,0,1,2
0.45,0.1,0.373,0,0,1,2
0.45,0.1,0.376,0,0,1,2
0.45,0.1,0.379,0,0,1,2
0.45,0.1,0.382,0,0,1,2
0.45,0.1,0.385,0,0,1,2
0.45,0.1,0.388,0,0,1,2
0.45,0.1,0.391,0,0,1,2
0.45,0.1,0.394,0,0,1,2
0.45,0.1,0.397,0,0,1,2
0.45,0.1,0.4,0,0,1,2
0.45,0.1,0.403,0,0,1,2
0.45,0.1,0.406,0,0,1,2
0.45,0.1,0.409,0,0,1,2
0.45,0.1,0.412,0,0,1,2
0.45,0.1,0.415,0,0,1,2
0.45,0.1,0.418,0,0,1,2
0.45,0.1,0.420999,0,0,1,2
0.45,0.1,0.423999,0,0,1,2
0.45,0.1,0.426999,0,0,1,2
0.45,0.1,0.429999,0,0,1,2
0.45,0.1,0.432999,0,0,1,2
0.45,0.1,0.435999,0,0,1,2
0.45,0.1,0.438999,0,0,1,2
0.45,0.1,0.441999,0,0,1,2
0.45,0.1,0.444999,0,0,1,2
0.45,0.1,0.447999,0,0,1,2
0.45,0.1,0.450999,0,0,1,2
0.453,0.1,0.25,0,0,1,2
0.453,0.1,0.253,0,0,1,2
0.453,0.1,0.256,0,0,1,2
0.453,0.1,0.259,0,0,1,2
0.453,0.1,0.262,0,0,1,2
0.453,0.1,0.265,0,0,1,2
0.453,0.1,0.268,0,0,1,2
0.453,0.1,0.271,0,0,1,2
0.453,0.1,0.274,0,0,1,2
0.453,0.1,0.277,0,0,1,2
0.453,0.1,0.28,0,0,1,2
0.453,0.1,0.283,0,0,1,2
0.453,0.1,0.286,0,0,1,2
0.453,0.1,0.289,0,0,1,2
0.453,0.1,0.292,0,0,1,2
0.453,0.1,0.295,0,0,1,2
0.453,0.1,0.298,0,0,1,2
0.453,0.1,0.301,0,0,1,2
0.453,0.1,0.304,0,0,1,2
0.453,0.1,0.307,0,0,1,2
0.453,0.1,0.31,0,0,1,2
0.453,0.1,0.313,0,0,1,2
0.453,0.1,0.316,0,0,1,2
0.453,0.1,0.319,0,0,1,2
0.453,0.1,0.322,0,0,1,2
0.453,0.1,0.325,0,0,1,2
0.453,0.1,0.328,0,0,1,2
0.453,0.1,0.331,0,0,1,2
0.453,0.1,0.334,0,0,1,2
0.453,0.1,0.337,0,0,1,2
0.453,0.1,0.34,0,0,1,2
0.453,0.1,0.343,0,0,1,2
0.453,0.1,0.346,0,0,1,2
0.453,0.1,0.349,0,0,1,2
0.453,0.1,0.352,0,0,1,2
0.453,0.1,0.355,0,0,1,2
0.453,0.1,0.358,0,0,1,2
0.453,0.1,0.361,0,0,1,2
0.453,0.1,0.364,0,0,1,2
0.453,0.1,0.367,0,0,1,2
0.453,0.1,0.37,0,0,1,2
0.453,0.1,0.373,0,0,1,2
0.453,0.1,0.376,0,0,1,2
0.453,0.1,0.379,0,0,1,2
0.453,0.1,0.382,0,0,1,2
0.453,0.1,0.385,0,0,1,2
0.453,0.1,0.388,0,0,1,2
0.453,0.1,0.391,0,0,1,2
0.453,0.1,0.394,0,0,1,2
0.453,0.1,0.397,0,0,1,2
0.453,0.1,0.4,0,0,1,2
0.453,0.1,0.403,0,0,1,2
0.453,0.1,0.406,0,0,1,2
0.453,0.1,0.409,0,0,1,2
0.453,0.1,0.412,0,0,1,2
0.453,0.1,0.415,0,0,1,2
0.453,0.1,0.418,0,0,1,2
0.453,0.1,0.420999,0,0,1,2
0.453,0.1,0.423999,0,0,1,2
0.453,0.1,0.426999,0,0,1,2
0.453,0.1,0.429999,0,0,1,2
0.453,0.1,0.432999,0,0,1,2
0.453,0.1,0.435999,0,0,1,2
0.453,0.1,0.438999,0,0,1,2
0.453,0.1,0.441999,0,0,1,2
0.453,0.1,0.444999,0,0,1,2
0.453,0.1,0.447999,0,0,1,2
0.453,0.1,0.450999,0,0,1,2
0.456,0.1,0.25,0,0,1,2
0.456,0.1,0.253,0,0,1,2
0.456,0.1,0.256,0,0,1,2
0.456,0.1,0.259,0,0,1,2
0.456,0.1,0.262,0,0,1,2
0.456,0.1,0.265,0,0,1,2
0.456,0.1,0.268,0,0,1,2
0.456,0.1,0.271,0,0,1,2
0.456,0.1,0.274,0,0,1,2
0.456,0.1,0.277,0,0,1,2
0.456,0.1,0.28,0,0,1,2
0.456,0.1,0.283,0,0,1,2
0.456,0.1,0.286,0,0,1,2
0.456,0.1,0.289,0,0,1,2
0.456,0.1,0.292,0,0,1,2
0.456,0.1,0.295,0,0,1,2
0.456,0.1,0.298,0,0,1,2
0.456,0.1,0.301,0,0,1,2
0.456,0.1,0.304,0,0,1,2
0.456,0.1,0.307,0,0,1,2
0.456,0.1,0.31,0,0,1,2
0.456,0.1,0.313,0,0,1,2
0.456,0.1,0.316,0,0,1,2
0.456,0.1,0.319,0,0,1,2
0.456,0.1,0.322,0,0,1,2
0.456,0.1,0.325,0,0,1,2
0.456,0.1,0.328,0,0,1,2
0.456,0.1,0.331,0,0,1,2
0.456,0.1,0.334,0,0,1,2
0.456,0.1,0.337,0,0,1,2
0.456,0.1,0.34,0,0,1,2
0.456,0.1,0.343,0,0,1,2
0.456,0.1,0.346,0,0,1,2
0.456,0.1,0.349,0,0,1,2
0.456,0.1,0.352,0,0,1,2
0.456,0.1,0.355,0,0,1,2
0.456,0.1,0.358,0,0,1,2
0.456,0.1,0.361,0,0,1,2
0.456,0.1,0.364,0,0,1,2
0.456,0.1,0.367,0,0,1,2
0.456,0.1,0.37,0,0,1,2
0.456,0.1,0.373,0,0,1,2
0.456,0.1,0.376,0,0,1,2
0.456,0.1,0.379,0,0,1,2
0.456,0.1,0.382,0,0,1,2
0.456,0.1,0.385,0,0,1,2
0.456,0.1,0.388,0,0,1,2
0.456,0.1,0.391,0,0,1,2
0.456,0.1,0.394,0,0,1,2
0.456,0.1,0.397,0,0,1,2
0.456,0.1,0.4,0,0,1,2
0.456,0.1,0.403,0,0,1,2
0.456,0.1,0.406,0,0,1,2
0.456,0.1,0.409,0,0,1,2
0.456,0.1,0.412,0,0,1,2
0.456,0.1,0.415,0,0,1,2
0.456,0.1,0.418,0,0,1,2
0.456,0.1,0.420999,0,0,1,2
0.456,0.1,0.423999,0,0,1,2
0.456,0.1,0.426999,0,0,1,2
0.456,0.1,0.429999,0,0,1,2
0.456,0.1,0.432999,0,0,1,2
0.456,0.1,0.435999,0,0,1,2
0.456,0.1,0.438999,0,0,1,2
0.456,0.1,0.441999,0,0,1,2
0.456,0.1,0.444999,0,0,1,2
0.456,0.1,0.447999,0,0,1,2
0.456,0.1,0.450999,0,0,1,2
0.459,0.1,0.25,0,0,1,2
0.459,0.1,0.253,0,0,1,2
0.459,0.1,0.256,0,0,1,2
0.459,0.1,0.259,0,0,1,2
0.459,0.1,0.262,0,0,1,2
0.459,0.1,0.265,0,0,1,2
0.459,0.1,0.268,0,0,1,2
0.459,0.1,0.271,0,0,1,2
0.459,0.1,0.274,0,0,1,2
0.459,0.1,0.277,0,0,1,2
0.459,0.1,0.28,0,0,1,2
0.459,0.1,0.283,0,0,1,2
0.459,0.1,0.286,0,0,1,2
0.459,0.1,0.289,0,0,1,2
0.459,0.1,0.292,0,0,1,2
0.459,0.1,0.295,0,0,1,2
0.459,0.1,0.298,0,0,1,2
0.459,0.1,0.301,0,0,1,2
0.459,0.1,0.304,0,0,1,2
0.459,0.1,0.307,0,0,1,2
0.459,0.1,0.31,0,0,1,2
0.459,0.1,0.313,0,0,1,2
0.459,0.1,0.316,0,0,1,2
0.459,0.1,0.319,0,0,1,2
0.459,0.1,0.322,0,0,1,2
0.459,0.1,0.325,0,0,1,2
0.459,0.1,0.328,0,0,1,2
0.459,0.1,0.331,0,0,1,2
0.459,0.1,0.334,0,0,1,2
0.459,0.1,0.337,0,0,1,2
0.459,0.1,0.34,0,0,1,2
0.459,0.1,0.343,0,0,1,2
0.459,0.1,0.346,0,0,1,2
0.459,0.1,0.349,0,0,1,2
0.459,0.1,0.352,0,0,1,2
0.459,0.1,0.355,0,0,1,2
0.459,0.1,0.358,0,0,1,2
0.459,0.1,0.361,0,0,1,2
0.459,0.1,0.364,0,0,1,2
0.459,0.1,0.367,0,0,1,2
0.459,0.1,0.37,0,0,1,2
0.459,0.1,0.373,0,0,1,2
0.459,0.1,0.376,0,0,1,2
0.459,0.1,0.379,0,0,1,2
0.459,0.1,0.382,0,0,1,2
0.459,0.1,0.385,0,0,1,2
0.459,0.1,0.388,0,0,1,2
0.459,0.1,0.391,0,0,1,2
0.459,0.1,0.394,0,0,1,2
0.459,0.1,0.397,0,0,1,2
0.459,0.1,0.4,0,0,1,2
0.459,0.1,0.403,0,0,1,2
0.459,0.1,0.406,0,0,1,2
0.459,0.1,0.409,0,0,1,2
0.459,0.1,0.412,0,0,1,2
0.459,0.1,0.415,0,0,1,2
0.459,0.1,0.418,0,0,1,2
0.459,0.1,0.420999,0,0,1,2
0.459,0.1,0.423999,0,0,1,2
0.459,0.1,0.426999,0,0,1,2
0.459,0.1,0.429999,0,0,1,2
0.459,0.1,0.432999,0,0,1,2
0.459,0.1,0.435999,0,0,1,2
0.459,0.1,0.438999,0,0,1,2
0.459,0.1,0.441999,0,0,1,2
0.459,0.1,0.444999,0,0,1,2
0.459,0.1,0.447999,0,0,1,2
0.459,0.1,0.450999,0,0,1,2
0.462,0.1,0.25,0,0,1,2
0.462,0.1,0.253,0,0,1,2
0.462,0.1,0.256,0,0,1,2
0.462,0.1,0.259,0,0,1,2
0.462,0.1,0.262,0,0,1,2
0.462,0.1,0.265,0,0,1,2
0.462,0.1,0.268,0,0,1,2
0.462,0.1,0.271,0,0,1,2
0.462,0.1,0.274,0,0,1,2
0.462,0.1,0.277,0,0,1,2
0.462,0.1,0.28,0,0,1,2
0.462,0.1,0.283,0,0,1,2
0.462,0.1,0.286,0,0,1,2
0.462,0.1,0.289,0,0,1,2
0.462,0.1,0.292,0,0,1,2
0.462,0.1,0.295,0,0,1,2
0.462,0.1,0.298,0,0,1,2
0.462,0.1,0.301,0,0,1,2
0.462,0.1,0.304,0,0,1,2
0.462,0.1,0.307,0,0,1,2
0.462,0.1,0.31,0,0,1,2
0.462,0.1,0.313,0,0,1,2
0.462,0.1,0.316,0,0,1,2
0.462,0.1,0.319,0,0,1,2
0.462,0.1,0.322,0,0,1,2
0.462,0.1,0.325,0,0,1,2
0.462,0.1,0.328,0,0,1,2
0.462,0.1,0.331,0,0,1,2
0.462,0.1,0.334,0,0,1,2
0.462,0.1,0.337,0,0,1,2
0.462,0.1,0.34,0,0,1,2
0.462,0.1,0.343,0,0,1,2
0.462,0.1,0.346,0,0,1,2
0.462,0.1,0.349,0,0,1,2
0.462,0.1,0.352,0,0,1,2
0.462,0.1,0.355,0,0,1,2
0.462,0.1,0.358,0,0,1,2
0.462,0.1,0.361,0,0,1,2
0.462,0.1,0.364,0,0,1,2
0.462,0.1,0.367,0,0,1,2
0.462,0.1,0.37,0,0,1,2
0.462,0.1,0.373,0,0,1,2
0.462,0.1,0.376,0,0,1,2
0.462,0.1,0.379,0,0,1,2
0.462,0.1,0.382,0,0,1,2
0.462,0.1,0.385,0,0,1,2
0.462,0.1,0.388,0,0,1,2
0.462,0.1,0.391,0,0,1,2
0.462,0.1,0.394,0,0,1,2
0.462,0.1,0.397,0,0,1,2
0.462,0.1,0.4,0,0,1,2
0.462,0.1,0.403,0,0,1,2
0.462,0.1,0.406,0,0,1,2
0.462,0.1,0.409,0,0,1,2
0.462,0.1,0.412,0,0,1,2
0.462,0.1,0.415,0,0,1,2
0.462,0.1,0.418,0,0,1,2
0.462,0.1,0.420999,0,0,1,2
0.462,0.1,0.423999,0,0,1,2
0.462,0.1,0.426999,0,0,1,2
0.462,0.1,0.429999,0,0,1,2
0.462,0.1,0.432999,0,0,1,2
0.462,0.1,0.435999,0,0,1,2
0.462,0.1,0.438999,0,0,1,2
0.462,0.1,0.441999,0,0,1,2
0.462,0.1,0.444999,0,0,1,2
0.462,0.1,0.447999,0,0,1,2
0.462,0.1,0.450999,0,0,1,2
0.465,0.1,0.25,0,0,1,2
0.465,0.1,0.253,0,0,1,2
0.465,0.1,0.256,0,0,1,2
0.465,0.1,0.259,0,0,1,2
0.465,0.1,0.262,0,0,1,2
0.465,0.1,0.265,0,0,1,2
0.465,0.1,0.268,0,0,1,2
0.465,0.1,0.271,0,0,1,2
0.465,0.1,0.274,0,0,1,2
0.465,0.1,0.277,0,0,1,2
0.465,0.1,0.28,0,0,1,2
0.465,0.1,0.283,0,0,1,2
0.465,0.1,0.286,0,0,1,2
0.465,0.1,0.289,0,0,1,2
0.465,0.1,0.292,0,0,1,2
0.465,0.1,0.295,0,0,1,2
0.465,0.1,0.298,0,0,1,2
0.465,0.1,0.301,0,0,1,2
0.465,0.1,0.304,0,0,1,2
0.465,0.1,0.307,0,0,1,2
0.465,0.1,0.31,0,0,1,2
0.465,0.1,0.313,0,0,1,2
0.465,0.1,0.316,0,0,1,2
0.465,0.1,0.319,0,0,1,2
0.465,0.1,0.322,0,0,1,2
0.465,0.1,0.325,0,0,1,2
0.465,0.1,0.328,0,0,1,2
0.465,0.1,0.331,0,0,1,2
0.465,0.1,0.334,0,0,1,2
0.465,0.1,0.337,0,0,1,2
0.465,0.1,0.34,0,0,1,2
0.465,0.1,0.343,0,0,1,2
0.465,0.1,0.346,0,0,1,2
0.465,0.1,0.349,0,0,1,2
0.465,0.1,0.352,0,0,1,2
0.465,0.1,0.355,0,0,1,2
0.465,0.1,0.358,0,0,1,2
0.465,0.1,0.361,0,0,1,2
0.465,0.1,0.364,0,0,1,2
0.465,0.1,0.367,0,0,1,2
0.465,0.1,0.37,0,0,1,2
0.465,0.1,0.373,0,0,1,2
0.465,0.1,0.376,0,0,1,2
0.465,0.1,0.379,0,0,1,2
0.465,0.1,0.382,0,0,1,2
0.465,0.1,0.385,0,0,1,2
0.465,0.1,0.388,0,0,1,2
0.465,0.1,0.391,0,0,1,2
0.465,0.1,0.394,0,0,1,2
0.465,0.1,0.397,0,0,1,2
0.465,0.1,0.4,0,0,1,2
0.465,0.1,0.403,0,0,1,2
0.465,0.1,0.406,0,0,1,2
0.465,0.1,0.409,0,0,1,2
0.465,0.1,0.412,0,0,1,2
0.465,0.1,0.415,0,0,1,2
0.465,0.1,0.418,0,0,1,2
0.465,0.1,0.420999,0,0,1,2
0.465,0.1,0.423999,0,0,1,2
0.465,0.1,0.426999,0,0,1,2
0.465,0.1,0.429999,0,0,1,2
0.465,0.1,0.432999,0,0,1,2
0.465,0.1,0.435999,0,0,1,2
0.465,0.1,0.438999,0,0,1,2
0.465,0.1,0.441999,0,0,1,2
0.465,0.1,0.444999,0,0,1,2
0.465,0.1,0.447999,0,0,1,2
0.465,0.1,0.450999,0,0,1,2
0.468,0.1,0.25,0,0,1,2
0.468,0.1,0.253,0,0,1,2
0.468,0.1,0.256,0,0,1,2
0.468,0.1,0.259,0,0,1,2
0.468,0.1,0.262,0,0,1,2
0.468,0.1,0.265,0,0,1,2
0.468,0.1,0.268,0,0,1,2
0.468,0.1,0.271,0,0,1,2
0.468,0.1,0.274,0,0,1,2
0.468,0.1,0.277,0,0,1,2
0.468,0.1,0.28,0,0,1,2
0.468,0.1,0.283,0,0,1,2
0.468,0.1,0.286,0,0,1,2
0.468,0.1,0.289,0,0,1,2
0.468,0.1,0.292,0,0,1,2
0.468,0.1,0.295,0,0,1,2
0.468,0.1,0.298,0,0,1,2
0.468,0.1,0.301,0,0,1,2
0.468,0.1,0.304,0,0,1,2
0.468,0.1,0.307,0,0,1,2
0.468,0.1,0.31,0,0,1,2
0.468,0.1,0.313,0,0,1,2
0.468,0.1,0.316,0,0,1,2
0.468,0.1,0.319,0,0,1,2
0.468,0.1,0.322,0,0,1,2
0.468,0.1,0.325,0,0,1,2
0.468,0.1,0.328,0,0,1,2
0.468,0.1,0.331,0,0,1,2
0.468,0.1,0.334,0,0,1,2
0.468,0.1,0.337,0,0,1,2
0.468,0.1,0.34,0,0,1,2
0.468,0.1,0.343,0,0,1,2
0.468,0.1,0.346,0,0,1,2
0.468,0.1,0.349,0,0,1,2
0.468,0.1,0.352,0,0,1,2
0.468,0.1,0.355,0,0,1,2
0.468,0.1,0.358,0,0,1,2
0.468,0.1,0.361,0,0,1,2
0.468,0.1,0.364,0,0,1,2
0.468,0.1,0.367,0,0,1,2
0.468,0.1,0.37,0,0,1,2
0.468,0.1,0.373,0,0,1,2
0.468,0.1,0.376,0,0,1,2
0.468,0.1,0.379,0,0,1,2
0.468,0.1,0.382,0,0,1,2
0.468,0.1,0.385,0,0,1,2
0.468,0.1,0.388,0,0,1,2
0.468,0.1,0.391,0,0,1,2
0.468,0.1,0.394,0,0,1,2
0.468,0.1,0.397,0,0,1,2
0.468,0.1,0.4,0,0,1,2
0.468,0.1,0.403,0,0,1,2
0.468,0.1,0.406,0,0,1,2
0.468,0.1,0.409,0,0,1,2
0.468,0.1,0.412,0,0,1,2
0.468,0.1,0.415,0,0,1,2
0.468,0.1,0.418,0,0,1,2
0.468,0.1,0.420999,0,0,1,2
0.468,0.1,0.423999,0,0,1,2
0.468,0.1,0.426999,0,0,1,2
0.468,0.1,0.429999,0,0,1,2
0.468,0.1,0.432999,0,0,1,2
0.468,0.1,0.435999,0,0,1,2
0.468,0.1,0.438999,0,0,1,2
0.468,0.1,0.441999,0,0,1,2
0.468,0.1,0.444999,0,0,1,2
0.468,0.1,0.447999,0,0,1,2
0.468,0.1,0.450999,0,0,1,2
0.471,0.1,0.25,0,0,1,2
0.471,0.1,0.253,0,0,1,2
0.471,0.1,0.256,0,0,1,2
0.471,0.1,0.259,0,0,1,2
0.471,0.1,0.262,0,0,1,2
0.471,0.1,0.265,0,0,1,2
0.471,0.1,0.268,0,0,1,2
0.471,0.1,0.271,0,0,1,2
0.471,0.1,0.274,0,0,1,2
0.471,0.1,0.277,0,0,1,2
0.471,0.1,0.28,0,0,1,2
0.471,0.1,0.283,0,0,1,2
0.471,0.1,0.286,0,0,1,2
0.471,0.1,0.289,0,0,1,2
0.471,0.1,0.292,0,0,1,2
0.471,0.1,0.295,0,0,1,2
0.471,0.1,0.298,0,0,1,2
0.471,0.1,0.301,0,0,1,2
0.471,0.1,0.304,0,0,1,2
0.471,0.1,0.307,0,0,1,2
0.471,0.1,0.31,0,0,1,2
0.471,0.1,0.313,0,0,1,2
0.471,0.1,0.316,0,0,1,2
0.471,0.1,0.319,0,0,1,2
0.471,0.1,0.322,0,0,1,2
0.471,0.1,0.325,0,0,1,2
0.471,0.1,0.328,0,0,1,2
0.471,0.1,0.331,0,0,1,2
0.471,0.1,0.334,0,0,1,2
0.471,0.1,0.337,0,0,1,2
0.471,0.1,0.34,0,0,1,2
0.471,0.1,0.343,0,0,1,2
0.471,0.1,0.346,0,0,1,2
0.471,0.1,0.349,0,0,1,2
0.471,0.1,0.352,0,0,1,2
0.471,0.1,0.355,0,0,1,2
0.471,0.1,0.358,0,0,1,2
0.471,0.1,0.361,0,0,1,2
0.471,0.1,0.364,0,0,1,2
0.471,0.1,0.367,0,0,1,2
0.471,0.1,0.37,0,0,1,2
0.471,0.1,0.373,0,0,1,2
0.471,0.1,0.376,0,0,1,2
0.471,0.1,0.379,0,0,1,2
0.471,0.1,0.382,0,0,1,2
0.471,0.1,0.385,0,0,1,2
0.471,0.1,0.388,0,0,1,2
0.471,0.1,0.391,0,0,1,2
0.471,0.1,0.394,0,0,1,2
0.471,0.1,0.397,0,0,1,2
0.471,0.1,0.4,0,0,1,2
0.471,0.1,0.403,0,0,1,2
0.471,0.1,0.406,0,0,1,2
0.471,0.1,0.409,0,0,1,2
0.471,0.1,0.412,0,0,1,2
0.471,0.1,0.415,0,0,1,2
0.471,0.1,0.418,0,0,1,2
0.471,0.1,0.420999,0,0,1,2
0.471,0.1,0.423999,0,0,1,2
0.471,0.1,0.426999,0,0,1,2
0.471,0.1,0.429999,0,0,1,2
0.471,0.1,0.432999,0,0,1,2
0.471,0.1,0.435999,0,0,1,2
0.471,0.1,0.438999,0,0,1,2
0.471,0.1,0.441999,0,0,1,2
0.471,0.1,0.444999,0,0,1,2
0.471,0.1,0.447999,0,0,1,2
0.471,0.1,0.450999,0,0,1,2
0.474,0.1,0.25,0,0,1,2
0.474,0.1,0.253,0,0,1,2
0.474,0.1,0.256,0,0,1,2
0.474,0.1,0.259,0,0,1,2
0.474,0.1,0.262,0,0,1,2
0.474,0.1,0.265,0,0,1,2
0.474,0.1,0.268,0,0,1,2
0.474,0.1,0.271,0,0,1,2
0.474,0.1,0.274,0,0,1,2
0.474,0.1,0.277,0,0,1,2
0.474,0.1,0.28,0,0,1,2
0.474,0.1,0.283,0,0,1,2
0.474,0.1,0.286,0,0,1,2
0.474,0.1,0.289,0,0,1,2
0.474,0.1,0.292,0,0,1,2
0.474,0.1,0.295,0,0,1,2
0.474,0.1,0.298,0,0,1,2
0.474,0.1,0.301,0,0,1,2
0.474,0.1,0.304,0,0,1,2
0.474,0.1,0.307,0,0,1,2
0.474,0.1,0.31,0,0,1,2
0.474,0.1,0.313,0,0,1,2
0.474,0.1,0.316,0,0,1,2
0.474,0.1,0.319,0,0,1,2
0.474,0.1,0.322,0,0,1,2
0.474,0.1,0.325,0,0,1,2
0.474,0.1,0.328,0,0,1,2
0.474,0.1,0.331,0,0,1,2
0.474,0.1,0.334,0,0,1,2
0.474,0.1,0.337,0,0,1,2
0.474,0.1,0.34,0,0,1,2
0.474,0.1,0.343,0,0,1,2
0.474,0.1,0.346,0,0,1,2
0.474,0.1,0.349,0,0,1,2
0.474,0.1,0.352,0,0,1,2
0.474,0.1,0.355,0,0,1,2
0.474,0.1,0.358,0,0,1,2
0.474,0.1,0.361,0,0,1,2
0.474,0.1,0.364,0,0,1,2
0.474,0.1,0.367,0,0,1,2
0.474,0.1,0.37,0,0,1,2
0.474,0.1,0.373,0,0,1,2
0.474,0.1,0.376,0,0,1,2
0.474,0.1,0.379,0,0,1,2
0.474,0.1,0.382,0,0,1,2
0.474,0.1,0.385,0,0,1,2
0.474,0.1,0.388,0,0,1,2
0.474,0.1,0.391,0,0,1,2
0.474,0.1,0.394,0,0,1,2
0.474,0.1,0.397,0,0,1,2
0.474,0.1,0.4,0,0,1,2
0.474,0.1,0.403,0,0,1,2
0.474,0.1,0.406,0,0,1,2
0.474,0.1,0.409,0,0,1,2
0.474,0.1,0.412,0,0,1,2
0.474,0.1,0.415,0,0,1,2
0.474,0.1,0.418,0,0,1,2
0.474,0.1,0.420999,0,0,1,2
0.474,0.1,0.423999,0,0,1,2
0.474,0.1,0.426999,0,0,1,2
0.474,0.1,0.429999,0,0,1,2
0.474,0.1,0.432999,0,0,1,2
0.474,0.1,0.435999,0,0,1,2
0.474,0.1,0.438999,0,0,1,2
0.474,0.1,0.441999,0,0,1,2
0.474,0.1,0.444999,0,0,1,2
0.474,0.1,0.447999,0,0,1,2
0.474,0.1,0.450999,0,0,1,2
0.477,0.1,0.25,0,0,1,2
0.477,0.1,0.253,0,0,1,2
0.477,0.1,0.256,0,0,1,2
0.477,0.1,0.259,0,0,1,2
0.477,0.1,0.262,0,0,1,2
0.477,0.1,0.265,0,0,1,2
0.477,0.1,0.268,0,0,1,2
0.477,0.1,0.271,0,0,1,2
0.477,0.1,0.274,0,0,1,2
0.477,0.1,0.277,0,0,1,2
0.477,0.1,0.28,0,0,1,2
0.477,0.1,0.283,0,0,1,2
0.477,0.1,0.286,0,0,1,2
0.477,0.1,0.289,0,0,1,2
0.477,0.1,0.292,0,0,1,2
0.477,0.1,0.295,0,0,1,2
0.477,0.1,0.298,0,0,1,2
0.477,0.1,0.301,0,0,1,2
0.477,0.1,0.304,0,0,1,2
0.477,0.1,0.307,0,0,1,2
0.477,0.1,0.31,0,0,1,2
0.477,0.1,0.313,0,0,1,2
0.477,0.1,0.316,0,0,1,2
0.477,0.1,0.319,0,0,1,2
0.477,0.1,0.322,0,0,1,2
0.477,0.1,0.325,0,0,1,2
0.477,0.1,0.328,0,0,1,2
0.477,0.1,0.331,0,0,1,2
0.477,0.1,0.334,0,0,1,2
0.477,0.1,0.337,0,0,1,2
0.477,0.1,0.34,0,0,1,2
0.477,0.1,0.343,0,0,1,2
0.477,0.1,0.346,0,0,1,2
0.477,0.1,0.349,0,0,1,2
0.477,0.1,0.352,0,0,1,2
0.477,0.1,0.355,0,0,1,2
0.477,0.1,0.358,0,0,1,2
0.477,0.1,0.361,0,0,1,2
0.477,0.1,0.364,0,0,1,2
0.477,0.1,0.367,0,0,1,2
0.477,0.1,0.37,0,0,1,2
0.477,0.1,0.373,0,0,1,2
0.477,0.1,0.376,0,0,1,2
0.477,0.1,0.379,0,0,1,2
0.477,0.1,0.382,0,0,1,2
0.477,0.1,0.385,0,0,1,2
0.477,0.1,0.388,0,0,1,2
0.477,0.1,0.391,0,0,1,2
0.477,0.1,0.394,0,0,1,2
0.477,0.1,0.397,0,0,1,2
0.477,0.1,0.4,0,0,1,2
0.477,0.1,0.403,0,0,1,2
0.477,0.1,0.406,0,0,1,2
0.477,0.1,0.409,0,0,1,2
0.477,0.1,0.412,0,0,1,2
0.477,0.1,0.415,0,0,1,2
0.477,0.1,0.418,0,0,1,2
0.477,0.1,0.420999,0,0,1,2
0.477,0.1,0.423999,0,0,1,2
0.477,0.1,0.426999,0,0,1,2
0.477,0.1,0.429999,0,0,1,2
0.477,0.1,0.432999,0,0,1,2
0.477,0.1,0.435999,0,0,1,2
0.477,0.1,0.438999,0,0,1,2
0.477,0.1,0.441999,0,0,1,2
0.477,0.1,0.444999,0,0,1,2
0.477,0.1,0.447999,0,0,1,2
0.477,0.1,0.450999,0,0,1,2
0.48,0.1,0.25,0,0,1,2
0.48,0.1,0.253,0,0,1,2
0.48,0.1,0.256,0,0,1,2
0.48,0.1,0.259,0,0,1,2
0.48,0.1,0.262,0,0,1,2
0.48,0.1,0.265,0,0,1,2
0.48,0.1,0.268,0,0,1,2
0.48,0.1,0.271,0,0,1,2
0.48,0.1,0.274,0,0,1,2
0.48,0.1,0.277,0,0,1,2
0.48,0.1,0.28,0,0,1,2
0.48,0.1,0.283,0,0,1,2
0.48,0.1,0.286,0,0,1,2
0.48,0.1,0.289,0,0,1,2
0.48,0.1,0.292,0,0,1,2
0.48,0.1,0.295,0,0,1,2
0.48,0.1,0.298,0,0,1,2
0.48,0.1,0.301,0,0,1,2
0.48,0.1,0.304,0,0,1,2
0.48,0.1,0.307,0,0,1,2
0.48,0.1,0.31,0,0,1,2
0.48,0.1,0.313,0,0,1,2
0.48,0.1,0.316,0,0,1,2
0.48,0.1,0.319,0,0,1,2
0.48,0.1,0.322,0,0,1,2
0.48,0.1,0.325,0,0,1,2
0.48,0.1,0.328,0,0,1,2
0.48,0.1,0.331,0,0,1,2
0.48,0.1,0.334,0,0,1,2
0.48,0.1,0.337,0,0,1,2
0.48,0.1,0.34,0,0,1,2
0.48,0.1,0.343,0,0,1,2
0.48,0.1,0.346,0,0,1,2
0.48,0.1,0.349,0,0,1,2
0.48,0.1,0.352,0,0,1,2
0.48,0.1,0.355,0,0,1,2
0.48,0.1,0.358,0,0,1,2
0.48,0.1,0.361,0,0,1,2
0.48,0.1,0.364,0,0,1,2
0.48,0.1,0.367,0,0,1,2
0.48,0.1,0.37,0,0,1,2
0.48,0.1,0.373,0,0,1,2
0.48,0.1,0.376,0,0,1,2
0.48,0.1,0.379,0,0,1,2
0.48,0.1,0.382,0,0,1,2
0.48,0.1,0.385,0,0,1,2
0.48,0.1,0.388,0,0,1,2
0.48,0.1,0.391,0,0,1,2
0.48,0.1,0.394,0,0,1,2
0.48,0.1,0.397,0,0,1,2
0.48,0.1,0.4,0,0,1,2
0.48,0.1,0.403,0,0,1,2
0.48,0.1,0.406,0,0,1,2
0.48,0.1,0.409,0,0,1,2
0.48,0.1,0.412,0,0,1,2
0.48,0.1,0.415,0,0,1,2
0.48,0.1,0.418,0,0,1,2
0.48,0.1,0.420999,0,0,1,2
0.48,0.1,0.423999,0,0,1,2
0.48,0.1,0.426999,0,0,1,2
0.48,0.1,0.429999,0,0,1,2
0.48,0.1,0.432999,0,0,1,2
0.48,0.1,0.435999,0,0,1,2
0.48,0.1,0.438999,0,0,1,2
0.48,0.1,0.441999,0,0,1,2
0.48,0.1,0.444999,0,0,1,2
0.48,0.1,0.447999,0,0,1,2
0.48,0.1,0.450999,0,0,1,2
0.483,0.1,0.25,0,0,1,2
0.483,0.1,0.253,0,0,1,2
0.483,0.1,0.256,0,0,1,2
0.483,0.1,0.259,0,0,1,2
0.483,0.1,0.262,0,0,1,2
0.483,0.1,0.265,0,0,1,2
0.483,0.1,0.268,0,0,1,2
0.483,0.1,0.271,0,0,1,2
0.483,0.1,0.274,0,0,1,2
0.483,0.1,0.277,0,0,1,2
0.483,0.1,0.28,0,0,1,2
0.483,0.1,0.283,0,0,1,2
0.483,0.1,0.286,0,0,1,2
0.483,0.1,0.289,0,0,1,2
0.483,0.1,0.292,0,0,1,2
0.483,0.1,0.295,0,0,1,2
0.483,0.1,0.298,0,0,1,2
0.483,0.1,0.301,0,0,1,2
0.483,0.1,0.304,0,0,1,2
0.483,0.1,0.307,0,0,1,2
0.483,0.1,0.31,0,0,1,2
0.483,0.1,0.313,0,0,1,2
0.483,0.1,0.316,0,0,1,2
0.483,0.1,0.319,0,0,1,2
0.483,0.1,0.322,0,0,1,2
0.483,0.1,0.325,0,0,1,2
0.483,0.1,0.328,0,0,1,2
0.483,0.1,0.331,0,0,1,2
0.483,0.1,0.334,0,0,1,2
0.483,0.1,0.337,0,0,1,2
0.483,0.1,0.34,0,0,1,2
0.483,0.1,0.343,0,0,1,2
0.483,0.1,0.346,0,0,1,2
0.483,0.1,0.349,0,0,1,2
0.483,0.1,0.352,0,0,1,2
0.483,0.1,0.355,0,0,1,2
0.483,0.1,0.358,0,0,1,2
0.483,0.1,0.361,0,0,1,2
0.483,0.1,0.364,0,0,1,2
0.483,0.1,0.367,0,0,1,2
0.483,0.1,0.37,0,0,1,2
0.483,0.1,0.373,0,0,1,2
0.483,0.1,0.376,0,0,1,2
0.483,0.1,0.379,0,0,1,2
0.483,0.1,0.382,0,0,1,2
0.483,0.1,0.385,0,0,1,2
0.483,0.1,0.388,0,0,1,2
0.483,0.1,0.391,0,0,1,2
0.483,0.1,0.394,0,0,1,2
0.483,0.1,0.397,0,0,1,2
0.483,0.1,0.4,0,0,1,2
0.483,0.1,0.403,0,0,1,2
0.483,0.1,0.406,0,0,1,2
0.483,0.1,0.409,0,0,1,2
0.483,0.1,0.412,0,0,1,2
0.483,0.1,0.415,0,0,1,2
0.483,0.1,0.418,0,0,1,2
0.483,0.1,0.420999,0,0,1,2
0.483,0.1,0.423999,0,0,1,2
0.483,0.1,0.426999,0,0,1,2
0.483,0.1,0.429999,0,0,1,2
0.483,0.1,0.432999,0,0,1,2
0.483,0.1,0.435999,0,0,1,2
0.483,0.1,0.438999,0,0,1,2
0.483,0.1,0.441999,0,0,1,2
0.483,0.1,0.444999,0,0,1,2
0.483,0.1,0.447999,0,0,1,2
0.483,0.1,0.450999,0,0,1,2
0.486,0.1,0.25,0,0,1,2
0.486,0.1,0.253,0,0,1,2
0.486,0.1,0.256,0,0,1,2
0.486,0.1,0.259,0,0,1,2
0.486,0.1,0.262,0,0,1,2
0.486,0.1,0.265,0,0,1,2
0.486,0.1,0.268,0,0,1,2
0.486,0.1,0.271,0,0,1,2
0.486,0.1,0.274,0,0,1,2
0.486,0.1,0.277,0,0,1,2
0.486,0.1,0.28,0,0,1,2
0.486,0.1,0.283,0,0,1,2
0.486,0.1,0.286,0,0,1,2
0.486,0.1,0.289,0,0,1,2
0.486,0.1,0.292,0,0,1,2
0.486,0.1,0.295,0,0,1,2
0.486,0.1,0.298,0,0,1,2
0.486,0.1,0.301,0,0,1,2
0.486,0.1,0.304,0,0,1,2
0.486,0.1,0.307,0,0,1,2
0.486,0.1,0.31,0,0,1,2
0.486,0.1,0.313,0,0,1,2
0.486,0.1,0.316,0,0,1,2
0.486,0.1,0.319,0,0,1,2
0.486,0.1,0.322,0,0,1,2
0.486,0.1,0.325,0,0,1,2
0.486,0.1,0.328,0,0,1,2
0.486,0.1,0.331,0,0,1,2
0.486,0.1,0.334,0,0,1,2
0.486,0.1,0.337,0,0,1,2
0.486,0.1,0.34,0,0,1,2
0.486,0.1,0.343,0,0,1,2
0.486,0.1,0.346,0,0,1,2
0.486,0.1,0.349,0,0,1,2
0.486,0.1,0.352,0,0,1,2
0.486,0.1,0.355,0,0,1,2
0.486,0.1,0.358,0,0,1,2
0.486,0.1,0.361,0,0,1,2
0.486,0.1,0.364,0,0,1,2
0.486,0.1,0.367,0,0,1,2
0.486,0.1,0.37,0,0,1,2
0.486,0.1,0.373,0,0,1,2
0.486,0.1,0.376,0,0,1,2
0.486,0.1,0.379,0,0,1,2
0.486,0.1,0.382,0,0,1,2
0.486,0.1,0.385,0,0,1,2
0.486,0.1,0.388,0,0,1,2
0.486,0.1,0.391,0,0,1,2
0.486,0.1,0.394,0,0,1,2
0.486,0.1,0.397,0,0,1,2
0.486,0.1,0.4,0,0,1,2
0.486,0.1,0.403,0,0,1,2
0.486,0.1,0.406,0,0,1,2
0.486,0.1,0.409,0,0,1,2
0.486,0.1,0.412,0,0,1,2
0.486,0.1,0.415,0,0,1,2
0.486,0.1,0.418,0,0,1,2
0.486,0.1,0.420999,0,0,1,2
0.486,0.1,0.423999,0,0,1,2
0.486,0.1,0.426999,0,0,1,2
0.486,0.1,0.429999,0,0,1,2
0.486,0.1,0.432999,0,0,1,2
0.486,0.1,0.435999,0,0,1,2
0.486,0.1,0.438999,0,0,1,2
0.486,0.1,0.441999,0,0,1,2
0.486,0.1,0.444999,0,0,1,2
0.486,0.1,0.447999,0,0,1,2
0.486,0.1,0.450999,0,0,1,2
0.489,0.1,0.25,0,0,1,2
0.489,0.1,0.253,0,0,1,2
0.489,0.1,0.256,0,0,1,2
0.489,0.1,0.259,0,0,1,2
0.489,0.1,0.262,0,0,1,2
0.489,0.1,0.265,0,0,1,2
0.489,0.1,0.268,0,0,1,2
0.489,0.1,0.271,0,0,1,2
0.489,0.1,0.274,0,0,1,2
0.489,0.1,0.277,0,0,1,2
0.489,0.1,0.28,0,0,1,2
0.489,0.1,0.283,0,0,1,2
0.489,0.1,0.286,0,0,1,2
0.489,0.1,0.289,0,0,1,2
0.489,0.1,0.292,0,0,1,2
0.489,0.1,0.295,0,0,1,2
0.489,0.1,0.298,0,0,1,2
0.489,0.1,0.301,0,0,1,2
0.489,0.1,0.304,0,0,1,2
0.489,0.1,0.307,0,0,1,2
0.489,0.1,0.31,0,0,1,2
0.489,0.1,0.313,0,0,1,2
0.489,0.1,0.316,0,0,1,2
0.489,0.1,0.319,0,0,1,2
0.489,0.1,0.322,0,0,1,2
0.489,0.1,0.325,0,0,1,2
0.489,0.1,0.328,0,0,1,2
0.489,0.1,0.331,0,0,1,2
0.489,0.1,0.334,0,0,1,2
0.489,0.1,0.337,0,0,1,2
0.489,0.1,0.34,0,0,1,2
0.489,0.1,0.343,0,0,1,2
0.489,0.1,0.346,0,0,1,2
0.489,0.1,0.349,0,0,1,2
0.489,0.1,0.352,0,0,1,2
0.489,0.1,0.355,0,0,1,2
0.489,0.1,0.358,0,0,1,2
0.489,0.1,0.361,0,0,1,2
0.489,0.1,0.364,0,0,1,2
0.489,0.1,0.367,0,0,1,2
0.489,0.1,0.37,0,0,1,2
0.489,0.1,0.373,0,0,1,2
0.489,0.1,0.376,0,0,1,2
0.489,0.1,0.379,0,0,1,2
0.489,0.1,0.382,0,0,1,2
0.489,0.1,0.385,0,0,1,2
0.489,0.1,0.388,0,0,1,2
0.489,0.1,0.391,0,0,1,2
0.489,0.1,0.394,0,0,1,2
0.489,0.1,0.397,0,0,1,2
0.489,0.1,0.4,0,0,1,2
0.489,0.1,0.403,0,0,1,2
0.489,0.1,0.406,0,0,1,2
0.489,0.1,0.409,0,0,1,2
0.489,0.1,0.412,0,0,1,2
0.489,0.1,0.415,0,0,1,2
0.489,0.1,0.418,0,0,1,2
0.489,0.1,0.420999,0,0,1,2
0.489,0.1,0.423999,0,0,1,2
0.489,0.1,0.426999,0,0,1,2
0.489,0.1,0.429999,0,0,1,2
0.489,0.1,0.432999,0,0,1,2
0.489,0.1,0.435999,0,0,1,2
0.489,0.1,0.438999,0,0,1,2
0.489,0.1,0.441999,0,0,1,2
0.489,0.1,0.444999,0,0,1,2
0.489,0.1,0.447999,0,0,1,2
0.489,0.1,0.450999,0,0,1,2
0.492,0.1,0.25,0,0,1,2
0.492,0.1,0.253,0,0,1,2
0.492,0.1,0.256,0,0,1,2
0.492,0.1,0.259,0,0,1,2
0.492,0.1,0.262,0,0,1,2
0.492,0.1,0.265,0,0,1,2
0.492,0.1,0.268,0,0,1,2
0.492,0.1,0.271,0,0,1,2
0.492,0.1,0.274,0,0,1,2
0.492,0.1,0.277,0,0,1,2
0.492,0.1,0.28,0,0,1,2
0.492,0.1,0.283,0,0,1,2
0.492,0.1,0.286,0,0,1,2
0.492,0.1,0.289,0,0,1,2
0.492,0.1,0.292,0,0,1,2
0.492,0.1,0.295,0,0,1,2
0.492,0.1,0.298,0,0,1,2
0.492,0.1,0.301,0,0,1,2
0.492,0.1,0.304,0,0,1,2
0.492,0.1,0.307,0,0,1,2
0.492,0.1,0.31,0,0,1,2
0.492,0.1,0.313,0,0,1,2
0.492,0.1,0.316,0,0,1,2
0.492,0.1,0.319,0,0,1,2
0.492,0.1,0.322,0,0,1,2
0.492,0.1,0.325,0,0,1,2
0.492,0.1,0.328,0,0,1,2
0.492,0.1,0.331,0,0,1,2
0.492,0.1,0.334,0,0,1,2
0.492,0.1,0.337,0,0,1,2
0.492,0.1,0.34,0,0,1,2
0.492,0.1,0.343,0,0,1,2
0.492,0.1,0.346,0,0,1,2
0.492,0.1,0.349,0,0,1,2
0.492,0.1,0.352,0,0,1,2
0.492,0.1,0.355,0,0,1,2
0.492,0.1,0.358,0,0,1,2
0.492,0.1,0.361,0,0,1,2
0.492,0.1,0.364,0,0,1,2
0.492,0.1,0.367,0,0,1,2
0.492,0.1,0.37,0,0,1,2
0.492,0.1,0.373,0,0,1,2
0.492,0.1,0.376,0,0,1,2
0.492,0.1,0.379,0,0,1,2
0.492,0.1,0.382,0,0,1,2
0.492,0.1,0.385,0,0,1,2
0.492,0.1,0.388,0,0,1,2
0.492,0.1,0.391,0,0,1,2
0.492,0.1,0.394,0,0,1,2
0.492,0.1,0.397,0,0,1,2
0.492,0.1,0.4,0,0,1,2
0.492,0.1,0.403,0,0,1,2
0.492,0.1,0.406,0,0,1,2
0.492,0.1,0.409,0,0,1,2
0.492,0.1,0.412,0,0,1,2
0.492,0.1,0.415,0,0,1,2
0.492,0.1,0.418,0,0,1,2
0.492,0.1,0.420999,0,0,1,2
0.492,0.1,0.423999,0,0,1,2
0.492,0.1,0.426999,0,0,1,2
0.492,0.1,0.429999,0,0,1,2
0.492,0.1,0.432999,0,0,1,2
0.492,0.1,0.435999,0,0,1,2
0.492,0.1,0.438999,0,0,1,2
0.492,0.1,0.441999,0,0,1,2
0.492,0.1,0.444999,0,0,1,2
0.492,0.1,0.447999,0,0,1,2
0.492,0.1,0.450999,0,0,1,2
0.495,0.1,0.25,0,0,1,2
0.495,0.1,0.253,0,0,1,2
0.495,0.1,0.256,0,0,1,2
0.495,0.1,0.259,0,0,1,2
0.495,0.1,0.262,0,0,1,2
0.495,0.1,0.265,0,0,1,2
0.495,0.1,0.268,0,0,1,2
0.495,0.1,0.271,0,0,1,2
0.495,0.1,0.274,0,0,1,2
0.495,0.1,0.277,0,0,1,2
0.495,0.1,0.28,0,0,1,2
0.495,0.1,0.283,0,0,1,2
0.495,0.1,0.286,0,0,1,2
0.495,0.1,0.289,0,0,1,2
0.495,0.1,0.292,0,0,1,2
0.495,0.1,0.295,0,0,1,2
0.495,0.1,0.298,0,0,1,2
0.495,0.1,0.301,0,0,1,2
0.495,0.1,0.304,0,0,1,2
0.495,0.1,0.307,0,0,1,2
0.495,0.1,0.31,0,0,1,2
0.495,0.1,0.313,0,0,1,2
0.495,0.1,0.316,0,0,1,2
0.495,0.1,0.319,0,0,1,2
0.495,0.1,0.322,0,0,1,2
0.495,0.1,0.325,0,0,1,2
0.495,0.1,0.328,0,0,1,2
0.495,0.1,0.331,0,0,1,2
0.495,0.1,0.334,0,0,1,2
0.495,0.1,0.337,0,0,1,2
0.495,0.1,0.34,0,0,1,2
0.495,0.1,0.343,0,0,1,2
0.495,0.1,0.346,0,0,1,2
0.495,0.1,0.349,0,0,1,2
0.495,0.1,0.352,0,0,1,2
0.495,0.1,0.355,0,0,1,2
0.495,0.1,0.358,0,0,1,2
0.495,0.1,0.361,0,0,1,2
0.495,0.1,0.364,0,0,1,2
0.495,0.1,0.367,0,0,1,2
0.495,0.1,0.37,0,0,1,2
0.495,0.1,0.373,0,0,1,2
0.495,0.1,0.376,0,0,1,2
0.495,0.1,0.379,0,0,1,2
0.495,0.1,0.382,0,0,1,2
0.495,0.1,0.385,0,0,1,2
0.495,0.1,0.388,0,0,1,2
0.495,0.1,0.391,0,0,1,2
0.495,0.1,0.394,0,0,1,2
0.495,0.1,0.397,0,0,1,2
0.495,0.1,0.4,0,0,1,2
0.495,0.1,0.403,0,0,1,2
0.495,0.1,0.406,0,0,1,2
0.495,0.1,0.409,0,0,1,2
0.495,0.1,0.412,0,0,1,2
0.495,0.1,0.415,0,0,1,2
0.495,0.1,0.418,0,0,1,2
0.495,0.1,0.420999,0,0,1,2
0.495,0.1,0.423999,0,0,1,2
0.495,0.1,0.426999,0,0,1,2
0.495,0.1,0.429999,0,0,1,2
0.495,0.1,0.432999,0,0,1,2
0.495,0.1,0.435999,0,0,1,2
0.495,0.1,0.438999,0,0,1,2
0.495,0.1,0.441999,0,0,1,2
0.495,0.1,0.444999,0,0,1,2
0.495,0.1,0.447999,0,0,1,2
0.495,0.1,0.450999,0,0,1,2
0.498,0.1,0.25,0,0,1,2
0.498,0.1,0.253,0,0,1,2
0.498,0.1,0.256,0,0,1,2
0.498,0.1,0.259,0,0,1,2
0.498,0.1,0.262,0,0,1,2
0.498,0.1,0.265,0,0,1,2
0.498,0.1,0.268,0,0,1,2
0.498,0.1,0.271,0,0,1,2
0.498,0.1,0.274,0,0,1,2
0.498,0.1,0.277,0,0,1,2
0.498,0.1,0.28,0,0,1,2
0.498,0.1,0.283,0,0,1,2
0.498,0.1,0.286,0,0,1,2
0.498,0.1,0.289,0,0,1,2
0.498,0.1,0.292,0,0,1,2
0.498,0.1,0.295,0,0,1,2
0.498,0.1,0.298,0,0,1,2
0.498,0.1,0.301,0,0,1,2
0.498,0.1,0.304,0,0,1,2
0.498,0.1,0.307,0,0,1,2
0.498,0.1,0.31,0,0,1,2
0.498,0.1,0.313,0,0,1,2
0.498,0.1,0.316,0,0,1,2
0.498,0.1,0.319,0,0,1,2
0.498,0.1,0.322,0,0,1,2
0.498,0.1,0.325,0,0,1,2
0.498,0.1,0.328,0,0,1,2
0.498,0.1,0.331,0,0,1,2
0.498,0.1,0.334,0,0,1,2
0.498,0.1,0.337,0,0,1,2
0.498,0.1,0.34,0,0,1,2
0.498,0.1,0.343,0,0,1,2
0.498,0.1,0.346,0,0,1,2
0.498,0.1,0.349,0,0,1,2
0.498,0.1,0.352,0,0,1,2
0.498,0.1,0.355,0,0,1,2
0.498,0.1,0.358,0,0,1,2
0.498,0.1,0.361,0,0,1,2
0.498,0.1,0.364,0,0,1,2
0.498,0.1,0.367,0,0,1,2
0.498,0.1,0.37,0,0,1,2
0.498,0.1,0.373,0,0,1,2
0.498,0.1,0.376,0,0,1,2
0.498,0.1,0.379,0,0,1,2
0.498,0.1,0.382,0,0,1,2
0.498,0.1,0.385,0,0,1,2
0.498,0.1,0.388,0,0,1,2
0.498,0.1,0.391,0,0,1,2
0.498,0.1,0.394,0,0,1,2
0.498,0.1,0.397,0,0,1,2
0.498,0.1,0.4,0,0,1,2
0.498,0.1,0.403,0,0,1,2
0.498,0.1,0.406,0,0,1,2
0.498,0.1,0.409,0,0,1,2
0.498,0.1,0.412,0,0,1,2
0.498,0.1,0.415,0,0,1,2
0.498,0.1,0.418,0,0,1,2
0.498,0.1,0.420999,0,0,1,2
0.498,0.1,0.423999,0,0,1,2
0.498,0.1,0.426999,0,0,1,2
0.498,0.1,0.429999,0,0,1,2
0.498,0.1,0.432999,0,0,1,2
0.498,0.1,0.435999,0,0,1,2
0.498,0.1,0.438999,0,0,1,2
0.498,0.1,0.441999,0,0,1,2
0.498,0.1,0.444999,0,0,1,2
0.498,0.1,0.447999,0,0,1,2
0.498,0.1,0.450999,0,0,1,2
0.501,0.1,0.25,0,0,1,2
0.501,0.1,0.253,0,0,1,2
0.501,0.1,0.256,0,0,1,2
0.501,0.1,0.259,0,0,1,2
0.501,0.1,0.262,0,0,1,2
0.501,0.1,0.265,0,0,1,2
0.501,0.1,0.268,0,0,1,2
0.501,0.1,0.271,0,0,1,2
0.501,0.1,0.274,0,0,1,2
0.501,0.1,0.277,0,0,1,2
0.501,0.1,0.28,0,0,1,2
0.501,0.1,0.283,0,0,1,2
0.501,0.1,0.286,0,0,1,2
0.501,0.1,0.289,0,0,1,2
0.501,0.1,0.292,0,0,1,2
0.501,0.1,0.295,0,0,1,2
0.501,0.1,0.298,0,0,1,2
0.501,0.1,0.301,0,0,1,2
0.501,0.1,0.304,0,0,1,2
0.501,0.1,0.307,0,0,1,2
0.501,0.1,0.31,0,0,1,2
0.501,0.1,0.313,0,0,1,2
0.501,0.1,0.316,0,0,1,2
0.501,0.1,0.319,0,0,1,2
0.501,0.1,0.322,0,0,1,2
0.501,0.1,0.325,0,0,1,2
0.501,0.1,0.328,0,0,1,2
0.501,0.1,0.331,0,0,1,2
0.501,0.1,0.334,0,0,1,2
0.501,0.1,0.337,0,0,1,2
0.501,0.1,0.34,0,0,1,2
0.501,0.1,0.343,0,0,1,2
0.501,0.1,0.346,0,0,1,2
0.501,0.1,0.349,0,0,1,2
0.501,0.1,0.352,0,0,1,2
0.501,0.1,0.355,0,0,1,2
0.501,0.1,0.358,0,0,1,2
0.501,0.1,0.361,0,0,1,2
0.501,0.1,0.364,0,0,1,2
0.501,0.1,0.367,0,0,1,2
0.501,0.1,0.37,0,0,1,2
0.501,0.1,0.373,0,0,1,2
0.501,0.1,0.376,0,0,1,2
0.501,0.1,0.379,0,0,1,2
0.501,0.1,0.382,0,0,1,2
0.501,0.1,0.385,0,0,1,2
0.501,0.1,0.388,0,0,1,2
0.501,0.1,0.391,0,0,1,2
0.501,0.1,0.394,0,0,1,2
0.501,0.1,0.397,0,0,1,2
0.501,0.1,0.4,0,0,1,2
0.501,0.1,0.403,0,0,1,2
0.501,0.1,0.406,0,0,1,2
0.501,0.1,0.409,0,0,1,2
0.501,0.1,0.412,0,0,1,2
0.501,0.1,0.415,0,0,1,2
0.501,0.1,0.418,0,0,1,2
0.501,0.1,0.420999,0,0,1,2
0.501,0.1,0.423999,0,0,1,2
0.501,0.1,0.426999,0,0,1,2
0.501,0.1,0.429999,0,0,1,2
0.501,0.1,0.432999,0,0,1,2
0.501,0.1,0.435999,0,0,1,2
0.501,0.1,0.438999,0,0,1,2
0.501,0.1,0.441999,0,0,1,2
0.501,0.1,0.444999,0,0,1,2
0.501,0.1,0.447999,0,0,1,2
0.501,0.1,0.450999,0,0,1,2
0.504,0.1,0.25,0,0,1,2
0.504,0.1,0.253,0,0,1,2
0.504,0.1,0.256,0,0,1,2
0.504,0.1,0.259,0,0,1,2
0.504,0.1,0.262,0,0,1,2
0.504,0.1,0.265,0,0,1,2
0.504,0.1,0.268,0,0,1,2
0.504,0.1,0.271,0,0,1,2
0.504,0.1,0.274,0,0,1,2
0.504,0.1,0.277,0,0,1,2
0.504,0.1,0.28,0,0,1,2
0.504,0.1,0.283,0,0,1,2
0.504,0.1,0.286,0,0,1,2
0.504,0.1,0.289,0,0,1,2
0.504,0.1,0.292,0,0,1,2
0.504,0.1,0.295,0,0,1,2
0.504,0.1,0.298,0,0,1,2
0.504,0.1,0.301,0,0,1,2
0.504,0.1,0.304,0,0,1,2
0.504,0.1,0.307,0,0,1,2
0.504,0.1,0.31,0,0,1,2
0.504,0.1,0.313,0,0,1,2
0.504,0.1,0.316,0,0,1,2
0.504,0.1,0.319,0,0,1,2
0.504,0.1,0.322,0,0,1,2
0.504,0.1,0.325,0,0,1,2
0.504,0.1,0.328,0,0,1,2
0.504,0.1,0.331,0,0,1,2
0.504,0.1,0.334,0,0,1,2
0.504,0.1,0.337,0,0,1,2
0.504,0.1,0.34,0,0,1,2
0.504,0.1,0.343,0,0,1,2
0.504,0.1,0.346,0,0,1,2
0.504,0.1,0.349,0,0,1,2
0.504,0.1,0.352,0,0,1,2
0.504,0.1,0.355,0,0,1,2
0.504,0.1,0.358,0,0,1,2
0.504,0.1,0.361,0,0,1,2
0.504,0.1,0.364,0,0,1,2
0.504,0.1,0.367,0,0,1,2
0.504,0.1,0.37,0,0,1,2
0.504,0.1,0.373,0,0,1,2
0.504,0.1,0.376,0,0,1,2
0.504,0.1,0.379,0,0,1,2
0.504,0.1,0.382,0,0,1,2
0.504,0.1,0.385,0,0,1,2
0.504,0.1,0.388,0,0,1,2
0.504,0.1,0.391,0,0,1,2
0.504,0.1,0.394,0,0,1,2
0.504,0.1,0.397,0,0,1,2
0.504,0.1,0.4,0,0,1,2
0.504,0.1,0.403,0,0,1,2
0.504,0.1,0.406,0,0,1,2
0.504,0.1,0.409,0,0,1,2
0.504,0.1,0.412,0,0,1,2
0.504,0.1,0.415,0,0,1,2
0.504,0.1,0.418,0,0,1,2
0.504,0.1,0.420999,0,0,1,2
0.504,0.1,0.423999,0,0,1,2
0.504,0.1,0.426999,0,0,1,2
0.504,0.1,0.429999,0,0,1,2
0.504,0.1,0.432999,0,0,1,2
0.504,0.1,0.435999,0,0,1,2
0.504,0.1,0.438999,0,0,1,2
0.504,0.1,0.441999,0,0,1,2
0.504,0.1,0.444999,0,0,1,2
0.504,0.1,0.447999,0,0,1,2
0.504,0.1,0.450999,0,0,1,2
0.507,0.1,0.25,0,0,1,2
0.507,0.1,0.253,0,0,1,2
0.507,0.1,0.256,0,0,1,2
0.507,0.1,0.259,0,0,1,2
0.507,0.1,0.262,0,0,1,2
0.507,0.1,0.265,0,0,1,2
0.507,0.1,0.268,0,0,1,2
0.507,0.1,0.271,0,0,1,2
0.507,0.1,0.274,0,0,1,2
0.507,0.1,0.277,0,0,1,2
0.507,0.1,0.28,0,0,1,2
0.507,0.1,0.283,0,0,1,2
0.507,0.1,0.286,0,0,1,2
0.507,0.1,0.289,0,0,1,2
0.507,0.1,0.292,0,0,1,2
0.507,0.1,0.295,0,0,1,2
0.507,0.1,0.298,0,0,1,2
0.507,0.1,0.301,0,0,1,2
0.507,0.1,0.304,0,0,1,2
0.507,0.1,0.307,0,0,1,2
0.507,0.1,0.31,0,0,1,2
0.507,0.1,0.313,0,0,1,2
0.507,0.1,0.316,0,0,1,2
0.507,0.1,0.319,0,0,1,2
0.507,0.1,0.322,0,0,1,2
0.507,0.1,0.325,0,0,1,2
0.507,0.1,0.328,0,0,1,2
0.507,0.1,0.331,0,0,1,2
0.507,0.1,0.334,0,0,1,2
0.507,0.1,0.337,0,0,1,2
0.507,0.1,0.34,0,0,1,2
0.507,0.1,0.343,0,0,1,2
0.507,0.1,0.346,0,0,1,2
0.507,0.1,0.349,0,0,1,2
0.507,0.1,0.352,0,0,1,2
0.507,0.1,0.355,0,0,1,2
0.507,0.1,0.358,0,0,1,2
0.507,0.1,0.361,0,0,1,2
0.507,0.1,0.364,0,0,1,2
0.507,0.1,0.367,0,0,1,2
0.507,0.1,0.37,0,0,1,2
0.507,0.1,0.373,0,0,1,2
0.507,0.1,0.376,0,0,1,2
0.507,0.1,0.379,0,0,1,2
0.507,0.1,0.382,0,0,1,2
0.507,0.1,0.385,0,0,1,2
0.507,0.1,0.388,0,0,1,2
0.507,0.1,0.391,0,0,1,2
0.507,0.1,0.394,0,0,1,2
0.507,0.1,0.397,0,0,1,2
0.507,0.1,0.4,0,0,1,2
0.507,0.1,0.403,0,0,1,2
0.507,0.1,0.406,0,0,1,2
0.507,0.1,0.409,0,0,1,2
0.507,0.1,0.412,0,0,1,2
0.507,0.1,0.415,0,0,1,2
0.507,0.1,0.418,0,0,1,2
0.507,0.1,0.420999,0,0,1,2
0.507,0.1,0.423999,0,0,1,2
0.507,0.1,0.426999,0,0,1,2
0.507,0.1,0.429999,0,0,1,2
0.507,0.1,0.432999,0,0,1,2
0.507,0.1,0.435999,0,0,1,2
0.507,0.1,0.438999,0,0,1,2
0.507,0.1,0.441999,0,0,1,2
0.507,0.1,0.444999,0,0,1,2
0.507,0.1,0.447999,0,0,1,2
0.507,0.1,0.450999,0,0,1,2
0.51,0.1,0.25,0,0,1,2
0.51,0.1,0.253,0,0,1,2
0.51,0.1,0.256,0,0,1,2
0.51,0.1,0.259,0,0,1,2
0.51,0.1,0.262,0,0,1,2
0.51,0.1,0.265,0,0,1,2
0.51,0.1,0.268,0,0,1,2
0.51,0.1,0.271,0,0,1,2
0.51,0.1,0.274,0,0,1,2
0.51,0.1,0.277,0,0,1,2
0.51,0.1,0.28,0,0,1,2
0.51,0.1,0.283,0,0,1,2
0.51,0.1,0.286,0,0,1,2
0.51,0.1,0.289,0,0,1,2
0.51,0.1,0.292,0,0,1,2
0.51,0.1,0.295,0,0,1,2
0.51,0.1,0.298,0,0,1,2
0.51,0.1,0.301,0,0,1,2
0.51,0.1,0.304,0,0,1,2
0.51,0.1,0.307,0,0,1,2
0.51,0.1,0.31,0,0,1,2
0.51,0.1,0.313,0,0,1,2
0.51,0.1,0.316,0,0,1,2
0.51,0.1,0.319,0,0,1,2
0.51,0.1,0.322,0,0,1,2
0.51,0.1,0.325,0,0,1,2
0.51,0.1,0.328,0,0,1,2
0.51,0.1,0.331,0,0,1,2
0.51,0.1,0.334,0,0,1,2
0.51,0.1,0.337,0,0,1,2
0.51,0.1,0.34,0,0,1,2
0.51,0.1,0.343,0,0,1,2
0.51,0.1,0.346,0,0,1,2
0.51,0.1,0.349,0,0,1,2
0.51,0.1,0.352,0,0,1,2
0.51,0.1,0.355,0,0,1,2
0.51,0.1,0.358,0,0,1,2
0.51,0.1,0.361,0,0,1,2
0.51,0.1,0.364,0,0,1,2
0.51,0.1,0.367,0,0,1,2
0.51,0.1,0.37,0,0,1,2
0.51,0.1,0.373,0,0,1,2
0.51,0.1,0.376,0,0,1,2
0.51,0.1,0.379,0,0,1,2
0.51,0.1,0.382,0,0,1,2
0.51,0.1,0.385,0,0,1,2
0.51,0.1,0.388,0,0,1,2
0.51,0.1,0.391,0,0,1,2
0.51,0.1,0.394,0,0,1,2
0.51,0.1,0.397,0,0,1,2
0.51,0.1,0.4,0,0,1,2
0.51,0.1,0.403,0,0,1,2
0.51,0.1,0.406,0,0,1,2
0.51,0.1,0.409,0,0,1,2
0.51,0.1,0.412,0,0,1,2
0.51,0.1,0.415,0,0,1,2
0.51,0.1,0.418,0,0,1,2
0.51,0.1,0.420999,0,0,1,2
0.51,0.1,0.423999,0,0,1,2
0.51,0.1,0.426999,0,0,1,2
0.51,0.1,0.429999,0,0,1,2
0.51,0.1,0.432999,0,0,1,2
0.51,0.1,0.435999,0,0,1,2
0.51,0.1,0.438999,0,0,1,2
0.51,0.1,0.441999,0,0,1,2
0.51,0.1,0.444999,0,0,1,2
0.51,0.1,0.447999,0,0,1,2
0.51,0.1,0.450999,0,0,1,2
0.513,0.1,0.25,0,0,1,2
0.513,0.1,0.253,0,0,1,2
0.513,0.1,0.256,0,0,1,2
0.513,0.1,0.259,0,0,1,2
0.513,0.1,0.262,0,0,1,2
0.513,0.1,0.265,0,0,1,2
0.513,0.1,0.268,0,0,1,2
0.513,0.1,0.271,0,0,1,2
0.513,0.1,0.274,0,0,1,2
0.513,0.1,0.277,0,0,1,2
0.513,0.1,0.28,0,0,1,2
0.513,0.1,0.283,0,0,1,2
0.513,0.1,0.286,0,0,1,2
0.513,0.1,0.289,0,0,1,2
0.513,0.1,0.292,0,0,1,2
0.513,0.1,0.295,0,0,1,2
0.513,0.1,0.298,0,0,1,2
0.513,0.1,0.301,0,0,1,2
0.513,0.1,0.304,0,0,1,2
0.513,0.1,0.307,0,0,1,2
0.513,0.1,0.31,0,0,1,2
0.513,0.1,0.313,0,0,1,2
0.513,0.1,0.316,0,0,1,2
0.513,0.1,0.319,0,0,1,2
0.513,0.1,0.322,0,0,1,2
0.513,0.1,0.325,0,0,1,2
0.513,0.1,0.328,0,0,1,2
0.513,0.1,0.331,0,0,1,2
0.513,0.1,0.334,0,0,1,2
0.513,0.1,0.337,0,0,1,2
0.513,0.1,0.34,0,0,1,2
0.513,0.1,0.343,0,0,1,2
0.513,0.1,0.346,0,0,1,2
0.513,0.1,0.349,0,0,1,2
0.513,0.1,0.352,0,0,1,2
0.513,0.1,0.355,0,0,1,2
0.513,0.1,0.358,0,0,1,2
0.513,0.1,0.361,0,0,1,2
0.513,0.1,0.364,0,0,1,2
0.513,0.1,0.367,0,0,1,2
0.513,0.1,0.37,0,0,1,2
0.513,0.1,0.373,0,0,1,2
0.513,0.1,0.376,0,0,1,2
0.513,0.1,0.379,0,0,1,2
0.513,0.1,0.382,0,0,1,2
0.513,0.1,0.385,0,0,1,2
0.513,0.1,0.388,0,0,1,2
0.513,0.1,0.391,0,0,1,2
0.513,0.1,0.394,0,0,1,2
0.513,0.1,0.397,0,0,1,2
0.513,0.1,0.4,0,0,1,2
0.513,0.1,0.403,0,0,1,2
0.513,0.1,0.406,0,0,1,2
0.513,0.1,0.409,0,0,1,2
0.513,0.1,0.412,0,0,1,2
0.513,0.1,0.415,0,0,1,2
0.513,0.1,0.418,0,0,1,2
0.513,0.1,0.420999,0,0,1,2
0.513,0.1,0.423999,0,0,1,2
0.513,0.1,0.426999,0,0,1,2
0.513,0.1,0.429999,0,0,1,2
0.513,0.1,0.432999,0,0,1,2
0.513,0.1,0.435999,0,0,1,2
0.513,0.1,0.438999,0,0,1,2
0.513,0.1,0.441999,0,0,1,2
0.513,0.1,0.444999,0,0,1,2
0.513,0.1,0.447999,0,0,1,2
0.513,0.1,0.450999,0,0,1,2
0.516,0.1,0.25,0,0,1,2
0.516,0.1,0.253,0,0,1,2
0.516,0.1,0.256,0,0,1,2
0.516,0.1,0.259,0,0,1,2
0.516,0.1,0.262,0,0,1,2
0.516,0.1,0.265,0,0,1,2
0.516,0.1,0.268,0,0,1,2
0.516,0.1,0.271,0,0,1,2
0.516,0.1,0.274,0,0,1,2
0.516,0.1,0.277,0,0,1,2
0.516,0.1,0.28,0,0,1,2
0.516,0.1,0.283,0,0,1,2
0.516,0.1,0.286,0,0,1,2
0.516,0.1,0.289,0,0,1,2
0.516,0.1,0.292,0,0,1,2
0.516,0.1,0.295,0,0,1,2
0.516,0.1,0.298,0,0,1,2
0.516,0.1,0.301,0,0,1,2
0.516,0.1,0.304,0,0,1,2
0.516,0.1,0.307,0,0,1,2
0.516,0.1,0.31,0,0,1,2
0.516,0.1,0.313,0,0,1,2
0.516,0.1,0.316,0,0,1,2
0.516,0.1,0.319,0,0,1,2
0.516,0.1,0.322,0,0,1,2
0.516,0.1,0.325,0,0,1,2
0.516,0.1,0.328,0,0,1,2
0.516,0.1,0.331,0,0,1,2
0.516,0.1,0.334,0,0,1,2
0.516,0.1,0.337,0,0,1,2
0.516,0.1,0.34,0,0,1,2
0.516,0.1,0.343,0,0,1,2
0.516,0.1,0.346,0,0,1,2
0.516,0.1,0.349,0,0,1,2
0.516,0.1,0.352,0,0,1,2
0.516,0.1,0.355,0,0,1,2
0.516,0.1,0.358,0,0,1,2
0.516,0.1,0.361,0,0,1,2
0.516,0.1,0.364,0,0,1,2
0.516,0.1,0.367,0,0,1,2
0.516,0.1,0.37,0,0,1,2
0.516,0.1,0.373,0,0,1,2
0.516,0.1,0.376,0,0,1,2
0.516,0.1,0.379,0,0,1,2
0.516,0.1,0.382,0,0,1,2
0.516,0.1,0.385,0,0,1,2
0.516,0.1,0.388,0,0,1,2
0.516,0.1,0.391,0,0,1,2
0.516,0.1,0.394,0,0,1,2
0.516,0.1,0.397,0,0,1,2
0.516,0.1,0.4,0,0,1,2
0.516,0.1,0.403,0,0,1,2
0.516,0.1,0.406,0,0,1,2
0.516,0.1,0.409,0,0,1,2
0.516,0.1,0.412,0,0,1,2
0.516,0.1,0.415,0,0,1,2
0.516,0.1,0.418,0,0,1,2
0.516,0.1,0.420999,0,0,1,2
0.516,0.1,0.423999,0,0,1,2
0.516,0.1,0.426999,0,0,1,2
0.516,0.1,0.429999,0,0,1,2
0.516,0.1,0.432999,0,0,1,2
0.516,0.1,0.435999,0,0,1,2
0.516,0.1,0.438999,0,0,1,2
0.516,0.1,0.441999,0,0,1,2
0.516,0.1,0.444999,0,0,1,2
0.516,0.1,0.447999,0,0,1,2
0.516,0.1,0.450999,0,0,1,2
0.519,0.1,0.25,0,0,1,2
0.519,0.1,0.253,0,0,1,2
0.519,0.1,0.256,0,0,1,2
0.519,0.1,0.259,0,0,1,2
0.519,0.1,0.262,0,0,1,2
0.519,0.1,0.265,0,0,1,2
0.519,0.1,0.268,0,0,1,2
0.519,0.1,0.271,0,0,1,2
0.519,0.1,0.274,0,0,1,2
0.519,0.1,0.277,0,0,1,2
0.519,0.1,0.28,0,0,1,2
0.519,0.1,0.283,0,0,1,2
0.519,0.1,0.286,0,0,1,2
0.519,0.1,0.289,0,0,1,2
0.519,0.1,0.292,0,0,1,2
0.519,0.1,0.295,0,0,1,2
0.519,0.1,0.298,0,0,1,2
0.519,0.1,0.301,0,0,1,2
0.519,0.1,0.304,0,0,1,2
0.519,0.1,0.307,0,0,1,2
0.519,0.1,0.31,0,0,1,2
0.519,0.1,0.313,0,0,1,2
0.519,0.1,0.316,0,0,1,2
0.519,0.1,0.319,0,0,1,2
0.519,0.1,0.322,0,0,1,2
0.519,0.1,0.325,0,0,1,2
0.519,0.1,0.328,0,0,1,2
0.519,0.1,0.331,0,0,1,2
0.519,0.1,0.334,0,0,1,2
0.519,0.1,0.337,0,0,1,2
0.519,0.1,0.34,0,0,1,2
0.519,0.1,0.343,0,0,1,2
0.519,0.1,0.346,0,0,1,2
0.519,0.1,0.349,0,0,1,2
0.519,0.1,0.352,0,0,1,2
0.519,0.1,0.355,0,0,1,2
0.519,0.1,0.358,0,0,1,2
0.519,0.1,0.361,0,0,1,2
0.519,0.1,0.364,0,0,1,2
0.519,0.1,0.367,0,0,1,2
0.519,0.1,0.37,0,0,1,2
0.519,0.1,0.373,0,0,1,2
0.519,0.1,0.376,0,0,1,2
0.519,0.1,0.379,0,0,1,2
0.519,0.1,0.382,0,0,1,2
0.519,0.1,0.385,0,0,1,2
0.519,0.1,0.388,0,0,1,2
0.519,0.1,0.391,0,0,1,2
0.519,0.1,0.394,0,0,1,2
0.519,0.1,0.397,0,0,1,2
0.519,0.1,0.4,0,0,1,2
0.519,0.1,0.403,0,0,1,2
0.519,0.1,0.406,0,0,1,2
0.519,0.1,0.409,0,0,1,2
0.519,0.1,0.412,0,0,1,2
0.519,0.1,0.415,0,0,1,2
0.519,0.1,0.418,0,0,1,2
0.519,0.1,0.420999,0,0,1,2
0.519,0.1,0.423999,0,0,1,2
0.519,0.1,0.426999,0,0,1,2
0.519,0.1,0.429999,0,0,1,2
0.519,0.1,0.432999,0,0,1,2
0.519,0.1,0.435999,0,0,1,2
0.519,0.1,0.438999,0,0,1,2
0.519,0.1,0.441999,0,0,1,2
0.519,0.1,0.444999,0,0,1,2
0.519,0.1,0.447999,0,0,1,2
0.519,0.1,0.450999,0,0,1,2
0.522,0.1,0.25,0,0,1,2
0.522,0.1,0.253,0,0,1,2
0.522,0.1,0.256,0,0,1,2
0.522,0.1,0.259,0,0,1,2
0.522,0.1,0.262,0,0,1,2
0.522,0.1,0.265,0,0,1,2
0.522,0.1,0.268,0,0,1,2
0.522,0.1,0.271,0,0,1,2
0.522,0.1,0.274,0,0,1,2
0.522,0.1,0.277,0,0,1,2
0.522,0.1,0.28,0,0,1,2
0.522,0.1,0.283,0,0,1,2
0.522,0.1,0.286,0,0,1,2
0.522,0.1,0.289,0,0,1,2
0.522,0.1,0.292,0,0,1,2
0.522,0.1,0.295,0,0,1,2
0.522,0.1,0.298,0,0,1,2
0.522,0.1,0.301,0,0,1,2
0.522,0.1,0.304,0,0,1,2
0.522,0.1,0.307,0,0,1,2
0.522,0.1,0.31,0,0,1,2
0.522,0.1,0.313,0,0,1,2
0.522,0.1,0.316,0,0,1,2
0.522,0.1,0.319,0,0,1,2
0.522,0.1,0.322,0,0,1,2
0.522,0.1,0.325,0,0,1,2
0.522,0.1,0.328,0,0,1,2
0.522,0.1,0.331,0,0,1,2
0.522,0.1,0.334,0,0,1,2
0.522,0.1,0.337,0,0,1,2
0.522,0.1,0.34,0,0,1,2
0.522,0.1,0.343,0,0,1,2
0.522,0.1,0.346,0,0,1,2
0.522,0.1,0.349,0,0,1,2
0.522,0.1,0.352,0,0,1,2
0.522,0.1,0.355,0,0,1,2
0.522,0.1,0.358,0,0,1,2
0.522,0.1,0.361,0,0,1,2
0.522,0.1,0.364,0,0,1,2
0.522,0.1,0.367,0,0,1,2
0.522,0.1,0.37,0,0,1,2
0.522,0.1,0.373,0,0,1,2
0.522,0.1,0.376,0,0,1,2
0.522,0.1,0.379,0,0,1,2
0.522,0.1,0.382,0,0,1,2
0.522,0.1,0.385,0,0,1,2
0.522,0.1,0.388,0,0,1,2
0.522,0.1,0.391,0,0,1,2
0.522,0.1,0.394,0,0,1,2
0.522,0.1,0.397,0,0,1,2
0.522,0.1,0.4,0,0,1,2
0.522,0.1,0.403,0,0,1,2
0.522,0.1,0.406,0,0,1,2
0.522,0.1,0.409,0,0,1,2
0.522,0.1,0.412,0,0,1,2
0.522,0.1,0.415,0,0,1,2
0.522,0.1,0.418,0,0,1,2
0.522,0.1,0.420999,0,0,1,2
0.522,0.1,0.423999,0,0,1,2
0.522,0.1,0.426999,0,0,1,2
0.522,0.1,0.429999,0,0,1,2
0.522,0.1,0.432999,0,0,1,2
0.522,0.1,0.435999,0,0,1,2
0.522,0.1,0.438999,0,0,1,2
0.522,0.1,0.441999,0,0,1,2
0.522,0.1,0.444999,0,0,1,2
0.522,0.1,0.447999,0,0,1,2
0.522,0.1,0.450999,0,0,1,2
0.525,0.1,0.25,0,0,1,2
0.525,0.1,0.253,0,0,1,2
0.525,0.1,0.256,0,0,1,2
0.525,0.1,0.259,0,0,1,2
0.525,0.1,0.262,0,0,1,2
0.525,0.1,0.265,0,0,1,2
0.525,0.1,0.268,0,0,1,2
0.525,0.1,0.271,0,0,1,2
0.525,0.1,0.274,0,0,1,2
0.525,0.1,0.277,0,0,1,2
0.525,0.1,0.28,0,0,1,2
0.525,0.1,0.283,0,0,1,2
0.525,0.1,0.286,0,0,1,2
0.525,0.1,0.289,0,0,1,2
0.525,0.1,0.292,0,0,1,2
0.525,0.1,0.295,0,0,1,2
0.525,0.1,0.298,0,0,1,2
0.525,0.1,0.301,0,0,1,2
0.525,0.1,0.304,0,0,1,2
0.525,0.1,0.307,0,0,1,2
0.525,0.1,0.31,0,0,1,2
0.525,0.1,0.313,0,0,1,2
0.525,0.1,0.316,0,0,1,2
0.525,0.1,0.319,0,0,1,2
0.525,0.1,0.322,0,0,1,2
0.525,0.1,0.325,0,0,1,2
0.525,0.1,0.328,0,0,1,2
0.525,0.1,0.331,0,0,1,2
0.525,0.1,0.334,0,0,1,2
0.525,0.1,0.337,0,0,1,2
0.525,0.1,0.34,0,0,1,2
0.525,0.1,0.343,0,0,1,2
0.525,0.1,0.346,0,0,1,2
0.525,0.1,0.349,0,0,1,2
0.525,0.1,0.352,0,0,1,2
0.525,0.1,0.355,0,0,1,2
0.525,0.1,0.358,0,0,1,2
0.525,0.1,0.361,0,0,1,2
0.525,0.1,0.364,0,0,1,2
0.525,0.1,0.367,0,0,1,2
0.525,0.1,0.37,0,0,1,2
0.525,0.1,0.373,0,0,1,2
0.525,0.1,0.376,0,0,1,2
0.525,0.1,0.379,0,0,1,2
0.525,0.1,0.382,0,0,1,2
0.525,0.1,0.385,0,0,1,2
0.525,0.1,0.388,0,0,1,2
0.525,0.1,0.391,0,0,1,2
0.525,0.1,0.394,0,0,1,2
0.525,0.1,0.397,0,0,1,2
0.525,0.1,0.4,0,0,1,2
0.525,0.1,0.403,0,0,1,2
0.525,0.1,0.406,0,0,1,2
0.525,0.1,0.409,0,0,1,2
0.525,0.1,0.412,0,0,1,2
0.525,0.1,0.415,0,0,1,2
0.525,0.1,0.418,0,0,1,2
0.525,0.1,0.420999,0,0,1,2
0.525,0.1,0.423999,0,0,1,2
0.525,0.1,0.426999,0,0,1,2
0.525,0.1,0.429999,0,0,1,2
0.525,0.1,0.432999,0,0,1,2
0.525,0.1,0.435999,0,0,1,2
0.525,0.1,0.438999,0,0,1,2
0.525,0.1,0.441999,0,0,1,2
0.525,0.1,0.444999,0,0,1,2
0.525,0.1,0.447999,0,0,1,2
0.525,0.1,0.450999,0,0,1,2
0.528,0.1,0.25,0,0,1,2
0.528,0.1,0.253,0,0,1,2
0.528,0.1,0.256,0,0,1,2
0.528,0.1,0.259,0,0,1,2
0.528,0.1,0.262,0,0,1,2
0.528,0.1,0.265,0,0,1,2
0.528,0.1,0.268,0,0,1,2
0.528,0.1,0.271,0,0,1,2
0.528,0.1,0.274,0,0,1,2
0.528,0.1,0.277,0,0,1,2
0.528,0.1,0.28,0,0,1,2
0.528,0.1,0.283,0,0,1,2
0.528,0.1,0.286,0,0,1,2
0.528,0.1,0.289,0,0,1,2
0.528,0.1,0.292,0,0,1,2
0.528,0.1,0.295,0,0,1,2
0.528,0.1,0.298,0,0,1,2
0.528,0.1,0.301,0,0,1,2
0.528,0.1,0.304,0,0,1,2
0.528,0.1,0.307,0,0,1,2
0.528,0.1,0.31,0,0,1,2
0.528,0.1,0.313,0,0,1,2
0.528,0.1,0.316,0,0,1,2
0.528,0.1,0.319,0,0,1,2
0.528,0.1,0.322,0,0,1,2
0.528,0.1,0.325,0,0,1,2
0.528,0.1,0.328,0,0,1,2
0.528,0.1,0.331,0,0,1,2
0.528,0.1,0.334,0,0,1,2
0.528,0.1,0.337,0,0,1,2
0.528,0.1,0.34,0,0,1,2
0.528,0.1,0.343,0,0,1,2
0.528,0.1,0.346,0,0,1,2
0.528,0.1,0.349,0,0,1,2
0.528,0.1,0.352,0,0,1,2
0.528,0.1,0.355,0,0,1,2
0.528,0.1,0.358,0,0,1,2
0.528,0.1,0.361,0,0,1,2
0.528,0.1,0.364,0,0,1,2
0.528,0.1,0.367,0,0,1,2
0.528,0.1,0.37,0,0,1,2
0.528,0.1,0.373,0,0,1,2
0.528,0.1,0.376,0,0,1,2
0.528,0.1,0.379,0,0,1,2
0.528,0.1,0.382,0,0,1,2
0.528,0.1,0.385,0,0,1,2
0.528,0.1,0.388,0,0,1,2
0.528,0.1,0.391,0,0,1,2
0.528,0.1,0.394,0,0,1,2
0.528,0.1,0.397,0,0,1,2
0.528,0.1,0.4,0,0,1,2
0.528,0.1,0.403,0,0,1,2
0.528,0.1,0.406,0,0,1,2
0.528,0.1,0.409,0,0,1,2
0.528,0.1,0.412,0,0,1,2
0.528,0.1,0.415,0,0,1,2
0.528,0.1,0.418,0,0,1,2
0.528,0.1,0.420999,0,0,1,2
0.528,0.1,0.423999,0,0,1,2
0.528,0.1,0.426999,0,0,1,2
0.528,0.1,0.429999,0,0,1,2
0.528,0.1,0.432999,0,0,1,2
0.528,0.1,0.435999,0,0,1,2
0.528,0.1,0.438999,0,0,1,2
0.528,0.1,0.441999,0,0,1,2
0.528,0.1,0.444999,0,0,1,2
0.528,0.1,0.447999,0,0,1,2
0.528,0.1,0.450999,0,0,1,2
0.531,0.1,0.25,0,0,1,2
0.531,0.1,0.253,0,0,1,2
0.531,0.1,0.256,0,0,1,2
0.531,0.1,0.259,0,0,1,2
0.531,0.1,0.262,0,0,1,2
0.531,0.1,0.265,0,0,1,2
0.531,0.1,0.268,0,0,1,2
0.531,0.1,0.271,0,0,1,2
0.531,0.1,0.274,0,0,1,2
0.531,0.1,0.277,0,0,1,2
0.531,0.1,0.28,0,0,1,2
0.531,0.1,0.283,0,0,1,2
0.531,0.1,0.286,0,0,1,2
0.531,0.1,0.289,0,0,1,2
0.531,0.1,0.292,0,0,1,2
0.531,0.1,0.295,0,0,1,2
0.531,0.1,0.298,0,0,1,2
0.531,0.1,0.301,0,0,1,2
0.531,0.1,0.304,0,0,1,2
0.531,0.1,0.307,0,0,1,2
0.531,0.1,0.31,0,0,1,2
0.531,0.1,0.313,0,0,1,2
0.531,0.1,0.316,0,0,1,2
0.531,0.1,0.319,0,0,1,2
0.531,0.1,0.322,0,0,1,2
0.531,0.1,0.325,0,0,1,2
0.531,0.1,0.328,0,0,1,2
0.531,0.1,0.331,0,0,1,2
0.531,0.1,0.334,0,0,1,2
0.531,0.1,0.337,0,0,1,2
0.531,0.1,0.34,0,0,1,2
0.531,0.1,0.343,0,0,1,2
0.531,0.1,0.346,0,0,1,2
0.531,0.1,0.349,0,0,1,2
0.531,0.1,0.352,0,0,1,2
0.531,0.1,0.355,0,0,1,2
0.531,0.1,0.358,0,0,1,2
0.531,0.1,0.361,0,0,1,2
0.531,0.1,0.364,0,0,1,2
0.531,0.1,0.367,0,0,1,2
0.531,0.1,0.37,0,0,1,2
0.531,0.1,0.373,0,0,1,2
0.531,0.1,0.376,0,0,1,2
0.531,0.1,0.379,0,0,1,2
0.531,0.1,0.382,0,0,1,2
0.531,0.1,0.385,0,0,1,2
0.531,0.1,0.388,0,0,1,2
0.531,0.1,0.391,0,0,1,2
0.531,0.1,0.394,0,0,1,2
0.531,0.1,0.397,0,0,1,2
0.531,0.1,0.4,0,0,1,2
0.531,0.1,0.403,0,0,1,2
0.531,0.1,0.406,0,0,1,2
0.531,0.1,0.409,0,0,1,2
0.531,0.1,0.412,0,0,1,2
0.531,0.1,0.415,0,0,1,2
0.531,0.1,0.418,0,0,1,2
0.531,0.1,0.420999,0,0,1,2
0.531,0.1,0.423999,0,0,1,2
0.531,0.1,0.426999,0,0,1,2
0.531,0.1,0.429999,0,0,1,2
0.531,0.1,0.432999,0,0,1,2
0.531,0.1,0.435999,0,0,1,2
0.531,0.1,0.438999,0,0,1,2
0.531,0.1,0.441999,0,0,1,2
0.531,0.1,0.444999,0,0,1,2
0.531,0.1,0.447999,0,0,1,2
0.531,0.1,0.450999,0,0,1,2
0.534,0.1,0.25,0,0,1,2
0.534,0.1,0.253,0,0,1,2
0.534,0.1,0.256,0,0,1,2
0.534,0.1,0.259,0,0,1,2
0.534,0.1,0.262,0,0,1,2
0.534,0.1,0.265,0,0,1,2
0.534,0.1,0.268,0,0,1,2
0.534,0.1,0.271,0,0,1,2
0.534,0.1,0.274,0,0,1,2
0.534,0.1,0.277,0,0,1,2
0.534,0.1,0.28,0,0,1,2
0.534,0.1,0.283,0,0,1,2
0.534,0.1,0.286,0,0,1,2
0.534,0.1,0.289,0,0,1,2
0.534,0.1,0.292,0,0,1,2
0.534,0.1,0.295,0,0,1,2
0.534,0.1,0.298,0,0,1,2
0.534,0.1,0.301,0,0,1,2
0.534,0.1,0.304,0,0,1,2
0.534,0.1,0.307,0,0,1,2
0.534,0.1,0.31,0,0,1,2
0.534,0.1,0.313,0,0,1,2
0.534,0.1,0.316,0,0,1,2
0.534,0.1,0.319,0,0,1,2
0.534,0.1,0.322,0,0,1,2
0.534,0.1,0.325,0,0,1,2
0.534,0.1,0.328,0,0,1,2
0.534,0.1,0.331,0,0,1,2
0.534,0.1,0.334,0,0,1,2
0.534,0.1,0.337,0,0,1,2
0.534,0.1,0.34,0,0,1,2
0.534,0.1,0.343,0,0,1,2
0.534,0.1,0.346,0,0,1,2
0.534,0.1,0.349,0,0,1,2
0.534,0.1,0.352,0,0,1,2
0.534,0.1,0.355,0,0,1,2
0.534,0.1,0.358,0,0,1,2
0.534,0.1,0.361,0,0,1,2
0.534,0.1,0.364,0,0,1,2
0.534,0.1,0.367,0,0,1,2
0.534,0.1,0.37,0,0,1,2
0.534,0.1,0.373,0,0,1,2
0.534,0.1,0.376,0,0,1,2
0.534,0.1,0.379,0,0,1,2
0.534,0.1,0.382,0,0,1,2
0.534,0.1,0.385,0,0,1,2
0.534,0.1,0.388,0,0,1,2
0.534,0.1,0.391,0,0,1,2
0.534,0.1,0.394,0,0,1,2
0.534,0.1,0.397,0,0,1,2
0.534,0.1,0.4,0,0,1,2
0.534,0.1,0.403,0,0,1,2
0.534,0.1,0.406,0,0,1,2
0.534,0.1,0.409,0,0,1,2
0.534,0.1,0.412,0,0,1,2
0.534,0.1,0.415,0,0,1,2
0.534,0.1,0.418,0,0,1,2
0.534,0.1,0.420999,0,0,1,2
0.534,0.1,0.423999,0,0,1,2
0.534,0.1,0.426999,0,0,1,2
0.534,0.1,0.429999,0,0,1,2
0.534,0.1,0.432999,0,0,1,2
0.534,0.1,0.435999,0,0,1,2
0.534,0.1,0.438999,0,0,1,2
0.534,0.1,0.441999,0,0,1,2
0.534,0.1,0.444999,0,0,1,2
0.534,0.1,0.447999,0,0,1,2
0.534,0.1,0.450999,0,0,1,2
0.537,0.1,0.25,0,0,1,2
0.537,0.1,0.253,0,0,1,2
0.537,0.1,0.256,0,0,1,2
0.537,0.1,0.259,0,0,1,2
0.537,0.1,0.262,0,0,1,2
0.537,0.1,0.265,0,0,1,2
0.537,0.1,0.268,0,0,1,2
0.537,0.1,0.271,0,0,1,2
0.537,0.1,0.274,0,0,1,2
0.537,0.1,0.277,0,0,1,2
0.537,0.1,0.28,0,0,1,2
0.537,0.1,0.283,0,0,1,2
0.537,0.1,0.286,0,0,1,2
0.537,0.1,0.289,0,0,1,2
0.537,0.1,0.292,0,0,1,2
0.537,0.1,0.295,0,0,1,2
0.537,0.1,0.298,0,0,1,2
0.537,0.1,0.301,0,0,1,2
0.537,0.1,0.304,0,0,1,2
0.537,0.1,0.307,0,0,1,2
0.537,0.1,0.31,0,0,1,2
0.537,0.1,0.313,0,0,1,2
0.537,0.1,0.316,0,0,1,2
0.537,0.1,0.319,0,0,1,2
0.537,0.1,0.322,0,0,1,2
0.537,0.1,0.325,0,0,1,2
0.537,0.1,0.328,0,0,1,2
0.537,0.1,0.331,0,0,1,2
0.537,0.1,0.334,0,0,1,2
0.537,0.1,0.337,0,0,1,2
0.537,0.1,0.34,0,0,1,2
0.537,0.1,0.343,0,0,1,2
0.537,0.1,0.346,0,0,1,2
0.537,0.1,0.349,0,0,1,2
0.537,0.1,0.352,0,0,1,2
0.537,0.1,0.355,0,0,1,2
0.537,0.1,0.358,0,0,1,2
0.537,0.1,0.361,0,0,1,2
0.537,0.1,0.364,0,0,1,2
0.537,0.1,0.367,0,0,1,2
0.537,0.1,0.37,0,0,1,2
0.537,0.1,0.373,0,0,1,2
0.537,0.1,0.376,0,0,1,2
0.537,0.1,0.379,0,0,1,2
0.537,0.1,0.382,0,0,1,2
0.537,0.1,0.385,0,0,1,2
0.537,0.1,0.388,0,0,1,2
0.537,0.1,0.391,0,0,1,2
0.537,0.1,0.394,0,0,1,2
0.537,0.1,0.397,0,0,1,2
0.537,0.1,0.4,0,0,1,2
0.537,0.1,0.403,0,0,1,2
0.537,0.1,0.406,0,0,1,2
0.537,0.1,0.409,0,0,1,2
0.537,0.1,0.412,0,0,1,2
0.537,0.1,0.415,0,0,1,2
0.537,0.1,0.418,0,0,1,2
0.537,0.1,0.420999,0,0,1,2
0.537,0.1,0.423999,0,0,1,2
0.537,0.1,0.426999,0,0,1,2
0.537,0.1,0.429999,0,0,1,2
0.537,0.1,0.432999,0,0,1,2
0.537,0.1,0.435999,0,0,1,2
0.537,0.1,0.438999,0,0,1,2
0.537,0.1,0.441999,0,0,1,2
0.537,0.1,0.444999,0,0,1,2
0.537,0.1,0.447999,0,0,1,2
0.537,0.1,0.450999,0,0,1,2
0.54,0.1,0.25,0,0,1,2
0.54,0.1,0.253,0,0,1,2
0.54,0.1,0.256,0,0,1,2
0.54,0.1,0.259,0,0,1,2
0.54,0.1,0.262,0,0,1,2
0.54,0.1,0.265,0,0,1,2
0.54,0.1,0.268,0,0,1,2
0.54,0.1,0.271,0,0,1,2
0.54,0.1,0.274,0,0,1,2
0.54,0.1,0.277,0,0,1,2
0.54,0.1,0.28,0,0,1,2
0.54,0.1,0.283,0,0,1,2
0.54,0.1,0.286,0,0,1,2
0.54,0.1,0.289,0,0,1,2
0.54,0.1,0.292,0,0,1,2
0.54,0.1,0.295,0,0,1,2
0.54,0.1,0.298,0,0,1,2
0.54,0.1,0.301,0,0,1,2
0.54,0.1,0.304,0,0,1,2
0.54,0.1,0.307,0,0,1,2
0.54,0.1,0.31,0,0,1,2
0.54,0.1,0.313,0,0,1,2
0.54,0.1,0.316,0,0,1,2
0.54,0.1,0.319,0,0,1,2
0.54,0.1,0.322,0,0,1,2
0.54,0.1,0.325,0,0,1,2
0.54,0.1,0.328,0,0,1,2
0.54,0.1,0.331,0,0,1,2
0.54,0.1,0.334,0,0,1,2
0.54,0.1,0.337,0,0,1,2
0.54,0.1,0.34,0,0,1,2
0.54,0.1,0.343,0,0,1,2
0.54,0.1,0.346,0,0,1,2
0.54,0.1,0.349,0,0,1,2
0.54,0.1,0.352,0,0,1,2
0.54,0.1,0.355,0,0,1,2
0.54,0.1,0.358,0,0,1,2
0.54,0.1,0.361,0,0,1,2
0.54,0.1,0.364,0,0,1,2
0.54,0.1,0.367,0,0,1,2
0.54,0.1,0.37,0,0,1,2
0.54,0.1,0.373,0,0,1,2
0.54,0.1,0.376,0,0,1,2
0.54,0.1,0.379,0,0,1,2
0.54,0.1,0.382,0,0,1,2
0.54,0.1,0.385,0,0,1,2
0.54,0.1,0.388,0,0,1,2
0.54,0.1,0.391,0,0,1,2
0.54,0.1,0.394,0,0,1,2
0.54,0.1,0.397,0,0,1,2
0.54,0.1,0.4,0,0,1,2
0.54,0.1,0.403,0,0,1,2
0.54,0.1,0.406,0,0,1,2
0.54,0.1,0.409,0,0,1,2
0.54,0.1,0.412,0,0,1,2
0.54,0.1,0.415,0,0,1,2
0.54,0.1,0.418,0,0,1,2
0.54,0.1,0.420999,0,0,1,2
0.54,0.1,0.423999,0,0,1,2
0.54,0.1,0.426999,0,0,1,2
0.54,0.1,0.429999,0,0,1,2
0.54,0.1,0.432999,0,0,1,2
0.54,0.1,0.435999,0,0,1,2
0.54,0.1,0.438999,0,0,1,2
0.54,0.1,0.441999,0,0,1,2
0.54,0.1,0.444999,0,0,1,2
0.54,0.1,0.447999,0,0,1,2
0.54,0.1,0.450999,0,0,1,2
0.543,0.1,0.25,0,0,1,2
0.543,0.1,0.253,0,0,1,2
0.543,0.1,0.256,0,0,1,2
0.543,0.1,0.259,0,0,1,2
0.543,0.1,0.262,0,0,1,2
0.543,0.1,0.265,0,0,1,2
0.543,0.1,0.268,0,0,1,2
0.543,0.1,0.271,0,0,1,2
0.543,0.1,0.274,0,0,1,2
0.543,0.1,0.277,0,0,1,2
0.543,0.1,0.28,0,0,1,2
0.543,0.1,0.283,0,0,1,2
0.543,0.1,0.286,0,0,1,2
0.543,0.1,0.289,0,0,1,2
0.543,0.1,0.292,0,0,1,2
0.543,0.1,0.295,0,0,1,2
0.543,0.1,0.298,0,0,1,2
0.543,0.1,0.301,0,0,1,2
0.543,0.1,0.304,0,0,1,2
0.543,0.1,0.307,0,0,1,2
0.543,0.1,0.31,0,0,1,2
0.543,0.1,0.313,0,0,1,2
0.543,0.1,0.316,0,0,1,2
0.543,0.1,0.319,0,0,1,2
0.543,0.1,0.322,0,0,1,2
0.543,0.1,0.325,0,0,1,2
0.543,0.1,0.328,0,0,1,2
0.543,0.1,0.331,0,0,1,2
0.543,0.1,0.334,0,0,1,2
0.543,0.1,0.337,0,0,1,2
0.543,0.1,0.34,0,0,1,2
0.543,0.1,0.343,0,0,1,2
0.543,0.1,0.346,0,0,1,2
0.543,0.1,0.349,0,0,1,2
0.543,0.1,0.352,0,0,1,2
0.543,0.1,0.355,0,0,1,2
0.543,0.1,0.358,0,0,1,2
0.543,0.1,0.361,0,0,1,2
0.543,0.1,0.364,0,0,1,2
0.543,0.1,0.367,0,0,1,2
0.543,0.1,0.37,0,0,1,2
0.543,0.1,0.373,0,0,1,2
0.543,0.1,0.376,0,0,1,2
0.543,0.1,0.379,0,0,1,2
0.543,0.1,0.382,0,0,1,2
0.543,0.1,0.385,0,0,1,2
0.543,0.1,0.388,0,0,1,2
0.543,0.1,0.391,0,0,1,2
0.543,0.1,0.394,0,0,1,2
0.543,0.1,0.397,0,0,1,2
0.543,0.1,0.4,0,0,1,2
0.543,0.1,0.403,0,0,1,2
0.543,0.1,0.406,0,0,1,2
0.543,0.1,0.409,0,0,1,2
0.543,0.1,0.412,0,0,1,2
0.543,0.1,0.415,0,0,1,2
0.543,0.1,0.418,0,0,1,2
0.543,0.1,0.420999,0,0,1,2
0.543,0.1,0.423999,0,0,1,2
0.543,0.1,0.426999,0,0,1,2
0.543,0.1,0.429999,0,0,1,2
0.543,0.1,0.432999,0,0,1,2
0.543,0.1,0.435999,0,0,1,2
0.543,0.1,0.438999,0,0,1,2
0.543,0.1,0.441999,0,0,1,2
0.543,0.1,0.444999,0,0,1,2
0.543,0.1,0.447999,0,0,1,2
0.543,0.1,0.450999,0,0,1,2
0.546,0.1,0.25,0,0,1,2
0.546,0.1,0.253,0,0,1,2
0.546,0.1,0.256,0,0,1,2
0.546,0.1,0.259,0,0,1,2
0.546,0.1,0.262,0,0,1,2
0.546,0.1,0.265,0,0,1,2
0.546,0.1,0.268,0,0,1,2
0.546,0.1,0.271,0,0,1,2
0.546,0.1,0.274,0,0,1,2
0.546,0.1,0.277,0,0,1,2
0.546,0.1,0.28,0,0,1,2
0.546,0.1,0.283,0,0,1,2
0.546,0.1,0.286,0,0,1,2
0.546,0.1,0.289,0,0,1,2
0.546,0.1,0.292,0,0,1,2
0.546,0.1,0.295,0,0,1,2
0.546,0.1,0.298,0,0,1,2
0.546,0.1,0.301,0,0,1,2
0.546,0.1,0.304,0,0,1,2
0.546,0.1,0.307,0,0,1,2
0.546,0.1,0.31,0,0,1,2
0.546,0.1,0.313,0,0,1,2
0.546,0.1,0.316,0,0,1,2
0.546,0.1,0.319,0,0,1,2
0.546,0.1,0.322,0,0,1,2
0.546,0.1,0.325,0,0,1,2
0.546,0.1,0.328,0,0,1,2
0.546,0.1,0.331,0,0,1,2
0.546,0.1,0.334,0,0,1,2
0.546,0.1,0.337,0,0,1,2
0.546,0.1,0.34,0,0,1,2
0.546,0.1,0.343,0,0,1,2
0.546,0.1,0.346,0,0,1,2
0.546,0.1,0.349,0,0,1,2
0.546,0.1,0.352,0,0,1,2
0.546,0.1,0.355,0,0,1,2
0.546,0.1,0.358,0,0,1,2
0.546,0.1,0.361,0,0,1,2
0.546,0.1,0.364,0,0,1,2
0.546,0.1,0.367,0,0,1,2
0.546,0.1,0.37,0,0,1,2
0.546,0.1,0.373,0,0,1,2
0.546,0.1,0.376,0,0,1,2
0.546,0.1,0.379,0,0,1,2
0.546,0.1,0.382,0,0,1,2
0.546,0.1,0.385,0,0,1,2
0.546,0.1,0.388,0,0,1,2
0.546,0.1,0.391,0,0,1,2
0.546,0.1,0.394,0,0,1,2
0.546,0.1,0.397,0,0,1,2
0.546,0.1,0.4,0,0,1,2
0.546,0.1,0.403,0,0,1,2
0.546,0.1,0.406,0,0,1,2
0.546,0.1,0.409,0,0,1,2
0.546,0.1,0.412,0,0,1,2
0.546,0.1,0.415,0,0,1,2
0.546,0.1,0.418,0,0,1,2
0.546,0.1,0.420999,0,0,1,2
0.546,0.1,0.423999,0,0,1,2
0.546,0.1,0.426999,0,0,1,2
0.546,0.1,0.429999,0,0,1,2
0.546,0.1,0.432999,0,0,1,2
0.546,0.1,0.435999,0,0,1,2
0.546,0.1,0.438999,0,0,1,2
0.546,0.1,0.441999,0,0,1,2
0.546,0.1,0.444999,0,0,1,2
0.546,0.1,0.447999,0,0,1,2
0.546,0.1,0.450999,0,0,1,2
0.549,0.1,0.25,0,0,1,2
0.549,0.1,0.253,0,0,1,2
0.549,0.1,0.256,0,0,1,2
0.549,0.1,0.259,0,0,1,2
0.549,0.1,0.262,0,0,1,2
0.549,0.1,0.265,0,0,1,2
0.549,0.1,0.268,0,0,1,2
0.549,0.1,0.271,0,0,1,2
0.549,0.1,0.274,0,0,1,2
0.549,0.1,0.277,0,0,1,2
0.549,0.1,0.28,0,0,1,2
0.549,0.1,0.283,0,0,1,2
0.549,0.1,0.286,0,0,1,2
0.549,0.1,0.289,0,0,1,2
0.549,0.1,0.292,0,0,1,2
0.549,0.1,0.295,0,0,1,2
0.549,0.1,0.298,0,0,1,2
0.549,0.1,0.301,0,0,1,2
0.549,0.1,0.304,0,0,1,2
0.549,0.1,0.307,0,0,1,2
0.549,0.1,0.31,0,0,1,2
0.549,0.1,0.313,0,0,1,2
0.549,0.1,0.316,0,0,1,2
0.549,0.1,0.319,0,0,1,2
0.549,0.1,0.322,0,0,1,2
0.549,0.1,0.325,0,0,1,2
0.549,0.1,0.328,0,0,1,2
0.549,0.1,0.331,0,0,1,2
0.549,0.1,0.334,0,0,1,2
0.549,0.1,0.337,0,0,1,2
0.549,0.1,0.34,0,0,1,2
0.549,0.1,0.343,0,0,1,2
0.549,0.1,0.346,0,0,1,2
0.549,0.1,0.349,0,0,1,2
0.549,0.1,0.352,0,0,1,2
0.549,0.1,0.355,0,0,1,2
0.549,0.1,0.358,0,0,1,2
0.549,0.1,0.361,0,0,1,2
0.549,0.1,0.364,0,0,1,2
0.549,0.1,0.367,0,0,1,2
0.549,0.1,0.37,0,0,1,2
0.549,0.1,0.373,0,0,1,2
0.549,0.1,0.376,0,0,1,2
0.549,0.1,0.379,0,0,1,2
0.549,0.1,0.382,0,0,1,2
0.549,0.1,0.385,0,0,1,2
0.549,0.1,0.388,0,0,1,2
0.549,0.1,0.391,0,0,1,2
0.549,0.1,0.394,0,0,1,2
0.549,0.1,0.397,0,0,1,2
0.549,0.1,0.4,0,0,1,2
0.549,0.1,0.403,0,0,1,2
0.549,0.1,0.406,0,0,1,2
0.549,0.1,0.409,0,0,1,2
0.549,0.1,0.412,0,0,1,2
0.549,0.1,0.415,0,0,1,2
0.549,0.1,0.418,0,0,1,2
0.549,0.1,0.420999,0,0,1,2
0.549,0.1,0.423999,0,0,1,2
0.549,0.1,0.426999,0,0,1,2
0.549,0.1,0.429999,0,0,1,2
0.549,0.1,0.432999,0,0,1,2
0.549,0.1,0.435999,0,0,1,2
0.549,0.1,0.438999,0,0,1,2
0.549,0.1,0.441999,0,0,1,2
0.549,0.1,0.444999,0,0,1,2
0.549,0.1,0.447999,0,0,1,2
0.549,0.1,0.450999,0,0,1,2
0.552,0.1,0.25,0,0,1,2
0.552,0.1,0.253,0,0,1,2
0.552,0.1,0.256,0,0,1,2
0.552,0.1,0.259,0,0,1,2
0.552,0.1,0.262,0,0,1,2
0.552,0.1,0.265,0,0,1,2
0.552,0.1,0.268,0,0,1,2
0.552,0.1,0.271,0,0,1,2
0.552,0.1,0.274,0,0,1,2
0.552,0.1,0.277,0,0,1,2
0.552,0.1,0.28,0,0,1,2
0.552,0.1,0.283,0,0,1,2
0.552,0.1,0.286,0,0,1,2
0.552,0.1,0.289,0,0,1,2
0.552,0.1,0.292,0,0,1,2
0.552,0.1,0.295,0,0,1,2
0.552,0.1,0.298,0,0,1,2
0.552,0.1,0.301,0,0,1,2
0.552,0.1,0.304,0,0,1,2
0.552,0.1,0.307,0,0,1,2
0.552,0.1,0.31,0,0,1,2
0.552,0.1,0.313,0,0,1,2
0.552,0.1,0.316,0,0,1,2
0.552,0.1,0.319,0,0,1,2
0.552,0.1,0.322,0,0,1,2
0.552,0.1,0.325,0,0,1,2
0.552,0.1,0.328,0,0,1,2
0.552,0.1,0.331,0,0,1,2
0.552,0.1,0.334,0,0,1,2
0.552,0.1,0.337,0,0,1,2
0.552,0.1,0.34,0,0,1,2
0.552,0.1,0.343,0,0,1,2
0.552,0.1,0.346,0,0,1,2
0.552,0.1,0.349,0,0,1,2
0.552,0.1,0.352,0,0,1,2
0.552,0.1,0.355,0,0,1,2
0.552,0.1,0.358,0,0,1,2
0.552,0.1,0.361,0,0,1,2
0.552,0.1,0.364,0,0,1,2
0.552,0.1,0.367,0,0,1,2
0.552,0.1,0.37,0,0,1,2
0.552,0.1,0.373,0,0,1,2
0.552,0.1,0.376,0,0,1,2
0.552,0.1,0.379,0,0,1,2
0.552,0.1,0.382,0,0,1,2
0.552,0.1,0.385,0,0,1,2
0.552,0.1,0.388,0,0,1,2
0.552,0.1,0.391,0,0,1,2
0.552,0.1,0.394,0,0,1,2
0.552,0.1,0.397,0,0,1,2
0.552,0.1,0.4,0,0,1,2
0.552,0.1,0.403,0,0,1,2
0.552,0.1,0.406,0,0,1,2
0.552,0.1,0.409,0,0,1,2
0.552,0.1,0.412,0,0,1,2
0.552,0.1,0.415,0,0,1,2
0.552,0.1,0.418,0,0,1,2
0.552,0.1,0.420999,0,0,1,2
0.552,0.1,0.423999,0,0,1,2
0.552,0.1,0.426999,0,0,1,2
0.552,0.1,0.429999,0,0,1,2
0.552,0.1,0.432999,0,0,1,2
0.552,0.1,0.435999,0,0,1,2
0.552,0.1,0.438999,0,0,1,2
0.552,0.1,0.441999,0,0,1,2
0.552,0.1,0.444999,0,0,1,2
0.552,0.1,0.447999,0,0,1,2
0.552,0.1,0.450999,0,0,1,2
0.555,0.1,0.25,0,0,1,2
0.555,0.1,0.253,0,0,1,2
0.555,0.1,0.256,0,0,1,2
0.555,0.1,0.259,0,0,1,2
0.555,0.1,0.262,0,0,1,2
0.555,0.1,0.265,0,0,1,2
0.555,0.1,0.268,0,0,1,2
0.555,0.1,0.271,0,0,1,2
0.555,0.1,0.274,0,0,1,2
0.555,0.1,0.277,0,0,1,2
0.555,0.1,0.28,0,0,1,2
0.555,0.1,0.283,0,0,1,2
0.555,0.1,0.286,0,0,1,2
0.555,0.1,0.289,0,0,1,2
0.555,0.1,0.292,0,0,1,2
0.555,0.1,0.295,0,0,1,2
0.555,0.1,0.298,0,0,1,2
0.555,0.1,0.301,0,0,1,2
0.555,0.1,0.304,0,0,1,2
0.555,0.1,0.307,0,0,1,2
0.555,0.1,0.31,0,0,1,2
0.555,0.1,0.313,0,0,1,2
0.555,0.1,0.316,0,0,1,2
0.555,0.1,0.319,0,0,1,2
0.555,0.1,0.322,0,0,1,2
0.555,0.1,0.325,0,0,1,2
0.555,0.1,0.328,0,0,1,2
0.555,0.1,0.331,0,0,1,2
0.555,0.1,0.334,0,0,1,2
0.555,0.1,0.337,0,0,1,2
0.555,0.1,0.34,0,0,1,2
0.555,0.1,0.343,0,0,1,2
0.555,0.1,0.346,0,0,1,2
0.555,0.1,0.349,0,0,1,2
0.555,0.1,0.352,0,0,1,2
0.555,0.1,0.355,0,0,1,2
0.555,0.1,0.358,0,0,1,2
0.555,0.1,0.361,0,0,1,2
0.555,0.1,0.364,0,0,1,2
0.555,0.1,0.367,0,0,1,2
0.555,0.1,0.37,0,0,1,2
0.555,0.1,0.373,0,0,1,2
0.555,0.1,0.376,0,0,1,2
0.555,0.1,0.379,0,0,1,2
0.555,0.1,0.382,0,0,1,2
0.555,0.1,0.385,0,0,1,2
0.555,0.1,0.388,0,0,1,2
0.555,0.1,0.391,0,0,1,2
0.555,0.1,0.394,0,0,1,2
0.555,0.1,0.397,0,0,1,2
0.555,0.1,0.4,0,0,1,2
0.555,0.1,0.403,0,0,1,2
0.555,0.1,0.406,0,0,1,2
0.555,0.1,0.409,0,0,1,2
0.555,0.1,0.412,0,0,1,2
0.555,0.1,0.415,0,0,1,2
0.555,0.1,0.418,0,0,1,2
0.555,0.1,0.420999,0,0,1,2
0.555,0.1,0.423999,0,0,1,2
0.555,0.1,0.426999,0,0,1,2
0.555,0.1,0.429999,0,0,1,2
0.555,0.1,0.432999,0,0,1,2
0.555,0.1,0.435999,0,0,1,2
0.555,0.1,0.438999,0,0,1,2
0.555,0.1,0.441999,0,0,1,2
0.555,0.1,0.444999,0,0,1,2
0.555,0.1,0.447999,0,0,1,2
0.555,0.1,0.450999,0,0,1,2
0.558,0.1,0.25,0,0,1,2
0.558,0.1,0.253,0,0,1,2
0.558,0.1,0.256,0,0,1,2
0.558,0.1,0.259,0,0,1,2
0.558,0.1,0.262,0,0,1,2
0.558,0.1,0.265,0,0,1,2
0.558,0.1,0.268,0,0,1,2
0.558,0.1,0.271,0,0,1,2
0.558,0.1,0.274,0,0,1,2
0.558,0.1,0.277,0,0,1,2
0.558,0.1,0.28,0,0,1,2
0.558,0.1,0.283,0,0,1,2
0.558,0.1,0.286,0,0,1,2
0.558,0.1,0.289,0,0,1,2
0.558,0.1,0.292,0,0,1,2
0.558,0.1,0.295,0,0,1,2
0.558,0.1,0.298,0,0,1,2
0.558,0.1,0.301,0,0,1,2
0.558,0.1,0.304,0,0,1,2
0.558,0.1,0.307,0,0,1,2
0.558,0.1,0.31,0,0,1,2
0.558,0.1,0.313,0,0,1,2
0.558,0.1,0.316,0,0,1,2
0.558,0.1,0.319,0,0,1,2
0.558,0.1,0.322,0,0,1,2
0.558,0.1,0.325,0,0,1,2
0.558,0.1,0.328,0,0,1,2
0.558,0.1,0.331,0,0,1,2
0.558,0.1,0.334,0,0,1,2
0.558,0.1,0.337,0,0,1,2
0.558,0.1,0.34,0,0,1,2
0.558,0.1,0.343,0,0,1,2
0.558,0.1,0.346,0,0,1,2
0.558,0.1,0.349,0,0,1,2
0.558,0.1,0.352,0,0,1,2
0.558,0.1,0.355,0,0,1,2
0.558,0.1,0.358,0,0,1,2
0.558,0.1,0.361,0,0,1,2
0.558,0.1,0.364,0,0,1,2
0.558,0.1,0.367,0,0,1,2
0.558,0.1,0.37,0,0,1,2
0.558,0.1,0.373,0,0,1,2
0.558,0.1,0.376,0,0,1,2
0.558,0.1,0.379,0,0,1,2
0.558,0.1,0.382,0,0,1,2
0.558,0.1,0.385,0,0,1,2
0.558,0.1,0.388,0,0,1,2
0.558,0.1,0.391,0,0,1,2
0.558,0.1,0.394,0,0,1,2
0.558,0.1,0.397,0,0,1,2
0.558,0.1,0.4,0,0,1,2
0.558,0.1,0.403,0,0,1,2
0.558,0.1,0.406,0,0,1,2
0.558,0.1,0.409,0,0,1,2
0.558,0.1,0.412,0,0,1,2
0.558,0.1,0.415,0,0,1,2
0.558,0.1,0.418,0,0,1,2
0.558,0.1,0.420999,0,0,1,2
0.558,0.1,0.423999,0,0,1,2
0.558,0.1,0.426999,0,0,1,2
0.558,0.1,0.429999,0,0,1,2
0.558,0.1,0.432999,0,0,1,2
0.558,0.1,0.435999,0,0,1,2
0.558,0.1,0.438999,0,0,1,2
0.558,0.1,0.441999,0,0,1,2
0.558,0.1,0.444999,0,0,1,2
0.558,0.1,0.447999,0,0,1,2
0.558,0.1,0.450999,0,0,1,2
0.561,0.1,0.25,0,0,1,2
0.561,0.1,0.253,0,0,1,2
0.561,0.1,0.256,0,0,1,2
0.561,0.1,0.259,0,0,1,2
0.561,0.1,0.262,0,0,1,2
0.561,0.1,0.265,0,0,1,2
0.561,0.1,0.268,0,0,1,2
0.561,0.1,0.271,0,0,1,2
0.561,0.1,0.274,0,0,1,2
0.561,0.1,0.277,0,0,1,2
0.561,0.1,0.28,0,0,1,2
0.561,0.1,0.283,0,0,1,2
0.561,0.1,0.286,0,0,1,2
0.561,0.1,0.289,0,0,1,2
0.561,0.1,0.292,0,0,1,2
0.561,0.1,0.295,0,0,1,2
0.561,0.1,0.298,0,0,1,2
0.561,0.1,0.301,0,0,1,2
0.561,0.1,0.304,0,0,1,2
0.561,0.1,0.307,0,0,1,2
0.561,0.1,0.31,0,0,1,2
0.561,0.1,0.313,0,0,1,2
0.561,0.1,0.316,0,0,1,2
0.561,0.1,0.319,0,0,1,2
0.561,0.1,0.322,0,0,1,2
0.561,0.1,0.325,0,0,1,2
0.561,0.1,0.328,0,0,1,2
0.561,0.1,0.331,0,0,1,2
0.561,0.1,0.334,0,0,1,2
0.561,0.1,0.337,0,0,1,2
0.561,0.1,0.34,0,0,1,2
0.561,0.1,0.343,0,0,1,2
0.561,0.1,0.346,0,0,1,2
0.561,0.1,0.349,0,0,1,2
0.561,0.1,0.352,0,0,1,2
0.561,0.1,0.355,0,0,1,2
0.561,0.1,0.358,0,0,1,2
0.561,0.1,0.361,0,0,1,2
0.561,0.1,0.364,0,0,1,2
0.561,0.1,0.367,0,0,1,2
0.561,0.1,0.37,0,0,1,2
0.561,0.1,0.373,0,0,1,2
0.561,0.1,0.376,0,0,1,2
0.561,0.1,0.379,0,0,1,2
0.561,0.1,0.382,0,0,1,2
0.561,0.1,0.385,0,0,1,2
0.561,0.1,0.388,0,0,1,2
0.561,0.1,0.391,0,0,1,2
0.561,0.1,0.394,0,0,1,2
0.561,0.1,0.397,0,0,1,2
0.561,0.1,0.4,0,0,1,2
0.561,0.1,0.403,0,0,1,2
0.561,0.1,0.406,0,0,1,2
0.561,0.1,0.409,0,0,1,2
0.561,0.1,0.412,0,0,1,2
0.561,0.1,0.415,0,0,1,2
0.561,0.1,0.418,0,0,1,2
0.561,0.1,0.420999,0,0,1,2
0.561,0.1,0.423999,0,0,1,2
0.561,0.1,0.426999,0,0,1,2
0.561,0.1,0.429999,0,0,1,2
0.561,0.1,0.432999,0,0,1,2
0.561,0.1,0.435999,0,0,1,2
0.561,0.1,0.438999,0,0,1,2
0.561,0.1,0.441999,0,0,1,2
0.561,0.1,0.444999,0,0,1,2
0.561,0.1,0.447999,0,0,1,2
0.561,0.1,0.450999,0,0,1,2
0.564,0.1,0.25,0,0,1,2
0.564,0.1,0.253,0,0,1,2
0.564,0.1,0.256,0,0,1,2
0.564,0.1,0.259,0,0,1,2
0.564,0.1,0.262,0,0,1,2
0.564,0.1,0.265,0,0,1,2
0.564,0.1,0.268,0,0,1,2
0.564,0.1,0.271,0,0,1,2
0.564,0.1,0.274,0,0,1,2
0.564,0.1,0.277,0,0,1,2
0.564,0.1,0.28,0,0,1,2
0.564,0.1,0.283,0,0,1,2
0.564,0.1,0.286,0,0,1,2
0.564,0.1,0.289,0,0,1,2
0.564,0.1,0.292,0,0,1,2
0.564,0.1,0.295,0,0,1,2
0.564,0.1,0.298,0,0,1,2
0.564,0.1,0.301,0,0,1,2
0.564,0.1,0.304,0,0,1,2
0.564,0.1,0.307,0,0,1,2
0.564,0.1,0.31,0,0,1,2
0.564,0.1,0.313,0,0,1,2
0.564,0.1,0.316,0,0,1,2
0.564,0.1,0.319,0,0,1,2
0.564,0.1,0.322,0,0,1,2
0.564,0.1,0.325,0,0,1,2
0.564,0.1,0.328,0,0,1,2
0.564,0.1,0.331,0,0,1,2
0.564,0.1,0.334,0,0,1,2
0.564,0.1,0.337,0,0,1,2
0.564,0.1,0.34,0,0,1,2
0.564,0.1,0.343,0,0,1,2
0.564,0.1,0.346,0,0,1,2
0.564,0.1,0.349,0,0,1,2
0.564,0.1,0.352,0,0,1,2
0.564,0.1,0.355,0,0,1,2
0.564,0.1,0.358,0,0,1,2
0.564,0.1,0.361,0,0,1,2
0.564,0.1,0.364,0,0,1,2
0.564,0.1,0.367,0,0,1,2
0.564,0.1,0.37,0,0,1,2
0.564,0.1,0.373,0,0,1,2
0.564,0.1,0.376,0,0,1,2
0.564,0.1,0.379,0,0,1,2
0.564,0.1,0.382,0,0,1,2
0.564,0.1,0.385,0,0,1,2
0.564,0.1,0.388,0,0,1,2
0.564,0.1,0.391,0,0,1,2
0.564,0.1,0.394,0,0,1,2
0.564,0.1,0.397,0,0,1,2
0.564,0.1,0.4,0,0,1,2
0.564,0.1,0.403,0,0,1,2
0.564,0.1,0.406,0,0,1,2
0.564,0.1,0.409,0,0,1,2
0.564,0.1,0.412,0,0,1,2
0.564,0.1,0.415,0,0,1,2
0.564,0.1,0.418,0,0,1,2
0.564,0.1,0.420999,0,0,1,2
0.564,0.1,0.423999,0,0,1,2
0.564,0.1,0.426999,0,0,1,2
0.564,0.1,0.429999,0,0,1,2
0.564,0.1,0.432999,0,0,1,2
0.564,0.1,0.435999,0,0,1,2
0.564,0.1,0.438999,0,0,1,2
0.564,0.1,0.441999,0,0,1,2
0.564,0.1,0.444999,0,0,1,2
0.564,0.1,0.447999,0,0,1,2
0.564,0.1,0.450999,0,0,1,2
0.567,0.1,0.25,0,0,1,2
0.567,0.1,0.253,0,0,1,2
0.567,0.1,0.256,0,0,1,2
0.567,0.1,0.259,0,0,1,2
0.567,0.1,0.262,0,0,1,2
0.567,0.1,0.265,0,0,1,2
0.567,0.1,0.268,0,0,1,2
0.567,0.1,0.271,0,0,1,2
0.567,0.1,0.274,0,0,1,2
0.567,0.1,0.277,0,0,1,2
0.567,0.1,0.28,0,0,1,2
0.567,0.1,0.283,0,0,1,2
0.567,0.1,0.286,0,0,1,2
0.567,0.1,0.289,0,0,1,2
0.567,0.1,0.292,0,0,1,2
0.567,0.1,0.295,0,0,1,2
0.567,0.1,0.298,0,0,1,2
0.567,0.1,0.301,0,0,1,2
0.567,0.1,0.304,0,0,1,2
0.567,0.1,0.307,0,0,1,2
0.567,0.1,0.31,0,0,1,2
0.567,0.1,0.313,0,0,1,2
0.567,0.1,0.316,0,0,1,2
0.567,0.1,0.319,0,0,1,2
0.567,0.1,0.322,0,0,1,2
0.567,0.1,0.325,0,0,1,2
0.567,0.1,0.328,0,0,1,2
0.567,0.1,0.331,0,0,1,2
0.567,0.1,0.334,0,0,1,2
0.567,0.1,0.337,0,0,1,2
0.567,0.1,0.34,0,0,1,2
0.567,0.1,0.343,0,0,1,2
0.567,0.1,0.346,0,0,1,2
0.567,0.1,0.349,0,0,1,2
0.567,0.1,0.352,0,0,1,2
0.567,0.1,0.355,0,0,1,2
0.567,0.1,0.358,0,0,1,2
0.567,0.1,0.361,0,0,1,2
0.567,0.1,0.364,0,0,1,2
0.567,0.1,0.367,0,0,1,2
0.567,0.1,0.37,0,0,1,2
0.567,0.1,0.373,0,0,1,2
0.567,0.1,0.376,0,0,1,2
0.567,0.1,0.379,0,0,1,2
0.567,0.1,0.382,0,0,1,2
0.567,0.1,0.385,0,0,1,2
0.567,0.1,0.388,0,0,1,2
0.567,0.1,0.391,0,0,1,2
0.567,0.1,0.394,0,0,1,2
0.567,0.1,0.397,0,0,1,2
0.567,0.1,0.4,0,0,1,2
0.567,0.1,0.403,0,0,1,2
0.567,0.1,0.406,0,0,1,2
0.567,0.1,0.409,0,0,1,2
0.567,0.1,0.412,0,0,1,2
0.567,0.1,0.415,0,0,1,2
0.567,0.1,0.418,0,0,1,2
0.567,0.1,0.420999,0,0,1,2
0.567,0.1,0.423999,0,0,1,2
0.567,0.1,0.426999,0,0,1,2
0.567,0.1,0.429999,0,0,1,2
0.567,0.1,0.432999,0,0,1,2
0.567,0.1,0.435999,0,0,1,2
0.567,0.1,0.438999,0,0,1,2
0.567,0.1,0.441999,0,0,1,2
0.567,0.1,0.444999,0,0,1,2
0.567,0.1,0.447999,0,0,1,2
0.567,0.1,0.450999,0,0,1,2
0.57,0.1,0.25,0,0,1,2
0.57,0.1,0.253,0,0,1,2
0.57,0.1,0.256,0,0,1,2
0.57,0.1,0.259,0,0,1,2
0.57,0.1,0.262,0,0,1,2
0.57,0.1,0.265,0,0,1,2
0.57,0.1,0.268,0,0,1,2
0.57,0.1,0.271,0,0,1,2
0.57,0.1,0.274,0,0,1,2
0.57,0.1,0.277,0,0,1,2
0.57,0.1,0.28,0,0,1,2
0.57,0.1,0.283,0,0,1,2
0.57,0.1,0.286,0,0,1,2
0.57,0.1,0.289,0,0,1,2
0.57,0.1,0.292,0,0,1,2
0.57,0.1,0.295,0,0,1,2
0.57,0.1,0.298,0,0,1,2
0.57,0.1,0.301,0,0,1,2
0.57,0.1,0.304,0,0,1,2
0.57,0.1,0.307,0,0,1,2
0.57,0.1,0.31,0,0,1,2
0.57,0.1,0.313,0,0,1,2
0.57,0.1,0.316,0,0,1,2
0.57,0.1,0.319,0,0,1,2
0.57,0.1,0.322,0,0,1,2
0.57,0.1,0.325,0,0,1,2
0.57,0.1,0.328,0,0,1,2
0.57,0.1,0.331,0,0,1,2
0.57,0.1,0.334,0,0,1,2
0.57,0.1,0.337,0,0,1,2
0.57,0.1,0.34,0,0,1,2
0.57,0.1,0.343,0,0,1,2
0.57,0.1,0.346,0,0,1,2
0.57,0.1,0.349,0,0,1,2
0.57,0.1,0.352,0,0,1,2
0.57,0.1,0.355,0,0,1,2
0.57,0.1,0.358,0,0,1,2
0.57,0.1,0.361,0,0,1,2
0.57,0.1,0.364,0,0,1,2
0.57,0.1,0.367,0,0,1,2
0.57,0.1,0.37,0,0,1,2
0.57,0.1,0.373,0,0,1,2
0.57,0.1,0.376,0,0,1,2
0.57,0.1,0.379,0,0,1,2
0.57,0.1,0.382,0,0,1,2
0.57,0.1,0.385,0,0,1,2
0.57,0.1,0.388,0,0,1,2
0.57,0.1,0.391,0,0,1,2
0.57,0.1,0.394,0,0,1,2
0.57,0.1,0.397,0,0,1,2
0.57,0.1,0.4,0,0,1,2
0.57,0.1,0.403,0,0,1,2
0.57,0.1,0.406,0,0,1,2
0.57,0.1,0.409,0,0,1,2
0.57,0.1,0.412,0,0,1,2
0.57,0.1,0.415,0,0,1,2
0.57,0.1,0.418,0,0,1,2
0.57,0.1,0.420999,0,0,1,2
0.57,0.1,0.423999,0,0,1,2
0.57,0.1,0.426999,0,0,1,2
0.57,0.1,0.429999,0,0,1,2
0.57,0.1,0.432999,0,0,1,2
0.57,0.1,0.435999,0,0,1,2
0.57,0.1,0.438999,0,0,1,2
0.57,0.1,0.441999,0,0,1,2
0.57,0.1,0.444999,0,0,1,2
0.57,0.1,0.447999,0,0,1,2
0.57,0.1,0.450999,0,0,1,2
0.39,0.1,0.25,0,0,1,2
0.39,0.1,0.253,0,0,1,2
0.39,0.1,0.256,0,0,1,2
0.39,0.1,0.259,0,0,1,2
0.39,0.1,0.262,0,0,1,2
0.39,0.1,0.265,0,0,1,2
0.39,0.1,0.268,0,0,1,2
0.39,0.1,0.271,0,0,1,2
0.39,0.1,0.274,0,0,1,2
0.39,0.1,0.277,0,0,1,2
0.39,0.1,0.28,0,0,1,2
0.39,0.1,0.283,0,0,1,2
0.39,0.1,0.286,0,0,1,2
0.39,0.1,0.289,0,0,1,2
0.39,0.1,0.292,0,0,1,2
0.39,0.1,0.295,0,0,1,2
0.39,0.1,0.298,0,0,1,2
0.39,0.1,0.301,0,0,1,2
0.39,0.1,0.304,0,0,1,2
0.39,0.1,0.307,0,0,1,2
0.39,0.1,0.31,0,0,1,2
0.39,0.1,0.313,0,0,1,2
0.39,0.1,0.316,0,0,1,2
0.39,0.1,0.319,0,0,1,2
0.39,0.1,0.322,0,0,1,2
0.39,0.1,0.325,0,0,1,2
0.39,0.1,0.328,0,0,1,2
0.39,0.1,0.331,0,0,1,2
0.39,0.1,0.334,0,0,1,2
0.39,0.1,0.337,0,0,1,2
0.39,0.1,0.34,0,0,1,2
0.39,0.1,0.343,0,0,1,2
0.39,0.1,0.346,0,0,1,2
0.39,0.1,0.349,0,0,1,2
0.39,0.1,0.352,0,0,1,2
0.39,0.1,0.355,0,0,1,2
0.39,0.1,0.358,0,0,1,2
0.39,0.1,0.361,0,0,1,2
0.39,0.1,0.364,0,0,1,2
0.39,0.1,0.367,0,0,1,2
0.39,0.1,0.37,0,0,1,2
0.39,0.1,0.373,0,0,1,2
0.39,0.1,0.376,0,0,1,2
0.39,0.1,0.379,0,0,1,2
0.39,0.1,0.382,0,0,1,2
0.39,0.1,0.385,0,0,1,2
0.39,0.1,0.388,0,0,1,2
0.39,0.1,0.391,0,0,1,2
0.39,0.1,0.394,0,0,1,2
0.39,0.1,0.397,0,0,1,2
0.39,0.1,0.4,0,0,1,2
0.39,0.1,0.403,0,0,1,2
0.39,0.1,0.406,0,0,1,2
0.39,0.1,0.409,0,0,1,2
0.39,0.1,0.412,0,0,1,2
0.39,0.1,0.415,0,0,1,2
0.39,0.1,0.418,0,0,1,2
0.39,0.1,0.420999,0,0,1,2
0.39,0.1,0.423999,0,0,1,2
0.39,0.1,0.426999,0,0,1,2
0.39,0.1,0.429999,0,0,1,2
0.39,0.1,0.432999,0,0,1,2
0.39,0.1,0.435999,0,0,1,2
0.39,0.1,0.438999,0,0,1,2
0.39,0.1,0.441999,0,0,1,2
0.39,0.1,0.444999,0,0,1,2
0.39,0.1,0.447999,0,0,1,2
0.39,0.1,0.450999,0,0,1,2
0.39,0.103,0.25,0,0,1,2
0.39,0.103,0.253,0,0,1,2
0.39,0.103,0.256,0,0,1,2
0.39,0.103,0.259,0,0,1,2
0.39,0.103,0.262,0,0,1,2
0.39,0.103,0.265,0,0,1,2
0.39,0.103,0.268,0,0,1,2
0.39,0.103,0.271,0,0,1,2
0.39,0.103,0.274,0,0,1,2
0.39,0.103,0.277,0,0,1,2
0.39,0.103,0.28,0,0,1,2
0.39,0.103,0.283,0,0,1,2
0.39,0.103,0.286,0,0,1,2
0.39,0.103,0.289,0,0,1,2
0.39,0.103,0.292,0,0,1,2
0.39,0.103,0.295,0,0,1,2
0.39,0.103,0.298,0,0,1,2
0.39,0.103,0.301,0,0,1,2
0.39,0.103,0.304,0,0,1,2
0.39,0.103,0.307,0,0,1,2
0.39,0.103,0.31,0,0,1,2
0.39,0.103,0.313,0,0,1,2
0.39,0.103,0.316,0,0,1,2
0.39,0.103,0.319,0,0,1,2
0.39,0.103,0.322,0,0,1,2
0.39,0.103,0.325,0,0,1,2
0.39,0.103,0.328,0,0,1,2
0.39,0.103,0.331,0,0,1,2
0.39,0.103,0.334,0,0,1,2
0.39,0.103,0.337,0,0,1,2
0.39,0.103,0.34,0,0,1,2
0.39,0.103,0.343,0,0,1,2
0.39,0.103,0.346,0,0,1,2
0.39,0.103,0.349,0,0,1,2
0.39,0.103,0.352,0,0,1,2
0.39,0.103,0.355,0,0,1,2
0.39,0.103,0.358,0,0,1,2
0.39,0.103,0.361,0,0,1,2
0.39,0.103,0.364,0,0,1,2
0.39,0.103,0.367,0,0,1,2
0.39,0.103,0.37,0,0,1,2
0.39,0.103,0.373,0,0,1,2
0.39,0.103,0.376,0,0,1,2
0.39,0.103,0.379,0,0,1,2
0.39,0.103,0.382,0,0,1,2
0.39,0.103,0.385,0,0,1,2
0.39,0.103,0.388,0,0,1,2
0.39,0.103,0.391,0,0,1,2
0.39,0.103,0.394,0,0,1,2
0.39,0.103,0.397,0,0,1,2
0.39,0.103,0.4,0,0,1,2
0.39,0.103,0.403,0,0,1,2
0.39,0.103,0.406,0,0,1,2
0.39,0.103,0.409,0,0,1,2
0.39,0.103,0.412,0,0,1,2
0.39,0.103,0.415,0,0,1,2
0.39,0.103,0.418,0,0,1,2
0.39,0.103,0.420999,0,0,1,2
0.39,0.103,0.423999,0,0,1,2
0.39,0.103,0.426999,0,0,1,2
0.39,0.103,0.429999,0,0,1,2
0.39,0.103,0.432999,0,0,1,2
0.39,0.103,0.435999,0,0,1,2
0.39,0.103,0.438999,0,0,1,2
0.39,0.103,0.441999,0,0,1,2
0.39,0.103,0.444999,0,0,1,2
0.39,0.103,0.447999,0,0,1,2
0.39,0.103,0.450999,0,0,1,2
0.39,0.106,0.25,0,0,1,2
0.39,0.106,0.253,0,0,1,2
0.39,0.106,0.256,0,0,1,2
0.39,0.106,0.259,0,0,1,2
0.39,0.106,0.262,0,0,1,2
0.39,0.106,0.265,0,0,1,2
0.39,0.106,0.268,0,0,1,2
0.39,0.106,0.271,0,0,1,2
0.39,0.106,0.274,0,0,1,2
0.39,0.106,0.277,0,0,1,2
0.39,0.106,0.28,0,0,1,2
0.39,0.106,0.283,0,0,1,2
0.39,0.106,0.286,0,0,1,2
0.39,0.106,0.289,0,0,1,2
0.39,0.106,0.292,0,0,1,2
0.39,0.106,0.295,0,0,1,2
0.39,0.106,0.298,0,0,1,2
0.39,0.106,0.301,0,0,1,2
0.39,0.106,0.304,0,0,1,2
0.39,0.106,0.307,0,0,1,2
0.39,0.106,0.31,0,0,1,2
0.39,0.106,0.313,0,0,1,2
0.39,0.106,0.316,0,0,1,2
0.39,0.106,0.319,0,0,1,2
0.39,0.106,0.322,0,0,1,2
0.39,0.106,0.325,0,0,1,2
0.39,0.106,0.328,0,0,1,2
0.39,0.106,0.331,0,0,1,2
0.39,0.106,0.334,0,0,1,2
0.39,0.106,0.337,0,0,1,2
0.39,0.106,0.34,0,0,1,2
0.39,0.106,0.343,0,0,1,2
0.39,0.106,0.346,0,0,1,2
0.39,0.106,0.349,0,0,1,2
0.39,0.106,0.352,0,0,1,2
0.39,0.106,0.355,0,0,1,2
0.39,0.106,0.358,0,0,1,2
0.39,0.106,0.361,0,0,1,2
0.39,0.106,0.364,0,0,1,2
0.39,0.106,0.367,0,0,1,2
0.39,0.106,0.37,0,0,1,2
0.39,0.106,0.373,0,0,1,2
0.39,0.106,0.376,0,0,1,2
0.39,0.106,0.379,0,0,1,2
0.39,0.106,0.382,0,0,1,2
0.39,0.106,0.385,0,0,1,2
0.39,0.106,0.388,0,0,1,2
0.39,0.106,0.391,0,0,1,2
0.39,0.106,0.394,0,0,1,2
0.39,0.106,0.397,0,0,1,2
0.39,0.106,0.4,0,0,1,2
0.39,0.106,0.403,0,0,1,2
0.39,0.106,0.406,0,0,1,2
0.39,0.106,0.409,0,0,1,2
0.39,0.106,0.412,0,0,1,2
0.39,0.106,0.415,0,0,1,2
0.39,0.106,0.418,0,0,1,2
0.39,0.106,0.420999,0,0,1,2
0.39,0.106,0.423999,0,0,1,2
0.39,0.106,0.426999,0,0,1,2
0.39,0.106,0.429999,0,0,1,2
0.39,0.106,0.432999,0,0,1,2
0.39,0.106,0.435999,0,0,1,2
0.39,0.106,0.438999,0,0,1,2
0.39,0.106,0.441999,0,0,1,2
0.39,0.106,0.444999,0,0,1,2
0.39,0.106,0.447999,0,0,1,2
0.39,0.106,0.450999,0,0,1,2
0.39,0.109,0.25,0,0,1,2
0.39,0.109,0.253,0,0,1,2
0.39,0.109,0.256,0,0,1,2
0.39,0.109,0.259,0,0,1,2
0.39,0.109,0.262,0,0,1,2
0.39,0.109,0.265,0,0,1,2
0.39,0.109,0.268,0,0,1,2
0.39,0.109,0.271,0,0,1,2
0.39,0.109,0.274,0,0,1,2
0.39,0.109,0.277,0,0,1,2
0.39,0.109,0.28,0,0,1,2
0.39,0.109,0.283,0,0,1,2
0.39,0.109,0.286,0,0,1,2
0.39,0.109,0.289,0,0,1,2
0.39,0.109,0.292,0,0,1,2
0.39,0.109,0.295,0,0,1,2
0.39,0.109,0.298,0,0,1,2
0.39,0.109,0.301,0,0,1,2
0.39,0.109,0.304,0,0,1,2
0.39,0.109,0.307,0,0,1,2
0.39,0.109,0.31,0,0,1,2
0.39,0.109,0.313,0,0,1,2
0.39,0.109,0.316,0,0,1,2
0.39,0.109,0.319,0,0,1,2
0.39,0.109,0.322,0,0,1,2
0.39,0.109,0.325,0,0,1,2
0.39,0.109,0.328,0,0,1,2
0.39,0.109,0.331,0,0,1,2
0.39,0.109,0.334,0,0,1,2
0.39,0.109,0.337,0,0,1,2
0.39,0.109,0.34,0,0,1,2
0.39,0.109,0.343,0,0,1,2
0.39,0.109,0.346,0,0,1,2
0.39,0.109,0.349,0,0,1,2
0.39,0.109,0.352,0,0,1,2
0.39,0.109,0.355,0,0,1,2
0.39,0.109,0.358,0,0,1,2
0.39,0.109,0.361,0,0,1,2
0.39,0.109,0.364,0,0,1,2
0.39,0.109,0.367,0,0,1,2
0.39,0.109,0.37,0,0,1,2
0.39,0.109,0.373,0,0,1,2
0.39,0.109,0.376,0,0,1,2
0.39,0.109,0.379,0,0,1,2
0.39,0.109,0.382,0,0,1,2
0.39,0.109,0.385,0,0,1,2
0.39,0.109,0.388,0,0,1,2
0.39,0.109,0.391,0,0,1,2
0.39,0.109,0.394,0,0,1,2
0.39,0.109,0.397,0,0,1,2
0.39,0.109,0.4,0,0,1,2
0.39,0.109,0.403,0,0,1,2
0.39,0.109,0.406,0,0,1,2
0.39,0.109,0.409,0,0,1,2
0.39,0.109,0.412,0,0,1,2
0.39,0.109,0.415,0,0,1,2
0.39,0.109,0.418,0,0,1,2
0.39,0.109,0.420999,0,0,1,2
0.39,0.109,0.423999,0,0,1,2
0.39,0.109,0.426999,0,0,1,2
0.39,0.109,0.429999,0,0,1,2
0.39,0.109,0.432999,0,0,1,2
0.39,0.109,0.435999,0,0,1,2
0.39,0.109,0.438999,0,0,1,2
0.39,0.109,0.441999,0,0,1,2
0.39,0.109,0.444999,0,0,1,2
0.39,0.109,0.447999,0,0,1,2
0.39,0.109,0.450999,0,0,1,2
0.39,0.112,0.25,0,0,1,2
0.39,0.112,0.253,0,0,1,2
0.39,0.112,0.256,0,0,1,2
0.39,0.112,0.259,0,0,1,2
0.39,0.112,0.262,0,0,1,2
0.39,0.112,0.265,0,0,1,2
0.39,0.112,0.268,0,0,1,2
0.39,0.112,0.271,0,0,1,2
0.39,0.112,0.274,0,0,1,2
0.39,0.112,0.277,0,0,1,2
0.39,0.112,0.28,0,0,1,2
0.39,0.112,0.283,0,0,1,2
0.39,0.112,0.286,0,0,1,2
0.39,0.112,0.289,0,0,1,2
0.39,0.112,0.292,0,0,1,2
0.39,0.112,0.295,0,0,1,2
0.39,0.112,0.298,0,0,1,2
0.39,0.112,0.301,0,0,1,2
0.39,0.112,0.304,0,0,1,2
0.39,0.112,0.307,0,0,1,2
0.39,0.112,0.31,0,0,1,2
0.39,0.112,0.313,0,0,1,2
0.39,0.112,0.316,0,0,1,2
0.39,0.112,0.319,0,0,1,2
0.39,0.112,0.322,0,0,1,2
0.39,0.112,0.325,0,0,1,2
0.39,0.112,0.328,0,0,1,2
0.39,0.112,0.331,0,0,1,2
0.39,0.112,0.334,0,0,1,2
0.39,0.112,0.337,0,0,1,2
0.39,0.112,0.34,0,0,1,2
0.39,0.112,0.343,0,0,1,2
0.39,0.112,0.346,0,0,1,2
0.39,0.112,0.349,0,0,1,2
0.39,0.112,0.352,0,0,1,2
0.39,0.112,0.355,0,0,1,2
0.39,0.112,0.358,0,0,1,2
0.39,0.112,0.361,0,0,1,2
0.39,0.112,0.364,0,0,1,2
0.39,0.112,0.367,0,0,1,2
0.39,0.112,0.37,0,0,1,2
0.39,0.112,0.373,0,0,1,2
0.39,0.112,0.376,0,0,1,2
0.39,0.112,0.379,0,0,1,2
0.39,0.112,0.382,0,0,1,2
0.39,0.112,0.385,0,0,1,2
0.39,0.112,0.388,0,0,1,2
0.39,0.112,0.391,0,0,1,2
0.39,0.112,0.394,0,0,1,2
0.39,0.112,0.397,0,0,1,2
0.39,0.112,0.4,0,0,1,2
0.39,0.112,0.403,0,0,1,2
0.39,0.112,0.406,0,0,1,2
0.39,0.112,0.409,0,0,1,2
0.39,0.112,0.412,0,0,1,2
0.39,0.112,0.415,0,0,1,2
0.39,0.112,0.418,0,0,1,2
0.39,0.112,0.420999,0,0,1,2
0.39,0.112,0.423999,0,0,1,2
0.39,0.112,0.426999,0,0,1,2
0.39,0.112,0.429999,0,0,1,2
0.39,0.112,0.432999,0,0,1,2
0.39,0.112,0.435999,0,0,1,2
0.39,0.112,0.438999,0,0,1,2
0.39,0.112,0.441999,0,0,1,2
0.39,0.112,0.444999,0,0,1,2
0.39,0.112,0.447999,0,0,1,2
0.39,0.112,0.450999,0,0,1,2
0.39,0.115,0.25,0,0,1,2
0.39,0.115,0.253,0,0,1,2
0.39,0.115,0.256,0,0,1,2
0.39,0.115,0.259,0,0,1,2
0.39,0.115,0.262,0,0,1,2
0.39,0.115,0.265,0,0,1,2
0.39,0.115,0.268,0,0,1,2
0.39,0.115,0.271,0,0,1,2
0.39,0.115,0.274,0,0,1,2
0.39,0.115,0.277,0,0,1,2
0.39,0.115,0.28,0,0,1,2
0.39,0.115,0.283,0,0,1,2
0.39,0.115,0.286,0,0,1,2
0.39,0.115,0.289,0,0,1,2
0.39,0.115,0.292,0,0,1,2
0.39,0.115,0.295,0,0,1,2
0.39,0.115,0.298,0,0,1,2
0.39,0.115,0.301,0,0,1,2
0.39,0.115,0.304,0,0,1,2
0.39,0.115,0.307,0,0,1,2
0.39,0.115,0.31,0,0,1,2
0.39,0.115,0.313,0,0,1,2
0.39,0.115,0.316,0,0,1,2
0.39,0.115,0.319,0,0,1,2
0.39,0.115,0.322,0,0,1,2
0.39,0.115,0.325,0,0,1,2
0.39,0.115,0.328,0,0,1,2
0.39,0.115,0.331,0,0,1,2
0.39,0.115,0.334,0,0,1,2
0.39,0.115,0.337,0,0,1,2
0.39,0.115,0.34,0,0,1,2
0.39,0.115,0.343,0,0,1,2
0.39,0.115,0.346,0,0,1,2
0.39,0.115,0.349,0,0,1,2
0.39,0.115,0.352,0,0,1,2
0.39,0.115,0.355,0,0,1,2
0.39,0.115,0.358,0,0,1,2
0.39,0.115,0.361,0,0,1,2
0.39,0.115,0.364,0,0,1,2
0.39,0.115,0.367,0,0,1,2
0.39,0.115,0.37,0,0,1,2
0.39,0.115,0.373,0,0,1,2
0.39,0.115,0.376,0,0,1,2
0.39,0.115,0.379,0,0,1,2
0.39,0.115,0.382,0,0,1,2
0.39,0.115,0.385,0,0,1,2
0.39,0.115,0.388,0,0,1,2
0.39,0.115,0.391,0,0,1,2
0.39,0.115,0.394,0,0,1,2
0.39,0.115,0.397,0,0,1,2
0.39,0.115,0.4,0,0,1,2
0.39,0.115,0.403,0,0,1,2
0.39,0.115,0.406,0,0,1,2
0.39,0.115,0.409,0,0,1,2
0.39,0.115,0.412,0,0,1,2
0.39,0.115,0.415,0,0,1,2
0.39,0.115,0.418,0,0,1,2
0.39,0.115,0.420999,0,0,1,2
0.39,0.115,0.423999,0,0,1,2
0.39,0.115,0.426999,0,0,1,2
0.39,0.115,0.429999,0,0,1,2
0.39,0.115,0.432999,0,0,1,2
0.39,0.115,0.435999,0,0,1,2
0.39,0.115,0.438999,0,0,1,2
0.39,0.115,0.441999,0,0,1,2
0.39,0.115,0.444999,0,0,1,2
0.39,0.115,0.447999,0,0,1,2
0.39,0.115,0.450999,0,0,1,2
0.39,0.118,0.25,0,0,1,2
0.39,0.118,0.253,0,0,1,2
0.39,0.118,0.256,0,0,1,2
0.39,0.118,0.259,0,0,1,2
0.39,0.118,0.262,0,0,1,2
0.39,0.118,0.265,0,0,1,2
0.39,0.118,0.268,0,0,1,2
0.39,0.118,0.271,0,0,1,2
0.39,0.118,0.274,0,0,1,2
0.39,0.118,0.277,0,0,1,2
0.39,0.118,0.28,0,0,1,2
0.39,0.118,0.283,0,0,1,2
0.39,0.118,0.286,0,0,1,2
0.39,0.118,0.289,0,0,1,2
0.39,0.118,0.292,0,0,1,2
0.39,0.118,0.295,0,0,1,2
0.39,0.118,0.298,0,0,1,2
0.39,0.118,0.301,0,0,1,2
0.39,0.118,0.304,0,0,1,2
0.39,0.118,0.307,0,0,1,2
0.39,0.118,0.31,0,0,1,2
0.39,0.118,0.313,0,0,1,2
0.39,0.118,0.316,0,0,1,2
0.39,0.118,0.319,0,0,1,2
0.39,0.118,0.322,0,0,1,2
0.39,0.118,0.325,0,0,1,2
0.39,0.118,0.328,0,0,1,2
0.39,0.118,0.331,0,0,1,2
0.39,0.118,0.334,0,0,1,2
0.39,0.118,0.337,0,0,1,2
0.39,0.118,0.34,0,0,1,2
0.39,0.118,0.343,0,0,1,2
0.39,0.118,0.346,0,0,1,2
0.39,0.118,0.349,0,0,1,2
0.39,0.118,0.352,0,0,1,2
0.39,0.118,0.355,0,0,1,2
0.39,0.118,0.358,0,0,1,2
0.39,0.118,0.361,0,0,1,2
0.39,0.118,0.364,0,0,1,2
0.39,0.118,0.367,0,0,1,2
0.39,0.118,0.37,0,0,1,2
0.39,0.118,0.373,0,0,1,2
0.39,0.118,0.376,0,0,1,2
0.39,0.118,0.379,0,0,1,2
0.39,0.118,0.382,0,0,1,2
0.39,0.118,0.385,0,0,1,2
0.39,0.118,0.388,0,0,1,2
0.39,0.118,0.391,0,0,1,2
0.39,0.118,0.394,0,0,1,2
0.39,0.118,0.397,0,0,1,2
0.39,0.118,0.4,0,0,1,2
0.39,0.118,0.403,0,0,1,2
0.39,0.118,0.406,0,0,1,2
0.39,0.118,0.409,0,0,1,2
0.39,0.118,0.412,0,0,1,2
0.39,0.118,0.415,0,0,1,2
0.39,0.118,0.418,0,0,1,2
0.39,0.118,0.420999,0,0,1,2
0.39,0.118,0.423999,0,0,1,2
0.39,0.118,0.426999,0,0,1,2
0.39,0.118,0.429999,0,0,1,2
0.39,0.118,0.432999,0,0,1,2
0.39,0.118,0.435999,0,0,1,2
0.39,0.118,0.438999,0,0,1,2
0.39,0.118,0.441999,0,0,1,2
0.39,0.118,0.444999,0,0,1,2
0.39,0.118,0.447999,0,0,1,2
0.39,0.118,0.450999,0,0,1,2
0.39,0.121,0.25,0,0,1,2
0.39,0.121,0.253,0,0,1,2
0.39,0.121,0.256,0,0,1,2
0.39,0.121,0.259,0,0,1,2
0.39,0.121,0.262,0,0,1,2
0.39,0.121,0.265,0,0,1,2
0.39,0.121,0.268,0,0,1,2
0.39,0.121,0.271,0,0,1,2
0.39,0.121,0.274,0,0,1,2
0.39,0.121,0.277,0,0,1,2
0.39,0.121,0.28,0,0,1,2
0.39,0.121,0.283,0,0,1,2
0.39,0.121,0.286,0,0,1,2
0.39,0.121,0.289,0,0,1,2
0.39,0.121,0.292,0,0,1,2
0.39,0.121,0.295,0,0,1,2
0.39,0.121,0.298,0,0,1,2
0.39,0.121,0.301,0,0,1,2
0.39,0.121,0.304,0,0,1,2
0.39,0.121,0.307,0,0,1,2
0.39,0.121,0.31,0,0,1,2
0.39,0.121,0.313,0,0,1,2
0.39,0.121,0.316,0,0,1,2
0.39,0.121,0.319,0,0,1,2
0.39,0.121,0.322,0,0,1,2
0.39,0.121,0.325,0,0,1,2
0.39,0.121,0.328,0,0,1,2
0.39,0.121,0.331,0,0,1,2
0.39,0.121,0.334,0,0,1,2
0.39,0.121,0.337,0,0,1,2
0.39,0.121,0.34,0,0,1,2
0.39,0.121,0.343,0,0,1,2
0.39,0.121,0.346,0,0,1,2
0.39,0.121,0.349,0,0,1,2
0.39,0.121,0.352,0,0,1,2
0.39,0.121,0.355,0,0,1,2
0.39,0.121,0.358,0,0,1,2
0.39,0.121,0.361,0,0,1,2
0.39,0.121,0.364,0,0,1,2
0.39,0.121,0.367,0,0,1,2
0.39,0.121,0.37,0,0,1,2
0.39,0.121,0.373,0,0,1,2
0.39,0.121,0.376,0,0,1,2
0.39,0.121,0.379,0,0,1,2
0.39,0.121,0.382,0,0,1,2
0.39,0.121,0.385,0,0,1,2
0.39,0.121,0.388,0,0,1,2
0.39,0.121,0.391,0,0,1,2
0.39,0.121,0.394,0,0,1,2
0.39,0.121,0.397,0,0,1,2
0.39,0.121,0.4,0,0,1,2
0.39,0.121,0.403,0,0,1,2
0.39,0.121,0.406,0,0,1,2
0.39,0.121,0.409,0,0,1,2
0.39,0.121,0.412,0,0,1,2
0.39,0.121,0.415,0,0,1,2
0.39,0.121,0.418,0,0,1,2
0.39,0.121,0.420999,0,0,1,2
0.39,0.121,0.423999,0,0,1,2
0.39,0.121,0.426999,0,0,1,2
0.39,0.121,0.429999,0,0,1,2
0.39,0.121,0.432999,0,0,1,2
0.39,0.121,0.435999,0,0,1,2
0.39,0.121,0.438999,0,0,1,2
0.39,0.121,0.441999,0,0,1,2
0.39,0.121,0.444999,0,0,1,2
0.39,0.121,0.447999,0,0,1,2
0.39,0.121,0.450999,0,0,1,2
0.39,0.124,0.25,0,0,1,2
0.39,0.124,0.253,0,0,1,2
0.39,0.124,0.256,0,0,1,2
0.39,0.124,0.259,0,0,1,2
0.39,0.124,0.262,0,0,1,2
0.39,0.124,0.265,0,0,1,2
0.39,0.124,0.268,0,0,1,2
0.39,0.124,0.271,0,0,1,2
0.39,0.124,0.274,0,0,1,2
0.39,0.124,0.277,0,0,1,2
0.39,0.124,0.28,0,0,1,2
0.39,0.124,0.283,0,0,1,2
0.39,0.124,0.286,0,0,1,2
0.39,0.124,0.289,0,0,1,2
0.39,0.124,0.292,0,0,1,2
0.39,0.124,0.295,0,0,1,2
0.39,0.124,0.298,0,0,1,2
0.39,0.124,0.301,0,0,1,2
0.39,0.124,0.304,0,0,1,2
0.39,0.124,0.307,0,0,1,2
0.39,0.124,0.31,0,0,1,2
0.39,0.124,0.313,0,0,1,2
0.39,0.124,0.316,0,0,1,2
0.39,0.124,0.319,0,0,1,2
0.39,0.124,0.322,0,0,1,2
0.39,0.124,0.325,0,0,1,2
0.39,0.124,0.328,0,0,1,2
0.39,0.124,0.331,0,0,1,2
0.39,0.124,0.334,0,0,1,2
0.39,0.124,0.337,0,0,1,2
0.39,0.124,0.34,0,0,1,2
0.39,0.124,0.343,0,0,1,2
0.39,0.124,0.346,0,0,1,2
0.39,0.124,0.349,0,0,1,2
0.39,0.124,0.352,0,0,1,2
0.39,0.124,0.355,0,0,1,2
0.39,0.124,0.358,0,0,1,2
0.39,0.124,0.361,0,0,1,2
0.39,0.124,0.364,0,0,1,2
0.39,0.124,0.367,0,0,1,2
0.39,0.124,0.37,0,0,1,2
0.39,0.124,0.373,0,0,1,2
0.39,0.124,0.376,0,0,1,2
0.39,0.124,0.379,0,0,1,2
0.39,0.124,0.382,0,0,1,2
0.39,0.124,0.385,0,0,1,2
0.39,0.124,0.388,0,0,1,2
0.39,0.124,0.391,0,0,1,2
0.39,0.124,0.394,0,0,1,2
0.39,0.124,0.397,0,0,1,2
0.39,0.124,0.4,0,0,1,2
0.39,0.124,0.403,0,0,1,2
0.39,0.124,0.406,0,0,1,2
0.39,0.124,0.409,0,0,1,2
0.39,0.124,0.412,0,0,1,2
0.39,0.124,0.415,0,0,1,2
0.39,0.124,0.418,0,0,1,2
0.39,0.124,0.420999,0,0,1,2
0.39,0.124,0.423999,0,0,1,2
0.39,0.124,0.426999,0,0,1,2
0.39,0.124,0.429999,0,0,1,2
0.39,0.124,0.432999,0,0,1,2
0.39,0.124,0.435999,0,0,1,2
0.39,0.124,0.438999,0,0,1,2
0.39,0.124,0.441999,0,0,1,2
0.39,0.124,0.444999,0,0,1,2
0.39,0.124,0.447999,0,0,1,2
0.39,0.124,0.450999,0,0,1,2
0.39,0.127,0.25,0,0,1,2
0.39,0.127,0.253,0,0,1,2
0.39,0.127,0.256,0,0,1,2
0.39,0.127,0.259,0,0,1,2
0.39,0.127,0.262,0,0,1,2
0.39,0.127,0.265,0,0,1,2
0.39,0.127,0.268,0,0,1,2
0.39,0.127,0.271,0,0,1,2
0.39,0.127,0.274,0,0,1,2
0.39,0.127,0.277,0,0,1,2
0.39,0.127,0.28,0,0,1,2
0.39,0.127,0.283,0,0,1,2
0.39,0.127,0.286,0,0,1,2
0.39,0.127,0.289,0,0,1,2
0.39,0.127,0.292,0,0,1,2
0.39,0.127,0.295,0,0,1,2
0.39,0.127,0.298,0,0,1,2
0.39,0.127,0.301,0,0,1,2
0.39,0.127,0.304,0,0,1,2
0.39,0.127,0.307,0,0,1,2
0.39,0.127,0.31,0,0,1,2
0.39,0.127,0.313,0,0,1,2
0.39,0.127,0.316,0,0,1,2
0.39,0.127,0.319,0,0,1,2
0.39,0.127,0.322,0,0,1,2
0.39,0.127,0.325,0,0,1,2
0.39,0.127,0.328,0,0,1,2
0.39,0.127,0.331,0,0,1,2
0.39,0.127,0.334,0,0,1,2
0.39,0.127,0.337,0,0,1,2
0.39,0.127,0.34,0,0,1,2
0.39,0.127,0.343,0,0,1,2
0.39,0.127,0.346,0,0,1,2
0.39,0.127,0.349,0,0,1,2
0.39,0.127,0.352,0,0,1,2
0.39,0.127,0.355,0,0,1,2
0.39,0.127,0.358,0,0,1,2
0.39,0.127,0.361,0,0,1,2
0.39,0.127,0.364,0,0,1,2
0.39,0.127,0.367,0,0,1,2
0.39,0.127,0.37,0,0,1,2
0.39,0.127,0.373,0,0,1,2
0.39,0.127,0.376,0,0,1,2
0.39,0.127,0.379,0,0,1,2
0.39,0.127,0.382,0,0,1,2
0.39,0.127,0.385,0,0,1,2
0.39,0.127,0.388,0,0,1,2
0.39,0.127,0.391,0,0,1,2
0.39,0.127,0.394,0,0,1,2
0.39,0.127,0.397,0,0,1,2
0.39,0.127,0.4,0,0,1,2
0.39,0.127,0.403,0,0,1,2
0.39,0.127,0.406,0,0,1,2
0.39,0.127,0.409,0,0,1,2
0.39,0.127,0.412,0,0,1,2
0.39,0.127,0.415,0,0,1,2
0.39,0.127,0.418,0,0,1,2
0.39,0.127,0.420999,0,0,1,2
0.39,0.127,0.423999,0,0,1,2
0.39,0.127,0.426999,0,0,1,2
0.39,0.127,0.429999,0,0,1,2
0.39,0.127,0.432999,0,0,1,2
0.39,0.127,0.435999,0,0,1,2
0.39,0.127,0.438999,0,0,1,2
0.39,0.127,0.441999,0,0,1,2
0.39,0.127,0.444999,0,0,1,2
0.39,0.127,0.447999,0,0,1,2
0.39,0.127,0.450999,0,0,1,2
0.39,0.13,0.25,0,0,1,2
0.39,0.13,0.253,0,0,1,2
0.39,0.13,0.256,0,0,1,2
0.39,0.13,0.259,0,0,1,2
0.39,0.13,0.262,0,0,1,2
0.39,0.13,0.265,0,0,1,2
0.39,0.13,0.268,0,0,1,2
0.39,0.13,0.271,0,0,1,2
0.39,0.13,0.274,0,0,1,2
0.39,0.13,0.277,0,0,1,2
0.39,0.13,0.28,0,0,1,2
0.39,0.13,0.283,0,0,1,2
0.39,0.13,0.286,0,0,1,2
0.39,0.13,0.289,0,0,1,2
0.39,0.13,0.292,0,0,1,2
0.39,0.13,0.295,0,0,1,2
0.39,0.13,0.298,0,0,1,2
0.39,0.13,0.301,0,0,1,2
0.39,0.13,0.304,0,0,1,2
0.39,0.13,0.307,0,0,1,2
0.39,0.13,0.31,0,0,1,2
0.39,0.13,0.313,0,0,1,2
0.39,0.13,0.316,0,0,1,2
0.39,0.13,0.319,0,0,1,2
0.39,0.13,0.322,0,0,1,2
0.39,0.13,0.325,0,0,1,2
0.39,0.13,0.328,0,0,1,2
0.39,0.13,0.331,0,0,1,2
0.39,0.13,0.334,0,0,1,2
0.39,0.13,0.337,0,0,1,2
0.39,0.13,0.34,0,0,1,2
0.39,0.13,0.343,0,0,1,2
0.39,0.13,0.346,0,0,1,2
0.39,0.13,0.349,0,0,1,2
0.39,0.13,0.352,0,0,1,2
0.39,0.13,0.355,0,0,1,2
0.39,0.13,0.358,0,0,1,2
0.39,0.13,0.361,0,0,1,2
0.39,0.13,0.364,0,0,1,2
0.39,0.13,0.367,0,0,1,2
0.39,0.13,0.37,0,0,1,2
0.39,0.13,0.373,0,0,1,2
0.39,0.13,0.376,0,0,1,2
0.39,0.13,0.379,0,0,1,2
0.39,0.13,0.382,0,0,1,2
0.39,0.13,0.385,0,0,1,2
0.39,0.13,0.388,0,0,1,2
0.39,0.13,0.391,0,0,1,2
0.39,0.13,0.394,0,0,1,2
0.39,0.13,0.397,0,0,1,2
0.39,0.13,0.4,0,0,1,2
0.39,0.13,0.403,0,0,1,2
0.39,0.13,0.406,0,0,1,2
0.39,0.13,0.409,0,0,1,2
0.39,0.13,0.412,0,0,1,2
0.39,0.13,0.415,0,0,1,2
0.39,0.13,0.418,0,0,1,2
0.39,0.13,0.420999,0,0,1,2
0.39,0.13,0.423999,0,0,1,2
0.39,0.13,0.426999,0,0,1,2
0.39,0.13,0.429999,0,0,1,2
0.39,0.13,0.432999,0,0,1,2
0.39,0.13,0.435999,0,0,1,2
0.39,0.13,0.438999,0,0,1,2
0.39,0.13,0.441999,0,0,1,2
0.39,0.13,0.444999,0,0,1,2
0.39,0.13,0.447999,0,0,1,2
0.39,0.13,0.450999,0,0,1,2
0.39,0.133,0.25,0,0,1,2
0.39,0.133,0.253,0,0,1,2
0.39,0.133,0.256,0,0,1,2
0.39,0.133,0.259,0,0,1,2
0.39,0.133,0.262,0,0,1,2
0.39,0.133,0.265,0,0,1,2
0.39,0.133,0.268,0,0,1,2
0.39,0.133,0.271,0,0,1,2
0.39,0.133,0.274,0,0,1,2
0.39,0.133,0.277,0,0,1,2
0.39,0.133,0.28,0,0,1,2
0.39,0.133,0.283,0,0,1,2
0.39,0.133,0.286,0,0,1,2
0.39,0.133,0.289,0,0,1,2
0.39,0.133,0.292,0,0,1,2
0.39,0.133,0.295,0,0,1,2
0.39,0.133,0.298,0,0,1,2
0.39,0.133,0.301,0,0,1,2
0.39,0.133,0.304,0,0,1,2
0.39,0.133,0.307,0,0,1,2
0.39,0.133,0.31,0,0,1,2
0.39,0.133,0.313,0,0,1,2
0.39,0.133,0.316,0,0,1,2
0.39,0.133,0.319,0,0,1,2
0.39,0.133,0.322,0,0,1,2
0.39,0.133,0.325,0,0,1,2
0.39,0.133,0.328,0,0,1,2
0.39,0.133,0.331,0,0,1,2
0.39,0.133,0.334,0,0,1,2
0.39,0.133,0.337,0,0,1,2
0.39,0.133,0.34,0,0,1,2
0.39,0.133,0.343,0,0,1,2
0.39,0.133,0.346,0,0,1,2
0.39,0.133,0.349,0,0,1,2
0.39,0.133,0.352,0,0,1,2
0.39,0.133,0.355,0,0,1,2
0.39,0.133,0.358,0,0,1,2
0.39,0.133,0.361,0,0,1,2
0.39,0.133,0.364,0,0,1,2
0.39,0.133,0.367,0,0,1,2
0.39,0.133,0.37,0,0,1,2
0.39,0.133,0.373,0,0,1,2
0.39,0.133,0.376,0,0,1,2
0.39,0.133,0.379,0,0,1,2
0.39,0.133,0.382,0,0,1,2
0.39,0.133,0.385,0,0,1,2
0.39,0.133,0.388,0,0,1,2
0.39,0.133,0.391,0,0,1,2
0.39,0.133,0.394,0,0,1,2
0.39,0.133,0.397,0,0,1,2
0.39,0.133,0.4,0,0,1,2
0.39,0.133,0.403,0,0,1,2
0.39,0.133,0.406,0,0,1,2
0.39,0.133,0.409,0,0,1,2
0.39,0.133,0.412,0,0,1,2
0.39,0.133,0.415,0,0,1,2
0.39,0.133,0.418,0,0,1,2
0.39,0.133,0.420999,0,0,1,2
0.39,0.133,0.423999,0,0,1,2
0.39,0.133,0.426999,0,0,1,2
0.39,0.133,0.429999,0,0,1,2
0.39,0.133,0.432999,0,0,1,2
0.39,0.133,0.435999,0,0,1,2
0.39,0.133,0.438999,0,0,1,2
0.39,0.133,0.441999,0,0,1,2
0.39,0.133,0.444999,0,0,1,2
0.39,0.133,0.447999,0,0,1,2
0.39,0.133,0.450999,0,0,1,2
0.39,0.136,0.25,0,0,1,2
0.39,0.136,0.253,0,0,1,2
0.39,0.136,0.256,0,0,1,2
0.39,0.136,0.259,0,0,1,2
0.39,0.136,0.262,0,0,1,2
0.39,0.136,0.265,0,0,1,2
0.39,0.136,0.268,0,0,1,2
0.39,0.136,0.271,0,0,1,2
0.39,0.136,0.274,0,0,1,2
0.39,0.136,0.277,0,0,1,2
0.39,0.136,0.28,0,0,1,2
0.39,0.136,0.283,0,0,1,2
0.39,0.136,0.286,0,0,1,2
0.39,0.136,0.289,0,0,1,2
0.39,0.136,0.292,0,0,1,2
0.39,0.136,0.295,0,0,1,2
0.39,0.136,0.298,0,0,1,2
0.39,0.136,0.301,0,0,1,2
0.39,0.136,0.304,0,0,1,2
0.39,0.136,0.307,0,0,1,2
0.39,0.136,0.31,0,0,1,2
0.39,0.136,0.313,0,0,1,2
0.39,0.136,0.316,0,0,1,2
0.39,0.136,0.319,0,0,1,2
0.39,0.136,0.322,0,0,1,2
0.39,0.136,0.325,0,0,1,2
0.39,0.136,0.328,0,0,1,2
0.39,0.136,0.331,0,0,1,2
0.39,0.136,0.334,0,0,1,2
0.39,0.136,0.337,0,0,1,2
0.39,0.136,0.34,0,0,1,2
0.39,0.136,0.343,0,0,1,2
0.39,0.136,0.346,0,0,1,2
0.39,0.136,0.349,0,0,1,2
0.39,0.136,0.352,0,0,1,2
0.39,0.136,0.355,0,0,1,2
0.39,0.136,0.358,0,0,1,2
0.39,0.136,0.361,0,0,1,2
0.39,0.136,0.364,0,0,1,2
0.39,0.136,0.367,0,0,1,2
0.39,0.136,0.37,0,0,1,2
0.39,0.136,0.373,0,0,1,2
0.39,0.136,0.376,0,0,1,2
0.39,0.136,0.379,0,0,1,2
0.39,0.136,0.382,0,0,1,2
0.39,0.136,0.385,0,0,1,2
0.39,0.136,0.388,0,0,1,2
0.39,0.136,0.391,0,0,1,2
0.39,0.136,0.394,0,0,1,2
0.39,0.136,0.397,0,0,1,2
0.39,0.136,0.4,0,0,1,2
0.39,0.136,0.403,0,0,1,2
0.39,0.136,0.406,0,0,1,2
0.39,0.136,0.409,0,0,1,2
0.39,0.136,0.412,0,0,1,2
0.39,0.136,0.415,0,0,1,2
0.39,0.136,0.418,0,0,1,2
0.39,0.136,0.420999,0,0,1,2
0.39,0.136,0.423999,0,0,1,2
0.39,0.136,0.426999,0,0,1,2
0.39,0.136,0.429999,0,0,1,2
0.39,0.136,0.432999,0,0,1,2
0.39,0.136,0.435999,0,0,1,2
0.39,0.136,0.438999,0,0,1,2
0.39,0.136,0.441999,0,0,1,2
0.39,0.136,0.444999,0,0,1,2
0.39,0.136,0.447999,0,0,1,2
0.39,0.136,0.450999,0,0,1,2
0.39,0.139,0.25,0,0,1,2
0.39,0.139,0.253,0,0,1,2
0.39,0.139,0.256,0,0,1,2
0.39,0.139,0.259,0,0,1,2
0.39,0.139,0.262,0,0,1,2
0.39,0.139,0.265,0,0,1,2
0.39,0.139,0.268,0,0,1,2
0.39,0.139,0.271,0,0,1,2
0.39,0.139,0.274,0,0,1,2
0.39,0.139,0.277,0,0,1,2
0.39,0.139,0.28,0,0,1,2
0.39,0.139,0.283,0,0,1,2
0.39,0.139,0.286,0,0,1,2
0.39,0.139,0.289,0,0,1,2
0.39,0.139,0.292,0,0,1,2
0.39,0.139,0.295,0,0,1,2
0.39,0.139,0.298,0,0,1,2
0.39,0.139,0.301,0,0,1,2
0.39,0.139,0.304,0,0,1,2
0.39,0.139,0.307,0,0,1,2
0.39,0.139,0.31,0,0,1,2
0.39,0.139,0.313,0,0,1,2
0.39,0.139,0.316,0,0,1,2
0.39,0.139,0.319,0,0,1,2
0.39,0.139,0.322,0,0,1,2
0.39,0.139,0.325,0,0,1,2
0.39,0.139,0.328,0,0,1,2
0.39,0.139,0.331,0,0,1,2
0.39,0.139,0.334,0,0,1,2
0.39,0.139,0.337,0,0,1,2
0.39,0.139,0.34,0,0,1,2
0.39,0.139,0.343,0,0,1,2
0.39,0.139,0.346,0,0,1,2
0.39,0.139,0.349,0,0,1,2
0.39,0.139,0.352,0,0,1,2
0.39,0.139,0.355,0,0,1,2
0.39,0.139,0.358,0,0,1,2
0.39,0.139,0.361,0,0,1,2
0.39,0.139,0.364,0,0,1,2
0.39,0.139,0.367,0,0,1,2
0.39,0.139,0.37,0,0,1,2
0.39,0.139,0.373,0,0,1,2
0.39,0.139,0.376,0,0,1,2
0.39,0.139,0.379,0,0,1,2
0.39,0.139,0.382,0,0,1,2
0.39,0.139,0.385,0,0,1,2
0.39,0.139,0.388,0,0,1,2
0.39,0.139,0.391,0,0,1,2
0.39,0.139,0.394,0,0,1,2
0.39,0.139,0.397,0,0,1,2
0.39,0.139,0.4,0,0,1,2
0.39,0.139,0.403,0,0,1,2
0.39,0.139,0.406,0,0,1,2
0.39,0.139,0.409,0,0,1,2
0.39,0.139,0.412,0,0,1,2
0.39,0.139,0.415,0,0,1,2
0.39,0.139,0.418,0,0,1,2
0.39,0.139,0.420999,0,0,1,2
0.39,0.139,0.423999,0,0,1,2
0.39,0.139,0.426999,0,0,1,2
0.39,0.139,0.429999,0,0,1,2
0.39,0.139,0.432999,0,0,1,2
0.39,0.139,0.435999,0,0,1,2
0.39,0.139,0.438999,0,0,1,2
0.39,0.139,0.441999,0,0,1,2
0.39,0.139,0.444999,0,0,1,2
0.39,0.139,0.447999,0,0,1,2
0.39,0.139,0.450999,0,0,1,2
0.39,0.142,0.25,0,0,1,2
0.39,0.142,0.253,0,0,1,2
0.39,0.142,0.256,0,0,1,2
0.39,0.142,0.259,0,0,1,2
0.39,0.142,0.262,0,0,1,2
0.39,0.142,0.265,0,0,1,2
0.39,0.142,0.268,0,0,1,2
0.39,0.142,0.271,0,0,1,2
0.39,0.142,0.274,0,0,1,2
0.39,0.142,0.277,0,0,1,2
0.39,0.142,0.28,0,0,1,2
0.39,0.142,0.283,0,0,1,2
0.39,0.142,0.286,0,0,1,2
0.39,0.142,0.289,0,0,1,2
0.39,0.142,0.292,0,0,1,2
0.39,0.142,0.295,0,0,1,2
0.39,0.142,0.298,0,0,1,2
0.39,0.142,0.301,0,0,1,2
0.39,0.142,0.304,0,0,1,2
0.39,0.142,0.307,0,0,1,2
0.39,0.142,0.31,0,0,1,2
0.39,0.142,0.313,0,0,1,2
0.39,0.142,0.316,0,0,1,2
0.39,0.142,0.319,0,0,1,2
0.39,0.142,0.322,0,0,1,2
0.39,0.142,0.325,0,0,1,2
0.39,0.142,0.328,0,0,1,2
0.39,0.142,0.331,0,0,1,2
0.39,0.142,0.334,0,0,1,2
0.39,0.142,0.337,0,0,1,2
0.39,0.142,0.34,0,0,1,2
0.39,0.142,0.343,0,0,1,2
0.39,0.142,0.346,0,0,1,2
0.39,0.142,0.349,0,0,1,2
0.39,0.142,0.352,0,0,1,2
0.39,0.142,0.355,0,0,1,2
0.39,0.142,0.358,0,0,1,2
0.39,0.142,0.361,0,0,1,2
0.39,0.142,0.364,0,0,1,2
0.39,0.142,0.367,0,0,1,2
0.39,0.142,0.37,0,0,1,2
0.39,0.142,0.373,0,0,1,2
0.39,0.142,0.376,0,0,1,2
0.39,0.142,0.379,0,0,1,2
0.39,0.142,0.382,0,0,1,2
0.39,0.142,0.385,0,0,1,2
0.39,0.142,0.388,0,0,1,2
0.39,0.142,0.391,0,0,1,2
0.39,0.142,0.394,0,0,1,2
0.39,0.142,0.397,0,0,1,2
0.39,0.142,0.4,0,0,1,2
0.39,0.142,0.403,0,0,1,2
0.39,0.142,0.406,0,0,1,2
0.39,0.142,0.409,0,0,1,2
0.39,0.142,0.412,0,0,1,2
0.39,0.142,0.415,0,0,1,2
0.39,0.142,0.418,0,0,1,2
0.39,0.142,0.420999,0,0,1,2
0.39,0.142,0.423999,0,0,1,2
0.39,0.142,0.426999,0,0,1,2
0.39,0.142,0.429999,0,0,1,2
0.39,0.142,0.432999,0,0,1,2
0.39,0.142,0.435999,0,0,1,2
0.39,0.142,0.438999,0,0,1,2
0.39,0.142,0.441999,0,0,1,2
0.39,0.142,0.444999,0,0,1,2
0.39,0.142,0.447999,0,0,1,2
0.39,0.142,0.450999,0,0,1,2
0.39,0.145,0.25,0,0,1,2
0.39,0.145,0.253,0,0,1,2
0.39,0.145,0.256,0,0,1,2
0.39,0.145,0.259,0,0,1,2
0.39,0.145,0.262,0,0,1,2
0.39,0.145,0.265,0,0,1,2
0.39,0.145,0.268,0,0,1,2
0.39,0.145,0.271,0,0,1,2
0.39,0.145,0.274,0,0,1,2
0.39,0.145,0.277,0,0,1,2
0.39,0.145,0.28,0,0,1,2
0.39,0.145,0.283,0,0,1,2
0.39,0.145,0.286,0,0,1,2
0.39,0.145,0.289,0,0,1,2
0.39,0.145,0.292,0,0,1,2
0.39,0.145,0.295,0,0,1,2
0.39,0.145,0.298,0,0,1,2
0.39,0.145,0.301,0,0,1,2
0.39,0.145,0.304,0,0,1,2
0.39,0.145,0.307,0,0,1,2
0.39,0.145,0.31,0,0,1,2
0.39,0.145,0.313,0,0,1,2
0.39,0.145,0.316,0,0,1,2
0.39,0.145,0.319,0,0,1,2
0.39,0.145,0.322,0,0,1,2
0.39,0.145,0.325,0,0,1,2
0.39,0.145,0.328,0,0,1,2
0.39,0.145,0.331,0,0,1,2
0.39,0.145,0.334,0,0,1,2
0.39,0.145,0.337,0,0,1,2
0.39,0.145,0.34,0,0,1,2
0.39,0.145,0.343,0,0,1,2
0.39,0.145,0.346,0,0,1,2
0.39,0.145,0.349,0,0,1,2
0.39,0.145,0.352,0,0,1,2
0.39,0.145,0.355,0,0,1,2
0.39,0.145,0.358,0,0,1,2
0.39,0.145,0.361,0,0,1,2
0.39,0.145,0.364,0,0,1,2
0.39,0.145,0.367,0,0,1,2
0.39,0.145,0.37,0,0,1,2
0.39,0.145,0.373,0,0,1,2
0.39,0.145,0.376,0,0,1,2
0.39,0.145,0.379,0,0,1,2
0.39,0.145,0.382,0,0,1,2
0.39,0.145,0.385,0,0,1,2
0.39,0.145,0.388,0,0,1,2
0.39,0.145,0.391,0,0,1,2
0.39,0.145,0.394,0,0,1,2
0.39,0.145,0.397,0,0,1,2
0.39,0.145,0.4,0,0,1,2
0.39,0.145,0.403,0,0,1,2
0.39,0.145,0.406,0,0,1,2
0.39,0.145,0.409,0,0,1,2
0.39,0.145,0.412,0,0,1,2
0.39,0.145,0.415,0,0,1,2
0.39,0.145,0.418,0,0,1,2
0.39,0.145,0.420999,0,0,1,2
0.39,0.145,0.423999,0,0,1,2
0.39,0.145,0.426999,0,0,1,2
0.39,0.145,0.429999,0,0,1,2
0.39,0.145,0.432999,0,0,1,2
0.39,0.145,0.435999,0,0,1,2
0.39,0.145,0.438999,0,0,1,2
0.39,0.145,0.441999,0,0,1,2
0.39,0.145,0.444999,0,0,1,2
0.39,0.145,0.447999,0,0,1,2
0.39,0.145,0.450999,0,0,1,2
0.39,0.148,0.25,0,0,1,2
0.39,0.148,0.253,0,0,1,2
0.39,0.148,0.256,0,0,1,2
0.39,0.148,0.259,0,0,1,2
0.39,0.148,0.262,0,0,1,2
0.39,0.148,0.265,0,0,1,2
0.39,0.148,0.268,0,0,1,2
0.39,0.148,0.271,0,0,1,2
0.39,0.148,0.274,0,0,1,2
0.39,0.148,0.277,0,0,1,2
0.39,0.148,0.28,0,0,1,2
0.39,0.148,0.283,0,0,1,2
0.39,0.148,0.286,0,0,1,2
0.39,0.148,0.289,0,0,1,2
0.39,0.148,0.292,0,0,1,2
0.39,0.148,0.295,0,0,1,2
0.39,0.148,0.298,0,0,1,2
0.39,0.148,0.301,0,0,1,2
0.39,0.148,0.304,0,0,1,2
0.39,0.148,0.307,0,0,1,2
0.39,0.148,0.31,0,0,1,2
0.39,0.148,0.313,0,0,1,2
0.39,0.148,0.316,0,0,1,2
0.39,0.148,0.319,0,0,1,2
0.39,0.148,0.322,0,0,1,2
0.39,0.148,0.325,0,0,1,2
0.39,0.148,0.328,0,0,1,2
0.39,0.148,0.331,0,0,1,2
0.39,0.148,0.334,0,0,1,2
0.39,0.148,0.337,0,0,1,2
0.39,0.148,0.34,0,0,1,2
0.39,0.148,0.343,0,0,1,2
0.39,0.148,0.346,0,0,1,2
0.39,0.148,0.349,0,0,1,2
0.39,0.148,0.352,0,0,1,2
0.39,0.148,0.355,0,0,1,2
0.39,0.148,0.358,0,0,1,2
0.39,0.148,0.361,0,0,1,2
0.39,0.148,0.364,0,0,1,2
0.39,0.148,0.367,0,0,1,2
0.39,0.148,0.37,0,0,1,2
0.39,0.148,0.373,0,0,1,2
0.39,0.148,0.376,0,0,1,2
0.39,0.148,0.379,0,0,1,2
0.39,0.148,0.382,0,0,1,2
0.39,0.148,0.385,0,0,1,2
0.39,0.148,0.388,0,0,1,2
0.39,0.148,0.391,0,0,1,2
0.39,0.148,0.394,0,0,1,2
0.39,0.148,0.397,0,0,1,2
0.39,0.148,0.4,0,0,1,2
0.39,0.148,0.403,0,0,1,2
0.39,0.148,0.406,0,0,1,2
0.39,0.148,0.409,0,0,1,2
0.39,0.148,0.412,0,0,1,2
0.39,0.148,0.415,0,0,1,2
0.39,0.148,0.418,0,0,1,2
0.39,0.148,0.420999,0,0,1,2
0.39,0.148,0.423999,0,0,1,2
0.39,0.148,0.426999,0,0,1,2
0.39,0.148,0.429999,0,0,1,2
0.39,0.148,0.432999,0,0,1,2
0.39,0.148,0.435999,0,0,1,2
0.39,0.148,0.438999,0,0,1,2
0.39,0.148,0.441999,0,0,1,2
0.39,0.148,0.444999,0,0,1,2
0.39,0.148,0.447999,0,0,1,2
0.39,0.148,0.450999,0,0,1,2
0.39,0.151,0.25,0,0,1,2
0.39,0.151,0.253,0,0,1,2
0.39,0.151,0.256,0,0,1,2
0.39,0.151,0.259,0,0,1,2
0.39,0.151,0.262,0,0,1,2
0.39,0.151,0.265,0,0,1,2
0.39,0.151,0.268,0,0,1,2
0.39,0.151,0.271,0,0,1,2
0.39,0.151,0.274,0,0,1,2
0.39,0.151,0.277,0,0,1,2
0.39,0.151,0.28,0,0,1,2
0.39,0.151,0.283,0,0,1,2
0.39,0.151,0.286,0,0,1,2
0.39,0.151,0.289,0,0,1,2
0.39,0.151,0.292,0,0,1,2
0.39,0.151,0.295,0,0,1,2
0.39,0.151,0.298,0,0,1,2
0.39,0.151,0.301,0,0,1,2
0.39,0.151,0.304,0,0,1,2
0.39,0.151,0.307,0,0,1,2
0.39,0.151,0.31,0,0,1,2
0.39,0.151,0.313,0,0,1,2
0.39,0.151,0.316,0,0,1,2
0.39,0.151,0.319,0,0,1,2
0.39,0.151,0.322,0,0,1,2
0.39,0.151,0.325,0,0,1,2
0.39,0.151,0.328,0,0,1,2
0.39,0.151,0.331,0,0,1,2
0.39,0.151,0.334,0,0,1,2
0.39,0.151,0.337,0,0,1,2
0.39,0.151,0.34,0,0,1,2
0.39,0.151,0.343,0,0,1,2
0.39,0.151,0.346,0,0,1,2
0.39,0.151,0.349,0,0,1,2
0.39,0.151,0.352,0,0,1,2
0.39,0.151,0.355,0,0,1,2
0.39,0.151,0.358,0,0,1,2
0.39,0.151,0.361,0,0,1,2
0.39,0.151,0.364,0,0,1,2
0.39,0.151,0.367,0,0,1,2
0.39,0.151,0.37,0,0,1,2
0.39,0.151,0.373,0,0,1,2
0.39,0.151,0.376,0,0,1,2
0.39,0.151,0.379,0,0,1,2
0.39,0.151,0.382,0,0,1,2
0.39,0.151,0.385,0,0,1,2
0.39,0.151,0.388,0,0,1,2
0.39,0.151,0.391,0,0,1,2
0.39,0.151,0.394,0,0,1,2
0.39,0.151,0.397,0,0,1,2
0.39,0.151,0.4,0,0,1,2
0.39,0.151,0.403,0,0,1,2
0.39,0.151,0.406,0,0,1,2
0.39,0.151,0.409,0,0,1,2
0.39,0.151,0.412,0,0,1,2
0.39,0.151,0.415,0,0,1,2
0.39,0.151,0.418,0,0,1,2
0.39,0.151,0.420999,0,0,1,2
0.39,0.151,0.423999,0,0,1,2
0.39,0.151,0.426999,0,0,1,2
0.39,0.151,0.429999,0,0,1,2
0.39,0.151,0.432999,0,0,1,2
0.39,0.151,0.435999,0,0,1,2
0.39,0.151,0.438999,0,0,1,2
0.39,0.151,0.441999,0,0,1,2
0.39,0.151,0.444999,0,0,1,2
0.39,0.151,0.447999,0,0,1,2
0.39,0.151,0.450999,0,0,1,2
0.39,0.154,0.25,0,0,1,2
0.39,0.154,0.253,0,0,1,2
0.39,0.154,0.256,0,0,1,2
0.39,0.154,0.259,0,0,1,2
0.39,0.154,0.262,0,0,1,2
0.39,0.154,0.265,0,0,1,2
0.39,0.154,0.268,0,0,1,2
0.39,0.154,0.271,0,0,1,2
0.39,0.154,0.274,0,0,1,2
0.39,0.154,0.277,0,0,1,2
0.39,0.154,0.28,0,0,1,2
0.39,0.154,0.283,0,0,1,2
0.39,0.154,0.286,0,0,1,2
0.39,0.154,0.289,0,0,1,2
0.39,0.154,0.292,0,0,1,2
0.39,0.154,0.295,0,0,1,2
0.39,0.154,0.298,0,0,1,2
0.39,0.154,0.301,0,0,1,2
0.39,0.154,0.304,0,0,1,2
0.39,0.154,0.307,0,0,1,2
0.39,0.154,0.31,0,0,1,2
0.39,0.154,0.313,0,0,1,2
0.39,0.154,0.316,0,0,1,2
0.39,0.154,0.319,0,0,1,2
0.39,0.154,0.322,0,0,1,2
0.39,0.154,0.325,0,0,1,2
0.39,0.154,0.328,0,0,1,2
0.39,0.154,0.331,0,0,1,2
0.39,0.154,0.334,0,0,1,2
0.39,0.154,0.337,0,0,1,2
0.39,0.154,0.34,0,0,1,2
0.39,0.154,0.343,0,0,1,2
0.39,0.154,0.346,0,0,1,2
0.39,0.154,0.349,0,0,1,2
0.39,0.154,0.352,0,0,1,2
0.39,0.154,0.355,0,0,1,2
0.39,0.154,0.358,0,0,1,2
0.39,0.154,0.361,0,0,1,2
0.39,0.154,0.364,0,0,1,2
0.39,0.154,0.367,0,0,1,2
0.39,0.154,0.37,0,0,1,2
0.39,0.154,0.373,0,0,1,2
0.39,0.154,0.376,0,0,1,2
0.39,0.154,0.379,0,0,1,2
0.39,0.154,0.382,0,0,1,2
0.39,0.154,0.385,0,0,1,2
0.39,0.154,0.388,0,0,1,2
0.39,0.154,0.391,0,0,1,2
0.39,0.154,0.394,0,0,1,2
0.39,0.154,0.397,0,0,1,2
0.39,0.154,0.4,0,0,1,2
0.39,0.154,0.403,0,0,1,2
0.39,0.154,0.406,0,0,1,2
0.39,0.154,0.409,0,0,1,2
0.39,0.154,0.412,0,0,1,2
0.39,0.154,0.415,0,0,1,2
0.39,0.154,0.418,0,0,1,2
0.39,0.154,0.420999,0,0,1,2
0.39,0.154,0.423999,0,0,1,2
0.39,0.154,0.426999,0,0,1,2
0.39,0.154,0.429999,0,0,1,2
0.39,0.154,0.432999,0,0,1,2
0.39,0.154,0.435999,0,0,1,2
0.39,0.154,0.438999,0,0,1,2
0.39,0.154,0.441999,0,0,1,2
0.39,0.154,0.444999,0,0,1,2
0.39,0.154,0.447999,0,0,1,2
0.39,0.154,0.450999,0,0,1,2
0.39,0.157,0.25,0,0,1,2
0.39,0.157,0.253,0,0,1,2
0.39,0.157,0.256,0,0,1,2
0.39,0.157,0.259,0,0,1,2
0.39,0.157,0.262,0,0,1,2
0.39,0.157,0.265,0,0,1,2
0.39,0.157,0.268,0,0,1,2
0.39,0.157,0.271,0,0,1,2
0.39,0.157,0.274,0,0,1,2
0.39,0.157,0.277,0,0,1,2
0.39,0.157,0.28,0,0,1,2
0.39,0.157,0.283,0,0,1,2
0.39,0.157,0.286,0,0,1,2
0.39,0.157,0.289,0,0,1,2
0.39,0.157,0.292,0,0,1,2
0.39,0.157,0.295,0,0,1,2
0.39,0.157,0.298,0,0,1,2
0.39,0.157,0.301,0,0,1,2
0.39,0.157,0.304,0,0,1,2
0.39,0.157,0.307,0,0,1,2
0.39,0.157,0.31,0,0,1,2
0.39,0.157,0.313,0,0,1,2
0.39,0.157,0.316,0,0,1,2
0.39,0.157,0.319,0,0,1,2
0.39,0.157,0.322,0,0,1,2
0.39,0.157,0.325,0,0,1,2
0.39,0.157,0.328,0,0,1,2
0.39,0.157,0.331,0,0,1,2
0.39,0.157,0.334,0,0,1,2
0.39,0.157,0.337,0,0,1,2
0.39,0.157,0.34,0,0,1,2
0.39,0.157,0.343,0,0,1,2
0.39,0.157,0.346,0,0,1,2
0.39,0.157,0.349,0,0,1,2
0.39,0.157,0.352,0,0,1,2
0.39,0.157,0.355,0,0,1,2
0.39,0.157,0.358,0,0,1,2
0.39,0.157,0.361,0,0,1,2
0.39,0.157,0.364,0,0,1,2
0.39,0.157,0.367,0,0,1,2
0.39,0.157,0.37,0,0,1,2
0.39,0.157,0.373,0,0,1,2
0.39,0.157,0.376,0,0,1,2
0.39,0.157,0.379,0,0,1,2
0.39,0.157,0.382,0,0,1,2
0.39,0.157,0.385,0,0,1,2
0.39,0.157,0.388,0,0,1,2
0.39,0.157,0.391,0,0,1,2
0.39,0.157,0.394,0,0,1,2
0.39,0.157,0.397,0,0,1,2
0.39,0.157,0.4,0,0,1,2
0.39,0.157,0.403,0,0,1,2
0.39,0.157,0.406,0,0,1,2
0.39,0.157,0.409,0,0,1,2
0.39,0.157,0.412,0,0,1,2
0.39,0.157,0.415,0,0,1,2
0.39,0.157,0.418,0,0,1,2
0.39,0.157,0.420999,0,0,1,2
0.39,0.157,0.423999,0,0,1,2
0.39,0.157,0.426999,0,0,1,2
0.39,0.157,0.429999,0,0,1,2
0.39,0.157,0.432999,0,0,1,2
0.39,0.157,0.435999,0,0,1,2
0.39,0.157,0.438999,0,0,1,2
0.39,0.157,0.441999,0,0,1,2
0.39,0.157,0.444999,0,0,1,2
0.39,0.157,0.447999,0,0,1,2
0.39,0.157,0.450999,0,0,1,2
0.39,0.16,0.25,0,0,1,2
0.39,0.16,0.253,0,0,1,2
0.39,0.16,0.256,0,0,1,2
0.39,0.16,0.259,0,0,1,2
0.39,0.16,0.262,0,0,1,2
0.39,0.16,0.265,0,0,1,2
0.39,0.16,0.268,0,0,1,2
0.39,0.16,0.271,0,0,1,2
0.39,0.16,0.274,0,0,1,2
0.39,0.16,0.277,0,0,1,2
0.39,0.16,0.28,0,0,1,2
0.39,0.16,0.283,0,0,1,2
0.39,0.16,0.286,0,0,1,2
0.39,0.16,0.289,0,0,1,2
0.39,0.16,0.292,0,0,1,2
0.39,0.16,0.295,0,0,1,2
0.39,0.16,0.298,0,0,1,2
0.39,0.16,0.301,0,0,1,2
0.39,0.16,0.304,0,0,1,2
0.39,0.16,0.307,0,0,1,2
0.39,0.16,0.31,0,0,1,2
0.39,0.16,0.313,0,0,1,2
0.39,0.16,0.316,0,0,1,2
0.39,0.16,0.319,0,0,1,2
0.39,0.16,0.322,0,0,1,2
0.39,0.16,0.325,0,0,1,2
0.39,0.16,0.328,0,0,1,2
0.39,0.16,0.331,0,0,1,2
0.39,0.16,0.334,0,0,1,2
0.39,0.16,0.337,0,0,1,2
0.39,0.16,0.34,0,0,1,2
0.39,0.16,0.343,0,0,1,2
0.39,0.16,0.346,0,0,1,2
0.39,0.16,0.349,0,0,1,2
0.39,0.16,0.352,0,0,1,2
0.39,0.16,0.355,0,0,1,2
0.39,0.16,0.358,0,0,1,2
0.39,0.16,0.361,0,0,1,2
0.39,0.16,0.364,0,0,1,2
0.39,0.16,0.367,0,0,1,2
0.39,0.16,0.37,0,0,1,2
0.39,0.16,0.373,0,0,1,2
0.39,0.16,0.376,0,0,1,2
0.39,0.16,0.379,0,0,1,2
0.39,0.16,0.382,0,0,1,2
0.39,0.16,0.385,0,0,1,2
0.39,0.16,0.388,0,0,1,2
0.39,0.16,0.391,0,0,1,2
0.39,0.16,0.394,0,0,1,2
0.39,0.16,0.397,0,0,1,2
0.39,0.16,0.4,0,0,1,2
0.39,0.16,0.403,0,0,1,2
0.39,0.16,0.406,0,0,1,2
0.39,0.16,0.409,0,0,1,2
0.39,0.16,0.412,0,0,1,2
0.39,0.16,0.415,0,0,1,2
0.39,0.16,0.418,0,0,1,2
0.39,0.16,0.420999,0,0,1,2
0.39,0.16,0.423999,0,0,1,2
0.39,0.16,0.426999,0,0,1,2
0.39,0.16,0.429999,0,0,1,2
0.39,0.16,0.432999,0,0,1,2
0.39,0.16,0.435999,0,0,1,2
0.39,0.16,0.438999,0,0,1,2
0.39,0.16,0.441999,0,0,1,2
0.39,0.16,0.444999,0,0,1,2
0.39,0.16,0.447999,0,0,1,2
0.39,0.16,0.450999,0,0,1,2
0.39,0.163,0.25,0,0,1,2
0.39,0.163,0.253,0,0,1,2
0.39,0.163,0.256,0,0,1,2
0.39,0.163,0.259,0,0,1,2
0.39,0.163,0.262,0,0,1,2
0.39,0.163,0.265,0,0,1,2
0.39,0.163,0.268,0,0,1,2
0.39,0.163,0.271,0,0,1,2
0.39,0.163,0.274,0,0,1,2
0.39,0.163,0.277,0,0,1,2
0.39,0.163,0.28,0,0,1,2
0.39,0.163,0.283,0,0,1,2
0.39,0.163,0.286,0,0,1,2
0.39,0.163,0.289,0,0,1,2
0.39,0.163,0.292,0,0,1,2
0.39,0.163,0.295,0,0,1,2
0.39,0.163,0.298,0,0,1,2
0.39,0.163,0.301,0,0,1,2
0.39,0.163,0.304,0,0,1,2
0.39,0.163,0.307,0,0,1,2
0.39,0.163,0.31,0,0,1,2
0.39,0.163,0.313,0,0,1,2
0.39,0.163,0.316,0,0,1,2
0.39,0.163,0.319,0,0,1,2
0.39,0.163,0.322,0,0,1,2
0.39,0.163,0.325,0,0,1,2
0.39,0.163,0.328,0,0,1,2
0.39,0.163,0.331,0,0,1,2
0.39,0.163,0.334,0,0,1,2
0.39,0.163,0.337,0,0,1,2
0.39,0.163,0.34,0,0,1,2
0.39,0.163,0.343,0,0,1,2
0.39,0.163,0.346,0,0,1,2
0.39,0.163,0.349,0,0,1,2
0.39,0.163,0.352,0,0,1,2
0.39,0.163,0.355,0,0,1,2
0.39,0.163,0.358,0,0,1,2
0.39,0.163,0.361,0,0,1,2
0.39,0.163,0.364,0,0,1,2
0.39,0.163,0.367,0,0,1,2
0.39,0.163,0.37,0,0,1,2
0.39,0.163,0.373,0,0,1,2
0.39,0.163,0.376,0,0,1,2
0.39,0.163,0.379,0,0,1,2
0.39,0.163,0.382,0,0,1,2
0.39,0.163,0.385,0,0,1,2
0.39,0.163,0.388,0,0,1,2
0.39,0.163,0.391,0,0,1,2
0.39,0.163,0.394,0,0,1,2
0.39,0.163,0.397,0,0,1,2
0.39,0.163,0.4,0,0,1,2
0.39,0.163,0.403,0,0,1,2
0.39,0.163,0.406,0,0,1,2
0.39,0.163,0.409,0,0,1,2
0.39,0.163,0.412,0,0,1,2
0.39,0.163,0.415,0,0,1,2
0.39,0.163,0.418,0,0,1,2
0.39,0.163,0.420999,0,0,1,2
0.39,0.163,0.423999,0,0,1,2
0.39,0.163,0.426999,0,0,1,2
0.39,0.163,0.429999,0,0,1,2
0.39,0.163,0.432999,0,0,1,2
0.39,0.163,0.435999,0,0,1,2
0.39,0.163,0.438999,0,0,1,2
0.39,0.163,0.441999,0,0,1,2
0.39,0.163,0.444999,0,0,1,2
0.39,0.163,0.447999,0,0,1,2
0.39,0.163,0.450999,0,0,1,2
0.39,0.166,0.25,0,0,1,2
0.39,0.166,0.253,0,0,1,2
0.39,0.166,0.256,0,0,1,2
0.39,0.166,0.259,0,0,1,2
0.39,0.166,0.262,0,0,1,2
0.39,0.166,0.265,0,0,1,2
0.39,0.166,0.268,0,0,1,2
0.39,0.166,0.271,0,0,1,2
0.39,0.166,0.274,0,0,1,2
0.39,0.166,0.277,0,0,1,2
0.39,0.166,0.28,0,0,1,2
0.39,0.166,0.283,0,0,1,2
0.39,0.166,0.286,0,0,1,2
0.39,0.166,0.289,0,0,1,2
0.39,0.166,0.292,0,0,1,2
0.39,0.166,0.295,0,0,1,2
0.39,0.166,0.298,0,0,1,2
0.39,0.166,0.301,0,0,1,2
0.39,0.166,0.304,0,0,1,2
0.39,0.166,0.307,0,0,1,2
0.39,0.166,0.31,0,0,1,2
0.39,0.166,0.313,0,0,1,2
0.39,0.166,0.316,0,0,1,2
0.39,0.166,0.319,0,0,1,2
0.39,0.166,0.322,0,0,1,2
0.39,0.166,0.325,0,0,1,2
0.39,0.166,0.328,0,0,1,2
0.39,0.166,0.331,0,0,1,2
0.39,0.166,0.334,0,0,1,2
0.39,0.166,0.337,0,0,1,2
0.39,0.166,0.34,0,0,1,2
0.39,0.166,0.343,0,0,1,2
0.39,0.166,0.346,0,0,1,2
0.39,0.166,0.349,0,0,1,2
0.39,0.166,0.352,0,0,1,2
0.39,0.166,0.355,0,0,1,2
0.39,0.166,0.358,0,0,1,2
0.39,0.166,0.361,0,0,1,2
0.39,0.166,0.364,0,0,1,2
0.39,0.166,0.367,0,0,1,2
0.39,0.166,0.37,0,0,1,2
0.39,0.166,0.373,0,0,1,2
0.39,0.166,0.376,0,0,1,2
0.39,0.166,0.379,0,0,1,2
0.39,0.166,0.382,0,0,1,2
0.39,0.166,0.385,0,0,1,2
0.39,0.166,0.388,0,0,1,2
0.39,0.166,0.391,0,0,1,2
0.39,0.166,0.394,0,0,1,2
0.39,0.166,0.397,0,0,1,2
0.39,0.166,0.4,0,0,1,2
0.39,0.166,0.403,0,0,1,2
0.39,0.166,0.406,0,0,1,2
0.39,0.166,0.409,0,0,1,2
0.39,0.166,0.412,0,0,1,2
0.39,0.166,0.415,0,0,1,2
0.39,0.166,0.418,0,0,1,2
0.39,0.166,0.420999,0,0,1,2
0.39,0.166,0.423999,0,0,1,2
0.39,0.166,0.426999,0,0,1,2
0.39,0.166,0.429999,0,0,1,2
0.39,0.166,0.432999,0,0,1,2
0.39,0.166,0.435999,0,0,1,2
0.39,0.166,0.438999,0,0,1,2
0.39,0.166,0.441999,0,0,1,2
0.39,0.166,0.444999,0,0,1,2
0.39,0.166,0.447999,0,0,1,2
0.39,0.166,0.450999,0,0,1,2
0.39,0.169,0.25,0,0,1,2
0.39,0.169,0.253,0,0,1,2
0.39,0.169,0.256,0,0,1,2
0.39,0.169,0.259,0,0,1,2
0.39,0.169,0.262,0,0,1,2
0.39,0.169,0.265,0,0,1,2
0.39,0.169,0.268,0,0,1,2
0.39,0.169,0.271,0,0,1,2
0.39,0.169,0.274,0,0,1,2
0.39,0.169,0.277,0,0,1,2
0.39,0.169,0.28,0,0,1,2
0.39,0.169,0.283,0,0,1,2
0.39,0.169,0.286,0,0,1,2
0.39,0.169,0.289,0,0,1,2
0.39,0.169,0.292,0,0,1,2
0.39,0.169,0.295,0,0,1,2
0.39,0.169,0.298,0,0,1,2
0.39,0.169,0.301,0,0,1,2
0.39,0.169,0.304,0,0,1,2
0.39,0.169,0.307,0,0,1,2
0.39,0.169,0.31,0,0,1,2
0.39,0.169,0.313,0,0,1,2
0.39,0.169,0.316,0,0,1,2
0.39,0.169,0.319,0,0,1,2
0.39,0.169,0.322,0,0,1,2
0.39,0.169,0.325,0,0,1,2
0.39,0.169,0.328,0,0,1,2
0.39,0.169,0.331,0,0,1,2
0.39,0.169,0.334,0,0,1,2
0.39,0.169,0.337,0,0,1,2
0.39,0.169,0.34,0,0,1,2
0.39,0.169,0.343,0,0,1,2
0.39,0.169,0.346,0,0,1,2
0.39,0.169,0.349,0,0,1,2
0.39,0.169,0.352,0,0,1,2
0.39,0.169,0.355,0,0,1,2
0.39,0.169,0.358,0,0,1,2
0.39,0.169,0.361,0,0,1,2
0.39,0.169,0.364,0,0,1,2
0.39,0.169,0.367,0,0,1,2
0.39,0.169,0.37,0,0,1,2
0.39,0.169,0.373,0,0,1,2
0.39,0.169,0.376,0,0,1,2
0.39,0.169,0.379,0,0,1,2
0.39,0.169,0.382,0,0,1,2
0.39,0.169,0.385,0,0,1,2
0.39,0.169,0.388,0,0,1,2
0.39,0.169,0.391,0,0,1,2
0.39,0.169,0.394,0,0,1,2
0.39,0.169,0.397,0,0,1,2
0.39,0.169,0.4,0,0,1,2
0.39,0.169,0.403,0,0,1,2
0.39,0.169,0.406,0,0,1,2
0.39,0.169,0.409,0,0,1,2
0.39,0.169,0.412,0,0,1,2
0.39,0.169,0.415,0,0,1,2
0.39,0.169,0.418,0,0,1,2
0.39,0.169,0.420999,0,0,1,2
0.39,0.169,0.423999,0,0,1,2
0.39,0.169,0.426999,0,0,1,2
0.39,0.169,0.429999,0,0,1,2
0.39,0.169,0.432999,0,0,1,2
0.39,0.169,0.435999,0,0,1,2
0.39,0.169,0.438999,0,0,1,2
0.39,0.169,0.441999,0,0,1,2
0.39,0.169,0.444999,0,0,1,2
0.39,0.169,0.447999,0,0,1,2
0.39,0.169,0.450999,0,0,1,2
0.39,0.172,0.25,0,0,1,2
0.39,0.172,0.253,0,0,1,2
0.39,0.172,0.256,0,0,1,2
0.39,0.172,0.259,0,0,1,2
0.39,0.172,0.262,0,0,1,2
0.39,0.172,0.265,0,0,1,2
0.39,0.172,0.268,0,0,1,2
0.39,0.172,0.271,0,0,1,2
0.39,0.172,0.274,0,0,1,2
0.39,0.172,0.277,0,0,1,2
0.39,0.172,0.28,0,0,1,2
0.39,0.172,0.283,0,0,1,2
0.39,0.172,0.286,0,0,1,2
0.39,0.172,0.289,0,0,1,2
0.39,0.172,0.292,0,0,1,2
0.39,0.172,0.295,0,0,1,2
0.39,0.172,0.298,0,0,1,2
0.39,0.172,0.301,0,0,1,2
0.39,0.172,0.304,0,0,1,2
0.39,0.172,0.307,0,0,1,2
0.39,0.172,0.31,0,0,1,2
0.39,0.172,0.313,0,0,1,2
0.39,0.172,0.316,0,0,1,2
0.39,0.172,0.319,0,0,1,2
0.39,0.172,0.322,0,0,1,2
0.39,0.172,0.325,0,0,1,2
0.39,0.172,0.328,0,0,1,2
0.39,0.172,0.331,0,0,1,2
0.39,0.172,0.334,0,0,1,2
0.39,0.172,0.337,0,0,1,2
0.39,0.172,0.34,0,0,1,2
0.39,0.172,0.343,0,0,1,2
0.39,0.172,0.346,0,0,1,2
0.39,0.172,0.349,0,0,1,2
0.39,0.172,0.352,0,0,1,2
0.39,0.172,0.355,0,0,1,2
0.39,0.172,0.358,0,0,1,2
0.39,0.172,0.361,0,0,1,2
0.39,0.172,0.364,0,0,1,2
0.39,0.172,0.367,0,0,1,2
0.39,0.172,0.37,0,0,1,2
0.39,0.172,0.373,0,0,1,2
0.39,0.172,0.376,0,0,1,2
0.39,0.172,0.379,0,0,1,2
0.39,0.172,0.382,0,0,1,2
0.39,0.172,0.385,0,0,1,2
0.39,0.172,0.388,0,0,1,2
0.39,0.172,0.391,0,0,1,2
0.39,0.172,0.394,0,0,1,2
0.39,0.172,0.397,0,0,1,2
0.39,0.172,0.4,0,0,1,2
0.39,0.172,0.403,0,0,1,2
0.39,0.172,0.406,0,0,1,2
0.39,0.172,0.409,0,0,1,2
0.39,0.172,0.412,0,0,1,2
0.39,0.172,0.415,0,0,1,2
0.39,0.172,0.418,0,0,1,2
0.39,0.172,0.420999,0,0,1,2
0.39,0.172,0.423999,0,0,1,2
0.39,0.172,0.426999,0,0,1,2
0.39,0.172,0.429999,0,0,1,2
0.39,0.172,0.432999,0,0,1,2
0.39,0.172,0.435999,0,0,1,2
0.39,0.172,0.438999,0,0,1,2
0.39,0.172,0.441999,0,0,1,2
0.39,0.172,0.444999,0,0,1,2
0.39,0.172,0.447999,0,0,1,2
0.39,0.172,0.450999,0,0,1,2
0.39,0.175,0.25,0,0,1,2
0.39,0.175,0.253,0,0,1,2
0.39,0.175,0.256,0,0,1,2
0.39,0.175,0.259,0,0,1,2
0.39,0.175,0.262,0,0,1,2
0.39,0.175,0.265,0,0,1,2
0.39,0.175,0.268,0,0,1,2
0.39,0.175,0.271,0,0,1,2
0.39,0.175,0.274,0,0,1,2
0.39,0.175,0.277,0,0,1,2
0.39,0.175,0.28,0,0,1,2
0.39,0.175,0.283,0,0,1,2
0.39,0.175,0.286,0,0,1,2
0.39,0.175,0.289,0,0,1,2
0.39,0.175,0.292,0,0,1,2
0.39,0.175,0.295,0,0,1,2
0.39,0.175,0.298,0,0,1,2
0.39,0.175,0.301,0,0,1,2
0.39,0.175,0.304,0,0,1,2
0.39,0.175,0.307,0,0,1,2
0.39,0.175,0.31,0,0,1,2
0.39,0.175,0.313,0,0,1,2
0.39,0.175,0.316,0,0,1,2
0.39,0.175,0.319,0,0,1,2
0.39,0.175,0.322,0,0,1,2
0.39,0.175,0.325,0,0,1,2
0.39,0.175,0.328,0,0,1,2
0.39,0.175,0.331,0,0,1,2
0.39,0.175,0.334,0,0,1,2
0.39,0.175,0.337,0,0,1,2
0.39,0.175,0.34,0,0,1,2
0.39,0.175,0.343,0,0,1,2
0.39,0.175,0.346,0,0,1,2
0.39,0.175,0.349,0,0,1,2
0.39,0.175,0.352,0,0,1,2
0.39,0.175,0.355,0,0,1,2
0.39,0.175,0.358,0,0,1,2
0.39,0.175,0.361,0,0,1,2
0.39,0.175,0.364,0,0,1,2
0.39,0.175,0.367,0,0,1,2
0.39,0.175,0.37,0,0,1,2
0.39,0.175,0.373,0,0,1,2
0.39,0.175,0.376,0,0,1,2
0.39,0.175,0.379,0,0,1,2
0.39,0.175,0.382,0,0,1,2
0.39,0.175,0.385,0,0,1,2
0.39,0.175,0.388,0,0,1,2
0.39,0.175,0.391,0,0,1,2
0.39,0.175,0.394,0,0,1,2
0.39,0.175,0.397,0,0,1,2
0.39,0.175,0.4,0,0,1,2
0.39,0.175,0.403,0,0,1,2
0.39,0.175,0.406,0,0,1,2
0.39,0.175,0.409,0,0,1,2
0.39,0.175,0.412,0,0,1,2
0.39,0.175,0.415,0,0,1,2
0.39,0.175,0.418,0,0,1,2
0.39,0.175,0.420999,0,0,1,2
0.39,0.175,0.423999,0,0,1,2
0.39,0.175,0.426999,0,0,1,2
0.39,0.175,0.429999,0,0,1,2
0.39,0.175,0.432999,0,0,1,2
0.39,0.175,0.435999,0,0,1,2
0.39,0.175,0.438999,0,0,1,2
0.39,0.175,0.441999,0,0,1,2
0.39,0.175,0.444999,0,0,1,2
0.39,0.175,0.447999,0,0,1,2
0.39,0.175,0.450999,0,0,1,2
0.39,0.178,0.25,0,0,1,2
0.39,0.178,0.253,0,0,1,2
0.39,0.178,0.256,0,0,1,2
0.39,0.178,0.259,0,0,1,2
0.39,0.178,0.262,0,0,1,2
0.39,0.178,0.265,0,0,1,2
0.39,0.178,0.268,0,0,1,2
0.39,0.178,0.271,0,0,1,2
0.39,0.178,0.274,0,0,1,2
0.39,0.178,0.277,0,0,1,2
0.39,0.178,0.28,0,0,1,2
0.39,0.178,0.283,0,0,1,2
0.39,0.178,0.286,0,0,1,2
0.39,0.178,0.289,0,0,1,2
0.39,0.178,0.292,0,0,1,2
0.39,0.178,0.295,0,0,1,2
0.39,0.178,0.298,0,0,1,2
0.39,0.178,0.301,0,0,1,2
0.39,0.178,0.304,0,0,1,2
0.39,0.178,0.307,0,0,1,2
0.39,0.178,0.31,0,0,1,2
0.39,0.178,0.313,0,0,1,2
0.39,0.178,0.316,0,0,1,2
0.39,0.178,0.319,0,0,1,2
0.39,0.178,0.322,0,0,1,2
0.39,0.178,0.325,0,0,1,2
0.39,0.178,0.328,0,0,1,2
0.39,0.178,0.331,0,0,1,2
0.39,0.178,0.334,0,0,1,2
0.39,0.178,0.337,0,0,1,2
0.39,0.178,0.34,0,0,1,2
0.39,0.178,0.343,0,0,1,2
0.39,0.178,0.346,0,0,1,2
0.39,0.178,0.349,0,0,1,2
0.39,0.178,0.352,0,0,1,2
0.39,0.178,0.355,0,0,1,2
0.39,0.178,0.358,0,0,1,2
0.39,0.178,0.361,0,0,1,2
0.39,0.178,0.364,0,0,1,2
0.39,0.178,0.367,0,0,1,2
0.39,0.178,0.37,0,0,1,2
0.39,0.178,0.373,0,0,1,2
0.39,0.178,0.376,0,0,1,2
0.39,0.178,0.379,0,0,1,2
0.39,0.178,0.382,0,0,1,2
0.39,0.178,0.385,0,0,1,2
0.39,0.178,0.388,0,0,1,2
0.39,0.178,0.391,0,0,1,2
0.39,0.178,0.394,0,0,1,2
0.39,0.178,0.397,0,0,1,2
0.39,0.178,0.4,0,0,1,2
0.39,0.178,0.403,0,0,1,2
0.39,0.178,0.406,0,0,1,2
0.39,0.178,0.409,0,0,1,2
0.39,0.178,0.412,0,0,1,2
0.39,0.178,0.415,0,0,1,2
0.39,0.178,0.418,0,0,1,2
0.39,0.178,0.420999,0,0,1,2
0.39,0.178,0.423999,0,0,1,2
0.39,0.178,0.426999,0,0,1,2
0.39,0.178,0.429999,0,0,1,2
0.39,0.178,0.432999,0,0,1,2
0.39,0.178,0.435999,0,0,1,2
0.39,0.178,0.438999,0,0,1,2
0.39,0.178,0.441999,0,0,1,2
0.39,0.178,0.444999,0,0,1,2
0.39,0.178,0.447999,0,0,1,2
0.39,0.178,0.450999,0,0,1,2
0.39,0.181,0.25,0,0,1,2
0.39,0.181,0.253,0,0,1,2
0.39,0.181,0.256,0,0,1,2
0.39,0.181,0.259,0,0,1,2
0.39,0.181,0.262,0,0,1,2
0.39,0.181,0.265,0,0,1,2
0.39,0.181,0.268,0,0,1,2
0.39,0.181,0.271,0,0,1,2
0.39,0.181,0.274,0,0,1,2
0.39,0.181,0.277,0,0,1,2
0.39,0.181,0.28,0,0,1,2
0.39,0.181,0.283,0,0,1,2
0.39,0.181,0.286,0,0,1,2
0.39,0.181,0.289,0,0,1,2
0.39,0.181,0.292,0,0,1,2
0.39,0.181,0.295,0,0,1,2
0.39,0.181,0.298,0,0,1,2
0.39,0.181,0.301,0,0,1,2
0.39,0.181,0.304,0,0,1,2
0.39,0.181,0.307,0,0,1,2
0.39,0.181,0.31,0,0,1,2
0.39,0.181,0.313,0,0,1,2
0.39,0.181,0.316,0,0,1,2
0.39,0.181,0.319,0,0,1,2
0.39,0.181,0.322,0,0,1,2
0.39,0.181,0.325,0,0,1,2
0.39,0.181,0.328,0,0,1,2
0.39,0.181,0.331,0,0,1,2
0.39,0.181,0.334,0,0,1,2
0.39,0.181,0.337,0,0,1,2
0.39,0.181,0.34,0,0,1,2
0.39,0.181,0.343,0,0,1,2
0.39,0.181,0.346,0,0,1,2
0.39,0.181,0.349,0,0,1,2
0.39,0.181,0.352,0,0,1,2
0.39,0.181,0.355,0,0,1,2
0.39,0.181,0.358,0,0,1,2
0.39,0.181,0.361,0,0,1,2
0.39,0.181,0.364,0,0,1,2
0.39,0.181,0.367,0,0,1,2
0.39,0.181,0.37,0,0,1,2
0.39,0.181,0.373,0,0,1,2
0.39,0.181,0.376,0,0,1,2
0.39,0.181,0.379,0,0,1,2
0.39,0.181,0.382,0,0,1,2
0.39,0.181,0.385,0,0,1,2
0.39,0.181,0.388,0,0,1,2
0.39,0.181,0.391,0,0,1,2
0.39,0.181,0.394,0,0,1,2
0.39,0.181,0.397,0,0,1,2
0.39,0.181,0.4,0,0,1,2
0.39,0.181,0.403,0,0,1,2
0.39,0.181,0.406,0,0,1,2
0.39,0.181,0.409,0,0,1,2
0.39,0.181,0.412,0,0,1,2
0.39,0.181,0.415,0,0,1,2
0.39,0.181,0.418,0,0,1,2
0.39,0.181,0.420999,0,0,1,2
0.39,0.181,0.423999,0,0,1,2
0.39,0.181,0.426999,0,0,1,2
0.39,0.181,0.429999,0,0,1,2
0.39,0.181,0.432999,0,0,1,2
0.39,0.181,0.435999,0,0,1,2
0.39,0.181,0.438999,0,0,1,2
0.39,0.181,0.441999,0,0,1,2
0.39,0.181,0.444999,0,0,1,2
0.39,0.181,0.447999,0,0,1,2
0.39,0.181,0.450999,0,0,1,2
0.39,0.184,0.25,0,0,1,2
0.39,0.184,0.253,0,0,1,2
0.39,0.184,0.256,0,0,1,2
0.39,0.184,0.259,0,0,1,2
0.39,0.184,0.262,0,0,1,2
0.39,0.184,0.265,0,0,1,2
0.39,0.184,0.268,0,0,1,2
0.39,0.184,0.271,0,0,1,2
0.39,0.184,0.274,0,0,1,2
0.39,0.184,0.277,0,0,1,2
0.39,0.184,0.28,0,0,1,2
0.39,0.184,0.283,0,0,1,2
0.39,0.184,0.286,0,0,1,2
0.39,0.184,0.289,0,0,1,2
0.39,0.184,0.292,0,0,1,2
0.39,0.184,0.295,0,0,1,2
0.39,0.184,0.298,0,0,1,2
0.39,0.184,0.301,0,0,1,2
0.39,0.184,0.304,0,0,1,2
0.39,0.184,0.307,0,0,1,2
0.39,0.184,0.31,0,0,1,2
0.39,0.184,0.313,0,0,1,2
0.39,0.184,0.316,0,0,1,2
0.39,0.184,0.319,0,0,1,2
0.39,0.184,0.322,0,0,1,2
0.39,0.184,0.325,0,0,1,2
0.39,0.184,0.328,0,0,1,2
0.39,0.184,0.331,0,0,1,2
0.39,0.184,0.334,0,0,1,2
0.39,0.184,0.337,0,0,1,2
0.39,0.184,0.34,0,0,1,2
0.39,0.184,0.343,0,0,1,2
0.39,0.184,0.346,0,0,1,2
0.39,0.184,0.349,0,0,1,2
0.39,0.184,0.352,0,0,1,2
0.39,0.184,0.355,0,0,1,2
0.39,0.184,0.358,0,0,1,2
0.39,0.184,0.361,0,0,1,2
0.39,0.184,0.364,0,0,1,2
0.39,0.184,0.367,0,0,1,2
0.39,0.184,0.37,0,0,1,2
0.39,0.184,0.373,0,0,1,2
0.39,0.184,0.376,0,0,1,2
0.39,0.184,0.379,0,0,1,2
0.39,0.184,0.382,0,0,1,2
0.39,0.184,0.385,0,0,1,2
0.39,0.184,0.388,0,0,1,2
0.39,0.184,0.391,0,0,1,2
0.39,0.184,0.394,0,0,1,2
0.39,0.184,0.397,0,0,1,2
0.39,0.184,0.4,0,0,1,2
0.39,0.184,0.403,0,0,1,2
0.39,0.184,0.406,0,0,1,2
0.39,0.184,0.409,0,0,1,2
0.39,0.184,0.412,0,0,1,2
0.39,0.184,0.415,0,0,1,2
0.39,0.184,0.418,0,0,1,2
0.39,0.184,0.420999,0,0,1,2
0.39,0.184,0.423999,0,0,1,2
0.39,0.184,0.426999,0,0,1,2
0.39,0.184,0.429999,0,0,1,2
0.39,0.184,0.432999,0,0,1,2
0.39,0.184,0.435999,0,0,1,2
0.39,0.184,0.438999,0,0,1,2
0.39,0.184,0.441999,0,0,1,2
0.39,0.184,0.444999,0,0,1,2
0.39,0.184,0.447999,0,0,1,2
0.39,0.184,0.450999,0,0,1,2
0.39,0.187,0.25,0,0,1,2
0.39,0.187,0.253,0,0,1,2
0.39,0.187,0.256,0,0,1,2
0.39,0.187,0.259,0,0,1,2
0.39,0.187,0.262,0,0,1,2
0.39,0.187,0.265,0,0,1,2
0.39,0.187,0.268,0,0,1,2
0.39,0.187,0.271,0,0,1,2
0.39,0.187,0.274,0,0,1,2
0.39,0.187,0.277,0,0,1,2
0.39,0.187,0.28,0,0,1,2
0.39,0.187,0.283,0,0,1,2
0.39,0.187,0.286,0,0,1,2
0.39,0.187,0.289,0,0,1,2
0.39,0.187,0.292,0,0,1,2
0.39,0.187,0.295,0,0,1,2
0.39,0.187,0.298,0,0,1,2
0.39,0.187,0.301,0,0,1,2
0.39,0.187,0.304,0,0,1,2
0.39,0.187,0.307,0,0,1,2
0.39,0.187,0.31,0,0,1,2
0.39,0.187,0.313,0,0,1,2
0.39,0.187,0.316,0,0,1,2
0.39,0.187,0.319,0,0,1,2
0.39,0.187,0.322,0,0,1,2
0.39,0.187,0.325,0,0,1,2
0.39,0.187,0.328,0,0,1,2
0.39,0.187,0.331,0,0,1,2
0.39,0.187,0.334,0,0,1,2
0.39,0.187,0.337,0,0,1,2
0.39,0.187,0.34,0,0,1,2
0.39,0.187,0.343,0,0,1,2
0.39,0.187,0.346,0,0,1,2
0.39,0.187,0.349,0,0,1,2
0.39,0.187,0.352,0,0,1,2
0.39,0.187,0.355,0,0,1,2
0.39,0.187,0.358,0,0,1,2
0.39,0.187,0.361,0,0,1,2
0.39,0.187,0.364,0,0,1,2
0.39,0.187,0.367,0,0,1,2
0.39,0.187,0.37,0,0,1,2
0.39,0.187,0.373,0,0,1,2
0.39,0.187,0.376,0,0,1,2
0.39,0.187,0.379,0,0,1,2
0.39,0.187,0.382,0,0,1,2
0.39,0.187,0.385,0,0,1,2
0.39,0.187,0.388,0,0,1,2
0.39,0.187,0.391,0,0,1,2
0.39,0.187,0.394,0,0,1,2
0.39,0.187,0.397,0,0,1,2
0.39,0.187,0.4,0,0,1,2
0.39,0.187,0.403,0,0,1,2
0.39,0.187,0.406,0,0,1,2
0.39,0.187,0.409,0,0,1,2
0.39,0.187,0.412,0,0,1,2
0.39,0.187,0.415,0,0,1,2
0.39,0.187,0.418,0,0,1,2
0.39,0.187,0.420999,0,0,1,2
0.39,0.187,0.423999,0,0,1,2
0.39,0.187,0.426999,0,0,1,2
0.39,0.187,0.429999,0,0,1,2
0.39,0.187,0.432999,0,0,1,2
0.39,0.187,0.435999,0,0,1,2
0.39,0.187,0.438999,0,0,1,2
0.39,0.187,0.441999,0,0,1,2
0.39,0.187,0.444999,0,0,1,2
0.39,0.187,0.447999,0,0,1,2
0.39,0.187,0.450999,0,0,1,2
0.39,0.19,0.25,0,0,1,2
0.39,0.19,0.253,0,0,1,2
0.39,0.19,0.256,0,0,1,2
0.39,0.19,0.259,0,0,1,2
0.39,0.19,0.262,0,0,1,2
0.39,0.19,0.265,0,0,1,2
0.39,0.19,0.268,0,0,1,2
0.39,0.19,0.271,0,0,1,2
0.39,0.19,0.274,0,0,1,2
0.39,0.19,0.277,0,0,1,2
0.39,0.19,0.28,0,0,1,2
0.39,0.19,0.283,0,0,1,2
0.39,0.19,0.286,0,0,1,2
0.39,0.19,0.289,0,0,1,2
0.39,0.19,0.292,0,0,1,2
0.39,0.19,0.295,0,0,1,2
0.39,0.19,0.298,0,0,1,2
0.39,0.19,0.301,0,0,1,2
0.39,0.19,0.304,0,0,1,2
0.39,0.19,0.307,0,0,1,2
0.39,0.19,0.31,0,0,1,2
0.39,0.19,0.313,0,0,1,2
0.39,0.19,0.316,0,0,1,2
0.39,0.19,0.319,0,0,1,2
0.39,0.19,0.322,0,0,1,2
0.39,0.19,0.325,0,0,1,2
0.39,0.19,0.328,0,0,1,2
0.39,0.19,0.331,0,0,1,2
0.39,0.19,0.334,0,0,1,2
0.39,0.19,0.337,0,0,1,2
0.39,0.19,0.34,0,0,1,2
0.39,0.19,0.343,0,0,1,2
0.39,0.19,0.346,0,0,1,2
0.39,0.19,0.349,0,0,1,2
0.39,0.19,0.352,0,0,1,2
0.39,0.19,0.355,0,0,1,2
0.39,0.19,0.358,0,0,1,2
0.39,0.19,0.361,0,0,1,2
0.39,0.19,0.364,0,0,1,2
0.39,0.19,0.367,0,0,1,2
0.39,0.19,0.37,0,0,1,2
0.39,0.19,0.373,0,0,1,2
0.39,0.19,0.376,0,0,1,2
0.39,0.19,0.379,0,0,1,2
0.39,0.19,0.382,0,0,1,2
0.39,0.19,0.385,0,0,1,2
0.39,0.19,0.388,0,0,1,2
0.39,0.19,0.391,0,0,1,2
0.39,0.19,0.394,0,0,1,2
0.39,0.19,0.397,0,0,1,2
0.39,0.19,0.4,0,0,1,2
0.39,0.19,0.403,0,0,1,2
0.39,0.19,0.406,0,0,1,2
0.39,0.19,0.409,0,0,1,2
0.39,0.19,0.412,0,0,1,2
0.39,0.19,0.415,0,0,1,2
0.39,0.19,0.418,0,0,1,2
0.39,0.19,0.420999,0,0,1,2
0.39,0.19,0.423999,0,0,1,2
0.39,0.19,0.426999,0,0,1,2
0.39,0.19,0.429999,0,0,1,2
0.39,0.19,0.432999,0,0,1,2
0.39,0.19,0.435999,0,0,1,2
0.39,0.19,0.438999,0,0,1,2
0.39,0.19,0.441999,0,0,1,2
0.39,0.19,0.444999,0,0,1,2
0.39,0.19,0.447999,0,0,1,2
0.39,0.19,0.450999,0,0,1,2
0.39,0.193,0.25,0,0,1,2
0.39,0.193,0.253,0,0,1,2
0.39,0.193,0.256,0,0,1,2
0.39,0.193,0.259,0,0,1,2
0.39,0.193,0.262,0,0,1,2
0.39,0.193,0.265,0,0,1,2
0.39,0.193,0.268,0,0,1,2
0.39,0.193,0.271,0,0,1,2
0.39,0.193,0.274,0,0,1,2
0.39,0.193,0.277,0,0,1,2
0.39,0.193,0.28,0,0,1,2
0.39,0.193,0.283,0,0,1,2
0.39,0.193,0.286,0,0,1,2
0.39,0.193,0.289,0,0,1,2
0.39,0.193,0.292,0,0,1,2
0.39,0.193,0.295,0,0,1,2
0.39,0.193,0.298,0,0,1,2
0.39,0.193,0.301,0,0,1,2
0.39,0.193,0.304,0,0,1,2
0.39,0.193,0.307,0,0,1,2
0.39,0.193,0.31,0,0,1,2
0.39,0.193,0.313,0,0,1,2
0.39,0.193,0.316,0,0,1,2
0.39,0.193,0.319,0,0,1,2
0.39,0.193,0.322,0,0,1,2
0.39,0.193,0.325,0,0,1,2
0.39,0.193,0.328,0,0,1,2
0.39,0.193,0.331,0,0,1,2
0.39,0.193,0.334,0,0,1,2
0.39,0.193,0.337,0,0,1,2
0.39,0.193,0.34,0,0,1,2
0.39,0.193,0.343,0,0,1,2
0.39,0.193,0.346,0,0,1,2
0.39,0.193,0.349,0,0,1,2
0.39,0.193,0.352,0,0,1,2
0.39,0.193,0.355,0,0,1,2
0.39,0.193,0.358,0,0,1,2
0.39,0.193,0.361,0,0,1,2
0.39,0.193,0.364,0,0,1,2
0.39,0.193,0.367,0,0,1,2
0.39,0.193,0.37,0,0,1,2
0.39,0.193,0.373,0,0,1,2
0.39,0.193,0.376,0,0,1,2
0.39,0.193,0.379,0,0,1,2
0.39,0.193,0.382,0,0,1,2
0.39,0.193,0.385,0,0,1,2
0.39,0.193,0.388,0,0,1,2
0.39,0.193,0.391,0,0,1,2
0.39,0.193,0.394,0,0,1,2
0.39,0.193,0.397,0,0,1,2
0.39,0.193,0.4,0,0,1,2
0.39,0.193,0.403,0,0,1,2
0.39,0.193,0.406,0,0,1,2
0.39,0.193,0.409,0,0,1,2
0.39,0.193,0.412,0,0,1,2
0.39,0.193,0.415,0,0,1,2
0.39,0.193,0.418,0,0,1,2
0.39,0.193,0.420999,0,0,1,2
0.39,0.193,0.423999,0,0,1,2
0.39,0.193,0.426999,0,0,1,2
0.39,0.193,0.429999,0,0,1,2
0.39,0.193,0.432999,0,0,1,2
0.39,0.193,0.435999,0,0,1,2
0.39,0.193,0.438999,0,0,1,2
0.39,0.193,0.441999,0,0,1,2
0.39,0.193,0.444999,0,0,1,2
0.39,0.193,0.447999,0,0,1,2
0.39,0.193,0.450999,0,0,1,2
0.39,0.196,0.25,0,0,1,2
0.39,0.196,0.253,0,0,1,2
0.39,0.196,0.256,0,0,1,2
0.39,0.196,0.259,0,0,1,2
0.39,0.196,0.262,0,0,1,2
0.39,0.196,0.265,0,0,1,2
0.39,0.196,0.268,0,0,1,2
0.39,0.196,0.271,0,0,1,2
0.39,0.196,0.274,0,0,1,2
0.39,0.196,0.277,0,0,1,2
0.39,0.196,0.28,0,0,1,2
0.39,0.196,0.283,0,0,1,2
0.39,0.196,0.286,0,0,1,2
0.39,0.196,0.289,0,0,1,2
0.39,0.196,0.292,0,0,1,2
0.39,0.196,0.295,0,0,1,2
0.39,0.196,0.298,0,0,1,2
0.39,0.196,0.301,0,0,1,2
0.39,0.196,0.304,0,0,1,2
0.39,0.196,0.307,0,0,1,2
0.39,0.196,0.31,0,0,1,2
0.39,0.196,0.313,0,0,1,2
0.39,0.196,0.316,0,0,1,2
0.39,0.196,0.319,0,0,1,2
0.39,0.196,0.322,0,0,1,2
0.39,0.196,0.325,0,0,1,2
0.39,0.196,0.328,0,0,1,2
0.39,0.196,0.331,0,0,1,2
0.39,0.196,0.334,0,0,1,2
0.39,0.196,0.337,0,0,1,2
0.39,0.196,0.34,0,0,1,2
0.39,0.196,0.343,0,0,1,2
0.39,0.196,0.346,0,0,1,2
0.39,0.196,0.349,0,0,1,2
0.39,0.196,0.352,0,0,1,2
0.39,0.196,0.355,0,0,1,2
0.39,0.196,0.358,0,0,1,2
0.39,0.196,0.361,0,0,1,2
0.39,0.196,0.364,0,0,1,2
0.39,0.196,0.367,0,0,1,2
0.39,0.196,0.37,0,0,1,2
0.39,0.196,0.373,0,0,1,2
0.39,0.196,0.376,0,0,1,2
0.39,0.196,0.379,0,0,1,2
0.39,0.196,0.382,0,0,1,2
0.39,0.196,0.385,0,0,1,2
0.39,0.196,0.388,0,0,1,2
0.39,0.196,0.391,0,0,1,2
0.39,0.196,0.394,0,0,1,2
0.39,0.196,0.397,0,0,1,2
0.39,0.196,0.4,0,0,1,2
0.39,0.196,0.403,0,0,1,2
0.39,0.196,0.406,0,0,1,2
0.39,0.196,0.409,0,0,1,2
0.39,0.196,0.412,0,0,1,2
0.39,0.196,0.415,0,0,1,2
0.39,0.196,0.418,0,0,1,2
0.39,0.196,0.420999,0,0,1,2
0.39,0.196,0.423999,0,0,1,2
0.39,0.196,0.426999,0,0,1,2
0.39,0.196,0.429999,0,0,1,2
0.39,0.196,0.432999,0,0,1,2
0.39,0.196,0.435999,0,0,1,2
0.39,0.196,0.438999,0,0,1,2
0.39,0.196,0.441999,0,0,1,2
0.39,0.196,0.444999,0,0,1,2
0.39,0.196,0.447999,0,0,1,2
0.39,0.196,0.450999,0,0,1,2
0.39,0.199,0.25,0,0,1,2
0.39,0.199,0.253,0,0,1,2
0.39,0.199,0.256,0,0,1,2
0.39,0.199,0.259,0,0,1,2
0.39,0.199,0.262,0,0,1,2
0.39,0.199,0.265,0,0,1,2
0.39,0.199,0.268,0,0,1,2
0.39,0.199,0.271,0,0,1,2
0.39,0.199,0.274,0,0,1,2
0.39,0.199,0.277,0,0,1,2
0.39,0.199,0.28,0,0,1,2
0.39,0.199,0.283,0,0,1,2
0.39,0.199,0.286,0,0,1,2
0.39,0.199,0.289,0,0,1,2
0.39,0.199,0.292,0,0,1,2
0.39,0.199,0.295,0,0,1,2
0.39,0.199,0.298,0,0,1,2
0.39,0.199,0.301,0,0,1,2
0.39,0.199,0.304,0,0,1,2
0.39,0.199,0.307,0,0,1,2
0.39,0.199,0.31,0,0,1,2
0.39,0.199,0.313,0,0,1,2
0.39,0.199,0.316,0,0,1,2
0.39,0.199,0.319,0,0,1,2
0.39,0.199,0.322,0,0,1,2
0.39,0.199,0.325,0,0,1,2
0.39,0.199,0.328,0,0,1,2
0.39,0.199,0.331,0,0,1,2
0.39,0.199,0.334,0,0,1,2
0.39,0.199,0.337,0,0,1,2
0.39,0.199,0.34,0,0,1,2
0.39,0.199,0.343,0,0,1,2
0.39,0.199,0.346,0,0,1,2
0.39,0.199,0.349,0,0,1,2
0.39,0.199,0.352,0,0,1,2
0.39,0.199,0.355,0,0,1,2
0.39,0.199,0.358,0,0,1,2
0.39,0.199,0.361,0,0,1,2
0.39,0.199,0.364,0,0,1,2
0.39,0.199,0.367,0,0,1,2
0.39,0.199,0.37,0,0,1,2
0.39,0.199,0.373,0,0,1,2
0.39,0.199,0.376,0,0,1,2
0.39,0.199,0.379,0,0,1,2
0.39,0.199,0.382,0,0,1,2
0.39,0.199,0.385,0,0,1,2
0.39,0.199,0.388,0,0,1,2
0.39,0.199,0.391,0,0,1,2
0.39,0.199,0.394,0,0,1,2
0.39,0.199,0.397,0,0,1,2
0.39,0.199,0.4,0,0,1,2
0.39,0.199,0.403,0,0,1,2
0.39,0.199,0.406,0,0,1,2
0.39,0.199,0.409,0,0,1,2
0.39,0.199,0.412,0,0,1,2
0.39,0.199,0.415,0,0,1,2
0.39,0.199,0.418,0,0,1,2
0.39,0.199,0.420999,0,0,1,2
0.39,0.199,0.423999,0,0,1,2
0.39,0.199,0.426999,0,0,1,2
0.39,0.199,0.429999,0,0,1,2
0.39,0.199,0.432999,0,0,1,2
0.39,0.199,0.435999,0,0,1,2
0.39,0.199,0.438999,0,0,1,2
0.39,0.199,0.441999,0,0,1,2
0.39,0.199,0.444999,0,0,1,2
0.39,0.199,0.447999,0,0,1,2
0.39,0.199,0.450999,0,0,1,2
0.39,0.202,0.25,0,0,1,2
0.39,0.202,0.253,0,0,1,2
0.39,0.202,0.256,0,0,1,2
0.39,0.202,0.259,0,0,1,2
0.39,0.202,0.262,0,0,1,2
0.39,0.202,0.265,0,0,1,2
0.39,0.202,0.268,0,0,1,2
0.39,0.202,0.271,0,0,1,2
0.39,0.202,0.274,0,0,1,2
0.39,0.202,0.277,0,0,1,2
0.39,0.202,0.28,0,0,1,2
0.39,0.202,0.283,0,0,1,2
0.39,0.202,0.286,0,0,1,2
0.39,0.202,0.289,0,0,1,2
0.39,0.202,0.292,0,0,1,2
0.39,0.202,0.295,0,0,1,2
0.39,0.202,0.298,0,0,1,2
0.39,0.202,0.301,0,0,1,2
0.39,0.202,0.304,0,0,1,2
0.39,0.202,0.307,0,0,1,2
0.39,0.202,0.31,0,0,1,2
0.39,0.202,0.313,0,0,1,2
0.39,0.202,0.316,0,0,1,2
0.39,0.202,0.319,0,0,1,2
0.39,0.202,0.322,0,0,1,2
0.39,0.202,0.325,0,0,1,2
0.39,0.202,0.328,0,0,1,2
0.39,0.202,0.331,0,0,1,2
0.39,0.202,0.334,0,0,1,2
0.39,0.202,0.337,0,0,1,2
0.39,0.202,0.34,0,0,1,2
0.39,0.202,0.343,0,0,1,2
0.39,0.202,0.346,0,0,1,2
0.39,0.202,0.349,0,0,1,2
0.39,0.202,0.352,0,0,1,2
0.39,0.202,0.355,0,0,1,2
0.39,0.202,0.358,0,0,1,2
0.39,0.202,0.361,0,0,1,2
0.39,0.202,0.364,0,0,1,2
0.39,0.202,0.367,0,0,1,2
0.39,0.202,0.37,0,0,1,2
0.39,0.202,0.373,0,0,1,2
0.39,0.202,0.376,0,0,1,2
0.39,0.202,0.379,0,0,1,2
0.39,0.202,0.382,0,0,1,2
0.39,0.202,0.385,0,0,1,2
0.39,0.202,0.388,0,0,1,2
0.39,0.202,0.391,0,0,1,2
0.39,0.202,0.394,0,0,1,2
0.39,0.202,0.397,0,0,1,2
0.39,0.202,0.4,0,0,1,2
0.39,0.202,0.403,0,0,1,2
0.39,0.202,0.406,0,0,1,2
0.39,0.202,0.409,0,0,1,2
0.39,0.202,0.412,0,0,1,2
0.39,0.202,0.415,0,0,1,2
0.39,0.202,0.418,0,0,1,2
0.39,0.202,0.420999,0,0,1,2
0.39,0.202,0.423999,0,0,1,2
0.39,0.202,0.426999,0,0,1,2
0.39,0.202,0.429999,0,0,1,2
0.39,0.202,0.432999,0,0,1,2
0.39,0.202,0.435999,0,0,1,2
0.39,0.202,0.438999,0,0,1,2
0.39,0.202,0.441999,0,0,1,2
0.39,0.202,0.444999,0,0,1,2
0.39,0.202,0.447999,0,0,1,2
0.39,0.202,0.450999,0,0,1,2
0.39,0.205,0.25,0,0,1,2
0.39,0.205,0.253,0,0,1,2
0.39,0.205,0.256,0,0,1,2
0.39,0.205,0.259,0,0,1,2
0.39,0.205,0.262,0,0,1,2
0.39,0.205,0.265,0,0,1,2
0.39,0.205,0.268,0,0,1,2
0.39,0.205,0.271,0,0,1,2
0.39,0.205,0.274,0,0,1,2
0.39,0.205,0.277,0,0,1,2
0.39,0.205,0.28,0,0,1,2
0.39,0.205,0.283,0,0,1,2
0.39,0.205,0.286,0,0,1,2
0.39,0.205,0.289,0,0,1,2
0.39,0.205,0.292,0,0,1,2
0.39,0.205,0.295,0,0,1,2
0.39,0.205,0.298,0,0,1,2
0.39,0.205,0.301,0,0,1,2
0.39,0.205,0.304,0,0,1,2
0.39,0.205,0.307,0,0,1,2
0.39,0.205,0.31,0,0,1,2
0.39,0.205,0.313,0,0,1,2
0.39,0.205,0.316,0,0,1,2
0.39,0.205,0.319,0,0,1,2
0.39,0.205,0.322,0,0,1,2
0.39,0.205,0.325,0,0,1,2
0.39,0.205,0.328,0,0,1,2
0.39,0.205,0.331,0,0,1,2
0.39,0.205,0.334,0,0,1,2
0.39,0.205,0.337,0,0,1,2
0.39,0.205,0.34,0,0,1,2
0.39,0.205,0.343,0,0,1,2
0.39,0.205,0.346,0,0,1,2
0.39,0.205,0.349,0,0,1,2
0.39,0.205,0.352,0,0,1,2
0.39,0.205,0.355,0,0,1,2
0.39,0.205,0.358,0,0,1,2
0.39,0.205,0.361,0,0,1,2
0.39,0.205,0.364,0,0,1,2
0.39,0.205,0.367,0,0,1,2
0.39,0.205,0.37,0,0,1,2
0.39,0.205,0.373,0,0,1,2
0.39,0.205,0.376,0,0,1,2
0.39,0.205,0.379,0,0,1,2
0.39,0.205,0.382,0,0,1,2
0.39,0.205,0.385,0,0,1,2
0.39,0.205,0.388,0,0,1,2
0.39,0.205,0.391,0,0,1,2
0.39,0.205,0.394,0,0,1,2
0.39,0.205,0.397,0,0,1,2
0.39,0.205,0.4,0,0,1,2
0.39,0.205,0.403,0,0,1,2
0.39,0.205,0.406,0,0,1,2
0.39,0.205,0.409,0,0,1,2
0.39,0.205,0.412,0,0,1,2
0.39,0.205,0.415,0,0,1,2
0.39,0.205,0.418,0,0,1,2
0.39,0.205,0.420999,0,0,1,2
0.39,0.205,0.423999,0,0,1,2
0.39,0.205,0.426999,0,0,1,2
0.39,0.205,0.429999,0,0,1,2
0.39,0.205,0.432999,0,0,1,2
0.39,0.205,0.435999,0,0,1,2
0.39,0.205,0.438999,0,0,1,2
0.39,0.205,0.441999,0,0,1,2
0.39,0.205,0.444999,0,0,1,2
0.39,0.205,0.447999,0,0,1,2
0.39,0.205,0.450999,0,0,1,2
0.39,0.208,0.25,0,0,1,2
0.39,0.208,0.253,0,0,1,2
0.39,0.208,0.256,0,0,1,2
0.39,0.208,0.259,0,0,1,2
0.39,0.208,0.262,0,0,1,2
0.39,0.208,0.265,0,0,1,2
0.39,0.208,0.268,0,0,1,2
0.39,0.208,0.271,0,0,1,2
0.39,0.208,0.274,0,0,1,2
0.39,0.208,0.277,0,0,1,2
0.39,0.208,0.28,0,0,1,2
0.39,0.208,0.283,0,0,1,2
0.39,0.208,0.286,0,0,1,2
0.39,0.208,0.289,0,0,1,2
0.39,0.208,0.292,0,0,1,2
0.39,0.208,0.295,0,0,1,2
0.39,0.208,0.298,0,0,1,2
0.39,0.208,0.301,0,0,1,2
0.39,0.208,0.304,0,0,1,2
0.39,0.208,0.307,0,0,1,2
0.39,0.208,0.31,0,0,1,2
0.39,0.208,0.313,0,0,1,2
0.39,0.208,0.316,0,0,1,2
0.39,0.208,0.319,0,0,1,2
0.39,0.208,0.322,0,0,1,2
0.39,0.208,0.325,0,0,1,2
0.39,0.208,0.328,0,0,1,2
0.39,0.208,0.331,0,0,1,2
0.39,0.208,0.334,0,0,1,2
0.39,0.208,0.337,0,0,1,2
0.39,0.208,0.34,0,0,1,2
0.39,0.208,0.343,0,0,1,2
0.39,0.208,0.346,0,0,1,2
0.39,0.208,0.349,0,0,1,2
0.39,0.208,0.352,0,0,1,2
0.39,0.208,0.355,0,0,1,2
0.39,0.208,0.358,0,0,1,2
0.39,0.208,0.361,0,0,1,2
0.39,0.208,0.364,0,0,1,2
0.39,0.208,0.367,0,0,1,2
0.39,0.208,0.37,0,0,1,2
0.39,0.208,0.373,0,0,1,2
0.39,0.208,0.376,0,0,1,2
0.39,0.208,0.379,0,0,1,2
0.39,0.208,0.382,0,0,1,2
0.39,0.208,0.385,0,0,1,2
0.39,0.208,0.388,0,0,1,2
0.39,0.208,0.391,0,0,1,2
0.39,0.208,0.394,0,0,1,2
0.39,0.208,0.397,0,0,1,2
0.39,0.208,0.4,0,0,1,2
0.39,0.208,0.403,0,0,1,2
0.39,0.208,0.406,0,0,1,2
0.39,0.208,0.409,0,0,1,2
0.39,0.208,0.412,0,0,1,2
0.39,0.208,0.415,0,0,1,2
0.39,0.208,0.418,0,0,1,2
0.39,0.208,0.420999,0,0,1,2
0.39,0.208,0.423999,0,0,1,2
0.39,0.208,0.426999,0,0,1,2
0.39,0.208,0.429999,0,0,1,2
0.39,0.208,0.432999,0,0,1,2
0.39,0.208,0.435999,0,0,1,2
0.39,0.208,0.438999,0,0,1,2
0.39,0.208,0.441999,0,0,1,2
0.39,0.208,0.444999,0,0,1,2
0.39,0.208,0.447999,0,0,1,2
0.39,0.208,0.450999,0,0,1,2
0.39,0.211,0.25,0,0,1,2
0.39,0.211,0.253,0,0,1,2
0.39,0.211,0.256,0,0,1,2
0.39,0.211,0.259,0,0,1,2
0.39,0.211,0.262,0,0,1,2
0.39,0.211,0.265,0,0,1,2
0.39,0.211,0.268,0,0,1,2
0.39,0.211,0.271,0,0,1,2
0.39,0.211,0.274,0,0,1,2
0.39,0.211,0.277,0,0,1,2
0.39,0.211,0.28,0,0,1,2
0.39,0.211,0.283,0,0,1,2
0.39,0.211,0.286,0,0,1,2
0.39,0.211,0.289,0,0,1,2
0.39,0.211,0.292,0,0,1,2
0.39,0.211,0.295,0,0,1,2
0.39,0.211,0.298,0,0,1,2
0.39,0.211,0.301,0,0,1,2
0.39,0.211,0.304,0,0,1,2
0.39,0.211,0.307,0,0,1,2
0.39,0.211,0.31,0,0,1,2
0.39,0.211,0.313,0,0,1,2
0.39,0.211,0.316,0,0,1,2
0.39,0.211,0.319,0,0,1,2
0.39,0.211,0.322,0,0,1,2
0.39,0.211,0.325,0,0,1,2
0.39,0.211,0.328,0,0,1,2
0.39,0.211,0.331,0,0,1,2
0.39,0.211,0.334,0,0,1,2
0.39,0.211,0.337,0,0,1,2
0.39,0.211,0.34,0,0,1,2
0.39,0.211,0.343,0,0,1,2
0.39,0.211,0.346,0,0,1,2
0.39,0.211,0.349,0,0,1,2
0.39,0.211,0.352,0,0,1,2
0.39,0.211,0.355,0,0,1,2
0.39,0.211,0.358,0,0,1,2
0.39,0.211,0.361,0,0,1,2
0.39,0.211,0.364,0,0,1,2
0.39,0.211,0.367,0,0,1,2
0.39,0.211,0.37,0,0,1,2
0.39,0.211,0.373,0,0,1,2
0.39,0.211,0.376,0,0,1,2
0.39,0.211,0.379,0,0,1,2
0.39,0.211,0.382,0,0,1,2
0.39,0.211,0.385,0,0,1,2
0.39,0.211,0.388,0,0,1,2
0.39,0.211,0.391,0,0,1,2
0.39,0.211,0.394,0,0,1,2
0.39,0.211,0.397,0,0,1,2
0.39,0.211,0.4,0,0,1,2
0.39,0.211,0.403,0,0,1,2
0.39,0.211,0.406,0,0,1,2
0.39,0.211,0.409,0,0,1,2
0.39,0.211,0.412,0,0,1,2
0.39,0.211,0.415,0,0,1,2
0.39,0.211,0.418,0,0,1,2
0.39,0.211,0.420999,0,0,1,2
0.39,0.211,0.423999,0,0,1,2
0.39,0.211,0.426999,0,0,1,2
0.39,0.211,0.429999,0,0,1,2
0.39,0.211,0.432999,0,0,1,2
0.39,0.211,0.435999,0,0,1,2
0.39,0.211,0.438999,0,0,1,2
0.39,0.211,0.441999,0,0,1,2
0.39,0.211,0.444999,0,0,1,2
0.39,0.211,0.447999,0,0,1,2
0.39,0.211,0.450999,0,0,1,2
0.39,0.214,0.25,0,0,1,2
0.39,0.214,0.253,0,0,1,2
0.39,0.214,0.256,0,0,1,2
0.39,0.214,0.259,0,0,1,2
0.39,0.214,0.262,0,0,1,2
0.39,0.214,0.265,0,0,1,2
0.39,0.214,0.268,0,0,1,2
0.39,0.214,0.271,0,0,1,2
0.39,0.214,0.274,0,0,1,2
0.39,0.214,0.277,0,0,1,2
0.39,0.214,0.28,0,0,1,2
0.39,0.214,0.283,0,0,1,2
0.39,0.214,0.286,0,0,1,2
0.39,0.214,0.289,0,0,1,2
0.39,0.214,0.292,0,0,1,2
0.39,0.214,0.295,0,0,1,2
0.39,0.214,0.298,0,0,1,2
0.39,0.214,0.301,0,0,1,2
0.39,0.214,0.304,0,0,1,2
0.39,0.214,0.307,0,0,1,2
0.39,0.214,0.31,0,0,1,2
0.39,0.214,0.313,0,0,1,2
0.39,0.214,0.316,0,0,1,2
0.39,0.214,0.319,0,0,1,2
0.39,0.214,0.322,0,0,1,2
0.39,0.214,0.325,0,0,1,2
0.39,0.214,0.328,0,0,1,2
0.39,0.214,0.331,0,0,1,2
0.39,0.214,0.334,0,0,1,2
0.39,0.214,0.337,0,0,1,2
0.39,0.214,0.34,0,0,1,2
0.39,0.214,0.343,0,0,1,2
0.39,0.214,0.346,0,0,1,2
0.39,0.214,0.349,0,0,1,2
0.39,0.214,0.352,0,0,1,2
0.39,0.214,0.355,0,0,1,2
0.39,0.214,0.358,0,0,1,2
0.39,0.214,0.361,0,0,1,2
0.39,0.214,0.364,0,0,1,2
0.39,0.214,0.367,0,0,1,2
0.39,0.214,0.37,0,0,1,2
0.39,0.214,0.373,0,0,1,2
0.39,0.214,0.376,0,0,1,2
0.39,0.214,0.379,0,0,1,2
0.39,0.214,0.382,0,0,1,2
0.39,0.214,0.385,0,0,1,2
0.39,0.214,0.388,0,0,1,2
0.39,0.214,0.391,0,0,1,2
0.39,0.214,0.394,0,0,1,2
0.39,0.214,0.397,0,0,1,2
0.39,0.214,0.4,0,0,1,2
0.39,0.214,0.403,0,0,1,2
0.39,0.214,0.406,0,0,1,2
0.39,0.214,0.409,0,0,1,2
0.39,0.214,0.412,0,0,1,2
0.39,0.214,0.415,0,0,1,2
0.39,0.214,0.418,0,0,1,2
0.39,0.214,0.420999,0,0,1,2
0.39,0.214,0.423999,0,0,1,2
0.39,0.214,0.426999,0,0,1,2
0.39,0.214,0.429999,0,0,1,2
0.39,0.214,0.432999,0,0,1,2
0.39,0.214,0.435999,0,0,1,2
0.39,0.214,0.438999,0,0,1,2
0.39,0.214,0.441999,0,0,1,2
0.39,0.214,0.444999,0,0,1,2
0.39,0.214,0.447999,0,0,1,2
0.39,0.214,0.450999,0,0,1,2
0.39,0.217,0.25,0,0,1,2
0.39,0.217,0.253,0,0,1,2
0.39,0.217,0.256,0,0,1,2
0.39,0.217,0.259,0,0,1,2
0.39,0.217,0.262,0,0,1,2
0.39,0.217,0.265,0,0,1,2
0.39,0.217,0.268,0,0,1,2
0.39,0.217,0.271,0,0,1,2
0.39,0.217,0.274,0,0,1,2
0.39,0.217,0.277,0,0,1,2
0.39,0.217,0.28,0,0,1,2
0.39,0.217,0.283,0,0,1,2
0.39,0.217,0.286,0,0,1,2
0.39,0.217,0.289,0,0,1,2
0.39,0.217,0.292,0,0,1,2
0.39,0.217,0.295,0,0,1,2
0.39,0.217,0.298,0,0,1,2
0.39,0.217,0.301,0,0,1,2
0.39,0.217,0.304,0,0,1,2
0.39,0.217,0.307,0,0,1,2
0.39,0.217,0.31,0,0,1,2
0.39,0.217,0.313,0,0,1,2
0.39,0.217,0.316,0,0,1,2
0.39,0.217,0.319,0,0,1,2
0.39,0.217,0.322,0,0,1,2
0.39,0.217,0.325,0,0,1,2
0.39,0.217,0.328,0,0,1,2
0.39,0.217,0.331,0,0,1,2
0.39,0.217,0.334,0,0,1,2
0.39,0.217,0.337,0,0,1,2
0.39,0.217,0.34,0,0,1,2
0.39,0.217,0.343,0,0,1,2
0.39,0.217,0.346,0,0,1,2
0.39,0.217,0.349,0,0,1,2
0.39,0.217,0.352,0,0,1,2
0.39,0.217,0.355,0,0,1,2
0.39,0.217,0.358,0,0,1,2
0.39,0.217,0.361,0,0,1,2
0.39,0.217,0.364,0,0,1,2
0.39,0.217,0.367,0,0,1,2
0.39,0.217,0.37,0,0,1,2
0.39,0.217,0.373,0,0,1,2
0.39,0.217,0.376,0,0,1,2
0.39,0.217,0.379,0,0,1,2
0.39,0.217,0.382,0,0,1,2
0.39,0.217,0.385,0,0,1,2
0.39,0.217,0.388,0,0,1,2
0.39,0.217,0.391,0,0,1,2
0.39,0.217,0.394,0,0,1,2
0.39,0.217,0.397,0,0,1,2
0.39,0.217,0.4,0,0,1,2
0.39,0.217,0.403,0,0,1,2
0.39,0.217,0.406,0,0,1,2
0.39,0.217,0.409,0,0,1,2
0.39,0.217,0.412,0,0,1,2
0.39,0.217,0.415,0,0,1,2
0.39,0.217,0.418,0,0,1,2
0.39,0.217,0.420999,0,0,1,2
0.39,0.217,0.423999,0,0,1,2
0.39,0.217,0.426999,0,0,1,2
0.39,0.217,0.429999,0,0,1,2
0.39,0.217,0.432999,0,0,1,2
0.39,0.217,0.435999,0,0,1,2
0.39,0.217,0.438999,0,0,1,2
0.39,0.217,0.441999,0,0,1,2
0.39,0.217,0.444999,0,0,1,2
0.39,0.217,0.447999,0,0,1,2
0.39,0.217,0.450999,0,0,1,2
0.39,0.22,0.25,0,0,1,2
0.39,0.22,0.253,0,0,1,2
0.39,0.22,0.256,0,0,1,2
0.39,0.22,0.259,0,0,1,2
0.39,0.22,0.262,0,0,1,2
0.39,0.22,0.265,0,0,1,2
0.39,0.22,0.268,0,0,1,2
0.39,0.22,0.271,0,0,1,2
0.39,0.22,0.274,0,0,1,2
0.39,0.22,0.277,0,0,1,2
0.39,0.22,0.28,0,0,1,2
0.39,0.22,0.283,0,0,1,2
0.39,0.22,0.286,0,0,1,2
0.39,0.22,0.289,0,0,1,2
0.39,0.22,0.292,0,0,1,2
0.39,0.22,0.295,0,0,1,2
0.39,0.22,0.298,0,0,1,2
0.39,0.22,0.301,0,0,1,2
0.39,0.22,0.304,0,0,1,2
0.39,0.22,0.307,0,0,1,2
0.39,0.22,0.31,0,0,1,2
0.39,0.22,0.313,0,0,1,2
0.39,0.22,0.316,0,0,1,2
0.39,0.22,0.319,0,0,1,2
0.39,0.22,0.322,0,0,1,2
0.39,0.22,0.325,0,0,1,2
0.39,0.22,0.328,0,0,1,2
0.39,0.22,0.331,0,0,1,2
0.39,0.22,0.334,0,0,1,2
0.39,0.22,0.337,0,0,1,2
0.39,0.22,0.34,0,0,1,2
0.39,0.22,0.343,0,0,1,2
0.39,0.22,0.346,0,0,1,2
0.39,0.22,0.349,0,0,1,2
0.39,0.22,0.352,0,0,1,2
0.39,0.22,0.355,0,0,1,2
0.39,0.22,0.358,0,0,1,2
0.39,0.22,0.361,0,0,1,2
0.39,0.22,0.364,0,0,1,2
0.39,0.22,0.367,0,0,1,2
0.39,0.22,0.37,0,0,1,2
0.39,0.22,0.373,0,0,1,2
0.39,0.22,0.376,0,0,1,2
0.39,0.22,0.379,0,0,1,2
0.39,0.22,0.382,0,0,1,2
0.39,0.22,0.385,0,0,1,2
0.39,0.22,0.388,0,0,1,2
0.39,0.22,0.391,0,0,1,2
0.39,0.22,0.394,0,0,1,2
0.39,0.22,0.397,0,0,1,2
0.39,0.22,0.4,0,0,1,2
0.39,0.22,0.403,0,0,1,2
0.39,0.22,0.406,0,0,1,2
0.39,0.22,0.409,0,0,1,2
0.39,0.22,0.412,0,0,1,2
0.39,0.22,0.415,0,0,1,2
0.39,0.22,0.418,0,0,1,2
0.39,0.22,0.420999,0,0,1,2
0.39,0.22,0.423999,0,0,1,2
0.39,0.22,0.426999,0,0,1,2
0.39,0.22,0.429999,0,0,1,2
0.39,0.22,0.432999,0,0,1,2
0.39,0.22,0.435999,0,0,1,2
0.39,0.22,0.438999,0,0,1,2
0.39,0.22,0.441999,0,0,1,2
0.39,0.22,0.444999,0,0,1,2
0.39,0.22,0.447999,0,0,1,2
0.39,0.22,0.450999,0,0,1,2
0.39,0.223,0.25,0,0,1,2
0.39,0.223,0.253,0,0,1,2
0.39,0.223,0.256,0,0,1,2
0.39,0.223,0.259,0,0,1,2
0.39,0.223,0.262,0,0,1,2
0.39,0.223,0.265,0,0,1,2
0.39,0.223,0.268,0,0,1,2
0.39,0.223,0.271,0,0,1,2
0.39,0.223,0.274,0,0,1,2
0.39,0.223,0.277,0,0,1,2
0.39,0.223,0.28,0,0,1,2
0.39,0.223,0.283,0,0,1,2
0.39,0.223,0.286,0,0,1,2
0.39,0.223,0.289,0,0,1,2
0.39,0.223,0.292,0,0,1,2
0.39,0.223,0.295,0,0,1,2
0.39,0.223,0.298,0,0,1,2
0.39,0.223,0.301,0,0,1,2
0.39,0.223,0.304,0,0,1,2
0.39,0.223,0.307,0,0,1,2
0.39,0.223,0.31,0,0,1,2
0.39,0.223,0.313,0,0,1,2
0.39,0.223,0.316,0,0,1,2
0.39,0.223,0.319,0,0,1,2
0.39,0.223,0.322,0,0,1,2
0.39,0.223,0.325,0,0,1,2
0.39,0.223,0.328,0,0,1,2
0.39,0.223,0.331,0,0,1,2
0.39,0.223,0.334,0,0,1,2
0.39,0.223,0.337,0,0,1,2
0.39,0.223,0.34,0,0,1,2
0.39,0.223,0.343,0,0,1,2
0.39,0.223,0.346,0,0,1,2
0.39,0.223,0.349,0,0,1,2
0.39,0.223,0.352,0,0,1,2
0.39,0.223,0.355,0,0,1,2
0.39,0.223,0.358,0,0,1,2
0.39,0.223,0.361,0,0,1,2
0.39,0.223,0.364,0,0,1,2
0.39,0.223,0.367,0,0,1,2
0.39,0.223,0.37,0,0,1,2
0.39,0.223,0.373,0,0,1,2
0.39,0.223,0.376,0,0,1,2
0.39,0.223,0.379,0,0,1,2
0.39,0.223,0.382,0,0,1,2
0.39,0.223,0.385,0,0,1,2
0.39,0.223,0.388,0,0,1,2
0.39,0.223,0.391,0,0,1,2
0.39,0.223,0.394,0,0,1,2
0.39,0.223,0.397,0,0,1,2
0.39,0.223,0.4,0,0,1,2
0.39,0.223,0.403,0,0,1,2
0.39,0.223,0.406,0,0,1,2
0.39,0.223,0.409,0,0,1,2
0.39,0.223,0.412,0,0,1,2
0.39,0.223,0.415,0,0,1,2
0.39,0.223,0.418,0,0,1,2
0.39,0.223,0.420999,0,0,1,2
0.39,0.223,0.423999,0,0,1,2
0.39,0.223,0.426999,0,0,1,2
0.39,0.223,0.429999,0,0,1,2
0.39,0.223,0.432999,0,0,1,2
0.39,0.223,0.435999,0,0,1,2
0.39,0.223,0.438999,0,0,1,2
0.39,0.223,0.441999,0,0,1,2
0.39,0.223,0.444999,0,0,1,2
0.39,0.223,0.447999,0,0,1,2
0.39,0.223,0.450999,0,0,1,2
0.39,0.226,0.25,0,0,1,2
0.39,0.226,0.253,0,0,1,2
0.39,0.226,0.256,0,0,1,2
0.39,0.226,0.259,0,0,1,2
0.39,0.226,0.262,0,0,1,2
0.39,0.226,0.265,0,0,1,2
0.39,0.226,0.268,0,0,1,2
0.39,0.226,0.271,0,0,1,2
0.39,0.226,0.274,0,0,1,2
0.39,0.226,0.277,0,0,1,2
0.39,0.226,0.28,0,0,1,2
0.39,0.226,0.283,0,0,1,2
0.39,0.226,0.286,0,0,1,2
0.39,0.226,0.289,0,0,1,2
0.39,0.226,0.292,0,0,1,2
0.39,0.226,0.295,0,0,1,2
0.39,0.226,0.298,0,0,1,2
0.39,0.226,0.301,0,0,1,2
0.39,0.226,0.304,0,0,1,2
0.39,0.226,0.307,0,0,1,2
0.39,0.226,0.31,0,0,1,2
0.39,0.226,0.313,0,0,1,2
0.39,0.226,0.316,0,0,1,2
0.39,0.226,0.319,0,0,1,2
0.39,0.226,0.322,0,0,1,2
0.39,0.226,0.325,0,0,1,2
0.39,0.226,0.328,0,0,1,2
0.39,0.226,0.331,0,0,1,2
0.39,0.226,0.334,0,0,1,2
0.39,0.226,0.337,0,0,1,2
0.39,0.226,0.34,0,0,1,2
0.39,0.226,0.343,0,0,1,2
0.39,0.226,0.346,0,0,1,2
0.39,0.226,0.349,0,0,1,2
0.39,0.226,0.352,0,0,1,2
0.39,0.226,0.355,0,0,1,2
0.39,0.226,0.358,0,0,1,2
0.39,0.226,0.361,0,0,1,2
0.39,0.226,0.364,0,0,1,2
0.39,0.226,0.367,0,0,1,2
0.39,0.226,0.37,0,0,1,2
0.39,0.226,0.373,0,0,1,2
0.39,0.226,0.376,0,0,1,2
0.39,0.226,0.379,0,0,1,2
0.39,0.226,0.382,0,0,1,2
0.39,0.226,0.385,0,0,1,2
0.39,0.226,0.388,0,0,1,2
0.39,0.226,0.391,0,0,1,2
0.39,0.226,0.394,0,0,1,2
0.39,0.226,0.397,0,0,1,2
0.39,0.226,0.4,0,0,1,2
0.39,0.226,0.403,0,0,1,2
0.39,0.226,0.406,0,0,1,2
0.39,0.226,0.409,0,0,1,2
0.39,0.226,0.412,0,0,1,2
0.39,0.226,0.415,0,0,1,2
0.39,0.226,0.418,0,0,1,2
0.39,0.226,0.420999,0,0,1,2
0.39,0.226,0.423999,0,0,1,2
0.39,0.226,0.426999,0,0,1,2
0.39,0.226,0.429999,0,0,1,2
0.39,0.226,0.432999,0,0,1,2
0.39,0.226,0.435999,0,0,1,2
0.39,0.226,0.438999,0,0,1,2
0.39,0.226,0.441999,0,0,1,2
0.39,0.226,0.444999,0,0,1,2
0.39,0.226,0.447999,0,0,1,2
0.39,0.226,0.450999,0,0,1,2
0.39,0.229,0.25,0,0,1,2
0.39,0.229,0.253,0,0,1,2
0.39,0.229,0.256,0,0,1,2
0.39,0.229,0.259,0,0,1,2
0.39,0.229,0.262,0,0,1,2
0.39,0.229,0.265,0,0,1,2
0.39,0.229,0.268,0,0,1,2
0.39,0.229,0.271,0,0,1,2
0.39,0.229,0.274,0,0,1,2
0.39,0.229,0.277,0,0,1,2
0.39,0.229,0.28,0,0,1,2
0.39,0.229,0.283,0,0,1,2
0.39,0.229,0.286,0,0,1,2
0.39,0.229,0.289,0,0,1,2
0.39,0.229,0.292,0,0,1,2
0.39,0.229,0.295,0,0,1,2
0.39,0.229,0.298,0,0,1,2
0.39,0.229,0.301,0,0,1,2
0.39,0.229,0.304,0,0,1,2
0.39,0.229,0.307,0,0,1,2
0.39,0.229,0.31,0,0,1,2
0.39,0.229,0.313,0,0,1,2
0.39,0.229,0.316,0,0,1,2
0.39,0.229,0.319,0,0,1,2
0.39,0.229,0.322,0,0,1,2
0.39,0.229,0.325,0,0,1,2
0.39,0.229,0.328,0,0,1,2
0.39,0.229,0.331,0,0,1,2
0.39,0.229,0.334,0,0,1,2
0.39,0.229,0.337,0,0,1,2
0.39,0.229,0.34,0,0,1,2
0.39,0.229,0.343,0,0,1,2
0.39,0.229,0.346,0,0,1,2
0.39,0.229,0.349,0,0,1,2
0.39,0.229,0.352,0,0,1,2
0.39,0.229,0.355,0,0,1,2
0.39,0.229,0.358,0,0,1,2
0.39,0.229,0.361,0,0,1,2
0.39,0.229,0.364,0,0,1,2
0.39,0.229,0.367,0,0,1,2
0.39,0.229,0.37,0,0,1,2
0.39,0.229,0.373,0,0,1,2
0.39,0.229,0.376,0,0,1,2
0.39,0.229,0.379,0,0,1,2
0.39,0.229,0.382,0,0,1,2
0.39,0.229,0.385,0,0,1,2
0.39,0.229,0.388,0,0,1,2
0.39,0.229,0.391,0,0,1,2
0.39,0.229,0.394,0,0,1,2
0.39,0.229,0.397,0,0,1,2
0.39,0.229,0.4,0,0,1,2
0.39,0.229,0.403,0,0,1,2
0.39,0.229,0.406,0,0,1,2
0.39,0.229,0.409,0,0,1,2
0.39,0.229,0.412,0,0,1,2
0.39,0.229,0.415,0,0,1,2
0.39,0.229,0.418,0,0,1,2
0.39,0.229,0.420999,0,0,1,2
0.39,0.229,0.423999,0,0,1,2
0.39,0.229,0.426999,0,0,1,2
0.39,0.229,0.429999,0,0,1,2
0.39,0.229,0.432999,0,0,1,2
0.39,0.229,0.435999,0,0,1,2
0.39,0.229,0.438999,0,0,1,2
0.39,0.229,0.441999,0,0,1,2
0.39,0.229,0.444999,0,0,1,2
0.39,0.229,0.447999,0,0,1,2
0.39,0.229,0.450999,0,0,1,2
0.39,0.232,0.25,0,0,1,2
0.39,0.232,0.253,0,0,1,2
0.39,0.232,0.256,0,0,1,2
0.39,0.232,0.259,0,0,1,2
0.39,0.232,0.262,0,0,1,2
0.39,0.232,0.265,0,0,1,2
0.39,0.232,0.268,0,0,1,2
0.39,0.232,0.271,0,0,1,2
0.39,0.232,0.274,0,0,1,2
0.39,0.232,0.277,0,0,1,2
0.39,0.232,0.28,0,0,1,2
0.39,0.232,0.283,0,0,1,2
0.39,0.232,0.286,0,0,1,2
0.39,0.232,0.289,0,0,1,2
0.39,0.232,0.292,0,0,1,2
0.39,0.232,0.295,0,0,1,2
0.39,0.232,0.298,0,0,1,2
0.39,0.232,0.301,0,0,1,2
0.39,0.232,0.304,0,0,1,2
0.39,0.232,0.307,0,0,1,2
0.39,0.232,0.31,0,0,1,2
0.39,0.232,0.313,0,0,1,2
0.39,0.232,0.316,0,0,1,2
0.39,0.232,0.319,0,0,1,2
0.39,0.232,0.322,0,0,1,2
0.39,0.232,0.325,0,0,1,2
0.39,0.232,0.328,0,0,1,2
0.39,0.232,0.331,0,0,1,2
0.39,0.232,0.334,0,0,1,2
0.39,0.232,0.337,0,0,1,2
0.39,0.232,0.34,0,0,1,2
0.39,0.232,0.343,0,0,1,2
0.39,0.232,0.346,0,0,1,2
0.39,0.232,0.349,0,0,1,2
0.39,0.232,0.352,0,0,1,2
0.39,0.232,0.355,0,0,1,2
0.39,0.232,0.358,0,0,1,2
0.39,0.232,0.361,0,0,1,2
0.39,0.232,0.364,0,0,1,2
0.39,0.232,0.367,0,0,1,2
0.39,0.232,0.37,0,0,1,2
0.39,0.232,0.373,0,0,1,2
0.39,0.232,0.376,0,0,1,2
0.39,0.232,0.379,0,0,1,2
0.39,0.232,0.382,0,0,1,2
0.39,0.232,0.385,0,0,1,2
0.39,0.232,0.388,0,0,1,2
0.39,0.232,0.391,0,0,1,2
0.39,0.232,0.394,0,0,1,2
0.39,0.232,0.397,0,0,1,2
0.39,0.232,0.4,0,0,1,2
0.39,0.232,0.403,0,0,1,2
0.39,0.232,0.406,0,0,1,2
0.39,0.232,0.409,0,0,1,2
0.39,0.232,0.412,0,0,1,2
0.39,0.232,0.415,0,0,1,2
0.39,0.232,0.418,0,0,1,2
0.39,0.232,0.420999,0,0,1,2
0.39,0.232,0.423999,0,0,1,2
0.39,0.232,0.426999,0,0,1,2
0.39,0.232,0.429999,0,0,1,2
0.39,0.232,0.432999,0,0,1,2
0.39,0.232,0.435999,0,0,1,2
0.39,0.232,0.438999,0,0,1,2
0.39,0.232,0.441999,0,0,1,2
0.39,0.232,0.444999,0,0,1,2
0.39,0.232,0.447999,0,0,1,2
0.39,0.232,0.450999,0,0,1,2
0.39,0.235,0.25,0,0,1,2
0.39,0.235,0.253,0,0,1,2
0.39,0.235,0.256,0,0,1,2
0.39,0.235,0.259,0,0,1,2
0.39,0.235,0.262,0,0,1,2
0.39,0.235,0.265,0,0,1,2
0.39,0.235,0.268,0,0,1,2
0.39,0.235,0.271,0,0,1,2
0.39,0.235,0.274,0,0,1,2
0.39,0.235,0.277,0,0,1,2
0.39,0.235,0.28,0,0,1,2
0.39,0.235,0.283,0,0,1,2
0.39,0.235,0.286,0,0,1,2
0.39,0.235,0.289,0,0,1,2
0.39,0.235,0.292,0,0,1,2
0.39,0.235,0.295,0,0,1,2
0.39,0.235,0.298,0,0,1,2
0.39,0.235,0.301,0,0,1,2
0.39,0.235,0.304,0,0,1,2
0.39,0.235,0.307,0,0,1,2
0.39,0.235,0.31,0,0,1,2
0.39,0.235,0.313,0,0,1,2
0.39,0.235,0.316,0,0,1,2
0.39,0.235,0.319,0,0,1,2
0.39,0.235,0.322,0,0,1,2
0.39,0.235,0.325,0,0,1,2
0.39,0.235,0.328,0,0,1,2
0.39,0.235,0.331,0,0,1,2
0.39,0.235,0.334,0,0,1,2
0.39,0.235,0.337,0,0,1,2
0.39,0.235,0.34,0,0,1,2
0.39,0.235,0.343,0,0,1,2
0.39,0.235,0.346,0,0,1,2
0.39,0.235,0.349,0,0,1,2
0.39,0.235,0.352,0,0,1,2
0.39,0.235,0.355,0,0,1,2
0.39,0.235,0.358,0,0,1,2
0.39,0.235,0.361,0,0,1,2
0.39,0.235,0.364,0,0,1,2
0.39,0.235,0.367,0,0,1,2
0.39,0.235,0.37,0,0,1,2
0.39,0.235,0.373,0,0,1,2
0.39,0.235,0.376,0,0,1,2
0.39,0.235,0.379,0,0,1,2
0.39,0.235,0.382,0,0,1,2
0.39,0.235,0.385,0,0,1,2
0.39,0.235,0.388,0,0,1,2
0.39,0.235,0.391,0,0,1,2
0.39,0.235,0.394,0,0,1,2
0.39,0.235,0.397,0,0,1,2
0.39,0.235,0.4,0,0,1,2
0.39,0.235,0.403,0,0,1,2
0.39,0.235,0.406,0,0,1,2
0.39,0.235,0.409,0,0,1,2
0.39,0.235,0.412,0,0,1,2
0.39,0.235,0.415,0,0,1,2
0.39,0.235,0.418,0,0,1,2
0.39,0.235,0.420999,0,0,1,2
0.39,0.235,0.423999,0,0,1,2
0.39,0.235,0.426999,0,0,1,2
0.39,0.235,0.429999,0,0,1,2
0.39,0.235,0.432999,0,0,1,2
0.39,0.235,0.435999,0,0,1,2
0.39,0.235,0.438999,0,0,1,2
0.39,0.235,0.441999,0,0,1,2
0.39,0.235,0.444999,0,0,1,2
0.39,0.235,0.447999,0,0,1,2
0.39,0.235,0.450999,0,0,1,2
0.39,0.238,0.25,0,0,1,2
0.39,0.238,0.253,0,0,1,2
0.39,0.238,0.256,0,0,1,2
0.39,0.238,0.259,0,0,1,2
0.39,0.238,0.262,0,0,1,2
0.39,0.238,0.265,0,0,1,2
0.39,0.238,0.268,0,0,1,2
0.39,0.238,0.271,0,0,1,2
0.39,0.238,0.274,0,0,1,2
0.39,0.238,0.277,0,0,1,2
0.39,0.238,0.28,0,0,1,2
0.39,0.238,0.283,0,0,1,2
0.39,0.238,0.286,0,0,1,2
0.39,0.238,0.289,0,0,1,2
0.39,0.238,0.292,0,0,1,2
0.39,0.238,0.295,0,0,1,2
0.39,0.238,0.298,0,0,1,2
0.39,0.238,0.301,0,0,1,2
0.39,0.238,0.304,0,0,1,2
0.39,0.238,0.307,0,0,1,2
0.39,0.238,0.31,0,0,1,2
0.39,0.238,0.313,0,0,1,2
0.39,0.238,0.316,0,0,1,2
0.39,0.238,0.319,0,0,1,2
0.39,0.238,0.322,0,0,1,2
0.39,0.238,0.325,0,0,1,2
0.39,0.238,0.328,0,0,1,2
0.39,0.238,0.331,0,0,1,2
0.39,0.238,0.334,0,0,1,2
0.39,0.238,0.337,0,0,1,2
0.39,0.238,0.34,0,0,1,2
0.39,0.238,0.343,0,0,1,2
0.39,0.238,0.346,0,0,1,2
0.39,0.238,0.349,0,0,1,2
0.39,0.238,0.352,0,0,1,2
0.39,0.238,0.355,0,0,1,2
0.39,0.238,0.358,0,0,1,2
0.39,0.238,0.361,0,0,1,2
0.39,0.238,0.364,0,0,1,2
0.39,0.238,0.367,0,0,1,2
0.39,0.238,0.37,0,0,1,2
0.39,0.238,0.373,0,0,1,2
0.39,0.238,0.376,0,0,1,2
0.39,0.238,0.379,0,0,1,2
0.39,0.238,0.382,0,0,1,2
0.39,0.238,0.385,0,0,1,2
0.39,0.238,0.388,0,0,1,2
0.39,0.238,0.391,0,0,1,2
0.39,0.238,0.394,0,0,1,2
0.39,0.238,0.397,0,0,1,2
0.39,0.238,0.4,0,0,1,2
0.39,0.238,0.403,0,0,1,2
0.39,0.238,0.406,0,0,1,2
0.39,0.238,0.409,0,0,1,2
0.39,0.238,0.412,0,0,1,2
0.39,0.238,0.415,0,0,1,2
0.39,0.238,0.418,0,0,1,2
0.39,0.238,0.420999,0,0,1,2
0.39,0.238,0.423999,0,0,1,2
0.39,0.238,0.426999,0,0,1,2
0.39,0.238,0.429999,0,0,1,2
0.39,0.238,0.432999,0,0,1,2
0.39,0.238,0.435999,0,0,1,2
0.39,0.238,0.438999,0,0,1,2
0.39,0.238,0.441999,0,0,1,2
0.39,0.238,0.444999,0,0,1,2
0.39,0.238,0.447999,0,0,1,2
0.39,0.238,0.450999,0,0,1,2
0.39,0.241,0.25,0,0,1,2
0.39,0.241,0.253,0,0,1,2
0.39,0.241,0.256,0,0,1,2
0.39,0.241,0.259,0,0,1,2
0.39,0.241,0.262,0,0,1,2
0.39,0.241,0.265,0,0,1,2
0.39,0.241,0.268,0,0,1,2
0.39,0.241,0.271,0,0,1,2
0.39,0.241,0.274,0,0,1,2
0.39,0.241,0.277,0,0,1,2
0.39,0.241,0.28,0,0,1,2
0.39,0.241,0.283,0,0,1,2
0.39,0.241,0.286,0,0,1,2
0.39,0.241,0.289,0,0,1,2
0.39,0.241,0.292,0,0,1,2
0.39,0.241,0.295,0,0,1,2
0.39,0.241,0.298,0,0,1,2
0.39,0.241,0.301,0,0,1,2
0.39,0.241,0.304,0,0,1,2
0.39,0.241,0.307,0,0,1,2
0.39,0.241,0.31,0,0,1,2
0.39,0.241,0.313,0,0,1,2
0.39,0.241,0.316,0,0,1,2
0.39,0.241,0.319,0,0,1,2
0.39,0.241,0.322,0,0,1,2
0.39,0.241,0.325,0,0,1,2
0.39,0.241,0.328,0,0,1,2
0.39,0.241,0.331,0,0,1,2
0.39,0.241,0.334,0,0,1,2
0.39,0.241,0.337,0,0,1,2
0.39,0.241,0.34,0,0,1,2
0.39,0.241,0.343,0,0,1,2
0.39,0.241,0.346,0,0,1,2
0.39,0.241,0.349,0,0,1,2
0.39,0.241,0.352,0,0,1,2
0.39,0.241,0.355,0,0,1,2
0.39,0.241,0.358,0,0,1,2
0.39,0.241,0.361,0,0,1,2
0.39,0.241,0.364,0,0,1,2
0.39,0.241,0.367,0,0,1,2
0.39,0.241,0.37,0,0,1,2
0.39,0.241,0.373,0,0,1,2
0.39,0.241,0.376,0,0,1,2
0.39,0.241,0.379,0,0,1,2
0.39,0.241,0.382,0,0,1,2
0.39,0.241,0.385,0,0,1,2
0.39,0.241,0.388,0,0,1,2
0.39,0.241,0.391,0,0,1,2
0.39,0.241,0.394,0,0,1,2
0.39,0.241,0.397,0,0,1,2
0.39,0.241,0.4,0,0,1,2
0.39,0.241,0.403,0,0,1,2
0.39,0.241,0.406,0,0,1,2
0.39,0.241,0.409,0,0,1,2
0.39,0.241,0.412,0,0,1,2
0.39,0.241,0.415,0,0,1,2
0.39,0.241,0.418,0,0,1,2
0.39,0.241,0.420999,0,0,1,2
0.39,0.241,0.423999,0,0,1,2
0.39,0.241,0.426999,0,0,1,2
0.39,0.241,0.429999,0,0,1,2
0.39,0.241,0.432999,0,0,1,2
0.39,0.241,0.435999,0,0,1,2
0.39,0.241,0.438999,0,0,1,2
0.39,0.241,0.441999,0,0,1,2
0.39,0.241,0.444999,0,0,1,2
0.39,0.241,0.447999,0,0,1,2
0.39,0.241,0.450999,0,0,1,2
0.39,0.244,0.25,0,0,1,2
0.39,0.244,0.253,0,0,1,2
0.39,0.244,0.256,0,0,1,2
0.39,0.244,0.259,0,0,1,2
0.39,0.244,0.262,0,0,1,2
0.39,0.244,0.265,0,0,1,2
0.39,0.244,0.268,0,0,1,2
0.39,0.244,0.271,0,0,1,2
0.39,0.244,0.274,0,0,1,2
0.39,0.244,0.277,0,0,1,2
0.39,0.244,0.28,0,0,1,2
0.39,0.244,0.283,0,0,1,2
0.39,0.244,0.286,0,0,1,2
0.39,0.244,0.289,0,0,1,2
0.39,0.244,0.292,0,0,1,2
0.39,0.244,0.295,0,0,1,2
0.39,0.244,0.298,0,0,1,2
0.39,0.244,0.301,0,0,1,2
0.39,0.244,0.304,0,0,1,2
0.39,0.244,0.307,0,0,1,2
0.39,0.244,0.31,0,0,1,2
0.39,0.244,0.313,0,0,1,2
0.39,0.244,0.316,0,0,1,2
0.39,0.244,0.319,0,0,1,2
0.39,0.244,0.322,0,0,1,2
0.39,0.244,0.325,0,0,1,2
0.39,0.244,0.328,0,0,1,2
0.39,0.244,0.331,0,0,1,2
0.39,0.244,0.334,0,0,1,2
0.39,0.244,0.337,0,0,1,2
0.39,0.244,0.34,0,0,1,2
0.39,0.244,0.343,0,0,1,2
0.39,0.244,0.346,0,0,1,2
0.39,0.244,0.349,0,0,1,2
0.39,0.244,0.352,0,0,1,2
0.39,0.244,0.355,0,0,1,2
0.39,0.244,0.358,0,0,1,2
0.39,0.244,0.361,0,0,1,2
0.39,0.244,0.364,0,0,1,2
0.39,0.244,0.367,0,0,1,2
0.39,0.244,0.37,0,0,1,2
0.39,0.244,0.373,0,0,1,2
0.39,0.244,0.376,0,0,1,2
0.39,0.244,0.379,0,0,1,2
0.39,0.244,0.382,0,0,1,2
0.39,0.244,0.385,0,0,1,2
0.39,0.244,0.388,0,0,1,2
0.39,0.244,0.391,0,0,1,2
0.39,0.244,0.394,0,0,1,2
0.39,0.244,0.397,0,0,1,2
0.39,0.244,0.4,0,0,1,2
0.39,0.244,0.403,0,0,1,2
0.39,0.244,0.406,0,0,1,2
0.39,0.244,0.409,0,0,1,2
0.39,0.244,0.412,0,0,1,2
0.39,0.244,0.415,0,0,1,2
0.39,0.244,0.418,0,0,1,2
0.39,0.244,0.420999,0,0,1,2
0.39,0.244,0.423999,0,0,1,2
0.39,0.244,0.426999,0,0,1,2
0.39,0.244,0.429999,0,0,1,2
0.39,0.244,0.432999,0,0,1,2
0.39,0.244,0.435999,0,0,1,2
0.39,0.244,0.438999,0,0,1,2
0.39,0.244,0.441999,0,0,1,2
0.39,0.244,0.444999,0,0,1,2
0.39,0.244,0.447999,0,0,1,2
0.39,0.244,0.450999,0,0,1,2
0.39,0.247,0.25,0,0,1,2
0.39,0.247,0.253,0,0,1,2
0.39,0.247,0.256,0,0,1,2
0.39,0.247,0.259,0,0,1,2
0.39,0.247,0.262,0,0,1,2
0.39,0.247,0.265,0,0,1,2
0.39,0.247,0.268,0,0,1,2
0.39,0.247,0.271,0,0,1,2
0.39,0.247,0.274,0,0,1,2
0.39,0.247,0.277,0,0,1,2
0.39,0.247,0.28,0,0,1,2
0.39,0.247,0.283,0,0,1,2
0.39,0.247,0.286,0,0,1,2
0.39,0.247,0.289,0,0,1,2
0.39,0.247,0.292,0,0,1,2
0.39,0.247,0.295,0,0,1,2
0.39,0.247,0.298,0,0,1,2
0.39,0.247,0.301,0,0,1,2
0.39,0.247,0.304,0,0,1,2
0.39,0.247,0.307,0,0,1,2
0.39,0.247,0.31,0,0,1,2
0.39,0.247,0.313,0,0,1,2
0.39,0.247,0.316,0,0,1,2
0.39,0.247,0.319,0,0,1,2
0.39,0.247,0.322,0,0,1,2
0.39,0.247,0.325,0,0,1,2
0.39,0.247,0.328,0,0,1,2
0.39,0.247,0.331,0,0,1,2
0.39,0.247,0.334,0,0,1,2
0.39,0.247,0.337,0,0,1,2
0.39,0.247,0.34,0,0,1,2
0.39,0.247,0.343,0,0,1,2
0.39,0.247,0.346,0,0,1,2
0.39,0.247,0.349,0,0,1,2
0.39,0.247,0.352,0,0,1,2
0.39,0.247,0.355,0,0,1,2
0.39,0.247,0.358,0,0,1,2
0.39,0.247,0.361,0,0,1,2
0.39,0.247,0.364,0,0,1,2
0.39,0.247,0.367,0,0,1,2
0.39,0.247,0.37,0,0,1,2
0.39,0.247,0.373,0,0,1,2
0.39,0.247,0.376,0,0,1,2
0.39,0.247,0.379,0,0,1,2
0.39,0.247,0.382,0,0,1,2
0.39,0.247,0.385,0,0,1,2
0.39,0.247,0.388,0,0,1,2
0.39,0.247,0.391,0,0,1,2
0.39,0.247,0.394,0,0,1,2
0.39,0.247,0.397,0,0,1,2
0.39,0.247,0.4,0,0,1,2
0.39,0.247,0.403,0,0,1,2
0.39,0.247,0.406,0,0,1,2
0.39,0.247,0.409,0,0,1,2
0.39,0.247,0.412,0,0,1,2
0.39,0.247,0.415,0,0,1,2
0.39,0.247,0.418,0,0,1,2
0.39,0.247,0.420999,0,0,1,2
0.39,0.247,0.423999,0,0,1,2
0.39,0.247,0.426999,0,0,1,2
0.39,0.247,0.429999,0,0,1,2
0.39,0.247,0.432999,0,0,1,2
0.39,0.247,0.435999,0,0,1,2
0.39,0.247,0.438999,0,0,1,2
0.39,0.247,0.441999,0,0,1,2
0.39,0.247,0.444999,0,0,1,2
0.39,0.247,0.447999,0,0,1,2
0.39,0.247,0.450999,0,0,1,2
0.39,0.25,0.25,0,0,1,2
0.39,0.25,0.253,0,0,1,2
0.39,0.25,0.256,0,0,1,2
0.39,0.25,0.259,0,0,1,2
0.39,0.25,0.262,0,0,1,2
0.39,0.25,0.265,0,0,1,2
0.39,0.25,0.268,0,0,1,2
0.39,0.25,0.271,0,0,1,2
0.39,0.25,0.274,0,0,1,2
0.39,0.25,0.277,0,0,1,2
0.39,0.25,0.28,0,0,1,2
0.39,0.25,0.283,0,0,1,2
0.39,0.25,0.286,0,0,1,2
0.39,0.25,0.289,0,0,1,2
0.39,0.25,0.292,0,0,1,2
0.39,0.25,0.295,0,0,1,2
0.39,0.25,0.298,0,0,1,2
0.39,0.25,0.301,0,0,1,2
0.39,0.25,0.304,0,0,1,2
0.39,0.25,0.307,0,0,1,2
0.39,0.25,0.31,0,0,1,2
0.39,0.25,0.313,0,0,1,2
0.39,0.25,0.316,0,0,1,2
0.39,0.25,0.319,0,0,1,2
0.39,0.25,0.322,0,0,1,2
0.39,0.25,0.325,0,0,1,2
0.39,0.25,0.328,0,0,1,2
0.39,0.25,0.331,0,0,1,2
0.39,0.25,0.334,0,0,1,2
0.39,0.25,0.337,0,0,1,2
0.39,0.25,0.34,0,0,1,2
0.39,0.25,0.343,0,0,1,2
0.39,0.25,0.346,0,0,1,2
0.39,0.25,0.349,0,0,1,2
0.39,0.25,0.352,0,0,1,2
0.39,0.25,0.355,0,0,1,2
0.39,0.25,0.358,0,0,1,2
0.39,0.25,0.361,0,0,1,2
0.39,0.25,0.364,0,0,1,2
0.39,0.25,0.367,0,0,1,2
0.39,0.25,0.37,0,0,1,2
0.39,0.25,0.373,0,0,1,2
0.39,0.25,0.376,0,0,1,2
0.39,0.25,0.379,0,0,1,2
0.39,0.25,0.382,0,0,1,2
0.39,0.25,0.385,0,0,1,2
0.39,0.25,0.388,0,0,1,2
0.39,0.25,0.391,0,0,1,2
0.39,0.25,0.394,0,0,1,2
0.39,0.25,0.397,0,0,1,2
0.39,0.25,0.4,0,0,1,2
0.39,0.25,0.403,0,0,1,2
0.39,0.25,0.406,0,0,1,2
0.39,0.25,0.409,0,0,1,2
0.39,0.25,0.412,0,0,1,2
0.39,0.25,0.415,0,0,1,2
0.39,0.25,0.418,0,0,1,2
0.39,0.25,0.420999,0,0,1,2
0.39,0.25,0.423999,0,0,1,2
0.39,0.25,0.426999,0,0,1,2
0.39,0.25,0.429999,0,0,1,2
0.39,0.25,0.432999,0,0,1,2
0.39,0.25,0.435999,0,0,1,2
0.39,0.25,0.438999,0,0,1,2
0.39,0.25,0.441999,0,0,1,2
0.39,0.25,0.444999,0,0,1,2
0.39,0.25,0.447999,0,0,1,2
0.39,0.25,0.450999,0,0,1,2
0.39,0.253,0.25,0,0,1,2
0.39,0.253,0.253,0,0,1,2
0.39,0.253,0.256,0,0,1,2
0.39,0.253,0.259,0,0,1,2
0.39,0.253,0.262,0,0,1,2
0.39,0.253,0.265,0,0,1,2
0.39,0.253,0.268,0,0,1,2
0.39,0.253,0.271,0,0,1,2
0.39,0.253,0.274,0,0,1,2
0.39,0.253,0.277,0,0,1,2
0.39,0.253,0.28,0,0,1,2
0.39,0.253,0.283,0,0,1,2
0.39,0.253,0.286,0,0,1,2
0.39,0.253,0.289,0,0,1,2
0.39,0.253,0.292,0,0,1,2
0.39,0.253,0.295,0,0,1,2
0.39,0.253,0.298,0,0,1,2
0.39,0.253,0.301,0,0,1,2
0.39,0.253,0.304,0,0,1,2
0.39,0.253,0.307,0,0,1,2
0.39,0.253,0.31,0,0,1,2
0.39,0.253,0.313,0,0,1,2
0.39,0.253,0.316,0,0,1,2
0.39,0.253,0.319,0,0,1,2
0.39,0.253,0.322,0,0,1,2
0.39,0.253,0.325,0,0,1,2
0.39,0.253,0.328,0,0,1,2
0.39,0.253,0.331,0,0,1,2
0.39,0.253,0.334,0,0,1,2
0.39,0.253,0.337,0,0,1,2
0.39,0.253,0.34,0,0,1,2
0.39,0.253,0.343,0,0,1,2
0.39,0.253,0.346,0,0,1,2
0.39,0.253,0.349,0,0,1,2
0.39,0.253,0.352,0,0,1,2
0.39,0.253,0.355,0,0,1,2
0.39,0.253,0.358,0,0,1,2
0.39,0.253,0.361,0,0,1,2
0.39,0.253,0.364,0,0,1,2
0.39,0.253,0.367,0,0,1,2
0.39,0.253,0.37,0,0,1,2
0.39,0.253,0.373,0,0,1,2
0.39,0.253,0.376,0,0,1,2
0.39,0.253,0.379,0,0,1,2
0.39,0.253,0.382,0,0,1,2
0.39,0.253,0.385,0,0,1,2
0.39,0.253,0.388,0,0,1,2
0.39,0.253,0.391,0,0,1,2
0.39,0.253,0.394,0,0,1,2
0.39,0.253,0.397,0,0,1,2
0.39,0.253,0.4,0,0,1,2
0.39,0.253,0.403,0,0,1,2
0.39,0.253,0.406,0,0,1,2
0.39,0.253,0.409,0,0,1,2
0.39,0.253,0.412,0,0,1,2
0.39,0.253,0.415,0,0,1,2
0.39,0.253,0.418,0,0,1,2
0.39,0.253,0.420999,0,0,1,2
0.39,0.253,0.423999,0,0,1,2
0.39,0.253,0.426999,0,0,1,2
0.39,0.253,0.429999,0,0,1,2
0.39,0.253,0.432999,0,0,1,2
0.39,0.253,0.435999,0,0,1,2
0.39,0.253,0.438999,0,0,1,2
0.39,0.253,0.441999,0,0,1,2
0.39,0.253,0.444999,0,0,1,2
0.39,0.253,0.447999,0,0,1,2
0.39,0.253,0.450999,0,0,1,2
0.39,0.256,0.25,0,0,1,2
0.39,0.256,0.253,0,0,1,2
0.39,0.256,0.256,0,0,1,2
0.39,0.256,0.259,0,0,1,2
0.39,0.256,0.262,0,0,1,2
0.39,0.256,0.265,0,0,1,2
0.39,0.256,0.268,0,0,1,2
0.39,0.256,0.271,0,0,1,2
0.39,0.256,0.274,0,0,1,2
0.39,0.256,0.277,0,0,1,2
0.39,0.256,0.28,0,0,1,2
0.39,0.256,0.283,0,0,1,2
0.39,0.256,0.286,0,0,1,2
0.39,0.256,0.289,0,0,1,2
0.39,0.256,0.292,0,0,1,2
0.39,0.256,0.295,0,0,1,2
0.39,0.256,0.298,0,0,1,2
0.39,0.256,0.301,0,0,1,2
0.39,0.256,0.304,0,0,1,2
0.39,0.256,0.307,0,0,1,2
0.39,0.256,0.31,0,0,1,2
0.39,0.256,0.313,0,0,1,2
0.39,0.256,0.316,0,0,1,2
0.39,0.256,0.319,0,0,1,2
0.39,0.256,0.322,0,0,1,2
0.39,0.256,0.325,0,0,1,2
0.39,0.256,0.328,0,0,1,2
0.39,0.256,0.331,0,0,1,2
0.39,0.256,0.334,0,0,1,2
0.39,0.256,0.337,0,0,1,2
0.39,0.256,0.34,0,0,1,2
0.39,0.256,0.343,0,0,1,2
0.39,0.256,0.346,0,0,1,2
0.39,0.256,0.349,0,0,1,2
0.39,0.256,0.352,0,0,1,2
0.39,0.256,0.355,0,0,1,2
0.39,0.256,0.358,0,0,1,2
0.39,0.256,0.361,0,0,1,2
0.39,0.256,0.364,0,0,1,2
0.39,0.256,0.367,0,0,1,2
0.39,0.256,0.37,0,0,1,2
0.39,0.256,0.373,0,0,1,2
0.39,0.256,0.376,0,0,1,2
0.39,0.256,0.379,0,0,1,2
0.39,0.256,0.382,0,0,1,2
0.39,0.256,0.385,0,0,1,2
0.39,0.256,0.388,0,0,1,2
0.39,0.256,0.391,0,0,1,2
0.39,0.256,0.394,0,0,1,2
0.39,0.256,0.397,0,0,1,2
0.39,0.256,0.4,0,0,1,2
0.39,0.256,0.403,0,0,1,2
0.39,0.256,0.406,0,0,1,2
0.39,0.256,0.409,0,0,1,2
0.39,0.256,0.412,0,0,1,2
0.39,0.256,0.415,0,0,1,2
0.39,0.256,0.418,0,0,1,2
0.39,0.256,0.420999,0,0,1,2
0.39,0.256,0.423999,0,0,1,2
0.39,0.256,0.426999,0,0,1,2
0.39,0.256,0.429999,0,0,1,2
0.39,0.256,0.432999,0,0,1,2
0.39,0.256,0.435999,0,0,1,2
0.39,0.256,0.438999,0,0,1,2
0.39,0.256,0.441999,0,0,1,2
0.39,0.256,0.444999,0,0,1,2
0.39,0.256,0.447999,0,0,1,2
0.39,0.256,0.450999,0,0,1,2
0.39,0.259,0.25,0,0,1,2
0.39,0.259,0.253,0,0,1,2
0.39,0.259,0.256,0,0,1,2
0.39,0.259,0.259,0,0,1,2
0.39,0.259,0.262,0,0,1,2
0.39,0.259,0.265,0,0,1,2
0.39,0.259,0.268,0,0,1,2
0.39,0.259,0.271,0,0,1,2
0.39,0.259,0.274,0,0,1,2
0.39,0.259,0.277,0,0,1,2
0.39,0.259,0.28,0,0,1,2
0.39,0.259,0.283,0,0,1,2
0.39,0.259,0.286,0,0,1,2
0.39,0.259,0.289,0,0,1,2
0.39,0.259,0.292,0,0,1,2
0.39,0.259,0.295,0,0,1,2
0.39,0.259,0.298,0,0,1,2
0.39,0.259,0.301,0,0,1,2
0.39,0.259,0.304,0,0,1,2
0.39,0.259,0.307,0,0,1,2
0.39,0.259,0.31,0,0,1,2
0.39,0.259,0.313,0,0,1,2
0.39,0.259,0.316,0,0,1,2
0.39,0.259,0.319,0,0,1,2
0.39,0.259,0.322,0,0,1,2
0.39,0.259,0.325,0,0,1,2
0.39,0.259,0.328,0,0,1,2
0.39,0.259,0.331,0,0,1,2
0.39,0.259,0.334,0,0,1,2
0.39,0.259,0.337,0,0,1,2
0.39,0.259,0.34,0,0,1,2
0.39,0.259,0.343,0,0,1,2
0.39,0.259,0.346,0,0,1,2
0.39,0.259,0.349,0,0,1,2
0.39,0.259,0.352,0,0,1,2
0.39,0.259,0.355,0,0,1,2
0.39,0.259,0.358,0,0,1,2
0.39,0.259,0.361,0,0,1,2
0.39,0.259,0.364,0,0,1,2
0.39,0.259,0.367,0,0,1,2
0.39,0.259,0.37,0,0,1,2
0.39,0.259,0.373,0,0,1,2
0.39,0.259,0.376,0,0,1,2
0.39,0.259,0.379,0,0,1,2
0.39,0.259,0.382,0,0,1,2
0.39,0.259,0.385,0,0,1,2
0.39,0.259,0.388,0,0,1,2
0.39,0.259,0.391,0,0,1,2
0.39,0.259,0.394,0,0,1,2
0.39,0.259,0.397,0,0,1,2
0.39,0.259,0.4,0,0,1,2
0.39,0.259,0.403,0,0,1,2
0.39,0.259,0.406,0,0,1,2
0.39,0.259,0.409,0,0,1,2
0.39,0.259,0.412,0,0,1,2
0.39,0.259,0.415,0,0,1,2
0.39,0.259,0.418,0,0,1,2
0.39,0.259,0.420999,0,0,1,2
0.39,0.259,0.423999,0,0,1,2
0.39,0.259,0.426999,0,0,1,2
0.39,0.259,0.429999,0,0,1,2
0.39,0.259,0.432999,0,0,1,2
0.39,0.259,0.435999,0,0,1,2
0.39,0.259,0.438999,0,0,1,2
0.39,0.259,0.441999,0,0,1,2
0.39,0.259,0.444999,0,0,1,2
0.39,0.259,0.447999,0,0,1,2
0.39,0.259,0.450999,0,0,1,2
0.57,0.1,0.25,0,0,1,2
0.57,0.1,0.253,0,0,1,2
0.57,0.1,0.256,0,0,1,2
0.57,0.1,0.259,0,0,1,2
0.57,0.1,0.262,0,0,1,2
0.57,0.1,0.265,0,0,1,2
0.57,0.1,0.268,0,0,1,2
0.57,0.1,0.271,0,0,1,2
0.57,0.1,0.274,0,0,1,2
0.57,0.1,0.277,0,0,1,2
0.57,0.1,0.28,0,0,1,2
0.57,0.1,0.283,0,0,1,2
0.57,0.1,0.286,0,0,1,2
0.57,0.1,0.289,0,0,1,2
0.57,0.1,0.292,0,0,1,2
0.57,0.1,0.295,0,0,1,2
0.57,0.1,0.298,0,0,1,2
0.57,0.1,0.301,0,0,1,2
0.57,0.1,0.304,0,0,1,2
0.57,0.1,0.307,0,0,1,2
0.57,0.1,0.31,0,0,1,2
0.57,0.1,0.313,0,0,1,2
0.57,0.1,0.316,0,0,1,2
0.57,0.1,0.319,0,0,1,2
0.57,0.1,0.322,0,0,1,2
0.57,0.1,0.325,0,0,1,2
0.57,0.1,0.328,0,0,1,2
0.57,0.1,0.331,0,0,1,2
0.57,0.1,0.334,0,0,1,2
0.57,0.1,0.337,0,0,1,2
0.57,0.1,0.34,0,0,1,2
0.57,0.1,0.343,0,0,1,2
0.57,0.1,0.346,0,0,1,2
0.57,0.1,0.349,0,0,1,2
0.57,0.1,0.352,0,0,1,2
0.57,0.1,0.355,0,0,1,2
0.57,0.1,0.358,0,0,1,2
0.57,0.1,0.361,0,0,1,2
0.57,0.1,0.364,0,0,1,2
0.57,0.1,0.367,0,0,1,2
0.57,0.1,0.37,0,0,1,2
0.57,0.1,0.373,0,0,1,2
0.57,0.1,0.376,0,0,1,2
0.57,0.1,0.379,0,0,1,2
0.57,0.1,0.382,0,0,1,2
0.57,0.1,0.385,0,0,1,2
0.57,0.1,0.388,0,0,1,2
0.57,0.1,0.391,0,0,1,2
0.57,0.1,0.394,0,0,1,2
0.57,0.1,0.397,0,0,1,2
0.57,0.1,0.4,0,0,1,2
0.57,0.1,0.403,0,0,1,2
0.57,0.1,0.406,0,0,1,2
0.57,0.1,0.409,0,0,1,2
0.57,0.1,0.412,0,0,1,2
0.57,0.1,0.415,0,0,1,2
0.57,0.1,0.418,0,0,1,2
0.57,0.1,0.420999,0,0,1,2
0.57,0.1,0.423999,0,0,1,2
0.57,0.1,0.426999,0,0,1,2
0.57,0.1,0.429999,0,0,1,2
0.57,0.1,0.432999,0,0,1,2
0.57,0.1,0.435999,0,0,1,2
0.57,0.1,0.438999,0,0,1,2
0.57,0.1,0.441999,0,0,1,2
0.57,0.1,0.444999,0,0,1,2
0.57,0.1,0.447999,0,0,1,2
0.57,0.1,0.450999,0,0,1,2
0.57,0.103,0.25,0,0,1,2
0.57,0.103,0.253,0,0,1,2
0.57,0.103,0.256,0,0,1,2
0.57,0.103,0.259,0,0,1,2
0.57,0.103,0.262,0,0,1,2
0.57,0.103,0.265,0,0,1,2
0.57,0.103,0.268,0,0,1,2
0.57,0.103,0.271,0,0,1,2
0.57,0.103,0.274,0,0,1,2
0.57,0.103,0.277,0,0,1,2
0.57,0.103,0.28,0,0,1,2
0.57,0.103,0.283,0,0,1,2
0.57,0.103,0.286,0,0,1,2
0.57,0.103,0.289,0,0,1,2
0.57,0.103,0.292,0,0,1,2
0.57,0.103,0.295,0,0,1,2
0.57,0.103,0.298,0,0,1,2
0.57,0.103,0.301,0,0,1,2
0.57,0.103,0.304,0,0,1,2
0.57,0.103,0.307,0,0,1,2
0.57,0.103,0.31,0,0,1,2
0.57,0.103,0.313,0,0,1,2
0.57,0.103,0.316,0,0,1,2
0.57,0.103,0.319,0,0,1,2
0.57,0.103,0.322,0,0,1,2
0.57,0.103,0.325,0,0,1,2
0.57,0.103,0.328,0,0,1,2
0.57,0.103,0.331,0,0,1,2
0.57,0.103,0.334,0,0,1,2
0.57,0.103,0.337,0,0,1,2
0.57,0.103,0.34,0,0,1,2
0.57,0.103,0.343,0,0,1,2
0.57,0.103,0.346,0,0,1,2
0.57,0.103,0.349,0,0,1,2
0.57,0.103,0.352,0,0,1,2
0.57,0.103,0.355,0,0,1,2
0.57,0.103,0.358,0,0,1,2
0.57,0.103,0.361,0,0,1,2
0.57,0.103,0.364,0,0,1,2
0.57,0.103,0.367,0,0,1,2
0.57,0.103,0.37,0,0,1,2
0.57,0.103,0.373,0,0,1,2
0.57,0.103,0.376,0,0,1,2
0.57,0.103,0.379,0,0,1,2
0.57,0.103,0.382,0,0,1,2
0.57,0.103,0.385,0,0,1,2
0.57,0.103,0.388,0,0,1,2
0.57,0.103,0.391,0,0,1,2
0.57,0.103,0.394,0,0,1,2
0.57,0.103,0.397,0,0,1,2
0.57,0.103,0.4,0,0,1,2
0.57,0.103,0.403,0,0,1,2
0.57,0.103,0.406,0,0,1,2
0.57,0.103,0.409,0,0,1,2
0.57,0.103,0.412,0,0,1,2
0.57,0.103,0.415,0,0,1,2
0.57,0.103,0.418,0,0,1,2
0.57,0.103,0.420999,0,0,1,2
0.57,0.103,0.423999,0,0,1,2
0.57,0.103,0.426999,0,0,1,2
0.57,0.103,0.429999,0,0,1,2
0.57,0.103,0.432999,0,0,1,2
0.57,0.103,0.435999,0,0,1,2
0.57,0.103,0.438999,0,0,1,2
0.57,0.103,0.441999,0,0,1,2
0.57,0.103,0.444999,0,0,1,2
0.57,0.103,0.447999,0,0,1,2
0.57,0.103,0.450999,0,0,1,2
0.57,0.106,0.25,0,0,1,2
0.57,0.106,0.253,0,0,1,2
0.57,0.106,0.256,0,0,1,2
0.57,0.106,0.259,0,0,1,2
0.57,0.106,0.262,0,0,1,2
0.57,0.106,0.265,0,0,1,2
0.57,0.106,0.268,0,0,1,2
0.57,0.106,0.271,0,0,1,2
0.57,0.106,0.274,0,0,1,2
0.57,0.106,0.277,0,0,1,2
0.57,0.106,0.28,0,0,1,2
0.57,0.106,0.283,0,0,1,2
0.57,0.106,0.286,0,0,1,2
0.57,0.106,0.289,0,0,1,2
0.57,0.106,0.292,0,0,1,2
0.57,0.106,0.295,0,0,1,2
0.57,0.106,0.298,0,0,1,2
0.57,0.106,0.301,0,0,1,2
0.57,0.106,0.304,0,0,1,2
0.57,0.106,0.307,0,0,1,2
0.57,0.106,0.31,0,0,1,2
0.57,0.106,0.313,0,0,1,2
0.57,0.106,0.316,0,0,1,2
0.57,0.106,0.319,0,0,1,2
0.57,0.106,0.322,0,0,1,2
0.57,0.106,0.325,0,0,1,2
0.57,0.106,0.328,0,0,1,2
0.57,0.106,0.331,0,0,1,2
0.57,0.106,0.334,0,0,1,2
0.57,0.106,0.337,0,0,1,2
0.57,0.106,0.34,0,0,1,2
0.57,0.106,0.343,0,0,1,2
0.57,0.106,0.346,0,0,1,2
0.57,0.106,0.349,0,0,1,2
0.57,0.106,0.352,0,0,1,2
0.57,0.106,0.355,0,0,1,2
0.57,0.106,0.358,0,0,1,2
0.57,0.106,0.361,0,0,1,2
0.57,0.106,0.364,0,0,1,2
0.57,0.106,0.367,0,0,1,2
0.57,0.106,0.37,0,0,1,2
0.57,0.106,0.373,0,0,1,2
0.57,0.106,0.376,0,0,1,2
0.57,0.106,0.379,0,0,1,2
0.57,0.106,0.382,0,0,1,2
0.57,0.106,0.385,0,0,1,2
0.57,0.106,0.388,0,0,1,2
0.57,0.106,0.391,0,0,1,2
0.57,0.106,0.394,0,0,1,2
0.57,0.106,0.397,0,0,1,2
0.57,0.106,0.4,0,0,1,2
0.57,0.106,0.403,0,0,1,2
0.57,0.106,0.406,0,0,1,2
0.57,0.106,0.409,0,0,1,2
0.57,0.106,0.412,0,0,1,2
0.57,0.106,0.415,0,0,1,2
0.57,0.106,0.418,0,0,1,2
0.57,0.106,0.420999,0,0,1,2
0.57,0.106,0.423999,0,0,1,2
0.57,0.106,0.426999,0,0,1,2
0.57,0.106,0.429999,0,0,1,2
0.57,0.106,0.432999,0,0,1,2
0.57,0.106,0.435999,0,0,1,2
0.57,0.106,0.438999,0,0,1,2
0.57,0.106,0.441999,0,0,1,2
0.57,0.106,0.444999,0,0,1,2
0.57,0.106,0.447999,0,0,1,2
0.57,0.106,0.450999,0,0,1,2
0.57,0.109,0.25,0,0,1,2
0.57,0.109,0.253,0,0,1,2
0.57,0.109,0.256,0,0,1,2
0.57,0.109,0.259,0,0,1,2
0.57,0.109,0.262,0,0,1,2
0.57,0.109,0.265,0,0,1,2
0.57,0.109,0.268,0,0,1,2
0.57,0.109,0.271,0,0,1,2
0.57,0.109,0.274,0,0,1,2
0.57,0.109,0.277,0,0,1,2
0.57,0.109,0.28,0,0,1,2
0.57,0.109,0.283,0,0,1,2
0.57,0.109,0.286,0,0,1,2
0.57,0.109,0.289,0,0,1,2
0.57,0.109,0.292,0,0,1,2
0.57,0.109,0.295,0,0,1,2
0.57,0.109,0.298,0,0,1,2
0.57,0.109,0.301,0,0,1,2
0.57,0.109,0.304,0,0,1,2
0.57,0.109,0.307,0,0,1,2
0.57,0.109,0.31,0,0,1,2
0.57,0.109,0.313,0,0,1,2
0.57,0.109,0.316,0,0,1,2
0.57,0.109,0.319,0,0,1,2
0.57,0.109,0.322,0,0,1,2
0.57,0.109,0.325,0,0,1,2
0.57,0.109,0.328,0,0,1,2
0.57,0.109,0.331,0,0,1,2
0.57,0.109,0.334,0,0,1,2
0.57,0.109,0.337,0,0,1,2
0.57,0.109,0.34,0,0,1,2
0.57,0.109,0.343,0,0,1,2
0.57,0.109,0.346,0,0,1,2
0.57,0.109,0.349,0,0,1,2
0.57,0.109,0.352,0,0,1,2
0.57,0.109,0.355,0,0,1,2
0.57,0.109,0.358,0,0,1,2
0.57,0.109,0.361,0,0,1,2
0.57,0.109,0.364,0,0,1,2
0.57,0.109,0.367,0,0,1,2
0.57,0.109,0.37,0,0,1,2
0.57,0.109,0.373,0,0,1,2
0.57,0.109,0.376,0,0,1,2
0.57,0.109,0.379,0,0,1,2
0.57,0.109,0.382,0,0,1,2
0.57,0.109,0.385,0,0,1,2
0.57,0.109,0.388,0,0,1,2
0.57,0.109,0.391,0,0,1,2
0.57,0.109,0.394,0,0,1,2
0.57,0.109,0.397,0,0,1,2
0.57,0.109,0.4,0,0,1,2
0.57,0.109,0.403,0,0,1,2
0.57,0.109,0.406,0,0,1,2
0.57,0.109,0.409,0,0,1,2
0.57,0.109,0.412,0,0,1,2
0.57,0.109,0.415,0,0,1,2
0.57,0.109,0.418,0,0,1,2
0.57,0.109,0.420999,0,0,1,2
0.57,0.109,0.423999,0,0,1,2
0.57,0.109,0.426999,0,0,1,2
0.57,0.109,0.429999,0,0,1,2
0.57,0.109,0.432999,0,0,1,2
0.57,0.109,0.435999,0,0,1,2
0.57,0.109,0.438999,0,0,1,2
0.57,0.109,0.441999,0,0,1,2
0.57,0.109,0.444999,0,0,1,2
0.57,0.109,0.447999,0,0,1,2
0.57,0.109,0.450999,0,0,1,2
0.57,0.112,0.25,0,0,1,2
0.57,0.112,0.253,0,0,1,2
0.57,0.112,0.256,0,0,1,2
0.57,0.112,0.259,0,0,1,2
0.57,0.112,0.262,0,0,1,2
0.57,0.112,0.265,0,0,1,2
0.57,0.112,0.268,0,0,1,2
0.57,0.112,0.271,0,0,1,2
0.57,0.112,0.274,0,0,1,2
0.57,0.112,0.277,0,0,1,2
0.57,0.112,0.28,0,0,1,2
0.57,0.112,0.283,0,0,1,2
0.57,0.112,0.286,0,0,1,2
0.57,0.112,0.289,0,0,1,2
0.57,0.112,0.292,0,0,1,2
0.57,0.112,0.295,0,0,1,2
0.57,0.112,0.298,0,0,1,2
0.57,0.112,0.301,0,0,1,2
0.57,0.112,0.304,0,0,1,2
0.57,0.112,0.307,0,0,1,2
0.57,0.112,0.31,0,0,1,2
0.57,0.112,0.313,0,0,1,2
0.57,0.112,0.316,0,0,1,2
0.57,0.112,0.319,0,0,1,2
0.57,0.112,0.322,0,0,1,2
0.57,0.112,0.325,0,0,1,2
0.57,0.112,0.328,0,0,1,2
0.57,0.112,0.331,0,0,1,2
0.57,0.112,0.334,0,0,1,2
0.57,0.112,0.337,0,0,1,2
0.57,0.112,0.34,0,0,1,2
0.57,0.112,0.343,0,0,1,2
0.57,0.112,0.346,0,0,1,2
0.57,0.112,0.349,0,0,1,2
0.57,0.112,0.352,0,0,1,2
0.57,0.112,0.355,0,0,1,2
0.57,0.112,0.358,0,0,1,2
0.57,0.112,0.361,0,0,1,2
0.57,0.112,0.364,0,0,1,2
0.57,0.112,0.367,0,0,1,2
0.57,0.112,0.37,0,0,1,2
0.57,0.112,0.373,0,0,1,2
0.57,0.112,0.376,0,0,1,2
0.57,0.112,0.379,0,0,1,2
0.57,0.112,0.382,0,0,1,2
0.57,0.112,0.385,0,0,1,2
0.57,0.112,0.388,0,0,1,2
0.57,0.112,0.391,0,0,1,2
0.57,0.112,0.394,0,0,1,2
0.57,0.112,0.397,0,0,1,2
0.57,0.112,0.4,0,0,1,2
0.57,0.112,0.403,0,0,1,2
0.57,0.112,0.406,0,0,1,2
0.57,0.112,0.409,0,0,1,2
0.57,0.112,0.412,0,0,1,2
0.57,0.112,0.415,0,0,1,2
0.57,0.112,0.418,0,0,1,2
0.57,0.112,0.420999,0,0,1,2
0.57,0.112,0.423999,0,0,1,2
0.57,0.112,0.426999,0,0,1,2
0.57,0.112,0.429999,0,0,1,2
0.57,0.112,0.432999,0,0,1,2
0.57,0.112,0.435999,0,0,1,2
0.57,0.112,0.438999,0,0,1,2
0.57,0.112,0.441999,0,0,1,2
0.57,0.112,0.444999,0,0,1,2
0.57,0.112,0.447999,0,0,1,2
0.57,0.112,0.450999,0,0,1,2
0.57,0.115,0.25,0,0,1,2
0.57,0.115,0.253,0,0,1,2
0.57,0.115,0.256,0,0,1,2
0.57,0.115,0.259,0,0,1,2
0.57,0.115,0.262,0,0,1,2
0.57,0.115,0.265,0,0,1,2
0.57,0.115,0.268,0,0,1,2
0.57,0.115,0.271,0,0,1,2
0.57,0.115,0.274,0,0,1,2
0.57,0.115,0.277,0,0,1,2
0.57,0.115,0.28,0,0,1,2
0.57,0.115,0.283,0,0,1,2
0.57,0.115,0.286,0,0,1,2
0.57,0.115,0.289,0,0,1,2
0.57,0.115,0.292,0,0,1,2
0.57,0.115,0.295,0,0,1,2
0.57,0.115,0.298,0,0,1,2
0.57,0.115,0.301,0,0,1,2
0.57,0.115,0.304,0,0,1,2
0.57,0.115,0.307,0,0,1,2
0.57,0.115,0.31,0,0,1,2
0.57,0.115,0.313,0,0,1,2
0.57,0.115,0.316,0,0,1,2
0.57,0.115,0.319,0,0,1,2
0.57,0.115,0.322,0,0,1,2
0.57,0.115,0.325,0,0,1,2
0.57,0.115,0.328,0,0,1,2
0.57,0.115,0.331,0,0,1,2
0.57,0.115,0.334,0,0,1,2
0.57,0.115,0.337,0,0,1,2
0.57,0.115,0.34,0,0,1,2
0.57,0.115,0.343,0,0,1,2
0.57,0.115,0.346,0,0,1,2
0.57,0.115,0.349,0,0,1,2
0.57,0.115,0.352,0,0,1,2
0.57,0.115,0.355,0,0,1,2
0.57,0.115,0.358,0,0,1,2
0.57,0.115,0.361,0,0,1,2
0.57,0.115,0.364,0,0,1,2
0.57,0.115,0.367,0,0,1,2
0.57,0.115,0.37,0,0,1,2
0.57,0.115,0.373,0,0,1,2
0.57,0.115,0.376,0,0,1,2
0.57,0.115,0.379,0,0,1,2
0.57,0.115,0.382,0,0,1,2
0.57,0.115,0.385,0,0,1,2
0.57,0.115,0.388,0,0,1,2
0.57,0.115,0.391,0,0,1,2
0.57,0.115,0.394,0,0,1,2
0.57,0.115,0.397,0,0,1,2
0.57,0.115,0.4,0,0,1,2
0.57,0.115,0.403,0,0,1,2
0.57,0.115,0.406,0,0,1,2
0.57,0.115,0.409,0,0,1,2
0.57,0.115,0.412,0,0,1,2
0.57,0.115,0.415,0,0,1,2
0.57,0.115,0.418,0,0,1,2
0.57,0.115,0.420999,0,0,1,2
0.57,0.115,0.423999,0,0,1,2
0.57,0.115,0.426999,0,0,1,2
0.57,0.115,0.429999,0,0,1,2
0.57,0.115,0.432999,0,0,1,2
0.57,0.115,0.435999,0,0,1,2
0.57,0.115,0.438999,0,0,1,2
0.57,0.115,0.441999,0,0,1,2
0.57,0.115,0.444999,0,0,1,2
0.57,0.115,0.447999,0,0,1,2
0.57,0.115,0.450999,0,0,1,2
0.57,0.118,0.25,0,0,1,2
0.57,0.118,0.253,0,0,1,2
0.57,0.118,0.256,0,0,1,2
0.57,0.118,0.259,0,0,1,2
0.57,0.118,0.262,0,0,1,2
0.57,0.118,0.265,0,0,1,2
0.57,0.118,0.268,0,0,1,2
0.57,0.118,0.271,0,0,1,2
0.57,0.118,0.274,0,0,1,2
0.57,0.118,0.277,0,0,1,2
0.57,0.118,0.28,0,0,1,2
0.57,0.118,0.283,0,0,1,2
0.57,0.118,0.286,0,0,1,2
0.57,0.118,0.289,0,0,1,2
0.57,0.118,0.292,0,0,1,2
0.57,0.118,0.295,0,0,1,2
0.57,0.118,0.298,0,0,1,2
0.57,0.118,0.301,0,0,1,2
0.57,0.118,0.304,0,0,1,2
0.57,0.118,0.307,0,0,1,2
0.57,0.118,0.31,0,0,1,2
0.57,0.118,0.313,0,0,1,2
0.57,0.118,0.316,0,0,1,2
0.57,0.118,0.319,0,0,1,2
0.57,0.118,0.322,0,0,1,2
0.57,0.118,0.325,0,0,1,2
0.57,0.118,0.328,0,0,1,2
0.57,0.118,0.331,0,0,1,2
0.57,0.118,0.334,0,0,1,2
0.57,0.118,0.337,0,0,1,2
0.57,0.118,0.34,0,0,1,2
0.57,0.118,0.343,0,0,1,2
0.57,0.118,0.346,0,0,1,2
0.57,0.118,0.349,0,0,1,2
0.57,0.118,0.352,0,0,1,2
0.57,0.118,0.355,0,0,1,2
0.57,0.118,0.358,0,0,1,2
0.57,0.118,0.361,0,0,1,2
0.57,0.118,0.364,0,0,1,2
0.57,0.118,0.367,0,0,1,2
0.57,0.118,0.37,0,0,1,2
0.57,0.118,0.373,0,0,1,2
0.57,0.118,0.376,0,0,1,2
0.57,0.118,0.379,0,0,1,2
0.57,0.118,0.382,0,0,1,2
0.57,0.118,0.385,0,0,1,2
0.57,0.118,0.388,0,0,1,2
0.57,0.118,0.391,0,0,1,2
0.57,0.118,0.394,0,0,1,2
0.57,0.118,0.397,0,0,1,2
0.57,0.118,0.4,0,0,1,2
0.57,0.118,0.403,0,0,1,2
0.57,0.118,0.406,0,0,1,2
0.57,0.118,0.409,0,0,1,2
0.57,0.118,0.412,0,0,1,2
0.57,0.118,0.415,0,0,1,2
0.57,0.118,0.418,0,0,1,2
0.57,0.118,0.420999,0,0,1,2
0.57,0.118,0.423999,0,0,1,2
0.57,0.118,0.426999,0,0,1,2
0.57,0.118,0.429999,0,0,1,2
0.57,0.118,0.432999,0,0,1,2
0.57,0.118,0.435999,0,0,1,2
0.57,0.118,0.438999,0,0,1,2
0.57,0.118,0.441999,0,0,1,2
0.57,0.118,0.444999,0,0,1,2
0.57,0.118,0.447999,0,0,1,2
0.57,0.118,0.450999,0,0,1,2
0.57,0.121,0.25,0,0,1,2
0.57,0.121,0.253,0,0,1,2
0.57,0.121,0.256,0,0,1,2
0.57,0.121,0.259,0,0,1,2
0.57,0.121,0.262,0,0,1,2
0.57,0.121,0.265,0,0,1,2
0.57,0.121,0.268,0,0,1,2
0.57,0.121,0.271,0,0,1,2
0.57,0.121,0.274,0,0,1,2
0.57,0.121,0.277,0,0,1,2
0.57,0.121,0.28,0,0,1,2
0.57,0.121,0.283,0,0,1,2
0.57,0.121,0.286,0,0,1,2
0.57,0.121,0.289,0,0,1,2
0.57,0.121,0.292,0,0,1,2
0.57,0.121,0.295,0,0,1,2
0.57,0.121,0.298,0,0,1,2
0.57,0.121,0.301,0,0,1,2
0.57,0.121,0.304,0,0,1,2
0.57,0.121,0.307,0,0,1,2
0.57,0.121,0.31,0,0,1,2
0.57,0.121,0.313,0,0,1,2
0.57,0.121,0.316,0,0,1,2
0.57,0.121,0.319,0,0,1,2
0.57,0.121,0.322,0,0,1,2
0.57,0.121,0.325,0,0,1,2
0.57,0.121,0.328,0,0,1,2
0.57,0.121,0.331,0,0,1,2
0.57,0.121,0.334,0,0,1,2
0.57,0.121,0.337,0,0,1,2
0.57,0.121,0.34,0,0,1,2
0.57,0.121,0.343,0,0,1,2
0.57,0.121,0.346,0,0,1,2
0.57,0.121,0.349,0,0,1,2
0.57,0.121,0.352,0,0,1,2
0.57,0.121,0.355,0,0,1,2
0.57,0.121,0.358,0,0,1,2
0.57,0.121,0.361,0,0,1,2
0.57,0.121,0.364,0,0,1,2
0.57,0.121,0.367,0,0,1,2
0.57,0.121,0.37,0,0,1,2
0.57,0.121,0.373,0,0,1,2
0.57,0.121,0.376,0,0,1,2
0.57,0.121,0.379,0,0,1,2
0.57,0.121,0.382,0,0,1,2
0.57,0.121,0.385,0,0,1,2
0.57,0.121,0.388,0,0,1,2
0.57,0.121,0.391,0,0,1,2
0.57,0.121,0.394,0,0,1,2
0.57,0.121,0.397,0,0,1,2
0.57,0.121,0.4,0,0,1,2
0.57,0.121,0.403,0,0,1,2
0.57,0.121,0.406,0,0,1,2
0.57,0.121,0.409,0,0,1,2
0.57,0.121,0.412,0,0,1,2
0.57,0.121,0.415,0,0,1,2
0.57,0.121,0.418,0,0,1,2
0.57,0.121,0.420999,0,0,1,2
0.57,0.121,0.423999,0,0,1,2
0.57,0.121,0.426999,0,0,1,2
0.57,0.121,0.429999,0,0,1,2
0.57,0.121,0.432999,0,0,1,2
0.57,0.121,0.435999,0,0,1,2
0.57,0.121,0.438999,0,0,1,2
0.57,0.121,0.441999,0,0,1,2
0.57,0.121,0.444999,0,0,1,2
0.57,0.121,0.447999,0,0,1,2
0.57,0.121,0.450999,0,0,1,2
0.57,0.124,0.25,0,0,1,2
0.57,0.124,0.253,0,0,1,2
0.57,0.124,0.256,0,0,1,2
0.57,0.124,0.259,0,0,1,2
0.57,0.124,0.262,0,0,1,2
0.57,0.124,0.265,0,0,1,2
0.57,0.124,0.268,0,0,1,2
0.57,0.124,0.271,0,0,1,2
0.57,0.124,0.274,0,0,1,2
0.57,0.124,0.277,0,0,1,2
0.57,0.124,0.28,0,0,1,2
0.57,0.124,0.283,0,0,1,2
0.57,0.124,0.286,0,0,1,2
0.57,0.124,0.289,0,0,1,2
0.57,0.124,0.292,0,0,1,2
0.57,0.124,0.295,0,0,1,2
0.57,0.124,0.298,0,0,1,2
0.57,0.124,0.301,0,0,1,2
0.57,0.124,0.304,0,0,1,2
0.57,0.124,0.307,0,0,1,2
0.57,0.124,0.31,0,0,1,2
0.57,0.124,0.313,0,0,1,2
0.57,0.124,0.316,0,0,1,2
0.57,0.124,0.319,0,0,1,2
0.57,0.124,0.322,0,0,1,2
0.57,0.124,0.325,0,0,1,2
0.57,0.124,0.328,0,0,1,2
0.57,0.124,0.331,0,0,1,2
0.57,0.124,0.334,0,0,1,2
0.57,0.124,0.337,0,0,1,2
0.57,0.124,0.34,0,0,1,2
0.57,0.124,0.343,0,0,1,2
0.57,0.124,0.346,0,0,1,2
0.57,0.124,0.349,0,0,1,2
0.57,0.124,0.352,0,0,1,2
0.57,0.124,0.355,0,0,1,2
0.57,0.124,0.358,0,0,1,2
0.57,0.124,0.361,0,0,1,2
0.57,0.124,0.364,0,0,1,2
0.57,0.124,0.367,0,0,1,2
0.57,0.124,0.37,0,0,1,2
0.57,0.124,0.373,0,0,1,2
0.57,0.124,0.376,0,0,1,2
0.57,0.124,0.379,0,0,1,2
0.57,0.124,0.382,0,0,1,2
0.57,0.124,0.385,0,0,1,2
0.57,0.124,0.388,0,0,1,2
0.57,0.124,0.391,0,0,1,2
0.57,0.124,0.394,0,0,1,2
0.57,0.124,0.397,0,0,1,2
0.57,0.124,0.4,0,0,1,2
0.57,0.124,0.403,0,0,1,2
0.57,0.124,0.406,0,0,1,2
0.57,0.124,0.409,0,0,1,2
0.57,0.124,0.412,0,0,1,2
0.57,0.124,0.415,0,0,1,2
0.57,0.124,0.418,0,0,1,2
0.57,0.124,0.420999,0,0,1,2
0.57,0.124,0.423999,0,0,1,2
0.57,0.124,0.426999,0,0,1,2
0.57,0.124,0.429999,0,0,1,2
0.57,0.124,0.432999,0,0,1,2
0.57,0.124,0.435999,0,0,1,2
0.57,0.124,0.438999,0,0,1,2
0.57,0.124,0.441999,0,0,1,2
0.57,0.124,0.444999,0,0,1,2
0.57,0.124,0.447999,0,0,1,2
0.57,0.124,0.450999,0,0,1,2
0.57,0.127,0.25,0,0,1,2
0.57,0.127,0.253,0,0,1,2
0.57,0.127,0.256,0,0,1,2
0.57,0.127,0.259,0,0,1,2
0.57,0.127,0.262,0,0,1,2
0.57,0.127,0.265,0,0,1,2
0.57,0.127,0.268,0,0,1,2
0.57,0.127,0.271,0,0,1,2
0.57,0.127,0.274,0,0,1,2
0.57,0.127,0.277,0,0,1,2
0.57,0.127,0.28,0,0,1,2
0.57,0.127,0.283,0,0,1,2
0.57,0.127,0.286,0,0,1,2
0.57,0.127,0.289,0,0,1,2
0.57,0.127,0.292,0,0,1,2
0.57,0.127,0.295,0,0,1,2
0.57,0.127,0.298,0,0,1,2
0.57,0.127,0.301,0,0,1,2
0.57,0.127,0.304,0,0,1,2
0.57,0.127,0.307,0,0,1,2
0.57,0.127,0.31,0,0,1,2
0.57,0.127,0.313,0,0,1,2
0.57,0.127,0.316,0,0,1,2
0.57,0.127,0.319,0,0,1,2
0.57,0.127,0.322,0,0,1,2
0.57,0.127,0.325,0,0,1,2
0.57,0.127,0.328,0,0,1,2
0.57,0.127,0.331,0,0,1,2
0.57,0.127,0.334,0,0,1,2
0.57,0.127,0.337,0,0,1,2
0.57,0.127,0.34,0,0,1,2
0.57,0.127,0.343,0,0,1,2
0.57,0.127,0.346,0,0,1,2
0.57,0.127,0.349,0,0,1,2
0.57,0.127,0.352,0,0,1,2
0.57,0.127,0.355,0,0,1,2
0.57,0.127,0.358,0,0,1,2
0.57,0.127,0.361,0,0,1,2
0.57,0.127,0.364,0,0,1,2
0.57,0.127,0.367,0,0,1,2
0.57,0.127,0.37,0,0,1,2
0.57,0.127,0.373,0,0,1,2
0.57,0.127,0.376,0,0,1,2
0.57,0.127,0.379,0,0,1,2
0.57,0.127,0.382,0,0,1,2
0.57,0.127,0.385,0,0,1,2
0.57,0.127,0.388,0,0,1,2
0.57,0.127,0.391,0,0,1,2
0.57,0.127,0.394,0,0,1,2
0.57,0.127,0.397,0,0,1,2
0.57,0.127,0.4,0,0,1,2
0.57,0.127,0.403,0,0,1,2
0.57,0.127,0.406,0,0,1,2
0.57,0.127,0.409,0,0,1,2
0.57,0.127,0.412,0,0,1,2
0.57,0.127,0.415,0,0,1,2
0.57,0.127,0.418,0,0,1,2
0.57,0.127,0.420999,0,0,1,2
0.57,0.127,0.423999,0,0,1,2
0.57,0.127,0.426999,0,0,1,2
0.57,0.127,0.429999,0,0,1,2
0.57,0.127,0.432999,0,0,1,2
0.57,0.127,0.435999,0,0,1,2
0.57,0.127,0.438999,0,0,1,2
0.57,0.127,0.441999,0,0,1,2
0.57,0.127,0.444999,0,0,1,2
0.57,0.127,0.447999,0,0,1,2
0.57,0.127,0.450999,0,0,1,2
0.57,0.13,0.25,0,0,1,2
0.57,0.13,0.253,0,0,1,2
0.57,0.13,0.256,0,0,1,2
0.57,0.13,0.259,0,0,1,2
0.57,0.13,0.262,0,0,1,2
0.57,0.13,0.265,0,0,1,2
0.57,0.13,0.268,0,0,1,2
0.57,0.13,0.271,0,0,1,2
0.57,0.13,0.274,0,0,1,2
0.57,0.13,0.277,0,0,1,2
0.57,0.13,0.28,0,0,1,2
0.57,0.13,0.283,0,0,1,2
0.57,0.13,0.286,0,0,1,2
0.57,0.13,0.289,0,0,1,2
0.57,0.13,0.292,0,0,1,2
0.57,0.13,0.295,0,0,1,2
0.57,0.13,0.298,0,0,1,2
0.57,0.13,0.301,0,0,1,2
0.57,0.13,0.304,0,0,1,2
0.57,0.13,0.307,0,0,1,2
0.57,0.13,0.31,0,0,1,2
0.57,0.13,0.313,0,0,1,2
0.57,0.13,0.316,0,0,1,2
0.57,0.13,0.319,0,0,1,2
0.57,0.13,0.322,0,0,1,2
0.57,0.13,0.325,0,0,1,2
0.57,0.13,0.328,0,0,1,2
0.57,0.13,0.331,0,0,1,2
0.57,0.13,0.334,0,0,1,2
0.57,0.13,0.337,0,0,1,2
0.57,0.13,0.34,0,0,1,2
0.57,0.13,0.343,0,0,1,2
0.57,0.13,0.346,0,0,1,2
0.57,0.13,0.349,0,0,1,2
0.57,0.13,0.352,0,0,1,2
0.57,0.13,0.355,0,0,1,2
0.57,0.13,0.358,0,0,1,2
0.57,0.13,0.361,0,0,1,2
0.57,0.13,0.364,0,0,1,2
0.57,0.13,0.367,0,0,1,2
0.57,0.13,0.37,0,0,1,2
0.57,0.13,0.373,0,0,1,2
0.57,0.13,0.376,0,0,1,2
0.57,0.13,0.379,0,0,1,2
0.57,0.13,0.382,0,0,1,2
0.57,0.13,0.385,0,0,1,2
0.57,0.13,0.388,0,0,1,2
0.57,0.13,0.391,0,0,1,2
0.57,0.13,0.394,0,0,1,2
0.57,0.13,0.397,0,0,1,2
0.57,0.13,0.4,0,0,1,2
0.57,0.13,0.403,0,0,1,2
0.57,0.13,0.406,0,0,1,2
0.57,0.13,0.409,0,0,1,2
0.57,0.13,0.412,0,0,1,2
0.57,0.13,0.415,0,0,1,2
0.57,0.13,0.418,0,0,1,2
0.57,0.13,0.420999,0,0,1,2
0.57,0.13,0.423999,0,0,1,2
0.57,0.13,0.426999,0,0,1,2
0.57,0.13,0.429999,0,0,1,2
0.57,0.13,0.432999,0,0,1,2
0.57,0.13,0.435999,0,0,1,2
0.57,0.13,0.438999,0,0,1,2
0.57,0.13,0.441999,0,0,1,2
0.57,0.13,0.444999,0,0,1,2
0.57,0.13,0.447999,0,0,1,2
0.57,0.13,0.450999,0,0,1,2
0.57,0.133,0.25,0,0,1,2
0.57,0.133,0.253,0,0,1,2
0.57,0.133,0.256,0,0,1,2
0.57,0.133,0.259,0,0,1,2
0.57,0.133,0.262,0,0,1,2
0.57,0.133,0.265,0,0,1,2
0.57,0.133,0.268,0,0,1,2
0.57,0.133,0.271,0,0,1,2
0.57,0.133,0.274,0,0,1,2
0.57,0.133,0.277,0,0,1,2
0.57,0.133,0.28,0,0,1,2
0.57,0.133,0.283,0,0,1,2
0.57,0.133,0.286,0,0,1,2
0.57,0.133,0.289,0,0,1,2
0.57,0.133,0.292,0,0,1,2
0.57,0.133,0.295,0,0,1,2
0.57,0.133,0.298,0,0,1,2
0.57,0.133,0.301,0,0,1,2
0.57,0.133,0.304,0,0,1,2
0.57,0.133,0.307,0,0,1,2
0.57,0.133,0.31,0,0,1,2
0.57,0.133,0.313,0,0,1,2
0.57,0.133,0.316,0,0,1,2
0.57,0.133,0.319,0,0,1,2
0.57,0.133,0.322,0,0,1,2
0.57,0.133,0.325,0,0,1,2
0.57,0.133,0.328,0,0,1,2
0.57,0.133,0.331,0,0,1,2
0.57,0.133,0.334,0,0,1,2
0.57,0.133,0.337,0,0,1,2
0.57,0.133,0.34,0,0,1,2
0.57,0.133,0.343,0,0,1,2
0.57,0.133,0.346,0,0,1,2
0.57,0.133,0.349,0,0,1,2
0.57,0.133,0.352,0,0,1,2
0.57,0.133,0.355,0,0,1,2
0.57,0.133,0.358,0,0,1,2
0.57,0.133,0.361,0,0,1,2
0.57,0.133,0.364,0,0,1,2
0.57,0.133,0.367,0,0,1,2
0.57,0.133,0.37,0,0,1,2
0.57,0.133,0.373,0,0,1,2
0.57,0.133,0.376,0,0,1,2
0.57,0.133,0.379,0,0,1,2
0.57,0.133,0.382,0,0,1,2
0.57,0.133,0.385,0,0,1,2
0.57,0.133,0.388,0,0,1,2
0.57,0.133,0.391,0,0,1,2
0.57,0.133,0.394,0,0,1,2
0.57,0.133,0.397,0,0,1,2
0.57,0.133,0.4,0,0,1,2
0.57,0.133,0.403,0,0,1,2
0.57,0.133,0.406,0,0,1,2
0.57,0.133,0.409,0,0,1,2
0.57,0.133,0.412,0,0,1,2
0.57,0.133,0.415,0,0,1,2
0.57,0.133,0.418,0,0,1,2
0.57,0.133,0.420999,0,0,1,2
0.57,0.133,0.423999,0,0,1,2
0.57,0.133,0.426999,0,0,1,2
0.57,0.133,0.429999,0,0,1,2
0.57,0.133,0.432999,0,0,1,2
0.57,0.133,0.435999,0,0,1,2
0.57,0.133,0.438999,0,0,1,2
0.57,0.133,0.441999,0,0,1,2
0.57,0.133,0.444999,0,0,1,2
0.57,0.133,0.447999,0,0,1,2
0.57,0.133,0.450999,0,0,1,2
0.57,0.136,0.25,0,0,1,2
0.57,0.136,0.253,0,0,1,2
0.57,0.136,0.256,0,0,1,2
0.57,0.136,0.259,0,0,1,2
0.57,0.136,0.262,0,0,1,2
0.57,0.136,0.265,0,0,1,2
0.57,0.136,0.268,0,0,1,2
0.57,0.136,0.271,0,0,1,2
0.57,0.136,0.274,0,0,1,2
0.57,0.136,0.277,0,0,1,2
0.57,0.136,0.28,0,0,1,2
0.57,0.136,0.283,0,0,1,2
0.57,0.136,0.286,0,0,1,2
0.57,0.136,0.289,0,0,1,2
0.57,0.136,0.292,0,0,1,2
0.57,0.136,0.295,0,0,1,2
0.57,0.136,0.298,0,0,1,2
0.57,0.136,0.301,0,0,1,2
0.57,0.136,0.304,0,0,1,2
0.57,0.136,0.307,0,0,1,2
0.57,0.136,0.31,0,0,1,2
0.57,0.136,0.313,0,0,1,2
0.57,0.136,0.316,0,0,1,2
0.57,0.136,0.319,0,0,1,2
0.57,0.136,0.322,0,0,1,2
0.57,0.136,0.325,0,0,1,2
0.57,0.136,0.328,0,0,1,2
0.57,0.136,0.331,0,0,1,2
0.57,0.136,0.334,0,0,1,2
0.57,0.136,0.337,0,0,1,2
0.57,0.136,0.34,0,0,1,2
0.57,0.136,0.343,0,0,1,2
0.57,0.136,0.346,0,0,1,2
0.57,0.136,0.349,0,0,1,2
0.57,0.136,0.352,0,0,1,2
0.57,0.136,0.355,0,0,1,2
0.57,0.136,0.358,0,0,1,2
0.57,0.136,0.361,0,0,1,2
0.57,0.136,0.364,0,0,1,2
0.57,0.136,0.367,0,0,1,2
0.57,0.136,0.37,0,0,1,2
0.57,0.136,0.373,0,0,1,2
0.57,0.136,0.376,0,0,1,2
0.57,0.136,0.379,0,0,1,2
0.57,0.136,0.382,0,0,1,2
0.57,0.136,0.385,0,0,1,2
0.57,0.136,0.388,0,0,1,2
0.57,0.136,0.391,0,0,1,2
0.57,0.136,0.394,0,0,1,2
0.57,0.136,0.397,0,0,1,2
0.57,0.136,0.4,0,0,1,2
0.57,0.136,0.403,0,0,1,2
0.57,0.136,0.406,0,0,1,2
0.57,0.136,0.409,0,0,1,2
0.57,0.136,0.412,0,0,1,2
0.57,0.136,0.415,0,0,1,2
0.57,0.136,0.418,0,0,1,2
0.57,0.136,0.420999,0,0,1,2
0.57,0.136,0.423999,0,0,1,2
0.57,0.136,0.426999,0,0,1,2
0.57,0.136,0.429999,0,0,1,2
0.57,0.136,0.432999,0,0,1,2
0.57,0.136,0.435999,0,0,1,2
0.57,0.136,0.438999,0,0,1,2
0.57,0.136,0.441999,0,0,1,2
0.57,0.136,0.444999,0,0,1,2
0.57,0.136,0.447999,0,0,1,2
0.57,0.136,0.450999,0,0,1,2
0.57,0.139,0.25,0,0,1,2
0.57,0.139,0.253,0,0,1,2
0.57,0.139,0.256,0,0,1,2
0.57,0.139,0.259,0,0,1,2
0.57,0.139,0.262,0,0,1,2
0.57,0.139,0.265,0,0,1,2
0.57,0.139,0.268,0,0,1,2
0.57,0.139,0.271,0,0,1,2
0.57,0.139,0.274,0,0,1,2
0.57,0.139,0.277,0,0,1,2
0.57,0.139,0.28,0,0,1,2
0.57,0.139,0.283,0,0,1,2
0.57,0.139,0.286,0,0,1,2
0.57,0.139,0.289,0,0,1,2
0.57,0.139,0.292,0,0,1,2
0.57,0.139,0.295,0,0,1,2
0.57,0.139,0.298,0,0,1,2
0.57,0.139,0.301,0,0,1,2
0.57,0.139,0.304,0,0,1,2
0.57,0.139,0.307,0,0,1,2
0.57,0.139,0.31,0,0,1,2
0.57,0.139,0.313,0,0,1,2
0.57,0.139,0.316,0,0,1,2
0.57,0.139,0.319,0,0,1,2
0.57,0.139,0.322,0,0,1,2
0.57,0.139,0.325,0,0,1,2
0.57,0.139,0.328,0,0,1,2
0.57,0.139,0.331,0,0,1,2
0.57,0.139,0.334,0,0,1,2
0.57,0.139,0.337,0,0,1,2
0.57,0.139,0.34,0,0,1,2
0.57,0.139,0.343,0,0,1,2
0.57,0.139,0.346,0,0,1,2
0.57,0.139,0.349,0,0,1,2
0.57,0.139,0.352,0,0,1,2
0.57,0.139,0.355,0,0,1,2
0.57,0.139,0.358,0,0,1,2
0.57,0.139,0.361,0,0,1,2
0.57,0.139,0.364,0,0,1,2
0.57,0.139,0.367,0,0,1,2
0.57,0.139,0.37,0,0,1,2
0.57,0.139,0.373,0,0,1,2
0.57,0.139,0.376,0,0,1,2
0.57,0.139,0.379,0,0,1,2
0.57,0.139,0.382,0,0,1,2
0.57,0.139,0.385,0,0,1,2
0.57,0.139,0.388,0,0,1,2
0.57,0.139,0.391,0,0,1,2
0.57,0.139,0.394,0,0,1,2
0.57,0.139,0.397,0,0,1,2
0.57,0.139,0.4,0,0,1,2
0.57,0.139,0.403,0,0,1,2
0.57,0.139,0.406,0,0,1,2
0.57,0.139,0.409,0,0,1,2
0.57,0.139,0.412,0,0,1,2
0.57,0.139,0.415,0,0,1,2
0.57,0.139,0.418,0,0,1,2
0.57,0.139,0.420999,0,0,1,2
0.57,0.139,0.423999,0,0,1,2
0.57,0.139,0.426999,0,0,1,2
0.57,0.139,0.429999,0,0,1,2
0.57,0.139,0.432999,0,0,1,2
0.57,0.139,0.435999,0,0,1,2
0.57,0.139,0.438999,0,0,1,2
0.57,0.139,0.441999,0,0,1,2
0.57,0.139,0.444999,0,0,1,2
0.57,0.139,0.447999,0,0,1,2
0.57,0.139,0.450999,0,0,1,2
0.57,0.142,0.25,0,0,1,2
0.57,0.142,0.253,0,0,1,2
0.57,0.142,0.256,0,0,1,2
0.57,0.142,0.259,0,0,1,2
0.57,0.142,0.262,0,0,1,2
0.57,0.142,0.265,0,0,1,2
0.57,0.142,0.268,0,0,1,2
0.57,0.142,0.271,0,0,1,2
0.57,0.142,0.274,0,0,1,2
0.57,0.142,0.277,0,0,1,2
0.57,0.142,0.28,0,0,1,2
0.57,0.142,0.283,0,0,1,2
0.57,0.142,0.286,0,0,1,2
0.57,0.142,0.289,0,0,1,2
0.57,0.142,0.292,0,0,1,2
0.57,0.142,0.295,0,0,1,2
0.57,0.142,0.298,0,0,1,2
0.57,0.142,0.301,0,0,1,2
0.57,0.142,0.304,0,0,1,2
0.57,0.142,0.307,0,0,1,2
0.57,0.142,0.31,0,0,1,2
0.57,0.142,0.313,0,0,1,2
0.57,0.142,0.316,0,0,1,2
0.57,0.142,0.319,0,0,1,2
0.57,0.142,0.322,0,0,1,2
0.57,0.142,0.325,0,0,1,2
0.57,0.142,0.328,0,0,1,2
0.57,0.142,0.331,0,0,1,2
0.57,0.142,0.334,0,0,1,2
0.57,0.142,0.337,0,0,1,2
0.57,0.142,0.34,0,0,1,2
0.57,0.142,0.343,0,0,1,2
0.57,0.142,0.346,0,0,1,2
0.57,0.142,0.349,0,0,1,2
0.57,0.142,0.352,0,0,1,2
0.57,0.142,0.355,0,0,1,2
0.57,0.142,0.358,0,0,1,2
0.57,0.142,0.361,0,0,1,2
0.57,0.142,0.364,0,0,1,2
0.57,0.142,0.367,0,0,1,2
0.57,0.142,0.37,0,0,1,2
0.57,0.142,0.373,0,0,1,2
0.57,0.142,0.376,0,0,1,2
0.57,0.142,0.379,0,0,1,2
0.57,0.142,0.382,0,0,1,2
0.57,0.142,0.385,0,0,1,2
0.57,0.142,0.388,0,0,1,2
0.57,0.142,0.391,0,0,1,2
0.57,0.142,0.394,0,0,1,2
0.57,0.142,0.397,0,0,1,2
0.57,0.142,0.4,0,0,1,2
0.57,0.142,0.403,0,0,1,2
0.57,0.142,0.406,0,0,1,2
0.57,0.142,0.409,0,0,1,2
0.57,0.142,0.412,0,0,1,2
0.57,0.142,0.415,0,0,1,2
0.57,0.142,0.418,0,0,1,2
0.57,0.142,0.420999,0,0,1,2
0.57,0.142,0.423999,0,0,1,2
0.57,0.142,0.426999,0,0,1,2
0.57,0.142,0.429999,0,0,1,2
0.57,0.142,0.432999,0,0,1,2
0.57,0.142,0.435999,0,0,1,2
0.57,0.142,0.438999,0,0,1,2
0.57,0.142,0.441999,0,0,1,2
0.57,0.142,0.444999,0,0,1,2
0.57,0.142,0.447999,0,0,1,2
0.57,0.142,0.450999,0,0,1,2
0.57,0.145,0.25,0,0,1,2
0.57,0.145,0.253,0,0,1,2
0.57,0.145,0.256,0,0,1,2
0.57,0.145,0.259,0,0,1,2
0.57,0.145,0.262,0,0,1,2
0.57,0.145,0.265,0,0,1,2
0.57,0.145,0.268,0,0,1,2
0.57,0.145,0.271,0,0,1,2
0.57,0.145,0.274,0,0,1,2
0.57,0.145,0.277,0,0,1,2
0.57,0.145,0.28,0,0,1,2
0.57,0.145,0.283,0,0,1,2
0.57,0.145,0.286,0,0,1,2
0.57,0.145,0.289,0,0,1,2
0.57,0.145,0.292,0,0,1,2
0.57,0.145,0.295,0,0,1,2
0.57,0.145,0.298,0,0,1,2
0.57,0.145,0.301,0,0,1,2
0.57,0.145,0.304,0,0,1,2
0.57,0.145,0.307,0,0,1,2
0.57,0.145,0.31,0,0,1,2
0.57,0.145,0.313,0,0,1,2
0.57,0.145,0.316,0,0,1,2
0.57,0.145,0.319,0,0,1,2
0.57,0.145,0.322,0,0,1,2
0.57,0.145,0.325,0,0,1,2
0.57,0.145,0.328,0,0,1,2
0.57,0.145,0.331,0,0,1,2
0.57,0.145,0.334,0,0,1,2
0.57,0.145,0.337,0,0,1,2
0.57,0.145,0.34,0,0,1,2
0.57,0.145,0.343,0,0,1,2
0.57,0.145,0.346,0,0,1,2
0.57,0.145,0.349,0,0,1,2
0.57,0.145,0.352,0,0,1,2
0.57,0.145,0.355,0,0,1,2
0.57,0.145,0.358,0,0,1,2
0.57,0.145,0.361,0,0,1,2
0.57,0.145,0.364,0,0,1,2
0.57,0.145,0.367,0,0,1,2
0.57,0.145,0.37,0,0,1,2
0.57,0.145,0.373,0,0,1,2
0.57,0.145,0.376,0,0,1,2
0.57,0.145,0.379,0,0,1,2
0.57,0.145,0.382,0,0,1,2
0.57,0.145,0.385,0,0,1,2
0.57,0.145,0.388,0,0,1,2
0.57,0.145,0.391,0,0,1,2
0.57,0.145,0.394,0,0,1,2
0.57,0.145,0.397,0,0,1,2
0.57,0.145,0.4,0,0,1,2
0.57,0.145,0.403,0,0,1,2
0.57,0.145,0.406,0,0,1,2
0.57,0.145,0.409,0,0,1,2
0.57,0.145,0.412,0,0,1,2
0.57,0.145,0.415,0,0,1,2
0.57,0.145,0.418,0,0,1,2
0.57,0.145,0.420999,0,0,1,2
0.57,0.145,0.423999,0,0,1,2
0.57,0.145,0.426999,0,0,1,2
0.57,0.145,0.429999,0,0,1,2
0.57,0.145,0.432999,0,0,1,2
0.57,0.145,0.435999,0,0,1,2
0.57,0.145,0.438999,0,0,1,2
0.57,0.145,0.441999,0,0,1,2
0.57,0.145,0.444999,0,0,1,2
0.57,0.145,0.447999,0,0,1,2
0.57,0.145,0.450999,0,0,1,2
0.57,0.148,0.25,0,0,1,2
0.57,0.148,0.253,0,0,1,2
0.57,0.148,0.256,0,0,1,2
0.57,0.148,0.259,0,0,1,2
0.57,0.148,0.262,0,0,1,2
0.57,0.148,0.265,0,0,1,2
0.57,0.148,0.268,0,0,1,2
0.57,0.148,0.271,0,0,1,2
0.57,0.148,0.274,0,0,1,2
0.57,0.148,0.277,0,0,1,2
0.57,0.148,0.28,0,0,1,2
0.57,0.148,0.283,0,0,1,2
0.57,0.148,0.286,0,0,1,2
0.57,0.148,0.289,0,0,1,2
0.57,0.148,0.292,0,0,1,2
0.57,0.148,0.295,0,0,1,2
0.57,0.148,0.298,0,0,1,2
0.57,0.148,0.301,0,0,1,2
0.57,0.148,0.304,0,0,1,2
0.57,0.148,0.307,0,0,1,2
0.57,0.148,0.31,0,0,1,2
0.57,0.148,0.313,0,0,1,2
0.57,0.148,0.316,0,0,1,2
0.57,0.148,0.319,0,0,1,2
0.57,0.148,0.322,0,0,1,2
0.57,0.148,0.325,0,0,1,2
0.57,0.148,0.328,0,0,1,2
0.57,0.148,0.331,0,0,1,2
0.57,0.148,0.334,0,0,1,2
0.57,0.148,0.337,0,0,1,2
0.57,0.148,0.34,0,0,1,2
0.57,0.148,0.343,0,0,1,2
0.57,0.148,0.346,0,0,1,2
0.57,0.148,0.349,0,0,1,2
0.57,0.148,0.352,0,0,1,2
0.57,0.148,0.355,0,0,1,2
0.57,0.148,0.358,0,0,1,2
0.57,0.148,0.361,0,0,1,2
0.57,0.148,0.364,0,0,1,2
0.57,0.148,0.367,0,0,1,2
0.57,0.148,0.37,0,0,1,2
0.57,0.148,0.373,0,0,1,2
0.57,0.148,0.376,0,0,1,2
0.57,0.148,0.379,0,0,1,2
0.57,0.148,0.382,0,0,1,2
0.57,0.148,0.385,0,0,1,2
0.57,0.148,0.388,0,0,1,2
0.57,0.148,0.391,0,0,1,2
0.57,0.148,0.394,0,0,1,2
0.57,0.148,0.397,0,0,1,2
0.57,0.148,0.4,0,0,1,2
0.57,0.148,0.403,0,0,1,2
0.57,0.148,0.406,0,0,1,2
0.57,0.148,0.409,0,0,1,2
0.57,0.148,0.412,0,0,1,2
0.57,0.148,0.415,0,0,1,2
0.57,0.148,0.418,0,0,1,2
0.57,0.148,0.420999,0,0,1,2
0.57,0.148,0.423999,0,0,1,2
0.57,0.148,0.426999,0,0,1,2
0.57,0.148,0.429999,0,0,1,2
0.57,0.148,0.432999,0,0,1,2
0.57,0.148,0.435999,0,0,1,2
0.57,0.148,0.438999,0,0,1,2
0.57,0.148,0.441999,0,0,1,2
0.57,0.148,0.444999,0,0,1,2
0.57,0.148,0.447999,0,0,1,2
0.57,0.148,0.450999,0,0,1,2
0.57,0.151,0.25,0,0,1,2
0.57,0.151,0.253,0,0,1,2
0.57,0.151,0.256,0,0,1,2
0.57,0.151,0.259,0,0,1,2
0.57,0.151,0.262,0,0,1,2
0.57,0.151,0.265,0,0,1,2
0.57,0.151,0.268,0,0,1,2
0.57,0.151,0.271,0,0,1,2
0.57,0.151,0.274,0,0,1,2
0.57,0.151,0.277,0,0,1,2
0.57,0.151,0.28,0,0,1,2
0.57,0.151,0.283,0,0,1,2
0.57,0.151,0.286,0,0,1,2
0.57,0.151,0.289,0,0,1,2
0.57,0.151,0.292,0,0,1,2
0.57,0.151,0.295,0,0,1,2
0.57,0.151,0.298,0,0,1,2
0.57,0.151,0.301,0,0,1,2
0.57,0.151,0.304,0,0,1,2
0.57,0.151,0.307,0,0,1,2
0.57,0.151,0.31,0,0,1,2
0.57,0.151,0.313,0,0,1,2
0.57,0.151,0.316,0,0,1,2
0.57,0.151,0.319,0,0,1,2
0.57,0.151,0.322,0,0,1,2
0.57,0.151,0.325,0,0,1,2
0.57,0.151,0.328,0,0,1,2
0.57,0.151,0.331,0,0,1,2
0.57,0.151,0.334,0,0,1,2
0.57,0.151,0.337,0,0,1,2
0.57,0.151,0.34,0,0,1,2
0.57,0.151,0.343,0,0,1,2
0.57,0.151,0.346,0,0,1,2
0.57,0.151,0.349,0,0,1,2
0.57,0.151,0.352,0,0,1,2
0.57,0.151,0.355,0,0,1,2
0.57,0.151,0.358,0,0,1,2
0.57,0.151,0.361,0,0,1,2
0.57,0.151,0.364,0,0,1,2
0.57,0.151,0.367,0,0,1,2
0.57,0.151,0.37,0,0,1,2
0.57,0.151,0.373,0,0,1,2
0.57,0.151,0.376,0,0,1,2
0.57,0.151,0.379,0,0,1,2
0.57,0.151,0.382,0,0,1,2
0.57,0.151,0.385,0,0,1,2
0.57,0.151,0.388,0,0,1,2
0.57,0.151,0.391,0,0,1,2
0.57,0.151,0.394,0,0,1,2
0.57,0.151,0.397,0,0,1,2
0.57,0.151,0.4,0,0,1,2
0.57,0.151,0.403,0,0,1,2
0.57,0.151,0.406,0,0,1,2
0.57,0.151,0.409,0,0,1,2
0.57,0.151,0.412,0,0,1,2
0.57,0.151,0.415,0,0,1,2
0.57,0.151,0.418,0,0,1,2
0.57,0.151,0.420999,0,0,1,2
0.57,0.151,0.423999,0,0,1,2
0.57,0.151,0.426999,0,0,1,2
0.57,0.151,0.429999,0,0,1,2
0.57,0.151,0.432999,0,0,1,2
0.57,0.151,0.435999,0,0,1,2
0.57,0.151,0.438999,0,0,1,2
0.57,0.151,0.441999,0,0,1,2
0.57,0.151,0.444999,0,0,1,2
0.57,0.151,0.447999,0,0,1,2
0.57,0.151,0.450999,0,0,1,2
0.57,0.154,0.25,0,0,1,2
0.57,0.154,0.253,0,0,1,2
0.57,0.154,0.256,0,0,1,2
0.57,0.154,0.259,0,0,1,2
0.57,0.154,0.262,0,0,1,2
0.57,0.154,0.265,0,0,1,2
0.57,0.154,0.268,0,0,1,2
0.57,0.154,0.271,0,0,1,2
0.57,0.154,0.274,0,0,1,2
0.57,0.154,0.277,0,0,1,2
0.57,0.154,0.28,0,0,1,2
0.57,0.154,0.283,0,0,1,2
0.57,0.154,0.286,0,0,1,2
0.57,0.154,0.289,0,0,1,2
0.57,0.154,0.292,0,0,1,2
0.57,0.154,0.295,0,0,1,2
0.57,0.154,0.298,0,0,1,2
0.57,0.154,0.301,0,0,1,2
0.57,0.154,0.304,0,0,1,2
0.57,0.154,0.307,0,0,1,2
0.57,0.154,0.31,0,0,1,2
0.57,0.154,0.313,0,0,1,2
0.57,0.154,0.316,0,0,1,2
0.57,0.154,0.319,0,0,1,2
0.57,0.154,0.322,0,0,1,2
0.57,0.154,0.325,0,0,1,2
0.57,0.154,0.328,0,0,1,2
0.57,0.154,0.331,0,0,1,2
0.57,0.154,0.334,0,0,1,2
0.57,0.154,0.337,0,0,1,2
0.57,0.154,0.34,0,0,1,2
0.57,0.154,0.343,0,0,1,2
0.57,0.154,0.346,0,0,1,2
0.57,0.154,0.349,0,0,1,2
0.57,0.154,0.352,0,0,1,2
0.57,0.154,0.355,0,0,1,2
0.57,0.154,0.358,0,0,1,2
0.57,0.154,0.361,0,0,1,2
0.57,0.154,0.364,0,0,1,2
0.57,0.154,0.367,0,0,1,2
0.57,0.154,0.37,0,0,1,2
0.57,0.154,0.373,0,0,1,2
0.57,0.154,0.376,0,0,1,2
0.57,0.154,0.379,0,0,1,2
0.57,0.154,0.382,0,0,1,2
0.57,0.154,0.385,0,0,1,2
0.57,0.154,0.388,0,0,1,2
0.57,0.154,0.391,0,0,1,2
0.57,0.154,0.394,0,0,1,2
0.57,0.154,0.397,0,0,1,2
0.57,0.154,0.4,0,0,1,2
0.57,0.154,0.403,0,0,1,2
0.57,0.154,0.406,0,0,1,2
0.57,0.154,0.409,0,0,1,2
0.57,0.154,0.412,0,0,1,2
0.57,0.154,0.415,0,0,1,2
0.57,0.154,0.418,0,0,1,2
0.57,0.154,0.420999,0,0,1,2
0.57,0.154,0.423999,0,0,1,2
0.57,0.154,0.426999,0,0,1,2
0.57,0.154,0.429999,0,0,1,2
0.57,0.154,0.432999,0,0,1,2
0.57,0.154,0.435999,0,0,1,2
0.57,0.154,0.438999,0,0,1,2
0.57,0.154,0.441999,0,0,1,2
0.57,0.154,0.444999,0,0,1,2
0.57,0.154,0.447999,0,0,1,2
0.57,0.154,0.450999,0,0,1,2
0.57,0.157,0.25,0,0,1,2
0.57,0.157,0.253,0,0,1,2
0.57,0.157,0.256,0,0,1,2
0.57,0.157,0.259,0,0,1,2
0.57,0.157,0.262,0,0,1,2
0.57,0.157,0.265,0,0,1,2
0.57,0.157,0.268,0,0,1,2
0.57,0.157,0.271,0,0,1,2
0.57,0.157,0.274,0,0,1,2
0.57,0.157,0.277,0,0,1,2
0.57,0.157,0.28,0,0,1,2
0.57,0.157,0.283,0,0,1,2
0.57,0.157,0.286,0,0,1,2
0.57,0.157,0.289,0,0,1,2
0.57,0.157,0.292,0,0,1,2
0.57,0.157,0.295,0,0,1,2
0.57,0.157,0.298,0,0,1,2
0.57,0.157,0.301,0,0,1,2
0.57,0.157,0.304,0,0,1,2
0.57,0.157,0.307,0,0,1,2
0.57,0.157,0.31,0,0,1,2
0.57,0.157,0.313,0,0,1,2
0.57,0.157,0.316,0,0,1,2
0.57,0.157,0.319,0,0,1,2
0.57,0.157,0.322,0,0,1,2
0.57,0.157,0.325,0,0,1,2
0.57,0.157,0.328,0,0,1,2
0.57,0.157,0.331,0,0,1,2
0.57,0.157,0.334,0,0,1,2
0.57,0.157,0.337,0,0,1,2
0.57,0.157,0.34,0,0,1,2
0.57,0.157,0.343,0,0,1,2
0.57,0.157,0.346,0,0,1,2
0.57,0.157,0.349,0,0,1,2
0.57,0.157,0.352,0,0,1,2
0.57,0.157,0.355,0,0,1,2
0.57,0.157,0.358,0,0,1,2
0.57,0.157,0.361,0,0,1,2
0.57,0.157,0.364,0,0,1,2
0.57,0.157,0.367,0,0,1,2
0.57,0.157,0.37,0,0,1,2
0.57,0.157,0.373,0,0,1,2
0.57,0.157,0.376,0,0,1,2
0.57,0.157,0.379,0,0,1,2
0.57,0.157,0.382,0,0,1,2
0.57,0.157,0.385,0,0,1,2
0.57,0.157,0.388,0,0,1,2
0.57,0.157,0.391,0,0,1,2
0.57,0.157,0.394,0,0,1,2
0.57,0.157,0.397,0,0,1,2
0.57,0.157,0.4,0,0,1,2
0.57,0.157,0.403,0,0,1,2
0.57,0.157,0.406,0,0,1,2
0.57,0.157,0.409,0,0,1,2
0.57,0.157,0.412,0,0,1,2
0.57,0.157,0.415,0,0,1,2
0.57,0.157,0.418,0,0,1,2
0.57,0.157,0.420999,0,0,1,2
0.57,0.157,0.423999,0,0,1,2
0.57,0.157,0.426999,0,0,1,2
0.57,0.157,0.429999,0,0,1,2
0.57,0.157,0.432999,0,0,1,2
0.57,0.157,0.435999,0,0,1,2
0.57,0.157,0.438999,0,0,1,2
0.57,0.157,0.441999,0,0,1,2
0.57,0.157,0.444999,0,0,1,2
0.57,0.157,0.447999,0,0,1,2
0.57,0.157,0.450999,0,0,1,2
0.57,0.16,0.25,0,0,1,2
0.57,0.16,0.253,0,0,1,2
0.57,0.16,0.256,0,0,1,2
0.57,0.16,0.259,0,0,1,2
0.57,0.16,0.262,0,0,1,2
0.57,0.16,0.265,0,0,1,2
0.57,0.16,0.268,0,0,1,2
0.57,0.16,0.271,0,0,1,2
0.57,0.16,0.274,0,0,1,2
0.57,0.16,0.277,0,0,1,2
0.57,0.16,0.28,0,0,1,2
0.57,0.16,0.283,0,0,1,2
0.57,0.16,0.286,0,0,1,2
0.57,0.16,0.289,0,0,1,2
0.57,0.16,0.292,0,0,1,2
0.57,0.16,0.295,0,0,1,2
0.57,0.16,0.298,0,0,1,2
0.57,0.16,0.301,0,0,1,2
0.57,0.16,0.304,0,0,1,2
0.57,0.16,0.307,0,0,1,2
0.57,0.16,0.31,0,0,1,2
0.57,0.16,0.313,0,0,1,2
0.57,0.16,0.316,0,0,1,2
0.57,0.16,0.319,0,0,1,2
0.57,0.16,0.322,0,0,1,2
0.57,0.16,0.325,0,0,1,2
0.57,0.16,0.328,0,0,1,2
0.57,0.16,0.331,0,0,1,2
0.57,0.16,0.334,0,0,1,2
0.57,0.16,0.337,0,0,1,2
0.57,0.16,0.34,0,0,1,2
0.57,0.16,0.343,0,0,1,2
0.57,0.16,0.346,0,0,1,2
0.57,0.16,0.349,0,0,1,2
0.57,0.16,0.352,0,0,1,2
0.57,0.16,0.355,0,0,1,2
0.57,0.16,0.358,0,0,1,2
0.57,0.16,0.361,0,0,1,2
0.57,0.16,0.364,0,0,1,2
0.57,0.16,0.367,0,0,1,2
0.57,0.16,0.37,0,0,1,2
0.57,0.16,0.373,0,0,1,2
0.57,0.16,0.376,0,0,1,2
0.57,0.16,0.379,0,0,1,2
0.57,0.16,0.382,0,0,1,2
0.57,0.16,0.385,0,0,1,2
0.57,0.16,0.388,0,0,1,2
0.57,0.16,0.391,0,0,1,2
0.57,0.16,0.394,0,0,1,2
0.57,0.16,0.397,0,0,1,2
0.57,0.16,0.4,0,0,1,2
0.57,0.16,0.403,0,0,1,2
0.57,0.16,0.406,0,0,1,2
0.57,0.16,0.409,0,0,1,2
0.57,0.16,0.412,0,0,1,2
0.57,0.16,0.415,0,0,1,2
0.57,0.16,0.418,0,0,1,2
0.57,0.16,0.420999,0,0,1,2
0.57,0.16,0.423999,0,0,1,2
0.57,0.16,0.426999,0,0,1,2
0.57,0.16,0.429999,0,0,1,2
0.57,0.16,0.432999,0,0,1,2
0.57,0.16,0.435999,0,0,1,2
0.57,0.16,0.438999,0,0,1,2
0.57,0.16,0.441999,0,0,1,2
0.57,0.16,0.444999,0,0,1,2
0.57,0.16,0.447999,0,0,1,2
0.57,0.16,0.450999,0,0,1,2
0.57,0.163,0.25,0,0,1,2
0.57,0.163,0.253,0,0,1,2
0.57,0.163,0.256,0,0,1,2
0.57,0.163,0.259,0,0,1,2
0.57,0.163,0.262,0,0,1,2
0.57,0.163,0.265,0,0,1,2
0.57,0.163,0.268,0,0,1,2
0.57,0.163,0.271,0,0,1,2
0.57,0.163,0.274,0,0,1,2
0.57,0.163,0.277,0,0,1,2
0.57,0.163,0.28,0,0,1,2
0.57,0.163,0.283,0,0,1,2
0.57,0.163,0.286,0,0,1,2
0.57,0.163,0.289,0,0,1,2
0.57,0.163,0.292,0,0,1,2
0.57,0.163,0.295,0,0,1,2
0.57,0.163,0.298,0,0,1,2
0.57,0.163,0.301,0,0,1,2
0.57,0.163,0.304,0,0,1,2
0.57,0.163,0.307,0,0,1,2
0.57,0.163,0.31,0,0,1,2
0.57,0.163,0.313,0,0,1,2
0.57,0.163,0.316,0,0,1,2
0.57,0.163,0.319,0,0,1,2
0.57,0.163,0.322,0,0,1,2
0.57,0.163,0.325,0,0,1,2
0.57,0.163,0.328,0,0,1,2
0.57,0.163,0.331,0,0,1,2
0.57,0.163,0.334,0,0,1,2
0.57,0.163,0.337,0,0,1,2
0.57,0.163,0.34,0,0,1,2
0.57,0.163,0.343,0,0,1,2
0.57,0.163,0.346,0,0,1,2
0.57,0.163,0.349,0,0,1,2
0.57,0.163,0.352,0,0,1,2
0.57,0.163,0.355,0,0,1,2
0.57,0.163,0.358,0,0,1,2
0.57,0.163,0.361,0,0,1,2
0.57,0.163,0.364,0,0,1,2
0.57,0.163,0.367,0,0,1,2
0.57,0.163,0.37,0,0,1,2
0.57,0.163,0.373,0,0,1,2
0.57,0.163,0.376,0,0,1,2
0.57,0.163,0.379,0,0,1,2
0.57,0.163,0.382,0,0,1,2
0.57,0.163,0.385,0,0,1,2
0.57,0.163,0.388,0,0,1,2
0.57,0.163,0.391,0,0,1,2
0.57,0.163,0.394,0,0,1,2
0.57,0.163,0.397,0,0,1,2
0.57,0.163,0.4,0,0,1,2
0.57,0.163,0.403,0,0,1,2
0.57,0.163,0.406,0,0,1,2
0.57,0.163,0.409,0,0,1,2
0.57,0.163,0.412,0,0,1,2
0.57,0.163,0.415,0,0,1,2
0.57,0.163,0.418,0,0,1,2
0.57,0.163,0.420999,0,0,1,2
0.57,0.163,0.423999,0,0,1,2
0.57,0.163,0.426999,0,0,1,2
0.57,0.163,0.429999,0,0,1,2
0.57,0.163,0.432999,0,0,1,2
0.57,0.163,0.435999,0,0,1,2
0.57,0.163,0.438999,0,0,1,2
0.57,0.163,0.441999,0,0,1,2
0.57,0.163,0.444999,0,0,1,2
0.57,0.163,0.447999,0,0,1,2
0.57,0.163,0.450999,0,0,1,2
0.57,0.166,0.25,0,0,1,2
0.57,0.166,0.253,0,0,1,2
0.57,0.166,0.256,0,0,1,2
0.57,0.166,0.259,0,0,1,2
0.57,0.166,0.262,0,0,1,2
0.57,0.166,0.265,0,0,1,2
0.57,0.166,0.268,0,0,1,2
0.57,0.166,0.271,0,0,1,2
0.57,0.166,0.274,0,0,1,2
0.57,0.166,0.277,0,0,1,2
0.57,0.166,0.28,0,0,1,2
0.57,0.166,0.283,0,0,1,2
0.57,0.166,0.286,0,0,1,2
0.57,0.166,0.289,0,0,1,2
0.57,0.166,0.292,0,0,1,2
0.57,0.166,0.295,0,0,1,2
0.57,0.166,0.298,0,0,1,2
0.57,0.166,0.301,0,0,1,2
0.57,0.166,0.304,0,0,1,2
0.57,0.166,0.307,0,0,1,2
0.57,0.166,0.31,0,0,1,2
0.57,0.166,0.313,0,0,1,2
0.57,0.166,0.316,0,0,1,2
0.57,0.166,0.319,0,0,1,2
0.57,0.166,0.322,0,0,1,2
0.57,0.166,0.325,0,0,1,2
0.57,0.166,0.328,0,0,1,2
0.57,0.166,0.331,0,0,1,2
0.57,0.166,0.334,0,0,1,2
0.57,0.166,0.337,0,0,1,2
0.57,0.166,0.34,0,0,1,2
0.57,0.166,0.343,0,0,1,2
0.57,0.166,0.346,0,0,1,2
0.57,0.166,0.349,0,0,1,2
0.57,0.166,0.352,0,0,1,2
0.57,0.166,0.355,0,0,1,2
0.57,0.166,0.358,0,0,1,2
0.57,0.166,0.361,0,0,1,2
0.57,0.166,0.364,0,0,1,2
0.57,0.166,0.367,0,0,1,2
0.57,0.166,0.37,0,0,1,2
0.57,0.166,0.373,0,0,1,2
0.57,0.166,0.376,0,0,1,2
0.57,0.166,0.379,0,0,1,2
0.57,0.166,0.382,0,0,1,2
0.57,0.166,0.385,0,0,1,2
0.57,0.166,0.388,0,0,1,2
0.57,0.166,0.391,0,0,1,2
0.57,0.166,0.394,0,0,1,2
0.57,0.166,0.397,0,0,1,2
0.57,0.166,0.4,0,0,1,2
0.57,0.166,0.403,0,0,1,2
0.57,0.166,0.406,0,0,1,2
0.57,0.166,0.409,0,0,1,2
0.57,0.166,0.412,0,0,1,2
0.57,0.166,0.415,0,0,1,2
0.57,0.166,0.418,0,0,1,2
0.57,0.166,0.420999,0,0,1,2
0.57,0.166,0.423999,0,0,1,2
0.57,0.166,0.426999,0,0,1,2
0.57,0.166,0.429999,0,0,1,2
0.57,0.166,0.432999,0,0,1,2
0.57,0.166,0.435999,0,0,1,2
0.57,0.166,0.438999,0,0,1,2
0.57,0.166,0.441999,0,0,1,2
0.57,0.166,0.444999,0,0,1,2
0.57,0.166,0.447999,0,0,1,2
0.57,0.166,0.450999,0,0,1,2
0.57,0.169,0.25,0,0,1,2
0.57,0.169,0.253,0,0,1,2
0.57,0.169,0.256,0,0,1,2
0.57,0.169,0.259,0,0,1,2
0.57,0.169,0.262,0,0,1,2
0.57,0.169,0.265,0,0,1,2
0.57,0.169,0.268,0,0,1,2
0.57,0.169,0.271,0,0,1,2
0.57,0.169,0.274,0,0,1,2
0.57,0.169,0.277,0,0,1,2
0.57,0.169,0.28,0,0,1,2
0.57,0.169,0.283,0,0,1,2
0.57,0.169,0.286,0,0,1,2
0.57,0.169,0.289,0,0,1,2
0.57,0.169,0.292,0,0,1,2
0.57,0.169,0.295,0,0,1,2
0.57,0.169,0.298,0,0,1,2
0.57,0.169,0.301,0,0,1,2
0.57,0.169,0.304,0,0,1,2
0.57,0.169,0.307,0,0,1,2
0.57,0.169,0.31,0,0,1,2
0.57,0.169,0.313,0,0,1,2
0.57,0.169,0.316,0,0,1,2
0.57,0.169,0.319,0,0,1,2
0.57,0.169,0.322,0,0,1,2
0.57,0.169,0.325,0,0,1,2
0.57,0.169,0.328,0,0,1,2
0.57,0.169,0.331,0,0,1,2
0.57,0.169,0.334,0,0,1,2
0.57,0.169,0.337,0,0,1,2
0.57,0.169,0.34,0,0,1,2
0.57,0.169,0.343,0,0,1,2
0.57,0.169,0.346,0,0,1,2
0.57,0.169,0.349,0,0,1,2
0.57,0.169,0.352,0,0,1,2
0.57,0.169,0.355,0,0,1,2
0.57,0.169,0.358,0,0,1,2
0.57,0.169,0.361,0,0,1,2
0.57,0.169,0.364,0,0,1,2
0.57,0.169,0.367,0,0,1,2
0.57,0.169,0.37,0,0,1,2
0.57,0.169,0.373,0,0,1,2
0.57,0.169,0.376,0,0,1,2
0.57,0.169,0.379,0,0,1,2
0.57,0.169,0.382,0,0,1,2
0.57,0.169,0.385,0,0,1,2
0.57,0.169,0.388,0,0,1,2
0.57,0.169,0.391,0,0,1,2
0.57,0.169,0.394,0,0,1,2
0.57,0.169,0.397,0,0,1,2
0.57,0.169,0.4,0,0,1,2
0.57,0.169,0.403,0,0,1,2
0.57,0.169,0.406,0,0,1,2
0.57,0.169,0.409,0,0,1,2
0.57,0.169,0.412,0,0,1,2
0.57,0.169,0.415,0,0,1,2
0.57,0.169,0.418,0,0,1,2
0.57,0.169,0.420999,0,0,1,2
0.57,0.169,0.423999,0,0,1,2
0.57,0.169,0.426999,0,0,1,2
0.57,0.169,0.429999,0,0,1,2
0.57,0.169,0.432999,0,0,1,2
0.57,0.169,0.435999,0,0,1,2
0.57,0.169,0.438999,0,0,1,2
0.57,0.169,0.441999,0,0,1,2
0.57,0.169,0.444999,0,0,1,2
0.57,0.169,0.447999,0,0,1,2
0.57,0.169,0.450999,0,0,1,2
0.57,0.172,0.25,0,0,1,2
0.57,0.172,0.253,0,0,1,2
0.57,0.172,0.256,0,0,1,2
0.57,0.172,0.259,0,0,1,2
0.57,0.172,0.262,0,0,1,2
0.57,0.172,0.265,0,0,1,2
0.57,0.172,0.268,0,0,1,2
0.57,0.172,0.271,0,0,1,2
0.57,0.172,0.274,0,0,1,2
0.57,0.172,0.277,0,0,1,2
0.57,0.172,0.28,0,0,1,2
0.57,0.172,0.283,0,0,1,2
0.57,0.172,0.286,0,0,1,2
0.57,0.172,0.289,0,0,1,2
0.57,0.172,0.292,0,0,1,2
0.57,0.172,0.295,0,0,1,2
0.57,0.172,0.298,0,0,1,2
0.57,0.172,0.301,0,0,1,2
0.57,0.172,0.304,0,0,1,2
0.57,0.172,0.307,0,0,1,2
0.57,0.172,0.31,0,0,1,2
0.57,0.172,0.313,0,0,1,2
0.57,0.172,0.316,0,0,1,2
0.57,0.172,0.319,0,0,1,2
0.57,0.172,0.322,0,0,1,2
0.57,0.172,0.325,0,0,1,2
0.57,0.172,0.328,0,0,1,2
0.57,0.172,0.331,0,0,1,2
0.57,0.172,0.334,0,0,1,2
0.57,0.172,0.337,0,0,1,2
0.57,0.172,0.34,0,0,1,2
0.57,0.172,0.343,0,0,1,2
0.57,0.172,0.346,0,0,1,2
0.57,0.172,0.349,0,0,1,2
0.57,0.172,0.352,0,0,1,2
0.57,0.172,0.355,0,0,1,2
0.57,0.172,0.358,0,0,1,2
0.57,0.172,0.361,0,0,1,2
0.57,0.172,0.364,0,0,1,2
0.57,0.172,0.367,0,0,1,2
0.57,0.172,0.37,0,0,1,2
0.57,0.172,0.373,0,0,1,2
0.57,0.172,0.376,0,0,1,2
0.57,0.172,0.379,0,0,1,2
0.57,0.172,0.382,0,0,1,2
0.57,0.172,0.385,0,0,1,2
0.57,0.172,0.388,0,0,1,2
0.57,0.172,0.391,0,0,1,2
0.57,0.172,0.394,0,0,1,2
0.57,0.172,0.397,0,0,1,2
0.57,0.172,0.4,0,0,1,2
0.57,0.172,0.403,0,0,1,2
0.57,0.172,0.406,0,0,1,2
0.57,0.172,0.409,0,0,1,2
0.57,0.172,0.412,0,0,1,2
0.57,0.172,0.415,0,0,1,2
0.57,0.172,0.418,0,0,1,2
0.57,0.172,0.420999,0,0,1,2
0.57,0.172,0.423999,0,0,1,2
0.57,0.172,0.426999,0,0,1,2
0.57,0.172,0.429999,0,0,1,2
0.57,0.172,0.432999,0,0,1,2
0.57,0.172,0.435999,0,0,1,2
0.57,0.172,0.438999,0,0,1,2
0.57,0.172,0.441999,0,0,1,2
0.57,0.172,0.444999,0,0,1,2
0.57,0.172,0.447999,0,0,1,2
0.57,0.172,0.450999,0,0,1,2
0.57,0.175,0.25,0,0,1,2
0.57,0.175,0.253,0,0,1,2
0.57,0.175,0.256,0,0,1,2
0.57,0.175,0.259,0,0,1,2
0.57,0.175,0.262,0,0,1,2
0.57,0.175,0.265,0,0,1,2
0.57,0.175,0.268,0,0,1,2
0.57,0.175,0.271,0,0,1,2
0.57,0.175,0.274,0,0,1,2
0.57,0.175,0.277,0,0,1,2
0.57,0.175,0.28,0,0,1,2
0.57,0.175,0.283,0,0,1,2
0.57,0.175,0.286,0,0,1,2
0.57,0.175,0.289,0,0,1,2
0.57,0.175,0.292,0,0,1,2
0.57,0.175,0.295,0,0,1,2
0.57,0.175,0.298,0,0,1,2
0.57,0.175,0.301,0,0,1,2
0.57,0.175,0.304,0,0,1,2
0.57,0.175,0.307,0,0,1,2
0.57,0.175,0.31,0,0,1,2
0.57,0.175,0.313,0,0,1,2
0.57,0.175,0.316,0,0,1,2
0.57,0.175,0.319,0,0,1,2
0.57,0.175,0.322,0,0,1,2
0.57,0.175,0.325,0,0,1,2
0.57,0.175,0.328,0,0,1,2
0.57,0.175,0.331,0,0,1,2
0.57,0.175,0.334,0,0,1,2
0.57,0.175,0.337,0,0,1,2
0.57,0.175,0.34,0,0,1,2
0.57,0.175,0.343,0,0,1,2
0.57,0.175,0.346,0,0,1,2
0.57,0.175,0.349,0,0,1,2
0.57,0.175,0.352,0,0,1,2
0.57,0.175,0.355,0,0,1,2
0.57,0.175,0.358,0,0,1,2
0.57,0.175,0.361,0,0,1,2
0.57,0.175,0.364,0,0,1,2
0.57,0.175,0.367,0,0,1,2
0.57,0.175,0.37,0,0,1,2
0.57,0.175,0.373,0,0,1,2
0.57,0.175,0.376,0,0,1,2
0.57,0.175,0.379,0,0,1,2
0.57,0.175,0.382,0,0,1,2
0.57,0.175,0.385,0,0,1,2
0.57,0.175,0.388,0,0,1,2
0.57,0.175,0.391,0,0,1,2
0.57,0.175,0.394,0,0,1,2
0.57,0.175,0.397,0,0,1,2
0.57,0.175,0.4,0,0,1,2
0.57,0.175,0.403,0,0,1,2
0.57,0.175,0.406,0,0,1,2
0.57,0.175,0.409,0,0,1,2
0.57,0.175,0.412,0,0,1,2
0.57,0.175,0.415,0,0,1,2
0.57,0.175,0.418,0,0,1,2
0.57,0.175,0.420999,0,0,1,2
0.57,0.175,0.423999,0,0,1,2
0.57,0.175,0.426999,0,0,1,2
0.57,0.175,0.429999,0,0,1,2
0.57,0.175,0.432999,0,0,1,2
0.57,0.175,0.435999,0,0,1,2
0.57,0.175,0.438999,0,0,1,2
0.57,0.175,0.441999,0,0,1,2
0.57,0.175,0.444999,0,0,1,2
0.57,0.175,0.447999,0,0,1,2
0.57,0.175,0.450999,0,0,1,2
0.57,0.178,0.25,0,0,1,2
0.57,0.178,0.253,0,0,1,2
0.57,0.178,0.256,0,0,1,2
0.57,0.178,0.259,0,0,1,2
0.57,0.178,0.262,0,0,1,2
0.57,0.178,0.265,0,0,1,2
0.57,0.178,0.268,0,0,1,2
0.57,0.178,0.271,0,0,1,2
0.57,0.178,0.274,0,0,1,2
0.57,0.178,0.277,0,0,1,2
0.57,0.178,0.28,0,0,1,2
0.57,0.178,0.283,0,0,1,2
0.57,0.178,0.286,0,0,1,2
0.57,0.178,0.289,0,0,1,2
0.57,0.178,0.292,0,0,1,2
0.57,0.178,0.295,0,0,1,2
0.57,0.178,0.298,0,0,1,2
0.57,0.178,0.301,0,0,1,2
0.57,0.178,0.304,0,0,1,2
0.57,0.178,0.307,0,0,1,2
0.57,0.178,0.31,0,0,1,2
0.57,0.178,0.313,0,0,1,2
0.57,0.178,0.316,0,0,1,2
0.57,0.178,0.319,0,0,1,2
0.57,0.178,0.322,0,0,1,2
0.57,0.178,0.325,0,0,1,2
0.57,0.178,0.328,0,0,1,2
0.57,0.178,0.331,0,0,1,2
0.57,0.178,0.334,0,0,1,2
0.57,0.178,0.337,0,0,1,2
0.57,0.178,0.34,0,0,1,2
0.57,0.178,0.343,0,0,1,2
0.57,0.178,0.346,0,0,1,2
0.57,0.178,0.349,0,0,1,2
0.57,0.178,0.352,0,0,1,2
0.57,0.178,0.355,0,0,1,2
0.57,0.178,0.358,0,0,1,2
0.57,0.178,0.361,0,0,1,2
0.57,0.178,0.364,0,0,1,2
0.57,0.178,0.367,0,0,1,2
0.57,0.178,0.37,0,0,1,2
0.57,0.178,0.373,0,0,1,2
0.57,0.178,0.376,0,0,1,2
0.57,0.178,0.379,0,0,1,2
0.57,0.178,0.382,0,0,1,2
0.57,0.178,0.385,0,0,1,2
0.57,0.178,0.388,0,0,1,2
0.57,0.178,0.391,0,0,1,2
0.57,0.178,0.394,0,0,1,2
0.57,0.178,0.397,0,0,1,2
0.57,0.178,0.4,0,0,1,2
0.57,0.178,0.403,0,0,1,2
0.57,0.178,0.406,0,0,1,2
0.57,0.178,0.409,0,0,1,2
0.57,0.178,0.412,0,0,1,2
0.57,0.178,0.415,0,0,1,2
0.57,0.178,0.418,0,0,1,2
0.57,0.178,0.420999,0,0,1,2
0.57,0.178,0.423999,0,0,1,2
0.57,0.178,0.426999,0,0,1,2
0.57,0.178,0.429999,0,0,1,2
0.57,0.178,0.432999,0,0,1,2
0.57,0.178,0.435999,0,0,1,2
0.57,0.178,0.438999,0,0,1,2
0.57,0.178,0.441999,0,0,1,2
0.57,0.178,0.444999,0,0,1,2
0.57,0.178,0.447999,0,0,1,2
0.57,0.178,0.450999,0,0,1,2
0.57,0.181,0.25,0,0,1,2
0.57,0.181,0.253,0,0,1,2
0.57,0.181,0.256,0,0,1,2
0.57,0.181,0.259,0,0,1,2
0.57,0.181,0.262,0,0,1,2
0.57,0.181,0.265,0,0,1,2
0.57,0.181,0.268,0,0,1,2
0.57,0.181,0.271,0,0,1,2
0.57,0.181,0.274,0,0,1,2
0.57,0.181,0.277,0,0,1,2
0.57,0.181,0.28,0,0,1,2
0.57,0.181,0.283,0,0,1,2
0.57,0.181,0.286,0,0,1,2
0.57,0.181,0.289,0,0,1,2
0.57,0.181,0.292,0,0,1,2
0.57,0.181,0.295,0,0,1,2
0.57,0.181,0.298,0,0,1,2
0.57,0.181,0.301,0,0,1,2
0.57,0.181,0.304,0,0,1,2
0.57,0.181,0.307,0,0,1,2
0.57,0.181,0.31,0,0,1,2
0.57,0.181,0.313,0,0,1,2
0.57,0.181,0.316,0,0,1,2
0.57,0.181,0.319,0,0,1,2
0.57,0.181,0.322,0,0,1,2
0.57,0.181,0.325,0,0,1,2
0.57,0.181,0.328,0,0,1,2
0.57,0.181,0.331,0,0,1,2
0.57,0.181,0.334,0,0,1,2
0.57,0.181,0.337,0,0,1,2
0.57,0.181,0.34,0,0,1,2
0.57,0.181,0.343,0,0,1,2
0.57,0.181,0.346,0,0,1,2
0.57,0.181,0.349,0,0,1,2
0.57,0.181,0.352,0,0,1,2
0.57,0.181,0.355,0,0,1,2
0.57,0.181,0.358,0,0,1,2
0.57,0.181,0.361,0,0,1,2
0.57,0.181,0.364,0,0,1,2
0.57,0.181,0.367,0,0,1,2
0.57,0.181,0.37,0,0,1,2
0.57,0.181,0.373,0,0,1,2
0.57,0.181,0.376,0,0,1,2
0.57,0.181,0.379,0,0,1,2
0.57,0.181,0.382,0,0,1,2
0.57,0.181,0.385,0,0,1,2
0.57,0.181,0.388,0,0,1,2
0.57,0.181,0.391,0,0,1,2
0.57,0.181,0.394,0,0,1,2
0.57,0.181,0.397,0,0,1,2
0.57,0.181,0.4,0,0,1,2
0.57,0.181,0.403,0,0,1,2
0.57,0.181,0.406,0,0,1,2
0.57,0.181,0.409,0,0,1,2
0.57,0.181,0.412,0,0,1,2
0.57,0.181,0.415,0,0,1,2
0.57,0.181,0.418,0,0,1,2
0.57,0.181,0.420999,0,0,1,2
0.57,0.181,0.423999,0,0,1,2
0.57,0.181,0.426999,0,0,1,2
0.57,0.181,0.429999,0,0,1,2
0.57,0.181,0.432999,0,0,1,2
0.57,0.181,0.435999,0,0,1,2
0.57,0.181,0.438999,0,0,1,2
0.57,0.181,0.441999,0,0,1,2
0.57,0.181,0.444999,0,0,1,2
0.57,0.181,0.447999,0,0,1,2
0.57,0.181,0.450999,0,0,1,2
0.57,0.184,0.25,0,0,1,2
0.57,0.184,0.253,0,0,1,2
0.57,0.184,0.256,0,0,1,2
0.57,0.184,0.259,0,0,1,2
0.57,0.184,0.262,0,0,1,2
0.57,0.184,0.265,0,0,1,2
0.57,0.184,0.268,0,0,1,2
0.57,0.184,0.271,0,0,1,2
0.57,0.184,0.274,0,0,1,2
0.57,0.184,0.277,0,0,1,2
0.57,0.184,0.28,0,0,1,2
0.57,0.184,0.283,0,0,1,2
0.57,0.184,0.286,0,0,1,2
0.57,0.184,0.289,0,0,1,2
0.57,0.184,0.292,0,0,1,2
0.57,0.184,0.295,0,0,1,2
0.57,0.184,0.298,0,0,1,2
0.57,0.184,0.301,0,0,1,2
0.57,0.184,0.304,0,0,1,2
0.57,0.184,0.307,0,0,1,2
0.57,0.184,0.31,0,0,1,2
0.57,0.184,0.313,0,0,1,2
0.57,0.184,0.316,0,0,1,2
0.57,0.184,0.319,0,0,1,2
0.57,0.184,0.322,0,0,1,2
0.57,0.184,0.325,0,0,1,2
0.57,0.184,0.328,0,0,1,2
0.57,0.184,0.331,0,0,1,2
0.57,0.184,0.334,0,0,1,2
0.57,0.184,0.337,0,0,1,2
0.57,0.184,0.34,0,0,1,2
0.57,0.184,0.343,0,0,1,2
0.57,0.184,0.346,0,0,1,2
0.57,0.184,0.349,0,0,1,2
0.57,0.184,0.352,0,0,1,2
0.57,0.184,0.355,0,0,1,2
0.57,0.184,0.358,0,0,1,2
0.57,0.184,0.361,0,0,1,2
0.57,0.184,0.364,0,0,1,2
0.57,0.184,0.367,0,0,1,2
0.57,0.184,0.37,0,0,1,2
0.57,0.184,0.373,0,0,1,2
0.57,0.184,0.376,0,0,1,2
0.57,0.184,0.379,0,0,1,2
0.57,0.184,0.382,0,0,1,2
0.57,0.184,0.385,0,0,1,2
0.57,0.184,0.388,0,0,1,2
0.57,0.184,0.391,0,0,1,2
0.57,0.184,0.394,0,0,1,2
0.57,0.184,0.397,0,0,1,2
0.57,0.184,0.4,0,0,1,2
0.57,0.184,0.403,0,0,1,2
0.57,0.184,0.406,0,0,1,2
0.57,0.184,0.409,0,0,1,2
0.57,0.184,0.412,0,0,1,2
0.57,0.184,0.415,0,0,1,2
0.57,0.184,0.418,0,0,1,2
0.57,0.184,0.420999,0,0,1,2
0.57,0.184,0.423999,0,0,1,2
0.57,0.184,0.426999,0,0,1,2
0.57,0.184,0.429999,0,0,1,2
0.57,0.184,0.432999,0,0,1,2
0.57,0.184,0.435999,0,0,1,2
0.57,0.184,0.438999,0,0,1,2
0.57,0.184,0.441999,0,0,1,2
0.57,0.184,0.444999,0,0,1,2
0.57,0.184,0.447999,0,0,1,2
0.57,0.184,0.450999,0,0,1,2
0.57,0.187,0.25,0,0,1,2
0.57,0.187,0.253,0,0,1,2
0.57,0.187,0.256,0,0,1,2
0.57,0.187,0.259,0,0,1,2
0.57,0.187,0.262,0,0,1,2
0.57,0.187,0.265,0,0,1,2
0.57,0.187,0.268,0,0,1,2
0.57,0.187,0.271,0,0,1,2
0.57,0.187,0.274,0,0,1,2
0.57,0.187,0.277,0,0,1,2
0.57,0.187,0.28,0,0,1,2
0.57,0.187,0.283,0,0,1,2
0.57,0.187,0.286,0,0,1,2
0.57,0.187,0.289,0,0,1,2
0.57,0.187,0.292,0,0,1,2
0.57,0.187,0.295,0,0,1,2
0.57,0.187,0.298,0,0,1,2
0.57,0.187,0.301,0,0,1,2
0.57,0.187,0.304,0,0,1,2
0.57,0.187,0.307,0,0,1,2
0.57,0.187,0.31,0,0,1,2
0.57,0.187,0.313,0,0,1,2
0.57,0.187,0.316,0,0,1,2
0.57,0.187,0.319,0,0,1,2
0.57,0.187,0.322,0,0,1,2
0.57,0.187,0.325,0,0,1,2
0.57,0.187,0.328,0,0,1,2
0.57,0.187,0.331,0,0,1,2
0.57,0.187,0.334,0,0,1,2
0.57,0.187,0.337,0,0,1,2
0.57,0.187,0.34,0,0,1,2
0.57,0.187,0.343,0,0,1,2
0.57,0.187,0.346,0,0,1,2
0.57,0.187,0.349,0,0,1,2
0.57,0.187,0.352,0,0,1,2
0.57,0.187,0.355,0,0,1,2
0.57,0.187,0.358,0,0,1,2
0.57,0.187,0.361,0,0,1,2
0.57,0.187,0.364,0,0,1,2
0.57,0.187,0.367,0,0,1,2
0.57,0.187,0.37,0,0,1,2
0.57,0.187,0.373,0,0,1,2
0.57,0.187,0.376,0,0,1,2
0.57,0.187,0.379,0,0,1,2
0.57,0.187,0.382,0,0,1,2
0.57,0.187,0.385,0,0,1,2
0.57,0.187,0.388,0,0,1,2
0.57,0.187,0.391,0,0,1,2
0.57,0.187,0.394,0,0,1,2
0.57,0.187,0.397,0,0,1,2
0.57,0.187,0.4,0,0,1,2
0.57,0.187,0.403,0,0,1,2
0.57,0.187,0.406,0,0,1,2
0.57,0.187,0.409,0,0,1,2
0.57,0.187,0.412,0,0,1,2
0.57,0.187,0.415,0,0,1,2
0.57,0.187,0.418,0,0,1,2
0.57,0.187,0.420999,0,0,1,2
0.57,0.187,0.423999,0,0,1,2
0.57,0.187,0.426999,0,0,1,2
0.57,0.187,0.429999,0,0,1,2
0.57,0.187,0.432999,0,0,1,2
0.57,0.187,0.435999,0,0,1,2
0.57,0.187,0.438999,0,0,1,2
0.57,0.187,0.441999,0,0,1,2
0.57,0.187,0.444999,0,0,1,2
0.57,0.187,0.447999,0,0,1,2
0.57,0.187,0.450999,0,0,1,2
0.57,0.19,0.25,0,0,1,2
0.57,0.19,0.253,0,0,1,2
0.57,0.19,0.256,0,0,1,2
0.57,0.19,0.259,0,0,1,2
0.57,0.19,0.262,0,0,1,2
0.57,0.19,0.265,0,0,1,2
0.57,0.19,0.268,0,0,1,2
0.57,0.19,0.271,0,0,1,2
0.57,0.19,0.274,0,0,1,2
0.57,0.19,0.277,0,0,1,2
0.57,0.19,0.28,0,0,1,2
0.57,0.19,0.283,0,0,1,2
0.57,0.19,0.286,0,0,1,2
0.57,0.19,0.289,0,0,1,2
0.57,0.19,0.292,0,0,1,2
0.57,0.19,0.295,0,0,1,2
0.57,0.19,0.298,0,0,1,2
0.57,0.19,0.301,0,0,1,2
0.57,0.19,0.304,0,0,1,2
0.57,0.19,0.307,0,0,1,2
0.57,0.19,0.31,0,0,1,2
0.57,0.19,0.313,0,0,1,2
0.57,0.19,0.316,0,0,1,2
0.57,0.19,0.319,0,0,1,2
0.57,0.19,0.322,0,0,1,2
0.57,0.19,0.325,0,0,1,2
0.57,0.19,0.328,0,0,1,2
0.57,0.19,0.331,0,0,1,2
0.57,0.19,0.334,0,0,1,2
0.57,0.19,0.337,0,0,1,2
0.57,0.19,0.34,0,0,1,2
0.57,0.19,0.343,0,0,1,2
0.57,0.19,0.346,0,0,1,2
0.57,0.19,0.349,0,0,1,2
0.57,0.19,0.352,0,0,1,2
0.57,0.19,0.355,0,0,1,2
0.57,0.19,0.358,0,0,1,2
0.57,0.19,0.361,0,0,1,2
0.57,0.19,0.364,0,0,1,2
0.57,0.19,0.367,0,0,1,2
0.57,0.19,0.37,0,0,1,2
0.57,0.19,0.373,0,0,1,2
0.57,0.19,0.376,0,0,1,2
0.57,0.19,0.379,0,0,1,2
0.57,0.19,0.382,0,0,1,2
0.57,0.19,0.385,0,0,1,2
0.57,0.19,0.388,0,0,1,2
0.57,0.19,0.391,0,0,1,2
0.57,0.19,0.394,0,0,1,2
0.57,0.19,0.397,0,0,1,2
0.57,0.19,0.4,0,0,1,2
0.57,0.19,0.403,0,0,1,2
0.57,0.19,0.406,0,0,1,2
0.57,0.19,0.409,0,0,1,2
0.57,0.19,0.412,0,0,1,2
0.57,0.19,0.415,0,0,1,2
0.57,0.19,0.418,0,0,1,2
0.57,0.19,0.420999,0,0,1,2
0.57,0.19,0.423999,0,0,1,2
0.57,0.19,0.426999,0,0,1,2
0.57,0.19,0.429999,0,0,1,2
0.57,0.19,0.432999,0,0,1,2
0.57,0.19,0.435999,0,0,1,2
0.57,0.19,0.438999,0,0,1,2
0.57,0.19,0.441999,0,0,1,2
0.57,0.19,0.444999,0,0,1,2
0.57,0.19,0.447999,0,0,1,2
0.57,0.19,0.450999,0,0,1,2
0.57,0.193,0.25,0,0,1,2
0.57,0.193,0.253,0,0,1,2
0.57,0.193,0.256,0,0,1,2
0.57,0.193,0.259,0,0,1,2
0.57,0.193,0.262,0,0,1,2
0.57,0.193,0.265,0,0,1,2
0.57,0.193,0.268,0,0,1,2
0.57,0.193,0.271,0,0,1,2
0.57,0.193,0.274,0,0,1,2
0.57,0.193,0.277,0,0,1,2
0.57,0.193,0.28,0,0,1,2
0.57,0.193,0.283,0,0,1,2
0.57,0.193,0.286,0,0,1,2
0.57,0.193,0.289,0,0,1,2
0.57,0.193,0.292,0,0,1,2
0.57,0.193,0.295,0,0,1,2
0.57,0.193,0.298,0,0,1,2
0.57,0.193,0.301,0,0,1,2
0.57,0.193,0.304,0,0,1,2
0.57,0.193,0.307,0,0,1,2
0.57,0.193,0.31,0,0,1,2
0.57,0.193,0.313,0,0,1,2
0.57,0.193,0.316,0,0,1,2
0.57,0.193,0.319,0,0,1,2
0.57,0.193,0.322,0,0,1,2
0.57,0.193,0.325,0,0,1,2
0.57,0.193,0.328,0,0,1,2
0.57,0.193,0.331,0,0,1,2
0.57,0.193,0.334,0,0,1,2
0.57,0.193,0.337,0,0,1,2
0.57,0.193,0.34,0,0,1,2
0.57,0.193,0.343,0,0,1,2
0.57,0.193,0.346,0,0,1,2
0.57,0.193,0.349,0,0,1,2
0.57,0.193,0.352,0,0,1,2
0.57,0.193,0.355,0,0,1,2
0.57,0.193,0.358,0,0,1,2
0.57,0.193,0.361,0,0,1,2
0.57,0.193,0.364,0,0,1,2
0.57,0.193,0.367,0,0,1,2
0.57,0.193,0.37,0,0,1,2
0.57,0.193,0.373,0,0,1,2
0.57,0.193,0.376,0,0,1,2
0.57,0.193,0.379,0,0,1,2
0.57,0.193,0.382,0,0,1,2
0.57,0.193,0.385,0,0,1,2
0.57,0.193,0.388,0,0,1,2
0.57,0.193,0.391,0,0,1,2
0.57,0.193,0.394,0,0,1,2
0.57,0.193,0.397,0,0,1,2
0.57,0.193,0.4,0,0,1,2
0.57,0.193,0.403,0,0,1,2
0.57,0.193,0.406,0,0,1,2
0.57,0.193,0.409,0,0,1,2
0.57,0.193,0.412,0,0,1,2
0.57,0.193,0.415,0,0,1,2
0.57,0.193,0.418,0,0,1,2
0.57,0.193,0.420999,0,0,1,2
0.57,0.193,0.423999,0,0,1,2
0.57,0.193,0.426999,0,0,1,2
0.57,0.193,0.429999,0,0,1,2
0.57,0.193,0.432999,0,0,1,2
0.57,0.193,0.435999,0,0,1,2
0.57,0.193,0.438999,0,0,1,2
0.57,0.193,0.441999,0,0,1,2
0.57,0.193,0.444999,0,0,1,2
0.57,0.193,0.447999,0,0,1,2
0.57,0.193,0.450999,0,0,1,2
0.57,0.196,0.25,0,0,1,2
0.57,0.196,0.253,0,0,1,2
0.57,0.196,0.256,0,0,1,2
0.57,0.196,0.259,0,0,1,2
0.57,0.196,0.262,0,0,1,2
0.57,0.196,0.265,0,0,1,2
0.57,0.196,0.268,0,0,1,2
0.57,0.196,0.271,0,0,1,2
0.57,0.196,0.274,0,0,1,2
0.57,0.196,0.277,0,0,1,2
0.57,0.196,0.28,0,0,1,2
0.57,0.196,0.283,0,0,1,2
0.57,0.196,0.286,0,0,1,2
0.57,0.196,0.289,0,0,1,2
0.57,0.196,0.292,0,0,1,2
0.57,0.196,0.295,0,0,1,2
0.57,0.196,0.298,0,0,1,2
0.57,0.196,0.301,0,0,1,2
0.57,0.196,0.304,0,0,1,2
0.57,0.196,0.307,0,0,1,2
0.57,0.196,0.31,0,0,1,2
0.57,0.196,0.313,0,0,1,2
0.57,0.196,0.316,0,0,1,2
0.57,0.196,0.319,0,0,1,2
0.57,0.196,0.322,0,0,1,2
0.57,0.196,0.325,0,0,1,2
0.57,0.196,0.328,0,0,1,2
0.57,0.196,0.331,0,0,1,2
0.57,0.196,0.334,0,0,1,2
0.57,0.196,0.337,0,0,1,2
0.57,0.196,0.34,0,0,1,2
0.57,0.196,0.343,0,0,1,2
0.57,0.196,0.346,0,0,1,2
0.57,0.196,0.349,0,0,1,2
0.57,0.196,0.352,0,0,1,2
0.57,0.196,0.355,0,0,1,2
0.57,0.196,0.358,0,0,1,2
0.57,0.196,0.361,0,0,1,2
0.57,0.196,0.364,0,0,1,2
0.57,0.196,0.367,0,0,1,2
0.57,0.196,0.37,0,0,1,2
0.57,0.196,0.373,0,0,1,2
0.57,0.196,0.376,0,0,1,2
0.57,0.196,0.379,0,0,1,2
0.57,0.196,0.382,0,0,1,2
0.57,0.196,0.385,0,0,1,2
0.57,0.196,0.388,0,0,1,2
0.57,0.196,0.391,0,0,1,2
0.57,0.196,0.394,0,0,1,2
0.57,0.196,0.397,0,0,1,2
0.57,0.196,0.4,0,0,1,2
0.57,0.196,0.403,0,0,1,2
0.57,0.196,0.406,0,0,1,2
0.57,0.196,0.409,0,0,1,2
0.57,0.196,0.412,0,0,1,2
0.57,0.196,0.415,0,0,1,2
0.57,0.196,0.418,0,0,1,2
0.57,0.196,0.420999,0,0,1,2
0.57,0.196,0.423999,0,0,1,2
0.57,0.196,0.426999,0,0,1,2
0.57,0.196,0.429999,0,0,1,2
0.57,0.196,0.432999,0,0,1,2
0.57,0.196,0.435999,0,0,1,2
0.57,0.196,0.438999,0,0,1,2
0.57,0.196,0.441999,0,0,1,2
0.57,0.196,0.444999,0,0,1,2
0.57,0.196,0.447999,0,0,1,2
0.57,0.196,0.450999,0,0,1,2
0.57,0.199,0.25,0,0,1,2
0.57,0.199,0.253,0,0,1,2
0.57,0.199,0.256,0,0,1,2
0.57,0.199,0.259,0,0,1,2
0.57,0.199,0.262,0,0,1,2
0.57,0.199,0.265,0,0,1,2
0.57,0.199,0.268,0,0,1,2
0.57,0.199,0.271,0,0,1,2
0.57,0.199,0.274,0,0,1,2
0.57,0.199,0.277,0,0,1,2
0.57,0.199,0.28,0,0,1,2
0.57,0.199,0.283,0,0,1,2
0.57,0.199,0.286,0,0,1,2
0.57,0.199,0.289,0,0,1,2
0.57,0.199,0.292,0,0,1,2
0.57,0.199,0.295,0,0,1,2
0.57,0.199,0.298,0,0,1,2
0.57,0.199,0.301,0,0,1,2
0.57,0.199,0.304,0,0,1,2
0.57,0.199,0.307,0,0,1,2
0.57,0.199,0.31,0,0,1,2
0.57,0.199,0.313,0,0,1,2
0.57,0.199,0.316,0,0,1,2
0.57,0.199,0.319,0,0,1,2
0.57,0.199,0.322,0,0,1,2
0.57,0.199,0.325,0,0,1,2
0.57,0.199,0.328,0,0,1,2
0.57,0.199,0.331,0,0,1,2
0.57,0.199,0.334,0,0,1,2
0.57,0.199,0.337,0,0,1,2
0.57,0.199,0.34,0,0,1,2
0.57,0.199,0.343,0,0,1,2
0.57,0.199,0.346,0,0,1,2
0.57,0.199,0.349,0,0,1,2
0.57,0.199,0.352,0,0,1,2
0.57,0.199,0.355,0,0,1,2
0.57,0.199,0.358,0,0,1,2
0.57,0.199,0.361,0,0,1,2
0.57,0.199,0.364,0,0,1,2
0.57,0.199,0.367,0,0,1,2
0.57,0.199,0.37,0,0,1,2
0.57,0.199,0.373,0,0,1,2
0.57,0.199,0.376,0,0,1,2
0.57,0.199,0.379,0,0,1,2
0.57,0.199,0.382,0,0,1,2
0.57,0.199,0.385,0,0,1,2
0.57,0.199,0.388,0,0,1,2
0.57,0.199,0.391,0,0,1,2
0.57,0.199,0.394,0,0,1,2
0.57,0.199,0.397,0,0,1,2
0.57,0.199,0.4,0,0,1,2
0.57,0.199,0.403,0,0,1,2
0.57,0.199,0.406,0,0,1,2
0.57,0.199,0.409,0,0,1,2
0.57,0.199,0.412,0,0,1,2
0.57,0.199,0.415,0,0,1,2
0.57,0.199,0.418,0,0,1,2
0.57,0.199,0.420999,0,0,1,2
0.57,0.199,0.423999,0,0,1,2
0.57,0.199,0.426999,0,0,1,2
0.57,0.199,0.429999,0,0,1,2
0.57,0.199,0.432999,0,0,1,2
0.57,0.199,0.435999,0,0,1,2
0.57,0.199,0.438999,0,0,1,2
0.57,0.199,0.441999,0,0,1,2
0.57,0.199,0.444999,0,0,1,2
0.57,0.199,0.447999,0,0,1,2
0.57,0.199,0.450999,0,0,1,2
0.57,0.202,0.25,0,0,1,2
0.57,0.202,0.253,0,0,1,2
0.57,0.202,0.256,0,0,1,2
0.57,0.202,0.259,0,0,1,2
0.57,0.202,0.262,0,0,1,2
0.57,0.202,0.265,0,0,1,2
0.57,0.202,0.268,0,0,1,2
0.57,0.202,0.271,0,0,1,2
0.57,0.202,0.274,0,0,1,2
0.57,0.202,0.277,0,0,1,2
0.57,0.202,0.28,0,0,1,2
0.57,0.202,0.283,0,0,1,2
0.57,0.202,0.286,0,0,1,2
0.57,0.202,0.289,0,0,1,2
0.57,0.202,0.292,0,0,1,2
0.57,0.202,0.295,0,0,1,2
0.57,0.202,0.298,0,0,1,2
0.57,0.202,0.301,0,0,1,2
0.57,0.202,0.304,0,0,1,2
0.57,0.202,0.307,0,0,1,2
0.57,0.202,0.31,0,0,1,2
0.57,0.202,0.313,0,0,1,2
0.57,0.202,0.316,0,0,1,2
0.57,0.202,0.319,0,0,1,2
0.57,0.202,0.322,0,0,1,2
0.57,0.202,0.325,0,0,1,2
0.57,0.202,0.328,0,0,1,2
0.57,0.202,0.331,0,0,1,2
0.57,0.202,0.334,0,0,1,2
0.57,0.202,0.337,0,0,1,2
0.57,0.202,0.34,0,0,1,2
0.57,0.202,0.343,0,0,1,2
0.57,0.202,0.346,0,0,1,2
0.57,0.202,0.349,0,0,1,2
0.57,0.202,0.352,0,0,1,2
0.57,0.202,0.355,0,0,1,2
0.57,0.202,0.358,0,0,1,2
0.57,0.202,0.361,0,0,1,2
0.57,0.202,0.364,0,0,1,2
0.57,0.202,0.367,0,0,1,2
0.57,0.202,0.37,0,0,1,2
0.57,0.202,0.373,0,0,1,2
0.57,0.202,0.376,0,0,1,2
0.57,0.202,0.379,0,0,1,2
0.57,0.202,0.382,0,0,1,2
0.57,0.202,0.385,0,0,1,2
0.57,0.202,0.388,0,0,1,2
0.57,0.202,0.391,0,0,1,2
0.57,0.202,0.394,0,0,1,2
0.57,0.202,0.397,0,0,1,2
0.57,0.202,0.4,0,0,1,2
0.57,0.202,0.403,0,0,1,2
0.57,0.202,0.406,0,0,1,2
0.57,0.202,0.409,0,0,1,2
0.57,0.202,0.412,0,0,1,2
0.57,0.202,0.415,0,0,1,2
0.57,0.202,0.418,0,0,1,2
0.57,0.202,0.420999,0,0,1,2
0.57,0.202,0.423999,0,0,1,2
0.57,0.202,0.426999,0,0,1,2
0.57,0.202,0.429999,0,0,1,2
0.57,0.202,0.432999,0,0,1,2
0.57,0.202,0.435999,0,0,1,2
0.57,0.202,0.438999,0,0,1,2
0.57,0.202,0.441999,0,0,1,2
0.57,0.202,0.444999,0,0,1,2
0.57,0.202,0.447999,0,0,1,2
0.57,0.202,0.450999,0,0,1,2
0.57,0.205,0.25,0,0,1,2
0.57,0.205,0.253,0,0,1,2
0.57,0.205,0.256,0,0,1,2
0.57,0.205,0.259,0,0,1,2
0.57,0.205,0.262,0,0,1,2
0.57,0.205,0.265,0,0,1,2
0.57,0.205,0.268,0,0,1,2
0.57,0.205,0.271,0,0,1,2
0.57,0.205,0.274,0,0,1,2
0.57,0.205,0.277,0,0,1,2
0.57,0.205,0.28,0,0,1,2
0.57,0.205,0.283,0,0,1,2
0.57,0.205,0.286,0,0,1,2
0.57,0.205,0.289,0,0,1,2
0.57,0.205,0.292,0,0,1,2
0.57,0.205,0.295,0,0,1,2
0.57,0.205,0.298,0,0,1,2
0.57,0.205,0.301,0,0,1,2
0.57,0.205,0.304,0,0,1,2
0.57,0.205,0.307,0,0,1,2
0.57,0.205,0.31,0,0,1,2
0.57,0.205,0.313,0,0,1,2
0.57,0.205,0.316,0,0,1,2
0.57,0.205,0.319,0,0,1,2
0.57,0.205,0.322,0,0,1,2
0.57,0.205,0.325,0,0,1,2
0.57,0.205,0.328,0,0,1,2
0.57,0.205,0.331,0,0,1,2
0.57,0.205,0.334,0,0,1,2
0.57,0.205,0.337,0,0,1,2
0.57,0.205,0.34,0,0,1,2
0.57,0.205,0.343,0,0,1,2
0.57,0.205,0.346,0,0,1,2
0.57,0.205,0.349,0,0,1,2
0.57,0.205,0.352,0,0,1,2
0.57,0.205,0.355,0,0,1,2
0.57,0.205,0.358,0,0,1,2
0.57,0.205,0.361,0,0,1,2
0.57,0.205,0.364,0,0,1,2
0.57,0.205,0.367,0,0,1,2
0.57,0.205,0.37,0,0,1,2
0.57,0.205,0.373,0,0,1,2
0.57,0.205,0.376,0,0,1,2
0.57,0.205,0.379,0,0,1,2
0.57,0.205,0.382,0,0,1,2
0.57,0.205,0.385,0,0,1,2
0.57,0.205,0.388,0,0,1,2
0.57,0.205,0.391,0,0,1,2
0.57,0.205,0.394,0,0,1,2
0.57,0.205,0.397,0,0,1,2
0.57,0.205,0.4,0,0,1,2
0.57,0.205,0.403,0,0,1,2
0.57,0.205,0.406,0,0,1,2
0.57,0.205,0.409,0,0,1,2
0.57,0.205,0.412,0,0,1,2
0.57,0.205,0.415,0,0,1,2
0.57,0.205,0.418,0,0,1,2
0.57,0.205,0.420999,0,0,1,2
0.57,0.205,0.423999,0,0,1,2
0.57,0.205,0.426999,0,0,1,2
0.57,0.205,0.429999,0,0,1,2
0.57,0.205,0.432999,0,0,1,2
0.57,0.205,0.435999,0,0,1,2
0.57,0.205,0.438999,0,0,1,2
0.57,0.205,0.441999,0,0,1,2
0.57,0.205,0.444999,0,0,1,2
0.57,0.205,0.447999,0,0,1,2
0.57,0.205,0.450999,0,0,1,2
0.57,0.208,0.25,0,0,1,2
0.57,0.208,0.253,0,0,1,2
0.57,0.208,0.256,0,0,1,2
0.57,0.208,0.259,0,0,1,2
0.57,0.208,0.262,0,0,1,2
0.57,0.208,0.265,0,0,1,2
0.57,0.208,0.268,0,0,1,2
0.57,0.208,0.271,0,0,1,2
0.57,0.208,0.274,0,0,1,2
0.57,0.208,0.277,0,0,1,2
0.57,0.208,0.28,0,0,1,2
0.57,0.208,0.283,0,0,1,2
0.57,0.208,0.286,0,0,1,2
0.57,0.208,0.289,0,0,1,2
0.57,0.208,0.292,0,0,1,2
0.57,0.208,0.295,0,0,1,2
0.57,0.208,0.298,0,0,1,2
0.57,0.208,0.301,0,0,1,2
0.57,0.208,0.304,0,0,1,2
0.57,0.208,0.307,0,0,1,2
0.57,0.208,0.31,0,0,1,2
0.57,0.208,0.313,0,0,1,2
0.57,0.208,0.316,0,0,1,2
0.57,0.208,0.319,0,0,1,2
0.57,0.208,0.322,0,0,1,2
0.57,0.208,0.325,0,0,1,2
0.57,0.208,0.328,0,0,1,2
0.57,0.208,0.331,0,0,1,2
0.57,0.208,0.334,0,0,1,2
0.57,0.208,0.337,0,0,1,2
0.57,0.208,0.34,0,0,1,2
0.57,0.208,0.343,0,0,1,2
0.57,0.208,0.346,0,0,1,2
0.57,0.208,0.349,0,0,1,2
0.57,0.208,0.352,0,0,1,2
0.57,0.208,0.355,0,0,1,2
0.57,0.208,0.358,0,0,1,2
0.57,0.208,0.361,0,0,1,2
0.57,0.208,0.364,0,0,1,2
0.57,0.208,0.367,0,0,1,2
0.57,0.208,0.37,0,0,1,2
0.57,0.208,0.373,0,0,1,2
0.57,0.208,0.376,0,0,1,2
0.57,0.208,0.379,0,0,1,2
0.57,0.208,0.382,0,0,1,2
0.57,0.208,0.385,0,0,1,2
0.57,0.208,0.388,0,0,1,2
0.57,0.208,0.391,0,0,1,2
0.57,0.208,0.394,0,0,1,2
0.57,0.208,0.397,0,0,1,2
0.57,0.208,0.4,0,0,1,2
0.57,0.208,0.403,0,0,1,2
0.57,0.208,0.406,0,0,1,2
0.57,0.208,0.409,0,0,1,2
0.57,0.208,0.412,0,0,1,2
0.57,0.208,0.415,0,0,1,2
0.57,0.208,0.418,0,0,1,2
0.57,0.208,0.420999,0,0,1,2
0.57,0.208,0.423999,0,0,1,2
0.57,0.208,0.426999,0,0,1,2
0.57,0.208,0.429999,0,0,1,2
0.57,0.208,0.432999,0,0,1,2
0.57,0.208,0.435999,0,0,1,2
0.57,0.208,0.438999,0,0,1,2
0.57,0.208,0.441999,0,0,1,2
0.57,0.208,0.444999,0,0,1,2
0.57,0.208,0.447999,0,0,1,2
0.57,0.208,0.450999,0,0,1,2
0.57,0.211,0.25,0,0,1,2
0.57,0.211,0.253,0,0,1,2
0.57,0.211,0.256,0,0,1,2
0.57,0.211,0.259,0,0,1,2
0.57,0.211,0.262,0,0,1,2
0.57,0.211,0.265,0,0,1,2
0.57,0.211,0.268,0,0,1,2
0.57,0.211,0.271,0,0,1,2
0.57,0.211,0.274,0,0,1,2
0.57,0.211,0.277,0,0,1,2
0.57,0.211,0.28,0,0,1,2
0.57,0.211,0.283,0,0,1,2
0.57,0.211,0.286,0,0,1,2
0.57,0.211,0.289,0,0,1,2
0.57,0.211,0.292,0,0,1,2
0.57,0.211,0.295,0,0,1,2
0.57,0.211,0.298,0,0,1,2
0.57,0.211,0.301,0,0,1,2
0.57,0.211,0.304,0,0,1,2
0.57,0.211,0.307,0,0,1,2
0.57,0.211,0.31,0,0,1,2
0.57,0.211,0.313,0,0,1,2
0.57,0.211,0.316,0,0,1,2
0.57,0.211,0.319,0,0,1,2
0.57,0.211,0.322,0,0,1,2
0.57,0.211,0.325,0,0,1,2
0.57,0.211,0.328,0,0,1,2
0.57,0.211,0.331,0,0,1,2
0.57,0.211,0.334,0,0,1,2
0.57,0.211,0.337,0,0,1,2
0.57,0.211,0.34,0,0,1,2
0.57,0.211,0.343,0,0,1,2
0.57,0.211,0.346,0,0,1,2
0.57,0.211,0.349,0,0,1,2
0.57,0.211,0.352,0,0,1,2
0.57,0.211,0.355,0,0,1,2
0.57,0.211,0.358,0,0,1,2
0.57,0.211,0.361,0,0,1,2
0.57,0.211,0.364,0,0,1,2
0.57,0.211,0.367,0,0,1,2
0.57,0.211,0.37,0,0,1,2
0.57,0.211,0.373,0,0,1,2
0.57,0.211,0.376,0,0,1,2
0.57,0.211,0.379,0,0,1,2
0.57,0.211,0.382,0,0,1,2
0.57,0.211,0.385,0,0,1,2
0.57,0.211,0.388,0,0,1,2
0.57,0.211,0.391,0,0,1,2
0.57,0.211,0.394,0,0,1,2
0.57,0.211,0.397,0,0,1,2
0.57,0.211,0.4,0,0,1,2
0.57,0.211,0.403,0,0,1,2
0.57,0.211,0.406,0,0,1,2
0.57,0.211,0.409,0,0,1,2
0.57,0.211,0.412,0,0,1,2
0.57,0.211,0.415,0,0,1,2
0.57,0.211,0.418,0,0,1,2
0.57,0.211,0.420999,0,0,1,2
0.57,0.211,0.423999,0,0,1,2
0.57,0.211,0.426999,0,0,1,2
0.57,0.211,0.429999,0,0,1,2
0.57,0.211,0.432999,0,0,1,2
0.57,0.211,0.435999,0,0,1,2
0.57,0.211,0.438999,0,0,1,2
0.57,0.211,0.441999,0,0,1,2
0.57,0.211,0.444999,0,0,1,2
0.57,0.211,0.447999,0,0,1,2
0.57,0.211,0.450999,0,0,1,2
0.57,0.214,0.25,0,0,1,2
0.57,0.214,0.253,0,0,1,2
0.57,0.214,0.256,0,0,1,2
0.57,0.214,0.259,0,0,1,2
0.57,0.214,0.262,0,0,1,2
0.57,0.214,0.265,0,0,1,2
0.57,0.214,0.268,0,0,1,2
0.57,0.214,0.271,0,0,1,2
0.57,0.214,0.274,0,0,1,2
0.57,0.214,0.277,0,0,1,2
0.57,0.214,0.28,0,0,1,2
0.57,0.214,0.283,0,0,1,2
0.57,0.214,0.286,0,0,1,2
0.57,0.214,0.289,0,0,1,2
0.57,0.214,0.292,0,0,1,2
0.57,0.214,0.295,0,0,1,2
0.57,0.214,0.298,0,0,1,2
0.57,0.214,0.301,0,0,1,2
0.57,0.214,0.304,0,0,1,2
0.57,0.214,0.307,0,0,1,2
0.57,0.214,0.31,0,0,1,2
0.57,0.214,0.313,0,0,1,2
0.57,0.214,0.316,0,0,1,2
0.57,0.214,0.319,0,0,1,2
0.57,0.214,0.322,0,0,1,2
0.57,0.214,0.325,0,0,1,2
0.57,0.214,0.328,0,0,1,2
0.57,0.214,0.331,0,0,1,2
0.57,0.214,0.334,0,0,1,2
0.57,0.214,0.337,0,0,1,2
0.57,0.214,0.34,0,0,1,2
0.57,0.214,0.343,0,0,1,2
0.57,0.214,0.346,0,0,1,2
0.57,0.214,0.349,0,0,1,2
0.57,0.214,0.352,0,0,1,2
0.57,0.214,0.355,0,0,1,2
0.57,0.214,0.358,0,0,1,2
0.57,0.214,0.361,0,0,1,2
0.57,0.214,0.364,0,0,1,2
0.57,0.214,0.367,0,0,1,2
0.57,0.214,0.37,0,0,1,2
0.57,0.214,0.373,0,0,1,2
0.57,0.214,0.376,0,0,1,2
0.57,0.214,0.379,0,0,1,2
0.57,0.214,0.382,0,0,1,2
0.57,0.214,0.385,0,0,1,2
0.57,0.214,0.388,0,0,1,2
0.57,0.214,0.391,0,0,1,2
0.57,0.214,0.394,0,0,1,2
0.57,0.214,0.397,0,0,1,2
0.57,0.214,0.4,0,0,1,2
0.57,0.214,0.403,0,0,1,2
0.57,0.214,0.406,0,0,1,2
0.57,0.214,0.409,0,0,1,2
0.57,0.214,0.412,0,0,1,2
0.57,0.214,0.415,0,0,1,2
0.57,0.214,0.418,0,0,1,2
0.57,0.214,0.420999,0,0,1,2
0.57,0.214,0.423999,0,0,1,2
0.57,0.214,0.426999,0,0,1,2
0.57,0.214,0.429999,0,0,1,2
0.57,0.214,0.432999,0,0,1,2
0.57,0.214,0.435999,0,0,1,2
0.57,0.214,0.438999,0,0,1,2
0.57,0.214,0.441999,0,0,1,2
0.57,0.214,0.444999,0,0,1,2
0.57,0.214,0.447999,0,0,1,2
0.57,0.214,0.450999,0,0,1,2
0.57,0.217,0.25,0,0,1,2
0.57,0.217,0.253,0,0,1,2
0.57,0.217,0.256,0,0,1,2
0.57,0.217,0.259,0,0,1,2
0.57,0.217,0.262,0,0,1,2
0.57,0.217,0.265,0,0,1,2
0.57,0.217,0.268,0,0,1,2
0.57,0.217,0.271,0,0,1,2
0.57,0.217,0.274,0,0,1,2
0.57,0.217,0.277,0,0,1,2
0.57,0.217,0.28,0,0,1,2
0.57,0.217,0.283,0,0,1,2
0.57,0.217,0.286,0,0,1,2
0.57,0.217,0.289,0,0,1,2
0.57,0.217,0.292,0,0,1,2
0.57,0.217,0.295,0,0,1,2
0.57,0.217,0.298,0,0,1,2
0.57,0.217,0.301,0,0,1,2
0.57,0.217,0.304,0,0,1,2
0.57,0.217,0.307,0,0,1,2
0.57,0.217,0.31,0,0,1,2
0.57,0.217,0.313,0,0,1,2
0.57,0.217,0.316,0,0,1,2
0.57,0.217,0.319,0,0,1,2
0.57,0.217,0.322,0,0,1,2
0.57,0.217,0.325,0,0,1,2
0.57,0.217,0.328,0,0,1,2
0.57,0.217,0.331,0,0,1,2
0.57,0.217,0.334,0,0,1,2
0.57,0.217,0.337,0,0,1,2
0.57,0.217,0.34,0,0,1,2
0.57,0.217,0.343,0,0,1,2
0.57,0.217,0.346,0,0,1,2
0.57,0.217,0.349,0,0,1,2
0.57,0.217,0.352,0,0,1,2
0.57,0.217,0.355,0,0,1,2
0.57,0.217,0.358,0,0,1,2
0.57,0.217,0.361,0,0,1,2
0.57,0.217,0.364,0,0,1,2
0.57,0.217,0.367,0,0,1,2
0.57,0.217,0.37,0,0,1,2
0.57,0.217,0.373,0,0,1,2
0.57,0.217,0.376,0,0,1,2
0.57,0.217,0.379,0,0,1,2
0.57,0.217,0.382,0,0,1,2
0.57,0.217,0.385,0,0,1,2
0.57,0.217,0.388,0,0,1,2
0.57,0.217,0.391,0,0,1,2
0.57,0.217,0.394,0,0,1,2
0.57,0.217,0.397,0,0,1,2
0.57,0.217,0.4,0,0,1,2
0.57,0.217,0.403,0,0,1,2
0.57,0.217,0.406,0,0,1,2
0.57,0.217,0.409,0,0,1,2
0.57,0.217,0.412,0,0,1,2
0.57,0.217,0.415,0,0,1,2
0.57,0.217,0.418,0,0,1,2
0.57,0.217,0.420999,0,0,1,2
0.57,0.217,0.423999,0,0,1,2
0.57,0.217,0.426999,0,0,1,2
0.57,0.217,0.429999,0,0,1,2
0.57,0.217,0.432999,0,0,1,2
0.57,0.217,0.435999,0,0,1,2
0.57,0.217,0.438999,0,0,1,2
0.57,0.217,0.441999,0,0,1,2
0.57,0.217,0.444999,0,0,1,2
0.57,0.217,0.447999,0,0,1,2
0.57,0.217,0.450999,0,0,1,2
0.57,0.22,0.25,0,0,1,2
0.57,0.22,0.253,0,0,1,2
0.57,0.22,0.256,0,0,1,2
0.57,0.22,0.259,0,0,1,2
0.57,0.22,0.262,0,0,1,2
0.57,0.22,0.265,0,0,1,2
0.57,0.22,0.268,0,0,1,2
0.57,0.22,0.271,0,0,1,2
0.57,0.22,0.274,0,0,1,2
0.57,0.22,0.277,0,0,1,2
0.57,0.22,0.28,0,0,1,2
0.57,0.22,0.283,0,0,1,2
0.57,0.22,0.286,0,0,1,2
0.57,0.22,0.289,0,0,1,2
0.57,0.22,0.292,0,0,1,2
0.57,0.22,0.295,0,0,1,2
0.57,0.22,0.298,0,0,1,2
0.57,0.22,0.301,0,0,1,2
0.57,0.22,0.304,0,0,1,2
0.57,0.22,0.307,0,0,1,2
0.57,0.22,0.31,0,0,1,2
0.57,0.22,0.313,0,0,1,2
0.57,0.22,0.316,0,0,1,2
0.57,0.22,0.319,0,0,1,2
0.57,0.22,0.322,0,0,1,2
0.57,0.22,0.325,0,0,1,2
0.57,0.22,0.328,0,0,1,2
0.57,0.22,0.331,0,0,1,2
0.57,0.22,0.334,0,0,1,2
0.57,0.22,0.337,0,0,1,2
0.57,0.22,0.34,0,0,1,2
0.57,0.22,0.343,0,0,1,2
0.57,0.22,0.346,0,0,1,2
0.57,0.22,0.349,0,0,1,2
0.57,0.22,0.352,0,0,1,2
0.57,0.22,0.355,0,0,1,2
0.57,0.22,0.358,0,0,1,2
0.57,0.22,0.361,0,0,1,2
0.57,0.22,0.364,0,0,1,2
0.57,0.22,0.367,0,0,1,2
0.57,0.22,0.37,0,0,1,2
0.57,0.22,0.373,0,0,1,2
0.57,0.22,0.376,0,0,1,2
0.57,0.22,0.379,0,0,1,2
0.57,0.22,0.382,0,0,1,2
0.57,0.22,0.385,0,0,1,2
0.57,0.22,0.388,0,0,1,2
0.57,0.22,0.391,0,0,1,2
0.57,0.22,0.394,0,0,1,2
0.57,0.22,0.397,0,0,1,2
0.57,0.22,0.4,0,0,1,2
0.57,0.22,0.403,0,0,1,2
0.57,0.22,0.406,0,0,1,2
0.57,0.22,0.409,0,0,1,2
0.57,0.22,0.412,0,0,1,2
0.57,0.22,0.415,0,0,1,2
0.57,0.22,0.418,0,0,1,2
0.57,0.22,0.420999,0,0,1,2
0.57,0.22,0.423999,0,0,1,2
0.57,0.22,0.426999,0,0,1,2
0.57,0.22,0.429999,0,0,1,2
0.57,0.22,0.432999,0,0,1,2
0.57,0.22,0.435999,0,0,1,2
0.57,0.22,0.438999,0,0,1,2
0.57,0.22,0.441999,0,0,1,2
0.57,0.22,0.444999,0,0,1,2
0.57,0.22,0.447999,0,0,1,2
0.57,0.22,0.450999,0,0,1,2
0.57,0.223,0.25,0,0,1,2
0.57,0.223,0.253,0,0,1,2
0.57,0.223,0.256,0,0,1,2
0.57,0.223,0.259,0,0,1,2
0.57,0.223,0.262,0,0,1,2
0.57,0.223,0.265,0,0,1,2
0.57,0.223,0.268,0,0,1,2
0.57,0.223,0.271,0,0,1,2
0.57,0.223,0.274,0,0,1,2
0.57,0.223,0.277,0,0,1,2
0.57,0.223,0.28,0,0,1,2
0.57,0.223,0.283,0,0,1,2
0.57,0.223,0.286,0,0,1,2
0.57,0.223,0.289,0,0,1,2
0.57,0.223,0.292,0,0,1,2
0.57,0.223,0.295,0,0,1,2
0.57,0.223,0.298,0,0,1,2
0.57,0.223,0.301,0,0,1,2
0.57,0.223,0.304,0,0,1,2
0.57,0.223,0.307,0,0,1,2
0.57,0.223,0.31,0,0,1,2
0.57,0.223,0.313,0,0,1,2
0.57,0.223,0.316,0,0,1,2
0.57,0.223,0.319,0,0,1,2
0.57,0.223,0.322,0,0,1,2
0.57,0.223,0.325,0,0,1,2
0.57,0.223,0.328,0,0,1,2
0.57,0.223,0.331,0,0,1,2
0.57,0.223,0.334,0,0,1,2
0.57,0.223,0.337,0,0,1,2
0.57,0.223,0.34,0,0,1,2
0.57,0.223,0.343,0,0,1,2
0.57,0.223,0.346,0,0,1,2
0.57,0.223,0.349,0,0,1,2
0.57,0.223,0.352,0,0,1,2
0.57,0.223,0.355,0,0,1,2
0.57,0.223,0.358,0,0,1,2
0.57,0.223,0.361,0,0,1,2
0.57,0.223,0.364,0,0,1,2
0.57,0.223,0.367,0,0,1,2
0.57,0.223,0.37,0,0,1,2
0.57,0.223,0.373,0,0,1,2
0.57,0.223,0.376,0,0,1,2
0.57,0.223,0.379,0,0,1,2
0.57,0.223,0.382,0,0,1,2
0.57,0.223,0.385,0,0,1,2
0.57,0.223,0.388,0,0,1,2
0.57,0.223,0.391,0,0,1,2
0.57,0.223,0.394,0,0,1,2
0.57,0.223,0.397,0,0,1,2
0.57,0.223,0.4,0,0,1,2
0.57,0.223,0.403,0,0,1,2
0.57,0.223,0.406,0,0,1,2
0.57,0.223,0.409,0,0,1,2
0.57,0.223,0.412,0,0,1,2
0.57,0.223,0.415,0,0,1,2
0.57,0.223,0.418,0,0,1,2
0.57,0.223,0.420999,0,0,1,2
0.57,0.223,0.423999,0,0,1,2
0.57,0.223,0.426999,0,0,1,2
0.57,0.223,0.429999,0,0,1,2
0.57,0.223,0.432999,0,0,1,2
0.57,0.223,0.435999,0,0,1,2
0.57,0.223,0.438999,0,0,1,2
0.57,0.223,0.441999,0,0,1,2
0.57,0.223,0.444999,0,0,1,2
0.57,0.223,0.447999,0,0,1,2
0.57,0.223,0.450999,0,0,1,2
0.57,0.226,0.25,0,0,1,2
0.57,0.226,0.253,0,0,1,2
0.57,0.226,0.256,0,0,1,2
0.57,0.226,0.259,0,0,1,2
0.57,0.226,0.262,0,0,1,2
0.57,0.226,0.265,0,0,1,2
0.57,0.226,0.268,0,0,1,2
0.57,0.226,0.271,0,0,1,2
0.57,0.226,0.274,0,0,1,2
0.57,0.226,0.277,0,0,1,2
0.57,0.226,0.28,0,0,1,2
0.57,0.226,0.283,0,0,1,2
0.57,0.226,0.286,0,0,1,2
0.57,0.226,0.289,0,0,1,2
0.57,0.226,0.292,0,0,1,2
0.57,0.226,0.295,0,0,1,2
0.57,0.226,0.298,0,0,1,2
0.57,0.226,0.301,0,0,1,2
0.57,0.226,0.304,0,0,1,2
0.57,0.226,0.307,0,0,1,2
0.57,0.226,0.31,0,0,1,2
0.57,0.226,0.313,0,0,1,2
0.57,0.226,0.316,0,0,1,2
0.57,0.226,0.319,0,0,1,2
0.57,0.226,0.322,0,0,1,2
0.57,0.226,0.325,0,0,1,2
0.57,0.226,0.328,0,0,1,2
0.57,0.226,0.331,0,0,1,2
0.57,0.226,0.334,0,0,1,2
0.57,0.226,0.337,0,0,1,2
0.57,0.226,0.34,0,0,1,2
0.57,0.226,0.343,0,0,1,2
0.57,0.226,0.346,0,0,1,2
0.57,0.226,0.349,0,0,1,2
0.57,0.226,0.352,0,0,1,2
0.57,0.226,0.355,0,0,1,2
0.57,0.226,0.358,0,0,1,2
0.57,0.226,0.361,0,0,1,2
0.57,0.226,0.364,0,0,1,2
0.57,0.226,0.367,0,0,1,2
0.57,0.226,0.37,0,0,1,2
0.57,0.226,0.373,0,0,1,2
0.57,0.226,0.376,0,0,1,2
0.57,0.226,0.379,0,0,1,2
0.57,0.226,0.382,0,0,1,2
0.57,0.226,0.385,0,0,1,2
0.57,0.226,0.388,0,0,1,2
0.57,0.226,0.391,0,0,1,2
0.57,0.226,0.394,0,0,1,2
0.57,0.226,0.397,0,0,1,2
0.57,0.226,0.4,0,0,1,2
0.57,0.226,0.403,0,0,1,2
0.57,0.226,0.406,0,0,1,2
0.57,0.226,0.409,0,0,1,2
0.57,0.226,0.412,0,0,1,2
0.57,0.226,0.415,0,0,1,2
0.57,0.226,0.418,0,0,1,2
0.57,0.226,0.420999,0,0,1,2
0.57,0.226,0.423999,0,0,1,2
0.57,0.226,0.426999,0,0,1,2
0.57,0.226,0.429999,0,0,1,2
0.57,0.226,0.432999,0,0,1,2
0.57,0.226,0.435999,0,0,1,2
0.57,0.226,0.438999,0,0,1,2
0.57,0.226,0.441999,0,0,1,2
0.57,0.226,0.444999,0,0,1,2
0.57,0.226,0.447999,0,0,1,2
0.57,0.226,0.450999,0,0,1,2
0.57,0.229,0.25,0,0,1,2
0.57,0.229,0.253,0,0,1,2
0.57,0.229,0.256,0,0,1,2
0.57,0.229,0.259,0,0,1,2
0.57,0.229,0.262,0,0,1,2
0.57,0.229,0.265,0,0,1,2
0.57,0.229,0.268,0,0,1,2
0.57,0.229,0.271,0,0,1,2
0.57,0.229,0.274,0,0,1,2
0.57,0.229,0.277,0,0,1,2
0.57,0.229,0.28,0,0,1,2
0.57,0.229,0.283,0,0,1,2
0.57,0.229,0.286,0,0,1,2
0.57,0.229,0.289,0,0,1,2
0.57,0.229,0.292,0,0,1,2
0.57,0.229,0.295,0,0,1,2
0.57,0.229,0.298,0,0,1,2
0.57,0.229,0.301,0,0,1,2
0.57,0.229,0.304,0,0,1,2
0.57,0.229,0.307,0,0,1,2
0.57,0.229,0.31,0,0,1,2
0.57,0.229,0.313,0,0,1,2
0.57,0.229,0.316,0,0,1,2
0.57,0.229,0.319,0,0,1,2
0.57,0.229,0.322,0,0,1,2
0.57,0.229,0.325,0,0,1,2
0.57,0.229,0.328,0,0,1,2
0.57,0.229,0.331,0,0,1,2
0.57,0.229,0.334,0,0,1,2
0.57,0.229,0.337,0,0,1,2
0.57,0.229,0.34,0,0,1,2
0.57,0.229,0.343,0,0,1,2
0.57,0.229,0.346,0,0,1,2
0.57,0.229,0.349,0,0,1,2
0.57,0.229,0.352,0,0,1,2
0.57,0.229,0.355,0,0,1,2
0.57,0.229,0.358,0,0,1,2
0.57,0.229,0.361,0,0,1,2
0.57,0.229,0.364,0,0,1,2
0.57,0.229,0.367,0,0,1,2
0.57,0.229,0.37,0,0,1,2
0.57,0.229,0.373,0,0,1,2
0.57,0.229,0.376,0,0,1,2
0.57,0.229,0.379,0,0,1,2
0.57,0.229,0.382,0,0,1,2
0.57,0.229,0.385,0,0,1,2
0.57,0.229,0.388,0,0,1,2
0.57,0.229,0.391,0,0,1,2
0.57,0.229,0.394,0,0,1,2
0.57,0.229,0.397,0,0,1,2
0.57,0.229,0.4,0,0,1,2
0.57,0.229,0.403,0,0,1,2
0.57,0.229,0.406,0,0,1,2
0.57,0.229,0.409,0,0,1,2
0.57,0.229,0.412,0,0,1,2
0.57,0.229,0.415,0,0,1,2
0.57,0.229,0.418,0,0,1,2
0.57,0.229,0.420999,0,0,1,2
0.57,0.229,0.423999,0,0,1,2
0.57,0.229,0.426999,0,0,1,2
0.57,0.229,0.429999,0,0,1,2
0.57,0.229,0.432999,0,0,1,2
0.57,0.229,0.435999,0,0,1,2
0.57,0.229,0.438999,0,0,1,2
0.57,0.229,0.441999,0,0,1,2
0.57,0.229,0.444999,0,0,1,2
0.57,0.229,0.447999,0,0,1,2
0.57,0.229,0.450999,0,0,1,2
0.57,0.232,0.25,0,0,1,2
0.57,0.232,0.253,0,0,1,2
0.57,0.232,0.256,0,0,1,2
0.57,0.232,0.259,0,0,1,2
0.57,0.232,0.262,0,0,1,2
0.57,0.232,0.265,0,0,1,2
0.57,0.232,0.268,0,0,1,2
0.57,0.232,0.271,0,0,1,2
0.57,0.232,0.274,0,0,1,2
0.57,0.232,0.277,0,0,1,2
0.57,0.232,0.28,0,0,1,2
0.57,0.232,0.283,0,0,1,2
0.57,0.232,0.286,0,0,1,2
0.57,0.232,0.289,0,0,1,2
0.57,0.232,0.292,0,0,1,2
0.57,0.232,0.295,0,0,1,2
0.57,0.232,0.298,0,0,1,2
0.57,0.232,0.301,0,0,1,2
0.57,0.232,0.304,0,0,1,2
0.57,0.232,0.307,0,0,1,2
0.57,0.232,0.31,0,0,1,2
0.57,0.232,0.313,0,0,1,2
0.57,0.232,0.316,0,0,1,2
0.57,0.232,0.319,0,0,1,2
0.57,0.232,0.322,0,0,1,2
0.57,0.232,0.325,0,0,1,2
0.57,0.232,0.328,0,0,1,2
0.57,0.232,0.331,0,0,1,2
0.57,0.232,0.334,0,0,1,2
0.57,0.232,0.337,0,0,1,2
0.57,0.232,0.34,0,0,1,2
0.57,0.232,0.343,0,0,1,2
0.57,0.232,0.346,0,0,1,2
0.57,0.232,0.349,0,0,1,2
0.57,0.232,0.352,0,0,1,2
0.57,0.232,0.355,0,0,1,2
0.57,0.232,0.358,0,0,1,2
0.57,0.232,0.361,0,0,1,2
0.57,0.232,0.364,0,0,1,2
0.57,0.232,0.367,0,0,1,2
0.57,0.232,0.37,0,0,1,2
0.57,0.232,0.373,0,0,1,2
0.57,0.232,0.376,0,0,1,2
0.57,0.232,0.379,0,0,1,2
0.57,0.232,0.382,0,0,1,2
0.57,0.232,0.385,0,0,1,2
0.57,0.232,0.388,0,0,1,2
0.57,0.232,0.391,0,0,1,2
0.57,0.232,0.394,0,0,1,2
0.57,0.232,0.397,0,0,1,2
0.57,0.232,0.4,0,0,1,2
0.57,0.232,0.403,0,0,1,2
0.57,0.232,0.406,0,0,1,2
0.57,0.232,0.409,0,0,1,2
0.57,0.232,0.412,0,0,1,2
0.57,0.232,0.415,0,0,1,2
0.57,0.232,0.418,0,0,1,2
0.57,0.232,0.420999,0,0,1,2
0.57,0.232,0.423999,0,0,1,2
0.57,0.232,0.426999,0,0,1,2
0.57,0.232,0.429999,0,0,1,2
0.57,0.232,0.432999,0,0,1,2
0.57,0.232,0.435999,0,0,1,2
0.57,0.232,0.438999,0,0,1,2
0.57,0.232,0.441999,0,0,1,2
0.57,0.232,0.444999,0,0,1,2
0.57,0.232,0.447999,0,0,1,2
0.57,0.232,0.450999,0,0,1,2
0.57,0.235,0.25,0,0,1,2
0.57,0.235,0.253,0,0,1,2
0.57,0.235,0.256,0,0,1,2
0.57,0.235,0.259,0,0,1,2
0.57,0.235,0.262,0,0,1,2
0.57,0.235,0.265,0,0,1,2
0.57,0.235,0.268,0,0,1,2
0.57,0.235,0.271,0,0,1,2
0.57,0.235,0.274,0,0,1,2
0.57,0.235,0.277,0,0,1,2
0.57,0.235,0.28,0,0,1,2
0.57,0.235,0.283,0,0,1,2
0.57,0.235,0.286,0,0,1,2
0.57,0.235,0.289,0,0,1,2
0.57,0.235,0.292,0,0,1,2
0.57,0.235,0.295,0,0,1,2
0.57,0.235,0.298,0,0,1,2
0.57,0.235,0.301,0,0,1,2
0.57,0.235,0.304,0,0,1,2
0.57,0.235,0.307,0,0,1,2
0.57,0.235,0.31,0,0,1,2
0.57,0.235,0.313,0,0,1,2
0.57,0.235,0.316,0,0,1,2
0.57,0.235,0.319,0,0,1,2
0.57,0.235,0.322,0,0,1,2
0.57,0.235,0.325,0,0,1,2
0.57,0.235,0.328,0,0,1,2
0.57,0.235,0.331,0,0,1,2
0.57,0.235,0.334,0,0,1,2
0.57,0.235,0.337,0,0,1,2
0.57,0.235,0.34,0,0,1,2
0.57,0.235,0.343,0,0,1,2
0.57,0.235,0.346,0,0,1,2
0.57,0.235,0.349,0,0,1,2
0.57,0.235,0.352,0,0,1,2
0.57,0.235,0.355,0,0,1,2
0.57,0.235,0.358,0,0,1,2
0.57,0.235,0.361,0,0,1,2
0.57,0.235,0.364,0,0,1,2
0.57,0.235,0.367,0,0,1,2
0.57,0.235,0.37,0,0,1,2
0.57,0.235,0.373,0,0,1,2
0.57,0.235,0.376,0,0,1,2
0.57,0.235,0.379,0,0,1,2
0.57,0.235,0.382,0,0,1,2
0.57,0.235,0.385,0,0,1,2
0.57,0.235,0.388,0,0,1,2
0.57,0.235,0.391,0,0,1,2
0.57,0.235,0.394,0,0,1,2
0.57,0.235,0.397,0,0,1,2
0.57,0.235,0.4,0,0,1,2
0.57,0.235,0.403,0,0,1,2
0.57,0.235,0.406,0,0,1,2
0.57,0.235,0.409,0,0,1,2
0.57,0.235,0.412,0,0,1,2
0.57,0.235,0.415,0,0,1,2
0.57,0.235,0.418,0,0,1,2
0.57,0.235,0.420999,0,0,1,2
0.57,0.235,0.423999,0,0,1,2
0.57,0.235,0.426999,0,0,1,2
0.57,0.235,0.429999,0,0,1,2
0.57,0.235,0.432999,0,0,1,2
0.57,0.235,0.435999,0,0,1,2
0.57,0.235,0.438999,0,0,1,2
0.57,0.235,0.441999,0,0,1,2
0.57,0.235,0.444999,0,0,1,2
0.57,0.235,0.447999,0,0,1,2
0.57,0.235,0.450999,0,0,1,2
0.57,0.238,0.25,0,0,1,2
0.57,0.238,0.253,0,0,1,2
0.57,0.238,0.256,0,0,1,2
0.57,0.238,0.259,0,0,1,2
0.57,0.238,0.262,0,0,1,2
0.57,0.238,0.265,0,0,1,2
0.57,0.238,0.268,0,0,1,2
0.57,0.238,0.271,0,0,1,2
0.57,0.238,0.274,0,0,1,2
0.57,0.238,0.277,0,0,1,2
0.57,0.238,0.28,0,0,1,2
0.57,0.238,0.283,0,0,1,2
0.57,0.238,0.286,0,0,1,2
0.57,0.238,0.289,0,0,1,2
0.57,0.238,0.292,0,0,1,2
0.57,0.238,0.295,0,0,1,2
0.57,0.238,0.298,0,0,1,2
0.57,0.238,0.301,0,0,1,2
0.57,0.238,0.304,0,0,1,2
0.57,0.238,0.307,0,0,1,2
0.57,0.238,0.31,0,0,1,2
0.57,0.238,0.313,0,0,1,2
0.57,0.238,0.316,0,0,1,2
0.57,0.238,0.319,0,0,1,2
0.57,0.238,0.322,0,0,1,2
0.57,0.238,0.325,0,0,1,2
0.57,0.238,0.328,0,0,1,2
0.57,0.238,0.331,0,0,1,2
0.57,0.238,0.334,0,0,1,2
0.57,0.238,0.337,0,0,1,2
0.57,0.238,0.34,0,0,1,2
0.57,0.238,0.343,0,0,1,2
0.57,0.238,0.346,0,0,1,2
0.57,0.238,0.349,0,0,1,2
0.57,0.238,0.352,0,0,1,2
0.57,0.238,0.355,0,0,1,2
0.57,0.238,0.358,0,0,1,2
0.57,0.238,0.361,0,0,1,2
0.57,0.238,0.364,0,0,1,2
0.57,0.238,0.367,0,0,1,2
0.57,0.238,0.37,0,0,1,2
0.57,0.238,0.373,0,0,1,2
0.57,0.238,0.376,0,0,1,2
0.57,0.238,0.379,0,0,1,2
0.57,0.238,0.382,0,0,1,2
0.57,0.238,0.385,0,0,1,2
0.57,0.238,0.388,0,0,1,2
0.57,0.238,0.391,0,0,1,2
0.57,0.238,0.394,0,0,1,2
0.57,0.238,0.397,0,0,1,2
0.57,0.238,0.4,0,0,1,2
0.57,0.238,0.403,0,0,1,2
0.57,0.238,0.406,0,0,1,2
0.57,0.238,0.409,0,0,1,2
0.57,0.238,0.412,0,0,1,2
0.57,0.238,0.415,0,0,1,2
0.57,0.238,0.418,0,0,1,2
0.57,0.238,0.420999,0,0,1,2
0.57,0.238,0.423999,0,0,1,2
0.57,0.238,0.426999,0,0,1,2
0.57,0.238,0.429999,0,0,1,2
0.57,0.238,0.432999,0,0,1,2
0.57,0.238,0.435999,0,0,1,2
0.57,0.238,0.438999,0,0,1,2
0.57,0.238,0.441999,0,0,1,2
0.57,0.238,0.444999,0,0,1,2
0.57,0.238,0.447999,0,0,1,2
0.57,0.238,0.450999,0,0,1,2
0.57,0.241,0.25,0,0,1,2
0.57,0.241,0.253,0,0,1,2
0.57,0.241,0.256,0,0,1,2
0.57,0.241,0.259,0,0,1,2
0.57,0.241,0.262,0,0,1,2
0.57,0.241,0.265,0,0,1,2
0.57,0.241,0.268,0,0,1,2
0.57,0.241,0.271,0,0,1,2
0.57,0.241,0.274,0,0,1,2
0.57,0.241,0.277,0,0,1,2
0.57,0.241,0.28,0,0,1,2
0.57,0.241,0.283,0,0,1,2
0.57,0.241,0.286,0,0,1,2
0.57,0.241,0.289,0,0,1,2
0.57,0.241,0.292,0,0,1,2
0.57,0.241,0.295,0,0,1,2
0.57,0.241,0.298,0,0,1,2
0.57,0.241,0.301,0,0,1,2
0.57,0.241,0.304,0,0,1,2
0.57,0.241,0.307,0,0,1,2
0.57,0.241,0.31,0,0,1,2
0.57,0.241,0.313,0,0,1,2
0.57,0.241,0.316,0,0,1,2
0.57,0.241,0.319,0,0,1,2
0.57,0.241,0.322,0,0,1,2
0.57,0.241,0.325,0,0,1,2
0.57,0.241,0.328,0,0,1,2
0.57,0.241,0.331,0,0,1,2
0.57,0.241,0.334,0,0,1,2
0.57,0.241,0.337,0,0,1,2
0.57,0.241,0.34,0,0,1,2
0.57,0.241,0.343,0,0,1,2
0.57,0.241,0.346,0,0,1,2
0.57,0.241,0.349,0,0,1,2
0.57,0.241,0.352,0,0,1,2
0.57,0.241,0.355,0,0,1,2
0.57,0.241,0.358,0,0,1,2
0.57,0.241,0.361,0,0,1,2
0.57,0.241,0.364,0,0,1,2
0.57,0.241,0.367,0,0,1,2
0.57,0.241,0.37,0,0,1,2
0.57,0.241,0.373,0,0,1,2
0.57,0.241,0.376,0,0,1,2
0.57,0.241,0.379,0,0,1,2
0.57,0.241,0.382,0,0,1,2
0.57,0.241,0.385,0,0,1,2
0.57,0.241,0.388,0,0,1,2
0.57,0.241,0.391,0,0,1,2
0.57,0.241,0.394,0,0,1,2
0.57,0.241,0.397,0,0,1,2
0.57,0.241,0.4,0,0,1,2
0.57,0.241,0.403,0,0,1,2
0.57,0.241,0.406,0,0,1,2
0.57,0.241,0.409,0,0,1,2
0.57,0.241,0.412,0,0,1,2
0.57,0.241,0.415,0,0,1,2
0.57,0.241,0.418,0,0,1,2
0.57,0.241,0.420999,0,0,1,2
0.57,0.241,0.423999,0,0,1,2
0.57,0.241,0.426999,0,0,1,2
0.57,0.241,0.429999,0,0,1,2
0.57,0.241,0.432999,0,0,1,2
0.57,0.241,0.435999,0,0,1,2
0.57,0.241,0.438999,0,0,1,2
0.57,0.241,0.441999,0,0,1,2
0.57,0.241,0.444999,0,0,1,2
0.57,0.241,0.447999,0,0,1,2
0.57,0.241,0.450999,0,0,1,2
0.57,0.244,0.25,0,0,1,2
0.57,0.244,0.253,0,0,1,2
0.57,0.244,0.256,0,0,1,2
0.57,0.244,0.259,0,0,1,2
0.57,0.244,0.262,0,0,1,2
0.57,0.244,0.265,0,0,1,2
0.57,0.244,0.268,0,0,1,2
0.57,0.244,0.271,0,0,1,2
0.57,0.244,0.274,0,0,1,2
0.57,0.244,0.277,0,0,1,2
0.57,0.244,0.28,0,0,1,2
0.57,0.244,0.283,0,0,1,2
0.57,0.244,0.286,0,0,1,2
0.57,0.244,0.289,0,0,1,2
0.57,0.244,0.292,0,0,1,2
0.57,0.244,0.295,0,0,1,2
0.57,0.244,0.298,0,0,1,2
0.57,0.244,0.301,0,0,1,2
0.57,0.244,0.304,0,0,1,2
0.57,0.244,0.307,0,0,1,2
0.57,0.244,0.31,0,0,1,2
0.57,0.244,0.313,0,0,1,2
0.57,0.244,0.316,0,0,1,2
0.57,0.244,0.319,0,0,1,2
0.57,0.244,0.322,0,0,1,2
0.57,0.244,0.325,0,0,1,2
0.57,0.244,0.328,0,0,1,2
0.57,0.244,0.331,0,0,1,2
0.57,0.244,0.334,0,0,1,2
0.57,0.244,0.337,0,0,1,2
0.57,0.244,0.34,0,0,1,2
0.57,0.244,0.343,0,0,1,2
0.57,0.244,0.346,0,0,1,2
0.57,0.244,0.349,0,0,1,2
0.57,0.244,0.352,0,0,1,2
0.57,0.244,0.355,0,0,1,2
0.57,0.244,0.358,0,0,1,2
0.57,0.244,0.361,0,0,1,2
0.57,0.244,0.364,0,0,1,2
0.57,0.244,0.367,0,0,1,2
0.57,0.244,0.37,0,0,1,2
0.57,0.244,0.373,0,0,1,2
0.57,0.244,0.376,0,0,1,2
0.57,0.244,0.379,0,0,1,2
0.57,0.244,0.382,0,0,1,2
0.57,0.244,0.385,0,0,1,2
0.57,0.244,0.388,0,0,1,2
0.57,0.244,0.391,0,0,1,2
0.57,0.244,0.394,0,0,1,2
0.57,0.244,0.397,0,0,1,2
0.57,0.244,0.4,0,0,1,2
0.57,0.244,0.403,0,0,1,2
0.57,0.244,0.406,0,0,1,2
0.57,0.244,0.409,0,0,1,2
0.57,0.244,0.412,0,0,1,2
0.57,0.244,0.415,0,0,1,2
0.57,0.244,0.418,0,0,1,2
0.57,0.244,0.420999,0,0,1,2
0.57,0.244,0.423999,0,0,1,2
0.57,0.244,0.426999,0,0,1,2
0.57,0.244,0.429999,0,0,1,2
0.57,0.244,0.432999,0,0,1,2
0.57,0.244,0.435999,0,0,1,2
0.57,0.244,0.438999,0,0,1,2
0.57,0.244,0.441999,0,0,1,2
0.57,0.244,0.444999,0,0,1,2
0.57,0.244,0.447999,0,0,1,2
0.57,0.244,0.450999,0,0,1,2
0.57,0.247,0.25,0,0,1,2
0.57,0.247,0.253,0,0,1,2
0.57,0.247,0.256,0,0,1,2
0.57,0.247,0.259,0,0,1,2
0.57,0.247,0.262,0,0,1,2
0.57,0.247,0.265,0,0,1,2
0.57,0.247,0.268,0,0,1,2
0.57,0.247,0.271,0,0,1,2
0.57,0.247,0.274,0,0,1,2
0.57,0.247,0.277,0,0,1,2
0.57,0.247,0.28,0,0,1,2
0.57,0.247,0.283,0,0,1,2
0.57,0.247,0.286,0,0,1,2
0.57,0.247,0.289,0,0,1,2
0.57,0.247,0.292,0,0,1,2
0.57,0.247,0.295,0,0,1,2
0.57,0.247,0.298,0,0,1,2
0.57,0.247,0.301,0,0,1,2
0.57,0.247,0.304,0,0,1,2
0.57,0.247,0.307,0,0,1,2
0.57,0.247,0.31,0,0,1,2
0.57,0.247,0.313,0,0,1,2
0.57,0.247,0.316,0,0,1,2
0.57,0.247,0.319,0,0,1,2
0.57,0.247,0.322,0,0,1,2
0.57,0.247,0.325,0,0,1,2
0.57,0.247,0.328,0,0,1,2
0.57,0.247,0.331,0,0,1,2
0.57,0.247,0.334,0,0,1,2
0.57,0.247,0.337,0,0,1,2
0.57,0.247,0.34,0,0,1,2
0.57,0.247,0.343,0,0,1,2
0.57,0.247,0.346,0,0,1,2
0.57,0.247,0.349,0,0,1,2
0.57,0.247,0.352,0,0,1,2
0.57,0.247,0.355,0,0,1,2
0.57,0.247,0.358,0,0,1,2
0.57,0.247,0.361,0,0,1,2
0.57,0.247,0.364,0,0,1,2
0.57,0.247,0.367,0,0,1,2
0.57,0.247,0.37,0,0,1,2
0.57,0.247,0.373,0,0,1,2
0.57,0.247,0.376,0,0,1,2
0.57,0.247,0.379,0,0,1,2
0.57,0.247,0.382,0,0,1,2
0.57,0.247,0.385,0,0,1,2
0.57,0.247,0.388,0,0,1,2
0.57,0.247,0.391,0,0,1,2
0.57,0.247,0.394,0,0,1,2
0.57,0.247,0.397,0,0,1,2
0.57,0.247,0.4,0,0,1,2
0.57,0.247,0.403,0,0,1,2
0.57,0.247,0.406,0,0,1,2
0.57,0.247,0.409,0,0,1,2
0.57,0.247,0.412,0,0,1,2
0.57,0.247,0.415,0,0,1,2
0.57,0.247,0.418,0,0,1,2
0.57,0.247,0.420999,0,0,1,2
0.57,0.247,0.423999,0,0,1,2
0.57,0.247,0.426999,0,0,1,2
0.57,0.247,0.429999,0,0,1,2
0.57,0.247,0.432999,0,0,1,2
0.57,0.247,0.435999,0,0,1,2
0.57,0.247,0.438999,0,0,1,2
0.57,0.247,0.441999,0,0,1,2
0.57,0.247,0.444999,0,0,1,2
0.57,0.247,0.447999,0,0,1,2
0.57,0.247,0.450999,0,0,1,2
0.57,0.25,0.25,0,0,1,2
0.57,0.25,0.253,0,0,1,2
0.57,0.25,0.256,0,0,1,2
0.57,0.25,0.259,0,0,1,2
0.57,0.25,0.262,0,0,1,2
0.57,0.25,0.265,0,0,1,2
0.57,0.25,0.268,0,0,1,2
0.57,0.25,0.271,0,0,1,2
0.57,0.25,0.274,0,0,1,2
0.57,0.25,0.277,0,0,1,2
0.57,0.25,0.28,0,0,1,2
0.57,0.25,0.283,0,0,1,2
0.57,0.25,0.286,0,0,1,2
0.57,0.25,0.289,0,0,1,2
0.57,0.25,0.292,0,0,1,2
0.57,0.25,0.295,0,0,1,2
0.57,0.25,0.298,0,0,1,2
0.57,0.25,0.301,0,0,1,2
0.57,0.25,0.304,0,0,1,2
0.57,0.25,0.307,0,0,1,2
0.57,0.25,0.31,0,0,1,2
0.57,0.25,0.313,0,0,1,2
0.57,0.25,0.316,0,0,1,2
0.57,0.25,0.319,0,0,1,2
0.57,0.25,0.322,0,0,1,2
0.57,0.25,0.325,0,0,1,2
0.57,0.25,0.328,0,0,1,2
0.57,0.25,0.331,0,0,1,2
0.57,0.25,0.334,0,0,1,2
0.57,0.25,0.337,0,0,1,2
0.57,0.25,0.34,0,0,1,2
0.57,0.25,0.343,0,0,1,2
0.57,0.25,0.346,0,0,1,2
0.57,0.25,0.349,0,0,1,2
0.57,0.25,0.352,0,0,1,2
0.57,0.25,0.355,0,0,1,2
0.57,0.25,0.358,0,0,1,2
0.57,0.25,0.361,0,0,1,2
0.57,0.25,0.364,0,0,1,2
0.57,0.25,0.367,0,0,1,2
0.57,0.25,0.37,0,0,1,2
0.57,0.25,0.373,0,0,1,2
0.57,0.25,0.376,0,0,1,2
0.57,0.25,0.379,0,0,1,2
0.57,0.25,0.382,0,0,1,2
0.57,0.25,0.385,0,0,1,2
0.57,0.25,0.388,0,0,1,2
0.57,0.25,0.391,0,0,1,2
0.57,0.25,0.394,0,0,1,2
0.57,0.25,0.397,0,0,1,2
0.57,0.25,0.4,0,0,1,2
0.57,0.25,0.403,0,0,1,2
0.57,0.25,0.406,0,0,1,2
0.57,0.25,0.409,0,0,1,2
0.57,0.25,0.412,0,0,1,2
0.57,0.25,0.415,0,0,1,2
0.57,0.25,0.418,0,0,1,2
0.57,0.25,0.420999,0,0,1,2
0.57,0.25,0.423999,0,0,1,2
0.57,0.25,0.426999,0,0,1,2
0.57,0.25,0.429999,0,0,1,2
0.57,0.25,0.432999,0,0,1,2
0.57,0.25,0.435999,0,0,1,2
0.57,0.25,0.438999,0,0,1,2
0.57,0.25,0.441999,0,0,1,2
0.57,0.25,0.444999,0,0,1,2
0.57,0.25,0.447999,0,0,1,2
0.57,0.25,0.450999,0,0,1,2
0.57,0.253,0.25,0,0,1,2
0.57,0.253,0.253,0,0,1,2
0.57,0.253,0.256,0,0,1,2
0.57,0.253,0.259,0,0,1,2
0.57,0.253,0.262,0,0,1,2
0.57,0.253,0.265,0,0,1,2
0.57,0.253,0.268,0,0,1,2
0.57,0.253,0.271,0,0,1,2
0.57,0.253,0.274,0,0,1,2
0.57,0.253,0.277,0,0,1,2
0.57,0.253,0.28,0,0,1,2
0.57,0.253,0.283,0,0,1,2
0.57,0.253,0.286,0,0,1,2
0.57,0.253,0.289,0,0,1,2
0.57,0.253,0.292,0,0,1,2
0.57,0.253,0.295,0,0,1,2
0.57,0.253,0.298,0,0,1,2
0.57,0.253,0.301,0,0,1,2
0.57,0.253,0.304,0,0,1,2
0.57,0.253,0.307,0,0,1,2
0.57,0.253,0.31,0,0,1,2
0.57,0.253,0.313,0,0,1,2
0.57,0.253,0.316,0,0,1,2
0.57,0.253,0.319,0,0,1,2
0.57,0.253,0.322,0,0,1,2
0.57,0.253,0.325,0,0,1,2
0.57,0.253,0.328,0,0,1,2
0.57,0.253,0.331,0,0,1,2
0.57,0.253,0.334,0,0,1,2
0.57,0.253,0.337,0,0,1,2
0.57,0.253,0.34,0,0,1,2
0.57,0.253,0.343,0,0,1,2
0.57,0.253,0.346,0,0,1,2
0.57,0.253,0.349,0,0,1,2
0.57,0.253,0.352,0,0,1,2
0.57,0.253,0.355,0,0,1,2
0.57,0.253,0.358,0,0,1,2
0.57,0.253,0.361,0,0,1,2
0.57,0.253,0.364,0,0,1,2
0.57,0.253,0.367,0,0,1,2
0.57,0.253,0.37,0,0,1,2
0.57,0.253,0.373,0,0,1,2
0.57,0.253,0.376,0,0,1,2
0.57,0.253,0.379,0,0,1,2
0.57,0.253,0.382,0,0,1,2
0.57,0.253,0.385,0,0,1,2
0.57,0.253,0.388,0,0,1,2
0.57,0.253,0.391,0,0,1,2
0.57,0.253,0.394,0,0,1,2
0.57,0.253,0.397,0,0,1,2
0.57,0.253,0.4,0,0,1,2
0.57,0.253,0.403,0,0,1,2
0.57,0.253,0.406,0,0,1,2
0.57,0.253,0.409,0,0,1,2
0.57,0.253,0.412,0,0,1,2
0.57,0.253,0.415,0,0,1,2
0.57,0.253,0.418,0,0,1,2
0.57,0.253,0.420999,0,0,1,2
0.57,0.253,0.423999,0,0,1,2
0.57,0.253,0.426999,0,0,1,2
0.57,0.253,0.429999,0,0,1,2
0.57,0.253,0.432999,0,0,1,2
0.57,0.253,0.435999,0,0,1,2
0.57,0.253,0.438999,0,0,1,2
0.57,0.253,0.441999,0,0,1,2
0.57,0.253,0.444999,0,0,1,2
0.57,0.253,0.447999,0,0,1,2
0.57,0.253,0.450999,0,0,1,2
0.57,0.256,0.25,0,0,1,2
0.57,0.256,0.253,0,0,1,2
0.57,0.256,0.256,0,0,1,2
0.57,0.256,0.259,0,0,1,2
0.57,0.256,0.262,0,0,1,2
0.57,0.256,0.265,0,0,1,2
0.57,0.256,0.268,0,0,1,2
0.57,0.256,0.271,0,0,1,2
0.57,0.256,0.274,0,0,1,2
0.57,0.256,0.277,0,0,1,2
0.57,0.256,0.28,0,0,1,2
0.57,0.256,0.283,0,0,1,2
0.57,0.256,0.286,0,0,1,2
0.57,0.256,0.289,0,0,1,2
0.57,0.256,0.292,0,0,1,2
0.57,0.256,0.295,0,0,1,2
0.57,0.256,0.298,0,0,1,2
0.57,0.256,0.301,0,0,1,2
0.57,0.256,0.304,0,0,1,2
0.57,0.256,0.307,0,0,1,2
0.57,0.256,0.31,0,0,1,2
0.57,0.256,0.313,0,0,1,2
0.57,0.256,0.316,0,0,1,2
0.57,0.256,0.319,0,0,1,2
0.57,0.256,0.322,0,0,1,2
0.57,0.256,0.325,0,0,1,2
0.57,0.256,0.328,0,0,1,2
0.57,0.256,0.331,0,0,1,2
0.57,0.256,0.334,0,0,1,2
0.57,0.256,0.337,0,0,1,2
0.57,0.256,0.34,0,0,1,2
0.57,0.256,0.343,0,0,1,2
0.57,0.256,0.346,0,0,1,2
0.57,0.256,0.349,0,0,1,2
0.57,0.256,0.352,0,0,1,2
0.57,0.256,0.355,0,0,1,2
0.57,0.256,0.358,0,0,1,2
0.57,0.256,0.361,0,0,1,2
0.57,0.256,0.364,0,0,1,2
0.57,0.256,0.367,0,0,1,2
0.57,0.256,0.37,0,0,1,2
0.57,0.256,0.373,0,0,1,2
0.57,0.256,0.376,0,0,1,2
0.57,0.256,0.379,0,0,1,2
0.57,0.256,0.382,0,0,1,2
0.57,0.256,0.385,0,0,1,2
0.57,0.256,0.388,0,0,1,2
0.57,0.256,0.391,0,0,1,2
0.57,0.256,0.394,0,0,1,2
0.57,0.256,0.397,0,0,1,2
0.57,0.256,0.4,0,0,1,2
0.57,0.256,0.403,0,0,1,2
0.57,0.256,0.406,0,0,1,2
0.57,0.256,0.409,0,0,1,2
0.57,0.256,0.412,0,0,1,2
0.57,0.256,0.415,0,0,1,2
0.57,0.256,0.418,0,0,1,2
0.57,0.256,0.420999,0,0,1,2
0.57,0.256,0.423999,0,0,1,2
0.57,0.256,0.426999,0,0,1,2
0.57,0.256,0.429999,0,0,1,2
0.57,0.256,0.432999,0,0,1,2
0.57,0.256,0.435999,0,0,1,2
0.57,0.256,0.438999,0,0,1,2
0.57,0.256,0.441999,0,0,1,2
0.57,0.256,0.444999,0,0,1,2
0.57,0.256,0.447999,0,0,1,2
0.57,0.256,0.450999,0,0,1,2
0.57,0.259,0.25,0,0,1,2
0.57,0.259,0.253,0,0,1,2
0.57,0.259,0.256,0,0,1,2
0.57,0.259,0.259,0,0,1,2
0.57,0.259,0.262,0,0,1,2
0.57,0.259,0.265,0,0,1,2
0.57,0.259,0.268,0,0,1,2
0.57,0.259,0.271,0,0,1,2
0.57,0.259,0.274,0,0,1,2
0.57,0.259,0.277,0,0,1,2
0.57,0.259,0.28,0,0,1,2
0.57,0.259,0.283,0,0,1,2
0.57,0.259,0.286,0,0,1,2
0.57,0.259,0.289,0,0,1,2
0.57,0.259,0.292,0,0,1,2
0.57,0.259,0.295,0,0,1,2
0.57,0.259,0.298,0,0,1,2
0.57,0.259,0.301,0,0,1,2
0.57,0.259,0.304,0,0,1,2
0.57,0.259,0.307,0,0,1,2
0.57,0.259,0.31,0,0,1,2
0.57,0.259,0.313,0,0,1,2
0.57,0.259,0.316,0,0,1,2
0.57,0.259,0.319,0,0,1,2
0.57,0.259,0.322,0,0,1,2
0.57,0.259,0.325,0,0,1,2
0.57,0.259,0.328,0,0,1,2
0.57,0.259,0.331,0,0,1,2
0.57,0.259,0.334,0,0,1,2
0.57,0.259,0.337,0,0,1,2
0.57,0.259,0.34,0,0,1,2
0.57,0.259,0.343,0,0,1,2
0.57,0.259,0.346,0,0,1,2
0.57,0.259,0.349,0,0,1,2
0.57,0.259,0.352,0,0,1,2
0.57,0.259,0.355,0,0,1,2
0.57,0.259,0.358,0,0,1,2
0.57,0.259,0.361,0,0,1,2
0.57,0.259,0.364,0,0,1,2
0.57,0.259,0.367,0,0,1,2
0.57,0.259,0.37,0,0,1,2
0.57,0.259,0.373,0,0,1,2
0.57,0.259,0.376,0,0,1,2
0.57,0.259,0.379,0,0,1,2
0.57,0.259,0.382,0,0,1,2
0.57,0.259,0.385,0,0,1,2
0.57,0.259,0.388,0,0,1,2
0.57,0.259,0.391,0,0,1,2
0.57,0.259,0.394,0,0,1,2
0.57,0.259,0.397,0,0,1,2
0.57,0.259,0.4,0,0,1,2
0.57,0.259,0.403,0,0,1,2
0.57,0.259,0.406,0,0,1,2
0.57,0.259,0.409,0,0,1,2
0.57,0.259,0.412,0,0,1,2
0.57,0.259,0.415,0,0,1,2
0.57,0.259,0.418,0,0,1,2
0.57,0.259,0.420999,0,0,1,2
0.57,0.259,0.423999,0,0,1,2
0.57,0.259,0.426999,0,0,1,2
0.57,0.259,0.429999,0,0,1,2
0.57,0.259,0.432999,0,0,1,2
0.57,0.259,0.435999,0,0,1,2
0.57,0.259,0.438999,0,0,1,2
0.57,0.259,0.441999,0,0,1,2
0.57,0.259,0.444999,0,0,1,2
0.57,0.259,0.447999,0,0,1,2
0.57,0.259,0.450999,0,0,1,2
0.39,0.1,0.25,0,0,1,2
0.39,0.103,0.25,0,0,1,2
0.39,0.106,0.25,0,0,1,2
0.39,0.109,0.25,0,0,1,2
0.39,0.112,0.25,0,0,1,2
0.39,0.115,0.25,0,0,1,2
0.39,0.118,0.25,0,0,1,2
0.39,0.121,0.25,0,0,1,2
0.39,0.124,0.25,0,0,1,2
0.39,0.127,0.25,0,0,1,2
0.39,0.13,0.25,0,0,1,2
0.39,0.133,0.25,0,0,1,2
0.39,0.136,0.25,0,0,1,2
0.39,0.139,0.25,0,0,1,2
0.39,0.142,0.25,0,0,1,2
0.39,0.145,0.25,0,0,1,2
0.39,0.148,0.25,0,0,1,2
0.39,0.151,0.25,0,0,1,2
0.39,0.154,0.25,0,0,1,2
0.39,0.157,0.25,0,0,1,2
0.39,0.16,0.25,0,0,1,2
0.39,0.163,0.25,0,0,1,2
0.39,0.166,0.25,0,0,1,2
0.39,0.169,0.25,0,0,1,2
0.39,0.172,0.25,0,0,1,2
0.39,0.175,0.25,0,0,1,2
0.39,0.178,0.25,0,0,1,2
0.39,0.181,0.25,0,0,1,2
0.39,0.184,0.25,0,0,1,2
0.39,0.187,0.25,0,0,1,2
0.39,0.19,0.25,0,0,1,2
0.39,0.193,0.25,0,0,1,2
0.39,0.196,0.25,0,0,1,2
0.39,0.199,0.25,0,0,1,2
0.39,0.202,0.25,0,0,1,2
0.39,0.205,0.25,0,0,1,2
0.39,0.208,0.25,0,0,1,2
0.39,0.211,0.25,0,0,1,2
0.39,0.214,0.25,0,0,1,2
0.39,0.217,0.25,0,0,1,2
0.39,0.22,0.25,0,0,1,2
0.39,0.223,0.25,0,0,1,2
0.39,0.226,0.25,0,0,1,2
0.39,0.229,0.25,0,0,1,2
0.39,0.232,0.25,0,0,1,2
0.39,0.235,0.25,0,0,1,2
0.39,0.238,0.25,0,0,1,2
0.39,0.241,0.25,0,0,1,2
0.39,0.244,0.25,0,0,1,2
0.39,0.247,0.25,0,0,1,2
0.39,0.25,0.25,0,0,1,2
0.39,0.253,0.25,0,0,1,2
0.39,0.256,0.25,0,0,1,2
0.39,0.259,0.25,0,0,1,2
0.393,0.1,0.25,0,0,1,2
0.393,0.103,0.25,0,0,1,2
0.393,0.106,0.25,0,0,1,2
0.393,0.109,0.25,0,0,1,2
0.393,0.112,0.25,0,0,1,2
0.393,0.115,0.25,0,0,1,2
0.393,0.118,0.25,0,0,1,2
0.393,0.121,0.25,0,0,1,2
0.393,0.124,0.25,0,0,1,2
0.393,0.127,0.25,0,0,1,2
0.393,0.13,0.25,0,0,1,2
0.393,0.133,0.25,0,0,1,2
0.393,0.136,0.25,0,0,1,2
0.393,0.139,0.25,0,0,1,2
0.393,0.142,0.25,0,0,1,2
0.393,0.145,0.25,0,0,1,2
0.393,0.148,0.25,0,0,1,2
0.393,0.151,0.25,0,0,1,2
0.393,0.154,0.25,0,0,1,2
0.393,0.157,0.25,0,0,1,2
0.393,0.16,0.25,0,0,1,2
0.393,0.163,0.25,0,0,1,2
0.393,0.166,0.25,0,0,1,2
0.393,0.169,0.25,0,0,1,2
0.393,0.172,0.25,0,0,1,2
0.393,0.175,0.25,0,0,1,2
0.393,0.178,0.25,0,0,1,2
0.393,0.181,0.25,0,0,1,2
0.393,0.184,0.25,0,0,1,2
0.393,0.187,0.25,0,0,1,2
0.393,0.19,0.25,0,0,1,2
0.393,0.193,0.25,0,0,1,2
0.393,0.196,0.25,0,0,1,2
0.393,0.199,0.25,0,0,1,2
0.393,0.202,0.25,0,0,1,2
0.393,0.205,0.25,0,0,1,2
0.393,0.208,0.25,0,0,1,2
0.393,0.211,0.25,0,0,1,2
0.393,0.214,0.25,0,0,1,2
0.393,0.217,0.25,0,0,1,2
0.393,0.22,0.25,0,0,1,2
0.393,0.223,0.25,0,0,1,2
0.393,0.226,0.25,0,0,1,2
0.393,0.229,0.25,0,0,1,2
0.393,0.232,0.25,0,0,1,2
0.393,0.235,0.25,0,0,1,2
0.393,0.238,0.25,0,0,1,2
0.393,0.241,0.25,0,0,1,2
0.393,0.244,0.25,0,0,1,2
0.393,0.247,0.25,0,0,1,2
0.393,0.25,0.25,0,0,1,2
0.393,0.253,0.25,0,0,1,2
0.393,0.256,0.25,0,0,1,2
0.393,0.259,0.25,0,0,1,2
0.396,0.1,0.25,0,0,1,2
0.396,0.103,0.25,0,0,1,2
0.396,0.106,0.25,0,0,1,2
0.396,0.109,0.25,0,0,1,2
0.396,0.112,0.25,0,0,1,2
0.396,0.115,0.25,0,0,1,2
0.396,0.118,0.25,0,0,1,2
0.396,0.121,0.25,0,0,1,2
0.396,0.124,0.25,0,0,1,2
0.396,0.127,0.25,0,0,1,2
0.396,0.13,0.25,0,0,1,2
0.396,0.133,0.25,0,0,1,2
0.396,0.136,0.25,0,0,1,2
0.396,0.139,0.25,0,0,1,2
0.396,0.142,0.25,0,0,1,2
0.396,0.145,0.25,0,0,1,2
0.396,0.148,0.25,0,0,1,2
0.396,0.151,0.25,0,0,1,2
0.396,0.154,0.25,0,0,1,2
0.396,0.157,0.25,0,0,1,2
0.396,0.16,0.25,0,0,1,2
0.396,0.163,0.25,0,0,1,2
0.396,0.166,0.25,0,0,1,2
0.396,0.169,0.25,0,0,1,2
0.396,0.172,0.25,0,0,1,2
0.396,0.175,0.25,0,0,1,2
0.396,0.178,0.25,0,0,1,2
0.396,0.181,0.25,0,0,1,2
0.396,0.184,0.25,0,0,1,2
0.396,0.187,0.25,0,0,1,2
0.396,0.19,0.25,0,0,1,2
0.396,0.193,0.25,0,0,1,2
0.396,0.196,0.25,0,0,1,2
0.396,0.199,0.25,0,0,1,2
0.396,0.202,0.25,0,0,1,2
0.396,0.205,0.25,0,0,1,2
0.396,0.208,0.25,0,0,1,2
0.396,0.211,0.25,0,0,1,2
0.396,0.214,0.25,0,0,1,2
0.396,0.217,0.25,0,0,1,2
0.396,0.22,0.25,0,0,1,2
0.396,0.223,0.25,0,0,1,2
0.396,0.226,0.25,0,0,1,2
0.396,0.229,0.25,0,0,1,2
0.396,0.232,0.25,0,0,1,2
0.396,0.235,0.25,0,0,1,2
0.396,0.238,0.25,0,0,1,2
0.396,0.241,0.25,0,0,1,2
0.396,0.244,0.25,0,0,1,2
0.396,0.247,0.25,0,0,1,2
0.396,0.25,0.25,0,0,1,2
0.396,0.253,0.25,0,0,1,2
0.396,0.256,0.25,0,0,1,2
0.396,0.259,0.25,0,0,1,2
0.399,0.1,0.25,0,0,1,2
0.399,0.103,0.25,0,0,1,2
0.399,0.106,0.25,0,0,1,2
0.399,0.109,0.25,0,0,1,2
0.399,0.112,0.25,0,0,1,2
0.399,0.115,0.25,0,0,1,2
0.399,0.118,0.25,0,0,1,2
0.399,0.121,0.25,0,0,1,2
0.399,0.124,0.25,0,0,1,2
0.399,0.127,0.25,0,0,1,2
0.399,0.13,0.25,0,0,1,2
0.399,0.133,0.25,0,0,1,2
0.399,0.136,0.25,0,0,1,2
0.399,0.139,0.25,0,0,1,2
0.399,0.142,0.25,0,0,1,2
0.399,0.145,0.25,0,0,1,2
0.399,0.148,0.25,0,0,1,2
0.399,0.151,0.25,0,0,1,2
0.399,0.154,0.25,0,0,1,2
0.399,0.157,0.25,0,0,1,2
0.399,0.16,0.25,0,0,1,2
0.399,0.163,0.25,0,0,1,2
0.399,0.166,0.25,0,0,1,2
0.399,0.169,0.25,0,0,1,2
0.399,0.172,0.25,0,0,1,2
0.399,0.175,0.25,0,0,1,2
0.399,0.178,0.25,0,0,1,2
0.399,0.181,0.25,0,0,1,2
0.399,0.184,0.25,0,0,1,2
0.399,0.187,0.25,0,0,1,2
0.399,0.19,0.25,0,0,1,2
0.399,0.193,0.25,0,0,1,2
0.399,0.196,0.25,0,0,1,2
0.399,0.199,0.25,0,0,1,2
0.399,0.202,0.25,0,0,1,2
0.399,0.205,0.25,0,0,1,2
0.399,0.208,0.25,0,0,1,2
0.399,0.211,0.25,0,0,1,2
0.399,0.214,0.25,0,0,1,2
0.399,0.217,0.25,0,0,1,2
0.399,0.22,0.25,0,0,1,2
0.399,0.223,0.25,0,0,1,2
0.399,0.226,0.25,0,0,1,2
0.399,0.229,0.25,0,0,1,2
0.399,0.232,0.25,0,0,1,2
0.399,0.235,0.25,0,0,1,2
0.399,0.238,0.25,0,0,1,2
0.399,0.241,0.25,0,0,1,2
0.399,0.244,0.25,0,0,1,2
0.399,0.247,0.25,0,0,1,2
0.399,0.25,0.25,0,0,1,2
0.399,0.253,0.25,0,0,1,2
0.399,0.256,0.25,0,0,1,2
0.399,0.259,0.25,0,0,1,2
0.402,0.1,0.25,0,0,1,2
0.402,0.103,0.25,0,0,1,2
0.402,0.106,0.25,0,0,1,2
0.402,0.109,0.25,0,0,1,2
0.402,0.112,0.25,0,0,1,2
0.402,0.115,0.25,0,0,1,2
0.402,0.118,0.25,0,0,1,2
0.402,0.121,0.25,0,0,1,2
0.402,0.124,0.25,0,0,1,2
0.402,0.127,0.25,0,0,1,2
0.402,0.13,0.25,0,0,1,2
0.402,0.133,0.25,0,0,1,2
0.402,0.136,0.25,0,0,1,2
0.402,0.139,0.25,0,0,1,2
0.402,0.142,0.25,0,0,1,2
0.402,0.145,0.25,0,0,1,2
0.402,0.148,0.25,0,0,1,2
0.402,0.151,0.25,0,0,1,2
0.402,0.154,0.25,0,0,1,2
0.402,0.157,0.25,0,0,1,2
0.402,0.16,0.25,0,0,1,2
0.402,0.163,0.25,0,0,1,2
0.402,0.166,0.25,0,0,1,2
0.402,0.169,0.25,0,0,1,2
0.402,0.172,0.25,0,0,1,2
0.402,0.175,0.25,0,0,1,2
0.402,0.178,0.25,0,0,1,2
0.402,0.181,0.25,0,0,1,2
0.402,0.184,0.25,0,0,1,2
0.402,0.187,0.25,0,0,1,2
0.402,0.19,0.25,0,0,1,2
0.402,0.193,0.25,0,0,1,2
0.402,0.196,0.25,0,0,1,2
0.402,0.199,0.25,0,0,1,2
0.402,0.202,0.25,0,0,1,2
0.402,0.205,0.25,0,0,1,2
0.402,0.208,0.25,0,0,1,2
0.402,0.211,0.25,0,0,1,2
0.402,0.214,0.25,0,0,1,2
0.402,0.217,0.25,0,0,1,2
0.402,0.22,0.25,0,0,1,2
0.402,0.223,0.25,0,0,1,2
0.402,0.226,0.25,0,0,1,2
0.402,0.229,0.25,0,0,1,2
0.402,0.232,0.25,0,0,1,2
0.402,0.235,0.25,0,0,1,2
0.402,0.238,0.25,0,0,1,2
0.402,0.241,0.25,0,0,1,2
0.402,0.244,0.25,0,0,1,2
0.402,0.247,0.25,0,0,1,2
0.402,0.25,0.25,0,0,1,2
0.402,0.253,0.25,0,0,1,2
0.402,0.256,0.25,0,0,1,2
0.402,0.259,0.25,0,0,1,2
0.405,0.1,0.25,0,0,1,2
0.405,0.103,0.25,0,0,1,2
0.405,0.106,0.25,0,0,1,2
0.405,0.109,0.25,0,0,1,2
0.405,0.112,0.25,0,0,1,2
0.405,0.115,0.25,0,0,1,2
0.405,0.118,0.25,0,0,1,2
0.405,0.121,0.25,0,0,1,2
0.405,0.124,0.25,0,0,1,2
0.405,0.127,0.25,0,0,1,2
0.405,0.13,0.25,0,0,1,2
0.405,0.133,0.25,0,0,1,2
0.405,0.136,0.25,0,0,1,2
0.405,0.139,0.25,0,0,1,2
0.405,0.142,0.25,0,0,1,2
0.405,0.145,0.25,0,0,1,2
0.405,0.148,0.25,0,0,1,2
0.405,0.151,0.25,0,0,1,2
0.405,0.154,0.25,0,0,1,2
0.405,0.157,0.25,0,0,1,2
0.405,0.16,0.25,0,0,1,2
0.405,0.163,0.25,0,0,1,2
0.405,0.166,0.25,0,0,1,2
0.405,0.169,0.25,0,0,1,2
0.405,0.172,0.25,0,0,1,2
0.405,0.175,0.25,0,0,1,2
0.405,0.178,0.25,0,0,1,2
0.405,0.181,0.25,0,0,1,2
0.405,0.184,0.25,0,0,1,2
0.405,0.187,0.25,0,0,1,2
0.405,0.19,0.25,0,0,1,2
0.405,0.193,0.25,0,0,1,2
0.405,0.196,0.25,0,0,1,2
0.405,0.199,0.25,0,0,1,2
0.405,0.202,0.25,0,0,1,2
0.405,0.205,0.25,0,0,1,2
0.405,0.208,0.25,0,0,1,2
0.405,0.211,0.25,0,0,1,2
0.405,0.214,0.25,0,0,1,2
0.405,0.217,0.25,0,0,1,2
0.405,0.22,0.25,0,0,1,2
0.405,0.223,0.25,0,0,1,2
0.405,0.226,0.25,0,0,1,2
0.405,0.229,0.25,0,0,1,2
0.405,0.232,0.25,0,0,1,2
0.405,0.235,0.25,0,0,1,2
0.405,0.238,0.25,0,0,1,2
0.405,0.241,0.25,0,0,1,2
0.405,0.244,0.25,0,0,1,2
0.405,0.247,0.25,0,0,1,2
0.405,0.25,0.25,0,0,1,2
0.405,0.253,0.25,0,0,1,2
0.405,0.256,0.25,0,0,1,2
0.405,0.259,0.25,0,0,1,2
0.408,0.1,0.25,0,0,1,2
0.408,0.103,0.25,0,0,1,2
0.408,0.106,0.25,0,0,1,2
0.408,0.109,0.25,0,0,1,2
0.408,0.112,0.25,0,0,1,2
0.408,0.115,0.25,0,0,1,2
0.408,0.118,0.25,0,0,1,2
0.408,0.121,0.25,0,0,1,2
0.408,0.124,0.25,0,0,1,2
0.408,0.127,0.25,0,0,1,2
0.408,0.13,0.25,0,0,1,2
0.408,0.133,0.25,0,0,1,2
0.408,0.136,0.25,0,0,1,2
0.408,0.139,0.25,0,0,1,2
0.408,0.142,0.25,0,0,1,2
0.408,0.145,0.25,0,0,1,2
0.408,0.148,0.25,0,0,1,2
0.408,0.151,0.25,0,0,1,2
0.408,0.154,0.25,0,0,1,2
0.408,0.157,0.25,0,0,1,2
0.408,0.16,0.25,0,0,1,2
0.408,0.163,0.25,0,0,1,2
0.408,0.166,0.25,0,0,1,2
0.408,0.169,0.25,0,0,1,2
0.408,0.172,0.25,0,0,1,2
0.408,0.175,0.25,0,0,1,2
0.408,0.178,0.25,0,0,1,2
0.408,0.181,0.25,0,0,1,2
0.408,0.184,0.25,0,0,1,2
0.408,0.187,0.25,0,0,1,2
0.408,0.19,0.25,0,0,1,2
0.408,0.193,0.25,0,0,1,2
0.408,0.196,0.25,0,0,1,2
0.408,0.199,0.25,0,0,1,2
0.408,0.202,0.25,0,0,1,2
0.408,0.205,0.25,0,0,1,2
0.408,0.208,0.25,0,0,1,2
0.408,0.211,0.25,0,0,1,2
0.408,0.214,0.25,0,0,1,2
0.408,0.217,0.25,0,0,1,2
0.408,0.22,0.25,0,0,1,2
0.408,0.223,0.25,0,0,1,2
0.408,0.226,0.25,0,0,1,2
0.408,0.229,0.25,0,0,1,2
0.408,0.232,0.25,0,0,1,2
0.408,0.235,0.25,0,0,1,2
0.408,0.238,0.25,0,0,1,2
0.408,0.241,0.25,0,0,1,2
0.408,0.244,0.25,0,0,1,2
0.408,0.247,0.25,0,0,1,2
0.408,0.25,0.25,0,0,1,2
0.408,0.253,0.25,0,0,1,2
0.408,0.256,0.25,0,0,1,2
0.408,0.259,0.25,0,0,1,2
0.411,0.1,0.25,0,0,1,2
0.411,0.103,0.25,0,0,1,2
0.411,0.106,0.25,0,0,1,2
0.411,0.109,0.25,0,0,1,2
0.411,0.112,0.25,0,0,1,2
0.411,0.115,0.25,0,0,1,2
0.411,0.118,0.25,0,0,1,2
0.411,0.121,0.25,0,0,1,2
0.411,0.124,0.25,0,0,1,2
0.411,0.127,0.25,0,0,1,2
0.411,0.13,0.25,0,0,1,2
0.411,0.133,0.25,0,0,1,2
0.411,0.136,0.25,0,0,1,2
0.411,0.139,0.25,0,0,1,2
0.411,0.142,0.25,0,0,1,2
0.411,0.145,0.25,0,0,1,2
0.411,0.148,0.25,0,0,1,2
0.411,0.151,0.25,0,0,1,2
0.411,0.154,0.25,0,0,1,2
0.411,0.157,0.25,0,0,1,2
0.411,0.16,0.25,0,0,1,2
0.411,0.163,0.25,0,0,1,2
0.411,0.166,0.25,0,0,1,2
0.411,0.169,0.25,0,0,1,2
0.411,0.172,0.25,0,0,1,2
0.411,0.175,0.25,0,0,1,2
0.411,0.178,0.25,0,0,1,2
0.411,0.181,0.25,0,0,1,2
0.411,0.184,0.25,0,0,1,2
0.411,0.187,0.25,0,0,1,2
0.411,0.19,0.25,0,0,1,2
0.411,0.193,0.25,0,0,1,2
0.411,0.196,0.25,0,0,1,2
0.411,0.199,0.25,0,0,1,2
0.411,0.202,0.25,0,0,1,2
0.411,0.205,0.25,0,0,1,2
0.411,0.208,0.25,0,0,1,2
0.411,0.211,0.25,0,0,1,2
0.411,0.214,0.25,0,0,1,2
0.411,0.217,0.25,0,0,1,2
0.411,0.22,0.25,0,0,1,2
0.411,0.223,0.25,0,0,1,2
0.411,0.226,0.25,0,0,1,2
0.411,0.229,0.25,0,0,1,2
0.411,0.232,0.25,0,0,1,2
0.411,0.235,0.25,0,0,1,2
0.411,0.238,0.25,0,0,1,2
0.411,0.241,0.25,0,0,1,2
0.411,0.244,0.25,0,0,1,2
0.411,0.247,0.25,0,0,1,2
0.411,0.25,0.25,0,0,1,2
0.411,0.253,0.25,0,0,1,2
0.411,0.256,0.25,0,0,1,2
0.411,0.259,0.25,0,0,1,2
0.414,0.1,0.25,0,0,1,2
0.414,0.103,0.25,0,0,1,2
0.414,0.106,0.25,0,0,1,2
0.414,0.109,0.25,0,0,1,2
0.414,0.112,0.25,0,0,1,2
0.414,0.115,0.25,0,0,1,2
0.414,0.118,0.25,0,0,1,2
0.414,0.121,0.25,0,0,1,2
0.414,0.124,0.25,0,0,1,2
0.414,0.127,0.25,0,0,1,2
0.414,0.13,0.25,0,0,1,2
0.414,0.133,0.25,0,0,1,2
0.414,0.136,0.25,0,0,1,2
0.414,0.139,0.25,0,0,1,2
0.414,0.142,0.25,0,0,1,2
0.414,0.145,0.25,0,0,1,2
0.414,0.148,0.25,0,0,1,2
0.414,0.151,0.25,0,0,1,2
0.414,0.154,0.25,0,0,1,2
0.414,0.157,0.25,0,0,1,2
0.414,0.16,0.25,0,0,1,2
0.414,0.163,0.25,0,0,1,2
0.414,0.166,0.25,0,0,1,2
0.414,0.169,0.25,0,0,1,2
0.414,0.172,0.25,0,0,1,2
0.414,0.175,0.25,0,0,1,2
0.414,0.178,0.25,0,0,1,2
0.414,0.181,0.25,0,0,1,2
0.414,0.184,0.25,0,0,1,2
0.414,0.187,0.25,0,0,1,2
0.414,0.19,0.25,0,0,1,2
0.414,0.193,0.25,0,0,1,2
0.414,0.196,0.25,0,0,1,2
0.414,0.199,0.25,0,0,1,2
0.414,0.202,0.25,0,0,1,2
0.414,0.205,0.25,0,0,1,2
0.414,0.208,0.25,0,0,1,2
0.414,0.211,0.25,0,0,1,2
0.414,0.214,0.25,0,0,1,2
0.414,0.217,0.25,0,0,1,2
0.414,0.22,0.25,0,0,1,2
0.414,0.223,0.25,0,0,1,2
0.414,0.226,0.25,0,0,1,2
0.414,0.229,0.25,0,0,1,2
0.414,0.232,0.25,0,0,1,2
0.414,0.235,0.25,0,0,1,2
0.414,0.238,0.25,0,0,1,2
0.414,0.241,0.25,0,0,1,2
0.414,0.244,0.25,0,0,1,2
0.414,0.247,0.25,0,0,1,2
0.414,0.25,0.25,0,0,1,2
0.414,0.253,0.25,0,0,1,2
0.414,0.256,0.25,0,0,1,2
0.414,0.259,0.25,0,0,1,2
0.417,0.1,0.25,0,0,1,2
0.417,0.103,0.25,0,0,1,2
0.417,0.106,0.25,0,0,1,2
0.417,0.109,0.25,0,0,1,2
0.417,0.112,0.25,0,0,1,2
0.417,0.115,0.25,0,0,1,2
0.417,0.118,0.25,0,0,1,2
0.417,0.121,0.25,0,0,1,2
0.417,0.124,0.25,0,0,1,2
0.417,0.127,0.25,0,0,1,2
0.417,0.13,0.25,0,0,1,2
0.417,0.133,0.25,0,0,1,2
0.417,0.136,0.25,0,0,1,2
0.417,0.139,0.25,0,0,1,2
0.417,0.142,0.25,0,0,1,2
0.417,0.145,0.25,0,0,1,2
0.417,0.148,0.25,0,0,1,2
0.417,0.151,0.25,0,0,1,2
0.417,0.154,0.25,0,0,1,2
0.417,0.157,0.25,0,0,1,2
0.417,0.16,0.25,0,0,1,2
0.417,0.163,0.25,0,0,1,2
0.417,0.166,0.25,0,0,1,2
0.417,0.169,0.25,0,0,1,2
0.417,0.172,0.25,0,0,1,2
0.417,0.175,0.25,0,0,1,2
0.417,0.178,0.25,0,0,1,2
0.417,0.181,0.25,0,0,1,2
0.417,0.184,0.25,0,0,1,2
0.417,0.187,0.25,0,0,1,2
0.417,0.19,0.25,0,0,1,2
0.417,0.193,0.25,0,0,1,2
0.417,0.196,0.25,0,0,1,2
0.417,0.199,0.25,0,0,1,2
0.417,0.202,0.25,0,0,1,2
0.417,0.205,0.25,0,0,1,2
0.417,0.208,0.25,0,0,1,2
0.417,0.211,0.25,0,0,1,2
0.417,0.214,0.25,0,0,1,2
0.417,0.217,0.25,0,0,1,2
0.417,0.22,0.25,0,0,1,2
0.417,0.223,0.25,0,0,1,2
0.417,0.226,0.25,0,0,1,2
0.417,0.229,0.25,0,0,1,2
0.417,0.232,0.25,0,0,1,2
0.417,0.235,0.25,0,0,1,2
0.417,0.238,0.25,0,0,1,2
0.417,0.241,0.25,0,0,1,2
0.417,0.244,0.25,0,0,1,2
0.417,0.247,0.25,0,0,1,2
0.417,0.25,0.25,0,0,1,2
0.417,0.253,0.25,0,0,1,2
0.417,0.256,0.25,0,0,1,2
0.417,0.259,0.25,0,0,1,2
0.42,0.1,0.25,0,0,1,2
0.42,0.103,0.25,0,0,1,2
0.42,0.106,0.25,0,0,1,2
0.42,0.109,0.25,0,0,1,2
0.42,0.112,0.25,0,0,1,2
0.42,0.115,0.25,0,0,1,2
0.42,0.118,0.25,0,0,1,2
0.42,0.121,0.25,0,0,1,2
0.42,0.124,0.25,0,0,1,2
0.42,0.127,0.25,0,0,1,2
0.42,0.13,0.25,0,0,1,2
0.42,0.133,0.25,0,0,1,2
0.42,0.136,0.25,0,0,1,2
0.42,0.139,0.25,0,0,1,2
0.42,0.142,0.25,0,0,1,2
0.42,0.145,0.25,0,0,1,2
0.42,0.148,0.25,0,0,1,2
0.42,0.151,0.25,0,0,1,2
0.42,0.154,0.25,0,0,1,2
0.42,0.157,0.25,0,0,1,2
0.42,0.16,0.25,0,0,1,2
0.42,0.163,0.25,0,0,1,2
0.42,0.166,0.25,0,0,1,2
0.42,0.169,0.25,0,0,1,2
0.42,0.172,0.25,0,0,1,2
0.42,0.175,0.25,0,0,1,2
0.42,0.178,0.25,0,0,1,2
0.42,0.181,0.25,0,0,1,2
0.42,0.184,0.25,0,0,1,2
0.42,0.187,0.25,0,0,1,2
0.42,0.19,0.25,0,0,1,2
0.42,0.193,0.25,0,0,1,2
0.42,0.196,0.25,0,0,1,2
0.42,0.199,0.25,0,0,1,2
0.42,0.202,0.25,0,0,1,2
0.42,0.205,0.25,0,0,1,2
0.42,0.208,0.25,0,0,1,2
0.42,0.211,0.25,0,0,1,2
0.42,0.214,0.25,0,0,1,2
0.42,0.217,0.25,0,0,1,2
0.42,0.22,0.25,0,0,1,2
0.42,0.223,0.25,0,0,1,2
0.42,0.226,0.25,0,0,1,2
0.42,0.229,0.25,0,0,1,2
0.42,0.232,0.25,0,0,1,2
0.42,0.235,0.25,0,0,1,2
0.42,0.238,0.25,0,0,1,2
0.42,0.241,0.25,0,0,1,2
0.42,0.244,0.25,0,0,1,2
0.42,0.247,0.25,0,0,1,2
0.42,0.25,0.25,0,0,1,2
0.42,0.253,0.25,0,0,1,2
0.42,0.256,0.25,0,0,1,2
0.42,0.259,0.25,0,0,1,2
0.423,0.1,0.25,0,0,1,2
0.423,0.103,0.25,0,0,1,2
0.423,0.106,0.25,0,0,1,2
0.423,0.109,0.25,0,0,1,2
0.423,0.112,0.25,0,0,1,2
0.423,0.115,0.25,0,0,1,2
0.423,0.118,0.25,0,0,1,2
0.423,0.121,0.25,0,0,1,2
0.423,0.124,0.25,0,0,1,2
0.423,0.127,0.25,0,0,1,2
0.423,0.13,0.25,0,0,1,2
0.423,0.133,0.25,0,0,1,2
0.423,0.136,0.25,0,0,1,2
0.423,0.139,0.25,0,0,1,2
0.423,0.142,0.25,0,0,1,2
0.423,0.145,0.25,0,0,1,2
0.423,0.148,0.25,0,0,1,2
0.423,0.151,0.25,0,0,1,2
0.423,0.154,0.25,0,0,1,2
0.423,0.157,0.25,0,0,1,2
0.423,0.16,0.25,0,0,1,2
0.423,0.163,0.25,0,0,1,2
0.423,0.166,0.25,0,0,1,2
0.423,0.169,0.25,0,0,1,2
0.423,0.172,0.25,0,0,1,2
0.423,0.175,0.25,0,0,1,2
0.423,0.178,0.25,0,0,1,2
0.423,0.181,0.25,0,0,1,2
0.423,0.184,0.25,0,0,1,2
0.423,0.187,0.25,0,0,1,2
0.423,0.19,0.25,0,0,1,2
0.423,0.193,0.25,0,0,1,2
0.423,0.196,0.25,0,0,1,2
0.423,0.199,0.25,0,0,1,2
0.423,0.202,0.25,0,0,1,2
0.423,0.205,0.25,0,0,1,2
0.423,0.208,0.25,0,0,1,2
0.423,0.211,0.25,0,0,1,2
0.423,0.214,0.25,0,0,1,2
0.423,0.217,0.25,0,0,1,2
0.423,0.22,0.25,0,0,1,2
0.423,0.223,0.25,0,0,1,2
0.423,0.226,0.25,0,0,1,2
0.423,0.229,0.25,0,0,1,2
0.423,0.232,0.25,0,0,1,2
0.423,0.235,0.25,0,0,1,2
0.423,0.238,0.25,0,0,1,2
0.423,0.241,0.25,0,0,1,2
0.423,0.244,0.25,0,0,1,2
0.423,0.247,0.25,0,0,1,2
0.423,0.25,0.25,0,0,1,2
0.423,0.253,0.25,0,0,1,2
0.423,0.256,0.25,0,0,1,2
0.423,0.259,0.25,0,0,1,2
0.426,0.1,0.25,0,0,1,2
0.426,0.103,0.25,0,0,1,2
0.426,0.106,0.25,0,0,1,2
0.426,0.109,0.25,0,0,1,2
0.426,0.112,0.25,0,0,1,2
0.426,0.115,0.25,0,0,1,2
0.426,0.118,0.25,0,0,1,2
0.426,0.121,0.25,0,0,1,2
0.426,0.124,0.25,0,0,1,2
0.426,0.127,0.25,0,0,1,2
0.426,0.13,0.25,0,0,1,2
0.426,0.133,0.25,0,0,1,2
0.426,0.136,0.25,0,0,1,2
0.426,0.139,0.25,0,0,1,2
0.426,0.142,0.25,0,0,1,2
0.426,0.145,0.25,0,0,1,2
0.426,0.148,0.25,0,0,1,2
0.426,0.151,0.25,0,0,1,2
0.426,0.154,0.25,0,0,1,2
0.426,0.157,0.25,0,0,1,2
0.426,0.16,0.25,0,0,1,2
0.426,0.163,0.25,0,0,1,2
0.426,0.166,0.25,0,0,1,2
0.426,0.169,0.25,0,0,1,2
0.426,0.172,0.25,0,0,1,2
0.426,0.175,0.25,0,0,1,2
0.426,0.178,0.25,0,0,1,2
0.426,0.181,0.25,0,0,1,2
0.426,0.184,0.25,0,0,1,2
0.426,0.187,0.25,0,0,1,2
0.426,0.19,0.25,0,0,1,2
0.426,0.193,0.25,0,0,1,2
0.426,0.196,0.25,0,0,1,2
0.426,0.199,0.25,0,0,1,2
0.426,0.202,0.25,0,0,1,2
0.426,0.205,0.25,0,0,1,2
0.426,0.208,0.25,0,0,1,2
0.426,0.211,0.25,0,0,1,2
0.426,0.214,0.25,0,0,1,2
0.426,0.217,0.25,0,0,1,2
0.426,0.22,0.25,0,0,1,2
0.426,0.223,0.25,0,0,1,2
0.426,0.226,0.25,0,0,1,2
0.426,0.229,0.25,0,0,1,2
0.426,0.232,0.25,0,0,1,2
0.426,0.235,0.25,0,0,1,2
0.426,0.238,0.25,0,0,1,2
0.426,0.241,0.25,0,0,1,2
0.426,0.244,0.25,0,0,1,2
0.426,0.247,0.25,0,0,1,2
0.426,0.25,0.25,0,0,1,2
0.426,0.253,0.25,0,0,1,2
0.426,0.256,0.25,0,0,1,2
0.426,0.259,0.25,0,0,1,2
0.429,0.1,0.25,0,0,1,2
0.429,0.103,0.25,0,0,1,2
0.429,0.106,0.25,0,0,1,2
0.429,0.109,0.25,0,0,1,2
0.429,0.112,0.25,0,0,1,2
0.429,0.115,0.25,0,0,1,2
0.429,0.118,0.25,0,0,1,2
0.429,0.121,0.25,0,0,1,2
0.429,0.124,0.25,0,0,1,2
0.429,0.127,0.25,0,0,1,2
0.429,0.13,0.25,0,0,1,2
0.429,0.133,0.25,0,0,1,2
0.429,0.136,0.25,0,0,1,2
0.429,0.139,0.25,0,0,1,2
0.429,0.142,0.25,0,0,1,2
0.429,0.145,0.25,0,0,1,2
0.429,0.148,0.25,0,0,1,2
0.429,0.151,0.25,0,0,1,2
0.429,0.154,0.25,0,0,1,2
0.429,0.157,0.25,0,0,1,2
0.429,0.16,0.25,0,0,1,2
0.429,0.163,0.25,0,0,1,2
0.429,0.166,0.25,0,0,1,2
0.429,0.169,0.25,0,0,1,2
0.429,0.172,0.25,0,0,1,2
0.429,0.175,0.25,0,0,1,2
0.429,0.178,0.25,0,0,1,2
0.429,0.181,0.25,0,0,1,2
0.429,0.184,0.25,0,0,1,2
0.429,0.187,0.25,0,0,1,2
0.429,0.19,0.25,0,0,1,2
0.429,0.193,0.25,0,0,1,2
0.429,0.196,0.25,0,0,1,2
0.429,0.199,0.25,0,0,1,2
0.429,0.202,0.25,0,0,1,2
0.429,0.205,0.25,0,0,1,2
0.429,0.208,0.25,0,0,1,2
0.429,0.211,0.25,0,0,1,2
0.429,0.214,0.25,0,0,1,2
0.429,0.217,0.25,0,0,1,2
0.429,0.22,0.25,0,0,1,2
0.429,0.223,0.25,0,0,1,2
0.429,0.226,0.25,0,0,1,2
0.429,0.229,0.25,0,0,1,2
0.429,0.232,0.25,0,0,1,2
0.429,0.235,0.25,0,0,1,2
0.429,0.238,0.25,0,0,1,2
0.429,0.241,0.25,0,0,1,2
0.429,0.244,0.25,0,0,1,2
0.429,0.247,0.25,0,0,1,2
0.429,0.25,0.25,0,0,1,2
0.429,0.253,0.25,0,0,1,2
0.429,0.256,0.25,0,0,1,2
0.429,0.259,0.25,0,0,1,2
0.432,0.1,0.25,0,0,1,2
0.432,0.103,0.25,0,0,1,2
0.432,0.106,0.25,0,0,1,2
0.432,0.109,0.25,0,0,1,2
0.432,0.112,0.25,0,0,1,2
0.432,0.115,0.25,0,0,1,2
0.432,0.118,0.25,0,0,1,2
0.432,0.121,0.25,0,0,1,2
0.432,0.124,0.25,0,0,1,2
0.432,0.127,0.25,0,0,1,2
0.432,0.13,0.25,0,0,1,2
0.432,0.133,0.25,0,0,1,2
0.432,0.136,0.25,0,0,1,2
0.432,0.139,0.25,0,0,1,2
0.432,0.142,0.25,0,0,1,2
0.432,0.145,0.25,0,0,1,2
0.432,0.148,0.25,0,0,1,2
0.432,0.151,0.25,0,0,1,2
0.432,0.154,0.25,0,0,1,2
0.432,0.157,0.25,0,0,1,2
0.432,0.16,0.25,0,0,1,2
0.432,0.163,0.25,0,0,1,2
0.432,0.166,0.25,0,0,1,2
0.432,0.169,0.25,0,0,1,2
0.432,0.172,0.25,0,0,1,2
0.432,0.175,0.25,0,0,1,2
0.432,0.178,0.25,0,0,1,2
0.432,0.181,0.25,0,0,1,2
0.432,0.184,0.25,0,0,1,2
0.432,0.187,0.25,0,0,1,2
0.432,0.19,0.25,0,0,1,2
0.432,0.193,0.25,0,0,1,2
0.432,0.196,0.25,0,0,1,2
0.432,0.199,0.25,0,0,1,2
0.432,0.202,0.25,0,0,1,2
0.432,0.205,0.25,0,0,1,2
0.432,0.208,0.25,0,0,1,2
0.432,0.211,0.25,0,0,1,2
0.432,0.214,0.25,0,0,1,2
0.432,0.217,0.25,0,0,1,2
0.432,0.22,0.25,0,0,1,2
0.432,0.223,0.25,0,0,1,2
0.432,0.226,0.25,0,0,1,2
0.432,0.229,0.25,0,0,1,2
0.432,0.232,0.25,0,0,1,2
0.432,0.235,0.25,0,0,1,2
0.432,0.238,0.25,0,0,1,2
0.432,0.241,0.25,0,0,1,2
0.432,0.244,0.25,0,0,1,2
0.432,0.247,0.25,0,0,1,2
0.432,0.25,0.25,0,0,1,2
0.432,0.253,0.25,0,0,1,2
0.432,0.256,0.25,0,0,1,2
0.432,0.259,0.25,0,0,1,2
0.435,0.1,0.25,0,0,1,2
0.435,0.103,0.25,0,0,1,2
0.435,0.106,0.25,0,0,1,2
0.435,0.109,0.25,0,0,1,2
0.435,0.112,0.25,0,0,1,2
0.435,0.115,0.25,0,0,1,2
0.435,0.118,0.25,0,0,1,2
0.435,0.121,0.25,0,0,1,2
0.435,0.124,0.25,0,0,1,2
0.435,0.127,0.25,0,0,1,2
0.435,0.13,0.25,0,0,1,2
0.435,0.133,0.25,0,0,1,2
0.435,0.136,0.25,0,0,1,2
0.435,0.139,0.25,0,0,1,2
0.435,0.142,0.25,0,0,1,2
0.435,0.145,0.25,0,0,1,2
0.435,0.148,0.25,0,0,1,2
0.435,0.151,0.25,0,0,1,2
0.435,0.154,0.25,0,0,1,2
0.435,0.157,0.25,0,0,1,2
0.435,0.16,0.25,0,0,1,2
0.435,0.163,0.25,0,0,1,2
0.435,0.166,0.25,0,0,1,2
0.435,0.169,0.25,0,0,1,2
0.435,0.172,0.25,0,0,1,2
0.435,0.175,0.25,0,0,1,2
0.435,0.178,0.25,0,0,1,2
0.435,0.181,0.25,0,0,1,2
0.435,0.184,0.25,0,0,1,2
0.435,0.187,0.25,0,0,1,2
0.435,0.19,0.25,0,0,1,2
0.435,0.193,0.25,0,0,1,2
0.435,0.196,0.25,0,0,1,2
0.435,0.199,0.25,0,0,1,2
0.435,0.202,0.25,0,0,1,2
0.435,0.205,0.25,0,0,1,2
0.435,0.208,0.25,0,0,1,2
0.435,0.211,0.25,0,0,1,2
0.435,0.214,0.25,0,0,1,2
0.435,0.217,0.25,0,0,1,2
0.435,0.22,0.25,0,0,1,2
0.435,0.223,0.25,0,0,1,2
0.435,0.226,0.25,0,0,1,2
0.435,0.229,0.25,0,0,1,2
0.435,0.232,0.25,0,0,1,2
0.435,0.235,0.25,0,0,1,2
0.435,0.238,0.25,0,0,1,2
0.435,0.241,0.25,0,0,1,2
0.435,0.244,0.25,0,0,1,2
0.435,0.247,0.25,0,0,1,2
0.435,0.25,0.25,0,0,1,2
0.435,0.253,0.25,0,0,1,2
0.435,0.256,0.25,0,0,1,2
0.435,0.259,0.25,0,0,1,2
0.438,0.1,0.25,0,0,1,2
0.438,0.103,0.25,0,0,1,2
0.438,0.106,0.25,0,0,1,2
0.438,0.109,0.25,0,0,1,2
0.438,0.112,0.25,0,0,1,2
0.438,0.115,0.25,0,0,1,2
0.438,0.118,0.25,0,0,1,2
0.438,0.121,0.25,0,0,1,2
0.438,0.124,0.25,0,0,1,2
0.438,0.127,0.25,0,0,1,2
0.438,0.13,0.25,0,0,1,2
0.438,0.133,0.25,0,0,1,2
0.438,0.136,0.25,0,0,1,2
0.438,0.139,0.25,0,0,1,2
0.438,0.142,0.25,0,0,1,2
0.438,0.145,0.25,0,0,1,2
0.438,0.148,0.25,0,0,1,2
0.438,0.151,0.25,0,0,1,2
0.438,0.154,0.25,0,0,1,2
0.438,0.157,0.25,0,0,1,2
0.438,0.16,0.25,0,0,1,2
0.438,0.163,0.25,0,0,1,2
0.438,0.166,0.25,0,0,1,2
0.438,0.169,0.25,0,0,1,2
0.438,0.172,0.25,0,0,1,2
0.438,0.175,0.25,0,0,1,2
0.438,0.178,0.25,0,0,1,2
0.438,0.181,0.25,0,0,1,2
0.438,0.184,0.25,0,0,1,2
0.438,0.187,0.25,0,0,1,2
0.438,0.19,0.25,0,0,1,2
0.438,0.193,0.25,0,0,1,2
0.438,0.196,0.25,0,0,1,2
0.438,0.199,0.25,0,0,1,2
0.438,0.202,0.25,0,0,1,2
0.438,0.205,0.25,0,0,1,2
0.438,0.208,0.25,0,0,1,2
0.438,0.211,0.25,0,0,1,2
0.438,0.214,0.25,0,0,1,2
0.438,0.217,0.25,0,0,1,2
0.438,0.22,0.25,0,0,1,2
0.438,0.223,0.25,0,0,1,2
0.438,0.226,0.25,0,0,1,2
0.438,0.229,0.25,0,0,1,2
0.438,0.232,0.25,0,0,1,2
0.438,0.235,0.25,0,0,1,2
0.438,0.238,0.25,0,0,1,2
0.438,0.241,0.25,0,0,1,2
0.438,0.244,0.25,0,0,1,2
0.438,0.247,0.25,0,0,1,2
0.438,0.25,0.25,0,0,1,2
0.438,0.253,0.25,0,0,1,2
0.438,0.256,0.25,0,0,1,2
0.438,0.259,0.25,0,0,1,2
0.441,0.1,0.25,0,0,1,2
0.441,0.103,0.25,0,0,1,2
0.441,0.106,0.25,0,0,1,2
0.441,0.109,0.25,0,0,1,2
0.441,0.112,0.25,0,0,1,2
0.441,0.115,0.25,0,0,1,2
0.441,0.118,0.25,0,0,1,2
0.441,0.121,0.25,0,0,1,2
0.441,0.124,0.25,0,0,1,2
0.441,0.127,0.25,0,0,1,2
0.441,0.13,0.25,0,0,1,2
0.441,0.133,0.25,0,0,1,2
0.441,0.136,0.25,0,0,1,2
0.441,0.139,0.25,0,0,1,2
0.441,0.142,0.25,0,0,1,2
0.441,0.145,0.25,0,0,1,2
0.441,0.148,0.25,0,0,1,2
0.441,0.151,0.25,0,0,1,2
0.441,0.154,0.25,0,0,1,2
0.441,0.157,0.25,0,0,1,2
0.441,0.16,0.25,0,0,1,2
0.441,0.163,0.25,0,0,1,2
0.441,0.166,0.25,0,0,1,2
0.441,0.169,0.25,0,0,1,2
0.441,0.172,0.25,0,0,1,2
0.441,0.175,0.25,0,0,1,2
0.441,0.178,0.25,0,0,1,2
0.441,0.181,0.25,0,0,1,2
0.441,0.184,0.25,0,0,1,2
0.441,0.187,0.25,0,0,1,2
0.441,0.19,0.25,0,0,1,2
0.441,0.193,0.25,0,0,1,2
0.441,0.196,0.25,0,0,1,2
0.441,0.199,0.25,0,0,1,2
0.441,0.202,0.25,0,0,1,2
0.441,0.205,0.25,0,0,1,2
0.441,0.208,0.25,0,0,1,2
0.441,0.211,0.25,0,0,1,2
0.441,0.214,0.25,0,0,1,2
0.441,0.217,0.25,0,0,1,2
0.441,0.22,0.25,0,0,1,2
0.441,0.223,0.25,0,0,1,2
0.441,0.226,0.25,0,0,1,2
0.441,0.229,0.25,0,0,1,2
0.441,0.232,0.25,0,0,1,2
0.441,0.235,0.25,0,0,1,2
0.441,0.238,0.25,0,0,1,2
0.441,0.241,0.25,0,0,1,2
0.441,0.244,0.25,0,0,1,2
0.441,0.247,0.25,0,0,1,2
0.441,0.25,0.25,0,0,1,2
0.441,0.253,0.25,0,0,1,2
0.441,0.256,0.25,0,0,1,2
0.441,0.259,0.25,0,0,1,2
0.444,0.1,0.25,0,0,1,2
0.444,0.103,0.25,0,0,1,2
0.444,0.106,0.25,0,0,1,2
0.444,0.109,0.25,0,0,1,2
0.444,0.112,0.25,0,0,1,2
0.444,0.115,0.25,0,0,1,2
0.444,0.118,0.25,0,0,1,2
0.444,0.121,0.25,0,0,1,2
0.444,0.124,0.25,0,0,1,2
0.444,0.127,0.25,0,0,1,2
0.444,0.13,0.25,0,0,1,2
0.444,0.133,0.25,0,0,1,2
0.444,0.136,0.25,0,0,1,2
0.444,0.139,0.25,0,0,1,2
0.444,0.142,0.25,0,0,1,2
0.444,0.145,0.25,0,0,1,2
0.444,0.148,0.25,0,0,1,2
0.444,0.151,0.25,0,0,1,2
0.444,0.154,0.25,0,0,1,2
0.444,0.157,0.25,0,0,1,2
0.444,0.16,0.25,0,0,1,2
0.444,0.163,0.25,0,0,1,2
0.444,0.166,0.25,0,0,1,2
0.444,0.169,0.25,0,0,1,2
0.444,0.172,0.25,0,0,1,2
0.444,0.175,0.25,0,0,1,2
0.444,0.178,0.25,0,0,1,2
0.444,0.181,0.25,0,0,1,2
0.444,0.184,0.25,0,0,1,2
0.444,0.187,0.25,0,0,1,2
0.444,0.19,0.25,0,0,1,2
0.444,0.193,0.25,0,0,1,2
0.444,0.196,0.25,0,0,1,2
0.444,0.199,0.25,0,0,1,2
0.444,0.202,0.25,0,0,1,2
0.444,0.205,0.25,0,0,1,2
0.444,0.208,0.25,0,0,1,2
0.444,0.211,0.25,0,0,1,2
0.444,0.214,0.25,0,0,1,2
0.444,0.217,0.25,0,0,1,2
0.444,0.22,0.25,0,0,1,2
0.444,0.223,0.25,0,0,1,2
0.444,0.226,0.25,0,0,1,2
0.444,0.229,0.25,0,0,1,2
0.444,0.232,0.25,0,0,1,2
0.444,0.235,0.25,0,0,1,2
0.444,0.238,0.25,0,0,1,2
0.444,0.241,0.25,0,0,1,2
0.444,0.244,0.25,0,0,1,2
0.444,0.247,0.25,0,0,1,2
0.444,0.25,0.25,0,0,1,2
0.444,0.253,0.25,0,0,1,2
0.444,0.256,0.25,0,0,1,2
0.444,0.259,0.25,0,0,1,2
0.447,0.1,0.25,0,0,1,2
0.447,0.103,0.25,0,0,1,2
0.447,0.106,0.25,0,0,1,2
0.447,0.109,0.25,0,0,1,2
0.447,0.112,0.25,0,0,1,2
0.447,0.115,0.25,0,0,1,2
0.447,0.118,0.25,0,0,1,2
0.447,0.121,0.25,0,0,1,2
0.447,0.124,0.25,0,0,1,2
0.447,0.127,0.25,0,0,1,2
0.447,0.13,0.25,0,0,1,2
0.447,0.133,0.25,0,0,1,2
0.447,0.136,0.25,0,0,1,2
0.447,0.139,0.25,0,0,1,2
0.447,0.142,0.25,0,0,1,2
0.447,0.145,0.25,0,0,1,2
0.447,0.148,0.25,0,0,1,2
0.447,0.151,0.25,0,0,1,2
0.447,0.154,0.25,0,0,1,2
0.447,0.157,0.25,0,0,1,2
0.447,0.16,0.25,0,0,1,2
0.447,0.163,0.25,0,0,1,2
0.447,0.166,0.25,0,0,1,2
0.447,0.169,0.25,0,0,1,2
0.447,0.172,0.25,0,0,1,2
0.447,0.175,0.25,0,0,1,2
0.447,0.178,0.25,0,0,1,2
0.447,0.181,0.25,0,0,1,2
0.447,0.184,0.25,0,0,1,2
0.447,0.187,0.25,0,0,1,2
0.447,0.19,0.25,0,0,1,2
0.447,0.193,0.25,0,0,1,2
0.447,0.196,0.25,0,0,1,2
0.447,0.199,0.25,0,0,1,2
0.447,0.202,0.25,0,0,1,2
0.447,0.205,0.25,0,0,1,2
0.447,0.208,0.25,0,0,1,2
0.447,0.211,0.25,0,0,1,2
0.447,0.214,0.25,0,0,1,2
0.447,0.217,0.25,0,0,1,2
0.447,0.22,0.25,0,0,1,2
0.447,0.223,0.25,0,0,1,2
0.447,0.226,0.25,0,0,1,2
0.447,0.229,0.25,0,0,1,2
0.447,0.232,0.25,0,0,1,2
0.447,0.235,0.25,0,0,1,2
0.447,0.238,0.25,0,0,1,2
0.447,0.241,0.25,0,0,1,2
0.447,0.244,0.25,0,0,1,2
0.447,0.247,0.25,0,0,1,2
0.447,0.25,0.25,0,0,1,2
0.447,0.253,0.25,0,0,1,2
0.447,0.256,0.25,0,0,1,2
0.447,0.259,0.25,0,0,1,2
0.45,0.1,0.25,0,0,1,2
0.45,0.103,0.25,0,0,1,2
0.45,0.106,0.25,0,0,1,2
0.45,0.109,0.25,0,0,1,2
0.45,0.112,0.25,0,0,1,2
0.45,0.115,0.25,0,0,1,2
0.45,0.118,0.25,0,0,1,2
0.45,0.121,0.25,0,0,1,2
0.45,0.124,0.25,0,0,1,2
0.45,0.127,0.25,0,0,1,2
0.45,0.13,0.25,0,0,1,2
0.45,0.133,0.25,0,0,1,2
0.45,0.136,0.25,0,0,1,2
0.45,0.139,0.25,0,0,1,2
0.45,0.142,0.25,0,0,1,2
0.45,0.145,0.25,0,0,1,2
0.45,0.148,0.25,0,0,1,2
0.45,0.151,0.25,0,0,1,2
0.45,0.154,0.25,0,0,1,2
0.45,0.157,0.25,0,0,1,2
0.45,0.16,0.25,0,0,1,2
0.45,0.163,0.25,0,0,1,2
0.45,0.166,0.25,0,0,1,2
0.45,0.169,0.25,0,0,1,2
0.45,0.172,0.25,0,0,1,2
0.45,0.175,0.25,0,0,1,2
0.45,0.178,0.25,0,0,1,2
0.45,0.181,0.25,0,0,1,2
0.45,0.184,0.25,0,0,1,2
0.45,0.187,0.25,0,0,1,2
0.45,0.19,0.25,0,0,1,2
0.45,0.193,0.25,0,0,1,2
0.45,0.196,0.25,0,0,1,2
0.45,0.199,0.25,0,0,1,2
0.45,0.202,0.25,0,0,1,2
0.45,0.205,0.25,0,0,1,2
0.45,0.208,0.25,0,0,1,2
0.45,0.211,0.25,0,0,1,2
0.45,0.214,0.25,0,0,1,2
0.45,0.217,0.25,0,0,1,2
0.45,0.22,0.25,0,0,1,2
0.45,0.223,0.25,0,0,1,2
0.45,0.226,0.25,0,0,1,2
0.45,0.229,0.25,0,0,1,2
0.45,0.232,0.25,0,0,1,2
0.45,0.235,0.25,0,0,1,2
0.45,0.238,0.25,0,0,1,2
0.45,0.241,0.25,0,0,1,2
0.45,0.244,0.25,0,0,1,2
0.45,0.247,0.25,0,0,1,2
0.45,0.25,0.25,0,0,1,2
0.45,0.253,0.25,0,0,1,2
0.45,0.256,0.25,0,0,1,2
0.45,0.259,0.25,0,0,1,2
0.453,0.1,0.25,0,0,1,2
0.453,0.103,0.25,0,0,1,2
0.453,0.106,0.25,0,0,1,2
0.453,0.109,0.25,0,0,1,2
0.453,0.112,0.25,0,0,1,2
0.453,0.115,0.25,0,0,1,2
0.453,0.118,0.25,0,0,1,2
0.453,0.121,0.25,0,0,1,2
0.453,0.124,0.25,0,0,1,2
0.453,0.127,0.25,0,0,1,2
0.453,0.13,0.25,0,0,1,2
0.453,0.133,0.25,0,0,1,2
0.453,0.136,0.25,0,0,1,2
0.453,0.139,0.25,0,0,1,2
0.453,0.142,0.25,0,0,1,2
0.453,0.145,0.25,0,0,1,2
0.453,0.148,0.25,0,0,1,2
0.453,0.151,0.25,0,0,1,2
0.453,0.154,0.25,0,0,1,2
0.453,0.157,0.25,0,0,1,2
0.453,0.16,0.25,0,0,1,2
0.453,0.163,0.25,0,0,1,2
0.453,0.166,0.25,0,0,1,2
0.453,0.169,0.25,0,0,1,2
0.453,0.172,0.25,0,0,1,2
0.453,0.175,0.25,0,0,1,2
0.453,0.178,0.25,0,0,1,2
0.453,0.181,0.25,0,0,1,2
0.453,0.184,0.25,0,0,1,2
0.453,0.187,0.25,0,0,1,2
0.453,0.19,0.25,0,0,1,2
0.453,0.193,0.25,0,0,1,2
0.453,0.196,0.25,0,0,1,2
0.453,0.199,0.25,0,0,1,2
0.453,0.202,0.25,0,0,1,2
0.453,0.205,0.25,0,0,1,2
0.453,0.208,0.25,0,0,1,2
0.453,0.211,0.25,0,0,1,2
0.453,0.214,0.25,0,0,1,2
0.453,0.217,0.25,0,0,1,2
0.453,0.22,0.25,0,0,1,2
0.453,0.223,0.25,0,0,1,2
0.453,0.226,0.25,0,0,1,2
0.453,0.229,0.25,0,0,1,2
0.453,0.232,0.25,0,0,1,2
0.453,0.235,0.25,0,0,1,2
0.453,0.238,0.25,0,0,1,2
0.453,0.241,0.25,0,0,1,2
0.453,0.244,0.25,0,0,1,2
0.453,0.247,0.25,0,0,1,2
0.453,0.25,0.25,0,0,1,2
0.453,0.253,0.25,0,0,1,2
0.453,0.256,0.25,0,0,1,2
0.453,0.259,0.25,0,0,1,2
0.456,0.1,0.25,0,0,1,2
0.456,0.103,0.25,0,0,1,2
0.456,0.106,0.25,0,0,1,2
0.456,0.109,0.25,0,0,1,2
0.456,0.112,0.25,0,0,1,2
0.456,0.115,0.25,0,0,1,2
0.456,0.118,0.25,0,0,1,2
0.456,0.121,0.25,0,0,1,2
0.456,0.124,0.25,0,0,1,2
0.456,0.127,0.25,0,0,1,2
0.456,0.13,0.25,0,0,1,2
0.456,0.133,0.25,0,0,1,2
0.456,0.136,0.25,0,0,1,2
0.456,0.139,0.25,0,0,1,2
0.456,0.142,0.25,0,0,1,2
0.456,0.145,0.25,0,0,1,2
0.456,0.148,0.25,0,0,1,2
0.456,0.151,0.25,0,0,1,2
0.456,0.154,0.25,0,0,1,2
0.456,0.157,0.25,0,0,1,2
0.456,0.16,0.25,0,0,1,2
0.456,0.163,0.25,0,0,1,2
0.456,0.166,0.25,0,0,1,2
0.456,0.169,0.25,0,0,1,2
0.456,0.172,0.25,0,0,1,2
0.456,0.175,0.25,0,0,1,2
0.456,0.178,0.25,0,0,1,2
0.456,0.181,0.25,0,0,1,2
0.456,0.184,0.25,0,0,1,2
0.456,0.187,0.25,0,0,1,2
0.456,0.19,0.25,0,0,1,2
0.456,0.193,0.25,0,0,1,2
0.456,0.196,0.25,0,0,1,2
0.456,0.199,0.25,0,0,1,2
0.456,0.202,0.25,0,0,1,2
0.456,0.205,0.25,0,0,1,2
0.456,0.208,0.25,0,0,1,2
0.456,0.211,0.25,0,0,1,2
0.456,0.214,0.25,0,0,1,2
0.456,0.217,0.25,0,0,1,2
0.456,0.22,0.25,0,0,1,2
0.456,0.223,0.25,0,0,1,2
0.456,0.226,0.25,0,0,1,2
0.456,0.229,0.25,0,0,1,2
0.456,0.232,0.25,0,0,1,2
0.456,0.235,0.25,0,0,1,2
0.456,0.238,0.25,0,0,1,2
0.456,0.241,0.25,0,0,1,2
0.456,0.244,0.25,0,0,1,2
0.456,0.247,0.25,0,0,1,2
0.456,0.25,0.25,0,0,1,2
0.456,0.253,0.25,0,0,1,2
0.456,0.256,0.25,0,0,1,2
0.456,0.259,0.25,0,0,1,2
0.459,0.1,0.25,0,0,1,2
0.459,0.103,0.25,0,0,1,2
0.459,0.106,0.25,0,0,1,2
0.459,0.109,0.25,0,0,1,2
0.459,0.112,0.25,0,0,1,2
0.459,0.115,0.25,0,0,1,2
0.459,0.118,0.25,0,0,1,2
0.459,0.121,0.25,0,0,1,2
0.459,0.124,0.25,0,0,1,2
0.459,0.127,0.25,0,0,1,2
0.459,0.13,0.25,0,0,1,2
0.459,0.133,0.25,0,0,1,2
0.459,0.136,0.25,0,0,1,2
0.459,0.139,0.25,0,0,1,2
0.459,0.142,0.25,0,0,1,2
0.459,0.145,0.25,0,0,1,2
0.459,0.148,0.25,0,0,1,2
0.459,0.151,0.25,0,0,1,2
0.459,0.154,0.25,0,0,1,2
0.459,0.157,0.25,0,0,1,2
0.459,0.16,0.25,0,0,1,2
0.459,0.163,0.25,0,0,1,2
0.459,0.166,0.25,0,0,1,2
0.459,0.169,0.25,0,0,1,2
0.459,0.172,0.25,0,0,1,2
0.459,0.175,0.25,0,0,1,2
0.459,0.178,0.25,0,0,1,2
0.459,0.181,0.25,0,0,1,2
0.459,0.184,0.25,0,0,1,2
0.459,0.187,0.25,0,0,1,2
0.459,0.19,0.25,0,0,1,2
0.459,0.193,0.25,0,0,1,2
0.459,0.196,0.25,0,0,1,2
0.459,0.199,0.25,0,0,1,2
0.459,0.202,0.25,0,0,1,2
0.459,0.205,0.25,0,0,1,2
0.459,0.208,0.25,0,0,1,2
0.459,0.211,0.25,0,0,1,2
0.459,0.214,0.25,0,0,1,2
0.459,0.217,0.25,0,0,1,2
0.459,0.22,0.25,0,0,1,2
0.459,0.223,0.25,0,0,1,2
0.459,0.226,0.25,0,0,1,2
0.459,0.229,0.25,0,0,1,2
0.459,0.232,0.25,0,0,1,2
0.459,0.235,0.25,0,0,1,2
0.459,0.238,0.25,0,0,1,2
0.459,0.241,0.25,0,0,1,2
0.459,0.244,0.25,0,0,1,2
0.459,0.247,0.25,0,0,1,2
0.459,0.25,0.25,0,0,1,2
0.459,0.253,0.25,0,0,1,2
0.459,0.256,0.25,0,0,1,2
0.459,0.259,0.25,0,0,1,2
0.462,0.1,0.25,0,0,1,2
0.462,0.103,0.25,0,0,1,2
0.462,0.106,0.25,0,0,1,2
0.462,0.109,0.25,0,0,1,2
0.462,0.112,0.25,0,0,1,2
0.462,0.115,0.25,0,0,1,2
0.462,0.118,0.25,0,0,1,2
0.462,0.121,0.25,0,0,1,2
0.462,0.124,0.25,0,0,1,2
0.462,0.127,0.25,0,0,1,2
0.462,0.13,0.25,0,0,1,2
0.462,0.133,0.25,0,0,1,2
0.462,0.136,0.25,0,0,1,2
0.462,0.139,0.25,0,0,1,2
0.462,0.142,0.25,0,0,1,2
0.462,0.145,0.25,0,0,1,2
0.462,0.148,0.25,0,0,1,2
0.462,0.151,0.25,0,0,1,2
0.462,0.154,0.25,0,0,1,2
0.462,0.157,0.25,0,0,1,2
0.462,0.16,0.25,0,0,1,2
0.462,0.163,0.25,0,0,1,2
0.462,0.166,0.25,0,0,1,2
0.462,0.169,0.25,0,0,1,2
0.462,0.172,0.25,0,0,1,2
0.462,0.175,0.25,0,0,1,2
0.462,0.178,0.25,0,0,1,2
0.462,0.181,0.25,0,0,1,2
0.462,0.184,0.25,0,0,1,2
0.462,0.187,0.25,0,0,1,2
0.462,0.19,0.25,0,0,1,2
0.462,0.193,0.25,0,0,1,2
0.462,0.196,0.25,0,0,1,2
0.462,0.199,0.25,0,0,1,2
0.462,0.202,0.25,0,0,1,2
0.462,0.205,0.25,0,0,1,2
0.462,0.208,0.25,0,0,1,2
0.462,0.211,0.25,0,0,1,2
0.462,0.214,0.25,0,0,1,2
0.462,0.217,0.25,0,0,1,2
0.462,0.22,0.25,0,0,1,2
0.462,0.223,0.25,0,0,1,2
0.462,0.226,0.25,0,0,1,2
0.462,0.229,0.25,0,0,1,2
0.462,0.232,0.25,0,0,1,2
0.462,0.235,0.25,0,0,1,2
0.462,0.238,0.25,0,0,1,2
0.462,0.241,0.25,0,0,1,2
0.462,0.244,0.25,0,0,1,2
0.462,0.247,0.25,0,0,1,2
0.462,0.25,0.25,0,0,1,2
0.462,0.253,0.25,0,0,1,2
0.462,0.256,0.25,0,0,1,2
0.462,0.259,0.25,0,0,1,2
0.465,0.1,0.25,0,0,1,2
0.465,0.103,0.25,0,0,1,2
0.465,0.106,0.25,0,0,1,2
0.465,0.109,0.25,0,0,1,2
0.465,0.112,0.25,0,0,1,2
0.465,0.115,0.25,0,0,1,2
0.465,0.118,0.25,0,0,1,2
0.465,0.121,0.25,0,0,1,2
0.465,0.124,0.25,0,0,1,2
0.465,0.127,0.25,0,0,1,2
0.465,0.13,0.25,0,0,1,2
0.465,0.133,0.25,0,0,1,2
0.465,0.136,0.25,0,0,1,2
0.465,0.139,0.25,0,0,1,2
0.465,0.142,0.25,0,0,1,2
0.465,0.145,0.25,0,0,1,2
0.465,0.148,0.25,0,0,1,2
0.465,0.151,0.25,0,0,1,2
0.465,0.154,0.25,0,0,1,2
0.465,0.157,0.25,0,0,1,2
0.465,0.16,0.25,0,0,1,2
0.465,0.163,0.25,0,0,1,2
0.465,0.166,0.25,0,0,1,2
0.465,0.169,0.25,0,0,1,2
0.465,0.172,0.25,0,0,1,2
0.465,0.175,0.25,0,0,1,2
0.465,0.178,0.25,0,0,1,2
0.465,0.181,0.25,0,0,1,2
0.465,0.184,0.25,0,0,1,2
0.465,0.187,0.25,0,0,1,2
0.465,0.19,0.25,0,0,1,2
0.465,0.193,0.25,0,0,1,2
0.465,0.196,0.25,0,0,1,2
0.465,0.199,0.25,0,0,1,2
0.465,0.202,0.25,0,0,1,2
0.465,0.205,0.25,0,0,1,2
0.465,0.208,0.25,0,0,1,2
0.465,0.211,0.25,0,0,1,2
0.465,0.214,0.25,0,0,1,2
0.465,0.217,0.25,0,0,1,2
0.465,0.22,0.25,0,0,1,2
0.465,0.223,0.25,0,0,1,2
0.465,0.226,0.25,0,0,1,2
0.465,0.229,0.25,0,0,1,2
0.465,0.232,0.25,0,0,1,2
0.465,0.235,0.25,0,0,1,2
0.465,0.238,0.25,0,0,1,2
0.465,0.241,0.25,0,0,1,2
0.465,0.244,0.25,0,0,1,2
0.465,0.247,0.25,0,0,1,2
0.465,0.25,0.25,0,0,1,2
0.465,0.253,0.25,0,0,1,2
0.465,0.256,0.25,0,0,1,2
0.465,0.259,0.25,0,0,1,2
0.468,0.1,0.25,0,0,1,2
0.468,0.103,0.25,0,0,1,2
0.468,0.106,0.25,0,0,1,2
0.468,0.109,0.25,0,0,1,2
0.468,0.112,0.25,0,0,1,2
0.468,0.115,0.25,0,0,1,2
0.468,0.118,0.25,0,0,1,2
0.468,0.121,0.25,0,0,1,2
0.468,0.124,0.25,0,0,1,2
0.468,0.127,0.25,0,0,1,2
0.468,0.13,0.25,0,0,1,2
0.468,0.133,0.25,0,0,1,2
0.468,0.136,0.25,0,0,1,2
0.468,0.139,0.25,0,0,1,2
0.468,0.142,0.25,0,0,1,2
0.468,0.145,0.25,0,0,1,2
0.468,0.148,0.25,0,0,1,2
0.468,0.151,0.25,0,0,1,2
0.468,0.154,0.25,0,0,1,2
0.468,0.157,0.25,0,0,1,2
0.468,0.16,0.25,0,0,1,2
0.468,0.163,0.25,0,0,1,2
0.468,0.166,0.25,0,0,1,2
0.468,0.169,0.25,0,0,1,2
0.468,0.172,0.25,0,0,1,2
0.468,0.175,0.25,0,0,1,2
0.468,0.178,0.25,0,0,1,2
0.468,0.181,0.25,0,0,1,2
0.468,0.184,0.25,0,0,1,2
0.468,0.187,0.25,0,0,1,2
0.468,0.19,0.25,0,0,1,2
0.468,0.193,0.25,0,0,1,2
0.468,0.196,0.25,0,0,1,2
0.468,0.199,0.25,0,0,1,2
0.468,0.202,0.25,0,0,1,2
0.468,0.205,0.25,0,0,1,2
0.468,0.208,0.25,0,0,1,2
0.468,0.211,0.25,0,0,1,2
0.468,0.214,0.25,0,0,1,2
0.468,0.217,0.25,0,0,1,2
0.468,0.22,0.25,0,0,1,2
0.468,0.223,0.25,0,0,1,2
0.468,0.226,0.25,0,0,1,2
0.468,0.229,0.25,0,0,1,2
0.468,0.232,0.25,0,0,1,2
0.468,0.235,0.25,0,0,1,2
0.468,0.238,0.25,0,0,1,2
0.468,0.241,0.25,0,0,1,2
0.468,0.244,0.25,0,0,1,2
0.468,0.247,0.25,0,0,1,2
0.468,0.25,0.25,0,0,1,2
0.468,0.253,0.25,0,0,1,2
0.468,0.256,0.25,0,0,1,2
0.468,0.259,0.25,0,0,1,2
0.471,0.1,0.25,0,0,1,2
0.471,0.103,0.25,0,0,1,2
0.471,0.106,0.25,0,0,1,2
0.471,0.109,0.25,0,0,1,2
0.471,0.112,0.25,0,0,1,2
0.471,0.115,0.25,0,0,1,2
0.471,0.118,0.25,0,0,1,2
0.471,0.121,0.25,0,0,1,2
0.471,0.124,0.25,0,0,1,2
0.471,0.127,0.25,0,0,1,2
0.471,0.13,0.25,0,0,1,2
0.471,0.133,0.25,0,0,1,2
0.471,0.136,0.25,0,0,1,2
0.471,0.139,0.25,0,0,1,2
0.471,0.142,0.25,0,0,1,2
0.471,0.145,0.25,0,0,1,2
0.471,0.148,0.25,0,0,1,2
0.471,0.151,0.25,0,0,1,2
0.471,0.154,0.25,0,0,1,2
0.471,0.157,0.25,0,0,1,2
0.471,0.16,0.25,0,0,1,2
0.471,0.163,0.25,0,0,1,2
0.471,0.166,0.25,0,0,1,2
0.471,0.169,0.25,0,0,1,2
0.471,0.172,0.25,0,0,1,2
0.471,0.175,0.25,0,0,1,2
0.471,0.178,0.25,0,0,1,2
0.471,0.181,0.25,0,0,1,2
0.471,0.184,0.25,0,0,1,2
0.471,0.187,0.25,0,0,1,2
0.471,0.19,0.25,0,0,1,2
0.471,0.193,0.25,0,0,1,2
0.471,0.196,0.25,0,0,1,2
0.471,0.199,0.25,0,0,1,2
0.471,0.202,0.25,0,0,1,2
0.471,0.205,0.25,0,0,1,2
0.471,0.208,0.25,0,0,1,2
0.471,0.211,0.25,0,0,1,2
0.471,0.214,0.25,0,0,1,2
0.471,0.217,0.25,0,0,1,2
0.471,0.22,0.25,0,0,1,2
0.471,0.223,0.25,0,0,1,2
0.471,0.226,0.25,0,0,1,2
0.471,0.229,0.25,0,0,1,2
0.471,0.232,0.25,0,0,1,2
0.471,0.235,0.25,0,0,1,2
0.471,0.238,0.25,0,0,1,2
0.471,0.241,0.25,0,0,1,2
0.471,0.244,0.25,0,0,1,2
0.471,0.247,0.25,0,0,1,2
0.471,0.25,0.25,0,0,1,2
0.471,0.253,0.25,0,0,1,2
0.471,0.256,0.25,0,0,1,2
0.471,0.259,0.25,0,0,1,2
0.474,0.1,0.25,0,0,1,2
0.474,0.103,0.25,0,0,1,2
0.474,0.106,0.25,0,0,1,2
0.474,0.109,0.25,0,0,1,2
0.474,0.112,0.25,0,0,1,2
0.474,0.115,0.25,0,0,1,2
0.474,0.118,0.25,0,0,1,2
0.474,0.121,0.25,0,0,1,2
0.474,0.124,0.25,0,0,1,2
0.474,0.127,0.25,0,0,1,2
0.474,0.13,0.25,0,0,1,2
0.474,0.133,0.25,0,0,1,2
0.474,0.136,0.25,0,0,1,2
0.474,0.139,0.25,0,0,1,2
0.474,0.142,0.25,0,0,1,2
0.474,0.145,0.25,0,0,1,2
0.474,0.148,0.25,0,0,1,2
0.474,0.151,0.25,0,0,1,2
0.474,0.154,0.25,0,0,1,2
0.474,0.157,0.25,0,0,1,2
0.474,0.16,0.25,0,0,1,2
0.474,0.163,0.25,0,0,1,2
0.474,0.166,0.25,0,0,1,2
0.474,0.169,0.25,0,0,1,2
0.474,0.172,0.25,0,0,1,2
0.474,0.175,0.25,0,0,1,2
0.474,0.178,0.25,0,0,1,2
0.474,0.181,0.25,0,0,1,2
0.474,0.184,0.25,0,0,1,2
0.474,0.187,0.25,0,0,1,2
0.474,0.19,0.25,0,0,1,2
0.474,0.193,0.25,0,0,1,2
0.474,0.196,0.25,0,0,1,2
0.474,0.199,0.25,0,0,1,2
0.474,0.202,0.25,0,0,1,2
0.474,0.205,0.25,0,0,1,2
0.474,0.208,0.25,0,0,1,2
0.474,0.211,0.25,0,0,1,2
0.474,0.214,0.25,0,0,1,2
0.474,0.217,0.25,0,0,1,2
0.474,0.22,0.25,0,0,1,2
0.474,0.223,0.25,0,0,1,2
0.474,0.226,0.25,0,0,1,2
0.474,0.229,0.25,0,0,1,2
0.474,0.232,0.25,0,0,1,2
0.474,0.235,0.25,0,0,1,2
0.474,0.238,0.25,0,0,1,2
0.474,0.241,0.25,0,0,1,2
0.474,0.244,0.25,0,0,1,2
0.474,0.247,0.25,0,0,1,2
0.474,0.25,0.25,0,0,1,2
0.474,0.253,0.25,0,0,1,2
0.474,0.256,0.25,0,0,1,2
0.474,0.259,0.25,0,0,1,2
0.477,0.1,0.25,0,0,1,2
0.477,0.103,0.25,0,0,1,2
0.477,0.106,0.25,0,0,1,2
0.477,0.109,0.25,0,0,1,2
0.477,0.112,0.25,0,0,1,2
0.477,0.115,0.25,0,0,1,2
0.477,0.118,0.25,0,0,1,2
0.477,0.121,0.25,0,0,1,2
0.477,0.124,0.25,0,0,1,2
0.477,0.127,0.25,0,0,1,2
0.477,0.13,0.25,0,0,1,2
0.477,0.133,0.25,0,0,1,2
0.477,0.136,0.25,0,0,1,2
0.477,0.139,0.25,0,0,1,2
0.477,0.142,0.25,0,0,1,2
0.477,0.145,0.25,0,0,1,2
0.477,0.148,0.25,0,0,1,2
0.477,0.151,0.25,0,0,1,2
0.477,0.154,0.25,0,0,1,2
0.477,0.157,0.25,0,0,1,2
0.477,0.16,0.25,0,0,1,2
0.477,0.163,0.25,0,0,1,2
0.477,0.166,0.25,0,0,1,2
0.477,0.169,0.25,0,0,1,2
0.477,0.172,0.25,0,0,1,2
0.477,0.175,0.25,0,0,1,2
0.477,0.178,0.25,0,0,1,2
0.477,0.181,0.25,0,0,1,2
0.477,0.184,0.25,0,0,1,2
0.477,0.187,0.25,0,0,1,2
0.477,0.19,0.25,0,0,1,2
0.477,0.193,0.25,0,0,1,2
0.477,0.196,0.25,0,0,1,2
0.477,0.199,0.25,0,0,1,2
0.477,0.202,0.25,0,0,1,2
0.477,0.205,0.25,0,0,1,2
0.477,0.208,0.25,0,0,1,2
0.477,0.211,0.25,0,0,1,2
0.477,0.214,0.25,0,0,1,2
0.477,0.217,0.25,0,0,1,2
0.477,0.22,0.25,0,0,1,2
0.477,0.223,0.25,0,0,1,2
0.477,0.226,0.25,0,0,1,2
0.477,0.229,0.25,0,0,1,2
0.477,0.232,0.25,0,0,1,2
0.477,0.235,0.25,0,0,1,2
0.477,0.238,0.25,0,0,1,2
0.477,0.241,0.25,0,0,1,2
0.477,0.244,0.25,0,0,1,2
0.477,0.247,0.25,0,0,1,2
0.477,0.25,0.25,0,0,1,2
0.477,0.253,0.25,0,0,1,2
0.477,0.256,0.25,0,0,1,2
0.477,0.259,0.25,0,0,1,2
0.48,0.1,0.25,0,0,1,2
0.48,0.103,0.25,0,0,1,2
0.48,0.106,0.25,0,0,1,2
0.48,0.109,0.25,0,0,1,2
0.48,0.112,0.25,0,0,1,2
0.48,0.115,0.25,0,0,1,2
0.48,0.118,0.25,0,0,1,2
0.48,0.121,0.25,0,0,1,2
0.48,0.124,0.25,0,0,1,2
0.48,0.127,0.25,0,0,1,2
0.48,0.13,0.25,0,0,1,2
0.48,0.133,0.25,0,0,1,2
0.48,0.136,0.25,0,0,1,2
0.48,0.139,0.25,0,0,1,2
0.48,0.142,0.25,0,0,1,2
0.48,0.145,0.25,0,0,1,2
0.48,0.148,0.25,0,0,1,2
0.48,0.151,0.25,0,0,1,2
0.48,0.154,0.25,0,0,1,2
0.48,0.157,0.25,0,0,1,2
0.48,0.16,0.25,0,0,1,2
0.48,0.163,0.25,0,0,1,2
0.48,0.166,0.25,0,0,1,2
0.48,0.169,0.25,0,0,1,2
0.48,0.172,0.25,0,0,1,2
0.48,0.175,0.25,0,0,1,2
0.48,0.178,0.25,0,0,1,2
0.48,0.181,0.25,0,0,1,2
0.48,0.184,0.25,0,0,1,2
0.48,0.187,0.25,0,0,1,2
0.48,0.19,0.25,0,0,1,2
0.48,0.193,0.25,0,0,1,2
0.48,0.196,0.25,0,0,1,2
0.48,0.199,0.25,0,0,1,2
0.48,0.202,0.25,0,0,1,2
0.48,0.205,0.25,0,0,1,2
0.48,0.208,0.25,0,0,1,2
0.48,0.211,0.25,0,0,1,2
0.48,0.214,0.25,0,0,1,2
0.48,0.217,0.25,0,0,1,2
0.48,0.22,0.25,0,0,1,2
0.48,0.223,0.25,0,0,1,2
0.48,0.226,0.25,0,0,1,2
0.48,0.229,0.25,0,0,1,2
0.48,0.232,0.25,0,0,1,2
0.48,0.235,0.25,0,0,1,2
0.48,0.238,0.25,0,0,1,2
0.48,0.241,0.25,0,0,1,2
0.48,0.244,0.25,0,0,1,2
0.48,0.247,0.25,0,0,1,2
0.48,0.25,0.25,0,0,1,2
0.48,0.253,0.25,0,0,1,2
0.48,0.256,0.25,0,0,1,2
0.48,0.259,0.25,0,0,1,2
0.483,0.1,0.25,0,0,1,2
0.483,0.103,0.25,0,0,1,2
0.483,0.106,0.25,0,0,1,2
0.483,0.109,0.25,0,0,1,2
0.483,0.112,0.25,0,0,1,2
0.483,0.115,0.25,0,0,1,2
0.483,0.118,0.25,0,0,1,2
0.483,0.121,0.25,0,0,1,2
0.483,0.124,0.25,0,0,1,2
0.483,0.127,0.25,0,0,1,2
0.483,0.13,0.25,0,0,1,2
0.483,0.133,0.25,0,0,1,2
0.483,0.136,0.25,0,0,1,2
0.483,0.139,0.25,0,0,1,2
0.483,0.142,0.25,0,0,1,2
0.483,0.145,0.25,0,0,1,2
0.483,0.148,0.25,0,0,1,2
0.483,0.151,0.25,0,0,1,2
0.483,0.154,0.25,0,0,1,2
0.483,0.157,0.25,0,0,1,2
0.483,0.16,0.25,0,0,1,2
0.483,0.163,0.25,0,0,1,2
0.483,0.166,0.25,0,0,1,2
0.483,0.169,0.25,0,0,1,2
0.483,0.172,0.25,0,0,1,2
0.483,0.175,0.25,0,0,1,2
0.483,0.178,0.25,0,0,1,2
0.483,0.181,0.25,0,0,1,2
0.483,0.184,0.25,0,0,1,2
0.483,0.187,0.25,0,0,1,2
0.483,0.19,0.25,0,0,1,2
0.483,0.193,0.25,0,0,1,2
0.483,0.196,0.25,0,0,1,2
0.483,0.199,0.25,0,0,1,2
0.483,0.202,0.25,0,0,1,2
0.483,0.205,0.25,0,0,1,2
0.483,0.208,0.25,0,0,1,2
0.483,0.211,0.25,0,0,1,2
0.483,0.214,0.25,0,0,1,2
0.483,0.217,0.25,0,0,1,2
0.483,0.22,0.25,0,0,1,2
0.483,0.223,0.25,0,0,1,2
0.483,0.226,0.25,0,0,1,2
0.483,0.229,0.25,0,0,1,2
0.483,0.232,0.25,0,0,1,2
0.483,0.235,0.25,0,0,1,2
0.483,0.238,0.25,0,0,1,2
0.483,0.241,0.25,0,0,1,2
0.483,0.244,0.25,0,0,1,2
0.483,0.247,0.25,0,0,1,2
0.483,0.25,0.25,0,0,1,2
0.483,0.253,0.25,0,0,1,2
0.483,0.256,0.25,0,0,1,2
0.483,0.259,0.25,0,0,1,2
0.486,0.1,0.25,0,0,1,2
0.486,0.103,0.25,0,0,1,2
0.486,0.106,0.25,0,0,1,2
0.486,0.109,0.25,0,0,1,2
0.486,0.112,0.25,0,0,1,2
0.486,0.115,0.25,0,0,1,2
0.486,0.118,0.25,0,0,1,2
0.486,0.121,0.25,0,0,1,2
0.486,0.124,0.25,0,0,1,2
0.486,0.127,0.25,0,0,1,2
0.486,0.13,0.25,0,0,1,2
0.486,0.133,0.25,0,0,1,2
0.486,0.136,0.25,0,0,1,2
0.486,0.139,0.25,0,0,1,2
0.486,0.142,0.25,0,0,1,2
0.486,0.145,0.25,0,0,1,2
0.486,0.148,0.25,0,0,1,2
0.486,0.151,0.25,0,0,1,2
0.486,0.154,0.25,0,0,1,2
0.486,0.157,0.25,0,0,1,2
0.486,0.16,0.25,0,0,1,2
0.486,0.163,0.25,0,0,1,2
0.486,0.166,0.25,0,0,1,2
0.486,0.169,0.25,0,0,1,2
0.486,0.172,0.25,0,0,1,2
0.486,0.175,0.25,0,0,1,2
0.486,0.178,0.25,0,0,1,2
0.486,0.181,0.25,0,0,1,2
0.486,0.184,0.25,0,0,1,2
0.486,0.187,0.25,0,0,1,2
0.486,0.19,0.25,0,0,1,2
0.486,0.193,0.25,0,0,1,2
0.486,0.196,0.25,0,0,1,2
0.486,0.199,0.25,0,0,1,2
0.486,0.202,0.25,0,0,1,2
0.486,0.205,0.25,0,0,1,2
0.486,0.208,0.25,0,0,1,2
0.486,0.211,0.25,0,0,1,2
0.486,0.214,0.25,0,0,1,2
0.486,0.217,0.25,0,0,1,2
0.486,0.22,0.25,0,0,1,2
0.486,0.223,0.25,0,0,1,2
0.486,0.226,0.25,0,0,1,2
0.486,0.229,0.25,0,0,1,2
0.486,0.232,0.25,0,0,1,2
0.486,0.235,0.25,0,0,1,2
0.486,0.238,0.25,0,0,1,2
0.486,0.241,0.25,0,0,1,2
0.486,0.244,0.25,0,0,1,2
0.486,0.247,0.25,0,0,1,2
0.486,0.25,0.25,0,0,1,2
0.486,0.253,0.25,0,0,1,2
0.486,0.256,0.25,0,0,1,2
0.486,0.259,0.25,0,0,1,2
0.489,0.1,0.25,0,0,1,2
0.489,0.103,0.25,0,0,1,2
0.489,0.106,0.25,0,0,1,2
0.489,0.109,0.25,0,0,1,2
0.489,0.112,0.25,0,0,1,2
0.489,0.115,0.25,0,0,1,2
0.489,0.118,0.25,0,0,1,2
0.489,0.121,0.25,0,0,1,2
0.489,0.124,0.25,0,0,1,2
0.489,0.127,0.25,0,0,1,2
0.489,0.13,0.25,0,0,1,2
0.489,0.133,0.25,0,0,1,2
0.489,0.136,0.25,0,0,1,2
0.489,0.139,0.25,0,0,1,2
0.489,0.142,0.25,0,0,1,2
0.489,0.145,0.25,0,0,1,2
0.489,0.148,0.25,0,0,1,2
0.489,0.151,0.25,0,0,1,2
0.489,0.154,0.25,0,0,1,2
0.489,0.157,0.25,0,0,1,2
0.489,0.16,0.25,0,0,1,2
0.489,0.163,0.25,0,0,1,2
0.489,0.166,0.25,0,0,1,2
0.489,0.169,0.25,0,0,1,2
0.489,0.172,0.25,0,0,1,2
0.489,0.175,0.25,0,0,1,2
0.489,0.178,0.25,0,0,1,2
0.489,0.181,0.25,0,0,1,2
0.489,0.184,0.25,0,0,1,2
0.489,0.187,0.25,0,0,1,2
0.489,0.19,0.25,0,0,1,2
0.489,0.193,0.25,0,0,1,2
0.489,0.196,0.25,0,0,1,2
0.489,0.199,0.25,0,0,1,2
0.489,0.202,0.25,0,0,1,2
0.489,0.205,0.25,0,0,1,2
0.489,0.208,0.25,0,0,1,2
0.489,0.211,0.25,0,0,1,2
0.489,0.214,0.25,0,0,1,2
0.489,0.217,0.25,0,0,1,2
0.489,0.22,0.25,0,0,1,2
0.489,0.223,0.25,0,0,1,2
0.489,0.226,0.25,0,0,1,2
0.489,0.229,0.25,0,0,1,2
0.489,0.232,0.25,0,0,1,2
0.489,0.235,0.25,0,0,1,2
0.489,0.238,0.25,0,0,1,2
0.489,0.241,0.25,0,0,1,2
0.489,0.244,0.25,0,0,1,2
0.489,0.247,0.25,0,0,1,2
0.489,0.25,0.25,0,0,1,2
0.489,0.253,0.25,0,0,1,2
0.489,0.256,0.25,0,0,1,2
0.489,0.259,0.25,0,0,1,2
0.492,0.1,0.25,0,0,1,2
0.492,0.103,0.25,0,0,1,2
0.492,0.106,0.25,0,0,1,2
0.492,0.109,0.25,0,0,1,2
0.492,0.112,0.25,0,0,1,2
0.492,0.115,0.25,0,0,1,2
0.492,0.118,0.25,0,0,1,2
0.492,0.121,0.25,0,0,1,2
0.492,0.124,0.25,0,0,1,2
0.492,0.127,0.25,0,0,1,2
0.492,0.13,0.25,0,0,1,2
0.492,0.133,0.25,0,0,1,2
0.492,0.136,0.25,0,0,1,2
0.492,0.139,0.25,0,0,1,2
0.492,0.142,0.25,0,0,1,2
0.492,0.145,0.25,0,0,1,2
0.492,0.148,0.25,0,0,1,2
0.492,0.151,0.25,0,0,1,2
0.492,0.154,0.25,0,0,1,2
0.492,0.157,0.25,0,0,1,2
0.492,0.16,0.25,0,0,1,2
0.492,0.163,0.25,0,0,1,2
0.492,0.166,0.25,0,0,1,2
0.492,0.169,0.25,0,0,1,2
0.492,0.172,0.25,0,0,1,2
0.492,0.175,0.25,0,0,1,2
0.492,0.178,0.25,0,0,1,2
0.492,0.181,0.25,0,0,1,2
0.492,0.184,0.25,0,0,1,2
0.492,0.187,0.25,0,0,1,2
0.492,0.19,0.25,0,0,1,2
0.492,0.193,0.25,0,0,1,2
0.492,0.196,0.25,0,0,1,2
0.492,0.199,0.25,0,0,1,2
0.492,0.202,0.25,0,0,1,2
0.492,0.205,0.25,0,0,1,2
0.492,0.208,0.25,0,0,1,2
0.492,0.211,0.25,0,0,1,2
0.492,0.214,0.25,0,0,1,2
0.492,0.217,0.25,0,0,1,2
0.492,0.22,0.25,0,0,1,2
0.492,0.223,0.25,0,0,1,2
0.492,0.226,0.25,0,0,1,2
0.492,0.229,0.25,0,0,1,2
0.492,0.232,0.25,0,0,1,2
0.492,0.235,0.25,0,0,1,2
0.492,0.238,0.25,0,0,1,2
0.492,0.241,0.25,0,0,1,2
0.492,0.244,0.25,0,0,1,2
0.492,0.247,0.25,0,0,1,2
0.492,0.25,0.25,0,0,1,2
0.492,0.253,0.25,0,0,1,2
0.492,0.256,0.25,0,0,1,2
0.492,0.259,0.25,0,0,1,2
0.495,0.1,0.25,0,0,1,2
0.495,0.103,0.25,0,0,1,2
0.495,0.106,0.25,0,0,1,2
0.495,0.109,0.25,0,0,1,2
0.495,0.112,0.25,0,0,1,2
0.495,0.115,0.25,0,0,1,2
0.495,0.118,0.25,0,0,1,2
0.495,0.121,0.25,0,0,1,2
0.495,0.124,0.25,0,0,1,2
0.495,0.127,0.25,0,0,1,2
0.495,0.13,0.25,0,0,1,2
0.495,0.133,0.25,0,0,1,2
0.495,0.136,0.25,0,0,1,2
0.495,0.139,0.25,0,0,1,2
0.495,0.142,0.25,0,0,1,2
0.495,0.145,0.25,0,0,1,2
0.495,0.148,0.25,0,0,1,2
0.495,0.151,0.25,0,0,1,2
0.495,0.154,0.25,0,0,1,2
0.495,0.157,0.25,0,0,1,2
0.495,0.16,0.25,0,0,1,2
0.495,0.163,0.25,0,0,1,2
0.495,0.166,0.25,0,0,1,2
0.495,0.169,0.25,0,0,1,2
0.495,0.172,0.25,0,0,1,2
0.495,0.175,0.25,0,0,1,2
0.495,0.178,0.25,0,0,1,2
0.495,0.181,0.25,0,0,1,2
0.495,0.184,0.25,0,0,1,2
0.495,0.187,0.25,0,0,1,2
0.495,0.19,0.25,0,0,1,2
0.495,0.193,0.25,0,0,1,2
0.495,0.196,0.25,0,0,1,2
0.495,0.199,0.25,0,0,1,2
0.495,0.202,0.25,0,0,1,2
0.495,0.205,0.25,0,0,1,2
0.495,0.208,0.25,0,0,1,2
0.495,0.211,0.25,0,0,1,2
0.495,0.214,0.25,0,0,1,2
0.495,0.217,0.25,0,0,1,2
0.495,0.22,0.25,0,0,1,2
0.495,0.223,0.25,0,0,1,2
0.495,0.226,0.25,0,0,1,2
0.495,0.229,0.25,0,0,1,2
0.495,0.232,0.25,0,0,1,2
0.495,0.235,0.25,0,0,1,2
0.495,0.238,0.25,0,0,1,2
0.495,0.241,0.25,0,0,1,2
0.495,0.244,0.25,0,0,1,2
0.495,0.247,0.25,0,0,1,2
0.495,0.25,0.25,0,0,1,2
0.495,0.253,0.25,0,0,1,2
0.495,0.256,0.25,0,0,1,2
0.495,0.259,0.25,0,0,1,2
0.498,0.1,0.25,0,0,1,2
0.498,0.103,0.25,0,0,1,2
0.498,0.106,0.25,0,0,1,2
0.498,0.109,0.25,0,0,1,2
0.498,0.112,0.25,0,0,1,2
0.498,0.115,0.25,0,0,1,2
0.498,0.118,0.25,0,0,1,2
0.498,0.121,0.25,0,0,1,2
0.498,0.124,0.25,0,0,1,2
0.498,0.127,0.25,0,0,1,2
0.498,0.13,0.25,0,0,1,2
0.498,0.133,0.25,0,0,1,2
0.498,0.136,0.25,0,0,1,2
0.498,0.139,0.25,0,0,1,2
0.498,0.142,0.25,0,0,1,2
0.498,0.145,0.25,0,0,1,2
0.498,0.148,0.25,0,0,1,2
0.498,0.151,0.25,0,0,1,2
0.498,0.154,0.25,0,0,1,2
0.498,0.157,0.25,0,0,1,2
0.498,0.16,0.25,0,0,1,2
0.498,0.163,0.25,0,0,1,2
0.498,0.166,0.25,0,0,1,2
0.498,0.169,0.25,0,0,1,2
0.498,0.172,0.25,0,0,1,2
0.498,0.175,0.25,0,0,1,2
0.498,0.178,0.25,0,0,1,2
0.498,0.181,0.25,0,0,1,2
0.498,0.184,0.25,0,0,1,2
0.498,0.187,0.25,0,0,1,2
0.498,0.19,0.25,0,0,1,2
0.498,0.193,0.25,0,0,1,2
0.498,0.196,0.25,0,0,1,2
0.498,0.199,0.25,0,0,1,2
0.498,0.202,0.25,0,0,1,2
0.498,0.205,0.25,0,0,1,2
0.498,0.208,0.25,0,0,1,2
0.498,0.211,0.25,0,0,1,2
0.498,0.214,0.25,0,0,1,2
0.498,0.217,0.25,0,0,1,2
0.498,0.22,0.25,0,0,1,2
0.498,0.223,0.25,0,0,1,2
0.498,0.226,0.25,0,0,1,2
0.498,0.229,0.25,0,0,1,2
0.498,0.232,0.25,0,0,1,2
0.498,0.235,0.25,0,0,1,2
0.498,0.238,0.25,0,0,1,2
0.498,0.241,0.25,0,0,1,2
0.498,0.244,0.25,0,0,1,2
0.498,0.247,0.25,0,0,1,2
0.498,0.25,0.25,0,0,1,2
0.498,0.253,0.25,0,0,1,2
0.498,0.256,0.25,0,0,1,2
0.498,0.259,0.25,0,0,1,2
0.501,0.1,0.25,0,0,1,2
0.501,0.103,0.25,0,0,1,2
0.501,0.106,0.25,0,0,1,2
0.501,0.109,0.25,0,0,1,2
0.501,0.112,0.25,0,0,1,2
0.501,0.115,0.25,0,0,1,2
0.501,0.118,0.25,0,0,1,2
0.501,0.121,0.25,0,0,1,2
0.501,0.124,0.25,0,0,1,2
0.501,0.127,0.25,0,0,1,2
0.501,0.13,0.25,0,0,1,2
0.501,0.133,0.25,0,0,1,2
0.501,0.136,0.25,0,0,1,2
0.501,0.139,0.25,0,0,1,2
0.501,0.142,0.25,0,0,1,2
0.501,0.145,0.25,0,0,1,2
0.501,0.148,0.25,0,0,1,2
0.501,0.151,0.25,0,0,1,2
0.501,0.154,0.25,0,0,1,2
0.501,0.157,0.25,0,0,1,2
0.501,0.16,0.25,0,0,1,2
0.501,0.163,0.25,0,0,1,2
0.501,0.166,0.25,0,0,1,2
0.501,0.169,0.25,0,0,1,2
0.501,0.172,0.25,0,0,1,2
0.501,0.175,0.25,0,0,1,2
0.501,0.178,0.25,0,0,1,2
0.501,0.181,0.25,0,0,1,2
0.501,0.184,0.25,0,0,1,2
0.501,0.187,0.25,0,0,1,2
0.501,0.19,0.25,0,0,1,2
0.501,0.193,0.25,0,0,1,2
0.501,0.196,0.25,0,0,1,2
0.501,0.199,0.25,0,0,1,2
0.501,0.202,0.25,0,0,1,2
0.501,0.205,0.25,0,0,1,2
0.501,0.208,0.25,0,0,1,2
0.501,0.211,0.25,0,0,1,2
0.501,0.214,0.25,0,0,1,2
0.501,0.217,0.25,0,0,1,2
0.501,0.22,0.25,0,0,1,2
0.501,0.223,0.25,0,0,1,2
0.501,0.226,0.25,0,0,1,2
0.501,0.229,0.25,0,0,1,2
0.501,0.232,0.25,0,0,1,2
0.501,0.235,0.25,0,0,1,2
0.501,0.238,0.25,0,0,1,2
0.501,0.241,0.25,0,0,1,2
0.501,0.244,0.25,0,0,1,2
0.501,0.247,0.25,0,0,1,2
0.501,0.25,0.25,0,0,1,2
0.501,0.253,0.25,0,0,1,2
0.501,0.256,0.25,0,0,1,2
0.501,0.259,0.25,0,0,1,2
0.504,0.1,0.25,0,0,1,2
0.504,0.103,0.25,0,0,1,2
0.504,0.106,0.25,0,0,1,2
0.504,0.109,0.25,0,0,1,2
0.504,0.112,0.25,0,0,1,2
0.504,0.115,0.25,0,0,1,2
0.504,0.118,0.25,0,0,1,2
0.504,0.121,0.25,0,0,1,2
0.504,0.124,0.25,0,0,1,2
0.504,0.127,0.25,0,0,1,2
0.504,0.13,0.25,0,0,1,2
0.504,0.133,0.25,0,0,1,2
0.504,0.136,0.25,0,0,1,2
0.504,0.139,0.25,0,0,1,2
0.504,0.142,0.25,0,0,1,2
0.504,0.145,0.25,0,0,1,2
0.504,0.148,0.25,0,0,1,2
0.504,0.151,0.25,0,0,1,2
0.504,0.154,0.25,0,0,1,2
0.504,0.157,0.25,0,0,1,2
0.504,0.16,0.25,0,0,1,2
0.504,0.163,0.25,0,0,1,2
0.504,0.166,0.25,0,0,1,2
0.504,0.169,0.25,0,0,1,2
0.504,0.172,0.25,0,0,1,2
0.504,0.175,0.25,0,0,1,2
0.504,0.178,0.25,0,0,1,2
0.504,0.181,0.25,0,0,1,2
0.504,0.184,0.25,0,0,1,2
0.504,0.187,0.25,0,0,1,2
0.504,0.19,0.25,0,0,1,2
0.504,0.193,0.25,0,0,1,2
0.504,0.196,0.25,0,0,1,2
0.504,0.199,0.25,0,0,1,2
0.504,0.202,0.25,0,0,1,2
0.504,0.205,0.25,0,0,1,2
0.504,0.208,0.25,0,0,1,2
0.504,0.211,0.25,0,0,1,2
0.504,0.214,0.25,0,0,1,2
0.504,0.217,0.25,0,0,1,2
0.504,0.22,0.25,0,0,1,2
0.504,0.223,0.25,0,0,1,2
0.504,0.226,0.25,0,0,1,2
0.504,0.229,0.25,0,0,1,2
0.504,0.232,0.25,0,0,1,2
0.504,0.235,0.25,0,0,1,2
0.504,0.238,0.25,0,0,1,2
0.504,0.241,0.25,0,0,1,2
0.504,0.244,0.25,0,0,1,2
0.504,0.247,0.25,0,0,1,2
0.504,0.25,0.25,0,0,1,2
0.504,0.253,0.25,0,0,1,2
0.504,0.256,0.25,0,0,1,2
0.504,0.259,0.25,0,0,1,2
0.507,0.1,0.25,0,0,1,2
0.507,0.103,0.25,0,0,1,2
0.507,0.106,0.25,0,0,1,2
0.507,0.109,0.25,0,0,1,2
0.507,0.112,0.25,0,0,1,2
0.507,0.115,0.25,0,0,1,2
0.507,0.118,0.25,0,0,1,2
0.507,0.121,0.25,0,0,1,2
0.507,0.124,0.25,0,0,1,2
0.507,0.127,0.25,0,0,1,2
0.507,0.13,0.25,0,0,1,2
0.507,0.133,0.25,0,0,1,2
0.507,0.136,0.25,0,0,1,2
0.507,0.139,0.25,0,0,1,2
0.507,0.142,0.25,0,0,1,2
0.507,0.145,0.25,0,0,1,2
0.507,0.148,0.25,0,0,1,2
0.507,0.151,0.25,0,0,1,2
0.507,0.154,0.25,0,0,1,2
0.507,0.157,0.25,0,0,1,2
0.507,0.16,0.25,0,0,1,2
0.507,0.163,0.25,0,0,1,2
0.507,0.166,0.25,0,0,1,2
0.507,0.169,0.25,0,0,1,2
0.507,0.172,0.25,0,0,1,2
0.507,0.175,0.25,0,0,1,2
0.507,0.178,0.25,0,0,1,2
0.507,0.181,0.25,0,0,1,2
0.507,0.184,0.25,0,0,1,2
0.507,0.187,0.25,0,0,1,2
0.507,0.19,0.25,0,0,1,2
0.507,0.193,0.25,0,0,1,2
0.507,0.196,0.25,0,0,1,2
0.507,0.199,0.25,0,0,1,2
0.507,0.202,0.25,0,0,1,2
0.507,0.205,0.25,0,0,1,2
0.507,0.208,0.25,0,0,1,2
0.507,0.211,0.25,0,0,1,2
0.507,0.214,0.25,0,0,1,2
0.507,0.217,0.25,0,0,1,2
0.507,0.22,0.25,0,0,1,2
0.507,0.223,0.25,0,0,1,2
0.507,0.226,0.25,0,0,1,2
0.507,0.229,0.25,0,0,1,2
0.507,0.232,0.25,0,0,1,2
0.507,0.235,0.25,0,0,1,2
0.507,0.238,0.25,0,0,1,2
0.507,0.241,0.25,0,0,1,2
0.507,0.244,0.25,0,0,1,2
0.507,0.247,0.25,0,0,1,2
0.507,0.25,0.25,0,0,1,2
0.507,0.253,0.25,0,0,1,2
0.507,0.256,0.25,0,0,1,2
0.507,0.259,0.25,0,0,1,2
0.51,0.1,0.25,0,0,1,2
0.51,0.103,0.25,0,0,1,2
0.51,0.106,0.25,0,0,1,2
0.51,0.109,0.25,0,0,1,2
0.51,0.112,0.25,0,0,1,2
0.51,0.115,0.25,0,0,1,2
0.51,0.118,0.25,0,0,1,2
0.51,0.121,0.25,0,0,1,2
0.51,0.124,0.25,0,0,1,2
0.51,0.127,0.25,0,0,1,2
0.51,0.13,0.25,0,0,1,2
0.51,0.133,0.25,0,0,1,2
0.51,0.136,0.25,0,0,1,2
0.51,0.139,0.25,0,0,1,2
0.51,0.142,0.25,0,0,1,2
0.51,0.145,0.25,0,0,1,2
0.51,0.148,0.25,0,0,1,2
0.51,0.151,0.25,0,0,1,2
0.51,0.154,0.25,0,0,1,2
0.51,0.157,0.25,0,0,1,2
0.51,0.16,0.25,0,0,1,2
0.51,0.163,0.25,0,0,1,2
0.51,0.166,0.25,0,0,1,2
0.51,0.169,0.25,0,0,1,2
0.51,0.172,0.25,0,0,1,2
0.51,0.175,0.25,0,0,1,2
0.51,0.178,0.25,0,0,1,2
0.51,0.181,0.25,0,0,1,2
0.51,0.184,0.25,0,0,1,2
0.51,0.187,0.25,0,0,1,2
0.51,0.19,0.25,0,0,1,2
0.51,0.193,0.25,0,0,1,2
0.51,0.196,0.25,0,0,1,2
0.51,0.199,0.25,0,0,1,2
0.51,0.202,0.25,0,0,1,2
0.51,0.205,0.25,0,0,1,2
0.51,0.208,0.25,0,0,1,2
0.51,0.211,0.25,0,0,1,2
0.51,0.214,0.25,0,0,1,2
0.51,0.217,0.25,0,0,1,2
0.51,0.22,0.25,0,0,1,2
0.51,0.223,0.25,0,0,1,2
0.51,0.226,0.25,0,0,1,2
0.51,0.229,0.25,0,0,1,2
0.51,0.232,0.25,0,0,1,2
0.51,0.235,0.25,0,0,1,2
0.51,0.238,0.25,0,0,1,2
0.51,0.241,0.25,0,0,1,2
0.51,0.244,0.25,0,0,1,2
0.51,0.247,0.25,0,0,1,2
0.51,0.25,0.25,0,0,1,2
0.51,0.253,0.25,0,0,1,2
0.51,0.256,0.25,0,0,1,2
0.51,0.259,0.25,0,0,1,2
0.513,0.1,0.25,0,0,1,2
0.513,0.103,0.25,0,0,1,2
0.513,0.106,0.25,0,0,1,2
0.513,0.109,0.25,0,0,1,2
0.513,0.112,0.25,0,0,1,2
0.513,0.115,0.25,0,0,1,2
0.513,0.118,0.25,0,0,1,2
0.513,0.121,0.25,0,0,1,2
0.513,0.124,0.25,0,0,1,2
0.513,0.127,0.25,0,0,1,2
0.513,0.13,0.25,0,0,1,2
0.513,0.133,0.25,0,0,1,2
0.513,0.136,0.25,0,0,1,2
0.513,0.139,0.25,0,0,1,2
0.513,0.142,0.25,0,0,1,2
0.513,0.145,0.25,0,0,1,2
0.513,0.148,0.25,0,0,1,2
0.513,0.151,0.25,0,0,1,2
0.513,0.154,0.25,0,0,1,2
0.513,0.157,0.25,0,0,1,2
0.513,0.16,0.25,0,0,1,2
0.513,0.163,0.25,0,0,1,2
0.513,0.166,0.25,0,0,1,2
0.513,0.169,0.25,0,0,1,2
0.513,0.172,0.25,0,0,1,2
0.513,0.175,0.25,0,0,1,2
0.513,0.178,0.25,0,0,1,2
0.513,0.181,0.25,0,0,1,2
0.513,0.184,0.25,0,0,1,2
0.513,0.187,0.25,0,0,1,2
0.513,0.19,0.25,0,0,1,2
0.513,0.193,0.25,0,0,1,2
0.513,0.196,0.25,0,0,1,2
0.513,0.199,0.25,0,0,1,2
0.513,0.202,0.25,0,0,1,2
0.513,0.205,0.25,0,0,1,2
0.513,0.208,0.25,0,0,1,2
0.513,0.211,0.25,0,0,1,2
0.513,0.214,0.25,0,0,1,2
0.513,0.217,0.25,0,0,1,2
0.513,0.22,0.25,0,0,1,2
0.513,0.223,0.25,0,0,1,2
0.513,0.226,0.25,0,0,1,2
0.513,0.229,0.25,0,0,1,2
0.513,0.232,0.25,0,0,1,2
0.513,0.235,0.25,0,0,1,2
0.513,0.238,0.25,0,0,1,2
0.513,0.241,0.25,0,0,1,2
0.513,0.244,0.25,0,0,1,2
0.513,0.247,0.25,0,0,1,2
0.513,0.25,0.25,0,0,1,2
0.513,0.253,0.25,0,0,1,2
0.513,0.256,0.25,0,0,1,2
0.513,0.259,0.25,0,0,1,2
0.516,0.1,0.25,0,0,1,2
0.516,0.103,0.25,0,0,1,2
0.516,0.106,0.25,0,0,1,2
0.516,0.109,0.25,0,0,1,2
0.516,0.112,0.25,0,0,1,2
0.516,0.115,0.25,0,0,1,2
0.516,0.118,0.25,0,0,1,2
0.516,0.121,0.25,0,0,1,2
0.516,0.124,0.25,0,0,1,2
0.516,0.127,0.25,0,0,1,2
0.516,0.13,0.25,0,0,1,2
0.516,0.133,0.25,0,0,1,2
0.516,0.136,0.25,0,0,1,2
0.516,0.139,0.25,0,0,1,2
0.516,0.142,0.25,0,0,1,2
0.516,0.145,0.25,0,0,1,2
0.516,0.148,0.25,0,0,1,2
0.516,0.151,0.25,0,0,1,2
0.516,0.154,0.25,0,0,1,2
0.516,0.157,0.25,0,0,1,2
0.516,0.16,0.25,0,0,1,2
0.516,0.163,0.25,0,0,1,2
0.516,0.166,0.25,0,0,1,2
0.516,0.169,0.25,0,0,1,2
0.516,0.172,0.25,0,0,1,2
0.516,0.175,0.25,0,0,1,2
0.516,0.178,0.25,0,0,1,2
0.516,0.181,0.25,0,0,1,2
0.516,0.184,0.25,0,0,1,2
0.516,0.187,0.25,0,0,1,2
0.516,0.19,0.25,0,0,1,2
0.516,0.193,0.25,0,0,1,2
0.516,0.196,0.25,0,0,1,2
0.516,0.199,0.25,0,0,1,2
0.516,0.202,0.25,0,0,1,2
0.516,0.205,0.25,0,0,1,2
0.516,0.208,0.25,0,0,1,2
0.516,0.211,0.25,0,0,1,2
0.516,0.214,0.25,0,0,1,2
0.516,0.217,0.25,0,0,1,2
0.516,0.22,0.25,0,0,1,2
0.516,0.223,0.25,0,0,1,2
0.516,0.226,0.25,0,0,1,2
0.516,0.229,0.25,0,0,1,2
0.516,0.232,0.25,0,0,1,2
0.516,0.235,0.25,0,0,1,2
0.516,0.238,0.25,0,0,1,2
0.516,0.241,0.25,0,0,1,2
0.516,0.244,0.25,0,0,1,2
0.516,0.247,0.25,0,0,1,2
0.516,0.25,0.25,0,0,1,2
0.516,0.253,0.25,0,0,1,2
0.516,0.256,0.25,0,0,1,2
0.516,0.259,0.25,0,0,1,2
0.519,0.1,0.25,0,0,1,2
0.519,0.103,0.25,0,0,1,2
0.519,0.106,0.25,0,0,1,2
0.519,0.109,0.25,0,0,1,2
0.519,0.112,0.25,0,0,1,2
0.519,0.115,0.25,0,0,1,2
0.519,0.118,0.25,0,0,1,2
0.519,0.121,0.25,0,0,1,2
0.519,0.124,0.25,0,0,1,2
0.519,0.127,0.25,0,0,1,2
0.519,0.13,0.25,0,0,1,2
0.519,0.133,0.25,0,0,1,2
0.519,0.136,0.25,0,0,1,2
0.519,0.139,0.25,0,0,1,2
0.519,0.142,0.25,0,0,1,2
0.519,0.145,0.25,0,0,1,2
0.519,0.148,0.25,0,0,1,2
0.519,0.151,0.25,0,0,1,2
0.519,0.154,0.25,0,0,1,2
0.519,0.157,0.25,0,0,1,2
0.519,0.16,0.25,0,0,1,2
0.519,0.163,0.25,0,0,1,2
0.519,0.166,0.25,0,0,1,2
0.519,0.169,0.25,0,0,1,2
0.519,0.172,0.25,0,0,1,2
0.519,0.175,0.25,0,0,1,2
0.519,0.178,0.25,0,0,1,2
0.519,0.181,0.25,0,0,1,2
0.519,0.184,0.25,0,0,1,2
0.519,0.187,0.25,0,0,1,2
0.519,0.19,0.25,0,0,1,2
0.519,0.193,0.25,0,0,1,2
0.519,0.196,0.25,0,0,1,2
0.519,0.199,0.25,0,0,1,2
0.519,0.202,0.25,0,0,1,2
0.519,0.205,0.25,0,0,1,2
0.519,0.208,0.25,0,0,1,2
0.519,0.211,0.25,0,0,1,2
0.519,0.214,0.25,0,0,1,2
0.519,0.217,0.25,0,0,1,2
0.519,0.22,0.25,0,0,1,2
0.519,0.223,0.25,0,0,1,2
0.519,0.226,0.25,0,0,1,2
0.519,0.229,0.25,0,0,1,2
0.519,0.232,0.25,0,0,1,2
0.519,0.235,0.25,0,0,1,2
0.519,0.238,0.25,0,0,1,2
0.519,0.241,0.25,0,0,1,2
0.519,0.244,0.25,0,0,1,2
0.519,0.247,0.25,0,0,1,2
0.519,0.25,0.25,0,0,1,2
0.519,0.253,0.25,0,0,1,2
0.519,0.256,0.25,0,0,1,2
0.519,0.259,0.25,0,0,1,2
0.522,0.1,0.25,0,0,1,2
0.522,0.103,0.25,0,0,1,2
0.522,0.106,0.25,0,0,1,2
0.522,0.109,0.25,0,0,1,2
0.522,0.112,0.25,0,0,1,2
0.522,0.115,0.25,0,0,1,2
0.522,0.118,0.25,0,0,1,2
0.522,0.121,0.25,0,0,1,2
0.522,0.124,0.25,0,0,1,2
0.522,0.127,0.25,0,0,1,2
0.522,0.13,0.25,0,0,1,2
0.522,0.133,0.25,0,0,1,2
0.522,0.136,0.25,0,0,1,2
0.522,0.139,0.25,0,0,1,2
0.522,0.142,0.25,0,0,1,2
0.522,0.145,0.25,0,0,1,2
0.522,0.148,0.25,0,0,1,2
0.522,0.151,0.25,0,0,1,2
0.522,0.154,0.25,0,0,1,2
0.522,0.157,0.25,0,0,1,2
0.522,0.16,0.25,0,0,1,2
0.522,0.163,0.25,0,0,1,2
0.522,0.166,0.25,0,0,1,2
0.522,0.169,0.25,0,0,1,2
0.522,0.172,0.25,0,0,1,2
0.522,0.175,0.25,0,0,1,2
0.522,0.178,0.25,0,0,1,2
0.522,0.181,0.25,0,0,1,2
0.522,0.184,0.25,0,0,1,2
0.522,0.187,0.25,0,0,1,2
0.522,0.19,0.25,0,0,1,2
0.522,0.193,0.25,0,0,1,2
0.522,0.196,0.25,0,0,1,2
0.522,0.199,0.25,0,0,1,2
0.522,0.202,0.25,0,0,1,2
0.522,0.205,0.25,0,0,1,2
0.522,0.208,0.25,0,0,1,2
0.522,0.211,0.25,0,0,1,2
0.522,0.214,0.25,0,0,1,2
0.522,0.217,0.25,0,0,1,2
0.522,0.22,0.25,0,0,1,2
0.522,0.223,0.25,0,0,1,2
0.522,0.226,0.25,0,0,1,2
0.522,0.229,0.25,0,0,1,2
0.522,0.232,0.25,0,0,1,2
0.522,0.235,0.25,0,0,1,2
0.522,0.238,0.25,0,0,1,2
0.522,0.241,0.25,0,0,1,2
0.522,0.244,0.25,0,0,1,2
0.522,0.247,0.25,0,0,1,2
0.522,0.25,0.25,0,0,1,2
0.522,0.253,0.25,0,0,1,2
0.522,0.256,0.25,0,0,1,2
0.522,0.259,0.25,0,0,1,2
0.525,0.1,0.25,0,0,1,2
0.525,0.103,0.25,0,0,1,2
0.525,0.106,0.25,0,0,1,2
0.525,0.109,0.25,0,0,1,2
0.525,0.112,0.25,0,0,1,2
0.525,0.115,0.25,0,0,1,2
0.525,0.118,0.25,0,0,1,2
0.525,0.121,0.25,0,0,1,2
0.525,0.124,0.25,0,0,1,2
0.525,0.127,0.25,0,0,1,2
0.525,0.13,0.25,0,0,1,2
0.525,0.133,0.25,0,0,1,2
0.525,0.136,0.25,0,0,1,2
0.525,0.139,0.25,0,0,1,2
0.525,0.142,0.25,0,0,1,2
0.525,0.145,0.25,0,0,1,2
0.525,0.148,0.25,0,0,1,2
0.525,0.151,0.25,0,0,1,2
0.525,0.154,0.25,0,0,1,2
0.525,0.157,0.25,0,0,1,2
0.525,0.16,0.25,0,0,1,2
0.525,0.163,0.25,0,0,1,2
0.525,0.166,0.25,0,0,1,2
0.525,0.169,0.25,0,0,1,2
0.525,0.172,0.25,0,0,1,2
0.525,0.175,0.25,0,0,1,2
0.525,0.178,0.25,0,0,1,2
0.525,0.181,0.25,0,0,1,2
0.525,0.184,0.25,0,0,1,2
0.525,0.187,0.25,0,0,1,2
0.525,0.19,0.25,0,0,1,2
0.525,0.193,0.25,0,0,1,2
0.525,0.196,0.25,0,0,1,2
0.525,0.199,0.25,0,0,1,2
0.525,0.202,0.25,0,0,1,2
0.525,0.205,0.25,0,0,1,2
0.525,0.208,0.25,0,0,1,2
0.525,0.211,0.25,0,0,1,2
0.525,0.214,0.25,0,0,1,2
0.525,0.217,0.25,0,0,1,2
0.525,0.22,0.25,0,0,1,2
0.525,0.223,0.25,0,0,1,2
0.525,0.226,0.25,0,0,1,2
0.525,0.229,0.25,0,0,1,2
0.525,0.232,0.25,0,0,1,2
0.525,0.235,0.25,0,0,1,2
0.525,0.238,0.25,0,0,1,2
0.525,0.241,0.25,0,0,1,2
0.525,0.244,0.25,0,0,1,2
0.525,0.247,0.25,0,0,1,2
0.525,0.25,0.25,0,0,1,2
0.525,0.253,0.25,0,0,1,2
0.525,0.256,0.25,0,0,1,2
0.525,0.259,0.25,0,0,1,2
0.528,0.1,0.25,0,0,1,2
0.528,0.103,0.25,0,0,1,2
0.528,0.106,0.25,0,0,1,2
0.528,0.109,0.25,0,0,1,2
0.528,0.112,0.25,0,0,1,2
0.528,0.115,0.25,0,0,1,2
0.528,0.118,0.25,0,0,1,2
0.528,0.121,0.25,0,0,1,2
0.528,0.124,0.25,0,0,1,2
0.528,0.127,0.25,0,0,1,2
0.528,0.13,0.25,0,0,1,2
0.528,0.133,0.25,0,0,1,2
0.528,0.136,0.25,0,0,1,2
0.528,0.139,0.25,0,0,1,2
0.528,0.142,0.25,0,0,1,2
0.528,0.145,0.25,0,0,1,2
0.528,0.148,0.25,0,0,1,2
0.528,0.151,0.25,0,0,1,2
0.528,0.154,0.25,0,0,1,2
0.528,0.157,0.25,0,0,1,2
0.528,0.16,0.25,0,0,1,2
0.528,0.163,0.25,0,0,1,2
0.528,0.166,0.25,0,0,1,2
0.528,0.169,0.25,0,0,1,2
0.528,0.172,0.25,0,0,1,2
0.528,0.175,0.25,0,0,1,2
0.528,0.178,0.25,0,0,1,2
0.528,0.181,0.25,0,0,1,2
0.528,0.184,0.25,0,0,1,2
0.528,0.187,0.25,0,0,1,2
0.528,0.19,0.25,0,0,1,2
0.528,0.193,0.25,0,0,1,2
0.528,0.196,0.25,0,0,1,2
0.528,0.199,0.25,0,0,1,2
0.528,0.202,0.25,0,0,1,2
0.528,0.205,0.25,0,0,1,2
0.528,0.208,0.25,0,0,1,2
0.528,0.211,0.25,0,0,1,2
0.528,0.214,0.25,0,0,1,2
0.528,0.217,0.25,0,0,1,2
0.528,0.22,0.25,0,0,1,2
0.528,0.223,0.25,0,0,1,2
0.528,0.226,0.25,0,0,1,2
0.528,0.229,0.25,0,0,1,2
0.528,0.232,0.25,0,0,1,2
0.528,0.235,0.25,0,0,1,2
0.528,0.238,0.25,0,0,1,2
0.528,0.241,0.25,0,0,1,2
0.528,0.244,0.25,0,0,1,2
0.528,0.247,0.25,0,0,1,2
0.528,0.25,0.25,0,0,1,2
0.528,0.253,0.25,0,0,1,2
0.528,0.256,0.25,0,0,1,2
0.528,0.259,0.25,0,0,1,2
0.531,0.1,0.25,0,0,1,2
0.531,0.103,0.25,0,0,1,2
0.531,0.106,0.25,0,0,1,2
0.531,0.109,0.25,0,0,1,2
0.531,0.112,0.25,0,0,1,2
0.531,0.115,0.25,0,0,1,2
0.531,0.118,0.25,0,0,1,2
0.531,0.121,0.25,0,0,1,2
0.531,0.124,0.25,0,0,1,2
0.531,0.127,0.25,0,0,1,2
0.531,0.13,0.25,0,0,1,2
0.531,0.133,0.25,0,0,1,2
0.531,0.136,0.25,0,0,1,2
0.531,0.139,0.25,0,0,1,2
0.531,0.142,0.25,0,0,1,2
0.531,0.145,0.25,0,0,1,2
0.531,0.148,0.25,0,0,1,2
0.531,0.151,0.25,0,0,1,2
0.531,0.154,0.25,0,0,1,2
0.531,0.157,0.25,0,0,1,2
0.531,0.16,0.25,0,0,1,2
0.531,0.163,0.25,0,0,1,2
0.531,0.166,0.25,0,0,1,2
0.531,0.169,0.25,0,0,1,2
0.531,0.172,0.25,0,0,1,2
0.531,0.175,0.25,0,0,1,2
0.531,0.178,0.25,0,0,1,2
0.531,0.181,0.25,0,0,1,2
0.531,0.184,0.25,0,0,1,2
0.531,0.187,0.25,0,0,1,2
0.531,0.19,0.25,0,0,1,2
0.531,0.193,0.25,0,0,1,2
0.531,0.196,0.25,0,0,1,2
0.531,0.199,0.25,0,0,1,2
0.531,0.202,0.25,0,0,1,2
0.531,0.205,0.25,0,0,1,2
0.531,0.208,0.25,0,0,1,2
0.531,0.211,0.25,0,0,1,2
0.531,0.214,0.25,0,0,1,2
0.531,0.217,0.25,0,0,1,2
0.531,0.22,0.25,0,0,1,2
0.531,0.223,0.25,0,0,1,2
0.531,0.226,0.25,0,0,1,2
0.531,0.229,0.25,0,0,1,2
0.531,0.232,0.25,0,0,1,2
0.531,0.235,0.25,0,0,1,2
0.531,0.238,0.25,0,0,1,2
0.531,0.241,0.25,0,0,1,2
0.531,0.244,0.25,0,0,1,2
0.531,0.247,0.25,0,0,1,2
0.531,0.25,0.25,0,0,1,2
0.531,0.253,0.25,0,0,1,2
0.531,0.256,0.25,0,0,1,2
0.531,0.259,0.25,0,0,1,2
0.534,0.1,0.25,0,0,1,2
0.534,0.103,0.25,0,0,1,2
0.534,0.106,0.25,0,0,1,2
0.534,0.109,0.25,0,0,1,2
0.534,0.112,0.25,0,0,1,2
0.534,0.115,0.25,0,0,1,2
0.534,0.118,0.25,0,0,1,2
0.534,0.121,0.25,0,0,1,2
0.534,0.124,0.25,0,0,1,2
0.534,0.127,0.25,0,0,1,2
0.534,0.13,0.25,0,0,1,2
0.534,0.133,0.25,0,0,1,2
0.534,0.136,0.25,0,0,1,2
0.534,0.139,0.25,0,0,1,2
0.534,0.142,0.25,0,0,1,2
0.534,0.145,0.25,0,0,1,2
0.534,0.148,0.25,0,0,1,2
0.534,0.151,0.25,0,0,1,2
0.534,0.154,0.25,0,0,1,2
0.534,0.157,0.25,0,0,1,2
0.534,0.16,0.25,0,0,1,2
0.534,0.163,0.25,0,0,1,2
0.534,0.166,0.25,0,0,1,2
0.534,0.169,0.25,0,0,1,2
0.534,0.172,0.25,0,0,1,2
0.534,0.175,0.25,0,0,1,2
0.534,0.178,0.25,0,0,1,2
0.534,0.181,0.25,0,0,1,2
0.534,0.184,0.25,0,0,1,2
0.534,0.187,0.25,0,0,1,2
0.534,0.19,0.25,0,0,1,2
0.534,0.193,0.25,0,0,1,2
0.534,0.196,0.25,0,0,1,2
0.534,0.199,0.25,0,0,1,2
0.534,0.202,0.25,0,0,1,2
0.534,0.205,0.25,0,0,1,2
0.534,0.208,0.25,0,0,1,2
0.534,0.211,0.25,0,0,1,2
0.534,0.214,0.25,0,0,1,2
0.534,0.217,0.25,0,0,1,2
0.534,0.22,0.25,0,0,1,2
0.534,0.223,0.25,0,0,1,2
0.534,0.226,0.25,0,0,1,2
0.534,0.229,0.25,0,0,1,2
0.534,0.232,0.25,0,0,1,2
0.534,0.235,0.25,0,0,1,2
0.534,0.238,0.25,0,0,1,2
0.534,0.241,0.25,0,0,1,2
0.534,0.244,0.25,0,0,1,2
0.534,0.247,0.25,0,0,1,2
0.534,0.25,0.25,0,0,1,2
0.534,0.253,0.25,0,0,1,2
0.534,0.256,0.25,0,0,1,2
0.534,0.259,0.25,0,0,1,2
0.537,0.1,0.25,0,0,1,2
0.537,0.103,0.25,0,0,1,2
0.537,0.106,0.25,0,0,1,2
0.537,0.109,0.25,0,0,1,2
0.537,0.112,0.25,0,0,1,2
0.537,0.115,0.25,0,0,1,2
0.537,0.118,0.25,0,0,1,2
0.537,0.121,0.25,0,0,1,2
0.537,0.124,0.25,0,0,1,2
0.537,0.127,0.25,0,0,1,2
0.537,0.13,0.25,0,0,1,2
0.537,0.133,0.25,0,0,1,2
0.537,0.136,0.25,0,0,1,2
0.537,0.139,0.25,0,0,1,2
0.537,0.142,0.25,0,0,1,2
0.537,0.145,0.25,0,0,1,2
0.537,0.148,0.25,0,0,1,2
0.537,0.151,0.25,0,0,1,2
0.537,0.154,0.25,0,0,1,2
0.537,0.157,0.25,0,0,1,2
0.537,0.16,0.25,0,0,1,2
0.537,0.163,0.25,0,0,1,2
0.537,0.166,0.25,0,0,1,2
0.537,0.169,0.25,0,0,1,2
0.537,0.172,0.25,0,0,1,2
0.537,0.175,0.25,0,0,1,2
0.537,0.178,0.25,0,0,1,2
0.537,0.181,0.25,0,0,1,2
0.537,0.184,0.25,0,0,1,2
0.537,0.187,0.25,0,0,1,2
0.537,0.19,0.25,0,0,1,2
0.537,0.193,0.25,0,0,1,2
0.537,0.196,0.25,0,0,1,2
0.537,0.199,0.25,0,0,1,2
0.537,0.202,0.25,0,0,1,2
0.537,0.205,0.25,0,0,1,2
0.537,0.208,0.25,0,0,1,2
0.537,0.211,0.25,0,0,1,2
0.537,0.214,0.25,0,0,1,2
0.537,0.217,0.25,0,0,1,2
0.537,0.22,0.25,0,0,1,2
0.537,0.223,0.25,0,0,1,2
0.537,0.226,0.25,0,0,1,2
0.537,0.229,0.25,0,0,1,2
0.537,0.232,0.25,0,0,1,2
0.537,0.235,0.25,0,0,1,2
0.537,0.238,0.25,0,0,1,2
0.537,0.241,0.25,0,0,1,2
0.537,0.244,0.25,0,0,1,2
0.537,0.247,0.25,0,0,1,2
0.537,0.25,0.25,0,0,1,2
0.537,0.253,0.25,0,0,1,2
0.537,0.256,0.25,0,0,1,2
0.537,0.259,0.25,0,0,1,2
0.54,0.1,0.25,0,0,1,2
0.54,0.103,0.25,0,0,1,2
0.54,0.106,0.25,0,0,1,2
0.54,0.109,0.25,0,0,1,2
0.54,0.112,0.25,0,0,1,2
0.54,0.115,0.25,0,0,1,2
0.54,0.118,0.25,0,0,1,2
0.54,0.121,0.25,0,0,1,2
0.54,0.124,0.25,0,0,1,2
0.54,0.127,0.25,0,0,1,2
0.54,0.13,0.25,0,0,1,2
0.54,0.133,0.25,0,0,1,2
0.54,0.136,0.25,0,0,1,2
0.54,0.139,0.25,0,0,1,2
0.54,0.142,0.25,0,0,1,2
0.54,0.145,0.25,0,0,1,2
0.54,0.148,0.25,0,0,1,2
0.54,0.151,0.25,0,0,1,2
0.54,0.154,0.25,0,0,1,2
0.54,0.157,0.25,0,0,1,2
0.54,0.16,0.25,0,0,1,2
0.54,0.163,0.25,0,0,1,2
0.54,0.166,0.25,0,0,1,2
0.54,0.169,0.25,0,0,1,2
0.54,0.172,0.25,0,0,1,2
0.54,0.175,0.25,0,0,1,2
0.54,0.178,0.25,0,0,1,2
0.54,0.181,0.25,0,0,1,2
0.54,0.184,0.25,0,0,1,2
0.54,0.187,0.25,0,0,1,2
0.54,0.19,0.25,0,0,1,2
0.54,0.193,0.25,0,0,1,2
0.54,0.196,0.25,0,0,1,2
0.54,0.199,0.25,0,0,1,2
0.54,0.202,0.25,0,0,1,2
0.54,0.205,0.25,0,0,1,2
0.54,0.208,0.25,0,0,1,2
0.54,0.211,0.25,0,0,1,2
0.54,0.214,0.25,0,0,1,2
0.54,0.217,0.25,0,0,1,2
0.54,0.22,0.25,0,0,1,2
0.54,0.223,0.25,0,0,1,2
0.54,0.226,0.25,0,0,1,2
0.54,0.229,0.25,0,0,1,2
0.54,0.232,0.25,0,0,1,2
0.54,0.235,0.25,0,0,1,2
0.54,0.238,0.25,0,0,1,2
0.54,0.241,0.25,0,0,1,2
0.54,0.244,0.25,0,0,1,2
0.54,0.247,0.25,0,0,1,2
0.54,0.25,0.25,0,0,1,2
0.54,0.253,0.25,0,0,1,2
0.54,0.256,0.25,0,0,1,2
0.54,0.259,0.25,0,0,1,2
0.543,0.1,0.25,0,0,1,2
0.543,0.103,0.25,0,0,1,2
0.543,0.106,0.25,0,0,1,2
0.543,0.109,0.25,0,0,1,2
0.543,0.112,0.25,0,0,1,2
0.543,0.115,0.25,0,0,1,2
0.543,0.118,0.25,0,0,1,2
0.543,0.121,0.25,0,0,1,2
0.543,0.124,0.25,0,0,1,2
0.543,0.127,0.25,0,0,1,2
0.543,0.13,0.25,0,0,1,2
0.543,0.133,0.25,0,0,1,2
0.543,0.136,0.25,0,0,1,2
0.543,0.139,0.25,0,0,1,2
0.543,0.142,0.25,0,0,1,2
0.543,0.145,0.25,0,0,1,2
0.543,0.148,0.25,0,0,1,2
0.543,0.151,0.25,0,0,1,2
0.543,0.154,0.25,0,0,1,2
0.543,0.157,0.25,0,0,1,2
0.543,0.16,0.25,0,0,1,2
0.543,0.163,0.25,0,0,1,2
0.543,0.166,0.25,0,0,1,2
0.543,0.169,0.25,0,0,1,2
0.543,0.172,0.25,0,0,1,2
0.543,0.175,0.25,0,0,1,2
0.543,0.178,0.25,0,0,1,2
0.543,0.181,0.25,0,0,1,2
0.543,0.184,0.25,0,0,1,2
0.543,0.187,0.25,0,0,1,2
0.543,0.19,0.25,0,0,1,2
0.543,0.193,0.25,0,0,1,2
0.543,0.196,0.25,0,0,1,2
0.543,0.199,0.25,0,0,1,2
0.543,0.202,0.25,0,0,1,2
0.543,0.205,0.25,0,0,1,2
0.543,0.208,0.25,0,0,1,2
0.543,0.211,0.25,0,0,1,2
0.543,0.214,0.25,0,0,1,2
0.543,0.217,0.25,0,0,1,2
0.543,0.22,0.25,0,0,1,2
0.543,0.223,0.25,0,0,1,2
0.543,0.226,0.25,0,0,1,2
0.543,0.229,0.25,0,0,1,2
0.543,0.232,0.25,0,0,1,2
0.543,0.235,0.25,0,0,1,2
0.543,0.238,0.25,0,0,1,2
0.543,0.241,0.25,0,0,1,2
0.543,0.244,0.25,0,0,1,2
0.543,0.247,0.25,0,0,1,2
0.543,0.25,0.25,0,0,1,2
0.543,0.253,0.25,0,0,1,2
0.543,0.256,0.25,0,0,1,2
0.543,0.259,0.25,0,0,1,2
0.546,0.1,0.25,0,0,1,2
0.546,0.103,0.25,0,0,1,2
0.546,0.106,0.25,0,0,1,2
0.546,0.109,0.25,0,0,1,2
0.546,0.112,0.25,0,0,1,2
0.546,0.115,0.25,0,0,1,2
0.546,0.118,0.25,0,0,1,2
0.546,0.121,0.25,0,0,1,2
0.546,0.124,0.25,0,0,1,2
0.546,0.127,0.25,0,0,1,2
0.546,0.13,0.25,0,0,1,2
0.546,0.133,0.25,0,0,1,2
0.546,0.136,0.25,0,0,1,2
0.546,0.139,0.25,0,0,1,2
0.546,0.142,0.25,0,0,1,2
0.546,0.145,0.25,0,0,1,2
0.546,0.148,0.25,0,0,1,2
0.546,0.151,0.25,0,0,1,2
0.546,0.154,0.25,0,0,1,2
0.546,0.157,0.25,0,0,1,2
0.546,0.16,0.25,0,0,1,2
0.546,0.163,0.25,0,0,1,2
0.546,0.166,0.25,0,0,1,2
0.546,0.169,0.25,0,0,1,2
0.546,0.172,0.25,0,0,1,2
0.546,0.175,0.25,0,0,1,2
0.546,0.178,0.25,0,0,1,2
0.546,0.181,0.25,0,0,1,2
0.546,0.184,0.25,0,0,1,2
0.546,0.187,0.25,0,0,1,2
0.546,0.19,0.25,0,0,1,2
0.546,0.193,0.25,0,0,1,2
0.546,0.196,0.25,0,0,1,2
0.546,0.199,0.25,0,0,1,2
0.546,0.202,0.25,0,0,1,2
0.546,0.205,0.25,0,0,1,2
0.546,0.208,0.25,0,0,1,2
0.546,0.211,0.25,0,0,1,2
0.546,0.214,0.25,0,0,1,2
0.546,0.217,0.25,0,0,1,2
0.546,0.22,0.25,0,0,1,2
0.546,0.223,0.25,0,0,1,2
0.546,0.226,0.25,0,0,1,2
0.546,0.229,0.25,0,0,1,2
0.546,0.232,0.25,0,0,1,2
0.546,0.235,0.25,0,0,1,2
0.546,0.238,0.25,0,0,1,2
0.546,0.241,0.25,0,0,1,2
0.546,0.244,0.25,0,0,1,2
0.546,0.247,0.25,0,0,1,2
0.546,0.25,0.25,0,0,1,2
0.546,0.253,0.25,0,0,1,2
0.546,0.256,0.25,0,0,1,2
0.546,0.259,0.25,0,0,1,2
0.549,0.1,0.25,0,0,1,2
0.549,0.103,0.25,0,0,1,2
0.549,0.106,0.25,0,0,1,2
0.549,0.109,0.25,0,0,1,2
0.549,0.112,0.25,0,0,1,2
0.549,0.115,0.25,0,0,1,2
0.549,0.118,0.25,0,0,1,2
0.549,0.121,0.25,0,0,1,2
0.549,0.124,0.25,0,0,1,2
0.549,0.127,0.25,0,0,1,2
0.549,0.13,0.25,0,0,1,2
0.549,0.133,0.25,0,0,1,2
0.549,0.136,0.25,0,0,1,2
0.549,0.139,0.25,0,0,1,2
0.549,0.142,0.25,0,0,1,2
0.549,0.145,0.25,0,0,1,2
0.549,0.148,0.25,0,0,1,2
0.549,0.151,0.25,0,0,1,2
0.549,0.154,0.25,0,0,1,2
0.549,0.157,0.25,0,0,1,2
0.549,0.16,0.25,0,0,1,2
0.549,0.163,0.25,0,0,1,2
0.549,0.166,0.25,0,0,1,2
0.549,0.169,0.25,0,0,1,2
0.549,0.172,0.25,0,0,1,2
0.549,0.175,0.25,0,0,1,2
0.549,0.178,0.25,0,0,1,2
0.549,0.181,0.25,0,0,1,2
0.549,0.184,0.25,0,0,1,2
0.549,0.187,0.25,0,0,1,2
0.549,0.19,0.25,0,0,1,2
0.549,0.193,0.25,0,0,1,2
0.549,0.196,0.25,0,0,1,2
0.549,0.199,0.25,0,0,1,2
0.549,0.202,0.25,0,0,1,2
0.549,0.205,0.25,0,0,1,2
0.549,0.208,0.25,0,0,1,2
0.549,0.211,0.25,0,0,1,2
0.549,0.214,0.25,0,0,1,2
0.549,0.217,0.25,0,0,1,2
0.549,0.22,0.25,0,0,1,2
0.549,0.223,0.25,0,0,1,2
0.549,0.226,0.25,0,0,1,2
0.549,0.229,0.25,0,0,1,2
0.549,0.232,0.25,0,0,1,2
0.549,0.235,0.25,0,0,1,2
0.549,0.238,0.25,0,0,1,2
0.549,0.241,0.25,0,0,1,2
0.549,0.244,0.25,0,0,1,2
0.549,0.247,0.25,0,0,1,2
0.549,0.25,0.25,0,0,1,2
0.549,0.253,0.25,0,0,1,2
0.549,0.256,0.25,0,0,1,2
0.549,0.259,0.25,0,0,1,2
0.552,0.1,0.25,0,0,1,2
0.552,0.103,0.25,0,0,1,2
0.552,0.106,0.25,0,0,1,2
0.552,0.109,0.25,0,0,1,2
0.552,0.112,0.25,0,0,1,2
0.552,0.115,0.25,0,0,1,2
0.552,0.118,0.25,0,0,1,2
0.552,0.121,0.25,0,0,1,2
0.552,0.124,0.25,0,0,1,2
0.552,0.127,0.25,0,0,1,2
0.552,0.13,0.25,0,0,1,2
0.552,0.133,0.25,0,0,1,2
0.552,0.136,0.25,0,0,1,2
0.552,0.139,0.25,0,0,1,2
0.552,0.142,0.25,0,0,1,2
0.552,0.145,0.25,0,0,1,2
0.552,0.148,0.25,0,0,1,2
0.552,0.151,0.25,0,0,1,2
0.552,0.154,0.25,0,0,1,2
0.552,0.157,0.25,0,0,1,2
0.552,0.16,0.25,0,0,1,2
0.552,0.163,0.25,0,0,1,2
0.552,0.166,0.25,0,0,1,2
0.552,0.169,0.25,0,0,1,2
0.552,0.172,0.25,0,0,1,2
0.552,0.175,0.25,0,0,1,2
0.552,0.178,0.25,0,0,1,2
0.552,0.181,0.25,0,0,1,2
0.552,0.184,0.25,0,0,1,2
0.552,0.187,0.25,0,0,1,2
0.552,0.19,0.25,0,0,1,2
0.552,0.193,0.25,0,0,1,2
0.552,0.196,0.25,0,0,1,2
0.552,0.199,0.25,0,0,1,2
0.552,0.202,0.25,0,0,1,2
0.552,0.205,0.25,0,0,1,2
0.552,0.208,0.25,0,0,1,2
0.552,0.211,0.25,0,0,1,2
0.552,0.214,0.25,0,0,1,2
0.552,0.217,0.25,0,0,1,2
0.552,0.22,0.25,0,0,1,2
0.552,0.223,0.25,0,0,1,2
0.552,0.226,0.25,0,0,1,2
0.552,0.229,0.25,0,0,1,2
0.552,0.232,0.25,0,0,1,2
0.552,0.235,0.25,0,0,1,2
0.552,0.238,0.25,0,0,1,2
0.552,0.241,0.25,0,0,1,2
0.552,0.244,0.25,0,0,1,2
0.552,0.247,0.25,0,0,1,2
0.552,0.25,0.25,0,0,1,2
0.552,0.253,0.25,0,0,1,2
0.552,0.256,0.25,0,0,1,2
0.552,0.259,0.25,0,0,1,2
0.555,0.1,0.25,0,0,1,2
0.555,0.103,0.25,0,0,1,2
0.555,0.106,0.25,0,0,1,2
0.555,0.109,0.25,0,0,1,2
0.555,0.112,0.25,0,0,1,2
0.555,0.115,0.25,0,0,1,2
0.555,0.118,0.25,0,0,1,2
0.555,0.121,0.25,0,0,1,2
0.555,0.124,0.25,0,0,1,2
0.555,0.127,0.25,0,0,1,2
0.555,0.13,0.25,0,0,1,2
0.555,0.133,0.25,0,0,1,2
0.555,0.136,0.25,0,0,1,2
0.555,0.139,0.25,0,0,1,2
0.555,0.142,0.25,0,0,1,2
0.555,0.145,0.25,0,0,1,2
0.555,0.148,0.25,0,0,1,2
0.555,0.151,0.25,0,0,1,2
0.555,0.154,0.25,0,0,1,2
0.555,0.157,0.25,0,0,1,2
0.555,0.16,0.25,0,0,1,2
0.555,0.163,0.25,0,0,1,2
0.555,0.166,0.25,0,0,1,2
0.555,0.169,0.25,0,0,1,2
0.555,0.172,0.25,0,0,1,2
0.555,0.175,0.25,0,0,1,2
0.555,0.178,0.25,0,0,1,2
0.555,0.181,0.25,0,0,1,2
0.555,0.184,0.25,0,0,1,2
0.555,0.187,0.25,0,0,1,2
0.555,0.19,0.25,0,0,1,2
0.555,0.193,0.25,0,0,1,2
0.555,0.196,0.25,0,0,1,2
0.555,0.199,0.25,0,0,1,2
0.555,0.202,0.25,0,0,1,2
0.555,0.205,0.25,0,0,1,2
0.555,0.208,0.25,0,0,1,2
0.555,0.211,0.25,0,0,1,2
0.555,0.214,0.25,0,0,1,2
0.555,0.217,0.25,0,0,1,2
0.555,0.22,0.25,0,0,1,2
0.555,0.223,0.25,0,0,1,2
0.555,0.226,0.25,0,0,1,2
0.555,0.229,0.25,0,0,1,2
0.555,0.232,0.25,0,0,1,2
0.555,0.235,0.25,0,0,1,2
0.555,0.238,0.25,0,0,1,2
0.555,0.241,0.25,0,0,1,2
0.555,0.244,0.25,0,0,1,2
0.555,0.247,0.25,0,0,1,2
0.555,0.25,0.25,0,0,1,2
0.555,0.253,0.25,0,0,1,2
0.555,0.256,0.25,0,0,1,2
0.555,0.259,0.25,0,0,1,2
0.558,0.1,0.25,0,0,1,2
0.558,0.103,0.25,0,0,1,2
0.558,0.106,0.25,0,0,1,2
0.558,0.109,0.25,0,0,1,2
0.558,0.112,0.25,0,0,1,2
0.558,0.115,0.25,0,0,1,2
0.558,0.118,0.25,0,0,1,2
0.558,0.121,0.25,0,0,1,2
0.558,0.124,0.25,0,0,1,2
0.558,0.127,0.25,0,0,1,2
0.558,0.13,0.25,0,0,1,2
0.558,0.133,0.25,0,0,1,2
0.558,0.136,0.25,0,0,1,2
0.558,0.139,0.25,0,0,1,2
0.558,0.142,0.25,0,0,1,2
0.558,0.145,0.25,0,0,1,2
0.558,0.148,0.25,0,0,1,2
0.558,0.151,0.25,0,0,1,2
0.558,0.154,0.25,0,0,1,2
0.558,0.157,0.25,0,0,1,2
0.558,0.16,0.25,0,0,1,2
0.558,0.163,0.25,0,0,1,2
0.558,0.166,0.25,0,0,1,2
0.558,0.169,0.25,0,0,1,2
0.558,0.172,0.25,0,0,1,2
0.558,0.175,0.25,0,0,1,2
0.558,0.178,0.25,0,0,1,2
0.558,0.181,0.25,0,0,1,2
0.558,0.184,0.25,0,0,1,2
0.558,0.187,0.25,0,0,1,2
0.558,0.19,0.25,0,0,1,2
0.558,0.193,0.25,0,0,1,2
0.558,0.196,0.25,0,0,1,2
0.558,0.199,0.25,0,0,1,2
0.558,0.202,0.25,0,0,1,2
0.558,0.205,0.25,0,0,1,2
0.558,0.208,0.25,0,0,1,2
0.558,0.211,0.25,0,0,1,2
0.558,0.214,0.25,0,0,1,2
0.558,0.217,0.25,0,0,1,2
0.558,0.22,0.25,0,0,1,2
0.558,0.223,0.25,0,0,1,2
0.558,0.226,0.25,0,0,1,2
0.558,0.229,0.25,0,0,1,2
0.558,0.232,0.25,0,0,1,2
0.558,0.235,0.25,0,0,1,2
0.558,0.238,0.25,0,0,1,2
0.558,0.241,0.25,0,0,1,2
0.558,0.244,0.25,0,0,1,2
0.558,0.247,0.25,0,0,1,2
0.558,0.25,0.25,0,0,1,2
0.558,0.253,0.25,0,0,1,2
0.558,0.256,0.25,0,0,1,2
0.558,0.259,0.25,0,0,1,2
0.561,0.1,0.25,0,0,1,2
0.561,0.103,0.25,0,0,1,2
0.561,0.106,0.25,0,0,1,2
0.561,0.109,0.25,0,0,1,2
0.561,0.112,0.25,0,0,1,2
0.561,0.115,0.25,0,0,1,2
0.561,0.118,0.25,0,0,1,2
0.561,0.121,0.25,0,0,1,2
0.561,0.124,0.25,0,0,1,2
0.561,0.127,0.25,0,0,1,2
0.561,0.13,0.25,0,0,1,2
0.561,0.133,0.25,0,0,1,2
0.561,0.136,0.25,0,0,1,2
0.561,0.139,0.25,0,0,1,2
0.561,0.142,0.25,0,0,1,2
0.561,0.145,0.25,0,0,1,2
0.561,0.148,0.25,0,0,1,2
0.561,0.151,0.25,0,0,1,2
0.561,0.154,0.25,0,0,1,2
0.561,0.157,0.25,0,0,1,2
0.561,0.16,0.25,0,0,1,2
0.561,0.163,0.25,0,0,1,2
0.561,0.166,0.25,0,0,1,2
0.561,0.169,0.25,0,0,1,2
0.561,0.172,0.25,0,0,1,2
0.561,0.175,0.25,0,0,1,2
0.561,0.178,0.25,0,0,1,2
0.561,0.181,0.25,0,0,1,2
0.561,0.184,0.25,0,0,1,2
0.561,0.187,0.25,0,0,1,2
0.561,0.19,0.25,0,0,1,2
0.561,0.193,0.25,0,0,1,2
0.561,0.196,0.25,0,0,1,2
0.561,0.199,0.25,0,0,1,2
0.561,0.202,0.25,0,0,1,2
0.561,0.205,0.25,0,0,1,2
0.561,0.208,0.25,0,0,1,2
0.561,0.211,0.25,0,0,1,2
0.561,0.214,0.25,0,0,1,2
0.561,0.217,0.25,0,0,1,2
0.561,0.22,0.25,0,0,1,2
0.561,0.223,0.25,0,0,1,2
0.561,0.226,0.25,0,0,1,2
0.561,0.229,0.25,0,0,1,2
0.561,0.232,0.25,0,0,1,2
0.561,0.235,0.25,0,0,1,2
0.561,0.238,0.25,0,0,1,2
0.561,0.241,0.25,0,0,1,2
0.561,0.244,0.25,0,0,1,2
0.561,0.247,0.25,0,0,1,2
0.561,0.25,0.25,0,0,1,2
0.561,0.253,0.25,0,0,1,2
0.561,0.256,0.25,0,0,1,2
0.561,0.259,0.25,0,0,1,2
0.564,0.1,0.25,0,0,1,2
0.564,0.103,0.25,0,0,1,2
0.564,0.106,0.25,0,0,1,2
0.564,0.109,0.25,0,0,1,2
0.564,0.112,0.25,0,0,1,2
0.564,0.115,0.25,0,0,1,2
0.564,0.118,0.25,0,0,1,2
0.564,0.121,0.25,0,0,1,2
0.564,0.124,0.25,0,0,1,2
0.564,0.127,0.25,0,0,1,2
0.564,0.13,0.25,0,0,1,2
0.564,0.133,0.25,0,0,1,2
0.564,0.136,0.25,0,0,1,2
0.564,0.139,0.25,0,0,1,2
0.564,0.142,0.25,0,0,1,2
0.564,0.145,0.25,0,0,1,2
0.564,0.148,0.25,0,0,1,2
0.564,0.151,0.25,0,0,1,2
0.564,0.154,0.25,0,0,1,2
0.564,0.157,0.25,0,0,1,2
0.564,0.16,0.25,0,0,1,2
0.564,0.163,0.25,0,0,1,2
0.564,0.166,0.25,0,0,1,2
0.564,0.169,0.25,0,0,1,2
0.564,0.172,0.25,0,0,1,2
0.564,0.175,0.25,0,0,1,2
0.564,0.178,0.25,0,0,1,2
0.564,0.181,0.25,0,0,1,2
0.564,0.184,0.25,0,0,1,2
0.564,0.187,0.25,0,0,1,2
0.564,0.19,0.25,0,0,1,2
0.564,0.193,0.25,0,0,1,2
0.564,0.196,0.25,0,0,1,2
0.564,0.199,0.25,0,0,1,2
0.564,0.202,0.25,0,0,1,2
0.564,0.205,0.25,0,0,1,2
0.564,0.208,0.25,0,0,1,2
0.564,0.211,0.25,0,0,1,2
0.564,0.214,0.25,0,0,1,2
0.564,0.217,0.25,0,0,1,2
0.564,0.22,0.25,0,0,1,2
0.564,0.223,0.25,0,0,1,2
0.564,0.226,0.25,0,0,1,2
0.564,0.229,0.25,0,0,1,2
0.564,0.232,0.25,0,0,1,2
0.564,0.235,0.25,0,0,1,2
0.564,0.238,0.25,0,0,1,2
0.564,0.241,0.25,0,0,1,2
0.564,0.244,0.25,0,0,1,2
0.564,0.247,0.25,0,0,1,2
0.564,0.25,0.25,0,0,1,2
0.564,0.253,0.25,0,0,1,2
0.564,0.256,0.25,0,0,1,2
0.564,0.259,0.25,0,0,1,2
0.567,0.1,0.25,0,0,1,2
0.567,0.103,0.25,0,0,1,2
0.567,0.106,0.25,0,0,1,2
0.567,0.109,0.25,0,0,1,2
0.567,0.112,0.25,0,0,1,2
0.567,0.115,0.25,0,0,1,2
0.567,0.118,0.25,0,0,1,2
0.567,0.121,0.25,0,0,1,2
0.567,0.124,0.25,0,0,1,2
0.567,0.127,0.25,0,0,1,2
0.567,0.13,0.25,0,0,1,2
0.567,0.133,0.25,0,0,1,2
0.567,0.136,0.25,0,0,1,2
0.567,0.139,0.25,0,0,1,2
0.567,0.142,0.25,0,0,1,2
0.567,0.145,0.25,0,0,1,2
0.567,0.148,0.25,0,0,1,2
0.567,0.151,0.25,0,0,1,2
0.567,0.154,0.25,0,0,1,2
0.567,0.157,0.25,0,0,1,2
0.567,0.16,0.25,0,0,1,2
0.567,0.163,0.25,0,0,1,2
0.567,0.166,0.25,0,0,1,2
0.567,0.169,0.25,0,0,1,2
0.567,0.172,0.25,0,0,1,2
0.567,0.175,0.25,0,0,1,2
0.567,0.178,0.25,0,0,1,2
0.567,0.181,0.25,0,0,1,2
0.567,0.184,0.25,0,0,1,2
0.567,0.187,0.25,0,0,1,2
0.567,0.19,0.25,0,0,1,2
0.567,0.193,0.25,0,0,1,2
0.567,0.196,0.25,0,0,1,2
0.567,0.199,0.25,0,0,1,2
0.567,0.202,0.25,0,0,1,2
0.567,0.205,0.25,0,0,1,2
0.567,0.208,0.25,0,0,1,2
0.567,0.211,0.25,0,0,1,2
0.567,0.214,0.25,0,0,1,2
0.567,0.217,0.25,0,0,1,2
0.567,0.22,0.25,0,0,1,2
0.567,0.223,0.25,0,0,1,2
0.567,0.226,0.25,0,0,1,2
0.567,0.229,0.25,0,0,1,2
0.567,0.232,0.25,0,0,1,2
0.567,0.235,0.25,0,0,1,2
0.567,0.238,0.25,0,0,1,2
0.567,0.241,0.25,0,0,1,2
0.567,0.244,0.25,0,0,1,2
0.567,0.247,0.25,0,0,1,2
0.567,0.25,0.25,0,0,1,2
0.567,0.253,0.25,0,0,1,2
0.567,0.256,0.25,0,0,1,2
0.567,0.259,0.25,0,0,1,2
0.57,0.1,0.25,0,0,1,2
0.57,0.103,0.25,0,0,1,2
0.57,0.106,0.25,0,0,1,2
0.57,0.109,0.25,0,0,1,2
0.57,0.112,0.25,0,0,1,2
0.57,0.115,0.25,0,0,1,2
0.57,0.118,0.25,0,0,1,2
0.57,0.121,0.25,0,0,1,2
0.57,0.124,0.25,0,0,1,2
0.57,0.127,0.25,0,0,1,2
0.57,0.13,0.25,0,0,1,2
0.57,0.133,0.25,0,0,1,2
0.57,0.136,0.25,0,0,1,2
0.57,0.139,0.25,0,0,1,2
0.57,0.142,0.25,0,0,1,2
0.57,0.145,0.25,0,0,1,2
0.57,0.148,0.25,0,0,1,2
0.57,0.151,0.25,0,0,1,2
0.57,0.154,0.25,0,0,1,2
0.57,0.157,0.25,0,0,1,2
0.57,0.16,0.25,0,0,1,2
0.57,0.163,0.25,0,0,1,2
0.57,0.166,0.25,0,0,1,2
0.57,0.169,0.25,0,0,1,2
0.57,0.172,0.25,0,0,1,2
0.57,0.175,0.25,0,0,1,2
0.57,0.178,0.25,0,0,1,2
0.57,0.181,0.25,0,0,1,2
0.57,0.184,0.25,0,0,1,2
0.57,0.187,0.25,0,0,1,2
0.57,0.19,0.25,0,0,1,2
0.57,0.193,0.25,0,0,1,2
0.57,0.196,0.25,0,0,1,2
0.57,0.199,0.25,0,0,1,2
0.57,0.202,0.25,0,0,1,2
0.57,0.205,0.25,0,0,1,2
0.57,0.208,0.25,0,0,1,2
0.57,0.211,0.25,0,0,1,2
0.57,0.214,0.25,0,0,1,2
0.57,0.217,0.25,0,0,1,2
0.57,0.22,0.25,0,0,1,2
0.57,0.223,0.25,0,0,1,2
0.57,0.226,0.25,0,0,1,2
0.57,0.229,0.25,0,0,1,2
0.57,0.232,0.25,0,0,1,2
0.57,0.235,0.25,0,0,1,2
0.57,0.238,0.25,0,0,1,2
0.57,0.241,0.25,0,0,1,2
0.57,0.244,0.25,0,0,1,2
0.57,0.247,0.25,0,0,1,2
0.57,0.25,0.25,0,0,1,2
0.57,0.253,0.25,0,0,1,2
0.57,0.256,0.25,0,0,1,2
0.57,0.259,0.25,0,0,1,2
0.39,0.1,0.45,0,0,1,2
0.39,0.103,0.45,0,0,1,2
0.39,0.106,0.45,0,0,1,2
0.39,0.109,0.45,0,0,1,2
0.39,0.112,0.45,0,0,1,2
0.39,0.115,0.45,0,0,1,2
0.39,0.118,0.45,0,0,1,2
0.39,0.121,0.45,0,0,1,2
0.39,0.124,0.45,0,0,1,2
0.39,0.127,0.45,0,0,1,2
0.39,0.13,0.45,0,0,1,2
0.39,0.133,0.45,0,0,1,2
0.39,0.136,0.45,0,0,1,2
0.39,0.139,0.45,0,0,1,2
0.39,0.142,0.45,0,0,1,2
0.39,0.145,0.45,0,0,1,2
0.39,0.148,0.45,0,0,1,2
0.39,0.151,0.45,0,0,1,2
0.39,0.154,0.45,0,0,1,2
0.39,0.157,0.45,0,0,1,2
0.39,0.16,0.45,0,0,1,2
0.39,0.163,0.45,0,0,1,2
0.39,0.166,0.45,0,0,1,2
0.39,0.169,0.45,0,0,1,2
0.39,0.172,0.45,0,0,1,2
0.39,0.175,0.45,0,0,1,2
0.39,0.178,0.45,0,0,1,2
0.39,0.181,0.45,0,0,1,2
0.39,0.184,0.45,0,0,1,2
0.39,0.187,0.45,0,0,1,2
0.39,0.19,0.45,0,0,1,2
0.39,0.193,0.45,0,0,1,2
0.39,0.196,0.45,0,0,1,2
0.39,0.199,0.45,0,0,1,2
0.39,0.202,0.45,0,0,1,2
0.39,0.205,0.45,0,0,1,2
0.39,0.208,0.45,0,0,1,2
0.39,0.211,0.45,0,0,1,2
0.39,0.214,0.45,0,0,1,2
0.39,0.217,0.45,0,0,1,2
0.39,0.22,0.45,0,0,1,2
0.39,0.223,0.45,0,0,1,2
0.39,0.226,0.45,0,0,1,2
0.39,0.229,0.45,0,0,1,2
0.39,0.232,0.45,0,0,1,2
0.39,0.235,0.45,0,0,1,2
0.39,0.238,0.45,0,0,1,2
0.39,0.241,0.45,0,0,1,2
0.39,0.244,0.45,0,0,1,2
0.39,0.247,0.45,0,0,1,2
0.39,0.25,0.45,0,0,1,2
0.39,0.253,0.45,0,0,1,2
0.39,0.256,0.45,0,0,1,2
0.39,0.259,0.45,0,0,1,2
0.393,0.1,0.45,0,0,1,2
0.393,0.103,0.45,0,0,1,2
0.393,0.106,0.45,0,0,1,2
0.393,0.109,0.45,0,0,1,2
0.393,0.112,0.45,0,0,1,2
0.393,0.115,0.45,0,0,1,2
0.393,0.118,0.45,0,0,1,2
0.393,0.121,0.45,0,0,1,2
0.393,0.124,0.45,0,0,1,2
0.393,0.127,0.45,0,0,1,2
0.393,0.13,0.45,0,0,1,2
0.393,0.133,0.45,0,0,1,2
0.393,0.136,0.45,0,0,1,2
0.393,0.139,0.45,0,0,1,2
0.393,0.142,0.45,0,0,1,2
0.393,0.145,0.45,0,0,1,2
0.393,0.148,0.45,0,0,1,2
0.393,0.151,0.45,0,0,1,2
0.393,0.154,0.45,0,0,1,2
0.393,0.157,0.45,0,0,1,2
0.393,0.16,0.45,0,0,1,2
0.393,0.163,0.45,0,0,1,2
0.393,0.166,0.45,0,0,1,2
0.393,0.169,0.45,0,0,1,2
0.393,0.172,0.45,0,0,1,2
0.393,0.175,0.45,0,0,1,2
0.393,0.178,0.45,0,0,1,2
0.393,0.181,0.45,0,0,1,2
0.393,0.184,0.45,0,0,1,2
0.393,0.187,0.45,0,0,1,2
0.393,0.19,0.45,0,0,1,2
0.393,0.193,0.45,0,0,1,2
0.393,0.196,0.45,0,0,1,2
0.393,0.199,0.45,0,0,1,2
0.393,0.202,0.45,0,0,1,2
0.393,0.205,0.45,0,0,1,2
0.393,0.208,0.45,0,0,1,2
0.393,0.211,0.45,0,0,1,2
0.393,0.214,0.45,0,0,1,2
0.393,0.217,0.45,0,0,1,2
0.393,0.22,0.45,0,0,1,2
0.393,0.223,0.45,0,0,1,2
0.393,0.226,0.45,0,0,1,2
0.393,0.229,0.45,0,0,1,2
0.393,0.232,0.45,0,0,1,2
0.393,0.235,0.45,0,0,1,2
0.393,0.238,0.45,0,0,1,2
0.393,0.241,0.45,0,0,1,2
0.393,0.244,0.45,0,0,1,2
0.393,0.247,0.45,0,0,1,2
0.393,0.25,0.45,0,0,1,2
0.393,0.253,0.45,0,0,1,2
0.393,0.256,0.45,0,0,1,2
0.393,0.259,0.45,0,0,1,2
0.396,0.1,0.45,0,0,1,2
0.396,0.103,0.45,0,0,1,2
0.396,0.106,0.45,0,0,1,2
0.396,0.109,0.45,0,0,1,2
0.396,0.112,0.45,0,0,1,2
0.396,0.115,0.45,0,0,1,2
0.396,0.118,0.45,0,0,1,2
0.396,0.121,0.45,0,0,1,2
0.396,0.124,0.45,0,0,1,2
0.396,0.127,0.45,0,0,1,2
0.396,0.13,0.45,0,0,1,2
0.396,0.133,0.45,0,0,1,2
0.396,0.136,0.45,0,0,1,2
0.396,0.139,0.45,0,0,1,2
0.396,0.142,0.45,0,0,1,2
0.396,0.145,0.45,0,0,1,2
0.396,0.148,0.45,0,0,1,2
0.396,0.151,0.45,0,0,1,2
0.396,0.154,0.45,0,0,1,2
0.396,0.157,0.45,0,0,1,2
0.396,0.16,0.45,0,0,1,2
0.396,0.163,0.45,0,0,1,2
0.396,0.166,0.45,0,0,1,2
0.396,0.169,0.45,0,0,1,2
0.396,0.172,0.45,0,0,1,2
0.396,0.175,0.45,0,0,1,2
0.396,0.178,0.45,0,0,1,2
0.396,0.181,0.45,0,0,1,2
0.396,0.184,0.45,0,0,1,2
0.396,0.187,0.45,0,0,1,2
0.396,0.19,0.45,0,0,1,2
0.396,0.193,0.45,0,0,1,2
0.396,0.196,0.45,0,0,1,2
0.396,0.199,0.45,0,0,1,2
0.396,0.202,0.45,0,0,1,2
0.396,0.205,0.45,0,0,1,2
0.396,0.208,0.45,0,0,1,2
0.396,0.211,0.45,0,0,1,2
0.396,0.214,0.45,0,0,1,2
0.396,0.217,0.45,0,0,1,2
0.396,0.22,0.45,0,0,1,2
0.396,0.223,0.45,0,0,1,2
0.396,0.226,0.45,0,0,1,2
0.396,0.229,0.45,0,0,1,2
0.396,0.232,0.45,0,0,1,2
0.396,0.235,0.45,0,0,1,2
0.396,0.238,0.45,0,0,1,2
0.396,0.241,0.45,0,0,1,2
0.396,0.244,0.45,0,0,1,2
0.396,0.247,0.45,0,0,1,2
0.396,0.25,0.45,0,0,1,2
0.396,0.253,0.45,0,0,1,2
0.396,0.256,0.45,0,0,1,2
0.396,0.259,0.45,0,0,1,2
0.399,0.1,0.45,0,0,1,2
0.399,0.103,0.45,0,0,1,2
0.399,0.106,0.45,0,0,1,2
0.399,0.109,0.45,0,0,1,2
0.399,0.112,0.45,0,0,1,2
0.399,0.115,0.45,0,0,1,2
0.399,0.118,0.45,0,0,1,2
0.399,0.121,0.45,0,0,1,2
0.399,0.124,0.45,0,0,1,2
0.399,0.127,0.45,0,0,1,2
0.399,0.13,0.45,0,0,1,2
0.399,0.133,0.45,0,0,1,2
0.399,0.136,0.45,0,0,1,2
0.399,0.139,0.45,0,0,1,2
0.399,0.142,0.45,0,0,1,2
0.399,0.145,0.45,0,0,1,2
0.399,0.148,0.45,0,0,1,2
0.399,0.151,0.45,0,0,1,2
0.399,0.154,0.45,0,0,1,2
0.399,0.157,0.45,0,0,1,2
0.399,0.16,0.45,0,0,1,2
0.399,0.163,0.45,0,0,1,2
0.399,0.166,0.45,0,0,1,2
0.399,0.169,0.45,0,0,1,2
0.399,0.172,0.45,0,0,1,2
0.399,0.175,0.45,0,0,1,2
0.399,0.178,0.45,0,0,1,2
0.399,0.181,0.45,0,0,1,2
0.399,0.184,0.45,0,0,1,2
0.399,0.187,0.45,0,0,1,2
0.399,0.19,0.45,0,0,1,2
0.399,0.193,0.45,0,0,1,2
0.399,0.196,0.45,0,0,1,2
0.399,0.199,0.45,0,0,1,2
0.399,0.202,0.45,0,0,1,2
0.399,0.205,0.45,0,0,1,2
0.399,0.208,0.45,0,0,1,2
0.399,0.211,0.45,0,0,1,2
0.399,0.214,0.45,0,0,1,2
0.399,0.217,0.45,0,0,1,2
0.399,0.22,0.45,0,0,1,2
0.399,0.223,0.45,0,0,1,2
0.399,0.226,0.45,0,0,1,2
0.399,0.229,0.45,0,0,1,2
0.399,0.232,0.45,0,0,1,2
0.399,0.235,0.45,0,0,1,2
0.399,0.238,0.45,0,0,1,2
0.399,0.241,0.45,0,0,1,2
0.399,0.244,0.45,0,0,1,2
0.399,0.247,0.45,0,0,1,2
0.399,0.25,0.45,0,0,1,2
0.399,0.253,0.45,0,0,1,2
0.399,0.256,0.45,0,0,1,2
0.399,0.259,0.45,0,0,1,2
0.402,0.1,0.45,0,0,1,2
0.402,0.103,0.45,0,0,1,2
0.402,0.106,0.45,0,0,1,2
0.402,0.109,0.45,0,0,1,2
0.402,0.112,0.45,0,0,1,2
0.402,0.115,0.45,0,0,1,2
0.402,0.118,0.45,0,0,1,2
0.402,0.121,0.45,0,0,1,2
0.402,0.124,0.45,0,0,1,2
0.402,0.127,0.45,0,0,1,2
0.402,0.13,0.45,0,0,1,2
0.402,0.133,0.45,0,0,1,2
0.402,0.136,0.45,0,0,1,2
0.402,0.139,0.45,0,0,1,2
0.402,0.142,0.45,0,0,1,2
0.402,0.145,0.45,0,0,1,2
0.402,0.148,0.45,0,0,1,2
0.402,0.151,0.45,0,0,1,2
0.402,0.154,0.45,0,0,1,2
0.402,0.157,0.45,0,0,1,2
0.402,0.16,0.45,0,0,1,2
0.402,0.163,0.45,0,0,1,2
0.402,0.166,0.45,0,0,1,2
0.402,0.169,0.45,0,0,1,2
0.402,0.172,0.45,0,0,1,2
0.402,0.175,0.45,0,0,1,2
0.402,0.178,0.45,0,0,1,2
0.402,0.181,0.45,0,0,1,2
0.402,0.184,0.45,0,0,1,2
0.402,0.187,0.45,0,0,1,2
0.402,0.19,0.45,0,0,1,2
0.402,0.193,0.45,0,0,1,2
0.402,0.196,0.45,0,0,1,2
0.402,0.199,0.45,0,0,1,2
0.402,0.202,0.45,0,0,1,2
0.402,0.205,0.45,0,0,1,2
0.402,0.208,0.45,0,0,1,2
0.402,0.211,0.45,0,0,1,2
0.402,0.214,0.45,0,0,1,2
0.402,0.217,0.45,0,0,1,2
0.402,0.22,0.45,0,0,1,2
0.402,0.223,0.45,0,0,1,2
0.402,0.226,0.45,0,0,1,2
0.402,0.229,0.45,0,0,1,2
0.402,0.232,0.45,0,0,1,2
0.402,0.235,0.45,0,0,1,2
0.402,0.238,0.45,0,0,1,2
0.402,0.241,0.45,0,0,1,2
0.402,0.244,0.45,0,0,1,2
0.402,0.247,0.45,0,0,1,2
0.402,0.25,0.45,0,0,1,2
0.402,0.253,0.45,0,0,1,2
0.402,0.256,0.45,0,0,1,2
0.402,0.259,0.45,0,0,1,2
0.405,0.1,0.45,0,0,1,2
0.405,0.103,0.45,0,0,1,2
0.405,0.106,0.45,0,0,1,2
0.405,0.109,0.45,0,0,1,2
0.405,0.112,0.45,0,0,1,2
0.405,0.115,0.45,0,0,1,2
0.405,0.118,0.45,0,0,1,2
0.405,0.121,0.45,0,0,1,2
0.405,0.124,0.45,0,0,1,2
0.405,0.127,0.45,0,0,1,2
0.405,0.13,0.45,0,0,1,2
0.405,0.133,0.45,0,0,1,2
0.405,0.136,0.45,0,0,1,2
0.405,0.139,0.45,0,0,1,2
0.405,0.142,0.45,0,0,1,2
0.405,0.145,0.45,0,0,1,2
0.405,0.148,0.45,0,0,1,2
0.405,0.151,0.45,0,0,1,2
0.405,0.154,0.45,0,0,1,2
0.405,0.157,0.45,0,0,1,2
0.405,0.16,0.45,0,0,1,2
0.405,0.163,0.45,0,0,1,2
0.405,0.166,0.45,0,0,1,2
0.405,0.169,0.45,0,0,1,2
0.405,0.172,0.45,0,0,1,2
0.405,0.175,0.45,0,0,1,2
0.405,0.178,0.45,0,0,1,2
0.405,0.181,0.45,0,0,1,2
0.405,0.184,0.45,0,0,1,2
0.405,0.187,0.45,0,0,1,2
0.405,0.19,0.45,0,0,1,2
0.405,0.193,0.45,0,0,1,2
0.405,0.196,0.45,0,0,1,2
0.405,0.199,0.45,0,0,1,2
0.405,0.202,0.45,0,0,1,2
0.405,0.205,0.45,0,0,1,2
0.405,0.208,0.45,0,0,1,2
0.405,0.211,0.45,0,0,1,2
0.405,0.214,0.45,0,0,1,2
0.405,0.217,0.45,0,0,1,2
0.405,0.22,0.45,0,0,1,2
0.405,0.223,0.45,0,0,1,2
0.405,0.226,0.45,0,0,1,2
0.405,0.229,0.45,0,0,1,2
0.405,0.232,0.45,0,0,1,2
0.405,0.235,0.45,0,0,1,2
0.405,0.238,0.45,0,0,1,2
0.405,0.241,0.45,0,0,1,2
0.405,0.244,0.45,0,0,1,2
0.405,0.247,0.45,0,0,1,2
0.405,0.25,0.45,0,0,1,2
0.405,0.253,0.45,0,0,1,2
0.405,0.256,0.45,0,0,1,2
0.405,0.259,0.45,0,0,1,2
0.408,0.1,0.45,0,0,1,2
0.408,0.103,0.45,0,0,1,2
0.408,0.106,0.45,0,0,1,2
0.408,0.109,0.45,0,0,1,2
0.408,0.112,0.45,0,0,1,2
0.408,0.115,0.45,0,0,1,2
0.408,0.118,0.45,0,0,1,2
0.408,0.121,0.45,0,0,1,2
0.408,0.124,0.45,0,0,1,2
0.408,0.127,0.45,0,0,1,2
0.408,0.13,0.45,0,0,1,2
0.408,0.133,0.45,0,0,1,2
0.408,0.136,0.45,0,0,1,2
0.408,0.139,0.45,0,0,1,2
0.408,0.142,0.45,0,0,1,2
0.408,0.145,0.45,0,0,1,2
0.408,0.148,0.45,0,0,1,2
0.408,0.151,0.45,0,0,1,2
0.408,0.154,0.45,0,0,1,2
0.408,0.157,0.45,0,0,1,2
0.408,0.16,0.45,0,0,1,2
0.408,0.163,0.45,0,0,1,2
0.408,0.166,0.45,0,0,1,2
0.408,0.169,0.45,0,0,1,2
0.408,0.172,0.45,0,0,1,2
0.408,0.175,0.45,0,0,1,2
0.408,0.178,0.45,0,0,1,2
0.408,0.181,0.45,0,0,1,2
0.408,0.184,0.45,0,0,1,2
0.408,0.187,0.45,0,0,1,2
0.408,0.19,0.45,0,0,1,2
0.408,0.193,0.45,0,0,1,2
0.408,0.196,0.45,0,0,1,2
0.408,0.199,0.45,0,0,1,2
0.408,0.202,0.45,0,0,1,2
0.408,0.205,0.45,0,0,1,2
0.408,0.208,0.45,0,0,1,2
0.408,0.211,0.45,0,0,1,2
0.408,0.214,0.45,0,0,1,2
0.408,0.217,0.45,0,0,1,2
0.408,0.22,0.45,0,0,1,2
0.408,0.223,0.45,0,0,1,2
0.408,0.226,0.45,0,0,1,2
0.408,0.229,0.45,0,0,1,2
0.408,0.232,0.45,0,0,1,2
0.408,0.235,0.45,0,0,1,2
0.408,0.238,0.45,0,0,1,2
0.408,0.241,0.45,0,0,1,2
0.408,0.244,0.45,0,0,1,2
0.408,0.247,0.45,0,0,1,2
0.408,0.25,0.45,0,0,1,2
0.408,0.253,0.45,0,0,1,2
0.408,0.256,0.45,0,0,1,2
0.408,0.259,0.45,0,0,1,2
0.411,0.1,0.45,0,0,1,2
0.411,0.103,0.45,0,0,1,2
0.411,0.106,0.45,0,0,1,2
0.411,0.109,0.45,0,0,1,2
0.411,0.112,0.45,0,0,1,2
0.411,0.115,0.45,0,0,1,2
0.411,0.118,0.45,0,0,1,2
0.411,0.121,0.45,0,0,1,2
0.411,0.124,0.45,0,0,1,2
0.411,0.127,0.45,0,0,1,2
0.411,0.13,0.45,0,0,1,2
0.411,0.133,0.45,0,0,1,2
0.411,0.136,0.45,0,0,1,2
0.411,0.139,0.45,0,0,1,2
0.411,0.142,0.45,0,0,1,2
0.411,0.145,0.45,0,0,1,2
0.411,0.148,0.45,0,0,1,2
0.411,0.151,0.45,0,0,1,2
0.411,0.154,0.45,0,0,1,2
0.411,0.157,0.45,0,0,1,2
0.411,0.16,0.45,0,0,1,2
0.411,0.163,0.45,0,0,1,2
0.411,0.166,0.45,0,0,1,2
0.411,0.169,0.45,0,0,1,2
0.411,0.172,0.45,0,0,1,2
0.411,0.175,0.45,0,0,1,2
0.411,0.178,0.45,0,0,1,2
0.411,0.181,0.45,0,0,1,2
0.411,0.184,0.45,0,0,1,2
0.411,0.187,0.45,0,0,1,2
0.411,0.19,0.45,0,0,1,2
0.411,0.193,0.45,0,0,1,2
0.411,0.196,0.45,0,0,1,2
0.411,0.199,0.45,0,0,1,2
0.411,0.202,0.45,0,0,1,2
0.411,0.205,0.45,0,0,1,2
0.411,0.208,0.45,0,0,1,2
0.411,0.211,0.45,0,0,1,2
0.411,0.214,0.45,0,0,1,2
0.411,0.217,0.45,0,0,1,2
0.411,0.22,0.45,0,0,1,2
0.411,0.223,0.45,0,0,1,2
0.411,0.226,0.45,0,0,1,2
0.411,0.229,0.45,0,0,1,2
0.411,0.232,0.45,0,0,1,2
0.411,0.235,0.45,0,0,1,2
0.411,0.238,0.45,0,0,1,2
0.411,0.241,0.45,0,0,1,2
0.411,0.244,0.45,0,0,1,2
0.411,0.247,0.45,0,0,1,2
0.411,0.25,0.45,0,0,1,2
0.411,0.253,0.45,0,0,1,2
0.411,0.256,0.45,0,0,1,2
0.411,0.259,0.45,0,0,1,2
0.414,0.1,0.45,0,0,1,2
0.414,0.103,0.45,0,0,1,2
0.414,0.106,0.45,0,0,1,2
0.414,0.109,0.45,0,0,1,2
0.414,0.112,0.45,0,0,1,2
0.414,0.115,0.45,0,0,1,2
0.414,0.118,0.45,0,0,1,2
0.414,0.121,0.45,0,0,1,2
0.414,0.124,0.45,0,0,1,2
0.414,0.127,0.45,0,0,1,2
0.414,0.13,0.45,0,0,1,2
0.414,0.133,0.45,0,0,1,2
0.414,0.136,0.45,0,0,1,2
0.414,0.139,0.45,0,0,1,2
0.414,0.142,0.45,0,0,1,2
0.414,0.145,0.45,0,0,1,2
0.414,0.148,0.45,0,0,1,2
0.414,0.151,0.45,0,0,1,2
0.414,0.154,0.45,0,0,1,2
0.414,0.157,0.45,0,0,1,2
0.414,0.16,0.45,0,0,1,2
0.414,0.163,0.45,0,0,1,2
0.414,0.166,0.45,0,0,1,2
0.414,0.169,0.45,0,0,1,2
0.414,0.172,0.45,0,0,1,2
0.414,0.175,0.45,0,0,1,2
0.414,0.178,0.45,0,0,1,2
0.414,0.181,0.45,0,0,1,2
0.414,0.184,0.45,0,0,1,2
0.414,0.187,0.45,0,0,1,2
0.414,0.19,0.45,0,0,1,2
0.414,0.193,0.45,0,0,1,2
0.414,0.196,0.45,0,0,1,2
0.414,0.199,0.45,0,0,1,2
0.414,0.202,0.45,0,0,1,2
0.414,0.205,0.45,0,0,1,2
0.414,0.208,0.45,0,0,1,2
0.414,0.211,0.45,0,0,1,2
0.414,0.214,0.45,0,0,1,2
0.414,0.217,0.45,0,0,1,2
0.414,0.22,0.45,0,0,1,2
0.414,0.223,0.45,0,0,1,2
0.414,0.226,0.45,0,0,1,2
0.414,0.229,0.45,0,0,1,2
0.414,0.232,0.45,0,0,1,2
0.414,0.235,0.45,0,0,1,2
0.414,0.238,0.45,0,0,1,2
0.414,0.241,0.45,0,0,1,2
0.414,0.244,0.45,0,0,1,2
0.414,0.247,0.45,0,0,1,2
0.414,0.25,0.45,0,0,1,2
0.414,0.253,0.45,0,0,1,2
0.414,0.256,0.45,0,0,1,2
0.414,0.259,0.45,0,0,1,2
0.417,0.1,0.45,0,0,1,2
0.417,0.103,0.45,0,0,1,2
0.417,0.106,0.45,0,0,1,2
0.417,0.109,0.45,0,0,1,2
0.417,0.112,0.45,0,0,1,2
0.417,0.115,0.45,0,0,1,2
0.417,0.118,0.45,0,0,1,2
0.417,0.121,0.45,0,0,1,2
0.417,0.124,0.45,0,0,1,2
0.417,0.127,0.45,0,0,1,2
0.417,0.13,0.45,0,0,1,2
0.417,0.133,0.45,0,0,1,2
0.417,0.136,0.45,0,0,1,2
0.417,0.139,0.45,0,0,1,2
0.417,0.142,0.45,0,0,1,2
0.417,0.145,0.45,0,0,1,2
0.417,0.148,0.45,0,0,1,2
0.417,0.151,0.45,0,0,1,2
0.417,0.154,0.45,0,0,1,2
0.417,0.157,0.45,0,0,1,2
0.417,0.16,0.45,0,0,1,2
0.417,0.163,0.45,0,0,1,2
0.417,0.166,0.45,0,0,1,2
0.417,0.169,0.45,0,0,1,2
0.417,0.172,0.45,0,0,1,2
0.417,0.175,0.45,0,0,1,2
0.417,0.178,0.45,0,0,1,2
0.417,0.181,0.45,0,0,1,2
0.417,0.184,0.45,0,0,1,2
0.417,0.187,0.45,0,0,1,2
0.417,0.19,0.45,0,0,1,2
0.417,0.193,0.45,0,0,1,2
0.417,0.196,0.45,0,0,1,2
0.417,0.199,0.45,0,0,1,2
0.417,0.202,0.45,0,0,1,2
0.417,0.205,0.45,0,0,1,2
0.417,0.208,0.45,0,0,1,2
0.417,0.211,0.45,0,0,1,2
0.417,0.214,0.45,0,0,1,2
0.417,0.217,0.45,0,0,1,2
0.417,0.22,0.45,0,0,1,2
0.417,0.223,0.45,0,0,1,2
0.417,0.226,0.45,0,0,1,2
0.417,0.229,0.45,0,0,1,2
0.417,0.232,0.45,0,0,1,2
0.417,0.235,0.45,0,0,1,2
0.417,0.238,0.45,0,0,1,2
0.417,0.241,0.45,0,0,1,2
0.417,0.244,0.45,0,0,1,2
0.417,0.247,0.45,0,0,1,2
0.417,0.25,0.45,0,0,1,2
0.417,0.253,0.45,0,0,1,2
0.417,0.256,0.45,0,0,1,2
0.417,0.259,0.45,0,0,1,2
0.42,0.1,0.45,0,0,1,2
0.42,0.103,0.45,0,0,1,2
0.42,0.106,0.45,0,0,1,2
0.42,0.109,0.45,0,0,1,2
0.42,0.112,0.45,0,0,1,2
0.42,0.115,0.45,0,0,1,2
0.42,0.118,0.45,0,0,1,2
0.42,0.121,0.45,0,0,1,2
0.42,0.124,0.45,0,0,1,2
0.42,0.127,0.45,0,0,1,2
0.42,0.13,0.45,0,0,1,2
0.42,0.133,0.45,0,0,1,2
0.42,0.136,0.45,0,0,1,2
0.42,0.139,0.45,0,0,1,2
0.42,0.142,0.45,0,0,1,2
0.42,0.145,0.45,0,0,1,2
0.42,0.148,0.45,0,0,1,2
0.42,0.151,0.45,0,0,1,2
0.42,0.154,0.45,0,0,1,2
0.42,0.157,0.45,0,0,1,2
0.42,0.16,0.45,0,0,1,2
0.42,0.163,0.45,0,0,1,2
0.42,0.166,0.45,0,0,1,2
0.42,0.169,0.45,0,0,1,2
0.42,0.172,0.45,0,0,1,2
0.42,0.175,0.45,0,0,1,2
0.42,0.178,0.45,0,0,1,2
0.42,0.181,0.45,0,0,1,2
0.42,0.184,0.45,0,0,1,2
0.42,0.187,0.45,0,0,1,2
0.42,0.19,0.45,0,0,1,2
0.42,0.193,0.45,0,0,1,2
0.42,0.196,0.45,0,0,1,2
0.42,0.199,0.45,0,0,1,2
0.42,0.202,0.45,0,0,1,2
0.42,0.205,0.45,0,0,1,2
0.42,0.208,0.45,0,0,1,2
0.42,0.211,0.45,0,0,1,2
0.42,0.214,0.45,0,0,1,2
0.42,0.217,0.45,0,0,1,2
0.42,0.22,0.45,0,0,1,2
0.42,0.223,0.45,0,0,1,2
0.42,0.226,0.45,0,0,1,2
0.42,0.229,0.45,0,0,1,2
0.42,0.232,0.45,0,0,1,2
0.42,0.235,0.45,0,0,1,2
0.42,0.238,0.45,0,0,1,2
0.42,0.241,0.45,0,0,1,2
0.42,0.244,0.45,0,0,1,2
0.42,0.247,0.45,0,0,1,2
0.42,0.25,0.45,0,0,1,2
0.42,0.253,0.45,0,0,1,2
0.42,0.256,0.45,0,0,1,2
0.42,0.259,0.45,0,0,1,2
0.423,0.1,0.45,0,0,1,2
0.423,0.103,0.45,0,0,1,2
0.423,0.106,0.45,0,0,1,2
0.423,0.109,0.45,0,0,1,2
0.423,0.112,0.45,0,0,1,2
0.423,0.115,0.45,0,0,1,2
0.423,0.118,0.45,0,0,1,2
0.423,0.121,0.45,0,0,1,2
0.423,0.124,0.45,0,0,1,2
0.423,0.127,0.45,0,0,1,2
0.423,0.13,0.45,0,0,1,2
0.423,0.133,0.45,0,0,1,2
0.423,0.136,0.45,0,0,1,2
0.423,0.139,0.45,0,0,1,2
0.423,0.142,0.45,0,0,1,2
0.423,0.145,0.45,0,0,1,2
0.423,0.148,0.45,0,0,1,2
0.423,0.151,0.45,0,0,1,2
0.423,0.154,0.45,0,0,1,2
0.423,0.157,0.45,0,0,1,2
0.423,0.16,0.45,0,0,1,2
0.423,0.163,0.45,0,0,1,2
0.423,0.166,0.45,0,0,1,2
0.423,0.169,0.45,0,0,1,2
0.423,0.172,0.45,0,0,1,2
0.423,0.175,0.45,0,0,1,2
0.423,0.178,0.45,0,0,1,2
0.423,0.181,0.45,0,0,1,2
0.423,0.184,0.45,0,0,1,2
0.423,0.187,0.45,0,0,1,2
0.423,0.19,0.45,0,0,1,2
0.423,0.193,0.45,0,0,1,2
0.423,0.196,0.45,0,0,1,2
0.423,0.199,0.45,0,0,1,2
0.423,0.202,0.45,0,0,1,2
0.423,0.205,0.45,0,0,1,2
0.423,0.208,0.45,0,0,1,2
0.423,0.211,0.45,0,0,1,2
0.423,0.214,0.45,0,0,1,2
0.423,0.217,0.45,0,0,1,2
0.423,0.22,0.45,0,0,1,2
0.423,0.223,0.45,0,0,1,2
0.423,0.226,0.45,0,0,1,2
0.423,0.229,0.45,0,0,1,2
0.423,0.232,0.45,0,0,1,2
0.423,0.235,0.45,0,0,1,2
0.423,0.238,0.45,0,0,1,2
0.423,0.241,0.45,0,0,1,2
0.423,0.244,0.45,0,0,1,2
0.423,0.247,0.45,0,0,1,2
0.423,0.25,0.45,0,0,1,2
0.423,0.253,0.45,0,0,1,2
0.423,0.256,0.45,0,0,1,2
0.423,0.259,0.45,0,0,1,2
0.426,0.1,0.45,0,0,1,2
0.426,0.103,0.45,0,0,1,2
0.426,0.106,0.45,0,0,1,2
0.426,0.109,0.45,0,0,1,2
0.426,0.112,0.45,0,0,1,2
0.426,0.115,0.45,0,0,1,2
0.426,0.118,0.45,0,0,1,2
0.426,0.121,0.45,0,0,1,2
0.426,0.124,0.45,0,0,1,2
0.426,0.127,0.45,0,0,1,2
0.426,0.13,0.45,0,0,1,2
0.426,0.133,0.45,0,0,1,2
0.426,0.136,0.45,0,0,1,2
0.426,0.139,0.45,0,0,1,2
0.426,0.142,0.45,0,0,1,2
0.426,0.145,0.45,0,0,1,2
0.426,0.148,0.45,0,0,1,2
0.426,0.151,0.45,0,0,1,2
0.426,0.154,0.45,0,0,1,2
0.426,0.157,0.45,0,0,1,2
0.426,0.16,0.45,0,0,1,2
0.426,0.163,0.45,0,0,1,2
0.426,0.166,0.45,0,0,1,2
0.426,0.169,0.45,0,0,1,2
0.426,0.172,0.45,0,0,1,2
0.426,0.175,0.45,0,0,1,2
0.426,0.178,0.45,0,0,1,2
0.426,0.181,0.45,0,0,1,2
0.426,0.184,0.45,0,0,1,2
0.426,0.187,0.45,0,0,1,2
0.426,0.19,0.45,0,0,1,2
0.426,0.193,0.45,0,0,1,2
0.426,0.196,0.45,0,0,1,2
0.426,0.199,0.45,0,0,1,2
0.426,0.202,0.45,0,0,1,2
0.426,0.205,0.45,0,0,1,2
0.426,0.208,0.45,0,0,1,2
0.426,0.211,0.45,0,0,1,2
0.426,0.214,0.45,0,0,1,2
0.426,0.217,0.45,0,0,1,2
0.426,0.22,0.45,0,0,1,2
0.426,0.223,0.45,0,0,1,2
0.426,0.226,0.45,0,0,1,2
0.426,0.229,0.45,0,0,1,2
0.426,0.232,0.45,0,0,1,2
0.426,0.235,0.45,0,0,1,2
0.426,0.238,0.45,0,0,1,2
0.426,0.241,0.45,0,0,1,2
0.426,0.244,0.45,0,0,1,2
0.426,0.247,0.45,0,0,1,2
0.426,0.25,0.45,0,0,1,2
0.426,0.253,0.45,0,0,1,2
0.426,0.256,0.45,0,0,1,2
0.426,0.259,0.45,0,0,1,2
0.429,0.1,0.45,0,0,1,2
0.429,0.103,0.45,0,0,1,2
0.429,0.106,0.45,0,0,1,2
0.429,0.109,0.45,0,0,1,2
0.429,0.112,0.45,0,0,1,2
0.429,0.115,0.45,0,0,1,2
0.429,0.118,0.45,0,0,1,2
0.429,0.121,0.45,0,0,1,2
0.429,0.124,0.45,0,0,1,2
0.429,0.127,0.45,0,0,1,2
0.429,0.13,0.45,0,0,1,2
0.429,0.133,0.45,0,0,1,2
0.429,0.136,0.45,0,0,1,2
0.429,0.139,0.45,0,0,1,2
0.429,0.142,0.45,0,0,1,2
0.429,0.145,0.45,0,0,1,2
0.429,0.148,0.45,0,0,1,2
0.429,0.151,0.45,0,0,1,2
0.429,0.154,0.45,0,0,1,2
0.429,0.157,0.45,0,0,1,2
0.429,0.16,0.45,0,0,1,2
0.429,0.163,0.45,0,0,1,2
0.429,0.166,0.45,0,0,1,2
0.429,0.169,0.45,0,0,1,2
0.429,0.172,0.45,0,0,1,2
0.429,0.175,0.45,0,0,1,2
0.429,0.178,0.45,0,0,1,2
0.429,0.181,0.45,0,0,1,2
0.429,0.184,0.45,0,0,1,2
0.429,0.187,0.45,0,0,1,2
0.429,0.19,0.45,0,0,1,2
0.429,0.193,0.45,0,0,1,2
0.429,0.196,0.45,0,0,1,2
0.429,0.199,0.45,0,0,1,2
0.429,0.202,0.45,0,0,1,2
0.429,0.205,0.45,0,0,1,2
0.429,0.208,0.45,0,0,1,2
0.429,0.211,0.45,0,0,1,2
0.429,0.214,0.45,0,0,1,2
0.429,0.217,0.45,0,0,1,2
0.429,0.22,0.45,0,0,1,2
0.429,0.223,0.45,0,0,1,2
0.429,0.226,0.45,0,0,1,2
0.429,0.229,0.45,0,0,1,2
0.429,0.232,0.45,0,0,1,2
0.429,0.235,0.45,0,0,1,2
0.429,0.238,0.45,0,0,1,2
0.429,0.241,0.45,0,0,1,2
0.429,0.244,0.45,0,0,1,2
0.429,0.247,0.45,0,0,1,2
0.429,0.25,0.45,0,0,1,2
0.429,0.253,0.45,0,0,1,2
0.429,0.256,0.45,0,0,1,2
0.429,0.259,0.45,0,0,1,2
0.432,0.1,0.45,0,0,1,2
0.432,0.103,0.45,0,0,1,2
0.432,0.106,0.45,0,0,1,2
0.432,0.109,0.45,0,0,1,2
0.432,0.112,0.45,0,0,1,2
0.432,0.115,0.45,0,0,1,2
0.432,0.118,0.45,0,0,1,2
0.432,0.121,0.45,0,0,1,2
0.432,0.124,0.45,0,0,1,2
0.432,0.127,0.45,0,0,1,2
0.432,0.13,0.45,0,0,1,2
0.432,0.133,0.45,0,0,1,2
0.432,0.136,0.45,0,0,1,2
0.432,0.139,0.45,0,0,1,2
0.432,0.142,0.45,0,0,1,2
0.432,0.145,0.45,0,0,1,2
0.432,0.148,0.45,0,0,1,2
0.432,0.151,0.45,0,0,1,2
0.432,0.154,0.45,0,0,1,2
0.432,0.157,0.45,0,0,1,2
0.432,0.16,0.45,0,0,1,2
0.432,0.163,0.45,0,0,1,2
0.432,0.166,0.45,0,0,1,2
0.432,0.169,0.45,0,0,1,2
0.432,0.172,0.45,0,0,1,2
0.432,0.175,0.45,0,0,1,2
0.432,0.178,0.45,0,0,1,2
0.432,0.181,0.45,0,0,1,2
0.432,0.184,0.45,0,0,1,2
0.432,0.187,0.45,0,0,1,2
0.432,0.19,0.45,0,0,1,2
0.432,0.193,0.45,0,0,1,2
0.432,0.196,0.45,0,0,1,2
0.432,0.199,0.45,0,0,1,2
0.432,0.202,0.45,0,0,1,2
0.432,0.205,0.45,0,0,1,2
0.432,0.208,0.45,0,0,1,2
0.432,0.211,0.45,0,0,1,2
0.432,0.214,0.45,0,0,1,2
0.432,0.217,0.45,0,0,1,2
0.432,0.22,0.45,0,0,1,2
0.432,0.223,0.45,0,0,1,2
0.432,0.226,0.45,0,0,1,2
0.432,0.229,0.45,0,0,1,2
0.432,0.232,0.45,0,0,1,2
0.432,0.235,0.45,0,0,1,2
0.432,0.238,0.45,0,0,1,2
0.432,0.241,0.45,0,0,1,2
0.432,0.244,0.45,0,0,1,2
0.432,0.247,0.45,0,0,1,2
0.432,0.25,0.45,0,0,1,2
0.432,0.253,0.45,0,0,1,2
0.432,0.256,0.45,0,0,1,2
0.432,0.259,0.45,0,0,1,2
0.435,0.1,0.45,0,0,1,2
0.435,0.103,0.45,0,0,1,2
0.435,0.106,0.45,0,0,1,2
0.435,0.109,0.45,0,0,1,2
0.435,0.112,0.45,0,0,1,2
0.435,0.115,0.45,0,0,1,2
0.435,0.118,0.45,0,0,1,2
0.435,0.121,0.45,0,0,1,2
0.435,0.124,0.45,0,0,1,2
0.435,0.127,0.45,0,0,1,2
0.435,0.13,0.45,0,0,1,2
0.435,0.133,0.45,0,0,1,2
0.435,0.136,0.45,0,0,1,2
0.435,0.139,0.45,0,0,1,2
0.435,0.142,0.45,0,0,1,2
0.435,0.145,0.45,0,0,1,2
0.435,0.148,0.45,0,0,1,2
0.435,0.151,0.45,0,0,1,2
0.435,0.154,0.45,0,0,1,2
0.435,0.157,0.45,0,0,1,2
0.435,0.16,0.45,0,0,1,2
0.435,0.163,0.45,0,0,1,2
0.435,0.166,0.45,0,0,1,2
0.435,0.169,0.45,0,0,1,2
0.435,0.172,0.45,0,0,1,2
0.435,0.175,0.45,0,0,1,2
0.435,0.178,0.45,0,0,1,2
0.435,0.181,0.45,0,0,1,2
0.435,0.184,0.45,0,0,1,2
0.435,0.187,0.45,0,0,1,2
0.435,0.19,0.45,0,0,1,2
0.435,0.193,0.45,0,0,1,2
0.435,0.196,0.45,0,0,1,2
0.435,0.199,0.45,0,0,1,2
0.435,0.202,0.45,0,0,1,2
0.435,0.205,0.45,0,0,1,2
0.435,0.208,0.45,0,0,1,2
0.435,0.211,0.45,0,0,1,2
0.435,0.214,0.45,0,0,1,2
0.435,0.217,0.45,0,0,1,2
0.435,0.22,0.45,0,0,1,2
0.435,0.223,0.45,0,0,1,2
0.435,0.226,0.45,0,0,1,2
0.435,0.229,0.45,0,0,1,2
0.435,0.232,0.45,0,0,1,2
0.435,0.235,0.45,0,0,1,2
0.435,0.238,0.45,0,0,1,2
0.435,0.241,0.45,0,0,1,2
0.435,0.244,0.45,0,0,1,2
0.435,0.247,0.45,0,0,1,2
0.435,0.25,0.45,0,0,1,2
0.435,0.253,0.45,0,0,1,2
0.435,0.256,0.45,0,0,1,2
0.435,0.259,0.45,0,0,1,2
0.438,0.1,0.45,0,0,1,2
0.438,0.103,0.45,0,0,1,2
0.438,0.106,0.45,0,0,1,2
0.438,0.109,0.45,0,0,1,2
0.438,0.112,0.45,0,0,1,2
0.438,0.115,0.45,0,0,1,2
0.438,0.118,0.45,0,0,1,2
0.438,0.121,0.45,0,0,1,2
0.438,0.124,0.45,0,0,1,2
0.438,0.127,0.45,0,0,1,2
0.438,0.13,0.45,0,0,1,2
0.438,0.133,0.45,0,0,1,2
0.438,0.136,0.45,0,0,1,2
0.438,0.139,0.45,0,0,1,2
0.438,0.142,0.45,0,0,1,2
0.438,0.145,0.45,0,0,1,2
0.438,0.148,0.45,0,0,1,2
0.438,0.151,0.45,0,0,1,2
0.438,0.154,0.45,0,0,1,2
0.438,0.157,0.45,0,0,1,2
0.438,0.16,0.45,0,0,1,2
0.438,0.163,0.45,0,0,1,2
0.438,0.166,0.45,0,0,1,2
0.438,0.169,0.45,0,0,1,2
0.438,0.172,0.45,0,0,1,2
0.438,0.175,0.45,0,0,1,2
0.438,0.178,0.45,0,0,1,2
0.438,0.181,0.45,0,0,1,2
0.438,0.184,0.45,0,0,1,2
0.438,0.187,0.45,0,0,1,2
0.438,0.19,0.45,0,0,1,2
0.438,0.193,0.45,0,0,1,2
0.438,0.196,0.45,0,0,1,2
0.438,0.199,0.45,0,0,1,2
0.438,0.202,0.45,0,0,1,2
0.438,0.205,0.45,0,0,1,2
0.438,0.208,0.45,0,0,1,2
0.438,0.211,0.45,0,0,1,2
0.438,0.214,0.45,0,0,1,2
0.438,0.217,0.45,0,0,1,2
0.438,0.22,0.45,0,0,1,2
0.438,0.223,0.45,0,0,1,2
0.438,0.226,0.45,0,0,1,2
0.438,0.229,0.45,0,0,1,2
0.438,0.232,0.45,0,0,1,2
0.438,0.235,0.45,0,0,1,2
0.438,0.238,0.45,0,0,1,2
0.438,0.241,0.45,0,0,1,2
0.438,0.244,0.45,0,0,1,2
0.438,0.247,0.45,0,0,1,2
0.438,0.25,0.45,0,0,1,2
0.438,0.253,0.45,0,0,1,2
0.438,0.256,0.45,0,0,1,2
0.438,0.259,0.45,0,0,1,2
0.441,0.1,0.45,0,0,1,2
0.441,0.103,0.45,0,0,1,2
0.441,0.106,0.45,0,0,1,2
0.441,0.109,0.45,0,0,1,2
0.441,0.112,0.45,0,0,1,2
0.441,0.115,0.45,0,0,1,2
0.441,0.118,0.45,0,0,1,2
0.441,0.121,0.45,0,0,1,2
0.441,0.124,0.45,0,0,1,2
0.441,0.127,0.45,0,0,1,2
0.441,0.13,0.45,0,0,1,2
0.441,0.133,0.45,0,0,1,2
0.441,0.136,0.45,0,0,1,2
0.441,0.139,0.45,0,0,1,2
0.441,0.142,0.45,0,0,1,2
0.441,0.145,0.45,0,0,1,2
0.441,0.148,0.45,0,0,1,2
0.441,0.151,0.45,0,0,1,2
0.441,0.154,0.45,0,0,1,2
0.441,0.157,0.45,0,0,1,2
0.441,0.16,0.45,0,0,1,2
0.441,0.163,0.45,0,0,1,2
0.441,0.166,0.45,0,0,1,2
0.441,0.169,0.45,0,0,1,2
0.441,0.172,0.45,0,0,1,2
0.441,0.175,0.45,0,0,1,2
0.441,0.178,0.45,0,0,1,2
0.441,0.181,0.45,0,0,1,2
0.441,0.184,0.45,0,0,1,2
0.441,0.187,0.45,0,0,1,2
0.441,0.19,0.45,0,0,1,2
0.441,0.193,0.45,0,0,1,2
0.441,0.196,0.45,0,0,1,2
0.441,0.199,0.45,0,0,1,2
0.441,0.202,0.45,0,0,1,2
0.441,0.205,0.45,0,0,1,2
0.441,0.208,0.45,0,0,1,2
0.441,0.211,0.45,0,0,1,2
0.441,0.214,0.45,0,0,1,2
0.441,0.217,0.45,0,0,1,2
0.441,0.22,0.45,0,0,1,2
0.441,0.223,0.45,0,0,1,2
0.441,0.226,0.45,0,0,1,2
0.441,0.229,0.45,0,0,1,2
0.441,0.232,0.45,0,0,1,2
0.441,0.235,0.45,0,0,1,2
0.441,0.238,0.45,0,0,1,2
0.441,0.241,0.45,0,0,1,2
0.441,0.244,0.45,0,0,1,2
0.441,0.247,0.45,0,0,1,2
0.441,0.25,0.45,0,0,1,2
0.441,0.253,0.45,0,0,1,2
0.441,0.256,0.45,0,0,1,2
0.441,0.259,0.45,0,0,1,2
0.444,0.1,0.45,0,0,1,2
0.444,0.103,0.45,0,0,1,2
0.444,0.106,0.45,0,0,1,2
0.444,0.109,0.45,0,0,1,2
0.444,0.112,0.45,0,0,1,2
0.444,0.115,0.45,0,0,1,2
0.444,0.118,0.45,0,0,1,2
0.444,0.121,0.45,0,0,1,2
0.444,0.124,0.45,0,0,1,2
0.444,0.127,0.45,0,0,1,2
0.444,0.13,0.45,0,0,1,2
0.444,0.133,0.45,0,0,1,2
0.444,0.136,0.45,0,0,1,2
0.444,0.139,0.45,0,0,1,2
0.444,0.142,0.45,0,0,1,2
0.444,0.145,0.45,0,0,1,2
0.444,0.148,0.45,0,0,1,2
0.444,0.151,0.45,0,0,1,2
0.444,0.154,0.45,0,0,1,2
0.444,0.157,0.45,0,0,1,2
0.444,0.16,0.45,0,0,1,2
0.444,0.163,0.45,0,0,1,2
0.444,0.166,0.45,0,0,1,2
0.444,0.169,0.45,0,0,1,2
0.444,0.172,0.45,0,0,1,2
0.444,0.175,0.45,0,0,1,2
0.444,0.178,0.45,0,0,1,2
0.444,0.181,0.45,0,0,1,2
0.444,0.184,0.45,0,0,1,2
0.444,0.187,0.45,0,0,1,2
0.444,0.19,0.45,0,0,1,2
0.444,0.193,0.45,0,0,1,2
0.444,0.196,0.45,0,0,1,2
0.444,0.199,0.45,0,0,1,2
0.444,0.202,0.45,0,0,1,2
0.444,0.205,0.45,0,0,1,2
0.444,0.208,0.45,0,0,1,2
0.444,0.211,0.45,0,0,1,2
0.444,0.214,0.45,0,0,1,2
0.444,0.217,0.45,0,0,1,2
0.444,0.22,0.45,0,0,1,2
0.444,0.223,0.45,0,0,1,2
0.444,0.226,0.45,0,0,1,2
0.444,0.229,0.45,0,0,1,2
0.444,0.232,0.45,0,0,1,2
0.444,0.235,0.45,0,0,1,2
0.444,0.238,0.45,0,0,1,2
0.444,0.241,0.45,0,0,1,2
0.444,0.244,0.45,0,0,1,2
0.444,0.247,0.45,0,0,1,2
0.444,0.25,0.45,0,0,1,2
0.444,0.253,0.45,0,0,1,2
0.444,0.256,0.45,0,0,1,2
0.444,0.259,0.45,0,0,1,2
0.447,0.1,0.45,0,0,1,2
0.447,0.103,0.45,0,0,1,2
0.447,0.106,0.45,0,0,1,2
0.447,0.109,0.45,0,0,1,2
0.447,0.112,0.45,0,0,1,2
0.447,0.115,0.45,0,0,1,2
0.447,0.118,0.45,0,0,1,2
0.447,0.121,0.45,0,0,1,2
0.447,0.124,0.45,0,0,1,2
0.447,0.127,0.45,0,0,1,2
0.447,0.13,0.45,0,0,1,2
0.447,0.133,0.45,0,0,1,2
0.447,0.136,0.45,0,0,1,2
0.447,0.139,0.45,0,0,1,2
0.447,0.142,0.45,0,0,1,2
0.447,0.145,0.45,0,0,1,2
0.447,0.148,0.45,0,0,1,2
0.447,0.151,0.45,0,0,1,2
0.447,0.154,0.45,0,0,1,2
0.447,0.157,0.45,0,0,1,2
0.447,0.16,0.45,0,0,1,2
0.447,0.163,0.45,0,0,1,2
0.447,0.166,0.45,0,0,1,2
0.447,0.169,0.45,0,0,1,2
0.447,0.172,0.45,0,0,1,2
0.447,0.175,0.45,0,0,1,2
0.447,0.178,0.45,0,0,1,2
0.447,0.181,0.45,0,0,1,2
0.447,0.184,0.45,0,0,1,2
0.447,0.187,0.45,0,0,1,2
0.447,0.19,0.45,0,0,1,2
0.447,0.193,0.45,0,0,1,2
0.447,0.196,0.45,0,0,1,2
0.447,0.199,0.45,0,0,1,2
0.447,0.202,0.45,0,0,1,2
0.447,0.205,0.45,0,0,1,2
0.447,0.208,0.45,0,0,1,2
0.447,0.211,0.45,0,0,1,2
0.447,0.214,0.45,0,0,1,2
0.447,0.217,0.45,0,0,1,2
0.447,0.22,0.45,0,0,1,2
0.447,0.223,0.45,0,0,1,2
0.447,0.226,0.45,0,0,1,2
0.447,0.229,0.45,0,0,1,2
0.447,0.232,0.45,0,0,1,2
0.447,0.235,0.45,0,0,1,2
0.447,0.238,0.45,0,0,1,2
0.447,0.241,0.45,0,0,1,2
0.447,0.244,0.45,0,0,1,2
0.447,0.247,0.45,0,0,1,2
0.447,0.25,0.45,0,0,1,2
0.447,0.253,0.45,0,0,1,2
0.447,0.256,0.45,0,0,1,2
0.447,0.259,0.45,0,0,1,2
0.45,0.1,0.45,0,0,1,2
0.45,0.103,0.45,0,0,1,2
0.45,0.106,0.45,0,0,1,2
0.45,0.109,0.45,0,0,1,2
0.45,0.112,0.45,0,0,1,2
0.45,0.115,0.45,0,0,1,2
0.45,0.118,0.45,0,0,1,2
0.45,0.121,0.45,0,0,1,2
0.45,0.124,0.45,0,0,1,2
0.45,0.127,0.45,0,0,1,2
0.45,0.13,0.45,0,0,1,2
0.45,0.133,0.45,0,0,1,2
0.45,0.136,0.45,0,0,1,2
0.45,0.139,0.45,0,0,1,2
0.45,0.142,0.45,0,0,1,2
0.45,0.145,0.45,0,0,1,2
0.45,0.148,0.45,0,0,1,2
0.45,0.151,0.45,0,0,1,2
0.45,0.154,0.45,0,0,1,2
0.45,0.157,0.45,0,0,1,2
0.45,0.16,0.45,0,0,1,2
0.45,0.163,0.45,0,0,1,2
0.45,0.166,0.45,0,0,1,2
0.45,0.169,0.45,0,0,1,2
0.45,0.172,0.45,0,0,1,2
0.45,0.175,0.45,0,0,1,2
0.45,0.178,0.45,0,0,1,2
0.45,0.181,0.45,0,0,1,2
0.45,0.184,0.45,0,0,1,2
0.45,0.187,0.45,0,0,1,2
0.45,0.19,0.45,0,0,1,2
0.45,0.193,0.45,0,0,1,2
0.45,0.196,0.45,0,0,1,2
0.45,0.199,0.45,0,0,1,2
0.45,0.202,0.45,0,0,1,2
0.45,0.205,0.45,0,0,1,2
0.45,0.208,0.45,0,0,1,2
0.45,0.211,0.45,0,0,1,2
0.45,0.214,0.45,0,0,1,2
0.45,0.217,0.45,0,0,1,2
0.45,0.22,0.45,0,0,1,2
0.45,0.223,0.45,0,0,1,2
0.45,0.226,0.45,0,0,1,2
0.45,0.229,0.45,0,0,1,2
0.45,0.232,0.45,0,0,1,2
0.45,0.235,0.45,0,0,1,2
0.45,0.238,0.45,0,0,1,2
0.45,0.241,0.45,0,0,1,2
0.45,0.244,0.45,0,0,1,2
0.45,0.247,0.45,0,0,1,2
0.45,0.25,0.45,0,0,1,2
0.45,0.253,0.45,0,0,1,2
0.45,0.256,0.45,0,0,1,2
0.45,0.259,0.45,0,0,1,2
0.453,0.1,0.45,0,0,1,2
0.453,0.103,0.45,0,0,1,2
0.453,0.106,0.45,0,0,1,2
0.453,0.109,0.45,0,0,1,2
0.453,0.112,0.45,0,0,1,2
0.453,0.115,0.45,0,0,1,2
0.453,0.118,0.45,0,0,1,2
0.453,0.121,0.45,0,0,1,2
0.453,0.124,0.45,0,0,1,2
0.453,0.127,0.45,0,0,1,2
0.453,0.13,0.45,0,0,1,2
0.453,0.133,0.45,0,0,1,2
0.453,0.136,0.45,0,0,1,2
0.453,0.139,0.45,0,0,1,2
0.453,0.142,0.45,0,0,1,2
0.453,0.145,0.45,0,0,1,2
0.453,0.148,0.45,0,0,1,2
0.453,0.151,0.45,0,0,1,2
0.453,0.154,0.45,0,0,1,2
0.453,0.157,0.45,0,0,1,2
0.453,0.16,0.45,0,0,1,2
0.453,0.163,0.45,0,0,1,2
0.453,0.166,0.45,0,0,1,2
0.453,0.169,0.45,0,0,1,2
0.453,0.172,0.45,0,0,1,2
0.453,0.175,0.45,0,0,1,2
0.453,0.178,0.45,0,0,1,2
0.453,0.181,0.45,0,0,1,2
0.453,0.184,0.45,0,0,1,2
0.453,0.187,0.45,0,0,1,2
0.453,0.19,0.45,0,0,1,2
0.453,0.193,0.45,0,0,1,2
0.453,0.196,0.45,0,0,1,2
0.453,0.199,0.45,0,0,1,2
0.453,0.202,0.45,0,0,1,2
0.453,0.205,0.45,0,0,1,2
0.453,0.208,0.45,0,0,1,2
0.453,0.211,0.45,0,0,1,2
0.453,0.214,0.45,0,0,1,2
0.453,0.217,0.45,0,0,1,2
0.453,0.22,0.45,0,0,1,2
0.453,0.223,0.45,0,0,1,2
0.453,0.226,0.45,0,0,1,2
0.453,0.229,0.45,0,0,1,2
0.453,0.232,0.45,0,0,1,2
0.453,0.235,0.45,0,0,1,2
0.453,0.238,0.45,0,0,1,2
0.453,0.241,0.45,0,0,1,2
0.453,0.244,0.45,0,0,1,2
0.453,0.247,0.45,0,0,1,2
0.453,0.25,0.45,0,0,1,2
0.453,0.253,0.45,0,0,1,2
0.453,0.256,0.45,0,0,1,2
0.453,0.259,0.45,0,0,1,2
0.456,0.1,0.45,0,0,1,2
0.456,0.103,0.45,0,0,1,2
0.456,0.106,0.45,0,0,1,2
0.456,0.109,0.45,0,0,1,2
0.456,0.112,0.45,0,0,1,2
0.456,0.115,0.45,0,0,1,2
0.456,0.118,0.45,0,0,1,2
0.456,0.121,0.45,0,0,1,2
0.456,0.124,0.45,0,0,1,2
0.456,0.127,0.45,0,0,1,2
0.456,0.13,0.45,0,0,1,2
0.456,0.133,0.45,0,0,1,2
0.456,0.136,0.45,0,0,1,2
0.456,0.139,0.45,0,0,1,2
0.456,0.142,0.45,0,0,1,2
0.456,0.145,0.45,0,0,1,2
0.456,0.148,0.45,0,0,1,2
0.456,0.151,0.45,0,0,1,2
0.456,0.154,0.45,0,0,1,2
0.456,0.157,0.45,0,0,1,2
0.456,0.16,0.45,0,0,1,2
0.456,0.163,0.45,0,0,1,2
0.456,0.166,0.45,0,0,1,2
0.456,0.169,0.45,0,0,1,2
0.456,0.172,0.45,0,0,1,2
0.456,0.175,0.45,0,0,1,2
0.456,0.178,0.45,0,0,1,2
0.456,0.181,0.45,0,0,1,2
0.456,0.184,0.45,0,0,1,2
0.456,0.187,0.45,0,0,1,2
0.456,0.19,0.45,0,0,1,2
0.456,0.193,0.45,0,0,1,2
0.456,0.196,0.45,0,0,1,2
0.456,0.199,0.45,0,0,1,2
0.456,0.202,0.45,0,0,1,2
0.456,0.205,0.45,0,0,1,2
0.456,0.208,0.45,0,0,1,2
0.456,0.211,0.45,0,0,1,2
0.456,0.214,0.45,0,0,1,2
0.456,0.217,0.45,0,0,1,2
0.456,0.22,0.45,0,0,1,2
0.456,0.223,0.45,0,0,1,2
0.456,0.226,0.45,0,0,1,2
0.456,0.229,0.45,0,0,1,2
0.456,0.232,0.45,0,0,1,2
0.456,0.235,0.45,0,0,1,2
0.456,0.238,0.45,0,0,1,2
0.456,0.241,0.45,0,0,1,2
0.456,0.244,0.45,0,0,1,2
0.456,0.247,0.45,0,0,1,2
0.456,0.25,0.45,0,0,1,2
0.456,0.253,0.45,0,0,1,2
0.456,0.256,0.45,0,0,1,2
0.456,0.259,0.45,0,0,1,2
0.459,0.1,0.45,0,0,1,2
0.459,0.103,0.45,0,0,1,2
0.459,0.106,0.45,0,0,1,2
0.459,0.109,0.45,0,0,1,2
0.459,0.112,0.45,0,0,1,2
0.459,0.115,0.45,0,0,1,2
0.459,0.118,0.45,0,0,1,2
0.459,0.121,0.45,0,0,1,2
0.459,0.124,0.45,0,0,1,2
0.459,0.127,0.45,0,0,1,2
0.459,0.13,0.45,0,0,1,2
0.459,0.133,0.45,0,0,1,2
0.459,0.136,0.45,0,0,1,2
0.459,0.139,0.45,0,0,1,2
0.459,0.142,0.45,0,0,1,2
0.459,0.145,0.45,0,0,1,2
0.459,0.148,0.45,0,0,1,2
0.459,0.151,0.45,0,0,1,2
0.459,0.154,0.45,0,0,1,2
0.459,0.157,0.45,0,0,1,2
0.459,0.16,0.45,0,0,1,2
0.459,0.163,0.45,0,0,1,2
0.459,0.166,0.45,0,0,1,2
0.459,0.169,0.45,0,0,1,2
0.459,0.172,0.45,0,0,1,2
0.459,0.175,0.45,0,0,1,2
0.459,0.178,0.45,0,0,1,2
0.459,0.181,0.45,0,0,1,2
0.459,0.184,0.45,0,0,1,2
0.459,0.187,0.45,0,0,1,2
0.459,0.19,0.45,0,0,1,2
0.459,0.193,0.45,0,0,1,2
0.459,0.196,0.45,0,0,1,2
0.459,0.199,0.45,0,0,1,2
0.459,0.202,0.45,0,0,1,2
0.459,0.205,0.45,0,0,1,2
0.459,0.208,0.45,0,0,1,2
0.459,0.211,0.45,0,0,1,2
0.459,0.214,0.45,0,0,1,2
0.459,0.217,0.45,0,0,1,2
0.459,0.22,0.45,0,0,1,2
0.459,0.223,0.45,0,0,1,2
0.459,0.226,0.45,0,0,1,2
0.459,0.229,0.45,0,0,1,2
0.459,0.232,0.45,0,0,1,2
0.459,0.235,0.45,0,0,1,2
0.459,0.238,0.45,0,0,1,2
0.459,0.241,0.45,0,0,1,2
0.459,0.244,0.45,0,0,1,2
0.459,0.247,0.45,0,0,1,2
0.459,0.25,0.45,0,0,1,2
0.459,0.253,0.45,0,0,1,2
0.459,0.256,0.45,0,0,1,2
0.459,0.259,0.45,0,0,1,2
0.462,0.1,0.45,0,0,1,2
0.462,0.103,0.45,0,0,1,2
0.462,0.106,0.45,0,0,1,2
0.462,0.109,0.45,0,0,1,2
0.462,0.112,0.45,0,0,1,2
0.462,0.115,0.45,0,0,1,2
0.462,0.118,0.45,0,0,1,2
0.462,0.121,0.45,0,0,1,2
0.462,0.124,0.45,0,0,1,2
0.462,0.127,0.45,0,0,1,2
0.462,0.13,0.45,0,0,1,2
0.462,0.133,0.45,0,0,1,2
0.462,0.136,0.45,0,0,1,2
0.462,0.139,0.45,0,0,1,2
0.462,0.142,0.45,0,0,1,2
0.462,0.145,0.45,0,0,1,2
0.462,0.148,0.45,0,0,1,2
0.462,0.151,0.45,0,0,1,2
0.462,0.154,0.45,0,0,1,2
0.462,0.157,0.45,0,0,1,2
0.462,0.16,0.45,0,0,1,2
0.462,0.163,0.45,0,0,1,2
0.462,0.166,0.45,0,0,1,2
0.462,0.169,0.45,0,0,1,2
0.462,0.172,0.45,0,0,1,2
0.462,0.175,0.45,0,0,1,2
0.462,0.178,0.45,0,0,1,2
0.462,0.181,0.45,0,0,1,2
0.462,0.184,0.45,0,0,1,2
0.462,0.187,0.45,0,0,1,2
0.462,0.19,0.45,0,0,1,2
0.462,0.193,0.45,0,0,1,2
0.462,0.196,0.45,0,0,1,2
0.462,0.199,0.45,0,0,1,2
0.462,0.202,0.45,0,0,1,2
0.462,0.205,0.45,0,0,1,2
0.462,0.208,0.45,0,0,1,2
0.462,0.211,0.45,0,0,1,2
0.462,0.214,0.45,0,0,1,2
0.462,0.217,0.45,0,0,1,2
0.462,0.22,0.45,0,0,1,2
0.462,0.223,0.45,0,0,1,2
0.462,0.226,0.45,0,0,1,2
0.462,0.229,0.45,0,0,1,2
0.462,0.232,0.45,0,0,1,2
0.462,0.235,0.45,0,0,1,2
0.462,0.238,0.45,0,0,1,2
0.462,0.241,0.45,0,0,1,2
0.462,0.244,0.45,0,0,1,2
0.462,0.247,0.45,0,0,1,2
0.462,0.25,0.45,0,0,1,2
0.462,0.253,0.45,0,0,1,2
0.462,0.256,0.45,0,0,1,2
0.462,0.259,0.45,0,0,1,2
0.465,0.1,0.45,0,0,1,2
0.465,0.103,0.45,0,0,1,2
0.465,0.106,0.45,0,0,1,2
0.465,0.109,0.45,0,0,1,2
0.465,0.112,0.45,0,0,1,2
0.465,0.115,0.45,0,0,1,2
0.465,0.118,0.45,0,0,1,2
0.465,0.121,0.45,0,0,1,2
0.465,0.124,0.45,0,0,1,2
0.465,0.127,0.45,0,0,1,2
0.465,0.13,0.45,0,0,1,2
0.465,0.133,0.45,0,0,1,2
0.465,0.136,0.45,0,0,1,2
0.465,0.139,0.45,0,0,1,2
0.465,0.142,0.45,0,0,1,2
0.465,0.145,0.45,0,0,1,2
0.465,0.148,0.45,0,0,1,2
0.465,0.151,0.45,0,0,1,2
0.465,0.154,0.45,0,0,1,2
0.465,0.157,0.45,0,0,1,2
0.465,0.16,0.45,0,0,1,2
0.465,0.163,0.45,0,0,1,2
0.465,0.166,0.45,0,0,1,2
0.465,0.169,0.45,0,0,1,2
0.465,0.172,0.45,0,0,1,2
0.465,0.175,0.45,0,0,1,2
0.465,0.178,0.45,0,0,1,2
0.465,0.181,0.45,0,0,1,2
0.465,0.184,0.45,0,0,1,2
0.465,0.187,0.45,0,0,1,2
0.465,0.19,0.45,0,0,1,2
0.465,0.193,0.45,0,0,1,2
0.465,0.196,0.45,0,0,1,2
0.465,0.199,0.45,0,0,1,2
0.465,0.202,0.45,0,0,1,2
0.465,0.205,0.45,0,0,1,2
0.465,0.208,0.45,0,0,1,2
0.465,0.211,0.45,0,0,1,2
0.465,0.214,0.45,0,0,1,2
0.465,0.217,0.45,0,0,1,2
0.465,0.22,0.45,0,0,1,2
0.465,0.223,0.45,0,0,1,2
0.465,0.226,0.45,0,0,1,2
0.465,0.229,0.45,0,0,1,2
0.465,0.232,0.45,0,0,1,2
0.465,0.235,0.45,0,0,1,2
0.465,0.238,0.45,0,0,1,2
0.465,0.241,0.45,0,0,1,2
0.465,0.244,0.45,0,0,1,2
0.465,0.247,0.45,0,0,1,2
0.465,0.25,0.45,0,0,1,2
0.465,0.253,0.45,0,0,1,2
0.465,0.256,0.45,0,0,1,2
0.465,0.259,0.45,0,0,1,2
0.468,0.1,0.45,0,0,1,2
0.468,0.103,0.45,0,0,1,2
0.468,0.106,0.45,0,0,1,2
0.468,0.109,0.45,0,0,1,2
0.468,0.112,0.45,0,0,1,2
0.468,0.115,0.45,0,0,1,2
0.468,0.118,0.45,0,0,1,2
0.468,0.121,0.45,0,0,1,2
0.468,0.124,0.45,0,0,1,2
0.468,0.127,0.45,0,0,1,2
0.468,0.13,0.45,0,0,1,2
0.468,0.133,0.45,0,0,1,2
0.468,0.136,0.45,0,0,1,2
0.468,0.139,0.45,0,0,1,2
0.468,0.142,0.45,0,0,1,2
0.468,0.145,0.45,0,0,1,2
0.468,0.148,0.45,0,0,1,2
0.468,0.151,0.45,0,0,1,2
0.468,0.154,0.45,0,0,1,2
0.468,0.157,0.45,0,0,1,2
0.468,0.16,0.45,0,0,1,2
0.468,0.163,0.45,0,0,1,2
0.468,0.166,0.45,0,0,1,2
0.468,0.169,0.45,0,0,1,2
0.468,0.172,0.45,0,0,1,2
0.468,0.175,0.45,0,0,1,2
0.468,0.178,0.45,0,0,1,2
0.468,0.181,0.45,0,0,1,2
0.468,0.184,0.45,0,0,1,2
0.468,0.187,0.45,0,0,1,2
0.468,0.19,0.45,0,0,1,2
0.468,0.193,0.45,0,0,1,2
0.468,0.196,0.45,0,0,1,2
0.468,0.199,0.45,0,0,1,2
0.468,0.202,0.45,0,0,1,2
0.468,0.205,0.45,0,0,1,2
0.468,0.208,0.45,0,0,1,2
0.468,0.211,0.45,0,0,1,2
0.468,0.214,0.45,0,0,1,2
0.468,0.217,0.45,0,0,1,2
0.468,0.22,0.45,0,0,1,2
0.468,0.223,0.45,0,0,1,2
0.468,0.226,0.45,0,0,1,2
0.468,0.229,0.45,0,0,1,2
0.468,0.232,0.45,0,0,1,2
0.468,0.235,0.45,0,0,1,2
0.468,0.238,0.45,0,0,1,2
0.468,0.241,0.45,0,0,1,2
0.468,0.244,0.45,0,0,1,2
0.468,0.247,0.45,0,0,1,2
0.468,0.25,0.45,0,0,1,2
0.468,0.253,0.45,0,0,1,2
0.468,0.256,0.45,0,0,1,2
0.468,0.259,0.45,0,0,1,2
0.471,0.1,0.45,0,0,1,2
0.471,0.103,0.45,0,0,1,2
0.471,0.106,0.45,0,0,1,2
0.471,0.109,0.45,0,0,1,2
0.471,0.112,0.45,0,0,1,2
0.471,0.115,0.45,0,0,1,2
0.471,0.118,0.45,0,0,1,2
0.471,0.121,0.45,0,0,1,2
0.471,0.124,0.45,0,0,1,2
0.471,0.127,0.45,0,0,1,2
0.471,0.13,0.45,0,0,1,2
0.471,0.133,0.45,0,0,1,2
0.471,0.136,0.45,0,0,1,2
0.471,0.139,0.45,0,0,1,2
0.471,0.142,0.45,0,0,1,2
0.471,0.145,0.45,0,0,1,2
0.471,0.148,0.45,0,0,1,2
0.471,0.151,0.45,0,0,1,2
0.471,0.154,0.45,0,0,1,2
0.471,0.157,0.45,0,0,1,2
0.471,0.16,0.45,0,0,1,2
0.471,0.163,0.45,0,0,1,2
0.471,0.166,0.45,0,0,1,2
0.471,0.169,0.45,0,0,1,2
0.471,0.172,0.45,0,0,1,2
0.471,0.175,0.45,0,0,1,2
0.471,0.178,0.45,0,0,1,2
0.471,0.181,0.45,0,0,1,2
0.471,0.184,0.45,0,0,1,2
0.471,0.187,0.45,0,0,1,2
0.471,0.19,0.45,0,0,1,2
0.471,0.193,0.45,0,0,1,2
0.471,0.196,0.45,0,0,1,2
0.471,0.199,0.45,0,0,1,2
0.471,0.202,0.45,0,0,1,2
0.471,0.205,0.45,0,0,1,2
0.471,0.208,0.45,0,0,1,2
0.471,0.211,0.45,0,0,1,2
0.471,0.214,0.45,0,0,1,2
0.471,0.217,0.45,0,0,1,2
0.471,0.22,0.45,0,0,1,2
0.471,0.223,0.45,0,0,1,2
0.471,0.226,0.45,0,0,1,2
0.471,0.229,0.45,0,0,1,2
0.471,0.232,0.45,0,0,1,2
0.471,0.235,0.45,0,0,1,2
0.471,0.238,0.45,0,0,1,2
0.471,0.241,0.45,0,0,1,2
0.471,0.244,0.45,0,0,1,2
0.471,0.247,0.45,0,0,1,2
0.471,0.25,0.45,0,0,1,2
0.471,0.253,0.45,0,0,1,2
0.471,0.256,0.45,0,0,1,2
0.471,0.259,0.45,0,0,1,2
0.474,0.1,0.45,0,0,1,2
0.474,0.103,0.45,0,0,1,2
0.474,0.106,0.45,0,0,1,2
0.474,0.109,0.45,0,0,1,2
0.474,0.112,0.45,0,0,1,2
0.474,0.115,0.45,0,0,1,2
0.474,0.118,0.45,0,0,1,2
0.474,0.121,0.45,0,0,1,2
0.474,0.124,0.45,0,0,1,2
0.474,0.127,0.45,0,0,1,2
0.474,0.13,0.45,0,0,1,2
0.474,0.133,0.45,0,0,1,2
0.474,0.136,0.45,0,0,1,2
0.474,0.139,0.45,0,0,1,2
0.474,0.142,0.45,0,0,1,2
0.474,0.145,0.45,0,0,1,2
0.474,0.148,0.45,0,0,1,2
0.474,0.151,0.45,0,0,1,2
0.474,0.154,0.45,0,0,1,2
0.474,0.157,0.45,0,0,1,2
0.474,0.16,0.45,0,0,1,2
0.474,0.163,0.45,0,0,1,2
0.474,0.166,0.45,0,0,1,2
0.474,0.169,0.45,0,0,1,2
0.474,0.172,0.45,0,0,1,2
0.474,0.175,0.45,0,0,1,2
0.474,0.178,0.45,0,0,1,2
0.474,0.181,0.45,0,0,1,2
0.474,0.184,0.45,0,0,1,2
0.474,0.187,0.45,0,0,1,2
0.474,0.19,0.45,0,0,1,2
0.474,0.193,0.45,0,0,1,2
0.474,0.196,0.45,0,0,1,2
0.474,0.199,0.45,0,0,1,2
0.474,0.202,0.45,0,0,1,2
0.474,0.205,0.45,0,0,1,2
0.474,0.208,0.45,0,0,1,2
0.474,0.211,0.45,0,0,1,2
0.474,0.214,0.45,0,0,1,2
0.474,0.217,0.45,0,0,1,2
0.474,0.22,0.45,0,0,1,2
0.474,0.223,0.45,0,0,1,2
0.474,0.226,0.45,0,0,1,2
0.474,0.229,0.45,0,0,1,2
0.474,0.232,0.45,0,0,1,2
0.474,0.235,0.45,0,0,1,2
0.474,0.238,0.45,0,0,1,2
0.474,0.241,0.45,0,0,1,2
0.474,0.244,0.45,0,0,1,2
0.474,0.247,0.45,0,0,1,2
0.474,0.25,0.45,0,0,1,2
0.474,0.253,0.45,0,0,1,2
0.474,0.256,0.45,0,0,1,2
0.474,0.259,0.45,0,0,1,2
0.477,0.1,0.45,0,0,1,2
0.477,0.103,0.45,0,0,1,2
0.477,0.106,0.45,0,0,1,2
0.477,0.109,0.45,0,0,1,2
0.477,0.112,0.45,0,0,1,2
0.477,0.115,0.45,0,0,1,2
0.477,0.118,0.45,0,0,1,2
0.477,0.121,0.45,0,0,1,2
0.477,0.124,0.45,0,0,1,2
0.477,0.127,0.45,0,0,1,2
0.477,0.13,0.45,0,0,1,2
0.477,0.133,0.45,0,0,1,2
0.477,0.136,0.45,0,0,1,2
0.477,0.139,0.45,0,0,1,2
0.477,0.142,0.45,0,0,1,2
0.477,0.145,0.45,0,0,1,2
0.477,0.148,0.45,0,0,1,2
0.477,0.151,0.45,0,0,1,2
0.477,0.154,0.45,0,0,1,2
0.477,0.157,0.45,0,0,1,2
0.477,0.16,0.45,0,0,1,2
0.477,0.163,0.45,0,0,1,2
0.477,0.166,0.45,0,0,1,2
0.477,0.169,0.45,0,0,1,2
0.477,0.172,0.45,0,0,1,2
0.477,0.175,0.45,0,0,1,2
0.477,0.178,0.45,0,0,1,2
0.477,0.181,0.45,0,0,1,2
0.477,0.184,0.45,0,0,1,2
0.477,0.187,0.45,0,0,1,2
0.477,0.19,0.45,0,0,1,2
0.477,0.193,0.45,0,0,1,2
0.477,0.196,0.45,0,0,1,2
0.477,0.199,0.45,0,0,1,2
0.477,0.202,0.45,0,0,1,2
0.477,0.205,0.45,0,0,1,2
0.477,0.208,0.45,0,0,1,2
0.477,0.211,0.45,0,0,1,2
0.477,0.214,0.45,0,0,1,2
0.477,0.217,0.45,0,0,1,2
0.477,0.22,0.45,0,0,1,2
0.477,0.223,0.45,0,0,1,2
0.477,0.226,0.45,0,0,1,2
0.477,0.229,0.45,0,0,1,2
0.477,0.232,0.45,0,0,1,2
0.477,0.235,0.45,0,0,1,2
0.477,0.238,0.45,0,0,1,2
0.477,0.241,0.45,0,0,1,2
0.477,0.244,0.45,0,0,1,2
0.477,0.247,0.45,0,0,1,2
0.477,0.25,0.45,0,0,1,2
0.477,0.253,0.45,0,0,1,2
0.477,0.256,0.45,0,0,1,2
0.477,0.259,0.45,0,0,1,2
0.48,0.1,0.45,0,0,1,2
0.48,0.103,0.45,0,0,1,2
0.48,0.106,0.45,0,0,1,2
0.48,0.109,0.45,0,0,1,2
0.48,0.112,0.45,0,0,1,2
0.48,0.115,0.45,0,0,1,2
0.48,0.118,0.45,0,0,1,2
0.48,0.121,0.45,0,0,1,2
0.48,0.124,0.45,0,0,1,2
0.48,0.127,0.45,0,0,1,2
0.48,0.13,0.45,0,0,1,2
0.48,0.133,0.45,0,0,1,2
0.48,0.136,0.45,0,0,1,2
0.48,0.139,0.45,0,0,1,2
0.48,0.142,0.45,0,0,1,2
0.48,0.145,0.45,0,0,1,2
0.48,0.148,0.45,0,0,1,2
0.48,0.151,0.45,0,0,1,2
0.48,0.154,0.45,0,0,1,2
0.48,0.157,0.45,0,0,1,2
0.48,0.16,0.45,0,0,1,2
0.48,0.163,0.45,0,0,1,2
0.48,0.166,0.45,0,0,1,2
0.48,0.169,0.45,0,0,1,2
0.48,0.172,0.45,0,0,1,2
0.48,0.175,0.45,0,0,1,2
0.48,0.178,0.45,0,0,1,2
0.48,0.181,0.45,0,0,1,2
0.48,0.184,0.45,0,0,1,2
0.48,0.187,0.45,0,0,1,2
0.48,0.19,0.45,0,0,1,2
0.48,0.193,0.45,0,0,1,2
0.48,0.196,0.45,0,0,1,2
0.48,0.199,0.45,0,0,1,2
0.48,0.202,0.45,0,0,1,2
0.48,0.205,0.45,0,0,1,2
0.48,0.208,0.45,0,0,1,2
0.48,0.211,0.45,0,0,1,2
0.48,0.214,0.45,0,0,1,2
0.48,0.217,0.45,0,0,1,2
0.48,0.22,0.45,0,0,1,2
0.48,0.223,0.45,0,0,1,2
0.48,0.226,0.45,0,0,1,2
0.48,0.229,0.45,0,0,1,2
0.48,0.232,0.45,0,0,1,2
0.48,0.235,0.45,0,0,1,2
0.48,0.238,0.45,0,0,1,2
0.48,0.241,0.45,0,0,1,2
0.48,0.244,0.45,0,0,1,2
0.48,0.247,0.45,0,0,1,2
0.48,0.25,0.45,0,0,1,2
0.48,0.253,0.45,0,0,1,2
0.48,0.256,0.45,0,0,1,2
0.48,0.259,0.45,0,0,1,2
0.483,0.1,0.45,0,0,1,2
0.483,0.103,0.45,0,0,1,2
0.483,0.106,0.45,0,0,1,2
0.483,0.109,0.45,0,0,1,2
0.483,0.112,0.45,0,0,1,2
0.483,0.115,0.45,0,0,1,2
0.483,0.118,0.45,0,0,1,2
0.483,0.121,0.45,0,0,1,2
0.483,0.124,0.45,0,0,1,2
0.483,0.127,0.45,0,0,1,2
0.483,0.13,0.45,0,0,1,2
0.483,0.133,0.45,0,0,1,2
0.483,0.136,0.45,0,0,1,2
0.483,0.139,0.45,0,0,1,2
0.483,0.142,0.45,0,0,1,2
0.483,0.145,0.45,0,0,1,2
0.483,0.148,0.45,0,0,1,2
0.483,0.151,0.45,0,0,1,2
0.483,0.154,0.45,0,0,1,2
0.483,0.157,0.45,0,0,1,2
0.483,0.16,0.45,0,0,1,2
0.483,0.163,0.45,0,0,1,2
0.483,0.166,0.45,0,0,1,2
0.483,0.169,0.45,0,0,1,2
0.483,0.172,0.45,0,0,1,2
0.483,0.175,0.45,0,0,1,2
0.483,0.178,0.45,0,0,1,2
0.483,0.181,0.45,0,0,1,2
0.483,0.184,0.45,0,0,1,2
0.483,0.187,0.45,0,0,1,2
0.483,0.19,0.45,0,0,1,2
0.483,0.193,0.45,0,0,1,2
0.483,0.196,0.45,0,0,1,2
0.483,0.199,0.45,0,0,1,2
0.483,0.202,0.45,0,0,1,2
0.483,0.205,0.45,0,0,1,2
0.483,0.208,0.45,0,0,1,2
0.483,0.211,0.45,0,0,1,2
0.483,0.214,0.45,0,0,1,2
0.483,0.217,0.45,0,0,1,2
0.483,0.22,0.45,0,0,1,2
0.483,0.223,0.45,0,0,1,2
0.483,0.226,0.45,0,0,1,2
0.483,0.229,0.45,0,0,1,2
0.483,0.232,0.45,0,0,1,2
0.483,0.235,0.45,0,0,1,2
0.483,0.238,0.45,0,0,1,2
0.483,0.241,0.45,0,0,1,2
0.483,0.244,0.45,0,0,1,2
0.483,0.247,0.45,0,0,1,2
0.483,0.25,0.45,0,0,1,2
0.483,0.253,0.45,0,0,1,2
0.483,0.256,0.45,0,0,1,2
0.483,0.259,0.45,0,0,1,2
0.486,0.1,0.45,0,0,1,2
0.486,0.103,0.45,0,0,1,2
0.486,0.106,0.45,0,0,1,2
0.486,0.109,0.45,0,0,1,2
0.486,0.112,0.45,0,0,1,2
0.486,0.115,0.45,0,0,1,2
0.486,0.118,0.45,0,0,1,2
0.486,0.121,0.45,0,0,1,2
0.486,0.124,0.45,0,0,1,2
0.486,0.127,0.45,0,0,1,2
0.486,0.13,0.45,0,0,1,2
0.486,0.133,0.45,0,0,1,2
0.486,0.136,0.45,0,0,1,2
0.486,0.139,0.45,0,0,1,2
0.486,0.142,0.45,0,0,1,2
0.486,0.145,0.45,0,0,1,2
0.486,0.148,0.45,0,0,1,2
0.486,0.151,0.45,0,0,1,2
0.486,0.154,0.45,0,0,1,2
0.486,0.157,0.45,0,0,1,2
0.486,0.16,0.45,0,0,1,2
0.486,0.163,0.45,0,0,1,2
0.486,0.166,0.45,0,0,1,2
0.486,0.169,0.45,0,0,1,2
0.486,0.172,0.45,0,0,1,2
0.486,0.175,0.45,0,0,1,2
0.486,0.178,0.45,0,0,1,2
0.486,0.181,0.45,0,0,1,2
0.486,0.184,0.45,0,0,1,2
0.486,0.187,0.45,0,0,1,2
0.486,0.19,0.45,0,0,1,2
0.486,0.193,0.45,0,0,1,2
0.486,0.196,0.45,0,0,1,2
0.486,0.199,0.45,0,0,1,2
0.486,0.202,0.45,0,0,1,2
0.486,0.205,0.45,0,0,1,2
0.486,0.208,0.45,0,0,1,2
0.486,0.211,0.45,0,0,1,2
0.486,0.214,0.45,0,0,1,2
0.486,0.217,0.45,0,0,1,2
0.486,0.22,0.45,0,0,1,2
0.486,0.223,0.45,0,0,1,2
0.486,0.226,0.45,0,0,1,2
0.486,0.229,0.45,0,0,1,2
0.486,0.232,0.45,0,0,1,2
0.486,0.235,0.45,0,0,1,2
0.486,0.238,0.45,0,0,1,2
0.486,0.241,0.45,0,0,1,2
0.486,0.244,0.45,0,0,1,2
0.486,0.247,0.45,0,0,1,2
0.486,0.25,0.45,0,0,1,2
0.486,0.253,0.45,0,0,1,2
0.486,0.256,0.45,0,0,1,2
0.486,0.259,0.45,0,0,1,2
0.489,0.1,0.45,0,0,1,2
0.489,0.103,0.45,0,0,1,2
0.489,0.106,0.45,0,0,1,2
0.489,0.109,0.45,0,0,1,2
0.489,0.112,0.45,0,0,1,2
0.489,0.115,0.45,0,0,1,2
0.489,0.118,0.45,0,0,1,2
0.489,0.121,0.45,0,0,1,2
0.489,0.124,0.45,0,0,1,2
0.489,0.127,0.45,0,0,1,2
0.489,0.13,0.45,0,0,1,2
0.489,0.133,0.45,0,0,1,2
0.489,0.136,0.45,0,0,1,2
0.489,0.139,0.45,0,0,1,2
0.489,0.142,0.45,0,0,1,2
0.489,0.145,0.45,0,0,1,2
0.489,0.148,0.45,0,0,1,2
0.489,0.151,0.45,0,0,1,2
0.489,0.154,0.45,0,0,1,2
0.489,0.157,0.45,0,0,1,2
0.489,0.16,0.45,0,0,1,2
0.489,0.163,0.45,0,0,1,2
0.489,0.166,0.45,0,0,1,2
0.489,0.169,0.45,0,0,1,2
0.489,0.172,0.45,0,0,1,2
0.489,0.175,0.45,0,0,1,2
0.489,0.178,0.45,0,0,1,2
0.489,0.181,0.45,0,0,1,2
0.489,0.184,0.45,0,0,1,2
0.489,0.187,0.45,0,0,1,2
0.489,0.19,0.45,0,0,1,2
0.489,0.193,0.45,0,0,1,2
0.489,0.196,0.45,0,0,1,2
0.489,0.199,0.45,0,0,1,2
0.489,0.202,0.45,0,0,1,2
0.489,0.205,0.45,0,0,1,2
0.489,0.208,0.45,0,0,1,2
0.489,0.211,0.45,0,0,1,2
0.489,0.214,0.45,0,0,1,2
0.489,0.217,0.45,0,0,1,2
0.489,0.22,0.45,0,0,1,2
0.489,0.223,0.45,0,0,1,2
0.489,0.226,0.45,0,0,1,2
0.489,0.229,0.45,0,0,1,2
0.489,0.232,0.45,0,0,1,2
0.489,0.235,0.45,0,0,1,2
0.489,0.238,0.45,0,0,1,2
0.489,0.241,0.45,0,0,1,2
0.489,0.244,0.45,0,0,1,2
0.489,0.247,0.45,0,0,1,2
0.489,0.25,0.45,0,0,1,2
0.489,0.253,0.45,0,0,1,2
0.489,0.256,0.45,0,0,1,2
0.489,0.259,0.45,0,0,1,2
0.492,0.1,0.45,0,0,1,2
0.492,0.103,0.45,0,0,1,2
0.492,0.106,0.45,0,0,1,2
0.492,0.109,0.45,0,0,1,2
0.492,0.112,0.45,0,0,1,2
0.492,0.115,0.45,0,0,1,2
0.492,0.118,0.45,0,0,1,2
0.492,0.121,0.45,0,0,1,2
0.492,0.124,0.45,0,0,1,2
0.492,0.127,0.45,0,0,1,2
0.492,0.13,0.45,0,0,1,2
0.492,0.133,0.45,0,0,1,2
0.492,0.136,0.45,0,0,1,2
0.492,0.139,0.45,0,0,1,2
0.492,0.142,0.45,0,0,1,2
0.492,0.145,0.45,0,0,1,2
0.492,0.148,0.45,0,0,1,2
0.492,0.151,0.45,0,0,1,2
0.492,0.154,0.45,0,0,1,2
0.492,0.157,0.45,0,0,1,2
0.492,0.16,0.45,0,0,1,2
0.492,0.163,0.45,0,0,1,2
0.492,0.166,0.45,0,0,1,2
0.492,0.169,0.45,0,0,1,2
0.492,0.172,0.45,0,0,1,2
0.492,0.175,0.45,0,0,1,2
0.492,0.178,0.45,0,0,1,2
0.492,0.181,0.45,0,0,1,2
0.492,0.184,0.45,0,0,1,2
0.492,0.187,0.45,0,0,1,2
0.492,0.19,0.45,0,0,1,2
0.492,0.193,0.45,0,0,1,2
0.492,0.196,0.45,0,0,1,2
0.492,0.199,0.45,0,0,1,2
0.492,0.202,0.45,0,0,1,2
0.492,0.205,0.45,0,0,1,2
0.492,0.208,0.45,0,0,1,2
0.492,0.211,0.45,0,0,1,2
0.492,0.214,0.45,0,0,1,2
0.492,0.217,0.45,0,0,1,2
0.492,0.22,0.45,0,0,1,2
0.492,0.223,0.45,0,0,1,2
0.492,0.226,0.45,0,0,1,2
0.492,0.229,0.45,0,0,1,2
0.492,0.232,0.45,0,0,1,2
0.492,0.235,0.45,0,0,1,2
0.492,0.238,0.45,0,0,1,2
0.492,0.241,0.45,0,0,1,2
0.492,0.244,0.45,0,0,1,2
0.492,0.247,0.45,0,0,1,2
0.492,0.25,0.45,0,0,1,2
0.492,0.253,0.45,0,0,1,2
0.492,0.256,0.45,0,0,1,2
0.492,0.259,0.45,0,0,1,2
0.495,0.1,0.45,0,0,1,2
0.495,0.103,0.45,0,0,1,2
0.495,0.106,0.45,0,0,1,2
0.495,0.109,0.45,0,0,1,2
0.495,0.112,0.45,0,0,1,2
0.495,0.115,0.45,0,0,1,2
0.495,0.118,0.45,0,0,1,2
0.495,0.121,0.45,0,0,1,2
0.495,0.124,0.45,0,0,1,2
0.495,0.127,0.45,0,0,1,2
0.495,0.13,0.45,0,0,1,2
0.495,0.133,0.45,0,0,1,2
0.495,0.136,0.45,0,0,1,2
0.495,0.139,0.45,0,0,1,2
0.495,0.142,0.45,0,0,1,2
0.495,0.145,0.45,0,0,1,2
0.495,0.148,0.45,0,0,1,2
0.495,0.151,0.45,0,0,1,2
0.495,0.154,0.45,0,0,1,2
0.495,0.157,0.45,0,0,1,2
0.495,0.16,0.45,0,0,1,2
0.495,0.163,0.45,0,0,1,2
0.495,0.166,0.45,0,0,1,2
0.495,0.169,0.45,0,0,1,2
0.495,0.172,0.45,0,0,1,2
0.495,0.175,0.45,0,0,1,2
0.495,0.178,0.45,0,0,1,2
0.495,0.181,0.45,0,0,1,2
0.495,0.184,0.45,0,0,1,2
0.495,0.187,0.45,0,0,1,2
0.495,0.19,0.45,0,0,1,2
0.495,0.193,0.45,0,0,1,2
0.495,0.196,0.45,0,0,1,2
0.495,0.199,0.45,0,0,1,2
0.495,0.202,0.45,0,0,1,2
0.495,0.205,0.45,0,0,1,2
0.495,0.208,0.45,0,0,1,2
0.495,0.211,0.45,0,0,1,2
0.495,0.214,0.45,0,0,1,2
0.495,0.217,0.45,0,0,1,2
0.495,0.22,0.45,0,0,1,2
0.495,0.223,0.45,0,0,1,2
0.495,0.226,0.45,0,0,1,2
0.495,0.229,0.45,0,0,1,2
0.495,0.232,0.45,0,0,1,2
0.495,0.235,0.45,0,0,1,2
0.495,0.238,0.45,0,0,1,2
0.495,0.241,0.45,0,0,1,2
0.495,0.244,0.45,0,0,1,2
0.495,0.247,0.45,0,0,1,2
0.495,0.25,0.45,0,0,1,2
0.495,0.253,0.45,0,0,1,2
0.495,0.256,0.45,0,0,1,2
0.495,0.259,0.45,0,0,1,2
0.498,0.1,0.45,0,0,1,2
0.498,0.103,0.45,0,0,1,2
0.498,0.106,0.45,0,0,1,2
0.498,0.109,0.45,0,0,1,2
0.498,0.112,0.45,0,0,1,2
0.498,0.115,0.45,0,0,1,2
0.498,0.118,0.45,0,0,1,2
0.498,0.121,0.45,0,0,1,2
0.498,0.124,0.45,0,0,1,2
0.498,0.127,0.45,0,0,1,2
0.498,0.13,0.45,0,0,1,2
0.498,0.133,0.45,0,0,1,2
0.498,0.136,0.45,0,0,1,2
0.498,0.139,0.45,0,0,1,2
0.498,0.142,0.45,0,0,1,2
0.498,0.145,0.45,0,0,1,2
0.498,0.148,0.45,0,0,1,2
0.498,0.151,0.45,0,0,1,2
0.498,0.154,0.45,0,0,1,2
0.498,0.157,0.45,0,0,1,2
0.498,0.16,0.45,0,0,1,2
0.498,0.163,0.45,0,0,1,2
0.498,0.166,0.45,0,0,1,2
0.498,0.169,0.45,0,0,1,2
0.498,0.172,0.45,0,0,1,2
0.498,0.175,0.45,0,0,1,2
0.498,0.178,0.45,0,0,1,2
0.498,0.181,0.45,0,0,1,2
0.498,0.184,0.45,0,0,1,2
0.498,0.187,0.45,0,0,1,2
0.498,0.19,0.45,0,0,1,2
0.498,0.193,0.45,0,0,1,2
0.498,0.196,0.45,0,0,1,2
0.498,0.199,0.45,0,0,1,2
0.498,0.202,0.45,0,0,1,2
0.498,0.205,0.45,0,0,1,2
0.498,0.208,0.45,0,0,1,2
0.498,0.211,0.45,0,0,1,2
0.498,0.214,0.45,0,0,1,2
0.498,0.217,0.45,0,0,1,2
0.498,0.22,0.45,0,0,1,2
0.498,0.223,0.45,0,0,1,2
0.498,0.226,0.45,0,0,1,2
0.498,0.229,0.45,0,0,1,2
0.498,0.232,0.45,0,0,1,2
0.498,0.235,0.45,0,0,1,2
0.498,0.238,0.45,0,0,1,2
0.498,0.241,0.45,0,0,1,2
0.498,0.244,0.45,0,0,1,2
0.498,0.247,0.45,0,0,1,2
0.498,0.25,0.45,0,0,1,2
0.498,0.253,0.45,0,0,1,2
0.498,0.256,0.45,0,0,1,2
0.498,0.259,0.45,0,0,1,2
0.501,0.1,0.45,0,0,1,2
0.501,0.103,0.45,0,0,1,2
0.501,0.106,0.45,0,0,1,2
0.501,0.109,0.45,0,0,1,2
0.501,0.112,0.45,0,0,1,2
0.501,0.115,0.45,0,0,1,2
0.501,0.118,0.45,0,0,1,2
0.501,0.121,0.45,0,0,1,2
0.501,0.124,0.45,0,0,1,2
0.501,0.127,0.45,0,0,1,2
0.501,0.13,0.45,0,0,1,2
0.501,0.133,0.45,0,0,1,2
0.501,0.136,0.45,0,0,1,2
0.501,0.139,0.45,0,0,1,2
0.501,0.142,0.45,0,0,1,2
0.501,0.145,0.45,0,0,1,2
0.501,0.148,0.45,0,0,1,2
0.501,0.151,0.45,0,0,1,2
0.501,0.154,0.45,0,0,1,2
0.501,0.157,0.45,0,0,1,2
0.501,0.16,0.45,0,0,1,2
0.501,0.163,0.45,0,0,1,2
0.501,0.166,0.45,0,0,1,2
0.501,0.169,0.45,0,0,1,2
0.501,0.172,0.45,0,0,1,2
0.501,0.175,0.45,0,0,1,2
0.501,0.178,0.45,0,0,1,2
0.501,0.181,0.45,0,0,1,2
0.501,0.184,0.45,0,0,1,2
0.501,0.187,0.45,0,0,1,2
0.501,0.19,0.45,0,0,1,2
0.501,0.193,0.45,0,0,1,2
0.501,0.196,0.45,0,0,1,2
0.501,0.199,0.45,0,0,1,2
0.501,0.202,0.45,0,0,1,2
0.501,0.205,0.45,0,0,1,2
0.501,0.208,0.45,0,0,1,2
0.501,0.211,0.45,0,0,1,2
0.501,0.214,0.45,0,0,1,2
0.501,0.217,0.45,0,0,1,2
0.501,0.22,0.45,0,0,1,2
0.501,0.223,0.45,0,0,1,2
0.501,0.226,0.45,0,0,1,2
0.501,0.229,0.45,0,0,1,2
0.501,0.232,0.45,0,0,1,2
0.501,0.235,0.45,0,0,1,2
0.501,0.238,0.45,0,0,1,2
0.501,0.241,0.45,0,0,1,2
0.501,0.244,0.45,0,0,1,2
0.501,0.247,0.45,0,0,1,2
0.501,0.25,0.45,0,0,1,2
0.501,0.253,0.45,0,0,1,2
0.501,0.256,0.45,0,0,1,2
0.501,0.259,0.45,0,0,1,2
0.504,0.1,0.45,0,0,1,2
0.504,0.103,0.45,0,0,1,2
0.504,0.106,0.45,0,0,1,2
0.504,0.109,0.45,0,0,1,2
0.504,0.112,0.45,0,0,1,2
0.504,0.115,0.45,0,0,1,2
0.504,0.118,0.45,0,0,1,2
0.504,0.121,0.45,0,0,1,2
0.504,0.124,0.45,0,0,1,2
0.504,0.127,0.45,0,0,1,2
0.504,0.13,0.45,0,0,1,2
0.504,0.133,0.45,0,0,1,2
0.504,0.136,0.45,0,0,1,2
0.504,0.139,0.45,0,0,1,2
0.504,0.142,0.45,0,0,1,2
0.504,0.145,0.45,0,0,1,2
0.504,0.148,0.45,0,0,1,2
0.504,0.151,0.45,0,0,1,2
0.504,0.154,0.45,0,0,1,2
0.504,0.157,0.45,0,0,1,2
0.504,0.16,0.45,0,0,1,2
0.504,0.163,0.45,0,0,1,2
0.504,0.166,0.45,0,0,1,2
0.504,0.169,0.45,0,0,1,2
0.504,0.172,0.45,0,0,1,2
0.504,0.175,0.45,0,0,1,2
0.504,0.178,0.45,0,0,1,2
0.504,0.181,0.45,0,0,1,2
0.504,0.184,0.45,0,0,1,2
0.504,0.187,0.45,0,0,1,2
0.504,0.19,0.45,0,0,1,2
0.504,0.193,0.45,0,0,1,2
0.504,0.196,0.45,0,0,1,2
0.504,0.199,0.45,0,0,1,2
0.504,0.202,0.45,0,0,1,2
0.504,0.205,0.45,0,0,1,2
0.504,0.208,0.45,0,0,1,2
0.504,0.211,0.45,0,0,1,2
0.504,0.214,0.45,0,0,1,2
0.504,0.217,0.45,0,0,1,2
0.504,0.22,0.45,0,0,1,2
0.504,0.223,0.45,0,0,1,2
0.504,0.226,0.45,0,0,1,2
0.504,0.229,0.45,0,0,1,2
0.504,0.232,0.45,0,0,1,2
0.504,0.235,0.45,0,0,1,2
0.504,0.238,0.45,0,0,1,2
0.504,0.241,0.45,0,0,1,2
0.504,0.244,0.45,0,0,1,2
0.504,0.247,0.45,0,0,1,2
0.504,0.25,0.45,0,0,1,2
0.504,0.253,0.45,0,0,1,2
0.504,0.256,0.45,0,0,1,2
0.504,0.259,0.45,0,0,1,2
0.507,0.1,0.45,0,0,1,2
0.507,0.103,0.45,0,0,1,2
0.507,0.106,0.45,0,0,1,2
0.507,0.109,0.45,0,0,1,2
0.507,0.112,0.45,0,0,1,2
0.507,0.115,0.45,0,0,1,2
0.507,0.118,0.45,0,0,1,2
0.507,0.121,0.45,0,0,1,2
0.507,0.124,0.45,0,0,1,2
0.507,0.127,0.45,0,0,1,2
0.507,0.13,0.45,0,0,1,2
0.507,0.133,0.45,0,0,1,2
0.507,0.136,0.45,0,0,1,2
0.507,0.139,0.45,0,0,1,2
0.507,0.142,0.45,0,0,1,2
0.507,0.145,0.45,0,0,1,2
0.507,0.148,0.45,0,0,1,2
0.507,0.151,0.45,0,0,1,2
0.507,0.154,0.45,0,0,1,2
0.507,0.157,0.45,0,0,1,2
0.507,0.16,0.45,0,0,1,2
0.507,0.163,0.45,0,0,1,2
0.507,0.166,0.45,0,0,1,2
0.507,0.169,0.45,0,0,1,2
0.507,0.172,0.45,0,0,1,2
0.507,0.175,0.45,0,0,1,2
0.507,0.178,0.45,0,0,1,2
0.507,0.181,0.45,0,0,1,2
0.507,0.184,0.45,0,0,1,2
0.507,0.187,0.45,0,0,1,2
0.507,0.19,0.45,0,0,1,2
0.507,0.193,0.45,0,0,1,2
0.507,0.196,0.45,0,0,1,2
0.507,0.199,0.45,0,0,1,2
0.507,0.202,0.45,0,0,1,2
0.507,0.205,0.45,0,0,1,2
0.507,0.208,0.45,0,0,1,2
0.507,0.211,0.45,0,0,1,2
0.507,0.214,0.45,0,0,1,2
0.507,0.217,0.45,0,0,1,2
0.507,0.22,0.45,0,0,1,2
0.507,0.223,0.45,0,0,1,2
0.507,0.226,0.45,0,0,1,2
0.507,0.229,0.45,0,0,1,2
0.507,0.232,0.45,0,0,1,2
0.507,0.235,0.45,0,0,1,2
0.507,0.238,0.45,0,0,1,2
0.507,0.241,0.45,0,0,1,2
0.507,0.244,0.45,0,0,1,2
0.507,0.247,0.45,0,0,1,2
0.507,0.25,0.45,0,0,1,2
0.507,0.253,0.45,0,0,1,2
0.507,0.256,0.45,0,0,1,2
0.507,0.259,0.45,0,0,1,2
0.51,0.1,0.45,0,0,1,2
0.51,0.103,0.45,0,0,1,2
0.51,0.106,0.45,0,0,1,2
0.51,0.109,0.45,0,0,1,2
0.51,0.112,0.45,0,0,1,2
0.51,0.115,0.45,0,0,1,2
0.51,0.118,0.45,0,0,1,2
0.51,0.121,0.45,0,0,1,2
0.51,0.124,0.45,0,0,1,2
0.51,0.127,0.45,0,0,1,2
0.51,0.13,0.45,0,0,1,2
0.51,0.133,0.45,0,0,1,2
0.51,0.136,0.45,0,0,1,2
0.51,0.139,0.45,0,0,1,2
0.51,0.142,0.45,0,0,1,2
0.51,0.145,0.45,0,0,1,2
0.51,0.148,0.45,0,0,1,2
0.51,0.151,0.45,0,0,1,2
0.51,0.154,0.45,0,0,1,2
0.51,0.157,0.45,0,0,1,2
0.51,0.16,0.45,0,0,1,2
0.51,0.163,0.45,0,0,1,2
0.51,0.166,0.45,0,0,1,2
0.51,0.169,0.45,0,0,1,2
0.51,0.172,0.45,0,0,1,2
0.51,0.175,0.45,0,0,1,2
0.51,0.178,0.45,0,0,1,2
0.51,0.181,0.45,0,0,1,2
0.51,0.184,0.45,0,0,1,2
0.51,0.187,0.45,0,0,1,2
0.51,0.19,0.45,0,0,1,2
0.51,0.193,0.45,0,0,1,2
0.51,0.196,0.45,0,0,1,2
0.51,0.199,0.45,0,0,1,2
0.51,0.202,0.45,0,0,1,2
0.51,0.205,0.45,0,0,1,2
0.51,0.208,0.45,0,0,1,2
0.51,0.211,0.45,0,0,1,2
0.51,0.214,0.45,0,0,1,2
0.51,0.217,0.45,0,0,1,2
0.51,0.22,0.45,0,0,1,2
0.51,0.223,0.45,0,0,1,2
0.51,0.226,0.45,0,0,1,2
0.51,0.229,0.45,0,0,1,2
0.51,0.232,0.45,0,0,1,2
0.51,0.235,0.45,0,0,1,2
0.51,0.238,0.45,0,0,1,2
0.51,0.241,0.45,0,0,1,2
0.51,0.244,0.45,0,0,1,2
0.51,0.247,0.45,0,0,1,2
0.51,0.25,0.45,0,0,1,2
0.51,0.253,0.45,0,0,1,2
0.51,0.256,0.45,0,0,1,2
0.51,0.259,0.45,0,0,1,2
0.513,0.1,0.45,0,0,1,2
0.513,0.103,0.45,0,0,1,2
0.513,0.106,0.45,0,0,1,2
0.513,0.109,0.45,0,0,1,2
0.513,0.112,0.45,0,0,1,2
0.513,0.115,0.45,0,0,1,2
0.513,0.118,0.45,0,0,1,2
0.513,0.121,0.45,0,0,1,2
0.513,0.124,0.45,0,0,1,2
0.513,0.127,0.45,0,0,1,2
0.513,0.13,0.45,0,0,1,2
0.513,0.133,0.45,0,0,1,2
0.513,0.136,0.45,0,0,1,2
0.513,0.139,0.45,0,0,1,2
0.513,0.142,0.45,0,0,1,2
0.513,0.145,0.45,0,0,1,2
0.513,0.148,0.45,0,0,1,2
0.513,0.151,0.45,0,0,1,2
0.513,0.154,0.45,0,0,1,2
0.513,0.157,0.45,0,0,1,2
0.513,0.16,0.45,0,0,1,2
0.513,0.163,0.45,0,0,1,2
0.513,0.166,0.45,0,0,1,2
0.513,0.169,0.45,0,0,1,2
0.513,0.172,0.45,0,0,1,2
0.513,0.175,0.45,0,0,1,2
0.513,0.178,0.45,0,0,1,2
0.513,0.181,0.45,0,0,1,2
0.513,0.184,0.45,0,0,1,2
0.513,0.187,0.45,0,0,1,2
0.513,0.19,0.45,0,0,1,2
0.513,0.193,0.45,0,0,1,2
0.513,0.196,0.45,0,0,1,2
0.513,0.199,0.45,0,0,1,2
0.513,0.202,0.45,0,0,1,2
0.513,0.205,0.45,0,0,1,2
0.513,0.208,0.45,0,0,1,2
0.513,0.211,0.45,0,0,1,2
0.513,0.214,0.45,0,0,1,2
0.513,0.217,0.45,0,0,1,2
0.513,0.22,0.45,0,0,1,2
0.513,0.223,0.45,0,0,1,2
0.513,0.226,0.45,0,0,1,2
0.513,0.229,0.45,0,0,1,2
0.513,0.232,0.45,0,0,1,2
0.513,0.235,0.45,0,0,1,2
0.513,0.238,0.45,0,0,1,2
0.513,0.241,0.45,0,0,1,2
0.513,0.244,0.45,0,0,1,2
0.513,0.247,0.45,0,0,1,2
0.513,0.25,0.45,0,0,1,2
0.513,0.253,0.45,0,0,1,2
0.513,0.256,0.45,0,0,1,2
0.513,0.259,0.45,0,0,1,2
0.516,0.1,0.45,0,0,1,2
0.516,0.103,0.45,0,0,1,2
0.516,0.106,0.45,0,0,1,2
0.516,0.109,0.45,0,0,1,2
0.516,0.112,0.45,0,0,1,2
0.516,0.115,0.45,0,0,1,2
0.516,0.118,0.45,0,0,1,2
0.516,0.121,0.45,0,0,1,2
0.516,0.124,0.45,0,0,1,2
0.516,0.127,0.45,0,0,1,2
0.516,0.13,0.45,0,0,1,2
0.516,0.133,0.45,0,0,1,2
0.516,0.136,0.45,0,0,1,2
0.516,0.139,0.45,0,0,1,2
0.516,0.142,0.45,0,0,1,2
0.516,0.145,0.45,0,0,1,2
0.516,0.148,0.45,0,0,1,2
0.516,0.151,0.45,0,0,1,2
0.516,0.154,0.45,0,0,1,2
0.516,0.157,0.45,0,0,1,2
0.516,0.16,0.45,0,0,1,2
0.516,0.163,0.45,0,0,1,2
0.516,0.166,0.45,0,0,1,2
0.516,0.169,0.45,0,0,1,2
0.516,0.172,0.45,0,0,1,2
0.516,0.175,0.45,0,0,1,2
0.516,0.178,0.45,0,0,1,2
0.516,0.181,0.45,0,0,1,2
0.516,0.184,0.45,0,0,1,2
0.516,0.187,0.45,0,0,1,2
0.516,0.19,0.45,0,0,1,2
0.516,0.193,0.45,0,0,1,2
0.516,0.196,0.45,0,0,1,2
0.516,0.199,0.45,0,0,1,2
0.516,0.202,0.45,0,0,1,2
0.516,0.205,0.45,0,0,1,2
0.516,0.208,0.45,0,0,1,2
0.516,0.211,0.45,0,0,1,2
0.516,0.214,0.45,0,0,1,2
0.516,0.217,0.45,0,0,1,2
0.516,0.22,0.45,0,0,1,2
0.516,0.223,0.45,0,0,1,2
0.516,0.226,0.45,0,0,1,2
0.516,0.229,0.45,0,0,1,2
0.516,0.232,0.45,0,0,1,2
0.516,0.235,0.45,0,0,1,2
0.516,0.238,0.45,0,0,1,2
0.516,0.241,0.45,0,0,1,2
0.516,0.244,0.45,0,0,1,2
0.516,0.247,0.45,0,0,1,2
0.516,0.25,0.45,0,0,1,2
0.516,0.253,0.45,0,0,1,2
0.516,0.256,0.45,0,0,1,2
0.516,0.259,0.45,0,0,1,2
0.519,0.1,0.45,0,0,1,2
0.519,0.103,0.45,0,0,1,2
0.519,0.106,0.45,0,0,1,2
0.519,0.109,0.45,0,0,1,2
0.519,0.112,0.45,0,0,1,2
0.519,0.115,0.45,0,0,1,2
0.519,0.118,0.45,0,0,1,2
0.519,0.121,0.45,0,0,1,2
0.519,0.124,0.45,0,0,1,2
0.519,0.127,0.45,0,0,1,2
0.519,0.13,0.45,0,0,1,2
0.519,0.133,0.45,0,0,1,2
0.519,0.136,0.45,0,0,1,2
0.519,0.139,0.45,0,0,1,2
0.519,0.142,0.45,0,0,1,2
0.519,0.145,0.45,0,0,1,2
0.519,0.148,0.45,0,0,1,2
0.519,0.151,0.45,0,0,1,2
0.519,0.154,0.45,0,0,1,2
0.519,0.157,0.45,0,0,1,2
0.519,0.16,0.45,0,0,1,2
0.519,0.163,0.45,0,0,1,2
0.519,0.166,0.45,0,0,1,2
0.519,0.169,0.45,0,0,1,2
0.519,0.172,0.45,0,0,1,2
0.519,0.175,0.45,0,0,1,2
0.519,0.178,0.45,0,0,1,2
0.519,0.181,0.45,0,0,1,2
0.519,0.184,0.45,0,0,1,2
0.519,0.187,0.45,0,0,1,2
0.519,0.19,0.45,0,0,1,2
0.519,0.193,0.45,0,0,1,2
0.519,0.196,0.45,0,0,1,2
0.519,0.199,0.45,0,0,1,2
0.519,0.202,0.45,0,0,1,2
0.519,0.205,0.45,0,0,1,2
0.519,0.208,0.45,0,0,1,2
0.519,0.211,0.45,0,0,1,2
0.519,0.214,0.45,0,0,1,2
0.519,0.217,0.45,0,0,1,2
0.519,0.22,0.45,0,0,1,2
0.519,0.223,0.45,0,0,1,2
0.519,0.226,0.45,0,0,1,2
0.519,0.229,0.45,0,0,1,2
0.519,0.232,0.45,0,0,1,2
0.519,0.235,0.45,0,0,1,2
0.519,0.238,0.45,0,0,1,2
0.519,0.241,0.45,0,0,1,2
0.519,0.244,0.45,0,0,1,2
0.519,0.247,0.45,0,0,1,2
0.519,0.25,0.45,0,0,1,2
0.519,0.253,0.45,0,0,1,2
0.519,0.256,0.45,0,0,1,2
0.519,0.259,0.45,0,0,1,2
0.522,0.1,0.45,0,0,1,2
0.522,0.103,0.45,0,0,1,2
0.522,0.106,0.45,0,0,1,2
0.522,0.109,0.45,0,0,1,2
0.522,0.112,0.45,0,0,1,2
0.522,0.115,0.45,0,0,1,2
0.522,0.118,0.45,0,0,1,2
0.522,0.121,0.45,0,0,1,2
0.522,0.124,0.45,0,0,1,2
0.522,0.127,0.45,0,0,1,2
0.522,0.13,0.45,0,0,1,2
0.522,0.133,0.45,0,0,1,2
0.522,0.136,0.45,0,0,1,2
0.522,0.139,0.45,0,0,1,2
0.522,0.142,0.45,0,0,1,2
0.522,0.145,0.45,0,0,1,2
0.522,0.148,0.45,0,0,1,2
0.522,0.151,0.45,0,0,1,2
0.522,0.154,0.45,0,0,1,2
0.522,0.157,0.45,0,0,1,2
0.522,0.16,0.45,0,0,1,2
0.522,0.163,0.45,0,0,1,2
0.522,0.166,0.45,0,0,1,2
0.522,0.169,0.45,0,0,1,2
0.522,0.172,0.45,0,0,1,2
0.522,0.175,0.45,0,0,1,2
0.522,0.178,0.45,0,0,1,2
0.522,0.181,0.45,0,0,1,2
0.522,0.184,0.45,0,0,1,2
0.522,0.187,0.45,0,0,1,2
0.522,0.19,0.45,0,0,1,2
0.522,0.193,0.45,0,0,1,2
0.522,0.196,0.45,0,0,1,2
0.522,0.199,0.45,0,0,1,2
0.522,0.202,0.45,0,0,1,2
0.522,0.205,0.45,0,0,1,2
0.522,0.208,0.45,0,0,1,2
0.522,0.211,0.45,0,0,1,2
0.522,0.214,0.45,0,0,1,2
0.522,0.217,0.45,0,0,1,2
0.522,0.22,0.45,0,0,1,2
0.522,0.223,0.45,0,0,1,2
0.522,0.226,0.45,0,0,1,2
0.522,0.229,0.45,0,0,1,2
0.522,0.232,0.45,0,0,1,2
0.522,0.235,0.45,0,0,1,2
0.522,0.238,0.45,0,0,1,2
0.522,0.241,0.45,0,0,1,2
0.522,0.244,0.45,0,0,1,2
0.522,0.247,0.45,0,0,1,2
0.522,0.25,0.45,0,0,1,2
0.522,0.253,0.45,0,0,1,2
0.522,0.256,0.45,0,0,1,2
0.522,0.259,0.45,0,0,1,2
0.525,0.1,0.45,0,0,1,2
0.525,0.103,0.45,0,0,1,2
0.525,0.106,0.45,0,0,1,2
0.525,0.109,0.45,0,0,1,2
0.525,0.112,0.45,0,0,1,2
0.525,0.115,0.45,0,0,1,2
0.525,0.118,0.45,0,0,1,2
0.525,0.121,0.45,0,0,1,2
0.525,0.124,0.45,0,0,1,2
0.525,0.127,0.45,0,0,1,2
0.525,0.13,0.45,0,0,1,2
0.525,0.133,0.45,0,0,1,2
0.525,0.136,0.45,0,0,1,2
0.525,0.139,0.45,0,0,1,2
0.525,0.142,0.45,0,0,1,2
0.525,0.145,0.45,0,0,1,2
0.525,0.148,0.45,0,0,1,2
0.525,0.151,0.45,0,0,1,2
0.525,0.154,0.45,0,0,1,2
0.525,0.157,0.45,0,0,1,2
0.525,0.16,0.45,0,0,1,2
0.525,0.163,0.45,0,0,1,2
0.525,0.166,0.45,0,0,1,2
0.525,0.169,0.45,0,0,1,2
0.525,0.172,0.45,0,0,1,2
0.525,0.175,0.45,0,0,1,2
0.525,0.178,0.45,0,0,1,2
0.525,0.181,0.45,0,0,1,2
0.525,0.184,0.45,0,0,1,2
0.525,0.187,0.45,0,0,1,2
0.525,0.19,0.45,0,0,1,2
0.525,0.193,0.45,0,0,1,2
0.525,0.196,0.45,0,0,1,2
0.525,0.199,0.45,0,0,1,2
0.525,0.202,0.45,0,0,1,2
0.525,0.205,0.45,0,0,1,2
0.525,0.208,0.45,0,0,1,2
0.525,0.211,0.45,0,0,1,2
0.525,0.214,0.45,0,0,1,2
0.525,0.217,0.45,0,0,1,2
0.525,0.22,0.45,0,0,1,2
0.525,0.223,0.45,0,0,1,2
0.525,0.226,0.45,0,0,1,2
0.525,0.229,0.45,0,0,1,2
0.525,0.232,0.45,0,0,1,2
0.525,0.235,0.45,0,0,1,2
0.525,0.238,0.45,0,0,1,2
0.525,0.241,0.45,0,0,1,2
0.525,0.244,0.45,0,0,1,2
0.525,0.247,0.45,0,0,1,2
0.525,0.25,0.45,0,0,1,2
0.525,0.253,0.45,0,0,1,2
0.525,0.256,0.45,0,0,1,2
0.525,0.259,0.45,0,0,1,2
0.528,0.1,0.45,0,0,1,2
0.528,0.103,0.45,0,0,1,2
0.528,0.106,0.45,0,0,1,2
0.528,0.109,0.45,0,0,1,2
0.528,0.112,0.45,0,0,1,2
0.528,0.115,0.45,0,0,1,2
0.528,0.118,0.45,0,0,1,2
0.528,0.121,0.45,0,0,1,2
0.528,0.124,0.45,0,0,1,2
0.528,0.127,0.45,0,0,1,2
0.528,0.13,0.45,0,0,1,2
0.528,0.133,0.45,0,0,1,2
0.528,0.136,0.45,0,0,1,2
0.528,0.139,0.45,0,0,1,2
0.528,0.142,0.45,0,0,1,2
0.528,0.145,0.45,0,0,1,2
0.528,0.148,0.45,0,0,1,2
0.528,0.151,0.45,0,0,1,2
0.528,0.154,0.45,0,0,1,2
0.528,0.157,0.45,0,0,1,2
0.528,0.16,0.45,0,0,1,2
0.528,0.163,0.45,0,0,1,2
0.528,0.166,0.45,0,0,1,2
0.528,0.169,0.45,0,0,1,2
0.528,0.172,0.45,0,0,1,2
0.528,0.175,0.45,0,0,1,2
0.528,0.178,0.45,0,0,1,2
0.528,0.181,0.45,0,0,1,2
0.528,0.184,0.45,0,0,1,2
0.528,0.187,0.45,0,0,1,2
0.528,0.19,0.45,0,0,1,2
0.528,0.193,0.45,0,0,1,2
0.528,0.196,0.45,0,0,1,2
0.528,0.199,0.45,0,0,1,2
0.528,0.202,0.45,0,0,1,2
0.528,0.205,0.45,0,0,1,2
0.528,0.208,0.45,0,0,1,2
0.528,0.211,0.45,0,0,1,2
0.528,0.214,0.45,0,0,1,2
0.528,0.217,0.45,0,0,1,2
0.528,0.22,0.45,0,0,1,2
0.528,0.223,0.45,0,0,1,2
0.528,0.226,0.45,0,0,1,2
0.528,0.229,0.45,0,0,1,2
0.528,0.232,0.45,0,0,1,2
0.528,0.235,0.45,0,0,1,2
0.528,0.238,0.45,0,0,1,2
0.528,0.241,0.45,0,0,1,2
0.528,0.244,0.45,0,0,1,2
0.528,0.247,0.45,0,0,1,2
0.528,0.25,0.45,0,0,1,2
0.528,0.253,0.45,0,0,1,2
0.528,0.256,0.45,0,0,1,2
0.528,0.259,0.45,0,0,1,2
0.531,0.1,0.45,0,0,1,2
0.531,0.103,0.45,0,0,1,2
0.531,0.106,0.45,0,0,1,2
0.531,0.109,0.45,0,0,1,2
0.531,0.112,0.45,0,0,1,2
0.531,0.115,0.45,0,0,1,2
0.531,0.118,0.45,0,0,1,2
0.531,0.121,0.45,0,0,1,2
0.531,0.124,0.45,0,0,1,2
0.531,0.127,0.45,0,0,1,2
0.531,0.13,0.45,0,0,1,2
0.531,0.133,0.45,0,0,1,2
0.531,0.136,0.45,0,0,1,2
0.531,0.139,0.45,0,0,1,2
0.531,0.142,0.45,0,0,1,2
0.531,0.145,0.45,0,0,1,2
0.531,0.148,0.45,0,0,1,2
0.531,0.151,0.45,0,0,1,2
0.531,0.154,0.45,0,0,1,2
0.531,0.157,0.45,0,0,1,2
0.531,0.16,0.45,0,0,1,2
0.531,0.163,0.45,0,0,1,2
0.531,0.166,0.45,0,0,1,2
0.531,0.169,0.45,0,0,1,2
0.531,0.172,0.45,0,0,1,2
0.531,0.175,0.45,0,0,1,2
0.531,0.178,0.45,0,0,1,2
0.531,0.181,0.45,0,0,1,2
0.531,0.184,0.45,0,0,1,2
0.531,0.187,0.45,0,0,1,2
0.531,0.19,0.45,0,0,1,2
0.531,0.193,0.45,0,0,1,2
0.531,0.196,0.45,0,0,1,2
0.531,0.199,0.45,0,0,1,2
0.531,0.202,0.45,0,0,1,2
0.531,0.205,0.45,0,0,1,2
0.531,0.208,0.45,0,0,1,2
0.531,0.211,0.45,0,0,1,2
0.531,0.214,0.45,0,0,1,2
0.531,0.217,0.45,0,0,1,2
0.531,0.22,0.45,0,0,1,2
0.531,0.223,0.45,0,0,1,2
0.531,0.226,0.45,0,0,1,2
0.531,0.229,0.45,0,0,1,2
0.531,0.232,0.45,0,0,1,2
0.531,0.235,0.45,0,0,1,2
0.531,0.238,0.45,0,0,1,2
0.531,0.241,0.45,0,0,1,2
0.531,0.244,0.45,0,0,1,2
0.531,0.247,0.45,0,0,1,2
0.531,0.25,0.45,0,0,1,2
0.531,0.253,0.45,0,0,1,2
0.531,0.256,0.45,0,0,1,2
0.531,0.259,0.45,0,0,1,2
0.534,0.1,0.45,0,0,1,2
0.534,0.103,0.45,0,0,1,2
0.534,0.106,0.45,0,0,1,2
0.534,0.109,0.45,0,0,1,2
0.534,0.112,0.45,0,0,1,2
0.534,0.115,0.45,0,0,1,2
0.534,0.118,0.45,0,0,1,2
0.534,0.121,0.45,0,0,1,2
0.534,0.124,0.45,0,0,1,2
0.534,0.127,0.45,0,0,1,2
0.534,0.13,0.45,0,0,1,2
0.534,0.133,0.45,0,0,1,2
0.534,0.136,0.45,0,0,1,2
0.534,0.139,0.45,0,0,1,2
0.534,0.142,0.45,0,0,1,2
0.534,0.145,0.45,0,0,1,2
0.534,0.148,0.45,0,0,1,2
0.534,0.151,0.45,0,0,1,2
0.534,0.154,0.45,0,0,1,2
0.534,0.157,0.45,0,0,1,2
0.534,0.16,0.45,0,0,1,2
0.534,0.163,0.45,0,0,1,2
0.534,0.166,0.45,0,0,1,2
0.534,0.169,0.45,0,0,1,2
0.534,0.172,0.45,0,0,1,2
0.534,0.175,0.45,0,0,1,2
0.534,0.178,0.45,0,0,1,2
0.534,0.181,0.45,0,0,1,2
0.534,0.184,0.45,0,0,1,2
0.534,0.187,0.45,0,0,1,2
0.534,0.19,0.45,0,0,1,2
0.534,0.193,0.45,0,0,1,2
0.534,0.196,0.45,0,0,1,2
0.534,0.199,0.45,0,0,1,2
0.534,0.202,0.45,0,0,1,2
0.534,0.205,0.45,0,0,1,2
0.534,0.208,0.45,0,0,1,2
0.534,0.211,0.45,0,0,1,2
0.534,0.214,0.45,0,0,1,2
0.534,0.217,0.45,0,0,1,2
0.534,0.22,0.45,0,0,1,2
0.534,0.223,0.45,0,0,1,2
0.534,0.226,0.45,0,0,1,2
0.534,0.229,0.45,0,0,1,2
0.534,0.232,0.45,0,0,1,2
0.534,0.235,0.45,0,0,1,2
0.534,0.238,0.45,0,0,1,2
0.534,0.241,0.45,0,0,1,2
0.534,0.244,0.45,0,0,1,2
0.534,0.247,0.45,0,0,1,2
0.534,0.25,0.45,0,0,1,2
0.534,0.253,0.45,0,0,1,2
0.534,0.256,0.45,0,0,1,2
0.534,0.259,0.45,0,0,1,2
0.537,0.1,0.45,0,0,1,2
0.537,0.103,0.45,0,0,1,2
0.537,0.106,0.45,0,0,1,2
0.537,0.109,0.45,0,0,1,2
0.537,0.112,0.45,0,0,1,2
0.537,0.115,0.45,0,0,1,2
0.537,0.118,0.45,0,0,1,2
0.537,0.121,0.45,0,0,1,2
0.537,0.124,0.45,0,0,1,2
0.537,0.127,0.45,0,0,1,2
0.537,0.13,0.45,0,0,1,2
0.537,0.133,0.45,0,0,1,2
0.537,0.136,0.45,0,0,1,2
0.537,0.139,0.45,0,0,1,2
0.537,0.142,0.45,0,0,1,2
0.537,0.145,0.45,0,0,1,2
0.537,0.148,0.45,0,0,1,2
0.537,0.151,0.45,0,0,1,2
0.537,0.154,0.45,0,0,1,2
0.537,0.157,0.45,0,0,1,2
0.537,0.16,0.45,0,0,1,2
0.537,0.163,0.45,0,0,1,2
0.537,0.166,0.45,0,0,1,2
0.537,0.169,0.45,0,0,1,2
0.537,0.172,0.45,0,0,1,2
0.537,0.175,0.45,0,0,1,2
0.537,0.178,0.45,0,0,1,2
0.537,0.181,0.45,0,0,1,2
0.537,0.184,0.45,0,0,1,2
0.537,0.187,0.45,0,0,1,2
0.537,0.19,0.45,0,0,1,2
0.537,0.193,0.45,0,0,1,2
0.537,0.196,0.45,0,0,1,2
0.537,0.199,0.45,0,0,1,2
0.537,0.202,0.45,0,0,1,2
0.537,0.205,0.45,0,0,1,2
0.537,0.208,0.45,0,0,1,2
0.537,0.211,0.45,0,0,1,2
0.537,0.214,0.45,0,0,1,2
0.537,0.217,0.45,0,0,1,2
0.537,0.22,0.45,0,0,1,2
0.537,0.223,0.45,0,0,1,2
0.537,0.226,0.45,0,0,1,2
0.537,0.229,0.45,0,0,1,2
0.537,0.232,0.45,0,0,1,2
0.537,0.235,0.45,0,0,1,2
0.537,0.238,0.45,0,0,1,2
0.537,0.241,0.45,0,0,1,2
0.537,0.244,0.45,0,0,1,2
0.537,0.247,0.45,0,0,1,2
0.537,0.25,0.45,0,0,1,2
0.537,0.253,0.45,0,0,1,2
0.537,0.256,0.45,0,0,1,2
0.537,0.259,0.45,0,0,1,2
0.54,0.1,0.45,0,0,1,2
0.54,0.103,0.45,0,0,1,2
0.54,0.106,0.45,0,0,1,2
0.54,0.109,0.45,0,0,1,2
0.54,0.112,0.45,0,0,1,2
0.54,0.115,0.45,0,0,1,2
0.54,0.118,0.45,0,0,1,2
0.54,0.121,0.45,0,0,1,2
0.54,0.124,0.45,0,0,1,2
0.54,0.127,0.45,0,0,1,2
0.54,0.13,0.45,0,0,1,2
0.54,0.133,0.45,0,0,1,2
0.54,0.136,0.45,0,0,1,2
0.54,0.139,0.45,0,0,1,2
0.54,0.142,0.45,0,0,1,2
0.54,0.145,0.45,0,0,1,2
0.54,0.148,0.45,0,0,1,2
0.54,0.151,0.45,0,0,1,2
0.54,0.154,0.45,0,0,1,2
0.54,0.157,0.45,0,0,1,2
0.54,0.16,0.45,0,0,1,2
0.54,0.163,0.45,0,0,1,2
0.54,0.166,0.45,0,0,1,2
0.54,0.169,0.45,0,0,1,2
0.54,0.172,0.45,0,0,1,2
0.54,0.175,0.45,0,0,1,2
0.54,0.178,0.45,0,0,1,2
0.54,0.181,0.45,0,0,1,2
0.54,0.184,0.45,0,0,1,2
0.54,0.187,0.45,0,0,1,2
0.54,0.19,0.45,0,0,1,2
0.54,0.193,0.45,0,0,1,2
0.54,0.196,0.45,0,0,1,2
0.54,0.199,0.45,0,0,1,2
0.54,0.202,0.45,0,0,1,2
0.54,0.205,0.45,0,0,1,2
0.54,0.208,0.45,0,0,1,2
0.54,0.211,0.45,0,0,1,2
0.54,0.214,0.45,0,0,1,2
0.54,0.217,0.45,0,0,1,2
0.54,0.22,0.45,0,0,1,2
0.54,0.223,0.45,0,0,1,2
0.54,0.226,0.45,0,0,1,2
0.54,0.229,0.45,0,0,1,2
0.54,0.232,0.45,0,0,1,2
0.54,0.235,0.45,0,0,1,2
0.54,0.238,0.45,0,0,1,2
0.54,0.241,0.45,0,0,1,2
0.54,0.244,0.45,0,0,1,2
0.54,0.247,0.45,0,0,1,2
0.54,0.25,0.45,0,0,1,2
0.54,0.253,0.45,0,0,1,2
0.54,0.256,0.45,0,0,1,2
0.54,0.259,0.45,0,0,1,2
0.543,0.1,0.45,0,0,1,2
0.543,0.103,0.45,0,0,1,2
0.543,0.106,0.45,0,0,1,2
0.543,0.109,0.45,0,0,1,2
0.543,0.112,0.45,0,0,1,2
0.543,0.115,0.45,0,0,1,2
0.543,0.118,0.45,0,0,1,2
0.543,0.121,0.45,0,0,1,2
0.543,0.124,0.45,0,0,1,2
0.543,0.127,0.45,0,0,1,2
0.543,0.13,0.45,0,0,1,2
0.543,0.133,0.45,0,0,1,2
0.543,0.136,0.45,0,0,1,2
0.543,0.139,0.45,0,0,1,2
0.543,0.142,0.45,0,0,1,2
0.543,0.145,0.45,0,0,1,2
0.543,0.148,0.45,0,0,1,2
0.543,0.151,0.45,0,0,1,2
0.543,0.154,0.45,0,0,1,2
0.543,0.157,0.45,0,0,1,2
0.543,0.16,0.45,0,0,1,2
0.543,0.163,0.45,0,0,1,2
0.543,0.166,0.45,0,0,1,2
0.543,0.169,0.45,0,0,1,2
0.543,0.172,0.45,0,0,1,2
0.543,0.175,0.45,0,0,1,2
0.543,0.178,0.45,0,0,1,2
0.543,0.181,0.45,0,0,1,2
0.543,0.184,0.45,0,0,1,2
0.543,0.187,0.45,0,0,1,2
0.543,0.19,0.45,0,0,1,2
0.543,0.193,0.45,0,0,1,2
0.543,0.196,0.45,0,0,1,2
0.543,0.199,0.45,0,0,1,2
0.543,0.202,0.45,0,0,1,2
0.543,0.205,0.45,0,0,1,2
0.543,0.208,0.45,0,0,1,2
0.543,0.211,0.45,0,0,1,2
0.543,0.214,0.45,0,0,1,2
0.543,0.217,0.45,0,0,1,2
0.543,0.22,0.45,0,0,1,2
0.543,0.223,0.45,0,0,1,2
0.543,0.226,0.45,0,0,1,2
0.543,0.229,0.45,0,0,1,2
0.543,0.232,0.45,0,0,1,2
0.543,0.235,0.45,0,0,1,2
0.543,0.238,0.45,0,0,1,2
0.543,0.241,0.45,0,0,1,2
0.543,0.244,0.45,0,0,1,2
0.543,0.247,0.45,0,0,1,2
0.543,0.25,0.45,0,0,1,2
0.543,0.253,0.45,0,0,1,2
0.543,0.256,0.45,0,0,1,2
0.543,0.259,0.45,0,0,1,2
0.546,0.1,0.45,0,0,1,2
0.546,0.103,0.45,0,0,1,2
0.546,0.106,0.45,0,0,1,2
0.546,0.109,0.45,0,0,1,2
0.546,0.112,0.45,0,0,1,2
0.546,0.115,0.45,0,0,1,2
0.546,0.118,0.45,0,0,1,2
0.546,0.121,0.45,0,0,1,2
0.546,0.124,0.45,0,0,1,2
0.546,0.127,0.45,0,0,1,2
0.546,0.13,0.45,0,0,1,2
0.546,0.133,0.45,0,0,1,2
0.546,0.136,0.45,0,0,1,2
0.546,0.139,0.45,0,0,1,2
0.546,0.142,0.45,0,0,1,2
0.546,0.145,0.45,0,0,1,2
0.546,0.148,0.45,0,0,1,2
0.546,0.151,0.45,0,0,1,2
0.546,0.154,0.45,0,0,1,2
0.546,0.157,0.45,0,0,1,2
0.546,0.16,0.45,0,0,1,2
0.546,0.163,0.45,0,0,1,2
0.546,0.166,0.45,0,0,1,2
0.546,0.169,0.45,0,0,1,2
0.546,0.172,0.45,0,0,1,2
0.546,0.175,0.45,0,0,1,2
0.546,0.178,0.45,0,0,1,2
0.546,0.181,0.45,0,0,1,2
0.546,0.184,0.45,0,0,1,2
0.546,0.187,0.45,0,0,1,2
0.546,0.19,0.45,0,0,1,2
0.546,0.193,0.45,0,0,1,2
0.546,0.196,0.45,0,0,1,2
0.546,0.199,0.45,0,0,1,2
0.546,0.202,0.45,0,0,1,2
0.546,0.205,0.45,0,0,1,2
0.546,0.208,0.45,0,0,1,2
0.546,0.211,0.45,0,0,1,2
0.546,0.214,0.45,0,0,1,2
0.546,0.217,0.45,0,0,1,2
0.546,0.22,0.45,0,0,1,2
0.546,0.223,0.45,0,0,1,2
0.546,0.226,0.45,0,0,1,2
0.546,0.229,0.45,0,0,1,2
0.546,0.232,0.45,0,0,1,2
0.546,0.235,0.45,0,0,1,2
0.546,0.238,0.45,0,0,1,2
0.546,0.241,0.45,0,0,1,2
0.546,0.244,0.45,0,0,1,2
0.546,0.247,0.45,0,0,1,2
0.546,0.25,0.45,0,0,1,2
0.546,0.253,0.45,0,0,1,2
0.546,0.256,0.45,0,0,1,2
0.546,0.259,0.45,0,0,1,2
0.549,0.1,0.45,0,0,1,2
0.549,0.103,0.45,0,0,1,2
0.549,0.106,0.45,0,0,1,2
0.549,0.109,0.45,0,0,1,2
0.549,0.112,0.45,0,0,1,2
0.549,0.115,0.45,0,0,1,2
0.549,0.118,0.45,0,0,1,2
0.549,0.121,0.45,0,0,1,2
0.549,0.124,0.45,0,0,1,2
0.549,0.127,0.45,0,0,1,2
0.549,0.13,0.45,0,0,1,2
0.549,0.133,0.45,0,0,1,2
0.549,0.136,0.45,0,0,1,2
0.549,0.139,0.45,0,0,1,2
0.549,0.142,0.45,0,0,1,2
0.549,0.145,0.45,0,0,1,2
0.549,0.148,0.45,0,0,1,2
0.549,0.151,0.45,0,0,1,2
0.549,0.154,0.45,0,0,1,2
0.549,0.157,0.45,0,0,1,2
0.549,0.16,0.45,0,0,1,2
0.549,0.163,0.45,0,0,1,2
0.549,0.166,0.45,0,0,1,2
0.549,0.169,0.45,0,0,1,2
0.549,0.172,0.45,0,0,1,2
0.549,0.175,0.45,0,0,1,2
0.549,0.178,0.45,0,0,1,2
0.549,0.181,0.45,0,0,1,2
0.549,0.184,0.45,0,0,1,2
0.549,0.187,0.45,0,0,1,2
0.549,0.19,0.45,0,0,1,2
0.549,0.193,0.45,0,0,1,2
0.549,0.196,0.45,0,0,1,2
0.549,0.199,0.45,0,0,1,2
0.549,0.202,0.45,0,0,1,2
0.549,0.205,0.45,0,0,1,2
0.549,0.208,0.45,0,0,1,2
0.549,0.211,0.45,0,0,1,2
0.549,0.214,0.45,0,0,1,2
0.549,0.217,0.45,0,0,1,2
0.549,0.22,0.45,0,0,1,2
0.549,0.223,0.45,0,0,1,2
0.549,0.226,0.45,0,0,1,2
0.549,0.229,0.45,0,0,1,2
0.549,0.232,0.45,0,0,1,2
0.549,0.235,0.45,0,0,1,2
0.549,0.238,0.45,0,0,1,2
0.549,0.241,0.45,0,0,1,2
0.549,0.244,0.45,0,0,1,2
0.549,0.247,0.45,0,0,1,2
0.549,0.25,0.45,0,0,1,2
0.549,0.253,0.45,0,0,1,2
0.549,0.256,0.45,0,0,1,2
0.549,0.259,0.45,0,0,1,2
0.552,0.1,0.45,0,0,1,2
0.552,0.103,0.45,0,0,1,2
0.552,0.106,0.45,0,0,1,2
0.552,0.109,0.45,0,0,1,2
0.552,0.112,0.45,0,0,1,2
0.552,0.115,0.45,0,0,1,2
0.552,0.118,0.45,0,0,1,2
0.552,0.121,0.45,0,0,1,2
0.552,0.124,0.45,0,0,1,2
0.552,0.127,0.45,0,0,1,2
0.552,0.13,0.45,0,0,1,2
0.552,0.133,0.45,0,0,1,2
0.552,0.136,0.45,0,0,1,2
0.552,0.139,0.45,0,0,1,2
0.552,0.142,0.45,0,0,1,2
0.552,0.145,0.45,0,0,1,2
0.552,0.148,0.45,0,0,1,2
0.552,0.151,0.45,0,0,1,2
0.552,0.154,0.45,0,0,1,2
0.552,0.157,0.45,0,0,1,2
0.552,0.16,0.45,0,0,1,2
0.552,0.163,0.45,0,0,1,2
0.552,0.166,0.45,0,0,1,2
0.552,0.169,0.45,0,0,1,2
0.552,0.172,0.45,0,0,1,2
0.552,0.175,0.45,0,0,1,2
0.552,0.178,0.45,0,0,1,2
0.552,0.181,0.45,0,0,1,2
0.552,0.184,0.45,0,0,1,2
0.552,0.187,0.45,0,0,1,2
0.552,0.19,0.45,0,0,1,2
0.552,0.193,0.45,0,0,1,2
0.552,0.196,0.45,0,0,1,2
0.552,0.199,0.45,0,0,1,2
0.552,0.202,0.45,0,0,1,2
0.552,0.205,0.45,0,0,1,2
0.552,0.208,0.45,0,0,1,2
0.552,0.211,0.45,0,0,1,2
0.552,0.214,0.45,0,0,1,2
0.552,0.217,0.45,0,0,1,2
0.552,0.22,0.45,0,0,1,2
0.552,0.223,0.45,0,0,1,2
0.552,0.226,0.45,0,0,1,2
0.552,0.229,0.45,0,0,1,2
0.552,0.232,0.45,0,0,1,2
0.552,0.235,0.45,0,0,1,2
0.552,0.238,0.45,0,0,1,2
0.552,0.241,0.45,0,0,1,2
0.552,0.244,0.45,0,0,1,2
0.552,0.247,0.45,0,0,1,2
0.552,0.25,0.45,0,0,1,2
0.552,0.253,0.45,0,0,1,2
0.552,0.256,0.45,0,0,1,2
0.552,0.259,0.45,0,0,1,2
0.555,0.1,0.45,0,0,1,2
0.555,0.103,0.45,0,0,1,2
0.555,0.106,0.45,0,0,1,2
0.555,0.109,0.45,0,0,1,2
0.555,0.112,0.45,0,0,1,2
0.555,0.115,0.45,0,0,1,2
0.555,0.118,0.45,0,0,1,2
0.555,0.121,0.45,0,0,1,2
0.555,0.124,0.45,0,0,1,2
0.555,0.127,0.45,0,0,1,2
0.555,0.13,0.45,0,0,1,2
0.555,0.133,0.45,0,0,1,2
0.555,0.136,0.45,0,0,1,2
0.555,0.139,0.45,0,0,1,2
0.555,0.142,0.45,0,0,1,2
0.555,0.145,0.45,0,0,1,2
0.555,0.148,0.45,0,0,1,2
0.555,0.151,0.45,0,0,1,2
0.555,0.154,0.45,0,0,1,2
0.555,0.157,0.45,0,0,1,2
0.555,0.16,0.45,0,0,1,2
0.555,0.163,0.45,0,0,1,2
0.555,0.166,0.45,0,0,1,2
0.555,0.169,0.45,0,0,1,2
0.555,0.172,0.45,0,0,1,2
0.555,0.175,0.45,0,0,1,2
0.555,0.178,0.45,0,0,1,2
0.555,0.181,0.45,0,0,1,2
0.555,0.184,0.45,0,0,1,2
0.555,0.187,0.45,0,0,1,2
0.555,0.19,0.45,0,0,1,2
0.555,0.193,0.45,0,0,1,2
0.555,0.196,0.45,0,0,1,2
0.555,0.199,0.45,0,0,1,2
0.555,0.202,0.45,0,0,1,2
0.555,0.205,0.45,0,0,1,2
0.555,0.208,0.45,0,0,1,2
0.555,0.211,0.45,0,0,1,2
0.555,0.214,0.45,0,0,1,2
0.555,0.217,0.45,0,0,1,2
0.555,0.22,0.45,0,0,1,2
0.555,0.223,0.45,0,0,1,2
0.555,0.226,0.45,0,0,1,2
0.555,0.229,0.45,0,0,1,2
0.555,0.232,0.45,0,0,1,2
0.555,0.235,0.45,0,0,1,2
0.555,0.238,0.45,0,0,1,2
0.555,0.241,0.45,0,0,1,2
0.555,0.244,0.45,0,0,1,2
0.555,0.247,0.45,0,0,1,2
0.555,0.25,0.45,0,0,1,2
0.555,0.253,0.45,0,0,1,2
0.555,0.256,0.45,0,0,1,2
0.555,0.259,0.45,0,0,1,2
0.558,0.1,0.45,0,0,1,2
0.558,0.103,0.45,0,0,1,2
0.558,0.106,0.45,0,0,1,2
0.558,0.109,0.45,0,0,1,2
0.558,0.112,0.45,0,0,1,2
0.558,0.115,0.45,0,0,1,2
0.558,0.118,0.45,0,0,1,2
0.558,0.121,0.45,0,0,1,2
0.558,0.124,0.45,0,0,1,2
0.558,0.127,0.45,0,0,1,2
0.558,0.13,0.45,0,0,1,2
0.558,0.133,0.45,0,0,1,2
0.558,0.136,0.45,0,0,1,2
0.558,0.139,0.45,0,0,1,2
0.558,0.142,0.45,0,0,1,2
0.558,0.145,0.45,0,0,1,2
0.558,0.148,0.45,0,0,1,2
0.558,0.151,0.45,0,0,1,2
0.558,0.154,0.45,0,0,1,2
0.558,0.157,0.45,0,0,1,2
0.558,0.16,0.45,0,0,1,2
0.558,0.163,0.45,0,0,1,2
0.558,0.166,0.45,0,0,1,2
0.558,0.169,0.45,0,0,1,2
0.558,0.172,0.45,0,0,1,2
0.558,0.175,0.45,0,0,1,2
0.558,0.178,0.45,0,0,1,2
0.558,0.181,0.45,0,0,1,2
0.558,0.184,0.45,0,0,1,2
0.558,0.187,0.45,0,0,1,2
0.558,0.19,0.45,0,0,1,2
0.558,0.193,0.45,0,0,1,2
0.558,0.196,0.45,0,0,1,2
0.558,0.199,0.45,0,0,1,2
0.558,0.202,0.45,0,0,1,2
0.558,0.205,0.45,0,0,1,2
0.558,0.208,0.45,0,0,1,2
0.558,0.211,0.45,0,0,1,2
0.558,0.214,0.45,0,0,1,2
0.558,0.217,0.45,0,0,1,2
0.558,0.22,0.45,0,0,1,2
0.558,0.223,0.45,0,0,1,2
0.558,0.226,0.45,0,0,1,2
0.558,0.229,0.45,0,0,1,2
0.558,0.232,0.45,0,0,1,2
0.558,0.235,0.45,0,0,1,2
0.558,0.238,0.45,0,0,1,2
0.558,0.241,0.45,0,0,1,2
0.558,0.244,0.45,0,0,1,2
0.558,0.247,0.45,0,0,1,2
0.558,0.25,0.45,0,0,1,2
0.558,0.253,0.45,0,0,1,2
0.558,0.256,0.45,0,0,1,2
0.558,0.259,0.45,0,0,1,2
0.561,0.1,0.45,0,0,1,2
0.561,0.103,0.45,0,0,1,2
0.561,0.106,0.45,0,0,1,2
0.561,0.109,0.45,0,0,1,2
0.561,0.112,0.45,0,0,1,2
0.561,0.115,0.45,0,0,1,2
0.561,0.118,0.45,0,0,1,2
0.561,0.121,0.45,0,0,1,2
0.561,0.124,0.45,0,0,1,2
0.561,0.127,0.45,0,0,1,2
0.561,0.13,0.45,0,0,1,2
0.561,0.133,0.45,0,0,1,2
0.561,0.136,0.45,0,0,1,2
0.561,0.139,0.45,0,0,1,2
0.561,0.142,0.45,0,0,1,2
0.561,0.145,0.45,0,0,1,2
0.561,0.148,0.45,0,0,1,2
0.561,0.151,0.45,0,0,1,2
0.561,0.154,0.45,0,0,1,2
0.561,0.157,0.45,0,0,1,2
0.561,0.16,0.45,0,0,1,2
0.561,0.163,0.45,0,0,1,2
0.561,0.166,0.45,0,0,1,2
0.561,0.169,0.45,0,0,1,2
0.561,0.172,0.45,0,0,1,2
0.561,0.175,0.45,0,0,1,2
0.561,0.178,0.45,0,0,1,2
0.561,0.181,0.45,0,0,1,2
0.561,0.184,0.45,0,0,1,2
0.561,0.187,0.45,0,0,1,2
0.561,0.19,0.45,0,0,1,2
0.561,0.193,0.45,0,0,1,2
0.561,0.196,0.45,0,0,1,2
0.561,0.199,0.45,0,0,1,2
0.561,0.202,0.45,0,0,1,2
0.561,0.205,0.45,0,0,1,2
0.561,0.208,0.45,0,0,1,2
0.561,0.211,0.45,0,0,1,2
0.561,0.214,0.45,0,0,1,2
0.561,0.217,0.45,0,0,1,2
0.561,0.22,0.45,0,0,1,2
0.561,0.223,0.45,0,0,1,2
0.561,0.226,0.45,0,0,1,2
0.561,0.229,0.45,0,0,1,2
0.561,0.232,0.45,0,0,1,2
0.561,0.235,0.45,0,0,1,2
0.561,0.238,0.45,0,0,1,2
0.561,0.241,0.45,0,0,1,2
0.561,0.244,0.45,0,0,1,2
0.561,0.247,0.45,0,0,1,2
0.561,0.25,0.45,0,0,1,2
0.561,0.253,0.45,0,0,1,2
0.561,0.256,0.45,0,0,1,2
0.561,0.259,0.45,0,0,1,2
0.564,0.1,0.45,0,0,1,2
0.564,0.103,0.45,0,0,1,2
0.564,0.106,0.45,0,0,1,2
0.564,0.109,0.45,0,0,1,2
0.564,0.112,0.45,0,0,1,2
0.564,0.115,0.45,0,0,1,2
0.564,0.118,0.45,0,0,1,2
0.564,0.121,0.45,0,0,1,2
0.564,0.124,0.45,0,0,1,2
0.564,0.127,0.45,0,0,1,2
0.564,0.13,0.45,0,0,1,2
0.564,0.133,0.45,0,0,1,2
0.564,0.136,0.45,0,0,1,2
0.564,0.139,0.45,0,0,1,2
0.564,0.142,0.45,0,0,1,2
0.564,0.145,0.45,0,0,1,2
0.564,0.148,0.45,0,0,1,2
0.564,0.151,0.45,0,0,1,2
0.564,0.154,0.45,0,0,1,2
0.564,0.157,0.45,0,0,1,2
0.564,0.16,0.45,0,0,1,2
0.564,0.163,0.45,0,0,1,2
0.564,0.166,0.45,0,0,1,2
0.564,0.169,0.45,0,0,1,2
0.564,0.172,0.45,0,0,1,2
0.564,0.175,0.45,0,0,1,2
0.564,0.178,0.45,0,0,1,2
0.564,0.181,0.45,0,0,1,2
0.564,0.184,0.45,0,0,1,2
0.564,0.187,0.45,0,0,1,2
0.564,0.19,0.45,0,0,1,2
0.564,0.193,0.45,0,0,1,2
0.564,0.196,0.45,0,0,1,2
0.564,0.199,0.45,0,0,1,2
0.564,0.202,0.45,0,0,1,2
0.564,0.205,0.45,0,0,1,2
0.564,0.208,0.45,0,0,1,2
0.564,0.211,0.45,0,0,1,2
0.564,0.214,0.45,0,0,1,2
0.564,0.217,0.45,0,0,1,2
0.564,0.22,0.45,0,0,1,2
0.564,0.223,0.45,0,0,1,2
0.564,0.226,0.45,0,0,1,2
0.564,0.229,0.45,0,0,1,2
0.564,0.232,0.45,0,0,1,2
0.564,0.235,0.45,0,0,1,2
0.564,0.238,0.45,0,0,1,2
0.564,0.241,0.45,0,0,1,2
0.564,0.244,0.45,0,0,1,2
0.564,0.247,0.45,0,0,1,2
0.564,0.25,0.45,0,0,1,2
0.564,0.253,0.45,0,0,1,2
0.564,0.256,0.45,0,0,1,2
0.564,0.259,0.45,0,0,1,2
0.567,0.1,0.45,0,0,1,2
0.567,0.103,0.45,0,0,1,2
0.567,0.106,0.45,0,0,1,2
0.567,0.109,0.45,0,0,1,2
0.567,0.112,0.45,0,0,1,2
0.567,0.115,0.45,0,0,1,2
0.567,0.118,0.45,0,0,1,2
0.567,0.121,0.45,0,0,1,2
0.567,0.124,0.45,0,0,1,2
0.567,0.127,0.45,0,0,1,2
0.567,0.13,0.45,0,0,1,2
0.567,0.133,0.45,0,0,1,2
0.567,0.136,0.45,0,0,1,2
0.567,0.139,0.45,0,0,1,2
0.567,0.142,0.45,0,0,1,2
0.567,0.145,0.45,0,0,1,2
0.567,0.148,0.45,0,0,1,2
0.567,0.151,0.45,0,0,1,2
0.567,0.154,0.45,0,0,1,2
0.567,0.157,0.45,0,0,1,2
0.567,0.16,0.45,0,0,1,2
0.567,0.163,0.45,0,0,1,2
0.567,0.166,0.45,0,0,1,2
0.567,0.169,0.45,0,0,1,2
0.567,0.172,0.45,0,0,1,2
0.567,0.175,0.45,0,0,1,2
0.567,0.178,0.45,0,0,1,2
0.567,0.181,0.45,0,0,1,2
0.567,0.184,0.45,0,0,1,2
0.567,0.187,0.45,0,0,1,2
0.567,0.19,0.45,0,0,1,2
0.567,0.193,0.45,0,0,1,2
0.567,0.196,0.45,0,0,1,2
0.567,0.199,0.45,0,0,1,2
0.567,0.202,0.45,0,0,1,2
0.567,0.205,0.45,0,0,1,2
0.567,0.208,0.45,0,0,1,2
0.567,0.211,0.45,0,0,1,2
0.567,0.214,0.45,0,0,1,2
0.567,0.217,0.45,0,0,1,2
0.567,0.22,0.45,0,0,1,2
0.567,0.223,0.45,0,0,1,2
0.567,0.226,0.45,0,0,1,2
0.567,0.229,0.45,0,0,1,2
0.567,0.232,0.45,0,0,1,2
0.567,0.235,0.45,0,0,1,2
0.567,0.238,0.45,0,0,1,2
0.567,0.241,0.45,0,0,1,2
0.567,0.244,0.45,0,0,1,2
0.567,0.247,0.45,0,0,1,2
0.567,0.25,0.45,0,0,1,2
0.567,0.253,0.45,0,0,1,2
0.567,0.256,0.45,0,0,1,2
0.567,0.259,0.45,0,0,1,2
0.57,0.1,0.45,0,0,1,2
0.57,0.103,0.45,0,0,1,2
0.57,0.106,0.45,0,0,1,2
0.57,0.109,0.45,0,0,1,2
0.57,0.112,0.45,0,0,1,2
0.57,0.115,0.45,0,0,1,2
0.57,0.118,0.45,0,0,1,2
0.57,0.121,0.45,0,0,1,2
0.57,0.124,0.45,0,0,1,2
0.57,0.127,0.45,0,0,1,2
0.57,0.13,0.45,0,0,1,2
0.57,0.133,0.45,0,0,1,2
0.57,0.136,0.45,0,0,1,2
0.57,0.139,0.45,0,0,1,2
0.57,0.142,0.45,0,0,1,2
0.57,0.145,0.45,0,0,1,2
0.57,0.148,0.45,0,0,1,2
0.57,0.151,0.45,0,0,1,2
0.57,0.154,0.45,0,0,1,2
0.57,0.157,0.45,0,0,1,2
0.57,0.16,0.45,0,0,1,2
0.57,0.163,0.45,0,0,1,2
0.57,0.166,0.45,0,0,1,2
0.57,0.169,0.45,0,0,1,2
0.57,0.172,0.45,0,0,1,2
0.57,0.175,0.45,0,0,1,2
0.57,0.178,0.45,0,0,1,2
0.57,0.181,0.45,0,0,1,2
0.57,0.184,0.45,0,0,1,2
0.57,0.187,0.45,0,0,1,2
0.57,0.19,0.45,0,0,1,2
0.57,0.193,0.45,0,0,1,2
0.57,0.196,0.45,0,0,1,2
0.57,0.199,0.45,0,0,1,2
0.57,0.202,0.45,0,0,1,2
0.57,0.205,0.45,0,0,1,2
0.57,0.208,0.45,0,0,1,2
0.57,0.211,0.45,0,0,1,2
0.57,0.214,0.45,0,0,1,2
0.57,0.217,0.45,0,0,1,2
0.57,0.22,0.45,0,0,1,2
0.57,0.223,0.45,0,0,1,2
0.57,0.226,0.45,0,0,1,2
0.57,0.229,0.45,0,0,1,2
0.57,0.232,0.45,0,0,1,2
0.57,0.235,0.45,0,0,1,2
0.57,0.238,0.45,0,0,1,2
0.57,0.241,0.45,0,0,1,2
0.57,0.244,0.45,0,0,1,2
0.57,0.247,0.45,0,0,1,2
0.57,0.25,0.45,0,0,1,2
0.57,0.253,0.45,0,0,1,2
0.57,0.256,0.45,0,0,1,2
0.57,0.259,0.45,0,0,1,2
