x,y,z,rho,p,is_boundary,kind
0.254144,0.29672,0.28554,632.824,0,0,0
0.166229,0.296148,0.285392,951.368,3082.06,0,0
0.218896,0.296168,0.286902,1006.25,6375.29,0,0
0.166221,0.296187,0.286792,956.867,3412.03,0,0
0.165686,0.296796,0.285851,948.296,2897.79,0,0
0.171236,0.295411,0.323479,1035.13,8107.57,0,0
0.170239,0.295651,0.376429,1027.68,7661.02,0,0
0.166852,0.296904,0.41409,960,3600.01,0,0
0.165321,0.296112,0.413835,947.596,2855.75,0,0
0.192864,0.296363,0.414088,1090.14,11408.5,0,0
0.166608,0.296238,0.414438,956.6,3395.99,0,0
0.17251,0.296964,0.413673,1006.87,6411.96,0,0
0.208512,0.296767,0.286566,1065.5,9929.72,0,0
0.225183,0.296045,0.286036,952.576,3154.57,0,0
0.236578,0.295818,0.286468,840.318,0,0,0
0.182585,0.295097,0.28679,1066.28,9976.67,0,0
0.165487,0.295808,0.285806,946.439,2786.37,0,0
0.176971,0.29696,0.320076,1076.66,10599.8,0,0
0.176454,0.296142,0.379682,1074.2,10452,0,0
0.166902,0.295816,0.414222,960.051,3603.07,0,0
0.177935,0.295098,0.414894,1036.81,8208.35,0,0
0.229627,0.296028,0.414593,908.377,502.621,0,0
0.165456,0.296397,0.413415,950.412,3024.71,0,0
0.217291,0.296339,0.414058,1013.85,6830.9,0,0
0.195781,0.29542,0.285237,1087.89,11273.4,0,0
0.165977,0.296637,0.286304,952.74,3164.41,0,0
0.166715,0.295186,0.286773,961.027,3661.6,0,0
0.16578,0.295938,0.286003,949.868,2992.06,0,0
0.194871,0.296117,0.286888,1094.81,11688.4,0,0
0.176199,0.296068,0.315739,1072.82,10369.2,0,0
0.174808,0.29625,0.38437,1064.38,9862.86,0,0
0.188791,0.296361,0.413318,1087.01,11220.7,0,0
0.167612,0.296027,0.413752,968.05,4082.97,0,0
0.171104,0.296601,0.413877,995.683,5740.96,0,0
0.166625,0.296398,0.413346,961.073,3664.41,0,0
0.205153,0.29524,0.413974,1075.98,10558.8,0,0
0.254234,0.295997,0.28529,631.352,0,0,0
0.166546,0.296965,0.285092,952.722,3163.3,0,0
0.176432,0.295633,0.286992,1034.97,8098.36,0,0
0.235173,0.296719,0.286184,854.695,0,0,0
0.183368,0.295765,0.285885,1065.91,9954.3,0,0
0.166332,0.295331,0.308088,994.953,5697.16,0,0
0.165746,0.295334,0.392074,990.469,5428.11,0,0
0.184726,0.295769,0.414492,1070.24,10214.3,0,0
0.23556,0.297,0.413644,849.786,0,0,0
0.176395,0.295548,0.413011,1035.74,8144.11,0,0
0.165414,0.296987,0.414951,943.699,2621.93,0,0
0.186493,0.296073,0.413057,1082.09,10925.2,0,0
0.238419,0.296083,0.286088,819.011,0,0,0
0.178301,0.295633,0.28522,1038.53,8311.66,0,0
0.165773,0.296329,0.286301,950.964,3057.84,0,0
0.177417,0.296145,0.286177,1037.62,8257.11,0,0
0.184788,0.295939,0.286279,1073,10380.1,0,0
0.191263,0.296308,0.312635,1129.88,13792.9,0,0
0.191087,0.296486,0.386986,1130.05,13802.8,0,0
0.175802,0.295981,0.414759,1024.78,7486.5,0,0
0.165858,0.296398,0.414099,951.336,3080.14,0,0
0.165343,0.296396,0.413958,947.275,2836.52,0,0
0.165553,0.295549,0.413014,952.793,3167.6,0,0
0.225787,0.295856,0.413863,946.756,2805.38,0,0
0.165207,0.296184,0.286828,947.888,2873.3,0,0
0.217739,0.296134,0.285562,1009.83,6589.8,0,0
0.224407,0.296002,0.286838,961.891,3713.43,0,0
0.24869,0.295469,0.285039,697.197,0,0,0
0.166963,0.295458,0.285982,960.154,3609.27,0,0
0.193287,0.295974,0.310974,1131.3,13878.3,0,0
0.19059,0.295975,0.388676,1129.42,13765.1,0,0
0.166655,0.29546,0.414082,958.419,3505.13,0,0
0.248459,0.2955,0.413011,702.44,0,0,0
0.166171,0.295813,0.414715,951.623,3097.4,0,0
0.169376,0.296315,0.41327,984.576,5074.59,0,0
0.165865,0.296239,0.413858,952.386,3143.16,0,0
0.188467,0.296798,0.285017,1078.31,10698.5,0,0
0.233591,0.29672,0.285323,868.962,0,0,0
0.229155,0.295292,0.285878,915.258,915.491,0,0
0.237961,0.296124,0.28559,822.785,0,0,0
0.172257,0.296793,0.285086,998.726,5923.56,0,0
0.18592,0.295518,0.308919,1118.18,13091,0,0
0.184076,0.295653,0.391055,1112.63,12757.8,0,0
0.171293,0.296355,0.41304,1000.5,6029.7,0,0
0.235025,0.296198,0.414637,852.946,0,0,0
0.204854,0.295465,0.414865,1073.29,10397.5,0,0
0.166206,0.295415,0.413337,957.391,3443.47,0,0
0.180126,0.295414,0.414623,1049.83,8989.65,0,0
0.211901,0.295427,0.286758,1050.01,9000.4,0,0
0.228493,0.295559,0.286484,923.501,1410.04,0,0
0.244433,0.295599,0.286184,750.193,0,0,0
0.19877,0.296765,0.285811,1088.63,11317.9,0,0
0.182143,0.296717,0.286683,1063.98,9838.84,0,0
0.181769,0.295878,0.311599,1103.11,12186.8,0,0
0.181028,0.295838,0.388194,1100.38,12022.9,0,0
0.182074,0.296358,0.413555,1063.64,9818.2,0,0
0.183686,0.296905,0.41447,1066.29,9977.29,0,0
0.228004,0.295635,0.414056,925.655,1539.32,0,0
0.215937,0.295642,0.414368,1021.76,7305.85,0,0
0.165326,0.295504,0.41477,943.807,2628.41,0,0
0.215389,0.296169,0.285614,1025.59,7535.42,0,0
0.228248,0.296163,0.286552,926.06,1563.6,0,0
0.169608,0.29618,0.286181,983.124,4987.43,0,0
0.250924,0.296082,0.286355,673.151,0,0,0
0.185929,0.29581,0.28506,1071.53,10292,0,0
0.178898,0.296955,0.315397,1088.65,11319,0,0
0.177537,0.295803,0.384755,1081.78,10906.6,0,0
0.188949,0.295814,0.413464,1086.79,11207.2,0,0
0.25271,0.296196,0.413472,650.328,0,0,0
0.170298,0.296273,0.414132,988.457,5307.43,0,0
0.227114,0.29629,0.41353,935.619,2137.17,0,0
0.166586,0.295278,0.414802,954.811,3288.64,0,0
0.17526,0.296143,0.286195,1024.34,7460.65,0,0
0.238029,0.295469,0.286308,823.872,0,0,0
0.16607,0.296678,0.286291,953.514,3210.83,0,0
0.241936,0.296124,0.285671,778.066,0,0,0
0.168248,0.296103,0.28611,971.685,4301.1,0,0
0.204464,0.296547,0.321263,1109.82,12589.2,0,0
0.200665,0.296627,0.378853,1122,13320.2,0,0
0.172165,0.296023,0.413096,1006.83,6409.56,0,0
0.236993,0.296325,0.414775,831.229,0,0,0
0.165976,0.296397,0.41435,951.373,3082.4,0,0
0.235677,0.295501,0.413946,847.844,0,0,0
0.188255,0.296156,0.414879,1079.08,10744.9,0,0
0.253851,0.296126,0.286141,637.492,0,0,0
0.16678,0.296149,0.285995,958.665,3519.89,0,0
0.166229,0.296796,0.286567,955.963,3357.76,0,0
0.240376,0.295382,0.286775,798.522,0,0,0
0.204087,0.296082,0.285856,1078.56,10713.3,0,0
0.173979,0.295503,0.322674,1056.18,9370.94,0,0
0.172179,0.296769,0.377338,1043.41,8604.43,0,0
0.204485,0.296207,0.414179,1077.33,10639.7,0,0
0.239416,0.29519,0.41344,807.633,0,0,0
0.166748,0.296904,0.413818,960.185,3611.09,0,0
0.194735,0.296202,0.414381,1089.96,11397.6,0,0
0.253646,0.296326,0.413945,638.194,0,0,0
0.254789,0.295339,0.286199,626.249,0,0,0
0.171944,0.295365,0.286779,1003.51,6210.81,0,0
0.234283,0.296084,0.286166,864.217,0,0,0
0.165638,0.296186,0.28686,951.908,3114.47,0,0
0.180597,0.296183,0.28573,1052.85,9170.79,0,0
0.22233,0.295686,0.337653,974.922,4495.34,0,0
0.222698,0.295688,0.362003,970.833,4249.98,0,0
0.177737,0.296234,0.413835,1040.41,8424.51,0,0
0.198439,0.296163,0.414422,1088.41,11304.5,0,0
0.230691,0.2962,0.414308,898.76,0,0,0
0.194039,0.295282,0.414891,1087.36,11241.6,0,0
0.254689,0.295324,0.413934,625.608,0,0,0
0.239005,0.296125,0.28679,814.155,0,0,0
0.232756,0.295383,0.286265,880.397,0,0,0
0.184346,0.295504,0.286049,1070.36,10221.8,0,0
0.200205,0.296122,0.286601,1090.09,11405.3,0,0
0.198166,0.297,0.286444,1091.73,11504.1,0,0
0.212045,0.295067,0.338716,1061.44,9686.16,0,0
0.213172,0.295184,0.360721,1053.25,9195.2,0,0
0.198242,0.295057,0.413734,1091.3,11478.3,0,0
0.230837,0.295632,0.413908,898.49,0,0,0
0.199225,0.29551,0.413718,1090.42,11424.9,0,0
0.201523,0.295773,0.413185,1088.75,11325.2,0,0
0.240575,0.29624,0.413056,795.387,0,0,0
0.165271,0.29559,0.286147,945.817,2749,0,0
0.209816,0.29578,0.285846,1057.04,9422.35,0,0
0.253084,0.296126,0.286605,647.534,0,0,0
0.232931,0.295292,0.286798,880.019,0,0,0
0.209388,0.295693,0.286964,1063.2,9792.13,0,0
0.184847,0.295807,0.338065,1110.37,12622.4,0,0
0.183974,0.295756,0.3614,1107.31,12438.8,0,0
0.20957,0.295686,0.413156,1061.8,9708.11,0,0
0.230788,0.295414,0.413422,900.344,20.6689,0,0
0.252905,0.296325,0.413498,647.917,0,0,0
0.232011,0.295458,0.413417,887.947,0,0,0
0.196691,0.295374,0.41393,1091.65,11498.8,0,0
0.207231,0.296127,0.285101,1064.96,9897.34,0,0
0.24872,0.295773,0.286294,699.509,0,0,0
0.165299,0.296106,0.286525,947.572,2854.31,0,0
0.243146,0.295426,0.286999,766.995,0,0,0
0.204725,0.295863,0.287764,1083.9,11034.1,0,0
0.166561,0.296641,0.338378,988.868,5332.09,0,0
0.166582,0.296612,0.361634,989.402,5364.12,0,0
0.192695,0.295902,0.413197,1093.7,11622.1,0,0
0.237868,0.295368,0.413641,824.566,0,0,0
0.224578,0.295724,0.413354,959.075,3544.49,0,0
0.243277,0.295802,0.414036,761.872,0,0,0
0.172941,0.296274,0.413111,1012.38,6742.65,0,0
0.236338,0.295996,0.2851,839.189,0,0,0
0.248711,0.296123,0.285365,697.703,0,0,0
0.207223,0.295514,0.285154,1065.17,9910.1,0,0
0.21345,0.297,0.286811,1041.46,8487.6,0,0
0.166915,0.295322,0.286748,962.716,3762.95,0,0
0.179518,0.296298,0.319223,1091.6,11496,0,0
0.177769,0.296399,0.380698,1082.42,10945.1,0,0
0.16612,0.295279,0.412993,957.895,3473.72,0,0
0.213033,0.296968,0.413246,1043.38,8602.93,0,0
0.210137,0.29551,0.414469,1054.1,9245.98,0,0
0.244788,0.296322,0.414896,742.108,0,0,0
0.24446,0.296107,0.414002,748.084,0,0,0
0.170031,0.296322,0.28591,985.378,5122.65,0,0
0.2491,0.296124,0.285703,693.768,0,0,0
0.165949,0.29598,0.286771,954.372,3262.33,0,0
0.206134,0.295645,0.28677,1075.62,10537.1,0,0
0.200292,0.296685,0.285153,1083.82,11029.1,0,0
0.207301,0.296387,0.319288,1098.34,11900.3,0,0
0.206374,0.296555,0.380631,1102.53,12151.6,0,0
0.201206,0.296332,0.413048,1089.89,11393.6,0,0
0.202921,0.295728,0.413612,1083.9,11034.2,0,0
0.166702,0.295858,0.413676,960.497,3629.81,0,0
0.253231,0.296325,0.414439,642.301,0,0,0
0.166556,0.296398,0.413732,958.97,3538.2,0,0
0.232336,0.296126,0.286592,885.691,0,0,0
0.24152,0.296717,0.286717,785.231,0,0,0
0.212647,0.296131,0.285752,1042.3,8537.83,0,0
0.166454,0.295937,0.286882,959.278,3556.67,0,0
0.200141,0.295241,0.285843,1086.99,11219.4,0,0
0.183136,0.296301,0.312485,1108.99,12539.3,0,0
0.182061,0.296479,0.387375,1105.08,12304.7,0,0
0.200798,0.295238,0.414208,1085.93,11155.8,0,0
0.166673,0.295682,0.413102,962.442,3746.52,0,0
0.188826,0.296283,0.414299,1082.97,10978.3,0,0
0.239864,0.296324,0.413609,802.22,0,0,0
0.225565,0.296162,0.414615,946.273,2776.36,0,0
0.236141,0.296125,0.285291,841.864,0,0,0
0.231683,0.295819,0.285018,887.672,0,0,0
0.185471,0.295233,0.285304,1071.02,10261.2,0,0
0.236754,0.295339,0.286917,839.442,0,0,0
0.191596,0.295098,0.285491,1086.23,11173.7,0,0
0.174806,0.296638,0.311602,1063.66,9819.76,0,0
0.173313,0.296439,0.388596,1054.05,9242.75,0,0
0.189422,0.295099,0.414818,1081.8,10907.9,0,0
0.187009,0.295681,0.413849,1080.31,10818.7,0,0
0.188772,0.295461,0.414731,1080.9,10854.2,0,0
0.229185,0.295721,0.413386,916.335,980.109,0,0
0.232739,0.296327,0.413158,881.156,0,0,0
0.166943,0.295231,0.285152,956.488,3389.26,0,0
0.25255,0.295246,0.285016,650.94,0,0,0
0.165883,0.296987,0.285224,947.419,2845.11,0,0
0.221259,0.296167,0.285679,984.148,5048.91,0,0
0.178643,0.296965,0.286304,1044.94,8696.59,0,0
0.206121,0.296292,0.316846,1104.78,12287.1,0,0
0.205687,0.296465,0.383068,1106.53,12392,0,0
0.183359,0.296965,0.414092,1066.62,9997.33,0,0
0.214852,0.296338,0.41358,1031.54,7892.18,0,0
0.166772,0.295141,0.413501,961.661,3699.68,0,0
0.251683,0.295281,0.413113,663.301,0,0,0
0.166905,0.297,0.413548,962.572,3754.33,0,0
0.243214,0.295153,0.285686,763.209,0,0,0
0.215798,0.296171,0.286949,1027.76,7665.7,0,0
0.20805,0.296127,0.286452,1067.12,10027.3,0,0
0.216897,0.295827,0.286477,1018.88,7132.77,0,0
0.191757,0.295726,0.285065,1084.69,11081.3,0,0
0.210001,0.296325,0.3103,1087.76,11265.6,0,0
0.210147,0.296389,0.389841,1086.78,11206.7,0,0
0.192566,0.295814,0.413168,1093.69,11621.5,0,0
0.218973,0.295993,0.413124,1005.1,6306.04,0,0
0.177553,0.296316,0.414365,1037.08,8224.85,0,0
0.224505,0.296292,0.414636,955.511,3330.64,0,0
0.242122,0.2951,0.414373,774.37,0,0,0
0.247072,0.295426,0.286055,718.675,0,0,0
0.168444,0.296964,0.28646,974.547,4472.84,0,0
0.239883,0.296082,0.286246,802.929,0,0,0
0.166752,0.296595,0.28531,955.545,3332.72,0,0
0.197765,0.29524,0.286799,1093.58,11614.7,0,0
0.177628,0.296254,0.310384,1081.44,10886.6,0,0
0.176759,0.296434,0.389611,1076.97,10618.2,0,0
0.196689,0.295192,0.413388,1093.81,11628.6,0,0
0.193468,0.296326,0.413,1086.6,11195.7,0,0
0.247786,0.296066,0.413038,710.5,0,0,0
0.165476,0.296904,0.41322,951.207,3072.43,0,0
0.246695,0.295279,0.413903,721.776,0,0,0
0.225889,0.295384,0.286785,948.555,2913.3,0,0
0.165181,0.29514,0.286667,946.898,2813.88,0,0
0.232217,0.296126,0.285306,883.164,0,0,0
0.254728,0.296127,0.286366,627.312,0,0,0
0.182313,0.296965,0.285619,1060.15,9608.79,0,0
0.193894,0.295209,0.326182,1128.75,13724.8,0,0
0.204403,0.295377,0.373822,1107.99,12479.3,0,0
0.185123,0.296937,0.414701,1070.53,10231.8,0,0
0.2544,0.295979,0.413729,629.495,0,0,0
0.227575,0.296247,0.413481,931.463,1887.8,0,0
0.180645,0.297,0.414933,1050.85,9051.28,0,0
0.233779,0.295501,0.413629,868.989,0,0,0
0.198647,0.295422,0.286477,1091.56,11493.5,0,0
0.206939,0.296767,0.285909,1069.26,10155.6,0,0
0.238187,0.295774,0.286591,822.851,0,0,0
0.239069,0.295512,0.285815,810.992,0,0,0
0.16626,0.295853,0.285742,953.083,3184.98,0,0
0.200027,0.296309,0.329123,1120.8,13247.8,0,0
0.201899,0.296399,0.370988,1115.78,12947,0,0
0.165121,0.295855,0.414063,944.872,2692.29,0,0
0.238455,0.29528,0.414373,816.108,0,0,0
0.236581,0.296023,0.413656,838.809,0,0,0
0.215821,0.296339,0.414649,1021.44,7286.33,0,0
0.225632,0.295148,0.413155,950.209,3012.56,0,0
0.16511,0.295051,0.286594,945.946,2756.79,0,0
0.165339,0.295807,0.286996,949.706,2982.37,0,0
0.168792,0.295411,0.285614,974.1,4446,0,0
0.224208,0.29609,0.2861,961.277,3676.64,0,0
0.197916,0.29612,0.286619,1092.86,11571.8,0,0
0.165464,0.296986,0.329258,981.577,4894.6,0,0
0.165602,0.29681,0.371457,983.865,5031.89,0,0
0.19786,0.296247,0.413656,1092.12,11527.3,0,0
0.178774,0.296356,0.413952,1045.7,8742,0,0
0.168061,0.295459,0.4143,969.578,4174.67,0,0
0.166402,0.295771,0.413721,957.681,3460.88,0,0
0.165681,0.295009,0.41343,952.237,3134.19,0,0
0.165956,0.296188,0.286122,951.903,3114.18,0,0
0.183195,0.296718,0.285565,1063.72,9822.96,0,0
0.225641,0.296089,0.285199,945.726,2743.55,0,0
0.236694,0.295337,0.285448,836.245,0,0,0
0.187112,0.296987,0.286224,1080.03,10801.6,0,0
0.165977,0.295233,0.333959,984.688,5081.29,0,0
0.166266,0.295224,0.366751,988.172,5290.3,0,0
0.193764,0.295191,0.414384,1089.42,11365.4,0,0
0.23986,0.29528,0.414284,800.54,0,0,0
0.213234,0.296296,0.413659,1040.92,8455.21,0,0
0.166094,0.296643,0.414484,951.824,3109.42,0,0
0.166335,0.296361,0.413221,959.011,3540.67,0,0
0.169064,0.295631,0.286679,980.677,4840.6,0,0
0.247384,0.295642,0.285665,714.159,0,0,0
0.238542,0.295153,0.285102,814.886,0,0,0
0.166253,0.295457,0.285159,950.55,3033.02,0,0
0.180128,0.295849,0.286867,1055.27,9315.99,0,0
0.219636,0.296258,0.335719,1001.77,6106.31,0,0
0.219824,0.296386,0.363993,999.64,5978.41,0,0
0.179584,0.29581,0.414815,1046.26,8775.71,0,0
0.165507,0.295325,0.414116,948.074,2884.47,0,0
0.243432,0.29519,0.414441,759.017,0,0,0
0.244838,0.295542,0.414664,742.073,0,0,0
0.165699,0.2959,0.413199,953.457,3207.45,0,0
0.214069,0.295292,0.285516,1033.17,7990.49,0,0
0.24493,0.296716,0.285329,742.317,0,0,0
0.17407,0.296142,0.285234,1012.32,6738.93,0,0
0.165516,0.296064,0.285722,946.362,2781.69,0,0
0.185734,0.295938,0.288056,1083.27,10995.9,0,0
0.165694,0.295934,0.324133,986.206,5172.39,0,0
0.165466,0.296035,0.375934,984.742,5084.54,0,0
0.186172,0.295942,0.412248,1084.26,11055.6,0,0
0.166993,0.296153,0.413315,964.415,3864.93,0,0
0.246134,0.295802,0.414138,728.004,0,0,0
0.246962,0.296322,0.414579,717.171,0,0,0
0.216618,0.295466,0.414121,1018.16,7089.8,0,0
0.165673,0.295323,0.285497,946.764,2805.85,0,0
0.187826,0.296479,0.285849,1080.5,10830.1,0,0
0.238973,0.296718,0.285537,811.292,0,0,0
0.165408,0.295547,0.286509,948.458,2907.51,0,0
0.178225,0.295277,0.290306,1057.22,9433.4,0,0
0.212175,0.296264,0.332564,1063.26,9795.83,0,0
0.211845,0.296882,0.368077,1065.49,9929.69,0,0
0.180362,0.295233,0.410094,1068.22,10093.4,0,0
0.16693,0.295369,0.413972,961.241,3674.47,0,0
0.250477,0.296323,0.413436,677.361,0,0,0
0.19129,0.296324,0.414275,1087.55,11253,0,0
0.165618,0.295143,0.414604,947.032,2821.91,0,0
0.231354,0.296127,0.285397,892.175,0,0,0
0.201667,0.295512,0.286626,1087.5,11249.7,0,0
0.218172,0.29587,0.285844,1007.83,6469.6,0,0
0.176695,0.296182,0.285049,1028.42,7704.96,0,0
0.195605,0.296763,0.289165,1103.01,12180.5,0,0
0.167578,0.297,0.324452,1003.38,6203.02,0,0
0.166978,0.295276,0.376098,998.911,5934.69,0,0
0.198945,0.296967,0.41068,1101.62,12097,0,0
0.165011,0.296395,0.414355,942.674,2560.43,0,0
0.166532,0.296029,0.41315,961.041,3662.46,0,0
0.166449,0.295505,0.413813,957.7,3462,0,0
0.231432,0.296328,0.414556,890.546,0,0,0
0.238798,0.296718,0.286192,814.939,0,0,0
0.166384,0.296147,0.285014,951.136,3068.19,0,0
0.247466,0.295556,0.286652,715.203,0,0,0
0.228807,0.296128,0.285573,917.732,1063.9,0,0
0.183115,0.295936,0.291673,1085.35,11120.8,0,0
0.206495,0.295344,0.319636,1101.9,12114.2,0,0
0.205331,0.296557,0.380305,1106.93,12416,0,0
0.179009,0.295982,0.407895,1067.85,10071.2,0,0
0.186374,0.296361,0.413769,1078.78,10726.6,0,0
0.244675,0.295542,0.413291,747.068,0,0,0
0.208832,0.296037,0.414558,1059.76,9585.39,0,0
0.226242,0.296332,0.413833,942.711,2562.67,0,0
0.249325,0.296755,0.2851,689.703,0,0,0
0.208541,0.296165,0.285466,1061.19,9671.39,0,0
0.198463,0.296158,0.285057,1085.79,11147.5,0,0
0.190435,0.296259,0.285683,1085.45,11126.8,0,0
0.209947,0.295336,0.286404,1058.48,9509.08,0,0
0.195152,0.296445,0.320775,1130.08,13805.1,0,0
0.194726,0.296578,0.378964,1130.36,13821.7,0,0
0.20987,0.295239,0.413608,1058.64,9518.22,0,0
0.195251,0.296364,0.41419,1090.84,11450.6,0,0
0.211083,0.296336,0.413446,1053.36,9201.52,0,0
0.215822,0.296339,0.413283,1026.41,7584.5,0,0
0.252402,0.296903,0.4148,651.461,0,0,0
0.229483,0.295061,0.286488,913.836,830.138,0,0
0.207439,0.295012,0.285023,1063.63,9818.01,0,0
0.222447,0.296132,0.286564,977.584,4655.04,0,0
0.195948,0.295465,0.286739,1094.21,11652.4,0,0
0.174843,0.296936,0.28693,1024.42,7465.39,0,0
0.207405,0.295316,0.312105,1100.42,12025.2,0,0
0.207826,0.295358,0.38793,1098.33,11899.8,0,0
0.171912,0.296903,0.413939,1001.42,6085.16,0,0
0.213204,0.295287,0.413426,1041.86,8511.67,0,0
0.209096,0.296988,0.414074,1060.32,9619.39,0,0
0.186015,0.295325,0.413896,1077.07,10624.2,0,0
0.232182,0.295146,0.414953,881.599,0,0,0
0.165929,0.296188,0.286252,952.175,3130.52,0,0
0.197492,0.295991,0.286188,1091.43,11485.5,0,0
0.17778,0.296755,0.286484,1040.89,8453.56,0,0
0.254749,0.295339,0.28568,625.83,0,0,0
0.184171,0.296109,0.286751,1072.68,10361,0,0
0.174257,0.295999,0.308527,1059.4,9563.98,0,0
0.173479,0.295962,0.391584,1054.74,9284.37,0,0
0.177409,0.29615,0.414901,1033.89,8033.6,0,0
0.254432,0.295324,0.414334,628.002,0,0,0
0.173659,0.296903,0.413341,1016.38,6982.73,0,0
0.166931,0.29603,0.413761,962.157,3729.43,0,0
0.167942,0.296357,0.413569,971.542,4292.54,0,0
0.234003,0.296127,0.286997,869.374,0,0,0
0.166461,0.296188,0.286005,955.915,3354.92,0,0
0.165877,0.296187,0.285561,948.939,2936.37,0,0
0.228924,0.295602,0.285557,916.535,992.084,0,0
0.206575,0.295778,0.2867,1073.79,10427.4,0,0
0.208694,0.296922,0.317202,1092.1,11525.8,0,0
0.207699,0.296922,0.38265,1096.98,11819.1,0,0
0.206706,0.295818,0.413293,1073.32,10399.3,0,0
0.241991,0.295585,0.414511,775.639,0,0,0
0.16517,0.296358,0.414555,943.302,2598.13,0,0
0.200006,0.296331,0.413686,1089.47,11368.5,0,0
0.243413,0.296323,0.4138,760.813,0,0,0
0.222438,0.296728,0.286677,977.918,4675.11,0,0
0.249541,0.296717,0.286081,689.169,0,0,0
0.25451,0.295108,0.285756,628.791,0,0,0
0.165492,0.296717,0.286781,950.207,3012.44,0,0
0.171678,0.29618,0.286463,1000.35,6020.82,0,0
0.208728,0.295633,0.309886,1094.54,11672.5,0,0
0.205954,0.295715,0.389899,1107.2,12432,0,0
0.169786,0.296354,0.413214,988.09,5285.38,0,0
0.166658,0.296398,0.413021,962.598,3755.85,0,0
0.253818,0.295145,0.414345,635.335,0,0,0
0.249255,0.296323,0.414001,690.99,0,0,0
0.167662,0.295324,0.413412,969.729,4183.71,0,0
0.166289,0.295503,0.285414,951.943,3116.58,0,0
0.221165,0.295061,0.285295,983.361,5001.65,0,0
0.227429,0.296044,0.286373,933.248,1994.9,0,0
0.165605,0.296869,0.285469,945.99,2759.42,0,0
0.166584,0.295277,0.285912,956.528,3391.68,0,0
0.207454,0.296755,0.314107,1099.58,11974.5,0,0
0.206718,0.296585,0.385853,1102.93,12176.1,0,0
0.16524,0.295143,0.413672,947.363,2841.81,0,0
0.165823,0.296937,0.414027,951.186,3071.16,0,0
0.231364,0.29607,0.414861,890.293,0,0,0
0.212877,0.295057,0.414313,1040.35,8420.78,0,0
0.170803,0.295721,0.413971,993.047,5582.79,0,0
0.165974,0.296187,0.285682,950.293,3017.58,0,0
0.166152,0.295635,0.286608,955.529,3331.71,0,0
0.180319,0.296105,0.285666,1051.2,9071.98,0,0
0.216581,0.295476,0.286902,1022.41,7344.74,0,0
0.181408,0.295893,0.286555,1060.22,9613.13,0,0
0.209056,0.29646,0.329427,1084.2,11052,0,0
0.200002,0.296089,0.369383,1120.45,13227.2,0,0
0.181851,0.295941,0.413719,1061.99,9719.24,0,0
0.192592,0.295507,0.413683,1091.58,11494.7,0,0
0.203501,0.296368,0.414083,1080.5,10829.7,0,0
0.165994,0.295505,0.4137,954.116,3246.94,0,0
0.249387,0.295628,0.413295,690.762,0,0,0
0.223336,0.295384,0.285229,965.64,3938.41,0,0
0.166671,0.295503,0.286217,958.559,3513.55,0,0
0.16689,0.296186,0.286848,962.96,3777.62,0,0
0.205257,0.296125,0.286536,1077.71,10662.4,0,0
0.198482,0.296685,0.285255,1086.56,11193.4,0,0
0.168363,0.295808,0.332336,1007.55,6452.89,0,0
0.165735,0.295863,0.367812,983.665,5019.92,0,0
0.200639,0.29629,0.414807,1083.74,11024.7,0,0
0.213543,0.296254,0.414208,1037.1,8225.86,0,0
0.168873,0.296355,0.414634,974.932,4495.91,0,0
0.166057,0.2959,0.414608,951.06,3063.59,0,0
0.242304,0.29528,0.413594,774.143,0,0,0
0.248805,0.296125,0.286986,699.8,0,0,0
0.16672,0.295006,0.286765,960.979,3658.72,0,0
0.242849,0.295556,0.285557,767.207,0,0,0
0.223377,0.296988,0.286143,968.31,4098.61,0,0
0.211916,0.295912,0.290143,1060.48,9628.87,0,0
0.166307,0.295105,0.329342,989.62,5377.21,0,0
0.165547,0.296806,0.372013,983.585,5015.09,0,0
0.211852,0.295862,0.40989,1060.5,9629.84,0,0
0.16611,0.295053,0.414189,953.086,3185.17,0,0
0.247273,0.29541,0.414002,714.694,0,0,0
0.233674,0.296326,0.413733,869.826,0,0,0
0.245662,0.296324,0.413008,735.929,0,0,0
0.166799,0.297,0.286532,960.749,3644.91,0,0
0.174626,0.296754,0.28537,1016.55,6993.01,0,0
0.175512,0.295762,0.285659,1023.7,7421.95,0,0
0.244666,0.296123,0.286743,748.66,0,0,0
0.205194,0.296768,0.292218,1095.12,11707.4,0,0
0.165384,0.296681,0.340246,977.001,4620.07,0,0
0.165926,0.296651,0.361812,983.175,4990.51,0,0
0.206523,0.296333,0.408092,1089.72,11383.5,0,0
0.24299,0.296323,0.413422,766.59,0,0,0
0.166477,0.295682,0.413158,960.511,3630.64,0,0
0.166046,0.296904,0.414095,952.903,3174.16,0,0
0.16675,0.295097,0.414778,956.28,3376.8,0,0
0.253609,0.295953,0.285658,639.545,0,0,0
0.243935,0.295061,0.28633,756.243,0,0,0
0.253067,0.295953,0.286196,647.042,0,0,0
0.192221,0.29519,0.286382,1090.84,11450.2,0,0
0.17866,0.296063,0.293859,1069.48,10168.7,0,0
0.217376,0.295411,0.334736,1022.23,7333.6,0,0
0.217696,0.295569,0.365149,1019.26,7155.53,0,0
0.18064,0.296068,0.406247,1080.42,10825.5,0,0
0.223245,0.296294,0.413073,971.404,4284.21,0,0
0.253561,0.295892,0.414076,639.008,0,0,0
0.246811,0.297,0.41344,721.252,0,0,0
0.242304,0.296066,0.413074,775.364,0,0,0
0.217369,0.296092,0.286357,1015.25,6915.11,0,0
0.25092,0.296124,0.285097,670.708,0,0,0
0.202532,0.295287,0.28644,1084.81,11088.9,0,0
0.215544,0.296133,0.286137,1026.55,7592.78,0,0
0.181587,0.295591,0.296853,1090.45,11427.1,0,0
0.175308,0.296248,0.341077,1060.31,9618.41,0,0
0.166893,0.296688,0.358362,991.44,5486.37,0,0
0.186762,0.295506,0.403752,1109.31,12558.8,0,0
0.218543,0.296297,0.413538,1006.84,6410.37,0,0
0.185365,0.295326,0.414104,1074.07,10444,0,0
0.249757,0.296281,0.414694,683.547,0,0,0
0.16692,0.296071,0.414822,957.715,3462.91,0,0
0.222358,0.295473,0.28602,976.48,4588.79,0,0
0.246617,0.296038,0.285406,722.688,0,0,0
0.211738,0.296769,0.285962,1047.87,8872.23,0,0
0.165106,0.295546,0.286548,945.863,2751.79,0,0
0.187203,0.296766,0.298273,1113.18,12790.7,0,0
0.172509,0.296264,0.334059,1041.55,8493,0,0
0.170554,0.29622,0.366038,1026.31,7578.59,0,0
0.188504,0.296367,0.401845,1116.9,13013.7,0,0
0.166564,0.29546,0.414528,955.8,3348.03,0,0
0.166891,0.296904,0.413707,961.865,3711.91,0,0
0.253939,0.295893,0.414623,633.449,0,0,0
0.220963,0.295552,0.414375,985.666,5139.97,0,0
0.243567,0.296716,0.285815,759.422,0,0,0
0.188703,0.295984,0.285257,1080.08,10805,0,0
0.243438,0.296123,0.285777,760.915,0,0,0
0.185804,0.295767,0.286222,1076.22,10573.4,0,0
0.165443,0.296185,0.296213,975.549,4532.97,0,0
0.16701,0.295944,0.335467,994.085,5645.12,0,0
0.16551,0.295948,0.364777,980.265,4815.88,0,0
0.165381,0.296322,0.403669,976.303,4578.2,0,0
0.184093,0.295725,0.413637,1071.58,10294.9,0,0
0.24726,0.29615,0.413782,715.349,0,0,0
0.181807,0.295984,0.414572,1058.11,9486.8,0,0
0.241618,0.296323,0.414115,780.912,0,0,0
0.185431,0.297,0.28648,1075.85,10551.2,0,0
0.239944,0.295951,0.285602,800.629,0,0,0
0.165938,0.295591,0.285332,948.505,2910.32,0,0
0.1667,0.295323,0.285068,954.049,3242.95,0,0
0.210837,0.296781,0.299511,1081.18,10870.7,0,0
0.209048,0.296245,0.315145,1091.29,11477.3,0,0
0.207541,0.296334,0.384651,1098.72,11923.3,0,0
0.211074,0.296947,0.400512,1079.58,10774.8,0,0
0.166708,0.29537,0.413029,962.964,3777.85,0,0
0.221084,0.295464,0.413948,986.185,5171.13,0,0
0.234348,0.295894,0.414899,859.367,0,0,0
0.179209,0.295098,0.413307,1050.57,9034.37,0,0
0.240955,0.295382,0.286099,790.311,0,0,0
0.188684,0.296112,0.286247,1084.34,11060.4,0,0
0.16698,0.296187,0.286099,960.822,3649.33,0,0
0.185029,0.295279,0.285756,1071.51,10290.6,0,0
0.204788,0.295732,0.291954,1095.95,11757.2,0,0
0.182948,0.296332,0.335839,1103.58,12214.9,0,0
0.181403,0.296333,0.364261,1097.02,11821.3,0,0
0.205675,0.295817,0.408367,1092.21,11532.7,0,0
0.185692,0.295189,0.414613,1072.88,10372.6,0,0
0.174964,0.296233,0.413346,1025.32,7519.35,0,0
0.194017,0.296159,0.413499,1093.41,11604.4,0,0
0.238011,0.295324,0.414209,821.505,0,0,0
0.170496,0.296141,0.28647,991.326,5479.56,0,0
0.166736,0.295766,0.286305,959.509,3570.52,0,0
0.234979,0.29604,0.286106,856.654,0,0,0
0.194304,0.295553,0.285512,1088.85,11331.3,0,0
0.194349,0.296686,0.295553,1119.15,13148.7,0,0
0.165213,0.296287,0.316251,984.408,5064.5,0,0
0.166652,0.296471,0.383251,998.619,5917.12,0,0
0.193331,0.296366,0.404252,1119.59,13175.3,0,0
0.16569,0.295726,0.41367,951.555,3093.28,0,0
0.238937,0.296066,0.413241,813.619,0,0,0
0.166571,0.295637,0.414881,954.414,3264.83,0,0
0.169474,0.296274,0.413556,984.247,5054.85,0,0
0.166385,0.296677,0.285784,954.275,3256.48,0,0
0.245705,0.296123,0.285611,733.947,0,0,0
0.166889,0.296936,0.286893,962.97,3778.18,0,0
0.213512,0.296132,0.286621,1040.63,8437.97,0,0
0.174891,0.295277,0.28656,1023.32,7399.35,0,0
0.209703,0.296238,0.307508,1089.8,11387.8,0,0
0.210046,0.296289,0.392723,1087.77,11266.3,0,0
0.174866,0.295233,0.413568,1023.68,7420.79,0,0
0.167323,0.296154,0.413446,966.771,4006.28,0,0
0.16618,0.296465,0.413131,957.966,3477.94,0,0
0.242268,0.296323,0.414715,771.917,0,0,0
0.208087,0.296294,0.414063,1064.89,9893.54,0,0
0.233739,0.295061,0.286689,871.22,0,0,0
0.244467,0.295291,0.285279,747.644,0,0,0
0.249017,0.296124,0.286366,696.099,0,0,0
0.225662,0.295603,0.285113,945.211,2712.69,0,0
0.180946,0.296183,0.285293,1052.62,9157.37,0,0
0.199712,0.295637,0.314795,1125.83,13549.8,0,0
0.201413,0.295682,0.385383,1121.99,13319.5,0,0
0.180157,0.296318,0.414588,1050.18,9010.55,0,0
0.204954,0.295993,0.414986,1072.52,10351.1,0,0
0.244004,0.296238,0.414265,752.824,0,0,0
0.248375,0.29501,0.414376,700.653,0,0,0
0.236142,0.295281,0.413003,845.17,0,0,0
0.196473,0.295238,0.2862,1091.84,11510.5,0,0
0.241192,0.29573,0.286843,789.368,0,0,0
0.165601,0.295808,0.285373,945.69,2741.43,0,0
0.166569,0.296257,0.286758,959.804,3588.21,0,0
0.179383,0.295141,0.285517,1045.6,8735.96,0,0
0.180984,0.295646,0.306669,1098.07,11884,0,0
0.180537,0.295425,0.393217,1096.66,11799.5,0,0
0.182876,0.295144,0.414889,1061.18,9670.74,0,0
0.166757,0.296397,0.41316,962.943,3776.56,0,0
0.21082,0.295686,0.414057,1052.4,9144.17,0,0
0.240032,0.295759,0.413295,801.068,0,0,0
0.206605,0.295241,0.413047,1074.5,10470.2,0,0
0.166746,0.295722,0.286201,959.186,3551.18,0,0
0.165242,0.296184,0.28529,942.105,2526.32,0,0
0.165857,0.296186,0.285238,947.42,2845.22,0,0
0.166694,0.296637,0.285776,956.964,3417.83,0,0
0.166086,0.295051,0.28601,952.45,3146.98,0,0
0.173907,0.29699,0.307915,1056.56,9393.48,0,0
0.172475,0.297,0.39225,1046.96,8817.49,0,0
0.174242,0.295009,0.414425,1015.85,6950.83,0,0
0.187812,0.296361,0.414571,1079.34,10760.2,0,0
0.165053,0.296068,0.413688,945.731,2743.89,0,0
0.165303,0.296357,0.414873,943.188,2591.29,0,0
0.177025,0.295635,0.413576,1037.3,8237.86,0,0
0.212854,0.295605,0.286174,1042.72,8563.34,0,0
0.195308,0.296763,0.285138,1087.38,11242.9,0,0
0.172939,0.296101,0.285215,1004.34,6260.58,0,0
0.247221,0.296123,0.285038,714.688,0,0,0
0.198742,0.296035,0.285008,1085.3,11117.9,0,0
0.169011,0.29646,0.313807,1019.24,7154.26,0,0
0.16998,0.296489,0.385896,1028.17,7690.36,0,0
0.198773,0.296035,0.413114,1093.4,11604.3,0,0
0.244127,0.296323,0.413138,753.851,0,0,0
0.194962,0.29616,0.413783,1092.54,11552.7,0,0
0.194188,0.296365,0.413008,1095.42,11725.4,0,0
0.235306,0.295587,0.413155,853.934,0,0,0
0.231526,0.295997,0.286318,893.19,0,0,0
0.252577,0.296125,0.285544,651.731,0,0,0
0.24002,0.296124,0.285583,799.718,0,0,0
0.252769,0.296125,0.286137,650.524,0,0,0
0.165011,0.295629,0.29066,958.721,3523.29,0,0
0.173542,0.296958,0.331295,1050.03,9001.68,0,0
0.168062,0.296958,0.369146,1005.73,6344.02,0,0
0.166362,0.295765,0.409211,972.581,4354.88,0,0
0.253746,0.296326,0.413659,637.484,0,0,0
0.233865,0.296328,0.413041,869.648,0,0,0
0.251714,0.296239,0.414364,660.71,0,0,0
0.166504,0.296237,0.414785,954.246,3254.75,0,0
0.240758,0.296717,0.28601,792.311,0,0,0
0.253696,0.295864,0.286388,639.79,0,0,0
0.247474,0.295731,0.28692,715.64,0,0,0
0.165177,0.296185,0.285915,944.066,2643.95,0,0
0.178927,0.295412,0.293567,1070.17,10210.5,0,0
0.218712,0.295253,0.343935,1006.82,6409.39,0,0
0.218956,0.295418,0.355359,1004.42,6264.96,0,0
0.178518,0.295414,0.40618,1069.43,10166,0,0
0.165269,0.296396,0.414065,946.184,2771.04,0,0
0.236679,0.295849,0.414254,836.142,0,0,0
0.253845,0.295893,0.413472,636.622,0,0,0
0.234602,0.296937,0.414741,856.995,0,0,0
0.166782,0.295721,0.285191,955.354,3321.24,0,0
0.211515,0.296166,0.286337,1050.56,9033.52,0,0
0.201398,0.296766,0.28614,1086.02,11161.2,0,0
0.18421,0.296797,0.287,1065.13,9907.99,0,0
0.179032,0.296328,0.295865,1075.82,10549.3,0,0
0.224878,0.296468,0.341677,946.724,2803.43,0,0
0.225062,0.296538,0.357812,944.372,2662.3,0,0
0.179592,0.29636,0.404154,1079.63,10777.6,0,0
0.182275,0.296358,0.414845,1058.94,9536.51,0,0
0.174617,0.296936,0.41324,1023.28,7397.02,0,0
0.212037,0.296336,0.413576,1047.88,8872.9,0,0
0.210562,0.295863,0.413425,1056.08,9364.76,0,0
0.16567,0.296965,0.285649,947.279,2836.75,0,0
0.206221,0.296126,0.28612,1072.83,10369.8,0,0
0.230024,0.296128,0.286772,909.487,569.194,0,0
0.166789,0.29598,0.286483,960.682,3640.95,0,0
0.211245,0.296171,0.295901,1075.35,10521.1,0,0
0.202411,0.296941,0.326765,1114.8,12888,0,0
0.197489,0.296274,0.37384,1126.61,13596.7,0,0
0.208309,0.296339,0.403906,1090.01,11400.3,0,0
0.165716,0.295944,0.413593,952.097,3125.8,0,0
0.220368,0.296295,0.413409,993.614,5616.85,0,0
0.21716,0.296255,0.414329,1013.77,6825.93,0,0
0.166636,0.296904,0.41478,955.279,3316.74,0,0
0.167104,0.295095,0.28502,957.275,3436.5,0,0
0.218327,0.295107,0.286288,1008.15,6489.04,0,0
0.251269,0.295951,0.285228,666.8,0,0,0
0.166819,0.295852,0.286535,961.136,3668.18,0,0
0.199911,0.296085,0.299592,1120.86,13251.8,0,0
0.192301,0.296645,0.346032,1124.36,13461.7,0,0
0.196366,0.296715,0.354525,1123.44,13406.5,0,0
0.191746,0.296082,0.39936,1125.36,13521.4,0,0
0.165311,0.295855,0.414636,944.268,2656.11,0,0
0.25034,0.296021,0.414747,676.456,0,0,0
0.166435,0.295324,0.414324,955.485,3329.13,0,0
0.166985,0.295011,0.414738,958.445,3506.7,0,0
0.216871,0.296771,0.286413,1018.72,7123.14,0,0
0.247542,0.296754,0.285353,711.502,0,0,0
0.252834,0.295557,0.286007,649.488,0,0,0
0.174072,0.295763,0.286962,1019.5,7170.24,0,0
0.181957,0.296158,0.302565,1099.73,11983.9,0,0
0.191146,0.295767,0.336436,1124.85,13491.2,0,0
0.190574,0.295365,0.363628,1124.28,13457.1,0,0
0.183165,0.296209,0.397369,1105.62,12337.1,0,0
0.166003,0.295813,0.415,948.933,2936,0,0
0.252406,0.295759,0.413934,653.187,0,0,0
0.247064,0.296322,0.414756,715.558,0,0,0
0.165979,0.296398,0.413668,954.128,3247.71,0,0
0.167471,0.296105,0.286565,966.902,4014.1,0,0
0.2471,0.296123,0.285887,718.025,0,0,0
0.181106,0.295936,0.285954,1056.28,9376.83,0,0
0.185724,0.295325,0.285475,1072.65,10358.9,0,0
0.165177,0.295634,0.299595,978.15,4688.98,0,0
0.185045,0.296205,0.341313,1110.53,12631.7,0,0
0.173462,0.296436,0.35843,1047.17,8829.95,0,0
0.165133,0.295639,0.400315,978.955,4737.28,0,0
0.183821,0.295371,0.414784,1065.51,9930.34,0,0
0.205237,0.295992,0.413529,1077.57,10654.1,0,0
0.251343,0.296324,0.4137,666.434,0,0,0
0.166213,0.296198,0.413495,956.896,3413.73,0,0
0.190467,0.297,0.286449,1088.54,11312.7,0,0
0.197328,0.296158,0.286026,1090.85,11450.9,0,0
0.251219,0.296718,0.286148,669.136,0,0,0
0.166697,0.296936,0.286556,959.997,3599.85,0,0
0.193645,0.295646,0.302383,1127.88,13672.6,0,0
0.178489,0.296102,0.312981,1086.66,11199.4,0,0
0.177362,0.296019,0.387099,1080.86,10851.7,0,0
0.193892,0.295602,0.397581,1128.37,13702.2,0,0
0.166229,0.297,0.413697,956.061,3363.66,0,0
0.252204,0.296324,0.413865,655.734,0,0,0
0.218198,0.296338,0.413248,1010.29,6617.55,0,0
0.221778,0.296941,0.4135,982.017,4920.99,0,0
0.169726,0.295321,0.285794,982.399,4943.94,0,0
0.223154,0.296132,0.285852,969.389,4163.32,0,0
0.165994,0.296717,0.286703,954.419,3265.16,0,0
0.165424,0.296987,0.285708,945.31,2718.61,0,0
0.208081,0.296087,0.294017,1087.82,11269.5,0,0
0.166452,0.296556,0.335912,988.619,5317.15,0,0
0.183175,0.295353,0.362805,1104.38,12262.8,0,0
0.207742,0.296037,0.406139,1088.9,11334.2,0,0
0.165319,0.296869,0.414379,945.252,2715.12,0,0
0.200642,0.296367,0.414524,1084.95,11096.8,0,0
0.224897,0.296292,0.413634,955.387,3323.21,0,0
0.208431,0.297,0.414987,1059.5,9569.77,0,0
0.193121,0.2968,0.286068,1090.41,11424.5,0,0
0.17711,0.295096,0.286412,1036.62,8197.08,0,0
0.252375,0.296125,0.285262,653.6,0,0,0
0.182576,0.296148,0.285852,1062.48,9748.57,0,0
0.209806,0.295473,0.29605,1082.96,10977.6,0,0
0.179375,0.296388,0.321105,1090.41,11424.6,0,0
0.174374,0.296522,0.379814,1060.36,9621.59,0,0
0.210473,0.295423,0.404165,1079.08,10744.5,0,0
0.165814,0.296397,0.413125,954.738,3284.27,0,0
0.251087,0.296323,0.414816,667.332,0,0,0
0.198145,0.29694,0.414011,1090.24,11414.7,0,0
0.18405,0.29636,0.413785,1070.78,10247,0,0
0.239273,0.296126,0.286934,811.465,0,0,0
0.25141,0.296039,0.285445,665.553,0,0,0
0.245821,0.296123,0.286089,733.627,0,0,0
0.165149,0.295934,0.285214,940.949,2456.93,0,0
0.204523,0.296039,0.285541,1075.99,10559.6,0,0
0.20782,0.296113,0.306416,1099.15,11948.8,0,0
0.210021,0.296108,0.394226,1087.9,11274.1,0,0
0.204261,0.296035,0.414553,1076.45,10587.1,0,0
0.166198,0.29603,0.413745,955.8,3348.01,0,0
0.232886,0.296243,0.413475,878.782,0,0,0
0.25132,0.295891,0.414678,664.843,0,0,0
0.241191,0.296323,0.41486,783.932,0,0,0
0.211655,0.296088,0.285672,1047.3,8838,0,0
0.201047,0.29608,0.285547,1084.34,11060.3,0,0
0.166679,0.297,0.285896,957.186,3431.14,0,0
0.195026,0.296075,0.285547,1089.27,11356.2,0,0
0.177511,0.295232,0.285521,1035.25,8114.82,0,0
0.199571,0.296252,0.313721,1126.3,13577.7,0,0
0.198907,0.296261,0.38613,1127.65,13659.1,0,0
0.177385,0.295188,0.414438,1035.67,8140.33,0,0
0.166521,0.296239,0.414165,956.956,3417.34,0,0
0.171043,0.296935,0.413054,998.395,5903.7,0,0
0.251571,0.295454,0.414963,661.198,0,0,0
0.232422,0.295894,0.414066,881.935,0,0,0
0.214745,0.295959,0.285878,1030.58,7835.05,0,0
0.233073,0.295382,0.285327,874.386,0,0,0
0.169711,0.295846,0.285241,980.033,4802,0,0
0.166478,0.295895,0.285594,954.4,3263.98,0,0
0.202872,0.296123,0.28683,1085.61,11136.9,0,0
0.167582,0.295639,0.30401,1004.32,6259.29,0,0
0.166221,0.295643,0.39648,992.758,5565.45,0,0
0.200804,0.296331,0.413239,1089.91,11394.7,0,0
0.183308,0.295725,0.414642,1064.19,9851.32,0,0
0.169696,0.295809,0.414919,980.385,4823.08,0,0
0.226448,0.295238,0.413985,940.273,2416.38,0,0
0.217547,0.295906,0.413533,1013.95,6837.28,0,0
0.210551,0.295693,0.286961,1057.68,9461.01,0,0
0.189176,0.295416,0.286668,1087.11,11226.5,0,0
0.217196,0.295518,0.285864,1014.63,6878.01,0,0
0.166797,0.295809,0.285208,955.568,3334.06,0,0
0.194189,0.296116,0.2866,1093.42,11605.3,0,0
0.178269,0.296204,0.306172,1083.7,11021.8,0,0
0.17809,0.296215,0.3937,1083.55,11012.9,0,0
0.196449,0.296287,0.413355,1094.14,11648.6,0,0
0.166322,0.295814,0.414777,952.689,3161.34,0,0
0.217695,0.29551,0.413988,1011.28,6676.71,0,0
0.180565,0.295414,0.413362,1057.36,9441.84,0,0
0.21886,0.29564,0.413675,1004.06,6243.56,0,0
0.201715,0.295776,0.285749,1083.89,11033.5,0,0
0.229287,0.296723,0.286136,914.754,885.26,0,0
0.252687,0.295107,0.285646,650.51,0,0,0
0.211813,0.295245,0.285723,1046.56,8793.63,0,0
0.170882,0.295888,0.285799,991.583,5494.97,0,0
0.17686,0.296687,0.314331,1076.97,10618.1,0,0
0.175663,0.296487,0.385767,1070.18,10210.8,0,0
0.172072,0.295895,0.41478,999.193,5951.59,0,0
0.187803,0.295461,0.41418,1081,10860,0,0
0.251848,0.295367,0.414368,659.057,0,0,0
0.225289,0.295011,0.414511,948.908,2934.49,0,0
0.165934,0.295814,0.413234,955.421,3325.29,0,0
0.197871,0.295774,0.285713,1089.16,11349.4,0,0
0.24234,0.295245,0.286308,774.832,0,0,0
0.252576,0.295015,0.286381,653.163,0,0,0
0.241523,0.295642,0.28564,782.72,0,0,0
0.169186,0.296141,0.292041,999.163,5949.76,0,0
0.175831,0.295748,0.337359,1064.59,9875.6,0,0
0.17663,0.295396,0.362933,1070.1,10205.9,0,0
0.170569,0.296315,0.407965,1011.39,6683.32,0,0
0.248118,0.295585,0.413715,705.204,0,0,0
0.253711,0.295055,0.413432,638.2,0,0,0
0.24194,0.29528,0.413808,777.874,0,0,0
0.201369,0.295685,0.414211,1084.94,11096.5,0,0
0.245895,0.29595,0.285955,732.469,0,0,0
0.246088,0.295425,0.285179,728.381,0,0,0
0.224741,0.295293,0.285248,953.709,3222.51,0,0
0.177067,0.296104,0.285654,1033.33,7999.59,0,0
0.16573,0.29523,0.295584,976.918,4615.11,0,0
0.165364,0.296721,0.347883,975.65,4538.99,0,0
0.165771,0.296722,0.353788,979.863,4791.78,0,0
0.165387,0.295278,0.404372,975.007,4500.44,0,0
0.173986,0.296274,0.414082,1015.74,6944.32,0,0
0.223159,0.295507,0.413282,971.452,4287.11,0,0
0.249273,0.295235,0.414579,689.526,0,0,0
0.246083,0.296064,0.413994,728.923,0,0,0
0.20115,0.296803,0.286773,1089,11339.9,0,0
0.166831,0.296187,0.286708,961.913,3714.77,0,0
0.217919,0.296169,0.286387,1011.52,6691.38,0,0
0.167456,0.296105,0.285897,964.11,3846.61,0,0
0.167947,0.295633,0.298033,1001,6059.81,0,0
0.16975,0.296685,0.346442,1016.36,6981.65,0,0
0.17599,0.296609,0.353877,1064.33,9859.8,0,0
0.167945,0.295725,0.401902,1002.17,6130.45,0,0
0.167552,0.296111,0.414257,965.501,3930.05,0,0
0.175246,0.296355,0.413895,1024.9,7493.96,0,0
0.166638,0.296397,0.413178,961.833,3709.97,0,0
0.165268,0.296987,0.414759,943.19,2591.38,0,0
0.237359,0.295107,0.28559,829.31,0,0,0
0.201433,0.296229,0.285104,1081.7,10901.7,0,0
0.214757,0.296132,0.28663,1033.23,7993.65,0,0
0.193227,0.296156,0.286976,1094.33,11659.6,0,0
0.184926,0.295944,0.300268,1109.01,12540.5,0,0
0.165629,0.295272,0.323723,985.633,5138,0,0
0.165993,0.29561,0.375543,989.56,5373.61,0,0
0.183263,0.295948,0.399776,1103.48,12208.8,0,0
0.191986,0.296362,0.413187,1092.97,11578.3,0,0
0.225767,0.296332,0.414883,943.526,2611.56,0,0
0.226594,0.296291,0.414394,937.7,2262.01,0,0
0.245342,0.295145,0.413708,738.216,0,0,0
0.171811,0.295587,0.2859,999.007,5940.4,0,0
0.220689,0.296988,0.286246,990.385,5423.08,0,0
0.215496,0.296968,0.28699,1029.66,7779.51,0,0
0.179747,0.296288,0.285631,1048.13,8887.79,0,0
0.166169,0.296194,0.301641,989.639,5378.33,0,0
0.166232,0.29672,0.348471,984.092,5045.54,0,0
0.167,0.296723,0.351076,972.033,4321.99,0,0
0.16585,0.296206,0.398313,987.822,5269.31,0,0
0.178341,0.296356,0.414321,1041.74,8504.28,0,0
0.244848,0.296634,0.413793,743.911,0,0,0
0.229194,0.296966,0.41366,915.29,917.402,0,0
0.182529,0.295504,0.413347,1066.45,9986.99,0,0
0.250583,0.295338,0.285475,675.487,0,0,0
0.208254,0.295243,0.286208,1065.23,9913.83,0,0
0.165311,0.296796,0.285776,944.61,2676.6,0,0
0.172773,0.296964,0.286069,1006.61,6396.77,0,0
0.191868,0.296084,0.303296,1127.41,13644.6,0,0
0.166041,0.296645,0.339534,983.587,5015.21,0,0
0.166934,0.296686,0.360162,992.271,5536.25,0,0
0.192097,0.29613,0.396591,1128.15,13688.8,0,0
0.171872,0.296964,0.414114,1000.38,6022.67,0,0
0.166503,0.296397,0.414445,955.637,3338.22,0,0
0.211476,0.295376,0.413382,1051.51,9090.84,0,0
0.242136,0.295586,0.413206,777.017,0,0,0
0.203957,0.296124,0.286283,1080.63,10838.1,0,0
0.165266,0.295547,0.28692,948.732,2923.91,0,0
0.169776,0.295007,0.286766,986.607,5196.42,0,0
0.16613,0.296987,0.285396,950.34,3020.39,0,0
0.208849,0.296819,0.300848,1092.24,11534.5,0,0
0.189651,0.296442,0.342672,1121.83,13310,0,0
0.191797,0.29657,0.357298,1124.43,13465.7,0,0
0.209652,0.296386,0.399152,1088.21,11292.6,0,0
0.166677,0.295008,0.414263,957.747,3464.83,0,0
0.205774,0.29691,0.413954,1073.93,10436.1,0,0
0.166018,0.295415,0.413396,955.491,3329.46,0,0
0.166531,0.296398,0.414265,956.615,3396.91,0,0
0.176609,0.296755,0.285928,1031.62,7897.36,0,0
0.187795,0.296151,0.286477,1083.12,10987.2,0,0
0.165781,0.296184,0.287,945.72,2743.22,0,0
0.190297,0.295416,0.285496,1084.33,11059.7,0,0
0.212135,0.295609,0.297606,1072.38,10342.8,0,0
0.177303,0.296294,0.318586,1079.19,10751.2,0,0
0.176794,0.296476,0.381249,1076.66,10599.6,0,0
0.211833,0.295646,0.402458,1073.77,10426.3,0,0
0.190194,0.295326,0.414689,1083.92,11035.1,0,0
0.165534,0.296395,0.414946,944.952,2697.12,0,0
0.175059,0.296315,0.414759,1019.99,7199.18,0,0
0.166966,0.296868,0.41468,958.576,3514.56,0,0
0.166186,0.296833,0.285881,952.862,3171.73,0,0
0.166317,0.296637,0.286883,957.995,3479.68,0,0
0.166136,0.296637,0.28697,956.714,3402.85,0,0
0.166011,0.295458,0.286876,955.269,3316.12,0,0
0.187003,0.29668,0.293041,1102.36,12141.9,0,0
0.198034,0.295303,0.323793,1126.33,13580,0,0
0.207115,0.295162,0.376681,1097.16,11829.8,0,0
0.184854,0.29636,0.406801,1096.74,11804.5,0,0
0.166831,0.295418,0.413094,963.806,3828.34,0,0
0.165089,0.296395,0.41327,947.633,2857.97,0,0
0.166882,0.296397,0.413474,962.823,3769.38,0,0
0.166069,0.296869,0.413196,956.631,3397.87,0,0
0.165415,0.296833,0.285065,942.601,2556.06,0,0
0.201486,0.296123,0.286817,1088.65,11319,0,0
0.244147,0.296123,0.286334,753.891,0,0,0
0.194382,0.296763,0.285743,1089.81,11388.3,0,0
0.202905,0.29616,0.287678,1088.67,11320.1,0,0
0.206754,0.296238,0.308637,1103.98,12238.8,0,0
0.206995,0.296411,0.39166,1102.82,12169.2,0,0
0.205121,0.296291,0.412469,1081.86,10911.5,0,0
0.205591,0.296369,0.413494,1076.5,10589.9,0,0
0.246281,0.296322,0.41355,727.487,0,0,0
0.206745,0.296333,0.41469,1067.62,10057.3,0,0
0.165581,0.296359,0.414491,947.278,2836.69,0,0
0.24849,0.296082,0.28685,703.337,0,0,0
0.238813,0.295951,0.285292,812.505,0,0,0
0.182056,0.295808,0.28625,1061.9,9713.85,0,0
0.241289,0.295337,0.285053,783.834,0,0,0
0.200533,0.295687,0.28659,1089.5,11369.7,0,0
0.20492,0.296438,0.305115,1110.87,12652.5,0,0
0.202327,0.296429,0.39473,1119.28,13156.8,0,0
0.200307,0.295729,0.413377,1090.24,11414.3,0,0
0.240648,0.295325,0.413011,794.588,0,0,0
0.182803,0.295942,0.413926,1065.25,9914.78,0,0
0.223662,0.296077,0.413237,967.373,4042.38,0,0
0.249618,0.296066,0.413014,688.496,0,0,0
0.1836,0.29615,0.286957,1071.3,10278,0,0
0.165652,0.29598,0.286364,950.137,3008.24,0,0
0.16641,0.296108,0.285419,953.071,3184.26,0,0
0.166383,0.295591,0.28695,958.867,3532.01,0,0
0.205433,0.296728,0.285816,1074.18,10450.8,0,0
0.180152,0.296647,0.31379,1095.42,11725.5,0,0
0.179088,0.296484,0.386167,1090.58,11435.1,0,0
0.205003,0.29691,0.414391,1074.7,10482,0,0
0.166929,0.295769,0.414936,957.302,3438.15,0,0
0.165759,0.29607,0.414507,948.83,2929.78,0,0
0.18358,0.296197,0.413752,1069.12,10147.4,0,0
0.197342,0.296246,0.414946,1086.99,11219.4,0,0
0.169889,0.29618,0.286696,987.424,5245.43,0,0
0.228213,0.295429,0.286981,927.585,1655.08,0,0
0.16516,0.295412,0.285695,942.969,2578.13,0,0
0.226676,0.297,0.286717,941.063,2463.78,0,0
0.192704,0.296154,0.285694,1088.56,11313.6,0,0
0.209361,0.295392,0.304326,1091.25,11474.9,0,0
0.204486,0.295293,0.39552,1112.15,12729.1,0,0
0.192089,0.296325,0.414278,1088.55,11313,0,0
0.195464,0.295146,0.414138,1090.96,11457.4,0,0
0.233489,0.297,0.414277,870.078,0,0,0
0.200582,0.295862,0.414003,1087.27,11236,0,0
0.22862,0.296289,0.41348,921.521,1291.26,0,0
0.177937,0.296063,0.285204,1036.43,8185.64,0,0
0.165638,0.295678,0.286254,949.566,2973.98,0,0
0.165896,0.295592,0.286566,953.079,3184.75,0,0
0.210417,0.295015,0.286876,1057.86,9471.86,0,0
0.190686,0.295986,0.285623,1085.62,11137.2,0,0
0.166528,0.296662,0.305475,995.707,5742.41,0,0
0.166914,0.296421,0.394336,1000.37,6022.26,0,0
0.190953,0.295901,0.414612,1085.6,11136.1,0,0
0.211088,0.295013,0.413019,1054.71,9282.44,0,0
0.166426,0.295549,0.414254,955.741,3344.46,0,0
0.166191,0.295945,0.413419,957.009,3420.55,0,0
0.178105,0.296025,0.414981,1037.53,8251.63,0,0
0.212479,0.296001,0.286797,1047.09,8825.45,0,0
0.16661,0.29581,0.285724,956.079,3364.73,0,0
0.166181,0.295592,0.285776,952.491,3149.43,0,0
0.174785,0.296987,0.286278,1021.39,7283.62,0,0
0.187043,0.295854,0.286369,1080.62,10837.4,0,0
0.176522,0.295343,0.335154,1069.56,10173.7,0,0
0.174212,0.29529,0.364614,1054.11,9246.37,0,0
0.181065,0.295898,0.414649,1054.35,9261.01,0,0
0.223518,0.296334,0.414134,965.673,3940.36,0,0
0.165822,0.295592,0.414833,948,2880,0,0
0.194233,0.295816,0.414771,1088.08,11284.8,0,0
0.214197,0.29595,0.414995,1030.19,7811.67,0,0
0.165334,0.296185,0.28665,948.366,2901.94,0,0
0.191916,0.295507,0.285811,1088.15,11289.2,0,0
0.1667,0.295185,0.286188,958.617,3517.01,0,0
0.166696,0.295458,0.285847,957.286,3437.18,0,0
0.183522,0.296146,0.290451,1083.38,11002.6,0,0
0.186912,0.296483,0.344166,1115.81,12948.4,0,0
0.179424,0.296436,0.356504,1085.46,11127.9,0,0
0.18739,0.296359,0.410055,1095.4,11724,0,0
0.165264,0.295415,0.41319,949.493,2969.58,0,0
0.165762,0.295325,0.414168,950.151,3009.06,0,0
0.2176,0.295375,0.413192,1014.67,6880.24,0,0
0.166014,0.296239,0.413388,955.541,3332.48,0,0
0.213461,0.296167,0.285193,1035.54,8132.23,0,0
0.203371,0.295776,0.286883,1084.54,11072.6,0,0
0.18942,0.295594,0.286118,1085.37,11122.4,0,0
0.1652,0.296145,0.285083,940.863,2451.75,0,0
0.188261,0.295418,0.298175,1115.73,12944.1,0,0
0.166105,0.296685,0.34271,983.485,5009.08,0,0
0.165469,0.296692,0.357395,977.523,4651.35,0,0
0.186439,0.295373,0.401529,1112.01,12720.8,0,0
0.166532,0.295987,0.413073,961.334,3680.05,0,0
0.166829,0.295462,0.413581,961.923,3715.4,0,0
0.166091,0.295858,0.413795,954.652,3279.11,0,0
0.215249,0.296338,0.414313,1026.36,7581.86,0,0
0.254445,0.296127,0.285759,629.676,0,0,0
0.165144,0.296184,0.285396,941.657,2499.43,0,0
0.166805,0.296187,0.286957,962.632,3757.9,0,0
0.185436,0.29615,0.285586,1072.27,10336.3,0,0
0.193966,0.295991,0.297982,1123.13,13387.5,0,0
0.198808,0.296717,0.347118,1119.58,13174.9,0,0
0.169941,0.296688,0.351634,1017.96,7077.38,0,0
0.199815,0.296038,0.402355,1118.88,13132.7,0,0
0.185911,0.296322,0.414656,1073.5,10410,0,0
0.212444,0.296167,0.414873,1040.7,8442.03,0,0
0.165004,0.296395,0.413878,944.511,2670.66,0,0
0.252356,0.296324,0.414439,652.837,0,0,0
0.166147,0.295185,0.286832,956.244,3374.64,0,0
0.210911,0.296166,0.286612,1054.66,9279.32,0,0
0.197827,0.296159,0.285718,1089.21,11352.8,0,0
0.173356,0.296987,0.28579,1009.59,6575.16,0,0
0.172713,0.296841,0.300157,1042.09,8525.15,0,0
0.180367,0.296589,0.338315,1091.07,11464.2,0,0
0.166803,0.296643,0.36405,992.282,5536.92,0,0
0.171401,0.296438,0.3999,1033.21,7992.39,0,0
0.173246,0.295098,0.414433,1008.98,6538.83,0,0
0.211245,0.296295,0.414429,1048.8,8928,0,0
0.165852,0.296398,0.413435,953.895,3233.72,0,0
0.192231,0.29501,0.414231,1088.74,11324.3,0,0
0.241127,0.296717,0.285354,786.447,0,0,0
0.167074,0.296869,0.285277,958.128,3487.68,0,0
0.165572,0.296187,0.286501,949.95,2996.99,0,0
0.166427,0.295547,0.286456,957.361,3441.66,0,0
0.188937,0.295331,0.302118,1121.9,13313.7,0,0
0.18249,0.296605,0.348249,1100.01,12000.3,0,0
0.1984,0.296718,0.352843,1120.38,13222.6,0,0
0.190675,0.295423,0.397903,1125.41,13524.7,0,0
0.165797,0.295638,0.413764,952.131,3127.87,0,0
0.165545,0.296397,0.413593,950.529,3031.74,0,0
0.211904,0.296336,0.41479,1043.92,8635,0,0
0.228538,0.296939,0.414402,919.334,1160.05,0,0
0.235039,0.296987,0.286977,858.118,0,0,0
0.165819,0.295368,0.286129,950.639,3038.36,0,0
0.166724,0.295051,0.285659,956.64,3398.39,0,0
0.187706,0.295897,0.285588,1079.09,10745.7,0,0
0.210312,0.295701,0.301224,1085.21,11112.6,0,0
0.166522,0.296685,0.34349,987.351,5241.08,0,0
0.166197,0.29672,0.355771,984.281,5056.85,0,0
0.208444,0.295651,0.398731,1094.41,11664.7,0,0
0.189794,0.295858,0.414615,1083.6,11015.9,0,0
0.166837,0.297,0.413434,962.42,3745.19,0,0
0.169297,0.295232,0.414938,976.99,4619.4,0,0
0.232962,0.295055,0.41335,878.2,0,0,0
0.166348,0.295548,0.286052,955.074,3304.45,0,0
0.166821,0.296987,0.285282,955.924,3355.45,0,0
0.180415,0.296937,0.286784,1056.2,9372.25,0,0
0.18112,0.295978,0.286804,1059.88,9593.01,0,0
0.178424,0.295596,0.30294,1082.28,10936.5,0,0
0.198366,0.296712,0.343141,1120.79,13247.5,0,0
0.197068,0.296685,0.357032,1122.9,13373.7,0,0
0.178208,0.295554,0.397066,1081.88,10912.9,0,0
0.185924,0.295986,0.413554,1078.31,10698.5,0,0
0.169404,0.295009,0.4137,982.939,4976.34,0,0
0.165001,0.295054,0.413849,944.463,2667.78,0,0
0.208165,0.295466,0.413954,1064.96,9897.7,0,0
0.165499,0.296065,0.286239,948.276,2896.57,0,0
0.201575,0.295467,0.285955,1084.98,11098.8,0,0
0.242319,0.296124,0.285954,774.33,0,0,0
0.219753,0.295737,0.285847,996.314,5778.85,0,0
0.187253,0.295505,0.293372,1103.91,12234.9,0,0
0.165223,0.29547,0.325622,980.962,4857.7,0,0
0.207713,0.296944,0.363854,1088.62,11317.2,0,0
0.186815,0.295461,0.406706,1103.17,12190.1,0,0
0.233739,0.295501,0.414471,867.028,0,0,0
0.238885,0.296324,0.414344,811.436,0,0,0
0.192552,0.295551,0.414587,1087.68,11260.8,0,0
0.166553,0.29603,0.413823,958.621,3517.25,0,0
0.165538,0.296106,0.286989,951.492,3089.5,0,0
0.203482,0.295333,0.285947,1080.49,10829.4,0,0
0.227379,0.296129,0.285764,931.808,1908.5,0,0
0.21987,0.296168,0.285561,994.42,5665.2,0,0
0.207639,0.295335,0.291458,1084.2,11051.9,0,0
0.175386,0.296506,0.321604,1066.24,9974.11,0,0
0.173844,0.296598,0.378395,1056.17,9370.17,0,0
0.197087,0.295328,0.408436,1110.03,12601.5,0,0
0.240748,0.295978,0.414366,790.298,0,0,0
0.245399,0.296322,0.414024,736.943,0,0,0
0.199,0.295421,0.41462,1086.89,11213.2,0,0
0.17691,0.296192,0.414348,1033.37,8002.22,0,0
0.166693,0.296149,0.286554,960.115,3606.9,0,0
0.25156,0.297,0.285805,664.318,0,0,0
0.166813,0.296292,0.285958,958.794,3527.63,0,0
0.169593,0.296101,0.285147,978.684,4721.07,0,0
0.207832,0.295289,0.286261,1067.18,10031.1,0,0
0.198749,0.296014,0.307496,1127.56,13653.3,0,0
0.195906,0.296058,0.392017,1130.9,13853.7,0,0
0.20774,0.295148,0.413876,1066.93,10015.7,0,0
0.166274,0.296114,0.414045,955.272,3316.34,0,0
0.238135,0.296324,0.414783,818.615,0,0,0
0.254415,0.296937,0.414386,628.037,0,0,0
0.165046,0.296153,0.413037,948.139,2888.34,0,0
0.171544,0.295889,0.286205,998.295,5897.7,0,0
0.245597,0.295247,0.286892,737.87,0,0,0
0.237171,0.296125,0.286181,833.076,0,0,0
0.17301,0.295674,0.286634,1010.76,6645.78,0,0
0.196328,0.296077,0.286268,1092.28,11537,0,0
0.188015,0.295017,0.308085,1123.37,13402,0,0
0.190298,0.297,0.391643,1128.23,13693.8,0,0
0.196086,0.296203,0.413684,1092.92,11575.3,0,0
0.168408,0.295635,0.414641,971.079,4264.76,0,0
0.234995,0.296326,0.414096,854.798,0,0,0
0.246519,0.295145,0.414957,721.474,0,0,0
0.165572,0.2959,0.414358,947.766,2865.93,0,0
0.234556,0.295775,0.285309,858.873,0,0,0
0.249653,0.297,0.285231,686.023,0,0,0
0.210555,0.296129,0.285101,1050.54,9032.45,0,0
0.232144,0.296126,0.285954,885.855,0,0,0
0.186508,0.295505,0.286664,1080.23,10813.6,0,0
0.199045,0.29631,0.311111,1127.44,13646.4,0,0
0.202012,0.296487,0.38911,1120.83,13249.9,0,0
0.186699,0.295505,0.413373,1081.37,10882.4,0,0
0.22682,0.296873,0.413046,939.651,2379.07,0,0
0.202071,0.296331,0.414239,1083.35,11000.9,0,0
0.250267,0.2951,0.414663,677.403,0,0,0
0.239068,0.295848,0.413928,810.469,0,0,0
0.185203,0.29581,0.286702,1076.2,10572.2,0,0
0.221608,0.296167,0.286867,985.357,5121.43,0,0
0.234077,0.295382,0.285825,865.375,0,0,0
0.218779,0.296133,0.286045,1004.2,6252.13,0,0
0.187585,0.296966,0.286856,1083.93,11035.9,0,0
0.207572,0.296144,0.302872,1099.38,11962.7,0,0
0.209702,0.296099,0.396786,1089.09,11345.3,0,0
0.188859,0.296906,0.413532,1086.15,11168.8,0,0
0.187937,0.296322,0.413241,1085.31,11118.4,0,0
0.165587,0.295943,0.413978,949.426,2965.58,0,0
0.220781,0.295149,0.413241,990.836,5450.13,0,0
0.178951,0.295811,0.413143,1050.01,9000.32,0,0
0.214506,0.295606,0.285037,1028.76,7725.53,0,0
0.178034,0.295007,0.285415,1037.72,8263.08,0,0
0.182059,0.295851,0.285361,1058.07,9483.94,0,0
0.165201,0.296185,0.286049,944.823,2689.38,0,0
0.188809,0.296151,0.286731,1086.62,11197.5,0,0
0.195017,0.29552,0.306777,1130.51,13830.5,0,0
0.198428,0.295565,0.393708,1127.86,13671.3,0,0
0.18814,0.296241,0.413635,1084.2,11052.1,0,0
0.201685,0.296331,0.413856,1085.75,11144.9,0,0
0.206904,0.295862,0.413716,1070.97,10258.2,0,0
0.208905,0.296335,0.413543,1063.38,9802.76,0,0
0.215582,0.295554,0.414815,1022.32,7339.38,0,0
0.232101,0.295385,0.286904,888.889,0,0,0
0.251573,0.296718,0.286949,666.273,0,0,0
0.166114,0.295634,0.285137,949.253,2955.17,0,0
0.243505,0.296124,0.286674,762.161,0,0,0
0.204696,0.296196,0.286836,1080.61,10836.5,0,0
0.17217,0.296874,0.316328,1044.33,8659.94,0,0
0.173279,0.296775,0.383155,1053.29,9197.56,0,0
0.204694,0.296292,0.413225,1080.43,10826,0,0
0.245332,0.296194,0.413309,739.262,0,0,0
0.166612,0.295594,0.414468,956.497,3389.85,0,0
0.241836,0.296987,0.413789,779.03,0,0,0
0.202579,0.295641,0.414726,1080.13,10808,0,0
0.190742,0.295857,0.286866,1090.92,11454.9,0,0
0.250729,0.296717,0.28549,673.736,0,0,0
0.23054,0.295558,0.28533,900.064,3.83423,0,0
0.252388,0.296125,0.286471,655.701,0,0,0
0.203775,0.295102,0.285188,1076.46,10587.5,0,0
0.169269,0.296427,0.320661,1019.87,7192.3,0,0
0.170012,0.296599,0.378675,1026.58,7594.73,0,0
0.200145,0.295102,0.414958,1083.75,11025.1,0,0
0.239283,0.296324,0.414958,805.297,0,0,0
0.247295,0.295498,0.414452,713.482,0,0,0
0.251117,0.296324,0.41452,667.579,0,0,0
0.224238,0.295507,0.414344,958.795,3527.73,0,0
0.251587,0.295558,0.28691,666.1,0,0,0
0.166822,0.29537,0.285297,956.091,3365.43,0,0
0.190994,0.296154,0.286263,1088.84,11330.6,0,0
0.168233,0.295322,0.286484,972.954,4377.27,0,0
0.193852,0.296114,0.29118,1108.9,12534.1,0,0
0.165743,0.296644,0.338703,980.927,4855.59,0,0
0.166273,0.296653,0.360128,986.013,5160.79,0,0
0.192879,0.296115,0.408887,1108.54,12512.6,0,0
0.250155,0.297,0.413383,681.209,0,0,0
0.180721,0.296277,0.413894,1055.96,9357.79,0,0
0.198913,0.295146,0.414574,1087.11,11226.6,0,0
0.245351,0.295628,0.413411,738.815,0,0,0
0.249462,0.295862,0.285146,688.256,0,0,0
0.216203,0.295429,0.286209,1022.5,7349.84,0,0
0.19685,0.296724,0.286735,1093.88,11632.8,0,0
0.248321,0.295382,0.286746,705.118,0,0,0
0.191578,0.296684,0.294469,1114.93,12895.8,0,0
0.178522,0.296564,0.345339,1080.06,10803.4,0,0
0.18346,0.296566,0.354233,1104.24,12254.6,0,0
0.192162,0.296364,0.405568,1116.07,12964.4,0,0
0.230193,0.295459,0.41321,906.889,413.353,0,0
0.207607,0.296334,0.414403,1065.48,9928.95,0,0
0.166773,0.295549,0.41334,962.39,3743.38,0,0
0.248806,0.295802,0.41479,694.736,0,0,0
0.169091,0.29618,0.285186,974.791,4487.43,0,0
0.224558,0.295339,0.286486,959.415,3564.9,0,0
0.246642,0.296716,0.286409,724.486,0,0,0
0.17611,0.296755,0.286668,1031.6,7895.77,0,0
0.167365,0.295933,0.296144,992.778,5566.69,0,0
0.17461,0.296645,0.346441,1054.71,9282.64,0,0
0.174021,0.296648,0.354735,1050.67,9040.33,0,0
0.166551,0.295898,0.403812,986.744,5204.63,0,0
0.175564,0.296355,0.413496,1028.59,7715.68,0,0
0.248172,0.296323,0.413415,705.138,0,0,0
0.202227,0.295464,0.41346,1086.12,11167,0,0
0.166892,0.29632,0.41414,960.278,3616.7,0,0
0.165792,0.296717,0.285709,948.694,2921.66,0,0
0.208703,0.296086,0.285678,1061.36,9681.43,0,0
0.165338,0.296987,0.285709,944.534,2672.04,0,0
0.185538,0.296679,0.286715,1077.31,10638.5,0,0
0.19233,0.296197,0.299216,1123.78,13427.1,0,0
0.173223,0.296565,0.342952,1044.92,8695.17,0,0
0.185475,0.296302,0.357979,1111.97,12718.3,0,0
0.189844,0.29637,0.400585,1121.27,13276.1,0,0
0.181754,0.296357,0.413151,1063.85,9831.17,0,0
0.166541,0.296965,0.413017,961.452,3687.14,0,0
0.217319,0.295994,0.414879,1010.62,6637.14,0,0
0.165645,0.296397,0.414408,948.188,2891.25,0,0
0.16591,0.296904,0.286836,954.122,3247.3,0,0
0.205458,0.296083,0.285549,1073.11,10386.7,0,0
0.165841,0.295503,0.28548,948.24,2894.43,0,0
0.1771,0.295323,0.286736,1037.95,8276.84,0,0
0.190396,0.29533,0.300239,1122.57,13354.3,0,0
0.193874,0.296221,0.339777,1125.59,13535.2,0,0
0.191958,0.296215,0.360273,1125.07,13504,0,0
0.191809,0.295421,0.400043,1124.59,13475.5,0,0
0.176175,0.295278,0.413433,1032.62,7957.46,0,0
0.212361,0.295376,0.414507,1042.54,8552.34,0,0
0.174465,0.296066,0.414575,1016.89,7013.56,0,0
0.224407,0.296334,0.413398,960.421,3625.28,0,0
0.165835,0.297,0.286744,953.036,3182.19,0,0
0.246069,0.296038,0.286818,732.206,0,0,0
0.253834,0.2952,0.286667,638.501,0,0,0
0.172504,0.296059,0.286246,1005.57,6334.17,0,0
0.180665,0.295506,0.301245,1092.33,11539.6,0,0
0.212186,0.295459,0.345821,1058.93,9535.89,0,0
0.211623,0.295297,0.353577,1062.65,9759.25,0,0
0.181309,0.295464,0.398668,1096.26,11775.8,0,0
0.173074,0.296024,0.414,1009.75,6584.84,0,0
0.248317,0.295235,0.413943,702.307,0,0,0
0.247727,0.29628,0.414868,707.416,0,0,0
0.176483,0.295055,0.413148,1035.6,8135.9,0,0
0.179588,0.295502,0.286411,1050.59,9035.45,0,0
0.218674,0.296047,0.28516,1001.72,6103.48,0,0
0.165903,0.296987,0.286423,952.451,3147.07,0,0
0.166413,0.296678,0.285887,954.936,3296.17,0,0
0.174421,0.296433,0.28896,1029.2,7752.07,0,0
0.166916,0.295345,0.327298,996.269,5776.12,0,0
0.168808,0.295048,0.371772,1013.42,6805.22,0,0
0.17491,0.296354,0.411017,1033.59,8015.6,0,0
0.165141,0.296396,0.413451,947.415,2844.9,0,0
0.180002,0.296356,0.413511,1053.99,9239.34,0,0
0.165643,0.296197,0.413447,951.997,3119.82,0,0
0.167482,0.295504,0.41392,966.225,3973.51,0,0
0.209068,0.295196,0.285537,1059.08,9544.72,0,0
0.230399,0.296086,0.28622,904.2,252.001,0,0
0.225948,0.296164,0.285565,944.221,2653.27,0,0
0.233935,0.296126,0.286196,867.968,0,0,0
0.172577,0.296101,0.285387,1002.49,6149.25,0,0
0.165754,0.296796,0.311271,990.027,5401.63,0,0
0.166733,0.296513,0.388569,1000.1,6006,0,0
0.17577,0.29615,0.413344,1030.54,7832.45,0,0
0.234706,0.296326,0.413655,859.089,0,0,0
0.197265,0.296366,0.413386,1093.62,11617,0,0
0.22784,0.295898,0.41445,925.971,1558.25,0,0
0.207532,0.297,0.414701,1064.38,9862.51,0,0
0.165471,0.295232,0.28551,944.98,2698.81,0,0
0.165354,0.296185,0.28554,944.156,2649.35,0,0
0.165109,0.29687,0.286295,944.81,2688.59,0,0
0.236937,0.296125,0.286493,836.448,0,0,0
0.165185,0.295893,0.2857,943.28,2596.77,0,0
0.196724,0.29619,0.309641,1130.34,13820.6,0,0
0.194588,0.296194,0.389842,1131.72,13902.9,0,0
0.165019,0.295941,0.414484,942.25,2535.03,0,0
0.236951,0.296325,0.413454,835.23,0,0,0
0.166201,0.296965,0.413815,955.381,3322.84,0,0
0.165726,0.296361,0.413645,951.959,3117.52,0,0
0.165625,0.295279,0.413305,952.29,3137.41,0,0
0.230372,0.296127,0.285634,902.701,162.059,0,0
0.165557,0.296148,0.286453,949.631,2977.87,0,0
0.165793,0.296833,0.285981,949.764,2985.87,0,0
0.167657,0.296184,0.286251,967.249,4034.95,0,0
0.166444,0.29581,0.286241,956.698,3401.86,0,0
0.206066,0.296106,0.305024,1106.5,12390.2,0,0
0.188227,0.296135,0.393346,1124.04,13442.7,0,0
0.166182,0.295815,0.413977,954.734,3284.01,0,0
0.165057,0.296194,0.41409,944.184,2651.03,0,0
0.16641,0.296397,0.414433,954.864,3291.83,0,0
0.202788,0.296331,0.413193,1085.85,11150.9,0,0
0.221263,0.296295,0.414199,983.94,5036.42,0,0
0.194253,0.295011,0.286056,1091,11460.2,0,0
0.166611,0.295852,0.286529,959.3,3558,0,0
0.191496,0.296154,0.285784,1087.54,11252.3,0,0
0.245228,0.295905,0.286195,740.872,0,0,0
0.191797,0.295282,0.286604,1091.28,11476.5,0,0
0.207946,0.295793,0.303774,1098.02,11881.2,0,0
0.18382,0.295825,0.394426,1110.3,12618.2,0,0
0.190312,0.295236,0.413618,1088.71,11322.5,0,0
0.250734,0.295847,0.413527,674.113,0,0,0
0.166472,0.296398,0.413935,957.432,3445.91,0,0
0.166314,0.29603,0.413962,955.966,3357.96,0,0
0.16636,0.295052,0.413372,958.509,3510.52,0,0
0.238279,0.296676,0.286399,821.274,0,0,0
0.253027,0.295514,0.286692,648.337,0,0,0
0.254191,0.295601,0.286056,633.238,0,0,0
0.231284,0.295199,0.28526,892.35,0,0,0
0.166399,0.295007,0.286324,956.449,3386.92,0,0
0.189765,0.295648,0.305205,1125.79,13547.5,0,0
0.207503,0.295564,0.396846,1099.67,11980,0,0
0.16576,0.295053,0.413547,952.503,3150.19,0,0
0.227953,0.295192,0.413321,928.274,1696.44,0,0
0.254394,0.295543,0.413858,629.328,0,0,0
0.238588,0.29519,0.414982,812.942,0,0,0
0.237136,0.296325,0.413837,832.22,0,0,0
0.227709,0.296725,0.286595,931.188,1871.26,0,0
0.226875,0.295911,0.285009,933.945,2036.73,0,0
0.16636,0.295766,0.286437,956.724,3403.46,0,0
0.237032,0.296719,0.28679,836.044,0,0,0
0.166683,0.296186,0.285204,954.556,3273.34,0,0
0.189896,0.29674,0.304748,1125.65,13539.3,0,0
0.191154,0.296419,0.395254,1128.01,13680.6,0,0
0.166557,0.296396,0.41473,954.926,3295.57,0,0
0.240222,0.296903,0.414817,794.958,0,0,0
0.231534,0.295325,0.414451,889.783,0,0,0
0.215688,0.295906,0.413385,1026.95,7617.01,0,0
0.221576,0.296335,0.414774,979.401,4764.05,0,0
0.225024,0.296334,0.286056,954.02,3241.18,0,0
0.166125,0.295592,0.286523,954.949,3296.94,0,0
0.235482,0.295643,0.286181,851.442,0,0,0
0.22978,0.295199,0.285529,908.078,484.658,0,0
0.196077,0.296157,0.286268,1092.33,11539.9,0,0
0.19425,0.296744,0.305205,1129.79,13787.3,0,0
0.19524,0.296422,0.394993,1130.03,13801.9,0,0
0.196442,0.296328,0.414075,1091.18,11470.9,0,0
0.229507,0.295101,0.414444,909.878,592.701,0,0
0.237523,0.29576,0.413404,829.042,0,0,0
0.165348,0.295637,0.413887,947.607,2856.41,0,0
0.230099,0.296329,0.414783,903.12,187.196,0,0
0.165744,0.295323,0.286466,951.28,3076.81,0,0
0.166395,0.295809,0.286863,958.673,3520.4,0,0
0.173469,0.296102,0.286794,1014.67,6880.47,0,0
0.205215,0.295242,0.285651,1074.2,10452.2,0,0
0.19897,0.296988,0.285302,1086.16,11169.4,0,0
0.166144,0.295773,0.305264,992.149,5528.97,0,0
0.203028,0.295617,0.391904,1117.82,13069.2,0,0
0.198195,0.297,0.414858,1086.53,11191.9,0,0
0.174897,0.29559,0.414354,1020.68,7240.61,0,0
0.222445,0.295946,0.414098,974.768,4486.09,0,0
0.166506,0.295771,0.413485,959.519,3571.16,0,0
0.222575,0.296875,0.414126,973.45,4406.99,0,0
0.224863,0.296686,0.286705,957.411,3444.64,0,0
0.166436,0.296024,0.286424,957.352,3441.1,0,0
0.166367,0.296188,0.28628,956.174,3370.44,0,0
0.166086,0.295896,0.286936,956.215,3372.92,0,0
0.190946,0.295236,0.286627,1090.16,11409.4,0,0
0.165361,0.295823,0.307726,985.887,5153.24,0,0
0.166751,0.295829,0.392489,999.688,5981.25,0,0
0.18457,0.295282,0.413075,1075.55,10533.2,0,0
0.16689,0.295771,0.414915,957.056,3423.37,0,0
0.166727,0.296237,0.414829,956.001,3360.07,0,0
0.165572,0.295943,0.414118,948.733,2924,0,0
0.217817,0.297,0.414951,1006.7,6401.96,0,0
0.1657,0.295323,0.286235,949.976,2998.53,0,0
0.16691,0.296188,0.285688,958.549,3512.93,0,0
0.166506,0.296678,0.286412,957.841,3470.47,0,0
0.227647,0.296087,0.285417,928.184,1691.02,0,0
0.202024,0.296081,0.286743,1087.24,11234.5,0,0
0.174407,0.29607,0.316217,1060.82,9649.25,0,0
0.17353,0.296077,0.383843,1055.37,9322.11,0,0
0.20328,0.296078,0.41336,1083.98,11038.7,0,0
0.231208,0.296328,0.413833,894.967,0,0,0
0.166631,0.296398,0.413373,961.025,3661.52,0,0
0.19345,0.296326,0.413612,1092.6,11555.9,0,0
0.165916,0.295279,0.413632,953.639,3218.35,0,0
0.16623,0.295458,0.286493,955.75,3345.03,0,0
0.242267,0.296082,0.286333,775.817,0,0,0
0.243324,0.296123,0.286312,763.474,0,0,0
0.166899,0.296795,0.286588,961.934,3716.01,0,0
0.183712,0.295414,0.295191,1096.24,11774.3,0,0
0.194471,0.296683,0.348761,1124.53,13471.8,0,0
0.201526,0.296774,0.350903,1112.59,12755.6,0,0
0.184531,0.295461,0.404912,1099.85,11991.2,0,0
0.199831,0.296612,0.413117,1091.93,11515.6,0,0
0.240655,0.296323,0.413961,792.345,0,0,0
0.236675,0.29611,0.414428,835.707,0,0,0
0.166556,0.295414,0.413308,960.584,3635.05,0,0
0.182988,0.295547,0.286629,1067.45,10046.9,0,0
0.16553,0.296796,0.286474,949.347,2960.82,0,0
0.176238,0.295412,0.285558,1027.79,7667.45,0,0
0.250359,0.295338,0.286137,679.488,0,0,0
0.191427,0.295552,0.296101,1118.01,13080.4,0,0
0.165898,0.296719,0.346578,980.965,4857.88,0,0
0.166794,0.29672,0.352364,989.558,5373.47,0,0
0.191725,0.295552,0.403744,1119.15,13148.7,0,0
0.253425,0.297,0.413942,640.751,0,0,0
0.16659,0.295594,0.413395,960.58,3634.81,0,0
0.165584,0.296937,0.413192,952.278,3136.69,0,0
0.16519,0.295593,0.413348,948.258,2895.46,0,0
0.247322,0.295199,0.286442,716.446,0,0,0
0.165247,0.295276,0.285005,940.86,2451.63,0,0
0.220809,0.295387,0.286901,991.724,5503.44,0,0
0.244643,0.296123,0.286757,748.966,0,0,0
0.174358,0.295809,0.299578,1053.18,9190.69,0,0
0.180673,0.296607,0.350387,1091.5,11489.8,0,0
0.193784,0.296683,0.35083,1124.64,13478.5,0,0
0.176602,0.295902,0.400419,1068.75,10125.2,0,0
0.252512,0.296325,0.413134,653.275,0,0,0
0.214587,0.295376,0.414023,1031.51,7890.56,0,0
0.166074,0.295098,0.413038,957.265,3435.89,0,0
0.236239,0.2951,0.414594,839.872,0,0,0
0.206425,0.295646,0.28583,1070.93,10255.7,0,0
0.165115,0.295456,0.285319,941.02,2461.19,0,0
0.166784,0.296022,0.285634,957.239,3434.31,0,0
0.180356,0.296146,0.286695,1055.72,9343.26,0,0
0.198939,0.296167,0.300451,1123.29,13397.7,0,0
0.220666,0.295927,0.348239,988.016,5280.96,0,0
0.220821,0.295975,0.350913,986.452,5187.1,0,0
0.20046,0.296299,0.399855,1120.54,13232.7,0,0
0.180412,0.296236,0.413329,1056.8,9408.02,0,0
0.166488,0.295986,0.414391,955.755,3345.27,0,0
0.165149,0.295415,0.414584,942.959,2577.52,0,0
0.165434,0.295593,0.413161,951.181,3070.87,0,0
0.14,0.41,0.26,0,0,1,1
0.14,0.41,0.263,0,0,1,1
0.14,0.41,0.266,0,0,1,1
0.14,0.41,0.269,0,0,1,1
0.14,0.41,0.272,0,0,1,1
0.14,0.41,0.275,0,0,1,1
0.14,0.41,0.278,0,0,1,1
0.14,0.41,0.281,0,0,1,1
0.14,0.41,0.284,0,0,1,1
0.14,0.41,0.287,0,0,1,1
0.14,0.41,0.29,0,0,1,1
0.14,0.41,0.293,0,0,1,1
0.14,0.41,0.296,0,0,1,1
0.14,0.41,0.299,0,0,1,1
0.14,0.41,0.302,0,0,1,1
0.14,0.41,0.305,0,0,1,1
0.14,0.41,0.308,0,0,1,1
0.14,0.41,0.311,0,0,1,1
0.14,0.41,0.314,0,0,1,1
0.14,0.41,0.317,0,0,1,1
0.14,0.41,0.32,0,0,1,1
0.14,0.41,0.323,0,0,1,1
0.14,0.41,0.326,0,0,1,1
0.14,0.41,0.329,0,0,1,1
0.14,0.41,0.332,0,0,1,1
0.14,0.41,0.335,0,0,1,1
0.14,0.41,0.338,0,0,1,1
0.14,0.41,0.341,0,0,1,1
0.14,0.41,0.344,0,0,1,1
0.14,0.41,0.347,0,0,1,1
0.14,0.41,0.35,0,0,1,1
0.14,0.41,0.353,0,0,1,1
0.14,0.41,0.356,0,0,1,1
0.14,0.41,0.359,0,0,1,1
0.14,0.41,0.362,0,0,1,1
0.14,0.41,0.365,0,0,1,1
0.14,0.41,0.368,0,0,1,1
0.14,0.41,0.371,0,0,1,1
0.14,0.41,0.374,0,0,1,1
0.14,0.41,0.377,0,0,1,1
0.14,0.41,0.38,0,0,1,1
0.14,0.41,0.383,0,0,1,1
0.14,0.41,0.386,0,0,1,1
0.14,0.41,0.389,0,0,1,1
0.14,0.41,0.392,0,0,1,1
0.14,0.41,0.395,0,0,1,1
0.14,0.41,0.398,0,0,1,1
0.14,0.41,0.401,0,0,1,1
0.14,0.41,0.404,0,0,1,1
0.14,0.41,0.407,0,0,1,1
0.14,0.41,0.41,0,0,1,1
0.14,0.41,0.413,0,0,1,1
0.14,0.41,0.416,0,0,1,1
0.14,0.41,0.419,0,0,1,1
0.14,0.41,0.422,0,0,1,1
0.14,0.41,0.425,0,0,1,1
0.14,0.41,0.427999,0,0,1,1
0.14,0.41,0.430999,0,0,1,1
0.14,0.41,0.433999,0,0,1,1
0.14,0.41,0.436999,0,0,1,1
0.14,0.41,0.439999,0,0,1,1
0.14,0.407,0.26,0,0,1,1
0.14,0.407,0.263,0,0,1,1
0.14,0.407,0.266,0,0,1,1
0.14,0.407,0.269,0,0,1,1
0.14,0.407,0.272,0,0,1,1
0.14,0.407,0.275,0,0,1,1
0.14,0.407,0.278,0,0,1,1
0.14,0.407,0.281,0,0,1,1
0.14,0.407,0.284,0,0,1,1
0.14,0.407,0.287,0,0,1,1
0.14,0.407,0.29,0,0,1,1
0.14,0.407,0.293,0,0,1,1
0.14,0.407,0.296,0,0,1,1
0.14,0.407,0.299,0,0,1,1
0.14,0.407,0.302,0,0,1,1
0.14,0.407,0.305,0,0,1,1
0.14,0.407,0.308,0,0,1,1
0.14,0.407,0.311,0,0,1,1
0.14,0.407,0.314,0,0,1,1
0.14,0.407,0.317,0,0,1,1
0.14,0.407,0.32,0,0,1,1
0.14,0.407,0.323,0,0,1,1
0.14,0.407,0.326,0,0,1,1
0.14,0.407,0.329,0,0,1,1
0.14,0.407,0.332,0,0,1,1
0.14,0.407,0.335,0,0,1,1
0.14,0.407,0.338,0,0,1,1
0.14,0.407,0.341,0,0,1,1
0.14,0.407,0.344,0,0,1,1
0.14,0.407,0.347,0,0,1,1
0.14,0.407,0.35,0,0,1,1
0.14,0.407,0.353,0,0,1,1
0.14,0.407,0.356,0,0,1,1
0.14,0.407,0.359,0,0,1,1
0.14,0.407,0.362,0,0,1,1
0.14,0.407,0.365,0,0,1,1
0.14,0.407,0.368,0,0,1,1
0.14,0.407,0.371,0,0,1,1
0.14,0.407,0.374,0,0,1,1
0.14,0.407,0.377,0,0,1,1
0.14,0.407,0.38,0,0,1,1
0.14,0.407,0.383,0,0,1,1
0.14,0.407,0.386,0,0,1,1
0.14,0.407,0.389,0,0,1,1
0.14,0.407,0.392,0,0,1,1
0.14,0.407,0.395,0,0,1,1
0.14,0.407,0.398,0,0,1,1
0.14,0.407,0.401,0,0,1,1
0.14,0.407,0.404,0,0,1,1
0.14,0.407,0.407,0,0,1,1
0.14,0.407,0.41,0,0,1,1
0.14,0.407,0.413,0,0,1,1
0.14,0.407,0.416,0,0,1,1
0.14,0.407,0.419,0,0,1,1
0.14,0.407,0.422,0,0,1,1
0.14,0.407,0.425,0,0,1,1
0.14,0.407,0.427999,0,0,1,1
0.14,0.407,0.430999,0,0,1,1
0.14,0.407,0.433999,0,0,1,1
0.14,0.407,0.436999,0,0,1,1
0.14,0.407,0.439999,0,0,1,1
0.14,0.404,0.26,0,0,1,1
0.14,0.404,0.263,0,0,1,1
0.14,0.404,0.266,0,0,1,1
0.14,0.404,0.269,0,0,1,1
0.14,0.404,0.272,0,0,1,1
0.14,0.404,0.275,0,0,1,1
0.14,0.404,0.278,0,0,1,1
0.14,0.404,0.281,0,0,1,1
0.14,0.404,0.284,0,0,1,1
0.14,0.404,0.287,0,0,1,1
0.14,0.404,0.29,0,0,1,1
0.14,0.404,0.293,0,0,1,1
0.14,0.404,0.296,0,0,1,1
0.14,0.404,0.299,0,0,1,1
0.14,0.404,0.302,0,0,1,1
0.14,0.404,0.305,0,0,1,1
0.14,0.404,0.308,0,0,1,1
0.14,0.404,0.311,0,0,1,1
0.14,0.404,0.314,0,0,1,1
0.14,0.404,0.317,0,0,1,1
0.14,0.404,0.32,0,0,1,1
0.14,0.404,0.323,0,0,1,1
0.14,0.404,0.326,0,0,1,1
0.14,0.404,0.329,0,0,1,1
0.14,0.404,0.332,0,0,1,1
0.14,0.404,0.335,0,0,1,1
0.14,0.404,0.338,0,0,1,1
0.14,0.404,0.341,0,0,1,1
0.14,0.404,0.344,0,0,1,1
0.14,0.404,0.347,0,0,1,1
0.14,0.404,0.35,0,0,1,1
0.14,0.404,0.353,0,0,1,1
0.14,0.404,0.356,0,0,1,1
0.14,0.404,0.359,0,0,1,1
0.14,0.404,0.362,0,0,1,1
0.14,0.404,0.365,0,0,1,1
0.14,0.404,0.368,0,0,1,1
0.14,0.404,0.371,0,0,1,1
0.14,0.404,0.374,0,0,1,1
0.14,0.404,0.377,0,0,1,1
0.14,0.404,0.38,0,0,1,1
0.14,0.404,0.383,0,0,1,1
0.14,0.404,0.386,0,0,1,1
0.14,0.404,0.389,0,0,1,1
0.14,0.404,0.392,0,0,1,1
0.14,0.404,0.395,0,0,1,1
0.14,0.404,0.398,0,0,1,1
0.14,0.404,0.401,0,0,1,1
0.14,0.404,0.404,0,0,1,1
0.14,0.404,0.407,0,0,1,1
0.14,0.404,0.41,0,0,1,1
0.14,0.404,0.413,0,0,1,1
0.14,0.404,0.416,0,0,1,1
0.14,0.404,0.419,0,0,1,1
0.14,0.404,0.422,0,0,1,1
0.14,0.404,0.425,0,0,1,1
0.14,0.404,0.427999,0,0,1,1
0.14,0.404,0.430999,0,0,1,1
0.14,0.404,0.433999,0,0,1,1
0.14,0.404,0.436999,0,0,1,1
0.14,0.404,0.439999,0,0,1,1
0.14,0.401,0.26,0,0,1,1
0.14,0.401,0.263,0,0,1,1
0.14,0.401,0.266,0,0,1,1
0.14,0.401,0.269,0,0,1,1
0.14,0.401,0.272,0,0,1,1
0.14,0.401,0.275,0,0,1,1
0.14,0.401,0.278,0,0,1,1
0.14,0.401,0.281,0,0,1,1
0.14,0.401,0.284,0,0,1,1
0.14,0.401,0.287,0,0,1,1
0.14,0.401,0.29,0,0,1,1
0.14,0.401,0.293,0,0,1,1
0.14,0.401,0.296,0,0,1,1
0.14,0.401,0.299,0,0,1,1
0.14,0.401,0.302,0,0,1,1
0.14,0.401,0.305,0,0,1,1
0.14,0.401,0.308,0,0,1,1
0.14,0.401,0.311,0,0,1,1
0.14,0.401,0.314,0,0,1,1
0.14,0.401,0.317,0,0,1,1
0.14,0.401,0.32,0,0,1,1
0.14,0.401,0.323,0,0,1,1
0.14,0.401,0.326,0,0,1,1
0.14,0.401,0.329,0,0,1,1
0.14,0.401,0.332,0,0,1,1
0.14,0.401,0.335,0,0,1,1
0.14,0.401,0.338,0,0,1,1
0.14,0.401,0.341,0,0,1,1
0.14,0.401,0.344,0,0,1,1
0.14,0.401,0.347,0,0,1,1
0.14,0.401,0.35,0,0,1,1
0.14,0.401,0.353,0,0,1,1
0.14,0.401,0.356,0,0,1,1
0.14,0.401,0.359,0,0,1,1
0.14,0.401,0.362,0,0,1,1
0.14,0.401,0.365,0,0,1,1
0.14,0.401,0.368,0,0,1,1
0.14,0.401,0.371,0,0,1,1
0.14,0.401,0.374,0,0,1,1
0.14,0.401,0.377,0,0,1,1
0.14,0.401,0.38,0,0,1,1
0.14,0.401,0.383,0,0,1,1
0.14,0.401,0.386,0,0,1,1
0.14,0.401,0.389,0,0,1,1
0.14,0.401,0.392,0,0,1,1
0.14,0.401,0.395,0,0,1,1
0.14,0.401,0.398,0,0,1,1
0.14,0.401,0.401,0,0,1,1
0.14,0.401,0.404,0,0,1,1
0.14,0.401,0.407,0,0,1,1
0.14,0.401,0.41,0,0,1,1
0.14,0.401,0.413,0,0,1,1
0.14,0.401,0.416,0,0,1,1
0.14,0.401,0.419,0,0,1,1
0.14,0.401,0.422,0,0,1,1
0.14,0.401,0.425,0,0,1,1
0.14,0.401,0.427999,0,0,1,1
0.14,0.401,0.430999,0,0,1,1
0.14,0.401,0.433999,0,0,1,1
0.14,0.401,0.436999,0,0,1,1
0.14,0.401,0.439999,0,0,1,1
0.14,0.398,0.26,0,0,1,1
0.14,0.398,0.263,0,0,1,1
0.14,0.398,0.266,0,0,1,1
0.14,0.398,0.269,0,0,1,1
0.14,0.398,0.272,0,0,1,1
0.14,0.398,0.275,0,0,1,1
0.14,0.398,0.278,0,0,1,1
0.14,0.398,0.281,0,0,1,1
0.14,0.398,0.284,0,0,1,1
0.14,0.398,0.287,0,0,1,1
0.14,0.398,0.29,0,0,1,1
0.14,0.398,0.293,0,0,1,1
0.14,0.398,0.296,0,0,1,1
0.14,0.398,0.299,0,0,1,1
0.14,0.398,0.302,0,0,1,1
0.14,0.398,0.305,0,0,1,1
0.14,0.398,0.308,0,0,1,1
0.14,0.398,0.311,0,0,1,1
0.14,0.398,0.314,0,0,1,1
0.14,0.398,0.317,0,0,1,1
0.14,0.398,0.32,0,0,1,1
0.14,0.398,0.323,0,0,1,1
0.14,0.398,0.326,0,0,1,1
0.14,0.398,0.329,0,0,1,1
0.14,0.398,0.332,0,0,1,1
0.14,0.398,0.335,0,0,1,1
0.14,0.398,0.338,0,0,1,1
0.14,0.398,0.341,0,0,1,1
0.14,0.398,0.344,0,0,1,1
0.14,0.398,0.347,0,0,1,1
0.14,0.398,0.35,0,0,1,1
0.14,0.398,0.353,0,0,1,1
0.14,0.398,0.356,0,0,1,1
0.14,0.398,0.359,0,0,1,1
0.14,0.398,0.362,0,0,1,1
0.14,0.398,0.365,0,0,1,1
0.14,0.398,0.368,0,0,1,1
0.14,0.398,0.371,0,0,1,1
0.14,0.398,0.374,0,0,1,1
0.14,0.398,0.377,0,0,1,1
0.14,0.398,0.38,0,0,1,1
0.14,0.398,0.383,0,0,1,1
0.14,0.398,0.386,0,0,1,1
0.14,0.398,0.389,0,0,1,1
0.14,0.398,0.392,0,0,1,1
0.14,0.398,0.395,0,0,1,1
0.14,0.398,0.398,0,0,1,1
0.14,0.398,0.401,0,0,1,1
0.14,0.398,0.404,0,0,1,1
0.14,0.398,0.407,0,0,1,1
0.14,0.398,0.41,0,0,1,1
0.14,0.398,0.413,0,0,1,1
0.14,0.398,0.416,0,0,1,1
0.14,0.398,0.419,0,0,1,1
0.14,0.398,0.422,0,0,1,1
0.14,0.398,0.425,0,0,1,1
0.14,0.398,0.427999,0,0,1,1
0.14,0.398,0.430999,0,0,1,1
0.14,0.398,0.433999,0,0,1,1
0.14,0.398,0.436999,0,0,1,1
0.14,0.398,0.439999,0,0,1,1
0.14,0.395,0.26,0,0,1,1
0.14,0.395,0.263,0,0,1,1
0.14,0.395,0.266,0,0,1,1
0.14,0.395,0.269,0,0,1,1
0.14,0.395,0.272,0,0,1,1
0.14,0.395,0.275,0,0,1,1
0.14,0.395,0.278,0,0,1,1
0.14,0.395,0.281,0,0,1,1
0.14,0.395,0.284,0,0,1,1
0.14,0.395,0.287,0,0,1,1
0.14,0.395,0.29,0,0,1,1
0.14,0.395,0.293,0,0,1,1
0.14,0.395,0.296,0,0,1,1
0.14,0.395,0.299,0,0,1,1
0.14,0.395,0.302,0,0,1,1
0.14,0.395,0.305,0,0,1,1
0.14,0.395,0.308,0,0,1,1
0.14,0.395,0.311,0,0,1,1
0.14,0.395,0.314,0,0,1,1
0.14,0.395,0.317,0,0,1,1
0.14,0.395,0.32,0,0,1,1
0.14,0.395,0.323,0,0,1,1
0.14,0.395,0.326,0,0,1,1
0.14,0.395,0.329,0,0,1,1
0.14,0.395,0.332,0,0,1,1
0.14,0.395,0.335,0,0,1,1
0.14,0.395,0.338,0,0,1,1
0.14,0.395,0.341,0,0,1,1
0.14,0.395,0.344,0,0,1,1
0.14,0.395,0.347,0,0,1,1
0.14,0.395,0.35,0,0,1,1
0.14,0.395,0.353,0,0,1,1
0.14,0.395,0.356,0,0,1,1
0.14,0.395,0.359,0,0,1,1
0.14,0.395,0.362,0,0,1,1
0.14,0.395,0.365,0,0,1,1
0.14,0.395,0.368,0,0,1,1
0.14,0.395,0.371,0,0,1,1
0.14,0.395,0.374,0,0,1,1
0.14,0.395,0.377,0,0,1,1
0.14,0.395,0.38,0,0,1,1
0.14,0.395,0.383,0,0,1,1
0.14,0.395,0.386,0,0,1,1
0.14,0.395,0.389,0,0,1,1
0.14,0.395,0.392,0,0,1,1
0.14,0.395,0.395,0,0,1,1
0.14,0.395,0.398,0,0,1,1
0.14,0.395,0.401,0,0,1,1
0.14,0.395,0.404,0,0,1,1
0.14,0.395,0.407,0,0,1,1
0.14,0.395,0.41,0,0,1,1
0.14,0.395,0.413,0,0,1,1
0.14,0.395,0.416,0,0,1,1
0.14,0.395,0.419,0,0,1,1
0.14,0.395,0.422,0,0,1,1
0.14,0.395,0.425,0,0,1,1
0.14,0.395,0.427999,0,0,1,1
0.14,0.395,0.430999,0,0,1,1
0.14,0.395,0.433999,0,0,1,1
0.14,0.395,0.436999,0,0,1,1
0.14,0.395,0.439999,0,0,1,1
0.14,0.392,0.26,0,0,1,1
0.14,0.392,0.263,0,0,1,1
0.14,0.392,0.266,0,0,1,1
0.14,0.392,0.269,0,0,1,1
0.14,0.392,0.272,0,0,1,1
0.14,0.392,0.275,0,0,1,1
0.14,0.392,0.278,0,0,1,1
0.14,0.392,0.281,0,0,1,1
0.14,0.392,0.284,0,0,1,1
0.14,0.392,0.287,0,0,1,1
0.14,0.392,0.29,0,0,1,1
0.14,0.392,0.293,0,0,1,1
0.14,0.392,0.296,0,0,1,1
0.14,0.392,0.299,0,0,1,1
0.14,0.392,0.302,0,0,1,1
0.14,0.392,0.305,0,0,1,1
0.14,0.392,0.308,0,0,1,1
0.14,0.392,0.311,0,0,1,1
0.14,0.392,0.314,0,0,1,1
0.14,0.392,0.317,0,0,1,1
0.14,0.392,0.32,0,0,1,1
0.14,0.392,0.323,0,0,1,1
0.14,0.392,0.326,0,0,1,1
0.14,0.392,0.329,0,0,1,1
0.14,0.392,0.332,0,0,1,1
0.14,0.392,0.335,0,0,1,1
0.14,0.392,0.338,0,0,1,1
0.14,0.392,0.341,0,0,1,1
0.14,0.392,0.344,0,0,1,1
0.14,0.392,0.347,0,0,1,1
0.14,0.392,0.35,0,0,1,1
0.14,0.392,0.353,0,0,1,1
0.14,0.392,0.356,0,0,1,1
0.14,0.392,0.359,0,0,1,1
0.14,0.392,0.362,0,0,1,1
0.14,0.392,0.365,0,0,1,1
0.14,0.392,0.368,0,0,1,1
0.14,0.392,0.371,0,0,1,1
0.14,0.392,0.374,0,0,1,1
0.14,0.392,0.377,0,0,1,1
0.14,0.392,0.38,0,0,1,1
0.14,0.392,0.383,0,0,1,1
0.14,0.392,0.386,0,0,1,1
0.14,0.392,0.389,0,0,1,1
0.14,0.392,0.392,0,0,1,1
0.14,0.392,0.395,0,0,1,1
0.14,0.392,0.398,0,0,1,1
0.14,0.392,0.401,0,0,1,1
0.14,0.392,0.404,0,0,1,1
0.14,0.392,0.407,0,0,1,1
0.14,0.392,0.41,0,0,1,1
0.14,0.392,0.413,0,0,1,1
0.14,0.392,0.416,0,0,1,1
0.14,0.392,0.419,0,0,1,1
0.14,0.392,0.422,0,0,1,1
0.14,0.392,0.425,0,0,1,1
0.14,0.392,0.427999,0,0,1,1
0.14,0.392,0.430999,0,0,1,1
0.14,0.392,0.433999,0,0,1,1
0.14,0.392,0.436999,0,0,1,1
0.14,0.392,0.439999,0,0,1,1
0.14,0.389,0.26,0,0,1,1
0.14,0.389,0.263,0,0,1,1
0.14,0.389,0.266,0,0,1,1
0.14,0.389,0.269,0,0,1,1
0.14,0.389,0.272,0,0,1,1
0.14,0.389,0.275,0,0,1,1
0.14,0.389,0.278,0,0,1,1
0.14,0.389,0.281,0,0,1,1
0.14,0.389,0.284,0,0,1,1
0.14,0.389,0.287,0,0,1,1
0.14,0.389,0.29,0,0,1,1
0.14,0.389,0.293,0,0,1,1
0.14,0.389,0.296,0,0,1,1
0.14,0.389,0.299,0,0,1,1
0.14,0.389,0.302,0,0,1,1
0.14,0.389,0.305,0,0,1,1
0.14,0.389,0.308,0,0,1,1
0.14,0.389,0.311,0,0,1,1
0.14,0.389,0.314,0,0,1,1
0.14,0.389,0.317,0,0,1,1
0.14,0.389,0.32,0,0,1,1
0.14,0.389,0.323,0,0,1,1
0.14,0.389,0.326,0,0,1,1
0.14,0.389,0.329,0,0,1,1
0.14,0.389,0.332,0,0,1,1
0.14,0.389,0.335,0,0,1,1
0.14,0.389,0.338,0,0,1,1
0.14,0.389,0.341,0,0,1,1
0.14,0.389,0.344,0,0,1,1
0.14,0.389,0.347,0,0,1,1
0.14,0.389,0.35,0,0,1,1
0.14,0.389,0.353,0,0,1,1
0.14,0.389,0.356,0,0,1,1
0.14,0.389,0.359,0,0,1,1
0.14,0.389,0.362,0,0,1,1
0.14,0.389,0.365,0,0,1,1
0.14,0.389,0.368,0,0,1,1
0.14,0.389,0.371,0,0,1,1
0.14,0.389,0.374,0,0,1,1
0.14,0.389,0.377,0,0,1,1
0.14,0.389,0.38,0,0,1,1
0.14,0.389,0.383,0,0,1,1
0.14,0.389,0.386,0,0,1,1
0.14,0.389,0.389,0,0,1,1
0.14,0.389,0.392,0,0,1,1
0.14,0.389,0.395,0,0,1,1
0.14,0.389,0.398,0,0,1,1
0.14,0.389,0.401,0,0,1,1
0.14,0.389,0.404,0,0,1,1
0.14,0.389,0.407,0,0,1,1
0.14,0.389,0.41,0,0,1,1
0.14,0.389,0.413,0,0,1,1
0.14,0.389,0.416,0,0,1,1
0.14,0.389,0.419,0,0,1,1
0.14,0.389,0.422,0,0,1,1
0.14,0.389,0.425,0,0,1,1
0.14,0.389,0.427999,0,0,1,1
0.14,0.389,0.430999,0,0,1,1
0.14,0.389,0.433999,0,0,1,1
0.14,0.389,0.436999,0,0,1,1
0.14,0.389,0.439999,0,0,1,1
0.14,0.386,0.26,0,0,1,1
0.14,0.386,0.263,0,0,1,1
0.14,0.386,0.266,0,0,1,1
0.14,0.386,0.269,0,0,1,1
0.14,0.386,0.272,0,0,1,1
0.14,0.386,0.275,0,0,1,1
0.14,0.386,0.278,0,0,1,1
0.14,0.386,0.281,0,0,1,1
0.14,0.386,0.284,0,0,1,1
0.14,0.386,0.287,0,0,1,1
0.14,0.386,0.29,0,0,1,1
0.14,0.386,0.293,0,0,1,1
0.14,0.386,0.296,0,0,1,1
0.14,0.386,0.299,0,0,1,1
0.14,0.386,0.302,0,0,1,1
0.14,0.386,0.305,0,0,1,1
0.14,0.386,0.308,0,0,1,1
0.14,0.386,0.311,0,0,1,1
0.14,0.386,0.314,0,0,1,1
0.14,0.386,0.317,0,0,1,1
0.14,0.386,0.32,0,0,1,1
0.14,0.386,0.323,0,0,1,1
0.14,0.386,0.326,0,0,1,1
0.14,0.386,0.329,0,0,1,1
0.14,0.386,0.332,0,0,1,1
0.14,0.386,0.335,0,0,1,1
0.14,0.386,0.338,0,0,1,1
0.14,0.386,0.341,0,0,1,1
0.14,0.386,0.344,0,0,1,1
0.14,0.386,0.347,0,0,1,1
0.14,0.386,0.35,0,0,1,1
0.14,0.386,0.353,0,0,1,1
0.14,0.386,0.356,0,0,1,1
0.14,0.386,0.359,0,0,1,1
0.14,0.386,0.362,0,0,1,1
0.14,0.386,0.365,0,0,1,1
0.14,0.386,0.368,0,0,1,1
0.14,0.386,0.371,0,0,1,1
0.14,0.386,0.374,0,0,1,1
0.14,0.386,0.377,0,0,1,1
0.14,0.386,0.38,0,0,1,1
0.14,0.386,0.383,0,0,1,1
0.14,0.386,0.386,0,0,1,1
0.14,0.386,0.389,0,0,1,1
0.14,0.386,0.392,0,0,1,1
0.14,0.386,0.395,0,0,1,1
0.14,0.386,0.398,0,0,1,1
0.14,0.386,0.401,0,0,1,1
0.14,0.386,0.404,0,0,1,1
0.14,0.386,0.407,0,0,1,1
0.14,0.386,0.41,0,0,1,1
0.14,0.386,0.413,0,0,1,1
0.14,0.386,0.416,0,0,1,1
0.14,0.386,0.419,0,0,1,1
0.14,0.386,0.422,0,0,1,1
0.14,0.386,0.425,0,0,1,1
0.14,0.386,0.427999,0,0,1,1
0.14,0.386,0.430999,0,0,1,1
0.14,0.386,0.433999,0,0,1,1
0.14,0.386,0.436999,0,0,1,1
0.14,0.386,0.439999,0,0,1,1
0.14,0.383,0.26,0,0,1,1
0.14,0.383,0.263,0,0,1,1
0.14,0.383,0.266,0,0,1,1
0.14,0.383,0.269,0,0,1,1
0.14,0.383,0.272,0,0,1,1
0.14,0.383,0.275,0,0,1,1
0.14,0.383,0.278,0,0,1,1
0.14,0.383,0.281,0,0,1,1
0.14,0.383,0.284,0,0,1,1
0.14,0.383,0.287,0,0,1,1
0.14,0.383,0.29,0,0,1,1
0.14,0.383,0.293,0,0,1,1
0.14,0.383,0.296,0,0,1,1
0.14,0.383,0.299,0,0,1,1
0.14,0.383,0.302,0,0,1,1
0.14,0.383,0.305,0,0,1,1
0.14,0.383,0.308,0,0,1,1
0.14,0.383,0.311,0,0,1,1
0.14,0.383,0.314,0,0,1,1
0.14,0.383,0.317,0,0,1,1
0.14,0.383,0.32,0,0,1,1
0.14,0.383,0.323,0,0,1,1
0.14,0.383,0.326,0,0,1,1
0.14,0.383,0.329,0,0,1,1
0.14,0.383,0.332,0,0,1,1
0.14,0.383,0.335,0,0,1,1
0.14,0.383,0.338,0,0,1,1
0.14,0.383,0.341,0,0,1,1
0.14,0.383,0.344,0,0,1,1
0.14,0.383,0.347,0,0,1,1
0.14,0.383,0.35,0,0,1,1
0.14,0.383,0.353,0,0,1,1
0.14,0.383,0.356,0,0,1,1
0.14,0.383,0.359,0,0,1,1
0.14,0.383,0.362,0,0,1,1
0.14,0.383,0.365,0,0,1,1
0.14,0.383,0.368,0,0,1,1
0.14,0.383,0.371,0,0,1,1
0.14,0.383,0.374,0,0,1,1
0.14,0.383,0.377,0,0,1,1
0.14,0.383,0.38,0,0,1,1
0.14,0.383,0.383,0,0,1,1
0.14,0.383,0.386,0,0,1,1
0.14,0.383,0.389,0,0,1,1
0.14,0.383,0.392,0,0,1,1
0.14,0.383,0.395,0,0,1,1
0.14,0.383,0.398,0,0,1,1
0.14,0.383,0.401,0,0,1,1
0.14,0.383,0.404,0,0,1,1
0.14,0.383,0.407,0,0,1,1
0.14,0.383,0.41,0,0,1,1
0.14,0.383,0.413,0,0,1,1
0.14,0.383,0.416,0,0,1,1
0.14,0.383,0.419,0,0,1,1
0.14,0.383,0.422,0,0,1,1
0.14,0.383,0.425,0,0,1,1
0.14,0.383,0.427999,0,0,1,1
0.14,0.383,0.430999,0,0,1,1
0.14,0.383,0.433999,0,0,1,1
0.14,0.383,0.436999,0,0,1,1
0.14,0.383,0.439999,0,0,1,1
0.14,0.38,0.26,0,0,1,1
0.14,0.38,0.263,0,0,1,1
0.14,0.38,0.266,0,0,1,1
0.14,0.38,0.269,0,0,1,1
0.14,0.38,0.272,0,0,1,1
0.14,0.38,0.275,0,0,1,1
0.14,0.38,0.278,0,0,1,1
0.14,0.38,0.281,0,0,1,1
0.14,0.38,0.284,0,0,1,1
0.14,0.38,0.287,0,0,1,1
0.14,0.38,0.29,0,0,1,1
0.14,0.38,0.293,0,0,1,1
0.14,0.38,0.296,0,0,1,1
0.14,0.38,0.299,0,0,1,1
0.14,0.38,0.302,0,0,1,1
0.14,0.38,0.305,0,0,1,1
0.14,0.38,0.308,0,0,1,1
0.14,0.38,0.311,0,0,1,1
0.14,0.38,0.314,0,0,1,1
0.14,0.38,0.317,0,0,1,1
0.14,0.38,0.32,0,0,1,1
0.14,0.38,0.323,0,0,1,1
0.14,0.38,0.326,0,0,1,1
0.14,0.38,0.329,0,0,1,1
0.14,0.38,0.332,0,0,1,1
0.14,0.38,0.335,0,0,1,1
0.14,0.38,0.338,0,0,1,1
0.14,0.38,0.341,0,0,1,1
0.14,0.38,0.344,0,0,1,1
0.14,0.38,0.347,0,0,1,1
0.14,0.38,0.35,0,0,1,1
0.14,0.38,0.353,0,0,1,1
0.14,0.38,0.356,0,0,1,1
0.14,0.38,0.359,0,0,1,1
0.14,0.38,0.362,0,0,1,1
0.14,0.38,0.365,0,0,1,1
0.14,0.38,0.368,0,0,1,1
0.14,0.38,0.371,0,0,1,1
0.14,0.38,0.374,0,0,1,1
0.14,0.38,0.377,0,0,1,1
0.14,0.38,0.38,0,0,1,1
0.14,0.38,0.383,0,0,1,1
0.14,0.38,0.386,0,0,1,1
0.14,0.38,0.389,0,0,1,1
0.14,0.38,0.392,0,0,1,1
0.14,0.38,0.395,0,0,1,1
0.14,0.38,0.398,0,0,1,1
0.14,0.38,0.401,0,0,1,1
0.14,0.38,0.404,0,0,1,1
0.14,0.38,0.407,0,0,1,1
0.14,0.38,0.41,0,0,1,1
0.14,0.38,0.413,0,0,1,1
0.14,0.38,0.416,0,0,1,1
0.14,0.38,0.419,0,0,1,1
0.14,0.38,0.422,0,0,1,1
0.14,0.38,0.425,0,0,1,1
0.14,0.38,0.427999,0,0,1,1
0.14,0.38,0.430999,0,0,1,1
0.14,0.38,0.433999,0,0,1,1
0.14,0.38,0.436999,0,0,1,1
0.14,0.38,0.439999,0,0,1,1
0.14,0.377,0.26,0,0,1,1
0.14,0.377,0.263,0,0,1,1
0.14,0.377,0.266,0,0,1,1
0.14,0.377,0.269,0,0,1,1
0.14,0.377,0.272,0,0,1,1
0.14,0.377,0.275,0,0,1,1
0.14,0.377,0.278,0,0,1,1
0.14,0.377,0.281,0,0,1,1
0.14,0.377,0.284,0,0,1,1
0.14,0.377,0.287,0,0,1,1
0.14,0.377,0.29,0,0,1,1
0.14,0.377,0.293,0,0,1,1
0.14,0.377,0.296,0,0,1,1
0.14,0.377,0.299,0,0,1,1
0.14,0.377,0.302,0,0,1,1
0.14,0.377,0.305,0,0,1,1
0.14,0.377,0.308,0,0,1,1
0.14,0.377,0.311,0,0,1,1
0.14,0.377,0.314,0,0,1,1
0.14,0.377,0.317,0,0,1,1
0.14,0.377,0.32,0,0,1,1
0.14,0.377,0.323,0,0,1,1
0.14,0.377,0.326,0,0,1,1
0.14,0.377,0.329,0,0,1,1
0.14,0.377,0.332,0,0,1,1
0.14,0.377,0.335,0,0,1,1
0.14,0.377,0.338,0,0,1,1
0.14,0.377,0.341,0,0,1,1
0.14,0.377,0.344,0,0,1,1
0.14,0.377,0.347,0,0,1,1
0.14,0.377,0.35,0,0,1,1
0.14,0.377,0.353,0,0,1,1
0.14,0.377,0.356,0,0,1,1
0.14,0.377,0.359,0,0,1,1
0.14,0.377,0.362,0,0,1,1
0.14,0.377,0.365,0,0,1,1
0.14,0.377,0.368,0,0,1,1
0.14,0.377,0.371,0,0,1,1
0.14,0.377,0.374,0,0,1,1
0.14,0.377,0.377,0,0,1,1
0.14,0.377,0.38,0,0,1,1
0.14,0.377,0.383,0,0,1,1
0.14,0.377,0.386,0,0,1,1
0.14,0.377,0.389,0,0,1,1
0.14,0.377,0.392,0,0,1,1
0.14,0.377,0.395,0,0,1,1
0.14,0.377,0.398,0,0,1,1
0.14,0.377,0.401,0,0,1,1
0.14,0.377,0.404,0,0,1,1
0.14,0.377,0.407,0,0,1,1
0.14,0.377,0.41,0,0,1,1
0.14,0.377,0.413,0,0,1,1
0.14,0.377,0.416,0,0,1,1
0.14,0.377,0.419,0,0,1,1
0.14,0.377,0.422,0,0,1,1
0.14,0.377,0.425,0,0,1,1
0.14,0.377,0.427999,0,0,1,1
0.14,0.377,0.430999,0,0,1,1
0.14,0.377,0.433999,0,0,1,1
0.14,0.377,0.436999,0,0,1,1
0.14,0.377,0.439999,0,0,1,1
0.14,0.374,0.26,0,0,1,1
0.14,0.374,0.263,0,0,1,1
0.14,0.374,0.266,0,0,1,1
0.14,0.374,0.269,0,0,1,1
0.14,0.374,0.272,0,0,1,1
0.14,0.374,0.275,0,0,1,1
0.14,0.374,0.278,0,0,1,1
0.14,0.374,0.281,0,0,1,1
0.14,0.374,0.284,0,0,1,1
0.14,0.374,0.287,0,0,1,1
0.14,0.374,0.29,0,0,1,1
0.14,0.374,0.293,0,0,1,1
0.14,0.374,0.296,0,0,1,1
0.14,0.374,0.299,0,0,1,1
0.14,0.374,0.302,0,0,1,1
0.14,0.374,0.305,0,0,1,1
0.14,0.374,0.308,0,0,1,1
0.14,0.374,0.311,0,0,1,1
0.14,0.374,0.314,0,0,1,1
0.14,0.374,0.317,0,0,1,1
0.14,0.374,0.32,0,0,1,1
0.14,0.374,0.323,0,0,1,1
0.14,0.374,0.326,0,0,1,1
0.14,0.374,0.329,0,0,1,1
0.14,0.374,0.332,0,0,1,1
0.14,0.374,0.335,0,0,1,1
0.14,0.374,0.338,0,0,1,1
0.14,0.374,0.341,0,0,1,1
0.14,0.374,0.344,0,0,1,1
0.14,0.374,0.347,0,0,1,1
0.14,0.374,0.35,0,0,1,1
0.14,0.374,0.353,0,0,1,1
0.14,0.374,0.356,0,0,1,1
0.14,0.374,0.359,0,0,1,1
0.14,0.374,0.362,0,0,1,1
0.14,0.374,0.365,0,0,1,1
0.14,0.374,0.368,0,0,1,1
0.14,0.374,0.371,0,0,1,1
0.14,0.374,0.374,0,0,1,1
0.14,0.374,0.377,0,0,1,1
0.14,0.374,0.38,0,0,1,1
0.14,0.374,0.383,0,0,1,1
0.14,0.374,0.386,0,0,1,1
0.14,0.374,0.389,0,0,1,1
0.14,0.374,0.392,0,0,1,1
0.14,0.374,0.395,0,0,1,1
0.14,0.374,0.398,0,0,1,1
0.14,0.374,0.401,0,0,1,1
0.14,0.374,0.404,0,0,1,1
0.14,0.374,0.407,0,0,1,1
0.14,0.374,0.41,0,0,1,1
0.14,0.374,0.413,0,0,1,1
0.14,0.374,0.416,0,0,1,1
0.14,0.374,0.419,0,0,1,1
0.14,0.374,0.422,0,0,1,1
0.14,0.374,0.425,0,0,1,1
0.14,0.374,0.427999,0,0,1,1
0.14,0.374,0.430999,0,0,1,1
0.14,0.374,0.433999,0,0,1,1
0.14,0.374,0.436999,0,0,1,1
0.14,0.374,0.439999,0,0,1,1
0.14,0.371,0.26,0,0,1,1
0.14,0.371,0.263,0,0,1,1
0.14,0.371,0.266,0,0,1,1
0.14,0.371,0.269,0,0,1,1
0.14,0.371,0.272,0,0,1,1
0.14,0.371,0.275,0,0,1,1
0.14,0.371,0.278,0,0,1,1
0.14,0.371,0.281,0,0,1,1
0.14,0.371,0.284,0,0,1,1
0.14,0.371,0.287,0,0,1,1
0.14,0.371,0.29,0,0,1,1
0.14,0.371,0.293,0,0,1,1
0.14,0.371,0.296,0,0,1,1
0.14,0.371,0.299,0,0,1,1
0.14,0.371,0.302,0,0,1,1
0.14,0.371,0.305,0,0,1,1
0.14,0.371,0.308,0,0,1,1
0.14,0.371,0.311,0,0,1,1
0.14,0.371,0.314,0,0,1,1
0.14,0.371,0.317,0,0,1,1
0.14,0.371,0.32,0,0,1,1
0.14,0.371,0.323,0,0,1,1
0.14,0.371,0.326,0,0,1,1
0.14,0.371,0.329,0,0,1,1
0.14,0.371,0.332,0,0,1,1
0.14,0.371,0.335,0,0,1,1
0.14,0.371,0.338,0,0,1,1
0.14,0.371,0.341,0,0,1,1
0.14,0.371,0.344,0,0,1,1
0.14,0.371,0.347,0,0,1,1
0.14,0.371,0.35,0,0,1,1
0.14,0.371,0.353,0,0,1,1
0.14,0.371,0.356,0,0,1,1
0.14,0.371,0.359,0,0,1,1
0.14,0.371,0.362,0,0,1,1
0.14,0.371,0.365,0,0,1,1
0.14,0.371,0.368,0,0,1,1
0.14,0.371,0.371,0,0,1,1
0.14,0.371,0.374,0,0,1,1
0.14,0.371,0.377,0,0,1,1
0.14,0.371,0.38,0,0,1,1
0.14,0.371,0.383,0,0,1,1
0.14,0.371,0.386,0,0,1,1
0.14,0.371,0.389,0,0,1,1
0.14,0.371,0.392,0,0,1,1
0.14,0.371,0.395,0,0,1,1
0.14,0.371,0.398,0,0,1,1
0.14,0.371,0.401,0,0,1,1
0.14,0.371,0.404,0,0,1,1
0.14,0.371,0.407,0,0,1,1
0.14,0.371,0.41,0,0,1,1
0.14,0.371,0.413,0,0,1,1
0.14,0.371,0.416,0,0,1,1
0.14,0.371,0.419,0,0,1,1
0.14,0.371,0.422,0,0,1,1
0.14,0.371,0.425,0,0,1,1
0.14,0.371,0.427999,0,0,1,1
0.14,0.371,0.430999,0,0,1,1
0.14,0.371,0.433999,0,0,1,1
0.14,0.371,0.436999,0,0,1,1
0.14,0.371,0.439999,0,0,1,1
0.14,0.368,0.26,0,0,1,1
0.14,0.368,0.263,0,0,1,1
0.14,0.368,0.266,0,0,1,1
0.14,0.368,0.269,0,0,1,1
0.14,0.368,0.272,0,0,1,1
0.14,0.368,0.275,0,0,1,1
0.14,0.368,0.278,0,0,1,1
0.14,0.368,0.281,0,0,1,1
0.14,0.368,0.284,0,0,1,1
0.14,0.368,0.287,0,0,1,1
0.14,0.368,0.29,0,0,1,1
0.14,0.368,0.293,0,0,1,1
0.14,0.368,0.296,0,0,1,1
0.14,0.368,0.299,0,0,1,1
0.14,0.368,0.302,0,0,1,1
0.14,0.368,0.305,0,0,1,1
0.14,0.368,0.308,0,0,1,1
0.14,0.368,0.311,0,0,1,1
0.14,0.368,0.314,0,0,1,1
0.14,0.368,0.317,0,0,1,1
0.14,0.368,0.32,0,0,1,1
0.14,0.368,0.323,0,0,1,1
0.14,0.368,0.326,0,0,1,1
0.14,0.368,0.329,0,0,1,1
0.14,0.368,0.332,0,0,1,1
0.14,0.368,0.335,0,0,1,1
0.14,0.368,0.338,0,0,1,1
0.14,0.368,0.341,0,0,1,1
0.14,0.368,0.344,0,0,1,1
0.14,0.368,0.347,0,0,1,1
0.14,0.368,0.35,0,0,1,1
0.14,0.368,0.353,0,0,1,1
0.14,0.368,0.356,0,0,1,1
0.14,0.368,0.359,0,0,1,1
0.14,0.368,0.362,0,0,1,1
0.14,0.368,0.365,0,0,1,1
0.14,0.368,0.368,0,0,1,1
0.14,0.368,0.371,0,0,1,1
0.14,0.368,0.374,0,0,1,1
0.14,0.368,0.377,0,0,1,1
0.14,0.368,0.38,0,0,1,1
0.14,0.368,0.383,0,0,1,1
0.14,0.368,0.386,0,0,1,1
0.14,0.368,0.389,0,0,1,1
0.14,0.368,0.392,0,0,1,1
0.14,0.368,0.395,0,0,1,1
0.14,0.368,0.398,0,0,1,1
0.14,0.368,0.401,0,0,1,1
0.14,0.368,0.404,0,0,1,1
0.14,0.368,0.407,0,0,1,1
0.14,0.368,0.41,0,0,1,1
0.14,0.368,0.413,0,0,1,1
0.14,0.368,0.416,0,0,1,1
0.14,0.368,0.419,0,0,1,1
0.14,0.368,0.422,0,0,1,1
0.14,0.368,0.425,0,0,1,1
0.14,0.368,0.427999,0,0,1,1
0.14,0.368,0.430999,0,0,1,1
0.14,0.368,0.433999,0,0,1,1
0.14,0.368,0.436999,0,0,1,1
0.14,0.368,0.439999,0,0,1,1
0.14,0.365,0.26,0,0,1,1
0.14,0.365,0.263,0,0,1,1
0.14,0.365,0.266,0,0,1,1
0.14,0.365,0.269,0,0,1,1
0.14,0.365,0.272,0,0,1,1
0.14,0.365,0.275,0,0,1,1
0.14,0.365,0.278,0,0,1,1
0.14,0.365,0.281,0,0,1,1
0.14,0.365,0.284,0,0,1,1
0.14,0.365,0.287,0,0,1,1
0.14,0.365,0.29,0,0,1,1
0.14,0.365,0.293,0,0,1,1
0.14,0.365,0.296,0,0,1,1
0.14,0.365,0.299,0,0,1,1
0.14,0.365,0.302,0,0,1,1
0.14,0.365,0.305,0,0,1,1
0.14,0.365,0.308,0,0,1,1
0.14,0.365,0.311,0,0,1,1
0.14,0.365,0.314,0,0,1,1
0.14,0.365,0.317,0,0,1,1
0.14,0.365,0.32,0,0,1,1
0.14,0.365,0.323,0,0,1,1
0.14,0.365,0.326,0,0,1,1
0.14,0.365,0.329,0,0,1,1
0.14,0.365,0.332,0,0,1,1
0.14,0.365,0.335,0,0,1,1
0.14,0.365,0.338,0,0,1,1
0.14,0.365,0.341,0,0,1,1
0.14,0.365,0.344,0,0,1,1
0.14,0.365,0.347,0,0,1,1
0.14,0.365,0.35,0,0,1,1
0.14,0.365,0.353,0,0,1,1
0.14,0.365,0.356,0,0,1,1
0.14,0.365,0.359,0,0,1,1
0.14,0.365,0.362,0,0,1,1
0.14,0.365,0.365,0,0,1,1
0.14,0.365,0.368,0,0,1,1
0.14,0.365,0.371,0,0,1,1
0.14,0.365,0.374,0,0,1,1
0.14,0.365,0.377,0,0,1,1
0.14,0.365,0.38,0,0,1,1
0.14,0.365,0.383,0,0,1,1
0.14,0.365,0.386,0,0,1,1
0.14,0.365,0.389,0,0,1,1
0.14,0.365,0.392,0,0,1,1
0.14,0.365,0.395,0,0,1,1
0.14,0.365,0.398,0,0,1,1
0.14,0.365,0.401,0,0,1,1
0.14,0.365,0.404,0,0,1,1
0.14,0.365,0.407,0,0,1,1
0.14,0.365,0.41,0,0,1,1
0.14,0.365,0.413,0,0,1,1
0.14,0.365,0.416,0,0,1,1
0.14,0.365,0.419,0,0,1,1
0.14,0.365,0.422,0,0,1,1
0.14,0.365,0.425,0,0,1,1
0.14,0.365,0.427999,0,0,1,1
0.14,0.365,0.430999,0,0,1,1
0.14,0.365,0.433999,0,0,1,1
0.14,0.365,0.436999,0,0,1,1
0.14,0.365,0.439999,0,0,1,1
0.14,0.362,0.26,0,0,1,1
0.14,0.362,0.263,0,0,1,1
0.14,0.362,0.266,0,0,1,1
0.14,0.362,0.269,0,0,1,1
0.14,0.362,0.272,0,0,1,1
0.14,0.362,0.275,0,0,1,1
0.14,0.362,0.278,0,0,1,1
0.14,0.362,0.281,0,0,1,1
0.14,0.362,0.284,0,0,1,1
0.14,0.362,0.287,0,0,1,1
0.14,0.362,0.29,0,0,1,1
0.14,0.362,0.293,0,0,1,1
0.14,0.362,0.296,0,0,1,1
0.14,0.362,0.299,0,0,1,1
0.14,0.362,0.302,0,0,1,1
0.14,0.362,0.305,0,0,1,1
0.14,0.362,0.308,0,0,1,1
0.14,0.362,0.311,0,0,1,1
0.14,0.362,0.314,0,0,1,1
0.14,0.362,0.317,0,0,1,1
0.14,0.362,0.32,0,0,1,1
0.14,0.362,0.323,0,0,1,1
0.14,0.362,0.326,0,0,1,1
0.14,0.362,0.329,0,0,1,1
0.14,0.362,0.332,0,0,1,1
0.14,0.362,0.335,0,0,1,1
0.14,0.362,0.338,0,0,1,1
0.14,0.362,0.341,0,0,1,1
0.14,0.362,0.344,0,0,1,1
0.14,0.362,0.347,0,0,1,1
0.14,0.362,0.35,0,0,1,1
0.14,0.362,0.353,0,0,1,1
0.14,0.362,0.356,0,0,1,1
0.14,0.362,0.359,0,0,1,1
0.14,0.362,0.362,0,0,1,1
0.14,0.362,0.365,0,0,1,1
0.14,0.362,0.368,0,0,1,1
0.14,0.362,0.371,0,0,1,1
0.14,0.362,0.374,0,0,1,1
0.14,0.362,0.377,0,0,1,1
0.14,0.362,0.38,0,0,1,1
0.14,0.362,0.383,0,0,1,1
0.14,0.362,0.386,0,0,1,1
0.14,0.362,0.389,0,0,1,1
0.14,0.362,0.392,0,0,1,1
0.14,0.362,0.395,0,0,1,1
0.14,0.362,0.398,0,0,1,1
0.14,0.362,0.401,0,0,1,1
0.14,0.362,0.404,0,0,1,1
0.14,0.362,0.407,0,0,1,1
0.14,0.362,0.41,0,0,1,1
0.14,0.362,0.413,0,0,1,1
0.14,0.362,0.416,0,0,1,1
0.14,0.362,0.419,0,0,1,1
0.14,0.362,0.422,0,0,1,1
0.14,0.362,0.425,0,0,1,1
0.14,0.362,0.427999,0,0,1,1
0.14,0.362,0.430999,0,0,1,1
0.14,0.362,0.433999,0,0,1,1
0.14,0.362,0.436999,0,0,1,1
0.14,0.362,0.439999,0,0,1,1
0.14,0.359,0.26,0,0,1,1
0.14,0.359,0.263,0,0,1,1
0.14,0.359,0.266,0,0,1,1
0.14,0.359,0.269,0,0,1,1
0.14,0.359,0.272,0,0,1,1
0.14,0.359,0.275,0,0,1,1
0.14,0.359,0.278,0,0,1,1
0.14,0.359,0.281,0,0,1,1
0.14,0.359,0.284,0,0,1,1
0.14,0.359,0.287,0,0,1,1
0.14,0.359,0.29,0,0,1,1
0.14,0.359,0.293,0,0,1,1
0.14,0.359,0.296,0,0,1,1
0.14,0.359,0.299,0,0,1,1
0.14,0.359,0.302,0,0,1,1
0.14,0.359,0.305,0,0,1,1
0.14,0.359,0.308,0,0,1,1
0.14,0.359,0.311,0,0,1,1
0.14,0.359,0.314,0,0,1,1
0.14,0.359,0.317,0,0,1,1
0.14,0.359,0.32,0,0,1,1
0.14,0.359,0.323,0,0,1,1
0.14,0.359,0.326,0,0,1,1
0.14,0.359,0.329,0,0,1,1
0.14,0.359,0.332,0,0,1,1
0.14,0.359,0.335,0,0,1,1
0.14,0.359,0.338,0,0,1,1
0.14,0.359,0.341,0,0,1,1
0.14,0.359,0.344,0,0,1,1
0.14,0.359,0.347,0,0,1,1
0.14,0.359,0.35,0,0,1,1
0.14,0.359,0.353,0,0,1,1
0.14,0.359,0.356,0,0,1,1
0.14,0.359,0.359,0,0,1,1
0.14,0.359,0.362,0,0,1,1
0.14,0.359,0.365,0,0,1,1
0.14,0.359,0.368,0,0,1,1
0.14,0.359,0.371,0,0,1,1
0.14,0.359,0.374,0,0,1,1
0.14,0.359,0.377,0,0,1,1
0.14,0.359,0.38,0,0,1,1
0.14,0.359,0.383,0,0,1,1
0.14,0.359,0.386,0,0,1,1
0.14,0.359,0.389,0,0,1,1
0.14,0.359,0.392,0,0,1,1
0.14,0.359,0.395,0,0,1,1
0.14,0.359,0.398,0,0,1,1
0.14,0.359,0.401,0,0,1,1
0.14,0.359,0.404,0,0,1,1
0.14,0.359,0.407,0,0,1,1
0.14,0.359,0.41,0,0,1,1
0.14,0.359,0.413,0,0,1,1
0.14,0.359,0.416,0,0,1,1
0.14,0.359,0.419,0,0,1,1
0.14,0.359,0.422,0,0,1,1
0.14,0.359,0.425,0,0,1,1
0.14,0.359,0.427999,0,0,1,1
0.14,0.359,0.430999,0,0,1,1
0.14,0.359,0.433999,0,0,1,1
0.14,0.359,0.436999,0,0,1,1
0.14,0.359,0.439999,0,0,1,1
0.14,0.356,0.26,0,0,1,1
0.14,0.356,0.263,0,0,1,1
0.14,0.356,0.266,0,0,1,1
0.14,0.356,0.269,0,0,1,1
0.14,0.356,0.272,0,0,1,1
0.14,0.356,0.275,0,0,1,1
0.14,0.356,0.278,0,0,1,1
0.14,0.356,0.281,0,0,1,1
0.14,0.356,0.284,0,0,1,1
0.14,0.356,0.287,0,0,1,1
0.14,0.356,0.29,0,0,1,1
0.14,0.356,0.293,0,0,1,1
0.14,0.356,0.296,0,0,1,1
0.14,0.356,0.299,0,0,1,1
0.14,0.356,0.302,0,0,1,1
0.14,0.356,0.305,0,0,1,1
0.14,0.356,0.308,0,0,1,1
0.14,0.356,0.311,0,0,1,1
0.14,0.356,0.314,0,0,1,1
0.14,0.356,0.317,0,0,1,1
0.14,0.356,0.32,0,0,1,1
0.14,0.356,0.323,0,0,1,1
0.14,0.356,0.326,0,0,1,1
0.14,0.356,0.329,0,0,1,1
0.14,0.356,0.332,0,0,1,1
0.14,0.356,0.335,0,0,1,1
0.14,0.356,0.338,0,0,1,1
0.14,0.356,0.341,0,0,1,1
0.14,0.356,0.344,0,0,1,1
0.14,0.356,0.347,0,0,1,1
0.14,0.356,0.35,0,0,1,1
0.14,0.356,0.353,0,0,1,1
0.14,0.356,0.356,0,0,1,1
0.14,0.356,0.359,0,0,1,1
0.14,0.356,0.362,0,0,1,1
0.14,0.356,0.365,0,0,1,1
0.14,0.356,0.368,0,0,1,1
0.14,0.356,0.371,0,0,1,1
0.14,0.356,0.374,0,0,1,1
0.14,0.356,0.377,0,0,1,1
0.14,0.356,0.38,0,0,1,1
0.14,0.356,0.383,0,0,1,1
0.14,0.356,0.386,0,0,1,1
0.14,0.356,0.389,0,0,1,1
0.14,0.356,0.392,0,0,1,1
0.14,0.356,0.395,0,0,1,1
0.14,0.356,0.398,0,0,1,1
0.14,0.356,0.401,0,0,1,1
0.14,0.356,0.404,0,0,1,1
0.14,0.356,0.407,0,0,1,1
0.14,0.356,0.41,0,0,1,1
0.14,0.356,0.413,0,0,1,1
0.14,0.356,0.416,0,0,1,1
0.14,0.356,0.419,0,0,1,1
0.14,0.356,0.422,0,0,1,1
0.14,0.356,0.425,0,0,1,1
0.14,0.356,0.427999,0,0,1,1
0.14,0.356,0.430999,0,0,1,1
0.14,0.356,0.433999,0,0,1,1
0.14,0.356,0.436999,0,0,1,1
0.14,0.356,0.439999,0,0,1,1
0.14,0.353,0.26,0,0,1,1
0.14,0.353,0.263,0,0,1,1
0.14,0.353,0.266,0,0,1,1
0.14,0.353,0.269,0,0,1,1
0.14,0.353,0.272,0,0,1,1
0.14,0.353,0.275,0,0,1,1
0.14,0.353,0.278,0,0,1,1
0.14,0.353,0.281,0,0,1,1
0.14,0.353,0.284,0,0,1,1
0.14,0.353,0.287,0,0,1,1
0.14,0.353,0.29,0,0,1,1
0.14,0.353,0.293,0,0,1,1
0.14,0.353,0.296,0,0,1,1
0.14,0.353,0.299,0,0,1,1
0.14,0.353,0.302,0,0,1,1
0.14,0.353,0.305,0,0,1,1
0.14,0.353,0.308,0,0,1,1
0.14,0.353,0.311,0,0,1,1
0.14,0.353,0.314,0,0,1,1
0.14,0.353,0.317,0,0,1,1
0.14,0.353,0.32,0,0,1,1
0.14,0.353,0.323,0,0,1,1
0.14,0.353,0.326,0,0,1,1
0.14,0.353,0.329,0,0,1,1
0.14,0.353,0.332,0,0,1,1
0.14,0.353,0.335,0,0,1,1
0.14,0.353,0.338,0,0,1,1
0.14,0.353,0.341,0,0,1,1
0.14,0.353,0.344,0,0,1,1
0.14,0.353,0.347,0,0,1,1
0.14,0.353,0.35,0,0,1,1
0.14,0.353,0.353,0,0,1,1
0.14,0.353,0.356,0,0,1,1
0.14,0.353,0.359,0,0,1,1
0.14,0.353,0.362,0,0,1,1
0.14,0.353,0.365,0,0,1,1
0.14,0.353,0.368,0,0,1,1
0.14,0.353,0.371,0,0,1,1
0.14,0.353,0.374,0,0,1,1
0.14,0.353,0.377,0,0,1,1
0.14,0.353,0.38,0,0,1,1
0.14,0.353,0.383,0,0,1,1
0.14,0.353,0.386,0,0,1,1
0.14,0.353,0.389,0,0,1,1
0.14,0.353,0.392,0,0,1,1
0.14,0.353,0.395,0,0,1,1
0.14,0.353,0.398,0,0,1,1
0.14,0.353,0.401,0,0,1,1
0.14,0.353,0.404,0,0,1,1
0.14,0.353,0.407,0,0,1,1
0.14,0.353,0.41,0,0,1,1
0.14,0.353,0.413,0,0,1,1
0.14,0.353,0.416,0,0,1,1
0.14,0.353,0.419,0,0,1,1
0.14,0.353,0.422,0,0,1,1
0.14,0.353,0.425,0,0,1,1
0.14,0.353,0.427999,0,0,1,1
0.14,0.353,0.430999,0,0,1,1
0.14,0.353,0.433999,0,0,1,1
0.14,0.353,0.436999,0,0,1,1
0.14,0.353,0.439999,0,0,1,1
0.14,0.35,0.26,0,0,1,1
0.14,0.35,0.263,0,0,1,1
0.14,0.35,0.266,0,0,1,1
0.14,0.35,0.269,0,0,1,1
0.14,0.35,0.272,0,0,1,1
0.14,0.35,0.275,0,0,1,1
0.14,0.35,0.278,0,0,1,1
0.14,0.35,0.281,0,0,1,1
0.14,0.35,0.284,0,0,1,1
0.14,0.35,0.287,0,0,1,1
0.14,0.35,0.29,0,0,1,1
0.14,0.35,0.293,0,0,1,1
0.14,0.35,0.296,0,0,1,1
0.14,0.35,0.299,0,0,1,1
0.14,0.35,0.302,0,0,1,1
0.14,0.35,0.305,0,0,1,1
0.14,0.35,0.308,0,0,1,1
0.14,0.35,0.311,0,0,1,1
0.14,0.35,0.314,0,0,1,1
0.14,0.35,0.317,0,0,1,1
0.14,0.35,0.32,0,0,1,1
0.14,0.35,0.323,0,0,1,1
0.14,0.35,0.326,0,0,1,1
0.14,0.35,0.329,0,0,1,1
0.14,0.35,0.332,0,0,1,1
0.14,0.35,0.335,0,0,1,1
0.14,0.35,0.338,0,0,1,1
0.14,0.35,0.341,0,0,1,1
0.14,0.35,0.344,0,0,1,1
0.14,0.35,0.347,0,0,1,1
0.14,0.35,0.35,0,0,1,1
0.14,0.35,0.353,0,0,1,1
0.14,0.35,0.356,0,0,1,1
0.14,0.35,0.359,0,0,1,1
0.14,0.35,0.362,0,0,1,1
0.14,0.35,0.365,0,0,1,1
0.14,0.35,0.368,0,0,1,1
0.14,0.35,0.371,0,0,1,1
0.14,0.35,0.374,0,0,1,1
0.14,0.35,0.377,0,0,1,1
0.14,0.35,0.38,0,0,1,1
0.14,0.35,0.383,0,0,1,1
0.14,0.35,0.386,0,0,1,1
0.14,0.35,0.389,0,0,1,1
0.14,0.35,0.392,0,0,1,1
0.14,0.35,0.395,0,0,1,1
0.14,0.35,0.398,0,0,1,1
0.14,0.35,0.401,0,0,1,1
0.14,0.35,0.404,0,0,1,1
0.14,0.35,0.407,0,0,1,1
0.14,0.35,0.41,0,0,1,1
0.14,0.35,0.413,0,0,1,1
0.14,0.35,0.416,0,0,1,1
0.14,0.35,0.419,0,0,1,1
0.14,0.35,0.422,0,0,1,1
0.14,0.35,0.425,0,0,1,1
0.14,0.35,0.427999,0,0,1,1
0.14,0.35,0.430999,0,0,1,1
0.14,0.35,0.433999,0,0,1,1
0.14,0.35,0.436999,0,0,1,1
0.14,0.35,0.439999,0,0,1,1
0.14,0.347,0.26,0,0,1,1
0.14,0.347,0.263,0,0,1,1
0.14,0.347,0.266,0,0,1,1
0.14,0.347,0.269,0,0,1,1
0.14,0.347,0.272,0,0,1,1
0.14,0.347,0.275,0,0,1,1
0.14,0.347,0.278,0,0,1,1
0.14,0.347,0.281,0,0,1,1
0.14,0.347,0.284,0,0,1,1
0.14,0.347,0.287,0,0,1,1
0.14,0.347,0.29,0,0,1,1
0.14,0.347,0.293,0,0,1,1
0.14,0.347,0.296,0,0,1,1
0.14,0.347,0.299,0,0,1,1
0.14,0.347,0.302,0,0,1,1
0.14,0.347,0.305,0,0,1,1
0.14,0.347,0.308,0,0,1,1
0.14,0.347,0.311,0,0,1,1
0.14,0.347,0.314,0,0,1,1
0.14,0.347,0.317,0,0,1,1
0.14,0.347,0.32,0,0,1,1
0.14,0.347,0.323,0,0,1,1
0.14,0.347,0.326,0,0,1,1
0.14,0.347,0.329,0,0,1,1
0.14,0.347,0.332,0,0,1,1
0.14,0.347,0.335,0,0,1,1
0.14,0.347,0.338,0,0,1,1
0.14,0.347,0.341,0,0,1,1
0.14,0.347,0.344,0,0,1,1
0.14,0.347,0.347,0,0,1,1
0.14,0.347,0.35,0,0,1,1
0.14,0.347,0.353,0,0,1,1
0.14,0.347,0.356,0,0,1,1
0.14,0.347,0.359,0,0,1,1
0.14,0.347,0.362,0,0,1,1
0.14,0.347,0.365,0,0,1,1
0.14,0.347,0.368,0,0,1,1
0.14,0.347,0.371,0,0,1,1
0.14,0.347,0.374,0,0,1,1
0.14,0.347,0.377,0,0,1,1
0.14,0.347,0.38,0,0,1,1
0.14,0.347,0.383,0,0,1,1
0.14,0.347,0.386,0,0,1,1
0.14,0.347,0.389,0,0,1,1
0.14,0.347,0.392,0,0,1,1
0.14,0.347,0.395,0,0,1,1
0.14,0.347,0.398,0,0,1,1
0.14,0.347,0.401,0,0,1,1
0.14,0.347,0.404,0,0,1,1
0.14,0.347,0.407,0,0,1,1
0.14,0.347,0.41,0,0,1,1
0.14,0.347,0.413,0,0,1,1
0.14,0.347,0.416,0,0,1,1
0.14,0.347,0.419,0,0,1,1
0.14,0.347,0.422,0,0,1,1
0.14,0.347,0.425,0,0,1,1
0.14,0.347,0.427999,0,0,1,1
0.14,0.347,0.430999,0,0,1,1
0.14,0.347,0.433999,0,0,1,1
0.14,0.347,0.436999,0,0,1,1
0.14,0.347,0.439999,0,0,1,1
0.14,0.344,0.26,0,0,1,1
0.14,0.344,0.263,0,0,1,1
0.14,0.344,0.266,0,0,1,1
0.14,0.344,0.269,0,0,1,1
0.14,0.344,0.272,0,0,1,1
0.14,0.344,0.275,0,0,1,1
0.14,0.344,0.278,0,0,1,1
0.14,0.344,0.281,0,0,1,1
0.14,0.344,0.284,0,0,1,1
0.14,0.344,0.287,0,0,1,1
0.14,0.344,0.29,0,0,1,1
0.14,0.344,0.293,0,0,1,1
0.14,0.344,0.296,0,0,1,1
0.14,0.344,0.299,0,0,1,1
0.14,0.344,0.302,0,0,1,1
0.14,0.344,0.305,0,0,1,1
0.14,0.344,0.308,0,0,1,1
0.14,0.344,0.311,0,0,1,1
0.14,0.344,0.314,0,0,1,1
0.14,0.344,0.317,0,0,1,1
0.14,0.344,0.32,0,0,1,1
0.14,0.344,0.323,0,0,1,1
0.14,0.344,0.326,0,0,1,1
0.14,0.344,0.329,0,0,1,1
0.14,0.344,0.332,0,0,1,1
0.14,0.344,0.335,0,0,1,1
0.14,0.344,0.338,0,0,1,1
0.14,0.344,0.341,0,0,1,1
0.14,0.344,0.344,0,0,1,1
0.14,0.344,0.347,0,0,1,1
0.14,0.344,0.35,0,0,1,1
0.14,0.344,0.353,0,0,1,1
0.14,0.344,0.356,0,0,1,1
0.14,0.344,0.359,0,0,1,1
0.14,0.344,0.362,0,0,1,1
0.14,0.344,0.365,0,0,1,1
0.14,0.344,0.368,0,0,1,1
0.14,0.344,0.371,0,0,1,1
0.14,0.344,0.374,0,0,1,1
0.14,0.344,0.377,0,0,1,1
0.14,0.344,0.38,0,0,1,1
0.14,0.344,0.383,0,0,1,1
0.14,0.344,0.386,0,0,1,1
0.14,0.344,0.389,0,0,1,1
0.14,0.344,0.392,0,0,1,1
0.14,0.344,0.395,0,0,1,1
0.14,0.344,0.398,0,0,1,1
0.14,0.344,0.401,0,0,1,1
0.14,0.344,0.404,0,0,1,1
0.14,0.344,0.407,0,0,1,1
0.14,0.344,0.41,0,0,1,1
0.14,0.344,0.413,0,0,1,1
0.14,0.344,0.416,0,0,1,1
0.14,0.344,0.419,0,0,1,1
0.14,0.344,0.422,0,0,1,1
0.14,0.344,0.425,0,0,1,1
0.14,0.344,0.427999,0,0,1,1
0.14,0.344,0.430999,0,0,1,1
0.14,0.344,0.433999,0,0,1,1
0.14,0.344,0.436999,0,0,1,1
0.14,0.344,0.439999,0,0,1,1
0.14,0.341,0.26,0,0,1,1
0.14,0.341,0.263,0,0,1,1
0.14,0.341,0.266,0,0,1,1
0.14,0.341,0.269,0,0,1,1
0.14,0.341,0.272,0,0,1,1
0.14,0.341,0.275,0,0,1,1
0.14,0.341,0.278,0,0,1,1
0.14,0.341,0.281,0,0,1,1
0.14,0.341,0.284,0,0,1,1
0.14,0.341,0.287,0,0,1,1
0.14,0.341,0.29,0,0,1,1
0.14,0.341,0.293,0,0,1,1
0.14,0.341,0.296,0,0,1,1
0.14,0.341,0.299,0,0,1,1
0.14,0.341,0.302,0,0,1,1
0.14,0.341,0.305,0,0,1,1
0.14,0.341,0.308,0,0,1,1
0.14,0.341,0.311,0,0,1,1
0.14,0.341,0.314,0,0,1,1
0.14,0.341,0.317,0,0,1,1
0.14,0.341,0.32,0,0,1,1
0.14,0.341,0.323,0,0,1,1
0.14,0.341,0.326,0,0,1,1
0.14,0.341,0.329,0,0,1,1
0.14,0.341,0.332,0,0,1,1
0.14,0.341,0.335,0,0,1,1
0.14,0.341,0.338,0,0,1,1
0.14,0.341,0.341,0,0,1,1
0.14,0.341,0.344,0,0,1,1
0.14,0.341,0.347,0,0,1,1
0.14,0.341,0.35,0,0,1,1
0.14,0.341,0.353,0,0,1,1
0.14,0.341,0.356,0,0,1,1
0.14,0.341,0.359,0,0,1,1
0.14,0.341,0.362,0,0,1,1
0.14,0.341,0.365,0,0,1,1
0.14,0.341,0.368,0,0,1,1
0.14,0.341,0.371,0,0,1,1
0.14,0.341,0.374,0,0,1,1
0.14,0.341,0.377,0,0,1,1
0.14,0.341,0.38,0,0,1,1
0.14,0.341,0.383,0,0,1,1
0.14,0.341,0.386,0,0,1,1
0.14,0.341,0.389,0,0,1,1
0.14,0.341,0.392,0,0,1,1
0.14,0.341,0.395,0,0,1,1
0.14,0.341,0.398,0,0,1,1
0.14,0.341,0.401,0,0,1,1
0.14,0.341,0.404,0,0,1,1
0.14,0.341,0.407,0,0,1,1
0.14,0.341,0.41,0,0,1,1
0.14,0.341,0.413,0,0,1,1
0.14,0.341,0.416,0,0,1,1
0.14,0.341,0.419,0,0,1,1
0.14,0.341,0.422,0,0,1,1
0.14,0.341,0.425,0,0,1,1
0.14,0.341,0.427999,0,0,1,1
0.14,0.341,0.430999,0,0,1,1
0.14,0.341,0.433999,0,0,1,1
0.14,0.341,0.436999,0,0,1,1
0.14,0.341,0.439999,0,0,1,1
0.14,0.338,0.26,0,0,1,1
0.14,0.338,0.263,0,0,1,1
0.14,0.338,0.266,0,0,1,1
0.14,0.338,0.269,0,0,1,1
0.14,0.338,0.272,0,0,1,1
0.14,0.338,0.275,0,0,1,1
0.14,0.338,0.278,0,0,1,1
0.14,0.338,0.281,0,0,1,1
0.14,0.338,0.284,0,0,1,1
0.14,0.338,0.287,0,0,1,1
0.14,0.338,0.29,0,0,1,1
0.14,0.338,0.293,0,0,1,1
0.14,0.338,0.296,0,0,1,1
0.14,0.338,0.299,0,0,1,1
0.14,0.338,0.302,0,0,1,1
0.14,0.338,0.305,0,0,1,1
0.14,0.338,0.308,0,0,1,1
0.14,0.338,0.311,0,0,1,1
0.14,0.338,0.314,0,0,1,1
0.14,0.338,0.317,0,0,1,1
0.14,0.338,0.32,0,0,1,1
0.14,0.338,0.323,0,0,1,1
0.14,0.338,0.326,0,0,1,1
0.14,0.338,0.329,0,0,1,1
0.14,0.338,0.332,0,0,1,1
0.14,0.338,0.335,0,0,1,1
0.14,0.338,0.338,0,0,1,1
0.14,0.338,0.341,0,0,1,1
0.14,0.338,0.344,0,0,1,1
0.14,0.338,0.347,0,0,1,1
0.14,0.338,0.35,0,0,1,1
0.14,0.338,0.353,0,0,1,1
0.14,0.338,0.356,0,0,1,1
0.14,0.338,0.359,0,0,1,1
0.14,0.338,0.362,0,0,1,1
0.14,0.338,0.365,0,0,1,1
0.14,0.338,0.368,0,0,1,1
0.14,0.338,0.371,0,0,1,1
0.14,0.338,0.374,0,0,1,1
0.14,0.338,0.377,0,0,1,1
0.14,0.338,0.38,0,0,1,1
0.14,0.338,0.383,0,0,1,1
0.14,0.338,0.386,0,0,1,1
0.14,0.338,0.389,0,0,1,1
0.14,0.338,0.392,0,0,1,1
0.14,0.338,0.395,0,0,1,1
0.14,0.338,0.398,0,0,1,1
0.14,0.338,0.401,0,0,1,1
0.14,0.338,0.404,0,0,1,1
0.14,0.338,0.407,0,0,1,1
0.14,0.338,0.41,0,0,1,1
0.14,0.338,0.413,0,0,1,1
0.14,0.338,0.416,0,0,1,1
0.14,0.338,0.419,0,0,1,1
0.14,0.338,0.422,0,0,1,1
0.14,0.338,0.425,0,0,1,1
0.14,0.338,0.427999,0,0,1,1
0.14,0.338,0.430999,0,0,1,1
0.14,0.338,0.433999,0,0,1,1
0.14,0.338,0.436999,0,0,1,1
0.14,0.338,0.439999,0,0,1,1
0.14,0.335,0.26,0,0,1,1
0.14,0.335,0.263,0,0,1,1
0.14,0.335,0.266,0,0,1,1
0.14,0.335,0.269,0,0,1,1
0.14,0.335,0.272,0,0,1,1
0.14,0.335,0.275,0,0,1,1
0.14,0.335,0.278,0,0,1,1
0.14,0.335,0.281,0,0,1,1
0.14,0.335,0.284,0,0,1,1
0.14,0.335,0.287,0,0,1,1
0.14,0.335,0.29,0,0,1,1
0.14,0.335,0.293,0,0,1,1
0.14,0.335,0.296,0,0,1,1
0.14,0.335,0.299,0,0,1,1
0.14,0.335,0.302,0,0,1,1
0.14,0.335,0.305,0,0,1,1
0.14,0.335,0.308,0,0,1,1
0.14,0.335,0.311,0,0,1,1
0.14,0.335,0.314,0,0,1,1
0.14,0.335,0.317,0,0,1,1
0.14,0.335,0.32,0,0,1,1
0.14,0.335,0.323,0,0,1,1
0.14,0.335,0.326,0,0,1,1
0.14,0.335,0.329,0,0,1,1
0.14,0.335,0.332,0,0,1,1
0.14,0.335,0.335,0,0,1,1
0.14,0.335,0.338,0,0,1,1
0.14,0.335,0.341,0,0,1,1
0.14,0.335,0.344,0,0,1,1
0.14,0.335,0.347,0,0,1,1
0.14,0.335,0.35,0,0,1,1
0.14,0.335,0.353,0,0,1,1
0.14,0.335,0.356,0,0,1,1
0.14,0.335,0.359,0,0,1,1
0.14,0.335,0.362,0,0,1,1
0.14,0.335,0.365,0,0,1,1
0.14,0.335,0.368,0,0,1,1
0.14,0.335,0.371,0,0,1,1
0.14,0.335,0.374,0,0,1,1
0.14,0.335,0.377,0,0,1,1
0.14,0.335,0.38,0,0,1,1
0.14,0.335,0.383,0,0,1,1
0.14,0.335,0.386,0,0,1,1
0.14,0.335,0.389,0,0,1,1
0.14,0.335,0.392,0,0,1,1
0.14,0.335,0.395,0,0,1,1
0.14,0.335,0.398,0,0,1,1
0.14,0.335,0.401,0,0,1,1
0.14,0.335,0.404,0,0,1,1
0.14,0.335,0.407,0,0,1,1
0.14,0.335,0.41,0,0,1,1
0.14,0.335,0.413,0,0,1,1
0.14,0.335,0.416,0,0,1,1
0.14,0.335,0.419,0,0,1,1
0.14,0.335,0.422,0,0,1,1
0.14,0.335,0.425,0,0,1,1
0.14,0.335,0.427999,0,0,1,1
0.14,0.335,0.430999,0,0,1,1
0.14,0.335,0.433999,0,0,1,1
0.14,0.335,0.436999,0,0,1,1
0.14,0.335,0.439999,0,0,1,1
0.14,0.332,0.26,0,0,1,1
0.14,0.332,0.263,0,0,1,1
0.14,0.332,0.266,0,0,1,1
0.14,0.332,0.269,0,0,1,1
0.14,0.332,0.272,0,0,1,1
0.14,0.332,0.275,0,0,1,1
0.14,0.332,0.278,0,0,1,1
0.14,0.332,0.281,0,0,1,1
0.14,0.332,0.284,0,0,1,1
0.14,0.332,0.287,0,0,1,1
0.14,0.332,0.29,0,0,1,1
0.14,0.332,0.293,0,0,1,1
0.14,0.332,0.296,0,0,1,1
0.14,0.332,0.299,0,0,1,1
0.14,0.332,0.302,0,0,1,1
0.14,0.332,0.305,0,0,1,1
0.14,0.332,0.308,0,0,1,1
0.14,0.332,0.311,0,0,1,1
0.14,0.332,0.314,0,0,1,1
0.14,0.332,0.317,0,0,1,1
0.14,0.332,0.32,0,0,1,1
0.14,0.332,0.323,0,0,1,1
0.14,0.332,0.326,0,0,1,1
0.14,0.332,0.329,0,0,1,1
0.14,0.332,0.332,0,0,1,1
0.14,0.332,0.335,0,0,1,1
0.14,0.332,0.338,0,0,1,1
0.14,0.332,0.341,0,0,1,1
0.14,0.332,0.344,0,0,1,1
0.14,0.332,0.347,0,0,1,1
0.14,0.332,0.35,0,0,1,1
0.14,0.332,0.353,0,0,1,1
0.14,0.332,0.356,0,0,1,1
0.14,0.332,0.359,0,0,1,1
0.14,0.332,0.362,0,0,1,1
0.14,0.332,0.365,0,0,1,1
0.14,0.332,0.368,0,0,1,1
0.14,0.332,0.371,0,0,1,1
0.14,0.332,0.374,0,0,1,1
0.14,0.332,0.377,0,0,1,1
0.14,0.332,0.38,0,0,1,1
0.14,0.332,0.383,0,0,1,1
0.14,0.332,0.386,0,0,1,1
0.14,0.332,0.389,0,0,1,1
0.14,0.332,0.392,0,0,1,1
0.14,0.332,0.395,0,0,1,1
0.14,0.332,0.398,0,0,1,1
0.14,0.332,0.401,0,0,1,1
0.14,0.332,0.404,0,0,1,1
0.14,0.332,0.407,0,0,1,1
0.14,0.332,0.41,0,0,1,1
0.14,0.332,0.413,0,0,1,1
0.14,0.332,0.416,0,0,1,1
0.14,0.332,0.419,0,0,1,1
0.14,0.332,0.422,0,0,1,1
0.14,0.332,0.425,0,0,1,1
0.14,0.332,0.427999,0,0,1,1
0.14,0.332,0.430999,0,0,1,1
0.14,0.332,0.433999,0,0,1,1
0.14,0.332,0.436999,0,0,1,1
0.14,0.332,0.439999,0,0,1,1
0.14,0.329,0.26,0,0,1,1
0.14,0.329,0.263,0,0,1,1
0.14,0.329,0.266,0,0,1,1
0.14,0.329,0.269,0,0,1,1
0.14,0.329,0.272,0,0,1,1
0.14,0.329,0.275,0,0,1,1
0.14,0.329,0.278,0,0,1,1
0.14,0.329,0.281,0,0,1,1
0.14,0.329,0.284,0,0,1,1
0.14,0.329,0.287,0,0,1,1
0.14,0.329,0.29,0,0,1,1
0.14,0.329,0.293,0,0,1,1
0.14,0.329,0.296,0,0,1,1
0.14,0.329,0.299,0,0,1,1
0.14,0.329,0.302,0,0,1,1
0.14,0.329,0.305,0,0,1,1
0.14,0.329,0.308,0,0,1,1
0.14,0.329,0.311,0,0,1,1
0.14,0.329,0.314,0,0,1,1
0.14,0.329,0.317,0,0,1,1
0.14,0.329,0.32,0,0,1,1
0.14,0.329,0.323,0,0,1,1
0.14,0.329,0.326,0,0,1,1
0.14,0.329,0.329,0,0,1,1
0.14,0.329,0.332,0,0,1,1
0.14,0.329,0.335,0,0,1,1
0.14,0.329,0.338,0,0,1,1
0.14,0.329,0.341,0,0,1,1
0.14,0.329,0.344,0,0,1,1
0.14,0.329,0.347,0,0,1,1
0.14,0.329,0.35,0,0,1,1
0.14,0.329,0.353,0,0,1,1
0.14,0.329,0.356,0,0,1,1
0.14,0.329,0.359,0,0,1,1
0.14,0.329,0.362,0,0,1,1
0.14,0.329,0.365,0,0,1,1
0.14,0.329,0.368,0,0,1,1
0.14,0.329,0.371,0,0,1,1
0.14,0.329,0.374,0,0,1,1
0.14,0.329,0.377,0,0,1,1
0.14,0.329,0.38,0,0,1,1
0.14,0.329,0.383,0,0,1,1
0.14,0.329,0.386,0,0,1,1
0.14,0.329,0.389,0,0,1,1
0.14,0.329,0.392,0,0,1,1
0.14,0.329,0.395,0,0,1,1
0.14,0.329,0.398,0,0,1,1
0.14,0.329,0.401,0,0,1,1
0.14,0.329,0.404,0,0,1,1
0.14,0.329,0.407,0,0,1,1
0.14,0.329,0.41,0,0,1,1
0.14,0.329,0.413,0,0,1,1
0.14,0.329,0.416,0,0,1,1
0.14,0.329,0.419,0,0,1,1
0.14,0.329,0.422,0,0,1,1
0.14,0.329,0.425,0,0,1,1
0.14,0.329,0.427999,0,0,1,1
0.14,0.329,0.430999,0,0,1,1
0.14,0.329,0.433999,0,0,1,1
0.14,0.329,0.436999,0,0,1,1
0.14,0.329,0.439999,0,0,1,1
0.14,0.326,0.26,0,0,1,1
0.14,0.326,0.263,0,0,1,1
0.14,0.326,0.266,0,0,1,1
0.14,0.326,0.269,0,0,1,1
0.14,0.326,0.272,0,0,1,1
0.14,0.326,0.275,0,0,1,1
0.14,0.326,0.278,0,0,1,1
0.14,0.326,0.281,0,0,1,1
0.14,0.326,0.284,0,0,1,1
0.14,0.326,0.287,0,0,1,1
0.14,0.326,0.29,0,0,1,1
0.14,0.326,0.293,0,0,1,1
0.14,0.326,0.296,0,0,1,1
0.14,0.326,0.299,0,0,1,1
0.14,0.326,0.302,0,0,1,1
0.14,0.326,0.305,0,0,1,1
0.14,0.326,0.308,0,0,1,1
0.14,0.326,0.311,0,0,1,1
0.14,0.326,0.314,0,0,1,1
0.14,0.326,0.317,0,0,1,1
0.14,0.326,0.32,0,0,1,1
0.14,0.326,0.323,0,0,1,1
0.14,0.326,0.326,0,0,1,1
0.14,0.326,0.329,0,0,1,1
0.14,0.326,0.332,0,0,1,1
0.14,0.326,0.335,0,0,1,1
0.14,0.326,0.338,0,0,1,1
0.14,0.326,0.341,0,0,1,1
0.14,0.326,0.344,0,0,1,1
0.14,0.326,0.347,0,0,1,1
0.14,0.326,0.35,0,0,1,1
0.14,0.326,0.353,0,0,1,1
0.14,0.326,0.356,0,0,1,1
0.14,0.326,0.359,0,0,1,1
0.14,0.326,0.362,0,0,1,1
0.14,0.326,0.365,0,0,1,1
0.14,0.326,0.368,0,0,1,1
0.14,0.326,0.371,0,0,1,1
0.14,0.326,0.374,0,0,1,1
0.14,0.326,0.377,0,0,1,1
0.14,0.326,0.38,0,0,1,1
0.14,0.326,0.383,0,0,1,1
0.14,0.326,0.386,0,0,1,1
0.14,0.326,0.389,0,0,1,1
0.14,0.326,0.392,0,0,1,1
0.14,0.326,0.395,0,0,1,1
0.14,0.326,0.398,0,0,1,1
0.14,0.326,0.401,0,0,1,1
0.14,0.326,0.404,0,0,1,1
0.14,0.326,0.407,0,0,1,1
0.14,0.326,0.41,0,0,1,1
0.14,0.326,0.413,0,0,1,1
0.14,0.326,0.416,0,0,1,1
0.14,0.326,0.419,0,0,1,1
0.14,0.326,0.422,0,0,1,1
0.14,0.326,0.425,0,0,1,1
0.14,0.326,0.427999,0,0,1,1
0.14,0.326,0.430999,0,0,1,1
0.14,0.326,0.433999,0,0,1,1
0.14,0.326,0.436999,0,0,1,1
0.14,0.326,0.439999,0,0,1,1
0.14,0.323,0.26,0,0,1,1
0.14,0.323,0.263,0,0,1,1
0.14,0.323,0.266,0,0,1,1
0.14,0.323,0.269,0,0,1,1
0.14,0.323,0.272,0,0,1,1
0.14,0.323,0.275,0,0,1,1
0.14,0.323,0.278,0,0,1,1
0.14,0.323,0.281,0,0,1,1
0.14,0.323,0.284,0,0,1,1
0.14,0.323,0.287,0,0,1,1
0.14,0.323,0.29,0,0,1,1
0.14,0.323,0.293,0,0,1,1
0.14,0.323,0.296,0,0,1,1
0.14,0.323,0.299,0,0,1,1
0.14,0.323,0.302,0,0,1,1
0.14,0.323,0.305,0,0,1,1
0.14,0.323,0.308,0,0,1,1
0.14,0.323,0.311,0,0,1,1
0.14,0.323,0.314,0,0,1,1
0.14,0.323,0.317,0,0,1,1
0.14,0.323,0.32,0,0,1,1
0.14,0.323,0.323,0,0,1,1
0.14,0.323,0.326,0,0,1,1
0.14,0.323,0.329,0,0,1,1
0.14,0.323,0.332,0,0,1,1
0.14,0.323,0.335,0,0,1,1
0.14,0.323,0.338,0,0,1,1
0.14,0.323,0.341,0,0,1,1
0.14,0.323,0.344,0,0,1,1
0.14,0.323,0.347,0,0,1,1
0.14,0.323,0.35,0,0,1,1
0.14,0.323,0.353,0,0,1,1
0.14,0.323,0.356,0,0,1,1
0.14,0.323,0.359,0,0,1,1
0.14,0.323,0.362,0,0,1,1
0.14,0.323,0.365,0,0,1,1
0.14,0.323,0.368,0,0,1,1
0.14,0.323,0.371,0,0,1,1
0.14,0.323,0.374,0,0,1,1
0.14,0.323,0.377,0,0,1,1
0.14,0.323,0.38,0,0,1,1
0.14,0.323,0.383,0,0,1,1
0.14,0.323,0.386,0,0,1,1
0.14,0.323,0.389,0,0,1,1
0.14,0.323,0.392,0,0,1,1
0.14,0.323,0.395,0,0,1,1
0.14,0.323,0.398,0,0,1,1
0.14,0.323,0.401,0,0,1,1
0.14,0.323,0.404,0,0,1,1
0.14,0.323,0.407,0,0,1,1
0.14,0.323,0.41,0,0,1,1
0.14,0.323,0.413,0,0,1,1
0.14,0.323,0.416,0,0,1,1
0.14,0.323,0.419,0,0,1,1
0.14,0.323,0.422,0,0,1,1
0.14,0.323,0.425,0,0,1,1
0.14,0.323,0.427999,0,0,1,1
0.14,0.323,0.430999,0,0,1,1
0.14,0.323,0.433999,0,0,1,1
0.14,0.323,0.436999,0,0,1,1
0.14,0.323,0.439999,0,0,1,1
0.14,0.32,0.26,0,0,1,1
0.14,0.32,0.263,0,0,1,1
0.14,0.32,0.266,0,0,1,1
0.14,0.32,0.269,0,0,1,1
0.14,0.32,0.272,0,0,1,1
0.14,0.32,0.275,0,0,1,1
0.14,0.32,0.278,0,0,1,1
0.14,0.32,0.281,0,0,1,1
0.14,0.32,0.284,0,0,1,1
0.14,0.32,0.287,0,0,1,1
0.14,0.32,0.29,0,0,1,1
0.14,0.32,0.293,0,0,1,1
0.14,0.32,0.296,0,0,1,1
0.14,0.32,0.299,0,0,1,1
0.14,0.32,0.302,0,0,1,1
0.14,0.32,0.305,0,0,1,1
0.14,0.32,0.308,0,0,1,1
0.14,0.32,0.311,0,0,1,1
0.14,0.32,0.314,0,0,1,1
0.14,0.32,0.317,0,0,1,1
0.14,0.32,0.32,0,0,1,1
0.14,0.32,0.323,0,0,1,1
0.14,0.32,0.326,0,0,1,1
0.14,0.32,0.329,0,0,1,1
0.14,0.32,0.332,0,0,1,1
0.14,0.32,0.335,0,0,1,1
0.14,0.32,0.338,0,0,1,1
0.14,0.32,0.341,0,0,1,1
0.14,0.32,0.344,0,0,1,1
0.14,0.32,0.347,0,0,1,1
0.14,0.32,0.35,0,0,1,1
0.14,0.32,0.353,0,0,1,1
0.14,0.32,0.356,0,0,1,1
0.14,0.32,0.359,0,0,1,1
0.14,0.32,0.362,0,0,1,1
0.14,0.32,0.365,0,0,1,1
0.14,0.32,0.368,0,0,1,1
0.14,0.32,0.371,0,0,1,1
0.14,0.32,0.374,0,0,1,1
0.14,0.32,0.377,0,0,1,1
0.14,0.32,0.38,0,0,1,1
0.14,0.32,0.383,0,0,1,1
0.14,0.32,0.386,0,0,1,1
0.14,0.32,0.389,0,0,1,1
0.14,0.32,0.392,0,0,1,1
0.14,0.32,0.395,0,0,1,1
0.14,0.32,0.398,0,0,1,1
0.14,0.32,0.401,0,0,1,1
0.14,0.32,0.404,0,0,1,1
0.14,0.32,0.407,0,0,1,1
0.14,0.32,0.41,0,0,1,1
0.14,0.32,0.413,0,0,1,1
0.14,0.32,0.416,0,0,1,1
0.14,0.32,0.419,0,0,1,1
0.14,0.32,0.422,0,0,1,1
0.14,0.32,0.425,0,0,1,1
0.14,0.32,0.427999,0,0,1,1
0.14,0.32,0.430999,0,0,1,1
0.14,0.32,0.433999,0,0,1,1
0.14,0.32,0.436999,0,0,1,1
0.14,0.32,0.439999,0,0,1,1
0.14,0.317,0.26,0,0,1,1
0.14,0.317,0.263,0,0,1,1
0.14,0.317,0.266,0,0,1,1
0.14,0.317,0.269,0,0,1,1
0.14,0.317,0.272,0,0,1,1
0.14,0.317,0.275,0,0,1,1
0.14,0.317,0.278,0,0,1,1
0.14,0.317,0.281,0,0,1,1
0.14,0.317,0.284,0,0,1,1
0.14,0.317,0.287,0,0,1,1
0.14,0.317,0.29,0,0,1,1
0.14,0.317,0.293,0,0,1,1
0.14,0.317,0.296,0,0,1,1
0.14,0.317,0.299,0,0,1,1
0.14,0.317,0.302,0,0,1,1
0.14,0.317,0.305,0,0,1,1
0.14,0.317,0.308,0,0,1,1
0.14,0.317,0.311,0,0,1,1
0.14,0.317,0.314,0,0,1,1
0.14,0.317,0.317,0,0,1,1
0.14,0.317,0.32,0,0,1,1
0.14,0.317,0.323,0,0,1,1
0.14,0.317,0.326,0,0,1,1
0.14,0.317,0.329,0,0,1,1
0.14,0.317,0.332,0,0,1,1
0.14,0.317,0.335,0,0,1,1
0.14,0.317,0.338,0,0,1,1
0.14,0.317,0.341,0,0,1,1
0.14,0.317,0.344,0,0,1,1
0.14,0.317,0.347,0,0,1,1
0.14,0.317,0.35,0,0,1,1
0.14,0.317,0.353,0,0,1,1
0.14,0.317,0.356,0,0,1,1
0.14,0.317,0.359,0,0,1,1
0.14,0.317,0.362,0,0,1,1
0.14,0.317,0.365,0,0,1,1
0.14,0.317,0.368,0,0,1,1
0.14,0.317,0.371,0,0,1,1
0.14,0.317,0.374,0,0,1,1
0.14,0.317,0.377,0,0,1,1
0.14,0.317,0.38,0,0,1,1
0.14,0.317,0.383,0,0,1,1
0.14,0.317,0.386,0,0,1,1
0.14,0.317,0.389,0,0,1,1
0.14,0.317,0.392,0,0,1,1
0.14,0.317,0.395,0,0,1,1
0.14,0.317,0.398,0,0,1,1
0.14,0.317,0.401,0,0,1,1
0.14,0.317,0.404,0,0,1,1
0.14,0.317,0.407,0,0,1,1
0.14,0.317,0.41,0,0,1,1
0.14,0.317,0.413,0,0,1,1
0.14,0.317,0.416,0,0,1,1
0.14,0.317,0.419,0,0,1,1
0.14,0.317,0.422,0,0,1,1
0.14,0.317,0.425,0,0,1,1
0.14,0.317,0.427999,0,0,1,1
0.14,0.317,0.430999,0,0,1,1
0.14,0.317,0.433999,0,0,1,1
0.14,0.317,0.436999,0,0,1,1
0.14,0.317,0.439999,0,0,1,1
0.14,0.314,0.26,0,0,1,1
0.14,0.314,0.263,0,0,1,1
0.14,0.314,0.266,0,0,1,1
0.14,0.314,0.269,0,0,1,1
0.14,0.314,0.272,0,0,1,1
0.14,0.314,0.275,0,0,1,1
0.14,0.314,0.278,0,0,1,1
0.14,0.314,0.281,0,0,1,1
0.14,0.314,0.284,0,0,1,1
0.14,0.314,0.287,0,0,1,1
0.14,0.314,0.29,0,0,1,1
0.14,0.314,0.293,0,0,1,1
0.14,0.314,0.296,0,0,1,1
0.14,0.314,0.299,0,0,1,1
0.14,0.314,0.302,0,0,1,1
0.14,0.314,0.305,0,0,1,1
0.14,0.314,0.308,0,0,1,1
0.14,0.314,0.311,0,0,1,1
0.14,0.314,0.314,0,0,1,1
0.14,0.314,0.317,0,0,1,1
0.14,0.314,0.32,0,0,1,1
0.14,0.314,0.323,0,0,1,1
0.14,0.314,0.326,0,0,1,1
0.14,0.314,0.329,0,0,1,1
0.14,0.314,0.332,0,0,1,1
0.14,0.314,0.335,0,0,1,1
0.14,0.314,0.338,0,0,1,1
0.14,0.314,0.341,0,0,1,1
0.14,0.314,0.344,0,0,1,1
0.14,0.314,0.347,0,0,1,1
0.14,0.314,0.35,0,0,1,1
0.14,0.314,0.353,0,0,1,1
0.14,0.314,0.356,0,0,1,1
0.14,0.314,0.359,0,0,1,1
0.14,0.314,0.362,0,0,1,1
0.14,0.314,0.365,0,0,1,1
0.14,0.314,0.368,0,0,1,1
0.14,0.314,0.371,0,0,1,1
0.14,0.314,0.374,0,0,1,1
0.14,0.314,0.377,0,0,1,1
0.14,0.314,0.38,0,0,1,1
0.14,0.314,0.383,0,0,1,1
0.14,0.314,0.386,0,0,1,1
0.14,0.314,0.389,0,0,1,1
0.14,0.314,0.392,0,0,1,1
0.14,0.314,0.395,0,0,1,1
0.14,0.314,0.398,0,0,1,1
0.14,0.314,0.401,0,0,1,1
0.14,0.314,0.404,0,0,1,1
0.14,0.314,0.407,0,0,1,1
0.14,0.314,0.41,0,0,1,1
0.14,0.314,0.413,0,0,1,1
0.14,0.314,0.416,0,0,1,1
0.14,0.314,0.419,0,0,1,1
0.14,0.314,0.422,0,0,1,1
0.14,0.314,0.425,0,0,1,1
0.14,0.314,0.427999,0,0,1,1
0.14,0.314,0.430999,0,0,1,1
0.14,0.314,0.433999,0,0,1,1
0.14,0.314,0.436999,0,0,1,1
0.14,0.314,0.439999,0,0,1,1
0.14,0.311,0.26,0,0,1,1
0.14,0.311,0.263,0,0,1,1
0.14,0.311,0.266,0,0,1,1
0.14,0.311,0.269,0,0,1,1
0.14,0.311,0.272,0,0,1,1
0.14,0.311,0.275,0,0,1,1
0.14,0.311,0.278,0,0,1,1
0.14,0.311,0.281,0,0,1,1
0.14,0.311,0.284,0,0,1,1
0.14,0.311,0.287,0,0,1,1
0.14,0.311,0.29,0,0,1,1
0.14,0.311,0.293,0,0,1,1
0.14,0.311,0.296,0,0,1,1
0.14,0.311,0.299,0,0,1,1
0.14,0.311,0.302,0,0,1,1
0.14,0.311,0.305,0,0,1,1
0.14,0.311,0.308,0,0,1,1
0.14,0.311,0.311,0,0,1,1
0.14,0.311,0.314,0,0,1,1
0.14,0.311,0.317,0,0,1,1
0.14,0.311,0.32,0,0,1,1
0.14,0.311,0.323,0,0,1,1
0.14,0.311,0.326,0,0,1,1
0.14,0.311,0.329,0,0,1,1
0.14,0.311,0.332,0,0,1,1
0.14,0.311,0.335,0,0,1,1
0.14,0.311,0.338,0,0,1,1
0.14,0.311,0.341,0,0,1,1
0.14,0.311,0.344,0,0,1,1
0.14,0.311,0.347,0,0,1,1
0.14,0.311,0.35,0,0,1,1
0.14,0.311,0.353,0,0,1,1
0.14,0.311,0.356,0,0,1,1
0.14,0.311,0.359,0,0,1,1
0.14,0.311,0.362,0,0,1,1
0.14,0.311,0.365,0,0,1,1
0.14,0.311,0.368,0,0,1,1
0.14,0.311,0.371,0,0,1,1
0.14,0.311,0.374,0,0,1,1
0.14,0.311,0.377,0,0,1,1
0.14,0.311,0.38,0,0,1,1
0.14,0.311,0.383,0,0,1,1
0.14,0.311,0.386,0,0,1,1
0.14,0.311,0.389,0,0,1,1
0.14,0.311,0.392,0,0,1,1
0.14,0.311,0.395,0,0,1,1
0.14,0.311,0.398,0,0,1,1
0.14,0.311,0.401,0,0,1,1
0.14,0.311,0.404,0,0,1,1
0.14,0.311,0.407,0,0,1,1
0.14,0.311,0.41,0,0,1,1
0.14,0.311,0.413,0,0,1,1
0.14,0.311,0.416,0,0,1,1
0.14,0.311,0.419,0,0,1,1
0.14,0.311,0.422,0,0,1,1
0.14,0.311,0.425,0,0,1,1
0.14,0.311,0.427999,0,0,1,1
0.14,0.311,0.430999,0,0,1,1
0.14,0.311,0.433999,0,0,1,1
0.14,0.311,0.436999,0,0,1,1
0.14,0.311,0.439999,0,0,1,1
0.14,0.308,0.26,0,0,1,1
0.14,0.308,0.263,0,0,1,1
0.14,0.308,0.266,0,0,1,1
0.14,0.308,0.269,0,0,1,1
0.14,0.308,0.272,0,0,1,1
0.14,0.308,0.275,0,0,1,1
0.14,0.308,0.278,0,0,1,1
0.14,0.308,0.281,0,0,1,1
0.14,0.308,0.284,0,0,1,1
0.14,0.308,0.287,0,0,1,1
0.14,0.308,0.29,0,0,1,1
0.14,0.308,0.293,0,0,1,1
0.14,0.308,0.296,0,0,1,1
0.14,0.308,0.299,0,0,1,1
0.14,0.308,0.302,0,0,1,1
0.14,0.308,0.305,0,0,1,1
0.14,0.308,0.308,0,0,1,1
0.14,0.308,0.311,0,0,1,1
0.14,0.308,0.314,0,0,1,1
0.14,0.308,0.317,0,0,1,1
0.14,0.308,0.32,0,0,1,1
0.14,0.308,0.323,0,0,1,1
0.14,0.308,0.326,0,0,1,1
0.14,0.308,0.329,0,0,1,1
0.14,0.308,0.332,0,0,1,1
0.14,0.308,0.335,0,0,1,1
0.14,0.308,0.338,0,0,1,1
0.14,0.308,0.341,0,0,1,1
0.14,0.308,0.344,0,0,1,1
0.14,0.308,0.347,0,0,1,1
0.14,0.308,0.35,0,0,1,1
0.14,0.308,0.353,0,0,1,1
0.14,0.308,0.356,0,0,1,1
0.14,0.308,0.359,0,0,1,1
0.14,0.308,0.362,0,0,1,1
0.14,0.308,0.365,0,0,1,1
0.14,0.308,0.368,0,0,1,1
0.14,0.308,0.371,0,0,1,1
0.14,0.308,0.374,0,0,1,1
0.14,0.308,0.377,0,0,1,1
0.14,0.308,0.38,0,0,1,1
0.14,0.308,0.383,0,0,1,1
0.14,0.308,0.386,0,0,1,1
0.14,0.308,0.389,0,0,1,1
0.14,0.308,0.392,0,0,1,1
0.14,0.308,0.395,0,0,1,1
0.14,0.308,0.398,0,0,1,1
0.14,0.308,0.401,0,0,1,1
0.14,0.308,0.404,0,0,1,1
0.14,0.308,0.407,0,0,1,1
0.14,0.308,0.41,0,0,1,1
0.14,0.308,0.413,0,0,1,1
0.14,0.308,0.416,0,0,1,1
0.14,0.308,0.419,0,0,1,1
0.14,0.308,0.422,0,0,1,1
0.14,0.308,0.425,0,0,1,1
0.14,0.308,0.427999,0,0,1,1
0.14,0.308,0.430999,0,0,1,1
0.14,0.308,0.433999,0,0,1,1
0.14,0.308,0.436999,0,0,1,1
0.14,0.308,0.439999,0,0,1,1
0.14,0.305,0.26,0,0,1,1
0.14,0.305,0.263,0,0,1,1
0.14,0.305,0.266,0,0,1,1
0.14,0.305,0.269,0,0,1,1
0.14,0.305,0.272,0,0,1,1
0.14,0.305,0.275,0,0,1,1
0.14,0.305,0.278,0,0,1,1
0.14,0.305,0.281,0,0,1,1
0.14,0.305,0.284,0,0,1,1
0.14,0.305,0.287,0,0,1,1
0.14,0.305,0.29,0,0,1,1
0.14,0.305,0.293,0,0,1,1
0.14,0.305,0.296,0,0,1,1
0.14,0.305,0.299,0,0,1,1
0.14,0.305,0.302,0,0,1,1
0.14,0.305,0.305,0,0,1,1
0.14,0.305,0.308,0,0,1,1
0.14,0.305,0.311,0,0,1,1
0.14,0.305,0.314,0,0,1,1
0.14,0.305,0.317,0,0,1,1
0.14,0.305,0.32,0,0,1,1
0.14,0.305,0.323,0,0,1,1
0.14,0.305,0.326,0,0,1,1
0.14,0.305,0.329,0,0,1,1
0.14,0.305,0.332,0,0,1,1
0.14,0.305,0.335,0,0,1,1
0.14,0.305,0.338,0,0,1,1
0.14,0.305,0.341,0,0,1,1
0.14,0.305,0.344,0,0,1,1
0.14,0.305,0.347,0,0,1,1
0.14,0.305,0.35,0,0,1,1
0.14,0.305,0.353,0,0,1,1
0.14,0.305,0.356,0,0,1,1
0.14,0.305,0.359,0,0,1,1
0.14,0.305,0.362,0,0,1,1
0.14,0.305,0.365,0,0,1,1
0.14,0.305,0.368,0,0,1,1
0.14,0.305,0.371,0,0,1,1
0.14,0.305,0.374,0,0,1,1
0.14,0.305,0.377,0,0,1,1
0.14,0.305,0.38,0,0,1,1
0.14,0.305,0.383,0,0,1,1
0.14,0.305,0.386,0,0,1,1
0.14,0.305,0.389,0,0,1,1
0.14,0.305,0.392,0,0,1,1
0.14,0.305,0.395,0,0,1,1
0.14,0.305,0.398,0,0,1,1
0.14,0.305,0.401,0,0,1,1
0.14,0.305,0.404,0,0,1,1
0.14,0.305,0.407,0,0,1,1
0.14,0.305,0.41,0,0,1,1
0.14,0.305,0.413,0,0,1,1
0.14,0.305,0.416,0,0,1,1
0.14,0.305,0.419,0,0,1,1
0.14,0.305,0.422,0,0,1,1
0.14,0.305,0.425,0,0,1,1
0.14,0.305,0.427999,0,0,1,1
0.14,0.305,0.430999,0,0,1,1
0.14,0.305,0.433999,0,0,1,1
0.14,0.305,0.436999,0,0,1,1
0.14,0.305,0.439999,0,0,1,1
0.14,0.302,0.26,0,0,1,1
0.14,0.302,0.263,0,0,1,1
0.14,0.302,0.266,0,0,1,1
0.14,0.302,0.269,0,0,1,1
0.14,0.302,0.272,0,0,1,1
0.14,0.302,0.275,0,0,1,1
0.14,0.302,0.278,0,0,1,1
0.14,0.302,0.281,0,0,1,1
0.14,0.302,0.284,0,0,1,1
0.14,0.302,0.287,0,0,1,1
0.14,0.302,0.29,0,0,1,1
0.14,0.302,0.293,0,0,1,1
0.14,0.302,0.296,0,0,1,1
0.14,0.302,0.299,0,0,1,1
0.14,0.302,0.302,0,0,1,1
0.14,0.302,0.305,0,0,1,1
0.14,0.302,0.308,0,0,1,1
0.14,0.302,0.311,0,0,1,1
0.14,0.302,0.314,0,0,1,1
0.14,0.302,0.317,0,0,1,1
0.14,0.302,0.32,0,0,1,1
0.14,0.302,0.323,0,0,1,1
0.14,0.302,0.326,0,0,1,1
0.14,0.302,0.329,0,0,1,1
0.14,0.302,0.332,0,0,1,1
0.14,0.302,0.335,0,0,1,1
0.14,0.302,0.338,0,0,1,1
0.14,0.302,0.341,0,0,1,1
0.14,0.302,0.344,0,0,1,1
0.14,0.302,0.347,0,0,1,1
0.14,0.302,0.35,0,0,1,1
0.14,0.302,0.353,0,0,1,1
0.14,0.302,0.356,0,0,1,1
0.14,0.302,0.359,0,0,1,1
0.14,0.302,0.362,0,0,1,1
0.14,0.302,0.365,0,0,1,1
0.14,0.302,0.368,0,0,1,1
0.14,0.302,0.371,0,0,1,1
0.14,0.302,0.374,0,0,1,1
0.14,0.302,0.377,0,0,1,1
0.14,0.302,0.38,0,0,1,1
0.14,0.302,0.383,0,0,1,1
0.14,0.302,0.386,0,0,1,1
0.14,0.302,0.389,0,0,1,1
0.14,0.302,0.392,0,0,1,1
0.14,0.302,0.395,0,0,1,1
0.14,0.302,0.398,0,0,1,1
0.14,0.302,0.401,0,0,1,1
0.14,0.302,0.404,0,0,1,1
0.14,0.302,0.407,0,0,1,1
0.14,0.302,0.41,0,0,1,1
0.14,0.302,0.413,0,0,1,1
0.14,0.302,0.416,0,0,1,1
0.14,0.302,0.419,0,0,1,1
0.14,0.302,0.422,0,0,1,1
0.14,0.302,0.425,0,0,1,1
0.14,0.302,0.427999,0,0,1,1
0.14,0.302,0.430999,0,0,1,1
0.14,0.302,0.433999,0,0,1,1
0.14,0.302,0.436999,0,0,1,1
0.14,0.302,0.439999,0,0,1,1
0.14,0.299,0.26,0,0,1,1
0.14,0.299,0.263,0,0,1,1
0.14,0.299,0.266,0,0,1,1
0.14,0.299,0.269,0,0,1,1
0.14,0.299,0.272,0,0,1,1
0.14,0.299,0.275,0,0,1,1
0.14,0.299,0.278,0,0,1,1
0.14,0.299,0.281,0,0,1,1
0.14,0.299,0.284,0,0,1,1
0.14,0.299,0.287,0,0,1,1
0.14,0.299,0.29,0,0,1,1
0.14,0.299,0.293,0,0,1,1
0.14,0.299,0.296,0,0,1,1
0.14,0.299,0.299,0,0,1,1
0.14,0.299,0.302,0,0,1,1
0.14,0.299,0.305,0,0,1,1
0.14,0.299,0.308,0,0,1,1
0.14,0.299,0.311,0,0,1,1
0.14,0.299,0.314,0,0,1,1
0.14,0.299,0.317,0,0,1,1
0.14,0.299,0.32,0,0,1,1
0.14,0.299,0.323,0,0,1,1
0.14,0.299,0.326,0,0,1,1
0.14,0.299,0.329,0,0,1,1
0.14,0.299,0.332,0,0,1,1
0.14,0.299,0.335,0,0,1,1
0.14,0.299,0.338,0,0,1,1
0.14,0.299,0.341,0,0,1,1
0.14,0.299,0.344,0,0,1,1
0.14,0.299,0.347,0,0,1,1
0.14,0.299,0.35,0,0,1,1
0.14,0.299,0.353,0,0,1,1
0.14,0.299,0.356,0,0,1,1
0.14,0.299,0.359,0,0,1,1
0.14,0.299,0.362,0,0,1,1
0.14,0.299,0.365,0,0,1,1
0.14,0.299,0.368,0,0,1,1
0.14,0.299,0.371,0,0,1,1
0.14,0.299,0.374,0,0,1,1
0.14,0.299,0.377,0,0,1,1
0.14,0.299,0.38,0,0,1,1
0.14,0.299,0.383,0,0,1,1
0.14,0.299,0.386,0,0,1,1
0.14,0.299,0.389,0,0,1,1
0.14,0.299,0.392,0,0,1,1
0.14,0.299,0.395,0,0,1,1
0.14,0.299,0.398,0,0,1,1
0.14,0.299,0.401,0,0,1,1
0.14,0.299,0.404,0,0,1,1
0.14,0.299,0.407,0,0,1,1
0.14,0.299,0.41,0,0,1,1
0.14,0.299,0.413,0,0,1,1
0.14,0.299,0.416,0,0,1,1
0.14,0.299,0.419,0,0,1,1
0.14,0.299,0.422,0,0,1,1
0.14,0.299,0.425,0,0,1,1
0.14,0.299,0.427999,0,0,1,1
0.14,0.299,0.430999,0,0,1,1
0.14,0.299,0.433999,0,0,1,1
0.14,0.299,0.436999,0,0,1,1
0.14,0.299,0.439999,0,0,1,1
0.14,0.296,0.26,0,0,1,1
0.14,0.296,0.263,0,0,1,1
0.14,0.296,0.266,0,0,1,1
0.14,0.296,0.269,0,0,1,1
0.14,0.296,0.272,0,0,1,1
0.14,0.296,0.275,0,0,1,1
0.14,0.296,0.278,0,0,1,1
0.14,0.296,0.281,0,0,1,1
0.14,0.296,0.284,0,0,1,1
0.14,0.296,0.287,0,0,1,1
0.14,0.296,0.29,0,0,1,1
0.14,0.296,0.293,0,0,1,1
0.14,0.296,0.296,0,0,1,1
0.14,0.296,0.299,0,0,1,1
0.14,0.296,0.302,0,0,1,1
0.14,0.296,0.305,0,0,1,1
0.14,0.296,0.308,0,0,1,1
0.14,0.296,0.311,0,0,1,1
0.14,0.296,0.314,0,0,1,1
0.14,0.296,0.317,0,0,1,1
0.14,0.296,0.32,0,0,1,1
0.14,0.296,0.323,0,0,1,1
0.14,0.296,0.326,0,0,1,1
0.14,0.296,0.329,0,0,1,1
0.14,0.296,0.332,0,0,1,1
0.14,0.296,0.335,0,0,1,1
0.14,0.296,0.338,0,0,1,1
0.14,0.296,0.341,0,0,1,1
0.14,0.296,0.344,0,0,1,1
0.14,0.296,0.347,0,0,1,1
0.14,0.296,0.35,0,0,1,1
0.14,0.296,0.353,0,0,1,1
0.14,0.296,0.356,0,0,1,1
0.14,0.296,0.359,0,0,1,1
0.14,0.296,0.362,0,0,1,1
0.14,0.296,0.365,0,0,1,1
0.14,0.296,0.368,0,0,1,1
0.14,0.296,0.371,0,0,1,1
0.14,0.296,0.374,0,0,1,1
0.14,0.296,0.377,0,0,1,1
0.14,0.296,0.38,0,0,1,1
0.14,0.296,0.383,0,0,1,1
0.14,0.296,0.386,0,0,1,1
0.14,0.296,0.389,0,0,1,1
0.14,0.296,0.392,0,0,1,1
0.14,0.296,0.395,0,0,1,1
0.14,0.296,0.398,0,0,1,1
0.14,0.296,0.401,0,0,1,1
0.14,0.296,0.404,0,0,1,1
0.14,0.296,0.407,0,0,1,1
0.14,0.296,0.41,0,0,1,1
0.14,0.296,0.413,0,0,1,1
0.14,0.296,0.416,0,0,1,1
0.14,0.296,0.419,0,0,1,1
0.14,0.296,0.422,0,0,1,1
0.14,0.296,0.425,0,0,1,1
0.14,0.296,0.427999,0,0,1,1
0.14,0.296,0.430999,0,0,1,1
0.14,0.296,0.433999,0,0,1,1
0.14,0.296,0.436999,0,0,1,1
0.14,0.296,0.439999,0,0,1,1
0.14,0.293,0.26,0,0,1,1
0.14,0.293,0.263,0,0,1,1
0.14,0.293,0.266,0,0,1,1
0.14,0.293,0.269,0,0,1,1
0.14,0.293,0.272,0,0,1,1
0.14,0.293,0.275,0,0,1,1
0.14,0.293,0.278,0,0,1,1
0.14,0.293,0.281,0,0,1,1
0.14,0.293,0.284,0,0,1,1
0.14,0.293,0.287,0,0,1,1
0.14,0.293,0.29,0,0,1,1
0.14,0.293,0.293,0,0,1,1
0.14,0.293,0.296,0,0,1,1
0.14,0.293,0.299,0,0,1,1
0.14,0.293,0.302,0,0,1,1
0.14,0.293,0.305,0,0,1,1
0.14,0.293,0.308,0,0,1,1
0.14,0.293,0.311,0,0,1,1
0.14,0.293,0.314,0,0,1,1
0.14,0.293,0.317,0,0,1,1
0.14,0.293,0.32,0,0,1,1
0.14,0.293,0.323,0,0,1,1
0.14,0.293,0.326,0,0,1,1
0.14,0.293,0.329,0,0,1,1
0.14,0.293,0.332,0,0,1,1
0.14,0.293,0.335,0,0,1,1
0.14,0.293,0.338,0,0,1,1
0.14,0.293,0.341,0,0,1,1
0.14,0.293,0.344,0,0,1,1
0.14,0.293,0.347,0,0,1,1
0.14,0.293,0.35,0,0,1,1
0.14,0.293,0.353,0,0,1,1
0.14,0.293,0.356,0,0,1,1
0.14,0.293,0.359,0,0,1,1
0.14,0.293,0.362,0,0,1,1
0.14,0.293,0.365,0,0,1,1
0.14,0.293,0.368,0,0,1,1
0.14,0.293,0.371,0,0,1,1
0.14,0.293,0.374,0,0,1,1
0.14,0.293,0.377,0,0,1,1
0.14,0.293,0.38,0,0,1,1
0.14,0.293,0.383,0,0,1,1
0.14,0.293,0.386,0,0,1,1
0.14,0.293,0.389,0,0,1,1
0.14,0.293,0.392,0,0,1,1
0.14,0.293,0.395,0,0,1,1
0.14,0.293,0.398,0,0,1,1
0.14,0.293,0.401,0,0,1,1
0.14,0.293,0.404,0,0,1,1
0.14,0.293,0.407,0,0,1,1
0.14,0.293,0.41,0,0,1,1
0.14,0.293,0.413,0,0,1,1
0.14,0.293,0.416,0,0,1,1
0.14,0.293,0.419,0,0,1,1
0.14,0.293,0.422,0,0,1,1
0.14,0.293,0.425,0,0,1,1
0.14,0.293,0.427999,0,0,1,1
0.14,0.293,0.430999,0,0,1,1
0.14,0.293,0.433999,0,0,1,1
0.14,0.293,0.436999,0,0,1,1
0.14,0.293,0.439999,0,0,1,1
0.14,0.29,0.26,0,0,1,1
0.14,0.29,0.263,0,0,1,1
0.14,0.29,0.266,0,0,1,1
0.14,0.29,0.269,0,0,1,1
0.14,0.29,0.272,0,0,1,1
0.14,0.29,0.275,0,0,1,1
0.14,0.29,0.278,0,0,1,1
0.14,0.29,0.281,0,0,1,1
0.14,0.29,0.284,0,0,1,1
0.14,0.29,0.287,0,0,1,1
0.14,0.29,0.29,0,0,1,1
0.14,0.29,0.293,0,0,1,1
0.14,0.29,0.296,0,0,1,1
0.14,0.29,0.299,0,0,1,1
0.14,0.29,0.302,0,0,1,1
0.14,0.29,0.305,0,0,1,1
0.14,0.29,0.308,0,0,1,1
0.14,0.29,0.311,0,0,1,1
0.14,0.29,0.314,0,0,1,1
0.14,0.29,0.317,0,0,1,1
0.14,0.29,0.32,0,0,1,1
0.14,0.29,0.323,0,0,1,1
0.14,0.29,0.326,0,0,1,1
0.14,0.29,0.329,0,0,1,1
0.14,0.29,0.332,0,0,1,1
0.14,0.29,0.335,0,0,1,1
0.14,0.29,0.338,0,0,1,1
0.14,0.29,0.341,0,0,1,1
0.14,0.29,0.344,0,0,1,1
0.14,0.29,0.347,0,0,1,1
0.14,0.29,0.35,0,0,1,1
0.14,0.29,0.353,0,0,1,1
0.14,0.29,0.356,0,0,1,1
0.14,0.29,0.359,0,0,1,1
0.14,0.29,0.362,0,0,1,1
0.14,0.29,0.365,0,0,1,1
0.14,0.29,0.368,0,0,1,1
0.14,0.29,0.371,0,0,1,1
0.14,0.29,0.374,0,0,1,1
0.14,0.29,0.377,0,0,1,1
0.14,0.29,0.38,0,0,1,1
0.14,0.29,0.383,0,0,1,1
0.14,0.29,0.386,0,0,1,1
0.14,0.29,0.389,0,0,1,1
0.14,0.29,0.392,0,0,1,1
0.14,0.29,0.395,0,0,1,1
0.14,0.29,0.398,0,0,1,1
0.14,0.29,0.401,0,0,1,1
0.14,0.29,0.404,0,0,1,1
0.14,0.29,0.407,0,0,1,1
0.14,0.29,0.41,0,0,1,1
0.14,0.29,0.413,0,0,1,1
0.14,0.29,0.416,0,0,1,1
0.14,0.29,0.419,0,0,1,1
0.14,0.29,0.422,0,0,1,1
0.14,0.29,0.425,0,0,1,1
0.14,0.29,0.427999,0,0,1,1
0.14,0.29,0.430999,0,0,1,1
0.14,0.29,0.433999,0,0,1,1
0.14,0.29,0.436999,0,0,1,1
0.14,0.29,0.439999,0,0,1,1
0.14,0.287,0.26,0,0,1,1
0.14,0.287,0.263,0,0,1,1
0.14,0.287,0.266,0,0,1,1
0.14,0.287,0.269,0,0,1,1
0.14,0.287,0.272,0,0,1,1
0.14,0.287,0.275,0,0,1,1
0.14,0.287,0.278,0,0,1,1
0.14,0.287,0.281,0,0,1,1
0.14,0.287,0.284,0,0,1,1
0.14,0.287,0.287,0,0,1,1
0.14,0.287,0.29,0,0,1,1
0.14,0.287,0.293,0,0,1,1
0.14,0.287,0.296,0,0,1,1
0.14,0.287,0.299,0,0,1,1
0.14,0.287,0.302,0,0,1,1
0.14,0.287,0.305,0,0,1,1
0.14,0.287,0.308,0,0,1,1
0.14,0.287,0.311,0,0,1,1
0.14,0.287,0.314,0,0,1,1
0.14,0.287,0.317,0,0,1,1
0.14,0.287,0.32,0,0,1,1
0.14,0.287,0.323,0,0,1,1
0.14,0.287,0.326,0,0,1,1
0.14,0.287,0.329,0,0,1,1
0.14,0.287,0.332,0,0,1,1
0.14,0.287,0.335,0,0,1,1
0.14,0.287,0.338,0,0,1,1
0.14,0.287,0.341,0,0,1,1
0.14,0.287,0.344,0,0,1,1
0.14,0.287,0.347,0,0,1,1
0.14,0.287,0.35,0,0,1,1
0.14,0.287,0.353,0,0,1,1
0.14,0.287,0.356,0,0,1,1
0.14,0.287,0.359,0,0,1,1
0.14,0.287,0.362,0,0,1,1
0.14,0.287,0.365,0,0,1,1
0.14,0.287,0.368,0,0,1,1
0.14,0.287,0.371,0,0,1,1
0.14,0.287,0.374,0,0,1,1
0.14,0.287,0.377,0,0,1,1
0.14,0.287,0.38,0,0,1,1
0.14,0.287,0.383,0,0,1,1
0.14,0.287,0.386,0,0,1,1
0.14,0.287,0.389,0,0,1,1
0.14,0.287,0.392,0,0,1,1
0.14,0.287,0.395,0,0,1,1
0.14,0.287,0.398,0,0,1,1
0.14,0.287,0.401,0,0,1,1
0.14,0.287,0.404,0,0,1,1
0.14,0.287,0.407,0,0,1,1
0.14,0.287,0.41,0,0,1,1
0.14,0.287,0.413,0,0,1,1
0.14,0.287,0.416,0,0,1,1
0.14,0.287,0.419,0,0,1,1
0.14,0.287,0.422,0,0,1,1
0.14,0.287,0.425,0,0,1,1
0.14,0.287,0.427999,0,0,1,1
0.14,0.287,0.430999,0,0,1,1
0.14,0.287,0.433999,0,0,1,1
0.14,0.287,0.436999,0,0,1,1
0.14,0.287,0.439999,0,0,1,1
0.14,0.284,0.26,0,0,1,1
0.14,0.284,0.263,0,0,1,1
0.14,0.284,0.266,0,0,1,1
0.14,0.284,0.269,0,0,1,1
0.14,0.284,0.272,0,0,1,1
0.14,0.284,0.275,0,0,1,1
0.14,0.284,0.278,0,0,1,1
0.14,0.284,0.281,0,0,1,1
0.14,0.284,0.284,0,0,1,1
0.14,0.284,0.287,0,0,1,1
0.14,0.284,0.29,0,0,1,1
0.14,0.284,0.293,0,0,1,1
0.14,0.284,0.296,0,0,1,1
0.14,0.284,0.299,0,0,1,1
0.14,0.284,0.302,0,0,1,1
0.14,0.284,0.305,0,0,1,1
0.14,0.284,0.308,0,0,1,1
0.14,0.284,0.311,0,0,1,1
0.14,0.284,0.314,0,0,1,1
0.14,0.284,0.317,0,0,1,1
0.14,0.284,0.32,0,0,1,1
0.14,0.284,0.323,0,0,1,1
0.14,0.284,0.326,0,0,1,1
0.14,0.284,0.329,0,0,1,1
0.14,0.284,0.332,0,0,1,1
0.14,0.284,0.335,0,0,1,1
0.14,0.284,0.338,0,0,1,1
0.14,0.284,0.341,0,0,1,1
0.14,0.284,0.344,0,0,1,1
0.14,0.284,0.347,0,0,1,1
0.14,0.284,0.35,0,0,1,1
0.14,0.284,0.353,0,0,1,1
0.14,0.284,0.356,0,0,1,1
0.14,0.284,0.359,0,0,1,1
0.14,0.284,0.362,0,0,1,1
0.14,0.284,0.365,0,0,1,1
0.14,0.284,0.368,0,0,1,1
0.14,0.284,0.371,0,0,1,1
0.14,0.284,0.374,0,0,1,1
0.14,0.284,0.377,0,0,1,1
0.14,0.284,0.38,0,0,1,1
0.14,0.284,0.383,0,0,1,1
0.14,0.284,0.386,0,0,1,1
0.14,0.284,0.389,0,0,1,1
0.14,0.284,0.392,0,0,1,1
0.14,0.284,0.395,0,0,1,1
0.14,0.284,0.398,0,0,1,1
0.14,0.284,0.401,0,0,1,1
0.14,0.284,0.404,0,0,1,1
0.14,0.284,0.407,0,0,1,1
0.14,0.284,0.41,0,0,1,1
0.14,0.284,0.413,0,0,1,1
0.14,0.284,0.416,0,0,1,1
0.14,0.284,0.419,0,0,1,1
0.14,0.284,0.422,0,0,1,1
0.14,0.284,0.425,0,0,1,1
0.14,0.284,0.427999,0,0,1,1
0.14,0.284,0.430999,0,0,1,1
0.14,0.284,0.433999,0,0,1,1
0.14,0.284,0.436999,0,0,1,1
0.14,0.284,0.439999,0,0,1,1
0.14,0.281,0.26,0,0,1,1
0.14,0.281,0.263,0,0,1,1
0.14,0.281,0.266,0,0,1,1
0.14,0.281,0.269,0,0,1,1
0.14,0.281,0.272,0,0,1,1
0.14,0.281,0.275,0,0,1,1
0.14,0.281,0.278,0,0,1,1
0.14,0.281,0.281,0,0,1,1
0.14,0.281,0.284,0,0,1,1
0.14,0.281,0.287,0,0,1,1
0.14,0.281,0.29,0,0,1,1
0.14,0.281,0.293,0,0,1,1
0.14,0.281,0.296,0,0,1,1
0.14,0.281,0.299,0,0,1,1
0.14,0.281,0.302,0,0,1,1
0.14,0.281,0.305,0,0,1,1
0.14,0.281,0.308,0,0,1,1
0.14,0.281,0.311,0,0,1,1
0.14,0.281,0.314,0,0,1,1
0.14,0.281,0.317,0,0,1,1
0.14,0.281,0.32,0,0,1,1
0.14,0.281,0.323,0,0,1,1
0.14,0.281,0.326,0,0,1,1
0.14,0.281,0.329,0,0,1,1
0.14,0.281,0.332,0,0,1,1
0.14,0.281,0.335,0,0,1,1
0.14,0.281,0.338,0,0,1,1
0.14,0.281,0.341,0,0,1,1
0.14,0.281,0.344,0,0,1,1
0.14,0.281,0.347,0,0,1,1
0.14,0.281,0.35,0,0,1,1
0.14,0.281,0.353,0,0,1,1
0.14,0.281,0.356,0,0,1,1
0.14,0.281,0.359,0,0,1,1
0.14,0.281,0.362,0,0,1,1
0.14,0.281,0.365,0,0,1,1
0.14,0.281,0.368,0,0,1,1
0.14,0.281,0.371,0,0,1,1
0.14,0.281,0.374,0,0,1,1
0.14,0.281,0.377,0,0,1,1
0.14,0.281,0.38,0,0,1,1
0.14,0.281,0.383,0,0,1,1
0.14,0.281,0.386,0,0,1,1
0.14,0.281,0.389,0,0,1,1
0.14,0.281,0.392,0,0,1,1
0.14,0.281,0.395,0,0,1,1
0.14,0.281,0.398,0,0,1,1
0.14,0.281,0.401,0,0,1,1
0.14,0.281,0.404,0,0,1,1
0.14,0.281,0.407,0,0,1,1
0.14,0.281,0.41,0,0,1,1
0.14,0.281,0.413,0,0,1,1
0.14,0.281,0.416,0,0,1,1
0.14,0.281,0.419,0,0,1,1
0.14,0.281,0.422,0,0,1,1
0.14,0.281,0.425,0,0,1,1
0.14,0.281,0.427999,0,0,1,1
0.14,0.281,0.430999,0,0,1,1
0.14,0.281,0.433999,0,0,1,1
0.14,0.281,0.436999,0,0,1,1
0.14,0.281,0.439999,0,0,1,1
0.14,0.278,0.26,0,0,1,1
0.14,0.278,0.263,0,0,1,1
0.14,0.278,0.266,0,0,1,1
0.14,0.278,0.269,0,0,1,1
0.14,0.278,0.272,0,0,1,1
0.14,0.278,0.275,0,0,1,1
0.14,0.278,0.278,0,0,1,1
0.14,0.278,0.281,0,0,1,1
0.14,0.278,0.284,0,0,1,1
0.14,0.278,0.287,0,0,1,1
0.14,0.278,0.29,0,0,1,1
0.14,0.278,0.293,0,0,1,1
0.14,0.278,0.296,0,0,1,1
0.14,0.278,0.299,0,0,1,1
0.14,0.278,0.302,0,0,1,1
0.14,0.278,0.305,0,0,1,1
0.14,0.278,0.308,0,0,1,1
0.14,0.278,0.311,0,0,1,1
0.14,0.278,0.314,0,0,1,1
0.14,0.278,0.317,0,0,1,1
0.14,0.278,0.32,0,0,1,1
0.14,0.278,0.323,0,0,1,1
0.14,0.278,0.326,0,0,1,1
0.14,0.278,0.329,0,0,1,1
0.14,0.278,0.332,0,0,1,1
0.14,0.278,0.335,0,0,1,1
0.14,0.278,0.338,0,0,1,1
0.14,0.278,0.341,0,0,1,1
0.14,0.278,0.344,0,0,1,1
0.14,0.278,0.347,0,0,1,1
0.14,0.278,0.35,0,0,1,1
0.14,0.278,0.353,0,0,1,1
0.14,0.278,0.356,0,0,1,1
0.14,0.278,0.359,0,0,1,1
0.14,0.278,0.362,0,0,1,1
0.14,0.278,0.365,0,0,1,1
0.14,0.278,0.368,0,0,1,1
0.14,0.278,0.371,0,0,1,1
0.14,0.278,0.374,0,0,1,1
0.14,0.278,0.377,0,0,1,1
0.14,0.278,0.38,0,0,1,1
0.14,0.278,0.383,0,0,1,1
0.14,0.278,0.386,0,0,1,1
0.14,0.278,0.389,0,0,1,1
0.14,0.278,0.392,0,0,1,1
0.14,0.278,0.395,0,0,1,1
0.14,0.278,0.398,0,0,1,1
0.14,0.278,0.401,0,0,1,1
0.14,0.278,0.404,0,0,1,1
0.14,0.278,0.407,0,0,1,1
0.14,0.278,0.41,0,0,1,1
0.14,0.278,0.413,0,0,1,1
0.14,0.278,0.416,0,0,1,1
0.14,0.278,0.419,0,0,1,1
0.14,0.278,0.422,0,0,1,1
0.14,0.278,0.425,0,0,1,1
0.14,0.278,0.427999,0,0,1,1
0.14,0.278,0.430999,0,0,1,1
0.14,0.278,0.433999,0,0,1,1
0.14,0.278,0.436999,0,0,1,1
0.14,0.278,0.439999,0,0,1,1
0.14,0.275,0.26,0,0,1,1
0.14,0.275,0.263,0,0,1,1
0.14,0.275,0.266,0,0,1,1
0.14,0.275,0.269,0,0,1,1
0.14,0.275,0.272,0,0,1,1
0.14,0.275,0.275,0,0,1,1
0.14,0.275,0.278,0,0,1,1
0.14,0.275,0.281,0,0,1,1
0.14,0.275,0.284,0,0,1,1
0.14,0.275,0.287,0,0,1,1
0.14,0.275,0.29,0,0,1,1
0.14,0.275,0.293,0,0,1,1
0.14,0.275,0.296,0,0,1,1
0.14,0.275,0.299,0,0,1,1
0.14,0.275,0.302,0,0,1,1
0.14,0.275,0.305,0,0,1,1
0.14,0.275,0.308,0,0,1,1
0.14,0.275,0.311,0,0,1,1
0.14,0.275,0.314,0,0,1,1
0.14,0.275,0.317,0,0,1,1
0.14,0.275,0.32,0,0,1,1
0.14,0.275,0.323,0,0,1,1
0.14,0.275,0.326,0,0,1,1
0.14,0.275,0.329,0,0,1,1
0.14,0.275,0.332,0,0,1,1
0.14,0.275,0.335,0,0,1,1
0.14,0.275,0.338,0,0,1,1
0.14,0.275,0.341,0,0,1,1
0.14,0.275,0.344,0,0,1,1
0.14,0.275,0.347,0,0,1,1
0.14,0.275,0.35,0,0,1,1
0.14,0.275,0.353,0,0,1,1
0.14,0.275,0.356,0,0,1,1
0.14,0.275,0.359,0,0,1,1
0.14,0.275,0.362,0,0,1,1
0.14,0.275,0.365,0,0,1,1
0.14,0.275,0.368,0,0,1,1
0.14,0.275,0.371,0,0,1,1
0.14,0.275,0.374,0,0,1,1
0.14,0.275,0.377,0,0,1,1
0.14,0.275,0.38,0,0,1,1
0.14,0.275,0.383,0,0,1,1
0.14,0.275,0.386,0,0,1,1
0.14,0.275,0.389,0,0,1,1
0.14,0.275,0.392,0,0,1,1
0.14,0.275,0.395,0,0,1,1
0.14,0.275,0.398,0,0,1,1
0.14,0.275,0.401,0,0,1,1
0.14,0.275,0.404,0,0,1,1
0.14,0.275,0.407,0,0,1,1
0.14,0.275,0.41,0,0,1,1
0.14,0.275,0.413,0,0,1,1
0.14,0.275,0.416,0,0,1,1
0.14,0.275,0.419,0,0,1,1
0.14,0.275,0.422,0,0,1,1
0.14,0.275,0.425,0,0,1,1
0.14,0.275,0.427999,0,0,1,1
0.14,0.275,0.430999,0,0,1,1
0.14,0.275,0.433999,0,0,1,1
0.14,0.275,0.436999,0,0,1,1
0.14,0.275,0.439999,0,0,1,1
0.14,0.272,0.26,0,0,1,1
0.14,0.272,0.263,0,0,1,1
0.14,0.272,0.266,0,0,1,1
0.14,0.272,0.269,0,0,1,1
0.14,0.272,0.272,0,0,1,1
0.14,0.272,0.275,0,0,1,1
0.14,0.272,0.278,0,0,1,1
0.14,0.272,0.281,0,0,1,1
0.14,0.272,0.284,0,0,1,1
0.14,0.272,0.287,0,0,1,1
0.14,0.272,0.29,0,0,1,1
0.14,0.272,0.293,0,0,1,1
0.14,0.272,0.296,0,0,1,1
0.14,0.272,0.299,0,0,1,1
0.14,0.272,0.302,0,0,1,1
0.14,0.272,0.305,0,0,1,1
0.14,0.272,0.308,0,0,1,1
0.14,0.272,0.311,0,0,1,1
0.14,0.272,0.314,0,0,1,1
0.14,0.272,0.317,0,0,1,1
0.14,0.272,0.32,0,0,1,1
0.14,0.272,0.323,0,0,1,1
0.14,0.272,0.326,0,0,1,1
0.14,0.272,0.329,0,0,1,1
0.14,0.272,0.332,0,0,1,1
0.14,0.272,0.335,0,0,1,1
0.14,0.272,0.338,0,0,1,1
0.14,0.272,0.341,0,0,1,1
0.14,0.272,0.344,0,0,1,1
0.14,0.272,0.347,0,0,1,1
0.14,0.272,0.35,0,0,1,1
0.14,0.272,0.353,0,0,1,1
0.14,0.272,0.356,0,0,1,1
0.14,0.272,0.359,0,0,1,1
0.14,0.272,0.362,0,0,1,1
0.14,0.272,0.365,0,0,1,1
0.14,0.272,0.368,0,0,1,1
0.14,0.272,0.371,0,0,1,1
0.14,0.272,0.374,0,0,1,1
0.14,0.272,0.377,0,0,1,1
0.14,0.272,0.38,0,0,1,1
0.14,0.272,0.383,0,0,1,1
0.14,0.272,0.386,0,0,1,1
0.14,0.272,0.389,0,0,1,1
0.14,0.272,0.392,0,0,1,1
0.14,0.272,0.395,0,0,1,1
0.14,0.272,0.398,0,0,1,1
0.14,0.272,0.401,0,0,1,1
0.14,0.272,0.404,0,0,1,1
0.14,0.272,0.407,0,0,1,1
0.14,0.272,0.41,0,0,1,1
0.14,0.272,0.413,0,0,1,1
0.14,0.272,0.416,0,0,1,1
0.14,0.272,0.419,0,0,1,1
0.14,0.272,0.422,0,0,1,1
0.14,0.272,0.425,0,0,1,1
0.14,0.272,0.427999,0,0,1,1
0.14,0.272,0.430999,0,0,1,1
0.14,0.272,0.433999,0,0,1,1
0.14,0.272,0.436999,0,0,1,1
0.14,0.272,0.439999,0,0,1,1
0.14,0.269,0.26,0,0,1,1
0.14,0.269,0.263,0,0,1,1
0.14,0.269,0.266,0,0,1,1
0.14,0.269,0.269,0,0,1,1
0.14,0.269,0.272,0,0,1,1
0.14,0.269,0.275,0,0,1,1
0.14,0.269,0.278,0,0,1,1
0.14,0.269,0.281,0,0,1,1
0.14,0.269,0.284,0,0,1,1
0.14,0.269,0.287,0,0,1,1
0.14,0.269,0.29,0,0,1,1
0.14,0.269,0.293,0,0,1,1
0.14,0.269,0.296,0,0,1,1
0.14,0.269,0.299,0,0,1,1
0.14,0.269,0.302,0,0,1,1
0.14,0.269,0.305,0,0,1,1
0.14,0.269,0.308,0,0,1,1
0.14,0.269,0.311,0,0,1,1
0.14,0.269,0.314,0,0,1,1
0.14,0.269,0.317,0,0,1,1
0.14,0.269,0.32,0,0,1,1
0.14,0.269,0.323,0,0,1,1
0.14,0.269,0.326,0,0,1,1
0.14,0.269,0.329,0,0,1,1
0.14,0.269,0.332,0,0,1,1
0.14,0.269,0.335,0,0,1,1
0.14,0.269,0.338,0,0,1,1
0.14,0.269,0.341,0,0,1,1
0.14,0.269,0.344,0,0,1,1
0.14,0.269,0.347,0,0,1,1
0.14,0.269,0.35,0,0,1,1
0.14,0.269,0.353,0,0,1,1
0.14,0.269,0.356,0,0,1,1
0.14,0.269,0.359,0,0,1,1
0.14,0.269,0.362,0,0,1,1
0.14,0.269,0.365,0,0,1,1
0.14,0.269,0.368,0,0,1,1
0.14,0.269,0.371,0,0,1,1
0.14,0.269,0.374,0,0,1,1
0.14,0.269,0.377,0,0,1,1
0.14,0.269,0.38,0,0,1,1
0.14,0.269,0.383,0,0,1,1
0.14,0.269,0.386,0,0,1,1
0.14,0.269,0.389,0,0,1,1
0.14,0.269,0.392,0,0,1,1
0.14,0.269,0.395,0,0,1,1
0.14,0.269,0.398,0,0,1,1
0.14,0.269,0.401,0,0,1,1
0.14,0.269,0.404,0,0,1,1
0.14,0.269,0.407,0,0,1,1
0.14,0.269,0.41,0,0,1,1
0.14,0.269,0.413,0,0,1,1
0.14,0.269,0.416,0,0,1,1
0.14,0.269,0.419,0,0,1,1
0.14,0.269,0.422,0,0,1,1
0.14,0.269,0.425,0,0,1,1
0.14,0.269,0.427999,0,0,1,1
0.14,0.269,0.430999,0,0,1,1
0.14,0.269,0.433999,0,0,1,1
0.14,0.269,0.436999,0,0,1,1
0.14,0.269,0.439999,0,0,1,1
0.14,0.41,0.26,0,0,1,1
0.14,0.41,0.263,0,0,1,1
0.14,0.41,0.266,0,0,1,1
0.14,0.41,0.269,0,0,1,1
0.14,0.41,0.272,0,0,1,1
0.14,0.41,0.275,0,0,1,1
0.14,0.41,0.278,0,0,1,1
0.14,0.41,0.281,0,0,1,1
0.14,0.41,0.284,0,0,1,1
0.14,0.41,0.287,0,0,1,1
0.14,0.41,0.29,0,0,1,1
0.14,0.41,0.293,0,0,1,1
0.14,0.41,0.296,0,0,1,1
0.14,0.41,0.299,0,0,1,1
0.14,0.41,0.302,0,0,1,1
0.14,0.41,0.305,0,0,1,1
0.14,0.41,0.308,0,0,1,1
0.14,0.41,0.311,0,0,1,1
0.14,0.41,0.314,0,0,1,1
0.14,0.41,0.317,0,0,1,1
0.14,0.41,0.32,0,0,1,1
0.14,0.41,0.323,0,0,1,1
0.14,0.41,0.326,0,0,1,1
0.14,0.41,0.329,0,0,1,1
0.14,0.41,0.332,0,0,1,1
0.14,0.41,0.335,0,0,1,1
0.14,0.41,0.338,0,0,1,1
0.14,0.41,0.341,0,0,1,1
0.14,0.41,0.344,0,0,1,1
0.14,0.41,0.347,0,0,1,1
0.14,0.41,0.35,0,0,1,1
0.14,0.41,0.353,0,0,1,1
0.14,0.41,0.356,0,0,1,1
0.14,0.41,0.359,0,0,1,1
0.14,0.41,0.362,0,0,1,1
0.14,0.41,0.365,0,0,1,1
0.14,0.41,0.368,0,0,1,1
0.14,0.41,0.371,0,0,1,1
0.14,0.41,0.374,0,0,1,1
0.14,0.41,0.377,0,0,1,1
0.14,0.41,0.38,0,0,1,1
0.14,0.41,0.383,0,0,1,1
0.14,0.41,0.386,0,0,1,1
0.14,0.41,0.389,0,0,1,1
0.14,0.41,0.392,0,0,1,1
0.14,0.41,0.395,0,0,1,1
0.14,0.41,0.398,0,0,1,1
0.14,0.41,0.401,0,0,1,1
0.14,0.41,0.404,0,0,1,1
0.14,0.41,0.407,0,0,1,1
0.14,0.41,0.41,0,0,1,1
0.14,0.41,0.413,0,0,1,1
0.14,0.41,0.416,0,0,1,1
0.14,0.41,0.419,0,0,1,1
0.14,0.41,0.422,0,0,1,1
0.14,0.41,0.425,0,0,1,1
0.14,0.41,0.427999,0,0,1,1
0.14,0.41,0.430999,0,0,1,1
0.14,0.41,0.433999,0,0,1,1
0.14,0.41,0.436999,0,0,1,1
0.14,0.41,0.439999,0,0,1,1
0.143,0.41,0.26,0,0,1,1
0.143,0.41,0.263,0,0,1,1
0.143,0.41,0.266,0,0,1,1
0.143,0.41,0.269,0,0,1,1
0.143,0.41,0.272,0,0,1,1
0.143,0.41,0.275,0,0,1,1
0.143,0.41,0.278,0,0,1,1
0.143,0.41,0.281,0,0,1,1
0.143,0.41,0.284,0,0,1,1
0.143,0.41,0.287,0,0,1,1
0.143,0.41,0.29,0,0,1,1
0.143,0.41,0.293,0,0,1,1
0.143,0.41,0.296,0,0,1,1
0.143,0.41,0.299,0,0,1,1
0.143,0.41,0.302,0,0,1,1
0.143,0.41,0.305,0,0,1,1
0.143,0.41,0.308,0,0,1,1
0.143,0.41,0.311,0,0,1,1
0.143,0.41,0.314,0,0,1,1
0.143,0.41,0.317,0,0,1,1
0.143,0.41,0.32,0,0,1,1
0.143,0.41,0.323,0,0,1,1
0.143,0.41,0.326,0,0,1,1
0.143,0.41,0.329,0,0,1,1
0.143,0.41,0.332,0,0,1,1
0.143,0.41,0.335,0,0,1,1
0.143,0.41,0.338,0,0,1,1
0.143,0.41,0.341,0,0,1,1
0.143,0.41,0.344,0,0,1,1
0.143,0.41,0.347,0,0,1,1
0.143,0.41,0.35,0,0,1,1
0.143,0.41,0.353,0,0,1,1
0.143,0.41,0.356,0,0,1,1
0.143,0.41,0.359,0,0,1,1
0.143,0.41,0.362,0,0,1,1
0.143,0.41,0.365,0,0,1,1
0.143,0.41,0.368,0,0,1,1
0.143,0.41,0.371,0,0,1,1
0.143,0.41,0.374,0,0,1,1
0.143,0.41,0.377,0,0,1,1
0.143,0.41,0.38,0,0,1,1
0.143,0.41,0.383,0,0,1,1
0.143,0.41,0.386,0,0,1,1
0.143,0.41,0.389,0,0,1,1
0.143,0.41,0.392,0,0,1,1
0.143,0.41,0.395,0,0,1,1
0.143,0.41,0.398,0,0,1,1
0.143,0.41,0.401,0,0,1,1
0.143,0.41,0.404,0,0,1,1
0.143,0.41,0.407,0,0,1,1
0.143,0.41,0.41,0,0,1,1
0.143,0.41,0.413,0,0,1,1
0.143,0.41,0.416,0,0,1,1
0.143,0.41,0.419,0,0,1,1
0.143,0.41,0.422,0,0,1,1
0.143,0.41,0.425,0,0,1,1
0.143,0.41,0.427999,0,0,1,1
0.143,0.41,0.430999,0,0,1,1
0.143,0.41,0.433999,0,0,1,1
0.143,0.41,0.436999,0,0,1,1
0.143,0.41,0.439999,0,0,1,1
0.146,0.41,0.26,0,0,1,1
0.146,0.41,0.263,0,0,1,1
0.146,0.41,0.266,0,0,1,1
0.146,0.41,0.269,0,0,1,1
0.146,0.41,0.272,0,0,1,1
0.146,0.41,0.275,0,0,1,1
0.146,0.41,0.278,0,0,1,1
0.146,0.41,0.281,0,0,1,1
0.146,0.41,0.284,0,0,1,1
0.146,0.41,0.287,0,0,1,1
0.146,0.41,0.29,0,0,1,1
0.146,0.41,0.293,0,0,1,1
0.146,0.41,0.296,0,0,1,1
0.146,0.41,0.299,0,0,1,1
0.146,0.41,0.302,0,0,1,1
0.146,0.41,0.305,0,0,1,1
0.146,0.41,0.308,0,0,1,1
0.146,0.41,0.311,0,0,1,1
0.146,0.41,0.314,0,0,1,1
0.146,0.41,0.317,0,0,1,1
0.146,0.41,0.32,0,0,1,1
0.146,0.41,0.323,0,0,1,1
0.146,0.41,0.326,0,0,1,1
0.146,0.41,0.329,0,0,1,1
0.146,0.41,0.332,0,0,1,1
0.146,0.41,0.335,0,0,1,1
0.146,0.41,0.338,0,0,1,1
0.146,0.41,0.341,0,0,1,1
0.146,0.41,0.344,0,0,1,1
0.146,0.41,0.347,0,0,1,1
0.146,0.41,0.35,0,0,1,1
0.146,0.41,0.353,0,0,1,1
0.146,0.41,0.356,0,0,1,1
0.146,0.41,0.359,0,0,1,1
0.146,0.41,0.362,0,0,1,1
0.146,0.41,0.365,0,0,1,1
0.146,0.41,0.368,0,0,1,1
0.146,0.41,0.371,0,0,1,1
0.146,0.41,0.374,0,0,1,1
0.146,0.41,0.377,0,0,1,1
0.146,0.41,0.38,0,0,1,1
0.146,0.41,0.383,0,0,1,1
0.146,0.41,0.386,0,0,1,1
0.146,0.41,0.389,0,0,1,1
0.146,0.41,0.392,0,0,1,1
0.146,0.41,0.395,0,0,1,1
0.146,0.41,0.398,0,0,1,1
0.146,0.41,0.401,0,0,1,1
0.146,0.41,0.404,0,0,1,1
0.146,0.41,0.407,0,0,1,1
0.146,0.41,0.41,0,0,1,1
0.146,0.41,0.413,0,0,1,1
0.146,0.41,0.416,0,0,1,1
0.146,0.41,0.419,0,0,1,1
0.146,0.41,0.422,0,0,1,1
0.146,0.41,0.425,0,0,1,1
0.146,0.41,0.427999,0,0,1,1
0.146,0.41,0.430999,0,0,1,1
0.146,0.41,0.433999,0,0,1,1
0.146,0.41,0.436999,0,0,1,1
0.146,0.41,0.439999,0,0,1,1
0.149,0.41,0.26,0,0,1,1
0.149,0.41,0.263,0,0,1,1
0.149,0.41,0.266,0,0,1,1
0.149,0.41,0.269,0,0,1,1
0.149,0.41,0.272,0,0,1,1
0.149,0.41,0.275,0,0,1,1
0.149,0.41,0.278,0,0,1,1
0.149,0.41,0.281,0,0,1,1
0.149,0.41,0.284,0,0,1,1
0.149,0.41,0.287,0,0,1,1
0.149,0.41,0.29,0,0,1,1
0.149,0.41,0.293,0,0,1,1
0.149,0.41,0.296,0,0,1,1
0.149,0.41,0.299,0,0,1,1
0.149,0.41,0.302,0,0,1,1
0.149,0.41,0.305,0,0,1,1
0.149,0.41,0.308,0,0,1,1
0.149,0.41,0.311,0,0,1,1
0.149,0.41,0.314,0,0,1,1
0.149,0.41,0.317,0,0,1,1
0.149,0.41,0.32,0,0,1,1
0.149,0.41,0.323,0,0,1,1
0.149,0.41,0.326,0,0,1,1
0.149,0.41,0.329,0,0,1,1
0.149,0.41,0.332,0,0,1,1
0.149,0.41,0.335,0,0,1,1
0.149,0.41,0.338,0,0,1,1
0.149,0.41,0.341,0,0,1,1
0.149,0.41,0.344,0,0,1,1
0.149,0.41,0.347,0,0,1,1
0.149,0.41,0.35,0,0,1,1
0.149,0.41,0.353,0,0,1,1
0.149,0.41,0.356,0,0,1,1
0.149,0.41,0.359,0,0,1,1
0.149,0.41,0.362,0,0,1,1
0.149,0.41,0.365,0,0,1,1
0.149,0.41,0.368,0,0,1,1
0.149,0.41,0.371,0,0,1,1
0.149,0.41,0.374,0,0,1,1
0.149,0.41,0.377,0,0,1,1
0.149,0.41,0.38,0,0,1,1
0.149,0.41,0.383,0,0,1,1
0.149,0.41,0.386,0,0,1,1
0.149,0.41,0.389,0,0,1,1
0.149,0.41,0.392,0,0,1,1
0.149,0.41,0.395,0,0,1,1
0.149,0.41,0.398,0,0,1,1
0.149,0.41,0.401,0,0,1,1
0.149,0.41,0.404,0,0,1,1
0.149,0.41,0.407,0,0,1,1
0.149,0.41,0.41,0,0,1,1
0.149,0.41,0.413,0,0,1,1
0.149,0.41,0.416,0,0,1,1
0.149,0.41,0.419,0,0,1,1
0.149,0.41,0.422,0,0,1,1
0.149,0.41,0.425,0,0,1,1
0.149,0.41,0.427999,0,0,1,1
0.149,0.41,0.430999,0,0,1,1
0.149,0.41,0.433999,0,0,1,1
0.149,0.41,0.436999,0,0,1,1
0.149,0.41,0.439999,0,0,1,1
0.152,0.41,0.26,0,0,1,1
0.152,0.41,0.263,0,0,1,1
0.152,0.41,0.266,0,0,1,1
0.152,0.41,0.269,0,0,1,1
0.152,0.41,0.272,0,0,1,1
0.152,0.41,0.275,0,0,1,1
0.152,0.41,0.278,0,0,1,1
0.152,0.41,0.281,0,0,1,1
0.152,0.41,0.284,0,0,1,1
0.152,0.41,0.287,0,0,1,1
0.152,0.41,0.29,0,0,1,1
0.152,0.41,0.293,0,0,1,1
0.152,0.41,0.296,0,0,1,1
0.152,0.41,0.299,0,0,1,1
0.152,0.41,0.302,0,0,1,1
0.152,0.41,0.305,0,0,1,1
0.152,0.41,0.308,0,0,1,1
0.152,0.41,0.311,0,0,1,1
0.152,0.41,0.314,0,0,1,1
0.152,0.41,0.317,0,0,1,1
0.152,0.41,0.32,0,0,1,1
0.152,0.41,0.323,0,0,1,1
0.152,0.41,0.326,0,0,1,1
0.152,0.41,0.329,0,0,1,1
0.152,0.41,0.332,0,0,1,1
0.152,0.41,0.335,0,0,1,1
0.152,0.41,0.338,0,0,1,1
0.152,0.41,0.341,0,0,1,1
0.152,0.41,0.344,0,0,1,1
0.152,0.41,0.347,0,0,1,1
0.152,0.41,0.35,0,0,1,1
0.152,0.41,0.353,0,0,1,1
0.152,0.41,0.356,0,0,1,1
0.152,0.41,0.359,0,0,1,1
0.152,0.41,0.362,0,0,1,1
0.152,0.41,0.365,0,0,1,1
0.152,0.41,0.368,0,0,1,1
0.152,0.41,0.371,0,0,1,1
0.152,0.41,0.374,0,0,1,1
0.152,0.41,0.377,0,0,1,1
0.152,0.41,0.38,0,0,1,1
0.152,0.41,0.383,0,0,1,1
0.152,0.41,0.386,0,0,1,1
0.152,0.41,0.389,0,0,1,1
0.152,0.41,0.392,0,0,1,1
0.152,0.41,0.395,0,0,1,1
0.152,0.41,0.398,0,0,1,1
0.152,0.41,0.401,0,0,1,1
0.152,0.41,0.404,0,0,1,1
0.152,0.41,0.407,0,0,1,1
0.152,0.41,0.41,0,0,1,1
0.152,0.41,0.413,0,0,1,1
0.152,0.41,0.416,0,0,1,1
0.152,0.41,0.419,0,0,1,1
0.152,0.41,0.422,0,0,1,1
0.152,0.41,0.425,0,0,1,1
0.152,0.41,0.427999,0,0,1,1
0.152,0.41,0.430999,0,0,1,1
0.152,0.41,0.433999,0,0,1,1
0.152,0.41,0.436999,0,0,1,1
0.152,0.41,0.439999,0,0,1,1
0.155,0.41,0.26,0,0,1,1
0.155,0.41,0.263,0,0,1,1
0.155,0.41,0.266,0,0,1,1
0.155,0.41,0.269,0,0,1,1
0.155,0.41,0.272,0,0,1,1
0.155,0.41,0.275,0,0,1,1
0.155,0.41,0.278,0,0,1,1
0.155,0.41,0.281,0,0,1,1
0.155,0.41,0.284,0,0,1,1
0.155,0.41,0.287,0,0,1,1
0.155,0.41,0.29,0,0,1,1
0.155,0.41,0.293,0,0,1,1
0.155,0.41,0.296,0,0,1,1
0.155,0.41,0.299,0,0,1,1
0.155,0.41,0.302,0,0,1,1
0.155,0.41,0.305,0,0,1,1
0.155,0.41,0.308,0,0,1,1
0.155,0.41,0.311,0,0,1,1
0.155,0.41,0.314,0,0,1,1
0.155,0.41,0.317,0,0,1,1
0.155,0.41,0.32,0,0,1,1
0.155,0.41,0.323,0,0,1,1
0.155,0.41,0.326,0,0,1,1
0.155,0.41,0.329,0,0,1,1
0.155,0.41,0.332,0,0,1,1
0.155,0.41,0.335,0,0,1,1
0.155,0.41,0.338,0,0,1,1
0.155,0.41,0.341,0,0,1,1
0.155,0.41,0.344,0,0,1,1
0.155,0.41,0.347,0,0,1,1
0.155,0.41,0.35,0,0,1,1
0.155,0.41,0.353,0,0,1,1
0.155,0.41,0.356,0,0,1,1
0.155,0.41,0.359,0,0,1,1
0.155,0.41,0.362,0,0,1,1
0.155,0.41,0.365,0,0,1,1
0.155,0.41,0.368,0,0,1,1
0.155,0.41,0.371,0,0,1,1
0.155,0.41,0.374,0,0,1,1
0.155,0.41,0.377,0,0,1,1
0.155,0.41,0.38,0,0,1,1
0.155,0.41,0.383,0,0,1,1
0.155,0.41,0.386,0,0,1,1
0.155,0.41,0.389,0,0,1,1
0.155,0.41,0.392,0,0,1,1
0.155,0.41,0.395,0,0,1,1
0.155,0.41,0.398,0,0,1,1
0.155,0.41,0.401,0,0,1,1
0.155,0.41,0.404,0,0,1,1
0.155,0.41,0.407,0,0,1,1
0.155,0.41,0.41,0,0,1,1
0.155,0.41,0.413,0,0,1,1
0.155,0.41,0.416,0,0,1,1
0.155,0.41,0.419,0,0,1,1
0.155,0.41,0.422,0,0,1,1
0.155,0.41,0.425,0,0,1,1
0.155,0.41,0.427999,0,0,1,1
0.155,0.41,0.430999,0,0,1,1
0.155,0.41,0.433999,0,0,1,1
0.155,0.41,0.436999,0,0,1,1
0.155,0.41,0.439999,0,0,1,1
0.158,0.41,0.26,0,0,1,1
0.158,0.41,0.263,0,0,1,1
0.158,0.41,0.266,0,0,1,1
0.158,0.41,0.269,0,0,1,1
0.158,0.41,0.272,0,0,1,1
0.158,0.41,0.275,0,0,1,1
0.158,0.41,0.278,0,0,1,1
0.158,0.41,0.281,0,0,1,1
0.158,0.41,0.284,0,0,1,1
0.158,0.41,0.287,0,0,1,1
0.158,0.41,0.29,0,0,1,1
0.158,0.41,0.293,0,0,1,1
0.158,0.41,0.296,0,0,1,1
0.158,0.41,0.299,0,0,1,1
0.158,0.41,0.302,0,0,1,1
0.158,0.41,0.305,0,0,1,1
0.158,0.41,0.308,0,0,1,1
0.158,0.41,0.311,0,0,1,1
0.158,0.41,0.314,0,0,1,1
0.158,0.41,0.317,0,0,1,1
0.158,0.41,0.32,0,0,1,1
0.158,0.41,0.323,0,0,1,1
0.158,0.41,0.326,0,0,1,1
0.158,0.41,0.329,0,0,1,1
0.158,0.41,0.332,0,0,1,1
0.158,0.41,0.335,0,0,1,1
0.158,0.41,0.338,0,0,1,1
0.158,0.41,0.341,0,0,1,1
0.158,0.41,0.344,0,0,1,1
0.158,0.41,0.347,0,0,1,1
0.158,0.41,0.35,0,0,1,1
0.158,0.41,0.353,0,0,1,1
0.158,0.41,0.356,0,0,1,1
0.158,0.41,0.359,0,0,1,1
0.158,0.41,0.362,0,0,1,1
0.158,0.41,0.365,0,0,1,1
0.158,0.41,0.368,0,0,1,1
0.158,0.41,0.371,0,0,1,1
0.158,0.41,0.374,0,0,1,1
0.158,0.41,0.377,0,0,1,1
0.158,0.41,0.38,0,0,1,1
0.158,0.41,0.383,0,0,1,1
0.158,0.41,0.386,0,0,1,1
0.158,0.41,0.389,0,0,1,1
0.158,0.41,0.392,0,0,1,1
0.158,0.41,0.395,0,0,1,1
0.158,0.41,0.398,0,0,1,1
0.158,0.41,0.401,0,0,1,1
0.158,0.41,0.404,0,0,1,1
0.158,0.41,0.407,0,0,1,1
0.158,0.41,0.41,0,0,1,1
0.158,0.41,0.413,0,0,1,1
0.158,0.41,0.416,0,0,1,1
0.158,0.41,0.419,0,0,1,1
0.158,0.41,0.422,0,0,1,1
0.158,0.41,0.425,0,0,1,1
0.158,0.41,0.427999,0,0,1,1
0.158,0.41,0.430999,0,0,1,1
0.158,0.41,0.433999,0,0,1,1
0.158,0.41,0.436999,0,0,1,1
0.158,0.41,0.439999,0,0,1,1
0.161,0.41,0.26,0,0,1,1
0.161,0.41,0.263,0,0,1,1
0.161,0.41,0.266,0,0,1,1
0.161,0.41,0.269,0,0,1,1
0.161,0.41,0.272,0,0,1,1
0.161,0.41,0.275,0,0,1,1
0.161,0.41,0.278,0,0,1,1
0.161,0.41,0.281,0,0,1,1
0.161,0.41,0.284,0,0,1,1
0.161,0.41,0.287,0,0,1,1
0.161,0.41,0.29,0,0,1,1
0.161,0.41,0.293,0,0,1,1
0.161,0.41,0.296,0,0,1,1
0.161,0.41,0.299,0,0,1,1
0.161,0.41,0.302,0,0,1,1
0.161,0.41,0.305,0,0,1,1
0.161,0.41,0.308,0,0,1,1
0.161,0.41,0.311,0,0,1,1
0.161,0.41,0.314,0,0,1,1
0.161,0.41,0.317,0,0,1,1
0.161,0.41,0.32,0,0,1,1
0.161,0.41,0.323,0,0,1,1
0.161,0.41,0.326,0,0,1,1
0.161,0.41,0.329,0,0,1,1
0.161,0.41,0.332,0,0,1,1
0.161,0.41,0.335,0,0,1,1
0.161,0.41,0.338,0,0,1,1
0.161,0.41,0.341,0,0,1,1
0.161,0.41,0.344,0,0,1,1
0.161,0.41,0.347,0,0,1,1
0.161,0.41,0.35,0,0,1,1
0.161,0.41,0.353,0,0,1,1
0.161,0.41,0.356,0,0,1,1
0.161,0.41,0.359,0,0,1,1
0.161,0.41,0.362,0,0,1,1
0.161,0.41,0.365,0,0,1,1
0.161,0.41,0.368,0,0,1,1
0.161,0.41,0.371,0,0,1,1
0.161,0.41,0.374,0,0,1,1
0.161,0.41,0.377,0,0,1,1
0.161,0.41,0.38,0,0,1,1
0.161,0.41,0.383,0,0,1,1
0.161,0.41,0.386,0,0,1,1
0.161,0.41,0.389,0,0,1,1
0.161,0.41,0.392,0,0,1,1
0.161,0.41,0.395,0,0,1,1
0.161,0.41,0.398,0,0,1,1
0.161,0.41,0.401,0,0,1,1
0.161,0.41,0.404,0,0,1,1
0.161,0.41,0.407,0,0,1,1
0.161,0.41,0.41,0,0,1,1
0.161,0.41,0.413,0,0,1,1
0.161,0.41,0.416,0,0,1,1
0.161,0.41,0.419,0,0,1,1
0.161,0.41,0.422,0,0,1,1
0.161,0.41,0.425,0,0,1,1
0.161,0.41,0.427999,0,0,1,1
0.161,0.41,0.430999,0,0,1,1
0.161,0.41,0.433999,0,0,1,1
0.161,0.41,0.436999,0,0,1,1
0.161,0.41,0.439999,0,0,1,1
0.164,0.41,0.26,0,0,1,1
0.164,0.41,0.263,0,0,1,1
0.164,0.41,0.266,0,0,1,1
0.164,0.41,0.269,0,0,1,1
0.164,0.41,0.272,0,0,1,1
0.164,0.41,0.275,0,0,1,1
0.164,0.41,0.278,0,0,1,1
0.164,0.41,0.281,0,0,1,1
0.164,0.41,0.284,0,0,1,1
0.164,0.41,0.287,0,0,1,1
0.164,0.41,0.29,0,0,1,1
0.164,0.41,0.293,0,0,1,1
0.164,0.41,0.296,0,0,1,1
0.164,0.41,0.299,0,0,1,1
0.164,0.41,0.302,0,0,1,1
0.164,0.41,0.305,0,0,1,1
0.164,0.41,0.308,0,0,1,1
0.164,0.41,0.311,0,0,1,1
0.164,0.41,0.314,0,0,1,1
0.164,0.41,0.317,0,0,1,1
0.164,0.41,0.32,0,0,1,1
0.164,0.41,0.323,0,0,1,1
0.164,0.41,0.326,0,0,1,1
0.164,0.41,0.329,0,0,1,1
0.164,0.41,0.332,0,0,1,1
0.164,0.41,0.335,0,0,1,1
0.164,0.41,0.338,0,0,1,1
0.164,0.41,0.341,0,0,1,1
0.164,0.41,0.344,0,0,1,1
0.164,0.41,0.347,0,0,1,1
0.164,0.41,0.35,0,0,1,1
0.164,0.41,0.353,0,0,1,1
0.164,0.41,0.356,0,0,1,1
0.164,0.41,0.359,0,0,1,1
0.164,0.41,0.362,0,0,1,1
0.164,0.41,0.365,0,0,1,1
0.164,0.41,0.368,0,0,1,1
0.164,0.41,0.371,0,0,1,1
0.164,0.41,0.374,0,0,1,1
0.164,0.41,0.377,0,0,1,1
0.164,0.41,0.38,0,0,1,1
0.164,0.41,0.383,0,0,1,1
0.164,0.41,0.386,0,0,1,1
0.164,0.41,0.389,0,0,1,1
0.164,0.41,0.392,0,0,1,1
0.164,0.41,0.395,0,0,1,1
0.164,0.41,0.398,0,0,1,1
0.164,0.41,0.401,0,0,1,1
0.164,0.41,0.404,0,0,1,1
0.164,0.41,0.407,0,0,1,1
0.164,0.41,0.41,0,0,1,1
0.164,0.41,0.413,0,0,1,1
0.164,0.41,0.416,0,0,1,1
0.164,0.41,0.419,0,0,1,1
0.164,0.41,0.422,0,0,1,1
0.164,0.41,0.425,0,0,1,1
0.164,0.41,0.427999,0,0,1,1
0.164,0.41,0.430999,0,0,1,1
0.164,0.41,0.433999,0,0,1,1
0.164,0.41,0.436999,0,0,1,1
0.164,0.41,0.439999,0,0,1,1
0.167,0.41,0.26,0,0,1,1
0.167,0.41,0.263,0,0,1,1
0.167,0.41,0.266,0,0,1,1
0.167,0.41,0.269,0,0,1,1
0.167,0.41,0.272,0,0,1,1
0.167,0.41,0.275,0,0,1,1
0.167,0.41,0.278,0,0,1,1
0.167,0.41,0.281,0,0,1,1
0.167,0.41,0.284,0,0,1,1
0.167,0.41,0.287,0,0,1,1
0.167,0.41,0.29,0,0,1,1
0.167,0.41,0.293,0,0,1,1
0.167,0.41,0.296,0,0,1,1
0.167,0.41,0.299,0,0,1,1
0.167,0.41,0.302,0,0,1,1
0.167,0.41,0.305,0,0,1,1
0.167,0.41,0.308,0,0,1,1
0.167,0.41,0.311,0,0,1,1
0.167,0.41,0.314,0,0,1,1
0.167,0.41,0.317,0,0,1,1
0.167,0.41,0.32,0,0,1,1
0.167,0.41,0.323,0,0,1,1
0.167,0.41,0.326,0,0,1,1
0.167,0.41,0.329,0,0,1,1
0.167,0.41,0.332,0,0,1,1
0.167,0.41,0.335,0,0,1,1
0.167,0.41,0.338,0,0,1,1
0.167,0.41,0.341,0,0,1,1
0.167,0.41,0.344,0,0,1,1
0.167,0.41,0.347,0,0,1,1
0.167,0.41,0.35,0,0,1,1
0.167,0.41,0.353,0,0,1,1
0.167,0.41,0.356,0,0,1,1
0.167,0.41,0.359,0,0,1,1
0.167,0.41,0.362,0,0,1,1
0.167,0.41,0.365,0,0,1,1
0.167,0.41,0.368,0,0,1,1
0.167,0.41,0.371,0,0,1,1
0.167,0.41,0.374,0,0,1,1
0.167,0.41,0.377,0,0,1,1
0.167,0.41,0.38,0,0,1,1
0.167,0.41,0.383,0,0,1,1
0.167,0.41,0.386,0,0,1,1
0.167,0.41,0.389,0,0,1,1
0.167,0.41,0.392,0,0,1,1
0.167,0.41,0.395,0,0,1,1
0.167,0.41,0.398,0,0,1,1
0.167,0.41,0.401,0,0,1,1
0.167,0.41,0.404,0,0,1,1
0.167,0.41,0.407,0,0,1,1
0.167,0.41,0.41,0,0,1,1
0.167,0.41,0.413,0,0,1,1
0.167,0.41,0.416,0,0,1,1
0.167,0.41,0.419,0,0,1,1
0.167,0.41,0.422,0,0,1,1
0.167,0.41,0.425,0,0,1,1
0.167,0.41,0.427999,0,0,1,1
0.167,0.41,0.430999,0,0,1,1
0.167,0.41,0.433999,0,0,1,1
0.167,0.41,0.436999,0,0,1,1
0.167,0.41,0.439999,0,0,1,1
0.17,0.41,0.26,0,0,1,1
0.17,0.41,0.263,0,0,1,1
0.17,0.41,0.266,0,0,1,1
0.17,0.41,0.269,0,0,1,1
0.17,0.41,0.272,0,0,1,1
0.17,0.41,0.275,0,0,1,1
0.17,0.41,0.278,0,0,1,1
0.17,0.41,0.281,0,0,1,1
0.17,0.41,0.284,0,0,1,1
0.17,0.41,0.287,0,0,1,1
0.17,0.41,0.29,0,0,1,1
0.17,0.41,0.293,0,0,1,1
0.17,0.41,0.296,0,0,1,1
0.17,0.41,0.299,0,0,1,1
0.17,0.41,0.302,0,0,1,1
0.17,0.41,0.305,0,0,1,1
0.17,0.41,0.308,0,0,1,1
0.17,0.41,0.311,0,0,1,1
0.17,0.41,0.314,0,0,1,1
0.17,0.41,0.317,0,0,1,1
0.17,0.41,0.32,0,0,1,1
0.17,0.41,0.323,0,0,1,1
0.17,0.41,0.326,0,0,1,1
0.17,0.41,0.329,0,0,1,1
0.17,0.41,0.332,0,0,1,1
0.17,0.41,0.335,0,0,1,1
0.17,0.41,0.338,0,0,1,1
0.17,0.41,0.341,0,0,1,1
0.17,0.41,0.344,0,0,1,1
0.17,0.41,0.347,0,0,1,1
0.17,0.41,0.35,0,0,1,1
0.17,0.41,0.353,0,0,1,1
0.17,0.41,0.356,0,0,1,1
0.17,0.41,0.359,0,0,1,1
0.17,0.41,0.362,0,0,1,1
0.17,0.41,0.365,0,0,1,1
0.17,0.41,0.368,0,0,1,1
0.17,0.41,0.371,0,0,1,1
0.17,0.41,0.374,0,0,1,1
0.17,0.41,0.377,0,0,1,1
0.17,0.41,0.38,0,0,1,1
0.17,0.41,0.383,0,0,1,1
0.17,0.41,0.386,0,0,1,1
0.17,0.41,0.389,0,0,1,1
0.17,0.41,0.392,0,0,1,1
0.17,0.41,0.395,0,0,1,1
0.17,0.41,0.398,0,0,1,1
0.17,0.41,0.401,0,0,1,1
0.17,0.41,0.404,0,0,1,1
0.17,0.41,0.407,0,0,1,1
0.17,0.41,0.41,0,0,1,1
0.17,0.41,0.413,0,0,1,1
0.17,0.41,0.416,0,0,1,1
0.17,0.41,0.419,0,0,1,1
0.17,0.41,0.422,0,0,1,1
0.17,0.41,0.425,0,0,1,1
0.17,0.41,0.427999,0,0,1,1
0.17,0.41,0.430999,0,0,1,1
0.17,0.41,0.433999,0,0,1,1
0.17,0.41,0.436999,0,0,1,1
0.17,0.41,0.439999,0,0,1,1
0.173,0.41,0.26,0,0,1,1
0.173,0.41,0.263,0,0,1,1
0.173,0.41,0.266,0,0,1,1
0.173,0.41,0.269,0,0,1,1
0.173,0.41,0.272,0,0,1,1
0.173,0.41,0.275,0,0,1,1
0.173,0.41,0.278,0,0,1,1
0.173,0.41,0.281,0,0,1,1
0.173,0.41,0.284,0,0,1,1
0.173,0.41,0.287,0,0,1,1
0.173,0.41,0.29,0,0,1,1
0.173,0.41,0.293,0,0,1,1
0.173,0.41,0.296,0,0,1,1
0.173,0.41,0.299,0,0,1,1
0.173,0.41,0.302,0,0,1,1
0.173,0.41,0.305,0,0,1,1
0.173,0.41,0.308,0,0,1,1
0.173,0.41,0.311,0,0,1,1
0.173,0.41,0.314,0,0,1,1
0.173,0.41,0.317,0,0,1,1
0.173,0.41,0.32,0,0,1,1
0.173,0.41,0.323,0,0,1,1
0.173,0.41,0.326,0,0,1,1
0.173,0.41,0.329,0,0,1,1
0.173,0.41,0.332,0,0,1,1
0.173,0.41,0.335,0,0,1,1
0.173,0.41,0.338,0,0,1,1
0.173,0.41,0.341,0,0,1,1
0.173,0.41,0.344,0,0,1,1
0.173,0.41,0.347,0,0,1,1
0.173,0.41,0.35,0,0,1,1
0.173,0.41,0.353,0,0,1,1
0.173,0.41,0.356,0,0,1,1
0.173,0.41,0.359,0,0,1,1
0.173,0.41,0.362,0,0,1,1
0.173,0.41,0.365,0,0,1,1
0.173,0.41,0.368,0,0,1,1
0.173,0.41,0.371,0,0,1,1
0.173,0.41,0.374,0,0,1,1
0.173,0.41,0.377,0,0,1,1
0.173,0.41,0.38,0,0,1,1
0.173,0.41,0.383,0,0,1,1
0.173,0.41,0.386,0,0,1,1
0.173,0.41,0.389,0,0,1,1
0.173,0.41,0.392,0,0,1,1
0.173,0.41,0.395,0,0,1,1
0.173,0.41,0.398,0,0,1,1
0.173,0.41,0.401,0,0,1,1
0.173,0.41,0.404,0,0,1,1
0.173,0.41,0.407,0,0,1,1
0.173,0.41,0.41,0,0,1,1
0.173,0.41,0.413,0,0,1,1
0.173,0.41,0.416,0,0,1,1
0.173,0.41,0.419,0,0,1,1
0.173,0.41,0.422,0,0,1,1
0.173,0.41,0.425,0,0,1,1
0.173,0.41,0.427999,0,0,1,1
0.173,0.41,0.430999,0,0,1,1
0.173,0.41,0.433999,0,0,1,1
0.173,0.41,0.436999,0,0,1,1
0.173,0.41,0.439999,0,0,1,1
0.176,0.41,0.26,0,0,1,1
0.176,0.41,0.263,0,0,1,1
0.176,0.41,0.266,0,0,1,1
0.176,0.41,0.269,0,0,1,1
0.176,0.41,0.272,0,0,1,1
0.176,0.41,0.275,0,0,1,1
0.176,0.41,0.278,0,0,1,1
0.176,0.41,0.281,0,0,1,1
0.176,0.41,0.284,0,0,1,1
0.176,0.41,0.287,0,0,1,1
0.176,0.41,0.29,0,0,1,1
0.176,0.41,0.293,0,0,1,1
0.176,0.41,0.296,0,0,1,1
0.176,0.41,0.299,0,0,1,1
0.176,0.41,0.302,0,0,1,1
0.176,0.41,0.305,0,0,1,1
0.176,0.41,0.308,0,0,1,1
0.176,0.41,0.311,0,0,1,1
0.176,0.41,0.314,0,0,1,1
0.176,0.41,0.317,0,0,1,1
0.176,0.41,0.32,0,0,1,1
0.176,0.41,0.323,0,0,1,1
0.176,0.41,0.326,0,0,1,1
0.176,0.41,0.329,0,0,1,1
0.176,0.41,0.332,0,0,1,1
0.176,0.41,0.335,0,0,1,1
0.176,0.41,0.338,0,0,1,1
0.176,0.41,0.341,0,0,1,1
0.176,0.41,0.344,0,0,1,1
0.176,0.41,0.347,0,0,1,1
0.176,0.41,0.35,0,0,1,1
0.176,0.41,0.353,0,0,1,1
0.176,0.41,0.356,0,0,1,1
0.176,0.41,0.359,0,0,1,1
0.176,0.41,0.362,0,0,1,1
0.176,0.41,0.365,0,0,1,1
0.176,0.41,0.368,0,0,1,1
0.176,0.41,0.371,0,0,1,1
0.176,0.41,0.374,0,0,1,1
0.176,0.41,0.377,0,0,1,1
0.176,0.41,0.38,0,0,1,1
0.176,0.41,0.383,0,0,1,1
0.176,0.41,0.386,0,0,1,1
0.176,0.41,0.389,0,0,1,1
0.176,0.41,0.392,0,0,1,1
0.176,0.41,0.395,0,0,1,1
0.176,0.41,0.398,0,0,1,1
0.176,0.41,0.401,0,0,1,1
0.176,0.41,0.404,0,0,1,1
0.176,0.41,0.407,0,0,1,1
0.176,0.41,0.41,0,0,1,1
0.176,0.41,0.413,0,0,1,1
0.176,0.41,0.416,0,0,1,1
0.176,0.41,0.419,0,0,1,1
0.176,0.41,0.422,0,0,1,1
0.176,0.41,0.425,0,0,1,1
0.176,0.41,0.427999,0,0,1,1
0.176,0.41,0.430999,0,0,1,1
0.176,0.41,0.433999,0,0,1,1
0.176,0.41,0.436999,0,0,1,1
0.176,0.41,0.439999,0,0,1,1
0.179,0.41,0.26,0,0,1,1
0.179,0.41,0.263,0,0,1,1
0.179,0.41,0.266,0,0,1,1
0.179,0.41,0.269,0,0,1,1
0.179,0.41,0.272,0,0,1,1
0.179,0.41,0.275,0,0,1,1
0.179,0.41,0.278,0,0,1,1
0.179,0.41,0.281,0,0,1,1
0.179,0.41,0.284,0,0,1,1
0.179,0.41,0.287,0,0,1,1
0.179,0.41,0.29,0,0,1,1
0.179,0.41,0.293,0,0,1,1
0.179,0.41,0.296,0,0,1,1
0.179,0.41,0.299,0,0,1,1
0.179,0.41,0.302,0,0,1,1
0.179,0.41,0.305,0,0,1,1
0.179,0.41,0.308,0,0,1,1
0.179,0.41,0.311,0,0,1,1
0.179,0.41,0.314,0,0,1,1
0.179,0.41,0.317,0,0,1,1
0.179,0.41,0.32,0,0,1,1
0.179,0.41,0.323,0,0,1,1
0.179,0.41,0.326,0,0,1,1
0.179,0.41,0.329,0,0,1,1
0.179,0.41,0.332,0,0,1,1
0.179,0.41,0.335,0,0,1,1
0.179,0.41,0.338,0,0,1,1
0.179,0.41,0.341,0,0,1,1
0.179,0.41,0.344,0,0,1,1
0.179,0.41,0.347,0,0,1,1
0.179,0.41,0.35,0,0,1,1
0.179,0.41,0.353,0,0,1,1
0.179,0.41,0.356,0,0,1,1
0.179,0.41,0.359,0,0,1,1
0.179,0.41,0.362,0,0,1,1
0.179,0.41,0.365,0,0,1,1
0.179,0.41,0.368,0,0,1,1
0.179,0.41,0.371,0,0,1,1
0.179,0.41,0.374,0,0,1,1
0.179,0.41,0.377,0,0,1,1
0.179,0.41,0.38,0,0,1,1
0.179,0.41,0.383,0,0,1,1
0.179,0.41,0.386,0,0,1,1
0.179,0.41,0.389,0,0,1,1
0.179,0.41,0.392,0,0,1,1
0.179,0.41,0.395,0,0,1,1
0.179,0.41,0.398,0,0,1,1
0.179,0.41,0.401,0,0,1,1
0.179,0.41,0.404,0,0,1,1
0.179,0.41,0.407,0,0,1,1
0.179,0.41,0.41,0,0,1,1
0.179,0.41,0.413,0,0,1,1
0.179,0.41,0.416,0,0,1,1
0.179,0.41,0.419,0,0,1,1
0.179,0.41,0.422,0,0,1,1
0.179,0.41,0.425,0,0,1,1
0.179,0.41,0.427999,0,0,1,1
0.179,0.41,0.430999,0,0,1,1
0.179,0.41,0.433999,0,0,1,1
0.179,0.41,0.436999,0,0,1,1
0.179,0.41,0.439999,0,0,1,1
0.182,0.41,0.26,0,0,1,1
0.182,0.41,0.263,0,0,1,1
0.182,0.41,0.266,0,0,1,1
0.182,0.41,0.269,0,0,1,1
0.182,0.41,0.272,0,0,1,1
0.182,0.41,0.275,0,0,1,1
0.182,0.41,0.278,0,0,1,1
0.182,0.41,0.281,0,0,1,1
0.182,0.41,0.284,0,0,1,1
0.182,0.41,0.287,0,0,1,1
0.182,0.41,0.29,0,0,1,1
0.182,0.41,0.293,0,0,1,1
0.182,0.41,0.296,0,0,1,1
0.182,0.41,0.299,0,0,1,1
0.182,0.41,0.302,0,0,1,1
0.182,0.41,0.305,0,0,1,1
0.182,0.41,0.308,0,0,1,1
0.182,0.41,0.311,0,0,1,1
0.182,0.41,0.314,0,0,1,1
0.182,0.41,0.317,0,0,1,1
0.182,0.41,0.32,0,0,1,1
0.182,0.41,0.323,0,0,1,1
0.182,0.41,0.326,0,0,1,1
0.182,0.41,0.329,0,0,1,1
0.182,0.41,0.332,0,0,1,1
0.182,0.41,0.335,0,0,1,1
0.182,0.41,0.338,0,0,1,1
0.182,0.41,0.341,0,0,1,1
0.182,0.41,0.344,0,0,1,1
0.182,0.41,0.347,0,0,1,1
0.182,0.41,0.35,0,0,1,1
0.182,0.41,0.353,0,0,1,1
0.182,0.41,0.356,0,0,1,1
0.182,0.41,0.359,0,0,1,1
0.182,0.41,0.362,0,0,1,1
0.182,0.41,0.365,0,0,1,1
0.182,0.41,0.368,0,0,1,1
0.182,0.41,0.371,0,0,1,1
0.182,0.41,0.374,0,0,1,1
0.182,0.41,0.377,0,0,1,1
0.182,0.41,0.38,0,0,1,1
0.182,0.41,0.383,0,0,1,1
0.182,0.41,0.386,0,0,1,1
0.182,0.41,0.389,0,0,1,1
0.182,0.41,0.392,0,0,1,1
0.182,0.41,0.395,0,0,1,1
0.182,0.41,0.398,0,0,1,1
0.182,0.41,0.401,0,0,1,1
0.182,0.41,0.404,0,0,1,1
0.182,0.41,0.407,0,0,1,1
0.182,0.41,0.41,0,0,1,1
0.182,0.41,0.413,0,0,1,1
0.182,0.41,0.416,0,0,1,1
0.182,0.41,0.419,0,0,1,1
0.182,0.41,0.422,0,0,1,1
0.182,0.41,0.425,0,0,1,1
0.182,0.41,0.427999,0,0,1,1
0.182,0.41,0.430999,0,0,1,1
0.182,0.41,0.433999,0,0,1,1
0.182,0.41,0.436999,0,0,1,1
0.182,0.41,0.439999,0,0,1,1
0.185,0.41,0.26,0,0,1,1
0.185,0.41,0.263,0,0,1,1
0.185,0.41,0.266,0,0,1,1
0.185,0.41,0.269,0,0,1,1
0.185,0.41,0.272,0,0,1,1
0.185,0.41,0.275,0,0,1,1
0.185,0.41,0.278,0,0,1,1
0.185,0.41,0.281,0,0,1,1
0.185,0.41,0.284,0,0,1,1
0.185,0.41,0.287,0,0,1,1
0.185,0.41,0.29,0,0,1,1
0.185,0.41,0.293,0,0,1,1
0.185,0.41,0.296,0,0,1,1
0.185,0.41,0.299,0,0,1,1
0.185,0.41,0.302,0,0,1,1
0.185,0.41,0.305,0,0,1,1
0.185,0.41,0.308,0,0,1,1
0.185,0.41,0.311,0,0,1,1
0.185,0.41,0.314,0,0,1,1
0.185,0.41,0.317,0,0,1,1
0.185,0.41,0.32,0,0,1,1
0.185,0.41,0.323,0,0,1,1
0.185,0.41,0.326,0,0,1,1
0.185,0.41,0.329,0,0,1,1
0.185,0.41,0.332,0,0,1,1
0.185,0.41,0.335,0,0,1,1
0.185,0.41,0.338,0,0,1,1
0.185,0.41,0.341,0,0,1,1
0.185,0.41,0.344,0,0,1,1
0.185,0.41,0.347,0,0,1,1
0.185,0.41,0.35,0,0,1,1
0.185,0.41,0.353,0,0,1,1
0.185,0.41,0.356,0,0,1,1
0.185,0.41,0.359,0,0,1,1
0.185,0.41,0.362,0,0,1,1
0.185,0.41,0.365,0,0,1,1
0.185,0.41,0.368,0,0,1,1
0.185,0.41,0.371,0,0,1,1
0.185,0.41,0.374,0,0,1,1
0.185,0.41,0.377,0,0,1,1
0.185,0.41,0.38,0,0,1,1
0.185,0.41,0.383,0,0,1,1
0.185,0.41,0.386,0,0,1,1
0.185,0.41,0.389,0,0,1,1
0.185,0.41,0.392,0,0,1,1
0.185,0.41,0.395,0,0,1,1
0.185,0.41,0.398,0,0,1,1
0.185,0.41,0.401,0,0,1,1
0.185,0.41,0.404,0,0,1,1
0.185,0.41,0.407,0,0,1,1
0.185,0.41,0.41,0,0,1,1
0.185,0.41,0.413,0,0,1,1
0.185,0.41,0.416,0,0,1,1
0.185,0.41,0.419,0,0,1,1
0.185,0.41,0.422,0,0,1,1
0.185,0.41,0.425,0,0,1,1
0.185,0.41,0.427999,0,0,1,1
0.185,0.41,0.430999,0,0,1,1
0.185,0.41,0.433999,0,0,1,1
0.185,0.41,0.436999,0,0,1,1
0.185,0.41,0.439999,0,0,1,1
0.188,0.41,0.26,0,0,1,1
0.188,0.41,0.263,0,0,1,1
0.188,0.41,0.266,0,0,1,1
0.188,0.41,0.269,0,0,1,1
0.188,0.41,0.272,0,0,1,1
0.188,0.41,0.275,0,0,1,1
0.188,0.41,0.278,0,0,1,1
0.188,0.41,0.281,0,0,1,1
0.188,0.41,0.284,0,0,1,1
0.188,0.41,0.287,0,0,1,1
0.188,0.41,0.29,0,0,1,1
0.188,0.41,0.293,0,0,1,1
0.188,0.41,0.296,0,0,1,1
0.188,0.41,0.299,0,0,1,1
0.188,0.41,0.302,0,0,1,1
0.188,0.41,0.305,0,0,1,1
0.188,0.41,0.308,0,0,1,1
0.188,0.41,0.311,0,0,1,1
0.188,0.41,0.314,0,0,1,1
0.188,0.41,0.317,0,0,1,1
0.188,0.41,0.32,0,0,1,1
0.188,0.41,0.323,0,0,1,1
0.188,0.41,0.326,0,0,1,1
0.188,0.41,0.329,0,0,1,1
0.188,0.41,0.332,0,0,1,1
0.188,0.41,0.335,0,0,1,1
0.188,0.41,0.338,0,0,1,1
0.188,0.41,0.341,0,0,1,1
0.188,0.41,0.344,0,0,1,1
0.188,0.41,0.347,0,0,1,1
0.188,0.41,0.35,0,0,1,1
0.188,0.41,0.353,0,0,1,1
0.188,0.41,0.356,0,0,1,1
0.188,0.41,0.359,0,0,1,1
0.188,0.41,0.362,0,0,1,1
0.188,0.41,0.365,0,0,1,1
0.188,0.41,0.368,0,0,1,1
0.188,0.41,0.371,0,0,1,1
0.188,0.41,0.374,0,0,1,1
0.188,0.41,0.377,0,0,1,1
0.188,0.41,0.38,0,0,1,1
0.188,0.41,0.383,0,0,1,1
0.188,0.41,0.386,0,0,1,1
0.188,0.41,0.389,0,0,1,1
0.188,0.41,0.392,0,0,1,1
0.188,0.41,0.395,0,0,1,1
0.188,0.41,0.398,0,0,1,1
0.188,0.41,0.401,0,0,1,1
0.188,0.41,0.404,0,0,1,1
0.188,0.41,0.407,0,0,1,1
0.188,0.41,0.41,0,0,1,1
0.188,0.41,0.413,0,0,1,1
0.188,0.41,0.416,0,0,1,1
0.188,0.41,0.419,0,0,1,1
0.188,0.41,0.422,0,0,1,1
0.188,0.41,0.425,0,0,1,1
0.188,0.41,0.427999,0,0,1,1
0.188,0.41,0.430999,0,0,1,1
0.188,0.41,0.433999,0,0,1,1
0.188,0.41,0.436999,0,0,1,1
0.188,0.41,0.439999,0,0,1,1
0.191,0.41,0.26,0,0,1,1
0.191,0.41,0.263,0,0,1,1
0.191,0.41,0.266,0,0,1,1
0.191,0.41,0.269,0,0,1,1
0.191,0.41,0.272,0,0,1,1
0.191,0.41,0.275,0,0,1,1
0.191,0.41,0.278,0,0,1,1
0.191,0.41,0.281,0,0,1,1
0.191,0.41,0.284,0,0,1,1
0.191,0.41,0.287,0,0,1,1
0.191,0.41,0.29,0,0,1,1
0.191,0.41,0.293,0,0,1,1
0.191,0.41,0.296,0,0,1,1
0.191,0.41,0.299,0,0,1,1
0.191,0.41,0.302,0,0,1,1
0.191,0.41,0.305,0,0,1,1
0.191,0.41,0.308,0,0,1,1
0.191,0.41,0.311,0,0,1,1
0.191,0.41,0.314,0,0,1,1
0.191,0.41,0.317,0,0,1,1
0.191,0.41,0.32,0,0,1,1
0.191,0.41,0.323,0,0,1,1
0.191,0.41,0.326,0,0,1,1
0.191,0.41,0.329,0,0,1,1
0.191,0.41,0.332,0,0,1,1
0.191,0.41,0.335,0,0,1,1
0.191,0.41,0.338,0,0,1,1
0.191,0.41,0.341,0,0,1,1
0.191,0.41,0.344,0,0,1,1
0.191,0.41,0.347,0,0,1,1
0.191,0.41,0.35,0,0,1,1
0.191,0.41,0.353,0,0,1,1
0.191,0.41,0.356,0,0,1,1
0.191,0.41,0.359,0,0,1,1
0.191,0.41,0.362,0,0,1,1
0.191,0.41,0.365,0,0,1,1
0.191,0.41,0.368,0,0,1,1
0.191,0.41,0.371,0,0,1,1
0.191,0.41,0.374,0,0,1,1
0.191,0.41,0.377,0,0,1,1
0.191,0.41,0.38,0,0,1,1
0.191,0.41,0.383,0,0,1,1
0.191,0.41,0.386,0,0,1,1
0.191,0.41,0.389,0,0,1,1
0.191,0.41,0.392,0,0,1,1
0.191,0.41,0.395,0,0,1,1
0.191,0.41,0.398,0,0,1,1
0.191,0.41,0.401,0,0,1,1
0.191,0.41,0.404,0,0,1,1
0.191,0.41,0.407,0,0,1,1
0.191,0.41,0.41,0,0,1,1
0.191,0.41,0.413,0,0,1,1
0.191,0.41,0.416,0,0,1,1
0.191,0.41,0.419,0,0,1,1
0.191,0.41,0.422,0,0,1,1
0.191,0.41,0.425,0,0,1,1
0.191,0.41,0.427999,0,0,1,1
0.191,0.41,0.430999,0,0,1,1
0.191,0.41,0.433999,0,0,1,1
0.191,0.41,0.436999,0,0,1,1
0.191,0.41,0.439999,0,0,1,1
0.194,0.41,0.26,0,0,1,1
0.194,0.41,0.263,0,0,1,1
0.194,0.41,0.266,0,0,1,1
0.194,0.41,0.269,0,0,1,1
0.194,0.41,0.272,0,0,1,1
0.194,0.41,0.275,0,0,1,1
0.194,0.41,0.278,0,0,1,1
0.194,0.41,0.281,0,0,1,1
0.194,0.41,0.284,0,0,1,1
0.194,0.41,0.287,0,0,1,1
0.194,0.41,0.29,0,0,1,1
0.194,0.41,0.293,0,0,1,1
0.194,0.41,0.296,0,0,1,1
0.194,0.41,0.299,0,0,1,1
0.194,0.41,0.302,0,0,1,1
0.194,0.41,0.305,0,0,1,1
0.194,0.41,0.308,0,0,1,1
0.194,0.41,0.311,0,0,1,1
0.194,0.41,0.314,0,0,1,1
0.194,0.41,0.317,0,0,1,1
0.194,0.41,0.32,0,0,1,1
0.194,0.41,0.323,0,0,1,1
0.194,0.41,0.326,0,0,1,1
0.194,0.41,0.329,0,0,1,1
0.194,0.41,0.332,0,0,1,1
0.194,0.41,0.335,0,0,1,1
0.194,0.41,0.338,0,0,1,1
0.194,0.41,0.341,0,0,1,1
0.194,0.41,0.344,0,0,1,1
0.194,0.41,0.347,0,0,1,1
0.194,0.41,0.35,0,0,1,1
0.194,0.41,0.353,0,0,1,1
0.194,0.41,0.356,0,0,1,1
0.194,0.41,0.359,0,0,1,1
0.194,0.41,0.362,0,0,1,1
0.194,0.41,0.365,0,0,1,1
0.194,0.41,0.368,0,0,1,1
0.194,0.41,0.371,0,0,1,1
0.194,0.41,0.374,0,0,1,1
0.194,0.41,0.377,0,0,1,1
0.194,0.41,0.38,0,0,1,1
0.194,0.41,0.383,0,0,1,1
0.194,0.41,0.386,0,0,1,1
0.194,0.41,0.389,0,0,1,1
0.194,0.41,0.392,0,0,1,1
0.194,0.41,0.395,0,0,1,1
0.194,0.41,0.398,0,0,1,1
0.194,0.41,0.401,0,0,1,1
0.194,0.41,0.404,0,0,1,1
0.194,0.41,0.407,0,0,1,1
0.194,0.41,0.41,0,0,1,1
0.194,0.41,0.413,0,0,1,1
0.194,0.41,0.416,0,0,1,1
0.194,0.41,0.419,0,0,1,1
0.194,0.41,0.422,0,0,1,1
0.194,0.41,0.425,0,0,1,1
0.194,0.41,0.427999,0,0,1,1
0.194,0.41,0.430999,0,0,1,1
0.194,0.41,0.433999,0,0,1,1
0.194,0.41,0.436999,0,0,1,1
0.194,0.41,0.439999,0,0,1,1
0.197,0.41,0.26,0,0,1,1
0.197,0.41,0.263,0,0,1,1
0.197,0.41,0.266,0,0,1,1
0.197,0.41,0.269,0,0,1,1
0.197,0.41,0.272,0,0,1,1
0.197,0.41,0.275,0,0,1,1
0.197,0.41,0.278,0,0,1,1
0.197,0.41,0.281,0,0,1,1
0.197,0.41,0.284,0,0,1,1
0.197,0.41,0.287,0,0,1,1
0.197,0.41,0.29,0,0,1,1
0.197,0.41,0.293,0,0,1,1
0.197,0.41,0.296,0,0,1,1
0.197,0.41,0.299,0,0,1,1
0.197,0.41,0.302,0,0,1,1
0.197,0.41,0.305,0,0,1,1
0.197,0.41,0.308,0,0,1,1
0.197,0.41,0.311,0,0,1,1
0.197,0.41,0.314,0,0,1,1
0.197,0.41,0.317,0,0,1,1
0.197,0.41,0.32,0,0,1,1
0.197,0.41,0.323,0,0,1,1
0.197,0.41,0.326,0,0,1,1
0.197,0.41,0.329,0,0,1,1
0.197,0.41,0.332,0,0,1,1
0.197,0.41,0.335,0,0,1,1
0.197,0.41,0.338,0,0,1,1
0.197,0.41,0.341,0,0,1,1
0.197,0.41,0.344,0,0,1,1
0.197,0.41,0.347,0,0,1,1
0.197,0.41,0.35,0,0,1,1
0.197,0.41,0.353,0,0,1,1
0.197,0.41,0.356,0,0,1,1
0.197,0.41,0.359,0,0,1,1
0.197,0.41,0.362,0,0,1,1
0.197,0.41,0.365,0,0,1,1
0.197,0.41,0.368,0,0,1,1
0.197,0.41,0.371,0,0,1,1
0.197,0.41,0.374,0,0,1,1
0.197,0.41,0.377,0,0,1,1
0.197,0.41,0.38,0,0,1,1
0.197,0.41,0.383,0,0,1,1
0.197,0.41,0.386,0,0,1,1
0.197,0.41,0.389,0,0,1,1
0.197,0.41,0.392,0,0,1,1
0.197,0.41,0.395,0,0,1,1
0.197,0.41,0.398,0,0,1,1
0.197,0.41,0.401,0,0,1,1
0.197,0.41,0.404,0,0,1,1
0.197,0.41,0.407,0,0,1,1
0.197,0.41,0.41,0,0,1,1
0.197,0.41,0.413,0,0,1,1
0.197,0.41,0.416,0,0,1,1
0.197,0.41,0.419,0,0,1,1
0.197,0.41,0.422,0,0,1,1
0.197,0.41,0.425,0,0,1,1
0.197,0.41,0.427999,0,0,1,1
0.197,0.41,0.430999,0,0,1,1
0.197,0.41,0.433999,0,0,1,1
0.197,0.41,0.436999,0,0,1,1
0.197,0.41,0.439999,0,0,1,1
0.2,0.41,0.26,0,0,1,1
0.2,0.41,0.263,0,0,1,1
0.2,0.41,0.266,0,0,1,1
0.2,0.41,0.269,0,0,1,1
0.2,0.41,0.272,0,0,1,1
0.2,0.41,0.275,0,0,1,1
0.2,0.41,0.278,0,0,1,1
0.2,0.41,0.281,0,0,1,1
0.2,0.41,0.284,0,0,1,1
0.2,0.41,0.287,0,0,1,1
0.2,0.41,0.29,0,0,1,1
0.2,0.41,0.293,0,0,1,1
0.2,0.41,0.296,0,0,1,1
0.2,0.41,0.299,0,0,1,1
0.2,0.41,0.302,0,0,1,1
0.2,0.41,0.305,0,0,1,1
0.2,0.41,0.308,0,0,1,1
0.2,0.41,0.311,0,0,1,1
0.2,0.41,0.314,0,0,1,1
0.2,0.41,0.317,0,0,1,1
0.2,0.41,0.32,0,0,1,1
0.2,0.41,0.323,0,0,1,1
0.2,0.41,0.326,0,0,1,1
0.2,0.41,0.329,0,0,1,1
0.2,0.41,0.332,0,0,1,1
0.2,0.41,0.335,0,0,1,1
0.2,0.41,0.338,0,0,1,1
0.2,0.41,0.341,0,0,1,1
0.2,0.41,0.344,0,0,1,1
0.2,0.41,0.347,0,0,1,1
0.2,0.41,0.35,0,0,1,1
0.2,0.41,0.353,0,0,1,1
0.2,0.41,0.356,0,0,1,1
0.2,0.41,0.359,0,0,1,1
0.2,0.41,0.362,0,0,1,1
0.2,0.41,0.365,0,0,1,1
0.2,0.41,0.368,0,0,1,1
0.2,0.41,0.371,0,0,1,1
0.2,0.41,0.374,0,0,1,1
0.2,0.41,0.377,0,0,1,1
0.2,0.41,0.38,0,0,1,1
0.2,0.41,0.383,0,0,1,1
0.2,0.41,0.386,0,0,1,1
0.2,0.41,0.389,0,0,1,1
0.2,0.41,0.392,0,0,1,1
0.2,0.41,0.395,0,0,1,1
0.2,0.41,0.398,0,0,1,1
0.2,0.41,0.401,0,0,1,1
0.2,0.41,0.404,0,0,1,1
0.2,0.41,0.407,0,0,1,1
0.2,0.41,0.41,0,0,1,1
0.2,0.41,0.413,0,0,1,1
0.2,0.41,0.416,0,0,1,1
0.2,0.41,0.419,0,0,1,1
0.2,0.41,0.422,0,0,1,1
0.2,0.41,0.425,0,0,1,1
0.2,0.41,0.427999,0,0,1,1
0.2,0.41,0.430999,0,0,1,1
0.2,0.41,0.433999,0,0,1,1
0.2,0.41,0.436999,0,0,1,1
0.2,0.41,0.439999,0,0,1,1
0.203,0.41,0.26,0,0,1,1
0.203,0.41,0.263,0,0,1,1
0.203,0.41,0.266,0,0,1,1
0.203,0.41,0.269,0,0,1,1
0.203,0.41,0.272,0,0,1,1
0.203,0.41,0.275,0,0,1,1
0.203,0.41,0.278,0,0,1,1
0.203,0.41,0.281,0,0,1,1
0.203,0.41,0.284,0,0,1,1
0.203,0.41,0.287,0,0,1,1
0.203,0.41,0.29,0,0,1,1
0.203,0.41,0.293,0,0,1,1
0.203,0.41,0.296,0,0,1,1
0.203,0.41,0.299,0,0,1,1
0.203,0.41,0.302,0,0,1,1
0.203,0.41,0.305,0,0,1,1
0.203,0.41,0.308,0,0,1,1
0.203,0.41,0.311,0,0,1,1
0.203,0.41,0.314,0,0,1,1
0.203,0.41,0.317,0,0,1,1
0.203,0.41,0.32,0,0,1,1
0.203,0.41,0.323,0,0,1,1
0.203,0.41,0.326,0,0,1,1
0.203,0.41,0.329,0,0,1,1
0.203,0.41,0.332,0,0,1,1
0.203,0.41,0.335,0,0,1,1
0.203,0.41,0.338,0,0,1,1
0.203,0.41,0.341,0,0,1,1
0.203,0.41,0.344,0,0,1,1
0.203,0.41,0.347,0,0,1,1
0.203,0.41,0.35,0,0,1,1
0.203,0.41,0.353,0,0,1,1
0.203,0.41,0.356,0,0,1,1
0.203,0.41,0.359,0,0,1,1
0.203,0.41,0.362,0,0,1,1
0.203,0.41,0.365,0,0,1,1
0.203,0.41,0.368,0,0,1,1
0.203,0.41,0.371,0,0,1,1
0.203,0.41,0.374,0,0,1,1
0.203,0.41,0.377,0,0,1,1
0.203,0.41,0.38,0,0,1,1
0.203,0.41,0.383,0,0,1,1
0.203,0.41,0.386,0,0,1,1
0.203,0.41,0.389,0,0,1,1
0.203,0.41,0.392,0,0,1,1
0.203,0.41,0.395,0,0,1,1
0.203,0.41,0.398,0,0,1,1
0.203,0.41,0.401,0,0,1,1
0.203,0.41,0.404,0,0,1,1
0.203,0.41,0.407,0,0,1,1
0.203,0.41,0.41,0,0,1,1
0.203,0.41,0.413,0,0,1,1
0.203,0.41,0.416,0,0,1,1
0.203,0.41,0.419,0,0,1,1
0.203,0.41,0.422,0,0,1,1
0.203,0.41,0.425,0,0,1,1
0.203,0.41,0.427999,0,0,1,1
0.203,0.41,0.430999,0,0,1,1
0.203,0.41,0.433999,0,0,1,1
0.203,0.41,0.436999,0,0,1,1
0.203,0.41,0.439999,0,0,1,1
0.206,0.41,0.26,0,0,1,1
0.206,0.41,0.263,0,0,1,1
0.206,0.41,0.266,0,0,1,1
0.206,0.41,0.269,0,0,1,1
0.206,0.41,0.272,0,0,1,1
0.206,0.41,0.275,0,0,1,1
0.206,0.41,0.278,0,0,1,1
0.206,0.41,0.281,0,0,1,1
0.206,0.41,0.284,0,0,1,1
0.206,0.41,0.287,0,0,1,1
0.206,0.41,0.29,0,0,1,1
0.206,0.41,0.293,0,0,1,1
0.206,0.41,0.296,0,0,1,1
0.206,0.41,0.299,0,0,1,1
0.206,0.41,0.302,0,0,1,1
0.206,0.41,0.305,0,0,1,1
0.206,0.41,0.308,0,0,1,1
0.206,0.41,0.311,0,0,1,1
0.206,0.41,0.314,0,0,1,1
0.206,0.41,0.317,0,0,1,1
0.206,0.41,0.32,0,0,1,1
0.206,0.41,0.323,0,0,1,1
0.206,0.41,0.326,0,0,1,1
0.206,0.41,0.329,0,0,1,1
0.206,0.41,0.332,0,0,1,1
0.206,0.41,0.335,0,0,1,1
0.206,0.41,0.338,0,0,1,1
0.206,0.41,0.341,0,0,1,1
0.206,0.41,0.344,0,0,1,1
0.206,0.41,0.347,0,0,1,1
0.206,0.41,0.35,0,0,1,1
0.206,0.41,0.353,0,0,1,1
0.206,0.41,0.356,0,0,1,1
0.206,0.41,0.359,0,0,1,1
0.206,0.41,0.362,0,0,1,1
0.206,0.41,0.365,0,0,1,1
0.206,0.41,0.368,0,0,1,1
0.206,0.41,0.371,0,0,1,1
0.206,0.41,0.374,0,0,1,1
0.206,0.41,0.377,0,0,1,1
0.206,0.41,0.38,0,0,1,1
0.206,0.41,0.383,0,0,1,1
0.206,0.41,0.386,0,0,1,1
0.206,0.41,0.389,0,0,1,1
0.206,0.41,0.392,0,0,1,1
0.206,0.41,0.395,0,0,1,1
0.206,0.41,0.398,0,0,1,1
0.206,0.41,0.401,0,0,1,1
0.206,0.41,0.404,0,0,1,1
0.206,0.41,0.407,0,0,1,1
0.206,0.41,0.41,0,0,1,1
0.206,0.41,0.413,0,0,1,1
0.206,0.41,0.416,0,0,1,1
0.206,0.41,0.419,0,0,1,1
0.206,0.41,0.422,0,0,1,1
0.206,0.41,0.425,0,0,1,1
0.206,0.41,0.427999,0,0,1,1
0.206,0.41,0.430999,0,0,1,1
0.206,0.41,0.433999,0,0,1,1
0.206,0.41,0.436999,0,0,1,1
0.206,0.41,0.439999,0,0,1,1
0.209,0.41,0.26,0,0,1,1
0.209,0.41,0.263,0,0,1,1
0.209,0.41,0.266,0,0,1,1
0.209,0.41,0.269,0,0,1,1
0.209,0.41,0.272,0,0,1,1
0.209,0.41,0.275,0,0,1,1
0.209,0.41,0.278,0,0,1,1
0.209,0.41,0.281,0,0,1,1
0.209,0.41,0.284,0,0,1,1
0.209,0.41,0.287,0,0,1,1
0.209,0.41,0.29,0,0,1,1
0.209,0.41,0.293,0,0,1,1
0.209,0.41,0.296,0,0,1,1
0.209,0.41,0.299,0,0,1,1
0.209,0.41,0.302,0,0,1,1
0.209,0.41,0.305,0,0,1,1
0.209,0.41,0.308,0,0,1,1
0.209,0.41,0.311,0,0,1,1
0.209,0.41,0.314,0,0,1,1
0.209,0.41,0.317,0,0,1,1
0.209,0.41,0.32,0,0,1,1
0.209,0.41,0.323,0,0,1,1
0.209,0.41,0.326,0,0,1,1
0.209,0.41,0.329,0,0,1,1
0.209,0.41,0.332,0,0,1,1
0.209,0.41,0.335,0,0,1,1
0.209,0.41,0.338,0,0,1,1
0.209,0.41,0.341,0,0,1,1
0.209,0.41,0.344,0,0,1,1
0.209,0.41,0.347,0,0,1,1
0.209,0.41,0.35,0,0,1,1
0.209,0.41,0.353,0,0,1,1
0.209,0.41,0.356,0,0,1,1
0.209,0.41,0.359,0,0,1,1
0.209,0.41,0.362,0,0,1,1
0.209,0.41,0.365,0,0,1,1
0.209,0.41,0.368,0,0,1,1
0.209,0.41,0.371,0,0,1,1
0.209,0.41,0.374,0,0,1,1
0.209,0.41,0.377,0,0,1,1
0.209,0.41,0.38,0,0,1,1
0.209,0.41,0.383,0,0,1,1
0.209,0.41,0.386,0,0,1,1
0.209,0.41,0.389,0,0,1,1
0.209,0.41,0.392,0,0,1,1
0.209,0.41,0.395,0,0,1,1
0.209,0.41,0.398,0,0,1,1
0.209,0.41,0.401,0,0,1,1
0.209,0.41,0.404,0,0,1,1
0.209,0.41,0.407,0,0,1,1
0.209,0.41,0.41,0,0,1,1
0.209,0.41,0.413,0,0,1,1
0.209,0.41,0.416,0,0,1,1
0.209,0.41,0.419,0,0,1,1
0.209,0.41,0.422,0,0,1,1
0.209,0.41,0.425,0,0,1,1
0.209,0.41,0.427999,0,0,1,1
0.209,0.41,0.430999,0,0,1,1
0.209,0.41,0.433999,0,0,1,1
0.209,0.41,0.436999,0,0,1,1
0.209,0.41,0.439999,0,0,1,1
0.212,0.41,0.26,0,0,1,1
0.212,0.41,0.263,0,0,1,1
0.212,0.41,0.266,0,0,1,1
0.212,0.41,0.269,0,0,1,1
0.212,0.41,0.272,0,0,1,1
0.212,0.41,0.275,0,0,1,1
0.212,0.41,0.278,0,0,1,1
0.212,0.41,0.281,0,0,1,1
0.212,0.41,0.284,0,0,1,1
0.212,0.41,0.287,0,0,1,1
0.212,0.41,0.29,0,0,1,1
0.212,0.41,0.293,0,0,1,1
0.212,0.41,0.296,0,0,1,1
0.212,0.41,0.299,0,0,1,1
0.212,0.41,0.302,0,0,1,1
0.212,0.41,0.305,0,0,1,1
0.212,0.41,0.308,0,0,1,1
0.212,0.41,0.311,0,0,1,1
0.212,0.41,0.314,0,0,1,1
0.212,0.41,0.317,0,0,1,1
0.212,0.41,0.32,0,0,1,1
0.212,0.41,0.323,0,0,1,1
0.212,0.41,0.326,0,0,1,1
0.212,0.41,0.329,0,0,1,1
0.212,0.41,0.332,0,0,1,1
0.212,0.41,0.335,0,0,1,1
0.212,0.41,0.338,0,0,1,1
0.212,0.41,0.341,0,0,1,1
0.212,0.41,0.344,0,0,1,1
0.212,0.41,0.347,0,0,1,1
0.212,0.41,0.35,0,0,1,1
0.212,0.41,0.353,0,0,1,1
0.212,0.41,0.356,0,0,1,1
0.212,0.41,0.359,0,0,1,1
0.212,0.41,0.362,0,0,1,1
0.212,0.41,0.365,0,0,1,1
0.212,0.41,0.368,0,0,1,1
0.212,0.41,0.371,0,0,1,1
0.212,0.41,0.374,0,0,1,1
0.212,0.41,0.377,0,0,1,1
0.212,0.41,0.38,0,0,1,1
0.212,0.41,0.383,0,0,1,1
0.212,0.41,0.386,0,0,1,1
0.212,0.41,0.389,0,0,1,1
0.212,0.41,0.392,0,0,1,1
0.212,0.41,0.395,0,0,1,1
0.212,0.41,0.398,0,0,1,1
0.212,0.41,0.401,0,0,1,1
0.212,0.41,0.404,0,0,1,1
0.212,0.41,0.407,0,0,1,1
0.212,0.41,0.41,0,0,1,1
0.212,0.41,0.413,0,0,1,1
0.212,0.41,0.416,0,0,1,1
0.212,0.41,0.419,0,0,1,1
0.212,0.41,0.422,0,0,1,1
0.212,0.41,0.425,0,0,1,1
0.212,0.41,0.427999,0,0,1,1
0.212,0.41,0.430999,0,0,1,1
0.212,0.41,0.433999,0,0,1,1
0.212,0.41,0.436999,0,0,1,1
0.212,0.41,0.439999,0,0,1,1
0.215,0.41,0.26,0,0,1,1
0.215,0.41,0.263,0,0,1,1
0.215,0.41,0.266,0,0,1,1
0.215,0.41,0.269,0,0,1,1
0.215,0.41,0.272,0,0,1,1
0.215,0.41,0.275,0,0,1,1
0.215,0.41,0.278,0,0,1,1
0.215,0.41,0.281,0,0,1,1
0.215,0.41,0.284,0,0,1,1
0.215,0.41,0.287,0,0,1,1
0.215,0.41,0.29,0,0,1,1
0.215,0.41,0.293,0,0,1,1
0.215,0.41,0.296,0,0,1,1
0.215,0.41,0.299,0,0,1,1
0.215,0.41,0.302,0,0,1,1
0.215,0.41,0.305,0,0,1,1
0.215,0.41,0.308,0,0,1,1
0.215,0.41,0.311,0,0,1,1
0.215,0.41,0.314,0,0,1,1
0.215,0.41,0.317,0,0,1,1
0.215,0.41,0.32,0,0,1,1
0.215,0.41,0.323,0,0,1,1
0.215,0.41,0.326,0,0,1,1
0.215,0.41,0.329,0,0,1,1
0.215,0.41,0.332,0,0,1,1
0.215,0.41,0.335,0,0,1,1
0.215,0.41,0.338,0,0,1,1
0.215,0.41,0.341,0,0,1,1
0.215,0.41,0.344,0,0,1,1
0.215,0.41,0.347,0,0,1,1
0.215,0.41,0.35,0,0,1,1
0.215,0.41,0.353,0,0,1,1
0.215,0.41,0.356,0,0,1,1
0.215,0.41,0.359,0,0,1,1
0.215,0.41,0.362,0,0,1,1
0.215,0.41,0.365,0,0,1,1
0.215,0.41,0.368,0,0,1,1
0.215,0.41,0.371,0,0,1,1
0.215,0.41,0.374,0,0,1,1
0.215,0.41,0.377,0,0,1,1
0.215,0.41,0.38,0,0,1,1
0.215,0.41,0.383,0,0,1,1
0.215,0.41,0.386,0,0,1,1
0.215,0.41,0.389,0,0,1,1
0.215,0.41,0.392,0,0,1,1
0.215,0.41,0.395,0,0,1,1
0.215,0.41,0.398,0,0,1,1
0.215,0.41,0.401,0,0,1,1
0.215,0.41,0.404,0,0,1,1
0.215,0.41,0.407,0,0,1,1
0.215,0.41,0.41,0,0,1,1
0.215,0.41,0.413,0,0,1,1
0.215,0.41,0.416,0,0,1,1
0.215,0.41,0.419,0,0,1,1
0.215,0.41,0.422,0,0,1,1
0.215,0.41,0.425,0,0,1,1
0.215,0.41,0.427999,0,0,1,1
0.215,0.41,0.430999,0,0,1,1
0.215,0.41,0.433999,0,0,1,1
0.215,0.41,0.436999,0,0,1,1
0.215,0.41,0.439999,0,0,1,1
0.218,0.41,0.26,0,0,1,1
0.218,0.41,0.263,0,0,1,1
0.218,0.41,0.266,0,0,1,1
0.218,0.41,0.269,0,0,1,1
0.218,0.41,0.272,0,0,1,1
0.218,0.41,0.275,0,0,1,1
0.218,0.41,0.278,0,0,1,1
0.218,0.41,0.281,0,0,1,1
0.218,0.41,0.284,0,0,1,1
0.218,0.41,0.287,0,0,1,1
0.218,0.41,0.29,0,0,1,1
0.218,0.41,0.293,0,0,1,1
0.218,0.41,0.296,0,0,1,1
0.218,0.41,0.299,0,0,1,1
0.218,0.41,0.302,0,0,1,1
0.218,0.41,0.305,0,0,1,1
0.218,0.41,0.308,0,0,1,1
0.218,0.41,0.311,0,0,1,1
0.218,0.41,0.314,0,0,1,1
0.218,0.41,0.317,0,0,1,1
0.218,0.41,0.32,0,0,1,1
0.218,0.41,0.323,0,0,1,1
0.218,0.41,0.326,0,0,1,1
0.218,0.41,0.329,0,0,1,1
0.218,0.41,0.332,0,0,1,1
0.218,0.41,0.335,0,0,1,1
0.218,0.41,0.338,0,0,1,1
0.218,0.41,0.341,0,0,1,1
0.218,0.41,0.344,0,0,1,1
0.218,0.41,0.347,0,0,1,1
0.218,0.41,0.35,0,0,1,1
0.218,0.41,0.353,0,0,1,1
0.218,0.41,0.356,0,0,1,1
0.218,0.41,0.359,0,0,1,1
0.218,0.41,0.362,0,0,1,1
0.218,0.41,0.365,0,0,1,1
0.218,0.41,0.368,0,0,1,1
0.218,0.41,0.371,0,0,1,1
0.218,0.41,0.374,0,0,1,1
0.218,0.41,0.377,0,0,1,1
0.218,0.41,0.38,0,0,1,1
0.218,0.41,0.383,0,0,1,1
0.218,0.41,0.386,0,0,1,1
0.218,0.41,0.389,0,0,1,1
0.218,0.41,0.392,0,0,1,1
0.218,0.41,0.395,0,0,1,1
0.218,0.41,0.398,0,0,1,1
0.218,0.41,0.401,0,0,1,1
0.218,0.41,0.404,0,0,1,1
0.218,0.41,0.407,0,0,1,1
0.218,0.41,0.41,0,0,1,1
0.218,0.41,0.413,0,0,1,1
0.218,0.41,0.416,0,0,1,1
0.218,0.41,0.419,0,0,1,1
0.218,0.41,0.422,0,0,1,1
0.218,0.41,0.425,0,0,1,1
0.218,0.41,0.427999,0,0,1,1
0.218,0.41,0.430999,0,0,1,1
0.218,0.41,0.433999,0,0,1,1
0.218,0.41,0.436999,0,0,1,1
0.218,0.41,0.439999,0,0,1,1
0.221,0.41,0.26,0,0,1,1
0.221,0.41,0.263,0,0,1,1
0.221,0.41,0.266,0,0,1,1
0.221,0.41,0.269,0,0,1,1
0.221,0.41,0.272,0,0,1,1
0.221,0.41,0.275,0,0,1,1
0.221,0.41,0.278,0,0,1,1
0.221,0.41,0.281,0,0,1,1
0.221,0.41,0.284,0,0,1,1
0.221,0.41,0.287,0,0,1,1
0.221,0.41,0.29,0,0,1,1
0.221,0.41,0.293,0,0,1,1
0.221,0.41,0.296,0,0,1,1
0.221,0.41,0.299,0,0,1,1
0.221,0.41,0.302,0,0,1,1
0.221,0.41,0.305,0,0,1,1
0.221,0.41,0.308,0,0,1,1
0.221,0.41,0.311,0,0,1,1
0.221,0.41,0.314,0,0,1,1
0.221,0.41,0.317,0,0,1,1
0.221,0.41,0.32,0,0,1,1
0.221,0.41,0.323,0,0,1,1
0.221,0.41,0.326,0,0,1,1
0.221,0.41,0.329,0,0,1,1
0.221,0.41,0.332,0,0,1,1
0.221,0.41,0.335,0,0,1,1
0.221,0.41,0.338,0,0,1,1
0.221,0.41,0.341,0,0,1,1
0.221,0.41,0.344,0,0,1,1
0.221,0.41,0.347,0,0,1,1
0.221,0.41,0.35,0,0,1,1
0.221,0.41,0.353,0,0,1,1
0.221,0.41,0.356,0,0,1,1
0.221,0.41,0.359,0,0,1,1
0.221,0.41,0.362,0,0,1,1
0.221,0.41,0.365,0,0,1,1
0.221,0.41,0.368,0,0,1,1
0.221,0.41,0.371,0,0,1,1
0.221,0.41,0.374,0,0,1,1
0.221,0.41,0.377,0,0,1,1
0.221,0.41,0.38,0,0,1,1
0.221,0.41,0.383,0,0,1,1
0.221,0.41,0.386,0,0,1,1
0.221,0.41,0.389,0,0,1,1
0.221,0.41,0.392,0,0,1,1
0.221,0.41,0.395,0,0,1,1
0.221,0.41,0.398,0,0,1,1
0.221,0.41,0.401,0,0,1,1
0.221,0.41,0.404,0,0,1,1
0.221,0.41,0.407,0,0,1,1
0.221,0.41,0.41,0,0,1,1
0.221,0.41,0.413,0,0,1,1
0.221,0.41,0.416,0,0,1,1
0.221,0.41,0.419,0,0,1,1
0.221,0.41,0.422,0,0,1,1
0.221,0.41,0.425,0,0,1,1
0.221,0.41,0.427999,0,0,1,1
0.221,0.41,0.430999,0,0,1,1
0.221,0.41,0.433999,0,0,1,1
0.221,0.41,0.436999,0,0,1,1
0.221,0.41,0.439999,0,0,1,1
0.224,0.41,0.26,0,0,1,1
0.224,0.41,0.263,0,0,1,1
0.224,0.41,0.266,0,0,1,1
0.224,0.41,0.269,0,0,1,1
0.224,0.41,0.272,0,0,1,1
0.224,0.41,0.275,0,0,1,1
0.224,0.41,0.278,0,0,1,1
0.224,0.41,0.281,0,0,1,1
0.224,0.41,0.284,0,0,1,1
0.224,0.41,0.287,0,0,1,1
0.224,0.41,0.29,0,0,1,1
0.224,0.41,0.293,0,0,1,1
0.224,0.41,0.296,0,0,1,1
0.224,0.41,0.299,0,0,1,1
0.224,0.41,0.302,0,0,1,1
0.224,0.41,0.305,0,0,1,1
0.224,0.41,0.308,0,0,1,1
0.224,0.41,0.311,0,0,1,1
0.224,0.41,0.314,0,0,1,1
0.224,0.41,0.317,0,0,1,1
0.224,0.41,0.32,0,0,1,1
0.224,0.41,0.323,0,0,1,1
0.224,0.41,0.326,0,0,1,1
0.224,0.41,0.329,0,0,1,1
0.224,0.41,0.332,0,0,1,1
0.224,0.41,0.335,0,0,1,1
0.224,0.41,0.338,0,0,1,1
0.224,0.41,0.341,0,0,1,1
0.224,0.41,0.344,0,0,1,1
0.224,0.41,0.347,0,0,1,1
0.224,0.41,0.35,0,0,1,1
0.224,0.41,0.353,0,0,1,1
0.224,0.41,0.356,0,0,1,1
0.224,0.41,0.359,0,0,1,1
0.224,0.41,0.362,0,0,1,1
0.224,0.41,0.365,0,0,1,1
0.224,0.41,0.368,0,0,1,1
0.224,0.41,0.371,0,0,1,1
0.224,0.41,0.374,0,0,1,1
0.224,0.41,0.377,0,0,1,1
0.224,0.41,0.38,0,0,1,1
0.224,0.41,0.383,0,0,1,1
0.224,0.41,0.386,0,0,1,1
0.224,0.41,0.389,0,0,1,1
0.224,0.41,0.392,0,0,1,1
0.224,0.41,0.395,0,0,1,1
0.224,0.41,0.398,0,0,1,1
0.224,0.41,0.401,0,0,1,1
0.224,0.41,0.404,0,0,1,1
0.224,0.41,0.407,0,0,1,1
0.224,0.41,0.41,0,0,1,1
0.224,0.41,0.413,0,0,1,1
0.224,0.41,0.416,0,0,1,1
0.224,0.41,0.419,0,0,1,1
0.224,0.41,0.422,0,0,1,1
0.224,0.41,0.425,0,0,1,1
0.224,0.41,0.427999,0,0,1,1
0.224,0.41,0.430999,0,0,1,1
0.224,0.41,0.433999,0,0,1,1
0.224,0.41,0.436999,0,0,1,1
0.224,0.41,0.439999,0,0,1,1
0.227,0.41,0.26,0,0,1,1
0.227,0.41,0.263,0,0,1,1
0.227,0.41,0.266,0,0,1,1
0.227,0.41,0.269,0,0,1,1
0.227,0.41,0.272,0,0,1,1
0.227,0.41,0.275,0,0,1,1
0.227,0.41,0.278,0,0,1,1
0.227,0.41,0.281,0,0,1,1
0.227,0.41,0.284,0,0,1,1
0.227,0.41,0.287,0,0,1,1
0.227,0.41,0.29,0,0,1,1
0.227,0.41,0.293,0,0,1,1
0.227,0.41,0.296,0,0,1,1
0.227,0.41,0.299,0,0,1,1
0.227,0.41,0.302,0,0,1,1
0.227,0.41,0.305,0,0,1,1
0.227,0.41,0.308,0,0,1,1
0.227,0.41,0.311,0,0,1,1
0.227,0.41,0.314,0,0,1,1
0.227,0.41,0.317,0,0,1,1
0.227,0.41,0.32,0,0,1,1
0.227,0.41,0.323,0,0,1,1
0.227,0.41,0.326,0,0,1,1
0.227,0.41,0.329,0,0,1,1
0.227,0.41,0.332,0,0,1,1
0.227,0.41,0.335,0,0,1,1
0.227,0.41,0.338,0,0,1,1
0.227,0.41,0.341,0,0,1,1
0.227,0.41,0.344,0,0,1,1
0.227,0.41,0.347,0,0,1,1
0.227,0.41,0.35,0,0,1,1
0.227,0.41,0.353,0,0,1,1
0.227,0.41,0.356,0,0,1,1
0.227,0.41,0.359,0,0,1,1
0.227,0.41,0.362,0,0,1,1
0.227,0.41,0.365,0,0,1,1
0.227,0.41,0.368,0,0,1,1
0.227,0.41,0.371,0,0,1,1
0.227,0.41,0.374,0,0,1,1
0.227,0.41,0.377,0,0,1,1
0.227,0.41,0.38,0,0,1,1
0.227,0.41,0.383,0,0,1,1
0.227,0.41,0.386,0,0,1,1
0.227,0.41,0.389,0,0,1,1
0.227,0.41,0.392,0,0,1,1
0.227,0.41,0.395,0,0,1,1
0.227,0.41,0.398,0,0,1,1
0.227,0.41,0.401,0,0,1,1
0.227,0.41,0.404,0,0,1,1
0.227,0.41,0.407,0,0,1,1
0.227,0.41,0.41,0,0,1,1
0.227,0.41,0.413,0,0,1,1
0.227,0.41,0.416,0,0,1,1
0.227,0.41,0.419,0,0,1,1
0.227,0.41,0.422,0,0,1,1
0.227,0.41,0.425,0,0,1,1
0.227,0.41,0.427999,0,0,1,1
0.227,0.41,0.430999,0,0,1,1
0.227,0.41,0.433999,0,0,1,1
0.227,0.41,0.436999,0,0,1,1
0.227,0.41,0.439999,0,0,1,1
0.23,0.41,0.26,0,0,1,1
0.23,0.41,0.263,0,0,1,1
0.23,0.41,0.266,0,0,1,1
0.23,0.41,0.269,0,0,1,1
0.23,0.41,0.272,0,0,1,1
0.23,0.41,0.275,0,0,1,1
0.23,0.41,0.278,0,0,1,1
0.23,0.41,0.281,0,0,1,1
0.23,0.41,0.284,0,0,1,1
0.23,0.41,0.287,0,0,1,1
0.23,0.41,0.29,0,0,1,1
0.23,0.41,0.293,0,0,1,1
0.23,0.41,0.296,0,0,1,1
0.23,0.41,0.299,0,0,1,1
0.23,0.41,0.302,0,0,1,1
0.23,0.41,0.305,0,0,1,1
0.23,0.41,0.308,0,0,1,1
0.23,0.41,0.311,0,0,1,1
0.23,0.41,0.314,0,0,1,1
0.23,0.41,0.317,0,0,1,1
0.23,0.41,0.32,0,0,1,1
0.23,0.41,0.323,0,0,1,1
0.23,0.41,0.326,0,0,1,1
0.23,0.41,0.329,0,0,1,1
0.23,0.41,0.332,0,0,1,1
0.23,0.41,0.335,0,0,1,1
0.23,0.41,0.338,0,0,1,1
0.23,0.41,0.341,0,0,1,1
0.23,0.41,0.344,0,0,1,1
0.23,0.41,0.347,0,0,1,1
0.23,0.41,0.35,0,0,1,1
0.23,0.41,0.353,0,0,1,1
0.23,0.41,0.356,0,0,1,1
0.23,0.41,0.359,0,0,1,1
0.23,0.41,0.362,0,0,1,1
0.23,0.41,0.365,0,0,1,1
0.23,0.41,0.368,0,0,1,1
0.23,0.41,0.371,0,0,1,1
0.23,0.41,0.374,0,0,1,1
0.23,0.41,0.377,0,0,1,1
0.23,0.41,0.38,0,0,1,1
0.23,0.41,0.383,0,0,1,1
0.23,0.41,0.386,0,0,1,1
0.23,0.41,0.389,0,0,1,1
0.23,0.41,0.392,0,0,1,1
0.23,0.41,0.395,0,0,1,1
0.23,0.41,0.398,0,0,1,1
0.23,0.41,0.401,0,0,1,1
0.23,0.41,0.404,0,0,1,1
0.23,0.41,0.407,0,0,1,1
0.23,0.41,0.41,0,0,1,1
0.23,0.41,0.413,0,0,1,1
0.23,0.41,0.416,0,0,1,1
0.23,0.41,0.419,0,0,1,1
0.23,0.41,0.422,0,0,1,1
0.23,0.41,0.425,0,0,1,1
0.23,0.41,0.427999,0,0,1,1
0.23,0.41,0.430999,0,0,1,1
0.23,0.41,0.433999,0,0,1,1
0.23,0.41,0.436999,0,0,1,1
0.23,0.41,0.439999,0,0,1,1
0.233,0.41,0.26,0,0,1,1
0.233,0.41,0.263,0,0,1,1
0.233,0.41,0.266,0,0,1,1
0.233,0.41,0.269,0,0,1,1
0.233,0.41,0.272,0,0,1,1
0.233,0.41,0.275,0,0,1,1
0.233,0.41,0.278,0,0,1,1
0.233,0.41,0.281,0,0,1,1
0.233,0.41,0.284,0,0,1,1
0.233,0.41,0.287,0,0,1,1
0.233,0.41,0.29,0,0,1,1
0.233,0.41,0.293,0,0,1,1
0.233,0.41,0.296,0,0,1,1
0.233,0.41,0.299,0,0,1,1
0.233,0.41,0.302,0,0,1,1
0.233,0.41,0.305,0,0,1,1
0.233,0.41,0.308,0,0,1,1
0.233,0.41,0.311,0,0,1,1
0.233,0.41,0.314,0,0,1,1
0.233,0.41,0.317,0,0,1,1
0.233,0.41,0.32,0,0,1,1
0.233,0.41,0.323,0,0,1,1
0.233,0.41,0.326,0,0,1,1
0.233,0.41,0.329,0,0,1,1
0.233,0.41,0.332,0,0,1,1
0.233,0.41,0.335,0,0,1,1
0.233,0.41,0.338,0,0,1,1
0.233,0.41,0.341,0,0,1,1
0.233,0.41,0.344,0,0,1,1
0.233,0.41,0.347,0,0,1,1
0.233,0.41,0.35,0,0,1,1
0.233,0.41,0.353,0,0,1,1
0.233,0.41,0.356,0,0,1,1
0.233,0.41,0.359,0,0,1,1
0.233,0.41,0.362,0,0,1,1
0.233,0.41,0.365,0,0,1,1
0.233,0.41,0.368,0,0,1,1
0.233,0.41,0.371,0,0,1,1
0.233,0.41,0.374,0,0,1,1
0.233,0.41,0.377,0,0,1,1
0.233,0.41,0.38,0,0,1,1
0.233,0.41,0.383,0,0,1,1
0.233,0.41,0.386,0,0,1,1
0.233,0.41,0.389,0,0,1,1
0.233,0.41,0.392,0,0,1,1
0.233,0.41,0.395,0,0,1,1
0.233,0.41,0.398,0,0,1,1
0.233,0.41,0.401,0,0,1,1
0.233,0.41,0.404,0,0,1,1
0.233,0.41,0.407,0,0,1,1
0.233,0.41,0.41,0,0,1,1
0.233,0.41,0.413,0,0,1,1
0.233,0.41,0.416,0,0,1,1
0.233,0.41,0.419,0,0,1,1
0.233,0.41,0.422,0,0,1,1
0.233,0.41,0.425,0,0,1,1
0.233,0.41,0.427999,0,0,1,1
0.233,0.41,0.430999,0,0,1,1
0.233,0.41,0.433999,0,0,1,1
0.233,0.41,0.436999,0,0,1,1
0.233,0.41,0.439999,0,0,1,1
0.236,0.41,0.26,0,0,1,1
0.236,0.41,0.263,0,0,1,1
0.236,0.41,0.266,0,0,1,1
0.236,0.41,0.269,0,0,1,1
0.236,0.41,0.272,0,0,1,1
0.236,0.41,0.275,0,0,1,1
0.236,0.41,0.278,0,0,1,1
0.236,0.41,0.281,0,0,1,1
0.236,0.41,0.284,0,0,1,1
0.236,0.41,0.287,0,0,1,1
0.236,0.41,0.29,0,0,1,1
0.236,0.41,0.293,0,0,1,1
0.236,0.41,0.296,0,0,1,1
0.236,0.41,0.299,0,0,1,1
0.236,0.41,0.302,0,0,1,1
0.236,0.41,0.305,0,0,1,1
0.236,0.41,0.308,0,0,1,1
0.236,0.41,0.311,0,0,1,1
0.236,0.41,0.314,0,0,1,1
0.236,0.41,0.317,0,0,1,1
0.236,0.41,0.32,0,0,1,1
0.236,0.41,0.323,0,0,1,1
0.236,0.41,0.326,0,0,1,1
0.236,0.41,0.329,0,0,1,1
0.236,0.41,0.332,0,0,1,1
0.236,0.41,0.335,0,0,1,1
0.236,0.41,0.338,0,0,1,1
0.236,0.41,0.341,0,0,1,1
0.236,0.41,0.344,0,0,1,1
0.236,0.41,0.347,0,0,1,1
0.236,0.41,0.35,0,0,1,1
0.236,0.41,0.353,0,0,1,1
0.236,0.41,0.356,0,0,1,1
0.236,0.41,0.359,0,0,1,1
0.236,0.41,0.362,0,0,1,1
0.236,0.41,0.365,0,0,1,1
0.236,0.41,0.368,0,0,1,1
0.236,0.41,0.371,0,0,1,1
0.236,0.41,0.374,0,0,1,1
0.236,0.41,0.377,0,0,1,1
0.236,0.41,0.38,0,0,1,1
0.236,0.41,0.383,0,0,1,1
0.236,0.41,0.386,0,0,1,1
0.236,0.41,0.389,0,0,1,1
0.236,0.41,0.392,0,0,1,1
0.236,0.41,0.395,0,0,1,1
0.236,0.41,0.398,0,0,1,1
0.236,0.41,0.401,0,0,1,1
0.236,0.41,0.404,0,0,1,1
0.236,0.41,0.407,0,0,1,1
0.236,0.41,0.41,0,0,1,1
0.236,0.41,0.413,0,0,1,1
0.236,0.41,0.416,0,0,1,1
0.236,0.41,0.419,0,0,1,1
0.236,0.41,0.422,0,0,1,1
0.236,0.41,0.425,0,0,1,1
0.236,0.41,0.427999,0,0,1,1
0.236,0.41,0.430999,0,0,1,1
0.236,0.41,0.433999,0,0,1,1
0.236,0.41,0.436999,0,0,1,1
0.236,0.41,0.439999,0,0,1,1
0.239,0.41,0.26,0,0,1,1
0.239,0.41,0.263,0,0,1,1
0.239,0.41,0.266,0,0,1,1
0.239,0.41,0.269,0,0,1,1
0.239,0.41,0.272,0,0,1,1
0.239,0.41,0.275,0,0,1,1
0.239,0.41,0.278,0,0,1,1
0.239,0.41,0.281,0,0,1,1
0.239,0.41,0.284,0,0,1,1
0.239,0.41,0.287,0,0,1,1
0.239,0.41,0.29,0,0,1,1
0.239,0.41,0.293,0,0,1,1
0.239,0.41,0.296,0,0,1,1
0.239,0.41,0.299,0,0,1,1
0.239,0.41,0.302,0,0,1,1
0.239,0.41,0.305,0,0,1,1
0.239,0.41,0.308,0,0,1,1
0.239,0.41,0.311,0,0,1,1
0.239,0.41,0.314,0,0,1,1
0.239,0.41,0.317,0,0,1,1
0.239,0.41,0.32,0,0,1,1
0.239,0.41,0.323,0,0,1,1
0.239,0.41,0.326,0,0,1,1
0.239,0.41,0.329,0,0,1,1
0.239,0.41,0.332,0,0,1,1
0.239,0.41,0.335,0,0,1,1
0.239,0.41,0.338,0,0,1,1
0.239,0.41,0.341,0,0,1,1
0.239,0.41,0.344,0,0,1,1
0.239,0.41,0.347,0,0,1,1
0.239,0.41,0.35,0,0,1,1
0.239,0.41,0.353,0,0,1,1
0.239,0.41,0.356,0,0,1,1
0.239,0.41,0.359,0,0,1,1
0.239,0.41,0.362,0,0,1,1
0.239,0.41,0.365,0,0,1,1
0.239,0.41,0.368,0,0,1,1
0.239,0.41,0.371,0,0,1,1
0.239,0.41,0.374,0,0,1,1
0.239,0.41,0.377,0,0,1,1
0.239,0.41,0.38,0,0,1,1
0.239,0.41,0.383,0,0,1,1
0.239,0.41,0.386,0,0,1,1
0.239,0.41,0.389,0,0,1,1
0.239,0.41,0.392,0,0,1,1
0.239,0.41,0.395,0,0,1,1
0.239,0.41,0.398,0,0,1,1
0.239,0.41,0.401,0,0,1,1
0.239,0.41,0.404,0,0,1,1
0.239,0.41,0.407,0,0,1,1
0.239,0.41,0.41,0,0,1,1
0.239,0.41,0.413,0,0,1,1
0.239,0.41,0.416,0,0,1,1
0.239,0.41,0.419,0,0,1,1
0.239,0.41,0.422,0,0,1,1
0.239,0.41,0.425,0,0,1,1
0.239,0.41,0.427999,0,0,1,1
0.239,0.41,0.430999,0,0,1,1
0.239,0.41,0.433999,0,0,1,1
0.239,0.41,0.436999,0,0,1,1
0.239,0.41,0.439999,0,0,1,1
0.242,0.41,0.26,0,0,1,1
0.242,0.41,0.263,0,0,1,1
0.242,0.41,0.266,0,0,1,1
0.242,0.41,0.269,0,0,1,1
0.242,0.41,0.272,0,0,1,1
0.242,0.41,0.275,0,0,1,1
0.242,0.41,0.278,0,0,1,1
0.242,0.41,0.281,0,0,1,1
0.242,0.41,0.284,0,0,1,1
0.242,0.41,0.287,0,0,1,1
0.242,0.41,0.29,0,0,1,1
0.242,0.41,0.293,0,0,1,1
0.242,0.41,0.296,0,0,1,1
0.242,0.41,0.299,0,0,1,1
0.242,0.41,0.302,0,0,1,1
0.242,0.41,0.305,0,0,1,1
0.242,0.41,0.308,0,0,1,1
0.242,0.41,0.311,0,0,1,1
0.242,0.41,0.314,0,0,1,1
0.242,0.41,0.317,0,0,1,1
0.242,0.41,0.32,0,0,1,1
0.242,0.41,0.323,0,0,1,1
0.242,0.41,0.326,0,0,1,1
0.242,0.41,0.329,0,0,1,1
0.242,0.41,0.332,0,0,1,1
0.242,0.41,0.335,0,0,1,1
0.242,0.41,0.338,0,0,1,1
0.242,0.41,0.341,0,0,1,1
0.242,0.41,0.344,0,0,1,1
0.242,0.41,0.347,0,0,1,1
0.242,0.41,0.35,0,0,1,1
0.242,0.41,0.353,0,0,1,1
0.242,0.41,0.356,0,0,1,1
0.242,0.41,0.359,0,0,1,1
0.242,0.41,0.362,0,0,1,1
0.242,0.41,0.365,0,0,1,1
0.242,0.41,0.368,0,0,1,1
0.242,0.41,0.371,0,0,1,1
0.242,0.41,0.374,0,0,1,1
0.242,0.41,0.377,0,0,1,1
0.242,0.41,0.38,0,0,1,1
0.242,0.41,0.383,0,0,1,1
0.242,0.41,0.386,0,0,1,1
0.242,0.41,0.389,0,0,1,1
0.242,0.41,0.392,0,0,1,1
0.242,0.41,0.395,0,0,1,1
0.242,0.41,0.398,0,0,1,1
0.242,0.41,0.401,0,0,1,1
0.242,0.41,0.404,0,0,1,1
0.242,0.41,0.407,0,0,1,1
0.242,0.41,0.41,0,0,1,1
0.242,0.41,0.413,0,0,1,1
0.242,0.41,0.416,0,0,1,1
0.242,0.41,0.419,0,0,1,1
0.242,0.41,0.422,0,0,1,1
0.242,0.41,0.425,0,0,1,1
0.242,0.41,0.427999,0,0,1,1
0.242,0.41,0.430999,0,0,1,1
0.242,0.41,0.433999,0,0,1,1
0.242,0.41,0.436999,0,0,1,1
0.242,0.41,0.439999,0,0,1,1
0.245,0.41,0.26,0,0,1,1
0.245,0.41,0.263,0,0,1,1
0.245,0.41,0.266,0,0,1,1
0.245,0.41,0.269,0,0,1,1
0.245,0.41,0.272,0,0,1,1
0.245,0.41,0.275,0,0,1,1
0.245,0.41,0.278,0,0,1,1
0.245,0.41,0.281,0,0,1,1
0.245,0.41,0.284,0,0,1,1
0.245,0.41,0.287,0,0,1,1
0.245,0.41,0.29,0,0,1,1
0.245,0.41,0.293,0,0,1,1
0.245,0.41,0.296,0,0,1,1
0.245,0.41,0.299,0,0,1,1
0.245,0.41,0.302,0,0,1,1
0.245,0.41,0.305,0,0,1,1
0.245,0.41,0.308,0,0,1,1
0.245,0.41,0.311,0,0,1,1
0.245,0.41,0.314,0,0,1,1
0.245,0.41,0.317,0,0,1,1
0.245,0.41,0.32,0,0,1,1
0.245,0.41,0.323,0,0,1,1
0.245,0.41,0.326,0,0,1,1
0.245,0.41,0.329,0,0,1,1
0.245,0.41,0.332,0,0,1,1
0.245,0.41,0.335,0,0,1,1
0.245,0.41,0.338,0,0,1,1
0.245,0.41,0.341,0,0,1,1
0.245,0.41,0.344,0,0,1,1
0.245,0.41,0.347,0,0,1,1
0.245,0.41,0.35,0,0,1,1
0.245,0.41,0.353,0,0,1,1
0.245,0.41,0.356,0,0,1,1
0.245,0.41,0.359,0,0,1,1
0.245,0.41,0.362,0,0,1,1
0.245,0.41,0.365,0,0,1,1
0.245,0.41,0.368,0,0,1,1
0.245,0.41,0.371,0,0,1,1
0.245,0.41,0.374,0,0,1,1
0.245,0.41,0.377,0,0,1,1
0.245,0.41,0.38,0,0,1,1
0.245,0.41,0.383,0,0,1,1
0.245,0.41,0.386,0,0,1,1
0.245,0.41,0.389,0,0,1,1
0.245,0.41,0.392,0,0,1,1
0.245,0.41,0.395,0,0,1,1
0.245,0.41,0.398,0,0,1,1
0.245,0.41,0.401,0,0,1,1
0.245,0.41,0.404,0,0,1,1
0.245,0.41,0.407,0,0,1,1
0.245,0.41,0.41,0,0,1,1
0.245,0.41,0.413,0,0,1,1
0.245,0.41,0.416,0,0,1,1
0.245,0.41,0.419,0,0,1,1
0.245,0.41,0.422,0,0,1,1
0.245,0.41,0.425,0,0,1,1
0.245,0.41,0.427999,0,0,1,1
0.245,0.41,0.430999,0,0,1,1
0.245,0.41,0.433999,0,0,1,1
0.245,0.41,0.436999,0,0,1,1
0.245,0.41,0.439999,0,0,1,1
0.248,0.41,0.26,0,0,1,1
0.248,0.41,0.263,0,0,1,1
0.248,0.41,0.266,0,0,1,1
0.248,0.41,0.269,0,0,1,1
0.248,0.41,0.272,0,0,1,1
0.248,0.41,0.275,0,0,1,1
0.248,0.41,0.278,0,0,1,1
0.248,0.41,0.281,0,0,1,1
0.248,0.41,0.284,0,0,1,1
0.248,0.41,0.287,0,0,1,1
0.248,0.41,0.29,0,0,1,1
0.248,0.41,0.293,0,0,1,1
0.248,0.41,0.296,0,0,1,1
0.248,0.41,0.299,0,0,1,1
0.248,0.41,0.302,0,0,1,1
0.248,0.41,0.305,0,0,1,1
0.248,0.41,0.308,0,0,1,1
0.248,0.41,0.311,0,0,1,1
0.248,0.41,0.314,0,0,1,1
0.248,0.41,0.317,0,0,1,1
0.248,0.41,0.32,0,0,1,1
0.248,0.41,0.323,0,0,1,1
0.248,0.41,0.326,0,0,1,1
0.248,0.41,0.329,0,0,1,1
0.248,0.41,0.332,0,0,1,1
0.248,0.41,0.335,0,0,1,1
0.248,0.41,0.338,0,0,1,1
0.248,0.41,0.341,0,0,1,1
0.248,0.41,0.344,0,0,1,1
0.248,0.41,0.347,0,0,1,1
0.248,0.41,0.35,0,0,1,1
0.248,0.41,0.353,0,0,1,1
0.248,0.41,0.356,0,0,1,1
0.248,0.41,0.359,0,0,1,1
0.248,0.41,0.362,0,0,1,1
0.248,0.41,0.365,0,0,1,1
0.248,0.41,0.368,0,0,1,1
0.248,0.41,0.371,0,0,1,1
0.248,0.41,0.374,0,0,1,1
0.248,0.41,0.377,0,0,1,1
0.248,0.41,0.38,0,0,1,1
0.248,0.41,0.383,0,0,1,1
0.248,0.41,0.386,0,0,1,1
0.248,0.41,0.389,0,0,1,1
0.248,0.41,0.392,0,0,1,1
0.248,0.41,0.395,0,0,1,1
0.248,0.41,0.398,0,0,1,1
0.248,0.41,0.401,0,0,1,1
0.248,0.41,0.404,0,0,1,1
0.248,0.41,0.407,0,0,1,1
0.248,0.41,0.41,0,0,1,1
0.248,0.41,0.413,0,0,1,1
0.248,0.41,0.416,0,0,1,1
0.248,0.41,0.419,0,0,1,1
0.248,0.41,0.422,0,0,1,1
0.248,0.41,0.425,0,0,1,1
0.248,0.41,0.427999,0,0,1,1
0.248,0.41,0.430999,0,0,1,1
0.248,0.41,0.433999,0,0,1,1
0.248,0.41,0.436999,0,0,1,1
0.248,0.41,0.439999,0,0,1,1
0.251,0.41,0.26,0,0,1,1
0.251,0.41,0.263,0,0,1,1
0.251,0.41,0.266,0,0,1,1
0.251,0.41,0.269,0,0,1,1
0.251,0.41,0.272,0,0,1,1
0.251,0.41,0.275,0,0,1,1
0.251,0.41,0.278,0,0,1,1
0.251,0.41,0.281,0,0,1,1
0.251,0.41,0.284,0,0,1,1
0.251,0.41,0.287,0,0,1,1
0.251,0.41,0.29,0,0,1,1
0.251,0.41,0.293,0,0,1,1
0.251,0.41,0.296,0,0,1,1
0.251,0.41,0.299,0,0,1,1
0.251,0.41,0.302,0,0,1,1
0.251,0.41,0.305,0,0,1,1
0.251,0.41,0.308,0,0,1,1
0.251,0.41,0.311,0,0,1,1
0.251,0.41,0.314,0,0,1,1
0.251,0.41,0.317,0,0,1,1
0.251,0.41,0.32,0,0,1,1
0.251,0.41,0.323,0,0,1,1
0.251,0.41,0.326,0,0,1,1
0.251,0.41,0.329,0,0,1,1
0.251,0.41,0.332,0,0,1,1
0.251,0.41,0.335,0,0,1,1
0.251,0.41,0.338,0,0,1,1
0.251,0.41,0.341,0,0,1,1
0.251,0.41,0.344,0,0,1,1
0.251,0.41,0.347,0,0,1,1
0.251,0.41,0.35,0,0,1,1
0.251,0.41,0.353,0,0,1,1
0.251,0.41,0.356,0,0,1,1
0.251,0.41,0.359,0,0,1,1
0.251,0.41,0.362,0,0,1,1
0.251,0.41,0.365,0,0,1,1
0.251,0.41,0.368,0,0,1,1
0.251,0.41,0.371,0,0,1,1
0.251,0.41,0.374,0,0,1,1
0.251,0.41,0.377,0,0,1,1
0.251,0.41,0.38,0,0,1,1
0.251,0.41,0.383,0,0,1,1
0.251,0.41,0.386,0,0,1,1
0.251,0.41,0.389,0,0,1,1
0.251,0.41,0.392,0,0,1,1
0.251,0.41,0.395,0,0,1,1
0.251,0.41,0.398,0,0,1,1
0.251,0.41,0.401,0,0,1,1
0.251,0.41,0.404,0,0,1,1
0.251,0.41,0.407,0,0,1,1
0.251,0.41,0.41,0,0,1,1
0.251,0.41,0.413,0,0,1,1
0.251,0.41,0.416,0,0,1,1
0.251,0.41,0.419,0,0,1,1
0.251,0.41,0.422,0,0,1,1
0.251,0.41,0.425,0,0,1,1
0.251,0.41,0.427999,0,0,1,1
0.251,0.41,0.430999,0,0,1,1
0.251,0.41,0.433999,0,0,1,1
0.251,0.41,0.436999,0,0,1,1
0.251,0.41,0.439999,0,0,1,1
0.254,0.41,0.26,0,0,1,1
0.254,0.41,0.263,0,0,1,1
0.254,0.41,0.266,0,0,1,1
0.254,0.41,0.269,0,0,1,1
0.254,0.41,0.272,0,0,1,1
0.254,0.41,0.275,0,0,1,1
0.254,0.41,0.278,0,0,1,1
0.254,0.41,0.281,0,0,1,1
0.254,0.41,0.284,0,0,1,1
0.254,0.41,0.287,0,0,1,1
0.254,0.41,0.29,0,0,1,1
0.254,0.41,0.293,0,0,1,1
0.254,0.41,0.296,0,0,1,1
0.254,0.41,0.299,0,0,1,1
0.254,0.41,0.302,0,0,1,1
0.254,0.41,0.305,0,0,1,1
0.254,0.41,0.308,0,0,1,1
0.254,0.41,0.311,0,0,1,1
0.254,0.41,0.314,0,0,1,1
0.254,0.41,0.317,0,0,1,1
0.254,0.41,0.32,0,0,1,1
0.254,0.41,0.323,0,0,1,1
0.254,0.41,0.326,0,0,1,1
0.254,0.41,0.329,0,0,1,1
0.254,0.41,0.332,0,0,1,1
0.254,0.41,0.335,0,0,1,1
0.254,0.41,0.338,0,0,1,1
0.254,0.41,0.341,0,0,1,1
0.254,0.41,0.344,0,0,1,1
0.254,0.41,0.347,0,0,1,1
0.254,0.41,0.35,0,0,1,1
0.254,0.41,0.353,0,0,1,1
0.254,0.41,0.356,0,0,1,1
0.254,0.41,0.359,0,0,1,1
0.254,0.41,0.362,0,0,1,1
0.254,0.41,0.365,0,0,1,1
0.254,0.41,0.368,0,0,1,1
0.254,0.41,0.371,0,0,1,1
0.254,0.41,0.374,0,0,1,1
0.254,0.41,0.377,0,0,1,1
0.254,0.41,0.38,0,0,1,1
0.254,0.41,0.383,0,0,1,1
0.254,0.41,0.386,0,0,1,1
0.254,0.41,0.389,0,0,1,1
0.254,0.41,0.392,0,0,1,1
0.254,0.41,0.395,0,0,1,1
0.254,0.41,0.398,0,0,1,1
0.254,0.41,0.401,0,0,1,1
0.254,0.41,0.404,0,0,1,1
0.254,0.41,0.407,0,0,1,1
0.254,0.41,0.41,0,0,1,1
0.254,0.41,0.413,0,0,1,1
0.254,0.41,0.416,0,0,1,1
0.254,0.41,0.419,0,0,1,1
0.254,0.41,0.422,0,0,1,1
0.254,0.41,0.425,0,0,1,1
0.254,0.41,0.427999,0,0,1,1
0.254,0.41,0.430999,0,0,1,1
0.254,0.41,0.433999,0,0,1,1
0.254,0.41,0.436999,0,0,1,1
0.254,0.41,0.439999,0,0,1,1
0.257,0.41,0.26,0,0,1,1
0.257,0.41,0.263,0,0,1,1
0.257,0.41,0.266,0,0,1,1
0.257,0.41,0.269,0,0,1,1
0.257,0.41,0.272,0,0,1,1
0.257,0.41,0.275,0,0,1,1
0.257,0.41,0.278,0,0,1,1
0.257,0.41,0.281,0,0,1,1
0.257,0.41,0.284,0,0,1,1
0.257,0.41,0.287,0,0,1,1
0.257,0.41,0.29,0,0,1,1
0.257,0.41,0.293,0,0,1,1
0.257,0.41,0.296,0,0,1,1
0.257,0.41,0.299,0,0,1,1
0.257,0.41,0.302,0,0,1,1
0.257,0.41,0.305,0,0,1,1
0.257,0.41,0.308,0,0,1,1
0.257,0.41,0.311,0,0,1,1
0.257,0.41,0.314,0,0,1,1
0.257,0.41,0.317,0,0,1,1
0.257,0.41,0.32,0,0,1,1
0.257,0.41,0.323,0,0,1,1
0.257,0.41,0.326,0,0,1,1
0.257,0.41,0.329,0,0,1,1
0.257,0.41,0.332,0,0,1,1
0.257,0.41,0.335,0,0,1,1
0.257,0.41,0.338,0,0,1,1
0.257,0.41,0.341,0,0,1,1
0.257,0.41,0.344,0,0,1,1
0.257,0.41,0.347,0,0,1,1
0.257,0.41,0.35,0,0,1,1
0.257,0.41,0.353,0,0,1,1
0.257,0.41,0.356,0,0,1,1
0.257,0.41,0.359,0,0,1,1
0.257,0.41,0.362,0,0,1,1
0.257,0.41,0.365,0,0,1,1
0.257,0.41,0.368,0,0,1,1
0.257,0.41,0.371,0,0,1,1
0.257,0.41,0.374,0,0,1,1
0.257,0.41,0.377,0,0,1,1
0.257,0.41,0.38,0,0,1,1
0.257,0.41,0.383,0,0,1,1
0.257,0.41,0.386,0,0,1,1
0.257,0.41,0.389,0,0,1,1
0.257,0.41,0.392,0,0,1,1
0.257,0.41,0.395,0,0,1,1
0.257,0.41,0.398,0,0,1,1
0.257,0.41,0.401,0,0,1,1
0.257,0.41,0.404,0,0,1,1
0.257,0.41,0.407,0,0,1,1
0.257,0.41,0.41,0,0,1,1
0.257,0.41,0.413,0,0,1,1
0.257,0.41,0.416,0,0,1,1
0.257,0.41,0.419,0,0,1,1
0.257,0.41,0.422,0,0,1,1
0.257,0.41,0.425,0,0,1,1
0.257,0.41,0.427999,0,0,1,1
0.257,0.41,0.430999,0,0,1,1
0.257,0.41,0.433999,0,0,1,1
0.257,0.41,0.436999,0,0,1,1
0.257,0.41,0.439999,0,0,1,1
0.26,0.41,0.26,0,0,1,1
0.26,0.41,0.263,0,0,1,1
0.26,0.41,0.266,0,0,1,1
0.26,0.41,0.269,0,0,1,1
0.26,0.41,0.272,0,0,1,1
0.26,0.41,0.275,0,0,1,1
0.26,0.41,0.278,0,0,1,1
0.26,0.41,0.281,0,0,1,1
0.26,0.41,0.284,0,0,1,1
0.26,0.41,0.287,0,0,1,1
0.26,0.41,0.29,0,0,1,1
0.26,0.41,0.293,0,0,1,1
0.26,0.41,0.296,0,0,1,1
0.26,0.41,0.299,0,0,1,1
0.26,0.41,0.302,0,0,1,1
0.26,0.41,0.305,0,0,1,1
0.26,0.41,0.308,0,0,1,1
0.26,0.41,0.311,0,0,1,1
0.26,0.41,0.314,0,0,1,1
0.26,0.41,0.317,0,0,1,1
0.26,0.41,0.32,0,0,1,1
0.26,0.41,0.323,0,0,1,1
0.26,0.41,0.326,0,0,1,1
0.26,0.41,0.329,0,0,1,1
0.26,0.41,0.332,0,0,1,1
0.26,0.41,0.335,0,0,1,1
0.26,0.41,0.338,0,0,1,1
0.26,0.41,0.341,0,0,1,1
0.26,0.41,0.344,0,0,1,1
0.26,0.41,0.347,0,0,1,1
0.26,0.41,0.35,0,0,1,1
0.26,0.41,0.353,0,0,1,1
0.26,0.41,0.356,0,0,1,1
0.26,0.41,0.359,0,0,1,1
0.26,0.41,0.362,0,0,1,1
0.26,0.41,0.365,0,0,1,1
0.26,0.41,0.368,0,0,1,1
0.26,0.41,0.371,0,0,1,1
0.26,0.41,0.374,0,0,1,1
0.26,0.41,0.377,0,0,1,1
0.26,0.41,0.38,0,0,1,1
0.26,0.41,0.383,0,0,1,1
0.26,0.41,0.386,0,0,1,1
0.26,0.41,0.389,0,0,1,1
0.26,0.41,0.392,0,0,1,1
0.26,0.41,0.395,0,0,1,1
0.26,0.41,0.398,0,0,1,1
0.26,0.41,0.401,0,0,1,1
0.26,0.41,0.404,0,0,1,1
0.26,0.41,0.407,0,0,1,1
0.26,0.41,0.41,0,0,1,1
0.26,0.41,0.413,0,0,1,1
0.26,0.41,0.416,0,0,1,1
0.26,0.41,0.419,0,0,1,1
0.26,0.41,0.422,0,0,1,1
0.26,0.41,0.425,0,0,1,1
0.26,0.41,0.427999,0,0,1,1
0.26,0.41,0.430999,0,0,1,1
0.26,0.41,0.433999,0,0,1,1
0.26,0.41,0.436999,0,0,1,1
0.26,0.41,0.439999,0,0,1,1
0.263,0.41,0.26,0,0,1,1
0.263,0.41,0.263,0,0,1,1
0.263,0.41,0.266,0,0,1,1
0.263,0.41,0.269,0,0,1,1
0.263,0.41,0.272,0,0,1,1
0.263,0.41,0.275,0,0,1,1
0.263,0.41,0.278,0,0,1,1
0.263,0.41,0.281,0,0,1,1
0.263,0.41,0.284,0,0,1,1
0.263,0.41,0.287,0,0,1,1
0.263,0.41,0.29,0,0,1,1
0.263,0.41,0.293,0,0,1,1
0.263,0.41,0.296,0,0,1,1
0.263,0.41,0.299,0,0,1,1
0.263,0.41,0.302,0,0,1,1
0.263,0.41,0.305,0,0,1,1
0.263,0.41,0.308,0,0,1,1
0.263,0.41,0.311,0,0,1,1
0.263,0.41,0.314,0,0,1,1
0.263,0.41,0.317,0,0,1,1
0.263,0.41,0.32,0,0,1,1
0.263,0.41,0.323,0,0,1,1
0.263,0.41,0.326,0,0,1,1
0.263,0.41,0.329,0,0,1,1
0.263,0.41,0.332,0,0,1,1
0.263,0.41,0.335,0,0,1,1
0.263,0.41,0.338,0,0,1,1
0.263,0.41,0.341,0,0,1,1
0.263,0.41,0.344,0,0,1,1
0.263,0.41,0.347,0,0,1,1
0.263,0.41,0.35,0,0,1,1
0.263,0.41,0.353,0,0,1,1
0.263,0.41,0.356,0,0,1,1
0.263,0.41,0.359,0,0,1,1
0.263,0.41,0.362,0,0,1,1
0.263,0.41,0.365,0,0,1,1
0.263,0.41,0.368,0,0,1,1
0.263,0.41,0.371,0,0,1,1
0.263,0.41,0.374,0,0,1,1
0.263,0.41,0.377,0,0,1,1
0.263,0.41,0.38,0,0,1,1
0.263,0.41,0.383,0,0,1,1
0.263,0.41,0.386,0,0,1,1
0.263,0.41,0.389,0,0,1,1
0.263,0.41,0.392,0,0,1,1
0.263,0.41,0.395,0,0,1,1
0.263,0.41,0.398,0,0,1,1
0.263,0.41,0.401,0,0,1,1
0.263,0.41,0.404,0,0,1,1
0.263,0.41,0.407,0,0,1,1
0.263,0.41,0.41,0,0,1,1
0.263,0.41,0.413,0,0,1,1
0.263,0.41,0.416,0,0,1,1
0.263,0.41,0.419,0,0,1,1
0.263,0.41,0.422,0,0,1,1
0.263,0.41,0.425,0,0,1,1
0.263,0.41,0.427999,0,0,1,1
0.263,0.41,0.430999,0,0,1,1
0.263,0.41,0.433999,0,0,1,1
0.263,0.41,0.436999,0,0,1,1
0.263,0.41,0.439999,0,0,1,1
0.266,0.41,0.26,0,0,1,1
0.266,0.41,0.263,0,0,1,1
0.266,0.41,0.266,0,0,1,1
0.266,0.41,0.269,0,0,1,1
0.266,0.41,0.272,0,0,1,1
0.266,0.41,0.275,0,0,1,1
0.266,0.41,0.278,0,0,1,1
0.266,0.41,0.281,0,0,1,1
0.266,0.41,0.284,0,0,1,1
0.266,0.41,0.287,0,0,1,1
0.266,0.41,0.29,0,0,1,1
0.266,0.41,0.293,0,0,1,1
0.266,0.41,0.296,0,0,1,1
0.266,0.41,0.299,0,0,1,1
0.266,0.41,0.302,0,0,1,1
0.266,0.41,0.305,0,0,1,1
0.266,0.41,0.308,0,0,1,1
0.266,0.41,0.311,0,0,1,1
0.266,0.41,0.314,0,0,1,1
0.266,0.41,0.317,0,0,1,1
0.266,0.41,0.32,0,0,1,1
0.266,0.41,0.323,0,0,1,1
0.266,0.41,0.326,0,0,1,1
0.266,0.41,0.329,0,0,1,1
0.266,0.41,0.332,0,0,1,1
0.266,0.41,0.335,0,0,1,1
0.266,0.41,0.338,0,0,1,1
0.266,0.41,0.341,0,0,1,1
0.266,0.41,0.344,0,0,1,1
0.266,0.41,0.347,0,0,1,1
0.266,0.41,0.35,0,0,1,1
0.266,0.41,0.353,0,0,1,1
0.266,0.41,0.356,0,0,1,1
0.266,0.41,0.359,0,0,1,1
0.266,0.41,0.362,0,0,1,1
0.266,0.41,0.365,0,0,1,1
0.266,0.41,0.368,0,0,1,1
0.266,0.41,0.371,0,0,1,1
0.266,0.41,0.374,0,0,1,1
0.266,0.41,0.377,0,0,1,1
0.266,0.41,0.38,0,0,1,1
0.266,0.41,0.383,0,0,1,1
0.266,0.41,0.386,0,0,1,1
0.266,0.41,0.389,0,0,1,1
0.266,0.41,0.392,0,0,1,1
0.266,0.41,0.395,0,0,1,1
0.266,0.41,0.398,0,0,1,1
0.266,0.41,0.401,0,0,1,1
0.266,0.41,0.404,0,0,1,1
0.266,0.41,0.407,0,0,1,1
0.266,0.41,0.41,0,0,1,1
0.266,0.41,0.413,0,0,1,1
0.266,0.41,0.416,0,0,1,1
0.266,0.41,0.419,0,0,1,1
0.266,0.41,0.422,0,0,1,1
0.266,0.41,0.425,0,0,1,1
0.266,0.41,0.427999,0,0,1,1
0.266,0.41,0.430999,0,0,1,1
0.266,0.41,0.433999,0,0,1,1
0.266,0.41,0.436999,0,0,1,1
0.266,0.41,0.439999,0,0,1,1
0.269,0.41,0.26,0,0,1,1
0.269,0.41,0.263,0,0,1,1
0.269,0.41,0.266,0,0,1,1
0.269,0.41,0.269,0,0,1,1
0.269,0.41,0.272,0,0,1,1
0.269,0.41,0.275,0,0,1,1
0.269,0.41,0.278,0,0,1,1
0.269,0.41,0.281,0,0,1,1
0.269,0.41,0.284,0,0,1,1
0.269,0.41,0.287,0,0,1,1
0.269,0.41,0.29,0,0,1,1
0.269,0.41,0.293,0,0,1,1
0.269,0.41,0.296,0,0,1,1
0.269,0.41,0.299,0,0,1,1
0.269,0.41,0.302,0,0,1,1
0.269,0.41,0.305,0,0,1,1
0.269,0.41,0.308,0,0,1,1
0.269,0.41,0.311,0,0,1,1
0.269,0.41,0.314,0,0,1,1
0.269,0.41,0.317,0,0,1,1
0.269,0.41,0.32,0,0,1,1
0.269,0.41,0.323,0,0,1,1
0.269,0.41,0.326,0,0,1,1
0.269,0.41,0.329,0,0,1,1
0.269,0.41,0.332,0,0,1,1
0.269,0.41,0.335,0,0,1,1
0.269,0.41,0.338,0,0,1,1
0.269,0.41,0.341,0,0,1,1
0.269,0.41,0.344,0,0,1,1
0.269,0.41,0.347,0,0,1,1
0.269,0.41,0.35,0,0,1,1
0.269,0.41,0.353,0,0,1,1
0.269,0.41,0.356,0,0,1,1
0.269,0.41,0.359,0,0,1,1
0.269,0.41,0.362,0,0,1,1
0.269,0.41,0.365,0,0,1,1
0.269,0.41,0.368,0,0,1,1
0.269,0.41,0.371,0,0,1,1
0.269,0.41,0.374,0,0,1,1
0.269,0.41,0.377,0,0,1,1
0.269,0.41,0.38,0,0,1,1
0.269,0.41,0.383,0,0,1,1
0.269,0.41,0.386,0,0,1,1
0.269,0.41,0.389,0,0,1,1
0.269,0.41,0.392,0,0,1,1
0.269,0.41,0.395,0,0,1,1
0.269,0.41,0.398,0,0,1,1
0.269,0.41,0.401,0,0,1,1
0.269,0.41,0.404,0,0,1,1
0.269,0.41,0.407,0,0,1,1
0.269,0.41,0.41,0,0,1,1
0.269,0.41,0.413,0,0,1,1
0.269,0.41,0.416,0,0,1,1
0.269,0.41,0.419,0,0,1,1
0.269,0.41,0.422,0,0,1,1
0.269,0.41,0.425,0,0,1,1
0.269,0.41,0.427999,0,0,1,1
0.269,0.41,0.430999,0,0,1,1
0.269,0.41,0.433999,0,0,1,1
0.269,0.41,0.436999,0,0,1,1
0.269,0.41,0.439999,0,0,1,1
0.272,0.41,0.26,0,0,1,1
0.272,0.41,0.263,0,0,1,1
0.272,0.41,0.266,0,0,1,1
0.272,0.41,0.269,0,0,1,1
0.272,0.41,0.272,0,0,1,1
0.272,0.41,0.275,0,0,1,1
0.272,0.41,0.278,0,0,1,1
0.272,0.41,0.281,0,0,1,1
0.272,0.41,0.284,0,0,1,1
0.272,0.41,0.287,0,0,1,1
0.272,0.41,0.29,0,0,1,1
0.272,0.41,0.293,0,0,1,1
0.272,0.41,0.296,0,0,1,1
0.272,0.41,0.299,0,0,1,1
0.272,0.41,0.302,0,0,1,1
0.272,0.41,0.305,0,0,1,1
0.272,0.41,0.308,0,0,1,1
0.272,0.41,0.311,0,0,1,1
0.272,0.41,0.314,0,0,1,1
0.272,0.41,0.317,0,0,1,1
0.272,0.41,0.32,0,0,1,1
0.272,0.41,0.323,0,0,1,1
0.272,0.41,0.326,0,0,1,1
0.272,0.41,0.329,0,0,1,1
0.272,0.41,0.332,0,0,1,1
0.272,0.41,0.335,0,0,1,1
0.272,0.41,0.338,0,0,1,1
0.272,0.41,0.341,0,0,1,1
0.272,0.41,0.344,0,0,1,1
0.272,0.41,0.347,0,0,1,1
0.272,0.41,0.35,0,0,1,1
0.272,0.41,0.353,0,0,1,1
0.272,0.41,0.356,0,0,1,1
0.272,0.41,0.359,0,0,1,1
0.272,0.41,0.362,0,0,1,1
0.272,0.41,0.365,0,0,1,1
0.272,0.41,0.368,0,0,1,1
0.272,0.41,0.371,0,0,1,1
0.272,0.41,0.374,0,0,1,1
0.272,0.41,0.377,0,0,1,1
0.272,0.41,0.38,0,0,1,1
0.272,0.41,0.383,0,0,1,1
0.272,0.41,0.386,0,0,1,1
0.272,0.41,0.389,0,0,1,1
0.272,0.41,0.392,0,0,1,1
0.272,0.41,0.395,0,0,1,1
0.272,0.41,0.398,0,0,1,1
0.272,0.41,0.401,0,0,1,1
0.272,0.41,0.404,0,0,1,1
0.272,0.41,0.407,0,0,1,1
0.272,0.41,0.41,0,0,1,1
0.272,0.41,0.413,0,0,1,1
0.272,0.41,0.416,0,0,1,1
0.272,0.41,0.419,0,0,1,1
0.272,0.41,0.422,0,0,1,1
0.272,0.41,0.425,0,0,1,1
0.272,0.41,0.427999,0,0,1,1
0.272,0.41,0.430999,0,0,1,1
0.272,0.41,0.433999,0,0,1,1
0.272,0.41,0.436999,0,0,1,1
0.272,0.41,0.439999,0,0,1,1
0.275,0.41,0.26,0,0,1,1
0.275,0.41,0.263,0,0,1,1
0.275,0.41,0.266,0,0,1,1
0.275,0.41,0.269,0,0,1,1
0.275,0.41,0.272,0,0,1,1
0.275,0.41,0.275,0,0,1,1
0.275,0.41,0.278,0,0,1,1
0.275,0.41,0.281,0,0,1,1
0.275,0.41,0.284,0,0,1,1
0.275,0.41,0.287,0,0,1,1
0.275,0.41,0.29,0,0,1,1
0.275,0.41,0.293,0,0,1,1
0.275,0.41,0.296,0,0,1,1
0.275,0.41,0.299,0,0,1,1
0.275,0.41,0.302,0,0,1,1
0.275,0.41,0.305,0,0,1,1
0.275,0.41,0.308,0,0,1,1
0.275,0.41,0.311,0,0,1,1
0.275,0.41,0.314,0,0,1,1
0.275,0.41,0.317,0,0,1,1
0.275,0.41,0.32,0,0,1,1
0.275,0.41,0.323,0,0,1,1
0.275,0.41,0.326,0,0,1,1
0.275,0.41,0.329,0,0,1,1
0.275,0.41,0.332,0,0,1,1
0.275,0.41,0.335,0,0,1,1
0.275,0.41,0.338,0,0,1,1
0.275,0.41,0.341,0,0,1,1
0.275,0.41,0.344,0,0,1,1
0.275,0.41,0.347,0,0,1,1
0.275,0.41,0.35,0,0,1,1
0.275,0.41,0.353,0,0,1,1
0.275,0.41,0.356,0,0,1,1
0.275,0.41,0.359,0,0,1,1
0.275,0.41,0.362,0,0,1,1
0.275,0.41,0.365,0,0,1,1
0.275,0.41,0.368,0,0,1,1
0.275,0.41,0.371,0,0,1,1
0.275,0.41,0.374,0,0,1,1
0.275,0.41,0.377,0,0,1,1
0.275,0.41,0.38,0,0,1,1
0.275,0.41,0.383,0,0,1,1
0.275,0.41,0.386,0,0,1,1
0.275,0.41,0.389,0,0,1,1
0.275,0.41,0.392,0,0,1,1
0.275,0.41,0.395,0,0,1,1
0.275,0.41,0.398,0,0,1,1
0.275,0.41,0.401,0,0,1,1
0.275,0.41,0.404,0,0,1,1
0.275,0.41,0.407,0,0,1,1
0.275,0.41,0.41,0,0,1,1
0.275,0.41,0.413,0,0,1,1
0.275,0.41,0.416,0,0,1,1
0.275,0.41,0.419,0,0,1,1
0.275,0.41,0.422,0,0,1,1
0.275,0.41,0.425,0,0,1,1
0.275,0.41,0.427999,0,0,1,1
0.275,0.41,0.430999,0,0,1,1
0.275,0.41,0.433999,0,0,1,1
0.275,0.41,0.436999,0,0,1,1
0.275,0.41,0.439999,0,0,1,1
0.278,0.41,0.26,0,0,1,1
0.278,0.41,0.263,0,0,1,1
0.278,0.41,0.266,0,0,1,1
0.278,0.41,0.269,0,0,1,1
0.278,0.41,0.272,0,0,1,1
0.278,0.41,0.275,0,0,1,1
0.278,0.41,0.278,0,0,1,1
0.278,0.41,0.281,0,0,1,1
0.278,0.41,0.284,0,0,1,1
0.278,0.41,0.287,0,0,1,1
0.278,0.41,0.29,0,0,1,1
0.278,0.41,0.293,0,0,1,1
0.278,0.41,0.296,0,0,1,1
0.278,0.41,0.299,0,0,1,1
0.278,0.41,0.302,0,0,1,1
0.278,0.41,0.305,0,0,1,1
0.278,0.41,0.308,0,0,1,1
0.278,0.41,0.311,0,0,1,1
0.278,0.41,0.314,0,0,1,1
0.278,0.41,0.317,0,0,1,1
0.278,0.41,0.32,0,0,1,1
0.278,0.41,0.323,0,0,1,1
0.278,0.41,0.326,0,0,1,1
0.278,0.41,0.329,0,0,1,1
0.278,0.41,0.332,0,0,1,1
0.278,0.41,0.335,0,0,1,1
0.278,0.41,0.338,0,0,1,1
0.278,0.41,0.341,0,0,1,1
0.278,0.41,0.344,0,0,1,1
0.278,0.41,0.347,0,0,1,1
0.278,0.41,0.35,0,0,1,1
0.278,0.41,0.353,0,0,1,1
0.278,0.41,0.356,0,0,1,1
0.278,0.41,0.359,0,0,1,1
0.278,0.41,0.362,0,0,1,1
0.278,0.41,0.365,0,0,1,1
0.278,0.41,0.368,0,0,1,1
0.278,0.41,0.371,0,0,1,1
0.278,0.41,0.374,0,0,1,1
0.278,0.41,0.377,0,0,1,1
0.278,0.41,0.38,0,0,1,1
0.278,0.41,0.383,0,0,1,1
0.278,0.41,0.386,0,0,1,1
0.278,0.41,0.389,0,0,1,1
0.278,0.41,0.392,0,0,1,1
0.278,0.41,0.395,0,0,1,1
0.278,0.41,0.398,0,0,1,1
0.278,0.41,0.401,0,0,1,1
0.278,0.41,0.404,0,0,1,1
0.278,0.41,0.407,0,0,1,1
0.278,0.41,0.41,0,0,1,1
0.278,0.41,0.413,0,0,1,1
0.278,0.41,0.416,0,0,1,1
0.278,0.41,0.419,0,0,1,1
0.278,0.41,0.422,0,0,1,1
0.278,0.41,0.425,0,0,1,1
0.278,0.41,0.427999,0,0,1,1
0.278,0.41,0.430999,0,0,1,1
0.278,0.41,0.433999,0,0,1,1
0.278,0.41,0.436999,0,0,1,1
0.278,0.41,0.439999,0,0,1,1
0.281,0.41,0.26,0,0,1,1
0.281,0.41,0.263,0,0,1,1
0.281,0.41,0.266,0,0,1,1
0.281,0.41,0.269,0,0,1,1
0.281,0.41,0.272,0,0,1,1
0.281,0.41,0.275,0,0,1,1
0.281,0.41,0.278,0,0,1,1
0.281,0.41,0.281,0,0,1,1
0.281,0.41,0.284,0,0,1,1
0.281,0.41,0.287,0,0,1,1
0.281,0.41,0.29,0,0,1,1
0.281,0.41,0.293,0,0,1,1
0.281,0.41,0.296,0,0,1,1
0.281,0.41,0.299,0,0,1,1
0.281,0.41,0.302,0,0,1,1
0.281,0.41,0.305,0,0,1,1
0.281,0.41,0.308,0,0,1,1
0.281,0.41,0.311,0,0,1,1
0.281,0.41,0.314,0,0,1,1
0.281,0.41,0.317,0,0,1,1
0.281,0.41,0.32,0,0,1,1
0.281,0.41,0.323,0,0,1,1
0.281,0.41,0.326,0,0,1,1
0.281,0.41,0.329,0,0,1,1
0.281,0.41,0.332,0,0,1,1
0.281,0.41,0.335,0,0,1,1
0.281,0.41,0.338,0,0,1,1
0.281,0.41,0.341,0,0,1,1
0.281,0.41,0.344,0,0,1,1
0.281,0.41,0.347,0,0,1,1
0.281,0.41,0.35,0,0,1,1
0.281,0.41,0.353,0,0,1,1
0.281,0.41,0.356,0,0,1,1
0.281,0.41,0.359,0,0,1,1
0.281,0.41,0.362,0,0,1,1
0.281,0.41,0.365,0,0,1,1
0.281,0.41,0.368,0,0,1,1
0.281,0.41,0.371,0,0,1,1
0.281,0.41,0.374,0,0,1,1
0.281,0.41,0.377,0,0,1,1
0.281,0.41,0.38,0,0,1,1
0.281,0.41,0.383,0,0,1,1
0.281,0.41,0.386,0,0,1,1
0.281,0.41,0.389,0,0,1,1
0.281,0.41,0.392,0,0,1,1
0.281,0.41,0.395,0,0,1,1
0.281,0.41,0.398,0,0,1,1
0.281,0.41,0.401,0,0,1,1
0.281,0.41,0.404,0,0,1,1
0.281,0.41,0.407,0,0,1,1
0.281,0.41,0.41,0,0,1,1
0.281,0.41,0.413,0,0,1,1
0.281,0.41,0.416,0,0,1,1
0.281,0.41,0.419,0,0,1,1
0.281,0.41,0.422,0,0,1,1
0.281,0.41,0.425,0,0,1,1
0.281,0.41,0.427999,0,0,1,1
0.281,0.41,0.430999,0,0,1,1
0.281,0.41,0.433999,0,0,1,1
0.281,0.41,0.436999,0,0,1,1
0.281,0.41,0.439999,0,0,1,1
0.284,0.41,0.26,0,0,1,1
0.284,0.41,0.263,0,0,1,1
0.284,0.41,0.266,0,0,1,1
0.284,0.41,0.269,0,0,1,1
0.284,0.41,0.272,0,0,1,1
0.284,0.41,0.275,0,0,1,1
0.284,0.41,0.278,0,0,1,1
0.284,0.41,0.281,0,0,1,1
0.284,0.41,0.284,0,0,1,1
0.284,0.41,0.287,0,0,1,1
0.284,0.41,0.29,0,0,1,1
0.284,0.41,0.293,0,0,1,1
0.284,0.41,0.296,0,0,1,1
0.284,0.41,0.299,0,0,1,1
0.284,0.41,0.302,0,0,1,1
0.284,0.41,0.305,0,0,1,1
0.284,0.41,0.308,0,0,1,1
0.284,0.41,0.311,0,0,1,1
0.284,0.41,0.314,0,0,1,1
0.284,0.41,0.317,0,0,1,1
0.284,0.41,0.32,0,0,1,1
0.284,0.41,0.323,0,0,1,1
0.284,0.41,0.326,0,0,1,1
0.284,0.41,0.329,0,0,1,1
0.284,0.41,0.332,0,0,1,1
0.284,0.41,0.335,0,0,1,1
0.284,0.41,0.338,0,0,1,1
0.284,0.41,0.341,0,0,1,1
0.284,0.41,0.344,0,0,1,1
0.284,0.41,0.347,0,0,1,1
0.284,0.41,0.35,0,0,1,1
0.284,0.41,0.353,0,0,1,1
0.284,0.41,0.356,0,0,1,1
0.284,0.41,0.359,0,0,1,1
0.284,0.41,0.362,0,0,1,1
0.284,0.41,0.365,0,0,1,1
0.284,0.41,0.368,0,0,1,1
0.284,0.41,0.371,0,0,1,1
0.284,0.41,0.374,0,0,1,1
0.284,0.41,0.377,0,0,1,1
0.284,0.41,0.38,0,0,1,1
0.284,0.41,0.383,0,0,1,1
0.284,0.41,0.386,0,0,1,1
0.284,0.41,0.389,0,0,1,1
0.284,0.41,0.392,0,0,1,1
0.284,0.41,0.395,0,0,1,1
0.284,0.41,0.398,0,0,1,1
0.284,0.41,0.401,0,0,1,1
0.284,0.41,0.404,0,0,1,1
0.284,0.41,0.407,0,0,1,1
0.284,0.41,0.41,0,0,1,1
0.284,0.41,0.413,0,0,1,1
0.284,0.41,0.416,0,0,1,1
0.284,0.41,0.419,0,0,1,1
0.284,0.41,0.422,0,0,1,1
0.284,0.41,0.425,0,0,1,1
0.284,0.41,0.427999,0,0,1,1
0.284,0.41,0.430999,0,0,1,1
0.284,0.41,0.433999,0,0,1,1
0.284,0.41,0.436999,0,0,1,1
0.284,0.41,0.439999,0,0,1,1
0.287,0.41,0.26,0,0,1,1
0.287,0.41,0.263,0,0,1,1
0.287,0.41,0.266,0,0,1,1
0.287,0.41,0.269,0,0,1,1
0.287,0.41,0.272,0,0,1,1
0.287,0.41,0.275,0,0,1,1
0.287,0.41,0.278,0,0,1,1
0.287,0.41,0.281,0,0,1,1
0.287,0.41,0.284,0,0,1,1
0.287,0.41,0.287,0,0,1,1
0.287,0.41,0.29,0,0,1,1
0.287,0.41,0.293,0,0,1,1
0.287,0.41,0.296,0,0,1,1
0.287,0.41,0.299,0,0,1,1
0.287,0.41,0.302,0,0,1,1
0.287,0.41,0.305,0,0,1,1
0.287,0.41,0.308,0,0,1,1
0.287,0.41,0.311,0,0,1,1
0.287,0.41,0.314,0,0,1,1
0.287,0.41,0.317,0,0,1,1
0.287,0.41,0.32,0,0,1,1
0.287,0.41,0.323,0,0,1,1
0.287,0.41,0.326,0,0,1,1
0.287,0.41,0.329,0,0,1,1
0.287,0.41,0.332,0,0,1,1
0.287,0.41,0.335,0,0,1,1
0.287,0.41,0.338,0,0,1,1
0.287,0.41,0.341,0,0,1,1
0.287,0.41,0.344,0,0,1,1
0.287,0.41,0.347,0,0,1,1
0.287,0.41,0.35,0,0,1,1
0.287,0.41,0.353,0,0,1,1
0.287,0.41,0.356,0,0,1,1
0.287,0.41,0.359,0,0,1,1
0.287,0.41,0.362,0,0,1,1
0.287,0.41,0.365,0,0,1,1
0.287,0.41,0.368,0,0,1,1
0.287,0.41,0.371,0,0,1,1
0.287,0.41,0.374,0,0,1,1
0.287,0.41,0.377,0,0,1,1
0.287,0.41,0.38,0,0,1,1
0.287,0.41,0.383,0,0,1,1
0.287,0.41,0.386,0,0,1,1
0.287,0.41,0.389,0,0,1,1
0.287,0.41,0.392,0,0,1,1
0.287,0.41,0.395,0,0,1,1
0.287,0.41,0.398,0,0,1,1
0.287,0.41,0.401,0,0,1,1
0.287,0.41,0.404,0,0,1,1
0.287,0.41,0.407,0,0,1,1
0.287,0.41,0.41,0,0,1,1
0.287,0.41,0.413,0,0,1,1
0.287,0.41,0.416,0,0,1,1
0.287,0.41,0.419,0,0,1,1
0.287,0.41,0.422,0,0,1,1
0.287,0.41,0.425,0,0,1,1
0.287,0.41,0.427999,0,0,1,1
0.287,0.41,0.430999,0,0,1,1
0.287,0.41,0.433999,0,0,1,1
0.287,0.41,0.436999,0,0,1,1
0.287,0.41,0.439999,0,0,1,1
0.29,0.41,0.26,0,0,1,1
0.29,0.41,0.263,0,0,1,1
0.29,0.41,0.266,0,0,1,1
0.29,0.41,0.269,0,0,1,1
0.29,0.41,0.272,0,0,1,1
0.29,0.41,0.275,0,0,1,1
0.29,0.41,0.278,0,0,1,1
0.29,0.41,0.281,0,0,1,1
0.29,0.41,0.284,0,0,1,1
0.29,0.41,0.287,0,0,1,1
0.29,0.41,0.29,0,0,1,1
0.29,0.41,0.293,0,0,1,1
0.29,0.41,0.296,0,0,1,1
0.29,0.41,0.299,0,0,1,1
0.29,0.41,0.302,0,0,1,1
0.29,0.41,0.305,0,0,1,1
0.29,0.41,0.308,0,0,1,1
0.29,0.41,0.311,0,0,1,1
0.29,0.41,0.314,0,0,1,1
0.29,0.41,0.317,0,0,1,1
0.29,0.41,0.32,0,0,1,1
0.29,0.41,0.323,0,0,1,1
0.29,0.41,0.326,0,0,1,1
0.29,0.41,0.329,0,0,1,1
0.29,0.41,0.332,0,0,1,1
0.29,0.41,0.335,0,0,1,1
0.29,0.41,0.338,0,0,1,1
0.29,0.41,0.341,0,0,1,1
0.29,0.41,0.344,0,0,1,1
0.29,0.41,0.347,0,0,1,1
0.29,0.41,0.35,0,0,1,1
0.29,0.41,0.353,0,0,1,1
0.29,0.41,0.356,0,0,1,1
0.29,0.41,0.359,0,0,1,1
0.29,0.41,0.362,0,0,1,1
0.29,0.41,0.365,0,0,1,1
0.29,0.41,0.368,0,0,1,1
0.29,0.41,0.371,0,0,1,1
0.29,0.41,0.374,0,0,1,1
0.29,0.41,0.377,0,0,1,1
0.29,0.41,0.38,0,0,1,1
0.29,0.41,0.383,0,0,1,1
0.29,0.41,0.386,0,0,1,1
0.29,0.41,0.389,0,0,1,1
0.29,0.41,0.392,0,0,1,1
0.29,0.41,0.395,0,0,1,1
0.29,0.41,0.398,0,0,1,1
0.29,0.41,0.401,0,0,1,1
0.29,0.41,0.404,0,0,1,1
0.29,0.41,0.407,0,0,1,1
0.29,0.41,0.41,0,0,1,1
0.29,0.41,0.413,0,0,1,1
0.29,0.41,0.416,0,0,1,1
0.29,0.41,0.419,0,0,1,1
0.29,0.41,0.422,0,0,1,1
0.29,0.41,0.425,0,0,1,1
0.29,0.41,0.427999,0,0,1,1
0.29,0.41,0.430999,0,0,1,1
0.29,0.41,0.433999,0,0,1,1
0.29,0.41,0.436999,0,0,1,1
0.29,0.41,0.439999,0,0,1,1
0.293,0.41,0.26,0,0,1,1
0.293,0.41,0.263,0,0,1,1
0.293,0.41,0.266,0,0,1,1
0.293,0.41,0.269,0,0,1,1
0.293,0.41,0.272,0,0,1,1
0.293,0.41,0.275,0,0,1,1
0.293,0.41,0.278,0,0,1,1
0.293,0.41,0.281,0,0,1,1
0.293,0.41,0.284,0,0,1,1
0.293,0.41,0.287,0,0,1,1
0.293,0.41,0.29,0,0,1,1
0.293,0.41,0.293,0,0,1,1
0.293,0.41,0.296,0,0,1,1
0.293,0.41,0.299,0,0,1,1
0.293,0.41,0.302,0,0,1,1
0.293,0.41,0.305,0,0,1,1
0.293,0.41,0.308,0,0,1,1
0.293,0.41,0.311,0,0,1,1
0.293,0.41,0.314,0,0,1,1
0.293,0.41,0.317,0,0,1,1
0.293,0.41,0.32,0,0,1,1
0.293,0.41,0.323,0,0,1,1
0.293,0.41,0.326,0,0,1,1
0.293,0.41,0.329,0,0,1,1
0.293,0.41,0.332,0,0,1,1
0.293,0.41,0.335,0,0,1,1
0.293,0.41,0.338,0,0,1,1
0.293,0.41,0.341,0,0,1,1
0.293,0.41,0.344,0,0,1,1
0.293,0.41,0.347,0,0,1,1
0.293,0.41,0.35,0,0,1,1
0.293,0.41,0.353,0,0,1,1
0.293,0.41,0.356,0,0,1,1
0.293,0.41,0.359,0,0,1,1
0.293,0.41,0.362,0,0,1,1
0.293,0.41,0.365,0,0,1,1
0.293,0.41,0.368,0,0,1,1
0.293,0.41,0.371,0,0,1,1
0.293,0.41,0.374,0,0,1,1
0.293,0.41,0.377,0,0,1,1
0.293,0.41,0.38,0,0,1,1
0.293,0.41,0.383,0,0,1,1
0.293,0.41,0.386,0,0,1,1
0.293,0.41,0.389,0,0,1,1
0.293,0.41,0.392,0,0,1,1
0.293,0.41,0.395,0,0,1,1
0.293,0.41,0.398,0,0,1,1
0.293,0.41,0.401,0,0,1,1
0.293,0.41,0.404,0,0,1,1
0.293,0.41,0.407,0,0,1,1
0.293,0.41,0.41,0,0,1,1
0.293,0.41,0.413,0,0,1,1
0.293,0.41,0.416,0,0,1,1
0.293,0.41,0.419,0,0,1,1
0.293,0.41,0.422,0,0,1,1
0.293,0.41,0.425,0,0,1,1
0.293,0.41,0.427999,0,0,1,1
0.293,0.41,0.430999,0,0,1,1
0.293,0.41,0.433999,0,0,1,1
0.293,0.41,0.436999,0,0,1,1
0.293,0.41,0.439999,0,0,1,1
0.296,0.41,0.26,0,0,1,1
0.296,0.41,0.263,0,0,1,1
0.296,0.41,0.266,0,0,1,1
0.296,0.41,0.269,0,0,1,1
0.296,0.41,0.272,0,0,1,1
0.296,0.41,0.275,0,0,1,1
0.296,0.41,0.278,0,0,1,1
0.296,0.41,0.281,0,0,1,1
0.296,0.41,0.284,0,0,1,1
0.296,0.41,0.287,0,0,1,1
0.296,0.41,0.29,0,0,1,1
0.296,0.41,0.293,0,0,1,1
0.296,0.41,0.296,0,0,1,1
0.296,0.41,0.299,0,0,1,1
0.296,0.41,0.302,0,0,1,1
0.296,0.41,0.305,0,0,1,1
0.296,0.41,0.308,0,0,1,1
0.296,0.41,0.311,0,0,1,1
0.296,0.41,0.314,0,0,1,1
0.296,0.41,0.317,0,0,1,1
0.296,0.41,0.32,0,0,1,1
0.296,0.41,0.323,0,0,1,1
0.296,0.41,0.326,0,0,1,1
0.296,0.41,0.329,0,0,1,1
0.296,0.41,0.332,0,0,1,1
0.296,0.41,0.335,0,0,1,1
0.296,0.41,0.338,0,0,1,1
0.296,0.41,0.341,0,0,1,1
0.296,0.41,0.344,0,0,1,1
0.296,0.41,0.347,0,0,1,1
0.296,0.41,0.35,0,0,1,1
0.296,0.41,0.353,0,0,1,1
0.296,0.41,0.356,0,0,1,1
0.296,0.41,0.359,0,0,1,1
0.296,0.41,0.362,0,0,1,1
0.296,0.41,0.365,0,0,1,1
0.296,0.41,0.368,0,0,1,1
0.296,0.41,0.371,0,0,1,1
0.296,0.41,0.374,0,0,1,1
0.296,0.41,0.377,0,0,1,1
0.296,0.41,0.38,0,0,1,1
0.296,0.41,0.383,0,0,1,1
0.296,0.41,0.386,0,0,1,1
0.296,0.41,0.389,0,0,1,1
0.296,0.41,0.392,0,0,1,1
0.296,0.41,0.395,0,0,1,1
0.296,0.41,0.398,0,0,1,1
0.296,0.41,0.401,0,0,1,1
0.296,0.41,0.404,0,0,1,1
0.296,0.41,0.407,0,0,1,1
0.296,0.41,0.41,0,0,1,1
0.296,0.41,0.413,0,0,1,1
0.296,0.41,0.416,0,0,1,1
0.296,0.41,0.419,0,0,1,1
0.296,0.41,0.422,0,0,1,1
0.296,0.41,0.425,0,0,1,1
0.296,0.41,0.427999,0,0,1,1
0.296,0.41,0.430999,0,0,1,1
0.296,0.41,0.433999,0,0,1,1
0.296,0.41,0.436999,0,0,1,1
0.296,0.41,0.439999,0,0,1,1
0.299,0.41,0.26,0,0,1,1
0.299,0.41,0.263,0,0,1,1
0.299,0.41,0.266,0,0,1,1
0.299,0.41,0.269,0,0,1,1
0.299,0.41,0.272,0,0,1,1
0.299,0.41,0.275,0,0,1,1
0.299,0.41,0.278,0,0,1,1
0.299,0.41,0.281,0,0,1,1
0.299,0.41,0.284,0,0,1,1
0.299,0.41,0.287,0,0,1,1
0.299,0.41,0.29,0,0,1,1
0.299,0.41,0.293,0,0,1,1
0.299,0.41,0.296,0,0,1,1
0.299,0.41,0.299,0,0,1,1
0.299,0.41,0.302,0,0,1,1
0.299,0.41,0.305,0,0,1,1
0.299,0.41,0.308,0,0,1,1
0.299,0.41,0.311,0,0,1,1
0.299,0.41,0.314,0,0,1,1
0.299,0.41,0.317,0,0,1,1
0.299,0.41,0.32,0,0,1,1
0.299,0.41,0.323,0,0,1,1
0.299,0.41,0.326,0,0,1,1
0.299,0.41,0.329,0,0,1,1
0.299,0.41,0.332,0,0,1,1
0.299,0.41,0.335,0,0,1,1
0.299,0.41,0.338,0,0,1,1
0.299,0.41,0.341,0,0,1,1
0.299,0.41,0.344,0,0,1,1
0.299,0.41,0.347,0,0,1,1
0.299,0.41,0.35,0,0,1,1
0.299,0.41,0.353,0,0,1,1
0.299,0.41,0.356,0,0,1,1
0.299,0.41,0.359,0,0,1,1
0.299,0.41,0.362,0,0,1,1
0.299,0.41,0.365,0,0,1,1
0.299,0.41,0.368,0,0,1,1
0.299,0.41,0.371,0,0,1,1
0.299,0.41,0.374,0,0,1,1
0.299,0.41,0.377,0,0,1,1
0.299,0.41,0.38,0,0,1,1
0.299,0.41,0.383,0,0,1,1
0.299,0.41,0.386,0,0,1,1
0.299,0.41,0.389,0,0,1,1
0.299,0.41,0.392,0,0,1,1
0.299,0.41,0.395,0,0,1,1
0.299,0.41,0.398,0,0,1,1
0.299,0.41,0.401,0,0,1,1
0.299,0.41,0.404,0,0,1,1
0.299,0.41,0.407,0,0,1,1
0.299,0.41,0.41,0,0,1,1
0.299,0.41,0.413,0,0,1,1
0.299,0.41,0.416,0,0,1,1
0.299,0.41,0.419,0,0,1,1
0.299,0.41,0.422,0,0,1,1
0.299,0.41,0.425,0,0,1,1
0.299,0.41,0.427999,0,0,1,1
0.299,0.41,0.430999,0,0,1,1
0.299,0.41,0.433999,0,0,1,1
0.299,0.41,0.436999,0,0,1,1
0.299,0.41,0.439999,0,0,1,1
0.302,0.41,0.26,0,0,1,1
0.302,0.41,0.263,0,0,1,1
0.302,0.41,0.266,0,0,1,1
0.302,0.41,0.269,0,0,1,1
0.302,0.41,0.272,0,0,1,1
0.302,0.41,0.275,0,0,1,1
0.302,0.41,0.278,0,0,1,1
0.302,0.41,0.281,0,0,1,1
0.302,0.41,0.284,0,0,1,1
0.302,0.41,0.287,0,0,1,1
0.302,0.41,0.29,0,0,1,1
0.302,0.41,0.293,0,0,1,1
0.302,0.41,0.296,0,0,1,1
0.302,0.41,0.299,0,0,1,1
0.302,0.41,0.302,0,0,1,1
0.302,0.41,0.305,0,0,1,1
0.302,0.41,0.308,0,0,1,1
0.302,0.41,0.311,0,0,1,1
0.302,0.41,0.314,0,0,1,1
0.302,0.41,0.317,0,0,1,1
0.302,0.41,0.32,0,0,1,1
0.302,0.41,0.323,0,0,1,1
0.302,0.41,0.326,0,0,1,1
0.302,0.41,0.329,0,0,1,1
0.302,0.41,0.332,0,0,1,1
0.302,0.41,0.335,0,0,1,1
0.302,0.41,0.338,0,0,1,1
0.302,0.41,0.341,0,0,1,1
0.302,0.41,0.344,0,0,1,1
0.302,0.41,0.347,0,0,1,1
0.302,0.41,0.35,0,0,1,1
0.302,0.41,0.353,0,0,1,1
0.302,0.41,0.356,0,0,1,1
0.302,0.41,0.359,0,0,1,1
0.302,0.41,0.362,0,0,1,1
0.302,0.41,0.365,0,0,1,1
0.302,0.41,0.368,0,0,1,1
0.302,0.41,0.371,0,0,1,1
0.302,0.41,0.374,0,0,1,1
0.302,0.41,0.377,0,0,1,1
0.302,0.41,0.38,0,0,1,1
0.302,0.41,0.383,0,0,1,1
0.302,0.41,0.386,0,0,1,1
0.302,0.41,0.389,0,0,1,1
0.302,0.41,0.392,0,0,1,1
0.302,0.41,0.395,0,0,1,1
0.302,0.41,0.398,0,0,1,1
0.302,0.41,0.401,0,0,1,1
0.302,0.41,0.404,0,0,1,1
0.302,0.41,0.407,0,0,1,1
0.302,0.41,0.41,0,0,1,1
0.302,0.41,0.413,0,0,1,1
0.302,0.41,0.416,0,0,1,1
0.302,0.41,0.419,0,0,1,1
0.302,0.41,0.422,0,0,1,1
0.302,0.41,0.425,0,0,1,1
0.302,0.41,0.427999,0,0,1,1
0.302,0.41,0.430999,0,0,1,1
0.302,0.41,0.433999,0,0,1,1
0.302,0.41,0.436999,0,0,1,1
0.302,0.41,0.439999,0,0,1,1
0.305,0.41,0.26,0,0,1,1
0.305,0.41,0.263,0,0,1,1
0.305,0.41,0.266,0,0,1,1
0.305,0.41,0.269,0,0,1,1
0.305,0.41,0.272,0,0,1,1
0.305,0.41,0.275,0,0,1,1
0.305,0.41,0.278,0,0,1,1
0.305,0.41,0.281,0,0,1,1
0.305,0.41,0.284,0,0,1,1
0.305,0.41,0.287,0,0,1,1
0.305,0.41,0.29,0,0,1,1
0.305,0.41,0.293,0,0,1,1
0.305,0.41,0.296,0,0,1,1
0.305,0.41,0.299,0,0,1,1
0.305,0.41,0.302,0,0,1,1
0.305,0.41,0.305,0,0,1,1
0.305,0.41,0.308,0,0,1,1
0.305,0.41,0.311,0,0,1,1
0.305,0.41,0.314,0,0,1,1
0.305,0.41,0.317,0,0,1,1
0.305,0.41,0.32,0,0,1,1
0.305,0.41,0.323,0,0,1,1
0.305,0.41,0.326,0,0,1,1
0.305,0.41,0.329,0,0,1,1
0.305,0.41,0.332,0,0,1,1
0.305,0.41,0.335,0,0,1,1
0.305,0.41,0.338,0,0,1,1
0.305,0.41,0.341,0,0,1,1
0.305,0.41,0.344,0,0,1,1
0.305,0.41,0.347,0,0,1,1
0.305,0.41,0.35,0,0,1,1
0.305,0.41,0.353,0,0,1,1
0.305,0.41,0.356,0,0,1,1
0.305,0.41,0.359,0,0,1,1
0.305,0.41,0.362,0,0,1,1
0.305,0.41,0.365,0,0,1,1
0.305,0.41,0.368,0,0,1,1
0.305,0.41,0.371,0,0,1,1
0.305,0.41,0.374,0,0,1,1
0.305,0.41,0.377,0,0,1,1
0.305,0.41,0.38,0,0,1,1
0.305,0.41,0.383,0,0,1,1
0.305,0.41,0.386,0,0,1,1
0.305,0.41,0.389,0,0,1,1
0.305,0.41,0.392,0,0,1,1
0.305,0.41,0.395,0,0,1,1
0.305,0.41,0.398,0,0,1,1
0.305,0.41,0.401,0,0,1,1
0.305,0.41,0.404,0,0,1,1
0.305,0.41,0.407,0,0,1,1
0.305,0.41,0.41,0,0,1,1
0.305,0.41,0.413,0,0,1,1
0.305,0.41,0.416,0,0,1,1
0.305,0.41,0.419,0,0,1,1
0.305,0.41,0.422,0,0,1,1
0.305,0.41,0.425,0,0,1,1
0.305,0.41,0.427999,0,0,1,1
0.305,0.41,0.430999,0,0,1,1
0.305,0.41,0.433999,0,0,1,1
0.305,0.41,0.436999,0,0,1,1
0.305,0.41,0.439999,0,0,1,1
0.308,0.41,0.26,0,0,1,1
0.308,0.41,0.263,0,0,1,1
0.308,0.41,0.266,0,0,1,1
0.308,0.41,0.269,0,0,1,1
0.308,0.41,0.272,0,0,1,1
0.308,0.41,0.275,0,0,1,1
0.308,0.41,0.278,0,0,1,1
0.308,0.41,0.281,0,0,1,1
0.308,0.41,0.284,0,0,1,1
0.308,0.41,0.287,0,0,1,1
0.308,0.41,0.29,0,0,1,1
0.308,0.41,0.293,0,0,1,1
0.308,0.41,0.296,0,0,1,1
0.308,0.41,0.299,0,0,1,1
0.308,0.41,0.302,0,0,1,1
0.308,0.41,0.305,0,0,1,1
0.308,0.41,0.308,0,0,1,1
0.308,0.41,0.311,0,0,1,1
0.308,0.41,0.314,0,0,1,1
0.308,0.41,0.317,0,0,1,1
0.308,0.41,0.32,0,0,1,1
0.308,0.41,0.323,0,0,1,1
0.308,0.41,0.326,0,0,1,1
0.308,0.41,0.329,0,0,1,1
0.308,0.41,0.332,0,0,1,1
0.308,0.41,0.335,0,0,1,1
0.308,0.41,0.338,0,0,1,1
0.308,0.41,0.341,0,0,1,1
0.308,0.41,0.344,0,0,1,1
0.308,0.41,0.347,0,0,1,1
0.308,0.41,0.35,0,0,1,1
0.308,0.41,0.353,0,0,1,1
0.308,0.41,0.356,0,0,1,1
0.308,0.41,0.359,0,0,1,1
0.308,0.41,0.362,0,0,1,1
0.308,0.41,0.365,0,0,1,1
0.308,0.41,0.368,0,0,1,1
0.308,0.41,0.371,0,0,1,1
0.308,0.41,0.374,0,0,1,1
0.308,0.41,0.377,0,0,1,1
0.308,0.41,0.38,0,0,1,1
0.308,0.41,0.383,0,0,1,1
0.308,0.41,0.386,0,0,1,1
0.308,0.41,0.389,0,0,1,1
0.308,0.41,0.392,0,0,1,1
0.308,0.41,0.395,0,0,1,1
0.308,0.41,0.398,0,0,1,1
0.308,0.41,0.401,0,0,1,1
0.308,0.41,0.404,0,0,1,1
0.308,0.41,0.407,0,0,1,1
0.308,0.41,0.41,0,0,1,1
0.308,0.41,0.413,0,0,1,1
0.308,0.41,0.416,0,0,1,1
0.308,0.41,0.419,0,0,1,1
0.308,0.41,0.422,0,0,1,1
0.308,0.41,0.425,0,0,1,1
0.308,0.41,0.427999,0,0,1,1
0.308,0.41,0.430999,0,0,1,1
0.308,0.41,0.433999,0,0,1,1
0.308,0.41,0.436999,0,0,1,1
0.308,0.41,0.439999,0,0,1,1
0.311,0.41,0.26,0,0,1,1
0.311,0.41,0.263,0,0,1,1
0.311,0.41,0.266,0,0,1,1
0.311,0.41,0.269,0,0,1,1
0.311,0.41,0.272,0,0,1,1
0.311,0.41,0.275,0,0,1,1
0.311,0.41,0.278,0,0,1,1
0.311,0.41,0.281,0,0,1,1
0.311,0.41,0.284,0,0,1,1
0.311,0.41,0.287,0,0,1,1
0.311,0.41,0.29,0,0,1,1
0.311,0.41,0.293,0,0,1,1
0.311,0.41,0.296,0,0,1,1
0.311,0.41,0.299,0,0,1,1
0.311,0.41,0.302,0,0,1,1
0.311,0.41,0.305,0,0,1,1
0.311,0.41,0.308,0,0,1,1
0.311,0.41,0.311,0,0,1,1
0.311,0.41,0.314,0,0,1,1
0.311,0.41,0.317,0,0,1,1
0.311,0.41,0.32,0,0,1,1
0.311,0.41,0.323,0,0,1,1
0.311,0.41,0.326,0,0,1,1
0.311,0.41,0.329,0,0,1,1
0.311,0.41,0.332,0,0,1,1
0.311,0.41,0.335,0,0,1,1
0.311,0.41,0.338,0,0,1,1
0.311,0.41,0.341,0,0,1,1
0.311,0.41,0.344,0,0,1,1
0.311,0.41,0.347,0,0,1,1
0.311,0.41,0.35,0,0,1,1
0.311,0.41,0.353,0,0,1,1
0.311,0.41,0.356,0,0,1,1
0.311,0.41,0.359,0,0,1,1
0.311,0.41,0.362,0,0,1,1
0.311,0.41,0.365,0,0,1,1
0.311,0.41,0.368,0,0,1,1
0.311,0.41,0.371,0,0,1,1
0.311,0.41,0.374,0,0,1,1
0.311,0.41,0.377,0,0,1,1
0.311,0.41,0.38,0,0,1,1
0.311,0.41,0.383,0,0,1,1
0.311,0.41,0.386,0,0,1,1
0.311,0.41,0.389,0,0,1,1
0.311,0.41,0.392,0,0,1,1
0.311,0.41,0.395,0,0,1,1
0.311,0.41,0.398,0,0,1,1
0.311,0.41,0.401,0,0,1,1
0.311,0.41,0.404,0,0,1,1
0.311,0.41,0.407,0,0,1,1
0.311,0.41,0.41,0,0,1,1
0.311,0.41,0.413,0,0,1,1
0.311,0.41,0.416,0,0,1,1
0.311,0.41,0.419,0,0,1,1
0.311,0.41,0.422,0,0,1,1
0.311,0.41,0.425,0,0,1,1
0.311,0.41,0.427999,0,0,1,1
0.311,0.41,0.430999,0,0,1,1
0.311,0.41,0.433999,0,0,1,1
0.311,0.41,0.436999,0,0,1,1
0.311,0.41,0.439999,0,0,1,1
0.314,0.41,0.26,0,0,1,1
0.314,0.41,0.263,0,0,1,1
0.314,0.41,0.266,0,0,1,1
0.314,0.41,0.269,0,0,1,1
0.314,0.41,0.272,0,0,1,1
0.314,0.41,0.275,0,0,1,1
0.314,0.41,0.278,0,0,1,1
0.314,0.41,0.281,0,0,1,1
0.314,0.41,0.284,0,0,1,1
0.314,0.41,0.287,0,0,1,1
0.314,0.41,0.29,0,0,1,1
0.314,0.41,0.293,0,0,1,1
0.314,0.41,0.296,0,0,1,1
0.314,0.41,0.299,0,0,1,1
0.314,0.41,0.302,0,0,1,1
0.314,0.41,0.305,0,0,1,1
0.314,0.41,0.308,0,0,1,1
0.314,0.41,0.311,0,0,1,1
0.314,0.41,0.314,0,0,1,1
0.314,0.41,0.317,0,0,1,1
0.314,0.41,0.32,0,0,1,1
0.314,0.41,0.323,0,0,1,1
0.314,0.41,0.326,0,0,1,1
0.314,0.41,0.329,0,0,1,1
0.314,0.41,0.332,0,0,1,1
0.314,0.41,0.335,0,0,1,1
0.314,0.41,0.338,0,0,1,1
0.314,0.41,0.341,0,0,1,1
0.314,0.41,0.344,0,0,1,1
0.314,0.41,0.347,0,0,1,1
0.314,0.41,0.35,0,0,1,1
0.314,0.41,0.353,0,0,1,1
0.314,0.41,0.356,0,0,1,1
0.314,0.41,0.359,0,0,1,1
0.314,0.41,0.362,0,0,1,1
0.314,0.41,0.365,0,0,1,1
0.314,0.41,0.368,0,0,1,1
0.314,0.41,0.371,0,0,1,1
0.314,0.41,0.374,0,0,1,1
0.314,0.41,0.377,0,0,1,1
0.314,0.41,0.38,0,0,1,1
0.314,0.41,0.383,0,0,1,1
0.314,0.41,0.386,0,0,1,1
0.314,0.41,0.389,0,0,1,1
0.314,0.41,0.392,0,0,1,1
0.314,0.41,0.395,0,0,1,1
0.314,0.41,0.398,0,0,1,1
0.314,0.41,0.401,0,0,1,1
0.314,0.41,0.404,0,0,1,1
0.314,0.41,0.407,0,0,1,1
0.314,0.41,0.41,0,0,1,1
0.314,0.41,0.413,0,0,1,1
0.314,0.41,0.416,0,0,1,1
0.314,0.41,0.419,0,0,1,1
0.314,0.41,0.422,0,0,1,1
0.314,0.41,0.425,0,0,1,1
0.314,0.41,0.427999,0,0,1,1
0.314,0.41,0.430999,0,0,1,1
0.314,0.41,0.433999,0,0,1,1
0.314,0.41,0.436999,0,0,1,1
0.314,0.41,0.439999,0,0,1,1
0.317,0.41,0.26,0,0,1,1
0.317,0.41,0.263,0,0,1,1
0.317,0.41,0.266,0,0,1,1
0.317,0.41,0.269,0,0,1,1
0.317,0.41,0.272,0,0,1,1
0.317,0.41,0.275,0,0,1,1
0.317,0.41,0.278,0,0,1,1
0.317,0.41,0.281,0,0,1,1
0.317,0.41,0.284,0,0,1,1
0.317,0.41,0.287,0,0,1,1
0.317,0.41,0.29,0,0,1,1
0.317,0.41,0.293,0,0,1,1
0.317,0.41,0.296,0,0,1,1
0.317,0.41,0.299,0,0,1,1
0.317,0.41,0.302,0,0,1,1
0.317,0.41,0.305,0,0,1,1
0.317,0.41,0.308,0,0,1,1
0.317,0.41,0.311,0,0,1,1
0.317,0.41,0.314,0,0,1,1
0.317,0.41,0.317,0,0,1,1
0.317,0.41,0.32,0,0,1,1
0.317,0.41,0.323,0,0,1,1
0.317,0.41,0.326,0,0,1,1
0.317,0.41,0.329,0,0,1,1
0.317,0.41,0.332,0,0,1,1
0.317,0.41,0.335,0,0,1,1
0.317,0.41,0.338,0,0,1,1
0.317,0.41,0.341,0,0,1,1
0.317,0.41,0.344,0,0,1,1
0.317,0.41,0.347,0,0,1,1
0.317,0.41,0.35,0,0,1,1
0.317,0.41,0.353,0,0,1,1
0.317,0.41,0.356,0,0,1,1
0.317,0.41,0.359,0,0,1,1
0.317,0.41,0.362,0,0,1,1
0.317,0.41,0.365,0,0,1,1
0.317,0.41,0.368,0,0,1,1
0.317,0.41,0.371,0,0,1,1
0.317,0.41,0.374,0,0,1,1
0.317,0.41,0.377,0,0,1,1
0.317,0.41,0.38,0,0,1,1
0.317,0.41,0.383,0,0,1,1
0.317,0.41,0.386,0,0,1,1
0.317,0.41,0.389,0,0,1,1
0.317,0.41,0.392,0,0,1,1
0.317,0.41,0.395,0,0,1,1
0.317,0.41,0.398,0,0,1,1
0.317,0.41,0.401,0,0,1,1
0.317,0.41,0.404,0,0,1,1
0.317,0.41,0.407,0,0,1,1
0.317,0.41,0.41,0,0,1,1
0.317,0.41,0.413,0,0,1,1
0.317,0.41,0.416,0,0,1,1
0.317,0.41,0.419,0,0,1,1
0.317,0.41,0.422,0,0,1,1
0.317,0.41,0.425,0,0,1,1
0.317,0.41,0.427999,0,0,1,1
0.317,0.41,0.430999,0,0,1,1
0.317,0.41,0.433999,0,0,1,1
0.317,0.41,0.436999,0,0,1,1
0.317,0.41,0.439999,0,0,1,1
0.32,0.41,0.26,0,0,1,1
0.32,0.41,0.263,0,0,1,1
0.32,0.41,0.266,0,0,1,1
0.32,0.41,0.269,0,0,1,1
0.32,0.41,0.272,0,0,1,1
0.32,0.41,0.275,0,0,1,1
0.32,0.41,0.278,0,0,1,1
0.32,0.41,0.281,0,0,1,1
0.32,0.41,0.284,0,0,1,1
0.32,0.41,0.287,0,0,1,1
0.32,0.41,0.29,0,0,1,1
0.32,0.41,0.293,0,0,1,1
0.32,0.41,0.296,0,0,1,1
0.32,0.41,0.299,0,0,1,1
0.32,0.41,0.302,0,0,1,1
0.32,0.41,0.305,0,0,1,1
0.32,0.41,0.308,0,0,1,1
0.32,0.41,0.311,0,0,1,1
0.32,0.41,0.314,0,0,1,1
0.32,0.41,0.317,0,0,1,1
0.32,0.41,0.32,0,0,1,1
0.32,0.41,0.323,0,0,1,1
0.32,0.41,0.326,0,0,1,1
0.32,0.41,0.329,0,0,1,1
0.32,0.41,0.332,0,0,1,1
0.32,0.41,0.335,0,0,1,1
0.32,0.41,0.338,0,0,1,1
0.32,0.41,0.341,0,0,1,1
0.32,0.41,0.344,0,0,1,1
0.32,0.41,0.347,0,0,1,1
0.32,0.41,0.35,0,0,1,1
0.32,0.41,0.353,0,0,1,1
0.32,0.41,0.356,0,0,1,1
0.32,0.41,0.359,0,0,1,1
0.32,0.41,0.362,0,0,1,1
0.32,0.41,0.365,0,0,1,1
0.32,0.41,0.368,0,0,1,1
0.32,0.41,0.371,0,0,1,1
0.32,0.41,0.374,0,0,1,1
0.32,0.41,0.377,0,0,1,1
0.32,0.41,0.38,0,0,1,1
0.32,0.41,0.383,0,0,1,1
0.32,0.41,0.386,0,0,1,1
0.32,0.41,0.389,0,0,1,1
0.32,0.41,0.392,0,0,1,1
0.32,0.41,0.395,0,0,1,1
0.32,0.41,0.398,0,0,1,1
0.32,0.41,0.401,0,0,1,1
0.32,0.41,0.404,0,0,1,1
0.32,0.41,0.407,0,0,1,1
0.32,0.41,0.41,0,0,1,1
0.32,0.41,0.413,0,0,1,1
0.32,0.41,0.416,0,0,1,1
0.32,0.41,0.419,0,0,1,1
0.32,0.41,0.422,0,0,1,1
0.32,0.41,0.425,0,0,1,1
0.32,0.41,0.427999,0,0,1,1
0.32,0.41,0.430999,0,0,1,1
0.32,0.41,0.433999,0,0,1,1
0.32,0.41,0.436999,0,0,1,1
0.32,0.41,0.439999,0,0,1,1
0.323,0.41,0.26,0,0,1,1
0.323,0.41,0.263,0,0,1,1
0.323,0.41,0.266,0,0,1,1
0.323,0.41,0.269,0,0,1,1
0.323,0.41,0.272,0,0,1,1
0.323,0.41,0.275,0,0,1,1
0.323,0.41,0.278,0,0,1,1
0.323,0.41,0.281,0,0,1,1
0.323,0.41,0.284,0,0,1,1
0.323,0.41,0.287,0,0,1,1
0.323,0.41,0.29,0,0,1,1
0.323,0.41,0.293,0,0,1,1
0.323,0.41,0.296,0,0,1,1
0.323,0.41,0.299,0,0,1,1
0.323,0.41,0.302,0,0,1,1
0.323,0.41,0.305,0,0,1,1
0.323,0.41,0.308,0,0,1,1
0.323,0.41,0.311,0,0,1,1
0.323,0.41,0.314,0,0,1,1
0.323,0.41,0.317,0,0,1,1
0.323,0.41,0.32,0,0,1,1
0.323,0.41,0.323,0,0,1,1
0.323,0.41,0.326,0,0,1,1
0.323,0.41,0.329,0,0,1,1
0.323,0.41,0.332,0,0,1,1
0.323,0.41,0.335,0,0,1,1
0.323,0.41,0.338,0,0,1,1
0.323,0.41,0.341,0,0,1,1
0.323,0.41,0.344,0,0,1,1
0.323,0.41,0.347,0,0,1,1
0.323,0.41,0.35,0,0,1,1
0.323,0.41,0.353,0,0,1,1
0.323,0.41,0.356,0,0,1,1
0.323,0.41,0.359,0,0,1,1
0.323,0.41,0.362,0,0,1,1
0.323,0.41,0.365,0,0,1,1
0.323,0.41,0.368,0,0,1,1
0.323,0.41,0.371,0,0,1,1
0.323,0.41,0.374,0,0,1,1
0.323,0.41,0.377,0,0,1,1
0.323,0.41,0.38,0,0,1,1
0.323,0.41,0.383,0,0,1,1
0.323,0.41,0.386,0,0,1,1
0.323,0.41,0.389,0,0,1,1
0.323,0.41,0.392,0,0,1,1
0.323,0.41,0.395,0,0,1,1
0.323,0.41,0.398,0,0,1,1
0.323,0.41,0.401,0,0,1,1
0.323,0.41,0.404,0,0,1,1
0.323,0.41,0.407,0,0,1,1
0.323,0.41,0.41,0,0,1,1
0.323,0.41,0.413,0,0,1,1
0.323,0.41,0.416,0,0,1,1
0.323,0.41,0.419,0,0,1,1
0.323,0.41,0.422,0,0,1,1
0.323,0.41,0.425,0,0,1,1
0.323,0.41,0.427999,0,0,1,1
0.323,0.41,0.430999,0,0,1,1
0.323,0.41,0.433999,0,0,1,1
0.323,0.41,0.436999,0,0,1,1
0.323,0.41,0.439999,0,0,1,1
0.326,0.41,0.26,0,0,1,1
0.326,0.41,0.263,0,0,1,1
0.326,0.41,0.266,0,0,1,1
0.326,0.41,0.269,0,0,1,1
0.326,0.41,0.272,0,0,1,1
0.326,0.41,0.275,0,0,1,1
0.326,0.41,0.278,0,0,1,1
0.326,0.41,0.281,0,0,1,1
0.326,0.41,0.284,0,0,1,1
0.326,0.41,0.287,0,0,1,1
0.326,0.41,0.29,0,0,1,1
0.326,0.41,0.293,0,0,1,1
0.326,0.41,0.296,0,0,1,1
0.326,0.41,0.299,0,0,1,1
0.326,0.41,0.302,0,0,1,1
0.326,0.41,0.305,0,0,1,1
0.326,0.41,0.308,0,0,1,1
0.326,0.41,0.311,0,0,1,1
0.326,0.41,0.314,0,0,1,1
0.326,0.41,0.317,0,0,1,1
0.326,0.41,0.32,0,0,1,1
0.326,0.41,0.323,0,0,1,1
0.326,0.41,0.326,0,0,1,1
0.326,0.41,0.329,0,0,1,1
0.326,0.41,0.332,0,0,1,1
0.326,0.41,0.335,0,0,1,1
0.326,0.41,0.338,0,0,1,1
0.326,0.41,0.341,0,0,1,1
0.326,0.41,0.344,0,0,1,1
0.326,0.41,0.347,0,0,1,1
0.326,0.41,0.35,0,0,1,1
0.326,0.41,0.353,0,0,1,1
0.326,0.41,0.356,0,0,1,1
0.326,0.41,0.359,0,0,1,1
0.326,0.41,0.362,0,0,1,1
0.326,0.41,0.365,0,0,1,1
0.326,0.41,0.368,0,0,1,1
0.326,0.41,0.371,0,0,1,1
0.326,0.41,0.374,0,0,1,1
0.326,0.41,0.377,0,0,1,1
0.326,0.41,0.38,0,0,1,1
0.326,0.41,0.383,0,0,1,1
0.326,0.41,0.386,0,0,1,1
0.326,0.41,0.389,0,0,1,1
0.326,0.41,0.392,0,0,1,1
0.326,0.41,0.395,0,0,1,1
0.326,0.41,0.398,0,0,1,1
0.326,0.41,0.401,0,0,1,1
0.326,0.41,0.404,0,0,1,1
0.326,0.41,0.407,0,0,1,1
0.326,0.41,0.41,0,0,1,1
0.326,0.41,0.413,0,0,1,1
0.326,0.41,0.416,0,0,1,1
0.326,0.41,0.419,0,0,1,1
0.326,0.41,0.422,0,0,1,1
0.326,0.41,0.425,0,0,1,1
0.326,0.41,0.427999,0,0,1,1
0.326,0.41,0.430999,0,0,1,1
0.326,0.41,0.433999,0,0,1,1
0.326,0.41,0.436999,0,0,1,1
0.326,0.41,0.439999,0,0,1,1
0.329,0.41,0.26,0,0,1,1
0.329,0.41,0.263,0,0,1,1
0.329,0.41,0.266,0,0,1,1
0.329,0.41,0.269,0,0,1,1
0.329,0.41,0.272,0,0,1,1
0.329,0.41,0.275,0,0,1,1
0.329,0.41,0.278,0,0,1,1
0.329,0.41,0.281,0,0,1,1
0.329,0.41,0.284,0,0,1,1
0.329,0.41,0.287,0,0,1,1
0.329,0.41,0.29,0,0,1,1
0.329,0.41,0.293,0,0,1,1
0.329,0.41,0.296,0,0,1,1
0.329,0.41,0.299,0,0,1,1
0.329,0.41,0.302,0,0,1,1
0.329,0.41,0.305,0,0,1,1
0.329,0.41,0.308,0,0,1,1
0.329,0.41,0.311,0,0,1,1
0.329,0.41,0.314,0,0,1,1
0.329,0.41,0.317,0,0,1,1
0.329,0.41,0.32,0,0,1,1
0.329,0.41,0.323,0,0,1,1
0.329,0.41,0.326,0,0,1,1
0.329,0.41,0.329,0,0,1,1
0.329,0.41,0.332,0,0,1,1
0.329,0.41,0.335,0,0,1,1
0.329,0.41,0.338,0,0,1,1
0.329,0.41,0.341,0,0,1,1
0.329,0.41,0.344,0,0,1,1
0.329,0.41,0.347,0,0,1,1
0.329,0.41,0.35,0,0,1,1
0.329,0.41,0.353,0,0,1,1
0.329,0.41,0.356,0,0,1,1
0.329,0.41,0.359,0,0,1,1
0.329,0.41,0.362,0,0,1,1
0.329,0.41,0.365,0,0,1,1
0.329,0.41,0.368,0,0,1,1
0.329,0.41,0.371,0,0,1,1
0.329,0.41,0.374,0,0,1,1
0.329,0.41,0.377,0,0,1,1
0.329,0.41,0.38,0,0,1,1
0.329,0.41,0.383,0,0,1,1
0.329,0.41,0.386,0,0,1,1
0.329,0.41,0.389,0,0,1,1
0.329,0.41,0.392,0,0,1,1
0.329,0.41,0.395,0,0,1,1
0.329,0.41,0.398,0,0,1,1
0.329,0.41,0.401,0,0,1,1
0.329,0.41,0.404,0,0,1,1
0.329,0.41,0.407,0,0,1,1
0.329,0.41,0.41,0,0,1,1
0.329,0.41,0.413,0,0,1,1
0.329,0.41,0.416,0,0,1,1
0.329,0.41,0.419,0,0,1,1
0.329,0.41,0.422,0,0,1,1
0.329,0.41,0.425,0,0,1,1
0.329,0.41,0.427999,0,0,1,1
0.329,0.41,0.430999,0,0,1,1
0.329,0.41,0.433999,0,0,1,1
0.329,0.41,0.436999,0,0,1,1
0.329,0.41,0.439999,0,0,1,1
0.332,0.41,0.26,0,0,1,1
0.332,0.41,0.263,0,0,1,1
0.332,0.41,0.266,0,0,1,1
0.332,0.41,0.269,0,0,1,1
0.332,0.41,0.272,0,0,1,1
0.332,0.41,0.275,0,0,1,1
0.332,0.41,0.278,0,0,1,1
0.332,0.41,0.281,0,0,1,1
0.332,0.41,0.284,0,0,1,1
0.332,0.41,0.287,0,0,1,1
0.332,0.41,0.29,0,0,1,1
0.332,0.41,0.293,0,0,1,1
0.332,0.41,0.296,0,0,1,1
0.332,0.41,0.299,0,0,1,1
0.332,0.41,0.302,0,0,1,1
0.332,0.41,0.305,0,0,1,1
0.332,0.41,0.308,0,0,1,1
0.332,0.41,0.311,0,0,1,1
0.332,0.41,0.314,0,0,1,1
0.332,0.41,0.317,0,0,1,1
0.332,0.41,0.32,0,0,1,1
0.332,0.41,0.323,0,0,1,1
0.332,0.41,0.326,0,0,1,1
0.332,0.41,0.329,0,0,1,1
0.332,0.41,0.332,0,0,1,1
0.332,0.41,0.335,0,0,1,1
0.332,0.41,0.338,0,0,1,1
0.332,0.41,0.341,0,0,1,1
0.332,0.41,0.344,0,0,1,1
0.332,0.41,0.347,0,0,1,1
0.332,0.41,0.35,0,0,1,1
0.332,0.41,0.353,0,0,1,1
0.332,0.41,0.356,0,0,1,1
0.332,0.41,0.359,0,0,1,1
0.332,0.41,0.362,0,0,1,1
0.332,0.41,0.365,0,0,1,1
0.332,0.41,0.368,0,0,1,1
0.332,0.41,0.371,0,0,1,1
0.332,0.41,0.374,0,0,1,1
0.332,0.41,0.377,0,0,1,1
0.332,0.41,0.38,0,0,1,1
0.332,0.41,0.383,0,0,1,1
0.332,0.41,0.386,0,0,1,1
0.332,0.41,0.389,0,0,1,1
0.332,0.41,0.392,0,0,1,1
0.332,0.41,0.395,0,0,1,1
0.332,0.41,0.398,0,0,1,1
0.332,0.41,0.401,0,0,1,1
0.332,0.41,0.404,0,0,1,1
0.332,0.41,0.407,0,0,1,1
0.332,0.41,0.41,0,0,1,1
0.332,0.41,0.413,0,0,1,1
0.332,0.41,0.416,0,0,1,1
0.332,0.41,0.419,0,0,1,1
0.332,0.41,0.422,0,0,1,1
0.332,0.41,0.425,0,0,1,1
0.332,0.41,0.427999,0,0,1,1
0.332,0.41,0.430999,0,0,1,1
0.332,0.41,0.433999,0,0,1,1
0.332,0.41,0.436999,0,0,1,1
0.332,0.41,0.439999,0,0,1,1
0.335,0.41,0.26,0,0,1,1
0.335,0.41,0.263,0,0,1,1
0.335,0.41,0.266,0,0,1,1
0.335,0.41,0.269,0,0,1,1
0.335,0.41,0.272,0,0,1,1
0.335,0.41,0.275,0,0,1,1
0.335,0.41,0.278,0,0,1,1
0.335,0.41,0.281,0,0,1,1
0.335,0.41,0.284,0,0,1,1
0.335,0.41,0.287,0,0,1,1
0.335,0.41,0.29,0,0,1,1
0.335,0.41,0.293,0,0,1,1
0.335,0.41,0.296,0,0,1,1
0.335,0.41,0.299,0,0,1,1
0.335,0.41,0.302,0,0,1,1
0.335,0.41,0.305,0,0,1,1
0.335,0.41,0.308,0,0,1,1
0.335,0.41,0.311,0,0,1,1
0.335,0.41,0.314,0,0,1,1
0.335,0.41,0.317,0,0,1,1
0.335,0.41,0.32,0,0,1,1
0.335,0.41,0.323,0,0,1,1
0.335,0.41,0.326,0,0,1,1
0.335,0.41,0.329,0,0,1,1
0.335,0.41,0.332,0,0,1,1
0.335,0.41,0.335,0,0,1,1
0.335,0.41,0.338,0,0,1,1
0.335,0.41,0.341,0,0,1,1
0.335,0.41,0.344,0,0,1,1
0.335,0.41,0.347,0,0,1,1
0.335,0.41,0.35,0,0,1,1
0.335,0.41,0.353,0,0,1,1
0.335,0.41,0.356,0,0,1,1
0.335,0.41,0.359,0,0,1,1
0.335,0.41,0.362,0,0,1,1
0.335,0.41,0.365,0,0,1,1
0.335,0.41,0.368,0,0,1,1
0.335,0.41,0.371,0,0,1,1
0.335,0.41,0.374,0,0,1,1
0.335,0.41,0.377,0,0,1,1
0.335,0.41,0.38,0,0,1,1
0.335,0.41,0.383,0,0,1,1
0.335,0.41,0.386,0,0,1,1
0.335,0.41,0.389,0,0,1,1
0.335,0.41,0.392,0,0,1,1
0.335,0.41,0.395,0,0,1,1
0.335,0.41,0.398,0,0,1,1
0.335,0.41,0.401,0,0,1,1
0.335,0.41,0.404,0,0,1,1
0.335,0.41,0.407,0,0,1,1
0.335,0.41,0.41,0,0,1,1
0.335,0.41,0.413,0,0,1,1
0.335,0.41,0.416,0,0,1,1
0.335,0.41,0.419,0,0,1,1
0.335,0.41,0.422,0,0,1,1
0.335,0.41,0.425,0,0,1,1
0.335,0.41,0.427999,0,0,1,1
0.335,0.41,0.430999,0,0,1,1
0.335,0.41,0.433999,0,0,1,1
0.335,0.41,0.436999,0,0,1,1
0.335,0.41,0.439999,0,0,1,1
0.338,0.41,0.26,0,0,1,1
0.338,0.41,0.263,0,0,1,1
0.338,0.41,0.266,0,0,1,1
0.338,0.41,0.269,0,0,1,1
0.338,0.41,0.272,0,0,1,1
0.338,0.41,0.275,0,0,1,1
0.338,0.41,0.278,0,0,1,1
0.338,0.41,0.281,0,0,1,1
0.338,0.41,0.284,0,0,1,1
0.338,0.41,0.287,0,0,1,1
0.338,0.41,0.29,0,0,1,1
0.338,0.41,0.293,0,0,1,1
0.338,0.41,0.296,0,0,1,1
0.338,0.41,0.299,0,0,1,1
0.338,0.41,0.302,0,0,1,1
0.338,0.41,0.305,0,0,1,1
0.338,0.41,0.308,0,0,1,1
0.338,0.41,0.311,0,0,1,1
0.338,0.41,0.314,0,0,1,1
0.338,0.41,0.317,0,0,1,1
0.338,0.41,0.32,0,0,1,1
0.338,0.41,0.323,0,0,1,1
0.338,0.41,0.326,0,0,1,1
0.338,0.41,0.329,0,0,1,1
0.338,0.41,0.332,0,0,1,1
0.338,0.41,0.335,0,0,1,1
0.338,0.41,0.338,0,0,1,1
0.338,0.41,0.341,0,0,1,1
0.338,0.41,0.344,0,0,1,1
0.338,0.41,0.347,0,0,1,1
0.338,0.41,0.35,0,0,1,1
0.338,0.41,0.353,0,0,1,1
0.338,0.41,0.356,0,0,1,1
0.338,0.41,0.359,0,0,1,1
0.338,0.41,0.362,0,0,1,1
0.338,0.41,0.365,0,0,1,1
0.338,0.41,0.368,0,0,1,1
0.338,0.41,0.371,0,0,1,1
0.338,0.41,0.374,0,0,1,1
0.338,0.41,0.377,0,0,1,1
0.338,0.41,0.38,0,0,1,1
0.338,0.41,0.383,0,0,1,1
0.338,0.41,0.386,0,0,1,1
0.338,0.41,0.389,0,0,1,1
0.338,0.41,0.392,0,0,1,1
0.338,0.41,0.395,0,0,1,1
0.338,0.41,0.398,0,0,1,1
0.338,0.41,0.401,0,0,1,1
0.338,0.41,0.404,0,0,1,1
0.338,0.41,0.407,0,0,1,1
0.338,0.41,0.41,0,0,1,1
0.338,0.41,0.413,0,0,1,1
0.338,0.41,0.416,0,0,1,1
0.338,0.41,0.419,0,0,1,1
0.338,0.41,0.422,0,0,1,1
0.338,0.41,0.425,0,0,1,1
0.338,0.41,0.427999,0,0,1,1
0.338,0.41,0.430999,0,0,1,1
0.338,0.41,0.433999,0,0,1,1
0.338,0.41,0.436999,0,0,1,1
0.338,0.41,0.439999,0,0,1,1
0.341,0.41,0.26,0,0,1,1
0.341,0.41,0.263,0,0,1,1
0.341,0.41,0.266,0,0,1,1
0.341,0.41,0.269,0,0,1,1
0.341,0.41,0.272,0,0,1,1
0.341,0.41,0.275,0,0,1,1
0.341,0.41,0.278,0,0,1,1
0.341,0.41,0.281,0,0,1,1
0.341,0.41,0.284,0,0,1,1
0.341,0.41,0.287,0,0,1,1
0.341,0.41,0.29,0,0,1,1
0.341,0.41,0.293,0,0,1,1
0.341,0.41,0.296,0,0,1,1
0.341,0.41,0.299,0,0,1,1
0.341,0.41,0.302,0,0,1,1
0.341,0.41,0.305,0,0,1,1
0.341,0.41,0.308,0,0,1,1
0.341,0.41,0.311,0,0,1,1
0.341,0.41,0.314,0,0,1,1
0.341,0.41,0.317,0,0,1,1
0.341,0.41,0.32,0,0,1,1
0.341,0.41,0.323,0,0,1,1
0.341,0.41,0.326,0,0,1,1
0.341,0.41,0.329,0,0,1,1
0.341,0.41,0.332,0,0,1,1
0.341,0.41,0.335,0,0,1,1
0.341,0.41,0.338,0,0,1,1
0.341,0.41,0.341,0,0,1,1
0.341,0.41,0.344,0,0,1,1
0.341,0.41,0.347,0,0,1,1
0.341,0.41,0.35,0,0,1,1
0.341,0.41,0.353,0,0,1,1
0.341,0.41,0.356,0,0,1,1
0.341,0.41,0.359,0,0,1,1
0.341,0.41,0.362,0,0,1,1
0.341,0.41,0.365,0,0,1,1
0.341,0.41,0.368,0,0,1,1
0.341,0.41,0.371,0,0,1,1
0.341,0.41,0.374,0,0,1,1
0.341,0.41,0.377,0,0,1,1
0.341,0.41,0.38,0,0,1,1
0.341,0.41,0.383,0,0,1,1
0.341,0.41,0.386,0,0,1,1
0.341,0.41,0.389,0,0,1,1
0.341,0.41,0.392,0,0,1,1
0.341,0.41,0.395,0,0,1,1
0.341,0.41,0.398,0,0,1,1
0.341,0.41,0.401,0,0,1,1
0.341,0.41,0.404,0,0,1,1
0.341,0.41,0.407,0,0,1,1
0.341,0.41,0.41,0,0,1,1
0.341,0.41,0.413,0,0,1,1
0.341,0.41,0.416,0,0,1,1
0.341,0.41,0.419,0,0,1,1
0.341,0.41,0.422,0,0,1,1
0.341,0.41,0.425,0,0,1,1
0.341,0.41,0.427999,0,0,1,1
0.341,0.41,0.430999,0,0,1,1
0.341,0.41,0.433999,0,0,1,1
0.341,0.41,0.436999,0,0,1,1
0.341,0.41,0.439999,0,0,1,1
0.14,0.27,0.26,0,0,1,1
0.14,0.27,0.263,0,0,1,1
0.14,0.27,0.266,0,0,1,1
0.14,0.27,0.269,0,0,1,1
0.14,0.27,0.272,0,0,1,1
0.14,0.27,0.275,0,0,1,1
0.14,0.27,0.278,0,0,1,1
0.14,0.27,0.281,0,0,1,1
0.14,0.27,0.284,0,0,1,1
0.14,0.27,0.287,0,0,1,1
0.14,0.27,0.29,0,0,1,1
0.14,0.27,0.293,0,0,1,1
0.14,0.27,0.296,0,0,1,1
0.14,0.27,0.299,0,0,1,1
0.14,0.27,0.302,0,0,1,1
0.14,0.27,0.305,0,0,1,1
0.14,0.27,0.308,0,0,1,1
0.14,0.27,0.311,0,0,1,1
0.14,0.27,0.314,0,0,1,1
0.14,0.27,0.317,0,0,1,1
0.14,0.27,0.32,0,0,1,1
0.14,0.27,0.323,0,0,1,1
0.14,0.27,0.326,0,0,1,1
0.14,0.27,0.329,0,0,1,1
0.14,0.27,0.332,0,0,1,1
0.14,0.27,0.335,0,0,1,1
0.14,0.27,0.338,0,0,1,1
0.14,0.27,0.341,0,0,1,1
0.14,0.27,0.344,0,0,1,1
0.14,0.27,0.347,0,0,1,1
0.14,0.27,0.35,0,0,1,1
0.14,0.27,0.353,0,0,1,1
0.14,0.27,0.356,0,0,1,1
0.14,0.27,0.359,0,0,1,1
0.14,0.27,0.362,0,0,1,1
0.14,0.27,0.365,0,0,1,1
0.14,0.27,0.368,0,0,1,1
0.14,0.27,0.371,0,0,1,1
0.14,0.27,0.374,0,0,1,1
0.14,0.27,0.377,0,0,1,1
0.14,0.27,0.38,0,0,1,1
0.14,0.27,0.383,0,0,1,1
0.14,0.27,0.386,0,0,1,1
0.14,0.27,0.389,0,0,1,1
0.14,0.27,0.392,0,0,1,1
0.14,0.27,0.395,0,0,1,1
0.14,0.27,0.398,0,0,1,1
0.14,0.27,0.401,0,0,1,1
0.14,0.27,0.404,0,0,1,1
0.14,0.27,0.407,0,0,1,1
0.14,0.27,0.41,0,0,1,1
0.14,0.27,0.413,0,0,1,1
0.14,0.27,0.416,0,0,1,1
0.14,0.27,0.419,0,0,1,1
0.14,0.27,0.422,0,0,1,1
0.14,0.27,0.425,0,0,1,1
0.14,0.27,0.427999,0,0,1,1
0.14,0.27,0.430999,0,0,1,1
0.14,0.27,0.433999,0,0,1,1
0.14,0.27,0.436999,0,0,1,1
0.14,0.27,0.439999,0,0,1,1
0.143,0.27,0.26,0,0,1,1
0.143,0.27,0.263,0,0,1,1
0.143,0.27,0.266,0,0,1,1
0.143,0.27,0.269,0,0,1,1
0.143,0.27,0.272,0,0,1,1
0.143,0.27,0.275,0,0,1,1
0.143,0.27,0.278,0,0,1,1
0.143,0.27,0.281,0,0,1,1
0.143,0.27,0.284,0,0,1,1
0.143,0.27,0.287,0,0,1,1
0.143,0.27,0.29,0,0,1,1
0.143,0.27,0.293,0,0,1,1
0.143,0.27,0.296,0,0,1,1
0.143,0.27,0.299,0,0,1,1
0.143,0.27,0.302,0,0,1,1
0.143,0.27,0.305,0,0,1,1
0.143,0.27,0.308,0,0,1,1
0.143,0.27,0.311,0,0,1,1
0.143,0.27,0.314,0,0,1,1
0.143,0.27,0.317,0,0,1,1
0.143,0.27,0.32,0,0,1,1
0.143,0.27,0.323,0,0,1,1
0.143,0.27,0.326,0,0,1,1
0.143,0.27,0.329,0,0,1,1
0.143,0.27,0.332,0,0,1,1
0.143,0.27,0.335,0,0,1,1
0.143,0.27,0.338,0,0,1,1
0.143,0.27,0.341,0,0,1,1
0.143,0.27,0.344,0,0,1,1
0.143,0.27,0.347,0,0,1,1
0.143,0.27,0.35,0,0,1,1
0.143,0.27,0.353,0,0,1,1
0.143,0.27,0.356,0,0,1,1
0.143,0.27,0.359,0,0,1,1
0.143,0.27,0.362,0,0,1,1
0.143,0.27,0.365,0,0,1,1
0.143,0.27,0.368,0,0,1,1
0.143,0.27,0.371,0,0,1,1
0.143,0.27,0.374,0,0,1,1
0.143,0.27,0.377,0,0,1,1
0.143,0.27,0.38,0,0,1,1
0.143,0.27,0.383,0,0,1,1
0.143,0.27,0.386,0,0,1,1
0.143,0.27,0.389,0,0,1,1
0.143,0.27,0.392,0,0,1,1
0.143,0.27,0.395,0,0,1,1
0.143,0.27,0.398,0,0,1,1
0.143,0.27,0.401,0,0,1,1
0.143,0.27,0.404,0,0,1,1
0.143,0.27,0.407,0,0,1,1
0.143,0.27,0.41,0,0,1,1
0.143,0.27,0.413,0,0,1,1
0.143,0.27,0.416,0,0,1,1
0.143,0.27,0.419,0,0,1,1
0.143,0.27,0.422,0,0,1,1
0.143,0.27,0.425,0,0,1,1
0.143,0.27,0.427999,0,0,1,1
0.143,0.27,0.430999,0,0,1,1
0.143,0.27,0.433999,0,0,1,1
0.143,0.27,0.436999,0,0,1,1
0.143,0.27,0.439999,0,0,1,1
0.146,0.27,0.26,0,0,1,1
0.146,0.27,0.263,0,0,1,1
0.146,0.27,0.266,0,0,1,1
0.146,0.27,0.269,0,0,1,1
0.146,0.27,0.272,0,0,1,1
0.146,0.27,0.275,0,0,1,1
0.146,0.27,0.278,0,0,1,1
0.146,0.27,0.281,0,0,1,1
0.146,0.27,0.284,0,0,1,1
0.146,0.27,0.287,0,0,1,1
0.146,0.27,0.29,0,0,1,1
0.146,0.27,0.293,0,0,1,1
0.146,0.27,0.296,0,0,1,1
0.146,0.27,0.299,0,0,1,1
0.146,0.27,0.302,0,0,1,1
0.146,0.27,0.305,0,0,1,1
0.146,0.27,0.308,0,0,1,1
0.146,0.27,0.311,0,0,1,1
0.146,0.27,0.314,0,0,1,1
0.146,0.27,0.317,0,0,1,1
0.146,0.27,0.32,0,0,1,1
0.146,0.27,0.323,0,0,1,1
0.146,0.27,0.326,0,0,1,1
0.146,0.27,0.329,0,0,1,1
0.146,0.27,0.332,0,0,1,1
0.146,0.27,0.335,0,0,1,1
0.146,0.27,0.338,0,0,1,1
0.146,0.27,0.341,0,0,1,1
0.146,0.27,0.344,0,0,1,1
0.146,0.27,0.347,0,0,1,1
0.146,0.27,0.35,0,0,1,1
0.146,0.27,0.353,0,0,1,1
0.146,0.27,0.356,0,0,1,1
0.146,0.27,0.359,0,0,1,1
0.146,0.27,0.362,0,0,1,1
0.146,0.27,0.365,0,0,1,1
0.146,0.27,0.368,0,0,1,1
0.146,0.27,0.371,0,0,1,1
0.146,0.27,0.374,0,0,1,1
0.146,0.27,0.377,0,0,1,1
0.146,0.27,0.38,0,0,1,1
0.146,0.27,0.383,0,0,1,1
0.146,0.27,0.386,0,0,1,1
0.146,0.27,0.389,0,0,1,1
0.146,0.27,0.392,0,0,1,1
0.146,0.27,0.395,0,0,1,1
0.146,0.27,0.398,0,0,1,1
0.146,0.27,0.401,0,0,1,1
0.146,0.27,0.404,0,0,1,1
0.146,0.27,0.407,0,0,1,1
0.146,0.27,0.41,0,0,1,1
0.146,0.27,0.413,0,0,1,1
0.146,0.27,0.416,0,0,1,1
0.146,0.27,0.419,0,0,1,1
0.146,0.27,0.422,0,0,1,1
0.146,0.27,0.425,0,0,1,1
0.146,0.27,0.427999,0,0,1,1
0.146,0.27,0.430999,0,0,1,1
0.146,0.27,0.433999,0,0,1,1
0.146,0.27,0.436999,0,0,1,1
0.146,0.27,0.439999,0,0,1,1
0.149,0.27,0.26,0,0,1,1
0.149,0.27,0.263,0,0,1,1
0.149,0.27,0.266,0,0,1,1
0.149,0.27,0.269,0,0,1,1
0.149,0.27,0.272,0,0,1,1
0.149,0.27,0.275,0,0,1,1
0.149,0.27,0.278,0,0,1,1
0.149,0.27,0.281,0,0,1,1
0.149,0.27,0.284,0,0,1,1
0.149,0.27,0.287,0,0,1,1
0.149,0.27,0.29,0,0,1,1
0.149,0.27,0.293,0,0,1,1
0.149,0.27,0.296,0,0,1,1
0.149,0.27,0.299,0,0,1,1
0.149,0.27,0.302,0,0,1,1
0.149,0.27,0.305,0,0,1,1
0.149,0.27,0.308,0,0,1,1
0.149,0.27,0.311,0,0,1,1
0.149,0.27,0.314,0,0,1,1
0.149,0.27,0.317,0,0,1,1
0.149,0.27,0.32,0,0,1,1
0.149,0.27,0.323,0,0,1,1
0.149,0.27,0.326,0,0,1,1
0.149,0.27,0.329,0,0,1,1
0.149,0.27,0.332,0,0,1,1
0.149,0.27,0.335,0,0,1,1
0.149,0.27,0.338,0,0,1,1
0.149,0.27,0.341,0,0,1,1
0.149,0.27,0.344,0,0,1,1
0.149,0.27,0.347,0,0,1,1
0.149,0.27,0.35,0,0,1,1
0.149,0.27,0.353,0,0,1,1
0.149,0.27,0.356,0,0,1,1
0.149,0.27,0.359,0,0,1,1
0.149,0.27,0.362,0,0,1,1
0.149,0.27,0.365,0,0,1,1
0.149,0.27,0.368,0,0,1,1
0.149,0.27,0.371,0,0,1,1
0.149,0.27,0.374,0,0,1,1
0.149,0.27,0.377,0,0,1,1
0.149,0.27,0.38,0,0,1,1
0.149,0.27,0.383,0,0,1,1
0.149,0.27,0.386,0,0,1,1
0.149,0.27,0.389,0,0,1,1
0.149,0.27,0.392,0,0,1,1
0.149,0.27,0.395,0,0,1,1
0.149,0.27,0.398,0,0,1,1
0.149,0.27,0.401,0,0,1,1
0.149,0.27,0.404,0,0,1,1
0.149,0.27,0.407,0,0,1,1
0.149,0.27,0.41,0,0,1,1
0.149,0.27,0.413,0,0,1,1
0.149,0.27,0.416,0,0,1,1
0.149,0.27,0.419,0,0,1,1
0.149,0.27,0.422,0,0,1,1
0.149,0.27,0.425,0,0,1,1
0.149,0.27,0.427999,0,0,1,1
0.149,0.27,0.430999,0,0,1,1
0.149,0.27,0.433999,0,0,1,1
0.149,0.27,0.436999,0,0,1,1
0.149,0.27,0.439999,0,0,1,1
0.152,0.27,0.26,0,0,1,1
0.152,0.27,0.263,0,0,1,1
0.152,0.27,0.266,0,0,1,1
0.152,0.27,0.269,0,0,1,1
0.152,0.27,0.272,0,0,1,1
0.152,0.27,0.275,0,0,1,1
0.152,0.27,0.278,0,0,1,1
0.152,0.27,0.281,0,0,1,1
0.152,0.27,0.284,0,0,1,1
0.152,0.27,0.287,0,0,1,1
0.152,0.27,0.29,0,0,1,1
0.152,0.27,0.293,0,0,1,1
0.152,0.27,0.296,0,0,1,1
0.152,0.27,0.299,0,0,1,1
0.152,0.27,0.302,0,0,1,1
0.152,0.27,0.305,0,0,1,1
0.152,0.27,0.308,0,0,1,1
0.152,0.27,0.311,0,0,1,1
0.152,0.27,0.314,0,0,1,1
0.152,0.27,0.317,0,0,1,1
0.152,0.27,0.32,0,0,1,1
0.152,0.27,0.323,0,0,1,1
0.152,0.27,0.326,0,0,1,1
0.152,0.27,0.329,0,0,1,1
0.152,0.27,0.332,0,0,1,1
0.152,0.27,0.335,0,0,1,1
0.152,0.27,0.338,0,0,1,1
0.152,0.27,0.341,0,0,1,1
0.152,0.27,0.344,0,0,1,1
0.152,0.27,0.347,0,0,1,1
0.152,0.27,0.35,0,0,1,1
0.152,0.27,0.353,0,0,1,1
0.152,0.27,0.356,0,0,1,1
0.152,0.27,0.359,0,0,1,1
0.152,0.27,0.362,0,0,1,1
0.152,0.27,0.365,0,0,1,1
0.152,0.27,0.368,0,0,1,1
0.152,0.27,0.371,0,0,1,1
0.152,0.27,0.374,0,0,1,1
0.152,0.27,0.377,0,0,1,1
0.152,0.27,0.38,0,0,1,1
0.152,0.27,0.383,0,0,1,1
0.152,0.27,0.386,0,0,1,1
0.152,0.27,0.389,0,0,1,1
0.152,0.27,0.392,0,0,1,1
0.152,0.27,0.395,0,0,1,1
0.152,0.27,0.398,0,0,1,1
0.152,0.27,0.401,0,0,1,1
0.152,0.27,0.404,0,0,1,1
0.152,0.27,0.407,0,0,1,1
0.152,0.27,0.41,0,0,1,1
0.152,0.27,0.413,0,0,1,1
0.152,0.27,0.416,0,0,1,1
0.152,0.27,0.419,0,0,1,1
0.152,0.27,0.422,0,0,1,1
0.152,0.27,0.425,0,0,1,1
0.152,0.27,0.427999,0,0,1,1
0.152,0.27,0.430999,0,0,1,1
0.152,0.27,0.433999,0,0,1,1
0.152,0.27,0.436999,0,0,1,1
0.152,0.27,0.439999,0,0,1,1
0.155,0.27,0.26,0,0,1,1
0.155,0.27,0.263,0,0,1,1
0.155,0.27,0.266,0,0,1,1
0.155,0.27,0.269,0,0,1,1
0.155,0.27,0.272,0,0,1,1
0.155,0.27,0.275,0,0,1,1
0.155,0.27,0.278,0,0,1,1
0.155,0.27,0.281,0,0,1,1
0.155,0.27,0.284,0,0,1,1
0.155,0.27,0.287,0,0,1,1
0.155,0.27,0.29,0,0,1,1
0.155,0.27,0.293,0,0,1,1
0.155,0.27,0.296,0,0,1,1
0.155,0.27,0.299,0,0,1,1
0.155,0.27,0.302,0,0,1,1
0.155,0.27,0.305,0,0,1,1
0.155,0.27,0.308,0,0,1,1
0.155,0.27,0.311,0,0,1,1
0.155,0.27,0.314,0,0,1,1
0.155,0.27,0.317,0,0,1,1
0.155,0.27,0.32,0,0,1,1
0.155,0.27,0.323,0,0,1,1
0.155,0.27,0.326,0,0,1,1
0.155,0.27,0.329,0,0,1,1
0.155,0.27,0.332,0,0,1,1
0.155,0.27,0.335,0,0,1,1
0.155,0.27,0.338,0,0,1,1
0.155,0.27,0.341,0,0,1,1
0.155,0.27,0.344,0,0,1,1
0.155,0.27,0.347,0,0,1,1
0.155,0.27,0.35,0,0,1,1
0.155,0.27,0.353,0,0,1,1
0.155,0.27,0.356,0,0,1,1
0.155,0.27,0.359,0,0,1,1
0.155,0.27,0.362,0,0,1,1
0.155,0.27,0.365,0,0,1,1
0.155,0.27,0.368,0,0,1,1
0.155,0.27,0.371,0,0,1,1
0.155,0.27,0.374,0,0,1,1
0.155,0.27,0.377,0,0,1,1
0.155,0.27,0.38,0,0,1,1
0.155,0.27,0.383,0,0,1,1
0.155,0.27,0.386,0,0,1,1
0.155,0.27,0.389,0,0,1,1
0.155,0.27,0.392,0,0,1,1
0.155,0.27,0.395,0,0,1,1
0.155,0.27,0.398,0,0,1,1
0.155,0.27,0.401,0,0,1,1
0.155,0.27,0.404,0,0,1,1
0.155,0.27,0.407,0,0,1,1
0.155,0.27,0.41,0,0,1,1
0.155,0.27,0.413,0,0,1,1
0.155,0.27,0.416,0,0,1,1
0.155,0.27,0.419,0,0,1,1
0.155,0.27,0.422,0,0,1,1
0.155,0.27,0.425,0,0,1,1
0.155,0.27,0.427999,0,0,1,1
0.155,0.27,0.430999,0,0,1,1
0.155,0.27,0.433999,0,0,1,1
0.155,0.27,0.436999,0,0,1,1
0.155,0.27,0.439999,0,0,1,1
0.158,0.27,0.26,0,0,1,1
0.158,0.27,0.263,0,0,1,1
0.158,0.27,0.266,0,0,1,1
0.158,0.27,0.269,0,0,1,1
0.158,0.27,0.272,0,0,1,1
0.158,0.27,0.275,0,0,1,1
0.158,0.27,0.278,0,0,1,1
0.158,0.27,0.281,0,0,1,1
0.158,0.27,0.284,0,0,1,1
0.158,0.27,0.287,0,0,1,1
0.158,0.27,0.29,0,0,1,1
0.158,0.27,0.293,0,0,1,1
0.158,0.27,0.296,0,0,1,1
0.158,0.27,0.299,0,0,1,1
0.158,0.27,0.302,0,0,1,1
0.158,0.27,0.305,0,0,1,1
0.158,0.27,0.308,0,0,1,1
0.158,0.27,0.311,0,0,1,1
0.158,0.27,0.314,0,0,1,1
0.158,0.27,0.317,0,0,1,1
0.158,0.27,0.32,0,0,1,1
0.158,0.27,0.323,0,0,1,1
0.158,0.27,0.326,0,0,1,1
0.158,0.27,0.329,0,0,1,1
0.158,0.27,0.332,0,0,1,1
0.158,0.27,0.335,0,0,1,1
0.158,0.27,0.338,0,0,1,1
0.158,0.27,0.341,0,0,1,1
0.158,0.27,0.344,0,0,1,1
0.158,0.27,0.347,0,0,1,1
0.158,0.27,0.35,0,0,1,1
0.158,0.27,0.353,0,0,1,1
0.158,0.27,0.356,0,0,1,1
0.158,0.27,0.359,0,0,1,1
0.158,0.27,0.362,0,0,1,1
0.158,0.27,0.365,0,0,1,1
0.158,0.27,0.368,0,0,1,1
0.158,0.27,0.371,0,0,1,1
0.158,0.27,0.374,0,0,1,1
0.158,0.27,0.377,0,0,1,1
0.158,0.27,0.38,0,0,1,1
0.158,0.27,0.383,0,0,1,1
0.158,0.27,0.386,0,0,1,1
0.158,0.27,0.389,0,0,1,1
0.158,0.27,0.392,0,0,1,1
0.158,0.27,0.395,0,0,1,1
0.158,0.27,0.398,0,0,1,1
0.158,0.27,0.401,0,0,1,1
0.158,0.27,0.404,0,0,1,1
0.158,0.27,0.407,0,0,1,1
0.158,0.27,0.41,0,0,1,1
0.158,0.27,0.413,0,0,1,1
0.158,0.27,0.416,0,0,1,1
0.158,0.27,0.419,0,0,1,1
0.158,0.27,0.422,0,0,1,1
0.158,0.27,0.425,0,0,1,1
0.158,0.27,0.427999,0,0,1,1
0.158,0.27,0.430999,0,0,1,1
0.158,0.27,0.433999,0,0,1,1
0.158,0.27,0.436999,0,0,1,1
0.158,0.27,0.439999,0,0,1,1
0.161,0.27,0.26,0,0,1,1
0.161,0.27,0.263,0,0,1,1
0.161,0.27,0.266,0,0,1,1
0.161,0.27,0.269,0,0,1,1
0.161,0.27,0.272,0,0,1,1
0.161,0.27,0.275,0,0,1,1
0.161,0.27,0.278,0,0,1,1
0.161,0.27,0.281,0,0,1,1
0.161,0.27,0.284,0,0,1,1
0.161,0.27,0.287,0,0,1,1
0.161,0.27,0.29,0,0,1,1
0.161,0.27,0.293,0,0,1,1
0.161,0.27,0.296,0,0,1,1
0.161,0.27,0.299,0,0,1,1
0.161,0.27,0.302,0,0,1,1
0.161,0.27,0.305,0,0,1,1
0.161,0.27,0.308,0,0,1,1
0.161,0.27,0.311,0,0,1,1
0.161,0.27,0.314,0,0,1,1
0.161,0.27,0.317,0,0,1,1
0.161,0.27,0.32,0,0,1,1
0.161,0.27,0.323,0,0,1,1
0.161,0.27,0.326,0,0,1,1
0.161,0.27,0.329,0,0,1,1
0.161,0.27,0.332,0,0,1,1
0.161,0.27,0.335,0,0,1,1
0.161,0.27,0.338,0,0,1,1
0.161,0.27,0.341,0,0,1,1
0.161,0.27,0.344,0,0,1,1
0.161,0.27,0.347,0,0,1,1
0.161,0.27,0.35,0,0,1,1
0.161,0.27,0.353,0,0,1,1
0.161,0.27,0.356,0,0,1,1
0.161,0.27,0.359,0,0,1,1
0.161,0.27,0.362,0,0,1,1
0.161,0.27,0.365,0,0,1,1
0.161,0.27,0.368,0,0,1,1
0.161,0.27,0.371,0,0,1,1
0.161,0.27,0.374,0,0,1,1
0.161,0.27,0.377,0,0,1,1
0.161,0.27,0.38,0,0,1,1
0.161,0.27,0.383,0,0,1,1
0.161,0.27,0.386,0,0,1,1
0.161,0.27,0.389,0,0,1,1
0.161,0.27,0.392,0,0,1,1
0.161,0.27,0.395,0,0,1,1
0.161,0.27,0.398,0,0,1,1
0.161,0.27,0.401,0,0,1,1
0.161,0.27,0.404,0,0,1,1
0.161,0.27,0.407,0,0,1,1
0.161,0.27,0.41,0,0,1,1
0.161,0.27,0.413,0,0,1,1
0.161,0.27,0.416,0,0,1,1
0.161,0.27,0.419,0,0,1,1
0.161,0.27,0.422,0,0,1,1
0.161,0.27,0.425,0,0,1,1
0.161,0.27,0.427999,0,0,1,1
0.161,0.27,0.430999,0,0,1,1
0.161,0.27,0.433999,0,0,1,1
0.161,0.27,0.436999,0,0,1,1
0.161,0.27,0.439999,0,0,1,1
0.164,0.27,0.26,0,0,1,1
0.164,0.27,0.263,0,0,1,1
0.164,0.27,0.266,0,0,1,1
0.164,0.27,0.269,0,0,1,1
0.164,0.27,0.272,0,0,1,1
0.164,0.27,0.275,0,0,1,1
0.164,0.27,0.278,0,0,1,1
0.164,0.27,0.281,0,0,1,1
0.164,0.27,0.284,0,0,1,1
0.164,0.27,0.287,0,0,1,1
0.164,0.27,0.29,0,0,1,1
0.164,0.27,0.293,0,0,1,1
0.164,0.27,0.296,0,0,1,1
0.164,0.27,0.299,0,0,1,1
0.164,0.27,0.302,0,0,1,1
0.164,0.27,0.305,0,0,1,1
0.164,0.27,0.308,0,0,1,1
0.164,0.27,0.311,0,0,1,1
0.164,0.27,0.314,0,0,1,1
0.164,0.27,0.317,0,0,1,1
0.164,0.27,0.32,0,0,1,1
0.164,0.27,0.323,0,0,1,1
0.164,0.27,0.326,0,0,1,1
0.164,0.27,0.329,0,0,1,1
0.164,0.27,0.332,0,0,1,1
0.164,0.27,0.335,0,0,1,1
0.164,0.27,0.338,0,0,1,1
0.164,0.27,0.341,0,0,1,1
0.164,0.27,0.344,0,0,1,1
0.164,0.27,0.347,0,0,1,1
0.164,0.27,0.35,0,0,1,1
0.164,0.27,0.353,0,0,1,1
0.164,0.27,0.356,0,0,1,1
0.164,0.27,0.359,0,0,1,1
0.164,0.27,0.362,0,0,1,1
0.164,0.27,0.365,0,0,1,1
0.164,0.27,0.368,0,0,1,1
0.164,0.27,0.371,0,0,1,1
0.164,0.27,0.374,0,0,1,1
0.164,0.27,0.377,0,0,1,1
0.164,0.27,0.38,0,0,1,1
0.164,0.27,0.383,0,0,1,1
0.164,0.27,0.386,0,0,1,1
0.164,0.27,0.389,0,0,1,1
0.164,0.27,0.392,0,0,1,1
0.164,0.27,0.395,0,0,1,1
0.164,0.27,0.398,0,0,1,1
0.164,0.27,0.401,0,0,1,1
0.164,0.27,0.404,0,0,1,1
0.164,0.27,0.407,0,0,1,1
0.164,0.27,0.41,0,0,1,1
0.164,0.27,0.413,0,0,1,1
0.164,0.27,0.416,0,0,1,1
0.164,0.27,0.419,0,0,1,1
0.164,0.27,0.422,0,0,1,1
0.164,0.27,0.425,0,0,1,1
0.164,0.27,0.427999,0,0,1,1
0.164,0.27,0.430999,0,0,1,1
0.164,0.27,0.433999,0,0,1,1
0.164,0.27,0.436999,0,0,1,1
0.164,0.27,0.439999,0,0,1,1
0.167,0.27,0.26,0,0,1,1
0.167,0.27,0.263,0,0,1,1
0.167,0.27,0.266,0,0,1,1
0.167,0.27,0.269,0,0,1,1
0.167,0.27,0.272,0,0,1,1
0.167,0.27,0.275,0,0,1,1
0.167,0.27,0.278,0,0,1,1
0.167,0.27,0.281,0,0,1,1
0.167,0.27,0.284,0,0,1,1
0.167,0.27,0.287,0,0,1,1
0.167,0.27,0.29,0,0,1,1
0.167,0.27,0.293,0,0,1,1
0.167,0.27,0.296,0,0,1,1
0.167,0.27,0.299,0,0,1,1
0.167,0.27,0.302,0,0,1,1
0.167,0.27,0.305,0,0,1,1
0.167,0.27,0.308,0,0,1,1
0.167,0.27,0.311,0,0,1,1
0.167,0.27,0.314,0,0,1,1
0.167,0.27,0.317,0,0,1,1
0.167,0.27,0.32,0,0,1,1
0.167,0.27,0.323,0,0,1,1
0.167,0.27,0.326,0,0,1,1
0.167,0.27,0.329,0,0,1,1
0.167,0.27,0.332,0,0,1,1
0.167,0.27,0.335,0,0,1,1
0.167,0.27,0.338,0,0,1,1
0.167,0.27,0.341,0,0,1,1
0.167,0.27,0.344,0,0,1,1
0.167,0.27,0.347,0,0,1,1
0.167,0.27,0.35,0,0,1,1
0.167,0.27,0.353,0,0,1,1
0.167,0.27,0.356,0,0,1,1
0.167,0.27,0.359,0,0,1,1
0.167,0.27,0.362,0,0,1,1
0.167,0.27,0.365,0,0,1,1
0.167,0.27,0.368,0,0,1,1
0.167,0.27,0.371,0,0,1,1
0.167,0.27,0.374,0,0,1,1
0.167,0.27,0.377,0,0,1,1
0.167,0.27,0.38,0,0,1,1
0.167,0.27,0.383,0,0,1,1
0.167,0.27,0.386,0,0,1,1
0.167,0.27,0.389,0,0,1,1
0.167,0.27,0.392,0,0,1,1
0.167,0.27,0.395,0,0,1,1
0.167,0.27,0.398,0,0,1,1
0.167,0.27,0.401,0,0,1,1
0.167,0.27,0.404,0,0,1,1
0.167,0.27,0.407,0,0,1,1
0.167,0.27,0.41,0,0,1,1
0.167,0.27,0.413,0,0,1,1
0.167,0.27,0.416,0,0,1,1
0.167,0.27,0.419,0,0,1,1
0.167,0.27,0.422,0,0,1,1
0.167,0.27,0.425,0,0,1,1
0.167,0.27,0.427999,0,0,1,1
0.167,0.27,0.430999,0,0,1,1
0.167,0.27,0.433999,0,0,1,1
0.167,0.27,0.436999,0,0,1,1
0.167,0.27,0.439999,0,0,1,1
0.17,0.27,0.26,0,0,1,1
0.17,0.27,0.263,0,0,1,1
0.17,0.27,0.266,0,0,1,1
0.17,0.27,0.269,0,0,1,1
0.17,0.27,0.272,0,0,1,1
0.17,0.27,0.275,0,0,1,1
0.17,0.27,0.278,0,0,1,1
0.17,0.27,0.281,0,0,1,1
0.17,0.27,0.284,0,0,1,1
0.17,0.27,0.287,0,0,1,1
0.17,0.27,0.29,0,0,1,1
0.17,0.27,0.293,0,0,1,1
0.17,0.27,0.296,0,0,1,1
0.17,0.27,0.299,0,0,1,1
0.17,0.27,0.302,0,0,1,1
0.17,0.27,0.305,0,0,1,1
0.17,0.27,0.308,0,0,1,1
0.17,0.27,0.311,0,0,1,1
0.17,0.27,0.314,0,0,1,1
0.17,0.27,0.317,0,0,1,1
0.17,0.27,0.32,0,0,1,1
0.17,0.27,0.323,0,0,1,1
0.17,0.27,0.326,0,0,1,1
0.17,0.27,0.329,0,0,1,1
0.17,0.27,0.332,0,0,1,1
0.17,0.27,0.335,0,0,1,1
0.17,0.27,0.338,0,0,1,1
0.17,0.27,0.341,0,0,1,1
0.17,0.27,0.344,0,0,1,1
0.17,0.27,0.347,0,0,1,1
0.17,0.27,0.35,0,0,1,1
0.17,0.27,0.353,0,0,1,1
0.17,0.27,0.356,0,0,1,1
0.17,0.27,0.359,0,0,1,1
0.17,0.27,0.362,0,0,1,1
0.17,0.27,0.365,0,0,1,1
0.17,0.27,0.368,0,0,1,1
0.17,0.27,0.371,0,0,1,1
0.17,0.27,0.374,0,0,1,1
0.17,0.27,0.377,0,0,1,1
0.17,0.27,0.38,0,0,1,1
0.17,0.27,0.383,0,0,1,1
0.17,0.27,0.386,0,0,1,1
0.17,0.27,0.389,0,0,1,1
0.17,0.27,0.392,0,0,1,1
0.17,0.27,0.395,0,0,1,1
0.17,0.27,0.398,0,0,1,1
0.17,0.27,0.401,0,0,1,1
0.17,0.27,0.404,0,0,1,1
0.17,0.27,0.407,0,0,1,1
0.17,0.27,0.41,0,0,1,1
0.17,0.27,0.413,0,0,1,1
0.17,0.27,0.416,0,0,1,1
0.17,0.27,0.419,0,0,1,1
0.17,0.27,0.422,0,0,1,1
0.17,0.27,0.425,0,0,1,1
0.17,0.27,0.427999,0,0,1,1
0.17,0.27,0.430999,0,0,1,1
0.17,0.27,0.433999,0,0,1,1
0.17,0.27,0.436999,0,0,1,1
0.17,0.27,0.439999,0,0,1,1
0.173,0.27,0.26,0,0,1,1
0.173,0.27,0.263,0,0,1,1
0.173,0.27,0.266,0,0,1,1
0.173,0.27,0.269,0,0,1,1
0.173,0.27,0.272,0,0,1,1
0.173,0.27,0.275,0,0,1,1
0.173,0.27,0.278,0,0,1,1
0.173,0.27,0.281,0,0,1,1
0.173,0.27,0.284,0,0,1,1
0.173,0.27,0.287,0,0,1,1
0.173,0.27,0.29,0,0,1,1
0.173,0.27,0.293,0,0,1,1
0.173,0.27,0.296,0,0,1,1
0.173,0.27,0.299,0,0,1,1
0.173,0.27,0.302,0,0,1,1
0.173,0.27,0.305,0,0,1,1
0.173,0.27,0.308,0,0,1,1
0.173,0.27,0.311,0,0,1,1
0.173,0.27,0.314,0,0,1,1
0.173,0.27,0.317,0,0,1,1
0.173,0.27,0.32,0,0,1,1
0.173,0.27,0.323,0,0,1,1
0.173,0.27,0.326,0,0,1,1
0.173,0.27,0.329,0,0,1,1
0.173,0.27,0.332,0,0,1,1
0.173,0.27,0.335,0,0,1,1
0.173,0.27,0.338,0,0,1,1
0.173,0.27,0.341,0,0,1,1
0.173,0.27,0.344,0,0,1,1
0.173,0.27,0.347,0,0,1,1
0.173,0.27,0.35,0,0,1,1
0.173,0.27,0.353,0,0,1,1
0.173,0.27,0.356,0,0,1,1
0.173,0.27,0.359,0,0,1,1
0.173,0.27,0.362,0,0,1,1
0.173,0.27,0.365,0,0,1,1
0.173,0.27,0.368,0,0,1,1
0.173,0.27,0.371,0,0,1,1
0.173,0.27,0.374,0,0,1,1
0.173,0.27,0.377,0,0,1,1
0.173,0.27,0.38,0,0,1,1
0.173,0.27,0.383,0,0,1,1
0.173,0.27,0.386,0,0,1,1
0.173,0.27,0.389,0,0,1,1
0.173,0.27,0.392,0,0,1,1
0.173,0.27,0.395,0,0,1,1
0.173,0.27,0.398,0,0,1,1
0.173,0.27,0.401,0,0,1,1
0.173,0.27,0.404,0,0,1,1
0.173,0.27,0.407,0,0,1,1
0.173,0.27,0.41,0,0,1,1
0.173,0.27,0.413,0,0,1,1
0.173,0.27,0.416,0,0,1,1
0.173,0.27,0.419,0,0,1,1
0.173,0.27,0.422,0,0,1,1
0.173,0.27,0.425,0,0,1,1
0.173,0.27,0.427999,0,0,1,1
0.173,0.27,0.430999,0,0,1,1
0.173,0.27,0.433999,0,0,1,1
0.173,0.27,0.436999,0,0,1,1
0.173,0.27,0.439999,0,0,1,1
0.176,0.27,0.26,0,0,1,1
0.176,0.27,0.263,0,0,1,1
0.176,0.27,0.266,0,0,1,1
0.176,0.27,0.269,0,0,1,1
0.176,0.27,0.272,0,0,1,1
0.176,0.27,0.275,0,0,1,1
0.176,0.27,0.278,0,0,1,1
0.176,0.27,0.281,0,0,1,1
0.176,0.27,0.284,0,0,1,1
0.176,0.27,0.287,0,0,1,1
0.176,0.27,0.29,0,0,1,1
0.176,0.27,0.293,0,0,1,1
0.176,0.27,0.296,0,0,1,1
0.176,0.27,0.299,0,0,1,1
0.176,0.27,0.302,0,0,1,1
0.176,0.27,0.305,0,0,1,1
0.176,0.27,0.308,0,0,1,1
0.176,0.27,0.311,0,0,1,1
0.176,0.27,0.314,0,0,1,1
0.176,0.27,0.317,0,0,1,1
0.176,0.27,0.32,0,0,1,1
0.176,0.27,0.323,0,0,1,1
0.176,0.27,0.326,0,0,1,1
0.176,0.27,0.329,0,0,1,1
0.176,0.27,0.332,0,0,1,1
0.176,0.27,0.335,0,0,1,1
0.176,0.27,0.338,0,0,1,1
0.176,0.27,0.341,0,0,1,1
0.176,0.27,0.344,0,0,1,1
0.176,0.27,0.347,0,0,1,1
0.176,0.27,0.35,0,0,1,1
0.176,0.27,0.353,0,0,1,1
0.176,0.27,0.356,0,0,1,1
0.176,0.27,0.359,0,0,1,1
0.176,0.27,0.362,0,0,1,1
0.176,0.27,0.365,0,0,1,1
0.176,0.27,0.368,0,0,1,1
0.176,0.27,0.371,0,0,1,1
0.176,0.27,0.374,0,0,1,1
0.176,0.27,0.377,0,0,1,1
0.176,0.27,0.38,0,0,1,1
0.176,0.27,0.383,0,0,1,1
0.176,0.27,0.386,0,0,1,1
0.176,0.27,0.389,0,0,1,1
0.176,0.27,0.392,0,0,1,1
0.176,0.27,0.395,0,0,1,1
0.176,0.27,0.398,0,0,1,1
0.176,0.27,0.401,0,0,1,1
0.176,0.27,0.404,0,0,1,1
0.176,0.27,0.407,0,0,1,1
0.176,0.27,0.41,0,0,1,1
0.176,0.27,0.413,0,0,1,1
0.176,0.27,0.416,0,0,1,1
0.176,0.27,0.419,0,0,1,1
0.176,0.27,0.422,0,0,1,1
0.176,0.27,0.425,0,0,1,1
0.176,0.27,0.427999,0,0,1,1
0.176,0.27,0.430999,0,0,1,1
0.176,0.27,0.433999,0,0,1,1
0.176,0.27,0.436999,0,0,1,1
0.176,0.27,0.439999,0,0,1,1
0.179,0.27,0.26,0,0,1,1
0.179,0.27,0.263,0,0,1,1
0.179,0.27,0.266,0,0,1,1
0.179,0.27,0.269,0,0,1,1
0.179,0.27,0.272,0,0,1,1
0.179,0.27,0.275,0,0,1,1
0.179,0.27,0.278,0,0,1,1
0.179,0.27,0.281,0,0,1,1
0.179,0.27,0.284,0,0,1,1
0.179,0.27,0.287,0,0,1,1
0.179,0.27,0.29,0,0,1,1
0.179,0.27,0.293,0,0,1,1
0.179,0.27,0.296,0,0,1,1
0.179,0.27,0.299,0,0,1,1
0.179,0.27,0.302,0,0,1,1
0.179,0.27,0.305,0,0,1,1
0.179,0.27,0.308,0,0,1,1
0.179,0.27,0.311,0,0,1,1
0.179,0.27,0.314,0,0,1,1
0.179,0.27,0.317,0,0,1,1
0.179,0.27,0.32,0,0,1,1
0.179,0.27,0.323,0,0,1,1
0.179,0.27,0.326,0,0,1,1
0.179,0.27,0.329,0,0,1,1
0.179,0.27,0.332,0,0,1,1
0.179,0.27,0.335,0,0,1,1
0.179,0.27,0.338,0,0,1,1
0.179,0.27,0.341,0,0,1,1
0.179,0.27,0.344,0,0,1,1
0.179,0.27,0.347,0,0,1,1
0.179,0.27,0.35,0,0,1,1
0.179,0.27,0.353,0,0,1,1
0.179,0.27,0.356,0,0,1,1
0.179,0.27,0.359,0,0,1,1
0.179,0.27,0.362,0,0,1,1
0.179,0.27,0.365,0,0,1,1
0.179,0.27,0.368,0,0,1,1
0.179,0.27,0.371,0,0,1,1
0.179,0.27,0.374,0,0,1,1
0.179,0.27,0.377,0,0,1,1
0.179,0.27,0.38,0,0,1,1
0.179,0.27,0.383,0,0,1,1
0.179,0.27,0.386,0,0,1,1
0.179,0.27,0.389,0,0,1,1
0.179,0.27,0.392,0,0,1,1
0.179,0.27,0.395,0,0,1,1
0.179,0.27,0.398,0,0,1,1
0.179,0.27,0.401,0,0,1,1
0.179,0.27,0.404,0,0,1,1
0.179,0.27,0.407,0,0,1,1
0.179,0.27,0.41,0,0,1,1
0.179,0.27,0.413,0,0,1,1
0.179,0.27,0.416,0,0,1,1
0.179,0.27,0.419,0,0,1,1
0.179,0.27,0.422,0,0,1,1
0.179,0.27,0.425,0,0,1,1
0.179,0.27,0.427999,0,0,1,1
0.179,0.27,0.430999,0,0,1,1
0.179,0.27,0.433999,0,0,1,1
0.179,0.27,0.436999,0,0,1,1
0.179,0.27,0.439999,0,0,1,1
0.182,0.27,0.26,0,0,1,1
0.182,0.27,0.263,0,0,1,1
0.182,0.27,0.266,0,0,1,1
0.182,0.27,0.269,0,0,1,1
0.182,0.27,0.272,0,0,1,1
0.182,0.27,0.275,0,0,1,1
0.182,0.27,0.278,0,0,1,1
0.182,0.27,0.281,0,0,1,1
0.182,0.27,0.284,0,0,1,1
0.182,0.27,0.287,0,0,1,1
0.182,0.27,0.29,0,0,1,1
0.182,0.27,0.293,0,0,1,1
0.182,0.27,0.296,0,0,1,1
0.182,0.27,0.299,0,0,1,1
0.182,0.27,0.302,0,0,1,1
0.182,0.27,0.305,0,0,1,1
0.182,0.27,0.308,0,0,1,1
0.182,0.27,0.311,0,0,1,1
0.182,0.27,0.314,0,0,1,1
0.182,0.27,0.317,0,0,1,1
0.182,0.27,0.32,0,0,1,1
0.182,0.27,0.323,0,0,1,1
0.182,0.27,0.326,0,0,1,1
0.182,0.27,0.329,0,0,1,1
0.182,0.27,0.332,0,0,1,1
0.182,0.27,0.335,0,0,1,1
0.182,0.27,0.338,0,0,1,1
0.182,0.27,0.341,0,0,1,1
0.182,0.27,0.344,0,0,1,1
0.182,0.27,0.347,0,0,1,1
0.182,0.27,0.35,0,0,1,1
0.182,0.27,0.353,0,0,1,1
0.182,0.27,0.356,0,0,1,1
0.182,0.27,0.359,0,0,1,1
0.182,0.27,0.362,0,0,1,1
0.182,0.27,0.365,0,0,1,1
0.182,0.27,0.368,0,0,1,1
0.182,0.27,0.371,0,0,1,1
0.182,0.27,0.374,0,0,1,1
0.182,0.27,0.377,0,0,1,1
0.182,0.27,0.38,0,0,1,1
0.182,0.27,0.383,0,0,1,1
0.182,0.27,0.386,0,0,1,1
0.182,0.27,0.389,0,0,1,1
0.182,0.27,0.392,0,0,1,1
0.182,0.27,0.395,0,0,1,1
0.182,0.27,0.398,0,0,1,1
0.182,0.27,0.401,0,0,1,1
0.182,0.27,0.404,0,0,1,1
0.182,0.27,0.407,0,0,1,1
0.182,0.27,0.41,0,0,1,1
0.182,0.27,0.413,0,0,1,1
0.182,0.27,0.416,0,0,1,1
0.182,0.27,0.419,0,0,1,1
0.182,0.27,0.422,0,0,1,1
0.182,0.27,0.425,0,0,1,1
0.182,0.27,0.427999,0,0,1,1
0.182,0.27,0.430999,0,0,1,1
0.182,0.27,0.433999,0,0,1,1
0.182,0.27,0.436999,0,0,1,1
0.182,0.27,0.439999,0,0,1,1
0.185,0.27,0.26,0,0,1,1
0.185,0.27,0.263,0,0,1,1
0.185,0.27,0.266,0,0,1,1
0.185,0.27,0.269,0,0,1,1
0.185,0.27,0.272,0,0,1,1
0.185,0.27,0.275,0,0,1,1
0.185,0.27,0.278,0,0,1,1
0.185,0.27,0.281,0,0,1,1
0.185,0.27,0.284,0,0,1,1
0.185,0.27,0.287,0,0,1,1
0.185,0.27,0.29,0,0,1,1
0.185,0.27,0.293,0,0,1,1
0.185,0.27,0.296,0,0,1,1
0.185,0.27,0.299,0,0,1,1
0.185,0.27,0.302,0,0,1,1
0.185,0.27,0.305,0,0,1,1
0.185,0.27,0.308,0,0,1,1
0.185,0.27,0.311,0,0,1,1
0.185,0.27,0.314,0,0,1,1
0.185,0.27,0.317,0,0,1,1
0.185,0.27,0.32,0,0,1,1
0.185,0.27,0.323,0,0,1,1
0.185,0.27,0.326,0,0,1,1
0.185,0.27,0.329,0,0,1,1
0.185,0.27,0.332,0,0,1,1
0.185,0.27,0.335,0,0,1,1
0.185,0.27,0.338,0,0,1,1
0.185,0.27,0.341,0,0,1,1
0.185,0.27,0.344,0,0,1,1
0.185,0.27,0.347,0,0,1,1
0.185,0.27,0.35,0,0,1,1
0.185,0.27,0.353,0,0,1,1
0.185,0.27,0.356,0,0,1,1
0.185,0.27,0.359,0,0,1,1
0.185,0.27,0.362,0,0,1,1
0.185,0.27,0.365,0,0,1,1
0.185,0.27,0.368,0,0,1,1
0.185,0.27,0.371,0,0,1,1
0.185,0.27,0.374,0,0,1,1
0.185,0.27,0.377,0,0,1,1
0.185,0.27,0.38,0,0,1,1
0.185,0.27,0.383,0,0,1,1
0.185,0.27,0.386,0,0,1,1
0.185,0.27,0.389,0,0,1,1
0.185,0.27,0.392,0,0,1,1
0.185,0.27,0.395,0,0,1,1
0.185,0.27,0.398,0,0,1,1
0.185,0.27,0.401,0,0,1,1
0.185,0.27,0.404,0,0,1,1
0.185,0.27,0.407,0,0,1,1
0.185,0.27,0.41,0,0,1,1
0.185,0.27,0.413,0,0,1,1
0.185,0.27,0.416,0,0,1,1
0.185,0.27,0.419,0,0,1,1
0.185,0.27,0.422,0,0,1,1
0.185,0.27,0.425,0,0,1,1
0.185,0.27,0.427999,0,0,1,1
0.185,0.27,0.430999,0,0,1,1
0.185,0.27,0.433999,0,0,1,1
0.185,0.27,0.436999,0,0,1,1
0.185,0.27,0.439999,0,0,1,1
0.188,0.27,0.26,0,0,1,1
0.188,0.27,0.263,0,0,1,1
0.188,0.27,0.266,0,0,1,1
0.188,0.27,0.269,0,0,1,1
0.188,0.27,0.272,0,0,1,1
0.188,0.27,0.275,0,0,1,1
0.188,0.27,0.278,0,0,1,1
0.188,0.27,0.281,0,0,1,1
0.188,0.27,0.284,0,0,1,1
0.188,0.27,0.287,0,0,1,1
0.188,0.27,0.29,0,0,1,1
0.188,0.27,0.293,0,0,1,1
0.188,0.27,0.296,0,0,1,1
0.188,0.27,0.299,0,0,1,1
0.188,0.27,0.302,0,0,1,1
0.188,0.27,0.305,0,0,1,1
0.188,0.27,0.308,0,0,1,1
0.188,0.27,0.311,0,0,1,1
0.188,0.27,0.314,0,0,1,1
0.188,0.27,0.317,0,0,1,1
0.188,0.27,0.32,0,0,1,1
0.188,0.27,0.323,0,0,1,1
0.188,0.27,0.326,0,0,1,1
0.188,0.27,0.329,0,0,1,1
0.188,0.27,0.332,0,0,1,1
0.188,0.27,0.335,0,0,1,1
0.188,0.27,0.338,0,0,1,1
0.188,0.27,0.341,0,0,1,1
0.188,0.27,0.344,0,0,1,1
0.188,0.27,0.347,0,0,1,1
0.188,0.27,0.35,0,0,1,1
0.188,0.27,0.353,0,0,1,1
0.188,0.27,0.356,0,0,1,1
0.188,0.27,0.359,0,0,1,1
0.188,0.27,0.362,0,0,1,1
0.188,0.27,0.365,0,0,1,1
0.188,0.27,0.368,0,0,1,1
0.188,0.27,0.371,0,0,1,1
0.188,0.27,0.374,0,0,1,1
0.188,0.27,0.377,0,0,1,1
0.188,0.27,0.38,0,0,1,1
0.188,0.27,0.383,0,0,1,1
0.188,0.27,0.386,0,0,1,1
0.188,0.27,0.389,0,0,1,1
0.188,0.27,0.392,0,0,1,1
0.188,0.27,0.395,0,0,1,1
0.188,0.27,0.398,0,0,1,1
0.188,0.27,0.401,0,0,1,1
0.188,0.27,0.404,0,0,1,1
0.188,0.27,0.407,0,0,1,1
0.188,0.27,0.41,0,0,1,1
0.188,0.27,0.413,0,0,1,1
0.188,0.27,0.416,0,0,1,1
0.188,0.27,0.419,0,0,1,1
0.188,0.27,0.422,0,0,1,1
0.188,0.27,0.425,0,0,1,1
0.188,0.27,0.427999,0,0,1,1
0.188,0.27,0.430999,0,0,1,1
0.188,0.27,0.433999,0,0,1,1
0.188,0.27,0.436999,0,0,1,1
0.188,0.27,0.439999,0,0,1,1
0.191,0.27,0.26,0,0,1,1
0.191,0.27,0.263,0,0,1,1
0.191,0.27,0.266,0,0,1,1
0.191,0.27,0.269,0,0,1,1
0.191,0.27,0.272,0,0,1,1
0.191,0.27,0.275,0,0,1,1
0.191,0.27,0.278,0,0,1,1
0.191,0.27,0.281,0,0,1,1
0.191,0.27,0.284,0,0,1,1
0.191,0.27,0.287,0,0,1,1
0.191,0.27,0.29,0,0,1,1
0.191,0.27,0.293,0,0,1,1
0.191,0.27,0.296,0,0,1,1
0.191,0.27,0.299,0,0,1,1
0.191,0.27,0.302,0,0,1,1
0.191,0.27,0.305,0,0,1,1
0.191,0.27,0.308,0,0,1,1
0.191,0.27,0.311,0,0,1,1
0.191,0.27,0.314,0,0,1,1
0.191,0.27,0.317,0,0,1,1
0.191,0.27,0.32,0,0,1,1
0.191,0.27,0.323,0,0,1,1
0.191,0.27,0.326,0,0,1,1
0.191,0.27,0.329,0,0,1,1
0.191,0.27,0.332,0,0,1,1
0.191,0.27,0.335,0,0,1,1
0.191,0.27,0.338,0,0,1,1
0.191,0.27,0.341,0,0,1,1
0.191,0.27,0.344,0,0,1,1
0.191,0.27,0.347,0,0,1,1
0.191,0.27,0.35,0,0,1,1
0.191,0.27,0.353,0,0,1,1
0.191,0.27,0.356,0,0,1,1
0.191,0.27,0.359,0,0,1,1
0.191,0.27,0.362,0,0,1,1
0.191,0.27,0.365,0,0,1,1
0.191,0.27,0.368,0,0,1,1
0.191,0.27,0.371,0,0,1,1
0.191,0.27,0.374,0,0,1,1
0.191,0.27,0.377,0,0,1,1
0.191,0.27,0.38,0,0,1,1
0.191,0.27,0.383,0,0,1,1
0.191,0.27,0.386,0,0,1,1
0.191,0.27,0.389,0,0,1,1
0.191,0.27,0.392,0,0,1,1
0.191,0.27,0.395,0,0,1,1
0.191,0.27,0.398,0,0,1,1
0.191,0.27,0.401,0,0,1,1
0.191,0.27,0.404,0,0,1,1
0.191,0.27,0.407,0,0,1,1
0.191,0.27,0.41,0,0,1,1
0.191,0.27,0.413,0,0,1,1
0.191,0.27,0.416,0,0,1,1
0.191,0.27,0.419,0,0,1,1
0.191,0.27,0.422,0,0,1,1
0.191,0.27,0.425,0,0,1,1
0.191,0.27,0.427999,0,0,1,1
0.191,0.27,0.430999,0,0,1,1
0.191,0.27,0.433999,0,0,1,1
0.191,0.27,0.436999,0,0,1,1
0.191,0.27,0.439999,0,0,1,1
0.194,0.27,0.26,0,0,1,1
0.194,0.27,0.263,0,0,1,1
0.194,0.27,0.266,0,0,1,1
0.194,0.27,0.269,0,0,1,1
0.194,0.27,0.272,0,0,1,1
0.194,0.27,0.275,0,0,1,1
0.194,0.27,0.278,0,0,1,1
0.194,0.27,0.281,0,0,1,1
0.194,0.27,0.284,0,0,1,1
0.194,0.27,0.287,0,0,1,1
0.194,0.27,0.29,0,0,1,1
0.194,0.27,0.293,0,0,1,1
0.194,0.27,0.296,0,0,1,1
0.194,0.27,0.299,0,0,1,1
0.194,0.27,0.302,0,0,1,1
0.194,0.27,0.305,0,0,1,1
0.194,0.27,0.308,0,0,1,1
0.194,0.27,0.311,0,0,1,1
0.194,0.27,0.314,0,0,1,1
0.194,0.27,0.317,0,0,1,1
0.194,0.27,0.32,0,0,1,1
0.194,0.27,0.323,0,0,1,1
0.194,0.27,0.326,0,0,1,1
0.194,0.27,0.329,0,0,1,1
0.194,0.27,0.332,0,0,1,1
0.194,0.27,0.335,0,0,1,1
0.194,0.27,0.338,0,0,1,1
0.194,0.27,0.341,0,0,1,1
0.194,0.27,0.344,0,0,1,1
0.194,0.27,0.347,0,0,1,1
0.194,0.27,0.35,0,0,1,1
0.194,0.27,0.353,0,0,1,1
0.194,0.27,0.356,0,0,1,1
0.194,0.27,0.359,0,0,1,1
0.194,0.27,0.362,0,0,1,1
0.194,0.27,0.365,0,0,1,1
0.194,0.27,0.368,0,0,1,1
0.194,0.27,0.371,0,0,1,1
0.194,0.27,0.374,0,0,1,1
0.194,0.27,0.377,0,0,1,1
0.194,0.27,0.38,0,0,1,1
0.194,0.27,0.383,0,0,1,1
0.194,0.27,0.386,0,0,1,1
0.194,0.27,0.389,0,0,1,1
0.194,0.27,0.392,0,0,1,1
0.194,0.27,0.395,0,0,1,1
0.194,0.27,0.398,0,0,1,1
0.194,0.27,0.401,0,0,1,1
0.194,0.27,0.404,0,0,1,1
0.194,0.27,0.407,0,0,1,1
0.194,0.27,0.41,0,0,1,1
0.194,0.27,0.413,0,0,1,1
0.194,0.27,0.416,0,0,1,1
0.194,0.27,0.419,0,0,1,1
0.194,0.27,0.422,0,0,1,1
0.194,0.27,0.425,0,0,1,1
0.194,0.27,0.427999,0,0,1,1
0.194,0.27,0.430999,0,0,1,1
0.194,0.27,0.433999,0,0,1,1
0.194,0.27,0.436999,0,0,1,1
0.194,0.27,0.439999,0,0,1,1
0.197,0.27,0.26,0,0,1,1
0.197,0.27,0.263,0,0,1,1
0.197,0.27,0.266,0,0,1,1
0.197,0.27,0.269,0,0,1,1
0.197,0.27,0.272,0,0,1,1
0.197,0.27,0.275,0,0,1,1
0.197,0.27,0.278,0,0,1,1
0.197,0.27,0.281,0,0,1,1
0.197,0.27,0.284,0,0,1,1
0.197,0.27,0.287,0,0,1,1
0.197,0.27,0.29,0,0,1,1
0.197,0.27,0.293,0,0,1,1
0.197,0.27,0.296,0,0,1,1
0.197,0.27,0.299,0,0,1,1
0.197,0.27,0.302,0,0,1,1
0.197,0.27,0.305,0,0,1,1
0.197,0.27,0.308,0,0,1,1
0.197,0.27,0.311,0,0,1,1
0.197,0.27,0.314,0,0,1,1
0.197,0.27,0.317,0,0,1,1
0.197,0.27,0.32,0,0,1,1
0.197,0.27,0.323,0,0,1,1
0.197,0.27,0.326,0,0,1,1
0.197,0.27,0.329,0,0,1,1
0.197,0.27,0.332,0,0,1,1
0.197,0.27,0.335,0,0,1,1
0.197,0.27,0.338,0,0,1,1
0.197,0.27,0.341,0,0,1,1
0.197,0.27,0.344,0,0,1,1
0.197,0.27,0.347,0,0,1,1
0.197,0.27,0.35,0,0,1,1
0.197,0.27,0.353,0,0,1,1
0.197,0.27,0.356,0,0,1,1
0.197,0.27,0.359,0,0,1,1
0.197,0.27,0.362,0,0,1,1
0.197,0.27,0.365,0,0,1,1
0.197,0.27,0.368,0,0,1,1
0.197,0.27,0.371,0,0,1,1
0.197,0.27,0.374,0,0,1,1
0.197,0.27,0.377,0,0,1,1
0.197,0.27,0.38,0,0,1,1
0.197,0.27,0.383,0,0,1,1
0.197,0.27,0.386,0,0,1,1
0.197,0.27,0.389,0,0,1,1
0.197,0.27,0.392,0,0,1,1
0.197,0.27,0.395,0,0,1,1
0.197,0.27,0.398,0,0,1,1
0.197,0.27,0.401,0,0,1,1
0.197,0.27,0.404,0,0,1,1
0.197,0.27,0.407,0,0,1,1
0.197,0.27,0.41,0,0,1,1
0.197,0.27,0.413,0,0,1,1
0.197,0.27,0.416,0,0,1,1
0.197,0.27,0.419,0,0,1,1
0.197,0.27,0.422,0,0,1,1
0.197,0.27,0.425,0,0,1,1
0.197,0.27,0.427999,0,0,1,1
0.197,0.27,0.430999,0,0,1,1
0.197,0.27,0.433999,0,0,1,1
0.197,0.27,0.436999,0,0,1,1
0.197,0.27,0.439999,0,0,1,1
0.2,0.27,0.26,0,0,1,1
0.2,0.27,0.263,0,0,1,1
0.2,0.27,0.266,0,0,1,1
0.2,0.27,0.269,0,0,1,1
0.2,0.27,0.272,0,0,1,1
0.2,0.27,0.275,0,0,1,1
0.2,0.27,0.278,0,0,1,1
0.2,0.27,0.281,0,0,1,1
0.2,0.27,0.284,0,0,1,1
0.2,0.27,0.287,0,0,1,1
0.2,0.27,0.29,0,0,1,1
0.2,0.27,0.293,0,0,1,1
0.2,0.27,0.296,0,0,1,1
0.2,0.27,0.299,0,0,1,1
0.2,0.27,0.302,0,0,1,1
0.2,0.27,0.305,0,0,1,1
0.2,0.27,0.308,0,0,1,1
0.2,0.27,0.311,0,0,1,1
0.2,0.27,0.314,0,0,1,1
0.2,0.27,0.317,0,0,1,1
0.2,0.27,0.32,0,0,1,1
0.2,0.27,0.323,0,0,1,1
0.2,0.27,0.326,0,0,1,1
0.2,0.27,0.329,0,0,1,1
0.2,0.27,0.332,0,0,1,1
0.2,0.27,0.335,0,0,1,1
0.2,0.27,0.338,0,0,1,1
0.2,0.27,0.341,0,0,1,1
0.2,0.27,0.344,0,0,1,1
0.2,0.27,0.347,0,0,1,1
0.2,0.27,0.35,0,0,1,1
0.2,0.27,0.353,0,0,1,1
0.2,0.27,0.356,0,0,1,1
0.2,0.27,0.359,0,0,1,1
0.2,0.27,0.362,0,0,1,1
0.2,0.27,0.365,0,0,1,1
0.2,0.27,0.368,0,0,1,1
0.2,0.27,0.371,0,0,1,1
0.2,0.27,0.374,0,0,1,1
0.2,0.27,0.377,0,0,1,1
0.2,0.27,0.38,0,0,1,1
0.2,0.27,0.383,0,0,1,1
0.2,0.27,0.386,0,0,1,1
0.2,0.27,0.389,0,0,1,1
0.2,0.27,0.392,0,0,1,1
0.2,0.27,0.395,0,0,1,1
0.2,0.27,0.398,0,0,1,1
0.2,0.27,0.401,0,0,1,1
0.2,0.27,0.404,0,0,1,1
0.2,0.27,0.407,0,0,1,1
0.2,0.27,0.41,0,0,1,1
0.2,0.27,0.413,0,0,1,1
0.2,0.27,0.416,0,0,1,1
0.2,0.27,0.419,0,0,1,1
0.2,0.27,0.422,0,0,1,1
0.2,0.27,0.425,0,0,1,1
0.2,0.27,0.427999,0,0,1,1
0.2,0.27,0.430999,0,0,1,1
0.2,0.27,0.433999,0,0,1,1
0.2,0.27,0.436999,0,0,1,1
0.2,0.27,0.439999,0,0,1,1
0.203,0.27,0.26,0,0,1,1
0.203,0.27,0.263,0,0,1,1
0.203,0.27,0.266,0,0,1,1
0.203,0.27,0.269,0,0,1,1
0.203,0.27,0.272,0,0,1,1
0.203,0.27,0.275,0,0,1,1
0.203,0.27,0.278,0,0,1,1
0.203,0.27,0.281,0,0,1,1
0.203,0.27,0.284,0,0,1,1
0.203,0.27,0.287,0,0,1,1
0.203,0.27,0.29,0,0,1,1
0.203,0.27,0.293,0,0,1,1
0.203,0.27,0.296,0,0,1,1
0.203,0.27,0.299,0,0,1,1
0.203,0.27,0.302,0,0,1,1
0.203,0.27,0.305,0,0,1,1
0.203,0.27,0.308,0,0,1,1
0.203,0.27,0.311,0,0,1,1
0.203,0.27,0.314,0,0,1,1
0.203,0.27,0.317,0,0,1,1
0.203,0.27,0.32,0,0,1,1
0.203,0.27,0.323,0,0,1,1
0.203,0.27,0.326,0,0,1,1
0.203,0.27,0.329,0,0,1,1
0.203,0.27,0.332,0,0,1,1
0.203,0.27,0.335,0,0,1,1
0.203,0.27,0.338,0,0,1,1
0.203,0.27,0.341,0,0,1,1
0.203,0.27,0.344,0,0,1,1
0.203,0.27,0.347,0,0,1,1
0.203,0.27,0.35,0,0,1,1
0.203,0.27,0.353,0,0,1,1
0.203,0.27,0.356,0,0,1,1
0.203,0.27,0.359,0,0,1,1
0.203,0.27,0.362,0,0,1,1
0.203,0.27,0.365,0,0,1,1
0.203,0.27,0.368,0,0,1,1
0.203,0.27,0.371,0,0,1,1
0.203,0.27,0.374,0,0,1,1
0.203,0.27,0.377,0,0,1,1
0.203,0.27,0.38,0,0,1,1
0.203,0.27,0.383,0,0,1,1
0.203,0.27,0.386,0,0,1,1
0.203,0.27,0.389,0,0,1,1
0.203,0.27,0.392,0,0,1,1
0.203,0.27,0.395,0,0,1,1
0.203,0.27,0.398,0,0,1,1
0.203,0.27,0.401,0,0,1,1
0.203,0.27,0.404,0,0,1,1
0.203,0.27,0.407,0,0,1,1
0.203,0.27,0.41,0,0,1,1
0.203,0.27,0.413,0,0,1,1
0.203,0.27,0.416,0,0,1,1
0.203,0.27,0.419,0,0,1,1
0.203,0.27,0.422,0,0,1,1
0.203,0.27,0.425,0,0,1,1
0.203,0.27,0.427999,0,0,1,1
0.203,0.27,0.430999,0,0,1,1
0.203,0.27,0.433999,0,0,1,1
0.203,0.27,0.436999,0,0,1,1
0.203,0.27,0.439999,0,0,1,1
0.206,0.27,0.26,0,0,1,1
0.206,0.27,0.263,0,0,1,1
0.206,0.27,0.266,0,0,1,1
0.206,0.27,0.269,0,0,1,1
0.206,0.27,0.272,0,0,1,1
0.206,0.27,0.275,0,0,1,1
0.206,0.27,0.278,0,0,1,1
0.206,0.27,0.281,0,0,1,1
0.206,0.27,0.284,0,0,1,1
0.206,0.27,0.287,0,0,1,1
0.206,0.27,0.29,0,0,1,1
0.206,0.27,0.293,0,0,1,1
0.206,0.27,0.296,0,0,1,1
0.206,0.27,0.299,0,0,1,1
0.206,0.27,0.302,0,0,1,1
0.206,0.27,0.305,0,0,1,1
0.206,0.27,0.308,0,0,1,1
0.206,0.27,0.311,0,0,1,1
0.206,0.27,0.314,0,0,1,1
0.206,0.27,0.317,0,0,1,1
0.206,0.27,0.32,0,0,1,1
0.206,0.27,0.323,0,0,1,1
0.206,0.27,0.326,0,0,1,1
0.206,0.27,0.329,0,0,1,1
0.206,0.27,0.332,0,0,1,1
0.206,0.27,0.335,0,0,1,1
0.206,0.27,0.338,0,0,1,1
0.206,0.27,0.341,0,0,1,1
0.206,0.27,0.344,0,0,1,1
0.206,0.27,0.347,0,0,1,1
0.206,0.27,0.35,0,0,1,1
0.206,0.27,0.353,0,0,1,1
0.206,0.27,0.356,0,0,1,1
0.206,0.27,0.359,0,0,1,1
0.206,0.27,0.362,0,0,1,1
0.206,0.27,0.365,0,0,1,1
0.206,0.27,0.368,0,0,1,1
0.206,0.27,0.371,0,0,1,1
0.206,0.27,0.374,0,0,1,1
0.206,0.27,0.377,0,0,1,1
0.206,0.27,0.38,0,0,1,1
0.206,0.27,0.383,0,0,1,1
0.206,0.27,0.386,0,0,1,1
0.206,0.27,0.389,0,0,1,1
0.206,0.27,0.392,0,0,1,1
0.206,0.27,0.395,0,0,1,1
0.206,0.27,0.398,0,0,1,1
0.206,0.27,0.401,0,0,1,1
0.206,0.27,0.404,0,0,1,1
0.206,0.27,0.407,0,0,1,1
0.206,0.27,0.41,0,0,1,1
0.206,0.27,0.413,0,0,1,1
0.206,0.27,0.416,0,0,1,1
0.206,0.27,0.419,0,0,1,1
0.206,0.27,0.422,0,0,1,1
0.206,0.27,0.425,0,0,1,1
0.206,0.27,0.427999,0,0,1,1
0.206,0.27,0.430999,0,0,1,1
0.206,0.27,0.433999,0,0,1,1
0.206,0.27,0.436999,0,0,1,1
0.206,0.27,0.439999,0,0,1,1
0.209,0.27,0.26,0,0,1,1
0.209,0.27,0.263,0,0,1,1
0.209,0.27,0.266,0,0,1,1
0.209,0.27,0.269,0,0,1,1
0.209,0.27,0.272,0,0,1,1
0.209,0.27,0.275,0,0,1,1
0.209,0.27,0.278,0,0,1,1
0.209,0.27,0.281,0,0,1,1
0.209,0.27,0.284,0,0,1,1
0.209,0.27,0.287,0,0,1,1
0.209,0.27,0.29,0,0,1,1
0.209,0.27,0.293,0,0,1,1
0.209,0.27,0.296,0,0,1,1
0.209,0.27,0.299,0,0,1,1
0.209,0.27,0.302,0,0,1,1
0.209,0.27,0.305,0,0,1,1
0.209,0.27,0.308,0,0,1,1
0.209,0.27,0.311,0,0,1,1
0.209,0.27,0.314,0,0,1,1
0.209,0.27,0.317,0,0,1,1
0.209,0.27,0.32,0,0,1,1
0.209,0.27,0.323,0,0,1,1
0.209,0.27,0.326,0,0,1,1
0.209,0.27,0.329,0,0,1,1
0.209,0.27,0.332,0,0,1,1
0.209,0.27,0.335,0,0,1,1
0.209,0.27,0.338,0,0,1,1
0.209,0.27,0.341,0,0,1,1
0.209,0.27,0.344,0,0,1,1
0.209,0.27,0.347,0,0,1,1
0.209,0.27,0.35,0,0,1,1
0.209,0.27,0.353,0,0,1,1
0.209,0.27,0.356,0,0,1,1
0.209,0.27,0.359,0,0,1,1
0.209,0.27,0.362,0,0,1,1
0.209,0.27,0.365,0,0,1,1
0.209,0.27,0.368,0,0,1,1
0.209,0.27,0.371,0,0,1,1
0.209,0.27,0.374,0,0,1,1
0.209,0.27,0.377,0,0,1,1
0.209,0.27,0.38,0,0,1,1
0.209,0.27,0.383,0,0,1,1
0.209,0.27,0.386,0,0,1,1
0.209,0.27,0.389,0,0,1,1
0.209,0.27,0.392,0,0,1,1
0.209,0.27,0.395,0,0,1,1
0.209,0.27,0.398,0,0,1,1
0.209,0.27,0.401,0,0,1,1
0.209,0.27,0.404,0,0,1,1
0.209,0.27,0.407,0,0,1,1
0.209,0.27,0.41,0,0,1,1
0.209,0.27,0.413,0,0,1,1
0.209,0.27,0.416,0,0,1,1
0.209,0.27,0.419,0,0,1,1
0.209,0.27,0.422,0,0,1,1
0.209,0.27,0.425,0,0,1,1
0.209,0.27,0.427999,0,0,1,1
0.209,0.27,0.430999,0,0,1,1
0.209,0.27,0.433999,0,0,1,1
0.209,0.27,0.436999,0,0,1,1
0.209,0.27,0.439999,0,0,1,1
0.212,0.27,0.26,0,0,1,1
0.212,0.27,0.263,0,0,1,1
0.212,0.27,0.266,0,0,1,1
0.212,0.27,0.269,0,0,1,1
0.212,0.27,0.272,0,0,1,1
0.212,0.27,0.275,0,0,1,1
0.212,0.27,0.278,0,0,1,1
0.212,0.27,0.281,0,0,1,1
0.212,0.27,0.284,0,0,1,1
0.212,0.27,0.287,0,0,1,1
0.212,0.27,0.29,0,0,1,1
0.212,0.27,0.293,0,0,1,1
0.212,0.27,0.296,0,0,1,1
0.212,0.27,0.299,0,0,1,1
0.212,0.27,0.302,0,0,1,1
0.212,0.27,0.305,0,0,1,1
0.212,0.27,0.308,0,0,1,1
0.212,0.27,0.311,0,0,1,1
0.212,0.27,0.314,0,0,1,1
0.212,0.27,0.317,0,0,1,1
0.212,0.27,0.32,0,0,1,1
0.212,0.27,0.323,0,0,1,1
0.212,0.27,0.326,0,0,1,1
0.212,0.27,0.329,0,0,1,1
0.212,0.27,0.332,0,0,1,1
0.212,0.27,0.335,0,0,1,1
0.212,0.27,0.338,0,0,1,1
0.212,0.27,0.341,0,0,1,1
0.212,0.27,0.344,0,0,1,1
0.212,0.27,0.347,0,0,1,1
0.212,0.27,0.35,0,0,1,1
0.212,0.27,0.353,0,0,1,1
0.212,0.27,0.356,0,0,1,1
0.212,0.27,0.359,0,0,1,1
0.212,0.27,0.362,0,0,1,1
0.212,0.27,0.365,0,0,1,1
0.212,0.27,0.368,0,0,1,1
0.212,0.27,0.371,0,0,1,1
0.212,0.27,0.374,0,0,1,1
0.212,0.27,0.377,0,0,1,1
0.212,0.27,0.38,0,0,1,1
0.212,0.27,0.383,0,0,1,1
0.212,0.27,0.386,0,0,1,1
0.212,0.27,0.389,0,0,1,1
0.212,0.27,0.392,0,0,1,1
0.212,0.27,0.395,0,0,1,1
0.212,0.27,0.398,0,0,1,1
0.212,0.27,0.401,0,0,1,1
0.212,0.27,0.404,0,0,1,1
0.212,0.27,0.407,0,0,1,1
0.212,0.27,0.41,0,0,1,1
0.212,0.27,0.413,0,0,1,1
0.212,0.27,0.416,0,0,1,1
0.212,0.27,0.419,0,0,1,1
0.212,0.27,0.422,0,0,1,1
0.212,0.27,0.425,0,0,1,1
0.212,0.27,0.427999,0,0,1,1
0.212,0.27,0.430999,0,0,1,1
0.212,0.27,0.433999,0,0,1,1
0.212,0.27,0.436999,0,0,1,1
0.212,0.27,0.439999,0,0,1,1
0.215,0.27,0.26,0,0,1,1
0.215,0.27,0.263,0,0,1,1
0.215,0.27,0.266,0,0,1,1
0.215,0.27,0.269,0,0,1,1
0.215,0.27,0.272,0,0,1,1
0.215,0.27,0.275,0,0,1,1
0.215,0.27,0.278,0,0,1,1
0.215,0.27,0.281,0,0,1,1
0.215,0.27,0.284,0,0,1,1
0.215,0.27,0.287,0,0,1,1
0.215,0.27,0.29,0,0,1,1
0.215,0.27,0.293,0,0,1,1
0.215,0.27,0.296,0,0,1,1
0.215,0.27,0.299,0,0,1,1
0.215,0.27,0.302,0,0,1,1
0.215,0.27,0.305,0,0,1,1
0.215,0.27,0.308,0,0,1,1
0.215,0.27,0.311,0,0,1,1
0.215,0.27,0.314,0,0,1,1
0.215,0.27,0.317,0,0,1,1
0.215,0.27,0.32,0,0,1,1
0.215,0.27,0.323,0,0,1,1
0.215,0.27,0.326,0,0,1,1
0.215,0.27,0.329,0,0,1,1
0.215,0.27,0.332,0,0,1,1
0.215,0.27,0.335,0,0,1,1
0.215,0.27,0.338,0,0,1,1
0.215,0.27,0.341,0,0,1,1
0.215,0.27,0.344,0,0,1,1
0.215,0.27,0.347,0,0,1,1
0.215,0.27,0.35,0,0,1,1
0.215,0.27,0.353,0,0,1,1
0.215,0.27,0.356,0,0,1,1
0.215,0.27,0.359,0,0,1,1
0.215,0.27,0.362,0,0,1,1
0.215,0.27,0.365,0,0,1,1
0.215,0.27,0.368,0,0,1,1
0.215,0.27,0.371,0,0,1,1
0.215,0.27,0.374,0,0,1,1
0.215,0.27,0.377,0,0,1,1
0.215,0.27,0.38,0,0,1,1
0.215,0.27,0.383,0,0,1,1
0.215,0.27,0.386,0,0,1,1
0.215,0.27,0.389,0,0,1,1
0.215,0.27,0.392,0,0,1,1
0.215,0.27,0.395,0,0,1,1
0.215,0.27,0.398,0,0,1,1
0.215,0.27,0.401,0,0,1,1
0.215,0.27,0.404,0,0,1,1
0.215,0.27,0.407,0,0,1,1
0.215,0.27,0.41,0,0,1,1
0.215,0.27,0.413,0,0,1,1
0.215,0.27,0.416,0,0,1,1
0.215,0.27,0.419,0,0,1,1
0.215,0.27,0.422,0,0,1,1
0.215,0.27,0.425,0,0,1,1
0.215,0.27,0.427999,0,0,1,1
0.215,0.27,0.430999,0,0,1,1
0.215,0.27,0.433999,0,0,1,1
0.215,0.27,0.436999,0,0,1,1
0.215,0.27,0.439999,0,0,1,1
0.218,0.27,0.26,0,0,1,1
0.218,0.27,0.263,0,0,1,1
0.218,0.27,0.266,0,0,1,1
0.218,0.27,0.269,0,0,1,1
0.218,0.27,0.272,0,0,1,1
0.218,0.27,0.275,0,0,1,1
0.218,0.27,0.278,0,0,1,1
0.218,0.27,0.281,0,0,1,1
0.218,0.27,0.284,0,0,1,1
0.218,0.27,0.287,0,0,1,1
0.218,0.27,0.29,0,0,1,1
0.218,0.27,0.293,0,0,1,1
0.218,0.27,0.296,0,0,1,1
0.218,0.27,0.299,0,0,1,1
0.218,0.27,0.302,0,0,1,1
0.218,0.27,0.305,0,0,1,1
0.218,0.27,0.308,0,0,1,1
0.218,0.27,0.311,0,0,1,1
0.218,0.27,0.314,0,0,1,1
0.218,0.27,0.317,0,0,1,1
0.218,0.27,0.32,0,0,1,1
0.218,0.27,0.323,0,0,1,1
0.218,0.27,0.326,0,0,1,1
0.218,0.27,0.329,0,0,1,1
0.218,0.27,0.332,0,0,1,1
0.218,0.27,0.335,0,0,1,1
0.218,0.27,0.338,0,0,1,1
0.218,0.27,0.341,0,0,1,1
0.218,0.27,0.344,0,0,1,1
0.218,0.27,0.347,0,0,1,1
0.218,0.27,0.35,0,0,1,1
0.218,0.27,0.353,0,0,1,1
0.218,0.27,0.356,0,0,1,1
0.218,0.27,0.359,0,0,1,1
0.218,0.27,0.362,0,0,1,1
0.218,0.27,0.365,0,0,1,1
0.218,0.27,0.368,0,0,1,1
0.218,0.27,0.371,0,0,1,1
0.218,0.27,0.374,0,0,1,1
0.218,0.27,0.377,0,0,1,1
0.218,0.27,0.38,0,0,1,1
0.218,0.27,0.383,0,0,1,1
0.218,0.27,0.386,0,0,1,1
0.218,0.27,0.389,0,0,1,1
0.218,0.27,0.392,0,0,1,1
0.218,0.27,0.395,0,0,1,1
0.218,0.27,0.398,0,0,1,1
0.218,0.27,0.401,0,0,1,1
0.218,0.27,0.404,0,0,1,1
0.218,0.27,0.407,0,0,1,1
0.218,0.27,0.41,0,0,1,1
0.218,0.27,0.413,0,0,1,1
0.218,0.27,0.416,0,0,1,1
0.218,0.27,0.419,0,0,1,1
0.218,0.27,0.422,0,0,1,1
0.218,0.27,0.425,0,0,1,1
0.218,0.27,0.427999,0,0,1,1
0.218,0.27,0.430999,0,0,1,1
0.218,0.27,0.433999,0,0,1,1
0.218,0.27,0.436999,0,0,1,1
0.218,0.27,0.439999,0,0,1,1
0.221,0.27,0.26,0,0,1,1
0.221,0.27,0.263,0,0,1,1
0.221,0.27,0.266,0,0,1,1
0.221,0.27,0.269,0,0,1,1
0.221,0.27,0.272,0,0,1,1
0.221,0.27,0.275,0,0,1,1
0.221,0.27,0.278,0,0,1,1
0.221,0.27,0.281,0,0,1,1
0.221,0.27,0.284,0,0,1,1
0.221,0.27,0.287,0,0,1,1
0.221,0.27,0.29,0,0,1,1
0.221,0.27,0.293,0,0,1,1
0.221,0.27,0.296,0,0,1,1
0.221,0.27,0.299,0,0,1,1
0.221,0.27,0.302,0,0,1,1
0.221,0.27,0.305,0,0,1,1
0.221,0.27,0.308,0,0,1,1
0.221,0.27,0.311,0,0,1,1
0.221,0.27,0.314,0,0,1,1
0.221,0.27,0.317,0,0,1,1
0.221,0.27,0.32,0,0,1,1
0.221,0.27,0.323,0,0,1,1
0.221,0.27,0.326,0,0,1,1
0.221,0.27,0.329,0,0,1,1
0.221,0.27,0.332,0,0,1,1
0.221,0.27,0.335,0,0,1,1
0.221,0.27,0.338,0,0,1,1
0.221,0.27,0.341,0,0,1,1
0.221,0.27,0.344,0,0,1,1
0.221,0.27,0.347,0,0,1,1
0.221,0.27,0.35,0,0,1,1
0.221,0.27,0.353,0,0,1,1
0.221,0.27,0.356,0,0,1,1
0.221,0.27,0.359,0,0,1,1
0.221,0.27,0.362,0,0,1,1
0.221,0.27,0.365,0,0,1,1
0.221,0.27,0.368,0,0,1,1
0.221,0.27,0.371,0,0,1,1
0.221,0.27,0.374,0,0,1,1
0.221,0.27,0.377,0,0,1,1
0.221,0.27,0.38,0,0,1,1
0.221,0.27,0.383,0,0,1,1
0.221,0.27,0.386,0,0,1,1
0.221,0.27,0.389,0,0,1,1
0.221,0.27,0.392,0,0,1,1
0.221,0.27,0.395,0,0,1,1
0.221,0.27,0.398,0,0,1,1
0.221,0.27,0.401,0,0,1,1
0.221,0.27,0.404,0,0,1,1
0.221,0.27,0.407,0,0,1,1
0.221,0.27,0.41,0,0,1,1
0.221,0.27,0.413,0,0,1,1
0.221,0.27,0.416,0,0,1,1
0.221,0.27,0.419,0,0,1,1
0.221,0.27,0.422,0,0,1,1
0.221,0.27,0.425,0,0,1,1
0.221,0.27,0.427999,0,0,1,1
0.221,0.27,0.430999,0,0,1,1
0.221,0.27,0.433999,0,0,1,1
0.221,0.27,0.436999,0,0,1,1
0.221,0.27,0.439999,0,0,1,1
0.224,0.27,0.26,0,0,1,1
0.224,0.27,0.263,0,0,1,1
0.224,0.27,0.266,0,0,1,1
0.224,0.27,0.269,0,0,1,1
0.224,0.27,0.272,0,0,1,1
0.224,0.27,0.275,0,0,1,1
0.224,0.27,0.278,0,0,1,1
0.224,0.27,0.281,0,0,1,1
0.224,0.27,0.284,0,0,1,1
0.224,0.27,0.287,0,0,1,1
0.224,0.27,0.29,0,0,1,1
0.224,0.27,0.293,0,0,1,1
0.224,0.27,0.296,0,0,1,1
0.224,0.27,0.299,0,0,1,1
0.224,0.27,0.302,0,0,1,1
0.224,0.27,0.305,0,0,1,1
0.224,0.27,0.308,0,0,1,1
0.224,0.27,0.311,0,0,1,1
0.224,0.27,0.314,0,0,1,1
0.224,0.27,0.317,0,0,1,1
0.224,0.27,0.32,0,0,1,1
0.224,0.27,0.323,0,0,1,1
0.224,0.27,0.326,0,0,1,1
0.224,0.27,0.329,0,0,1,1
0.224,0.27,0.332,0,0,1,1
0.224,0.27,0.335,0,0,1,1
0.224,0.27,0.338,0,0,1,1
0.224,0.27,0.341,0,0,1,1
0.224,0.27,0.344,0,0,1,1
0.224,0.27,0.347,0,0,1,1
0.224,0.27,0.35,0,0,1,1
0.224,0.27,0.353,0,0,1,1
0.224,0.27,0.356,0,0,1,1
0.224,0.27,0.359,0,0,1,1
0.224,0.27,0.362,0,0,1,1
0.224,0.27,0.365,0,0,1,1
0.224,0.27,0.368,0,0,1,1
0.224,0.27,0.371,0,0,1,1
0.224,0.27,0.374,0,0,1,1
0.224,0.27,0.377,0,0,1,1
0.224,0.27,0.38,0,0,1,1
0.224,0.27,0.383,0,0,1,1
0.224,0.27,0.386,0,0,1,1
0.224,0.27,0.389,0,0,1,1
0.224,0.27,0.392,0,0,1,1
0.224,0.27,0.395,0,0,1,1
0.224,0.27,0.398,0,0,1,1
0.224,0.27,0.401,0,0,1,1
0.224,0.27,0.404,0,0,1,1
0.224,0.27,0.407,0,0,1,1
0.224,0.27,0.41,0,0,1,1
0.224,0.27,0.413,0,0,1,1
0.224,0.27,0.416,0,0,1,1
0.224,0.27,0.419,0,0,1,1
0.224,0.27,0.422,0,0,1,1
0.224,0.27,0.425,0,0,1,1
0.224,0.27,0.427999,0,0,1,1
0.224,0.27,0.430999,0,0,1,1
0.224,0.27,0.433999,0,0,1,1
0.224,0.27,0.436999,0,0,1,1
0.224,0.27,0.439999,0,0,1,1
0.227,0.27,0.26,0,0,1,1
0.227,0.27,0.263,0,0,1,1
0.227,0.27,0.266,0,0,1,1
0.227,0.27,0.269,0,0,1,1
0.227,0.27,0.272,0,0,1,1
0.227,0.27,0.275,0,0,1,1
0.227,0.27,0.278,0,0,1,1
0.227,0.27,0.281,0,0,1,1
0.227,0.27,0.284,0,0,1,1
0.227,0.27,0.287,0,0,1,1
0.227,0.27,0.29,0,0,1,1
0.227,0.27,0.293,0,0,1,1
0.227,0.27,0.296,0,0,1,1
0.227,0.27,0.299,0,0,1,1
0.227,0.27,0.302,0,0,1,1
0.227,0.27,0.305,0,0,1,1
0.227,0.27,0.308,0,0,1,1
0.227,0.27,0.311,0,0,1,1
0.227,0.27,0.314,0,0,1,1
0.227,0.27,0.317,0,0,1,1
0.227,0.27,0.32,0,0,1,1
0.227,0.27,0.323,0,0,1,1
0.227,0.27,0.326,0,0,1,1
0.227,0.27,0.329,0,0,1,1
0.227,0.27,0.332,0,0,1,1
0.227,0.27,0.335,0,0,1,1
0.227,0.27,0.338,0,0,1,1
0.227,0.27,0.341,0,0,1,1
0.227,0.27,0.344,0,0,1,1
0.227,0.27,0.347,0,0,1,1
0.227,0.27,0.35,0,0,1,1
0.227,0.27,0.353,0,0,1,1
0.227,0.27,0.356,0,0,1,1
0.227,0.27,0.359,0,0,1,1
0.227,0.27,0.362,0,0,1,1
0.227,0.27,0.365,0,0,1,1
0.227,0.27,0.368,0,0,1,1
0.227,0.27,0.371,0,0,1,1
0.227,0.27,0.374,0,0,1,1
0.227,0.27,0.377,0,0,1,1
0.227,0.27,0.38,0,0,1,1
0.227,0.27,0.383,0,0,1,1
0.227,0.27,0.386,0,0,1,1
0.227,0.27,0.389,0,0,1,1
0.227,0.27,0.392,0,0,1,1
0.227,0.27,0.395,0,0,1,1
0.227,0.27,0.398,0,0,1,1
0.227,0.27,0.401,0,0,1,1
0.227,0.27,0.404,0,0,1,1
0.227,0.27,0.407,0,0,1,1
0.227,0.27,0.41,0,0,1,1
0.227,0.27,0.413,0,0,1,1
0.227,0.27,0.416,0,0,1,1
0.227,0.27,0.419,0,0,1,1
0.227,0.27,0.422,0,0,1,1
0.227,0.27,0.425,0,0,1,1
0.227,0.27,0.427999,0,0,1,1
0.227,0.27,0.430999,0,0,1,1
0.227,0.27,0.433999,0,0,1,1
0.227,0.27,0.436999,0,0,1,1
0.227,0.27,0.439999,0,0,1,1
0.23,0.27,0.26,0,0,1,1
0.23,0.27,0.263,0,0,1,1
0.23,0.27,0.266,0,0,1,1
0.23,0.27,0.269,0,0,1,1
0.23,0.27,0.272,0,0,1,1
0.23,0.27,0.275,0,0,1,1
0.23,0.27,0.278,0,0,1,1
0.23,0.27,0.281,0,0,1,1
0.23,0.27,0.284,0,0,1,1
0.23,0.27,0.287,0,0,1,1
0.23,0.27,0.29,0,0,1,1
0.23,0.27,0.293,0,0,1,1
0.23,0.27,0.296,0,0,1,1
0.23,0.27,0.299,0,0,1,1
0.23,0.27,0.302,0,0,1,1
0.23,0.27,0.305,0,0,1,1
0.23,0.27,0.308,0,0,1,1
0.23,0.27,0.311,0,0,1,1
0.23,0.27,0.314,0,0,1,1
0.23,0.27,0.317,0,0,1,1
0.23,0.27,0.32,0,0,1,1
0.23,0.27,0.323,0,0,1,1
0.23,0.27,0.326,0,0,1,1
0.23,0.27,0.329,0,0,1,1
0.23,0.27,0.332,0,0,1,1
0.23,0.27,0.335,0,0,1,1
0.23,0.27,0.338,0,0,1,1
0.23,0.27,0.341,0,0,1,1
0.23,0.27,0.344,0,0,1,1
0.23,0.27,0.347,0,0,1,1
0.23,0.27,0.35,0,0,1,1
0.23,0.27,0.353,0,0,1,1
0.23,0.27,0.356,0,0,1,1
0.23,0.27,0.359,0,0,1,1
0.23,0.27,0.362,0,0,1,1
0.23,0.27,0.365,0,0,1,1
0.23,0.27,0.368,0,0,1,1
0.23,0.27,0.371,0,0,1,1
0.23,0.27,0.374,0,0,1,1
0.23,0.27,0.377,0,0,1,1
0.23,0.27,0.38,0,0,1,1
0.23,0.27,0.383,0,0,1,1
0.23,0.27,0.386,0,0,1,1
0.23,0.27,0.389,0,0,1,1
0.23,0.27,0.392,0,0,1,1
0.23,0.27,0.395,0,0,1,1
0.23,0.27,0.398,0,0,1,1
0.23,0.27,0.401,0,0,1,1
0.23,0.27,0.404,0,0,1,1
0.23,0.27,0.407,0,0,1,1
0.23,0.27,0.41,0,0,1,1
0.23,0.27,0.413,0,0,1,1
0.23,0.27,0.416,0,0,1,1
0.23,0.27,0.419,0,0,1,1
0.23,0.27,0.422,0,0,1,1
0.23,0.27,0.425,0,0,1,1
0.23,0.27,0.427999,0,0,1,1
0.23,0.27,0.430999,0,0,1,1
0.23,0.27,0.433999,0,0,1,1
0.23,0.27,0.436999,0,0,1,1
0.23,0.27,0.439999,0,0,1,1
0.233,0.27,0.26,0,0,1,1
0.233,0.27,0.263,0,0,1,1
0.233,0.27,0.266,0,0,1,1
0.233,0.27,0.269,0,0,1,1
0.233,0.27,0.272,0,0,1,1
0.233,0.27,0.275,0,0,1,1
0.233,0.27,0.278,0,0,1,1
0.233,0.27,0.281,0,0,1,1
0.233,0.27,0.284,0,0,1,1
0.233,0.27,0.287,0,0,1,1
0.233,0.27,0.29,0,0,1,1
0.233,0.27,0.293,0,0,1,1
0.233,0.27,0.296,0,0,1,1
0.233,0.27,0.299,0,0,1,1
0.233,0.27,0.302,0,0,1,1
0.233,0.27,0.305,0,0,1,1
0.233,0.27,0.308,0,0,1,1
0.233,0.27,0.311,0,0,1,1
0.233,0.27,0.314,0,0,1,1
0.233,0.27,0.317,0,0,1,1
0.233,0.27,0.32,0,0,1,1
0.233,0.27,0.323,0,0,1,1
0.233,0.27,0.326,0,0,1,1
0.233,0.27,0.329,0,0,1,1
0.233,0.27,0.332,0,0,1,1
0.233,0.27,0.335,0,0,1,1
0.233,0.27,0.338,0,0,1,1
0.233,0.27,0.341,0,0,1,1
0.233,0.27,0.344,0,0,1,1
0.233,0.27,0.347,0,0,1,1
0.233,0.27,0.35,0,0,1,1
0.233,0.27,0.353,0,0,1,1
0.233,0.27,0.356,0,0,1,1
0.233,0.27,0.359,0,0,1,1
0.233,0.27,0.362,0,0,1,1
0.233,0.27,0.365,0,0,1,1
0.233,0.27,0.368,0,0,1,1
0.233,0.27,0.371,0,0,1,1
0.233,0.27,0.374,0,0,1,1
0.233,0.27,0.377,0,0,1,1
0.233,0.27,0.38,0,0,1,1
0.233,0.27,0.383,0,0,1,1
0.233,0.27,0.386,0,0,1,1
0.233,0.27,0.389,0,0,1,1
0.233,0.27,0.392,0,0,1,1
0.233,0.27,0.395,0,0,1,1
0.233,0.27,0.398,0,0,1,1
0.233,0.27,0.401,0,0,1,1
0.233,0.27,0.404,0,0,1,1
0.233,0.27,0.407,0,0,1,1
0.233,0.27,0.41,0,0,1,1
0.233,0.27,0.413,0,0,1,1
0.233,0.27,0.416,0,0,1,1
0.233,0.27,0.419,0,0,1,1
0.233,0.27,0.422,0,0,1,1
0.233,0.27,0.425,0,0,1,1
0.233,0.27,0.427999,0,0,1,1
0.233,0.27,0.430999,0,0,1,1
0.233,0.27,0.433999,0,0,1,1
0.233,0.27,0.436999,0,0,1,1
0.233,0.27,0.439999,0,0,1,1
0.236,0.27,0.26,0,0,1,1
0.236,0.27,0.263,0,0,1,1
0.236,0.27,0.266,0,0,1,1
0.236,0.27,0.269,0,0,1,1
0.236,0.27,0.272,0,0,1,1
0.236,0.27,0.275,0,0,1,1
0.236,0.27,0.278,0,0,1,1
0.236,0.27,0.281,0,0,1,1
0.236,0.27,0.284,0,0,1,1
0.236,0.27,0.287,0,0,1,1
0.236,0.27,0.29,0,0,1,1
0.236,0.27,0.293,0,0,1,1
0.236,0.27,0.296,0,0,1,1
0.236,0.27,0.299,0,0,1,1
0.236,0.27,0.302,0,0,1,1
0.236,0.27,0.305,0,0,1,1
0.236,0.27,0.308,0,0,1,1
0.236,0.27,0.311,0,0,1,1
0.236,0.27,0.314,0,0,1,1
0.236,0.27,0.317,0,0,1,1
0.236,0.27,0.32,0,0,1,1
0.236,0.27,0.323,0,0,1,1
0.236,0.27,0.326,0,0,1,1
0.236,0.27,0.329,0,0,1,1
0.236,0.27,0.332,0,0,1,1
0.236,0.27,0.335,0,0,1,1
0.236,0.27,0.338,0,0,1,1
0.236,0.27,0.341,0,0,1,1
0.236,0.27,0.344,0,0,1,1
0.236,0.27,0.347,0,0,1,1
0.236,0.27,0.35,0,0,1,1
0.236,0.27,0.353,0,0,1,1
0.236,0.27,0.356,0,0,1,1
0.236,0.27,0.359,0,0,1,1
0.236,0.27,0.362,0,0,1,1
0.236,0.27,0.365,0,0,1,1
0.236,0.27,0.368,0,0,1,1
0.236,0.27,0.371,0,0,1,1
0.236,0.27,0.374,0,0,1,1
0.236,0.27,0.377,0,0,1,1
0.236,0.27,0.38,0,0,1,1
0.236,0.27,0.383,0,0,1,1
0.236,0.27,0.386,0,0,1,1
0.236,0.27,0.389,0,0,1,1
0.236,0.27,0.392,0,0,1,1
0.236,0.27,0.395,0,0,1,1
0.236,0.27,0.398,0,0,1,1
0.236,0.27,0.401,0,0,1,1
0.236,0.27,0.404,0,0,1,1
0.236,0.27,0.407,0,0,1,1
0.236,0.27,0.41,0,0,1,1
0.236,0.27,0.413,0,0,1,1
0.236,0.27,0.416,0,0,1,1
0.236,0.27,0.419,0,0,1,1
0.236,0.27,0.422,0,0,1,1
0.236,0.27,0.425,0,0,1,1
0.236,0.27,0.427999,0,0,1,1
0.236,0.27,0.430999,0,0,1,1
0.236,0.27,0.433999,0,0,1,1
0.236,0.27,0.436999,0,0,1,1
0.236,0.27,0.439999,0,0,1,1
0.239,0.27,0.26,0,0,1,1
0.239,0.27,0.263,0,0,1,1
0.239,0.27,0.266,0,0,1,1
0.239,0.27,0.269,0,0,1,1
0.239,0.27,0.272,0,0,1,1
0.239,0.27,0.275,0,0,1,1
0.239,0.27,0.278,0,0,1,1
0.239,0.27,0.281,0,0,1,1
0.239,0.27,0.284,0,0,1,1
0.239,0.27,0.287,0,0,1,1
0.239,0.27,0.29,0,0,1,1
0.239,0.27,0.293,0,0,1,1
0.239,0.27,0.296,0,0,1,1
0.239,0.27,0.299,0,0,1,1
0.239,0.27,0.302,0,0,1,1
0.239,0.27,0.305,0,0,1,1
0.239,0.27,0.308,0,0,1,1
0.239,0.27,0.311,0,0,1,1
0.239,0.27,0.314,0,0,1,1
0.239,0.27,0.317,0,0,1,1
0.239,0.27,0.32,0,0,1,1
0.239,0.27,0.323,0,0,1,1
0.239,0.27,0.326,0,0,1,1
0.239,0.27,0.329,0,0,1,1
0.239,0.27,0.332,0,0,1,1
0.239,0.27,0.335,0,0,1,1
0.239,0.27,0.338,0,0,1,1
0.239,0.27,0.341,0,0,1,1
0.239,0.27,0.344,0,0,1,1
0.239,0.27,0.347,0,0,1,1
0.239,0.27,0.35,0,0,1,1
0.239,0.27,0.353,0,0,1,1
0.239,0.27,0.356,0,0,1,1
0.239,0.27,0.359,0,0,1,1
0.239,0.27,0.362,0,0,1,1
0.239,0.27,0.365,0,0,1,1
0.239,0.27,0.368,0,0,1,1
0.239,0.27,0.371,0,0,1,1
0.239,0.27,0.374,0,0,1,1
0.239,0.27,0.377,0,0,1,1
0.239,0.27,0.38,0,0,1,1
0.239,0.27,0.383,0,0,1,1
0.239,0.27,0.386,0,0,1,1
0.239,0.27,0.389,0,0,1,1
0.239,0.27,0.392,0,0,1,1
0.239,0.27,0.395,0,0,1,1
0.239,0.27,0.398,0,0,1,1
0.239,0.27,0.401,0,0,1,1
0.239,0.27,0.404,0,0,1,1
0.239,0.27,0.407,0,0,1,1
0.239,0.27,0.41,0,0,1,1
0.239,0.27,0.413,0,0,1,1
0.239,0.27,0.416,0,0,1,1
0.239,0.27,0.419,0,0,1,1
0.239,0.27,0.422,0,0,1,1
0.239,0.27,0.425,0,0,1,1
0.239,0.27,0.427999,0,0,1,1
0.239,0.27,0.430999,0,0,1,1
0.239,0.27,0.433999,0,0,1,1
0.239,0.27,0.436999,0,0,1,1
0.239,0.27,0.439999,0,0,1,1
0.242,0.27,0.26,0,0,1,1
0.242,0.27,0.263,0,0,1,1
0.242,0.27,0.266,0,0,1,1
0.242,0.27,0.269,0,0,1,1
0.242,0.27,0.272,0,0,1,1
0.242,0.27,0.275,0,0,1,1
0.242,0.27,0.278,0,0,1,1
0.242,0.27,0.281,0,0,1,1
0.242,0.27,0.284,0,0,1,1
0.242,0.27,0.287,0,0,1,1
0.242,0.27,0.29,0,0,1,1
0.242,0.27,0.293,0,0,1,1
0.242,0.27,0.296,0,0,1,1
0.242,0.27,0.299,0,0,1,1
0.242,0.27,0.302,0,0,1,1
0.242,0.27,0.305,0,0,1,1
0.242,0.27,0.308,0,0,1,1
0.242,0.27,0.311,0,0,1,1
0.242,0.27,0.314,0,0,1,1
0.242,0.27,0.317,0,0,1,1
0.242,0.27,0.32,0,0,1,1
0.242,0.27,0.323,0,0,1,1
0.242,0.27,0.326,0,0,1,1
0.242,0.27,0.329,0,0,1,1
0.242,0.27,0.332,0,0,1,1
0.242,0.27,0.335,0,0,1,1
0.242,0.27,0.338,0,0,1,1
0.242,0.27,0.341,0,0,1,1
0.242,0.27,0.344,0,0,1,1
0.242,0.27,0.347,0,0,1,1
0.242,0.27,0.35,0,0,1,1
0.242,0.27,0.353,0,0,1,1
0.242,0.27,0.356,0,0,1,1
0.242,0.27,0.359,0,0,1,1
0.242,0.27,0.362,0,0,1,1
0.242,0.27,0.365,0,0,1,1
0.242,0.27,0.368,0,0,1,1
0.242,0.27,0.371,0,0,1,1
0.242,0.27,0.374,0,0,1,1
0.242,0.27,0.377,0,0,1,1
0.242,0.27,0.38,0,0,1,1
0.242,0.27,0.383,0,0,1,1
0.242,0.27,0.386,0,0,1,1
0.242,0.27,0.389,0,0,1,1
0.242,0.27,0.392,0,0,1,1
0.242,0.27,0.395,0,0,1,1
0.242,0.27,0.398,0,0,1,1
0.242,0.27,0.401,0,0,1,1
0.242,0.27,0.404,0,0,1,1
0.242,0.27,0.407,0,0,1,1
0.242,0.27,0.41,0,0,1,1
0.242,0.27,0.413,0,0,1,1
0.242,0.27,0.416,0,0,1,1
0.242,0.27,0.419,0,0,1,1
0.242,0.27,0.422,0,0,1,1
0.242,0.27,0.425,0,0,1,1
0.242,0.27,0.427999,0,0,1,1
0.242,0.27,0.430999,0,0,1,1
0.242,0.27,0.433999,0,0,1,1
0.242,0.27,0.436999,0,0,1,1
0.242,0.27,0.439999,0,0,1,1
0.245,0.27,0.26,0,0,1,1
0.245,0.27,0.263,0,0,1,1
0.245,0.27,0.266,0,0,1,1
0.245,0.27,0.269,0,0,1,1
0.245,0.27,0.272,0,0,1,1
0.245,0.27,0.275,0,0,1,1
0.245,0.27,0.278,0,0,1,1
0.245,0.27,0.281,0,0,1,1
0.245,0.27,0.284,0,0,1,1
0.245,0.27,0.287,0,0,1,1
0.245,0.27,0.29,0,0,1,1
0.245,0.27,0.293,0,0,1,1
0.245,0.27,0.296,0,0,1,1
0.245,0.27,0.299,0,0,1,1
0.245,0.27,0.302,0,0,1,1
0.245,0.27,0.305,0,0,1,1
0.245,0.27,0.308,0,0,1,1
0.245,0.27,0.311,0,0,1,1
0.245,0.27,0.314,0,0,1,1
0.245,0.27,0.317,0,0,1,1
0.245,0.27,0.32,0,0,1,1
0.245,0.27,0.323,0,0,1,1
0.245,0.27,0.326,0,0,1,1
0.245,0.27,0.329,0,0,1,1
0.245,0.27,0.332,0,0,1,1
0.245,0.27,0.335,0,0,1,1
0.245,0.27,0.338,0,0,1,1
0.245,0.27,0.341,0,0,1,1
0.245,0.27,0.344,0,0,1,1
0.245,0.27,0.347,0,0,1,1
0.245,0.27,0.35,0,0,1,1
0.245,0.27,0.353,0,0,1,1
0.245,0.27,0.356,0,0,1,1
0.245,0.27,0.359,0,0,1,1
0.245,0.27,0.362,0,0,1,1
0.245,0.27,0.365,0,0,1,1
0.245,0.27,0.368,0,0,1,1
0.245,0.27,0.371,0,0,1,1
0.245,0.27,0.374,0,0,1,1
0.245,0.27,0.377,0,0,1,1
0.245,0.27,0.38,0,0,1,1
0.245,0.27,0.383,0,0,1,1
0.245,0.27,0.386,0,0,1,1
0.245,0.27,0.389,0,0,1,1
0.245,0.27,0.392,0,0,1,1
0.245,0.27,0.395,0,0,1,1
0.245,0.27,0.398,0,0,1,1
0.245,0.27,0.401,0,0,1,1
0.245,0.27,0.404,0,0,1,1
0.245,0.27,0.407,0,0,1,1
0.245,0.27,0.41,0,0,1,1
0.245,0.27,0.413,0,0,1,1
0.245,0.27,0.416,0,0,1,1
0.245,0.27,0.419,0,0,1,1
0.245,0.27,0.422,0,0,1,1
0.245,0.27,0.425,0,0,1,1
0.245,0.27,0.427999,0,0,1,1
0.245,0.27,0.430999,0,0,1,1
0.245,0.27,0.433999,0,0,1,1
0.245,0.27,0.436999,0,0,1,1
0.245,0.27,0.439999,0,0,1,1
0.248,0.27,0.26,0,0,1,1
0.248,0.27,0.263,0,0,1,1
0.248,0.27,0.266,0,0,1,1
0.248,0.27,0.269,0,0,1,1
0.248,0.27,0.272,0,0,1,1
0.248,0.27,0.275,0,0,1,1
0.248,0.27,0.278,0,0,1,1
0.248,0.27,0.281,0,0,1,1
0.248,0.27,0.284,0,0,1,1
0.248,0.27,0.287,0,0,1,1
0.248,0.27,0.29,0,0,1,1
0.248,0.27,0.293,0,0,1,1
0.248,0.27,0.296,0,0,1,1
0.248,0.27,0.299,0,0,1,1
0.248,0.27,0.302,0,0,1,1
0.248,0.27,0.305,0,0,1,1
0.248,0.27,0.308,0,0,1,1
0.248,0.27,0.311,0,0,1,1
0.248,0.27,0.314,0,0,1,1
0.248,0.27,0.317,0,0,1,1
0.248,0.27,0.32,0,0,1,1
0.248,0.27,0.323,0,0,1,1
0.248,0.27,0.326,0,0,1,1
0.248,0.27,0.329,0,0,1,1
0.248,0.27,0.332,0,0,1,1
0.248,0.27,0.335,0,0,1,1
0.248,0.27,0.338,0,0,1,1
0.248,0.27,0.341,0,0,1,1
0.248,0.27,0.344,0,0,1,1
0.248,0.27,0.347,0,0,1,1
0.248,0.27,0.35,0,0,1,1
0.248,0.27,0.353,0,0,1,1
0.248,0.27,0.356,0,0,1,1
0.248,0.27,0.359,0,0,1,1
0.248,0.27,0.362,0,0,1,1
0.248,0.27,0.365,0,0,1,1
0.248,0.27,0.368,0,0,1,1
0.248,0.27,0.371,0,0,1,1
0.248,0.27,0.374,0,0,1,1
0.248,0.27,0.377,0,0,1,1
0.248,0.27,0.38,0,0,1,1
0.248,0.27,0.383,0,0,1,1
0.248,0.27,0.386,0,0,1,1
0.248,0.27,0.389,0,0,1,1
0.248,0.27,0.392,0,0,1,1
0.248,0.27,0.395,0,0,1,1
0.248,0.27,0.398,0,0,1,1
0.248,0.27,0.401,0,0,1,1
0.248,0.27,0.404,0,0,1,1
0.248,0.27,0.407,0,0,1,1
0.248,0.27,0.41,0,0,1,1
0.248,0.27,0.413,0,0,1,1
0.248,0.27,0.416,0,0,1,1
0.248,0.27,0.419,0,0,1,1
0.248,0.27,0.422,0,0,1,1
0.248,0.27,0.425,0,0,1,1
0.248,0.27,0.427999,0,0,1,1
0.248,0.27,0.430999,0,0,1,1
0.248,0.27,0.433999,0,0,1,1
0.248,0.27,0.436999,0,0,1,1
0.248,0.27,0.439999,0,0,1,1
0.251,0.27,0.26,0,0,1,1
0.251,0.27,0.263,0,0,1,1
0.251,0.27,0.266,0,0,1,1
0.251,0.27,0.269,0,0,1,1
0.251,0.27,0.272,0,0,1,1
0.251,0.27,0.275,0,0,1,1
0.251,0.27,0.278,0,0,1,1
0.251,0.27,0.281,0,0,1,1
0.251,0.27,0.284,0,0,1,1
0.251,0.27,0.287,0,0,1,1
0.251,0.27,0.29,0,0,1,1
0.251,0.27,0.293,0,0,1,1
0.251,0.27,0.296,0,0,1,1
0.251,0.27,0.299,0,0,1,1
0.251,0.27,0.302,0,0,1,1
0.251,0.27,0.305,0,0,1,1
0.251,0.27,0.308,0,0,1,1
0.251,0.27,0.311,0,0,1,1
0.251,0.27,0.314,0,0,1,1
0.251,0.27,0.317,0,0,1,1
0.251,0.27,0.32,0,0,1,1
0.251,0.27,0.323,0,0,1,1
0.251,0.27,0.326,0,0,1,1
0.251,0.27,0.329,0,0,1,1
0.251,0.27,0.332,0,0,1,1
0.251,0.27,0.335,0,0,1,1
0.251,0.27,0.338,0,0,1,1
0.251,0.27,0.341,0,0,1,1
0.251,0.27,0.344,0,0,1,1
0.251,0.27,0.347,0,0,1,1
0.251,0.27,0.35,0,0,1,1
0.251,0.27,0.353,0,0,1,1
0.251,0.27,0.356,0,0,1,1
0.251,0.27,0.359,0,0,1,1
0.251,0.27,0.362,0,0,1,1
0.251,0.27,0.365,0,0,1,1
0.251,0.27,0.368,0,0,1,1
0.251,0.27,0.371,0,0,1,1
0.251,0.27,0.374,0,0,1,1
0.251,0.27,0.377,0,0,1,1
0.251,0.27,0.38,0,0,1,1
0.251,0.27,0.383,0,0,1,1
0.251,0.27,0.386,0,0,1,1
0.251,0.27,0.389,0,0,1,1
0.251,0.27,0.392,0,0,1,1
0.251,0.27,0.395,0,0,1,1
0.251,0.27,0.398,0,0,1,1
0.251,0.27,0.401,0,0,1,1
0.251,0.27,0.404,0,0,1,1
0.251,0.27,0.407,0,0,1,1
0.251,0.27,0.41,0,0,1,1
0.251,0.27,0.413,0,0,1,1
0.251,0.27,0.416,0,0,1,1
0.251,0.27,0.419,0,0,1,1
0.251,0.27,0.422,0,0,1,1
0.251,0.27,0.425,0,0,1,1
0.251,0.27,0.427999,0,0,1,1
0.251,0.27,0.430999,0,0,1,1
0.251,0.27,0.433999,0,0,1,1
0.251,0.27,0.436999,0,0,1,1
0.251,0.27,0.439999,0,0,1,1
0.254,0.27,0.26,0,0,1,1
0.254,0.27,0.263,0,0,1,1
0.254,0.27,0.266,0,0,1,1
0.254,0.27,0.269,0,0,1,1
0.254,0.27,0.272,0,0,1,1
0.254,0.27,0.275,0,0,1,1
0.254,0.27,0.278,0,0,1,1
0.254,0.27,0.281,0,0,1,1
0.254,0.27,0.284,0,0,1,1
0.254,0.27,0.287,0,0,1,1
0.254,0.27,0.29,0,0,1,1
0.254,0.27,0.293,0,0,1,1
0.254,0.27,0.296,0,0,1,1
0.254,0.27,0.299,0,0,1,1
0.254,0.27,0.302,0,0,1,1
0.254,0.27,0.305,0,0,1,1
0.254,0.27,0.308,0,0,1,1
0.254,0.27,0.311,0,0,1,1
0.254,0.27,0.314,0,0,1,1
0.254,0.27,0.317,0,0,1,1
0.254,0.27,0.32,0,0,1,1
0.254,0.27,0.323,0,0,1,1
0.254,0.27,0.326,0,0,1,1
0.254,0.27,0.329,0,0,1,1
0.254,0.27,0.332,0,0,1,1
0.254,0.27,0.335,0,0,1,1
0.254,0.27,0.338,0,0,1,1
0.254,0.27,0.341,0,0,1,1
0.254,0.27,0.344,0,0,1,1
0.254,0.27,0.347,0,0,1,1
0.254,0.27,0.35,0,0,1,1
0.254,0.27,0.353,0,0,1,1
0.254,0.27,0.356,0,0,1,1
0.254,0.27,0.359,0,0,1,1
0.254,0.27,0.362,0,0,1,1
0.254,0.27,0.365,0,0,1,1
0.254,0.27,0.368,0,0,1,1
0.254,0.27,0.371,0,0,1,1
0.254,0.27,0.374,0,0,1,1
0.254,0.27,0.377,0,0,1,1
0.254,0.27,0.38,0,0,1,1
0.254,0.27,0.383,0,0,1,1
0.254,0.27,0.386,0,0,1,1
0.254,0.27,0.389,0,0,1,1
0.254,0.27,0.392,0,0,1,1
0.254,0.27,0.395,0,0,1,1
0.254,0.27,0.398,0,0,1,1
0.254,0.27,0.401,0,0,1,1
0.254,0.27,0.404,0,0,1,1
0.254,0.27,0.407,0,0,1,1
0.254,0.27,0.41,0,0,1,1
0.254,0.27,0.413,0,0,1,1
0.254,0.27,0.416,0,0,1,1
0.254,0.27,0.419,0,0,1,1
0.254,0.27,0.422,0,0,1,1
0.254,0.27,0.425,0,0,1,1
0.254,0.27,0.427999,0,0,1,1
0.254,0.27,0.430999,0,0,1,1
0.254,0.27,0.433999,0,0,1,1
0.254,0.27,0.436999,0,0,1,1
0.254,0.27,0.439999,0,0,1,1
0.257,0.27,0.26,0,0,1,1
0.257,0.27,0.263,0,0,1,1
0.257,0.27,0.266,0,0,1,1
0.257,0.27,0.269,0,0,1,1
0.257,0.27,0.272,0,0,1,1
0.257,0.27,0.275,0,0,1,1
0.257,0.27,0.278,0,0,1,1
0.257,0.27,0.281,0,0,1,1
0.257,0.27,0.284,0,0,1,1
0.257,0.27,0.287,0,0,1,1
0.257,0.27,0.29,0,0,1,1
0.257,0.27,0.293,0,0,1,1
0.257,0.27,0.296,0,0,1,1
0.257,0.27,0.299,0,0,1,1
0.257,0.27,0.302,0,0,1,1
0.257,0.27,0.305,0,0,1,1
0.257,0.27,0.308,0,0,1,1
0.257,0.27,0.311,0,0,1,1
0.257,0.27,0.314,0,0,1,1
0.257,0.27,0.317,0,0,1,1
0.257,0.27,0.32,0,0,1,1
0.257,0.27,0.323,0,0,1,1
0.257,0.27,0.326,0,0,1,1
0.257,0.27,0.329,0,0,1,1
0.257,0.27,0.332,0,0,1,1
0.257,0.27,0.335,0,0,1,1
0.257,0.27,0.338,0,0,1,1
0.257,0.27,0.341,0,0,1,1
0.257,0.27,0.344,0,0,1,1
0.257,0.27,0.347,0,0,1,1
0.257,0.27,0.35,0,0,1,1
0.257,0.27,0.353,0,0,1,1
0.257,0.27,0.356,0,0,1,1
0.257,0.27,0.359,0,0,1,1
0.257,0.27,0.362,0,0,1,1
0.257,0.27,0.365,0,0,1,1
0.257,0.27,0.368,0,0,1,1
0.257,0.27,0.371,0,0,1,1
0.257,0.27,0.374,0,0,1,1
0.257,0.27,0.377,0,0,1,1
0.257,0.27,0.38,0,0,1,1
0.257,0.27,0.383,0,0,1,1
0.257,0.27,0.386,0,0,1,1
0.257,0.27,0.389,0,0,1,1
0.257,0.27,0.392,0,0,1,1
0.257,0.27,0.395,0,0,1,1
0.257,0.27,0.398,0,0,1,1
0.257,0.27,0.401,0,0,1,1
0.257,0.27,0.404,0,0,1,1
0.257,0.27,0.407,0,0,1,1
0.257,0.27,0.41,0,0,1,1
0.257,0.27,0.413,0,0,1,1
0.257,0.27,0.416,0,0,1,1
0.257,0.27,0.419,0,0,1,1
0.257,0.27,0.422,0,0,1,1
0.257,0.27,0.425,0,0,1,1
0.257,0.27,0.427999,0,0,1,1
0.257,0.27,0.430999,0,0,1,1
0.257,0.27,0.433999,0,0,1,1
0.257,0.27,0.436999,0,0,1,1
0.257,0.27,0.439999,0,0,1,1
0.26,0.27,0.26,0,0,1,1
0.26,0.27,0.263,0,0,1,1
0.26,0.27,0.266,0,0,1,1
0.26,0.27,0.269,0,0,1,1
0.26,0.27,0.272,0,0,1,1
0.26,0.27,0.275,0,0,1,1
0.26,0.27,0.278,0,0,1,1
0.26,0.27,0.281,0,0,1,1
0.26,0.27,0.284,0,0,1,1
0.26,0.27,0.287,0,0,1,1
0.26,0.27,0.29,0,0,1,1
0.26,0.27,0.293,0,0,1,1
0.26,0.27,0.296,0,0,1,1
0.26,0.27,0.299,0,0,1,1
0.26,0.27,0.302,0,0,1,1
0.26,0.27,0.305,0,0,1,1
0.26,0.27,0.308,0,0,1,1
0.26,0.27,0.311,0,0,1,1
0.26,0.27,0.314,0,0,1,1
0.26,0.27,0.317,0,0,1,1
0.26,0.27,0.32,0,0,1,1
0.26,0.27,0.323,0,0,1,1
0.26,0.27,0.326,0,0,1,1
0.26,0.27,0.329,0,0,1,1
0.26,0.27,0.332,0,0,1,1
0.26,0.27,0.335,0,0,1,1
0.26,0.27,0.338,0,0,1,1
0.26,0.27,0.341,0,0,1,1
0.26,0.27,0.344,0,0,1,1
0.26,0.27,0.347,0,0,1,1
0.26,0.27,0.35,0,0,1,1
0.26,0.27,0.353,0,0,1,1
0.26,0.27,0.356,0,0,1,1
0.26,0.27,0.359,0,0,1,1
0.26,0.27,0.362,0,0,1,1
0.26,0.27,0.365,0,0,1,1
0.26,0.27,0.368,0,0,1,1
0.26,0.27,0.371,0,0,1,1
0.26,0.27,0.374,0,0,1,1
0.26,0.27,0.377,0,0,1,1
0.26,0.27,0.38,0,0,1,1
0.26,0.27,0.383,0,0,1,1
0.26,0.27,0.386,0,0,1,1
0.26,0.27,0.389,0,0,1,1
0.26,0.27,0.392,0,0,1,1
0.26,0.27,0.395,0,0,1,1
0.26,0.27,0.398,0,0,1,1
0.26,0.27,0.401,0,0,1,1
0.26,0.27,0.404,0,0,1,1
0.26,0.27,0.407,0,0,1,1
0.26,0.27,0.41,0,0,1,1
0.26,0.27,0.413,0,0,1,1
0.26,0.27,0.416,0,0,1,1
0.26,0.27,0.419,0,0,1,1
0.26,0.27,0.422,0,0,1,1
0.26,0.27,0.425,0,0,1,1
0.26,0.27,0.427999,0,0,1,1
0.26,0.27,0.430999,0,0,1,1
0.26,0.27,0.433999,0,0,1,1
0.26,0.27,0.436999,0,0,1,1
0.26,0.27,0.439999,0,0,1,1
0.263,0.27,0.26,0,0,1,1
0.263,0.27,0.263,0,0,1,1
0.263,0.27,0.266,0,0,1,1
0.263,0.27,0.269,0,0,1,1
0.263,0.27,0.272,0,0,1,1
0.263,0.27,0.275,0,0,1,1
0.263,0.27,0.278,0,0,1,1
0.263,0.27,0.281,0,0,1,1
0.263,0.27,0.284,0,0,1,1
0.263,0.27,0.287,0,0,1,1
0.263,0.27,0.29,0,0,1,1
0.263,0.27,0.293,0,0,1,1
0.263,0.27,0.296,0,0,1,1
0.263,0.27,0.299,0,0,1,1
0.263,0.27,0.302,0,0,1,1
0.263,0.27,0.305,0,0,1,1
0.263,0.27,0.308,0,0,1,1
0.263,0.27,0.311,0,0,1,1
0.263,0.27,0.314,0,0,1,1
0.263,0.27,0.317,0,0,1,1
0.263,0.27,0.32,0,0,1,1
0.263,0.27,0.323,0,0,1,1
0.263,0.27,0.326,0,0,1,1
0.263,0.27,0.329,0,0,1,1
0.263,0.27,0.332,0,0,1,1
0.263,0.27,0.335,0,0,1,1
0.263,0.27,0.338,0,0,1,1
0.263,0.27,0.341,0,0,1,1
0.263,0.27,0.344,0,0,1,1
0.263,0.27,0.347,0,0,1,1
0.263,0.27,0.35,0,0,1,1
0.263,0.27,0.353,0,0,1,1
0.263,0.27,0.356,0,0,1,1
0.263,0.27,0.359,0,0,1,1
0.263,0.27,0.362,0,0,1,1
0.263,0.27,0.365,0,0,1,1
0.263,0.27,0.368,0,0,1,1
0.263,0.27,0.371,0,0,1,1
0.263,0.27,0.374,0,0,1,1
0.263,0.27,0.377,0,0,1,1
0.263,0.27,0.38,0,0,1,1
0.263,0.27,0.383,0,0,1,1
0.263,0.27,0.386,0,0,1,1
0.263,0.27,0.389,0,0,1,1
0.263,0.27,0.392,0,0,1,1
0.263,0.27,0.395,0,0,1,1
0.263,0.27,0.398,0,0,1,1
0.263,0.27,0.401,0,0,1,1
0.263,0.27,0.404,0,0,1,1
0.263,0.27,0.407,0,0,1,1
0.263,0.27,0.41,0,0,1,1
0.263,0.27,0.413,0,0,1,1
0.263,0.27,0.416,0,0,1,1
0.263,0.27,0.419,0,0,1,1
0.263,0.27,0.422,0,0,1,1
0.263,0.27,0.425,0,0,1,1
0.263,0.27,0.427999,0,0,1,1
0.263,0.27,0.430999,0,0,1,1
0.263,0.27,0.433999,0,0,1,1
0.263,0.27,0.436999,0,0,1,1
0.263,0.27,0.439999,0,0,1,1
0.266,0.27,0.26,0,0,1,1
0.266,0.27,0.263,0,0,1,1
0.266,0.27,0.266,0,0,1,1
0.266,0.27,0.269,0,0,1,1
0.266,0.27,0.272,0,0,1,1
0.266,0.27,0.275,0,0,1,1
0.266,0.27,0.278,0,0,1,1
0.266,0.27,0.281,0,0,1,1
0.266,0.27,0.284,0,0,1,1
0.266,0.27,0.287,0,0,1,1
0.266,0.27,0.29,0,0,1,1
0.266,0.27,0.293,0,0,1,1
0.266,0.27,0.296,0,0,1,1
0.266,0.27,0.299,0,0,1,1
0.266,0.27,0.302,0,0,1,1
0.266,0.27,0.305,0,0,1,1
0.266,0.27,0.308,0,0,1,1
0.266,0.27,0.311,0,0,1,1
0.266,0.27,0.314,0,0,1,1
0.266,0.27,0.317,0,0,1,1
0.266,0.27,0.32,0,0,1,1
0.266,0.27,0.323,0,0,1,1
0.266,0.27,0.326,0,0,1,1
0.266,0.27,0.329,0,0,1,1
0.266,0.27,0.332,0,0,1,1
0.266,0.27,0.335,0,0,1,1
0.266,0.27,0.338,0,0,1,1
0.266,0.27,0.341,0,0,1,1
0.266,0.27,0.344,0,0,1,1
0.266,0.27,0.347,0,0,1,1
0.266,0.27,0.35,0,0,1,1
0.266,0.27,0.353,0,0,1,1
0.266,0.27,0.356,0,0,1,1
0.266,0.27,0.359,0,0,1,1
0.266,0.27,0.362,0,0,1,1
0.266,0.27,0.365,0,0,1,1
0.266,0.27,0.368,0,0,1,1
0.266,0.27,0.371,0,0,1,1
0.266,0.27,0.374,0,0,1,1
0.266,0.27,0.377,0,0,1,1
0.266,0.27,0.38,0,0,1,1
0.266,0.27,0.383,0,0,1,1
0.266,0.27,0.386,0,0,1,1
0.266,0.27,0.389,0,0,1,1
0.266,0.27,0.392,0,0,1,1
0.266,0.27,0.395,0,0,1,1
0.266,0.27,0.398,0,0,1,1
0.266,0.27,0.401,0,0,1,1
0.266,0.27,0.404,0,0,1,1
0.266,0.27,0.407,0,0,1,1
0.266,0.27,0.41,0,0,1,1
0.266,0.27,0.413,0,0,1,1
0.266,0.27,0.416,0,0,1,1
0.266,0.27,0.419,0,0,1,1
0.266,0.27,0.422,0,0,1,1
0.266,0.27,0.425,0,0,1,1
0.266,0.27,0.427999,0,0,1,1
0.266,0.27,0.430999,0,0,1,1
0.266,0.27,0.433999,0,0,1,1
0.266,0.27,0.436999,0,0,1,1
0.266,0.27,0.439999,0,0,1,1
0.269,0.27,0.26,0,0,1,1
0.269,0.27,0.263,0,0,1,1
0.269,0.27,0.266,0,0,1,1
0.269,0.27,0.269,0,0,1,1
0.269,0.27,0.272,0,0,1,1
0.269,0.27,0.275,0,0,1,1
0.269,0.27,0.278,0,0,1,1
0.269,0.27,0.281,0,0,1,1
0.269,0.27,0.284,0,0,1,1
0.269,0.27,0.287,0,0,1,1
0.269,0.27,0.29,0,0,1,1
0.269,0.27,0.293,0,0,1,1
0.269,0.27,0.296,0,0,1,1
0.269,0.27,0.299,0,0,1,1
0.269,0.27,0.302,0,0,1,1
0.269,0.27,0.305,0,0,1,1
0.269,0.27,0.308,0,0,1,1
0.269,0.27,0.311,0,0,1,1
0.269,0.27,0.314,0,0,1,1
0.269,0.27,0.317,0,0,1,1
0.269,0.27,0.32,0,0,1,1
0.269,0.27,0.323,0,0,1,1
0.269,0.27,0.326,0,0,1,1
0.269,0.27,0.329,0,0,1,1
0.269,0.27,0.332,0,0,1,1
0.269,0.27,0.335,0,0,1,1
0.269,0.27,0.338,0,0,1,1
0.269,0.27,0.341,0,0,1,1
0.269,0.27,0.344,0,0,1,1
0.269,0.27,0.347,0,0,1,1
0.269,0.27,0.35,0,0,1,1
0.269,0.27,0.353,0,0,1,1
0.269,0.27,0.356,0,0,1,1
0.269,0.27,0.359,0,0,1,1
0.269,0.27,0.362,0,0,1,1
0.269,0.27,0.365,0,0,1,1
0.269,0.27,0.368,0,0,1,1
0.269,0.27,0.371,0,0,1,1
0.269,0.27,0.374,0,0,1,1
0.269,0.27,0.377,0,0,1,1
0.269,0.27,0.38,0,0,1,1
0.269,0.27,0.383,0,0,1,1
0.269,0.27,0.386,0,0,1,1
0.269,0.27,0.389,0,0,1,1
0.269,0.27,0.392,0,0,1,1
0.269,0.27,0.395,0,0,1,1
0.269,0.27,0.398,0,0,1,1
0.269,0.27,0.401,0,0,1,1
0.269,0.27,0.404,0,0,1,1
0.269,0.27,0.407,0,0,1,1
0.269,0.27,0.41,0,0,1,1
0.269,0.27,0.413,0,0,1,1
0.269,0.27,0.416,0,0,1,1
0.269,0.27,0.419,0,0,1,1
0.269,0.27,0.422,0,0,1,1
0.269,0.27,0.425,0,0,1,1
0.269,0.27,0.427999,0,0,1,1
0.269,0.27,0.430999,0,0,1,1
0.269,0.27,0.433999,0,0,1,1
0.269,0.27,0.436999,0,0,1,1
0.269,0.27,0.439999,0,0,1,1
0.272,0.27,0.26,0,0,1,1
0.272,0.27,0.263,0,0,1,1
0.272,0.27,0.266,0,0,1,1
0.272,0.27,0.269,0,0,1,1
0.272,0.27,0.272,0,0,1,1
0.272,0.27,0.275,0,0,1,1
0.272,0.27,0.278,0,0,1,1
0.272,0.27,0.281,0,0,1,1
0.272,0.27,0.284,0,0,1,1
0.272,0.27,0.287,0,0,1,1
0.272,0.27,0.29,0,0,1,1
0.272,0.27,0.293,0,0,1,1
0.272,0.27,0.296,0,0,1,1
0.272,0.27,0.299,0,0,1,1
0.272,0.27,0.302,0,0,1,1
0.272,0.27,0.305,0,0,1,1
0.272,0.27,0.308,0,0,1,1
0.272,0.27,0.311,0,0,1,1
0.272,0.27,0.314,0,0,1,1
0.272,0.27,0.317,0,0,1,1
0.272,0.27,0.32,0,0,1,1
0.272,0.27,0.323,0,0,1,1
0.272,0.27,0.326,0,0,1,1
0.272,0.27,0.329,0,0,1,1
0.272,0.27,0.332,0,0,1,1
0.272,0.27,0.335,0,0,1,1
0.272,0.27,0.338,0,0,1,1
0.272,0.27,0.341,0,0,1,1
0.272,0.27,0.344,0,0,1,1
0.272,0.27,0.347,0,0,1,1
0.272,0.27,0.35,0,0,1,1
0.272,0.27,0.353,0,0,1,1
0.272,0.27,0.356,0,0,1,1
0.272,0.27,0.359,0,0,1,1
0.272,0.27,0.362,0,0,1,1
0.272,0.27,0.365,0,0,1,1
0.272,0.27,0.368,0,0,1,1
0.272,0.27,0.371,0,0,1,1
0.272,0.27,0.374,0,0,1,1
0.272,0.27,0.377,0,0,1,1
0.272,0.27,0.38,0,0,1,1
0.272,0.27,0.383,0,0,1,1
0.272,0.27,0.386,0,0,1,1
0.272,0.27,0.389,0,0,1,1
0.272,0.27,0.392,0,0,1,1
0.272,0.27,0.395,0,0,1,1
0.272,0.27,0.398,0,0,1,1
0.272,0.27,0.401,0,0,1,1
0.272,0.27,0.404,0,0,1,1
0.272,0.27,0.407,0,0,1,1
0.272,0.27,0.41,0,0,1,1
0.272,0.27,0.413,0,0,1,1
0.272,0.27,0.416,0,0,1,1
0.272,0.27,0.419,0,0,1,1
0.272,0.27,0.422,0,0,1,1
0.272,0.27,0.425,0,0,1,1
0.272,0.27,0.427999,0,0,1,1
0.272,0.27,0.430999,0,0,1,1
0.272,0.27,0.433999,0,0,1,1
0.272,0.27,0.436999,0,0,1,1
0.272,0.27,0.439999,0,0,1,1
0.275,0.27,0.26,0,0,1,1
0.275,0.27,0.263,0,0,1,1
0.275,0.27,0.266,0,0,1,1
0.275,0.27,0.269,0,0,1,1
0.275,0.27,0.272,0,0,1,1
0.275,0.27,0.275,0,0,1,1
0.275,0.27,0.278,0,0,1,1
0.275,0.27,0.281,0,0,1,1
0.275,0.27,0.284,0,0,1,1
0.275,0.27,0.287,0,0,1,1
0.275,0.27,0.29,0,0,1,1
0.275,0.27,0.293,0,0,1,1
0.275,0.27,0.296,0,0,1,1
0.275,0.27,0.299,0,0,1,1
0.275,0.27,0.302,0,0,1,1
0.275,0.27,0.305,0,0,1,1
0.275,0.27,0.308,0,0,1,1
0.275,0.27,0.311,0,0,1,1
0.275,0.27,0.314,0,0,1,1
0.275,0.27,0.317,0,0,1,1
0.275,0.27,0.32,0,0,1,1
0.275,0.27,0.323,0,0,1,1
0.275,0.27,0.326,0,0,1,1
0.275,0.27,0.329,0,0,1,1
0.275,0.27,0.332,0,0,1,1
0.275,0.27,0.335,0,0,1,1
0.275,0.27,0.338,0,0,1,1
0.275,0.27,0.341,0,0,1,1
0.275,0.27,0.344,0,0,1,1
0.275,0.27,0.347,0,0,1,1
0.275,0.27,0.35,0,0,1,1
0.275,0.27,0.353,0,0,1,1
0.275,0.27,0.356,0,0,1,1
0.275,0.27,0.359,0,0,1,1
0.275,0.27,0.362,0,0,1,1
0.275,0.27,0.365,0,0,1,1
0.275,0.27,0.368,0,0,1,1
0.275,0.27,0.371,0,0,1,1
0.275,0.27,0.374,0,0,1,1
0.275,0.27,0.377,0,0,1,1
0.275,0.27,0.38,0,0,1,1
0.275,0.27,0.383,0,0,1,1
0.275,0.27,0.386,0,0,1,1
0.275,0.27,0.389,0,0,1,1
0.275,0.27,0.392,0,0,1,1
0.275,0.27,0.395,0,0,1,1
0.275,0.27,0.398,0,0,1,1
0.275,0.27,0.401,0,0,1,1
0.275,0.27,0.404,0,0,1,1
0.275,0.27,0.407,0,0,1,1
0.275,0.27,0.41,0,0,1,1
0.275,0.27,0.413,0,0,1,1
0.275,0.27,0.416,0,0,1,1
0.275,0.27,0.419,0,0,1,1
0.275,0.27,0.422,0,0,1,1
0.275,0.27,0.425,0,0,1,1
0.275,0.27,0.427999,0,0,1,1
0.275,0.27,0.430999,0,0,1,1
0.275,0.27,0.433999,0,0,1,1
0.275,0.27,0.436999,0,0,1,1
0.275,0.27,0.439999,0,0,1,1
0.278,0.27,0.26,0,0,1,1
0.278,0.27,0.263,0,0,1,1
0.278,0.27,0.266,0,0,1,1
0.278,0.27,0.269,0,0,1,1
0.278,0.27,0.272,0,0,1,1
0.278,0.27,0.275,0,0,1,1
0.278,0.27,0.278,0,0,1,1
0.278,0.27,0.281,0,0,1,1
0.278,0.27,0.284,0,0,1,1
0.278,0.27,0.287,0,0,1,1
0.278,0.27,0.29,0,0,1,1
0.278,0.27,0.293,0,0,1,1
0.278,0.27,0.296,0,0,1,1
0.278,0.27,0.299,0,0,1,1
0.278,0.27,0.302,0,0,1,1
0.278,0.27,0.305,0,0,1,1
0.278,0.27,0.308,0,0,1,1
0.278,0.27,0.311,0,0,1,1
0.278,0.27,0.314,0,0,1,1
0.278,0.27,0.317,0,0,1,1
0.278,0.27,0.32,0,0,1,1
0.278,0.27,0.323,0,0,1,1
0.278,0.27,0.326,0,0,1,1
0.278,0.27,0.329,0,0,1,1
0.278,0.27,0.332,0,0,1,1
0.278,0.27,0.335,0,0,1,1
0.278,0.27,0.338,0,0,1,1
0.278,0.27,0.341,0,0,1,1
0.278,0.27,0.344,0,0,1,1
0.278,0.27,0.347,0,0,1,1
0.278,0.27,0.35,0,0,1,1
0.278,0.27,0.353,0,0,1,1
0.278,0.27,0.356,0,0,1,1
0.278,0.27,0.359,0,0,1,1
0.278,0.27,0.362,0,0,1,1
0.278,0.27,0.365,0,0,1,1
0.278,0.27,0.368,0,0,1,1
0.278,0.27,0.371,0,0,1,1
0.278,0.27,0.374,0,0,1,1
0.278,0.27,0.377,0,0,1,1
0.278,0.27,0.38,0,0,1,1
0.278,0.27,0.383,0,0,1,1
0.278,0.27,0.386,0,0,1,1
0.278,0.27,0.389,0,0,1,1
0.278,0.27,0.392,0,0,1,1
0.278,0.27,0.395,0,0,1,1
0.278,0.27,0.398,0,0,1,1
0.278,0.27,0.401,0,0,1,1
0.278,0.27,0.404,0,0,1,1
0.278,0.27,0.407,0,0,1,1
0.278,0.27,0.41,0,0,1,1
0.278,0.27,0.413,0,0,1,1
0.278,0.27,0.416,0,0,1,1
0.278,0.27,0.419,0,0,1,1
0.278,0.27,0.422,0,0,1,1
0.278,0.27,0.425,0,0,1,1
0.278,0.27,0.427999,0,0,1,1
0.278,0.27,0.430999,0,0,1,1
0.278,0.27,0.433999,0,0,1,1
0.278,0.27,0.436999,0,0,1,1
0.278,0.27,0.439999,0,0,1,1
0.281,0.27,0.26,0,0,1,1
0.281,0.27,0.263,0,0,1,1
0.281,0.27,0.266,0,0,1,1
0.281,0.27,0.269,0,0,1,1
0.281,0.27,0.272,0,0,1,1
0.281,0.27,0.275,0,0,1,1
0.281,0.27,0.278,0,0,1,1
0.281,0.27,0.281,0,0,1,1
0.281,0.27,0.284,0,0,1,1
0.281,0.27,0.287,0,0,1,1
0.281,0.27,0.29,0,0,1,1
0.281,0.27,0.293,0,0,1,1
0.281,0.27,0.296,0,0,1,1
0.281,0.27,0.299,0,0,1,1
0.281,0.27,0.302,0,0,1,1
0.281,0.27,0.305,0,0,1,1
0.281,0.27,0.308,0,0,1,1
0.281,0.27,0.311,0,0,1,1
0.281,0.27,0.314,0,0,1,1
0.281,0.27,0.317,0,0,1,1
0.281,0.27,0.32,0,0,1,1
0.281,0.27,0.323,0,0,1,1
0.281,0.27,0.326,0,0,1,1
0.281,0.27,0.329,0,0,1,1
0.281,0.27,0.332,0,0,1,1
0.281,0.27,0.335,0,0,1,1
0.281,0.27,0.338,0,0,1,1
0.281,0.27,0.341,0,0,1,1
0.281,0.27,0.344,0,0,1,1
0.281,0.27,0.347,0,0,1,1
0.281,0.27,0.35,0,0,1,1
0.281,0.27,0.353,0,0,1,1
0.281,0.27,0.356,0,0,1,1
0.281,0.27,0.359,0,0,1,1
0.281,0.27,0.362,0,0,1,1
0.281,0.27,0.365,0,0,1,1
0.281,0.27,0.368,0,0,1,1
0.281,0.27,0.371,0,0,1,1
0.281,0.27,0.374,0,0,1,1
0.281,0.27,0.377,0,0,1,1
0.281,0.27,0.38,0,0,1,1
0.281,0.27,0.383,0,0,1,1
0.281,0.27,0.386,0,0,1,1
0.281,0.27,0.389,0,0,1,1
0.281,0.27,0.392,0,0,1,1
0.281,0.27,0.395,0,0,1,1
0.281,0.27,0.398,0,0,1,1
0.281,0.27,0.401,0,0,1,1
0.281,0.27,0.404,0,0,1,1
0.281,0.27,0.407,0,0,1,1
0.281,0.27,0.41,0,0,1,1
0.281,0.27,0.413,0,0,1,1
0.281,0.27,0.416,0,0,1,1
0.281,0.27,0.419,0,0,1,1
0.281,0.27,0.422,0,0,1,1
0.281,0.27,0.425,0,0,1,1
0.281,0.27,0.427999,0,0,1,1
0.281,0.27,0.430999,0,0,1,1
0.281,0.27,0.433999,0,0,1,1
0.281,0.27,0.436999,0,0,1,1
0.281,0.27,0.439999,0,0,1,1
0.284,0.27,0.26,0,0,1,1
0.284,0.27,0.263,0,0,1,1
0.284,0.27,0.266,0,0,1,1
0.284,0.27,0.269,0,0,1,1
0.284,0.27,0.272,0,0,1,1
0.284,0.27,0.275,0,0,1,1
0.284,0.27,0.278,0,0,1,1
0.284,0.27,0.281,0,0,1,1
0.284,0.27,0.284,0,0,1,1
0.284,0.27,0.287,0,0,1,1
0.284,0.27,0.29,0,0,1,1
0.284,0.27,0.293,0,0,1,1
0.284,0.27,0.296,0,0,1,1
0.284,0.27,0.299,0,0,1,1
0.284,0.27,0.302,0,0,1,1
0.284,0.27,0.305,0,0,1,1
0.284,0.27,0.308,0,0,1,1
0.284,0.27,0.311,0,0,1,1
0.284,0.27,0.314,0,0,1,1
0.284,0.27,0.317,0,0,1,1
0.284,0.27,0.32,0,0,1,1
0.284,0.27,0.323,0,0,1,1
0.284,0.27,0.326,0,0,1,1
0.284,0.27,0.329,0,0,1,1
0.284,0.27,0.332,0,0,1,1
0.284,0.27,0.335,0,0,1,1
0.284,0.27,0.338,0,0,1,1
0.284,0.27,0.341,0,0,1,1
0.284,0.27,0.344,0,0,1,1
0.284,0.27,0.347,0,0,1,1
0.284,0.27,0.35,0,0,1,1
0.284,0.27,0.353,0,0,1,1
0.284,0.27,0.356,0,0,1,1
0.284,0.27,0.359,0,0,1,1
0.284,0.27,0.362,0,0,1,1
0.284,0.27,0.365,0,0,1,1
0.284,0.27,0.368,0,0,1,1
0.284,0.27,0.371,0,0,1,1
0.284,0.27,0.374,0,0,1,1
0.284,0.27,0.377,0,0,1,1
0.284,0.27,0.38,0,0,1,1
0.284,0.27,0.383,0,0,1,1
0.284,0.27,0.386,0,0,1,1
0.284,0.27,0.389,0,0,1,1
0.284,0.27,0.392,0,0,1,1
0.284,0.27,0.395,0,0,1,1
0.284,0.27,0.398,0,0,1,1
0.284,0.27,0.401,0,0,1,1
0.284,0.27,0.404,0,0,1,1
0.284,0.27,0.407,0,0,1,1
0.284,0.27,0.41,0,0,1,1
0.284,0.27,0.413,0,0,1,1
0.284,0.27,0.416,0,0,1,1
0.284,0.27,0.419,0,0,1,1
0.284,0.27,0.422,0,0,1,1
0.284,0.27,0.425,0,0,1,1
0.284,0.27,0.427999,0,0,1,1
0.284,0.27,0.430999,0,0,1,1
0.284,0.27,0.433999,0,0,1,1
0.284,0.27,0.436999,0,0,1,1
0.284,0.27,0.439999,0,0,1,1
0.287,0.27,0.26,0,0,1,1
0.287,0.27,0.263,0,0,1,1
0.287,0.27,0.266,0,0,1,1
0.287,0.27,0.269,0,0,1,1
0.287,0.27,0.272,0,0,1,1
0.287,0.27,0.275,0,0,1,1
0.287,0.27,0.278,0,0,1,1
0.287,0.27,0.281,0,0,1,1
0.287,0.27,0.284,0,0,1,1
0.287,0.27,0.287,0,0,1,1
0.287,0.27,0.29,0,0,1,1
0.287,0.27,0.293,0,0,1,1
0.287,0.27,0.296,0,0,1,1
0.287,0.27,0.299,0,0,1,1
0.287,0.27,0.302,0,0,1,1
0.287,0.27,0.305,0,0,1,1
0.287,0.27,0.308,0,0,1,1
0.287,0.27,0.311,0,0,1,1
0.287,0.27,0.314,0,0,1,1
0.287,0.27,0.317,0,0,1,1
0.287,0.27,0.32,0,0,1,1
0.287,0.27,0.323,0,0,1,1
0.287,0.27,0.326,0,0,1,1
0.287,0.27,0.329,0,0,1,1
0.287,0.27,0.332,0,0,1,1
0.287,0.27,0.335,0,0,1,1
0.287,0.27,0.338,0,0,1,1
0.287,0.27,0.341,0,0,1,1
0.287,0.27,0.344,0,0,1,1
0.287,0.27,0.347,0,0,1,1
0.287,0.27,0.35,0,0,1,1
0.287,0.27,0.353,0,0,1,1
0.287,0.27,0.356,0,0,1,1
0.287,0.27,0.359,0,0,1,1
0.287,0.27,0.362,0,0,1,1
0.287,0.27,0.365,0,0,1,1
0.287,0.27,0.368,0,0,1,1
0.287,0.27,0.371,0,0,1,1
0.287,0.27,0.374,0,0,1,1
0.287,0.27,0.377,0,0,1,1
0.287,0.27,0.38,0,0,1,1
0.287,0.27,0.383,0,0,1,1
0.287,0.27,0.386,0,0,1,1
0.287,0.27,0.389,0,0,1,1
0.287,0.27,0.392,0,0,1,1
0.287,0.27,0.395,0,0,1,1
0.287,0.27,0.398,0,0,1,1
0.287,0.27,0.401,0,0,1,1
0.287,0.27,0.404,0,0,1,1
0.287,0.27,0.407,0,0,1,1
0.287,0.27,0.41,0,0,1,1
0.287,0.27,0.413,0,0,1,1
0.287,0.27,0.416,0,0,1,1
0.287,0.27,0.419,0,0,1,1
0.287,0.27,0.422,0,0,1,1
0.287,0.27,0.425,0,0,1,1
0.287,0.27,0.427999,0,0,1,1
0.287,0.27,0.430999,0,0,1,1
0.287,0.27,0.433999,0,0,1,1
0.287,0.27,0.436999,0,0,1,1
0.287,0.27,0.439999,0,0,1,1
0.29,0.27,0.26,0,0,1,1
0.29,0.27,0.263,0,0,1,1
0.29,0.27,0.266,0,0,1,1
0.29,0.27,0.269,0,0,1,1
0.29,0.27,0.272,0,0,1,1
0.29,0.27,0.275,0,0,1,1
0.29,0.27,0.278,0,0,1,1
0.29,0.27,0.281,0,0,1,1
0.29,0.27,0.284,0,0,1,1
0.29,0.27,0.287,0,0,1,1
0.29,0.27,0.29,0,0,1,1
0.29,0.27,0.293,0,0,1,1
0.29,0.27,0.296,0,0,1,1
0.29,0.27,0.299,0,0,1,1
0.29,0.27,0.302,0,0,1,1
0.29,0.27,0.305,0,0,1,1
0.29,0.27,0.308,0,0,1,1
0.29,0.27,0.311,0,0,1,1
0.29,0.27,0.314,0,0,1,1
0.29,0.27,0.317,0,0,1,1
0.29,0.27,0.32,0,0,1,1
0.29,0.27,0.323,0,0,1,1
0.29,0.27,0.326,0,0,1,1
0.29,0.27,0.329,0,0,1,1
0.29,0.27,0.332,0,0,1,1
0.29,0.27,0.335,0,0,1,1
0.29,0.27,0.338,0,0,1,1
0.29,0.27,0.341,0,0,1,1
0.29,0.27,0.344,0,0,1,1
0.29,0.27,0.347,0,0,1,1
0.29,0.27,0.35,0,0,1,1
0.29,0.27,0.353,0,0,1,1
0.29,0.27,0.356,0,0,1,1
0.29,0.27,0.359,0,0,1,1
0.29,0.27,0.362,0,0,1,1
0.29,0.27,0.365,0,0,1,1
0.29,0.27,0.368,0,0,1,1
0.29,0.27,0.371,0,0,1,1
0.29,0.27,0.374,0,0,1,1
0.29,0.27,0.377,0,0,1,1
0.29,0.27,0.38,0,0,1,1
0.29,0.27,0.383,0,0,1,1
0.29,0.27,0.386,0,0,1,1
0.29,0.27,0.389,0,0,1,1
0.29,0.27,0.392,0,0,1,1
0.29,0.27,0.395,0,0,1,1
0.29,0.27,0.398,0,0,1,1
0.29,0.27,0.401,0,0,1,1
0.29,0.27,0.404,0,0,1,1
0.29,0.27,0.407,0,0,1,1
0.29,0.27,0.41,0,0,1,1
0.29,0.27,0.413,0,0,1,1
0.29,0.27,0.416,0,0,1,1
0.29,0.27,0.419,0,0,1,1
0.29,0.27,0.422,0,0,1,1
0.29,0.27,0.425,0,0,1,1
0.29,0.27,0.427999,0,0,1,1
0.29,0.27,0.430999,0,0,1,1
0.29,0.27,0.433999,0,0,1,1
0.29,0.27,0.436999,0,0,1,1
0.29,0.27,0.439999,0,0,1,1
0.293,0.27,0.26,0,0,1,1
0.293,0.27,0.263,0,0,1,1
0.293,0.27,0.266,0,0,1,1
0.293,0.27,0.269,0,0,1,1
0.293,0.27,0.272,0,0,1,1
0.293,0.27,0.275,0,0,1,1
0.293,0.27,0.278,0,0,1,1
0.293,0.27,0.281,0,0,1,1
0.293,0.27,0.284,0,0,1,1
0.293,0.27,0.287,0,0,1,1
0.293,0.27,0.29,0,0,1,1
0.293,0.27,0.293,0,0,1,1
0.293,0.27,0.296,0,0,1,1
0.293,0.27,0.299,0,0,1,1
0.293,0.27,0.302,0,0,1,1
0.293,0.27,0.305,0,0,1,1
0.293,0.27,0.308,0,0,1,1
0.293,0.27,0.311,0,0,1,1
0.293,0.27,0.314,0,0,1,1
0.293,0.27,0.317,0,0,1,1
0.293,0.27,0.32,0,0,1,1
0.293,0.27,0.323,0,0,1,1
0.293,0.27,0.326,0,0,1,1
0.293,0.27,0.329,0,0,1,1
0.293,0.27,0.332,0,0,1,1
0.293,0.27,0.335,0,0,1,1
0.293,0.27,0.338,0,0,1,1
0.293,0.27,0.341,0,0,1,1
0.293,0.27,0.344,0,0,1,1
0.293,0.27,0.347,0,0,1,1
0.293,0.27,0.35,0,0,1,1
0.293,0.27,0.353,0,0,1,1
0.293,0.27,0.356,0,0,1,1
0.293,0.27,0.359,0,0,1,1
0.293,0.27,0.362,0,0,1,1
0.293,0.27,0.365,0,0,1,1
0.293,0.27,0.368,0,0,1,1
0.293,0.27,0.371,0,0,1,1
0.293,0.27,0.374,0,0,1,1
0.293,0.27,0.377,0,0,1,1
0.293,0.27,0.38,0,0,1,1
0.293,0.27,0.383,0,0,1,1
0.293,0.27,0.386,0,0,1,1
0.293,0.27,0.389,0,0,1,1
0.293,0.27,0.392,0,0,1,1
0.293,0.27,0.395,0,0,1,1
0.293,0.27,0.398,0,0,1,1
0.293,0.27,0.401,0,0,1,1
0.293,0.27,0.404,0,0,1,1
0.293,0.27,0.407,0,0,1,1
0.293,0.27,0.41,0,0,1,1
0.293,0.27,0.413,0,0,1,1
0.293,0.27,0.416,0,0,1,1
0.293,0.27,0.419,0,0,1,1
0.293,0.27,0.422,0,0,1,1
0.293,0.27,0.425,0,0,1,1
0.293,0.27,0.427999,0,0,1,1
0.293,0.27,0.430999,0,0,1,1
0.293,0.27,0.433999,0,0,1,1
0.293,0.27,0.436999,0,0,1,1
0.293,0.27,0.439999,0,0,1,1
0.296,0.27,0.26,0,0,1,1
0.296,0.27,0.263,0,0,1,1
0.296,0.27,0.266,0,0,1,1
0.296,0.27,0.269,0,0,1,1
0.296,0.27,0.272,0,0,1,1
0.296,0.27,0.275,0,0,1,1
0.296,0.27,0.278,0,0,1,1
0.296,0.27,0.281,0,0,1,1
0.296,0.27,0.284,0,0,1,1
0.296,0.27,0.287,0,0,1,1
0.296,0.27,0.29,0,0,1,1
0.296,0.27,0.293,0,0,1,1
0.296,0.27,0.296,0,0,1,1
0.296,0.27,0.299,0,0,1,1
0.296,0.27,0.302,0,0,1,1
0.296,0.27,0.305,0,0,1,1
0.296,0.27,0.308,0,0,1,1
0.296,0.27,0.311,0,0,1,1
0.296,0.27,0.314,0,0,1,1
0.296,0.27,0.317,0,0,1,1
0.296,0.27,0.32,0,0,1,1
0.296,0.27,0.323,0,0,1,1
0.296,0.27,0.326,0,0,1,1
0.296,0.27,0.329,0,0,1,1
0.296,0.27,0.332,0,0,1,1
0.296,0.27,0.335,0,0,1,1
0.296,0.27,0.338,0,0,1,1
0.296,0.27,0.341,0,0,1,1
0.296,0.27,0.344,0,0,1,1
0.296,0.27,0.347,0,0,1,1
0.296,0.27,0.35,0,0,1,1
0.296,0.27,0.353,0,0,1,1
0.296,0.27,0.356,0,0,1,1
0.296,0.27,0.359,0,0,1,1
0.296,0.27,0.362,0,0,1,1
0.296,0.27,0.365,0,0,1,1
0.296,0.27,0.368,0,0,1,1
0.296,0.27,0.371,0,0,1,1
0.296,0.27,0.374,0,0,1,1
0.296,0.27,0.377,0,0,1,1
0.296,0.27,0.38,0,0,1,1
0.296,0.27,0.383,0,0,1,1
0.296,0.27,0.386,0,0,1,1
0.296,0.27,0.389,0,0,1,1
0.296,0.27,0.392,0,0,1,1
0.296,0.27,0.395,0,0,1,1
0.296,0.27,0.398,0,0,1,1
0.296,0.27,0.401,0,0,1,1
0.296,0.27,0.404,0,0,1,1
0.296,0.27,0.407,0,0,1,1
0.296,0.27,0.41,0,0,1,1
0.296,0.27,0.413,0,0,1,1
0.296,0.27,0.416,0,0,1,1
0.296,0.27,0.419,0,0,1,1
0.296,0.27,0.422,0,0,1,1
0.296,0.27,0.425,0,0,1,1
0.296,0.27,0.427999,0,0,1,1
0.296,0.27,0.430999,0,0,1,1
0.296,0.27,0.433999,0,0,1,1
0.296,0.27,0.436999,0,0,1,1
0.296,0.27,0.439999,0,0,1,1
0.299,0.27,0.26,0,0,1,1
0.299,0.27,0.263,0,0,1,1
0.299,0.27,0.266,0,0,1,1
0.299,0.27,0.269,0,0,1,1
0.299,0.27,0.272,0,0,1,1
0.299,0.27,0.275,0,0,1,1
0.299,0.27,0.278,0,0,1,1
0.299,0.27,0.281,0,0,1,1
0.299,0.27,0.284,0,0,1,1
0.299,0.27,0.287,0,0,1,1
0.299,0.27,0.29,0,0,1,1
0.299,0.27,0.293,0,0,1,1
0.299,0.27,0.296,0,0,1,1
0.299,0.27,0.299,0,0,1,1
0.299,0.27,0.302,0,0,1,1
0.299,0.27,0.305,0,0,1,1
0.299,0.27,0.308,0,0,1,1
0.299,0.27,0.311,0,0,1,1
0.299,0.27,0.314,0,0,1,1
0.299,0.27,0.317,0,0,1,1
0.299,0.27,0.32,0,0,1,1
0.299,0.27,0.323,0,0,1,1
0.299,0.27,0.326,0,0,1,1
0.299,0.27,0.329,0,0,1,1
0.299,0.27,0.332,0,0,1,1
0.299,0.27,0.335,0,0,1,1
0.299,0.27,0.338,0,0,1,1
0.299,0.27,0.341,0,0,1,1
0.299,0.27,0.344,0,0,1,1
0.299,0.27,0.347,0,0,1,1
0.299,0.27,0.35,0,0,1,1
0.299,0.27,0.353,0,0,1,1
0.299,0.27,0.356,0,0,1,1
0.299,0.27,0.359,0,0,1,1
0.299,0.27,0.362,0,0,1,1
0.299,0.27,0.365,0,0,1,1
0.299,0.27,0.368,0,0,1,1
0.299,0.27,0.371,0,0,1,1
0.299,0.27,0.374,0,0,1,1
0.299,0.27,0.377,0,0,1,1
0.299,0.27,0.38,0,0,1,1
0.299,0.27,0.383,0,0,1,1
0.299,0.27,0.386,0,0,1,1
0.299,0.27,0.389,0,0,1,1
0.299,0.27,0.392,0,0,1,1
0.299,0.27,0.395,0,0,1,1
0.299,0.27,0.398,0,0,1,1
0.299,0.27,0.401,0,0,1,1
0.299,0.27,0.404,0,0,1,1
0.299,0.27,0.407,0,0,1,1
0.299,0.27,0.41,0,0,1,1
0.299,0.27,0.413,0,0,1,1
0.299,0.27,0.416,0,0,1,1
0.299,0.27,0.419,0,0,1,1
0.299,0.27,0.422,0,0,1,1
0.299,0.27,0.425,0,0,1,1
0.299,0.27,0.427999,0,0,1,1
0.299,0.27,0.430999,0,0,1,1
0.299,0.27,0.433999,0,0,1,1
0.299,0.27,0.436999,0,0,1,1
0.299,0.27,0.439999,0,0,1,1
0.302,0.27,0.26,0,0,1,1
0.302,0.27,0.263,0,0,1,1
0.302,0.27,0.266,0,0,1,1
0.302,0.27,0.269,0,0,1,1
0.302,0.27,0.272,0,0,1,1
0.302,0.27,0.275,0,0,1,1
0.302,0.27,0.278,0,0,1,1
0.302,0.27,0.281,0,0,1,1
0.302,0.27,0.284,0,0,1,1
0.302,0.27,0.287,0,0,1,1
0.302,0.27,0.29,0,0,1,1
0.302,0.27,0.293,0,0,1,1
0.302,0.27,0.296,0,0,1,1
0.302,0.27,0.299,0,0,1,1
0.302,0.27,0.302,0,0,1,1
0.302,0.27,0.305,0,0,1,1
0.302,0.27,0.308,0,0,1,1
0.302,0.27,0.311,0,0,1,1
0.302,0.27,0.314,0,0,1,1
0.302,0.27,0.317,0,0,1,1
0.302,0.27,0.32,0,0,1,1
0.302,0.27,0.323,0,0,1,1
0.302,0.27,0.326,0,0,1,1
0.302,0.27,0.329,0,0,1,1
0.302,0.27,0.332,0,0,1,1
0.302,0.27,0.335,0,0,1,1
0.302,0.27,0.338,0,0,1,1
0.302,0.27,0.341,0,0,1,1
0.302,0.27,0.344,0,0,1,1
0.302,0.27,0.347,0,0,1,1
0.302,0.27,0.35,0,0,1,1
0.302,0.27,0.353,0,0,1,1
0.302,0.27,0.356,0,0,1,1
0.302,0.27,0.359,0,0,1,1
0.302,0.27,0.362,0,0,1,1
0.302,0.27,0.365,0,0,1,1
0.302,0.27,0.368,0,0,1,1
0.302,0.27,0.371,0,0,1,1
0.302,0.27,0.374,0,0,1,1
0.302,0.27,0.377,0,0,1,1
0.302,0.27,0.38,0,0,1,1
0.302,0.27,0.383,0,0,1,1
0.302,0.27,0.386,0,0,1,1
0.302,0.27,0.389,0,0,1,1
0.302,0.27,0.392,0,0,1,1
0.302,0.27,0.395,0,0,1,1
0.302,0.27,0.398,0,0,1,1
0.302,0.27,0.401,0,0,1,1
0.302,0.27,0.404,0,0,1,1
0.302,0.27,0.407,0,0,1,1
0.302,0.27,0.41,0,0,1,1
0.302,0.27,0.413,0,0,1,1
0.302,0.27,0.416,0,0,1,1
0.302,0.27,0.419,0,0,1,1
0.302,0.27,0.422,0,0,1,1
0.302,0.27,0.425,0,0,1,1
0.302,0.27,0.427999,0,0,1,1
0.302,0.27,0.430999,0,0,1,1
0.302,0.27,0.433999,0,0,1,1
0.302,0.27,0.436999,0,0,1,1
0.302,0.27,0.439999,0,0,1,1
0.305,0.27,0.26,0,0,1,1
0.305,0.27,0.263,0,0,1,1
0.305,0.27,0.266,0,0,1,1
0.305,0.27,0.269,0,0,1,1
0.305,0.27,0.272,0,0,1,1
0.305,0.27,0.275,0,0,1,1
0.305,0.27,0.278,0,0,1,1
0.305,0.27,0.281,0,0,1,1
0.305,0.27,0.284,0,0,1,1
0.305,0.27,0.287,0,0,1,1
0.305,0.27,0.29,0,0,1,1
0.305,0.27,0.293,0,0,1,1
0.305,0.27,0.296,0,0,1,1
0.305,0.27,0.299,0,0,1,1
0.305,0.27,0.302,0,0,1,1
0.305,0.27,0.305,0,0,1,1
0.305,0.27,0.308,0,0,1,1
0.305,0.27,0.311,0,0,1,1
0.305,0.27,0.314,0,0,1,1
0.305,0.27,0.317,0,0,1,1
0.305,0.27,0.32,0,0,1,1
0.305,0.27,0.323,0,0,1,1
0.305,0.27,0.326,0,0,1,1
0.305,0.27,0.329,0,0,1,1
0.305,0.27,0.332,0,0,1,1
0.305,0.27,0.335,0,0,1,1
0.305,0.27,0.338,0,0,1,1
0.305,0.27,0.341,0,0,1,1
0.305,0.27,0.344,0,0,1,1
0.305,0.27,0.347,0,0,1,1
0.305,0.27,0.35,0,0,1,1
0.305,0.27,0.353,0,0,1,1
0.305,0.27,0.356,0,0,1,1
0.305,0.27,0.359,0,0,1,1
0.305,0.27,0.362,0,0,1,1
0.305,0.27,0.365,0,0,1,1
0.305,0.27,0.368,0,0,1,1
0.305,0.27,0.371,0,0,1,1
0.305,0.27,0.374,0,0,1,1
0.305,0.27,0.377,0,0,1,1
0.305,0.27,0.38,0,0,1,1
0.305,0.27,0.383,0,0,1,1
0.305,0.27,0.386,0,0,1,1
0.305,0.27,0.389,0,0,1,1
0.305,0.27,0.392,0,0,1,1
0.305,0.27,0.395,0,0,1,1
0.305,0.27,0.398,0,0,1,1
0.305,0.27,0.401,0,0,1,1
0.305,0.27,0.404,0,0,1,1
0.305,0.27,0.407,0,0,1,1
0.305,0.27,0.41,0,0,1,1
0.305,0.27,0.413,0,0,1,1
0.305,0.27,0.416,0,0,1,1
0.305,0.27,0.419,0,0,1,1
0.305,0.27,0.422,0,0,1,1
0.305,0.27,0.425,0,0,1,1
0.305,0.27,0.427999,0,0,1,1
0.305,0.27,0.430999,0,0,1,1
0.305,0.27,0.433999,0,0,1,1
0.305,0.27,0.436999,0,0,1,1
0.305,0.27,0.439999,0,0,1,1
0.308,0.27,0.26,0,0,1,1
0.308,0.27,0.263,0,0,1,1
0.308,0.27,0.266,0,0,1,1
0.308,0.27,0.269,0,0,1,1
0.308,0.27,0.272,0,0,1,1
0.308,0.27,0.275,0,0,1,1
0.308,0.27,0.278,0,0,1,1
0.308,0.27,0.281,0,0,1,1
0.308,0.27,0.284,0,0,1,1
0.308,0.27,0.287,0,0,1,1
0.308,0.27,0.29,0,0,1,1
0.308,0.27,0.293,0,0,1,1
0.308,0.27,0.296,0,0,1,1
0.308,0.27,0.299,0,0,1,1
0.308,0.27,0.302,0,0,1,1
0.308,0.27,0.305,0,0,1,1
0.308,0.27,0.308,0,0,1,1
0.308,0.27,0.311,0,0,1,1
0.308,0.27,0.314,0,0,1,1
0.308,0.27,0.317,0,0,1,1
0.308,0.27,0.32,0,0,1,1
0.308,0.27,0.323,0,0,1,1
0.308,0.27,0.326,0,0,1,1
0.308,0.27,0.329,0,0,1,1
0.308,0.27,0.332,0,0,1,1
0.308,0.27,0.335,0,0,1,1
0.308,0.27,0.338,0,0,1,1
0.308,0.27,0.341,0,0,1,1
0.308,0.27,0.344,0,0,1,1
0.308,0.27,0.347,0,0,1,1
0.308,0.27,0.35,0,0,1,1
0.308,0.27,0.353,0,0,1,1
0.308,0.27,0.356,0,0,1,1
0.308,0.27,0.359,0,0,1,1
0.308,0.27,0.362,0,0,1,1
0.308,0.27,0.365,0,0,1,1
0.308,0.27,0.368,0,0,1,1
0.308,0.27,0.371,0,0,1,1
0.308,0.27,0.374,0,0,1,1
0.308,0.27,0.377,0,0,1,1
0.308,0.27,0.38,0,0,1,1
0.308,0.27,0.383,0,0,1,1
0.308,0.27,0.386,0,0,1,1
0.308,0.27,0.389,0,0,1,1
0.308,0.27,0.392,0,0,1,1
0.308,0.27,0.395,0,0,1,1
0.308,0.27,0.398,0,0,1,1
0.308,0.27,0.401,0,0,1,1
0.308,0.27,0.404,0,0,1,1
0.308,0.27,0.407,0,0,1,1
0.308,0.27,0.41,0,0,1,1
0.308,0.27,0.413,0,0,1,1
0.308,0.27,0.416,0,0,1,1
0.308,0.27,0.419,0,0,1,1
0.308,0.27,0.422,0,0,1,1
0.308,0.27,0.425,0,0,1,1
0.308,0.27,0.427999,0,0,1,1
0.308,0.27,0.430999,0,0,1,1
0.308,0.27,0.433999,0,0,1,1
0.308,0.27,0.436999,0,0,1,1
0.308,0.27,0.439999,0,0,1,1
0.311,0.27,0.26,0,0,1,1
0.311,0.27,0.263,0,0,1,1
0.311,0.27,0.266,0,0,1,1
0.311,0.27,0.269,0,0,1,1
0.311,0.27,0.272,0,0,1,1
0.311,0.27,0.275,0,0,1,1
0.311,0.27,0.278,0,0,1,1
0.311,0.27,0.281,0,0,1,1
0.311,0.27,0.284,0,0,1,1
0.311,0.27,0.287,0,0,1,1
0.311,0.27,0.29,0,0,1,1
0.311,0.27,0.293,0,0,1,1
0.311,0.27,0.296,0,0,1,1
0.311,0.27,0.299,0,0,1,1
0.311,0.27,0.302,0,0,1,1
0.311,0.27,0.305,0,0,1,1
0.311,0.27,0.308,0,0,1,1
0.311,0.27,0.311,0,0,1,1
0.311,0.27,0.314,0,0,1,1
0.311,0.27,0.317,0,0,1,1
0.311,0.27,0.32,0,0,1,1
0.311,0.27,0.323,0,0,1,1
0.311,0.27,0.326,0,0,1,1
0.311,0.27,0.329,0,0,1,1
0.311,0.27,0.332,0,0,1,1
0.311,0.27,0.335,0,0,1,1
0.311,0.27,0.338,0,0,1,1
0.311,0.27,0.341,0,0,1,1
0.311,0.27,0.344,0,0,1,1
0.311,0.27,0.347,0,0,1,1
0.311,0.27,0.35,0,0,1,1
0.311,0.27,0.353,0,0,1,1
0.311,0.27,0.356,0,0,1,1
0.311,0.27,0.359,0,0,1,1
0.311,0.27,0.362,0,0,1,1
0.311,0.27,0.365,0,0,1,1
0.311,0.27,0.368,0,0,1,1
0.311,0.27,0.371,0,0,1,1
0.311,0.27,0.374,0,0,1,1
0.311,0.27,0.377,0,0,1,1
0.311,0.27,0.38,0,0,1,1
0.311,0.27,0.383,0,0,1,1
0.311,0.27,0.386,0,0,1,1
0.311,0.27,0.389,0,0,1,1
0.311,0.27,0.392,0,0,1,1
0.311,0.27,0.395,0,0,1,1
0.311,0.27,0.398,0,0,1,1
0.311,0.27,0.401,0,0,1,1
0.311,0.27,0.404,0,0,1,1
0.311,0.27,0.407,0,0,1,1
0.311,0.27,0.41,0,0,1,1
0.311,0.27,0.413,0,0,1,1
0.311,0.27,0.416,0,0,1,1
0.311,0.27,0.419,0,0,1,1
0.311,0.27,0.422,0,0,1,1
0.311,0.27,0.425,0,0,1,1
0.311,0.27,0.427999,0,0,1,1
0.311,0.27,0.430999,0,0,1,1
0.311,0.27,0.433999,0,0,1,1
0.311,0.27,0.436999,0,0,1,1
0.311,0.27,0.439999,0,0,1,1
0.314,0.27,0.26,0,0,1,1
0.314,0.27,0.263,0,0,1,1
0.314,0.27,0.266,0,0,1,1
0.314,0.27,0.269,0,0,1,1
0.314,0.27,0.272,0,0,1,1
0.314,0.27,0.275,0,0,1,1
0.314,0.27,0.278,0,0,1,1
0.314,0.27,0.281,0,0,1,1
0.314,0.27,0.284,0,0,1,1
0.314,0.27,0.287,0,0,1,1
0.314,0.27,0.29,0,0,1,1
0.314,0.27,0.293,0,0,1,1
0.314,0.27,0.296,0,0,1,1
0.314,0.27,0.299,0,0,1,1
0.314,0.27,0.302,0,0,1,1
0.314,0.27,0.305,0,0,1,1
0.314,0.27,0.308,0,0,1,1
0.314,0.27,0.311,0,0,1,1
0.314,0.27,0.314,0,0,1,1
0.314,0.27,0.317,0,0,1,1
0.314,0.27,0.32,0,0,1,1
0.314,0.27,0.323,0,0,1,1
0.314,0.27,0.326,0,0,1,1
0.314,0.27,0.329,0,0,1,1
0.314,0.27,0.332,0,0,1,1
0.314,0.27,0.335,0,0,1,1
0.314,0.27,0.338,0,0,1,1
0.314,0.27,0.341,0,0,1,1
0.314,0.27,0.344,0,0,1,1
0.314,0.27,0.347,0,0,1,1
0.314,0.27,0.35,0,0,1,1
0.314,0.27,0.353,0,0,1,1
0.314,0.27,0.356,0,0,1,1
0.314,0.27,0.359,0,0,1,1
0.314,0.27,0.362,0,0,1,1
0.314,0.27,0.365,0,0,1,1
0.314,0.27,0.368,0,0,1,1
0.314,0.27,0.371,0,0,1,1
0.314,0.27,0.374,0,0,1,1
0.314,0.27,0.377,0,0,1,1
0.314,0.27,0.38,0,0,1,1
0.314,0.27,0.383,0,0,1,1
0.314,0.27,0.386,0,0,1,1
0.314,0.27,0.389,0,0,1,1
0.314,0.27,0.392,0,0,1,1
0.314,0.27,0.395,0,0,1,1
0.314,0.27,0.398,0,0,1,1
0.314,0.27,0.401,0,0,1,1
0.314,0.27,0.404,0,0,1,1
0.314,0.27,0.407,0,0,1,1
0.314,0.27,0.41,0,0,1,1
0.314,0.27,0.413,0,0,1,1
0.314,0.27,0.416,0,0,1,1
0.314,0.27,0.419,0,0,1,1
0.314,0.27,0.422,0,0,1,1
0.314,0.27,0.425,0,0,1,1
0.314,0.27,0.427999,0,0,1,1
0.314,0.27,0.430999,0,0,1,1
0.314,0.27,0.433999,0,0,1,1
0.314,0.27,0.436999,0,0,1,1
0.314,0.27,0.439999,0,0,1,1
0.317,0.27,0.26,0,0,1,1
0.317,0.27,0.263,0,0,1,1
0.317,0.27,0.266,0,0,1,1
0.317,0.27,0.269,0,0,1,1
0.317,0.27,0.272,0,0,1,1
0.317,0.27,0.275,0,0,1,1
0.317,0.27,0.278,0,0,1,1
0.317,0.27,0.281,0,0,1,1
0.317,0.27,0.284,0,0,1,1
0.317,0.27,0.287,0,0,1,1
0.317,0.27,0.29,0,0,1,1
0.317,0.27,0.293,0,0,1,1
0.317,0.27,0.296,0,0,1,1
0.317,0.27,0.299,0,0,1,1
0.317,0.27,0.302,0,0,1,1
0.317,0.27,0.305,0,0,1,1
0.317,0.27,0.308,0,0,1,1
0.317,0.27,0.311,0,0,1,1
0.317,0.27,0.314,0,0,1,1
0.317,0.27,0.317,0,0,1,1
0.317,0.27,0.32,0,0,1,1
0.317,0.27,0.323,0,0,1,1
0.317,0.27,0.326,0,0,1,1
0.317,0.27,0.329,0,0,1,1
0.317,0.27,0.332,0,0,1,1
0.317,0.27,0.335,0,0,1,1
0.317,0.27,0.338,0,0,1,1
0.317,0.27,0.341,0,0,1,1
0.317,0.27,0.344,0,0,1,1
0.317,0.27,0.347,0,0,1,1
0.317,0.27,0.35,0,0,1,1
0.317,0.27,0.353,0,0,1,1
0.317,0.27,0.356,0,0,1,1
0.317,0.27,0.359,0,0,1,1
0.317,0.27,0.362,0,0,1,1
0.317,0.27,0.365,0,0,1,1
0.317,0.27,0.368,0,0,1,1
0.317,0.27,0.371,0,0,1,1
0.317,0.27,0.374,0,0,1,1
0.317,0.27,0.377,0,0,1,1
0.317,0.27,0.38,0,0,1,1
0.317,0.27,0.383,0,0,1,1
0.317,0.27,0.386,0,0,1,1
0.317,0.27,0.389,0,0,1,1
0.317,0.27,0.392,0,0,1,1
0.317,0.27,0.395,0,0,1,1
0.317,0.27,0.398,0,0,1,1
0.317,0.27,0.401,0,0,1,1
0.317,0.27,0.404,0,0,1,1
0.317,0.27,0.407,0,0,1,1
0.317,0.27,0.41,0,0,1,1
0.317,0.27,0.413,0,0,1,1
0.317,0.27,0.416,0,0,1,1
0.317,0.27,0.419,0,0,1,1
0.317,0.27,0.422,0,0,1,1
0.317,0.27,0.425,0,0,1,1
0.317,0.27,0.427999,0,0,1,1
0.317,0.27,0.430999,0,0,1,1
0.317,0.27,0.433999,0,0,1,1
0.317,0.27,0.436999,0,0,1,1
0.317,0.27,0.439999,0,0,1,1
0.32,0.27,0.26,0,0,1,1
0.32,0.27,0.263,0,0,1,1
0.32,0.27,0.266,0,0,1,1
0.32,0.27,0.269,0,0,1,1
0.32,0.27,0.272,0,0,1,1
0.32,0.27,0.275,0,0,1,1
0.32,0.27,0.278,0,0,1,1
0.32,0.27,0.281,0,0,1,1
0.32,0.27,0.284,0,0,1,1
0.32,0.27,0.287,0,0,1,1
0.32,0.27,0.29,0,0,1,1
0.32,0.27,0.293,0,0,1,1
0.32,0.27,0.296,0,0,1,1
0.32,0.27,0.299,0,0,1,1
0.32,0.27,0.302,0,0,1,1
0.32,0.27,0.305,0,0,1,1
0.32,0.27,0.308,0,0,1,1
0.32,0.27,0.311,0,0,1,1
0.32,0.27,0.314,0,0,1,1
0.32,0.27,0.317,0,0,1,1
0.32,0.27,0.32,0,0,1,1
0.32,0.27,0.323,0,0,1,1
0.32,0.27,0.326,0,0,1,1
0.32,0.27,0.329,0,0,1,1
0.32,0.27,0.332,0,0,1,1
0.32,0.27,0.335,0,0,1,1
0.32,0.27,0.338,0,0,1,1
0.32,0.27,0.341,0,0,1,1
0.32,0.27,0.344,0,0,1,1
0.32,0.27,0.347,0,0,1,1
0.32,0.27,0.35,0,0,1,1
0.32,0.27,0.353,0,0,1,1
0.32,0.27,0.356,0,0,1,1
0.32,0.27,0.359,0,0,1,1
0.32,0.27,0.362,0,0,1,1
0.32,0.27,0.365,0,0,1,1
0.32,0.27,0.368,0,0,1,1
0.32,0.27,0.371,0,0,1,1
0.32,0.27,0.374,0,0,1,1
0.32,0.27,0.377,0,0,1,1
0.32,0.27,0.38,0,0,1,1
0.32,0.27,0.383,0,0,1,1
0.32,0.27,0.386,0,0,1,1
0.32,0.27,0.389,0,0,1,1
0.32,0.27,0.392,0,0,1,1
0.32,0.27,0.395,0,0,1,1
0.32,0.27,0.398,0,0,1,1
0.32,0.27,0.401,0,0,1,1
0.32,0.27,0.404,0,0,1,1
0.32,0.27,0.407,0,0,1,1
0.32,0.27,0.41,0,0,1,1
0.32,0.27,0.413,0,0,1,1
0.32,0.27,0.416,0,0,1,1
0.32,0.27,0.419,0,0,1,1
0.32,0.27,0.422,0,0,1,1
0.32,0.27,0.425,0,0,1,1
0.32,0.27,0.427999,0,0,1,1
0.32,0.27,0.430999,0,0,1,1
0.32,0.27,0.433999,0,0,1,1
0.32,0.27,0.436999,0,0,1,1
0.32,0.27,0.439999,0,0,1,1
0.323,0.27,0.26,0,0,1,1
0.323,0.27,0.263,0,0,1,1
0.323,0.27,0.266,0,0,1,1
0.323,0.27,0.269,0,0,1,1
0.323,0.27,0.272,0,0,1,1
0.323,0.27,0.275,0,0,1,1
0.323,0.27,0.278,0,0,1,1
0.323,0.27,0.281,0,0,1,1
0.323,0.27,0.284,0,0,1,1
0.323,0.27,0.287,0,0,1,1
0.323,0.27,0.29,0,0,1,1
0.323,0.27,0.293,0,0,1,1
0.323,0.27,0.296,0,0,1,1
0.323,0.27,0.299,0,0,1,1
0.323,0.27,0.302,0,0,1,1
0.323,0.27,0.305,0,0,1,1
0.323,0.27,0.308,0,0,1,1
0.323,0.27,0.311,0,0,1,1
0.323,0.27,0.314,0,0,1,1
0.323,0.27,0.317,0,0,1,1
0.323,0.27,0.32,0,0,1,1
0.323,0.27,0.323,0,0,1,1
0.323,0.27,0.326,0,0,1,1
0.323,0.27,0.329,0,0,1,1
0.323,0.27,0.332,0,0,1,1
0.323,0.27,0.335,0,0,1,1
0.323,0.27,0.338,0,0,1,1
0.323,0.27,0.341,0,0,1,1
0.323,0.27,0.344,0,0,1,1
0.323,0.27,0.347,0,0,1,1
0.323,0.27,0.35,0,0,1,1
0.323,0.27,0.353,0,0,1,1
0.323,0.27,0.356,0,0,1,1
0.323,0.27,0.359,0,0,1,1
0.323,0.27,0.362,0,0,1,1
0.323,0.27,0.365,0,0,1,1
0.323,0.27,0.368,0,0,1,1
0.323,0.27,0.371,0,0,1,1
0.323,0.27,0.374,0,0,1,1
0.323,0.27,0.377,0,0,1,1
0.323,0.27,0.38,0,0,1,1
0.323,0.27,0.383,0,0,1,1
0.323,0.27,0.386,0,0,1,1
0.323,0.27,0.389,0,0,1,1
0.323,0.27,0.392,0,0,1,1
0.323,0.27,0.395,0,0,1,1
0.323,0.27,0.398,0,0,1,1
0.323,0.27,0.401,0,0,1,1
0.323,0.27,0.404,0,0,1,1
0.323,0.27,0.407,0,0,1,1
0.323,0.27,0.41,0,0,1,1
0.323,0.27,0.413,0,0,1,1
0.323,0.27,0.416,0,0,1,1
0.323,0.27,0.419,0,0,1,1
0.323,0.27,0.422,0,0,1,1
0.323,0.27,0.425,0,0,1,1
0.323,0.27,0.427999,0,0,1,1
0.323,0.27,0.430999,0,0,1,1
0.323,0.27,0.433999,0,0,1,1
0.323,0.27,0.436999,0,0,1,1
0.323,0.27,0.439999,0,0,1,1
0.326,0.27,0.26,0,0,1,1
0.326,0.27,0.263,0,0,1,1
0.326,0.27,0.266,0,0,1,1
0.326,0.27,0.269,0,0,1,1
0.326,0.27,0.272,0,0,1,1
0.326,0.27,0.275,0,0,1,1
0.326,0.27,0.278,0,0,1,1
0.326,0.27,0.281,0,0,1,1
0.326,0.27,0.284,0,0,1,1
0.326,0.27,0.287,0,0,1,1
0.326,0.27,0.29,0,0,1,1
0.326,0.27,0.293,0,0,1,1
0.326,0.27,0.296,0,0,1,1
0.326,0.27,0.299,0,0,1,1
0.326,0.27,0.302,0,0,1,1
0.326,0.27,0.305,0,0,1,1
0.326,0.27,0.308,0,0,1,1
0.326,0.27,0.311,0,0,1,1
0.326,0.27,0.314,0,0,1,1
0.326,0.27,0.317,0,0,1,1
0.326,0.27,0.32,0,0,1,1
0.326,0.27,0.323,0,0,1,1
0.326,0.27,0.326,0,0,1,1
0.326,0.27,0.329,0,0,1,1
0.326,0.27,0.332,0,0,1,1
0.326,0.27,0.335,0,0,1,1
0.326,0.27,0.338,0,0,1,1
0.326,0.27,0.341,0,0,1,1
0.326,0.27,0.344,0,0,1,1
0.326,0.27,0.347,0,0,1,1
0.326,0.27,0.35,0,0,1,1
0.326,0.27,0.353,0,0,1,1
0.326,0.27,0.356,0,0,1,1
0.326,0.27,0.359,0,0,1,1
0.326,0.27,0.362,0,0,1,1
0.326,0.27,0.365,0,0,1,1
0.326,0.27,0.368,0,0,1,1
0.326,0.27,0.371,0,0,1,1
0.326,0.27,0.374,0,0,1,1
0.326,0.27,0.377,0,0,1,1
0.326,0.27,0.38,0,0,1,1
0.326,0.27,0.383,0,0,1,1
0.326,0.27,0.386,0,0,1,1
0.326,0.27,0.389,0,0,1,1
0.326,0.27,0.392,0,0,1,1
0.326,0.27,0.395,0,0,1,1
0.326,0.27,0.398,0,0,1,1
0.326,0.27,0.401,0,0,1,1
0.326,0.27,0.404,0,0,1,1
0.326,0.27,0.407,0,0,1,1
0.326,0.27,0.41,0,0,1,1
0.326,0.27,0.413,0,0,1,1
0.326,0.27,0.416,0,0,1,1
0.326,0.27,0.419,0,0,1,1
0.326,0.27,0.422,0,0,1,1
0.326,0.27,0.425,0,0,1,1
0.326,0.27,0.427999,0,0,1,1
0.326,0.27,0.430999,0,0,1,1
0.326,0.27,0.433999,0,0,1,1
0.326,0.27,0.436999,0,0,1,1
0.326,0.27,0.439999,0,0,1,1
0.329,0.27,0.26,0,0,1,1
0.329,0.27,0.263,0,0,1,1
0.329,0.27,0.266,0,0,1,1
0.329,0.27,0.269,0,0,1,1
0.329,0.27,0.272,0,0,1,1
0.329,0.27,0.275,0,0,1,1
0.329,0.27,0.278,0,0,1,1
0.329,0.27,0.281,0,0,1,1
0.329,0.27,0.284,0,0,1,1
0.329,0.27,0.287,0,0,1,1
0.329,0.27,0.29,0,0,1,1
0.329,0.27,0.293,0,0,1,1
0.329,0.27,0.296,0,0,1,1
0.329,0.27,0.299,0,0,1,1
0.329,0.27,0.302,0,0,1,1
0.329,0.27,0.305,0,0,1,1
0.329,0.27,0.308,0,0,1,1
0.329,0.27,0.311,0,0,1,1
0.329,0.27,0.314,0,0,1,1
0.329,0.27,0.317,0,0,1,1
0.329,0.27,0.32,0,0,1,1
0.329,0.27,0.323,0,0,1,1
0.329,0.27,0.326,0,0,1,1
0.329,0.27,0.329,0,0,1,1
0.329,0.27,0.332,0,0,1,1
0.329,0.27,0.335,0,0,1,1
0.329,0.27,0.338,0,0,1,1
0.329,0.27,0.341,0,0,1,1
0.329,0.27,0.344,0,0,1,1
0.329,0.27,0.347,0,0,1,1
0.329,0.27,0.35,0,0,1,1
0.329,0.27,0.353,0,0,1,1
0.329,0.27,0.356,0,0,1,1
0.329,0.27,0.359,0,0,1,1
0.329,0.27,0.362,0,0,1,1
0.329,0.27,0.365,0,0,1,1
0.329,0.27,0.368,0,0,1,1
0.329,0.27,0.371,0,0,1,1
0.329,0.27,0.374,0,0,1,1
0.329,0.27,0.377,0,0,1,1
0.329,0.27,0.38,0,0,1,1
0.329,0.27,0.383,0,0,1,1
0.329,0.27,0.386,0,0,1,1
0.329,0.27,0.389,0,0,1,1
0.329,0.27,0.392,0,0,1,1
0.329,0.27,0.395,0,0,1,1
0.329,0.27,0.398,0,0,1,1
0.329,0.27,0.401,0,0,1,1
0.329,0.27,0.404,0,0,1,1
0.329,0.27,0.407,0,0,1,1
0.329,0.27,0.41,0,0,1,1
0.329,0.27,0.413,0,0,1,1
0.329,0.27,0.416,0,0,1,1
0.329,0.27,0.419,0,0,1,1
0.329,0.27,0.422,0,0,1,1
0.329,0.27,0.425,0,0,1,1
0.329,0.27,0.427999,0,0,1,1
0.329,0.27,0.430999,0,0,1,1
0.329,0.27,0.433999,0,0,1,1
0.329,0.27,0.436999,0,0,1,1
0.329,0.27,0.439999,0,0,1,1
0.332,0.27,0.26,0,0,1,1
0.332,0.27,0.263,0,0,1,1
0.332,0.27,0.266,0,0,1,1
0.332,0.27,0.269,0,0,1,1
0.332,0.27,0.272,0,0,1,1
0.332,0.27,0.275,0,0,1,1
0.332,0.27,0.278,0,0,1,1
0.332,0.27,0.281,0,0,1,1
0.332,0.27,0.284,0,0,1,1
0.332,0.27,0.287,0,0,1,1
0.332,0.27,0.29,0,0,1,1
0.332,0.27,0.293,0,0,1,1
0.332,0.27,0.296,0,0,1,1
0.332,0.27,0.299,0,0,1,1
0.332,0.27,0.302,0,0,1,1
0.332,0.27,0.305,0,0,1,1
0.332,0.27,0.308,0,0,1,1
0.332,0.27,0.311,0,0,1,1
0.332,0.27,0.314,0,0,1,1
0.332,0.27,0.317,0,0,1,1
0.332,0.27,0.32,0,0,1,1
0.332,0.27,0.323,0,0,1,1
0.332,0.27,0.326,0,0,1,1
0.332,0.27,0.329,0,0,1,1
0.332,0.27,0.332,0,0,1,1
0.332,0.27,0.335,0,0,1,1
0.332,0.27,0.338,0,0,1,1
0.332,0.27,0.341,0,0,1,1
0.332,0.27,0.344,0,0,1,1
0.332,0.27,0.347,0,0,1,1
0.332,0.27,0.35,0,0,1,1
0.332,0.27,0.353,0,0,1,1
0.332,0.27,0.356,0,0,1,1
0.332,0.27,0.359,0,0,1,1
0.332,0.27,0.362,0,0,1,1
0.332,0.27,0.365,0,0,1,1
0.332,0.27,0.368,0,0,1,1
0.332,0.27,0.371,0,0,1,1
0.332,0.27,0.374,0,0,1,1
0.332,0.27,0.377,0,0,1,1
0.332,0.27,0.38,0,0,1,1
0.332,0.27,0.383,0,0,1,1
0.332,0.27,0.386,0,0,1,1
0.332,0.27,0.389,0,0,1,1
0.332,0.27,0.392,0,0,1,1
0.332,0.27,0.395,0,0,1,1
0.332,0.27,0.398,0,0,1,1
0.332,0.27,0.401,0,0,1,1
0.332,0.27,0.404,0,0,1,1
0.332,0.27,0.407,0,0,1,1
0.332,0.27,0.41,0,0,1,1
0.332,0.27,0.413,0,0,1,1
0.332,0.27,0.416,0,0,1,1
0.332,0.27,0.419,0,0,1,1
0.332,0.27,0.422,0,0,1,1
0.332,0.27,0.425,0,0,1,1
0.332,0.27,0.427999,0,0,1,1
0.332,0.27,0.430999,0,0,1,1
0.332,0.27,0.433999,0,0,1,1
0.332,0.27,0.436999,0,0,1,1
0.332,0.27,0.439999,0,0,1,1
0.335,0.27,0.26,0,0,1,1
0.335,0.27,0.263,0,0,1,1
0.335,0.27,0.266,0,0,1,1
0.335,0.27,0.269,0,0,1,1
0.335,0.27,0.272,0,0,1,1
0.335,0.27,0.275,0,0,1,1
0.335,0.27,0.278,0,0,1,1
0.335,0.27,0.281,0,0,1,1
0.335,0.27,0.284,0,0,1,1
0.335,0.27,0.287,0,0,1,1
0.335,0.27,0.29,0,0,1,1
0.335,0.27,0.293,0,0,1,1
0.335,0.27,0.296,0,0,1,1
0.335,0.27,0.299,0,0,1,1
0.335,0.27,0.302,0,0,1,1
0.335,0.27,0.305,0,0,1,1
0.335,0.27,0.308,0,0,1,1
0.335,0.27,0.311,0,0,1,1
0.335,0.27,0.314,0,0,1,1
0.335,0.27,0.317,0,0,1,1
0.335,0.27,0.32,0,0,1,1
0.335,0.27,0.323,0,0,1,1
0.335,0.27,0.326,0,0,1,1
0.335,0.27,0.329,0,0,1,1
0.335,0.27,0.332,0,0,1,1
0.335,0.27,0.335,0,0,1,1
0.335,0.27,0.338,0,0,1,1
0.335,0.27,0.341,0,0,1,1
0.335,0.27,0.344,0,0,1,1
0.335,0.27,0.347,0,0,1,1
0.335,0.27,0.35,0,0,1,1
0.335,0.27,0.353,0,0,1,1
0.335,0.27,0.356,0,0,1,1
0.335,0.27,0.359,0,0,1,1
0.335,0.27,0.362,0,0,1,1
0.335,0.27,0.365,0,0,1,1
0.335,0.27,0.368,0,0,1,1
0.335,0.27,0.371,0,0,1,1
0.335,0.27,0.374,0,0,1,1
0.335,0.27,0.377,0,0,1,1
0.335,0.27,0.38,0,0,1,1
0.335,0.27,0.383,0,0,1,1
0.335,0.27,0.386,0,0,1,1
0.335,0.27,0.389,0,0,1,1
0.335,0.27,0.392,0,0,1,1
0.335,0.27,0.395,0,0,1,1
0.335,0.27,0.398,0,0,1,1
0.335,0.27,0.401,0,0,1,1
0.335,0.27,0.404,0,0,1,1
0.335,0.27,0.407,0,0,1,1
0.335,0.27,0.41,0,0,1,1
0.335,0.27,0.413,0,0,1,1
0.335,0.27,0.416,0,0,1,1
0.335,0.27,0.419,0,0,1,1
0.335,0.27,0.422,0,0,1,1
0.335,0.27,0.425,0,0,1,1
0.335,0.27,0.427999,0,0,1,1
0.335,0.27,0.430999,0,0,1,1
0.335,0.27,0.433999,0,0,1,1
0.335,0.27,0.436999,0,0,1,1
0.335,0.27,0.439999,0,0,1,1
0.338,0.27,0.26,0,0,1,1
0.338,0.27,0.263,0,0,1,1
0.338,0.27,0.266,0,0,1,1
0.338,0.27,0.269,0,0,1,1
0.338,0.27,0.272,0,0,1,1
0.338,0.27,0.275,0,0,1,1
0.338,0.27,0.278,0,0,1,1
0.338,0.27,0.281,0,0,1,1
0.338,0.27,0.284,0,0,1,1
0.338,0.27,0.287,0,0,1,1
0.338,0.27,0.29,0,0,1,1
0.338,0.27,0.293,0,0,1,1
0.338,0.27,0.296,0,0,1,1
0.338,0.27,0.299,0,0,1,1
0.338,0.27,0.302,0,0,1,1
0.338,0.27,0.305,0,0,1,1
0.338,0.27,0.308,0,0,1,1
0.338,0.27,0.311,0,0,1,1
0.338,0.27,0.314,0,0,1,1
0.338,0.27,0.317,0,0,1,1
0.338,0.27,0.32,0,0,1,1
0.338,0.27,0.323,0,0,1,1
0.338,0.27,0.326,0,0,1,1
0.338,0.27,0.329,0,0,1,1
0.338,0.27,0.332,0,0,1,1
0.338,0.27,0.335,0,0,1,1
0.338,0.27,0.338,0,0,1,1
0.338,0.27,0.341,0,0,1,1
0.338,0.27,0.344,0,0,1,1
0.338,0.27,0.347,0,0,1,1
0.338,0.27,0.35,0,0,1,1
0.338,0.27,0.353,0,0,1,1
0.338,0.27,0.356,0,0,1,1
0.338,0.27,0.359,0,0,1,1
0.338,0.27,0.362,0,0,1,1
0.338,0.27,0.365,0,0,1,1
0.338,0.27,0.368,0,0,1,1
0.338,0.27,0.371,0,0,1,1
0.338,0.27,0.374,0,0,1,1
0.338,0.27,0.377,0,0,1,1
0.338,0.27,0.38,0,0,1,1
0.338,0.27,0.383,0,0,1,1
0.338,0.27,0.386,0,0,1,1
0.338,0.27,0.389,0,0,1,1
0.338,0.27,0.392,0,0,1,1
0.338,0.27,0.395,0,0,1,1
0.338,0.27,0.398,0,0,1,1
0.338,0.27,0.401,0,0,1,1
0.338,0.27,0.404,0,0,1,1
0.338,0.27,0.407,0,0,1,1
0.338,0.27,0.41,0,0,1,1
0.338,0.27,0.413,0,0,1,1
0.338,0.27,0.416,0,0,1,1
0.338,0.27,0.419,0,0,1,1
0.338,0.27,0.422,0,0,1,1
0.338,0.27,0.425,0,0,1,1
0.338,0.27,0.427999,0,0,1,1
0.338,0.27,0.430999,0,0,1,1
0.338,0.27,0.433999,0,0,1,1
0.338,0.27,0.436999,0,0,1,1
0.338,0.27,0.439999,0,0,1,1
0.341,0.27,0.26,0,0,1,1
0.341,0.27,0.263,0,0,1,1
0.341,0.27,0.266,0,0,1,1
0.341,0.27,0.269,0,0,1,1
0.341,0.27,0.272,0,0,1,1
0.341,0.27,0.275,0,0,1,1
0.341,0.27,0.278,0,0,1,1
0.341,0.27,0.281,0,0,1,1
0.341,0.27,0.284,0,0,1,1
0.341,0.27,0.287,0,0,1,1
0.341,0.27,0.29,0,0,1,1
0.341,0.27,0.293,0,0,1,1
0.341,0.27,0.296,0,0,1,1
0.341,0.27,0.299,0,0,1,1
0.341,0.27,0.302,0,0,1,1
0.341,0.27,0.305,0,0,1,1
0.341,0.27,0.308,0,0,1,1
0.341,0.27,0.311,0,0,1,1
0.341,0.27,0.314,0,0,1,1
0.341,0.27,0.317,0,0,1,1
0.341,0.27,0.32,0,0,1,1
0.341,0.27,0.323,0,0,1,1
0.341,0.27,0.326,0,0,1,1
0.341,0.27,0.329,0,0,1,1
0.341,0.27,0.332,0,0,1,1
0.341,0.27,0.335,0,0,1,1
0.341,0.27,0.338,0,0,1,1
0.341,0.27,0.341,0,0,1,1
0.341,0.27,0.344,0,0,1,1
0.341,0.27,0.347,0,0,1,1
0.341,0.27,0.35,0,0,1,1
0.341,0.27,0.353,0,0,1,1
0.341,0.27,0.356,0,0,1,1
0.341,0.27,0.359,0,0,1,1
0.341,0.27,0.362,0,0,1,1
0.341,0.27,0.365,0,0,1,1
0.341,0.27,0.368,0,0,1,1
0.341,0.27,0.371,0,0,1,1
0.341,0.27,0.374,0,0,1,1
0.341,0.27,0.377,0,0,1,1
0.341,0.27,0.38,0,0,1,1
0.341,0.27,0.383,0,0,1,1
0.341,0.27,0.386,0,0,1,1
0.341,0.27,0.389,0,0,1,1
0.341,0.27,0.392,0,0,1,1
0.341,0.27,0.395,0,0,1,1
0.341,0.27,0.398,0,0,1,1
0.341,0.27,0.401,0,0,1,1
0.341,0.27,0.404,0,0,1,1
0.341,0.27,0.407,0,0,1,1
0.341,0.27,0.41,0,0,1,1
0.341,0.27,0.413,0,0,1,1
0.341,0.27,0.416,0,0,1,1
0.341,0.27,0.419,0,0,1,1
0.341,0.27,0.422,0,0,1,1
0.341,0.27,0.425,0,0,1,1
0.341,0.27,0.427999,0,0,1,1
0.341,0.27,0.430999,0,0,1,1
0.341,0.27,0.433999,0,0,1,1
0.341,0.27,0.436999,0,0,1,1
0.341,0.27,0.439999,0,0,1,1
0.14,0.41,0.26,0,0,1,1
0.143,0.41,0.26,0,0,1,1
0.146,0.41,0.26,0,0,1,1
0.149,0.41,0.26,0,0,1,1
0.152,0.41,0.26,0,0,1,1
0.155,0.41,0.26,0,0,1,1
0.158,0.41,0.26,0,0,1,1
0.161,0.41,0.26,0,0,1,1
0.164,0.41,0.26,0,0,1,1
0.167,0.41,0.26,0,0,1,1
0.17,0.41,0.26,0,0,1,1
0.173,0.41,0.26,0,0,1,1
0.176,0.41,0.26,0,0,1,1
0.179,0.41,0.26,0,0,1,1
0.182,0.41,0.26,0,0,1,1
0.185,0.41,0.26,0,0,1,1
0.188,0.41,0.26,0,0,1,1
0.191,0.41,0.26,0,0,1,1
0.194,0.41,0.26,0,0,1,1
0.197,0.41,0.26,0,0,1,1
0.2,0.41,0.26,0,0,1,1
0.203,0.41,0.26,0,0,1,1
0.206,0.41,0.26,0,0,1,1
0.209,0.41,0.26,0,0,1,1
0.212,0.41,0.26,0,0,1,1
0.215,0.41,0.26,0,0,1,1
0.218,0.41,0.26,0,0,1,1
0.221,0.41,0.26,0,0,1,1
0.224,0.41,0.26,0,0,1,1
0.227,0.41,0.26,0,0,1,1
0.23,0.41,0.26,0,0,1,1
0.233,0.41,0.26,0,0,1,1
0.236,0.41,0.26,0,0,1,1
0.239,0.41,0.26,0,0,1,1
0.242,0.41,0.26,0,0,1,1
0.245,0.41,0.26,0,0,1,1
0.248,0.41,0.26,0,0,1,1
0.251,0.41,0.26,0,0,1,1
0.254,0.41,0.26,0,0,1,1
0.257,0.41,0.26,0,0,1,1
0.26,0.41,0.26,0,0,1,1
0.263,0.41,0.26,0,0,1,1
0.266,0.41,0.26,0,0,1,1
0.269,0.41,0.26,0,0,1,1
0.272,0.41,0.26,0,0,1,1
0.275,0.41,0.26,0,0,1,1
0.278,0.41,0.26,0,0,1,1
0.281,0.41,0.26,0,0,1,1
0.284,0.41,0.26,0,0,1,1
0.287,0.41,0.26,0,0,1,1
0.29,0.41,0.26,0,0,1,1
0.293,0.41,0.26,0,0,1,1
0.296,0.41,0.26,0,0,1,1
0.299,0.41,0.26,0,0,1,1
0.302,0.41,0.26,0,0,1,1
0.305,0.41,0.26,0,0,1,1
0.308,0.41,0.26,0,0,1,1
0.311,0.41,0.26,0,0,1,1
0.314,0.41,0.26,0,0,1,1
0.317,0.41,0.26,0,0,1,1
0.32,0.41,0.26,0,0,1,1
0.323,0.41,0.26,0,0,1,1
0.326,0.41,0.26,0,0,1,1
0.329,0.41,0.26,0,0,1,1
0.332,0.41,0.26,0,0,1,1
0.335,0.41,0.26,0,0,1,1
0.338,0.41,0.26,0,0,1,1
0.341,0.41,0.26,0,0,1,1
0.14,0.407,0.26,0,0,1,1
0.143,0.407,0.26,0,0,1,1
0.146,0.407,0.26,0,0,1,1
0.149,0.407,0.26,0,0,1,1
0.152,0.407,0.26,0,0,1,1
0.155,0.407,0.26,0,0,1,1
0.158,0.407,0.26,0,0,1,1
0.161,0.407,0.26,0,0,1,1
0.164,0.407,0.26,0,0,1,1
0.167,0.407,0.26,0,0,1,1
0.17,0.407,0.26,0,0,1,1
0.173,0.407,0.26,0,0,1,1
0.176,0.407,0.26,0,0,1,1
0.179,0.407,0.26,0,0,1,1
0.182,0.407,0.26,0,0,1,1
0.185,0.407,0.26,0,0,1,1
0.188,0.407,0.26,0,0,1,1
0.191,0.407,0.26,0,0,1,1
0.194,0.407,0.26,0,0,1,1
0.197,0.407,0.26,0,0,1,1
0.2,0.407,0.26,0,0,1,1
0.203,0.407,0.26,0,0,1,1
0.206,0.407,0.26,0,0,1,1
0.209,0.407,0.26,0,0,1,1
0.212,0.407,0.26,0,0,1,1
0.215,0.407,0.26,0,0,1,1
0.218,0.407,0.26,0,0,1,1
0.221,0.407,0.26,0,0,1,1
0.224,0.407,0.26,0,0,1,1
0.227,0.407,0.26,0,0,1,1
0.23,0.407,0.26,0,0,1,1
0.233,0.407,0.26,0,0,1,1
0.236,0.407,0.26,0,0,1,1
0.239,0.407,0.26,0,0,1,1
0.242,0.407,0.26,0,0,1,1
0.245,0.407,0.26,0,0,1,1
0.248,0.407,0.26,0,0,1,1
0.251,0.407,0.26,0,0,1,1
0.254,0.407,0.26,0,0,1,1
0.257,0.407,0.26,0,0,1,1
0.26,0.407,0.26,0,0,1,1
0.263,0.407,0.26,0,0,1,1
0.266,0.407,0.26,0,0,1,1
0.269,0.407,0.26,0,0,1,1
0.272,0.407,0.26,0,0,1,1
0.275,0.407,0.26,0,0,1,1
0.278,0.407,0.26,0,0,1,1
0.281,0.407,0.26,0,0,1,1
0.284,0.407,0.26,0,0,1,1
0.287,0.407,0.26,0,0,1,1
0.29,0.407,0.26,0,0,1,1
0.293,0.407,0.26,0,0,1,1
0.296,0.407,0.26,0,0,1,1
0.299,0.407,0.26,0,0,1,1
0.302,0.407,0.26,0,0,1,1
0.305,0.407,0.26,0,0,1,1
0.308,0.407,0.26,0,0,1,1
0.311,0.407,0.26,0,0,1,1
0.314,0.407,0.26,0,0,1,1
0.317,0.407,0.26,0,0,1,1
0.32,0.407,0.26,0,0,1,1
0.323,0.407,0.26,0,0,1,1
0.326,0.407,0.26,0,0,1,1
0.329,0.407,0.26,0,0,1,1
0.332,0.407,0.26,0,0,1,1
0.335,0.407,0.26,0,0,1,1
0.338,0.407,0.26,0,0,1,1
0.341,0.407,0.26,0,0,1,1
0.14,0.404,0.26,0,0,1,1
0.143,0.404,0.26,0,0,1,1
0.146,0.404,0.26,0,0,1,1
0.149,0.404,0.26,0,0,1,1
0.152,0.404,0.26,0,0,1,1
0.155,0.404,0.26,0,0,1,1
0.158,0.404,0.26,0,0,1,1
0.161,0.404,0.26,0,0,1,1
0.164,0.404,0.26,0,0,1,1
0.167,0.404,0.26,0,0,1,1
0.17,0.404,0.26,0,0,1,1
0.173,0.404,0.26,0,0,1,1
0.176,0.404,0.26,0,0,1,1
0.179,0.404,0.26,0,0,1,1
0.182,0.404,0.26,0,0,1,1
0.185,0.404,0.26,0,0,1,1
0.188,0.404,0.26,0,0,1,1
0.191,0.404,0.26,0,0,1,1
0.194,0.404,0.26,0,0,1,1
0.197,0.404,0.26,0,0,1,1
0.2,0.404,0.26,0,0,1,1
0.203,0.404,0.26,0,0,1,1
0.206,0.404,0.26,0,0,1,1
0.209,0.404,0.26,0,0,1,1
0.212,0.404,0.26,0,0,1,1
0.215,0.404,0.26,0,0,1,1
0.218,0.404,0.26,0,0,1,1
0.221,0.404,0.26,0,0,1,1
0.224,0.404,0.26,0,0,1,1
0.227,0.404,0.26,0,0,1,1
0.23,0.404,0.26,0,0,1,1
0.233,0.404,0.26,0,0,1,1
0.236,0.404,0.26,0,0,1,1
0.239,0.404,0.26,0,0,1,1
0.242,0.404,0.26,0,0,1,1
0.245,0.404,0.26,0,0,1,1
0.248,0.404,0.26,0,0,1,1
0.251,0.404,0.26,0,0,1,1
0.254,0.404,0.26,0,0,1,1
0.257,0.404,0.26,0,0,1,1
0.26,0.404,0.26,0,0,1,1
0.263,0.404,0.26,0,0,1,1
0.266,0.404,0.26,0,0,1,1
0.269,0.404,0.26,0,0,1,1
0.272,0.404,0.26,0,0,1,1
0.275,0.404,0.26,0,0,1,1
0.278,0.404,0.26,0,0,1,1
0.281,0.404,0.26,0,0,1,1
0.284,0.404,0.26,0,0,1,1
0.287,0.404,0.26,0,0,1,1
0.29,0.404,0.26,0,0,1,1
0.293,0.404,0.26,0,0,1,1
0.296,0.404,0.26,0,0,1,1
0.299,0.404,0.26,0,0,1,1
0.302,0.404,0.26,0,0,1,1
0.305,0.404,0.26,0,0,1,1
0.308,0.404,0.26,0,0,1,1
0.311,0.404,0.26,0,0,1,1
0.314,0.404,0.26,0,0,1,1
0.317,0.404,0.26,0,0,1,1
0.32,0.404,0.26,0,0,1,1
0.323,0.404,0.26,0,0,1,1
0.326,0.404,0.26,0,0,1,1
0.329,0.404,0.26,0,0,1,1
0.332,0.404,0.26,0,0,1,1
0.335,0.404,0.26,0,0,1,1
0.338,0.404,0.26,0,0,1,1
0.341,0.404,0.26,0,0,1,1
0.14,0.401,0.26,0,0,1,1
0.143,0.401,0.26,0,0,1,1
0.146,0.401,0.26,0,0,1,1
0.149,0.401,0.26,0,0,1,1
0.152,0.401,0.26,0,0,1,1
0.155,0.401,0.26,0,0,1,1
0.158,0.401,0.26,0,0,1,1
0.161,0.401,0.26,0,0,1,1
0.164,0.401,0.26,0,0,1,1
0.167,0.401,0.26,0,0,1,1
0.17,0.401,0.26,0,0,1,1
0.173,0.401,0.26,0,0,1,1
0.176,0.401,0.26,0,0,1,1
0.179,0.401,0.26,0,0,1,1
0.182,0.401,0.26,0,0,1,1
0.185,0.401,0.26,0,0,1,1
0.188,0.401,0.26,0,0,1,1
0.191,0.401,0.26,0,0,1,1
0.194,0.401,0.26,0,0,1,1
0.197,0.401,0.26,0,0,1,1
0.2,0.401,0.26,0,0,1,1
0.203,0.401,0.26,0,0,1,1
0.206,0.401,0.26,0,0,1,1
0.209,0.401,0.26,0,0,1,1
0.212,0.401,0.26,0,0,1,1
0.215,0.401,0.26,0,0,1,1
0.218,0.401,0.26,0,0,1,1
0.221,0.401,0.26,0,0,1,1
0.224,0.401,0.26,0,0,1,1
0.227,0.401,0.26,0,0,1,1
0.23,0.401,0.26,0,0,1,1
0.233,0.401,0.26,0,0,1,1
0.236,0.401,0.26,0,0,1,1
0.239,0.401,0.26,0,0,1,1
0.242,0.401,0.26,0,0,1,1
0.245,0.401,0.26,0,0,1,1
0.248,0.401,0.26,0,0,1,1
0.251,0.401,0.26,0,0,1,1
0.254,0.401,0.26,0,0,1,1
0.257,0.401,0.26,0,0,1,1
0.26,0.401,0.26,0,0,1,1
0.263,0.401,0.26,0,0,1,1
0.266,0.401,0.26,0,0,1,1
0.269,0.401,0.26,0,0,1,1
0.272,0.401,0.26,0,0,1,1
0.275,0.401,0.26,0,0,1,1
0.278,0.401,0.26,0,0,1,1
0.281,0.401,0.26,0,0,1,1
0.284,0.401,0.26,0,0,1,1
0.287,0.401,0.26,0,0,1,1
0.29,0.401,0.26,0,0,1,1
0.293,0.401,0.26,0,0,1,1
0.296,0.401,0.26,0,0,1,1
0.299,0.401,0.26,0,0,1,1
0.302,0.401,0.26,0,0,1,1
0.305,0.401,0.26,0,0,1,1
0.308,0.401,0.26,0,0,1,1
0.311,0.401,0.26,0,0,1,1
0.314,0.401,0.26,0,0,1,1
0.317,0.401,0.26,0,0,1,1
0.32,0.401,0.26,0,0,1,1
0.323,0.401,0.26,0,0,1,1
0.326,0.401,0.26,0,0,1,1
0.329,0.401,0.26,0,0,1,1
0.332,0.401,0.26,0,0,1,1
0.335,0.401,0.26,0,0,1,1
0.338,0.401,0.26,0,0,1,1
0.341,0.401,0.26,0,0,1,1
0.14,0.398,0.26,0,0,1,1
0.143,0.398,0.26,0,0,1,1
0.146,0.398,0.26,0,0,1,1
0.149,0.398,0.26,0,0,1,1
0.152,0.398,0.26,0,0,1,1
0.155,0.398,0.26,0,0,1,1
0.158,0.398,0.26,0,0,1,1
0.161,0.398,0.26,0,0,1,1
0.164,0.398,0.26,0,0,1,1
0.167,0.398,0.26,0,0,1,1
0.17,0.398,0.26,0,0,1,1
0.173,0.398,0.26,0,0,1,1
0.176,0.398,0.26,0,0,1,1
0.179,0.398,0.26,0,0,1,1
0.182,0.398,0.26,0,0,1,1
0.185,0.398,0.26,0,0,1,1
0.188,0.398,0.26,0,0,1,1
0.191,0.398,0.26,0,0,1,1
0.194,0.398,0.26,0,0,1,1
0.197,0.398,0.26,0,0,1,1
0.2,0.398,0.26,0,0,1,1
0.203,0.398,0.26,0,0,1,1
0.206,0.398,0.26,0,0,1,1
0.209,0.398,0.26,0,0,1,1
0.212,0.398,0.26,0,0,1,1
0.215,0.398,0.26,0,0,1,1
0.218,0.398,0.26,0,0,1,1
0.221,0.398,0.26,0,0,1,1
0.224,0.398,0.26,0,0,1,1
0.227,0.398,0.26,0,0,1,1
0.23,0.398,0.26,0,0,1,1
0.233,0.398,0.26,0,0,1,1
0.236,0.398,0.26,0,0,1,1
0.239,0.398,0.26,0,0,1,1
0.242,0.398,0.26,0,0,1,1
0.245,0.398,0.26,0,0,1,1
0.248,0.398,0.26,0,0,1,1
0.251,0.398,0.26,0,0,1,1
0.254,0.398,0.26,0,0,1,1
0.257,0.398,0.26,0,0,1,1
0.26,0.398,0.26,0,0,1,1
0.263,0.398,0.26,0,0,1,1
0.266,0.398,0.26,0,0,1,1
0.269,0.398,0.26,0,0,1,1
0.272,0.398,0.26,0,0,1,1
0.275,0.398,0.26,0,0,1,1
0.278,0.398,0.26,0,0,1,1
0.281,0.398,0.26,0,0,1,1
0.284,0.398,0.26,0,0,1,1
0.287,0.398,0.26,0,0,1,1
0.29,0.398,0.26,0,0,1,1
0.293,0.398,0.26,0,0,1,1
0.296,0.398,0.26,0,0,1,1
0.299,0.398,0.26,0,0,1,1
0.302,0.398,0.26,0,0,1,1
0.305,0.398,0.26,0,0,1,1
0.308,0.398,0.26,0,0,1,1
0.311,0.398,0.26,0,0,1,1
0.314,0.398,0.26,0,0,1,1
0.317,0.398,0.26,0,0,1,1
0.32,0.398,0.26,0,0,1,1
0.323,0.398,0.26,0,0,1,1
0.326,0.398,0.26,0,0,1,1
0.329,0.398,0.26,0,0,1,1
0.332,0.398,0.26,0,0,1,1
0.335,0.398,0.26,0,0,1,1
0.338,0.398,0.26,0,0,1,1
0.341,0.398,0.26,0,0,1,1
0.14,0.395,0.26,0,0,1,1
0.143,0.395,0.26,0,0,1,1
0.146,0.395,0.26,0,0,1,1
0.149,0.395,0.26,0,0,1,1
0.152,0.395,0.26,0,0,1,1
0.155,0.395,0.26,0,0,1,1
0.158,0.395,0.26,0,0,1,1
0.161,0.395,0.26,0,0,1,1
0.164,0.395,0.26,0,0,1,1
0.167,0.395,0.26,0,0,1,1
0.17,0.395,0.26,0,0,1,1
0.173,0.395,0.26,0,0,1,1
0.176,0.395,0.26,0,0,1,1
0.179,0.395,0.26,0,0,1,1
0.182,0.395,0.26,0,0,1,1
0.185,0.395,0.26,0,0,1,1
0.188,0.395,0.26,0,0,1,1
0.191,0.395,0.26,0,0,1,1
0.194,0.395,0.26,0,0,1,1
0.197,0.395,0.26,0,0,1,1
0.2,0.395,0.26,0,0,1,1
0.203,0.395,0.26,0,0,1,1
0.206,0.395,0.26,0,0,1,1
0.209,0.395,0.26,0,0,1,1
0.212,0.395,0.26,0,0,1,1
0.215,0.395,0.26,0,0,1,1
0.218,0.395,0.26,0,0,1,1
0.221,0.395,0.26,0,0,1,1
0.224,0.395,0.26,0,0,1,1
0.227,0.395,0.26,0,0,1,1
0.23,0.395,0.26,0,0,1,1
0.233,0.395,0.26,0,0,1,1
0.236,0.395,0.26,0,0,1,1
0.239,0.395,0.26,0,0,1,1
0.242,0.395,0.26,0,0,1,1
0.245,0.395,0.26,0,0,1,1
0.248,0.395,0.26,0,0,1,1
0.251,0.395,0.26,0,0,1,1
0.254,0.395,0.26,0,0,1,1
0.257,0.395,0.26,0,0,1,1
0.26,0.395,0.26,0,0,1,1
0.263,0.395,0.26,0,0,1,1
0.266,0.395,0.26,0,0,1,1
0.269,0.395,0.26,0,0,1,1
0.272,0.395,0.26,0,0,1,1
0.275,0.395,0.26,0,0,1,1
0.278,0.395,0.26,0,0,1,1
0.281,0.395,0.26,0,0,1,1
0.284,0.395,0.26,0,0,1,1
0.287,0.395,0.26,0,0,1,1
0.29,0.395,0.26,0,0,1,1
0.293,0.395,0.26,0,0,1,1
0.296,0.395,0.26,0,0,1,1
0.299,0.395,0.26,0,0,1,1
0.302,0.395,0.26,0,0,1,1
0.305,0.395,0.26,0,0,1,1
0.308,0.395,0.26,0,0,1,1
0.311,0.395,0.26,0,0,1,1
0.314,0.395,0.26,0,0,1,1
0.317,0.395,0.26,0,0,1,1
0.32,0.395,0.26,0,0,1,1
0.323,0.395,0.26,0,0,1,1
0.326,0.395,0.26,0,0,1,1
0.329,0.395,0.26,0,0,1,1
0.332,0.395,0.26,0,0,1,1
0.335,0.395,0.26,0,0,1,1
0.338,0.395,0.26,0,0,1,1
0.341,0.395,0.26,0,0,1,1
0.14,0.392,0.26,0,0,1,1
0.143,0.392,0.26,0,0,1,1
0.146,0.392,0.26,0,0,1,1
0.149,0.392,0.26,0,0,1,1
0.152,0.392,0.26,0,0,1,1
0.155,0.392,0.26,0,0,1,1
0.158,0.392,0.26,0,0,1,1
0.161,0.392,0.26,0,0,1,1
0.164,0.392,0.26,0,0,1,1
0.167,0.392,0.26,0,0,1,1
0.17,0.392,0.26,0,0,1,1
0.173,0.392,0.26,0,0,1,1
0.176,0.392,0.26,0,0,1,1
0.179,0.392,0.26,0,0,1,1
0.182,0.392,0.26,0,0,1,1
0.185,0.392,0.26,0,0,1,1
0.188,0.392,0.26,0,0,1,1
0.191,0.392,0.26,0,0,1,1
0.194,0.392,0.26,0,0,1,1
0.197,0.392,0.26,0,0,1,1
0.2,0.392,0.26,0,0,1,1
0.203,0.392,0.26,0,0,1,1
0.206,0.392,0.26,0,0,1,1
0.209,0.392,0.26,0,0,1,1
0.212,0.392,0.26,0,0,1,1
0.215,0.392,0.26,0,0,1,1
0.218,0.392,0.26,0,0,1,1
0.221,0.392,0.26,0,0,1,1
0.224,0.392,0.26,0,0,1,1
0.227,0.392,0.26,0,0,1,1
0.23,0.392,0.26,0,0,1,1
0.233,0.392,0.26,0,0,1,1
0.236,0.392,0.26,0,0,1,1
0.239,0.392,0.26,0,0,1,1
0.242,0.392,0.26,0,0,1,1
0.245,0.392,0.26,0,0,1,1
0.248,0.392,0.26,0,0,1,1
0.251,0.392,0.26,0,0,1,1
0.254,0.392,0.26,0,0,1,1
0.257,0.392,0.26,0,0,1,1
0.26,0.392,0.26,0,0,1,1
0.263,0.392,0.26,0,0,1,1
0.266,0.392,0.26,0,0,1,1
0.269,0.392,0.26,0,0,1,1
0.272,0.392,0.26,0,0,1,1
0.275,0.392,0.26,0,0,1,1
0.278,0.392,0.26,0,0,1,1
0.281,0.392,0.26,0,0,1,1
0.284,0.392,0.26,0,0,1,1
0.287,0.392,0.26,0,0,1,1
0.29,0.392,0.26,0,0,1,1
0.293,0.392,0.26,0,0,1,1
0.296,0.392,0.26,0,0,1,1
0.299,0.392,0.26,0,0,1,1
0.302,0.392,0.26,0,0,1,1
0.305,0.392,0.26,0,0,1,1
0.308,0.392,0.26,0,0,1,1
0.311,0.392,0.26,0,0,1,1
0.314,0.392,0.26,0,0,1,1
0.317,0.392,0.26,0,0,1,1
0.32,0.392,0.26,0,0,1,1
0.323,0.392,0.26,0,0,1,1
0.326,0.392,0.26,0,0,1,1
0.329,0.392,0.26,0,0,1,1
0.332,0.392,0.26,0,0,1,1
0.335,0.392,0.26,0,0,1,1
0.338,0.392,0.26,0,0,1,1
0.341,0.392,0.26,0,0,1,1
0.14,0.389,0.26,0,0,1,1
0.143,0.389,0.26,0,0,1,1
0.146,0.389,0.26,0,0,1,1
0.149,0.389,0.26,0,0,1,1
0.152,0.389,0.26,0,0,1,1
0.155,0.389,0.26,0,0,1,1
0.158,0.389,0.26,0,0,1,1
0.161,0.389,0.26,0,0,1,1
0.164,0.389,0.26,0,0,1,1
0.167,0.389,0.26,0,0,1,1
0.17,0.389,0.26,0,0,1,1
0.173,0.389,0.26,0,0,1,1
0.176,0.389,0.26,0,0,1,1
0.179,0.389,0.26,0,0,1,1
0.182,0.389,0.26,0,0,1,1
0.185,0.389,0.26,0,0,1,1
0.188,0.389,0.26,0,0,1,1
0.191,0.389,0.26,0,0,1,1
0.194,0.389,0.26,0,0,1,1
0.197,0.389,0.26,0,0,1,1
0.2,0.389,0.26,0,0,1,1
0.203,0.389,0.26,0,0,1,1
0.206,0.389,0.26,0,0,1,1
0.209,0.389,0.26,0,0,1,1
0.212,0.389,0.26,0,0,1,1
0.215,0.389,0.26,0,0,1,1
0.218,0.389,0.26,0,0,1,1
0.221,0.389,0.26,0,0,1,1
0.224,0.389,0.26,0,0,1,1
0.227,0.389,0.26,0,0,1,1
0.23,0.389,0.26,0,0,1,1
0.233,0.389,0.26,0,0,1,1
0.236,0.389,0.26,0,0,1,1
0.239,0.389,0.26,0,0,1,1
0.242,0.389,0.26,0,0,1,1
0.245,0.389,0.26,0,0,1,1
0.248,0.389,0.26,0,0,1,1
0.251,0.389,0.26,0,0,1,1
0.254,0.389,0.26,0,0,1,1
0.257,0.389,0.26,0,0,1,1
0.26,0.389,0.26,0,0,1,1
0.263,0.389,0.26,0,0,1,1
0.266,0.389,0.26,0,0,1,1
0.269,0.389,0.26,0,0,1,1
0.272,0.389,0.26,0,0,1,1
0.275,0.389,0.26,0,0,1,1
0.278,0.389,0.26,0,0,1,1
0.281,0.389,0.26,0,0,1,1
0.284,0.389,0.26,0,0,1,1
0.287,0.389,0.26,0,0,1,1
0.29,0.389,0.26,0,0,1,1
0.293,0.389,0.26,0,0,1,1
0.296,0.389,0.26,0,0,1,1
0.299,0.389,0.26,0,0,1,1
0.302,0.389,0.26,0,0,1,1
0.305,0.389,0.26,0,0,1,1
0.308,0.389,0.26,0,0,1,1
0.311,0.389,0.26,0,0,1,1
0.314,0.389,0.26,0,0,1,1
0.317,0.389,0.26,0,0,1,1
0.32,0.389,0.26,0,0,1,1
0.323,0.389,0.26,0,0,1,1
0.326,0.389,0.26,0,0,1,1
0.329,0.389,0.26,0,0,1,1
0.332,0.389,0.26,0,0,1,1
0.335,0.389,0.26,0,0,1,1
0.338,0.389,0.26,0,0,1,1
0.341,0.389,0.26,0,0,1,1
0.14,0.386,0.26,0,0,1,1
0.143,0.386,0.26,0,0,1,1
0.146,0.386,0.26,0,0,1,1
0.149,0.386,0.26,0,0,1,1
0.152,0.386,0.26,0,0,1,1
0.155,0.386,0.26,0,0,1,1
0.158,0.386,0.26,0,0,1,1
0.161,0.386,0.26,0,0,1,1
0.164,0.386,0.26,0,0,1,1
0.167,0.386,0.26,0,0,1,1
0.17,0.386,0.26,0,0,1,1
0.173,0.386,0.26,0,0,1,1
0.176,0.386,0.26,0,0,1,1
0.179,0.386,0.26,0,0,1,1
0.182,0.386,0.26,0,0,1,1
0.185,0.386,0.26,0,0,1,1
0.188,0.386,0.26,0,0,1,1
0.191,0.386,0.26,0,0,1,1
0.194,0.386,0.26,0,0,1,1
0.197,0.386,0.26,0,0,1,1
0.2,0.386,0.26,0,0,1,1
0.203,0.386,0.26,0,0,1,1
0.206,0.386,0.26,0,0,1,1
0.209,0.386,0.26,0,0,1,1
0.212,0.386,0.26,0,0,1,1
0.215,0.386,0.26,0,0,1,1
0.218,0.386,0.26,0,0,1,1
0.221,0.386,0.26,0,0,1,1
0.224,0.386,0.26,0,0,1,1
0.227,0.386,0.26,0,0,1,1
0.23,0.386,0.26,0,0,1,1
0.233,0.386,0.26,0,0,1,1
0.236,0.386,0.26,0,0,1,1
0.239,0.386,0.26,0,0,1,1
0.242,0.386,0.26,0,0,1,1
0.245,0.386,0.26,0,0,1,1
0.248,0.386,0.26,0,0,1,1
0.251,0.386,0.26,0,0,1,1
0.254,0.386,0.26,0,0,1,1
0.257,0.386,0.26,0,0,1,1
0.26,0.386,0.26,0,0,1,1
0.263,0.386,0.26,0,0,1,1
0.266,0.386,0.26,0,0,1,1
0.269,0.386,0.26,0,0,1,1
0.272,0.386,0.26,0,0,1,1
0.275,0.386,0.26,0,0,1,1
0.278,0.386,0.26,0,0,1,1
0.281,0.386,0.26,0,0,1,1
0.284,0.386,0.26,0,0,1,1
0.287,0.386,0.26,0,0,1,1
0.29,0.386,0.26,0,0,1,1
0.293,0.386,0.26,0,0,1,1
0.296,0.386,0.26,0,0,1,1
0.299,0.386,0.26,0,0,1,1
0.302,0.386,0.26,0,0,1,1
0.305,0.386,0.26,0,0,1,1
0.308,0.386,0.26,0,0,1,1
0.311,0.386,0.26,0,0,1,1
0.314,0.386,0.26,0,0,1,1
0.317,0.386,0.26,0,0,1,1
0.32,0.386,0.26,0,0,1,1
0.323,0.386,0.26,0,0,1,1
0.326,0.386,0.26,0,0,1,1
0.329,0.386,0.26,0,0,1,1
0.332,0.386,0.26,0,0,1,1
0.335,0.386,0.26,0,0,1,1
0.338,0.386,0.26,0,0,1,1
0.341,0.386,0.26,0,0,1,1
0.14,0.383,0.26,0,0,1,1
0.143,0.383,0.26,0,0,1,1
0.146,0.383,0.26,0,0,1,1
0.149,0.383,0.26,0,0,1,1
0.152,0.383,0.26,0,0,1,1
0.155,0.383,0.26,0,0,1,1
0.158,0.383,0.26,0,0,1,1
0.161,0.383,0.26,0,0,1,1
0.164,0.383,0.26,0,0,1,1
0.167,0.383,0.26,0,0,1,1
0.17,0.383,0.26,0,0,1,1
0.173,0.383,0.26,0,0,1,1
0.176,0.383,0.26,0,0,1,1
0.179,0.383,0.26,0,0,1,1
0.182,0.383,0.26,0,0,1,1
0.185,0.383,0.26,0,0,1,1
0.188,0.383,0.26,0,0,1,1
0.191,0.383,0.26,0,0,1,1
0.194,0.383,0.26,0,0,1,1
0.197,0.383,0.26,0,0,1,1
0.2,0.383,0.26,0,0,1,1
0.203,0.383,0.26,0,0,1,1
0.206,0.383,0.26,0,0,1,1
0.209,0.383,0.26,0,0,1,1
0.212,0.383,0.26,0,0,1,1
0.215,0.383,0.26,0,0,1,1
0.218,0.383,0.26,0,0,1,1
0.221,0.383,0.26,0,0,1,1
0.224,0.383,0.26,0,0,1,1
0.227,0.383,0.26,0,0,1,1
0.23,0.383,0.26,0,0,1,1
0.233,0.383,0.26,0,0,1,1
0.236,0.383,0.26,0,0,1,1
0.239,0.383,0.26,0,0,1,1
0.242,0.383,0.26,0,0,1,1
0.245,0.383,0.26,0,0,1,1
0.248,0.383,0.26,0,0,1,1
0.251,0.383,0.26,0,0,1,1
0.254,0.383,0.26,0,0,1,1
0.257,0.383,0.26,0,0,1,1
0.26,0.383,0.26,0,0,1,1
0.263,0.383,0.26,0,0,1,1
0.266,0.383,0.26,0,0,1,1
0.269,0.383,0.26,0,0,1,1
0.272,0.383,0.26,0,0,1,1
0.275,0.383,0.26,0,0,1,1
0.278,0.383,0.26,0,0,1,1
0.281,0.383,0.26,0,0,1,1
0.284,0.383,0.26,0,0,1,1
0.287,0.383,0.26,0,0,1,1
0.29,0.383,0.26,0,0,1,1
0.293,0.383,0.26,0,0,1,1
0.296,0.383,0.26,0,0,1,1
0.299,0.383,0.26,0,0,1,1
0.302,0.383,0.26,0,0,1,1
0.305,0.383,0.26,0,0,1,1
0.308,0.383,0.26,0,0,1,1
0.311,0.383,0.26,0,0,1,1
0.314,0.383,0.26,0,0,1,1
0.317,0.383,0.26,0,0,1,1
0.32,0.383,0.26,0,0,1,1
0.323,0.383,0.26,0,0,1,1
0.326,0.383,0.26,0,0,1,1
0.329,0.383,0.26,0,0,1,1
0.332,0.383,0.26,0,0,1,1
0.335,0.383,0.26,0,0,1,1
0.338,0.383,0.26,0,0,1,1
0.341,0.383,0.26,0,0,1,1
0.14,0.38,0.26,0,0,1,1
0.143,0.38,0.26,0,0,1,1
0.146,0.38,0.26,0,0,1,1
0.149,0.38,0.26,0,0,1,1
0.152,0.38,0.26,0,0,1,1
0.155,0.38,0.26,0,0,1,1
0.158,0.38,0.26,0,0,1,1
0.161,0.38,0.26,0,0,1,1
0.164,0.38,0.26,0,0,1,1
0.167,0.38,0.26,0,0,1,1
0.17,0.38,0.26,0,0,1,1
0.173,0.38,0.26,0,0,1,1
0.176,0.38,0.26,0,0,1,1
0.179,0.38,0.26,0,0,1,1
0.182,0.38,0.26,0,0,1,1
0.185,0.38,0.26,0,0,1,1
0.188,0.38,0.26,0,0,1,1
0.191,0.38,0.26,0,0,1,1
0.194,0.38,0.26,0,0,1,1
0.197,0.38,0.26,0,0,1,1
0.2,0.38,0.26,0,0,1,1
0.203,0.38,0.26,0,0,1,1
0.206,0.38,0.26,0,0,1,1
0.209,0.38,0.26,0,0,1,1
0.212,0.38,0.26,0,0,1,1
0.215,0.38,0.26,0,0,1,1
0.218,0.38,0.26,0,0,1,1
0.221,0.38,0.26,0,0,1,1
0.224,0.38,0.26,0,0,1,1
0.227,0.38,0.26,0,0,1,1
0.23,0.38,0.26,0,0,1,1
0.233,0.38,0.26,0,0,1,1
0.236,0.38,0.26,0,0,1,1
0.239,0.38,0.26,0,0,1,1
0.242,0.38,0.26,0,0,1,1
0.245,0.38,0.26,0,0,1,1
0.248,0.38,0.26,0,0,1,1
0.251,0.38,0.26,0,0,1,1
0.254,0.38,0.26,0,0,1,1
0.257,0.38,0.26,0,0,1,1
0.26,0.38,0.26,0,0,1,1
0.263,0.38,0.26,0,0,1,1
0.266,0.38,0.26,0,0,1,1
0.269,0.38,0.26,0,0,1,1
0.272,0.38,0.26,0,0,1,1
0.275,0.38,0.26,0,0,1,1
0.278,0.38,0.26,0,0,1,1
0.281,0.38,0.26,0,0,1,1
0.284,0.38,0.26,0,0,1,1
0.287,0.38,0.26,0,0,1,1
0.29,0.38,0.26,0,0,1,1
0.293,0.38,0.26,0,0,1,1
0.296,0.38,0.26,0,0,1,1
0.299,0.38,0.26,0,0,1,1
0.302,0.38,0.26,0,0,1,1
0.305,0.38,0.26,0,0,1,1
0.308,0.38,0.26,0,0,1,1
0.311,0.38,0.26,0,0,1,1
0.314,0.38,0.26,0,0,1,1
0.317,0.38,0.26,0,0,1,1
0.32,0.38,0.26,0,0,1,1
0.323,0.38,0.26,0,0,1,1
0.326,0.38,0.26,0,0,1,1
0.329,0.38,0.26,0,0,1,1
0.332,0.38,0.26,0,0,1,1
0.335,0.38,0.26,0,0,1,1
0.338,0.38,0.26,0,0,1,1
0.341,0.38,0.26,0,0,1,1
0.14,0.377,0.26,0,0,1,1
0.143,0.377,0.26,0,0,1,1
0.146,0.377,0.26,0,0,1,1
0.149,0.377,0.26,0,0,1,1
0.152,0.377,0.26,0,0,1,1
0.155,0.377,0.26,0,0,1,1
0.158,0.377,0.26,0,0,1,1
0.161,0.377,0.26,0,0,1,1
0.164,0.377,0.26,0,0,1,1
0.167,0.377,0.26,0,0,1,1
0.17,0.377,0.26,0,0,1,1
0.173,0.377,0.26,0,0,1,1
0.176,0.377,0.26,0,0,1,1
0.179,0.377,0.26,0,0,1,1
0.182,0.377,0.26,0,0,1,1
0.185,0.377,0.26,0,0,1,1
0.188,0.377,0.26,0,0,1,1
0.191,0.377,0.26,0,0,1,1
0.194,0.377,0.26,0,0,1,1
0.197,0.377,0.26,0,0,1,1
0.2,0.377,0.26,0,0,1,1
0.203,0.377,0.26,0,0,1,1
0.206,0.377,0.26,0,0,1,1
0.209,0.377,0.26,0,0,1,1
0.212,0.377,0.26,0,0,1,1
0.215,0.377,0.26,0,0,1,1
0.218,0.377,0.26,0,0,1,1
0.221,0.377,0.26,0,0,1,1
0.224,0.377,0.26,0,0,1,1
0.227,0.377,0.26,0,0,1,1
0.23,0.377,0.26,0,0,1,1
0.233,0.377,0.26,0,0,1,1
0.236,0.377,0.26,0,0,1,1
0.239,0.377,0.26,0,0,1,1
0.242,0.377,0.26,0,0,1,1
0.245,0.377,0.26,0,0,1,1
0.248,0.377,0.26,0,0,1,1
0.251,0.377,0.26,0,0,1,1
0.254,0.377,0.26,0,0,1,1
0.257,0.377,0.26,0,0,1,1
0.26,0.377,0.26,0,0,1,1
0.263,0.377,0.26,0,0,1,1
0.266,0.377,0.26,0,0,1,1
0.269,0.377,0.26,0,0,1,1
0.272,0.377,0.26,0,0,1,1
0.275,0.377,0.26,0,0,1,1
0.278,0.377,0.26,0,0,1,1
0.281,0.377,0.26,0,0,1,1
0.284,0.377,0.26,0,0,1,1
0.287,0.377,0.26,0,0,1,1
0.29,0.377,0.26,0,0,1,1
0.293,0.377,0.26,0,0,1,1
0.296,0.377,0.26,0,0,1,1
0.299,0.377,0.26,0,0,1,1
0.302,0.377,0.26,0,0,1,1
0.305,0.377,0.26,0,0,1,1
0.308,0.377,0.26,0,0,1,1
0.311,0.377,0.26,0,0,1,1
0.314,0.377,0.26,0,0,1,1
0.317,0.377,0.26,0,0,1,1
0.32,0.377,0.26,0,0,1,1
0.323,0.377,0.26,0,0,1,1
0.326,0.377,0.26,0,0,1,1
0.329,0.377,0.26,0,0,1,1
0.332,0.377,0.26,0,0,1,1
0.335,0.377,0.26,0,0,1,1
0.338,0.377,0.26,0,0,1,1
0.341,0.377,0.26,0,0,1,1
0.14,0.374,0.26,0,0,1,1
0.143,0.374,0.26,0,0,1,1
0.146,0.374,0.26,0,0,1,1
0.149,0.374,0.26,0,0,1,1
0.152,0.374,0.26,0,0,1,1
0.155,0.374,0.26,0,0,1,1
0.158,0.374,0.26,0,0,1,1
0.161,0.374,0.26,0,0,1,1
0.164,0.374,0.26,0,0,1,1
0.167,0.374,0.26,0,0,1,1
0.17,0.374,0.26,0,0,1,1
0.173,0.374,0.26,0,0,1,1
0.176,0.374,0.26,0,0,1,1
0.179,0.374,0.26,0,0,1,1
0.182,0.374,0.26,0,0,1,1
0.185,0.374,0.26,0,0,1,1
0.188,0.374,0.26,0,0,1,1
0.191,0.374,0.26,0,0,1,1
0.194,0.374,0.26,0,0,1,1
0.197,0.374,0.26,0,0,1,1
0.2,0.374,0.26,0,0,1,1
0.203,0.374,0.26,0,0,1,1
0.206,0.374,0.26,0,0,1,1
0.209,0.374,0.26,0,0,1,1
0.212,0.374,0.26,0,0,1,1
0.215,0.374,0.26,0,0,1,1
0.218,0.374,0.26,0,0,1,1
0.221,0.374,0.26,0,0,1,1
0.224,0.374,0.26,0,0,1,1
0.227,0.374,0.26,0,0,1,1
0.23,0.374,0.26,0,0,1,1
0.233,0.374,0.26,0,0,1,1
0.236,0.374,0.26,0,0,1,1
0.239,0.374,0.26,0,0,1,1
0.242,0.374,0.26,0,0,1,1
0.245,0.374,0.26,0,0,1,1
0.248,0.374,0.26,0,0,1,1
0.251,0.374,0.26,0,0,1,1
0.254,0.374,0.26,0,0,1,1
0.257,0.374,0.26,0,0,1,1
0.26,0.374,0.26,0,0,1,1
0.263,0.374,0.26,0,0,1,1
0.266,0.374,0.26,0,0,1,1
0.269,0.374,0.26,0,0,1,1
0.272,0.374,0.26,0,0,1,1
0.275,0.374,0.26,0,0,1,1
0.278,0.374,0.26,0,0,1,1
0.281,0.374,0.26,0,0,1,1
0.284,0.374,0.26,0,0,1,1
0.287,0.374,0.26,0,0,1,1
0.29,0.374,0.26,0,0,1,1
0.293,0.374,0.26,0,0,1,1
0.296,0.374,0.26,0,0,1,1
0.299,0.374,0.26,0,0,1,1
0.302,0.374,0.26,0,0,1,1
0.305,0.374,0.26,0,0,1,1
0.308,0.374,0.26,0,0,1,1
0.311,0.374,0.26,0,0,1,1
0.314,0.374,0.26,0,0,1,1
0.317,0.374,0.26,0,0,1,1
0.32,0.374,0.26,0,0,1,1
0.323,0.374,0.26,0,0,1,1
0.326,0.374,0.26,0,0,1,1
0.329,0.374,0.26,0,0,1,1
0.332,0.374,0.26,0,0,1,1
0.335,0.374,0.26,0,0,1,1
0.338,0.374,0.26,0,0,1,1
0.341,0.374,0.26,0,0,1,1
0.14,0.371,0.26,0,0,1,1
0.143,0.371,0.26,0,0,1,1
0.146,0.371,0.26,0,0,1,1
0.149,0.371,0.26,0,0,1,1
0.152,0.371,0.26,0,0,1,1
0.155,0.371,0.26,0,0,1,1
0.158,0.371,0.26,0,0,1,1
0.161,0.371,0.26,0,0,1,1
0.164,0.371,0.26,0,0,1,1
0.167,0.371,0.26,0,0,1,1
0.17,0.371,0.26,0,0,1,1
0.173,0.371,0.26,0,0,1,1
0.176,0.371,0.26,0,0,1,1
0.179,0.371,0.26,0,0,1,1
0.182,0.371,0.26,0,0,1,1
0.185,0.371,0.26,0,0,1,1
0.188,0.371,0.26,0,0,1,1
0.191,0.371,0.26,0,0,1,1
0.194,0.371,0.26,0,0,1,1
0.197,0.371,0.26,0,0,1,1
0.2,0.371,0.26,0,0,1,1
0.203,0.371,0.26,0,0,1,1
0.206,0.371,0.26,0,0,1,1
0.209,0.371,0.26,0,0,1,1
0.212,0.371,0.26,0,0,1,1
0.215,0.371,0.26,0,0,1,1
0.218,0.371,0.26,0,0,1,1
0.221,0.371,0.26,0,0,1,1
0.224,0.371,0.26,0,0,1,1
0.227,0.371,0.26,0,0,1,1
0.23,0.371,0.26,0,0,1,1
0.233,0.371,0.26,0,0,1,1
0.236,0.371,0.26,0,0,1,1
0.239,0.371,0.26,0,0,1,1
0.242,0.371,0.26,0,0,1,1
0.245,0.371,0.26,0,0,1,1
0.248,0.371,0.26,0,0,1,1
0.251,0.371,0.26,0,0,1,1
0.254,0.371,0.26,0,0,1,1
0.257,0.371,0.26,0,0,1,1
0.26,0.371,0.26,0,0,1,1
0.263,0.371,0.26,0,0,1,1
0.266,0.371,0.26,0,0,1,1
0.269,0.371,0.26,0,0,1,1
0.272,0.371,0.26,0,0,1,1
0.275,0.371,0.26,0,0,1,1
0.278,0.371,0.26,0,0,1,1
0.281,0.371,0.26,0,0,1,1
0.284,0.371,0.26,0,0,1,1
0.287,0.371,0.26,0,0,1,1
0.29,0.371,0.26,0,0,1,1
0.293,0.371,0.26,0,0,1,1
0.296,0.371,0.26,0,0,1,1
0.299,0.371,0.26,0,0,1,1
0.302,0.371,0.26,0,0,1,1
0.305,0.371,0.26,0,0,1,1
0.308,0.371,0.26,0,0,1,1
0.311,0.371,0.26,0,0,1,1
0.314,0.371,0.26,0,0,1,1
0.317,0.371,0.26,0,0,1,1
0.32,0.371,0.26,0,0,1,1
0.323,0.371,0.26,0,0,1,1
0.326,0.371,0.26,0,0,1,1
0.329,0.371,0.26,0,0,1,1
0.332,0.371,0.26,0,0,1,1
0.335,0.371,0.26,0,0,1,1
0.338,0.371,0.26,0,0,1,1
0.341,0.371,0.26,0,0,1,1
0.14,0.368,0.26,0,0,1,1
0.143,0.368,0.26,0,0,1,1
0.146,0.368,0.26,0,0,1,1
0.149,0.368,0.26,0,0,1,1
0.152,0.368,0.26,0,0,1,1
0.155,0.368,0.26,0,0,1,1
0.158,0.368,0.26,0,0,1,1
0.161,0.368,0.26,0,0,1,1
0.164,0.368,0.26,0,0,1,1
0.167,0.368,0.26,0,0,1,1
0.17,0.368,0.26,0,0,1,1
0.173,0.368,0.26,0,0,1,1
0.176,0.368,0.26,0,0,1,1
0.179,0.368,0.26,0,0,1,1
0.182,0.368,0.26,0,0,1,1
0.185,0.368,0.26,0,0,1,1
0.188,0.368,0.26,0,0,1,1
0.191,0.368,0.26,0,0,1,1
0.194,0.368,0.26,0,0,1,1
0.197,0.368,0.26,0,0,1,1
0.2,0.368,0.26,0,0,1,1
0.203,0.368,0.26,0,0,1,1
0.206,0.368,0.26,0,0,1,1
0.209,0.368,0.26,0,0,1,1
0.212,0.368,0.26,0,0,1,1
0.215,0.368,0.26,0,0,1,1
0.218,0.368,0.26,0,0,1,1
0.221,0.368,0.26,0,0,1,1
0.224,0.368,0.26,0,0,1,1
0.227,0.368,0.26,0,0,1,1
0.23,0.368,0.26,0,0,1,1
0.233,0.368,0.26,0,0,1,1
0.236,0.368,0.26,0,0,1,1
0.239,0.368,0.26,0,0,1,1
0.242,0.368,0.26,0,0,1,1
0.245,0.368,0.26,0,0,1,1
0.248,0.368,0.26,0,0,1,1
0.251,0.368,0.26,0,0,1,1
0.254,0.368,0.26,0,0,1,1
0.257,0.368,0.26,0,0,1,1
0.26,0.368,0.26,0,0,1,1
0.263,0.368,0.26,0,0,1,1
0.266,0.368,0.26,0,0,1,1
0.269,0.368,0.26,0,0,1,1
0.272,0.368,0.26,0,0,1,1
0.275,0.368,0.26,0,0,1,1
0.278,0.368,0.26,0,0,1,1
0.281,0.368,0.26,0,0,1,1
0.284,0.368,0.26,0,0,1,1
0.287,0.368,0.26,0,0,1,1
0.29,0.368,0.26,0,0,1,1
0.293,0.368,0.26,0,0,1,1
0.296,0.368,0.26,0,0,1,1
0.299,0.368,0.26,0,0,1,1
0.302,0.368,0.26,0,0,1,1
0.305,0.368,0.26,0,0,1,1
0.308,0.368,0.26,0,0,1,1
0.311,0.368,0.26,0,0,1,1
0.314,0.368,0.26,0,0,1,1
0.317,0.368,0.26,0,0,1,1
0.32,0.368,0.26,0,0,1,1
0.323,0.368,0.26,0,0,1,1
0.326,0.368,0.26,0,0,1,1
0.329,0.368,0.26,0,0,1,1
0.332,0.368,0.26,0,0,1,1
0.335,0.368,0.26,0,0,1,1
0.338,0.368,0.26,0,0,1,1
0.341,0.368,0.26,0,0,1,1
0.14,0.365,0.26,0,0,1,1
0.143,0.365,0.26,0,0,1,1
0.146,0.365,0.26,0,0,1,1
0.149,0.365,0.26,0,0,1,1
0.152,0.365,0.26,0,0,1,1
0.155,0.365,0.26,0,0,1,1
0.158,0.365,0.26,0,0,1,1
0.161,0.365,0.26,0,0,1,1
0.164,0.365,0.26,0,0,1,1
0.167,0.365,0.26,0,0,1,1
0.17,0.365,0.26,0,0,1,1
0.173,0.365,0.26,0,0,1,1
0.176,0.365,0.26,0,0,1,1
0.179,0.365,0.26,0,0,1,1
0.182,0.365,0.26,0,0,1,1
0.185,0.365,0.26,0,0,1,1
0.188,0.365,0.26,0,0,1,1
0.191,0.365,0.26,0,0,1,1
0.194,0.365,0.26,0,0,1,1
0.197,0.365,0.26,0,0,1,1
0.2,0.365,0.26,0,0,1,1
0.203,0.365,0.26,0,0,1,1
0.206,0.365,0.26,0,0,1,1
0.209,0.365,0.26,0,0,1,1
0.212,0.365,0.26,0,0,1,1
0.215,0.365,0.26,0,0,1,1
0.218,0.365,0.26,0,0,1,1
0.221,0.365,0.26,0,0,1,1
0.224,0.365,0.26,0,0,1,1
0.227,0.365,0.26,0,0,1,1
0.23,0.365,0.26,0,0,1,1
0.233,0.365,0.26,0,0,1,1
0.236,0.365,0.26,0,0,1,1
0.239,0.365,0.26,0,0,1,1
0.242,0.365,0.26,0,0,1,1
0.245,0.365,0.26,0,0,1,1
0.248,0.365,0.26,0,0,1,1
0.251,0.365,0.26,0,0,1,1
0.254,0.365,0.26,0,0,1,1
0.257,0.365,0.26,0,0,1,1
0.26,0.365,0.26,0,0,1,1
0.263,0.365,0.26,0,0,1,1
0.266,0.365,0.26,0,0,1,1
0.269,0.365,0.26,0,0,1,1
0.272,0.365,0.26,0,0,1,1
0.275,0.365,0.26,0,0,1,1
0.278,0.365,0.26,0,0,1,1
0.281,0.365,0.26,0,0,1,1
0.284,0.365,0.26,0,0,1,1
0.287,0.365,0.26,0,0,1,1
0.29,0.365,0.26,0,0,1,1
0.293,0.365,0.26,0,0,1,1
0.296,0.365,0.26,0,0,1,1
0.299,0.365,0.26,0,0,1,1
0.302,0.365,0.26,0,0,1,1
0.305,0.365,0.26,0,0,1,1
0.308,0.365,0.26,0,0,1,1
0.311,0.365,0.26,0,0,1,1
0.314,0.365,0.26,0,0,1,1
0.317,0.365,0.26,0,0,1,1
0.32,0.365,0.26,0,0,1,1
0.323,0.365,0.26,0,0,1,1
0.326,0.365,0.26,0,0,1,1
0.329,0.365,0.26,0,0,1,1
0.332,0.365,0.26,0,0,1,1
0.335,0.365,0.26,0,0,1,1
0.338,0.365,0.26,0,0,1,1
0.341,0.365,0.26,0,0,1,1
0.14,0.362,0.26,0,0,1,1
0.143,0.362,0.26,0,0,1,1
0.146,0.362,0.26,0,0,1,1
0.149,0.362,0.26,0,0,1,1
0.152,0.362,0.26,0,0,1,1
0.155,0.362,0.26,0,0,1,1
0.158,0.362,0.26,0,0,1,1
0.161,0.362,0.26,0,0,1,1
0.164,0.362,0.26,0,0,1,1
0.167,0.362,0.26,0,0,1,1
0.17,0.362,0.26,0,0,1,1
0.173,0.362,0.26,0,0,1,1
0.176,0.362,0.26,0,0,1,1
0.179,0.362,0.26,0,0,1,1
0.182,0.362,0.26,0,0,1,1
0.185,0.362,0.26,0,0,1,1
0.188,0.362,0.26,0,0,1,1
0.191,0.362,0.26,0,0,1,1
0.194,0.362,0.26,0,0,1,1
0.197,0.362,0.26,0,0,1,1
0.2,0.362,0.26,0,0,1,1
0.203,0.362,0.26,0,0,1,1
0.206,0.362,0.26,0,0,1,1
0.209,0.362,0.26,0,0,1,1
0.212,0.362,0.26,0,0,1,1
0.215,0.362,0.26,0,0,1,1
0.218,0.362,0.26,0,0,1,1
0.221,0.362,0.26,0,0,1,1
0.224,0.362,0.26,0,0,1,1
0.227,0.362,0.26,0,0,1,1
0.23,0.362,0.26,0,0,1,1
0.233,0.362,0.26,0,0,1,1
0.236,0.362,0.26,0,0,1,1
0.239,0.362,0.26,0,0,1,1
0.242,0.362,0.26,0,0,1,1
0.245,0.362,0.26,0,0,1,1
0.248,0.362,0.26,0,0,1,1
0.251,0.362,0.26,0,0,1,1
0.254,0.362,0.26,0,0,1,1
0.257,0.362,0.26,0,0,1,1
0.26,0.362,0.26,0,0,1,1
0.263,0.362,0.26,0,0,1,1
0.266,0.362,0.26,0,0,1,1
0.269,0.362,0.26,0,0,1,1
0.272,0.362,0.26,0,0,1,1
0.275,0.362,0.26,0,0,1,1
0.278,0.362,0.26,0,0,1,1
0.281,0.362,0.26,0,0,1,1
0.284,0.362,0.26,0,0,1,1
0.287,0.362,0.26,0,0,1,1
0.29,0.362,0.26,0,0,1,1
0.293,0.362,0.26,0,0,1,1
0.296,0.362,0.26,0,0,1,1
0.299,0.362,0.26,0,0,1,1
0.302,0.362,0.26,0,0,1,1
0.305,0.362,0.26,0,0,1,1
0.308,0.362,0.26,0,0,1,1
0.311,0.362,0.26,0,0,1,1
0.314,0.362,0.26,0,0,1,1
0.317,0.362,0.26,0,0,1,1
0.32,0.362,0.26,0,0,1,1
0.323,0.362,0.26,0,0,1,1
0.326,0.362,0.26,0,0,1,1
0.329,0.362,0.26,0,0,1,1
0.332,0.362,0.26,0,0,1,1
0.335,0.362,0.26,0,0,1,1
0.338,0.362,0.26,0,0,1,1
0.341,0.362,0.26,0,0,1,1
0.14,0.359,0.26,0,0,1,1
0.143,0.359,0.26,0,0,1,1
0.146,0.359,0.26,0,0,1,1
0.149,0.359,0.26,0,0,1,1
0.152,0.359,0.26,0,0,1,1
0.155,0.359,0.26,0,0,1,1
0.158,0.359,0.26,0,0,1,1
0.161,0.359,0.26,0,0,1,1
0.164,0.359,0.26,0,0,1,1
0.167,0.359,0.26,0,0,1,1
0.17,0.359,0.26,0,0,1,1
0.173,0.359,0.26,0,0,1,1
0.176,0.359,0.26,0,0,1,1
0.179,0.359,0.26,0,0,1,1
0.182,0.359,0.26,0,0,1,1
0.185,0.359,0.26,0,0,1,1
0.188,0.359,0.26,0,0,1,1
0.191,0.359,0.26,0,0,1,1
0.194,0.359,0.26,0,0,1,1
0.197,0.359,0.26,0,0,1,1
0.2,0.359,0.26,0,0,1,1
0.203,0.359,0.26,0,0,1,1
0.206,0.359,0.26,0,0,1,1
0.209,0.359,0.26,0,0,1,1
0.212,0.359,0.26,0,0,1,1
0.215,0.359,0.26,0,0,1,1
0.218,0.359,0.26,0,0,1,1
0.221,0.359,0.26,0,0,1,1
0.224,0.359,0.26,0,0,1,1
0.227,0.359,0.26,0,0,1,1
0.23,0.359,0.26,0,0,1,1
0.233,0.359,0.26,0,0,1,1
0.236,0.359,0.26,0,0,1,1
0.239,0.359,0.26,0,0,1,1
0.242,0.359,0.26,0,0,1,1
0.245,0.359,0.26,0,0,1,1
0.248,0.359,0.26,0,0,1,1
0.251,0.359,0.26,0,0,1,1
0.254,0.359,0.26,0,0,1,1
0.257,0.359,0.26,0,0,1,1
0.26,0.359,0.26,0,0,1,1
0.263,0.359,0.26,0,0,1,1
0.266,0.359,0.26,0,0,1,1
0.269,0.359,0.26,0,0,1,1
0.272,0.359,0.26,0,0,1,1
0.275,0.359,0.26,0,0,1,1
0.278,0.359,0.26,0,0,1,1
0.281,0.359,0.26,0,0,1,1
0.284,0.359,0.26,0,0,1,1
0.287,0.359,0.26,0,0,1,1
0.29,0.359,0.26,0,0,1,1
0.293,0.359,0.26,0,0,1,1
0.296,0.359,0.26,0,0,1,1
0.299,0.359,0.26,0,0,1,1
0.302,0.359,0.26,0,0,1,1
0.305,0.359,0.26,0,0,1,1
0.308,0.359,0.26,0,0,1,1
0.311,0.359,0.26,0,0,1,1
0.314,0.359,0.26,0,0,1,1
0.317,0.359,0.26,0,0,1,1
0.32,0.359,0.26,0,0,1,1
0.323,0.359,0.26,0,0,1,1
0.326,0.359,0.26,0,0,1,1
0.329,0.359,0.26,0,0,1,1
0.332,0.359,0.26,0,0,1,1
0.335,0.359,0.26,0,0,1,1
0.338,0.359,0.26,0,0,1,1
0.341,0.359,0.26,0,0,1,1
0.14,0.356,0.26,0,0,1,1
0.143,0.356,0.26,0,0,1,1
0.146,0.356,0.26,0,0,1,1
0.149,0.356,0.26,0,0,1,1
0.152,0.356,0.26,0,0,1,1
0.155,0.356,0.26,0,0,1,1
0.158,0.356,0.26,0,0,1,1
0.161,0.356,0.26,0,0,1,1
0.164,0.356,0.26,0,0,1,1
0.167,0.356,0.26,0,0,1,1
0.17,0.356,0.26,0,0,1,1
0.173,0.356,0.26,0,0,1,1
0.176,0.356,0.26,0,0,1,1
0.179,0.356,0.26,0,0,1,1
0.182,0.356,0.26,0,0,1,1
0.185,0.356,0.26,0,0,1,1
0.188,0.356,0.26,0,0,1,1
0.191,0.356,0.26,0,0,1,1
0.194,0.356,0.26,0,0,1,1
0.197,0.356,0.26,0,0,1,1
0.2,0.356,0.26,0,0,1,1
0.203,0.356,0.26,0,0,1,1
0.206,0.356,0.26,0,0,1,1
0.209,0.356,0.26,0,0,1,1
0.212,0.356,0.26,0,0,1,1
0.215,0.356,0.26,0,0,1,1
0.218,0.356,0.26,0,0,1,1
0.221,0.356,0.26,0,0,1,1
0.224,0.356,0.26,0,0,1,1
0.227,0.356,0.26,0,0,1,1
0.23,0.356,0.26,0,0,1,1
0.233,0.356,0.26,0,0,1,1
0.236,0.356,0.26,0,0,1,1
0.239,0.356,0.26,0,0,1,1
0.242,0.356,0.26,0,0,1,1
0.245,0.356,0.26,0,0,1,1
0.248,0.356,0.26,0,0,1,1
0.251,0.356,0.26,0,0,1,1
0.254,0.356,0.26,0,0,1,1
0.257,0.356,0.26,0,0,1,1
0.26,0.356,0.26,0,0,1,1
0.263,0.356,0.26,0,0,1,1
0.266,0.356,0.26,0,0,1,1
0.269,0.356,0.26,0,0,1,1
0.272,0.356,0.26,0,0,1,1
0.275,0.356,0.26,0,0,1,1
0.278,0.356,0.26,0,0,1,1
0.281,0.356,0.26,0,0,1,1
0.284,0.356,0.26,0,0,1,1
0.287,0.356,0.26,0,0,1,1
0.29,0.356,0.26,0,0,1,1
0.293,0.356,0.26,0,0,1,1
0.296,0.356,0.26,0,0,1,1
0.299,0.356,0.26,0,0,1,1
0.302,0.356,0.26,0,0,1,1
0.305,0.356,0.26,0,0,1,1
0.308,0.356,0.26,0,0,1,1
0.311,0.356,0.26,0,0,1,1
0.314,0.356,0.26,0,0,1,1
0.317,0.356,0.26,0,0,1,1
0.32,0.356,0.26,0,0,1,1
0.323,0.356,0.26,0,0,1,1
0.326,0.356,0.26,0,0,1,1
0.329,0.356,0.26,0,0,1,1
0.332,0.356,0.26,0,0,1,1
0.335,0.356,0.26,0,0,1,1
0.338,0.356,0.26,0,0,1,1
0.341,0.356,0.26,0,0,1,1
0.14,0.353,0.26,0,0,1,1
0.143,0.353,0.26,0,0,1,1
0.146,0.353,0.26,0,0,1,1
0.149,0.353,0.26,0,0,1,1
0.152,0.353,0.26,0,0,1,1
0.155,0.353,0.26,0,0,1,1
0.158,0.353,0.26,0,0,1,1
0.161,0.353,0.26,0,0,1,1
0.164,0.353,0.26,0,0,1,1
0.167,0.353,0.26,0,0,1,1
0.17,0.353,0.26,0,0,1,1
0.173,0.353,0.26,0,0,1,1
0.176,0.353,0.26,0,0,1,1
0.179,0.353,0.26,0,0,1,1
0.182,0.353,0.26,0,0,1,1
0.185,0.353,0.26,0,0,1,1
0.188,0.353,0.26,0,0,1,1
0.191,0.353,0.26,0,0,1,1
0.194,0.353,0.26,0,0,1,1
0.197,0.353,0.26,0,0,1,1
0.2,0.353,0.26,0,0,1,1
0.203,0.353,0.26,0,0,1,1
0.206,0.353,0.26,0,0,1,1
0.209,0.353,0.26,0,0,1,1
0.212,0.353,0.26,0,0,1,1
0.215,0.353,0.26,0,0,1,1
0.218,0.353,0.26,0,0,1,1
0.221,0.353,0.26,0,0,1,1
0.224,0.353,0.26,0,0,1,1
0.227,0.353,0.26,0,0,1,1
0.23,0.353,0.26,0,0,1,1
0.233,0.353,0.26,0,0,1,1
0.236,0.353,0.26,0,0,1,1
0.239,0.353,0.26,0,0,1,1
0.242,0.353,0.26,0,0,1,1
0.245,0.353,0.26,0,0,1,1
0.248,0.353,0.26,0,0,1,1
0.251,0.353,0.26,0,0,1,1
0.254,0.353,0.26,0,0,1,1
0.257,0.353,0.26,0,0,1,1
0.26,0.353,0.26,0,0,1,1
0.263,0.353,0.26,0,0,1,1
0.266,0.353,0.26,0,0,1,1
0.269,0.353,0.26,0,0,1,1
0.272,0.353,0.26,0,0,1,1
0.275,0.353,0.26,0,0,1,1
0.278,0.353,0.26,0,0,1,1
0.281,0.353,0.26,0,0,1,1
0.284,0.353,0.26,0,0,1,1
0.287,0.353,0.26,0,0,1,1
0.29,0.353,0.26,0,0,1,1
0.293,0.353,0.26,0,0,1,1
0.296,0.353,0.26,0,0,1,1
0.299,0.353,0.26,0,0,1,1
0.302,0.353,0.26,0,0,1,1
0.305,0.353,0.26,0,0,1,1
0.308,0.353,0.26,0,0,1,1
0.311,0.353,0.26,0,0,1,1
0.314,0.353,0.26,0,0,1,1
0.317,0.353,0.26,0,0,1,1
0.32,0.353,0.26,0,0,1,1
0.323,0.353,0.26,0,0,1,1
0.326,0.353,0.26,0,0,1,1
0.329,0.353,0.26,0,0,1,1
0.332,0.353,0.26,0,0,1,1
0.335,0.353,0.26,0,0,1,1
0.338,0.353,0.26,0,0,1,1
0.341,0.353,0.26,0,0,1,1
0.14,0.35,0.26,0,0,1,1
0.143,0.35,0.26,0,0,1,1
0.146,0.35,0.26,0,0,1,1
0.149,0.35,0.26,0,0,1,1
0.152,0.35,0.26,0,0,1,1
0.155,0.35,0.26,0,0,1,1
0.158,0.35,0.26,0,0,1,1
0.161,0.35,0.26,0,0,1,1
0.164,0.35,0.26,0,0,1,1
0.167,0.35,0.26,0,0,1,1
0.17,0.35,0.26,0,0,1,1
0.173,0.35,0.26,0,0,1,1
0.176,0.35,0.26,0,0,1,1
0.179,0.35,0.26,0,0,1,1
0.182,0.35,0.26,0,0,1,1
0.185,0.35,0.26,0,0,1,1
0.188,0.35,0.26,0,0,1,1
0.191,0.35,0.26,0,0,1,1
0.194,0.35,0.26,0,0,1,1
0.197,0.35,0.26,0,0,1,1
0.2,0.35,0.26,0,0,1,1
0.203,0.35,0.26,0,0,1,1
0.206,0.35,0.26,0,0,1,1
0.209,0.35,0.26,0,0,1,1
0.212,0.35,0.26,0,0,1,1
0.215,0.35,0.26,0,0,1,1
0.218,0.35,0.26,0,0,1,1
0.221,0.35,0.26,0,0,1,1
0.224,0.35,0.26,0,0,1,1
0.227,0.35,0.26,0,0,1,1
0.23,0.35,0.26,0,0,1,1
0.233,0.35,0.26,0,0,1,1
0.236,0.35,0.26,0,0,1,1
0.239,0.35,0.26,0,0,1,1
0.242,0.35,0.26,0,0,1,1
0.245,0.35,0.26,0,0,1,1
0.248,0.35,0.26,0,0,1,1
0.251,0.35,0.26,0,0,1,1
0.254,0.35,0.26,0,0,1,1
0.257,0.35,0.26,0,0,1,1
0.26,0.35,0.26,0,0,1,1
0.263,0.35,0.26,0,0,1,1
0.266,0.35,0.26,0,0,1,1
0.269,0.35,0.26,0,0,1,1
0.272,0.35,0.26,0,0,1,1
0.275,0.35,0.26,0,0,1,1
0.278,0.35,0.26,0,0,1,1
0.281,0.35,0.26,0,0,1,1
0.284,0.35,0.26,0,0,1,1
0.287,0.35,0.26,0,0,1,1
0.29,0.35,0.26,0,0,1,1
0.293,0.35,0.26,0,0,1,1
0.296,0.35,0.26,0,0,1,1
0.299,0.35,0.26,0,0,1,1
0.302,0.35,0.26,0,0,1,1
0.305,0.35,0.26,0,0,1,1
0.308,0.35,0.26,0,0,1,1
0.311,0.35,0.26,0,0,1,1
0.314,0.35,0.26,0,0,1,1
0.317,0.35,0.26,0,0,1,1
0.32,0.35,0.26,0,0,1,1
0.323,0.35,0.26,0,0,1,1
0.326,0.35,0.26,0,0,1,1
0.329,0.35,0.26,0,0,1,1
0.332,0.35,0.26,0,0,1,1
0.335,0.35,0.26,0,0,1,1
0.338,0.35,0.26,0,0,1,1
0.341,0.35,0.26,0,0,1,1
0.14,0.347,0.26,0,0,1,1
0.143,0.347,0.26,0,0,1,1
0.146,0.347,0.26,0,0,1,1
0.149,0.347,0.26,0,0,1,1
0.152,0.347,0.26,0,0,1,1
0.155,0.347,0.26,0,0,1,1
0.158,0.347,0.26,0,0,1,1
0.161,0.347,0.26,0,0,1,1
0.164,0.347,0.26,0,0,1,1
0.167,0.347,0.26,0,0,1,1
0.17,0.347,0.26,0,0,1,1
0.173,0.347,0.26,0,0,1,1
0.176,0.347,0.26,0,0,1,1
0.179,0.347,0.26,0,0,1,1
0.182,0.347,0.26,0,0,1,1
0.185,0.347,0.26,0,0,1,1
0.188,0.347,0.26,0,0,1,1
0.191,0.347,0.26,0,0,1,1
0.194,0.347,0.26,0,0,1,1
0.197,0.347,0.26,0,0,1,1
0.2,0.347,0.26,0,0,1,1
0.203,0.347,0.26,0,0,1,1
0.206,0.347,0.26,0,0,1,1
0.209,0.347,0.26,0,0,1,1
0.212,0.347,0.26,0,0,1,1
0.215,0.347,0.26,0,0,1,1
0.218,0.347,0.26,0,0,1,1
0.221,0.347,0.26,0,0,1,1
0.224,0.347,0.26,0,0,1,1
0.227,0.347,0.26,0,0,1,1
0.23,0.347,0.26,0,0,1,1
0.233,0.347,0.26,0,0,1,1
0.236,0.347,0.26,0,0,1,1
0.239,0.347,0.26,0,0,1,1
0.242,0.347,0.26,0,0,1,1
0.245,0.347,0.26,0,0,1,1
0.248,0.347,0.26,0,0,1,1
0.251,0.347,0.26,0,0,1,1
0.254,0.347,0.26,0,0,1,1
0.257,0.347,0.26,0,0,1,1
0.26,0.347,0.26,0,0,1,1
0.263,0.347,0.26,0,0,1,1
0.266,0.347,0.26,0,0,1,1
0.269,0.347,0.26,0,0,1,1
0.272,0.347,0.26,0,0,1,1
0.275,0.347,0.26,0,0,1,1
0.278,0.347,0.26,0,0,1,1
0.281,0.347,0.26,0,0,1,1
0.284,0.347,0.26,0,0,1,1
0.287,0.347,0.26,0,0,1,1
0.29,0.347,0.26,0,0,1,1
0.293,0.347,0.26,0,0,1,1
0.296,0.347,0.26,0,0,1,1
0.299,0.347,0.26,0,0,1,1
0.302,0.347,0.26,0,0,1,1
0.305,0.347,0.26,0,0,1,1
0.308,0.347,0.26,0,0,1,1
0.311,0.347,0.26,0,0,1,1
0.314,0.347,0.26,0,0,1,1
0.317,0.347,0.26,0,0,1,1
0.32,0.347,0.26,0,0,1,1
0.323,0.347,0.26,0,0,1,1
0.326,0.347,0.26,0,0,1,1
0.329,0.347,0.26,0,0,1,1
0.332,0.347,0.26,0,0,1,1
0.335,0.347,0.26,0,0,1,1
0.338,0.347,0.26,0,0,1,1
0.341,0.347,0.26,0,0,1,1
0.14,0.344,0.26,0,0,1,1
0.143,0.344,0.26,0,0,1,1
0.146,0.344,0.26,0,0,1,1
0.149,0.344,0.26,0,0,1,1
0.152,0.344,0.26,0,0,1,1
0.155,0.344,0.26,0,0,1,1
0.158,0.344,0.26,0,0,1,1
0.161,0.344,0.26,0,0,1,1
0.164,0.344,0.26,0,0,1,1
0.167,0.344,0.26,0,0,1,1
0.17,0.344,0.26,0,0,1,1
0.173,0.344,0.26,0,0,1,1
0.176,0.344,0.26,0,0,1,1
0.179,0.344,0.26,0,0,1,1
0.182,0.344,0.26,0,0,1,1
0.185,0.344,0.26,0,0,1,1
0.188,0.344,0.26,0,0,1,1
0.191,0.344,0.26,0,0,1,1
0.194,0.344,0.26,0,0,1,1
0.197,0.344,0.26,0,0,1,1
0.2,0.344,0.26,0,0,1,1
0.203,0.344,0.26,0,0,1,1
0.206,0.344,0.26,0,0,1,1
0.209,0.344,0.26,0,0,1,1
0.212,0.344,0.26,0,0,1,1
0.215,0.344,0.26,0,0,1,1
0.218,0.344,0.26,0,0,1,1
0.221,0.344,0.26,0,0,1,1
0.224,0.344,0.26,0,0,1,1
0.227,0.344,0.26,0,0,1,1
0.23,0.344,0.26,0,0,1,1
0.233,0.344,0.26,0,0,1,1
0.236,0.344,0.26,0,0,1,1
0.239,0.344,0.26,0,0,1,1
0.242,0.344,0.26,0,0,1,1
0.245,0.344,0.26,0,0,1,1
0.248,0.344,0.26,0,0,1,1
0.251,0.344,0.26,0,0,1,1
0.254,0.344,0.26,0,0,1,1
0.257,0.344,0.26,0,0,1,1
0.26,0.344,0.26,0,0,1,1
0.263,0.344,0.26,0,0,1,1
0.266,0.344,0.26,0,0,1,1
0.269,0.344,0.26,0,0,1,1
0.272,0.344,0.26,0,0,1,1
0.275,0.344,0.26,0,0,1,1
0.278,0.344,0.26,0,0,1,1
0.281,0.344,0.26,0,0,1,1
0.284,0.344,0.26,0,0,1,1
0.287,0.344,0.26,0,0,1,1
0.29,0.344,0.26,0,0,1,1
0.293,0.344,0.26,0,0,1,1
0.296,0.344,0.26,0,0,1,1
0.299,0.344,0.26,0,0,1,1
0.302,0.344,0.26,0,0,1,1
0.305,0.344,0.26,0,0,1,1
0.308,0.344,0.26,0,0,1,1
0.311,0.344,0.26,0,0,1,1
0.314,0.344,0.26,0,0,1,1
0.317,0.344,0.26,0,0,1,1
0.32,0.344,0.26,0,0,1,1
0.323,0.344,0.26,0,0,1,1
0.326,0.344,0.26,0,0,1,1
0.329,0.344,0.26,0,0,1,1
0.332,0.344,0.26,0,0,1,1
0.335,0.344,0.26,0,0,1,1
0.338,0.344,0.26,0,0,1,1
0.341,0.344,0.26,0,0,1,1
0.14,0.341,0.26,0,0,1,1
0.143,0.341,0.26,0,0,1,1
0.146,0.341,0.26,0,0,1,1
0.149,0.341,0.26,0,0,1,1
0.152,0.341,0.26,0,0,1,1
0.155,0.341,0.26,0,0,1,1
0.158,0.341,0.26,0,0,1,1
0.161,0.341,0.26,0,0,1,1
0.164,0.341,0.26,0,0,1,1
0.167,0.341,0.26,0,0,1,1
0.17,0.341,0.26,0,0,1,1
0.173,0.341,0.26,0,0,1,1
0.176,0.341,0.26,0,0,1,1
0.179,0.341,0.26,0,0,1,1
0.182,0.341,0.26,0,0,1,1
0.185,0.341,0.26,0,0,1,1
0.188,0.341,0.26,0,0,1,1
0.191,0.341,0.26,0,0,1,1
0.194,0.341,0.26,0,0,1,1
0.197,0.341,0.26,0,0,1,1
0.2,0.341,0.26,0,0,1,1
0.203,0.341,0.26,0,0,1,1
0.206,0.341,0.26,0,0,1,1
0.209,0.341,0.26,0,0,1,1
0.212,0.341,0.26,0,0,1,1
0.215,0.341,0.26,0,0,1,1
0.218,0.341,0.26,0,0,1,1
0.221,0.341,0.26,0,0,1,1
0.224,0.341,0.26,0,0,1,1
0.227,0.341,0.26,0,0,1,1
0.23,0.341,0.26,0,0,1,1
0.233,0.341,0.26,0,0,1,1
0.236,0.341,0.26,0,0,1,1
0.239,0.341,0.26,0,0,1,1
0.242,0.341,0.26,0,0,1,1
0.245,0.341,0.26,0,0,1,1
0.248,0.341,0.26,0,0,1,1
0.251,0.341,0.26,0,0,1,1
0.254,0.341,0.26,0,0,1,1
0.257,0.341,0.26,0,0,1,1
0.26,0.341,0.26,0,0,1,1
0.263,0.341,0.26,0,0,1,1
0.266,0.341,0.26,0,0,1,1
0.269,0.341,0.26,0,0,1,1
0.272,0.341,0.26,0,0,1,1
0.275,0.341,0.26,0,0,1,1
0.278,0.341,0.26,0,0,1,1
0.281,0.341,0.26,0,0,1,1
0.284,0.341,0.26,0,0,1,1
0.287,0.341,0.26,0,0,1,1
0.29,0.341,0.26,0,0,1,1
0.293,0.341,0.26,0,0,1,1
0.296,0.341,0.26,0,0,1,1
0.299,0.341,0.26,0,0,1,1
0.302,0.341,0.26,0,0,1,1
0.305,0.341,0.26,0,0,1,1
0.308,0.341,0.26,0,0,1,1
0.311,0.341,0.26,0,0,1,1
0.314,0.341,0.26,0,0,1,1
0.317,0.341,0.26,0,0,1,1
0.32,0.341,0.26,0,0,1,1
0.323,0.341,0.26,0,0,1,1
0.326,0.341,0.26,0,0,1,1
0.329,0.341,0.26,0,0,1,1
0.332,0.341,0.26,0,0,1,1
0.335,0.341,0.26,0,0,1,1
0.338,0.341,0.26,0,0,1,1
0.341,0.341,0.26,0,0,1,1
0.14,0.338,0.26,0,0,1,1
0.143,0.338,0.26,0,0,1,1
0.146,0.338,0.26,0,0,1,1
0.149,0.338,0.26,0,0,1,1
0.152,0.338,0.26,0,0,1,1
0.155,0.338,0.26,0,0,1,1
0.158,0.338,0.26,0,0,1,1
0.161,0.338,0.26,0,0,1,1
0.164,0.338,0.26,0,0,1,1
0.167,0.338,0.26,0,0,1,1
0.17,0.338,0.26,0,0,1,1
0.173,0.338,0.26,0,0,1,1
0.176,0.338,0.26,0,0,1,1
0.179,0.338,0.26,0,0,1,1
0.182,0.338,0.26,0,0,1,1
0.185,0.338,0.26,0,0,1,1
0.188,0.338,0.26,0,0,1,1
0.191,0.338,0.26,0,0,1,1
0.194,0.338,0.26,0,0,1,1
0.197,0.338,0.26,0,0,1,1
0.2,0.338,0.26,0,0,1,1
0.203,0.338,0.26,0,0,1,1
0.206,0.338,0.26,0,0,1,1
0.209,0.338,0.26,0,0,1,1
0.212,0.338,0.26,0,0,1,1
0.215,0.338,0.26,0,0,1,1
0.218,0.338,0.26,0,0,1,1
0.221,0.338,0.26,0,0,1,1
0.224,0.338,0.26,0,0,1,1
0.227,0.338,0.26,0,0,1,1
0.23,0.338,0.26,0,0,1,1
0.233,0.338,0.26,0,0,1,1
0.236,0.338,0.26,0,0,1,1
0.239,0.338,0.26,0,0,1,1
0.242,0.338,0.26,0,0,1,1
0.245,0.338,0.26,0,0,1,1
0.248,0.338,0.26,0,0,1,1
0.251,0.338,0.26,0,0,1,1
0.254,0.338,0.26,0,0,1,1
0.257,0.338,0.26,0,0,1,1
0.26,0.338,0.26,0,0,1,1
0.263,0.338,0.26,0,0,1,1
0.266,0.338,0.26,0,0,1,1
0.269,0.338,0.26,0,0,1,1
0.272,0.338,0.26,0,0,1,1
0.275,0.338,0.26,0,0,1,1
0.278,0.338,0.26,0,0,1,1
0.281,0.338,0.26,0,0,1,1
0.284,0.338,0.26,0,0,1,1
0.287,0.338,0.26,0,0,1,1
0.29,0.338,0.26,0,0,1,1
0.293,0.338,0.26,0,0,1,1
0.296,0.338,0.26,0,0,1,1
0.299,0.338,0.26,0,0,1,1
0.302,0.338,0.26,0,0,1,1
0.305,0.338,0.26,0,0,1,1
0.308,0.338,0.26,0,0,1,1
0.311,0.338,0.26,0,0,1,1
0.314,0.338,0.26,0,0,1,1
0.317,0.338,0.26,0,0,1,1
0.32,0.338,0.26,0,0,1,1
0.323,0.338,0.26,0,0,1,1
0.326,0.338,0.26,0,0,1,1
0.329,0.338,0.26,0,0,1,1
0.332,0.338,0.26,0,0,1,1
0.335,0.338,0.26,0,0,1,1
0.338,0.338,0.26,0,0,1,1
0.341,0.338,0.26,0,0,1,1
0.14,0.335,0.26,0,0,1,1
0.143,0.335,0.26,0,0,1,1
0.146,0.335,0.26,0,0,1,1
0.149,0.335,0.26,0,0,1,1
0.152,0.335,0.26,0,0,1,1
0.155,0.335,0.26,0,0,1,1
0.158,0.335,0.26,0,0,1,1
0.161,0.335,0.26,0,0,1,1
0.164,0.335,0.26,0,0,1,1
0.167,0.335,0.26,0,0,1,1
0.17,0.335,0.26,0,0,1,1
0.173,0.335,0.26,0,0,1,1
0.176,0.335,0.26,0,0,1,1
0.179,0.335,0.26,0,0,1,1
0.182,0.335,0.26,0,0,1,1
0.185,0.335,0.26,0,0,1,1
0.188,0.335,0.26,0,0,1,1
0.191,0.335,0.26,0,0,1,1
0.194,0.335,0.26,0,0,1,1
0.197,0.335,0.26,0,0,1,1
0.2,0.335,0.26,0,0,1,1
0.203,0.335,0.26,0,0,1,1
0.206,0.335,0.26,0,0,1,1
0.209,0.335,0.26,0,0,1,1
0.212,0.335,0.26,0,0,1,1
0.215,0.335,0.26,0,0,1,1
0.218,0.335,0.26,0,0,1,1
0.221,0.335,0.26,0,0,1,1
0.224,0.335,0.26,0,0,1,1
0.227,0.335,0.26,0,0,1,1
0.23,0.335,0.26,0,0,1,1
0.233,0.335,0.26,0,0,1,1
0.236,0.335,0.26,0,0,1,1
0.239,0.335,0.26,0,0,1,1
0.242,0.335,0.26,0,0,1,1
0.245,0.335,0.26,0,0,1,1
0.248,0.335,0.26,0,0,1,1
0.251,0.335,0.26,0,0,1,1
0.254,0.335,0.26,0,0,1,1
0.257,0.335,0.26,0,0,1,1
0.26,0.335,0.26,0,0,1,1
0.263,0.335,0.26,0,0,1,1
0.266,0.335,0.26,0,0,1,1
0.269,0.335,0.26,0,0,1,1
0.272,0.335,0.26,0,0,1,1
0.275,0.335,0.26,0,0,1,1
0.278,0.335,0.26,0,0,1,1
0.281,0.335,0.26,0,0,1,1
0.284,0.335,0.26,0,0,1,1
0.287,0.335,0.26,0,0,1,1
0.29,0.335,0.26,0,0,1,1
0.293,0.335,0.26,0,0,1,1
0.296,0.335,0.26,0,0,1,1
0.299,0.335,0.26,0,0,1,1
0.302,0.335,0.26,0,0,1,1
0.305,0.335,0.26,0,0,1,1
0.308,0.335,0.26,0,0,1,1
0.311,0.335,0.26,0,0,1,1
0.314,0.335,0.26,0,0,1,1
0.317,0.335,0.26,0,0,1,1
0.32,0.335,0.26,0,0,1,1
0.323,0.335,0.26,0,0,1,1
0.326,0.335,0.26,0,0,1,1
0.329,0.335,0.26,0,0,1,1
0.332,0.335,0.26,0,0,1,1
0.335,0.335,0.26,0,0,1,1
0.338,0.335,0.26,0,0,1,1
0.341,0.335,0.26,0,0,1,1
0.14,0.332,0.26,0,0,1,1
0.143,0.332,0.26,0,0,1,1
0.146,0.332,0.26,0,0,1,1
0.149,0.332,0.26,0,0,1,1
0.152,0.332,0.26,0,0,1,1
0.155,0.332,0.26,0,0,1,1
0.158,0.332,0.26,0,0,1,1
0.161,0.332,0.26,0,0,1,1
0.164,0.332,0.26,0,0,1,1
0.167,0.332,0.26,0,0,1,1
0.17,0.332,0.26,0,0,1,1
0.173,0.332,0.26,0,0,1,1
0.176,0.332,0.26,0,0,1,1
0.179,0.332,0.26,0,0,1,1
0.182,0.332,0.26,0,0,1,1
0.185,0.332,0.26,0,0,1,1
0.188,0.332,0.26,0,0,1,1
0.191,0.332,0.26,0,0,1,1
0.194,0.332,0.26,0,0,1,1
0.197,0.332,0.26,0,0,1,1
0.2,0.332,0.26,0,0,1,1
0.203,0.332,0.26,0,0,1,1
0.206,0.332,0.26,0,0,1,1
0.209,0.332,0.26,0,0,1,1
0.212,0.332,0.26,0,0,1,1
0.215,0.332,0.26,0,0,1,1
0.218,0.332,0.26,0,0,1,1
0.221,0.332,0.26,0,0,1,1
0.224,0.332,0.26,0,0,1,1
0.227,0.332,0.26,0,0,1,1
0.23,0.332,0.26,0,0,1,1
0.233,0.332,0.26,0,0,1,1
0.236,0.332,0.26,0,0,1,1
0.239,0.332,0.26,0,0,1,1
0.242,0.332,0.26,0,0,1,1
0.245,0.332,0.26,0,0,1,1
0.248,0.332,0.26,0,0,1,1
0.251,0.332,0.26,0,0,1,1
0.254,0.332,0.26,0,0,1,1
0.257,0.332,0.26,0,0,1,1
0.26,0.332,0.26,0,0,1,1
0.263,0.332,0.26,0,0,1,1
0.266,0.332,0.26,0,0,1,1
0.269,0.332,0.26,0,0,1,1
0.272,0.332,0.26,0,0,1,1
0.275,0.332,0.26,0,0,1,1
0.278,0.332,0.26,0,0,1,1
0.281,0.332,0.26,0,0,1,1
0.284,0.332,0.26,0,0,1,1
0.287,0.332,0.26,0,0,1,1
0.29,0.332,0.26,0,0,1,1
0.293,0.332,0.26,0,0,1,1
0.296,0.332,0.26,0,0,1,1
0.299,0.332,0.26,0,0,1,1
0.302,0.332,0.26,0,0,1,1
0.305,0.332,0.26,0,0,1,1
0.308,0.332,0.26,0,0,1,1
0.311,0.332,0.26,0,0,1,1
0.314,0.332,0.26,0,0,1,1
0.317,0.332,0.26,0,0,1,1
0.32,0.332,0.26,0,0,1,1
0.323,0.332,0.26,0,0,1,1
0.326,0.332,0.26,0,0,1,1
0.329,0.332,0.26,0,0,1,1
0.332,0.332,0.26,0,0,1,1
0.335,0.332,0.26,0,0,1,1
0.338,0.332,0.26,0,0,1,1
0.341,0.332,0.26,0,0,1,1
0.14,0.329,0.26,0,0,1,1
0.143,0.329,0.26,0,0,1,1
0.146,0.329,0.26,0,0,1,1
0.149,0.329,0.26,0,0,1,1
0.152,0.329,0.26,0,0,1,1
0.155,0.329,0.26,0,0,1,1
0.158,0.329,0.26,0,0,1,1
0.161,0.329,0.26,0,0,1,1
0.164,0.329,0.26,0,0,1,1
0.167,0.329,0.26,0,0,1,1
0.17,0.329,0.26,0,0,1,1
0.173,0.329,0.26,0,0,1,1
0.176,0.329,0.26,0,0,1,1
0.179,0.329,0.26,0,0,1,1
0.182,0.329,0.26,0,0,1,1
0.185,0.329,0.26,0,0,1,1
0.188,0.329,0.26,0,0,1,1
0.191,0.329,0.26,0,0,1,1
0.194,0.329,0.26,0,0,1,1
0.197,0.329,0.26,0,0,1,1
0.2,0.329,0.26,0,0,1,1
0.203,0.329,0.26,0,0,1,1
0.206,0.329,0.26,0,0,1,1
0.209,0.329,0.26,0,0,1,1
0.212,0.329,0.26,0,0,1,1
0.215,0.329,0.26,0,0,1,1
0.218,0.329,0.26,0,0,1,1
0.221,0.329,0.26,0,0,1,1
0.224,0.329,0.26,0,0,1,1
0.227,0.329,0.26,0,0,1,1
0.23,0.329,0.26,0,0,1,1
0.233,0.329,0.26,0,0,1,1
0.236,0.329,0.26,0,0,1,1
0.239,0.329,0.26,0,0,1,1
0.242,0.329,0.26,0,0,1,1
0.245,0.329,0.26,0,0,1,1
0.248,0.329,0.26,0,0,1,1
0.251,0.329,0.26,0,0,1,1
0.254,0.329,0.26,0,0,1,1
0.257,0.329,0.26,0,0,1,1
0.26,0.329,0.26,0,0,1,1
0.263,0.329,0.26,0,0,1,1
0.266,0.329,0.26,0,0,1,1
0.269,0.329,0.26,0,0,1,1
0.272,0.329,0.26,0,0,1,1
0.275,0.329,0.26,0,0,1,1
0.278,0.329,0.26,0,0,1,1
0.281,0.329,0.26,0,0,1,1
0.284,0.329,0.26,0,0,1,1
0.287,0.329,0.26,0,0,1,1
0.29,0.329,0.26,0,0,1,1
0.293,0.329,0.26,0,0,1,1
0.296,0.329,0.26,0,0,1,1
0.299,0.329,0.26,0,0,1,1
0.302,0.329,0.26,0,0,1,1
0.305,0.329,0.26,0,0,1,1
0.308,0.329,0.26,0,0,1,1
0.311,0.329,0.26,0,0,1,1
0.314,0.329,0.26,0,0,1,1
0.317,0.329,0.26,0,0,1,1
0.32,0.329,0.26,0,0,1,1
0.323,0.329,0.26,0,0,1,1
0.326,0.329,0.26,0,0,1,1
0.329,0.329,0.26,0,0,1,1
0.332,0.329,0.26,0,0,1,1
0.335,0.329,0.26,0,0,1,1
0.338,0.329,0.26,0,0,1,1
0.341,0.329,0.26,0,0,1,1
0.14,0.326,0.26,0,0,1,1
0.143,0.326,0.26,0,0,1,1
0.146,0.326,0.26,0,0,1,1
0.149,0.326,0.26,0,0,1,1
0.152,0.326,0.26,0,0,1,1
0.155,0.326,0.26,0,0,1,1
0.158,0.326,0.26,0,0,1,1
0.161,0.326,0.26,0,0,1,1
0.164,0.326,0.26,0,0,1,1
0.167,0.326,0.26,0,0,1,1
0.17,0.326,0.26,0,0,1,1
0.173,0.326,0.26,0,0,1,1
0.176,0.326,0.26,0,0,1,1
0.179,0.326,0.26,0,0,1,1
0.182,0.326,0.26,0,0,1,1
0.185,0.326,0.26,0,0,1,1
0.188,0.326,0.26,0,0,1,1
0.191,0.326,0.26,0,0,1,1
0.194,0.326,0.26,0,0,1,1
0.197,0.326,0.26,0,0,1,1
0.2,0.326,0.26,0,0,1,1
0.203,0.326,0.26,0,0,1,1
0.206,0.326,0.26,0,0,1,1
0.209,0.326,0.26,0,0,1,1
0.212,0.326,0.26,0,0,1,1
0.215,0.326,0.26,0,0,1,1
0.218,0.326,0.26,0,0,1,1
0.221,0.326,0.26,0,0,1,1
0.224,0.326,0.26,0,0,1,1
0.227,0.326,0.26,0,0,1,1
0.23,0.326,0.26,0,0,1,1
0.233,0.326,0.26,0,0,1,1
0.236,0.326,0.26,0,0,1,1
0.239,0.326,0.26,0,0,1,1
0.242,0.326,0.26,0,0,1,1
0.245,0.326,0.26,0,0,1,1
0.248,0.326,0.26,0,0,1,1
0.251,0.326,0.26,0,0,1,1
0.254,0.326,0.26,0,0,1,1
0.257,0.326,0.26,0,0,1,1
0.26,0.326,0.26,0,0,1,1
0.263,0.326,0.26,0,0,1,1
0.266,0.326,0.26,0,0,1,1
0.269,0.326,0.26,0,0,1,1
0.272,0.326,0.26,0,0,1,1
0.275,0.326,0.26,0,0,1,1
0.278,0.326,0.26,0,0,1,1
0.281,0.326,0.26,0,0,1,1
0.284,0.326,0.26,0,0,1,1
0.287,0.326,0.26,0,0,1,1
0.29,0.326,0.26,0,0,1,1
0.293,0.326,0.26,0,0,1,1
0.296,0.326,0.26,0,0,1,1
0.299,0.326,0.26,0,0,1,1
0.302,0.326,0.26,0,0,1,1
0.305,0.326,0.26,0,0,1,1
0.308,0.326,0.26,0,0,1,1
0.311,0.326,0.26,0,0,1,1
0.314,0.326,0.26,0,0,1,1
0.317,0.326,0.26,0,0,1,1
0.32,0.326,0.26,0,0,1,1
0.323,0.326,0.26,0,0,1,1
0.326,0.326,0.26,0,0,1,1
0.329,0.326,0.26,0,0,1,1
0.332,0.326,0.26,0,0,1,1
0.335,0.326,0.26,0,0,1,1
0.338,0.326,0.26,0,0,1,1
0.341,0.326,0.26,0,0,1,1
0.14,0.323,0.26,0,0,1,1
0.143,0.323,0.26,0,0,1,1
0.146,0.323,0.26,0,0,1,1
0.149,0.323,0.26,0,0,1,1
0.152,0.323,0.26,0,0,1,1
0.155,0.323,0.26,0,0,1,1
0.158,0.323,0.26,0,0,1,1
0.161,0.323,0.26,0,0,1,1
0.164,0.323,0.26,0,0,1,1
0.167,0.323,0.26,0,0,1,1
0.17,0.323,0.26,0,0,1,1
0.173,0.323,0.26,0,0,1,1
0.176,0.323,0.26,0,0,1,1
0.179,0.323,0.26,0,0,1,1
0.182,0.323,0.26,0,0,1,1
0.185,0.323,0.26,0,0,1,1
0.188,0.323,0.26,0,0,1,1
0.191,0.323,0.26,0,0,1,1
0.194,0.323,0.26,0,0,1,1
0.197,0.323,0.26,0,0,1,1
0.2,0.323,0.26,0,0,1,1
0.203,0.323,0.26,0,0,1,1
0.206,0.323,0.26,0,0,1,1
0.209,0.323,0.26,0,0,1,1
0.212,0.323,0.26,0,0,1,1
0.215,0.323,0.26,0,0,1,1
0.218,0.323,0.26,0,0,1,1
0.221,0.323,0.26,0,0,1,1
0.224,0.323,0.26,0,0,1,1
0.227,0.323,0.26,0,0,1,1
0.23,0.323,0.26,0,0,1,1
0.233,0.323,0.26,0,0,1,1
0.236,0.323,0.26,0,0,1,1
0.239,0.323,0.26,0,0,1,1
0.242,0.323,0.26,0,0,1,1
0.245,0.323,0.26,0,0,1,1
0.248,0.323,0.26,0,0,1,1
0.251,0.323,0.26,0,0,1,1
0.254,0.323,0.26,0,0,1,1
0.257,0.323,0.26,0,0,1,1
0.26,0.323,0.26,0,0,1,1
0.263,0.323,0.26,0,0,1,1
0.266,0.323,0.26,0,0,1,1
0.269,0.323,0.26,0,0,1,1
0.272,0.323,0.26,0,0,1,1
0.275,0.323,0.26,0,0,1,1
0.278,0.323,0.26,0,0,1,1
0.281,0.323,0.26,0,0,1,1
0.284,0.323,0.26,0,0,1,1
0.287,0.323,0.26,0,0,1,1
0.29,0.323,0.26,0,0,1,1
0.293,0.323,0.26,0,0,1,1
0.296,0.323,0.26,0,0,1,1
0.299,0.323,0.26,0,0,1,1
0.302,0.323,0.26,0,0,1,1
0.305,0.323,0.26,0,0,1,1
0.308,0.323,0.26,0,0,1,1
0.311,0.323,0.26,0,0,1,1
0.314,0.323,0.26,0,0,1,1
0.317,0.323,0.26,0,0,1,1
0.32,0.323,0.26,0,0,1,1
0.323,0.323,0.26,0,0,1,1
0.326,0.323,0.26,0,0,1,1
0.329,0.323,0.26,0,0,1,1
0.332,0.323,0.26,0,0,1,1
0.335,0.323,0.26,0,0,1,1
0.338,0.323,0.26,0,0,1,1
0.341,0.323,0.26,0,0,1,1
0.14,0.32,0.26,0,0,1,1
0.143,0.32,0.26,0,0,1,1
0.146,0.32,0.26,0,0,1,1
0.149,0.32,0.26,0,0,1,1
0.152,0.32,0.26,0,0,1,1
0.155,0.32,0.26,0,0,1,1
0.158,0.32,0.26,0,0,1,1
0.161,0.32,0.26,0,0,1,1
0.164,0.32,0.26,0,0,1,1
0.167,0.32,0.26,0,0,1,1
0.17,0.32,0.26,0,0,1,1
0.173,0.32,0.26,0,0,1,1
0.176,0.32,0.26,0,0,1,1
0.179,0.32,0.26,0,0,1,1
0.182,0.32,0.26,0,0,1,1
0.185,0.32,0.26,0,0,1,1
0.188,0.32,0.26,0,0,1,1
0.191,0.32,0.26,0,0,1,1
0.194,0.32,0.26,0,0,1,1
0.197,0.32,0.26,0,0,1,1
0.2,0.32,0.26,0,0,1,1
0.203,0.32,0.26,0,0,1,1
0.206,0.32,0.26,0,0,1,1
0.209,0.32,0.26,0,0,1,1
0.212,0.32,0.26,0,0,1,1
0.215,0.32,0.26,0,0,1,1
0.218,0.32,0.26,0,0,1,1
0.221,0.32,0.26,0,0,1,1
0.224,0.32,0.26,0,0,1,1
0.227,0.32,0.26,0,0,1,1
0.23,0.32,0.26,0,0,1,1
0.233,0.32,0.26,0,0,1,1
0.236,0.32,0.26,0,0,1,1
0.239,0.32,0.26,0,0,1,1
0.242,0.32,0.26,0,0,1,1
0.245,0.32,0.26,0,0,1,1
0.248,0.32,0.26,0,0,1,1
0.251,0.32,0.26,0,0,1,1
0.254,0.32,0.26,0,0,1,1
0.257,0.32,0.26,0,0,1,1
0.26,0.32,0.26,0,0,1,1
0.263,0.32,0.26,0,0,1,1
0.266,0.32,0.26,0,0,1,1
0.269,0.32,0.26,0,0,1,1
0.272,0.32,0.26,0,0,1,1
0.275,0.32,0.26,0,0,1,1
0.278,0.32,0.26,0,0,1,1
0.281,0.32,0.26,0,0,1,1
0.284,0.32,0.26,0,0,1,1
0.287,0.32,0.26,0,0,1,1
0.29,0.32,0.26,0,0,1,1
0.293,0.32,0.26,0,0,1,1
0.296,0.32,0.26,0,0,1,1
0.299,0.32,0.26,0,0,1,1
0.302,0.32,0.26,0,0,1,1
0.305,0.32,0.26,0,0,1,1
0.308,0.32,0.26,0,0,1,1
0.311,0.32,0.26,0,0,1,1
0.314,0.32,0.26,0,0,1,1
0.317,0.32,0.26,0,0,1,1
0.32,0.32,0.26,0,0,1,1
0.323,0.32,0.26,0,0,1,1
0.326,0.32,0.26,0,0,1,1
0.329,0.32,0.26,0,0,1,1
0.332,0.32,0.26,0,0,1,1
0.335,0.32,0.26,0,0,1,1
0.338,0.32,0.26,0,0,1,1
0.341,0.32,0.26,0,0,1,1
0.14,0.317,0.26,0,0,1,1
0.143,0.317,0.26,0,0,1,1
0.146,0.317,0.26,0,0,1,1
0.149,0.317,0.26,0,0,1,1
0.152,0.317,0.26,0,0,1,1
0.155,0.317,0.26,0,0,1,1
0.158,0.317,0.26,0,0,1,1
0.161,0.317,0.26,0,0,1,1
0.164,0.317,0.26,0,0,1,1
0.167,0.317,0.26,0,0,1,1
0.17,0.317,0.26,0,0,1,1
0.173,0.317,0.26,0,0,1,1
0.176,0.317,0.26,0,0,1,1
0.179,0.317,0.26,0,0,1,1
0.182,0.317,0.26,0,0,1,1
0.185,0.317,0.26,0,0,1,1
0.188,0.317,0.26,0,0,1,1
0.191,0.317,0.26,0,0,1,1
0.194,0.317,0.26,0,0,1,1
0.197,0.317,0.26,0,0,1,1
0.2,0.317,0.26,0,0,1,1
0.203,0.317,0.26,0,0,1,1
0.206,0.317,0.26,0,0,1,1
0.209,0.317,0.26,0,0,1,1
0.212,0.317,0.26,0,0,1,1
0.215,0.317,0.26,0,0,1,1
0.218,0.317,0.26,0,0,1,1
0.221,0.317,0.26,0,0,1,1
0.224,0.317,0.26,0,0,1,1
0.227,0.317,0.26,0,0,1,1
0.23,0.317,0.26,0,0,1,1
0.233,0.317,0.26,0,0,1,1
0.236,0.317,0.26,0,0,1,1
0.239,0.317,0.26,0,0,1,1
0.242,0.317,0.26,0,0,1,1
0.245,0.317,0.26,0,0,1,1
0.248,0.317,0.26,0,0,1,1
0.251,0.317,0.26,0,0,1,1
0.254,0.317,0.26,0,0,1,1
0.257,0.317,0.26,0,0,1,1
0.26,0.317,0.26,0,0,1,1
0.263,0.317,0.26,0,0,1,1
0.266,0.317,0.26,0,0,1,1
0.269,0.317,0.26,0,0,1,1
0.272,0.317,0.26,0,0,1,1
0.275,0.317,0.26,0,0,1,1
0.278,0.317,0.26,0,0,1,1
0.281,0.317,0.26,0,0,1,1
0.284,0.317,0.26,0,0,1,1
0.287,0.317,0.26,0,0,1,1
0.29,0.317,0.26,0,0,1,1
0.293,0.317,0.26,0,0,1,1
0.296,0.317,0.26,0,0,1,1
0.299,0.317,0.26,0,0,1,1
0.302,0.317,0.26,0,0,1,1
0.305,0.317,0.26,0,0,1,1
0.308,0.317,0.26,0,0,1,1
0.311,0.317,0.26,0,0,1,1
0.314,0.317,0.26,0,0,1,1
0.317,0.317,0.26,0,0,1,1
0.32,0.317,0.26,0,0,1,1
0.323,0.317,0.26,0,0,1,1
0.326,0.317,0.26,0,0,1,1
0.329,0.317,0.26,0,0,1,1
0.332,0.317,0.26,0,0,1,1
0.335,0.317,0.26,0,0,1,1
0.338,0.317,0.26,0,0,1,1
0.341,0.317,0.26,0,0,1,1
0.14,0.314,0.26,0,0,1,1
0.143,0.314,0.26,0,0,1,1
0.146,0.314,0.26,0,0,1,1
0.149,0.314,0.26,0,0,1,1
0.152,0.314,0.26,0,0,1,1
0.155,0.314,0.26,0,0,1,1
0.158,0.314,0.26,0,0,1,1
0.161,0.314,0.26,0,0,1,1
0.164,0.314,0.26,0,0,1,1
0.167,0.314,0.26,0,0,1,1
0.17,0.314,0.26,0,0,1,1
0.173,0.314,0.26,0,0,1,1
0.176,0.314,0.26,0,0,1,1
0.179,0.314,0.26,0,0,1,1
0.182,0.314,0.26,0,0,1,1
0.185,0.314,0.26,0,0,1,1
0.188,0.314,0.26,0,0,1,1
0.191,0.314,0.26,0,0,1,1
0.194,0.314,0.26,0,0,1,1
0.197,0.314,0.26,0,0,1,1
0.2,0.314,0.26,0,0,1,1
0.203,0.314,0.26,0,0,1,1
0.206,0.314,0.26,0,0,1,1
0.209,0.314,0.26,0,0,1,1
0.212,0.314,0.26,0,0,1,1
0.215,0.314,0.26,0,0,1,1
0.218,0.314,0.26,0,0,1,1
0.221,0.314,0.26,0,0,1,1
0.224,0.314,0.26,0,0,1,1
0.227,0.314,0.26,0,0,1,1
0.23,0.314,0.26,0,0,1,1
0.233,0.314,0.26,0,0,1,1
0.236,0.314,0.26,0,0,1,1
0.239,0.314,0.26,0,0,1,1
0.242,0.314,0.26,0,0,1,1
0.245,0.314,0.26,0,0,1,1
0.248,0.314,0.26,0,0,1,1
0.251,0.314,0.26,0,0,1,1
0.254,0.314,0.26,0,0,1,1
0.257,0.314,0.26,0,0,1,1
0.26,0.314,0.26,0,0,1,1
0.263,0.314,0.26,0,0,1,1
0.266,0.314,0.26,0,0,1,1
0.269,0.314,0.26,0,0,1,1
0.272,0.314,0.26,0,0,1,1
0.275,0.314,0.26,0,0,1,1
0.278,0.314,0.26,0,0,1,1
0.281,0.314,0.26,0,0,1,1
0.284,0.314,0.26,0,0,1,1
0.287,0.314,0.26,0,0,1,1
0.29,0.314,0.26,0,0,1,1
0.293,0.314,0.26,0,0,1,1
0.296,0.314,0.26,0,0,1,1
0.299,0.314,0.26,0,0,1,1
0.302,0.314,0.26,0,0,1,1
0.305,0.314,0.26,0,0,1,1
0.308,0.314,0.26,0,0,1,1
0.311,0.314,0.26,0,0,1,1
0.314,0.314,0.26,0,0,1,1
0.317,0.314,0.26,0,0,1,1
0.32,0.314,0.26,0,0,1,1
0.323,0.314,0.26,0,0,1,1
0.326,0.314,0.26,0,0,1,1
0.329,0.314,0.26,0,0,1,1
0.332,0.314,0.26,0,0,1,1
0.335,0.314,0.26,0,0,1,1
0.338,0.314,0.26,0,0,1,1
0.341,0.314,0.26,0,0,1,1
0.14,0.311,0.26,0,0,1,1
0.143,0.311,0.26,0,0,1,1
0.146,0.311,0.26,0,0,1,1
0.149,0.311,0.26,0,0,1,1
0.152,0.311,0.26,0,0,1,1
0.155,0.311,0.26,0,0,1,1
0.158,0.311,0.26,0,0,1,1
0.161,0.311,0.26,0,0,1,1
0.164,0.311,0.26,0,0,1,1
0.167,0.311,0.26,0,0,1,1
0.17,0.311,0.26,0,0,1,1
0.173,0.311,0.26,0,0,1,1
0.176,0.311,0.26,0,0,1,1
0.179,0.311,0.26,0,0,1,1
0.182,0.311,0.26,0,0,1,1
0.185,0.311,0.26,0,0,1,1
0.188,0.311,0.26,0,0,1,1
0.191,0.311,0.26,0,0,1,1
0.194,0.311,0.26,0,0,1,1
0.197,0.311,0.26,0,0,1,1
0.2,0.311,0.26,0,0,1,1
0.203,0.311,0.26,0,0,1,1
0.206,0.311,0.26,0,0,1,1
0.209,0.311,0.26,0,0,1,1
0.212,0.311,0.26,0,0,1,1
0.215,0.311,0.26,0,0,1,1
0.218,0.311,0.26,0,0,1,1
0.221,0.311,0.26,0,0,1,1
0.224,0.311,0.26,0,0,1,1
0.227,0.311,0.26,0,0,1,1
0.23,0.311,0.26,0,0,1,1
0.233,0.311,0.26,0,0,1,1
0.236,0.311,0.26,0,0,1,1
0.239,0.311,0.26,0,0,1,1
0.242,0.311,0.26,0,0,1,1
0.245,0.311,0.26,0,0,1,1
0.248,0.311,0.26,0,0,1,1
0.251,0.311,0.26,0,0,1,1
0.254,0.311,0.26,0,0,1,1
0.257,0.311,0.26,0,0,1,1
0.26,0.311,0.26,0,0,1,1
0.263,0.311,0.26,0,0,1,1
0.266,0.311,0.26,0,0,1,1
0.269,0.311,0.26,0,0,1,1
0.272,0.311,0.26,0,0,1,1
0.275,0.311,0.26,0,0,1,1
0.278,0.311,0.26,0,0,1,1
0.281,0.311,0.26,0,0,1,1
0.284,0.311,0.26,0,0,1,1
0.287,0.311,0.26,0,0,1,1
0.29,0.311,0.26,0,0,1,1
0.293,0.311,0.26,0,0,1,1
0.296,0.311,0.26,0,0,1,1
0.299,0.311,0.26,0,0,1,1
0.302,0.311,0.26,0,0,1,1
0.305,0.311,0.26,0,0,1,1
0.308,0.311,0.26,0,0,1,1
0.311,0.311,0.26,0,0,1,1
0.314,0.311,0.26,0,0,1,1
0.317,0.311,0.26,0,0,1,1
0.32,0.311,0.26,0,0,1,1
0.323,0.311,0.26,0,0,1,1
0.326,0.311,0.26,0,0,1,1
0.329,0.311,0.26,0,0,1,1
0.332,0.311,0.26,0,0,1,1
0.335,0.311,0.26,0,0,1,1
0.338,0.311,0.26,0,0,1,1
0.341,0.311,0.26,0,0,1,1
0.14,0.308,0.26,0,0,1,1
0.143,0.308,0.26,0,0,1,1
0.146,0.308,0.26,0,0,1,1
0.149,0.308,0.26,0,0,1,1
0.152,0.308,0.26,0,0,1,1
0.155,0.308,0.26,0,0,1,1
0.158,0.308,0.26,0,0,1,1
0.161,0.308,0.26,0,0,1,1
0.164,0.308,0.26,0,0,1,1
0.167,0.308,0.26,0,0,1,1
0.17,0.308,0.26,0,0,1,1
0.173,0.308,0.26,0,0,1,1
0.176,0.308,0.26,0,0,1,1
0.179,0.308,0.26,0,0,1,1
0.182,0.308,0.26,0,0,1,1
0.185,0.308,0.26,0,0,1,1
0.188,0.308,0.26,0,0,1,1
0.191,0.308,0.26,0,0,1,1
0.194,0.308,0.26,0,0,1,1
0.197,0.308,0.26,0,0,1,1
0.2,0.308,0.26,0,0,1,1
0.203,0.308,0.26,0,0,1,1
0.206,0.308,0.26,0,0,1,1
0.209,0.308,0.26,0,0,1,1
0.212,0.308,0.26,0,0,1,1
0.215,0.308,0.26,0,0,1,1
0.218,0.308,0.26,0,0,1,1
0.221,0.308,0.26,0,0,1,1
0.224,0.308,0.26,0,0,1,1
0.227,0.308,0.26,0,0,1,1
0.23,0.308,0.26,0,0,1,1
0.233,0.308,0.26,0,0,1,1
0.236,0.308,0.26,0,0,1,1
0.239,0.308,0.26,0,0,1,1
0.242,0.308,0.26,0,0,1,1
0.245,0.308,0.26,0,0,1,1
0.248,0.308,0.26,0,0,1,1
0.251,0.308,0.26,0,0,1,1
0.254,0.308,0.26,0,0,1,1
0.257,0.308,0.26,0,0,1,1
0.26,0.308,0.26,0,0,1,1
0.263,0.308,0.26,0,0,1,1
0.266,0.308,0.26,0,0,1,1
0.269,0.308,0.26,0,0,1,1
0.272,0.308,0.26,0,0,1,1
0.275,0.308,0.26,0,0,1,1
0.278,0.308,0.26,0,0,1,1
0.281,0.308,0.26,0,0,1,1
0.284,0.308,0.26,0,0,1,1
0.287,0.308,0.26,0,0,1,1
0.29,0.308,0.26,0,0,1,1
0.293,0.308,0.26,0,0,1,1
0.296,0.308,0.26,0,0,1,1
0.299,0.308,0.26,0,0,1,1
0.302,0.308,0.26,0,0,1,1
0.305,0.308,0.26,0,0,1,1
0.308,0.308,0.26,0,0,1,1
0.311,0.308,0.26,0,0,1,1
0.314,0.308,0.26,0,0,1,1
0.317,0.308,0.26,0,0,1,1
0.32,0.308,0.26,0,0,1,1
0.323,0.308,0.26,0,0,1,1
0.326,0.308,0.26,0,0,1,1
0.329,0.308,0.26,0,0,1,1
0.332,0.308,0.26,0,0,1,1
0.335,0.308,0.26,0,0,1,1
0.338,0.308,0.26,0,0,1,1
0.341,0.308,0.26,0,0,1,1
0.14,0.305,0.26,0,0,1,1
0.143,0.305,0.26,0,0,1,1
0.146,0.305,0.26,0,0,1,1
0.149,0.305,0.26,0,0,1,1
0.152,0.305,0.26,0,0,1,1
0.155,0.305,0.26,0,0,1,1
0.158,0.305,0.26,0,0,1,1
0.161,0.305,0.26,0,0,1,1
0.164,0.305,0.26,0,0,1,1
0.167,0.305,0.26,0,0,1,1
0.17,0.305,0.26,0,0,1,1
0.173,0.305,0.26,0,0,1,1
0.176,0.305,0.26,0,0,1,1
0.179,0.305,0.26,0,0,1,1
0.182,0.305,0.26,0,0,1,1
0.185,0.305,0.26,0,0,1,1
0.188,0.305,0.26,0,0,1,1
0.191,0.305,0.26,0,0,1,1
0.194,0.305,0.26,0,0,1,1
0.197,0.305,0.26,0,0,1,1
0.2,0.305,0.26,0,0,1,1
0.203,0.305,0.26,0,0,1,1
0.206,0.305,0.26,0,0,1,1
0.209,0.305,0.26,0,0,1,1
0.212,0.305,0.26,0,0,1,1
0.215,0.305,0.26,0,0,1,1
0.218,0.305,0.26,0,0,1,1
0.221,0.305,0.26,0,0,1,1
0.224,0.305,0.26,0,0,1,1
0.227,0.305,0.26,0,0,1,1
0.23,0.305,0.26,0,0,1,1
0.233,0.305,0.26,0,0,1,1
0.236,0.305,0.26,0,0,1,1
0.239,0.305,0.26,0,0,1,1
0.242,0.305,0.26,0,0,1,1
0.245,0.305,0.26,0,0,1,1
0.248,0.305,0.26,0,0,1,1
0.251,0.305,0.26,0,0,1,1
0.254,0.305,0.26,0,0,1,1
0.257,0.305,0.26,0,0,1,1
0.26,0.305,0.26,0,0,1,1
0.263,0.305,0.26,0,0,1,1
0.266,0.305,0.26,0,0,1,1
0.269,0.305,0.26,0,0,1,1
0.272,0.305,0.26,0,0,1,1
0.275,0.305,0.26,0,0,1,1
0.278,0.305,0.26,0,0,1,1
0.281,0.305,0.26,0,0,1,1
0.284,0.305,0.26,0,0,1,1
0.287,0.305,0.26,0,0,1,1
0.29,0.305,0.26,0,0,1,1
0.293,0.305,0.26,0,0,1,1
0.296,0.305,0.26,0,0,1,1
0.299,0.305,0.26,0,0,1,1
0.302,0.305,0.26,0,0,1,1
0.305,0.305,0.26,0,0,1,1
0.308,0.305,0.26,0,0,1,1
0.311,0.305,0.26,0,0,1,1
0.314,0.305,0.26,0,0,1,1
0.317,0.305,0.26,0,0,1,1
0.32,0.305,0.26,0,0,1,1
0.323,0.305,0.26,0,0,1,1
0.326,0.305,0.26,0,0,1,1
0.329,0.305,0.26,0,0,1,1
0.332,0.305,0.26,0,0,1,1
0.335,0.305,0.26,0,0,1,1
0.338,0.305,0.26,0,0,1,1
0.341,0.305,0.26,0,0,1,1
0.14,0.302,0.26,0,0,1,1
0.143,0.302,0.26,0,0,1,1
0.146,0.302,0.26,0,0,1,1
0.149,0.302,0.26,0,0,1,1
0.152,0.302,0.26,0,0,1,1
0.155,0.302,0.26,0,0,1,1
0.158,0.302,0.26,0,0,1,1
0.161,0.302,0.26,0,0,1,1
0.164,0.302,0.26,0,0,1,1
0.167,0.302,0.26,0,0,1,1
0.17,0.302,0.26,0,0,1,1
0.173,0.302,0.26,0,0,1,1
0.176,0.302,0.26,0,0,1,1
0.179,0.302,0.26,0,0,1,1
0.182,0.302,0.26,0,0,1,1
0.185,0.302,0.26,0,0,1,1
0.188,0.302,0.26,0,0,1,1
0.191,0.302,0.26,0,0,1,1
0.194,0.302,0.26,0,0,1,1
0.197,0.302,0.26,0,0,1,1
0.2,0.302,0.26,0,0,1,1
0.203,0.302,0.26,0,0,1,1
0.206,0.302,0.26,0,0,1,1
0.209,0.302,0.26,0,0,1,1
0.212,0.302,0.26,0,0,1,1
0.215,0.302,0.26,0,0,1,1
0.218,0.302,0.26,0,0,1,1
0.221,0.302,0.26,0,0,1,1
0.224,0.302,0.26,0,0,1,1
0.227,0.302,0.26,0,0,1,1
0.23,0.302,0.26,0,0,1,1
0.233,0.302,0.26,0,0,1,1
0.236,0.302,0.26,0,0,1,1
0.239,0.302,0.26,0,0,1,1
0.242,0.302,0.26,0,0,1,1
0.245,0.302,0.26,0,0,1,1
0.248,0.302,0.26,0,0,1,1
0.251,0.302,0.26,0,0,1,1
0.254,0.302,0.26,0,0,1,1
0.257,0.302,0.26,0,0,1,1
0.26,0.302,0.26,0,0,1,1
0.263,0.302,0.26,0,0,1,1
0.266,0.302,0.26,0,0,1,1
0.269,0.302,0.26,0,0,1,1
0.272,0.302,0.26,0,0,1,1
0.275,0.302,0.26,0,0,1,1
0.278,0.302,0.26,0,0,1,1
0.281,0.302,0.26,0,0,1,1
0.284,0.302,0.26,0,0,1,1
0.287,0.302,0.26,0,0,1,1
0.29,0.302,0.26,0,0,1,1
0.293,0.302,0.26,0,0,1,1
0.296,0.302,0.26,0,0,1,1
0.299,0.302,0.26,0,0,1,1
0.302,0.302,0.26,0,0,1,1
0.305,0.302,0.26,0,0,1,1
0.308,0.302,0.26,0,0,1,1
0.311,0.302,0.26,0,0,1,1
0.314,0.302,0.26,0,0,1,1
0.317,0.302,0.26,0,0,1,1
0.32,0.302,0.26,0,0,1,1
0.323,0.302,0.26,0,0,1,1
0.326,0.302,0.26,0,0,1,1
0.329,0.302,0.26,0,0,1,1
0.332,0.302,0.26,0,0,1,1
0.335,0.302,0.26,0,0,1,1
0.338,0.302,0.26,0,0,1,1
0.341,0.302,0.26,0,0,1,1
0.14,0.299,0.26,0,0,1,1
0.143,0.299,0.26,0,0,1,1
0.146,0.299,0.26,0,0,1,1
0.149,0.299,0.26,0,0,1,1
0.152,0.299,0.26,0,0,1,1
0.155,0.299,0.26,0,0,1,1
0.158,0.299,0.26,0,0,1,1
0.161,0.299,0.26,0,0,1,1
0.164,0.299,0.26,0,0,1,1
0.167,0.299,0.26,0,0,1,1
0.17,0.299,0.26,0,0,1,1
0.173,0.299,0.26,0,0,1,1
0.176,0.299,0.26,0,0,1,1
0.179,0.299,0.26,0,0,1,1
0.182,0.299,0.26,0,0,1,1
0.185,0.299,0.26,0,0,1,1
0.188,0.299,0.26,0,0,1,1
0.191,0.299,0.26,0,0,1,1
0.194,0.299,0.26,0,0,1,1
0.197,0.299,0.26,0,0,1,1
0.2,0.299,0.26,0,0,1,1
0.203,0.299,0.26,0,0,1,1
0.206,0.299,0.26,0,0,1,1
0.209,0.299,0.26,0,0,1,1
0.212,0.299,0.26,0,0,1,1
0.215,0.299,0.26,0,0,1,1
0.218,0.299,0.26,0,0,1,1
0.221,0.299,0.26,0,0,1,1
0.224,0.299,0.26,0,0,1,1
0.227,0.299,0.26,0,0,1,1
0.23,0.299,0.26,0,0,1,1
0.233,0.299,0.26,0,0,1,1
0.236,0.299,0.26,0,0,1,1
0.239,0.299,0.26,0,0,1,1
0.242,0.299,0.26,0,0,1,1
0.245,0.299,0.26,0,0,1,1
0.248,0.299,0.26,0,0,1,1
0.251,0.299,0.26,0,0,1,1
0.254,0.299,0.26,0,0,1,1
0.257,0.299,0.26,0,0,1,1
0.26,0.299,0.26,0,0,1,1
0.263,0.299,0.26,0,0,1,1
0.266,0.299,0.26,0,0,1,1
0.269,0.299,0.26,0,0,1,1
0.272,0.299,0.26,0,0,1,1
0.275,0.299,0.26,0,0,1,1
0.278,0.299,0.26,0,0,1,1
0.281,0.299,0.26,0,0,1,1
0.284,0.299,0.26,0,0,1,1
0.287,0.299,0.26,0,0,1,1
0.29,0.299,0.26,0,0,1,1
0.293,0.299,0.26,0,0,1,1
0.296,0.299,0.26,0,0,1,1
0.299,0.299,0.26,0,0,1,1
0.302,0.299,0.26,0,0,1,1
0.305,0.299,0.26,0,0,1,1
0.308,0.299,0.26,0,0,1,1
0.311,0.299,0.26,0,0,1,1
0.314,0.299,0.26,0,0,1,1
0.317,0.299,0.26,0,0,1,1
0.32,0.299,0.26,0,0,1,1
0.323,0.299,0.26,0,0,1,1
0.326,0.299,0.26,0,0,1,1
0.329,0.299,0.26,0,0,1,1
0.332,0.299,0.26,0,0,1,1
0.335,0.299,0.26,0,0,1,1
0.338,0.299,0.26,0,0,1,1
0.341,0.299,0.26,0,0,1,1
0.14,0.296,0.26,0,0,1,1
0.143,0.296,0.26,0,0,1,1
0.146,0.296,0.26,0,0,1,1
0.149,0.296,0.26,0,0,1,1
0.152,0.296,0.26,0,0,1,1
0.155,0.296,0.26,0,0,1,1
0.158,0.296,0.26,0,0,1,1
0.161,0.296,0.26,0,0,1,1
0.164,0.296,0.26,0,0,1,1
0.167,0.296,0.26,0,0,1,1
0.17,0.296,0.26,0,0,1,1
0.173,0.296,0.26,0,0,1,1
0.176,0.296,0.26,0,0,1,1
0.179,0.296,0.26,0,0,1,1
0.182,0.296,0.26,0,0,1,1
0.185,0.296,0.26,0,0,1,1
0.188,0.296,0.26,0,0,1,1
0.191,0.296,0.26,0,0,1,1
0.194,0.296,0.26,0,0,1,1
0.197,0.296,0.26,0,0,1,1
0.2,0.296,0.26,0,0,1,1
0.203,0.296,0.26,0,0,1,1
0.206,0.296,0.26,0,0,1,1
0.209,0.296,0.26,0,0,1,1
0.212,0.296,0.26,0,0,1,1
0.215,0.296,0.26,0,0,1,1
0.218,0.296,0.26,0,0,1,1
0.221,0.296,0.26,0,0,1,1
0.224,0.296,0.26,0,0,1,1
0.227,0.296,0.26,0,0,1,1
0.23,0.296,0.26,0,0,1,1
0.233,0.296,0.26,0,0,1,1
0.236,0.296,0.26,0,0,1,1
0.239,0.296,0.26,0,0,1,1
0.242,0.296,0.26,0,0,1,1
0.245,0.296,0.26,0,0,1,1
0.248,0.296,0.26,0,0,1,1
0.251,0.296,0.26,0,0,1,1
0.254,0.296,0.26,0,0,1,1
0.257,0.296,0.26,0,0,1,1
0.26,0.296,0.26,0,0,1,1
0.263,0.296,0.26,0,0,1,1
0.266,0.296,0.26,0,0,1,1
0.269,0.296,0.26,0,0,1,1
0.272,0.296,0.26,0,0,1,1
0.275,0.296,0.26,0,0,1,1
0.278,0.296,0.26,0,0,1,1
0.281,0.296,0.26,0,0,1,1
0.284,0.296,0.26,0,0,1,1
0.287,0.296,0.26,0,0,1,1
0.29,0.296,0.26,0,0,1,1
0.293,0.296,0.26,0,0,1,1
0.296,0.296,0.26,0,0,1,1
0.299,0.296,0.26,0,0,1,1
0.302,0.296,0.26,0,0,1,1
0.305,0.296,0.26,0,0,1,1
0.308,0.296,0.26,0,0,1,1
0.311,0.296,0.26,0,0,1,1
0.314,0.296,0.26,0,0,1,1
0.317,0.296,0.26,0,0,1,1
0.32,0.296,0.26,0,0,1,1
0.323,0.296,0.26,0,0,1,1
0.326,0.296,0.26,0,0,1,1
0.329,0.296,0.26,0,0,1,1
0.332,0.296,0.26,0,0,1,1
0.335,0.296,0.26,0,0,1,1
0.338,0.296,0.26,0,0,1,1
0.341,0.296,0.26,0,0,1,1
0.14,0.293,0.26,0,0,1,1
0.143,0.293,0.26,0,0,1,1
0.146,0.293,0.26,0,0,1,1
0.149,0.293,0.26,0,0,1,1
0.152,0.293,0.26,0,0,1,1
0.155,0.293,0.26,0,0,1,1
0.158,0.293,0.26,0,0,1,1
0.161,0.293,0.26,0,0,1,1
0.164,0.293,0.26,0,0,1,1
0.167,0.293,0.26,0,0,1,1
0.17,0.293,0.26,0,0,1,1
0.173,0.293,0.26,0,0,1,1
0.176,0.293,0.26,0,0,1,1
0.179,0.293,0.26,0,0,1,1
0.182,0.293,0.26,0,0,1,1
0.185,0.293,0.26,0,0,1,1
0.188,0.293,0.26,0,0,1,1
0.191,0.293,0.26,0,0,1,1
0.194,0.293,0.26,0,0,1,1
0.197,0.293,0.26,0,0,1,1
0.2,0.293,0.26,0,0,1,1
0.203,0.293,0.26,0,0,1,1
0.206,0.293,0.26,0,0,1,1
0.209,0.293,0.26,0,0,1,1
0.212,0.293,0.26,0,0,1,1
0.215,0.293,0.26,0,0,1,1
0.218,0.293,0.26,0,0,1,1
0.221,0.293,0.26,0,0,1,1
0.224,0.293,0.26,0,0,1,1
0.227,0.293,0.26,0,0,1,1
0.23,0.293,0.26,0,0,1,1
0.233,0.293,0.26,0,0,1,1
0.236,0.293,0.26,0,0,1,1
0.239,0.293,0.26,0,0,1,1
0.242,0.293,0.26,0,0,1,1
0.245,0.293,0.26,0,0,1,1
0.248,0.293,0.26,0,0,1,1
0.251,0.293,0.26,0,0,1,1
0.254,0.293,0.26,0,0,1,1
0.257,0.293,0.26,0,0,1,1
0.26,0.293,0.26,0,0,1,1
0.263,0.293,0.26,0,0,1,1
0.266,0.293,0.26,0,0,1,1
0.269,0.293,0.26,0,0,1,1
0.272,0.293,0.26,0,0,1,1
0.275,0.293,0.26,0,0,1,1
0.278,0.293,0.26,0,0,1,1
0.281,0.293,0.26,0,0,1,1
0.284,0.293,0.26,0,0,1,1
0.287,0.293,0.26,0,0,1,1
0.29,0.293,0.26,0,0,1,1
0.293,0.293,0.26,0,0,1,1
0.296,0.293,0.26,0,0,1,1
0.299,0.293,0.26,0,0,1,1
0.302,0.293,0.26,0,0,1,1
0.305,0.293,0.26,0,0,1,1
0.308,0.293,0.26,0,0,1,1
0.311,0.293,0.26,0,0,1,1
0.314,0.293,0.26,0,0,1,1
0.317,0.293,0.26,0,0,1,1
0.32,0.293,0.26,0,0,1,1
0.323,0.293,0.26,0,0,1,1
0.326,0.293,0.26,0,0,1,1
0.329,0.293,0.26,0,0,1,1
0.332,0.293,0.26,0,0,1,1
0.335,0.293,0.26,0,0,1,1
0.338,0.293,0.26,0,0,1,1
0.341,0.293,0.26,0,0,1,1
0.14,0.29,0.26,0,0,1,1
0.143,0.29,0.26,0,0,1,1
0.146,0.29,0.26,0,0,1,1
0.149,0.29,0.26,0,0,1,1
0.152,0.29,0.26,0,0,1,1
0.155,0.29,0.26,0,0,1,1
0.158,0.29,0.26,0,0,1,1
0.161,0.29,0.26,0,0,1,1
0.164,0.29,0.26,0,0,1,1
0.167,0.29,0.26,0,0,1,1
0.17,0.29,0.26,0,0,1,1
0.173,0.29,0.26,0,0,1,1
0.176,0.29,0.26,0,0,1,1
0.179,0.29,0.26,0,0,1,1
0.182,0.29,0.26,0,0,1,1
0.185,0.29,0.26,0,0,1,1
0.188,0.29,0.26,0,0,1,1
0.191,0.29,0.26,0,0,1,1
0.194,0.29,0.26,0,0,1,1
0.197,0.29,0.26,0,0,1,1
0.2,0.29,0.26,0,0,1,1
0.203,0.29,0.26,0,0,1,1
0.206,0.29,0.26,0,0,1,1
0.209,0.29,0.26,0,0,1,1
0.212,0.29,0.26,0,0,1,1
0.215,0.29,0.26,0,0,1,1
0.218,0.29,0.26,0,0,1,1
0.221,0.29,0.26,0,0,1,1
0.224,0.29,0.26,0,0,1,1
0.227,0.29,0.26,0,0,1,1
0.23,0.29,0.26,0,0,1,1
0.233,0.29,0.26,0,0,1,1
0.236,0.29,0.26,0,0,1,1
0.239,0.29,0.26,0,0,1,1
0.242,0.29,0.26,0,0,1,1
0.245,0.29,0.26,0,0,1,1
0.248,0.29,0.26,0,0,1,1
0.251,0.29,0.26,0,0,1,1
0.254,0.29,0.26,0,0,1,1
0.257,0.29,0.26,0,0,1,1
0.26,0.29,0.26,0,0,1,1
0.263,0.29,0.26,0,0,1,1
0.266,0.29,0.26,0,0,1,1
0.269,0.29,0.26,0,0,1,1
0.272,0.29,0.26,0,0,1,1
0.275,0.29,0.26,0,0,1,1
0.278,0.29,0.26,0,0,1,1
0.281,0.29,0.26,0,0,1,1
0.284,0.29,0.26,0,0,1,1
0.287,0.29,0.26,0,0,1,1
0.29,0.29,0.26,0,0,1,1
0.293,0.29,0.26,0,0,1,1
0.296,0.29,0.26,0,0,1,1
0.299,0.29,0.26,0,0,1,1
0.302,0.29,0.26,0,0,1,1
0.305,0.29,0.26,0,0,1,1
0.308,0.29,0.26,0,0,1,1
0.311,0.29,0.26,0,0,1,1
0.314,0.29,0.26,0,0,1,1
0.317,0.29,0.26,0,0,1,1
0.32,0.29,0.26,0,0,1,1
0.323,0.29,0.26,0,0,1,1
0.326,0.29,0.26,0,0,1,1
0.329,0.29,0.26,0,0,1,1
0.332,0.29,0.26,0,0,1,1
0.335,0.29,0.26,0,0,1,1
0.338,0.29,0.26,0,0,1,1
0.341,0.29,0.26,0,0,1,1
0.14,0.287,0.26,0,0,1,1
0.143,0.287,0.26,0,0,1,1
0.146,0.287,0.26,0,0,1,1
0.149,0.287,0.26,0,0,1,1
0.152,0.287,0.26,0,0,1,1
0.155,0.287,0.26,0,0,1,1
0.158,0.287,0.26,0,0,1,1
0.161,0.287,0.26,0,0,1,1
0.164,0.287,0.26,0,0,1,1
0.167,0.287,0.26,0,0,1,1
0.17,0.287,0.26,0,0,1,1
0.173,0.287,0.26,0,0,1,1
0.176,0.287,0.26,0,0,1,1
0.179,0.287,0.26,0,0,1,1
0.182,0.287,0.26,0,0,1,1
0.185,0.287,0.26,0,0,1,1
0.188,0.287,0.26,0,0,1,1
0.191,0.287,0.26,0,0,1,1
0.194,0.287,0.26,0,0,1,1
0.197,0.287,0.26,0,0,1,1
0.2,0.287,0.26,0,0,1,1
0.203,0.287,0.26,0,0,1,1
0.206,0.287,0.26,0,0,1,1
0.209,0.287,0.26,0,0,1,1
0.212,0.287,0.26,0,0,1,1
0.215,0.287,0.26,0,0,1,1
0.218,0.287,0.26,0,0,1,1
0.221,0.287,0.26,0,0,1,1
0.224,0.287,0.26,0,0,1,1
0.227,0.287,0.26,0,0,1,1
0.23,0.287,0.26,0,0,1,1
0.233,0.287,0.26,0,0,1,1
0.236,0.287,0.26,0,0,1,1
0.239,0.287,0.26,0,0,1,1
0.242,0.287,0.26,0,0,1,1
0.245,0.287,0.26,0,0,1,1
0.248,0.287,0.26,0,0,1,1
0.251,0.287,0.26,0,0,1,1
0.254,0.287,0.26,0,0,1,1
0.257,0.287,0.26,0,0,1,1
0.26,0.287,0.26,0,0,1,1
0.263,0.287,0.26,0,0,1,1
0.266,0.287,0.26,0,0,1,1
0.269,0.287,0.26,0,0,1,1
0.272,0.287,0.26,0,0,1,1
0.275,0.287,0.26,0,0,1,1
0.278,0.287,0.26,0,0,1,1
0.281,0.287,0.26,0,0,1,1
0.284,0.287,0.26,0,0,1,1
0.287,0.287,0.26,0,0,1,1
0.29,0.287,0.26,0,0,1,1
0.293,0.287,0.26,0,0,1,1
0.296,0.287,0.26,0,0,1,1
0.299,0.287,0.26,0,0,1,1
0.302,0.287,0.26,0,0,1,1
0.305,0.287,0.26,0,0,1,1
0.308,0.287,0.26,0,0,1,1
0.311,0.287,0.26,0,0,1,1
0.314,0.287,0.26,0,0,1,1
0.317,0.287,0.26,0,0,1,1
0.32,0.287,0.26,0,0,1,1
0.323,0.287,0.26,0,0,1,1
0.326,0.287,0.26,0,0,1,1
0.329,0.287,0.26,0,0,1,1
0.332,0.287,0.26,0,0,1,1
0.335,0.287,0.26,0,0,1,1
0.338,0.287,0.26,0,0,1,1
0.341,0.287,0.26,0,0,1,1
0.14,0.284,0.26,0,0,1,1
0.143,0.284,0.26,0,0,1,1
0.146,0.284,0.26,0,0,1,1
0.149,0.284,0.26,0,0,1,1
0.152,0.284,0.26,0,0,1,1
0.155,0.284,0.26,0,0,1,1
0.158,0.284,0.26,0,0,1,1
0.161,0.284,0.26,0,0,1,1
0.164,0.284,0.26,0,0,1,1
0.167,0.284,0.26,0,0,1,1
0.17,0.284,0.26,0,0,1,1
0.173,0.284,0.26,0,0,1,1
0.176,0.284,0.26,0,0,1,1
0.179,0.284,0.26,0,0,1,1
0.182,0.284,0.26,0,0,1,1
0.185,0.284,0.26,0,0,1,1
0.188,0.284,0.26,0,0,1,1
0.191,0.284,0.26,0,0,1,1
0.194,0.284,0.26,0,0,1,1
0.197,0.284,0.26,0,0,1,1
0.2,0.284,0.26,0,0,1,1
0.203,0.284,0.26,0,0,1,1
0.206,0.284,0.26,0,0,1,1
0.209,0.284,0.26,0,0,1,1
0.212,0.284,0.26,0,0,1,1
0.215,0.284,0.26,0,0,1,1
0.218,0.284,0.26,0,0,1,1
0.221,0.284,0.26,0,0,1,1
0.224,0.284,0.26,0,0,1,1
0.227,0.284,0.26,0,0,1,1
0.23,0.284,0.26,0,0,1,1
0.233,0.284,0.26,0,0,1,1
0.236,0.284,0.26,0,0,1,1
0.239,0.284,0.26,0,0,1,1
0.242,0.284,0.26,0,0,1,1
0.245,0.284,0.26,0,0,1,1
0.248,0.284,0.26,0,0,1,1
0.251,0.284,0.26,0,0,1,1
0.254,0.284,0.26,0,0,1,1
0.257,0.284,0.26,0,0,1,1
0.26,0.284,0.26,0,0,1,1
0.263,0.284,0.26,0,0,1,1
0.266,0.284,0.26,0,0,1,1
0.269,0.284,0.26,0,0,1,1
0.272,0.284,0.26,0,0,1,1
0.275,0.284,0.26,0,0,1,1
0.278,0.284,0.26,0,0,1,1
0.281,0.284,0.26,0,0,1,1
0.284,0.284,0.26,0,0,1,1
0.287,0.284,0.26,0,0,1,1
0.29,0.284,0.26,0,0,1,1
0.293,0.284,0.26,0,0,1,1
0.296,0.284,0.26,0,0,1,1
0.299,0.284,0.26,0,0,1,1
0.302,0.284,0.26,0,0,1,1
0.305,0.284,0.26,0,0,1,1
0.308,0.284,0.26,0,0,1,1
0.311,0.284,0.26,0,0,1,1
0.314,0.284,0.26,0,0,1,1
0.317,0.284,0.26,0,0,1,1
0.32,0.284,0.26,0,0,1,1
0.323,0.284,0.26,0,0,1,1
0.326,0.284,0.26,0,0,1,1
0.329,0.284,0.26,0,0,1,1
0.332,0.284,0.26,0,0,1,1
0.335,0.284,0.26,0,0,1,1
0.338,0.284,0.26,0,0,1,1
0.341,0.284,0.26,0,0,1,1
0.14,0.281,0.26,0,0,1,1
0.143,0.281,0.26,0,0,1,1
0.146,0.281,0.26,0,0,1,1
0.149,0.281,0.26,0,0,1,1
0.152,0.281,0.26,0,0,1,1
0.155,0.281,0.26,0,0,1,1
0.158,0.281,0.26,0,0,1,1
0.161,0.281,0.26,0,0,1,1
0.164,0.281,0.26,0,0,1,1
0.167,0.281,0.26,0,0,1,1
0.17,0.281,0.26,0,0,1,1
0.173,0.281,0.26,0,0,1,1
0.176,0.281,0.26,0,0,1,1
0.179,0.281,0.26,0,0,1,1
0.182,0.281,0.26,0,0,1,1
0.185,0.281,0.26,0,0,1,1
0.188,0.281,0.26,0,0,1,1
0.191,0.281,0.26,0,0,1,1
0.194,0.281,0.26,0,0,1,1
0.197,0.281,0.26,0,0,1,1
0.2,0.281,0.26,0,0,1,1
0.203,0.281,0.26,0,0,1,1
0.206,0.281,0.26,0,0,1,1
0.209,0.281,0.26,0,0,1,1
0.212,0.281,0.26,0,0,1,1
0.215,0.281,0.26,0,0,1,1
0.218,0.281,0.26,0,0,1,1
0.221,0.281,0.26,0,0,1,1
0.224,0.281,0.26,0,0,1,1
0.227,0.281,0.26,0,0,1,1
0.23,0.281,0.26,0,0,1,1
0.233,0.281,0.26,0,0,1,1
0.236,0.281,0.26,0,0,1,1
0.239,0.281,0.26,0,0,1,1
0.242,0.281,0.26,0,0,1,1
0.245,0.281,0.26,0,0,1,1
0.248,0.281,0.26,0,0,1,1
0.251,0.281,0.26,0,0,1,1
0.254,0.281,0.26,0,0,1,1
0.257,0.281,0.26,0,0,1,1
0.26,0.281,0.26,0,0,1,1
0.263,0.281,0.26,0,0,1,1
0.266,0.281,0.26,0,0,1,1
0.269,0.281,0.26,0,0,1,1
0.272,0.281,0.26,0,0,1,1
0.275,0.281,0.26,0,0,1,1
0.278,0.281,0.26,0,0,1,1
0.281,0.281,0.26,0,0,1,1
0.284,0.281,0.26,0,0,1,1
0.287,0.281,0.26,0,0,1,1
0.29,0.281,0.26,0,0,1,1
0.293,0.281,0.26,0,0,1,1
0.296,0.281,0.26,0,0,1,1
0.299,0.281,0.26,0,0,1,1
0.302,0.281,0.26,0,0,1,1
0.305,0.281,0.26,0,0,1,1
0.308,0.281,0.26,0,0,1,1
0.311,0.281,0.26,0,0,1,1
0.314,0.281,0.26,0,0,1,1
0.317,0.281,0.26,0,0,1,1
0.32,0.281,0.26,0,0,1,1
0.323,0.281,0.26,0,0,1,1
0.326,0.281,0.26,0,0,1,1
0.329,0.281,0.26,0,0,1,1
0.332,0.281,0.26,0,0,1,1
0.335,0.281,0.26,0,0,1,1
0.338,0.281,0.26,0,0,1,1
0.341,0.281,0.26,0,0,1,1
0.14,0.278,0.26,0,0,1,1
0.143,0.278,0.26,0,0,1,1
0.146,0.278,0.26,0,0,1,1
0.149,0.278,0.26,0,0,1,1
0.152,0.278,0.26,0,0,1,1
0.155,0.278,0.26,0,0,1,1
0.158,0.278,0.26,0,0,1,1
0.161,0.278,0.26,0,0,1,1
0.164,0.278,0.26,0,0,1,1
0.167,0.278,0.26,0,0,1,1
0.17,0.278,0.26,0,0,1,1
0.173,0.278,0.26,0,0,1,1
0.176,0.278,0.26,0,0,1,1
0.179,0.278,0.26,0,0,1,1
0.182,0.278,0.26,0,0,1,1
0.185,0.278,0.26,0,0,1,1
0.188,0.278,0.26,0,0,1,1
0.191,0.278,0.26,0,0,1,1
0.194,0.278,0.26,0,0,1,1
0.197,0.278,0.26,0,0,1,1
0.2,0.278,0.26,0,0,1,1
0.203,0.278,0.26,0,0,1,1
0.206,0.278,0.26,0,0,1,1
0.209,0.278,0.26,0,0,1,1
0.212,0.278,0.26,0,0,1,1
0.215,0.278,0.26,0,0,1,1
0.218,0.278,0.26,0,0,1,1
0.221,0.278,0.26,0,0,1,1
0.224,0.278,0.26,0,0,1,1
0.227,0.278,0.26,0,0,1,1
0.23,0.278,0.26,0,0,1,1
0.233,0.278,0.26,0,0,1,1
0.236,0.278,0.26,0,0,1,1
0.239,0.278,0.26,0,0,1,1
0.242,0.278,0.26,0,0,1,1
0.245,0.278,0.26,0,0,1,1
0.248,0.278,0.26,0,0,1,1
0.251,0.278,0.26,0,0,1,1
0.254,0.278,0.26,0,0,1,1
0.257,0.278,0.26,0,0,1,1
0.26,0.278,0.26,0,0,1,1
0.263,0.278,0.26,0,0,1,1
0.266,0.278,0.26,0,0,1,1
0.269,0.278,0.26,0,0,1,1
0.272,0.278,0.26,0,0,1,1
0.275,0.278,0.26,0,0,1,1
0.278,0.278,0.26,0,0,1,1
0.281,0.278,0.26,0,0,1,1
0.284,0.278,0.26,0,0,1,1
0.287,0.278,0.26,0,0,1,1
0.29,0.278,0.26,0,0,1,1
0.293,0.278,0.26,0,0,1,1
0.296,0.278,0.26,0,0,1,1
0.299,0.278,0.26,0,0,1,1
0.302,0.278,0.26,0,0,1,1
0.305,0.278,0.26,0,0,1,1
0.308,0.278,0.26,0,0,1,1
0.311,0.278,0.26,0,0,1,1
0.314,0.278,0.26,0,0,1,1
0.317,0.278,0.26,0,0,1,1
0.32,0.278,0.26,0,0,1,1
0.323,0.278,0.26,0,0,1,1
0.326,0.278,0.26,0,0,1,1
0.329,0.278,0.26,0,0,1,1
0.332,0.278,0.26,0,0,1,1
0.335,0.278,0.26,0,0,1,1
0.338,0.278,0.26,0,0,1,1
0.341,0.278,0.26,0,0,1,1
0.14,0.275,0.26,0,0,1,1
0.143,0.275,0.26,0,0,1,1
0.146,0.275,0.26,0,0,1,1
0.149,0.275,0.26,0,0,1,1
0.152,0.275,0.26,0,0,1,1
0.155,0.275,0.26,0,0,1,1
0.158,0.275,0.26,0,0,1,1
0.161,0.275,0.26,0,0,1,1
0.164,0.275,0.26,0,0,1,1
0.167,0.275,0.26,0,0,1,1
0.17,0.275,0.26,0,0,1,1
0.173,0.275,0.26,0,0,1,1
0.176,0.275,0.26,0,0,1,1
0.179,0.275,0.26,0,0,1,1
0.182,0.275,0.26,0,0,1,1
0.185,0.275,0.26,0,0,1,1
0.188,0.275,0.26,0,0,1,1
0.191,0.275,0.26,0,0,1,1
0.194,0.275,0.26,0,0,1,1
0.197,0.275,0.26,0,0,1,1
0.2,0.275,0.26,0,0,1,1
0.203,0.275,0.26,0,0,1,1
0.206,0.275,0.26,0,0,1,1
0.209,0.275,0.26,0,0,1,1
0.212,0.275,0.26,0,0,1,1
0.215,0.275,0.26,0,0,1,1
0.218,0.275,0.26,0,0,1,1
0.221,0.275,0.26,0,0,1,1
0.224,0.275,0.26,0,0,1,1
0.227,0.275,0.26,0,0,1,1
0.23,0.275,0.26,0,0,1,1
0.233,0.275,0.26,0,0,1,1
0.236,0.275,0.26,0,0,1,1
0.239,0.275,0.26,0,0,1,1
0.242,0.275,0.26,0,0,1,1
0.245,0.275,0.26,0,0,1,1
0.248,0.275,0.26,0,0,1,1
0.251,0.275,0.26,0,0,1,1
0.254,0.275,0.26,0,0,1,1
0.257,0.275,0.26,0,0,1,1
0.26,0.275,0.26,0,0,1,1
0.263,0.275,0.26,0,0,1,1
0.266,0.275,0.26,0,0,1,1
0.269,0.275,0.26,0,0,1,1
0.272,0.275,0.26,0,0,1,1
0.275,0.275,0.26,0,0,1,1
0.278,0.275,0.26,0,0,1,1
0.281,0.275,0.26,0,0,1,1
0.284,0.275,0.26,0,0,1,1
0.287,0.275,0.26,0,0,1,1
0.29,0.275,0.26,0,0,1,1
0.293,0.275,0.26,0,0,1,1
0.296,0.275,0.26,0,0,1,1
0.299,0.275,0.26,0,0,1,1
0.302,0.275,0.26,0,0,1,1
0.305,0.275,0.26,0,0,1,1
0.308,0.275,0.26,0,0,1,1
0.311,0.275,0.26,0,0,1,1
0.314,0.275,0.26,0,0,1,1
0.317,0.275,0.26,0,0,1,1
0.32,0.275,0.26,0,0,1,1
0.323,0.275,0.26,0,0,1,1
0.326,0.275,0.26,0,0,1,1
0.329,0.275,0.26,0,0,1,1
0.332,0.275,0.26,0,0,1,1
0.335,0.275,0.26,0,0,1,1
0.338,0.275,0.26,0,0,1,1
0.341,0.275,0.26,0,0,1,1
0.14,0.272,0.26,0,0,1,1
0.143,0.272,0.26,0,0,1,1
0.146,0.272,0.26,0,0,1,1
0.149,0.272,0.26,0,0,1,1
0.152,0.272,0.26,0,0,1,1
0.155,0.272,0.26,0,0,1,1
0.158,0.272,0.26,0,0,1,1
0.161,0.272,0.26,0,0,1,1
0.164,0.272,0.26,0,0,1,1
0.167,0.272,0.26,0,0,1,1
0.17,0.272,0.26,0,0,1,1
0.173,0.272,0.26,0,0,1,1
0.176,0.272,0.26,0,0,1,1
0.179,0.272,0.26,0,0,1,1
0.182,0.272,0.26,0,0,1,1
0.185,0.272,0.26,0,0,1,1
0.188,0.272,0.26,0,0,1,1
0.191,0.272,0.26,0,0,1,1
0.194,0.272,0.26,0,0,1,1
0.197,0.272,0.26,0,0,1,1
0.2,0.272,0.26,0,0,1,1
0.203,0.272,0.26,0,0,1,1
0.206,0.272,0.26,0,0,1,1
0.209,0.272,0.26,0,0,1,1
0.212,0.272,0.26,0,0,1,1
0.215,0.272,0.26,0,0,1,1
0.218,0.272,0.26,0,0,1,1
0.221,0.272,0.26,0,0,1,1
0.224,0.272,0.26,0,0,1,1
0.227,0.272,0.26,0,0,1,1
0.23,0.272,0.26,0,0,1,1
0.233,0.272,0.26,0,0,1,1
0.236,0.272,0.26,0,0,1,1
0.239,0.272,0.26,0,0,1,1
0.242,0.272,0.26,0,0,1,1
0.245,0.272,0.26,0,0,1,1
0.248,0.272,0.26,0,0,1,1
0.251,0.272,0.26,0,0,1,1
0.254,0.272,0.26,0,0,1,1
0.257,0.272,0.26,0,0,1,1
0.26,0.272,0.26,0,0,1,1
0.263,0.272,0.26,0,0,1,1
0.266,0.272,0.26,0,0,1,1
0.269,0.272,0.26,0,0,1,1
0.272,0.272,0.26,0,0,1,1
0.275,0.272,0.26,0,0,1,1
0.278,0.272,0.26,0,0,1,1
0.281,0.272,0.26,0,0,1,1
0.284,0.272,0.26,0,0,1,1
0.287,0.272,0.26,0,0,1,1
0.29,0.272,0.26,0,0,1,1
0.293,0.272,0.26,0,0,1,1
0.296,0.272,0.26,0,0,1,1
0.299,0.272,0.26,0,0,1,1
0.302,0.272,0.26,0,0,1,1
0.305,0.272,0.26,0,0,1,1
0.308,0.272,0.26,0,0,1,1
0.311,0.272,0.26,0,0,1,1
0.314,0.272,0.26,0,0,1,1
0.317,0.272,0.26,0,0,1,1
0.32,0.272,0.26,0,0,1,1
0.323,0.272,0.26,0,0,1,1
0.326,0.272,0.26,0,0,1,1
0.329,0.272,0.26,0,0,1,1
0.332,0.272,0.26,0,0,1,1
0.335,0.272,0.26,0,0,1,1
0.338,0.272,0.26,0,0,1,1
0.341,0.272,0.26,0,0,1,1
0.14,0.269,0.26,0,0,1,1
0.143,0.269,0.26,0,0,1,1
0.146,0.269,0.26,0,0,1,1
0.149,0.269,0.26,0,0,1,1
0.152,0.269,0.26,0,0,1,1
0.155,0.269,0.26,0,0,1,1
0.158,0.269,0.26,0,0,1,1
0.161,0.269,0.26,0,0,1,1
0.164,0.269,0.26,0,0,1,1
0.167,0.269,0.26,0,0,1,1
0.17,0.269,0.26,0,0,1,1
0.173,0.269,0.26,0,0,1,1
0.176,0.269,0.26,0,0,1,1
0.179,0.269,0.26,0,0,1,1
0.182,0.269,0.26,0,0,1,1
0.185,0.269,0.26,0,0,1,1
0.188,0.269,0.26,0,0,1,1
0.191,0.269,0.26,0,0,1,1
0.194,0.269,0.26,0,0,1,1
0.197,0.269,0.26,0,0,1,1
0.2,0.269,0.26,0,0,1,1
0.203,0.269,0.26,0,0,1,1
0.206,0.269,0.26,0,0,1,1
0.209,0.269,0.26,0,0,1,1
0.212,0.269,0.26,0,0,1,1
0.215,0.269,0.26,0,0,1,1
0.218,0.269,0.26,0,0,1,1
0.221,0.269,0.26,0,0,1,1
0.224,0.269,0.26,0,0,1,1
0.227,0.269,0.26,0,0,1,1
0.23,0.269,0.26,0,0,1,1
0.233,0.269,0.26,0,0,1,1
0.236,0.269,0.26,0,0,1,1
0.239,0.269,0.26,0,0,1,1
0.242,0.269,0.26,0,0,1,1
0.245,0.269,0.26,0,0,1,1
0.248,0.269,0.26,0,0,1,1
0.251,0.269,0.26,0,0,1,1
0.254,0.269,0.26,0,0,1,1
0.257,0.269,0.26,0,0,1,1
0.26,0.269,0.26,0,0,1,1
0.263,0.269,0.26,0,0,1,1
0.266,0.269,0.26,0,0,1,1
0.269,0.269,0.26,0,0,1,1
0.272,0.269,0.26,0,0,1,1
0.275,0.269,0.26,0,0,1,1
0.278,0.269,0.26,0,0,1,1
0.281,0.269,0.26,0,0,1,1
0.284,0.269,0.26,0,0,1,1
0.287,0.269,0.26,0,0,1,1
0.29,0.269,0.26,0,0,1,1
0.293,0.269,0.26,0,0,1,1
0.296,0.269,0.26,0,0,1,1
0.299,0.269,0.26,0,0,1,1
0.302,0.269,0.26,0,0,1,1
0.305,0.269,0.26,0,0,1,1
0.308,0.269,0.26,0,0,1,1
0.311,0.269,0.26,0,0,1,1
0.314,0.269,0.26,0,0,1,1
0.317,0.269,0.26,0,0,1,1
0.32,0.269,0.26,0,0,1,1
0.323,0.269,0.26,0,0,1,1
0.326,0.269,0.26,0,0,1,1
0.329,0.269,0.26,0,0,1,1
0.332,0.269,0.26,0,0,1,1
0.335,0.269,0.26,0,0,1,1
0.338,0.269,0.26,0,0,1,1
0.341,0.269,0.26,0,0,1,1
0.14,0.41,0.44,0,0,1,1
0.143,0.41,0.44,0,0,1,1
0.146,0.41,0.44,0,0,1,1
0.149,0.41,0.44,0,0,1,1
0.152,0.41,0.44,0,0,1,1
0.155,0.41,0.44,0,0,1,1
0.158,0.41,0.44,0,0,1,1
0.161,0.41,0.44,0,0,1,1
0.164,0.41,0.44,0,0,1,1
0.167,0.41,0.44,0,0,1,1
0.17,0.41,0.44,0,0,1,1
0.173,0.41,0.44,0,0,1,1
0.176,0.41,0.44,0,0,1,1
0.179,0.41,0.44,0,0,1,1
0.182,0.41,0.44,0,0,1,1
0.185,0.41,0.44,0,0,1,1
0.188,0.41,0.44,0,0,1,1
0.191,0.41,0.44,0,0,1,1
0.194,0.41,0.44,0,0,1,1
0.197,0.41,0.44,0,0,1,1
0.2,0.41,0.44,0,0,1,1
0.203,0.41,0.44,0,0,1,1
0.206,0.41,0.44,0,0,1,1
0.209,0.41,0.44,0,0,1,1
0.212,0.41,0.44,0,0,1,1
0.215,0.41,0.44,0,0,1,1
0.218,0.41,0.44,0,0,1,1
0.221,0.41,0.44,0,0,1,1
0.224,0.41,0.44,0,0,1,1
0.227,0.41,0.44,0,0,1,1
0.23,0.41,0.44,0,0,1,1
0.233,0.41,0.44,0,0,1,1
0.236,0.41,0.44,0,0,1,1
0.239,0.41,0.44,0,0,1,1
0.242,0.41,0.44,0,0,1,1
0.245,0.41,0.44,0,0,1,1
0.248,0.41,0.44,0,0,1,1
0.251,0.41,0.44,0,0,1,1
0.254,0.41,0.44,0,0,1,1
0.257,0.41,0.44,0,0,1,1
0.26,0.41,0.44,0,0,1,1
0.263,0.41,0.44,0,0,1,1
0.266,0.41,0.44,0,0,1,1
0.269,0.41,0.44,0,0,1,1
0.272,0.41,0.44,0,0,1,1
0.275,0.41,0.44,0,0,1,1
0.278,0.41,0.44,0,0,1,1
0.281,0.41,0.44,0,0,1,1
0.284,0.41,0.44,0,0,1,1
0.287,0.41,0.44,0,0,1,1
0.29,0.41,0.44,0,0,1,1
0.293,0.41,0.44,0,0,1,1
0.296,0.41,0.44,0,0,1,1
0.299,0.41,0.44,0,0,1,1
0.302,0.41,0.44,0,0,1,1
0.305,0.41,0.44,0,0,1,1
0.308,0.41,0.44,0,0,1,1
0.311,0.41,0.44,0,0,1,1
0.314,0.41,0.44,0,0,1,1
0.317,0.41,0.44,0,0,1,1
0.32,0.41,0.44,0,0,1,1
0.323,0.41,0.44,0,0,1,1
0.326,0.41,0.44,0,0,1,1
0.329,0.41,0.44,0,0,1,1
0.332,0.41,0.44,0,0,1,1
0.335,0.41,0.44,0,0,1,1
0.338,0.41,0.44,0,0,1,1
0.341,0.41,0.44,0,0,1,1
0.14,0.407,0.44,0,0,1,1
0.143,0.407,0.44,0,0,1,1
0.146,0.407,0.44,0,0,1,1
0.149,0.407,0.44,0,0,1,1
0.152,0.407,0.44,0,0,1,1
0.155,0.407,0.44,0,0,1,1
0.158,0.407,0.44,0,0,1,1
0.161,0.407,0.44,0,0,1,1
0.164,0.407,0.44,0,0,1,1
0.167,0.407,0.44,0,0,1,1
0.17,0.407,0.44,0,0,1,1
0.173,0.407,0.44,0,0,1,1
0.176,0.407,0.44,0,0,1,1
0.179,0.407,0.44,0,0,1,1
0.182,0.407,0.44,0,0,1,1
0.185,0.407,0.44,0,0,1,1
0.188,0.407,0.44,0,0,1,1
0.191,0.407,0.44,0,0,1,1
0.194,0.407,0.44,0,0,1,1
0.197,0.407,0.44,0,0,1,1
0.2,0.407,0.44,0,0,1,1
0.203,0.407,0.44,0,0,1,1
0.206,0.407,0.44,0,0,1,1
0.209,0.407,0.44,0,0,1,1
0.212,0.407,0.44,0,0,1,1
0.215,0.407,0.44,0,0,1,1
0.218,0.407,0.44,0,0,1,1
0.221,0.407,0.44,0,0,1,1
0.224,0.407,0.44,0,0,1,1
0.227,0.407,0.44,0,0,1,1
0.23,0.407,0.44,0,0,1,1
0.233,0.407,0.44,0,0,1,1
0.236,0.407,0.44,0,0,1,1
0.239,0.407,0.44,0,0,1,1
0.242,0.407,0.44,0,0,1,1
0.245,0.407,0.44,0,0,1,1
0.248,0.407,0.44,0,0,1,1
0.251,0.407,0.44,0,0,1,1
0.254,0.407,0.44,0,0,1,1
0.257,0.407,0.44,0,0,1,1
0.26,0.407,0.44,0,0,1,1
0.263,0.407,0.44,0,0,1,1
0.266,0.407,0.44,0,0,1,1
0.269,0.407,0.44,0,0,1,1
0.272,0.407,0.44,0,0,1,1
0.275,0.407,0.44,0,0,1,1
0.278,0.407,0.44,0,0,1,1
0.281,0.407,0.44,0,0,1,1
0.284,0.407,0.44,0,0,1,1
0.287,0.407,0.44,0,0,1,1
0.29,0.407,0.44,0,0,1,1
0.293,0.407,0.44,0,0,1,1
0.296,0.407,0.44,0,0,1,1
0.299,0.407,0.44,0,0,1,1
0.302,0.407,0.44,0,0,1,1
0.305,0.407,0.44,0,0,1,1
0.308,0.407,0.44,0,0,1,1
0.311,0.407,0.44,0,0,1,1
0.314,0.407,0.44,0,0,1,1
0.317,0.407,0.44,0,0,1,1
0.32,0.407,0.44,0,0,1,1
0.323,0.407,0.44,0,0,1,1
0.326,0.407,0.44,0,0,1,1
0.329,0.407,0.44,0,0,1,1
0.332,0.407,0.44,0,0,1,1
0.335,0.407,0.44,0,0,1,1
0.338,0.407,0.44,0,0,1,1
0.341,0.407,0.44,0,0,1,1
0.14,0.404,0.44,0,0,1,1
0.143,0.404,0.44,0,0,1,1
0.146,0.404,0.44,0,0,1,1
0.149,0.404,0.44,0,0,1,1
0.152,0.404,0.44,0,0,1,1
0.155,0.404,0.44,0,0,1,1
0.158,0.404,0.44,0,0,1,1
0.161,0.404,0.44,0,0,1,1
0.164,0.404,0.44,0,0,1,1
0.167,0.404,0.44,0,0,1,1
0.17,0.404,0.44,0,0,1,1
0.173,0.404,0.44,0,0,1,1
0.176,0.404,0.44,0,0,1,1
0.179,0.404,0.44,0,0,1,1
0.182,0.404,0.44,0,0,1,1
0.185,0.404,0.44,0,0,1,1
0.188,0.404,0.44,0,0,1,1
0.191,0.404,0.44,0,0,1,1
0.194,0.404,0.44,0,0,1,1
0.197,0.404,0.44,0,0,1,1
0.2,0.404,0.44,0,0,1,1
0.203,0.404,0.44,0,0,1,1
0.206,0.404,0.44,0,0,1,1
0.209,0.404,0.44,0,0,1,1
0.212,0.404,0.44,0,0,1,1
0.215,0.404,0.44,0,0,1,1
0.218,0.404,0.44,0,0,1,1
0.221,0.404,0.44,0,0,1,1
0.224,0.404,0.44,0,0,1,1
0.227,0.404,0.44,0,0,1,1
0.23,0.404,0.44,0,0,1,1
0.233,0.404,0.44,0,0,1,1
0.236,0.404,0.44,0,0,1,1
0.239,0.404,0.44,0,0,1,1
0.242,0.404,0.44,0,0,1,1
0.245,0.404,0.44,0,0,1,1
0.248,0.404,0.44,0,0,1,1
0.251,0.404,0.44,0,0,1,1
0.254,0.404,0.44,0,0,1,1
0.257,0.404,0.44,0,0,1,1
0.26,0.404,0.44,0,0,1,1
0.263,0.404,0.44,0,0,1,1
0.266,0.404,0.44,0,0,1,1
0.269,0.404,0.44,0,0,1,1
0.272,0.404,0.44,0,0,1,1
0.275,0.404,0.44,0,0,1,1
0.278,0.404,0.44,0,0,1,1
0.281,0.404,0.44,0,0,1,1
0.284,0.404,0.44,0,0,1,1
0.287,0.404,0.44,0,0,1,1
0.29,0.404,0.44,0,0,1,1
0.293,0.404,0.44,0,0,1,1
0.296,0.404,0.44,0,0,1,1
0.299,0.404,0.44,0,0,1,1
0.302,0.404,0.44,0,0,1,1
0.305,0.404,0.44,0,0,1,1
0.308,0.404,0.44,0,0,1,1
0.311,0.404,0.44,0,0,1,1
0.314,0.404,0.44,0,0,1,1
0.317,0.404,0.44,0,0,1,1
0.32,0.404,0.44,0,0,1,1
0.323,0.404,0.44,0,0,1,1
0.326,0.404,0.44,0,0,1,1
0.329,0.404,0.44,0,0,1,1
0.332,0.404,0.44,0,0,1,1
0.335,0.404,0.44,0,0,1,1
0.338,0.404,0.44,0,0,1,1
0.341,0.404,0.44,0,0,1,1
0.14,0.401,0.44,0,0,1,1
0.143,0.401,0.44,0,0,1,1
0.146,0.401,0.44,0,0,1,1
0.149,0.401,0.44,0,0,1,1
0.152,0.401,0.44,0,0,1,1
0.155,0.401,0.44,0,0,1,1
0.158,0.401,0.44,0,0,1,1
0.161,0.401,0.44,0,0,1,1
0.164,0.401,0.44,0,0,1,1
0.167,0.401,0.44,0,0,1,1
0.17,0.401,0.44,0,0,1,1
0.173,0.401,0.44,0,0,1,1
0.176,0.401,0.44,0,0,1,1
0.179,0.401,0.44,0,0,1,1
0.182,0.401,0.44,0,0,1,1
0.185,0.401,0.44,0,0,1,1
0.188,0.401,0.44,0,0,1,1
0.191,0.401,0.44,0,0,1,1
0.194,0.401,0.44,0,0,1,1
0.197,0.401,0.44,0,0,1,1
0.2,0.401,0.44,0,0,1,1
0.203,0.401,0.44,0,0,1,1
0.206,0.401,0.44,0,0,1,1
0.209,0.401,0.44,0,0,1,1
0.212,0.401,0.44,0,0,1,1
0.215,0.401,0.44,0,0,1,1
0.218,0.401,0.44,0,0,1,1
0.221,0.401,0.44,0,0,1,1
0.224,0.401,0.44,0,0,1,1
0.227,0.401,0.44,0,0,1,1
0.23,0.401,0.44,0,0,1,1
0.233,0.401,0.44,0,0,1,1
0.236,0.401,0.44,0,0,1,1
0.239,0.401,0.44,0,0,1,1
0.242,0.401,0.44,0,0,1,1
0.245,0.401,0.44,0,0,1,1
0.248,0.401,0.44,0,0,1,1
0.251,0.401,0.44,0,0,1,1
0.254,0.401,0.44,0,0,1,1
0.257,0.401,0.44,0,0,1,1
0.26,0.401,0.44,0,0,1,1
0.263,0.401,0.44,0,0,1,1
0.266,0.401,0.44,0,0,1,1
0.269,0.401,0.44,0,0,1,1
0.272,0.401,0.44,0,0,1,1
0.275,0.401,0.44,0,0,1,1
0.278,0.401,0.44,0,0,1,1
0.281,0.401,0.44,0,0,1,1
0.284,0.401,0.44,0,0,1,1
0.287,0.401,0.44,0,0,1,1
0.29,0.401,0.44,0,0,1,1
0.293,0.401,0.44,0,0,1,1
0.296,0.401,0.44,0,0,1,1
0.299,0.401,0.44,0,0,1,1
0.302,0.401,0.44,0,0,1,1
0.305,0.401,0.44,0,0,1,1
0.308,0.401,0.44,0,0,1,1
0.311,0.401,0.44,0,0,1,1
0.314,0.401,0.44,0,0,1,1
0.317,0.401,0.44,0,0,1,1
0.32,0.401,0.44,0,0,1,1
0.323,0.401,0.44,0,0,1,1
0.326,0.401,0.44,0,0,1,1
0.329,0.401,0.44,0,0,1,1
0.332,0.401,0.44,0,0,1,1
0.335,0.401,0.44,0,0,1,1
0.338,0.401,0.44,0,0,1,1
0.341,0.401,0.44,0,0,1,1
0.14,0.398,0.44,0,0,1,1
0.143,0.398,0.44,0,0,1,1
0.146,0.398,0.44,0,0,1,1
0.149,0.398,0.44,0,0,1,1
0.152,0.398,0.44,0,0,1,1
0.155,0.398,0.44,0,0,1,1
0.158,0.398,0.44,0,0,1,1
0.161,0.398,0.44,0,0,1,1
0.164,0.398,0.44,0,0,1,1
0.167,0.398,0.44,0,0,1,1
0.17,0.398,0.44,0,0,1,1
0.173,0.398,0.44,0,0,1,1
0.176,0.398,0.44,0,0,1,1
0.179,0.398,0.44,0,0,1,1
0.182,0.398,0.44,0,0,1,1
0.185,0.398,0.44,0,0,1,1
0.188,0.398,0.44,0,0,1,1
0.191,0.398,0.44,0,0,1,1
0.194,0.398,0.44,0,0,1,1
0.197,0.398,0.44,0,0,1,1
0.2,0.398,0.44,0,0,1,1
0.203,0.398,0.44,0,0,1,1
0.206,0.398,0.44,0,0,1,1
0.209,0.398,0.44,0,0,1,1
0.212,0.398,0.44,0,0,1,1
0.215,0.398,0.44,0,0,1,1
0.218,0.398,0.44,0,0,1,1
0.221,0.398,0.44,0,0,1,1
0.224,0.398,0.44,0,0,1,1
0.227,0.398,0.44,0,0,1,1
0.23,0.398,0.44,0,0,1,1
0.233,0.398,0.44,0,0,1,1
0.236,0.398,0.44,0,0,1,1
0.239,0.398,0.44,0,0,1,1
0.242,0.398,0.44,0,0,1,1
0.245,0.398,0.44,0,0,1,1
0.248,0.398,0.44,0,0,1,1
0.251,0.398,0.44,0,0,1,1
0.254,0.398,0.44,0,0,1,1
0.257,0.398,0.44,0,0,1,1
0.26,0.398,0.44,0,0,1,1
0.263,0.398,0.44,0,0,1,1
0.266,0.398,0.44,0,0,1,1
0.269,0.398,0.44,0,0,1,1
0.272,0.398,0.44,0,0,1,1
0.275,0.398,0.44,0,0,1,1
0.278,0.398,0.44,0,0,1,1
0.281,0.398,0.44,0,0,1,1
0.284,0.398,0.44,0,0,1,1
0.287,0.398,0.44,0,0,1,1
0.29,0.398,0.44,0,0,1,1
0.293,0.398,0.44,0,0,1,1
0.296,0.398,0.44,0,0,1,1
0.299,0.398,0.44,0,0,1,1
0.302,0.398,0.44,0,0,1,1
0.305,0.398,0.44,0,0,1,1
0.308,0.398,0.44,0,0,1,1
0.311,0.398,0.44,0,0,1,1
0.314,0.398,0.44,0,0,1,1
0.317,0.398,0.44,0,0,1,1
0.32,0.398,0.44,0,0,1,1
0.323,0.398,0.44,0,0,1,1
0.326,0.398,0.44,0,0,1,1
0.329,0.398,0.44,0,0,1,1
0.332,0.398,0.44,0,0,1,1
0.335,0.398,0.44,0,0,1,1
0.338,0.398,0.44,0,0,1,1
0.341,0.398,0.44,0,0,1,1
0.14,0.395,0.44,0,0,1,1
0.143,0.395,0.44,0,0,1,1
0.146,0.395,0.44,0,0,1,1
0.149,0.395,0.44,0,0,1,1
0.152,0.395,0.44,0,0,1,1
0.155,0.395,0.44,0,0,1,1
0.158,0.395,0.44,0,0,1,1
0.161,0.395,0.44,0,0,1,1
0.164,0.395,0.44,0,0,1,1
0.167,0.395,0.44,0,0,1,1
0.17,0.395,0.44,0,0,1,1
0.173,0.395,0.44,0,0,1,1
0.176,0.395,0.44,0,0,1,1
0.179,0.395,0.44,0,0,1,1
0.182,0.395,0.44,0,0,1,1
0.185,0.395,0.44,0,0,1,1
0.188,0.395,0.44,0,0,1,1
0.191,0.395,0.44,0,0,1,1
0.194,0.395,0.44,0,0,1,1
0.197,0.395,0.44,0,0,1,1
0.2,0.395,0.44,0,0,1,1
0.203,0.395,0.44,0,0,1,1
0.206,0.395,0.44,0,0,1,1
0.209,0.395,0.44,0,0,1,1
0.212,0.395,0.44,0,0,1,1
0.215,0.395,0.44,0,0,1,1
0.218,0.395,0.44,0,0,1,1
0.221,0.395,0.44,0,0,1,1
0.224,0.395,0.44,0,0,1,1
0.227,0.395,0.44,0,0,1,1
0.23,0.395,0.44,0,0,1,1
0.233,0.395,0.44,0,0,1,1
0.236,0.395,0.44,0,0,1,1
0.239,0.395,0.44,0,0,1,1
0.242,0.395,0.44,0,0,1,1
0.245,0.395,0.44,0,0,1,1
0.248,0.395,0.44,0,0,1,1
0.251,0.395,0.44,0,0,1,1
0.254,0.395,0.44,0,0,1,1
0.257,0.395,0.44,0,0,1,1
0.26,0.395,0.44,0,0,1,1
0.263,0.395,0.44,0,0,1,1
0.266,0.395,0.44,0,0,1,1
0.269,0.395,0.44,0,0,1,1
0.272,0.395,0.44,0,0,1,1
0.275,0.395,0.44,0,0,1,1
0.278,0.395,0.44,0,0,1,1
0.281,0.395,0.44,0,0,1,1
0.284,0.395,0.44,0,0,1,1
0.287,0.395,0.44,0,0,1,1
0.29,0.395,0.44,0,0,1,1
0.293,0.395,0.44,0,0,1,1
0.296,0.395,0.44,0,0,1,1
0.299,0.395,0.44,0,0,1,1
0.302,0.395,0.44,0,0,1,1
0.305,0.395,0.44,0,0,1,1
0.308,0.395,0.44,0,0,1,1
0.311,0.395,0.44,0,0,1,1
0.314,0.395,0.44,0,0,1,1
0.317,0.395,0.44,0,0,1,1
0.32,0.395,0.44,0,0,1,1
0.323,0.395,0.44,0,0,1,1
0.326,0.395,0.44,0,0,1,1
0.329,0.395,0.44,0,0,1,1
0.332,0.395,0.44,0,0,1,1
0.335,0.395,0.44,0,0,1,1
0.338,0.395,0.44,0,0,1,1
0.341,0.395,0.44,0,0,1,1
0.14,0.392,0.44,0,0,1,1
0.143,0.392,0.44,0,0,1,1
0.146,0.392,0.44,0,0,1,1
0.149,0.392,0.44,0,0,1,1
0.152,0.392,0.44,0,0,1,1
0.155,0.392,0.44,0,0,1,1
0.158,0.392,0.44,0,0,1,1
0.161,0.392,0.44,0,0,1,1
0.164,0.392,0.44,0,0,1,1
0.167,0.392,0.44,0,0,1,1
0.17,0.392,0.44,0,0,1,1
0.173,0.392,0.44,0,0,1,1
0.176,0.392,0.44,0,0,1,1
0.179,0.392,0.44,0,0,1,1
0.182,0.392,0.44,0,0,1,1
0.185,0.392,0.44,0,0,1,1
0.188,0.392,0.44,0,0,1,1
0.191,0.392,0.44,0,0,1,1
0.194,0.392,0.44,0,0,1,1
0.197,0.392,0.44,0,0,1,1
0.2,0.392,0.44,0,0,1,1
0.203,0.392,0.44,0,0,1,1
0.206,0.392,0.44,0,0,1,1
0.209,0.392,0.44,0,0,1,1
0.212,0.392,0.44,0,0,1,1
0.215,0.392,0.44,0,0,1,1
0.218,0.392,0.44,0,0,1,1
0.221,0.392,0.44,0,0,1,1
0.224,0.392,0.44,0,0,1,1
0.227,0.392,0.44,0,0,1,1
0.23,0.392,0.44,0,0,1,1
0.233,0.392,0.44,0,0,1,1
0.236,0.392,0.44,0,0,1,1
0.239,0.392,0.44,0,0,1,1
0.242,0.392,0.44,0,0,1,1
0.245,0.392,0.44,0,0,1,1
0.248,0.392,0.44,0,0,1,1
0.251,0.392,0.44,0,0,1,1
0.254,0.392,0.44,0,0,1,1
0.257,0.392,0.44,0,0,1,1
0.26,0.392,0.44,0,0,1,1
0.263,0.392,0.44,0,0,1,1
0.266,0.392,0.44,0,0,1,1
0.269,0.392,0.44,0,0,1,1
0.272,0.392,0.44,0,0,1,1
0.275,0.392,0.44,0,0,1,1
0.278,0.392,0.44,0,0,1,1
0.281,0.392,0.44,0,0,1,1
0.284,0.392,0.44,0,0,1,1
0.287,0.392,0.44,0,0,1,1
0.29,0.392,0.44,0,0,1,1
0.293,0.392,0.44,0,0,1,1
0.296,0.392,0.44,0,0,1,1
0.299,0.392,0.44,0,0,1,1
0.302,0.392,0.44,0,0,1,1
0.305,0.392,0.44,0,0,1,1
0.308,0.392,0.44,0,0,1,1
0.311,0.392,0.44,0,0,1,1
0.314,0.392,0.44,0,0,1,1
0.317,0.392,0.44,0,0,1,1
0.32,0.392,0.44,0,0,1,1
0.323,0.392,0.44,0,0,1,1
0.326,0.392,0.44,0,0,1,1
0.329,0.392,0.44,0,0,1,1
0.332,0.392,0.44,0,0,1,1
0.335,0.392,0.44,0,0,1,1
0.338,0.392,0.44,0,0,1,1
0.341,0.392,0.44,0,0,1,1
0.14,0.389,0.44,0,0,1,1
0.143,0.389,0.44,0,0,1,1
0.146,0.389,0.44,0,0,1,1
0.149,0.389,0.44,0,0,1,1
0.152,0.389,0.44,0,0,1,1
0.155,0.389,0.44,0,0,1,1
0.158,0.389,0.44,0,0,1,1
0.161,0.389,0.44,0,0,1,1
0.164,0.389,0.44,0,0,1,1
0.167,0.389,0.44,0,0,1,1
0.17,0.389,0.44,0,0,1,1
0.173,0.389,0.44,0,0,1,1
0.176,0.389,0.44,0,0,1,1
0.179,0.389,0.44,0,0,1,1
0.182,0.389,0.44,0,0,1,1
0.185,0.389,0.44,0,0,1,1
0.188,0.389,0.44,0,0,1,1
0.191,0.389,0.44,0,0,1,1
0.194,0.389,0.44,0,0,1,1
0.197,0.389,0.44,0,0,1,1
0.2,0.389,0.44,0,0,1,1
0.203,0.389,0.44,0,0,1,1
0.206,0.389,0.44,0,0,1,1
0.209,0.389,0.44,0,0,1,1
0.212,0.389,0.44,0,0,1,1
0.215,0.389,0.44,0,0,1,1
0.218,0.389,0.44,0,0,1,1
0.221,0.389,0.44,0,0,1,1
0.224,0.389,0.44,0,0,1,1
0.227,0.389,0.44,0,0,1,1
0.23,0.389,0.44,0,0,1,1
0.233,0.389,0.44,0,0,1,1
0.236,0.389,0.44,0,0,1,1
0.239,0.389,0.44,0,0,1,1
0.242,0.389,0.44,0,0,1,1
0.245,0.389,0.44,0,0,1,1
0.248,0.389,0.44,0,0,1,1
0.251,0.389,0.44,0,0,1,1
0.254,0.389,0.44,0,0,1,1
0.257,0.389,0.44,0,0,1,1
0.26,0.389,0.44,0,0,1,1
0.263,0.389,0.44,0,0,1,1
0.266,0.389,0.44,0,0,1,1
0.269,0.389,0.44,0,0,1,1
0.272,0.389,0.44,0,0,1,1
0.275,0.389,0.44,0,0,1,1
0.278,0.389,0.44,0,0,1,1
0.281,0.389,0.44,0,0,1,1
0.284,0.389,0.44,0,0,1,1
0.287,0.389,0.44,0,0,1,1
0.29,0.389,0.44,0,0,1,1
0.293,0.389,0.44,0,0,1,1
0.296,0.389,0.44,0,0,1,1
0.299,0.389,0.44,0,0,1,1
0.302,0.389,0.44,0,0,1,1
0.305,0.389,0.44,0,0,1,1
0.308,0.389,0.44,0,0,1,1
0.311,0.389,0.44,0,0,1,1
0.314,0.389,0.44,0,0,1,1
0.317,0.389,0.44,0,0,1,1
0.32,0.389,0.44,0,0,1,1
0.323,0.389,0.44,0,0,1,1
0.326,0.389,0.44,0,0,1,1
0.329,0.389,0.44,0,0,1,1
0.332,0.389,0.44,0,0,1,1
0.335,0.389,0.44,0,0,1,1
0.338,0.389,0.44,0,0,1,1
0.341,0.389,0.44,0,0,1,1
0.14,0.386,0.44,0,0,1,1
0.143,0.386,0.44,0,0,1,1
0.146,0.386,0.44,0,0,1,1
0.149,0.386,0.44,0,0,1,1
0.152,0.386,0.44,0,0,1,1
0.155,0.386,0.44,0,0,1,1
0.158,0.386,0.44,0,0,1,1
0.161,0.386,0.44,0,0,1,1
0.164,0.386,0.44,0,0,1,1
0.167,0.386,0.44,0,0,1,1
0.17,0.386,0.44,0,0,1,1
0.173,0.386,0.44,0,0,1,1
0.176,0.386,0.44,0,0,1,1
0.179,0.386,0.44,0,0,1,1
0.182,0.386,0.44,0,0,1,1
0.185,0.386,0.44,0,0,1,1
0.188,0.386,0.44,0,0,1,1
0.191,0.386,0.44,0,0,1,1
0.194,0.386,0.44,0,0,1,1
0.197,0.386,0.44,0,0,1,1
0.2,0.386,0.44,0,0,1,1
0.203,0.386,0.44,0,0,1,1
0.206,0.386,0.44,0,0,1,1
0.209,0.386,0.44,0,0,1,1
0.212,0.386,0.44,0,0,1,1
0.215,0.386,0.44,0,0,1,1
0.218,0.386,0.44,0,0,1,1
0.221,0.386,0.44,0,0,1,1
0.224,0.386,0.44,0,0,1,1
0.227,0.386,0.44,0,0,1,1
0.23,0.386,0.44,0,0,1,1
0.233,0.386,0.44,0,0,1,1
0.236,0.386,0.44,0,0,1,1
0.239,0.386,0.44,0,0,1,1
0.242,0.386,0.44,0,0,1,1
0.245,0.386,0.44,0,0,1,1
0.248,0.386,0.44,0,0,1,1
0.251,0.386,0.44,0,0,1,1
0.254,0.386,0.44,0,0,1,1
0.257,0.386,0.44,0,0,1,1
0.26,0.386,0.44,0,0,1,1
0.263,0.386,0.44,0,0,1,1
0.266,0.386,0.44,0,0,1,1
0.269,0.386,0.44,0,0,1,1
0.272,0.386,0.44,0,0,1,1
0.275,0.386,0.44,0,0,1,1
0.278,0.386,0.44,0,0,1,1
0.281,0.386,0.44,0,0,1,1
0.284,0.386,0.44,0,0,1,1
0.287,0.386,0.44,0,0,1,1
0.29,0.386,0.44,0,0,1,1
0.293,0.386,0.44,0,0,1,1
0.296,0.386,0.44,0,0,1,1
0.299,0.386,0.44,0,0,1,1
0.302,0.386,0.44,0,0,1,1
0.305,0.386,0.44,0,0,1,1
0.308,0.386,0.44,0,0,1,1
0.311,0.386,0.44,0,0,1,1
0.314,0.386,0.44,0,0,1,1
0.317,0.386,0.44,0,0,1,1
0.32,0.386,0.44,0,0,1,1
0.323,0.386,0.44,0,0,1,1
0.326,0.386,0.44,0,0,1,1
0.329,0.386,0.44,0,0,1,1
0.332,0.386,0.44,0,0,1,1
0.335,0.386,0.44,0,0,1,1
0.338,0.386,0.44,0,0,1,1
0.341,0.386,0.44,0,0,1,1
0.14,0.383,0.44,0,0,1,1
0.143,0.383,0.44,0,0,1,1
0.146,0.383,0.44,0,0,1,1
0.149,0.383,0.44,0,0,1,1
0.152,0.383,0.44,0,0,1,1
0.155,0.383,0.44,0,0,1,1
0.158,0.383,0.44,0,0,1,1
0.161,0.383,0.44,0,0,1,1
0.164,0.383,0.44,0,0,1,1
0.167,0.383,0.44,0,0,1,1
0.17,0.383,0.44,0,0,1,1
0.173,0.383,0.44,0,0,1,1
0.176,0.383,0.44,0,0,1,1
0.179,0.383,0.44,0,0,1,1
0.182,0.383,0.44,0,0,1,1
0.185,0.383,0.44,0,0,1,1
0.188,0.383,0.44,0,0,1,1
0.191,0.383,0.44,0,0,1,1
0.194,0.383,0.44,0,0,1,1
0.197,0.383,0.44,0,0,1,1
0.2,0.383,0.44,0,0,1,1
0.203,0.383,0.44,0,0,1,1
0.206,0.383,0.44,0,0,1,1
0.209,0.383,0.44,0,0,1,1
0.212,0.383,0.44,0,0,1,1
0.215,0.383,0.44,0,0,1,1
0.218,0.383,0.44,0,0,1,1
0.221,0.383,0.44,0,0,1,1
0.224,0.383,0.44,0,0,1,1
0.227,0.383,0.44,0,0,1,1
0.23,0.383,0.44,0,0,1,1
0.233,0.383,0.44,0,0,1,1
0.236,0.383,0.44,0,0,1,1
0.239,0.383,0.44,0,0,1,1
0.242,0.383,0.44,0,0,1,1
0.245,0.383,0.44,0,0,1,1
0.248,0.383,0.44,0,0,1,1
0.251,0.383,0.44,0,0,1,1
0.254,0.383,0.44,0,0,1,1
0.257,0.383,0.44,0,0,1,1
0.26,0.383,0.44,0,0,1,1
0.263,0.383,0.44,0,0,1,1
0.266,0.383,0.44,0,0,1,1
0.269,0.383,0.44,0,0,1,1
0.272,0.383,0.44,0,0,1,1
0.275,0.383,0.44,0,0,1,1
0.278,0.383,0.44,0,0,1,1
0.281,0.383,0.44,0,0,1,1
0.284,0.383,0.44,0,0,1,1
0.287,0.383,0.44,0,0,1,1
0.29,0.383,0.44,0,0,1,1
0.293,0.383,0.44,0,0,1,1
0.296,0.383,0.44,0,0,1,1
0.299,0.383,0.44,0,0,1,1
0.302,0.383,0.44,0,0,1,1
0.305,0.383,0.44,0,0,1,1
0.308,0.383,0.44,0,0,1,1
0.311,0.383,0.44,0,0,1,1
0.314,0.383,0.44,0,0,1,1
0.317,0.383,0.44,0,0,1,1
0.32,0.383,0.44,0,0,1,1
0.323,0.383,0.44,0,0,1,1
0.326,0.383,0.44,0,0,1,1
0.329,0.383,0.44,0,0,1,1
0.332,0.383,0.44,0,0,1,1
0.335,0.383,0.44,0,0,1,1
0.338,0.383,0.44,0,0,1,1
0.341,0.383,0.44,0,0,1,1
0.14,0.38,0.44,0,0,1,1
0.143,0.38,0.44,0,0,1,1
0.146,0.38,0.44,0,0,1,1
0.149,0.38,0.44,0,0,1,1
0.152,0.38,0.44,0,0,1,1
0.155,0.38,0.44,0,0,1,1
0.158,0.38,0.44,0,0,1,1
0.161,0.38,0.44,0,0,1,1
0.164,0.38,0.44,0,0,1,1
0.167,0.38,0.44,0,0,1,1
0.17,0.38,0.44,0,0,1,1
0.173,0.38,0.44,0,0,1,1
0.176,0.38,0.44,0,0,1,1
0.179,0.38,0.44,0,0,1,1
0.182,0.38,0.44,0,0,1,1
0.185,0.38,0.44,0,0,1,1
0.188,0.38,0.44,0,0,1,1
0.191,0.38,0.44,0,0,1,1
0.194,0.38,0.44,0,0,1,1
0.197,0.38,0.44,0,0,1,1
0.2,0.38,0.44,0,0,1,1
0.203,0.38,0.44,0,0,1,1
0.206,0.38,0.44,0,0,1,1
0.209,0.38,0.44,0,0,1,1
0.212,0.38,0.44,0,0,1,1
0.215,0.38,0.44,0,0,1,1
0.218,0.38,0.44,0,0,1,1
0.221,0.38,0.44,0,0,1,1
0.224,0.38,0.44,0,0,1,1
0.227,0.38,0.44,0,0,1,1
0.23,0.38,0.44,0,0,1,1
0.233,0.38,0.44,0,0,1,1
0.236,0.38,0.44,0,0,1,1
0.239,0.38,0.44,0,0,1,1
0.242,0.38,0.44,0,0,1,1
0.245,0.38,0.44,0,0,1,1
0.248,0.38,0.44,0,0,1,1
0.251,0.38,0.44,0,0,1,1
0.254,0.38,0.44,0,0,1,1
0.257,0.38,0.44,0,0,1,1
0.26,0.38,0.44,0,0,1,1
0.263,0.38,0.44,0,0,1,1
0.266,0.38,0.44,0,0,1,1
0.269,0.38,0.44,0,0,1,1
0.272,0.38,0.44,0,0,1,1
0.275,0.38,0.44,0,0,1,1
0.278,0.38,0.44,0,0,1,1
0.281,0.38,0.44,0,0,1,1
0.284,0.38,0.44,0,0,1,1
0.287,0.38,0.44,0,0,1,1
0.29,0.38,0.44,0,0,1,1
0.293,0.38,0.44,0,0,1,1
0.296,0.38,0.44,0,0,1,1
0.299,0.38,0.44,0,0,1,1
0.302,0.38,0.44,0,0,1,1
0.305,0.38,0.44,0,0,1,1
0.308,0.38,0.44,0,0,1,1
0.311,0.38,0.44,0,0,1,1
0.314,0.38,0.44,0,0,1,1
0.317,0.38,0.44,0,0,1,1
0.32,0.38,0.44,0,0,1,1
0.323,0.38,0.44,0,0,1,1
0.326,0.38,0.44,0,0,1,1
0.329,0.38,0.44,0,0,1,1
0.332,0.38,0.44,0,0,1,1
0.335,0.38,0.44,0,0,1,1
0.338,0.38,0.44,0,0,1,1
0.341,0.38,0.44,0,0,1,1
0.14,0.377,0.44,0,0,1,1
0.143,0.377,0.44,0,0,1,1
0.146,0.377,0.44,0,0,1,1
0.149,0.377,0.44,0,0,1,1
0.152,0.377,0.44,0,0,1,1
0.155,0.377,0.44,0,0,1,1
0.158,0.377,0.44,0,0,1,1
0.161,0.377,0.44,0,0,1,1
0.164,0.377,0.44,0,0,1,1
0.167,0.377,0.44,0,0,1,1
0.17,0.377,0.44,0,0,1,1
0.173,0.377,0.44,0,0,1,1
0.176,0.377,0.44,0,0,1,1
0.179,0.377,0.44,0,0,1,1
0.182,0.377,0.44,0,0,1,1
0.185,0.377,0.44,0,0,1,1
0.188,0.377,0.44,0,0,1,1
0.191,0.377,0.44,0,0,1,1
0.194,0.377,0.44,0,0,1,1
0.197,0.377,0.44,0,0,1,1
0.2,0.377,0.44,0,0,1,1
0.203,0.377,0.44,0,0,1,1
0.206,0.377,0.44,0,0,1,1
0.209,0.377,0.44,0,0,1,1
0.212,0.377,0.44,0,0,1,1
0.215,0.377,0.44,0,0,1,1
0.218,0.377,0.44,0,0,1,1
0.221,0.377,0.44,0,0,1,1
0.224,0.377,0.44,0,0,1,1
0.227,0.377,0.44,0,0,1,1
0.23,0.377,0.44,0,0,1,1
0.233,0.377,0.44,0,0,1,1
0.236,0.377,0.44,0,0,1,1
0.239,0.377,0.44,0,0,1,1
0.242,0.377,0.44,0,0,1,1
0.245,0.377,0.44,0,0,1,1
0.248,0.377,0.44,0,0,1,1
0.251,0.377,0.44,0,0,1,1
0.254,0.377,0.44,0,0,1,1
0.257,0.377,0.44,0,0,1,1
0.26,0.377,0.44,0,0,1,1
0.263,0.377,0.44,0,0,1,1
0.266,0.377,0.44,0,0,1,1
0.269,0.377,0.44,0,0,1,1
0.272,0.377,0.44,0,0,1,1
0.275,0.377,0.44,0,0,1,1
0.278,0.377,0.44,0,0,1,1
0.281,0.377,0.44,0,0,1,1
0.284,0.377,0.44,0,0,1,1
0.287,0.377,0.44,0,0,1,1
0.29,0.377,0.44,0,0,1,1
0.293,0.377,0.44,0,0,1,1
0.296,0.377,0.44,0,0,1,1
0.299,0.377,0.44,0,0,1,1
0.302,0.377,0.44,0,0,1,1
0.305,0.377,0.44,0,0,1,1
0.308,0.377,0.44,0,0,1,1
0.311,0.377,0.44,0,0,1,1
0.314,0.377,0.44,0,0,1,1
0.317,0.377,0.44,0,0,1,1
0.32,0.377,0.44,0,0,1,1
0.323,0.377,0.44,0,0,1,1
0.326,0.377,0.44,0,0,1,1
0.329,0.377,0.44,0,0,1,1
0.332,0.377,0.44,0,0,1,1
0.335,0.377,0.44,0,0,1,1
0.338,0.377,0.44,0,0,1,1
0.341,0.377,0.44,0,0,1,1
0.14,0.374,0.44,0,0,1,1
0.143,0.374,0.44,0,0,1,1
0.146,0.374,0.44,0,0,1,1
0.149,0.374,0.44,0,0,1,1
0.152,0.374,0.44,0,0,1,1
0.155,0.374,0.44,0,0,1,1
0.158,0.374,0.44,0,0,1,1
0.161,0.374,0.44,0,0,1,1
0.164,0.374,0.44,0,0,1,1
0.167,0.374,0.44,0,0,1,1
0.17,0.374,0.44,0,0,1,1
0.173,0.374,0.44,0,0,1,1
0.176,0.374,0.44,0,0,1,1
0.179,0.374,0.44,0,0,1,1
0.182,0.374,0.44,0,0,1,1
0.185,0.374,0.44,0,0,1,1
0.188,0.374,0.44,0,0,1,1
0.191,0.374,0.44,0,0,1,1
0.194,0.374,0.44,0,0,1,1
0.197,0.374,0.44,0,0,1,1
0.2,0.374,0.44,0,0,1,1
0.203,0.374,0.44,0,0,1,1
0.206,0.374,0.44,0,0,1,1
0.209,0.374,0.44,0,0,1,1
0.212,0.374,0.44,0,0,1,1
0.215,0.374,0.44,0,0,1,1
0.218,0.374,0.44,0,0,1,1
0.221,0.374,0.44,0,0,1,1
0.224,0.374,0.44,0,0,1,1
0.227,0.374,0.44,0,0,1,1
0.23,0.374,0.44,0,0,1,1
0.233,0.374,0.44,0,0,1,1
0.236,0.374,0.44,0,0,1,1
0.239,0.374,0.44,0,0,1,1
0.242,0.374,0.44,0,0,1,1
0.245,0.374,0.44,0,0,1,1
0.248,0.374,0.44,0,0,1,1
0.251,0.374,0.44,0,0,1,1
0.254,0.374,0.44,0,0,1,1
0.257,0.374,0.44,0,0,1,1
0.26,0.374,0.44,0,0,1,1
0.263,0.374,0.44,0,0,1,1
0.266,0.374,0.44,0,0,1,1
0.269,0.374,0.44,0,0,1,1
0.272,0.374,0.44,0,0,1,1
0.275,0.374,0.44,0,0,1,1
0.278,0.374,0.44,0,0,1,1
0.281,0.374,0.44,0,0,1,1
0.284,0.374,0.44,0,0,1,1
0.287,0.374,0.44,0,0,1,1
0.29,0.374,0.44,0,0,1,1
0.293,0.374,0.44,0,0,1,1
0.296,0.374,0.44,0,0,1,1
0.299,0.374,0.44,0,0,1,1
0.302,0.374,0.44,0,0,1,1
0.305,0.374,0.44,0,0,1,1
0.308,0.374,0.44,0,0,1,1
0.311,0.374,0.44,0,0,1,1
0.314,0.374,0.44,0,0,1,1
0.317,0.374,0.44,0,0,1,1
0.32,0.374,0.44,0,0,1,1
0.323,0.374,0.44,0,0,1,1
0.326,0.374,0.44,0,0,1,1
0.329,0.374,0.44,0,0,1,1
0.332,0.374,0.44,0,0,1,1
0.335,0.374,0.44,0,0,1,1
0.338,0.374,0.44,0,0,1,1
0.341,0.374,0.44,0,0,1,1
0.14,0.371,0.44,0,0,1,1
0.143,0.371,0.44,0,0,1,1
0.146,0.371,0.44,0,0,1,1
0.149,0.371,0.44,0,0,1,1
0.152,0.371,0.44,0,0,1,1
0.155,0.371,0.44,0,0,1,1
0.158,0.371,0.44,0,0,1,1
0.161,0.371,0.44,0,0,1,1
0.164,0.371,0.44,0,0,1,1
0.167,0.371,0.44,0,0,1,1
0.17,0.371,0.44,0,0,1,1
0.173,0.371,0.44,0,0,1,1
0.176,0.371,0.44,0,0,1,1
0.179,0.371,0.44,0,0,1,1
0.182,0.371,0.44,0,0,1,1
0.185,0.371,0.44,0,0,1,1
0.188,0.371,0.44,0,0,1,1
0.191,0.371,0.44,0,0,1,1
0.194,0.371,0.44,0,0,1,1
0.197,0.371,0.44,0,0,1,1
0.2,0.371,0.44,0,0,1,1
0.203,0.371,0.44,0,0,1,1
0.206,0.371,0.44,0,0,1,1
0.209,0.371,0.44,0,0,1,1
0.212,0.371,0.44,0,0,1,1
0.215,0.371,0.44,0,0,1,1
0.218,0.371,0.44,0,0,1,1
0.221,0.371,0.44,0,0,1,1
0.224,0.371,0.44,0,0,1,1
0.227,0.371,0.44,0,0,1,1
0.23,0.371,0.44,0,0,1,1
0.233,0.371,0.44,0,0,1,1
0.236,0.371,0.44,0,0,1,1
0.239,0.371,0.44,0,0,1,1
0.242,0.371,0.44,0,0,1,1
0.245,0.371,0.44,0,0,1,1
0.248,0.371,0.44,0,0,1,1
0.251,0.371,0.44,0,0,1,1
0.254,0.371,0.44,0,0,1,1
0.257,0.371,0.44,0,0,1,1
0.26,0.371,0.44,0,0,1,1
0.263,0.371,0.44,0,0,1,1
0.266,0.371,0.44,0,0,1,1
0.269,0.371,0.44,0,0,1,1
0.272,0.371,0.44,0,0,1,1
0.275,0.371,0.44,0,0,1,1
0.278,0.371,0.44,0,0,1,1
0.281,0.371,0.44,0,0,1,1
0.284,0.371,0.44,0,0,1,1
0.287,0.371,0.44,0,0,1,1
0.29,0.371,0.44,0,0,1,1
0.293,0.371,0.44,0,0,1,1
0.296,0.371,0.44,0,0,1,1
0.299,0.371,0.44,0,0,1,1
0.302,0.371,0.44,0,0,1,1
0.305,0.371,0.44,0,0,1,1
0.308,0.371,0.44,0,0,1,1
0.311,0.371,0.44,0,0,1,1
0.314,0.371,0.44,0,0,1,1
0.317,0.371,0.44,0,0,1,1
0.32,0.371,0.44,0,0,1,1
0.323,0.371,0.44,0,0,1,1
0.326,0.371,0.44,0,0,1,1
0.329,0.371,0.44,0,0,1,1
0.332,0.371,0.44,0,0,1,1
0.335,0.371,0.44,0,0,1,1
0.338,0.371,0.44,0,0,1,1
0.341,0.371,0.44,0,0,1,1
0.14,0.368,0.44,0,0,1,1
0.143,0.368,0.44,0,0,1,1
0.146,0.368,0.44,0,0,1,1
0.149,0.368,0.44,0,0,1,1
0.152,0.368,0.44,0,0,1,1
0.155,0.368,0.44,0,0,1,1
0.158,0.368,0.44,0,0,1,1
0.161,0.368,0.44,0,0,1,1
0.164,0.368,0.44,0,0,1,1
0.167,0.368,0.44,0,0,1,1
0.17,0.368,0.44,0,0,1,1
0.173,0.368,0.44,0,0,1,1
0.176,0.368,0.44,0,0,1,1
0.179,0.368,0.44,0,0,1,1
0.182,0.368,0.44,0,0,1,1
0.185,0.368,0.44,0,0,1,1
0.188,0.368,0.44,0,0,1,1
0.191,0.368,0.44,0,0,1,1
0.194,0.368,0.44,0,0,1,1
0.197,0.368,0.44,0,0,1,1
0.2,0.368,0.44,0,0,1,1
0.203,0.368,0.44,0,0,1,1
0.206,0.368,0.44,0,0,1,1
0.209,0.368,0.44,0,0,1,1
0.212,0.368,0.44,0,0,1,1
0.215,0.368,0.44,0,0,1,1
0.218,0.368,0.44,0,0,1,1
0.221,0.368,0.44,0,0,1,1
0.224,0.368,0.44,0,0,1,1
0.227,0.368,0.44,0,0,1,1
0.23,0.368,0.44,0,0,1,1
0.233,0.368,0.44,0,0,1,1
0.236,0.368,0.44,0,0,1,1
0.239,0.368,0.44,0,0,1,1
0.242,0.368,0.44,0,0,1,1
0.245,0.368,0.44,0,0,1,1
0.248,0.368,0.44,0,0,1,1
0.251,0.368,0.44,0,0,1,1
0.254,0.368,0.44,0,0,1,1
0.257,0.368,0.44,0,0,1,1
0.26,0.368,0.44,0,0,1,1
0.263,0.368,0.44,0,0,1,1
0.266,0.368,0.44,0,0,1,1
0.269,0.368,0.44,0,0,1,1
0.272,0.368,0.44,0,0,1,1
0.275,0.368,0.44,0,0,1,1
0.278,0.368,0.44,0,0,1,1
0.281,0.368,0.44,0,0,1,1
0.284,0.368,0.44,0,0,1,1
0.287,0.368,0.44,0,0,1,1
0.29,0.368,0.44,0,0,1,1
0.293,0.368,0.44,0,0,1,1
0.296,0.368,0.44,0,0,1,1
0.299,0.368,0.44,0,0,1,1
0.302,0.368,0.44,0,0,1,1
0.305,0.368,0.44,0,0,1,1
0.308,0.368,0.44,0,0,1,1
0.311,0.368,0.44,0,0,1,1
0.314,0.368,0.44,0,0,1,1
0.317,0.368,0.44,0,0,1,1
0.32,0.368,0.44,0,0,1,1
0.323,0.368,0.44,0,0,1,1
0.326,0.368,0.44,0,0,1,1
0.329,0.368,0.44,0,0,1,1
0.332,0.368,0.44,0,0,1,1
0.335,0.368,0.44,0,0,1,1
0.338,0.368,0.44,0,0,1,1
0.341,0.368,0.44,0,0,1,1
0.14,0.365,0.44,0,0,1,1
0.143,0.365,0.44,0,0,1,1
0.146,0.365,0.44,0,0,1,1
0.149,0.365,0.44,0,0,1,1
0.152,0.365,0.44,0,0,1,1
0.155,0.365,0.44,0,0,1,1
0.158,0.365,0.44,0,0,1,1
0.161,0.365,0.44,0,0,1,1
0.164,0.365,0.44,0,0,1,1
0.167,0.365,0.44,0,0,1,1
0.17,0.365,0.44,0,0,1,1
0.173,0.365,0.44,0,0,1,1
0.176,0.365,0.44,0,0,1,1
0.179,0.365,0.44,0,0,1,1
0.182,0.365,0.44,0,0,1,1
0.185,0.365,0.44,0,0,1,1
0.188,0.365,0.44,0,0,1,1
0.191,0.365,0.44,0,0,1,1
0.194,0.365,0.44,0,0,1,1
0.197,0.365,0.44,0,0,1,1
0.2,0.365,0.44,0,0,1,1
0.203,0.365,0.44,0,0,1,1
0.206,0.365,0.44,0,0,1,1
0.209,0.365,0.44,0,0,1,1
0.212,0.365,0.44,0,0,1,1
0.215,0.365,0.44,0,0,1,1
0.218,0.365,0.44,0,0,1,1
0.221,0.365,0.44,0,0,1,1
0.224,0.365,0.44,0,0,1,1
0.227,0.365,0.44,0,0,1,1
0.23,0.365,0.44,0,0,1,1
0.233,0.365,0.44,0,0,1,1
0.236,0.365,0.44,0,0,1,1
0.239,0.365,0.44,0,0,1,1
0.242,0.365,0.44,0,0,1,1
0.245,0.365,0.44,0,0,1,1
0.248,0.365,0.44,0,0,1,1
0.251,0.365,0.44,0,0,1,1
0.254,0.365,0.44,0,0,1,1
0.257,0.365,0.44,0,0,1,1
0.26,0.365,0.44,0,0,1,1
0.263,0.365,0.44,0,0,1,1
0.266,0.365,0.44,0,0,1,1
0.269,0.365,0.44,0,0,1,1
0.272,0.365,0.44,0,0,1,1
0.275,0.365,0.44,0,0,1,1
0.278,0.365,0.44,0,0,1,1
0.281,0.365,0.44,0,0,1,1
0.284,0.365,0.44,0,0,1,1
0.287,0.365,0.44,0,0,1,1
0.29,0.365,0.44,0,0,1,1
0.293,0.365,0.44,0,0,1,1
0.296,0.365,0.44,0,0,1,1
0.299,0.365,0.44,0,0,1,1
0.302,0.365,0.44,0,0,1,1
0.305,0.365,0.44,0,0,1,1
0.308,0.365,0.44,0,0,1,1
0.311,0.365,0.44,0,0,1,1
0.314,0.365,0.44,0,0,1,1
0.317,0.365,0.44,0,0,1,1
0.32,0.365,0.44,0,0,1,1
0.323,0.365,0.44,0,0,1,1
0.326,0.365,0.44,0,0,1,1
0.329,0.365,0.44,0,0,1,1
0.332,0.365,0.44,0,0,1,1
0.335,0.365,0.44,0,0,1,1
0.338,0.365,0.44,0,0,1,1
0.341,0.365,0.44,0,0,1,1
0.14,0.362,0.44,0,0,1,1
0.143,0.362,0.44,0,0,1,1
0.146,0.362,0.44,0,0,1,1
0.149,0.362,0.44,0,0,1,1
0.152,0.362,0.44,0,0,1,1
0.155,0.362,0.44,0,0,1,1
0.158,0.362,0.44,0,0,1,1
0.161,0.362,0.44,0,0,1,1
0.164,0.362,0.44,0,0,1,1
0.167,0.362,0.44,0,0,1,1
0.17,0.362,0.44,0,0,1,1
0.173,0.362,0.44,0,0,1,1
0.176,0.362,0.44,0,0,1,1
0.179,0.362,0.44,0,0,1,1
0.182,0.362,0.44,0,0,1,1
0.185,0.362,0.44,0,0,1,1
0.188,0.362,0.44,0,0,1,1
0.191,0.362,0.44,0,0,1,1
0.194,0.362,0.44,0,0,1,1
0.197,0.362,0.44,0,0,1,1
0.2,0.362,0.44,0,0,1,1
0.203,0.362,0.44,0,0,1,1
0.206,0.362,0.44,0,0,1,1
0.209,0.362,0.44,0,0,1,1
0.212,0.362,0.44,0,0,1,1
0.215,0.362,0.44,0,0,1,1
0.218,0.362,0.44,0,0,1,1
0.221,0.362,0.44,0,0,1,1
0.224,0.362,0.44,0,0,1,1
0.227,0.362,0.44,0,0,1,1
0.23,0.362,0.44,0,0,1,1
0.233,0.362,0.44,0,0,1,1
0.236,0.362,0.44,0,0,1,1
0.239,0.362,0.44,0,0,1,1
0.242,0.362,0.44,0,0,1,1
0.245,0.362,0.44,0,0,1,1
0.248,0.362,0.44,0,0,1,1
0.251,0.362,0.44,0,0,1,1
0.254,0.362,0.44,0,0,1,1
0.257,0.362,0.44,0,0,1,1
0.26,0.362,0.44,0,0,1,1
0.263,0.362,0.44,0,0,1,1
0.266,0.362,0.44,0,0,1,1
0.269,0.362,0.44,0,0,1,1
0.272,0.362,0.44,0,0,1,1
0.275,0.362,0.44,0,0,1,1
0.278,0.362,0.44,0,0,1,1
0.281,0.362,0.44,0,0,1,1
0.284,0.362,0.44,0,0,1,1
0.287,0.362,0.44,0,0,1,1
0.29,0.362,0.44,0,0,1,1
0.293,0.362,0.44,0,0,1,1
0.296,0.362,0.44,0,0,1,1
0.299,0.362,0.44,0,0,1,1
0.302,0.362,0.44,0,0,1,1
0.305,0.362,0.44,0,0,1,1
0.308,0.362,0.44,0,0,1,1
0.311,0.362,0.44,0,0,1,1
0.314,0.362,0.44,0,0,1,1
0.317,0.362,0.44,0,0,1,1
0.32,0.362,0.44,0,0,1,1
0.323,0.362,0.44,0,0,1,1
0.326,0.362,0.44,0,0,1,1
0.329,0.362,0.44,0,0,1,1
0.332,0.362,0.44,0,0,1,1
0.335,0.362,0.44,0,0,1,1
0.338,0.362,0.44,0,0,1,1
0.341,0.362,0.44,0,0,1,1
0.14,0.359,0.44,0,0,1,1
0.143,0.359,0.44,0,0,1,1
0.146,0.359,0.44,0,0,1,1
0.149,0.359,0.44,0,0,1,1
0.152,0.359,0.44,0,0,1,1
0.155,0.359,0.44,0,0,1,1
0.158,0.359,0.44,0,0,1,1
0.161,0.359,0.44,0,0,1,1
0.164,0.359,0.44,0,0,1,1
0.167,0.359,0.44,0,0,1,1
0.17,0.359,0.44,0,0,1,1
0.173,0.359,0.44,0,0,1,1
0.176,0.359,0.44,0,0,1,1
0.179,0.359,0.44,0,0,1,1
0.182,0.359,0.44,0,0,1,1
0.185,0.359,0.44,0,0,1,1
0.188,0.359,0.44,0,0,1,1
0.191,0.359,0.44,0,0,1,1
0.194,0.359,0.44,0,0,1,1
0.197,0.359,0.44,0,0,1,1
0.2,0.359,0.44,0,0,1,1
0.203,0.359,0.44,0,0,1,1
0.206,0.359,0.44,0,0,1,1
0.209,0.359,0.44,0,0,1,1
0.212,0.359,0.44,0,0,1,1
0.215,0.359,0.44,0,0,1,1
0.218,0.359,0.44,0,0,1,1
0.221,0.359,0.44,0,0,1,1
0.224,0.359,0.44,0,0,1,1
0.227,0.359,0.44,0,0,1,1
0.23,0.359,0.44,0,0,1,1
0.233,0.359,0.44,0,0,1,1
0.236,0.359,0.44,0,0,1,1
0.239,0.359,0.44,0,0,1,1
0.242,0.359,0.44,0,0,1,1
0.245,0.359,0.44,0,0,1,1
0.248,0.359,0.44,0,0,1,1
0.251,0.359,0.44,0,0,1,1
0.254,0.359,0.44,0,0,1,1
0.257,0.359,0.44,0,0,1,1
0.26,0.359,0.44,0,0,1,1
0.263,0.359,0.44,0,0,1,1
0.266,0.359,0.44,0,0,1,1
0.269,0.359,0.44,0,0,1,1
0.272,0.359,0.44,0,0,1,1
0.275,0.359,0.44,0,0,1,1
0.278,0.359,0.44,0,0,1,1
0.281,0.359,0.44,0,0,1,1
0.284,0.359,0.44,0,0,1,1
0.287,0.359,0.44,0,0,1,1
0.29,0.359,0.44,0,0,1,1
0.293,0.359,0.44,0,0,1,1
0.296,0.359,0.44,0,0,1,1
0.299,0.359,0.44,0,0,1,1
0.302,0.359,0.44,0,0,1,1
0.305,0.359,0.44,0,0,1,1
0.308,0.359,0.44,0,0,1,1
0.311,0.359,0.44,0,0,1,1
0.314,0.359,0.44,0,0,1,1
0.317,0.359,0.44,0,0,1,1
0.32,0.359,0.44,0,0,1,1
0.323,0.359,0.44,0,0,1,1
0.326,0.359,0.44,0,0,1,1
0.329,0.359,0.44,0,0,1,1
0.332,0.359,0.44,0,0,1,1
0.335,0.359,0.44,0,0,1,1
0.338,0.359,0.44,0,0,1,1
0.341,0.359,0.44,0,0,1,1
0.14,0.356,0.44,0,0,1,1
0.143,0.356,0.44,0,0,1,1
0.146,0.356,0.44,0,0,1,1
0.149,0.356,0.44,0,0,1,1
0.152,0.356,0.44,0,0,1,1
0.155,0.356,0.44,0,0,1,1
0.158,0.356,0.44,0,0,1,1
0.161,0.356,0.44,0,0,1,1
0.164,0.356,0.44,0,0,1,1
0.167,0.356,0.44,0,0,1,1
0.17,0.356,0.44,0,0,1,1
0.173,0.356,0.44,0,0,1,1
0.176,0.356,0.44,0,0,1,1
0.179,0.356,0.44,0,0,1,1
0.182,0.356,0.44,0,0,1,1
0.185,0.356,0.44,0,0,1,1
0.188,0.356,0.44,0,0,1,1
0.191,0.356,0.44,0,0,1,1
0.194,0.356,0.44,0,0,1,1
0.197,0.356,0.44,0,0,1,1
0.2,0.356,0.44,0,0,1,1
0.203,0.356,0.44,0,0,1,1
0.206,0.356,0.44,0,0,1,1
0.209,0.356,0.44,0,0,1,1
0.212,0.356,0.44,0,0,1,1
0.215,0.356,0.44,0,0,1,1
0.218,0.356,0.44,0,0,1,1
0.221,0.356,0.44,0,0,1,1
0.224,0.356,0.44,0,0,1,1
0.227,0.356,0.44,0,0,1,1
0.23,0.356,0.44,0,0,1,1
0.233,0.356,0.44,0,0,1,1
0.236,0.356,0.44,0,0,1,1
0.239,0.356,0.44,0,0,1,1
0.242,0.356,0.44,0,0,1,1
0.245,0.356,0.44,0,0,1,1
0.248,0.356,0.44,0,0,1,1
0.251,0.356,0.44,0,0,1,1
0.254,0.356,0.44,0,0,1,1
0.257,0.356,0.44,0,0,1,1
0.26,0.356,0.44,0,0,1,1
0.263,0.356,0.44,0,0,1,1
0.266,0.356,0.44,0,0,1,1
0.269,0.356,0.44,0,0,1,1
0.272,0.356,0.44,0,0,1,1
0.275,0.356,0.44,0,0,1,1
0.278,0.356,0.44,0,0,1,1
0.281,0.356,0.44,0,0,1,1
0.284,0.356,0.44,0,0,1,1
0.287,0.356,0.44,0,0,1,1
0.29,0.356,0.44,0,0,1,1
0.293,0.356,0.44,0,0,1,1
0.296,0.356,0.44,0,0,1,1
0.299,0.356,0.44,0,0,1,1
0.302,0.356,0.44,0,0,1,1
0.305,0.356,0.44,0,0,1,1
0.308,0.356,0.44,0,0,1,1
0.311,0.356,0.44,0,0,1,1
0.314,0.356,0.44,0,0,1,1
0.317,0.356,0.44,0,0,1,1
0.32,0.356,0.44,0,0,1,1
0.323,0.356,0.44,0,0,1,1
0.326,0.356,0.44,0,0,1,1
0.329,0.356,0.44,0,0,1,1
0.332,0.356,0.44,0,0,1,1
0.335,0.356,0.44,0,0,1,1
0.338,0.356,0.44,0,0,1,1
0.341,0.356,0.44,0,0,1,1
0.14,0.353,0.44,0,0,1,1
0.143,0.353,0.44,0,0,1,1
0.146,0.353,0.44,0,0,1,1
0.149,0.353,0.44,0,0,1,1
0.152,0.353,0.44,0,0,1,1
0.155,0.353,0.44,0,0,1,1
0.158,0.353,0.44,0,0,1,1
0.161,0.353,0.44,0,0,1,1
0.164,0.353,0.44,0,0,1,1
0.167,0.353,0.44,0,0,1,1
0.17,0.353,0.44,0,0,1,1
0.173,0.353,0.44,0,0,1,1
0.176,0.353,0.44,0,0,1,1
0.179,0.353,0.44,0,0,1,1
0.182,0.353,0.44,0,0,1,1
0.185,0.353,0.44,0,0,1,1
0.188,0.353,0.44,0,0,1,1
0.191,0.353,0.44,0,0,1,1
0.194,0.353,0.44,0,0,1,1
0.197,0.353,0.44,0,0,1,1
0.2,0.353,0.44,0,0,1,1
0.203,0.353,0.44,0,0,1,1
0.206,0.353,0.44,0,0,1,1
0.209,0.353,0.44,0,0,1,1
0.212,0.353,0.44,0,0,1,1
0.215,0.353,0.44,0,0,1,1
0.218,0.353,0.44,0,0,1,1
0.221,0.353,0.44,0,0,1,1
0.224,0.353,0.44,0,0,1,1
0.227,0.353,0.44,0,0,1,1
0.23,0.353,0.44,0,0,1,1
0.233,0.353,0.44,0,0,1,1
0.236,0.353,0.44,0,0,1,1
0.239,0.353,0.44,0,0,1,1
0.242,0.353,0.44,0,0,1,1
0.245,0.353,0.44,0,0,1,1
0.248,0.353,0.44,0,0,1,1
0.251,0.353,0.44,0,0,1,1
0.254,0.353,0.44,0,0,1,1
0.257,0.353,0.44,0,0,1,1
0.26,0.353,0.44,0,0,1,1
0.263,0.353,0.44,0,0,1,1
0.266,0.353,0.44,0,0,1,1
0.269,0.353,0.44,0,0,1,1
0.272,0.353,0.44,0,0,1,1
0.275,0.353,0.44,0,0,1,1
0.278,0.353,0.44,0,0,1,1
0.281,0.353,0.44,0,0,1,1
0.284,0.353,0.44,0,0,1,1
0.287,0.353,0.44,0,0,1,1
0.29,0.353,0.44,0,0,1,1
0.293,0.353,0.44,0,0,1,1
0.296,0.353,0.44,0,0,1,1
0.299,0.353,0.44,0,0,1,1
0.302,0.353,0.44,0,0,1,1
0.305,0.353,0.44,0,0,1,1
0.308,0.353,0.44,0,0,1,1
0.311,0.353,0.44,0,0,1,1
0.314,0.353,0.44,0,0,1,1
0.317,0.353,0.44,0,0,1,1
0.32,0.353,0.44,0,0,1,1
0.323,0.353,0.44,0,0,1,1
0.326,0.353,0.44,0,0,1,1
0.329,0.353,0.44,0,0,1,1
0.332,0.353,0.44,0,0,1,1
0.335,0.353,0.44,0,0,1,1
0.338,0.353,0.44,0,0,1,1
0.341,0.353,0.44,0,0,1,1
0.14,0.35,0.44,0,0,1,1
0.143,0.35,0.44,0,0,1,1
0.146,0.35,0.44,0,0,1,1
0.149,0.35,0.44,0,0,1,1
0.152,0.35,0.44,0,0,1,1
0.155,0.35,0.44,0,0,1,1
0.158,0.35,0.44,0,0,1,1
0.161,0.35,0.44,0,0,1,1
0.164,0.35,0.44,0,0,1,1
0.167,0.35,0.44,0,0,1,1
0.17,0.35,0.44,0,0,1,1
0.173,0.35,0.44,0,0,1,1
0.176,0.35,0.44,0,0,1,1
0.179,0.35,0.44,0,0,1,1
0.182,0.35,0.44,0,0,1,1
0.185,0.35,0.44,0,0,1,1
0.188,0.35,0.44,0,0,1,1
0.191,0.35,0.44,0,0,1,1
0.194,0.35,0.44,0,0,1,1
0.197,0.35,0.44,0,0,1,1
0.2,0.35,0.44,0,0,1,1
0.203,0.35,0.44,0,0,1,1
0.206,0.35,0.44,0,0,1,1
0.209,0.35,0.44,0,0,1,1
0.212,0.35,0.44,0,0,1,1
0.215,0.35,0.44,0,0,1,1
0.218,0.35,0.44,0,0,1,1
0.221,0.35,0.44,0,0,1,1
0.224,0.35,0.44,0,0,1,1
0.227,0.35,0.44,0,0,1,1
0.23,0.35,0.44,0,0,1,1
0.233,0.35,0.44,0,0,1,1
0.236,0.35,0.44,0,0,1,1
0.239,0.35,0.44,0,0,1,1
0.242,0.35,0.44,0,0,1,1
0.245,0.35,0.44,0,0,1,1
0.248,0.35,0.44,0,0,1,1
0.251,0.35,0.44,0,0,1,1
0.254,0.35,0.44,0,0,1,1
0.257,0.35,0.44,0,0,1,1
0.26,0.35,0.44,0,0,1,1
0.263,0.35,0.44,0,0,1,1
0.266,0.35,0.44,0,0,1,1
0.269,0.35,0.44,0,0,1,1
0.272,0.35,0.44,0,0,1,1
0.275,0.35,0.44,0,0,1,1
0.278,0.35,0.44,0,0,1,1
0.281,0.35,0.44,0,0,1,1
0.284,0.35,0.44,0,0,1,1
0.287,0.35,0.44,0,0,1,1
0.29,0.35,0.44,0,0,1,1
0.293,0.35,0.44,0,0,1,1
0.296,0.35,0.44,0,0,1,1
0.299,0.35,0.44,0,0,1,1
0.302,0.35,0.44,0,0,1,1
0.305,0.35,0.44,0,0,1,1
0.308,0.35,0.44,0,0,1,1
0.311,0.35,0.44,0,0,1,1
0.314,0.35,0.44,0,0,1,1
0.317,0.35,0.44,0,0,1,1
0.32,0.35,0.44,0,0,1,1
0.323,0.35,0.44,0,0,1,1
0.326,0.35,0.44,0,0,1,1
0.329,0.35,0.44,0,0,1,1
0.332,0.35,0.44,0,0,1,1
0.335,0.35,0.44,0,0,1,1
0.338,0.35,0.44,0,0,1,1
0.341,0.35,0.44,0,0,1,1
0.14,0.347,0.44,0,0,1,1
0.143,0.347,0.44,0,0,1,1
0.146,0.347,0.44,0,0,1,1
0.149,0.347,0.44,0,0,1,1
0.152,0.347,0.44,0,0,1,1
0.155,0.347,0.44,0,0,1,1
0.158,0.347,0.44,0,0,1,1
0.161,0.347,0.44,0,0,1,1
0.164,0.347,0.44,0,0,1,1
0.167,0.347,0.44,0,0,1,1
0.17,0.347,0.44,0,0,1,1
0.173,0.347,0.44,0,0,1,1
0.176,0.347,0.44,0,0,1,1
0.179,0.347,0.44,0,0,1,1
0.182,0.347,0.44,0,0,1,1
0.185,0.347,0.44,0,0,1,1
0.188,0.347,0.44,0,0,1,1
0.191,0.347,0.44,0,0,1,1
0.194,0.347,0.44,0,0,1,1
0.197,0.347,0.44,0,0,1,1
0.2,0.347,0.44,0,0,1,1
0.203,0.347,0.44,0,0,1,1
0.206,0.347,0.44,0,0,1,1
0.209,0.347,0.44,0,0,1,1
0.212,0.347,0.44,0,0,1,1
0.215,0.347,0.44,0,0,1,1
0.218,0.347,0.44,0,0,1,1
0.221,0.347,0.44,0,0,1,1
0.224,0.347,0.44,0,0,1,1
0.227,0.347,0.44,0,0,1,1
0.23,0.347,0.44,0,0,1,1
0.233,0.347,0.44,0,0,1,1
0.236,0.347,0.44,0,0,1,1
0.239,0.347,0.44,0,0,1,1
0.242,0.347,0.44,0,0,1,1
0.245,0.347,0.44,0,0,1,1
0.248,0.347,0.44,0,0,1,1
0.251,0.347,0.44,0,0,1,1
0.254,0.347,0.44,0,0,1,1
0.257,0.347,0.44,0,0,1,1
0.26,0.347,0.44,0,0,1,1
0.263,0.347,0.44,0,0,1,1
0.266,0.347,0.44,0,0,1,1
0.269,0.347,0.44,0,0,1,1
0.272,0.347,0.44,0,0,1,1
0.275,0.347,0.44,0,0,1,1
0.278,0.347,0.44,0,0,1,1
0.281,0.347,0.44,0,0,1,1
0.284,0.347,0.44,0,0,1,1
0.287,0.347,0.44,0,0,1,1
0.29,0.347,0.44,0,0,1,1
0.293,0.347,0.44,0,0,1,1
0.296,0.347,0.44,0,0,1,1
0.299,0.347,0.44,0,0,1,1
0.302,0.347,0.44,0,0,1,1
0.305,0.347,0.44,0,0,1,1
0.308,0.347,0.44,0,0,1,1
0.311,0.347,0.44,0,0,1,1
0.314,0.347,0.44,0,0,1,1
0.317,0.347,0.44,0,0,1,1
0.32,0.347,0.44,0,0,1,1
0.323,0.347,0.44,0,0,1,1
0.326,0.347,0.44,0,0,1,1
0.329,0.347,0.44,0,0,1,1
0.332,0.347,0.44,0,0,1,1
0.335,0.347,0.44,0,0,1,1
0.338,0.347,0.44,0,0,1,1
0.341,0.347,0.44,0,0,1,1
0.14,0.344,0.44,0,0,1,1
0.143,0.344,0.44,0,0,1,1
0.146,0.344,0.44,0,0,1,1
0.149,0.344,0.44,0,0,1,1
0.152,0.344,0.44,0,0,1,1
0.155,0.344,0.44,0,0,1,1
0.158,0.344,0.44,0,0,1,1
0.161,0.344,0.44,0,0,1,1
0.164,0.344,0.44,0,0,1,1
0.167,0.344,0.44,0,0,1,1
0.17,0.344,0.44,0,0,1,1
0.173,0.344,0.44,0,0,1,1
0.176,0.344,0.44,0,0,1,1
0.179,0.344,0.44,0,0,1,1
0.182,0.344,0.44,0,0,1,1
0.185,0.344,0.44,0,0,1,1
0.188,0.344,0.44,0,0,1,1
0.191,0.344,0.44,0,0,1,1
0.194,0.344,0.44,0,0,1,1
0.197,0.344,0.44,0,0,1,1
0.2,0.344,0.44,0,0,1,1
0.203,0.344,0.44,0,0,1,1
0.206,0.344,0.44,0,0,1,1
0.209,0.344,0.44,0,0,1,1
0.212,0.344,0.44,0,0,1,1
0.215,0.344,0.44,0,0,1,1
0.218,0.344,0.44,0,0,1,1
0.221,0.344,0.44,0,0,1,1
0.224,0.344,0.44,0,0,1,1
0.227,0.344,0.44,0,0,1,1
0.23,0.344,0.44,0,0,1,1
0.233,0.344,0.44,0,0,1,1
0.236,0.344,0.44,0,0,1,1
0.239,0.344,0.44,0,0,1,1
0.242,0.344,0.44,0,0,1,1
0.245,0.344,0.44,0,0,1,1
0.248,0.344,0.44,0,0,1,1
0.251,0.344,0.44,0,0,1,1
0.254,0.344,0.44,0,0,1,1
0.257,0.344,0.44,0,0,1,1
0.26,0.344,0.44,0,0,1,1
0.263,0.344,0.44,0,0,1,1
0.266,0.344,0.44,0,0,1,1
0.269,0.344,0.44,0,0,1,1
0.272,0.344,0.44,0,0,1,1
0.275,0.344,0.44,0,0,1,1
0.278,0.344,0.44,0,0,1,1
0.281,0.344,0.44,0,0,1,1
0.284,0.344,0.44,0,0,1,1
0.287,0.344,0.44,0,0,1,1
0.29,0.344,0.44,0,0,1,1
0.293,0.344,0.44,0,0,1,1
0.296,0.344,0.44,0,0,1,1
0.299,0.344,0.44,0,0,1,1
0.302,0.344,0.44,0,0,1,1
0.305,0.344,0.44,0,0,1,1
0.308,0.344,0.44,0,0,1,1
0.311,0.344,0.44,0,0,1,1
0.314,0.344,0.44,0,0,1,1
0.317,0.344,0.44,0,0,1,1
0.32,0.344,0.44,0,0,1,1
0.323,0.344,0.44,0,0,1,1
0.326,0.344,0.44,0,0,1,1
0.329,0.344,0.44,0,0,1,1
0.332,0.344,0.44,0,0,1,1
0.335,0.344,0.44,0,0,1,1
0.338,0.344,0.44,0,0,1,1
0.341,0.344,0.44,0,0,1,1
0.14,0.341,0.44,0,0,1,1
0.143,0.341,0.44,0,0,1,1
0.146,0.341,0.44,0,0,1,1
0.149,0.341,0.44,0,0,1,1
0.152,0.341,0.44,0,0,1,1
0.155,0.341,0.44,0,0,1,1
0.158,0.341,0.44,0,0,1,1
0.161,0.341,0.44,0,0,1,1
0.164,0.341,0.44,0,0,1,1
0.167,0.341,0.44,0,0,1,1
0.17,0.341,0.44,0,0,1,1
0.173,0.341,0.44,0,0,1,1
0.176,0.341,0.44,0,0,1,1
0.179,0.341,0.44,0,0,1,1
0.182,0.341,0.44,0,0,1,1
0.185,0.341,0.44,0,0,1,1
0.188,0.341,0.44,0,0,1,1
0.191,0.341,0.44,0,0,1,1
0.194,0.341,0.44,0,0,1,1
0.197,0.341,0.44,0,0,1,1
0.2,0.341,0.44,0,0,1,1
0.203,0.341,0.44,0,0,1,1
0.206,0.341,0.44,0,0,1,1
0.209,0.341,0.44,0,0,1,1
0.212,0.341,0.44,0,0,1,1
0.215,0.341,0.44,0,0,1,1
0.218,0.341,0.44,0,0,1,1
0.221,0.341,0.44,0,0,1,1
0.224,0.341,0.44,0,0,1,1
0.227,0.341,0.44,0,0,1,1
0.23,0.341,0.44,0,0,1,1
0.233,0.341,0.44,0,0,1,1
0.236,0.341,0.44,0,0,1,1
0.239,0.341,0.44,0,0,1,1
0.242,0.341,0.44,0,0,1,1
0.245,0.341,0.44,0,0,1,1
0.248,0.341,0.44,0,0,1,1
0.251,0.341,0.44,0,0,1,1
0.254,0.341,0.44,0,0,1,1
0.257,0.341,0.44,0,0,1,1
0.26,0.341,0.44,0,0,1,1
0.263,0.341,0.44,0,0,1,1
0.266,0.341,0.44,0,0,1,1
0.269,0.341,0.44,0,0,1,1
0.272,0.341,0.44,0,0,1,1
0.275,0.341,0.44,0,0,1,1
0.278,0.341,0.44,0,0,1,1
0.281,0.341,0.44,0,0,1,1
0.284,0.341,0.44,0,0,1,1
0.287,0.341,0.44,0,0,1,1
0.29,0.341,0.44,0,0,1,1
0.293,0.341,0.44,0,0,1,1
0.296,0.341,0.44,0,0,1,1
0.299,0.341,0.44,0,0,1,1
0.302,0.341,0.44,0,0,1,1
0.305,0.341,0.44,0,0,1,1
0.308,0.341,0.44,0,0,1,1
0.311,0.341,0.44,0,0,1,1
0.314,0.341,0.44,0,0,1,1
0.317,0.341,0.44,0,0,1,1
0.32,0.341,0.44,0,0,1,1
0.323,0.341,0.44,0,0,1,1
0.326,0.341,0.44,0,0,1,1
0.329,0.341,0.44,0,0,1,1
0.332,0.341,0.44,0,0,1,1
0.335,0.341,0.44,0,0,1,1
0.338,0.341,0.44,0,0,1,1
0.341,0.341,0.44,0,0,1,1
0.14,0.338,0.44,0,0,1,1
0.143,0.338,0.44,0,0,1,1
0.146,0.338,0.44,0,0,1,1
0.149,0.338,0.44,0,0,1,1
0.152,0.338,0.44,0,0,1,1
0.155,0.338,0.44,0,0,1,1
0.158,0.338,0.44,0,0,1,1
0.161,0.338,0.44,0,0,1,1
0.164,0.338,0.44,0,0,1,1
0.167,0.338,0.44,0,0,1,1
0.17,0.338,0.44,0,0,1,1
0.173,0.338,0.44,0,0,1,1
0.176,0.338,0.44,0,0,1,1
0.179,0.338,0.44,0,0,1,1
0.182,0.338,0.44,0,0,1,1
0.185,0.338,0.44,0,0,1,1
0.188,0.338,0.44,0,0,1,1
0.191,0.338,0.44,0,0,1,1
0.194,0.338,0.44,0,0,1,1
0.197,0.338,0.44,0,0,1,1
0.2,0.338,0.44,0,0,1,1
0.203,0.338,0.44,0,0,1,1
0.206,0.338,0.44,0,0,1,1
0.209,0.338,0.44,0,0,1,1
0.212,0.338,0.44,0,0,1,1
0.215,0.338,0.44,0,0,1,1
0.218,0.338,0.44,0,0,1,1
0.221,0.338,0.44,0,0,1,1
0.224,0.338,0.44,0,0,1,1
0.227,0.338,0.44,0,0,1,1
0.23,0.338,0.44,0,0,1,1
0.233,0.338,0.44,0,0,1,1
0.236,0.338,0.44,0,0,1,1
0.239,0.338,0.44,0,0,1,1
0.242,0.338,0.44,0,0,1,1
0.245,0.338,0.44,0,0,1,1
0.248,0.338,0.44,0,0,1,1
0.251,0.338,0.44,0,0,1,1
0.254,0.338,0.44,0,0,1,1
0.257,0.338,0.44,0,0,1,1
0.26,0.338,0.44,0,0,1,1
0.263,0.338,0.44,0,0,1,1
0.266,0.338,0.44,0,0,1,1
0.269,0.338,0.44,0,0,1,1
0.272,0.338,0.44,0,0,1,1
0.275,0.338,0.44,0,0,1,1
0.278,0.338,0.44,0,0,1,1
0.281,0.338,0.44,0,0,1,1
0.284,0.338,0.44,0,0,1,1
0.287,0.338,0.44,0,0,1,1
0.29,0.338,0.44,0,0,1,1
0.293,0.338,0.44,0,0,1,1
0.296,0.338,0.44,0,0,1,1
0.299,0.338,0.44,0,0,1,1
0.302,0.338,0.44,0,0,1,1
0.305,0.338,0.44,0,0,1,1
0.308,0.338,0.44,0,0,1,1
0.311,0.338,0.44,0,0,1,1
0.314,0.338,0.44,0,0,1,1
0.317,0.338,0.44,0,0,1,1
0.32,0.338,0.44,0,0,1,1
0.323,0.338,0.44,0,0,1,1
0.326,0.338,0.44,0,0,1,1
0.329,0.338,0.44,0,0,1,1
0.332,0.338,0.44,0,0,1,1
0.335,0.338,0.44,0,0,1,1
0.338,0.338,0.44,0,0,1,1
0.341,0.338,0.44,0,0,1,1
0.14,0.335,0.44,0,0,1,1
0.143,0.335,0.44,0,0,1,1
0.146,0.335,0.44,0,0,1,1
0.149,0.335,0.44,0,0,1,1
0.152,0.335,0.44,0,0,1,1
0.155,0.335,0.44,0,0,1,1
0.158,0.335,0.44,0,0,1,1
0.161,0.335,0.44,0,0,1,1
0.164,0.335,0.44,0,0,1,1
0.167,0.335,0.44,0,0,1,1
0.17,0.335,0.44,0,0,1,1
0.173,0.335,0.44,0,0,1,1
0.176,0.335,0.44,0,0,1,1
0.179,0.335,0.44,0,0,1,1
0.182,0.335,0.44,0,0,1,1
0.185,0.335,0.44,0,0,1,1
0.188,0.335,0.44,0,0,1,1
0.191,0.335,0.44,0,0,1,1
0.194,0.335,0.44,0,0,1,1
0.197,0.335,0.44,0,0,1,1
0.2,0.335,0.44,0,0,1,1
0.203,0.335,0.44,0,0,1,1
0.206,0.335,0.44,0,0,1,1
0.209,0.335,0.44,0,0,1,1
0.212,0.335,0.44,0,0,1,1
0.215,0.335,0.44,0,0,1,1
0.218,0.335,0.44,0,0,1,1
0.221,0.335,0.44,0,0,1,1
0.224,0.335,0.44,0,0,1,1
0.227,0.335,0.44,0,0,1,1
0.23,0.335,0.44,0,0,1,1
0.233,0.335,0.44,0,0,1,1
0.236,0.335,0.44,0,0,1,1
0.239,0.335,0.44,0,0,1,1
0.242,0.335,0.44,0,0,1,1
0.245,0.335,0.44,0,0,1,1
0.248,0.335,0.44,0,0,1,1
0.251,0.335,0.44,0,0,1,1
0.254,0.335,0.44,0,0,1,1
0.257,0.335,0.44,0,0,1,1
0.26,0.335,0.44,0,0,1,1
0.263,0.335,0.44,0,0,1,1
0.266,0.335,0.44,0,0,1,1
0.269,0.335,0.44,0,0,1,1
0.272,0.335,0.44,0,0,1,1
0.275,0.335,0.44,0,0,1,1
0.278,0.335,0.44,0,0,1,1
0.281,0.335,0.44,0,0,1,1
0.284,0.335,0.44,0,0,1,1
0.287,0.335,0.44,0,0,1,1
0.29,0.335,0.44,0,0,1,1
0.293,0.335,0.44,0,0,1,1
0.296,0.335,0.44,0,0,1,1
0.299,0.335,0.44,0,0,1,1
0.302,0.335,0.44,0,0,1,1
0.305,0.335,0.44,0,0,1,1
0.308,0.335,0.44,0,0,1,1
0.311,0.335,0.44,0,0,1,1
0.314,0.335,0.44,0,0,1,1
0.317,0.335,0.44,0,0,1,1
0.32,0.335,0.44,0,0,1,1
0.323,0.335,0.44,0,0,1,1
0.326,0.335,0.44,0,0,1,1
0.329,0.335,0.44,0,0,1,1
0.332,0.335,0.44,0,0,1,1
0.335,0.335,0.44,0,0,1,1
0.338,0.335,0.44,0,0,1,1
0.341,0.335,0.44,0,0,1,1
0.14,0.332,0.44,0,0,1,1
0.143,0.332,0.44,0,0,1,1
0.146,0.332,0.44,0,0,1,1
0.149,0.332,0.44,0,0,1,1
0.152,0.332,0.44,0,0,1,1
0.155,0.332,0.44,0,0,1,1
0.158,0.332,0.44,0,0,1,1
0.161,0.332,0.44,0,0,1,1
0.164,0.332,0.44,0,0,1,1
0.167,0.332,0.44,0,0,1,1
0.17,0.332,0.44,0,0,1,1
0.173,0.332,0.44,0,0,1,1
0.176,0.332,0.44,0,0,1,1
0.179,0.332,0.44,0,0,1,1
0.182,0.332,0.44,0,0,1,1
0.185,0.332,0.44,0,0,1,1
0.188,0.332,0.44,0,0,1,1
0.191,0.332,0.44,0,0,1,1
0.194,0.332,0.44,0,0,1,1
0.197,0.332,0.44,0,0,1,1
0.2,0.332,0.44,0,0,1,1
0.203,0.332,0.44,0,0,1,1
0.206,0.332,0.44,0,0,1,1
0.209,0.332,0.44,0,0,1,1
0.212,0.332,0.44,0,0,1,1
0.215,0.332,0.44,0,0,1,1
0.218,0.332,0.44,0,0,1,1
0.221,0.332,0.44,0,0,1,1
0.224,0.332,0.44,0,0,1,1
0.227,0.332,0.44,0,0,1,1
0.23,0.332,0.44,0,0,1,1
0.233,0.332,0.44,0,0,1,1
0.236,0.332,0.44,0,0,1,1
0.239,0.332,0.44,0,0,1,1
0.242,0.332,0.44,0,0,1,1
0.245,0.332,0.44,0,0,1,1
0.248,0.332,0.44,0,0,1,1
0.251,0.332,0.44,0,0,1,1
0.254,0.332,0.44,0,0,1,1
0.257,0.332,0.44,0,0,1,1
0.26,0.332,0.44,0,0,1,1
0.263,0.332,0.44,0,0,1,1
0.266,0.332,0.44,0,0,1,1
0.269,0.332,0.44,0,0,1,1
0.272,0.332,0.44,0,0,1,1
0.275,0.332,0.44,0,0,1,1
0.278,0.332,0.44,0,0,1,1
0.281,0.332,0.44,0,0,1,1
0.284,0.332,0.44,0,0,1,1
0.287,0.332,0.44,0,0,1,1
0.29,0.332,0.44,0,0,1,1
0.293,0.332,0.44,0,0,1,1
0.296,0.332,0.44,0,0,1,1
0.299,0.332,0.44,0,0,1,1
0.302,0.332,0.44,0,0,1,1
0.305,0.332,0.44,0,0,1,1
0.308,0.332,0.44,0,0,1,1
0.311,0.332,0.44,0,0,1,1
0.314,0.332,0.44,0,0,1,1
0.317,0.332,0.44,0,0,1,1
0.32,0.332,0.44,0,0,1,1
0.323,0.332,0.44,0,0,1,1
0.326,0.332,0.44,0,0,1,1
0.329,0.332,0.44,0,0,1,1
0.332,0.332,0.44,0,0,1,1
0.335,0.332,0.44,0,0,1,1
0.338,0.332,0.44,0,0,1,1
0.341,0.332,0.44,0,0,1,1
0.14,0.329,0.44,0,0,1,1
0.143,0.329,0.44,0,0,1,1
0.146,0.329,0.44,0,0,1,1
0.149,0.329,0.44,0,0,1,1
0.152,0.329,0.44,0,0,1,1
0.155,0.329,0.44,0,0,1,1
0.158,0.329,0.44,0,0,1,1
0.161,0.329,0.44,0,0,1,1
0.164,0.329,0.44,0,0,1,1
0.167,0.329,0.44,0,0,1,1
0.17,0.329,0.44,0,0,1,1
0.173,0.329,0.44,0,0,1,1
0.176,0.329,0.44,0,0,1,1
0.179,0.329,0.44,0,0,1,1
0.182,0.329,0.44,0,0,1,1
0.185,0.329,0.44,0,0,1,1
0.188,0.329,0.44,0,0,1,1
0.191,0.329,0.44,0,0,1,1
0.194,0.329,0.44,0,0,1,1
0.197,0.329,0.44,0,0,1,1
0.2,0.329,0.44,0,0,1,1
0.203,0.329,0.44,0,0,1,1
0.206,0.329,0.44,0,0,1,1
0.209,0.329,0.44,0,0,1,1
0.212,0.329,0.44,0,0,1,1
0.215,0.329,0.44,0,0,1,1
0.218,0.329,0.44,0,0,1,1
0.221,0.329,0.44,0,0,1,1
0.224,0.329,0.44,0,0,1,1
0.227,0.329,0.44,0,0,1,1
0.23,0.329,0.44,0,0,1,1
0.233,0.329,0.44,0,0,1,1
0.236,0.329,0.44,0,0,1,1
0.239,0.329,0.44,0,0,1,1
0.242,0.329,0.44,0,0,1,1
0.245,0.329,0.44,0,0,1,1
0.248,0.329,0.44,0,0,1,1
0.251,0.329,0.44,0,0,1,1
0.254,0.329,0.44,0,0,1,1
0.257,0.329,0.44,0,0,1,1
0.26,0.329,0.44,0,0,1,1
0.263,0.329,0.44,0,0,1,1
0.266,0.329,0.44,0,0,1,1
0.269,0.329,0.44,0,0,1,1
0.272,0.329,0.44,0,0,1,1
0.275,0.329,0.44,0,0,1,1
0.278,0.329,0.44,0,0,1,1
0.281,0.329,0.44,0,0,1,1
0.284,0.329,0.44,0,0,1,1
0.287,0.329,0.44,0,0,1,1
0.29,0.329,0.44,0,0,1,1
0.293,0.329,0.44,0,0,1,1
0.296,0.329,0.44,0,0,1,1
0.299,0.329,0.44,0,0,1,1
0.302,0.329,0.44,0,0,1,1
0.305,0.329,0.44,0,0,1,1
0.308,0.329,0.44,0,0,1,1
0.311,0.329,0.44,0,0,1,1
0.314,0.329,0.44,0,0,1,1
0.317,0.329,0.44,0,0,1,1
0.32,0.329,0.44,0,0,1,1
0.323,0.329,0.44,0,0,1,1
0.326,0.329,0.44,0,0,1,1
0.329,0.329,0.44,0,0,1,1
0.332,0.329,0.44,0,0,1,1
0.335,0.329,0.44,0,0,1,1
0.338,0.329,0.44,0,0,1,1
0.341,0.329,0.44,0,0,1,1
0.14,0.326,0.44,0,0,1,1
0.143,0.326,0.44,0,0,1,1
0.146,0.326,0.44,0,0,1,1
0.149,0.326,0.44,0,0,1,1
0.152,0.326,0.44,0,0,1,1
0.155,0.326,0.44,0,0,1,1
0.158,0.326,0.44,0,0,1,1
0.161,0.326,0.44,0,0,1,1
0.164,0.326,0.44,0,0,1,1
0.167,0.326,0.44,0,0,1,1
0.17,0.326,0.44,0,0,1,1
0.173,0.326,0.44,0,0,1,1
0.176,0.326,0.44,0,0,1,1
0.179,0.326,0.44,0,0,1,1
0.182,0.326,0.44,0,0,1,1
0.185,0.326,0.44,0,0,1,1
0.188,0.326,0.44,0,0,1,1
0.191,0.326,0.44,0,0,1,1
0.194,0.326,0.44,0,0,1,1
0.197,0.326,0.44,0,0,1,1
0.2,0.326,0.44,0,0,1,1
0.203,0.326,0.44,0,0,1,1
0.206,0.326,0.44,0,0,1,1
0.209,0.326,0.44,0,0,1,1
0.212,0.326,0.44,0,0,1,1
0.215,0.326,0.44,0,0,1,1
0.218,0.326,0.44,0,0,1,1
0.221,0.326,0.44,0,0,1,1
0.224,0.326,0.44,0,0,1,1
0.227,0.326,0.44,0,0,1,1
0.23,0.326,0.44,0,0,1,1
0.233,0.326,0.44,0,0,1,1
0.236,0.326,0.44,0,0,1,1
0.239,0.326,0.44,0,0,1,1
0.242,0.326,0.44,0,0,1,1
0.245,0.326,0.44,0,0,1,1
0.248,0.326,0.44,0,0,1,1
0.251,0.326,0.44,0,0,1,1
0.254,0.326,0.44,0,0,1,1
0.257,0.326,0.44,0,0,1,1
0.26,0.326,0.44,0,0,1,1
0.263,0.326,0.44,0,0,1,1
0.266,0.326,0.44,0,0,1,1
0.269,0.326,0.44,0,0,1,1
0.272,0.326,0.44,0,0,1,1
0.275,0.326,0.44,0,0,1,1
0.278,0.326,0.44,0,0,1,1
0.281,0.326,0.44,0,0,1,1
0.284,0.326,0.44,0,0,1,1
0.287,0.326,0.44,0,0,1,1
0.29,0.326,0.44,0,0,1,1
0.293,0.326,0.44,0,0,1,1
0.296,0.326,0.44,0,0,1,1
0.299,0.326,0.44,0,0,1,1
0.302,0.326,0.44,0,0,1,1
0.305,0.326,0.44,0,0,1,1
0.308,0.326,0.44,0,0,1,1
0.311,0.326,0.44,0,0,1,1
0.314,0.326,0.44,0,0,1,1
0.317,0.326,0.44,0,0,1,1
0.32,0.326,0.44,0,0,1,1
0.323,0.326,0.44,0,0,1,1
0.326,0.326,0.44,0,0,1,1
0.329,0.326,0.44,0,0,1,1
0.332,0.326,0.44,0,0,1,1
0.335,0.326,0.44,0,0,1,1
0.338,0.326,0.44,0,0,1,1
0.341,0.326,0.44,0,0,1,1
0.14,0.323,0.44,0,0,1,1
0.143,0.323,0.44,0,0,1,1
0.146,0.323,0.44,0,0,1,1
0.149,0.323,0.44,0,0,1,1
0.152,0.323,0.44,0,0,1,1
0.155,0.323,0.44,0,0,1,1
0.158,0.323,0.44,0,0,1,1
0.161,0.323,0.44,0,0,1,1
0.164,0.323,0.44,0,0,1,1
0.167,0.323,0.44,0,0,1,1
0.17,0.323,0.44,0,0,1,1
0.173,0.323,0.44,0,0,1,1
0.176,0.323,0.44,0,0,1,1
0.179,0.323,0.44,0,0,1,1
0.182,0.323,0.44,0,0,1,1
0.185,0.323,0.44,0,0,1,1
0.188,0.323,0.44,0,0,1,1
0.191,0.323,0.44,0,0,1,1
0.194,0.323,0.44,0,0,1,1
0.197,0.323,0.44,0,0,1,1
0.2,0.323,0.44,0,0,1,1
0.203,0.323,0.44,0,0,1,1
0.206,0.323,0.44,0,0,1,1
0.209,0.323,0.44,0,0,1,1
0.212,0.323,0.44,0,0,1,1
0.215,0.323,0.44,0,0,1,1
0.218,0.323,0.44,0,0,1,1
0.221,0.323,0.44,0,0,1,1
0.224,0.323,0.44,0,0,1,1
0.227,0.323,0.44,0,0,1,1
0.23,0.323,0.44,0,0,1,1
0.233,0.323,0.44,0,0,1,1
0.236,0.323,0.44,0,0,1,1
0.239,0.323,0.44,0,0,1,1
0.242,0.323,0.44,0,0,1,1
0.245,0.323,0.44,0,0,1,1
0.248,0.323,0.44,0,0,1,1
0.251,0.323,0.44,0,0,1,1
0.254,0.323,0.44,0,0,1,1
0.257,0.323,0.44,0,0,1,1
0.26,0.323,0.44,0,0,1,1
0.263,0.323,0.44,0,0,1,1
0.266,0.323,0.44,0,0,1,1
0.269,0.323,0.44,0,0,1,1
0.272,0.323,0.44,0,0,1,1
0.275,0.323,0.44,0,0,1,1
0.278,0.323,0.44,0,0,1,1
0.281,0.323,0.44,0,0,1,1
0.284,0.323,0.44,0,0,1,1
0.287,0.323,0.44,0,0,1,1
0.29,0.323,0.44,0,0,1,1
0.293,0.323,0.44,0,0,1,1
0.296,0.323,0.44,0,0,1,1
0.299,0.323,0.44,0,0,1,1
0.302,0.323,0.44,0,0,1,1
0.305,0.323,0.44,0,0,1,1
0.308,0.323,0.44,0,0,1,1
0.311,0.323,0.44,0,0,1,1
0.314,0.323,0.44,0,0,1,1
0.317,0.323,0.44,0,0,1,1
0.32,0.323,0.44,0,0,1,1
0.323,0.323,0.44,0,0,1,1
0.326,0.323,0.44,0,0,1,1
0.329,0.323,0.44,0,0,1,1
0.332,0.323,0.44,0,0,1,1
0.335,0.323,0.44,0,0,1,1
0.338,0.323,0.44,0,0,1,1
0.341,0.323,0.44,0,0,1,1
0.14,0.32,0.44,0,0,1,1
0.143,0.32,0.44,0,0,1,1
0.146,0.32,0.44,0,0,1,1
0.149,0.32,0.44,0,0,1,1
0.152,0.32,0.44,0,0,1,1
0.155,0.32,0.44,0,0,1,1
0.158,0.32,0.44,0,0,1,1
0.161,0.32,0.44,0,0,1,1
0.164,0.32,0.44,0,0,1,1
0.167,0.32,0.44,0,0,1,1
0.17,0.32,0.44,0,0,1,1
0.173,0.32,0.44,0,0,1,1
0.176,0.32,0.44,0,0,1,1
0.179,0.32,0.44,0,0,1,1
0.182,0.32,0.44,0,0,1,1
0.185,0.32,0.44,0,0,1,1
0.188,0.32,0.44,0,0,1,1
0.191,0.32,0.44,0,0,1,1
0.194,0.32,0.44,0,0,1,1
0.197,0.32,0.44,0,0,1,1
0.2,0.32,0.44,0,0,1,1
0.203,0.32,0.44,0,0,1,1
0.206,0.32,0.44,0,0,1,1
0.209,0.32,0.44,0,0,1,1
0.212,0.32,0.44,0,0,1,1
0.215,0.32,0.44,0,0,1,1
0.218,0.32,0.44,0,0,1,1
0.221,0.32,0.44,0,0,1,1
0.224,0.32,0.44,0,0,1,1
0.227,0.32,0.44,0,0,1,1
0.23,0.32,0.44,0,0,1,1
0.233,0.32,0.44,0,0,1,1
0.236,0.32,0.44,0,0,1,1
0.239,0.32,0.44,0,0,1,1
0.242,0.32,0.44,0,0,1,1
0.245,0.32,0.44,0,0,1,1
0.248,0.32,0.44,0,0,1,1
0.251,0.32,0.44,0,0,1,1
0.254,0.32,0.44,0,0,1,1
0.257,0.32,0.44,0,0,1,1
0.26,0.32,0.44,0,0,1,1
0.263,0.32,0.44,0,0,1,1
0.266,0.32,0.44,0,0,1,1
0.269,0.32,0.44,0,0,1,1
0.272,0.32,0.44,0,0,1,1
0.275,0.32,0.44,0,0,1,1
0.278,0.32,0.44,0,0,1,1
0.281,0.32,0.44,0,0,1,1
0.284,0.32,0.44,0,0,1,1
0.287,0.32,0.44,0,0,1,1
0.29,0.32,0.44,0,0,1,1
0.293,0.32,0.44,0,0,1,1
0.296,0.32,0.44,0,0,1,1
0.299,0.32,0.44,0,0,1,1
0.302,0.32,0.44,0,0,1,1
0.305,0.32,0.44,0,0,1,1
0.308,0.32,0.44,0,0,1,1
0.311,0.32,0.44,0,0,1,1
0.314,0.32,0.44,0,0,1,1
0.317,0.32,0.44,0,0,1,1
0.32,0.32,0.44,0,0,1,1
0.323,0.32,0.44,0,0,1,1
0.326,0.32,0.44,0,0,1,1
0.329,0.32,0.44,0,0,1,1
0.332,0.32,0.44,0,0,1,1
0.335,0.32,0.44,0,0,1,1
0.338,0.32,0.44,0,0,1,1
0.341,0.32,0.44,0,0,1,1
0.14,0.317,0.44,0,0,1,1
0.143,0.317,0.44,0,0,1,1
0.146,0.317,0.44,0,0,1,1
0.149,0.317,0.44,0,0,1,1
0.152,0.317,0.44,0,0,1,1
0.155,0.317,0.44,0,0,1,1
0.158,0.317,0.44,0,0,1,1
0.161,0.317,0.44,0,0,1,1
0.164,0.317,0.44,0,0,1,1
0.167,0.317,0.44,0,0,1,1
0.17,0.317,0.44,0,0,1,1
0.173,0.317,0.44,0,0,1,1
0.176,0.317,0.44,0,0,1,1
0.179,0.317,0.44,0,0,1,1
0.182,0.317,0.44,0,0,1,1
0.185,0.317,0.44,0,0,1,1
0.188,0.317,0.44,0,0,1,1
0.191,0.317,0.44,0,0,1,1
0.194,0.317,0.44,0,0,1,1
0.197,0.317,0.44,0,0,1,1
0.2,0.317,0.44,0,0,1,1
0.203,0.317,0.44,0,0,1,1
0.206,0.317,0.44,0,0,1,1
0.209,0.317,0.44,0,0,1,1
0.212,0.317,0.44,0,0,1,1
0.215,0.317,0.44,0,0,1,1
0.218,0.317,0.44,0,0,1,1
0.221,0.317,0.44,0,0,1,1
0.224,0.317,0.44,0,0,1,1
0.227,0.317,0.44,0,0,1,1
0.23,0.317,0.44,0,0,1,1
0.233,0.317,0.44,0,0,1,1
0.236,0.317,0.44,0,0,1,1
0.239,0.317,0.44,0,0,1,1
0.242,0.317,0.44,0,0,1,1
0.245,0.317,0.44,0,0,1,1
0.248,0.317,0.44,0,0,1,1
0.251,0.317,0.44,0,0,1,1
0.254,0.317,0.44,0,0,1,1
0.257,0.317,0.44,0,0,1,1
0.26,0.317,0.44,0,0,1,1
0.263,0.317,0.44,0,0,1,1
0.266,0.317,0.44,0,0,1,1
0.269,0.317,0.44,0,0,1,1
0.272,0.317,0.44,0,0,1,1
0.275,0.317,0.44,0,0,1,1
0.278,0.317,0.44,0,0,1,1
0.281,0.317,0.44,0,0,1,1
0.284,0.317,0.44,0,0,1,1
0.287,0.317,0.44,0,0,1,1
0.29,0.317,0.44,0,0,1,1
0.293,0.317,0.44,0,0,1,1
0.296,0.317,0.44,0,0,1,1
0.299,0.317,0.44,0,0,1,1
0.302,0.317,0.44,0,0,1,1
0.305,0.317,0.44,0,0,1,1
0.308,0.317,0.44,0,0,1,1
0.311,0.317,0.44,0,0,1,1
0.314,0.317,0.44,0,0,1,1
0.317,0.317,0.44,0,0,1,1
0.32,0.317,0.44,0,0,1,1
0.323,0.317,0.44,0,0,1,1
0.326,0.317,0.44,0,0,1,1
0.329,0.317,0.44,0,0,1,1
0.332,0.317,0.44,0,0,1,1
0.335,0.317,0.44,0,0,1,1
0.338,0.317,0.44,0,0,1,1
0.341,0.317,0.44,0,0,1,1
0.14,0.314,0.44,0,0,1,1
0.143,0.314,0.44,0,0,1,1
0.146,0.314,0.44,0,0,1,1
0.149,0.314,0.44,0,0,1,1
0.152,0.314,0.44,0,0,1,1
0.155,0.314,0.44,0,0,1,1
0.158,0.314,0.44,0,0,1,1
0.161,0.314,0.44,0,0,1,1
0.164,0.314,0.44,0,0,1,1
0.167,0.314,0.44,0,0,1,1
0.17,0.314,0.44,0,0,1,1
0.173,0.314,0.44,0,0,1,1
0.176,0.314,0.44,0,0,1,1
0.179,0.314,0.44,0,0,1,1
0.182,0.314,0.44,0,0,1,1
0.185,0.314,0.44,0,0,1,1
0.188,0.314,0.44,0,0,1,1
0.191,0.314,0.44,0,0,1,1
0.194,0.314,0.44,0,0,1,1
0.197,0.314,0.44,0,0,1,1
0.2,0.314,0.44,0,0,1,1
0.203,0.314,0.44,0,0,1,1
0.206,0.314,0.44,0,0,1,1
0.209,0.314,0.44,0,0,1,1
0.212,0.314,0.44,0,0,1,1
0.215,0.314,0.44,0,0,1,1
0.218,0.314,0.44,0,0,1,1
0.221,0.314,0.44,0,0,1,1
0.224,0.314,0.44,0,0,1,1
0.227,0.314,0.44,0,0,1,1
0.23,0.314,0.44,0,0,1,1
0.233,0.314,0.44,0,0,1,1
0.236,0.314,0.44,0,0,1,1
0.239,0.314,0.44,0,0,1,1
0.242,0.314,0.44,0,0,1,1
0.245,0.314,0.44,0,0,1,1
0.248,0.314,0.44,0,0,1,1
0.251,0.314,0.44,0,0,1,1
0.254,0.314,0.44,0,0,1,1
0.257,0.314,0.44,0,0,1,1
0.26,0.314,0.44,0,0,1,1
0.263,0.314,0.44,0,0,1,1
0.266,0.314,0.44,0,0,1,1
0.269,0.314,0.44,0,0,1,1
0.272,0.314,0.44,0,0,1,1
0.275,0.314,0.44,0,0,1,1
0.278,0.314,0.44,0,0,1,1
0.281,0.314,0.44,0,0,1,1
0.284,0.314,0.44,0,0,1,1
0.287,0.314,0.44,0,0,1,1
0.29,0.314,0.44,0,0,1,1
0.293,0.314,0.44,0,0,1,1
0.296,0.314,0.44,0,0,1,1
0.299,0.314,0.44,0,0,1,1
0.302,0.314,0.44,0,0,1,1
0.305,0.314,0.44,0,0,1,1
0.308,0.314,0.44,0,0,1,1
0.311,0.314,0.44,0,0,1,1
0.314,0.314,0.44,0,0,1,1
0.317,0.314,0.44,0,0,1,1
0.32,0.314,0.44,0,0,1,1
0.323,0.314,0.44,0,0,1,1
0.326,0.314,0.44,0,0,1,1
0.329,0.314,0.44,0,0,1,1
0.332,0.314,0.44,0,0,1,1
0.335,0.314,0.44,0,0,1,1
0.338,0.314,0.44,0,0,1,1
0.341,0.314,0.44,0,0,1,1
0.14,0.311,0.44,0,0,1,1
0.143,0.311,0.44,0,0,1,1
0.146,0.311,0.44,0,0,1,1
0.149,0.311,0.44,0,0,1,1
0.152,0.311,0.44,0,0,1,1
0.155,0.311,0.44,0,0,1,1
0.158,0.311,0.44,0,0,1,1
0.161,0.311,0.44,0,0,1,1
0.164,0.311,0.44,0,0,1,1
0.167,0.311,0.44,0,0,1,1
0.17,0.311,0.44,0,0,1,1
0.173,0.311,0.44,0,0,1,1
0.176,0.311,0.44,0,0,1,1
0.179,0.311,0.44,0,0,1,1
0.182,0.311,0.44,0,0,1,1
0.185,0.311,0.44,0,0,1,1
0.188,0.311,0.44,0,0,1,1
0.191,0.311,0.44,0,0,1,1
0.194,0.311,0.44,0,0,1,1
0.197,0.311,0.44,0,0,1,1
0.2,0.311,0.44,0,0,1,1
0.203,0.311,0.44,0,0,1,1
0.206,0.311,0.44,0,0,1,1
0.209,0.311,0.44,0,0,1,1
0.212,0.311,0.44,0,0,1,1
0.215,0.311,0.44,0,0,1,1
0.218,0.311,0.44,0,0,1,1
0.221,0.311,0.44,0,0,1,1
0.224,0.311,0.44,0,0,1,1
0.227,0.311,0.44,0,0,1,1
0.23,0.311,0.44,0,0,1,1
0.233,0.311,0.44,0,0,1,1
0.236,0.311,0.44,0,0,1,1
0.239,0.311,0.44,0,0,1,1
0.242,0.311,0.44,0,0,1,1
0.245,0.311,0.44,0,0,1,1
0.248,0.311,0.44,0,0,1,1
0.251,0.311,0.44,0,0,1,1
0.254,0.311,0.44,0,0,1,1
0.257,0.311,0.44,0,0,1,1
0.26,0.311,0.44,0,0,1,1
0.263,0.311,0.44,0,0,1,1
0.266,0.311,0.44,0,0,1,1
0.269,0.311,0.44,0,0,1,1
0.272,0.311,0.44,0,0,1,1
0.275,0.311,0.44,0,0,1,1
0.278,0.311,0.44,0,0,1,1
0.281,0.311,0.44,0,0,1,1
0.284,0.311,0.44,0,0,1,1
0.287,0.311,0.44,0,0,1,1
0.29,0.311,0.44,0,0,1,1
0.293,0.311,0.44,0,0,1,1
0.296,0.311,0.44,0,0,1,1
0.299,0.311,0.44,0,0,1,1
0.302,0.311,0.44,0,0,1,1
0.305,0.311,0.44,0,0,1,1
0.308,0.311,0.44,0,0,1,1
0.311,0.311,0.44,0,0,1,1
0.314,0.311,0.44,0,0,1,1
0.317,0.311,0.44,0,0,1,1
0.32,0.311,0.44,0,0,1,1
0.323,0.311,0.44,0,0,1,1
0.326,0.311,0.44,0,0,1,1
0.329,0.311,0.44,0,0,1,1
0.332,0.311,0.44,0,0,1,1
0.335,0.311,0.44,0,0,1,1
0.338,0.311,0.44,0,0,1,1
0.341,0.311,0.44,0,0,1,1
0.14,0.308,0.44,0,0,1,1
0.143,0.308,0.44,0,0,1,1
0.146,0.308,0.44,0,0,1,1
0.149,0.308,0.44,0,0,1,1
0.152,0.308,0.44,0,0,1,1
0.155,0.308,0.44,0,0,1,1
0.158,0.308,0.44,0,0,1,1
0.161,0.308,0.44,0,0,1,1
0.164,0.308,0.44,0,0,1,1
0.167,0.308,0.44,0,0,1,1
0.17,0.308,0.44,0,0,1,1
0.173,0.308,0.44,0,0,1,1
0.176,0.308,0.44,0,0,1,1
0.179,0.308,0.44,0,0,1,1
0.182,0.308,0.44,0,0,1,1
0.185,0.308,0.44,0,0,1,1
0.188,0.308,0.44,0,0,1,1
0.191,0.308,0.44,0,0,1,1
0.194,0.308,0.44,0,0,1,1
0.197,0.308,0.44,0,0,1,1
0.2,0.308,0.44,0,0,1,1
0.203,0.308,0.44,0,0,1,1
0.206,0.308,0.44,0,0,1,1
0.209,0.308,0.44,0,0,1,1
0.212,0.308,0.44,0,0,1,1
0.215,0.308,0.44,0,0,1,1
0.218,0.308,0.44,0,0,1,1
0.221,0.308,0.44,0,0,1,1
0.224,0.308,0.44,0,0,1,1
0.227,0.308,0.44,0,0,1,1
0.23,0.308,0.44,0,0,1,1
0.233,0.308,0.44,0,0,1,1
0.236,0.308,0.44,0,0,1,1
0.239,0.308,0.44,0,0,1,1
0.242,0.308,0.44,0,0,1,1
0.245,0.308,0.44,0,0,1,1
0.248,0.308,0.44,0,0,1,1
0.251,0.308,0.44,0,0,1,1
0.254,0.308,0.44,0,0,1,1
0.257,0.308,0.44,0,0,1,1
0.26,0.308,0.44,0,0,1,1
0.263,0.308,0.44,0,0,1,1
0.266,0.308,0.44,0,0,1,1
0.269,0.308,0.44,0,0,1,1
0.272,0.308,0.44,0,0,1,1
0.275,0.308,0.44,0,0,1,1
0.278,0.308,0.44,0,0,1,1
0.281,0.308,0.44,0,0,1,1
0.284,0.308,0.44,0,0,1,1
0.287,0.308,0.44,0,0,1,1
0.29,0.308,0.44,0,0,1,1
0.293,0.308,0.44,0,0,1,1
0.296,0.308,0.44,0,0,1,1
0.299,0.308,0.44,0,0,1,1
0.302,0.308,0.44,0,0,1,1
0.305,0.308,0.44,0,0,1,1
0.308,0.308,0.44,0,0,1,1
0.311,0.308,0.44,0,0,1,1
0.314,0.308,0.44,0,0,1,1
0.317,0.308,0.44,0,0,1,1
0.32,0.308,0.44,0,0,1,1
0.323,0.308,0.44,0,0,1,1
0.326,0.308,0.44,0,0,1,1
0.329,0.308,0.44,0,0,1,1
0.332,0.308,0.44,0,0,1,1
0.335,0.308,0.44,0,0,1,1
0.338,0.308,0.44,0,0,1,1
0.341,0.308,0.44,0,0,1,1
0.14,0.305,0.44,0,0,1,1
0.143,0.305,0.44,0,0,1,1
0.146,0.305,0.44,0,0,1,1
0.149,0.305,0.44,0,0,1,1
0.152,0.305,0.44,0,0,1,1
0.155,0.305,0.44,0,0,1,1
0.158,0.305,0.44,0,0,1,1
0.161,0.305,0.44,0,0,1,1
0.164,0.305,0.44,0,0,1,1
0.167,0.305,0.44,0,0,1,1
0.17,0.305,0.44,0,0,1,1
0.173,0.305,0.44,0,0,1,1
0.176,0.305,0.44,0,0,1,1
0.179,0.305,0.44,0,0,1,1
0.182,0.305,0.44,0,0,1,1
0.185,0.305,0.44,0,0,1,1
0.188,0.305,0.44,0,0,1,1
0.191,0.305,0.44,0,0,1,1
0.194,0.305,0.44,0,0,1,1
0.197,0.305,0.44,0,0,1,1
0.2,0.305,0.44,0,0,1,1
0.203,0.305,0.44,0,0,1,1
0.206,0.305,0.44,0,0,1,1
0.209,0.305,0.44,0,0,1,1
0.212,0.305,0.44,0,0,1,1
0.215,0.305,0.44,0,0,1,1
0.218,0.305,0.44,0,0,1,1
0.221,0.305,0.44,0,0,1,1
0.224,0.305,0.44,0,0,1,1
0.227,0.305,0.44,0,0,1,1
0.23,0.305,0.44,0,0,1,1
0.233,0.305,0.44,0,0,1,1
0.236,0.305,0.44,0,0,1,1
0.239,0.305,0.44,0,0,1,1
0.242,0.305,0.44,0,0,1,1
0.245,0.305,0.44,0,0,1,1
0.248,0.305,0.44,0,0,1,1
0.251,0.305,0.44,0,0,1,1
0.254,0.305,0.44,0,0,1,1
0.257,0.305,0.44,0,0,1,1
0.26,0.305,0.44,0,0,1,1
0.263,0.305,0.44,0,0,1,1
0.266,0.305,0.44,0,0,1,1
0.269,0.305,0.44,0,0,1,1
0.272,0.305,0.44,0,0,1,1
0.275,0.305,0.44,0,0,1,1
0.278,0.305,0.44,0,0,1,1
0.281,0.305,0.44,0,0,1,1
0.284,0.305,0.44,0,0,1,1
0.287,0.305,0.44,0,0,1,1
0.29,0.305,0.44,0,0,1,1
0.293,0.305,0.44,0,0,1,1
0.296,0.305,0.44,0,0,1,1
0.299,0.305,0.44,0,0,1,1
0.302,0.305,0.44,0,0,1,1
0.305,0.305,0.44,0,0,1,1
0.308,0.305,0.44,0,0,1,1
0.311,0.305,0.44,0,0,1,1
0.314,0.305,0.44,0,0,1,1
0.317,0.305,0.44,0,0,1,1
0.32,0.305,0.44,0,0,1,1
0.323,0.305,0.44,0,0,1,1
0.326,0.305,0.44,0,0,1,1
0.329,0.305,0.44,0,0,1,1
0.332,0.305,0.44,0,0,1,1
0.335,0.305,0.44,0,0,1,1
0.338,0.305,0.44,0,0,1,1
0.341,0.305,0.44,0,0,1,1
0.14,0.302,0.44,0,0,1,1
0.143,0.302,0.44,0,0,1,1
0.146,0.302,0.44,0,0,1,1
0.149,0.302,0.44,0,0,1,1
0.152,0.302,0.44,0,0,1,1
0.155,0.302,0.44,0,0,1,1
0.158,0.302,0.44,0,0,1,1
0.161,0.302,0.44,0,0,1,1
0.164,0.302,0.44,0,0,1,1
0.167,0.302,0.44,0,0,1,1
0.17,0.302,0.44,0,0,1,1
0.173,0.302,0.44,0,0,1,1
0.176,0.302,0.44,0,0,1,1
0.179,0.302,0.44,0,0,1,1
0.182,0.302,0.44,0,0,1,1
0.185,0.302,0.44,0,0,1,1
0.188,0.302,0.44,0,0,1,1
0.191,0.302,0.44,0,0,1,1
0.194,0.302,0.44,0,0,1,1
0.197,0.302,0.44,0,0,1,1
0.2,0.302,0.44,0,0,1,1
0.203,0.302,0.44,0,0,1,1
0.206,0.302,0.44,0,0,1,1
0.209,0.302,0.44,0,0,1,1
0.212,0.302,0.44,0,0,1,1
0.215,0.302,0.44,0,0,1,1
0.218,0.302,0.44,0,0,1,1
0.221,0.302,0.44,0,0,1,1
0.224,0.302,0.44,0,0,1,1
0.227,0.302,0.44,0,0,1,1
0.23,0.302,0.44,0,0,1,1
0.233,0.302,0.44,0,0,1,1
0.236,0.302,0.44,0,0,1,1
0.239,0.302,0.44,0,0,1,1
0.242,0.302,0.44,0,0,1,1
0.245,0.302,0.44,0,0,1,1
0.248,0.302,0.44,0,0,1,1
0.251,0.302,0.44,0,0,1,1
0.254,0.302,0.44,0,0,1,1
0.257,0.302,0.44,0,0,1,1
0.26,0.302,0.44,0,0,1,1
0.263,0.302,0.44,0,0,1,1
0.266,0.302,0.44,0,0,1,1
0.269,0.302,0.44,0,0,1,1
0.272,0.302,0.44,0,0,1,1
0.275,0.302,0.44,0,0,1,1
0.278,0.302,0.44,0,0,1,1
0.281,0.302,0.44,0,0,1,1
0.284,0.302,0.44,0,0,1,1
0.287,0.302,0.44,0,0,1,1
0.29,0.302,0.44,0,0,1,1
0.293,0.302,0.44,0,0,1,1
0.296,0.302,0.44,0,0,1,1
0.299,0.302,0.44,0,0,1,1
0.302,0.302,0.44,0,0,1,1
0.305,0.302,0.44,0,0,1,1
0.308,0.302,0.44,0,0,1,1
0.311,0.302,0.44,0,0,1,1
0.314,0.302,0.44,0,0,1,1
0.317,0.302,0.44,0,0,1,1
0.32,0.302,0.44,0,0,1,1
0.323,0.302,0.44,0,0,1,1
0.326,0.302,0.44,0,0,1,1
0.329,0.302,0.44,0,0,1,1
0.332,0.302,0.44,0,0,1,1
0.335,0.302,0.44,0,0,1,1
0.338,0.302,0.44,0,0,1,1
0.341,0.302,0.44,0,0,1,1
0.14,0.299,0.44,0,0,1,1
0.143,0.299,0.44,0,0,1,1
0.146,0.299,0.44,0,0,1,1
0.149,0.299,0.44,0,0,1,1
0.152,0.299,0.44,0,0,1,1
0.155,0.299,0.44,0,0,1,1
0.158,0.299,0.44,0,0,1,1
0.161,0.299,0.44,0,0,1,1
0.164,0.299,0.44,0,0,1,1
0.167,0.299,0.44,0,0,1,1
0.17,0.299,0.44,0,0,1,1
0.173,0.299,0.44,0,0,1,1
0.176,0.299,0.44,0,0,1,1
0.179,0.299,0.44,0,0,1,1
0.182,0.299,0.44,0,0,1,1
0.185,0.299,0.44,0,0,1,1
0.188,0.299,0.44,0,0,1,1
0.191,0.299,0.44,0,0,1,1
0.194,0.299,0.44,0,0,1,1
0.197,0.299,0.44,0,0,1,1
0.2,0.299,0.44,0,0,1,1
0.203,0.299,0.44,0,0,1,1
0.206,0.299,0.44,0,0,1,1
0.209,0.299,0.44,0,0,1,1
0.212,0.299,0.44,0,0,1,1
0.215,0.299,0.44,0,0,1,1
0.218,0.299,0.44,0,0,1,1
0.221,0.299,0.44,0,0,1,1
0.224,0.299,0.44,0,0,1,1
0.227,0.299,0.44,0,0,1,1
0.23,0.299,0.44,0,0,1,1
0.233,0.299,0.44,0,0,1,1
0.236,0.299,0.44,0,0,1,1
0.239,0.299,0.44,0,0,1,1
0.242,0.299,0.44,0,0,1,1
0.245,0.299,0.44,0,0,1,1
0.248,0.299,0.44,0,0,1,1
0.251,0.299,0.44,0,0,1,1
0.254,0.299,0.44,0,0,1,1
0.257,0.299,0.44,0,0,1,1
0.26,0.299,0.44,0,0,1,1
0.263,0.299,0.44,0,0,1,1
0.266,0.299,0.44,0,0,1,1
0.269,0.299,0.44,0,0,1,1
0.272,0.299,0.44,0,0,1,1
0.275,0.299,0.44,0,0,1,1
0.278,0.299,0.44,0,0,1,1
0.281,0.299,0.44,0,0,1,1
0.284,0.299,0.44,0,0,1,1
0.287,0.299,0.44,0,0,1,1
0.29,0.299,0.44,0,0,1,1
0.293,0.299,0.44,0,0,1,1
0.296,0.299,0.44,0,0,1,1
0.299,0.299,0.44,0,0,1,1
0.302,0.299,0.44,0,0,1,1
0.305,0.299,0.44,0,0,1,1
0.308,0.299,0.44,0,0,1,1
0.311,0.299,0.44,0,0,1,1
0.314,0.299,0.44,0,0,1,1
0.317,0.299,0.44,0,0,1,1
0.32,0.299,0.44,0,0,1,1
0.323,0.299,0.44,0,0,1,1
0.326,0.299,0.44,0,0,1,1
0.329,0.299,0.44,0,0,1,1
0.332,0.299,0.44,0,0,1,1
0.335,0.299,0.44,0,0,1,1
0.338,0.299,0.44,0,0,1,1
0.341,0.299,0.44,0,0,1,1
0.14,0.296,0.44,0,0,1,1
0.143,0.296,0.44,0,0,1,1
0.146,0.296,0.44,0,0,1,1
0.149,0.296,0.44,0,0,1,1
0.152,0.296,0.44,0,0,1,1
0.155,0.296,0.44,0,0,1,1
0.158,0.296,0.44,0,0,1,1
0.161,0.296,0.44,0,0,1,1
0.164,0.296,0.44,0,0,1,1
0.167,0.296,0.44,0,0,1,1
0.17,0.296,0.44,0,0,1,1
0.173,0.296,0.44,0,0,1,1
0.176,0.296,0.44,0,0,1,1
0.179,0.296,0.44,0,0,1,1
0.182,0.296,0.44,0,0,1,1
0.185,0.296,0.44,0,0,1,1
0.188,0.296,0.44,0,0,1,1
0.191,0.296,0.44,0,0,1,1
0.194,0.296,0.44,0,0,1,1
0.197,0.296,0.44,0,0,1,1
0.2,0.296,0.44,0,0,1,1
0.203,0.296,0.44,0,0,1,1
0.206,0.296,0.44,0,0,1,1
0.209,0.296,0.44,0,0,1,1
0.212,0.296,0.44,0,0,1,1
0.215,0.296,0.44,0,0,1,1
0.218,0.296,0.44,0,0,1,1
0.221,0.296,0.44,0,0,1,1
0.224,0.296,0.44,0,0,1,1
0.227,0.296,0.44,0,0,1,1
0.23,0.296,0.44,0,0,1,1
0.233,0.296,0.44,0,0,1,1
0.236,0.296,0.44,0,0,1,1
0.239,0.296,0.44,0,0,1,1
0.242,0.296,0.44,0,0,1,1
0.245,0.296,0.44,0,0,1,1
0.248,0.296,0.44,0,0,1,1
0.251,0.296,0.44,0,0,1,1
0.254,0.296,0.44,0,0,1,1
0.257,0.296,0.44,0,0,1,1
0.26,0.296,0.44,0,0,1,1
0.263,0.296,0.44,0,0,1,1
0.266,0.296,0.44,0,0,1,1
0.269,0.296,0.44,0,0,1,1
0.272,0.296,0.44,0,0,1,1
0.275,0.296,0.44,0,0,1,1
0.278,0.296,0.44,0,0,1,1
0.281,0.296,0.44,0,0,1,1
0.284,0.296,0.44,0,0,1,1
0.287,0.296,0.44,0,0,1,1
0.29,0.296,0.44,0,0,1,1
0.293,0.296,0.44,0,0,1,1
0.296,0.296,0.44,0,0,1,1
0.299,0.296,0.44,0,0,1,1
0.302,0.296,0.44,0,0,1,1
0.305,0.296,0.44,0,0,1,1
0.308,0.296,0.44,0,0,1,1
0.311,0.296,0.44,0,0,1,1
0.314,0.296,0.44,0,0,1,1
0.317,0.296,0.44,0,0,1,1
0.32,0.296,0.44,0,0,1,1
0.323,0.296,0.44,0,0,1,1
0.326,0.296,0.44,0,0,1,1
0.329,0.296,0.44,0,0,1,1
0.332,0.296,0.44,0,0,1,1
0.335,0.296,0.44,0,0,1,1
0.338,0.296,0.44,0,0,1,1
0.341,0.296,0.44,0,0,1,1
0.14,0.293,0.44,0,0,1,1
0.143,0.293,0.44,0,0,1,1
0.146,0.293,0.44,0,0,1,1
0.149,0.293,0.44,0,0,1,1
0.152,0.293,0.44,0,0,1,1
0.155,0.293,0.44,0,0,1,1
0.158,0.293,0.44,0,0,1,1
0.161,0.293,0.44,0,0,1,1
0.164,0.293,0.44,0,0,1,1
0.167,0.293,0.44,0,0,1,1
0.17,0.293,0.44,0,0,1,1
0.173,0.293,0.44,0,0,1,1
0.176,0.293,0.44,0,0,1,1
0.179,0.293,0.44,0,0,1,1
0.182,0.293,0.44,0,0,1,1
0.185,0.293,0.44,0,0,1,1
0.188,0.293,0.44,0,0,1,1
0.191,0.293,0.44,0,0,1,1
0.194,0.293,0.44,0,0,1,1
0.197,0.293,0.44,0,0,1,1
0.2,0.293,0.44,0,0,1,1
0.203,0.293,0.44,0,0,1,1
0.206,0.293,0.44,0,0,1,1
0.209,0.293,0.44,0,0,1,1
0.212,0.293,0.44,0,0,1,1
0.215,0.293,0.44,0,0,1,1
0.218,0.293,0.44,0,0,1,1
0.221,0.293,0.44,0,0,1,1
0.224,0.293,0.44,0,0,1,1
0.227,0.293,0.44,0,0,1,1
0.23,0.293,0.44,0,0,1,1
0.233,0.293,0.44,0,0,1,1
0.236,0.293,0.44,0,0,1,1
0.239,0.293,0.44,0,0,1,1
0.242,0.293,0.44,0,0,1,1
0.245,0.293,0.44,0,0,1,1
0.248,0.293,0.44,0,0,1,1
0.251,0.293,0.44,0,0,1,1
0.254,0.293,0.44,0,0,1,1
0.257,0.293,0.44,0,0,1,1
0.26,0.293,0.44,0,0,1,1
0.263,0.293,0.44,0,0,1,1
0.266,0.293,0.44,0,0,1,1
0.269,0.293,0.44,0,0,1,1
0.272,0.293,0.44,0,0,1,1
0.275,0.293,0.44,0,0,1,1
0.278,0.293,0.44,0,0,1,1
0.281,0.293,0.44,0,0,1,1
0.284,0.293,0.44,0,0,1,1
0.287,0.293,0.44,0,0,1,1
0.29,0.293,0.44,0,0,1,1
0.293,0.293,0.44,0,0,1,1
0.296,0.293,0.44,0,0,1,1
0.299,0.293,0.44,0,0,1,1
0.302,0.293,0.44,0,0,1,1
0.305,0.293,0.44,0,0,1,1
0.308,0.293,0.44,0,0,1,1
0.311,0.293,0.44,0,0,1,1
0.314,0.293,0.44,0,0,1,1
0.317,0.293,0.44,0,0,1,1
0.32,0.293,0.44,0,0,1,1
0.323,0.293,0.44,0,0,1,1
0.326,0.293,0.44,0,0,1,1
0.329,0.293,0.44,0,0,1,1
0.332,0.293,0.44,0,0,1,1
0.335,0.293,0.44,0,0,1,1
0.338,0.293,0.44,0,0,1,1
0.341,0.293,0.44,0,0,1,1
0.14,0.29,0.44,0,0,1,1
0.143,0.29,0.44,0,0,1,1
0.146,0.29,0.44,0,0,1,1
0.149,0.29,0.44,0,0,1,1
0.152,0.29,0.44,0,0,1,1
0.155,0.29,0.44,0,0,1,1
0.158,0.29,0.44,0,0,1,1
0.161,0.29,0.44,0,0,1,1
0.164,0.29,0.44,0,0,1,1
0.167,0.29,0.44,0,0,1,1
0.17,0.29,0.44,0,0,1,1
0.173,0.29,0.44,0,0,1,1
0.176,0.29,0.44,0,0,1,1
0.179,0.29,0.44,0,0,1,1
0.182,0.29,0.44,0,0,1,1
0.185,0.29,0.44,0,0,1,1
0.188,0.29,0.44,0,0,1,1
0.191,0.29,0.44,0,0,1,1
0.194,0.29,0.44,0,0,1,1
0.197,0.29,0.44,0,0,1,1
0.2,0.29,0.44,0,0,1,1
0.203,0.29,0.44,0,0,1,1
0.206,0.29,0.44,0,0,1,1
0.209,0.29,0.44,0,0,1,1
0.212,0.29,0.44,0,0,1,1
0.215,0.29,0.44,0,0,1,1
0.218,0.29,0.44,0,0,1,1
0.221,0.29,0.44,0,0,1,1
0.224,0.29,0.44,0,0,1,1
0.227,0.29,0.44,0,0,1,1
0.23,0.29,0.44,0,0,1,1
0.233,0.29,0.44,0,0,1,1
0.236,0.29,0.44,0,0,1,1
0.239,0.29,0.44,0,0,1,1
0.242,0.29,0.44,0,0,1,1
0.245,0.29,0.44,0,0,1,1
0.248,0.29,0.44,0,0,1,1
0.251,0.29,0.44,0,0,1,1
0.254,0.29,0.44,0,0,1,1
0.257,0.29,0.44,0,0,1,1
0.26,0.29,0.44,0,0,1,1
0.263,0.29,0.44,0,0,1,1
0.266,0.29,0.44,0,0,1,1
0.269,0.29,0.44,0,0,1,1
0.272,0.29,0.44,0,0,1,1
0.275,0.29,0.44,0,0,1,1
0.278,0.29,0.44,0,0,1,1
0.281,0.29,0.44,0,0,1,1
0.284,0.29,0.44,0,0,1,1
0.287,0.29,0.44,0,0,1,1
0.29,0.29,0.44,0,0,1,1
0.293,0.29,0.44,0,0,1,1
0.296,0.29,0.44,0,0,1,1
0.299,0.29,0.44,0,0,1,1
0.302,0.29,0.44,0,0,1,1
0.305,0.29,0.44,0,0,1,1
0.308,0.29,0.44,0,0,1,1
0.311,0.29,0.44,0,0,1,1
0.314,0.29,0.44,0,0,1,1
0.317,0.29,0.44,0,0,1,1
0.32,0.29,0.44,0,0,1,1
0.323,0.29,0.44,0,0,1,1
0.326,0.29,0.44,0,0,1,1
0.329,0.29,0.44,0,0,1,1
0.332,0.29,0.44,0,0,1,1
0.335,0.29,0.44,0,0,1,1
0.338,0.29,0.44,0,0,1,1
0.341,0.29,0.44,0,0,1,1
0.14,0.287,0.44,0,0,1,1
0.143,0.287,0.44,0,0,1,1
0.146,0.287,0.44,0,0,1,1
0.149,0.287,0.44,0,0,1,1
0.152,0.287,0.44,0,0,1,1
0.155,0.287,0.44,0,0,1,1
0.158,0.287,0.44,0,0,1,1
0.161,0.287,0.44,0,0,1,1
0.164,0.287,0.44,0,0,1,1
0.167,0.287,0.44,0,0,1,1
0.17,0.287,0.44,0,0,1,1
0.173,0.287,0.44,0,0,1,1
0.176,0.287,0.44,0,0,1,1
0.179,0.287,0.44,0,0,1,1
0.182,0.287,0.44,0,0,1,1
0.185,0.287,0.44,0,0,1,1
0.188,0.287,0.44,0,0,1,1
0.191,0.287,0.44,0,0,1,1
0.194,0.287,0.44,0,0,1,1
0.197,0.287,0.44,0,0,1,1
0.2,0.287,0.44,0,0,1,1
0.203,0.287,0.44,0,0,1,1
0.206,0.287,0.44,0,0,1,1
0.209,0.287,0.44,0,0,1,1
0.212,0.287,0.44,0,0,1,1
0.215,0.287,0.44,0,0,1,1
0.218,0.287,0.44,0,0,1,1
0.221,0.287,0.44,0,0,1,1
0.224,0.287,0.44,0,0,1,1
0.227,0.287,0.44,0,0,1,1
0.23,0.287,0.44,0,0,1,1
0.233,0.287,0.44,0,0,1,1
0.236,0.287,0.44,0,0,1,1
0.239,0.287,0.44,0,0,1,1
0.242,0.287,0.44,0,0,1,1
0.245,0.287,0.44,0,0,1,1
0.248,0.287,0.44,0,0,1,1
0.251,0.287,0.44,0,0,1,1
0.254,0.287,0.44,0,0,1,1
0.257,0.287,0.44,0,0,1,1
0.26,0.287,0.44,0,0,1,1
0.263,0.287,0.44,0,0,1,1
0.266,0.287,0.44,0,0,1,1
0.269,0.287,0.44,0,0,1,1
0.272,0.287,0.44,0,0,1,1
0.275,0.287,0.44,0,0,1,1
0.278,0.287,0.44,0,0,1,1
0.281,0.287,0.44,0,0,1,1
0.284,0.287,0.44,0,0,1,1
0.287,0.287,0.44,0,0,1,1
0.29,0.287,0.44,0,0,1,1
0.293,0.287,0.44,0,0,1,1
0.296,0.287,0.44,0,0,1,1
0.299,0.287,0.44,0,0,1,1
0.302,0.287,0.44,0,0,1,1
0.305,0.287,0.44,0,0,1,1
0.308,0.287,0.44,0,0,1,1
0.311,0.287,0.44,0,0,1,1
0.314,0.287,0.44,0,0,1,1
0.317,0.287,0.44,0,0,1,1
0.32,0.287,0.44,0,0,1,1
0.323,0.287,0.44,0,0,1,1
0.326,0.287,0.44,0,0,1,1
0.329,0.287,0.44,0,0,1,1
0.332,0.287,0.44,0,0,1,1
0.335,0.287,0.44,0,0,1,1
0.338,0.287,0.44,0,0,1,1
0.341,0.287,0.44,0,0,1,1
0.14,0.284,0.44,0,0,1,1
0.143,0.284,0.44,0,0,1,1
0.146,0.284,0.44,0,0,1,1
0.149,0.284,0.44,0,0,1,1
0.152,0.284,0.44,0,0,1,1
0.155,0.284,0.44,0,0,1,1
0.158,0.284,0.44,0,0,1,1
0.161,0.284,0.44,0,0,1,1
0.164,0.284,0.44,0,0,1,1
0.167,0.284,0.44,0,0,1,1
0.17,0.284,0.44,0,0,1,1
0.173,0.284,0.44,0,0,1,1
0.176,0.284,0.44,0,0,1,1
0.179,0.284,0.44,0,0,1,1
0.182,0.284,0.44,0,0,1,1
0.185,0.284,0.44,0,0,1,1
0.188,0.284,0.44,0,0,1,1
0.191,0.284,0.44,0,0,1,1
0.194,0.284,0.44,0,0,1,1
0.197,0.284,0.44,0,0,1,1
0.2,0.284,0.44,0,0,1,1
0.203,0.284,0.44,0,0,1,1
0.206,0.284,0.44,0,0,1,1
0.209,0.284,0.44,0,0,1,1
0.212,0.284,0.44,0,0,1,1
0.215,0.284,0.44,0,0,1,1
0.218,0.284,0.44,0,0,1,1
0.221,0.284,0.44,0,0,1,1
0.224,0.284,0.44,0,0,1,1
0.227,0.284,0.44,0,0,1,1
0.23,0.284,0.44,0,0,1,1
0.233,0.284,0.44,0,0,1,1
0.236,0.284,0.44,0,0,1,1
0.239,0.284,0.44,0,0,1,1
0.242,0.284,0.44,0,0,1,1
0.245,0.284,0.44,0,0,1,1
0.248,0.284,0.44,0,0,1,1
0.251,0.284,0.44,0,0,1,1
0.254,0.284,0.44,0,0,1,1
0.257,0.284,0.44,0,0,1,1
0.26,0.284,0.44,0,0,1,1
0.263,0.284,0.44,0,0,1,1
0.266,0.284,0.44,0,0,1,1
0.269,0.284,0.44,0,0,1,1
0.272,0.284,0.44,0,0,1,1
0.275,0.284,0.44,0,0,1,1
0.278,0.284,0.44,0,0,1,1
0.281,0.284,0.44,0,0,1,1
0.284,0.284,0.44,0,0,1,1
0.287,0.284,0.44,0,0,1,1
0.29,0.284,0.44,0,0,1,1
0.293,0.284,0.44,0,0,1,1
0.296,0.284,0.44,0,0,1,1
0.299,0.284,0.44,0,0,1,1
0.302,0.284,0.44,0,0,1,1
0.305,0.284,0.44,0,0,1,1
0.308,0.284,0.44,0,0,1,1
0.311,0.284,0.44,0,0,1,1
0.314,0.284,0.44,0,0,1,1
0.317,0.284,0.44,0,0,1,1
0.32,0.284,0.44,0,0,1,1
0.323,0.284,0.44,0,0,1,1
0.326,0.284,0.44,0,0,1,1
0.329,0.284,0.44,0,0,1,1
0.332,0.284,0.44,0,0,1,1
0.335,0.284,0.44,0,0,1,1
0.338,0.284,0.44,0,0,1,1
0.341,0.284,0.44,0,0,1,1
0.14,0.281,0.44,0,0,1,1
0.143,0.281,0.44,0,0,1,1
0.146,0.281,0.44,0,0,1,1
0.149,0.281,0.44,0,0,1,1
0.152,0.281,0.44,0,0,1,1
0.155,0.281,0.44,0,0,1,1
0.158,0.281,0.44,0,0,1,1
0.161,0.281,0.44,0,0,1,1
0.164,0.281,0.44,0,0,1,1
0.167,0.281,0.44,0,0,1,1
0.17,0.281,0.44,0,0,1,1
0.173,0.281,0.44,0,0,1,1
0.176,0.281,0.44,0,0,1,1
0.179,0.281,0.44,0,0,1,1
0.182,0.281,0.44,0,0,1,1
0.185,0.281,0.44,0,0,1,1
0.188,0.281,0.44,0,0,1,1
0.191,0.281,0.44,0,0,1,1
0.194,0.281,0.44,0,0,1,1
0.197,0.281,0.44,0,0,1,1
0.2,0.281,0.44,0,0,1,1
0.203,0.281,0.44,0,0,1,1
0.206,0.281,0.44,0,0,1,1
0.209,0.281,0.44,0,0,1,1
0.212,0.281,0.44,0,0,1,1
0.215,0.281,0.44,0,0,1,1
0.218,0.281,0.44,0,0,1,1
0.221,0.281,0.44,0,0,1,1
0.224,0.281,0.44,0,0,1,1
0.227,0.281,0.44,0,0,1,1
0.23,0.281,0.44,0,0,1,1
0.233,0.281,0.44,0,0,1,1
0.236,0.281,0.44,0,0,1,1
0.239,0.281,0.44,0,0,1,1
0.242,0.281,0.44,0,0,1,1
0.245,0.281,0.44,0,0,1,1
0.248,0.281,0.44,0,0,1,1
0.251,0.281,0.44,0,0,1,1
0.254,0.281,0.44,0,0,1,1
0.257,0.281,0.44,0,0,1,1
0.26,0.281,0.44,0,0,1,1
0.263,0.281,0.44,0,0,1,1
0.266,0.281,0.44,0,0,1,1
0.269,0.281,0.44,0,0,1,1
0.272,0.281,0.44,0,0,1,1
0.275,0.281,0.44,0,0,1,1
0.278,0.281,0.44,0,0,1,1
0.281,0.281,0.44,0,0,1,1
0.284,0.281,0.44,0,0,1,1
0.287,0.281,0.44,0,0,1,1
0.29,0.281,0.44,0,0,1,1
0.293,0.281,0.44,0,0,1,1
0.296,0.281,0.44,0,0,1,1
0.299,0.281,0.44,0,0,1,1
0.302,0.281,0.44,0,0,1,1
0.305,0.281,0.44,0,0,1,1
0.308,0.281,0.44,0,0,1,1
0.311,0.281,0.44,0,0,1,1
0.314,0.281,0.44,0,0,1,1
0.317,0.281,0.44,0,0,1,1
0.32,0.281,0.44,0,0,1,1
0.323,0.281,0.44,0,0,1,1
0.326,0.281,0.44,0,0,1,1
0.329,0.281,0.44,0,0,1,1
0.332,0.281,0.44,0,0,1,1
0.335,0.281,0.44,0,0,1,1
0.338,0.281,0.44,0,0,1,1
0.341,0.281,0.44,0,0,1,1
0.14,0.278,0.44,0,0,1,1
0.143,0.278,0.44,0,0,1,1
0.146,0.278,0.44,0,0,1,1
0.149,0.278,0.44,0,0,1,1
0.152,0.278,0.44,0,0,1,1
0.155,0.278,0.44,0,0,1,1
0.158,0.278,0.44,0,0,1,1
0.161,0.278,0.44,0,0,1,1
0.164,0.278,0.44,0,0,1,1
0.167,0.278,0.44,0,0,1,1
0.17,0.278,0.44,0,0,1,1
0.173,0.278,0.44,0,0,1,1
0.176,0.278,0.44,0,0,1,1
0.179,0.278,0.44,0,0,1,1
0.182,0.278,0.44,0,0,1,1
0.185,0.278,0.44,0,0,1,1
0.188,0.278,0.44,0,0,1,1
0.191,0.278,0.44,0,0,1,1
0.194,0.278,0.44,0,0,1,1
0.197,0.278,0.44,0,0,1,1
0.2,0.278,0.44,0,0,1,1
0.203,0.278,0.44,0,0,1,1
0.206,0.278,0.44,0,0,1,1
0.209,0.278,0.44,0,0,1,1
0.212,0.278,0.44,0,0,1,1
0.215,0.278,0.44,0,0,1,1
0.218,0.278,0.44,0,0,1,1
0.221,0.278,0.44,0,0,1,1
0.224,0.278,0.44,0,0,1,1
0.227,0.278,0.44,0,0,1,1
0.23,0.278,0.44,0,0,1,1
0.233,0.278,0.44,0,0,1,1
0.236,0.278,0.44,0,0,1,1
0.239,0.278,0.44,0,0,1,1
0.242,0.278,0.44,0,0,1,1
0.245,0.278,0.44,0,0,1,1
0.248,0.278,0.44,0,0,1,1
0.251,0.278,0.44,0,0,1,1
0.254,0.278,0.44,0,0,1,1
0.257,0.278,0.44,0,0,1,1
0.26,0.278,0.44,0,0,1,1
0.263,0.278,0.44,0,0,1,1
0.266,0.278,0.44,0,0,1,1
0.269,0.278,0.44,0,0,1,1
0.272,0.278,0.44,0,0,1,1
0.275,0.278,0.44,0,0,1,1
0.278,0.278,0.44,0,0,1,1
0.281,0.278,0.44,0,0,1,1
0.284,0.278,0.44,0,0,1,1
0.287,0.278,0.44,0,0,1,1
0.29,0.278,0.44,0,0,1,1
0.293,0.278,0.44,0,0,1,1
0.296,0.278,0.44,0,0,1,1
0.299,0.278,0.44,0,0,1,1
0.302,0.278,0.44,0,0,1,1
0.305,0.278,0.44,0,0,1,1
0.308,0.278,0.44,0,0,1,1
0.311,0.278,0.44,0,0,1,1
0.314,0.278,0.44,0,0,1,1
0.317,0.278,0.44,0,0,1,1
0.32,0.278,0.44,0,0,1,1
0.323,0.278,0.44,0,0,1,1
0.326,0.278,0.44,0,0,1,1
0.329,0.278,0.44,0,0,1,1
0.332,0.278,0.44,0,0,1,1
0.335,0.278,0.44,0,0,1,1
0.338,0.278,0.44,0,0,1,1
0.341,0.278,0.44,0,0,1,1
0.14,0.275,0.44,0,0,1,1
0.143,0.275,0.44,0,0,1,1
0.146,0.275,0.44,0,0,1,1
0.149,0.275,0.44,0,0,1,1
0.152,0.275,0.44,0,0,1,1
0.155,0.275,0.44,0,0,1,1
0.158,0.275,0.44,0,0,1,1
0.161,0.275,0.44,0,0,1,1
0.164,0.275,0.44,0,0,1,1
0.167,0.275,0.44,0,0,1,1
0.17,0.275,0.44,0,0,1,1
0.173,0.275,0.44,0,0,1,1
0.176,0.275,0.44,0,0,1,1
0.179,0.275,0.44,0,0,1,1
0.182,0.275,0.44,0,0,1,1
0.185,0.275,0.44,0,0,1,1
0.188,0.275,0.44,0,0,1,1
0.191,0.275,0.44,0,0,1,1
0.194,0.275,0.44,0,0,1,1
0.197,0.275,0.44,0,0,1,1
0.2,0.275,0.44,0,0,1,1
0.203,0.275,0.44,0,0,1,1
0.206,0.275,0.44,0,0,1,1
0.209,0.275,0.44,0,0,1,1
0.212,0.275,0.44,0,0,1,1
0.215,0.275,0.44,0,0,1,1
0.218,0.275,0.44,0,0,1,1
0.221,0.275,0.44,0,0,1,1
0.224,0.275,0.44,0,0,1,1
0.227,0.275,0.44,0,0,1,1
0.23,0.275,0.44,0,0,1,1
0.233,0.275,0.44,0,0,1,1
0.236,0.275,0.44,0,0,1,1
0.239,0.275,0.44,0,0,1,1
0.242,0.275,0.44,0,0,1,1
0.245,0.275,0.44,0,0,1,1
0.248,0.275,0.44,0,0,1,1
0.251,0.275,0.44,0,0,1,1
0.254,0.275,0.44,0,0,1,1
0.257,0.275,0.44,0,0,1,1
0.26,0.275,0.44,0,0,1,1
0.263,0.275,0.44,0,0,1,1
0.266,0.275,0.44,0,0,1,1
0.269,0.275,0.44,0,0,1,1
0.272,0.275,0.44,0,0,1,1
0.275,0.275,0.44,0,0,1,1
0.278,0.275,0.44,0,0,1,1
0.281,0.275,0.44,0,0,1,1
0.284,0.275,0.44,0,0,1,1
0.287,0.275,0.44,0,0,1,1
0.29,0.275,0.44,0,0,1,1
0.293,0.275,0.44,0,0,1,1
0.296,0.275,0.44,0,0,1,1
0.299,0.275,0.44,0,0,1,1
0.302,0.275,0.44,0,0,1,1
0.305,0.275,0.44,0,0,1,1
0.308,0.275,0.44,0,0,1,1
0.311,0.275,0.44,0,0,1,1
0.314,0.275,0.44,0,0,1,1
0.317,0.275,0.44,0,0,1,1
0.32,0.275,0.44,0,0,1,1
0.323,0.275,0.44,0,0,1,1
0.326,0.275,0.44,0,0,1,1
0.329,0.275,0.44,0,0,1,1
0.332,0.275,0.44,0,0,1,1
0.335,0.275,0.44,0,0,1,1
0.338,0.275,0.44,0,0,1,1
0.341,0.275,0.44,0,0,1,1
0.14,0.272,0.44,0,0,1,1
0.143,0.272,0.44,0,0,1,1
0.146,0.272,0.44,0,0,1,1
0.149,0.272,0.44,0,0,1,1
0.152,0.272,0.44,0,0,1,1
0.155,0.272,0.44,0,0,1,1
0.158,0.272,0.44,0,0,1,1
0.161,0.272,0.44,0,0,1,1
0.164,0.272,0.44,0,0,1,1
0.167,0.272,0.44,0,0,1,1
0.17,0.272,0.44,0,0,1,1
0.173,0.272,0.44,0,0,1,1
0.176,0.272,0.44,0,0,1,1
0.179,0.272,0.44,0,0,1,1
0.182,0.272,0.44,0,0,1,1
0.185,0.272,0.44,0,0,1,1
0.188,0.272,0.44,0,0,1,1
0.191,0.272,0.44,0,0,1,1
0.194,0.272,0.44,0,0,1,1
0.197,0.272,0.44,0,0,1,1
0.2,0.272,0.44,0,0,1,1
0.203,0.272,0.44,0,0,1,1
0.206,0.272,0.44,0,0,1,1
0.209,0.272,0.44,0,0,1,1
0.212,0.272,0.44,0,0,1,1
0.215,0.272,0.44,0,0,1,1
0.218,0.272,0.44,0,0,1,1
0.221,0.272,0.44,0,0,1,1
0.224,0.272,0.44,0,0,1,1
0.227,0.272,0.44,0,0,1,1
0.23,0.272,0.44,0,0,1,1
0.233,0.272,0.44,0,0,1,1
0.236,0.272,0.44,0,0,1,1
0.239,0.272,0.44,0,0,1,1
0.242,0.272,0.44,0,0,1,1
0.245,0.272,0.44,0,0,1,1
0.248,0.272,0.44,0,0,1,1
0.251,0.272,0.44,0,0,1,1
0.254,0.272,0.44,0,0,1,1
0.257,0.272,0.44,0,0,1,1
0.26,0.272,0.44,0,0,1,1
0.263,0.272,0.44,0,0,1,1
0.266,0.272,0.44,0,0,1,1
0.269,0.272,0.44,0,0,1,1
0.272,0.272,0.44,0,0,1,1
0.275,0.272,0.44,0,0,1,1
0.278,0.272,0.44,0,0,1,1
0.281,0.272,0.44,0,0,1,1
0.284,0.272,0.44,0,0,1,1
0.287,0.272,0.44,0,0,1,1
0.29,0.272,0.44,0,0,1,1
0.293,0.272,0.44,0,0,1,1
0.296,0.272,0.44,0,0,1,1
0.299,0.272,0.44,0,0,1,1
0.302,0.272,0.44,0,0,1,1
0.305,0.272,0.44,0,0,1,1
0.308,0.272,0.44,0,0,1,1
0.311,0.272,0.44,0,0,1,1
0.314,0.272,0.44,0,0,1,1
0.317,0.272,0.44,0,0,1,1
0.32,0.272,0.44,0,0,1,1
0.323,0.272,0.44,0,0,1,1
0.326,0.272,0.44,0,0,1,1
0.329,0.272,0.44,0,0,1,1
0.332,0.272,0.44,0,0,1,1
0.335,0.272,0.44,0,0,1,1
0.338,0.272,0.44,0,0,1,1
0.341,0.272,0.44,0,0,1,1
0.14,0.269,0.44,0,0,1,1
0.143,0.269,0.44,0,0,1,1
0.146,0.269,0.44,0,0,1,1
0.149,0.269,0.44,0,0,1,1
0.152,0.269,0.44,0,0,1,1
0.155,0.269,0.44,0,0,1,1
0.158,0.269,0.44,0,0,1,1
0.161,0.269,0.44,0,0,1,1
0.164,0.269,0.44,0,0,1,1
0.167,0.269,0.44,0,0,1,1
0.17,0.269,0.44,0,0,1,1
0.173,0.269,0.44,0,0,1,1
0.176,0.269,0.44,0,0,1,1
0.179,0.269,0.44,0,0,1,1
0.182,0.269,0.44,0,0,1,1
0.185,0.269,0.44,0,0,1,1
0.188,0.269,0.44,0,0,1,1
0.191,0.269,0.44,0,0,1,1
0.194,0.269,0.44,0,0,1,1
0.197,0.269,0.44,0,0,1,1
0.2,0.269,0.44,0,0,1,1
0.203,0.269,0.44,0,0,1,1
0.206,0.269,0.44,0,0,1,1
0.209,0.269,0.44,0,0,1,1
0.212,0.269,0.44,0,0,1,1
0.215,0.269,0.44,0,0,1,1
0.218,0.269,0.44,0,0,1,1
0.221,0.269,0.44,0,0,1,1
0.224,0.269,0.44,0,0,1,1
0.227,0.269,0.44,0,0,1,1
0.23,0.269,0.44,0,0,1,1
0.233,0.269,0.44,0,0,1,1
0.236,0.269,0.44,0,0,1,1
0.239,0.269,0.44,0,0,1,1
0.242,0.269,0.44,0,0,1,1
0.245,0.269,0.44,0,0,1,1
0.248,0.269,0.44,0,0,1,1
0.251,0.269,0.44,0,0,1,1
0.254,0.269,0.44,0,0,1,1
0.257,0.269,0.44,0,0,1,1
0.26,0.269,0.44,0,0,1,1
0.263,0.269,0.44,0,0,1,1
0.266,0.269,0.44,0,0,1,1
0.269,0.269,0.44,0,0,1,1
0.272,0.269,0.44,0,0,1,1
0.275,0.269,0.44,0,0,1,1
0.278,0.269,0.44,0,0,1,1
0.281,0.269,0.44,0,0,1,1
0.284,0.269,0.44,0,0,1,1
0.287,0.269,0.44,0,0,1,1
0.29,0.269,0.44,0,0,1,1
0.293,0.269,0.44,0,0,1,1
0.296,0.269,0.44,0,0,1,1
0.299,0.269,0.44,0,0,1,1
0.302,0.269,0.44,0,0,1,1
0.305,0.269,0.44,0,0,1,1
0.308,0.269,0.44,0,0,1,1
0.311,0.269,0.44,0,0,1,1
0.314,0.269,0.44,0,0,1,1
0.317,0.269,0.44,0,0,1,1
0.32,0.269,0.44,0,0,1,1
0.323,0.269,0.44,0,0,1,1
0.326,0.269,0.44,0,0,1,1
0.329,0.269,0.44,0,0,1,1
0.332,0.269,0.44,0,0,1,1
0.335,0.269,0.44,0,0,1,1
0.338,0.269,0.44,0,0,1,1
0.341,0.269,0.44,0,0,1,1
0.39,0.1,0.25,0,0,1,2
0.39,0.1,0.253,0,0,1,2
0.39,0.1,0.256,0,0,1,2
0.39,0.1,0.259,0,0,1,2
0.39,0.1,0.262,0,0,1,2
0.39,0.1,0.265,0,0,1,2
0.39,0.1,0.268,0,0,1,2
0.39,0.1,0.271,0,0,1,2
0.39,0.1,0.274,0,0,1,2
0.39,0.1,0.277,0,0,1,2
0.39,0.1,0.28,0,0,1,2
0.39,0.1,0.283,0,0,1,2
0.39,0.1,0.286,0,0,1,2
0.39,0.1,0.289,0,0,1,2
0.39,0.1,0.292,0,0,1,2
0.39,0.1,0.295,0,0,1,2
0.39,0.1,0.298,0,0,1,2
0.39,0.1,0.301,0,0,1,2
0.39,0.1,0.304,0,0,1,2
0.39,0.1,0.307,0,0,1,2
0.39,0.1,0.31,0,0,1,2
0.39,0.1,0.313,0,0,1,2
0.39,0.1,0.316,0,0,1,2
0.39,0.1,0.319,0,0,1,2
0.39,0.1,0.322,0,0,1,2
0.39,0.1,0.325,0,0,1,2
0.39,0.1,0.328,0,0,1,2
0.39,0.1,0.331,0,0,1,2
0.39,0.1,0.334,0,0,1,2
0.39,0.1,0.337,0,0,1,2
0.39,0.1,0.34,0,0,1,2
0.39,0.1,0.343,0,0,1,2
0.39,0.1,0.346,0,0,1,2
0.39,0.1,0.349,0,0,1,2
0.39,0.1,0.352,0,0,1,2
0.39,0.1,0.355,0,0,1,2
0.39,0.1,0.358,0,0,1,2
0.39,0.1,0.361,0,0,1,2
0.39,0.1,0.364,0,0,1,2
0.39,0.1,0.367,0,0,1,2
0.39,0.1,0.37,0,0,1,2
0.39,0.1,0.373,0,0,1,2
0.39,0.1,0.376,0,0,1,2
0.39,0.1,0.379,0,0,1,2
0.39,0.1,0.382,0,0,1,2
0.39,0.1,0.385,0,0,1,2
0.39,0.1,0.388,0,0,1,2
0.39,0.1,0.391,0,0,1,2
0.39,0.1,0.394,0,0,1,2
0.39,0.1,0.397,0,0,1,2
0.39,0.1,0.4,0,0,1,2
0.39,0.1,0.403,0,0,1,2
0.39,0.1,0.406,0,0,1,2
0.39,0.1,0.409,0,0,1,2
0.39,0.1,0.412,0,0,1,2
0.39,0.1,0.415,0,0,1,2
0.39,0.1,0.418,0,0,1,2
0.39,0.1,0.420999,0,0,1,2
0.39,0.1,0.423999,0,0,1,2
0.39,0.1,0.426999,0,0,1,2
0.39,0.1,0.429999,0,0,1,2
0.39,0.1,0.432999,0,0,1,2
0.39,0.1,0.435999,0,0,1,2
0.39,0.1,0.438999,0,0,1,2
0.39,0.1,0.441999,0,0,1,2
0.39,0.1,0.444999,0,0,1,2
0.39,0.1,0.447999,0,0,1,2
0.39,0.1,0.450999,0,0,1,2
0.393,0.1,0.25,0,0,1,2
0.393,0.1,0.253,0,0,1,2
0.393,0.1,0.256,0,0,1,2
0.393,0.1,0.259,0,0,1,2
0.393,0.1,0.262,0,0,1,2
0.393,0.1,0.265,0,0,1,2
0.393,0.1,0.268,0,0,1,2
0.393,0.1,0.271,0,0,1,2
0.393,0.1,0.274,0,0,1,2
0.393,0.1,0.277,0,0,1,2
0.393,0.1,0.28,0,0,1,2
0.393,0.1,0.283,0,0,1,2
0.393,0.1,0.286,0,0,1,2
0.393,0.1,0.289,0,0,1,2
0.393,0.1,0.292,0,0,1,2
0.393,0.1,0.295,0,0,1,2
0.393,0.1,0.298,0,0,1,2
0.393,0.1,0.301,0,0,1,2
0.393,0.1,0.304,0,0,1,2
0.393,0.1,0.307,0,0,1,2
0.393,0.1,0.31,0,0,1,2
0.393,0.1,0.313,0,0,1,2
0.393,0.1,0.316,0,0,1,2
0.393,0.1,0.319,0,0,1,2
0.393,0.1,0.322,0,0,1,2
0.393,0.1,0.325,0,0,1,2
0.393,0.1,0.328,0,0,1,2
0.393,0.1,0.331,0,0,1,2
0.393,0.1,0.334,0,0,1,2
0.393,0.1,0.337,0,0,1,2
0.393,0.1,0.34,0,0,1,2
0.393,0.1,0.343,0,0,1,2
0.393,0.1,0.346,0,0,1,2
0.393,0.1,0.349,0,0,1,2
0.393,0.1,0.352,0,0,1,2
0.393,0.1,0.355,0,0,1,2
0.393,0.1,0.358,0,0,1,2
0.393,0.1,0.361,0,0,1,2
0.393,0.1,0.364,0,0,1,2
0.393,0.1,0.367,0,0,1,2
0.393,0.1,0.37,0,0,1,2
0.393,0.1,0.373,0,0,1,2
0.393,0.1,0.376,0,0,1,2
0.393,0.1,0.379,0,0,1,2
0.393,0.1,0.382,0,0,1,2
0.393,0.1,0.385,0,0,1,2
0.393,0.1,0.388,0,0,1,2
0.393,0.1,0.391,0,0,1,2
0.393,0.1,0.394,0,0,1,2
0.393,0.1,0.397,0,0,1,2
0.393,0.1,0.4,0,0,1,2
0.393,0.1,0.403,0,0,1,2
0.393,0.1,0.406,0,0,1,2
0.393,0.1,0.409,0,0,1,2
0.393,0.1,0.412,0,0,1,2
0.393,0.1,0.415,0,0,1,2
0.393,0.1,0.418,0,0,1,2
0.393,0.1,0.420999,0,0,1,2
0.393,0.1,0.423999,0,0,1,2
0.393,0.1,0.426999,0,0,1,2
0.393,0.1,0.429999,0,0,1,2
0.393,0.1,0.432999,0,0,1,2
0.393,0.1,0.435999,0,0,1,2
0.393,0.1,0.438999,0,0,1,2
0.393,0.1,0.441999,0,0,1,2
0.393,0.1,0.444999,0,0,1,2
0.393,0.1,0.447999,0,0,1,2
0.393,0.1,0.450999,0,0,1,2
0.396,0.1,0.25,0,0,1,2
0.396,0.1,0.253,0,0,1,2
0.396,0.1,0.256,0,0,1,2
0.396,0.1,0.259,0,0,1,2
0.396,0.1,0.262,0,0,1,2
0.396,0.1,0.265,0,0,1,2
0.396,0.1,0.268,0,0,1,2
0.396,0.1,0.271,0,0,1,2
0.396,0.1,0.274,0,0,1,2
0.396,0.1,0.277,0,0,1,2
0.396,0.1,0.28,0,0,1,2
0.396,0.1,0.283,0,0,1,2
0.396,0.1,0.286,0,0,1,2
0.396,0.1,0.289,0,0,1,2
0.396,0.1,0.292,0,0,1,2
0.396,0.1,0.295,0,0,1,2
0.396,0.1,0.298,0,0,1,2
0.396,0.1,0.301,0,0,1,2
0.396,0.1,0.304,0,0,1,2
0.396,0.1,0.307,0,0,1,2
0.396,0.1,0.31,0,0,1,2
0.396,0.1,0.313,0,0,1,2
0.396,0.1,0.316,0,0,1,2
0.396,0.1,0.319,0,0,1,2
0.396,0.1,0.322,0,0,1,2
0.396,0.1,0.325,0,0,1,2
0.396,0.1,0.328,0,0,1,2
0.396,0.1,0.331,0,0,1,2
0.396,0.1,0.334,0,0,1,2
0.396,0.1,0.337,0,0,1,2
0.396,0.1,0.34,0,0,1,2
0.396,0.1,0.343,0,0,1,2
0.396,0.1,0.346,0,0,1,2
0.396,0.1,0.349,0,0,1,2
0.396,0.1,0.352,0,0,1,2
0.396,0.1,0.355,0,0,1,2
0.396,0.1,0.358,0,0,1,2
0.396,0.1,0.361,0,0,1,2
0.396,0.1,0.364,0,0,1,2
0.396,0.1,0.367,0,0,1,2
0.396,0.1,0.37,0,0,1,2
0.396,0.1,0.373,0,0,1,2
0.396,0.1,0.376,0,0,1,2
0.396,0.1,0.379,0,0,1,2
0.396,0.1,0.382,0,0,1,2
0.396,0.1,0.385,0,0,1,2
0.396,0.1,0.388,0,0,1,2
0.396,0.1,0.391,0,0,1,2
0.396,0.1,0.394,0,0,1,2
0.396,0.1,0.397,0,0,1,2
0.396,0.1,0.4,0,0,1,2
0.396,0.1,0.403,0,0,1,2
0.396,0.1,0.406,0,0,1,2
0.396,0.1,0.409,0,0,1,2
0.396,0.1,0.412,0,0,1,2
0.396,0.1,0.415,0,0,1,2
0.396,0.1,0.418,0,0,1,2
0.396,0.1,0.420999,0,0,1,2
0.396,0.1,0.423999,0,0,1,2
0.396,0.1,0.426999,0,0,1,2
0.396,0.1,0.429999,0,0,1,2
0.396,0.1,0.432999,0,0,1,2
0.396,0.1,0.435999,0,0,1,2
0.396,0.1,0.438999,0,0,1,2
0.396,0.1,0.441999,0,0,1,2
0.396,0.1,0.444999,0,0,1,2
0.396,0.1,0.447999,0,0,1,2
0.396,0.1,0.450999,0,0,1,2
0.399,0.1,0.25,0,0,1,2
0.399,0.1,0.253,0,0,1,2
0.399,0.1,0.256,0,0,1,2
0.399,0.1,0.259,0,0,1,2
0.399,0.1,0.262,0,0,1,2
0.399,0.1,0.265,0,0,1,2
0.399,0.1,0.268,0,0,1,2
0.399,0.1,0.271,0,0,1,2
0.399,0.1,0.274,0,0,1,2
0.399,0.1,0.277,0,0,1,2
0.399,0.1,0.28,0,0,1,2
0.399,0.1,0.283,0,0,1,2
0.399,0.1,0.286,0,0,1,2
0.399,0.1,0.289,0,0,1,2
0.399,0.1,0.292,0,0,1,2
0.399,0.1,0.295,0,0,1,2
0.399,0.1,0.298,0,0,1,2
0.399,0.1,0.301,0,0,1,2
0.399,0.1,0.304,0,0,1,2
0.399,0.1,0.307,0,0,1,2
0.399,0.1,0.31,0,0,1,2
0.399,0.1,0.313,0,0,1,2
0.399,0.1,0.316,0,0,1,2
0.399,0.1,0.319,0,0,1,2
0.399,0.1,0.322,0,0,1,2
0.399,0.1,0.325,0,0,1,2
0.399,0.1,0.328,0,0,1,2
0.399,0.1,0.331,0,0,1,2
0.399,0.1,0.334,0,0,1,2
0.399,0.1,0.337,0,0,1,2
0.399,0.1,0.34,0,0,1,2
0.399,0.1,0.343,0,0,1,2
0.399,0.1,0.346,0,0,1,2
0.399,0.1,0.349,0,0,1,2
0.399,0.1,0.352,0,0,1,2
0.399,0.1,0.355,0,0,1,2
0.399,0.1,0.358,0,0,1,2
0.399,0.1,0.361,0,0,1,2
0.399,0.1,0.364,0,0,1,2
0.399,0.1,0.367,0,0,1,2
0.399,0.1,0.37,0,0,1,2
0.399,0.1,0.373,0,0,1,2
0.399,0.1,0.376,0,0,1,2
0.399,0.1,0.379,0,0,1,2
0.399,0.1,0.382,0,0,1,2
0.399,0.1,0.385,0,0,1,2
0.399,0.1,0.388,0,0,1,2
0.399,0.1,0.391,0,0,1,2
0.399,0.1,0.394,0,0,1,2
0.399,0.1,0.397,0,0,1,2
0.399,0.1,0.4,0,0,1,2
0.399,0.1,0.403,0,0,1,2
0.399,0.1,0.406,0,0,1,2
0.399,0.1,0.409,0,0,1,2
0.399,0.1,0.412,0,0,1,2
0.399,0.1,0.415,0,0,1,2
0.399,0.1,0.418,0,0,1,2
0.399,0.1,0.420999,0,0,1,2
0.399,0.1,0.423999,0,0,1,2
0.399,0.1,0.426999,0,0,1,2
0.399,0.1,0.429999,0,0,1,2
0.399,0.1,0.432999,0,0,1,2
0.399,0.1,0.435999,0,0,1,2
0.399,0.1,0.438999,0,0,1,2
0.399,0.1,0.441999,0,0,1,2
0.399,0.1,0.444999,0,0,1,2
0.399,0.1,0.447999,0,0,1,2
0.399,0.1,0.450999,0,0,1,2
0.402,0.1,0.25,0,0,1,2
0.402,0.1,0.253,0,0,1,2
0.402,0.1,0.256,0,0,1,2
0.402,0.1,0.259,0,0,1,2
0.402,0.1,0.262,0,0,1,2
0.402,0.1,0.265,0,0,1,2
0.402,0.1,0.268,0,0,1,2
0.402,0.1,0.271,0,0,1,2
0.402,0.1,0.274,0,0,1,2
0.402,0.1,0.277,0,0,1,2
0.402,0.1,0.28,0,0,1,2
0.402,0.1,0.283,0,0,1,2
0.402,0.1,0.286,0,0,1,2
0.402,0.1,0.289,0,0,1,2
0.402,0.1,0.292,0,0,1,2
0.402,0.1,0.295,0,0,1,2
0.402,0.1,0.298,0,0,1,2
0.402,0.1,0.301,0,0,1,2
0.402,0.1,0.304,0,0,1,2
0.402,0.1,0.307,0,0,1,2
0.402,0.1,0.31,0,0,1,2
0.402,0.1,0.313,0,0,1,2
0.402,0.1,0.316,0,0,1,2
0.402,0.1,0.319,0,0,1,2
0.402,0.1,0.322,0,0,1,2
0.402,0.1,0.325,0,0,1,2
0.402,0.1,0.328,0,0,1,2
0.402,0.1,0.331,0,0,1,2
0.402,0.1,0.334,0,0,1,2
0.402,0.1,0.337,0,0,1,2
0.402,0.1,0.34,0,0,1,2
0.402,0.1,0.343,0,0,1,2
0.402,0.1,0.346,0,0,1,2
0.402,0.1,0.349,0,0,1,2
0.402,0.1,0.352,0,0,1,2
0.402,0.1,0.355,0,0,1,2
0.402,0.1,0.358,0,0,1,2
0.402,0.1,0.361,0,0,1,2
0.402,0.1,0.364,0,0,1,2
0.402,0.1,0.367,0,0,1,2
0.402,0.1,0.37,0,0,1,2
0.402,0.1,0.373,0,0,1,2
0.402,0.1,0.376,0,0,1,2
0.402,0.1,0.379,0,0,1,2
0.402,0.1,0.382,0,0,1,2
0.402,0.1,0.385,0,0,1,2
0.402,0.1,0.388,0,0,1,2
0.402,0.1,0.391,0,0,1,2
0.402,0.1,0.394,0,0,1,2
0.402,0.1,0.397,0,0,1,2
0.402,0.1,0.4,0,0,1,2
0.402,0.1,0.403,0,0,1,2
0.402,0.1,0.406,0,0,1,2
0.402,0.1,0.409,0,0,1,2
0.402,0.1,0.412,0,0,1,2
0.402,0.1,0.415,0,0,1,2
0.402,0.1,0.418,0,0,1,2
0.402,0.1,0.420999,0,0,1,2
0.402,0.1,0.423999,0,0,1,2
0.402,0.1,0.426999,0,0,1,2
0.402,0.1,0.429999,0,0,1,2
0.402,0.1,0.432999,0,0,1,2
0.402,0.1,0.435999,0,0,1,2
0.402,0.1,0.438999,0,0,1,2
0.402,0.1,0.441999,0,0,1,2
0.402,0.1,0.444999,0,0,1,2
0.402,0.1,0.447999,0,0,1,2
0.402,0.1,0.450999,0,0,1,2
0.405,0.1,0.25,0,0,1,2
0.405,0.1,0.253,0,0,1,2
0.405,0.1,0.256,0,0,1,2
0.405,0.1,0.259,0,0,1,2
0.405,0.1,0.262,0,0,1,2
0.405,0.1,0.265,0,0,1,2
0.405,0.1,0.268,0,0,1,2
0.405,0.1,0.271,0,0,1,2
0.405,0.1,0.274,0,0,1,2
0.405,0.1,0.277,0,0,1,2
0.405,0.1,0.28,0,0,1,2
0.405,0.1,0.283,0,0,1,2
0.405,0.1,0.286,0,0,1,2
0.405,0.1,0.289,0,0,1,2
0.405,0.1,0.292,0,0,1,2
0.405,0.1,0.295,0,0,1,2
0.405,0.1,0.298,0,0,1,2
0.405,0.1,0.301,0,0,1,2
0.405,0.1,0.304,0,0,1,2
0.405,0.1,0.307,0,0,1,2
0.405,0.1,0.31,0,0,1,2
0.405,0.1,0.313,0,0,1,2
0.405,0.1,0.316,0,0,1,2
0.405,0.1,0.319,0,0,1,2
0.405,0.1,0.322,0,0,1,2
0.405,0.1,0.325,0,0,1,2
0.405,0.1,0.328,0,0,1,2
0.405,0.1,0.331,0,0,1,2
0.405,0.1,0.334,0,0,1,2
0.405,0.1,0.337,0,0,1,2
0.405,0.1,0.34,0,0,1,2
0.405,0.1,0.343,0,0,1,2
0.405,0.1,0.346,0,0,1,2
0.405,0.1,0.349,0,0,1,2
0.405,0.1,0.352,0,0,1,2
0.405,0.1,0.355,0,0,1,2
0.405,0.1,0.358,0,0,1,2
0.405,0.1,0.361,0,0,1,2
0.405,0.1,0.364,0,0,1,2
0.405,0.1,0.367,0,0,1,2
0.405,0.1,0.37,0,0,1,2
0.405,0.1,0.373,0,0,1,2
0.405,0.1,0.376,0,0,1,2
0.405,0.1,0.379,0,0,1,2
0.405,0.1,0.382,0,0,1,2
0.405,0.1,0.385,0,0,1,2
0.405,0.1,0.388,0,0,1,2
0.405,0.1,0.391,0,0,1,2
0.405,0.1,0.394,0,0,1,2
0.405,0.1,0.397,0,0,1,2
0.405,0.1,0.4,0,0,1,2
0.405,0.1,0.403,0,0,1,2
0.405,0.1,0.406,0,0,1,2
0.405,0.1,0.409,0,0,1,2
0.405,0.1,0.412,0,0,1,2
0.405,0.1,0.415,0,0,1,2
0.405,0.1,0.418,0,0,1,2
0.405,0.1,0.420999,0,0,1,2
0.405,0.1,0.423999,0,0,1,2
0.405,0.1,0.426999,0,0,1,2
0.405,0.1,0.429999,0,0,1,2
0.405,0.1,0.432999,0,0,1,2
0.405,0.1,0.435999,0,0,1,2
0.405,0.1,0.438999,0,0,1,2
0.405,0.1,0.441999,0,0,1,2
0.405,0.1,0.444999,0,0,1,2
0.405,0.1,0.447999,0,0,1,2
0.405,0.1,0.450999,0,0,1,2
0.408,0.1,0.25,0,0,1,2
0.408,0.1,0.253,0,0,1,2
0.408,0.1,0.256,0,0,1,2
0.408,0.1,0.259,0,0,1,2
0.408,0.1,0.262,0,0,1,2
0.408,0.1,0.265,0,0,1,2
0.408,0.1,0.268,0,0,1,2
0.408,0.1,0.271,0,0,1,2
0.408,0.1,0.274,0,0,1,2
0.408,0.1,0.277,0,0,1,2
0.408,0.1,0.28,0,0,1,2
0.408,0.1,0.283,0,0,1,2
0.408,0.1,0.286,0,0,1,2
0.408,0.1,0.289,0,0,1,2
0.408,0.1,0.292,0,0,1,2
0.408,0.1,0.295,0,0,1,2
0.408,0.1,0.298,0,0,1,2
0.408,0.1,0.301,0,0,1,2
0.408,0.1,0.304,0,0,1,2
0.408,0.1,0.307,0,0,1,2
0.408,0.1,0.31,0,0,1,2
0.408,0.1,0.313,0,0,1,2
0.408,0.1,0.316,0,0,1,2
0.408,0.1,0.319,0,0,1,2
0.408,0.1,0.322,0,0,1,2
0.408,0.1,0.325,0,0,1,2
0.408,0.1,0.328,0,0,1,2
0.408,0.1,0.331,0,0,1,2
0.408,0.1,0.334,0,0,1,2
0.408,0.1,0.337,0,0,1,2
0.408,0.1,0.34,0,0,1,2
0.408,0.1,0.343,0,0,1,2
0.408,0.1,0.346,0,0,1,2
0.408,0.1,0.349,0,0,1,2
0.408,0.1,0.352,0,0,1,2
0.408,0.1,0.355,0,0,1,2
0.408,0.1,0.358,0,0,1,2
0.408,0.1,0.361,0,0,1,2
0.408,0.1,0.364,0,0,1,2
0.408,0.1,0.367,0,0,1,2
0.408,0.1,0.37,0,0,1,2
0.408,0.1,0.373,0,0,1,2
0.408,0.1,0.376,0,0,1,2
0.408,0.1,0.379,0,0,1,2
0.408,0.1,0.382,0,0,1,2
0.408,0.1,0.385,0,0,1,2
0.408,0.1,0.388,0,0,1,2
0.408,0.1,0.391,0,0,1,2
0.408,0.1,0.394,0,0,1,2
0.408,0.1,0.397,0,0,1,2
0.408,0.1,0.4,0,0,1,2
0.408,0.1,0.403,0,0,1,2
0.408,0.1,0.406,0,0,1,2
0.408,0.1,0.409,0,0,1,2
0.408,0.1,0.412,0,0,1,2
0.408,0.1,0.415,0,0,1,2
0.408,0.1,0.418,0,0,1,2
0.408,0.1,0.420999,0,0,1,2
0.408,0.1,0.423999,0,0,1,2
0.408,0.1,0.426999,0,0,1,2
0.408,0.1,0.429999,0,0,1,2
0.408,0.1,0.432999,0,0,1,2
0.408,0.1,0.435999,0,0,1,2
0.408,0.1,0.438999,0,0,1,2
0.408,0.1,0.441999,0,0,1,2
0.408,0.1,0.444999,0,0,1,2
0.408,0.1,0.447999,0,0,1,2
0.408,0.1,0.450999,0,0,1,2
0.411,0.1,0.25,0,0,1,2
0.411,0.1,0.253,0,0,1,2
0.411,0.1,0.256,0,0,1,2
0.411,0.1,0.259,0,0,1,2
0.411,0.1,0.262,0,0,1,2
0.411,0.1,0.265,0,0,1,2
0.411,0.1,0.268,0,0,1,2
0.411,0.1,0.271,0,0,1,2
0.411,0.1,0.274,0,0,1,2
0.411,0.1,0.277,0,0,1,2
0.411,0.1,0.28,0,0,1,2
0.411,0.1,0.283,0,0,1,2
0.411,0.1,0.286,0,0,1,2
0.411,0.1,0.289,0,0,1,2
0.411,0.1,0.292,0,0,1,2
0.411,0.1,0.295,0,0,1,2
0.411,0.1,0.298,0,0,1,2
0.411,0.1,0.301,0,0,1,2
0.411,0.1,0.304,0,0,1,2
0.411,0.1,0.307,0,0,1,2
0.411,0.1,0.31,0,0,1,2
0.411,0.1,0.313,0,0,1,2
0.411,0.1,0.316,0,0,1,2
0.411,0.1,0.319,0,0,1,2
0.411,0.1,0.322,0,0,1,2
0.411,0.1,0.325,0,0,1,2
0.411,0.1,0.328,0,0,1,2
0.411,0.1,0.331,0,0,1,2
0.411,0.1,0.334,0,0,1,2
0.411,0.1,0.337,0,0,1,2
0.411,0.1,0.34,0,0,1,2
0.411,0.1,0.343,0,0,1,2
0.411,0.1,0.346,0,0,1,2
0.411,0.1,0.349,0,0,1,2
0.411,0.1,0.352,0,0,1,2
0.411,0.1,0.355,0,0,1,2
0.411,0.1,0.358,0,0,1,2
0.411,0.1,0.361,0,0,1,2
0.411,0.1,0.364,0,0,1,2
0.411,0.1,0.367,0,0,1,2
0.411,0.1,0.37,0,0,1,2
0.411,0.1,0.373,0,0,1,2
0.411,0.1,0.376,0,0,1,2
0.411,0.1,0.379,0,0,1,2
0.411,0.1,0.382,0,0,1,2
0.411,0.1,0.385,0,0,1,2
0.411,0.1,0.388,0,0,1,2
0.411,0.1,0.391,0,0,1,2
0.411,0.1,0.394,0,0,1,2
0.411,0.1,0.397,0,0,1,2
0.411,0.1,0.4,0,0,1,2
0.411,0.1,0.403,0,0,1,2
0.411,0.1,0.406,0,0,1,2
0.411,0.1,0.409,0,0,1,2
0.411,0.1,0.412,0,0,1,2
0.411,0.1,0.415,0,0,1,2
0.411,0.1,0.418,0,0,1,2
0.411,0.1,0.420999,0,0,1,2
0.411,0.1,0.423999,0,0,1,2
0.411,0.1,0.426999,0,0,1,2
0.411,0.1,0.429999,0,0,1,2
0.411,0.1,0.432999,0,0,1,2
0.411,0.1,0.435999,0,0,1,2
0.411,0.1,0.438999,0,0,1,2
0.411,0.1,0.441999,0,0,1,2
0.411,0.1,0.444999,0,0,1,2
0.411,0.1,0.447999,0,0,1,2
0.411,0.1,0.450999,0,0,1,2
0.414,0.1,0.25,0,0,1,2
0.414,0.1,0.253,0,0,1,2
0.414,0.1,0.256,0,0,1,2
0.414,0.1,0.259,0,0,1,2
0.414,0.1,0.262,0,0,1,2
0.414,0.1,0.265,0,0,1,2
0.414,0.1,0.268,0,0,1,2
0.414,0.1,0.271,0,0,1,2
0.414,0.1,0.274,0,0,1,2
0.414,0.1,0.277,0,0,1,2
0.414,0.1,0.28,0,0,1,2
0.414,0.1,0.283,0,0,1,2
0.414,0.1,0.286,0,0,1,2
0.414,0.1,0.289,0,0,1,2
0.414,0.1,0.292,0,0,1,2
0.414,0.1,0.295,0,0,1,2
0.414,0.1,0.298,0,0,1,2
0.414,0.1,0.301,0,0,1,2
0.414,0.1,0.304,0,0,1,2
0.414,0.1,0.307,0,0,1,2
0.414,0.1,0.31,0,0,1,2
0.414,0.1,0.313,0,0,1,2
0.414,0.1,0.316,0,0,1,2
0.414,0.1,0.319,0,0,1,2
0.414,0.1,0.322,0,0,1,2
0.414,0.1,0.325,0,0,1,2
0.414,0.1,0.328,0,0,1,2
0.414,0.1,0.331,0,0,1,2
0.414,0.1,0.334,0,0,1,2
0.414,0.1,0.337,0,0,1,2
0.414,0.1,0.34,0,0,1,2
0.414,0.1,0.343,0,0,1,2
0.414,0.1,0.346,0,0,1,2
0.414,0.1,0.349,0,0,1,2
0.414,0.1,0.352,0,0,1,2
0.414,0.1,0.355,0,0,1,2
0.414,0.1,0.358,0,0,1,2
0.414,0.1,0.361,0,0,1,2
0.414,0.1,0.364,0,0,1,2
0.414,0.1,0.367,0,0,1,2
0.414,0.1,0.37,0,0,1,2
0.414,0.1,0.373,0,0,1,2
0.414,0.1,0.376,0,0,1,2
0.414,0.1,0.379,0,0,1,2
0.414,0.1,0.382,0,0,1,2
0.414,0.1,0.385,0,0,1,2
0.414,0.1,0.388,0,0,1,2
0.414,0.1,0.391,0,0,1,2
0.414,0.1,0.394,0,0,1,2
0.414,0.1,0.397,0,0,1,2
0.414,0.1,0.4,0,0,1,2
0.414,0.1,0.403,0,0,1,2
0.414,0.1,0.406,0,0,1,2
0.414,0.1,0.409,0,0,1,2
0.414,0.1,0.412,0,0,1,2
0.414,0.1,0.415,0,0,1,2
0.414,0.1,0.418,0,0,1,2
0.414,0.1,0.420999,0,0,1,2
0.414,0.1,0.423999,0,0,1,2
0.414,0.1,0.426999,0,0,1,2
0.414,0.1,0.429999,0,0,1,2
0.414,0.1,0.432999,0,0,1,2
0.414,0.1,0.435999,0,0,1,2
0.414,0.1,0.438999,0,0,1,2
0.414,0.1,0.441999,0,0,1,2
0.414,0.1,0.444999,0,0,1,2
0.414,0.1,0.447999,0,0,1,2
0.414,0.1,0.450999,0,0,1,2
0.417,0.1,0.25,0,0,1,2
0.417,0.1,0.253,0,0,1,2
0.417,0.1,0.256,0,0,1,2
0.417,0.1,0.259,0,0,1,2
0.417,0.1,0.262,0,0,1,2
0.417,0.1,0.265,0,0,1,2
0.417,0.1,0.268,0,0,1,2
0.417,0.1,0.271,0,0,1,2
0.417,0.1,0.274,0,0,1,2
0.417,0.1,0.277,0,0,1,2
0.417,0.1,0.28,0,0,1,2
0.417,0.1,0.283,0,0,1,2
0.417,0.1,0.286,0,0,1,2
0.417,0.1,0.289,0,0,1,2
0.417,0.1,0.292,0,0,1,2
0.417,0.1,0.295,0,0,1,2
0.417,0.1,0.298,0,0,1,2
0.417,0.1,0.301,0,0,1,2
0.417,0.1,0.304,0,0,1,2
0.417,0.1,0.307,0,0,1,2
0.417,0.1,0.31,0,0,1,2
0.417,0.1,0.313,0,0,1,2
0.417,0.1,0.316,0,0,1,2
0.417,0.1,0.319,0,0,1,2
0.417,0.1,0.322,0,0,1,2
0.417,0.1,0.325,0,0,1,2
0.417,0.1,0.328,0,0,1,2
0.417,0.1,0.331,0,0,1,2
0.417,0.1,0.334,0,0,1,2
0.417,0.1,0.337,0,0,1,2
0.417,0.1,0.34,0,0,1,2
0.417,0.1,0.343,0,0,1,2
0.417,0.1,0.346,0,0,1,2
0.417,0.1,0.349,0,0,1,2
0.417,0.1,0.352,0,0,1,2
0.417,0.1,0.355,0,0,1,2
0.417,0.1,0.358,0,0,1,2
0.417,0.1,0.361,0,0,1,2
0.417,0.1,0.364,0,0,1,2
0.417,0.1,0.367,0,0,1,2
0.417,0.1,0.37,0,0,1,2
0.417,0.1,0.373,0,0,1,2
0.417,0.1,0.376,0,0,1,2
0.417,0.1,0.379,0,0,1,2
0.417,0.1,0.382,0,0,1,2
0.417,0.1,0.385,0,0,1,2
0.417,0.1,0.388,0,0,1,2
0.417,0.1,0.391,0,0,1,2
0.417,0.1,0.394,0,0,1,2
0.417,0.1,0.397,0,0,1,2
0.417,0.1,0.4,0,0,1,2
0.417,0.1,0.403,0,0,1,2
0.417,0.1,0.406,0,0,1,2
0.417,0.1,0.409,0,0,1,2
0.417,0.1,0.412,0,0,1,2
0.417,0.1,0.415,0,0,1,2
0.417,0.1,0.418,0,0,1,2
0.417,0.1,0.420999,0,0,1,2
0.417,0.1,0.423999,0,0,1,2
0.417,0.1,0.426999,0,0,1,2
0.417,0.1,0.429999,0,0,1,2
0.417,0.1,0.432999,0,0,1,2
0.417,0.1,0.435999,0,0,1,2
0.417,0.1,0.438999,0,0,1,2
0.417,0.1,0.441999,0,0,1,2
0.417,0.1,0.444999,0,0,1,2
0.417,0.1,0.447999,0,0,1,2
0.417,0.1,0.450999,0,0,1,2
0.42,0.1,0.25,0,0,1,2
0.42,0.1,0.253,0,0,1,2
0.42,0.1,0.256,0,0,1,2
0.42,0.1,0.259,0,0,1,2
0.42,0.1,0.262,0,0,1,2
0.42,0.1,0.265,0,0,1,2
0.42,0.1,0.268,0,0,1,2
0.42,0.1,0.271,0,0,1,2
0.42,0.1,0.274,0,0,1,2
0.42,0.1,0.277,0,0,1,2
0.42,0.1,0.28,0,0,1,2
0.42,0.1,0.283,0,0,1,2
0.42,0.1,0.286,0,0,1,2
0.42,0.1,0.289,0,0,1,2
0.42,0.1,0.292,0,0,1,2
0.42,0.1,0.295,0,0,1,2
0.42,0.1,0.298,0,0,1,2
0.42,0.1,0.301,0,0,1,2
0.42,0.1,0.304,0,0,1,2
0.42,0.1,0.307,0,0,1,2
0.42,0.1,0.31,0,0,1,2
0.42,0.1,0.313,0,0,1,2
0.42,0.1,0.316,0,0,1,2
0.42,0.1,0.319,0,0,1,2
0.42,0.1,0.322,0,0,1,2
0.42,0.1,0.325,0,0,1,2
0.42,0.1,0.328,0,0,1,2
0.42,0.1,0.331,0,0,1,2
0.42,0.1,0.334,0,0,1,2
0.42,0.1,0.337,0,0,1,2
0.42,0.1,0.34,0,0,1,2
0.42,0.1,0.343,0,0,1,2
0.42,0.1,0.346,0,0,1,2
0.42,0.1,0.349,0,0,1,2
0.42,0.1,0.352,0,0,1,2
0.42,0.1,0.355,0,0,1,2
0.42,0.1,0.358,0,0,1,2
0.42,0.1,0.361,0,0,1,2
0.42,0.1,0.364,0,0,1,2
0.42,0.1,0.367,0,0,1,2
0.42,0.1,0.37,0,0,1,2
0.42,0.1,0.373,0,0,1,2
0.42,0.1,0.376,0,0,1,2
0.42,0.1,0.379,0,0,1,2
0.42,0.1,0.382,0,0,1,2
0.42,0.1,0.385,0,0,1,2
0.42,0.1,0.388,0,0,1,2
0.42,0.1,0.391,0,0,1,2
0.42,0.1,0.394,0,0,1,2
0.42,0.1,0.397,0,0,1,2
0.42,0.1,0.4,0,0,1,2
0.42,0.1,0.403,0,0,1,2
0.42,0.1,0.406,0,0,1,2
0.42,0.1,0.409,0,0,1,2
0.42,0.1,0.412,0,0,1,2
0.42,0.1,0.415,0,0,1,2
0.42,0.1,0.418,0,0,1,2
0.42,0.1,0.420999,0,0,1,2
0.42,0.1,0.423999,0,0,1,2
0.42,0.1,0.426999,0,0,1,2
0.42,0.1,0.429999,0,0,1,2
0.42,0.1,0.432999,0,0,1,2
0.42,0.1,0.435999,0,0,1,2
0.42,0.1,0.438999,0,0,1,2
0.42,0.1,0.441999,0,0,1,2
0.42,0.1,0.444999,0,0,1,2
0.42,0.1,0.447999,0,0,1,2
0.42,0.1,0.450999,0,0,1,2
0.423,0.1,0.25,0,0,1,2
0.423,0.1,0.253,0,0,1,2
0.423,0.1,0.256,0,0,1,2
0.423,0.1,0.259,0,0,1,2
0.423,0.1,0.262,0,0,1,2
0.423,0.1,0.265,0,0,1,2
0.423,0.1,0.268,0,0,1,2
0.423,0.1,0.271,0,0,1,2
0.423,0.1,0.274,0,0,1,2
0.423,0.1,0.277,0,0,1,2
0.423,0.1,0.28,0,0,1,2
0.423,0.1,0.283,0,0,1,2
0.423,0.1,0.286,0,0,1,2
0.423,0.1,0.289,0,0,1,2
0.423,0.1,0.292,0,0,1,2
0.423,0.1,0.295,0,0,1,2
0.423,0.1,0.298,0,0,1,2
0.423,0.1,0.301,0,0,1,2
0.423,0.1,0.304,0,0,1,2
0.423,0.1,0.307,0,0,1,2
0.423,0.1,0.31,0,0,1,2
0.423,0.1,0.313,0,0,1,2
0.423,0.1,0.316,0,0,1,2
0.423,0.1,0.319,0,0,1,2
0.423,0.1,0.322,0,0,1,2
0.423,0.1,0.325,0,0,1,2
0.423,0.1,0.328,0,0,1,2
0.423,0.1,0.331,0,0,1,2
0.423,0.1,0.334,0,0,1,2
0.423,0.1,0.337,0,0,1,2
0.423,0.1,0.34,0,0,1,2
0.423,0.1,0.343,0,0,1,2
0.423,0.1,0.346,0,0,1,2
0.423,0.1,0.349,0,0,1,2
0.423,0.1,0.352,0,0,1,2
0.423,0.1,0.355,0,0,1,2
0.423,0.1,0.358,0,0,1,2
0.423,0.1,0.361,0,0,1,2
0.423,0.1,0.364,0,0,1,2
0.423,0.1,0.367,0,0,1,2
0.423,0.1,0.37,0,0,1,2
0.423,0.1,0.373,0,0,1,2
0.423,0.1,0.376,0,0,1,2
0.423,0.1,0.379,0,0,1,2
0.423,0.1,0.382,0,0,1,2
0.423,0.1,0.385,0,0,1,2
0.423,0.1,0.388,0,0,1,2
0.423,0.1,0.391,0,0,1,2
0.423,0.1,0.394,0,0,1,2
0.423,0.1,0.397,0,0,1,2
0.423,0.1,0.4,0,0,1,2
0.423,0.1,0.403,0,0,1,2
0.423,0.1,0.406,0,0,1,2
0.423,0.1,0.409,0,0,1,2
0.423,0.1,0.412,0,0,1,2
0.423,0.1,0.415,0,0,1,2
0.423,0.1,0.418,0,0,1,2
0.423,0.1,0.420999,0,0,1,2
0.423,0.1,0.423999,0,0,1,2
0.423,0.1,0.426999,0,0,1,2
0.423,0.1,0.429999,0,0,1,2
0.423,0.1,0.432999,0,0,1,2
0.423,0.1,0.435999,0,0,1,2
0.423,0.1,0.438999,0,0,1,2
0.423,0.1,0.441999,0,0,1,2
0.423,0.1,0.444999,0,0,1,2
0.423,0.1,0.447999,0,0,1,2
0.423,0.1,0.450999,0,0,1,2
0.426,0.1,0.25,0,0,1,2
0.426,0.1,0.253,0,0,1,2
0.426,0.1,0.256,0,0,1,2
0.426,0.1,0.259,0,0,1,2
0.426,0.1,0.262,0,0,1,2
0.426,0.1,0.265,0,0,1,2
0.426,0.1,0.268,0,0,1,2
0.426,0.1,0.271,0,0,1,2
0.426,0.1,0.274,0,0,1,2
0.426,0.1,0.277,0,0,1,2
0.426,0.1,0.28,0,0,1,2
0.426,0.1,0.283,0,0,1,2
0.426,0.1,0.286,0,0,1,2
0.426,0.1,0.289,0,0,1,2
0.426,0.1,0.292,0,0,1,2
0.426,0.1,0.295,0,0,1,2
0.426,0.1,0.298,0,0,1,2
0.426,0.1,0.301,0,0,1,2
0.426,0.1,0.304,0,0,1,2
0.426,0.1,0.307,0,0,1,2
0.426,0.1,0.31,0,0,1,2
0.426,0.1,0.313,0,0,1,2
0.426,0.1,0.316,0,0,1,2
0.426,0.1,0.319,0,0,1,2
0.426,0.1,0.322,0,0,1,2
0.426,0.1,0.325,0,0,1,2
0.426,0.1,0.328,0,0,1,2
0.426,0.1,0.331,0,0,1,2
0.426,0.1,0.334,0,0,1,2
0.426,0.1,0.337,0,0,1,2
0.426,0.1,0.34,0,0,1,2
0.426,0.1,0.343,0,0,1,2
0.426,0.1,0.346,0,0,1,2
0.426,0.1,0.349,0,0,1,2
0.426,0.1,0.352,0,0,1,2
0.426,0.1,0.355,0,0,1,2
0.426,0.1,0.358,0,0,1,2
0.426,0.1,0.361,0,0,1,2
0.426,0.1,0.364,0,0,1,2
0.426,0.1,0.367,0,0,1,2
0.426,0.1,0.37,0,0,1,2
0.426,0.1,0.373,0,0,1,2
0.426,0.1,0.376,0,0,1,2
0.426,0.1,0.379,0,0,1,2
0.426,0.1,0.382,0,0,1,2
0.426,0.1,0.385,0,0,1,2
0.426,0.1,0.388,0,0,1,2
0.426,0.1,0.391,0,0,1,2
0.426,0.1,0.394,0,0,1,2
0.426,0.1,0.397,0,0,1,2
0.426,0.1,0.4,0,0,1,2
0.426,0.1,0.403,0,0,1,2
0.426,0.1,0.406,0,0,1,2
0.426,0.1,0.409,0,0,1,2
0.426,0.1,0.412,0,0,1,2
0.426,0.1,0.415,0,0,1,2
0.426,0.1,0.418,0,0,1,2
0.426,0.1,0.420999,0,0,1,2
0.426,0.1,0.423999,0,0,1,2
0.426,0.1,0.426999,0,0,1,2
0.426,0.1,0.429999,0,0,1,2
0.426,0.1,0.432999,0,0,1,2
0.426,0.1,0.435999,0,0,1,2
0.426,0.1,0.438999,0,0,1,2
0.426,0.1,0.441999,0,0,1,2
0.426,0.1,0.444999,0,0,1,2
0.426,0.1,0.447999,0,0,1,2
0.426,0.1,0.450999,0,0,1,2
0.429,0.1,0.25,0,0,1,2
0.429,0.1,0.253,0,0,1,2
0.429,0.1,0.256,0,0,1,2
0.429,0.1,0.259,0,0,1,2
0.429,0.1,0.262,0,0,1,2
0.429,0.1,0.265,0,0,1,2
0.429,0.1,0.268,0,0,1,2
0.429,0.1,0.271,0,0,1,2
0.429,0.1,0.274,0,0,1,2
0.429,0.1,0.277,0,0,1,2
0.429,0.1,0.28,0,0,1,2
0.429,0.1,0.283,0,0,1,2
0.429,0.1,0.286,0,0,1,2
0.429,0.1,0.289,0,0,1,2
0.429,0.1,0.292,0,0,1,2
0.429,0.1,0.295,0,0,1,2
0.429,0.1,0.298,0,0,1,2
0.429,0.1,0.301,0,0,1,2
0.429,0.1,0.304,0,0,1,2
0.429,0.1,0.307,0,0,1,2
0.429,0.1,0.31,0,0,1,2
0.429,0.1,0.313,0,0,1,2
0.429,0.1,0.316,0,0,1,2
0.429,0.1,0.319,0,0,1,2
0.429,0.1,0.322,0,0,1,2
0.429,0.1,0.325,0,0,1,2
0.429,0.1,0.328,0,0,1,2
0.429,0.1,0.331,0,0,1,2
0.429,0.1,0.334,0,0,1,2
0.429,0.1,0.337,0,0,1,2
0.429,0.1,0.34,0,0,1,2
0.429,0.1,0.343,0,0,1,2
0.429,0.1,0.346,0,0,1,2
0.429,0.1,0.349,0,0,1,2
0.429,0.1,0.352,0,0,1,2
0.429,0.1,0.355,0,0,1,2
0.429,0.1,0.358,0,0,1,2
0.429,0.1,0.361,0,0,1,2
0.429,0.1,0.364,0,0,1,2
0.429,0.1,0.367,0,0,1,2
0.429,0.1,0.37,0,0,1,2
0.429,0.1,0.373,0,0,1,2
0.429,0.1,0.376,0,0,1,2
0.429,0.1,0.379,0,0,1,2
0.429,0.1,0.382,0,0,1,2
0.429,0.1,0.385,0,0,1,2
0.429,0.1,0.388,0,0,1,2
0.429,0.1,0.391,0,0,1,2
0.429,0.1,0.394,0,0,1,2
0.429,0.1,0.397,0,0,1,2
0.429,0.1,0.4,0,0,1,2
0.429,0.1,0.403,0,0,1,2
0.429,0.1,0.406,0,0,1,2
0.429,0.1,0.409,0,0,1,2
0.429,0.1,0.412,0,0,1,2
0.429,0.1,0.415,0,0,1,2
0.429,0.1,0.418,0,0,1,2
0.429,0.1,0.420999,0,0,1,2
0.429,0.1,0.423999,0,0,1,2
0.429,0.1,0.426999,0,0,1,2
0.429,0.1,0.429999,0,0,1,2
0.429,0.1,0.432999,0,0,1,2
0.429,0.1,0.435999,0,0,1,2
0.429,0.1,0.438999,0,0,1,2
0.429,0.1,0.441999,0,0,1,2
0.429,0.1,0.444999,0,0,1,2
0.429,0.1,0.447999,0,0,1,2
0.429,0.1,0.450999,0,0,1,2
0.432,0.1,0.25,0,0,1,2
0.432,0.1,0.253,0,0,1,2
0.432,0.1,0.256,0,0,1,2
0.432,0.1,0.259,0,0,1,2
0.432,0.1,0.262,0,0,1,2
0.432,0.1,0.265,0,0,1,2
0.432,0.1,0.268,0,0,1,2
0.432,0.1,0.271,0,0,1,2
0.432,0.1,0.274,0,0,1,2
0.432,0.1,0.277,0,0,1,2
0.432,0.1,0.28,0,0,1,2
0.432,0.1,0.283,0,0,1,2
0.432,0.1,0.286,0,0,1,2
0.432,0.1,0.289,0,0,1,2
0.432,0.1,0.292,0,0,1,2
0.432,0.1,0.295,0,0,1,2
0.432,0.1,0.298,0,0,1,2
0.432,0.1,0.301,0,0,1,2
0.432,0.1,0.304,0,0,1,2
0.432,0.1,0.307,0,0,1,2
0.432,0.1,0.31,0,0,1,2
0.432,0.1,0.313,0,0,1,2
0.432,0.1,0.316,0,0,1,2
0.432,0.1,0.319,0,0,1,2
0.432,0.1,0.322,0,0,1,2
0.432,0.1,0.325,0,0,1,2
0.432,0.1,0.328,0,0,1,2
0.432,0.1,0.331,0,0,1,2
0.432,0.1,0.334,0,0,1,2
0.432,0.1,0.337,0,0,1,2
0.432,0.1,0.34,0,0,1,2
0.432,0.1,0.343,0,0,1,2
0.432,0.1,0.346,0,0,1,2
0.432,0.1,0.349,0,0,1,2
0.432,0.1,0.352,0,0,1,2
0.432,0.1,0.355,0,0,1,2
0.432,0.1,0.358,0,0,1,2
0.432,0.1,0.361,0,0,1,2
0.432,0.1,0.364,0,0,1,2
0.432,0.1,0.367,0,0,1,2
0.432,0.1,0.37,0,0,1,2
0.432,0.1,0.373,0,0,1,2
0.432,0.1,0.376,0,0,1,2
0.432,0.1,0.379,0,0,1,2
0.432,0.1,0.382,0,0,1,2
0.432,0.1,0.385,0,0,1,2
0.432,0.1,0.388,0,0,1,2
0.432,0.1,0.391,0,0,1,2
0.432,0.1,0.394,0,0,1,2
0.432,0.1,0.397,0,0,1,2
0.432,0.1,0.4,0,0,1,2
0.432,0.1,0.403,0,0,1,2
0.432,0.1,0.406,0,0,1,2
0.432,0.1,0.409,0,0,1,2
0.432,0.1,0.412,0,0,1,2
0.432,0.1,0.415,0,0,1,2
0.432,0.1,0.418,0,0,1,2
0.432,0.1,0.420999,0,0,1,2
0.432,0.1,0.423999,0,0,1,2
0.432,0.1,0.426999,0,0,1,2
0.432,0.1,0.429999,0,0,1,2
0.432,0.1,0.432999,0,0,1,2
0.432,0.1,0.435999,0,0,1,2
0.432,0.1,0.438999,0,0,1,2
0.432,0.1,0.441999,0,0,1,2
0.432,0.1,0.444999,0,0,1,2
0.432,0.1,0.447999,0,0,1,2
0.432,0.1,0.450999,0,0,1,2
0.435,0.1,0.25,0,0,1,2
0.435,0.1,0.253,0,0,1,2
0.435,0.1,0.256,0,0,1,2
0.435,0.1,0.259,0,0,1,2
0.435,0.1,0.262,0,0,1,2
0.435,0.1,0.265,0,0,1,2
0.435,0.1,0.268,0,0,1,2
0.435,0.1,0.271,0,0,1,2
0.435,0.1,0.274,0,0,1,2
0.435,0.1,0.277,0,0,1,2
0.435,0.1,0.28,0,0,1,2
0.435,0.1,0.283,0,0,1,2
0.435,0.1,0.286,0,0,1,2
0.435,0.1,0.289,0,0,1,2
0.435,0.1,0.292,0,0,1,2
0.435,0.1,0.295,0,0,1,2
0.435,0.1,0.298,0,0,1,2
0.435,0.1,0.301,0,0,1,2
0.435,0.1,0.304,0,0,1,2
0.435,0.1,0.307,0,0,1,2
0.435,0.1,0.31,0,0,1,2
0.435,0.1,0.313,0,0,1,2
0.435,0.1,0.316,0,0,1,2
0.435,0.1,0.319,0,0,1,2
0.435,0.1,0.322,0,0,1,2
0.435,0.1,0.325,0,0,1,2
0.435,0.1,0.328,0,0,1,2
0.435,0.1,0.331,0,0,1,2
0.435,0.1,0.334,0,0,1,2
0.435,0.1,0.337,0,0,1,2
0.435,0.1,0.34,0,0,1,2
0.435,0.1,0.343,0,0,1,2
0.435,0.1,0.346,0,0,1,2
0.435,0.1,0.349,0,0,1,2
0.435,0.1,0.352,0,0,1,2
0.435,0.1,0.355,0,0,1,2
0.435,0.1,0.358,0,0,1,2
0.435,0.1,0.361,0,0,1,2
0.435,0.1,0.364,0,0,1,2
0.435,0.1,0.367,0,0,1,2
0.435,0.1,0.37,0,0,1,2
0.435,0.1,0.373,0,0,1,2
0.435,0.1,0.376,0,0,1,2
0.435,0.1,0.379,0,0,1,2
0.435,0.1,0.382,0,0,1,2
0.435,0.1,0.385,0,0,1,2
0.435,0.1,0.388,0,0,1,2
0.435,0.1,0.391,0,0,1,2
0.435,0.1,0.394,0,0,1,2
0.435,0.1,0.397,0,0,1,2
0.435,0.1,0.4,0,0,1,2
0.435,0.1,0.403,0,0,1,2
0.435,0.1,0.406,0,0,1,2
0.435,0.1,0.409,0,0,1,2
0.435,0.1,0.412,0,0,1,2
0.435,0.1,0.415,0,0,1,2
0.435,0.1,0.418,0,0,1,2
0.435,0.1,0.420999,0,0,1,2
0.435,0.1,0.423999,0,0,1,2
0.435,0.1,0.426999,0,0,1,2
0.435,0.1,0.429999,0,0,1,2
0.435,0.1,0.432999,0,0,1,2
0.435,0.1,0.435999,0,0,1,2
0.435,0.1,0.438999,0,0,1,2
0.435,0.1,0.441999,0,0,1,2
0.435,0.1,0.444999,0,0,1,2
0.435,0.1,0.447999,0,0,1,2
0.435,0.1,0.450999,0,0,1,2
0.438,0.1,0.25,0,0,1,2
0.438,0.1,0.253,0,0,1,2
0.438,0.1,0.256,0,0,1,2
0.438,0.1,0.259,0,0,1,2
0.438,0.1,0.262,0,0,1,2
0.438,0.1,0.265,0,0,1,2
0.438,0.1,0.268,0,0,1,2
0.438,0.1,0.271,0,0,1,2
0.438,0.1,0.274,0,0,1,2
0.438,0.1,0.277,0,0,1,2
0.438,0.1,0.28,0,0,1,2
0.438,0.1,0.283,0,0,1,2
0.438,0.1,0.286,0,0,1,2
0.438,0.1,0.289,0,0,1,2
0.438,0.1,0.292,0,0,1,2
0.438,0.1,0.295,0,0,1,2
0.438,0.1,0.298,0,0,1,2
0.438,0.1,0.301,0,0,1,2
0.438,0.1,0.304,0,0,1,2
0.438,0.1,0.307,0,0,1,2
0.438,0.1,0.31,0,0,1,2
0.438,0.1,0.313,0,0,1,2
0.438,0.1,0.316,0,0,1,2
0.438,0.1,0.319,0,0,1,2
0.438,0.1,0.322,0,0,1,2
0.438,0.1,0.325,0,0,1,2
0.438,0.1,0.328,0,0,1,2
0.438,0.1,0.331,0,0,1,2
0.438,0.1,0.334,0,0,1,2
0.438,0.1,0.337,0,0,1,2
0.438,0.1,0.34,0,0,1,2
0.438,0.1,0.343,0,0,1,2
0.438,0.1,0.346,0,0,1,2
0.438,0.1,0.349,0,0,1,2
0.438,0.1,0.352,0,0,1,2
0.438,0.1,0.355,0,0,1,2
0.438,0.1,0.358,0,0,1,2
0.438,0.1,0.361,0,0,1,2
0.438,0.1,0.364,0,0,1,2
0.438,0.1,0.367,0,0,1,2
0.438,0.1,0.37,0,0,1,2
0.438,0.1,0.373,0,0,1,2
0.438,0.1,0.376,0,0,1,2
0.438,0.1,0.379,0,0,1,2
0.438,0.1,0.382,0,0,1,2
0.438,0.1,0.385,0,0,1,2
0.438,0.1,0.388,0,0,1,2
0.438,0.1,0.391,0,0,1,2
0.438,0.1,0.394,0,0,1,2
0.438,0.1,0.397,0,0,1,2
0.438,0.1,0.4,0,0,1,2
0.438,0.1,0.403,0,0,1,2
0.438,0.1,0.406,0,0,1,2
0.438,0.1,0.409,0,0,1,2
0.438,0.1,0.412,0,0,1,2
0.438,0.1,0.415,0,0,1,2
0.438,0.1,0.418,0,0,1,2
0.438,0.1,0.420999,0,0,1,2
0.438,0.1,0.423999,0,0,1,2
0.438,0.1,0.426999,0,0,1,2
0.438,0.1,0.429999,0,0,1,2
0.438,0.1,0.432999,0,0,1,2
0.438,0.1,0.435999,0,0,1,2
0.438,0.1,0.438999,0,0,1,2
0.438,0.1,0.441999,0,0,1,2
0.438,0.1,0.444999,0,0,1,2
0.438,0.1,0.447999,0,0,1,2
0.438,0.1,0.450999,0,0,1,2
0.441,0.1,0.25,0,0,1,2
0.441,0.1,0.253,0,0,1,2
0.441,0.1,0.256,0,0,1,2
0.441,0.1,0.259,0,0,1,2
0.441,0.1,0.262,0,0,1,2
0.441,0.1,0.265,0,0,1,2
0.441,0.1,0.268,0,0,1,2
0.441,0.1,0.271,0,0,1,2
0.441,0.1,0.274,0,0,1,2
0.441,0.1,0.277,0,0,1,2
0.441,0.1,0.28,0,0,1,2
0.441,0.1,0.283,0,0,1,2
0.441,0.1,0.286,0,0,1,2
0.441,0.1,0.289,0,0,1,2
0.441,0.1,0.292,0,0,1,2
0.441,0.1,0.295,0,0,1,2
0.441,0.1,0.298,0,0,1,2
0.441,0.1,0.301,0,0,1,2
0.441,0.1,0.304,0,0,1,2
0.441,0.1,0.307,0,0,1,2
0.441,0.1,0.31,0,0,1,2
0.441,0.1,0.313,0,0,1,2
0.441,0.1,0.316,0,0,1,2
0.441,0.1,0.319,0,0,1,2
0.441,0.1,0.322,0,0,1,2
0.441,0.1,0.325,0,0,1,2
0.441,0.1,0.328,0,0,1,2
0.441,0.1,0.331,0,0,1,2
0.441,0.1,0.334,0,0,1,2
0.441,0.1,0.337,0,0,1,2
0.441,0.1,0.34,0,0,1,2
0.441,0.1,0.343,0,0,1,2
0.441,0.1,0.346,0,0,1,2
0.441,0.1,0.349,0,0,1,2
0.441,0.1,0.352,0,0,1,2
0.441,0.1,0.355,0,0,1,2
0.441,0.1,0.358,0,0,1,2
0.441,0.1,0.361,0,0,1,2
0.441,0.1,0.364,0,0,1,2
0.441,0.1,0.367,0,0,1,2
0.441,0.1,0.37,0,0,1,2
0.441,0.1,0.373,0,0,1,2
0.441,0.1,0.376,0,0,1,2
0.441,0.1,0.379,0,0,1,2
0.441,0.1,0.382,0,0,1,2
0.441,0.1,0.385,0,0,1,2
0.441,0.1,0.388,0,0,1,2
0.441,0.1,0.391,0,0,1,2
0.441,0.1,0.394,0,0,1,2
0.441,0.1,0.397,0,0,1,2
0.441,0.1,0.4,0,0,1,2
0.441,0.1,0.403,0,0,1,2
0.441,0.1,0.406,0,0,1,2
0.441,0.1,0.409,0,0,1,2
0.441,0.1,0.412,0,0,1,2
0.441,0.1,0.415,0,0,1,2
0.441,0.1,0.418,0,0,1,2
0.441,0.1,0.420999,0,0,1,2
0.441,0.1,0.423999,0,0,1,2
0.441,0.1,0.426999,0,0,1,2
0.441,0.1,0.429999,0,0,1,2
0.441,0.1,0.432999,0,0,1,2
0.441,0.1,0.435999,0,0,1,2
0.441,0.1,0.438999,0,0,1,2
0.441,0.1,0.441999,0,0,1,2
0.441,0.1,0.444999,0,0,1,2
0.441,0.1,0.447999,0,0,1,2
0.441,0.1,0.450999,0,0,1,2
0.444,0.1,0.25,0,0,1,2
0.444,0.1,0.253,0,0,1,2
0.444,0.1,0.256,0,0,1,2
0.444,0.1,0.259,0,0,1,2
0.444,0.1,0.262,0,0,1,2
0.444,0.1,0.265,0,0,1,2
0.444,0.1,0.268,0,0,1,2
0.444,0.1,0.271,0,0,1,2
0.444,0.1,0.274,0,0,1,2
0.444,0.1,0.277,0,0,1,2
0.444,0.1,0.28,0,0,1,2
0.444,0.1,0.283,0,0,1,2
0.444,0.1,0.286,0,0,1,2
0.444,0.1,0.289,0,0,1,2
0.444,0.1,0.292,0,0,1,2
0.444,0.1,0.295,0,0,1,2
0.444,0.1,0.298,0,0,1,2
0.444,0.1,0.301,0,0,1,2
0.444,0.1,0.304,0,0,1,2
0.444,0.1,0.307,0,0,1,2
0.444,0.1,0.31,0,0,1,2
0.444,0.1,0.313,0,0,1,2
0.444,0.1,0.316,0,0,1,2
0.444,0.1,0.319,0,0,1,2
0.444,0.1,0.322,0,0,1,2
0.444,0.1,0.325,0,0,1,2
0.444,0.1,0.328,0,0,1,2
0.444,0.1,0.331,0,0,1,2
0.444,0.1,0.334,0,0,1,2
0.444,0.1,0.337,0,0,1,2
0.444,0.1,0.34,0,0,1,2
0.444,0.1,0.343,0,0,1,2
0.444,0.1,0.346,0,0,1,2
0.444,0.1,0.349,0,0,1,2
0.444,0.1,0.352,0,0,1,2
0.444,0.1,0.355,0,0,1,2
0.444,0.1,0.358,0,0,1,2
0.444,0.1,0.361,0,0,1,2
0.444,0.1,0.364,0,0,1,2
0.444,0.1,0.367,0,0,1,2
0.444,0.1,0.37,0,0,1,2
0.444,0.1,0.373,0,0,1,2
0.444,0.1,0.376,0,0,1,2
0.444,0.1,0.379,0,0,1,2
0.444,0.1,0.382,0,0,1,2
0.444,0.1,0.385,0,0,1,2
0.444,0.1,0.388,0,0,1,2
0.444,0.1,0.391,0,0,1,2
0.444,0.1,0.394,0,0,1,2
0.444,0.1,0.397,0,0,1,2
0.444,0.1,0.4,0,0,1,2
0.444,0.1,0.403,0,0,1,2
0.444,0.1,0.406,0,0,1,2
0.444,0.1,0.409,0,0,1,2
0.444,0.1,0.412,0,0,1,2
0.444,0.1,0.415,0,0,1,2
0.444,0.1,0.418,0,0,1,2
0.444,0.1,0.420999,0,0,1,2
0.444,0.1,0.423999,0,0,1,2
0.444,0.1,0.426999,0,0,1,2
0.444,0.1,0.429999,0,0,1,2
0.444,0.1,0.432999,0,0,1,2
0.444,0.1,0.435999,0,0,1,2
0.444,0.1,0.438999,0,0,1,2
0.444,0.1,0.441999,0,0,1,2
0.444,0.1,0.444999,0,0,1,2
0.444,0.1,0.447999,0,0,1,2
0.444,0.1,0.450999,0,0,1,2
0.447,0.1,0.25,0,0,1,2
0.447,0.1,0.253,0,0,1,2
0.447,0.1,0.256,0,0,1,2
0.447,0.1,0.259,0,0,1,2
0.447,0.1,0.262,0,0,1,2
0.447,0.1,0.265,0,0,1,2
0.447,0.1,0.268,0,0,1,2
0.447,0.1,0.271,0,0,1,2
0.447,0.1,0.274,0,0,1,2
0.447,0.1,0.277,0,0,1,2
0.447,0.1,0.28,0,0,1,2
0.447,0.1,0.283,0,0,1,2
0.447,0.1,0.286,0,0,1,2
0.447,0.1,0.289,0,0,1,2
0.447,0.1,0.292,0,0,1,2
0.447,0.1,0.295,0,0,1,2
0.447,0.1,0.298,0,0,1,2
0.447,0.1,0.301,0,0,1,2
0.447,0.1,0.304,0,0,1,2
0.447,0.1,0.307,0,0,1,2
0.447,0.1,0.31,0,0,1,2
0.447,0.1,0.313,0,0,1,2
0.447,0.1,0.316,0,0,1,2
0.447,0.1,0.319,0,0,1,2
0.447,0.1,0.322,0,0,1,2
0.447,0.1,0.325,0,0,1,2
0.447,0.1,0.328,0,0,1,2
0.447,0.1,0.331,0,0,1,2
0.447,0.1,0.334,0,0,1,2
0.447,0.1,0.337,0,0,1,2
0.447,0.1,0.34,0,0,1,2
0.447,0.1,0.343,0,0,1,2
0.447,0.1,0.346,0,0,1,2
0.447,0.1,0.349,0,0,1,2
0.447,0.1,0.352,0,0,1,2
0.447,0.1,0.355,0,0,1,2
0.447,0.1,0.358,0,0,1,2
0.447,0.1,0.361,0,0,1,2
0.447,0.1,0.364,0,0,1,2
0.447,0.1,0.367,0,0,1,2
0.447,0.1,0.37,0,0,1,2
0.447,0.1,0.373,0,0,1,2
0.447,0.1,0.376,0,0,1,2
0.447,0.1,0.379,0,0,1,2
0.447,0.1,0.382,0,0,1,2
0.447,0.1,0.385,0,0,1,2
0.447,0.1,0.388,0,0,1,2
0.447,0.1,0.391,0,0,1,2
0.447,0.1,0.394,0,0,1,2
0.447,0.1,0.397,0,0,1,2
0.447,0.1,0.4,0,0,1,2
0.447,0.1,0.403,0,0,1,2
0.447,0.1,0.406,0,0,1,2
0.447,0.1,0.409,0,0,1,2
0.447,0.1,0.412,0,0,1,2
0.447,0.1,0.415,0,0,1,2
0.447,0.1,0.418,0,0,1,2
0.447,0.1,0.420999,0,0,1,2
0.447,0.1,0.423999,0,0,1,2
0.447,0.1,0.426999,0,0,1,2
0.447,0.1,0.429999,0,0,1,2
0.447,0.1,0.432999,0,0,1,2
0.447,0.1,0.435999,0,0,1,2
0.447,0.1,0.438999,0,0,1,2
0.447,0.1,0.441999,0,0,1,2
0.447,0.1,0.444999,0,0,1,2
0.447,0.1,0.447999,0,0,1,2
0.447,0.1,0.450999,0,0,1,2
0.45,0.1,0.25,0,0,1,2
0.45,0.1,0.253,0,0,1,2
0.45,0.1,0.256,0,0,1,2
0.45,0.1,0.259,0,0,1,2
0.45,0.1,0.262,0,0,1,2
0.45,0.1,0.265,0,0,1,2
0.45,0.1,0.268,0,0,1,2
0.45,0.1,0.271,0,0,1,2
0.45,0.1,0.274,0,0,1,2
0.45,0.1,0.277,0,0,1,2
0.45,0.1,0.28,0,0,1,2
0.45,0.1,0.283,0,0,1,2
0.45,0.1,0.286,0,0,1,2
0.45,0.1,0.289,0,0,1,2
0.45,0.1,0.292,0,0,1,2
0.45,0.1,0.295,0,0,1,2
0.45,0.1,0.298,0,0,1,2
0.45,0.1,0.301,0,0,1,2
0.45,0.1,0.304,0,0,1,2
0.45,0.1,0.307,0,0,1,2
0.45,0.1,0.31,0,0,1,2
0.45,0.1,0.313,0,0,1,2
0.45,0.1,0.316,0,0,1,2
0.45,0.1,0.319,0,0,1,2
0.45,0.1,0.322,0,0,1,2
0.45,0.1,0.325,0,0,1,2
0.45,0.1,0.328,0,0,1,2
0.45,0.1,0.331,0,0,1,2
0.45,0.1,0.334,0,0,1,2
0.45,0.1,0.337,0,0,1,2
0.45,0.1,0.34,0,0,1,2
0.45,0.1,0.343,0,0,1,2
0.45,0.1,0.346,0,0,1,2
0.45,0.1,0.349,0,0,1,2
0.45,0.1,0.352,0,0,1,2
0.45,0.1,0.355,0,0,1,2
0.45,0.1,0.358,0,0,1,2
0.45,0.1,0.361,0,0,1,2
0.45,0.1,0.364,0,0,1,2
0.45,0.1,0.367,0,0,1,2
0.45,0.1,0.37,0,0,1,2
0.45,0.1,0.373,0,0,1,2
0.45,0.1,0.376,0,0,1,2
0.45,0.1,0.379,0,0,1,2
0.45,0.1,0.382,0,0,1,2
0.45,0.1,0.385,0,0,1,2
0.45,0.1,0.388,0,0,1,2
0.45,0.1,0.391,0,0,1,2
0.45,0.1,0.394,0,0,1,2
0.45,0.1,0.397,0,0,1,2
0.45,0.1,0.4,0,0,1,2
0.45,0.1,0.403,0,0,1,2
0.45,0.1,0.406,0,0,1,2
0.45,0.1,0.409,0,0,1,2
0.45,0.1,0.412,0,0,1,2
0.45,0.1,0.415,0,0,1,2
0.45,0.1,0.418,0,0,1,2
0.45,0.1,0.420999,0,0,1,2
0.45,0.1,0.423999,0,0,1,2
0.45,0.1,0.426999,0,0,1,2
0.45,0.1,0.429999,0,0,1,2
0.45,0.1,0.432999,0,0,1,2
0.45,0.1,0.435999,0,0,1,2
0.45,0.1,0.438999,0,0,1,2
0.45,0.1,0.441999,0,0,1,2
0.45,0.1,0.444999,0,0,1,2
0.45,0.1,0.447999,0,0,1,2
0.45,0.1,0.450999,0,0,1,2
0.453,0.1,0.25,0,0,1,2
0.453,0.1,0.253,0,0,1,2
0.453,0.1,0.256,0,0,1,2
0.453,0.1,0.259,0,0,1,2
0.453,0.1,0.262,0,0,1,2
0.453,0.1,0.265,0,0,1,2
0.453,0.1,0.268,0,0,1,2
0.453,0.1,0.271,0,0,1,2
0.453,0.1,0.274,0,0,1,2
0.453,0.1,0.277,0,0,1,2
0.453,0.1,0.28,0,0,1,2
0.453,0.1,0.283,0,0,1,2
0.453,0.1,0.286,0,0,1,2
0.453,0.1,0.289,0,0,1,2
0.453,0.1,0.292,0,0,1,2
0.453,0.1,0.295,0,0,1,2
0.453,0.1,0.298,0,0,1,2
0.453,0.1,0.301,0,0,1,2
0.453,0.1,0.304,0,0,1,2
0.453,0.1,0.307,0,0,1,2
0.453,0.1,0.31,0,0,1,2
0.453,0.1,0.313,0,0,1,2
0.453,0.1,0.316,0,0,1,2
0.453,0.1,0.319,0,0,1,2
0.453,0.1,0.322,0,0,1,2
0.453,0.1,0.325,0,0,1,2
0.453,0.1,0.328,0,0,1,2
0.453,0.1,0.331,0,0,1,2
0.453,0.1,0.334,0,0,1,2
0.453,0.1,0.337,0,0,1,2
0.453,0.1,0.34,0,0,1,2
0.453,0.1,0.343,0,0,1,2
0.453,0.1,0.346,0,0,1,2
0.453,0.1,0.349,0,0,1,2
0.453,0.1,0.352,0,0,1,2
0.453,0.1,0.355,0,0,1,2
0.453,0.1,0.358,0,0,1,2
0.453,0.1,0.361,0,0,1,2
0.453,0.1,0.364,0,0,1,2
0.453,0.1,0.367,0,0,1,2
0.453,0.1,0.37,0,0,1,2
0.453,0.1,0.373,0,0,1,2
0.453,0.1,0.376,0,0,1,2
0.453,0.1,0.379,0,0,1,2
0.453,0.1,0.382,0,0,1,2
0.453,0.1,0.385,0,0,1,2
0.453,0.1,0.388,0,0,1,2
0.453,0.1,0.391,0,0,1,2
0.453,0.1,0.394,0,0,1,2
0.453,0.1,0.397,0,0,1,2
0.453,0.1,0.4,0,0,1,2
0.453,0.1,0.403,0,0,1,2
0.453,0.1,0.406,0,0,1,2
0.453,0.1,0.409,0,0,1,2
0.453,0.1,0.412,0,0,1,2
0.453,0.1,0.415,0,0,1,2
0.453,0.1,0.418,0,0,1,2
0.453,0.1,0.420999,0,0,1,2
0.453,0.1,0.423999,0,0,1,2
0.453,0.1,0.426999,0,0,1,2
0.453,0.1,0.429999,0,0,1,2
0.453,0.1,0.432999,0,0,1,2
0.453,0.1,0.435999,0,0,1,2
0.453,0.1,0.438999,0,0,1,2
0.453,0.1,0.441999,0,0,1,2
0.453,0.1,0.444999,0,0,1,2
0.453,0.1,0.447999,0,0,1,2
0.453,0.1,0.450999,0,0,1,2
0.456,0.1,0.25,0,0,1,2
0.456,0.1,0.253,0,0,1,2
0.456,0.1,0.256,0,0,1,2
0.456,0.1,0.259,0,0,1,2
0.456,0.1,0.262,0,0,1,2
0.456,0.1,0.265,0,0,1,2
0.456,0.1,0.268,0,0,1,2
0.456,0.1,0.271,0,0,1,2
0.456,0.1,0.274,0,0,1,2
0.456,0.1,0.277,0,0,1,2
0.456,0.1,0.28,0,0,1,2
0.456,0.1,0.283,0,0,1,2
0.456,0.1,0.286,0,0,1,2
0.456,0.1,0.289,0,0,1,2
0.456,0.1,0.292,0,0,1,2
0.456,0.1,0.295,0,0,1,2
0.456,0.1,0.298,0,0,1,2
0.456,0.1,0.301,0,0,1,2
0.456,0.1,0.304,0,0,1,2
0.456,0.1,0.307,0,0,1,2
0.456,0.1,0.31,0,0,1,2
0.456,0.1,0.313,0,0,1,2
0.456,0.1,0.316,0,0,1,2
0.456,0.1,0.319,0,0,1,2
0.456,0.1,0.322,0,0,1,2
0.456,0.1,0.325,0,0,1,2
0.456,0.1,0.328,0,0,1,2
0.456,0.1,0.331,0,0,1,2
0.456,0.1,0.334,0,0,1,2
0.456,0.1,0.337,0,0,1,2
0.456,0.1,0.34,0,0,1,2
0.456,0.1,0.343,0,0,1,2
0.456,0.1,0.346,0,0,1,2
0.456,0.1,0.349,0,0,1,2
0.456,0.1,0.352,0,0,1,2
0.456,0.1,0.355,0,0,1,2
0.456,0.1,0.358,0,0,1,2
0.456,0.1,0.361,0,0,1,2
0.456,0.1,0.364,0,0,1,2
0.456,0.1,0.367,0,0,1,2
0.456,0.1,0.37,0,0,1,2
0.456,0.1,0.373,0,0,1,2
0.456,0.1,0.376,0,0,1,2
0.456,0.1,0.379,0,0,1,2
0.456,0.1,0.382,0,0,1,2
0.456,0.1,0.385,0,0,1,2
0.456,0.1,0.388,0,0,1,2
0.456,0.1,0.391,0,0,1,2
0.456,0.1,0.394,0,0,1,2
0.456,0.1,0.397,0,0,1,2
0.456,0.1,0.4,0,0,1,2
0.456,0.1,0.403,0,0,1,2
0.456,0.1,0.406,0,0,1,2
0.456,0.1,0.409,0,0,1,2
0.456,0.1,0.412,0,0,1,2
0.456,0.1,0.415,0,0,1,2
0.456,0.1,0.418,0,0,1,2
0.456,0.1,0.420999,0,0,1,2
0.456,0.1,0.423999,0,0,1,2
0.456,0.1,0.426999,0,0,1,2
0.456,0.1,0.429999,0,0,1,2
0.456,0.1,0.432999,0,0,1,2
0.456,0.1,0.435999,0,0,1,2
0.456,0.1,0.438999,0,0,1,2
0.456,0.1,0.441999,0,0,1,2
0.456,0.1,0.444999,0,0,1,2
0.456,0.1,0.447999,0,0,1,2
0.456,0.1,0.450999,0,0,1,2
0.459,0.1,0.25,0,0,1,2
0.459,0.1,0.253,0,0,1,2
0.459,0.1,0.256,0,0,1,2
0.459,0.1,0.259,0,0,1,2
0.459,0.1,0.262,0,0,1,2
0.459,0.1,0.265,0,0,1,2
0.459,0.1,0.268,0,0,1,2
0.459,0.1,0.271,0,0,1,2
0.459,0.1,0.274,0,0,1,2
0.459,0.1,0.277,0,0,1,2
0.459,0.1,0.28,0,0,1,2
0.459,0.1,0.283,0,0,1,2
0.459,0.1,0.286,0,0,1,2
0.459,0.1,0.289,0,0,1,2
0.459,0.1,0.292,0,0,1,2
0.459,0.1,0.295,0,0,1,2
0.459,0.1,0.298,0,0,1,2
0.459,0.1,0.301,0,0,1,2
0.459,0.1,0.304,0,0,1,2
0.459,0.1,0.307,0,0,1,2
0.459,0.1,0.31,0,0,1,2
0.459,0.1,0.313,0,0,1,2
0.459,0.1,0.316,0,0,1,2
0.459,0.1,0.319,0,0,1,2
0.459,0.1,0.322,0,0,1,2
0.459,0.1,0.325,0,0,1,2
0.459,0.1,0.328,0,0,1,2
0.459,0.1,0.331,0,0,1,2
0.459,0.1,0.334,0,0,1,2
0.459,0.1,0.337,0,0,1,2
0.459,0.1,0.34,0,0,1,2
0.459,0.1,0.343,0,0,1,2
0.459,0.1,0.346,0,0,1,2
0.459,0.1,0.349,0,0,1,2
0.459,0.1,0.352,0,0,1,2
0.459,0.1,0.355,0,0,1,2
0.459,0.1,0.358,0,0,1,2
0.459,0.1,0.361,0,0,1,2
0.459,0.1,0.364,0,0,1,2
0.459,0.1,0.367,0,0,1,2
0.459,0.1,0.37,0,0,1,2
0.459,0.1,0.373,0,0,1,2
0.459,0.1,0.376,0,0,1,2
0.459,0.1,0.379,0,0,1,2
0.459,0.1,0.382,0,0,1,2
0.459,0.1,0.385,0,0,1,2
0.459,0.1,0.388,0,0,1,2
0.459,0.1,0.391,0,0,1,2
0.459,0.1,0.394,0,0,1,2
0.459,0.1,0.397,0,0,1,2
0.459,0.1,0.4,0,0,1,2
0.459,0.1,0.403,0,0,1,2
0.459,0.1,0.406,0,0,1,2
0.459,0.1,0.409,0,0,1,2
0.459,0.1,0.412,0,0,1,2
0.459,0.1,0.415,0,0,1,2
0.459,0.1,0.418,0,0,1,2
0.459,0.1,0.420999,0,0,1,2
0.459,0.1,0.423999,0,0,1,2
0.459,0.1,0.426999,0,0,1,2
0.459,0.1,0.429999,0,0,1,2
0.459,0.1,0.432999,0,0,1,2
0.459,0.1,0.435999,0,0,1,2
0.459,0.1,0.438999,0,0,1,2
0.459,0.1,0.441999,0,0,1,2
0.459,0.1,0.444999,0,0,1,2
0.459,0.1,0.447999,0,0,1,2
0.459,0.1,0.450999,0,0,1,2
0.462,0.1,0.25,0,0,1,2
0.462,0.1,0.253,0,0,1,2
0.462,0.1,0.256,0,0,1,2
0.462,0.1,0.259,0,0,1,2
0.462,0.1,0.262,0,0,1,2
0.462,0.1,0.265,0,0,1,2
0.462,0.1,0.268,0,0,1,2
0.462,0.1,0.271,0,0,1,2
0.462,0.1,0.274,0,0,1,2
0.462,0.1,0.277,0,0,1,2
0.462,0.1,0.28,0,0,1,2
0.462,0.1,0.283,0,0,1,2
0.462,0.1,0.286,0,0,1,2
0.462,0.1,0.289,0,0,1,2
0.462,0.1,0.292,0,0,1,2
0.462,0.1,0.295,0,0,1,2
0.462,0.1,0.298,0,0,1,2
0.462,0.1,0.301,0,0,1,2
0.462,0.1,0.304,0,0,1,2
0.462,0.1,0.307,0,0,1,2
0.462,0.1,0.31,0,0,1,2
0.462,0.1,0.313,0,0,1,2
0.462,0.1,0.316,0,0,1,2
0.462,0.1,0.319,0,0,1,2
0.462,0.1,0.322,0,0,1,2
0.462,0.1,0.325,0,0,1,2
0.462,0.1,0.328,0,0,1,2
0.462,0.1,0.331,0,0,1,2
0.462,0.1,0.334,0,0,1,2
0.462,0.1,0.337,0,0,1,2
0.462,0.1,0.34,0,0,1,2
0.462,0.1,0.343,0,0,1,2
0.462,0.1,0.346,0,0,1,2
0.462,0.1,0.349,0,0,1,2
0.462,0.1,0.352,0,0,1,2
0.462,0.1,0.355,0,0,1,2
0.462,0.1,0.358,0,0,1,2
0.462,0.1,0.361,0,0,1,2
0.462,0.1,0.364,0,0,1,2
0.462,0.1,0.367,0,0,1,2
0.462,0.1,0.37,0,0,1,2
0.462,0.1,0.373,0,0,1,2
0.462,0.1,0.376,0,0,1,2
0.462,0.1,0.379,0,0,1,2
0.462,0.1,0.382,0,0,1,2
0.462,0.1,0.385,0,0,1,2
0.462,0.1,0.388,0,0,1,2
0.462,0.1,0.391,0,0,1,2
0.462,0.1,0.394,0,0,1,2
0.462,0.1,0.397,0,0,1,2
0.462,0.1,0.4,0,0,1,2
0.462,0.1,0.403,0,0,1,2
0.462,0.1,0.406,0,0,1,2
0.462,0.1,0.409,0,0,1,2
0.462,0.1,0.412,0,0,1,2
0.462,0.1,0.415,0,0,1,2
0.462,0.1,0.418,0,0,1,2
0.462,0.1,0.420999,0,0,1,2
0.462,0.1,0.423999,0,0,1,2
0.462,0.1,0.426999,0,0,1,2
0.462,0.1,0.429999,0,0,1,2
0.462,0.1,0.432999,0,0,1,2
0.462,0.1,0.435999,0,0,1,2
0.462,0.1,0.438999,0,0,1,2
0.462,0.1,0.441999,0,0,1,2
0.462,0.1,0.444999,0,0,1,2
0.462,0.1,0.447999,0,0,1,2
0.462,0.1,0.450999,0,0,1,2
0.465,0.1,0.25,0,0,1,2
0.465,0.1,0.253,0,0,1,2
0.465,0.1,0.256,0,0,1,2
0.465,0.1,0.259,0,0,1,2
0.465,0.1,0.262,0,0,1,2
0.465,0.1,0.265,0,0,1,2
0.465,0.1,0.268,0,0,1,2
0.465,0.1,0.271,0,0,1,2
0.465,0.1,0.274,0,0,1,2
0.465,0.1,0.277,0,0,1,2
0.465,0.1,0.28,0,0,1,2
0.465,0.1,0.283,0,0,1,2
0.465,0.1,0.286,0,0,1,2
0.465,0.1,0.289,0,0,1,2
0.465,0.1,0.292,0,0,1,2
0.465,0.1,0.295,0,0,1,2
0.465,0.1,0.298,0,0,1,2
0.465,0.1,0.301,0,0,1,2
0.465,0.1,0.304,0,0,1,2
0.465,0.1,0.307,0,0,1,2
0.465,0.1,0.31,0,0,1,2
0.465,0.1,0.313,0,0,1,2
0.465,0.1,0.316,0,0,1,2
0.465,0.1,0.319,0,0,1,2
0.465,0.1,0.322,0,0,1,2
0.465,0.1,0.325,0,0,1,2
0.465,0.1,0.328,0,0,1,2
0.465,0.1,0.331,0,0,1,2
0.465,0.1,0.334,0,0,1,2
0.465,0.1,0.337,0,0,1,2
0.465,0.1,0.34,0,0,1,2
0.465,0.1,0.343,0,0,1,2
0.465,0.1,0.346,0,0,1,2
0.465,0.1,0.349,0,0,1,2
0.465,0.1,0.352,0,0,1,2
0.465,0.1,0.355,0,0,1,2
0.465,0.1,0.358,0,0,1,2
0.465,0.1,0.361,0,0,1,2
0.465,0.1,0.364,0,0,1,2
0.465,0.1,0.367,0,0,1,2
0.465,0.1,0.37,0,0,1,2
0.465,0.1,0.373,0,0,1,2
0.465,0.1,0.376,0,0,1,2
0.465,0.1,0.379,0,0,1,2
0.465,0.1,0.382,0,0,1,2
0.465,0.1,0.385,0,0,1,2
0.465,0.1,0.388,0,0,1,2
0.465,0.1,0.391,0,0,1,2
0.465,0.1,0.394,0,0,1,2
0.465,0.1,0.397,0,0,1,2
0.465,0.1,0.4,0,0,1,2
0.465,0.1,0.403,0,0,1,2
0.465,0.1,0.406,0,0,1,2
0.465,0.1,0.409,0,0,1,2
0.465,0.1,0.412,0,0,1,2
0.465,0.1,0.415,0,0,1,2
0.465,0.1,0.418,0,0,1,2
0.465,0.1,0.420999,0,0,1,2
0.465,0.1,0.423999,0,0,1,2
0.465,0.1,0.426999,0,0,1,2
0.465,0.1,0.429999,0,0,1,2
0.465,0.1,0.432999,0,0,1,2
0.465,0.1,0.435999,0,0,1,2
0.465,0.1,0.438999,0,0,1,2
0.465,0.1,0.441999,0,0,1,2
0.465,0.1,0.444999,0,0,1,2
0.465,0.1,0.447999,0,0,1,2
0.465,0.1,0.450999,0,0,1,2
0.468,0.1,0.25,0,0,1,2
0.468,0.1,0.253,0,0,1,2
0.468,0.1,0.256,0,0,1,2
0.468,0.1,0.259,0,0,1,2
0.468,0.1,0.262,0,0,1,2
0.468,0.1,0.265,0,0,1,2
0.468,0.1,0.268,0,0,1,2
0.468,0.1,0.271,0,0,1,2
0.468,0.1,0.274,0,0,1,2
0.468,0.1,0.277,0,0,1,2
0.468,0.1,0.28,0,0,1,2
0.468,0.1,0.283,0,0,1,2
0.468,0.1,0.286,0,0,1,2
0.468,0.1,0.289,0,0,1,2
0.468,0.1,0.292,0,0,1,2
0.468,0.1,0.295,0,0,1,2
0.468,0.1,0.298,0,0,1,2
0.468,0.1,0.301,0,0,1,2
0.468,0.1,0.304,0,0,1,2
0.468,0.1,0.307,0,0,1,2
0.468,0.1,0.31,0,0,1,2
0.468,0.1,0.313,0,0,1,2
0.468,0.1,0.316,0,0,1,2
0.468,0.1,0.319,0,0,1,2
0.468,0.1,0.322,0,0,1,2
0.468,0.1,0.325,0,0,1,2
0.468,0.1,0.328,0,0,1,2
0.468,0.1,0.331,0,0,1,2
0.468,0.1,0.334,0,0,1,2
0.468,0.1,0.337,0,0,1,2
0.468,0.1,0.34,0,0,1,2
0.468,0.1,0.343,0,0,1,2
0.468,0.1,0.346,0,0,1,2
0.468,0.1,0.349,0,0,1,2
0.468,0.1,0.352,0,0,1,2
0.468,0.1,0.355,0,0,1,2
0.468,0.1,0.358,0,0,1,2
0.468,0.1,0.361,0,0,1,2
0.468,0.1,0.364,0,0,1,2
0.468,0.1,0.367,0,0,1,2
0.468,0.1,0.37,0,0,1,2
0.468,0.1,0.373,0,0,1,2
0.468,0.1,0.376,0,0,1,2
0.468,0.1,0.379,0,0,1,2
0.468,0.1,0.382,0,0,1,2
0.468,0.1,0.385,0,0,1,2
0.468,0.1,0.388,0,0,1,2
0.468,0.1,0.391,0,0,1,2
0.468,0.1,0.394,0,0,1,2
0.468,0.1,0.397,0,0,1,2
0.468,0.1,0.4,0,0,1,2
0.468,0.1,0.403,0,0,1,2
0.468,0.1,0.406,0,0,1,2
0.468,0.1,0.409,0,0,1,2
0.468,0.1,0.412,0,0,1,2
0.468,0.1,0.415,0,0,1,2
0.468,0.1,0.418,0,0,1,2
0.468,0.1,0.420999,0,0,1,2
0.468,0.1,0.423999,0,0,1,2
0.468,0.1,0.426999,0,0,1,2
0.468,0.1,0.429999,0,0,1,2
0.468,0.1,0.432999,0,0,1,2
0.468,0.1,0.435999,0,0,1,2
0.468,0.1,0.438999,0,0,1,2
0.468,0.1,0.441999,0,0,1,2
0.468,0.1,0.444999,0,0,1,2
0.468,0.1,0.447999,0,0,1,2
0.468,0.1,0.450999,0,0,1,2
0.471,0.1,0.25,0,0,1,2
0.471,0.1,0.253,0,0,1,2
0.471,0.1,0.256,0,0,1,2
0.471,0.1,0.259,0,0,1,2
0.471,0.1,0.262,0,0,1,2
0.471,0.1,0.265,0,0,1,2
0.471,0.1,0.268,0,0,1,2
0.471,0.1,0.271,0,0,1,2
0.471,0.1,0.274,0,0,1,2
0.471,0.1,0.277,0,0,1,2
0.471,0.1,0.28,0,0,1,2
0.471,0.1,0.283,0,0,1,2
0.471,0.1,0.286,0,0,1,2
0.471,0.1,0.289,0,0,1,2
0.471,0.1,0.292,0,0,1,2
0.471,0.1,0.295,0,0,1,2
0.471,0.1,0.298,0,0,1,2
0.471,0.1,0.301,0,0,1,2
0.471,0.1,0.304,0,0,1,2
0.471,0.1,0.307,0,0,1,2
0.471,0.1,0.31,0,0,1,2
0.471,0.1,0.313,0,0,1,2
0.471,0.1,0.316,0,0,1,2
0.471,0.1,0.319,0,0,1,2
0.471,0.1,0.322,0,0,1,2
0.471,0.1,0.325,0,0,1,2
0.471,0.1,0.328,0,0,1,2
0.471,0.1,0.331,0,0,1,2
0.471,0.1,0.334,0,0,1,2
0.471,0.1,0.337,0,0,1,2
0.471,0.1,0.34,0,0,1,2
0.471,0.1,0.343,0,0,1,2
0.471,0.1,0.346,0,0,1,2
0.471,0.1,0.349,0,0,1,2
0.471,0.1,0.352,0,0,1,2
0.471,0.1,0.355,0,0,1,2
0.471,0.1,0.358,0,0,1,2
0.471,0.1,0.361,0,0,1,2
0.471,0.1,0.364,0,0,1,2
0.471,0.1,0.367,0,0,1,2
0.471,0.1,0.37,0,0,1,2
0.471,0.1,0.373,0,0,1,2
0.471,0.1,0.376,0,0,1,2
0.471,0.1,0.379,0,0,1,2
0.471,0.1,0.382,0,0,1,2
0.471,0.1,0.385,0,0,1,2
0.471,0.1,0.388,0,0,1,2
0.471,0.1,0.391,0,0,1,2
0.471,0.1,0.394,0,0,1,2
0.471,0.1,0.397,0,0,1,2
0.471,0.1,0.4,0,0,1,2
0.471,0.1,0.403,0,0,1,2
0.471,0.1,0.406,0,0,1,2
0.471,0.1,0.409,0,0,1,2
0.471,0.1,0.412,0,0,1,2
0.471,0.1,0.415,0,0,1,2
0.471,0.1,0.418,0,0,1,2
0.471,0.1,0.420999,0,0,1,2
0.471,0.1,0.423999,0,0,1,2
0.471,0.1,0.426999,0,0,1,2
0.471,0.1,0.429999,0,0,1,2
0.471,0.1,0.432999,0,0,1,2
0.471,0.1,0.435999,0,0,1,2
0.471,0.1,0.438999,0,0,1,2
0.471,0.1,0.441999,0,0,1,2
0.471,0.1,0.444999,0,0,1,2
0.471,0.1,0.447999,0,0,1,2
0.471,0.1,0.450999,0,0,1,2
0.474,0.1,0.25,0,0,1,2
0.474,0.1,0.253,0,0,1,2
0.474,0.1,0.256,0,0,1,2
0.474,0.1,0.259,0,0,1,2
0.474,0.1,0.262,0,0,1,2
0.474,0.1,0.265,0,0,1,2
0.474,0.1,0.268,0,0,1,2
0.474,0.1,0.271,0,0,1,2
0.474,0.1,0.274,0,0,1,2
0.474,0.1,0.277,0,0,1,2
0.474,0.1,0.28,0,0,1,2
0.474,0.1,0.283,0,0,1,2
0.474,0.1,0.286,0,0,1,2
0.474,0.1,0.289,0,0,1,2
0.474,0.1,0.292,0,0,1,2
0.474,0.1,0.295,0,0,1,2
0.474,0.1,0.298,0,0,1,2
0.474,0.1,0.301,0,0,1,2
0.474,0.1,0.304,0,0,1,2
0.474,0.1,0.307,0,0,1,2
0.474,0.1,0.31,0,0,1,2
0.474,0.1,0.313,0,0,1,2
0.474,0.1,0.316,0,0,1,2
0.474,0.1,0.319,0,0,1,2
0.474,0.1,0.322,0,0,1,2
0.474,0.1,0.325,0,0,1,2
0.474,0.1,0.328,0,0,1,2
0.474,0.1,0.331,0,0,1,2
0.474,0.1,0.334,0,0,1,2
0.474,0.1,0.337,0,0,1,2
0.474,0.1,0.34,0,0,1,2
0.474,0.1,0.343,0,0,1,2
0.474,0.1,0.346,0,0,1,2
0.474,0.1,0.349,0,0,1,2
0.474,0.1,0.352,0,0,1,2
0.474,0.1,0.355,0,0,1,2
0.474,0.1,0.358,0,0,1,2
0.474,0.1,0.361,0,0,1,2
0.474,0.1,0.364,0,0,1,2
0.474,0.1,0.367,0,0,1,2
0.474,0.1,0.37,0,0,1,2
0.474,0.1,0.373,0,0,1,2
0.474,0.1,0.376,0,0,1,2
0.474,0.1,0.379,0,0,1,2
0.474,0.1,0.382,0,0,1,2
0.474,0.1,0.385,0,0,1,2
0.474,0.1,0.388,0,0,1,2
0.474,0.1,0.391,0,0,1,2
0.474,0.1,0.394,0,0,1,2
0.474,0.1,0.397,0,0,1,2
0.474,0.1,0.4,0,0,1,2
0.474,0.1,0.403,0,0,1,2
0.474,0.1,0.406,0,0,1,2
0.474,0.1,0.409,0,0,1,2
0.474,0.1,0.412,0,0,1,2
0.474,0.1,0.415,0,0,1,2
0.474,0.1,0.418,0,0,1,2
0.474,0.1,0.420999,0,0,1,2
0.474,0.1,0.423999,0,0,1,2
0.474,0.1,0.426999,0,0,1,2
0.474,0.1,0.429999,0,0,1,2
0.474,0.1,0.432999,0,0,1,2
0.474,0.1,0.435999,0,0,1,2
0.474,0.1,0.438999,0,0,1,2
0.474,0.1,0.441999,0,0,1,2
0.474,0.1,0.444999,0,0,1,2
0.474,0.1,0.447999,0,0,1,2
0.474,0.1,0.450999,0,0,1,2
0.477,0.1,0.25,0,0,1,2
0.477,0.1,0.253,0,0,1,2
0.477,0.1,0.256,0,0,1,2
0.477,0.1,0.259,0,0,1,2
0.477,0.1,0.262,0,0,1,2
0.477,0.1,0.265,0,0,1,2
0.477,0.1,0.268,0,0,1,2
0.477,0.1,0.271,0,0,1,2
0.477,0.1,0.274,0,0,1,2
0.477,0.1,0.277,0,0,1,2
0.477,0.1,0.28,0,0,1,2
0.477,0.1,0.283,0,0,1,2
0.477,0.1,0.286,0,0,1,2
0.477,0.1,0.289,0,0,1,2
0.477,0.1,0.292,0,0,1,2
0.477,0.1,0.295,0,0,1,2
0.477,0.1,0.298,0,0,1,2
0.477,0.1,0.301,0,0,1,2
0.477,0.1,0.304,0,0,1,2
0.477,0.1,0.307,0,0,1,2
0.477,0.1,0.31,0,0,1,2
0.477,0.1,0.313,0,0,1,2
0.477,0.1,0.316,0,0,1,2
0.477,0.1,0.319,0,0,1,2
0.477,0.1,0.322,0,0,1,2
0.477,0.1,0.325,0,0,1,2
0.477,0.1,0.328,0,0,1,2
0.477,0.1,0.331,0,0,1,2
0.477,0.1,0.334,0,0,1,2
0.477,0.1,0.337,0,0,1,2
0.477,0.1,0.34,0,0,1,2
0.477,0.1,0.343,0,0,1,2
0.477,0.1,0.346,0,0,1,2
0.477,0.1,0.349,0,0,1,2
0.477,0.1,0.352,0,0,1,2
0.477,0.1,0.355,0,0,1,2
0.477,0.1,0.358,0,0,1,2
0.477,0.1,0.361,0,0,1,2
0.477,0.1,0.364,0,0,1,2
0.477,0.1,0.367,0,0,1,2
0.477,0.1,0.37,0,0,1,2
0.477,0.1,0.373,0,0,1,2
0.477,0.1,0.376,0,0,1,2
0.477,0.1,0.379,0,0,1,2
0.477,0.1,0.382,0,0,1,2
0.477,0.1,0.385,0,0,1,2
0.477,0.1,0.388,0,0,1,2
0.477,0.1,0.391,0,0,1,2
0.477,0.1,0.394,0,0,1,2
0.477,0.1,0.397,0,0,1,2
0.477,0.1,0.4,0,0,1,2
0.477,0.1,0.403,0,0,1,2
0.477,0.1,0.406,0,0,1,2
0.477,0.1,0.409,0,0,1,2
0.477,0.1,0.412,0,0,1,2
0.477,0.1,0.415,0,0,1,2
0.477,0.1,0.418,0,0,1,2
0.477,0.1,0.420999,0,0,1,2
0.477,0.1,0.423999,0,0,1,2
0.477,0.1,0.426999,0,0,1,2
0.477,0.1,0.429999,0,0,1,2
0.477,0.1,0.432999,0,0,1,2
0.477,0.1,0.435999,0,0,1,2
0.477,0.1,0.438999,0,0,1,2
0.477,0.1,0.441999,0,0,1,2
0.477,0.1,0.444999,0,0,1,2
0.477,0.1,0.447999,0,0,1,2
0.477,0.1,0.450999,0,0,1,2
0.48,0.1,0.25,0,0,1,2
0.48,0.1,0.253,0,0,1,2
0.48,0.1,0.256,0,0,1,2
0.48,0.1,0.259,0,0,1,2
0.48,0.1,0.262,0,0,1,2
0.48,0.1,0.265,0,0,1,2
0.48,0.1,0.268,0,0,1,2
0.48,0.1,0.271,0,0,1,2
0.48,0.1,0.274,0,0,1,2
0.48,0.1,0.277,0,0,1,2
0.48,0.1,0.28,0,0,1,2
0.48,0.1,0.283,0,0,1,2
0.48,0.1,0.286,0,0,1,2
0.48,0.1,0.289,0,0,1,2
0.48,0.1,0.292,0,0,1,2
0.48,0.1,0.295,0,0,1,2
0.48,0.1,0.298,0,0,1,2
0.48,0.1,0.301,0,0,1,2
0.48,0.1,0.304,0,0,1,2
0.48,0.1,0.307,0,0,1,2
0.48,0.1,0.31,0,0,1,2
0.48,0.1,0.313,0,0,1,2
0.48,0.1,0.316,0,0,1,2
0.48,0.1,0.319,0,0,1,2
0.48,0.1,0.322,0,0,1,2
0.48,0.1,0.325,0,0,1,2
0.48,0.1,0.328,0,0,1,2
0.48,0.1,0.331,0,0,1,2
0.48,0.1,0.334,0,0,1,2
0.48,0.1,0.337,0,0,1,2
0.48,0.1,0.34,0,0,1,2
0.48,0.1,0.343,0,0,1,2
0.48,0.1,0.346,0,0,1,2
0.48,0.1,0.349,0,0,1,2
0.48,0.1,0.352,0,0,1,2
0.48,0.1,0.355,0,0,1,2
0.48,0.1,0.358,0,0,1,2
0.48,0.1,0.361,0,0,1,2
0.48,0.1,0.364,0,0,1,2
0.48,0.1,0.367,0,0,1,2
0.48,0.1,0.37,0,0,1,2
0.48,0.1,0.373,0,0,1,2
0.48,0.1,0.376,0,0,1,2
0.48,0.1,0.379,0,0,1,2
0.48,0.1,0.382,0,0,1,2
0.48,0.1,0.385,0,0,1,2
0.48,0.1,0.388,0,0,1,2
0.48,0.1,0.391,0,0,1,2
0.48,0.1,0.394,0,0,1,2
0.48,0.1,0.397,0,0,1,2
0.48,0.1,0.4,0,0,1,2
0.48,0.1,0.403,0,0,1,2
0.48,0.1,0.406,0,0,1,2
0.48,0.1,0.409,0,0,1,2
0.48,0.1,0.412,0,0,1,2
0.48,0.1,0.415,0,0,1,2
0.48,0.1,0.418,0,0,1,2
0.48,0.1,0.420999,0,0,1,2
0.48,0.1,0.423999,0,0,1,2
0.48,0.1,0.426999,0,0,1,2
0.48,0.1,0.429999,0,0,1,2
0.48,0.1,0.432999,0,0,1,2
0.48,0.1,0.435999,0,0,1,2
0.48,0.1,0.438999,0,0,1,2
0.48,0.1,0.441999,0,0,1,2
0.48,0.1,0.444999,0,0,1,2
0.48,0.1,0.447999,0,0,1,2
0.48,0.1,0.450999,0,0,1,2
0.483,0.1,0.25,0,0,1,2
0.483,0.1,0.253,0,0,1,2
0.483,0.1,0.256,0,0,1,2
0.483,0.1,0.259,0,0,1,2
0.483,0.1,0.262,0,0,1,2
0.483,0.1,0.265,0,0,1,2
0.483,0.1,0.268,0,0,1,2
0.483,0.1,0.271,0,0,1,2
0.483,0.1,0.274,0,0,1,2
0.483,0.1,0.277,0,0,1,2
0.483,0.1,0.28,0,0,1,2
0.483,0.1,0.283,0,0,1,2
0.483,0.1,0.286,0,0,1,2
0.483,0.1,0.289,0,0,1,2
0.483,0.1,0.292,0,0,1,2
0.483,0.1,0.295,0,0,1,2
0.483,0.1,0.298,0,0,1,2
0.483,0.1,0.301,0,0,1,2
0.483,0.1,0.304,0,0,1,2
0.483,0.1,0.307,0,0,1,2
0.483,0.1,0.31,0,0,1,2
0.483,0.1,0.313,0,0,1,2
0.483,0.1,0.316,0,0,1,2
0.483,0.1,0.319,0,0,1,2
0.483,0.1,0.322,0,0,1,2
0.483,0.1,0.325,0,0,1,2
0.483,0.1,0.328,0,0,1,2
0.483,0.1,0.331,0,0,1,2
0.483,0.1,0.334,0,0,1,2
0.483,0.1,0.337,0,0,1,2
0.483,0.1,0.34,0,0,1,2
0.483,0.1,0.343,0,0,1,2
0.483,0.1,0.346,0,0,1,2
0.483,0.1,0.349,0,0,1,2
0.483,0.1,0.352,0,0,1,2
0.483,0.1,0.355,0,0,1,2
0.483,0.1,0.358,0,0,1,2
0.483,0.1,0.361,0,0,1,2
0.483,0.1,0.364,0,0,1,2
0.483,0.1,0.367,0,0,1,2
0.483,0.1,0.37,0,0,1,2
0.483,0.1,0.373,0,0,1,2
0.483,0.1,0.376,0,0,1,2
0.483,0.1,0.379,0,0,1,2
0.483,0.1,0.382,0,0,1,2
0.483,0.1,0.385,0,0,1,2
0.483,0.1,0.388,0,0,1,2
0.483,0.1,0.391,0,0,1,2
0.483,0.1,0.394,0,0,1,2
0.483,0.1,0.397,0,0,1,2
0.483,0.1,0.4,0,0,1,2
0.483,0.1,0.403,0,0,1,2
0.483,0.1,0.406,0,0,1,2
0.483,0.1,0.409,0,0,1,2
0.483,0.1,0.412,0,0,1,2
0.483,0.1,0.415,0,0,1,2
0.483,0.1,0.418,0,0,1,2
0.483,0.1,0.420999,0,0,1,2
0.483,0.1,0.423999,0,0,1,2
0.483,0.1,0.426999,0,0,1,2
0.483,0.1,0.429999,0,0,1,2
0.483,0.1,0.432999,0,0,1,2
0.483,0.1,0.435999,0,0,1,2
0.483,0.1,0.438999,0,0,1,2
0.483,0.1,0.441999,0,0,1,2
0.483,0.1,0.444999,0,0,1,2
0.483,0.1,0.447999,0,0,1,2
0.483,0.1,0.450999,0,0,1,2
0.486,0.1,0.25,0,0,1,2
0.486,0.1,0.253,0,0,1,2
0.486,0.1,0.256,0,0,1,2
0.486,0.1,0.259,0,0,1,2
0.486,0.1,0.262,0,0,1,2
0.486,0.1,0.265,0,0,1,2
0.486,0.1,0.268,0,0,1,2
0.486,0.1,0.271,0,0,1,2
0.486,0.1,0.274,0,0,1,2
0.486,0.1,0.277,0,0,1,2
0.486,0.1,0.28,0,0,1,2
0.486,0.1,0.283,0,0,1,2
0.486,0.1,0.286,0,0,1,2
0.486,0.1,0.289,0,0,1,2
0.486,0.1,0.292,0,0,1,2
0.486,0.1,0.295,0,0,1,2
0.486,0.1,0.298,0,0,1,2
0.486,0.1,0.301,0,0,1,2
0.486,0.1,0.304,0,0,1,2
0.486,0.1,0.307,0,0,1,2
0.486,0.1,0.31,0,0,1,2
0.486,0.1,0.313,0,0,1,2
0.486,0.1,0.316,0,0,1,2
0.486,0.1,0.319,0,0,1,2
0.486,0.1,0.322,0,0,1,2
0.486,0.1,0.325,0,0,1,2
0.486,0.1,0.328,0,0,1,2
0.486,0.1,0.331,0,0,1,2
0.486,0.1,0.334,0,0,1,2
0.486,0.1,0.337,0,0,1,2
0.486,0.1,0.34,0,0,1,2
0.486,0.1,0.343,0,0,1,2
0.486,0.1,0.346,0,0,1,2
0.486,0.1,0.349,0,0,1,2
0.486,0.1,0.352,0,0,1,2
0.486,0.1,0.355,0,0,1,2
0.486,0.1,0.358,0,0,1,2
0.486,0.1,0.361,0,0,1,2
0.486,0.1,0.364,0,0,1,2
0.486,0.1,0.367,0,0,1,2
0.486,0.1,0.37,0,0,1,2
0.486,0.1,0.373,0,0,1,2
0.486,0.1,0.376,0,0,1,2
0.486,0.1,0.379,0,0,1,2
0.486,0.1,0.382,0,0,1,2
0.486,0.1,0.385,0,0,1,2
0.486,0.1,0.388,0,0,1,2
0.486,0.1,0.391,0,0,1,2
0.486,0.1,0.394,0,0,1,2
0.486,0.1,0.397,0,0,1,2
0.486,0.1,0.4,0,0,1,2
0.486,0.1,0.403,0,0,1,2
0.486,0.1,0.406,0,0,1,2
0.486,0.1,0.409,0,0,1,2
0.486,0.1,0.412,0,0,1,2
0.486,0.1,0.415,0,0,1,2
0.486,0.1,0.418,0,0,1,2
0.486,0.1,0.420999,0,0,1,2
0.486,0.1,0.423999,0,0,1,2
0.486,0.1,0.426999,0,0,1,2
0.486,0.1,0.429999,0,0,1,2
0.486,0.1,0.432999,0,0,1,2
0.486,0.1,0.435999,0,0,1,2
0.486,0.1,0.438999,0,0,1,2
0.486,0.1,0.441999,0,0,1,2
0.486,0.1,0.444999,0,0,1,2
0.486,0.1,0.447999,0,0,1,2
0.486,0.1,0.450999,0,0,1,2
0.489,0.1,0.25,0,0,1,2
0.489,0.1,0.253,0,0,1,2
0.489,0.1,0.256,0,0,1,2
0.489,0.1,0.259,0,0,1,2
0.489,0.1,0.262,0,0,1,2
0.489,0.1,0.265,0,0,1,2
0.489,0.1,0.268,0,0,1,2
0.489,0.1,0.271,0,0,1,2
0.489,0.1,0.274,0,0,1,2
0.489,0.1,0.277,0,0,1,2
0.489,0.1,0.28,0,0,1,2
0.489,0.1,0.283,0,0,1,2
0.489,0.1,0.286,0,0,1,2
0.489,0.1,0.289,0,0,1,2
0.489,0.1,0.292,0,0,1,2
0.489,0.1,0.295,0,0,1,2
0.489,0.1,0.298,0,0,1,2
0.489,0.1,0.301,0,0,1,2
0.489,0.1,0.304,0,0,1,2
0.489,0.1,0.307,0,0,1,2
0.489,0.1,0.31,0,0,1,2
0.489,0.1,0.313,0,0,1,2
0.489,0.1,0.316,0,0,1,2
0.489,0.1,0.319,0,0,1,2
0.489,0.1,0.322,0,0,1,2
0.489,0.1,0.325,0,0,1,2
0.489,0.1,0.328,0,0,1,2
0.489,0.1,0.331,0,0,1,2
0.489,0.1,0.334,0,0,1,2
0.489,0.1,0.337,0,0,1,2
0.489,0.1,0.34,0,0,1,2
0.489,0.1,0.343,0,0,1,2
0.489,0.1,0.346,0,0,1,2
0.489,0.1,0.349,0,0,1,2
0.489,0.1,0.352,0,0,1,2
0.489,0.1,0.355,0,0,1,2
0.489,0.1,0.358,0,0,1,2
0.489,0.1,0.361,0,0,1,2
0.489,0.1,0.364,0,0,1,2
0.489,0.1,0.367,0,0,1,2
0.489,0.1,0.37,0,0,1,2
0.489,0.1,0.373,0,0,1,2
0.489,0.1,0.376,0,0,1,2
0.489,0.1,0.379,0,0,1,2
0.489,0.1,0.382,0,0,1,2
0.489,0.1,0.385,0,0,1,2
0.489,0.1,0.388,0,0,1,2
0.489,0.1,0.391,0,0,1,2
0.489,0.1,0.394,0,0,1,2
0.489,0.1,0.397,0,0,1,2
0.489,0.1,0.4,0,0,1,2
0.489,0.1,0.403,0,0,1,2
0.489,0.1,0.406,0,0,1,2
0.489,0.1,0.409,0,0,1,2
0.489,0.1,0.412,0,0,1,2
0.489,0.1,0.415,0,0,1,2
0.489,0.1,0.418,0,0,1,2
0.489,0.1,0.420999,0,0,1,2
0.489,0.1,0.423999,0,0,1,2
0.489,0.1,0.426999,0,0,1,2
0.489,0.1,0.429999,0,0,1,2
0.489,0.1,0.432999,0,0,1,2
0.489,0.1,0.435999,0,0,1,2
0.489,0.1,0.438999,0,0,1,2
0.489,0.1,0.441999,0,0,1,2
0.489,0.1,0.444999,0,0,1,2
0.489,0.1,0.447999,0,0,1,2
0.489,0.1,0.450999,0,0,1,2
0.492,0.1,0.25,0,0,1,2
0.492,0.1,0.253,0,0,1,2
0.492,0.1,0.256,0,0,1,2
0.492,0.1,0.259,0,0,1,2
0.492,0.1,0.262,0,0,1,2
0.492,0.1,0.265,0,0,1,2
0.492,0.1,0.268,0,0,1,2
0.492,0.1,0.271,0,0,1,2
0.492,0.1,0.274,0,0,1,2
0.492,0.1,0.277,0,0,1,2
0.492,0.1,0.28,0,0,1,2
0.492,0.1,0.283,0,0,1,2
0.492,0.1,0.286,0,0,1,2
0.492,0.1,0.289,0,0,1,2
0.492,0.1,0.292,0,0,1,2
0.492,0.1,0.295,0,0,1,2
0.492,0.1,0.298,0,0,1,2
0.492,0.1,0.301,0,0,1,2
0.492,0.1,0.304,0,0,1,2
0.492,0.1,0.307,0,0,1,2
0.492,0.1,0.31,0,0,1,2
0.492,0.1,0.313,0,0,1,2
0.492,0.1,0.316,0,0,1,2
0.492,0.1,0.319,0,0,1,2
0.492,0.1,0.322,0,0,1,2
0.492,0.1,0.325,0,0,1,2
0.492,0.1,0.328,0,0,1,2
0.492,0.1,0.331,0,0,1,2
0.492,0.1,0.334,0,0,1,2
0.492,0.1,0.337,0,0,1,2
0.492,0.1,0.34,0,0,1,2
0.492,0.1,0.343,0,0,1,2
0.492,0.1,0.346,0,0,1,2
0.492,0.1,0.349,0,0,1,2
0.492,0.1,0.352,0,0,1,2
0.492,0.1,0.355,0,0,1,2
0.492,0.1,0.358,0,0,1,2
0.492,0.1,0.361,0,0,1,2
0.492,0.1,0.364,0,0,1,2
0.492,0.1,0.367,0,0,1,2
0.492,0.1,0.37,0,0,1,2
0.492,0.1,0.373,0,0,1,2
0.492,0.1,0.376,0,0,1,2
0.492,0.1,0.379,0,0,1,2
0.492,0.1,0.382,0,0,1,2
0.492,0.1,0.385,0,0,1,2
0.492,0.1,0.388,0,0,1,2
0.492,0.1,0.391,0,0,1,2
0.492,0.1,0.394,0,0,1,2
0.492,0.1,0.397,0,0,1,2
0.492,0.1,0.4,0,0,1,2
0.492,0.1,0.403,0,0,1,2
0.492,0.1,0.406,0,0,1,2
0.492,0.1,0.409,0,0,1,2
0.492,0.1,0.412,0,0,1,2
0.492,0.1,0.415,0,0,1,2
0.492,0.1,0.418,0,0,1,2
0.492,0.1,0.420999,0,0,1,2
0.492,0.1,0.423999,0,0,1,2
0.492,0.1,0.426999,0,0,1,2
0.492,0.1,0.429999,0,0,1,2
0.492,0.1,0.432999,0,0,1,2
0.492,0.1,0.435999,0,0,1,2
0.492,0.1,0.438999,0,0,1,2
0.492,0.1,0.441999,0,0,1,2
0.492,0.1,0.444999,0,0,1,2
0.492,0.1,0.447999,0,0,1,2
0.492,0.1,0.450999,0,0,1,2
0.495,0.1,0.25,0,0,1,2
0.495,0.1,0.253,0,0,1,2
0.495,0.1,0.256,0,0,1,2
0.495,0.1,0.259,0,0,1,2
0.495,0.1,0.262,0,0,1,2
0.495,0.1,0.265,0,0,1,2
0.495,0.1,0.268,0,0,1,2
0.495,0.1,0.271,0,0,1,2
0.495,0.1,0.274,0,0,1,2
0.495,0.1,0.277,0,0,1,2
0.495,0.1,0.28,0,0,1,2
0.495,0.1,0.283,0,0,1,2
0.495,0.1,0.286,0,0,1,2
0.495,0.1,0.289,0,0,1,2
0.495,0.1,0.292,0,0,1,2
0.495,0.1,0.295,0,0,1,2
0.495,0.1,0.298,0,0,1,2
0.495,0.1,0.301,0,0,1,2
0.495,0.1,0.304,0,0,1,2
0.495,0.1,0.307,0,0,1,2
0.495,0.1,0.31,0,0,1,2
0.495,0.1,0.313,0,0,1,2
0.495,0.1,0.316,0,0,1,2
0.495,0.1,0.319,0,0,1,2
0.495,0.1,0.322,0,0,1,2
0.495,0.1,0.325,0,0,1,2
0.495,0.1,0.328,0,0,1,2
0.495,0.1,0.331,0,0,1,2
0.495,0.1,0.334,0,0,1,2
0.495,0.1,0.337,0,0,1,2
0.495,0.1,0.34,0,0,1,2
0.495,0.1,0.343,0,0,1,2
0.495,0.1,0.346,0,0,1,2
0.495,0.1,0.349,0,0,1,2
0.495,0.1,0.352,0,0,1,2
0.495,0.1,0.355,0,0,1,2
0.495,0.1,0.358,0,0,1,2
0.495,0.1,0.361,0,0,1,2
0.495,0.1,0.364,0,0,1,2
0.495,0.1,0.367,0,0,1,2
0.495,0.1,0.37,0,0,1,2
0.495,0.1,0.373,0,0,1,2
0.495,0.1,0.376,0,0,1,2
0.495,0.1,0.379,0,0,1,2
0.495,0.1,0.382,0,0,1,2
0.495,0.1,0.385,0,0,1,2
0.495,0.1,0.388,0,0,1,2
0.495,0.1,0.391,0,0,1,2
0.495,0.1,0.394,0,0,1,2
0.495,0.1,0.397,0,0,1,2
0.495,0.1,0.4,0,0,1,2
0.495,0.1,0.403,0,0,1,2
0.495,0.1,0.406,0,0,1,2
0.495,0.1,0.409,0,0,1,2
0.495,0.1,0.412,0,0,1,2
0.495,0.1,0.415,0,0,1,2
0.495,0.1,0.418,0,0,1,2
0.495,0.1,0.420999,0,0,1,2
0.495,0.1,0.423999,0,0,1,2
0.495,0.1,0.426999,0,0,1,2
0.495,0.1,0.429999,0,0,1,2
0.495,0.1,0.432999,0,0,1,2
0.495,0.1,0.435999,0,0,1,2
0.495,0.1,0.438999,0,0,1,2
0.495,0.1,0.441999,0,0,1,2
0.495,0.1,0.444999,0,0,1,2
0.495,0.1,0.447999,0,0,1,2
0.495,0.1,0.450999,0,0,1,2
0.498,0.1,0.25,0,0,1,2
0.498,0.1,0.253,0,0,1,2
0.498,0.1,0.256,0,0,1,2
0.498,0.1,0.259,0,0,1,2
0.498,0.1,0.262,0,0,1,2
0.498,0.1,0.265,0,0,1,2
0.498,0.1,0.268,0,0,1,2
0.498,0.1,0.271,0,0,1,2
0.498,0.1,0.274,0,0,1,2
0.498,0.1,0.277,0,0,1,2
0.498,0.1,0.28,0,0,1,2
0.498,0.1,0.283,0,0,1,2
0.498,0.1,0.286,0,0,1,2
0.498,0.1,0.289,0,0,1,2
0.498,0.1,0.292,0,0,1,2
0.498,0.1,0.295,0,0,1,2
0.498,0.1,0.298,0,0,1,2
0.498,0.1,0.301,0,0,1,2
0.498,0.1,0.304,0,0,1,2
0.498,0.1,0.307,0,0,1,2
0.498,0.1,0.31,0,0,1,2
0.498,0.1,0.313,0,0,1,2
0.498,0.1,0.316,0,0,1,2
0.498,0.1,0.319,0,0,1,2
0.498,0.1,0.322,0,0,1,2
0.498,0.1,0.325,0,0,1,2
0.498,0.1,0.328,0,0,1,2
0.498,0.1,0.331,0,0,1,2
0.498,0.1,0.334,0,0,1,2
0.498,0.1,0.337,0,0,1,2
0.498,0.1,0.34,0,0,1,2
0.498,0.1,0.343,0,0,1,2
0.498,0.1,0.346,0,0,1,2
0.498,0.1,0.349,0,0,1,2
0.498,0.1,0.352,0,0,1,2
0.498,0.1,0.355,0,0,1,2
0.498,0.1,0.358,0,0,1,2
0.498,0.1,0.361,0,0,1,2
0.498,0.1,0.364,0,0,1,2
0.498,0.1,0.367,0,0,1,2
0.498,0.1,0.37,0,0,1,2
0.498,0.1,0.373,0,0,1,2
0.498,0.1,0.376,0,0,1,2
0.498,0.1,0.379,0,0,1,2
0.498,0.1,0.382,0,0,1,2
0.498,0.1,0.385,0,0,1,2
0.498,0.1,0.388,0,0,1,2
0.498,0.1,0.391,0,0,1,2
0.498,0.1,0.394,0,0,1,2
0.498,0.1,0.397,0,0,1,2
0.498,0.1,0.4,0,0,1,2
0.498,0.1,0.403,0,0,1,2
0.498,0.1,0.406,0,0,1,2
0.498,0.1,0.409,0,0,1,2
0.498,0.1,0.412,0,0,1,2
0.498,0.1,0.415,0,0,1,2
0.498,0.1,0.418,0,0,1,2
0.498,0.1,0.420999,0,0,1,2
0.498,0.1,0.423999,0,0,1,2
0.498,0.1,0.426999,0,0,1,2
0.498,0.1,0.429999,0,0,1,2
0.498,0.1,0.432999,0,0,1,2
0.498,0.1,0.435999,0,0,1,2
0.498,0.1,0.438999,0,0,1,2
0.498,0.1,0.441999,0,0,1,2
0.498,0.1,0.444999,0,0,1,2
0.498,0.1,0.447999,0,0,1,2
0.498,0.1,0.450999,0,0,1,2
0.501,0.1,0.25,0,0,1,2
0.501,0.1,0.253,0,0,1,2
0.501,0.1,0.256,0,0,1,2
0.501,0.1,0.259,0,0,1,2
0.501,0.1,0.262,0,0,1,2
0.501,0.1,0.265,0,0,1,2
0.501,0.1,0.268,0,0,1,2
0.501,0.1,0.271,0,0,1,2
0.501,0.1,0.274,0,0,1,2
0.501,0.1,0.277,0,0,1,2
0.501,0.1,0.28,0,0,1,2
0.501,0.1,0.283,0,0,1,2
0.501,0.1,0.286,0,0,1,2
0.501,0.1,0.289,0,0,1,2
0.501,0.1,0.292,0,0,1,2
0.501,0.1,0.295,0,0,1,2
0.501,0.1,0.298,0,0,1,2
0.501,0.1,0.301,0,0,1,2
0.501,0.1,0.304,0,0,1,2
0.501,0.1,0.307,0,0,1,2
0.501,0.1,0.31,0,0,1,2
0.501,0.1,0.313,0,0,1,2
0.501,0.1,0.316,0,0,1,2
0.501,0.1,0.319,0,0,1,2
0.501,0.1,0.322,0,0,1,2
0.501,0.1,0.325,0,0,1,2
0.501,0.1,0.328,0,0,1,2
0.501,0.1,0.331,0,0,1,2
0.501,0.1,0.334,0,0,1,2
0.501,0.1,0.337,0,0,1,2
0.501,0.1,0.34,0,0,1,2
0.501,0.1,0.343,0,0,1,2
0.501,0.1,0.346,0,0,1,2
0.501,0.1,0.349,0,0,1,2
0.501,0.1,0.352,0,0,1,2
0.501,0.1,0.355,0,0,1,2
0.501,0.1,0.358,0,0,1,2
0.501,0.1,0.361,0,0,1,2
0.501,0.1,0.364,0,0,1,2
0.501,0.1,0.367,0,0,1,2
0.501,0.1,0.37,0,0,1,2
0.501,0.1,0.373,0,0,1,2
0.501,0.1,0.376,0,0,1,2
0.501,0.1,0.379,0,0,1,2
0.501,0.1,0.382,0,0,1,2
0.501,0.1,0.385,0,0,1,2
0.501,0.1,0.388,0,0,1,2
0.501,0.1,0.391,0,0,1,2
0.501,0.1,0.394,0,0,1,2
0.501,0.1,0.397,0,0,1,2
0.501,0.1,0.4,0,0,1,2
0.501,0.1,0.403,0,0,1,2
0.501,0.1,0.406,0,0,1,2
0.501,0.1,0.409,0,0,1,2
0.501,0.1,0.412,0,0,1,2
0.501,0.1,0.415,0,0,1,2
0.501,0.1,0.418,0,0,1,2
0.501,0.1,0.420999,0,0,1,2
0.501,0.1,0.423999,0,0,1,2
0.501,0.1,0.426999,0,0,1,2
0.501,0.1,0.429999,0,0,1,2
0.501,0.1,0.432999,0,0,1,2
0.501,0.1,0.435999,0,0,1,2
0.501,0.1,0.438999,0,0,1,2
0.501,0.1,0.441999,0,0,1,2
0.501,0.1,0.444999,0,0,1,2
0.501,0.1,0.447999,0,0,1,2
0.501,0.1,0.450999,0,0,1,2
0.504,0.1,0.25,0,0,1,2
0.504,0.1,0.253,0,0,1,2
0.504,0.1,0.256,0,0,1,2
0.504,0.1,0.259,0,0,1,2
0.504,0.1,0.262,0,0,1,2
0.504,0.1,0.265,0,0,1,2
0.504,0.1,0.268,0,0,1,2
0.504,0.1,0.271,0,0,1,2
0.504,0.1,0.274,0,0,1,2
0.504,0.1,0.277,0,0,1,2
0.504,0.1,0.28,0,0,1,2
0.504,0.1,0.283,0,0,1,2
0.504,0.1,0.286,0,0,1,2
0.504,0.1,0.289,0,0,1,2
0.504,0.1,0.292,0,0,1,2
0.504,0.1,0.295,0,0,1,2
0.504,0.1,0.298,0,0,1,2
0.504,0.1,0.301,0,0,1,2
0.504,0.1,0.304,0,0,1,2
0.504,0.1,0.307,0,0,1,2
0.504,0.1,0.31,0,0,1,2
0.504,0.1,0.313,0,0,1,2
0.504,0.1,0.316,0,0,1,2
0.504,0.1,0.319,0,0,1,2
0.504,0.1,0.322,0,0,1,2
0.504,0.1,0.325,0,0,1,2
0.504,0.1,0.328,0,0,1,2
0.504,0.1,0.331,0,0,1,2
0.504,0.1,0.334,0,0,1,2
0.504,0.1,0.337,0,0,1,2
0.504,0.1,0.34,0,0,1,2
0.504,0.1,0.343,0,0,1,2
0.504,0.1,0.346,0,0,1,2
0.504,0.1,0.349,0,0,1,2
0.504,0.1,0.352,0,0,1,2
0.504,0.1,0.355,0,0,1,2
0.504,0.1,0.358,0,0,1,2
0.504,0.1,0.361,0,0,1,2
0.504,0.1,0.364,0,0,1,2
0.504,0.1,0.367,0,0,1,2
0.504,0.1,0.37,0,0,1,2
0.504,0.1,0.373,0,0,1,2
0.504,0.1,0.376,0,0,1,2
0.504,0.1,0.379,0,0,1,2
0.504,0.1,0.382,0,0,1,2
0.504,0.1,0.385,0,0,1,2
0.504,0.1,0.388,0,0,1,2
0.504,0.1,0.391,0,0,1,2
0.504,0.1,0.394,0,0,1,2
0.504,0.1,0.397,0,0,1,2
0.504,0.1,0.4,0,0,1,2
0.504,0.1,0.403,0,0,1,2
0.504,0.1,0.406,0,0,1,2
0.504,0.1,0.409,0,0,1,2
0.504,0.1,0.412,0,0,1,2
0.504,0.1,0.415,0,0,1,2
0.504,0.1,0.418,0,0,1,2
0.504,0.1,0.420999,0,0,1,2
0.504,0.1,0.423999,0,0,1,2
0.504,0.1,0.426999,0,0,1,2
0.504,0.1,0.429999,0,0,1,2
0.504,0.1,0.432999,0,0,1,2
0.504,0.1,0.435999,0,0,1,2
0.504,0.1,0.438999,0,0,1,2
0.504,0.1,0.441999,0,0,1,2
0.504,0.1,0.444999,0,0,1,2
0.504,0.1,0.447999,0,0,1,2
0.504,0.1,0.450999,0,0,1,2
0.507,0.1,0.25,0,0,1,2
0.507,0.1,0.253,0,0,1,2
0.507,0.1,0.256,0,0,1,2
0.507,0.1,0.259,0,0,1,2
0.507,0.1,0.262,0,0,1,2
0.507,0.1,0.265,0,0,1,2
0.507,0.1,0.268,0,0,1,2
0.507,0.1,0.271,0,0,1,2
0.507,0.1,0.274,0,0,1,2
0.507,0.1,0.277,0,0,1,2
0.507,0.1,0.28,0,0,1,2
0.507,0.1,0.283,0,0,1,2
0.507,0.1,0.286,0,0,1,2
0.507,0.1,0.289,0,0,1,2
0.507,0.1,0.292,0,0,1,2
0.507,0.1,0.295,0,0,1,2
0.507,0.1,0.298,0,0,1,2
0.507,0.1,0.301,0,0,1,2
0.507,0.1,0.304,0,0,1,2
0.507,0.1,0.307,0,0,1,2
0.507,0.1,0.31,0,0,1,2
0.507,0.1,0.313,0,0,1,2
0.507,0.1,0.316,0,0,1,2
0.507,0.1,0.319,0,0,1,2
0.507,0.1,0.322,0,0,1,2
0.507,0.1,0.325,0,0,1,2
0.507,0.1,0.328,0,0,1,2
0.507,0.1,0.331,0,0,1,2
0.507,0.1,0.334,0,0,1,2
0.507,0.1,0.337,0,0,1,2
0.507,0.1,0.34,0,0,1,2
0.507,0.1,0.343,0,0,1,2
0.507,0.1,0.346,0,0,1,2
0.507,0.1,0.349,0,0,1,2
0.507,0.1,0.352,0,0,1,2
0.507,0.1,0.355,0,0,1,2
0.507,0.1,0.358,0,0,1,2
0.507,0.1,0.361,0,0,1,2
0.507,0.1,0.364,0,0,1,2
0.507,0.1,0.367,0,0,1,2
0.507,0.1,0.37,0,0,1,2
0.507,0.1,0.373,0,0,1,2
0.507,0.1,0.376,0,0,1,2
0.507,0.1,0.379,0,0,1,2
0.507,0.1,0.382,0,0,1,2
0.507,0.1,0.385,0,0,1,2
0.507,0.1,0.388,0,0,1,2
0.507,0.1,0.391,0,0,1,2
0.507,0.1,0.394,0,0,1,2
0.507,0.1,0.397,0,0,1,2
0.507,0.1,0.4,0,0,1,2
0.507,0.1,0.403,0,0,1,2
0.507,0.1,0.406,0,0,1,2
0.507,0.1,0.409,0,0,1,2
0.507,0.1,0.412,0,0,1,2
0.507,0.1,0.415,0,0,1,2
0.507,0.1,0.418,0,0,1,2
0.507,0.1,0.420999,0,0,1,2
0.507,0.1,0.423999,0,0,1,2
0.507,0.1,0.426999,0,0,1,2
0.507,0.1,0.429999,0,0,1,2
0.507,0.1,0.432999,0,0,1,2
0.507,0.1,0.435999,0,0,1,2
0.507,0.1,0.438999,0,0,1,2
0.507,0.1,0.441999,0,0,1,2
0.507,0.1,0.444999,0,0,1,2
0.507,0.1,0.447999,0,0,1,2
0.507,0.1,0.450999,0,0,1,2
0.51,0.1,0.25,0,0,1,2
0.51,0.1,0.253,0,0,1,2
0.51,0.1,0.256,0,0,1,2
0.51,0.1,0.259,0,0,1,2
0.51,0.1,0.262,0,0,1,2
0.51,0.1,0.265,0,0,1,2
0.51,0.1,0.268,0,0,1,2
0.51,0.1,0.271,0,0,1,2
0.51,0.1,0.274,0,0,1,2
0.51,0.1,0.277,0,0,1,2
0.51,0.1,0.28,0,0,1,2
0.51,0.1,0.283,0,0,1,2
0.51,0.1,0.286,0,0,1,2
0.51,0.1,0.289,0,0,1,2
0.51,0.1,0.292,0,0,1,2
0.51,0.1,0.295,0,0,1,2
0.51,0.1,0.298,0,0,1,2
0.51,0.1,0.301,0,0,1,2
0.51,0.1,0.304,0,0,1,2
0.51,0.1,0.307,0,0,1,2
0.51,0.1,0.31,0,0,1,2
0.51,0.1,0.313,0,0,1,2
0.51,0.1,0.316,0,0,1,2
0.51,0.1,0.319,0,0,1,2
0.51,0.1,0.322,0,0,1,2
0.51,0.1,0.325,0,0,1,2
0.51,0.1,0.328,0,0,1,2
0.51,0.1,0.331,0,0,1,2
0.51,0.1,0.334,0,0,1,2
0.51,0.1,0.337,0,0,1,2
0.51,0.1,0.34,0,0,1,2
0.51,0.1,0.343,0,0,1,2
0.51,0.1,0.346,0,0,1,2
0.51,0.1,0.349,0,0,1,2
0.51,0.1,0.352,0,0,1,2
0.51,0.1,0.355,0,0,1,2
0.51,0.1,0.358,0,0,1,2
0.51,0.1,0.361,0,0,1,2
0.51,0.1,0.364,0,0,1,2
0.51,0.1,0.367,0,0,1,2
0.51,0.1,0.37,0,0,1,2
0.51,0.1,0.373,0,0,1,2
0.51,0.1,0.376,0,0,1,2
0.51,0.1,0.379,0,0,1,2
0.51,0.1,0.382,0,0,1,2
0.51,0.1,0.385,0,0,1,2
0.51,0.1,0.388,0,0,1,2
0.51,0.1,0.391,0,0,1,2
0.51,0.1,0.394,0,0,1,2
0.51,0.1,0.397,0,0,1,2
0.51,0.1,0.4,0,0,1,2
0.51,0.1,0.403,0,0,1,2
0.51,0.1,0.406,0,0,1,2
0.51,0.1,0.409,0,0,1,2
0.51,0.1,0.412,0,0,1,2
0.51,0.1,0.415,0,0,1,2
0.51,0.1,0.418,0,0,1,2
0.51,0.1,0.420999,0,0,1,2
0.51,0.1,0.423999,0,0,1,2
0.51,0.1,0.426999,0,0,1,2
0.51,0.1,0.429999,0,0,1,2
0.51,0.1,0.432999,0,0,1,2
0.51,0.1,0.435999,0,0,1,2
0.51,0.1,0.438999,0,0,1,2
0.51,0.1,0.441999,0,0,1,2
0.51,0.1,0.444999,0,0,1,2
0.51,0.1,0.447999,0,0,1,2
0.51,0.1,0.450999,0,0,1,2
0.513,0.1,0.25,0,0,1,2
0.513,0.1,0.253,0,0,1,2
0.513,0.1,0.256,0,0,1,2
0.513,0.1,0.259,0,0,1,2
0.513,0.1,0.262,0,0,1,2
0.513,0.1,0.265,0,0,1,2
0.513,0.1,0.268,0,0,1,2
0.513,0.1,0.271,0,0,1,2
0.513,0.1,0.274,0,0,1,2
0.513,0.1,0.277,0,0,1,2
0.513,0.1,0.28,0,0,1,2
0.513,0.1,0.283,0,0,1,2
0.513,0.1,0.286,0,0,1,2
0.513,0.1,0.289,0,0,1,2
0.513,0.1,0.292,0,0,1,2
0.513,0.1,0.295,0,0,1,2
0.513,0.1,0.298,0,0,1,2
0.513,0.1,0.301,0,0,1,2
0.513,0.1,0.304,0,0,1,2
0.513,0.1,0.307,0,0,1,2
0.513,0.1,0.31,0,0,1,2
0.513,0.1,0.313,0,0,1,2
0.513,0.1,0.316,0,0,1,2
0.513,0.1,0.319,0,0,1,2
0.513,0.1,0.322,0,0,1,2
0.513,0.1,0.325,0,0,1,2
0.513,0.1,0.328,0,0,1,2
0.513,0.1,0.331,0,0,1,2
0.513,0.1,0.334,0,0,1,2
0.513,0.1,0.337,0,0,1,2
0.513,0.1,0.34,0,0,1,2
0.513,0.1,0.343,0,0,1,2
0.513,0.1,0.346,0,0,1,2
0.513,0.1,0.349,0,0,1,2
0.513,0.1,0.352,0,0,1,2
0.513,0.1,0.355,0,0,1,2
0.513,0.1,0.358,0,0,1,2
0.513,0.1,0.361,0,0,1,2
0.513,0.1,0.364,0,0,1,2
0.513,0.1,0.367,0,0,1,2
0.513,0.1,0.37,0,0,1,2
0.513,0.1,0.373,0,0,1,2
0.513,0.1,0.376,0,0,1,2
0.513,0.1,0.379,0,0,1,2
0.513,0.1,0.382,0,0,1,2
0.513,0.1,0.385,0,0,1,2
0.513,0.1,0.388,0,0,1,2
0.513,0.1,0.391,0,0,1,2
0.513,0.1,0.394,0,0,1,2
0.513,0.1,0.397,0,0,1,2
0.513,0.1,0.4,0,0,1,2
0.513,0.1,0.403,0,0,1,2
0.513,0.1,0.406,0,0,1,2
0.513,0.1,0.409,0,0,1,2
0.513,0.1,0.412,0,0,1,2
0.513,0.1,0.415,0,0,1,2
0.513,0.1,0.418,0,0,1,2
0.513,0.1,0.420999,0,0,1,2
0.513,0.1,0.423999,0,0,1,2
0.513,0.1,0.426999,0,0,1,2
0.513,0.1,0.429999,0,0,1,2
0.513,0.1,0.432999,0,0,1,2
0.513,0.1,0.435999,0,0,1,2
0.513,0.1,0.438999,0,0,1,2
0.513,0.1,0.441999,0,0,1,2
0.513,0.1,0.444999,0,0,1,2
0.513,0.1,0.447999,0,0,1,2
0.513,0.1,0.450999,0,0,1,2
0.516,0.1,0.25,0,0,1,2
0.516,0.1,0.253,0,0,1,2
0.516,0.1,0.256,0,0,1,2
0.516,0.1,0.259,0,0,1,2
0.516,0.1,0.262,0,0,1,2
0.516,0.1,0.265,0,0,1,2
0.516,0.1,0.268,0,0,1,2
0.516,0.1,0.271,0,0,1,2
0.516,0.1,0.274,0,0,1,2
0.516,0.1,0.277,0,0,1,2
0.516,0.1,0.28,0,0,1,2
0.516,0.1,0.283,0,0,1,2
0.516,0.1,0.286,0,0,1,2
0.516,0.1,0.289,0,0,1,2
0.516,0.1,0.292,0,0,1,2
0.516,0.1,0.295,0,0,1,2
0.516,0.1,0.298,0,0,1,2
0.516,0.1,0.301,0,0,1,2
0.516,0.1,0.304,0,0,1,2
0.516,0.1,0.307,0,0,1,2
0.516,0.1,0.31,0,0,1,2
0.516,0.1,0.313,0,0,1,2
0.516,0.1,0.316,0,0,1,2
0.516,0.1,0.319,0,0,1,2
0.516,0.1,0.322,0,0,1,2
0.516,0.1,0.325,0,0,1,2
0.516,0.1,0.328,0,0,1,2
0.516,0.1,0.331,0,0,1,2
0.516,0.1,0.334,0,0,1,2
0.516,0.1,0.337,0,0,1,2
0.516,0.1,0.34,0,0,1,2
0.516,0.1,0.343,0,0,1,2
0.516,0.1,0.346,0,0,1,2
0.516,0.1,0.349,0,0,1,2
0.516,0.1,0.352,0,0,1,2
0.516,0.1,0.355,0,0,1,2
0.516,0.1,0.358,0,0,1,2
0.516,0.1,0.361,0,0,1,2
0.516,0.1,0.364,0,0,1,2
0.516,0.1,0.367,0,0,1,2
0.516,0.1,0.37,0,0,1,2
0.516,0.1,0.373,0,0,1,2
0.516,0.1,0.376,0,0,1,2
0.516,0.1,0.379,0,0,1,2
0.516,0.1,0.382,0,0,1,2
0.516,0.1,0.385,0,0,1,2
0.516,0.1,0.388,0,0,1,2
0.516,0.1,0.391,0,0,1,2
0.516,0.1,0.394,0,0,1,2
0.516,0.1,0.397,0,0,1,2
0.516,0.1,0.4,0,0,1,2
0.516,0.1,0.403,0,0,1,2
0.516,0.1,0.406,0,0,1,2
0.516,0.1,0.409,0,0,1,2
0.516,0.1,0.412,0,0,1,2
0.516,0.1,0.415,0,0,1,2
0.516,0.1,0.418,0,0,1,2
0.516,0.1,0.420999,0,0,1,2
0.516,0.1,0.423999,0,0,1,2
0.516,0.1,0.426999,0,0,1,2
0.516,0.1,0.429999,0,0,1,2
0.516,0.1,0.432999,0,0,1,2
0.516,0.1,0.435999,0,0,1,2
0.516,0.1,0.438999,0,0,1,2
0.516,0.1,0.441999,0,0,1,2
0.516,0.1,0.444999,0,0,1,2
0.516,0.1,0.447999,0,0,1,2
0.516,0.1,0.450999,0,0,1,2
0.519,0.1,0.25,0,0,1,2
0.519,0.1,0.253,0,0,1,2
0.519,0.1,0.256,0,0,1,2
0.519,0.1,0.259,0,0,1,2
0.519,0.1,0.262,0,0,1,2
0.519,0.1,0.265,0,0,1,2
0.519,0.1,0.268,0,0,1,2
0.519,0.1,0.271,0,0,1,2
0.519,0.1,0.274,0,0,1,2
0.519,0.1,0.277,0,0,1,2
0.519,0.1,0.28,0,0,1,2
0.519,0.1,0.283,0,0,1,2
0.519,0.1,0.286,0,0,1,2
0.519,0.1,0.289,0,0,1,2
0.519,0.1,0.292,0,0,1,2
0.519,0.1,0.295,0,0,1,2
0.519,0.1,0.298,0,0,1,2
0.519,0.1,0.301,0,0,1,2
0.519,0.1,0.304,0,0,1,2
0.519,0.1,0.307,0,0,1,2
0.519,0.1,0.31,0,0,1,2
0.519,0.1,0.313,0,0,1,2
0.519,0.1,0.316,0,0,1,2
0.519,0.1,0.319,0,0,1,2
0.519,0.1,0.322,0,0,1,2
0.519,0.1,0.325,0,0,1,2
0.519,0.1,0.328,0,0,1,2
0.519,0.1,0.331,0,0,1,2
0.519,0.1,0.334,0,0,1,2
0.519,0.1,0.337,0,0,1,2
0.519,0.1,0.34,0,0,1,2
0.519,0.1,0.343,0,0,1,2
0.519,0.1,0.346,0,0,1,2
0.519,0.1,0.349,0,0,1,2
0.519,0.1,0.352,0,0,1,2
0.519,0.1,0.355,0,0,1,2
0.519,0.1,0.358,0,0,1,2
0.519,0.1,0.361,0,0,1,2
0.519,0.1,0.364,0,0,1,2
0.519,0.1,0.367,0,0,1,2
0.519,0.1,0.37,0,0,1,2
0.519,0.1,0.373,0,0,1,2
0.519,0.1,0.376,0,0,1,2
0.519,0.1,0.379,0,0,1,2
0.519,0.1,0.382,0,0,1,2
0.519,0.1,0.385,0,0,1,2
0.519,0.1,0.388,0,0,1,2
0.519,0.1,0.391,0,0,1,2
0.519,0.1,0.394,0,0,1,2
0.519,0.1,0.397,0,0,1,2
0.519,0.1,0.4,0,0,1,2
0.519,0.1,0.403,0,0,1,2
0.519,0.1,0.406,0,0,1,2
0.519,0.1,0.409,0,0,1,2
0.519,0.1,0.412,0,0,1,2
0.519,0.1,0.415,0,0,1,2
0.519,0.1,0.418,0,0,1,2
0.519,0.1,0.420999,0,0,1,2
0.519,0.1,0.423999,0,0,1,2
0.519,0.1,0.426999,0,0,1,2
0.519,0.1,0.429999,0,0,1,2
0.519,0.1,0.432999,0,0,1,2
0.519,0.1,0.435999,0,0,1,2
0.519,0.1,0.438999,0,0,1,2
0.519,0.1,0.441999,0,0,1,2
0.519,0.1,0.444999,0,0,1,2
0.519,0.1,0.447999,0,0,1,2
0.519,0.1,0.450999,0,0,1,2
0.522,0.1,0.25,0,0,1,2
0.522,0.1,0.253,0,0,1,2
0.522,0.1,0.256,0,0,1,2
0.522,0.1,0.259,0,0,1,2
0.522,0.1,0.262,0,0,1,2
0.522,0.1,0.265,0,0,1,2
0.522,0.1,0.268,0,0,1,2
0.522,0.1,0.271,0,0,1,2
0.522,0.1,0.274,0,0,1,2
0.522,0.1,0.277,0,0,1,2
0.522,0.1,0.28,0,0,1,2
0.522,0.1,0.283,0,0,1,2
0.522,0.1,0.286,0,0,1,2
0.522,0.1,0.289,0,0,1,2
0.522,0.1,0.292,0,0,1,2
0.522,0.1,0.295,0,0,1,2
0.522,0.1,0.298,0,0,1,2
0.522,0.1,0.301,0,0,1,2
0.522,0.1,0.304,0,0,1,2
0.522,0.1,0.307,0,0,1,2
0.522,0.1,0.31,0,0,1,2
0.522,0.1,0.313,0,0,1,2
0.522,0.1,0.316,0,0,1,2
0.522,0.1,0.319,0,0,1,2
0.522,0.1,0.322,0,0,1,2
0.522,0.1,0.325,0,0,1,2
0.522,0.1,0.328,0,0,1,2
0.522,0.1,0.331,0,0,1,2
0.522,0.1,0.334,0,0,1,2
0.522,0.1,0.337,0,0,1,2
0.522,0.1,0.34,0,0,1,2
0.522,0.1,0.343,0,0,1,2
0.522,0.1,0.346,0,0,1,2
0.522,0.1,0.349,0,0,1,2
0.522,0.1,0.352,0,0,1,2
0.522,0.1,0.355,0,0,1,2
0.522,0.1,0.358,0,0,1,2
0.522,0.1,0.361,0,0,1,2
0.522,0.1,0.364,0,0,1,2
0.522,0.1,0.367,0,0,1,2
0.522,0.1,0.37,0,0,1,2
0.522,0.1,0.373,0,0,1,2
0.522,0.1,0.376,0,0,1,2
0.522,0.1,0.379,0,0,1,2
0.522,0.1,0.382,0,0,1,2
0.522,0.1,0.385,0,0,1,2
0.522,0.1,0.388,0,0,1,2
0.522,0.1,0.391,0,0,1,2
0.522,0.1,0.394,0,0,1,2
0.522,0.1,0.397,0,0,1,2
0.522,0.1,0.4,0,0,1,2
0.522,0.1,0.403,0,0,1,2
0.522,0.1,0.406,0,0,1,2
0.522,0.1,0.409,0,0,1,2
0.522,0.1,0.412,0,0,1,2
0.522,0.1,0.415,0,0,1,2
0.522,0.1,0.418,0,0,1,2
0.522,0.1,0.420999,0,0,1,2
0.522,0.1,0.423999,0,0,1,2
0.522,0.1,0.426999,0,0,1,2
0.522,0.1,0.429999,0,0,1,2
0.522,0.1,0.432999,0,0,1,2
0.522,0.1,0.435999,0,0,1,2
0.522,0.1,0.438999,0,0,1,2
0.522,0.1,0.441999,0,0,1,2
0.522,0.1,0.444999,0,0,1,2
0.522,0.1,0.447999,0,0,1,2
0.522,0.1,0.450999,0,0,1,2
0.525,0.1,0.25,0,0,1,2
0.525,0.1,0.253,0,0,1,2
0.525,0.1,0.256,0,0,1,2
0.525,0.1,0.259,0,0,1,2
0.525,0.1,0.262,0,0,1,2
0.525,0.1,0.265,0,0,1,2
0.525,0.1,0.268,0,0,1,2
0.525,0.1,0.271,0,0,1,2
0.525,0.1,0.274,0,0,1,2
0.525,0.1,0.277,0,0,1,2
0.525,0.1,0.28,0,0,1,2
0.525,0.1,0.283,0,0,1,2
0.525,0.1,0.286,0,0,1,2
0.525,0.1,0.289,0,0,1,2
0.525,0.1,0.292,0,0,1,2
0.525,0.1,0.295,0,0,1,2
0.525,0.1,0.298,0,0,1,2
0.525,0.1,0.301,0,0,1,2
0.525,0.1,0.304,0,0,1,2
0.525,0.1,0.307,0,0,1,2
0.525,0.1,0.31,0,0,1,2
0.525,0.1,0.313,0,0,1,2
0.525,0.1,0.316,0,0,1,2
0.525,0.1,0.319,0,0,1,2
0.525,0.1,0.322,0,0,1,2
0.525,0.1,0.325,0,0,1,2
0.525,0.1,0.328,0,0,1,2
0.525,0.1,0.331,0,0,1,2
0.525,0.1,0.334,0,0,1,2
0.525,0.1,0.337,0,0,1,2
0.525,0.1,0.34,0,0,1,2
0.525,0.1,0.343,0,0,1,2
0.525,0.1,0.346,0,0,1,2
0.525,0.1,0.349,0,0,1,2
0.525,0.1,0.352,0,0,1,2
0.525,0.1,0.355,0,0,1,2
0.525,0.1,0.358,0,0,1,2
0.525,0.1,0.361,0,0,1,2
0.525,0.1,0.364,0,0,1,2
0.525,0.1,0.367,0,0,1,2
0.525,0.1,0.37,0,0,1,2
0.525,0.1,0.373,0,0,1,2
0.525,0.1,0.376,0,0,1,2
0.525,0.1,0.379,0,0,1,2
0.525,0.1,0.382,0,0,1,2
0.525,0.1,0.385,0,0,1,2
0.525,0.1,0.388,0,0,1,2
0.525,0.1,0.391,0,0,1,2
0.525,0.1,0.394,0,0,1,2
0.525,0.1,0.397,0,0,1,2
0.525,0.1,0.4,0,0,1,2
0.525,0.1,0.403,0,0,1,2
0.525,0.1,0.406,0,0,1,2
0.525,0.1,0.409,0,0,1,2
0.525,0.1,0.412,0,0,1,2
0.525,0.1,0.415,0,0,1,2
0.525,0.1,0.418,0,0,1,2
0.525,0.1,0.420999,0,0,1,2
0.525,0.1,0.423999,0,0,1,2
0.525,0.1,0.426999,0,0,1,2
0.525,0.1,0.429999,0,0,1,2
0.525,0.1,0.432999,0,0,1,2
0.525,0.1,0.435999,0,0,1,2
0.525,0.1,0.438999,0,0,1,2
0.525,0.1,0.441999,0,0,1,2
0.525,0.1,0.444999,0,0,1,2
0.525,0.1,0.447999,0,0,1,2
0.525,0.1,0.450999,0,0,1,2
0.528,0.1,0.25,0,0,1,2
0.528,0.1,0.253,0,0,1,2
0.528,0.1,0.256,0,0,1,2
0.528,0.1,0.259,0,0,1,2
0.528,0.1,0.262,0,0,1,2
0.528,0.1,0.265,0,0,1,2
0.528,0.1,0.268,0,0,1,2
0.528,0.1,0.271,0,0,1,2
0.528,0.1,0.274,0,0,1,2
0.528,0.1,0.277,0,0,1,2
0.528,0.1,0.28,0,0,1,2
0.528,0.1,0.283,0,0,1,2
0.528,0.1,0.286,0,0,1,2
0.528,0.1,0.289,0,0,1,2
0.528,0.1,0.292,0,0,1,2
0.528,0.1,0.295,0,0,1,2
0.528,0.1,0.298,0,0,1,2
0.528,0.1,0.301,0,0,1,2
0.528,0.1,0.304,0,0,1,2
0.528,0.1,0.307,0,0,1,2
0.528,0.1,0.31,0,0,1,2
0.528,0.1,0.313,0,0,1,2
0.528,0.1,0.316,0,0,1,2
0.528,0.1,0.319,0,0,1,2
0.528,0.1,0.322,0,0,1,2
0.528,0.1,0.325,0,0,1,2
0.528,0.1,0.328,0,0,1,2
0.528,0.1,0.331,0,0,1,2
0.528,0.1,0.334,0,0,1,2
0.528,0.1,0.337,0,0,1,2
0.528,0.1,0.34,0,0,1,2
0.528,0.1,0.343,0,0,1,2
0.528,0.1,0.346,0,0,1,2
0.528,0.1,0.349,0,0,1,2
0.528,0.1,0.352,0,0,1,2
0.528,0.1,0.355,0,0,1,2
0.528,0.1,0.358,0,0,1,2
0.528,0.1,0.361,0,0,1,2
0.528,0.1,0.364,0,0,1,2
0.528,0.1,0.367,0,0,1,2
0.528,0.1,0.37,0,0,1,2
0.528,0.1,0.373,0,0,1,2
0.528,0.1,0.376,0,0,1,2
0.528,0.1,0.379,0,0,1,2
0.528,0.1,0.382,0,0,1,2
0.528,0.1,0.385,0,0,1,2
0.528,0.1,0.388,0,0,1,2
0.528,0.1,0.391,0,0,1,2
0.528,0.1,0.394,0,0,1,2
0.528,0.1,0.397,0,0,1,2
0.528,0.1,0.4,0,0,1,2
0.528,0.1,0.403,0,0,1,2
0.528,0.1,0.406,0,0,1,2
0.528,0.1,0.409,0,0,1,2
0.528,0.1,0.412,0,0,1,2
0.528,0.1,0.415,0,0,1,2
0.528,0.1,0.418,0,0,1,2
0.528,0.1,0.420999,0,0,1,2
0.528,0.1,0.423999,0,0,1,2
0.528,0.1,0.426999,0,0,1,2
0.528,0.1,0.429999,0,0,1,2
0.528,0.1,0.432999,0,0,1,2
0.528,0.1,0.435999,0,0,1,2
0.528,0.1,0.438999,0,0,1,2
0.528,0.1,0.441999,0,0,1,2
0.528,0.1,0.444999,0,0,1,2
0.528,0.1,0.447999,0,0,1,2
0.528,0.1,0.450999,0,0,1,2
0.531,0.1,0.25,0,0,1,2
0.531,0.1,0.253,0,0,1,2
0.531,0.1,0.256,0,0,1,2
0.531,0.1,0.259,0,0,1,2
0.531,0.1,0.262,0,0,1,2
0.531,0.1,0.265,0,0,1,2
0.531,0.1,0.268,0,0,1,2
0.531,0.1,0.271,0,0,1,2
0.531,0.1,0.274,0,0,1,2
0.531,0.1,0.277,0,0,1,2
0.531,0.1,0.28,0,0,1,2
0.531,0.1,0.283,0,0,1,2
0.531,0.1,0.286,0,0,1,2
0.531,0.1,0.289,0,0,1,2
0.531,0.1,0.292,0,0,1,2
0.531,0.1,0.295,0,0,1,2
0.531,0.1,0.298,0,0,1,2
0.531,0.1,0.301,0,0,1,2
0.531,0.1,0.304,0,0,1,2
0.531,0.1,0.307,0,0,1,2
0.531,0.1,0.31,0,0,1,2
0.531,0.1,0.313,0,0,1,2
0.531,0.1,0.316,0,0,1,2
0.531,0.1,0.319,0,0,1,2
0.531,0.1,0.322,0,0,1,2
0.531,0.1,0.325,0,0,1,2
0.531,0.1,0.328,0,0,1,2
0.531,0.1,0.331,0,0,1,2
0.531,0.1,0.334,0,0,1,2
0.531,0.1,0.337,0,0,1,2
0.531,0.1,0.34,0,0,1,2
0.531,0.1,0.343,0,0,1,2
0.531,0.1,0.346,0,0,1,2
0.531,0.1,0.349,0,0,1,2
0.531,0.1,0.352,0,0,1,2
0.531,0.1,0.355,0,0,1,2
0.531,0.1,0.358,0,0,1,2
0.531,0.1,0.361,0,0,1,2
0.531,0.1,0.364,0,0,1,2
0.531,0.1,0.367,0,0,1,2
0.531,0.1,0.37,0,0,1,2
0.531,0.1,0.373,0,0,1,2
0.531,0.1,0.376,0,0,1,2
0.531,0.1,0.379,0,0,1,2
0.531,0.1,0.382,0,0,1,2
0.531,0.1,0.385,0,0,1,2
0.531,0.1,0.388,0,0,1,2
0.531,0.1,0.391,0,0,1,2
0.531,0.1,0.394,0,0,1,2
0.531,0.1,0.397,0,0,1,2
0.531,0.1,0.4,0,0,1,2
0.531,0.1,0.403,0,0,1,2
0.531,0.1,0.406,0,0,1,2
0.531,0.1,0.409,0,0,1,2
0.531,0.1,0.412,0,0,1,2
0.531,0.1,0.415,0,0,1,2
0.531,0.1,0.418,0,0,1,2
0.531,0.1,0.420999,0,0,1,2
0.531,0.1,0.423999,0,0,1,2
0.531,0.1,0.426999,0,0,1,2
0.531,0.1,0.429999,0,0,1,2
0.531,0.1,0.432999,0,0,1,2
0.531,0.1,0.435999,0,0,1,2
0.531,0.1,0.438999,0,0,1,2
0.531,0.1,0.441999,0,0,1,2
0.531,0.1,0.444999,0,0,1,2
0.531,0.1,0.447999,0,0,1,2
0.531,0.1,0.450999,0,0,1,2
0.534,0.1,0.25,0,0,1,2
0.534,0.1,0.253,0,0,1,2
0.534,0.1,0.256,0,0,1,2
0.534,0.1,0.259,0,0,1,2
0.534,0.1,0.262,0,0,1,2
0.534,0.1,0.265,0,0,1,2
0.534,0.1,0.268,0,0,1,2
0.534,0.1,0.271,0,0,1,2
0.534,0.1,0.274,0,0,1,2
0.534,0.1,0.277,0,0,1,2
0.534,0.1,0.28,0,0,1,2
0.534,0.1,0.283,0,0,1,2
0.534,0.1,0.286,0,0,1,2
0.534,0.1,0.289,0,0,1,2
0.534,0.1,0.292,0,0,1,2
0.534,0.1,0.295,0,0,1,2
0.534,0.1,0.298,0,0,1,2
0.534,0.1,0.301,0,0,1,2
0.534,0.1,0.304,0,0,1,2
0.534,0.1,0.307,0,0,1,2
0.534,0.1,0.31,0,0,1,2
0.534,0.1,0.313,0,0,1,2
0.534,0.1,0.316,0,0,1,2
0.534,0.1,0.319,0,0,1,2
0.534,0.1,0.322,0,0,1,2
0.534,0.1,0.325,0,0,1,2
0.534,0.1,0.328,0,0,1,2
0.534,0.1,0.331,0,0,1,2
0.534,0.1,0.334,0,0,1,2
0.534,0.1,0.337,0,0,1,2
0.534,0.1,0.34,0,0,1,2
0.534,0.1,0.343,0,0,1,2
0.534,0.1,0.346,0,0,1,2
0.534,0.1,0.349,0,0,1,2
0.534,0.1,0.352,0,0,1,2
0.534,0.1,0.355,0,0,1,2
0.534,0.1,0.358,0,0,1,2
0.534,0.1,0.361,0,0,1,2
0.534,0.1,0.364,0,0,1,2
0.534,0.1,0.367,0,0,1,2
0.534,0.1,0.37,0,0,1,2
0.534,0.1,0.373,0,0,1,2
0.534,0.1,0.376,0,0,1,2
0.534,0.1,0.379,0,0,1,2
0.534,0.1,0.382,0,0,1,2
0.534,0.1,0.385,0,0,1,2
0.534,0.1,0.388,0,0,1,2
0.534,0.1,0.391,0,0,1,2
0.534,0.1,0.394,0,0,1,2
0.534,0.1,0.397,0,0,1,2
0.534,0.1,0.4,0,0,1,2
0.534,0.1,0.403,0,0,1,2
0.534,0.1,0.406,0,0,1,2
0.534,0.1,0.409,0,0,1,2
0.534,0.1,0.412,0,0,1,2
0.534,0.1,0.415,0,0,1,2
0.534,0.1,0.418,0,0,1,2
0.534,0.1,0.420999,0,0,1,2
0.534,0.1,0.423999,0,0,1,2
0.534,0.1,0.426999,0,0,1,2
0.534,0.1,0.429999,0,0,1,2
0.534,0.1,0.432999,0,0,1,2
0.534,0.1,0.435999,0,0,1,2
0.534,0.1,0.438999,0,0,1,2
0.534,0.1,0.441999,0,0,1,2
0.534,0.1,0.444999,0,0,1,2
0.534,0.1,0.447999,0,0,1,2
0.534,0.1,0.450999,0,0,1,2
0.537,0.1,0.25,0,0,1,2
0.537,0.1,0.253,0,0,1,2
0.537,0.1,0.256,0,0,1,2
0.537,0.1,0.259,0,0,1,2
0.537,0.1,0.262,0,0,1,2
0.537,0.1,0.265,0,0,1,2
0.537,0.1,0.268,0,0,1,2
0.537,0.1,0.271,0,0,1,2
0.537,0.1,0.274,0,0,1,2
0.537,0.1,0.277,0,0,1,2
0.537,0.1,0.28,0,0,1,2
0.537,0.1,0.283,0,0,1,2
0.537,0.1,0.286,0,0,1,2
0.537,0.1,0.289,0,0,1,2
0.537,0.1,0.292,0,0,1,2
0.537,0.1,0.295,0,0,1,2
0.537,0.1,0.298,0,0,1,2
0.537,0.1,0.301,0,0,1,2
0.537,0.1,0.304,0,0,1,2
0.537,0.1,0.307,0,0,1,2
0.537,0.1,0.31,0,0,1,2
0.537,0.1,0.313,0,0,1,2
0.537,0.1,0.316,0,0,1,2
0.537,0.1,0.319,0,0,1,2
0.537,0.1,0.322,0,0,1,2
0.537,0.1,0.325,0,0,1,2
0.537,0.1,0.328,0,0,1,2
0.537,0.1,0.331,0,0,1,2
0.537,0.1,0.334,0,0,1,2
0.537,0.1,0.337,0,0,1,2
0.537,0.1,0.34,0,0,1,2
0.537,0.1,0.343,0,0,1,2
0.537,0.1,0.346,0,0,1,2
0.537,0.1,0.349,0,0,1,2
0.537,0.1,0.352,0,0,1,2
0.537,0.1,0.355,0,0,1,2
0.537,0.1,0.358,0,0,1,2
0.537,0.1,0.361,0,0,1,2
0.537,0.1,0.364,0,0,1,2
0.537,0.1,0.367,0,0,1,2
0.537,0.1,0.37,0,0,1,2
0.537,0.1,0.373,0,0,1,2
0.537,0.1,0.376,0,0,1,2
0.537,0.1,0.379,0,0,1,2
0.537,0.1,0.382,0,0,1,2
0.537,0.1,0.385,0,0,1,2
0.537,0.1,0.388,0,0,1,2
0.537,0.1,0.391,0,0,1,2
0.537,0.1,0.394,0,0,1,2
0.537,0.1,0.397,0,0,1,2
0.537,0.1,0.4,0,0,1,2
0.537,0.1,0.403,0,0,1,2
0.537,0.1,0.406,0,0,1,2
0.537,0.1,0.409,0,0,1,2
0.537,0.1,0.412,0,0,1,2
0.537,0.1,0.415,0,0,1,2
0.537,0.1,0.418,0,0,1,2
0.537,0.1,0.420999,0,0,1,2
0.537,0.1,0.423999,0,0,1,2
0.537,0.1,0.426999,0,0,1,2
0.537,0.1,0.429999,0,0,1,2
0.537,0.1,0.432999,0,0,1,2
0.537,0.1,0.435999,0,0,1,2
0.537,0.1,0.438999,0,0,1,2
0.537,0.1,0.441999,0,0,1,2
0.537,0.1,0.444999,0,0,1,2
0.537,0.1,0.447999,0,0,1,2
0.537,0.1,0.450999,0,0,1,2
0.54,0.1,0.25,0,0,1,2
0.54,0.1,0.253,0,0,1,2
0.54,0.1,0.256,0,0,1,2
0.54,0.1,0.259,0,0,1,2
0.54,0.1,0.262,0,0,1,2
0.54,0.1,0.265,0,0,1,2
0.54,0.1,0.268,0,0,1,2
0.54,0.1,0.271,0,0,1,2
0.54,0.1,0.274,0,0,1,2
0.54,0.1,0.277,0,0,1,2
0.54,0.1,0.28,0,0,1,2
0.54,0.1,0.283,0,0,1,2
0.54,0.1,0.286,0,0,1,2
0.54,0.1,0.289,0,0,1,2
0.54,0.1,0.292,0,0,1,2
0.54,0.1,0.295,0,0,1,2
0.54,0.1,0.298,0,0,1,2
0.54,0.1,0.301,0,0,1,2
0.54,0.1,0.304,0,0,1,2
0.54,0.1,0.307,0,0,1,2
0.54,0.1,0.31,0,0,1,2
0.54,0.1,0.313,0,0,1,2
0.54,0.1,0.316,0,0,1,2
0.54,0.1,0.319,0,0,1,2
0.54,0.1,0.322,0,0,1,2
0.54,0.1,0.325,0,0,1,2
0.54,0.1,0.328,0,0,1,2
0.54,0.1,0.331,0,0,1,2
0.54,0.1,0.334,0,0,1,2
0.54,0.1,0.337,0,0,1,2
0.54,0.1,0.34,0,0,1,2
0.54,0.1,0.343,0,0,1,2
0.54,0.1,0.346,0,0,1,2
0.54,0.1,0.349,0,0,1,2
0.54,0.1,0.352,0,0,1,2
0.54,0.1,0.355,0,0,1,2
0.54,0.1,0.358,0,0,1,2
0.54,0.1,0.361,0,0,1,2
0.54,0.1,0.364,0,0,1,2
0.54,0.1,0.367,0,0,1,2
0.54,0.1,0.37,0,0,1,2
0.54,0.1,0.373,0,0,1,2
0.54,0.1,0.376,0,0,1,2
0.54,0.1,0.379,0,0,1,2
0.54,0.1,0.382,0,0,1,2
0.54,0.1,0.385,0,0,1,2
0.54,0.1,0.388,0,0,1,2
0.54,0.1,0.391,0,0,1,2
0.54,0.1,0.394,0,0,1,2
0.54,0.1,0.397,0,0,1,2
0.54,0.1,0.4,0,0,1,2
0.54,0.1,0.403,0,0,1,2
0.54,0.1,0.406,0,0,1,2
0.54,0.1,0.409,0,0,1,2
0.54,0.1,0.412,0,0,1,2
0.54,0.1,0.415,0,0,1,2
0.54,0.1,0.418,0,0,1,2
0.54,0.1,0.420999,0,0,1,2
0.54,0.1,0.423999,0,0,1,2
0.54,0.1,0.426999,0,0,1,2
0.54,0.1,0.429999,0,0,1,2
0.54,0.1,0.432999,0,0,1,2
0.54,0.1,0.435999,0,0,1,2
0.54,0.1,0.438999,0,0,1,2
0.54,0.1,0.441999,0,0,1,2
0.54,0.1,0.444999,0,0,1,2
0.54,0.1,0.447999,0,0,1,2
0.54,0.1,0.450999,0,0,1,2
0.543,0.1,0.25,0,0,1,2
0.543,0.1,0.253,0,0,1,2
0.543,0.1,0.256,0,0,1,2
0.543,0.1,0.259,0,0,1,2
0.543,0.1,0.262,0,0,1,2
0.543,0.1,0.265,0,0,1,2
0.543,0.1,0.268,0,0,1,2
0.543,0.1,0.271,0,0,1,2
0.543,0.1,0.274,0,0,1,2
0.543,0.1,0.277,0,0,1,2
0.543,0.1,0.28,0,0,1,2
0.543,0.1,0.283,0,0,1,2
0.543,0.1,0.286,0,0,1,2
0.543,0.1,0.289,0,0,1,2
0.543,0.1,0.292,0,0,1,2
0.543,0.1,0.295,0,0,1,2
0.543,0.1,0.298,0,0,1,2
0.543,0.1,0.301,0,0,1,2
0.543,0.1,0.304,0,0,1,2
0.543,0.1,0.307,0,0,1,2
0.543,0.1,0.31,0,0,1,2
0.543,0.1,0.313,0,0,1,2
0.543,0.1,0.316,0,0,1,2
0.543,0.1,0.319,0,0,1,2
0.543,0.1,0.322,0,0,1,2
0.543,0.1,0.325,0,0,1,2
0.543,0.1,0.328,0,0,1,2
0.543,0.1,0.331,0,0,1,2
0.543,0.1,0.334,0,0,1,2
0.543,0.1,0.337,0,0,1,2
0.543,0.1,0.34,0,0,1,2
0.543,0.1,0.343,0,0,1,2
0.543,0.1,0.346,0,0,1,2
0.543,0.1,0.349,0,0,1,2
0.543,0.1,0.352,0,0,1,2
0.543,0.1,0.355,0,0,1,2
0.543,0.1,0.358,0,0,1,2
0.543,0.1,0.361,0,0,1,2
0.543,0.1,0.364,0,0,1,2
0.543,0.1,0.367,0,0,1,2
0.543,0.1,0.37,0,0,1,2
0.543,0.1,0.373,0,0,1,2
0.543,0.1,0.376,0,0,1,2
0.543,0.1,0.379,0,0,1,2
0.543,0.1,0.382,0,0,1,2
0.543,0.1,0.385,0,0,1,2
0.543,0.1,0.388,0,0,1,2
0.543,0.1,0.391,0,0,1,2
0.543,0.1,0.394,0,0,1,2
0.543,0.1,0.397,0,0,1,2
0.543,0.1,0.4,0,0,1,2
0.543,0.1,0.403,0,0,1,2
0.543,0.1,0.406,0,0,1,2
0.543,0.1,0.409,0,0,1,2
0.543,0.1,0.412,0,0,1,2
0.543,0.1,0.415,0,0,1,2
0.543,0.1,0.418,0,0,1,2
0.543,0.1,0.420999,0,0,1,2
0.543,0.1,0.423999,0,0,1,2
0.543,0.1,0.426999,0,0,1,2
0.543,0.1,0.429999,0,0,1,2
0.543,0.1,0.432999,0,0,1,2
0.543,0.1,0.435999,0,0,1,2
0.543,0.1,0.438999,0,0,1,2
0.543,0.1,0.441999,0,0,1,2
0.543,0.1,0.444999,0,0,1,2
0.543,0.1,0.447999,0,0,1,2
0.543,0.1,0.450999,0,0,1,2
0.546,0.1,0.25,0,0,1,2
0.546,0.1,0.253,0,0,1,2
0.546,0.1,0.256,0,0,1,2
0.546,0.1,0.259,0,0,1,2
0.546,0.1,0.262,0,0,1,2
0.546,0.1,0.265,0,0,1,2
0.546,0.1,0.268,0,0,1,2
0.546,0.1,0.271,0,0,1,2
0.546,0.1,0.274,0,0,1,2
0.546,0.1,0.277,0,0,1,2
0.546,0.1,0.28,0,0,1,2
0.546,0.1,0.283,0,0,1,2
0.546,0.1,0.286,0,0,1,2
0.546,0.1,0.289,0,0,1,2
0.546,0.1,0.292,0,0,1,2
0.546,0.1,0.295,0,0,1,2
0.546,0.1,0.298,0,0,1,2
0.546,0.1,0.301,0,0,1,2
0.546,0.1,0.304,0,0,1,2
0.546,0.1,0.307,0,0,1,2
0.546,0.1,0.31,0,0,1,2
0.546,0.1,0.313,0,0,1,2
0.546,0.1,0.316,0,0,1,2
0.546,0.1,0.319,0,0,1,2
0.546,0.1,0.322,0,0,1,2
0.546,0.1,0.325,0,0,1,2
0.546,0.1,0.328,0,0,1,2
0.546,0.1,0.331,0,0,1,2
0.546,0.1,0.334,0,0,1,2
0.546,0.1,0.337,0,0,1,2
0.546,0.1,0.34,0,0,1,2
0.546,0.1,0.343,0,0,1,2
0.546,0.1,0.346,0,0,1,2
0.546,0.1,0.349,0,0,1,2
0.546,0.1,0.352,0,0,1,2
0.546,0.1,0.355,0,0,1,2
0.546,0.1,0.358,0,0,1,2
0.546,0.1,0.361,0,0,1,2
0.546,0.1,0.364,0,0,1,2
0.546,0.1,0.367,0,0,1,2
0.546,0.1,0.37,0,0,1,2
0.546,0.1,0.373,0,0,1,2
0.546,0.1,0.376,0,0,1,2
0.546,0.1,0.379,0,0,1,2
0.546,0.1,0.382,0,0,1,2
0.546,0.1,0.385,0,0,1,2
0.546,0.1,0.388,0,0,1,2
0.546,0.1,0.391,0,0,1,2
0.546,0.1,0.394,0,0,1,2
0.546,0.1,0.397,0,0,1,2
0.546,0.1,0.4,0,0,1,2
0.546,0.1,0.403,0,0,1,2
0.546,0.1,0.406,0,0,1,2
0.546,0.1,0.409,0,0,1,2
0.546,0.1,0.412,0,0,1,2
0.546,0.1,0.415,0,0,1,2
0.546,0.1,0.418,0,0,1,2
0.546,0.1,0.420999,0,0,1,2
0.546,0.1,0.423999,0,0,1,2
0.546,0.1,0.426999,0,0,1,2
0.546,0.1,0.429999,0,0,1,2
0.546,0.1,0.432999,0,0,1,2
0.546,0.1,0.435999,0,0,1,2
0.546,0.1,0.438999,0,0,1,2
0.546,0.1,0.441999,0,0,1,2
0.546,0.1,0.444999,0,0,1,2
0.546,0.1,0.447999,0,0,1,2
0.546,0.1,0.450999,0,0,1,2
0.549,0.1,0.25,0,0,1,2
0.549,0.1,0.253,0,0,1,2
0.549,0.1,0.256,0,0,1,2
0.549,0.1,0.259,0,0,1,2
0.549,0.1,0.262,0,0,1,2
0.549,0.1,0.265,0,0,1,2
0.549,0.1,0.268,0,0,1,2
0.549,0.1,0.271,0,0,1,2
0.549,0.1,0.274,0,0,1,2
0.549,0.1,0.277,0,0,1,2
0.549,0.1,0.28,0,0,1,2
0.549,0.1,0.283,0,0,1,2
0.549,0.1,0.286,0,0,1,2
0.549,0.1,0.289,0,0,1,2
0.549,0.1,0.292,0,0,1,2
0.549,0.1,0.295,0,0,1,2
0.549,0.1,0.298,0,0,1,2
0.549,0.1,0.301,0,0,1,2
0.549,0.1,0.304,0,0,1,2
0.549,0.1,0.307,0,0,1,2
0.549,0.1,0.31,0,0,1,2
0.549,0.1,0.313,0,0,1,2
0.549,0.1,0.316,0,0,1,2
0.549,0.1,0.319,0,0,1,2
0.549,0.1,0.322,0,0,1,2
0.549,0.1,0.325,0,0,1,2
0.549,0.1,0.328,0,0,1,2
0.549,0.1,0.331,0,0,1,2
0.549,0.1,0.334,0,0,1,2
0.549,0.1,0.337,0,0,1,2
0.549,0.1,0.34,0,0,1,2
0.549,0.1,0.343,0,0,1,2
0.549,0.1,0.346,0,0,1,2
0.549,0.1,0.349,0,0,1,2
0.549,0.1,0.352,0,0,1,2
0.549,0.1,0.355,0,0,1,2
0.549,0.1,0.358,0,0,1,2
0.549,0.1,0.361,0,0,1,2
0.549,0.1,0.364,0,0,1,2
0.549,0.1,0.367,0,0,1,2
0.549,0.1,0.37,0,0,1,2
0.549,0.1,0.373,0,0,1,2
0.549,0.1,0.376,0,0,1,2
0.549,0.1,0.379,0,0,1,2
0.549,0.1,0.382,0,0,1,2
0.549,0.1,0.385,0,0,1,2
0.549,0.1,0.388,0,0,1,2
0.549,0.1,0.391,0,0,1,2
0.549,0.1,0.394,0,0,1,2
0.549,0.1,0.397,0,0,1,2
0.549,0.1,0.4,0,0,1,2
0.549,0.1,0.403,0,0,1,2
0.549,0.1,0.406,0,0,1,2
0.549,0.1,0.409,0,0,1,2
0.549,0.1,0.412,0,0,1,2
0.549,0.1,0.415,0,0,1,2
0.549,0.1,0.418,0,0,1,2
0.549,0.1,0.420999,0,0,1,2
0.549,0.1,0.423999,0,0,1,2
0.549,0.1,0.426999,0,0,1,2
0.549,0.1,0.429999,0,0,1,2
0.549,0.1,0.432999,0,0,1,2
0.549,0.1,0.435999,0,0,1,2
0.549,0.1,0.438999,0,0,1,2
0.549,0.1,0.441999,0,0,1,2
0.549,0.1,0.444999,0,0,1,2
0.549,0.1,0.447999,0,0,1,2
0.549,0.1,0.450999,0,0,1,2
0.552,0.1,0.25,0,0,1,2
0.552,0.1,0.253,0,0,1,2
0.552,0.1,0.256,0,0,1,2
0.552,0.1,0.259,0,0,1,2
0.552,0.1,0.262,0,0,1,2
0.552,0.1,0.265,0,0,1,2
0.552,0.1,0.268,0,0,1,2
0.552,0.1,0.271,0,0,1,2
0.552,0.1,0.274,0,0,1,2
0.552,0.1,0.277,0,0,1,2
0.552,0.1,0.28,0,0,1,2
0.552,0.1,0.283,0,0,1,2
0.552,0.1,0.286,0,0,1,2
0.552,0.1,0.289,0,0,1,2
0.552,0.1,0.292,0,0,1,2
0.552,0.1,0.295,0,0,1,2
0.552,0.1,0.298,0,0,1,2
0.552,0.1,0.301,0,0,1,2
0.552,0.1,0.304,0,0,1,2
0.552,0.1,0.307,0,0,1,2
0.552,0.1,0.31,0,0,1,2
0.552,0.1,0.313,0,0,1,2
0.552,0.1,0.316,0,0,1,2
0.552,0.1,0.319,0,0,1,2
0.552,0.1,0.322,0,0,1,2
0.552,0.1,0.325,0,0,1,2
0.552,0.1,0.328,0,0,1,2
0.552,0.1,0.331,0,0,1,2
0.552,0.1,0.334,0,0,1,2
0.552,0.1,0.337,0,0,1,2
0.552,0.1,0.34,0,0,1,2
0.552,0.1,0.343,0,0,1,2
0.552,0.1,0.346,0,0,1,2
0.552,0.1,0.349,0,0,1,2
0.552,0.1,0.352,0,0,1,2
0.552,0.1,0.355,0,0,1,2
0.552,0.1,0.358,0,0,1,2
0.552,0.1,0.361,0,0,1,2
0.552,0.1,0.364,0,0,1,2
0.552,0.1,0.367,0,0,1,2
0.552,0.1,0.37,0,0,1,2
0.552,0.1,0.373,0,0,1,2
0.552,0.1,0.376,0,0,1,2
0.552,0.1,0.379,0,0,1,2
0.552,0.1,0.382,0,0,1,2
0.552,0.1,0.385,0,0,1,2
0.552,0.1,0.388,0,0,1,2
0.552,0.1,0.391,0,0,1,2
0.552,0.1,0.394,0,0,1,2
0.552,0.1,0.397,0,0,1,2
0.552,0.1,0.4,0,0,1,2
0.552,0.1,0.403,0,0,1,2
0.552,0.1,0.406,0,0,1,2
0.552,0.1,0.409,0,0,1,2
0.552,0.1,0.412,0,0,1,2
0.552,0.1,0.415,0,0,1,2
0.552,0.1,0.418,0,0,1,2
0.552,0.1,0.420999,0,0,1,2
0.552,0.1,0.423999,0,0,1,2
0.552,0.1,0.426999,0,0,1,2
0.552,0.1,0.429999,0,0,1,2
0.552,0.1,0.432999,0,0,1,2
0.552,0.1,0.435999,0,0,1,2
0.552,0.1,0.438999,0,0,1,2
0.552,0.1,0.441999,0,0,1,2
0.552,0.1,0.444999,0,0,1,2
0.552,0.1,0.447999,0,0,1,2
0.552,0.1,0.450999,0,0,1,2
0.555,0.1,0.25,0,0,1,2
0.555,0.1,0.253,0,0,1,2
0.555,0.1,0.256,0,0,1,2
0.555,0.1,0.259,0,0,1,2
0.555,0.1,0.262,0,0,1,2
0.555,0.1,0.265,0,0,1,2
0.555,0.1,0.268,0,0,1,2
0.555,0.1,0.271,0,0,1,2
0.555,0.1,0.274,0,0,1,2
0.555,0.1,0.277,0,0,1,2
0.555,0.1,0.28,0,0,1,2
0.555,0.1,0.283,0,0,1,2
0.555,0.1,0.286,0,0,1,2
0.555,0.1,0.289,0,0,1,2
0.555,0.1,0.292,0,0,1,2
0.555,0.1,0.295,0,0,1,2
0.555,0.1,0.298,0,0,1,2
0.555,0.1,0.301,0,0,1,2
0.555,0.1,0.304,0,0,1,2
0.555,0.1,0.307,0,0,1,2
0.555,0.1,0.31,0,0,1,2
0.555,0.1,0.313,0,0,1,2
0.555,0.1,0.316,0,0,1,2
0.555,0.1,0.319,0,0,1,2
0.555,0.1,0.322,0,0,1,2
0.555,0.1,0.325,0,0,1,2
0.555,0.1,0.328,0,0,1,2
0.555,0.1,0.331,0,0,1,2
0.555,0.1,0.334,0,0,1,2
0.555,0.1,0.337,0,0,1,2
0.555,0.1,0.34,0,0,1,2
0.555,0.1,0.343,0,0,1,2
0.555,0.1,0.346,0,0,1,2
0.555,0.1,0.349,0,0,1,2
0.555,0.1,0.352,0,0,1,2
0.555,0.1,0.355,0,0,1,2
0.555,0.1,0.358,0,0,1,2
0.555,0.1,0.361,0,0,1,2
0.555,0.1,0.364,0,0,1,2
0.555,0.1,0.367,0,0,1,2
0.555,0.1,0.37,0,0,1,2
0.555,0.1,0.373,0,0,1,2
0.555,0.1,0.376,0,0,1,2
0.555,0.1,0.379,0,0,1,2
0.555,0.1,0.382,0,0,1,2
0.555,0.1,0.385,0,0,1,2
0.555,0.1,0.388,0,0,1,2
0.555,0.1,0.391,0,0,1,2
0.555,0.1,0.394,0,0,1,2
0.555,0.1,0.397,0,0,1,2
0.555,0.1,0.4,0,0,1,2
0.555,0.1,0.403,0,0,1,2
0.555,0.1,0.406,0,0,1,2
0.555,0.1,0.409,0,0,1,2
0.555,0.1,0.412,0,0,1,2
0.555,0.1,0.415,0,0,1,2
0.555,0.1,0.418,0,0,1,2
0.555,0.1,0.420999,0,0,1,2
0.555,0.1,0.423999,0,0,1,2
0.555,0.1,0.426999,0,0,1,2
0.555,0.1,0.429999,0,0,1,2
0.555,0.1,0.432999,0,0,1,2
0.555,0.1,0.435999,0,0,1,2
0.555,0.1,0.438999,0,0,1,2
0.555,0.1,0.441999,0,0,1,2
0.555,0.1,0.444999,0,0,1,2
0.555,0.1,0.447999,0,0,1,2
0.555,0.1,0.450999,0,0,1,2
0.558,0.1,0.25,0,0,1,2
0.558,0.1,0.253,0,0,1,2
0.558,0.1,0.256,0,0,1,2
0.558,0.1,0.259,0,0,1,2
0.558,0.1,0.262,0,0,1,2
0.558,0.1,0.265,0,0,1,2
0.558,0.1,0.268,0,0,1,2
0.558,0.1,0.271,0,0,1,2
0.558,0.1,0.274,0,0,1,2
0.558,0.1,0.277,0,0,1,2
0.558,0.1,0.28,0,0,1,2
0.558,0.1,0.283,0,0,1,2
0.558,0.1,0.286,0,0,1,2
0.558,0.1,0.289,0,0,1,2
0.558,0.1,0.292,0,0,1,2
0.558,0.1,0.295,0,0,1,2
0.558,0.1,0.298,0,0,1,2
0.558,0.1,0.301,0,0,1,2
0.558,0.1,0.304,0,0,1,2
0.558,0.1,0.307,0,0,1,2
0.558,0.1,0.31,0,0,1,2
0.558,0.1,0.313,0,0,1,2
0.558,0.1,0.316,0,0,1,2
0.558,0.1,0.319,0,0,1,2
0.558,0.1,0.322,0,0,1,2
0.558,0.1,0.325,0,0,1,2
0.558,0.1,0.328,0,0,1,2
0.558,0.1,0.331,0,0,1,2
0.558,0.1,0.334,0,0,1,2
0.558,0.1,0.337,0,0,1,2
0.558,0.1,0.34,0,0,1,2
0.558,0.1,0.343,0,0,1,2
0.558,0.1,0.346,0,0,1,2
0.558,0.1,0.349,0,0,1,2
0.558,0.1,0.352,0,0,1,2
0.558,0.1,0.355,0,0,1,2
0.558,0.1,0.358,0,0,1,2
0.558,0.1,0.361,0,0,1,2
0.558,0.1,0.364,0,0,1,2
0.558,0.1,0.367,0,0,1,2
0.558,0.1,0.37,0,0,1,2
0.558,0.1,0.373,0,0,1,2
0.558,0.1,0.376,0,0,1,2
0.558,0.1,0.379,0,0,1,2
0.558,0.1,0.382,0,0,1,2
0.558,0.1,0.385,0,0,1,2
0.558,0.1,0.388,0,0,1,2
0.558,0.1,0.391,0,0,1,2
0.558,0.1,0.394,0,0,1,2
0.558,0.1,0.397,0,0,1,2
0.558,0.1,0.4,0,0,1,2
0.558,0.1,0.403,0,0,1,2
0.558,0.1,0.406,0,0,1,2
0.558,0.1,0.409,0,0,1,2
0.558,0.1,0.412,0,0,1,2
0.558,0.1,0.415,0,0,1,2
0.558,0.1,0.418,0,0,1,2
0.558,0.1,0.420999,0,0,1,2
0.558,0.1,0.423999,0,0,1,2
0.558,0.1,0.426999,0,0,1,2
0.558,0.1,0.429999,0,0,1,2
0.558,0.1,0.432999,0,0,1,2
0.558,0.1,0.435999,0,0,1,2
0.558,0.1,0.438999,0,0,1,2
0.558,0.1,0.441999,0,0,1,2
0.558,0.1,0.444999,0,0,1,2
0.558,0.1,0.447999,0,0,1,2
0.558,0.1,0.450999,0,0,1,2
0.561,0.1,0.25,0,0,1,2
0.561,0.1,0.253,0,0,1,2
0.561,0.1,0.256,0,0,1,2
0.561,0.1,0.259,0,0,1,2
0.561,0.1,0.262,0,0,1,2
0.561,0.1,0.265,0,0,1,2
0.561,0.1,0.268,0,0,1,2
0.561,0.1,0.271,0,0,1,2
0.561,0.1,0.274,0,0,1,2
0.561,0.1,0.277,0,0,1,2
0.561,0.1,0.28,0,0,1,2
0.561,0.1,0.283,0,0,1,2
0.561,0.1,0.286,0,0,1,2
0.561,0.1,0.289,0,0,1,2
0.561,0.1,0.292,0,0,1,2
0.561,0.1,0.295,0,0,1,2
0.561,0.1,0.298,0,0,1,2
0.561,0.1,0.301,0,0,1,2
0.561,0.1,0.304,0,0,1,2
0.561,0.1,0.307,0,0,1,2
0.561,0.1,0.31,0,0,1,2
0.561,0.1,0.313,0,0,1,2
0.561,0.1,0.316,0,0,1,2
0.561,0.1,0.319,0,0,1,2
0.561,0.1,0.322,0,0,1,2
0.561,0.1,0.325,0,0,1,2
0.561,0.1,0.328,0,0,1,2
0.561,0.1,0.331,0,0,1,2
0.561,0.1,0.334,0,0,1,2
0.561,0.1,0.337,0,0,1,2
0.561,0.1,0.34,0,0,1,2
0.561,0.1,0.343,0,0,1,2
0.561,0.1,0.346,0,0,1,2
0.561,0.1,0.349,0,0,1,2
0.561,0.1,0.352,0,0,1,2
0.561,0.1,0.355,0,0,1,2
0.561,0.1,0.358,0,0,1,2
0.561,0.1,0.361,0,0,1,2
0.561,0.1,0.364,0,0,1,2
0.561,0.1,0.367,0,0,1,2
0.561,0.1,0.37,0,0,1,2
0.561,0.1,0.373,0,0,1,2
0.561,0.1,0.376,0,0,1,2
0.561,0.1,0.379,0,0,1,2
0.561,0.1,0.382,0,0,1,2
0.561,0.1,0.385,0,0,1,2
0.561,0.1,0.388,0,0,1,2
0.561,0.1,0.391,0,0,1,2
0.561,0.1,0.394,0,0,1,2
0.561,0.1,0.397,0,0,1,2
0.561,0.1,0.4,0,0,1,2
0.561,0.1,0.403,0,0,1,2
0.561,0.1,0.406,0,0,1,2
0.561,0.1,0.409,0,0,1,2
0.561,0.1,0.412,0,0,1,2
0.561,0.1,0.415,0,0,1,2
0.561,0.1,0.418,0,0,1,2
0.561,0.1,0.420999,0,0,1,2
0.561,0.1,0.423999,0,0,1,2
0.561,0.1,0.426999,0,0,1,2
0.561,0.1,0.429999,0,0,1,2
0.561,0.1,0.432999,0,0,1,2
0.561,0.1,0.435999,0,0,1,2
0.561,0.1,0.438999,0,0,1,2
0.561,0.1,0.441999,0,0,1,2
0.561,0.1,0.444999,0,0,1,2
0.561,0.1,0.447999,0,0,1,2
0.561,0.1,0.450999,0,0,1,2
0.564,0.1,0.25,0,0,1,2
0.564,0.1,0.253,0,0,1,2
0.564,0.1,0.256,0,0,1,2
0.564,0.1,0.259,0,0,1,2
0.564,0.1,0.262,0,0,1,2
0.564,0.1,0.265,0,0,1,2
0.564,0.1,0.268,0,0,1,2
0.564,0.1,0.271,0,0,1,2
0.564,0.1,0.274,0,0,1,2
0.564,0.1,0.277,0,0,1,2
0.564,0.1,0.28,0,0,1,2
0.564,0.1,0.283,0,0,1,2
0.564,0.1,0.286,0,0,1,2
0.564,0.1,0.289,0,0,1,2
0.564,0.1,0.292,0,0,1,2
0.564,0.1,0.295,0,0,1,2
0.564,0.1,0.298,0,0,1,2
0.564,0.1,0.301,0,0,1,2
0.564,0.1,0.304,0,0,1,2
0.564,0.1,0.307,0,0,1,2
0.564,0.1,0.31,0,0,1,2
0.564,0.1,0.313,0,0,1,2
0.564,0.1,0.316,0,0,1,2
0.564,0.1,0.319,0,0,1,2
0.564,0.1,0.322,0,0,1,2
0.564,0.1,0.325,0,0,1,2
0.564,0.1,0.328,0,0,1,2
0.564,0.1,0.331,0,0,1,2
0.564,0.1,0.334,0,0,1,2
0.564,0.1,0.337,0,0,1,2
0.564,0.1,0.34,0,0,1,2
0.564,0.1,0.343,0,0,1,2
0.564,0.1,0.346,0,0,1,2
0.564,0.1,0.349,0,0,1,2
0.564,0.1,0.352,0,0,1,2
0.564,0.1,0.355,0,0,1,2
0.564,0.1,0.358,0,0,1,2
0.564,0.1,0.361,0,0,1,2
0.564,0.1,0.364,0,0,1,2
0.564,0.1,0.367,0,0,1,2
0.564,0.1,0.37,0,0,1,2
0.564,0.1,0.373,0,0,1,2
0.564,0.1,0.376,0,0,1,2
0.564,0.1,0.379,0,0,1,2
0.564,0.1,0.382,0,0,1,2
0.564,0.1,0.385,0,0,1,2
0.564,0.1,0.388,0,0,1,2
0.564,0.1,0.391,0,0,1,2
0.564,0.1,0.394,0,0,1,2
0.564,0.1,0.397,0,0,1,2
0.564,0.1,0.4,0,0,1,2
0.564,0.1,0.403,0,0,1,2
0.564,0.1,0.406,0,0,1,2
0.564,0.1,0.409,0,0,1,2
0.564,0.1,0.412,0,0,1,2
0.564,0.1,0.415,0,0,1,2
0.564,0.1,0.418,0,0,1,2
0.564,0.1,0.420999,0,0,1,2
0.564,0.1,0.423999,0,0,1,2
0.564,0.1,0.426999,0,0,1,2
0.564,0.1,0.429999,0,0,1,2
0.564,0.1,0.432999,0,0,1,2
0.564,0.1,0.435999,0,0,1,2
0.564,0.1,0.438999,0,0,1,2
0.564,0.1,0.441999,0,0,1,2
0.564,0.1,0.444999,0,0,1,2
0.564,0.1,0.447999,0,0,1,2
0.564,0.1,0.450999,0,0,1,2
0.567,0.1,0.25,0,0,1,2
0.567,0.1,0.253,0,0,1,2
0.567,0.1,0.256,0,0,1,2
0.567,0.1,0.259,0,0,1,2
0.567,0.1,0.262,0,0,1,2
0.567,0.1,0.265,0,0,1,2
0.567,0.1,0.268,0,0,1,2
0.567,0.1,0.271,0,0,1,2
0.567,0.1,0.274,0,0,1,2
0.567,0.1,0.277,0,0,1,2
0.567,0.1,0.28,0,0,1,2
0.567,0.1,0.283,0,0,1,2
0.567,0.1,0.286,0,0,1,2
0.567,0.1,0.289,0,0,1,2
0.567,0.1,0.292,0,0,1,2
0.567,0.1,0.295,0,0,1,2
0.567,0.1,0.298,0,0,1,2
0.567,0.1,0.301,0,0,1,2
0.567,0.1,0.304,0,0,1,2
0.567,0.1,0.307,0,0,1,2
0.567,0.1,0.31,0,0,1,2
0.567,0.1,0.313,0,0,1,2
0.567,0.1,0.316,0,0,1,2
0.567,0.1,0.319,0,0,1,2
0.567,0.1,0.322,0,0,1,2
0.567,0.1,0.325,0,0,1,2
0.567,0.1,0.328,0,0,1,2
0.567,0.1,0.331,0,0,1,2
0.567,0.1,0.334,0,0,1,2
0.567,0.1,0.337,0,0,1,2
0.567,0.1,0.34,0,0,1,2
0.567,0.1,0.343,0,0,1,2
0.567,0.1,0.346,0,0,1,2
0.567,0.1,0.349,0,0,1,2
0.567,0.1,0.352,0,0,1,2
0.567,0.1,0.355,0,0,1,2
0.567,0.1,0.358,0,0,1,2
0.567,0.1,0.361,0,0,1,2
0.567,0.1,0.364,0,0,1,2
0.567,0.1,0.367,0,0,1,2
0.567,0.1,0.37,0,0,1,2
0.567,0.1,0.373,0,0,1,2
0.567,0.1,0.376,0,0,1,2
0.567,0.1,0.379,0,0,1,2
0.567,0.1,0.382,0,0,1,2
0.567,0.1,0.385,0,0,1,2
0.567,0.1,0.388,0,0,1,2
0.567,0.1,0.391,0,0,1,2
0.567,0.1,0.394,0,0,1,2
0.567,0.1,0.397,0,0,1,2
0.567,0.1,0.4,0,0,1,2
0.567,0.1,0.403,0,0,1,2
0.567,0.1,0.406,0,0,1,2
0.567,0.1,0.409,0,0,1,2
0.567,0.1,0.412,0,0,1,2
0.567,0.1,0.415,0,0,1,2
0.567,0.1,0.418,0,0,1,2
0.567,0.1,0.420999,0,0,1,2
0.567,0.1,0.423999,0,0,1,2
0.567,0.1,0.426999,0,0,1,2
0.567,0.1,0.429999,0,0,1,2
0.567,0.1,0.432999,0,0,1,2
0.567,0.1,0.435999,0,0,1,2
0.567,0.1,0.438999,0,0,1,2
0.567,0.1,0.441999,0,0,1,2
0.567,0.1,0.444999,0,0,1,2
0.567,0.1,0.447999,0,0,1,2
0.567,0.1,0.450999,0,0,1,2
0.57,0.1,0.25,0,0,1,2
0.57,0.1,0.253,0,0,1,2
0.57,0.1,0.256,0,0,1,2
0.57,0.1,0.259,0,0,1,2
0.57,0.1,0.262,0,0,1,2
0.57,0.1,0.265,0,0,1,2
0.57,0.1,0.268,0,0,1,2
0.57,0.1,0.271,0,0,1,2
0.57,0.1,0.274,0,0,1,2
0.57,0.1,0.277,0,0,1,2
0.57,0.1,0.28,0,0,1,2
0.57,0.1,0.283,0,0,1,2
0.57,0.1,0.286,0,0,1,2
0.57,0.1,0.289,0,0,1,2
0.57,0.1,0.292,0,0,1,2
0.57,0.1,0.295,0,0,1,2
0.57,0.1,0.298,0,0,1,2
0.57,0.1,0.301,0,0,1,2
0.57,0.1,0.304,0,0,1,2
0.57,0.1,0.307,0,0,1,2
0.57,0.1,0.31,0,0,1,2
0.57,0.1,0.313,0,0,1,2
0.57,0.1,0.316,0,0,1,2
0.57,0.1,0.319,0,0,1,2
0.57,0.1,0.322,0,0,1,2
0.57,0.1,0.325,0,0,1,2
0.57,0.1,0.328,0,0,1,2
0.57,0.1,0.331,0,0,1,2
0.57,0.1,0.334,0,0,1,2
0.57,0.1,0.337,0,0,1,2
0.57,0.1,0.34,0,0,1,2
0.57,0.1,0.343,0,0,1,2
0.57,0.1,0.346,0,0,1,2
0.57,0.1,0.349,0,0,1,2
0.57,0.1,0.352,0,0,1,2
0.57,0.1,0.355,0,0,1,2
0.57,0.1,0.358,0,0,1,2
0.57,0.1,0.361,0,0,1,2
0.57,0.1,0.364,0,0,1,2
0.57,0.1,0.367,0,0,1,2
0.57,0.1,0.37,0,0,1,2
0.57,0.1,0.373,0,0,1,2
0.57,0.1,0.376,0,0,1,2
0.57,0.1,0.379,0,0,1,2
0.57,0.1,0.382,0,0,1,2
0.57,0.1,0.385,0,0,1,2
0.57,0.1,0.388,0,0,1,2
0.57,0.1,0.391,0,0,1,2
0.57,0.1,0.394,0,0,1,2
0.57,0.1,0.397,0,0,1,2
0.57,0.1,0.4,0,0,1,2
0.57,0.1,0.403,0,0,1,2
0.57,0.1,0.406,0,0,1,2
0.57,0.1,0.409,0,0,1,2
0.57,0.1,0.412,0,0,1,2
0.57,0.1,0.415,0,0,1,2
0.57,0.1,0.418,0,0,1,2
0.57,0.1,0.420999,0,0,1,2
0.57,0.1,0.423999,0,0,1,2
0.57,0.1,0.426999,0,0,1,2
0.57,0.1,0.429999,0,0,1,2
0.57,0.1,0.432999,0,0,1,2
0.57,0.1,0.435999,0,0,1,2
0.57,0.1,0.438999,0,0,1,2
0.57,0.1,0.441999,0,0,1,2
0.57,0.1,0.444999,0,0,1,2
0.57,0.1,0.447999,0,0,1,2
0.57,0.1,0.450999,0,0,1,2
0.39,0.1,0.25,0,0,1,2
0.39,0.1,0.253,0,0,1,2
0.39,0.1,0.256,0,0,1,2
0.39,0.1,0.259,0,0,1,2
0.39,0.1,0.262,0,0,1,2
0.39,0.1,0.265,0,0,1,2
0.39,0.1,0.268,0,0,1,2
0.39,0.1,0.271,0,0,1,2
0.39,0.1,0.274,0,0,1,2
0.39,0.1,0.277,0,0,1,2
0.39,0.1,0.28,0,0,1,2
0.39,0.1,0.283,0,0,1,2
0.39,0.1,0.286,0,0,1,2
0.39,0.1,0.289,0,0,1,2
0.39,0.1,0.292,0,0,1,2
0.39,0.1,0.295,0,0,1,2
0.39,0.1,0.298,0,0,1,2
0.39,0.1,0.301,0,0,1,2
0.39,0.1,0.304,0,0,1,2
0.39,0.1,0.307,0,0,1,2
0.39,0.1,0.31,0,0,1,2
0.39,0.1,0.313,0,0,1,2
0.39,0.1,0.316,0,0,1,2
0.39,0.1,0.319,0,0,1,2
0.39,0.1,0.322,0,0,1,2
0.39,0.1,0.325,0,0,1,2
0.39,0.1,0.328,0,0,1,2
0.39,0.1,0.331,0,0,1,2
0.39,0.1,0.334,0,0,1,2
0.39,0.1,0.337,0,0,1,2
0.39,0.1,0.34,0,0,1,2
0.39,0.1,0.343,0,0,1,2
0.39,0.1,0.346,0,0,1,2
0.39,0.1,0.349,0,0,1,2
0.39,0.1,0.352,0,0,1,2
0.39,0.1,0.355,0,0,1,2
0.39,0.1,0.358,0,0,1,2
0.39,0.1,0.361,0,0,1,2
0.39,0.1,0.364,0,0,1,2
0.39,0.1,0.367,0,0,1,2
0.39,0.1,0.37,0,0,1,2
0.39,0.1,0.373,0,0,1,2
0.39,0.1,0.376,0,0,1,2
0.39,0.1,0.379,0,0,1,2
0.39,0.1,0.382,0,0,1,2
0.39,0.1,0.385,0,0,1,2
0.39,0.1,0.388,0,0,1,2
0.39,0.1,0.391,0,0,1,2
0.39,0.1,0.394,0,0,1,2
0.39,0.1,0.397,0,0,1,2
0.39,0.1,0.4,0,0,1,2
0.39,0.1,0.403,0,0,1,2
0.39,0.1,0.406,0,0,1,2
0.39,0.1,0.409,0,0,1,2
0.39,0.1,0.412,0,0,1,2
0.39,0.1,0.415,0,0,1,2
0.39,0.1,0.418,0,0,1,2
0.39,0.1,0.420999,0,0,1,2
0.39,0.1,0.423999,0,0,1,2
0.39,0.1,0.426999,0,0,1,2
0.39,0.1,0.429999,0,0,1,2
0.39,0.1,0.432999,0,0,1,2
0.39,0.1,0.435999,0,0,1,2
0.39,0.1,0.438999,0,0,1,2
0.39,0.1,0.441999,0,0,1,2
0.39,0.1,0.444999,0,0,1,2
0.39,0.1,0.447999,0,0,1,2
0.39,0.1,0.450999,0,0,1,2
0.39,0.103,0.25,0,0,1,2
0.39,0.103,0.253,0,0,1,2
0.39,0.103,0.256,0,0,1,2
0.39,0.103,0.259,0,0,1,2
0.39,0.103,0.262,0,0,1,2
0.39,0.103,0.265,0,0,1,2
0.39,0.103,0.268,0,0,1,2
0.39,0.103,0.271,0,0,1,2
0.39,0.103,0.274,0,0,1,2
0.39,0.103,0.277,0,0,1,2
0.39,0.103,0.28,0,0,1,2
0.39,0.103,0.283,0,0,1,2
0.39,0.103,0.286,0,0,1,2
0.39,0.103,0.289,0,0,1,2
0.39,0.103,0.292,0,0,1,2
0.39,0.103,0.295,0,0,1,2
0.39,0.103,0.298,0,0,1,2
0.39,0.103,0.301,0,0,1,2
0.39,0.103,0.304,0,0,1,2
0.39,0.103,0.307,0,0,1,2
0.39,0.103,0.31,0,0,1,2
0.39,0.103,0.313,0,0,1,2
0.39,0.103,0.316,0,0,1,2
0.39,0.103,0.319,0,0,1,2
0.39,0.103,0.322,0,0,1,2
0.39,0.103,0.325,0,0,1,2
0.39,0.103,0.328,0,0,1,2
0.39,0.103,0.331,0,0,1,2
0.39,0.103,0.334,0,0,1,2
0.39,0.103,0.337,0,0,1,2
0.39,0.103,0.34,0,0,1,2
0.39,0.103,0.343,0,0,1,2
0.39,0.103,0.346,0,0,1,2
0.39,0.103,0.349,0,0,1,2
0.39,0.103,0.352,0,0,1,2
0.39,0.103,0.355,0,0,1,2
0.39,0.103,0.358,0,0,1,2
0.39,0.103,0.361,0,0,1,2
0.39,0.103,0.364,0,0,1,2
0.39,0.103,0.367,0,0,1,2
0.39,0.103,0.37,0,0,1,2
0.39,0.103,0.373,0,0,1,2
0.39,0.103,0.376,0,0,1,2
0.39,0.103,0.379,0,0,1,2
0.39,0.103,0.382,0,0,1,2
0.39,0.103,0.385,0,0,1,2
0.39,0.103,0.388,0,0,1,2
0.39,0.103,0.391,0,0,1,2
0.39,0.103,0.394,0,0,1,2
0.39,0.103,0.397,0,0,1,2
0.39,0.103,0.4,0,0,1,2
0.39,0.103,0.403,0,0,1,2
0.39,0.103,0.406,0,0,1,2
0.39,0.103,0.409,0,0,1,2
0.39,0.103,0.412,0,0,1,2
0.39,0.103,0.415,0,0,1,2
0.39,0.103,0.418,0,0,1,2
0.39,0.103,0.420999,0,0,1,2
0.39,0.103,0.423999,0,0,1,2
0.39,0.103,0.426999,0,0,1,2
0.39,0.103,0.429999,0,0,1,2
0.39,0.103,0.432999,0,0,1,2
0.39,0.103,0.435999,0,0,1,2
0.39,0.103,0.438999,0,0,1,2
0.39,0.103,0.441999,0,0,1,2
0.39,0.103,0.444999,0,0,1,2
0.39,0.103,0.447999,0,0,1,2
0.39,0.103,0.450999,0,0,1,2
0.39,0.106,0.25,0,0,1,2
0.39,0.106,0.253,0,0,1,2
0.39,0.106,0.256,0,0,1,2
0.39,0.106,0.259,0,0,1,2
0.39,0.106,0.262,0,0,1,2
0.39,0.106,0.265,0,0,1,2
0.39,0.106,0.268,0,0,1,2
0.39,0.106,0.271,0,0,1,2
0.39,0.106,0.274,0,0,1,2
0.39,0.106,0.277,0,0,1,2
0.39,0.106,0.28,0,0,1,2
0.39,0.106,0.283,0,0,1,2
0.39,0.106,0.286,0,0,1,2
0.39,0.106,0.289,0,0,1,2
0.39,0.106,0.292,0,0,1,2
0.39,0.106,0.295,0,0,1,2
0.39,0.106,0.298,0,0,1,2
0.39,0.106,0.301,0,0,1,2
0.39,0.106,0.304,0,0,1,2
0.39,0.106,0.307,0,0,1,2
0.39,0.106,0.31,0,0,1,2
0.39,0.106,0.313,0,0,1,2
0.39,0.106,0.316,0,0,1,2
0.39,0.106,0.319,0,0,1,2
0.39,0.106,0.322,0,0,1,2
0.39,0.106,0.325,0,0,1,2
0.39,0.106,0.328,0,0,1,2
0.39,0.106,0.331,0,0,1,2
0.39,0.106,0.334,0,0,1,2
0.39,0.106,0.337,0,0,1,2
0.39,0.106,0.34,0,0,1,2
0.39,0.106,0.343,0,0,1,2
0.39,0.106,0.346,0,0,1,2
0.39,0.106,0.349,0,0,1,2
0.39,0.106,0.352,0,0,1,2
0.39,0.106,0.355,0,0,1,2
0.39,0.106,0.358,0,0,1,2
0.39,0.106,0.361,0,0,1,2
0.39,0.106,0.364,0,0,1,2
0.39,0.106,0.367,0,0,1,2
0.39,0.106,0.37,0,0,1,2
0.39,0.106,0.373,0,0,1,2
0.39,0.106,0.376,0,0,1,2
0.39,0.106,0.379,0,0,1,2
0.39,0.106,0.382,0,0,1,2
0.39,0.106,0.385,0,0,1,2
0.39,0.106,0.388,0,0,1,2
0.39,0.106,0.391,0,0,1,2
0.39,0.106,0.394,0,0,1,2
0.39,0.106,0.397,0,0,1,2
0.39,0.106,0.4,0,0,1,2
0.39,0.106,0.403,0,0,1,2
0.39,0.106,0.406,0,0,1,2
0.39,0.106,0.409,0,0,1,2
0.39,0.106,0.412,0,0,1,2
0.39,0.106,0.415,0,0,1,2
0.39,0.106,0.418,0,0,1,2
0.39,0.106,0.420999,0,0,1,2
0.39,0.106,0.423999,0,0,1,2
0.39,0.106,0.426999,0,0,1,2
0.39,0.106,0.429999,0,0,1,2
0.39,0.106,0.432999,0,0,1,2
0.39,0.106,0.435999,0,0,1,2
0.39,0.106,0.438999,0,0,1,2
0.39,0.106,0.441999,0,0,1,2
0.39,0.106,0.444999,0,0,1,2
0.39,0.106,0.447999,0,0,1,2
0.39,0.106,0.450999,0,0,1,2
0.39,0.109,0.25,0,0,1,2
0.39,0.109,0.253,0,0,1,2
0.39,0.109,0.256,0,0,1,2
0.39,0.109,0.259,0,0,1,2
0.39,0.109,0.262,0,0,1,2
0.39,0.109,0.265,0,0,1,2
0.39,0.109,0.268,0,0,1,2
0.39,0.109,0.271,0,0,1,2
0.39,0.109,0.274,0,0,1,2
0.39,0.109,0.277,0,0,1,2
0.39,0.109,0.28,0,0,1,2
0.39,0.109,0.283,0,0,1,2
0.39,0.109,0.286,0,0,1,2
0.39,0.109,0.289,0,0,1,2
0.39,0.109,0.292,0,0,1,2
0.39,0.109,0.295,0,0,1,2
0.39,0.109,0.298,0,0,1,2
0.39,0.109,0.301,0,0,1,2
0.39,0.109,0.304,0,0,1,2
0.39,0.109,0.307,0,0,1,2
0.39,0.109,0.31,0,0,1,2
0.39,0.109,0.313,0,0,1,2
0.39,0.109,0.316,0,0,1,2
0.39,0.109,0.319,0,0,1,2
0.39,0.109,0.322,0,0,1,2
0.39,0.109,0.325,0,0,1,2
0.39,0.109,0.328,0,0,1,2
0.39,0.109,0.331,0,0,1,2
0.39,0.109,0.334,0,0,1,2
0.39,0.109,0.337,0,0,1,2
0.39,0.109,0.34,0,0,1,2
0.39,0.109,0.343,0,0,1,2
0.39,0.109,0.346,0,0,1,2
0.39,0.109,0.349,0,0,1,2
0.39,0.109,0.352,0,0,1,2
0.39,0.109,0.355,0,0,1,2
0.39,0.109,0.358,0,0,1,2
0.39,0.109,0.361,0,0,1,2
0.39,0.109,0.364,0,0,1,2
0.39,0.109,0.367,0,0,1,2
0.39,0.109,0.37,0,0,1,2
0.39,0.109,0.373,0,0,1,2
0.39,0.109,0.376,0,0,1,2
0.39,0.109,0.379,0,0,1,2
0.39,0.109,0.382,0,0,1,2
0.39,0.109,0.385,0,0,1,2
0.39,0.109,0.388,0,0,1,2
0.39,0.109,0.391,0,0,1,2
0.39,0.109,0.394,0,0,1,2
0.39,0.109,0.397,0,0,1,2
0.39,0.109,0.4,0,0,1,2
0.39,0.109,0.403,0,0,1,2
0.39,0.109,0.406,0,0,1,2
0.39,0.109,0.409,0,0,1,2
0.39,0.109,0.412,0,0,1,2
0.39,0.109,0.415,0,0,1,2
0.39,0.109,0.418,0,0,1,2
0.39,0.109,0.420999,0,0,1,2
0.39,0.109,0.423999,0,0,1,2
0.39,0.109,0.426999,0,0,1,2
0.39,0.109,0.429999,0,0,1,2
0.39,0.109,0.432999,0,0,1,2
0.39,0.109,0.435999,0,0,1,2
0.39,0.109,0.438999,0,0,1,2
0.39,0.109,0.441999,0,0,1,2
0.39,0.109,0.444999,0,0,1,2
0.39,0.109,0.447999,0,0,1,2
0.39,0.109,0.450999,0,0,1,2
0.39,0.112,0.25,0,0,1,2
0.39,0.112,0.253,0,0,1,2
0.39,0.112,0.256,0,0,1,2
0.39,0.112,0.259,0,0,1,2
0.39,0.112,0.262,0,0,1,2
0.39,0.112,0.265,0,0,1,2
0.39,0.112,0.268,0,0,1,2
0.39,0.112,0.271,0,0,1,2
0.39,0.112,0.274,0,0,1,2
0.39,0.112,0.277,0,0,1,2
0.39,0.112,0.28,0,0,1,2
0.39,0.112,0.283,0,0,1,2
0.39,0.112,0.286,0,0,1,2
0.39,0.112,0.289,0,0,1,2
0.39,0.112,0.292,0,0,1,2
0.39,0.112,0.295,0,0,1,2
0.39,0.112,0.298,0,0,1,2
0.39,0.112,0.301,0,0,1,2
0.39,0.112,0.304,0,0,1,2
0.39,0.112,0.307,0,0,1,2
0.39,0.112,0.31,0,0,1,2
0.39,0.112,0.313,0,0,1,2
0.39,0.112,0.316,0,0,1,2
0.39,0.112,0.319,0,0,1,2
0.39,0.112,0.322,0,0,1,2
0.39,0.112,0.325,0,0,1,2
0.39,0.112,0.328,0,0,1,2
0.39,0.112,0.331,0,0,1,2
0.39,0.112,0.334,0,0,1,2
0.39,0.112,0.337,0,0,1,2
0.39,0.112,0.34,0,0,1,2
0.39,0.112,0.343,0,0,1,2
0.39,0.112,0.346,0,0,1,2
0.39,0.112,0.349,0,0,1,2
0.39,0.112,0.352,0,0,1,2
0.39,0.112,0.355,0,0,1,2
0.39,0.112,0.358,0,0,1,2
0.39,0.112,0.361,0,0,1,2
0.39,0.112,0.364,0,0,1,2
0.39,0.112,0.367,0,0,1,2
0.39,0.112,0.37,0,0,1,2
0.39,0.112,0.373,0,0,1,2
0.39,0.112,0.376,0,0,1,2
0.39,0.112,0.379,0,0,1,2
0.39,0.112,0.382,0,0,1,2
0.39,0.112,0.385,0,0,1,2
0.39,0.112,0.388,0,0,1,2
0.39,0.112,0.391,0,0,1,2
0.39,0.112,0.394,0,0,1,2
0.39,0.112,0.397,0,0,1,2
0.39,0.112,0.4,0,0,1,2
0.39,0.112,0.403,0,0,1,2
0.39,0.112,0.406,0,0,1,2
0.39,0.112,0.409,0,0,1,2
0.39,0.112,0.412,0,0,1,2
0.39,0.112,0.415,0,0,1,2
0.39,0.112,0.418,0,0,1,2
0.39,0.112,0.420999,0,0,1,2
0.39,0.112,0.423999,0,0,1,2
0.39,0.112,0.426999,0,0,1,2
0.39,0.112,0.429999,0,0,1,2
0.39,0.112,0.432999,0,0,1,2
0.39,0.112,0.435999,0,0,1,2
0.39,0.112,0.438999,0,0,1,2
0.39,0.112,0.441999,0,0,1,2
0.39,0.112,0.444999,0,0,1,2
0.39,0.112,0.447999,0,0,1,2
0.39,0.112,0.450999,0,0,1,2
0.39,0.115,0.25,0,0,1,2
0.39,0.115,0.253,0,0,1,2
0.39,0.115,0.256,0,0,1,2
0.39,0.115,0.259,0,0,1,2
0.39,0.115,0.262,0,0,1,2
0.39,0.115,0.265,0,0,1,2
0.39,0.115,0.268,0,0,1,2
0.39,0.115,0.271,0,0,1,2
0.39,0.115,0.274,0,0,1,2
0.39,0.115,0.277,0,0,1,2
0.39,0.115,0.28,0,0,1,2
0.39,0.115,0.283,0,0,1,2
0.39,0.115,0.286,0,0,1,2
0.39,0.115,0.289,0,0,1,2
0.39,0.115,0.292,0,0,1,2
0.39,0.115,0.295,0,0,1,2
0.39,0.115,0.298,0,0,1,2
0.39,0.115,0.301,0,0,1,2
0.39,0.115,0.304,0,0,1,2
0.39,0.115,0.307,0,0,1,2
0.39,0.115,0.31,0,0,1,2
0.39,0.115,0.313,0,0,1,2
0.39,0.115,0.316,0,0,1,2
0.39,0.115,0.319,0,0,1,2
0.39,0.115,0.322,0,0,1,2
0.39,0.115,0.325,0,0,1,2
0.39,0.115,0.328,0,0,1,2
0.39,0.115,0.331,0,0,1,2
0.39,0.115,0.334,0,0,1,2
0.39,0.115,0.337,0,0,1,2
0.39,0.115,0.34,0,0,1,2
0.39,0.115,0.343,0,0,1,2
0.39,0.115,0.346,0,0,1,2
0.39,0.115,0.349,0,0,1,2
0.39,0.115,0.352,0,0,1,2
0.39,0.115,0.355,0,0,1,2
0.39,0.115,0.358,0,0,1,2
0.39,0.115,0.361,0,0,1,2
0.39,0.115,0.364,0,0,1,2
0.39,0.115,0.367,0,0,1,2
0.39,0.115,0.37,0,0,1,2
0.39,0.115,0.373,0,0,1,2
0.39,0.115,0.376,0,0,1,2
0.39,0.115,0.379,0,0,1,2
0.39,0.115,0.382,0,0,1,2
0.39,0.115,0.385,0,0,1,2
0.39,0.115,0.388,0,0,1,2
0.39,0.115,0.391,0,0,1,2
0.39,0.115,0.394,0,0,1,2
0.39,0.115,0.397,0,0,1,2
0.39,0.115,0.4,0,0,1,2
0.39,0.115,0.403,0,0,1,2
0.39,0.115,0.406,0,0,1,2
0.39,0.115,0.409,0,0,1,2
0.39,0.115,0.412,0,0,1,2
0.39,0.115,0.415,0,0,1,2
0.39,0.115,0.418,0,0,1,2
0.39,0.115,0.420999,0,0,1,2
0.39,0.115,0.423999,0,0,1,2
0.39,0.115,0.426999,0,0,1,2
0.39,0.115,0.429999,0,0,1,2
0.39,0.115,0.432999,0,0,1,2
0.39,0.115,0.435999,0,0,1,2
0.39,0.115,0.438999,0,0,1,2
0.39,0.115,0.441999,0,0,1,2
0.39,0.115,0.444999,0,0,1,2
0.39,0.115,0.447999,0,0,1,2
0.39,0.115,0.450999,0,0,1,2
0.39,0.118,0.25,0,0,1,2
0.39,0.118,0.253,0,0,1,2
0.39,0.118,0.256,0,0,1,2
0.39,0.118,0.259,0,0,1,2
0.39,0.118,0.262,0,0,1,2
0.39,0.118,0.265,0,0,1,2
0.39,0.118,0.268,0,0,1,2
0.39,0.118,0.271,0,0,1,2
0.39,0.118,0.274,0,0,1,2
0.39,0.118,0.277,0,0,1,2
0.39,0.118,0.28,0,0,1,2
0.39,0.118,0.283,0,0,1,2
0.39,0.118,0.286,0,0,1,2
0.39,0.118,0.289,0,0,1,2
0.39,0.118,0.292,0,0,1,2
0.39,0.118,0.295,0,0,1,2
0.39,0.118,0.298,0,0,1,2
0.39,0.118,0.301,0,0,1,2
0.39,0.118,0.304,0,0,1,2
0.39,0.118,0.307,0,0,1,2
0.39,0.118,0.31,0,0,1,2
0.39,0.118,0.313,0,0,1,2
0.39,0.118,0.316,0,0,1,2
0.39,0.118,0.319,0,0,1,2
0.39,0.118,0.322,0,0,1,2
0.39,0.118,0.325,0,0,1,2
0.39,0.118,0.328,0,0,1,2
0.39,0.118,0.331,0,0,1,2
0.39,0.118,0.334,0,0,1,2
0.39,0.118,0.337,0,0,1,2
0.39,0.118,0.34,0,0,1,2
0.39,0.118,0.343,0,0,1,2
0.39,0.118,0.346,0,0,1,2
0.39,0.118,0.349,0,0,1,2
0.39,0.118,0.352,0,0,1,2
0.39,0.118,0.355,0,0,1,2
0.39,0.118,0.358,0,0,1,2
0.39,0.118,0.361,0,0,1,2
0.39,0.118,0.364,0,0,1,2
0.39,0.118,0.367,0,0,1,2
0.39,0.118,0.37,0,0,1,2
0.39,0.118,0.373,0,0,1,2
0.39,0.118,0.376,0,0,1,2
0.39,0.118,0.379,0,0,1,2
0.39,0.118,0.382,0,0,1,2
0.39,0.118,0.385,0,0,1,2
0.39,0.118,0.388,0,0,1,2
0.39,0.118,0.391,0,0,1,2
0.39,0.118,0.394,0,0,1,2
0.39,0.118,0.397,0,0,1,2
0.39,0.118,0.4,0,0,1,2
0.39,0.118,0.403,0,0,1,2
0.39,0.118,0.406,0,0,1,2
0.39,0.118,0.409,0,0,1,2
0.39,0.118,0.412,0,0,1,2
0.39,0.118,0.415,0,0,1,2
0.39,0.118,0.418,0,0,1,2
0.39,0.118,0.420999,0,0,1,2
0.39,0.118,0.423999,0,0,1,2
0.39,0.118,0.426999,0,0,1,2
0.39,0.118,0.429999,0,0,1,2
0.39,0.118,0.432999,0,0,1,2
0.39,0.118,0.435999,0,0,1,2
0.39,0.118,0.438999,0,0,1,2
0.39,0.118,0.441999,0,0,1,2
0.39,0.118,0.444999,0,0,1,2
0.39,0.118,0.447999,0,0,1,2
0.39,0.118,0.450999,0,0,1,2
0.39,0.121,0.25,0,0,1,2
0.39,0.121,0.253,0,0,1,2
0.39,0.121,0.256,0,0,1,2
0.39,0.121,0.259,0,0,1,2
0.39,0.121,0.262,0,0,1,2
0.39,0.121,0.265,0,0,1,2
0.39,0.121,0.268,0,0,1,2
0.39,0.121,0.271,0,0,1,2
0.39,0.121,0.274,0,0,1,2
0.39,0.121,0.277,0,0,1,2
0.39,0.121,0.28,0,0,1,2
0.39,0.121,0.283,0,0,1,2
0.39,0.121,0.286,0,0,1,2
0.39,0.121,0.289,0,0,1,2
0.39,0.121,0.292,0,0,1,2
0.39,0.121,0.295,0,0,1,2
0.39,0.121,0.298,0,0,1,2
0.39,0.121,0.301,0,0,1,2
0.39,0.121,0.304,0,0,1,2
0.39,0.121,0.307,0,0,1,2
0.39,0.121,0.31,0,0,1,2
0.39,0.121,0.313,0,0,1,2
0.39,0.121,0.316,0,0,1,2
0.39,0.121,0.319,0,0,1,2
0.39,0.121,0.322,0,0,1,2
0.39,0.121,0.325,0,0,1,2
0.39,0.121,0.328,0,0,1,2
0.39,0.121,0.331,0,0,1,2
0.39,0.121,0.334,0,0,1,2
0.39,0.121,0.337,0,0,1,2
0.39,0.121,0.34,0,0,1,2
0.39,0.121,0.343,0,0,1,2
0.39,0.121,0.346,0,0,1,2
0.39,0.121,0.349,0,0,1,2
0.39,0.121,0.352,0,0,1,2
0.39,0.121,0.355,0,0,1,2
0.39,0.121,0.358,0,0,1,2
0.39,0.121,0.361,0,0,1,2
0.39,0.121,0.364,0,0,1,2
0.39,0.121,0.367,0,0,1,2
0.39,0.121,0.37,0,0,1,2
0.39,0.121,0.373,0,0,1,2
0.39,0.121,0.376,0,0,1,2
0.39,0.121,0.379,0,0,1,2
0.39,0.121,0.382,0,0,1,2
0.39,0.121,0.385,0,0,1,2
0.39,0.121,0.388,0,0,1,2
0.39,0.121,0.391,0,0,1,2
0.39,0.121,0.394,0,0,1,2
0.39,0.121,0.397,0,0,1,2
0.39,0.121,0.4,0,0,1,2
0.39,0.121,0.403,0,0,1,2
0.39,0.121,0.406,0,0,1,2
0.39,0.121,0.409,0,0,1,2
0.39,0.121,0.412,0,0,1,2
0.39,0.121,0.415,0,0,1,2
0.39,0.121,0.418,0,0,1,2
0.39,0.121,0.420999,0,0,1,2
0.39,0.121,0.423999,0,0,1,2
0.39,0.121,0.426999,0,0,1,2
0.39,0.121,0.429999,0,0,1,2
0.39,0.121,0.432999,0,0,1,2
0.39,0.121,0.435999,0,0,1,2
0.39,0.121,0.438999,0,0,1,2
0.39,0.121,0.441999,0,0,1,2
0.39,0.121,0.444999,0,0,1,2
0.39,0.121,0.447999,0,0,1,2
0.39,0.121,0.450999,0,0,1,2
0.39,0.124,0.25,0,0,1,2
0.39,0.124,0.253,0,0,1,2
0.39,0.124,0.256,0,0,1,2
0.39,0.124,0.259,0,0,1,2
0.39,0.124,0.262,0,0,1,2
0.39,0.124,0.265,0,0,1,2
0.39,0.124,0.268,0,0,1,2
0.39,0.124,0.271,0,0,1,2
0.39,0.124,0.274,0,0,1,2
0.39,0.124,0.277,0,0,1,2
0.39,0.124,0.28,0,0,1,2
0.39,0.124,0.283,0,0,1,2
0.39,0.124,0.286,0,0,1,2
0.39,0.124,0.289,0,0,1,2
0.39,0.124,0.292,0,0,1,2
0.39,0.124,0.295,0,0,1,2
0.39,0.124,0.298,0,0,1,2
0.39,0.124,0.301,0,0,1,2
0.39,0.124,0.304,0,0,1,2
0.39,0.124,0.307,0,0,1,2
0.39,0.124,0.31,0,0,1,2
0.39,0.124,0.313,0,0,1,2
0.39,0.124,0.316,0,0,1,2
0.39,0.124,0.319,0,0,1,2
0.39,0.124,0.322,0,0,1,2
0.39,0.124,0.325,0,0,1,2
0.39,0.124,0.328,0,0,1,2
0.39,0.124,0.331,0,0,1,2
0.39,0.124,0.334,0,0,1,2
0.39,0.124,0.337,0,0,1,2
0.39,0.124,0.34,0,0,1,2
0.39,0.124,0.343,0,0,1,2
0.39,0.124,0.346,0,0,1,2
0.39,0.124,0.349,0,0,1,2
0.39,0.124,0.352,0,0,1,2
0.39,0.124,0.355,0,0,1,2
0.39,0.124,0.358,0,0,1,2
0.39,0.124,0.361,0,0,1,2
0.39,0.124,0.364,0,0,1,2
0.39,0.124,0.367,0,0,1,2
0.39,0.124,0.37,0,0,1,2
0.39,0.124,0.373,0,0,1,2
0.39,0.124,0.376,0,0,1,2
0.39,0.124,0.379,0,0,1,2
0.39,0.124,0.382,0,0,1,2
0.39,0.124,0.385,0,0,1,2
0.39,0.124,0.388,0,0,1,2
0.39,0.124,0.391,0,0,1,2
0.39,0.124,0.394,0,0,1,2
0.39,0.124,0.397,0,0,1,2
0.39,0.124,0.4,0,0,1,2
0.39,0.124,0.403,0,0,1,2
0.39,0.124,0.406,0,0,1,2
0.39,0.124,0.409,0,0,1,2
0.39,0.124,0.412,0,0,1,2
0.39,0.124,0.415,0,0,1,2
0.39,0.124,0.418,0,0,1,2
0.39,0.124,0.420999,0,0,1,2
0.39,0.124,0.423999,0,0,1,2
0.39,0.124,0.426999,0,0,1,2
0.39,0.124,0.429999,0,0,1,2
0.39,0.124,0.432999,0,0,1,2
0.39,0.124,0.435999,0,0,1,2
0.39,0.124,0.438999,0,0,1,2
0.39,0.124,0.441999,0,0,1,2
0.39,0.124,0.444999,0,0,1,2
0.39,0.124,0.447999,0,0,1,2
0.39,0.124,0.450999,0,0,1,2
0.39,0.127,0.25,0,0,1,2
0.39,0.127,0.253,0,0,1,2
0.39,0.127,0.256,0,0,1,2
0.39,0.127,0.259,0,0,1,2
0.39,0.127,0.262,0,0,1,2
0.39,0.127,0.265,0,0,1,2
0.39,0.127,0.268,0,0,1,2
0.39,0.127,0.271,0,0,1,2
0.39,0.127,0.274,0,0,1,2
0.39,0.127,0.277,0,0,1,2
0.39,0.127,0.28,0,0,1,2
0.39,0.127,0.283,0,0,1,2
0.39,0.127,0.286,0,0,1,2
0.39,0.127,0.289,0,0,1,2
0.39,0.127,0.292,0,0,1,2
0.39,0.127,0.295,0,0,1,2
0.39,0.127,0.298,0,0,1,2
0.39,0.127,0.301,0,0,1,2
0.39,0.127,0.304,0,0,1,2
0.39,0.127,0.307,0,0,1,2
0.39,0.127,0.31,0,0,1,2
0.39,0.127,0.313,0,0,1,2
0.39,0.127,0.316,0,0,1,2
0.39,0.127,0.319,0,0,1,2
0.39,0.127,0.322,0,0,1,2
0.39,0.127,0.325,0,0,1,2
0.39,0.127,0.328,0,0,1,2
0.39,0.127,0.331,0,0,1,2
0.39,0.127,0.334,0,0,1,2
0.39,0.127,0.337,0,0,1,2
0.39,0.127,0.34,0,0,1,2
0.39,0.127,0.343,0,0,1,2
0.39,0.127,0.346,0,0,1,2
0.39,0.127,0.349,0,0,1,2
0.39,0.127,0.352,0,0,1,2
0.39,0.127,0.355,0,0,1,2
0.39,0.127,0.358,0,0,1,2
0.39,0.127,0.361,0,0,1,2
0.39,0.127,0.364,0,0,1,2
0.39,0.127,0.367,0,0,1,2
0.39,0.127,0.37,0,0,1,2
0.39,0.127,0.373,0,0,1,2
0.39,0.127,0.376,0,0,1,2
0.39,0.127,0.379,0,0,1,2
0.39,0.127,0.382,0,0,1,2
0.39,0.127,0.385,0,0,1,2
0.39,0.127,0.388,0,0,1,2
0.39,0.127,0.391,0,0,1,2
0.39,0.127,0.394,0,0,1,2
0.39,0.127,0.397,0,0,1,2
0.39,0.127,0.4,0,0,1,2
0.39,0.127,0.403,0,0,1,2
0.39,0.127,0.406,0,0,1,2
0.39,0.127,0.409,0,0,1,2
0.39,0.127,0.412,0,0,1,2
0.39,0.127,0.415,0,0,1,2
0.39,0.127,0.418,0,0,1,2
0.39,0.127,0.420999,0,0,1,2
0.39,0.127,0.423999,0,0,1,2
0.39,0.127,0.426999,0,0,1,2
0.39,0.127,0.429999,0,0,1,2
0.39,0.127,0.432999,0,0,1,2
0.39,0.127,0.435999,0,0,1,2
0.39,0.127,0.438999,0,0,1,2
0.39,0.127,0.441999,0,0,1,2
0.39,0.127,0.444999,0,0,1,2
0.39,0.127,0.447999,0,0,1,2
0.39,0.127,0.450999,0,0,1,2
0.39,0.13,0.25,0,0,1,2
0.39,0.13,0.253,0,0,1,2
0.39,0.13,0.256,0,0,1,2
0.39,0.13,0.259,0,0,1,2
0.39,0.13,0.262,0,0,1,2
0.39,0.13,0.265,0,0,1,2
0.39,0.13,0.268,0,0,1,2
0.39,0.13,0.271,0,0,1,2
0.39,0.13,0.274,0,0,1,2
0.39,0.13,0.277,0,0,1,2
0.39,0.13,0.28,0,0,1,2
0.39,0.13,0.283,0,0,1,2
0.39,0.13,0.286,0,0,1,2
0.39,0.13,0.289,0,0,1,2
0.39,0.13,0.292,0,0,1,2
0.39,0.13,0.295,0,0,1,2
0.39,0.13,0.298,0,0,1,2
0.39,0.13,0.301,0,0,1,2
0.39,0.13,0.304,0,0,1,2
0.39,0.13,0.307,0,0,1,2
0.39,0.13,0.31,0,0,1,2
0.39,0.13,0.313,0,0,1,2
0.39,0.13,0.316,0,0,1,2
0.39,0.13,0.319,0,0,1,2
0.39,0.13,0.322,0,0,1,2
0.39,0.13,0.325,0,0,1,2
0.39,0.13,0.328,0,0,1,2
0.39,0.13,0.331,0,0,1,2
0.39,0.13,0.334,0,0,1,2
0.39,0.13,0.337,0,0,1,2
0.39,0.13,0.34,0,0,1,2
0.39,0.13,0.343,0,0,1,2
0.39,0.13,0.346,0,0,1,2
0.39,0.13,0.349,0,0,1,2
0.39,0.13,0.352,0,0,1,2
0.39,0.13,0.355,0,0,1,2
0.39,0.13,0.358,0,0,1,2
0.39,0.13,0.361,0,0,1,2
0.39,0.13,0.364,0,0,1,2
0.39,0.13,0.367,0,0,1,2
0.39,0.13,0.37,0,0,1,2
0.39,0.13,0.373,0,0,1,2
0.39,0.13,0.376,0,0,1,2
0.39,0.13,0.379,0,0,1,2
0.39,0.13,0.382,0,0,1,2
0.39,0.13,0.385,0,0,1,2
0.39,0.13,0.388,0,0,1,2
0.39,0.13,0.391,0,0,1,2
0.39,0.13,0.394,0,0,1,2
0.39,0.13,0.397,0,0,1,2
0.39,0.13,0.4,0,0,1,2
0.39,0.13,0.403,0,0,1,2
0.39,0.13,0.406,0,0,1,2
0.39,0.13,0.409,0,0,1,2
0.39,0.13,0.412,0,0,1,2
0.39,0.13,0.415,0,0,1,2
0.39,0.13,0.418,0,0,1,2
0.39,0.13,0.420999,0,0,1,2
0.39,0.13,0.423999,0,0,1,2
0.39,0.13,0.426999,0,0,1,2
0.39,0.13,0.429999,0,0,1,2
0.39,0.13,0.432999,0,0,1,2
0.39,0.13,0.435999,0,0,1,2
0.39,0.13,0.438999,0,0,1,2
0.39,0.13,0.441999,0,0,1,2
0.39,0.13,0.444999,0,0,1,2
0.39,0.13,0.447999,0,0,1,2
0.39,0.13,0.450999,0,0,1,2
0.39,0.133,0.25,0,0,1,2
0.39,0.133,0.253,0,0,1,2
0.39,0.133,0.256,0,0,1,2
0.39,0.133,0.259,0,0,1,2
0.39,0.133,0.262,0,0,1,2
0.39,0.133,0.265,0,0,1,2
0.39,0.133,0.268,0,0,1,2
0.39,0.133,0.271,0,0,1,2
0.39,0.133,0.274,0,0,1,2
0.39,0.133,0.277,0,0,1,2
0.39,0.133,0.28,0,0,1,2
0.39,0.133,0.283,0,0,1,2
0.39,0.133,0.286,0,0,1,2
0.39,0.133,0.289,0,0,1,2
0.39,0.133,0.292,0,0,1,2
0.39,0.133,0.295,0,0,1,2
0.39,0.133,0.298,0,0,1,2
0.39,0.133,0.301,0,0,1,2
0.39,0.133,0.304,0,0,1,2
0.39,0.133,0.307,0,0,1,2
0.39,0.133,0.31,0,0,1,2
0.39,0.133,0.313,0,0,1,2
0.39,0.133,0.316,0,0,1,2
0.39,0.133,0.319,0,0,1,2
0.39,0.133,0.322,0,0,1,2
0.39,0.133,0.325,0,0,1,2
0.39,0.133,0.328,0,0,1,2
0.39,0.133,0.331,0,0,1,2
0.39,0.133,0.334,0,0,1,2
0.39,0.133,0.337,0,0,1,2
0.39,0.133,0.34,0,0,1,2
0.39,0.133,0.343,0,0,1,2
0.39,0.133,0.346,0,0,1,2
0.39,0.133,0.349,0,0,1,2
0.39,0.133,0.352,0,0,1,2
0.39,0.133,0.355,0,0,1,2
0.39,0.133,0.358,0,0,1,2
0.39,0.133,0.361,0,0,1,2
0.39,0.133,0.364,0,0,1,2
0.39,0.133,0.367,0,0,1,2
0.39,0.133,0.37,0,0,1,2
0.39,0.133,0.373,0,0,1,2
0.39,0.133,0.376,0,0,1,2
0.39,0.133,0.379,0,0,1,2
0.39,0.133,0.382,0,0,1,2
0.39,0.133,0.385,0,0,1,2
0.39,0.133,0.388,0,0,1,2
0.39,0.133,0.391,0,0,1,2
0.39,0.133,0.394,0,0,1,2
0.39,0.133,0.397,0,0,1,2
0.39,0.133,0.4,0,0,1,2
0.39,0.133,0.403,0,0,1,2
0.39,0.133,0.406,0,0,1,2
0.39,0.133,0.409,0,0,1,2
0.39,0.133,0.412,0,0,1,2
0.39,0.133,0.415,0,0,1,2
0.39,0.133,0.418,0,0,1,2
0.39,0.133,0.420999,0,0,1,2
0.39,0.133,0.423999,0,0,1,2
0.39,0.133,0.426999,0,0,1,2
0.39,0.133,0.429999,0,0,1,2
0.39,0.133,0.432999,0,0,1,2
0.39,0.133,0.435999,0,0,1,2
0.39,0.133,0.438999,0,0,1,2
0.39,0.133,0.441999,0,0,1,2
0.39,0.133,0.444999,0,0,1,2
0.39,0.133,0.447999,0,0,1,2
0.39,0.133,0.450999,0,0,1,2
0.39,0.136,0.25,0,0,1,2
0.39,0.136,0.253,0,0,1,2
0.39,0.136,0.256,0,0,1,2
0.39,0.136,0.259,0,0,1,2
0.39,0.136,0.262,0,0,1,2
0.39,0.136,0.265,0,0,1,2
0.39,0.136,0.268,0,0,1,2
0.39,0.136,0.271,0,0,1,2
0.39,0.136,0.274,0,0,1,2
0.39,0.136,0.277,0,0,1,2
0.39,0.136,0.28,0,0,1,2
0.39,0.136,0.283,0,0,1,2
0.39,0.136,0.286,0,0,1,2
0.39,0.136,0.289,0,0,1,2
0.39,0.136,0.292,0,0,1,2
0.39,0.136,0.295,0,0,1,2
0.39,0.136,0.298,0,0,1,2
0.39,0.136,0.301,0,0,1,2
0.39,0.136,0.304,0,0,1,2
0.39,0.136,0.307,0,0,1,2
0.39,0.136,0.31,0,0,1,2
0.39,0.136,0.313,0,0,1,2
0.39,0.136,0.316,0,0,1,2
0.39,0.136,0.319,0,0,1,2
0.39,0.136,0.322,0,0,1,2
0.39,0.136,0.325,0,0,1,2
0.39,0.136,0.328,0,0,1,2
0.39,0.136,0.331,0,0,1,2
0.39,0.136,0.334,0,0,1,2
0.39,0.136,0.337,0,0,1,2
0.39,0.136,0.34,0,0,1,2
0.39,0.136,0.343,0,0,1,2
0.39,0.136,0.346,0,0,1,2
0.39,0.136,0.349,0,0,1,2
0.39,0.136,0.352,0,0,1,2
0.39,0.136,0.355,0,0,1,2
0.39,0.136,0.358,0,0,1,2
0.39,0.136,0.361,0,0,1,2
0.39,0.136,0.364,0,0,1,2
0.39,0.136,0.367,0,0,1,2
0.39,0.136,0.37,0,0,1,2
0.39,0.136,0.373,0,0,1,2
0.39,0.136,0.376,0,0,1,2
0.39,0.136,0.379,0,0,1,2
0.39,0.136,0.382,0,0,1,2
0.39,0.136,0.385,0,0,1,2
0.39,0.136,0.388,0,0,1,2
0.39,0.136,0.391,0,0,1,2
0.39,0.136,0.394,0,0,1,2
0.39,0.136,0.397,0,0,1,2
0.39,0.136,0.4,0,0,1,2
0.39,0.136,0.403,0,0,1,2
0.39,0.136,0.406,0,0,1,2
0.39,0.136,0.409,0,0,1,2
0.39,0.136,0.412,0,0,1,2
0.39,0.136,0.415,0,0,1,2
0.39,0.136,0.418,0,0,1,2
0.39,0.136,0.420999,0,0,1,2
0.39,0.136,0.423999,0,0,1,2
0.39,0.136,0.426999,0,0,1,2
0.39,0.136,0.429999,0,0,1,2
0.39,0.136,0.432999,0,0,1,2
0.39,0.136,0.435999,0,0,1,2
0.39,0.136,0.438999,0,0,1,2
0.39,0.136,0.441999,0,0,1,2
0.39,0.136,0.444999,0,0,1,2
0.39,0.136,0.447999,0,0,1,2
0.39,0.136,0.450999,0,0,1,2
0.39,0.139,0.25,0,0,1,2
0.39,0.139,0.253,0,0,1,2
0.39,0.139,0.256,0,0,1,2
0.39,0.139,0.259,0,0,1,2
0.39,0.139,0.262,0,0,1,2
0.39,0.139,0.265,0,0,1,2
0.39,0.139,0.268,0,0,1,2
0.39,0.139,0.271,0,0,1,2
0.39,0.139,0.274,0,0,1,2
0.39,0.139,0.277,0,0,1,2
0.39,0.139,0.28,0,0,1,2
0.39,0.139,0.283,0,0,1,2
0.39,0.139,0.286,0,0,1,2
0.39,0.139,0.289,0,0,1,2
0.39,0.139,0.292,0,0,1,2
0.39,0.139,0.295,0,0,1,2
0.39,0.139,0.298,0,0,1,2
0.39,0.139,0.301,0,0,1,2
0.39,0.139,0.304,0,0,1,2
0.39,0.139,0.307,0,0,1,2
0.39,0.139,0.31,0,0,1,2
0.39,0.139,0.313,0,0,1,2
0.39,0.139,0.316,0,0,1,2
0.39,0.139,0.319,0,0,1,2
0.39,0.139,0.322,0,0,1,2
0.39,0.139,0.325,0,0,1,2
0.39,0.139,0.328,0,0,1,2
0.39,0.139,0.331,0,0,1,2
0.39,0.139,0.334,0,0,1,2
0.39,0.139,0.337,0,0,1,2
0.39,0.139,0.34,0,0,1,2
0.39,0.139,0.343,0,0,1,2
0.39,0.139,0.346,0,0,1,2
0.39,0.139,0.349,0,0,1,2
0.39,0.139,0.352,0,0,1,2
0.39,0.139,0.355,0,0,1,2
0.39,0.139,0.358,0,0,1,2
0.39,0.139,0.361,0,0,1,2
0.39,0.139,0.364,0,0,1,2
0.39,0.139,0.367,0,0,1,2
0.39,0.139,0.37,0,0,1,2
0.39,0.139,0.373,0,0,1,2
0.39,0.139,0.376,0,0,1,2
0.39,0.139,0.379,0,0,1,2
0.39,0.139,0.382,0,0,1,2
0.39,0.139,0.385,0,0,1,2
0.39,0.139,0.388,0,0,1,2
0.39,0.139,0.391,0,0,1,2
0.39,0.139,0.394,0,0,1,2
0.39,0.139,0.397,0,0,1,2
0.39,0.139,0.4,0,0,1,2
0.39,0.139,0.403,0,0,1,2
0.39,0.139,0.406,0,0,1,2
0.39,0.139,0.409,0,0,1,2
0.39,0.139,0.412,0,0,1,2
0.39,0.139,0.415,0,0,1,2
0.39,0.139,0.418,0,0,1,2
0.39,0.139,0.420999,0,0,1,2
0.39,0.139,0.423999,0,0,1,2
0.39,0.139,0.426999,0,0,1,2
0.39,0.139,0.429999,0,0,1,2
0.39,0.139,0.432999,0,0,1,2
0.39,0.139,0.435999,0,0,1,2
0.39,0.139,0.438999,0,0,1,2
0.39,0.139,0.441999,0,0,1,2
0.39,0.139,0.444999,0,0,1,2
0.39,0.139,0.447999,0,0,1,2
0.39,0.139,0.450999,0,0,1,2
0.39,0.142,0.25,0,0,1,2
0.39,0.142,0.253,0,0,1,2
0.39,0.142,0.256,0,0,1,2
0.39,0.142,0.259,0,0,1,2
0.39,0.142,0.262,0,0,1,2
0.39,0.142,0.265,0,0,1,2
0.39,0.142,0.268,0,0,1,2
0.39,0.142,0.271,0,0,1,2
0.39,0.142,0.274,0,0,1,2
0.39,0.142,0.277,0,0,1,2
0.39,0.142,0.28,0,0,1,2
0.39,0.142,0.283,0,0,1,2
0.39,0.142,0.286,0,0,1,2
0.39,0.142,0.289,0,0,1,2
0.39,0.142,0.292,0,0,1,2
0.39,0.142,0.295,0,0,1,2
0.39,0.142,0.298,0,0,1,2
0.39,0.142,0.301,0,0,1,2
0.39,0.142,0.304,0,0,1,2
0.39,0.142,0.307,0,0,1,2
0.39,0.142,0.31,0,0,1,2
0.39,0.142,0.313,0,0,1,2
0.39,0.142,0.316,0,0,1,2
0.39,0.142,0.319,0,0,1,2
0.39,0.142,0.322,0,0,1,2
0.39,0.142,0.325,0,0,1,2
0.39,0.142,0.328,0,0,1,2
0.39,0.142,0.331,0,0,1,2
0.39,0.142,0.334,0,0,1,2
0.39,0.142,0.337,0,0,1,2
0.39,0.142,0.34,0,0,1,2
0.39,0.142,0.343,0,0,1,2
0.39,0.142,0.346,0,0,1,2
0.39,0.142,0.349,0,0,1,2
0.39,0.142,0.352,0,0,1,2
0.39,0.142,0.355,0,0,1,2
0.39,0.142,0.358,0,0,1,2
0.39,0.142,0.361,0,0,1,2
0.39,0.142,0.364,0,0,1,2
0.39,0.142,0.367,0,0,1,2
0.39,0.142,0.37,0,0,1,2
0.39,0.142,0.373,0,0,1,2
0.39,0.142,0.376,0,0,1,2
0.39,0.142,0.379,0,0,1,2
0.39,0.142,0.382,0,0,1,2
0.39,0.142,0.385,0,0,1,2
0.39,0.142,0.388,0,0,1,2
0.39,0.142,0.391,0,0,1,2
0.39,0.142,0.394,0,0,1,2
0.39,0.142,0.397,0,0,1,2
0.39,0.142,0.4,0,0,1,2
0.39,0.142,0.403,0,0,1,2
0.39,0.142,0.406,0,0,1,2
0.39,0.142,0.409,0,0,1,2
0.39,0.142,0.412,0,0,1,2
0.39,0.142,0.415,0,0,1,2
0.39,0.142,0.418,0,0,1,2
0.39,0.142,0.420999,0,0,1,2
0.39,0.142,0.423999,0,0,1,2
0.39,0.142,0.426999,0,0,1,2
0.39,0.142,0.429999,0,0,1,2
0.39,0.142,0.432999,0,0,1,2
0.39,0.142,0.435999,0,0,1,2
0.39,0.142,0.438999,0,0,1,2
0.39,0.142,0.441999,0,0,1,2
0.39,0.142,0.444999,0,0,1,2
0.39,0.142,0.447999,0,0,1,2
0.39,0.142,0.450999,0,0,1,2
0.39,0.145,0.25,0,0,1,2
0.39,0.145,0.253,0,0,1,2
0.39,0.145,0.256,0,0,1,2
0.39,0.145,0.259,0,0,1,2
0.39,0.145,0.262,0,0,1,2
0.39,0.145,0.265,0,0,1,2
0.39,0.145,0.268,0,0,1,2
0.39,0.145,0.271,0,0,1,2
0.39,0.145,0.274,0,0,1,2
0.39,0.145,0.277,0,0,1,2
0.39,0.145,0.28,0,0,1,2
0.39,0.145,0.283,0,0,1,2
0.39,0.145,0.286,0,0,1,2
0.39,0.145,0.289,0,0,1,2
0.39,0.145,0.292,0,0,1,2
0.39,0.145,0.295,0,0,1,2
0.39,0.145,0.298,0,0,1,2
0.39,0.145,0.301,0,0,1,2
0.39,0.145,0.304,0,0,1,2
0.39,0.145,0.307,0,0,1,2
0.39,0.145,0.31,0,0,1,2
0.39,0.145,0.313,0,0,1,2
0.39,0.145,0.316,0,0,1,2
0.39,0.145,0.319,0,0,1,2
0.39,0.145,0.322,0,0,1,2
0.39,0.145,0.325,0,0,1,2
0.39,0.145,0.328,0,0,1,2
0.39,0.145,0.331,0,0,1,2
0.39,0.145,0.334,0,0,1,2
0.39,0.145,0.337,0,0,1,2
0.39,0.145,0.34,0,0,1,2
0.39,0.145,0.343,0,0,1,2
0.39,0.145,0.346,0,0,1,2
0.39,0.145,0.349,0,0,1,2
0.39,0.145,0.352,0,0,1,2
0.39,0.145,0.355,0,0,1,2
0.39,0.145,0.358,0,0,1,2
0.39,0.145,0.361,0,0,1,2
0.39,0.145,0.364,0,0,1,2
0.39,0.145,0.367,0,0,1,2
0.39,0.145,0.37,0,0,1,2
0.39,0.145,0.373,0,0,1,2
0.39,0.145,0.376,0,0,1,2
0.39,0.145,0.379,0,0,1,2
0.39,0.145,0.382,0,0,1,2
0.39,0.145,0.385,0,0,1,2
0.39,0.145,0.388,0,0,1,2
0.39,0.145,0.391,0,0,1,2
0.39,0.145,0.394,0,0,1,2
0.39,0.145,0.397,0,0,1,2
0.39,0.145,0.4,0,0,1,2
0.39,0.145,0.403,0,0,1,2
0.39,0.145,0.406,0,0,1,2
0.39,0.145,0.409,0,0,1,2
0.39,0.145,0.412,0,0,1,2
0.39,0.145,0.415,0,0,1,2
0.39,0.145,0.418,0,0,1,2
0.39,0.145,0.420999,0,0,1,2
0.39,0.145,0.423999,0,0,1,2
0.39,0.145,0.426999,0,0,1,2
0.39,0.145,0.429999,0,0,1,2
0.39,0.145,0.432999,0,0,1,2
0.39,0.145,0.435999,0,0,1,2
0.39,0.145,0.438999,0,0,1,2
0.39,0.145,0.441999,0,0,1,2
0.39,0.145,0.444999,0,0,1,2
0.39,0.145,0.447999,0,0,1,2
0.39,0.145,0.450999,0,0,1,2
0.39,0.148,0.25,0,0,1,2
0.39,0.148,0.253,0,0,1,2
0.39,0.148,0.256,0,0,1,2
0.39,0.148,0.259,0,0,1,2
0.39,0.148,0.262,0,0,1,2
0.39,0.148,0.265,0,0,1,2
0.39,0.148,0.268,0,0,1,2
0.39,0.148,0.271,0,0,1,2
0.39,0.148,0.274,0,0,1,2
0.39,0.148,0.277,0,0,1,2
0.39,0.148,0.28,0,0,1,2
0.39,0.148,0.283,0,0,1,2
0.39,0.148,0.286,0,0,1,2
0.39,0.148,0.289,0,0,1,2
0.39,0.148,0.292,0,0,1,2
0.39,0.148,0.295,0,0,1,2
0.39,0.148,0.298,0,0,1,2
0.39,0.148,0.301,0,0,1,2
0.39,0.148,0.304,0,0,1,2
0.39,0.148,0.307,0,0,1,2
0.39,0.148,0.31,0,0,1,2
0.39,0.148,0.313,0,0,1,2
0.39,0.148,0.316,0,0,1,2
0.39,0.148,0.319,0,0,1,2
0.39,0.148,0.322,0,0,1,2
0.39,0.148,0.325,0,0,1,2
0.39,0.148,0.328,0,0,1,2
0.39,0.148,0.331,0,0,1,2
0.39,0.148,0.334,0,0,1,2
0.39,0.148,0.337,0,0,1,2
0.39,0.148,0.34,0,0,1,2
0.39,0.148,0.343,0,0,1,2
0.39,0.148,0.346,0,0,1,2
0.39,0.148,0.349,0,0,1,2
0.39,0.148,0.352,0,0,1,2
0.39,0.148,0.355,0,0,1,2
0.39,0.148,0.358,0,0,1,2
0.39,0.148,0.361,0,0,1,2
0.39,0.148,0.364,0,0,1,2
0.39,0.148,0.367,0,0,1,2
0.39,0.148,0.37,0,0,1,2
0.39,0.148,0.373,0,0,1,2
0.39,0.148,0.376,0,0,1,2
0.39,0.148,0.379,0,0,1,2
0.39,0.148,0.382,0,0,1,2
0.39,0.148,0.385,0,0,1,2
0.39,0.148,0.388,0,0,1,2
0.39,0.148,0.391,0,0,1,2
0.39,0.148,0.394,0,0,1,2
0.39,0.148,0.397,0,0,1,2
0.39,0.148,0.4,0,0,1,2
0.39,0.148,0.403,0,0,1,2
0.39,0.148,0.406,0,0,1,2
0.39,0.148,0.409,0,0,1,2
0.39,0.148,0.412,0,0,1,2
0.39,0.148,0.415,0,0,1,2
0.39,0.148,0.418,0,0,1,2
0.39,0.148,0.420999,0,0,1,2
0.39,0.148,0.423999,0,0,1,2
0.39,0.148,0.426999,0,0,1,2
0.39,0.148,0.429999,0,0,1,2
0.39,0.148,0.432999,0,0,1,2
0.39,0.148,0.435999,0,0,1,2
0.39,0.148,0.438999,0,0,1,2
0.39,0.148,0.441999,0,0,1,2
0.39,0.148,0.444999,0,0,1,2
0.39,0.148,0.447999,0,0,1,2
0.39,0.148,0.450999,0,0,1,2
0.39,0.151,0.25,0,0,1,2
0.39,0.151,0.253,0,0,1,2
0.39,0.151,0.256,0,0,1,2
0.39,0.151,0.259,0,0,1,2
0.39,0.151,0.262,0,0,1,2
0.39,0.151,0.265,0,0,1,2
0.39,0.151,0.268,0,0,1,2
0.39,0.151,0.271,0,0,1,2
0.39,0.151,0.274,0,0,1,2
0.39,0.151,0.277,0,0,1,2
0.39,0.151,0.28,0,0,1,2
0.39,0.151,0.283,0,0,1,2
0.39,0.151,0.286,0,0,1,2
0.39,0.151,0.289,0,0,1,2
0.39,0.151,0.292,0,0,1,2
0.39,0.151,0.295,0,0,1,2
0.39,0.151,0.298,0,0,1,2
0.39,0.151,0.301,0,0,1,2
0.39,0.151,0.304,0,0,1,2
0.39,0.151,0.307,0,0,1,2
0.39,0.151,0.31,0,0,1,2
0.39,0.151,0.313,0,0,1,2
0.39,0.151,0.316,0,0,1,2
0.39,0.151,0.319,0,0,1,2
0.39,0.151,0.322,0,0,1,2
0.39,0.151,0.325,0,0,1,2
0.39,0.151,0.328,0,0,1,2
0.39,0.151,0.331,0,0,1,2
0.39,0.151,0.334,0,0,1,2
0.39,0.151,0.337,0,0,1,2
0.39,0.151,0.34,0,0,1,2
0.39,0.151,0.343,0,0,1,2
0.39,0.151,0.346,0,0,1,2
0.39,0.151,0.349,0,0,1,2
0.39,0.151,0.352,0,0,1,2
0.39,0.151,0.355,0,0,1,2
0.39,0.151,0.358,0,0,1,2
0.39,0.151,0.361,0,0,1,2
0.39,0.151,0.364,0,0,1,2
0.39,0.151,0.367,0,0,1,2
0.39,0.151,0.37,0,0,1,2
0.39,0.151,0.373,0,0,1,2
0.39,0.151,0.376,0,0,1,2
0.39,0.151,0.379,0,0,1,2
0.39,0.151,0.382,0,0,1,2
0.39,0.151,0.385,0,0,1,2
0.39,0.151,0.388,0,0,1,2
0.39,0.151,0.391,0,0,1,2
0.39,0.151,0.394,0,0,1,2
0.39,0.151,0.397,0,0,1,2
0.39,0.151,0.4,0,0,1,2
0.39,0.151,0.403,0,0,1,2
0.39,0.151,0.406,0,0,1,2
0.39,0.151,0.409,0,0,1,2
0.39,0.151,0.412,0,0,1,2
0.39,0.151,0.415,0,0,1,2
0.39,0.151,0.418,0,0,1,2
0.39,0.151,0.420999,0,0,1,2
0.39,0.151,0.423999,0,0,1,2
0.39,0.151,0.426999,0,0,1,2
0.39,0.151,0.429999,0,0,1,2
0.39,0.151,0.432999,0,0,1,2
0.39,0.151,0.435999,0,0,1,2
0.39,0.151,0.438999,0,0,1,2
0.39,0.151,0.441999,0,0,1,2
0.39,0.151,0.444999,0,0,1,2
0.39,0.151,0.447999,0,0,1,2
0.39,0.151,0.450999,0,0,1,2
0.39,0.154,0.25,0,0,1,2
0.39,0.154,0.253,0,0,1,2
0.39,0.154,0.256,0,0,1,2
0.39,0.154,0.259,0,0,1,2
0.39,0.154,0.262,0,0,1,2
0.39,0.154,0.265,0,0,1,2
0.39,0.154,0.268,0,0,1,2
0.39,0.154,0.271,0,0,1,2
0.39,0.154,0.274,0,0,1,2
0.39,0.154,0.277,0,0,1,2
0.39,0.154,0.28,0,0,1,2
0.39,0.154,0.283,0,0,1,2
0.39,0.154,0.286,0,0,1,2
0.39,0.154,0.289,0,0,1,2
0.39,0.154,0.292,0,0,1,2
0.39,0.154,0.295,0,0,1,2
0.39,0.154,0.298,0,0,1,2
0.39,0.154,0.301,0,0,1,2
0.39,0.154,0.304,0,0,1,2
0.39,0.154,0.307,0,0,1,2
0.39,0.154,0.31,0,0,1,2
0.39,0.154,0.313,0,0,1,2
0.39,0.154,0.316,0,0,1,2
0.39,0.154,0.319,0,0,1,2
0.39,0.154,0.322,0,0,1,2
0.39,0.154,0.325,0,0,1,2
0.39,0.154,0.328,0,0,1,2
0.39,0.154,0.331,0,0,1,2
0.39,0.154,0.334,0,0,1,2
0.39,0.154,0.337,0,0,1,2
0.39,0.154,0.34,0,0,1,2
0.39,0.154,0.343,0,0,1,2
0.39,0.154,0.346,0,0,1,2
0.39,0.154,0.349,0,0,1,2
0.39,0.154,0.352,0,0,1,2
0.39,0.154,0.355,0,0,1,2
0.39,0.154,0.358,0,0,1,2
0.39,0.154,0.361,0,0,1,2
0.39,0.154,0.364,0,0,1,2
0.39,0.154,0.367,0,0,1,2
0.39,0.154,0.37,0,0,1,2
0.39,0.154,0.373,0,0,1,2
0.39,0.154,0.376,0,0,1,2
0.39,0.154,0.379,0,0,1,2
0.39,0.154,0.382,0,0,1,2
0.39,0.154,0.385,0,0,1,2
0.39,0.154,0.388,0,0,1,2
0.39,0.154,0.391,0,0,1,2
0.39,0.154,0.394,0,0,1,2
0.39,0.154,0.397,0,0,1,2
0.39,0.154,0.4,0,0,1,2
0.39,0.154,0.403,0,0,1,2
0.39,0.154,0.406,0,0,1,2
0.39,0.154,0.409,0,0,1,2
0.39,0.154,0.412,0,0,1,2
0.39,0.154,0.415,0,0,1,2
0.39,0.154,0.418,0,0,1,2
0.39,0.154,0.420999,0,0,1,2
0.39,0.154,0.423999,0,0,1,2
0.39,0.154,0.426999,0,0,1,2
0.39,0.154,0.429999,0,0,1,2
0.39,0.154,0.432999,0,0,1,2
0.39,0.154,0.435999,0,0,1,2
0.39,0.154,0.438999,0,0,1,2
0.39,0.154,0.441999,0,0,1,2
0.39,0.154,0.444999,0,0,1,2
0.39,0.154,0.447999,0,0,1,2
0.39,0.154,0.450999,0,0,1,2
0.39,0.157,0.25,0,0,1,2
0.39,0.157,0.253,0,0,1,2
0.39,0.157,0.256,0,0,1,2
0.39,0.157,0.259,0,0,1,2
0.39,0.157,0.262,0,0,1,2
0.39,0.157,0.265,0,0,1,2
0.39,0.157,0.268,0,0,1,2
0.39,0.157,0.271,0,0,1,2
0.39,0.157,0.274,0,0,1,2
0.39,0.157,0.277,0,0,1,2
0.39,0.157,0.28,0,0,1,2
0.39,0.157,0.283,0,0,1,2
0.39,0.157,0.286,0,0,1,2
0.39,0.157,0.289,0,0,1,2
0.39,0.157,0.292,0,0,1,2
0.39,0.157,0.295,0,0,1,2
0.39,0.157,0.298,0,0,1,2
0.39,0.157,0.301,0,0,1,2
0.39,0.157,0.304,0,0,1,2
0.39,0.157,0.307,0,0,1,2
0.39,0.157,0.31,0,0,1,2
0.39,0.157,0.313,0,0,1,2
0.39,0.157,0.316,0,0,1,2
0.39,0.157,0.319,0,0,1,2
0.39,0.157,0.322,0,0,1,2
0.39,0.157,0.325,0,0,1,2
0.39,0.157,0.328,0,0,1,2
0.39,0.157,0.331,0,0,1,2
0.39,0.157,0.334,0,0,1,2
0.39,0.157,0.337,0,0,1,2
0.39,0.157,0.34,0,0,1,2
0.39,0.157,0.343,0,0,1,2
0.39,0.157,0.346,0,0,1,2
0.39,0.157,0.349,0,0,1,2
0.39,0.157,0.352,0,0,1,2
0.39,0.157,0.355,0,0,1,2
0.39,0.157,0.358,0,0,1,2
0.39,0.157,0.361,0,0,1,2
0.39,0.157,0.364,0,0,1,2
0.39,0.157,0.367,0,0,1,2
0.39,0.157,0.37,0,0,1,2
0.39,0.157,0.373,0,0,1,2
0.39,0.157,0.376,0,0,1,2
0.39,0.157,0.379,0,0,1,2
0.39,0.157,0.382,0,0,1,2
0.39,0.157,0.385,0,0,1,2
0.39,0.157,0.388,0,0,1,2
0.39,0.157,0.391,0,0,1,2
0.39,0.157,0.394,0,0,1,2
0.39,0.157,0.397,0,0,1,2
0.39,0.157,0.4,0,0,1,2
0.39,0.157,0.403,0,0,1,2
0.39,0.157,0.406,0,0,1,2
0.39,0.157,0.409,0,0,1,2
0.39,0.157,0.412,0,0,1,2
0.39,0.157,0.415,0,0,1,2
0.39,0.157,0.418,0,0,1,2
0.39,0.157,0.420999,0,0,1,2
0.39,0.157,0.423999,0,0,1,2
0.39,0.157,0.426999,0,0,1,2
0.39,0.157,0.429999,0,0,1,2
0.39,0.157,0.432999,0,0,1,2
0.39,0.157,0.435999,0,0,1,2
0.39,0.157,0.438999,0,0,1,2
0.39,0.157,0.441999,0,0,1,2
0.39,0.157,0.444999,0,0,1,2
0.39,0.157,0.447999,0,0,1,2
0.39,0.157,0.450999,0,0,1,2
0.39,0.16,0.25,0,0,1,2
0.39,0.16,0.253,0,0,1,2
0.39,0.16,0.256,0,0,1,2
0.39,0.16,0.259,0,0,1,2
0.39,0.16,0.262,0,0,1,2
0.39,0.16,0.265,0,0,1,2
0.39,0.16,0.268,0,0,1,2
0.39,0.16,0.271,0,0,1,2
0.39,0.16,0.274,0,0,1,2
0.39,0.16,0.277,0,0,1,2
0.39,0.16,0.28,0,0,1,2
0.39,0.16,0.283,0,0,1,2
0.39,0.16,0.286,0,0,1,2
0.39,0.16,0.289,0,0,1,2
0.39,0.16,0.292,0,0,1,2
0.39,0.16,0.295,0,0,1,2
0.39,0.16,0.298,0,0,1,2
0.39,0.16,0.301,0,0,1,2
0.39,0.16,0.304,0,0,1,2
0.39,0.16,0.307,0,0,1,2
0.39,0.16,0.31,0,0,1,2
0.39,0.16,0.313,0,0,1,2
0.39,0.16,0.316,0,0,1,2
0.39,0.16,0.319,0,0,1,2
0.39,0.16,0.322,0,0,1,2
0.39,0.16,0.325,0,0,1,2
0.39,0.16,0.328,0,0,1,2
0.39,0.16,0.331,0,0,1,2
0.39,0.16,0.334,0,0,1,2
0.39,0.16,0.337,0,0,1,2
0.39,0.16,0.34,0,0,1,2
0.39,0.16,0.343,0,0,1,2
0.39,0.16,0.346,0,0,1,2
0.39,0.16,0.349,0,0,1,2
0.39,0.16,0.352,0,0,1,2
0.39,0.16,0.355,0,0,1,2
0.39,0.16,0.358,0,0,1,2
0.39,0.16,0.361,0,0,1,2
0.39,0.16,0.364,0,0,1,2
0.39,0.16,0.367,0,0,1,2
0.39,0.16,0.37,0,0,1,2
0.39,0.16,0.373,0,0,1,2
0.39,0.16,0.376,0,0,1,2
0.39,0.16,0.379,0,0,1,2
0.39,0.16,0.382,0,0,1,2
0.39,0.16,0.385,0,0,1,2
0.39,0.16,0.388,0,0,1,2
0.39,0.16,0.391,0,0,1,2
0.39,0.16,0.394,0,0,1,2
0.39,0.16,0.397,0,0,1,2
0.39,0.16,0.4,0,0,1,2
0.39,0.16,0.403,0,0,1,2
0.39,0.16,0.406,0,0,1,2
0.39,0.16,0.409,0,0,1,2
0.39,0.16,0.412,0,0,1,2
0.39,0.16,0.415,0,0,1,2
0.39,0.16,0.418,0,0,1,2
0.39,0.16,0.420999,0,0,1,2
0.39,0.16,0.423999,0,0,1,2
0.39,0.16,0.426999,0,0,1,2
0.39,0.16,0.429999,0,0,1,2
0.39,0.16,0.432999,0,0,1,2
0.39,0.16,0.435999,0,0,1,2
0.39,0.16,0.438999,0,0,1,2
0.39,0.16,0.441999,0,0,1,2
0.39,0.16,0.444999,0,0,1,2
0.39,0.16,0.447999,0,0,1,2
0.39,0.16,0.450999,0,0,1,2
0.39,0.163,0.25,0,0,1,2
0.39,0.163,0.253,0,0,1,2
0.39,0.163,0.256,0,0,1,2
0.39,0.163,0.259,0,0,1,2
0.39,0.163,0.262,0,0,1,2
0.39,0.163,0.265,0,0,1,2
0.39,0.163,0.268,0,0,1,2
0.39,0.163,0.271,0,0,1,2
0.39,0.163,0.274,0,0,1,2
0.39,0.163,0.277,0,0,1,2
0.39,0.163,0.28,0,0,1,2
0.39,0.163,0.283,0,0,1,2
0.39,0.163,0.286,0,0,1,2
0.39,0.163,0.289,0,0,1,2
0.39,0.163,0.292,0,0,1,2
0.39,0.163,0.295,0,0,1,2
0.39,0.163,0.298,0,0,1,2
0.39,0.163,0.301,0,0,1,2
0.39,0.163,0.304,0,0,1,2
0.39,0.163,0.307,0,0,1,2
0.39,0.163,0.31,0,0,1,2
0.39,0.163,0.313,0,0,1,2
0.39,0.163,0.316,0,0,1,2
0.39,0.163,0.319,0,0,1,2
0.39,0.163,0.322,0,0,1,2
0.39,0.163,0.325,0,0,1,2
0.39,0.163,0.328,0,0,1,2
0.39,0.163,0.331,0,0,1,2
0.39,0.163,0.334,0,0,1,2
0.39,0.163,0.337,0,0,1,2
0.39,0.163,0.34,0,0,1,2
0.39,0.163,0.343,0,0,1,2
0.39,0.163,0.346,0,0,1,2
0.39,0.163,0.349,0,0,1,2
0.39,0.163,0.352,0,0,1,2
0.39,0.163,0.355,0,0,1,2
0.39,0.163,0.358,0,0,1,2
0.39,0.163,0.361,0,0,1,2
0.39,0.163,0.364,0,0,1,2
0.39,0.163,0.367,0,0,1,2
0.39,0.163,0.37,0,0,1,2
0.39,0.163,0.373,0,0,1,2
0.39,0.163,0.376,0,0,1,2
0.39,0.163,0.379,0,0,1,2
0.39,0.163,0.382,0,0,1,2
0.39,0.163,0.385,0,0,1,2
0.39,0.163,0.388,0,0,1,2
0.39,0.163,0.391,0,0,1,2
0.39,0.163,0.394,0,0,1,2
0.39,0.163,0.397,0,0,1,2
0.39,0.163,0.4,0,0,1,2
0.39,0.163,0.403,0,0,1,2
0.39,0.163,0.406,0,0,1,2
0.39,0.163,0.409,0,0,1,2
0.39,0.163,0.412,0,0,1,2
0.39,0.163,0.415,0,0,1,2
0.39,0.163,0.418,0,0,1,2
0.39,0.163,0.420999,0,0,1,2
0.39,0.163,0.423999,0,0,1,2
0.39,0.163,0.426999,0,0,1,2
0.39,0.163,0.429999,0,0,1,2
0.39,0.163,0.432999,0,0,1,2
0.39,0.163,0.435999,0,0,1,2
0.39,0.163,0.438999,0,0,1,2
0.39,0.163,0.441999,0,0,1,2
0.39,0.163,0.444999,0,0,1,2
0.39,0.163,0.447999,0,0,1,2
0.39,0.163,0.450999,0,0,1,2
0.39,0.166,0.25,0,0,1,2
0.39,0.166,0.253,0,0,1,2
0.39,0.166,0.256,0,0,1,2
0.39,0.166,0.259,0,0,1,2
0.39,0.166,0.262,0,0,1,2
0.39,0.166,0.265,0,0,1,2
0.39,0.166,0.268,0,0,1,2
0.39,0.166,0.271,0,0,1,2
0.39,0.166,0.274,0,0,1,2
0.39,0.166,0.277,0,0,1,2
0.39,0.166,0.28,0,0,1,2
0.39,0.166,0.283,0,0,1,2
0.39,0.166,0.286,0,0,1,2
0.39,0.166,0.289,0,0,1,2
0.39,0.166,0.292,0,0,1,2
0.39,0.166,0.295,0,0,1,2
0.39,0.166,0.298,0,0,1,2
0.39,0.166,0.301,0,0,1,2
0.39,0.166,0.304,0,0,1,2
0.39,0.166,0.307,0,0,1,2
0.39,0.166,0.31,0,0,1,2
0.39,0.166,0.313,0,0,1,2
0.39,0.166,0.316,0,0,1,2
0.39,0.166,0.319,0,0,1,2
0.39,0.166,0.322,0,0,1,2
0.39,0.166,0.325,0,0,1,2
0.39,0.166,0.328,0,0,1,2
0.39,0.166,0.331,0,0,1,2
0.39,0.166,0.334,0,0,1,2
0.39,0.166,0.337,0,0,1,2
0.39,0.166,0.34,0,0,1,2
0.39,0.166,0.343,0,0,1,2
0.39,0.166,0.346,0,0,1,2
0.39,0.166,0.349,0,0,1,2
0.39,0.166,0.352,0,0,1,2
0.39,0.166,0.355,0,0,1,2
0.39,0.166,0.358,0,0,1,2
0.39,0.166,0.361,0,0,1,2
0.39,0.166,0.364,0,0,1,2
0.39,0.166,0.367,0,0,1,2
0.39,0.166,0.37,0,0,1,2
0.39,0.166,0.373,0,0,1,2
0.39,0.166,0.376,0,0,1,2
0.39,0.166,0.379,0,0,1,2
0.39,0.166,0.382,0,0,1,2
0.39,0.166,0.385,0,0,1,2
0.39,0.166,0.388,0,0,1,2
0.39,0.166,0.391,0,0,1,2
0.39,0.166,0.394,0,0,1,2
0.39,0.166,0.397,0,0,1,2
0.39,0.166,0.4,0,0,1,2
0.39,0.166,0.403,0,0,1,2
0.39,0.166,0.406,0,0,1,2
0.39,0.166,0.409,0,0,1,2
0.39,0.166,0.412,0,0,1,2
0.39,0.166,0.415,0,0,1,2
0.39,0.166,0.418,0,0,1,2
0.39,0.166,0.420999,0,0,1,2
0.39,0.166,0.423999,0,0,1,2
0.39,0.166,0.426999,0,0,1,2
0.39,0.166,0.429999,0,0,1,2
0.39,0.166,0.432999,0,0,1,2
0.39,0.166,0.435999,0,0,1,2
0.39,0.166,0.438999,0,0,1,2
0.39,0.166,0.441999,0,0,1,2
0.39,0.166,0.444999,0,0,1,2
0.39,0.166,0.447999,0,0,1,2
0.39,0.166,0.450999,0,0,1,2
0.39,0.169,0.25,0,0,1,2
0.39,0.169,0.253,0,0,1,2
0.39,0.169,0.256,0,0,1,2
0.39,0.169,0.259,0,0,1,2
0.39,0.169,0.262,0,0,1,2
0.39,0.169,0.265,0,0,1,2
0.39,0.169,0.268,0,0,1,2
0.39,0.169,0.271,0,0,1,2
0.39,0.169,0.274,0,0,1,2
0.39,0.169,0.277,0,0,1,2
0.39,0.169,0.28,0,0,1,2
0.39,0.169,0.283,0,0,1,2
0.39,0.169,0.286,0,0,1,2
0.39,0.169,0.289,0,0,1,2
0.39,0.169,0.292,0,0,1,2
0.39,0.169,0.295,0,0,1,2
0.39,0.169,0.298,0,0,1,2
0.39,0.169,0.301,0,0,1,2
0.39,0.169,0.304,0,0,1,2
0.39,0.169,0.307,0,0,1,2
0.39,0.169,0.31,0,0,1,2
0.39,0.169,0.313,0,0,1,2
0.39,0.169,0.316,0,0,1,2
0.39,0.169,0.319,0,0,1,2
0.39,0.169,0.322,0,0,1,2
0.39,0.169,0.325,0,0,1,2
0.39,0.169,0.328,0,0,1,2
0.39,0.169,0.331,0,0,1,2
0.39,0.169,0.334,0,0,1,2
0.39,0.169,0.337,0,0,1,2
0.39,0.169,0.34,0,0,1,2
0.39,0.169,0.343,0,0,1,2
0.39,0.169,0.346,0,0,1,2
0.39,0.169,0.349,0,0,1,2
0.39,0.169,0.352,0,0,1,2
0.39,0.169,0.355,0,0,1,2
0.39,0.169,0.358,0,0,1,2
0.39,0.169,0.361,0,0,1,2
0.39,0.169,0.364,0,0,1,2
0.39,0.169,0.367,0,0,1,2
0.39,0.169,0.37,0,0,1,2
0.39,0.169,0.373,0,0,1,2
0.39,0.169,0.376,0,0,1,2
0.39,0.169,0.379,0,0,1,2
0.39,0.169,0.382,0,0,1,2
0.39,0.169,0.385,0,0,1,2
0.39,0.169,0.388,0,0,1,2
0.39,0.169,0.391,0,0,1,2
0.39,0.169,0.394,0,0,1,2
0.39,0.169,0.397,0,0,1,2
0.39,0.169,0.4,0,0,1,2
0.39,0.169,0.403,0,0,1,2
0.39,0.169,0.406,0,0,1,2
0.39,0.169,0.409,0,0,1,2
0.39,0.169,0.412,0,0,1,2
0.39,0.169,0.415,0,0,1,2
0.39,0.169,0.418,0,0,1,2
0.39,0.169,0.420999,0,0,1,2
0.39,0.169,0.423999,0,0,1,2
0.39,0.169,0.426999,0,0,1,2
0.39,0.169,0.429999,0,0,1,2
0.39,0.169,0.432999,0,0,1,2
0.39,0.169,0.435999,0,0,1,2
0.39,0.169,0.438999,0,0,1,2
0.39,0.169,0.441999,0,0,1,2
0.39,0.169,0.444999,0,0,1,2
0.39,0.169,0.447999,0,0,1,2
0.39,0.169,0.450999,0,0,1,2
0.39,0.172,0.25,0,0,1,2
0.39,0.172,0.253,0,0,1,2
0.39,0.172,0.256,0,0,1,2
0.39,0.172,0.259,0,0,1,2
0.39,0.172,0.262,0,0,1,2
0.39,0.172,0.265,0,0,1,2
0.39,0.172,0.268,0,0,1,2
0.39,0.172,0.271,0,0,1,2
0.39,0.172,0.274,0,0,1,2
0.39,0.172,0.277,0,0,1,2
0.39,0.172,0.28,0,0,1,2
0.39,0.172,0.283,0,0,1,2
0.39,0.172,0.286,0,0,1,2
0.39,0.172,0.289,0,0,1,2
0.39,0.172,0.292,0,0,1,2
0.39,0.172,0.295,0,0,1,2
0.39,0.172,0.298,0,0,1,2
0.39,0.172,0.301,0,0,1,2
0.39,0.172,0.304,0,0,1,2
0.39,0.172,0.307,0,0,1,2
0.39,0.172,0.31,0,0,1,2
0.39,0.172,0.313,0,0,1,2
0.39,0.172,0.316,0,0,1,2
0.39,0.172,0.319,0,0,1,2
0.39,0.172,0.322,0,0,1,2
0.39,0.172,0.325,0,0,1,2
0.39,0.172,0.328,0,0,1,2
0.39,0.172,0.331,0,0,1,2
0.39,0.172,0.334,0,0,1,2
0.39,0.172,0.337,0,0,1,2
0.39,0.172,0.34,0,0,1,2
0.39,0.172,0.343,0,0,1,2
0.39,0.172,0.346,0,0,1,2
0.39,0.172,0.349,0,0,1,2
0.39,0.172,0.352,0,0,1,2
0.39,0.172,0.355,0,0,1,2
0.39,0.172,0.358,0,0,1,2
0.39,0.172,0.361,0,0,1,2
0.39,0.172,0.364,0,0,1,2
0.39,0.172,0.367,0,0,1,2
0.39,0.172,0.37,0,0,1,2
0.39,0.172,0.373,0,0,1,2
0.39,0.172,0.376,0,0,1,2
0.39,0.172,0.379,0,0,1,2
0.39,0.172,0.382,0,0,1,2
0.39,0.172,0.385,0,0,1,2
0.39,0.172,0.388,0,0,1,2
0.39,0.172,0.391,0,0,1,2
0.39,0.172,0.394,0,0,1,2
0.39,0.172,0.397,0,0,1,2
0.39,0.172,0.4,0,0,1,2
0.39,0.172,0.403,0,0,1,2
0.39,0.172,0.406,0,0,1,2
0.39,0.172,0.409,0,0,1,2
0.39,0.172,0.412,0,0,1,2
0.39,0.172,0.415,0,0,1,2
0.39,0.172,0.418,0,0,1,2
0.39,0.172,0.420999,0,0,1,2
0.39,0.172,0.423999,0,0,1,2
0.39,0.172,0.426999,0,0,1,2
0.39,0.172,0.429999,0,0,1,2
0.39,0.172,0.432999,0,0,1,2
0.39,0.172,0.435999,0,0,1,2
0.39,0.172,0.438999,0,0,1,2
0.39,0.172,0.441999,0,0,1,2
0.39,0.172,0.444999,0,0,1,2
0.39,0.172,0.447999,0,0,1,2
0.39,0.172,0.450999,0,0,1,2
0.39,0.175,0.25,0,0,1,2
0.39,0.175,0.253,0,0,1,2
0.39,0.175,0.256,0,0,1,2
0.39,0.175,0.259,0,0,1,2
0.39,0.175,0.262,0,0,1,2
0.39,0.175,0.265,0,0,1,2
0.39,0.175,0.268,0,0,1,2
0.39,0.175,0.271,0,0,1,2
0.39,0.175,0.274,0,0,1,2
0.39,0.175,0.277,0,0,1,2
0.39,0.175,0.28,0,0,1,2
0.39,0.175,0.283,0,0,1,2
0.39,0.175,0.286,0,0,1,2
0.39,0.175,0.289,0,0,1,2
0.39,0.175,0.292,0,0,1,2
0.39,0.175,0.295,0,0,1,2
0.39,0.175,0.298,0,0,1,2
0.39,0.175,0.301,0,0,1,2
0.39,0.175,0.304,0,0,1,2
0.39,0.175,0.307,0,0,1,2
0.39,0.175,0.31,0,0,1,2
0.39,0.175,0.313,0,0,1,2
0.39,0.175,0.316,0,0,1,2
0.39,0.175,0.319,0,0,1,2
0.39,0.175,0.322,0,0,1,2
0.39,0.175,0.325,0,0,1,2
0.39,0.175,0.328,0,0,1,2
0.39,0.175,0.331,0,0,1,2
0.39,0.175,0.334,0,0,1,2
0.39,0.175,0.337,0,0,1,2
0.39,0.175,0.34,0,0,1,2
0.39,0.175,0.343,0,0,1,2
0.39,0.175,0.346,0,0,1,2
0.39,0.175,0.349,0,0,1,2
0.39,0.175,0.352,0,0,1,2
0.39,0.175,0.355,0,0,1,2
0.39,0.175,0.358,0,0,1,2
0.39,0.175,0.361,0,0,1,2
0.39,0.175,0.364,0,0,1,2
0.39,0.175,0.367,0,0,1,2
0.39,0.175,0.37,0,0,1,2
0.39,0.175,0.373,0,0,1,2
0.39,0.175,0.376,0,0,1,2
0.39,0.175,0.379,0,0,1,2
0.39,0.175,0.382,0,0,1,2
0.39,0.175,0.385,0,0,1,2
0.39,0.175,0.388,0,0,1,2
0.39,0.175,0.391,0,0,1,2
0.39,0.175,0.394,0,0,1,2
0.39,0.175,0.397,0,0,1,2
0.39,0.175,0.4,0,0,1,2
0.39,0.175,0.403,0,0,1,2
0.39,0.175,0.406,0,0,1,2
0.39,0.175,0.409,0,0,1,2
0.39,0.175,0.412,0,0,1,2
0.39,0.175,0.415,0,0,1,2
0.39,0.175,0.418,0,0,1,2
0.39,0.175,0.420999,0,0,1,2
0.39,0.175,0.423999,0,0,1,2
0.39,0.175,0.426999,0,0,1,2
0.39,0.175,0.429999,0,0,1,2
0.39,0.175,0.432999,0,0,1,2
0.39,0.175,0.435999,0,0,1,2
0.39,0.175,0.438999,0,0,1,2
0.39,0.175,0.441999,0,0,1,2
0.39,0.175,0.444999,0,0,1,2
0.39,0.175,0.447999,0,0,1,2
0.39,0.175,0.450999,0,0,1,2
0.39,0.178,0.25,0,0,1,2
0.39,0.178,0.253,0,0,1,2
0.39,0.178,0.256,0,0,1,2
0.39,0.178,0.259,0,0,1,2
0.39,0.178,0.262,0,0,1,2
0.39,0.178,0.265,0,0,1,2
0.39,0.178,0.268,0,0,1,2
0.39,0.178,0.271,0,0,1,2
0.39,0.178,0.274,0,0,1,2
0.39,0.178,0.277,0,0,1,2
0.39,0.178,0.28,0,0,1,2
0.39,0.178,0.283,0,0,1,2
0.39,0.178,0.286,0,0,1,2
0.39,0.178,0.289,0,0,1,2
0.39,0.178,0.292,0,0,1,2
0.39,0.178,0.295,0,0,1,2
0.39,0.178,0.298,0,0,1,2
0.39,0.178,0.301,0,0,1,2
0.39,0.178,0.304,0,0,1,2
0.39,0.178,0.307,0,0,1,2
0.39,0.178,0.31,0,0,1,2
0.39,0.178,0.313,0,0,1,2
0.39,0.178,0.316,0,0,1,2
0.39,0.178,0.319,0,0,1,2
0.39,0.178,0.322,0,0,1,2
0.39,0.178,0.325,0,0,1,2
0.39,0.178,0.328,0,0,1,2
0.39,0.178,0.331,0,0,1,2
0.39,0.178,0.334,0,0,1,2
0.39,0.178,0.337,0,0,1,2
0.39,0.178,0.34,0,0,1,2
0.39,0.178,0.343,0,0,1,2
0.39,0.178,0.346,0,0,1,2
0.39,0.178,0.349,0,0,1,2
0.39,0.178,0.352,0,0,1,2
0.39,0.178,0.355,0,0,1,2
0.39,0.178,0.358,0,0,1,2
0.39,0.178,0.361,0,0,1,2
0.39,0.178,0.364,0,0,1,2
0.39,0.178,0.367,0,0,1,2
0.39,0.178,0.37,0,0,1,2
0.39,0.178,0.373,0,0,1,2
0.39,0.178,0.376,0,0,1,2
0.39,0.178,0.379,0,0,1,2
0.39,0.178,0.382,0,0,1,2
0.39,0.178,0.385,0,0,1,2
0.39,0.178,0.388,0,0,1,2
0.39,0.178,0.391,0,0,1,2
0.39,0.178,0.394,0,0,1,2
0.39,0.178,0.397,0,0,1,2
0.39,0.178,0.4,0,0,1,2
0.39,0.178,0.403,0,0,1,2
0.39,0.178,0.406,0,0,1,2
0.39,0.178,0.409,0,0,1,2
0.39,0.178,0.412,0,0,1,2
0.39,0.178,0.415,0,0,1,2
0.39,0.178,0.418,0,0,1,2
0.39,0.178,0.420999,0,0,1,2
0.39,0.178,0.423999,0,0,1,2
0.39,0.178,0.426999,0,0,1,2
0.39,0.178,0.429999,0,0,1,2
0.39,0.178,0.432999,0,0,1,2
0.39,0.178,0.435999,0,0,1,2
0.39,0.178,0.438999,0,0,1,2
0.39,0.178,0.441999,0,0,1,2
0.39,0.178,0.444999,0,0,1,2
0.39,0.178,0.447999,0,0,1,2
0.39,0.178,0.450999,0,0,1,2
0.39,0.181,0.25,0,0,1,2
0.39,0.181,0.253,0,0,1,2
0.39,0.181,0.256,0,0,1,2
0.39,0.181,0.259,0,0,1,2
0.39,0.181,0.262,0,0,1,2
0.39,0.181,0.265,0,0,1,2
0.39,0.181,0.268,0,0,1,2
0.39,0.181,0.271,0,0,1,2
0.39,0.181,0.274,0,0,1,2
0.39,0.181,0.277,0,0,1,2
0.39,0.181,0.28,0,0,1,2
0.39,0.181,0.283,0,0,1,2
0.39,0.181,0.286,0,0,1,2
0.39,0.181,0.289,0,0,1,2
0.39,0.181,0.292,0,0,1,2
0.39,0.181,0.295,0,0,1,2
0.39,0.181,0.298,0,0,1,2
0.39,0.181,0.301,0,0,1,2
0.39,0.181,0.304,0,0,1,2
0.39,0.181,0.307,0,0,1,2
0.39,0.181,0.31,0,0,1,2
0.39,0.181,0.313,0,0,1,2
0.39,0.181,0.316,0,0,1,2
0.39,0.181,0.319,0,0,1,2
0.39,0.181,0.322,0,0,1,2
0.39,0.181,0.325,0,0,1,2
0.39,0.181,0.328,0,0,1,2
0.39,0.181,0.331,0,0,1,2
0.39,0.181,0.334,0,0,1,2
0.39,0.181,0.337,0,0,1,2
0.39,0.181,0.34,0,0,1,2
0.39,0.181,0.343,0,0,1,2
0.39,0.181,0.346,0,0,1,2
0.39,0.181,0.349,0,0,1,2
0.39,0.181,0.352,0,0,1,2
0.39,0.181,0.355,0,0,1,2
0.39,0.181,0.358,0,0,1,2
0.39,0.181,0.361,0,0,1,2
0.39,0.181,0.364,0,0,1,2
0.39,0.181,0.367,0,0,1,2
0.39,0.181,0.37,0,0,1,2
0.39,0.181,0.373,0,0,1,2
0.39,0.181,0.376,0,0,1,2
0.39,0.181,0.379,0,0,1,2
0.39,0.181,0.382,0,0,1,2
0.39,0.181,0.385,0,0,1,2
0.39,0.181,0.388,0,0,1,2
0.39,0.181,0.391,0,0,1,2
0.39,0.181,0.394,0,0,1,2
0.39,0.181,0.397,0,0,1,2
0.39,0.181,0.4,0,0,1,2
0.39,0.181,0.403,0,0,1,2
0.39,0.181,0.406,0,0,1,2
0.39,0.181,0.409,0,0,1,2
0.39,0.181,0.412,0,0,1,2
0.39,0.181,0.415,0,0,1,2
0.39,0.181,0.418,0,0,1,2
0.39,0.181,0.420999,0,0,1,2
0.39,0.181,0.423999,0,0,1,2
0.39,0.181,0.426999,0,0,1,2
0.39,0.181,0.429999,0,0,1,2
0.39,0.181,0.432999,0,0,1,2
0.39,0.181,0.435999,0,0,1,2
0.39,0.181,0.438999,0,0,1,2
0.39,0.181,0.441999,0,0,1,2
0.39,0.181,0.444999,0,0,1,2
0.39,0.181,0.447999,0,0,1,2
0.39,0.181,0.450999,0,0,1,2
0.39,0.184,0.25,0,0,1,2
0.39,0.184,0.253,0,0,1,2
0.39,0.184,0.256,0,0,1,2
0.39,0.184,0.259,0,0,1,2
0.39,0.184,0.262,0,0,1,2
0.39,0.184,0.265,0,0,1,2
0.39,0.184,0.268,0,0,1,2
0.39,0.184,0.271,0,0,1,2
0.39,0.184,0.274,0,0,1,2
0.39,0.184,0.277,0,0,1,2
0.39,0.184,0.28,0,0,1,2
0.39,0.184,0.283,0,0,1,2
0.39,0.184,0.286,0,0,1,2
0.39,0.184,0.289,0,0,1,2
0.39,0.184,0.292,0,0,1,2
0.39,0.184,0.295,0,0,1,2
0.39,0.184,0.298,0,0,1,2
0.39,0.184,0.301,0,0,1,2
0.39,0.184,0.304,0,0,1,2
0.39,0.184,0.307,0,0,1,2
0.39,0.184,0.31,0,0,1,2
0.39,0.184,0.313,0,0,1,2
0.39,0.184,0.316,0,0,1,2
0.39,0.184,0.319,0,0,1,2
0.39,0.184,0.322,0,0,1,2
0.39,0.184,0.325,0,0,1,2
0.39,0.184,0.328,0,0,1,2
0.39,0.184,0.331,0,0,1,2
0.39,0.184,0.334,0,0,1,2
0.39,0.184,0.337,0,0,1,2
0.39,0.184,0.34,0,0,1,2
0.39,0.184,0.343,0,0,1,2
0.39,0.184,0.346,0,0,1,2
0.39,0.184,0.349,0,0,1,2
0.39,0.184,0.352,0,0,1,2
0.39,0.184,0.355,0,0,1,2
0.39,0.184,0.358,0,0,1,2
0.39,0.184,0.361,0,0,1,2
0.39,0.184,0.364,0,0,1,2
0.39,0.184,0.367,0,0,1,2
0.39,0.184,0.37,0,0,1,2
0.39,0.184,0.373,0,0,1,2
0.39,0.184,0.376,0,0,1,2
0.39,0.184,0.379,0,0,1,2
0.39,0.184,0.382,0,0,1,2
0.39,0.184,0.385,0,0,1,2
0.39,0.184,0.388,0,0,1,2
0.39,0.184,0.391,0,0,1,2
0.39,0.184,0.394,0,0,1,2
0.39,0.184,0.397,0,0,1,2
0.39,0.184,0.4,0,0,1,2
0.39,0.184,0.403,0,0,1,2
0.39,0.184,0.406,0,0,1,2
0.39,0.184,0.409,0,0,1,2
0.39,0.184,0.412,0,0,1,2
0.39,0.184,0.415,0,0,1,2
0.39,0.184,0.418,0,0,1,2
0.39,0.184,0.420999,0,0,1,2
0.39,0.184,0.423999,0,0,1,2
0.39,0.184,0.426999,0,0,1,2
0.39,0.184,0.429999,0,0,1,2
0.39,0.184,0.432999,0,0,1,2
0.39,0.184,0.435999,0,0,1,2
0.39,0.184,0.438999,0,0,1,2
0.39,0.184,0.441999,0,0,1,2
0.39,0.184,0.444999,0,0,1,2
0.39,0.184,0.447999,0,0,1,2
0.39,0.184,0.450999,0,0,1,2
0.39,0.187,0.25,0,0,1,2
0.39,0.187,0.253,0,0,1,2
0.39,0.187,0.256,0,0,1,2
0.39,0.187,0.259,0,0,1,2
0.39,0.187,0.262,0,0,1,2
0.39,0.187,0.265,0,0,1,2
0.39,0.187,0.268,0,0,1,2
0.39,0.187,0.271,0,0,1,2
0.39,0.187,0.274,0,0,1,2
0.39,0.187,0.277,0,0,1,2
0.39,0.187,0.28,0,0,1,2
0.39,0.187,0.283,0,0,1,2
0.39,0.187,0.286,0,0,1,2
0.39,0.187,0.289,0,0,1,2
0.39,0.187,0.292,0,0,1,2
0.39,0.187,0.295,0,0,1,2
0.39,0.187,0.298,0,0,1,2
0.39,0.187,0.301,0,0,1,2
0.39,0.187,0.304,0,0,1,2
0.39,0.187,0.307,0,0,1,2
0.39,0.187,0.31,0,0,1,2
0.39,0.187,0.313,0,0,1,2
0.39,0.187,0.316,0,0,1,2
0.39,0.187,0.319,0,0,1,2
0.39,0.187,0.322,0,0,1,2
0.39,0.187,0.325,0,0,1,2
0.39,0.187,0.328,0,0,1,2
0.39,0.187,0.331,0,0,1,2
0.39,0.187,0.334,0,0,1,2
0.39,0.187,0.337,0,0,1,2
0.39,0.187,0.34,0,0,1,2
0.39,0.187,0.343,0,0,1,2
0.39,0.187,0.346,0,0,1,2
0.39,0.187,0.349,0,0,1,2
0.39,0.187,0.352,0,0,1,2
0.39,0.187,0.355,0,0,1,2
0.39,0.187,0.358,0,0,1,2
0.39,0.187,0.361,0,0,1,2
0.39,0.187,0.364,0,0,1,2
0.39,0.187,0.367,0,0,1,2
0.39,0.187,0.37,0,0,1,2
0.39,0.187,0.373,0,0,1,2
0.39,0.187,0.376,0,0,1,2
0.39,0.187,0.379,0,0,1,2
0.39,0.187,0.382,0,0,1,2
0.39,0.187,0.385,0,0,1,2
0.39,0.187,0.388,0,0,1,2
0.39,0.187,0.391,0,0,1,2
0.39,0.187,0.394,0,0,1,2
0.39,0.187,0.397,0,0,1,2
0.39,0.187,0.4,0,0,1,2
0.39,0.187,0.403,0,0,1,2
0.39,0.187,0.406,0,0,1,2
0.39,0.187,0.409,0,0,1,2
0.39,0.187,0.412,0,0,1,2
0.39,0.187,0.415,0,0,1,2
0.39,0.187,0.418,0,0,1,2
0.39,0.187,0.420999,0,0,1,2
0.39,0.187,0.423999,0,0,1,2
0.39,0.187,0.426999,0,0,1,2
0.39,0.187,0.429999,0,0,1,2
0.39,0.187,0.432999,0,0,1,2
0.39,0.187,0.435999,0,0,1,2
0.39,0.187,0.438999,0,0,1,2
0.39,0.187,0.441999,0,0,1,2
0.39,0.187,0.444999,0,0,1,2
0.39,0.187,0.447999,0,0,1,2
0.39,0.187,0.450999,0,0,1,2
0.39,0.19,0.25,0,0,1,2
0.39,0.19,0.253,0,0,1,2
0.39,0.19,0.256,0,0,1,2
0.39,0.19,0.259,0,0,1,2
0.39,0.19,0.262,0,0,1,2
0.39,0.19,0.265,0,0,1,2
0.39,0.19,0.268,0,0,1,2
0.39,0.19,0.271,0,0,1,2
0.39,0.19,0.274,0,0,1,2
0.39,0.19,0.277,0,0,1,2
0.39,0.19,0.28,0,0,1,2
0.39,0.19,0.283,0,0,1,2
0.39,0.19,0.286,0,0,1,2
0.39,0.19,0.289,0,0,1,2
0.39,0.19,0.292,0,0,1,2
0.39,0.19,0.295,0,0,1,2
0.39,0.19,0.298,0,0,1,2
0.39,0.19,0.301,0,0,1,2
0.39,0.19,0.304,0,0,1,2
0.39,0.19,0.307,0,0,1,2
0.39,0.19,0.31,0,0,1,2
0.39,0.19,0.313,0,0,1,2
0.39,0.19,0.316,0,0,1,2
0.39,0.19,0.319,0,0,1,2
0.39,0.19,0.322,0,0,1,2
0.39,0.19,0.325,0,0,1,2
0.39,0.19,0.328,0,0,1,2
0.39,0.19,0.331,0,0,1,2
0.39,0.19,0.334,0,0,1,2
0.39,0.19,0.337,0,0,1,2
0.39,0.19,0.34,0,0,1,2
0.39,0.19,0.343,0,0,1,2
0.39,0.19,0.346,0,0,1,2
0.39,0.19,0.349,0,0,1,2
0.39,0.19,0.352,0,0,1,2
0.39,0.19,0.355,0,0,1,2
0.39,0.19,0.358,0,0,1,2
0.39,0.19,0.361,0,0,1,2
0.39,0.19,0.364,0,0,1,2
0.39,0.19,0.367,0,0,1,2
0.39,0.19,0.37,0,0,1,2
0.39,0.19,0.373,0,0,1,2
0.39,0.19,0.376,0,0,1,2
0.39,0.19,0.379,0,0,1,2
0.39,0.19,0.382,0,0,1,2
0.39,0.19,0.385,0,0,1,2
0.39,0.19,0.388,0,0,1,2
0.39,0.19,0.391,0,0,1,2
0.39,0.19,0.394,0,0,1,2
0.39,0.19,0.397,0,0,1,2
0.39,0.19,0.4,0,0,1,2
0.39,0.19,0.403,0,0,1,2
0.39,0.19,0.406,0,0,1,2
0.39,0.19,0.409,0,0,1,2
0.39,0.19,0.412,0,0,1,2
0.39,0.19,0.415,0,0,1,2
0.39,0.19,0.418,0,0,1,2
0.39,0.19,0.420999,0,0,1,2
0.39,0.19,0.423999,0,0,1,2
0.39,0.19,0.426999,0,0,1,2
0.39,0.19,0.429999,0,0,1,2
0.39,0.19,0.432999,0,0,1,2
0.39,0.19,0.435999,0,0,1,2
0.39,0.19,0.438999,0,0,1,2
0.39,0.19,0.441999,0,0,1,2
0.39,0.19,0.444999,0,0,1,2
0.39,0.19,0.447999,0,0,1,2
0.39,0.19,0.450999,0,0,1,2
0.39,0.193,0.25,0,0,1,2
0.39,0.193,0.253,0,0,1,2
0.39,0.193,0.256,0,0,1,2
0.39,0.193,0.259,0,0,1,2
0.39,0.193,0.262,0,0,1,2
0.39,0.193,0.265,0,0,1,2
0.39,0.193,0.268,0,0,1,2
0.39,0.193,0.271,0,0,1,2
0.39,0.193,0.274,0,0,1,2
0.39,0.193,0.277,0,0,1,2
0.39,0.193,0.28,0,0,1,2
0.39,0.193,0.283,0,0,1,2
0.39,0.193,0.286,0,0,1,2
0.39,0.193,0.289,0,0,1,2
0.39,0.193,0.292,0,0,1,2
0.39,0.193,0.295,0,0,1,2
0.39,0.193,0.298,0,0,1,2
0.39,0.193,0.301,0,0,1,2
0.39,0.193,0.304,0,0,1,2
0.39,0.193,0.307,0,0,1,2
0.39,0.193,0.31,0,0,1,2
0.39,0.193,0.313,0,0,1,2
0.39,0.193,0.316,0,0,1,2
0.39,0.193,0.319,0,0,1,2
0.39,0.193,0.322,0,0,1,2
0.39,0.193,0.325,0,0,1,2
0.39,0.193,0.328,0,0,1,2
0.39,0.193,0.331,0,0,1,2
0.39,0.193,0.334,0,0,1,2
0.39,0.193,0.337,0,0,1,2
0.39,0.193,0.34,0,0,1,2
0.39,0.193,0.343,0,0,1,2
0.39,0.193,0.346,0,0,1,2
0.39,0.193,0.349,0,0,1,2
0.39,0.193,0.352,0,0,1,2
0.39,0.193,0.355,0,0,1,2
0.39,0.193,0.358,0,0,1,2
0.39,0.193,0.361,0,0,1,2
0.39,0.193,0.364,0,0,1,2
0.39,0.193,0.367,0,0,1,2
0.39,0.193,0.37,0,0,1,2
0.39,0.193,0.373,0,0,1,2
0.39,0.193,0.376,0,0,1,2
0.39,0.193,0.379,0,0,1,2
0.39,0.193,0.382,0,0,1,2
0.39,0.193,0.385,0,0,1,2
0.39,0.193,0.388,0,0,1,2
0.39,0.193,0.391,0,0,1,2
0.39,0.193,0.394,0,0,1,2
0.39,0.193,0.397,0,0,1,2
0.39,0.193,0.4,0,0,1,2
0.39,0.193,0.403,0,0,1,2
0.39,0.193,0.406,0,0,1,2
0.39,0.193,0.409,0,0,1,2
0.39,0.193,0.412,0,0,1,2
0.39,0.193,0.415,0,0,1,2
0.39,0.193,0.418,0,0,1,2
0.39,0.193,0.420999,0,0,1,2
0.39,0.193,0.423999,0,0,1,2
0.39,0.193,0.426999,0,0,1,2
0.39,0.193,0.429999,0,0,1,2
0.39,0.193,0.432999,0,0,1,2
0.39,0.193,0.435999,0,0,1,2
0.39,0.193,0.438999,0,0,1,2
0.39,0.193,0.441999,0,0,1,2
0.39,0.193,0.444999,0,0,1,2
0.39,0.193,0.447999,0,0,1,2
0.39,0.193,0.450999,0,0,1,2
0.39,0.196,0.25,0,0,1,2
0.39,0.196,0.253,0,0,1,2
0.39,0.196,0.256,0,0,1,2
0.39,0.196,0.259,0,0,1,2
0.39,0.196,0.262,0,0,1,2
0.39,0.196,0.265,0,0,1,2
0.39,0.196,0.268,0,0,1,2
0.39,0.196,0.271,0,0,1,2
0.39,0.196,0.274,0,0,1,2
0.39,0.196,0.277,0,0,1,2
0.39,0.196,0.28,0,0,1,2
0.39,0.196,0.283,0,0,1,2
0.39,0.196,0.286,0,0,1,2
0.39,0.196,0.289,0,0,1,2
0.39,0.196,0.292,0,0,1,2
0.39,0.196,0.295,0,0,1,2
0.39,0.196,0.298,0,0,1,2
0.39,0.196,0.301,0,0,1,2
0.39,0.196,0.304,0,0,1,2
0.39,0.196,0.307,0,0,1,2
0.39,0.196,0.31,0,0,1,2
0.39,0.196,0.313,0,0,1,2
0.39,0.196,0.316,0,0,1,2
0.39,0.196,0.319,0,0,1,2
0.39,0.196,0.322,0,0,1,2
0.39,0.196,0.325,0,0,1,2
0.39,0.196,0.328,0,0,1,2
0.39,0.196,0.331,0,0,1,2
0.39,0.196,0.334,0,0,1,2
0.39,0.196,0.337,0,0,1,2
0.39,0.196,0.34,0,0,1,2
0.39,0.196,0.343,0,0,1,2
0.39,0.196,0.346,0,0,1,2
0.39,0.196,0.349,0,0,1,2
0.39,0.196,0.352,0,0,1,2
0.39,0.196,0.355,0,0,1,2
0.39,0.196,0.358,0,0,1,2
0.39,0.196,0.361,0,0,1,2
0.39,0.196,0.364,0,0,1,2
0.39,0.196,0.367,0,0,1,2
0.39,0.196,0.37,0,0,1,2
0.39,0.196,0.373,0,0,1,2
0.39,0.196,0.376,0,0,1,2
0.39,0.196,0.379,0,0,1,2
0.39,0.196,0.382,0,0,1,2
0.39,0.196,0.385,0,0,1,2
0.39,0.196,0.388,0,0,1,2
0.39,0.196,0.391,0,0,1,2
0.39,0.196,0.394,0,0,1,2
0.39,0.196,0.397,0,0,1,2
0.39,0.196,0.4,0,0,1,2
0.39,0.196,0.403,0,0,1,2
0.39,0.196,0.406,0,0,1,2
0.39,0.196,0.409,0,0,1,2
0.39,0.196,0.412,0,0,1,2
0.39,0.196,0.415,0,0,1,2
0.39,0.196,0.418,0,0,1,2
0.39,0.196,0.420999,0,0,1,2
0.39,0.196,0.423999,0,0,1,2
0.39,0.196,0.426999,0,0,1,2
0.39,0.196,0.429999,0,0,1,2
0.39,0.196,0.432999,0,0,1,2
0.39,0.196,0.435999,0,0,1,2
0.39,0.196,0.438999,0,0,1,2
0.39,0.196,0.441999,0,0,1,2
0.39,0.196,0.444999,0,0,1,2
0.39,0.196,0.447999,0,0,1,2
0.39,0.196,0.450999,0,0,1,2
0.39,0.199,0.25,0,0,1,2
0.39,0.199,0.253,0,0,1,2
0.39,0.199,0.256,0,0,1,2
0.39,0.199,0.259,0,0,1,2
0.39,0.199,0.262,0,0,1,2
0.39,0.199,0.265,0,0,1,2
0.39,0.199,0.268,0,0,1,2
0.39,0.199,0.271,0,0,1,2
0.39,0.199,0.274,0,0,1,2
0.39,0.199,0.277,0,0,1,2
0.39,0.199,0.28,0,0,1,2
0.39,0.199,0.283,0,0,1,2
0.39,0.199,0.286,0,0,1,2
0.39,0.199,0.289,0,0,1,2
0.39,0.199,0.292,0,0,1,2
0.39,0.199,0.295,0,0,1,2
0.39,0.199,0.298,0,0,1,2
0.39,0.199,0.301,0,0,1,2
0.39,0.199,0.304,0,0,1,2
0.39,0.199,0.307,0,0,1,2
0.39,0.199,0.31,0,0,1,2
0.39,0.199,0.313,0,0,1,2
0.39,0.199,0.316,0,0,1,2
0.39,0.199,0.319,0,0,1,2
0.39,0.199,0.322,0,0,1,2
0.39,0.199,0.325,0,0,1,2
0.39,0.199,0.328,0,0,1,2
0.39,0.199,0.331,0,0,1,2
0.39,0.199,0.334,0,0,1,2
0.39,0.199,0.337,0,0,1,2
0.39,0.199,0.34,0,0,1,2
0.39,0.199,0.343,0,0,1,2
0.39,0.199,0.346,0,0,1,2
0.39,0.199,0.349,0,0,1,2
0.39,0.199,0.352,0,0,1,2
0.39,0.199,0.355,0,0,1,2
0.39,0.199,0.358,0,0,1,2
0.39,0.199,0.361,0,0,1,2
0.39,0.199,0.364,0,0,1,2
0.39,0.199,0.367,0,0,1,2
0.39,0.199,0.37,0,0,1,2
0.39,0.199,0.373,0,0,1,2
0.39,0.199,0.376,0,0,1,2
0.39,0.199,0.379,0,0,1,2
0.39,0.199,0.382,0,0,1,2
0.39,0.199,0.385,0,0,1,2
0.39,0.199,0.388,0,0,1,2
0.39,0.199,0.391,0,0,1,2
0.39,0.199,0.394,0,0,1,2
0.39,0.199,0.397,0,0,1,2
0.39,0.199,0.4,0,0,1,2
0.39,0.199,0.403,0,0,1,2
0.39,0.199,0.406,0,0,1,2
0.39,0.199,0.409,0,0,1,2
0.39,0.199,0.412,0,0,1,2
0.39,0.199,0.415,0,0,1,2
0.39,0.199,0.418,0,0,1,2
0.39,0.199,0.420999,0,0,1,2
0.39,0.199,0.423999,0,0,1,2
0.39,0.199,0.426999,0,0,1,2
0.39,0.199,0.429999,0,0,1,2
0.39,0.199,0.432999,0,0,1,2
0.39,0.199,0.435999,0,0,1,2
0.39,0.199,0.438999,0,0,1,2
0.39,0.199,0.441999,0,0,1,2
0.39,0.199,0.444999,0,0,1,2
0.39,0.199,0.447999,0,0,1,2
0.39,0.199,0.450999,0,0,1,2
0.39,0.202,0.25,0,0,1,2
0.39,0.202,0.253,0,0,1,2
0.39,0.202,0.256,0,0,1,2
0.39,0.202,0.259,0,0,1,2
0.39,0.202,0.262,0,0,1,2
0.39,0.202,0.265,0,0,1,2
0.39,0.202,0.268,0,0,1,2
0.39,0.202,0.271,0,0,1,2
0.39,0.202,0.274,0,0,1,2
0.39,0.202,0.277,0,0,1,2
0.39,0.202,0.28,0,0,1,2
0.39,0.202,0.283,0,0,1,2
0.39,0.202,0.286,0,0,1,2
0.39,0.202,0.289,0,0,1,2
0.39,0.202,0.292,0,0,1,2
0.39,0.202,0.295,0,0,1,2
0.39,0.202,0.298,0,0,1,2
0.39,0.202,0.301,0,0,1,2
0.39,0.202,0.304,0,0,1,2
0.39,0.202,0.307,0,0,1,2
0.39,0.202,0.31,0,0,1,2
0.39,0.202,0.313,0,0,1,2
0.39,0.202,0.316,0,0,1,2
0.39,0.202,0.319,0,0,1,2
0.39,0.202,0.322,0,0,1,2
0.39,0.202,0.325,0,0,1,2
0.39,0.202,0.328,0,0,1,2
0.39,0.202,0.331,0,0,1,2
0.39,0.202,0.334,0,0,1,2
0.39,0.202,0.337,0,0,1,2
0.39,0.202,0.34,0,0,1,2
0.39,0.202,0.343,0,0,1,2
0.39,0.202,0.346,0,0,1,2
0.39,0.202,0.349,0,0,1,2
0.39,0.202,0.352,0,0,1,2
0.39,0.202,0.355,0,0,1,2
0.39,0.202,0.358,0,0,1,2
0.39,0.202,0.361,0,0,1,2
0.39,0.202,0.364,0,0,1,2
0.39,0.202,0.367,0,0,1,2
0.39,0.202,0.37,0,0,1,2
0.39,0.202,0.373,0,0,1,2
0.39,0.202,0.376,0,0,1,2
0.39,0.202,0.379,0,0,1,2
0.39,0.202,0.382,0,0,1,2
0.39,0.202,0.385,0,0,1,2
0.39,0.202,0.388,0,0,1,2
0.39,0.202,0.391,0,0,1,2
0.39,0.202,0.394,0,0,1,2
0.39,0.202,0.397,0,0,1,2
0.39,0.202,0.4,0,0,1,2
0.39,0.202,0.403,0,0,1,2
0.39,0.202,0.406,0,0,1,2
0.39,0.202,0.409,0,0,1,2
0.39,0.202,0.412,0,0,1,2
0.39,0.202,0.415,0,0,1,2
0.39,0.202,0.418,0,0,1,2
0.39,0.202,0.420999,0,0,1,2
0.39,0.202,0.423999,0,0,1,2
0.39,0.202,0.426999,0,0,1,2
0.39,0.202,0.429999,0,0,1,2
0.39,0.202,0.432999,0,0,1,2
0.39,0.202,0.435999,0,0,1,2
0.39,0.202,0.438999,0,0,1,2
0.39,0.202,0.441999,0,0,1,2
0.39,0.202,0.444999,0,0,1,2
0.39,0.202,0.447999,0,0,1,2
0.39,0.202,0.450999,0,0,1,2
0.39,0.205,0.25,0,0,1,2
0.39,0.205,0.253,0,0,1,2
0.39,0.205,0.256,0,0,1,2
0.39,0.205,0.259,0,0,1,2
0.39,0.205,0.262,0,0,1,2
0.39,0.205,0.265,0,0,1,2
0.39,0.205,0.268,0,0,1,2
0.39,0.205,0.271,0,0,1,2
0.39,0.205,0.274,0,0,1,2
0.39,0.205,0.277,0,0,1,2
0.39,0.205,0.28,0,0,1,2
0.39,0.205,0.283,0,0,1,2
0.39,0.205,0.286,0,0,1,2
0.39,0.205,0.289,0,0,1,2
0.39,0.205,0.292,0,0,1,2
0.39,0.205,0.295,0,0,1,2
0.39,0.205,0.298,0,0,1,2
0.39,0.205,0.301,0,0,1,2
0.39,0.205,0.304,0,0,1,2
0.39,0.205,0.307,0,0,1,2
0.39,0.205,0.31,0,0,1,2
0.39,0.205,0.313,0,0,1,2
0.39,0.205,0.316,0,0,1,2
0.39,0.205,0.319,0,0,1,2
0.39,0.205,0.322,0,0,1,2
0.39,0.205,0.325,0,0,1,2
0.39,0.205,0.328,0,0,1,2
0.39,0.205,0.331,0,0,1,2
0.39,0.205,0.334,0,0,1,2
0.39,0.205,0.337,0,0,1,2
0.39,0.205,0.34,0,0,1,2
0.39,0.205,0.343,0,0,1,2
0.39,0.205,0.346,0,0,1,2
0.39,0.205,0.349,0,0,1,2
0.39,0.205,0.352,0,0,1,2
0.39,0.205,0.355,0,0,1,2
0.39,0.205,0.358,0,0,1,2
0.39,0.205,0.361,0,0,1,2
0.39,0.205,0.364,0,0,1,2
0.39,0.205,0.367,0,0,1,2
0.39,0.205,0.37,0,0,1,2
0.39,0.205,0.373,0,0,1,2
0.39,0.205,0.376,0,0,1,2
0.39,0.205,0.379,0,0,1,2
0.39,0.205,0.382,0,0,1,2
0.39,0.205,0.385,0,0,1,2
0.39,0.205,0.388,0,0,1,2
0.39,0.205,0.391,0,0,1,2
0.39,0.205,0.394,0,0,1,2
0.39,0.205,0.397,0,0,1,2
0.39,0.205,0.4,0,0,1,2
0.39,0.205,0.403,0,0,1,2
0.39,0.205,0.406,0,0,1,2
0.39,0.205,0.409,0,0,1,2
0.39,0.205,0.412,0,0,1,2
0.39,0.205,0.415,0,0,1,2
0.39,0.205,0.418,0,0,1,2
0.39,0.205,0.420999,0,0,1,2
0.39,0.205,0.423999,0,0,1,2
0.39,0.205,0.426999,0,0,1,2
0.39,0.205,0.429999,0,0,1,2
0.39,0.205,0.432999,0,0,1,2
0.39,0.205,0.435999,0,0,1,2
0.39,0.205,0.438999,0,0,1,2
0.39,0.205,0.441999,0,0,1,2
0.39,0.205,0.444999,0,0,1,2
0.39,0.205,0.447999,0,0,1,2
0.39,0.205,0.450999,0,0,1,2
0.39,0.208,0.25,0,0,1,2
0.39,0.208,0.253,0,0,1,2
0.39,0.208,0.256,0,0,1,2
0.39,0.208,0.259,0,0,1,2
0.39,0.208,0.262,0,0,1,2
0.39,0.208,0.265,0,0,1,2
0.39,0.208,0.268,0,0,1,2
0.39,0.208,0.271,0,0,1,2
0.39,0.208,0.274,0,0,1,2
0.39,0.208,0.277,0,0,1,2
0.39,0.208,0.28,0,0,1,2
0.39,0.208,0.283,0,0,1,2
0.39,0.208,0.286,0,0,1,2
0.39,0.208,0.289,0,0,1,2
0.39,0.208,0.292,0,0,1,2
0.39,0.208,0.295,0,0,1,2
0.39,0.208,0.298,0,0,1,2
0.39,0.208,0.301,0,0,1,2
0.39,0.208,0.304,0,0,1,2
0.39,0.208,0.307,0,0,1,2
0.39,0.208,0.31,0,0,1,2
0.39,0.208,0.313,0,0,1,2
0.39,0.208,0.316,0,0,1,2
0.39,0.208,0.319,0,0,1,2
0.39,0.208,0.322,0,0,1,2
0.39,0.208,0.325,0,0,1,2
0.39,0.208,0.328,0,0,1,2
0.39,0.208,0.331,0,0,1,2
0.39,0.208,0.334,0,0,1,2
0.39,0.208,0.337,0,0,1,2
0.39,0.208,0.34,0,0,1,2
0.39,0.208,0.343,0,0,1,2
0.39,0.208,0.346,0,0,1,2
0.39,0.208,0.349,0,0,1,2
0.39,0.208,0.352,0,0,1,2
0.39,0.208,0.355,0,0,1,2
0.39,0.208,0.358,0,0,1,2
0.39,0.208,0.361,0,0,1,2
0.39,0.208,0.364,0,0,1,2
0.39,0.208,0.367,0,0,1,2
0.39,0.208,0.37,0,0,1,2
0.39,0.208,0.373,0,0,1,2
0.39,0.208,0.376,0,0,1,2
0.39,0.208,0.379,0,0,1,2
0.39,0.208,0.382,0,0,1,2
0.39,0.208,0.385,0,0,1,2
0.39,0.208,0.388,0,0,1,2
0.39,0.208,0.391,0,0,1,2
0.39,0.208,0.394,0,0,1,2
0.39,0.208,0.397,0,0,1,2
0.39,0.208,0.4,0,0,1,2
0.39,0.208,0.403,0,0,1,2
0.39,0.208,0.406,0,0,1,2
0.39,0.208,0.409,0,0,1,2
0.39,0.208,0.412,0,0,1,2
0.39,0.208,0.415,0,0,1,2
0.39,0.208,0.418,0,0,1,2
0.39,0.208,0.420999,0,0,1,2
0.39,0.208,0.423999,0,0,1,2
0.39,0.208,0.426999,0,0,1,2
0.39,0.208,0.429999,0,0,1,2
0.39,0.208,0.432999,0,0,1,2
0.39,0.208,0.435999,0,0,1,2
0.39,0.208,0.438999,0,0,1,2
0.39,0.208,0.441999,0,0,1,2
0.39,0.208,0.444999,0,0,1,2
0.39,0.208,0.447999,0,0,1,2
0.39,0.208,0.450999,0,0,1,2
0.39,0.211,0.25,0,0,1,2
0.39,0.211,0.253,0,0,1,2
0.39,0.211,0.256,0,0,1,2
0.39,0.211,0.259,0,0,1,2
0.39,0.211,0.262,0,0,1,2
0.39,0.211,0.265,0,0,1,2
0.39,0.211,0.268,0,0,1,2
0.39,0.211,0.271,0,0,1,2
0.39,0.211,0.274,0,0,1,2
0.39,0.211,0.277,0,0,1,2
0.39,0.211,0.28,0,0,1,2
0.39,0.211,0.283,0,0,1,2
0.39,0.211,0.286,0,0,1,2
0.39,0.211,0.289,0,0,1,2
0.39,0.211,0.292,0,0,1,2
0.39,0.211,0.295,0,0,1,2
0.39,0.211,0.298,0,0,1,2
0.39,0.211,0.301,0,0,1,2
0.39,0.211,0.304,0,0,1,2
0.39,0.211,0.307,0,0,1,2
0.39,0.211,0.31,0,0,1,2
0.39,0.211,0.313,0,0,1,2
0.39,0.211,0.316,0,0,1,2
0.39,0.211,0.319,0,0,1,2
0.39,0.211,0.322,0,0,1,2
0.39,0.211,0.325,0,0,1,2
0.39,0.211,0.328,0,0,1,2
0.39,0.211,0.331,0,0,1,2
0.39,0.211,0.334,0,0,1,2
0.39,0.211,0.337,0,0,1,2
0.39,0.211,0.34,0,0,1,2
0.39,0.211,0.343,0,0,1,2
0.39,0.211,0.346,0,0,1,2
0.39,0.211,0.349,0,0,1,2
0.39,0.211,0.352,0,0,1,2
0.39,0.211,0.355,0,0,1,2
0.39,0.211,0.358,0,0,1,2
0.39,0.211,0.361,0,0,1,2
0.39,0.211,0.364,0,0,1,2
0.39,0.211,0.367,0,0,1,2
0.39,0.211,0.37,0,0,1,2
0.39,0.211,0.373,0,0,1,2
0.39,0.211,0.376,0,0,1,2
0.39,0.211,0.379,0,0,1,2
0.39,0.211,0.382,0,0,1,2
0.39,0.211,0.385,0,0,1,2
0.39,0.211,0.388,0,0,1,2
0.39,0.211,0.391,0,0,1,2
0.39,0.211,0.394,0,0,1,2
0.39,0.211,0.397,0,0,1,2
0.39,0.211,0.4,0,0,1,2
0.39,0.211,0.403,0,0,1,2
0.39,0.211,0.406,0,0,1,2
0.39,0.211,0.409,0,0,1,2
0.39,0.211,0.412,0,0,1,2
0.39,0.211,0.415,0,0,1,2
0.39,0.211,0.418,0,0,1,2
0.39,0.211,0.420999,0,0,1,2
0.39,0.211,0.423999,0,0,1,2
0.39,0.211,0.426999,0,0,1,2
0.39,0.211,0.429999,0,0,1,2
0.39,0.211,0.432999,0,0,1,2
0.39,0.211,0.435999,0,0,1,2
0.39,0.211,0.438999,0,0,1,2
0.39,0.211,0.441999,0,0,1,2
0.39,0.211,0.444999,0,0,1,2
0.39,0.211,0.447999,0,0,1,2
0.39,0.211,0.450999,0,0,1,2
0.39,0.214,0.25,0,0,1,2
0.39,0.214,0.253,0,0,1,2
0.39,0.214,0.256,0,0,1,2
0.39,0.214,0.259,0,0,1,2
0.39,0.214,0.262,0,0,1,2
0.39,0.214,0.265,0,0,1,2
0.39,0.214,0.268,0,0,1,2
0.39,0.214,0.271,0,0,1,2
0.39,0.214,0.274,0,0,1,2
0.39,0.214,0.277,0,0,1,2
0.39,0.214,0.28,0,0,1,2
0.39,0.214,0.283,0,0,1,2
0.39,0.214,0.286,0,0,1,2
0.39,0.214,0.289,0,0,1,2
0.39,0.214,0.292,0,0,1,2
0.39,0.214,0.295,0,0,1,2
0.39,0.214,0.298,0,0,1,2
0.39,0.214,0.301,0,0,1,2
0.39,0.214,0.304,0,0,1,2
0.39,0.214,0.307,0,0,1,2
0.39,0.214,0.31,0,0,1,2
0.39,0.214,0.313,0,0,1,2
0.39,0.214,0.316,0,0,1,2
0.39,0.214,0.319,0,0,1,2
0.39,0.214,0.322,0,0,1,2
0.39,0.214,0.325,0,0,1,2
0.39,0.214,0.328,0,0,1,2
0.39,0.214,0.331,0,0,1,2
0.39,0.214,0.334,0,0,1,2
0.39,0.214,0.337,0,0,1,2
0.39,0.214,0.34,0,0,1,2
0.39,0.214,0.343,0,0,1,2
0.39,0.214,0.346,0,0,1,2
0.39,0.214,0.349,0,0,1,2
0.39,0.214,0.352,0,0,1,2
0.39,0.214,0.355,0,0,1,2
0.39,0.214,0.358,0,0,1,2
0.39,0.214,0.361,0,0,1,2
0.39,0.214,0.364,0,0,1,2
0.39,0.214,0.367,0,0,1,2
0.39,0.214,0.37,0,0,1,2
0.39,0.214,0.373,0,0,1,2
0.39,0.214,0.376,0,0,1,2
0.39,0.214,0.379,0,0,1,2
0.39,0.214,0.382,0,0,1,2
0.39,0.214,0.385,0,0,1,2
0.39,0.214,0.388,0,0,1,2
0.39,0.214,0.391,0,0,1,2
0.39,0.214,0.394,0,0,1,2
0.39,0.214,0.397,0,0,1,2
0.39,0.214,0.4,0,0,1,2
0.39,0.214,0.403,0,0,1,2
0.39,0.214,0.406,0,0,1,2
0.39,0.214,0.409,0,0,1,2
0.39,0.214,0.412,0,0,1,2
0.39,0.214,0.415,0,0,1,2
0.39,0.214,0.418,0,0,1,2
0.39,0.214,0.420999,0,0,1,2
0.39,0.214,0.423999,0,0,1,2
0.39,0.214,0.426999,0,0,1,2
0.39,0.214,0.429999,0,0,1,2
0.39,0.214,0.432999,0,0,1,2
0.39,0.214,0.435999,0,0,1,2
0.39,0.214,0.438999,0,0,1,2
0.39,0.214,0.441999,0,0,1,2
0.39,0.214,0.444999,0,0,1,2
0.39,0.214,0.447999,0,0,1,2
0.39,0.214,0.450999,0,0,1,2
0.39,0.217,0.25,0,0,1,2
0.39,0.217,0.253,0,0,1,2
0.39,0.217,0.256,0,0,1,2
0.39,0.217,0.259,0,0,1,2
0.39,0.217,0.262,0,0,1,2
0.39,0.217,0.265,0,0,1,2
0.39,0.217,0.268,0,0,1,2
0.39,0.217,0.271,0,0,1,2
0.39,0.217,0.274,0,0,1,2
0.39,0.217,0.277,0,0,1,2
0.39,0.217,0.28,0,0,1,2
0.39,0.217,0.283,0,0,1,2
0.39,0.217,0.286,0,0,1,2
0.39,0.217,0.289,0,0,1,2
0.39,0.217,0.292,0,0,1,2
0.39,0.217,0.295,0,0,1,2
0.39,0.217,0.298,0,0,1,2
0.39,0.217,0.301,0,0,1,2
0.39,0.217,0.304,0,0,1,2
0.39,0.217,0.307,0,0,1,2
0.39,0.217,0.31,0,0,1,2
0.39,0.217,0.313,0,0,1,2
0.39,0.217,0.316,0,0,1,2
0.39,0.217,0.319,0,0,1,2
0.39,0.217,0.322,0,0,1,2
0.39,0.217,0.325,0,0,1,2
0.39,0.217,0.328,0,0,1,2
0.39,0.217,0.331,0,0,1,2
0.39,0.217,0.334,0,0,1,2
0.39,0.217,0.337,0,0,1,2
0.39,0.217,0.34,0,0,1,2
0.39,0.217,0.343,0,0,1,2
0.39,0.217,0.346,0,0,1,2
0.39,0.217,0.349,0,0,1,2
0.39,0.217,0.352,0,0,1,2
0.39,0.217,0.355,0,0,1,2
0.39,0.217,0.358,0,0,1,2
0.39,0.217,0.361,0,0,1,2
0.39,0.217,0.364,0,0,1,2
0.39,0.217,0.367,0,0,1,2
0.39,0.217,0.37,0,0,1,2
0.39,0.217,0.373,0,0,1,2
0.39,0.217,0.376,0,0,1,2
0.39,0.217,0.379,0,0,1,2
0.39,0.217,0.382,0,0,1,2
0.39,0.217,0.385,0,0,1,2
0.39,0.217,0.388,0,0,1,2
0.39,0.217,0.391,0,0,1,2
0.39,0.217,0.394,0,0,1,2
0.39,0.217,0.397,0,0,1,2
0.39,0.217,0.4,0,0,1,2
0.39,0.217,0.403,0,0,1,2
0.39,0.217,0.406,0,0,1,2
0.39,0.217,0.409,0,0,1,2
0.39,0.217,0.412,0,0,1,2
0.39,0.217,0.415,0,0,1,2
0.39,0.217,0.418,0,0,1,2
0.39,0.217,0.420999,0,0,1,2
0.39,0.217,0.423999,0,0,1,2
0.39,0.217,0.426999,0,0,1,2
0.39,0.217,0.429999,0,0,1,2
0.39,0.217,0.432999,0,0,1,2
0.39,0.217,0.435999,0,0,1,2
0.39,0.217,0.438999,0,0,1,2
0.39,0.217,0.441999,0,0,1,2
0.39,0.217,0.444999,0,0,1,2
0.39,0.217,0.447999,0,0,1,2
0.39,0.217,0.450999,0,0,1,2
0.39,0.22,0.25,0,0,1,2
0.39,0.22,0.253,0,0,1,2
0.39,0.22,0.256,0,0,1,2
0.39,0.22,0.259,0,0,1,2
0.39,0.22,0.262,0,0,1,2
0.39,0.22,0.265,0,0,1,2
0.39,0.22,0.268,0,0,1,2
0.39,0.22,0.271,0,0,1,2
0.39,0.22,0.274,0,0,1,2
0.39,0.22,0.277,0,0,1,2
0.39,0.22,0.28,0,0,1,2
0.39,0.22,0.283,0,0,1,2
0.39,0.22,0.286,0,0,1,2
0.39,0.22,0.289,0,0,1,2
0.39,0.22,0.292,0,0,1,2
0.39,0.22,0.295,0,0,1,2
0.39,0.22,0.298,0,0,1,2
0.39,0.22,0.301,0,0,1,2
0.39,0.22,0.304,0,0,1,2
0.39,0.22,0.307,0,0,1,2
0.39,0.22,0.31,0,0,1,2
0.39,0.22,0.313,0,0,1,2
0.39,0.22,0.316,0,0,1,2
0.39,0.22,0.319,0,0,1,2
0.39,0.22,0.322,0,0,1,2
0.39,0.22,0.325,0,0,1,2
0.39,0.22,0.328,0,0,1,2
0.39,0.22,0.331,0,0,1,2
0.39,0.22,0.334,0,0,1,2
0.39,0.22,0.337,0,0,1,2
0.39,0.22,0.34,0,0,1,2
0.39,0.22,0.343,0,0,1,2
0.39,0.22,0.346,0,0,1,2
0.39,0.22,0.349,0,0,1,2
0.39,0.22,0.352,0,0,1,2
0.39,0.22,0.355,0,0,1,2
0.39,0.22,0.358,0,0,1,2
0.39,0.22,0.361,0,0,1,2
0.39,0.22,0.364,0,0,1,2
0.39,0.22,0.367,0,0,1,2
0.39,0.22,0.37,0,0,1,2
0.39,0.22,0.373,0,0,1,2
0.39,0.22,0.376,0,0,1,2
0.39,0.22,0.379,0,0,1,2
0.39,0.22,0.382,0,0,1,2
0.39,0.22,0.385,0,0,1,2
0.39,0.22,0.388,0,0,1,2
0.39,0.22,0.391,0,0,1,2
0.39,0.22,0.394,0,0,1,2
0.39,0.22,0.397,0,0,1,2
0.39,0.22,0.4,0,0,1,2
0.39,0.22,0.403,0,0,1,2
0.39,0.22,0.406,0,0,1,2
0.39,0.22,0.409,0,0,1,2
0.39,0.22,0.412,0,0,1,2
0.39,0.22,0.415,0,0,1,2
0.39,0.22,0.418,0,0,1,2
0.39,0.22,0.420999,0,0,1,2
0.39,0.22,0.423999,0,0,1,2
0.39,0.22,0.426999,0,0,1,2
0.39,0.22,0.429999,0,0,1,2
0.39,0.22,0.432999,0,0,1,2
0.39,0.22,0.435999,0,0,1,2
0.39,0.22,0.438999,0,0,1,2
0.39,0.22,0.441999,0,0,1,2
0.39,0.22,0.444999,0,0,1,2
0.39,0.22,0.447999,0,0,1,2
0.39,0.22,0.450999,0,0,1,2
0.39,0.223,0.25,0,0,1,2
0.39,0.223,0.253,0,0,1,2
0.39,0.223,0.256,0,0,1,2
0.39,0.223,0.259,0,0,1,2
0.39,0.223,0.262,0,0,1,2
0.39,0.223,0.265,0,0,1,2
0.39,0.223,0.268,0,0,1,2
0.39,0.223,0.271,0,0,1,2
0.39,0.223,0.274,0,0,1,2
0.39,0.223,0.277,0,0,1,2
0.39,0.223,0.28,0,0,1,2
0.39,0.223,0.283,0,0,1,2
0.39,0.223,0.286,0,0,1,2
0.39,0.223,0.289,0,0,1,2
0.39,0.223,0.292,0,0,1,2
0.39,0.223,0.295,0,0,1,2
0.39,0.223,0.298,0,0,1,2
0.39,0.223,0.301,0,0,1,2
0.39,0.223,0.304,0,0,1,2
0.39,0.223,0.307,0,0,1,2
0.39,0.223,0.31,0,0,1,2
0.39,0.223,0.313,0,0,1,2
0.39,0.223,0.316,0,0,1,2
0.39,0.223,0.319,0,0,1,2
0.39,0.223,0.322,0,0,1,2
0.39,0.223,0.325,0,0,1,2
0.39,0.223,0.328,0,0,1,2
0.39,0.223,0.331,0,0,1,2
0.39,0.223,0.334,0,0,1,2
0.39,0.223,0.337,0,0,1,2
0.39,0.223,0.34,0,0,1,2
0.39,0.223,0.343,0,0,1,2
0.39,0.223,0.346,0,0,1,2
0.39,0.223,0.349,0,0,1,2
0.39,0.223,0.352,0,0,1,2
0.39,0.223,0.355,0,0,1,2
0.39,0.223,0.358,0,0,1,2
0.39,0.223,0.361,0,0,1,2
0.39,0.223,0.364,0,0,1,2
0.39,0.223,0.367,0,0,1,2
0.39,0.223,0.37,0,0,1,2
0.39,0.223,0.373,0,0,1,2
0.39,0.223,0.376,0,0,1,2
0.39,0.223,0.379,0,0,1,2
0.39,0.223,0.382,0,0,1,2
0.39,0.223,0.385,0,0,1,2
0.39,0.223,0.388,0,0,1,2
0.39,0.223,0.391,0,0,1,2
0.39,0.223,0.394,0,0,1,2
0.39,0.223,0.397,0,0,1,2
0.39,0.223,0.4,0,0,1,2
0.39,0.223,0.403,0,0,1,2
0.39,0.223,0.406,0,0,1,2
0.39,0.223,0.409,0,0,1,2
0.39,0.223,0.412,0,0,1,2
0.39,0.223,0.415,0,0,1,2
0.39,0.223,0.418,0,0,1,2
0.39,0.223,0.420999,0,0,1,2
0.39,0.223,0.423999,0,0,1,2
0.39,0.223,0.426999,0,0,1,2
0.39,0.223,0.429999,0,0,1,2
0.39,0.223,0.432999,0,0,1,2
0.39,0.223,0.435999,0,0,1,2
0.39,0.223,0.438999,0,0,1,2
0.39,0.223,0.441999,0,0,1,2
0.39,0.223,0.444999,0,0,1,2
0.39,0.223,0.447999,0,0,1,2
0.39,0.223,0.450999,0,0,1,2
0.39,0.226,0.25,0,0,1,2
0.39,0.226,0.253,0,0,1,2
0.39,0.226,0.256,0,0,1,2
0.39,0.226,0.259,0,0,1,2
0.39,0.226,0.262,0,0,1,2
0.39,0.226,0.265,0,0,1,2
0.39,0.226,0.268,0,0,1,2
0.39,0.226,0.271,0,0,1,2
0.39,0.226,0.274,0,0,1,2
0.39,0.226,0.277,0,0,1,2
0.39,0.226,0.28,0,0,1,2
0.39,0.226,0.283,0,0,1,2
0.39,0.226,0.286,0,0,1,2
0.39,0.226,0.289,0,0,1,2
0.39,0.226,0.292,0,0,1,2
0.39,0.226,0.295,0,0,1,2
0.39,0.226,0.298,0,0,1,2
0.39,0.226,0.301,0,0,1,2
0.39,0.226,0.304,0,0,1,2
0.39,0.226,0.307,0,0,1,2
0.39,0.226,0.31,0,0,1,2
0.39,0.226,0.313,0,0,1,2
0.39,0.226,0.316,0,0,1,2
0.39,0.226,0.319,0,0,1,2
0.39,0.226,0.322,0,0,1,2
0.39,0.226,0.325,0,0,1,2
0.39,0.226,0.328,0,0,1,2
0.39,0.226,0.331,0,0,1,2
0.39,0.226,0.334,0,0,1,2
0.39,0.226,0.337,0,0,1,2
0.39,0.226,0.34,0,0,1,2
0.39,0.226,0.343,0,0,1,2
0.39,0.226,0.346,0,0,1,2
0.39,0.226,0.349,0,0,1,2
0.39,0.226,0.352,0,0,1,2
0.39,0.226,0.355,0,0,1,2
0.39,0.226,0.358,0,0,1,2
0.39,0.226,0.361,0,0,1,2
0.39,0.226,0.364,0,0,1,2
0.39,0.226,0.367,0,0,1,2
0.39,0.226,0.37,0,0,1,2
0.39,0.226,0.373,0,0,1,2
0.39,0.226,0.376,0,0,1,2
0.39,0.226,0.379,0,0,1,2
0.39,0.226,0.382,0,0,1,2
0.39,0.226,0.385,0,0,1,2
0.39,0.226,0.388,0,0,1,2
0.39,0.226,0.391,0,0,1,2
0.39,0.226,0.394,0,0,1,2
0.39,0.226,0.397,0,0,1,2
0.39,0.226,0.4,0,0,1,2
0.39,0.226,0.403,0,0,1,2
0.39,0.226,0.406,0,0,1,2
0.39,0.226,0.409,0,0,1,2
0.39,0.226,0.412,0,0,1,2
0.39,0.226,0.415,0,0,1,2
0.39,0.226,0.418,0,0,1,2
0.39,0.226,0.420999,0,0,1,2
0.39,0.226,0.423999,0,0,1,2
0.39,0.226,0.426999,0,0,1,2
0.39,0.226,0.429999,0,0,1,2
0.39,0.226,0.432999,0,0,1,2
0.39,0.226,0.435999,0,0,1,2
0.39,0.226,0.438999,0,0,1,2
0.39,0.226,0.441999,0,0,1,2
0.39,0.226,0.444999,0,0,1,2
0.39,0.226,0.447999,0,0,1,2
0.39,0.226,0.450999,0,0,1,2
0.39,0.229,0.25,0,0,1,2
0.39,0.229,0.253,0,0,1,2
0.39,0.229,0.256,0,0,1,2
0.39,0.229,0.259,0,0,1,2
0.39,0.229,0.262,0,0,1,2
0.39,0.229,0.265,0,0,1,2
0.39,0.229,0.268,0,0,1,2
0.39,0.229,0.271,0,0,1,2
0.39,0.229,0.274,0,0,1,2
0.39,0.229,0.277,0,0,1,2
0.39,0.229,0.28,0,0,1,2
0.39,0.229,0.283,0,0,1,2
0.39,0.229,0.286,0,0,1,2
0.39,0.229,0.289,0,0,1,2
0.39,0.229,0.292,0,0,1,2
0.39,0.229,0.295,0,0,1,2
0.39,0.229,0.298,0,0,1,2
0.39,0.229,0.301,0,0,1,2
0.39,0.229,0.304,0,0,1,2
0.39,0.229,0.307,0,0,1,2
0.39,0.229,0.31,0,0,1,2
0.39,0.229,0.313,0,0,1,2
0.39,0.229,0.316,0,0,1,2
0.39,0.229,0.319,0,0,1,2
0.39,0.229,0.322,0,0,1,2
0.39,0.229,0.325,0,0,1,2
0.39,0.229,0.328,0,0,1,2
0.39,0.229,0.331,0,0,1,2
0.39,0.229,0.334,0,0,1,2
0.39,0.229,0.337,0,0,1,2
0.39,0.229,0.34,0,0,1,2
0.39,0.229,0.343,0,0,1,2
0.39,0.229,0.346,0,0,1,2
0.39,0.229,0.349,0,0,1,2
0.39,0.229,0.352,0,0,1,2
0.39,0.229,0.355,0,0,1,2
0.39,0.229,0.358,0,0,1,2
0.39,0.229,0.361,0,0,1,2
0.39,0.229,0.364,0,0,1,2
0.39,0.229,0.367,0,0,1,2
0.39,0.229,0.37,0,0,1,2
0.39,0.229,0.373,0,0,1,2
0.39,0.229,0.376,0,0,1,2
0.39,0.229,0.379,0,0,1,2
0.39,0.229,0.382,0,0,1,2
0.39,0.229,0.385,0,0,1,2
0.39,0.229,0.388,0,0,1,2
0.39,0.229,0.391,0,0,1,2
0.39,0.229,0.394,0,0,1,2
0.39,0.229,0.397,0,0,1,2
0.39,0.229,0.4,0,0,1,2
0.39,0.229,0.403,0,0,1,2
0.39,0.229,0.406,0,0,1,2
0.39,0.229,0.409,0,0,1,2
0.39,0.229,0.412,0,0,1,2
0.39,0.229,0.415,0,0,1,2
0.39,0.229,0.418,0,0,1,2
0.39,0.229,0.420999,0,0,1,2
0.39,0.229,0.423999,0,0,1,2
0.39,0.229,0.426999,0,0,1,2
0.39,0.229,0.429999,0,0,1,2
0.39,0.229,0.432999,0,0,1,2
0.39,0.229,0.435999,0,0,1,2
0.39,0.229,0.438999,0,0,1,2
0.39,0.229,0.441999,0,0,1,2
0.39,0.229,0.444999,0,0,1,2
0.39,0.229,0.447999,0,0,1,2
0.39,0.229,0.450999,0,0,1,2
0.39,0.232,0.25,0,0,1,2
0.39,0.232,0.253,0,0,1,2
0.39,0.232,0.256,0,0,1,2
0.39,0.232,0.259,0,0,1,2
0.39,0.232,0.262,0,0,1,2
0.39,0.232,0.265,0,0,1,2
0.39,0.232,0.268,0,0,1,2
0.39,0.232,0.271,0,0,1,2
0.39,0.232,0.274,0,0,1,2
0.39,0.232,0.277,0,0,1,2
0.39,0.232,0.28,0,0,1,2
0.39,0.232,0.283,0,0,1,2
0.39,0.232,0.286,0,0,1,2
0.39,0.232,0.289,0,0,1,2
0.39,0.232,0.292,0,0,1,2
0.39,0.232,0.295,0,0,1,2
0.39,0.232,0.298,0,0,1,2
0.39,0.232,0.301,0,0,1,2
0.39,0.232,0.304,0,0,1,2
0.39,0.232,0.307,0,0,1,2
0.39,0.232,0.31,0,0,1,2
0.39,0.232,0.313,0,0,1,2
0.39,0.232,0.316,0,0,1,2
0.39,0.232,0.319,0,0,1,2
0.39,0.232,0.322,0,0,1,2
0.39,0.232,0.325,0,0,1,2
0.39,0.232,0.328,0,0,1,2
0.39,0.232,0.331,0,0,1,2
0.39,0.232,0.334,0,0,1,2
0.39,0.232,0.337,0,0,1,2
0.39,0.232,0.34,0,0,1,2
0.39,0.232,0.343,0,0,1,2
0.39,0.232,0.346,0,0,1,2
0.39,0.232,0.349,0,0,1,2
0.39,0.232,0.352,0,0,1,2
0.39,0.232,0.355,0,0,1,2
0.39,0.232,0.358,0,0,1,2
0.39,0.232,0.361,0,0,1,2
0.39,0.232,0.364,0,0,1,2
0.39,0.232,0.367,0,0,1,2
0.39,0.232,0.37,0,0,1,2
0.39,0.232,0.373,0,0,1,2
0.39,0.232,0.376,0,0,1,2
0.39,0.232,0.379,0,0,1,2
0.39,0.232,0.382,0,0,1,2
0.39,0.232,0.385,0,0,1,2
0.39,0.232,0.388,0,0,1,2
0.39,0.232,0.391,0,0,1,2
0.39,0.232,0.394,0,0,1,2
0.39,0.232,0.397,0,0,1,2
0.39,0.232,0.4,0,0,1,2
0.39,0.232,0.403,0,0,1,2
0.39,0.232,0.406,0,0,1,2
0.39,0.232,0.409,0,0,1,2
0.39,0.232,0.412,0,0,1,2
0.39,0.232,0.415,0,0,1,2
0.39,0.232,0.418,0,0,1,2
0.39,0.232,0.420999,0,0,1,2
0.39,0.232,0.423999,0,0,1,2
0.39,0.232,0.426999,0,0,1,2
0.39,0.232,0.429999,0,0,1,2
0.39,0.232,0.432999,0,0,1,2
0.39,0.232,0.435999,0,0,1,2
0.39,0.232,0.438999,0,0,1,2
0.39,0.232,0.441999,0,0,1,2
0.39,0.232,0.444999,0,0,1,2
0.39,0.232,0.447999,0,0,1,2
0.39,0.232,0.450999,0,0,1,2
0.39,0.235,0.25,0,0,1,2
0.39,0.235,0.253,0,0,1,2
0.39,0.235,0.256,0,0,1,2
0.39,0.235,0.259,0,0,1,2
0.39,0.235,0.262,0,0,1,2
0.39,0.235,0.265,0,0,1,2
0.39,0.235,0.268,0,0,1,2
0.39,0.235,0.271,0,0,1,2
0.39,0.235,0.274,0,0,1,2
0.39,0.235,0.277,0,0,1,2
0.39,0.235,0.28,0,0,1,2
0.39,0.235,0.283,0,0,1,2
0.39,0.235,0.286,0,0,1,2
0.39,0.235,0.289,0,0,1,2
0.39,0.235,0.292,0,0,1,2
0.39,0.235,0.295,0,0,1,2
0.39,0.235,0.298,0,0,1,2
0.39,0.235,0.301,0,0,1,2
0.39,0.235,0.304,0,0,1,2
0.39,0.235,0.307,0,0,1,2
0.39,0.235,0.31,0,0,1,2
0.39,0.235,0.313,0,0,1,2
0.39,0.235,0.316,0,0,1,2
0.39,0.235,0.319,0,0,1,2
0.39,0.235,0.322,0,0,1,2
0.39,0.235,0.325,0,0,1,2
0.39,0.235,0.328,0,0,1,2
0.39,0.235,0.331,0,0,1,2
0.39,0.235,0.334,0,0,1,2
0.39,0.235,0.337,0,0,1,2
0.39,0.235,0.34,0,0,1,2
0.39,0.235,0.343,0,0,1,2
0.39,0.235,0.346,0,0,1,2
0.39,0.235,0.349,0,0,1,2
0.39,0.235,0.352,0,0,1,2
0.39,0.235,0.355,0,0,1,2
0.39,0.235,0.358,0,0,1,2
0.39,0.235,0.361,0,0,1,2
0.39,0.235,0.364,0,0,1,2
0.39,0.235,0.367,0,0,1,2
0.39,0.235,0.37,0,0,1,2
0.39,0.235,0.373,0,0,1,2
0.39,0.235,0.376,0,0,1,2
0.39,0.235,0.379,0,0,1,2
0.39,0.235,0.382,0,0,1,2
0.39,0.235,0.385,0,0,1,2
0.39,0.235,0.388,0,0,1,2
0.39,0.235,0.391,0,0,1,2
0.39,0.235,0.394,0,0,1,2
0.39,0.235,0.397,0,0,1,2
0.39,0.235,0.4,0,0,1,2
0.39,0.235,0.403,0,0,1,2
0.39,0.235,0.406,0,0,1,2
0.39,0.235,0.409,0,0,1,2
0.39,0.235,0.412,0,0,1,2
0.39,0.235,0.415,0,0,1,2
0.39,0.235,0.418,0,0,1,2
0.39,0.235,0.420999,0,0,1,2
0.39,0.235,0.423999,0,0,1,2
0.39,0.235,0.426999,0,0,1,2
0.39,0.235,0.429999,0,0,1,2
0.39,0.235,0.432999,0,0,1,2
0.39,0.235,0.435999,0,0,1,2
0.39,0.235,0.438999,0,0,1,2
0.39,0.235,0.441999,0,0,1,2
0.39,0.235,0.444999,0,0,1,2
0.39,0.235,0.447999,0,0,1,2
0.39,0.235,0.450999,0,0,1,2
0.39,0.238,0.25,0,0,1,2
0.39,0.238,0.253,0,0,1,2
0.39,0.238,0.256,0,0,1,2
0.39,0.238,0.259,0,0,1,2
0.39,0.238,0.262,0,0,1,2
0.39,0.238,0.265,0,0,1,2
0.39,0.238,0.268,0,0,1,2
0.39,0.238,0.271,0,0,1,2
0.39,0.238,0.274,0,0,1,2
0.39,0.238,0.277,0,0,1,2
0.39,0.238,0.28,0,0,1,2
0.39,0.238,0.283,0,0,1,2
0.39,0.238,0.286,0,0,1,2
0.39,0.238,0.289,0,0,1,2
0.39,0.238,0.292,0,0,1,2
0.39,0.238,0.295,0,0,1,2
0.39,0.238,0.298,0,0,1,2
0.39,0.238,0.301,0,0,1,2
0.39,0.238,0.304,0,0,1,2
0.39,0.238,0.307,0,0,1,2
0.39,0.238,0.31,0,0,1,2
0.39,0.238,0.313,0,0,1,2
0.39,0.238,0.316,0,0,1,2
0.39,0.238,0.319,0,0,1,2
0.39,0.238,0.322,0,0,1,2
0.39,0.238,0.325,0,0,1,2
0.39,0.238,0.328,0,0,1,2
0.39,0.238,0.331,0,0,1,2
0.39,0.238,0.334,0,0,1,2
0.39,0.238,0.337,0,0,1,2
0.39,0.238,0.34,0,0,1,2
0.39,0.238,0.343,0,0,1,2
0.39,0.238,0.346,0,0,1,2
0.39,0.238,0.349,0,0,1,2
0.39,0.238,0.352,0,0,1,2
0.39,0.238,0.355,0,0,1,2
0.39,0.238,0.358,0,0,1,2
0.39,0.238,0.361,0,0,1,2
0.39,0.238,0.364,0,0,1,2
0.39,0.238,0.367,0,0,1,2
0.39,0.238,0.37,0,0,1,2
0.39,0.238,0.373,0,0,1,2
0.39,0.238,0.376,0,0,1,2
0.39,0.238,0.379,0,0,1,2
0.39,0.238,0.382,0,0,1,2
0.39,0.238,0.385,0,0,1,2
0.39,0.238,0.388,0,0,1,2
0.39,0.238,0.391,0,0,1,2
0.39,0.238,0.394,0,0,1,2
0.39,0.238,0.397,0,0,1,2
0.39,0.238,0.4,0,0,1,2
0.39,0.238,0.403,0,0,1,2
0.39,0.238,0.406,0,0,1,2
0.39,0.238,0.409,0,0,1,2
0.39,0.238,0.412,0,0,1,2
0.39,0.238,0.415,0,0,1,2
0.39,0.238,0.418,0,0,1,2
0.39,0.238,0.420999,0,0,1,2
0.39,0.238,0.423999,0,0,1,2
0.39,0.238,0.426999,0,0,1,2
0.39,0.238,0.429999,0,0,1,2
0.39,0.238,0.432999,0,0,1,2
0.39,0.238,0.435999,0,0,1,2
0.39,0.238,0.438999,0,0,1,2
0.39,0.238,0.441999,0,0,1,2
0.39,0.238,0.444999,0,0,1,2
0.39,0.238,0.447999,0,0,1,2
0.39,0.238,0.450999,0,0,1,2
0.39,0.241,0.25,0,0,1,2
0.39,0.241,0.253,0,0,1,2
0.39,0.241,0.256,0,0,1,2
0.39,0.241,0.259,0,0,1,2
0.39,0.241,0.262,0,0,1,2
0.39,0.241,0.265,0,0,1,2
0.39,0.241,0.268,0,0,1,2
0.39,0.241,0.271,0,0,1,2
0.39,0.241,0.274,0,0,1,2
0.39,0.241,0.277,0,0,1,2
0.39,0.241,0.28,0,0,1,2
0.39,0.241,0.283,0,0,1,2
0.39,0.241,0.286,0,0,1,2
0.39,0.241,0.289,0,0,1,2
0.39,0.241,0.292,0,0,1,2
0.39,0.241,0.295,0,0,1,2
0.39,0.241,0.298,0,0,1,2
0.39,0.241,0.301,0,0,1,2
0.39,0.241,0.304,0,0,1,2
0.39,0.241,0.307,0,0,1,2
0.39,0.241,0.31,0,0,1,2
0.39,0.241,0.313,0,0,1,2
0.39,0.241,0.316,0,0,1,2
0.39,0.241,0.319,0,0,1,2
0.39,0.241,0.322,0,0,1,2
0.39,0.241,0.325,0,0,1,2
0.39,0.241,0.328,0,0,1,2
0.39,0.241,0.331,0,0,1,2
0.39,0.241,0.334,0,0,1,2
0.39,0.241,0.337,0,0,1,2
0.39,0.241,0.34,0,0,1,2
0.39,0.241,0.343,0,0,1,2
0.39,0.241,0.346,0,0,1,2
0.39,0.241,0.349,0,0,1,2
0.39,0.241,0.352,0,0,1,2
0.39,0.241,0.355,0,0,1,2
0.39,0.241,0.358,0,0,1,2
0.39,0.241,0.361,0,0,1,2
0.39,0.241,0.364,0,0,1,2
0.39,0.241,0.367,0,0,1,2
0.39,0.241,0.37,0,0,1,2
0.39,0.241,0.373,0,0,1,2
0.39,0.241,0.376,0,0,1,2
0.39,0.241,0.379,0,0,1,2
0.39,0.241,0.382,0,0,1,2
0.39,0.241,0.385,0,0,1,2
0.39,0.241,0.388,0,0,1,2
0.39,0.241,0.391,0,0,1,2
0.39,0.241,0.394,0,0,1,2
0.39,0.241,0.397,0,0,1,2
0.39,0.241,0.4,0,0,1,2
0.39,0.241,0.403,0,0,1,2
0.39,0.241,0.406,0,0,1,2
0.39,0.241,0.409,0,0,1,2
0.39,0.241,0.412,0,0,1,2
0.39,0.241,0.415,0,0,1,2
0.39,0.241,0.418,0,0,1,2
0.39,0.241,0.420999,0,0,1,2
0.39,0.241,0.423999,0,0,1,2
0.39,0.241,0.426999,0,0,1,2
0.39,0.241,0.429999,0,0,1,2
0.39,0.241,0.432999,0,0,1,2
0.39,0.241,0.435999,0,0,1,2
0.39,0.241,0.438999,0,0,1,2
0.39,0.241,0.441999,0,0,1,2
0.39,0.241,0.444999,0,0,1,2
0.39,0.241,0.447999,0,0,1,2
0.39,0.241,0.450999,0,0,1,2
0.39,0.244,0.25,0,0,1,2
0.39,0.244,0.253,0,0,1,2
0.39,0.244,0.256,0,0,1,2
0.39,0.244,0.259,0,0,1,2
0.39,0.244,0.262,0,0,1,2
0.39,0.244,0.265,0,0,1,2
0.39,0.244,0.268,0,0,1,2
0.39,0.244,0.271,0,0,1,2
0.39,0.244,0.274,0,0,1,2
0.39,0.244,0.277,0,0,1,2
0.39,0.244,0.28,0,0,1,2
0.39,0.244,0.283,0,0,1,2
0.39,0.244,0.286,0,0,1,2
0.39,0.244,0.289,0,0,1,2
0.39,0.244,0.292,0,0,1,2
0.39,0.244,0.295,0,0,1,2
0.39,0.244,0.298,0,0,1,2
0.39,0.244,0.301,0,0,1,2
0.39,0.244,0.304,0,0,1,2
0.39,0.244,0.307,0,0,1,2
0.39,0.244,0.31,0,0,1,2
0.39,0.244,0.313,0,0,1,2
0.39,0.244,0.316,0,0,1,2
0.39,0.244,0.319,0,0,1,2
0.39,0.244,0.322,0,0,1,2
0.39,0.244,0.325,0,0,1,2
0.39,0.244,0.328,0,0,1,2
0.39,0.244,0.331,0,0,1,2
0.39,0.244,0.334,0,0,1,2
0.39,0.244,0.337,0,0,1,2
0.39,0.244,0.34,0,0,1,2
0.39,0.244,0.343,0,0,1,2
0.39,0.244,0.346,0,0,1,2
0.39,0.244,0.349,0,0,1,2
0.39,0.244,0.352,0,0,1,2
0.39,0.244,0.355,0,0,1,2
0.39,0.244,0.358,0,0,1,2
0.39,0.244,0.361,0,0,1,2
0.39,0.244,0.364,0,0,1,2
0.39,0.244,0.367,0,0,1,2
0.39,0.244,0.37,0,0,1,2
0.39,0.244,0.373,0,0,1,2
0.39,0.244,0.376,0,0,1,2
0.39,0.244,0.379,0,0,1,2
0.39,0.244,0.382,0,0,1,2
0.39,0.244,0.385,0,0,1,2
0.39,0.244,0.388,0,0,1,2
0.39,0.244,0.391,0,0,1,2
0.39,0.244,0.394,0,0,1,2
0.39,0.244,0.397,0,0,1,2
0.39,0.244,0.4,0,0,1,2
0.39,0.244,0.403,0,0,1,2
0.39,0.244,0.406,0,0,1,2
0.39,0.244,0.409,0,0,1,2
0.39,0.244,0.412,0,0,1,2
0.39,0.244,0.415,0,0,1,2
0.39,0.244,0.418,0,0,1,2
0.39,0.244,0.420999,0,0,1,2
0.39,0.244,0.423999,0,0,1,2
0.39,0.244,0.426999,0,0,1,2
0.39,0.244,0.429999,0,0,1,2
0.39,0.244,0.432999,0,0,1,2
0.39,0.244,0.435999,0,0,1,2
0.39,0.244,0.438999,0,0,1,2
0.39,0.244,0.441999,0,0,1,2
0.39,0.244,0.444999,0,0,1,2
0.39,0.244,0.447999,0,0,1,2
0.39,0.244,0.450999,0,0,1,2
0.39,0.247,0.25,0,0,1,2
0.39,0.247,0.253,0,0,1,2
0.39,0.247,0.256,0,0,1,2
0.39,0.247,0.259,0,0,1,2
0.39,0.247,0.262,0,0,1,2
0.39,0.247,0.265,0,0,1,2
0.39,0.247,0.268,0,0,1,2
0.39,0.247,0.271,0,0,1,2
0.39,0.247,0.274,0,0,1,2
0.39,0.247,0.277,0,0,1,2
0.39,0.247,0.28,0,0,1,2
0.39,0.247,0.283,0,0,1,2
0.39,0.247,0.286,0,0,1,2
0.39,0.247,0.289,0,0,1,2
0.39,0.247,0.292,0,0,1,2
0.39,0.247,0.295,0,0,1,2
0.39,0.247,0.298,0,0,1,2
0.39,0.247,0.301,0,0,1,2
0.39,0.247,0.304,0,0,1,2
0.39,0.247,0.307,0,0,1,2
0.39,0.247,0.31,0,0,1,2
0.39,0.247,0.313,0,0,1,2
0.39,0.247,0.316,0,0,1,2
0.39,0.247,0.319,0,0,1,2
0.39,0.247,0.322,0,0,1,2
0.39,0.247,0.325,0,0,1,2
0.39,0.247,0.328,0,0,1,2
0.39,0.247,0.331,0,0,1,2
0.39,0.247,0.334,0,0,1,2
0.39,0.247,0.337,0,0,1,2
0.39,0.247,0.34,0,0,1,2
0.39,0.247,0.343,0,0,1,2
0.39,0.247,0.346,0,0,1,2
0.39,0.247,0.349,0,0,1,2
0.39,0.247,0.352,0,0,1,2
0.39,0.247,0.355,0,0,1,2
0.39,0.247,0.358,0,0,1,2
0.39,0.247,0.361,0,0,1,2
0.39,0.247,0.364,0,0,1,2
0.39,0.247,0.367,0,0,1,2
0.39,0.247,0.37,0,0,1,2
0.39,0.247,0.373,0,0,1,2
0.39,0.247,0.376,0,0,1,2
0.39,0.247,0.379,0,0,1,2
0.39,0.247,0.382,0,0,1,2
0.39,0.247,0.385,0,0,1,2
0.39,0.247,0.388,0,0,1,2
0.39,0.247,0.391,0,0,1,2
0.39,0.247,0.394,0,0,1,2
0.39,0.247,0.397,0,0,1,2
0.39,0.247,0.4,0,0,1,2
0.39,0.247,0.403,0,0,1,2
0.39,0.247,0.406,0,0,1,2
0.39,0.247,0.409,0,0,1,2
0.39,0.247,0.412,0,0,1,2
0.39,0.247,0.415,0,0,1,2
0.39,0.247,0.418,0,0,1,2
0.39,0.247,0.420999,0,0,1,2
0.39,0.247,0.423999,0,0,1,2
0.39,0.247,0.426999,0,0,1,2
0.39,0.247,0.429999,0,0,1,2
0.39,0.247,0.432999,0,0,1,2
0.39,0.247,0.435999,0,0,1,2
0.39,0.247,0.438999,0,0,1,2
0.39,0.247,0.441999,0,0,1,2
0.39,0.247,0.444999,0,0,1,2
0.39,0.247,0.447999,0,0,1,2
0.39,0.247,0.450999,0,0,1,2
0.39,0.25,0.25,0,0,1,2
0.39,0.25,0.253,0,0,1,2
0.39,0.25,0.256,0,0,1,2
0.39,0.25,0.259,0,0,1,2
0.39,0.25,0.262,0,0,1,2
0.39,0.25,0.265,0,0,1,2
0.39,0.25,0.268,0,0,1,2
0.39,0.25,0.271,0,0,1,2
0.39,0.25,0.274,0,0,1,2
0.39,0.25,0.277,0,0,1,2
0.39,0.25,0.28,0,0,1,2
0.39,0.25,0.283,0,0,1,2
0.39,0.25,0.286,0,0,1,2
0.39,0.25,0.289,0,0,1,2
0.39,0.25,0.292,0,0,1,2
0.39,0.25,0.295,0,0,1,2
0.39,0.25,0.298,0,0,1,2
0.39,0.25,0.301,0,0,1,2
0.39,0.25,0.304,0,0,1,2
0.39,0.25,0.307,0,0,1,2
0.39,0.25,0.31,0,0,1,2
0.39,0.25,0.313,0,0,1,2
0.39,0.25,0.316,0,0,1,2
0.39,0.25,0.319,0,0,1,2
0.39,0.25,0.322,0,0,1,2
0.39,0.25,0.325,0,0,1,2
0.39,0.25,0.328,0,0,1,2
0.39,0.25,0.331,0,0,1,2
0.39,0.25,0.334,0,0,1,2
0.39,0.25,0.337,0,0,1,2
0.39,0.25,0.34,0,0,1,2
0.39,0.25,0.343,0,0,1,2
0.39,0.25,0.346,0,0,1,2
0.39,0.25,0.349,0,0,1,2
0.39,0.25,0.352,0,0,1,2
0.39,0.25,0.355,0,0,1,2
0.39,0.25,0.358,0,0,1,2
0.39,0.25,0.361,0,0,1,2
0.39,0.25,0.364,0,0,1,2
0.39,0.25,0.367,0,0,1,2
0.39,0.25,0.37,0,0,1,2
0.39,0.25,0.373,0,0,1,2
0.39,0.25,0.376,0,0,1,2
0.39,0.25,0.379,0,0,1,2
0.39,0.25,0.382,0,0,1,2
0.39,0.25,0.385,0,0,1,2
0.39,0.25,0.388,0,0,1,2
0.39,0.25,0.391,0,0,1,2
0.39,0.25,0.394,0,0,1,2
0.39,0.25,0.397,0,0,1,2
0.39,0.25,0.4,0,0,1,2
0.39,0.25,0.403,0,0,1,2
0.39,0.25,0.406,0,0,1,2
0.39,0.25,0.409,0,0,1,2
0.39,0.25,0.412,0,0,1,2
0.39,0.25,0.415,0,0,1,2
0.39,0.25,0.418,0,0,1,2
0.39,0.25,0.420999,0,0,1,2
0.39,0.25,0.423999,0,0,1,2
0.39,0.25,0.426999,0,0,1,2
0.39,0.25,0.429999,0,0,1,2
0.39,0.25,0.432999,0,0,1,2
0.39,0.25,0.435999,0,0,1,2
0.39,0.25,0.438999,0,0,1,2
0.39,0.25,0.441999,0,0,1,2
0.39,0.25,0.444999,0,0,1,2
0.39,0.25,0.447999,0,0,1,2
0.39,0.25,0.450999,0,0,1,2
0.39,0.253,0.25,0,0,1,2
0.39,0.253,0.253,0,0,1,2
0.39,0.253,0.256,0,0,1,2
0.39,0.253,0.259,0,0,1,2
0.39,0.253,0.262,0,0,1,2
0.39,0.253,0.265,0,0,1,2
0.39,0.253,0.268,0,0,1,2
0.39,0.253,0.271,0,0,1,2
0.39,0.253,0.274,0,0,1,2
0.39,0.253,0.277,0,0,1,2
0.39,0.253,0.28,0,0,1,2
0.39,0.253,0.283,0,0,1,2
0.39,0.253,0.286,0,0,1,2
0.39,0.253,0.289,0,0,1,2
0.39,0.253,0.292,0,0,1,2
0.39,0.253,0.295,0,0,1,2
0.39,0.253,0.298,0,0,1,2
0.39,0.253,0.301,0,0,1,2
0.39,0.253,0.304,0,0,1,2
0.39,0.253,0.307,0,0,1,2
0.39,0.253,0.31,0,0,1,2
0.39,0.253,0.313,0,0,1,2
0.39,0.253,0.316,0,0,1,2
0.39,0.253,0.319,0,0,1,2
0.39,0.253,0.322,0,0,1,2
0.39,0.253,0.325,0,0,1,2
0.39,0.253,0.328,0,0,1,2
0.39,0.253,0.331,0,0,1,2
0.39,0.253,0.334,0,0,1,2
0.39,0.253,0.337,0,0,1,2
0.39,0.253,0.34,0,0,1,2
0.39,0.253,0.343,0,0,1,2
0.39,0.253,0.346,0,0,1,2
0.39,0.253,0.349,0,0,1,2
0.39,0.253,0.352,0,0,1,2
0.39,0.253,0.355,0,0,1,2
0.39,0.253,0.358,0,0,1,2
0.39,0.253,0.361,0,0,1,2
0.39,0.253,0.364,0,0,1,2
0.39,0.253,0.367,0,0,1,2
0.39,0.253,0.37,0,0,1,2
0.39,0.253,0.373,0,0,1,2
0.39,0.253,0.376,0,0,1,2
0.39,0.253,0.379,0,0,1,2
0.39,0.253,0.382,0,0,1,2
0.39,0.253,0.385,0,0,1,2
0.39,0.253,0.388,0,0,1,2
0.39,0.253,0.391,0,0,1,2
0.39,0.253,0.394,0,0,1,2
0.39,0.253,0.397,0,0,1,2
0.39,0.253,0.4,0,0,1,2
0.39,0.253,0.403,0,0,1,2
0.39,0.253,0.406,0,0,1,2
0.39,0.253,0.409,0,0,1,2
0.39,0.253,0.412,0,0,1,2
0.39,0.253,0.415,0,0,1,2
0.39,0.253,0.418,0,0,1,2
0.39,0.253,0.420999,0,0,1,2
0.39,0.253,0.423999,0,0,1,2
0.39,0.253,0.426999,0,0,1,2
0.39,0.253,0.429999,0,0,1,2
0.39,0.253,0.432999,0,0,1,2
0.39,0.253,0.435999,0,0,1,2
0.39,0.253,0.438999,0,0,1,2
0.39,0.253,0.441999,0,0,1,2
0.39,0.253,0.444999,0,0,1,2
0.39,0.253,0.447999,0,0,1,2
0.39,0.253,0.450999,0,0,1,2
0.39,0.256,0.25,0,0,1,2
0.39,0.256,0.253,0,0,1,2
0.39,0.256,0.256,0,0,1,2
0.39,0.256,0.259,0,0,1,2
0.39,0.256,0.262,0,0,1,2
0.39,0.256,0.265,0,0,1,2
0.39,0.256,0.268,0,0,1,2
0.39,0.256,0.271,0,0,1,2
0.39,0.256,0.274,0,0,1,2
0.39,0.256,0.277,0,0,1,2
0.39,0.256,0.28,0,0,1,2
0.39,0.256,0.283,0,0,1,2
0.39,0.256,0.286,0,0,1,2
0.39,0.256,0.289,0,0,1,2
0.39,0.256,0.292,0,0,1,2
0.39,0.256,0.295,0,0,1,2
0.39,0.256,0.298,0,0,1,2
0.39,0.256,0.301,0,0,1,2
0.39,0.256,0.304,0,0,1,2
0.39,0.256,0.307,0,0,1,2
0.39,0.256,0.31,0,0,1,2
0.39,0.256,0.313,0,0,1,2
0.39,0.256,0.316,0,0,1,2
0.39,0.256,0.319,0,0,1,2
0.39,0.256,0.322,0,0,1,2
0.39,0.256,0.325,0,0,1,2
0.39,0.256,0.328,0,0,1,2
0.39,0.256,0.331,0,0,1,2
0.39,0.256,0.334,0,0,1,2
0.39,0.256,0.337,0,0,1,2
0.39,0.256,0.34,0,0,1,2
0.39,0.256,0.343,0,0,1,2
0.39,0.256,0.346,0,0,1,2
0.39,0.256,0.349,0,0,1,2
0.39,0.256,0.352,0,0,1,2
0.39,0.256,0.355,0,0,1,2
0.39,0.256,0.358,0,0,1,2
0.39,0.256,0.361,0,0,1,2
0.39,0.256,0.364,0,0,1,2
0.39,0.256,0.367,0,0,1,2
0.39,0.256,0.37,0,0,1,2
0.39,0.256,0.373,0,0,1,2
0.39,0.256,0.376,0,0,1,2
0.39,0.256,0.379,0,0,1,2
0.39,0.256,0.382,0,0,1,2
0.39,0.256,0.385,0,0,1,2
0.39,0.256,0.388,0,0,1,2
0.39,0.256,0.391,0,0,1,2
0.39,0.256,0.394,0,0,1,2
0.39,0.256,0.397,0,0,1,2
0.39,0.256,0.4,0,0,1,2
0.39,0.256,0.403,0,0,1,2
0.39,0.256,0.406,0,0,1,2
0.39,0.256,0.409,0,0,1,2
0.39,0.256,0.412,0,0,1,2
0.39,0.256,0.415,0,0,1,2
0.39,0.256,0.418,0,0,1,2
0.39,0.256,0.420999,0,0,1,2
0.39,0.256,0.423999,0,0,1,2
0.39,0.256,0.426999,0,0,1,2
0.39,0.256,0.429999,0,0,1,2
0.39,0.256,0.432999,0,0,1,2
0.39,0.256,0.435999,0,0,1,2
0.39,0.256,0.438999,0,0,1,2
0.39,0.256,0.441999,0,0,1,2
0.39,0.256,0.444999,0,0,1,2
0.39,0.256,0.447999,0,0,1,2
0.39,0.256,0.450999,0,0,1,2
0.39,0.259,0.25,0,0,1,2
0.39,0.259,0.253,0,0,1,2
0.39,0.259,0.256,0,0,1,2
0.39,0.259,0.259,0,0,1,2
0.39,0.259,0.262,0,0,1,2
0.39,0.259,0.265,0,0,1,2
0.39,0.259,0.268,0,0,1,2
0.39,0.259,0.271,0,0,1,2
0.39,0.259,0.274,0,0,1,2
0.39,0.259,0.277,0,0,1,2
0.39,0.259,0.28,0,0,1,2
0.39,0.259,0.283,0,0,1,2
0.39,0.259,0.286,0,0,1,2
0.39,0.259,0.289,0,0,1,2
0.39,0.259,0.292,0,0,1,2
0.39,0.259,0.295,0,0,1,2
0.39,0.259,0.298,0,0,1,2
0.39,0.259,0.301,0,0,1,2
0.39,0.259,0.304,0,0,1,2
0.39,0.259,0.307,0,0,1,2
0.39,0.259,0.31,0,0,1,2
0.39,0.259,0.313,0,0,1,2
0.39,0.259,0.316,0,0,1,2
0.39,0.259,0.319,0,0,1,2
0.39,0.259,0.322,0,0,1,2
0.39,0.259,0.325,0,0,1,2
0.39,0.259,0.328,0,0,1,2
0.39,0.259,0.331,0,0,1,2
0.39,0.259,0.334,0,0,1,2
0.39,0.259,0.337,0,0,1,2
0.39,0.259,0.34,0,0,1,2
0.39,0.259,0.343,0,0,1,2
0.39,0.259,0.346,0,0,1,2
0.39,0.259,0.349,0,0,1,2
0.39,0.259,0.352,0,0,1,2
0.39,0.259,0.355,0,0,1,2
0.39,0.259,0.358,0,0,1,2
0.39,0.259,0.361,0,0,1,2
0.39,0.259,0.364,0,0,1,2
0.39,0.259,0.367,0,0,1,2
0.39,0.259,0.37,0,0,1,2
0.39,0.259,0.373,0,0,1,2
0.39,0.259,0.376,0,0,1,2
0.39,0.259,0.379,0,0,1,2
0.39,0.259,0.382,0,0,1,2
0.39,0.259,0.385,0,0,1,2
0.39,0.259,0.388,0,0,1,2
0.39,0.259,0.391,0,0,1,2
0.39,0.259,0.394,0,0,1,2
0.39,0.259,0.397,0,0,1,2
0.39,0.259,0.4,0,0,1,2
0.39,0.259,0.403,0,0,1,2
0.39,0.259,0.406,0,0,1,2
0.39,0.259,0.409,0,0,1,2
0.39,0.259,0.412,0,0,1,2
0.39,0.259,0.415,0,0,1,2
0.39,0.259,0.418,0,0,1,2
0.39,0.259,0.420999,0,0,1,2
0.39,0.259,0.423999,0,0,1,2
0.39,0.259,0.426999,0,0,1,2
0.39,0.259,0.429999,0,0,1,2
0.39,0.259,0.432999,0,0,1,2
0.39,0.259,0.435999,0,0,1,2
0.39,0.259,0.438999,0,0,1,2
0.39,0.259,0.441999,0,0,1,2
0.39,0.259,0.444999,0,0,1,2
0.39,0.259,0.447999,0,0,1,2
0.39,0.259,0.450999,0,0,1,2
0.57,0.1,0.25,0,0,1,2
0.57,0.1,0.253,0,0,1,2
0.57,0.1,0.256,0,0,1,2
0.57,0.1,0.259,0,0,1,2
0.57,0.1,0.262,0,0,1,2
0.57,0.1,0.265,0,0,1,2
0.57,0.1,0.268,0,0,1,2
0.57,0.1,0.271,0,0,1,2
0.57,0.1,0.274,0,0,1,2
0.57,0.1,0.277,0,0,1,2
0.57,0.1,0.28,0,0,1,2
0.57,0.1,0.283,0,0,1,2
0.57,0.1,0.286,0,0,1,2
0.57,0.1,0.289,0,0,1,2
0.57,0.1,0.292,0,0,1,2
0.57,0.1,0.295,0,0,1,2
0.57,0.1,0.298,0,0,1,2
0.57,0.1,0.301,0,0,1,2
0.57,0.1,0.304,0,0,1,2
0.57,0.1,0.307,0,0,1,2
0.57,0.1,0.31,0,0,1,2
0.57,0.1,0.313,0,0,1,2
0.57,0.1,0.316,0,0,1,2
0.57,0.1,0.319,0,0,1,2
0.57,0.1,0.322,0,0,1,2
0.57,0.1,0.325,0,0,1,2
0.57,0.1,0.328,0,0,1,2
0.57,0.1,0.331,0,0,1,2
0.57,0.1,0.334,0,0,1,2
0.57,0.1,0.337,0,0,1,2
0.57,0.1,0.34,0,0,1,2
0.57,0.1,0.343,0,0,1,2
0.57,0.1,0.346,0,0,1,2
0.57,0.1,0.349,0,0,1,2
0.57,0.1,0.352,0,0,1,2
0.57,0.1,0.355,0,0,1,2
0.57,0.1,0.358,0,0,1,2
0.57,0.1,0.361,0,0,1,2
0.57,0.1,0.364,0,0,1,2
0.57,0.1,0.367,0,0,1,2
0.57,0.1,0.37,0,0,1,2
0.57,0.1,0.373,0,0,1,2
0.57,0.1,0.376,0,0,1,2
0.57,0.1,0.379,0,0,1,2
0.57,0.1,0.382,0,0,1,2
0.57,0.1,0.385,0,0,1,2
0.57,0.1,0.388,0,0,1,2
0.57,0.1,0.391,0,0,1,2
0.57,0.1,0.394,0,0,1,2
0.57,0.1,0.397,0,0,1,2
0.57,0.1,0.4,0,0,1,2
0.57,0.1,0.403,0,0,1,2
0.57,0.1,0.406,0,0,1,2
0.57,0.1,0.409,0,0,1,2
0.57,0.1,0.412,0,0,1,2
0.57,0.1,0.415,0,0,1,2
0.57,0.1,0.418,0,0,1,2
0.57,0.1,0.420999,0,0,1,2
0.57,0.1,0.423999,0,0,1,2
0.57,0.1,0.426999,0,0,1,2
0.57,0.1,0.429999,0,0,1,2
0.57,0.1,0.432999,0,0,1,2
0.57,0.1,0.435999,0,0,1,2
0.57,0.1,0.438999,0,0,1,2
0.57,0.1,0.441999,0,0,1,2
0.57,0.1,0.444999,0,0,1,2
0.57,0.1,0.447999,0,0,1,2
0.57,0.1,0.450999,0,0,1,2
0.57,0.103,0.25,0,0,1,2
0.57,0.103,0.253,0,0,1,2
0.57,0.103,0.256,0,0,1,2
0.57,0.103,0.259,0,0,1,2
0.57,0.103,0.262,0,0,1,2
0.57,0.103,0.265,0,0,1,2
0.57,0.103,0.268,0,0,1,2
0.57,0.103,0.271,0,0,1,2
0.57,0.103,0.274,0,0,1,2
0.57,0.103,0.277,0,0,1,2
0.57,0.103,0.28,0,0,1,2
0.57,0.103,0.283,0,0,1,2
0.57,0.103,0.286,0,0,1,2
0.57,0.103,0.289,0,0,1,2
0.57,0.103,0.292,0,0,1,2
0.57,0.103,0.295,0,0,1,2
0.57,0.103,0.298,0,0,1,2
0.57,0.103,0.301,0,0,1,2
0.57,0.103,0.304,0,0,1,2
0.57,0.103,0.307,0,0,1,2
0.57,0.103,0.31,0,0,1,2
0.57,0.103,0.313,0,0,1,2
0.57,0.103,0.316,0,0,1,2
0.57,0.103,0.319,0,0,1,2
0.57,0.103,0.322,0,0,1,2
0.57,0.103,0.325,0,0,1,2
0.57,0.103,0.328,0,0,1,2
0.57,0.103,0.331,0,0,1,2
0.57,0.103,0.334,0,0,1,2
0.57,0.103,0.337,0,0,1,2
0.57,0.103,0.34,0,0,1,2
0.57,0.103,0.343,0,0,1,2
0.57,0.103,0.346,0,0,1,2
0.57,0.103,0.349,0,0,1,2
0.57,0.103,0.352,0,0,1,2
0.57,0.103,0.355,0,0,1,2
0.57,0.103,0.358,0,0,1,2
0.57,0.103,0.361,0,0,1,2
0.57,0.103,0.364,0,0,1,2
0.57,0.103,0.367,0,0,1,2
0.57,0.103,0.37,0,0,1,2
0.57,0.103,0.373,0,0,1,2
0.57,0.103,0.376,0,0,1,2
0.57,0.103,0.379,0,0,1,2
0.57,0.103,0.382,0,0,1,2
0.57,0.103,0.385,0,0,1,2
0.57,0.103,0.388,0,0,1,2
0.57,0.103,0.391,0,0,1,2
0.57,0.103,0.394,0,0,1,2
0.57,0.103,0.397,0,0,1,2
0.57,0.103,0.4,0,0,1,2
0.57,0.103,0.403,0,0,1,2
0.57,0.103,0.406,0,0,1,2
0.57,0.103,0.409,0,0,1,2
0.57,0.103,0.412,0,0,1,2
0.57,0.103,0.415,0,0,1,2
0.57,0.103,0.418,0,0,1,2
0.57,0.103,0.420999,0,0,1,2
0.57,0.103,0.423999,0,0,1,2
0.57,0.103,0.426999,0,0,1,2
0.57,0.103,0.429999,0,0,1,2
0.57,0.103,0.432999,0,0,1,2
0.57,0.103,0.435999,0,0,1,2
0.57,0.103,0.438999,0,0,1,2
0.57,0.103,0.441999,0,0,1,2
0.57,0.103,0.444999,0,0,1,2
0.57,0.103,0.447999,0,0,1,2
0.57,0.103,0.450999,0,0,1,2
0.57,0.106,0.25,0,0,1,2
0.57,0.106,0.253,0,0,1,2
0.57,0.106,0.256,0,0,1,2
0.57,0.106,0.259,0,0,1,2
0.57,0.106,0.262,0,0,1,2
0.57,0.106,0.265,0,0,1,2
0.57,0.106,0.268,0,0,1,2
0.57,0.106,0.271,0,0,1,2
0.57,0.106,0.274,0,0,1,2
0.57,0.106,0.277,0,0,1,2
0.57,0.106,0.28,0,0,1,2
0.57,0.106,0.283,0,0,1,2
0.57,0.106,0.286,0,0,1,2
0.57,0.106,0.289,0,0,1,2
0.57,0.106,0.292,0,0,1,2
0.57,0.106,0.295,0,0,1,2
0.57,0.106,0.298,0,0,1,2
0.57,0.106,0.301,0,0,1,2
0.57,0.106,0.304,0,0,1,2
0.57,0.106,0.307,0,0,1,2
0.57,0.106,0.31,0,0,1,2
0.57,0.106,0.313,0,0,1,2
0.57,0.106,0.316,0,0,1,2
0.57,0.106,0.319,0,0,1,2
0.57,0.106,0.322,0,0,1,2
0.57,0.106,0.325,0,0,1,2
0.57,0.106,0.328,0,0,1,2
0.57,0.106,0.331,0,0,1,2
0.57,0.106,0.334,0,0,1,2
0.57,0.106,0.337,0,0,1,2
0.57,0.106,0.34,0,0,1,2
0.57,0.106,0.343,0,0,1,2
0.57,0.106,0.346,0,0,1,2
0.57,0.106,0.349,0,0,1,2
0.57,0.106,0.352,0,0,1,2
0.57,0.106,0.355,0,0,1,2
0.57,0.106,0.358,0,0,1,2
0.57,0.106,0.361,0,0,1,2
0.57,0.106,0.364,0,0,1,2
0.57,0.106,0.367,0,0,1,2
0.57,0.106,0.37,0,0,1,2
0.57,0.106,0.373,0,0,1,2
0.57,0.106,0.376,0,0,1,2
0.57,0.106,0.379,0,0,1,2
0.57,0.106,0.382,0,0,1,2
0.57,0.106,0.385,0,0,1,2
0.57,0.106,0.388,0,0,1,2
0.57,0.106,0.391,0,0,1,2
0.57,0.106,0.394,0,0,1,2
0.57,0.106,0.397,0,0,1,2
0.57,0.106,0.4,0,0,1,2
0.57,0.106,0.403,0,0,1,2
0.57,0.106,0.406,0,0,1,2
0.57,0.106,0.409,0,0,1,2
0.57,0.106,0.412,0,0,1,2
0.57,0.106,0.415,0,0,1,2
0.57,0.106,0.418,0,0,1,2
0.57,0.106,0.420999,0,0,1,2
0.57,0.106,0.423999,0,0,1,2
0.57,0.106,0.426999,0,0,1,2
0.57,0.106,0.429999,0,0,1,2
0.57,0.106,0.432999,0,0,1,2
0.57,0.106,0.435999,0,0,1,2
0.57,0.106,0.438999,0,0,1,2
0.57,0.106,0.441999,0,0,1,2
0.57,0.106,0.444999,0,0,1,2
0.57,0.106,0.447999,0,0,1,2
0.57,0.106,0.450999,0,0,1,2
0.57,0.109,0.25,0,0,1,2
0.57,0.109,0.253,0,0,1,2
0.57,0.109,0.256,0,0,1,2
0.57,0.109,0.259,0,0,1,2
0.57,0.109,0.262,0,0,1,2
0.57,0.109,0.265,0,0,1,2
0.57,0.109,0.268,0,0,1,2
0.57,0.109,0.271,0,0,1,2
0.57,0.109,0.274,0,0,1,2
0.57,0.109,0.277,0,0,1,2
0.57,0.109,0.28,0,0,1,2
0.57,0.109,0.283,0,0,1,2
0.57,0.109,0.286,0,0,1,2
0.57,0.109,0.289,0,0,1,2
0.57,0.109,0.292,0,0,1,2
0.57,0.109,0.295,0,0,1,2
0.57,0.109,0.298,0,0,1,2
0.57,0.109,0.301,0,0,1,2
0.57,0.109,0.304,0,0,1,2
0.57,0.109,0.307,0,0,1,2
0.57,0.109,0.31,0,0,1,2
0.57,0.109,0.313,0,0,1,2
0.57,0.109,0.316,0,0,1,2
0.57,0.109,0.319,0,0,1,2
0.57,0.109,0.322,0,0,1,2
0.57,0.109,0.325,0,0,1,2
0.57,0.109,0.328,0,0,1,2
0.57,0.109,0.331,0,0,1,2
0.57,0.109,0.334,0,0,1,2
0.57,0.109,0.337,0,0,1,2
0.57,0.109,0.34,0,0,1,2
0.57,0.109,0.343,0,0,1,2
0.57,0.109,0.346,0,0,1,2
0.57,0.109,0.349,0,0,1,2
0.57,0.109,0.352,0,0,1,2
0.57,0.109,0.355,0,0,1,2
0.57,0.109,0.358,0,0,1,2
0.57,0.109,0.361,0,0,1,2
0.57,0.109,0.364,0,0,1,2
0.57,0.109,0.367,0,0,1,2
0.57,0.109,0.37,0,0,1,2
0.57,0.109,0.373,0,0,1,2
0.57,0.109,0.376,0,0,1,2
0.57,0.109,0.379,0,0,1,2
0.57,0.109,0.382,0,0,1,2
0.57,0.109,0.385,0,0,1,2
0.57,0.109,0.388,0,0,1,2
0.57,0.109,0.391,0,0,1,2
0.57,0.109,0.394,0,0,1,2
0.57,0.109,0.397,0,0,1,2
0.57,0.109,0.4,0,0,1,2
0.57,0.109,0.403,0,0,1,2
0.57,0.109,0.406,0,0,1,2
0.57,0.109,0.409,0,0,1,2
0.57,0.109,0.412,0,0,1,2
0.57,0.109,0.415,0,0,1,2
0.57,0.109,0.418,0,0,1,2
0.57,0.109,0.420999,0,0,1,2
0.57,0.109,0.423999,0,0,1,2
0.57,0.109,0.426999,0,0,1,2
0.57,0.109,0.429999,0,0,1,2
0.57,0.109,0.432999,0,0,1,2
0.57,0.109,0.435999,0,0,1,2
0.57,0.109,0.438999,0,0,1,2
0.57,0.109,0.441999,0,0,1,2
0.57,0.109,0.444999,0,0,1,2
0.57,0.109,0.447999,0,0,1,2
0.57,0.109,0.450999,0,0,1,2
0.57,0.112,0.25,0,0,1,2
0.57,0.112,0.253,0,0,1,2
0.57,0.112,0.256,0,0,1,2
0.57,0.112,0.259,0,0,1,2
0.57,0.112,0.262,0,0,1,2
0.57,0.112,0.265,0,0,1,2
0.57,0.112,0.268,0,0,1,2
0.57,0.112,0.271,0,0,1,2
0.57,0.112,0.274,0,0,1,2
0.57,0.112,0.277,0,0,1,2
0.57,0.112,0.28,0,0,1,2
0.57,0.112,0.283,0,0,1,2
0.57,0.112,0.286,0,0,1,2
0.57,0.112,0.289,0,0,1,2
0.57,0.112,0.292,0,0,1,2
0.57,0.112,0.295,0,0,1,2
0.57,0.112,0.298,0,0,1,2
0.57,0.112,0.301,0,0,1,2
0.57,0.112,0.304,0,0,1,2
0.57,0.112,0.307,0,0,1,2
0.57,0.112,0.31,0,0,1,2
0.57,0.112,0.313,0,0,1,2
0.57,0.112,0.316,0,0,1,2
0.57,0.112,0.319,0,0,1,2
0.57,0.112,0.322,0,0,1,2
0.57,0.112,0.325,0,0,1,2
0.57,0.112,0.328,0,0,1,2
0.57,0.112,0.331,0,0,1,2
0.57,0.112,0.334,0,0,1,2
0.57,0.112,0.337,0,0,1,2
0.57,0.112,0.34,0,0,1,2
0.57,0.112,0.343,0,0,1,2
0.57,0.112,0.346,0,0,1,2
0.57,0.112,0.349,0,0,1,2
0.57,0.112,0.352,0,0,1,2
0.57,0.112,0.355,0,0,1,2
0.57,0.112,0.358,0,0,1,2
0.57,0.112,0.361,0,0,1,2
0.57,0.112,0.364,0,0,1,2
0.57,0.112,0.367,0,0,1,2
0.57,0.112,0.37,0,0,1,2
0.57,0.112,0.373,0,0,1,2
0.57,0.112,0.376,0,0,1,2
0.57,0.112,0.379,0,0,1,2
0.57,0.112,0.382,0,0,1,2
0.57,0.112,0.385,0,0,1,2
0.57,0.112,0.388,0,0,1,2
0.57,0.112,0.391,0,0,1,2
0.57,0.112,0.394,0,0,1,2
0.57,0.112,0.397,0,0,1,2
0.57,0.112,0.4,0,0,1,2
0.57,0.112,0.403,0,0,1,2
0.57,0.112,0.406,0,0,1,2
0.57,0.112,0.409,0,0,1,2
0.57,0.112,0.412,0,0,1,2
0.57,0.112,0.415,0,0,1,2
0.57,0.112,0.418,0,0,1,2
0.57,0.112,0.420999,0,0,1,2
0.57,0.112,0.423999,0,0,1,2
0.57,0.112,0.426999,0,0,1,2
0.57,0.112,0.429999,0,0,1,2
0.57,0.112,0.432999,0,0,1,2
0.57,0.112,0.435999,0,0,1,2
0.57,0.112,0.438999,0,0,1,2
0.57,0.112,0.441999,0,0,1,2
0.57,0.112,0.444999,0,0,1,2
0.57,0.112,0.447999,0,0,1,2
0.57,0.112,0.450999,0,0,1,2
0.57,0.115,0.25,0,0,1,2
0.57,0.115,0.253,0,0,1,2
0.57,0.115,0.256,0,0,1,2
0.57,0.115,0.259,0,0,1,2
0.57,0.115,0.262,0,0,1,2
0.57,0.115,0.265,0,0,1,2
0.57,0.115,0.268,0,0,1,2
0.57,0.115,0.271,0,0,1,2
0.57,0.115,0.274,0,0,1,2
0.57,0.115,0.277,0,0,1,2
0.57,0.115,0.28,0,0,1,2
0.57,0.115,0.283,0,0,1,2
0.57,0.115,0.286,0,0,1,2
0.57,0.115,0.289,0,0,1,2
0.57,0.115,0.292,0,0,1,2
0.57,0.115,0.295,0,0,1,2
0.57,0.115,0.298,0,0,1,2
0.57,0.115,0.301,0,0,1,2
0.57,0.115,0.304,0,0,1,2
0.57,0.115,0.307,0,0,1,2
0.57,0.115,0.31,0,0,1,2
0.57,0.115,0.313,0,0,1,2
0.57,0.115,0.316,0,0,1,2
0.57,0.115,0.319,0,0,1,2
0.57,0.115,0.322,0,0,1,2
0.57,0.115,0.325,0,0,1,2
0.57,0.115,0.328,0,0,1,2
0.57,0.115,0.331,0,0,1,2
0.57,0.115,0.334,0,0,1,2
0.57,0.115,0.337,0,0,1,2
0.57,0.115,0.34,0,0,1,2
0.57,0.115,0.343,0,0,1,2
0.57,0.115,0.346,0,0,1,2
0.57,0.115,0.349,0,0,1,2
0.57,0.115,0.352,0,0,1,2
0.57,0.115,0.355,0,0,1,2
0.57,0.115,0.358,0,0,1,2
0.57,0.115,0.361,0,0,1,2
0.57,0.115,0.364,0,0,1,2
0.57,0.115,0.367,0,0,1,2
0.57,0.115,0.37,0,0,1,2
0.57,0.115,0.373,0,0,1,2
0.57,0.115,0.376,0,0,1,2
0.57,0.115,0.379,0,0,1,2
0.57,0.115,0.382,0,0,1,2
0.57,0.115,0.385,0,0,1,2
0.57,0.115,0.388,0,0,1,2
0.57,0.115,0.391,0,0,1,2
0.57,0.115,0.394,0,0,1,2
0.57,0.115,0.397,0,0,1,2
0.57,0.115,0.4,0,0,1,2
0.57,0.115,0.403,0,0,1,2
0.57,0.115,0.406,0,0,1,2
0.57,0.115,0.409,0,0,1,2
0.57,0.115,0.412,0,0,1,2
0.57,0.115,0.415,0,0,1,2
0.57,0.115,0.418,0,0,1,2
0.57,0.115,0.420999,0,0,1,2
0.57,0.115,0.423999,0,0,1,2
0.57,0.115,0.426999,0,0,1,2
0.57,0.115,0.429999,0,0,1,2
0.57,0.115,0.432999,0,0,1,2
0.57,0.115,0.435999,0,0,1,2
0.57,0.115,0.438999,0,0,1,2
0.57,0.115,0.441999,0,0,1,2
0.57,0.115,0.444999,0,0,1,2
0.57,0.115,0.447999,0,0,1,2
0.57,0.115,0.450999,0,0,1,2
0.57,0.118,0.25,0,0,1,2
0.57,0.118,0.253,0,0,1,2
0.57,0.118,0.256,0,0,1,2
0.57,0.118,0.259,0,0,1,2
0.57,0.118,0.262,0,0,1,2
0.57,0.118,0.265,0,0,1,2
0.57,0.118,0.268,0,0,1,2
0.57,0.118,0.271,0,0,1,2
0.57,0.118,0.274,0,0,1,2
0.57,0.118,0.277,0,0,1,2
0.57,0.118,0.28,0,0,1,2
0.57,0.118,0.283,0,0,1,2
0.57,0.118,0.286,0,0,1,2
0.57,0.118,0.289,0,0,1,2
0.57,0.118,0.292,0,0,1,2
0.57,0.118,0.295,0,0,1,2
0.57,0.118,0.298,0,0,1,2
0.57,0.118,0.301,0,0,1,2
0.57,0.118,0.304,0,0,1,2
0.57,0.118,0.307,0,0,1,2
0.57,0.118,0.31,0,0,1,2
0.57,0.118,0.313,0,0,1,2
0.57,0.118,0.316,0,0,1,2
0.57,0.118,0.319,0,0,1,2
0.57,0.118,0.322,0,0,1,2
0.57,0.118,0.325,0,0,1,2
0.57,0.118,0.328,0,0,1,2
0.57,0.118,0.331,0,0,1,2
0.57,0.118,0.334,0,0,1,2
0.57,0.118,0.337,0,0,1,2
0.57,0.118,0.34,0,0,1,2
0.57,0.118,0.343,0,0,1,2
0.57,0.118,0.346,0,0,1,2
0.57,0.118,0.349,0,0,1,2
0.57,0.118,0.352,0,0,1,2
0.57,0.118,0.355,0,0,1,2
0.57,0.118,0.358,0,0,1,2
0.57,0.118,0.361,0,0,1,2
0.57,0.118,0.364,0,0,1,2
0.57,0.118,0.367,0,0,1,2
0.57,0.118,0.37,0,0,1,2
0.57,0.118,0.373,0,0,1,2
0.57,0.118,0.376,0,0,1,2
0.57,0.118,0.379,0,0,1,2
0.57,0.118,0.382,0,0,1,2
0.57,0.118,0.385,0,0,1,2
0.57,0.118,0.388,0,0,1,2
0.57,0.118,0.391,0,0,1,2
0.57,0.118,0.394,0,0,1,2
0.57,0.118,0.397,0,0,1,2
0.57,0.118,0.4,0,0,1,2
0.57,0.118,0.403,0,0,1,2
0.57,0.118,0.406,0,0,1,2
0.57,0.118,0.409,0,0,1,2
0.57,0.118,0.412,0,0,1,2
0.57,0.118,0.415,0,0,1,2
0.57,0.118,0.418,0,0,1,2
0.57,0.118,0.420999,0,0,1,2
0.57,0.118,0.423999,0,0,1,2
0.57,0.118,0.426999,0,0,1,2
0.57,0.118,0.429999,0,0,1,2
0.57,0.118,0.432999,0,0,1,2
0.57,0.118,0.435999,0,0,1,2
0.57,0.118,0.438999,0,0,1,2
0.57,0.118,0.441999,0,0,1,2
0.57,0.118,0.444999,0,0,1,2
0.57,0.118,0.447999,0,0,1,2
0.57,0.118,0.450999,0,0,1,2
0.57,0.121,0.25,0,0,1,2
0.57,0.121,0.253,0,0,1,2
0.57,0.121,0.256,0,0,1,2
0.57,0.121,0.259,0,0,1,2
0.57,0.121,0.262,0,0,1,2
0.57,0.121,0.265,0,0,1,2
0.57,0.121,0.268,0,0,1,2
0.57,0.121,0.271,0,0,1,2
0.57,0.121,0.274,0,0,1,2
0.57,0.121,0.277,0,0,1,2
0.57,0.121,0.28,0,0,1,2
0.57,0.121,0.283,0,0,1,2
0.57,0.121,0.286,0,0,1,2
0.57,0.121,0.289,0,0,1,2
0.57,0.121,0.292,0,0,1,2
0.57,0.121,0.295,0,0,1,2
0.57,0.121,0.298,0,0,1,2
0.57,0.121,0.301,0,0,1,2
0.57,0.121,0.304,0,0,1,2
0.57,0.121,0.307,0,0,1,2
0.57,0.121,0.31,0,0,1,2
0.57,0.121,0.313,0,0,1,2
0.57,0.121,0.316,0,0,1,2
0.57,0.121,0.319,0,0,1,2
0.57,0.121,0.322,0,0,1,2
0.57,0.121,0.325,0,0,1,2
0.57,0.121,0.328,0,0,1,2
0.57,0.121,0.331,0,0,1,2
0.57,0.121,0.334,0,0,1,2
0.57,0.121,0.337,0,0,1,2
0.57,0.121,0.34,0,0,1,2
0.57,0.121,0.343,0,0,1,2
0.57,0.121,0.346,0,0,1,2
0.57,0.121,0.349,0,0,1,2
0.57,0.121,0.352,0,0,1,2
0.57,0.121,0.355,0,0,1,2
0.57,0.121,0.358,0,0,1,2
0.57,0.121,0.361,0,0,1,2
0.57,0.121,0.364,0,0,1,2
0.57,0.121,0.367,0,0,1,2
0.57,0.121,0.37,0,0,1,2
0.57,0.121,0.373,0,0,1,2
0.57,0.121,0.376,0,0,1,2
0.57,0.121,0.379,0,0,1,2
0.57,0.121,0.382,0,0,1,2
0.57,0.121,0.385,0,0,1,2
0.57,0.121,0.388,0,0,1,2
0.57,0.121,0.391,0,0,1,2
0.57,0.121,0.394,0,0,1,2
0.57,0.121,0.397,0,0,1,2
0.57,0.121,0.4,0,0,1,2
0.57,0.121,0.403,0,0,1,2
0.57,0.121,0.406,0,0,1,2
0.57,0.121,0.409,0,0,1,2
0.57,0.121,0.412,0,0,1,2
0.57,0.121,0.415,0,0,1,2
0.57,0.121,0.418,0,0,1,2
0.57,0.121,0.420999,0,0,1,2
0.57,0.121,0.423999,0,0,1,2
0.57,0.121,0.426999,0,0,1,2
0.57,0.121,0.429999,0,0,1,2
0.57,0.121,0.432999,0,0,1,2
0.57,0.121,0.435999,0,0,1,2
0.57,0.121,0.438999,0,0,1,2
0.57,0.121,0.441999,0,0,1,2
0.57,0.121,0.444999,0,0,1,2
0.57,0.121,0.447999,0,0,1,2
0.57,0.121,0.450999,0,0,1,2
0.57,0.124,0.25,0,0,1,2
0.57,0.124,0.253,0,0,1,2
0.57,0.124,0.256,0,0,1,2
0.57,0.124,0.259,0,0,1,2
0.57,0.124,0.262,0,0,1,2
0.57,0.124,0.265,0,0,1,2
0.57,0.124,0.268,0,0,1,2
0.57,0.124,0.271,0,0,1,2
0.57,0.124,0.274,0,0,1,2
0.57,0.124,0.277,0,0,1,2
0.57,0.124,0.28,0,0,1,2
0.57,0.124,0.283,0,0,1,2
0.57,0.124,0.286,0,0,1,2
0.57,0.124,0.289,0,0,1,2
0.57,0.124,0.292,0,0,1,2
0.57,0.124,0.295,0,0,1,2
0.57,0.124,0.298,0,0,1,2
0.57,0.124,0.301,0,0,1,2
0.57,0.124,0.304,0,0,1,2
0.57,0.124,0.307,0,0,1,2
0.57,0.124,0.31,0,0,1,2
0.57,0.124,0.313,0,0,1,2
0.57,0.124,0.316,0,0,1,2
0.57,0.124,0.319,0,0,1,2
0.57,0.124,0.322,0,0,1,2
0.57,0.124,0.325,0,0,1,2
0.57,0.124,0.328,0,0,1,2
0.57,0.124,0.331,0,0,1,2
0.57,0.124,0.334,0,0,1,2
0.57,0.124,0.337,0,0,1,2
0.57,0.124,0.34,0,0,1,2
0.57,0.124,0.343,0,0,1,2
0.57,0.124,0.346,0,0,1,2
0.57,0.124,0.349,0,0,1,2
0.57,0.124,0.352,0,0,1,2
0.57,0.124,0.355,0,0,1,2
0.57,0.124,0.358,0,0,1,2
0.57,0.124,0.361,0,0,1,2
0.57,0.124,0.364,0,0,1,2
0.57,0.124,0.367,0,0,1,2
0.57,0.124,0.37,0,0,1,2
0.57,0.124,0.373,0,0,1,2
0.57,0.124,0.376,0,0,1,2
0.57,0.124,0.379,0,0,1,2
0.57,0.124,0.382,0,0,1,2
0.57,0.124,0.385,0,0,1,2
0.57,0.124,0.388,0,0,1,2
0.57,0.124,0.391,0,0,1,2
0.57,0.124,0.394,0,0,1,2
0.57,0.124,0.397,0,0,1,2
0.57,0.124,0.4,0,0,1,2
0.57,0.124,0.403,0,0,1,2
0.57,0.124,0.406,0,0,1,2
0.57,0.124,0.409,0,0,1,2
0.57,0.124,0.412,0,0,1,2
0.57,0.124,0.415,0,0,1,2
0.57,0.124,0.418,0,0,1,2
0.57,0.124,0.420999,0,0,1,2
0.57,0.124,0.423999,0,0,1,2
0.57,0.124,0.426999,0,0,1,2
0.57,0.124,0.429999,0,0,1,2
0.57,0.124,0.432999,0,0,1,2
0.57,0.124,0.435999,0,0,1,2
0.57,0.124,0.438999,0,0,1,2
0.57,0.124,0.441999,0,0,1,2
0.57,0.124,0.444999,0,0,1,2
0.57,0.124,0.447999,0,0,1,2
0.57,0.124,0.450999,0,0,1,2
0.57,0.127,0.25,0,0,1,2
0.57,0.127,0.253,0,0,1,2
0.57,0.127,0.256,0,0,1,2
0.57,0.127,0.259,0,0,1,2
0.57,0.127,0.262,0,0,1,2
0.57,0.127,0.265,0,0,1,2
0.57,0.127,0.268,0,0,1,2
0.57,0.127,0.271,0,0,1,2
0.57,0.127,0.274,0,0,1,2
0.57,0.127,0.277,0,0,1,2
0.57,0.127,0.28,0,0,1,2
0.57,0.127,0.283,0,0,1,2
0.57,0.127,0.286,0,0,1,2
0.57,0.127,0.289,0,0,1,2
0.57,0.127,0.292,0,0,1,2
0.57,0.127,0.295,0,0,1,2
0.57,0.127,0.298,0,0,1,2
0.57,0.127,0.301,0,0,1,2
0.57,0.127,0.304,0,0,1,2
0.57,0.127,0.307,0,0,1,2
0.57,0.127,0.31,0,0,1,2
0.57,0.127,0.313,0,0,1,2
0.57,0.127,0.316,0,0,1,2
0.57,0.127,0.319,0,0,1,2
0.57,0.127,0.322,0,0,1,2
0.57,0.127,0.325,0,0,1,2
0.57,0.127,0.328,0,0,1,2
0.57,0.127,0.331,0,0,1,2
0.57,0.127,0.334,0,0,1,2
0.57,0.127,0.337,0,0,1,2
0.57,0.127,0.34,0,0,1,2
0.57,0.127,0.343,0,0,1,2
0.57,0.127,0.346,0,0,1,2
0.57,0.127,0.349,0,0,1,2
0.57,0.127,0.352,0,0,1,2
0.57,0.127,0.355,0,0,1,2
0.57,0.127,0.358,0,0,1,2
0.57,0.127,0.361,0,0,1,2
0.57,0.127,0.364,0,0,1,2
0.57,0.127,0.367,0,0,1,2
0.57,0.127,0.37,0,0,1,2
0.57,0.127,0.373,0,0,1,2
0.57,0.127,0.376,0,0,1,2
0.57,0.127,0.379,0,0,1,2
0.57,0.127,0.382,0,0,1,2
0.57,0.127,0.385,0,0,1,2
0.57,0.127,0.388,0,0,1,2
0.57,0.127,0.391,0,0,1,2
0.57,0.127,0.394,0,0,1,2
0.57,0.127,0.397,0,0,1,2
0.57,0.127,0.4,0,0,1,2
0.57,0.127,0.403,0,0,1,2
0.57,0.127,0.406,0,0,1,2
0.57,0.127,0.409,0,0,1,2
0.57,0.127,0.412,0,0,1,2
0.57,0.127,0.415,0,0,1,2
0.57,0.127,0.418,0,0,1,2
0.57,0.127,0.420999,0,0,1,2
0.57,0.127,0.423999,0,0,1,2
0.57,0.127,0.426999,0,0,1,2
0.57,0.127,0.429999,0,0,1,2
0.57,0.127,0.432999,0,0,1,2
0.57,0.127,0.435999,0,0,1,2
0.57,0.127,0.438999,0,0,1,2
0.57,0.127,0.441999,0,0,1,2
0.57,0.127,0.444999,0,0,1,2
0.57,0.127,0.447999,0,0,1,2
0.57,0.127,0.450999,0,0,1,2
0.57,0.13,0.25,0,0,1,2
0.57,0.13,0.253,0,0,1,2
0.57,0.13,0.256,0,0,1,2
0.57,0.13,0.259,0,0,1,2
0.57,0.13,0.262,0,0,1,2
0.57,0.13,0.265,0,0,1,2
0.57,0.13,0.268,0,0,1,2
0.57,0.13,0.271,0,0,1,2
0.57,0.13,0.274,0,0,1,2
0.57,0.13,0.277,0,0,1,2
0.57,0.13,0.28,0,0,1,2
0.57,0.13,0.283,0,0,1,2
0.57,0.13,0.286,0,0,1,2
0.57,0.13,0.289,0,0,1,2
0.57,0.13,0.292,0,0,1,2
0.57,0.13,0.295,0,0,1,2
0.57,0.13,0.298,0,0,1,2
0.57,0.13,0.301,0,0,1,2
0.57,0.13,0.304,0,0,1,2
0.57,0.13,0.307,0,0,1,2
0.57,0.13,0.31,0,0,1,2
0.57,0.13,0.313,0,0,1,2
0.57,0.13,0.316,0,0,1,2
0.57,0.13,0.319,0,0,1,2
0.57,0.13,0.322,0,0,1,2
0.57,0.13,0.325,0,0,1,2
0.57,0.13,0.328,0,0,1,2
0.57,0.13,0.331,0,0,1,2
0.57,0.13,0.334,0,0,1,2
0.57,0.13,0.337,0,0,1,2
0.57,0.13,0.34,0,0,1,2
0.57,0.13,0.343,0,0,1,2
0.57,0.13,0.346,0,0,1,2
0.57,0.13,0.349,0,0,1,2
0.57,0.13,0.352,0,0,1,2
0.57,0.13,0.355,0,0,1,2
0.57,0.13,0.358,0,0,1,2
0.57,0.13,0.361,0,0,1,2
0.57,0.13,0.364,0,0,1,2
0.57,0.13,0.367,0,0,1,2
0.57,0.13,0.37,0,0,1,2
0.57,0.13,0.373,0,0,1,2
0.57,0.13,0.376,0,0,1,2
0.57,0.13,0.379,0,0,1,2
0.57,0.13,0.382,0,0,1,2
0.57,0.13,0.385,0,0,1,2
0.57,0.13,0.388,0,0,1,2
0.57,0.13,0.391,0,0,1,2
0.57,0.13,0.394,0,0,1,2
0.57,0.13,0.397,0,0,1,2
0.57,0.13,0.4,0,0,1,2
0.57,0.13,0.403,0,0,1,2
0.57,0.13,0.406,0,0,1,2
0.57,0.13,0.409,0,0,1,2
0.57,0.13,0.412,0,0,1,2
0.57,0.13,0.415,0,0,1,2
0.57,0.13,0.418,0,0,1,2
0.57,0.13,0.420999,0,0,1,2
0.57,0.13,0.423999,0,0,1,2
0.57,0.13,0.426999,0,0,1,2
0.57,0.13,0.429999,0,0,1,2
0.57,0.13,0.432999,0,0,1,2
0.57,0.13,0.435999,0,0,1,2
0.57,0.13,0.438999,0,0,1,2
0.57,0.13,0.441999,0,0,1,2
0.57,0.13,0.444999,0,0,1,2
0.57,0.13,0.447999,0,0,1,2
0.57,0.13,0.450999,0,0,1,2
0.57,0.133,0.25,0,0,1,2
0.57,0.133,0.253,0,0,1,2
0.57,0.133,0.256,0,0,1,2
0.57,0.133,0.259,0,0,1,2
0.57,0.133,0.262,0,0,1,2
0.57,0.133,0.265,0,0,1,2
0.57,0.133,0.268,0,0,1,2
0.57,0.133,0.271,0,0,1,2
0.57,0.133,0.274,0,0,1,2
0.57,0.133,0.277,0,0,1,2
0.57,0.133,0.28,0,0,1,2
0.57,0.133,0.283,0,0,1,2
0.57,0.133,0.286,0,0,1,2
0.57,0.133,0.289,0,0,1,2
0.57,0.133,0.292,0,0,1,2
0.57,0.133,0.295,0,0,1,2
0.57,0.133,0.298,0,0,1,2
0.57,0.133,0.301,0,0,1,2
0.57,0.133,0.304,0,0,1,2
0.57,0.133,0.307,0,0,1,2
0.57,0.133,0.31,0,0,1,2
0.57,0.133,0.313,0,0,1,2
0.57,0.133,0.316,0,0,1,2
0.57,0.133,0.319,0,0,1,2
0.57,0.133,0.322,0,0,1,2
0.57,0.133,0.325,0,0,1,2
0.57,0.133,0.328,0,0,1,2
0.57,0.133,0.331,0,0,1,2
0.57,0.133,0.334,0,0,1,2
0.57,0.133,0.337,0,0,1,2
0.57,0.133,0.34,0,0,1,2
0.57,0.133,0.343,0,0,1,2
0.57,0.133,0.346,0,0,1,2
0.57,0.133,0.349,0,0,1,2
0.57,0.133,0.352,0,0,1,2
0.57,0.133,0.355,0,0,1,2
0.57,0.133,0.358,0,0,1,2
0.57,0.133,0.361,0,0,1,2
0.57,0.133,0.364,0,0,1,2
0.57,0.133,0.367,0,0,1,2
0.57,0.133,0.37,0,0,1,2
0.57,0.133,0.373,0,0,1,2
0.57,0.133,0.376,0,0,1,2
0.57,0.133,0.379,0,0,1,2
0.57,0.133,0.382,0,0,1,2
0.57,0.133,0.385,0,0,1,2
0.57,0.133,0.388,0,0,1,2
0.57,0.133,0.391,0,0,1,2
0.57,0.133,0.394,0,0,1,2
0.57,0.133,0.397,0,0,1,2
0.57,0.133,0.4,0,0,1,2
0.57,0.133,0.403,0,0,1,2
0.57,0.133,0.406,0,0,1,2
0.57,0.133,0.409,0,0,1,2
0.57,0.133,0.412,0,0,1,2
0.57,0.133,0.415,0,0,1,2
0.57,0.133,0.418,0,0,1,2
0.57,0.133,0.420999,0,0,1,2
0.57,0.133,0.423999,0,0,1,2
0.57,0.133,0.426999,0,0,1,2
0.57,0.133,0.429999,0,0,1,2
0.57,0.133,0.432999,0,0,1,2
0.57,0.133,0.435999,0,0,1,2
0.57,0.133,0.438999,0,0,1,2
0.57,0.133,0.441999,0,0,1,2
0.57,0.133,0.444999,0,0,1,2
0.57,0.133,0.447999,0,0,1,2
0.57,0.133,0.450999,0,0,1,2
0.57,0.136,0.25,0,0,1,2
0.57,0.136,0.253,0,0,1,2
0.57,0.136,0.256,0,0,1,2
0.57,0.136,0.259,0,0,1,2
0.57,0.136,0.262,0,0,1,2
0.57,0.136,0.265,0,0,1,2
0.57,0.136,0.268,0,0,1,2
0.57,0.136,0.271,0,0,1,2
0.57,0.136,0.274,0,0,1,2
0.57,0.136,0.277,0,0,1,2
0.57,0.136,0.28,0,0,1,2
0.57,0.136,0.283,0,0,1,2
0.57,0.136,0.286,0,0,1,2
0.57,0.136,0.289,0,0,1,2
0.57,0.136,0.292,0,0,1,2
0.57,0.136,0.295,0,0,1,2
0.57,0.136,0.298,0,0,1,2
0.57,0.136,0.301,0,0,1,2
0.57,0.136,0.304,0,0,1,2
0.57,0.136,0.307,0,0,1,2
0.57,0.136,0.31,0,0,1,2
0.57,0.136,0.313,0,0,1,2
0.57,0.136,0.316,0,0,1,2
0.57,0.136,0.319,0,0,1,2
0.57,0.136,0.322,0,0,1,2
0.57,0.136,0.325,0,0,1,2
0.57,0.136,0.328,0,0,1,2
0.57,0.136,0.331,0,0,1,2
0.57,0.136,0.334,0,0,1,2
0.57,0.136,0.337,0,0,1,2
0.57,0.136,0.34,0,0,1,2
0.57,0.136,0.343,0,0,1,2
0.57,0.136,0.346,0,0,1,2
0.57,0.136,0.349,0,0,1,2
0.57,0.136,0.352,0,0,1,2
0.57,0.136,0.355,0,0,1,2
0.57,0.136,0.358,0,0,1,2
0.57,0.136,0.361,0,0,1,2
0.57,0.136,0.364,0,0,1,2
0.57,0.136,0.367,0,0,1,2
0.57,0.136,0.37,0,0,1,2
0.57,0.136,0.373,0,0,1,2
0.57,0.136,0.376,0,0,1,2
0.57,0.136,0.379,0,0,1,2
0.57,0.136,0.382,0,0,1,2
0.57,0.136,0.385,0,0,1,2
0.57,0.136,0.388,0,0,1,2
0.57,0.136,0.391,0,0,1,2
0.57,0.136,0.394,0,0,1,2
0.57,0.136,0.397,0,0,1,2
0.57,0.136,0.4,0,0,1,2
0.57,0.136,0.403,0,0,1,2
0.57,0.136,0.406,0,0,1,2
0.57,0.136,0.409,0,0,1,2
0.57,0.136,0.412,0,0,1,2
0.57,0.136,0.415,0,0,1,2
0.57,0.136,0.418,0,0,1,2
0.57,0.136,0.420999,0,0,1,2
0.57,0.136,0.423999,0,0,1,2
0.57,0.136,0.426999,0,0,1,2
0.57,0.136,0.429999,0,0,1,2
0.57,0.136,0.432999,0,0,1,2
0.57,0.136,0.435999,0,0,1,2
0.57,0.136,0.438999,0,0,1,2
0.57,0.136,0.441999,0,0,1,2
0.57,0.136,0.444999,0,0,1,2
0.57,0.136,0.447999,0,0,1,2
0.57,0.136,0.450999,0,0,1,2
0.57,0.139,0.25,0,0,1,2
0.57,0.139,0.253,0,0,1,2
0.57,0.139,0.256,0,0,1,2
0.57,0.139,0.259,0,0,1,2
0.57,0.139,0.262,0,0,1,2
0.57,0.139,0.265,0,0,1,2
0.57,0.139,0.268,0,0,1,2
0.57,0.139,0.271,0,0,1,2
0.57,0.139,0.274,0,0,1,2
0.57,0.139,0.277,0,0,1,2
0.57,0.139,0.28,0,0,1,2
0.57,0.139,0.283,0,0,1,2
0.57,0.139,0.286,0,0,1,2
0.57,0.139,0.289,0,0,1,2
0.57,0.139,0.292,0,0,1,2
0.57,0.139,0.295,0,0,1,2
0.57,0.139,0.298,0,0,1,2
0.57,0.139,0.301,0,0,1,2
0.57,0.139,0.304,0,0,1,2
0.57,0.139,0.307,0,0,1,2
0.57,0.139,0.31,0,0,1,2
0.57,0.139,0.313,0,0,1,2
0.57,0.139,0.316,0,0,1,2
0.57,0.139,0.319,0,0,1,2
0.57,0.139,0.322,0,0,1,2
0.57,0.139,0.325,0,0,1,2
0.57,0.139,0.328,0,0,1,2
0.57,0.139,0.331,0,0,1,2
0.57,0.139,0.334,0,0,1,2
0.57,0.139,0.337,0,0,1,2
0.57,0.139,0.34,0,0,1,2
0.57,0.139,0.343,0,0,1,2
0.57,0.139,0.346,0,0,1,2
0.57,0.139,0.349,0,0,1,2
0.57,0.139,0.352,0,0,1,2
0.57,0.139,0.355,0,0,1,2
0.57,0.139,0.358,0,0,1,2
0.57,0.139,0.361,0,0,1,2
0.57,0.139,0.364,0,0,1,2
0.57,0.139,0.367,0,0,1,2
0.57,0.139,0.37,0,0,1,2
0.57,0.139,0.373,0,0,1,2
0.57,0.139,0.376,0,0,1,2
0.57,0.139,0.379,0,0,1,2
0.57,0.139,0.382,0,0,1,2
0.57,0.139,0.385,0,0,1,2
0.57,0.139,0.388,0,0,1,2
0.57,0.139,0.391,0,0,1,2
0.57,0.139,0.394,0,0,1,2
0.57,0.139,0.397,0,0,1,2
0.57,0.139,0.4,0,0,1,2
0.57,0.139,0.403,0,0,1,2
0.57,0.139,0.406,0,0,1,2
0.57,0.139,0.409,0,0,1,2
0.57,0.139,0.412,0,0,1,2
0.57,0.139,0.415,0,0,1,2
0.57,0.139,0.418,0,0,1,2
0.57,0.139,0.420999,0,0,1,2
0.57,0.139,0.423999,0,0,1,2
0.57,0.139,0.426999,0,0,1,2
0.57,0.139,0.429999,0,0,1,2
0.57,0.139,0.432999,0,0,1,2
0.57,0.139,0.435999,0,0,1,2
0.57,0.139,0.438999,0,0,1,2
0.57,0.139,0.441999,0,0,1,2
0.57,0.139,0.444999,0,0,1,2
0.57,0.139,0.447999,0,0,1,2
0.57,0.139,0.450999,0,0,1,2
0.57,0.142,0.25,0,0,1,2
0.57,0.142,0.253,0,0,1,2
0.57,0.142,0.256,0,0,1,2
0.57,0.142,0.259,0,0,1,2
0.57,0.142,0.262,0,0,1,2
0.57,0.142,0.265,0,0,1,2
0.57,0.142,0.268,0,0,1,2
0.57,0.142,0.271,0,0,1,2
0.57,0.142,0.274,0,0,1,2
0.57,0.142,0.277,0,0,1,2
0.57,0.142,0.28,0,0,1,2
0.57,0.142,0.283,0,0,1,2
0.57,0.142,0.286,0,0,1,2
0.57,0.142,0.289,0,0,1,2
0.57,0.142,0.292,0,0,1,2
0.57,0.142,0.295,0,0,1,2
0.57,0.142,0.298,0,0,1,2
0.57,0.142,0.301,0,0,1,2
0.57,0.142,0.304,0,0,1,2
0.57,0.142,0.307,0,0,1,2
0.57,0.142,0.31,0,0,1,2
0.57,0.142,0.313,0,0,1,2
0.57,0.142,0.316,0,0,1,2
0.57,0.142,0.319,0,0,1,2
0.57,0.142,0.322,0,0,1,2
0.57,0.142,0.325,0,0,1,2
0.57,0.142,0.328,0,0,1,2
0.57,0.142,0.331,0,0,1,2
0.57,0.142,0.334,0,0,1,2
0.57,0.142,0.337,0,0,1,2
0.57,0.142,0.34,0,0,1,2
0.57,0.142,0.343,0,0,1,2
0.57,0.142,0.346,0,0,1,2
0.57,0.142,0.349,0,0,1,2
0.57,0.142,0.352,0,0,1,2
0.57,0.142,0.355,0,0,1,2
0.57,0.142,0.358,0,0,1,2
0.57,0.142,0.361,0,0,1,2
0.57,0.142,0.364,0,0,1,2
0.57,0.142,0.367,0,0,1,2
0.57,0.142,0.37,0,0,1,2
0.57,0.142,0.373,0,0,1,2
0.57,0.142,0.376,0,0,1,2
0.57,0.142,0.379,0,0,1,2
0.57,0.142,0.382,0,0,1,2
0.57,0.142,0.385,0,0,1,2
0.57,0.142,0.388,0,0,1,2
0.57,0.142,0.391,0,0,1,2
0.57,0.142,0.394,0,0,1,2
0.57,0.142,0.397,0,0,1,2
0.57,0.142,0.4,0,0,1,2
0.57,0.142,0.403,0,0,1,2
0.57,0.142,0.406,0,0,1,2
0.57,0.142,0.409,0,0,1,2
0.57,0.142,0.412,0,0,1,2
0.57,0.142,0.415,0,0,1,2
0.57,0.142,0.418,0,0,1,2
0.57,0.142,0.420999,0,0,1,2
0.57,0.142,0.423999,0,0,1,2
0.57,0.142,0.426999,0,0,1,2
0.57,0.142,0.429999,0,0,1,2
0.57,0.142,0.432999,0,0,1,2
0.57,0.142,0.435999,0,0,1,2
0.57,0.142,0.438999,0,0,1,2
0.57,0.142,0.441999,0,0,1,2
0.57,0.142,0.444999,0,0,1,2
0.57,0.142,0.447999,0,0,1,2
0.57,0.142,0.450999,0,0,1,2
0.57,0.145,0.25,0,0,1,2
0.57,0.145,0.253,0,0,1,2
0.57,0.145,0.256,0,0,1,2
0.57,0.145,0.259,0,0,1,2
0.57,0.145,0.262,0,0,1,2
0.57,0.145,0.265,0,0,1,2
0.57,0.145,0.268,0,0,1,2
0.57,0.145,0.271,0,0,1,2
0.57,0.145,0.274,0,0,1,2
0.57,0.145,0.277,0,0,1,2
0.57,0.145,0.28,0,0,1,2
0.57,0.145,0.283,0,0,1,2
0.57,0.145,0.286,0,0,1,2
0.57,0.145,0.289,0,0,1,2
0.57,0.145,0.292,0,0,1,2
0.57,0.145,0.295,0,0,1,2
0.57,0.145,0.298,0,0,1,2
0.57,0.145,0.301,0,0,1,2
0.57,0.145,0.304,0,0,1,2
0.57,0.145,0.307,0,0,1,2
0.57,0.145,0.31,0,0,1,2
0.57,0.145,0.313,0,0,1,2
0.57,0.145,0.316,0,0,1,2
0.57,0.145,0.319,0,0,1,2
0.57,0.145,0.322,0,0,1,2
0.57,0.145,0.325,0,0,1,2
0.57,0.145,0.328,0,0,1,2
0.57,0.145,0.331,0,0,1,2
0.57,0.145,0.334,0,0,1,2
0.57,0.145,0.337,0,0,1,2
0.57,0.145,0.34,0,0,1,2
0.57,0.145,0.343,0,0,1,2
0.57,0.145,0.346,0,0,1,2
0.57,0.145,0.349,0,0,1,2
0.57,0.145,0.352,0,0,1,2
0.57,0.145,0.355,0,0,1,2
0.57,0.145,0.358,0,0,1,2
0.57,0.145,0.361,0,0,1,2
0.57,0.145,0.364,0,0,1,2
0.57,0.145,0.367,0,0,1,2
0.57,0.145,0.37,0,0,1,2
0.57,0.145,0.373,0,0,1,2
0.57,0.145,0.376,0,0,1,2
0.57,0.145,0.379,0,0,1,2
0.57,0.145,0.382,0,0,1,2
0.57,0.145,0.385,0,0,1,2
0.57,0.145,0.388,0,0,1,2
0.57,0.145,0.391,0,0,1,2
0.57,0.145,0.394,0,0,1,2
0.57,0.145,0.397,0,0,1,2
0.57,0.145,0.4,0,0,1,2
0.57,0.145,0.403,0,0,1,2
0.57,0.145,0.406,0,0,1,2
0.57,0.145,0.409,0,0,1,2
0.57,0.145,0.412,0,0,1,2
0.57,0.145,0.415,0,0,1,2
0.57,0.145,0.418,0,0,1,2
0.57,0.145,0.420999,0,0,1,2
0.57,0.145,0.423999,0,0,1,2
0.57,0.145,0.426999,0,0,1,2
0.57,0.145,0.429999,0,0,1,2
0.57,0.145,0.432999,0,0,1,2
0.57,0.145,0.435999,0,0,1,2
0.57,0.145,0.438999,0,0,1,2
0.57,0.145,0.441999,0,0,1,2
0.57,0.145,0.444999,0,0,1,2
0.57,0.145,0.447999,0,0,1,2
0.57,0.145,0.450999,0,0,1,2
0.57,0.148,0.25,0,0,1,2
0.57,0.148,0.253,0,0,1,2
0.57,0.148,0.256,0,0,1,2
0.57,0.148,0.259,0,0,1,2
0.57,0.148,0.262,0,0,1,2
0.57,0.148,0.265,0,0,1,2
0.57,0.148,0.268,0,0,1,2
0.57,0.148,0.271,0,0,1,2
0.57,0.148,0.274,0,0,1,2
0.57,0.148,0.277,0,0,1,2
0.57,0.148,0.28,0,0,1,2
0.57,0.148,0.283,0,0,1,2
0.57,0.148,0.286,0,0,1,2
0.57,0.148,0.289,0,0,1,2
0.57,0.148,0.292,0,0,1,2
0.57,0.148,0.295,0,0,1,2
0.57,0.148,0.298,0,0,1,2
0.57,0.148,0.301,0,0,1,2
0.57,0.148,0.304,0,0,1,2
0.57,0.148,0.307,0,0,1,2
0.57,0.148,0.31,0,0,1,2
0.57,0.148,0.313,0,0,1,2
0.57,0.148,0.316,0,0,1,2
0.57,0.148,0.319,0,0,1,2
0.57,0.148,0.322,0,0,1,2
0.57,0.148,0.325,0,0,1,2
0.57,0.148,0.328,0,0,1,2
0.57,0.148,0.331,0,0,1,2
0.57,0.148,0.334,0,0,1,2
0.57,0.148,0.337,0,0,1,2
0.57,0.148,0.34,0,0,1,2
0.57,0.148,0.343,0,0,1,2
0.57,0.148,0.346,0,0,1,2
0.57,0.148,0.349,0,0,1,2
0.57,0.148,0.352,0,0,1,2
0.57,0.148,0.355,0,0,1,2
0.57,0.148,0.358,0,0,1,2
0.57,0.148,0.361,0,0,1,2
0.57,0.148,0.364,0,0,1,2
0.57,0.148,0.367,0,0,1,2
0.57,0.148,0.37,0,0,1,2
0.57,0.148,0.373,0,0,1,2
0.57,0.148,0.376,0,0,1,2
0.57,0.148,0.379,0,0,1,2
0.57,0.148,0.382,0,0,1,2
0.57,0.148,0.385,0,0,1,2
0.57,0.148,0.388,0,0,1,2
0.57,0.148,0.391,0,0,1,2
0.57,0.148,0.394,0,0,1,2
0.57,0.148,0.397,0,0,1,2
0.57,0.148,0.4,0,0,1,2
0.57,0.148,0.403,0,0,1,2
0.57,0.148,0.406,0,0,1,2
0.57,0.148,0.409,0,0,1,2
0.57,0.148,0.412,0,0,1,2
0.57,0.148,0.415,0,0,1,2
0.57,0.148,0.418,0,0,1,2
0.57,0.148,0.420999,0,0,1,2
0.57,0.148,0.423999,0,0,1,2
0.57,0.148,0.426999,0,0,1,2
0.57,0.148,0.429999,0,0,1,2
0.57,0.148,0.432999,0,0,1,2
0.57,0.148,0.435999,0,0,1,2
0.57,0.148,0.438999,0,0,1,2
0.57,0.148,0.441999,0,0,1,2
0.57,0.148,0.444999,0,0,1,2
0.57,0.148,0.447999,0,0,1,2
0.57,0.148,0.450999,0,0,1,2
0.57,0.151,0.25,0,0,1,2
0.57,0.151,0.253,0,0,1,2
0.57,0.151,0.256,0,0,1,2
0.57,0.151,0.259,0,0,1,2
0.57,0.151,0.262,0,0,1,2
0.57,0.151,0.265,0,0,1,2
0.57,0.151,0.268,0,0,1,2
0.57,0.151,0.271,0,0,1,2
0.57,0.151,0.274,0,0,1,2
0.57,0.151,0.277,0,0,1,2
0.57,0.151,0.28,0,0,1,2
0.57,0.151,0.283,0,0,1,2
0.57,0.151,0.286,0,0,1,2
0.57,0.151,0.289,0,0,1,2
0.57,0.151,0.292,0,0,1,2
0.57,0.151,0.295,0,0,1,2
0.57,0.151,0.298,0,0,1,2
0.57,0.151,0.301,0,0,1,2
0.57,0.151,0.304,0,0,1,2
0.57,0.151,0.307,0,0,1,2
0.57,0.151,0.31,0,0,1,2
0.57,0.151,0.313,0,0,1,2
0.57,0.151,0.316,0,0,1,2
0.57,0.151,0.319,0,0,1,2
0.57,0.151,0.322,0,0,1,2
0.57,0.151,0.325,0,0,1,2
0.57,0.151,0.328,0,0,1,2
0.57,0.151,0.331,0,0,1,2
0.57,0.151,0.334,0,0,1,2
0.57,0.151,0.337,0,0,1,2
0.57,0.151,0.34,0,0,1,2
0.57,0.151,0.343,0,0,1,2
0.57,0.151,0.346,0,0,1,2
0.57,0.151,0.349,0,0,1,2
0.57,0.151,0.352,0,0,1,2
0.57,0.151,0.355,0,0,1,2
0.57,0.151,0.358,0,0,1,2
0.57,0.151,0.361,0,0,1,2
0.57,0.151,0.364,0,0,1,2
0.57,0.151,0.367,0,0,1,2
0.57,0.151,0.37,0,0,1,2
0.57,0.151,0.373,0,0,1,2
0.57,0.151,0.376,0,0,1,2
0.57,0.151,0.379,0,0,1,2
0.57,0.151,0.382,0,0,1,2
0.57,0.151,0.385,0,0,1,2
0.57,0.151,0.388,0,0,1,2
0.57,0.151,0.391,0,0,1,2
0.57,0.151,0.394,0,0,1,2
0.57,0.151,0.397,0,0,1,2
0.57,0.151,0.4,0,0,1,2
0.57,0.151,0.403,0,0,1,2
0.57,0.151,0.406,0,0,1,2
0.57,0.151,0.409,0,0,1,2
0.57,0.151,0.412,0,0,1,2
0.57,0.151,0.415,0,0,1,2
0.57,0.151,0.418,0,0,1,2
0.57,0.151,0.420999,0,0,1,2
0.57,0.151,0.423999,0,0,1,2
0.57,0.151,0.426999,0,0,1,2
0.57,0.151,0.429999,0,0,1,2
0.57,0.151,0.432999,0,0,1,2
0.57,0.151,0.435999,0,0,1,2
0.57,0.151,0.438999,0,0,1,2
0.57,0.151,0.441999,0,0,1,2
0.57,0.151,0.444999,0,0,1,2
0.57,0.151,0.447999,0,0,1,2
0.57,0.151,0.450999,0,0,1,2
0.57,0.154,0.25,0,0,1,2
0.57,0.154,0.253,0,0,1,2
0.57,0.154,0.256,0,0,1,2
0.57,0.154,0.259,0,0,1,2
0.57,0.154,0.262,0,0,1,2
0.57,0.154,0.265,0,0,1,2
0.57,0.154,0.268,0,0,1,2
0.57,0.154,0.271,0,0,1,2
0.57,0.154,0.274,0,0,1,2
0.57,0.154,0.277,0,0,1,2
0.57,0.154,0.28,0,0,1,2
0.57,0.154,0.283,0,0,1,2
0.57,0.154,0.286,0,0,1,2
0.57,0.154,0.289,0,0,1,2
0.57,0.154,0.292,0,0,1,2
0.57,0.154,0.295,0,0,1,2
0.57,0.154,0.298,0,0,1,2
0.57,0.154,0.301,0,0,1,2
0.57,0.154,0.304,0,0,1,2
0.57,0.154,0.307,0,0,1,2
0.57,0.154,0.31,0,0,1,2
0.57,0.154,0.313,0,0,1,2
0.57,0.154,0.316,0,0,1,2
0.57,0.154,0.319,0,0,1,2
0.57,0.154,0.322,0,0,1,2
0.57,0.154,0.325,0,0,1,2
0.57,0.154,0.328,0,0,1,2
0.57,0.154,0.331,0,0,1,2
0.57,0.154,0.334,0,0,1,2
0.57,0.154,0.337,0,0,1,2
0.57,0.154,0.34,0,0,1,2
0.57,0.154,0.343,0,0,1,2
0.57,0.154,0.346,0,0,1,2
0.57,0.154,0.349,0,0,1,2
0.57,0.154,0.352,0,0,1,2
0.57,0.154,0.355,0,0,1,2
0.57,0.154,0.358,0,0,1,2
0.57,0.154,0.361,0,0,1,2
0.57,0.154,0.364,0,0,1,2
0.57,0.154,0.367,0,0,1,2
0.57,0.154,0.37,0,0,1,2
0.57,0.154,0.373,0,0,1,2
0.57,0.154,0.376,0,0,1,2
0.57,0.154,0.379,0,0,1,2
0.57,0.154,0.382,0,0,1,2
0.57,0.154,0.385,0,0,1,2
0.57,0.154,0.388,0,0,1,2
0.57,0.154,0.391,0,0,1,2
0.57,0.154,0.394,0,0,1,2
0.57,0.154,0.397,0,0,1,2
0.57,0.154,0.4,0,0,1,2
0.57,0.154,0.403,0,0,1,2
0.57,0.154,0.406,0,0,1,2
0.57,0.154,0.409,0,0,1,2
0.57,0.154,0.412,0,0,1,2
0.57,0.154,0.415,0,0,1,2
0.57,0.154,0.418,0,0,1,2
0.57,0.154,0.420999,0,0,1,2
0.57,0.154,0.423999,0,0,1,2
0.57,0.154,0.426999,0,0,1,2
0.57,0.154,0.429999,0,0,1,2
0.57,0.154,0.432999,0,0,1,2
0.57,0.154,0.435999,0,0,1,2
0.57,0.154,0.438999,0,0,1,2
0.57,0.154,0.441999,0,0,1,2
0.57,0.154,0.444999,0,0,1,2
0.57,0.154,0.447999,0,0,1,2
0.57,0.154,0.450999,0,0,1,2
0.57,0.157,0.25,0,0,1,2
0.57,0.157,0.253,0,0,1,2
0.57,0.157,0.256,0,0,1,2
0.57,0.157,0.259,0,0,1,2
0.57,0.157,0.262,0,0,1,2
0.57,0.157,0.265,0,0,1,2
0.57,0.157,0.268,0,0,1,2
0.57,0.157,0.271,0,0,1,2
0.57,0.157,0.274,0,0,1,2
0.57,0.157,0.277,0,0,1,2
0.57,0.157,0.28,0,0,1,2
0.57,0.157,0.283,0,0,1,2
0.57,0.157,0.286,0,0,1,2
0.57,0.157,0.289,0,0,1,2
0.57,0.157,0.292,0,0,1,2
0.57,0.157,0.295,0,0,1,2
0.57,0.157,0.298,0,0,1,2
0.57,0.157,0.301,0,0,1,2
0.57,0.157,0.304,0,0,1,2
0.57,0.157,0.307,0,0,1,2
0.57,0.157,0.31,0,0,1,2
0.57,0.157,0.313,0,0,1,2
0.57,0.157,0.316,0,0,1,2
0.57,0.157,0.319,0,0,1,2
0.57,0.157,0.322,0,0,1,2
0.57,0.157,0.325,0,0,1,2
0.57,0.157,0.328,0,0,1,2
0.57,0.157,0.331,0,0,1,2
0.57,0.157,0.334,0,0,1,2
0.57,0.157,0.337,0,0,1,2
0.57,0.157,0.34,0,0,1,2
0.57,0.157,0.343,0,0,1,2
0.57,0.157,0.346,0,0,1,2
0.57,0.157,0.349,0,0,1,2
0.57,0.157,0.352,0,0,1,2
0.57,0.157,0.355,0,0,1,2
0.57,0.157,0.358,0,0,1,2
0.57,0.157,0.361,0,0,1,2
0.57,0.157,0.364,0,0,1,2
0.57,0.157,0.367,0,0,1,2
0.57,0.157,0.37,0,0,1,2
0.57,0.157,0.373,0,0,1,2
0.57,0.157,0.376,0,0,1,2
0.57,0.157,0.379,0,0,1,2
0.57,0.157,0.382,0,0,1,2
0.57,0.157,0.385,0,0,1,2
0.57,0.157,0.388,0,0,1,2
0.57,0.157,0.391,0,0,1,2
0.57,0.157,0.394,0,0,1,2
0.57,0.157,0.397,0,0,1,2
0.57,0.157,0.4,0,0,1,2
0.57,0.157,0.403,0,0,1,2
0.57,0.157,0.406,0,0,1,2
0.57,0.157,0.409,0,0,1,2
0.57,0.157,0.412,0,0,1,2
0.57,0.157,0.415,0,0,1,2
0.57,0.157,0.418,0,0,1,2
0.57,0.157,0.420999,0,0,1,2
0.57,0.157,0.423999,0,0,1,2
0.57,0.157,0.426999,0,0,1,2
0.57,0.157,0.429999,0,0,1,2
0.57,0.157,0.432999,0,0,1,2
0.57,0.157,0.435999,0,0,1,2
0.57,0.157,0.438999,0,0,1,2
0.57,0.157,0.441999,0,0,1,2
0.57,0.157,0.444999,0,0,1,2
0.57,0.157,0.447999,0,0,1,2
0.57,0.157,0.450999,0,0,1,2
0.57,0.16,0.25,0,0,1,2
0.57,0.16,0.253,0,0,1,2
0.57,0.16,0.256,0,0,1,2
0.57,0.16,0.259,0,0,1,2
0.57,0.16,0.262,0,0,1,2
0.57,0.16,0.265,0,0,1,2
0.57,0.16,0.268,0,0,1,2
0.57,0.16,0.271,0,0,1,2
0.57,0.16,0.274,0,0,1,2
0.57,0.16,0.277,0,0,1,2
0.57,0.16,0.28,0,0,1,2
0.57,0.16,0.283,0,0,1,2
0.57,0.16,0.286,0,0,1,2
0.57,0.16,0.289,0,0,1,2
0.57,0.16,0.292,0,0,1,2
0.57,0.16,0.295,0,0,1,2
0.57,0.16,0.298,0,0,1,2
0.57,0.16,0.301,0,0,1,2
0.57,0.16,0.304,0,0,1,2
0.57,0.16,0.307,0,0,1,2
0.57,0.16,0.31,0,0,1,2
0.57,0.16,0.313,0,0,1,2
0.57,0.16,0.316,0,0,1,2
0.57,0.16,0.319,0,0,1,2
0.57,0.16,0.322,0,0,1,2
0.57,0.16,0.325,0,0,1,2
0.57,0.16,0.328,0,0,1,2
0.57,0.16,0.331,0,0,1,2
0.57,0.16,0.334,0,0,1,2
0.57,0.16,0.337,0,0,1,2
0.57,0.16,0.34,0,0,1,2
0.57,0.16,0.343,0,0,1,2
0.57,0.16,0.346,0,0,1,2
0.57,0.16,0.349,0,0,1,2
0.57,0.16,0.352,0,0,1,2
0.57,0.16,0.355,0,0,1,2
0.57,0.16,0.358,0,0,1,2
0.57,0.16,0.361,0,0,1,2
0.57,0.16,0.364,0,0,1,2
0.57,0.16,0.367,0,0,1,2
0.57,0.16,0.37,0,0,1,2
0.57,0.16,0.373,0,0,1,2
0.57,0.16,0.376,0,0,1,2
0.57,0.16,0.379,0,0,1,2
0.57,0.16,0.382,0,0,1,2
0.57,0.16,0.385,0,0,1,2
0.57,0.16,0.388,0,0,1,2
0.57,0.16,0.391,0,0,1,2
0.57,0.16,0.394,0,0,1,2
0.57,0.16,0.397,0,0,1,2
0.57,0.16,0.4,0,0,1,2
0.57,0.16,0.403,0,0,1,2
0.57,0.16,0.406,0,0,1,2
0.57,0.16,0.409,0,0,1,2
0.57,0.16,0.412,0,0,1,2
0.57,0.16,0.415,0,0,1,2
0.57,0.16,0.418,0,0,1,2
0.57,0.16,0.420999,0,0,1,2
0.57,0.16,0.423999,0,0,1,2
0.57,0.16,0.426999,0,0,1,2
0.57,0.16,0.429999,0,0,1,2
0.57,0.16,0.432999,0,0,1,2
0.57,0.16,0.435999,0,0,1,2
0.57,0.16,0.438999,0,0,1,2
0.57,0.16,0.441999,0,0,1,2
0.57,0.16,0.444999,0,0,1,2
0.57,0.16,0.447999,0,0,1,2
0.57,0.16,0.450999,0,0,1,2
0.57,0.163,0.25,0,0,1,2
0.57,0.163,0.253,0,0,1,2
0.57,0.163,0.256,0,0,1,2
0.57,0.163,0.259,0,0,1,2
0.57,0.163,0.262,0,0,1,2
0.57,0.163,0.265,0,0,1,2
0.57,0.163,0.268,0,0,1,2
0.57,0.163,0.271,0,0,1,2
0.57,0.163,0.274,0,0,1,2
0.57,0.163,0.277,0,0,1,2
0.57,0.163,0.28,0,0,1,2
0.57,0.163,0.283,0,0,1,2
0.57,0.163,0.286,0,0,1,2
0.57,0.163,0.289,0,0,1,2
0.57,0.163,0.292,0,0,1,2
0.57,0.163,0.295,0,0,1,2
0.57,0.163,0.298,0,0,1,2
0.57,0.163,0.301,0,0,1,2
0.57,0.163,0.304,0,0,1,2
0.57,0.163,0.307,0,0,1,2
0.57,0.163,0.31,0,0,1,2
0.57,0.163,0.313,0,0,1,2
0.57,0.163,0.316,0,0,1,2
0.57,0.163,0.319,0,0,1,2
0.57,0.163,0.322,0,0,1,2
0.57,0.163,0.325,0,0,1,2
0.57,0.163,0.328,0,0,1,2
0.57,0.163,0.331,0,0,1,2
0.57,0.163,0.334,0,0,1,2
0.57,0.163,0.337,0,0,1,2
0.57,0.163,0.34,0,0,1,2
0.57,0.163,0.343,0,0,1,2
0.57,0.163,0.346,0,0,1,2
0.57,0.163,0.349,0,0,1,2
0.57,0.163,0.352,0,0,1,2
0.57,0.163,0.355,0,0,1,2
0.57,0.163,0.358,0,0,1,2
0.57,0.163,0.361,0,0,1,2
0.57,0.163,0.364,0,0,1,2
0.57,0.163,0.367,0,0,1,2
0.57,0.163,0.37,0,0,1,2
0.57,0.163,0.373,0,0,1,2
0.57,0.163,0.376,0,0,1,2
0.57,0.163,0.379,0,0,1,2
0.57,0.163,0.382,0,0,1,2
0.57,0.163,0.385,0,0,1,2
0.57,0.163,0.388,0,0,1,2
0.57,0.163,0.391,0,0,1,2
0.57,0.163,0.394,0,0,1,2
0.57,0.163,0.397,0,0,1,2
0.57,0.163,0.4,0,0,1,2
0.57,0.163,0.403,0,0,1,2
0.57,0.163,0.406,0,0,1,2
0.57,0.163,0.409,0,0,1,2
0.57,0.163,0.412,0,0,1,2
0.57,0.163,0.415,0,0,1,2
0.57,0.163,0.418,0,0,1,2
0.57,0.163,0.420999,0,0,1,2
0.57,0.163,0.423999,0,0,1,2
0.57,0.163,0.426999,0,0,1,2
0.57,0.163,0.429999,0,0,1,2
0.57,0.163,0.432999,0,0,1,2
0.57,0.163,0.435999,0,0,1,2
0.57,0.163,0.438999,0,0,1,2
0.57,0.163,0.441999,0,0,1,2
0.57,0.163,0.444999,0,0,1,2
0.57,0.163,0.447999,0,0,1,2
0.57,0.163,0.450999,0,0,1,2
0.57,0.166,0.25,0,0,1,2
0.57,0.166,0.253,0,0,1,2
0.57,0.166,0.256,0,0,1,2
0.57,0.166,0.259,0,0,1,2
0.57,0.166,0.262,0,0,1,2
0.57,0.166,0.265,0,0,1,2
0.57,0.166,0.268,0,0,1,2
0.57,0.166,0.271,0,0,1,2
0.57,0.166,0.274,0,0,1,2
0.57,0.166,0.277,0,0,1,2
0.57,0.166,0.28,0,0,1,2
0.57,0.166,0.283,0,0,1,2
0.57,0.166,0.286,0,0,1,2
0.57,0.166,0.289,0,0,1,2
0.57,0.166,0.292,0,0,1,2
0.57,0.166,0.295,0,0,1,2
0.57,0.166,0.298,0,0,1,2
0.57,0.166,0.301,0,0,1,2
0.57,0.166,0.304,0,0,1,2
0.57,0.166,0.307,0,0,1,2
0.57,0.166,0.31,0,0,1,2
0.57,0.166,0.313,0,0,1,2
0.57,0.166,0.316,0,0,1,2
0.57,0.166,0.319,0,0,1,2
0.57,0.166,0.322,0,0,1,2
0.57,0.166,0.325,0,0,1,2
0.57,0.166,0.328,0,0,1,2
0.57,0.166,0.331,0,0,1,2
0.57,0.166,0.334,0,0,1,2
0.57,0.166,0.337,0,0,1,2
0.57,0.166,0.34,0,0,1,2
0.57,0.166,0.343,0,0,1,2
0.57,0.166,0.346,0,0,1,2
0.57,0.166,0.349,0,0,1,2
0.57,0.166,0.352,0,0,1,2
0.57,0.166,0.355,0,0,1,2
0.57,0.166,0.358,0,0,1,2
0.57,0.166,0.361,0,0,1,2
0.57,0.166,0.364,0,0,1,2
0.57,0.166,0.367,0,0,1,2
0.57,0.166,0.37,0,0,1,2
0.57,0.166,0.373,0,0,1,2
0.57,0.166,0.376,0,0,1,2
0.57,0.166,0.379,0,0,1,2
0.57,0.166,0.382,0,0,1,2
0.57,0.166,0.385,0,0,1,2
0.57,0.166,0.388,0,0,1,2
0.57,0.166,0.391,0,0,1,2
0.57,0.166,0.394,0,0,1,2
0.57,0.166,0.397,0,0,1,2
0.57,0.166,0.4,0,0,1,2
0.57,0.166,0.403,0,0,1,2
0.57,0.166,0.406,0,0,1,2
0.57,0.166,0.409,0,0,1,2
0.57,0.166,0.412,0,0,1,2
0.57,0.166,0.415,0,0,1,2
0.57,0.166,0.418,0,0,1,2
0.57,0.166,0.420999,0,0,1,2
0.57,0.166,0.423999,0,0,1,2
0.57,0.166,0.426999,0,0,1,2
0.57,0.166,0.429999,0,0,1,2
0.57,0.166,0.432999,0,0,1,2
0.57,0.166,0.435999,0,0,1,2
0.57,0.166,0.438999,0,0,1,2
0.57,0.166,0.441999,0,0,1,2
0.57,0.166,0.444999,0,0,1,2
0.57,0.166,0.447999,0,0,1,2
0.57,0.166,0.450999,0,0,1,2
0.57,0.169,0.25,0,0,1,2
0.57,0.169,0.253,0,0,1,2
0.57,0.169,0.256,0,0,1,2
0.57,0.169,0.259,0,0,1,2
0.57,0.169,0.262,0,0,1,2
0.57,0.169,0.265,0,0,1,2
0.57,0.169,0.268,0,0,1,2
0.57,0.169,0.271,0,0,1,2
0.57,0.169,0.274,0,0,1,2
0.57,0.169,0.277,0,0,1,2
0.57,0.169,0.28,0,0,1,2
0.57,0.169,0.283,0,0,1,2
0.57,0.169,0.286,0,0,1,2
0.57,0.169,0.289,0,0,1,2
0.57,0.169,0.292,0,0,1,2
0.57,0.169,0.295,0,0,1,2
0.57,0.169,0.298,0,0,1,2
0.57,0.169,0.301,0,0,1,2
0.57,0.169,0.304,0,0,1,2
0.57,0.169,0.307,0,0,1,2
0.57,0.169,0.31,0,0,1,2
0.57,0.169,0.313,0,0,1,2
0.57,0.169,0.316,0,0,1,2
0.57,0.169,0.319,0,0,1,2
0.57,0.169,0.322,0,0,1,2
0.57,0.169,0.325,0,0,1,2
0.57,0.169,0.328,0,0,1,2
0.57,0.169,0.331,0,0,1,2
0.57,0.169,0.334,0,0,1,2
0.57,0.169,0.337,0,0,1,2
0.57,0.169,0.34,0,0,1,2
0.57,0.169,0.343,0,0,1,2
0.57,0.169,0.346,0,0,1,2
0.57,0.169,0.349,0,0,1,2
0.57,0.169,0.352,0,0,1,2
0.57,0.169,0.355,0,0,1,2
0.57,0.169,0.358,0,0,1,2
0.57,0.169,0.361,0,0,1,2
0.57,0.169,0.364,0,0,1,2
0.57,0.169,0.367,0,0,1,2
0.57,0.169,0.37,0,0,1,2
0.57,0.169,0.373,0,0,1,2
0.57,0.169,0.376,0,0,1,2
0.57,0.169,0.379,0,0,1,2
0.57,0.169,0.382,0,0,1,2
0.57,0.169,0.385,0,0,1,2
0.57,0.169,0.388,0,0,1,2
0.57,0.169,0.391,0,0,1,2
0.57,0.169,0.394,0,0,1,2
0.57,0.169,0.397,0,0,1,2
0.57,0.169,0.4,0,0,1,2
0.57,0.169,0.403,0,0,1,2
0.57,0.169,0.406,0,0,1,2
0.57,0.169,0.409,0,0,1,2
0.57,0.169,0.412,0,0,1,2
0.57,0.169,0.415,0,0,1,2
0.57,0.169,0.418,0,0,1,2
0.57,0.169,0.420999,0,0,1,2
0.57,0.169,0.423999,0,0,1,2
0.57,0.169,0.426999,0,0,1,2
0.57,0.169,0.429999,0,0,1,2
0.57,0.169,0.432999,0,0,1,2
0.57,0.169,0.435999,0,0,1,2
0.57,0.169,0.438999,0,0,1,2
0.57,0.169,0.441999,0,0,1,2
0.57,0.169,0.444999,0,0,1,2
0.57,0.169,0.447999,0,0,1,2
0.57,0.169,0.450999,0,0,1,2
0.57,0.172,0.25,0,0,1,2
0.57,0.172,0.253,0,0,1,2
0.57,0.172,0.256,0,0,1,2
0.57,0.172,0.259,0,0,1,2
0.57,0.172,0.262,0,0,1,2
0.57,0.172,0.265,0,0,1,2
0.57,0.172,0.268,0,0,1,2
0.57,0.172,0.271,0,0,1,2
0.57,0.172,0.274,0,0,1,2
0.57,0.172,0.277,0,0,1,2
0.57,0.172,0.28,0,0,1,2
0.57,0.172,0.283,0,0,1,2
0.57,0.172,0.286,0,0,1,2
0.57,0.172,0.289,0,0,1,2
0.57,0.172,0.292,0,0,1,2
0.57,0.172,0.295,0,0,1,2
0.57,0.172,0.298,0,0,1,2
0.57,0.172,0.301,0,0,1,2
0.57,0.172,0.304,0,0,1,2
0.57,0.172,0.307,0,0,1,2
0.57,0.172,0.31,0,0,1,2
0.57,0.172,0.313,0,0,1,2
0.57,0.172,0.316,0,0,1,2
0.57,0.172,0.319,0,0,1,2
0.57,0.172,0.322,0,0,1,2
0.57,0.172,0.325,0,0,1,2
0.57,0.172,0.328,0,0,1,2
0.57,0.172,0.331,0,0,1,2
0.57,0.172,0.334,0,0,1,2
0.57,0.172,0.337,0,0,1,2
0.57,0.172,0.34,0,0,1,2
0.57,0.172,0.343,0,0,1,2
0.57,0.172,0.346,0,0,1,2
0.57,0.172,0.349,0,0,1,2
0.57,0.172,0.352,0,0,1,2
0.57,0.172,0.355,0,0,1,2
0.57,0.172,0.358,0,0,1,2
0.57,0.172,0.361,0,0,1,2
0.57,0.172,0.364,0,0,1,2
0.57,0.172,0.367,0,0,1,2
0.57,0.172,0.37,0,0,1,2
0.57,0.172,0.373,0,0,1,2
0.57,0.172,0.376,0,0,1,2
0.57,0.172,0.379,0,0,1,2
0.57,0.172,0.382,0,0,1,2
0.57,0.172,0.385,0,0,1,2
0.57,0.172,0.388,0,0,1,2
0.57,0.172,0.391,0,0,1,2
0.57,0.172,0.394,0,0,1,2
0.57,0.172,0.397,0,0,1,2
0.57,0.172,0.4,0,0,1,2
0.57,0.172,0.403,0,0,1,2
0.57,0.172,0.406,0,0,1,2
0.57,0.172,0.409,0,0,1,2
0.57,0.172,0.412,0,0,1,2
0.57,0.172,0.415,0,0,1,2
0.57,0.172,0.418,0,0,1,2
0.57,0.172,0.420999,0,0,1,2
0.57,0.172,0.423999,0,0,1,2
0.57,0.172,0.426999,0,0,1,2
0.57,0.172,0.429999,0,0,1,2
0.57,0.172,0.432999,0,0,1,2
0.57,0.172,0.435999,0,0,1,2
0.57,0.172,0.438999,0,0,1,2
0.57,0.172,0.441999,0,0,1,2
0.57,0.172,0.444999,0,0,1,2
0.57,0.172,0.447999,0,0,1,2
0.57,0.172,0.450999,0,0,1,2
0.57,0.175,0.25,0,0,1,2
0.57,0.175,0.253,0,0,1,2
0.57,0.175,0.256,0,0,1,2
0.57,0.175,0.259,0,0,1,2
0.57,0.175,0.262,0,0,1,2
0.57,0.175,0.265,0,0,1,2
0.57,0.175,0.268,0,0,1,2
0.57,0.175,0.271,0,0,1,2
0.57,0.175,0.274,0,0,1,2
0.57,0.175,0.277,0,0,1,2
0.57,0.175,0.28,0,0,1,2
0.57,0.175,0.283,0,0,1,2
0.57,0.175,0.286,0,0,1,2
0.57,0.175,0.289,0,0,1,2
0.57,0.175,0.292,0,0,1,2
0.57,0.175,0.295,0,0,1,2
0.57,0.175,0.298,0,0,1,2
0.57,0.175,0.301,0,0,1,2
0.57,0.175,0.304,0,0,1,2
0.57,0.175,0.307,0,0,1,2
0.57,0.175,0.31,0,0,1,2
0.57,0.175,0.313,0,0,1,2
0.57,0.175,0.316,0,0,1,2
0.57,0.175,0.319,0,0,1,2
0.57,0.175,0.322,0,0,1,2
0.57,0.175,0.325,0,0,1,2
0.57,0.175,0.328,0,0,1,2
0.57,0.175,0.331,0,0,1,2
0.57,0.175,0.334,0,0,1,2
0.57,0.175,0.337,0,0,1,2
0.57,0.175,0.34,0,0,1,2
0.57,0.175,0.343,0,0,1,2
0.57,0.175,0.346,0,0,1,2
0.57,0.175,0.349,0,0,1,2
0.57,0.175,0.352,0,0,1,2
0.57,0.175,0.355,0,0,1,2
0.57,0.175,0.358,0,0,1,2
0.57,0.175,0.361,0,0,1,2
0.57,0.175,0.364,0,0,1,2
0.57,0.175,0.367,0,0,1,2
0.57,0.175,0.37,0,0,1,2
0.57,0.175,0.373,0,0,1,2
0.57,0.175,0.376,0,0,1,2
0.57,0.175,0.379,0,0,1,2
0.57,0.175,0.382,0,0,1,2
0.57,0.175,0.385,0,0,1,2
0.57,0.175,0.388,0,0,1,2
0.57,0.175,0.391,0,0,1,2
0.57,0.175,0.394,0,0,1,2
0.57,0.175,0.397,0,0,1,2
0.57,0.175,0.4,0,0,1,2
0.57,0.175,0.403,0,0,1,2
0.57,0.175,0.406,0,0,1,2
0.57,0.175,0.409,0,0,1,2
0.57,0.175,0.412,0,0,1,2
0.57,0.175,0.415,0,0,1,2
0.57,0.175,0.418,0,0,1,2
0.57,0.175,0.420999,0,0,1,2
0.57,0.175,0.423999,0,0,1,2
0.57,0.175,0.426999,0,0,1,2
0.57,0.175,0.429999,0,0,1,2
0.57,0.175,0.432999,0,0,1,2
0.57,0.175,0.435999,0,0,1,2
0.57,0.175,0.438999,0,0,1,2
0.57,0.175,0.441999,0,0,1,2
0.57,0.175,0.444999,0,0,1,2
0.57,0.175,0.447999,0,0,1,2
0.57,0.175,0.450999,0,0,1,2
0.57,0.178,0.25,0,0,1,2
0.57,0.178,0.253,0,0,1,2
0.57,0.178,0.256,0,0,1,2
0.57,0.178,0.259,0,0,1,2
0.57,0.178,0.262,0,0,1,2
0.57,0.178,0.265,0,0,1,2
0.57,0.178,0.268,0,0,1,2
0.57,0.178,0.271,0,0,1,2
0.57,0.178,0.274,0,0,1,2
0.57,0.178,0.277,0,0,1,2
0.57,0.178,0.28,0,0,1,2
0.57,0.178,0.283,0,0,1,2
0.57,0.178,0.286,0,0,1,2
0.57,0.178,0.289,0,0,1,2
0.57,0.178,0.292,0,0,1,2
0.57,0.178,0.295,0,0,1,2
0.57,0.178,0.298,0,0,1,2
0.57,0.178,0.301,0,0,1,2
0.57,0.178,0.304,0,0,1,2
0.57,0.178,0.307,0,0,1,2
0.57,0.178,0.31,0,0,1,2
0.57,0.178,0.313,0,0,1,2
0.57,0.178,0.316,0,0,1,2
0.57,0.178,0.319,0,0,1,2
0.57,0.178,0.322,0,0,1,2
0.57,0.178,0.325,0,0,1,2
0.57,0.178,0.328,0,0,1,2
0.57,0.178,0.331,0,0,1,2
0.57,0.178,0.334,0,0,1,2
0.57,0.178,0.337,0,0,1,2
0.57,0.178,0.34,0,0,1,2
0.57,0.178,0.343,0,0,1,2
0.57,0.178,0.346,0,0,1,2
0.57,0.178,0.349,0,0,1,2
0.57,0.178,0.352,0,0,1,2
0.57,0.178,0.355,0,0,1,2
0.57,0.178,0.358,0,0,1,2
0.57,0.178,0.361,0,0,1,2
0.57,0.178,0.364,0,0,1,2
0.57,0.178,0.367,0,0,1,2
0.57,0.178,0.37,0,0,1,2
0.57,0.178,0.373,0,0,1,2
0.57,0.178,0.376,0,0,1,2
0.57,0.178,0.379,0,0,1,2
0.57,0.178,0.382,0,0,1,2
0.57,0.178,0.385,0,0,1,2
0.57,0.178,0.388,0,0,1,2
0.57,0.178,0.391,0,0,1,2
0.57,0.178,0.394,0,0,1,2
0.57,0.178,0.397,0,0,1,2
0.57,0.178,0.4,0,0,1,2
0.57,0.178,0.403,0,0,1,2
0.57,0.178,0.406,0,0,1,2
0.57,0.178,0.409,0,0,1,2
0.57,0.178,0.412,0,0,1,2
0.57,0.178,0.415,0,0,1,2
0.57,0.178,0.418,0,0,1,2
0.57,0.178,0.420999,0,0,1,2
0.57,0.178,0.423999,0,0,1,2
0.57,0.178,0.426999,0,0,1,2
0.57,0.178,0.429999,0,0,1,2
0.57,0.178,0.432999,0,0,1,2
0.57,0.178,0.435999,0,0,1,2
0.57,0.178,0.438999,0,0,1,2
0.57,0.178,0.441999,0,0,1,2
0.57,0.178,0.444999,0,0,1,2
0.57,0.178,0.447999,0,0,1,2
0.57,0.178,0.450999,0,0,1,2
0.57,0.181,0.25,0,0,1,2
0.57,0.181,0.253,0,0,1,2
0.57,0.181,0.256,0,0,1,2
0.57,0.181,0.259,0,0,1,2
0.57,0.181,0.262,0,0,1,2
0.57,0.181,0.265,0,0,1,2
0.57,0.181,0.268,0,0,1,2
0.57,0.181,0.271,0,0,1,2
0.57,0.181,0.274,0,0,1,2
0.57,0.181,0.277,0,0,1,2
0.57,0.181,0.28,0,0,1,2
0.57,0.181,0.283,0,0,1,2
0.57,0.181,0.286,0,0,1,2
0.57,0.181,0.289,0,0,1,2
0.57,0.181,0.292,0,0,1,2
0.57,0.181,0.295,0,0,1,2
0.57,0.181,0.298,0,0,1,2
0.57,0.181,0.301,0,0,1,2
0.57,0.181,0.304,0,0,1,2
0.57,0.181,0.307,0,0,1,2
0.57,0.181,0.31,0,0,1,2
0.57,0.181,0.313,0,0,1,2
0.57,0.181,0.316,0,0,1,2
0.57,0.181,0.319,0,0,1,2
0.57,0.181,0.322,0,0,1,2
0.57,0.181,0.325,0,0,1,2
0.57,0.181,0.328,0,0,1,2
0.57,0.181,0.331,0,0,1,2
0.57,0.181,0.334,0,0,1,2
0.57,0.181,0.337,0,0,1,2
0.57,0.181,0.34,0,0,1,2
0.57,0.181,0.343,0,0,1,2
0.57,0.181,0.346,0,0,1,2
0.57,0.181,0.349,0,0,1,2
0.57,0.181,0.352,0,0,1,2
0.57,0.181,0.355,0,0,1,2
0.57,0.181,0.358,0,0,1,2
0.57,0.181,0.361,0,0,1,2
0.57,0.181,0.364,0,0,1,2
0.57,0.181,0.367,0,0,1,2
0.57,0.181,0.37,0,0,1,2
0.57,0.181,0.373,0,0,1,2
0.57,0.181,0.376,0,0,1,2
0.57,0.181,0.379,0,0,1,2
0.57,0.181,0.382,0,0,1,2
0.57,0.181,0.385,0,0,1,2
0.57,0.181,0.388,0,0,1,2
0.57,0.181,0.391,0,0,1,2
0.57,0.181,0.394,0,0,1,2
0.57,0.181,0.397,0,0,1,2
0.57,0.181,0.4,0,0,1,2
0.57,0.181,0.403,0,0,1,2
0.57,0.181,0.406,0,0,1,2
0.57,0.181,0.409,0,0,1,2
0.57,0.181,0.412,0,0,1,2
0.57,0.181,0.415,0,0,1,2
0.57,0.181,0.418,0,0,1,2
0.57,0.181,0.420999,0,0,1,2
0.57,0.181,0.423999,0,0,1,2
0.57,0.181,0.426999,0,0,1,2
0.57,0.181,0.429999,0,0,1,2
0.57,0.181,0.432999,0,0,1,2
0.57,0.181,0.435999,0,0,1,2
0.57,0.181,0.438999,0,0,1,2
0.57,0.181,0.441999,0,0,1,2
0.57,0.181,0.444999,0,0,1,2
0.57,0.181,0.447999,0,0,1,2
0.57,0.181,0.450999,0,0,1,2
0.57,0.184,0.25,0,0,1,2
0.57,0.184,0.253,0,0,1,2
0.57,0.184,0.256,0,0,1,2
0.57,0.184,0.259,0,0,1,2
0.57,0.184,0.262,0,0,1,2
0.57,0.184,0.265,0,0,1,2
0.57,0.184,0.268,0,0,1,2
0.57,0.184,0.271,0,0,1,2
0.57,0.184,0.274,0,0,1,2
0.57,0.184,0.277,0,0,1,2
0.57,0.184,0.28,0,0,1,2
0.57,0.184,0.283,0,0,1,2
0.57,0.184,0.286,0,0,1,2
0.57,0.184,0.289,0,0,1,2
0.57,0.184,0.292,0,0,1,2
0.57,0.184,0.295,0,0,1,2
0.57,0.184,0.298,0,0,1,2
0.57,0.184,0.301,0,0,1,2
0.57,0.184,0.304,0,0,1,2
0.57,0.184,0.307,0,0,1,2
0.57,0.184,0.31,0,0,1,2
0.57,0.184,0.313,0,0,1,2
0.57,0.184,0.316,0,0,1,2
0.57,0.184,0.319,0,0,1,2
0.57,0.184,0.322,0,0,1,2
0.57,0.184,0.325,0,0,1,2
0.57,0.184,0.328,0,0,1,2
0.57,0.184,0.331,0,0,1,2
0.57,0.184,0.334,0,0,1,2
0.57,0.184,0.337,0,0,1,2
0.57,0.184,0.34,0,0,1,2
0.57,0.184,0.343,0,0,1,2
0.57,0.184,0.346,0,0,1,2
0.57,0.184,0.349,0,0,1,2
0.57,0.184,0.352,0,0,1,2
0.57,0.184,0.355,0,0,1,2
0.57,0.184,0.358,0,0,1,2
0.57,0.184,0.361,0,0,1,2
0.57,0.184,0.364,0,0,1,2
0.57,0.184,0.367,0,0,1,2
0.57,0.184,0.37,0,0,1,2
0.57,0.184,0.373,0,0,1,2
0.57,0.184,0.376,0,0,1,2
0.57,0.184,0.379,0,0,1,2
0.57,0.184,0.382,0,0,1,2
0.57,0.184,0.385,0,0,1,2
0.57,0.184,0.388,0,0,1,2
0.57,0.184,0.391,0,0,1,2
0.57,0.184,0.394,0,0,1,2
0.57,0.184,0.397,0,0,1,2
0.57,0.184,0.4,0,0,1,2
0.57,0.184,0.403,0,0,1,2
0.57,0.184,0.406,0,0,1,2
0.57,0.184,0.409,0,0,1,2
0.57,0.184,0.412,0,0,1,2
0.57,0.184,0.415,0,0,1,2
0.57,0.184,0.418,0,0,1,2
0.57,0.184,0.420999,0,0,1,2
0.57,0.184,0.423999,0,0,1,2
0.57,0.184,0.426999,0,0,1,2
0.57,0.184,0.429999,0,0,1,2
0.57,0.184,0.432999,0,0,1,2
0.57,0.184,0.435999,0,0,1,2
0.57,0.184,0.438999,0,0,1,2
0.57,0.184,0.441999,0,0,1,2
0.57,0.184,0.444999,0,0,1,2
0.57,0.184,0.447999,0,0,1,2
0.57,0.184,0.450999,0,0,1,2
0.57,0.187,0.25,0,0,1,2
0.57,0.187,0.253,0,0,1,2
0.57,0.187,0.256,0,0,1,2
0.57,0.187,0.259,0,0,1,2
0.57,0.187,0.262,0,0,1,2
0.57,0.187,0.265,0,0,1,2
0.57,0.187,0.268,0,0,1,2
0.57,0.187,0.271,0,0,1,2
0.57,0.187,0.274,0,0,1,2
0.57,0.187,0.277,0,0,1,2
0.57,0.187,0.28,0,0,1,2
0.57,0.187,0.283,0,0,1,2
0.57,0.187,0.286,0,0,1,2
0.57,0.187,0.289,0,0,1,2
0.57,0.187,0.292,0,0,1,2
0.57,0.187,0.295,0,0,1,2
0.57,0.187,0.298,0,0,1,2
0.57,0.187,0.301,0,0,1,2
0.57,0.187,0.304,0,0,1,2
0.57,0.187,0.307,0,0,1,2
0.57,0.187,0.31,0,0,1,2
0.57,0.187,0.313,0,0,1,2
0.57,0.187,0.316,0,0,1,2
0.57,0.187,0.319,0,0,1,2
0.57,0.187,0.322,0,0,1,2
0.57,0.187,0.325,0,0,1,2
0.57,0.187,0.328,0,0,1,2
0.57,0.187,0.331,0,0,1,2
0.57,0.187,0.334,0,0,1,2
0.57,0.187,0.337,0,0,1,2
0.57,0.187,0.34,0,0,1,2
0.57,0.187,0.343,0,0,1,2
0.57,0.187,0.346,0,0,1,2
0.57,0.187,0.349,0,0,1,2
0.57,0.187,0.352,0,0,1,2
0.57,0.187,0.355,0,0,1,2
0.57,0.187,0.358,0,0,1,2
0.57,0.187,0.361,0,0,1,2
0.57,0.187,0.364,0,0,1,2
0.57,0.187,0.367,0,0,1,2
0.57,0.187,0.37,0,0,1,2
0.57,0.187,0.373,0,0,1,2
0.57,0.187,0.376,0,0,1,2
0.57,0.187,0.379,0,0,1,2
0.57,0.187,0.382,0,0,1,2
0.57,0.187,0.385,0,0,1,2
0.57,0.187,0.388,0,0,1,2
0.57,0.187,0.391,0,0,1,2
0.57,0.187,0.394,0,0,1,2
0.57,0.187,0.397,0,0,1,2
0.57,0.187,0.4,0,0,1,2
0.57,0.187,0.403,0,0,1,2
0.57,0.187,0.406,0,0,1,2
0.57,0.187,0.409,0,0,1,2
0.57,0.187,0.412,0,0,1,2
0.57,0.187,0.415,0,0,1,2
0.57,0.187,0.418,0,0,1,2
0.57,0.187,0.420999,0,0,1,2
0.57,0.187,0.423999,0,0,1,2
0.57,0.187,0.426999,0,0,1,2
0.57,0.187,0.429999,0,0,1,2
0.57,0.187,0.432999,0,0,1,2
0.57,0.187,0.435999,0,0,1,2
0.57,0.187,0.438999,0,0,1,2
0.57,0.187,0.441999,0,0,1,2
0.57,0.187,0.444999,0,0,1,2
0.57,0.187,0.447999,0,0,1,2
0.57,0.187,0.450999,0,0,1,2
0.57,0.19,0.25,0,0,1,2
0.57,0.19,0.253,0,0,1,2
0.57,0.19,0.256,0,0,1,2
0.57,0.19,0.259,0,0,1,2
0.57,0.19,0.262,0,0,1,2
0.57,0.19,0.265,0,0,1,2
0.57,0.19,0.268,0,0,1,2
0.57,0.19,0.271,0,0,1,2
0.57,0.19,0.274,0,0,1,2
0.57,0.19,0.277,0,0,1,2
0.57,0.19,0.28,0,0,1,2
0.57,0.19,0.283,0,0,1,2
0.57,0.19,0.286,0,0,1,2
0.57,0.19,0.289,0,0,1,2
0.57,0.19,0.292,0,0,1,2
0.57,0.19,0.295,0,0,1,2
0.57,0.19,0.298,0,0,1,2
0.57,0.19,0.301,0,0,1,2
0.57,0.19,0.304,0,0,1,2
0.57,0.19,0.307,0,0,1,2
0.57,0.19,0.31,0,0,1,2
0.57,0.19,0.313,0,0,1,2
0.57,0.19,0.316,0,0,1,2
0.57,0.19,0.319,0,0,1,2
0.57,0.19,0.322,0,0,1,2
0.57,0.19,0.325,0,0,1,2
0.57,0.19,0.328,0,0,1,2
0.57,0.19,0.331,0,0,1,2
0.57,0.19,0.334,0,0,1,2
0.57,0.19,0.337,0,0,1,2
0.57,0.19,0.34,0,0,1,2
0.57,0.19,0.343,0,0,1,2
0.57,0.19,0.346,0,0,1,2
0.57,0.19,0.349,0,0,1,2
0.57,0.19,0.352,0,0,1,2
0.57,0.19,0.355,0,0,1,2
0.57,0.19,0.358,0,0,1,2
0.57,0.19,0.361,0,0,1,2
0.57,0.19,0.364,0,0,1,2
0.57,0.19,0.367,0,0,1,2
0.57,0.19,0.37,0,0,1,2
0.57,0.19,0.373,0,0,1,2
0.57,0.19,0.376,0,0,1,2
0.57,0.19,0.379,0,0,1,2
0.57,0.19,0.382,0,0,1,2
0.57,0.19,0.385,0,0,1,2
0.57,0.19,0.388,0,0,1,2
0.57,0.19,0.391,0,0,1,2
0.57,0.19,0.394,0,0,1,2
0.57,0.19,0.397,0,0,1,2
0.57,0.19,0.4,0,0,1,2
0.57,0.19,0.403,0,0,1,2
0.57,0.19,0.406,0,0,1,2
0.57,0.19,0.409,0,0,1,2
0.57,0.19,0.412,0,0,1,2
0.57,0.19,0.415,0,0,1,2
0.57,0.19,0.418,0,0,1,2
0.57,0.19,0.420999,0,0,1,2
0.57,0.19,0.423999,0,0,1,2
0.57,0.19,0.426999,0,0,1,2
0.57,0.19,0.429999,0,0,1,2
0.57,0.19,0.432999,0,0,1,2
0.57,0.19,0.435999,0,0,1,2
0.57,0.19,0.438999,0,0,1,2
0.57,0.19,0.441999,0,0,1,2
0.57,0.19,0.444999,0,0,1,2
0.57,0.19,0.447999,0,0,1,2
0.57,0.19,0.450999,0,0,1,2
0.57,0.193,0.25,0,0,1,2
0.57,0.193,0.253,0,0,1,2
0.57,0.193,0.256,0,0,1,2
0.57,0.193,0.259,0,0,1,2
0.57,0.193,0.262,0,0,1,2
0.57,0.193,0.265,0,0,1,2
0.57,0.193,0.268,0,0,1,2
0.57,0.193,0.271,0,0,1,2
0.57,0.193,0.274,0,0,1,2
0.57,0.193,0.277,0,0,1,2
0.57,0.193,0.28,0,0,1,2
0.57,0.193,0.283,0,0,1,2
0.57,0.193,0.286,0,0,1,2
0.57,0.193,0.289,0,0,1,2
0.57,0.193,0.292,0,0,1,2
0.57,0.193,0.295,0,0,1,2
0.57,0.193,0.298,0,0,1,2
0.57,0.193,0.301,0,0,1,2
0.57,0.193,0.304,0,0,1,2
0.57,0.193,0.307,0,0,1,2
0.57,0.193,0.31,0,0,1,2
0.57,0.193,0.313,0,0,1,2
0.57,0.193,0.316,0,0,1,2
0.57,0.193,0.319,0,0,1,2
0.57,0.193,0.322,0,0,1,2
0.57,0.193,0.325,0,0,1,2
0.57,0.193,0.328,0,0,1,2
0.57,0.193,0.331,0,0,1,2
0.57,0.193,0.334,0,0,1,2
0.57,0.193,0.337,0,0,1,2
0.57,0.193,0.34,0,0,1,2
0.57,0.193,0.343,0,0,1,2
0.57,0.193,0.346,0,0,1,2
0.57,0.193,0.349,0,0,1,2
0.57,0.193,0.352,0,0,1,2
0.57,0.193,0.355,0,0,1,2
0.57,0.193,0.358,0,0,1,2
0.57,0.193,0.361,0,0,1,2
0.57,0.193,0.364,0,0,1,2
0.57,0.193,0.367,0,0,1,2
0.57,0.193,0.37,0,0,1,2
0.57,0.193,0.373,0,0,1,2
0.57,0.193,0.376,0,0,1,2
0.57,0.193,0.379,0,0,1,2
0.57,0.193,0.382,0,0,1,2
0.57,0.193,0.385,0,0,1,2
0.57,0.193,0.388,0,0,1,2
0.57,0.193,0.391,0,0,1,2
0.57,0.193,0.394,0,0,1,2
0.57,0.193,0.397,0,0,1,2
0.57,0.193,0.4,0,0,1,2
0.57,0.193,0.403,0,0,1,2
0.57,0.193,0.406,0,0,1,2
0.57,0.193,0.409,0,0,1,2
0.57,0.193,0.412,0,0,1,2
0.57,0.193,0.415,0,0,1,2
0.57,0.193,0.418,0,0,1,2
0.57,0.193,0.420999,0,0,1,2
0.57,0.193,0.423999,0,0,1,2
0.57,0.193,0.426999,0,0,1,2
0.57,0.193,0.429999,0,0,1,2
0.57,0.193,0.432999,0,0,1,2
0.57,0.193,0.435999,0,0,1,2
0.57,0.193,0.438999,0,0,1,2
0.57,0.193,0.441999,0,0,1,2
0.57,0.193,0.444999,0,0,1,2
0.57,0.193,0.447999,0,0,1,2
0.57,0.193,0.450999,0,0,1,2
0.57,0.196,0.25,0,0,1,2
0.57,0.196,0.253,0,0,1,2
0.57,0.196,0.256,0,0,1,2
0.57,0.196,0.259,0,0,1,2
0.57,0.196,0.262,0,0,1,2
0.57,0.196,0.265,0,0,1,2
0.57,0.196,0.268,0,0,1,2
0.57,0.196,0.271,0,0,1,2
0.57,0.196,0.274,0,0,1,2
0.57,0.196,0.277,0,0,1,2
0.57,0.196,0.28,0,0,1,2
0.57,0.196,0.283,0,0,1,2
0.57,0.196,0.286,0,0,1,2
0.57,0.196,0.289,0,0,1,2
0.57,0.196,0.292,0,0,1,2
0.57,0.196,0.295,0,0,1,2
0.57,0.196,0.298,0,0,1,2
0.57,0.196,0.301,0,0,1,2
0.57,0.196,0.304,0,0,1,2
0.57,0.196,0.307,0,0,1,2
0.57,0.196,0.31,0,0,1,2
0.57,0.196,0.313,0,0,1,2
0.57,0.196,0.316,0,0,1,2
0.57,0.196,0.319,0,0,1,2
0.57,0.196,0.322,0,0,1,2
0.57,0.196,0.325,0,0,1,2
0.57,0.196,0.328,0,0,1,2
0.57,0.196,0.331,0,0,1,2
0.57,0.196,0.334,0,0,1,2
0.57,0.196,0.337,0,0,1,2
0.57,0.196,0.34,0,0,1,2
0.57,0.196,0.343,0,0,1,2
0.57,0.196,0.346,0,0,1,2
0.57,0.196,0.349,0,0,1,2
0.57,0.196,0.352,0,0,1,2
0.57,0.196,0.355,0,0,1,2
0.57,0.196,0.358,0,0,1,2
0.57,0.196,0.361,0,0,1,2
0.57,0.196,0.364,0,0,1,2
0.57,0.196,0.367,0,0,1,2
0.57,0.196,0.37,0,0,1,2
0.57,0.196,0.373,0,0,1,2
0.57,0.196,0.376,0,0,1,2
0.57,0.196,0.379,0,0,1,2
0.57,0.196,0.382,0,0,1,2
0.57,0.196,0.385,0,0,1,2
0.57,0.196,0.388,0,0,1,2
0.57,0.196,0.391,0,0,1,2
0.57,0.196,0.394,0,0,1,2
0.57,0.196,0.397,0,0,1,2
0.57,0.196,0.4,0,0,1,2
0.57,0.196,0.403,0,0,1,2
0.57,0.196,0.406,0,0,1,2
0.57,0.196,0.409,0,0,1,2
0.57,0.196,0.412,0,0,1,2
0.57,0.196,0.415,0,0,1,2
0.57,0.196,0.418,0,0,1,2
0.57,0.196,0.420999,0,0,1,2
0.57,0.196,0.423999,0,0,1,2
0.57,0.196,0.426999,0,0,1,2
0.57,0.196,0.429999,0,0,1,2
0.57,0.196,0.432999,0,0,1,2
0.57,0.196,0.435999,0,0,1,2
0.57,0.196,0.438999,0,0,1,2
0.57,0.196,0.441999,0,0,1,2
0.57,0.196,0.444999,0,0,1,2
0.57,0.196,0.447999,0,0,1,2
0.57,0.196,0.450999,0,0,1,2
0.57,0.199,0.25,0,0,1,2
0.57,0.199,0.253,0,0,1,2
0.57,0.199,0.256,0,0,1,2
0.57,0.199,0.259,0,0,1,2
0.57,0.199,0.262,0,0,1,2
0.57,0.199,0.265,0,0,1,2
0.57,0.199,0.268,0,0,1,2
0.57,0.199,0.271,0,0,1,2
0.57,0.199,0.274,0,0,1,2
0.57,0.199,0.277,0,0,1,2
0.57,0.199,0.28,0,0,1,2
0.57,0.199,0.283,0,0,1,2
0.57,0.199,0.286,0,0,1,2
0.57,0.199,0.289,0,0,1,2
0.57,0.199,0.292,0,0,1,2
0.57,0.199,0.295,0,0,1,2
0.57,0.199,0.298,0,0,1,2
0.57,0.199,0.301,0,0,1,2
0.57,0.199,0.304,0,0,1,2
0.57,0.199,0.307,0,0,1,2
0.57,0.199,0.31,0,0,1,2
0.57,0.199,0.313,0,0,1,2
0.57,0.199,0.316,0,0,1,2
0.57,0.199,0.319,0,0,1,2
0.57,0.199,0.322,0,0,1,2
0.57,0.199,0.325,0,0,1,2
0.57,0.199,0.328,0,0,1,2
0.57,0.199,0.331,0,0,1,2
0.57,0.199,0.334,0,0,1,2
0.57,0.199,0.337,0,0,1,2
0.57,0.199,0.34,0,0,1,2
0.57,0.199,0.343,0,0,1,2
0.57,0.199,0.346,0,0,1,2
0.57,0.199,0.349,0,0,1,2
0.57,0.199,0.352,0,0,1,2
0.57,0.199,0.355,0,0,1,2
0.57,0.199,0.358,0,0,1,2
0.57,0.199,0.361,0,0,1,2
0.57,0.199,0.364,0,0,1,2
0.57,0.199,0.367,0,0,1,2
0.57,0.199,0.37,0,0,1,2
0.57,0.199,0.373,0,0,1,2
0.57,0.199,0.376,0,0,1,2
0.57,0.199,0.379,0,0,1,2
0.57,0.199,0.382,0,0,1,2
0.57,0.199,0.385,0,0,1,2
0.57,0.199,0.388,0,0,1,2
0.57,0.199,0.391,0,0,1,2
0.57,0.199,0.394,0,0,1,2
0.57,0.199,0.397,0,0,1,2
0.57,0.199,0.4,0,0,1,2
0.57,0.199,0.403,0,0,1,2
0.57,0.199,0.406,0,0,1,2
0.57,0.199,0.409,0,0,1,2
0.57,0.199,0.412,0,0,1,2
0.57,0.199,0.415,0,0,1,2
0.57,0.199,0.418,0,0,1,2
0.57,0.199,0.420999,0,0,1,2
0.57,0.199,0.423999,0,0,1,2
0.57,0.199,0.426999,0,0,1,2
0.57,0.199,0.429999,0,0,1,2
0.57,0.199,0.432999,0,0,1,2
0.57,0.199,0.435999,0,0,1,2
0.57,0.199,0.438999,0,0,1,2
0.57,0.199,0.441999,0,0,1,2
0.57,0.199,0.444999,0,0,1,2
0.57,0.199,0.447999,0,0,1,2
0.57,0.199,0.450999,0,0,1,2
0.57,0.202,0.25,0,0,1,2
0.57,0.202,0.253,0,0,1,2
0.57,0.202,0.256,0,0,1,2
0.57,0.202,0.259,0,0,1,2
0.57,0.202,0.262,0,0,1,2
0.57,0.202,0.265,0,0,1,2
0.57,0.202,0.268,0,0,1,2
0.57,0.202,0.271,0,0,1,2
0.57,0.202,0.274,0,0,1,2
0.57,0.202,0.277,0,0,1,2
0.57,0.202,0.28,0,0,1,2
0.57,0.202,0.283,0,0,1,2
0.57,0.202,0.286,0,0,1,2
0.57,0.202,0.289,0,0,1,2
0.57,0.202,0.292,0,0,1,2
0.57,0.202,0.295,0,0,1,2
0.57,0.202,0.298,0,0,1,2
0.57,0.202,0.301,0,0,1,2
0.57,0.202,0.304,0,0,1,2
0.57,0.202,0.307,0,0,1,2
0.57,0.202,0.31,0,0,1,2
0.57,0.202,0.313,0,0,1,2
0.57,0.202,0.316,0,0,1,2
0.57,0.202,0.319,0,0,1,2
0.57,0.202,0.322,0,0,1,2
0.57,0.202,0.325,0,0,1,2
0.57,0.202,0.328,0,0,1,2
0.57,0.202,0.331,0,0,1,2
0.57,0.202,0.334,0,0,1,2
0.57,0.202,0.337,0,0,1,2
0.57,0.202,0.34,0,0,1,2
0.57,0.202,0.343,0,0,1,2
0.57,0.202,0.346,0,0,1,2
0.57,0.202,0.349,0,0,1,2
0.57,0.202,0.352,0,0,1,2
0.57,0.202,0.355,0,0,1,2
0.57,0.202,0.358,0,0,1,2
0.57,0.202,0.361,0,0,1,2
0.57,0.202,0.364,0,0,1,2
0.57,0.202,0.367,0,0,1,2
0.57,0.202,0.37,0,0,1,2
0.57,0.202,0.373,0,0,1,2
0.57,0.202,0.376,0,0,1,2
0.57,0.202,0.379,0,0,1,2
0.57,0.202,0.382,0,0,1,2
0.57,0.202,0.385,0,0,1,2
0.57,0.202,0.388,0,0,1,2
0.57,0.202,0.391,0,0,1,2
0.57,0.202,0.394,0,0,1,2
0.57,0.202,0.397,0,0,1,2
0.57,0.202,0.4,0,0,1,2
0.57,0.202,0.403,0,0,1,2
0.57,0.202,0.406,0,0,1,2
0.57,0.202,0.409,0,0,1,2
0.57,0.202,0.412,0,0,1,2
0.57,0.202,0.415,0,0,1,2
0.57,0.202,0.418,0,0,1,2
0.57,0.202,0.420999,0,0,1,2
0.57,0.202,0.423999,0,0,1,2
0.57,0.202,0.426999,0,0,1,2
0.57,0.202,0.429999,0,0,1,2
0.57,0.202,0.432999,0,0,1,2
0.57,0.202,0.435999,0,0,1,2
0.57,0.202,0.438999,0,0,1,2
0.57,0.202,0.441999,0,0,1,2
0.57,0.202,0.444999,0,0,1,2
0.57,0.202,0.447999,0,0,1,2
0.57,0.202,0.450999,0,0,1,2
0.57,0.205,0.25,0,0,1,2
0.57,0.205,0.253,0,0,1,2
0.57,0.205,0.256,0,0,1,2
0.57,0.205,0.259,0,0,1,2
0.57,0.205,0.262,0,0,1,2
0.57,0.205,0.265,0,0,1,2
0.57,0.205,0.268,0,0,1,2
0.57,0.205,0.271,0,0,1,2
0.57,0.205,0.274,0,0,1,2
0.57,0.205,0.277,0,0,1,2
0.57,0.205,0.28,0,0,1,2
0.57,0.205,0.283,0,0,1,2
0.57,0.205,0.286,0,0,1,2
0.57,0.205,0.289,0,0,1,2
0.57,0.205,0.292,0,0,1,2
0.57,0.205,0.295,0,0,1,2
0.57,0.205,0.298,0,0,1,2
0.57,0.205,0.301,0,0,1,2
0.57,0.205,0.304,0,0,1,2
0.57,0.205,0.307,0,0,1,2
0.57,0.205,0.31,0,0,1,2
0.57,0.205,0.313,0,0,1,2
0.57,0.205,0.316,0,0,1,2
0.57,0.205,0.319,0,0,1,2
0.57,0.205,0.322,0,0,1,2
0.57,0.205,0.325,0,0,1,2
0.57,0.205,0.328,0,0,1,2
0.57,0.205,0.331,0,0,1,2
0.57,0.205,0.334,0,0,1,2
0.57,0.205,0.337,0,0,1,2
0.57,0.205,0.34,0,0,1,2
0.57,0.205,0.343,0,0,1,2
0.57,0.205,0.346,0,0,1,2
0.57,0.205,0.349,0,0,1,2
0.57,0.205,0.352,0,0,1,2
0.57,0.205,0.355,0,0,1,2
0.57,0.205,0.358,0,0,1,2
0.57,0.205,0.361,0,0,1,2
0.57,0.205,0.364,0,0,1,2
0.57,0.205,0.367,0,0,1,2
0.57,0.205,0.37,0,0,1,2
0.57,0.205,0.373,0,0,1,2
0.57,0.205,0.376,0,0,1,2
0.57,0.205,0.379,0,0,1,2
0.57,0.205,0.382,0,0,1,2
0.57,0.205,0.385,0,0,1,2
0.57,0.205,0.388,0,0,1,2
0.57,0.205,0.391,0,0,1,2
0.57,0.205,0.394,0,0,1,2
0.57,0.205,0.397,0,0,1,2
0.57,0.205,0.4,0,0,1,2
0.57,0.205,0.403,0,0,1,2
0.57,0.205,0.406,0,0,1,2
0.57,0.205,0.409,0,0,1,2
0.57,0.205,0.412,0,0,1,2
0.57,0.205,0.415,0,0,1,2
0.57,0.205,0.418,0,0,1,2
0.57,0.205,0.420999,0,0,1,2
0.57,0.205,0.423999,0,0,1,2
0.57,0.205,0.426999,0,0,1,2
0.57,0.205,0.429999,0,0,1,2
0.57,0.205,0.432999,0,0,1,2
0.57,0.205,0.435999,0,0,1,2
0.57,0.205,0.438999,0,0,1,2
0.57,0.205,0.441999,0,0,1,2
0.57,0.205,0.444999,0,0,1,2
0.57,0.205,0.447999,0,0,1,2
0.57,0.205,0.450999,0,0,1,2
0.57,0.208,0.25,0,0,1,2
0.57,0.208,0.253,0,0,1,2
0.57,0.208,0.256,0,0,1,2
0.57,0.208,0.259,0,0,1,2
0.57,0.208,0.262,0,0,1,2
0.57,0.208,0.265,0,0,1,2
0.57,0.208,0.268,0,0,1,2
0.57,0.208,0.271,0,0,1,2
0.57,0.208,0.274,0,0,1,2
0.57,0.208,0.277,0,0,1,2
0.57,0.208,0.28,0,0,1,2
0.57,0.208,0.283,0,0,1,2
0.57,0.208,0.286,0,0,1,2
0.57,0.208,0.289,0,0,1,2
0.57,0.208,0.292,0,0,1,2
0.57,0.208,0.295,0,0,1,2
0.57,0.208,0.298,0,0,1,2
0.57,0.208,0.301,0,0,1,2
0.57,0.208,0.304,0,0,1,2
0.57,0.208,0.307,0,0,1,2
0.57,0.208,0.31,0,0,1,2
0.57,0.208,0.313,0,0,1,2
0.57,0.208,0.316,0,0,1,2
0.57,0.208,0.319,0,0,1,2
0.57,0.208,0.322,0,0,1,2
0.57,0.208,0.325,0,0,1,2
0.57,0.208,0.328,0,0,1,2
0.57,0.208,0.331,0,0,1,2
0.57,0.208,0.334,0,0,1,2
0.57,0.208,0.337,0,0,1,2
0.57,0.208,0.34,0,0,1,2
0.57,0.208,0.343,0,0,1,2
0.57,0.208,0.346,0,0,1,2
0.57,0.208,0.349,0,0,1,2
0.57,0.208,0.352,0,0,1,2
0.57,0.208,0.355,0,0,1,2
0.57,0.208,0.358,0,0,1,2
0.57,0.208,0.361,0,0,1,2
0.57,0.208,0.364,0,0,1,2
0.57,0.208,0.367,0,0,1,2
0.57,0.208,0.37,0,0,1,2
0.57,0.208,0.373,0,0,1,2
0.57,0.208,0.376,0,0,1,2
0.57,0.208,0.379,0,0,1,2
0.57,0.208,0.382,0,0,1,2
0.57,0.208,0.385,0,0,1,2
0.57,0.208,0.388,0,0,1,2
0.57,0.208,0.391,0,0,1,2
0.57,0.208,0.394,0,0,1,2
0.57,0.208,0.397,0,0,1,2
0.57,0.208,0.4,0,0,1,2
0.57,0.208,0.403,0,0,1,2
0.57,0.208,0.406,0,0,1,2
0.57,0.208,0.409,0,0,1,2
0.57,0.208,0.412,0,0,1,2
0.57,0.208,0.415,0,0,1,2
0.57,0.208,0.418,0,0,1,2
0.57,0.208,0.420999,0,0,1,2
0.57,0.208,0.423999,0,0,1,2
0.57,0.208,0.426999,0,0,1,2
0.57,0.208,0.429999,0,0,1,2
0.57,0.208,0.432999,0,0,1,2
0.57,0.208,0.435999,0,0,1,2
0.57,0.208,0.438999,0,0,1,2
0.57,0.208,0.441999,0,0,1,2
0.57,0.208,0.444999,0,0,1,2
0.57,0.208,0.447999,0,0,1,2
0.57,0.208,0.450999,0,0,1,2
0.57,0.211,0.25,0,0,1,2
0.57,0.211,0.253,0,0,1,2
0.57,0.211,0.256,0,0,1,2
0.57,0.211,0.259,0,0,1,2
0.57,0.211,0.262,0,0,1,2
0.57,0.211,0.265,0,0,1,2
0.57,0.211,0.268,0,0,1,2
0.57,0.211,0.271,0,0,1,2
0.57,0.211,0.274,0,0,1,2
0.57,0.211,0.277,0,0,1,2
0.57,0.211,0.28,0,0,1,2
0.57,0.211,0.283,0,0,1,2
0.57,0.211,0.286,0,0,1,2
0.57,0.211,0.289,0,0,1,2
0.57,0.211,0.292,0,0,1,2
0.57,0.211,0.295,0,0,1,2
0.57,0.211,0.298,0,0,1,2
0.57,0.211,0.301,0,0,1,2
0.57,0.211,0.304,0,0,1,2
0.57,0.211,0.307,0,0,1,2
0.57,0.211,0.31,0,0,1,2
0.57,0.211,0.313,0,0,1,2
0.57,0.211,0.316,0,0,1,2
0.57,0.211,0.319,0,0,1,2
0.57,0.211,0.322,0,0,1,2
0.57,0.211,0.325,0,0,1,2
0.57,0.211,0.328,0,0,1,2
0.57,0.211,0.331,0,0,1,2
0.57,0.211,0.334,0,0,1,2
0.57,0.211,0.337,0,0,1,2
0.57,0.211,0.34,0,0,1,2
0.57,0.211,0.343,0,0,1,2
0.57,0.211,0.346,0,0,1,2
0.57,0.211,0.349,0,0,1,2
0.57,0.211,0.352,0,0,1,2
0.57,0.211,0.355,0,0,1,2
0.57,0.211,0.358,0,0,1,2
0.57,0.211,0.361,0,0,1,2
0.57,0.211,0.364,0,0,1,2
0.57,0.211,0.367,0,0,1,2
0.57,0.211,0.37,0,0,1,2
0.57,0.211,0.373,0,0,1,2
0.57,0.211,0.376,0,0,1,2
0.57,0.211,0.379,0,0,1,2
0.57,0.211,0.382,0,0,1,2
0.57,0.211,0.385,0,0,1,2
0.57,0.211,0.388,0,0,1,2
0.57,0.211,0.391,0,0,1,2
0.57,0.211,0.394,0,0,1,2
0.57,0.211,0.397,0,0,1,2
0.57,0.211,0.4,0,0,1,2
0.57,0.211,0.403,0,0,1,2
0.57,0.211,0.406,0,0,1,2
0.57,0.211,0.409,0,0,1,2
0.57,0.211,0.412,0,0,1,2
0.57,0.211,0.415,0,0,1,2
0.57,0.211,0.418,0,0,1,2
0.57,0.211,0.420999,0,0,1,2
0.57,0.211,0.423999,0,0,1,2
0.57,0.211,0.426999,0,0,1,2
0.57,0.211,0.429999,0,0,1,2
0.57,0.211,0.432999,0,0,1,2
0.57,0.211,0.435999,0,0,1,2
0.57,0.211,0.438999,0,0,1,2
0.57,0.211,0.441999,0,0,1,2
0.57,0.211,0.444999,0,0,1,2
0.57,0.211,0.447999,0,0,1,2
0.57,0.211,0.450999,0,0,1,2
0.57,0.214,0.25,0,0,1,2
0.57,0.214,0.253,0,0,1,2
0.57,0.214,0.256,0,0,1,2
0.57,0.214,0.259,0,0,1,2
0.57,0.214,0.262,0,0,1,2
0.57,0.214,0.265,0,0,1,2
0.57,0.214,0.268,0,0,1,2
0.57,0.214,0.271,0,0,1,2
0.57,0.214,0.274,0,0,1,2
0.57,0.214,0.277,0,0,1,2
0.57,0.214,0.28,0,0,1,2
0.57,0.214,0.283,0,0,1,2
0.57,0.214,0.286,0,0,1,2
0.57,0.214,0.289,0,0,1,2
0.57,0.214,0.292,0,0,1,2
0.57,0.214,0.295,0,0,1,2
0.57,0.214,0.298,0,0,1,2
0.57,0.214,0.301,0,0,1,2
0.57,0.214,0.304,0,0,1,2
0.57,0.214,0.307,0,0,1,2
0.57,0.214,0.31,0,0,1,2
0.57,0.214,0.313,0,0,1,2
0.57,0.214,0.316,0,0,1,2
0.57,0.214,0.319,0,0,1,2
0.57,0.214,0.322,0,0,1,2
0.57,0.214,0.325,0,0,1,2
0.57,0.214,0.328,0,0,1,2
0.57,0.214,0.331,0,0,1,2
0.57,0.214,0.334,0,0,1,2
0.57,0.214,0.337,0,0,1,2
0.57,0.214,0.34,0,0,1,2
0.57,0.214,0.343,0,0,1,2
0.57,0.214,0.346,0,0,1,2
0.57,0.214,0.349,0,0,1,2
0.57,0.214,0.352,0,0,1,2
0.57,0.214,0.355,0,0,1,2
0.57,0.214,0.358,0,0,1,2
0.57,0.214,0.361,0,0,1,2
0.57,0.214,0.364,0,0,1,2
0.57,0.214,0.367,0,0,1,2
0.57,0.214,0.37,0,0,1,2
0.57,0.214,0.373,0,0,1,2
0.57,0.214,0.376,0,0,1,2
0.57,0.214,0.379,0,0,1,2
0.57,0.214,0.382,0,0,1,2
0.57,0.214,0.385,0,0,1,2
0.57,0.214,0.388,0,0,1,2
0.57,0.214,0.391,0,0,1,2
0.57,0.214,0.394,0,0,1,2
0.57,0.214,0.397,0,0,1,2
0.57,0.214,0.4,0,0,1,2
0.57,0.214,0.403,0,0,1,2
0.57,0.214,0.406,0,0,1,2
0.57,0.214,0.409,0,0,1,2
0.57,0.214,0.412,0,0,1,2
0.57,0.214,0.415,0,0,1,2
0.57,0.214,0.418,0,0,1,2
0.57,0.214,0.420999,0,0,1,2
0.57,0.214,0.423999,0,0,1,2
0.57,0.214,0.426999,0,0,1,2
0.57,0.214,0.429999,0,0,1,2
0.57,0.214,0.432999,0,0,1,2
0.57,0.214,0.435999,0,0,1,2
0.57,0.214,0.438999,0,0,1,2
0.57,0.214,0.441999,0,0,1,2
0.57,0.214,0.444999,0,0,1,2
0.57,0.214,0.447999,0,0,1,2
0.57,0.214,0.450999,0,0,1,2
0.57,0.217,0.25,0,0,1,2
0.57,0.217,0.253,0,0,1,2
0.57,0.217,0.256,0,0,1,2
0.57,0.217,0.259,0,0,1,2
0.57,0.217,0.262,0,0,1,2
0.57,0.217,0.265,0,0,1,2
0.57,0.217,0.268,0,0,1,2
0.57,0.217,0.271,0,0,1,2
0.57,0.217,0.274,0,0,1,2
0.57,0.217,0.277,0,0,1,2
0.57,0.217,0.28,0,0,1,2
0.57,0.217,0.283,0,0,1,2
0.57,0.217,0.286,0,0,1,2
0.57,0.217,0.289,0,0,1,2
0.57,0.217,0.292,0,0,1,2
0.57,0.217,0.295,0,0,1,2
0.57,0.217,0.298,0,0,1,2
0.57,0.217,0.301,0,0,1,2
0.57,0.217,0.304,0,0,1,2
0.57,0.217,0.307,0,0,1,2
0.57,0.217,0.31,0,0,1,2
0.57,0.217,0.313,0,0,1,2
0.57,0.217,0.316,0,0,1,2
0.57,0.217,0.319,0,0,1,2
0.57,0.217,0.322,0,0,1,2
0.57,0.217,0.325,0,0,1,2
0.57,0.217,0.328,0,0,1,2
0.57,0.217,0.331,0,0,1,2
0.57,0.217,0.334,0,0,1,2
0.57,0.217,0.337,0,0,1,2
0.57,0.217,0.34,0,0,1,2
0.57,0.217,0.343,0,0,1,2
0.57,0.217,0.346,0,0,1,2
0.57,0.217,0.349,0,0,1,2
0.57,0.217,0.352,0,0,1,2
0.57,0.217,0.355,0,0,1,2
0.57,0.217,0.358,0,0,1,2
0.57,0.217,0.361,0,0,1,2
0.57,0.217,0.364,0,0,1,2
0.57,0.217,0.367,0,0,1,2
0.57,0.217,0.37,0,0,1,2
0.57,0.217,0.373,0,0,1,2
0.57,0.217,0.376,0,0,1,2
0.57,0.217,0.379,0,0,1,2
0.57,0.217,0.382,0,0,1,2
0.57,0.217,0.385,0,0,1,2
0.57,0.217,0.388,0,0,1,2
0.57,0.217,0.391,0,0,1,2
0.57,0.217,0.394,0,0,1,2
0.57,0.217,0.397,0,0,1,2
0.57,0.217,0.4,0,0,1,2
0.57,0.217,0.403,0,0,1,2
0.57,0.217,0.406,0,0,1,2
0.57,0.217,0.409,0,0,1,2
0.57,0.217,0.412,0,0,1,2
0.57,0.217,0.415,0,0,1,2
0.57,0.217,0.418,0,0,1,2
0.57,0.217,0.420999,0,0,1,2
0.57,0.217,0.423999,0,0,1,2
0.57,0.217,0.426999,0,0,1,2
0.57,0.217,0.429999,0,0,1,2
0.57,0.217,0.432999,0,0,1,2
0.57,0.217,0.435999,0,0,1,2
0.57,0.217,0.438999,0,0,1,2
0.57,0.217,0.441999,0,0,1,2
0.57,0.217,0.444999,0,0,1,2
0.57,0.217,0.447999,0,0,1,2
0.57,0.217,0.450999,0,0,1,2
0.57,0.22,0.25,0,0,1,2
0.57,0.22,0.253,0,0,1,2
0.57,0.22,0.256,0,0,1,2
0.57,0.22,0.259,0,0,1,2
0.57,0.22,0.262,0,0,1,2
0.57,0.22,0.265,0,0,1,2
0.57,0.22,0.268,0,0,1,2
0.57,0.22,0.271,0,0,1,2
0.57,0.22,0.274,0,0,1,2
0.57,0.22,0.277,0,0,1,2
0.57,0.22,0.28,0,0,1,2
0.57,0.22,0.283,0,0,1,2
0.57,0.22,0.286,0,0,1,2
0.57,0.22,0.289,0,0,1,2
0.57,0.22,0.292,0,0,1,2
0.57,0.22,0.295,0,0,1,2
0.57,0.22,0.298,0,0,1,2
0.57,0.22,0.301,0,0,1,2
0.57,0.22,0.304,0,0,1,2
0.57,0.22,0.307,0,0,1,2
0.57,0.22,0.31,0,0,1,2
0.57,0.22,0.313,0,0,1,2
0.57,0.22,0.316,0,0,1,2
0.57,0.22,0.319,0,0,1,2
0.57,0.22,0.322,0,0,1,2
0.57,0.22,0.325,0,0,1,2
0.57,0.22,0.328,0,0,1,2
0.57,0.22,0.331,0,0,1,2
0.57,0.22,0.334,0,0,1,2
0.57,0.22,0.337,0,0,1,2
0.57,0.22,0.34,0,0,1,2
0.57,0.22,0.343,0,0,1,2
0.57,0.22,0.346,0,0,1,2
0.57,0.22,0.349,0,0,1,2
0.57,0.22,0.352,0,0,1,2
0.57,0.22,0.355,0,0,1,2
0.57,0.22,0.358,0,0,1,2
0.57,0.22,0.361,0,0,1,2
0.57,0.22,0.364,0,0,1,2
0.57,0.22,0.367,0,0,1,2
0.57,0.22,0.37,0,0,1,2
0.57,0.22,0.373,0,0,1,2
0.57,0.22,0.376,0,0,1,2
0.57,0.22,0.379,0,0,1,2
0.57,0.22,0.382,0,0,1,2
0.57,0.22,0.385,0,0,1,2
0.57,0.22,0.388,0,0,1,2
0.57,0.22,0.391,0,0,1,2
0.57,0.22,0.394,0,0,1,2
0.57,0.22,0.397,0,0,1,2
0.57,0.22,0.4,0,0,1,2
0.57,0.22,0.403,0,0,1,2
0.57,0.22,0.406,0,0,1,2
0.57,0.22,0.409,0,0,1,2
0.57,0.22,0.412,0,0,1,2
0.57,0.22,0.415,0,0,1,2
0.57,0.22,0.418,0,0,1,2
0.57,0.22,0.420999,0,0,1,2
0.57,0.22,0.423999,0,0,1,2
0.57,0.22,0.426999,0,0,1,2
0.57,0.22,0.429999,0,0,1,2
0.57,0.22,0.432999,0,0,1,2
0.57,0.22,0.435999,0,0,1,2
0.57,0.22,0.438999,0,0,1,2
0.57,0.22,0.441999,0,0,1,2
0.57,0.22,0.444999,0,0,1,2
0.57,0.22,0.447999,0,0,1,2
0.57,0.22,0.450999,0,0,1,2
0.57,0.223,0.25,0,0,1,2
0.57,0.223,0.253,0,0,1,2
0.57,0.223,0.256,0,0,1,2
0.57,0.223,0.259,0,0,1,2
0.57,0.223,0.262,0,0,1,2
0.57,0.223,0.265,0,0,1,2
0.57,0.223,0.268,0,0,1,2
0.57,0.223,0.271,0,0,1,2
0.57,0.223,0.274,0,0,1,2
0.57,0.223,0.277,0,0,1,2
0.57,0.223,0.28,0,0,1,2
0.57,0.223,0.283,0,0,1,2
0.57,0.223,0.286,0,0,1,2
0.57,0.223,0.289,0,0,1,2
0.57,0.223,0.292,0,0,1,2
0.57,0.223,0.295,0,0,1,2
0.57,0.223,0.298,0,0,1,2
0.57,0.223,0.301,0,0,1,2
0.57,0.223,0.304,0,0,1,2
0.57,0.223,0.307,0,0,1,2
0.57,0.223,0.31,0,0,1,2
0.57,0.223,0.313,0,0,1,2
0.57,0.223,0.316,0,0,1,2
0.57,0.223,0.319,0,0,1,2
0.57,0.223,0.322,0,0,1,2
0.57,0.223,0.325,0,0,1,2
0.57,0.223,0.328,0,0,1,2
0.57,0.223,0.331,0,0,1,2
0.57,0.223,0.334,0,0,1,2
0.57,0.223,0.337,0,0,1,2
0.57,0.223,0.34,0,0,1,2
0.57,0.223,0.343,0,0,1,2
0.57,0.223,0.346,0,0,1,2
0.57,0.223,0.349,0,0,1,2
0.57,0.223,0.352,0,0,1,2
0.57,0.223,0.355,0,0,1,2
0.57,0.223,0.358,0,0,1,2
0.57,0.223,0.361,0,0,1,2
0.57,0.223,0.364,0,0,1,2
0.57,0.223,0.367,0,0,1,2
0.57,0.223,0.37,0,0,1,2
0.57,0.223,0.373,0,0,1,2
0.57,0.223,0.376,0,0,1,2
0.57,0.223,0.379,0,0,1,2
0.57,0.223,0.382,0,0,1,2
0.57,0.223,0.385,0,0,1,2
0.57,0.223,0.388,0,0,1,2
0.57,0.223,0.391,0,0,1,2
0.57,0.223,0.394,0,0,1,2
0.57,0.223,0.397,0,0,1,2
0.57,0.223,0.4,0,0,1,2
0.57,0.223,0.403,0,0,1,2
0.57,0.223,0.406,0,0,1,2
0.57,0.223,0.409,0,0,1,2
0.57,0.223,0.412,0,0,1,2
0.57,0.223,0.415,0,0,1,2
0.57,0.223,0.418,0,0,1,2
0.57,0.223,0.420999,0,0,1,2
0.57,0.223,0.423999,0,0,1,2
0.57,0.223,0.426999,0,0,1,2
0.57,0.223,0.429999,0,0,1,2
0.57,0.223,0.432999,0,0,1,2
0.57,0.223,0.435999,0,0,1,2
0.57,0.223,0.438999,0,0,1,2
0.57,0.223,0.441999,0,0,1,2
0.57,0.223,0.444999,0,0,1,2
0.57,0.223,0.447999,0,0,1,2
0.57,0.223,0.450999,0,0,1,2
0.57,0.226,0.25,0,0,1,2
0.57,0.226,0.253,0,0,1,2
0.57,0.226,0.256,0,0,1,2
0.57,0.226,0.259,0,0,1,2
0.57,0.226,0.262,0,0,1,2
0.57,0.226,0.265,0,0,1,2
0.57,0.226,0.268,0,0,1,2
0.57,0.226,0.271,0,0,1,2
0.57,0.226,0.274,0,0,1,2
0.57,0.226,0.277,0,0,1,2
0.57,0.226,0.28,0,0,1,2
0.57,0.226,0.283,0,0,1,2
0.57,0.226,0.286,0,0,1,2
0.57,0.226,0.289,0,0,1,2
0.57,0.226,0.292,0,0,1,2
0.57,0.226,0.295,0,0,1,2
0.57,0.226,0.298,0,0,1,2
0.57,0.226,0.301,0,0,1,2
0.57,0.226,0.304,0,0,1,2
0.57,0.226,0.307,0,0,1,2
0.57,0.226,0.31,0,0,1,2
0.57,0.226,0.313,0,0,1,2
0.57,0.226,0.316,0,0,1,2
0.57,0.226,0.319,0,0,1,2
0.57,0.226,0.322,0,0,1,2
0.57,0.226,0.325,0,0,1,2
0.57,0.226,0.328,0,0,1,2
0.57,0.226,0.331,0,0,1,2
0.57,0.226,0.334,0,0,1,2
0.57,0.226,0.337,0,0,1,2
0.57,0.226,0.34,0,0,1,2
0.57,0.226,0.343,0,0,1,2
0.57,0.226,0.346,0,0,1,2
0.57,0.226,0.349,0,0,1,2
0.57,0.226,0.352,0,0,1,2
0.57,0.226,0.355,0,0,1,2
0.57,0.226,0.358,0,0,1,2
0.57,0.226,0.361,0,0,1,2
0.57,0.226,0.364,0,0,1,2
0.57,0.226,0.367,0,0,1,2
0.57,0.226,0.37,0,0,1,2
0.57,0.226,0.373,0,0,1,2
0.57,0.226,0.376,0,0,1,2
0.57,0.226,0.379,0,0,1,2
0.57,0.226,0.382,0,0,1,2
0.57,0.226,0.385,0,0,1,2
0.57,0.226,0.388,0,0,1,2
0.57,0.226,0.391,0,0,1,2
0.57,0.226,0.394,0,0,1,2
0.57,0.226,0.397,0,0,1,2
0.57,0.226,0.4,0,0,1,2
0.57,0.226,0.403,0,0,1,2
0.57,0.226,0.406,0,0,1,2
0.57,0.226,0.409,0,0,1,2
0.57,0.226,0.412,0,0,1,2
0.57,0.226,0.415,0,0,1,2
0.57,0.226,0.418,0,0,1,2
0.57,0.226,0.420999,0,0,1,2
0.57,0.226,0.423999,0,0,1,2
0.57,0.226,0.426999,0,0,1,2
0.57,0.226,0.429999,0,0,1,2
0.57,0.226,0.432999,0,0,1,2
0.57,0.226,0.435999,0,0,1,2
0.57,0.226,0.438999,0,0,1,2
0.57,0.226,0.441999,0,0,1,2
0.57,0.226,0.444999,0,0,1,2
0.57,0.226,0.447999,0,0,1,2
0.57,0.226,0.450999,0,0,1,2
0.57,0.229,0.25,0,0,1,2
0.57,0.229,0.253,0,0,1,2
0.57,0.229,0.256,0,0,1,2
0.57,0.229,0.259,0,0,1,2
0.57,0.229,0.262,0,0,1,2
0.57,0.229,0.265,0,0,1,2
0.57,0.229,0.268,0,0,1,2
0.57,0.229,0.271,0,0,1,2
0.57,0.229,0.274,0,0,1,2
0.57,0.229,0.277,0,0,1,2
0.57,0.229,0.28,0,0,1,2
0.57,0.229,0.283,0,0,1,2
0.57,0.229,0.286,0,0,1,2
0.57,0.229,0.289,0,0,1,2
0.57,0.229,0.292,0,0,1,2
0.57,0.229,0.295,0,0,1,2
0.57,0.229,0.298,0,0,1,2
0.57,0.229,0.301,0,0,1,2
0.57,0.229,0.304,0,0,1,2
0.57,0.229,0.307,0,0,1,2
0.57,0.229,0.31,0,0,1,2
0.57,0.229,0.313,0,0,1,2
0.57,0.229,0.316,0,0,1,2
0.57,0.229,0.319,0,0,1,2
0.57,0.229,0.322,0,0,1,2
0.57,0.229,0.325,0,0,1,2
0.57,0.229,0.328,0,0,1,2
0.57,0.229,0.331,0,0,1,2
0.57,0.229,0.334,0,0,1,2
0.57,0.229,0.337,0,0,1,2
0.57,0.229,0.34,0,0,1,2
0.57,0.229,0.343,0,0,1,2
0.57,0.229,0.346,0,0,1,2
0.57,0.229,0.349,0,0,1,2
0.57,0.229,0.352,0,0,1,2
0.57,0.229,0.355,0,0,1,2
0.57,0.229,0.358,0,0,1,2
0.57,0.229,0.361,0,0,1,2
0.57,0.229,0.364,0,0,1,2
0.57,0.229,0.367,0,0,1,2
0.57,0.229,0.37,0,0,1,2
0.57,0.229,0.373,0,0,1,2
0.57,0.229,0.376,0,0,1,2
0.57,0.229,0.379,0,0,1,2
0.57,0.229,0.382,0,0,1,2
0.57,0.229,0.385,0,0,1,2
0.57,0.229,0.388,0,0,1,2
0.57,0.229,0.391,0,0,1,2
0.57,0.229,0.394,0,0,1,2
0.57,0.229,0.397,0,0,1,2
0.57,0.229,0.4,0,0,1,2
0.57,0.229,0.403,0,0,1,2
0.57,0.229,0.406,0,0,1,2
0.57,0.229,0.409,0,0,1,2
0.57,0.229,0.412,0,0,1,2
0.57,0.229,0.415,0,0,1,2
0.57,0.229,0.418,0,0,1,2
0.57,0.229,0.420999,0,0,1,2
0.57,0.229,0.423999,0,0,1,2
0.57,0.229,0.426999,0,0,1,2
0.57,0.229,0.429999,0,0,1,2
0.57,0.229,0.432999,0,0,1,2
0.57,0.229,0.435999,0,0,1,2
0.57,0.229,0.438999,0,0,1,2
0.57,0.229,0.441999,0,0,1,2
0.57,0.229,0.444999,0,0,1,2
0.57,0.229,0.447999,0,0,1,2
0.57,0.229,0.450999,0,0,1,2
0.57,0.232,0.25,0,0,1,2
0.57,0.232,0.253,0,0,1,2
0.57,0.232,0.256,0,0,1,2
0.57,0.232,0.259,0,0,1,2
0.57,0.232,0.262,0,0,1,2
0.57,0.232,0.265,0,0,1,2
0.57,0.232,0.268,0,0,1,2
0.57,0.232,0.271,0,0,1,2
0.57,0.232,0.274,0,0,1,2
0.57,0.232,0.277,0,0,1,2
0.57,0.232,0.28,0,0,1,2
0.57,0.232,0.283,0,0,1,2
0.57,0.232,0.286,0,0,1,2
0.57,0.232,0.289,0,0,1,2
0.57,0.232,0.292,0,0,1,2
0.57,0.232,0.295,0,0,1,2
0.57,0.232,0.298,0,0,1,2
0.57,0.232,0.301,0,0,1,2
0.57,0.232,0.304,0,0,1,2
0.57,0.232,0.307,0,0,1,2
0.57,0.232,0.31,0,0,1,2
0.57,0.232,0.313,0,0,1,2
0.57,0.232,0.316,0,0,1,2
0.57,0.232,0.319,0,0,1,2
0.57,0.232,0.322,0,0,1,2
0.57,0.232,0.325,0,0,1,2
0.57,0.232,0.328,0,0,1,2
0.57,0.232,0.331,0,0,1,2
0.57,0.232,0.334,0,0,1,2
0.57,0.232,0.337,0,0,1,2
0.57,0.232,0.34,0,0,1,2
0.57,0.232,0.343,0,0,1,2
0.57,0.232,0.346,0,0,1,2
0.57,0.232,0.349,0,0,1,2
0.57,0.232,0.352,0,0,1,2
0.57,0.232,0.355,0,0,1,2
0.57,0.232,0.358,0,0,1,2
0.57,0.232,0.361,0,0,1,2
0.57,0.232,0.364,0,0,1,2
0.57,0.232,0.367,0,0,1,2
0.57,0.232,0.37,0,0,1,2
0.57,0.232,0.373,0,0,1,2
0.57,0.232,0.376,0,0,1,2
0.57,0.232,0.379,0,0,1,2
0.57,0.232,0.382,0,0,1,2
0.57,0.232,0.385,0,0,1,2
0.57,0.232,0.388,0,0,1,2
0.57,0.232,0.391,0,0,1,2
0.57,0.232,0.394,0,0,1,2
0.57,0.232,0.397,0,0,1,2
0.57,0.232,0.4,0,0,1,2
0.57,0.232,0.403,0,0,1,2
0.57,0.232,0.406,0,0,1,2
0.57,0.232,0.409,0,0,1,2
0.57,0.232,0.412,0,0,1,2
0.57,0.232,0.415,0,0,1,2
0.57,0.232,0.418,0,0,1,2
0.57,0.232,0.420999,0,0,1,2
0.57,0.232,0.423999,0,0,1,2
0.57,0.232,0.426999,0,0,1,2
0.57,0.232,0.429999,0,0,1,2
0.57,0.232,0.432999,0,0,1,2
0.57,0.232,0.435999,0,0,1,2
0.57,0.232,0.438999,0,0,1,2
0.57,0.232,0.441999,0,0,1,2
0.57,0.232,0.444999,0,0,1,2
0.57,0.232,0.447999,0,0,1,2
0.57,0.232,0.450999,0,0,1,2
0.57,0.235,0.25,0,0,1,2
0.57,0.235,0.253,0,0,1,2
0.57,0.235,0.256,0,0,1,2
0.57,0.235,0.259,0,0,1,2
0.57,0.235,0.262,0,0,1,2
0.57,0.235,0.265,0,0,1,2
0.57,0.235,0.268,0,0,1,2
0.57,0.235,0.271,0,0,1,2
0.57,0.235,0.274,0,0,1,2
0.57,0.235,0.277,0,0,1,2
0.57,0.235,0.28,0,0,1,2
0.57,0.235,0.283,0,0,1,2
0.57,0.235,0.286,0,0,1,2
0.57,0.235,0.289,0,0,1,2
0.57,0.235,0.292,0,0,1,2
0.57,0.235,0.295,0,0,1,2
0.57,0.235,0.298,0,0,1,2
0.57,0.235,0.301,0,0,1,2
0.57,0.235,0.304,0,0,1,2
0.57,0.235,0.307,0,0,1,2
0.57,0.235,0.31,0,0,1,2
0.57,0.235,0.313,0,0,1,2
0.57,0.235,0.316,0,0,1,2
0.57,0.235,0.319,0,0,1,2
0.57,0.235,0.322,0,0,1,2
0.57,0.235,0.325,0,0,1,2
0.57,0.235,0.328,0,0,1,2
0.57,0.235,0.331,0,0,1,2
0.57,0.235,0.334,0,0,1,2
0.57,0.235,0.337,0,0,1,2
0.57,0.235,0.34,0,0,1,2
0.57,0.235,0.343,0,0,1,2
0.57,0.235,0.346,0,0,1,2
0.57,0.235,0.349,0,0,1,2
0.57,0.235,0.352,0,0,1,2
0.57,0.235,0.355,0,0,1,2
0.57,0.235,0.358,0,0,1,2
0.57,0.235,0.361,0,0,1,2
0.57,0.235,0.364,0,0,1,2
0.57,0.235,0.367,0,0,1,2
0.57,0.235,0.37,0,0,1,2
0.57,0.235,0.373,0,0,1,2
0.57,0.235,0.376,0,0,1,2
0.57,0.235,0.379,0,0,1,2
0.57,0.235,0.382,0,0,1,2
0.57,0.235,0.385,0,0,1,2
0.57,0.235,0.388,0,0,1,2
0.57,0.235,0.391,0,0,1,2
0.57,0.235,0.394,0,0,1,2
0.57,0.235,0.397,0,0,1,2
0.57,0.235,0.4,0,0,1,2
0.57,0.235,0.403,0,0,1,2
0.57,0.235,0.406,0,0,1,2
0.57,0.235,0.409,0,0,1,2
0.57,0.235,0.412,0,0,1,2
0.57,0.235,0.415,0,0,1,2
0.57,0.235,0.418,0,0,1,2
0.57,0.235,0.420999,0,0,1,2
0.57,0.235,0.423999,0,0,1,2
0.57,0.235,0.426999,0,0,1,2
0.57,0.235,0.429999,0,0,1,2
0.57,0.235,0.432999,0,0,1,2
0.57,0.235,0.435999,0,0,1,2
0.57,0.235,0.438999,0,0,1,2
0.57,0.235,0.441999,0,0,1,2
0.57,0.235,0.444999,0,0,1,2
0.57,0.235,0.447999,0,0,1,2
0.57,0.235,0.450999,0,0,1,2
0.57,0.238,0.25,0,0,1,2
0.57,0.238,0.253,0,0,1,2
0.57,0.238,0.256,0,0,1,2
0.57,0.238,0.259,0,0,1,2
0.57,0.238,0.262,0,0,1,2
0.57,0.238,0.265,0,0,1,2
0.57,0.238,0.268,0,0,1,2
0.57,0.238,0.271,0,0,1,2
0.57,0.238,0.274,0,0,1,2
0.57,0.238,0.277,0,0,1,2
0.57,0.238,0.28,0,0,1,2
0.57,0.238,0.283,0,0,1,2
0.57,0.238,0.286,0,0,1,2
0.57,0.238,0.289,0,0,1,2
0.57,0.238,0.292,0,0,1,2
0.57,0.238,0.295,0,0,1,2
0.57,0.238,0.298,0,0,1,2
0.57,0.238,0.301,0,0,1,2
0.57,0.238,0.304,0,0,1,2
0.57,0.238,0.307,0,0,1,2
0.57,0.238,0.31,0,0,1,2
0.57,0.238,0.313,0,0,1,2
0.57,0.238,0.316,0,0,1,2
0.57,0.238,0.319,0,0,1,2
0.57,0.238,0.322,0,0,1,2
0.57,0.238,0.325,0,0,1,2
0.57,0.238,0.328,0,0,1,2
0.57,0.238,0.331,0,0,1,2
0.57,0.238,0.334,0,0,1,2
0.57,0.238,0.337,0,0,1,2
0.57,0.238,0.34,0,0,1,2
0.57,0.238,0.343,0,0,1,2
0.57,0.238,0.346,0,0,1,2
0.57,0.238,0.349,0,0,1,2
0.57,0.238,0.352,0,0,1,2
0.57,0.238,0.355,0,0,1,2
0.57,0.238,0.358,0,0,1,2
0.57,0.238,0.361,0,0,1,2
0.57,0.238,0.364,0,0,1,2
0.57,0.238,0.367,0,0,1,2
0.57,0.238,0.37,0,0,1,2
0.57,0.238,0.373,0,0,1,2
0.57,0.238,0.376,0,0,1,2
0.57,0.238,0.379,0,0,1,2
0.57,0.238,0.382,0,0,1,2
0.57,0.238,0.385,0,0,1,2
0.57,0.238,0.388,0,0,1,2
0.57,0.238,0.391,0,0,1,2
0.57,0.238,0.394,0,0,1,2
0.57,0.238,0.397,0,0,1,2
0.57,0.238,0.4,0,0,1,2
0.57,0.238,0.403,0,0,1,2
0.57,0.238,0.406,0,0,1,2
0.57,0.238,0.409,0,0,1,2
0.57,0.238,0.412,0,0,1,2
0.57,0.238,0.415,0,0,1,2
0.57,0.238,0.418,0,0,1,2
0.57,0.238,0.420999,0,0,1,2
0.57,0.238,0.423999,0,0,1,2
0.57,0.238,0.426999,0,0,1,2
0.57,0.238,0.429999,0,0,1,2
0.57,0.238,0.432999,0,0,1,2
0.57,0.238,0.435999,0,0,1,2
0.57,0.238,0.438999,0,0,1,2
0.57,0.238,0.441999,0,0,1,2
0.57,0.238,0.444999,0,0,1,2
0.57,0.238,0.447999,0,0,1,2
0.57,0.238,0.450999,0,0,1,2
0.57,0.241,0.25,0,0,1,2
0.57,0.241,0.253,0,0,1,2
0.57,0.241,0.256,0,0,1,2
0.57,0.241,0.259,0,0,1,2
0.57,0.241,0.262,0,0,1,2
0.57,0.241,0.265,0,0,1,2
0.57,0.241,0.268,0,0,1,2
0.57,0.241,0.271,0,0,1,2
0.57,0.241,0.274,0,0,1,2
0.57,0.241,0.277,0,0,1,2
0.57,0.241,0.28,0,0,1,2
0.57,0.241,0.283,0,0,1,2
0.57,0.241,0.286,0,0,1,2
0.57,0.241,0.289,0,0,1,2
0.57,0.241,0.292,0,0,1,2
0.57,0.241,0.295,0,0,1,2
0.57,0.241,0.298,0,0,1,2
0.57,0.241,0.301,0,0,1,2
0.57,0.241,0.304,0,0,1,2
0.57,0.241,0.307,0,0,1,2
0.57,0.241,0.31,0,0,1,2
0.57,0.241,0.313,0,0,1,2
0.57,0.241,0.316,0,0,1,2
0.57,0.241,0.319,0,0,1,2
0.57,0.241,0.322,0,0,1,2
0.57,0.241,0.325,0,0,1,2
0.57,0.241,0.328,0,0,1,2
0.57,0.241,0.331,0,0,1,2
0.57,0.241,0.334,0,0,1,2
0.57,0.241,0.337,0,0,1,2
0.57,0.241,0.34,0,0,1,2
0.57,0.241,0.343,0,0,1,2
0.57,0.241,0.346,0,0,1,2
0.57,0.241,0.349,0,0,1,2
0.57,0.241,0.352,0,0,1,2
0.57,0.241,0.355,0,0,1,2
0.57,0.241,0.358,0,0,1,2
0.57,0.241,0.361,0,0,1,2
0.57,0.241,0.364,0,0,1,2
0.57,0.241,0.367,0,0,1,2
0.57,0.241,0.37,0,0,1,2
0.57,0.241,0.373,0,0,1,2
0.57,0.241,0.376,0,0,1,2
0.57,0.241,0.379,0,0,1,2
0.57,0.241,0.382,0,0,1,2
0.57,0.241,0.385,0,0,1,2
0.57,0.241,0.388,0,0,1,2
0.57,0.241,0.391,0,0,1,2
0.57,0.241,0.394,0,0,1,2
0.57,0.241,0.397,0,0,1,2
0.57,0.241,0.4,0,0,1,2
0.57,0.241,0.403,0,0,1,2
0.57,0.241,0.406,0,0,1,2
0.57,0.241,0.409,0,0,1,2
0.57,0.241,0.412,0,0,1,2
0.57,0.241,0.415,0,0,1,2
0.57,0.241,0.418,0,0,1,2
0.57,0.241,0.420999,0,0,1,2
0.57,0.241,0.423999,0,0,1,2
0.57,0.241,0.426999,0,0,1,2
0.57,0.241,0.429999,0,0,1,2
0.57,0.241,0.432999,0,0,1,2
0.57,0.241,0.435999,0,0,1,2
0.57,0.241,0.438999,0,0,1,2
0.57,0.241,0.441999,0,0,1,2
0.57,0.241,0.444999,0,0,1,2
0.57,0.241,0.447999,0,0,1,2
0.57,0.241,0.450999,0,0,1,2
0.57,0.244,0.25,0,0,1,2
0.57,0.244,0.253,0,0,1,2
0.57,0.244,0.256,0,0,1,2
0.57,0.244,0.259,0,0,1,2
0.57,0.244,0.262,0,0,1,2
0.57,0.244,0.265,0,0,1,2
0.57,0.244,0.268,0,0,1,2
0.57,0.244,0.271,0,0,1,2
0.57,0.244,0.274,0,0,1,2
0.57,0.244,0.277,0,0,1,2
0.57,0.244,0.28,0,0,1,2
0.57,0.244,0.283,0,0,1,2
0.57,0.244,0.286,0,0,1,2
0.57,0.244,0.289,0,0,1,2
0.57,0.244,0.292,0,0,1,2
0.57,0.244,0.295,0,0,1,2
0.57,0.244,0.298,0,0,1,2
0.57,0.244,0.301,0,0,1,2
0.57,0.244,0.304,0,0,1,2
0.57,0.244,0.307,0,0,1,2
0.57,0.244,0.31,0,0,1,2
0.57,0.244,0.313,0,0,1,2
0.57,0.244,0.316,0,0,1,2
0.57,0.244,0.319,0,0,1,2
0.57,0.244,0.322,0,0,1,2
0.57,0.244,0.325,0,0,1,2
0.57,0.244,0.328,0,0,1,2
0.57,0.244,0.331,0,0,1,2
0.57,0.244,0.334,0,0,1,2
0.57,0.244,0.337,0,0,1,2
0.57,0.244,0.34,0,0,1,2
0.57,0.244,0.343,0,0,1,2
0.57,0.244,0.346,0,0,1,2
0.57,0.244,0.349,0,0,1,2
0.57,0.244,0.352,0,0,1,2
0.57,0.244,0.355,0,0,1,2
0.57,0.244,0.358,0,0,1,2
0.57,0.244,0.361,0,0,1,2
0.57,0.244,0.364,0,0,1,2
0.57,0.244,0.367,0,0,1,2
0.57,0.244,0.37,0,0,1,2
0.57,0.244,0.373,0,0,1,2
0.57,0.244,0.376,0,0,1,2
0.57,0.244,0.379,0,0,1,2
0.57,0.244,0.382,0,0,1,2
0.57,0.244,0.385,0,0,1,2
0.57,0.244,0.388,0,0,1,2
0.57,0.244,0.391,0,0,1,2
0.57,0.244,0.394,0,0,1,2
0.57,0.244,0.397,0,0,1,2
0.57,0.244,0.4,0,0,1,2
0.57,0.244,0.403,0,0,1,2
0.57,0.244,0.406,0,0,1,2
0.57,0.244,0.409,0,0,1,2
0.57,0.244,0.412,0,0,1,2
0.57,0.244,0.415,0,0,1,2
0.57,0.244,0.418,0,0,1,2
0.57,0.244,0.420999,0,0,1,2
0.57,0.244,0.423999,0,0,1,2
0.57,0.244,0.426999,0,0,1,2
0.57,0.244,0.429999,0,0,1,2
0.57,0.244,0.432999,0,0,1,2
0.57,0.244,0.435999,0,0,1,2
0.57,0.244,0.438999,0,0,1,2
0.57,0.244,0.441999,0,0,1,2
0.57,0.244,0.444999,0,0,1,2
0.57,0.244,0.447999,0,0,1,2
0.57,0.244,0.450999,0,0,1,2
0.57,0.247,0.25,0,0,1,2
0.57,0.247,0.253,0,0,1,2
0.57,0.247,0.256,0,0,1,2
0.57,0.247,0.259,0,0,1,2
0.57,0.247,0.262,0,0,1,2
0.57,0.247,0.265,0,0,1,2
0.57,0.247,0.268,0,0,1,2
0.57,0.247,0.271,0,0,1,2
0.57,0.247,0.274,0,0,1,2
0.57,0.247,0.277,0,0,1,2
0.57,0.247,0.28,0,0,1,2
0.57,0.247,0.283,0,0,1,2
0.57,0.247,0.286,0,0,1,2
0.57,0.247,0.289,0,0,1,2
0.57,0.247,0.292,0,0,1,2
0.57,0.247,0.295,0,0,1,2
0.57,0.247,0.298,0,0,1,2
0.57,0.247,0.301,0,0,1,2
0.57,0.247,0.304,0,0,1,2
0.57,0.247,0.307,0,0,1,2
0.57,0.247,0.31,0,0,1,2
0.57,0.247,0.313,0,0,1,2
0.57,0.247,0.316,0,0,1,2
0.57,0.247,0.319,0,0,1,2
0.57,0.247,0.322,0,0,1,2
0.57,0.247,0.325,0,0,1,2
0.57,0.247,0.328,0,0,1,2
0.57,0.247,0.331,0,0,1,2
0.57,0.247,0.334,0,0,1,2
0.57,0.247,0.337,0,0,1,2
0.57,0.247,0.34,0,0,1,2
0.57,0.247,0.343,0,0,1,2
0.57,0.247,0.346,0,0,1,2
0.57,0.247,0.349,0,0,1,2
0.57,0.247,0.352,0,0,1,2
0.57,0.247,0.355,0,0,1,2
0.57,0.247,0.358,0,0,1,2
0.57,0.247,0.361,0,0,1,2
0.57,0.247,0.364,0,0,1,2
0.57,0.247,0.367,0,0,1,2
0.57,0.247,0.37,0,0,1,2
0.57,0.247,0.373,0,0,1,2
0.57,0.247,0.376,0,0,1,2
0.57,0.247,0.379,0,0,1,2
0.57,0.247,0.382,0,0,1,2
0.57,0.247,0.385,0,0,1,2
0.57,0.247,0.388,0,0,1,2
0.57,0.247,0.391,0,0,1,2
0.57,0.247,0.394,0,0,1,2
0.57,0.247,0.397,0,0,1,2
0.57,0.247,0.4,0,0,1,2
0.57,0.247,0.403,0,0,1,2
0.57,0.247,0.406,0,0,1,2
0.57,0.247,0.409,0,0,1,2
0.57,0.247,0.412,0,0,1,2
0.57,0.247,0.415,0,0,1,2
0.57,0.247,0.418,0,0,1,2
0.57,0.247,0.420999,0,0,1,2
0.57,0.247,0.423999,0,0,1,2
0.57,0.247,0.426999,0,0,1,2
0.57,0.247,0.429999,0,0,1,2
0.57,0.247,0.432999,0,0,1,2
0.57,0.247,0.435999,0,0,1,2
0.57,0.247,0.438999,0,0,1,2
0.57,0.247,0.441999,0,0,1,2
0.57,0.247,0.444999,0,0,1,2
0.57,0.247,0.447999,0,0,1,2
0.57,0.247,0.450999,0,0,1,2
0.57,0.25,0.25,0,0,1,2
0.57,0.25,0.253,0,0,1,2
0.57,0.25,0.256,0,0,1,2
0.57,0.25,0.259,0,0,1,2
0.57,0.25,0.262,0,0,1,2
0.57,0.25,0.265,0,0,1,2
0.57,0.25,0.268,0,0,1,2
0.57,0.25,0.271,0,0,1,2
0.57,0.25,0.274,0,0,1,2
0.57,0.25,0.277,0,0,1,2
0.57,0.25,0.28,0,0,1,2
0.57,0.25,0.283,0,0,1,2
0.57,0.25,0.286,0,0,1,2
0.57,0.25,0.289,0,0,1,2
0.57,0.25,0.292,0,0,1,2
0.57,0.25,0.295,0,0,1,2
0.57,0.25,0.298,0,0,1,2
0.57,0.25,0.301,0,0,1,2
0.57,0.25,0.304,0,0,1,2
0.57,0.25,0.307,0,0,1,2
0.57,0.25,0.31,0,0,1,2
0.57,0.25,0.313,0,0,1,2
0.57,0.25,0.316,0,0,1,2
0.57,0.25,0.319,0,0,1,2
0.57,0.25,0.322,0,0,1,2
0.57,0.25,0.325,0,0,1,2
0.57,0.25,0.328,0,0,1,2
0.57,0.25,0.331,0,0,1,2
0.57,0.25,0.334,0,0,1,2
0.57,0.25,0.337,0,0,1,2
0.57,0.25,0.34,0,0,1,2
0.57,0.25,0.343,0,0,1,2
0.57,0.25,0.346,0,0,1,2
0.57,0.25,0.349,0,0,1,2
0.57,0.25,0.352,0,0,1,2
0.57,0.25,0.355,0,0,1,2
0.57,0.25,0.358,0,0,1,2
0.57,0.25,0.361,0,0,1,2
0.57,0.25,0.364,0,0,1,2
0.57,0.25,0.367,0,0,1,2
0.57,0.25,0.37,0,0,1,2
0.57,0.25,0.373,0,0,1,2
0.57,0.25,0.376,0,0,1,2
0.57,0.25,0.379,0,0,1,2
0.57,0.25,0.382,0,0,1,2
0.57,0.25,0.385,0,0,1,2
0.57,0.25,0.388,0,0,1,2
0.57,0.25,0.391,0,0,1,2
0.57,0.25,0.394,0,0,1,2
0.57,0.25,0.397,0,0,1,2
0.57,0.25,0.4,0,0,1,2
0.57,0.25,0.403,0,0,1,2
0.57,0.25,0.406,0,0,1,2
0.57,0.25,0.409,0,0,1,2
0.57,0.25,0.412,0,0,1,2
0.57,0.25,0.415,0,0,1,2
0.57,0.25,0.418,0,0,1,2
0.57,0.25,0.420999,0,0,1,2
0.57,0.25,0.423999,0,0,1,2
0.57,0.25,0.426999,0,0,1,2
0.57,0.25,0.429999,0,0,1,2
0.57,0.25,0.432999,0,0,1,2
0.57,0.25,0.435999,0,0,1,2
0.57,0.25,0.438999,0,0,1,2
0.57,0.25,0.441999,0,0,1,2
0.57,0.25,0.444999,0,0,1,2
0.57,0.25,0.447999,0,0,1,2
0.57,0.25,0.450999,0,0,1,2
0.57,0.253,0.25,0,0,1,2
0.57,0.253,0.253,0,0,1,2
0.57,0.253,0.256,0,0,1,2
0.57,0.253,0.259,0,0,1,2
0.57,0.253,0.262,0,0,1,2
0.57,0.253,0.265,0,0,1,2
0.57,0.253,0.268,0,0,1,2
0.57,0.253,0.271,0,0,1,2
0.57,0.253,0.274,0,0,1,2
0.57,0.253,0.277,0,0,1,2
0.57,0.253,0.28,0,0,1,2
0.57,0.253,0.283,0,0,1,2
0.57,0.253,0.286,0,0,1,2
0.57,0.253,0.289,0,0,1,2
0.57,0.253,0.292,0,0,1,2
0.57,0.253,0.295,0,0,1,2
0.57,0.253,0.298,0,0,1,2
0.57,0.253,0.301,0,0,1,2
0.57,0.253,0.304,0,0,1,2
0.57,0.253,0.307,0,0,1,2
0.57,0.253,0.31,0,0,1,2
0.57,0.253,0.313,0,0,1,2
0.57,0.253,0.316,0,0,1,2
0.57,0.253,0.319,0,0,1,2
0.57,0.253,0.322,0,0,1,2
0.57,0.253,0.325,0,0,1,2
0.57,0.253,0.328,0,0,1,2
0.57,0.253,0.331,0,0,1,2
0.57,0.253,0.334,0,0,1,2
0.57,0.253,0.337,0,0,1,2
0.57,0.253,0.34,0,0,1,2
0.57,0.253,0.343,0,0,1,2
0.57,0.253,0.346,0,0,1,2
0.57,0.253,0.349,0,0,1,2
0.57,0.253,0.352,0,0,1,2
0.57,0.253,0.355,0,0,1,2
0.57,0.253,0.358,0,0,1,2
0.57,0.253,0.361,0,0,1,2
0.57,0.253,0.364,0,0,1,2
0.57,0.253,0.367,0,0,1,2
0.57,0.253,0.37,0,0,1,2
0.57,0.253,0.373,0,0,1,2
0.57,0.253,0.376,0,0,1,2
0.57,0.253,0.379,0,0,1,2
0.57,0.253,0.382,0,0,1,2
0.57,0.253,0.385,0,0,1,2
0.57,0.253,0.388,0,0,1,2
0.57,0.253,0.391,0,0,1,2
0.57,0.253,0.394,0,0,1,2
0.57,0.253,0.397,0,0,1,2
0.57,0.253,0.4,0,0,1,2
0.57,0.253,0.403,0,0,1,2
0.57,0.253,0.406,0,0,1,2
0.57,0.253,0.409,0,0,1,2
0.57,0.253,0.412,0,0,1,2
0.57,0.253,0.415,0,0,1,2
0.57,0.253,0.418,0,0,1,2
0.57,0.253,0.420999,0,0,1,2
0.57,0.253,0.423999,0,0,1,2
0.57,0.253,0.426999,0,0,1,2
0.57,0.253,0.429999,0,0,1,2
0.57,0.253,0.432999,0,0,1,2
0.57,0.253,0.435999,0,0,1,2
0.57,0.253,0.438999,0,0,1,2
0.57,0.253,0.441999,0,0,1,2
0.57,0.253,0.444999,0,0,1,2
0.57,0.253,0.447999,0,0,1,2
0.57,0.253,0.450999,0,0,1,2
0.57,0.256,0.25,0,0,1,2
0.57,0.256,0.253,0,0,1,2
0.57,0.256,0.256,0,0,1,2
0.57,0.256,0.259,0,0,1,2
0.57,0.256,0.262,0,0,1,2
0.57,0.256,0.265,0,0,1,2
0.57,0.256,0.268,0,0,1,2
0.57,0.256,0.271,0,0,1,2
0.57,0.256,0.274,0,0,1,2
0.57,0.256,0.277,0,0,1,2
0.57,0.256,0.28,0,0,1,2
0.57,0.256,0.283,0,0,1,2
0.57,0.256,0.286,0,0,1,2
0.57,0.256,0.289,0,0,1,2
0.57,0.256,0.292,0,0,1,2
0.57,0.256,0.295,0,0,1,2
0.57,0.256,0.298,0,0,1,2
0.57,0.256,0.301,0,0,1,2
0.57,0.256,0.304,0,0,1,2
0.57,0.256,0.307,0,0,1,2
0.57,0.256,0.31,0,0,1,2
0.57,0.256,0.313,0,0,1,2
0.57,0.256,0.316,0,0,1,2
0.57,0.256,0.319,0,0,1,2
0.57,0.256,0.322,0,0,1,2
0.57,0.256,0.325,0,0,1,2
0.57,0.256,0.328,0,0,1,2
0.57,0.256,0.331,0,0,1,2
0.57,0.256,0.334,0,0,1,2
0.57,0.256,0.337,0,0,1,2
0.57,0.256,0.34,0,0,1,2
0.57,0.256,0.343,0,0,1,2
0.57,0.256,0.346,0,0,1,2
0.57,0.256,0.349,0,0,1,2
0.57,0.256,0.352,0,0,1,2
0.57,0.256,0.355,0,0,1,2
0.57,0.256,0.358,0,0,1,2
0.57,0.256,0.361,0,0,1,2
0.57,0.256,0.364,0,0,1,2
0.57,0.256,0.367,0,0,1,2
0.57,0.256,0.37,0,0,1,2
0.57,0.256,0.373,0,0,1,2
0.57,0.256,0.376,0,0,1,2
0.57,0.256,0.379,0,0,1,2
0.57,0.256,0.382,0,0,1,2
0.57,0.256,0.385,0,0,1,2
0.57,0.256,0.388,0,0,1,2
0.57,0.256,0.391,0,0,1,2
0.57,0.256,0.394,0,0,1,2
0.57,0.256,0.397,0,0,1,2
0.57,0.256,0.4,0,0,1,2
0.57,0.256,0.403,0,0,1,2
0.57,0.256,0.406,0,0,1,2
0.57,0.256,0.409,0,0,1,2
0.57,0.256,0.412,0,0,1,2
0.57,0.256,0.415,0,0,1,2
0.57,0.256,0.418,0,0,1,2
0.57,0.256,0.420999,0,0,1,2
0.57,0.256,0.423999,0,0,1,2
0.57,0.256,0.426999,0,0,1,2
0.57,0.256,0.429999,0,0,1,2
0.57,0.256,0.432999,0,0,1,2
0.57,0.256,0.435999,0,0,1,2
0.57,0.256,0.438999,0,0,1,2
0.57,0.256,0.441999,0,0,1,2
0.57,0.256,0.444999,0,0,1,2
0.57,0.256,0.447999,0,0,1,2
0.57,0.256,0.450999,0,0,1,2
0.57,0.259,0.25,0,0,1,2
0.57,0.259,0.253,0,0,1,2
0.57,0.259,0.256,0,0,1,2
0.57,0.259,0.259,0,0,1,2
0.57,0.259,0.262,0,0,1,2
0.57,0.259,0.265,0,0,1,2
0.57,0.259,0.268,0,0,1,2
0.57,0.259,0.271,0,0,1,2
0.57,0.259,0.274,0,0,1,2
0.57,0.259,0.277,0,0,1,2
0.57,0.259,0.28,0,0,1,2
0.57,0.259,0.283,0,0,1,2
0.57,0.259,0.286,0,0,1,2
0.57,0.259,0.289,0,0,1,2
0.57,0.259,0.292,0,0,1,2
0.57,0.259,0.295,0,0,1,2
0.57,0.259,0.298,0,0,1,2
0.57,0.259,0.301,0,0,1,2
0.57,0.259,0.304,0,0,1,2
0.57,0.259,0.307,0,0,1,2
0.57,0.259,0.31,0,0,1,2
0.57,0.259,0.313,0,0,1,2
0.57,0.259,0.316,0,0,1,2
0.57,0.259,0.319,0,0,1,2
0.57,0.259,0.322,0,0,1,2
0.57,0.259,0.325,0,0,1,2
0.57,0.259,0.328,0,0,1,2
0.57,0.259,0.331,0,0,1,2
0.57,0.259,0.334,0,0,1,2
0.57,0.259,0.337,0,0,1,2
0.57,0.259,0.34,0,0,1,2
0.57,0.259,0.343,0,0,1,2
0.57,0.259,0.346,0,0,1,2
0.57,0.259,0.349,0,0,1,2
0.57,0.259,0.352,0,0,1,2
0.57,0.259,0.355,0,0,1,2
0.57,0.259,0.358,0,0,1,2
0.57,0.259,0.361,0,0,1,2
0.57,0.259,0.364,0,0,1,2
0.57,0.259,0.367,0,0,1,2
0.57,0.259,0.37,0,0,1,2
0.57,0.259,0.373,0,0,1,2
0.57,0.259,0.376,0,0,1,2
0.57,0.259,0.379,0,0,1,2
0.57,0.259,0.382,0,0,1,2
0.57,0.259,0.385,0,0,1,2
0.57,0.259,0.388,0,0,1,2
0.57,0.259,0.391,0,0,1,2
0.57,0.259,0.394,0,0,1,2
0.57,0.259,0.397,0,0,1,2
0.57,0.259,0.4,0,0,1,2
0.57,0.259,0.403,0,0,1,2
0.57,0.259,0.406,0,0,1,2
0.57,0.259,0.409,0,0,1,2
0.57,0.259,0.412,0,0,1,2
0.57,0.259,0.415,0,0,1,2
0.57,0.259,0.418,0,0,1,2
0.57,0.259,0.420999,0,0,1,2
0.57,0.259,0.423999,0,0,1,2
0.57,0.259,0.426999,0,0,1,2
0.57,0.259,0.429999,0,0,1,2
0.57,0.259,0.432999,0,0,1,2
0.57,0.259,0.435999,0,0,1,2
0.57,0.259,0.438999,0,0,1,2
0.57,0.259,0.441999,0,0,1,2
0.57,0.259,0.444999,0,0,1,2
0.57,0.259,0.447999,0,0,1,2
0.57,0.259,0.450999,0,0,1,2
0.39,0.1,0.25,0,0,1,2
0.39,0.103,0.25,0,0,1,2
0.39,0.106,0.25,0,0,1,2
0.39,0.109,0.25,0,0,1,2
0.39,0.112,0.25,0,0,1,2
0.39,0.115,0.25,0,0,1,2
0.39,0.118,0.25,0,0,1,2
0.39,0.121,0.25,0,0,1,2
0.39,0.124,0.25,0,0,1,2
0.39,0.127,0.25,0,0,1,2
0.39,0.13,0.25,0,0,1,2
0.39,0.133,0.25,0,0,1,2
0.39,0.136,0.25,0,0,1,2
0.39,0.139,0.25,0,0,1,2
0.39,0.142,0.25,0,0,1,2
0.39,0.145,0.25,0,0,1,2
0.39,0.148,0.25,0,0,1,2
0.39,0.151,0.25,0,0,1,2
0.39,0.154,0.25,0,0,1,2
0.39,0.157,0.25,0,0,1,2
0.39,0.16,0.25,0,0,1,2
0.39,0.163,0.25,0,0,1,2
0.39,0.166,0.25,0,0,1,2
0.39,0.169,0.25,0,0,1,2
0.39,0.172,0.25,0,0,1,2
0.39,0.175,0.25,0,0,1,2
0.39,0.178,0.25,0,0,1,2
0.39,0.181,0.25,0,0,1,2
0.39,0.184,0.25,0,0,1,2
0.39,0.187,0.25,0,0,1,2
0.39,0.19,0.25,0,0,1,2
0.39,0.193,0.25,0,0,1,2
0.39,0.196,0.25,0,0,1,2
0.39,0.199,0.25,0,0,1,2
0.39,0.202,0.25,0,0,1,2
0.39,0.205,0.25,0,0,1,2
0.39,0.208,0.25,0,0,1,2
0.39,0.211,0.25,0,0,1,2
0.39,0.214,0.25,0,0,1,2
0.39,0.217,0.25,0,0,1,2
0.39,0.22,0.25,0,0,1,2
0.39,0.223,0.25,0,0,1,2
0.39,0.226,0.25,0,0,1,2
0.39,0.229,0.25,0,0,1,2
0.39,0.232,0.25,0,0,1,2
0.39,0.235,0.25,0,0,1,2
0.39,0.238,0.25,0,0,1,2
0.39,0.241,0.25,0,0,1,2
0.39,0.244,0.25,0,0,1,2
0.39,0.247,0.25,0,0,1,2
0.39,0.25,0.25,0,0,1,2
0.39,0.253,0.25,0,0,1,2
0.39,0.256,0.25,0,0,1,2
0.39,0.259,0.25,0,0,1,2
0.393,0.1,0.25,0,0,1,2
0.393,0.103,0.25,0,0,1,2
0.393,0.106,0.25,0,0,1,2
0.393,0.109,0.25,0,0,1,2
0.393,0.112,0.25,0,0,1,2
0.393,0.115,0.25,0,0,1,2
0.393,0.118,0.25,0,0,1,2
0.393,0.121,0.25,0,0,1,2
0.393,0.124,0.25,0,0,1,2
0.393,0.127,0.25,0,0,1,2
0.393,0.13,0.25,0,0,1,2
0.393,0.133,0.25,0,0,1,2
0.393,0.136,0.25,0,0,1,2
0.393,0.139,0.25,0,0,1,2
0.393,0.142,0.25,0,0,1,2
0.393,0.145,0.25,0,0,1,2
0.393,0.148,0.25,0,0,1,2
0.393,0.151,0.25,0,0,1,2
0.393,0.154,0.25,0,0,1,2
0.393,0.157,0.25,0,0,1,2
0.393,0.16,0.25,0,0,1,2
0.393,0.163,0.25,0,0,1,2
0.393,0.166,0.25,0,0,1,2
0.393,0.169,0.25,0,0,1,2
0.393,0.172,0.25,0,0,1,2
0.393,0.175,0.25,0,0,1,2
0.393,0.178,0.25,0,0,1,2
0.393,0.181,0.25,0,0,1,2
0.393,0.184,0.25,0,0,1,2
0.393,0.187,0.25,0,0,1,2
0.393,0.19,0.25,0,0,1,2
0.393,0.193,0.25,0,0,1,2
0.393,0.196,0.25,0,0,1,2
0.393,0.199,0.25,0,0,1,2
0.393,0.202,0.25,0,0,1,2
0.393,0.205,0.25,0,0,1,2
0.393,0.208,0.25,0,0,1,2
0.393,0.211,0.25,0,0,1,2
0.393,0.214,0.25,0,0,1,2
0.393,0.217,0.25,0,0,1,2
0.393,0.22,0.25,0,0,1,2
0.393,0.223,0.25,0,0,1,2
0.393,0.226,0.25,0,0,1,2
0.393,0.229,0.25,0,0,1,2
0.393,0.232,0.25,0,0,1,2
0.393,0.235,0.25,0,0,1,2
0.393,0.238,0.25,0,0,1,2
0.393,0.241,0.25,0,0,1,2
0.393,0.244,0.25,0,0,1,2
0.393,0.247,0.25,0,0,1,2
0.393,0.25,0.25,0,0,1,2
0.393,0.253,0.25,0,0,1,2
0.393,0.256,0.25,0,0,1,2
0.393,0.259,0.25,0,0,1,2
0.396,0.1,0.25,0,0,1,2
0.396,0.103,0.25,0,0,1,2
0.396,0.106,0.25,0,0,1,2
0.396,0.109,0.25,0,0,1,2
0.396,0.112,0.25,0,0,1,2
0.396,0.115,0.25,0,0,1,2
0.396,0.118,0.25,0,0,1,2
0.396,0.121,0.25,0,0,1,2
0.396,0.124,0.25,0,0,1,2
0.396,0.127,0.25,0,0,1,2
0.396,0.13,0.25,0,0,1,2
0.396,0.133,0.25,0,0,1,2
0.396,0.136,0.25,0,0,1,2
0.396,0.139,0.25,0,0,1,2
0.396,0.142,0.25,0,0,1,2
0.396,0.145,0.25,0,0,1,2
0.396,0.148,0.25,0,0,1,2
0.396,0.151,0.25,0,0,1,2
0.396,0.154,0.25,0,0,1,2
0.396,0.157,0.25,0,0,1,2
0.396,0.16,0.25,0,0,1,2
0.396,0.163,0.25,0,0,1,2
0.396,0.166,0.25,0,0,1,2
0.396,0.169,0.25,0,0,1,2
0.396,0.172,0.25,0,0,1,2
0.396,0.175,0.25,0,0,1,2
0.396,0.178,0.25,0,0,1,2
0.396,0.181,0.25,0,0,1,2
0.396,0.184,0.25,0,0,1,2
0.396,0.187,0.25,0,0,1,2
0.396,0.19,0.25,0,0,1,2
0.396,0.193,0.25,0,0,1,2
0.396,0.196,0.25,0,0,1,2
0.396,0.199,0.25,0,0,1,2
0.396,0.202,0.25,0,0,1,2
0.396,0.205,0.25,0,0,1,2
0.396,0.208,0.25,0,0,1,2
0.396,0.211,0.25,0,0,1,2
0.396,0.214,0.25,0,0,1,2
0.396,0.217,0.25,0,0,1,2
0.396,0.22,0.25,0,0,1,2
0.396,0.223,0.25,0,0,1,2
0.396,0.226,0.25,0,0,1,2
0.396,0.229,0.25,0,0,1,2
0.396,0.232,0.25,0,0,1,2
0.396,0.235,0.25,0,0,1,2
0.396,0.238,0.25,0,0,1,2
0.396,0.241,0.25,0,0,1,2
0.396,0.244,0.25,0,0,1,2
0.396,0.247,0.25,0,0,1,2
0.396,0.25,0.25,0,0,1,2
0.396,0.253,0.25,0,0,1,2
0.396,0.256,0.25,0,0,1,2
0.396,0.259,0.25,0,0,1,2
0.399,0.1,0.25,0,0,1,2
0.399,0.103,0.25,0,0,1,2
0.399,0.106,0.25,0,0,1,2
0.399,0.109,0.25,0,0,1,2
0.399,0.112,0.25,0,0,1,2
0.399,0.115,0.25,0,0,1,2
0.399,0.118,0.25,0,0,1,2
0.399,0.121,0.25,0,0,1,2
0.399,0.124,0.25,0,0,1,2
0.399,0.127,0.25,0,0,1,2
0.399,0.13,0.25,0,0,1,2
0.399,0.133,0.25,0,0,1,2
0.399,0.136,0.25,0,0,1,2
0.399,0.139,0.25,0,0,1,2
0.399,0.142,0.25,0,0,1,2
0.399,0.145,0.25,0,0,1,2
0.399,0.148,0.25,0,0,1,2
0.399,0.151,0.25,0,0,1,2
0.399,0.154,0.25,0,0,1,2
0.399,0.157,0.25,0,0,1,2
0.399,0.16,0.25,0,0,1,2
0.399,0.163,0.25,0,0,1,2
0.399,0.166,0.25,0,0,1,2
0.399,0.169,0.25,0,0,1,2
0.399,0.172,0.25,0,0,1,2
0.399,0.175,0.25,0,0,1,2
0.399,0.178,0.25,0,0,1,2
0.399,0.181,0.25,0,0,1,2
0.399,0.184,0.25,0,0,1,2
0.399,0.187,0.25,0,0,1,2
0.399,0.19,0.25,0,0,1,2
0.399,0.193,0.25,0,0,1,2
0.399,0.196,0.25,0,0,1,2
0.399,0.199,0.25,0,0,1,2
0.399,0.202,0.25,0,0,1,2
0.399,0.205,0.25,0,0,1,2
0.399,0.208,0.25,0,0,1,2
0.399,0.211,0.25,0,0,1,2
0.399,0.214,0.25,0,0,1,2
0.399,0.217,0.25,0,0,1,2
0.399,0.22,0.25,0,0,1,2
0.399,0.223,0.25,0,0,1,2
0.399,0.226,0.25,0,0,1,2
0.399,0.229,0.25,0,0,1,2
0.399,0.232,0.25,0,0,1,2
0.399,0.235,0.25,0,0,1,2
0.399,0.238,0.25,0,0,1,2
0.399,0.241,0.25,0,0,1,2
0.399,0.244,0.25,0,0,1,2
0.399,0.247,0.25,0,0,1,2
0.399,0.25,0.25,0,0,1,2
0.399,0.253,0.25,0,0,1,2
0.399,0.256,0.25,0,0,1,2
0.399,0.259,0.25,0,0,1,2
0.402,0.1,0.25,0,0,1,2
0.402,0.103,0.25,0,0,1,2
0.402,0.106,0.25,0,0,1,2
0.402,0.109,0.25,0,0,1,2
0.402,0.112,0.25,0,0,1,2
0.402,0.115,0.25,0,0,1,2
0.402,0.118,0.25,0,0,1,2
0.402,0.121,0.25,0,0,1,2
0.402,0.124,0.25,0,0,1,2
0.402,0.127,0.25,0,0,1,2
0.402,0.13,0.25,0,0,1,2
0.402,0.133,0.25,0,0,1,2
0.402,0.136,0.25,0,0,1,2
0.402,0.139,0.25,0,0,1,2
0.402,0.142,0.25,0,0,1,2
0.402,0.145,0.25,0,0,1,2
0.402,0.148,0.25,0,0,1,2
0.402,0.151,0.25,0,0,1,2
0.402,0.154,0.25,0,0,1,2
0.402,0.157,0.25,0,0,1,2
0.402,0.16,0.25,0,0,1,2
0.402,0.163,0.25,0,0,1,2
0.402,0.166,0.25,0,0,1,2
0.402,0.169,0.25,0,0,1,2
0.402,0.172,0.25,0,0,1,2
0.402,0.175,0.25,0,0,1,2
0.402,0.178,0.25,0,0,1,2
0.402,0.181,0.25,0,0,1,2
0.402,0.184,0.25,0,0,1,2
0.402,0.187,0.25,0,0,1,2
0.402,0.19,0.25,0,0,1,2
0.402,0.193,0.25,0,0,1,2
0.402,0.196,0.25,0,0,1,2
0.402,0.199,0.25,0,0,1,2
0.402,0.202,0.25,0,0,1,2
0.402,0.205,0.25,0,0,1,2
0.402,0.208,0.25,0,0,1,2
0.402,0.211,0.25,0,0,1,2
0.402,0.214,0.25,0,0,1,2
0.402,0.217,0.25,0,0,1,2
0.402,0.22,0.25,0,0,1,2
0.402,0.223,0.25,0,0,1,2
0.402,0.226,0.25,0,0,1,2
0.402,0.229,0.25,0,0,1,2
0.402,0.232,0.25,0,0,1,2
0.402,0.235,0.25,0,0,1,2
0.402,0.238,0.25,0,0,1,2
0.402,0.241,0.25,0,0,1,2
0.402,0.244,0.25,0,0,1,2
0.402,0.247,0.25,0,0,1,2
0.402,0.25,0.25,0,0,1,2
0.402,0.253,0.25,0,0,1,2
0.402,0.256,0.25,0,0,1,2
0.402,0.259,0.25,0,0,1,2
0.405,0.1,0.25,0,0,1,2
0.405,0.103,0.25,0,0,1,2
0.405,0.106,0.25,0,0,1,2
0.405,0.109,0.25,0,0,1,2
0.405,0.112,0.25,0,0,1,2
0.405,0.115,0.25,0,0,1,2
0.405,0.118,0.25,0,0,1,2
0.405,0.121,0.25,0,0,1,2
0.405,0.124,0.25,0,0,1,2
0.405,0.127,0.25,0,0,1,2
0.405,0.13,0.25,0,0,1,2
0.405,0.133,0.25,0,0,1,2
0.405,0.136,0.25,0,0,1,2
0.405,0.139,0.25,0,0,1,2
0.405,0.142,0.25,0,0,1,2
0.405,0.145,0.25,0,0,1,2
0.405,0.148,0.25,0,0,1,2
0.405,0.151,0.25,0,0,1,2
0.405,0.154,0.25,0,0,1,2
0.405,0.157,0.25,0,0,1,2
0.405,0.16,0.25,0,0,1,2
0.405,0.163,0.25,0,0,1,2
0.405,0.166,0.25,0,0,1,2
0.405,0.169,0.25,0,0,1,2
0.405,0.172,0.25,0,0,1,2
0.405,0.175,0.25,0,0,1,2
0.405,0.178,0.25,0,0,1,2
0.405,0.181,0.25,0,0,1,2
0.405,0.184,0.25,0,0,1,2
0.405,0.187,0.25,0,0,1,2
0.405,0.19,0.25,0,0,1,2
0.405,0.193,0.25,0,0,1,2
0.405,0.196,0.25,0,0,1,2
0.405,0.199,0.25,0,0,1,2
0.405,0.202,0.25,0,0,1,2
0.405,0.205,0.25,0,0,1,2
0.405,0.208,0.25,0,0,1,2
0.405,0.211,0.25,0,0,1,2
0.405,0.214,0.25,0,0,1,2
0.405,0.217,0.25,0,0,1,2
0.405,0.22,0.25,0,0,1,2
0.405,0.223,0.25,0,0,1,2
0.405,0.226,0.25,0,0,1,2
0.405,0.229,0.25,0,0,1,2
0.405,0.232,0.25,0,0,1,2
0.405,0.235,0.25,0,0,1,2
0.405,0.238,0.25,0,0,1,2
0.405,0.241,0.25,0,0,1,2
0.405,0.244,0.25,0,0,1,2
0.405,0.247,0.25,0,0,1,2
0.405,0.25,0.25,0,0,1,2
0.405,0.253,0.25,0,0,1,2
0.405,0.256,0.25,0,0,1,2
0.405,0.259,0.25,0,0,1,2
0.408,0.1,0.25,0,0,1,2
0.408,0.103,0.25,0,0,1,2
0.408,0.106,0.25,0,0,1,2
0.408,0.109,0.25,0,0,1,2
0.408,0.112,0.25,0,0,1,2
0.408,0.115,0.25,0,0,1,2
0.408,0.118,0.25,0,0,1,2
0.408,0.121,0.25,0,0,1,2
0.408,0.124,0.25,0,0,1,2
0.408,0.127,0.25,0,0,1,2
0.408,0.13,0.25,0,0,1,2
0.408,0.133,0.25,0,0,1,2
0.408,0.136,0.25,0,0,1,2
0.408,0.139,0.25,0,0,1,2
0.408,0.142,0.25,0,0,1,2
0.408,0.145,0.25,0,0,1,2
0.408,0.148,0.25,0,0,1,2
0.408,0.151,0.25,0,0,1,2
0.408,0.154,0.25,0,0,1,2
0.408,0.157,0.25,0,0,1,2
0.408,0.16,0.25,0,0,1,2
0.408,0.163,0.25,0,0,1,2
0.408,0.166,0.25,0,0,1,2
0.408,0.169,0.25,0,0,1,2
0.408,0.172,0.25,0,0,1,2
0.408,0.175,0.25,0,0,1,2
0.408,0.178,0.25,0,0,1,2
0.408,0.181,0.25,0,0,1,2
0.408,0.184,0.25,0,0,1,2
0.408,0.187,0.25,0,0,1,2
0.408,0.19,0.25,0,0,1,2
0.408,0.193,0.25,0,0,1,2
0.408,0.196,0.25,0,0,1,2
0.408,0.199,0.25,0,0,1,2
0.408,0.202,0.25,0,0,1,2
0.408,0.205,0.25,0,0,1,2
0.408,0.208,0.25,0,0,1,2
0.408,0.211,0.25,0,0,1,2
0.408,0.214,0.25,0,0,1,2
0.408,0.217,0.25,0,0,1,2
0.408,0.22,0.25,0,0,1,2
0.408,0.223,0.25,0,0,1,2
0.408,0.226,0.25,0,0,1,2
0.408,0.229,0.25,0,0,1,2
0.408,0.232,0.25,0,0,1,2
0.408,0.235,0.25,0,0,1,2
0.408,0.238,0.25,0,0,1,2
0.408,0.241,0.25,0,0,1,2
0.408,0.244,0.25,0,0,1,2
0.408,0.247,0.25,0,0,1,2
0.408,0.25,0.25,0,0,1,2
0.408,0.253,0.25,0,0,1,2
0.408,0.256,0.25,0,0,1,2
0.408,0.259,0.25,0,0,1,2
0.411,0.1,0.25,0,0,1,2
0.411,0.103,0.25,0,0,1,2
0.411,0.106,0.25,0,0,1,2
0.411,0.109,0.25,0,0,1,2
0.411,0.112,0.25,0,0,1,2
0.411,0.115,0.25,0,0,1,2
0.411,0.118,0.25,0,0,1,2
0.411,0.121,0.25,0,0,1,2
0.411,0.124,0.25,0,0,1,2
0.411,0.127,0.25,0,0,1,2
0.411,0.13,0.25,0,0,1,2
0.411,0.133,0.25,0,0,1,2
0.411,0.136,0.25,0,0,1,2
0.411,0.139,0.25,0,0,1,2
0.411,0.142,0.25,0,0,1,2
0.411,0.145,0.25,0,0,1,2
0.411,0.148,0.25,0,0,1,2
0.411,0.151,0.25,0,0,1,2
0.411,0.154,0.25,0,0,1,2
0.411,0.157,0.25,0,0,1,2
0.411,0.16,0.25,0,0,1,2
0.411,0.163,0.25,0,0,1,2
0.411,0.166,0.25,0,0,1,2
0.411,0.169,0.25,0,0,1,2
0.411,0.172,0.25,0,0,1,2
0.411,0.175,0.25,0,0,1,2
0.411,0.178,0.25,0,0,1,2
0.411,0.181,0.25,0,0,1,2
0.411,0.184,0.25,0,0,1,2
0.411,0.187,0.25,0,0,1,2
0.411,0.19,0.25,0,0,1,2
0.411,0.193,0.25,0,0,1,2
0.411,0.196,0.25,0,0,1,2
0.411,0.199,0.25,0,0,1,2
0.411,0.202,0.25,0,0,1,2
0.411,0.205,0.25,0,0,1,2
0.411,0.208,0.25,0,0,1,2
0.411,0.211,0.25,0,0,1,2
0.411,0.214,0.25,0,0,1,2
0.411,0.217,0.25,0,0,1,2
0.411,0.22,0.25,0,0,1,2
0.411,0.223,0.25,0,0,1,2
0.411,0.226,0.25,0,0,1,2
0.411,0.229,0.25,0,0,1,2
0.411,0.232,0.25,0,0,1,2
0.411,0.235,0.25,0,0,1,2
0.411,0.238,0.25,0,0,1,2
0.411,0.241,0.25,0,0,1,2
0.411,0.244,0.25,0,0,1,2
0.411,0.247,0.25,0,0,1,2
0.411,0.25,0.25,0,0,1,2
0.411,0.253,0.25,0,0,1,2
0.411,0.256,0.25,0,0,1,2
0.411,0.259,0.25,0,0,1,2
0.414,0.1,0.25,0,0,1,2
0.414,0.103,0.25,0,0,1,2
0.414,0.106,0.25,0,0,1,2
0.414,0.109,0.25,0,0,1,2
0.414,0.112,0.25,0,0,1,2
0.414,0.115,0.25,0,0,1,2
0.414,0.118,0.25,0,0,1,2
0.414,0.121,0.25,0,0,1,2
0.414,0.124,0.25,0,0,1,2
0.414,0.127,0.25,0,0,1,2
0.414,0.13,0.25,0,0,1,2
0.414,0.133,0.25,0,0,1,2
0.414,0.136,0.25,0,0,1,2
0.414,0.139,0.25,0,0,1,2
0.414,0.142,0.25,0,0,1,2
0.414,0.145,0.25,0,0,1,2
0.414,0.148,0.25,0,0,1,2
0.414,0.151,0.25,0,0,1,2
0.414,0.154,0.25,0,0,1,2
0.414,0.157,0.25,0,0,1,2
0.414,0.16,0.25,0,0,1,2
0.414,0.163,0.25,0,0,1,2
0.414,0.166,0.25,0,0,1,2
0.414,0.169,0.25,0,0,1,2
0.414,0.172,0.25,0,0,1,2
0.414,0.175,0.25,0,0,1,2
0.414,0.178,0.25,0,0,1,2
0.414,0.181,0.25,0,0,1,2
0.414,0.184,0.25,0,0,1,2
0.414,0.187,0.25,0,0,1,2
0.414,0.19,0.25,0,0,1,2
0.414,0.193,0.25,0,0,1,2
0.414,0.196,0.25,0,0,1,2
0.414,0.199,0.25,0,0,1,2
0.414,0.202,0.25,0,0,1,2
0.414,0.205,0.25,0,0,1,2
0.414,0.208,0.25,0,0,1,2
0.414,0.211,0.25,0,0,1,2
0.414,0.214,0.25,0,0,1,2
0.414,0.217,0.25,0,0,1,2
0.414,0.22,0.25,0,0,1,2
0.414,0.223,0.25,0,0,1,2
0.414,0.226,0.25,0,0,1,2
0.414,0.229,0.25,0,0,1,2
0.414,0.232,0.25,0,0,1,2
0.414,0.235,0.25,0,0,1,2
0.414,0.238,0.25,0,0,1,2
0.414,0.241,0.25,0,0,1,2
0.414,0.244,0.25,0,0,1,2
0.414,0.247,0.25,0,0,1,2
0.414,0.25,0.25,0,0,1,2
0.414,0.253,0.25,0,0,1,2
0.414,0.256,0.25,0,0,1,2
0.414,0.259,0.25,0,0,1,2
0.417,0.1,0.25,0,0,1,2
0.417,0.103,0.25,0,0,1,2
0.417,0.106,0.25,0,0,1,2
0.417,0.109,0.25,0,0,1,2
0.417,0.112,0.25,0,0,1,2
0.417,0.115,0.25,0,0,1,2
0.417,0.118,0.25,0,0,1,2
0.417,0.121,0.25,0,0,1,2
0.417,0.124,0.25,0,0,1,2
0.417,0.127,0.25,0,0,1,2
0.417,0.13,0.25,0,0,1,2
0.417,0.133,0.25,0,0,1,2
0.417,0.136,0.25,0,0,1,2
0.417,0.139,0.25,0,0,1,2
0.417,0.142,0.25,0,0,1,2
0.417,0.145,0.25,0,0,1,2
0.417,0.148,0.25,0,0,1,2
0.417,0.151,0.25,0,0,1,2
0.417,0.154,0.25,0,0,1,2
0.417,0.157,0.25,0,0,1,2
0.417,0.16,0.25,0,0,1,2
0.417,0.163,0.25,0,0,1,2
0.417,0.166,0.25,0,0,1,2
0.417,0.169,0.25,0,0,1,2
0.417,0.172,0.25,0,0,1,2
0.417,0.175,0.25,0,0,1,2
0.417,0.178,0.25,0,0,1,2
0.417,0.181,0.25,0,0,1,2
0.417,0.184,0.25,0,0,1,2
0.417,0.187,0.25,0,0,1,2
0.417,0.19,0.25,0,0,1,2
0.417,0.193,0.25,0,0,1,2
0.417,0.196,0.25,0,0,1,2
0.417,0.199,0.25,0,0,1,2
0.417,0.202,0.25,0,0,1,2
0.417,0.205,0.25,0,0,1,2
0.417,0.208,0.25,0,0,1,2
0.417,0.211,0.25,0,0,1,2
0.417,0.214,0.25,0,0,1,2
0.417,0.217,0.25,0,0,1,2
0.417,0.22,0.25,0,0,1,2
0.417,0.223,0.25,0,0,1,2
0.417,0.226,0.25,0,0,1,2
0.417,0.229,0.25,0,0,1,2
0.417,0.232,0.25,0,0,1,2
0.417,0.235,0.25,0,0,1,2
0.417,0.238,0.25,0,0,1,2
0.417,0.241,0.25,0,0,1,2
0.417,0.244,0.25,0,0,1,2
0.417,0.247,0.25,0,0,1,2
0.417,0.25,0.25,0,0,1,2
0.417,0.253,0.25,0,0,1,2
0.417,0.256,0.25,0,0,1,2
0.417,0.259,0.25,0,0,1,2
0.42,0.1,0.25,0,0,1,2
0.42,0.103,0.25,0,0,1,2
0.42,0.106,0.25,0,0,1,2
0.42,0.109,0.25,0,0,1,2
0.42,0.112,0.25,0,0,1,2
0.42,0.115,0.25,0,0,1,2
0.42,0.118,0.25,0,0,1,2
0.42,0.121,0.25,0,0,1,2
0.42,0.124,0.25,0,0,1,2
0.42,0.127,0.25,0,0,1,2
0.42,0.13,0.25,0,0,1,2
0.42,0.133,0.25,0,0,1,2
0.42,0.136,0.25,0,0,1,2
0.42,0.139,0.25,0,0,1,2
0.42,0.142,0.25,0,0,1,2
0.42,0.145,0.25,0,0,1,2
0.42,0.148,0.25,0,0,1,2
0.42,0.151,0.25,0,0,1,2
0.42,0.154,0.25,0,0,1,2
0.42,0.157,0.25,0,0,1,2
0.42,0.16,0.25,0,0,1,2
0.42,0.163,0.25,0,0,1,2
0.42,0.166,0.25,0,0,1,2
0.42,0.169,0.25,0,0,1,2
0.42,0.172,0.25,0,0,1,2
0.42,0.175,0.25,0,0,1,2
0.42,0.178,0.25,0,0,1,2
0.42,0.181,0.25,0,0,1,2
0.42,0.184,0.25,0,0,1,2
0.42,0.187,0.25,0,0,1,2
0.42,0.19,0.25,0,0,1,2
0.42,0.193,0.25,0,0,1,2
0.42,0.196,0.25,0,0,1,2
0.42,0.199,0.25,0,0,1,2
0.42,0.202,0.25,0,0,1,2
0.42,0.205,0.25,0,0,1,2
0.42,0.208,0.25,0,0,1,2
0.42,0.211,0.25,0,0,1,2
0.42,0.214,0.25,0,0,1,2
0.42,0.217,0.25,0,0,1,2
0.42,0.22,0.25,0,0,1,2
0.42,0.223,0.25,0,0,1,2
0.42,0.226,0.25,0,0,1,2
0.42,0.229,0.25,0,0,1,2
0.42,0.232,0.25,0,0,1,2
0.42,0.235,0.25,0,0,1,2
0.42,0.238,0.25,0,0,1,2
0.42,0.241,0.25,0,0,1,2
0.42,0.244,0.25,0,0,1,2
0.42,0.247,0.25,0,0,1,2
0.42,0.25,0.25,0,0,1,2
0.42,0.253,0.25,0,0,1,2
0.42,0.256,0.25,0,0,1,2
0.42,0.259,0.25,0,0,1,2
0.423,0.1,0.25,0,0,1,2
0.423,0.103,0.25,0,0,1,2
0.423,0.106,0.25,0,0,1,2
0.423,0.109,0.25,0,0,1,2
0.423,0.112,0.25,0,0,1,2
0.423,0.115,0.25,0,0,1,2
0.423,0.118,0.25,0,0,1,2
0.423,0.121,0.25,0,0,1,2
0.423,0.124,0.25,0,0,1,2
0.423,0.127,0.25,0,0,1,2
0.423,0.13,0.25,0,0,1,2
0.423,0.133,0.25,0,0,1,2
0.423,0.136,0.25,0,0,1,2
0.423,0.139,0.25,0,0,1,2
0.423,0.142,0.25,0,0,1,2
0.423,0.145,0.25,0,0,1,2
0.423,0.148,0.25,0,0,1,2
0.423,0.151,0.25,0,0,1,2
0.423,0.154,0.25,0,0,1,2
0.423,0.157,0.25,0,0,1,2
0.423,0.16,0.25,0,0,1,2
0.423,0.163,0.25,0,0,1,2
0.423,0.166,0.25,0,0,1,2
0.423,0.169,0.25,0,0,1,2
0.423,0.172,0.25,0,0,1,2
0.423,0.175,0.25,0,0,1,2
0.423,0.178,0.25,0,0,1,2
0.423,0.181,0.25,0,0,1,2
0.423,0.184,0.25,0,0,1,2
0.423,0.187,0.25,0,0,1,2
0.423,0.19,0.25,0,0,1,2
0.423,0.193,0.25,0,0,1,2
0.423,0.196,0.25,0,0,1,2
0.423,0.199,0.25,0,0,1,2
0.423,0.202,0.25,0,0,1,2
0.423,0.205,0.25,0,0,1,2
0.423,0.208,0.25,0,0,1,2
0.423,0.211,0.25,0,0,1,2
0.423,0.214,0.25,0,0,1,2
0.423,0.217,0.25,0,0,1,2
0.423,0.22,0.25,0,0,1,2
0.423,0.223,0.25,0,0,1,2
0.423,0.226,0.25,0,0,1,2
0.423,0.229,0.25,0,0,1,2
0.423,0.232,0.25,0,0,1,2
0.423,0.235,0.25,0,0,1,2
0.423,0.238,0.25,0,0,1,2
0.423,0.241,0.25,0,0,1,2
0.423,0.244,0.25,0,0,1,2
0.423,0.247,0.25,0,0,1,2
0.423,0.25,0.25,0,0,1,2
0.423,0.253,0.25,0,0,1,2
0.423,0.256,0.25,0,0,1,2
0.423,0.259,0.25,0,0,1,2
0.426,0.1,0.25,0,0,1,2
0.426,0.103,0.25,0,0,1,2
0.426,0.106,0.25,0,0,1,2
0.426,0.109,0.25,0,0,1,2
0.426,0.112,0.25,0,0,1,2
0.426,0.115,0.25,0,0,1,2
0.426,0.118,0.25,0,0,1,2
0.426,0.121,0.25,0,0,1,2
0.426,0.124,0.25,0,0,1,2
0.426,0.127,0.25,0,0,1,2
0.426,0.13,0.25,0,0,1,2
0.426,0.133,0.25,0,0,1,2
0.426,0.136,0.25,0,0,1,2
0.426,0.139,0.25,0,0,1,2
0.426,0.142,0.25,0,0,1,2
0.426,0.145,0.25,0,0,1,2
0.426,0.148,0.25,0,0,1,2
0.426,0.151,0.25,0,0,1,2
0.426,0.154,0.25,0,0,1,2
0.426,0.157,0.25,0,0,1,2
0.426,0.16,0.25,0,0,1,2
0.426,0.163,0.25,0,0,1,2
0.426,0.166,0.25,0,0,1,2
0.426,0.169,0.25,0,0,1,2
0.426,0.172,0.25,0,0,1,2
0.426,0.175,0.25,0,0,1,2
0.426,0.178,0.25,0,0,1,2
0.426,0.181,0.25,0,0,1,2
0.426,0.184,0.25,0,0,1,2
0.426,0.187,0.25,0,0,1,2
0.426,0.19,0.25,0,0,1,2
0.426,0.193,0.25,0,0,1,2
0.426,0.196,0.25,0,0,1,2
0.426,0.199,0.25,0,0,1,2
0.426,0.202,0.25,0,0,1,2
0.426,0.205,0.25,0,0,1,2
0.426,0.208,0.25,0,0,1,2
0.426,0.211,0.25,0,0,1,2
0.426,0.214,0.25,0,0,1,2
0.426,0.217,0.25,0,0,1,2
0.426,0.22,0.25,0,0,1,2
0.426,0.223,0.25,0,0,1,2
0.426,0.226,0.25,0,0,1,2
0.426,0.229,0.25,0,0,1,2
0.426,0.232,0.25,0,0,1,2
0.426,0.235,0.25,0,0,1,2
0.426,0.238,0.25,0,0,1,2
0.426,0.241,0.25,0,0,1,2
0.426,0.244,0.25,0,0,1,2
0.426,0.247,0.25,0,0,1,2
0.426,0.25,0.25,0,0,1,2
0.426,0.253,0.25,0,0,1,2
0.426,0.256,0.25,0,0,1,2
0.426,0.259,0.25,0,0,1,2
0.429,0.1,0.25,0,0,1,2
0.429,0.103,0.25,0,0,1,2
0.429,0.106,0.25,0,0,1,2
0.429,0.109,0.25,0,0,1,2
0.429,0.112,0.25,0,0,1,2
0.429,0.115,0.25,0,0,1,2
0.429,0.118,0.25,0,0,1,2
0.429,0.121,0.25,0,0,1,2
0.429,0.124,0.25,0,0,1,2
0.429,0.127,0.25,0,0,1,2
0.429,0.13,0.25,0,0,1,2
0.429,0.133,0.25,0,0,1,2
0.429,0.136,0.25,0,0,1,2
0.429,0.139,0.25,0,0,1,2
0.429,0.142,0.25,0,0,1,2
0.429,0.145,0.25,0,0,1,2
0.429,0.148,0.25,0,0,1,2
0.429,0.151,0.25,0,0,1,2
0.429,0.154,0.25,0,0,1,2
0.429,0.157,0.25,0,0,1,2
0.429,0.16,0.25,0,0,1,2
0.429,0.163,0.25,0,0,1,2
0.429,0.166,0.25,0,0,1,2
0.429,0.169,0.25,0,0,1,2
0.429,0.172,0.25,0,0,1,2
0.429,0.175,0.25,0,0,1,2
0.429,0.178,0.25,0,0,1,2
0.429,0.181,0.25,0,0,1,2
0.429,0.184,0.25,0,0,1,2
0.429,0.187,0.25,0,0,1,2
0.429,0.19,0.25,0,0,1,2
0.429,0.193,0.25,0,0,1,2
0.429,0.196,0.25,0,0,1,2
0.429,0.199,0.25,0,0,1,2
0.429,0.202,0.25,0,0,1,2
0.429,0.205,0.25,0,0,1,2
0.429,0.208,0.25,0,0,1,2
0.429,0.211,0.25,0,0,1,2
0.429,0.214,0.25,0,0,1,2
0.429,0.217,0.25,0,0,1,2
0.429,0.22,0.25,0,0,1,2
0.429,0.223,0.25,0,0,1,2
0.429,0.226,0.25,0,0,1,2
0.429,0.229,0.25,0,0,1,2
0.429,0.232,0.25,0,0,1,2
0.429,0.235,0.25,0,0,1,2
0.429,0.238,0.25,0,0,1,2
0.429,0.241,0.25,0,0,1,2
0.429,0.244,0.25,0,0,1,2
0.429,0.247,0.25,0,0,1,2
0.429,0.25,0.25,0,0,1,2
0.429,0.253,0.25,0,0,1,2
0.429,0.256,0.25,0,0,1,2
0.429,0.259,0.25,0,0,1,2
0.432,0.1,0.25,0,0,1,2
0.432,0.103,0.25,0,0,1,2
0.432,0.106,0.25,0,0,1,2
0.432,0.109,0.25,0,0,1,2
0.432,0.112,0.25,0,0,1,2
0.432,0.115,0.25,0,0,1,2
0.432,0.118,0.25,0,0,1,2
0.432,0.121,0.25,0,0,1,2
0.432,0.124,0.25,0,0,1,2
0.432,0.127,0.25,0,0,1,2
0.432,0.13,0.25,0,0,1,2
0.432,0.133,0.25,0,0,1,2
0.432,0.136,0.25,0,0,1,2
0.432,0.139,0.25,0,0,1,2
0.432,0.142,0.25,0,0,1,2
0.432,0.145,0.25,0,0,1,2
0.432,0.148,0.25,0,0,1,2
0.432,0.151,0.25,0,0,1,2
0.432,0.154,0.25,0,0,1,2
0.432,0.157,0.25,0,0,1,2
0.432,0.16,0.25,0,0,1,2
0.432,0.163,0.25,0,0,1,2
0.432,0.166,0.25,0,0,1,2
0.432,0.169,0.25,0,0,1,2
0.432,0.172,0.25,0,0,1,2
0.432,0.175,0.25,0,0,1,2
0.432,0.178,0.25,0,0,1,2
0.432,0.181,0.25,0,0,1,2
0.432,0.184,0.25,0,0,1,2
0.432,0.187,0.25,0,0,1,2
0.432,0.19,0.25,0,0,1,2
0.432,0.193,0.25,0,0,1,2
0.432,0.196,0.25,0,0,1,2
0.432,0.199,0.25,0,0,1,2
0.432,0.202,0.25,0,0,1,2
0.432,0.205,0.25,0,0,1,2
0.432,0.208,0.25,0,0,1,2
0.432,0.211,0.25,0,0,1,2
0.432,0.214,0.25,0,0,1,2
0.432,0.217,0.25,0,0,1,2
0.432,0.22,0.25,0,0,1,2
0.432,0.223,0.25,0,0,1,2
0.432,0.226,0.25,0,0,1,2
0.432,0.229,0.25,0,0,1,2
0.432,0.232,0.25,0,0,1,2
0.432,0.235,0.25,0,0,1,2
0.432,0.238,0.25,0,0,1,2
0.432,0.241,0.25,0,0,1,2
0.432,0.244,0.25,0,0,1,2
0.432,0.247,0.25,0,0,1,2
0.432,0.25,0.25,0,0,1,2
0.432,0.253,0.25,0,0,1,2
0.432,0.256,0.25,0,0,1,2
0.432,0.259,0.25,0,0,1,2
0.435,0.1,0.25,0,0,1,2
0.435,0.103,0.25,0,0,1,2
0.435,0.106,0.25,0,0,1,2
0.435,0.109,0.25,0,0,1,2
0.435,0.112,0.25,0,0,1,2
0.435,0.115,0.25,0,0,1,2
0.435,0.118,0.25,0,0,1,2
0.435,0.121,0.25,0,0,1,2
0.435,0.124,0.25,0,0,1,2
0.435,0.127,0.25,0,0,1,2
0.435,0.13,0.25,0,0,1,2
0.435,0.133,0.25,0,0,1,2
0.435,0.136,0.25,0,0,1,2
0.435,0.139,0.25,0,0,1,2
0.435,0.142,0.25,0,0,1,2
0.435,0.145,0.25,0,0,1,2
0.435,0.148,0.25,0,0,1,2
0.435,0.151,0.25,0,0,1,2
0.435,0.154,0.25,0,0,1,2
0.435,0.157,0.25,0,0,1,2
0.435,0.16,0.25,0,0,1,2
0.435,0.163,0.25,0,0,1,2
0.435,0.166,0.25,0,0,1,2
0.435,0.169,0.25,0,0,1,2
0.435,0.172,0.25,0,0,1,2
0.435,0.175,0.25,0,0,1,2
0.435,0.178,0.25,0,0,1,2
0.435,0.181,0.25,0,0,1,2
0.435,0.184,0.25,0,0,1,2
0.435,0.187,0.25,0,0,1,2
0.435,0.19,0.25,0,0,1,2
0.435,0.193,0.25,0,0,1,2
0.435,0.196,0.25,0,0,1,2
0.435,0.199,0.25,0,0,1,2
0.435,0.202,0.25,0,0,1,2
0.435,0.205,0.25,0,0,1,2
0.435,0.208,0.25,0,0,1,2
0.435,0.211,0.25,0,0,1,2
0.435,0.214,0.25,0,0,1,2
0.435,0.217,0.25,0,0,1,2
0.435,0.22,0.25,0,0,1,2
0.435,0.223,0.25,0,0,1,2
0.435,0.226,0.25,0,0,1,2
0.435,0.229,0.25,0,0,1,2
0.435,0.232,0.25,0,0,1,2
0.435,0.235,0.25,0,0,1,2
0.435,0.238,0.25,0,0,1,2
0.435,0.241,0.25,0,0,1,2
0.435,0.244,0.25,0,0,1,2
0.435,0.247,0.25,0,0,1,2
0.435,0.25,0.25,0,0,1,2
0.435,0.253,0.25,0,0,1,2
0.435,0.256,0.25,0,0,1,2
0.435,0.259,0.25,0,0,1,2
0.438,0.1,0.25,0,0,1,2
0.438,0.103,0.25,0,0,1,2
0.438,0.106,0.25,0,0,1,2
0.438,0.109,0.25,0,0,1,2
0.438,0.112,0.25,0,0,1,2
0.438,0.115,0.25,0,0,1,2
0.438,0.118,0.25,0,0,1,2
0.438,0.121,0.25,0,0,1,2
0.438,0.124,0.25,0,0,1,2
0.438,0.127,0.25,0,0,1,2
0.438,0.13,0.25,0,0,1,2
0.438,0.133,0.25,0,0,1,2
0.438,0.136,0.25,0,0,1,2
0.438,0.139,0.25,0,0,1,2
0.438,0.142,0.25,0,0,1,2
0.438,0.145,0.25,0,0,1,2
0.438,0.148,0.25,0,0,1,2
0.438,0.151,0.25,0,0,1,2
0.438,0.154,0.25,0,0,1,2
0.438,0.157,0.25,0,0,1,2
0.438,0.16,0.25,0,0,1,2
0.438,0.163,0.25,0,0,1,2
0.438,0.166,0.25,0,0,1,2
0.438,0.169,0.25,0,0,1,2
0.438,0.172,0.25,0,0,1,2
0.438,0.175,0.25,0,0,1,2
0.438,0.178,0.25,0,0,1,2
0.438,0.181,0.25,0,0,1,2
0.438,0.184,0.25,0,0,1,2
0.438,0.187,0.25,0,0,1,2
0.438,0.19,0.25,0,0,1,2
0.438,0.193,0.25,0,0,1,2
0.438,0.196,0.25,0,0,1,2
0.438,0.199,0.25,0,0,1,2
0.438,0.202,0.25,0,0,1,2
0.438,0.205,0.25,0,0,1,2
0.438,0.208,0.25,0,0,1,2
0.438,0.211,0.25,0,0,1,2
0.438,0.214,0.25,0,0,1,2
0.438,0.217,0.25,0,0,1,2
0.438,0.22,0.25,0,0,1,2
0.438,0.223,0.25,0,0,1,2
0.438,0.226,0.25,0,0,1,2
0.438,0.229,0.25,0,0,1,2
0.438,0.232,0.25,0,0,1,2
0.438,0.235,0.25,0,0,1,2
0.438,0.238,0.25,0,0,1,2
0.438,0.241,0.25,0,0,1,2
0.438,0.244,0.25,0,0,1,2
0.438,0.247,0.25,0,0,1,2
0.438,0.25,0.25,0,0,1,2
0.438,0.253,0.25,0,0,1,2
0.438,0.256,0.25,0,0,1,2
0.438,0.259,0.25,0,0,1,2
0.441,0.1,0.25,0,0,1,2
0.441,0.103,0.25,0,0,1,2
0.441,0.106,0.25,0,0,1,2
0.441,0.109,0.25,0,0,1,2
0.441,0.112,0.25,0,0,1,2
0.441,0.115,0.25,0,0,1,2
0.441,0.118,0.25,0,0,1,2
0.441,0.121,0.25,0,0,1,2
0.441,0.124,0.25,0,0,1,2
0.441,0.127,0.25,0,0,1,2
0.441,0.13,0.25,0,0,1,2
0.441,0.133,0.25,0,0,1,2
0.441,0.136,0.25,0,0,1,2
0.441,0.139,0.25,0,0,1,2
0.441,0.142,0.25,0,0,1,2
0.441,0.145,0.25,0,0,1,2
0.441,0.148,0.25,0,0,1,2
0.441,0.151,0.25,0,0,1,2
0.441,0.154,0.25,0,0,1,2
0.441,0.157,0.25,0,0,1,2
0.441,0.16,0.25,0,0,1,2
0.441,0.163,0.25,0,0,1,2
0.441,0.166,0.25,0,0,1,2
0.441,0.169,0.25,0,0,1,2
0.441,0.172,0.25,0,0,1,2
0.441,0.175,0.25,0,0,1,2
0.441,0.178,0.25,0,0,1,2
0.441,0.181,0.25,0,0,1,2
0.441,0.184,0.25,0,0,1,2
0.441,0.187,0.25,0,0,1,2
0.441,0.19,0.25,0,0,1,2
0.441,0.193,0.25,0,0,1,2
0.441,0.196,0.25,0,0,1,2
0.441,0.199,0.25,0,0,1,2
0.441,0.202,0.25,0,0,1,2
0.441,0.205,0.25,0,0,1,2
0.441,0.208,0.25,0,0,1,2
0.441,0.211,0.25,0,0,1,2
0.441,0.214,0.25,0,0,1,2
0.441,0.217,0.25,0,0,1,2
0.441,0.22,0.25,0,0,1,2
0.441,0.223,0.25,0,0,1,2
0.441,0.226,0.25,0,0,1,2
0.441,0.229,0.25,0,0,1,2
0.441,0.232,0.25,0,0,1,2
0.441,0.235,0.25,0,0,1,2
0.441,0.238,0.25,0,0,1,2
0.441,0.241,0.25,0,0,1,2
0.441,0.244,0.25,0,0,1,2
0.441,0.247,0.25,0,0,1,2
0.441,0.25,0.25,0,0,1,2
0.441,0.253,0.25,0,0,1,2
0.441,0.256,0.25,0,0,1,2
0.441,0.259,0.25,0,0,1,2
0.444,0.1,0.25,0,0,1,2
0.444,0.103,0.25,0,0,1,2
0.444,0.106,0.25,0,0,1,2
0.444,0.109,0.25,0,0,1,2
0.444,0.112,0.25,0,0,1,2
0.444,0.115,0.25,0,0,1,2
0.444,0.118,0.25,0,0,1,2
0.444,0.121,0.25,0,0,1,2
0.444,0.124,0.25,0,0,1,2
0.444,0.127,0.25,0,0,1,2
0.444,0.13,0.25,0,0,1,2
0.444,0.133,0.25,0,0,1,2
0.444,0.136,0.25,0,0,1,2
0.444,0.139,0.25,0,0,1,2
0.444,0.142,0.25,0,0,1,2
0.444,0.145,0.25,0,0,1,2
0.444,0.148,0.25,0,0,1,2
0.444,0.151,0.25,0,0,1,2
0.444,0.154,0.25,0,0,1,2
0.444,0.157,0.25,0,0,1,2
0.444,0.16,0.25,0,0,1,2
0.444,0.163,0.25,0,0,1,2
0.444,0.166,0.25,0,0,1,2
0.444,0.169,0.25,0,0,1,2
0.444,0.172,0.25,0,0,1,2
0.444,0.175,0.25,0,0,1,2
0.444,0.178,0.25,0,0,1,2
0.444,0.181,0.25,0,0,1,2
0.444,0.184,0.25,0,0,1,2
0.444,0.187,0.25,0,0,1,2
0.444,0.19,0.25,0,0,1,2
0.444,0.193,0.25,0,0,1,2
0.444,0.196,0.25,0,0,1,2
0.444,0.199,0.25,0,0,1,2
0.444,0.202,0.25,0,0,1,2
0.444,0.205,0.25,0,0,1,2
0.444,0.208,0.25,0,0,1,2
0.444,0.211,0.25,0,0,1,2
0.444,0.214,0.25,0,0,1,2
0.444,0.217,0.25,0,0,1,2
0.444,0.22,0.25,0,0,1,2
0.444,0.223,0.25,0,0,1,2
0.444,0.226,0.25,0,0,1,2
0.444,0.229,0.25,0,0,1,2
0.444,0.232,0.25,0,0,1,2
0.444,0.235,0.25,0,0,1,2
0.444,0.238,0.25,0,0,1,2
0.444,0.241,0.25,0,0,1,2
0.444,0.244,0.25,0,0,1,2
0.444,0.247,0.25,0,0,1,2
0.444,0.25,0.25,0,0,1,2
0.444,0.253,0.25,0,0,1,2
0.444,0.256,0.25,0,0,1,2
0.444,0.259,0.25,0,0,1,2
0.447,0.1,0.25,0,0,1,2
0.447,0.103,0.25,0,0,1,2
0.447,0.106,0.25,0,0,1,2
0.447,0.109,0.25,0,0,1,2
0.447,0.112,0.25,0,0,1,2
0.447,0.115,0.25,0,0,1,2
0.447,0.118,0.25,0,0,1,2
0.447,0.121,0.25,0,0,1,2
0.447,0.124,0.25,0,0,1,2
0.447,0.127,0.25,0,0,1,2
0.447,0.13,0.25,0,0,1,2
0.447,0.133,0.25,0,0,1,2
0.447,0.136,0.25,0,0,1,2
0.447,0.139,0.25,0,0,1,2
0.447,0.142,0.25,0,0,1,2
0.447,0.145,0.25,0,0,1,2
0.447,0.148,0.25,0,0,1,2
0.447,0.151,0.25,0,0,1,2
0.447,0.154,0.25,0,0,1,2
0.447,0.157,0.25,0,0,1,2
0.447,0.16,0.25,0,0,1,2
0.447,0.163,0.25,0,0,1,2
0.447,0.166,0.25,0,0,1,2
0.447,0.169,0.25,0,0,1,2
0.447,0.172,0.25,0,0,1,2
0.447,0.175,0.25,0,0,1,2
0.447,0.178,0.25,0,0,1,2
0.447,0.181,0.25,0,0,1,2
0.447,0.184,0.25,0,0,1,2
0.447,0.187,0.25,0,0,1,2
0.447,0.19,0.25,0,0,1,2
0.447,0.193,0.25,0,0,1,2
0.447,0.196,0.25,0,0,1,2
0.447,0.199,0.25,0,0,1,2
0.447,0.202,0.25,0,0,1,2
0.447,0.205,0.25,0,0,1,2
0.447,0.208,0.25,0,0,1,2
0.447,0.211,0.25,0,0,1,2
0.447,0.214,0.25,0,0,1,2
0.447,0.217,0.25,0,0,1,2
0.447,0.22,0.25,0,0,1,2
0.447,0.223,0.25,0,0,1,2
0.447,0.226,0.25,0,0,1,2
0.447,0.229,0.25,0,0,1,2
0.447,0.232,0.25,0,0,1,2
0.447,0.235,0.25,0,0,1,2
0.447,0.238,0.25,0,0,1,2
0.447,0.241,0.25,0,0,1,2
0.447,0.244,0.25,0,0,1,2
0.447,0.247,0.25,0,0,1,2
0.447,0.25,0.25,0,0,1,2
0.447,0.253,0.25,0,0,1,2
0.447,0.256,0.25,0,0,1,2
0.447,0.259,0.25,0,0,1,2
0.45,0.1,0.25,0,0,1,2
0.45,0.103,0.25,0,0,1,2
0.45,0.106,0.25,0,0,1,2
0.45,0.109,0.25,0,0,1,2
0.45,0.112,0.25,0,0,1,2
0.45,0.115,0.25,0,0,1,2
0.45,0.118,0.25,0,0,1,2
0.45,0.121,0.25,0,0,1,2
0.45,0.124,0.25,0,0,1,2
0.45,0.127,0.25,0,0,1,2
0.45,0.13,0.25,0,0,1,2
0.45,0.133,0.25,0,0,1,2
0.45,0.136,0.25,0,0,1,2
0.45,0.139,0.25,0,0,1,2
0.45,0.142,0.25,0,0,1,2
0.45,0.145,0.25,0,0,1,2
0.45,0.148,0.25,0,0,1,2
0.45,0.151,0.25,0,0,1,2
0.45,0.154,0.25,0,0,1,2
0.45,0.157,0.25,0,0,1,2
0.45,0.16,0.25,0,0,1,2
0.45,0.163,0.25,0,0,1,2
0.45,0.166,0.25,0,0,1,2
0.45,0.169,0.25,0,0,1,2
0.45,0.172,0.25,0,0,1,2
0.45,0.175,0.25,0,0,1,2
0.45,0.178,0.25,0,0,1,2
0.45,0.181,0.25,0,0,1,2
0.45,0.184,0.25,0,0,1,2
0.45,0.187,0.25,0,0,1,2
0.45,0.19,0.25,0,0,1,2
0.45,0.193,0.25,0,0,1,2
0.45,0.196,0.25,0,0,1,2
0.45,0.199,0.25,0,0,1,2
0.45,0.202,0.25,0,0,1,2
0.45,0.205,0.25,0,0,1,2
0.45,0.208,0.25,0,0,1,2
0.45,0.211,0.25,0,0,1,2
0.45,0.214,0.25,0,0,1,2
0.45,0.217,0.25,0,0,1,2
0.45,0.22,0.25,0,0,1,2
0.45,0.223,0.25,0,0,1,2
0.45,0.226,0.25,0,0,1,2
0.45,0.229,0.25,0,0,1,2
0.45,0.232,0.25,0,0,1,2
0.45,0.235,0.25,0,0,1,2
0.45,0.238,0.25,0,0,1,2
0.45,0.241,0.25,0,0,1,2
0.45,0.244,0.25,0,0,1,2
0.45,0.247,0.25,0,0,1,2
0.45,0.25,0.25,0,0,1,2
0.45,0.253,0.25,0,0,1,2
0.45,0.256,0.25,0,0,1,2
0.45,0.259,0.25,0,0,1,2
0.453,0.1,0.25,0,0,1,2
0.453,0.103,0.25,0,0,1,2
0.453,0.106,0.25,0,0,1,2
0.453,0.109,0.25,0,0,1,2
0.453,0.112,0.25,0,0,1,2
0.453,0.115,0.25,0,0,1,2
0.453,0.118,0.25,0,0,1,2
0.453,0.121,0.25,0,0,1,2
0.453,0.124,0.25,0,0,1,2
0.453,0.127,0.25,0,0,1,2
0.453,0.13,0.25,0,0,1,2
0.453,0.133,0.25,0,0,1,2
0.453,0.136,0.25,0,0,1,2
0.453,0.139,0.25,0,0,1,2
0.453,0.142,0.25,0,0,1,2
0.453,0.145,0.25,0,0,1,2
0.453,0.148,0.25,0,0,1,2
0.453,0.151,0.25,0,0,1,2
0.453,0.154,0.25,0,0,1,2
0.453,0.157,0.25,0,0,1,2
0.453,0.16,0.25,0,0,1,2
0.453,0.163,0.25,0,0,1,2
0.453,0.166,0.25,0,0,1,2
0.453,0.169,0.25,0,0,1,2
0.453,0.172,0.25,0,0,1,2
0.453,0.175,0.25,0,0,1,2
0.453,0.178,0.25,0,0,1,2
0.453,0.181,0.25,0,0,1,2
0.453,0.184,0.25,0,0,1,2
0.453,0.187,0.25,0,0,1,2
0.453,0.19,0.25,0,0,1,2
0.453,0.193,0.25,0,0,1,2
0.453,0.196,0.25,0,0,1,2
0.453,0.199,0.25,0,0,1,2
0.453,0.202,0.25,0,0,1,2
0.453,0.205,0.25,0,0,1,2
0.453,0.208,0.25,0,0,1,2
0.453,0.211,0.25,0,0,1,2
0.453,0.214,0.25,0,0,1,2
0.453,0.217,0.25,0,0,1,2
0.453,0.22,0.25,0,0,1,2
0.453,0.223,0.25,0,0,1,2
0.453,0.226,0.25,0,0,1,2
0.453,0.229,0.25,0,0,1,2
0.453,0.232,0.25,0,0,1,2
0.453,0.235,0.25,0,0,1,2
0.453,0.238,0.25,0,0,1,2
0.453,0.241,0.25,0,0,1,2
0.453,0.244,0.25,0,0,1,2
0.453,0.247,0.25,0,0,1,2
0.453,0.25,0.25,0,0,1,2
0.453,0.253,0.25,0,0,1,2
0.453,0.256,0.25,0,0,1,2
0.453,0.259,0.25,0,0,1,2
0.456,0.1,0.25,0,0,1,2
0.456,0.103,0.25,0,0,1,2
0.456,0.106,0.25,0,0,1,2
0.456,0.109,0.25,0,0,1,2
0.456,0.112,0.25,0,0,1,2
0.456,0.115,0.25,0,0,1,2
0.456,0.118,0.25,0,0,1,2
0.456,0.121,0.25,0,0,1,2
0.456,0.124,0.25,0,0,1,2
0.456,0.127,0.25,0,0,1,2
0.456,0.13,0.25,0,0,1,2
0.456,0.133,0.25,0,0,1,2
0.456,0.136,0.25,0,0,1,2
0.456,0.139,0.25,0,0,1,2
0.456,0.142,0.25,0,0,1,2
0.456,0.145,0.25,0,0,1,2
0.456,0.148,0.25,0,0,1,2
0.456,0.151,0.25,0,0,1,2
0.456,0.154,0.25,0,0,1,2
0.456,0.157,0.25,0,0,1,2
0.456,0.16,0.25,0,0,1,2
0.456,0.163,0.25,0,0,1,2
0.456,0.166,0.25,0,0,1,2
0.456,0.169,0.25,0,0,1,2
0.456,0.172,0.25,0,0,1,2
0.456,0.175,0.25,0,0,1,2
0.456,0.178,0.25,0,0,1,2
0.456,0.181,0.25,0,0,1,2
0.456,0.184,0.25,0,0,1,2
0.456,0.187,0.25,0,0,1,2
0.456,0.19,0.25,0,0,1,2
0.456,0.193,0.25,0,0,1,2
0.456,0.196,0.25,0,0,1,2
0.456,0.199,0.25,0,0,1,2
0.456,0.202,0.25,0,0,1,2
0.456,0.205,0.25,0,0,1,2
0.456,0.208,0.25,0,0,1,2
0.456,0.211,0.25,0,0,1,2
0.456,0.214,0.25,0,0,1,2
0.456,0.217,0.25,0,0,1,2
0.456,0.22,0.25,0,0,1,2
0.456,0.223,0.25,0,0,1,2
0.456,0.226,0.25,0,0,1,2
0.456,0.229,0.25,0,0,1,2
0.456,0.232,0.25,0,0,1,2
0.456,0.235,0.25,0,0,1,2
0.456,0.238,0.25,0,0,1,2
0.456,0.241,0.25,0,0,1,2
0.456,0.244,0.25,0,0,1,2
0.456,0.247,0.25,0,0,1,2
0.456,0.25,0.25,0,0,1,2
0.456,0.253,0.25,0,0,1,2
0.456,0.256,0.25,0,0,1,2
0.456,0.259,0.25,0,0,1,2
0.459,0.1,0.25,0,0,1,2
0.459,0.103,0.25,0,0,1,2
0.459,0.106,0.25,0,0,1,2
0.459,0.109,0.25,0,0,1,2
0.459,0.112,0.25,0,0,1,2
0.459,0.115,0.25,0,0,1,2
0.459,0.118,0.25,0,0,1,2
0.459,0.121,0.25,0,0,1,2
0.459,0.124,0.25,0,0,1,2
0.459,0.127,0.25,0,0,1,2
0.459,0.13,0.25,0,0,1,2
0.459,0.133,0.25,0,0,1,2
0.459,0.136,0.25,0,0,1,2
0.459,0.139,0.25,0,0,1,2
0.459,0.142,0.25,0,0,1,2
0.459,0.145,0.25,0,0,1,2
0.459,0.148,0.25,0,0,1,2
0.459,0.151,0.25,0,0,1,2
0.459,0.154,0.25,0,0,1,2
0.459,0.157,0.25,0,0,1,2
0.459,0.16,0.25,0,0,1,2
0.459,0.163,0.25,0,0,1,2
0.459,0.166,0.25,0,0,1,2
0.459,0.169,0.25,0,0,1,2
0.459,0.172,0.25,0,0,1,2
0.459,0.175,0.25,0,0,1,2
0.459,0.178,0.25,0,0,1,2
0.459,0.181,0.25,0,0,1,2
0.459,0.184,0.25,0,0,1,2
0.459,0.187,0.25,0,0,1,2
0.459,0.19,0.25,0,0,1,2
0.459,0.193,0.25,0,0,1,2
0.459,0.196,0.25,0,0,1,2
0.459,0.199,0.25,0,0,1,2
0.459,0.202,0.25,0,0,1,2
0.459,0.205,0.25,0,0,1,2
0.459,0.208,0.25,0,0,1,2
0.459,0.211,0.25,0,0,1,2
0.459,0.214,0.25,0,0,1,2
0.459,0.217,0.25,0,0,1,2
0.459,0.22,0.25,0,0,1,2
0.459,0.223,0.25,0,0,1,2
0.459,0.226,0.25,0,0,1,2
0.459,0.229,0.25,0,0,1,2
0.459,0.232,0.25,0,0,1,2
0.459,0.235,0.25,0,0,1,2
0.459,0.238,0.25,0,0,1,2
0.459,0.241,0.25,0,0,1,2
0.459,0.244,0.25,0,0,1,2
0.459,0.247,0.25,0,0,1,2
0.459,0.25,0.25,0,0,1,2
0.459,0.253,0.25,0,0,1,2
0.459,0.256,0.25,0,0,1,2
0.459,0.259,0.25,0,0,1,2
0.462,0.1,0.25,0,0,1,2
0.462,0.103,0.25,0,0,1,2
0.462,0.106,0.25,0,0,1,2
0.462,0.109,0.25,0,0,1,2
0.462,0.112,0.25,0,0,1,2
0.462,0.115,0.25,0,0,1,2
0.462,0.118,0.25,0,0,1,2
0.462,0.121,0.25,0,0,1,2
0.462,0.124,0.25,0,0,1,2
0.462,0.127,0.25,0,0,1,2
0.462,0.13,0.25,0,0,1,2
0.462,0.133,0.25,0,0,1,2
0.462,0.136,0.25,0,0,1,2
0.462,0.139,0.25,0,0,1,2
0.462,0.142,0.25,0,0,1,2
0.462,0.145,0.25,0,0,1,2
0.462,0.148,0.25,0,0,1,2
0.462,0.151,0.25,0,0,1,2
0.462,0.154,0.25,0,0,1,2
0.462,0.157,0.25,0,0,1,2
0.462,0.16,0.25,0,0,1,2
0.462,0.163,0.25,0,0,1,2
0.462,0.166,0.25,0,0,1,2
0.462,0.169,0.25,0,0,1,2
0.462,0.172,0.25,0,0,1,2
0.462,0.175,0.25,0,0,1,2
0.462,0.178,0.25,0,0,1,2
0.462,0.181,0.25,0,0,1,2
0.462,0.184,0.25,0,0,1,2
0.462,0.187,0.25,0,0,1,2
0.462,0.19,0.25,0,0,1,2
0.462,0.193,0.25,0,0,1,2
0.462,0.196,0.25,0,0,1,2
0.462,0.199,0.25,0,0,1,2
0.462,0.202,0.25,0,0,1,2
0.462,0.205,0.25,0,0,1,2
0.462,0.208,0.25,0,0,1,2
0.462,0.211,0.25,0,0,1,2
0.462,0.214,0.25,0,0,1,2
0.462,0.217,0.25,0,0,1,2
0.462,0.22,0.25,0,0,1,2
0.462,0.223,0.25,0,0,1,2
0.462,0.226,0.25,0,0,1,2
0.462,0.229,0.25,0,0,1,2
0.462,0.232,0.25,0,0,1,2
0.462,0.235,0.25,0,0,1,2
0.462,0.238,0.25,0,0,1,2
0.462,0.241,0.25,0,0,1,2
0.462,0.244,0.25,0,0,1,2
0.462,0.247,0.25,0,0,1,2
0.462,0.25,0.25,0,0,1,2
0.462,0.253,0.25,0,0,1,2
0.462,0.256,0.25,0,0,1,2
0.462,0.259,0.25,0,0,1,2
0.465,0.1,0.25,0,0,1,2
0.465,0.103,0.25,0,0,1,2
0.465,0.106,0.25,0,0,1,2
0.465,0.109,0.25,0,0,1,2
0.465,0.112,0.25,0,0,1,2
0.465,0.115,0.25,0,0,1,2
0.465,0.118,0.25,0,0,1,2
0.465,0.121,0.25,0,0,1,2
0.465,0.124,0.25,0,0,1,2
0.465,0.127,0.25,0,0,1,2
0.465,0.13,0.25,0,0,1,2
0.465,0.133,0.25,0,0,1,2
0.465,0.136,0.25,0,0,1,2
0.465,0.139,0.25,0,0,1,2
0.465,0.142,0.25,0,0,1,2
0.465,0.145,0.25,0,0,1,2
0.465,0.148,0.25,0,0,1,2
0.465,0.151,0.25,0,0,1,2
0.465,0.154,0.25,0,0,1,2
0.465,0.157,0.25,0,0,1,2
0.465,0.16,0.25,0,0,1,2
0.465,0.163,0.25,0,0,1,2
0.465,0.166,0.25,0,0,1,2
0.465,0.169,0.25,0,0,1,2
0.465,0.172,0.25,0,0,1,2
0.465,0.175,0.25,0,0,1,2
0.465,0.178,0.25,0,0,1,2
0.465,0.181,0.25,0,0,1,2
0.465,0.184,0.25,0,0,1,2
0.465,0.187,0.25,0,0,1,2
0.465,0.19,0.25,0,0,1,2
0.465,0.193,0.25,0,0,1,2
0.465,0.196,0.25,0,0,1,2
0.465,0.199,0.25,0,0,1,2
0.465,0.202,0.25,0,0,1,2
0.465,0.205,0.25,0,0,1,2
0.465,0.208,0.25,0,0,1,2
0.465,0.211,0.25,0,0,1,2
0.465,0.214,0.25,0,0,1,2
0.465,0.217,0.25,0,0,1,2
0.465,0.22,0.25,0,0,1,2
0.465,0.223,0.25,0,0,1,2
0.465,0.226,0.25,0,0,1,2
0.465,0.229,0.25,0,0,1,2
0.465,0.232,0.25,0,0,1,2
0.465,0.235,0.25,0,0,1,2
0.465,0.238,0.25,0,0,1,2
0.465,0.241,0.25,0,0,1,2
0.465,0.244,0.25,0,0,1,2
0.465,0.247,0.25,0,0,1,2
0.465,0.25,0.25,0,0,1,2
0.465,0.253,0.25,0,0,1,2
0.465,0.256,0.25,0,0,1,2
0.465,0.259,0.25,0,0,1,2
0.468,0.1,0.25,0,0,1,2
0.468,0.103,0.25,0,0,1,2
0.468,0.106,0.25,0,0,1,2
0.468,0.109,0.25,0,0,1,2
0.468,0.112,0.25,0,0,1,2
0.468,0.115,0.25,0,0,1,2
0.468,0.118,0.25,0,0,1,2
0.468,0.121,0.25,0,0,1,2
0.468,0.124,0.25,0,0,1,2
0.468,0.127,0.25,0,0,1,2
0.468,0.13,0.25,0,0,1,2
0.468,0.133,0.25,0,0,1,2
0.468,0.136,0.25,0,0,1,2
0.468,0.139,0.25,0,0,1,2
0.468,0.142,0.25,0,0,1,2
0.468,0.145,0.25,0,0,1,2
0.468,0.148,0.25,0,0,1,2
0.468,0.151,0.25,0,0,1,2
0.468,0.154,0.25,0,0,1,2
0.468,0.157,0.25,0,0,1,2
0.468,0.16,0.25,0,0,1,2
0.468,0.163,0.25,0,0,1,2
0.468,0.166,0.25,0,0,1,2
0.468,0.169,0.25,0,0,1,2
0.468,0.172,0.25,0,0,1,2
0.468,0.175,0.25,0,0,1,2
0.468,0.178,0.25,0,0,1,2
0.468,0.181,0.25,0,0,1,2
0.468,0.184,0.25,0,0,1,2
0.468,0.187,0.25,0,0,1,2
0.468,0.19,0.25,0,0,1,2
0.468,0.193,0.25,0,0,1,2
0.468,0.196,0.25,0,0,1,2
0.468,0.199,0.25,0,0,1,2
0.468,0.202,0.25,0,0,1,2
0.468,0.205,0.25,0,0,1,2
0.468,0.208,0.25,0,0,1,2
0.468,0.211,0.25,0,0,1,2
0.468,0.214,0.25,0,0,1,2
0.468,0.217,0.25,0,0,1,2
0.468,0.22,0.25,0,0,1,2
0.468,0.223,0.25,0,0,1,2
0.468,0.226,0.25,0,0,1,2
0.468,0.229,0.25,0,0,1,2
0.468,0.232,0.25,0,0,1,2
0.468,0.235,0.25,0,0,1,2
0.468,0.238,0.25,0,0,1,2
0.468,0.241,0.25,0,0,1,2
0.468,0.244,0.25,0,0,1,2
0.468,0.247,0.25,0,0,1,2
0.468,0.25,0.25,0,0,1,2
0.468,0.253,0.25,0,0,1,2
0.468,0.256,0.25,0,0,1,2
0.468,0.259,0.25,0,0,1,2
0.471,0.1,0.25,0,0,1,2
0.471,0.103,0.25,0,0,1,2
0.471,0.106,0.25,0,0,1,2
0.471,0.109,0.25,0,0,1,2
0.471,0.112,0.25,0,0,1,2
0.471,0.115,0.25,0,0,1,2
0.471,0.118,0.25,0,0,1,2
0.471,0.121,0.25,0,0,1,2
0.471,0.124,0.25,0,0,1,2
0.471,0.127,0.25,0,0,1,2
0.471,0.13,0.25,0,0,1,2
0.471,0.133,0.25,0,0,1,2
0.471,0.136,0.25,0,0,1,2
0.471,0.139,0.25,0,0,1,2
0.471,0.142,0.25,0,0,1,2
0.471,0.145,0.25,0,0,1,2
0.471,0.148,0.25,0,0,1,2
0.471,0.151,0.25,0,0,1,2
0.471,0.154,0.25,0,0,1,2
0.471,0.157,0.25,0,0,1,2
0.471,0.16,0.25,0,0,1,2
0.471,0.163,0.25,0,0,1,2
0.471,0.166,0.25,0,0,1,2
0.471,0.169,0.25,0,0,1,2
0.471,0.172,0.25,0,0,1,2
0.471,0.175,0.25,0,0,1,2
0.471,0.178,0.25,0,0,1,2
0.471,0.181,0.25,0,0,1,2
0.471,0.184,0.25,0,0,1,2
0.471,0.187,0.25,0,0,1,2
0.471,0.19,0.25,0,0,1,2
0.471,0.193,0.25,0,0,1,2
0.471,0.196,0.25,0,0,1,2
0.471,0.199,0.25,0,0,1,2
0.471,0.202,0.25,0,0,1,2
0.471,0.205,0.25,0,0,1,2
0.471,0.208,0.25,0,0,1,2
0.471,0.211,0.25,0,0,1,2
0.471,0.214,0.25,0,0,1,2
0.471,0.217,0.25,0,0,1,2
0.471,0.22,0.25,0,0,1,2
0.471,0.223,0.25,0,0,1,2
0.471,0.226,0.25,0,0,1,2
0.471,0.229,0.25,0,0,1,2
0.471,0.232,0.25,0,0,1,2
0.471,0.235,0.25,0,0,1,2
0.471,0.238,0.25,0,0,1,2
0.471,0.241,0.25,0,0,1,2
0.471,0.244,0.25,0,0,1,2
0.471,0.247,0.25,0,0,1,2
0.471,0.25,0.25,0,0,1,2
0.471,0.253,0.25,0,0,1,2
0.471,0.256,0.25,0,0,1,2
0.471,0.259,0.25,0,0,1,2
0.474,0.1,0.25,0,0,1,2
0.474,0.103,0.25,0,0,1,2
0.474,0.106,0.25,0,0,1,2
0.474,0.109,0.25,0,0,1,2
0.474,0.112,0.25,0,0,1,2
0.474,0.115,0.25,0,0,1,2
0.474,0.118,0.25,0,0,1,2
0.474,0.121,0.25,0,0,1,2
0.474,0.124,0.25,0,0,1,2
0.474,0.127,0.25,0,0,1,2
0.474,0.13,0.25,0,0,1,2
0.474,0.133,0.25,0,0,1,2
0.474,0.136,0.25,0,0,1,2
0.474,0.139,0.25,0,0,1,2
0.474,0.142,0.25,0,0,1,2
0.474,0.145,0.25,0,0,1,2
0.474,0.148,0.25,0,0,1,2
0.474,0.151,0.25,0,0,1,2
0.474,0.154,0.25,0,0,1,2
0.474,0.157,0.25,0,0,1,2
0.474,0.16,0.25,0,0,1,2
0.474,0.163,0.25,0,0,1,2
0.474,0.166,0.25,0,0,1,2
0.474,0.169,0.25,0,0,1,2
0.474,0.172,0.25,0,0,1,2
0.474,0.175,0.25,0,0,1,2
0.474,0.178,0.25,0,0,1,2
0.474,0.181,0.25,0,0,1,2
0.474,0.184,0.25,0,0,1,2
0.474,0.187,0.25,0,0,1,2
0.474,0.19,0.25,0,0,1,2
0.474,0.193,0.25,0,0,1,2
0.474,0.196,0.25,0,0,1,2
0.474,0.199,0.25,0,0,1,2
0.474,0.202,0.25,0,0,1,2
0.474,0.205,0.25,0,0,1,2
0.474,0.208,0.25,0,0,1,2
0.474,0.211,0.25,0,0,1,2
0.474,0.214,0.25,0,0,1,2
0.474,0.217,0.25,0,0,1,2
0.474,0.22,0.25,0,0,1,2
0.474,0.223,0.25,0,0,1,2
0.474,0.226,0.25,0,0,1,2
0.474,0.229,0.25,0,0,1,2
0.474,0.232,0.25,0,0,1,2
0.474,0.235,0.25,0,0,1,2
0.474,0.238,0.25,0,0,1,2
0.474,0.241,0.25,0,0,1,2
0.474,0.244,0.25,0,0,1,2
0.474,0.247,0.25,0,0,1,2
0.474,0.25,0.25,0,0,1,2
0.474,0.253,0.25,0,0,1,2
0.474,0.256,0.25,0,0,1,2
0.474,0.259,0.25,0,0,1,2
0.477,0.1,0.25,0,0,1,2
0.477,0.103,0.25,0,0,1,2
0.477,0.106,0.25,0,0,1,2
0.477,0.109,0.25,0,0,1,2
0.477,0.112,0.25,0,0,1,2
0.477,0.115,0.25,0,0,1,2
0.477,0.118,0.25,0,0,1,2
0.477,0.121,0.25,0,0,1,2
0.477,0.124,0.25,0,0,1,2
0.477,0.127,0.25,0,0,1,2
0.477,0.13,0.25,0,0,1,2
0.477,0.133,0.25,0,0,1,2
0.477,0.136,0.25,0,0,1,2
0.477,0.139,0.25,0,0,1,2
0.477,0.142,0.25,0,0,1,2
0.477,0.145,0.25,0,0,1,2
0.477,0.148,0.25,0,0,1,2
0.477,0.151,0.25,0,0,1,2
0.477,0.154,0.25,0,0,1,2
0.477,0.157,0.25,0,0,1,2
0.477,0.16,0.25,0,0,1,2
0.477,0.163,0.25,0,0,1,2
0.477,0.166,0.25,0,0,1,2
0.477,0.169,0.25,0,0,1,2
0.477,0.172,0.25,0,0,1,2
0.477,0.175,0.25,0,0,1,2
0.477,0.178,0.25,0,0,1,2
0.477,0.181,0.25,0,0,1,2
0.477,0.184,0.25,0,0,1,2
0.477,0.187,0.25,0,0,1,2
0.477,0.19,0.25,0,0,1,2
0.477,0.193,0.25,0,0,1,2
0.477,0.196,0.25,0,0,1,2
0.477,0.199,0.25,0,0,1,2
0.477,0.202,0.25,0,0,1,2
0.477,0.205,0.25,0,0,1,2
0.477,0.208,0.25,0,0,1,2
0.477,0.211,0.25,0,0,1,2
0.477,0.214,0.25,0,0,1,2
0.477,0.217,0.25,0,0,1,2
0.477,0.22,0.25,0,0,1,2
0.477,0.223,0.25,0,0,1,2
0.477,0.226,0.25,0,0,1,2
0.477,0.229,0.25,0,0,1,2
0.477,0.232,0.25,0,0,1,2
0.477,0.235,0.25,0,0,1,2
0.477,0.238,0.25,0,0,1,2
0.477,0.241,0.25,0,0,1,2
0.477,0.244,0.25,0,0,1,2
0.477,0.247,0.25,0,0,1,2
0.477,0.25,0.25,0,0,1,2
0.477,0.253,0.25,0,0,1,2
0.477,0.256,0.25,0,0,1,2
0.477,0.259,0.25,0,0,1,2
0.48,0.1,0.25,0,0,1,2
0.48,0.103,0.25,0,0,1,2
0.48,0.106,0.25,0,0,1,2
0.48,0.109,0.25,0,0,1,2
0.48,0.112,0.25,0,0,1,2
0.48,0.115,0.25,0,0,1,2
0.48,0.118,0.25,0,0,1,2
0.48,0.121,0.25,0,0,1,2
0.48,0.124,0.25,0,0,1,2
0.48,0.127,0.25,0,0,1,2
0.48,0.13,0.25,0,0,1,2
0.48,0.133,0.25,0,0,1,2
0.48,0.136,0.25,0,0,1,2
0.48,0.139,0.25,0,0,1,2
0.48,0.142,0.25,0,0,1,2
0.48,0.145,0.25,0,0,1,2
0.48,0.148,0.25,0,0,1,2
0.48,0.151,0.25,0,0,1,2
0.48,0.154,0.25,0,0,1,2
0.48,0.157,0.25,0,0,1,2
0.48,0.16,0.25,0,0,1,2
0.48,0.163,0.25,0,0,1,2
0.48,0.166,0.25,0,0,1,2
0.48,0.169,0.25,0,0,1,2
0.48,0.172,0.25,0,0,1,2
0.48,0.175,0.25,0,0,1,2
0.48,0.178,0.25,0,0,1,2
0.48,0.181,0.25,0,0,1,2
0.48,0.184,0.25,0,0,1,2
0.48,0.187,0.25,0,0,1,2
0.48,0.19,0.25,0,0,1,2
0.48,0.193,0.25,0,0,1,2
0.48,0.196,0.25,0,0,1,2
0.48,0.199,0.25,0,0,1,2
0.48,0.202,0.25,0,0,1,2
0.48,0.205,0.25,0,0,1,2
0.48,0.208,0.25,0,0,1,2
0.48,0.211,0.25,0,0,1,2
0.48,0.214,0.25,0,0,1,2
0.48,0.217,0.25,0,0,1,2
0.48,0.22,0.25,0,0,1,2
0.48,0.223,0.25,0,0,1,2
0.48,0.226,0.25,0,0,1,2
0.48,0.229,0.25,0,0,1,2
0.48,0.232,0.25,0,0,1,2
0.48,0.235,0.25,0,0,1,2
0.48,0.238,0.25,0,0,1,2
0.48,0.241,0.25,0,0,1,2
0.48,0.244,0.25,0,0,1,2
0.48,0.247,0.25,0,0,1,2
0.48,0.25,0.25,0,0,1,2
0.48,0.253,0.25,0,0,1,2
0.48,0.256,0.25,0,0,1,2
0.48,0.259,0.25,0,0,1,2
0.483,0.1,0.25,0,0,1,2
0.483,0.103,0.25,0,0,1,2
0.483,0.106,0.25,0,0,1,2
0.483,0.109,0.25,0,0,1,2
0.483,0.112,0.25,0,0,1,2
0.483,0.115,0.25,0,0,1,2
0.483,0.118,0.25,0,0,1,2
0.483,0.121,0.25,0,0,1,2
0.483,0.124,0.25,0,0,1,2
0.483,0.127,0.25,0,0,1,2
0.483,0.13,0.25,0,0,1,2
0.483,0.133,0.25,0,0,1,2
0.483,0.136,0.25,0,0,1,2
0.483,0.139,0.25,0,0,1,2
0.483,0.142,0.25,0,0,1,2
0.483,0.145,0.25,0,0,1,2
0.483,0.148,0.25,0,0,1,2
0.483,0.151,0.25,0,0,1,2
0.483,0.154,0.25,0,0,1,2
0.483,0.157,0.25,0,0,1,2
0.483,0.16,0.25,0,0,1,2
0.483,0.163,0.25,0,0,1,2
0.483,0.166,0.25,0,0,1,2
0.483,0.169,0.25,0,0,1,2
0.483,0.172,0.25,0,0,1,2
0.483,0.175,0.25,0,0,1,2
0.483,0.178,0.25,0,0,1,2
0.483,0.181,0.25,0,0,1,2
0.483,0.184,0.25,0,0,1,2
0.483,0.187,0.25,0,0,1,2
0.483,0.19,0.25,0,0,1,2
0.483,0.193,0.25,0,0,1,2
0.483,0.196,0.25,0,0,1,2
0.483,0.199,0.25,0,0,1,2
0.483,0.202,0.25,0,0,1,2
0.483,0.205,0.25,0,0,1,2
0.483,0.208,0.25,0,0,1,2
0.483,0.211,0.25,0,0,1,2
0.483,0.214,0.25,0,0,1,2
0.483,0.217,0.25,0,0,1,2
0.483,0.22,0.25,0,0,1,2
0.483,0.223,0.25,0,0,1,2
0.483,0.226,0.25,0,0,1,2
0.483,0.229,0.25,0,0,1,2
0.483,0.232,0.25,0,0,1,2
0.483,0.235,0.25,0,0,1,2
0.483,0.238,0.25,0,0,1,2
0.483,0.241,0.25,0,0,1,2
0.483,0.244,0.25,0,0,1,2
0.483,0.247,0.25,0,0,1,2
0.483,0.25,0.25,0,0,1,2
0.483,0.253,0.25,0,0,1,2
0.483,0.256,0.25,0,0,1,2
0.483,0.259,0.25,0,0,1,2
0.486,0.1,0.25,0,0,1,2
0.486,0.103,0.25,0,0,1,2
0.486,0.106,0.25,0,0,1,2
0.486,0.109,0.25,0,0,1,2
0.486,0.112,0.25,0,0,1,2
0.486,0.115,0.25,0,0,1,2
0.486,0.118,0.25,0,0,1,2
0.486,0.121,0.25,0,0,1,2
0.486,0.124,0.25,0,0,1,2
0.486,0.127,0.25,0,0,1,2
0.486,0.13,0.25,0,0,1,2
0.486,0.133,0.25,0,0,1,2
0.486,0.136,0.25,0,0,1,2
0.486,0.139,0.25,0,0,1,2
0.486,0.142,0.25,0,0,1,2
0.486,0.145,0.25,0,0,1,2
0.486,0.148,0.25,0,0,1,2
0.486,0.151,0.25,0,0,1,2
0.486,0.154,0.25,0,0,1,2
0.486,0.157,0.25,0,0,1,2
0.486,0.16,0.25,0,0,1,2
0.486,0.163,0.25,0,0,1,2
0.486,0.166,0.25,0,0,1,2
0.486,0.169,0.25,0,0,1,2
0.486,0.172,0.25,0,0,1,2
0.486,0.175,0.25,0,0,1,2
0.486,0.178,0.25,0,0,1,2
0.486,0.181,0.25,0,0,1,2
0.486,0.184,0.25,0,0,1,2
0.486,0.187,0.25,0,0,1,2
0.486,0.19,0.25,0,0,1,2
0.486,0.193,0.25,0,0,1,2
0.486,0.196,0.25,0,0,1,2
0.486,0.199,0.25,0,0,1,2
0.486,0.202,0.25,0,0,1,2
0.486,0.205,0.25,0,0,1,2
0.486,0.208,0.25,0,0,1,2
0.486,0.211,0.25,0,0,1,2
0.486,0.214,0.25,0,0,1,2
0.486,0.217,0.25,0,0,1,2
0.486,0.22,0.25,0,0,1,2
0.486,0.223,0.25,0,0,1,2
0.486,0.226,0.25,0,0,1,2
0.486,0.229,0.25,0,0,1,2
0.486,0.232,0.25,0,0,1,2
0.486,0.235,0.25,0,0,1,2
0.486,0.238,0.25,0,0,1,2
0.486,0.241,0.25,0,0,1,2
0.486,0.244,0.25,0,0,1,2
0.486,0.247,0.25,0,0,1,2
0.486,0.25,0.25,0,0,1,2
0.486,0.253,0.25,0,0,1,2
0.486,0.256,0.25,0,0,1,2
0.486,0.259,0.25,0,0,1,2
0.489,0.1,0.25,0,0,1,2
0.489,0.103,0.25,0,0,1,2
0.489,0.106,0.25,0,0,1,2
0.489,0.109,0.25,0,0,1,2
0.489,0.112,0.25,0,0,1,2
0.489,0.115,0.25,0,0,1,2
0.489,0.118,0.25,0,0,1,2
0.489,0.121,0.25,0,0,1,2
0.489,0.124,0.25,0,0,1,2
0.489,0.127,0.25,0,0,1,2
0.489,0.13,0.25,0,0,1,2
0.489,0.133,0.25,0,0,1,2
0.489,0.136,0.25,0,0,1,2
0.489,0.139,0.25,0,0,1,2
0.489,0.142,0.25,0,0,1,2
0.489,0.145,0.25,0,0,1,2
0.489,0.148,0.25,0,0,1,2
0.489,0.151,0.25,0,0,1,2
0.489,0.154,0.25,0,0,1,2
0.489,0.157,0.25,0,0,1,2
0.489,0.16,0.25,0,0,1,2
0.489,0.163,0.25,0,0,1,2
0.489,0.166,0.25,0,0,1,2
0.489,0.169,0.25,0,0,1,2
0.489,0.172,0.25,0,0,1,2
0.489,0.175,0.25,0,0,1,2
0.489,0.178,0.25,0,0,1,2
0.489,0.181,0.25,0,0,1,2
0.489,0.184,0.25,0,0,1,2
0.489,0.187,0.25,0,0,1,2
0.489,0.19,0.25,0,0,1,2
0.489,0.193,0.25,0,0,1,2
0.489,0.196,0.25,0,0,1,2
0.489,0.199,0.25,0,0,1,2
0.489,0.202,0.25,0,0,1,2
0.489,0.205,0.25,0,0,1,2
0.489,0.208,0.25,0,0,1,2
0.489,0.211,0.25,0,0,1,2
0.489,0.214,0.25,0,0,1,2
0.489,0.217,0.25,0,0,1,2
0.489,0.22,0.25,0,0,1,2
0.489,0.223,0.25,0,0,1,2
0.489,0.226,0.25,0,0,1,2
0.489,0.229,0.25,0,0,1,2
0.489,0.232,0.25,0,0,1,2
0.489,0.235,0.25,0,0,1,2
0.489,0.238,0.25,0,0,1,2
0.489,0.241,0.25,0,0,1,2
0.489,0.244,0.25,0,0,1,2
0.489,0.247,0.25,0,0,1,2
0.489,0.25,0.25,0,0,1,2
0.489,0.253,0.25,0,0,1,2
0.489,0.256,0.25,0,0,1,2
0.489,0.259,0.25,0,0,1,2
0.492,0.1,0.25,0,0,1,2
0.492,0.103,0.25,0,0,1,2
0.492,0.106,0.25,0,0,1,2
0.492,0.109,0.25,0,0,1,2
0.492,0.112,0.25,0,0,1,2
0.492,0.115,0.25,0,0,1,2
0.492,0.118,0.25,0,0,1,2
0.492,0.121,0.25,0,0,1,2
0.492,0.124,0.25,0,0,1,2
0.492,0.127,0.25,0,0,1,2
0.492,0.13,0.25,0,0,1,2
0.492,0.133,0.25,0,0,1,2
0.492,0.136,0.25,0,0,1,2
0.492,0.139,0.25,0,0,1,2
0.492,0.142,0.25,0,0,1,2
0.492,0.145,0.25,0,0,1,2
0.492,0.148,0.25,0,0,1,2
0.492,0.151,0.25,0,0,1,2
0.492,0.154,0.25,0,0,1,2
0.492,0.157,0.25,0,0,1,2
0.492,0.16,0.25,0,0,1,2
0.492,0.163,0.25,0,0,1,2
0.492,0.166,0.25,0,0,1,2
0.492,0.169,0.25,0,0,1,2
0.492,0.172,0.25,0,0,1,2
0.492,0.175,0.25,0,0,1,2
0.492,0.178,0.25,0,0,1,2
0.492,0.181,0.25,0,0,1,2
0.492,0.184,0.25,0,0,1,2
0.492,0.187,0.25,0,0,1,2
0.492,0.19,0.25,0,0,1,2
0.492,0.193,0.25,0,0,1,2
0.492,0.196,0.25,0,0,1,2
0.492,0.199,0.25,0,0,1,2
0.492,0.202,0.25,0,0,1,2
0.492,0.205,0.25,0,0,1,2
0.492,0.208,0.25,0,0,1,2
0.492,0.211,0.25,0,0,1,2
0.492,0.214,0.25,0,0,1,2
0.492,0.217,0.25,0,0,1,2
0.492,0.22,0.25,0,0,1,2
0.492,0.223,0.25,0,0,1,2
0.492,0.226,0.25,0,0,1,2
0.492,0.229,0.25,0,0,1,2
0.492,0.232,0.25,0,0,1,2
0.492,0.235,0.25,0,0,1,2
0.492,0.238,0.25,0,0,1,2
0.492,0.241,0.25,0,0,1,2
0.492,0.244,0.25,0,0,1,2
0.492,0.247,0.25,0,0,1,2
0.492,0.25,0.25,0,0,1,2
0.492,0.253,0.25,0,0,1,2
0.492,0.256,0.25,0,0,1,2
0.492,0.259,0.25,0,0,1,2
0.495,0.1,0.25,0,0,1,2
0.495,0.103,0.25,0,0,1,2
0.495,0.106,0.25,0,0,1,2
0.495,0.109,0.25,0,0,1,2
0.495,0.112,0.25,0,0,1,2
0.495,0.115,0.25,0,0,1,2
0.495,0.118,0.25,0,0,1,2
0.495,0.121,0.25,0,0,1,2
0.495,0.124,0.25,0,0,1,2
0.495,0.127,0.25,0,0,1,2
0.495,0.13,0.25,0,0,1,2
0.495,0.133,0.25,0,0,1,2
0.495,0.136,0.25,0,0,1,2
0.495,0.139,0.25,0,0,1,2
0.495,0.142,0.25,0,0,1,2
0.495,0.145,0.25,0,0,1,2
0.495,0.148,0.25,0,0,1,2
0.495,0.151,0.25,0,0,1,2
0.495,0.154,0.25,0,0,1,2
0.495,0.157,0.25,0,0,1,2
0.495,0.16,0.25,0,0,1,2
0.495,0.163,0.25,0,0,1,2
0.495,0.166,0.25,0,0,1,2
0.495,0.169,0.25,0,0,1,2
0.495,0.172,0.25,0,0,1,2
0.495,0.175,0.25,0,0,1,2
0.495,0.178,0.25,0,0,1,2
0.495,0.181,0.25,0,0,1,2
0.495,0.184,0.25,0,0,1,2
0.495,0.187,0.25,0,0,1,2
0.495,0.19,0.25,0,0,1,2
0.495,0.193,0.25,0,0,1,2
0.495,0.196,0.25,0,0,1,2
0.495,0.199,0.25,0,0,1,2
0.495,0.202,0.25,0,0,1,2
0.495,0.205,0.25,0,0,1,2
0.495,0.208,0.25,0,0,1,2
0.495,0.211,0.25,0,0,1,2
0.495,0.214,0.25,0,0,1,2
0.495,0.217,0.25,0,0,1,2
0.495,0.22,0.25,0,0,1,2
0.495,0.223,0.25,0,0,1,2
0.495,0.226,0.25,0,0,1,2
0.495,0.229,0.25,0,0,1,2
0.495,0.232,0.25,0,0,1,2
0.495,0.235,0.25,0,0,1,2
0.495,0.238,0.25,0,0,1,2
0.495,0.241,0.25,0,0,1,2
0.495,0.244,0.25,0,0,1,2
0.495,0.247,0.25,0,0,1,2
0.495,0.25,0.25,0,0,1,2
0.495,0.253,0.25,0,0,1,2
0.495,0.256,0.25,0,0,1,2
0.495,0.259,0.25,0,0,1,2
0.498,0.1,0.25,0,0,1,2
0.498,0.103,0.25,0,0,1,2
0.498,0.106,0.25,0,0,1,2
0.498,0.109,0.25,0,0,1,2
0.498,0.112,0.25,0,0,1,2
0.498,0.115,0.25,0,0,1,2
0.498,0.118,0.25,0,0,1,2
0.498,0.121,0.25,0,0,1,2
0.498,0.124,0.25,0,0,1,2
0.498,0.127,0.25,0,0,1,2
0.498,0.13,0.25,0,0,1,2
0.498,0.133,0.25,0,0,1,2
0.498,0.136,0.25,0,0,1,2
0.498,0.139,0.25,0,0,1,2
0.498,0.142,0.25,0,0,1,2
0.498,0.145,0.25,0,0,1,2
0.498,0.148,0.25,0,0,1,2
0.498,0.151,0.25,0,0,1,2
0.498,0.154,0.25,0,0,1,2
0.498,0.157,0.25,0,0,1,2
0.498,0.16,0.25,0,0,1,2
0.498,0.163,0.25,0,0,1,2
0.498,0.166,0.25,0,0,1,2
0.498,0.169,0.25,0,0,1,2
0.498,0.172,0.25,0,0,1,2
0.498,0.175,0.25,0,0,1,2
0.498,0.178,0.25,0,0,1,2
0.498,0.181,0.25,0,0,1,2
0.498,0.184,0.25,0,0,1,2
0.498,0.187,0.25,0,0,1,2
0.498,0.19,0.25,0,0,1,2
0.498,0.193,0.25,0,0,1,2
0.498,0.196,0.25,0,0,1,2
0.498,0.199,0.25,0,0,1,2
0.498,0.202,0.25,0,0,1,2
0.498,0.205,0.25,0,0,1,2
0.498,0.208,0.25,0,0,1,2
0.498,0.211,0.25,0,0,1,2
0.498,0.214,0.25,0,0,1,2
0.498,0.217,0.25,0,0,1,2
0.498,0.22,0.25,0,0,1,2
0.498,0.223,0.25,0,0,1,2
0.498,0.226,0.25,0,0,1,2
0.498,0.229,0.25,0,0,1,2
0.498,0.232,0.25,0,0,1,2
0.498,0.235,0.25,0,0,1,2
0.498,0.238,0.25,0,0,1,2
0.498,0.241,0.25,0,0,1,2
0.498,0.244,0.25,0,0,1,2
0.498,0.247,0.25,0,0,1,2
0.498,0.25,0.25,0,0,1,2
0.498,0.253,0.25,0,0,1,2
0.498,0.256,0.25,0,0,1,2
0.498,0.259,0.25,0,0,1,2
0.501,0.1,0.25,0,0,1,2
0.501,0.103,0.25,0,0,1,2
0.501,0.106,0.25,0,0,1,2
0.501,0.109,0.25,0,0,1,2
0.501,0.112,0.25,0,0,1,2
0.501,0.115,0.25,0,0,1,2
0.501,0.118,0.25,0,0,1,2
0.501,0.121,0.25,0,0,1,2
0.501,0.124,0.25,0,0,1,2
0.501,0.127,0.25,0,0,1,2
0.501,0.13,0.25,0,0,1,2
0.501,0.133,0.25,0,0,1,2
0.501,0.136,0.25,0,0,1,2
0.501,0.139,0.25,0,0,1,2
0.501,0.142,0.25,0,0,1,2
0.501,0.145,0.25,0,0,1,2
0.501,0.148,0.25,0,0,1,2
0.501,0.151,0.25,0,0,1,2
0.501,0.154,0.25,0,0,1,2
0.501,0.157,0.25,0,0,1,2
0.501,0.16,0.25,0,0,1,2
0.501,0.163,0.25,0,0,1,2
0.501,0.166,0.25,0,0,1,2
0.501,0.169,0.25,0,0,1,2
0.501,0.172,0.25,0,0,1,2
0.501,0.175,0.25,0,0,1,2
0.501,0.178,0.25,0,0,1,2
0.501,0.181,0.25,0,0,1,2
0.501,0.184,0.25,0,0,1,2
0.501,0.187,0.25,0,0,1,2
0.501,0.19,0.25,0,0,1,2
0.501,0.193,0.25,0,0,1,2
0.501,0.196,0.25,0,0,1,2
0.501,0.199,0.25,0,0,1,2
0.501,0.202,0.25,0,0,1,2
0.501,0.205,0.25,0,0,1,2
0.501,0.208,0.25,0,0,1,2
0.501,0.211,0.25,0,0,1,2
0.501,0.214,0.25,0,0,1,2
0.501,0.217,0.25,0,0,1,2
0.501,0.22,0.25,0,0,1,2
0.501,0.223,0.25,0,0,1,2
0.501,0.226,0.25,0,0,1,2
0.501,0.229,0.25,0,0,1,2
0.501,0.232,0.25,0,0,1,2
0.501,0.235,0.25,0,0,1,2
0.501,0.238,0.25,0,0,1,2
0.501,0.241,0.25,0,0,1,2
0.501,0.244,0.25,0,0,1,2
0.501,0.247,0.25,0,0,1,2
0.501,0.25,0.25,0,0,1,2
0.501,0.253,0.25,0,0,1,2
0.501,0.256,0.25,0,0,1,2
0.501,0.259,0.25,0,0,1,2
0.504,0.1,0.25,0,0,1,2
0.504,0.103,0.25,0,0,1,2
0.504,0.106,0.25,0,0,1,2
0.504,0.109,0.25,0,0,1,2
0.504,0.112,0.25,0,0,1,2
0.504,0.115,0.25,0,0,1,2
0.504,0.118,0.25,0,0,1,2
0.504,0.121,0.25,0,0,1,2
0.504,0.124,0.25,0,0,1,2
0.504,0.127,0.25,0,0,1,2
0.504,0.13,0.25,0,0,1,2
0.504,0.133,0.25,0,0,1,2
0.504,0.136,0.25,0,0,1,2
0.504,0.139,0.25,0,0,1,2
0.504,0.142,0.25,0,0,1,2
0.504,0.145,0.25,0,0,1,2
0.504,0.148,0.25,0,0,1,2
0.504,0.151,0.25,0,0,1,2
0.504,0.154,0.25,0,0,1,2
0.504,0.157,0.25,0,0,1,2
0.504,0.16,0.25,0,0,1,2
0.504,0.163,0.25,0,0,1,2
0.504,0.166,0.25,0,0,1,2
0.504,0.169,0.25,0,0,1,2
0.504,0.172,0.25,0,0,1,2
0.504,0.175,0.25,0,0,1,2
0.504,0.178,0.25,0,0,1,2
0.504,0.181,0.25,0,0,1,2
0.504,0.184,0.25,0,0,1,2
0.504,0.187,0.25,0,0,1,2
0.504,0.19,0.25,0,0,1,2
0.504,0.193,0.25,0,0,1,2
0.504,0.196,0.25,0,0,1,2
0.504,0.199,0.25,0,0,1,2
0.504,0.202,0.25,0,0,1,2
0.504,0.205,0.25,0,0,1,2
0.504,0.208,0.25,0,0,1,2
0.504,0.211,0.25,0,0,1,2
0.504,0.214,0.25,0,0,1,2
0.504,0.217,0.25,0,0,1,2
0.504,0.22,0.25,0,0,1,2
0.504,0.223,0.25,0,0,1,2
0.504,0.226,0.25,0,0,1,2
0.504,0.229,0.25,0,0,1,2
0.504,0.232,0.25,0,0,1,2
0.504,0.235,0.25,0,0,1,2
0.504,0.238,0.25,0,0,1,2
0.504,0.241,0.25,0,0,1,2
0.504,0.244,0.25,0,0,1,2
0.504,0.247,0.25,0,0,1,2
0.504,0.25,0.25,0,0,1,2
0.504,0.253,0.25,0,0,1,2
0.504,0.256,0.25,0,0,1,2
0.504,0.259,0.25,0,0,1,2
0.507,0.1,0.25,0,0,1,2
0.507,0.103,0.25,0,0,1,2
0.507,0.106,0.25,0,0,1,2
0.507,0.109,0.25,0,0,1,2
0.507,0.112,0.25,0,0,1,2
0.507,0.115,0.25,0,0,1,2
0.507,0.118,0.25,0,0,1,2
0.507,0.121,0.25,0,0,1,2
0.507,0.124,0.25,0,0,1,2
0.507,0.127,0.25,0,0,1,2
0.507,0.13,0.25,0,0,1,2
0.507,0.133,0.25,0,0,1,2
0.507,0.136,0.25,0,0,1,2
0.507,0.139,0.25,0,0,1,2
0.507,0.142,0.25,0,0,1,2
0.507,0.145,0.25,0,0,1,2
0.507,0.148,0.25,0,0,1,2
0.507,0.151,0.25,0,0,1,2
0.507,0.154,0.25,0,0,1,2
0.507,0.157,0.25,0,0,1,2
0.507,0.16,0.25,0,0,1,2
0.507,0.163,0.25,0,0,1,2
0.507,0.166,0.25,0,0,1,2
0.507,0.169,0.25,0,0,1,2
0.507,0.172,0.25,0,0,1,2
0.507,0.175,0.25,0,0,1,2
0.507,0.178,0.25,0,0,1,2
0.507,0.181,0.25,0,0,1,2
0.507,0.184,0.25,0,0,1,2
0.507,0.187,0.25,0,0,1,2
0.507,0.19,0.25,0,0,1,2
0.507,0.193,0.25,0,0,1,2
0.507,0.196,0.25,0,0,1,2
0.507,0.199,0.25,0,0,1,2
0.507,0.202,0.25,0,0,1,2
0.507,0.205,0.25,0,0,1,2
0.507,0.208,0.25,0,0,1,2
0.507,0.211,0.25,0,0,1,2
0.507,0.214,0.25,0,0,1,2
0.507,0.217,0.25,0,0,1,2
0.507,0.22,0.25,0,0,1,2
0.507,0.223,0.25,0,0,1,2
0.507,0.226,0.25,0,0,1,2
0.507,0.229,0.25,0,0,1,2
0.507,0.232,0.25,0,0,1,2
0.507,0.235,0.25,0,0,1,2
0.507,0.238,0.25,0,0,1,2
0.507,0.241,0.25,0,0,1,2
0.507,0.244,0.25,0,0,1,2
0.507,0.247,0.25,0,0,1,2
0.507,0.25,0.25,0,0,1,2
0.507,0.253,0.25,0,0,1,2
0.507,0.256,0.25,0,0,1,2
0.507,0.259,0.25,0,0,1,2
0.51,0.1,0.25,0,0,1,2
0.51,0.103,0.25,0,0,1,2
0.51,0.106,0.25,0,0,1,2
0.51,0.109,0.25,0,0,1,2
0.51,0.112,0.25,0,0,1,2
0.51,0.115,0.25,0,0,1,2
0.51,0.118,0.25,0,0,1,2
0.51,0.121,0.25,0,0,1,2
0.51,0.124,0.25,0,0,1,2
0.51,0.127,0.25,0,0,1,2
0.51,0.13,0.25,0,0,1,2
0.51,0.133,0.25,0,0,1,2
0.51,0.136,0.25,0,0,1,2
0.51,0.139,0.25,0,0,1,2
0.51,0.142,0.25,0,0,1,2
0.51,0.145,0.25,0,0,1,2
0.51,0.148,0.25,0,0,1,2
0.51,0.151,0.25,0,0,1,2
0.51,0.154,0.25,0,0,1,2
0.51,0.157,0.25,0,0,1,2
0.51,0.16,0.25,0,0,1,2
0.51,0.163,0.25,0,0,1,2
0.51,0.166,0.25,0,0,1,2
0.51,0.169,0.25,0,0,1,2
0.51,0.172,0.25,0,0,1,2
0.51,0.175,0.25,0,0,1,2
0.51,0.178,0.25,0,0,1,2
0.51,0.181,0.25,0,0,1,2
0.51,0.184,0.25,0,0,1,2
0.51,0.187,0.25,0,0,1,2
0.51,0.19,0.25,0,0,1,2
0.51,0.193,0.25,0,0,1,2
0.51,0.196,0.25,0,0,1,2
0.51,0.199,0.25,0,0,1,2
0.51,0.202,0.25,0,0,1,2
0.51,0.205,0.25,0,0,1,2
0.51,0.208,0.25,0,0,1,2
0.51,0.211,0.25,0,0,1,2
0.51,0.214,0.25,0,0,1,2
0.51,0.217,0.25,0,0,1,2
0.51,0.22,0.25,0,0,1,2
0.51,0.223,0.25,0,0,1,2
0.51,0.226,0.25,0,0,1,2
0.51,0.229,0.25,0,0,1,2
0.51,0.232,0.25,0,0,1,2
0.51,0.235,0.25,0,0,1,2
0.51,0.238,0.25,0,0,1,2
0.51,0.241,0.25,0,0,1,2
0.51,0.244,0.25,0,0,1,2
0.51,0.247,0.25,0,0,1,2
0.51,0.25,0.25,0,0,1,2
0.51,0.253,0.25,0,0,1,2
0.51,0.256,0.25,0,0,1,2
0.51,0.259,0.25,0,0,1,2
0.513,0.1,0.25,0,0,1,2
0.513,0.103,0.25,0,0,1,2
0.513,0.106,0.25,0,0,1,2
0.513,0.109,0.25,0,0,1,2
0.513,0.112,0.25,0,0,1,2
0.513,0.115,0.25,0,0,1,2
0.513,0.118,0.25,0,0,1,2
0.513,0.121,0.25,0,0,1,2
0.513,0.124,0.25,0,0,1,2
0.513,0.127,0.25,0,0,1,2
0.513,0.13,0.25,0,0,1,2
0.513,0.133,0.25,0,0,1,2
0.513,0.136,0.25,0,0,1,2
0.513,0.139,0.25,0,0,1,2
0.513,0.142,0.25,0,0,1,2
0.513,0.145,0.25,0,0,1,2
0.513,0.148,0.25,0,0,1,2
0.513,0.151,0.25,0,0,1,2
0.513,0.154,0.25,0,0,1,2
0.513,0.157,0.25,0,0,1,2
0.513,0.16,0.25,0,0,1,2
0.513,0.163,0.25,0,0,1,2
0.513,0.166,0.25,0,0,1,2
0.513,0.169,0.25,0,0,1,2
0.513,0.172,0.25,0,0,1,2
0.513,0.175,0.25,0,0,1,2
0.513,0.178,0.25,0,0,1,2
0.513,0.181,0.25,0,0,1,2
0.513,0.184,0.25,0,0,1,2
0.513,0.187,0.25,0,0,1,2
0.513,0.19,0.25,0,0,1,2
0.513,0.193,0.25,0,0,1,2
0.513,0.196,0.25,0,0,1,2
0.513,0.199,0.25,0,0,1,2
0.513,0.202,0.25,0,0,1,2
0.513,0.205,0.25,0,0,1,2
0.513,0.208,0.25,0,0,1,2
0.513,0.211,0.25,0,0,1,2
0.513,0.214,0.25,0,0,1,2
0.513,0.217,0.25,0,0,1,2
0.513,0.22,0.25,0,0,1,2
0.513,0.223,0.25,0,0,1,2
0.513,0.226,0.25,0,0,1,2
0.513,0.229,0.25,0,0,1,2
0.513,0.232,0.25,0,0,1,2
0.513,0.235,0.25,0,0,1,2
0.513,0.238,0.25,0,0,1,2
0.513,0.241,0.25,0,0,1,2
0.513,0.244,0.25,0,0,1,2
0.513,0.247,0.25,0,0,1,2
0.513,0.25,0.25,0,0,1,2
0.513,0.253,0.25,0,0,1,2
0.513,0.256,0.25,0,0,1,2
0.513,0.259,0.25,0,0,1,2
0.516,0.1,0.25,0,0,1,2
0.516,0.103,0.25,0,0,1,2
0.516,0.106,0.25,0,0,1,2
0.516,0.109,0.25,0,0,1,2
0.516,0.112,0.25,0,0,1,2
0.516,0.115,0.25,0,0,1,2
0.516,0.118,0.25,0,0,1,2
0.516,0.121,0.25,0,0,1,2
0.516,0.124,0.25,0,0,1,2
0.516,0.127,0.25,0,0,1,2
0.516,0.13,0.25,0,0,1,2
0.516,0.133,0.25,0,0,1,2
0.516,0.136,0.25,0,0,1,2
0.516,0.139,0.25,0,0,1,2
0.516,0.142,0.25,0,0,1,2
0.516,0.145,0.25,0,0,1,2
0.516,0.148,0.25,0,0,1,2
0.516,0.151,0.25,0,0,1,2
0.516,0.154,0.25,0,0,1,2
0.516,0.157,0.25,0,0,1,2
0.516,0.16,0.25,0,0,1,2
0.516,0.163,0.25,0,0,1,2
0.516,0.166,0.25,0,0,1,2
0.516,0.169,0.25,0,0,1,2
0.516,0.172,0.25,0,0,1,2
0.516,0.175,0.25,0,0,1,2
0.516,0.178,0.25,0,0,1,2
0.516,0.181,0.25,0,0,1,2
0.516,0.184,0.25,0,0,1,2
0.516,0.187,0.25,0,0,1,2
0.516,0.19,0.25,0,0,1,2
0.516,0.193,0.25,0,0,1,2
0.516,0.196,0.25,0,0,1,2
0.516,0.199,0.25,0,0,1,2
0.516,0.202,0.25,0,0,1,2
0.516,0.205,0.25,0,0,1,2
0.516,0.208,0.25,0,0,1,2
0.516,0.211,0.25,0,0,1,2
0.516,0.214,0.25,0,0,1,2
0.516,0.217,0.25,0,0,1,2
0.516,0.22,0.25,0,0,1,2
0.516,0.223,0.25,0,0,1,2
0.516,0.226,0.25,0,0,1,2
0.516,0.229,0.25,0,0,1,2
0.516,0.232,0.25,0,0,1,2
0.516,0.235,0.25,0,0,1,2
0.516,0.238,0.25,0,0,1,2
0.516,0.241,0.25,0,0,1,2
0.516,0.244,0.25,0,0,1,2
0.516,0.247,0.25,0,0,1,2
0.516,0.25,0.25,0,0,1,2
0.516,0.253,0.25,0,0,1,2
0.516,0.256,0.25,0,0,1,2
0.516,0.259,0.25,0,0,1,2
0.519,0.1,0.25,0,0,1,2
0.519,0.103,0.25,0,0,1,2
0.519,0.106,0.25,0,0,1,2
0.519,0.109,0.25,0,0,1,2
0.519,0.112,0.25,0,0,1,2
0.519,0.115,0.25,0,0,1,2
0.519,0.118,0.25,0,0,1,2
0.519,0.121,0.25,0,0,1,2
0.519,0.124,0.25,0,0,1,2
0.519,0.127,0.25,0,0,1,2
0.519,0.13,0.25,0,0,1,2
0.519,0.133,0.25,0,0,1,2
0.519,0.136,0.25,0,0,1,2
0.519,0.139,0.25,0,0,1,2
0.519,0.142,0.25,0,0,1,2
0.519,0.145,0.25,0,0,1,2
0.519,0.148,0.25,0,0,1,2
0.519,0.151,0.25,0,0,1,2
0.519,0.154,0.25,0,0,1,2
0.519,0.157,0.25,0,0,1,2
0.519,0.16,0.25,0,0,1,2
0.519,0.163,0.25,0,0,1,2
0.519,0.166,0.25,0,0,1,2
0.519,0.169,0.25,0,0,1,2
0.519,0.172,0.25,0,0,1,2
0.519,0.175,0.25,0,0,1,2
0.519,0.178,0.25,0,0,1,2
0.519,0.181,0.25,0,0,1,2
0.519,0.184,0.25,0,0,1,2
0.519,0.187,0.25,0,0,1,2
0.519,0.19,0.25,0,0,1,2
0.519,0.193,0.25,0,0,1,2
0.519,0.196,0.25,0,0,1,2
0.519,0.199,0.25,0,0,1,2
0.519,0.202,0.25,0,0,1,2
0.519,0.205,0.25,0,0,1,2
0.519,0.208,0.25,0,0,1,2
0.519,0.211,0.25,0,0,1,2
0.519,0.214,0.25,0,0,1,2
0.519,0.217,0.25,0,0,1,2
0.519,0.22,0.25,0,0,1,2
0.519,0.223,0.25,0,0,1,2
0.519,0.226,0.25,0,0,1,2
0.519,0.229,0.25,0,0,1,2
0.519,0.232,0.25,0,0,1,2
0.519,0.235,0.25,0,0,1,2
0.519,0.238,0.25,0,0,1,2
0.519,0.241,0.25,0,0,1,2
0.519,0.244,0.25,0,0,1,2
0.519,0.247,0.25,0,0,1,2
0.519,0.25,0.25,0,0,1,2
0.519,0.253,0.25,0,0,1,2
0.519,0.256,0.25,0,0,1,2
0.519,0.259,0.25,0,0,1,2
0.522,0.1,0.25,0,0,1,2
0.522,0.103,0.25,0,0,1,2
0.522,0.106,0.25,0,0,1,2
0.522,0.109,0.25,0,0,1,2
0.522,0.112,0.25,0,0,1,2
0.522,0.115,0.25,0,0,1,2
0.522,0.118,0.25,0,0,1,2
0.522,0.121,0.25,0,0,1,2
0.522,0.124,0.25,0,0,1,2
0.522,0.127,0.25,0,0,1,2
0.522,0.13,0.25,0,0,1,2
0.522,0.133,0.25,0,0,1,2
0.522,0.136,0.25,0,0,1,2
0.522,0.139,0.25,0,0,1,2
0.522,0.142,0.25,0,0,1,2
0.522,0.145,0.25,0,0,1,2
0.522,0.148,0.25,0,0,1,2
0.522,0.151,0.25,0,0,1,2
0.522,0.154,0.25,0,0,1,2
0.522,0.157,0.25,0,0,1,2
0.522,0.16,0.25,0,0,1,2
0.522,0.163,0.25,0,0,1,2
0.522,0.166,0.25,0,0,1,2
0.522,0.169,0.25,0,0,1,2
0.522,0.172,0.25,0,0,1,2
0.522,0.175,0.25,0,0,1,2
0.522,0.178,0.25,0,0,1,2
0.522,0.181,0.25,0,0,1,2
0.522,0.184,0.25,0,0,1,2
0.522,0.187,0.25,0,0,1,2
0.522,0.19,0.25,0,0,1,2
0.522,0.193,0.25,0,0,1,2
0.522,0.196,0.25,0,0,1,2
0.522,0.199,0.25,0,0,1,2
0.522,0.202,0.25,0,0,1,2
0.522,0.205,0.25,0,0,1,2
0.522,0.208,0.25,0,0,1,2
0.522,0.211,0.25,0,0,1,2
0.522,0.214,0.25,0,0,1,2
0.522,0.217,0.25,0,0,1,2
0.522,0.22,0.25,0,0,1,2
0.522,0.223,0.25,0,0,1,2
0.522,0.226,0.25,0,0,1,2
0.522,0.229,0.25,0,0,1,2
0.522,0.232,0.25,0,0,1,2
0.522,0.235,0.25,0,0,1,2
0.522,0.238,0.25,0,0,1,2
0.522,0.241,0.25,0,0,1,2
0.522,0.244,0.25,0,0,1,2
0.522,0.247,0.25,0,0,1,2
0.522,0.25,0.25,0,0,1,2
0.522,0.253,0.25,0,0,1,2
0.522,0.256,0.25,0,0,1,2
0.522,0.259,0.25,0,0,1,2
0.525,0.1,0.25,0,0,1,2
0.525,0.103,0.25,0,0,1,2
0.525,0.106,0.25,0,0,1,2
0.525,0.109,0.25,0,0,1,2
0.525,0.112,0.25,0,0,1,2
0.525,0.115,0.25,0,0,1,2
0.525,0.118,0.25,0,0,1,2
0.525,0.121,0.25,0,0,1,2
0.525,0.124,0.25,0,0,1,2
0.525,0.127,0.25,0,0,1,2
0.525,0.13,0.25,0,0,1,2
0.525,0.133,0.25,0,0,1,2
0.525,0.136,0.25,0,0,1,2
0.525,0.139,0.25,0,0,1,2
0.525,0.142,0.25,0,0,1,2
0.525,0.145,0.25,0,0,1,2
0.525,0.148,0.25,0,0,1,2
0.525,0.151,0.25,0,0,1,2
0.525,0.154,0.25,0,0,1,2
0.525,0.157,0.25,0,0,1,2
0.525,0.16,0.25,0,0,1,2
0.525,0.163,0.25,0,0,1,2
0.525,0.166,0.25,0,0,1,2
0.525,0.169,0.25,0,0,1,2
0.525,0.172,0.25,0,0,1,2
0.525,0.175,0.25,0,0,1,2
0.525,0.178,0.25,0,0,1,2
0.525,0.181,0.25,0,0,1,2
0.525,0.184,0.25,0,0,1,2
0.525,0.187,0.25,0,0,1,2
0.525,0.19,0.25,0,0,1,2
0.525,0.193,0.25,0,0,1,2
0.525,0.196,0.25,0,0,1,2
0.525,0.199,0.25,0,0,1,2
0.525,0.202,0.25,0,0,1,2
0.525,0.205,0.25,0,0,1,2
0.525,0.208,0.25,0,0,1,2
0.525,0.211,0.25,0,0,1,2
0.525,0.214,0.25,0,0,1,2
0.525,0.217,0.25,0,0,1,2
0.525,0.22,0.25,0,0,1,2
0.525,0.223,0.25,0,0,1,2
0.525,0.226,0.25,0,0,1,2
0.525,0.229,0.25,0,0,1,2
0.525,0.232,0.25,0,0,1,2
0.525,0.235,0.25,0,0,1,2
0.525,0.238,0.25,0,0,1,2
0.525,0.241,0.25,0,0,1,2
0.525,0.244,0.25,0,0,1,2
0.525,0.247,0.25,0,0,1,2
0.525,0.25,0.25,0,0,1,2
0.525,0.253,0.25,0,0,1,2
0.525,0.256,0.25,0,0,1,2
0.525,0.259,0.25,0,0,1,2
0.528,0.1,0.25,0,0,1,2
0.528,0.103,0.25,0,0,1,2
0.528,0.106,0.25,0,0,1,2
0.528,0.109,0.25,0,0,1,2
0.528,0.112,0.25,0,0,1,2
0.528,0.115,0.25,0,0,1,2
0.528,0.118,0.25,0,0,1,2
0.528,0.121,0.25,0,0,1,2
0.528,0.124,0.25,0,0,1,2
0.528,0.127,0.25,0,0,1,2
0.528,0.13,0.25,0,0,1,2
0.528,0.133,0.25,0,0,1,2
0.528,0.136,0.25,0,0,1,2
0.528,0.139,0.25,0,0,1,2
0.528,0.142,0.25,0,0,1,2
0.528,0.145,0.25,0,0,1,2
0.528,0.148,0.25,0,0,1,2
0.528,0.151,0.25,0,0,1,2
0.528,0.154,0.25,0,0,1,2
0.528,0.157,0.25,0,0,1,2
0.528,0.16,0.25,0,0,1,2
0.528,0.163,0.25,0,0,1,2
0.528,0.166,0.25,0,0,1,2
0.528,0.169,0.25,0,0,1,2
0.528,0.172,0.25,0,0,1,2
0.528,0.175,0.25,0,0,1,2
0.528,0.178,0.25,0,0,1,2
0.528,0.181,0.25,0,0,1,2
0.528,0.184,0.25,0,0,1,2
0.528,0.187,0.25,0,0,1,2
0.528,0.19,0.25,0,0,1,2
0.528,0.193,0.25,0,0,1,2
0.528,0.196,0.25,0,0,1,2
0.528,0.199,0.25,0,0,1,2
0.528,0.202,0.25,0,0,1,2
0.528,0.205,0.25,0,0,1,2
0.528,0.208,0.25,0,0,1,2
0.528,0.211,0.25,0,0,1,2
0.528,0.214,0.25,0,0,1,2
0.528,0.217,0.25,0,0,1,2
0.528,0.22,0.25,0,0,1,2
0.528,0.223,0.25,0,0,1,2
0.528,0.226,0.25,0,0,1,2
0.528,0.229,0.25,0,0,1,2
0.528,0.232,0.25,0,0,1,2
0.528,0.235,0.25,0,0,1,2
0.528,0.238,0.25,0,0,1,2
0.528,0.241,0.25,0,0,1,2
0.528,0.244,0.25,0,0,1,2
0.528,0.247,0.25,0,0,1,2
0.528,0.25,0.25,0,0,1,2
0.528,0.253,0.25,0,0,1,2
0.528,0.256,0.25,0,0,1,2
0.528,0.259,0.25,0,0,1,2
0.531,0.1,0.25,0,0,1,2
0.531,0.103,0.25,0,0,1,2
0.531,0.106,0.25,0,0,1,2
0.531,0.109,0.25,0,0,1,2
0.531,0.112,0.25,0,0,1,2
0.531,0.115,0.25,0,0,1,2
0.531,0.118,0.25,0,0,1,2
0.531,0.121,0.25,0,0,1,2
0.531,0.124,0.25,0,0,1,2
0.531,0.127,0.25,0,0,1,2
0.531,0.13,0.25,0,0,1,2
0.531,0.133,0.25,0,0,1,2
0.531,0.136,0.25,0,0,1,2
0.531,0.139,0.25,0,0,1,2
0.531,0.142,0.25,0,0,1,2
0.531,0.145,0.25,0,0,1,2
0.531,0.148,0.25,0,0,1,2
0.531,0.151,0.25,0,0,1,2
0.531,0.154,0.25,0,0,1,2
0.531,0.157,0.25,0,0,1,2
0.531,0.16,0.25,0,0,1,2
0.531,0.163,0.25,0,0,1,2
0.531,0.166,0.25,0,0,1,2
0.531,0.169,0.25,0,0,1,2
0.531,0.172,0.25,0,0,1,2
0.531,0.175,0.25,0,0,1,2
0.531,0.178,0.25,0,0,1,2
0.531,0.181,0.25,0,0,1,2
0.531,0.184,0.25,0,0,1,2
0.531,0.187,0.25,0,0,1,2
0.531,0.19,0.25,0,0,1,2
0.531,0.193,0.25,0,0,1,2
0.531,0.196,0.25,0,0,1,2
0.531,0.199,0.25,0,0,1,2
0.531,0.202,0.25,0,0,1,2
0.531,0.205,0.25,0,0,1,2
0.531,0.208,0.25,0,0,1,2
0.531,0.211,0.25,0,0,1,2
0.531,0.214,0.25,0,0,1,2
0.531,0.217,0.25,0,0,1,2
0.531,0.22,0.25,0,0,1,2
0.531,0.223,0.25,0,0,1,2
0.531,0.226,0.25,0,0,1,2
0.531,0.229,0.25,0,0,1,2
0.531,0.232,0.25,0,0,1,2
0.531,0.235,0.25,0,0,1,2
0.531,0.238,0.25,0,0,1,2
0.531,0.241,0.25,0,0,1,2
0.531,0.244,0.25,0,0,1,2
0.531,0.247,0.25,0,0,1,2
0.531,0.25,0.25,0,0,1,2
0.531,0.253,0.25,0,0,1,2
0.531,0.256,0.25,0,0,1,2
0.531,0.259,0.25,0,0,1,2
0.534,0.1,0.25,0,0,1,2
0.534,0.103,0.25,0,0,1,2
0.534,0.106,0.25,0,0,1,2
0.534,0.109,0.25,0,0,1,2
0.534,0.112,0.25,0,0,1,2
0.534,0.115,0.25,0,0,1,2
0.534,0.118,0.25,0,0,1,2
0.534,0.121,0.25,0,0,1,2
0.534,0.124,0.25,0,0,1,2
0.534,0.127,0.25,0,0,1,2
0.534,0.13,0.25,0,0,1,2
0.534,0.133,0.25,0,0,1,2
0.534,0.136,0.25,0,0,1,2
0.534,0.139,0.25,0,0,1,2
0.534,0.142,0.25,0,0,1,2
0.534,0.145,0.25,0,0,1,2
0.534,0.148,0.25,0,0,1,2
0.534,0.151,0.25,0,0,1,2
0.534,0.154,0.25,0,0,1,2
0.534,0.157,0.25,0,0,1,2
0.534,0.16,0.25,0,0,1,2
0.534,0.163,0.25,0,0,1,2
0.534,0.166,0.25,0,0,1,2
0.534,0.169,0.25,0,0,1,2
0.534,0.172,0.25,0,0,1,2
0.534,0.175,0.25,0,0,1,2
0.534,0.178,0.25,0,0,1,2
0.534,0.181,0.25,0,0,1,2
0.534,0.184,0.25,0,0,1,2
0.534,0.187,0.25,0,0,1,2
0.534,0.19,0.25,0,0,1,2
0.534,0.193,0.25,0,0,1,2
0.534,0.196,0.25,0,0,1,2
0.534,0.199,0.25,0,0,1,2
0.534,0.202,0.25,0,0,1,2
0.534,0.205,0.25,0,0,1,2
0.534,0.208,0.25,0,0,1,2
0.534,0.211,0.25,0,0,1,2
0.534,0.214,0.25,0,0,1,2
0.534,0.217,0.25,0,0,1,2
0.534,0.22,0.25,0,0,1,2
0.534,0.223,0.25,0,0,1,2
0.534,0.226,0.25,0,0,1,2
0.534,0.229,0.25,0,0,1,2
0.534,0.232,0.25,0,0,1,2
0.534,0.235,0.25,0,0,1,2
0.534,0.238,0.25,0,0,1,2
0.534,0.241,0.25,0,0,1,2
0.534,0.244,0.25,0,0,1,2
0.534,0.247,0.25,0,0,1,2
0.534,0.25,0.25,0,0,1,2
0.534,0.253,0.25,0,0,1,2
0.534,0.256,0.25,0,0,1,2
0.534,0.259,0.25,0,0,1,2
0.537,0.1,0.25,0,0,1,2
0.537,0.103,0.25,0,0,1,2
0.537,0.106,0.25,0,0,1,2
0.537,0.109,0.25,0,0,1,2
0.537,0.112,0.25,0,0,1,2
0.537,0.115,0.25,0,0,1,2
0.537,0.118,0.25,0,0,1,2
0.537,0.121,0.25,0,0,1,2
0.537,0.124,0.25,0,0,1,2
0.537,0.127,0.25,0,0,1,2
0.537,0.13,0.25,0,0,1,2
0.537,0.133,0.25,0,0,1,2
0.537,0.136,0.25,0,0,1,2
0.537,0.139,0.25,0,0,1,2
0.537,0.142,0.25,0,0,1,2
0.537,0.145,0.25,0,0,1,2
0.537,0.148,0.25,0,0,1,2
0.537,0.151,0.25,0,0,1,2
0.537,0.154,0.25,0,0,1,2
0.537,0.157,0.25,0,0,1,2
0.537,0.16,0.25,0,0,1,2
0.537,0.163,0.25,0,0,1,2
0.537,0.166,0.25,0,0,1,2
0.537,0.169,0.25,0,0,1,2
0.537,0.172,0.25,0,0,1,2
0.537,0.175,0.25,0,0,1,2
0.537,0.178,0.25,0,0,1,2
0.537,0.181,0.25,0,0,1,2
0.537,0.184,0.25,0,0,1,2
0.537,0.187,0.25,0,0,1,2
0.537,0.19,0.25,0,0,1,2
0.537,0.193,0.25,0,0,1,2
0.537,0.196,0.25,0,0,1,2
0.537,0.199,0.25,0,0,1,2
0.537,0.202,0.25,0,0,1,2
0.537,0.205,0.25,0,0,1,2
0.537,0.208,0.25,0,0,1,2
0.537,0.211,0.25,0,0,1,2
0.537,0.214,0.25,0,0,1,2
0.537,0.217,0.25,0,0,1,2
0.537,0.22,0.25,0,0,1,2
0.537,0.223,0.25,0,0,1,2
0.537,0.226,0.25,0,0,1,2
0.537,0.229,0.25,0,0,1,2
0.537,0.232,0.25,0,0,1,2
0.537,0.235,0.25,0,0,1,2
0.537,0.238,0.25,0,0,1,2
0.537,0.241,0.25,0,0,1,2
0.537,0.244,0.25,0,0,1,2
0.537,0.247,0.25,0,0,1,2
0.537,0.25,0.25,0,0,1,2
0.537,0.253,0.25,0,0,1,2
0.537,0.256,0.25,0,0,1,2
0.537,0.259,0.25,0,0,1,2
0.54,0.1,0.25,0,0,1,2
0.54,0.103,0.25,0,0,1,2
0.54,0.106,0.25,0,0,1,2
0.54,0.109,0.25,0,0,1,2
0.54,0.112,0.25,0,0,1,2
0.54,0.115,0.25,0,0,1,2
0.54,0.118,0.25,0,0,1,2
0.54,0.121,0.25,0,0,1,2
0.54,0.124,0.25,0,0,1,2
0.54,0.127,0.25,0,0,1,2
0.54,0.13,0.25,0,0,1,2
0.54,0.133,0.25,0,0,1,2
0.54,0.136,0.25,0,0,1,2
0.54,0.139,0.25,0,0,1,2
0.54,0.142,0.25,0,0,1,2
0.54,0.145,0.25,0,0,1,2
0.54,0.148,0.25,0,0,1,2
0.54,0.151,0.25,0,0,1,2
0.54,0.154,0.25,0,0,1,2
0.54,0.157,0.25,0,0,1,2
0.54,0.16,0.25,0,0,1,2
0.54,0.163,0.25,0,0,1,2
0.54,0.166,0.25,0,0,1,2
0.54,0.169,0.25,0,0,1,2
0.54,0.172,0.25,0,0,1,2
0.54,0.175,0.25,0,0,1,2
0.54,0.178,0.25,0,0,1,2
0.54,0.181,0.25,0,0,1,2
0.54,0.184,0.25,0,0,1,2
0.54,0.187,0.25,0,0,1,2
0.54,0.19,0.25,0,0,1,2
0.54,0.193,0.25,0,0,1,2
0.54,0.196,0.25,0,0,1,2
0.54,0.199,0.25,0,0,1,2
0.54,0.202,0.25,0,0,1,2
0.54,0.205,0.25,0,0,1,2
0.54,0.208,0.25,0,0,1,2
0.54,0.211,0.25,0,0,1,2
0.54,0.214,0.25,0,0,1,2
0.54,0.217,0.25,0,0,1,2
0.54,0.22,0.25,0,0,1,2
0.54,0.223,0.25,0,0,1,2
0.54,0.226,0.25,0,0,1,2
0.54,0.229,0.25,0,0,1,2
0.54,0.232,0.25,0,0,1,2
0.54,0.235,0.25,0,0,1,2
0.54,0.238,0.25,0,0,1,2
0.54,0.241,0.25,0,0,1,2
0.54,0.244,0.25,0,0,1,2
0.54,0.247,0.25,0,0,1,2
0.54,0.25,0.25,0,0,1,2
0.54,0.253,0.25,0,0,1,2
0.54,0.256,0.25,0,0,1,2
0.54,0.259,0.25,0,0,1,2
0.543,0.1,0.25,0,0,1,2
0.543,0.103,0.25,0,0,1,2
0.543,0.106,0.25,0,0,1,2
0.543,0.109,0.25,0,0,1,2
0.543,0.112,0.25,0,0,1,2
0.543,0.115,0.25,0,0,1,2
0.543,0.118,0.25,0,0,1,2
0.543,0.121,0.25,0,0,1,2
0.543,0.124,0.25,0,0,1,2
0.543,0.127,0.25,0,0,1,2
0.543,0.13,0.25,0,0,1,2
0.543,0.133,0.25,0,0,1,2
0.543,0.136,0.25,0,0,1,2
0.543,0.139,0.25,0,0,1,2
0.543,0.142,0.25,0,0,1,2
0.543,0.145,0.25,0,0,1,2
0.543,0.148,0.25,0,0,1,2
0.543,0.151,0.25,0,0,1,2
0.543,0.154,0.25,0,0,1,2
0.543,0.157,0.25,0,0,1,2
0.543,0.16,0.25,0,0,1,2
0.543,0.163,0.25,0,0,1,2
0.543,0.166,0.25,0,0,1,2
0.543,0.169,0.25,0,0,1,2
0.543,0.172,0.25,0,0,1,2
0.543,0.175,0.25,0,0,1,2
0.543,0.178,0.25,0,0,1,2
0.543,0.181,0.25,0,0,1,2
0.543,0.184,0.25,0,0,1,2
0.543,0.187,0.25,0,0,1,2
0.543,0.19,0.25,0,0,1,2
0.543,0.193,0.25,0,0,1,2
0.543,0.196,0.25,0,0,1,2
0.543,0.199,0.25,0,0,1,2
0.543,0.202,0.25,0,0,1,2
0.543,0.205,0.25,0,0,1,2
0.543,0.208,0.25,0,0,1,2
0.543,0.211,0.25,0,0,1,2
0.543,0.214,0.25,0,0,1,2
0.543,0.217,0.25,0,0,1,2
0.543,0.22,0.25,0,0,1,2
0.543,0.223,0.25,0,0,1,2
0.543,0.226,0.25,0,0,1,2
0.543,0.229,0.25,0,0,1,2
0.543,0.232,0.25,0,0,1,2
0.543,0.235,0.25,0,0,1,2
0.543,0.238,0.25,0,0,1,2
0.543,0.241,0.25,0,0,1,2
0.543,0.244,0.25,0,0,1,2
0.543,0.247,0.25,0,0,1,2
0.543,0.25,0.25,0,0,1,2
0.543,0.253,0.25,0,0,1,2
0.543,0.256,0.25,0,0,1,2
0.543,0.259,0.25,0,0,1,2
0.546,0.1,0.25,0,0,1,2
0.546,0.103,0.25,0,0,1,2
0.546,0.106,0.25,0,0,1,2
0.546,0.109,0.25,0,0,1,2
0.546,0.112,0.25,0,0,1,2
0.546,0.115,0.25,0,0,1,2
0.546,0.118,0.25,0,0,1,2
0.546,0.121,0.25,0,0,1,2
0.546,0.124,0.25,0,0,1,2
0.546,0.127,0.25,0,0,1,2
0.546,0.13,0.25,0,0,1,2
0.546,0.133,0.25,0,0,1,2
0.546,0.136,0.25,0,0,1,2
0.546,0.139,0.25,0,0,1,2
0.546,0.142,0.25,0,0,1,2
0.546,0.145,0.25,0,0,1,2
0.546,0.148,0.25,0,0,1,2
0.546,0.151,0.25,0,0,1,2
0.546,0.154,0.25,0,0,1,2
0.546,0.157,0.25,0,0,1,2
0.546,0.16,0.25,0,0,1,2
0.546,0.163,0.25,0,0,1,2
0.546,0.166,0.25,0,0,1,2
0.546,0.169,0.25,0,0,1,2
0.546,0.172,0.25,0,0,1,2
0.546,0.175,0.25,0,0,1,2
0.546,0.178,0.25,0,0,1,2
0.546,0.181,0.25,0,0,1,2
0.546,0.184,0.25,0,0,1,2
0.546,0.187,0.25,0,0,1,2
0.546,0.19,0.25,0,0,1,2
0.546,0.193,0.25,0,0,1,2
0.546,0.196,0.25,0,0,1,2
0.546,0.199,0.25,0,0,1,2
0.546,0.202,0.25,0,0,1,2
0.546,0.205,0.25,0,0,1,2
0.546,0.208,0.25,0,0,1,2
0.546,0.211,0.25,0,0,1,2
0.546,0.214,0.25,0,0,1,2
0.546,0.217,0.25,0,0,1,2
0.546,0.22,0.25,0,0,1,2
0.546,0.223,0.25,0,0,1,2
0.546,0.226,0.25,0,0,1,2
0.546,0.229,0.25,0,0,1,2
0.546,0.232,0.25,0,0,1,2
0.546,0.235,0.25,0,0,1,2
0.546,0.238,0.25,0,0,1,2
0.546,0.241,0.25,0,0,1,2
0.546,0.244,0.25,0,0,1,2
0.546,0.247,0.25,0,0,1,2
0.546,0.25,0.25,0,0,1,2
0.546,0.253,0.25,0,0,1,2
0.546,0.256,0.25,0,0,1,2
0.546,0.259,0.25,0,0,1,2
0.549,0.1,0.25,0,0,1,2
0.549,0.103,0.25,0,0,1,2
0.549,0.106,0.25,0,0,1,2
0.549,0.109,0.25,0,0,1,2
0.549,0.112,0.25,0,0,1,2
0.549,0.115,0.25,0,0,1,2
0.549,0.118,0.25,0,0,1,2
0.549,0.121,0.25,0,0,1,2
0.549,0.124,0.25,0,0,1,2
0.549,0.127,0.25,0,0,1,2
0.549,0.13,0.25,0,0,1,2
0.549,0.133,0.25,0,0,1,2
0.549,0.136,0.25,0,0,1,2
0.549,0.139,0.25,0,0,1,2
0.549,0.142,0.25,0,0,1,2
0.549,0.145,0.25,0,0,1,2
0.549,0.148,0.25,0,0,1,2
0.549,0.151,0.25,0,0,1,2
0.549,0.154,0.25,0,0,1,2
0.549,0.157,0.25,0,0,1,2
0.549,0.16,0.25,0,0,1,2
0.549,0.163,0.25,0,0,1,2
0.549,0.166,0.25,0,0,1,2
0.549,0.169,0.25,0,0,1,2
0.549,0.172,0.25,0,0,1,2
0.549,0.175,0.25,0,0,1,2
0.549,0.178,0.25,0,0,1,2
0.549,0.181,0.25,0,0,1,2
0.549,0.184,0.25,0,0,1,2
0.549,0.187,0.25,0,0,1,2
0.549,0.19,0.25,0,0,1,2
0.549,0.193,0.25,0,0,1,2
0.549,0.196,0.25,0,0,1,2
0.549,0.199,0.25,0,0,1,2
0.549,0.202,0.25,0,0,1,2
0.549,0.205,0.25,0,0,1,2
0.549,0.208,0.25,0,0,1,2
0.549,0.211,0.25,0,0,1,2
0.549,0.214,0.25,0,0,1,2
0.549,0.217,0.25,0,0,1,2
0.549,0.22,0.25,0,0,1,2
0.549,0.223,0.25,0,0,1,2
0.549,0.226,0.25,0,0,1,2
0.549,0.229,0.25,0,0,1,2
0.549,0.232,0.25,0,0,1,2
0.549,0.235,0.25,0,0,1,2
0.549,0.238,0.25,0,0,1,2
0.549,0.241,0.25,0,0,1,2
0.549,0.244,0.25,0,0,1,2
0.549,0.247,0.25,0,0,1,2
0.549,0.25,0.25,0,0,1,2
0.549,0.253,0.25,0,0,1,2
0.549,0.256,0.25,0,0,1,2
0.549,0.259,0.25,0,0,1,2
0.552,0.1,0.25,0,0,1,2
0.552,0.103,0.25,0,0,1,2
0.552,0.106,0.25,0,0,1,2
0.552,0.109,0.25,0,0,1,2
0.552,0.112,0.25,0,0,1,2
0.552,0.115,0.25,0,0,1,2
0.552,0.118,0.25,0,0,1,2
0.552,0.121,0.25,0,0,1,2
0.552,0.124,0.25,0,0,1,2
0.552,0.127,0.25,0,0,1,2
0.552,0.13,0.25,0,0,1,2
0.552,0.133,0.25,0,0,1,2
0.552,0.136,0.25,0,0,1,2
0.552,0.139,0.25,0,0,1,2
0.552,0.142,0.25,0,0,1,2
0.552,0.145,0.25,0,0,1,2
0.552,0.148,0.25,0,0,1,2
0.552,0.151,0.25,0,0,1,2
0.552,0.154,0.25,0,0,1,2
0.552,0.157,0.25,0,0,1,2
0.552,0.16,0.25,0,0,1,2
0.552,0.163,0.25,0,0,1,2
0.552,0.166,0.25,0,0,1,2
0.552,0.169,0.25,0,0,1,2
0.552,0.172,0.25,0,0,1,2
0.552,0.175,0.25,0,0,1,2
0.552,0.178,0.25,0,0,1,2
0.552,0.181,0.25,0,0,1,2
0.552,0.184,0.25,0,0,1,2
0.552,0.187,0.25,0,0,1,2
0.552,0.19,0.25,0,0,1,2
0.552,0.193,0.25,0,0,1,2
0.552,0.196,0.25,0,0,1,2
0.552,0.199,0.25,0,0,1,2
0.552,0.202,0.25,0,0,1,2
0.552,0.205,0.25,0,0,1,2
0.552,0.208,0.25,0,0,1,2
0.552,0.211,0.25,0,0,1,2
0.552,0.214,0.25,0,0,1,2
0.552,0.217,0.25,0,0,1,2
0.552,0.22,0.25,0,0,1,2
0.552,0.223,0.25,0,0,1,2
0.552,0.226,0.25,0,0,1,2
0.552,0.229,0.25,0,0,1,2
0.552,0.232,0.25,0,0,1,2
0.552,0.235,0.25,0,0,1,2
0.552,0.238,0.25,0,0,1,2
0.552,0.241,0.25,0,0,1,2
0.552,0.244,0.25,0,0,1,2
0.552,0.247,0.25,0,0,1,2
0.552,0.25,0.25,0,0,1,2
0.552,0.253,0.25,0,0,1,2
0.552,0.256,0.25,0,0,1,2
0.552,0.259,0.25,0,0,1,2
0.555,0.1,0.25,0,0,1,2
0.555,0.103,0.25,0,0,1,2
0.555,0.106,0.25,0,0,1,2
0.555,0.109,0.25,0,0,1,2
0.555,0.112,0.25,0,0,1,2
0.555,0.115,0.25,0,0,1,2
0.555,0.118,0.25,0,0,1,2
0.555,0.121,0.25,0,0,1,2
0.555,0.124,0.25,0,0,1,2
0.555,0.127,0.25,0,0,1,2
0.555,0.13,0.25,0,0,1,2
0.555,0.133,0.25,0,0,1,2
0.555,0.136,0.25,0,0,1,2
0.555,0.139,0.25,0,0,1,2
0.555,0.142,0.25,0,0,1,2
0.555,0.145,0.25,0,0,1,2
0.555,0.148,0.25,0,0,1,2
0.555,0.151,0.25,0,0,1,2
0.555,0.154,0.25,0,0,1,2
0.555,0.157,0.25,0,0,1,2
0.555,0.16,0.25,0,0,1,2
0.555,0.163,0.25,0,0,1,2
0.555,0.166,0.25,0,0,1,2
0.555,0.169,0.25,0,0,1,2
0.555,0.172,0.25,0,0,1,2
0.555,0.175,0.25,0,0,1,2
0.555,0.178,0.25,0,0,1,2
0.555,0.181,0.25,0,0,1,2
0.555,0.184,0.25,0,0,1,2
0.555,0.187,0.25,0,0,1,2
0.555,0.19,0.25,0,0,1,2
0.555,0.193,0.25,0,0,1,2
0.555,0.196,0.25,0,0,1,2
0.555,0.199,0.25,0,0,1,2
0.555,0.202,0.25,0,0,1,2
0.555,0.205,0.25,0,0,1,2
0.555,0.208,0.25,0,0,1,2
0.555,0.211,0.25,0,0,1,2
0.555,0.214,0.25,0,0,1,2
0.555,0.217,0.25,0,0,1,2
0.555,0.22,0.25,0,0,1,2
0.555,0.223,0.25,0,0,1,2
0.555,0.226,0.25,0,0,1,2
0.555,0.229,0.25,0,0,1,2
0.555,0.232,0.25,0,0,1,2
0.555,0.235,0.25,0,0,1,2
0.555,0.238,0.25,0,0,1,2
0.555,0.241,0.25,0,0,1,2
0.555,0.244,0.25,0,0,1,2
0.555,0.247,0.25,0,0,1,2
0.555,0.25,0.25,0,0,1,2
0.555,0.253,0.25,0,0,1,2
0.555,0.256,0.25,0,0,1,2
0.555,0.259,0.25,0,0,1,2
0.558,0.1,0.25,0,0,1,2
0.558,0.103,0.25,0,0,1,2
0.558,0.106,0.25,0,0,1,2
0.558,0.109,0.25,0,0,1,2
0.558,0.112,0.25,0,0,1,2
0.558,0.115,0.25,0,0,1,2
0.558,0.118,0.25,0,0,1,2
0.558,0.121,0.25,0,0,1,2
0.558,0.124,0.25,0,0,1,2
0.558,0.127,0.25,0,0,1,2
0.558,0.13,0.25,0,0,1,2
0.558,0.133,0.25,0,0,1,2
0.558,0.136,0.25,0,0,1,2
0.558,0.139,0.25,0,0,1,2
0.558,0.142,0.25,0,0,1,2
0.558,0.145,0.25,0,0,1,2
0.558,0.148,0.25,0,0,1,2
0.558,0.151,0.25,0,0,1,2
0.558,0.154,0.25,0,0,1,2
0.558,0.157,0.25,0,0,1,2
0.558,0.16,0.25,0,0,1,2
0.558,0.163,0.25,0,0,1,2
0.558,0.166,0.25,0,0,1,2
0.558,0.169,0.25,0,0,1,2
0.558,0.172,0.25,0,0,1,2
0.558,0.175,0.25,0,0,1,2
0.558,0.178,0.25,0,0,1,2
0.558,0.181,0.25,0,0,1,2
0.558,0.184,0.25,0,0,1,2
0.558,0.187,0.25,0,0,1,2
0.558,0.19,0.25,0,0,1,2
0.558,0.193,0.25,0,0,1,2
0.558,0.196,0.25,0,0,1,2
0.558,0.199,0.25,0,0,1,2
0.558,0.202,0.25,0,0,1,2
0.558,0.205,0.25,0,0,1,2
0.558,0.208,0.25,0,0,1,2
0.558,0.211,0.25,0,0,1,2
0.558,0.214,0.25,0,0,1,2
0.558,0.217,0.25,0,0,1,2
0.558,0.22,0.25,0,0,1,2
0.558,0.223,0.25,0,0,1,2
0.558,0.226,0.25,0,0,1,2
0.558,0.229,0.25,0,0,1,2
0.558,0.232,0.25,0,0,1,2
0.558,0.235,0.25,0,0,1,2
0.558,0.238,0.25,0,0,1,2
0.558,0.241,0.25,0,0,1,2
0.558,0.244,0.25,0,0,1,2
0.558,0.247,0.25,0,0,1,2
0.558,0.25,0.25,0,0,1,2
0.558,0.253,0.25,0,0,1,2
0.558,0.256,0.25,0,0,1,2
0.558,0.259,0.25,0,0,1,2
0.561,0.1,0.25,0,0,1,2
0.561,0.103,0.25,0,0,1,2
0.561,0.106,0.25,0,0,1,2
0.561,0.109,0.25,0,0,1,2
0.561,0.112,0.25,0,0,1,2
0.561,0.115,0.25,0,0,1,2
0.561,0.118,0.25,0,0,1,2
0.561,0.121,0.25,0,0,1,2
0.561,0.124,0.25,0,0,1,2
0.561,0.127,0.25,0,0,1,2
0.561,0.13,0.25,0,0,1,2
0.561,0.133,0.25,0,0,1,2
0.561,0.136,0.25,0,0,1,2
0.561,0.139,0.25,0,0,1,2
0.561,0.142,0.25,0,0,1,2
0.561,0.145,0.25,0,0,1,2
0.561,0.148,0.25,0,0,1,2
0.561,0.151,0.25,0,0,1,2
0.561,0.154,0.25,0,0,1,2
0.561,0.157,0.25,0,0,1,2
0.561,0.16,0.25,0,0,1,2
0.561,0.163,0.25,0,0,1,2
0.561,0.166,0.25,0,0,1,2
0.561,0.169,0.25,0,0,1,2
0.561,0.172,0.25,0,0,1,2
0.561,0.175,0.25,0,0,1,2
0.561,0.178,0.25,0,0,1,2
0.561,0.181,0.25,0,0,1,2
0.561,0.184,0.25,0,0,1,2
0.561,0.187,0.25,0,0,1,2
0.561,0.19,0.25,0,0,1,2
0.561,0.193,0.25,0,0,1,2
0.561,0.196,0.25,0,0,1,2
0.561,0.199,0.25,0,0,1,2
0.561,0.202,0.25,0,0,1,2
0.561,0.205,0.25,0,0,1,2
0.561,0.208,0.25,0,0,1,2
0.561,0.211,0.25,0,0,1,2
0.561,0.214,0.25,0,0,1,2
0.561,0.217,0.25,0,0,1,2
0.561,0.22,0.25,0,0,1,2
0.561,0.223,0.25,0,0,1,2
0.561,0.226,0.25,0,0,1,2
0.561,0.229,0.25,0,0,1,2
0.561,0.232,0.25,0,0,1,2
0.561,0.235,0.25,0,0,1,2
0.561,0.238,0.25,0,0,1,2
0.561,0.241,0.25,0,0,1,2
0.561,0.244,0.25,0,0,1,2
0.561,0.247,0.25,0,0,1,2
0.561,0.25,0.25,0,0,1,2
0.561,0.253,0.25,0,0,1,2
0.561,0.256,0.25,0,0,1,2
0.561,0.259,0.25,0,0,1,2
0.564,0.1,0.25,0,0,1,2
0.564,0.103,0.25,0,0,1,2
0.564,0.106,0.25,0,0,1,2
0.564,0.109,0.25,0,0,1,2
0.564,0.112,0.25,0,0,1,2
0.564,0.115,0.25,0,0,1,2
0.564,0.118,0.25,0,0,1,2
0.564,0.121,0.25,0,0,1,2
0.564,0.124,0.25,0,0,1,2
0.564,0.127,0.25,0,0,1,2
0.564,0.13,0.25,0,0,1,2
0.564,0.133,0.25,0,0,1,2
0.564,0.136,0.25,0,0,1,2
0.564,0.139,0.25,0,0,1,2
0.564,0.142,0.25,0,0,1,2
0.564,0.145,0.25,0,0,1,2
0.564,0.148,0.25,0,0,1,2
0.564,0.151,0.25,0,0,1,2
0.564,0.154,0.25,0,0,1,2
0.564,0.157,0.25,0,0,1,2
0.564,0.16,0.25,0,0,1,2
0.564,0.163,0.25,0,0,1,2
0.564,0.166,0.25,0,0,1,2
0.564,0.169,0.25,0,0,1,2
0.564,0.172,0.25,0,0,1,2
0.564,0.175,0.25,0,0,1,2
0.564,0.178,0.25,0,0,1,2
0.564,0.181,0.25,0,0,1,2
0.564,0.184,0.25,0,0,1,2
0.564,0.187,0.25,0,0,1,2
0.564,0.19,0.25,0,0,1,2
0.564,0.193,0.25,0,0,1,2
0.564,0.196,0.25,0,0,1,2
0.564,0.199,0.25,0,0,1,2
0.564,0.202,0.25,0,0,1,2
0.564,0.205,0.25,0,0,1,2
0.564,0.208,0.25,0,0,1,2
0.564,0.211,0.25,0,0,1,2
0.564,0.214,0.25,0,0,1,2
0.564,0.217,0.25,0,0,1,2
0.564,0.22,0.25,0,0,1,2
0.564,0.223,0.25,0,0,1,2
0.564,0.226,0.25,0,0,1,2
0.564,0.229,0.25,0,0,1,2
0.564,0.232,0.25,0,0,1,2
0.564,0.235,0.25,0,0,1,2
0.564,0.238,0.25,0,0,1,2
0.564,0.241,0.25,0,0,1,2
0.564,0.244,0.25,0,0,1,2
0.564,0.247,0.25,0,0,1,2
0.564,0.25,0.25,0,0,1,2
0.564,0.253,0.25,0,0,1,2
0.564,0.256,0.25,0,0,1,2
0.564,0.259,0.25,0,0,1,2
0.567,0.1,0.25,0,0,1,2
0.567,0.103,0.25,0,0,1,2
0.567,0.106,0.25,0,0,1,2
0.567,0.109,0.25,0,0,1,2
0.567,0.112,0.25,0,0,1,2
0.567,0.115,0.25,0,0,1,2
0.567,0.118,0.25,0,0,1,2
0.567,0.121,0.25,0,0,1,2
0.567,0.124,0.25,0,0,1,2
0.567,0.127,0.25,0,0,1,2
0.567,0.13,0.25,0,0,1,2
0.567,0.133,0.25,0,0,1,2
0.567,0.136,0.25,0,0,1,2
0.567,0.139,0.25,0,0,1,2
0.567,0.142,0.25,0,0,1,2
0.567,0.145,0.25,0,0,1,2
0.567,0.148,0.25,0,0,1,2
0.567,0.151,0.25,0,0,1,2
0.567,0.154,0.25,0,0,1,2
0.567,0.157,0.25,0,0,1,2
0.567,0.16,0.25,0,0,1,2
0.567,0.163,0.25,0,0,1,2
0.567,0.166,0.25,0,0,1,2
0.567,0.169,0.25,0,0,1,2
0.567,0.172,0.25,0,0,1,2
0.567,0.175,0.25,0,0,1,2
0.567,0.178,0.25,0,0,1,2
0.567,0.181,0.25,0,0,1,2
0.567,0.184,0.25,0,0,1,2
0.567,0.187,0.25,0,0,1,2
0.567,0.19,0.25,0,0,1,2
0.567,0.193,0.25,0,0,1,2
0.567,0.196,0.25,0,0,1,2
0.567,0.199,0.25,0,0,1,2
0.567,0.202,0.25,0,0,1,2
0.567,0.205,0.25,0,0,1,2
0.567,0.208,0.25,0,0,1,2
0.567,0.211,0.25,0,0,1,2
0.567,0.214,0.25,0,0,1,2
0.567,0.217,0.25,0,0,1,2
0.567,0.22,0.25,0,0,1,2
0.567,0.223,0.25,0,0,1,2
0.567,0.226,0.25,0,0,1,2
0.567,0.229,0.25,0,0,1,2
0.567,0.232,0.25,0,0,1,2
0.567,0.235,0.25,0,0,1,2
0.567,0.238,0.25,0,0,1,2
0.567,0.241,0.25,0,0,1,2
0.567,0.244,0.25,0,0,1,2
0.567,0.247,0.25,0,0,1,2
0.567,0.25,0.25,0,0,1,2
0.567,0.253,0.25,0,0,1,2
0.567,0.256,0.25,0,0,1,2
0.567,0.259,0.25,0,0,1,2
0.57,0.1,0.25,0,0,1,2
0.57,0.103,0.25,0,0,1,2
0.57,0.106,0.25,0,0,1,2
0.57,0.109,0.25,0,0,1,2
0.57,0.112,0.25,0,0,1,2
0.57,0.115,0.25,0,0,1,2
0.57,0.118,0.25,0,0,1,2
0.57,0.121,0.25,0,0,1,2
0.57,0.124,0.25,0,0,1,2
0.57,0.127,0.25,0,0,1,2
0.57,0.13,0.25,0,0,1,2
0.57,0.133,0.25,0,0,1,2
0.57,0.136,0.25,0,0,1,2
0.57,0.139,0.25,0,0,1,2
0.57,0.142,0.25,0,0,1,2
0.57,0.145,0.25,0,0,1,2
0.57,0.148,0.25,0,0,1,2
0.57,0.151,0.25,0,0,1,2
0.57,0.154,0.25,0,0,1,2
0.57,0.157,0.25,0,0,1,2
0.57,0.16,0.25,0,0,1,2
0.57,0.163,0.25,0,0,1,2
0.57,0.166,0.25,0,0,1,2
0.57,0.169,0.25,0,0,1,2
0.57,0.172,0.25,0,0,1,2
0.57,0.175,0.25,0,0,1,2
0.57,0.178,0.25,0,0,1,2
0.57,0.181,0.25,0,0,1,2
0.57,0.184,0.25,0,0,1,2
0.57,0.187,0.25,0,0,1,2
0.57,0.19,0.25,0,0,1,2
0.57,0.193,0.25,0,0,1,2
0.57,0.196,0.25,0,0,1,2
0.57,0.199,0.25,0,0,1,2
0.57,0.202,0.25,0,0,1,2
0.57,0.205,0.25,0,0,1,2
0.57,0.208,0.25,0,0,1,2
0.57,0.211,0.25,0,0,1,2
0.57,0.214,0.25,0,0,1,2
0.57,0.217,0.25,0,0,1,2
0.57,0.22,0.25,0,0,1,2
0.57,0.223,0.25,0,0,1,2
0.57,0.226,0.25,0,0,1,2
0.57,0.229,0.25,0,0,1,2
0.57,0.232,0.25,0,0,1,2
0.57,0.235,0.25,0,0,1,2
0.57,0.238,0.25,0,0,1,2
0.57,0.241,0.25,0,0,1,2
0.57,0.244,0.25,0,0,1,2
0.57,0.247,0.25,0,0,1,2
0.57,0.25,0.25,0,0,1,2
0.57,0.253,0.25,0,0,1,2
0.57,0.256,0.25,0,0,1,2
0.57,0.259,0.25,0,0,1,2
0.39,0.1,0.45,0,0,1,2
0.39,0.103,0.45,0,0,1,2
0.39,0.106,0.45,0,0,1,2
0.39,0.109,0.45,0,0,1,2
0.39,0.112,0.45,0,0,1,2
0.39,0.115,0.45,0,0,1,2
0.39,0.118,0.45,0,0,1,2
0.39,0.121,0.45,0,0,1,2
0.39,0.124,0.45,0,0,1,2
0.39,0.127,0.45,0,0,1,2
0.39,0.13,0.45,0,0,1,2
0.39,0.133,0.45,0,0,1,2
0.39,0.136,0.45,0,0,1,2
0.39,0.139,0.45,0,0,1,2
0.39,0.142,0.45,0,0,1,2
0.39,0.145,0.45,0,0,1,2
0.39,0.148,0.45,0,0,1,2
0.39,0.151,0.45,0,0,1,2
0.39,0.154,0.45,0,0,1,2
0.39,0.157,0.45,0,0,1,2
0.39,0.16,0.45,0,0,1,2
0.39,0.163,0.45,0,0,1,2
0.39,0.166,0.45,0,0,1,2
0.39,0.169,0.45,0,0,1,2
0.39,0.172,0.45,0,0,1,2
0.39,0.175,0.45,0,0,1,2
0.39,0.178,0.45,0,0,1,2
0.39,0.181,0.45,0,0,1,2
0.39,0.184,0.45,0,0,1,2
0.39,0.187,0.45,0,0,1,2
0.39,0.19,0.45,0,0,1,2
0.39,0.193,0.45,0,0,1,2
0.39,0.196,0.45,0,0,1,2
0.39,0.199,0.45,0,0,1,2
0.39,0.202,0.45,0,0,1,2
0.39,0.205,0.45,0,0,1,2
0.39,0.208,0.45,0,0,1,2
0.39,0.211,0.45,0,0,1,2
0.39,0.214,0.45,0,0,1,2
0.39,0.217,0.45,0,0,1,2
0.39,0.22,0.45,0,0,1,2
0.39,0.223,0.45,0,0,1,2
0.39,0.226,0.45,0,0,1,2
0.39,0.229,0.45,0,0,1,2
0.39,0.232,0.45,0,0,1,2
0.39,0.235,0.45,0,0,1,2
0.39,0.238,0.45,0,0,1,2
0.39,0.241,0.45,0,0,1,2
0.39,0.244,0.45,0,0,1,2
0.39,0.247,0.45,0,0,1,2
0.39,0.25,0.45,0,0,1,2
0.39,0.253,0.45,0,0,1,2
0.39,0.256,0.45,0,0,1,2
0.39,0.259,0.45,0,0,1,2
0.393,0.1,0.45,0,0,1,2
0.393,0.103,0.45,0,0,1,2
0.393,0.106,0.45,0,0,1,2
0.393,0.109,0.45,0,0,1,2
0.393,0.112,0.45,0,0,1,2
0.393,0.115,0.45,0,0,1,2
0.393,0.118,0.45,0,0,1,2
0.393,0.121,0.45,0,0,1,2
0.393,0.124,0.45,0,0,1,2
0.393,0.127,0.45,0,0,1,2
0.393,0.13,0.45,0,0,1,2
0.393,0.133,0.45,0,0,1,2
0.393,0.136,0.45,0,0,1,2
0.393,0.139,0.45,0,0,1,2
0.393,0.142,0.45,0,0,1,2
0.393,0.145,0.45,0,0,1,2
0.393,0.148,0.45,0,0,1,2
0.393,0.151,0.45,0,0,1,2
0.393,0.154,0.45,0,0,1,2
0.393,0.157,0.45,0,0,1,2
0.393,0.16,0.45,0,0,1,2
0.393,0.163,0.45,0,0,1,2
0.393,0.166,0.45,0,0,1,2
0.393,0.169,0.45,0,0,1,2
0.393,0.172,0.45,0,0,1,2
0.393,0.175,0.45,0,0,1,2
0.393,0.178,0.45,0,0,1,2
0.393,0.181,0.45,0,0,1,2
0.393,0.184,0.45,0,0,1,2
0.393,0.187,0.45,0,0,1,2
0.393,0.19,0.45,0,0,1,2
0.393,0.193,0.45,0,0,1,2
0.393,0.196,0.45,0,0,1,2
0.393,0.199,0.45,0,0,1,2
0.393,0.202,0.45,0,0,1,2
0.393,0.205,0.45,0,0,1,2
0.393,0.208,0.45,0,0,1,2
0.393,0.211,0.45,0,0,1,2
0.393,0.214,0.45,0,0,1,2
0.393,0.217,0.45,0,0,1,2
0.393,0.22,0.45,0,0,1,2
0.393,0.223,0.45,0,0,1,2
0.393,0.226,0.45,0,0,1,2
0.393,0.229,0.45,0,0,1,2
0.393,0.232,0.45,0,0,1,2
0.393,0.235,0.45,0,0,1,2
0.393,0.238,0.45,0,0,1,2
0.393,0.241,0.45,0,0,1,2
0.393,0.244,0.45,0,0,1,2
0.393,0.247,0.45,0,0,1,2
0.393,0.25,0.45,0,0,1,2
0.393,0.253,0.45,0,0,1,2
0.393,0.256,0.45,0,0,1,2
0.393,0.259,0.45,0,0,1,2
0.396,0.1,0.45,0,0,1,2
0.396,0.103,0.45,0,0,1,2
0.396,0.106,0.45,0,0,1,2
0.396,0.109,0.45,0,0,1,2
0.396,0.112,0.45,0,0,1,2
0.396,0.115,0.45,0,0,1,2
0.396,0.118,0.45,0,0,1,2
0.396,0.121,0.45,0,0,1,2
0.396,0.124,0.45,0,0,1,2
0.396,0.127,0.45,0,0,1,2
0.396,0.13,0.45,0,0,1,2
0.396,0.133,0.45,0,0,1,2
0.396,0.136,0.45,0,0,1,2
0.396,0.139,0.45,0,0,1,2
0.396,0.142,0.45,0,0,1,2
0.396,0.145,0.45,0,0,1,2
0.396,0.148,0.45,0,0,1,2
0.396,0.151,0.45,0,0,1,2
0.396,0.154,0.45,0,0,1,2
0.396,0.157,0.45,0,0,1,2
0.396,0.16,0.45,0,0,1,2
0.396,0.163,0.45,0,0,1,2
0.396,0.166,0.45,0,0,1,2
0.396,0.169,0.45,0,0,1,2
0.396,0.172,0.45,0,0,1,2
0.396,0.175,0.45,0,0,1,2
0.396,0.178,0.45,0,0,1,2
0.396,0.181,0.45,0,0,1,2
0.396,0.184,0.45,0,0,1,2
0.396,0.187,0.45,0,0,1,2
0.396,0.19,0.45,0,0,1,2
0.396,0.193,0.45,0,0,1,2
0.396,0.196,0.45,0,0,1,2
0.396,0.199,0.45,0,0,1,2
0.396,0.202,0.45,0,0,1,2
0.396,0.205,0.45,0,0,1,2
0.396,0.208,0.45,0,0,1,2
0.396,0.211,0.45,0,0,1,2
0.396,0.214,0.45,0,0,1,2
0.396,0.217,0.45,0,0,1,2
0.396,0.22,0.45,0,0,1,2
0.396,0.223,0.45,0,0,1,2
0.396,0.226,0.45,0,0,1,2
0.396,0.229,0.45,0,0,1,2
0.396,0.232,0.45,0,0,1,2
0.396,0.235,0.45,0,0,1,2
0.396,0.238,0.45,0,0,1,2
0.396,0.241,0.45,0,0,1,2
0.396,0.244,0.45,0,0,1,2
0.396,0.247,0.45,0,0,1,2
0.396,0.25,0.45,0,0,1,2
0.396,0.253,0.45,0,0,1,2
0.396,0.256,0.45,0,0,1,2
0.396,0.259,0.45,0,0,1,2
0.399,0.1,0.45,0,0,1,2
0.399,0.103,0.45,0,0,1,2
0.399,0.106,0.45,0,0,1,2
0.399,0.109,0.45,0,0,1,2
0.399,0.112,0.45,0,0,1,2
0.399,0.115,0.45,0,0,1,2
0.399,0.118,0.45,0,0,1,2
0.399,0.121,0.45,0,0,1,2
0.399,0.124,0.45,0,0,1,2
0.399,0.127,0.45,0,0,1,2
0.399,0.13,0.45,0,0,1,2
0.399,0.133,0.45,0,0,1,2
0.399,0.136,0.45,0,0,1,2
0.399,0.139,0.45,0,0,1,2
0.399,0.142,0.45,0,0,1,2
0.399,0.145,0.45,0,0,1,2
0.399,0.148,0.45,0,0,1,2
0.399,0.151,0.45,0,0,1,2
0.399,0.154,0.45,0,0,1,2
0.399,0.157,0.45,0,0,1,2
0.399,0.16,0.45,0,0,1,2
0.399,0.163,0.45,0,0,1,2
0.399,0.166,0.45,0,0,1,2
0.399,0.169,0.45,0,0,1,2
0.399,0.172,0.45,0,0,1,2
0.399,0.175,0.45,0,0,1,2
0.399,0.178,0.45,0,0,1,2
0.399,0.181,0.45,0,0,1,2
0.399,0.184,0.45,0,0,1,2
0.399,0.187,0.45,0,0,1,2
0.399,0.19,0.45,0,0,1,2
0.399,0.193,0.45,0,0,1,2
0.399,0.196,0.45,0,0,1,2
0.399,0.199,0.45,0,0,1,2
0.399,0.202,0.45,0,0,1,2
0.399,0.205,0.45,0,0,1,2
0.399,0.208,0.45,0,0,1,2
0.399,0.211,0.45,0,0,1,2
0.399,0.214,0.45,0,0,1,2
0.399,0.217,0.45,0,0,1,2
0.399,0.22,0.45,0,0,1,2
0.399,0.223,0.45,0,0,1,2
0.399,0.226,0.45,0,0,1,2
0.399,0.229,0.45,0,0,1,2
0.399,0.232,0.45,0,0,1,2
0.399,0.235,0.45,0,0,1,2
0.399,0.238,0.45,0,0,1,2
0.399,0.241,0.45,0,0,1,2
0.399,0.244,0.45,0,0,1,2
0.399,0.247,0.45,0,0,1,2
0.399,0.25,0.45,0,0,1,2
0.399,0.253,0.45,0,0,1,2
0.399,0.256,0.45,0,0,1,2
0.399,0.259,0.45,0,0,1,2
0.402,0.1,0.45,0,0,1,2
0.402,0.103,0.45,0,0,1,2
0.402,0.106,0.45,0,0,1,2
0.402,0.109,0.45,0,0,1,2
0.402,0.112,0.45,0,0,1,2
0.402,0.115,0.45,0,0,1,2
0.402,0.118,0.45,0,0,1,2
0.402,0.121,0.45,0,0,1,2
0.402,0.124,0.45,0,0,1,2
0.402,0.127,0.45,0,0,1,2
0.402,0.13,0.45,0,0,1,2
0.402,0.133,0.45,0,0,1,2
0.402,0.136,0.45,0,0,1,2
0.402,0.139,0.45,0,0,1,2
0.402,0.142,0.45,0,0,1,2
0.402,0.145,0.45,0,0,1,2
0.402,0.148,0.45,0,0,1,2
0.402,0.151,0.45,0,0,1,2
0.402,0.154,0.45,0,0,1,2
0.402,0.157,0.45,0,0,1,2
0.402,0.16,0.45,0,0,1,2
0.402,0.163,0.45,0,0,1,2
0.402,0.166,0.45,0,0,1,2
0.402,0.169,0.45,0,0,1,2
0.402,0.172,0.45,0,0,1,2
0.402,0.175,0.45,0,0,1,2
0.402,0.178,0.45,0,0,1,2
0.402,0.181,0.45,0,0,1,2
0.402,0.184,0.45,0,0,1,2
0.402,0.187,0.45,0,0,1,2
0.402,0.19,0.45,0,0,1,2
0.402,0.193,0.45,0,0,1,2
0.402,0.196,0.45,0,0,1,2
0.402,0.199,0.45,0,0,1,2
0.402,0.202,0.45,0,0,1,2
0.402,0.205,0.45,0,0,1,2
0.402,0.208,0.45,0,0,1,2
0.402,0.211,0.45,0,0,1,2
0.402,0.214,0.45,0,0,1,2
0.402,0.217,0.45,0,0,1,2
0.402,0.22,0.45,0,0,1,2
0.402,0.223,0.45,0,0,1,2
0.402,0.226,0.45,0,0,1,2
0.402,0.229,0.45,0,0,1,2
0.402,0.232,0.45,0,0,1,2
0.402,0.235,0.45,0,0,1,2
0.402,0.238,0.45,0,0,1,2
0.402,0.241,0.45,0,0,1,2
0.402,0.244,0.45,0,0,1,2
0.402,0.247,0.45,0,0,1,2
0.402,0.25,0.45,0,0,1,2
0.402,0.253,0.45,0,0,1,2
0.402,0.256,0.45,0,0,1,2
0.402,0.259,0.45,0,0,1,2
0.405,0.1,0.45,0,0,1,2
0.405,0.103,0.45,0,0,1,2
0.405,0.106,0.45,0,0,1,2
0.405,0.109,0.45,0,0,1,2
0.405,0.112,0.45,0,0,1,2
0.405,0.115,0.45,0,0,1,2
0.405,0.118,0.45,0,0,1,2
0.405,0.121,0.45,0,0,1,2
0.405,0.124,0.45,0,0,1,2
0.405,0.127,0.45,0,0,1,2
0.405,0.13,0.45,0,0,1,2
0.405,0.133,0.45,0,0,1,2
0.405,0.136,0.45,0,0,1,2
0.405,0.139,0.45,0,0,1,2
0.405,0.142,0.45,0,0,1,2
0.405,0.145,0.45,0,0,1,2
0.405,0.148,0.45,0,0,1,2
0.405,0.151,0.45,0,0,1,2
0.405,0.154,0.45,0,0,1,2
0.405,0.157,0.45,0,0,1,2
0.405,0.16,0.45,0,0,1,2
0.405,0.163,0.45,0,0,1,2
0.405,0.166,0.45,0,0,1,2
0.405,0.169,0.45,0,0,1,2
0.405,0.172,0.45,0,0,1,2
0.405,0.175,0.45,0,0,1,2
0.405,0.178,0.45,0,0,1,2
0.405,0.181,0.45,0,0,1,2
0.405,0.184,0.45,0,0,1,2
0.405,0.187,0.45,0,0,1,2
0.405,0.19,0.45,0,0,1,2
0.405,0.193,0.45,0,0,1,2
0.405,0.196,0.45,0,0,1,2
0.405,0.199,0.45,0,0,1,2
0.405,0.202,0.45,0,0,1,2
0.405,0.205,0.45,0,0,1,2
0.405,0.208,0.45,0,0,1,2
0.405,0.211,0.45,0,0,1,2
0.405,0.214,0.45,0,0,1,2
0.405,0.217,0.45,0,0,1,2
0.405,0.22,0.45,0,0,1,2
0.405,0.223,0.45,0,0,1,2
0.405,0.226,0.45,0,0,1,2
0.405,0.229,0.45,0,0,1,2
0.405,0.232,0.45,0,0,1,2
0.405,0.235,0.45,0,0,1,2
0.405,0.238,0.45,0,0,1,2
0.405,0.241,0.45,0,0,1,2
0.405,0.244,0.45,0,0,1,2
0.405,0.247,0.45,0,0,1,2
0.405,0.25,0.45,0,0,1,2
0.405,0.253,0.45,0,0,1,2
0.405,0.256,0.45,0,0,1,2
0.405,0.259,0.45,0,0,1,2
0.408,0.1,0.45,0,0,1,2
0.408,0.103,0.45,0,0,1,2
0.408,0.106,0.45,0,0,1,2
0.408,0.109,0.45,0,0,1,2
0.408,0.112,0.45,0,0,1,2
0.408,0.115,0.45,0,0,1,2
0.408,0.118,0.45,0,0,1,2
0.408,0.121,0.45,0,0,1,2
0.408,0.124,0.45,0,0,1,2
0.408,0.127,0.45,0,0,1,2
0.408,0.13,0.45,0,0,1,2
0.408,0.133,0.45,0,0,1,2
0.408,0.136,0.45,0,0,1,2
0.408,0.139,0.45,0,0,1,2
0.408,0.142,0.45,0,0,1,2
0.408,0.145,0.45,0,0,1,2
0.408,0.148,0.45,0,0,1,2
0.408,0.151,0.45,0,0,1,2
0.408,0.154,0.45,0,0,1,2
0.408,0.157,0.45,0,0,1,2
0.408,0.16,0.45,0,0,1,2
0.408,0.163,0.45,0,0,1,2
0.408,0.166,0.45,0,0,1,2
0.408,0.169,0.45,0,0,1,2
0.408,0.172,0.45,0,0,1,2
0.408,0.175,0.45,0,0,1,2
0.408,0.178,0.45,0,0,1,2
0.408,0.181,0.45,0,0,1,2
0.408,0.184,0.45,0,0,1,2
0.408,0.187,0.45,0,0,1,2
0.408,0.19,0.45,0,0,1,2
0.408,0.193,0.45,0,0,1,2
0.408,0.196,0.45,0,0,1,2
0.408,0.199,0.45,0,0,1,2
0.408,0.202,0.45,0,0,1,2
0.408,0.205,0.45,0,0,1,2
0.408,0.208,0.45,0,0,1,2
0.408,0.211,0.45,0,0,1,2
0.408,0.214,0.45,0,0,1,2
0.408,0.217,0.45,0,0,1,2
0.408,0.22,0.45,0,0,1,2
0.408,0.223,0.45,0,0,1,2
0.408,0.226,0.45,0,0,1,2
0.408,0.229,0.45,0,0,1,2
0.408,0.232,0.45,0,0,1,2
0.408,0.235,0.45,0,0,1,2
0.408,0.238,0.45,0,0,1,2
0.408,0.241,0.45,0,0,1,2
0.408,0.244,0.45,0,0,1,2
0.408,0.247,0.45,0,0,1,2
0.408,0.25,0.45,0,0,1,2
0.408,0.253,0.45,0,0,1,2
0.408,0.256,0.45,0,0,1,2
0.408,0.259,0.45,0,0,1,2
0.411,0.1,0.45,0,0,1,2
0.411,0.103,0.45,0,0,1,2
0.411,0.106,0.45,0,0,1,2
0.411,0.109,0.45,0,0,1,2
0.411,0.112,0.45,0,0,1,2
0.411,0.115,0.45,0,0,1,2
0.411,0.118,0.45,0,0,1,2
0.411,0.121,0.45,0,0,1,2
0.411,0.124,0.45,0,0,1,2
0.411,0.127,0.45,0,0,1,2
0.411,0.13,0.45,0,0,1,2
0.411,0.133,0.45,0,0,1,2
0.411,0.136,0.45,0,0,1,2
0.411,0.139,0.45,0,0,1,2
0.411,0.142,0.45,0,0,1,2
0.411,0.145,0.45,0,0,1,2
0.411,0.148,0.45,0,0,1,2
0.411,0.151,0.45,0,0,1,2
0.411,0.154,0.45,0,0,1,2
0.411,0.157,0.45,0,0,1,2
0.411,0.16,0.45,0,0,1,2
0.411,0.163,0.45,0,0,1,2
0.411,0.166,0.45,0,0,1,2
0.411,0.169,0.45,0,0,1,2
0.411,0.172,0.45,0,0,1,2
0.411,0.175,0.45,0,0,1,2
0.411,0.178,0.45,0,0,1,2
0.411,0.181,0.45,0,0,1,2
0.411,0.184,0.45,0,0,1,2
0.411,0.187,0.45,0,0,1,2
0.411,0.19,0.45,0,0,1,2
0.411,0.193,0.45,0,0,1,2
0.411,0.196,0.45,0,0,1,2
0.411,0.199,0.45,0,0,1,2
0.411,0.202,0.45,0,0,1,2
0.411,0.205,0.45,0,0,1,2
0.411,0.208,0.45,0,0,1,2
0.411,0.211,0.45,0,0,1,2
0.411,0.214,0.45,0,0,1,2
0.411,0.217,0.45,0,0,1,2
0.411,0.22,0.45,0,0,1,2
0.411,0.223,0.45,0,0,1,2
0.411,0.226,0.45,0,0,1,2
0.411,0.229,0.45,0,0,1,2
0.411,0.232,0.45,0,0,1,2
0.411,0.235,0.45,0,0,1,2
0.411,0.238,0.45,0,0,1,2
0.411,0.241,0.45,0,0,1,2
0.411,0.244,0.45,0,0,1,2
0.411,0.247,0.45,0,0,1,2
0.411,0.25,0.45,0,0,1,2
0.411,0.253,0.45,0,0,1,2
0.411,0.256,0.45,0,0,1,2
0.411,0.259,0.45,0,0,1,2
0.414,0.1,0.45,0,0,1,2
0.414,0.103,0.45,0,0,1,2
0.414,0.106,0.45,0,0,1,2
0.414,0.109,0.45,0,0,1,2
0.414,0.112,0.45,0,0,1,2
0.414,0.115,0.45,0,0,1,2
0.414,0.118,0.45,0,0,1,2
0.414,0.121,0.45,0,0,1,2
0.414,0.124,0.45,0,0,1,2
0.414,0.127,0.45,0,0,1,2
0.414,0.13,0.45,0,0,1,2
0.414,0.133,0.45,0,0,1,2
0.414,0.136,0.45,0,0,1,2
0.414,0.139,0.45,0,0,1,2
0.414,0.142,0.45,0,0,1,2
0.414,0.145,0.45,0,0,1,2
0.414,0.148,0.45,0,0,1,2
0.414,0.151,0.45,0,0,1,2
0.414,0.154,0.45,0,0,1,2
0.414,0.157,0.45,0,0,1,2
0.414,0.16,0.45,0,0,1,2
0.414,0.163,0.45,0,0,1,2
0.414,0.166,0.45,0,0,1,2
0.414,0.169,0.45,0,0,1,2
0.414,0.172,0.45,0,0,1,2
0.414,0.175,0.45,0,0,1,2
0.414,0.178,0.45,0,0,1,2
0.414,0.181,0.45,0,0,1,2
0.414,0.184,0.45,0,0,1,2
0.414,0.187,0.45,0,0,1,2
0.414,0.19,0.45,0,0,1,2
0.414,0.193,0.45,0,0,1,2
0.414,0.196,0.45,0,0,1,2
0.414,0.199,0.45,0,0,1,2
0.414,0.202,0.45,0,0,1,2
0.414,0.205,0.45,0,0,1,2
0.414,0.208,0.45,0,0,1,2
0.414,0.211,0.45,0,0,1,2
0.414,0.214,0.45,0,0,1,2
0.414,0.217,0.45,0,0,1,2
0.414,0.22,0.45,0,0,1,2
0.414,0.223,0.45,0,0,1,2
0.414,0.226,0.45,0,0,1,2
0.414,0.229,0.45,0,0,1,2
0.414,0.232,0.45,0,0,1,2
0.414,0.235,0.45,0,0,1,2
0.414,0.238,0.45,0,0,1,2
0.414,0.241,0.45,0,0,1,2
0.414,0.244,0.45,0,0,1,2
0.414,0.247,0.45,0,0,1,2
0.414,0.25,0.45,0,0,1,2
0.414,0.253,0.45,0,0,1,2
0.414,0.256,0.45,0,0,1,2
0.414,0.259,0.45,0,0,1,2
0.417,0.1,0.45,0,0,1,2
0.417,0.103,0.45,0,0,1,2
0.417,0.106,0.45,0,0,1,2
0.417,0.109,0.45,0,0,1,2
0.417,0.112,0.45,0,0,1,2
0.417,0.115,0.45,0,0,1,2
0.417,0.118,0.45,0,0,1,2
0.417,0.121,0.45,0,0,1,2
0.417,0.124,0.45,0,0,1,2
0.417,0.127,0.45,0,0,1,2
0.417,0.13,0.45,0,0,1,2
0.417,0.133,0.45,0,0,1,2
0.417,0.136,0.45,0,0,1,2
0.417,0.139,0.45,0,0,1,2
0.417,0.142,0.45,0,0,1,2
0.417,0.145,0.45,0,0,1,2
0.417,0.148,0.45,0,0,1,2
0.417,0.151,0.45,0,0,1,2
0.417,0.154,0.45,0,0,1,2
0.417,0.157,0.45,0,0,1,2
0.417,0.16,0.45,0,0,1,2
0.417,0.163,0.45,0,0,1,2
0.417,0.166,0.45,0,0,1,2
0.417,0.169,0.45,0,0,1,2
0.417,0.172,0.45,0,0,1,2
0.417,0.175,0.45,0,0,1,2
0.417,0.178,0.45,0,0,1,2
0.417,0.181,0.45,0,0,1,2
0.417,0.184,0.45,0,0,1,2
0.417,0.187,0.45,0,0,1,2
0.417,0.19,0.45,0,0,1,2
0.417,0.193,0.45,0,0,1,2
0.417,0.196,0.45,0,0,1,2
0.417,0.199,0.45,0,0,1,2
0.417,0.202,0.45,0,0,1,2
0.417,0.205,0.45,0,0,1,2
0.417,0.208,0.45,0,0,1,2
0.417,0.211,0.45,0,0,1,2
0.417,0.214,0.45,0,0,1,2
0.417,0.217,0.45,0,0,1,2
0.417,0.22,0.45,0,0,1,2
0.417,0.223,0.45,0,0,1,2
0.417,0.226,0.45,0,0,1,2
0.417,0.229,0.45,0,0,1,2
0.417,0.232,0.45,0,0,1,2
0.417,0.235,0.45,0,0,1,2
0.417,0.238,0.45,0,0,1,2
0.417,0.241,0.45,0,0,1,2
0.417,0.244,0.45,0,0,1,2
0.417,0.247,0.45,0,0,1,2
0.417,0.25,0.45,0,0,1,2
0.417,0.253,0.45,0,0,1,2
0.417,0.256,0.45,0,0,1,2
0.417,0.259,0.45,0,0,1,2
0.42,0.1,0.45,0,0,1,2
0.42,0.103,0.45,0,0,1,2
0.42,0.106,0.45,0,0,1,2
0.42,0.109,0.45,0,0,1,2
0.42,0.112,0.45,0,0,1,2
0.42,0.115,0.45,0,0,1,2
0.42,0.118,0.45,0,0,1,2
0.42,0.121,0.45,0,0,1,2
0.42,0.124,0.45,0,0,1,2
0.42,0.127,0.45,0,0,1,2
0.42,0.13,0.45,0,0,1,2
0.42,0.133,0.45,0,0,1,2
0.42,0.136,0.45,0,0,1,2
0.42,0.139,0.45,0,0,1,2
0.42,0.142,0.45,0,0,1,2
0.42,0.145,0.45,0,0,1,2
0.42,0.148,0.45,0,0,1,2
0.42,0.151,0.45,0,0,1,2
0.42,0.154,0.45,0,0,1,2
0.42,0.157,0.45,0,0,1,2
0.42,0.16,0.45,0,0,1,2
0.42,0.163,0.45,0,0,1,2
0.42,0.166,0.45,0,0,1,2
0.42,0.169,0.45,0,0,1,2
0.42,0.172,0.45,0,0,1,2
0.42,0.175,0.45,0,0,1,2
0.42,0.178,0.45,0,0,1,2
0.42,0.181,0.45,0,0,1,2
0.42,0.184,0.45,0,0,1,2
0.42,0.187,0.45,0,0,1,2
0.42,0.19,0.45,0,0,1,2
0.42,0.193,0.45,0,0,1,2
0.42,0.196,0.45,0,0,1,2
0.42,0.199,0.45,0,0,1,2
0.42,0.202,0.45,0,0,1,2
0.42,0.205,0.45,0,0,1,2
0.42,0.208,0.45,0,0,1,2
0.42,0.211,0.45,0,0,1,2
0.42,0.214,0.45,0,0,1,2
0.42,0.217,0.45,0,0,1,2
0.42,0.22,0.45,0,0,1,2
0.42,0.223,0.45,0,0,1,2
0.42,0.226,0.45,0,0,1,2
0.42,0.229,0.45,0,0,1,2
0.42,0.232,0.45,0,0,1,2
0.42,0.235,0.45,0,0,1,2
0.42,0.238,0.45,0,0,1,2
0.42,0.241,0.45,0,0,1,2
0.42,0.244,0.45,0,0,1,2
0.42,0.247,0.45,0,0,1,2
0.42,0.25,0.45,0,0,1,2
0.42,0.253,0.45,0,0,1,2
0.42,0.256,0.45,0,0,1,2
0.42,0.259,0.45,0,0,1,2
0.423,0.1,0.45,0,0,1,2
0.423,0.103,0.45,0,0,1,2
0.423,0.106,0.45,0,0,1,2
0.423,0.109,0.45,0,0,1,2
0.423,0.112,0.45,0,0,1,2
0.423,0.115,0.45,0,0,1,2
0.423,0.118,0.45,0,0,1,2
0.423,0.121,0.45,0,0,1,2
0.423,0.124,0.45,0,0,1,2
0.423,0.127,0.45,0,0,1,2
0.423,0.13,0.45,0,0,1,2
0.423,0.133,0.45,0,0,1,2
0.423,0.136,0.45,0,0,1,2
0.423,0.139,0.45,0,0,1,2
0.423,0.142,0.45,0,0,1,2
0.423,0.145,0.45,0,0,1,2
0.423,0.148,0.45,0,0,1,2
0.423,0.151,0.45,0,0,1,2
0.423,0.154,0.45,0,0,1,2
0.423,0.157,0.45,0,0,1,2
0.423,0.16,0.45,0,0,1,2
0.423,0.163,0.45,0,0,1,2
0.423,0.166,0.45,0,0,1,2
0.423,0.169,0.45,0,0,1,2
0.423,0.172,0.45,0,0,1,2
0.423,0.175,0.45,0,0,1,2
0.423,0.178,0.45,0,0,1,2
0.423,0.181,0.45,0,0,1,2
0.423,0.184,0.45,0,0,1,2
0.423,0.187,0.45,0,0,1,2
0.423,0.19,0.45,0,0,1,2
0.423,0.193,0.45,0,0,1,2
0.423,0.196,0.45,0,0,1,2
0.423,0.199,0.45,0,0,1,2
0.423,0.202,0.45,0,0,1,2
0.423,0.205,0.45,0,0,1,2
0.423,0.208,0.45,0,0,1,2
0.423,0.211,0.45,0,0,1,2
0.423,0.214,0.45,0,0,1,2
0.423,0.217,0.45,0,0,1,2
0.423,0.22,0.45,0,0,1,2
0.423,0.223,0.45,0,0,1,2
0.423,0.226,0.45,0,0,1,2
0.423,0.229,0.45,0,0,1,2
0.423,0.232,0.45,0,0,1,2
0.423,0.235,0.45,0,0,1,2
0.423,0.238,0.45,0,0,1,2
0.423,0.241,0.45,0,0,1,2
0.423,0.244,0.45,0,0,1,2
0.423,0.247,0.45,0,0,1,2
0.423,0.25,0.45,0,0,1,2
0.423,0.253,0.45,0,0,1,2
0.423,0.256,0.45,0,0,1,2
0.423,0.259,0.45,0,0,1,2
0.426,0.1,0.45,0,0,1,2
0.426,0.103,0.45,0,0,1,2
0.426,0.106,0.45,0,0,1,2
0.426,0.109,0.45,0,0,1,2
0.426,0.112,0.45,0,0,1,2
0.426,0.115,0.45,0,0,1,2
0.426,0.118,0.45,0,0,1,2
0.426,0.121,0.45,0,0,1,2
0.426,0.124,0.45,0,0,1,2
0.426,0.127,0.45,0,0,1,2
0.426,0.13,0.45,0,0,1,2
0.426,0.133,0.45,0,0,1,2
0.426,0.136,0.45,0,0,1,2
0.426,0.139,0.45,0,0,1,2
0.426,0.142,0.45,0,0,1,2
0.426,0.145,0.45,0,0,1,2
0.426,0.148,0.45,0,0,1,2
0.426,0.151,0.45,0,0,1,2
0.426,0.154,0.45,0,0,1,2
0.426,0.157,0.45,0,0,1,2
0.426,0.16,0.45,0,0,1,2
0.426,0.163,0.45,0,0,1,2
0.426,0.166,0.45,0,0,1,2
0.426,0.169,0.45,0,0,1,2
0.426,0.172,0.45,0,0,1,2
0.426,0.175,0.45,0,0,1,2
0.426,0.178,0.45,0,0,1,2
0.426,0.181,0.45,0,0,1,2
0.426,0.184,0.45,0,0,1,2
0.426,0.187,0.45,0,0,1,2
0.426,0.19,0.45,0,0,1,2
0.426,0.193,0.45,0,0,1,2
0.426,0.196,0.45,0,0,1,2
0.426,0.199,0.45,0,0,1,2
0.426,0.202,0.45,0,0,1,2
0.426,0.205,0.45,0,0,1,2
0.426,0.208,0.45,0,0,1,2
0.426,0.211,0.45,0,0,1,2
0.426,0.214,0.45,0,0,1,2
0.426,0.217,0.45,0,0,1,2
0.426,0.22,0.45,0,0,1,2
0.426,0.223,0.45,0,0,1,2
0.426,0.226,0.45,0,0,1,2
0.426,0.229,0.45,0,0,1,2
0.426,0.232,0.45,0,0,1,2
0.426,0.235,0.45,0,0,1,2
0.426,0.238,0.45,0,0,1,2
0.426,0.241,0.45,0,0,1,2
0.426,0.244,0.45,0,0,1,2
0.426,0.247,0.45,0,0,1,2
0.426,0.25,0.45,0,0,1,2
0.426,0.253,0.45,0,0,1,2
0.426,0.256,0.45,0,0,1,2
0.426,0.259,0.45,0,0,1,2
0.429,0.1,0.45,0,0,1,2
0.429,0.103,0.45,0,0,1,2
0.429,0.106,0.45,0,0,1,2
0.429,0.109,0.45,0,0,1,2
0.429,0.112,0.45,0,0,1,2
0.429,0.115,0.45,0,0,1,2
0.429,0.118,0.45,0,0,1,2
0.429,0.121,0.45,0,0,1,2
0.429,0.124,0.45,0,0,1,2
0.429,0.127,0.45,0,0,1,2
0.429,0.13,0.45,0,0,1,2
0.429,0.133,0.45,0,0,1,2
0.429,0.136,0.45,0,0,1,2
0.429,0.139,0.45,0,0,1,2
0.429,0.142,0.45,0,0,1,2
0.429,0.145,0.45,0,0,1,2
0.429,0.148,0.45,0,0,1,2
0.429,0.151,0.45,0,0,1,2
0.429,0.154,0.45,0,0,1,2
0.429,0.157,0.45,0,0,1,2
0.429,0.16,0.45,0,0,1,2
0.429,0.163,0.45,0,0,1,2
0.429,0.166,0.45,0,0,1,2
0.429,0.169,0.45,0,0,1,2
0.429,0.172,0.45,0,0,1,2
0.429,0.175,0.45,0,0,1,2
0.429,0.178,0.45,0,0,1,2
0.429,0.181,0.45,0,0,1,2
0.429,0.184,0.45,0,0,1,2
0.429,0.187,0.45,0,0,1,2
0.429,0.19,0.45,0,0,1,2
0.429,0.193,0.45,0,0,1,2
0.429,0.196,0.45,0,0,1,2
0.429,0.199,0.45,0,0,1,2
0.429,0.202,0.45,0,0,1,2
0.429,0.205,0.45,0,0,1,2
0.429,0.208,0.45,0,0,1,2
0.429,0.211,0.45,0,0,1,2
0.429,0.214,0.45,0,0,1,2
0.429,0.217,0.45,0,0,1,2
0.429,0.22,0.45,0,0,1,2
0.429,0.223,0.45,0,0,1,2
0.429,0.226,0.45,0,0,1,2
0.429,0.229,0.45,0,0,1,2
0.429,0.232,0.45,0,0,1,2
0.429,0.235,0.45,0,0,1,2
0.429,0.238,0.45,0,0,1,2
0.429,0.241,0.45,0,0,1,2
0.429,0.244,0.45,0,0,1,2
0.429,0.247,0.45,0,0,1,2
0.429,0.25,0.45,0,0,1,2
0.429,0.253,0.45,0,0,1,2
0.429,0.256,0.45,0,0,1,2
0.429,0.259,0.45,0,0,1,2
0.432,0.1,0.45,0,0,1,2
0.432,0.103,0.45,0,0,1,2
0.432,0.106,0.45,0,0,1,2
0.432,0.109,0.45,0,0,1,2
0.432,0.112,0.45,0,0,1,2
0.432,0.115,0.45,0,0,1,2
0.432,0.118,0.45,0,0,1,2
0.432,0.121,0.45,0,0,1,2
0.432,0.124,0.45,0,0,1,2
0.432,0.127,0.45,0,0,1,2
0.432,0.13,0.45,0,0,1,2
0.432,0.133,0.45,0,0,1,2
0.432,0.136,0.45,0,0,1,2
0.432,0.139,0.45,0,0,1,2
0.432,0.142,0.45,0,0,1,2
0.432,0.145,0.45,0,0,1,2
0.432,0.148,0.45,0,0,1,2
0.432,0.151,0.45,0,0,1,2
0.432,0.154,0.45,0,0,1,2
0.432,0.157,0.45,0,0,1,2
0.432,0.16,0.45,0,0,1,2
0.432,0.163,0.45,0,0,1,2
0.432,0.166,0.45,0,0,1,2
0.432,0.169,0.45,0,0,1,2
0.432,0.172,0.45,0,0,1,2
0.432,0.175,0.45,0,0,1,2
0.432,0.178,0.45,0,0,1,2
0.432,0.181,0.45,0,0,1,2
0.432,0.184,0.45,0,0,1,2
0.432,0.187,0.45,0,0,1,2
0.432,0.19,0.45,0,0,1,2
0.432,0.193,0.45,0,0,1,2
0.432,0.196,0.45,0,0,1,2
0.432,0.199,0.45,0,0,1,2
0.432,0.202,0.45,0,0,1,2
0.432,0.205,0.45,0,0,1,2
0.432,0.208,0.45,0,0,1,2
0.432,0.211,0.45,0,0,1,2
0.432,0.214,0.45,0,0,1,2
0.432,0.217,0.45,0,0,1,2
0.432,0.22,0.45,0,0,1,2
0.432,0.223,0.45,0,0,1,2
0.432,0.226,0.45,0,0,1,2
0.432,0.229,0.45,0,0,1,2
0.432,0.232,0.45,0,0,1,2
0.432,0.235,0.45,0,0,1,2
0.432,0.238,0.45,0,0,1,2
0.432,0.241,0.45,0,0,1,2
0.432,0.244,0.45,0,0,1,2
0.432,0.247,0.45,0,0,1,2
0.432,0.25,0.45,0,0,1,2
0.432,0.253,0.45,0,0,1,2
0.432,0.256,0.45,0,0,1,2
0.432,0.259,0.45,0,0,1,2
0.435,0.1,0.45,0,0,1,2
0.435,0.103,0.45,0,0,1,2
0.435,0.106,0.45,0,0,1,2
0.435,0.109,0.45,0,0,1,2
0.435,0.112,0.45,0,0,1,2
0.435,0.115,0.45,0,0,1,2
0.435,0.118,0.45,0,0,1,2
0.435,0.121,0.45,0,0,1,2
0.435,0.124,0.45,0,0,1,2
0.435,0.127,0.45,0,0,1,2
0.435,0.13,0.45,0,0,1,2
0.435,0.133,0.45,0,0,1,2
0.435,0.136,0.45,0,0,1,2
0.435,0.139,0.45,0,0,1,2
0.435,0.142,0.45,0,0,1,2
0.435,0.145,0.45,0,0,1,2
0.435,0.148,0.45,0,0,1,2
0.435,0.151,0.45,0,0,1,2
0.435,0.154,0.45,0,0,1,2
0.435,0.157,0.45,0,0,1,2
0.435,0.16,0.45,0,0,1,2
0.435,0.163,0.45,0,0,1,2
0.435,0.166,0.45,0,0,1,2
0.435,0.169,0.45,0,0,1,2
0.435,0.172,0.45,0,0,1,2
0.435,0.175,0.45,0,0,1,2
0.435,0.178,0.45,0,0,1,2
0.435,0.181,0.45,0,0,1,2
0.435,0.184,0.45,0,0,1,2
0.435,0.187,0.45,0,0,1,2
0.435,0.19,0.45,0,0,1,2
0.435,0.193,0.45,0,0,1,2
0.435,0.196,0.45,0,0,1,2
0.435,0.199,0.45,0,0,1,2
0.435,0.202,0.45,0,0,1,2
0.435,0.205,0.45,0,0,1,2
0.435,0.208,0.45,0,0,1,2
0.435,0.211,0.45,0,0,1,2
0.435,0.214,0.45,0,0,1,2
0.435,0.217,0.45,0,0,1,2
0.435,0.22,0.45,0,0,1,2
0.435,0.223,0.45,0,0,1,2
0.435,0.226,0.45,0,0,1,2
0.435,0.229,0.45,0,0,1,2
0.435,0.232,0.45,0,0,1,2
0.435,0.235,0.45,0,0,1,2
0.435,0.238,0.45,0,0,1,2
0.435,0.241,0.45,0,0,1,2
0.435,0.244,0.45,0,0,1,2
0.435,0.247,0.45,0,0,1,2
0.435,0.25,0.45,0,0,1,2
0.435,0.253,0.45,0,0,1,2
0.435,0.256,0.45,0,0,1,2
0.435,0.259,0.45,0,0,1,2
0.438,0.1,0.45,0,0,1,2
0.438,0.103,0.45,0,0,1,2
0.438,0.106,0.45,0,0,1,2
0.438,0.109,0.45,0,0,1,2
0.438,0.112,0.45,0,0,1,2
0.438,0.115,0.45,0,0,1,2
0.438,0.118,0.45,0,0,1,2
0.438,0.121,0.45,0,0,1,2
0.438,0.124,0.45,0,0,1,2
0.438,0.127,0.45,0,0,1,2
0.438,0.13,0.45,0,0,1,2
0.438,0.133,0.45,0,0,1,2
0.438,0.136,0.45,0,0,1,2
0.438,0.139,0.45,0,0,1,2
0.438,0.142,0.45,0,0,1,2
0.438,0.145,0.45,0,0,1,2
0.438,0.148,0.45,0,0,1,2
0.438,0.151,0.45,0,0,1,2
0.438,0.154,0.45,0,0,1,2
0.438,0.157,0.45,0,0,1,2
0.438,0.16,0.45,0,0,1,2
0.438,0.163,0.45,0,0,1,2
0.438,0.166,0.45,0,0,1,2
0.438,0.169,0.45,0,0,1,2
0.438,0.172,0.45,0,0,1,2
0.438,0.175,0.45,0,0,1,2
0.438,0.178,0.45,0,0,1,2
0.438,0.181,0.45,0,0,1,2
0.438,0.184,0.45,0,0,1,2
0.438,0.187,0.45,0,0,1,2
0.438,0.19,0.45,0,0,1,2
0.438,0.193,0.45,0,0,1,2
0.438,0.196,0.45,0,0,1,2
0.438,0.199,0.45,0,0,1,2
0.438,0.202,0.45,0,0,1,2
0.438,0.205,0.45,0,0,1,2
0.438,0.208,0.45,0,0,1,2
0.438,0.211,0.45,0,0,1,2
0.438,0.214,0.45,0,0,1,2
0.438,0.217,0.45,0,0,1,2
0.438,0.22,0.45,0,0,1,2
0.438,0.223,0.45,0,0,1,2
0.438,0.226,0.45,0,0,1,2
0.438,0.229,0.45,0,0,1,2
0.438,0.232,0.45,0,0,1,2
0.438,0.235,0.45,0,0,1,2
0.438,0.238,0.45,0,0,1,2
0.438,0.241,0.45,0,0,1,2
0.438,0.244,0.45,0,0,1,2
0.438,0.247,0.45,0,0,1,2
0.438,0.25,0.45,0,0,1,2
0.438,0.253,0.45,0,0,1,2
0.438,0.256,0.45,0,0,1,2
0.438,0.259,0.45,0,0,1,2
0.441,0.1,0.45,0,0,1,2
0.441,0.103,0.45,0,0,1,2
0.441,0.106,0.45,0,0,1,2
0.441,0.109,0.45,0,0,1,2
0.441,0.112,0.45,0,0,1,2
0.441,0.115,0.45,0,0,1,2
0.441,0.118,0.45,0,0,1,2
0.441,0.121,0.45,0,0,1,2
0.441,0.124,0.45,0,0,1,2
0.441,0.127,0.45,0,0,1,2
0.441,0.13,0.45,0,0,1,2
0.441,0.133,0.45,0,0,1,2
0.441,0.136,0.45,0,0,1,2
0.441,0.139,0.45,0,0,1,2
0.441,0.142,0.45,0,0,1,2
0.441,0.145,0.45,0,0,1,2
0.441,0.148,0.45,0,0,1,2
0.441,0.151,0.45,0,0,1,2
0.441,0.154,0.45,0,0,1,2
0.441,0.157,0.45,0,0,1,2
0.441,0.16,0.45,0,0,1,2
0.441,0.163,0.45,0,0,1,2
0.441,0.166,0.45,0,0,1,2
0.441,0.169,0.45,0,0,1,2
0.441,0.172,0.45,0,0,1,2
0.441,0.175,0.45,0,0,1,2
0.441,0.178,0.45,0,0,1,2
0.441,0.181,0.45,0,0,1,2
0.441,0.184,0.45,0,0,1,2
0.441,0.187,0.45,0,0,1,2
0.441,0.19,0.45,0,0,1,2
0.441,0.193,0.45,0,0,1,2
0.441,0.196,0.45,0,0,1,2
0.441,0.199,0.45,0,0,1,2
0.441,0.202,0.45,0,0,1,2
0.441,0.205,0.45,0,0,1,2
0.441,0.208,0.45,0,0,1,2
0.441,0.211,0.45,0,0,1,2
0.441,0.214,0.45,0,0,1,2
0.441,0.217,0.45,0,0,1,2
0.441,0.22,0.45,0,0,1,2
0.441,0.223,0.45,0,0,1,2
0.441,0.226,0.45,0,0,1,2
0.441,0.229,0.45,0,0,1,2
0.441,0.232,0.45,0,0,1,2
0.441,0.235,0.45,0,0,1,2
0.441,0.238,0.45,0,0,1,2
0.441,0.241,0.45,0,0,1,2
0.441,0.244,0.45,0,0,1,2
0.441,0.247,0.45,0,0,1,2
0.441,0.25,0.45,0,0,1,2
0.441,0.253,0.45,0,0,1,2
0.441,0.256,0.45,0,0,1,2
0.441,0.259,0.45,0,0,1,2
0.444,0.1,0.45,0,0,1,2
0.444,0.103,0.45,0,0,1,2
0.444,0.106,0.45,0,0,1,2
0.444,0.109,0.45,0,0,1,2
0.444,0.112,0.45,0,0,1,2
0.444,0.115,0.45,0,0,1,2
0.444,0.118,0.45,0,0,1,2
0.444,0.121,0.45,0,0,1,2
0.444,0.124,0.45,0,0,1,2
0.444,0.127,0.45,0,0,1,2
0.444,0.13,0.45,0,0,1,2
0.444,0.133,0.45,0,0,1,2
0.444,0.136,0.45,0,0,1,2
0.444,0.139,0.45,0,0,1,2
0.444,0.142,0.45,0,0,1,2
0.444,0.145,0.45,0,0,1,2
0.444,0.148,0.45,0,0,1,2
0.444,0.151,0.45,0,0,1,2
0.444,0.154,0.45,0,0,1,2
0.444,0.157,0.45,0,0,1,2
0.444,0.16,0.45,0,0,1,2
0.444,0.163,0.45,0,0,1,2
0.444,0.166,0.45,0,0,1,2
0.444,0.169,0.45,0,0,1,2
0.444,0.172,0.45,0,0,1,2
0.444,0.175,0.45,0,0,1,2
0.444,0.178,0.45,0,0,1,2
0.444,0.181,0.45,0,0,1,2
0.444,0.184,0.45,0,0,1,2
0.444,0.187,0.45,0,0,1,2
0.444,0.19,0.45,0,0,1,2
0.444,0.193,0.45,0,0,1,2
0.444,0.196,0.45,0,0,1,2
0.444,0.199,0.45,0,0,1,2
0.444,0.202,0.45,0,0,1,2
0.444,0.205,0.45,0,0,1,2
0.444,0.208,0.45,0,0,1,2
0.444,0.211,0.45,0,0,1,2
0.444,0.214,0.45,0,0,1,2
0.444,0.217,0.45,0,0,1,2
0.444,0.22,0.45,0,0,1,2
0.444,0.223,0.45,0,0,1,2
0.444,0.226,0.45,0,0,1,2
0.444,0.229,0.45,0,0,1,2
0.444,0.232,0.45,0,0,1,2
0.444,0.235,0.45,0,0,1,2
0.444,0.238,0.45,0,0,1,2
0.444,0.241,0.45,0,0,1,2
0.444,0.244,0.45,0,0,1,2
0.444,0.247,0.45,0,0,1,2
0.444,0.25,0.45,0,0,1,2
0.444,0.253,0.45,0,0,1,2
0.444,0.256,0.45,0,0,1,2
0.444,0.259,0.45,0,0,1,2
0.447,0.1,0.45,0,0,1,2
0.447,0.103,0.45,0,0,1,2
0.447,0.106,0.45,0,0,1,2
0.447,0.109,0.45,0,0,1,2
0.447,0.112,0.45,0,0,1,2
0.447,0.115,0.45,0,0,1,2
0.447,0.118,0.45,0,0,1,2
0.447,0.121,0.45,0,0,1,2
0.447,0.124,0.45,0,0,1,2
0.447,0.127,0.45,0,0,1,2
0.447,0.13,0.45,0,0,1,2
0.447,0.133,0.45,0,0,1,2
0.447,0.136,0.45,0,0,1,2
0.447,0.139,0.45,0,0,1,2
0.447,0.142,0.45,0,0,1,2
0.447,0.145,0.45,0,0,1,2
0.447,0.148,0.45,0,0,1,2
0.447,0.151,0.45,0,0,1,2
0.447,0.154,0.45,0,0,1,2
0.447,0.157,0.45,0,0,1,2
0.447,0.16,0.45,0,0,1,2
0.447,0.163,0.45,0,0,1,2
0.447,0.166,0.45,0,0,1,2
0.447,0.169,0.45,0,0,1,2
0.447,0.172,0.45,0,0,1,2
0.447,0.175,0.45,0,0,1,2
0.447,0.178,0.45,0,0,1,2
0.447,0.181,0.45,0,0,1,2
0.447,0.184,0.45,0,0,1,2
0.447,0.187,0.45,0,0,1,2
0.447,0.19,0.45,0,0,1,2
0.447,0.193,0.45,0,0,1,2
0.447,0.196,0.45,0,0,1,2
0.447,0.199,0.45,0,0,1,2
0.447,0.202,0.45,0,0,1,2
0.447,0.205,0.45,0,0,1,2
0.447,0.208,0.45,0,0,1,2
0.447,0.211,0.45,0,0,1,2
0.447,0.214,0.45,0,0,1,2
0.447,0.217,0.45,0,0,1,2
0.447,0.22,0.45,0,0,1,2
0.447,0.223,0.45,0,0,1,2
0.447,0.226,0.45,0,0,1,2
0.447,0.229,0.45,0,0,1,2
0.447,0.232,0.45,0,0,1,2
0.447,0.235,0.45,0,0,1,2
0.447,0.238,0.45,0,0,1,2
0.447,0.241,0.45,0,0,1,2
0.447,0.244,0.45,0,0,1,2
0.447,0.247,0.45,0,0,1,2
0.447,0.25,0.45,0,0,1,2
0.447,0.253,0.45,0,0,1,2
0.447,0.256,0.45,0,0,1,2
0.447,0.259,0.45,0,0,1,2
0.45,0.1,0.45,0,0,1,2
0.45,0.103,0.45,0,0,1,2
0.45,0.106,0.45,0,0,1,2
0.45,0.109,0.45,0,0,1,2
0.45,0.112,0.45,0,0,1,2
0.45,0.115,0.45,0,0,1,2
0.45,0.118,0.45,0,0,1,2
0.45,0.121,0.45,0,0,1,2
0.45,0.124,0.45,0,0,1,2
0.45,0.127,0.45,0,0,1,2
0.45,0.13,0.45,0,0,1,2
0.45,0.133,0.45,0,0,1,2
0.45,0.136,0.45,0,0,1,2
0.45,0.139,0.45,0,0,1,2
0.45,0.142,0.45,0,0,1,2
0.45,0.145,0.45,0,0,1,2
0.45,0.148,0.45,0,0,1,2
0.45,0.151,0.45,0,0,1,2
0.45,0.154,0.45,0,0,1,2
0.45,0.157,0.45,0,0,1,2
0.45,0.16,0.45,0,0,1,2
0.45,0.163,0.45,0,0,1,2
0.45,0.166,0.45,0,0,1,2
0.45,0.169,0.45,0,0,1,2
0.45,0.172,0.45,0,0,1,2
0.45,0.175,0.45,0,0,1,2
0.45,0.178,0.45,0,0,1,2
0.45,0.181,0.45,0,0,1,2
0.45,0.184,0.45,0,0,1,2
0.45,0.187,0.45,0,0,1,2
0.45,0.19,0.45,0,0,1,2
0.45,0.193,0.45,0,0,1,2
0.45,0.196,0.45,0,0,1,2
0.45,0.199,0.45,0,0,1,2
0.45,0.202,0.45,0,0,1,2
0.45,0.205,0.45,0,0,1,2
0.45,0.208,0.45,0,0,1,2
0.45,0.211,0.45,0,0,1,2
0.45,0.214,0.45,0,0,1,2
0.45,0.217,0.45,0,0,1,2
0.45,0.22,0.45,0,0,1,2
0.45,0.223,0.45,0,0,1,2
0.45,0.226,0.45,0,0,1,2
0.45,0.229,0.45,0,0,1,2
0.45,0.232,0.45,0,0,1,2
0.45,0.235,0.45,0,0,1,2
0.45,0.238,0.45,0,0,1,2
0.45,0.241,0.45,0,0,1,2
0.45,0.244,0.45,0,0,1,2
0.45,0.247,0.45,0,0,1,2
0.45,0.25,0.45,0,0,1,2
0.45,0.253,0.45,0,0,1,2
0.45,0.256,0.45,0,0,1,2
0.45,0.259,0.45,0,0,1,2
0.453,0.1,0.45,0,0,1,2
0.453,0.103,0.45,0,0,1,2
0.453,0.106,0.45,0,0,1,2
0.453,0.109,0.45,0,0,1,2
0.453,0.112,0.45,0,0,1,2
0.453,0.115,0.45,0,0,1,2
0.453,0.118,0.45,0,0,1,2
0.453,0.121,0.45,0,0,1,2
0.453,0.124,0.45,0,0,1,2
0.453,0.127,0.45,0,0,1,2
0.453,0.13,0.45,0,0,1,2
0.453,0.133,0.45,0,0,1,2
0.453,0.136,0.45,0,0,1,2
0.453,0.139,0.45,0,0,1,2
0.453,0.142,0.45,0,0,1,2
0.453,0.145,0.45,0,0,1,2
0.453,0.148,0.45,0,0,1,2
0.453,0.151,0.45,0,0,1,2
0.453,0.154,0.45,0,0,1,2
0.453,0.157,0.45,0,0,1,2
0.453,0.16,0.45,0,0,1,2
0.453,0.163,0.45,0,0,1,2
0.453,0.166,0.45,0,0,1,2
0.453,0.169,0.45,0,0,1,2
0.453,0.172,0.45,0,0,1,2
0.453,0.175,0.45,0,0,1,2
0.453,0.178,0.45,0,0,1,2
0.453,0.181,0.45,0,0,1,2
0.453,0.184,0.45,0,0,1,2
0.453,0.187,0.45,0,0,1,2
0.453,0.19,0.45,0,0,1,2
0.453,0.193,0.45,0,0,1,2
0.453,0.196,0.45,0,0,1,2
0.453,0.199,0.45,0,0,1,2
0.453,0.202,0.45,0,0,1,2
0.453,0.205,0.45,0,0,1,2
0.453,0.208,0.45,0,0,1,2
0.453,0.211,0.45,0,0,1,2
0.453,0.214,0.45,0,0,1,2
0.453,0.217,0.45,0,0,1,2
0.453,0.22,0.45,0,0,1,2
0.453,0.223,0.45,0,0,1,2
0.453,0.226,0.45,0,0,1,2
0.453,0.229,0.45,0,0,1,2
0.453,0.232,0.45,0,0,1,2
0.453,0.235,0.45,0,0,1,2
0.453,0.238,0.45,0,0,1,2
0.453,0.241,0.45,0,0,1,2
0.453,0.244,0.45,0,0,1,2
0.453,0.247,0.45,0,0,1,2
0.453,0.25,0.45,0,0,1,2
0.453,0.253,0.45,0,0,1,2
0.453,0.256,0.45,0,0,1,2
0.453,0.259,0.45,0,0,1,2
0.456,0.1,0.45,0,0,1,2
0.456,0.103,0.45,0,0,1,2
0.456,0.106,0.45,0,0,1,2
0.456,0.109,0.45,0,0,1,2
0.456,0.112,0.45,0,0,1,2
0.456,0.115,0.45,0,0,1,2
0.456,0.118,0.45,0,0,1,2
0.456,0.121,0.45,0,0,1,2
0.456,0.124,0.45,0,0,1,2
0.456,0.127,0.45,0,0,1,2
0.456,0.13,0.45,0,0,1,2
0.456,0.133,0.45,0,0,1,2
0.456,0.136,0.45,0,0,1,2
0.456,0.139,0.45,0,0,1,2
0.456,0.142,0.45,0,0,1,2
0.456,0.145,0.45,0,0,1,2
0.456,0.148,0.45,0,0,1,2
0.456,0.151,0.45,0,0,1,2
0.456,0.154,0.45,0,0,1,2
0.456,0.157,0.45,0,0,1,2
0.456,0.16,0.45,0,0,1,2
0.456,0.163,0.45,0,0,1,2
0.456,0.166,0.45,0,0,1,2
0.456,0.169,0.45,0,0,1,2
0.456,0.172,0.45,0,0,1,2
0.456,0.175,0.45,0,0,1,2
0.456,0.178,0.45,0,0,1,2
0.456,0.181,0.45,0,0,1,2
0.456,0.184,0.45,0,0,1,2
0.456,0.187,0.45,0,0,1,2
0.456,0.19,0.45,0,0,1,2
0.456,0.193,0.45,0,0,1,2
0.456,0.196,0.45,0,0,1,2
0.456,0.199,0.45,0,0,1,2
0.456,0.202,0.45,0,0,1,2
0.456,0.205,0.45,0,0,1,2
0.456,0.208,0.45,0,0,1,2
0.456,0.211,0.45,0,0,1,2
0.456,0.214,0.45,0,0,1,2
0.456,0.217,0.45,0,0,1,2
0.456,0.22,0.45,0,0,1,2
0.456,0.223,0.45,0,0,1,2
0.456,0.226,0.45,0,0,1,2
0.456,0.229,0.45,0,0,1,2
0.456,0.232,0.45,0,0,1,2
0.456,0.235,0.45,0,0,1,2
0.456,0.238,0.45,0,0,1,2
0.456,0.241,0.45,0,0,1,2
0.456,0.244,0.45,0,0,1,2
0.456,0.247,0.45,0,0,1,2
0.456,0.25,0.45,0,0,1,2
0.456,0.253,0.45,0,0,1,2
0.456,0.256,0.45,0,0,1,2
0.456,0.259,0.45,0,0,1,2
0.459,0.1,0.45,0,0,1,2
0.459,0.103,0.45,0,0,1,2
0.459,0.106,0.45,0,0,1,2
0.459,0.109,0.45,0,0,1,2
0.459,0.112,0.45,0,0,1,2
0.459,0.115,0.45,0,0,1,2
0.459,0.118,0.45,0,0,1,2
0.459,0.121,0.45,0,0,1,2
0.459,0.124,0.45,0,0,1,2
0.459,0.127,0.45,0,0,1,2
0.459,0.13,0.45,0,0,1,2
0.459,0.133,0.45,0,0,1,2
0.459,0.136,0.45,0,0,1,2
0.459,0.139,0.45,0,0,1,2
0.459,0.142,0.45,0,0,1,2
0.459,0.145,0.45,0,0,1,2
0.459,0.148,0.45,0,0,1,2
0.459,0.151,0.45,0,0,1,2
0.459,0.154,0.45,0,0,1,2
0.459,0.157,0.45,0,0,1,2
0.459,0.16,0.45,0,0,1,2
0.459,0.163,0.45,0,0,1,2
0.459,0.166,0.45,0,0,1,2
0.459,0.169,0.45,0,0,1,2
0.459,0.172,0.45,0,0,1,2
0.459,0.175,0.45,0,0,1,2
0.459,0.178,0.45,0,0,1,2
0.459,0.181,0.45,0,0,1,2
0.459,0.184,0.45,0,0,1,2
0.459,0.187,0.45,0,0,1,2
0.459,0.19,0.45,0,0,1,2
0.459,0.193,0.45,0,0,1,2
0.459,0.196,0.45,0,0,1,2
0.459,0.199,0.45,0,0,1,2
0.459,0.202,0.45,0,0,1,2
0.459,0.205,0.45,0,0,1,2
0.459,0.208,0.45,0,0,1,2
0.459,0.211,0.45,0,0,1,2
0.459,0.214,0.45,0,0,1,2
0.459,0.217,0.45,0,0,1,2
0.459,0.22,0.45,0,0,1,2
0.459,0.223,0.45,0,0,1,2
0.459,0.226,0.45,0,0,1,2
0.459,0.229,0.45,0,0,1,2
0.459,0.232,0.45,0,0,1,2
0.459,0.235,0.45,0,0,1,2
0.459,0.238,0.45,0,0,1,2
0.459,0.241,0.45,0,0,1,2
0.459,0.244,0.45,0,0,1,2
0.459,0.247,0.45,0,0,1,2
0.459,0.25,0.45,0,0,1,2
0.459,0.253,0.45,0,0,1,2
0.459,0.256,0.45,0,0,1,2
0.459,0.259,0.45,0,0,1,2
0.462,0.1,0.45,0,0,1,2
0.462,0.103,0.45,0,0,1,2
0.462,0.106,0.45,0,0,1,2
0.462,0.109,0.45,0,0,1,2
0.462,0.112,0.45,0,0,1,2
0.462,0.115,0.45,0,0,1,2
0.462,0.118,0.45,0,0,1,2
0.462,0.121,0.45,0,0,1,2
0.462,0.124,0.45,0,0,1,2
0.462,0.127,0.45,0,0,1,2
0.462,0.13,0.45,0,0,1,2
0.462,0.133,0.45,0,0,1,2
0.462,0.136,0.45,0,0,1,2
0.462,0.139,0.45,0,0,1,2
0.462,0.142,0.45,0,0,1,2
0.462,0.145,0.45,0,0,1,2
0.462,0.148,0.45,0,0,1,2
0.462,0.151,0.45,0,0,1,2
0.462,0.154,0.45,0,0,1,2
0.462,0.157,0.45,0,0,1,2
0.462,0.16,0.45,0,0,1,2
0.462,0.163,0.45,0,0,1,2
0.462,0.166,0.45,0,0,1,2
0.462,0.169,0.45,0,0,1,2
0.462,0.172,0.45,0,0,1,2
0.462,0.175,0.45,0,0,1,2
0.462,0.178,0.45,0,0,1,2
0.462,0.181,0.45,0,0,1,2
0.462,0.184,0.45,0,0,1,2
0.462,0.187,0.45,0,0,1,2
0.462,0.19,0.45,0,0,1,2
0.462,0.193,0.45,0,0,1,2
0.462,0.196,0.45,0,0,1,2
0.462,0.199,0.45,0,0,1,2
0.462,0.202,0.45,0,0,1,2
0.462,0.205,0.45,0,0,1,2
0.462,0.208,0.45,0,0,1,2
0.462,0.211,0.45,0,0,1,2
0.462,0.214,0.45,0,0,1,2
0.462,0.217,0.45,0,0,1,2
0.462,0.22,0.45,0,0,1,2
0.462,0.223,0.45,0,0,1,2
0.462,0.226,0.45,0,0,1,2
0.462,0.229,0.45,0,0,1,2
0.462,0.232,0.45,0,0,1,2
0.462,0.235,0.45,0,0,1,2
0.462,0.238,0.45,0,0,1,2
0.462,0.241,0.45,0,0,1,2
0.462,0.244,0.45,0,0,1,2
0.462,0.247,0.45,0,0,1,2
0.462,0.25,0.45,0,0,1,2
0.462,0.253,0.45,0,0,1,2
0.462,0.256,0.45,0,0,1,2
0.462,0.259,0.45,0,0,1,2
0.465,0.1,0.45,0,0,1,2
0.465,0.103,0.45,0,0,1,2
0.465,0.106,0.45,0,0,1,2
0.465,0.109,0.45,0,0,1,2
0.465,0.112,0.45,0,0,1,2
0.465,0.115,0.45,0,0,1,2
0.465,0.118,0.45,0,0,1,2
0.465,0.121,0.45,0,0,1,2
0.465,0.124,0.45,0,0,1,2
0.465,0.127,0.45,0,0,1,2
0.465,0.13,0.45,0,0,1,2
0.465,0.133,0.45,0,0,1,2
0.465,0.136,0.45,0,0,1,2
0.465,0.139,0.45,0,0,1,2
0.465,0.142,0.45,0,0,1,2
0.465,0.145,0.45,0,0,1,2
0.465,0.148,0.45,0,0,1,2
0.465,0.151,0.45,0,0,1,2
0.465,0.154,0.45,0,0,1,2
0.465,0.157,0.45,0,0,1,2
0.465,0.16,0.45,0,0,1,2
0.465,0.163,0.45,0,0,1,2
0.465,0.166,0.45,0,0,1,2
0.465,0.169,0.45,0,0,1,2
0.465,0.172,0.45,0,0,1,2
0.465,0.175,0.45,0,0,1,2
0.465,0.178,0.45,0,0,1,2
0.465,0.181,0.45,0,0,1,2
0.465,0.184,0.45,0,0,1,2
0.465,0.187,0.45,0,0,1,2
0.465,0.19,0.45,0,0,1,2
0.465,0.193,0.45,0,0,1,2
0.465,0.196,0.45,0,0,1,2
0.465,0.199,0.45,0,0,1,2
0.465,0.202,0.45,0,0,1,2
0.465,0.205,0.45,0,0,1,2
0.465,0.208,0.45,0,0,1,2
0.465,0.211,0.45,0,0,1,2
0.465,0.214,0.45,0,0,1,2
0.465,0.217,0.45,0,0,1,2
0.465,0.22,0.45,0,0,1,2
0.465,0.223,0.45,0,0,1,2
0.465,0.226,0.45,0,0,1,2
0.465,0.229,0.45,0,0,1,2
0.465,0.232,0.45,0,0,1,2
0.465,0.235,0.45,0,0,1,2
0.465,0.238,0.45,0,0,1,2
0.465,0.241,0.45,0,0,1,2
0.465,0.244,0.45,0,0,1,2
0.465,0.247,0.45,0,0,1,2
0.465,0.25,0.45,0,0,1,2
0.465,0.253,0.45,0,0,1,2
0.465,0.256,0.45,0,0,1,2
0.465,0.259,0.45,0,0,1,2
0.468,0.1,0.45,0,0,1,2
0.468,0.103,0.45,0,0,1,2
0.468,0.106,0.45,0,0,1,2
0.468,0.109,0.45,0,0,1,2
0.468,0.112,0.45,0,0,1,2
0.468,0.115,0.45,0,0,1,2
0.468,0.118,0.45,0,0,1,2
0.468,0.121,0.45,0,0,1,2
0.468,0.124,0.45,0,0,1,2
0.468,0.127,0.45,0,0,1,2
0.468,0.13,0.45,0,0,1,2
0.468,0.133,0.45,0,0,1,2
0.468,0.136,0.45,0,0,1,2
0.468,0.139,0.45,0,0,1,2
0.468,0.142,0.45,0,0,1,2
0.468,0.145,0.45,0,0,1,2
0.468,0.148,0.45,0,0,1,2
0.468,0.151,0.45,0,0,1,2
0.468,0.154,0.45,0,0,1,2
0.468,0.157,0.45,0,0,1,2
0.468,0.16,0.45,0,0,1,2
0.468,0.163,0.45,0,0,1,2
0.468,0.166,0.45,0,0,1,2
0.468,0.169,0.45,0,0,1,2
0.468,0.172,0.45,0,0,1,2
0.468,0.175,0.45,0,0,1,2
0.468,0.178,0.45,0,0,1,2
0.468,0.181,0.45,0,0,1,2
0.468,0.184,0.45,0,0,1,2
0.468,0.187,0.45,0,0,1,2
0.468,0.19,0.45,0,0,1,2
0.468,0.193,0.45,0,0,1,2
0.468,0.196,0.45,0,0,1,2
0.468,0.199,0.45,0,0,1,2
0.468,0.202,0.45,0,0,1,2
0.468,0.205,0.45,0,0,1,2
0.468,0.208,0.45,0,0,1,2
0.468,0.211,0.45,0,0,1,2
0.468,0.214,0.45,0,0,1,2
0.468,0.217,0.45,0,0,1,2
0.468,0.22,0.45,0,0,1,2
0.468,0.223,0.45,0,0,1,2
0.468,0.226,0.45,0,0,1,2
0.468,0.229,0.45,0,0,1,2
0.468,0.232,0.45,0,0,1,2
0.468,0.235,0.45,0,0,1,2
0.468,0.238,0.45,0,0,1,2
0.468,0.241,0.45,0,0,1,2
0.468,0.244,0.45,0,0,1,2
0.468,0.247,0.45,0,0,1,2
0.468,0.25,0.45,0,0,1,2
0.468,0.253,0.45,0,0,1,2
0.468,0.256,0.45,0,0,1,2
0.468,0.259,0.45,0,0,1,2
0.471,0.1,0.45,0,0,1,2
0.471,0.103,0.45,0,0,1,2
0.471,0.106,0.45,0,0,1,2
0.471,0.109,0.45,0,0,1,2
0.471,0.112,0.45,0,0,1,2
0.471,0.115,0.45,0,0,1,2
0.471,0.118,0.45,0,0,1,2
0.471,0.121,0.45,0,0,1,2
0.471,0.124,0.45,0,0,1,2
0.471,0.127,0.45,0,0,1,2
0.471,0.13,0.45,0,0,1,2
0.471,0.133,0.45,0,0,1,2
0.471,0.136,0.45,0,0,1,2
0.471,0.139,0.45,0,0,1,2
0.471,0.142,0.45,0,0,1,2
0.471,0.145,0.45,0,0,1,2
0.471,0.148,0.45,0,0,1,2
0.471,0.151,0.45,0,0,1,2
0.471,0.154,0.45,0,0,1,2
0.471,0.157,0.45,0,0,1,2
0.471,0.16,0.45,0,0,1,2
0.471,0.163,0.45,0,0,1,2
0.471,0.166,0.45,0,0,1,2
0.471,0.169,0.45,0,0,1,2
0.471,0.172,0.45,0,0,1,2
0.471,0.175,0.45,0,0,1,2
0.471,0.178,0.45,0,0,1,2
0.471,0.181,0.45,0,0,1,2
0.471,0.184,0.45,0,0,1,2
0.471,0.187,0.45,0,0,1,2
0.471,0.19,0.45,0,0,1,2
0.471,0.193,0.45,0,0,1,2
0.471,0.196,0.45,0,0,1,2
0.471,0.199,0.45,0,0,1,2
0.471,0.202,0.45,0,0,1,2
0.471,0.205,0.45,0,0,1,2
0.471,0.208,0.45,0,0,1,2
0.471,0.211,0.45,0,0,1,2
0.471,0.214,0.45,0,0,1,2
0.471,0.217,0.45,0,0,1,2
0.471,0.22,0.45,0,0,1,2
0.471,0.223,0.45,0,0,1,2
0.471,0.226,0.45,0,0,1,2
0.471,0.229,0.45,0,0,1,2
0.471,0.232,0.45,0,0,1,2
0.471,0.235,0.45,0,0,1,2
0.471,0.238,0.45,0,0,1,2
0.471,0.241,0.45,0,0,1,2
0.471,0.244,0.45,0,0,1,2
0.471,0.247,0.45,0,0,1,2
0.471,0.25,0.45,0,0,1,2
0.471,0.253,0.45,0,0,1,2
0.471,0.256,0.45,0,0,1,2
0.471,0.259,0.45,0,0,1,2
0.474,0.1,0.45,0,0,1,2
0.474,0.103,0.45,0,0,1,2
0.474,0.106,0.45,0,0,1,2
0.474,0.109,0.45,0,0,1,2
0.474,0.112,0.45,0,0,1,2
0.474,0.115,0.45,0,0,1,2
0.474,0.118,0.45,0,0,1,2
0.474,0.121,0.45,0,0,1,2
0.474,0.124,0.45,0,0,1,2
0.474,0.127,0.45,0,0,1,2
0.474,0.13,0.45,0,0,1,2
0.474,0.133,0.45,0,0,1,2
0.474,0.136,0.45,0,0,1,2
0.474,0.139,0.45,0,0,1,2
0.474,0.142,0.45,0,0,1,2
0.474,0.145,0.45,0,0,1,2
0.474,0.148,0.45,0,0,1,2
0.474,0.151,0.45,0,0,1,2
0.474,0.154,0.45,0,0,1,2
0.474,0.157,0.45,0,0,1,2
0.474,0.16,0.45,0,0,1,2
0.474,0.163,0.45,0,0,1,2
0.474,0.166,0.45,0,0,1,2
0.474,0.169,0.45,0,0,1,2
0.474,0.172,0.45,0,0,1,2
0.474,0.175,0.45,0,0,1,2
0.474,0.178,0.45,0,0,1,2
0.474,0.181,0.45,0,0,1,2
0.474,0.184,0.45,0,0,1,2
0.474,0.187,0.45,0,0,1,2
0.474,0.19,0.45,0,0,1,2
0.474,0.193,0.45,0,0,1,2
0.474,0.196,0.45,0,0,1,2
0.474,0.199,0.45,0,0,1,2
0.474,0.202,0.45,0,0,1,2
0.474,0.205,0.45,0,0,1,2
0.474,0.208,0.45,0,0,1,2
0.474,0.211,0.45,0,0,1,2
0.474,0.214,0.45,0,0,1,2
0.474,0.217,0.45,0,0,1,2
0.474,0.22,0.45,0,0,1,2
0.474,0.223,0.45,0,0,1,2
0.474,0.226,0.45,0,0,1,2
0.474,0.229,0.45,0,0,1,2
0.474,0.232,0.45,0,0,1,2
0.474,0.235,0.45,0,0,1,2
0.474,0.238,0.45,0,0,1,2
0.474,0.241,0.45,0,0,1,2
0.474,0.244,0.45,0,0,1,2
0.474,0.247,0.45,0,0,1,2
0.474,0.25,0.45,0,0,1,2
0.474,0.253,0.45,0,0,1,2
0.474,0.256,0.45,0,0,1,2
0.474,0.259,0.45,0,0,1,2
0.477,0.1,0.45,0,0,1,2
0.477,0.103,0.45,0,0,1,2
0.477,0.106,0.45,0,0,1,2
0.477,0.109,0.45,0,0,1,2
0.477,0.112,0.45,0,0,1,2
0.477,0.115,0.45,0,0,1,2
0.477,0.118,0.45,0,0,1,2
0.477,0.121,0.45,0,0,1,2
0.477,0.124,0.45,0,0,1,2
0.477,0.127,0.45,0,0,1,2
0.477,0.13,0.45,0,0,1,2
0.477,0.133,0.45,0,0,1,2
0.477,0.136,0.45,0,0,1,2
0.477,0.139,0.45,0,0,1,2
0.477,0.142,0.45,0,0,1,2
0.477,0.145,0.45,0,0,1,2
0.477,0.148,0.45,0,0,1,2
0.477,0.151,0.45,0,0,1,2
0.477,0.154,0.45,0,0,1,2
0.477,0.157,0.45,0,0,1,2
0.477,0.16,0.45,0,0,1,2
0.477,0.163,0.45,0,0,1,2
0.477,0.166,0.45,0,0,1,2
0.477,0.169,0.45,0,0,1,2
0.477,0.172,0.45,0,0,1,2
0.477,0.175,0.45,0,0,1,2
0.477,0.178,0.45,0,0,1,2
0.477,0.181,0.45,0,0,1,2
0.477,0.184,0.45,0,0,1,2
0.477,0.187,0.45,0,0,1,2
0.477,0.19,0.45,0,0,1,2
0.477,0.193,0.45,0,0,1,2
0.477,0.196,0.45,0,0,1,2
0.477,0.199,0.45,0,0,1,2
0.477,0.202,0.45,0,0,1,2
0.477,0.205,0.45,0,0,1,2
0.477,0.208,0.45,0,0,1,2
0.477,0.211,0.45,0,0,1,2
0.477,0.214,0.45,0,0,1,2
0.477,0.217,0.45,0,0,1,2
0.477,0.22,0.45,0,0,1,2
0.477,0.223,0.45,0,0,1,2
0.477,0.226,0.45,0,0,1,2
0.477,0.229,0.45,0,0,1,2
0.477,0.232,0.45,0,0,1,2
0.477,0.235,0.45,0,0,1,2
0.477,0.238,0.45,0,0,1,2
0.477,0.241,0.45,0,0,1,2
0.477,0.244,0.45,0,0,1,2
0.477,0.247,0.45,0,0,1,2
0.477,0.25,0.45,0,0,1,2
0.477,0.253,0.45,0,0,1,2
0.477,0.256,0.45,0,0,1,2
0.477,0.259,0.45,0,0,1,2
0.48,0.1,0.45,0,0,1,2
0.48,0.103,0.45,0,0,1,2
0.48,0.106,0.45,0,0,1,2
0.48,0.109,0.45,0,0,1,2
0.48,0.112,0.45,0,0,1,2
0.48,0.115,0.45,0,0,1,2
0.48,0.118,0.45,0,0,1,2
0.48,0.121,0.45,0,0,1,2
0.48,0.124,0.45,0,0,1,2
0.48,0.127,0.45,0,0,1,2
0.48,0.13,0.45,0,0,1,2
0.48,0.133,0.45,0,0,1,2
0.48,0.136,0.45,0,0,1,2
0.48,0.139,0.45,0,0,1,2
0.48,0.142,0.45,0,0,1,2
0.48,0.145,0.45,0,0,1,2
0.48,0.148,0.45,0,0,1,2
0.48,0.151,0.45,0,0,1,2
0.48,0.154,0.45,0,0,1,2
0.48,0.157,0.45,0,0,1,2
0.48,0.16,0.45,0,0,1,2
0.48,0.163,0.45,0,0,1,2
0.48,0.166,0.45,0,0,1,2
0.48,0.169,0.45,0,0,1,2
0.48,0.172,0.45,0,0,1,2
0.48,0.175,0.45,0,0,1,2
0.48,0.178,0.45,0,0,1,2
0.48,0.181,0.45,0,0,1,2
0.48,0.184,0.45,0,0,1,2
0.48,0.187,0.45,0,0,1,2
0.48,0.19,0.45,0,0,1,2
0.48,0.193,0.45,0,0,1,2
0.48,0.196,0.45,0,0,1,2
0.48,0.199,0.45,0,0,1,2
0.48,0.202,0.45,0,0,1,2
0.48,0.205,0.45,0,0,1,2
0.48,0.208,0.45,0,0,1,2
0.48,0.211,0.45,0,0,1,2
0.48,0.214,0.45,0,0,1,2
0.48,0.217,0.45,0,0,1,2
0.48,0.22,0.45,0,0,1,2
0.48,0.223,0.45,0,0,1,2
0.48,0.226,0.45,0,0,1,2
0.48,0.229,0.45,0,0,1,2
0.48,0.232,0.45,0,0,1,2
0.48,0.235,0.45,0,0,1,2
0.48,0.238,0.45,0,0,1,2
0.48,0.241,0.45,0,0,1,2
0.48,0.244,0.45,0,0,1,2
0.48,0.247,0.45,0,0,1,2
0.48,0.25,0.45,0,0,1,2
0.48,0.253,0.45,0,0,1,2
0.48,0.256,0.45,0,0,1,2
0.48,0.259,0.45,0,0,1,2
0.483,0.1,0.45,0,0,1,2
0.483,0.103,0.45,0,0,1,2
0.483,0.106,0.45,0,0,1,2
0.483,0.109,0.45,0,0,1,2
0.483,0.112,0.45,0,0,1,2
0.483,0.115,0.45,0,0,1,2
0.483,0.118,0.45,0,0,1,2
0.483,0.121,0.45,0,0,1,2
0.483,0.124,0.45,0,0,1,2
0.483,0.127,0.45,0,0,1,2
0.483,0.13,0.45,0,0,1,2
0.483,0.133,0.45,0,0,1,2
0.483,0.136,0.45,0,0,1,2
0.483,0.139,0.45,0,0,1,2
0.483,0.142,0.45,0,0,1,2
0.483,0.145,0.45,0,0,1,2
0.483,0.148,0.45,0,0,1,2
0.483,0.151,0.45,0,0,1,2
0.483,0.154,0.45,0,0,1,2
0.483,0.157,0.45,0,0,1,2
0.483,0.16,0.45,0,0,1,2
0.483,0.163,0.45,0,0,1,2
0.483,0.166,0.45,0,0,1,2
0.483,0.169,0.45,0,0,1,2
0.483,0.172,0.45,0,0,1,2
0.483,0.175,0.45,0,0,1,2
0.483,0.178,0.45,0,0,1,2
0.483,0.181,0.45,0,0,1,2
0.483,0.184,0.45,0,0,1,2
0.483,0.187,0.45,0,0,1,2
0.483,0.19,0.45,0,0,1,2
0.483,0.193,0.45,0,0,1,2
0.483,0.196,0.45,0,0,1,2
0.483,0.199,0.45,0,0,1,2
0.483,0.202,0.45,0,0,1,2
0.483,0.205,0.45,0,0,1,2
0.483,0.208,0.45,0,0,1,2
0.483,0.211,0.45,0,0,1,2
0.483,0.214,0.45,0,0,1,2
0.483,0.217,0.45,0,0,1,2
0.483,0.22,0.45,0,0,1,2
0.483,0.223,0.45,0,0,1,2
0.483,0.226,0.45,0,0,1,2
0.483,0.229,0.45,0,0,1,2
0.483,0.232,0.45,0,0,1,2
0.483,0.235,0.45,0,0,1,2
0.483,0.238,0.45,0,0,1,2
0.483,0.241,0.45,0,0,1,2
0.483,0.244,0.45,0,0,1,2
0.483,0.247,0.45,0,0,1,2
0.483,0.25,0.45,0,0,1,2
0.483,0.253,0.45,0,0,1,2
0.483,0.256,0.45,0,0,1,2
0.483,0.259,0.45,0,0,1,2
0.486,0.1,0.45,0,0,1,2
0.486,0.103,0.45,0,0,1,2
0.486,0.106,0.45,0,0,1,2
0.486,0.109,0.45,0,0,1,2
0.486,0.112,0.45,0,0,1,2
0.486,0.115,0.45,0,0,1,2
0.486,0.118,0.45,0,0,1,2
0.486,0.121,0.45,0,0,1,2
0.486,0.124,0.45,0,0,1,2
0.486,0.127,0.45,0,0,1,2
0.486,0.13,0.45,0,0,1,2
0.486,0.133,0.45,0,0,1,2
0.486,0.136,0.45,0,0,1,2
0.486,0.139,0.45,0,0,1,2
0.486,0.142,0.45,0,0,1,2
0.486,0.145,0.45,0,0,1,2
0.486,0.148,0.45,0,0,1,2
0.486,0.151,0.45,0,0,1,2
0.486,0.154,0.45,0,0,1,2
0.486,0.157,0.45,0,0,1,2
0.486,0.16,0.45,0,0,1,2
0.486,0.163,0.45,0,0,1,2
0.486,0.166,0.45,0,0,1,2
0.486,0.169,0.45,0,0,1,2
0.486,0.172,0.45,0,0,1,2
0.486,0.175,0.45,0,0,1,2
0.486,0.178,0.45,0,0,1,2
0.486,0.181,0.45,0,0,1,2
0.486,0.184,0.45,0,0,1,2
0.486,0.187,0.45,0,0,1,2
0.486,0.19,0.45,0,0,1,2
0.486,0.193,0.45,0,0,1,2
0.486,0.196,0.45,0,0,1,2
0.486,0.199,0.45,0,0,1,2
0.486,0.202,0.45,0,0,1,2
0.486,0.205,0.45,0,0,1,2
0.486,0.208,0.45,0,0,1,2
0.486,0.211,0.45,0,0,1,2
0.486,0.214,0.45,0,0,1,2
0.486,0.217,0.45,0,0,1,2
0.486,0.22,0.45,0,0,1,2
0.486,0.223,0.45,0,0,1,2
0.486,0.226,0.45,0,0,1,2
0.486,0.229,0.45,0,0,1,2
0.486,0.232,0.45,0,0,1,2
0.486,0.235,0.45,0,0,1,2
0.486,0.238,0.45,0,0,1,2
0.486,0.241,0.45,0,0,1,2
0.486,0.244,0.45,0,0,1,2
0.486,0.247,0.45,0,0,1,2
0.486,0.25,0.45,0,0,1,2
0.486,0.253,0.45,0,0,1,2
0.486,0.256,0.45,0,0,1,2
0.486,0.259,0.45,0,0,1,2
0.489,0.1,0.45,0,0,1,2
0.489,0.103,0.45,0,0,1,2
0.489,0.106,0.45,0,0,1,2
0.489,0.109,0.45,0,0,1,2
0.489,0.112,0.45,0,0,1,2
0.489,0.115,0.45,0,0,1,2
0.489,0.118,0.45,0,0,1,2
0.489,0.121,0.45,0,0,1,2
0.489,0.124,0.45,0,0,1,2
0.489,0.127,0.45,0,0,1,2
0.489,0.13,0.45,0,0,1,2
0.489,0.133,0.45,0,0,1,2
0.489,0.136,0.45,0,0,1,2
0.489,0.139,0.45,0,0,1,2
0.489,0.142,0.45,0,0,1,2
0.489,0.145,0.45,0,0,1,2
0.489,0.148,0.45,0,0,1,2
0.489,0.151,0.45,0,0,1,2
0.489,0.154,0.45,0,0,1,2
0.489,0.157,0.45,0,0,1,2
0.489,0.16,0.45,0,0,1,2
0.489,0.163,0.45,0,0,1,2
0.489,0.166,0.45,0,0,1,2
0.489,0.169,0.45,0,0,1,2
0.489,0.172,0.45,0,0,1,2
0.489,0.175,0.45,0,0,1,2
0.489,0.178,0.45,0,0,1,2
0.489,0.181,0.45,0,0,1,2
0.489,0.184,0.45,0,0,1,2
0.489,0.187,0.45,0,0,1,2
0.489,0.19,0.45,0,0,1,2
0.489,0.193,0.45,0,0,1,2
0.489,0.196,0.45,0,0,1,2
0.489,0.199,0.45,0,0,1,2
0.489,0.202,0.45,0,0,1,2
0.489,0.205,0.45,0,0,1,2
0.489,0.208,0.45,0,0,1,2
0.489,0.211,0.45,0,0,1,2
0.489,0.214,0.45,0,0,1,2
0.489,0.217,0.45,0,0,1,2
0.489,0.22,0.45,0,0,1,2
0.489,0.223,0.45,0,0,1,2
0.489,0.226,0.45,0,0,1,2
0.489,0.229,0.45,0,0,1,2
0.489,0.232,0.45,0,0,1,2
0.489,0.235,0.45,0,0,1,2
0.489,0.238,0.45,0,0,1,2
0.489,0.241,0.45,0,0,1,2
0.489,0.244,0.45,0,0,1,2
0.489,0.247,0.45,0,0,1,2
0.489,0.25,0.45,0,0,1,2
0.489,0.253,0.45,0,0,1,2
0.489,0.256,0.45,0,0,1,2
0.489,0.259,0.45,0,0,1,2
0.492,0.1,0.45,0,0,1,2
0.492,0.103,0.45,0,0,1,2
0.492,0.106,0.45,0,0,1,2
0.492,0.109,0.45,0,0,1,2
0.492,0.112,0.45,0,0,1,2
0.492,0.115,0.45,0,0,1,2
0.492,0.118,0.45,0,0,1,2
0.492,0.121,0.45,0,0,1,2
0.492,0.124,0.45,0,0,1,2
0.492,0.127,0.45,0,0,1,2
0.492,0.13,0.45,0,0,1,2
0.492,0.133,0.45,0,0,1,2
0.492,0.136,0.45,0,0,1,2
0.492,0.139,0.45,0,0,1,2
0.492,0.142,0.45,0,0,1,2
0.492,0.145,0.45,0,0,1,2
0.492,0.148,0.45,0,0,1,2
0.492,0.151,0.45,0,0,1,2
0.492,0.154,0.45,0,0,1,2
0.492,0.157,0.45,0,0,1,2
0.492,0.16,0.45,0,0,1,2
0.492,0.163,0.45,0,0,1,2
0.492,0.166,0.45,0,0,1,2
0.492,0.169,0.45,0,0,1,2
0.492,0.172,0.45,0,0,1,2
0.492,0.175,0.45,0,0,1,2
0.492,0.178,0.45,0,0,1,2
0.492,0.181,0.45,0,0,1,2
0.492,0.184,0.45,0,0,1,2
0.492,0.187,0.45,0,0,1,2
0.492,0.19,0.45,0,0,1,2
0.492,0.193,0.45,0,0,1,2
0.492,0.196,0.45,0,0,1,2
0.492,0.199,0.45,0,0,1,2
0.492,0.202,0.45,0,0,1,2
0.492,0.205,0.45,0,0,1,2
0.492,0.208,0.45,0,0,1,2
0.492,0.211,0.45,0,0,1,2
0.492,0.214,0.45,0,0,1,2
0.492,0.217,0.45,0,0,1,2
0.492,0.22,0.45,0,0,1,2
0.492,0.223,0.45,0,0,1,2
0.492,0.226,0.45,0,0,1,2
0.492,0.229,0.45,0,0,1,2
0.492,0.232,0.45,0,0,1,2
0.492,0.235,0.45,0,0,1,2
0.492,0.238,0.45,0,0,1,2
0.492,0.241,0.45,0,0,1,2
0.492,0.244,0.45,0,0,1,2
0.492,0.247,0.45,0,0,1,2
0.492,0.25,0.45,0,0,1,2
0.492,0.253,0.45,0,0,1,2
0.492,0.256,0.45,0,0,1,2
0.492,0.259,0.45,0,0,1,2
0.495,0.1,0.45,0,0,1,2
0.495,0.103,0.45,0,0,1,2
0.495,0.106,0.45,0,0,1,2
0.495,0.109,0.45,0,0,1,2
0.495,0.112,0.45,0,0,1,2
0.495,0.115,0.45,0,0,1,2
0.495,0.118,0.45,0,0,1,2
0.495,0.121,0.45,0,0,1,2
0.495,0.124,0.45,0,0,1,2
0.495,0.127,0.45,0,0,1,2
0.495,0.13,0.45,0,0,1,2
0.495,0.133,0.45,0,0,1,2
0.495,0.136,0.45,0,0,1,2
0.495,0.139,0.45,0,0,1,2
0.495,0.142,0.45,0,0,1,2
0.495,0.145,0.45,0,0,1,2
0.495,0.148,0.45,0,0,1,2
0.495,0.151,0.45,0,0,1,2
0.495,0.154,0.45,0,0,1,2
0.495,0.157,0.45,0,0,1,2
0.495,0.16,0.45,0,0,1,2
0.495,0.163,0.45,0,0,1,2
0.495,0.166,0.45,0,0,1,2
0.495,0.169,0.45,0,0,1,2
0.495,0.172,0.45,0,0,1,2
0.495,0.175,0.45,0,0,1,2
0.495,0.178,0.45,0,0,1,2
0.495,0.181,0.45,0,0,1,2
0.495,0.184,0.45,0,0,1,2
0.495,0.187,0.45,0,0,1,2
0.495,0.19,0.45,0,0,1,2
0.495,0.193,0.45,0,0,1,2
0.495,0.196,0.45,0,0,1,2
0.495,0.199,0.45,0,0,1,2
0.495,0.202,0.45,0,0,1,2
0.495,0.205,0.45,0,0,1,2
0.495,0.208,0.45,0,0,1,2
0.495,0.211,0.45,0,0,1,2
0.495,0.214,0.45,0,0,1,2
0.495,0.217,0.45,0,0,1,2
0.495,0.22,0.45,0,0,1,2
0.495,0.223,0.45,0,0,1,2
0.495,0.226,0.45,0,0,1,2
0.495,0.229,0.45,0,0,1,2
0.495,0.232,0.45,0,0,1,2
0.495,0.235,0.45,0,0,1,2
0.495,0.238,0.45,0,0,1,2
0.495,0.241,0.45,0,0,1,2
0.495,0.244,0.45,0,0,1,2
0.495,0.247,0.45,0,0,1,2
0.495,0.25,0.45,0,0,1,2
0.495,0.253,0.45,0,0,1,2
0.495,0.256,0.45,0,0,1,2
0.495,0.259,0.45,0,0,1,2
0.498,0.1,0.45,0,0,1,2
0.498,0.103,0.45,0,0,1,2
0.498,0.106,0.45,0,0,1,2
0.498,0.109,0.45,0,0,1,2
0.498,0.112,0.45,0,0,1,2
0.498,0.115,0.45,0,0,1,2
0.498,0.118,0.45,0,0,1,2
0.498,0.121,0.45,0,0,1,2
0.498,0.124,0.45,0,0,1,2
0.498,0.127,0.45,0,0,1,2
0.498,0.13,0.45,0,0,1,2
0.498,0.133,0.45,0,0,1,2
0.498,0.136,0.45,0,0,1,2
0.498,0.139,0.45,0,0,1,2
0.498,0.142,0.45,0,0,1,2
0.498,0.145,0.45,0,0,1,2
0.498,0.148,0.45,0,0,1,2
0.498,0.151,0.45,0,0,1,2
0.498,0.154,0.45,0,0,1,2
0.498,0.157,0.45,0,0,1,2
0.498,0.16,0.45,0,0,1,2
0.498,0.163,0.45,0,0,1,2
0.498,0.166,0.45,0,0,1,2
0.498,0.169,0.45,0,0,1,2
0.498,0.172,0.45,0,0,1,2
0.498,0.175,0.45,0,0,1,2
0.498,0.178,0.45,0,0,1,2
0.498,0.181,0.45,0,0,1,2
0.498,0.184,0.45,0,0,1,2
0.498,0.187,0.45,0,0,1,2
0.498,0.19,0.45,0,0,1,2
0.498,0.193,0.45,0,0,1,2
0.498,0.196,0.45,0,0,1,2
0.498,0.199,0.45,0,0,1,2
0.498,0.202,0.45,0,0,1,2
0.498,0.205,0.45,0,0,1,2
0.498,0.208,0.45,0,0,1,2
0.498,0.211,0.45,0,0,1,2
0.498,0.214,0.45,0,0,1,2
0.498,0.217,0.45,0,0,1,2
0.498,0.22,0.45,0,0,1,2
0.498,0.223,0.45,0,0,1,2
0.498,0.226,0.45,0,0,1,2
0.498,0.229,0.45,0,0,1,2
0.498,0.232,0.45,0,0,1,2
0.498,0.235,0.45,0,0,1,2
0.498,0.238,0.45,0,0,1,2
0.498,0.241,0.45,0,0,1,2
0.498,0.244,0.45,0,0,1,2
0.498,0.247,0.45,0,0,1,2
0.498,0.25,0.45,0,0,1,2
0.498,0.253,0.45,0,0,1,2
0.498,0.256,0.45,0,0,1,2
0.498,0.259,0.45,0,0,1,2
0.501,0.1,0.45,0,0,1,2
0.501,0.103,0.45,0,0,1,2
0.501,0.106,0.45,0,0,1,2
0.501,0.109,0.45,0,0,1,2
0.501,0.112,0.45,0,0,1,2
0.501,0.115,0.45,0,0,1,2
0.501,0.118,0.45,0,0,1,2
0.501,0.121,0.45,0,0,1,2
0.501,0.124,0.45,0,0,1,2
0.501,0.127,0.45,0,0,1,2
0.501,0.13,0.45,0,0,1,2
0.501,0.133,0.45,0,0,1,2
0.501,0.136,0.45,0,0,1,2
0.501,0.139,0.45,0,0,1,2
0.501,0.142,0.45,0,0,1,2
0.501,0.145,0.45,0,0,1,2
0.501,0.148,0.45,0,0,1,2
0.501,0.151,0.45,0,0,1,2
0.501,0.154,0.45,0,0,1,2
0.501,0.157,0.45,0,0,1,2
0.501,0.16,0.45,0,0,1,2
0.501,0.163,0.45,0,0,1,2
0.501,0.166,0.45,0,0,1,2
0.501,0.169,0.45,0,0,1,2
0.501,0.172,0.45,0,0,1,2
0.501,0.175,0.45,0,0,1,2
0.501,0.178,0.45,0,0,1,2
0.501,0.181,0.45,0,0,1,2
0.501,0.184,0.45,0,0,1,2
0.501,0.187,0.45,0,0,1,2
0.501,0.19,0.45,0,0,1,2
0.501,0.193,0.45,0,0,1,2
0.501,0.196,0.45,0,0,1,2
0.501,0.199,0.45,0,0,1,2
0.501,0.202,0.45,0,0,1,2
0.501,0.205,0.45,0,0,1,2
0.501,0.208,0.45,0,0,1,2
0.501,0.211,0.45,0,0,1,2
0.501,0.214,0.45,0,0,1,2
0.501,0.217,0.45,0,0,1,2
0.501,0.22,0.45,0,0,1,2
0.501,0.223,0.45,0,0,1,2
0.501,0.226,0.45,0,0,1,2
0.501,0.229,0.45,0,0,1,2
0.501,0.232,0.45,0,0,1,2
0.501,0.235,0.45,0,0,1,2
0.501,0.238,0.45,0,0,1,2
0.501,0.241,0.45,0,0,1,2
0.501,0.244,0.45,0,0,1,2
0.501,0.247,0.45,0,0,1,2
0.501,0.25,0.45,0,0,1,2
0.501,0.253,0.45,0,0,1,2
0.501,0.256,0.45,0,0,1,2
0.501,0.259,0.45,0,0,1,2
0.504,0.1,0.45,0,0,1,2
0.504,0.103,0.45,0,0,1,2
0.504,0.106,0.45,0,0,1,2
0.504,0.109,0.45,0,0,1,2
0.504,0.112,0.45,0,0,1,2
0.504,0.115,0.45,0,0,1,2
0.504,0.118,0.45,0,0,1,2
0.504,0.121,0.45,0,0,1,2
0.504,0.124,0.45,0,0,1,2
0.504,0.127,0.45,0,0,1,2
0.504,0.13,0.45,0,0,1,2
0.504,0.133,0.45,0,0,1,2
0.504,0.136,0.45,0,0,1,2
0.504,0.139,0.45,0,0,1,2
0.504,0.142,0.45,0,0,1,2
0.504,0.145,0.45,0,0,1,2
0.504,0.148,0.45,0,0,1,2
0.504,0.151,0.45,0,0,1,2
0.504,0.154,0.45,0,0,1,2
0.504,0.157,0.45,0,0,1,2
0.504,0.16,0.45,0,0,1,2
0.504,0.163,0.45,0,0,1,2
0.504,0.166,0.45,0,0,1,2
0.504,0.169,0.45,0,0,1,2
0.504,0.172,0.45,0,0,1,2
0.504,0.175,0.45,0,0,1,2
0.504,0.178,0.45,0,0,1,2
0.504,0.181,0.45,0,0,1,2
0.504,0.184,0.45,0,0,1,2
0.504,0.187,0.45,0,0,1,2
0.504,0.19,0.45,0,0,1,2
0.504,0.193,0.45,0,0,1,2
0.504,0.196,0.45,0,0,1,2
0.504,0.199,0.45,0,0,1,2
0.504,0.202,0.45,0,0,1,2
0.504,0.205,0.45,0,0,1,2
0.504,0.208,0.45,0,0,1,2
0.504,0.211,0.45,0,0,1,2
0.504,0.214,0.45,0,0,1,2
0.504,0.217,0.45,0,0,1,2
0.504,0.22,0.45,0,0,1,2
0.504,0.223,0.45,0,0,1,2
0.504,0.226,0.45,0,0,1,2
0.504,0.229,0.45,0,0,1,2
0.504,0.232,0.45,0,0,1,2
0.504,0.235,0.45,0,0,1,2
0.504,0.238,0.45,0,0,1,2
0.504,0.241,0.45,0,0,1,2
0.504,0.244,0.45,0,0,1,2
0.504,0.247,0.45,0,0,1,2
0.504,0.25,0.45,0,0,1,2
0.504,0.253,0.45,0,0,1,2
0.504,0.256,0.45,0,0,1,2
0.504,0.259,0.45,0,0,1,2
0.507,0.1,0.45,0,0,1,2
0.507,0.103,0.45,0,0,1,2
0.507,0.106,0.45,0,0,1,2
0.507,0.109,0.45,0,0,1,2
0.507,0.112,0.45,0,0,1,2
0.507,0.115,0.45,0,0,1,2
0.507,0.118,0.45,0,0,1,2
0.507,0.121,0.45,0,0,1,2
0.507,0.124,0.45,0,0,1,2
0.507,0.127,0.45,0,0,1,2
0.507,0.13,0.45,0,0,1,2
0.507,0.133,0.45,0,0,1,2
0.507,0.136,0.45,0,0,1,2
0.507,0.139,0.45,0,0,1,2
0.507,0.142,0.45,0,0,1,2
0.507,0.145,0.45,0,0,1,2
0.507,0.148,0.45,0,0,1,2
0.507,0.151,0.45,0,0,1,2
0.507,0.154,0.45,0,0,1,2
0.507,0.157,0.45,0,0,1,2
0.507,0.16,0.45,0,0,1,2
0.507,0.163,0.45,0,0,1,2
0.507,0.166,0.45,0,0,1,2
0.507,0.169,0.45,0,0,1,2
0.507,0.172,0.45,0,0,1,2
0.507,0.175,0.45,0,0,1,2
0.507,0.178,0.45,0,0,1,2
0.507,0.181,0.45,0,0,1,2
0.507,0.184,0.45,0,0,1,2
0.507,0.187,0.45,0,0,1,2
0.507,0.19,0.45,0,0,1,2
0.507,0.193,0.45,0,0,1,2
0.507,0.196,0.45,0,0,1,2
0.507,0.199,0.45,0,0,1,2
0.507,0.202,0.45,0,0,1,2
0.507,0.205,0.45,0,0,1,2
0.507,0.208,0.45,0,0,1,2
0.507,0.211,0.45,0,0,1,2
0.507,0.214,0.45,0,0,1,2
0.507,0.217,0.45,0,0,1,2
0.507,0.22,0.45,0,0,1,2
0.507,0.223,0.45,0,0,1,2
0.507,0.226,0.45,0,0,1,2
0.507,0.229,0.45,0,0,1,2
0.507,0.232,0.45,0,0,1,2
0.507,0.235,0.45,0,0,1,2
0.507,0.238,0.45,0,0,1,2
0.507,0.241,0.45,0,0,1,2
0.507,0.244,0.45,0,0,1,2
0.507,0.247,0.45,0,0,1,2
0.507,0.25,0.45,0,0,1,2
0.507,0.253,0.45,0,0,1,2
0.507,0.256,0.45,0,0,1,2
0.507,0.259,0.45,0,0,1,2
0.51,0.1,0.45,0,0,1,2
0.51,0.103,0.45,0,0,1,2
0.51,0.106,0.45,0,0,1,2
0.51,0.109,0.45,0,0,1,2
0.51,0.112,0.45,0,0,1,2
0.51,0.115,0.45,0,0,1,2
0.51,0.118,0.45,0,0,1,2
0.51,0.121,0.45,0,0,1,2
0.51,0.124,0.45,0,0,1,2
0.51,0.127,0.45,0,0,1,2
0.51,0.13,0.45,0,0,1,2
0.51,0.133,0.45,0,0,1,2
0.51,0.136,0.45,0,0,1,2
0.51,0.139,0.45,0,0,1,2
0.51,0.142,0.45,0,0,1,2
0.51,0.145,0.45,0,0,1,2
0.51,0.148,0.45,0,0,1,2
0.51,0.151,0.45,0,0,1,2
0.51,0.154,0.45,0,0,1,2
0.51,0.157,0.45,0,0,1,2
0.51,0.16,0.45,0,0,1,2
0.51,0.163,0.45,0,0,1,2
0.51,0.166,0.45,0,0,1,2
0.51,0.169,0.45,0,0,1,2
0.51,0.172,0.45,0,0,1,2
0.51,0.175,0.45,0,0,1,2
0.51,0.178,0.45,0,0,1,2
0.51,0.181,0.45,0,0,1,2
0.51,0.184,0.45,0,0,1,2
0.51,0.187,0.45,0,0,1,2
0.51,0.19,0.45,0,0,1,2
0.51,0.193,0.45,0,0,1,2
0.51,0.196,0.45,0,0,1,2
0.51,0.199,0.45,0,0,1,2
0.51,0.202,0.45,0,0,1,2
0.51,0.205,0.45,0,0,1,2
0.51,0.208,0.45,0,0,1,2
0.51,0.211,0.45,0,0,1,2
0.51,0.214,0.45,0,0,1,2
0.51,0.217,0.45,0,0,1,2
0.51,0.22,0.45,0,0,1,2
0.51,0.223,0.45,0,0,1,2
0.51,0.226,0.45,0,0,1,2
0.51,0.229,0.45,0,0,1,2
0.51,0.232,0.45,0,0,1,2
0.51,0.235,0.45,0,0,1,2
0.51,0.238,0.45,0,0,1,2
0.51,0.241,0.45,0,0,1,2
0.51,0.244,0.45,0,0,1,2
0.51,0.247,0.45,0,0,1,2
0.51,0.25,0.45,0,0,1,2
0.51,0.253,0.45,0,0,1,2
0.51,0.256,0.45,0,0,1,2
0.51,0.259,0.45,0,0,1,2
0.513,0.1,0.45,0,0,1,2
0.513,0.103,0.45,0,0,1,2
0.513,0.106,0.45,0,0,1,2
0.513,0.109,0.45,0,0,1,2
0.513,0.112,0.45,0,0,1,2
0.513,0.115,0.45,0,0,1,2
0.513,0.118,0.45,0,0,1,2
0.513,0.121,0.45,0,0,1,2
0.513,0.124,0.45,0,0,1,2
0.513,0.127,0.45,0,0,1,2
0.513,0.13,0.45,0,0,1,2
0.513,0.133,0.45,0,0,1,2
0.513,0.136,0.45,0,0,1,2
0.513,0.139,0.45,0,0,1,2
0.513,0.142,0.45,0,0,1,2
0.513,0.145,0.45,0,0,1,2
0.513,0.148,0.45,0,0,1,2
0.513,0.151,0.45,0,0,1,2
0.513,0.154,0.45,0,0,1,2
0.513,0.157,0.45,0,0,1,2
0.513,0.16,0.45,0,0,1,2
0.513,0.163,0.45,0,0,1,2
0.513,0.166,0.45,0,0,1,2
0.513,0.169,0.45,0,0,1,2
0.513,0.172,0.45,0,0,1,2
0.513,0.175,0.45,0,0,1,2
0.513,0.178,0.45,0,0,1,2
0.513,0.181,0.45,0,0,1,2
0.513,0.184,0.45,0,0,1,2
0.513,0.187,0.45,0,0,1,2
0.513,0.19,0.45,0,0,1,2
0.513,0.193,0.45,0,0,1,2
0.513,0.196,0.45,0,0,1,2
0.513,0.199,0.45,0,0,1,2
0.513,0.202,0.45,0,0,1,2
0.513,0.205,0.45,0,0,1,2
0.513,0.208,0.45,0,0,1,2
0.513,0.211,0.45,0,0,1,2
0.513,0.214,0.45,0,0,1,2
0.513,0.217,0.45,0,0,1,2
0.513,0.22,0.45,0,0,1,2
0.513,0.223,0.45,0,0,1,2
0.513,0.226,0.45,0,0,1,2
0.513,0.229,0.45,0,0,1,2
0.513,0.232,0.45,0,0,1,2
0.513,0.235,0.45,0,0,1,2
0.513,0.238,0.45,0,0,1,2
0.513,0.241,0.45,0,0,1,2
0.513,0.244,0.45,0,0,1,2
0.513,0.247,0.45,0,0,1,2
0.513,0.25,0.45,0,0,1,2
0.513,0.253,0.45,0,0,1,2
0.513,0.256,0.45,0,0,1,2
0.513,0.259,0.45,0,0,1,2
0.516,0.1,0.45,0,0,1,2
0.516,0.103,0.45,0,0,1,2
0.516,0.106,0.45,0,0,1,2
0.516,0.109,0.45,0,0,1,2
0.516,0.112,0.45,0,0,1,2
0.516,0.115,0.45,0,0,1,2
0.516,0.118,0.45,0,0,1,2
0.516,0.121,0.45,0,0,1,2
0.516,0.124,0.45,0,0,1,2
0.516,0.127,0.45,0,0,1,2
0.516,0.13,0.45,0,0,1,2
0.516,0.133,0.45,0,0,1,2
0.516,0.136,0.45,0,0,1,2
0.516,0.139,0.45,0,0,1,2
0.516,0.142,0.45,0,0,1,2
0.516,0.145,0.45,0,0,1,2
0.516,0.148,0.45,0,0,1,2
0.516,0.151,0.45,0,0,1,2
0.516,0.154,0.45,0,0,1,2
0.516,0.157,0.45,0,0,1,2
0.516,0.16,0.45,0,0,1,2
0.516,0.163,0.45,0,0,1,2
0.516,0.166,0.45,0,0,1,2
0.516,0.169,0.45,0,0,1,2
0.516,0.172,0.45,0,0,1,2
0.516,0.175,0.45,0,0,1,2
0.516,0.178,0.45,0,0,1,2
0.516,0.181,0.45,0,0,1,2
0.516,0.184,0.45,0,0,1,2
0.516,0.187,0.45,0,0,1,2
0.516,0.19,0.45,0,0,1,2
0.516,0.193,0.45,0,0,1,2
0.516,0.196,0.45,0,0,1,2
0.516,0.199,0.45,0,0,1,2
0.516,0.202,0.45,0,0,1,2
0.516,0.205,0.45,0,0,1,2
0.516,0.208,0.45,0,0,1,2
0.516,0.211,0.45,0,0,1,2
0.516,0.214,0.45,0,0,1,2
0.516,0.217,0.45,0,0,1,2
0.516,0.22,0.45,0,0,1,2
0.516,0.223,0.45,0,0,1,2
0.516,0.226,0.45,0,0,1,2
0.516,0.229,0.45,0,0,1,2
0.516,0.232,0.45,0,0,1,2
0.516,0.235,0.45,0,0,1,2
0.516,0.238,0.45,0,0,1,2
0.516,0.241,0.45,0,0,1,2
0.516,0.244,0.45,0,0,1,2
0.516,0.247,0.45,0,0,1,2
0.516,0.25,0.45,0,0,1,2
0.516,0.253,0.45,0,0,1,2
0.516,0.256,0.45,0,0,1,2
0.516,0.259,0.45,0,0,1,2
0.519,0.1,0.45,0,0,1,2
0.519,0.103,0.45,0,0,1,2
0.519,0.106,0.45,0,0,1,2
0.519,0.109,0.45,0,0,1,2
0.519,0.112,0.45,0,0,1,2
0.519,0.115,0.45,0,0,1,2
0.519,0.118,0.45,0,0,1,2
0.519,0.121,0.45,0,0,1,2
0.519,0.124,0.45,0,0,1,2
0.519,0.127,0.45,0,0,1,2
0.519,0.13,0.45,0,0,1,2
0.519,0.133,0.45,0,0,1,2
0.519,0.136,0.45,0,0,1,2
0.519,0.139,0.45,0,0,1,2
0.519,0.142,0.45,0,0,1,2
0.519,0.145,0.45,0,0,1,2
0.519,0.148,0.45,0,0,1,2
0.519,0.151,0.45,0,0,1,2
0.519,0.154,0.45,0,0,1,2
0.519,0.157,0.45,0,0,1,2
0.519,0.16,0.45,0,0,1,2
0.519,0.163,0.45,0,0,1,2
0.519,0.166,0.45,0,0,1,2
0.519,0.169,0.45,0,0,1,2
0.519,0.172,0.45,0,0,1,2
0.519,0.175,0.45,0,0,1,2
0.519,0.178,0.45,0,0,1,2
0.519,0.181,0.45,0,0,1,2
0.519,0.184,0.45,0,0,1,2
0.519,0.187,0.45,0,0,1,2
0.519,0.19,0.45,0,0,1,2
0.519,0.193,0.45,0,0,1,2
0.519,0.196,0.45,0,0,1,2
0.519,0.199,0.45,0,0,1,2
0.519,0.202,0.45,0,0,1,2
0.519,0.205,0.45,0,0,1,2
0.519,0.208,0.45,0,0,1,2
0.519,0.211,0.45,0,0,1,2
0.519,0.214,0.45,0,0,1,2
0.519,0.217,0.45,0,0,1,2
0.519,0.22,0.45,0,0,1,2
0.519,0.223,0.45,0,0,1,2
0.519,0.226,0.45,0,0,1,2
0.519,0.229,0.45,0,0,1,2
0.519,0.232,0.45,0,0,1,2
0.519,0.235,0.45,0,0,1,2
0.519,0.238,0.45,0,0,1,2
0.519,0.241,0.45,0,0,1,2
0.519,0.244,0.45,0,0,1,2
0.519,0.247,0.45,0,0,1,2
0.519,0.25,0.45,0,0,1,2
0.519,0.253,0.45,0,0,1,2
0.519,0.256,0.45,0,0,1,2
0.519,0.259,0.45,0,0,1,2
0.522,0.1,0.45,0,0,1,2
0.522,0.103,0.45,0,0,1,2
0.522,0.106,0.45,0,0,1,2
0.522,0.109,0.45,0,0,1,2
0.522,0.112,0.45,0,0,1,2
0.522,0.115,0.45,0,0,1,2
0.522,0.118,0.45,0,0,1,2
0.522,0.121,0.45,0,0,1,2
0.522,0.124,0.45,0,0,1,2
0.522,0.127,0.45,0,0,1,2
0.522,0.13,0.45,0,0,1,2
0.522,0.133,0.45,0,0,1,2
0.522,0.136,0.45,0,0,1,2
0.522,0.139,0.45,0,0,1,2
0.522,0.142,0.45,0,0,1,2
0.522,0.145,0.45,0,0,1,2
0.522,0.148,0.45,0,0,1,2
0.522,0.151,0.45,0,0,1,2
0.522,0.154,0.45,0,0,1,2
0.522,0.157,0.45,0,0,1,2
0.522,0.16,0.45,0,0,1,2
0.522,0.163,0.45,0,0,1,2
0.522,0.166,0.45,0,0,1,2
0.522,0.169,0.45,0,0,1,2
0.522,0.172,0.45,0,0,1,2
0.522,0.175,0.45,0,0,1,2
0.522,0.178,0.45,0,0,1,2
0.522,0.181,0.45,0,0,1,2
0.522,0.184,0.45,0,0,1,2
0.522,0.187,0.45,0,0,1,2
0.522,0.19,0.45,0,0,1,2
0.522,0.193,0.45,0,0,1,2
0.522,0.196,0.45,0,0,1,2
0.522,0.199,0.45,0,0,1,2
0.522,0.202,0.45,0,0,1,2
0.522,0.205,0.45,0,0,1,2
0.522,0.208,0.45,0,0,1,2
0.522,0.211,0.45,0,0,1,2
0.522,0.214,0.45,0,0,1,2
0.522,0.217,0.45,0,0,1,2
0.522,0.22,0.45,0,0,1,2
0.522,0.223,0.45,0,0,1,2
0.522,0.226,0.45,0,0,1,2
0.522,0.229,0.45,0,0,1,2
0.522,0.232,0.45,0,0,1,2
0.522,0.235,0.45,0,0,1,2
0.522,0.238,0.45,0,0,1,2
0.522,0.241,0.45,0,0,1,2
0.522,0.244,0.45,0,0,1,2
0.522,0.247,0.45,0,0,1,2
0.522,0.25,0.45,0,0,1,2
0.522,0.253,0.45,0,0,1,2
0.522,0.256,0.45,0,0,1,2
0.522,0.259,0.45,0,0,1,2
0.525,0.1,0.45,0,0,1,2
0.525,0.103,0.45,0,0,1,2
0.525,0.106,0.45,0,0,1,2
0.525,0.109,0.45,0,0,1,2
0.525,0.112,0.45,0,0,1,2
0.525,0.115,0.45,0,0,1,2
0.525,0.118,0.45,0,0,1,2
0.525,0.121,0.45,0,0,1,2
0.525,0.124,0.45,0,0,1,2
0.525,0.127,0.45,0,0,1,2
0.525,0.13,0.45,0,0,1,2
0.525,0.133,0.45,0,0,1,2
0.525,0.136,0.45,0,0,1,2
0.525,0.139,0.45,0,0,1,2
0.525,0.142,0.45,0,0,1,2
0.525,0.145,0.45,0,0,1,2
0.525,0.148,0.45,0,0,1,2
0.525,0.151,0.45,0,0,1,2
0.525,0.154,0.45,0,0,1,2
0.525,0.157,0.45,0,0,1,2
0.525,0.16,0.45,0,0,1,2
0.525,0.163,0.45,0,0,1,2
0.525,0.166,0.45,0,0,1,2
0.525,0.169,0.45,0,0,1,2
0.525,0.172,0.45,0,0,1,2
0.525,0.175,0.45,0,0,1,2
0.525,0.178,0.45,0,0,1,2
0.525,0.181,0.45,0,0,1,2
0.525,0.184,0.45,0,0,1,2
0.525,0.187,0.45,0,0,1,2
0.525,0.19,0.45,0,0,1,2
0.525,0.193,0.45,0,0,1,2
0.525,0.196,0.45,0,0,1,2
0.525,0.199,0.45,0,0,1,2
0.525,0.202,0.45,0,0,1,2
0.525,0.205,0.45,0,0,1,2
0.525,0.208,0.45,0,0,1,2
0.525,0.211,0.45,0,0,1,2
0.525,0.214,0.45,0,0,1,2
0.525,0.217,0.45,0,0,1,2
0.525,0.22,0.45,0,0,1,2
0.525,0.223,0.45,0,0,1,2
0.525,0.226,0.45,0,0,1,2
0.525,0.229,0.45,0,0,1,2
0.525,0.232,0.45,0,0,1,2
0.525,0.235,0.45,0,0,1,2
0.525,0.238,0.45,0,0,1,2
0.525,0.241,0.45,0,0,1,2
0.525,0.244,0.45,0,0,1,2
0.525,0.247,0.45,0,0,1,2
0.525,0.25,0.45,0,0,1,2
0.525,0.253,0.45,0,0,1,2
0.525,0.256,0.45,0,0,1,2
0.525,0.259,0.45,0,0,1,2
0.528,0.1,0.45,0,0,1,2
0.528,0.103,0.45,0,0,1,2
0.528,0.106,0.45,0,0,1,2
0.528,0.109,0.45,0,0,1,2
0.528,0.112,0.45,0,0,1,2
0.528,0.115,0.45,0,0,1,2
0.528,0.118,0.45,0,0,1,2
0.528,0.121,0.45,0,0,1,2
0.528,0.124,0.45,0,0,1,2
0.528,0.127,0.45,0,0,1,2
0.528,0.13,0.45,0,0,1,2
0.528,0.133,0.45,0,0,1,2
0.528,0.136,0.45,0,0,1,2
0.528,0.139,0.45,0,0,1,2
0.528,0.142,0.45,0,0,1,2
0.528,0.145,0.45,0,0,1,2
0.528,0.148,0.45,0,0,1,2
0.528,0.151,0.45,0,0,1,2
0.528,0.154,0.45,0,0,1,2
0.528,0.157,0.45,0,0,1,2
0.528,0.16,0.45,0,0,1,2
0.528,0.163,0.45,0,0,1,2
0.528,0.166,0.45,0,0,1,2
0.528,0.169,0.45,0,0,1,2
0.528,0.172,0.45,0,0,1,2
0.528,0.175,0.45,0,0,1,2
0.528,0.178,0.45,0,0,1,2
0.528,0.181,0.45,0,0,1,2
0.528,0.184,0.45,0,0,1,2
0.528,0.187,0.45,0,0,1,2
0.528,0.19,0.45,0,0,1,2
0.528,0.193,0.45,0,0,1,2
0.528,0.196,0.45,0,0,1,2
0.528,0.199,0.45,0,0,1,2
0.528,0.202,0.45,0,0,1,2
0.528,0.205,0.45,0,0,1,2
0.528,0.208,0.45,0,0,1,2
0.528,0.211,0.45,0,0,1,2
0.528,0.214,0.45,0,0,1,2
0.528,0.217,0.45,0,0,1,2
0.528,0.22,0.45,0,0,1,2
0.528,0.223,0.45,0,0,1,2
0.528,0.226,0.45,0,0,1,2
0.528,0.229,0.45,0,0,1,2
0.528,0.232,0.45,0,0,1,2
0.528,0.235,0.45,0,0,1,2
0.528,0.238,0.45,0,0,1,2
0.528,0.241,0.45,0,0,1,2
0.528,0.244,0.45,0,0,1,2
0.528,0.247,0.45,0,0,1,2
0.528,0.25,0.45,0,0,1,2
0.528,0.253,0.45,0,0,1,2
0.528,0.256,0.45,0,0,1,2
0.528,0.259,0.45,0,0,1,2
0.531,0.1,0.45,0,0,1,2
0.531,0.103,0.45,0,0,1,2
0.531,0.106,0.45,0,0,1,2
0.531,0.109,0.45,0,0,1,2
0.531,0.112,0.45,0,0,1,2
0.531,0.115,0.45,0,0,1,2
0.531,0.118,0.45,0,0,1,2
0.531,0.121,0.45,0,0,1,2
0.531,0.124,0.45,0,0,1,2
0.531,0.127,0.45,0,0,1,2
0.531,0.13,0.45,0,0,1,2
0.531,0.133,0.45,0,0,1,2
0.531,0.136,0.45,0,0,1,2
0.531,0.139,0.45,0,0,1,2
0.531,0.142,0.45,0,0,1,2
0.531,0.145,0.45,0,0,1,2
0.531,0.148,0.45,0,0,1,2
0.531,0.151,0.45,0,0,1,2
0.531,0.154,0.45,0,0,1,2
0.531,0.157,0.45,0,0,1,2
0.531,0.16,0.45,0,0,1,2
0.531,0.163,0.45,0,0,1,2
0.531,0.166,0.45,0,0,1,2
0.531,0.169,0.45,0,0,1,2
0.531,0.172,0.45,0,0,1,2
0.531,0.175,0.45,0,0,1,2
0.531,0.178,0.45,0,0,1,2
0.531,0.181,0.45,0,0,1,2
0.531,0.184,0.45,0,0,1,2
0.531,0.187,0.45,0,0,1,2
0.531,0.19,0.45,0,0,1,2
0.531,0.193,0.45,0,0,1,2
0.531,0.196,0.45,0,0,1,2
0.531,0.199,0.45,0,0,1,2
0.531,0.202,0.45,0,0,1,2
0.531,0.205,0.45,0,0,1,2
0.531,0.208,0.45,0,0,1,2
0.531,0.211,0.45,0,0,1,2
0.531,0.214,0.45,0,0,1,2
0.531,0.217,0.45,0,0,1,2
0.531,0.22,0.45,0,0,1,2
0.531,0.223,0.45,0,0,1,2
0.531,0.226,0.45,0,0,1,2
0.531,0.229,0.45,0,0,1,2
0.531,0.232,0.45,0,0,1,2
0.531,0.235,0.45,0,0,1,2
0.531,0.238,0.45,0,0,1,2
0.531,0.241,0.45,0,0,1,2
0.531,0.244,0.45,0,0,1,2
0.531,0.247,0.45,0,0,1,2
0.531,0.25,0.45,0,0,1,2
0.531,0.253,0.45,0,0,1,2
0.531,0.256,0.45,0,0,1,2
0.531,0.259,0.45,0,0,1,2
0.534,0.1,0.45,0,0,1,2
0.534,0.103,0.45,0,0,1,2
0.534,0.106,0.45,0,0,1,2
0.534,0.109,0.45,0,0,1,2
0.534,0.112,0.45,0,0,1,2
0.534,0.115,0.45,0,0,1,2
0.534,0.118,0.45,0,0,1,2
0.534,0.121,0.45,0,0,1,2
0.534,0.124,0.45,0,0,1,2
0.534,0.127,0.45,0,0,1,2
0.534,0.13,0.45,0,0,1,2
0.534,0.133,0.45,0,0,1,2
0.534,0.136,0.45,0,0,1,2
0.534,0.139,0.45,0,0,1,2
0.534,0.142,0.45,0,0,1,2
0.534,0.145,0.45,0,0,1,2
0.534,0.148,0.45,0,0,1,2
0.534,0.151,0.45,0,0,1,2
0.534,0.154,0.45,0,0,1,2
0.534,0.157,0.45,0,0,1,2
0.534,0.16,0.45,0,0,1,2
0.534,0.163,0.45,0,0,1,2
0.534,0.166,0.45,0,0,1,2
0.534,0.169,0.45,0,0,1,2
0.534,0.172,0.45,0,0,1,2
0.534,0.175,0.45,0,0,1,2
0.534,0.178,0.45,0,0,1,2
0.534,0.181,0.45,0,0,1,2
0.534,0.184,0.45,0,0,1,2
0.534,0.187,0.45,0,0,1,2
0.534,0.19,0.45,0,0,1,2
0.534,0.193,0.45,0,0,1,2
0.534,0.196,0.45,0,0,1,2
0.534,0.199,0.45,0,0,1,2
0.534,0.202,0.45,0,0,1,2
0.534,0.205,0.45,0,0,1,2
0.534,0.208,0.45,0,0,1,2
0.534,0.211,0.45,0,0,1,2
0.534,0.214,0.45,0,0,1,2
0.534,0.217,0.45,0,0,1,2
0.534,0.22,0.45,0,0,1,2
0.534,0.223,0.45,0,0,1,2
0.534,0.226,0.45,0,0,1,2
0.534,0.229,0.45,0,0,1,2
0.534,0.232,0.45,0,0,1,2
0.534,0.235,0.45,0,0,1,2
0.534,0.238,0.45,0,0,1,2
0.534,0.241,0.45,0,0,1,2
0.534,0.244,0.45,0,0,1,2
0.534,0.247,0.45,0,0,1,2
0.534,0.25,0.45,0,0,1,2
0.534,0.253,0.45,0,0,1,2
0.534,0.256,0.45,0,0,1,2
0.534,0.259,0.45,0,0,1,2
0.537,0.1,0.45,0,0,1,2
0.537,0.103,0.45,0,0,1,2
0.537,0.106,0.45,0,0,1,2
0.537,0.109,0.45,0,0,1,2
0.537,0.112,0.45,0,0,1,2
0.537,0.115,0.45,0,0,1,2
0.537,0.118,0.45,0,0,1,2
0.537,0.121,0.45,0,0,1,2
0.537,0.124,0.45,0,0,1,2
0.537,0.127,0.45,0,0,1,2
0.537,0.13,0.45,0,0,1,2
0.537,0.133,0.45,0,0,1,2
0.537,0.136,0.45,0,0,1,2
0.537,0.139,0.45,0,0,1,2
0.537,0.142,0.45,0,0,1,2
0.537,0.145,0.45,0,0,1,2
0.537,0.148,0.45,0,0,1,2
0.537,0.151,0.45,0,0,1,2
0.537,0.154,0.45,0,0,1,2
0.537,0.157,0.45,0,0,1,2
0.537,0.16,0.45,0,0,1,2
0.537,0.163,0.45,0,0,1,2
0.537,0.166,0.45,0,0,1,2
0.537,0.169,0.45,0,0,1,2
0.537,0.172,0.45,0,0,1,2
0.537,0.175,0.45,0,0,1,2
0.537,0.178,0.45,0,0,1,2
0.537,0.181,0.45,0,0,1,2
0.537,0.184,0.45,0,0,1,2
0.537,0.187,0.45,0,0,1,2
0.537,0.19,0.45,0,0,1,2
0.537,0.193,0.45,0,0,1,2
0.537,0.196,0.45,0,0,1,2
0.537,0.199,0.45,0,0,1,2
0.537,0.202,0.45,0,0,1,2
0.537,0.205,0.45,0,0,1,2
0.537,0.208,0.45,0,0,1,2
0.537,0.211,0.45,0,0,1,2
0.537,0.214,0.45,0,0,1,2
0.537,0.217,0.45,0,0,1,2
0.537,0.22,0.45,0,0,1,2
0.537,0.223,0.45,0,0,1,2
0.537,0.226,0.45,0,0,1,2
0.537,0.229,0.45,0,0,1,2
0.537,0.232,0.45,0,0,1,2
0.537,0.235,0.45,0,0,1,2
0.537,0.238,0.45,0,0,1,2
0.537,0.241,0.45,0,0,1,2
0.537,0.244,0.45,0,0,1,2
0.537,0.247,0.45,0,0,1,2
0.537,0.25,0.45,0,0,1,2
0.537,0.253,0.45,0,0,1,2
0.537,0.256,0.45,0,0,1,2
0.537,0.259,0.45,0,0,1,2
0.54,0.1,0.45,0,0,1,2
0.54,0.103,0.45,0,0,1,2
0.54,0.106,0.45,0,0,1,2
0.54,0.109,0.45,0,0,1,2
0.54,0.112,0.45,0,0,1,2
0.54,0.115,0.45,0,0,1,2
0.54,0.118,0.45,0,0,1,2
0.54,0.121,0.45,0,0,1,2
0.54,0.124,0.45,0,0,1,2
0.54,0.127,0.45,0,0,1,2
0.54,0.13,0.45,0,0,1,2
0.54,0.133,0.45,0,0,1,2
0.54,0.136,0.45,0,0,1,2
0.54,0.139,0.45,0,0,1,2
0.54,0.142,0.45,0,0,1,2
0.54,0.145,0.45,0,0,1,2
0.54,0.148,0.45,0,0,1,2
0.54,0.151,0.45,0,0,1,2
0.54,0.154,0.45,0,0,1,2
0.54,0.157,0.45,0,0,1,2
0.54,0.16,0.45,0,0,1,2
0.54,0.163,0.45,0,0,1,2
0.54,0.166,0.45,0,0,1,2
0.54,0.169,0.45,0,0,1,2
0.54,0.172,0.45,0,0,1,2
0.54,0.175,0.45,0,0,1,2
0.54,0.178,0.45,0,0,1,2
0.54,0.181,0.45,0,0,1,2
0.54,0.184,0.45,0,0,1,2
0.54,0.187,0.45,0,0,1,2
0.54,0.19,0.45,0,0,1,2
0.54,0.193,0.45,0,0,1,2
0.54,0.196,0.45,0,0,1,2
0.54,0.199,0.45,0,0,1,2
0.54,0.202,0.45,0,0,1,2
0.54,0.205,0.45,0,0,1,2
0.54,0.208,0.45,0,0,1,2
0.54,0.211,0.45,0,0,1,2
0.54,0.214,0.45,0,0,1,2
0.54,0.217,0.45,0,0,1,2
0.54,0.22,0.45,0,0,1,2
0.54,0.223,0.45,0,0,1,2
0.54,0.226,0.45,0,0,1,2
0.54,0.229,0.45,0,0,1,2
0.54,0.232,0.45,0,0,1,2
0.54,0.235,0.45,0,0,1,2
0.54,0.238,0.45,0,0,1,2
0.54,0.241,0.45,0,0,1,2
0.54,0.244,0.45,0,0,1,2
0.54,0.247,0.45,0,0,1,2
0.54,0.25,0.45,0,0,1,2
0.54,0.253,0.45,0,0,1,2
0.54,0.256,0.45,0,0,1,2
0.54,0.259,0.45,0,0,1,2
0.543,0.1,0.45,0,0,1,2
0.543,0.103,0.45,0,0,1,2
0.543,0.106,0.45,0,0,1,2
0.543,0.109,0.45,0,0,1,2
0.543,0.112,0.45,0,0,1,2
0.543,0.115,0.45,0,0,1,2
0.543,0.118,0.45,0,0,1,2
0.543,0.121,0.45,0,0,1,2
0.543,0.124,0.45,0,0,1,2
0.543,0.127,0.45,0,0,1,2
0.543,0.13,0.45,0,0,1,2
0.543,0.133,0.45,0,0,1,2
0.543,0.136,0.45,0,0,1,2
0.543,0.139,0.45,0,0,1,2
0.543,0.142,0.45,0,0,1,2
0.543,0.145,0.45,0,0,1,2
0.543,0.148,0.45,0,0,1,2
0.543,0.151,0.45,0,0,1,2
0.543,0.154,0.45,0,0,1,2
0.543,0.157,0.45,0,0,1,2
0.543,0.16,0.45,0,0,1,2
0.543,0.163,0.45,0,0,1,2
0.543,0.166,0.45,0,0,1,2
0.543,0.169,0.45,0,0,1,2
0.543,0.172,0.45,0,0,1,2
0.543,0.175,0.45,0,0,1,2
0.543,0.178,0.45,0,0,1,2
0.543,0.181,0.45,0,0,1,2
0.543,0.184,0.45,0,0,1,2
0.543,0.187,0.45,0,0,1,2
0.543,0.19,0.45,0,0,1,2
0.543,0.193,0.45,0,0,1,2
0.543,0.196,0.45,0,0,1,2
0.543,0.199,0.45,0,0,1,2
0.543,0.202,0.45,0,0,1,2
0.543,0.205,0.45,0,0,1,2
0.543,0.208,0.45,0,0,1,2
0.543,0.211,0.45,0,0,1,2
0.543,0.214,0.45,0,0,1,2
0.543,0.217,0.45,0,0,1,2
0.543,0.22,0.45,0,0,1,2
0.543,0.223,0.45,0,0,1,2
0.543,0.226,0.45,0,0,1,2
0.543,0.229,0.45,0,0,1,2
0.543,0.232,0.45,0,0,1,2
0.543,0.235,0.45,0,0,1,2
0.543,0.238,0.45,0,0,1,2
0.543,0.241,0.45,0,0,1,2
0.543,0.244,0.45,0,0,1,2
0.543,0.247,0.45,0,0,1,2
0.543,0.25,0.45,0,0,1,2
0.543,0.253,0.45,0,0,1,2
0.543,0.256,0.45,0,0,1,2
0.543,0.259,0.45,0,0,1,2
0.546,0.1,0.45,0,0,1,2
0.546,0.103,0.45,0,0,1,2
0.546,0.106,0.45,0,0,1,2
0.546,0.109,0.45,0,0,1,2
0.546,0.112,0.45,0,0,1,2
0.546,0.115,0.45,0,0,1,2
0.546,0.118,0.45,0,0,1,2
0.546,0.121,0.45,0,0,1,2
0.546,0.124,0.45,0,0,1,2
0.546,0.127,0.45,0,0,1,2
0.546,0.13,0.45,0,0,1,2
0.546,0.133,0.45,0,0,1,2
0.546,0.136,0.45,0,0,1,2
0.546,0.139,0.45,0,0,1,2
0.546,0.142,0.45,0,0,1,2
0.546,0.145,0.45,0,0,1,2
0.546,0.148,0.45,0,0,1,2
0.546,0.151,0.45,0,0,1,2
0.546,0.154,0.45,0,0,1,2
0.546,0.157,0.45,0,0,1,2
0.546,0.16,0.45,0,0,1,2
0.546,0.163,0.45,0,0,1,2
0.546,0.166,0.45,0,0,1,2
0.546,0.169,0.45,0,0,1,2
0.546,0.172,0.45,0,0,1,2
0.546,0.175,0.45,0,0,1,2
0.546,0.178,0.45,0,0,1,2
0.546,0.181,0.45,0,0,1,2
0.546,0.184,0.45,0,0,1,2
0.546,0.187,0.45,0,0,1,2
0.546,0.19,0.45,0,0,1,2
0.546,0.193,0.45,0,0,1,2
0.546,0.196,0.45,0,0,1,2
0.546,0.199,0.45,0,0,1,2
0.546,0.202,0.45,0,0,1,2
0.546,0.205,0.45,0,0,1,2
0.546,0.208,0.45,0,0,1,2
0.546,0.211,0.45,0,0,1,2
0.546,0.214,0.45,0,0,1,2
0.546,0.217,0.45,0,0,1,2
0.546,0.22,0.45,0,0,1,2
0.546,0.223,0.45,0,0,1,2
0.546,0.226,0.45,0,0,1,2
0.546,0.229,0.45,0,0,1,2
0.546,0.232,0.45,0,0,1,2
0.546,0.235,0.45,0,0,1,2
0.546,0.238,0.45,0,0,1,2
0.546,0.241,0.45,0,0,1,2
0.546,0.244,0.45,0,0,1,2
0.546,0.247,0.45,0,0,1,2
0.546,0.25,0.45,0,0,1,2
0.546,0.253,0.45,0,0,1,2
0.546,0.256,0.45,0,0,1,2
0.546,0.259,0.45,0,0,1,2
0.549,0.1,0.45,0,0,1,2
0.549,0.103,0.45,0,0,1,2
0.549,0.106,0.45,0,0,1,2
0.549,0.109,0.45,0,0,1,2
0.549,0.112,0.45,0,0,1,2
0.549,0.115,0.45,0,0,1,2
0.549,0.118,0.45,0,0,1,2
0.549,0.121,0.45,0,0,1,2
0.549,0.124,0.45,0,0,1,2
0.549,0.127,0.45,0,0,1,2
0.549,0.13,0.45,0,0,1,2
0.549,0.133,0.45,0,0,1,2
0.549,0.136,0.45,0,0,1,2
0.549,0.139,0.45,0,0,1,2
0.549,0.142,0.45,0,0,1,2
0.549,0.145,0.45,0,0,1,2
0.549,0.148,0.45,0,0,1,2
0.549,0.151,0.45,0,0,1,2
0.549,0.154,0.45,0,0,1,2
0.549,0.157,0.45,0,0,1,2
0.549,0.16,0.45,0,0,1,2
0.549,0.163,0.45,0,0,1,2
0.549,0.166,0.45,0,0,1,2
0.549,0.169,0.45,0,0,1,2
0.549,0.172,0.45,0,0,1,2
0.549,0.175,0.45,0,0,1,2
0.549,0.178,0.45,0,0,1,2
0.549,0.181,0.45,0,0,1,2
0.549,0.184,0.45,0,0,1,2
0.549,0.187,0.45,0,0,1,2
0.549,0.19,0.45,0,0,1,2
0.549,0.193,0.45,0,0,1,2
0.549,0.196,0.45,0,0,1,2
0.549,0.199,0.45,0,0,1,2
0.549,0.202,0.45,0,0,1,2
0.549,0.205,0.45,0,0,1,2
0.549,0.208,0.45,0,0,1,2
0.549,0.211,0.45,0,0,1,2
0.549,0.214,0.45,0,0,1,2
0.549,0.217,0.45,0,0,1,2
0.549,0.22,0.45,0,0,1,2
0.549,0.223,0.45,0,0,1,2
0.549,0.226,0.45,0,0,1,2
0.549,0.229,0.45,0,0,1,2
0.549,0.232,0.45,0,0,1,2
0.549,0.235,0.45,0,0,1,2
0.549,0.238,0.45,0,0,1,2
0.549,0.241,0.45,0,0,1,2
0.549,0.244,0.45,0,0,1,2
0.549,0.247,0.45,0,0,1,2
0.549,0.25,0.45,0,0,1,2
0.549,0.253,0.45,0,0,1,2
0.549,0.256,0.45,0,0,1,2
0.549,0.259,0.45,0,0,1,2
0.552,0.1,0.45,0,0,1,2
0.552,0.103,0.45,0,0,1,2
0.552,0.106,0.45,0,0,1,2
0.552,0.109,0.45,0,0,1,2
0.552,0.112,0.45,0,0,1,2
0.552,0.115,0.45,0,0,1,2
0.552,0.118,0.45,0,0,1,2
0.552,0.121,0.45,0,0,1,2
0.552,0.124,0.45,0,0,1,2
0.552,0.127,0.45,0,0,1,2
0.552,0.13,0.45,0,0,1,2
0.552,0.133,0.45,0,0,1,2
0.552,0.136,0.45,0,0,1,2
0.552,0.139,0.45,0,0,1,2
0.552,0.142,0.45,0,0,1,2
0.552,0.145,0.45,0,0,1,2
0.552,0.148,0.45,0,0,1,2
0.552,0.151,0.45,0,0,1,2
0.552,0.154,0.45,0,0,1,2
0.552,0.157,0.45,0,0,1,2
0.552,0.16,0.45,0,0,1,2
0.552,0.163,0.45,0,0,1,2
0.552,0.166,0.45,0,0,1,2
0.552,0.169,0.45,0,0,1,2
0.552,0.172,0.45,0,0,1,2
0.552,0.175,0.45,0,0,1,2
0.552,0.178,0.45,0,0,1,2
0.552,0.181,0.45,0,0,1,2
0.552,0.184,0.45,0,0,1,2
0.552,0.187,0.45,0,0,1,2
0.552,0.19,0.45,0,0,1,2
0.552,0.193,0.45,0,0,1,2
0.552,0.196,0.45,0,0,1,2
0.552,0.199,0.45,0,0,1,2
0.552,0.202,0.45,0,0,1,2
0.552,0.205,0.45,0,0,1,2
0.552,0.208,0.45,0,0,1,2
0.552,0.211,0.45,0,0,1,2
0.552,0.214,0.45,0,0,1,2
0.552,0.217,0.45,0,0,1,2
0.552,0.22,0.45,0,0,1,2
0.552,0.223,0.45,0,0,1,2
0.552,0.226,0.45,0,0,1,2
0.552,0.229,0.45,0,0,1,2
0.552,0.232,0.45,0,0,1,2
0.552,0.235,0.45,0,0,1,2
0.552,0.238,0.45,0,0,1,2
0.552,0.241,0.45,0,0,1,2
0.552,0.244,0.45,0,0,1,2
0.552,0.247,0.45,0,0,1,2
0.552,0.25,0.45,0,0,1,2
0.552,0.253,0.45,0,0,1,2
0.552,0.256,0.45,0,0,1,2
0.552,0.259,0.45,0,0,1,2
0.555,0.1,0.45,0,0,1,2
0.555,0.103,0.45,0,0,1,2
0.555,0.106,0.45,0,0,1,2
0.555,0.109,0.45,0,0,1,2
0.555,0.112,0.45,0,0,1,2
0.555,0.115,0.45,0,0,1,2
0.555,0.118,0.45,0,0,1,2
0.555,0.121,0.45,0,0,1,2
0.555,0.124,0.45,0,0,1,2
0.555,0.127,0.45,0,0,1,2
0.555,0.13,0.45,0,0,1,2
0.555,0.133,0.45,0,0,1,2
0.555,0.136,0.45,0,0,1,2
0.555,0.139,0.45,0,0,1,2
0.555,0.142,0.45,0,0,1,2
0.555,0.145,0.45,0,0,1,2
0.555,0.148,0.45,0,0,1,2
0.555,0.151,0.45,0,0,1,2
0.555,0.154,0.45,0,0,1,2
0.555,0.157,0.45,0,0,1,2
0.555,0.16,0.45,0,0,1,2
0.555,0.163,0.45,0,0,1,2
0.555,0.166,0.45,0,0,1,2
0.555,0.169,0.45,0,0,1,2
0.555,0.172,0.45,0,0,1,2
0.555,0.175,0.45,0,0,1,2
0.555,0.178,0.45,0,0,1,2
0.555,0.181,0.45,0,0,1,2
0.555,0.184,0.45,0,0,1,2
0.555,0.187,0.45,0,0,1,2
0.555,0.19,0.45,0,0,1,2
0.555,0.193,0.45,0,0,1,2
0.555,0.196,0.45,0,0,1,2
0.555,0.199,0.45,0,0,1,2
0.555,0.202,0.45,0,0,1,2
0.555,0.205,0.45,0,0,1,2
0.555,0.208,0.45,0,0,1,2
0.555,0.211,0.45,0,0,1,2
0.555,0.214,0.45,0,0,1,2
0.555,0.217,0.45,0,0,1,2
0.555,0.22,0.45,0,0,1,2
0.555,0.223,0.45,0,0,1,2
0.555,0.226,0.45,0,0,1,2
0.555,0.229,0.45,0,0,1,2
0.555,0.232,0.45,0,0,1,2
0.555,0.235,0.45,0,0,1,2
0.555,0.238,0.45,0,0,1,2
0.555,0.241,0.45,0,0,1,2
0.555,0.244,0.45,0,0,1,2
0.555,0.247,0.45,0,0,1,2
0.555,0.25,0.45,0,0,1,2
0.555,0.253,0.45,0,0,1,2
0.555,0.256,0.45,0,0,1,2
0.555,0.259,0.45,0,0,1,2
0.558,0.1,0.45,0,0,1,2
0.558,0.103,0.45,0,0,1,2
0.558,0.106,0.45,0,0,1,2
0.558,0.109,0.45,0,0,1,2
0.558,0.112,0.45,0,0,1,2
0.558,0.115,0.45,0,0,1,2
0.558,0.118,0.45,0,0,1,2
0.558,0.121,0.45,0,0,1,2
0.558,0.124,0.45,0,0,1,2
0.558,0.127,0.45,0,0,1,2
0.558,0.13,0.45,0,0,1,2
0.558,0.133,0.45,0,0,1,2
0.558,0.136,0.45,0,0,1,2
0.558,0.139,0.45,0,0,1,2
0.558,0.142,0.45,0,0,1,2
0.558,0.145,0.45,0,0,1,2
0.558,0.148,0.45,0,0,1,2
0.558,0.151,0.45,0,0,1,2
0.558,0.154,0.45,0,0,1,2
0.558,0.157,0.45,0,0,1,2
0.558,0.16,0.45,0,0,1,2
0.558,0.163,0.45,0,0,1,2
0.558,0.166,0.45,0,0,1,2
0.558,0.169,0.45,0,0,1,2
0.558,0.172,0.45,0,0,1,2
0.558,0.175,0.45,0,0,1,2
0.558,0.178,0.45,0,0,1,2
0.558,0.181,0.45,0,0,1,2
0.558,0.184,0.45,0,0,1,2
0.558,0.187,0.45,0,0,1,2
0.558,0.19,0.45,0,0,1,2
0.558,0.193,0.45,0,0,1,2
0.558,0.196,0.45,0,0,1,2
0.558,0.199,0.45,0,0,1,2
0.558,0.202,0.45,0,0,1,2
0.558,0.205,0.45,0,0,1,2
0.558,0.208,0.45,0,0,1,2
0.558,0.211,0.45,0,0,1,2
0.558,0.214,0.45,0,0,1,2
0.558,0.217,0.45,0,0,1,2
0.558,0.22,0.45,0,0,1,2
0.558,0.223,0.45,0,0,1,2
0.558,0.226,0.45,0,0,1,2
0.558,0.229,0.45,0,0,1,2
0.558,0.232,0.45,0,0,1,2
0.558,0.235,0.45,0,0,1,2
0.558,0.238,0.45,0,0,1,2
0.558,0.241,0.45,0,0,1,2
0.558,0.244,0.45,0,0,1,2
0.558,0.247,0.45,0,0,1,2
0.558,0.25,0.45,0,0,1,2
0.558,0.253,0.45,0,0,1,2
0.558,0.256,0.45,0,0,1,2
0.558,0.259,0.45,0,0,1,2
0.561,0.1,0.45,0,0,1,2
0.561,0.103,0.45,0,0,1,2
0.561,0.106,0.45,0,0,1,2
0.561,0.109,0.45,0,0,1,2
0.561,0.112,0.45,0,0,1,2
0.561,0.115,0.45,0,0,1,2
0.561,0.118,0.45,0,0,1,2
0.561,0.121,0.45,0,0,1,2
0.561,0.124,0.45,0,0,1,2
0.561,0.127,0.45,0,0,1,2
0.561,0.13,0.45,0,0,1,2
0.561,0.133,0.45,0,0,1,2
0.561,0.136,0.45,0,0,1,2
0.561,0.139,0.45,0,0,1,2
0.561,0.142,0.45,0,0,1,2
0.561,0.145,0.45,0,0,1,2
0.561,0.148,0.45,0,0,1,2
0.561,0.151,0.45,0,0,1,2
0.561,0.154,0.45,0,0,1,2
0.561,0.157,0.45,0,0,1,2
0.561,0.16,0.45,0,0,1,2
0.561,0.163,0.45,0,0,1,2
0.561,0.166,0.45,0,0,1,2
0.561,0.169,0.45,0,0,1,2
0.561,0.172,0.45,0,0,1,2
0.561,0.175,0.45,0,0,1,2
0.561,0.178,0.45,0,0,1,2
0.561,0.181,0.45,0,0,1,2
0.561,0.184,0.45,0,0,1,2
0.561,0.187,0.45,0,0,1,2
0.561,0.19,0.45,0,0,1,2
0.561,0.193,0.45,0,0,1,2
0.561,0.196,0.45,0,0,1,2
0.561,0.199,0.45,0,0,1,2
0.561,0.202,0.45,0,0,1,2
0.561,0.205,0.45,0,0,1,2
0.561,0.208,0.45,0,0,1,2
0.561,0.211,0.45,0,0,1,2
0.561,0.214,0.45,0,0,1,2
0.561,0.217,0.45,0,0,1,2
0.561,0.22,0.45,0,0,1,2
0.561,0.223,0.45,0,0,1,2
0.561,0.226,0.45,0,0,1,2
0.561,0.229,0.45,0,0,1,2
0.561,0.232,0.45,0,0,1,2
0.561,0.235,0.45,0,0,1,2
0.561,0.238,0.45,0,0,1,2
0.561,0.241,0.45,0,0,1,2
0.561,0.244,0.45,0,0,1,2
0.561,0.247,0.45,0,0,1,2
0.561,0.25,0.45,0,0,1,2
0.561,0.253,0.45,0,0,1,2
0.561,0.256,0.45,0,0,1,2
0.561,0.259,0.45,0,0,1,2
0.564,0.1,0.45,0,0,1,2
0.564,0.103,0.45,0,0,1,2
0.564,0.106,0.45,0,0,1,2
0.564,0.109,0.45,0,0,1,2
0.564,0.112,0.45,0,0,1,2
0.564,0.115,0.45,0,0,1,2
0.564,0.118,0.45,0,0,1,2
0.564,0.121,0.45,0,0,1,2
0.564,0.124,0.45,0,0,1,2
0.564,0.127,0.45,0,0,1,2
0.564,0.13,0.45,0,0,1,2
0.564,0.133,0.45,0,0,1,2
0.564,0.136,0.45,0,0,1,2
0.564,0.139,0.45,0,0,1,2
0.564,0.142,0.45,0,0,1,2
0.564,0.145,0.45,0,0,1,2
0.564,0.148,0.45,0,0,1,2
0.564,0.151,0.45,0,0,1,2
0.564,0.154,0.45,0,0,1,2
0.564,0.157,0.45,0,0,1,2
0.564,0.16,0.45,0,0,1,2
0.564,0.163,0.45,0,0,1,2
0.564,0.166,0.45,0,0,1,2
0.564,0.169,0.45,0,0,1,2
0.564,0.172,0.45,0,0,1,2
0.564,0.175,0.45,0,0,1,2
0.564,0.178,0.45,0,0,1,2
0.564,0.181,0.45,0,0,1,2
0.564,0.184,0.45,0,0,1,2
0.564,0.187,0.45,0,0,1,2
0.564,0.19,0.45,0,0,1,2
0.564,0.193,0.45,0,0,1,2
0.564,0.196,0.45,0,0,1,2
0.564,0.199,0.45,0,0,1,2
0.564,0.202,0.45,0,0,1,2
0.564,0.205,0.45,0,0,1,2
0.564,0.208,0.45,0,0,1,2
0.564,0.211,0.45,0,0,1,2
0.564,0.214,0.45,0,0,1,2
0.564,0.217,0.45,0,0,1,2
0.564,0.22,0.45,0,0,1,2
0.564,0.223,0.45,0,0,1,2
0.564,0.226,0.45,0,0,1,2
0.564,0.229,0.45,0,0,1,2
0.564,0.232,0.45,0,0,1,2
0.564,0.235,0.45,0,0,1,2
0.564,0.238,0.45,0,0,1,2
0.564,0.241,0.45,0,0,1,2
0.564,0.244,0.45,0,0,1,2
0.564,0.247,0.45,0,0,1,2
0.564,0.25,0.45,0,0,1,2
0.564,0.253,0.45,0,0,1,2
0.564,0.256,0.45,0,0,1,2
0.564,0.259,0.45,0,0,1,2
0.567,0.1,0.45,0,0,1,2
0.567,0.103,0.45,0,0,1,2
0.567,0.106,0.45,0,0,1,2
0.567,0.109,0.45,0,0,1,2
0.567,0.112,0.45,0,0,1,2
0.567,0.115,0.45,0,0,1,2
0.567,0.118,0.45,0,0,1,2
0.567,0.121,0.45,0,0,1,2
0.567,0.124,0.45,0,0,1,2
0.567,0.127,0.45,0,0,1,2
0.567,0.13,0.45,0,0,1,2
0.567,0.133,0.45,0,0,1,2
0.567,0.136,0.45,0,0,1,2
0.567,0.139,0.45,0,0,1,2
0.567,0.142,0.45,0,0,1,2
0.567,0.145,0.45,0,0,1,2
0.567,0.148,0.45,0,0,1,2
0.567,0.151,0.45,0,0,1,2
0.567,0.154,0.45,0,0,1,2
0.567,0.157,0.45,0,0,1,2
0.567,0.16,0.45,0,0,1,2
0.567,0.163,0.45,0,0,1,2
0.567,0.166,0.45,0,0,1,2
0.567,0.169,0.45,0,0,1,2
0.567,0.172,0.45,0,0,1,2
0.567,0.175,0.45,0,0,1,2
0.567,0.178,0.45,0,0,1,2
0.567,0.181,0.45,0,0,1,2
0.567,0.184,0.45,0,0,1,2
0.567,0.187,0.45,0,0,1,2
0.567,0.19,0.45,0,0,1,2
0.567,0.193,0.45,0,0,1,2
0.567,0.196,0.45,0,0,1,2
0.567,0.199,0.45,0,0,1,2
0.567,0.202,0.45,0,0,1,2
0.567,0.205,0.45,0,0,1,2
0.567,0.208,0.45,0,0,1,2
0.567,0.211,0.45,0,0,1,2
0.567,0.214,0.45,0,0,1,2
0.567,0.217,0.45,0,0,1,2
0.567,0.22,0.45,0,0,1,2
0.567,0.223,0.45,0,0,1,2
0.567,0.226,0.45,0,0,1,2
0.567,0.229,0.45,0,0,1,2
0.567,0.232,0.45,0,0,1,2
0.567,0.235,0.45,0,0,1,2
0.567,0.238,0.45,0,0,1,2
0.567,0.241,0.45,0,0,1,2
0.567,0.244,0.45,0,0,1,2
0.567,0.247,0.45,0,0,1,2
0.567,0.25,0.45,0,0,1,2
0.567,0.253,0.45,0,0,1,2
0.567,0.256,0.45,0,0,1,2
0.567,0.259,0.45,0,0,1,2
0.57,0.1,0.45,0,0,1,2
0.57,0.103,0.45,0,0,1,2
0.57,0.106,0.45,0,0,1,2
0.57,0.109,0.45,0,0,1,2
0.57,0.112,0.45,0,0,1,2
0.57,0.115,0.45,0,0,1,2
0.57,0.118,0.45,0,0,1,2
0.57,0.121,0.45,0,0,1,2
0.57,0.124,0.45,0,0,1,2
0.57,0.127,0.45,0,0,1,2
0.57,0.13,0.45,0,0,1,2
0.57,0.133,0.45,0,0,1,2
0.57,0.136,0.45,0,0,1,2
0.57,0.139,0.45,0,0,1,2
0.57,0.142,0.45,0,0,1,2
0.57,0.145,0.45,0,0,1,2
0.57,0.148,0.45,0,0,1,2
0.57,0.151,0.45,0,0,1,2
0.57,0.154,0.45,0,0,1,2
0.57,0.157,0.45,0,0,1,2
0.57,0.16,0.45,0,0,1,2
0.57,0.163,0.45,0,0,1,2
0.57,0.166,0.45,0,0,1,2
0.57,0.169,0.45,0,0,1,2
0.57,0.172,0.45,0,0,1,2
0.57,0.175,0.45,0,0,1,2
0.57,0.178,0.45,0,0,1,2
0.57,0.181,0.45,0,0,1,2
0.57,0.184,0.45,0,0,1,2
0.57,0.187,0.45,0,0,1,2
0.57,0.19,0.45,0,0,1,2
0.57,0.193,0.45,0,0,1,2
0.57,0.196,0.45,0,0,1,2
0.57,0.199,0.45,0,0,1,2
0.57,0.202,0.45,0,0,1,2
0.57,0.205,0.45,0,0,1,2
0.57,0.208,0.45,0,0,1,2
0.57,0.211,0.45,0,0,1,2
0.57,0.214,0.45,0,0,1,2
0.57,0.217,0.45,0,0,1,2
0.57,0.22,0.45,0,0,1,2
0.57,0.223,0.45,0,0,1,2
0.57,0.226,0.45,0,0,1,2
0.57,0.229,0.45,0,0,1,2
0.57,0.232,0.45,0,0,1,2
0.57,0.235,0.45,0,0,1,2
0.57,0.238,0.45,0,0,1,2
0.57,0.241,0.45,0,0,1,2
0.57,0.244,0.45,0,0,1,2
0.57,0.247,0.45,0,0,1,2
0.57,0.25,0.45,0,0,1,2
0.57,0.253,0.45,0,0,1,2
0.57,0.256,0.45,0,0,1,2
0.57,0.259,0.45,0,0,1,2
