x,y,z,rho,p,is_boundary,kind
0.256312,0.295957,0.285256,604.855,0,0,0
0.166501,0.295406,0.286858,952.802,3168.09,0,0
0.220814,0.295406,0.286506,978.266,4695.94,0,0
0.166494,0.295447,0.286349,950.822,3049.34,0,0
0.165978,0.296063,0.285262,942.141,2528.45,0,0
0.168227,0.297,0.322634,1000.88,6052.9,0,0
0.167148,0.29521,0.377275,992.542,5552.5,0,0
0.165105,0.296183,0.414697,935.968,2158.11,0,0
0.165614,0.295364,0.414395,941.581,2494.88,0,0
0.191904,0.295615,0.414938,1072.84,10370.3,0,0
0.166851,0.295494,0.413039,957.378,3442.71,0,0
0.170034,0.296264,0.414276,978.011,4680.67,0,0
0.209349,0.296024,0.285946,1046.19,8771.13,0,0
0.227263,0.295326,0.285683,921.806,1308.35,0,0
0.238745,0.295056,0.28617,807.762,0,0,0
0.180815,0.296483,0.286094,1044.66,8679.37,0,0
0.165794,0.295058,0.2852,940.175,2410.49,0,0
0.174498,0.296283,0.319491,1049.24,8954.65,0,0
0.174012,0.29549,0.380215,1046.77,8806.13,0,0
0.165173,0.295058,0.414847,935.832,2149.91,0,0
0.175845,0.296481,0.413527,1020.71,7242.74,0,0
0.231777,0.295272,0.414906,876.344,0,0,0
0.165739,0.295655,0.413872,944.776,2686.53,0,0
0.219108,0.295585,0.414526,986.969,5218.11,0,0
0.195066,0.296794,0.286533,1080.09,10805.6,0,0
0.166252,0.295899,0.285779,946.577,2794.61,0,0
0.166942,0.296569,0.286335,954.498,3269.86,0,0
0.166073,0.295234,0.28542,943.519,2611.16,0,0
0.194073,0.295366,0.286179,1078.56,10713.3,0,0
0.173556,0.2953,0.315098,1044,8640.04,0,0
0.172044,0.295474,0.385045,1034.37,8062.24,0,0
0.187582,0.295614,0.414071,1068.9,10133.9,0,0
0.166129,0.295279,0.414294,946.394,2783.66,0,0
0.168535,0.295611,0.414491,965.489,3929.33,0,0
0.166841,0.295655,0.413792,954.451,3267.08,0,0
0.205544,0.296633,0.414693,1058.37,9502.34,0,0
0.256402,0.295233,0.285003,603.308,0,0,0
0.166801,0.296271,0.286659,954.603,3276.21,0,0
0.174214,0.296963,0.286392,1008.91,6534.53,0,0
0.23734,0.295958,0.285883,822.336,0,0,0
0.181664,0.295015,0.285053,1043.91,8634.54,0,0
0.166919,0.296723,0.307151,991.997,5519.81,0,0
0.166317,0.296724,0.392999,987.852,5271.1,0,0
0.183146,0.295014,0.413267,1057.97,9478.07,0,0
0.237717,0.296349,0.413941,817.525,0,0,0
0.174188,0.296899,0.413599,1009.9,6593.88,0,0
0.165705,0.296313,0.413353,946.447,2786.8,0,0
0.18507,0.295321,0.413761,1062.93,9775.87,0,0
0.240586,0.295321,0.285792,786.699,0,0,0
0.17624,0.296964,0.286563,1022.22,7333.28,0,0
0.166064,0.295446,0.285774,944.909,2694.55,0,0
0.17529,0.2954,0.285471,1012.13,6727.51,0,0
0.18319,0.295191,0.285484,1052.13,9127.93,0,0
0.189909,0.295498,0.312331,1112.45,12747,0,0
0.189706,0.295678,0.387237,1112.78,12766.5,0,0
0.173552,0.295232,0.413378,1006.69,6401.13,0,0
0.166119,0.295654,0.414692,944.749,2684.94,0,0
0.165636,0.295653,0.414543,941.217,2472.99,0,0
0.165837,0.296899,0.413399,947.257,2835.44,0,0
0.227867,0.295098,0.414202,915.792,947.527,0,0
0.165514,0.295445,0.286411,942.655,2559.28,0,0
0.21958,0.295372,0.285059,982.506,4950.36,0,0
0.226447,0.295238,0.286505,931.577,1894.63,0,0
0.250855,0.296864,0.28676,670.941,0,0,0
0.165282,0.296863,0.285385,936.457,2187.39,0,0
0.192131,0.295209,0.310647,1114.67,12880.1,0,0
0.189177,0.295212,0.38896,1111.97,12718,0,0
0.166897,0.296823,0.414672,951.236,3074.17,0,0
0.250617,0.296864,0.413295,672.081,0,0,0
0.166417,0.295058,0.413203,953.011,3180.67,0,0
0.166536,0.295578,0.41374,952.083,3125.01,0,0
0.166125,0.295494,0.414417,945.903,2754.2,0,0
0.187212,0.296061,0.286334,1068.88,10132.6,0,0
0.235758,0.295959,0.285022,836.745,0,0,0
0.231312,0.296665,0.285558,883.244,0,0,0
0.240128,0.295363,0.285295,790.518,0,0,0
0.169769,0.296057,0.286547,978.114,4686.82,0,0
0.184171,0.296884,0.308529,1098.28,11896.5,0,0
0.182183,0.296971,0.391429,1091.7,11502.1,0,0
0.168733,0.295611,0.413552,970.813,4248.8,0,0
0.237183,0.295444,0.414935,820.634,0,0,0
0.205202,0.29684,0.41349,1064.13,9847.73,0,0
0.166457,0.296783,0.413797,951.062,3063.74,0,0
0.178169,0.296784,0.413324,1034.71,8082.41,0,0
0.21318,0.296804,0.286214,1027.76,7665.66,0,0
0.230642,0.296907,0.286167,891.448,0,0,0
0.246599,0.296934,0.285896,718.77,0,0,0
0.198395,0.296022,0.285013,1072.42,10345.4,0,0
0.180333,0.295975,0.285976,1041.98,8518.87,0,0
0.179715,0.295119,0.311105,1080.27,10816,0,0
0.178902,0.295077,0.388652,1077.1,10626.1,0,0
0.18028,0.295612,0.414305,1041.5,8489.91,0,0
0.182023,0.296182,0.413243,1053.67,9219.98,0,0
0.230136,0.296967,0.414377,893.828,0,0,0
0.217661,0.296969,0.414886,995.599,5735.94,0,0
0.165635,0.296863,0.413229,946.159,2769.53,0,0
0.217085,0.295408,0.285059,999.819,5989.12,0,0
0.230395,0.295399,0.286233,894.161,0,0,0
0.166853,0.295444,0.285602,950.894,3053.64,0,0
0.253091,0.29532,0.28607,643.717,0,0,0
0.184486,0.29506,0.28637,1060.57,9634.06,0,0
0.176608,0.296263,0.314858,1063.47,9808.08,0,0
0.175124,0.295039,0.385301,1055.22,9313.16,0,0
0.187749,0.295058,0.414245,1068.45,10106.8,0,0
0.254869,0.295442,0.413759,621.601,0,0,0
0.167651,0.295531,0.414785,957.131,3427.84,0,0
0.229233,0.295535,0.413852,904.166,249.939,0,0
0.166819,0.296656,0.413267,956.182,3370.93,0,0
0.172976,0.2954,0.285522,997.242,5834.53,0,0
0.240196,0.296827,0.286012,791.451,0,0,0
0.166353,0.29594,0.285766,947.379,2842.75,0,0
0.244102,0.295362,0.28538,746.302,0,0,0
0.166908,0.295363,0.285572,951.218,3073.08,0,0
0.204608,0.295769,0.321124,1090.84,11450.3,0,0
0.200244,0.295861,0.379031,1105.08,12305,0,0
0.169667,0.295275,0.413637,977.724,4663.44,0,0
0.239151,0.295574,0.41306,803.976,0,0,0
0.166244,0.295652,0.414991,944.573,2674.36,0,0
0.237835,0.296868,0.414243,815.366,0,0,0
0.186978,0.295406,0.413588,1069.31,10158.5,0,0
0.25602,0.295363,0.285853,609.211,0,0,0
0.165018,0.295403,0.285411,934.38,2062.79,0,0
0.166504,0.296065,0.286088,949.926,2995.53,0,0
0.242543,0.296786,0.286484,766.332,0,0,0
0.204294,0.295327,0.285081,1061.22,9673.39,0,0
0.171219,0.295018,0.321969,1025.09,7505.21,0,0
0.169274,0.296002,0.37808,1010.87,6652.13,0,0
0.20478,0.295455,0.414926,1059.92,9594.99,0,0
0.241573,0.296571,0.413733,775.499,0,0,0
0.166978,0.296186,0.414361,953.326,3199.55,0,0
0.193968,0.295452,0.413181,1081.62,10896.9,0,0
0.255806,0.295572,0.414229,609.924,0,0,0
0.256958,0.296703,0.285914,598.364,0,0,0
0.169441,0.296739,0.286235,974.222,4453.33,0,0
0.23645,0.295322,0.285863,831.702,0,0,0
0.165946,0.295446,0.28645,946.538,2792.27,0,0
0.178667,0.29544,0.286958,1037.55,8253.26,0,0
0.22387,0.296045,0.337479,941.557,2493.44,0,0
0.224273,0.296107,0.362133,937.054,2223.24,0,0
0.175631,0.295487,0.414543,1015.26,6915.31,0,0
0.19799,0.295411,0.413185,1080.5,10830.1,0,0
0.232845,0.295446,0.414617,866.593,0,0,0
0.193216,0.296667,0.413598,1079.51,10770.5,0,0
0.256849,0.296703,0.414218,597.748,0,0,0
0.241172,0.295363,0.286497,781.815,0,0,0
0.234923,0.296749,0.28596,847.908,0,0,0
0.182703,0.296866,0.285232,1049.02,8941.2,0,0
0.199937,0.295369,0.2859,1074.16,10449.8,0,0
0.197704,0.296363,0.285709,1075.95,10556.7,0,0
0.212613,0.296636,0.338707,1037.65,8258.98,0,0
0.213962,0.296767,0.360676,1027.64,7658.52,0,0
0.197777,0.296452,0.414494,1075.43,10525.6,0,0
0.232991,0.296966,0.414217,866.118,0,0,0
0.198877,0.296874,0.414477,1074.25,10454.9,0,0
0.201504,0.295013,0.413835,1072.62,10357.1,0,0
0.242733,0.295487,0.413347,763.307,0,0,0
0.165595,0.296934,0.285578,939.937,2396.2,0,0
0.210814,0.295017,0.28517,1036.2,8172.2,0,0
0.255252,0.295362,0.286319,618.889,0,0,0
0.235097,0.296662,0.286497,847.502,0,0,0
0.210323,0.296989,0.286393,1043.13,8587.51,0,0
0.183483,0.296522,0.337763,1089.3,11358.2,0,0
0.182513,0.296441,0.361662,1085.8,11148.1,0,0
0.210524,0.296989,0.413718,1041.66,8499.71,0,0
0.232942,0.296791,0.413727,868.012,0,0,0
0.255064,0.295572,0.413782,619.299,0,0,0
0.234167,0.296831,0.41372,855.485,0,0,0
0.19607,0.296754,0.414748,1075.21,10512.5,0,0
0.207883,0.295372,0.286501,1054.41,9264.64,0,0
0.250886,0.295011,0.286007,669.282,0,0,0
0.165608,0.295365,0.286043,942.036,2522.19,0,0
0.245312,0.296785,0.286715,735.264,0,0,0
0.205037,0.295105,0.285321,1059.93,9595.79,0,0
0.165232,0.29532,0.338106,967.993,4079.56,0,0
0.165311,0.295219,0.361897,969.109,4146.54,0,0
0.19173,0.295148,0.413926,1076.87,10612,0,0
0.240026,0.296745,0.413937,792.222,0,0,0
0.226616,0.297,0.413688,928.658,1719.48,0,0
0.245434,0.29505,0.414327,730.295,0,0,0
0.170488,0.295528,0.413665,983.898,5033.86,0,0
0.238505,0.295234,0.286816,811.928,0,0,0
0.250876,0.295362,0.285079,667.67,0,0,0
0.207869,0.296877,0.286548,1054.5,9270.02,0,0
0.214934,0.296367,0.286301,1017.96,7077.79,0,0
0.165187,0.296698,0.286315,939.352,2361.1,0,0
0.177373,0.295511,0.318696,1067.03,10021.6,0,0
0.175501,0.295611,0.381215,1056.73,9403.75,0,0
0.166377,0.296656,0.413373,952.048,3122.86,0,0
0.214464,0.296282,0.413751,1020.36,7221.54,0,0
0.211161,0.296879,0.413102,1040.72,8442.99,0,0
0.246946,0.295571,0.413176,715.266,0,0,0
0.246617,0.295355,0.414289,716.83,0,0,0
0.167365,0.295442,0.285267,953.776,3226.57,0,0
0.251265,0.295362,0.285416,663.815,0,0,0
0.166236,0.295235,0.286327,948.506,2910.38,0,0
0.206615,0.296968,0.286145,1057.77,9465.93,0,0
0.200047,0.295939,0.286499,1076.42,10584.9,0,0
0.207966,0.295601,0.319055,1076.89,10613.5,0,0
0.206937,0.29579,0.380846,1081.95,10916.8,0,0
0.201161,0.295582,0.413683,1074.04,10442.5,0,0
0.203064,0.297,0.414319,1067.09,10025.2,0,0
0.166939,0.295102,0.41417,953.67,3220.22,0,0
0.25539,0.295572,0.414723,613.919,0,0,0
0.16679,0.295655,0.414233,952.282,3136.92,0,0
0.234503,0.295365,0.286288,853.194,0,0,0
0.243687,0.295995,0.286425,753.378,0,0,0
0.214031,0.295373,0.285129,1019.01,7140.67,0,0
0.166716,0.295191,0.28646,953.071,3184.26,0,0
0.19988,0.296628,0.285049,1070.65,10238.9,0,0
0.181236,0.295492,0.312056,1087.41,11244.5,0,0
0.180061,0.295671,0.387775,1082.94,10976.5,0,0
0.200668,0.296631,0.413002,1077.46,10647.3,0,0
0.166899,0.296986,0.413517,955.794,3347.65,0,0
0.18761,0.295534,0.413123,1072.8,10368.1,0,0
0.242022,0.295572,0.4139,770.137,0,0,0
0.227637,0.295405,0.41496,915.565,933.875,0,0
0.238308,0.295364,0.286999,814.494,0,0,0
0.233849,0.295057,0.286728,860.975,0,0,0
0.183954,0.296616,0.286563,1059.49,9569.67,0,0
0.238921,0.296704,0.286621,806.909,0,0,0
0.190579,0.296489,0.286717,1077.33,10639.6,0,0
0.171971,0.295868,0.310913,1033.18,7990.76,0,0
0.170331,0.295666,0.389322,1021.89,7313.61,0,0
0.188247,0.296489,0.413549,1072.56,10353.6,0,0
0.185639,0.296987,0.414676,1060.69,9641.62,0,0
0.187538,0.29683,0.413474,1071.08,10264.7,0,0
0.231334,0.297,0.413694,884.156,0,0,0
0.234895,0.295574,0.413458,848.726,0,0,0
0.165227,0.296612,0.286703,941.19,2471.4,0,0
0.254717,0.296611,0.286741,625.749,0,0,0
0.166177,0.296356,0.28675,949.649,2978.95,0,0
0.223222,0.295404,0.285269,955.193,3311.58,0,0
0.176598,0.296266,0.285596,1020.56,7233.67,0,0
0.206562,0.295507,0.316558,1084.96,11097.7,0,0
0.206102,0.295696,0.383347,1087.1,11225.8,0,0
0.181653,0.296268,0.414901,1045.12,8707.24,0,0
0.216476,0.295586,0.414073,1006.64,6398.25,0,0
0.166989,0.296527,0.41397,954.922,3295.31,0,0
0.253842,0.296658,0.413399,634.151,0,0,0
0.165172,0.296354,0.414026,939.22,2353.18,0,0
0.24538,0.296519,0.285394,731.774,0,0,0
0.217535,0.295408,0.286504,1001.9,6114.24,0,0
0.208812,0.295372,0.285809,1047.96,8877.32,0,0
0.21869,0.295061,0.286026,992.199,5531.96,0,0
0.190769,0.297,0.286371,1076.13,10567.6,0,0
0.211207,0.295547,0.30978,1064.25,9855.15,0,0
0.21139,0.295623,0.390396,1063.22,9793.43,0,0
0.191558,0.295058,0.413889,1076.79,10607.6,0,0
0.220881,0.295234,0.413507,977.139,4628.35,0,0
0.175429,0.295572,0.413087,1019.95,7197.18,0,0
0.226537,0.295537,0.414995,925.376,1522.54,0,0
0.244279,0.29648,0.414665,742.793,0,0,0
0.249238,0.296784,0.285767,688.008,0,0,0
0.165164,0.29627,0.285962,937.874,2272.44,0,0
0.242051,0.295321,0.285951,770.755,0,0,0
0.166996,0.295854,0.286792,956.753,3405.19,0,0
0.19724,0.296626,0.286122,1077.89,10673.7,0,0
0.175118,0.295487,0.309773,1054.46,9267.42,0,0
0.174158,0.295664,0.390224,1049.28,8956.88,0,0
0.196062,0.296582,0.414105,1077.98,10678.5,0,0
0.192569,0.295578,0.413676,1078.81,10728.9,0,0
0.249946,0.295312,0.413324,679.974,0,0,0
0.165754,0.296229,0.413643,945.781,2746.85,0,0
0.248853,0.296657,0.41419,691.09,0,0,0
0.227984,0.296755,0.286455,917.457,1047.41,0,0
0.16552,0.296525,0.286219,941.931,2515.84,0,0
0.234384,0.295365,0.287,850.849,0,0,0
0.256896,0.295363,0.28608,599.381,0,0,0
0.180516,0.296268,0.286847,1046.34,8780.69,0,0
0.192848,0.295107,0.325909,1110.89,12653.3,0,0
0.204505,0.295514,0.373924,1088.71,11322.6,0,0
0.183576,0.296226,0.413443,1059.04,9542.3,0,0
0.25656,0.295225,0.414013,601.449,0,0,0
0.229705,0.295491,0.413796,899.827,0,0,0
0.17874,0.296353,0.413591,1036.77,8206.19,0,0
0.235936,0.296869,0.413931,836.454,0,0,0
0.198264,0.296797,0.285751,1075.51,10530.6,0,0
0.207544,0.296024,0.285188,1050.74,9044.22,0,0
0.240354,0.295012,0.286296,790.377,0,0,0
0.241237,0.296865,0.285518,778.721,0,0,0
0.166525,0.295102,0.285119,946.076,2764.55,0,0
0.199618,0.296589,0.329081,1102.57,12154.1,0,0
0.20165,0.296671,0.371032,1097.32,11839.3,0,0
0.165434,0.295102,0.41467,938.843,2330.6,0,0
0.240612,0.29666,0.414667,783.961,0,0,0
0.238739,0.29527,0.413951,806.375,0,0,0
0.217542,0.295585,0.413135,1002.67,6160.46,0,0
0.227705,0.296538,0.413476,919.471,1168.27,0,0
0.165455,0.29644,0.286128,941.032,2461.92,0,0
0.165641,0.295059,0.286601,944.382,2662.91,0,0
0.165724,0.296783,0.286974,946.466,2787.96,0,0
0.226243,0.295326,0.285737,931.08,1864.82,0,0
0.197422,0.295368,0.285919,1077,10620.2,0,0
0.166204,0.296967,0.328431,980.616,4836.94,0,0
0.166353,0.296519,0.372291,983.167,4989.99,0,0
0.197361,0.295496,0.414418,1076.1,10565.8,0,0
0.176742,0.29561,0.414694,1021.22,7273,0,0
0.166666,0.296823,0.414912,948.315,2898.9,0,0
0.166642,0.295011,0.414232,950.906,3054.37,0,0
0.16596,0.296399,0.413914,946.471,2788.23,0,0
0.166238,0.295445,0.285557,945.528,2731.69,0,0
0.181481,0.295975,0.286795,1050.56,9033.79,0,0
0.227727,0.295326,0.286875,921.075,1264.49,0,0
0.238861,0.296703,0.28515,803.92,0,0,0
0.185752,0.296313,0.285414,1060.82,9648.96,0,0
0.166683,0.295394,0.333413,982.96,4977.6,0,0
0.166992,0.295312,0.367332,986.54,5192.38,0,0
0.1929,0.29658,0.413176,1080.98,10858.9,0,0
0.242017,0.296659,0.414577,768.53,0,0,0
0.214686,0.295544,0.414197,1017.43,7046.03,0,0
0.166349,0.295655,0.413075,953.021,3181.24,0,0
0.166565,0.295619,0.413652,952.67,3160.18,0,0
0.16611,0.296963,0.286212,946.858,2811.5,0,0
0.24955,0.296963,0.285379,683.564,0,0,0
0.240709,0.296522,0.286819,787.669,0,0,0
0.166534,0.296863,0.286715,952.423,3145.4,0,0
0.17814,0.295101,0.28621,1031.68,7901.03,0,0
0.221038,0.296131,0.335514,970.336,4220.14,0,0
0.221298,0.296302,0.364146,967.499,4049.96,0,0
0.177586,0.295058,0.413478,1030.92,7855.31,0,0
0.165788,0.296699,0.414722,941.688,2501.25,0,0
0.245589,0.296613,0.414733,727.654,0,0,0
0.246996,0.296901,0.414953,710.911,0,0,0
0.165972,0.295148,0.413606,947.711,2862.66,0,0
0.215627,0.29668,0.286956,1015.8,6948,0,0
0.247096,0.295954,0.285043,711.358,0,0,0
0.171721,0.2954,0.286636,992.935,5576.12,0,0
0.165822,0.29532,0.285099,940.064,2403.86,0,0
0.184262,0.295191,0.285674,1056.93,9415.74,0,0
0.166397,0.295459,0.32312,984.959,5097.54,0,0
0.166162,0.295552,0.376916,983.741,5024.45,0,0
0.184718,0.295191,0.414816,1057.23,9433.73,0,0
0.165277,0.295407,0.413741,941.239,2474.36,0,0
0.248292,0.29505,0.414427,697.1,0,0,0
0.249121,0.29557,0.414868,686.649,0,0,0
0.218386,0.29688,0.41461,991.631,5497.87,0,0
0.165983,0.296698,0.286928,948.56,2913.62,0,0
0.186514,0.295441,0.286999,1069.57,10174.1,0,0
0.24114,0.295956,0.285243,779.263,0,0,0
0.16573,0.2969,0.286014,942.846,2570.78,0,0
0.176101,0.296654,0.288741,1029.52,7770.91,0,0
0.212943,0.295138,0.3324,1038.46,8307.39,0,0
0.212677,0.29568,0.368269,1040.77,8446.08,0,0
0.178415,0.296612,0.41178,1041.88,8512.65,0,0
0.165215,0.296741,0.414561,937.371,2242.29,0,0
0.252636,0.295571,0.413723,647.811,0,0,0
0.190188,0.295578,0.413093,1078.18,10690.8,0,0
0.165904,0.296526,0.41313,948.947,2936.79,0,0
0.23352,0.295365,0.285087,859.906,0,0,0
0.201595,0.296875,0.285949,1071.28,10277,0,0
0.220049,0.295105,0.285368,980.11,4806.62,0,0
0.174502,0.295439,0.28645,1011.18,6670.61,0,0
0.194907,0.296021,0.287243,1082.96,10977.9,0,0
0.166288,0.296777,0.323472,983.702,5022.1,0,0
0.165652,0.29698,0.377085,978.996,4739.77,0,0
0.198596,0.296276,0.412495,1082.45,10946.9,0,0
0.165328,0.29565,0.413,936.653,2199.19,0,0
0.166757,0.295279,0.413578,954.516,3270.95,0,0
0.166687,0.296862,0.41434,950.825,3049.48,0,0
0.233587,0.295574,0.414862,858.381,0,0,0
0.240965,0.295956,0.285898,782.798,0,0,0
0.166648,0.295407,0.286619,953.149,3188.95,0,0
0.249632,0.2969,0.286366,684.527,0,0,0
0.23096,0.295366,0.285251,885.799,0,0,0
0.181361,0.295189,0.290338,1062.25,9734.99,0,0
0.206974,0.295171,0.31944,1081.4,10883.9,0,0
0.205629,0.295791,0.380475,1087.63,11257.9,0,0
0.176887,0.295232,0.409103,1042.05,8522.8,0,0
0.184937,0.295614,0.414581,1059.08,9544.77,0,0
0.246832,0.296901,0.41358,715.693,0,0,0
0.209711,0.295281,0.413197,1047.53,8851.87,0,0
0.228338,0.295577,0.414167,911.642,698.544,0,0
0.251491,0.295994,0.286822,663.732,0,0,0
0.209366,0.295409,0.286806,1049.2,8951.79,0,0
0.198041,0.295407,0.286411,1078.49,10709.2,0,0
0.189286,0.295476,0.286874,1075.73,10543.7,0,0
0.210961,0.296721,0.285781,1037.87,8272.14,0,0
0.194084,0.295649,0.320427,1113.06,12783.8,0,0
0.193561,0.295795,0.379281,1113.45,12807.2,0,0
0.210867,0.296635,0.414212,1038.27,8296.21,0,0
0.194529,0.295617,0.413022,1082.42,10945.2,0,0
0.212228,0.295585,0.414014,1032.09,7925.42,0,0
0.217543,0.295586,0.413737,1000.68,6040.66,0,0
0.254561,0.295845,0.413079,626.275,0,0,0
0.231643,0.296438,0.286176,881.803,0,0,0
0.208115,0.296454,0.28644,1053.24,9194.2,0,0
0.224437,0.295369,0.286199,948.134,2888.05,0,0
0.19524,0.296834,0.286026,1078.05,10683.2,0,0
0.172535,0.296222,0.286349,997.606,5856.36,0,0
0.208067,0.296733,0.311675,1080.08,10804.8,0,0
0.208681,0.296773,0.38839,1077.1,10625.9,0,0
0.169393,0.296179,0.414563,971.922,4315.35,0,0
0.214662,0.29668,0.413949,1018.38,7102.53,0,0
0.210007,0.296324,0.414743,1040.41,8424.83,0,0
0.184549,0.296704,0.414715,1057.07,9424.1,0,0
0.234336,0.296531,0.413243,855.031,0,0,0
0.166219,0.295446,0.285721,946.028,2761.66,0,0
0.19694,0.295237,0.285422,1075.19,10511.6,0,0
0.175683,0.296056,0.285812,1016.02,6961.14,0,0
0.256918,0.296703,0.285393,597.989,0,0,0
0.182528,0.295362,0.286034,1051.87,9112.01,0,0
0.17138,0.295243,0.307855,1028.22,7693.16,0,0
0.170522,0.295203,0.392275,1022.79,7367.17,0,0
0.175271,0.295403,0.413526,1017.22,7033.37,0,0
0.256592,0.296703,0.414617,600.076,0,0,0
0.171241,0.296179,0.413931,988.408,5304.48,0,0
0.165202,0.295277,0.414293,938.393,2303.57,0,0
0.166552,0.295619,0.41407,950.928,3055.67,0,0
0.23617,0.295364,0.286702,836.779,0,0,0
0.166723,0.295444,0.285431,949.112,2946.74,0,0
0.166174,0.295445,0.286964,950.413,3024.75,0,0
0.231078,0.296939,0.285236,884.477,0,0,0
0.207138,0.295017,0.286064,1055.59,9335.28,0,0
0.209619,0.296249,0.316856,1069.5,10169.8,0,0
0.208538,0.296253,0.382971,1075.21,10512.6,0,0
0.207312,0.295059,0.413911,1055.07,9304.03,0,0
0.244148,0.296935,0.414804,743.847,0,0,0
0.165464,0.295616,0.413111,945.273,2716.41,0,0
0.199741,0.295581,0.414439,1073.43,10405.9,0,0
0.24557,0.295571,0.414088,729.35,0,0,0
0.224425,0.295971,0.286317,948.658,2919.46,0,0
0.251707,0.295954,0.285795,659.425,0,0,0
0.256678,0.296476,0.285471,600.934,0,0,0
0.165797,0.295981,0.286354,944.92,2695.18,0,0
0.169165,0.29544,0.285891,970.793,4247.57,0,0
0.209654,0.296958,0.309386,1072.78,10366.8,0,0
0.20636,0.296992,0.390397,1088.55,11312.8,0,0
0.167072,0.295617,0.413694,956.761,3405.67,0,0
0.16688,0.295656,0.413419,956.216,3372.99,0,0
0.255977,0.296527,0.414631,607.219,0,0,0
0.251415,0.295571,0.414288,661.093,0,0,0
0.166193,0.296699,0.413898,948.452,2907.09,0,0
0.166567,0.296863,0.286875,953.295,3197.72,0,0
0.223121,0.296448,0.286903,961.223,3673.35,0,0
0.22956,0.29528,0.286047,901.594,95.6433,0,0
0.165916,0.296187,0.286906,948.014,2880.83,0,0
0.166841,0.296655,0.285309,949.536,2972.18,0,0
0.208162,0.296009,0.313726,1078.85,10731.3,0,0
0.20735,0.295786,0.386253,1082.85,10971,0,0
0.165552,0.296526,0.414208,941.77,2506.2,0,0
0.166079,0.296228,0.414612,944.732,2683.93,0,0
0.233519,0.295316,0.413152,863.691,0,0,0
0.214283,0.29646,0.414912,1017.12,7027.12,0,0
0.168211,0.297,0.414595,962.32,3739.17,0,0
0.166265,0.295443,0.28506,943.714,2622.81,0,0
0.166421,0.296963,0.286139,949.225,2953.49,0,0
0.178348,0.295362,0.286908,1035.66,8139.52,0,0
0.218365,0.296842,0.286477,995.967,5758.04,0,0
0.179549,0.295145,0.285836,1037.47,8248.02,0,0
0.209597,0.296732,0.329235,1061.66,9699.35,0,0
0.199485,0.296281,0.369375,1102.51,12150.8,0,0
0.180023,0.295189,0.414486,1039.41,8364.8,0,0
0.191601,0.296871,0.414482,1074.31,10458.3,0,0
0.20369,0.295618,0.41484,1063.46,9807.65,0,0
0.166247,0.296863,0.414233,947.539,2852.33,0,0
0.251546,0.296964,0.41358,660.691,0,0,0
0.225346,0.296758,0.286874,942.274,2536.45,0,0
0.166925,0.296863,0.285692,951.729,3103.77,0,0
0.16515,0.295444,0.28643,939.539,2372.37,0,0
0.205643,0.29537,0.285874,1060.27,9615.94,0,0
0.198057,0.295939,0.286566,1079.13,10747.6,0,0
0.165084,0.29584,0.331666,969.133,4147.95,0,0
0.166496,0.295934,0.368483,982.731,4963.87,0,0
0.200475,0.29554,0.41347,1076.12,10567.4,0,0
0.215034,0.2955,0.414792,1013.11,6786.34,0,0
0.165844,0.295617,0.413188,948.274,2896.44,0,0
0.166306,0.295147,0.41314,952.324,3139.43,0,0
0.244462,0.296658,0.413883,742.425,0,0,0
0.25097,0.295362,0.286698,669.581,0,0,0
0.166947,0.296399,0.286328,954.546,3272.78,0,0
0.245016,0.296901,0.285267,735.548,0,0,0
0.22539,0.29631,0.285773,938.674,2320.41,0,0
0.213214,0.295151,0.288477,1034.94,8096.28,0,0
0.166998,0.295066,0.328517,987.716,5262.99,0,0
0.166294,0.296515,0.372913,982.939,4976.33,0,0
0.213135,0.295103,0.411554,1035.08,8105.02,0,0
0.166366,0.29644,0.414794,946.38,2782.82,0,0
0.249432,0.296783,0.414288,684.122,0,0,0
0.235831,0.295573,0.414033,837.431,0,0,0
0.24782,0.295571,0.413295,704.88,0,0,0
0.165041,0.296354,0.286059,937.157,2229.42,0,0
0.172299,0.296014,0.286735,997.485,5849.12,0,0
0.173236,0.295015,0.286955,1004.66,6279.76,0,0
0.246832,0.295362,0.286455,717.311,0,0,0
0.205527,0.296022,0.290937,1076.79,10607.3,0,0
0.166103,0.295369,0.340086,975.479,4528.76,0,0
0.166679,0.295318,0.362083,981.709,4902.55,0,0
0.20708,0.295582,0.409444,1070.2,10212.1,0,0
0.245148,0.295571,0.41371,734.993,0,0,0
0.166705,0.296986,0.413586,953.905,3234.32,0,0
0.1663,0.296228,0.414685,946.304,2778.23,0,0
0.166977,0.296485,0.413256,957.588,3455.25,0,0
0.255778,0.295189,0.285373,611.194,0,0,0
0.246101,0.296427,0.28604,724.912,0,0,0
0.255235,0.295189,0.28591,618.409,0,0,0
0.191281,0.296577,0.285611,1073.77,10426.3,0,0
0.176454,0.295317,0.292889,1043.8,8627.91,0,0
0.218577,0.295042,0.334506,993.015,5580.93,0,0
0.218995,0.29521,0.365359,989.216,5352.94,0,0
0.178631,0.295318,0.407244,1056.71,9402.31,0,0
0.225227,0.295538,0.413406,941.899,2513.93,0,0
0.255721,0.295139,0.414359,610.635,0,0,0
0.24897,0.296344,0.413726,690.67,0,0,0
0.244462,0.295313,0.413363,743.534,0,0,0
0.219194,0.29533,0.285904,988.27,5296.22,0,0
0.253087,0.295362,0.286822,644.993,0,0,0
0.202579,0.296674,0.285736,1068.34,10100.2,0,0
0.217255,0.295373,0.285625,1000.76,6045.36,0,0
0.179588,0.296937,0.29612,1067.68,10060.8,0,0
0.172944,0.296941,0.340888,1031.1,7866.29,0,0
0.16559,0.295377,0.358496,970.712,4242.73,0,0
0.185243,0.29687,0.404595,1090.31,11418.8,0,0
0.220438,0.295542,0.413965,979.085,4745.1,0,0
0.183827,0.296703,0.414937,1053.53,9211.89,0,0
0.251917,0.295529,0.414979,653.894,0,0,0
0.165188,0.295321,0.413274,942.208,2532.45,0,0
0.22434,0.296838,0.285631,947.034,2822.05,0,0
0.248784,0.295276,0.285118,691.996,0,0,0
0.212987,0.296024,0.285338,1025.75,7545.22,0,0
0.165442,0.2969,0.286086,940.63,2437.81,0,0
0.185672,0.296019,0.297565,1094.69,11681.2,0,0
0.169779,0.296608,0.333588,1009.18,6550.9,0,0
0.167687,0.296609,0.366538,992.26,5535.62,0,0
0.187106,0.295615,0.402564,1099.25,11955.2,0,0
0.166799,0.296823,0.41309,956.625,3397.51,0,0
0.165157,0.296184,0.414229,938.306,2298.35,0,0
0.256099,0.295139,0.414908,605.294,0,0,0
0.222884,0.296911,0.414796,956.953,3417.15,0,0
0.245733,0.295954,0.285524,728.082,0,0,0
0.187463,0.295234,0.286534,1070.24,10214.6,0,0
0.245605,0.295362,0.285486,729.423,0,0,0
0.184345,0.295015,0.285406,1056.01,9360.45,0,0
0.16586,0.295439,0.295269,970.519,4231.15,0,0
0.165708,0.29651,0.335087,973.439,4406.34,0,0
0.16629,0.296506,0.36516,979.348,4760.9,0,0
0.165779,0.29557,0.404584,971.354,4281.25,0,0
0.182469,0.297,0.414402,1050.58,9034.63,0,0
0.249419,0.295398,0.414068,684.78,0,0,0
0.179983,0.295233,0.413299,1044.13,8648.01,0,0
0.243776,0.295571,0.414407,749.146,0,0,0
0.183912,0.296356,0.285711,1055.88,9353.01,0,0
0.242111,0.295189,0.285306,768.52,0,0,0
0.166226,0.296934,0.28682,950.168,3010.1,0,0
0.166938,0.296698,0.286644,955.603,3336.16,0,0
0.211998,0.296032,0.29862,1059.14,9548.2,0,0
0.21006,0.295461,0.314726,1068.29,10097.6,0,0
0.208377,0.295562,0.385024,1077.18,10630.9,0,0
0.212286,0.296248,0.401404,1057.36,9441.36,0,0
0.166933,0.296741,0.413431,956.488,3389.25,0,0
0.223011,0.29684,0.414342,957.478,3448.69,0,0
0.236505,0.29514,0.413188,832.296,0,0,0
0.177192,0.296482,0.413992,1026.7,7601.89,0,0
0.243122,0.296786,0.285807,758.299,0,0,0
0.187443,0.295364,0.285438,1065.66,9939.38,0,0
0.165292,0.295444,0.285533,937.277,2236.61,0,0
0.183455,0.296659,0.286931,1059.08,9544.97,0,0
0.205058,0.297,0.290641,1077.43,10645.9,0,0
0.18141,0.296975,0.335476,1081.45,10887,0,0
0.179682,0.296918,0.364636,1073.85,10431.3,0,0
0.206098,0.295058,0.409748,1073,10380,0,0
0.184205,0.296573,0.413377,1061.52,9690.94,0,0
0.17263,0.295487,0.413962,998.137,5888.24,0,0
0.193186,0.295408,0.414267,1076.81,10608.8,0,0
0.240168,0.296703,0.414506,789.268,0,0,0
0.167897,0.295402,0.285923,960.797,3647.84,0,0
0.166993,0.295016,0.285805,952.764,3165.82,0,0
0.237146,0.295278,0.285805,824.142,0,0,0
0.193463,0.296907,0.286737,1080.33,10819.6,0,0
0.193593,0.295935,0.294589,1103.07,12184.3,0,0
0.165858,0.295501,0.31524,982.941,4976.45,0,0
0.165249,0.295682,0.38426,978.355,4701.29,0,0
0.19249,0.295615,0.405179,1103.48,12209.1,0,0
0.165952,0.297,0.414198,945.174,2710.47,0,0
0.241094,0.295313,0.413534,781.322,0,0,0
0.166797,0.296963,0.413308,955.747,3344.85,0,0
0.166683,0.295536,0.414088,951.948,3116.89,0,0
0.166654,0.295937,0.285157,947.44,2846.4,0,0
0.247871,0.295362,0.285324,703.006,0,0,0
0.165149,0.296227,0.286475,939.718,2383.11,0,0
0.215008,0.295373,0.286091,1016.76,7005.79,0,0
0.172584,0.296653,0.285936,996.192,5771.53,0,0
0.210821,0.295466,0.306907,1067.31,10038.8,0,0
0.211226,0.295525,0.393343,1065.05,9902.82,0,0
0.172536,0.29661,0.414209,996.405,5784.28,0,0
0.165739,0.295408,0.413915,944.57,2674.2,0,0
0.166426,0.295656,0.413542,951.923,3115.39,0,0
0.244426,0.295572,0.413003,744.689,0,0,0
0.208869,0.295543,0.414742,1045.55,8732.8,0,0
0.235906,0.296434,0.286388,838.803,0,0,0
0.246633,0.296656,0.286995,720.586,0,0,0
0.251182,0.295362,0.28608,666.035,0,0,0
0.227749,0.29694,0.286795,920.518,1231.09,0,0
0.179051,0.295439,0.286596,1038.13,8287.65,0,0
0.199156,0.296992,0.314498,1109.39,12563.6,0,0
0.201049,0.296978,0.385706,1105.5,12329.7,0,0
0.178202,0.295572,0.413298,1035.12,8107.07,0,0
0.205329,0.295236,0.413583,1063.46,9807.48,0,0
0.246161,0.295486,0.414555,721.527,0,0,0
0.250535,0.296389,0.414663,670.616,0,0,0
0.238299,0.296661,0.413294,812.702,0,0,0
0.195814,0.296625,0.285407,1075.5,10529.9,0,0
0.243359,0.297,0.286552,757.229,0,0,0
0.16591,0.295059,0.286849,947.626,2857.56,0,0
0.166809,0.295446,0.286321,953.371,3202.24,0,0
0.177372,0.296567,0.286793,1029.82,7789.21,0,0
0.178818,0.29697,0.306176,1074.5,10469.9,0,0
0.178299,0.296803,0.393685,1072.87,10372.5,0,0
0.181132,0.296528,0.413574,1048.4,8903.98,0,0
0.166978,0.295653,0.413577,956.426,3385.56,0,0
0.211939,0.296989,0.414695,1030.85,7850.88,0,0
0.242189,0.295006,0.413586,768.835,0,0,0
0.207191,0.296633,0.41364,1056.59,9395.32,0,0
0.166996,0.297,0.285659,952.184,3131.05,0,0
0.165557,0.295445,0.286799,944.481,2668.84,0,0
0.166157,0.295446,0.286768,949.543,2972.58,0,0
0.166955,0.295938,0.285155,949.957,2997.41,0,0
0.166368,0.29644,0.285447,946.166,2769.98,0,0
0.170992,0.296329,0.307227,1025.16,7509.68,0,0
0.16941,0.296372,0.392972,1013.91,6834.84,0,0
0.171862,0.296393,0.4131,996.125,5767.51,0,0
0.186481,0.295613,0.413338,1068.98,10139.1,0,0
0.165364,0.295321,0.414205,940.168,2410.07,0,0
0.165603,0.295617,0.413299,945.783,2746.98,0,0
0.174871,0.296963,0.414254,1011.58,6694.74,0,0
0.214266,0.296944,0.285595,1019.25,7155.09,0,0
0.194551,0.296022,0.286434,1079.79,10787.2,0,0
0.170514,0.295359,0.286639,984.076,5044.58,0,0
0.249387,0.295362,0.28676,688.186,0,0,0
0.198381,0.295281,0.286369,1077.97,10678.1,0,0
0.165685,0.295495,0.312872,981.773,4906.36,0,0
0.166696,0.295674,0.386779,991.813,5508.8,0,0
0.198364,0.295281,0.413794,1077.73,10663.7,0,0
0.246284,0.295571,0.413426,722.456,0,0,0
0.194209,0.295408,0.414563,1076.06,10563.7,0,0
0.193384,0.295616,0.413694,1079.33,10759.8,0,0
0.237464,0.296937,0.413452,821.307,0,0,0
0.233693,0.295235,0.286011,860.75,0,0,0
0.254745,0.295362,0.285259,623.022,0,0,0
0.242187,0.295363,0.285289,767.665,0,0,0
0.254937,0.295362,0.28585,621.813,0,0,0
0.165321,0.296964,0.289507,951.407,3084.42,0,0
0.170911,0.296984,0.330622,1019.13,7147.76,0,0
0.166861,0.29695,0.369886,986.385,5183.11,0,0
0.166632,0.295013,0.410332,964.565,3873.89,0,0
0.255906,0.295572,0.413945,609.219,0,0,0
0.236022,0.295574,0.41334,837.163,0,0,0
0.253874,0.295529,0.414648,631.716,0,0,0
0.166735,0.295493,0.413256,955.595,3335.67,0,0
0.242925,0.295955,0.285717,760.438,0,0,0
0.255864,0.2951,0.2861,611.363,0,0,0
0.24964,0.297,0.286633,684.927,0,0,0
0.165501,0.295444,0.285309,938.184,2291.04,0,0
0.176765,0.296784,0.292548,1044.69,8681.16,0,0
0.219951,0.295473,0.343836,976.49,4589.4,0,0
0.22025,0.295682,0.355379,973.496,4409.75,0,0
0.176284,0.296785,0.407125,1043.74,8624.21,0,0
0.165566,0.295652,0.414671,940.093,2405.55,0,0
0.238837,0.295095,0.414551,803.746,0,0,0
0.256005,0.295139,0.413755,608.299,0,0,0
0.236759,0.296217,0.413031,830.037,0,0,0
0.165008,0.297,0.28672,939.254,2355.23,0,0
0.212735,0.295409,0.285745,1028.62,7717.48,0,0
0.201296,0.296024,0.285384,1069.76,10185.8,0,0
0.182571,0.296059,0.286326,1053.3,9197.8,0,0
0.176806,0.295438,0.295096,1050.84,9050.31,0,0
0.226397,0.296645,0.341554,912.902,774.13,0,0
0.226576,0.296706,0.357874,910.578,634.669,0,0
0.177408,0.29561,0.404911,1055.36,9321.69,0,0
0.180501,0.295612,0.413527,1045.76,8745.76,0,0
0.172265,0.296222,0.413833,996.125,5767.51,0,0
0.213325,0.295585,0.414143,1025.59,7535.36,0,0
0.211636,0.295104,0.413997,1035.16,8109.62,0,0
0.165977,0.29627,0.285033,941.16,2469.59,0,0
0.206735,0.295371,0.285415,1054.65,9278.91,0,0
0.232188,0.295366,0.286468,877.186,0,0,0
0.165027,0.295234,0.286015,936.82,2209.17,0,0
0.21245,0.29541,0.294824,1052.67,9160.11,0,0
0.202292,0.296986,0.326663,1096.08,11764.8,0,0
0.196738,0.296098,0.373984,1109.33,12559.6,0,0
0.209057,0.295585,0.404909,1070.56,10233.8,0,0
0.165985,0.295191,0.414098,945.922,2755.33,0,0
0.22228,0.29554,0.413792,965.324,3919.46,0,0
0.218964,0.295499,0.414827,986.908,5214.47,0,0
0.166863,0.296186,0.413256,956.688,3401.29,0,0
0.165446,0.296482,0.28662,942.822,2569.33,0,0
0.220212,0.296497,0.285851,980.627,4837.62,0,0
0.253436,0.295191,0.286952,641.065,0,0,0
0.165067,0.295103,0.286082,937.399,2243.94,0,0
0.199624,0.295327,0.298837,1105.31,12318.9,0,0
0.191446,0.295429,0.345894,1105.22,12313.3,0,0
0.195818,0.29553,0.354674,1104.62,12277.3,0,0
0.190658,0.295326,0.399965,1109.23,12553.8,0,0
0.165616,0.295103,0.413152,946.338,2780.3,0,0
0.2525,0.29527,0.413025,650.498,0,0,0
0.166675,0.296698,0.414959,948.23,2893.8,0,0
0.165273,0.29644,0.413227,943.129,2587.75,0,0
0.218665,0.29602,0.285951,992.261,5535.65,0,0
0.249709,0.295994,0.285065,681.227,0,0,0
0.255002,0.296902,0.285722,620.748,0,0,0
0.171721,0.295013,0.28639,991.873,5512.4,0,0
0.1799,0.295405,0.302057,1077.37,10641.9,0,0
0.190223,0.296493,0.336164,1105.8,12348,0,0
0.189528,0.295823,0.363913,1105.29,12317.5,0,0
0.181199,0.295453,0.397847,1084.43,11066,0,0
0.166256,0.295058,0.413368,951.017,3061.01,0,0
0.254566,0.295006,0.414219,624.312,0,0,0
0.249222,0.295572,0.413035,688.97,0,0,0
0.166236,0.295656,0.414187,947.79,2867.39,0,0
0.165966,0.295365,0.286089,945.305,2718.28,0,0
0.249267,0.295362,0.2856,687.42,0,0,0
0.179217,0.295188,0.285163,1032.92,7975.38,0,0
0.184261,0.296703,0.286709,1061.15,9669.11,0,0
0.165663,0.296967,0.298696,974.141,4448.44,0,0
0.183636,0.296921,0.341117,1089.01,11340.7,0,0
0.170913,0.297,0.358648,1016.11,6966.89,0,0
0.1656,0.296967,0.401188,974.981,4498.88,0,0
0.182168,0.296745,0.413501,1053.11,9186.62,0,0
0.205656,0.295236,0.414202,1059.99,9599.33,0,0
0.253502,0.295571,0.413986,637.232,0,0,0
0.166458,0.295452,0.413971,950.504,3030.26,0,0
0.189332,0.296358,0.285682,1070.96,10257.4,0,0
0.196737,0.295407,0.285214,1074.45,10466.7,0,0
0.253386,0.295955,0.285863,639.96,0,0,0
0.16693,0.29623,0.286086,953.486,3209.14,0,0
0.192731,0.29697,0.301818,1111.91,12714.7,0,0
0.176099,0.295336,0.31239,1060.63,9637.95,0,0
0.174867,0.295255,0.387695,1053.91,9234.73,0,0
0.193016,0.296944,0.398134,1112.71,12762.5,0,0
0.166476,0.296356,0.41421,949.7,2981.98,0,0
0.254364,0.295571,0.414151,626.879,0,0,0
0.220068,0.295584,0.413649,982.916,4974.96,0,0
0.223727,0.296229,0.413866,953.269,3196.12,0,0
0.166994,0.296698,0.285139,950.086,3005.17,0,0
0.225162,0.295369,0.285469,939.634,2378.02,0,0
0.166281,0.295982,0.286244,948.643,2918.59,0,0
0.16574,0.296355,0.285097,939.375,2362.52,0,0
0.208801,0.295328,0.292877,1068.01,10080.3,0,0
0.165104,0.295101,0.335575,967.599,4055.95,0,0
0.181628,0.295806,0.363144,1082.63,10957.5,0,0
0.208441,0.295281,0.407297,1069.28,10156.6,0,0
0.165623,0.296142,0.413002,947.048,2822.91,0,0
0.200481,0.295618,0.413231,1077.03,10621.9,0,0
0.22695,0.295537,0.413977,924.927,1495.64,0,0
0.209258,0.296369,0.413546,1048.38,8902.95,0,0
0.192211,0.296062,0.285254,1073.41,10404.3,0,0
0.174951,0.296479,0.285732,1011.09,6665.18,0,0
0.254543,0.295364,0.286987,628.179,0,0,0
0.180811,0.295402,0.285033,1040.12,8406.91,0,0
0.210763,0.296846,0.295015,1061.92,9714.94,0,0
0.177226,0.29559,0.320612,1065.63,9938.02,0,0
0.171648,0.295727,0.380479,1030.22,7813.18,0,0
0.211567,0.296808,0.405236,1057.25,9434.95,0,0
0.166089,0.295656,0.413517,949.148,2948.88,0,0
0.253246,0.295572,0.413092,641.672,0,0,0
0.197661,0.296233,0.414826,1074.15,10449,0,0
0.182432,0.295613,0.414572,1049.85,8990.98,0,0
0.24144,0.295363,0.28664,779.131,0,0,0
0.253577,0.29532,0.285157,636.405,0,0,0
0.247988,0.295362,0.285801,702.651,0,0,0
0.165459,0.29519,0.28675,943.391,2603.48,0,0
0.204797,0.295283,0.286816,1066.51,9990.61,0,0
0.2085,0.295343,0.305818,1079.47,10767.9,0,0
0.21116,0.295343,0.394905,1065.59,9935.24,0,0
0.204516,0.295281,0.413246,1067.28,10036.9,0,0
0.166445,0.295279,0.41426,949.213,2952.77,0,0
0.235043,0.295489,0.413776,846.361,0,0,0
0.253479,0.295138,0.414964,635.661,0,0,0
0.243348,0.295571,0.41314,756.741,0,0,0
0.212889,0.29533,0.285013,1024.97,7498.04,0,0
0.200873,0.295326,0.28682,1076.17,10570.3,0,0
0.166937,0.296356,0.285293,950.337,3020.24,0,0
0.194247,0.295323,0.286774,1080.97,10858.1,0,0
0.17538,0.29661,0.286823,1018.14,7088.18,0,0
0.199009,0.295475,0.313373,1110.2,12611.8,0,0
0.198211,0.295489,0.386452,1111.89,12713.4,0,0
0.17525,0.296567,0.413146,1018.55,7112.71,0,0
0.166764,0.295492,0.41477,949.856,2991.37,0,0
0.168454,0.296224,0.413563,968.541,4112.47,0,0
0.25373,0.296864,0.413237,635.668,0,0,0
0.234578,0.29514,0.414369,849.53,0,0,0
0.21637,0.295196,0.285323,1005.41,6324.77,0,0
0.235239,0.296749,0.285025,842.029,0,0,0
0.16698,0.295102,0.286718,956.242,3374.51,0,0
0.166733,0.295191,0.286975,955.151,3309.03,0,0
0.202954,0.29537,0.286179,1069.25,10155.2,0,0
0.166148,0.296969,0.303106,983.008,4980.49,0,0
0.16674,0.296968,0.397378,989.003,5340.2,0,0
0.200675,0.295582,0.41392,1074.02,10441,0,0
0.181606,0.297,0.413378,1051.18,9070.99,0,0
0.166957,0.295057,0.413389,956.855,3411.32,0,0
0.228548,0.296625,0.414319,909.152,549.141,0,0
0.219374,0.295146,0.41397,986.876,5212.56,0,0
0.211645,0.296989,0.28641,1036.64,8198.39,0,0
0.187964,0.29679,0.285933,1068.94,10136.5,0,0
0.219011,0.296879,0.285363,987.563,5253.81,0,0
0.165028,0.29506,0.286736,939.519,2371.13,0,0
0.193336,0.295366,0.285852,1076.83,10609.9,0,0
0.175813,0.295446,0.305622,1057.45,9447.26,0,0
0.175594,0.295456,0.394231,1057.22,9433.39,0,0
0.195804,0.295537,0.414064,1078.28,10696.6,0,0
0.166565,0.295057,0.413237,954.135,3248.12,0,0
0.219542,0.296879,0.414456,983.908,5034.46,0,0
0.178649,0.296785,0.414075,1034.19,8051.65,0,0
0.220764,0.296969,0.414103,975.962,4557.73,0,0
0.201656,0.295019,0.28697,1075.11,10506.4,0,0
0.231445,0.295962,0.28582,882.8,0,0,0
0.254854,0.296474,0.285359,621.921,0,0,0
0.213077,0.296635,0.285077,1024.14,7448.64,0,0
0.168308,0.295144,0.285135,960.821,3649.23,0,0
0.174278,0.295918,0.313693,1049.12,8947.11,0,0
0.172977,0.295673,0.386426,1041.26,8475.48,0,0
0.169563,0.295145,0.41334,978.037,4682.23,0,0
0.186487,0.29683,0.413026,1070.07,10204.2,0,0
0.254007,0.296742,0.414652,630.085,0,0,0
0.227349,0.296403,0.414859,918.516,1110.93,0,0
0.166197,0.295058,0.413665,949.381,2962.86,0,0
0.197374,0.295017,0.286918,1080.86,10851.8,0,0
0.244506,0.29661,0.286016,743.099,0,0,0
0.254743,0.296383,0.286093,624.48,0,0,0
0.24369,0.296964,0.285349,750.777,0,0,0
0.165789,0.295399,0.291053,960.154,3609.21,0,0
0.173551,0.296349,0.337112,1036.52,8191.47,0,0
0.174505,0.295798,0.363217,1043.57,8614.05,0,0
0.167454,0.295568,0.408909,975.748,4544.9,0,0
0.250277,0.296963,0.414003,674.775,0,0,0
0.25587,0.296437,0.413716,609.974,0,0,0
0.244097,0.296658,0.414099,746.114,0,0,0
0.201327,0.297,0.413002,1076.13,10567.7,0,0
0.248061,0.295189,0.285666,701.492,0,0,0
0.248254,0.296784,0.2869,701.568,0,0,0
0.226795,0.29667,0.286911,929.601,1776.06,0,0
0.174903,0.295361,0.286936,1015.62,6937.42,0,0
0.166138,0.296614,0.294613,971.599,4295.93,0,0
0.166048,0.295427,0.347837,973.774,4426.47,0,0
0.166468,0.295426,0.35387,977.859,4671.51,0,0
0.165775,0.296659,0.405312,969.81,4188.58,0,0
0.171586,0.295528,0.414763,987.445,5246.73,0,0
0.225144,0.296876,0.413629,941.808,2508.47,0,0
0.251433,0.296613,0.414864,659.714,0,0,0
0.248241,0.295312,0.414282,698.048,0,0,0
0.201007,0.296066,0.286112,1073.26,10395.9,0,0
0.165068,0.295444,0.28627,938.208,2292.51,0,0
0.219785,0.295407,0.285954,984.155,5049.3,0,0
0.165922,0.295364,0.285292,941.733,2503.96,0,0
0.166443,0.296966,0.297152,978.736,4724.14,0,0
0.166642,0.295424,0.346347,979.279,4756.76,0,0
0.173715,0.295328,0.353958,1036.1,8165.83,0,0
0.16642,0.297,0.402757,979.97,4798.22,0,0
0.166033,0.295363,0.414892,943.145,2588.68,0,0
0.172951,0.295609,0.41459,997.757,5865.4,0,0
0.166853,0.295689,0.413601,955.297,3317.79,0,0
0.165568,0.296355,0.413228,945.719,2743.16,0,0
0.239526,0.296477,0.285295,797.118,0,0,0
0.201328,0.295444,0.286478,1074.04,10442.4,0,0
0.216391,0.295373,0.286137,1008.23,6494.04,0,0
0.192324,0.295405,0.286279,1077.78,10666.7,0,0
0.183157,0.295192,0.299693,1088.91,11334.8,0,0
0.166327,0.29698,0.322674,984.324,5059.45,0,0
0.166693,0.295215,0.376504,988.203,5292.18,0,0
0.181333,0.295193,0.400347,1082.33,10939.7,0,0
0.190924,0.295615,0.413917,1075.99,10559.5,0,0
0.22785,0.295578,0.413196,918.979,1138.73,0,0
0.2287,0.295535,0.414728,906.522,391.318,0,0
0.2475,0.296524,0.413997,707.217,0,0,0
0.169306,0.296933,0.285241,969.058,4143.49,0,0
0.222631,0.296314,0.285845,961.918,3715.11,0,0
0.217201,0.296276,0.286544,1004.31,6258.4,0,0
0.17773,0.29544,0.286885,1032.22,7933.07,0,0
0.166676,0.295442,0.300726,985.656,5139.35,0,0
0.166889,0.295436,0.348454,981.38,4882.81,0,0
0.165695,0.295429,0.351073,970.525,4231.51,0,0
0.166342,0.295449,0.399197,984.05,5043.02,0,0
0.176283,0.295611,0.413064,1025.21,7512.41,0,0
0.247005,0.295571,0.414081,712.81,0,0,0
0.231341,0.296264,0.413971,883.448,0,0,0
0.180761,0.296865,0.414067,1044.58,8674.71,0,0
0.252749,0.2967,0.285188,646.056,0,0,0
0.209055,0.296633,0.285538,1045.81,8748.44,0,0
0.165617,0.296061,0.285164,938.63,2317.77,0,0
0.170331,0.296265,0.285422,977.835,4670.1,0,0
0.190732,0.295327,0.302796,1111.03,12662,0,0
0.166754,0.29532,0.339345,981.557,4893.39,0,0
0.16569,0.295326,0.360353,972.149,4328.97,0,0
0.190983,0.295372,0.397058,1112.11,12726.4,0,0
0.169345,0.296264,0.414779,970.632,4237.92,0,0
0.166742,0.295654,0.413046,956.462,3387.7,0,0
0.212692,0.296763,0.413941,1029.72,7783.43,0,0
0.244293,0.296935,0.413495,745.093,0,0,0
0.204155,0.29537,0.28558,1063.68,9820.82,0,0
0.165582,0.2969,0.28651,943.47,2608.22,0,0
0.167048,0.296397,0.286274,955.184,3311.06,0,0
0.166421,0.296313,0.286857,952.133,3127.97,0,0
0.209652,0.296076,0.300012,1072.49,10349.1,0,0
0.18865,0.29512,0.342461,1102.18,12131.1,0,0
0.190845,0.295329,0.357471,1105.25,12315.1,0,0
0.210636,0.295629,0.399984,1067.4,10043.7,0,0
0.166913,0.296397,0.414885,950.605,3036.29,0,0
0.206269,0.296193,0.414667,1056.09,9365.32,0,0
0.166277,0.296783,0.413866,949.263,2955.81,0,0
0.166772,0.295652,0.414887,949.454,2967.22,0,0
0.174407,0.296014,0.285202,1005.43,6325.68,0,0
0.18648,0.295403,0.285716,1064.26,9855.46,0,0
0.166078,0.295446,0.286617,948.304,2898.24,0,0
0.189146,0.296791,0.28672,1074.72,10483.4,0,0
0.213496,0.296947,0.296622,1048.51,8910.33,0,0
0.174846,0.295508,0.317988,1051.95,9116.84,0,0
0.174357,0.295687,0.381828,1049.6,8976.11,0,0
0.213152,0.296971,0.403448,1050.33,9019.83,0,0
0.189074,0.296707,0.413444,1074.67,10480.3,0,0
0.165816,0.295655,0.413345,947.457,2847.4,0,0
0.172742,0.29557,0.413369,1001.29,6077.39,0,0
0.165241,0.296184,0.413191,943.027,2581.61,0,0
0.166472,0.296145,0.285297,946.473,2788.4,0,0
0.166594,0.295899,0.286455,952.115,3126.87,0,0
0.166418,0.295899,0.286567,951.048,3062.86,0,0
0.166292,0.296823,0.286456,949.396,2963.76,0,0
0.185578,0.295932,0.291851,1082.61,10956.5,0,0
0.197406,0.295144,0.323593,1109.02,12541.4,0,0
0.207699,0.295103,0.37687,1075.71,10542.9,0,0
0.183218,0.295611,0.407947,1075.82,10549.3,0,0
0.165061,0.296783,0.413504,940.142,2408.54,0,0
0.165389,0.295654,0.413684,942.469,2548.11,0,0
0.16512,0.295652,0.413933,939.151,2349.08,0,0
0.166333,0.296145,0.413629,950.794,3047.65,0,0
0.165725,0.296104,0.286648,945.406,2724.34,0,0
0.201381,0.295369,0.286155,1072.66,10359.8,0,0
0.246314,0.295362,0.286043,722.475,0,0,0
0.193549,0.296062,0.286925,1081.3,10878.2,0,0
0.202982,0.295408,0.285172,1065.12,9907.36,0,0
0.207212,0.295466,0.308126,1085.22,11113.5,0,0
0.207587,0.295648,0.392235,1083.7,11022.1,0,0
0.205531,0.295543,0.413012,1064.95,9896.82,0,0
0.206072,0.295583,0.41415,1058.84,9530.27,0,0
0.248439,0.295571,0.413836,696.663,0,0,0
0.207353,0.295584,0.413327,1057.2,9431.9,0,0
0.165868,0.295617,0.413069,948.924,2935.43,0,0
0.250656,0.29532,0.286562,673.021,0,0,0
0.24098,0.29519,0.286999,784.998,0,0,0
0.180244,0.295058,0.285486,1039.34,8360.41,0,0
0.243455,0.296701,0.286773,756.623,0,0,0
0.200303,0.296988,0.285895,1073.4,10403.7,0,0
0.205047,0.295455,0.304492,1094.04,11642.7,0,0
0.202206,0.295633,0.395334,1103.49,12209.7,0,0
0.200092,0.297,0.414071,1074.24,10454.2,0,0
0.242806,0.296701,0.413301,762.502,0,0,0
0.181062,0.29519,0.414721,1043.23,8593.86,0,0
0.225664,0.295319,0.413573,937.545,2252.71,0,0
0.251777,0.295312,0.413298,658.553,0,0,0
0.181907,0.295402,0.286275,1050.27,9016.25,0,0
0.165951,0.295234,0.28584,944.167,2650.03,0,0
0.166678,0.295364,0.286872,954.345,3260.68,0,0
0.16665,0.296934,0.286536,952.697,3161.84,0,0
0.205834,0.295982,0.285061,1056.41,9384.63,0,0
0.177985,0.295875,0.313272,1071.46,10287.9,0,0
0.176825,0.295673,0.386669,1065.85,9950.86,0,0
0.205368,0.296193,0.413113,1065.14,9908.14,0,0
0.165206,0.295014,0.413345,942.02,2521.2,0,0
0.166034,0.295323,0.413083,950.254,3015.23,0,0
0.181903,0.295448,0.414526,1047.82,8869.07,0,0
0.196779,0.295495,0.413601,1079.78,10786.9,0,0
0.167198,0.295444,0.286198,956.143,3368.6,0,0
0.230357,0.296794,0.286677,895.647,0,0,0
0.165488,0.296782,0.285073,936.995,2219.71,0,0
0.228789,0.29635,0.286394,909.902,594.097,0,0
0.191779,0.295407,0.286884,1079.6,10776.1,0,0
0.210356,0.296785,0.303628,1069.89,10193.3,0,0
0.204661,0.296696,0.396181,1095.38,11722.8,0,0
0.191047,0.295578,0.413103,1079.42,10765,0,0
0.194746,0.296537,0.414979,1074.35,10461,0,0
0.235645,0.296395,0.41458,837.891,0,0,0
0.200407,0.295103,0.414786,1070.81,10248.8,0,0
0.230763,0.295534,0.413793,889.622,0,0,0
0.175845,0.295318,0.286554,1019.96,7197.89,0,0
0.165936,0.296986,0.28571,943.389,2603.33,0,0
0.166174,0.296934,0.286084,946.921,2815.27,0,0
0.211495,0.296411,0.286315,1037.24,8234.28,0,0
0.189582,0.295235,0.28682,1076.03,10561.5,0,0
0.165072,0.295901,0.304543,974.556,4473.34,0,0
0.165449,0.295657,0.395248,979.267,4756.04,0,0
0.189853,0.295147,0.413378,1076.4,10584.1,0,0
0.212237,0.296414,0.413539,1033.72,8023.23,0,0
0.166662,0.296899,0.414877,948.403,2904.17,0,0
0.166443,0.295191,0.413878,950.679,3040.76,0,0
0.176026,0.295275,0.413602,1021.49,7289.64,0,0
0.213836,0.295241,0.286271,1024.31,7458.88,0,0
0.166864,0.295059,0.285088,948.785,2927.1,0,0
0.166456,0.296963,0.285163,945.597,2735.81,0,0
0.172468,0.296307,0.285612,994.127,5647.64,0,0
0.18568,0.295103,0.285581,1061.22,9673.1,0,0
0.174356,0.295571,0.334787,1042.76,8565.31,0,0
0.171814,0.295623,0.364968,1025.1,7505.81,0,0
0.179185,0.295145,0.413363,1039.9,8394.02,0,0
0.225517,0.295579,0.414504,935.974,2158.47,0,0
0.166092,0.296933,0.413269,949.92,2995.2,0,0
0.193433,0.295058,0.413486,1080.06,10803.5,0,0
0.21576,0.295192,0.413447,1013.33,6800.03,0,0
0.165648,0.295446,0.286207,943.034,2582.04,0,0
0.190943,0.29687,0.286977,1078.76,10725.3,0,0
0.166951,0.296568,0.28565,951.866,3111.94,0,0
0.166951,0.296823,0.285232,950.077,3004.63,0,0
0.181826,0.295401,0.288858,1059.58,9574.82,0,0
0.18564,0.295119,0.344077,1095.11,11706.5,0,0
0.177512,0.295005,0.356697,1060.43,9625.94,0,0
0.186033,0.295612,0.41179,1073.53,10411.6,0,0
0.165555,0.296783,0.413608,944.061,2643.67,0,0
0.166036,0.296699,0.414775,943.594,2615.67,0,0
0.219429,0.296763,0.413603,987.665,5259.89,0,0
0.166269,0.295495,0.413846,949.395,2963.72,0,0
0.214945,0.295409,0.286685,1019.2,7152.04,0,0
0.203514,0.295016,0.286245,1067.97,10078,0,0
0.188223,0.296938,0.285294,1066.76,10005.7,0,0
0.165506,0.295406,0.286663,943.526,2611.53,0,0
0.18685,0.296794,0.297445,1097.65,11858.8,0,0
0.166778,0.295374,0.342555,981.031,4861.88,0,0
0.166213,0.295378,0.357505,976.192,4571.53,0,0
0.184826,0.296752,0.402186,1093.11,11586.8,0,0
0.166761,0.295235,0.413478,954.922,3295.33,0,0
0.165066,0.296824,0.414068,938.007,2280.43,0,0
0.166338,0.295146,0.414333,947.981,2878.86,0,0
0.216909,0.295585,0.414848,1000.98,6059.09,0,0
0.256614,0.295363,0.285475,601.694,0,0,0
0.165449,0.295444,0.286861,943.775,2626.52,0,0
0.165029,0.295444,0.286554,938.943,2336.56,0,0
0.183921,0.295404,0.286791,1060.34,9620.16,0,0
0.193152,0.295237,0.297201,1107.2,12432.2,0,0
0.198604,0.295584,0.346946,1100.18,12010.5,0,0
0.166885,0.295427,0.351666,981.408,4884.46,0,0
0.199542,0.295282,0.40319,1103.39,12203.5,0,0
0.184426,0.295575,0.413412,1062.22,9733.34,0,0
0.213798,0.295413,0.413385,1025.54,7532.25,0,0
0.165311,0.295652,0.414444,938.797,2327.84,0,0
0.254515,0.295571,0.414723,624.11,0,0,0
0.166426,0.296569,0.286396,950.387,3023.21,0,0
0.212044,0.295409,0.286028,1033.36,8001.71,0,0
0.197323,0.295409,0.286921,1081.02,10861.4,0,0
0.170958,0.296307,0.285101,981.136,4868.15,0,0
0.169718,0.296101,0.299506,1009.42,6565.42,0,0
0.178564,0.295153,0.338064,1067.12,10027.1,0,0
0.165541,0.295204,0.364375,972.169,4330.15,0,0
0.168248,0.295613,0.400572,998.677,5920.62,0,0
0.1708,0.296479,0.413092,988.403,5304.21,0,0
0.212409,0.295546,0.41305,1034.51,8070.71,0,0
0.166124,0.295656,0.413906,947.946,2876.78,0,0
0.191203,0.296403,0.413059,1079.76,10785.5,0,0
0.243294,0.295955,0.285061,754.723,0,0,0
0.165402,0.296144,0.286778,943.08,2584.78,0,0
0.165879,0.295446,0.286014,944.277,2656.63,0,0
0.16668,0.2969,0.28597,950.771,3046.25,0,0
0.187497,0.296716,0.301595,1104.24,12254.6,0,0
0.180889,0.295327,0.348215,1077.3,10637.8,0,0
0.198145,0.295584,0.352904,1101.1,12066,0,0
0.189404,0.296802,0.398408,1108.78,12526.7,0,0
0.166063,0.296963,0.41431,945.633,2737.99,0,0
0.16582,0.295655,0.414111,944.534,2672.04,0,0
0.213167,0.295585,0.413326,1029.38,7763.09,0,0
0.230678,0.29622,0.41472,887.733,0,0,0
0.237206,0.296297,0.286679,825.703,0,0,0
0.166109,0.296741,0.285565,944.366,2661.97,0,0
0.166977,0.29644,0.285023,949.525,2971.51,0,0
0.186385,0.295147,0.286786,1068.3,10098.1,0,0
0.211415,0.29699,0.300408,1063.19,9791.17,0,0
0.16515,0.295422,0.343378,965.938,3956.26,0,0
0.166894,0.295433,0.355866,982.008,4920.48,0,0
0.209203,0.296972,0.399539,1074.73,10483.9,0,0
0.188646,0.295103,0.413378,1074.06,10443.7,0,0
0.165064,0.296354,0.413885,938.823,2329.38,0,0
0.166423,0.296613,0.413395,952.373,3142.39,0,0
0.235118,0.29644,0.413649,845.887,0,0,0
0.166611,0.2969,0.285496,948.291,2897.48,0,0
0.165069,0.296312,0.286779,940.147,2408.8,0,0
0.178471,0.296224,0.286108,1033.14,7988.55,0,0
0.179231,0.295232,0.286128,1037.1,8225.95,0,0
0.175993,0.296941,0.302394,1056.15,9368.83,0,0
0.198092,0.295532,0.342876,1101.64,12098.2,0,0
0.196627,0.295529,0.357295,1104.07,12244,0,0
0.175732,0.296909,0.397595,1055.64,9338.42,0,0
0.184427,0.295234,0.414322,1058.39,9503.37,0,0
0.166575,0.296442,0.414253,950.351,3021.04,0,0
0.165329,0.29644,0.414423,938.993,2339.58,0,0
0.208957,0.296841,0.414622,1045.49,8729.52,0,0
0.165794,0.295321,0.285688,942.232,2533.93,0,0
0.201483,0.296838,0.28518,1068.36,10101.8,0,0
0.244485,0.295362,0.285662,742.592,0,0,0
0.221687,0.297,0.285416,967.808,4068.47,0,0
0.18585,0.296868,0.292231,1084.24,11054.3,0,0
0.165945,0.295129,0.324678,980.119,4807.14,0,0
0.207921,0.295965,0.363719,1067.72,10063.3,0,0
0.185372,0.29683,0.407865,1083.38,11002.7,0,0
0.235896,0.296869,0.41477,834.615,0,0,0
0.241042,0.295572,0.414639,779.331,0,0,0
0.191565,0.296906,0.413346,1078.93,10735.7,0,0
0.166796,0.295278,0.414345,951.82,3109.23,0,0
0.165836,0.295365,0.286597,946.133,2768,0,0
0.203628,0.296717,0.285188,1063.44,9806.63,0,0
0.229509,0.295366,0.285431,900.256,15.3809,0,0
0.221807,0.295405,0.285117,965.946,3956.76,0,0
0.208334,0.296719,0.290028,1063.53,9811.66,0,0
0.172756,0.295703,0.320961,1036.89,8213.25,0,0
0.171104,0.295805,0.379047,1025.62,7536.97,0,0
0.196566,0.296712,0.409796,1092.77,11566.3,0,0
0.242905,0.295225,0.414659,758.354,0,0,0
0.247556,0.295571,0.414313,705.954,0,0,0
0.19863,0.296797,0.413345,1079.11,10746.7,0,0
0.174729,0.295446,0.413067,1015.63,6937.51,0,0
0.166926,0.295406,0.286095,953.467,3208.04,0,0
0.253727,0.296337,0.285518,635.348,0,0,0
0.165068,0.295443,0.285359,934.615,2076.91,0,0
0.166827,0.295364,0.286654,954.777,3286.62,0,0
0.208551,0.296677,0.285591,1048.16,8889.38,0,0
0.19822,0.295249,0.307003,1111.92,12715,0,0
0.195063,0.295295,0.392406,1115.37,12922,0,0
0.208463,0.296546,0.414539,1048.03,8881.88,0,0
0.166516,0.295364,0.41462,948.366,2901.96,0,0
0.240292,0.295574,0.413066,791.329,0,0,0
0.256575,0.296213,0.414671,600.247,0,0,0
0.165347,0.295407,0.413429,943.032,2581.9,0,0
0.169018,0.295144,0.285594,968.37,4102.22,0,0
0.247764,0.29661,0.286604,706.775,0,0,0
0.239338,0.295363,0.285884,800.664,0,0,0
0.170592,0.296986,0.286045,982.155,4929.32,0,0
0.195659,0.295325,0.285491,1075.92,10555,0,0
0.186448,0.296421,0.307718,1105.09,12305.6,0,0
0.188905,0.296381,0.391966,1111.28,12676.9,0,0
0.195406,0.295452,0.414454,1076.69,10601.4,0,0
0.165134,0.296963,0.413188,941.904,2514.27,0,0
0.237152,0.295573,0.414392,822.447,0,0,0
0.248677,0.296524,0.413237,694.956,0,0,0
0.165856,0.295146,0.414997,941.143,2468.56,0,0
0.236723,0.295012,0.285009,826.423,0,0,0
0.251818,0.296337,0.286955,660.078,0,0,0
0.211641,0.295373,0.286556,1037.34,8240.66,0,0
0.234311,0.295365,0.285647,853.451,0,0,0
0.185116,0.296867,0.285926,1060.82,9649.38,0,0
0.198473,0.295501,0.310711,1111.61,12696.7,0,0
0.20177,0.295686,0.389536,1104.8,12288.2,0,0
0.185297,0.296867,0.414116,1062.06,9723.82,0,0
0.228931,0.295743,0.413352,908.467,508.008,0,0
0.202125,0.295584,0.413017,1074.52,10471.5,0,0
0.252426,0.296479,0.414947,647.995,0,0,0
0.241225,0.295095,0.414222,778.225,0,0,0
0.183653,0.29506,0.285978,1055.95,9357.02,0,0
0.223575,0.295404,0.286503,956.294,3377.67,0,0
0.236244,0.296748,0.285523,832.916,0,0,0
0.220691,0.295371,0.2856,976.191,4571.48,0,0
0.186261,0.296271,0.286145,1065.44,9926.54,0,0
0.208159,0.295379,0.302105,1080.54,10832.2,0,0
0.210736,0.295337,0.397524,1067.73,10063.9,0,0
0.187642,0.296186,0.41432,1067.99,10079.5,0,0
0.186615,0.295575,0.413979,1066.74,10004.3,0,0
0.165863,0.295234,0.414559,943.037,2582.22,0,0
0.222698,0.296543,0.41361,962.473,3748.39,0,0
0.176916,0.295057,0.413802,1025.84,7550.19,0,0
0.216118,0.296944,0.286572,1011.33,6679.61,0,0
0.175954,0.296393,0.286728,1021.33,7279.62,0,0
0.180249,0.295102,0.286639,1044.15,8649.24,0,0
0.165528,0.295444,0.285474,939.096,2345.75,0,0
0.187582,0.295404,0.286003,1068.42,10104.9,0,0
0.194124,0.296887,0.306348,1114.63,12877.5,0,0
0.197878,0.296921,0.394205,1112.44,12746.6,0,0
0.186848,0.295492,0.414444,1065.4,9923.95,0,0
0.201683,0.295582,0.414597,1069.31,10158.3,0,0
0.207536,0.295104,0.414389,1052.35,9141.27,0,0
0.209791,0.295584,0.414156,1043.71,8622.88,0,0
0.217271,0.296914,0.413276,1003.88,6232.91,0,0
0.234267,0.29675,0.286601,856.354,0,0,0
0.253741,0.295955,0.286663,637.128,0,0,0
0.166391,0.296963,0.286707,951.144,3068.64,0,0
0.245671,0.295362,0.286386,730.562,0,0,0
0.204999,0.295408,0.286202,1063.62,9816.94,0,0
0.169097,0.296138,0.315519,1010.63,6637.9,0,0
0.170325,0.295896,0.383882,1021.23,7274.09,0,0
0.205014,0.295542,0.413867,1063.45,9807.05,0,0
0.24749,0.295442,0.413596,708.143,0,0,0
0.16686,0.296933,0.413055,957.226,3433.55,0,0
0.243994,0.2963,0.414082,747.397,0,0,0
0.202685,0.296968,0.413385,1071.63,10297.8,0,0
0.189641,0.295105,0.286156,1073.43,10406,0,0
0.252896,0.295955,0.285203,644.465,0,0,0
0.232704,0.296906,0.285021,867.802,0,0,0
0.254556,0.295362,0.286185,626.799,0,0,0
0.203961,0.296497,0.286535,1067.93,10076,0,0
0.166011,0.295625,0.319681,982.957,4977.43,0,0
0.166814,0.295806,0.379592,990.737,5444.23,0,0
0.199925,0.296498,0.413599,1076.48,10588.8,0,0
0.241441,0.295572,0.41324,778.118,0,0,0
0.249454,0.296864,0.414739,682.94,0,0,0
0.253276,0.295571,0.414807,638.39,0,0,0
0.226261,0.296875,0.414704,928.637,1718.24,0,0
0.253755,0.296901,0.286624,636.765,0,0,0
0.165067,0.296782,0.286789,940.053,2403.16,0,0
0.189921,0.295442,0.285481,1071.19,10271.1,0,0
0.166889,0.296699,0.285991,952.676,3160.58,0,0
0.193025,0.295364,0.289707,1090.54,11432.2,0,0
0.16646,0.295318,0.33844,979.174,4750.46,0,0
0.166973,0.295335,0.360309,983.761,5025.66,0,0
0.191968,0.295364,0.410379,1089.99,11399.5,0,0
0.252315,0.296344,0.413671,651.654,0,0,0
0.178818,0.29553,0.414668,1032.68,7960.77,0,0
0.198529,0.29654,0.413307,1079.45,10766.9,0,0
0.247509,0.296964,0.4137,707.591,0,0,0
0.251628,0.295101,0.286871,662.114,0,0,0
0.217949,0.296804,0.285711,996.254,5775.22,0,0
0.196226,0.295981,0.286037,1078.14,10688.2,0,0
0.250487,0.296742,0.286458,674.755,0,0,0
0.190542,0.295934,0.2934,1097.74,11864.4,0,0
0.176509,0.295223,0.345242,1054.19,9251.45,0,0
0.181946,0.295223,0.35434,1082.13,10928,0,0
0.191185,0.295576,0.406636,1099.18,11950.6,0,0
0.232345,0.296832,0.413514,874.589,0,0,0
0.20832,0.295585,0.41309,1054.12,9247.1,0,0
0.166993,0.2969,0.413789,955.546,3332.76,0,0
0.250965,0.295051,0.41307,668.405,0,0,0
0.166145,0.295446,0.286693,949.158,2949.5,0,0
0.226606,0.296714,0.286138,929.036,1742.14,0,0
0.248808,0.295954,0.286123,693.812,0,0,0
0.173873,0.296014,0.286037,1005.45,6326.99,0,0
0.165788,0.295188,0.295211,969.719,4183.12,0,0
0.17213,0.295374,0.3464,1024.54,7472.35,0,0
0.171471,0.295329,0.35485,1019.83,7189.79,0,0
0.166932,0.295148,0.404743,980.957,4857.39,0,0
0.173301,0.29561,0.414143,1002,6119.81,0,0
0.250332,0.295571,0.413703,674.826,0,0,0
0.20229,0.296839,0.414147,1069.65,10179.1,0,0
0.16515,0.295573,0.414755,936.123,2167.38,0,0
0.166094,0.295979,0.285096,942.443,2546.56,0,0
0.209566,0.295331,0.286988,1048.91,8934.67,0,0
0.165647,0.296354,0.285096,938.576,2314.54,0,0
0.184041,0.295935,0.285988,1057.56,9453.83,0,0
0.191319,0.295443,0.298521,1107.59,12455.7,0,0
0.170555,0.295223,0.342805,1012.86,6771.35,0,0
0.184126,0.296961,0.358164,1090.77,11446.1,0,0
0.188553,0.295617,0.401233,1104.38,12262.6,0,0
0.179924,0.295612,0.413834,1041.76,8505.71,0,0
0.166773,0.296271,0.413423,955.284,3317.07,0,0
0.219133,0.295235,0.413293,990.877,5452.6,0,0
0.165926,0.295653,0.413017,949.622,2977.35,0,0
0.166212,0.296188,0.286408,948.673,2920.36,0,0
0.205871,0.295328,0.286832,1063.09,9785.5,0,0
0.166136,0.296863,0.286915,949.776,2986.59,0,0
0.174942,0.296698,0.286102,1012.5,6750.11,0,0
0.189158,0.296715,0.299611,1105.68,12340.6,0,0
0.193226,0.296926,0.339519,1106.55,12392.9,0,0
0.191055,0.296924,0.360537,1105.86,12351.4,0,0
0.190749,0.296799,0.400705,1108.42,12505.1,0,0
0.17395,0.296654,0.41409,1006.43,6385.97,0,0
0.213689,0.296804,0.413094,1027.04,7622.64,0,0
0.172092,0.295317,0.413219,997.283,5836.99,0,0
0.226435,0.295579,0.413737,930.275,1816.49,0,0
0.166126,0.296357,0.286291,947.473,2848.39,0,0
0.248235,0.295276,0.28653,701.177,0,0,0
0.256003,0.296567,0.286379,610.209,0,0,0
0.170055,0.295316,0.285625,976.555,4593.27,0,0
0.178485,0.296872,0.300688,1068.66,10119.6,0,0
0.212838,0.295111,0.345746,1034.1,8045.79,0,0
0.212267,0.296992,0.353537,1037.86,8271.75,0,0
0.179161,0.296835,0.399199,1073.31,10398.3,0,0
0.170625,0.295274,0.414659,980.818,4849.05,0,0
0.250476,0.296613,0.41423,672.107,0,0,0
0.249886,0.295529,0.413147,681.007,0,0,0
0.174289,0.296437,0.413764,1010.03,6602.03,0,0
0.177579,0.296864,0.285701,1026.44,7586.14,0,0
0.220569,0.295284,0.286752,980.872,4852.35,0,0
0.166185,0.296357,0.285909,946.484,2789.07,0,0
0.166684,0.295938,0.285294,948.261,2895.68,0,0
0.172062,0.295438,0.287103,997.175,5830.51,0,0
0.16562,0.295187,0.326399,976.378,4582.68,0,0
0.16565,0.296894,0.372603,976.829,4609.73,0,0
0.17256,0.295609,0.41285,1002.03,6121.66,0,0
0.165443,0.295654,0.413908,942.075,2524.48,0,0
0.178029,0.295611,0.414232,1030.38,7822.83,0,0
0.165922,0.295451,0.413917,946.15,2768.98,0,0
0.165946,0.296863,0.414507,943.864,2631.83,0,0
0.209973,0.296588,0.286878,1046.62,8797.38,0,0
0.232564,0.295324,0.285909,871.897,0,0,0
0.228047,0.295401,0.285222,913.224,793.447,0,0
0.236102,0.295364,0.285893,835.467,0,0,0
0.170116,0.295359,0.286777,981.594,4895.64,0,0
0.16637,0.296081,0.310302,987.957,5277.4,0,0
0.165304,0.295668,0.389531,979.539,4772.33,0,0
0.173529,0.295402,0.413972,1004.19,6251.56,0,0
0.236863,0.295573,0.413954,826.673,0,0,0
0.1967,0.295579,0.414112,1077.77,10666.4,0,0
0.22997,0.295141,0.414772,894.301,0,0,0
0.208232,0.296368,0.41333,1053.61,9216.39,0,0
0.165786,0.296655,0.286935,946.902,2814.1,0,0
0.165663,0.295444,0.286953,945.973,2758.37,0,0
0.165446,0.296145,0.285752,939.524,2371.45,0,0
0.239104,0.295363,0.286197,803.979,0,0,0
0.165512,0.295146,0.285074,937.246,2234.74,0,0
0.195919,0.295422,0.309251,1114.58,12875,0,0
0.193565,0.295429,0.390153,1115.8,12947.9,0,0
0.16533,0.295191,0.413069,944.178,2650.66,0,0
0.239109,0.295573,0.41375,802.856,0,0,0
0.166444,0.296271,0.414354,948.874,2932.41,0,0
0.165993,0.295618,0.414172,945.775,2746.52,0,0
0.165905,0.296657,0.413752,946.572,2794.31,0,0
0.232536,0.295365,0.28532,870.489,0,0,0
0.165855,0.295407,0.285947,943.801,2628.05,0,0
0.166083,0.296104,0.285413,943.655,2619.32,0,0
0.1662,0.295446,0.285702,945.79,2747.4,0,0
0.166693,0.295059,0.285716,949.92,2995.21,0,0
0.206396,0.295338,0.304385,1088.76,11325.7,0,0
0.18666,0.295375,0.393709,1105.96,12357.8,0,0
0.166423,0.295057,0.414551,947.786,2867.17,0,0
0.165363,0.295448,0.414698,938.195,2291.67,0,0
0.166636,0.295654,0.413043,955.573,3334.37,0,0
0.202912,0.295583,0.41383,1069.57,10174.1,0,0
0.223191,0.29554,0.414601,955.281,3316.88,0,0
0.193412,0.296403,0.285249,1074.32,10459.1,0,0
0.166851,0.295103,0.286066,952.653,3159.18,0,0
0.190479,0.295407,0.286954,1078.12,10687.2,0,0
0.247394,0.295144,0.285906,709.686,0,0,0
0.190807,0.296665,0.285866,1074.16,10449.8,0,0
0.208628,0.295024,0.303064,1078.51,10710.8,0,0
0.181898,0.295067,0.394845,1089.4,11364.2,0,0
0.189194,0.29662,0.414408,1070.94,10256.6,0,0
0.252894,0.295138,0.413812,644.581,0,0,0
0.166715,0.295655,0.414482,950.643,3038.61,0,0
0.166557,0.295278,0.414518,949.115,2946.91,0,0
0.166599,0.296442,0.413837,952.2,3132.01,0,0
0.240446,0.295914,0.286105,789.045,0,0,0
0.255196,0.296865,0.286405,619.599,0,0,0
0.25636,0.296935,0.285771,605.027,0,0,0
0.233449,0.296573,0.286959,865.689,0,0,0
0.166654,0.296398,0.285815,950.07,3004.21,0,0
0.188368,0.29697,0.304799,1108.25,12494.7,0,0
0.208117,0.296922,0.397564,1080.74,10844.6,0,0
0.166035,0.296442,0.414067,946.506,2790.38,0,0
0.230084,0.296579,0.413631,896.604,0,0,0
0.256554,0.296902,0.414141,601.256,0,0,0
0.240744,0.296571,0.413263,785.812,0,0,0
0.239293,0.295572,0.414134,799.904,0,0,0
0.229846,0.295964,0.286274,899.599,0,0,0
0.228996,0.295147,0.286709,908.776,526.56,0,0
0.166614,0.295014,0.285946,950.161,3009.68,0,0
0.239199,0.295957,0.286494,803.678,0,0,0
0.16693,0.295445,0.286732,955.954,3357.24,0,0
0.188521,0.295987,0.304315,1108.54,12512.3,0,0
0.189891,0.295624,0.395653,1111.59,12695.5,0,0
0.166791,0.295655,0.413224,956.206,3372.37,0,0
0.24238,0.295921,0.413102,767.838,0,0,0
0.233689,0.296707,0.414759,857.553,0,0,0
0.217392,0.295147,0.413851,1001.23,6073.63,0,0
0.223518,0.295581,0.413146,957.217,3432.99,0,0
0.22709,0.295402,0.285701,923.429,1405.77,0,0
0.166391,0.296934,0.286025,948.533,2911.96,0,0
0.237649,0.296965,0.28588,818.83,0,0,0
0.231941,0.296574,0.285214,876.052,0,0,0
0.195358,0.295407,0.285483,1075.92,10555.3,0,0
0.193321,0.29599,0.304736,1114.16,12849.4,0,0
0.194417,0.295627,0.395466,1114.72,12883.4,0,0
0.195809,0.295578,0.414919,1074.66,10479.4,0,0
0.231657,0.296488,0.414757,878.001,0,0,0
0.239681,0.295007,0.413697,796.574,0,0,0
0.165633,0.296963,0.414465,941.309,2478.53,0,0
0.232251,0.295576,0.413078,876.794,0,0,0
0.16604,0.296699,0.285963,945.378,2722.66,0,0
0.166655,0.295058,0.286437,952.433,3145.98,0,0
0.171083,0.295359,0.28621,986.621,5197.25,0,0
0.205581,0.296631,0.286919,1064.34,9860.36,0,0
0.198623,0.296363,0.286608,1078.68,10720.7,0,0
0.166701,0.295022,0.304335,988.767,5326.03,0,0
0.202962,0.296953,0.392424,1101.37,12082,0,0
0.197709,0.296364,0.413539,1079.38,10763.1,0,0
0.17257,0.296933,0.41305,1001.15,6068.79,0,0
0.224411,0.295187,0.414479,945.468,2728.05,0,0
0.166735,0.295011,0.413959,952.776,3166.56,0,0
0.224547,0.29582,0.414508,944.317,2659.01,0,0
0.226923,0.295925,0.286369,927,1620,0,0
0.16668,0.295278,0.285938,950.756,3045.38,0,0
0.166623,0.295446,0.285768,949.632,2977.9,0,0
0.166365,0.295147,0.286531,950.353,3021.19,0,0
0.189866,0.296621,0.285888,1072.75,10365,0,0
0.165964,0.295069,0.306798,983.492,5009.54,0,0
0.165301,0.295069,0.393413,978.646,4718.78,0,0
0.182981,0.29666,0.413778,1055.3,9318.13,0,0
0.165138,0.295014,0.413329,941.487,2489.19,0,0
0.16696,0.295492,0.413281,957.391,3443.44,0,0
0.165848,0.29519,0.414726,942.216,2532.95,0,0
0.219667,0.296368,0.41334,986.869,5212.14,0,0
0.165992,0.296741,0.285689,943.864,2631.82,0,0
0.165197,0.295442,0.285051,934.474,2068.45,0,0
0.166761,0.29594,0.28592,951.442,3086.53,0,0
0.229784,0.295324,0.285089,896.587,0,0,0
0.202017,0.295327,0.286076,1071.02,10261.2,0,0
0.171548,0.295301,0.315505,1029.63,7777.56,0,0
0.170595,0.295306,0.384577,1023.41,7404.72,0,0
0.203465,0.295324,0.414021,1067.34,10040.4,0,0
0.233364,0.295574,0.414138,862.72,0,0,0
0.16685,0.295655,0.413834,954.363,3261.76,0,0
0.192549,0.295578,0.4144,1075.79,10547.7,0,0
0.166173,0.296657,0.414157,947.278,2836.68,0,0
0.166491,0.296823,0.285998,949.312,2958.74,0,0
0.244434,0.29532,0.286043,744.01,0,0,0
0.245491,0.295362,0.286023,731.889,0,0,0
0.165172,0.296062,0.286129,938.616,2316.95,0,0
0.181948,0.296788,0.294294,1074.98,10498.7,0,0
0.193796,0.295524,0.348669,1105.6,12336.2,0,0
0.201573,0.295687,0.350872,1092.33,11540,0,0
0.182817,0.296829,0.405821,1079.21,10752.5,0,0
0.199541,0.295581,0.413778,1076.4,10583.9,0,0
0.242813,0.295571,0.414255,760.407,0,0,0
0.238833,0.295357,0.414726,803.395,0,0,0
0.166782,0.296783,0.41376,953.943,3236.57,0,0
0.181254,0.296902,0.285906,1045.74,8744.13,0,0
0.165832,0.296064,0.285967,943.716,2622.99,0,0
0.174006,0.296782,0.286868,1009.47,6568.43,0,0
0.252525,0.2967,0.285849,649.896,0,0,0
0.190357,0.296908,0.295194,1100.96,12057.5,0,0
0.166561,0.295425,0.346474,978.541,4712.48,0,0
0.165413,0.295429,0.352422,967.996,4079.77,0,0
0.190695,0.296908,0.40463,1102.46,12147.6,0,0
0.255585,0.296346,0.414225,612.501,0,0,0
0.166819,0.296933,0.413858,953.823,3229.39,0,0
0.165875,0.296271,0.413604,946.962,2817.71,0,0
0.165499,0.296933,0.413794,942.813,2568.81,0,0
0.249488,0.296564,0.286155,685.899,0,0,0
0.165566,0.296656,0.286611,943.788,2627.31,0,0
0.222753,0.29676,0.28653,963.011,3780.65,0,0
0.246809,0.295362,0.286468,717.607,0,0,0
0.171565,0.295061,0.298951,1022.62,7357.35,0,0
0.178855,0.295327,0.350428,1067.31,10038.4,0,0
0.192968,0.295479,0.350886,1105.66,12339.7,0,0
0.174013,0.295149,0.401003,1040.99,8459.62,0,0
0.254671,0.295572,0.413419,624.461,0,0,0
0.21619,0.296765,0.414558,1006.62,6397.31,0,0
0.166336,0.296484,0.413431,951.526,3091.56,0,0
0.238396,0.296483,0.414891,807.686,0,0,0
0.206964,0.296969,0.285088,1052.31,9138.67,0,0
0.165435,0.296823,0.286814,943.357,2601.43,0,0
0.165029,0.295276,0.286998,940.547,2432.79,0,0
0.178393,0.295401,0.286006,1032.28,7936.82,0,0
0.198528,0.295409,0.299765,1107.94,12476.6,0,0
0.222056,0.296176,0.348156,955.729,3343.74,0,0
0.22223,0.296218,0.350919,953.942,3236.5,0,0
0.200223,0.295544,0.400579,1105.2,12312.2,0,0
0.178485,0.295489,0.414025,1033.67,8019.9,0,0
0.166728,0.295278,0.413017,956.388,3383.26,0,0
0.165464,0.296783,0.413119,945.104,2706.23,0,0
0.165718,0.296933,0.413572,945.559,2733.52,0,0
0.14,0.41,0.26,0,0,1,1
0.14,0.41,0.263,0,0,1,1
0.14,0.41,0.266,0,0,1,1
0.14,0.41,0.269,0,0,1,1
0.14,0.41,0.272,0,0,1,1
0.14,0.41,0.275,0,0,1,1
0.14,0.41,0.278,0,0,1,1
0.14,0.41,0.281,0,0,1,1
0.14,0.41,0.284,0,0,1,1
0.14,0.41,0.287,0,0,1,1
0.14,0.41,0.29,0,0,1,1
0.14,0.41,0.293,0,0,1,1
0.14,0.41,0.296,0,0,1,1
0.14,0.41,0.299,0,0,1,1
0.14,0.41,0.302,0,0,1,1
0.14,0.41,0.305,0,0,1,1
0.14,0.41,0.308,0,0,1,1
0.14,0.41,0.311,0,0,1,1
0.14,0.41,0.314,0,0,1,1
0.14,0.41,0.317,0,0,1,1
0.14,0.41,0.32,0,0,1,1
0.14,0.41,0.323,0,0,1,1
0.14,0.41,0.326,0,0,1,1
0.14,0.41,0.329,0,0,1,1
0.14,0.41,0.332,0,0,1,1
0.14,0.41,0.335,0,0,1,1
0.14,0.41,0.338,0,0,1,1
0.14,0.41,0.341,0,0,1,1
0.14,0.41,0.344,0,0,1,1
0.14,0.41,0.347,0,0,1,1
0.14,0.41,0.35,0,0,1,1
0.14,0.41,0.353,0,0,1,1
0.14,0.41,0.356,0,0,1,1
0.14,0.41,0.359,0,0,1,1
0.14,0.41,0.362,0,0,1,1
0.14,0.41,0.365,0,0,1,1
0.14,0.41,0.368,0,0,1,1
0.14,0.41,0.371,0,0,1,1
0.14,0.41,0.374,0,0,1,1
0.14,0.41,0.377,0,0,1,1
0.14,0.41,0.38,0,0,1,1
0.14,0.41,0.383,0,0,1,1
0.14,0.41,0.386,0,0,1,1
0.14,0.41,0.389,0,0,1,1
0.14,0.41,0.392,0,0,1,1
0.14,0.41,0.395,0,0,1,1
0.14,0.41,0.398,0,0,1,1
0.14,0.41,0.401,0,0,1,1
0.14,0.41,0.404,0,0,1,1
0.14,0.41,0.407,0,0,1,1
0.14,0.41,0.41,0,0,1,1
0.14,0.41,0.413,0,0,1,1
0.14,0.41,0.416,0,0,1,1
0.14,0.41,0.419,0,0,1,1
0.14,0.41,0.422,0,0,1,1
0.14,0.41,0.425,0,0,1,1
0.14,0.41,0.427999,0,0,1,1
0.14,0.41,0.430999,0,0,1,1
0.14,0.41,0.433999,0,0,1,1
0.14,0.41,0.436999,0,0,1,1
0.14,0.41,0.439999,0,0,1,1
0.14,0.407,0.26,0,0,1,1
0.14,0.407,0.263,0,0,1,1
0.14,0.407,0.266,0,0,1,1
0.14,0.407,0.269,0,0,1,1
0.14,0.407,0.272,0,0,1,1
0.14,0.407,0.275,0,0,1,1
0.14,0.407,0.278,0,0,1,1
0.14,0.407,0.281,0,0,1,1
0.14,0.407,0.284,0,0,1,1
0.14,0.407,0.287,0,0,1,1
0.14,0.407,0.29,0,0,1,1
0.14,0.407,0.293,0,0,1,1
0.14,0.407,0.296,0,0,1,1
0.14,0.407,0.299,0,0,1,1
0.14,0.407,0.302,0,0,1,1
0.14,0.407,0.305,0,0,1,1
0.14,0.407,0.308,0,0,1,1
0.14,0.407,0.311,0,0,1,1
0.14,0.407,0.314,0,0,1,1
0.14,0.407,0.317,0,0,1,1
0.14,0.407,0.32,0,0,1,1
0.14,0.407,0.323,0,0,1,1
0.14,0.407,0.326,0,0,1,1
0.14,0.407,0.329,0,0,1,1
0.14,0.407,0.332,0,0,1,1
0.14,0.407,0.335,0,0,1,1
0.14,0.407,0.338,0,0,1,1
0.14,0.407,0.341,0,0,1,1
0.14,0.407,0.344,0,0,1,1
0.14,0.407,0.347,0,0,1,1
0.14,0.407,0.35,0,0,1,1
0.14,0.407,0.353,0,0,1,1
0.14,0.407,0.356,0,0,1,1
0.14,0.407,0.359,0,0,1,1
0.14,0.407,0.362,0,0,1,1
0.14,0.407,0.365,0,0,1,1
0.14,0.407,0.368,0,0,1,1
0.14,0.407,0.371,0,0,1,1
0.14,0.407,0.374,0,0,1,1
0.14,0.407,0.377,0,0,1,1
0.14,0.407,0.38,0,0,1,1
0.14,0.407,0.383,0,0,1,1
0.14,0.407,0.386,0,0,1,1
0.14,0.407,0.389,0,0,1,1
0.14,0.407,0.392,0,0,1,1
0.14,0.407,0.395,0,0,1,1
0.14,0.407,0.398,0,0,1,1
0.14,0.407,0.401,0,0,1,1
0.14,0.407,0.404,0,0,1,1
0.14,0.407,0.407,0,0,1,1
0.14,0.407,0.41,0,0,1,1
0.14,0.407,0.413,0,0,1,1
0.14,0.407,0.416,0,0,1,1
0.14,0.407,0.419,0,0,1,1
0.14,0.407,0.422,0,0,1,1
0.14,0.407,0.425,0,0,1,1
0.14,0.407,0.427999,0,0,1,1
0.14,0.407,0.430999,0,0,1,1
0.14,0.407,0.433999,0,0,1,1
0.14,0.407,0.436999,0,0,1,1
0.14,0.407,0.439999,0,0,1,1
0.14,0.404,0.26,0,0,1,1
0.14,0.404,0.263,0,0,1,1
0.14,0.404,0.266,0,0,1,1
0.14,0.404,0.269,0,0,1,1
0.14,0.404,0.272,0,0,1,1
0.14,0.404,0.275,0,0,1,1
0.14,0.404,0.278,0,0,1,1
0.14,0.404,0.281,0,0,1,1
0.14,0.404,0.284,0,0,1,1
0.14,0.404,0.287,0,0,1,1
0.14,0.404,0.29,0,0,1,1
0.14,0.404,0.293,0,0,1,1
0.14,0.404,0.296,0,0,1,1
0.14,0.404,0.299,0,0,1,1
0.14,0.404,0.302,0,0,1,1
0.14,0.404,0.305,0,0,1,1
0.14,0.404,0.308,0,0,1,1
0.14,0.404,0.311,0,0,1,1
0.14,0.404,0.314,0,0,1,1
0.14,0.404,0.317,0,0,1,1
0.14,0.404,0.32,0,0,1,1
0.14,0.404,0.323,0,0,1,1
0.14,0.404,0.326,0,0,1,1
0.14,0.404,0.329,0,0,1,1
0.14,0.404,0.332,0,0,1,1
0.14,0.404,0.335,0,0,1,1
0.14,0.404,0.338,0,0,1,1
0.14,0.404,0.341,0,0,1,1
0.14,0.404,0.344,0,0,1,1
0.14,0.404,0.347,0,0,1,1
0.14,0.404,0.35,0,0,1,1
0.14,0.404,0.353,0,0,1,1
0.14,0.404,0.356,0,0,1,1
0.14,0.404,0.359,0,0,1,1
0.14,0.404,0.362,0,0,1,1
0.14,0.404,0.365,0,0,1,1
0.14,0.404,0.368,0,0,1,1
0.14,0.404,0.371,0,0,1,1
0.14,0.404,0.374,0,0,1,1
0.14,0.404,0.377,0,0,1,1
0.14,0.404,0.38,0,0,1,1
0.14,0.404,0.383,0,0,1,1
0.14,0.404,0.386,0,0,1,1
0.14,0.404,0.389,0,0,1,1
0.14,0.404,0.392,0,0,1,1
0.14,0.404,0.395,0,0,1,1
0.14,0.404,0.398,0,0,1,1
0.14,0.404,0.401,0,0,1,1
0.14,0.404,0.404,0,0,1,1
0.14,0.404,0.407,0,0,1,1
0.14,0.404,0.41,0,0,1,1
0.14,0.404,0.413,0,0,1,1
0.14,0.404,0.416,0,0,1,1
0.14,0.404,0.419,0,0,1,1
0.14,0.404,0.422,0,0,1,1
0.14,0.404,0.425,0,0,1,1
0.14,0.404,0.427999,0,0,1,1
0.14,0.404,0.430999,0,0,1,1
0.14,0.404,0.433999,0,0,1,1
0.14,0.404,0.436999,0,0,1,1
0.14,0.404,0.439999,0,0,1,1
0.14,0.401,0.26,0,0,1,1
0.14,0.401,0.263,0,0,1,1
0.14,0.401,0.266,0,0,1,1
0.14,0.401,0.269,0,0,1,1
0.14,0.401,0.272,0,0,1,1
0.14,0.401,0.275,0,0,1,1
0.14,0.401,0.278,0,0,1,1
0.14,0.401,0.281,0,0,1,1
0.14,0.401,0.284,0,0,1,1
0.14,0.401,0.287,0,0,1,1
0.14,0.401,0.29,0,0,1,1
0.14,0.401,0.293,0,0,1,1
0.14,0.401,0.296,0,0,1,1
0.14,0.401,0.299,0,0,1,1
0.14,0.401,0.302,0,0,1,1
0.14,0.401,0.305,0,0,1,1
0.14,0.401,0.308,0,0,1,1
0.14,0.401,0.311,0,0,1,1
0.14,0.401,0.314,0,0,1,1
0.14,0.401,0.317,0,0,1,1
0.14,0.401,0.32,0,0,1,1
0.14,0.401,0.323,0,0,1,1
0.14,0.401,0.326,0,0,1,1
0.14,0.401,0.329,0,0,1,1
0.14,0.401,0.332,0,0,1,1
0.14,0.401,0.335,0,0,1,1
0.14,0.401,0.338,0,0,1,1
0.14,0.401,0.341,0,0,1,1
0.14,0.401,0.344,0,0,1,1
0.14,0.401,0.347,0,0,1,1
0.14,0.401,0.35,0,0,1,1
0.14,0.401,0.353,0,0,1,1
0.14,0.401,0.356,0,0,1,1
0.14,0.401,0.359,0,0,1,1
0.14,0.401,0.362,0,0,1,1
0.14,0.401,0.365,0,0,1,1
0.14,0.401,0.368,0,0,1,1
0.14,0.401,0.371,0,0,1,1
0.14,0.401,0.374,0,0,1,1
0.14,0.401,0.377,0,0,1,1
0.14,0.401,0.38,0,0,1,1
0.14,0.401,0.383,0,0,1,1
0.14,0.401,0.386,0,0,1,1
0.14,0.401,0.389,0,0,1,1
0.14,0.401,0.392,0,0,1,1
0.14,0.401,0.395,0,0,1,1
0.14,0.401,0.398,0,0,1,1
0.14,0.401,0.401,0,0,1,1
0.14,0.401,0.404,0,0,1,1
0.14,0.401,0.407,0,0,1,1
0.14,0.401,0.41,0,0,1,1
0.14,0.401,0.413,0,0,1,1
0.14,0.401,0.416,0,0,1,1
0.14,0.401,0.419,0,0,1,1
0.14,0.401,0.422,0,0,1,1
0.14,0.401,0.425,0,0,1,1
0.14,0.401,0.427999,0,0,1,1
0.14,0.401,0.430999,0,0,1,1
0.14,0.401,0.433999,0,0,1,1
0.14,0.401,0.436999,0,0,1,1
0.14,0.401,0.439999,0,0,1,1
0.14,0.398,0.26,0,0,1,1
0.14,0.398,0.263,0,0,1,1
0.14,0.398,0.266,0,0,1,1
0.14,0.398,0.269,0,0,1,1
0.14,0.398,0.272,0,0,1,1
0.14,0.398,0.275,0,0,1,1
0.14,0.398,0.278,0,0,1,1
0.14,0.398,0.281,0,0,1,1
0.14,0.398,0.284,0,0,1,1
0.14,0.398,0.287,0,0,1,1
0.14,0.398,0.29,0,0,1,1
0.14,0.398,0.293,0,0,1,1
0.14,0.398,0.296,0,0,1,1
0.14,0.398,0.299,0,0,1,1
0.14,0.398,0.302,0,0,1,1
0.14,0.398,0.305,0,0,1,1
0.14,0.398,0.308,0,0,1,1
0.14,0.398,0.311,0,0,1,1
0.14,0.398,0.314,0,0,1,1
0.14,0.398,0.317,0,0,1,1
0.14,0.398,0.32,0,0,1,1
0.14,0.398,0.323,0,0,1,1
0.14,0.398,0.326,0,0,1,1
0.14,0.398,0.329,0,0,1,1
0.14,0.398,0.332,0,0,1,1
0.14,0.398,0.335,0,0,1,1
0.14,0.398,0.338,0,0,1,1
0.14,0.398,0.341,0,0,1,1
0.14,0.398,0.344,0,0,1,1
0.14,0.398,0.347,0,0,1,1
0.14,0.398,0.35,0,0,1,1
0.14,0.398,0.353,0,0,1,1
0.14,0.398,0.356,0,0,1,1
0.14,0.398,0.359,0,0,1,1
0.14,0.398,0.362,0,0,1,1
0.14,0.398,0.365,0,0,1,1
0.14,0.398,0.368,0,0,1,1
0.14,0.398,0.371,0,0,1,1
0.14,0.398,0.374,0,0,1,1
0.14,0.398,0.377,0,0,1,1
0.14,0.398,0.38,0,0,1,1
0.14,0.398,0.383,0,0,1,1
0.14,0.398,0.386,0,0,1,1
0.14,0.398,0.389,0,0,1,1
0.14,0.398,0.392,0,0,1,1
0.14,0.398,0.395,0,0,1,1
0.14,0.398,0.398,0,0,1,1
0.14,0.398,0.401,0,0,1,1
0.14,0.398,0.404,0,0,1,1
0.14,0.398,0.407,0,0,1,1
0.14,0.398,0.41,0,0,1,1
0.14,0.398,0.413,0,0,1,1
0.14,0.398,0.416,0,0,1,1
0.14,0.398,0.419,0,0,1,1
0.14,0.398,0.422,0,0,1,1
0.14,0.398,0.425,0,0,1,1
0.14,0.398,0.427999,0,0,1,1
0.14,0.398,0.430999,0,0,1,1
0.14,0.398,0.433999,0,0,1,1
0.14,0.398,0.436999,0,0,1,1
0.14,0.398,0.439999,0,0,1,1
0.14,0.395,0.26,0,0,1,1
0.14,0.395,0.263,0,0,1,1
0.14,0.395,0.266,0,0,1,1
0.14,0.395,0.269,0,0,1,1
0.14,0.395,0.272,0,0,1,1
0.14,0.395,0.275,0,0,1,1
0.14,0.395,0.278,0,0,1,1
0.14,0.395,0.281,0,0,1,1
0.14,0.395,0.284,0,0,1,1
0.14,0.395,0.287,0,0,1,1
0.14,0.395,0.29,0,0,1,1
0.14,0.395,0.293,0,0,1,1
0.14,0.395,0.296,0,0,1,1
0.14,0.395,0.299,0,0,1,1
0.14,0.395,0.302,0,0,1,1
0.14,0.395,0.305,0,0,1,1
0.14,0.395,0.308,0,0,1,1
0.14,0.395,0.311,0,0,1,1
0.14,0.395,0.314,0,0,1,1
0.14,0.395,0.317,0,0,1,1
0.14,0.395,0.32,0,0,1,1
0.14,0.395,0.323,0,0,1,1
0.14,0.395,0.326,0,0,1,1
0.14,0.395,0.329,0,0,1,1
0.14,0.395,0.332,0,0,1,1
0.14,0.395,0.335,0,0,1,1
0.14,0.395,0.338,0,0,1,1
0.14,0.395,0.341,0,0,1,1
0.14,0.395,0.344,0,0,1,1
0.14,0.395,0.347,0,0,1,1
0.14,0.395,0.35,0,0,1,1
0.14,0.395,0.353,0,0,1,1
0.14,0.395,0.356,0,0,1,1
0.14,0.395,0.359,0,0,1,1
0.14,0.395,0.362,0,0,1,1
0.14,0.395,0.365,0,0,1,1
0.14,0.395,0.368,0,0,1,1
0.14,0.395,0.371,0,0,1,1
0.14,0.395,0.374,0,0,1,1
0.14,0.395,0.377,0,0,1,1
0.14,0.395,0.38,0,0,1,1
0.14,0.395,0.383,0,0,1,1
0.14,0.395,0.386,0,0,1,1
0.14,0.395,0.389,0,0,1,1
0.14,0.395,0.392,0,0,1,1
0.14,0.395,0.395,0,0,1,1
0.14,0.395,0.398,0,0,1,1
0.14,0.395,0.401,0,0,1,1
0.14,0.395,0.404,0,0,1,1
0.14,0.395,0.407,0,0,1,1
0.14,0.395,0.41,0,0,1,1
0.14,0.395,0.413,0,0,1,1
0.14,0.395,0.416,0,0,1,1
0.14,0.395,0.419,0,0,1,1
0.14,0.395,0.422,0,0,1,1
0.14,0.395,0.425,0,0,1,1
0.14,0.395,0.427999,0,0,1,1
0.14,0.395,0.430999,0,0,1,1
0.14,0.395,0.433999,0,0,1,1
0.14,0.395,0.436999,0,0,1,1
0.14,0.395,0.439999,0,0,1,1
0.14,0.392,0.26,0,0,1,1
0.14,0.392,0.263,0,0,1,1
0.14,0.392,0.266,0,0,1,1
0.14,0.392,0.269,0,0,1,1
0.14,0.392,0.272,0,0,1,1
0.14,0.392,0.275,0,0,1,1
0.14,0.392,0.278,0,0,1,1
0.14,0.392,0.281,0,0,1,1
0.14,0.392,0.284,0,0,1,1
0.14,0.392,0.287,0,0,1,1
0.14,0.392,0.29,0,0,1,1
0.14,0.392,0.293,0,0,1,1
0.14,0.392,0.296,0,0,1,1
0.14,0.392,0.299,0,0,1,1
0.14,0.392,0.302,0,0,1,1
0.14,0.392,0.305,0,0,1,1
0.14,0.392,0.308,0,0,1,1
0.14,0.392,0.311,0,0,1,1
0.14,0.392,0.314,0,0,1,1
0.14,0.392,0.317,0,0,1,1
0.14,0.392,0.32,0,0,1,1
0.14,0.392,0.323,0,0,1,1
0.14,0.392,0.326,0,0,1,1
0.14,0.392,0.329,0,0,1,1
0.14,0.392,0.332,0,0,1,1
0.14,0.392,0.335,0,0,1,1
0.14,0.392,0.338,0,0,1,1
0.14,0.392,0.341,0,0,1,1
0.14,0.392,0.344,0,0,1,1
0.14,0.392,0.347,0,0,1,1
0.14,0.392,0.35,0,0,1,1
0.14,0.392,0.353,0,0,1,1
0.14,0.392,0.356,0,0,1,1
0.14,0.392,0.359,0,0,1,1
0.14,0.392,0.362,0,0,1,1
0.14,0.392,0.365,0,0,1,1
0.14,0.392,0.368,0,0,1,1
0.14,0.392,0.371,0,0,1,1
0.14,0.392,0.374,0,0,1,1
0.14,0.392,0.377,0,0,1,1
0.14,0.392,0.38,0,0,1,1
0.14,0.392,0.383,0,0,1,1
0.14,0.392,0.386,0,0,1,1
0.14,0.392,0.389,0,0,1,1
0.14,0.392,0.392,0,0,1,1
0.14,0.392,0.395,0,0,1,1
0.14,0.392,0.398,0,0,1,1
0.14,0.392,0.401,0,0,1,1
0.14,0.392,0.404,0,0,1,1
0.14,0.392,0.407,0,0,1,1
0.14,0.392,0.41,0,0,1,1
0.14,0.392,0.413,0,0,1,1
0.14,0.392,0.416,0,0,1,1
0.14,0.392,0.419,0,0,1,1
0.14,0.392,0.422,0,0,1,1
0.14,0.392,0.425,0,0,1,1
0.14,0.392,0.427999,0,0,1,1
0.14,0.392,0.430999,0,0,1,1
0.14,0.392,0.433999,0,0,1,1
0.14,0.392,0.436999,0,0,1,1
0.14,0.392,0.439999,0,0,1,1
0.14,0.389,0.26,0,0,1,1
0.14,0.389,0.263,0,0,1,1
0.14,0.389,0.266,0,0,1,1
0.14,0.389,0.269,0,0,1,1
0.14,0.389,0.272,0,0,1,1
0.14,0.389,0.275,0,0,1,1
0.14,0.389,0.278,0,0,1,1
0.14,0.389,0.281,0,0,1,1
0.14,0.389,0.284,0,0,1,1
0.14,0.389,0.287,0,0,1,1
0.14,0.389,0.29,0,0,1,1
0.14,0.389,0.293,0,0,1,1
0.14,0.389,0.296,0,0,1,1
0.14,0.389,0.299,0,0,1,1
0.14,0.389,0.302,0,0,1,1
0.14,0.389,0.305,0,0,1,1
0.14,0.389,0.308,0,0,1,1
0.14,0.389,0.311,0,0,1,1
0.14,0.389,0.314,0,0,1,1
0.14,0.389,0.317,0,0,1,1
0.14,0.389,0.32,0,0,1,1
0.14,0.389,0.323,0,0,1,1
0.14,0.389,0.326,0,0,1,1
0.14,0.389,0.329,0,0,1,1
0.14,0.389,0.332,0,0,1,1
0.14,0.389,0.335,0,0,1,1
0.14,0.389,0.338,0,0,1,1
0.14,0.389,0.341,0,0,1,1
0.14,0.389,0.344,0,0,1,1
0.14,0.389,0.347,0,0,1,1
0.14,0.389,0.35,0,0,1,1
0.14,0.389,0.353,0,0,1,1
0.14,0.389,0.356,0,0,1,1
0.14,0.389,0.359,0,0,1,1
0.14,0.389,0.362,0,0,1,1
0.14,0.389,0.365,0,0,1,1
0.14,0.389,0.368,0,0,1,1
0.14,0.389,0.371,0,0,1,1
0.14,0.389,0.374,0,0,1,1
0.14,0.389,0.377,0,0,1,1
0.14,0.389,0.38,0,0,1,1
0.14,0.389,0.383,0,0,1,1
0.14,0.389,0.386,0,0,1,1
0.14,0.389,0.389,0,0,1,1
0.14,0.389,0.392,0,0,1,1
0.14,0.389,0.395,0,0,1,1
0.14,0.389,0.398,0,0,1,1
0.14,0.389,0.401,0,0,1,1
0.14,0.389,0.404,0,0,1,1
0.14,0.389,0.407,0,0,1,1
0.14,0.389,0.41,0,0,1,1
0.14,0.389,0.413,0,0,1,1
0.14,0.389,0.416,0,0,1,1
0.14,0.389,0.419,0,0,1,1
0.14,0.389,0.422,0,0,1,1
0.14,0.389,0.425,0,0,1,1
0.14,0.389,0.427999,0,0,1,1
0.14,0.389,0.430999,0,0,1,1
0.14,0.389,0.433999,0,0,1,1
0.14,0.389,0.436999,0,0,1,1
0.14,0.389,0.439999,0,0,1,1
0.14,0.386,0.26,0,0,1,1
0.14,0.386,0.263,0,0,1,1
0.14,0.386,0.266,0,0,1,1
0.14,0.386,0.269,0,0,1,1
0.14,0.386,0.272,0,0,1,1
0.14,0.386,0.275,0,0,1,1
0.14,0.386,0.278,0,0,1,1
0.14,0.386,0.281,0,0,1,1
0.14,0.386,0.284,0,0,1,1
0.14,0.386,0.287,0,0,1,1
0.14,0.386,0.29,0,0,1,1
0.14,0.386,0.293,0,0,1,1
0.14,0.386,0.296,0,0,1,1
0.14,0.386,0.299,0,0,1,1
0.14,0.386,0.302,0,0,1,1
0.14,0.386,0.305,0,0,1,1
0.14,0.386,0.308,0,0,1,1
0.14,0.386,0.311,0,0,1,1
0.14,0.386,0.314,0,0,1,1
0.14,0.386,0.317,0,0,1,1
0.14,0.386,0.32,0,0,1,1
0.14,0.386,0.323,0,0,1,1
0.14,0.386,0.326,0,0,1,1
0.14,0.386,0.329,0,0,1,1
0.14,0.386,0.332,0,0,1,1
0.14,0.386,0.335,0,0,1,1
0.14,0.386,0.338,0,0,1,1
0.14,0.386,0.341,0,0,1,1
0.14,0.386,0.344,0,0,1,1
0.14,0.386,0.347,0,0,1,1
0.14,0.386,0.35,0,0,1,1
0.14,0.386,0.353,0,0,1,1
0.14,0.386,0.356,0,0,1,1
0.14,0.386,0.359,0,0,1,1
0.14,0.386,0.362,0,0,1,1
0.14,0.386,0.365,0,0,1,1
0.14,0.386,0.368,0,0,1,1
0.14,0.386,0.371,0,0,1,1
0.14,0.386,0.374,0,0,1,1
0.14,0.386,0.377,0,0,1,1
0.14,0.386,0.38,0,0,1,1
0.14,0.386,0.383,0,0,1,1
0.14,0.386,0.386,0,0,1,1
0.14,0.386,0.389,0,0,1,1
0.14,0.386,0.392,0,0,1,1
0.14,0.386,0.395,0,0,1,1
0.14,0.386,0.398,0,0,1,1
0.14,0.386,0.401,0,0,1,1
0.14,0.386,0.404,0,0,1,1
0.14,0.386,0.407,0,0,1,1
0.14,0.386,0.41,0,0,1,1
0.14,0.386,0.413,0,0,1,1
0.14,0.386,0.416,0,0,1,1
0.14,0.386,0.419,0,0,1,1
0.14,0.386,0.422,0,0,1,1
0.14,0.386,0.425,0,0,1,1
0.14,0.386,0.427999,0,0,1,1
0.14,0.386,0.430999,0,0,1,1
0.14,0.386,0.433999,0,0,1,1
0.14,0.386,0.436999,0,0,1,1
0.14,0.386,0.439999,0,0,1,1
0.14,0.383,0.26,0,0,1,1
0.14,0.383,0.263,0,0,1,1
0.14,0.383,0.266,0,0,1,1
0.14,0.383,0.269,0,0,1,1
0.14,0.383,0.272,0,0,1,1
0.14,0.383,0.275,0,0,1,1
0.14,0.383,0.278,0,0,1,1
0.14,0.383,0.281,0,0,1,1
0.14,0.383,0.284,0,0,1,1
0.14,0.383,0.287,0,0,1,1
0.14,0.383,0.29,0,0,1,1
0.14,0.383,0.293,0,0,1,1
0.14,0.383,0.296,0,0,1,1
0.14,0.383,0.299,0,0,1,1
0.14,0.383,0.302,0,0,1,1
0.14,0.383,0.305,0,0,1,1
0.14,0.383,0.308,0,0,1,1
0.14,0.383,0.311,0,0,1,1
0.14,0.383,0.314,0,0,1,1
0.14,0.383,0.317,0,0,1,1
0.14,0.383,0.32,0,0,1,1
0.14,0.383,0.323,0,0,1,1
0.14,0.383,0.326,0,0,1,1
0.14,0.383,0.329,0,0,1,1
0.14,0.383,0.332,0,0,1,1
0.14,0.383,0.335,0,0,1,1
0.14,0.383,0.338,0,0,1,1
0.14,0.383,0.341,0,0,1,1
0.14,0.383,0.344,0,0,1,1
0.14,0.383,0.347,0,0,1,1
0.14,0.383,0.35,0,0,1,1
0.14,0.383,0.353,0,0,1,1
0.14,0.383,0.356,0,0,1,1
0.14,0.383,0.359,0,0,1,1
0.14,0.383,0.362,0,0,1,1
0.14,0.383,0.365,0,0,1,1
0.14,0.383,0.368,0,0,1,1
0.14,0.383,0.371,0,0,1,1
0.14,0.383,0.374,0,0,1,1
0.14,0.383,0.377,0,0,1,1
0.14,0.383,0.38,0,0,1,1
0.14,0.383,0.383,0,0,1,1
0.14,0.383,0.386,0,0,1,1
0.14,0.383,0.389,0,0,1,1
0.14,0.383,0.392,0,0,1,1
0.14,0.383,0.395,0,0,1,1
0.14,0.383,0.398,0,0,1,1
0.14,0.383,0.401,0,0,1,1
0.14,0.383,0.404,0,0,1,1
0.14,0.383,0.407,0,0,1,1
0.14,0.383,0.41,0,0,1,1
0.14,0.383,0.413,0,0,1,1
0.14,0.383,0.416,0,0,1,1
0.14,0.383,0.419,0,0,1,1
0.14,0.383,0.422,0,0,1,1
0.14,0.383,0.425,0,0,1,1
0.14,0.383,0.427999,0,0,1,1
0.14,0.383,0.430999,0,0,1,1
0.14,0.383,0.433999,0,0,1,1
0.14,0.383,0.436999,0,0,1,1
0.14,0.383,0.439999,0,0,1,1
0.14,0.38,0.26,0,0,1,1
0.14,0.38,0.263,0,0,1,1
0.14,0.38,0.266,0,0,1,1
0.14,0.38,0.269,0,0,1,1
0.14,0.38,0.272,0,0,1,1
0.14,0.38,0.275,0,0,1,1
0.14,0.38,0.278,0,0,1,1
0.14,0.38,0.281,0,0,1,1
0.14,0.38,0.284,0,0,1,1
0.14,0.38,0.287,0,0,1,1
0.14,0.38,0.29,0,0,1,1
0.14,0.38,0.293,0,0,1,1
0.14,0.38,0.296,0,0,1,1
0.14,0.38,0.299,0,0,1,1
0.14,0.38,0.302,0,0,1,1
0.14,0.38,0.305,0,0,1,1
0.14,0.38,0.308,0,0,1,1
0.14,0.38,0.311,0,0,1,1
0.14,0.38,0.314,0,0,1,1
0.14,0.38,0.317,0,0,1,1
0.14,0.38,0.32,0,0,1,1
0.14,0.38,0.323,0,0,1,1
0.14,0.38,0.326,0,0,1,1
0.14,0.38,0.329,0,0,1,1
0.14,0.38,0.332,0,0,1,1
0.14,0.38,0.335,0,0,1,1
0.14,0.38,0.338,0,0,1,1
0.14,0.38,0.341,0,0,1,1
0.14,0.38,0.344,0,0,1,1
0.14,0.38,0.347,0,0,1,1
0.14,0.38,0.35,0,0,1,1
0.14,0.38,0.353,0,0,1,1
0.14,0.38,0.356,0,0,1,1
0.14,0.38,0.359,0,0,1,1
0.14,0.38,0.362,0,0,1,1
0.14,0.38,0.365,0,0,1,1
0.14,0.38,0.368,0,0,1,1
0.14,0.38,0.371,0,0,1,1
0.14,0.38,0.374,0,0,1,1
0.14,0.38,0.377,0,0,1,1
0.14,0.38,0.38,0,0,1,1
0.14,0.38,0.383,0,0,1,1
0.14,0.38,0.386,0,0,1,1
0.14,0.38,0.389,0,0,1,1
0.14,0.38,0.392,0,0,1,1
0.14,0.38,0.395,0,0,1,1
0.14,0.38,0.398,0,0,1,1
0.14,0.38,0.401,0,0,1,1
0.14,0.38,0.404,0,0,1,1
0.14,0.38,0.407,0,0,1,1
0.14,0.38,0.41,0,0,1,1
0.14,0.38,0.413,0,0,1,1
0.14,0.38,0.416,0,0,1,1
0.14,0.38,0.419,0,0,1,1
0.14,0.38,0.422,0,0,1,1
0.14,0.38,0.425,0,0,1,1
0.14,0.38,0.427999,0,0,1,1
0.14,0.38,0.430999,0,0,1,1
0.14,0.38,0.433999,0,0,1,1
0.14,0.38,0.436999,0,0,1,1
0.14,0.38,0.439999,0,0,1,1
0.14,0.377,0.26,0,0,1,1
0.14,0.377,0.263,0,0,1,1
0.14,0.377,0.266,0,0,1,1
0.14,0.377,0.269,0,0,1,1
0.14,0.377,0.272,0,0,1,1
0.14,0.377,0.275,0,0,1,1
0.14,0.377,0.278,0,0,1,1
0.14,0.377,0.281,0,0,1,1
0.14,0.377,0.284,0,0,1,1
0.14,0.377,0.287,0,0,1,1
0.14,0.377,0.29,0,0,1,1
0.14,0.377,0.293,0,0,1,1
0.14,0.377,0.296,0,0,1,1
0.14,0.377,0.299,0,0,1,1
0.14,0.377,0.302,0,0,1,1
0.14,0.377,0.305,0,0,1,1
0.14,0.377,0.308,0,0,1,1
0.14,0.377,0.311,0,0,1,1
0.14,0.377,0.314,0,0,1,1
0.14,0.377,0.317,0,0,1,1
0.14,0.377,0.32,0,0,1,1
0.14,0.377,0.323,0,0,1,1
0.14,0.377,0.326,0,0,1,1
0.14,0.377,0.329,0,0,1,1
0.14,0.377,0.332,0,0,1,1
0.14,0.377,0.335,0,0,1,1
0.14,0.377,0.338,0,0,1,1
0.14,0.377,0.341,0,0,1,1
0.14,0.377,0.344,0,0,1,1
0.14,0.377,0.347,0,0,1,1
0.14,0.377,0.35,0,0,1,1
0.14,0.377,0.353,0,0,1,1
0.14,0.377,0.356,0,0,1,1
0.14,0.377,0.359,0,0,1,1
0.14,0.377,0.362,0,0,1,1
0.14,0.377,0.365,0,0,1,1
0.14,0.377,0.368,0,0,1,1
0.14,0.377,0.371,0,0,1,1
0.14,0.377,0.374,0,0,1,1
0.14,0.377,0.377,0,0,1,1
0.14,0.377,0.38,0,0,1,1
0.14,0.377,0.383,0,0,1,1
0.14,0.377,0.386,0,0,1,1
0.14,0.377,0.389,0,0,1,1
0.14,0.377,0.392,0,0,1,1
0.14,0.377,0.395,0,0,1,1
0.14,0.377,0.398,0,0,1,1
0.14,0.377,0.401,0,0,1,1
0.14,0.377,0.404,0,0,1,1
0.14,0.377,0.407,0,0,1,1
0.14,0.377,0.41,0,0,1,1
0.14,0.377,0.413,0,0,1,1
0.14,0.377,0.416,0,0,1,1
0.14,0.377,0.419,0,0,1,1
0.14,0.377,0.422,0,0,1,1
0.14,0.377,0.425,0,0,1,1
0.14,0.377,0.427999,0,0,1,1
0.14,0.377,0.430999,0,0,1,1
0.14,0.377,0.433999,0,0,1,1
0.14,0.377,0.436999,0,0,1,1
0.14,0.377,0.439999,0,0,1,1
0.14,0.374,0.26,0,0,1,1
0.14,0.374,0.263,0,0,1,1
0.14,0.374,0.266,0,0,1,1
0.14,0.374,0.269,0,0,1,1
0.14,0.374,0.272,0,0,1,1
0.14,0.374,0.275,0,0,1,1
0.14,0.374,0.278,0,0,1,1
0.14,0.374,0.281,0,0,1,1
0.14,0.374,0.284,0,0,1,1
0.14,0.374,0.287,0,0,1,1
0.14,0.374,0.29,0,0,1,1
0.14,0.374,0.293,0,0,1,1
0.14,0.374,0.296,0,0,1,1
0.14,0.374,0.299,0,0,1,1
0.14,0.374,0.302,0,0,1,1
0.14,0.374,0.305,0,0,1,1
0.14,0.374,0.308,0,0,1,1
0.14,0.374,0.311,0,0,1,1
0.14,0.374,0.314,0,0,1,1
0.14,0.374,0.317,0,0,1,1
0.14,0.374,0.32,0,0,1,1
0.14,0.374,0.323,0,0,1,1
0.14,0.374,0.326,0,0,1,1
0.14,0.374,0.329,0,0,1,1
0.14,0.374,0.332,0,0,1,1
0.14,0.374,0.335,0,0,1,1
0.14,0.374,0.338,0,0,1,1
0.14,0.374,0.341,0,0,1,1
0.14,0.374,0.344,0,0,1,1
0.14,0.374,0.347,0,0,1,1
0.14,0.374,0.35,0,0,1,1
0.14,0.374,0.353,0,0,1,1
0.14,0.374,0.356,0,0,1,1
0.14,0.374,0.359,0,0,1,1
0.14,0.374,0.362,0,0,1,1
0.14,0.374,0.365,0,0,1,1
0.14,0.374,0.368,0,0,1,1
0.14,0.374,0.371,0,0,1,1
0.14,0.374,0.374,0,0,1,1
0.14,0.374,0.377,0,0,1,1
0.14,0.374,0.38,0,0,1,1
0.14,0.374,0.383,0,0,1,1
0.14,0.374,0.386,0,0,1,1
0.14,0.374,0.389,0,0,1,1
0.14,0.374,0.392,0,0,1,1
0.14,0.374,0.395,0,0,1,1
0.14,0.374,0.398,0,0,1,1
0.14,0.374,0.401,0,0,1,1
0.14,0.374,0.404,0,0,1,1
0.14,0.374,0.407,0,0,1,1
0.14,0.374,0.41,0,0,1,1
0.14,0.374,0.413,0,0,1,1
0.14,0.374,0.416,0,0,1,1
0.14,0.374,0.419,0,0,1,1
0.14,0.374,0.422,0,0,1,1
0.14,0.374,0.425,0,0,1,1
0.14,0.374,0.427999,0,0,1,1
0.14,0.374,0.430999,0,0,1,1
0.14,0.374,0.433999,0,0,1,1
0.14,0.374,0.436999,0,0,1,1
0.14,0.374,0.439999,0,0,1,1
0.14,0.371,0.26,0,0,1,1
0.14,0.371,0.263,0,0,1,1
0.14,0.371,0.266,0,0,1,1
0.14,0.371,0.269,0,0,1,1
0.14,0.371,0.272,0,0,1,1
0.14,0.371,0.275,0,0,1,1
0.14,0.371,0.278,0,0,1,1
0.14,0.371,0.281,0,0,1,1
0.14,0.371,0.284,0,0,1,1
0.14,0.371,0.287,0,0,1,1
0.14,0.371,0.29,0,0,1,1
0.14,0.371,0.293,0,0,1,1
0.14,0.371,0.296,0,0,1,1
0.14,0.371,0.299,0,0,1,1
0.14,0.371,0.302,0,0,1,1
0.14,0.371,0.305,0,0,1,1
0.14,0.371,0.308,0,0,1,1
0.14,0.371,0.311,0,0,1,1
0.14,0.371,0.314,0,0,1,1
0.14,0.371,0.317,0,0,1,1
0.14,0.371,0.32,0,0,1,1
0.14,0.371,0.323,0,0,1,1
0.14,0.371,0.326,0,0,1,1
0.14,0.371,0.329,0,0,1,1
0.14,0.371,0.332,0,0,1,1
0.14,0.371,0.335,0,0,1,1
0.14,0.371,0.338,0,0,1,1
0.14,0.371,0.341,0,0,1,1
0.14,0.371,0.344,0,0,1,1
0.14,0.371,0.347,0,0,1,1
0.14,0.371,0.35,0,0,1,1
0.14,0.371,0.353,0,0,1,1
0.14,0.371,0.356,0,0,1,1
0.14,0.371,0.359,0,0,1,1
0.14,0.371,0.362,0,0,1,1
0.14,0.371,0.365,0,0,1,1
0.14,0.371,0.368,0,0,1,1
0.14,0.371,0.371,0,0,1,1
0.14,0.371,0.374,0,0,1,1
0.14,0.371,0.377,0,0,1,1
0.14,0.371,0.38,0,0,1,1
0.14,0.371,0.383,0,0,1,1
0.14,0.371,0.386,0,0,1,1
0.14,0.371,0.389,0,0,1,1
0.14,0.371,0.392,0,0,1,1
0.14,0.371,0.395,0,0,1,1
0.14,0.371,0.398,0,0,1,1
0.14,0.371,0.401,0,0,1,1
0.14,0.371,0.404,0,0,1,1
0.14,0.371,0.407,0,0,1,1
0.14,0.371,0.41,0,0,1,1
0.14,0.371,0.413,0,0,1,1
0.14,0.371,0.416,0,0,1,1
0.14,0.371,0.419,0,0,1,1
0.14,0.371,0.422,0,0,1,1
0.14,0.371,0.425,0,0,1,1
0.14,0.371,0.427999,0,0,1,1
0.14,0.371,0.430999,0,0,1,1
0.14,0.371,0.433999,0,0,1,1
0.14,0.371,0.436999,0,0,1,1
0.14,0.371,0.439999,0,0,1,1
0.14,0.368,0.26,0,0,1,1
0.14,0.368,0.263,0,0,1,1
0.14,0.368,0.266,0,0,1,1
0.14,0.368,0.269,0,0,1,1
0.14,0.368,0.272,0,0,1,1
0.14,0.368,0.275,0,0,1,1
0.14,0.368,0.278,0,0,1,1
0.14,0.368,0.281,0,0,1,1
0.14,0.368,0.284,0,0,1,1
0.14,0.368,0.287,0,0,1,1
0.14,0.368,0.29,0,0,1,1
0.14,0.368,0.293,0,0,1,1
0.14,0.368,0.296,0,0,1,1
0.14,0.368,0.299,0,0,1,1
0.14,0.368,0.302,0,0,1,1
0.14,0.368,0.305,0,0,1,1
0.14,0.368,0.308,0,0,1,1
0.14,0.368,0.311,0,0,1,1
0.14,0.368,0.314,0,0,1,1
0.14,0.368,0.317,0,0,1,1
0.14,0.368,0.32,0,0,1,1
0.14,0.368,0.323,0,0,1,1
0.14,0.368,0.326,0,0,1,1
0.14,0.368,0.329,0,0,1,1
0.14,0.368,0.332,0,0,1,1
0.14,0.368,0.335,0,0,1,1
0.14,0.368,0.338,0,0,1,1
0.14,0.368,0.341,0,0,1,1
0.14,0.368,0.344,0,0,1,1
0.14,0.368,0.347,0,0,1,1
0.14,0.368,0.35,0,0,1,1
0.14,0.368,0.353,0,0,1,1
0.14,0.368,0.356,0,0,1,1
0.14,0.368,0.359,0,0,1,1
0.14,0.368,0.362,0,0,1,1
0.14,0.368,0.365,0,0,1,1
0.14,0.368,0.368,0,0,1,1
0.14,0.368,0.371,0,0,1,1
0.14,0.368,0.374,0,0,1,1
0.14,0.368,0.377,0,0,1,1
0.14,0.368,0.38,0,0,1,1
0.14,0.368,0.383,0,0,1,1
0.14,0.368,0.386,0,0,1,1
0.14,0.368,0.389,0,0,1,1
0.14,0.368,0.392,0,0,1,1
0.14,0.368,0.395,0,0,1,1
0.14,0.368,0.398,0,0,1,1
0.14,0.368,0.401,0,0,1,1
0.14,0.368,0.404,0,0,1,1
0.14,0.368,0.407,0,0,1,1
0.14,0.368,0.41,0,0,1,1
0.14,0.368,0.413,0,0,1,1
0.14,0.368,0.416,0,0,1,1
0.14,0.368,0.419,0,0,1,1
0.14,0.368,0.422,0,0,1,1
0.14,0.368,0.425,0,0,1,1
0.14,0.368,0.427999,0,0,1,1
0.14,0.368,0.430999,0,0,1,1
0.14,0.368,0.433999,0,0,1,1
0.14,0.368,0.436999,0,0,1,1
0.14,0.368,0.439999,0,0,1,1
0.14,0.365,0.26,0,0,1,1
0.14,0.365,0.263,0,0,1,1
0.14,0.365,0.266,0,0,1,1
0.14,0.365,0.269,0,0,1,1
0.14,0.365,0.272,0,0,1,1
0.14,0.365,0.275,0,0,1,1
0.14,0.365,0.278,0,0,1,1
0.14,0.365,0.281,0,0,1,1
0.14,0.365,0.284,0,0,1,1
0.14,0.365,0.287,0,0,1,1
0.14,0.365,0.29,0,0,1,1
0.14,0.365,0.293,0,0,1,1
0.14,0.365,0.296,0,0,1,1
0.14,0.365,0.299,0,0,1,1
0.14,0.365,0.302,0,0,1,1
0.14,0.365,0.305,0,0,1,1
0.14,0.365,0.308,0,0,1,1
0.14,0.365,0.311,0,0,1,1
0.14,0.365,0.314,0,0,1,1
0.14,0.365,0.317,0,0,1,1
0.14,0.365,0.32,0,0,1,1
0.14,0.365,0.323,0,0,1,1
0.14,0.365,0.326,0,0,1,1
0.14,0.365,0.329,0,0,1,1
0.14,0.365,0.332,0,0,1,1
0.14,0.365,0.335,0,0,1,1
0.14,0.365,0.338,0,0,1,1
0.14,0.365,0.341,0,0,1,1
0.14,0.365,0.344,0,0,1,1
0.14,0.365,0.347,0,0,1,1
0.14,0.365,0.35,0,0,1,1
0.14,0.365,0.353,0,0,1,1
0.14,0.365,0.356,0,0,1,1
0.14,0.365,0.359,0,0,1,1
0.14,0.365,0.362,0,0,1,1
0.14,0.365,0.365,0,0,1,1
0.14,0.365,0.368,0,0,1,1
0.14,0.365,0.371,0,0,1,1
0.14,0.365,0.374,0,0,1,1
0.14,0.365,0.377,0,0,1,1
0.14,0.365,0.38,0,0,1,1
0.14,0.365,0.383,0,0,1,1
0.14,0.365,0.386,0,0,1,1
0.14,0.365,0.389,0,0,1,1
0.14,0.365,0.392,0,0,1,1
0.14,0.365,0.395,0,0,1,1
0.14,0.365,0.398,0,0,1,1
0.14,0.365,0.401,0,0,1,1
0.14,0.365,0.404,0,0,1,1
0.14,0.365,0.407,0,0,1,1
0.14,0.365,0.41,0,0,1,1
0.14,0.365,0.413,0,0,1,1
0.14,0.365,0.416,0,0,1,1
0.14,0.365,0.419,0,0,1,1
0.14,0.365,0.422,0,0,1,1
0.14,0.365,0.425,0,0,1,1
0.14,0.365,0.427999,0,0,1,1
0.14,0.365,0.430999,0,0,1,1
0.14,0.365,0.433999,0,0,1,1
0.14,0.365,0.436999,0,0,1,1
0.14,0.365,0.439999,0,0,1,1
0.14,0.362,0.26,0,0,1,1
0.14,0.362,0.263,0,0,1,1
0.14,0.362,0.266,0,0,1,1
0.14,0.362,0.269,0,0,1,1
0.14,0.362,0.272,0,0,1,1
0.14,0.362,0.275,0,0,1,1
0.14,0.362,0.278,0,0,1,1
0.14,0.362,0.281,0,0,1,1
0.14,0.362,0.284,0,0,1,1
0.14,0.362,0.287,0,0,1,1
0.14,0.362,0.29,0,0,1,1
0.14,0.362,0.293,0,0,1,1
0.14,0.362,0.296,0,0,1,1
0.14,0.362,0.299,0,0,1,1
0.14,0.362,0.302,0,0,1,1
0.14,0.362,0.305,0,0,1,1
0.14,0.362,0.308,0,0,1,1
0.14,0.362,0.311,0,0,1,1
0.14,0.362,0.314,0,0,1,1
0.14,0.362,0.317,0,0,1,1
0.14,0.362,0.32,0,0,1,1
0.14,0.362,0.323,0,0,1,1
0.14,0.362,0.326,0,0,1,1
0.14,0.362,0.329,0,0,1,1
0.14,0.362,0.332,0,0,1,1
0.14,0.362,0.335,0,0,1,1
0.14,0.362,0.338,0,0,1,1
0.14,0.362,0.341,0,0,1,1
0.14,0.362,0.344,0,0,1,1
0.14,0.362,0.347,0,0,1,1
0.14,0.362,0.35,0,0,1,1
0.14,0.362,0.353,0,0,1,1
0.14,0.362,0.356,0,0,1,1
0.14,0.362,0.359,0,0,1,1
0.14,0.362,0.362,0,0,1,1
0.14,0.362,0.365,0,0,1,1
0.14,0.362,0.368,0,0,1,1
0.14,0.362,0.371,0,0,1,1
0.14,0.362,0.374,0,0,1,1
0.14,0.362,0.377,0,0,1,1
0.14,0.362,0.38,0,0,1,1
0.14,0.362,0.383,0,0,1,1
0.14,0.362,0.386,0,0,1,1
0.14,0.362,0.389,0,0,1,1
0.14,0.362,0.392,0,0,1,1
0.14,0.362,0.395,0,0,1,1
0.14,0.362,0.398,0,0,1,1
0.14,0.362,0.401,0,0,1,1
0.14,0.362,0.404,0,0,1,1
0.14,0.362,0.407,0,0,1,1
0.14,0.362,0.41,0,0,1,1
0.14,0.362,0.413,0,0,1,1
0.14,0.362,0.416,0,0,1,1
0.14,0.362,0.419,0,0,1,1
0.14,0.362,0.422,0,0,1,1
0.14,0.362,0.425,0,0,1,1
0.14,0.362,0.427999,0,0,1,1
0.14,0.362,0.430999,0,0,1,1
0.14,0.362,0.433999,0,0,1,1
0.14,0.362,0.436999,0,0,1,1
0.14,0.362,0.439999,0,0,1,1
0.14,0.359,0.26,0,0,1,1
0.14,0.359,0.263,0,0,1,1
0.14,0.359,0.266,0,0,1,1
0.14,0.359,0.269,0,0,1,1
0.14,0.359,0.272,0,0,1,1
0.14,0.359,0.275,0,0,1,1
0.14,0.359,0.278,0,0,1,1
0.14,0.359,0.281,0,0,1,1
0.14,0.359,0.284,0,0,1,1
0.14,0.359,0.287,0,0,1,1
0.14,0.359,0.29,0,0,1,1
0.14,0.359,0.293,0,0,1,1
0.14,0.359,0.296,0,0,1,1
0.14,0.359,0.299,0,0,1,1
0.14,0.359,0.302,0,0,1,1
0.14,0.359,0.305,0,0,1,1
0.14,0.359,0.308,0,0,1,1
0.14,0.359,0.311,0,0,1,1
0.14,0.359,0.314,0,0,1,1
0.14,0.359,0.317,0,0,1,1
0.14,0.359,0.32,0,0,1,1
0.14,0.359,0.323,0,0,1,1
0.14,0.359,0.326,0,0,1,1
0.14,0.359,0.329,0,0,1,1
0.14,0.359,0.332,0,0,1,1
0.14,0.359,0.335,0,0,1,1
0.14,0.359,0.338,0,0,1,1
0.14,0.359,0.341,0,0,1,1
0.14,0.359,0.344,0,0,1,1
0.14,0.359,0.347,0,0,1,1
0.14,0.359,0.35,0,0,1,1
0.14,0.359,0.353,0,0,1,1
0.14,0.359,0.356,0,0,1,1
0.14,0.359,0.359,0,0,1,1
0.14,0.359,0.362,0,0,1,1
0.14,0.359,0.365,0,0,1,1
0.14,0.359,0.368,0,0,1,1
0.14,0.359,0.371,0,0,1,1
0.14,0.359,0.374,0,0,1,1
0.14,0.359,0.377,0,0,1,1
0.14,0.359,0.38,0,0,1,1
0.14,0.359,0.383,0,0,1,1
0.14,0.359,0.386,0,0,1,1
0.14,0.359,0.389,0,0,1,1
0.14,0.359,0.392,0,0,1,1
0.14,0.359,0.395,0,0,1,1
0.14,0.359,0.398,0,0,1,1
0.14,0.359,0.401,0,0,1,1
0.14,0.359,0.404,0,0,1,1
0.14,0.359,0.407,0,0,1,1
0.14,0.359,0.41,0,0,1,1
0.14,0.359,0.413,0,0,1,1
0.14,0.359,0.416,0,0,1,1
0.14,0.359,0.419,0,0,1,1
0.14,0.359,0.422,0,0,1,1
0.14,0.359,0.425,0,0,1,1
0.14,0.359,0.427999,0,0,1,1
0.14,0.359,0.430999,0,0,1,1
0.14,0.359,0.433999,0,0,1,1
0.14,0.359,0.436999,0,0,1,1
0.14,0.359,0.439999,0,0,1,1
0.14,0.356,0.26,0,0,1,1
0.14,0.356,0.263,0,0,1,1
0.14,0.356,0.266,0,0,1,1
0.14,0.356,0.269,0,0,1,1
0.14,0.356,0.272,0,0,1,1
0.14,0.356,0.275,0,0,1,1
0.14,0.356,0.278,0,0,1,1
0.14,0.356,0.281,0,0,1,1
0.14,0.356,0.284,0,0,1,1
0.14,0.356,0.287,0,0,1,1
0.14,0.356,0.29,0,0,1,1
0.14,0.356,0.293,0,0,1,1
0.14,0.356,0.296,0,0,1,1
0.14,0.356,0.299,0,0,1,1
0.14,0.356,0.302,0,0,1,1
0.14,0.356,0.305,0,0,1,1
0.14,0.356,0.308,0,0,1,1
0.14,0.356,0.311,0,0,1,1
0.14,0.356,0.314,0,0,1,1
0.14,0.356,0.317,0,0,1,1
0.14,0.356,0.32,0,0,1,1
0.14,0.356,0.323,0,0,1,1
0.14,0.356,0.326,0,0,1,1
0.14,0.356,0.329,0,0,1,1
0.14,0.356,0.332,0,0,1,1
0.14,0.356,0.335,0,0,1,1
0.14,0.356,0.338,0,0,1,1
0.14,0.356,0.341,0,0,1,1
0.14,0.356,0.344,0,0,1,1
0.14,0.356,0.347,0,0,1,1
0.14,0.356,0.35,0,0,1,1
0.14,0.356,0.353,0,0,1,1
0.14,0.356,0.356,0,0,1,1
0.14,0.356,0.359,0,0,1,1
0.14,0.356,0.362,0,0,1,1
0.14,0.356,0.365,0,0,1,1
0.14,0.356,0.368,0,0,1,1
0.14,0.356,0.371,0,0,1,1
0.14,0.356,0.374,0,0,1,1
0.14,0.356,0.377,0,0,1,1
0.14,0.356,0.38,0,0,1,1
0.14,0.356,0.383,0,0,1,1
0.14,0.356,0.386,0,0,1,1
0.14,0.356,0.389,0,0,1,1
0.14,0.356,0.392,0,0,1,1
0.14,0.356,0.395,0,0,1,1
0.14,0.356,0.398,0,0,1,1
0.14,0.356,0.401,0,0,1,1
0.14,0.356,0.404,0,0,1,1
0.14,0.356,0.407,0,0,1,1
0.14,0.356,0.41,0,0,1,1
0.14,0.356,0.413,0,0,1,1
0.14,0.356,0.416,0,0,1,1
0.14,0.356,0.419,0,0,1,1
0.14,0.356,0.422,0,0,1,1
0.14,0.356,0.425,0,0,1,1
0.14,0.356,0.427999,0,0,1,1
0.14,0.356,0.430999,0,0,1,1
0.14,0.356,0.433999,0,0,1,1
0.14,0.356,0.436999,0,0,1,1
0.14,0.356,0.439999,0,0,1,1
0.14,0.353,0.26,0,0,1,1
0.14,0.353,0.263,0,0,1,1
0.14,0.353,0.266,0,0,1,1
0.14,0.353,0.269,0,0,1,1
0.14,0.353,0.272,0,0,1,1
0.14,0.353,0.275,0,0,1,1
0.14,0.353,0.278,0,0,1,1
0.14,0.353,0.281,0,0,1,1
0.14,0.353,0.284,0,0,1,1
0.14,0.353,0.287,0,0,1,1
0.14,0.353,0.29,0,0,1,1
0.14,0.353,0.293,0,0,1,1
0.14,0.353,0.296,0,0,1,1
0.14,0.353,0.299,0,0,1,1
0.14,0.353,0.302,0,0,1,1
0.14,0.353,0.305,0,0,1,1
0.14,0.353,0.308,0,0,1,1
0.14,0.353,0.311,0,0,1,1
0.14,0.353,0.314,0,0,1,1
0.14,0.353,0.317,0,0,1,1
0.14,0.353,0.32,0,0,1,1
0.14,0.353,0.323,0,0,1,1
0.14,0.353,0.326,0,0,1,1
0.14,0.353,0.329,0,0,1,1
0.14,0.353,0.332,0,0,1,1
0.14,0.353,0.335,0,0,1,1
0.14,0.353,0.338,0,0,1,1
0.14,0.353,0.341,0,0,1,1
0.14,0.353,0.344,0,0,1,1
0.14,0.353,0.347,0,0,1,1
0.14,0.353,0.35,0,0,1,1
0.14,0.353,0.353,0,0,1,1
0.14,0.353,0.356,0,0,1,1
0.14,0.353,0.359,0,0,1,1
0.14,0.353,0.362,0,0,1,1
0.14,0.353,0.365,0,0,1,1
0.14,0.353,0.368,0,0,1,1
0.14,0.353,0.371,0,0,1,1
0.14,0.353,0.374,0,0,1,1
0.14,0.353,0.377,0,0,1,1
0.14,0.353,0.38,0,0,1,1
0.14,0.353,0.383,0,0,1,1
0.14,0.353,0.386,0,0,1,1
0.14,0.353,0.389,0,0,1,1
0.14,0.353,0.392,0,0,1,1
0.14,0.353,0.395,0,0,1,1
0.14,0.353,0.398,0,0,1,1
0.14,0.353,0.401,0,0,1,1
0.14,0.353,0.404,0,0,1,1
0.14,0.353,0.407,0,0,1,1
0.14,0.353,0.41,0,0,1,1
0.14,0.353,0.413,0,0,1,1
0.14,0.353,0.416,0,0,1,1
0.14,0.353,0.419,0,0,1,1
0.14,0.353,0.422,0,0,1,1
0.14,0.353,0.425,0,0,1,1
0.14,0.353,0.427999,0,0,1,1
0.14,0.353,0.430999,0,0,1,1
0.14,0.353,0.433999,0,0,1,1
0.14,0.353,0.436999,0,0,1,1
0.14,0.353,0.439999,0,0,1,1
0.14,0.35,0.26,0,0,1,1
0.14,0.35,0.263,0,0,1,1
0.14,0.35,0.266,0,0,1,1
0.14,0.35,0.269,0,0,1,1
0.14,0.35,0.272,0,0,1,1
0.14,0.35,0.275,0,0,1,1
0.14,0.35,0.278,0,0,1,1
0.14,0.35,0.281,0,0,1,1
0.14,0.35,0.284,0,0,1,1
0.14,0.35,0.287,0,0,1,1
0.14,0.35,0.29,0,0,1,1
0.14,0.35,0.293,0,0,1,1
0.14,0.35,0.296,0,0,1,1
0.14,0.35,0.299,0,0,1,1
0.14,0.35,0.302,0,0,1,1
0.14,0.35,0.305,0,0,1,1
0.14,0.35,0.308,0,0,1,1
0.14,0.35,0.311,0,0,1,1
0.14,0.35,0.314,0,0,1,1
0.14,0.35,0.317,0,0,1,1
0.14,0.35,0.32,0,0,1,1
0.14,0.35,0.323,0,0,1,1
0.14,0.35,0.326,0,0,1,1
0.14,0.35,0.329,0,0,1,1
0.14,0.35,0.332,0,0,1,1
0.14,0.35,0.335,0,0,1,1
0.14,0.35,0.338,0,0,1,1
0.14,0.35,0.341,0,0,1,1
0.14,0.35,0.344,0,0,1,1
0.14,0.35,0.347,0,0,1,1
0.14,0.35,0.35,0,0,1,1
0.14,0.35,0.353,0,0,1,1
0.14,0.35,0.356,0,0,1,1
0.14,0.35,0.359,0,0,1,1
0.14,0.35,0.362,0,0,1,1
0.14,0.35,0.365,0,0,1,1
0.14,0.35,0.368,0,0,1,1
0.14,0.35,0.371,0,0,1,1
0.14,0.35,0.374,0,0,1,1
0.14,0.35,0.377,0,0,1,1
0.14,0.35,0.38,0,0,1,1
0.14,0.35,0.383,0,0,1,1
0.14,0.35,0.386,0,0,1,1
0.14,0.35,0.389,0,0,1,1
0.14,0.35,0.392,0,0,1,1
0.14,0.35,0.395,0,0,1,1
0.14,0.35,0.398,0,0,1,1
0.14,0.35,0.401,0,0,1,1
0.14,0.35,0.404,0,0,1,1
0.14,0.35,0.407,0,0,1,1
0.14,0.35,0.41,0,0,1,1
0.14,0.35,0.413,0,0,1,1
0.14,0.35,0.416,0,0,1,1
0.14,0.35,0.419,0,0,1,1
0.14,0.35,0.422,0,0,1,1
0.14,0.35,0.425,0,0,1,1
0.14,0.35,0.427999,0,0,1,1
0.14,0.35,0.430999,0,0,1,1
0.14,0.35,0.433999,0,0,1,1
0.14,0.35,0.436999,0,0,1,1
0.14,0.35,0.439999,0,0,1,1
0.14,0.347,0.26,0,0,1,1
0.14,0.347,0.263,0,0,1,1
0.14,0.347,0.266,0,0,1,1
0.14,0.347,0.269,0,0,1,1
0.14,0.347,0.272,0,0,1,1
0.14,0.347,0.275,0,0,1,1
0.14,0.347,0.278,0,0,1,1
0.14,0.347,0.281,0,0,1,1
0.14,0.347,0.284,0,0,1,1
0.14,0.347,0.287,0,0,1,1
0.14,0.347,0.29,0,0,1,1
0.14,0.347,0.293,0,0,1,1
0.14,0.347,0.296,0,0,1,1
0.14,0.347,0.299,0,0,1,1
0.14,0.347,0.302,0,0,1,1
0.14,0.347,0.305,0,0,1,1
0.14,0.347,0.308,0,0,1,1
0.14,0.347,0.311,0,0,1,1
0.14,0.347,0.314,0,0,1,1
0.14,0.347,0.317,0,0,1,1
0.14,0.347,0.32,0,0,1,1
0.14,0.347,0.323,0,0,1,1
0.14,0.347,0.326,0,0,1,1
0.14,0.347,0.329,0,0,1,1
0.14,0.347,0.332,0,0,1,1
0.14,0.347,0.335,0,0,1,1
0.14,0.347,0.338,0,0,1,1
0.14,0.347,0.341,0,0,1,1
0.14,0.347,0.344,0,0,1,1
0.14,0.347,0.347,0,0,1,1
0.14,0.347,0.35,0,0,1,1
0.14,0.347,0.353,0,0,1,1
0.14,0.347,0.356,0,0,1,1
0.14,0.347,0.359,0,0,1,1
0.14,0.347,0.362,0,0,1,1
0.14,0.347,0.365,0,0,1,1
0.14,0.347,0.368,0,0,1,1
0.14,0.347,0.371,0,0,1,1
0.14,0.347,0.374,0,0,1,1
0.14,0.347,0.377,0,0,1,1
0.14,0.347,0.38,0,0,1,1
0.14,0.347,0.383,0,0,1,1
0.14,0.347,0.386,0,0,1,1
0.14,0.347,0.389,0,0,1,1
0.14,0.347,0.392,0,0,1,1
0.14,0.347,0.395,0,0,1,1
0.14,0.347,0.398,0,0,1,1
0.14,0.347,0.401,0,0,1,1
0.14,0.347,0.404,0,0,1,1
0.14,0.347,0.407,0,0,1,1
0.14,0.347,0.41,0,0,1,1
0.14,0.347,0.413,0,0,1,1
0.14,0.347,0.416,0,0,1,1
0.14,0.347,0.419,0,0,1,1
0.14,0.347,0.422,0,0,1,1
0.14,0.347,0.425,0,0,1,1
0.14,0.347,0.427999,0,0,1,1
0.14,0.347,0.430999,0,0,1,1
0.14,0.347,0.433999,0,0,1,1
0.14,0.347,0.436999,0,0,1,1
0.14,0.347,0.439999,0,0,1,1
0.14,0.344,0.26,0,0,1,1
0.14,0.344,0.263,0,0,1,1
0.14,0.344,0.266,0,0,1,1
0.14,0.344,0.269,0,0,1,1
0.14,0.344,0.272,0,0,1,1
0.14,0.344,0.275,0,0,1,1
0.14,0.344,0.278,0,0,1,1
0.14,0.344,0.281,0,0,1,1
0.14,0.344,0.284,0,0,1,1
0.14,0.344,0.287,0,0,1,1
0.14,0.344,0.29,0,0,1,1
0.14,0.344,0.293,0,0,1,1
0.14,0.344,0.296,0,0,1,1
0.14,0.344,0.299,0,0,1,1
0.14,0.344,0.302,0,0,1,1
0.14,0.344,0.305,0,0,1,1
0.14,0.344,0.308,0,0,1,1
0.14,0.344,0.311,0,0,1,1
0.14,0.344,0.314,0,0,1,1
0.14,0.344,0.317,0,0,1,1
0.14,0.344,0.32,0,0,1,1
0.14,0.344,0.323,0,0,1,1
0.14,0.344,0.326,0,0,1,1
0.14,0.344,0.329,0,0,1,1
0.14,0.344,0.332,0,0,1,1
0.14,0.344,0.335,0,0,1,1
0.14,0.344,0.338,0,0,1,1
0.14,0.344,0.341,0,0,1,1
0.14,0.344,0.344,0,0,1,1
0.14,0.344,0.347,0,0,1,1
0.14,0.344,0.35,0,0,1,1
0.14,0.344,0.353,0,0,1,1
0.14,0.344,0.356,0,0,1,1
0.14,0.344,0.359,0,0,1,1
0.14,0.344,0.362,0,0,1,1
0.14,0.344,0.365,0,0,1,1
0.14,0.344,0.368,0,0,1,1
0.14,0.344,0.371,0,0,1,1
0.14,0.344,0.374,0,0,1,1
0.14,0.344,0.377,0,0,1,1
0.14,0.344,0.38,0,0,1,1
0.14,0.344,0.383,0,0,1,1
0.14,0.344,0.386,0,0,1,1
0.14,0.344,0.389,0,0,1,1
0.14,0.344,0.392,0,0,1,1
0.14,0.344,0.395,0,0,1,1
0.14,0.344,0.398,0,0,1,1
0.14,0.344,0.401,0,0,1,1
0.14,0.344,0.404,0,0,1,1
0.14,0.344,0.407,0,0,1,1
0.14,0.344,0.41,0,0,1,1
0.14,0.344,0.413,0,0,1,1
0.14,0.344,0.416,0,0,1,1
0.14,0.344,0.419,0,0,1,1
0.14,0.344,0.422,0,0,1,1
0.14,0.344,0.425,0,0,1,1
0.14,0.344,0.427999,0,0,1,1
0.14,0.344,0.430999,0,0,1,1
0.14,0.344,0.433999,0,0,1,1
0.14,0.344,0.436999,0,0,1,1
0.14,0.344,0.439999,0,0,1,1
0.14,0.341,0.26,0,0,1,1
0.14,0.341,0.263,0,0,1,1
0.14,0.341,0.266,0,0,1,1
0.14,0.341,0.269,0,0,1,1
0.14,0.341,0.272,0,0,1,1
0.14,0.341,0.275,0,0,1,1
0.14,0.341,0.278,0,0,1,1
0.14,0.341,0.281,0,0,1,1
0.14,0.341,0.284,0,0,1,1
0.14,0.341,0.287,0,0,1,1
0.14,0.341,0.29,0,0,1,1
0.14,0.341,0.293,0,0,1,1
0.14,0.341,0.296,0,0,1,1
0.14,0.341,0.299,0,0,1,1
0.14,0.341,0.302,0,0,1,1
0.14,0.341,0.305,0,0,1,1
0.14,0.341,0.308,0,0,1,1
0.14,0.341,0.311,0,0,1,1
0.14,0.341,0.314,0,0,1,1
0.14,0.341,0.317,0,0,1,1
0.14,0.341,0.32,0,0,1,1
0.14,0.341,0.323,0,0,1,1
0.14,0.341,0.326,0,0,1,1
0.14,0.341,0.329,0,0,1,1
0.14,0.341,0.332,0,0,1,1
0.14,0.341,0.335,0,0,1,1
0.14,0.341,0.338,0,0,1,1
0.14,0.341,0.341,0,0,1,1
0.14,0.341,0.344,0,0,1,1
0.14,0.341,0.347,0,0,1,1
0.14,0.341,0.35,0,0,1,1
0.14,0.341,0.353,0,0,1,1
0.14,0.341,0.356,0,0,1,1
0.14,0.341,0.359,0,0,1,1
0.14,0.341,0.362,0,0,1,1
0.14,0.341,0.365,0,0,1,1
0.14,0.341,0.368,0,0,1,1
0.14,0.341,0.371,0,0,1,1
0.14,0.341,0.374,0,0,1,1
0.14,0.341,0.377,0,0,1,1
0.14,0.341,0.38,0,0,1,1
0.14,0.341,0.383,0,0,1,1
0.14,0.341,0.386,0,0,1,1
0.14,0.341,0.389,0,0,1,1
0.14,0.341,0.392,0,0,1,1
0.14,0.341,0.395,0,0,1,1
0.14,0.341,0.398,0,0,1,1
0.14,0.341,0.401,0,0,1,1
0.14,0.341,0.404,0,0,1,1
0.14,0.341,0.407,0,0,1,1
0.14,0.341,0.41,0,0,1,1
0.14,0.341,0.413,0,0,1,1
0.14,0.341,0.416,0,0,1,1
0.14,0.341,0.419,0,0,1,1
0.14,0.341,0.422,0,0,1,1
0.14,0.341,0.425,0,0,1,1
0.14,0.341,0.427999,0,0,1,1
0.14,0.341,0.430999,0,0,1,1
0.14,0.341,0.433999,0,0,1,1
0.14,0.341,0.436999,0,0,1,1
0.14,0.341,0.439999,0,0,1,1
0.14,0.338,0.26,0,0,1,1
0.14,0.338,0.263,0,0,1,1
0.14,0.338,0.266,0,0,1,1
0.14,0.338,0.269,0,0,1,1
0.14,0.338,0.272,0,0,1,1
0.14,0.338,0.275,0,0,1,1
0.14,0.338,0.278,0,0,1,1
0.14,0.338,0.281,0,0,1,1
0.14,0.338,0.284,0,0,1,1
0.14,0.338,0.287,0,0,1,1
0.14,0.338,0.29,0,0,1,1
0.14,0.338,0.293,0,0,1,1
0.14,0.338,0.296,0,0,1,1
0.14,0.338,0.299,0,0,1,1
0.14,0.338,0.302,0,0,1,1
0.14,0.338,0.305,0,0,1,1
0.14,0.338,0.308,0,0,1,1
0.14,0.338,0.311,0,0,1,1
0.14,0.338,0.314,0,0,1,1
0.14,0.338,0.317,0,0,1,1
0.14,0.338,0.32,0,0,1,1
0.14,0.338,0.323,0,0,1,1
0.14,0.338,0.326,0,0,1,1
0.14,0.338,0.329,0,0,1,1
0.14,0.338,0.332,0,0,1,1
0.14,0.338,0.335,0,0,1,1
0.14,0.338,0.338,0,0,1,1
0.14,0.338,0.341,0,0,1,1
0.14,0.338,0.344,0,0,1,1
0.14,0.338,0.347,0,0,1,1
0.14,0.338,0.35,0,0,1,1
0.14,0.338,0.353,0,0,1,1
0.14,0.338,0.356,0,0,1,1
0.14,0.338,0.359,0,0,1,1
0.14,0.338,0.362,0,0,1,1
0.14,0.338,0.365,0,0,1,1
0.14,0.338,0.368,0,0,1,1
0.14,0.338,0.371,0,0,1,1
0.14,0.338,0.374,0,0,1,1
0.14,0.338,0.377,0,0,1,1
0.14,0.338,0.38,0,0,1,1
0.14,0.338,0.383,0,0,1,1
0.14,0.338,0.386,0,0,1,1
0.14,0.338,0.389,0,0,1,1
0.14,0.338,0.392,0,0,1,1
0.14,0.338,0.395,0,0,1,1
0.14,0.338,0.398,0,0,1,1
0.14,0.338,0.401,0,0,1,1
0.14,0.338,0.404,0,0,1,1
0.14,0.338,0.407,0,0,1,1
0.14,0.338,0.41,0,0,1,1
0.14,0.338,0.413,0,0,1,1
0.14,0.338,0.416,0,0,1,1
0.14,0.338,0.419,0,0,1,1
0.14,0.338,0.422,0,0,1,1
0.14,0.338,0.425,0,0,1,1
0.14,0.338,0.427999,0,0,1,1
0.14,0.338,0.430999,0,0,1,1
0.14,0.338,0.433999,0,0,1,1
0.14,0.338,0.436999,0,0,1,1
0.14,0.338,0.439999,0,0,1,1
0.14,0.335,0.26,0,0,1,1
0.14,0.335,0.263,0,0,1,1
0.14,0.335,0.266,0,0,1,1
0.14,0.335,0.269,0,0,1,1
0.14,0.335,0.272,0,0,1,1
0.14,0.335,0.275,0,0,1,1
0.14,0.335,0.278,0,0,1,1
0.14,0.335,0.281,0,0,1,1
0.14,0.335,0.284,0,0,1,1
0.14,0.335,0.287,0,0,1,1
0.14,0.335,0.29,0,0,1,1
0.14,0.335,0.293,0,0,1,1
0.14,0.335,0.296,0,0,1,1
0.14,0.335,0.299,0,0,1,1
0.14,0.335,0.302,0,0,1,1
0.14,0.335,0.305,0,0,1,1
0.14,0.335,0.308,0,0,1,1
0.14,0.335,0.311,0,0,1,1
0.14,0.335,0.314,0,0,1,1
0.14,0.335,0.317,0,0,1,1
0.14,0.335,0.32,0,0,1,1
0.14,0.335,0.323,0,0,1,1
0.14,0.335,0.326,0,0,1,1
0.14,0.335,0.329,0,0,1,1
0.14,0.335,0.332,0,0,1,1
0.14,0.335,0.335,0,0,1,1
0.14,0.335,0.338,0,0,1,1
0.14,0.335,0.341,0,0,1,1
0.14,0.335,0.344,0,0,1,1
0.14,0.335,0.347,0,0,1,1
0.14,0.335,0.35,0,0,1,1
0.14,0.335,0.353,0,0,1,1
0.14,0.335,0.356,0,0,1,1
0.14,0.335,0.359,0,0,1,1
0.14,0.335,0.362,0,0,1,1
0.14,0.335,0.365,0,0,1,1
0.14,0.335,0.368,0,0,1,1
0.14,0.335,0.371,0,0,1,1
0.14,0.335,0.374,0,0,1,1
0.14,0.335,0.377,0,0,1,1
0.14,0.335,0.38,0,0,1,1
0.14,0.335,0.383,0,0,1,1
0.14,0.335,0.386,0,0,1,1
0.14,0.335,0.389,0,0,1,1
0.14,0.335,0.392,0,0,1,1
0.14,0.335,0.395,0,0,1,1
0.14,0.335,0.398,0,0,1,1
0.14,0.335,0.401,0,0,1,1
0.14,0.335,0.404,0,0,1,1
0.14,0.335,0.407,0,0,1,1
0.14,0.335,0.41,0,0,1,1
0.14,0.335,0.413,0,0,1,1
0.14,0.335,0.416,0,0,1,1
0.14,0.335,0.419,0,0,1,1
0.14,0.335,0.422,0,0,1,1
0.14,0.335,0.425,0,0,1,1
0.14,0.335,0.427999,0,0,1,1
0.14,0.335,0.430999,0,0,1,1
0.14,0.335,0.433999,0,0,1,1
0.14,0.335,0.436999,0,0,1,1
0.14,0.335,0.439999,0,0,1,1
0.14,0.332,0.26,0,0,1,1
0.14,0.332,0.263,0,0,1,1
0.14,0.332,0.266,0,0,1,1
0.14,0.332,0.269,0,0,1,1
0.14,0.332,0.272,0,0,1,1
0.14,0.332,0.275,0,0,1,1
0.14,0.332,0.278,0,0,1,1
0.14,0.332,0.281,0,0,1,1
0.14,0.332,0.284,0,0,1,1
0.14,0.332,0.287,0,0,1,1
0.14,0.332,0.29,0,0,1,1
0.14,0.332,0.293,0,0,1,1
0.14,0.332,0.296,0,0,1,1
0.14,0.332,0.299,0,0,1,1
0.14,0.332,0.302,0,0,1,1
0.14,0.332,0.305,0,0,1,1
0.14,0.332,0.308,0,0,1,1
0.14,0.332,0.311,0,0,1,1
0.14,0.332,0.314,0,0,1,1
0.14,0.332,0.317,0,0,1,1
0.14,0.332,0.32,0,0,1,1
0.14,0.332,0.323,0,0,1,1
0.14,0.332,0.326,0,0,1,1
0.14,0.332,0.329,0,0,1,1
0.14,0.332,0.332,0,0,1,1
0.14,0.332,0.335,0,0,1,1
0.14,0.332,0.338,0,0,1,1
0.14,0.332,0.341,0,0,1,1
0.14,0.332,0.344,0,0,1,1
0.14,0.332,0.347,0,0,1,1
0.14,0.332,0.35,0,0,1,1
0.14,0.332,0.353,0,0,1,1
0.14,0.332,0.356,0,0,1,1
0.14,0.332,0.359,0,0,1,1
0.14,0.332,0.362,0,0,1,1
0.14,0.332,0.365,0,0,1,1
0.14,0.332,0.368,0,0,1,1
0.14,0.332,0.371,0,0,1,1
0.14,0.332,0.374,0,0,1,1
0.14,0.332,0.377,0,0,1,1
0.14,0.332,0.38,0,0,1,1
0.14,0.332,0.383,0,0,1,1
0.14,0.332,0.386,0,0,1,1
0.14,0.332,0.389,0,0,1,1
0.14,0.332,0.392,0,0,1,1
0.14,0.332,0.395,0,0,1,1
0.14,0.332,0.398,0,0,1,1
0.14,0.332,0.401,0,0,1,1
0.14,0.332,0.404,0,0,1,1
0.14,0.332,0.407,0,0,1,1
0.14,0.332,0.41,0,0,1,1
0.14,0.332,0.413,0,0,1,1
0.14,0.332,0.416,0,0,1,1
0.14,0.332,0.419,0,0,1,1
0.14,0.332,0.422,0,0,1,1
0.14,0.332,0.425,0,0,1,1
0.14,0.332,0.427999,0,0,1,1
0.14,0.332,0.430999,0,0,1,1
0.14,0.332,0.433999,0,0,1,1
0.14,0.332,0.436999,0,0,1,1
0.14,0.332,0.439999,0,0,1,1
0.14,0.329,0.26,0,0,1,1
0.14,0.329,0.263,0,0,1,1
0.14,0.329,0.266,0,0,1,1
0.14,0.329,0.269,0,0,1,1
0.14,0.329,0.272,0,0,1,1
0.14,0.329,0.275,0,0,1,1
0.14,0.329,0.278,0,0,1,1
0.14,0.329,0.281,0,0,1,1
0.14,0.329,0.284,0,0,1,1
0.14,0.329,0.287,0,0,1,1
0.14,0.329,0.29,0,0,1,1
0.14,0.329,0.293,0,0,1,1
0.14,0.329,0.296,0,0,1,1
0.14,0.329,0.299,0,0,1,1
0.14,0.329,0.302,0,0,1,1
0.14,0.329,0.305,0,0,1,1
0.14,0.329,0.308,0,0,1,1
0.14,0.329,0.311,0,0,1,1
0.14,0.329,0.314,0,0,1,1
0.14,0.329,0.317,0,0,1,1
0.14,0.329,0.32,0,0,1,1
0.14,0.329,0.323,0,0,1,1
0.14,0.329,0.326,0,0,1,1
0.14,0.329,0.329,0,0,1,1
0.14,0.329,0.332,0,0,1,1
0.14,0.329,0.335,0,0,1,1
0.14,0.329,0.338,0,0,1,1
0.14,0.329,0.341,0,0,1,1
0.14,0.329,0.344,0,0,1,1
0.14,0.329,0.347,0,0,1,1
0.14,0.329,0.35,0,0,1,1
0.14,0.329,0.353,0,0,1,1
0.14,0.329,0.356,0,0,1,1
0.14,0.329,0.359,0,0,1,1
0.14,0.329,0.362,0,0,1,1
0.14,0.329,0.365,0,0,1,1
0.14,0.329,0.368,0,0,1,1
0.14,0.329,0.371,0,0,1,1
0.14,0.329,0.374,0,0,1,1
0.14,0.329,0.377,0,0,1,1
0.14,0.329,0.38,0,0,1,1
0.14,0.329,0.383,0,0,1,1
0.14,0.329,0.386,0,0,1,1
0.14,0.329,0.389,0,0,1,1
0.14,0.329,0.392,0,0,1,1
0.14,0.329,0.395,0,0,1,1
0.14,0.329,0.398,0,0,1,1
0.14,0.329,0.401,0,0,1,1
0.14,0.329,0.404,0,0,1,1
0.14,0.329,0.407,0,0,1,1
0.14,0.329,0.41,0,0,1,1
0.14,0.329,0.413,0,0,1,1
0.14,0.329,0.416,0,0,1,1
0.14,0.329,0.419,0,0,1,1
0.14,0.329,0.422,0,0,1,1
0.14,0.329,0.425,0,0,1,1
0.14,0.329,0.427999,0,0,1,1
0.14,0.329,0.430999,0,0,1,1
0.14,0.329,0.433999,0,0,1,1
0.14,0.329,0.436999,0,0,1,1
0.14,0.329,0.439999,0,0,1,1
0.14,0.326,0.26,0,0,1,1
0.14,0.326,0.263,0,0,1,1
0.14,0.326,0.266,0,0,1,1
0.14,0.326,0.269,0,0,1,1
0.14,0.326,0.272,0,0,1,1
0.14,0.326,0.275,0,0,1,1
0.14,0.326,0.278,0,0,1,1
0.14,0.326,0.281,0,0,1,1
0.14,0.326,0.284,0,0,1,1
0.14,0.326,0.287,0,0,1,1
0.14,0.326,0.29,0,0,1,1
0.14,0.326,0.293,0,0,1,1
0.14,0.326,0.296,0,0,1,1
0.14,0.326,0.299,0,0,1,1
0.14,0.326,0.302,0,0,1,1
0.14,0.326,0.305,0,0,1,1
0.14,0.326,0.308,0,0,1,1
0.14,0.326,0.311,0,0,1,1
0.14,0.326,0.314,0,0,1,1
0.14,0.326,0.317,0,0,1,1
0.14,0.326,0.32,0,0,1,1
0.14,0.326,0.323,0,0,1,1
0.14,0.326,0.326,0,0,1,1
0.14,0.326,0.329,0,0,1,1
0.14,0.326,0.332,0,0,1,1
0.14,0.326,0.335,0,0,1,1
0.14,0.326,0.338,0,0,1,1
0.14,0.326,0.341,0,0,1,1
0.14,0.326,0.344,0,0,1,1
0.14,0.326,0.347,0,0,1,1
0.14,0.326,0.35,0,0,1,1
0.14,0.326,0.353,0,0,1,1
0.14,0.326,0.356,0,0,1,1
0.14,0.326,0.359,0,0,1,1
0.14,0.326,0.362,0,0,1,1
0.14,0.326,0.365,0,0,1,1
0.14,0.326,0.368,0,0,1,1
0.14,0.326,0.371,0,0,1,1
0.14,0.326,0.374,0,0,1,1
0.14,0.326,0.377,0,0,1,1
0.14,0.326,0.38,0,0,1,1
0.14,0.326,0.383,0,0,1,1
0.14,0.326,0.386,0,0,1,1
0.14,0.326,0.389,0,0,1,1
0.14,0.326,0.392,0,0,1,1
0.14,0.326,0.395,0,0,1,1
0.14,0.326,0.398,0,0,1,1
0.14,0.326,0.401,0,0,1,1
0.14,0.326,0.404,0,0,1,1
0.14,0.326,0.407,0,0,1,1
0.14,0.326,0.41,0,0,1,1
0.14,0.326,0.413,0,0,1,1
0.14,0.326,0.416,0,0,1,1
0.14,0.326,0.419,0,0,1,1
0.14,0.326,0.422,0,0,1,1
0.14,0.326,0.425,0,0,1,1
0.14,0.326,0.427999,0,0,1,1
0.14,0.326,0.430999,0,0,1,1
0.14,0.326,0.433999,0,0,1,1
0.14,0.326,0.436999,0,0,1,1
0.14,0.326,0.439999,0,0,1,1
0.14,0.323,0.26,0,0,1,1
0.14,0.323,0.263,0,0,1,1
0.14,0.323,0.266,0,0,1,1
0.14,0.323,0.269,0,0,1,1
0.14,0.323,0.272,0,0,1,1
0.14,0.323,0.275,0,0,1,1
0.14,0.323,0.278,0,0,1,1
0.14,0.323,0.281,0,0,1,1
0.14,0.323,0.284,0,0,1,1
0.14,0.323,0.287,0,0,1,1
0.14,0.323,0.29,0,0,1,1
0.14,0.323,0.293,0,0,1,1
0.14,0.323,0.296,0,0,1,1
0.14,0.323,0.299,0,0,1,1
0.14,0.323,0.302,0,0,1,1
0.14,0.323,0.305,0,0,1,1
0.14,0.323,0.308,0,0,1,1
0.14,0.323,0.311,0,0,1,1
0.14,0.323,0.314,0,0,1,1
0.14,0.323,0.317,0,0,1,1
0.14,0.323,0.32,0,0,1,1
0.14,0.323,0.323,0,0,1,1
0.14,0.323,0.326,0,0,1,1
0.14,0.323,0.329,0,0,1,1
0.14,0.323,0.332,0,0,1,1
0.14,0.323,0.335,0,0,1,1
0.14,0.323,0.338,0,0,1,1
0.14,0.323,0.341,0,0,1,1
0.14,0.323,0.344,0,0,1,1
0.14,0.323,0.347,0,0,1,1
0.14,0.323,0.35,0,0,1,1
0.14,0.323,0.353,0,0,1,1
0.14,0.323,0.356,0,0,1,1
0.14,0.323,0.359,0,0,1,1
0.14,0.323,0.362,0,0,1,1
0.14,0.323,0.365,0,0,1,1
0.14,0.323,0.368,0,0,1,1
0.14,0.323,0.371,0,0,1,1
0.14,0.323,0.374,0,0,1,1
0.14,0.323,0.377,0,0,1,1
0.14,0.323,0.38,0,0,1,1
0.14,0.323,0.383,0,0,1,1
0.14,0.323,0.386,0,0,1,1
0.14,0.323,0.389,0,0,1,1
0.14,0.323,0.392,0,0,1,1
0.14,0.323,0.395,0,0,1,1
0.14,0.323,0.398,0,0,1,1
0.14,0.323,0.401,0,0,1,1
0.14,0.323,0.404,0,0,1,1
0.14,0.323,0.407,0,0,1,1
0.14,0.323,0.41,0,0,1,1
0.14,0.323,0.413,0,0,1,1
0.14,0.323,0.416,0,0,1,1
0.14,0.323,0.419,0,0,1,1
0.14,0.323,0.422,0,0,1,1
0.14,0.323,0.425,0,0,1,1
0.14,0.323,0.427999,0,0,1,1
0.14,0.323,0.430999,0,0,1,1
0.14,0.323,0.433999,0,0,1,1
0.14,0.323,0.436999,0,0,1,1
0.14,0.323,0.439999,0,0,1,1
0.14,0.32,0.26,0,0,1,1
0.14,0.32,0.263,0,0,1,1
0.14,0.32,0.266,0,0,1,1
0.14,0.32,0.269,0,0,1,1
0.14,0.32,0.272,0,0,1,1
0.14,0.32,0.275,0,0,1,1
0.14,0.32,0.278,0,0,1,1
0.14,0.32,0.281,0,0,1,1
0.14,0.32,0.284,0,0,1,1
0.14,0.32,0.287,0,0,1,1
0.14,0.32,0.29,0,0,1,1
0.14,0.32,0.293,0,0,1,1
0.14,0.32,0.296,0,0,1,1
0.14,0.32,0.299,0,0,1,1
0.14,0.32,0.302,0,0,1,1
0.14,0.32,0.305,0,0,1,1
0.14,0.32,0.308,0,0,1,1
0.14,0.32,0.311,0,0,1,1
0.14,0.32,0.314,0,0,1,1
0.14,0.32,0.317,0,0,1,1
0.14,0.32,0.32,0,0,1,1
0.14,0.32,0.323,0,0,1,1
0.14,0.32,0.326,0,0,1,1
0.14,0.32,0.329,0,0,1,1
0.14,0.32,0.332,0,0,1,1
0.14,0.32,0.335,0,0,1,1
0.14,0.32,0.338,0,0,1,1
0.14,0.32,0.341,0,0,1,1
0.14,0.32,0.344,0,0,1,1
0.14,0.32,0.347,0,0,1,1
0.14,0.32,0.35,0,0,1,1
0.14,0.32,0.353,0,0,1,1
0.14,0.32,0.356,0,0,1,1
0.14,0.32,0.359,0,0,1,1
0.14,0.32,0.362,0,0,1,1
0.14,0.32,0.365,0,0,1,1
0.14,0.32,0.368,0,0,1,1
0.14,0.32,0.371,0,0,1,1
0.14,0.32,0.374,0,0,1,1
0.14,0.32,0.377,0,0,1,1
0.14,0.32,0.38,0,0,1,1
0.14,0.32,0.383,0,0,1,1
0.14,0.32,0.386,0,0,1,1
0.14,0.32,0.389,0,0,1,1
0.14,0.32,0.392,0,0,1,1
0.14,0.32,0.395,0,0,1,1
0.14,0.32,0.398,0,0,1,1
0.14,0.32,0.401,0,0,1,1
0.14,0.32,0.404,0,0,1,1
0.14,0.32,0.407,0,0,1,1
0.14,0.32,0.41,0,0,1,1
0.14,0.32,0.413,0,0,1,1
0.14,0.32,0.416,0,0,1,1
0.14,0.32,0.419,0,0,1,1
0.14,0.32,0.422,0,0,1,1
0.14,0.32,0.425,0,0,1,1
0.14,0.32,0.427999,0,0,1,1
0.14,0.32,0.430999,0,0,1,1
0.14,0.32,0.433999,0,0,1,1
0.14,0.32,0.436999,0,0,1,1
0.14,0.32,0.439999,0,0,1,1
0.14,0.317,0.26,0,0,1,1
0.14,0.317,0.263,0,0,1,1
0.14,0.317,0.266,0,0,1,1
0.14,0.317,0.269,0,0,1,1
0.14,0.317,0.272,0,0,1,1
0.14,0.317,0.275,0,0,1,1
0.14,0.317,0.278,0,0,1,1
0.14,0.317,0.281,0,0,1,1
0.14,0.317,0.284,0,0,1,1
0.14,0.317,0.287,0,0,1,1
0.14,0.317,0.29,0,0,1,1
0.14,0.317,0.293,0,0,1,1
0.14,0.317,0.296,0,0,1,1
0.14,0.317,0.299,0,0,1,1
0.14,0.317,0.302,0,0,1,1
0.14,0.317,0.305,0,0,1,1
0.14,0.317,0.308,0,0,1,1
0.14,0.317,0.311,0,0,1,1
0.14,0.317,0.314,0,0,1,1
0.14,0.317,0.317,0,0,1,1
0.14,0.317,0.32,0,0,1,1
0.14,0.317,0.323,0,0,1,1
0.14,0.317,0.326,0,0,1,1
0.14,0.317,0.329,0,0,1,1
0.14,0.317,0.332,0,0,1,1
0.14,0.317,0.335,0,0,1,1
0.14,0.317,0.338,0,0,1,1
0.14,0.317,0.341,0,0,1,1
0.14,0.317,0.344,0,0,1,1
0.14,0.317,0.347,0,0,1,1
0.14,0.317,0.35,0,0,1,1
0.14,0.317,0.353,0,0,1,1
0.14,0.317,0.356,0,0,1,1
0.14,0.317,0.359,0,0,1,1
0.14,0.317,0.362,0,0,1,1
0.14,0.317,0.365,0,0,1,1
0.14,0.317,0.368,0,0,1,1
0.14,0.317,0.371,0,0,1,1
0.14,0.317,0.374,0,0,1,1
0.14,0.317,0.377,0,0,1,1
0.14,0.317,0.38,0,0,1,1
0.14,0.317,0.383,0,0,1,1
0.14,0.317,0.386,0,0,1,1
0.14,0.317,0.389,0,0,1,1
0.14,0.317,0.392,0,0,1,1
0.14,0.317,0.395,0,0,1,1
0.14,0.317,0.398,0,0,1,1
0.14,0.317,0.401,0,0,1,1
0.14,0.317,0.404,0,0,1,1
0.14,0.317,0.407,0,0,1,1
0.14,0.317,0.41,0,0,1,1
0.14,0.317,0.413,0,0,1,1
0.14,0.317,0.416,0,0,1,1
0.14,0.317,0.419,0,0,1,1
0.14,0.317,0.422,0,0,1,1
0.14,0.317,0.425,0,0,1,1
0.14,0.317,0.427999,0,0,1,1
0.14,0.317,0.430999,0,0,1,1
0.14,0.317,0.433999,0,0,1,1
0.14,0.317,0.436999,0,0,1,1
0.14,0.317,0.439999,0,0,1,1
0.14,0.314,0.26,0,0,1,1
0.14,0.314,0.263,0,0,1,1
0.14,0.314,0.266,0,0,1,1
0.14,0.314,0.269,0,0,1,1
0.14,0.314,0.272,0,0,1,1
0.14,0.314,0.275,0,0,1,1
0.14,0.314,0.278,0,0,1,1
0.14,0.314,0.281,0,0,1,1
0.14,0.314,0.284,0,0,1,1
0.14,0.314,0.287,0,0,1,1
0.14,0.314,0.29,0,0,1,1
0.14,0.314,0.293,0,0,1,1
0.14,0.314,0.296,0,0,1,1
0.14,0.314,0.299,0,0,1,1
0.14,0.314,0.302,0,0,1,1
0.14,0.314,0.305,0,0,1,1
0.14,0.314,0.308,0,0,1,1
0.14,0.314,0.311,0,0,1,1
0.14,0.314,0.314,0,0,1,1
0.14,0.314,0.317,0,0,1,1
0.14,0.314,0.32,0,0,1,1
0.14,0.314,0.323,0,0,1,1
0.14,0.314,0.326,0,0,1,1
0.14,0.314,0.329,0,0,1,1
0.14,0.314,0.332,0,0,1,1
0.14,0.314,0.335,0,0,1,1
0.14,0.314,0.338,0,0,1,1
0.14,0.314,0.341,0,0,1,1
0.14,0.314,0.344,0,0,1,1
0.14,0.314,0.347,0,0,1,1
0.14,0.314,0.35,0,0,1,1
0.14,0.314,0.353,0,0,1,1
0.14,0.314,0.356,0,0,1,1
0.14,0.314,0.359,0,0,1,1
0.14,0.314,0.362,0,0,1,1
0.14,0.314,0.365,0,0,1,1
0.14,0.314,0.368,0,0,1,1
0.14,0.314,0.371,0,0,1,1
0.14,0.314,0.374,0,0,1,1
0.14,0.314,0.377,0,0,1,1
0.14,0.314,0.38,0,0,1,1
0.14,0.314,0.383,0,0,1,1
0.14,0.314,0.386,0,0,1,1
0.14,0.314,0.389,0,0,1,1
0.14,0.314,0.392,0,0,1,1
0.14,0.314,0.395,0,0,1,1
0.14,0.314,0.398,0,0,1,1
0.14,0.314,0.401,0,0,1,1
0.14,0.314,0.404,0,0,1,1
0.14,0.314,0.407,0,0,1,1
0.14,0.314,0.41,0,0,1,1
0.14,0.314,0.413,0,0,1,1
0.14,0.314,0.416,0,0,1,1
0.14,0.314,0.419,0,0,1,1
0.14,0.314,0.422,0,0,1,1
0.14,0.314,0.425,0,0,1,1
0.14,0.314,0.427999,0,0,1,1
0.14,0.314,0.430999,0,0,1,1
0.14,0.314,0.433999,0,0,1,1
0.14,0.314,0.436999,0,0,1,1
0.14,0.314,0.439999,0,0,1,1
0.14,0.311,0.26,0,0,1,1
0.14,0.311,0.263,0,0,1,1
0.14,0.311,0.266,0,0,1,1
0.14,0.311,0.269,0,0,1,1
0.14,0.311,0.272,0,0,1,1
0.14,0.311,0.275,0,0,1,1
0.14,0.311,0.278,0,0,1,1
0.14,0.311,0.281,0,0,1,1
0.14,0.311,0.284,0,0,1,1
0.14,0.311,0.287,0,0,1,1
0.14,0.311,0.29,0,0,1,1
0.14,0.311,0.293,0,0,1,1
0.14,0.311,0.296,0,0,1,1
0.14,0.311,0.299,0,0,1,1
0.14,0.311,0.302,0,0,1,1
0.14,0.311,0.305,0,0,1,1
0.14,0.311,0.308,0,0,1,1
0.14,0.311,0.311,0,0,1,1
0.14,0.311,0.314,0,0,1,1
0.14,0.311,0.317,0,0,1,1
0.14,0.311,0.32,0,0,1,1
0.14,0.311,0.323,0,0,1,1
0.14,0.311,0.326,0,0,1,1
0.14,0.311,0.329,0,0,1,1
0.14,0.311,0.332,0,0,1,1
0.14,0.311,0.335,0,0,1,1
0.14,0.311,0.338,0,0,1,1
0.14,0.311,0.341,0,0,1,1
0.14,0.311,0.344,0,0,1,1
0.14,0.311,0.347,0,0,1,1
0.14,0.311,0.35,0,0,1,1
0.14,0.311,0.353,0,0,1,1
0.14,0.311,0.356,0,0,1,1
0.14,0.311,0.359,0,0,1,1
0.14,0.311,0.362,0,0,1,1
0.14,0.311,0.365,0,0,1,1
0.14,0.311,0.368,0,0,1,1
0.14,0.311,0.371,0,0,1,1
0.14,0.311,0.374,0,0,1,1
0.14,0.311,0.377,0,0,1,1
0.14,0.311,0.38,0,0,1,1
0.14,0.311,0.383,0,0,1,1
0.14,0.311,0.386,0,0,1,1
0.14,0.311,0.389,0,0,1,1
0.14,0.311,0.392,0,0,1,1
0.14,0.311,0.395,0,0,1,1
0.14,0.311,0.398,0,0,1,1
0.14,0.311,0.401,0,0,1,1
0.14,0.311,0.404,0,0,1,1
0.14,0.311,0.407,0,0,1,1
0.14,0.311,0.41,0,0,1,1
0.14,0.311,0.413,0,0,1,1
0.14,0.311,0.416,0,0,1,1
0.14,0.311,0.419,0,0,1,1
0.14,0.311,0.422,0,0,1,1
0.14,0.311,0.425,0,0,1,1
0.14,0.311,0.427999,0,0,1,1
0.14,0.311,0.430999,0,0,1,1
0.14,0.311,0.433999,0,0,1,1
0.14,0.311,0.436999,0,0,1,1
0.14,0.311,0.439999,0,0,1,1
0.14,0.308,0.26,0,0,1,1
0.14,0.308,0.263,0,0,1,1
0.14,0.308,0.266,0,0,1,1
0.14,0.308,0.269,0,0,1,1
0.14,0.308,0.272,0,0,1,1
0.14,0.308,0.275,0,0,1,1
0.14,0.308,0.278,0,0,1,1
0.14,0.308,0.281,0,0,1,1
0.14,0.308,0.284,0,0,1,1
0.14,0.308,0.287,0,0,1,1
0.14,0.308,0.29,0,0,1,1
0.14,0.308,0.293,0,0,1,1
0.14,0.308,0.296,0,0,1,1
0.14,0.308,0.299,0,0,1,1
0.14,0.308,0.302,0,0,1,1
0.14,0.308,0.305,0,0,1,1
0.14,0.308,0.308,0,0,1,1
0.14,0.308,0.311,0,0,1,1
0.14,0.308,0.314,0,0,1,1
0.14,0.308,0.317,0,0,1,1
0.14,0.308,0.32,0,0,1,1
0.14,0.308,0.323,0,0,1,1
0.14,0.308,0.326,0,0,1,1
0.14,0.308,0.329,0,0,1,1
0.14,0.308,0.332,0,0,1,1
0.14,0.308,0.335,0,0,1,1
0.14,0.308,0.338,0,0,1,1
0.14,0.308,0.341,0,0,1,1
0.14,0.308,0.344,0,0,1,1
0.14,0.308,0.347,0,0,1,1
0.14,0.308,0.35,0,0,1,1
0.14,0.308,0.353,0,0,1,1
0.14,0.308,0.356,0,0,1,1
0.14,0.308,0.359,0,0,1,1
0.14,0.308,0.362,0,0,1,1
0.14,0.308,0.365,0,0,1,1
0.14,0.308,0.368,0,0,1,1
0.14,0.308,0.371,0,0,1,1
0.14,0.308,0.374,0,0,1,1
0.14,0.308,0.377,0,0,1,1
0.14,0.308,0.38,0,0,1,1
0.14,0.308,0.383,0,0,1,1
0.14,0.308,0.386,0,0,1,1
0.14,0.308,0.389,0,0,1,1
0.14,0.308,0.392,0,0,1,1
0.14,0.308,0.395,0,0,1,1
0.14,0.308,0.398,0,0,1,1
0.14,0.308,0.401,0,0,1,1
0.14,0.308,0.404,0,0,1,1
0.14,0.308,0.407,0,0,1,1
0.14,0.308,0.41,0,0,1,1
0.14,0.308,0.413,0,0,1,1
0.14,0.308,0.416,0,0,1,1
0.14,0.308,0.419,0,0,1,1
0.14,0.308,0.422,0,0,1,1
0.14,0.308,0.425,0,0,1,1
0.14,0.308,0.427999,0,0,1,1
0.14,0.308,0.430999,0,0,1,1
0.14,0.308,0.433999,0,0,1,1
0.14,0.308,0.436999,0,0,1,1
0.14,0.308,0.439999,0,0,1,1
0.14,0.305,0.26,0,0,1,1
0.14,0.305,0.263,0,0,1,1
0.14,0.305,0.266,0,0,1,1
0.14,0.305,0.269,0,0,1,1
0.14,0.305,0.272,0,0,1,1
0.14,0.305,0.275,0,0,1,1
0.14,0.305,0.278,0,0,1,1
0.14,0.305,0.281,0,0,1,1
0.14,0.305,0.284,0,0,1,1
0.14,0.305,0.287,0,0,1,1
0.14,0.305,0.29,0,0,1,1
0.14,0.305,0.293,0,0,1,1
0.14,0.305,0.296,0,0,1,1
0.14,0.305,0.299,0,0,1,1
0.14,0.305,0.302,0,0,1,1
0.14,0.305,0.305,0,0,1,1
0.14,0.305,0.308,0,0,1,1
0.14,0.305,0.311,0,0,1,1
0.14,0.305,0.314,0,0,1,1
0.14,0.305,0.317,0,0,1,1
0.14,0.305,0.32,0,0,1,1
0.14,0.305,0.323,0,0,1,1
0.14,0.305,0.326,0,0,1,1
0.14,0.305,0.329,0,0,1,1
0.14,0.305,0.332,0,0,1,1
0.14,0.305,0.335,0,0,1,1
0.14,0.305,0.338,0,0,1,1
0.14,0.305,0.341,0,0,1,1
0.14,0.305,0.344,0,0,1,1
0.14,0.305,0.347,0,0,1,1
0.14,0.305,0.35,0,0,1,1
0.14,0.305,0.353,0,0,1,1
0.14,0.305,0.356,0,0,1,1
0.14,0.305,0.359,0,0,1,1
0.14,0.305,0.362,0,0,1,1
0.14,0.305,0.365,0,0,1,1
0.14,0.305,0.368,0,0,1,1
0.14,0.305,0.371,0,0,1,1
0.14,0.305,0.374,0,0,1,1
0.14,0.305,0.377,0,0,1,1
0.14,0.305,0.38,0,0,1,1
0.14,0.305,0.383,0,0,1,1
0.14,0.305,0.386,0,0,1,1
0.14,0.305,0.389,0,0,1,1
0.14,0.305,0.392,0,0,1,1
0.14,0.305,0.395,0,0,1,1
0.14,0.305,0.398,0,0,1,1
0.14,0.305,0.401,0,0,1,1
0.14,0.305,0.404,0,0,1,1
0.14,0.305,0.407,0,0,1,1
0.14,0.305,0.41,0,0,1,1
0.14,0.305,0.413,0,0,1,1
0.14,0.305,0.416,0,0,1,1
0.14,0.305,0.419,0,0,1,1
0.14,0.305,0.422,0,0,1,1
0.14,0.305,0.425,0,0,1,1
0.14,0.305,0.427999,0,0,1,1
0.14,0.305,0.430999,0,0,1,1
0.14,0.305,0.433999,0,0,1,1
0.14,0.305,0.436999,0,0,1,1
0.14,0.305,0.439999,0,0,1,1
0.14,0.302,0.26,0,0,1,1
0.14,0.302,0.263,0,0,1,1
0.14,0.302,0.266,0,0,1,1
0.14,0.302,0.269,0,0,1,1
0.14,0.302,0.272,0,0,1,1
0.14,0.302,0.275,0,0,1,1
0.14,0.302,0.278,0,0,1,1
0.14,0.302,0.281,0,0,1,1
0.14,0.302,0.284,0,0,1,1
0.14,0.302,0.287,0,0,1,1
0.14,0.302,0.29,0,0,1,1
0.14,0.302,0.293,0,0,1,1
0.14,0.302,0.296,0,0,1,1
0.14,0.302,0.299,0,0,1,1
0.14,0.302,0.302,0,0,1,1
0.14,0.302,0.305,0,0,1,1
0.14,0.302,0.308,0,0,1,1
0.14,0.302,0.311,0,0,1,1
0.14,0.302,0.314,0,0,1,1
0.14,0.302,0.317,0,0,1,1
0.14,0.302,0.32,0,0,1,1
0.14,0.302,0.323,0,0,1,1
0.14,0.302,0.326,0,0,1,1
0.14,0.302,0.329,0,0,1,1
0.14,0.302,0.332,0,0,1,1
0.14,0.302,0.335,0,0,1,1
0.14,0.302,0.338,0,0,1,1
0.14,0.302,0.341,0,0,1,1
0.14,0.302,0.344,0,0,1,1
0.14,0.302,0.347,0,0,1,1
0.14,0.302,0.35,0,0,1,1
0.14,0.302,0.353,0,0,1,1
0.14,0.302,0.356,0,0,1,1
0.14,0.302,0.359,0,0,1,1
0.14,0.302,0.362,0,0,1,1
0.14,0.302,0.365,0,0,1,1
0.14,0.302,0.368,0,0,1,1
0.14,0.302,0.371,0,0,1,1
0.14,0.302,0.374,0,0,1,1
0.14,0.302,0.377,0,0,1,1
0.14,0.302,0.38,0,0,1,1
0.14,0.302,0.383,0,0,1,1
0.14,0.302,0.386,0,0,1,1
0.14,0.302,0.389,0,0,1,1
0.14,0.302,0.392,0,0,1,1
0.14,0.302,0.395,0,0,1,1
0.14,0.302,0.398,0,0,1,1
0.14,0.302,0.401,0,0,1,1
0.14,0.302,0.404,0,0,1,1
0.14,0.302,0.407,0,0,1,1
0.14,0.302,0.41,0,0,1,1
0.14,0.302,0.413,0,0,1,1
0.14,0.302,0.416,0,0,1,1
0.14,0.302,0.419,0,0,1,1
0.14,0.302,0.422,0,0,1,1
0.14,0.302,0.425,0,0,1,1
0.14,0.302,0.427999,0,0,1,1
0.14,0.302,0.430999,0,0,1,1
0.14,0.302,0.433999,0,0,1,1
0.14,0.302,0.436999,0,0,1,1
0.14,0.302,0.439999,0,0,1,1
0.14,0.299,0.26,0,0,1,1
0.14,0.299,0.263,0,0,1,1
0.14,0.299,0.266,0,0,1,1
0.14,0.299,0.269,0,0,1,1
0.14,0.299,0.272,0,0,1,1
0.14,0.299,0.275,0,0,1,1
0.14,0.299,0.278,0,0,1,1
0.14,0.299,0.281,0,0,1,1
0.14,0.299,0.284,0,0,1,1
0.14,0.299,0.287,0,0,1,1
0.14,0.299,0.29,0,0,1,1
0.14,0.299,0.293,0,0,1,1
0.14,0.299,0.296,0,0,1,1
0.14,0.299,0.299,0,0,1,1
0.14,0.299,0.302,0,0,1,1
0.14,0.299,0.305,0,0,1,1
0.14,0.299,0.308,0,0,1,1
0.14,0.299,0.311,0,0,1,1
0.14,0.299,0.314,0,0,1,1
0.14,0.299,0.317,0,0,1,1
0.14,0.299,0.32,0,0,1,1
0.14,0.299,0.323,0,0,1,1
0.14,0.299,0.326,0,0,1,1
0.14,0.299,0.329,0,0,1,1
0.14,0.299,0.332,0,0,1,1
0.14,0.299,0.335,0,0,1,1
0.14,0.299,0.338,0,0,1,1
0.14,0.299,0.341,0,0,1,1
0.14,0.299,0.344,0,0,1,1
0.14,0.299,0.347,0,0,1,1
0.14,0.299,0.35,0,0,1,1
0.14,0.299,0.353,0,0,1,1
0.14,0.299,0.356,0,0,1,1
0.14,0.299,0.359,0,0,1,1
0.14,0.299,0.362,0,0,1,1
0.14,0.299,0.365,0,0,1,1
0.14,0.299,0.368,0,0,1,1
0.14,0.299,0.371,0,0,1,1
0.14,0.299,0.374,0,0,1,1
0.14,0.299,0.377,0,0,1,1
0.14,0.299,0.38,0,0,1,1
0.14,0.299,0.383,0,0,1,1
0.14,0.299,0.386,0,0,1,1
0.14,0.299,0.389,0,0,1,1
0.14,0.299,0.392,0,0,1,1
0.14,0.299,0.395,0,0,1,1
0.14,0.299,0.398,0,0,1,1
0.14,0.299,0.401,0,0,1,1
0.14,0.299,0.404,0,0,1,1
0.14,0.299,0.407,0,0,1,1
0.14,0.299,0.41,0,0,1,1
0.14,0.299,0.413,0,0,1,1
0.14,0.299,0.416,0,0,1,1
0.14,0.299,0.419,0,0,1,1
0.14,0.299,0.422,0,0,1,1
0.14,0.299,0.425,0,0,1,1
0.14,0.299,0.427999,0,0,1,1
0.14,0.299,0.430999,0,0,1,1
0.14,0.299,0.433999,0,0,1,1
0.14,0.299,0.436999,0,0,1,1
0.14,0.299,0.439999,0,0,1,1
0.14,0.296,0.26,0,0,1,1
0.14,0.296,0.263,0,0,1,1
0.14,0.296,0.266,0,0,1,1
0.14,0.296,0.269,0,0,1,1
0.14,0.296,0.272,0,0,1,1
0.14,0.296,0.275,0,0,1,1
0.14,0.296,0.278,0,0,1,1
0.14,0.296,0.281,0,0,1,1
0.14,0.296,0.284,0,0,1,1
0.14,0.296,0.287,0,0,1,1
0.14,0.296,0.29,0,0,1,1
0.14,0.296,0.293,0,0,1,1
0.14,0.296,0.296,0,0,1,1
0.14,0.296,0.299,0,0,1,1
0.14,0.296,0.302,0,0,1,1
0.14,0.296,0.305,0,0,1,1
0.14,0.296,0.308,0,0,1,1
0.14,0.296,0.311,0,0,1,1
0.14,0.296,0.314,0,0,1,1
0.14,0.296,0.317,0,0,1,1
0.14,0.296,0.32,0,0,1,1
0.14,0.296,0.323,0,0,1,1
0.14,0.296,0.326,0,0,1,1
0.14,0.296,0.329,0,0,1,1
0.14,0.296,0.332,0,0,1,1
0.14,0.296,0.335,0,0,1,1
0.14,0.296,0.338,0,0,1,1
0.14,0.296,0.341,0,0,1,1
0.14,0.296,0.344,0,0,1,1
0.14,0.296,0.347,0,0,1,1
0.14,0.296,0.35,0,0,1,1
0.14,0.296,0.353,0,0,1,1
0.14,0.296,0.356,0,0,1,1
0.14,0.296,0.359,0,0,1,1
0.14,0.296,0.362,0,0,1,1
0.14,0.296,0.365,0,0,1,1
0.14,0.296,0.368,0,0,1,1
0.14,0.296,0.371,0,0,1,1
0.14,0.296,0.374,0,0,1,1
0.14,0.296,0.377,0,0,1,1
0.14,0.296,0.38,0,0,1,1
0.14,0.296,0.383,0,0,1,1
0.14,0.296,0.386,0,0,1,1
0.14,0.296,0.389,0,0,1,1
0.14,0.296,0.392,0,0,1,1
0.14,0.296,0.395,0,0,1,1
0.14,0.296,0.398,0,0,1,1
0.14,0.296,0.401,0,0,1,1
0.14,0.296,0.404,0,0,1,1
0.14,0.296,0.407,0,0,1,1
0.14,0.296,0.41,0,0,1,1
0.14,0.296,0.413,0,0,1,1
0.14,0.296,0.416,0,0,1,1
0.14,0.296,0.419,0,0,1,1
0.14,0.296,0.422,0,0,1,1
0.14,0.296,0.425,0,0,1,1
0.14,0.296,0.427999,0,0,1,1
0.14,0.296,0.430999,0,0,1,1
0.14,0.296,0.433999,0,0,1,1
0.14,0.296,0.436999,0,0,1,1
0.14,0.296,0.439999,0,0,1,1
0.14,0.293,0.26,0,0,1,1
0.14,0.293,0.263,0,0,1,1
0.14,0.293,0.266,0,0,1,1
0.14,0.293,0.269,0,0,1,1
0.14,0.293,0.272,0,0,1,1
0.14,0.293,0.275,0,0,1,1
0.14,0.293,0.278,0,0,1,1
0.14,0.293,0.281,0,0,1,1
0.14,0.293,0.284,0,0,1,1
0.14,0.293,0.287,0,0,1,1
0.14,0.293,0.29,0,0,1,1
0.14,0.293,0.293,0,0,1,1
0.14,0.293,0.296,0,0,1,1
0.14,0.293,0.299,0,0,1,1
0.14,0.293,0.302,0,0,1,1
0.14,0.293,0.305,0,0,1,1
0.14,0.293,0.308,0,0,1,1
0.14,0.293,0.311,0,0,1,1
0.14,0.293,0.314,0,0,1,1
0.14,0.293,0.317,0,0,1,1
0.14,0.293,0.32,0,0,1,1
0.14,0.293,0.323,0,0,1,1
0.14,0.293,0.326,0,0,1,1
0.14,0.293,0.329,0,0,1,1
0.14,0.293,0.332,0,0,1,1
0.14,0.293,0.335,0,0,1,1
0.14,0.293,0.338,0,0,1,1
0.14,0.293,0.341,0,0,1,1
0.14,0.293,0.344,0,0,1,1
0.14,0.293,0.347,0,0,1,1
0.14,0.293,0.35,0,0,1,1
0.14,0.293,0.353,0,0,1,1
0.14,0.293,0.356,0,0,1,1
0.14,0.293,0.359,0,0,1,1
0.14,0.293,0.362,0,0,1,1
0.14,0.293,0.365,0,0,1,1
0.14,0.293,0.368,0,0,1,1
0.14,0.293,0.371,0,0,1,1
0.14,0.293,0.374,0,0,1,1
0.14,0.293,0.377,0,0,1,1
0.14,0.293,0.38,0,0,1,1
0.14,0.293,0.383,0,0,1,1
0.14,0.293,0.386,0,0,1,1
0.14,0.293,0.389,0,0,1,1
0.14,0.293,0.392,0,0,1,1
0.14,0.293,0.395,0,0,1,1
0.14,0.293,0.398,0,0,1,1
0.14,0.293,0.401,0,0,1,1
0.14,0.293,0.404,0,0,1,1
0.14,0.293,0.407,0,0,1,1
0.14,0.293,0.41,0,0,1,1
0.14,0.293,0.413,0,0,1,1
0.14,0.293,0.416,0,0,1,1
0.14,0.293,0.419,0,0,1,1
0.14,0.293,0.422,0,0,1,1
0.14,0.293,0.425,0,0,1,1
0.14,0.293,0.427999,0,0,1,1
0.14,0.293,0.430999,0,0,1,1
0.14,0.293,0.433999,0,0,1,1
0.14,0.293,0.436999,0,0,1,1
0.14,0.293,0.439999,0,0,1,1
0.14,0.29,0.26,0,0,1,1
0.14,0.29,0.263,0,0,1,1
0.14,0.29,0.266,0,0,1,1
0.14,0.29,0.269,0,0,1,1
0.14,0.29,0.272,0,0,1,1
0.14,0.29,0.275,0,0,1,1
0.14,0.29,0.278,0,0,1,1
0.14,0.29,0.281,0,0,1,1
0.14,0.29,0.284,0,0,1,1
0.14,0.29,0.287,0,0,1,1
0.14,0.29,0.29,0,0,1,1
0.14,0.29,0.293,0,0,1,1
0.14,0.29,0.296,0,0,1,1
0.14,0.29,0.299,0,0,1,1
0.14,0.29,0.302,0,0,1,1
0.14,0.29,0.305,0,0,1,1
0.14,0.29,0.308,0,0,1,1
0.14,0.29,0.311,0,0,1,1
0.14,0.29,0.314,0,0,1,1
0.14,0.29,0.317,0,0,1,1
0.14,0.29,0.32,0,0,1,1
0.14,0.29,0.323,0,0,1,1
0.14,0.29,0.326,0,0,1,1
0.14,0.29,0.329,0,0,1,1
0.14,0.29,0.332,0,0,1,1
0.14,0.29,0.335,0,0,1,1
0.14,0.29,0.338,0,0,1,1
0.14,0.29,0.341,0,0,1,1
0.14,0.29,0.344,0,0,1,1
0.14,0.29,0.347,0,0,1,1
0.14,0.29,0.35,0,0,1,1
0.14,0.29,0.353,0,0,1,1
0.14,0.29,0.356,0,0,1,1
0.14,0.29,0.359,0,0,1,1
0.14,0.29,0.362,0,0,1,1
0.14,0.29,0.365,0,0,1,1
0.14,0.29,0.368,0,0,1,1
0.14,0.29,0.371,0,0,1,1
0.14,0.29,0.374,0,0,1,1
0.14,0.29,0.377,0,0,1,1
0.14,0.29,0.38,0,0,1,1
0.14,0.29,0.383,0,0,1,1
0.14,0.29,0.386,0,0,1,1
0.14,0.29,0.389,0,0,1,1
0.14,0.29,0.392,0,0,1,1
0.14,0.29,0.395,0,0,1,1
0.14,0.29,0.398,0,0,1,1
0.14,0.29,0.401,0,0,1,1
0.14,0.29,0.404,0,0,1,1
0.14,0.29,0.407,0,0,1,1
0.14,0.29,0.41,0,0,1,1
0.14,0.29,0.413,0,0,1,1
0.14,0.29,0.416,0,0,1,1
0.14,0.29,0.419,0,0,1,1
0.14,0.29,0.422,0,0,1,1
0.14,0.29,0.425,0,0,1,1
0.14,0.29,0.427999,0,0,1,1
0.14,0.29,0.430999,0,0,1,1
0.14,0.29,0.433999,0,0,1,1
0.14,0.29,0.436999,0,0,1,1
0.14,0.29,0.439999,0,0,1,1
0.14,0.287,0.26,0,0,1,1
0.14,0.287,0.263,0,0,1,1
0.14,0.287,0.266,0,0,1,1
0.14,0.287,0.269,0,0,1,1
0.14,0.287,0.272,0,0,1,1
0.14,0.287,0.275,0,0,1,1
0.14,0.287,0.278,0,0,1,1
0.14,0.287,0.281,0,0,1,1
0.14,0.287,0.284,0,0,1,1
0.14,0.287,0.287,0,0,1,1
0.14,0.287,0.29,0,0,1,1
0.14,0.287,0.293,0,0,1,1
0.14,0.287,0.296,0,0,1,1
0.14,0.287,0.299,0,0,1,1
0.14,0.287,0.302,0,0,1,1
0.14,0.287,0.305,0,0,1,1
0.14,0.287,0.308,0,0,1,1
0.14,0.287,0.311,0,0,1,1
0.14,0.287,0.314,0,0,1,1
0.14,0.287,0.317,0,0,1,1
0.14,0.287,0.32,0,0,1,1
0.14,0.287,0.323,0,0,1,1
0.14,0.287,0.326,0,0,1,1
0.14,0.287,0.329,0,0,1,1
0.14,0.287,0.332,0,0,1,1
0.14,0.287,0.335,0,0,1,1
0.14,0.287,0.338,0,0,1,1
0.14,0.287,0.341,0,0,1,1
0.14,0.287,0.344,0,0,1,1
0.14,0.287,0.347,0,0,1,1
0.14,0.287,0.35,0,0,1,1
0.14,0.287,0.353,0,0,1,1
0.14,0.287,0.356,0,0,1,1
0.14,0.287,0.359,0,0,1,1
0.14,0.287,0.362,0,0,1,1
0.14,0.287,0.365,0,0,1,1
0.14,0.287,0.368,0,0,1,1
0.14,0.287,0.371,0,0,1,1
0.14,0.287,0.374,0,0,1,1
0.14,0.287,0.377,0,0,1,1
0.14,0.287,0.38,0,0,1,1
0.14,0.287,0.383,0,0,1,1
0.14,0.287,0.386,0,0,1,1
0.14,0.287,0.389,0,0,1,1
0.14,0.287,0.392,0,0,1,1
0.14,0.287,0.395,0,0,1,1
0.14,0.287,0.398,0,0,1,1
0.14,0.287,0.401,0,0,1,1
0.14,0.287,0.404,0,0,1,1
0.14,0.287,0.407,0,0,1,1
0.14,0.287,0.41,0,0,1,1
0.14,0.287,0.413,0,0,1,1
0.14,0.287,0.416,0,0,1,1
0.14,0.287,0.419,0,0,1,1
0.14,0.287,0.422,0,0,1,1
0.14,0.287,0.425,0,0,1,1
0.14,0.287,0.427999,0,0,1,1
0.14,0.287,0.430999,0,0,1,1
0.14,0.287,0.433999,0,0,1,1
0.14,0.287,0.436999,0,0,1,1
0.14,0.287,0.439999,0,0,1,1
0.14,0.284,0.26,0,0,1,1
0.14,0.284,0.263,0,0,1,1
0.14,0.284,0.266,0,0,1,1
0.14,0.284,0.269,0,0,1,1
0.14,0.284,0.272,0,0,1,1
0.14,0.284,0.275,0,0,1,1
0.14,0.284,0.278,0,0,1,1
0.14,0.284,0.281,0,0,1,1
0.14,0.284,0.284,0,0,1,1
0.14,0.284,0.287,0,0,1,1
0.14,0.284,0.29,0,0,1,1
0.14,0.284,0.293,0,0,1,1
0.14,0.284,0.296,0,0,1,1
0.14,0.284,0.299,0,0,1,1
0.14,0.284,0.302,0,0,1,1
0.14,0.284,0.305,0,0,1,1
0.14,0.284,0.308,0,0,1,1
0.14,0.284,0.311,0,0,1,1
0.14,0.284,0.314,0,0,1,1
0.14,0.284,0.317,0,0,1,1
0.14,0.284,0.32,0,0,1,1
0.14,0.284,0.323,0,0,1,1
0.14,0.284,0.326,0,0,1,1
0.14,0.284,0.329,0,0,1,1
0.14,0.284,0.332,0,0,1,1
0.14,0.284,0.335,0,0,1,1
0.14,0.284,0.338,0,0,1,1
0.14,0.284,0.341,0,0,1,1
0.14,0.284,0.344,0,0,1,1
0.14,0.284,0.347,0,0,1,1
0.14,0.284,0.35,0,0,1,1
0.14,0.284,0.353,0,0,1,1
0.14,0.284,0.356,0,0,1,1
0.14,0.284,0.359,0,0,1,1
0.14,0.284,0.362,0,0,1,1
0.14,0.284,0.365,0,0,1,1
0.14,0.284,0.368,0,0,1,1
0.14,0.284,0.371,0,0,1,1
0.14,0.284,0.374,0,0,1,1
0.14,0.284,0.377,0,0,1,1
0.14,0.284,0.38,0,0,1,1
0.14,0.284,0.383,0,0,1,1
0.14,0.284,0.386,0,0,1,1
0.14,0.284,0.389,0,0,1,1
0.14,0.284,0.392,0,0,1,1
0.14,0.284,0.395,0,0,1,1
0.14,0.284,0.398,0,0,1,1
0.14,0.284,0.401,0,0,1,1
0.14,0.284,0.404,0,0,1,1
0.14,0.284,0.407,0,0,1,1
0.14,0.284,0.41,0,0,1,1
0.14,0.284,0.413,0,0,1,1
0.14,0.284,0.416,0,0,1,1
0.14,0.284,0.419,0,0,1,1
0.14,0.284,0.422,0,0,1,1
0.14,0.284,0.425,0,0,1,1
0.14,0.284,0.427999,0,0,1,1
0.14,0.284,0.430999,0,0,1,1
0.14,0.284,0.433999,0,0,1,1
0.14,0.284,0.436999,0,0,1,1
0.14,0.284,0.439999,0,0,1,1
0.14,0.281,0.26,0,0,1,1
0.14,0.281,0.263,0,0,1,1
0.14,0.281,0.266,0,0,1,1
0.14,0.281,0.269,0,0,1,1
0.14,0.281,0.272,0,0,1,1
0.14,0.281,0.275,0,0,1,1
0.14,0.281,0.278,0,0,1,1
0.14,0.281,0.281,0,0,1,1
0.14,0.281,0.284,0,0,1,1
0.14,0.281,0.287,0,0,1,1
0.14,0.281,0.29,0,0,1,1
0.14,0.281,0.293,0,0,1,1
0.14,0.281,0.296,0,0,1,1
0.14,0.281,0.299,0,0,1,1
0.14,0.281,0.302,0,0,1,1
0.14,0.281,0.305,0,0,1,1
0.14,0.281,0.308,0,0,1,1
0.14,0.281,0.311,0,0,1,1
0.14,0.281,0.314,0,0,1,1
0.14,0.281,0.317,0,0,1,1
0.14,0.281,0.32,0,0,1,1
0.14,0.281,0.323,0,0,1,1
0.14,0.281,0.326,0,0,1,1
0.14,0.281,0.329,0,0,1,1
0.14,0.281,0.332,0,0,1,1
0.14,0.281,0.335,0,0,1,1
0.14,0.281,0.338,0,0,1,1
0.14,0.281,0.341,0,0,1,1
0.14,0.281,0.344,0,0,1,1
0.14,0.281,0.347,0,0,1,1
0.14,0.281,0.35,0,0,1,1
0.14,0.281,0.353,0,0,1,1
0.14,0.281,0.356,0,0,1,1
0.14,0.281,0.359,0,0,1,1
0.14,0.281,0.362,0,0,1,1
0.14,0.281,0.365,0,0,1,1
0.14,0.281,0.368,0,0,1,1
0.14,0.281,0.371,0,0,1,1
0.14,0.281,0.374,0,0,1,1
0.14,0.281,0.377,0,0,1,1
0.14,0.281,0.38,0,0,1,1
0.14,0.281,0.383,0,0,1,1
0.14,0.281,0.386,0,0,1,1
0.14,0.281,0.389,0,0,1,1
0.14,0.281,0.392,0,0,1,1
0.14,0.281,0.395,0,0,1,1
0.14,0.281,0.398,0,0,1,1
0.14,0.281,0.401,0,0,1,1
0.14,0.281,0.404,0,0,1,1
0.14,0.281,0.407,0,0,1,1
0.14,0.281,0.41,0,0,1,1
0.14,0.281,0.413,0,0,1,1
0.14,0.281,0.416,0,0,1,1
0.14,0.281,0.419,0,0,1,1
0.14,0.281,0.422,0,0,1,1
0.14,0.281,0.425,0,0,1,1
0.14,0.281,0.427999,0,0,1,1
0.14,0.281,0.430999,0,0,1,1
0.14,0.281,0.433999,0,0,1,1
0.14,0.281,0.436999,0,0,1,1
0.14,0.281,0.439999,0,0,1,1
0.14,0.278,0.26,0,0,1,1
0.14,0.278,0.263,0,0,1,1
0.14,0.278,0.266,0,0,1,1
0.14,0.278,0.269,0,0,1,1
0.14,0.278,0.272,0,0,1,1
0.14,0.278,0.275,0,0,1,1
0.14,0.278,0.278,0,0,1,1
0.14,0.278,0.281,0,0,1,1
0.14,0.278,0.284,0,0,1,1
0.14,0.278,0.287,0,0,1,1
0.14,0.278,0.29,0,0,1,1
0.14,0.278,0.293,0,0,1,1
0.14,0.278,0.296,0,0,1,1
0.14,0.278,0.299,0,0,1,1
0.14,0.278,0.302,0,0,1,1
0.14,0.278,0.305,0,0,1,1
0.14,0.278,0.308,0,0,1,1
0.14,0.278,0.311,0,0,1,1
0.14,0.278,0.314,0,0,1,1
0.14,0.278,0.317,0,0,1,1
0.14,0.278,0.32,0,0,1,1
0.14,0.278,0.323,0,0,1,1
0.14,0.278,0.326,0,0,1,1
0.14,0.278,0.329,0,0,1,1
0.14,0.278,0.332,0,0,1,1
0.14,0.278,0.335,0,0,1,1
0.14,0.278,0.338,0,0,1,1
0.14,0.278,0.341,0,0,1,1
0.14,0.278,0.344,0,0,1,1
0.14,0.278,0.347,0,0,1,1
0.14,0.278,0.35,0,0,1,1
0.14,0.278,0.353,0,0,1,1
0.14,0.278,0.356,0,0,1,1
0.14,0.278,0.359,0,0,1,1
0.14,0.278,0.362,0,0,1,1
0.14,0.278,0.365,0,0,1,1
0.14,0.278,0.368,0,0,1,1
0.14,0.278,0.371,0,0,1,1
0.14,0.278,0.374,0,0,1,1
0.14,0.278,0.377,0,0,1,1
0.14,0.278,0.38,0,0,1,1
0.14,0.278,0.383,0,0,1,1
0.14,0.278,0.386,0,0,1,1
0.14,0.278,0.389,0,0,1,1
0.14,0.278,0.392,0,0,1,1
0.14,0.278,0.395,0,0,1,1
0.14,0.278,0.398,0,0,1,1
0.14,0.278,0.401,0,0,1,1
0.14,0.278,0.404,0,0,1,1
0.14,0.278,0.407,0,0,1,1
0.14,0.278,0.41,0,0,1,1
0.14,0.278,0.413,0,0,1,1
0.14,0.278,0.416,0,0,1,1
0.14,0.278,0.419,0,0,1,1
0.14,0.278,0.422,0,0,1,1
0.14,0.278,0.425,0,0,1,1
0.14,0.278,0.427999,0,0,1,1
0.14,0.278,0.430999,0,0,1,1
0.14,0.278,0.433999,0,0,1,1
0.14,0.278,0.436999,0,0,1,1
0.14,0.278,0.439999,0,0,1,1
0.14,0.275,0.26,0,0,1,1
0.14,0.275,0.263,0,0,1,1
0.14,0.275,0.266,0,0,1,1
0.14,0.275,0.269,0,0,1,1
0.14,0.275,0.272,0,0,1,1
0.14,0.275,0.275,0,0,1,1
0.14,0.275,0.278,0,0,1,1
0.14,0.275,0.281,0,0,1,1
0.14,0.275,0.284,0,0,1,1
0.14,0.275,0.287,0,0,1,1
0.14,0.275,0.29,0,0,1,1
0.14,0.275,0.293,0,0,1,1
0.14,0.275,0.296,0,0,1,1
0.14,0.275,0.299,0,0,1,1
0.14,0.275,0.302,0,0,1,1
0.14,0.275,0.305,0,0,1,1
0.14,0.275,0.308,0,0,1,1
0.14,0.275,0.311,0,0,1,1
0.14,0.275,0.314,0,0,1,1
0.14,0.275,0.317,0,0,1,1
0.14,0.275,0.32,0,0,1,1
0.14,0.275,0.323,0,0,1,1
0.14,0.275,0.326,0,0,1,1
0.14,0.275,0.329,0,0,1,1
0.14,0.275,0.332,0,0,1,1
0.14,0.275,0.335,0,0,1,1
0.14,0.275,0.338,0,0,1,1
0.14,0.275,0.341,0,0,1,1
0.14,0.275,0.344,0,0,1,1
0.14,0.275,0.347,0,0,1,1
0.14,0.275,0.35,0,0,1,1
0.14,0.275,0.353,0,0,1,1
0.14,0.275,0.356,0,0,1,1
0.14,0.275,0.359,0,0,1,1
0.14,0.275,0.362,0,0,1,1
0.14,0.275,0.365,0,0,1,1
0.14,0.275,0.368,0,0,1,1
0.14,0.275,0.371,0,0,1,1
0.14,0.275,0.374,0,0,1,1
0.14,0.275,0.377,0,0,1,1
0.14,0.275,0.38,0,0,1,1
0.14,0.275,0.383,0,0,1,1
0.14,0.275,0.386,0,0,1,1
0.14,0.275,0.389,0,0,1,1
0.14,0.275,0.392,0,0,1,1
0.14,0.275,0.395,0,0,1,1
0.14,0.275,0.398,0,0,1,1
0.14,0.275,0.401,0,0,1,1
0.14,0.275,0.404,0,0,1,1
0.14,0.275,0.407,0,0,1,1
0.14,0.275,0.41,0,0,1,1
0.14,0.275,0.413,0,0,1,1
0.14,0.275,0.416,0,0,1,1
0.14,0.275,0.419,0,0,1,1
0.14,0.275,0.422,0,0,1,1
0.14,0.275,0.425,0,0,1,1
0.14,0.275,0.427999,0,0,1,1
0.14,0.275,0.430999,0,0,1,1
0.14,0.275,0.433999,0,0,1,1
0.14,0.275,0.436999,0,0,1,1
0.14,0.275,0.439999,0,0,1,1
0.14,0.272,0.26,0,0,1,1
0.14,0.272,0.263,0,0,1,1
0.14,0.272,0.266,0,0,1,1
0.14,0.272,0.269,0,0,1,1
0.14,0.272,0.272,0,0,1,1
0.14,0.272,0.275,0,0,1,1
0.14,0.272,0.278,0,0,1,1
0.14,0.272,0.281,0,0,1,1
0.14,0.272,0.284,0,0,1,1
0.14,0.272,0.287,0,0,1,1
0.14,0.272,0.29,0,0,1,1
0.14,0.272,0.293,0,0,1,1
0.14,0.272,0.296,0,0,1,1
0.14,0.272,0.299,0,0,1,1
0.14,0.272,0.302,0,0,1,1
0.14,0.272,0.305,0,0,1,1
0.14,0.272,0.308,0,0,1,1
0.14,0.272,0.311,0,0,1,1
0.14,0.272,0.314,0,0,1,1
0.14,0.272,0.317,0,0,1,1
0.14,0.272,0.32,0,0,1,1
0.14,0.272,0.323,0,0,1,1
0.14,0.272,0.326,0,0,1,1
0.14,0.272,0.329,0,0,1,1
0.14,0.272,0.332,0,0,1,1
0.14,0.272,0.335,0,0,1,1
0.14,0.272,0.338,0,0,1,1
0.14,0.272,0.341,0,0,1,1
0.14,0.272,0.344,0,0,1,1
0.14,0.272,0.347,0,0,1,1
0.14,0.272,0.35,0,0,1,1
0.14,0.272,0.353,0,0,1,1
0.14,0.272,0.356,0,0,1,1
0.14,0.272,0.359,0,0,1,1
0.14,0.272,0.362,0,0,1,1
0.14,0.272,0.365,0,0,1,1
0.14,0.272,0.368,0,0,1,1
0.14,0.272,0.371,0,0,1,1
0.14,0.272,0.374,0,0,1,1
0.14,0.272,0.377,0,0,1,1
0.14,0.272,0.38,0,0,1,1
0.14,0.272,0.383,0,0,1,1
0.14,0.272,0.386,0,0,1,1
0.14,0.272,0.389,0,0,1,1
0.14,0.272,0.392,0,0,1,1
0.14,0.272,0.395,0,0,1,1
0.14,0.272,0.398,0,0,1,1
0.14,0.272,0.401,0,0,1,1
0.14,0.272,0.404,0,0,1,1
0.14,0.272,0.407,0,0,1,1
0.14,0.272,0.41,0,0,1,1
0.14,0.272,0.413,0,0,1,1
0.14,0.272,0.416,0,0,1,1
0.14,0.272,0.419,0,0,1,1
0.14,0.272,0.422,0,0,1,1
0.14,0.272,0.425,0,0,1,1
0.14,0.272,0.427999,0,0,1,1
0.14,0.272,0.430999,0,0,1,1
0.14,0.272,0.433999,0,0,1,1
0.14,0.272,0.436999,0,0,1,1
0.14,0.272,0.439999,0,0,1,1
0.14,0.269,0.26,0,0,1,1
0.14,0.269,0.263,0,0,1,1
0.14,0.269,0.266,0,0,1,1
0.14,0.269,0.269,0,0,1,1
0.14,0.269,0.272,0,0,1,1
0.14,0.269,0.275,0,0,1,1
0.14,0.269,0.278,0,0,1,1
0.14,0.269,0.281,0,0,1,1
0.14,0.269,0.284,0,0,1,1
0.14,0.269,0.287,0,0,1,1
0.14,0.269,0.29,0,0,1,1
0.14,0.269,0.293,0,0,1,1
0.14,0.269,0.296,0,0,1,1
0.14,0.269,0.299,0,0,1,1
0.14,0.269,0.302,0,0,1,1
0.14,0.269,0.305,0,0,1,1
0.14,0.269,0.308,0,0,1,1
0.14,0.269,0.311,0,0,1,1
0.14,0.269,0.314,0,0,1,1
0.14,0.269,0.317,0,0,1,1
0.14,0.269,0.32,0,0,1,1
0.14,0.269,0.323,0,0,1,1
0.14,0.269,0.326,0,0,1,1
0.14,0.269,0.329,0,0,1,1
0.14,0.269,0.332,0,0,1,1
0.14,0.269,0.335,0,0,1,1
0.14,0.269,0.338,0,0,1,1
0.14,0.269,0.341,0,0,1,1
0.14,0.269,0.344,0,0,1,1
0.14,0.269,0.347,0,0,1,1
0.14,0.269,0.35,0,0,1,1
0.14,0.269,0.353,0,0,1,1
0.14,0.269,0.356,0,0,1,1
0.14,0.269,0.359,0,0,1,1
0.14,0.269,0.362,0,0,1,1
0.14,0.269,0.365,0,0,1,1
0.14,0.269,0.368,0,0,1,1
0.14,0.269,0.371,0,0,1,1
0.14,0.269,0.374,0,0,1,1
0.14,0.269,0.377,0,0,1,1
0.14,0.269,0.38,0,0,1,1
0.14,0.269,0.383,0,0,1,1
0.14,0.269,0.386,0,0,1,1
0.14,0.269,0.389,0,0,1,1
0.14,0.269,0.392,0,0,1,1
0.14,0.269,0.395,0,0,1,1
0.14,0.269,0.398,0,0,1,1
0.14,0.269,0.401,0,0,1,1
0.14,0.269,0.404,0,0,1,1
0.14,0.269,0.407,0,0,1,1
0.14,0.269,0.41,0,0,1,1
0.14,0.269,0.413,0,0,1,1
0.14,0.269,0.416,0,0,1,1
0.14,0.269,0.419,0,0,1,1
0.14,0.269,0.422,0,0,1,1
0.14,0.269,0.425,0,0,1,1
0.14,0.269,0.427999,0,0,1,1
0.14,0.269,0.430999,0,0,1,1
0.14,0.269,0.433999,0,0,1,1
0.14,0.269,0.436999,0,0,1,1
0.14,0.269,0.439999,0,0,1,1
0.14,0.41,0.26,0,0,1,1
0.14,0.41,0.263,0,0,1,1
0.14,0.41,0.266,0,0,1,1
0.14,0.41,0.269,0,0,1,1
0.14,0.41,0.272,0,0,1,1
0.14,0.41,0.275,0,0,1,1
0.14,0.41,0.278,0,0,1,1
0.14,0.41,0.281,0,0,1,1
0.14,0.41,0.284,0,0,1,1
0.14,0.41,0.287,0,0,1,1
0.14,0.41,0.29,0,0,1,1
0.14,0.41,0.293,0,0,1,1
0.14,0.41,0.296,0,0,1,1
0.14,0.41,0.299,0,0,1,1
0.14,0.41,0.302,0,0,1,1
0.14,0.41,0.305,0,0,1,1
0.14,0.41,0.308,0,0,1,1
0.14,0.41,0.311,0,0,1,1
0.14,0.41,0.314,0,0,1,1
0.14,0.41,0.317,0,0,1,1
0.14,0.41,0.32,0,0,1,1
0.14,0.41,0.323,0,0,1,1
0.14,0.41,0.326,0,0,1,1
0.14,0.41,0.329,0,0,1,1
0.14,0.41,0.332,0,0,1,1
0.14,0.41,0.335,0,0,1,1
0.14,0.41,0.338,0,0,1,1
0.14,0.41,0.341,0,0,1,1
0.14,0.41,0.344,0,0,1,1
0.14,0.41,0.347,0,0,1,1
0.14,0.41,0.35,0,0,1,1
0.14,0.41,0.353,0,0,1,1
0.14,0.41,0.356,0,0,1,1
0.14,0.41,0.359,0,0,1,1
0.14,0.41,0.362,0,0,1,1
0.14,0.41,0.365,0,0,1,1
0.14,0.41,0.368,0,0,1,1
0.14,0.41,0.371,0,0,1,1
0.14,0.41,0.374,0,0,1,1
0.14,0.41,0.377,0,0,1,1
0.14,0.41,0.38,0,0,1,1
0.14,0.41,0.383,0,0,1,1
0.14,0.41,0.386,0,0,1,1
0.14,0.41,0.389,0,0,1,1
0.14,0.41,0.392,0,0,1,1
0.14,0.41,0.395,0,0,1,1
0.14,0.41,0.398,0,0,1,1
0.14,0.41,0.401,0,0,1,1
0.14,0.41,0.404,0,0,1,1
0.14,0.41,0.407,0,0,1,1
0.14,0.41,0.41,0,0,1,1
0.14,0.41,0.413,0,0,1,1
0.14,0.41,0.416,0,0,1,1
0.14,0.41,0.419,0,0,1,1
0.14,0.41,0.422,0,0,1,1
0.14,0.41,0.425,0,0,1,1
0.14,0.41,0.427999,0,0,1,1
0.14,0.41,0.430999,0,0,1,1
0.14,0.41,0.433999,0,0,1,1
0.14,0.41,0.436999,0,0,1,1
0.14,0.41,0.439999,0,0,1,1
0.143,0.41,0.26,0,0,1,1
0.143,0.41,0.263,0,0,1,1
0.143,0.41,0.266,0,0,1,1
0.143,0.41,0.269,0,0,1,1
0.143,0.41,0.272,0,0,1,1
0.143,0.41,0.275,0,0,1,1
0.143,0.41,0.278,0,0,1,1
0.143,0.41,0.281,0,0,1,1
0.143,0.41,0.284,0,0,1,1
0.143,0.41,0.287,0,0,1,1
0.143,0.41,0.29,0,0,1,1
0.143,0.41,0.293,0,0,1,1
0.143,0.41,0.296,0,0,1,1
0.143,0.41,0.299,0,0,1,1
0.143,0.41,0.302,0,0,1,1
0.143,0.41,0.305,0,0,1,1
0.143,0.41,0.308,0,0,1,1
0.143,0.41,0.311,0,0,1,1
0.143,0.41,0.314,0,0,1,1
0.143,0.41,0.317,0,0,1,1
0.143,0.41,0.32,0,0,1,1
0.143,0.41,0.323,0,0,1,1
0.143,0.41,0.326,0,0,1,1
0.143,0.41,0.329,0,0,1,1
0.143,0.41,0.332,0,0,1,1
0.143,0.41,0.335,0,0,1,1
0.143,0.41,0.338,0,0,1,1
0.143,0.41,0.341,0,0,1,1
0.143,0.41,0.344,0,0,1,1
0.143,0.41,0.347,0,0,1,1
0.143,0.41,0.35,0,0,1,1
0.143,0.41,0.353,0,0,1,1
0.143,0.41,0.356,0,0,1,1
0.143,0.41,0.359,0,0,1,1
0.143,0.41,0.362,0,0,1,1
0.143,0.41,0.365,0,0,1,1
0.143,0.41,0.368,0,0,1,1
0.143,0.41,0.371,0,0,1,1
0.143,0.41,0.374,0,0,1,1
0.143,0.41,0.377,0,0,1,1
0.143,0.41,0.38,0,0,1,1
0.143,0.41,0.383,0,0,1,1
0.143,0.41,0.386,0,0,1,1
0.143,0.41,0.389,0,0,1,1
0.143,0.41,0.392,0,0,1,1
0.143,0.41,0.395,0,0,1,1
0.143,0.41,0.398,0,0,1,1
0.143,0.41,0.401,0,0,1,1
0.143,0.41,0.404,0,0,1,1
0.143,0.41,0.407,0,0,1,1
0.143,0.41,0.41,0,0,1,1
0.143,0.41,0.413,0,0,1,1
0.143,0.41,0.416,0,0,1,1
0.143,0.41,0.419,0,0,1,1
0.143,0.41,0.422,0,0,1,1
0.143,0.41,0.425,0,0,1,1
0.143,0.41,0.427999,0,0,1,1
0.143,0.41,0.430999,0,0,1,1
0.143,0.41,0.433999,0,0,1,1
0.143,0.41,0.436999,0,0,1,1
0.143,0.41,0.439999,0,0,1,1
0.146,0.41,0.26,0,0,1,1
0.146,0.41,0.263,0,0,1,1
0.146,0.41,0.266,0,0,1,1
0.146,0.41,0.269,0,0,1,1
0.146,0.41,0.272,0,0,1,1
0.146,0.41,0.275,0,0,1,1
0.146,0.41,0.278,0,0,1,1
0.146,0.41,0.281,0,0,1,1
0.146,0.41,0.284,0,0,1,1
0.146,0.41,0.287,0,0,1,1
0.146,0.41,0.29,0,0,1,1
0.146,0.41,0.293,0,0,1,1
0.146,0.41,0.296,0,0,1,1
0.146,0.41,0.299,0,0,1,1
0.146,0.41,0.302,0,0,1,1
0.146,0.41,0.305,0,0,1,1
0.146,0.41,0.308,0,0,1,1
0.146,0.41,0.311,0,0,1,1
0.146,0.41,0.314,0,0,1,1
0.146,0.41,0.317,0,0,1,1
0.146,0.41,0.32,0,0,1,1
0.146,0.41,0.323,0,0,1,1
0.146,0.41,0.326,0,0,1,1
0.146,0.41,0.329,0,0,1,1
0.146,0.41,0.332,0,0,1,1
0.146,0.41,0.335,0,0,1,1
0.146,0.41,0.338,0,0,1,1
0.146,0.41,0.341,0,0,1,1
0.146,0.41,0.344,0,0,1,1
0.146,0.41,0.347,0,0,1,1
0.146,0.41,0.35,0,0,1,1
0.146,0.41,0.353,0,0,1,1
0.146,0.41,0.356,0,0,1,1
0.146,0.41,0.359,0,0,1,1
0.146,0.41,0.362,0,0,1,1
0.146,0.41,0.365,0,0,1,1
0.146,0.41,0.368,0,0,1,1
0.146,0.41,0.371,0,0,1,1
0.146,0.41,0.374,0,0,1,1
0.146,0.41,0.377,0,0,1,1
0.146,0.41,0.38,0,0,1,1
0.146,0.41,0.383,0,0,1,1
0.146,0.41,0.386,0,0,1,1
0.146,0.41,0.389,0,0,1,1
0.146,0.41,0.392,0,0,1,1
0.146,0.41,0.395,0,0,1,1
0.146,0.41,0.398,0,0,1,1
0.146,0.41,0.401,0,0,1,1
0.146,0.41,0.404,0,0,1,1
0.146,0.41,0.407,0,0,1,1
0.146,0.41,0.41,0,0,1,1
0.146,0.41,0.413,0,0,1,1
0.146,0.41,0.416,0,0,1,1
0.146,0.41,0.419,0,0,1,1
0.146,0.41,0.422,0,0,1,1
0.146,0.41,0.425,0,0,1,1
0.146,0.41,0.427999,0,0,1,1
0.146,0.41,0.430999,0,0,1,1
0.146,0.41,0.433999,0,0,1,1
0.146,0.41,0.436999,0,0,1,1
0.146,0.41,0.439999,0,0,1,1
0.149,0.41,0.26,0,0,1,1
0.149,0.41,0.263,0,0,1,1
0.149,0.41,0.266,0,0,1,1
0.149,0.41,0.269,0,0,1,1
0.149,0.41,0.272,0,0,1,1
0.149,0.41,0.275,0,0,1,1
0.149,0.41,0.278,0,0,1,1
0.149,0.41,0.281,0,0,1,1
0.149,0.41,0.284,0,0,1,1
0.149,0.41,0.287,0,0,1,1
0.149,0.41,0.29,0,0,1,1
0.149,0.41,0.293,0,0,1,1
0.149,0.41,0.296,0,0,1,1
0.149,0.41,0.299,0,0,1,1
0.149,0.41,0.302,0,0,1,1
0.149,0.41,0.305,0,0,1,1
0.149,0.41,0.308,0,0,1,1
0.149,0.41,0.311,0,0,1,1
0.149,0.41,0.314,0,0,1,1
0.149,0.41,0.317,0,0,1,1
0.149,0.41,0.32,0,0,1,1
0.149,0.41,0.323,0,0,1,1
0.149,0.41,0.326,0,0,1,1
0.149,0.41,0.329,0,0,1,1
0.149,0.41,0.332,0,0,1,1
0.149,0.41,0.335,0,0,1,1
0.149,0.41,0.338,0,0,1,1
0.149,0.41,0.341,0,0,1,1
0.149,0.41,0.344,0,0,1,1
0.149,0.41,0.347,0,0,1,1
0.149,0.41,0.35,0,0,1,1
0.149,0.41,0.353,0,0,1,1
0.149,0.41,0.356,0,0,1,1
0.149,0.41,0.359,0,0,1,1
0.149,0.41,0.362,0,0,1,1
0.149,0.41,0.365,0,0,1,1
0.149,0.41,0.368,0,0,1,1
0.149,0.41,0.371,0,0,1,1
0.149,0.41,0.374,0,0,1,1
0.149,0.41,0.377,0,0,1,1
0.149,0.41,0.38,0,0,1,1
0.149,0.41,0.383,0,0,1,1
0.149,0.41,0.386,0,0,1,1
0.149,0.41,0.389,0,0,1,1
0.149,0.41,0.392,0,0,1,1
0.149,0.41,0.395,0,0,1,1
0.149,0.41,0.398,0,0,1,1
0.149,0.41,0.401,0,0,1,1
0.149,0.41,0.404,0,0,1,1
0.149,0.41,0.407,0,0,1,1
0.149,0.41,0.41,0,0,1,1
0.149,0.41,0.413,0,0,1,1
0.149,0.41,0.416,0,0,1,1
0.149,0.41,0.419,0,0,1,1
0.149,0.41,0.422,0,0,1,1
0.149,0.41,0.425,0,0,1,1
0.149,0.41,0.427999,0,0,1,1
0.149,0.41,0.430999,0,0,1,1
0.149,0.41,0.433999,0,0,1,1
0.149,0.41,0.436999,0,0,1,1
0.149,0.41,0.439999,0,0,1,1
0.152,0.41,0.26,0,0,1,1
0.152,0.41,0.263,0,0,1,1
0.152,0.41,0.266,0,0,1,1
0.152,0.41,0.269,0,0,1,1
0.152,0.41,0.272,0,0,1,1
0.152,0.41,0.275,0,0,1,1
0.152,0.41,0.278,0,0,1,1
0.152,0.41,0.281,0,0,1,1
0.152,0.41,0.284,0,0,1,1
0.152,0.41,0.287,0,0,1,1
0.152,0.41,0.29,0,0,1,1
0.152,0.41,0.293,0,0,1,1
0.152,0.41,0.296,0,0,1,1
0.152,0.41,0.299,0,0,1,1
0.152,0.41,0.302,0,0,1,1
0.152,0.41,0.305,0,0,1,1
0.152,0.41,0.308,0,0,1,1
0.152,0.41,0.311,0,0,1,1
0.152,0.41,0.314,0,0,1,1
0.152,0.41,0.317,0,0,1,1
0.152,0.41,0.32,0,0,1,1
0.152,0.41,0.323,0,0,1,1
0.152,0.41,0.326,0,0,1,1
0.152,0.41,0.329,0,0,1,1
0.152,0.41,0.332,0,0,1,1
0.152,0.41,0.335,0,0,1,1
0.152,0.41,0.338,0,0,1,1
0.152,0.41,0.341,0,0,1,1
0.152,0.41,0.344,0,0,1,1
0.152,0.41,0.347,0,0,1,1
0.152,0.41,0.35,0,0,1,1
0.152,0.41,0.353,0,0,1,1
0.152,0.41,0.356,0,0,1,1
0.152,0.41,0.359,0,0,1,1
0.152,0.41,0.362,0,0,1,1
0.152,0.41,0.365,0,0,1,1
0.152,0.41,0.368,0,0,1,1
0.152,0.41,0.371,0,0,1,1
0.152,0.41,0.374,0,0,1,1
0.152,0.41,0.377,0,0,1,1
0.152,0.41,0.38,0,0,1,1
0.152,0.41,0.383,0,0,1,1
0.152,0.41,0.386,0,0,1,1
0.152,0.41,0.389,0,0,1,1
0.152,0.41,0.392,0,0,1,1
0.152,0.41,0.395,0,0,1,1
0.152,0.41,0.398,0,0,1,1
0.152,0.41,0.401,0,0,1,1
0.152,0.41,0.404,0,0,1,1
0.152,0.41,0.407,0,0,1,1
0.152,0.41,0.41,0,0,1,1
0.152,0.41,0.413,0,0,1,1
0.152,0.41,0.416,0,0,1,1
0.152,0.41,0.419,0,0,1,1
0.152,0.41,0.422,0,0,1,1
0.152,0.41,0.425,0,0,1,1
0.152,0.41,0.427999,0,0,1,1
0.152,0.41,0.430999,0,0,1,1
0.152,0.41,0.433999,0,0,1,1
0.152,0.41,0.436999,0,0,1,1
0.152,0.41,0.439999,0,0,1,1
0.155,0.41,0.26,0,0,1,1
0.155,0.41,0.263,0,0,1,1
0.155,0.41,0.266,0,0,1,1
0.155,0.41,0.269,0,0,1,1
0.155,0.41,0.272,0,0,1,1
0.155,0.41,0.275,0,0,1,1
0.155,0.41,0.278,0,0,1,1
0.155,0.41,0.281,0,0,1,1
0.155,0.41,0.284,0,0,1,1
0.155,0.41,0.287,0,0,1,1
0.155,0.41,0.29,0,0,1,1
0.155,0.41,0.293,0,0,1,1
0.155,0.41,0.296,0,0,1,1
0.155,0.41,0.299,0,0,1,1
0.155,0.41,0.302,0,0,1,1
0.155,0.41,0.305,0,0,1,1
0.155,0.41,0.308,0,0,1,1
0.155,0.41,0.311,0,0,1,1
0.155,0.41,0.314,0,0,1,1
0.155,0.41,0.317,0,0,1,1
0.155,0.41,0.32,0,0,1,1
0.155,0.41,0.323,0,0,1,1
0.155,0.41,0.326,0,0,1,1
0.155,0.41,0.329,0,0,1,1
0.155,0.41,0.332,0,0,1,1
0.155,0.41,0.335,0,0,1,1
0.155,0.41,0.338,0,0,1,1
0.155,0.41,0.341,0,0,1,1
0.155,0.41,0.344,0,0,1,1
0.155,0.41,0.347,0,0,1,1
0.155,0.41,0.35,0,0,1,1
0.155,0.41,0.353,0,0,1,1
0.155,0.41,0.356,0,0,1,1
0.155,0.41,0.359,0,0,1,1
0.155,0.41,0.362,0,0,1,1
0.155,0.41,0.365,0,0,1,1
0.155,0.41,0.368,0,0,1,1
0.155,0.41,0.371,0,0,1,1
0.155,0.41,0.374,0,0,1,1
0.155,0.41,0.377,0,0,1,1
0.155,0.41,0.38,0,0,1,1
0.155,0.41,0.383,0,0,1,1
0.155,0.41,0.386,0,0,1,1
0.155,0.41,0.389,0,0,1,1
0.155,0.41,0.392,0,0,1,1
0.155,0.41,0.395,0,0,1,1
0.155,0.41,0.398,0,0,1,1
0.155,0.41,0.401,0,0,1,1
0.155,0.41,0.404,0,0,1,1
0.155,0.41,0.407,0,0,1,1
0.155,0.41,0.41,0,0,1,1
0.155,0.41,0.413,0,0,1,1
0.155,0.41,0.416,0,0,1,1
0.155,0.41,0.419,0,0,1,1
0.155,0.41,0.422,0,0,1,1
0.155,0.41,0.425,0,0,1,1
0.155,0.41,0.427999,0,0,1,1
0.155,0.41,0.430999,0,0,1,1
0.155,0.41,0.433999,0,0,1,1
0.155,0.41,0.436999,0,0,1,1
0.155,0.41,0.439999,0,0,1,1
0.158,0.41,0.26,0,0,1,1
0.158,0.41,0.263,0,0,1,1
0.158,0.41,0.266,0,0,1,1
0.158,0.41,0.269,0,0,1,1
0.158,0.41,0.272,0,0,1,1
0.158,0.41,0.275,0,0,1,1
0.158,0.41,0.278,0,0,1,1
0.158,0.41,0.281,0,0,1,1
0.158,0.41,0.284,0,0,1,1
0.158,0.41,0.287,0,0,1,1
0.158,0.41,0.29,0,0,1,1
0.158,0.41,0.293,0,0,1,1
0.158,0.41,0.296,0,0,1,1
0.158,0.41,0.299,0,0,1,1
0.158,0.41,0.302,0,0,1,1
0.158,0.41,0.305,0,0,1,1
0.158,0.41,0.308,0,0,1,1
0.158,0.41,0.311,0,0,1,1
0.158,0.41,0.314,0,0,1,1
0.158,0.41,0.317,0,0,1,1
0.158,0.41,0.32,0,0,1,1
0.158,0.41,0.323,0,0,1,1
0.158,0.41,0.326,0,0,1,1
0.158,0.41,0.329,0,0,1,1
0.158,0.41,0.332,0,0,1,1
0.158,0.41,0.335,0,0,1,1
0.158,0.41,0.338,0,0,1,1
0.158,0.41,0.341,0,0,1,1
0.158,0.41,0.344,0,0,1,1
0.158,0.41,0.347,0,0,1,1
0.158,0.41,0.35,0,0,1,1
0.158,0.41,0.353,0,0,1,1
0.158,0.41,0.356,0,0,1,1
0.158,0.41,0.359,0,0,1,1
0.158,0.41,0.362,0,0,1,1
0.158,0.41,0.365,0,0,1,1
0.158,0.41,0.368,0,0,1,1
0.158,0.41,0.371,0,0,1,1
0.158,0.41,0.374,0,0,1,1
0.158,0.41,0.377,0,0,1,1
0.158,0.41,0.38,0,0,1,1
0.158,0.41,0.383,0,0,1,1
0.158,0.41,0.386,0,0,1,1
0.158,0.41,0.389,0,0,1,1
0.158,0.41,0.392,0,0,1,1
0.158,0.41,0.395,0,0,1,1
0.158,0.41,0.398,0,0,1,1
0.158,0.41,0.401,0,0,1,1
0.158,0.41,0.404,0,0,1,1
0.158,0.41,0.407,0,0,1,1
0.158,0.41,0.41,0,0,1,1
0.158,0.41,0.413,0,0,1,1
0.158,0.41,0.416,0,0,1,1
0.158,0.41,0.419,0,0,1,1
0.158,0.41,0.422,0,0,1,1
0.158,0.41,0.425,0,0,1,1
0.158,0.41,0.427999,0,0,1,1
0.158,0.41,0.430999,0,0,1,1
0.158,0.41,0.433999,0,0,1,1
0.158,0.41,0.436999,0,0,1,1
0.158,0.41,0.439999,0,0,1,1
0.161,0.41,0.26,0,0,1,1
0.161,0.41,0.263,0,0,1,1
0.161,0.41,0.266,0,0,1,1
0.161,0.41,0.269,0,0,1,1
0.161,0.41,0.272,0,0,1,1
0.161,0.41,0.275,0,0,1,1
0.161,0.41,0.278,0,0,1,1
0.161,0.41,0.281,0,0,1,1
0.161,0.41,0.284,0,0,1,1
0.161,0.41,0.287,0,0,1,1
0.161,0.41,0.29,0,0,1,1
0.161,0.41,0.293,0,0,1,1
0.161,0.41,0.296,0,0,1,1
0.161,0.41,0.299,0,0,1,1
0.161,0.41,0.302,0,0,1,1
0.161,0.41,0.305,0,0,1,1
0.161,0.41,0.308,0,0,1,1
0.161,0.41,0.311,0,0,1,1
0.161,0.41,0.314,0,0,1,1
0.161,0.41,0.317,0,0,1,1
0.161,0.41,0.32,0,0,1,1
0.161,0.41,0.323,0,0,1,1
0.161,0.41,0.326,0,0,1,1
0.161,0.41,0.329,0,0,1,1
0.161,0.41,0.332,0,0,1,1
0.161,0.41,0.335,0,0,1,1
0.161,0.41,0.338,0,0,1,1
0.161,0.41,0.341,0,0,1,1
0.161,0.41,0.344,0,0,1,1
0.161,0.41,0.347,0,0,1,1
0.161,0.41,0.35,0,0,1,1
0.161,0.41,0.353,0,0,1,1
0.161,0.41,0.356,0,0,1,1
0.161,0.41,0.359,0,0,1,1
0.161,0.41,0.362,0,0,1,1
0.161,0.41,0.365,0,0,1,1
0.161,0.41,0.368,0,0,1,1
0.161,0.41,0.371,0,0,1,1
0.161,0.41,0.374,0,0,1,1
0.161,0.41,0.377,0,0,1,1
0.161,0.41,0.38,0,0,1,1
0.161,0.41,0.383,0,0,1,1
0.161,0.41,0.386,0,0,1,1
0.161,0.41,0.389,0,0,1,1
0.161,0.41,0.392,0,0,1,1
0.161,0.41,0.395,0,0,1,1
0.161,0.41,0.398,0,0,1,1
0.161,0.41,0.401,0,0,1,1
0.161,0.41,0.404,0,0,1,1
0.161,0.41,0.407,0,0,1,1
0.161,0.41,0.41,0,0,1,1
0.161,0.41,0.413,0,0,1,1
0.161,0.41,0.416,0,0,1,1
0.161,0.41,0.419,0,0,1,1
0.161,0.41,0.422,0,0,1,1
0.161,0.41,0.425,0,0,1,1
0.161,0.41,0.427999,0,0,1,1
0.161,0.41,0.430999,0,0,1,1
0.161,0.41,0.433999,0,0,1,1
0.161,0.41,0.436999,0,0,1,1
0.161,0.41,0.439999,0,0,1,1
0.164,0.41,0.26,0,0,1,1
0.164,0.41,0.263,0,0,1,1
0.164,0.41,0.266,0,0,1,1
0.164,0.41,0.269,0,0,1,1
0.164,0.41,0.272,0,0,1,1
0.164,0.41,0.275,0,0,1,1
0.164,0.41,0.278,0,0,1,1
0.164,0.41,0.281,0,0,1,1
0.164,0.41,0.284,0,0,1,1
0.164,0.41,0.287,0,0,1,1
0.164,0.41,0.29,0,0,1,1
0.164,0.41,0.293,0,0,1,1
0.164,0.41,0.296,0,0,1,1
0.164,0.41,0.299,0,0,1,1
0.164,0.41,0.302,0,0,1,1
0.164,0.41,0.305,0,0,1,1
0.164,0.41,0.308,0,0,1,1
0.164,0.41,0.311,0,0,1,1
0.164,0.41,0.314,0,0,1,1
0.164,0.41,0.317,0,0,1,1
0.164,0.41,0.32,0,0,1,1
0.164,0.41,0.323,0,0,1,1
0.164,0.41,0.326,0,0,1,1
0.164,0.41,0.329,0,0,1,1
0.164,0.41,0.332,0,0,1,1
0.164,0.41,0.335,0,0,1,1
0.164,0.41,0.338,0,0,1,1
0.164,0.41,0.341,0,0,1,1
0.164,0.41,0.344,0,0,1,1
0.164,0.41,0.347,0,0,1,1
0.164,0.41,0.35,0,0,1,1
0.164,0.41,0.353,0,0,1,1
0.164,0.41,0.356,0,0,1,1
0.164,0.41,0.359,0,0,1,1
0.164,0.41,0.362,0,0,1,1
0.164,0.41,0.365,0,0,1,1
0.164,0.41,0.368,0,0,1,1
0.164,0.41,0.371,0,0,1,1
0.164,0.41,0.374,0,0,1,1
0.164,0.41,0.377,0,0,1,1
0.164,0.41,0.38,0,0,1,1
0.164,0.41,0.383,0,0,1,1
0.164,0.41,0.386,0,0,1,1
0.164,0.41,0.389,0,0,1,1
0.164,0.41,0.392,0,0,1,1
0.164,0.41,0.395,0,0,1,1
0.164,0.41,0.398,0,0,1,1
0.164,0.41,0.401,0,0,1,1
0.164,0.41,0.404,0,0,1,1
0.164,0.41,0.407,0,0,1,1
0.164,0.41,0.41,0,0,1,1
0.164,0.41,0.413,0,0,1,1
0.164,0.41,0.416,0,0,1,1
0.164,0.41,0.419,0,0,1,1
0.164,0.41,0.422,0,0,1,1
0.164,0.41,0.425,0,0,1,1
0.164,0.41,0.427999,0,0,1,1
0.164,0.41,0.430999,0,0,1,1
0.164,0.41,0.433999,0,0,1,1
0.164,0.41,0.436999,0,0,1,1
0.164,0.41,0.439999,0,0,1,1
0.167,0.41,0.26,0,0,1,1
0.167,0.41,0.263,0,0,1,1
0.167,0.41,0.266,0,0,1,1
0.167,0.41,0.269,0,0,1,1
0.167,0.41,0.272,0,0,1,1
0.167,0.41,0.275,0,0,1,1
0.167,0.41,0.278,0,0,1,1
0.167,0.41,0.281,0,0,1,1
0.167,0.41,0.284,0,0,1,1
0.167,0.41,0.287,0,0,1,1
0.167,0.41,0.29,0,0,1,1
0.167,0.41,0.293,0,0,1,1
0.167,0.41,0.296,0,0,1,1
0.167,0.41,0.299,0,0,1,1
0.167,0.41,0.302,0,0,1,1
0.167,0.41,0.305,0,0,1,1
0.167,0.41,0.308,0,0,1,1
0.167,0.41,0.311,0,0,1,1
0.167,0.41,0.314,0,0,1,1
0.167,0.41,0.317,0,0,1,1
0.167,0.41,0.32,0,0,1,1
0.167,0.41,0.323,0,0,1,1
0.167,0.41,0.326,0,0,1,1
0.167,0.41,0.329,0,0,1,1
0.167,0.41,0.332,0,0,1,1
0.167,0.41,0.335,0,0,1,1
0.167,0.41,0.338,0,0,1,1
0.167,0.41,0.341,0,0,1,1
0.167,0.41,0.344,0,0,1,1
0.167,0.41,0.347,0,0,1,1
0.167,0.41,0.35,0,0,1,1
0.167,0.41,0.353,0,0,1,1
0.167,0.41,0.356,0,0,1,1
0.167,0.41,0.359,0,0,1,1
0.167,0.41,0.362,0,0,1,1
0.167,0.41,0.365,0,0,1,1
0.167,0.41,0.368,0,0,1,1
0.167,0.41,0.371,0,0,1,1
0.167,0.41,0.374,0,0,1,1
0.167,0.41,0.377,0,0,1,1
0.167,0.41,0.38,0,0,1,1
0.167,0.41,0.383,0,0,1,1
0.167,0.41,0.386,0,0,1,1
0.167,0.41,0.389,0,0,1,1
0.167,0.41,0.392,0,0,1,1
0.167,0.41,0.395,0,0,1,1
0.167,0.41,0.398,0,0,1,1
0.167,0.41,0.401,0,0,1,1
0.167,0.41,0.404,0,0,1,1
0.167,0.41,0.407,0,0,1,1
0.167,0.41,0.41,0,0,1,1
0.167,0.41,0.413,0,0,1,1
0.167,0.41,0.416,0,0,1,1
0.167,0.41,0.419,0,0,1,1
0.167,0.41,0.422,0,0,1,1
0.167,0.41,0.425,0,0,1,1
0.167,0.41,0.427999,0,0,1,1
0.167,0.41,0.430999,0,0,1,1
0.167,0.41,0.433999,0,0,1,1
0.167,0.41,0.436999,0,0,1,1
0.167,0.41,0.439999,0,0,1,1
0.17,0.41,0.26,0,0,1,1
0.17,0.41,0.263,0,0,1,1
0.17,0.41,0.266,0,0,1,1
0.17,0.41,0.269,0,0,1,1
0.17,0.41,0.272,0,0,1,1
0.17,0.41,0.275,0,0,1,1
0.17,0.41,0.278,0,0,1,1
0.17,0.41,0.281,0,0,1,1
0.17,0.41,0.284,0,0,1,1
0.17,0.41,0.287,0,0,1,1
0.17,0.41,0.29,0,0,1,1
0.17,0.41,0.293,0,0,1,1
0.17,0.41,0.296,0,0,1,1
0.17,0.41,0.299,0,0,1,1
0.17,0.41,0.302,0,0,1,1
0.17,0.41,0.305,0,0,1,1
0.17,0.41,0.308,0,0,1,1
0.17,0.41,0.311,0,0,1,1
0.17,0.41,0.314,0,0,1,1
0.17,0.41,0.317,0,0,1,1
0.17,0.41,0.32,0,0,1,1
0.17,0.41,0.323,0,0,1,1
0.17,0.41,0.326,0,0,1,1
0.17,0.41,0.329,0,0,1,1
0.17,0.41,0.332,0,0,1,1
0.17,0.41,0.335,0,0,1,1
0.17,0.41,0.338,0,0,1,1
0.17,0.41,0.341,0,0,1,1
0.17,0.41,0.344,0,0,1,1
0.17,0.41,0.347,0,0,1,1
0.17,0.41,0.35,0,0,1,1
0.17,0.41,0.353,0,0,1,1
0.17,0.41,0.356,0,0,1,1
0.17,0.41,0.359,0,0,1,1
0.17,0.41,0.362,0,0,1,1
0.17,0.41,0.365,0,0,1,1
0.17,0.41,0.368,0,0,1,1
0.17,0.41,0.371,0,0,1,1
0.17,0.41,0.374,0,0,1,1
0.17,0.41,0.377,0,0,1,1
0.17,0.41,0.38,0,0,1,1
0.17,0.41,0.383,0,0,1,1
0.17,0.41,0.386,0,0,1,1
0.17,0.41,0.389,0,0,1,1
0.17,0.41,0.392,0,0,1,1
0.17,0.41,0.395,0,0,1,1
0.17,0.41,0.398,0,0,1,1
0.17,0.41,0.401,0,0,1,1
0.17,0.41,0.404,0,0,1,1
0.17,0.41,0.407,0,0,1,1
0.17,0.41,0.41,0,0,1,1
0.17,0.41,0.413,0,0,1,1
0.17,0.41,0.416,0,0,1,1
0.17,0.41,0.419,0,0,1,1
0.17,0.41,0.422,0,0,1,1
0.17,0.41,0.425,0,0,1,1
0.17,0.41,0.427999,0,0,1,1
0.17,0.41,0.430999,0,0,1,1
0.17,0.41,0.433999,0,0,1,1
0.17,0.41,0.436999,0,0,1,1
0.17,0.41,0.439999,0,0,1,1
0.173,0.41,0.26,0,0,1,1
0.173,0.41,0.263,0,0,1,1
0.173,0.41,0.266,0,0,1,1
0.173,0.41,0.269,0,0,1,1
0.173,0.41,0.272,0,0,1,1
0.173,0.41,0.275,0,0,1,1
0.173,0.41,0.278,0,0,1,1
0.173,0.41,0.281,0,0,1,1
0.173,0.41,0.284,0,0,1,1
0.173,0.41,0.287,0,0,1,1
0.173,0.41,0.29,0,0,1,1
0.173,0.41,0.293,0,0,1,1
0.173,0.41,0.296,0,0,1,1
0.173,0.41,0.299,0,0,1,1
0.173,0.41,0.302,0,0,1,1
0.173,0.41,0.305,0,0,1,1
0.173,0.41,0.308,0,0,1,1
0.173,0.41,0.311,0,0,1,1
0.173,0.41,0.314,0,0,1,1
0.173,0.41,0.317,0,0,1,1
0.173,0.41,0.32,0,0,1,1
0.173,0.41,0.323,0,0,1,1
0.173,0.41,0.326,0,0,1,1
0.173,0.41,0.329,0,0,1,1
0.173,0.41,0.332,0,0,1,1
0.173,0.41,0.335,0,0,1,1
0.173,0.41,0.338,0,0,1,1
0.173,0.41,0.341,0,0,1,1
0.173,0.41,0.344,0,0,1,1
0.173,0.41,0.347,0,0,1,1
0.173,0.41,0.35,0,0,1,1
0.173,0.41,0.353,0,0,1,1
0.173,0.41,0.356,0,0,1,1
0.173,0.41,0.359,0,0,1,1
0.173,0.41,0.362,0,0,1,1
0.173,0.41,0.365,0,0,1,1
0.173,0.41,0.368,0,0,1,1
0.173,0.41,0.371,0,0,1,1
0.173,0.41,0.374,0,0,1,1
0.173,0.41,0.377,0,0,1,1
0.173,0.41,0.38,0,0,1,1
0.173,0.41,0.383,0,0,1,1
0.173,0.41,0.386,0,0,1,1
0.173,0.41,0.389,0,0,1,1
0.173,0.41,0.392,0,0,1,1
0.173,0.41,0.395,0,0,1,1
0.173,0.41,0.398,0,0,1,1
0.173,0.41,0.401,0,0,1,1
0.173,0.41,0.404,0,0,1,1
0.173,0.41,0.407,0,0,1,1
0.173,0.41,0.41,0,0,1,1
0.173,0.41,0.413,0,0,1,1
0.173,0.41,0.416,0,0,1,1
0.173,0.41,0.419,0,0,1,1
0.173,0.41,0.422,0,0,1,1
0.173,0.41,0.425,0,0,1,1
0.173,0.41,0.427999,0,0,1,1
0.173,0.41,0.430999,0,0,1,1
0.173,0.41,0.433999,0,0,1,1
0.173,0.41,0.436999,0,0,1,1
0.173,0.41,0.439999,0,0,1,1
0.176,0.41,0.26,0,0,1,1
0.176,0.41,0.263,0,0,1,1
0.176,0.41,0.266,0,0,1,1
0.176,0.41,0.269,0,0,1,1
0.176,0.41,0.272,0,0,1,1
0.176,0.41,0.275,0,0,1,1
0.176,0.41,0.278,0,0,1,1
0.176,0.41,0.281,0,0,1,1
0.176,0.41,0.284,0,0,1,1
0.176,0.41,0.287,0,0,1,1
0.176,0.41,0.29,0,0,1,1
0.176,0.41,0.293,0,0,1,1
0.176,0.41,0.296,0,0,1,1
0.176,0.41,0.299,0,0,1,1
0.176,0.41,0.302,0,0,1,1
0.176,0.41,0.305,0,0,1,1
0.176,0.41,0.308,0,0,1,1
0.176,0.41,0.311,0,0,1,1
0.176,0.41,0.314,0,0,1,1
0.176,0.41,0.317,0,0,1,1
0.176,0.41,0.32,0,0,1,1
0.176,0.41,0.323,0,0,1,1
0.176,0.41,0.326,0,0,1,1
0.176,0.41,0.329,0,0,1,1
0.176,0.41,0.332,0,0,1,1
0.176,0.41,0.335,0,0,1,1
0.176,0.41,0.338,0,0,1,1
0.176,0.41,0.341,0,0,1,1
0.176,0.41,0.344,0,0,1,1
0.176,0.41,0.347,0,0,1,1
0.176,0.41,0.35,0,0,1,1
0.176,0.41,0.353,0,0,1,1
0.176,0.41,0.356,0,0,1,1
0.176,0.41,0.359,0,0,1,1
0.176,0.41,0.362,0,0,1,1
0.176,0.41,0.365,0,0,1,1
0.176,0.41,0.368,0,0,1,1
0.176,0.41,0.371,0,0,1,1
0.176,0.41,0.374,0,0,1,1
0.176,0.41,0.377,0,0,1,1
0.176,0.41,0.38,0,0,1,1
0.176,0.41,0.383,0,0,1,1
0.176,0.41,0.386,0,0,1,1
0.176,0.41,0.389,0,0,1,1
0.176,0.41,0.392,0,0,1,1
0.176,0.41,0.395,0,0,1,1
0.176,0.41,0.398,0,0,1,1
0.176,0.41,0.401,0,0,1,1
0.176,0.41,0.404,0,0,1,1
0.176,0.41,0.407,0,0,1,1
0.176,0.41,0.41,0,0,1,1
0.176,0.41,0.413,0,0,1,1
0.176,0.41,0.416,0,0,1,1
0.176,0.41,0.419,0,0,1,1
0.176,0.41,0.422,0,0,1,1
0.176,0.41,0.425,0,0,1,1
0.176,0.41,0.427999,0,0,1,1
0.176,0.41,0.430999,0,0,1,1
0.176,0.41,0.433999,0,0,1,1
0.176,0.41,0.436999,0,0,1,1
0.176,0.41,0.439999,0,0,1,1
0.179,0.41,0.26,0,0,1,1
0.179,0.41,0.263,0,0,1,1
0.179,0.41,0.266,0,0,1,1
0.179,0.41,0.269,0,0,1,1
0.179,0.41,0.272,0,0,1,1
0.179,0.41,0.275,0,0,1,1
0.179,0.41,0.278,0,0,1,1
0.179,0.41,0.281,0,0,1,1
0.179,0.41,0.284,0,0,1,1
0.179,0.41,0.287,0,0,1,1
0.179,0.41,0.29,0,0,1,1
0.179,0.41,0.293,0,0,1,1
0.179,0.41,0.296,0,0,1,1
0.179,0.41,0.299,0,0,1,1
0.179,0.41,0.302,0,0,1,1
0.179,0.41,0.305,0,0,1,1
0.179,0.41,0.308,0,0,1,1
0.179,0.41,0.311,0,0,1,1
0.179,0.41,0.314,0,0,1,1
0.179,0.41,0.317,0,0,1,1
0.179,0.41,0.32,0,0,1,1
0.179,0.41,0.323,0,0,1,1
0.179,0.41,0.326,0,0,1,1
0.179,0.41,0.329,0,0,1,1
0.179,0.41,0.332,0,0,1,1
0.179,0.41,0.335,0,0,1,1
0.179,0.41,0.338,0,0,1,1
0.179,0.41,0.341,0,0,1,1
0.179,0.41,0.344,0,0,1,1
0.179,0.41,0.347,0,0,1,1
0.179,0.41,0.35,0,0,1,1
0.179,0.41,0.353,0,0,1,1
0.179,0.41,0.356,0,0,1,1
0.179,0.41,0.359,0,0,1,1
0.179,0.41,0.362,0,0,1,1
0.179,0.41,0.365,0,0,1,1
0.179,0.41,0.368,0,0,1,1
0.179,0.41,0.371,0,0,1,1
0.179,0.41,0.374,0,0,1,1
0.179,0.41,0.377,0,0,1,1
0.179,0.41,0.38,0,0,1,1
0.179,0.41,0.383,0,0,1,1
0.179,0.41,0.386,0,0,1,1
0.179,0.41,0.389,0,0,1,1
0.179,0.41,0.392,0,0,1,1
0.179,0.41,0.395,0,0,1,1
0.179,0.41,0.398,0,0,1,1
0.179,0.41,0.401,0,0,1,1
0.179,0.41,0.404,0,0,1,1
0.179,0.41,0.407,0,0,1,1
0.179,0.41,0.41,0,0,1,1
0.179,0.41,0.413,0,0,1,1
0.179,0.41,0.416,0,0,1,1
0.179,0.41,0.419,0,0,1,1
0.179,0.41,0.422,0,0,1,1
0.179,0.41,0.425,0,0,1,1
0.179,0.41,0.427999,0,0,1,1
0.179,0.41,0.430999,0,0,1,1
0.179,0.41,0.433999,0,0,1,1
0.179,0.41,0.436999,0,0,1,1
0.179,0.41,0.439999,0,0,1,1
0.182,0.41,0.26,0,0,1,1
0.182,0.41,0.263,0,0,1,1
0.182,0.41,0.266,0,0,1,1
0.182,0.41,0.269,0,0,1,1
0.182,0.41,0.272,0,0,1,1
0.182,0.41,0.275,0,0,1,1
0.182,0.41,0.278,0,0,1,1
0.182,0.41,0.281,0,0,1,1
0.182,0.41,0.284,0,0,1,1
0.182,0.41,0.287,0,0,1,1
0.182,0.41,0.29,0,0,1,1
0.182,0.41,0.293,0,0,1,1
0.182,0.41,0.296,0,0,1,1
0.182,0.41,0.299,0,0,1,1
0.182,0.41,0.302,0,0,1,1
0.182,0.41,0.305,0,0,1,1
0.182,0.41,0.308,0,0,1,1
0.182,0.41,0.311,0,0,1,1
0.182,0.41,0.314,0,0,1,1
0.182,0.41,0.317,0,0,1,1
0.182,0.41,0.32,0,0,1,1
0.182,0.41,0.323,0,0,1,1
0.182,0.41,0.326,0,0,1,1
0.182,0.41,0.329,0,0,1,1
0.182,0.41,0.332,0,0,1,1
0.182,0.41,0.335,0,0,1,1
0.182,0.41,0.338,0,0,1,1
0.182,0.41,0.341,0,0,1,1
0.182,0.41,0.344,0,0,1,1
0.182,0.41,0.347,0,0,1,1
0.182,0.41,0.35,0,0,1,1
0.182,0.41,0.353,0,0,1,1
0.182,0.41,0.356,0,0,1,1
0.182,0.41,0.359,0,0,1,1
0.182,0.41,0.362,0,0,1,1
0.182,0.41,0.365,0,0,1,1
0.182,0.41,0.368,0,0,1,1
0.182,0.41,0.371,0,0,1,1
0.182,0.41,0.374,0,0,1,1
0.182,0.41,0.377,0,0,1,1
0.182,0.41,0.38,0,0,1,1
0.182,0.41,0.383,0,0,1,1
0.182,0.41,0.386,0,0,1,1
0.182,0.41,0.389,0,0,1,1
0.182,0.41,0.392,0,0,1,1
0.182,0.41,0.395,0,0,1,1
0.182,0.41,0.398,0,0,1,1
0.182,0.41,0.401,0,0,1,1
0.182,0.41,0.404,0,0,1,1
0.182,0.41,0.407,0,0,1,1
0.182,0.41,0.41,0,0,1,1
0.182,0.41,0.413,0,0,1,1
0.182,0.41,0.416,0,0,1,1
0.182,0.41,0.419,0,0,1,1
0.182,0.41,0.422,0,0,1,1
0.182,0.41,0.425,0,0,1,1
0.182,0.41,0.427999,0,0,1,1
0.182,0.41,0.430999,0,0,1,1
0.182,0.41,0.433999,0,0,1,1
0.182,0.41,0.436999,0,0,1,1
0.182,0.41,0.439999,0,0,1,1
0.185,0.41,0.26,0,0,1,1
0.185,0.41,0.263,0,0,1,1
0.185,0.41,0.266,0,0,1,1
0.185,0.41,0.269,0,0,1,1
0.185,0.41,0.272,0,0,1,1
0.185,0.41,0.275,0,0,1,1
0.185,0.41,0.278,0,0,1,1
0.185,0.41,0.281,0,0,1,1
0.185,0.41,0.284,0,0,1,1
0.185,0.41,0.287,0,0,1,1
0.185,0.41,0.29,0,0,1,1
0.185,0.41,0.293,0,0,1,1
0.185,0.41,0.296,0,0,1,1
0.185,0.41,0.299,0,0,1,1
0.185,0.41,0.302,0,0,1,1
0.185,0.41,0.305,0,0,1,1
0.185,0.41,0.308,0,0,1,1
0.185,0.41,0.311,0,0,1,1
0.185,0.41,0.314,0,0,1,1
0.185,0.41,0.317,0,0,1,1
0.185,0.41,0.32,0,0,1,1
0.185,0.41,0.323,0,0,1,1
0.185,0.41,0.326,0,0,1,1
0.185,0.41,0.329,0,0,1,1
0.185,0.41,0.332,0,0,1,1
0.185,0.41,0.335,0,0,1,1
0.185,0.41,0.338,0,0,1,1
0.185,0.41,0.341,0,0,1,1
0.185,0.41,0.344,0,0,1,1
0.185,0.41,0.347,0,0,1,1
0.185,0.41,0.35,0,0,1,1
0.185,0.41,0.353,0,0,1,1
0.185,0.41,0.356,0,0,1,1
0.185,0.41,0.359,0,0,1,1
0.185,0.41,0.362,0,0,1,1
0.185,0.41,0.365,0,0,1,1
0.185,0.41,0.368,0,0,1,1
0.185,0.41,0.371,0,0,1,1
0.185,0.41,0.374,0,0,1,1
0.185,0.41,0.377,0,0,1,1
0.185,0.41,0.38,0,0,1,1
0.185,0.41,0.383,0,0,1,1
0.185,0.41,0.386,0,0,1,1
0.185,0.41,0.389,0,0,1,1
0.185,0.41,0.392,0,0,1,1
0.185,0.41,0.395,0,0,1,1
0.185,0.41,0.398,0,0,1,1
0.185,0.41,0.401,0,0,1,1
0.185,0.41,0.404,0,0,1,1
0.185,0.41,0.407,0,0,1,1
0.185,0.41,0.41,0,0,1,1
0.185,0.41,0.413,0,0,1,1
0.185,0.41,0.416,0,0,1,1
0.185,0.41,0.419,0,0,1,1
0.185,0.41,0.422,0,0,1,1
0.185,0.41,0.425,0,0,1,1
0.185,0.41,0.427999,0,0,1,1
0.185,0.41,0.430999,0,0,1,1
0.185,0.41,0.433999,0,0,1,1
0.185,0.41,0.436999,0,0,1,1
0.185,0.41,0.439999,0,0,1,1
0.188,0.41,0.26,0,0,1,1
0.188,0.41,0.263,0,0,1,1
0.188,0.41,0.266,0,0,1,1
0.188,0.41,0.269,0,0,1,1
0.188,0.41,0.272,0,0,1,1
0.188,0.41,0.275,0,0,1,1
0.188,0.41,0.278,0,0,1,1
0.188,0.41,0.281,0,0,1,1
0.188,0.41,0.284,0,0,1,1
0.188,0.41,0.287,0,0,1,1
0.188,0.41,0.29,0,0,1,1
0.188,0.41,0.293,0,0,1,1
0.188,0.41,0.296,0,0,1,1
0.188,0.41,0.299,0,0,1,1
0.188,0.41,0.302,0,0,1,1
0.188,0.41,0.305,0,0,1,1
0.188,0.41,0.308,0,0,1,1
0.188,0.41,0.311,0,0,1,1
0.188,0.41,0.314,0,0,1,1
0.188,0.41,0.317,0,0,1,1
0.188,0.41,0.32,0,0,1,1
0.188,0.41,0.323,0,0,1,1
0.188,0.41,0.326,0,0,1,1
0.188,0.41,0.329,0,0,1,1
0.188,0.41,0.332,0,0,1,1
0.188,0.41,0.335,0,0,1,1
0.188,0.41,0.338,0,0,1,1
0.188,0.41,0.341,0,0,1,1
0.188,0.41,0.344,0,0,1,1
0.188,0.41,0.347,0,0,1,1
0.188,0.41,0.35,0,0,1,1
0.188,0.41,0.353,0,0,1,1
0.188,0.41,0.356,0,0,1,1
0.188,0.41,0.359,0,0,1,1
0.188,0.41,0.362,0,0,1,1
0.188,0.41,0.365,0,0,1,1
0.188,0.41,0.368,0,0,1,1
0.188,0.41,0.371,0,0,1,1
0.188,0.41,0.374,0,0,1,1
0.188,0.41,0.377,0,0,1,1
0.188,0.41,0.38,0,0,1,1
0.188,0.41,0.383,0,0,1,1
0.188,0.41,0.386,0,0,1,1
0.188,0.41,0.389,0,0,1,1
0.188,0.41,0.392,0,0,1,1
0.188,0.41,0.395,0,0,1,1
0.188,0.41,0.398,0,0,1,1
0.188,0.41,0.401,0,0,1,1
0.188,0.41,0.404,0,0,1,1
0.188,0.41,0.407,0,0,1,1
0.188,0.41,0.41,0,0,1,1
0.188,0.41,0.413,0,0,1,1
0.188,0.41,0.416,0,0,1,1
0.188,0.41,0.419,0,0,1,1
0.188,0.41,0.422,0,0,1,1
0.188,0.41,0.425,0,0,1,1
0.188,0.41,0.427999,0,0,1,1
0.188,0.41,0.430999,0,0,1,1
0.188,0.41,0.433999,0,0,1,1
0.188,0.41,0.436999,0,0,1,1
0.188,0.41,0.439999,0,0,1,1
0.191,0.41,0.26,0,0,1,1
0.191,0.41,0.263,0,0,1,1
0.191,0.41,0.266,0,0,1,1
0.191,0.41,0.269,0,0,1,1
0.191,0.41,0.272,0,0,1,1
0.191,0.41,0.275,0,0,1,1
0.191,0.41,0.278,0,0,1,1
0.191,0.41,0.281,0,0,1,1
0.191,0.41,0.284,0,0,1,1
0.191,0.41,0.287,0,0,1,1
0.191,0.41,0.29,0,0,1,1
0.191,0.41,0.293,0,0,1,1
0.191,0.41,0.296,0,0,1,1
0.191,0.41,0.299,0,0,1,1
0.191,0.41,0.302,0,0,1,1
0.191,0.41,0.305,0,0,1,1
0.191,0.41,0.308,0,0,1,1
0.191,0.41,0.311,0,0,1,1
0.191,0.41,0.314,0,0,1,1
0.191,0.41,0.317,0,0,1,1
0.191,0.41,0.32,0,0,1,1
0.191,0.41,0.323,0,0,1,1
0.191,0.41,0.326,0,0,1,1
0.191,0.41,0.329,0,0,1,1
0.191,0.41,0.332,0,0,1,1
0.191,0.41,0.335,0,0,1,1
0.191,0.41,0.338,0,0,1,1
0.191,0.41,0.341,0,0,1,1
0.191,0.41,0.344,0,0,1,1
0.191,0.41,0.347,0,0,1,1
0.191,0.41,0.35,0,0,1,1
0.191,0.41,0.353,0,0,1,1
0.191,0.41,0.356,0,0,1,1
0.191,0.41,0.359,0,0,1,1
0.191,0.41,0.362,0,0,1,1
0.191,0.41,0.365,0,0,1,1
0.191,0.41,0.368,0,0,1,1
0.191,0.41,0.371,0,0,1,1
0.191,0.41,0.374,0,0,1,1
0.191,0.41,0.377,0,0,1,1
0.191,0.41,0.38,0,0,1,1
0.191,0.41,0.383,0,0,1,1
0.191,0.41,0.386,0,0,1,1
0.191,0.41,0.389,0,0,1,1
0.191,0.41,0.392,0,0,1,1
0.191,0.41,0.395,0,0,1,1
0.191,0.41,0.398,0,0,1,1
0.191,0.41,0.401,0,0,1,1
0.191,0.41,0.404,0,0,1,1
0.191,0.41,0.407,0,0,1,1
0.191,0.41,0.41,0,0,1,1
0.191,0.41,0.413,0,0,1,1
0.191,0.41,0.416,0,0,1,1
0.191,0.41,0.419,0,0,1,1
0.191,0.41,0.422,0,0,1,1
0.191,0.41,0.425,0,0,1,1
0.191,0.41,0.427999,0,0,1,1
0.191,0.41,0.430999,0,0,1,1
0.191,0.41,0.433999,0,0,1,1
0.191,0.41,0.436999,0,0,1,1
0.191,0.41,0.439999,0,0,1,1
0.194,0.41,0.26,0,0,1,1
0.194,0.41,0.263,0,0,1,1
0.194,0.41,0.266,0,0,1,1
0.194,0.41,0.269,0,0,1,1
0.194,0.41,0.272,0,0,1,1
0.194,0.41,0.275,0,0,1,1
0.194,0.41,0.278,0,0,1,1
0.194,0.41,0.281,0,0,1,1
0.194,0.41,0.284,0,0,1,1
0.194,0.41,0.287,0,0,1,1
0.194,0.41,0.29,0,0,1,1
0.194,0.41,0.293,0,0,1,1
0.194,0.41,0.296,0,0,1,1
0.194,0.41,0.299,0,0,1,1
0.194,0.41,0.302,0,0,1,1
0.194,0.41,0.305,0,0,1,1
0.194,0.41,0.308,0,0,1,1
0.194,0.41,0.311,0,0,1,1
0.194,0.41,0.314,0,0,1,1
0.194,0.41,0.317,0,0,1,1
0.194,0.41,0.32,0,0,1,1
0.194,0.41,0.323,0,0,1,1
0.194,0.41,0.326,0,0,1,1
0.194,0.41,0.329,0,0,1,1
0.194,0.41,0.332,0,0,1,1
0.194,0.41,0.335,0,0,1,1
0.194,0.41,0.338,0,0,1,1
0.194,0.41,0.341,0,0,1,1
0.194,0.41,0.344,0,0,1,1
0.194,0.41,0.347,0,0,1,1
0.194,0.41,0.35,0,0,1,1
0.194,0.41,0.353,0,0,1,1
0.194,0.41,0.356,0,0,1,1
0.194,0.41,0.359,0,0,1,1
0.194,0.41,0.362,0,0,1,1
0.194,0.41,0.365,0,0,1,1
0.194,0.41,0.368,0,0,1,1
0.194,0.41,0.371,0,0,1,1
0.194,0.41,0.374,0,0,1,1
0.194,0.41,0.377,0,0,1,1
0.194,0.41,0.38,0,0,1,1
0.194,0.41,0.383,0,0,1,1
0.194,0.41,0.386,0,0,1,1
0.194,0.41,0.389,0,0,1,1
0.194,0.41,0.392,0,0,1,1
0.194,0.41,0.395,0,0,1,1
0.194,0.41,0.398,0,0,1,1
0.194,0.41,0.401,0,0,1,1
0.194,0.41,0.404,0,0,1,1
0.194,0.41,0.407,0,0,1,1
0.194,0.41,0.41,0,0,1,1
0.194,0.41,0.413,0,0,1,1
0.194,0.41,0.416,0,0,1,1
0.194,0.41,0.419,0,0,1,1
0.194,0.41,0.422,0,0,1,1
0.194,0.41,0.425,0,0,1,1
0.194,0.41,0.427999,0,0,1,1
0.194,0.41,0.430999,0,0,1,1
0.194,0.41,0.433999,0,0,1,1
0.194,0.41,0.436999,0,0,1,1
0.194,0.41,0.439999,0,0,1,1
0.197,0.41,0.26,0,0,1,1
0.197,0.41,0.263,0,0,1,1
0.197,0.41,0.266,0,0,1,1
0.197,0.41,0.269,0,0,1,1
0.197,0.41,0.272,0,0,1,1
0.197,0.41,0.275,0,0,1,1
0.197,0.41,0.278,0,0,1,1
0.197,0.41,0.281,0,0,1,1
0.197,0.41,0.284,0,0,1,1
0.197,0.41,0.287,0,0,1,1
0.197,0.41,0.29,0,0,1,1
0.197,0.41,0.293,0,0,1,1
0.197,0.41,0.296,0,0,1,1
0.197,0.41,0.299,0,0,1,1
0.197,0.41,0.302,0,0,1,1
0.197,0.41,0.305,0,0,1,1
0.197,0.41,0.308,0,0,1,1
0.197,0.41,0.311,0,0,1,1
0.197,0.41,0.314,0,0,1,1
0.197,0.41,0.317,0,0,1,1
0.197,0.41,0.32,0,0,1,1
0.197,0.41,0.323,0,0,1,1
0.197,0.41,0.326,0,0,1,1
0.197,0.41,0.329,0,0,1,1
0.197,0.41,0.332,0,0,1,1
0.197,0.41,0.335,0,0,1,1
0.197,0.41,0.338,0,0,1,1
0.197,0.41,0.341,0,0,1,1
0.197,0.41,0.344,0,0,1,1
0.197,0.41,0.347,0,0,1,1
0.197,0.41,0.35,0,0,1,1
0.197,0.41,0.353,0,0,1,1
0.197,0.41,0.356,0,0,1,1
0.197,0.41,0.359,0,0,1,1
0.197,0.41,0.362,0,0,1,1
0.197,0.41,0.365,0,0,1,1
0.197,0.41,0.368,0,0,1,1
0.197,0.41,0.371,0,0,1,1
0.197,0.41,0.374,0,0,1,1
0.197,0.41,0.377,0,0,1,1
0.197,0.41,0.38,0,0,1,1
0.197,0.41,0.383,0,0,1,1
0.197,0.41,0.386,0,0,1,1
0.197,0.41,0.389,0,0,1,1
0.197,0.41,0.392,0,0,1,1
0.197,0.41,0.395,0,0,1,1
0.197,0.41,0.398,0,0,1,1
0.197,0.41,0.401,0,0,1,1
0.197,0.41,0.404,0,0,1,1
0.197,0.41,0.407,0,0,1,1
0.197,0.41,0.41,0,0,1,1
0.197,0.41,0.413,0,0,1,1
0.197,0.41,0.416,0,0,1,1
0.197,0.41,0.419,0,0,1,1
0.197,0.41,0.422,0,0,1,1
0.197,0.41,0.425,0,0,1,1
0.197,0.41,0.427999,0,0,1,1
0.197,0.41,0.430999,0,0,1,1
0.197,0.41,0.433999,0,0,1,1
0.197,0.41,0.436999,0,0,1,1
0.197,0.41,0.439999,0,0,1,1
0.2,0.41,0.26,0,0,1,1
0.2,0.41,0.263,0,0,1,1
0.2,0.41,0.266,0,0,1,1
0.2,0.41,0.269,0,0,1,1
0.2,0.41,0.272,0,0,1,1
0.2,0.41,0.275,0,0,1,1
0.2,0.41,0.278,0,0,1,1
0.2,0.41,0.281,0,0,1,1
0.2,0.41,0.284,0,0,1,1
0.2,0.41,0.287,0,0,1,1
0.2,0.41,0.29,0,0,1,1
0.2,0.41,0.293,0,0,1,1
0.2,0.41,0.296,0,0,1,1
0.2,0.41,0.299,0,0,1,1
0.2,0.41,0.302,0,0,1,1
0.2,0.41,0.305,0,0,1,1
0.2,0.41,0.308,0,0,1,1
0.2,0.41,0.311,0,0,1,1
0.2,0.41,0.314,0,0,1,1
0.2,0.41,0.317,0,0,1,1
0.2,0.41,0.32,0,0,1,1
0.2,0.41,0.323,0,0,1,1
0.2,0.41,0.326,0,0,1,1
0.2,0.41,0.329,0,0,1,1
0.2,0.41,0.332,0,0,1,1
0.2,0.41,0.335,0,0,1,1
0.2,0.41,0.338,0,0,1,1
0.2,0.41,0.341,0,0,1,1
0.2,0.41,0.344,0,0,1,1
0.2,0.41,0.347,0,0,1,1
0.2,0.41,0.35,0,0,1,1
0.2,0.41,0.353,0,0,1,1
0.2,0.41,0.356,0,0,1,1
0.2,0.41,0.359,0,0,1,1
0.2,0.41,0.362,0,0,1,1
0.2,0.41,0.365,0,0,1,1
0.2,0.41,0.368,0,0,1,1
0.2,0.41,0.371,0,0,1,1
0.2,0.41,0.374,0,0,1,1
0.2,0.41,0.377,0,0,1,1
0.2,0.41,0.38,0,0,1,1
0.2,0.41,0.383,0,0,1,1
0.2,0.41,0.386,0,0,1,1
0.2,0.41,0.389,0,0,1,1
0.2,0.41,0.392,0,0,1,1
0.2,0.41,0.395,0,0,1,1
0.2,0.41,0.398,0,0,1,1
0.2,0.41,0.401,0,0,1,1
0.2,0.41,0.404,0,0,1,1
0.2,0.41,0.407,0,0,1,1
0.2,0.41,0.41,0,0,1,1
0.2,0.41,0.413,0,0,1,1
0.2,0.41,0.416,0,0,1,1
0.2,0.41,0.419,0,0,1,1
0.2,0.41,0.422,0,0,1,1
0.2,0.41,0.425,0,0,1,1
0.2,0.41,0.427999,0,0,1,1
0.2,0.41,0.430999,0,0,1,1
0.2,0.41,0.433999,0,0,1,1
0.2,0.41,0.436999,0,0,1,1
0.2,0.41,0.439999,0,0,1,1
0.203,0.41,0.26,0,0,1,1
0.203,0.41,0.263,0,0,1,1
0.203,0.41,0.266,0,0,1,1
0.203,0.41,0.269,0,0,1,1
0.203,0.41,0.272,0,0,1,1
0.203,0.41,0.275,0,0,1,1
0.203,0.41,0.278,0,0,1,1
0.203,0.41,0.281,0,0,1,1
0.203,0.41,0.284,0,0,1,1
0.203,0.41,0.287,0,0,1,1
0.203,0.41,0.29,0,0,1,1
0.203,0.41,0.293,0,0,1,1
0.203,0.41,0.296,0,0,1,1
0.203,0.41,0.299,0,0,1,1
0.203,0.41,0.302,0,0,1,1
0.203,0.41,0.305,0,0,1,1
0.203,0.41,0.308,0,0,1,1
0.203,0.41,0.311,0,0,1,1
0.203,0.41,0.314,0,0,1,1
0.203,0.41,0.317,0,0,1,1
0.203,0.41,0.32,0,0,1,1
0.203,0.41,0.323,0,0,1,1
0.203,0.41,0.326,0,0,1,1
0.203,0.41,0.329,0,0,1,1
0.203,0.41,0.332,0,0,1,1
0.203,0.41,0.335,0,0,1,1
0.203,0.41,0.338,0,0,1,1
0.203,0.41,0.341,0,0,1,1
0.203,0.41,0.344,0,0,1,1
0.203,0.41,0.347,0,0,1,1
0.203,0.41,0.35,0,0,1,1
0.203,0.41,0.353,0,0,1,1
0.203,0.41,0.356,0,0,1,1
0.203,0.41,0.359,0,0,1,1
0.203,0.41,0.362,0,0,1,1
0.203,0.41,0.365,0,0,1,1
0.203,0.41,0.368,0,0,1,1
0.203,0.41,0.371,0,0,1,1
0.203,0.41,0.374,0,0,1,1
0.203,0.41,0.377,0,0,1,1
0.203,0.41,0.38,0,0,1,1
0.203,0.41,0.383,0,0,1,1
0.203,0.41,0.386,0,0,1,1
0.203,0.41,0.389,0,0,1,1
0.203,0.41,0.392,0,0,1,1
0.203,0.41,0.395,0,0,1,1
0.203,0.41,0.398,0,0,1,1
0.203,0.41,0.401,0,0,1,1
0.203,0.41,0.404,0,0,1,1
0.203,0.41,0.407,0,0,1,1
0.203,0.41,0.41,0,0,1,1
0.203,0.41,0.413,0,0,1,1
0.203,0.41,0.416,0,0,1,1
0.203,0.41,0.419,0,0,1,1
0.203,0.41,0.422,0,0,1,1
0.203,0.41,0.425,0,0,1,1
0.203,0.41,0.427999,0,0,1,1
0.203,0.41,0.430999,0,0,1,1
0.203,0.41,0.433999,0,0,1,1
0.203,0.41,0.436999,0,0,1,1
0.203,0.41,0.439999,0,0,1,1
0.206,0.41,0.26,0,0,1,1
0.206,0.41,0.263,0,0,1,1
0.206,0.41,0.266,0,0,1,1
0.206,0.41,0.269,0,0,1,1
0.206,0.41,0.272,0,0,1,1
0.206,0.41,0.275,0,0,1,1
0.206,0.41,0.278,0,0,1,1
0.206,0.41,0.281,0,0,1,1
0.206,0.41,0.284,0,0,1,1
0.206,0.41,0.287,0,0,1,1
0.206,0.41,0.29,0,0,1,1
0.206,0.41,0.293,0,0,1,1
0.206,0.41,0.296,0,0,1,1
0.206,0.41,0.299,0,0,1,1
0.206,0.41,0.302,0,0,1,1
0.206,0.41,0.305,0,0,1,1
0.206,0.41,0.308,0,0,1,1
0.206,0.41,0.311,0,0,1,1
0.206,0.41,0.314,0,0,1,1
0.206,0.41,0.317,0,0,1,1
0.206,0.41,0.32,0,0,1,1
0.206,0.41,0.323,0,0,1,1
0.206,0.41,0.326,0,0,1,1
0.206,0.41,0.329,0,0,1,1
0.206,0.41,0.332,0,0,1,1
0.206,0.41,0.335,0,0,1,1
0.206,0.41,0.338,0,0,1,1
0.206,0.41,0.341,0,0,1,1
0.206,0.41,0.344,0,0,1,1
0.206,0.41,0.347,0,0,1,1
0.206,0.41,0.35,0,0,1,1
0.206,0.41,0.353,0,0,1,1
0.206,0.41,0.356,0,0,1,1
0.206,0.41,0.359,0,0,1,1
0.206,0.41,0.362,0,0,1,1
0.206,0.41,0.365,0,0,1,1
0.206,0.41,0.368,0,0,1,1
0.206,0.41,0.371,0,0,1,1
0.206,0.41,0.374,0,0,1,1
0.206,0.41,0.377,0,0,1,1
0.206,0.41,0.38,0,0,1,1
0.206,0.41,0.383,0,0,1,1
0.206,0.41,0.386,0,0,1,1
0.206,0.41,0.389,0,0,1,1
0.206,0.41,0.392,0,0,1,1
0.206,0.41,0.395,0,0,1,1
0.206,0.41,0.398,0,0,1,1
0.206,0.41,0.401,0,0,1,1
0.206,0.41,0.404,0,0,1,1
0.206,0.41,0.407,0,0,1,1
0.206,0.41,0.41,0,0,1,1
0.206,0.41,0.413,0,0,1,1
0.206,0.41,0.416,0,0,1,1
0.206,0.41,0.419,0,0,1,1
0.206,0.41,0.422,0,0,1,1
0.206,0.41,0.425,0,0,1,1
0.206,0.41,0.427999,0,0,1,1
0.206,0.41,0.430999,0,0,1,1
0.206,0.41,0.433999,0,0,1,1
0.206,0.41,0.436999,0,0,1,1
0.206,0.41,0.439999,0,0,1,1
0.209,0.41,0.26,0,0,1,1
0.209,0.41,0.263,0,0,1,1
0.209,0.41,0.266,0,0,1,1
0.209,0.41,0.269,0,0,1,1
0.209,0.41,0.272,0,0,1,1
0.209,0.41,0.275,0,0,1,1
0.209,0.41,0.278,0,0,1,1
0.209,0.41,0.281,0,0,1,1
0.209,0.41,0.284,0,0,1,1
0.209,0.41,0.287,0,0,1,1
0.209,0.41,0.29,0,0,1,1
0.209,0.41,0.293,0,0,1,1
0.209,0.41,0.296,0,0,1,1
0.209,0.41,0.299,0,0,1,1
0.209,0.41,0.302,0,0,1,1
0.209,0.41,0.305,0,0,1,1
0.209,0.41,0.308,0,0,1,1
0.209,0.41,0.311,0,0,1,1
0.209,0.41,0.314,0,0,1,1
0.209,0.41,0.317,0,0,1,1
0.209,0.41,0.32,0,0,1,1
0.209,0.41,0.323,0,0,1,1
0.209,0.41,0.326,0,0,1,1
0.209,0.41,0.329,0,0,1,1
0.209,0.41,0.332,0,0,1,1
0.209,0.41,0.335,0,0,1,1
0.209,0.41,0.338,0,0,1,1
0.209,0.41,0.341,0,0,1,1
0.209,0.41,0.344,0,0,1,1
0.209,0.41,0.347,0,0,1,1
0.209,0.41,0.35,0,0,1,1
0.209,0.41,0.353,0,0,1,1
0.209,0.41,0.356,0,0,1,1
0.209,0.41,0.359,0,0,1,1
0.209,0.41,0.362,0,0,1,1
0.209,0.41,0.365,0,0,1,1
0.209,0.41,0.368,0,0,1,1
0.209,0.41,0.371,0,0,1,1
0.209,0.41,0.374,0,0,1,1
0.209,0.41,0.377,0,0,1,1
0.209,0.41,0.38,0,0,1,1
0.209,0.41,0.383,0,0,1,1
0.209,0.41,0.386,0,0,1,1
0.209,0.41,0.389,0,0,1,1
0.209,0.41,0.392,0,0,1,1
0.209,0.41,0.395,0,0,1,1
0.209,0.41,0.398,0,0,1,1
0.209,0.41,0.401,0,0,1,1
0.209,0.41,0.404,0,0,1,1
0.209,0.41,0.407,0,0,1,1
0.209,0.41,0.41,0,0,1,1
0.209,0.41,0.413,0,0,1,1
0.209,0.41,0.416,0,0,1,1
0.209,0.41,0.419,0,0,1,1
0.209,0.41,0.422,0,0,1,1
0.209,0.41,0.425,0,0,1,1
0.209,0.41,0.427999,0,0,1,1
0.209,0.41,0.430999,0,0,1,1
0.209,0.41,0.433999,0,0,1,1
0.209,0.41,0.436999,0,0,1,1
0.209,0.41,0.439999,0,0,1,1
0.212,0.41,0.26,0,0,1,1
0.212,0.41,0.263,0,0,1,1
0.212,0.41,0.266,0,0,1,1
0.212,0.41,0.269,0,0,1,1
0.212,0.41,0.272,0,0,1,1
0.212,0.41,0.275,0,0,1,1
0.212,0.41,0.278,0,0,1,1
0.212,0.41,0.281,0,0,1,1
0.212,0.41,0.284,0,0,1,1
0.212,0.41,0.287,0,0,1,1
0.212,0.41,0.29,0,0,1,1
0.212,0.41,0.293,0,0,1,1
0.212,0.41,0.296,0,0,1,1
0.212,0.41,0.299,0,0,1,1
0.212,0.41,0.302,0,0,1,1
0.212,0.41,0.305,0,0,1,1
0.212,0.41,0.308,0,0,1,1
0.212,0.41,0.311,0,0,1,1
0.212,0.41,0.314,0,0,1,1
0.212,0.41,0.317,0,0,1,1
0.212,0.41,0.32,0,0,1,1
0.212,0.41,0.323,0,0,1,1
0.212,0.41,0.326,0,0,1,1
0.212,0.41,0.329,0,0,1,1
0.212,0.41,0.332,0,0,1,1
0.212,0.41,0.335,0,0,1,1
0.212,0.41,0.338,0,0,1,1
0.212,0.41,0.341,0,0,1,1
0.212,0.41,0.344,0,0,1,1
0.212,0.41,0.347,0,0,1,1
0.212,0.41,0.35,0,0,1,1
0.212,0.41,0.353,0,0,1,1
0.212,0.41,0.356,0,0,1,1
0.212,0.41,0.359,0,0,1,1
0.212,0.41,0.362,0,0,1,1
0.212,0.41,0.365,0,0,1,1
0.212,0.41,0.368,0,0,1,1
0.212,0.41,0.371,0,0,1,1
0.212,0.41,0.374,0,0,1,1
0.212,0.41,0.377,0,0,1,1
0.212,0.41,0.38,0,0,1,1
0.212,0.41,0.383,0,0,1,1
0.212,0.41,0.386,0,0,1,1
0.212,0.41,0.389,0,0,1,1
0.212,0.41,0.392,0,0,1,1
0.212,0.41,0.395,0,0,1,1
0.212,0.41,0.398,0,0,1,1
0.212,0.41,0.401,0,0,1,1
0.212,0.41,0.404,0,0,1,1
0.212,0.41,0.407,0,0,1,1
0.212,0.41,0.41,0,0,1,1
0.212,0.41,0.413,0,0,1,1
0.212,0.41,0.416,0,0,1,1
0.212,0.41,0.419,0,0,1,1
0.212,0.41,0.422,0,0,1,1
0.212,0.41,0.425,0,0,1,1
0.212,0.41,0.427999,0,0,1,1
0.212,0.41,0.430999,0,0,1,1
0.212,0.41,0.433999,0,0,1,1
0.212,0.41,0.436999,0,0,1,1
0.212,0.41,0.439999,0,0,1,1
0.215,0.41,0.26,0,0,1,1
0.215,0.41,0.263,0,0,1,1
0.215,0.41,0.266,0,0,1,1
0.215,0.41,0.269,0,0,1,1
0.215,0.41,0.272,0,0,1,1
0.215,0.41,0.275,0,0,1,1
0.215,0.41,0.278,0,0,1,1
0.215,0.41,0.281,0,0,1,1
0.215,0.41,0.284,0,0,1,1
0.215,0.41,0.287,0,0,1,1
0.215,0.41,0.29,0,0,1,1
0.215,0.41,0.293,0,0,1,1
0.215,0.41,0.296,0,0,1,1
0.215,0.41,0.299,0,0,1,1
0.215,0.41,0.302,0,0,1,1
0.215,0.41,0.305,0,0,1,1
0.215,0.41,0.308,0,0,1,1
0.215,0.41,0.311,0,0,1,1
0.215,0.41,0.314,0,0,1,1
0.215,0.41,0.317,0,0,1,1
0.215,0.41,0.32,0,0,1,1
0.215,0.41,0.323,0,0,1,1
0.215,0.41,0.326,0,0,1,1
0.215,0.41,0.329,0,0,1,1
0.215,0.41,0.332,0,0,1,1
0.215,0.41,0.335,0,0,1,1
0.215,0.41,0.338,0,0,1,1
0.215,0.41,0.341,0,0,1,1
0.215,0.41,0.344,0,0,1,1
0.215,0.41,0.347,0,0,1,1
0.215,0.41,0.35,0,0,1,1
0.215,0.41,0.353,0,0,1,1
0.215,0.41,0.356,0,0,1,1
0.215,0.41,0.359,0,0,1,1
0.215,0.41,0.362,0,0,1,1
0.215,0.41,0.365,0,0,1,1
0.215,0.41,0.368,0,0,1,1
0.215,0.41,0.371,0,0,1,1
0.215,0.41,0.374,0,0,1,1
0.215,0.41,0.377,0,0,1,1
0.215,0.41,0.38,0,0,1,1
0.215,0.41,0.383,0,0,1,1
0.215,0.41,0.386,0,0,1,1
0.215,0.41,0.389,0,0,1,1
0.215,0.41,0.392,0,0,1,1
0.215,0.41,0.395,0,0,1,1
0.215,0.41,0.398,0,0,1,1
0.215,0.41,0.401,0,0,1,1
0.215,0.41,0.404,0,0,1,1
0.215,0.41,0.407,0,0,1,1
0.215,0.41,0.41,0,0,1,1
0.215,0.41,0.413,0,0,1,1
0.215,0.41,0.416,0,0,1,1
0.215,0.41,0.419,0,0,1,1
0.215,0.41,0.422,0,0,1,1
0.215,0.41,0.425,0,0,1,1
0.215,0.41,0.427999,0,0,1,1
0.215,0.41,0.430999,0,0,1,1
0.215,0.41,0.433999,0,0,1,1
0.215,0.41,0.436999,0,0,1,1
0.215,0.41,0.439999,0,0,1,1
0.218,0.41,0.26,0,0,1,1
0.218,0.41,0.263,0,0,1,1
0.218,0.41,0.266,0,0,1,1
0.218,0.41,0.269,0,0,1,1
0.218,0.41,0.272,0,0,1,1
0.218,0.41,0.275,0,0,1,1
0.218,0.41,0.278,0,0,1,1
0.218,0.41,0.281,0,0,1,1
0.218,0.41,0.284,0,0,1,1
0.218,0.41,0.287,0,0,1,1
0.218,0.41,0.29,0,0,1,1
0.218,0.41,0.293,0,0,1,1
0.218,0.41,0.296,0,0,1,1
0.218,0.41,0.299,0,0,1,1
0.218,0.41,0.302,0,0,1,1
0.218,0.41,0.305,0,0,1,1
0.218,0.41,0.308,0,0,1,1
0.218,0.41,0.311,0,0,1,1
0.218,0.41,0.314,0,0,1,1
0.218,0.41,0.317,0,0,1,1
0.218,0.41,0.32,0,0,1,1
0.218,0.41,0.323,0,0,1,1
0.218,0.41,0.326,0,0,1,1
0.218,0.41,0.329,0,0,1,1
0.218,0.41,0.332,0,0,1,1
0.218,0.41,0.335,0,0,1,1
0.218,0.41,0.338,0,0,1,1
0.218,0.41,0.341,0,0,1,1
0.218,0.41,0.344,0,0,1,1
0.218,0.41,0.347,0,0,1,1
0.218,0.41,0.35,0,0,1,1
0.218,0.41,0.353,0,0,1,1
0.218,0.41,0.356,0,0,1,1
0.218,0.41,0.359,0,0,1,1
0.218,0.41,0.362,0,0,1,1
0.218,0.41,0.365,0,0,1,1
0.218,0.41,0.368,0,0,1,1
0.218,0.41,0.371,0,0,1,1
0.218,0.41,0.374,0,0,1,1
0.218,0.41,0.377,0,0,1,1
0.218,0.41,0.38,0,0,1,1
0.218,0.41,0.383,0,0,1,1
0.218,0.41,0.386,0,0,1,1
0.218,0.41,0.389,0,0,1,1
0.218,0.41,0.392,0,0,1,1
0.218,0.41,0.395,0,0,1,1
0.218,0.41,0.398,0,0,1,1
0.218,0.41,0.401,0,0,1,1
0.218,0.41,0.404,0,0,1,1
0.218,0.41,0.407,0,0,1,1
0.218,0.41,0.41,0,0,1,1
0.218,0.41,0.413,0,0,1,1
0.218,0.41,0.416,0,0,1,1
0.218,0.41,0.419,0,0,1,1
0.218,0.41,0.422,0,0,1,1
0.218,0.41,0.425,0,0,1,1
0.218,0.41,0.427999,0,0,1,1
0.218,0.41,0.430999,0,0,1,1
0.218,0.41,0.433999,0,0,1,1
0.218,0.41,0.436999,0,0,1,1
0.218,0.41,0.439999,0,0,1,1
0.221,0.41,0.26,0,0,1,1
0.221,0.41,0.263,0,0,1,1
0.221,0.41,0.266,0,0,1,1
0.221,0.41,0.269,0,0,1,1
0.221,0.41,0.272,0,0,1,1
0.221,0.41,0.275,0,0,1,1
0.221,0.41,0.278,0,0,1,1
0.221,0.41,0.281,0,0,1,1
0.221,0.41,0.284,0,0,1,1
0.221,0.41,0.287,0,0,1,1
0.221,0.41,0.29,0,0,1,1
0.221,0.41,0.293,0,0,1,1
0.221,0.41,0.296,0,0,1,1
0.221,0.41,0.299,0,0,1,1
0.221,0.41,0.302,0,0,1,1
0.221,0.41,0.305,0,0,1,1
0.221,0.41,0.308,0,0,1,1
0.221,0.41,0.311,0,0,1,1
0.221,0.41,0.314,0,0,1,1
0.221,0.41,0.317,0,0,1,1
0.221,0.41,0.32,0,0,1,1
0.221,0.41,0.323,0,0,1,1
0.221,0.41,0.326,0,0,1,1
0.221,0.41,0.329,0,0,1,1
0.221,0.41,0.332,0,0,1,1
0.221,0.41,0.335,0,0,1,1
0.221,0.41,0.338,0,0,1,1
0.221,0.41,0.341,0,0,1,1
0.221,0.41,0.344,0,0,1,1
0.221,0.41,0.347,0,0,1,1
0.221,0.41,0.35,0,0,1,1
0.221,0.41,0.353,0,0,1,1
0.221,0.41,0.356,0,0,1,1
0.221,0.41,0.359,0,0,1,1
0.221,0.41,0.362,0,0,1,1
0.221,0.41,0.365,0,0,1,1
0.221,0.41,0.368,0,0,1,1
0.221,0.41,0.371,0,0,1,1
0.221,0.41,0.374,0,0,1,1
0.221,0.41,0.377,0,0,1,1
0.221,0.41,0.38,0,0,1,1
0.221,0.41,0.383,0,0,1,1
0.221,0.41,0.386,0,0,1,1
0.221,0.41,0.389,0,0,1,1
0.221,0.41,0.392,0,0,1,1
0.221,0.41,0.395,0,0,1,1
0.221,0.41,0.398,0,0,1,1
0.221,0.41,0.401,0,0,1,1
0.221,0.41,0.404,0,0,1,1
0.221,0.41,0.407,0,0,1,1
0.221,0.41,0.41,0,0,1,1
0.221,0.41,0.413,0,0,1,1
0.221,0.41,0.416,0,0,1,1
0.221,0.41,0.419,0,0,1,1
0.221,0.41,0.422,0,0,1,1
0.221,0.41,0.425,0,0,1,1
0.221,0.41,0.427999,0,0,1,1
0.221,0.41,0.430999,0,0,1,1
0.221,0.41,0.433999,0,0,1,1
0.221,0.41,0.436999,0,0,1,1
0.221,0.41,0.439999,0,0,1,1
0.224,0.41,0.26,0,0,1,1
0.224,0.41,0.263,0,0,1,1
0.224,0.41,0.266,0,0,1,1
0.224,0.41,0.269,0,0,1,1
0.224,0.41,0.272,0,0,1,1
0.224,0.41,0.275,0,0,1,1
0.224,0.41,0.278,0,0,1,1
0.224,0.41,0.281,0,0,1,1
0.224,0.41,0.284,0,0,1,1
0.224,0.41,0.287,0,0,1,1
0.224,0.41,0.29,0,0,1,1
0.224,0.41,0.293,0,0,1,1
0.224,0.41,0.296,0,0,1,1
0.224,0.41,0.299,0,0,1,1
0.224,0.41,0.302,0,0,1,1
0.224,0.41,0.305,0,0,1,1
0.224,0.41,0.308,0,0,1,1
0.224,0.41,0.311,0,0,1,1
0.224,0.41,0.314,0,0,1,1
0.224,0.41,0.317,0,0,1,1
0.224,0.41,0.32,0,0,1,1
0.224,0.41,0.323,0,0,1,1
0.224,0.41,0.326,0,0,1,1
0.224,0.41,0.329,0,0,1,1
0.224,0.41,0.332,0,0,1,1
0.224,0.41,0.335,0,0,1,1
0.224,0.41,0.338,0,0,1,1
0.224,0.41,0.341,0,0,1,1
0.224,0.41,0.344,0,0,1,1
0.224,0.41,0.347,0,0,1,1
0.224,0.41,0.35,0,0,1,1
0.224,0.41,0.353,0,0,1,1
0.224,0.41,0.356,0,0,1,1
0.224,0.41,0.359,0,0,1,1
0.224,0.41,0.362,0,0,1,1
0.224,0.41,0.365,0,0,1,1
0.224,0.41,0.368,0,0,1,1
0.224,0.41,0.371,0,0,1,1
0.224,0.41,0.374,0,0,1,1
0.224,0.41,0.377,0,0,1,1
0.224,0.41,0.38,0,0,1,1
0.224,0.41,0.383,0,0,1,1
0.224,0.41,0.386,0,0,1,1
0.224,0.41,0.389,0,0,1,1
0.224,0.41,0.392,0,0,1,1
0.224,0.41,0.395,0,0,1,1
0.224,0.41,0.398,0,0,1,1
0.224,0.41,0.401,0,0,1,1
0.224,0.41,0.404,0,0,1,1
0.224,0.41,0.407,0,0,1,1
0.224,0.41,0.41,0,0,1,1
0.224,0.41,0.413,0,0,1,1
0.224,0.41,0.416,0,0,1,1
0.224,0.41,0.419,0,0,1,1
0.224,0.41,0.422,0,0,1,1
0.224,0.41,0.425,0,0,1,1
0.224,0.41,0.427999,0,0,1,1
0.224,0.41,0.430999,0,0,1,1
0.224,0.41,0.433999,0,0,1,1
0.224,0.41,0.436999,0,0,1,1
0.224,0.41,0.439999,0,0,1,1
0.227,0.41,0.26,0,0,1,1
0.227,0.41,0.263,0,0,1,1
0.227,0.41,0.266,0,0,1,1
0.227,0.41,0.269,0,0,1,1
0.227,0.41,0.272,0,0,1,1
0.227,0.41,0.275,0,0,1,1
0.227,0.41,0.278,0,0,1,1
0.227,0.41,0.281,0,0,1,1
0.227,0.41,0.284,0,0,1,1
0.227,0.41,0.287,0,0,1,1
0.227,0.41,0.29,0,0,1,1
0.227,0.41,0.293,0,0,1,1
0.227,0.41,0.296,0,0,1,1
0.227,0.41,0.299,0,0,1,1
0.227,0.41,0.302,0,0,1,1
0.227,0.41,0.305,0,0,1,1
0.227,0.41,0.308,0,0,1,1
0.227,0.41,0.311,0,0,1,1
0.227,0.41,0.314,0,0,1,1
0.227,0.41,0.317,0,0,1,1
0.227,0.41,0.32,0,0,1,1
0.227,0.41,0.323,0,0,1,1
0.227,0.41,0.326,0,0,1,1
0.227,0.41,0.329,0,0,1,1
0.227,0.41,0.332,0,0,1,1
0.227,0.41,0.335,0,0,1,1
0.227,0.41,0.338,0,0,1,1
0.227,0.41,0.341,0,0,1,1
0.227,0.41,0.344,0,0,1,1
0.227,0.41,0.347,0,0,1,1
0.227,0.41,0.35,0,0,1,1
0.227,0.41,0.353,0,0,1,1
0.227,0.41,0.356,0,0,1,1
0.227,0.41,0.359,0,0,1,1
0.227,0.41,0.362,0,0,1,1
0.227,0.41,0.365,0,0,1,1
0.227,0.41,0.368,0,0,1,1
0.227,0.41,0.371,0,0,1,1
0.227,0.41,0.374,0,0,1,1
0.227,0.41,0.377,0,0,1,1
0.227,0.41,0.38,0,0,1,1
0.227,0.41,0.383,0,0,1,1
0.227,0.41,0.386,0,0,1,1
0.227,0.41,0.389,0,0,1,1
0.227,0.41,0.392,0,0,1,1
0.227,0.41,0.395,0,0,1,1
0.227,0.41,0.398,0,0,1,1
0.227,0.41,0.401,0,0,1,1
0.227,0.41,0.404,0,0,1,1
0.227,0.41,0.407,0,0,1,1
0.227,0.41,0.41,0,0,1,1
0.227,0.41,0.413,0,0,1,1
0.227,0.41,0.416,0,0,1,1
0.227,0.41,0.419,0,0,1,1
0.227,0.41,0.422,0,0,1,1
0.227,0.41,0.425,0,0,1,1
0.227,0.41,0.427999,0,0,1,1
0.227,0.41,0.430999,0,0,1,1
0.227,0.41,0.433999,0,0,1,1
0.227,0.41,0.436999,0,0,1,1
0.227,0.41,0.439999,0,0,1,1
0.23,0.41,0.26,0,0,1,1
0.23,0.41,0.263,0,0,1,1
0.23,0.41,0.266,0,0,1,1
0.23,0.41,0.269,0,0,1,1
0.23,0.41,0.272,0,0,1,1
0.23,0.41,0.275,0,0,1,1
0.23,0.41,0.278,0,0,1,1
0.23,0.41,0.281,0,0,1,1
0.23,0.41,0.284,0,0,1,1
0.23,0.41,0.287,0,0,1,1
0.23,0.41,0.29,0,0,1,1
0.23,0.41,0.293,0,0,1,1
0.23,0.41,0.296,0,0,1,1
0.23,0.41,0.299,0,0,1,1
0.23,0.41,0.302,0,0,1,1
0.23,0.41,0.305,0,0,1,1
0.23,0.41,0.308,0,0,1,1
0.23,0.41,0.311,0,0,1,1
0.23,0.41,0.314,0,0,1,1
0.23,0.41,0.317,0,0,1,1
0.23,0.41,0.32,0,0,1,1
0.23,0.41,0.323,0,0,1,1
0.23,0.41,0.326,0,0,1,1
0.23,0.41,0.329,0,0,1,1
0.23,0.41,0.332,0,0,1,1
0.23,0.41,0.335,0,0,1,1
0.23,0.41,0.338,0,0,1,1
0.23,0.41,0.341,0,0,1,1
0.23,0.41,0.344,0,0,1,1
0.23,0.41,0.347,0,0,1,1
0.23,0.41,0.35,0,0,1,1
0.23,0.41,0.353,0,0,1,1
0.23,0.41,0.356,0,0,1,1
0.23,0.41,0.359,0,0,1,1
0.23,0.41,0.362,0,0,1,1
0.23,0.41,0.365,0,0,1,1
0.23,0.41,0.368,0,0,1,1
0.23,0.41,0.371,0,0,1,1
0.23,0.41,0.374,0,0,1,1
0.23,0.41,0.377,0,0,1,1
0.23,0.41,0.38,0,0,1,1
0.23,0.41,0.383,0,0,1,1
0.23,0.41,0.386,0,0,1,1
0.23,0.41,0.389,0,0,1,1
0.23,0.41,0.392,0,0,1,1
0.23,0.41,0.395,0,0,1,1
0.23,0.41,0.398,0,0,1,1
0.23,0.41,0.401,0,0,1,1
0.23,0.41,0.404,0,0,1,1
0.23,0.41,0.407,0,0,1,1
0.23,0.41,0.41,0,0,1,1
0.23,0.41,0.413,0,0,1,1
0.23,0.41,0.416,0,0,1,1
0.23,0.41,0.419,0,0,1,1
0.23,0.41,0.422,0,0,1,1
0.23,0.41,0.425,0,0,1,1
0.23,0.41,0.427999,0,0,1,1
0.23,0.41,0.430999,0,0,1,1
0.23,0.41,0.433999,0,0,1,1
0.23,0.41,0.436999,0,0,1,1
0.23,0.41,0.439999,0,0,1,1
0.233,0.41,0.26,0,0,1,1
0.233,0.41,0.263,0,0,1,1
0.233,0.41,0.266,0,0,1,1
0.233,0.41,0.269,0,0,1,1
0.233,0.41,0.272,0,0,1,1
0.233,0.41,0.275,0,0,1,1
0.233,0.41,0.278,0,0,1,1
0.233,0.41,0.281,0,0,1,1
0.233,0.41,0.284,0,0,1,1
0.233,0.41,0.287,0,0,1,1
0.233,0.41,0.29,0,0,1,1
0.233,0.41,0.293,0,0,1,1
0.233,0.41,0.296,0,0,1,1
0.233,0.41,0.299,0,0,1,1
0.233,0.41,0.302,0,0,1,1
0.233,0.41,0.305,0,0,1,1
0.233,0.41,0.308,0,0,1,1
0.233,0.41,0.311,0,0,1,1
0.233,0.41,0.314,0,0,1,1
0.233,0.41,0.317,0,0,1,1
0.233,0.41,0.32,0,0,1,1
0.233,0.41,0.323,0,0,1,1
0.233,0.41,0.326,0,0,1,1
0.233,0.41,0.329,0,0,1,1
0.233,0.41,0.332,0,0,1,1
0.233,0.41,0.335,0,0,1,1
0.233,0.41,0.338,0,0,1,1
0.233,0.41,0.341,0,0,1,1
0.233,0.41,0.344,0,0,1,1
0.233,0.41,0.347,0,0,1,1
0.233,0.41,0.35,0,0,1,1
0.233,0.41,0.353,0,0,1,1
0.233,0.41,0.356,0,0,1,1
0.233,0.41,0.359,0,0,1,1
0.233,0.41,0.362,0,0,1,1
0.233,0.41,0.365,0,0,1,1
0.233,0.41,0.368,0,0,1,1
0.233,0.41,0.371,0,0,1,1
0.233,0.41,0.374,0,0,1,1
0.233,0.41,0.377,0,0,1,1
0.233,0.41,0.38,0,0,1,1
0.233,0.41,0.383,0,0,1,1
0.233,0.41,0.386,0,0,1,1
0.233,0.41,0.389,0,0,1,1
0.233,0.41,0.392,0,0,1,1
0.233,0.41,0.395,0,0,1,1
0.233,0.41,0.398,0,0,1,1
0.233,0.41,0.401,0,0,1,1
0.233,0.41,0.404,0,0,1,1
0.233,0.41,0.407,0,0,1,1
0.233,0.41,0.41,0,0,1,1
0.233,0.41,0.413,0,0,1,1
0.233,0.41,0.416,0,0,1,1
0.233,0.41,0.419,0,0,1,1
0.233,0.41,0.422,0,0,1,1
0.233,0.41,0.425,0,0,1,1
0.233,0.41,0.427999,0,0,1,1
0.233,0.41,0.430999,0,0,1,1
0.233,0.41,0.433999,0,0,1,1
0.233,0.41,0.436999,0,0,1,1
0.233,0.41,0.439999,0,0,1,1
0.236,0.41,0.26,0,0,1,1
0.236,0.41,0.263,0,0,1,1
0.236,0.41,0.266,0,0,1,1
0.236,0.41,0.269,0,0,1,1
0.236,0.41,0.272,0,0,1,1
0.236,0.41,0.275,0,0,1,1
0.236,0.41,0.278,0,0,1,1
0.236,0.41,0.281,0,0,1,1
0.236,0.41,0.284,0,0,1,1
0.236,0.41,0.287,0,0,1,1
0.236,0.41,0.29,0,0,1,1
0.236,0.41,0.293,0,0,1,1
0.236,0.41,0.296,0,0,1,1
0.236,0.41,0.299,0,0,1,1
0.236,0.41,0.302,0,0,1,1
0.236,0.41,0.305,0,0,1,1
0.236,0.41,0.308,0,0,1,1
0.236,0.41,0.311,0,0,1,1
0.236,0.41,0.314,0,0,1,1
0.236,0.41,0.317,0,0,1,1
0.236,0.41,0.32,0,0,1,1
0.236,0.41,0.323,0,0,1,1
0.236,0.41,0.326,0,0,1,1
0.236,0.41,0.329,0,0,1,1
0.236,0.41,0.332,0,0,1,1
0.236,0.41,0.335,0,0,1,1
0.236,0.41,0.338,0,0,1,1
0.236,0.41,0.341,0,0,1,1
0.236,0.41,0.344,0,0,1,1
0.236,0.41,0.347,0,0,1,1
0.236,0.41,0.35,0,0,1,1
0.236,0.41,0.353,0,0,1,1
0.236,0.41,0.356,0,0,1,1
0.236,0.41,0.359,0,0,1,1
0.236,0.41,0.362,0,0,1,1
0.236,0.41,0.365,0,0,1,1
0.236,0.41,0.368,0,0,1,1
0.236,0.41,0.371,0,0,1,1
0.236,0.41,0.374,0,0,1,1
0.236,0.41,0.377,0,0,1,1
0.236,0.41,0.38,0,0,1,1
0.236,0.41,0.383,0,0,1,1
0.236,0.41,0.386,0,0,1,1
0.236,0.41,0.389,0,0,1,1
0.236,0.41,0.392,0,0,1,1
0.236,0.41,0.395,0,0,1,1
0.236,0.41,0.398,0,0,1,1
0.236,0.41,0.401,0,0,1,1
0.236,0.41,0.404,0,0,1,1
0.236,0.41,0.407,0,0,1,1
0.236,0.41,0.41,0,0,1,1
0.236,0.41,0.413,0,0,1,1
0.236,0.41,0.416,0,0,1,1
0.236,0.41,0.419,0,0,1,1
0.236,0.41,0.422,0,0,1,1
0.236,0.41,0.425,0,0,1,1
0.236,0.41,0.427999,0,0,1,1
0.236,0.41,0.430999,0,0,1,1
0.236,0.41,0.433999,0,0,1,1
0.236,0.41,0.436999,0,0,1,1
0.236,0.41,0.439999,0,0,1,1
0.239,0.41,0.26,0,0,1,1
0.239,0.41,0.263,0,0,1,1
0.239,0.41,0.266,0,0,1,1
0.239,0.41,0.269,0,0,1,1
0.239,0.41,0.272,0,0,1,1
0.239,0.41,0.275,0,0,1,1
0.239,0.41,0.278,0,0,1,1
0.239,0.41,0.281,0,0,1,1
0.239,0.41,0.284,0,0,1,1
0.239,0.41,0.287,0,0,1,1
0.239,0.41,0.29,0,0,1,1
0.239,0.41,0.293,0,0,1,1
0.239,0.41,0.296,0,0,1,1
0.239,0.41,0.299,0,0,1,1
0.239,0.41,0.302,0,0,1,1
0.239,0.41,0.305,0,0,1,1
0.239,0.41,0.308,0,0,1,1
0.239,0.41,0.311,0,0,1,1
0.239,0.41,0.314,0,0,1,1
0.239,0.41,0.317,0,0,1,1
0.239,0.41,0.32,0,0,1,1
0.239,0.41,0.323,0,0,1,1
0.239,0.41,0.326,0,0,1,1
0.239,0.41,0.329,0,0,1,1
0.239,0.41,0.332,0,0,1,1
0.239,0.41,0.335,0,0,1,1
0.239,0.41,0.338,0,0,1,1
0.239,0.41,0.341,0,0,1,1
0.239,0.41,0.344,0,0,1,1
0.239,0.41,0.347,0,0,1,1
0.239,0.41,0.35,0,0,1,1
0.239,0.41,0.353,0,0,1,1
0.239,0.41,0.356,0,0,1,1
0.239,0.41,0.359,0,0,1,1
0.239,0.41,0.362,0,0,1,1
0.239,0.41,0.365,0,0,1,1
0.239,0.41,0.368,0,0,1,1
0.239,0.41,0.371,0,0,1,1
0.239,0.41,0.374,0,0,1,1
0.239,0.41,0.377,0,0,1,1
0.239,0.41,0.38,0,0,1,1
0.239,0.41,0.383,0,0,1,1
0.239,0.41,0.386,0,0,1,1
0.239,0.41,0.389,0,0,1,1
0.239,0.41,0.392,0,0,1,1
0.239,0.41,0.395,0,0,1,1
0.239,0.41,0.398,0,0,1,1
0.239,0.41,0.401,0,0,1,1
0.239,0.41,0.404,0,0,1,1
0.239,0.41,0.407,0,0,1,1
0.239,0.41,0.41,0,0,1,1
0.239,0.41,0.413,0,0,1,1
0.239,0.41,0.416,0,0,1,1
0.239,0.41,0.419,0,0,1,1
0.239,0.41,0.422,0,0,1,1
0.239,0.41,0.425,0,0,1,1
0.239,0.41,0.427999,0,0,1,1
0.239,0.41,0.430999,0,0,1,1
0.239,0.41,0.433999,0,0,1,1
0.239,0.41,0.436999,0,0,1,1
0.239,0.41,0.439999,0,0,1,1
0.242,0.41,0.26,0,0,1,1
0.242,0.41,0.263,0,0,1,1
0.242,0.41,0.266,0,0,1,1
0.242,0.41,0.269,0,0,1,1
0.242,0.41,0.272,0,0,1,1
0.242,0.41,0.275,0,0,1,1
0.242,0.41,0.278,0,0,1,1
0.242,0.41,0.281,0,0,1,1
0.242,0.41,0.284,0,0,1,1
0.242,0.41,0.287,0,0,1,1
0.242,0.41,0.29,0,0,1,1
0.242,0.41,0.293,0,0,1,1
0.242,0.41,0.296,0,0,1,1
0.242,0.41,0.299,0,0,1,1
0.242,0.41,0.302,0,0,1,1
0.242,0.41,0.305,0,0,1,1
0.242,0.41,0.308,0,0,1,1
0.242,0.41,0.311,0,0,1,1
0.242,0.41,0.314,0,0,1,1
0.242,0.41,0.317,0,0,1,1
0.242,0.41,0.32,0,0,1,1
0.242,0.41,0.323,0,0,1,1
0.242,0.41,0.326,0,0,1,1
0.242,0.41,0.329,0,0,1,1
0.242,0.41,0.332,0,0,1,1
0.242,0.41,0.335,0,0,1,1
0.242,0.41,0.338,0,0,1,1
0.242,0.41,0.341,0,0,1,1
0.242,0.41,0.344,0,0,1,1
0.242,0.41,0.347,0,0,1,1
0.242,0.41,0.35,0,0,1,1
0.242,0.41,0.353,0,0,1,1
0.242,0.41,0.356,0,0,1,1
0.242,0.41,0.359,0,0,1,1
0.242,0.41,0.362,0,0,1,1
0.242,0.41,0.365,0,0,1,1
0.242,0.41,0.368,0,0,1,1
0.242,0.41,0.371,0,0,1,1
0.242,0.41,0.374,0,0,1,1
0.242,0.41,0.377,0,0,1,1
0.242,0.41,0.38,0,0,1,1
0.242,0.41,0.383,0,0,1,1
0.242,0.41,0.386,0,0,1,1
0.242,0.41,0.389,0,0,1,1
0.242,0.41,0.392,0,0,1,1
0.242,0.41,0.395,0,0,1,1
0.242,0.41,0.398,0,0,1,1
0.242,0.41,0.401,0,0,1,1
0.242,0.41,0.404,0,0,1,1
0.242,0.41,0.407,0,0,1,1
0.242,0.41,0.41,0,0,1,1
0.242,0.41,0.413,0,0,1,1
0.242,0.41,0.416,0,0,1,1
0.242,0.41,0.419,0,0,1,1
0.242,0.41,0.422,0,0,1,1
0.242,0.41,0.425,0,0,1,1
0.242,0.41,0.427999,0,0,1,1
0.242,0.41,0.430999,0,0,1,1
0.242,0.41,0.433999,0,0,1,1
0.242,0.41,0.436999,0,0,1,1
0.242,0.41,0.439999,0,0,1,1
0.245,0.41,0.26,0,0,1,1
0.245,0.41,0.263,0,0,1,1
0.245,0.41,0.266,0,0,1,1
0.245,0.41,0.269,0,0,1,1
0.245,0.41,0.272,0,0,1,1
0.245,0.41,0.275,0,0,1,1
0.245,0.41,0.278,0,0,1,1
0.245,0.41,0.281,0,0,1,1
0.245,0.41,0.284,0,0,1,1
0.245,0.41,0.287,0,0,1,1
0.245,0.41,0.29,0,0,1,1
0.245,0.41,0.293,0,0,1,1
0.245,0.41,0.296,0,0,1,1
0.245,0.41,0.299,0,0,1,1
0.245,0.41,0.302,0,0,1,1
0.245,0.41,0.305,0,0,1,1
0.245,0.41,0.308,0,0,1,1
0.245,0.41,0.311,0,0,1,1
0.245,0.41,0.314,0,0,1,1
0.245,0.41,0.317,0,0,1,1
0.245,0.41,0.32,0,0,1,1
0.245,0.41,0.323,0,0,1,1
0.245,0.41,0.326,0,0,1,1
0.245,0.41,0.329,0,0,1,1
0.245,0.41,0.332,0,0,1,1
0.245,0.41,0.335,0,0,1,1
0.245,0.41,0.338,0,0,1,1
0.245,0.41,0.341,0,0,1,1
0.245,0.41,0.344,0,0,1,1
0.245,0.41,0.347,0,0,1,1
0.245,0.41,0.35,0,0,1,1
0.245,0.41,0.353,0,0,1,1
0.245,0.41,0.356,0,0,1,1
0.245,0.41,0.359,0,0,1,1
0.245,0.41,0.362,0,0,1,1
0.245,0.41,0.365,0,0,1,1
0.245,0.41,0.368,0,0,1,1
0.245,0.41,0.371,0,0,1,1
0.245,0.41,0.374,0,0,1,1
0.245,0.41,0.377,0,0,1,1
0.245,0.41,0.38,0,0,1,1
0.245,0.41,0.383,0,0,1,1
0.245,0.41,0.386,0,0,1,1
0.245,0.41,0.389,0,0,1,1
0.245,0.41,0.392,0,0,1,1
0.245,0.41,0.395,0,0,1,1
0.245,0.41,0.398,0,0,1,1
0.245,0.41,0.401,0,0,1,1
0.245,0.41,0.404,0,0,1,1
0.245,0.41,0.407,0,0,1,1
0.245,0.41,0.41,0,0,1,1
0.245,0.41,0.413,0,0,1,1
0.245,0.41,0.416,0,0,1,1
0.245,0.41,0.419,0,0,1,1
0.245,0.41,0.422,0,0,1,1
0.245,0.41,0.425,0,0,1,1
0.245,0.41,0.427999,0,0,1,1
0.245,0.41,0.430999,0,0,1,1
0.245,0.41,0.433999,0,0,1,1
0.245,0.41,0.436999,0,0,1,1
0.245,0.41,0.439999,0,0,1,1
0.248,0.41,0.26,0,0,1,1
0.248,0.41,0.263,0,0,1,1
0.248,0.41,0.266,0,0,1,1
0.248,0.41,0.269,0,0,1,1
0.248,0.41,0.272,0,0,1,1
0.248,0.41,0.275,0,0,1,1
0.248,0.41,0.278,0,0,1,1
0.248,0.41,0.281,0,0,1,1
0.248,0.41,0.284,0,0,1,1
0.248,0.41,0.287,0,0,1,1
0.248,0.41,0.29,0,0,1,1
0.248,0.41,0.293,0,0,1,1
0.248,0.41,0.296,0,0,1,1
0.248,0.41,0.299,0,0,1,1
0.248,0.41,0.302,0,0,1,1
0.248,0.41,0.305,0,0,1,1
0.248,0.41,0.308,0,0,1,1
0.248,0.41,0.311,0,0,1,1
0.248,0.41,0.314,0,0,1,1
0.248,0.41,0.317,0,0,1,1
0.248,0.41,0.32,0,0,1,1
0.248,0.41,0.323,0,0,1,1
0.248,0.41,0.326,0,0,1,1
0.248,0.41,0.329,0,0,1,1
0.248,0.41,0.332,0,0,1,1
0.248,0.41,0.335,0,0,1,1
0.248,0.41,0.338,0,0,1,1
0.248,0.41,0.341,0,0,1,1
0.248,0.41,0.344,0,0,1,1
0.248,0.41,0.347,0,0,1,1
0.248,0.41,0.35,0,0,1,1
0.248,0.41,0.353,0,0,1,1
0.248,0.41,0.356,0,0,1,1
0.248,0.41,0.359,0,0,1,1
0.248,0.41,0.362,0,0,1,1
0.248,0.41,0.365,0,0,1,1
0.248,0.41,0.368,0,0,1,1
0.248,0.41,0.371,0,0,1,1
0.248,0.41,0.374,0,0,1,1
0.248,0.41,0.377,0,0,1,1
0.248,0.41,0.38,0,0,1,1
0.248,0.41,0.383,0,0,1,1
0.248,0.41,0.386,0,0,1,1
0.248,0.41,0.389,0,0,1,1
0.248,0.41,0.392,0,0,1,1
0.248,0.41,0.395,0,0,1,1
0.248,0.41,0.398,0,0,1,1
0.248,0.41,0.401,0,0,1,1
0.248,0.41,0.404,0,0,1,1
0.248,0.41,0.407,0,0,1,1
0.248,0.41,0.41,0,0,1,1
0.248,0.41,0.413,0,0,1,1
0.248,0.41,0.416,0,0,1,1
0.248,0.41,0.419,0,0,1,1
0.248,0.41,0.422,0,0,1,1
0.248,0.41,0.425,0,0,1,1
0.248,0.41,0.427999,0,0,1,1
0.248,0.41,0.430999,0,0,1,1
0.248,0.41,0.433999,0,0,1,1
0.248,0.41,0.436999,0,0,1,1
0.248,0.41,0.439999,0,0,1,1
0.251,0.41,0.26,0,0,1,1
0.251,0.41,0.263,0,0,1,1
0.251,0.41,0.266,0,0,1,1
0.251,0.41,0.269,0,0,1,1
0.251,0.41,0.272,0,0,1,1
0.251,0.41,0.275,0,0,1,1
0.251,0.41,0.278,0,0,1,1
0.251,0.41,0.281,0,0,1,1
0.251,0.41,0.284,0,0,1,1
0.251,0.41,0.287,0,0,1,1
0.251,0.41,0.29,0,0,1,1
0.251,0.41,0.293,0,0,1,1
0.251,0.41,0.296,0,0,1,1
0.251,0.41,0.299,0,0,1,1
0.251,0.41,0.302,0,0,1,1
0.251,0.41,0.305,0,0,1,1
0.251,0.41,0.308,0,0,1,1
0.251,0.41,0.311,0,0,1,1
0.251,0.41,0.314,0,0,1,1
0.251,0.41,0.317,0,0,1,1
0.251,0.41,0.32,0,0,1,1
0.251,0.41,0.323,0,0,1,1
0.251,0.41,0.326,0,0,1,1
0.251,0.41,0.329,0,0,1,1
0.251,0.41,0.332,0,0,1,1
0.251,0.41,0.335,0,0,1,1
0.251,0.41,0.338,0,0,1,1
0.251,0.41,0.341,0,0,1,1
0.251,0.41,0.344,0,0,1,1
0.251,0.41,0.347,0,0,1,1
0.251,0.41,0.35,0,0,1,1
0.251,0.41,0.353,0,0,1,1
0.251,0.41,0.356,0,0,1,1
0.251,0.41,0.359,0,0,1,1
0.251,0.41,0.362,0,0,1,1
0.251,0.41,0.365,0,0,1,1
0.251,0.41,0.368,0,0,1,1
0.251,0.41,0.371,0,0,1,1
0.251,0.41,0.374,0,0,1,1
0.251,0.41,0.377,0,0,1,1
0.251,0.41,0.38,0,0,1,1
0.251,0.41,0.383,0,0,1,1
0.251,0.41,0.386,0,0,1,1
0.251,0.41,0.389,0,0,1,1
0.251,0.41,0.392,0,0,1,1
0.251,0.41,0.395,0,0,1,1
0.251,0.41,0.398,0,0,1,1
0.251,0.41,0.401,0,0,1,1
0.251,0.41,0.404,0,0,1,1
0.251,0.41,0.407,0,0,1,1
0.251,0.41,0.41,0,0,1,1
0.251,0.41,0.413,0,0,1,1
0.251,0.41,0.416,0,0,1,1
0.251,0.41,0.419,0,0,1,1
0.251,0.41,0.422,0,0,1,1
0.251,0.41,0.425,0,0,1,1
0.251,0.41,0.427999,0,0,1,1
0.251,0.41,0.430999,0,0,1,1
0.251,0.41,0.433999,0,0,1,1
0.251,0.41,0.436999,0,0,1,1
0.251,0.41,0.439999,0,0,1,1
0.254,0.41,0.26,0,0,1,1
0.254,0.41,0.263,0,0,1,1
0.254,0.41,0.266,0,0,1,1
0.254,0.41,0.269,0,0,1,1
0.254,0.41,0.272,0,0,1,1
0.254,0.41,0.275,0,0,1,1
0.254,0.41,0.278,0,0,1,1
0.254,0.41,0.281,0,0,1,1
0.254,0.41,0.284,0,0,1,1
0.254,0.41,0.287,0,0,1,1
0.254,0.41,0.29,0,0,1,1
0.254,0.41,0.293,0,0,1,1
0.254,0.41,0.296,0,0,1,1
0.254,0.41,0.299,0,0,1,1
0.254,0.41,0.302,0,0,1,1
0.254,0.41,0.305,0,0,1,1
0.254,0.41,0.308,0,0,1,1
0.254,0.41,0.311,0,0,1,1
0.254,0.41,0.314,0,0,1,1
0.254,0.41,0.317,0,0,1,1
0.254,0.41,0.32,0,0,1,1
0.254,0.41,0.323,0,0,1,1
0.254,0.41,0.326,0,0,1,1
0.254,0.41,0.329,0,0,1,1
0.254,0.41,0.332,0,0,1,1
0.254,0.41,0.335,0,0,1,1
0.254,0.41,0.338,0,0,1,1
0.254,0.41,0.341,0,0,1,1
0.254,0.41,0.344,0,0,1,1
0.254,0.41,0.347,0,0,1,1
0.254,0.41,0.35,0,0,1,1
0.254,0.41,0.353,0,0,1,1
0.254,0.41,0.356,0,0,1,1
0.254,0.41,0.359,0,0,1,1
0.254,0.41,0.362,0,0,1,1
0.254,0.41,0.365,0,0,1,1
0.254,0.41,0.368,0,0,1,1
0.254,0.41,0.371,0,0,1,1
0.254,0.41,0.374,0,0,1,1
0.254,0.41,0.377,0,0,1,1
0.254,0.41,0.38,0,0,1,1
0.254,0.41,0.383,0,0,1,1
0.254,0.41,0.386,0,0,1,1
0.254,0.41,0.389,0,0,1,1
0.254,0.41,0.392,0,0,1,1
0.254,0.41,0.395,0,0,1,1
0.254,0.41,0.398,0,0,1,1
0.254,0.41,0.401,0,0,1,1
0.254,0.41,0.404,0,0,1,1
0.254,0.41,0.407,0,0,1,1
0.254,0.41,0.41,0,0,1,1
0.254,0.41,0.413,0,0,1,1
0.254,0.41,0.416,0,0,1,1
0.254,0.41,0.419,0,0,1,1
0.254,0.41,0.422,0,0,1,1
0.254,0.41,0.425,0,0,1,1
0.254,0.41,0.427999,0,0,1,1
0.254,0.41,0.430999,0,0,1,1
0.254,0.41,0.433999,0,0,1,1
0.254,0.41,0.436999,0,0,1,1
0.254,0.41,0.439999,0,0,1,1
0.257,0.41,0.26,0,0,1,1
0.257,0.41,0.263,0,0,1,1
0.257,0.41,0.266,0,0,1,1
0.257,0.41,0.269,0,0,1,1
0.257,0.41,0.272,0,0,1,1
0.257,0.41,0.275,0,0,1,1
0.257,0.41,0.278,0,0,1,1
0.257,0.41,0.281,0,0,1,1
0.257,0.41,0.284,0,0,1,1
0.257,0.41,0.287,0,0,1,1
0.257,0.41,0.29,0,0,1,1
0.257,0.41,0.293,0,0,1,1
0.257,0.41,0.296,0,0,1,1
0.257,0.41,0.299,0,0,1,1
0.257,0.41,0.302,0,0,1,1
0.257,0.41,0.305,0,0,1,1
0.257,0.41,0.308,0,0,1,1
0.257,0.41,0.311,0,0,1,1
0.257,0.41,0.314,0,0,1,1
0.257,0.41,0.317,0,0,1,1
0.257,0.41,0.32,0,0,1,1
0.257,0.41,0.323,0,0,1,1
0.257,0.41,0.326,0,0,1,1
0.257,0.41,0.329,0,0,1,1
0.257,0.41,0.332,0,0,1,1
0.257,0.41,0.335,0,0,1,1
0.257,0.41,0.338,0,0,1,1
0.257,0.41,0.341,0,0,1,1
0.257,0.41,0.344,0,0,1,1
0.257,0.41,0.347,0,0,1,1
0.257,0.41,0.35,0,0,1,1
0.257,0.41,0.353,0,0,1,1
0.257,0.41,0.356,0,0,1,1
0.257,0.41,0.359,0,0,1,1
0.257,0.41,0.362,0,0,1,1
0.257,0.41,0.365,0,0,1,1
0.257,0.41,0.368,0,0,1,1
0.257,0.41,0.371,0,0,1,1
0.257,0.41,0.374,0,0,1,1
0.257,0.41,0.377,0,0,1,1
0.257,0.41,0.38,0,0,1,1
0.257,0.41,0.383,0,0,1,1
0.257,0.41,0.386,0,0,1,1
0.257,0.41,0.389,0,0,1,1
0.257,0.41,0.392,0,0,1,1
0.257,0.41,0.395,0,0,1,1
0.257,0.41,0.398,0,0,1,1
0.257,0.41,0.401,0,0,1,1
0.257,0.41,0.404,0,0,1,1
0.257,0.41,0.407,0,0,1,1
0.257,0.41,0.41,0,0,1,1
0.257,0.41,0.413,0,0,1,1
0.257,0.41,0.416,0,0,1,1
0.257,0.41,0.419,0,0,1,1
0.257,0.41,0.422,0,0,1,1
0.257,0.41,0.425,0,0,1,1
0.257,0.41,0.427999,0,0,1,1
0.257,0.41,0.430999,0,0,1,1
0.257,0.41,0.433999,0,0,1,1
0.257,0.41,0.436999,0,0,1,1
0.257,0.41,0.439999,0,0,1,1
0.26,0.41,0.26,0,0,1,1
0.26,0.41,0.263,0,0,1,1
0.26,0.41,0.266,0,0,1,1
0.26,0.41,0.269,0,0,1,1
0.26,0.41,0.272,0,0,1,1
0.26,0.41,0.275,0,0,1,1
0.26,0.41,0.278,0,0,1,1
0.26,0.41,0.281,0,0,1,1
0.26,0.41,0.284,0,0,1,1
0.26,0.41,0.287,0,0,1,1
0.26,0.41,0.29,0,0,1,1
0.26,0.41,0.293,0,0,1,1
0.26,0.41,0.296,0,0,1,1
0.26,0.41,0.299,0,0,1,1
0.26,0.41,0.302,0,0,1,1
0.26,0.41,0.305,0,0,1,1
0.26,0.41,0.308,0,0,1,1
0.26,0.41,0.311,0,0,1,1
0.26,0.41,0.314,0,0,1,1
0.26,0.41,0.317,0,0,1,1
0.26,0.41,0.32,0,0,1,1
0.26,0.41,0.323,0,0,1,1
0.26,0.41,0.326,0,0,1,1
0.26,0.41,0.329,0,0,1,1
0.26,0.41,0.332,0,0,1,1
0.26,0.41,0.335,0,0,1,1
0.26,0.41,0.338,0,0,1,1
0.26,0.41,0.341,0,0,1,1
0.26,0.41,0.344,0,0,1,1
0.26,0.41,0.347,0,0,1,1
0.26,0.41,0.35,0,0,1,1
0.26,0.41,0.353,0,0,1,1
0.26,0.41,0.356,0,0,1,1
0.26,0.41,0.359,0,0,1,1
0.26,0.41,0.362,0,0,1,1
0.26,0.41,0.365,0,0,1,1
0.26,0.41,0.368,0,0,1,1
0.26,0.41,0.371,0,0,1,1
0.26,0.41,0.374,0,0,1,1
0.26,0.41,0.377,0,0,1,1
0.26,0.41,0.38,0,0,1,1
0.26,0.41,0.383,0,0,1,1
0.26,0.41,0.386,0,0,1,1
0.26,0.41,0.389,0,0,1,1
0.26,0.41,0.392,0,0,1,1
0.26,0.41,0.395,0,0,1,1
0.26,0.41,0.398,0,0,1,1
0.26,0.41,0.401,0,0,1,1
0.26,0.41,0.404,0,0,1,1
0.26,0.41,0.407,0,0,1,1
0.26,0.41,0.41,0,0,1,1
0.26,0.41,0.413,0,0,1,1
0.26,0.41,0.416,0,0,1,1
0.26,0.41,0.419,0,0,1,1
0.26,0.41,0.422,0,0,1,1
0.26,0.41,0.425,0,0,1,1
0.26,0.41,0.427999,0,0,1,1
0.26,0.41,0.430999,0,0,1,1
0.26,0.41,0.433999,0,0,1,1
0.26,0.41,0.436999,0,0,1,1
0.26,0.41,0.439999,0,0,1,1
0.263,0.41,0.26,0,0,1,1
0.263,0.41,0.263,0,0,1,1
0.263,0.41,0.266,0,0,1,1
0.263,0.41,0.269,0,0,1,1
0.263,0.41,0.272,0,0,1,1
0.263,0.41,0.275,0,0,1,1
0.263,0.41,0.278,0,0,1,1
0.263,0.41,0.281,0,0,1,1
0.263,0.41,0.284,0,0,1,1
0.263,0.41,0.287,0,0,1,1
0.263,0.41,0.29,0,0,1,1
0.263,0.41,0.293,0,0,1,1
0.263,0.41,0.296,0,0,1,1
0.263,0.41,0.299,0,0,1,1
0.263,0.41,0.302,0,0,1,1
0.263,0.41,0.305,0,0,1,1
0.263,0.41,0.308,0,0,1,1
0.263,0.41,0.311,0,0,1,1
0.263,0.41,0.314,0,0,1,1
0.263,0.41,0.317,0,0,1,1
0.263,0.41,0.32,0,0,1,1
0.263,0.41,0.323,0,0,1,1
0.263,0.41,0.326,0,0,1,1
0.263,0.41,0.329,0,0,1,1
0.263,0.41,0.332,0,0,1,1
0.263,0.41,0.335,0,0,1,1
0.263,0.41,0.338,0,0,1,1
0.263,0.41,0.341,0,0,1,1
0.263,0.41,0.344,0,0,1,1
0.263,0.41,0.347,0,0,1,1
0.263,0.41,0.35,0,0,1,1
0.263,0.41,0.353,0,0,1,1
0.263,0.41,0.356,0,0,1,1
0.263,0.41,0.359,0,0,1,1
0.263,0.41,0.362,0,0,1,1
0.263,0.41,0.365,0,0,1,1
0.263,0.41,0.368,0,0,1,1
0.263,0.41,0.371,0,0,1,1
0.263,0.41,0.374,0,0,1,1
0.263,0.41,0.377,0,0,1,1
0.263,0.41,0.38,0,0,1,1
0.263,0.41,0.383,0,0,1,1
0.263,0.41,0.386,0,0,1,1
0.263,0.41,0.389,0,0,1,1
0.263,0.41,0.392,0,0,1,1
0.263,0.41,0.395,0,0,1,1
0.263,0.41,0.398,0,0,1,1
0.263,0.41,0.401,0,0,1,1
0.263,0.41,0.404,0,0,1,1
0.263,0.41,0.407,0,0,1,1
0.263,0.41,0.41,0,0,1,1
0.263,0.41,0.413,0,0,1,1
0.263,0.41,0.416,0,0,1,1
0.263,0.41,0.419,0,0,1,1
0.263,0.41,0.422,0,0,1,1
0.263,0.41,0.425,0,0,1,1
0.263,0.41,0.427999,0,0,1,1
0.263,0.41,0.430999,0,0,1,1
0.263,0.41,0.433999,0,0,1,1
0.263,0.41,0.436999,0,0,1,1
0.263,0.41,0.439999,0,0,1,1
0.266,0.41,0.26,0,0,1,1
0.266,0.41,0.263,0,0,1,1
0.266,0.41,0.266,0,0,1,1
0.266,0.41,0.269,0,0,1,1
0.266,0.41,0.272,0,0,1,1
0.266,0.41,0.275,0,0,1,1
0.266,0.41,0.278,0,0,1,1
0.266,0.41,0.281,0,0,1,1
0.266,0.41,0.284,0,0,1,1
0.266,0.41,0.287,0,0,1,1
0.266,0.41,0.29,0,0,1,1
0.266,0.41,0.293,0,0,1,1
0.266,0.41,0.296,0,0,1,1
0.266,0.41,0.299,0,0,1,1
0.266,0.41,0.302,0,0,1,1
0.266,0.41,0.305,0,0,1,1
0.266,0.41,0.308,0,0,1,1
0.266,0.41,0.311,0,0,1,1
0.266,0.41,0.314,0,0,1,1
0.266,0.41,0.317,0,0,1,1
0.266,0.41,0.32,0,0,1,1
0.266,0.41,0.323,0,0,1,1
0.266,0.41,0.326,0,0,1,1
0.266,0.41,0.329,0,0,1,1
0.266,0.41,0.332,0,0,1,1
0.266,0.41,0.335,0,0,1,1
0.266,0.41,0.338,0,0,1,1
0.266,0.41,0.341,0,0,1,1
0.266,0.41,0.344,0,0,1,1
0.266,0.41,0.347,0,0,1,1
0.266,0.41,0.35,0,0,1,1
0.266,0.41,0.353,0,0,1,1
0.266,0.41,0.356,0,0,1,1
0.266,0.41,0.359,0,0,1,1
0.266,0.41,0.362,0,0,1,1
0.266,0.41,0.365,0,0,1,1
0.266,0.41,0.368,0,0,1,1
0.266,0.41,0.371,0,0,1,1
0.266,0.41,0.374,0,0,1,1
0.266,0.41,0.377,0,0,1,1
0.266,0.41,0.38,0,0,1,1
0.266,0.41,0.383,0,0,1,1
0.266,0.41,0.386,0,0,1,1
0.266,0.41,0.389,0,0,1,1
0.266,0.41,0.392,0,0,1,1
0.266,0.41,0.395,0,0,1,1
0.266,0.41,0.398,0,0,1,1
0.266,0.41,0.401,0,0,1,1
0.266,0.41,0.404,0,0,1,1
0.266,0.41,0.407,0,0,1,1
0.266,0.41,0.41,0,0,1,1
0.266,0.41,0.413,0,0,1,1
0.266,0.41,0.416,0,0,1,1
0.266,0.41,0.419,0,0,1,1
0.266,0.41,0.422,0,0,1,1
0.266,0.41,0.425,0,0,1,1
0.266,0.41,0.427999,0,0,1,1
0.266,0.41,0.430999,0,0,1,1
0.266,0.41,0.433999,0,0,1,1
0.266,0.41,0.436999,0,0,1,1
0.266,0.41,0.439999,0,0,1,1
0.269,0.41,0.26,0,0,1,1
0.269,0.41,0.263,0,0,1,1
0.269,0.41,0.266,0,0,1,1
0.269,0.41,0.269,0,0,1,1
0.269,0.41,0.272,0,0,1,1
0.269,0.41,0.275,0,0,1,1
0.269,0.41,0.278,0,0,1,1
0.269,0.41,0.281,0,0,1,1
0.269,0.41,0.284,0,0,1,1
0.269,0.41,0.287,0,0,1,1
0.269,0.41,0.29,0,0,1,1
0.269,0.41,0.293,0,0,1,1
0.269,0.41,0.296,0,0,1,1
0.269,0.41,0.299,0,0,1,1
0.269,0.41,0.302,0,0,1,1
0.269,0.41,0.305,0,0,1,1
0.269,0.41,0.308,0,0,1,1
0.269,0.41,0.311,0,0,1,1
0.269,0.41,0.314,0,0,1,1
0.269,0.41,0.317,0,0,1,1
0.269,0.41,0.32,0,0,1,1
0.269,0.41,0.323,0,0,1,1
0.269,0.41,0.326,0,0,1,1
0.269,0.41,0.329,0,0,1,1
0.269,0.41,0.332,0,0,1,1
0.269,0.41,0.335,0,0,1,1
0.269,0.41,0.338,0,0,1,1
0.269,0.41,0.341,0,0,1,1
0.269,0.41,0.344,0,0,1,1
0.269,0.41,0.347,0,0,1,1
0.269,0.41,0.35,0,0,1,1
0.269,0.41,0.353,0,0,1,1
0.269,0.41,0.356,0,0,1,1
0.269,0.41,0.359,0,0,1,1
0.269,0.41,0.362,0,0,1,1
0.269,0.41,0.365,0,0,1,1
0.269,0.41,0.368,0,0,1,1
0.269,0.41,0.371,0,0,1,1
0.269,0.41,0.374,0,0,1,1
0.269,0.41,0.377,0,0,1,1
0.269,0.41,0.38,0,0,1,1
0.269,0.41,0.383,0,0,1,1
0.269,0.41,0.386,0,0,1,1
0.269,0.41,0.389,0,0,1,1
0.269,0.41,0.392,0,0,1,1
0.269,0.41,0.395,0,0,1,1
0.269,0.41,0.398,0,0,1,1
0.269,0.41,0.401,0,0,1,1
0.269,0.41,0.404,0,0,1,1
0.269,0.41,0.407,0,0,1,1
0.269,0.41,0.41,0,0,1,1
0.269,0.41,0.413,0,0,1,1
0.269,0.41,0.416,0,0,1,1
0.269,0.41,0.419,0,0,1,1
0.269,0.41,0.422,0,0,1,1
0.269,0.41,0.425,0,0,1,1
0.269,0.41,0.427999,0,0,1,1
0.269,0.41,0.430999,0,0,1,1
0.269,0.41,0.433999,0,0,1,1
0.269,0.41,0.436999,0,0,1,1
0.269,0.41,0.439999,0,0,1,1
0.272,0.41,0.26,0,0,1,1
0.272,0.41,0.263,0,0,1,1
0.272,0.41,0.266,0,0,1,1
0.272,0.41,0.269,0,0,1,1
0.272,0.41,0.272,0,0,1,1
0.272,0.41,0.275,0,0,1,1
0.272,0.41,0.278,0,0,1,1
0.272,0.41,0.281,0,0,1,1
0.272,0.41,0.284,0,0,1,1
0.272,0.41,0.287,0,0,1,1
0.272,0.41,0.29,0,0,1,1
0.272,0.41,0.293,0,0,1,1
0.272,0.41,0.296,0,0,1,1
0.272,0.41,0.299,0,0,1,1
0.272,0.41,0.302,0,0,1,1
0.272,0.41,0.305,0,0,1,1
0.272,0.41,0.308,0,0,1,1
0.272,0.41,0.311,0,0,1,1
0.272,0.41,0.314,0,0,1,1
0.272,0.41,0.317,0,0,1,1
0.272,0.41,0.32,0,0,1,1
0.272,0.41,0.323,0,0,1,1
0.272,0.41,0.326,0,0,1,1
0.272,0.41,0.329,0,0,1,1
0.272,0.41,0.332,0,0,1,1
0.272,0.41,0.335,0,0,1,1
0.272,0.41,0.338,0,0,1,1
0.272,0.41,0.341,0,0,1,1
0.272,0.41,0.344,0,0,1,1
0.272,0.41,0.347,0,0,1,1
0.272,0.41,0.35,0,0,1,1
0.272,0.41,0.353,0,0,1,1
0.272,0.41,0.356,0,0,1,1
0.272,0.41,0.359,0,0,1,1
0.272,0.41,0.362,0,0,1,1
0.272,0.41,0.365,0,0,1,1
0.272,0.41,0.368,0,0,1,1
0.272,0.41,0.371,0,0,1,1
0.272,0.41,0.374,0,0,1,1
0.272,0.41,0.377,0,0,1,1
0.272,0.41,0.38,0,0,1,1
0.272,0.41,0.383,0,0,1,1
0.272,0.41,0.386,0,0,1,1
0.272,0.41,0.389,0,0,1,1
0.272,0.41,0.392,0,0,1,1
0.272,0.41,0.395,0,0,1,1
0.272,0.41,0.398,0,0,1,1
0.272,0.41,0.401,0,0,1,1
0.272,0.41,0.404,0,0,1,1
0.272,0.41,0.407,0,0,1,1
0.272,0.41,0.41,0,0,1,1
0.272,0.41,0.413,0,0,1,1
0.272,0.41,0.416,0,0,1,1
0.272,0.41,0.419,0,0,1,1
0.272,0.41,0.422,0,0,1,1
0.272,0.41,0.425,0,0,1,1
0.272,0.41,0.427999,0,0,1,1
0.272,0.41,0.430999,0,0,1,1
0.272,0.41,0.433999,0,0,1,1
0.272,0.41,0.436999,0,0,1,1
0.272,0.41,0.439999,0,0,1,1
0.275,0.41,0.26,0,0,1,1
0.275,0.41,0.263,0,0,1,1
0.275,0.41,0.266,0,0,1,1
0.275,0.41,0.269,0,0,1,1
0.275,0.41,0.272,0,0,1,1
0.275,0.41,0.275,0,0,1,1
0.275,0.41,0.278,0,0,1,1
0.275,0.41,0.281,0,0,1,1
0.275,0.41,0.284,0,0,1,1
0.275,0.41,0.287,0,0,1,1
0.275,0.41,0.29,0,0,1,1
0.275,0.41,0.293,0,0,1,1
0.275,0.41,0.296,0,0,1,1
0.275,0.41,0.299,0,0,1,1
0.275,0.41,0.302,0,0,1,1
0.275,0.41,0.305,0,0,1,1
0.275,0.41,0.308,0,0,1,1
0.275,0.41,0.311,0,0,1,1
0.275,0.41,0.314,0,0,1,1
0.275,0.41,0.317,0,0,1,1
0.275,0.41,0.32,0,0,1,1
0.275,0.41,0.323,0,0,1,1
0.275,0.41,0.326,0,0,1,1
0.275,0.41,0.329,0,0,1,1
0.275,0.41,0.332,0,0,1,1
0.275,0.41,0.335,0,0,1,1
0.275,0.41,0.338,0,0,1,1
0.275,0.41,0.341,0,0,1,1
0.275,0.41,0.344,0,0,1,1
0.275,0.41,0.347,0,0,1,1
0.275,0.41,0.35,0,0,1,1
0.275,0.41,0.353,0,0,1,1
0.275,0.41,0.356,0,0,1,1
0.275,0.41,0.359,0,0,1,1
0.275,0.41,0.362,0,0,1,1
0.275,0.41,0.365,0,0,1,1
0.275,0.41,0.368,0,0,1,1
0.275,0.41,0.371,0,0,1,1
0.275,0.41,0.374,0,0,1,1
0.275,0.41,0.377,0,0,1,1
0.275,0.41,0.38,0,0,1,1
0.275,0.41,0.383,0,0,1,1
0.275,0.41,0.386,0,0,1,1
0.275,0.41,0.389,0,0,1,1
0.275,0.41,0.392,0,0,1,1
0.275,0.41,0.395,0,0,1,1
0.275,0.41,0.398,0,0,1,1
0.275,0.41,0.401,0,0,1,1
0.275,0.41,0.404,0,0,1,1
0.275,0.41,0.407,0,0,1,1
0.275,0.41,0.41,0,0,1,1
0.275,0.41,0.413,0,0,1,1
0.275,0.41,0.416,0,0,1,1
0.275,0.41,0.419,0,0,1,1
0.275,0.41,0.422,0,0,1,1
0.275,0.41,0.425,0,0,1,1
0.275,0.41,0.427999,0,0,1,1
0.275,0.41,0.430999,0,0,1,1
0.275,0.41,0.433999,0,0,1,1
0.275,0.41,0.436999,0,0,1,1
0.275,0.41,0.439999,0,0,1,1
0.278,0.41,0.26,0,0,1,1
0.278,0.41,0.263,0,0,1,1
0.278,0.41,0.266,0,0,1,1
0.278,0.41,0.269,0,0,1,1
0.278,0.41,0.272,0,0,1,1
0.278,0.41,0.275,0,0,1,1
0.278,0.41,0.278,0,0,1,1
0.278,0.41,0.281,0,0,1,1
0.278,0.41,0.284,0,0,1,1
0.278,0.41,0.287,0,0,1,1
0.278,0.41,0.29,0,0,1,1
0.278,0.41,0.293,0,0,1,1
0.278,0.41,0.296,0,0,1,1
0.278,0.41,0.299,0,0,1,1
0.278,0.41,0.302,0,0,1,1
0.278,0.41,0.305,0,0,1,1
0.278,0.41,0.308,0,0,1,1
0.278,0.41,0.311,0,0,1,1
0.278,0.41,0.314,0,0,1,1
0.278,0.41,0.317,0,0,1,1
0.278,0.41,0.32,0,0,1,1
0.278,0.41,0.323,0,0,1,1
0.278,0.41,0.326,0,0,1,1
0.278,0.41,0.329,0,0,1,1
0.278,0.41,0.332,0,0,1,1
0.278,0.41,0.335,0,0,1,1
0.278,0.41,0.338,0,0,1,1
0.278,0.41,0.341,0,0,1,1
0.278,0.41,0.344,0,0,1,1
0.278,0.41,0.347,0,0,1,1
0.278,0.41,0.35,0,0,1,1
0.278,0.41,0.353,0,0,1,1
0.278,0.41,0.356,0,0,1,1
0.278,0.41,0.359,0,0,1,1
0.278,0.41,0.362,0,0,1,1
0.278,0.41,0.365,0,0,1,1
0.278,0.41,0.368,0,0,1,1
0.278,0.41,0.371,0,0,1,1
0.278,0.41,0.374,0,0,1,1
0.278,0.41,0.377,0,0,1,1
0.278,0.41,0.38,0,0,1,1
0.278,0.41,0.383,0,0,1,1
0.278,0.41,0.386,0,0,1,1
0.278,0.41,0.389,0,0,1,1
0.278,0.41,0.392,0,0,1,1
0.278,0.41,0.395,0,0,1,1
0.278,0.41,0.398,0,0,1,1
0.278,0.41,0.401,0,0,1,1
0.278,0.41,0.404,0,0,1,1
0.278,0.41,0.407,0,0,1,1
0.278,0.41,0.41,0,0,1,1
0.278,0.41,0.413,0,0,1,1
0.278,0.41,0.416,0,0,1,1
0.278,0.41,0.419,0,0,1,1
0.278,0.41,0.422,0,0,1,1
0.278,0.41,0.425,0,0,1,1
0.278,0.41,0.427999,0,0,1,1
0.278,0.41,0.430999,0,0,1,1
0.278,0.41,0.433999,0,0,1,1
0.278,0.41,0.436999,0,0,1,1
0.278,0.41,0.439999,0,0,1,1
0.281,0.41,0.26,0,0,1,1
0.281,0.41,0.263,0,0,1,1
0.281,0.41,0.266,0,0,1,1
0.281,0.41,0.269,0,0,1,1
0.281,0.41,0.272,0,0,1,1
0.281,0.41,0.275,0,0,1,1
0.281,0.41,0.278,0,0,1,1
0.281,0.41,0.281,0,0,1,1
0.281,0.41,0.284,0,0,1,1
0.281,0.41,0.287,0,0,1,1
0.281,0.41,0.29,0,0,1,1
0.281,0.41,0.293,0,0,1,1
0.281,0.41,0.296,0,0,1,1
0.281,0.41,0.299,0,0,1,1
0.281,0.41,0.302,0,0,1,1
0.281,0.41,0.305,0,0,1,1
0.281,0.41,0.308,0,0,1,1
0.281,0.41,0.311,0,0,1,1
0.281,0.41,0.314,0,0,1,1
0.281,0.41,0.317,0,0,1,1
0.281,0.41,0.32,0,0,1,1
0.281,0.41,0.323,0,0,1,1
0.281,0.41,0.326,0,0,1,1
0.281,0.41,0.329,0,0,1,1
0.281,0.41,0.332,0,0,1,1
0.281,0.41,0.335,0,0,1,1
0.281,0.41,0.338,0,0,1,1
0.281,0.41,0.341,0,0,1,1
0.281,0.41,0.344,0,0,1,1
0.281,0.41,0.347,0,0,1,1
0.281,0.41,0.35,0,0,1,1
0.281,0.41,0.353,0,0,1,1
0.281,0.41,0.356,0,0,1,1
0.281,0.41,0.359,0,0,1,1
0.281,0.41,0.362,0,0,1,1
0.281,0.41,0.365,0,0,1,1
0.281,0.41,0.368,0,0,1,1
0.281,0.41,0.371,0,0,1,1
0.281,0.41,0.374,0,0,1,1
0.281,0.41,0.377,0,0,1,1
0.281,0.41,0.38,0,0,1,1
0.281,0.41,0.383,0,0,1,1
0.281,0.41,0.386,0,0,1,1
0.281,0.41,0.389,0,0,1,1
0.281,0.41,0.392,0,0,1,1
0.281,0.41,0.395,0,0,1,1
0.281,0.41,0.398,0,0,1,1
0.281,0.41,0.401,0,0,1,1
0.281,0.41,0.404,0,0,1,1
0.281,0.41,0.407,0,0,1,1
0.281,0.41,0.41,0,0,1,1
0.281,0.41,0.413,0,0,1,1
0.281,0.41,0.416,0,0,1,1
0.281,0.41,0.419,0,0,1,1
0.281,0.41,0.422,0,0,1,1
0.281,0.41,0.425,0,0,1,1
0.281,0.41,0.427999,0,0,1,1
0.281,0.41,0.430999,0,0,1,1
0.281,0.41,0.433999,0,0,1,1
0.281,0.41,0.436999,0,0,1,1
0.281,0.41,0.439999,0,0,1,1
0.284,0.41,0.26,0,0,1,1
0.284,0.41,0.263,0,0,1,1
0.284,0.41,0.266,0,0,1,1
0.284,0.41,0.269,0,0,1,1
0.284,0.41,0.272,0,0,1,1
0.284,0.41,0.275,0,0,1,1
0.284,0.41,0.278,0,0,1,1
0.284,0.41,0.281,0,0,1,1
0.284,0.41,0.284,0,0,1,1
0.284,0.41,0.287,0,0,1,1
0.284,0.41,0.29,0,0,1,1
0.284,0.41,0.293,0,0,1,1
0.284,0.41,0.296,0,0,1,1
0.284,0.41,0.299,0,0,1,1
0.284,0.41,0.302,0,0,1,1
0.284,0.41,0.305,0,0,1,1
0.284,0.41,0.308,0,0,1,1
0.284,0.41,0.311,0,0,1,1
0.284,0.41,0.314,0,0,1,1
0.284,0.41,0.317,0,0,1,1
0.284,0.41,0.32,0,0,1,1
0.284,0.41,0.323,0,0,1,1
0.284,0.41,0.326,0,0,1,1
0.284,0.41,0.329,0,0,1,1
0.284,0.41,0.332,0,0,1,1
0.284,0.41,0.335,0,0,1,1
0.284,0.41,0.338,0,0,1,1
0.284,0.41,0.341,0,0,1,1
0.284,0.41,0.344,0,0,1,1
0.284,0.41,0.347,0,0,1,1
0.284,0.41,0.35,0,0,1,1
0.284,0.41,0.353,0,0,1,1
0.284,0.41,0.356,0,0,1,1
0.284,0.41,0.359,0,0,1,1
0.284,0.41,0.362,0,0,1,1
0.284,0.41,0.365,0,0,1,1
0.284,0.41,0.368,0,0,1,1
0.284,0.41,0.371,0,0,1,1
0.284,0.41,0.374,0,0,1,1
0.284,0.41,0.377,0,0,1,1
0.284,0.41,0.38,0,0,1,1
0.284,0.41,0.383,0,0,1,1
0.284,0.41,0.386,0,0,1,1
0.284,0.41,0.389,0,0,1,1
0.284,0.41,0.392,0,0,1,1
0.284,0.41,0.395,0,0,1,1
0.284,0.41,0.398,0,0,1,1
0.284,0.41,0.401,0,0,1,1
0.284,0.41,0.404,0,0,1,1
0.284,0.41,0.407,0,0,1,1
0.284,0.41,0.41,0,0,1,1
0.284,0.41,0.413,0,0,1,1
0.284,0.41,0.416,0,0,1,1
0.284,0.41,0.419,0,0,1,1
0.284,0.41,0.422,0,0,1,1
0.284,0.41,0.425,0,0,1,1
0.284,0.41,0.427999,0,0,1,1
0.284,0.41,0.430999,0,0,1,1
0.284,0.41,0.433999,0,0,1,1
0.284,0.41,0.436999,0,0,1,1
0.284,0.41,0.439999,0,0,1,1
0.287,0.41,0.26,0,0,1,1
0.287,0.41,0.263,0,0,1,1
0.287,0.41,0.266,0,0,1,1
0.287,0.41,0.269,0,0,1,1
0.287,0.41,0.272,0,0,1,1
0.287,0.41,0.275,0,0,1,1
0.287,0.41,0.278,0,0,1,1
0.287,0.41,0.281,0,0,1,1
0.287,0.41,0.284,0,0,1,1
0.287,0.41,0.287,0,0,1,1
0.287,0.41,0.29,0,0,1,1
0.287,0.41,0.293,0,0,1,1
0.287,0.41,0.296,0,0,1,1
0.287,0.41,0.299,0,0,1,1
0.287,0.41,0.302,0,0,1,1
0.287,0.41,0.305,0,0,1,1
0.287,0.41,0.308,0,0,1,1
0.287,0.41,0.311,0,0,1,1
0.287,0.41,0.314,0,0,1,1
0.287,0.41,0.317,0,0,1,1
0.287,0.41,0.32,0,0,1,1
0.287,0.41,0.323,0,0,1,1
0.287,0.41,0.326,0,0,1,1
0.287,0.41,0.329,0,0,1,1
0.287,0.41,0.332,0,0,1,1
0.287,0.41,0.335,0,0,1,1
0.287,0.41,0.338,0,0,1,1
0.287,0.41,0.341,0,0,1,1
0.287,0.41,0.344,0,0,1,1
0.287,0.41,0.347,0,0,1,1
0.287,0.41,0.35,0,0,1,1
0.287,0.41,0.353,0,0,1,1
0.287,0.41,0.356,0,0,1,1
0.287,0.41,0.359,0,0,1,1
0.287,0.41,0.362,0,0,1,1
0.287,0.41,0.365,0,0,1,1
0.287,0.41,0.368,0,0,1,1
0.287,0.41,0.371,0,0,1,1
0.287,0.41,0.374,0,0,1,1
0.287,0.41,0.377,0,0,1,1
0.287,0.41,0.38,0,0,1,1
0.287,0.41,0.383,0,0,1,1
0.287,0.41,0.386,0,0,1,1
0.287,0.41,0.389,0,0,1,1
0.287,0.41,0.392,0,0,1,1
0.287,0.41,0.395,0,0,1,1
0.287,0.41,0.398,0,0,1,1
0.287,0.41,0.401,0,0,1,1
0.287,0.41,0.404,0,0,1,1
0.287,0.41,0.407,0,0,1,1
0.287,0.41,0.41,0,0,1,1
0.287,0.41,0.413,0,0,1,1
0.287,0.41,0.416,0,0,1,1
0.287,0.41,0.419,0,0,1,1
0.287,0.41,0.422,0,0,1,1
0.287,0.41,0.425,0,0,1,1
0.287,0.41,0.427999,0,0,1,1
0.287,0.41,0.430999,0,0,1,1
0.287,0.41,0.433999,0,0,1,1
0.287,0.41,0.436999,0,0,1,1
0.287,0.41,0.439999,0,0,1,1
0.29,0.41,0.26,0,0,1,1
0.29,0.41,0.263,0,0,1,1
0.29,0.41,0.266,0,0,1,1
0.29,0.41,0.269,0,0,1,1
0.29,0.41,0.272,0,0,1,1
0.29,0.41,0.275,0,0,1,1
0.29,0.41,0.278,0,0,1,1
0.29,0.41,0.281,0,0,1,1
0.29,0.41,0.284,0,0,1,1
0.29,0.41,0.287,0,0,1,1
0.29,0.41,0.29,0,0,1,1
0.29,0.41,0.293,0,0,1,1
0.29,0.41,0.296,0,0,1,1
0.29,0.41,0.299,0,0,1,1
0.29,0.41,0.302,0,0,1,1
0.29,0.41,0.305,0,0,1,1
0.29,0.41,0.308,0,0,1,1
0.29,0.41,0.311,0,0,1,1
0.29,0.41,0.314,0,0,1,1
0.29,0.41,0.317,0,0,1,1
0.29,0.41,0.32,0,0,1,1
0.29,0.41,0.323,0,0,1,1
0.29,0.41,0.326,0,0,1,1
0.29,0.41,0.329,0,0,1,1
0.29,0.41,0.332,0,0,1,1
0.29,0.41,0.335,0,0,1,1
0.29,0.41,0.338,0,0,1,1
0.29,0.41,0.341,0,0,1,1
0.29,0.41,0.344,0,0,1,1
0.29,0.41,0.347,0,0,1,1
0.29,0.41,0.35,0,0,1,1
0.29,0.41,0.353,0,0,1,1
0.29,0.41,0.356,0,0,1,1
0.29,0.41,0.359,0,0,1,1
0.29,0.41,0.362,0,0,1,1
0.29,0.41,0.365,0,0,1,1
0.29,0.41,0.368,0,0,1,1
0.29,0.41,0.371,0,0,1,1
0.29,0.41,0.374,0,0,1,1
0.29,0.41,0.377,0,0,1,1
0.29,0.41,0.38,0,0,1,1
0.29,0.41,0.383,0,0,1,1
0.29,0.41,0.386,0,0,1,1
0.29,0.41,0.389,0,0,1,1
0.29,0.41,0.392,0,0,1,1
0.29,0.41,0.395,0,0,1,1
0.29,0.41,0.398,0,0,1,1
0.29,0.41,0.401,0,0,1,1
0.29,0.41,0.404,0,0,1,1
0.29,0.41,0.407,0,0,1,1
0.29,0.41,0.41,0,0,1,1
0.29,0.41,0.413,0,0,1,1
0.29,0.41,0.416,0,0,1,1
0.29,0.41,0.419,0,0,1,1
0.29,0.41,0.422,0,0,1,1
0.29,0.41,0.425,0,0,1,1
0.29,0.41,0.427999,0,0,1,1
0.29,0.41,0.430999,0,0,1,1
0.29,0.41,0.433999,0,0,1,1
0.29,0.41,0.436999,0,0,1,1
0.29,0.41,0.439999,0,0,1,1
0.293,0.41,0.26,0,0,1,1
0.293,0.41,0.263,0,0,1,1
0.293,0.41,0.266,0,0,1,1
0.293,0.41,0.269,0,0,1,1
0.293,0.41,0.272,0,0,1,1
0.293,0.41,0.275,0,0,1,1
0.293,0.41,0.278,0,0,1,1
0.293,0.41,0.281,0,0,1,1
0.293,0.41,0.284,0,0,1,1
0.293,0.41,0.287,0,0,1,1
0.293,0.41,0.29,0,0,1,1
0.293,0.41,0.293,0,0,1,1
0.293,0.41,0.296,0,0,1,1
0.293,0.41,0.299,0,0,1,1
0.293,0.41,0.302,0,0,1,1
0.293,0.41,0.305,0,0,1,1
0.293,0.41,0.308,0,0,1,1
0.293,0.41,0.311,0,0,1,1
0.293,0.41,0.314,0,0,1,1
0.293,0.41,0.317,0,0,1,1
0.293,0.41,0.32,0,0,1,1
0.293,0.41,0.323,0,0,1,1
0.293,0.41,0.326,0,0,1,1
0.293,0.41,0.329,0,0,1,1
0.293,0.41,0.332,0,0,1,1
0.293,0.41,0.335,0,0,1,1
0.293,0.41,0.338,0,0,1,1
0.293,0.41,0.341,0,0,1,1
0.293,0.41,0.344,0,0,1,1
0.293,0.41,0.347,0,0,1,1
0.293,0.41,0.35,0,0,1,1
0.293,0.41,0.353,0,0,1,1
0.293,0.41,0.356,0,0,1,1
0.293,0.41,0.359,0,0,1,1
0.293,0.41,0.362,0,0,1,1
0.293,0.41,0.365,0,0,1,1
0.293,0.41,0.368,0,0,1,1
0.293,0.41,0.371,0,0,1,1
0.293,0.41,0.374,0,0,1,1
0.293,0.41,0.377,0,0,1,1
0.293,0.41,0.38,0,0,1,1
0.293,0.41,0.383,0,0,1,1
0.293,0.41,0.386,0,0,1,1
0.293,0.41,0.389,0,0,1,1
0.293,0.41,0.392,0,0,1,1
0.293,0.41,0.395,0,0,1,1
0.293,0.41,0.398,0,0,1,1
0.293,0.41,0.401,0,0,1,1
0.293,0.41,0.404,0,0,1,1
0.293,0.41,0.407,0,0,1,1
0.293,0.41,0.41,0,0,1,1
0.293,0.41,0.413,0,0,1,1
0.293,0.41,0.416,0,0,1,1
0.293,0.41,0.419,0,0,1,1
0.293,0.41,0.422,0,0,1,1
0.293,0.41,0.425,0,0,1,1
0.293,0.41,0.427999,0,0,1,1
0.293,0.41,0.430999,0,0,1,1
0.293,0.41,0.433999,0,0,1,1
0.293,0.41,0.436999,0,0,1,1
0.293,0.41,0.439999,0,0,1,1
0.296,0.41,0.26,0,0,1,1
0.296,0.41,0.263,0,0,1,1
0.296,0.41,0.266,0,0,1,1
0.296,0.41,0.269,0,0,1,1
0.296,0.41,0.272,0,0,1,1
0.296,0.41,0.275,0,0,1,1
0.296,0.41,0.278,0,0,1,1
0.296,0.41,0.281,0,0,1,1
0.296,0.41,0.284,0,0,1,1
0.296,0.41,0.287,0,0,1,1
0.296,0.41,0.29,0,0,1,1
0.296,0.41,0.293,0,0,1,1
0.296,0.41,0.296,0,0,1,1
0.296,0.41,0.299,0,0,1,1
0.296,0.41,0.302,0,0,1,1
0.296,0.41,0.305,0,0,1,1
0.296,0.41,0.308,0,0,1,1
0.296,0.41,0.311,0,0,1,1
0.296,0.41,0.314,0,0,1,1
0.296,0.41,0.317,0,0,1,1
0.296,0.41,0.32,0,0,1,1
0.296,0.41,0.323,0,0,1,1
0.296,0.41,0.326,0,0,1,1
0.296,0.41,0.329,0,0,1,1
0.296,0.41,0.332,0,0,1,1
0.296,0.41,0.335,0,0,1,1
0.296,0.41,0.338,0,0,1,1
0.296,0.41,0.341,0,0,1,1
0.296,0.41,0.344,0,0,1,1
0.296,0.41,0.347,0,0,1,1
0.296,0.41,0.35,0,0,1,1
0.296,0.41,0.353,0,0,1,1
0.296,0.41,0.356,0,0,1,1
0.296,0.41,0.359,0,0,1,1
0.296,0.41,0.362,0,0,1,1
0.296,0.41,0.365,0,0,1,1
0.296,0.41,0.368,0,0,1,1
0.296,0.41,0.371,0,0,1,1
0.296,0.41,0.374,0,0,1,1
0.296,0.41,0.377,0,0,1,1
0.296,0.41,0.38,0,0,1,1
0.296,0.41,0.383,0,0,1,1
0.296,0.41,0.386,0,0,1,1
0.296,0.41,0.389,0,0,1,1
0.296,0.41,0.392,0,0,1,1
0.296,0.41,0.395,0,0,1,1
0.296,0.41,0.398,0,0,1,1
0.296,0.41,0.401,0,0,1,1
0.296,0.41,0.404,0,0,1,1
0.296,0.41,0.407,0,0,1,1
0.296,0.41,0.41,0,0,1,1
0.296,0.41,0.413,0,0,1,1
0.296,0.41,0.416,0,0,1,1
0.296,0.41,0.419,0,0,1,1
0.296,0.41,0.422,0,0,1,1
0.296,0.41,0.425,0,0,1,1
0.296,0.41,0.427999,0,0,1,1
0.296,0.41,0.430999,0,0,1,1
0.296,0.41,0.433999,0,0,1,1
0.296,0.41,0.436999,0,0,1,1
0.296,0.41,0.439999,0,0,1,1
0.299,0.41,0.26,0,0,1,1
0.299,0.41,0.263,0,0,1,1
0.299,0.41,0.266,0,0,1,1
0.299,0.41,0.269,0,0,1,1
0.299,0.41,0.272,0,0,1,1
0.299,0.41,0.275,0,0,1,1
0.299,0.41,0.278,0,0,1,1
0.299,0.41,0.281,0,0,1,1
0.299,0.41,0.284,0,0,1,1
0.299,0.41,0.287,0,0,1,1
0.299,0.41,0.29,0,0,1,1
0.299,0.41,0.293,0,0,1,1
0.299,0.41,0.296,0,0,1,1
0.299,0.41,0.299,0,0,1,1
0.299,0.41,0.302,0,0,1,1
0.299,0.41,0.305,0,0,1,1
0.299,0.41,0.308,0,0,1,1
0.299,0.41,0.311,0,0,1,1
0.299,0.41,0.314,0,0,1,1
0.299,0.41,0.317,0,0,1,1
0.299,0.41,0.32,0,0,1,1
0.299,0.41,0.323,0,0,1,1
0.299,0.41,0.326,0,0,1,1
0.299,0.41,0.329,0,0,1,1
0.299,0.41,0.332,0,0,1,1
0.299,0.41,0.335,0,0,1,1
0.299,0.41,0.338,0,0,1,1
0.299,0.41,0.341,0,0,1,1
0.299,0.41,0.344,0,0,1,1
0.299,0.41,0.347,0,0,1,1
0.299,0.41,0.35,0,0,1,1
0.299,0.41,0.353,0,0,1,1
0.299,0.41,0.356,0,0,1,1
0.299,0.41,0.359,0,0,1,1
0.299,0.41,0.362,0,0,1,1
0.299,0.41,0.365,0,0,1,1
0.299,0.41,0.368,0,0,1,1
0.299,0.41,0.371,0,0,1,1
0.299,0.41,0.374,0,0,1,1
0.299,0.41,0.377,0,0,1,1
0.299,0.41,0.38,0,0,1,1
0.299,0.41,0.383,0,0,1,1
0.299,0.41,0.386,0,0,1,1
0.299,0.41,0.389,0,0,1,1
0.299,0.41,0.392,0,0,1,1
0.299,0.41,0.395,0,0,1,1
0.299,0.41,0.398,0,0,1,1
0.299,0.41,0.401,0,0,1,1
0.299,0.41,0.404,0,0,1,1
0.299,0.41,0.407,0,0,1,1
0.299,0.41,0.41,0,0,1,1
0.299,0.41,0.413,0,0,1,1
0.299,0.41,0.416,0,0,1,1
0.299,0.41,0.419,0,0,1,1
0.299,0.41,0.422,0,0,1,1
0.299,0.41,0.425,0,0,1,1
0.299,0.41,0.427999,0,0,1,1
0.299,0.41,0.430999,0,0,1,1
0.299,0.41,0.433999,0,0,1,1
0.299,0.41,0.436999,0,0,1,1
0.299,0.41,0.439999,0,0,1,1
0.302,0.41,0.26,0,0,1,1
0.302,0.41,0.263,0,0,1,1
0.302,0.41,0.266,0,0,1,1
0.302,0.41,0.269,0,0,1,1
0.302,0.41,0.272,0,0,1,1
0.302,0.41,0.275,0,0,1,1
0.302,0.41,0.278,0,0,1,1
0.302,0.41,0.281,0,0,1,1
0.302,0.41,0.284,0,0,1,1
0.302,0.41,0.287,0,0,1,1
0.302,0.41,0.29,0,0,1,1
0.302,0.41,0.293,0,0,1,1
0.302,0.41,0.296,0,0,1,1
0.302,0.41,0.299,0,0,1,1
0.302,0.41,0.302,0,0,1,1
0.302,0.41,0.305,0,0,1,1
0.302,0.41,0.308,0,0,1,1
0.302,0.41,0.311,0,0,1,1
0.302,0.41,0.314,0,0,1,1
0.302,0.41,0.317,0,0,1,1
0.302,0.41,0.32,0,0,1,1
0.302,0.41,0.323,0,0,1,1
0.302,0.41,0.326,0,0,1,1
0.302,0.41,0.329,0,0,1,1
0.302,0.41,0.332,0,0,1,1
0.302,0.41,0.335,0,0,1,1
0.302,0.41,0.338,0,0,1,1
0.302,0.41,0.341,0,0,1,1
0.302,0.41,0.344,0,0,1,1
0.302,0.41,0.347,0,0,1,1
0.302,0.41,0.35,0,0,1,1
0.302,0.41,0.353,0,0,1,1
0.302,0.41,0.356,0,0,1,1
0.302,0.41,0.359,0,0,1,1
0.302,0.41,0.362,0,0,1,1
0.302,0.41,0.365,0,0,1,1
0.302,0.41,0.368,0,0,1,1
0.302,0.41,0.371,0,0,1,1
0.302,0.41,0.374,0,0,1,1
0.302,0.41,0.377,0,0,1,1
0.302,0.41,0.38,0,0,1,1
0.302,0.41,0.383,0,0,1,1
0.302,0.41,0.386,0,0,1,1
0.302,0.41,0.389,0,0,1,1
0.302,0.41,0.392,0,0,1,1
0.302,0.41,0.395,0,0,1,1
0.302,0.41,0.398,0,0,1,1
0.302,0.41,0.401,0,0,1,1
0.302,0.41,0.404,0,0,1,1
0.302,0.41,0.407,0,0,1,1
0.302,0.41,0.41,0,0,1,1
0.302,0.41,0.413,0,0,1,1
0.302,0.41,0.416,0,0,1,1
0.302,0.41,0.419,0,0,1,1
0.302,0.41,0.422,0,0,1,1
0.302,0.41,0.425,0,0,1,1
0.302,0.41,0.427999,0,0,1,1
0.302,0.41,0.430999,0,0,1,1
0.302,0.41,0.433999,0,0,1,1
0.302,0.41,0.436999,0,0,1,1
0.302,0.41,0.439999,0,0,1,1
0.305,0.41,0.26,0,0,1,1
0.305,0.41,0.263,0,0,1,1
0.305,0.41,0.266,0,0,1,1
0.305,0.41,0.269,0,0,1,1
0.305,0.41,0.272,0,0,1,1
0.305,0.41,0.275,0,0,1,1
0.305,0.41,0.278,0,0,1,1
0.305,0.41,0.281,0,0,1,1
0.305,0.41,0.284,0,0,1,1
0.305,0.41,0.287,0,0,1,1
0.305,0.41,0.29,0,0,1,1
0.305,0.41,0.293,0,0,1,1
0.305,0.41,0.296,0,0,1,1
0.305,0.41,0.299,0,0,1,1
0.305,0.41,0.302,0,0,1,1
0.305,0.41,0.305,0,0,1,1
0.305,0.41,0.308,0,0,1,1
0.305,0.41,0.311,0,0,1,1
0.305,0.41,0.314,0,0,1,1
0.305,0.41,0.317,0,0,1,1
0.305,0.41,0.32,0,0,1,1
0.305,0.41,0.323,0,0,1,1
0.305,0.41,0.326,0,0,1,1
0.305,0.41,0.329,0,0,1,1
0.305,0.41,0.332,0,0,1,1
0.305,0.41,0.335,0,0,1,1
0.305,0.41,0.338,0,0,1,1
0.305,0.41,0.341,0,0,1,1
0.305,0.41,0.344,0,0,1,1
0.305,0.41,0.347,0,0,1,1
0.305,0.41,0.35,0,0,1,1
0.305,0.41,0.353,0,0,1,1
0.305,0.41,0.356,0,0,1,1
0.305,0.41,0.359,0,0,1,1
0.305,0.41,0.362,0,0,1,1
0.305,0.41,0.365,0,0,1,1
0.305,0.41,0.368,0,0,1,1
0.305,0.41,0.371,0,0,1,1
0.305,0.41,0.374,0,0,1,1
0.305,0.41,0.377,0,0,1,1
0.305,0.41,0.38,0,0,1,1
0.305,0.41,0.383,0,0,1,1
0.305,0.41,0.386,0,0,1,1
0.305,0.41,0.389,0,0,1,1
0.305,0.41,0.392,0,0,1,1
0.305,0.41,0.395,0,0,1,1
0.305,0.41,0.398,0,0,1,1
0.305,0.41,0.401,0,0,1,1
0.305,0.41,0.404,0,0,1,1
0.305,0.41,0.407,0,0,1,1
0.305,0.41,0.41,0,0,1,1
0.305,0.41,0.413,0,0,1,1
0.305,0.41,0.416,0,0,1,1
0.305,0.41,0.419,0,0,1,1
0.305,0.41,0.422,0,0,1,1
0.305,0.41,0.425,0,0,1,1
0.305,0.41,0.427999,0,0,1,1
0.305,0.41,0.430999,0,0,1,1
0.305,0.41,0.433999,0,0,1,1
0.305,0.41,0.436999,0,0,1,1
0.305,0.41,0.439999,0,0,1,1
0.308,0.41,0.26,0,0,1,1
0.308,0.41,0.263,0,0,1,1
0.308,0.41,0.266,0,0,1,1
0.308,0.41,0.269,0,0,1,1
0.308,0.41,0.272,0,0,1,1
0.308,0.41,0.275,0,0,1,1
0.308,0.41,0.278,0,0,1,1
0.308,0.41,0.281,0,0,1,1
0.308,0.41,0.284,0,0,1,1
0.308,0.41,0.287,0,0,1,1
0.308,0.41,0.29,0,0,1,1
0.308,0.41,0.293,0,0,1,1
0.308,0.41,0.296,0,0,1,1
0.308,0.41,0.299,0,0,1,1
0.308,0.41,0.302,0,0,1,1
0.308,0.41,0.305,0,0,1,1
0.308,0.41,0.308,0,0,1,1
0.308,0.41,0.311,0,0,1,1
0.308,0.41,0.314,0,0,1,1
0.308,0.41,0.317,0,0,1,1
0.308,0.41,0.32,0,0,1,1
0.308,0.41,0.323,0,0,1,1
0.308,0.41,0.326,0,0,1,1
0.308,0.41,0.329,0,0,1,1
0.308,0.41,0.332,0,0,1,1
0.308,0.41,0.335,0,0,1,1
0.308,0.41,0.338,0,0,1,1
0.308,0.41,0.341,0,0,1,1
0.308,0.41,0.344,0,0,1,1
0.308,0.41,0.347,0,0,1,1
0.308,0.41,0.35,0,0,1,1
0.308,0.41,0.353,0,0,1,1
0.308,0.41,0.356,0,0,1,1
0.308,0.41,0.359,0,0,1,1
0.308,0.41,0.362,0,0,1,1
0.308,0.41,0.365,0,0,1,1
0.308,0.41,0.368,0,0,1,1
0.308,0.41,0.371,0,0,1,1
0.308,0.41,0.374,0,0,1,1
0.308,0.41,0.377,0,0,1,1
0.308,0.41,0.38,0,0,1,1
0.308,0.41,0.383,0,0,1,1
0.308,0.41,0.386,0,0,1,1
0.308,0.41,0.389,0,0,1,1
0.308,0.41,0.392,0,0,1,1
0.308,0.41,0.395,0,0,1,1
0.308,0.41,0.398,0,0,1,1
0.308,0.41,0.401,0,0,1,1
0.308,0.41,0.404,0,0,1,1
0.308,0.41,0.407,0,0,1,1
0.308,0.41,0.41,0,0,1,1
0.308,0.41,0.413,0,0,1,1
0.308,0.41,0.416,0,0,1,1
0.308,0.41,0.419,0,0,1,1
0.308,0.41,0.422,0,0,1,1
0.308,0.41,0.425,0,0,1,1
0.308,0.41,0.427999,0,0,1,1
0.308,0.41,0.430999,0,0,1,1
0.308,0.41,0.433999,0,0,1,1
0.308,0.41,0.436999,0,0,1,1
0.308,0.41,0.439999,0,0,1,1
0.311,0.41,0.26,0,0,1,1
0.311,0.41,0.263,0,0,1,1
0.311,0.41,0.266,0,0,1,1
0.311,0.41,0.269,0,0,1,1
0.311,0.41,0.272,0,0,1,1
0.311,0.41,0.275,0,0,1,1
0.311,0.41,0.278,0,0,1,1
0.311,0.41,0.281,0,0,1,1
0.311,0.41,0.284,0,0,1,1
0.311,0.41,0.287,0,0,1,1
0.311,0.41,0.29,0,0,1,1
0.311,0.41,0.293,0,0,1,1
0.311,0.41,0.296,0,0,1,1
0.311,0.41,0.299,0,0,1,1
0.311,0.41,0.302,0,0,1,1
0.311,0.41,0.305,0,0,1,1
0.311,0.41,0.308,0,0,1,1
0.311,0.41,0.311,0,0,1,1
0.311,0.41,0.314,0,0,1,1
0.311,0.41,0.317,0,0,1,1
0.311,0.41,0.32,0,0,1,1
0.311,0.41,0.323,0,0,1,1
0.311,0.41,0.326,0,0,1,1
0.311,0.41,0.329,0,0,1,1
0.311,0.41,0.332,0,0,1,1
0.311,0.41,0.335,0,0,1,1
0.311,0.41,0.338,0,0,1,1
0.311,0.41,0.341,0,0,1,1
0.311,0.41,0.344,0,0,1,1
0.311,0.41,0.347,0,0,1,1
0.311,0.41,0.35,0,0,1,1
0.311,0.41,0.353,0,0,1,1
0.311,0.41,0.356,0,0,1,1
0.311,0.41,0.359,0,0,1,1
0.311,0.41,0.362,0,0,1,1
0.311,0.41,0.365,0,0,1,1
0.311,0.41,0.368,0,0,1,1
0.311,0.41,0.371,0,0,1,1
0.311,0.41,0.374,0,0,1,1
0.311,0.41,0.377,0,0,1,1
0.311,0.41,0.38,0,0,1,1
0.311,0.41,0.383,0,0,1,1
0.311,0.41,0.386,0,0,1,1
0.311,0.41,0.389,0,0,1,1
0.311,0.41,0.392,0,0,1,1
0.311,0.41,0.395,0,0,1,1
0.311,0.41,0.398,0,0,1,1
0.311,0.41,0.401,0,0,1,1
0.311,0.41,0.404,0,0,1,1
0.311,0.41,0.407,0,0,1,1
0.311,0.41,0.41,0,0,1,1
0.311,0.41,0.413,0,0,1,1
0.311,0.41,0.416,0,0,1,1
0.311,0.41,0.419,0,0,1,1
0.311,0.41,0.422,0,0,1,1
0.311,0.41,0.425,0,0,1,1
0.311,0.41,0.427999,0,0,1,1
0.311,0.41,0.430999,0,0,1,1
0.311,0.41,0.433999,0,0,1,1
0.311,0.41,0.436999,0,0,1,1
0.311,0.41,0.439999,0,0,1,1
0.314,0.41,0.26,0,0,1,1
0.314,0.41,0.263,0,0,1,1
0.314,0.41,0.266,0,0,1,1
0.314,0.41,0.269,0,0,1,1
0.314,0.41,0.272,0,0,1,1
0.314,0.41,0.275,0,0,1,1
0.314,0.41,0.278,0,0,1,1
0.314,0.41,0.281,0,0,1,1
0.314,0.41,0.284,0,0,1,1
0.314,0.41,0.287,0,0,1,1
0.314,0.41,0.29,0,0,1,1
0.314,0.41,0.293,0,0,1,1
0.314,0.41,0.296,0,0,1,1
0.314,0.41,0.299,0,0,1,1
0.314,0.41,0.302,0,0,1,1
0.314,0.41,0.305,0,0,1,1
0.314,0.41,0.308,0,0,1,1
0.314,0.41,0.311,0,0,1,1
0.314,0.41,0.314,0,0,1,1
0.314,0.41,0.317,0,0,1,1
0.314,0.41,0.32,0,0,1,1
0.314,0.41,0.323,0,0,1,1
0.314,0.41,0.326,0,0,1,1
0.314,0.41,0.329,0,0,1,1
0.314,0.41,0.332,0,0,1,1
0.314,0.41,0.335,0,0,1,1
0.314,0.41,0.338,0,0,1,1
0.314,0.41,0.341,0,0,1,1
0.314,0.41,0.344,0,0,1,1
0.314,0.41,0.347,0,0,1,1
0.314,0.41,0.35,0,0,1,1
0.314,0.41,0.353,0,0,1,1
0.314,0.41,0.356,0,0,1,1
0.314,0.41,0.359,0,0,1,1
0.314,0.41,0.362,0,0,1,1
0.314,0.41,0.365,0,0,1,1
0.314,0.41,0.368,0,0,1,1
0.314,0.41,0.371,0,0,1,1
0.314,0.41,0.374,0,0,1,1
0.314,0.41,0.377,0,0,1,1
0.314,0.41,0.38,0,0,1,1
0.314,0.41,0.383,0,0,1,1
0.314,0.41,0.386,0,0,1,1
0.314,0.41,0.389,0,0,1,1
0.314,0.41,0.392,0,0,1,1
0.314,0.41,0.395,0,0,1,1
0.314,0.41,0.398,0,0,1,1
0.314,0.41,0.401,0,0,1,1
0.314,0.41,0.404,0,0,1,1
0.314,0.41,0.407,0,0,1,1
0.314,0.41,0.41,0,0,1,1
0.314,0.41,0.413,0,0,1,1
0.314,0.41,0.416,0,0,1,1
0.314,0.41,0.419,0,0,1,1
0.314,0.41,0.422,0,0,1,1
0.314,0.41,0.425,0,0,1,1
0.314,0.41,0.427999,0,0,1,1
0.314,0.41,0.430999,0,0,1,1
0.314,0.41,0.433999,0,0,1,1
0.314,0.41,0.436999,0,0,1,1
0.314,0.41,0.439999,0,0,1,1
0.317,0.41,0.26,0,0,1,1
0.317,0.41,0.263,0,0,1,1
0.317,0.41,0.266,0,0,1,1
0.317,0.41,0.269,0,0,1,1
0.317,0.41,0.272,0,0,1,1
0.317,0.41,0.275,0,0,1,1
0.317,0.41,0.278,0,0,1,1
0.317,0.41,0.281,0,0,1,1
0.317,0.41,0.284,0,0,1,1
0.317,0.41,0.287,0,0,1,1
0.317,0.41,0.29,0,0,1,1
0.317,0.41,0.293,0,0,1,1
0.317,0.41,0.296,0,0,1,1
0.317,0.41,0.299,0,0,1,1
0.317,0.41,0.302,0,0,1,1
0.317,0.41,0.305,0,0,1,1
0.317,0.41,0.308,0,0,1,1
0.317,0.41,0.311,0,0,1,1
0.317,0.41,0.314,0,0,1,1
0.317,0.41,0.317,0,0,1,1
0.317,0.41,0.32,0,0,1,1
0.317,0.41,0.323,0,0,1,1
0.317,0.41,0.326,0,0,1,1
0.317,0.41,0.329,0,0,1,1
0.317,0.41,0.332,0,0,1,1
0.317,0.41,0.335,0,0,1,1
0.317,0.41,0.338,0,0,1,1
0.317,0.41,0.341,0,0,1,1
0.317,0.41,0.344,0,0,1,1
0.317,0.41,0.347,0,0,1,1
0.317,0.41,0.35,0,0,1,1
0.317,0.41,0.353,0,0,1,1
0.317,0.41,0.356,0,0,1,1
0.317,0.41,0.359,0,0,1,1
0.317,0.41,0.362,0,0,1,1
0.317,0.41,0.365,0,0,1,1
0.317,0.41,0.368,0,0,1,1
0.317,0.41,0.371,0,0,1,1
0.317,0.41,0.374,0,0,1,1
0.317,0.41,0.377,0,0,1,1
0.317,0.41,0.38,0,0,1,1
0.317,0.41,0.383,0,0,1,1
0.317,0.41,0.386,0,0,1,1
0.317,0.41,0.389,0,0,1,1
0.317,0.41,0.392,0,0,1,1
0.317,0.41,0.395,0,0,1,1
0.317,0.41,0.398,0,0,1,1
0.317,0.41,0.401,0,0,1,1
0.317,0.41,0.404,0,0,1,1
0.317,0.41,0.407,0,0,1,1
0.317,0.41,0.41,0,0,1,1
0.317,0.41,0.413,0,0,1,1
0.317,0.41,0.416,0,0,1,1
0.317,0.41,0.419,0,0,1,1
0.317,0.41,0.422,0,0,1,1
0.317,0.41,0.425,0,0,1,1
0.317,0.41,0.427999,0,0,1,1
0.317,0.41,0.430999,0,0,1,1
0.317,0.41,0.433999,0,0,1,1
0.317,0.41,0.436999,0,0,1,1
0.317,0.41,0.439999,0,0,1,1
0.32,0.41,0.26,0,0,1,1
0.32,0.41,0.263,0,0,1,1
0.32,0.41,0.266,0,0,1,1
0.32,0.41,0.269,0,0,1,1
0.32,0.41,0.272,0,0,1,1
0.32,0.41,0.275,0,0,1,1
0.32,0.41,0.278,0,0,1,1
0.32,0.41,0.281,0,0,1,1
0.32,0.41,0.284,0,0,1,1
0.32,0.41,0.287,0,0,1,1
0.32,0.41,0.29,0,0,1,1
0.32,0.41,0.293,0,0,1,1
0.32,0.41,0.296,0,0,1,1
0.32,0.41,0.299,0,0,1,1
0.32,0.41,0.302,0,0,1,1
0.32,0.41,0.305,0,0,1,1
0.32,0.41,0.308,0,0,1,1
0.32,0.41,0.311,0,0,1,1
0.32,0.41,0.314,0,0,1,1
0.32,0.41,0.317,0,0,1,1
0.32,0.41,0.32,0,0,1,1
0.32,0.41,0.323,0,0,1,1
0.32,0.41,0.326,0,0,1,1
0.32,0.41,0.329,0,0,1,1
0.32,0.41,0.332,0,0,1,1
0.32,0.41,0.335,0,0,1,1
0.32,0.41,0.338,0,0,1,1
0.32,0.41,0.341,0,0,1,1
0.32,0.41,0.344,0,0,1,1
0.32,0.41,0.347,0,0,1,1
0.32,0.41,0.35,0,0,1,1
0.32,0.41,0.353,0,0,1,1
0.32,0.41,0.356,0,0,1,1
0.32,0.41,0.359,0,0,1,1
0.32,0.41,0.362,0,0,1,1
0.32,0.41,0.365,0,0,1,1
0.32,0.41,0.368,0,0,1,1
0.32,0.41,0.371,0,0,1,1
0.32,0.41,0.374,0,0,1,1
0.32,0.41,0.377,0,0,1,1
0.32,0.41,0.38,0,0,1,1
0.32,0.41,0.383,0,0,1,1
0.32,0.41,0.386,0,0,1,1
0.32,0.41,0.389,0,0,1,1
0.32,0.41,0.392,0,0,1,1
0.32,0.41,0.395,0,0,1,1
0.32,0.41,0.398,0,0,1,1
0.32,0.41,0.401,0,0,1,1
0.32,0.41,0.404,0,0,1,1
0.32,0.41,0.407,0,0,1,1
0.32,0.41,0.41,0,0,1,1
0.32,0.41,0.413,0,0,1,1
0.32,0.41,0.416,0,0,1,1
0.32,0.41,0.419,0,0,1,1
0.32,0.41,0.422,0,0,1,1
0.32,0.41,0.425,0,0,1,1
0.32,0.41,0.427999,0,0,1,1
0.32,0.41,0.430999,0,0,1,1
0.32,0.41,0.433999,0,0,1,1
0.32,0.41,0.436999,0,0,1,1
0.32,0.41,0.439999,0,0,1,1
0.323,0.41,0.26,0,0,1,1
0.323,0.41,0.263,0,0,1,1
0.323,0.41,0.266,0,0,1,1
0.323,0.41,0.269,0,0,1,1
0.323,0.41,0.272,0,0,1,1
0.323,0.41,0.275,0,0,1,1
0.323,0.41,0.278,0,0,1,1
0.323,0.41,0.281,0,0,1,1
0.323,0.41,0.284,0,0,1,1
0.323,0.41,0.287,0,0,1,1
0.323,0.41,0.29,0,0,1,1
0.323,0.41,0.293,0,0,1,1
0.323,0.41,0.296,0,0,1,1
0.323,0.41,0.299,0,0,1,1
0.323,0.41,0.302,0,0,1,1
0.323,0.41,0.305,0,0,1,1
0.323,0.41,0.308,0,0,1,1
0.323,0.41,0.311,0,0,1,1
0.323,0.41,0.314,0,0,1,1
0.323,0.41,0.317,0,0,1,1
0.323,0.41,0.32,0,0,1,1
0.323,0.41,0.323,0,0,1,1
0.323,0.41,0.326,0,0,1,1
0.323,0.41,0.329,0,0,1,1
0.323,0.41,0.332,0,0,1,1
0.323,0.41,0.335,0,0,1,1
0.323,0.41,0.338,0,0,1,1
0.323,0.41,0.341,0,0,1,1
0.323,0.41,0.344,0,0,1,1
0.323,0.41,0.347,0,0,1,1
0.323,0.41,0.35,0,0,1,1
0.323,0.41,0.353,0,0,1,1
0.323,0.41,0.356,0,0,1,1
0.323,0.41,0.359,0,0,1,1
0.323,0.41,0.362,0,0,1,1
0.323,0.41,0.365,0,0,1,1
0.323,0.41,0.368,0,0,1,1
0.323,0.41,0.371,0,0,1,1
0.323,0.41,0.374,0,0,1,1
0.323,0.41,0.377,0,0,1,1
0.323,0.41,0.38,0,0,1,1
0.323,0.41,0.383,0,0,1,1
0.323,0.41,0.386,0,0,1,1
0.323,0.41,0.389,0,0,1,1
0.323,0.41,0.392,0,0,1,1
0.323,0.41,0.395,0,0,1,1
0.323,0.41,0.398,0,0,1,1
0.323,0.41,0.401,0,0,1,1
0.323,0.41,0.404,0,0,1,1
0.323,0.41,0.407,0,0,1,1
0.323,0.41,0.41,0,0,1,1
0.323,0.41,0.413,0,0,1,1
0.323,0.41,0.416,0,0,1,1
0.323,0.41,0.419,0,0,1,1
0.323,0.41,0.422,0,0,1,1
0.323,0.41,0.425,0,0,1,1
0.323,0.41,0.427999,0,0,1,1
0.323,0.41,0.430999,0,0,1,1
0.323,0.41,0.433999,0,0,1,1
0.323,0.41,0.436999,0,0,1,1
0.323,0.41,0.439999,0,0,1,1
0.326,0.41,0.26,0,0,1,1
0.326,0.41,0.263,0,0,1,1
0.326,0.41,0.266,0,0,1,1
0.326,0.41,0.269,0,0,1,1
0.326,0.41,0.272,0,0,1,1
0.326,0.41,0.275,0,0,1,1
0.326,0.41,0.278,0,0,1,1
0.326,0.41,0.281,0,0,1,1
0.326,0.41,0.284,0,0,1,1
0.326,0.41,0.287,0,0,1,1
0.326,0.41,0.29,0,0,1,1
0.326,0.41,0.293,0,0,1,1
0.326,0.41,0.296,0,0,1,1
0.326,0.41,0.299,0,0,1,1
0.326,0.41,0.302,0,0,1,1
0.326,0.41,0.305,0,0,1,1
0.326,0.41,0.308,0,0,1,1
0.326,0.41,0.311,0,0,1,1
0.326,0.41,0.314,0,0,1,1
0.326,0.41,0.317,0,0,1,1
0.326,0.41,0.32,0,0,1,1
0.326,0.41,0.323,0,0,1,1
0.326,0.41,0.326,0,0,1,1
0.326,0.41,0.329,0,0,1,1
0.326,0.41,0.332,0,0,1,1
0.326,0.41,0.335,0,0,1,1
0.326,0.41,0.338,0,0,1,1
0.326,0.41,0.341,0,0,1,1
0.326,0.41,0.344,0,0,1,1
0.326,0.41,0.347,0,0,1,1
0.326,0.41,0.35,0,0,1,1
0.326,0.41,0.353,0,0,1,1
0.326,0.41,0.356,0,0,1,1
0.326,0.41,0.359,0,0,1,1
0.326,0.41,0.362,0,0,1,1
0.326,0.41,0.365,0,0,1,1
0.326,0.41,0.368,0,0,1,1
0.326,0.41,0.371,0,0,1,1
0.326,0.41,0.374,0,0,1,1
0.326,0.41,0.377,0,0,1,1
0.326,0.41,0.38,0,0,1,1
0.326,0.41,0.383,0,0,1,1
0.326,0.41,0.386,0,0,1,1
0.326,0.41,0.389,0,0,1,1
0.326,0.41,0.392,0,0,1,1
0.326,0.41,0.395,0,0,1,1
0.326,0.41,0.398,0,0,1,1
0.326,0.41,0.401,0,0,1,1
0.326,0.41,0.404,0,0,1,1
0.326,0.41,0.407,0,0,1,1
0.326,0.41,0.41,0,0,1,1
0.326,0.41,0.413,0,0,1,1
0.326,0.41,0.416,0,0,1,1
0.326,0.41,0.419,0,0,1,1
0.326,0.41,0.422,0,0,1,1
0.326,0.41,0.425,0,0,1,1
0.326,0.41,0.427999,0,0,1,1
0.326,0.41,0.430999,0,0,1,1
0.326,0.41,0.433999,0,0,1,1
0.326,0.41,0.436999,0,0,1,1
0.326,0.41,0.439999,0,0,1,1
0.329,0.41,0.26,0,0,1,1
0.329,0.41,0.263,0,0,1,1
0.329,0.41,0.266,0,0,1,1
0.329,0.41,0.269,0,0,1,1
0.329,0.41,0.272,0,0,1,1
0.329,0.41,0.275,0,0,1,1
0.329,0.41,0.278,0,0,1,1
0.329,0.41,0.281,0,0,1,1
0.329,0.41,0.284,0,0,1,1
0.329,0.41,0.287,0,0,1,1
0.329,0.41,0.29,0,0,1,1
0.329,0.41,0.293,0,0,1,1
0.329,0.41,0.296,0,0,1,1
0.329,0.41,0.299,0,0,1,1
0.329,0.41,0.302,0,0,1,1
0.329,0.41,0.305,0,0,1,1
0.329,0.41,0.308,0,0,1,1
0.329,0.41,0.311,0,0,1,1
0.329,0.41,0.314,0,0,1,1
0.329,0.41,0.317,0,0,1,1
0.329,0.41,0.32,0,0,1,1
0.329,0.41,0.323,0,0,1,1
0.329,0.41,0.326,0,0,1,1
0.329,0.41,0.329,0,0,1,1
0.329,0.41,0.332,0,0,1,1
0.329,0.41,0.335,0,0,1,1
0.329,0.41,0.338,0,0,1,1
0.329,0.41,0.341,0,0,1,1
0.329,0.41,0.344,0,0,1,1
0.329,0.41,0.347,0,0,1,1
0.329,0.41,0.35,0,0,1,1
0.329,0.41,0.353,0,0,1,1
0.329,0.41,0.356,0,0,1,1
0.329,0.41,0.359,0,0,1,1
0.329,0.41,0.362,0,0,1,1
0.329,0.41,0.365,0,0,1,1
0.329,0.41,0.368,0,0,1,1
0.329,0.41,0.371,0,0,1,1
0.329,0.41,0.374,0,0,1,1
0.329,0.41,0.377,0,0,1,1
0.329,0.41,0.38,0,0,1,1
0.329,0.41,0.383,0,0,1,1
0.329,0.41,0.386,0,0,1,1
0.329,0.41,0.389,0,0,1,1
0.329,0.41,0.392,0,0,1,1
0.329,0.41,0.395,0,0,1,1
0.329,0.41,0.398,0,0,1,1
0.329,0.41,0.401,0,0,1,1
0.329,0.41,0.404,0,0,1,1
0.329,0.41,0.407,0,0,1,1
0.329,0.41,0.41,0,0,1,1
0.329,0.41,0.413,0,0,1,1
0.329,0.41,0.416,0,0,1,1
0.329,0.41,0.419,0,0,1,1
0.329,0.41,0.422,0,0,1,1
0.329,0.41,0.425,0,0,1,1
0.329,0.41,0.427999,0,0,1,1
0.329,0.41,0.430999,0,0,1,1
0.329,0.41,0.433999,0,0,1,1
0.329,0.41,0.436999,0,0,1,1
0.329,0.41,0.439999,0,0,1,1
0.332,0.41,0.26,0,0,1,1
0.332,0.41,0.263,0,0,1,1
0.332,0.41,0.266,0,0,1,1
0.332,0.41,0.269,0,0,1,1
0.332,0.41,0.272,0,0,1,1
0.332,0.41,0.275,0,0,1,1
0.332,0.41,0.278,0,0,1,1
0.332,0.41,0.281,0,0,1,1
0.332,0.41,0.284,0,0,1,1
0.332,0.41,0.287,0,0,1,1
0.332,0.41,0.29,0,0,1,1
0.332,0.41,0.293,0,0,1,1
0.332,0.41,0.296,0,0,1,1
0.332,0.41,0.299,0,0,1,1
0.332,0.41,0.302,0,0,1,1
0.332,0.41,0.305,0,0,1,1
0.332,0.41,0.308,0,0,1,1
0.332,0.41,0.311,0,0,1,1
0.332,0.41,0.314,0,0,1,1
0.332,0.41,0.317,0,0,1,1
0.332,0.41,0.32,0,0,1,1
0.332,0.41,0.323,0,0,1,1
0.332,0.41,0.326,0,0,1,1
0.332,0.41,0.329,0,0,1,1
0.332,0.41,0.332,0,0,1,1
0.332,0.41,0.335,0,0,1,1
0.332,0.41,0.338,0,0,1,1
0.332,0.41,0.341,0,0,1,1
0.332,0.41,0.344,0,0,1,1
0.332,0.41,0.347,0,0,1,1
0.332,0.41,0.35,0,0,1,1
0.332,0.41,0.353,0,0,1,1
0.332,0.41,0.356,0,0,1,1
0.332,0.41,0.359,0,0,1,1
0.332,0.41,0.362,0,0,1,1
0.332,0.41,0.365,0,0,1,1
0.332,0.41,0.368,0,0,1,1
0.332,0.41,0.371,0,0,1,1
0.332,0.41,0.374,0,0,1,1
0.332,0.41,0.377,0,0,1,1
0.332,0.41,0.38,0,0,1,1
0.332,0.41,0.383,0,0,1,1
0.332,0.41,0.386,0,0,1,1
0.332,0.41,0.389,0,0,1,1
0.332,0.41,0.392,0,0,1,1
0.332,0.41,0.395,0,0,1,1
0.332,0.41,0.398,0,0,1,1
0.332,0.41,0.401,0,0,1,1
0.332,0.41,0.404,0,0,1,1
0.332,0.41,0.407,0,0,1,1
0.332,0.41,0.41,0,0,1,1
0.332,0.41,0.413,0,0,1,1
0.332,0.41,0.416,0,0,1,1
0.332,0.41,0.419,0,0,1,1
0.332,0.41,0.422,0,0,1,1
0.332,0.41,0.425,0,0,1,1
0.332,0.41,0.427999,0,0,1,1
0.332,0.41,0.430999,0,0,1,1
0.332,0.41,0.433999,0,0,1,1
0.332,0.41,0.436999,0,0,1,1
0.332,0.41,0.439999,0,0,1,1
0.335,0.41,0.26,0,0,1,1
0.335,0.41,0.263,0,0,1,1
0.335,0.41,0.266,0,0,1,1
0.335,0.41,0.269,0,0,1,1
0.335,0.41,0.272,0,0,1,1
0.335,0.41,0.275,0,0,1,1
0.335,0.41,0.278,0,0,1,1
0.335,0.41,0.281,0,0,1,1
0.335,0.41,0.284,0,0,1,1
0.335,0.41,0.287,0,0,1,1
0.335,0.41,0.29,0,0,1,1
0.335,0.41,0.293,0,0,1,1
0.335,0.41,0.296,0,0,1,1
0.335,0.41,0.299,0,0,1,1
0.335,0.41,0.302,0,0,1,1
0.335,0.41,0.305,0,0,1,1
0.335,0.41,0.308,0,0,1,1
0.335,0.41,0.311,0,0,1,1
0.335,0.41,0.314,0,0,1,1
0.335,0.41,0.317,0,0,1,1
0.335,0.41,0.32,0,0,1,1
0.335,0.41,0.323,0,0,1,1
0.335,0.41,0.326,0,0,1,1
0.335,0.41,0.329,0,0,1,1
0.335,0.41,0.332,0,0,1,1
0.335,0.41,0.335,0,0,1,1
0.335,0.41,0.338,0,0,1,1
0.335,0.41,0.341,0,0,1,1
0.335,0.41,0.344,0,0,1,1
0.335,0.41,0.347,0,0,1,1
0.335,0.41,0.35,0,0,1,1
0.335,0.41,0.353,0,0,1,1
0.335,0.41,0.356,0,0,1,1
0.335,0.41,0.359,0,0,1,1
0.335,0.41,0.362,0,0,1,1
0.335,0.41,0.365,0,0,1,1
0.335,0.41,0.368,0,0,1,1
0.335,0.41,0.371,0,0,1,1
0.335,0.41,0.374,0,0,1,1
0.335,0.41,0.377,0,0,1,1
0.335,0.41,0.38,0,0,1,1
0.335,0.41,0.383,0,0,1,1
0.335,0.41,0.386,0,0,1,1
0.335,0.41,0.389,0,0,1,1
0.335,0.41,0.392,0,0,1,1
0.335,0.41,0.395,0,0,1,1
0.335,0.41,0.398,0,0,1,1
0.335,0.41,0.401,0,0,1,1
0.335,0.41,0.404,0,0,1,1
0.335,0.41,0.407,0,0,1,1
0.335,0.41,0.41,0,0,1,1
0.335,0.41,0.413,0,0,1,1
0.335,0.41,0.416,0,0,1,1
0.335,0.41,0.419,0,0,1,1
0.335,0.41,0.422,0,0,1,1
0.335,0.41,0.425,0,0,1,1
0.335,0.41,0.427999,0,0,1,1
0.335,0.41,0.430999,0,0,1,1
0.335,0.41,0.433999,0,0,1,1
0.335,0.41,0.436999,0,0,1,1
0.335,0.41,0.439999,0,0,1,1
0.338,0.41,0.26,0,0,1,1
0.338,0.41,0.263,0,0,1,1
0.338,0.41,0.266,0,0,1,1
0.338,0.41,0.269,0,0,1,1
0.338,0.41,0.272,0,0,1,1
0.338,0.41,0.275,0,0,1,1
0.338,0.41,0.278,0,0,1,1
0.338,0.41,0.281,0,0,1,1
0.338,0.41,0.284,0,0,1,1
0.338,0.41,0.287,0,0,1,1
0.338,0.41,0.29,0,0,1,1
0.338,0.41,0.293,0,0,1,1
0.338,0.41,0.296,0,0,1,1
0.338,0.41,0.299,0,0,1,1
0.338,0.41,0.302,0,0,1,1
0.338,0.41,0.305,0,0,1,1
0.338,0.41,0.308,0,0,1,1
0.338,0.41,0.311,0,0,1,1
0.338,0.41,0.314,0,0,1,1
0.338,0.41,0.317,0,0,1,1
0.338,0.41,0.32,0,0,1,1
0.338,0.41,0.323,0,0,1,1
0.338,0.41,0.326,0,0,1,1
0.338,0.41,0.329,0,0,1,1
0.338,0.41,0.332,0,0,1,1
0.338,0.41,0.335,0,0,1,1
0.338,0.41,0.338,0,0,1,1
0.338,0.41,0.341,0,0,1,1
0.338,0.41,0.344,0,0,1,1
0.338,0.41,0.347,0,0,1,1
0.338,0.41,0.35,0,0,1,1
0.338,0.41,0.353,0,0,1,1
0.338,0.41,0.356,0,0,1,1
0.338,0.41,0.359,0,0,1,1
0.338,0.41,0.362,0,0,1,1
0.338,0.41,0.365,0,0,1,1
0.338,0.41,0.368,0,0,1,1
0.338,0.41,0.371,0,0,1,1
0.338,0.41,0.374,0,0,1,1
0.338,0.41,0.377,0,0,1,1
0.338,0.41,0.38,0,0,1,1
0.338,0.41,0.383,0,0,1,1
0.338,0.41,0.386,0,0,1,1
0.338,0.41,0.389,0,0,1,1
0.338,0.41,0.392,0,0,1,1
0.338,0.41,0.395,0,0,1,1
0.338,0.41,0.398,0,0,1,1
0.338,0.41,0.401,0,0,1,1
0.338,0.41,0.404,0,0,1,1
0.338,0.41,0.407,0,0,1,1
0.338,0.41,0.41,0,0,1,1
0.338,0.41,0.413,0,0,1,1
0.338,0.41,0.416,0,0,1,1
0.338,0.41,0.419,0,0,1,1
0.338,0.41,0.422,0,0,1,1
0.338,0.41,0.425,0,0,1,1
0.338,0.41,0.427999,0,0,1,1
0.338,0.41,0.430999,0,0,1,1
0.338,0.41,0.433999,0,0,1,1
0.338,0.41,0.436999,0,0,1,1
0.338,0.41,0.439999,0,0,1,1
0.341,0.41,0.26,0,0,1,1
0.341,0.41,0.263,0,0,1,1
0.341,0.41,0.266,0,0,1,1
0.341,0.41,0.269,0,0,1,1
0.341,0.41,0.272,0,0,1,1
0.341,0.41,0.275,0,0,1,1
0.341,0.41,0.278,0,0,1,1
0.341,0.41,0.281,0,0,1,1
0.341,0.41,0.284,0,0,1,1
0.341,0.41,0.287,0,0,1,1
0.341,0.41,0.29,0,0,1,1
0.341,0.41,0.293,0,0,1,1
0.341,0.41,0.296,0,0,1,1
0.341,0.41,0.299,0,0,1,1
0.341,0.41,0.302,0,0,1,1
0.341,0.41,0.305,0,0,1,1
0.341,0.41,0.308,0,0,1,1
0.341,0.41,0.311,0,0,1,1
0.341,0.41,0.314,0,0,1,1
0.341,0.41,0.317,0,0,1,1
0.341,0.41,0.32,0,0,1,1
0.341,0.41,0.323,0,0,1,1
0.341,0.41,0.326,0,0,1,1
0.341,0.41,0.329,0,0,1,1
0.341,0.41,0.332,0,0,1,1
0.341,0.41,0.335,0,0,1,1
0.341,0.41,0.338,0,0,1,1
0.341,0.41,0.341,0,0,1,1
0.341,0.41,0.344,0,0,1,1
0.341,0.41,0.347,0,0,1,1
0.341,0.41,0.35,0,0,1,1
0.341,0.41,0.353,0,0,1,1
0.341,0.41,0.356,0,0,1,1
0.341,0.41,0.359,0,0,1,1
0.341,0.41,0.362,0,0,1,1
0.341,0.41,0.365,0,0,1,1
0.341,0.41,0.368,0,0,1,1
0.341,0.41,0.371,0,0,1,1
0.341,0.41,0.374,0,0,1,1
0.341,0.41,0.377,0,0,1,1
0.341,0.41,0.38,0,0,1,1
0.341,0.41,0.383,0,0,1,1
0.341,0.41,0.386,0,0,1,1
0.341,0.41,0.389,0,0,1,1
0.341,0.41,0.392,0,0,1,1
0.341,0.41,0.395,0,0,1,1
0.341,0.41,0.398,0,0,1,1
0.341,0.41,0.401,0,0,1,1
0.341,0.41,0.404,0,0,1,1
0.341,0.41,0.407,0,0,1,1
0.341,0.41,0.41,0,0,1,1
0.341,0.41,0.413,0,0,1,1
0.341,0.41,0.416,0,0,1,1
0.341,0.41,0.419,0,0,1,1
0.341,0.41,0.422,0,0,1,1
0.341,0.41,0.425,0,0,1,1
0.341,0.41,0.427999,0,0,1,1
0.341,0.41,0.430999,0,0,1,1
0.341,0.41,0.433999,0,0,1,1
0.341,0.41,0.436999,0,0,1,1
0.341,0.41,0.439999,0,0,1,1
0.14,0.27,0.26,0,0,1,1
0.14,0.27,0.263,0,0,1,1
0.14,0.27,0.266,0,0,1,1
0.14,0.27,0.269,0,0,1,1
0.14,0.27,0.272,0,0,1,1
0.14,0.27,0.275,0,0,1,1
0.14,0.27,0.278,0,0,1,1
0.14,0.27,0.281,0,0,1,1
0.14,0.27,0.284,0,0,1,1
0.14,0.27,0.287,0,0,1,1
0.14,0.27,0.29,0,0,1,1
0.14,0.27,0.293,0,0,1,1
0.14,0.27,0.296,0,0,1,1
0.14,0.27,0.299,0,0,1,1
0.14,0.27,0.302,0,0,1,1
0.14,0.27,0.305,0,0,1,1
0.14,0.27,0.308,0,0,1,1
0.14,0.27,0.311,0,0,1,1
0.14,0.27,0.314,0,0,1,1
0.14,0.27,0.317,0,0,1,1
0.14,0.27,0.32,0,0,1,1
0.14,0.27,0.323,0,0,1,1
0.14,0.27,0.326,0,0,1,1
0.14,0.27,0.329,0,0,1,1
0.14,0.27,0.332,0,0,1,1
0.14,0.27,0.335,0,0,1,1
0.14,0.27,0.338,0,0,1,1
0.14,0.27,0.341,0,0,1,1
0.14,0.27,0.344,0,0,1,1
0.14,0.27,0.347,0,0,1,1
0.14,0.27,0.35,0,0,1,1
0.14,0.27,0.353,0,0,1,1
0.14,0.27,0.356,0,0,1,1
0.14,0.27,0.359,0,0,1,1
0.14,0.27,0.362,0,0,1,1
0.14,0.27,0.365,0,0,1,1
0.14,0.27,0.368,0,0,1,1
0.14,0.27,0.371,0,0,1,1
0.14,0.27,0.374,0,0,1,1
0.14,0.27,0.377,0,0,1,1
0.14,0.27,0.38,0,0,1,1
0.14,0.27,0.383,0,0,1,1
0.14,0.27,0.386,0,0,1,1
0.14,0.27,0.389,0,0,1,1
0.14,0.27,0.392,0,0,1,1
0.14,0.27,0.395,0,0,1,1
0.14,0.27,0.398,0,0,1,1
0.14,0.27,0.401,0,0,1,1
0.14,0.27,0.404,0,0,1,1
0.14,0.27,0.407,0,0,1,1
0.14,0.27,0.41,0,0,1,1
0.14,0.27,0.413,0,0,1,1
0.14,0.27,0.416,0,0,1,1
0.14,0.27,0.419,0,0,1,1
0.14,0.27,0.422,0,0,1,1
0.14,0.27,0.425,0,0,1,1
0.14,0.27,0.427999,0,0,1,1
0.14,0.27,0.430999,0,0,1,1
0.14,0.27,0.433999,0,0,1,1
0.14,0.27,0.436999,0,0,1,1
0.14,0.27,0.439999,0,0,1,1
0.143,0.27,0.26,0,0,1,1
0.143,0.27,0.263,0,0,1,1
0.143,0.27,0.266,0,0,1,1
0.143,0.27,0.269,0,0,1,1
0.143,0.27,0.272,0,0,1,1
0.143,0.27,0.275,0,0,1,1
0.143,0.27,0.278,0,0,1,1
0.143,0.27,0.281,0,0,1,1
0.143,0.27,0.284,0,0,1,1
0.143,0.27,0.287,0,0,1,1
0.143,0.27,0.29,0,0,1,1
0.143,0.27,0.293,0,0,1,1
0.143,0.27,0.296,0,0,1,1
0.143,0.27,0.299,0,0,1,1
0.143,0.27,0.302,0,0,1,1
0.143,0.27,0.305,0,0,1,1
0.143,0.27,0.308,0,0,1,1
0.143,0.27,0.311,0,0,1,1
0.143,0.27,0.314,0,0,1,1
0.143,0.27,0.317,0,0,1,1
0.143,0.27,0.32,0,0,1,1
0.143,0.27,0.323,0,0,1,1
0.143,0.27,0.326,0,0,1,1
0.143,0.27,0.329,0,0,1,1
0.143,0.27,0.332,0,0,1,1
0.143,0.27,0.335,0,0,1,1
0.143,0.27,0.338,0,0,1,1
0.143,0.27,0.341,0,0,1,1
0.143,0.27,0.344,0,0,1,1
0.143,0.27,0.347,0,0,1,1
0.143,0.27,0.35,0,0,1,1
0.143,0.27,0.353,0,0,1,1
0.143,0.27,0.356,0,0,1,1
0.143,0.27,0.359,0,0,1,1
0.143,0.27,0.362,0,0,1,1
0.143,0.27,0.365,0,0,1,1
0.143,0.27,0.368,0,0,1,1
0.143,0.27,0.371,0,0,1,1
0.143,0.27,0.374,0,0,1,1
0.143,0.27,0.377,0,0,1,1
0.143,0.27,0.38,0,0,1,1
0.143,0.27,0.383,0,0,1,1
0.143,0.27,0.386,0,0,1,1
0.143,0.27,0.389,0,0,1,1
0.143,0.27,0.392,0,0,1,1
0.143,0.27,0.395,0,0,1,1
0.143,0.27,0.398,0,0,1,1
0.143,0.27,0.401,0,0,1,1
0.143,0.27,0.404,0,0,1,1
0.143,0.27,0.407,0,0,1,1
0.143,0.27,0.41,0,0,1,1
0.143,0.27,0.413,0,0,1,1
0.143,0.27,0.416,0,0,1,1
0.143,0.27,0.419,0,0,1,1
0.143,0.27,0.422,0,0,1,1
0.143,0.27,0.425,0,0,1,1
0.143,0.27,0.427999,0,0,1,1
0.143,0.27,0.430999,0,0,1,1
0.143,0.27,0.433999,0,0,1,1
0.143,0.27,0.436999,0,0,1,1
0.143,0.27,0.439999,0,0,1,1
0.146,0.27,0.26,0,0,1,1
0.146,0.27,0.263,0,0,1,1
0.146,0.27,0.266,0,0,1,1
0.146,0.27,0.269,0,0,1,1
0.146,0.27,0.272,0,0,1,1
0.146,0.27,0.275,0,0,1,1
0.146,0.27,0.278,0,0,1,1
0.146,0.27,0.281,0,0,1,1
0.146,0.27,0.284,0,0,1,1
0.146,0.27,0.287,0,0,1,1
0.146,0.27,0.29,0,0,1,1
0.146,0.27,0.293,0,0,1,1
0.146,0.27,0.296,0,0,1,1
0.146,0.27,0.299,0,0,1,1
0.146,0.27,0.302,0,0,1,1
0.146,0.27,0.305,0,0,1,1
0.146,0.27,0.308,0,0,1,1
0.146,0.27,0.311,0,0,1,1
0.146,0.27,0.314,0,0,1,1
0.146,0.27,0.317,0,0,1,1
0.146,0.27,0.32,0,0,1,1
0.146,0.27,0.323,0,0,1,1
0.146,0.27,0.326,0,0,1,1
0.146,0.27,0.329,0,0,1,1
0.146,0.27,0.332,0,0,1,1
0.146,0.27,0.335,0,0,1,1
0.146,0.27,0.338,0,0,1,1
0.146,0.27,0.341,0,0,1,1
0.146,0.27,0.344,0,0,1,1
0.146,0.27,0.347,0,0,1,1
0.146,0.27,0.35,0,0,1,1
0.146,0.27,0.353,0,0,1,1
0.146,0.27,0.356,0,0,1,1
0.146,0.27,0.359,0,0,1,1
0.146,0.27,0.362,0,0,1,1
0.146,0.27,0.365,0,0,1,1
0.146,0.27,0.368,0,0,1,1
0.146,0.27,0.371,0,0,1,1
0.146,0.27,0.374,0,0,1,1
0.146,0.27,0.377,0,0,1,1
0.146,0.27,0.38,0,0,1,1
0.146,0.27,0.383,0,0,1,1
0.146,0.27,0.386,0,0,1,1
0.146,0.27,0.389,0,0,1,1
0.146,0.27,0.392,0,0,1,1
0.146,0.27,0.395,0,0,1,1
0.146,0.27,0.398,0,0,1,1
0.146,0.27,0.401,0,0,1,1
0.146,0.27,0.404,0,0,1,1
0.146,0.27,0.407,0,0,1,1
0.146,0.27,0.41,0,0,1,1
0.146,0.27,0.413,0,0,1,1
0.146,0.27,0.416,0,0,1,1
0.146,0.27,0.419,0,0,1,1
0.146,0.27,0.422,0,0,1,1
0.146,0.27,0.425,0,0,1,1
0.146,0.27,0.427999,0,0,1,1
0.146,0.27,0.430999,0,0,1,1
0.146,0.27,0.433999,0,0,1,1
0.146,0.27,0.436999,0,0,1,1
0.146,0.27,0.439999,0,0,1,1
0.149,0.27,0.26,0,0,1,1
0.149,0.27,0.263,0,0,1,1
0.149,0.27,0.266,0,0,1,1
0.149,0.27,0.269,0,0,1,1
0.149,0.27,0.272,0,0,1,1
0.149,0.27,0.275,0,0,1,1
0.149,0.27,0.278,0,0,1,1
0.149,0.27,0.281,0,0,1,1
0.149,0.27,0.284,0,0,1,1
0.149,0.27,0.287,0,0,1,1
0.149,0.27,0.29,0,0,1,1
0.149,0.27,0.293,0,0,1,1
0.149,0.27,0.296,0,0,1,1
0.149,0.27,0.299,0,0,1,1
0.149,0.27,0.302,0,0,1,1
0.149,0.27,0.305,0,0,1,1
0.149,0.27,0.308,0,0,1,1
0.149,0.27,0.311,0,0,1,1
0.149,0.27,0.314,0,0,1,1
0.149,0.27,0.317,0,0,1,1
0.149,0.27,0.32,0,0,1,1
0.149,0.27,0.323,0,0,1,1
0.149,0.27,0.326,0,0,1,1
0.149,0.27,0.329,0,0,1,1
0.149,0.27,0.332,0,0,1,1
0.149,0.27,0.335,0,0,1,1
0.149,0.27,0.338,0,0,1,1
0.149,0.27,0.341,0,0,1,1
0.149,0.27,0.344,0,0,1,1
0.149,0.27,0.347,0,0,1,1
0.149,0.27,0.35,0,0,1,1
0.149,0.27,0.353,0,0,1,1
0.149,0.27,0.356,0,0,1,1
0.149,0.27,0.359,0,0,1,1
0.149,0.27,0.362,0,0,1,1
0.149,0.27,0.365,0,0,1,1
0.149,0.27,0.368,0,0,1,1
0.149,0.27,0.371,0,0,1,1
0.149,0.27,0.374,0,0,1,1
0.149,0.27,0.377,0,0,1,1
0.149,0.27,0.38,0,0,1,1
0.149,0.27,0.383,0,0,1,1
0.149,0.27,0.386,0,0,1,1
0.149,0.27,0.389,0,0,1,1
0.149,0.27,0.392,0,0,1,1
0.149,0.27,0.395,0,0,1,1
0.149,0.27,0.398,0,0,1,1
0.149,0.27,0.401,0,0,1,1
0.149,0.27,0.404,0,0,1,1
0.149,0.27,0.407,0,0,1,1
0.149,0.27,0.41,0,0,1,1
0.149,0.27,0.413,0,0,1,1
0.149,0.27,0.416,0,0,1,1
0.149,0.27,0.419,0,0,1,1
0.149,0.27,0.422,0,0,1,1
0.149,0.27,0.425,0,0,1,1
0.149,0.27,0.427999,0,0,1,1
0.149,0.27,0.430999,0,0,1,1
0.149,0.27,0.433999,0,0,1,1
0.149,0.27,0.436999,0,0,1,1
0.149,0.27,0.439999,0,0,1,1
0.152,0.27,0.26,0,0,1,1
0.152,0.27,0.263,0,0,1,1
0.152,0.27,0.266,0,0,1,1
0.152,0.27,0.269,0,0,1,1
0.152,0.27,0.272,0,0,1,1
0.152,0.27,0.275,0,0,1,1
0.152,0.27,0.278,0,0,1,1
0.152,0.27,0.281,0,0,1,1
0.152,0.27,0.284,0,0,1,1
0.152,0.27,0.287,0,0,1,1
0.152,0.27,0.29,0,0,1,1
0.152,0.27,0.293,0,0,1,1
0.152,0.27,0.296,0,0,1,1
0.152,0.27,0.299,0,0,1,1
0.152,0.27,0.302,0,0,1,1
0.152,0.27,0.305,0,0,1,1
0.152,0.27,0.308,0,0,1,1
0.152,0.27,0.311,0,0,1,1
0.152,0.27,0.314,0,0,1,1
0.152,0.27,0.317,0,0,1,1
0.152,0.27,0.32,0,0,1,1
0.152,0.27,0.323,0,0,1,1
0.152,0.27,0.326,0,0,1,1
0.152,0.27,0.329,0,0,1,1
0.152,0.27,0.332,0,0,1,1
0.152,0.27,0.335,0,0,1,1
0.152,0.27,0.338,0,0,1,1
0.152,0.27,0.341,0,0,1,1
0.152,0.27,0.344,0,0,1,1
0.152,0.27,0.347,0,0,1,1
0.152,0.27,0.35,0,0,1,1
0.152,0.27,0.353,0,0,1,1
0.152,0.27,0.356,0,0,1,1
0.152,0.27,0.359,0,0,1,1
0.152,0.27,0.362,0,0,1,1
0.152,0.27,0.365,0,0,1,1
0.152,0.27,0.368,0,0,1,1
0.152,0.27,0.371,0,0,1,1
0.152,0.27,0.374,0,0,1,1
0.152,0.27,0.377,0,0,1,1
0.152,0.27,0.38,0,0,1,1
0.152,0.27,0.383,0,0,1,1
0.152,0.27,0.386,0,0,1,1
0.152,0.27,0.389,0,0,1,1
0.152,0.27,0.392,0,0,1,1
0.152,0.27,0.395,0,0,1,1
0.152,0.27,0.398,0,0,1,1
0.152,0.27,0.401,0,0,1,1
0.152,0.27,0.404,0,0,1,1
0.152,0.27,0.407,0,0,1,1
0.152,0.27,0.41,0,0,1,1
0.152,0.27,0.413,0,0,1,1
0.152,0.27,0.416,0,0,1,1
0.152,0.27,0.419,0,0,1,1
0.152,0.27,0.422,0,0,1,1
0.152,0.27,0.425,0,0,1,1
0.152,0.27,0.427999,0,0,1,1
0.152,0.27,0.430999,0,0,1,1
0.152,0.27,0.433999,0,0,1,1
0.152,0.27,0.436999,0,0,1,1
0.152,0.27,0.439999,0,0,1,1
0.155,0.27,0.26,0,0,1,1
0.155,0.27,0.263,0,0,1,1
0.155,0.27,0.266,0,0,1,1
0.155,0.27,0.269,0,0,1,1
0.155,0.27,0.272,0,0,1,1
0.155,0.27,0.275,0,0,1,1
0.155,0.27,0.278,0,0,1,1
0.155,0.27,0.281,0,0,1,1
0.155,0.27,0.284,0,0,1,1
0.155,0.27,0.287,0,0,1,1
0.155,0.27,0.29,0,0,1,1
0.155,0.27,0.293,0,0,1,1
0.155,0.27,0.296,0,0,1,1
0.155,0.27,0.299,0,0,1,1
0.155,0.27,0.302,0,0,1,1
0.155,0.27,0.305,0,0,1,1
0.155,0.27,0.308,0,0,1,1
0.155,0.27,0.311,0,0,1,1
0.155,0.27,0.314,0,0,1,1
0.155,0.27,0.317,0,0,1,1
0.155,0.27,0.32,0,0,1,1
0.155,0.27,0.323,0,0,1,1
0.155,0.27,0.326,0,0,1,1
0.155,0.27,0.329,0,0,1,1
0.155,0.27,0.332,0,0,1,1
0.155,0.27,0.335,0,0,1,1
0.155,0.27,0.338,0,0,1,1
0.155,0.27,0.341,0,0,1,1
0.155,0.27,0.344,0,0,1,1
0.155,0.27,0.347,0,0,1,1
0.155,0.27,0.35,0,0,1,1
0.155,0.27,0.353,0,0,1,1
0.155,0.27,0.356,0,0,1,1
0.155,0.27,0.359,0,0,1,1
0.155,0.27,0.362,0,0,1,1
0.155,0.27,0.365,0,0,1,1
0.155,0.27,0.368,0,0,1,1
0.155,0.27,0.371,0,0,1,1
0.155,0.27,0.374,0,0,1,1
0.155,0.27,0.377,0,0,1,1
0.155,0.27,0.38,0,0,1,1
0.155,0.27,0.383,0,0,1,1
0.155,0.27,0.386,0,0,1,1
0.155,0.27,0.389,0,0,1,1
0.155,0.27,0.392,0,0,1,1
0.155,0.27,0.395,0,0,1,1
0.155,0.27,0.398,0,0,1,1
0.155,0.27,0.401,0,0,1,1
0.155,0.27,0.404,0,0,1,1
0.155,0.27,0.407,0,0,1,1
0.155,0.27,0.41,0,0,1,1
0.155,0.27,0.413,0,0,1,1
0.155,0.27,0.416,0,0,1,1
0.155,0.27,0.419,0,0,1,1
0.155,0.27,0.422,0,0,1,1
0.155,0.27,0.425,0,0,1,1
0.155,0.27,0.427999,0,0,1,1
0.155,0.27,0.430999,0,0,1,1
0.155,0.27,0.433999,0,0,1,1
0.155,0.27,0.436999,0,0,1,1
0.155,0.27,0.439999,0,0,1,1
0.158,0.27,0.26,0,0,1,1
0.158,0.27,0.263,0,0,1,1
0.158,0.27,0.266,0,0,1,1
0.158,0.27,0.269,0,0,1,1
0.158,0.27,0.272,0,0,1,1
0.158,0.27,0.275,0,0,1,1
0.158,0.27,0.278,0,0,1,1
0.158,0.27,0.281,0,0,1,1
0.158,0.27,0.284,0,0,1,1
0.158,0.27,0.287,0,0,1,1
0.158,0.27,0.29,0,0,1,1
0.158,0.27,0.293,0,0,1,1
0.158,0.27,0.296,0,0,1,1
0.158,0.27,0.299,0,0,1,1
0.158,0.27,0.302,0,0,1,1
0.158,0.27,0.305,0,0,1,1
0.158,0.27,0.308,0,0,1,1
0.158,0.27,0.311,0,0,1,1
0.158,0.27,0.314,0,0,1,1
0.158,0.27,0.317,0,0,1,1
0.158,0.27,0.32,0,0,1,1
0.158,0.27,0.323,0,0,1,1
0.158,0.27,0.326,0,0,1,1
0.158,0.27,0.329,0,0,1,1
0.158,0.27,0.332,0,0,1,1
0.158,0.27,0.335,0,0,1,1
0.158,0.27,0.338,0,0,1,1
0.158,0.27,0.341,0,0,1,1
0.158,0.27,0.344,0,0,1,1
0.158,0.27,0.347,0,0,1,1
0.158,0.27,0.35,0,0,1,1
0.158,0.27,0.353,0,0,1,1
0.158,0.27,0.356,0,0,1,1
0.158,0.27,0.359,0,0,1,1
0.158,0.27,0.362,0,0,1,1
0.158,0.27,0.365,0,0,1,1
0.158,0.27,0.368,0,0,1,1
0.158,0.27,0.371,0,0,1,1
0.158,0.27,0.374,0,0,1,1
0.158,0.27,0.377,0,0,1,1
0.158,0.27,0.38,0,0,1,1
0.158,0.27,0.383,0,0,1,1
0.158,0.27,0.386,0,0,1,1
0.158,0.27,0.389,0,0,1,1
0.158,0.27,0.392,0,0,1,1
0.158,0.27,0.395,0,0,1,1
0.158,0.27,0.398,0,0,1,1
0.158,0.27,0.401,0,0,1,1
0.158,0.27,0.404,0,0,1,1
0.158,0.27,0.407,0,0,1,1
0.158,0.27,0.41,0,0,1,1
0.158,0.27,0.413,0,0,1,1
0.158,0.27,0.416,0,0,1,1
0.158,0.27,0.419,0,0,1,1
0.158,0.27,0.422,0,0,1,1
0.158,0.27,0.425,0,0,1,1
0.158,0.27,0.427999,0,0,1,1
0.158,0.27,0.430999,0,0,1,1
0.158,0.27,0.433999,0,0,1,1
0.158,0.27,0.436999,0,0,1,1
0.158,0.27,0.439999,0,0,1,1
0.161,0.27,0.26,0,0,1,1
0.161,0.27,0.263,0,0,1,1
0.161,0.27,0.266,0,0,1,1
0.161,0.27,0.269,0,0,1,1
0.161,0.27,0.272,0,0,1,1
0.161,0.27,0.275,0,0,1,1
0.161,0.27,0.278,0,0,1,1
0.161,0.27,0.281,0,0,1,1
0.161,0.27,0.284,0,0,1,1
0.161,0.27,0.287,0,0,1,1
0.161,0.27,0.29,0,0,1,1
0.161,0.27,0.293,0,0,1,1
0.161,0.27,0.296,0,0,1,1
0.161,0.27,0.299,0,0,1,1
0.161,0.27,0.302,0,0,1,1
0.161,0.27,0.305,0,0,1,1
0.161,0.27,0.308,0,0,1,1
0.161,0.27,0.311,0,0,1,1
0.161,0.27,0.314,0,0,1,1
0.161,0.27,0.317,0,0,1,1
0.161,0.27,0.32,0,0,1,1
0.161,0.27,0.323,0,0,1,1
0.161,0.27,0.326,0,0,1,1
0.161,0.27,0.329,0,0,1,1
0.161,0.27,0.332,0,0,1,1
0.161,0.27,0.335,0,0,1,1
0.161,0.27,0.338,0,0,1,1
0.161,0.27,0.341,0,0,1,1
0.161,0.27,0.344,0,0,1,1
0.161,0.27,0.347,0,0,1,1
0.161,0.27,0.35,0,0,1,1
0.161,0.27,0.353,0,0,1,1
0.161,0.27,0.356,0,0,1,1
0.161,0.27,0.359,0,0,1,1
0.161,0.27,0.362,0,0,1,1
0.161,0.27,0.365,0,0,1,1
0.161,0.27,0.368,0,0,1,1
0.161,0.27,0.371,0,0,1,1
0.161,0.27,0.374,0,0,1,1
0.161,0.27,0.377,0,0,1,1
0.161,0.27,0.38,0,0,1,1
0.161,0.27,0.383,0,0,1,1
0.161,0.27,0.386,0,0,1,1
0.161,0.27,0.389,0,0,1,1
0.161,0.27,0.392,0,0,1,1
0.161,0.27,0.395,0,0,1,1
0.161,0.27,0.398,0,0,1,1
0.161,0.27,0.401,0,0,1,1
0.161,0.27,0.404,0,0,1,1
0.161,0.27,0.407,0,0,1,1
0.161,0.27,0.41,0,0,1,1
0.161,0.27,0.413,0,0,1,1
0.161,0.27,0.416,0,0,1,1
0.161,0.27,0.419,0,0,1,1
0.161,0.27,0.422,0,0,1,1
0.161,0.27,0.425,0,0,1,1
0.161,0.27,0.427999,0,0,1,1
0.161,0.27,0.430999,0,0,1,1
0.161,0.27,0.433999,0,0,1,1
0.161,0.27,0.436999,0,0,1,1
0.161,0.27,0.439999,0,0,1,1
0.164,0.27,0.26,0,0,1,1
0.164,0.27,0.263,0,0,1,1
0.164,0.27,0.266,0,0,1,1
0.164,0.27,0.269,0,0,1,1
0.164,0.27,0.272,0,0,1,1
0.164,0.27,0.275,0,0,1,1
0.164,0.27,0.278,0,0,1,1
0.164,0.27,0.281,0,0,1,1
0.164,0.27,0.284,0,0,1,1
0.164,0.27,0.287,0,0,1,1
0.164,0.27,0.29,0,0,1,1
0.164,0.27,0.293,0,0,1,1
0.164,0.27,0.296,0,0,1,1
0.164,0.27,0.299,0,0,1,1
0.164,0.27,0.302,0,0,1,1
0.164,0.27,0.305,0,0,1,1
0.164,0.27,0.308,0,0,1,1
0.164,0.27,0.311,0,0,1,1
0.164,0.27,0.314,0,0,1,1
0.164,0.27,0.317,0,0,1,1
0.164,0.27,0.32,0,0,1,1
0.164,0.27,0.323,0,0,1,1
0.164,0.27,0.326,0,0,1,1
0.164,0.27,0.329,0,0,1,1
0.164,0.27,0.332,0,0,1,1
0.164,0.27,0.335,0,0,1,1
0.164,0.27,0.338,0,0,1,1
0.164,0.27,0.341,0,0,1,1
0.164,0.27,0.344,0,0,1,1
0.164,0.27,0.347,0,0,1,1
0.164,0.27,0.35,0,0,1,1
0.164,0.27,0.353,0,0,1,1
0.164,0.27,0.356,0,0,1,1
0.164,0.27,0.359,0,0,1,1
0.164,0.27,0.362,0,0,1,1
0.164,0.27,0.365,0,0,1,1
0.164,0.27,0.368,0,0,1,1
0.164,0.27,0.371,0,0,1,1
0.164,0.27,0.374,0,0,1,1
0.164,0.27,0.377,0,0,1,1
0.164,0.27,0.38,0,0,1,1
0.164,0.27,0.383,0,0,1,1
0.164,0.27,0.386,0,0,1,1
0.164,0.27,0.389,0,0,1,1
0.164,0.27,0.392,0,0,1,1
0.164,0.27,0.395,0,0,1,1
0.164,0.27,0.398,0,0,1,1
0.164,0.27,0.401,0,0,1,1
0.164,0.27,0.404,0,0,1,1
0.164,0.27,0.407,0,0,1,1
0.164,0.27,0.41,0,0,1,1
0.164,0.27,0.413,0,0,1,1
0.164,0.27,0.416,0,0,1,1
0.164,0.27,0.419,0,0,1,1
0.164,0.27,0.422,0,0,1,1
0.164,0.27,0.425,0,0,1,1
0.164,0.27,0.427999,0,0,1,1
0.164,0.27,0.430999,0,0,1,1
0.164,0.27,0.433999,0,0,1,1
0.164,0.27,0.436999,0,0,1,1
0.164,0.27,0.439999,0,0,1,1
0.167,0.27,0.26,0,0,1,1
0.167,0.27,0.263,0,0,1,1
0.167,0.27,0.266,0,0,1,1
0.167,0.27,0.269,0,0,1,1
0.167,0.27,0.272,0,0,1,1
0.167,0.27,0.275,0,0,1,1
0.167,0.27,0.278,0,0,1,1
0.167,0.27,0.281,0,0,1,1
0.167,0.27,0.284,0,0,1,1
0.167,0.27,0.287,0,0,1,1
0.167,0.27,0.29,0,0,1,1
0.167,0.27,0.293,0,0,1,1
0.167,0.27,0.296,0,0,1,1
0.167,0.27,0.299,0,0,1,1
0.167,0.27,0.302,0,0,1,1
0.167,0.27,0.305,0,0,1,1
0.167,0.27,0.308,0,0,1,1
0.167,0.27,0.311,0,0,1,1
0.167,0.27,0.314,0,0,1,1
0.167,0.27,0.317,0,0,1,1
0.167,0.27,0.32,0,0,1,1
0.167,0.27,0.323,0,0,1,1
0.167,0.27,0.326,0,0,1,1
0.167,0.27,0.329,0,0,1,1
0.167,0.27,0.332,0,0,1,1
0.167,0.27,0.335,0,0,1,1
0.167,0.27,0.338,0,0,1,1
0.167,0.27,0.341,0,0,1,1
0.167,0.27,0.344,0,0,1,1
0.167,0.27,0.347,0,0,1,1
0.167,0.27,0.35,0,0,1,1
0.167,0.27,0.353,0,0,1,1
0.167,0.27,0.356,0,0,1,1
0.167,0.27,0.359,0,0,1,1
0.167,0.27,0.362,0,0,1,1
0.167,0.27,0.365,0,0,1,1
0.167,0.27,0.368,0,0,1,1
0.167,0.27,0.371,0,0,1,1
0.167,0.27,0.374,0,0,1,1
0.167,0.27,0.377,0,0,1,1
0.167,0.27,0.38,0,0,1,1
0.167,0.27,0.383,0,0,1,1
0.167,0.27,0.386,0,0,1,1
0.167,0.27,0.389,0,0,1,1
0.167,0.27,0.392,0,0,1,1
0.167,0.27,0.395,0,0,1,1
0.167,0.27,0.398,0,0,1,1
0.167,0.27,0.401,0,0,1,1
0.167,0.27,0.404,0,0,1,1
0.167,0.27,0.407,0,0,1,1
0.167,0.27,0.41,0,0,1,1
0.167,0.27,0.413,0,0,1,1
0.167,0.27,0.416,0,0,1,1
0.167,0.27,0.419,0,0,1,1
0.167,0.27,0.422,0,0,1,1
0.167,0.27,0.425,0,0,1,1
0.167,0.27,0.427999,0,0,1,1
0.167,0.27,0.430999,0,0,1,1
0.167,0.27,0.433999,0,0,1,1
0.167,0.27,0.436999,0,0,1,1
0.167,0.27,0.439999,0,0,1,1
0.17,0.27,0.26,0,0,1,1
0.17,0.27,0.263,0,0,1,1
0.17,0.27,0.266,0,0,1,1
0.17,0.27,0.269,0,0,1,1
0.17,0.27,0.272,0,0,1,1
0.17,0.27,0.275,0,0,1,1
0.17,0.27,0.278,0,0,1,1
0.17,0.27,0.281,0,0,1,1
0.17,0.27,0.284,0,0,1,1
0.17,0.27,0.287,0,0,1,1
0.17,0.27,0.29,0,0,1,1
0.17,0.27,0.293,0,0,1,1
0.17,0.27,0.296,0,0,1,1
0.17,0.27,0.299,0,0,1,1
0.17,0.27,0.302,0,0,1,1
0.17,0.27,0.305,0,0,1,1
0.17,0.27,0.308,0,0,1,1
0.17,0.27,0.311,0,0,1,1
0.17,0.27,0.314,0,0,1,1
0.17,0.27,0.317,0,0,1,1
0.17,0.27,0.32,0,0,1,1
0.17,0.27,0.323,0,0,1,1
0.17,0.27,0.326,0,0,1,1
0.17,0.27,0.329,0,0,1,1
0.17,0.27,0.332,0,0,1,1
0.17,0.27,0.335,0,0,1,1
0.17,0.27,0.338,0,0,1,1
0.17,0.27,0.341,0,0,1,1
0.17,0.27,0.344,0,0,1,1
0.17,0.27,0.347,0,0,1,1
0.17,0.27,0.35,0,0,1,1
0.17,0.27,0.353,0,0,1,1
0.17,0.27,0.356,0,0,1,1
0.17,0.27,0.359,0,0,1,1
0.17,0.27,0.362,0,0,1,1
0.17,0.27,0.365,0,0,1,1
0.17,0.27,0.368,0,0,1,1
0.17,0.27,0.371,0,0,1,1
0.17,0.27,0.374,0,0,1,1
0.17,0.27,0.377,0,0,1,1
0.17,0.27,0.38,0,0,1,1
0.17,0.27,0.383,0,0,1,1
0.17,0.27,0.386,0,0,1,1
0.17,0.27,0.389,0,0,1,1
0.17,0.27,0.392,0,0,1,1
0.17,0.27,0.395,0,0,1,1
0.17,0.27,0.398,0,0,1,1
0.17,0.27,0.401,0,0,1,1
0.17,0.27,0.404,0,0,1,1
0.17,0.27,0.407,0,0,1,1
0.17,0.27,0.41,0,0,1,1
0.17,0.27,0.413,0,0,1,1
0.17,0.27,0.416,0,0,1,1
0.17,0.27,0.419,0,0,1,1
0.17,0.27,0.422,0,0,1,1
0.17,0.27,0.425,0,0,1,1
0.17,0.27,0.427999,0,0,1,1
0.17,0.27,0.430999,0,0,1,1
0.17,0.27,0.433999,0,0,1,1
0.17,0.27,0.436999,0,0,1,1
0.17,0.27,0.439999,0,0,1,1
0.173,0.27,0.26,0,0,1,1
0.173,0.27,0.263,0,0,1,1
0.173,0.27,0.266,0,0,1,1
0.173,0.27,0.269,0,0,1,1
0.173,0.27,0.272,0,0,1,1
0.173,0.27,0.275,0,0,1,1
0.173,0.27,0.278,0,0,1,1
0.173,0.27,0.281,0,0,1,1
0.173,0.27,0.284,0,0,1,1
0.173,0.27,0.287,0,0,1,1
0.173,0.27,0.29,0,0,1,1
0.173,0.27,0.293,0,0,1,1
0.173,0.27,0.296,0,0,1,1
0.173,0.27,0.299,0,0,1,1
0.173,0.27,0.302,0,0,1,1
0.173,0.27,0.305,0,0,1,1
0.173,0.27,0.308,0,0,1,1
0.173,0.27,0.311,0,0,1,1
0.173,0.27,0.314,0,0,1,1
0.173,0.27,0.317,0,0,1,1
0.173,0.27,0.32,0,0,1,1
0.173,0.27,0.323,0,0,1,1
0.173,0.27,0.326,0,0,1,1
0.173,0.27,0.329,0,0,1,1
0.173,0.27,0.332,0,0,1,1
0.173,0.27,0.335,0,0,1,1
0.173,0.27,0.338,0,0,1,1
0.173,0.27,0.341,0,0,1,1
0.173,0.27,0.344,0,0,1,1
0.173,0.27,0.347,0,0,1,1
0.173,0.27,0.35,0,0,1,1
0.173,0.27,0.353,0,0,1,1
0.173,0.27,0.356,0,0,1,1
0.173,0.27,0.359,0,0,1,1
0.173,0.27,0.362,0,0,1,1
0.173,0.27,0.365,0,0,1,1
0.173,0.27,0.368,0,0,1,1
0.173,0.27,0.371,0,0,1,1
0.173,0.27,0.374,0,0,1,1
0.173,0.27,0.377,0,0,1,1
0.173,0.27,0.38,0,0,1,1
0.173,0.27,0.383,0,0,1,1
0.173,0.27,0.386,0,0,1,1
0.173,0.27,0.389,0,0,1,1
0.173,0.27,0.392,0,0,1,1
0.173,0.27,0.395,0,0,1,1
0.173,0.27,0.398,0,0,1,1
0.173,0.27,0.401,0,0,1,1
0.173,0.27,0.404,0,0,1,1
0.173,0.27,0.407,0,0,1,1
0.173,0.27,0.41,0,0,1,1
0.173,0.27,0.413,0,0,1,1
0.173,0.27,0.416,0,0,1,1
0.173,0.27,0.419,0,0,1,1
0.173,0.27,0.422,0,0,1,1
0.173,0.27,0.425,0,0,1,1
0.173,0.27,0.427999,0,0,1,1
0.173,0.27,0.430999,0,0,1,1
0.173,0.27,0.433999,0,0,1,1
0.173,0.27,0.436999,0,0,1,1
0.173,0.27,0.439999,0,0,1,1
0.176,0.27,0.26,0,0,1,1
0.176,0.27,0.263,0,0,1,1
0.176,0.27,0.266,0,0,1,1
0.176,0.27,0.269,0,0,1,1
0.176,0.27,0.272,0,0,1,1
0.176,0.27,0.275,0,0,1,1
0.176,0.27,0.278,0,0,1,1
0.176,0.27,0.281,0,0,1,1
0.176,0.27,0.284,0,0,1,1
0.176,0.27,0.287,0,0,1,1
0.176,0.27,0.29,0,0,1,1
0.176,0.27,0.293,0,0,1,1
0.176,0.27,0.296,0,0,1,1
0.176,0.27,0.299,0,0,1,1
0.176,0.27,0.302,0,0,1,1
0.176,0.27,0.305,0,0,1,1
0.176,0.27,0.308,0,0,1,1
0.176,0.27,0.311,0,0,1,1
0.176,0.27,0.314,0,0,1,1
0.176,0.27,0.317,0,0,1,1
0.176,0.27,0.32,0,0,1,1
0.176,0.27,0.323,0,0,1,1
0.176,0.27,0.326,0,0,1,1
0.176,0.27,0.329,0,0,1,1
0.176,0.27,0.332,0,0,1,1
0.176,0.27,0.335,0,0,1,1
0.176,0.27,0.338,0,0,1,1
0.176,0.27,0.341,0,0,1,1
0.176,0.27,0.344,0,0,1,1
0.176,0.27,0.347,0,0,1,1
0.176,0.27,0.35,0,0,1,1
0.176,0.27,0.353,0,0,1,1
0.176,0.27,0.356,0,0,1,1
0.176,0.27,0.359,0,0,1,1
0.176,0.27,0.362,0,0,1,1
0.176,0.27,0.365,0,0,1,1
0.176,0.27,0.368,0,0,1,1
0.176,0.27,0.371,0,0,1,1
0.176,0.27,0.374,0,0,1,1
0.176,0.27,0.377,0,0,1,1
0.176,0.27,0.38,0,0,1,1
0.176,0.27,0.383,0,0,1,1
0.176,0.27,0.386,0,0,1,1
0.176,0.27,0.389,0,0,1,1
0.176,0.27,0.392,0,0,1,1
0.176,0.27,0.395,0,0,1,1
0.176,0.27,0.398,0,0,1,1
0.176,0.27,0.401,0,0,1,1
0.176,0.27,0.404,0,0,1,1
0.176,0.27,0.407,0,0,1,1
0.176,0.27,0.41,0,0,1,1
0.176,0.27,0.413,0,0,1,1
0.176,0.27,0.416,0,0,1,1
0.176,0.27,0.419,0,0,1,1
0.176,0.27,0.422,0,0,1,1
0.176,0.27,0.425,0,0,1,1
0.176,0.27,0.427999,0,0,1,1
0.176,0.27,0.430999,0,0,1,1
0.176,0.27,0.433999,0,0,1,1
0.176,0.27,0.436999,0,0,1,1
0.176,0.27,0.439999,0,0,1,1
0.179,0.27,0.26,0,0,1,1
0.179,0.27,0.263,0,0,1,1
0.179,0.27,0.266,0,0,1,1
0.179,0.27,0.269,0,0,1,1
0.179,0.27,0.272,0,0,1,1
0.179,0.27,0.275,0,0,1,1
0.179,0.27,0.278,0,0,1,1
0.179,0.27,0.281,0,0,1,1
0.179,0.27,0.284,0,0,1,1
0.179,0.27,0.287,0,0,1,1
0.179,0.27,0.29,0,0,1,1
0.179,0.27,0.293,0,0,1,1
0.179,0.27,0.296,0,0,1,1
0.179,0.27,0.299,0,0,1,1
0.179,0.27,0.302,0,0,1,1
0.179,0.27,0.305,0,0,1,1
0.179,0.27,0.308,0,0,1,1
0.179,0.27,0.311,0,0,1,1
0.179,0.27,0.314,0,0,1,1
0.179,0.27,0.317,0,0,1,1
0.179,0.27,0.32,0,0,1,1
0.179,0.27,0.323,0,0,1,1
0.179,0.27,0.326,0,0,1,1
0.179,0.27,0.329,0,0,1,1
0.179,0.27,0.332,0,0,1,1
0.179,0.27,0.335,0,0,1,1
0.179,0.27,0.338,0,0,1,1
0.179,0.27,0.341,0,0,1,1
0.179,0.27,0.344,0,0,1,1
0.179,0.27,0.347,0,0,1,1
0.179,0.27,0.35,0,0,1,1
0.179,0.27,0.353,0,0,1,1
0.179,0.27,0.356,0,0,1,1
0.179,0.27,0.359,0,0,1,1
0.179,0.27,0.362,0,0,1,1
0.179,0.27,0.365,0,0,1,1
0.179,0.27,0.368,0,0,1,1
0.179,0.27,0.371,0,0,1,1
0.179,0.27,0.374,0,0,1,1
0.179,0.27,0.377,0,0,1,1
0.179,0.27,0.38,0,0,1,1
0.179,0.27,0.383,0,0,1,1
0.179,0.27,0.386,0,0,1,1
0.179,0.27,0.389,0,0,1,1
0.179,0.27,0.392,0,0,1,1
0.179,0.27,0.395,0,0,1,1
0.179,0.27,0.398,0,0,1,1
0.179,0.27,0.401,0,0,1,1
0.179,0.27,0.404,0,0,1,1
0.179,0.27,0.407,0,0,1,1
0.179,0.27,0.41,0,0,1,1
0.179,0.27,0.413,0,0,1,1
0.179,0.27,0.416,0,0,1,1
0.179,0.27,0.419,0,0,1,1
0.179,0.27,0.422,0,0,1,1
0.179,0.27,0.425,0,0,1,1
0.179,0.27,0.427999,0,0,1,1
0.179,0.27,0.430999,0,0,1,1
0.179,0.27,0.433999,0,0,1,1
0.179,0.27,0.436999,0,0,1,1
0.179,0.27,0.439999,0,0,1,1
0.182,0.27,0.26,0,0,1,1
0.182,0.27,0.263,0,0,1,1
0.182,0.27,0.266,0,0,1,1
0.182,0.27,0.269,0,0,1,1
0.182,0.27,0.272,0,0,1,1
0.182,0.27,0.275,0,0,1,1
0.182,0.27,0.278,0,0,1,1
0.182,0.27,0.281,0,0,1,1
0.182,0.27,0.284,0,0,1,1
0.182,0.27,0.287,0,0,1,1
0.182,0.27,0.29,0,0,1,1
0.182,0.27,0.293,0,0,1,1
0.182,0.27,0.296,0,0,1,1
0.182,0.27,0.299,0,0,1,1
0.182,0.27,0.302,0,0,1,1
0.182,0.27,0.305,0,0,1,1
0.182,0.27,0.308,0,0,1,1
0.182,0.27,0.311,0,0,1,1
0.182,0.27,0.314,0,0,1,1
0.182,0.27,0.317,0,0,1,1
0.182,0.27,0.32,0,0,1,1
0.182,0.27,0.323,0,0,1,1
0.182,0.27,0.326,0,0,1,1
0.182,0.27,0.329,0,0,1,1
0.182,0.27,0.332,0,0,1,1
0.182,0.27,0.335,0,0,1,1
0.182,0.27,0.338,0,0,1,1
0.182,0.27,0.341,0,0,1,1
0.182,0.27,0.344,0,0,1,1
0.182,0.27,0.347,0,0,1,1
0.182,0.27,0.35,0,0,1,1
0.182,0.27,0.353,0,0,1,1
0.182,0.27,0.356,0,0,1,1
0.182,0.27,0.359,0,0,1,1
0.182,0.27,0.362,0,0,1,1
0.182,0.27,0.365,0,0,1,1
0.182,0.27,0.368,0,0,1,1
0.182,0.27,0.371,0,0,1,1
0.182,0.27,0.374,0,0,1,1
0.182,0.27,0.377,0,0,1,1
0.182,0.27,0.38,0,0,1,1
0.182,0.27,0.383,0,0,1,1
0.182,0.27,0.386,0,0,1,1
0.182,0.27,0.389,0,0,1,1
0.182,0.27,0.392,0,0,1,1
0.182,0.27,0.395,0,0,1,1
0.182,0.27,0.398,0,0,1,1
0.182,0.27,0.401,0,0,1,1
0.182,0.27,0.404,0,0,1,1
0.182,0.27,0.407,0,0,1,1
0.182,0.27,0.41,0,0,1,1
0.182,0.27,0.413,0,0,1,1
0.182,0.27,0.416,0,0,1,1
0.182,0.27,0.419,0,0,1,1
0.182,0.27,0.422,0,0,1,1
0.182,0.27,0.425,0,0,1,1
0.182,0.27,0.427999,0,0,1,1
0.182,0.27,0.430999,0,0,1,1
0.182,0.27,0.433999,0,0,1,1
0.182,0.27,0.436999,0,0,1,1
0.182,0.27,0.439999,0,0,1,1
0.185,0.27,0.26,0,0,1,1
0.185,0.27,0.263,0,0,1,1
0.185,0.27,0.266,0,0,1,1
0.185,0.27,0.269,0,0,1,1
0.185,0.27,0.272,0,0,1,1
0.185,0.27,0.275,0,0,1,1
0.185,0.27,0.278,0,0,1,1
0.185,0.27,0.281,0,0,1,1
0.185,0.27,0.284,0,0,1,1
0.185,0.27,0.287,0,0,1,1
0.185,0.27,0.29,0,0,1,1
0.185,0.27,0.293,0,0,1,1
0.185,0.27,0.296,0,0,1,1
0.185,0.27,0.299,0,0,1,1
0.185,0.27,0.302,0,0,1,1
0.185,0.27,0.305,0,0,1,1
0.185,0.27,0.308,0,0,1,1
0.185,0.27,0.311,0,0,1,1
0.185,0.27,0.314,0,0,1,1
0.185,0.27,0.317,0,0,1,1
0.185,0.27,0.32,0,0,1,1
0.185,0.27,0.323,0,0,1,1
0.185,0.27,0.326,0,0,1,1
0.185,0.27,0.329,0,0,1,1
0.185,0.27,0.332,0,0,1,1
0.185,0.27,0.335,0,0,1,1
0.185,0.27,0.338,0,0,1,1
0.185,0.27,0.341,0,0,1,1
0.185,0.27,0.344,0,0,1,1
0.185,0.27,0.347,0,0,1,1
0.185,0.27,0.35,0,0,1,1
0.185,0.27,0.353,0,0,1,1
0.185,0.27,0.356,0,0,1,1
0.185,0.27,0.359,0,0,1,1
0.185,0.27,0.362,0,0,1,1
0.185,0.27,0.365,0,0,1,1
0.185,0.27,0.368,0,0,1,1
0.185,0.27,0.371,0,0,1,1
0.185,0.27,0.374,0,0,1,1
0.185,0.27,0.377,0,0,1,1
0.185,0.27,0.38,0,0,1,1
0.185,0.27,0.383,0,0,1,1
0.185,0.27,0.386,0,0,1,1
0.185,0.27,0.389,0,0,1,1
0.185,0.27,0.392,0,0,1,1
0.185,0.27,0.395,0,0,1,1
0.185,0.27,0.398,0,0,1,1
0.185,0.27,0.401,0,0,1,1
0.185,0.27,0.404,0,0,1,1
0.185,0.27,0.407,0,0,1,1
0.185,0.27,0.41,0,0,1,1
0.185,0.27,0.413,0,0,1,1
0.185,0.27,0.416,0,0,1,1
0.185,0.27,0.419,0,0,1,1
0.185,0.27,0.422,0,0,1,1
0.185,0.27,0.425,0,0,1,1
0.185,0.27,0.427999,0,0,1,1
0.185,0.27,0.430999,0,0,1,1
0.185,0.27,0.433999,0,0,1,1
0.185,0.27,0.436999,0,0,1,1
0.185,0.27,0.439999,0,0,1,1
0.188,0.27,0.26,0,0,1,1
0.188,0.27,0.263,0,0,1,1
0.188,0.27,0.266,0,0,1,1
0.188,0.27,0.269,0,0,1,1
0.188,0.27,0.272,0,0,1,1
0.188,0.27,0.275,0,0,1,1
0.188,0.27,0.278,0,0,1,1
0.188,0.27,0.281,0,0,1,1
0.188,0.27,0.284,0,0,1,1
0.188,0.27,0.287,0,0,1,1
0.188,0.27,0.29,0,0,1,1
0.188,0.27,0.293,0,0,1,1
0.188,0.27,0.296,0,0,1,1
0.188,0.27,0.299,0,0,1,1
0.188,0.27,0.302,0,0,1,1
0.188,0.27,0.305,0,0,1,1
0.188,0.27,0.308,0,0,1,1
0.188,0.27,0.311,0,0,1,1
0.188,0.27,0.314,0,0,1,1
0.188,0.27,0.317,0,0,1,1
0.188,0.27,0.32,0,0,1,1
0.188,0.27,0.323,0,0,1,1
0.188,0.27,0.326,0,0,1,1
0.188,0.27,0.329,0,0,1,1
0.188,0.27,0.332,0,0,1,1
0.188,0.27,0.335,0,0,1,1
0.188,0.27,0.338,0,0,1,1
0.188,0.27,0.341,0,0,1,1
0.188,0.27,0.344,0,0,1,1
0.188,0.27,0.347,0,0,1,1
0.188,0.27,0.35,0,0,1,1
0.188,0.27,0.353,0,0,1,1
0.188,0.27,0.356,0,0,1,1
0.188,0.27,0.359,0,0,1,1
0.188,0.27,0.362,0,0,1,1
0.188,0.27,0.365,0,0,1,1
0.188,0.27,0.368,0,0,1,1
0.188,0.27,0.371,0,0,1,1
0.188,0.27,0.374,0,0,1,1
0.188,0.27,0.377,0,0,1,1
0.188,0.27,0.38,0,0,1,1
0.188,0.27,0.383,0,0,1,1
0.188,0.27,0.386,0,0,1,1
0.188,0.27,0.389,0,0,1,1
0.188,0.27,0.392,0,0,1,1
0.188,0.27,0.395,0,0,1,1
0.188,0.27,0.398,0,0,1,1
0.188,0.27,0.401,0,0,1,1
0.188,0.27,0.404,0,0,1,1
0.188,0.27,0.407,0,0,1,1
0.188,0.27,0.41,0,0,1,1
0.188,0.27,0.413,0,0,1,1
0.188,0.27,0.416,0,0,1,1
0.188,0.27,0.419,0,0,1,1
0.188,0.27,0.422,0,0,1,1
0.188,0.27,0.425,0,0,1,1
0.188,0.27,0.427999,0,0,1,1
0.188,0.27,0.430999,0,0,1,1
0.188,0.27,0.433999,0,0,1,1
0.188,0.27,0.436999,0,0,1,1
0.188,0.27,0.439999,0,0,1,1
0.191,0.27,0.26,0,0,1,1
0.191,0.27,0.263,0,0,1,1
0.191,0.27,0.266,0,0,1,1
0.191,0.27,0.269,0,0,1,1
0.191,0.27,0.272,0,0,1,1
0.191,0.27,0.275,0,0,1,1
0.191,0.27,0.278,0,0,1,1
0.191,0.27,0.281,0,0,1,1
0.191,0.27,0.284,0,0,1,1
0.191,0.27,0.287,0,0,1,1
0.191,0.27,0.29,0,0,1,1
0.191,0.27,0.293,0,0,1,1
0.191,0.27,0.296,0,0,1,1
0.191,0.27,0.299,0,0,1,1
0.191,0.27,0.302,0,0,1,1
0.191,0.27,0.305,0,0,1,1
0.191,0.27,0.308,0,0,1,1
0.191,0.27,0.311,0,0,1,1
0.191,0.27,0.314,0,0,1,1
0.191,0.27,0.317,0,0,1,1
0.191,0.27,0.32,0,0,1,1
0.191,0.27,0.323,0,0,1,1
0.191,0.27,0.326,0,0,1,1
0.191,0.27,0.329,0,0,1,1
0.191,0.27,0.332,0,0,1,1
0.191,0.27,0.335,0,0,1,1
0.191,0.27,0.338,0,0,1,1
0.191,0.27,0.341,0,0,1,1
0.191,0.27,0.344,0,0,1,1
0.191,0.27,0.347,0,0,1,1
0.191,0.27,0.35,0,0,1,1
0.191,0.27,0.353,0,0,1,1
0.191,0.27,0.356,0,0,1,1
0.191,0.27,0.359,0,0,1,1
0.191,0.27,0.362,0,0,1,1
0.191,0.27,0.365,0,0,1,1
0.191,0.27,0.368,0,0,1,1
0.191,0.27,0.371,0,0,1,1
0.191,0.27,0.374,0,0,1,1
0.191,0.27,0.377,0,0,1,1
0.191,0.27,0.38,0,0,1,1
0.191,0.27,0.383,0,0,1,1
0.191,0.27,0.386,0,0,1,1
0.191,0.27,0.389,0,0,1,1
0.191,0.27,0.392,0,0,1,1
0.191,0.27,0.395,0,0,1,1
0.191,0.27,0.398,0,0,1,1
0.191,0.27,0.401,0,0,1,1
0.191,0.27,0.404,0,0,1,1
0.191,0.27,0.407,0,0,1,1
0.191,0.27,0.41,0,0,1,1
0.191,0.27,0.413,0,0,1,1
0.191,0.27,0.416,0,0,1,1
0.191,0.27,0.419,0,0,1,1
0.191,0.27,0.422,0,0,1,1
0.191,0.27,0.425,0,0,1,1
0.191,0.27,0.427999,0,0,1,1
0.191,0.27,0.430999,0,0,1,1
0.191,0.27,0.433999,0,0,1,1
0.191,0.27,0.436999,0,0,1,1
0.191,0.27,0.439999,0,0,1,1
0.194,0.27,0.26,0,0,1,1
0.194,0.27,0.263,0,0,1,1
0.194,0.27,0.266,0,0,1,1
0.194,0.27,0.269,0,0,1,1
0.194,0.27,0.272,0,0,1,1
0.194,0.27,0.275,0,0,1,1
0.194,0.27,0.278,0,0,1,1
0.194,0.27,0.281,0,0,1,1
0.194,0.27,0.284,0,0,1,1
0.194,0.27,0.287,0,0,1,1
0.194,0.27,0.29,0,0,1,1
0.194,0.27,0.293,0,0,1,1
0.194,0.27,0.296,0,0,1,1
0.194,0.27,0.299,0,0,1,1
0.194,0.27,0.302,0,0,1,1
0.194,0.27,0.305,0,0,1,1
0.194,0.27,0.308,0,0,1,1
0.194,0.27,0.311,0,0,1,1
0.194,0.27,0.314,0,0,1,1
0.194,0.27,0.317,0,0,1,1
0.194,0.27,0.32,0,0,1,1
0.194,0.27,0.323,0,0,1,1
0.194,0.27,0.326,0,0,1,1
0.194,0.27,0.329,0,0,1,1
0.194,0.27,0.332,0,0,1,1
0.194,0.27,0.335,0,0,1,1
0.194,0.27,0.338,0,0,1,1
0.194,0.27,0.341,0,0,1,1
0.194,0.27,0.344,0,0,1,1
0.194,0.27,0.347,0,0,1,1
0.194,0.27,0.35,0,0,1,1
0.194,0.27,0.353,0,0,1,1
0.194,0.27,0.356,0,0,1,1
0.194,0.27,0.359,0,0,1,1
0.194,0.27,0.362,0,0,1,1
0.194,0.27,0.365,0,0,1,1
0.194,0.27,0.368,0,0,1,1
0.194,0.27,0.371,0,0,1,1
0.194,0.27,0.374,0,0,1,1
0.194,0.27,0.377,0,0,1,1
0.194,0.27,0.38,0,0,1,1
0.194,0.27,0.383,0,0,1,1
0.194,0.27,0.386,0,0,1,1
0.194,0.27,0.389,0,0,1,1
0.194,0.27,0.392,0,0,1,1
0.194,0.27,0.395,0,0,1,1
0.194,0.27,0.398,0,0,1,1
0.194,0.27,0.401,0,0,1,1
0.194,0.27,0.404,0,0,1,1
0.194,0.27,0.407,0,0,1,1
0.194,0.27,0.41,0,0,1,1
0.194,0.27,0.413,0,0,1,1
0.194,0.27,0.416,0,0,1,1
0.194,0.27,0.419,0,0,1,1
0.194,0.27,0.422,0,0,1,1
0.194,0.27,0.425,0,0,1,1
0.194,0.27,0.427999,0,0,1,1
0.194,0.27,0.430999,0,0,1,1
0.194,0.27,0.433999,0,0,1,1
0.194,0.27,0.436999,0,0,1,1
0.194,0.27,0.439999,0,0,1,1
0.197,0.27,0.26,0,0,1,1
0.197,0.27,0.263,0,0,1,1
0.197,0.27,0.266,0,0,1,1
0.197,0.27,0.269,0,0,1,1
0.197,0.27,0.272,0,0,1,1
0.197,0.27,0.275,0,0,1,1
0.197,0.27,0.278,0,0,1,1
0.197,0.27,0.281,0,0,1,1
0.197,0.27,0.284,0,0,1,1
0.197,0.27,0.287,0,0,1,1
0.197,0.27,0.29,0,0,1,1
0.197,0.27,0.293,0,0,1,1
0.197,0.27,0.296,0,0,1,1
0.197,0.27,0.299,0,0,1,1
0.197,0.27,0.302,0,0,1,1
0.197,0.27,0.305,0,0,1,1
0.197,0.27,0.308,0,0,1,1
0.197,0.27,0.311,0,0,1,1
0.197,0.27,0.314,0,0,1,1
0.197,0.27,0.317,0,0,1,1
0.197,0.27,0.32,0,0,1,1
0.197,0.27,0.323,0,0,1,1
0.197,0.27,0.326,0,0,1,1
0.197,0.27,0.329,0,0,1,1
0.197,0.27,0.332,0,0,1,1
0.197,0.27,0.335,0,0,1,1
0.197,0.27,0.338,0,0,1,1
0.197,0.27,0.341,0,0,1,1
0.197,0.27,0.344,0,0,1,1
0.197,0.27,0.347,0,0,1,1
0.197,0.27,0.35,0,0,1,1
0.197,0.27,0.353,0,0,1,1
0.197,0.27,0.356,0,0,1,1
0.197,0.27,0.359,0,0,1,1
0.197,0.27,0.362,0,0,1,1
0.197,0.27,0.365,0,0,1,1
0.197,0.27,0.368,0,0,1,1
0.197,0.27,0.371,0,0,1,1
0.197,0.27,0.374,0,0,1,1
0.197,0.27,0.377,0,0,1,1
0.197,0.27,0.38,0,0,1,1
0.197,0.27,0.383,0,0,1,1
0.197,0.27,0.386,0,0,1,1
0.197,0.27,0.389,0,0,1,1
0.197,0.27,0.392,0,0,1,1
0.197,0.27,0.395,0,0,1,1
0.197,0.27,0.398,0,0,1,1
0.197,0.27,0.401,0,0,1,1
0.197,0.27,0.404,0,0,1,1
0.197,0.27,0.407,0,0,1,1
0.197,0.27,0.41,0,0,1,1
0.197,0.27,0.413,0,0,1,1
0.197,0.27,0.416,0,0,1,1
0.197,0.27,0.419,0,0,1,1
0.197,0.27,0.422,0,0,1,1
0.197,0.27,0.425,0,0,1,1
0.197,0.27,0.427999,0,0,1,1
0.197,0.27,0.430999,0,0,1,1
0.197,0.27,0.433999,0,0,1,1
0.197,0.27,0.436999,0,0,1,1
0.197,0.27,0.439999,0,0,1,1
0.2,0.27,0.26,0,0,1,1
0.2,0.27,0.263,0,0,1,1
0.2,0.27,0.266,0,0,1,1
0.2,0.27,0.269,0,0,1,1
0.2,0.27,0.272,0,0,1,1
0.2,0.27,0.275,0,0,1,1
0.2,0.27,0.278,0,0,1,1
0.2,0.27,0.281,0,0,1,1
0.2,0.27,0.284,0,0,1,1
0.2,0.27,0.287,0,0,1,1
0.2,0.27,0.29,0,0,1,1
0.2,0.27,0.293,0,0,1,1
0.2,0.27,0.296,0,0,1,1
0.2,0.27,0.299,0,0,1,1
0.2,0.27,0.302,0,0,1,1
0.2,0.27,0.305,0,0,1,1
0.2,0.27,0.308,0,0,1,1
0.2,0.27,0.311,0,0,1,1
0.2,0.27,0.314,0,0,1,1
0.2,0.27,0.317,0,0,1,1
0.2,0.27,0.32,0,0,1,1
0.2,0.27,0.323,0,0,1,1
0.2,0.27,0.326,0,0,1,1
0.2,0.27,0.329,0,0,1,1
0.2,0.27,0.332,0,0,1,1
0.2,0.27,0.335,0,0,1,1
0.2,0.27,0.338,0,0,1,1
0.2,0.27,0.341,0,0,1,1
0.2,0.27,0.344,0,0,1,1
0.2,0.27,0.347,0,0,1,1
0.2,0.27,0.35,0,0,1,1
0.2,0.27,0.353,0,0,1,1
0.2,0.27,0.356,0,0,1,1
0.2,0.27,0.359,0,0,1,1
0.2,0.27,0.362,0,0,1,1
0.2,0.27,0.365,0,0,1,1
0.2,0.27,0.368,0,0,1,1
0.2,0.27,0.371,0,0,1,1
0.2,0.27,0.374,0,0,1,1
0.2,0.27,0.377,0,0,1,1
0.2,0.27,0.38,0,0,1,1
0.2,0.27,0.383,0,0,1,1
0.2,0.27,0.386,0,0,1,1
0.2,0.27,0.389,0,0,1,1
0.2,0.27,0.392,0,0,1,1
0.2,0.27,0.395,0,0,1,1
0.2,0.27,0.398,0,0,1,1
0.2,0.27,0.401,0,0,1,1
0.2,0.27,0.404,0,0,1,1
0.2,0.27,0.407,0,0,1,1
0.2,0.27,0.41,0,0,1,1
0.2,0.27,0.413,0,0,1,1
0.2,0.27,0.416,0,0,1,1
0.2,0.27,0.419,0,0,1,1
0.2,0.27,0.422,0,0,1,1
0.2,0.27,0.425,0,0,1,1
0.2,0.27,0.427999,0,0,1,1
0.2,0.27,0.430999,0,0,1,1
0.2,0.27,0.433999,0,0,1,1
0.2,0.27,0.436999,0,0,1,1
0.2,0.27,0.439999,0,0,1,1
0.203,0.27,0.26,0,0,1,1
0.203,0.27,0.263,0,0,1,1
0.203,0.27,0.266,0,0,1,1
0.203,0.27,0.269,0,0,1,1
0.203,0.27,0.272,0,0,1,1
0.203,0.27,0.275,0,0,1,1
0.203,0.27,0.278,0,0,1,1
0.203,0.27,0.281,0,0,1,1
0.203,0.27,0.284,0,0,1,1
0.203,0.27,0.287,0,0,1,1
0.203,0.27,0.29,0,0,1,1
0.203,0.27,0.293,0,0,1,1
0.203,0.27,0.296,0,0,1,1
0.203,0.27,0.299,0,0,1,1
0.203,0.27,0.302,0,0,1,1
0.203,0.27,0.305,0,0,1,1
0.203,0.27,0.308,0,0,1,1
0.203,0.27,0.311,0,0,1,1
0.203,0.27,0.314,0,0,1,1
0.203,0.27,0.317,0,0,1,1
0.203,0.27,0.32,0,0,1,1
0.203,0.27,0.323,0,0,1,1
0.203,0.27,0.326,0,0,1,1
0.203,0.27,0.329,0,0,1,1
0.203,0.27,0.332,0,0,1,1
0.203,0.27,0.335,0,0,1,1
0.203,0.27,0.338,0,0,1,1
0.203,0.27,0.341,0,0,1,1
0.203,0.27,0.344,0,0,1,1
0.203,0.27,0.347,0,0,1,1
0.203,0.27,0.35,0,0,1,1
0.203,0.27,0.353,0,0,1,1
0.203,0.27,0.356,0,0,1,1
0.203,0.27,0.359,0,0,1,1
0.203,0.27,0.362,0,0,1,1
0.203,0.27,0.365,0,0,1,1
0.203,0.27,0.368,0,0,1,1
0.203,0.27,0.371,0,0,1,1
0.203,0.27,0.374,0,0,1,1
0.203,0.27,0.377,0,0,1,1
0.203,0.27,0.38,0,0,1,1
0.203,0.27,0.383,0,0,1,1
0.203,0.27,0.386,0,0,1,1
0.203,0.27,0.389,0,0,1,1
0.203,0.27,0.392,0,0,1,1
0.203,0.27,0.395,0,0,1,1
0.203,0.27,0.398,0,0,1,1
0.203,0.27,0.401,0,0,1,1
0.203,0.27,0.404,0,0,1,1
0.203,0.27,0.407,0,0,1,1
0.203,0.27,0.41,0,0,1,1
0.203,0.27,0.413,0,0,1,1
0.203,0.27,0.416,0,0,1,1
0.203,0.27,0.419,0,0,1,1
0.203,0.27,0.422,0,0,1,1
0.203,0.27,0.425,0,0,1,1
0.203,0.27,0.427999,0,0,1,1
0.203,0.27,0.430999,0,0,1,1
0.203,0.27,0.433999,0,0,1,1
0.203,0.27,0.436999,0,0,1,1
0.203,0.27,0.439999,0,0,1,1
0.206,0.27,0.26,0,0,1,1
0.206,0.27,0.263,0,0,1,1
0.206,0.27,0.266,0,0,1,1
0.206,0.27,0.269,0,0,1,1
0.206,0.27,0.272,0,0,1,1
0.206,0.27,0.275,0,0,1,1
0.206,0.27,0.278,0,0,1,1
0.206,0.27,0.281,0,0,1,1
0.206,0.27,0.284,0,0,1,1
0.206,0.27,0.287,0,0,1,1
0.206,0.27,0.29,0,0,1,1
0.206,0.27,0.293,0,0,1,1
0.206,0.27,0.296,0,0,1,1
0.206,0.27,0.299,0,0,1,1
0.206,0.27,0.302,0,0,1,1
0.206,0.27,0.305,0,0,1,1
0.206,0.27,0.308,0,0,1,1
0.206,0.27,0.311,0,0,1,1
0.206,0.27,0.314,0,0,1,1
0.206,0.27,0.317,0,0,1,1
0.206,0.27,0.32,0,0,1,1
0.206,0.27,0.323,0,0,1,1
0.206,0.27,0.326,0,0,1,1
0.206,0.27,0.329,0,0,1,1
0.206,0.27,0.332,0,0,1,1
0.206,0.27,0.335,0,0,1,1
0.206,0.27,0.338,0,0,1,1
0.206,0.27,0.341,0,0,1,1
0.206,0.27,0.344,0,0,1,1
0.206,0.27,0.347,0,0,1,1
0.206,0.27,0.35,0,0,1,1
0.206,0.27,0.353,0,0,1,1
0.206,0.27,0.356,0,0,1,1
0.206,0.27,0.359,0,0,1,1
0.206,0.27,0.362,0,0,1,1
0.206,0.27,0.365,0,0,1,1
0.206,0.27,0.368,0,0,1,1
0.206,0.27,0.371,0,0,1,1
0.206,0.27,0.374,0,0,1,1
0.206,0.27,0.377,0,0,1,1
0.206,0.27,0.38,0,0,1,1
0.206,0.27,0.383,0,0,1,1
0.206,0.27,0.386,0,0,1,1
0.206,0.27,0.389,0,0,1,1
0.206,0.27,0.392,0,0,1,1
0.206,0.27,0.395,0,0,1,1
0.206,0.27,0.398,0,0,1,1
0.206,0.27,0.401,0,0,1,1
0.206,0.27,0.404,0,0,1,1
0.206,0.27,0.407,0,0,1,1
0.206,0.27,0.41,0,0,1,1
0.206,0.27,0.413,0,0,1,1
0.206,0.27,0.416,0,0,1,1
0.206,0.27,0.419,0,0,1,1
0.206,0.27,0.422,0,0,1,1
0.206,0.27,0.425,0,0,1,1
0.206,0.27,0.427999,0,0,1,1
0.206,0.27,0.430999,0,0,1,1
0.206,0.27,0.433999,0,0,1,1
0.206,0.27,0.436999,0,0,1,1
0.206,0.27,0.439999,0,0,1,1
0.209,0.27,0.26,0,0,1,1
0.209,0.27,0.263,0,0,1,1
0.209,0.27,0.266,0,0,1,1
0.209,0.27,0.269,0,0,1,1
0.209,0.27,0.272,0,0,1,1
0.209,0.27,0.275,0,0,1,1
0.209,0.27,0.278,0,0,1,1
0.209,0.27,0.281,0,0,1,1
0.209,0.27,0.284,0,0,1,1
0.209,0.27,0.287,0,0,1,1
0.209,0.27,0.29,0,0,1,1
0.209,0.27,0.293,0,0,1,1
0.209,0.27,0.296,0,0,1,1
0.209,0.27,0.299,0,0,1,1
0.209,0.27,0.302,0,0,1,1
0.209,0.27,0.305,0,0,1,1
0.209,0.27,0.308,0,0,1,1
0.209,0.27,0.311,0,0,1,1
0.209,0.27,0.314,0,0,1,1
0.209,0.27,0.317,0,0,1,1
0.209,0.27,0.32,0,0,1,1
0.209,0.27,0.323,0,0,1,1
0.209,0.27,0.326,0,0,1,1
0.209,0.27,0.329,0,0,1,1
0.209,0.27,0.332,0,0,1,1
0.209,0.27,0.335,0,0,1,1
0.209,0.27,0.338,0,0,1,1
0.209,0.27,0.341,0,0,1,1
0.209,0.27,0.344,0,0,1,1
0.209,0.27,0.347,0,0,1,1
0.209,0.27,0.35,0,0,1,1
0.209,0.27,0.353,0,0,1,1
0.209,0.27,0.356,0,0,1,1
0.209,0.27,0.359,0,0,1,1
0.209,0.27,0.362,0,0,1,1
0.209,0.27,0.365,0,0,1,1
0.209,0.27,0.368,0,0,1,1
0.209,0.27,0.371,0,0,1,1
0.209,0.27,0.374,0,0,1,1
0.209,0.27,0.377,0,0,1,1
0.209,0.27,0.38,0,0,1,1
0.209,0.27,0.383,0,0,1,1
0.209,0.27,0.386,0,0,1,1
0.209,0.27,0.389,0,0,1,1
0.209,0.27,0.392,0,0,1,1
0.209,0.27,0.395,0,0,1,1
0.209,0.27,0.398,0,0,1,1
0.209,0.27,0.401,0,0,1,1
0.209,0.27,0.404,0,0,1,1
0.209,0.27,0.407,0,0,1,1
0.209,0.27,0.41,0,0,1,1
0.209,0.27,0.413,0,0,1,1
0.209,0.27,0.416,0,0,1,1
0.209,0.27,0.419,0,0,1,1
0.209,0.27,0.422,0,0,1,1
0.209,0.27,0.425,0,0,1,1
0.209,0.27,0.427999,0,0,1,1
0.209,0.27,0.430999,0,0,1,1
0.209,0.27,0.433999,0,0,1,1
0.209,0.27,0.436999,0,0,1,1
0.209,0.27,0.439999,0,0,1,1
0.212,0.27,0.26,0,0,1,1
0.212,0.27,0.263,0,0,1,1
0.212,0.27,0.266,0,0,1,1
0.212,0.27,0.269,0,0,1,1
0.212,0.27,0.272,0,0,1,1
0.212,0.27,0.275,0,0,1,1
0.212,0.27,0.278,0,0,1,1
0.212,0.27,0.281,0,0,1,1
0.212,0.27,0.284,0,0,1,1
0.212,0.27,0.287,0,0,1,1
0.212,0.27,0.29,0,0,1,1
0.212,0.27,0.293,0,0,1,1
0.212,0.27,0.296,0,0,1,1
0.212,0.27,0.299,0,0,1,1
0.212,0.27,0.302,0,0,1,1
0.212,0.27,0.305,0,0,1,1
0.212,0.27,0.308,0,0,1,1
0.212,0.27,0.311,0,0,1,1
0.212,0.27,0.314,0,0,1,1
0.212,0.27,0.317,0,0,1,1
0.212,0.27,0.32,0,0,1,1
0.212,0.27,0.323,0,0,1,1
0.212,0.27,0.326,0,0,1,1
0.212,0.27,0.329,0,0,1,1
0.212,0.27,0.332,0,0,1,1
0.212,0.27,0.335,0,0,1,1
0.212,0.27,0.338,0,0,1,1
0.212,0.27,0.341,0,0,1,1
0.212,0.27,0.344,0,0,1,1
0.212,0.27,0.347,0,0,1,1
0.212,0.27,0.35,0,0,1,1
0.212,0.27,0.353,0,0,1,1
0.212,0.27,0.356,0,0,1,1
0.212,0.27,0.359,0,0,1,1
0.212,0.27,0.362,0,0,1,1
0.212,0.27,0.365,0,0,1,1
0.212,0.27,0.368,0,0,1,1
0.212,0.27,0.371,0,0,1,1
0.212,0.27,0.374,0,0,1,1
0.212,0.27,0.377,0,0,1,1
0.212,0.27,0.38,0,0,1,1
0.212,0.27,0.383,0,0,1,1
0.212,0.27,0.386,0,0,1,1
0.212,0.27,0.389,0,0,1,1
0.212,0.27,0.392,0,0,1,1
0.212,0.27,0.395,0,0,1,1
0.212,0.27,0.398,0,0,1,1
0.212,0.27,0.401,0,0,1,1
0.212,0.27,0.404,0,0,1,1
0.212,0.27,0.407,0,0,1,1
0.212,0.27,0.41,0,0,1,1
0.212,0.27,0.413,0,0,1,1
0.212,0.27,0.416,0,0,1,1
0.212,0.27,0.419,0,0,1,1
0.212,0.27,0.422,0,0,1,1
0.212,0.27,0.425,0,0,1,1
0.212,0.27,0.427999,0,0,1,1
0.212,0.27,0.430999,0,0,1,1
0.212,0.27,0.433999,0,0,1,1
0.212,0.27,0.436999,0,0,1,1
0.212,0.27,0.439999,0,0,1,1
0.215,0.27,0.26,0,0,1,1
0.215,0.27,0.263,0,0,1,1
0.215,0.27,0.266,0,0,1,1
0.215,0.27,0.269,0,0,1,1
0.215,0.27,0.272,0,0,1,1
0.215,0.27,0.275,0,0,1,1
0.215,0.27,0.278,0,0,1,1
0.215,0.27,0.281,0,0,1,1
0.215,0.27,0.284,0,0,1,1
0.215,0.27,0.287,0,0,1,1
0.215,0.27,0.29,0,0,1,1
0.215,0.27,0.293,0,0,1,1
0.215,0.27,0.296,0,0,1,1
0.215,0.27,0.299,0,0,1,1
0.215,0.27,0.302,0,0,1,1
0.215,0.27,0.305,0,0,1,1
0.215,0.27,0.308,0,0,1,1
0.215,0.27,0.311,0,0,1,1
0.215,0.27,0.314,0,0,1,1
0.215,0.27,0.317,0,0,1,1
0.215,0.27,0.32,0,0,1,1
0.215,0.27,0.323,0,0,1,1
0.215,0.27,0.326,0,0,1,1
0.215,0.27,0.329,0,0,1,1
0.215,0.27,0.332,0,0,1,1
0.215,0.27,0.335,0,0,1,1
0.215,0.27,0.338,0,0,1,1
0.215,0.27,0.341,0,0,1,1
0.215,0.27,0.344,0,0,1,1
0.215,0.27,0.347,0,0,1,1
0.215,0.27,0.35,0,0,1,1
0.215,0.27,0.353,0,0,1,1
0.215,0.27,0.356,0,0,1,1
0.215,0.27,0.359,0,0,1,1
0.215,0.27,0.362,0,0,1,1
0.215,0.27,0.365,0,0,1,1
0.215,0.27,0.368,0,0,1,1
0.215,0.27,0.371,0,0,1,1
0.215,0.27,0.374,0,0,1,1
0.215,0.27,0.377,0,0,1,1
0.215,0.27,0.38,0,0,1,1
0.215,0.27,0.383,0,0,1,1
0.215,0.27,0.386,0,0,1,1
0.215,0.27,0.389,0,0,1,1
0.215,0.27,0.392,0,0,1,1
0.215,0.27,0.395,0,0,1,1
0.215,0.27,0.398,0,0,1,1
0.215,0.27,0.401,0,0,1,1
0.215,0.27,0.404,0,0,1,1
0.215,0.27,0.407,0,0,1,1
0.215,0.27,0.41,0,0,1,1
0.215,0.27,0.413,0,0,1,1
0.215,0.27,0.416,0,0,1,1
0.215,0.27,0.419,0,0,1,1
0.215,0.27,0.422,0,0,1,1
0.215,0.27,0.425,0,0,1,1
0.215,0.27,0.427999,0,0,1,1
0.215,0.27,0.430999,0,0,1,1
0.215,0.27,0.433999,0,0,1,1
0.215,0.27,0.436999,0,0,1,1
0.215,0.27,0.439999,0,0,1,1
0.218,0.27,0.26,0,0,1,1
0.218,0.27,0.263,0,0,1,1
0.218,0.27,0.266,0,0,1,1
0.218,0.27,0.269,0,0,1,1
0.218,0.27,0.272,0,0,1,1
0.218,0.27,0.275,0,0,1,1
0.218,0.27,0.278,0,0,1,1
0.218,0.27,0.281,0,0,1,1
0.218,0.27,0.284,0,0,1,1
0.218,0.27,0.287,0,0,1,1
0.218,0.27,0.29,0,0,1,1
0.218,0.27,0.293,0,0,1,1
0.218,0.27,0.296,0,0,1,1
0.218,0.27,0.299,0,0,1,1
0.218,0.27,0.302,0,0,1,1
0.218,0.27,0.305,0,0,1,1
0.218,0.27,0.308,0,0,1,1
0.218,0.27,0.311,0,0,1,1
0.218,0.27,0.314,0,0,1,1
0.218,0.27,0.317,0,0,1,1
0.218,0.27,0.32,0,0,1,1
0.218,0.27,0.323,0,0,1,1
0.218,0.27,0.326,0,0,1,1
0.218,0.27,0.329,0,0,1,1
0.218,0.27,0.332,0,0,1,1
0.218,0.27,0.335,0,0,1,1
0.218,0.27,0.338,0,0,1,1
0.218,0.27,0.341,0,0,1,1
0.218,0.27,0.344,0,0,1,1
0.218,0.27,0.347,0,0,1,1
0.218,0.27,0.35,0,0,1,1
0.218,0.27,0.353,0,0,1,1
0.218,0.27,0.356,0,0,1,1
0.218,0.27,0.359,0,0,1,1
0.218,0.27,0.362,0,0,1,1
0.218,0.27,0.365,0,0,1,1
0.218,0.27,0.368,0,0,1,1
0.218,0.27,0.371,0,0,1,1
0.218,0.27,0.374,0,0,1,1
0.218,0.27,0.377,0,0,1,1
0.218,0.27,0.38,0,0,1,1
0.218,0.27,0.383,0,0,1,1
0.218,0.27,0.386,0,0,1,1
0.218,0.27,0.389,0,0,1,1
0.218,0.27,0.392,0,0,1,1
0.218,0.27,0.395,0,0,1,1
0.218,0.27,0.398,0,0,1,1
0.218,0.27,0.401,0,0,1,1
0.218,0.27,0.404,0,0,1,1
0.218,0.27,0.407,0,0,1,1
0.218,0.27,0.41,0,0,1,1
0.218,0.27,0.413,0,0,1,1
0.218,0.27,0.416,0,0,1,1
0.218,0.27,0.419,0,0,1,1
0.218,0.27,0.422,0,0,1,1
0.218,0.27,0.425,0,0,1,1
0.218,0.27,0.427999,0,0,1,1
0.218,0.27,0.430999,0,0,1,1
0.218,0.27,0.433999,0,0,1,1
0.218,0.27,0.436999,0,0,1,1
0.218,0.27,0.439999,0,0,1,1
0.221,0.27,0.26,0,0,1,1
0.221,0.27,0.263,0,0,1,1
0.221,0.27,0.266,0,0,1,1
0.221,0.27,0.269,0,0,1,1
0.221,0.27,0.272,0,0,1,1
0.221,0.27,0.275,0,0,1,1
0.221,0.27,0.278,0,0,1,1
0.221,0.27,0.281,0,0,1,1
0.221,0.27,0.284,0,0,1,1
0.221,0.27,0.287,0,0,1,1
0.221,0.27,0.29,0,0,1,1
0.221,0.27,0.293,0,0,1,1
0.221,0.27,0.296,0,0,1,1
0.221,0.27,0.299,0,0,1,1
0.221,0.27,0.302,0,0,1,1
0.221,0.27,0.305,0,0,1,1
0.221,0.27,0.308,0,0,1,1
0.221,0.27,0.311,0,0,1,1
0.221,0.27,0.314,0,0,1,1
0.221,0.27,0.317,0,0,1,1
0.221,0.27,0.32,0,0,1,1
0.221,0.27,0.323,0,0,1,1
0.221,0.27,0.326,0,0,1,1
0.221,0.27,0.329,0,0,1,1
0.221,0.27,0.332,0,0,1,1
0.221,0.27,0.335,0,0,1,1
0.221,0.27,0.338,0,0,1,1
0.221,0.27,0.341,0,0,1,1
0.221,0.27,0.344,0,0,1,1
0.221,0.27,0.347,0,0,1,1
0.221,0.27,0.35,0,0,1,1
0.221,0.27,0.353,0,0,1,1
0.221,0.27,0.356,0,0,1,1
0.221,0.27,0.359,0,0,1,1
0.221,0.27,0.362,0,0,1,1
0.221,0.27,0.365,0,0,1,1
0.221,0.27,0.368,0,0,1,1
0.221,0.27,0.371,0,0,1,1
0.221,0.27,0.374,0,0,1,1
0.221,0.27,0.377,0,0,1,1
0.221,0.27,0.38,0,0,1,1
0.221,0.27,0.383,0,0,1,1
0.221,0.27,0.386,0,0,1,1
0.221,0.27,0.389,0,0,1,1
0.221,0.27,0.392,0,0,1,1
0.221,0.27,0.395,0,0,1,1
0.221,0.27,0.398,0,0,1,1
0.221,0.27,0.401,0,0,1,1
0.221,0.27,0.404,0,0,1,1
0.221,0.27,0.407,0,0,1,1
0.221,0.27,0.41,0,0,1,1
0.221,0.27,0.413,0,0,1,1
0.221,0.27,0.416,0,0,1,1
0.221,0.27,0.419,0,0,1,1
0.221,0.27,0.422,0,0,1,1
0.221,0.27,0.425,0,0,1,1
0.221,0.27,0.427999,0,0,1,1
0.221,0.27,0.430999,0,0,1,1
0.221,0.27,0.433999,0,0,1,1
0.221,0.27,0.436999,0,0,1,1
0.221,0.27,0.439999,0,0,1,1
0.224,0.27,0.26,0,0,1,1
0.224,0.27,0.263,0,0,1,1
0.224,0.27,0.266,0,0,1,1
0.224,0.27,0.269,0,0,1,1
0.224,0.27,0.272,0,0,1,1
0.224,0.27,0.275,0,0,1,1
0.224,0.27,0.278,0,0,1,1
0.224,0.27,0.281,0,0,1,1
0.224,0.27,0.284,0,0,1,1
0.224,0.27,0.287,0,0,1,1
0.224,0.27,0.29,0,0,1,1
0.224,0.27,0.293,0,0,1,1
0.224,0.27,0.296,0,0,1,1
0.224,0.27,0.299,0,0,1,1
0.224,0.27,0.302,0,0,1,1
0.224,0.27,0.305,0,0,1,1
0.224,0.27,0.308,0,0,1,1
0.224,0.27,0.311,0,0,1,1
0.224,0.27,0.314,0,0,1,1
0.224,0.27,0.317,0,0,1,1
0.224,0.27,0.32,0,0,1,1
0.224,0.27,0.323,0,0,1,1
0.224,0.27,0.326,0,0,1,1
0.224,0.27,0.329,0,0,1,1
0.224,0.27,0.332,0,0,1,1
0.224,0.27,0.335,0,0,1,1
0.224,0.27,0.338,0,0,1,1
0.224,0.27,0.341,0,0,1,1
0.224,0.27,0.344,0,0,1,1
0.224,0.27,0.347,0,0,1,1
0.224,0.27,0.35,0,0,1,1
0.224,0.27,0.353,0,0,1,1
0.224,0.27,0.356,0,0,1,1
0.224,0.27,0.359,0,0,1,1
0.224,0.27,0.362,0,0,1,1
0.224,0.27,0.365,0,0,1,1
0.224,0.27,0.368,0,0,1,1
0.224,0.27,0.371,0,0,1,1
0.224,0.27,0.374,0,0,1,1
0.224,0.27,0.377,0,0,1,1
0.224,0.27,0.38,0,0,1,1
0.224,0.27,0.383,0,0,1,1
0.224,0.27,0.386,0,0,1,1
0.224,0.27,0.389,0,0,1,1
0.224,0.27,0.392,0,0,1,1
0.224,0.27,0.395,0,0,1,1
0.224,0.27,0.398,0,0,1,1
0.224,0.27,0.401,0,0,1,1
0.224,0.27,0.404,0,0,1,1
0.224,0.27,0.407,0,0,1,1
0.224,0.27,0.41,0,0,1,1
0.224,0.27,0.413,0,0,1,1
0.224,0.27,0.416,0,0,1,1
0.224,0.27,0.419,0,0,1,1
0.224,0.27,0.422,0,0,1,1
0.224,0.27,0.425,0,0,1,1
0.224,0.27,0.427999,0,0,1,1
0.224,0.27,0.430999,0,0,1,1
0.224,0.27,0.433999,0,0,1,1
0.224,0.27,0.436999,0,0,1,1
0.224,0.27,0.439999,0,0,1,1
0.227,0.27,0.26,0,0,1,1
0.227,0.27,0.263,0,0,1,1
0.227,0.27,0.266,0,0,1,1
0.227,0.27,0.269,0,0,1,1
0.227,0.27,0.272,0,0,1,1
0.227,0.27,0.275,0,0,1,1
0.227,0.27,0.278,0,0,1,1
0.227,0.27,0.281,0,0,1,1
0.227,0.27,0.284,0,0,1,1
0.227,0.27,0.287,0,0,1,1
0.227,0.27,0.29,0,0,1,1
0.227,0.27,0.293,0,0,1,1
0.227,0.27,0.296,0,0,1,1
0.227,0.27,0.299,0,0,1,1
0.227,0.27,0.302,0,0,1,1
0.227,0.27,0.305,0,0,1,1
0.227,0.27,0.308,0,0,1,1
0.227,0.27,0.311,0,0,1,1
0.227,0.27,0.314,0,0,1,1
0.227,0.27,0.317,0,0,1,1
0.227,0.27,0.32,0,0,1,1
0.227,0.27,0.323,0,0,1,1
0.227,0.27,0.326,0,0,1,1
0.227,0.27,0.329,0,0,1,1
0.227,0.27,0.332,0,0,1,1
0.227,0.27,0.335,0,0,1,1
0.227,0.27,0.338,0,0,1,1
0.227,0.27,0.341,0,0,1,1
0.227,0.27,0.344,0,0,1,1
0.227,0.27,0.347,0,0,1,1
0.227,0.27,0.35,0,0,1,1
0.227,0.27,0.353,0,0,1,1
0.227,0.27,0.356,0,0,1,1
0.227,0.27,0.359,0,0,1,1
0.227,0.27,0.362,0,0,1,1
0.227,0.27,0.365,0,0,1,1
0.227,0.27,0.368,0,0,1,1
0.227,0.27,0.371,0,0,1,1
0.227,0.27,0.374,0,0,1,1
0.227,0.27,0.377,0,0,1,1
0.227,0.27,0.38,0,0,1,1
0.227,0.27,0.383,0,0,1,1
0.227,0.27,0.386,0,0,1,1
0.227,0.27,0.389,0,0,1,1
0.227,0.27,0.392,0,0,1,1
0.227,0.27,0.395,0,0,1,1
0.227,0.27,0.398,0,0,1,1
0.227,0.27,0.401,0,0,1,1
0.227,0.27,0.404,0,0,1,1
0.227,0.27,0.407,0,0,1,1
0.227,0.27,0.41,0,0,1,1
0.227,0.27,0.413,0,0,1,1
0.227,0.27,0.416,0,0,1,1
0.227,0.27,0.419,0,0,1,1
0.227,0.27,0.422,0,0,1,1
0.227,0.27,0.425,0,0,1,1
0.227,0.27,0.427999,0,0,1,1
0.227,0.27,0.430999,0,0,1,1
0.227,0.27,0.433999,0,0,1,1
0.227,0.27,0.436999,0,0,1,1
0.227,0.27,0.439999,0,0,1,1
0.23,0.27,0.26,0,0,1,1
0.23,0.27,0.263,0,0,1,1
0.23,0.27,0.266,0,0,1,1
0.23,0.27,0.269,0,0,1,1
0.23,0.27,0.272,0,0,1,1
0.23,0.27,0.275,0,0,1,1
0.23,0.27,0.278,0,0,1,1
0.23,0.27,0.281,0,0,1,1
0.23,0.27,0.284,0,0,1,1
0.23,0.27,0.287,0,0,1,1
0.23,0.27,0.29,0,0,1,1
0.23,0.27,0.293,0,0,1,1
0.23,0.27,0.296,0,0,1,1
0.23,0.27,0.299,0,0,1,1
0.23,0.27,0.302,0,0,1,1
0.23,0.27,0.305,0,0,1,1
0.23,0.27,0.308,0,0,1,1
0.23,0.27,0.311,0,0,1,1
0.23,0.27,0.314,0,0,1,1
0.23,0.27,0.317,0,0,1,1
0.23,0.27,0.32,0,0,1,1
0.23,0.27,0.323,0,0,1,1
0.23,0.27,0.326,0,0,1,1
0.23,0.27,0.329,0,0,1,1
0.23,0.27,0.332,0,0,1,1
0.23,0.27,0.335,0,0,1,1
0.23,0.27,0.338,0,0,1,1
0.23,0.27,0.341,0,0,1,1
0.23,0.27,0.344,0,0,1,1
0.23,0.27,0.347,0,0,1,1
0.23,0.27,0.35,0,0,1,1
0.23,0.27,0.353,0,0,1,1
0.23,0.27,0.356,0,0,1,1
0.23,0.27,0.359,0,0,1,1
0.23,0.27,0.362,0,0,1,1
0.23,0.27,0.365,0,0,1,1
0.23,0.27,0.368,0,0,1,1
0.23,0.27,0.371,0,0,1,1
0.23,0.27,0.374,0,0,1,1
0.23,0.27,0.377,0,0,1,1
0.23,0.27,0.38,0,0,1,1
0.23,0.27,0.383,0,0,1,1
0.23,0.27,0.386,0,0,1,1
0.23,0.27,0.389,0,0,1,1
0.23,0.27,0.392,0,0,1,1
0.23,0.27,0.395,0,0,1,1
0.23,0.27,0.398,0,0,1,1
0.23,0.27,0.401,0,0,1,1
0.23,0.27,0.404,0,0,1,1
0.23,0.27,0.407,0,0,1,1
0.23,0.27,0.41,0,0,1,1
0.23,0.27,0.413,0,0,1,1
0.23,0.27,0.416,0,0,1,1
0.23,0.27,0.419,0,0,1,1
0.23,0.27,0.422,0,0,1,1
0.23,0.27,0.425,0,0,1,1
0.23,0.27,0.427999,0,0,1,1
0.23,0.27,0.430999,0,0,1,1
0.23,0.27,0.433999,0,0,1,1
0.23,0.27,0.436999,0,0,1,1
0.23,0.27,0.439999,0,0,1,1
0.233,0.27,0.26,0,0,1,1
0.233,0.27,0.263,0,0,1,1
0.233,0.27,0.266,0,0,1,1
0.233,0.27,0.269,0,0,1,1
0.233,0.27,0.272,0,0,1,1
0.233,0.27,0.275,0,0,1,1
0.233,0.27,0.278,0,0,1,1
0.233,0.27,0.281,0,0,1,1
0.233,0.27,0.284,0,0,1,1
0.233,0.27,0.287,0,0,1,1
0.233,0.27,0.29,0,0,1,1
0.233,0.27,0.293,0,0,1,1
0.233,0.27,0.296,0,0,1,1
0.233,0.27,0.299,0,0,1,1
0.233,0.27,0.302,0,0,1,1
0.233,0.27,0.305,0,0,1,1
0.233,0.27,0.308,0,0,1,1
0.233,0.27,0.311,0,0,1,1
0.233,0.27,0.314,0,0,1,1
0.233,0.27,0.317,0,0,1,1
0.233,0.27,0.32,0,0,1,1
0.233,0.27,0.323,0,0,1,1
0.233,0.27,0.326,0,0,1,1
0.233,0.27,0.329,0,0,1,1
0.233,0.27,0.332,0,0,1,1
0.233,0.27,0.335,0,0,1,1
0.233,0.27,0.338,0,0,1,1
0.233,0.27,0.341,0,0,1,1
0.233,0.27,0.344,0,0,1,1
0.233,0.27,0.347,0,0,1,1
0.233,0.27,0.35,0,0,1,1
0.233,0.27,0.353,0,0,1,1
0.233,0.27,0.356,0,0,1,1
0.233,0.27,0.359,0,0,1,1
0.233,0.27,0.362,0,0,1,1
0.233,0.27,0.365,0,0,1,1
0.233,0.27,0.368,0,0,1,1
0.233,0.27,0.371,0,0,1,1
0.233,0.27,0.374,0,0,1,1
0.233,0.27,0.377,0,0,1,1
0.233,0.27,0.38,0,0,1,1
0.233,0.27,0.383,0,0,1,1
0.233,0.27,0.386,0,0,1,1
0.233,0.27,0.389,0,0,1,1
0.233,0.27,0.392,0,0,1,1
0.233,0.27,0.395,0,0,1,1
0.233,0.27,0.398,0,0,1,1
0.233,0.27,0.401,0,0,1,1
0.233,0.27,0.404,0,0,1,1
0.233,0.27,0.407,0,0,1,1
0.233,0.27,0.41,0,0,1,1
0.233,0.27,0.413,0,0,1,1
0.233,0.27,0.416,0,0,1,1
0.233,0.27,0.419,0,0,1,1
0.233,0.27,0.422,0,0,1,1
0.233,0.27,0.425,0,0,1,1
0.233,0.27,0.427999,0,0,1,1
0.233,0.27,0.430999,0,0,1,1
0.233,0.27,0.433999,0,0,1,1
0.233,0.27,0.436999,0,0,1,1
0.233,0.27,0.439999,0,0,1,1
0.236,0.27,0.26,0,0,1,1
0.236,0.27,0.263,0,0,1,1
0.236,0.27,0.266,0,0,1,1
0.236,0.27,0.269,0,0,1,1
0.236,0.27,0.272,0,0,1,1
0.236,0.27,0.275,0,0,1,1
0.236,0.27,0.278,0,0,1,1
0.236,0.27,0.281,0,0,1,1
0.236,0.27,0.284,0,0,1,1
0.236,0.27,0.287,0,0,1,1
0.236,0.27,0.29,0,0,1,1
0.236,0.27,0.293,0,0,1,1
0.236,0.27,0.296,0,0,1,1
0.236,0.27,0.299,0,0,1,1
0.236,0.27,0.302,0,0,1,1
0.236,0.27,0.305,0,0,1,1
0.236,0.27,0.308,0,0,1,1
0.236,0.27,0.311,0,0,1,1
0.236,0.27,0.314,0,0,1,1
0.236,0.27,0.317,0,0,1,1
0.236,0.27,0.32,0,0,1,1
0.236,0.27,0.323,0,0,1,1
0.236,0.27,0.326,0,0,1,1
0.236,0.27,0.329,0,0,1,1
0.236,0.27,0.332,0,0,1,1
0.236,0.27,0.335,0,0,1,1
0.236,0.27,0.338,0,0,1,1
0.236,0.27,0.341,0,0,1,1
0.236,0.27,0.344,0,0,1,1
0.236,0.27,0.347,0,0,1,1
0.236,0.27,0.35,0,0,1,1
0.236,0.27,0.353,0,0,1,1
0.236,0.27,0.356,0,0,1,1
0.236,0.27,0.359,0,0,1,1
0.236,0.27,0.362,0,0,1,1
0.236,0.27,0.365,0,0,1,1
0.236,0.27,0.368,0,0,1,1
0.236,0.27,0.371,0,0,1,1
0.236,0.27,0.374,0,0,1,1
0.236,0.27,0.377,0,0,1,1
0.236,0.27,0.38,0,0,1,1
0.236,0.27,0.383,0,0,1,1
0.236,0.27,0.386,0,0,1,1
0.236,0.27,0.389,0,0,1,1
0.236,0.27,0.392,0,0,1,1
0.236,0.27,0.395,0,0,1,1
0.236,0.27,0.398,0,0,1,1
0.236,0.27,0.401,0,0,1,1
0.236,0.27,0.404,0,0,1,1
0.236,0.27,0.407,0,0,1,1
0.236,0.27,0.41,0,0,1,1
0.236,0.27,0.413,0,0,1,1
0.236,0.27,0.416,0,0,1,1
0.236,0.27,0.419,0,0,1,1
0.236,0.27,0.422,0,0,1,1
0.236,0.27,0.425,0,0,1,1
0.236,0.27,0.427999,0,0,1,1
0.236,0.27,0.430999,0,0,1,1
0.236,0.27,0.433999,0,0,1,1
0.236,0.27,0.436999,0,0,1,1
0.236,0.27,0.439999,0,0,1,1
0.239,0.27,0.26,0,0,1,1
0.239,0.27,0.263,0,0,1,1
0.239,0.27,0.266,0,0,1,1
0.239,0.27,0.269,0,0,1,1
0.239,0.27,0.272,0,0,1,1
0.239,0.27,0.275,0,0,1,1
0.239,0.27,0.278,0,0,1,1
0.239,0.27,0.281,0,0,1,1
0.239,0.27,0.284,0,0,1,1
0.239,0.27,0.287,0,0,1,1
0.239,0.27,0.29,0,0,1,1
0.239,0.27,0.293,0,0,1,1
0.239,0.27,0.296,0,0,1,1
0.239,0.27,0.299,0,0,1,1
0.239,0.27,0.302,0,0,1,1
0.239,0.27,0.305,0,0,1,1
0.239,0.27,0.308,0,0,1,1
0.239,0.27,0.311,0,0,1,1
0.239,0.27,0.314,0,0,1,1
0.239,0.27,0.317,0,0,1,1
0.239,0.27,0.32,0,0,1,1
0.239,0.27,0.323,0,0,1,1
0.239,0.27,0.326,0,0,1,1
0.239,0.27,0.329,0,0,1,1
0.239,0.27,0.332,0,0,1,1
0.239,0.27,0.335,0,0,1,1
0.239,0.27,0.338,0,0,1,1
0.239,0.27,0.341,0,0,1,1
0.239,0.27,0.344,0,0,1,1
0.239,0.27,0.347,0,0,1,1
0.239,0.27,0.35,0,0,1,1
0.239,0.27,0.353,0,0,1,1
0.239,0.27,0.356,0,0,1,1
0.239,0.27,0.359,0,0,1,1
0.239,0.27,0.362,0,0,1,1
0.239,0.27,0.365,0,0,1,1
0.239,0.27,0.368,0,0,1,1
0.239,0.27,0.371,0,0,1,1
0.239,0.27,0.374,0,0,1,1
0.239,0.27,0.377,0,0,1,1
0.239,0.27,0.38,0,0,1,1
0.239,0.27,0.383,0,0,1,1
0.239,0.27,0.386,0,0,1,1
0.239,0.27,0.389,0,0,1,1
0.239,0.27,0.392,0,0,1,1
0.239,0.27,0.395,0,0,1,1
0.239,0.27,0.398,0,0,1,1
0.239,0.27,0.401,0,0,1,1
0.239,0.27,0.404,0,0,1,1
0.239,0.27,0.407,0,0,1,1
0.239,0.27,0.41,0,0,1,1
0.239,0.27,0.413,0,0,1,1
0.239,0.27,0.416,0,0,1,1
0.239,0.27,0.419,0,0,1,1
0.239,0.27,0.422,0,0,1,1
0.239,0.27,0.425,0,0,1,1
0.239,0.27,0.427999,0,0,1,1
0.239,0.27,0.430999,0,0,1,1
0.239,0.27,0.433999,0,0,1,1
0.239,0.27,0.436999,0,0,1,1
0.239,0.27,0.439999,0,0,1,1
0.242,0.27,0.26,0,0,1,1
0.242,0.27,0.263,0,0,1,1
0.242,0.27,0.266,0,0,1,1
0.242,0.27,0.269,0,0,1,1
0.242,0.27,0.272,0,0,1,1
0.242,0.27,0.275,0,0,1,1
0.242,0.27,0.278,0,0,1,1
0.242,0.27,0.281,0,0,1,1
0.242,0.27,0.284,0,0,1,1
0.242,0.27,0.287,0,0,1,1
0.242,0.27,0.29,0,0,1,1
0.242,0.27,0.293,0,0,1,1
0.242,0.27,0.296,0,0,1,1
0.242,0.27,0.299,0,0,1,1
0.242,0.27,0.302,0,0,1,1
0.242,0.27,0.305,0,0,1,1
0.242,0.27,0.308,0,0,1,1
0.242,0.27,0.311,0,0,1,1
0.242,0.27,0.314,0,0,1,1
0.242,0.27,0.317,0,0,1,1
0.242,0.27,0.32,0,0,1,1
0.242,0.27,0.323,0,0,1,1
0.242,0.27,0.326,0,0,1,1
0.242,0.27,0.329,0,0,1,1
0.242,0.27,0.332,0,0,1,1
0.242,0.27,0.335,0,0,1,1
0.242,0.27,0.338,0,0,1,1
0.242,0.27,0.341,0,0,1,1
0.242,0.27,0.344,0,0,1,1
0.242,0.27,0.347,0,0,1,1
0.242,0.27,0.35,0,0,1,1
0.242,0.27,0.353,0,0,1,1
0.242,0.27,0.356,0,0,1,1
0.242,0.27,0.359,0,0,1,1
0.242,0.27,0.362,0,0,1,1
0.242,0.27,0.365,0,0,1,1
0.242,0.27,0.368,0,0,1,1
0.242,0.27,0.371,0,0,1,1
0.242,0.27,0.374,0,0,1,1
0.242,0.27,0.377,0,0,1,1
0.242,0.27,0.38,0,0,1,1
0.242,0.27,0.383,0,0,1,1
0.242,0.27,0.386,0,0,1,1
0.242,0.27,0.389,0,0,1,1
0.242,0.27,0.392,0,0,1,1
0.242,0.27,0.395,0,0,1,1
0.242,0.27,0.398,0,0,1,1
0.242,0.27,0.401,0,0,1,1
0.242,0.27,0.404,0,0,1,1
0.242,0.27,0.407,0,0,1,1
0.242,0.27,0.41,0,0,1,1
0.242,0.27,0.413,0,0,1,1
0.242,0.27,0.416,0,0,1,1
0.242,0.27,0.419,0,0,1,1
0.242,0.27,0.422,0,0,1,1
0.242,0.27,0.425,0,0,1,1
0.242,0.27,0.427999,0,0,1,1
0.242,0.27,0.430999,0,0,1,1
0.242,0.27,0.433999,0,0,1,1
0.242,0.27,0.436999,0,0,1,1
0.242,0.27,0.439999,0,0,1,1
0.245,0.27,0.26,0,0,1,1
0.245,0.27,0.263,0,0,1,1
0.245,0.27,0.266,0,0,1,1
0.245,0.27,0.269,0,0,1,1
0.245,0.27,0.272,0,0,1,1
0.245,0.27,0.275,0,0,1,1
0.245,0.27,0.278,0,0,1,1
0.245,0.27,0.281,0,0,1,1
0.245,0.27,0.284,0,0,1,1
0.245,0.27,0.287,0,0,1,1
0.245,0.27,0.29,0,0,1,1
0.245,0.27,0.293,0,0,1,1
0.245,0.27,0.296,0,0,1,1
0.245,0.27,0.299,0,0,1,1
0.245,0.27,0.302,0,0,1,1
0.245,0.27,0.305,0,0,1,1
0.245,0.27,0.308,0,0,1,1
0.245,0.27,0.311,0,0,1,1
0.245,0.27,0.314,0,0,1,1
0.245,0.27,0.317,0,0,1,1
0.245,0.27,0.32,0,0,1,1
0.245,0.27,0.323,0,0,1,1
0.245,0.27,0.326,0,0,1,1
0.245,0.27,0.329,0,0,1,1
0.245,0.27,0.332,0,0,1,1
0.245,0.27,0.335,0,0,1,1
0.245,0.27,0.338,0,0,1,1
0.245,0.27,0.341,0,0,1,1
0.245,0.27,0.344,0,0,1,1
0.245,0.27,0.347,0,0,1,1
0.245,0.27,0.35,0,0,1,1
0.245,0.27,0.353,0,0,1,1
0.245,0.27,0.356,0,0,1,1
0.245,0.27,0.359,0,0,1,1
0.245,0.27,0.362,0,0,1,1
0.245,0.27,0.365,0,0,1,1
0.245,0.27,0.368,0,0,1,1
0.245,0.27,0.371,0,0,1,1
0.245,0.27,0.374,0,0,1,1
0.245,0.27,0.377,0,0,1,1
0.245,0.27,0.38,0,0,1,1
0.245,0.27,0.383,0,0,1,1
0.245,0.27,0.386,0,0,1,1
0.245,0.27,0.389,0,0,1,1
0.245,0.27,0.392,0,0,1,1
0.245,0.27,0.395,0,0,1,1
0.245,0.27,0.398,0,0,1,1
0.245,0.27,0.401,0,0,1,1
0.245,0.27,0.404,0,0,1,1
0.245,0.27,0.407,0,0,1,1
0.245,0.27,0.41,0,0,1,1
0.245,0.27,0.413,0,0,1,1
0.245,0.27,0.416,0,0,1,1
0.245,0.27,0.419,0,0,1,1
0.245,0.27,0.422,0,0,1,1
0.245,0.27,0.425,0,0,1,1
0.245,0.27,0.427999,0,0,1,1
0.245,0.27,0.430999,0,0,1,1
0.245,0.27,0.433999,0,0,1,1
0.245,0.27,0.436999,0,0,1,1
0.245,0.27,0.439999,0,0,1,1
0.248,0.27,0.26,0,0,1,1
0.248,0.27,0.263,0,0,1,1
0.248,0.27,0.266,0,0,1,1
0.248,0.27,0.269,0,0,1,1
0.248,0.27,0.272,0,0,1,1
0.248,0.27,0.275,0,0,1,1
0.248,0.27,0.278,0,0,1,1
0.248,0.27,0.281,0,0,1,1
0.248,0.27,0.284,0,0,1,1
0.248,0.27,0.287,0,0,1,1
0.248,0.27,0.29,0,0,1,1
0.248,0.27,0.293,0,0,1,1
0.248,0.27,0.296,0,0,1,1
0.248,0.27,0.299,0,0,1,1
0.248,0.27,0.302,0,0,1,1
0.248,0.27,0.305,0,0,1,1
0.248,0.27,0.308,0,0,1,1
0.248,0.27,0.311,0,0,1,1
0.248,0.27,0.314,0,0,1,1
0.248,0.27,0.317,0,0,1,1
0.248,0.27,0.32,0,0,1,1
0.248,0.27,0.323,0,0,1,1
0.248,0.27,0.326,0,0,1,1
0.248,0.27,0.329,0,0,1,1
0.248,0.27,0.332,0,0,1,1
0.248,0.27,0.335,0,0,1,1
0.248,0.27,0.338,0,0,1,1
0.248,0.27,0.341,0,0,1,1
0.248,0.27,0.344,0,0,1,1
0.248,0.27,0.347,0,0,1,1
0.248,0.27,0.35,0,0,1,1
0.248,0.27,0.353,0,0,1,1
0.248,0.27,0.356,0,0,1,1
0.248,0.27,0.359,0,0,1,1
0.248,0.27,0.362,0,0,1,1
0.248,0.27,0.365,0,0,1,1
0.248,0.27,0.368,0,0,1,1
0.248,0.27,0.371,0,0,1,1
0.248,0.27,0.374,0,0,1,1
0.248,0.27,0.377,0,0,1,1
0.248,0.27,0.38,0,0,1,1
0.248,0.27,0.383,0,0,1,1
0.248,0.27,0.386,0,0,1,1
0.248,0.27,0.389,0,0,1,1
0.248,0.27,0.392,0,0,1,1
0.248,0.27,0.395,0,0,1,1
0.248,0.27,0.398,0,0,1,1
0.248,0.27,0.401,0,0,1,1
0.248,0.27,0.404,0,0,1,1
0.248,0.27,0.407,0,0,1,1
0.248,0.27,0.41,0,0,1,1
0.248,0.27,0.413,0,0,1,1
0.248,0.27,0.416,0,0,1,1
0.248,0.27,0.419,0,0,1,1
0.248,0.27,0.422,0,0,1,1
0.248,0.27,0.425,0,0,1,1
0.248,0.27,0.427999,0,0,1,1
0.248,0.27,0.430999,0,0,1,1
0.248,0.27,0.433999,0,0,1,1
0.248,0.27,0.436999,0,0,1,1
0.248,0.27,0.439999,0,0,1,1
0.251,0.27,0.26,0,0,1,1
0.251,0.27,0.263,0,0,1,1
0.251,0.27,0.266,0,0,1,1
0.251,0.27,0.269,0,0,1,1
0.251,0.27,0.272,0,0,1,1
0.251,0.27,0.275,0,0,1,1
0.251,0.27,0.278,0,0,1,1
0.251,0.27,0.281,0,0,1,1
0.251,0.27,0.284,0,0,1,1
0.251,0.27,0.287,0,0,1,1
0.251,0.27,0.29,0,0,1,1
0.251,0.27,0.293,0,0,1,1
0.251,0.27,0.296,0,0,1,1
0.251,0.27,0.299,0,0,1,1
0.251,0.27,0.302,0,0,1,1
0.251,0.27,0.305,0,0,1,1
0.251,0.27,0.308,0,0,1,1
0.251,0.27,0.311,0,0,1,1
0.251,0.27,0.314,0,0,1,1
0.251,0.27,0.317,0,0,1,1
0.251,0.27,0.32,0,0,1,1
0.251,0.27,0.323,0,0,1,1
0.251,0.27,0.326,0,0,1,1
0.251,0.27,0.329,0,0,1,1
0.251,0.27,0.332,0,0,1,1
0.251,0.27,0.335,0,0,1,1
0.251,0.27,0.338,0,0,1,1
0.251,0.27,0.341,0,0,1,1
0.251,0.27,0.344,0,0,1,1
0.251,0.27,0.347,0,0,1,1
0.251,0.27,0.35,0,0,1,1
0.251,0.27,0.353,0,0,1,1
0.251,0.27,0.356,0,0,1,1
0.251,0.27,0.359,0,0,1,1
0.251,0.27,0.362,0,0,1,1
0.251,0.27,0.365,0,0,1,1
0.251,0.27,0.368,0,0,1,1
0.251,0.27,0.371,0,0,1,1
0.251,0.27,0.374,0,0,1,1
0.251,0.27,0.377,0,0,1,1
0.251,0.27,0.38,0,0,1,1
0.251,0.27,0.383,0,0,1,1
0.251,0.27,0.386,0,0,1,1
0.251,0.27,0.389,0,0,1,1
0.251,0.27,0.392,0,0,1,1
0.251,0.27,0.395,0,0,1,1
0.251,0.27,0.398,0,0,1,1
0.251,0.27,0.401,0,0,1,1
0.251,0.27,0.404,0,0,1,1
0.251,0.27,0.407,0,0,1,1
0.251,0.27,0.41,0,0,1,1
0.251,0.27,0.413,0,0,1,1
0.251,0.27,0.416,0,0,1,1
0.251,0.27,0.419,0,0,1,1
0.251,0.27,0.422,0,0,1,1
0.251,0.27,0.425,0,0,1,1
0.251,0.27,0.427999,0,0,1,1
0.251,0.27,0.430999,0,0,1,1
0.251,0.27,0.433999,0,0,1,1
0.251,0.27,0.436999,0,0,1,1
0.251,0.27,0.439999,0,0,1,1
0.254,0.27,0.26,0,0,1,1
0.254,0.27,0.263,0,0,1,1
0.254,0.27,0.266,0,0,1,1
0.254,0.27,0.269,0,0,1,1
0.254,0.27,0.272,0,0,1,1
0.254,0.27,0.275,0,0,1,1
0.254,0.27,0.278,0,0,1,1
0.254,0.27,0.281,0,0,1,1
0.254,0.27,0.284,0,0,1,1
0.254,0.27,0.287,0,0,1,1
0.254,0.27,0.29,0,0,1,1
0.254,0.27,0.293,0,0,1,1
0.254,0.27,0.296,0,0,1,1
0.254,0.27,0.299,0,0,1,1
0.254,0.27,0.302,0,0,1,1
0.254,0.27,0.305,0,0,1,1
0.254,0.27,0.308,0,0,1,1
0.254,0.27,0.311,0,0,1,1
0.254,0.27,0.314,0,0,1,1
0.254,0.27,0.317,0,0,1,1
0.254,0.27,0.32,0,0,1,1
0.254,0.27,0.323,0,0,1,1
0.254,0.27,0.326,0,0,1,1
0.254,0.27,0.329,0,0,1,1
0.254,0.27,0.332,0,0,1,1
0.254,0.27,0.335,0,0,1,1
0.254,0.27,0.338,0,0,1,1
0.254,0.27,0.341,0,0,1,1
0.254,0.27,0.344,0,0,1,1
0.254,0.27,0.347,0,0,1,1
0.254,0.27,0.35,0,0,1,1
0.254,0.27,0.353,0,0,1,1
0.254,0.27,0.356,0,0,1,1
0.254,0.27,0.359,0,0,1,1
0.254,0.27,0.362,0,0,1,1
0.254,0.27,0.365,0,0,1,1
0.254,0.27,0.368,0,0,1,1
0.254,0.27,0.371,0,0,1,1
0.254,0.27,0.374,0,0,1,1
0.254,0.27,0.377,0,0,1,1
0.254,0.27,0.38,0,0,1,1
0.254,0.27,0.383,0,0,1,1
0.254,0.27,0.386,0,0,1,1
0.254,0.27,0.389,0,0,1,1
0.254,0.27,0.392,0,0,1,1
0.254,0.27,0.395,0,0,1,1
0.254,0.27,0.398,0,0,1,1
0.254,0.27,0.401,0,0,1,1
0.254,0.27,0.404,0,0,1,1
0.254,0.27,0.407,0,0,1,1
0.254,0.27,0.41,0,0,1,1
0.254,0.27,0.413,0,0,1,1
0.254,0.27,0.416,0,0,1,1
0.254,0.27,0.419,0,0,1,1
0.254,0.27,0.422,0,0,1,1
0.254,0.27,0.425,0,0,1,1
0.254,0.27,0.427999,0,0,1,1
0.254,0.27,0.430999,0,0,1,1
0.254,0.27,0.433999,0,0,1,1
0.254,0.27,0.436999,0,0,1,1
0.254,0.27,0.439999,0,0,1,1
0.257,0.27,0.26,0,0,1,1
0.257,0.27,0.263,0,0,1,1
0.257,0.27,0.266,0,0,1,1
0.257,0.27,0.269,0,0,1,1
0.257,0.27,0.272,0,0,1,1
0.257,0.27,0.275,0,0,1,1
0.257,0.27,0.278,0,0,1,1
0.257,0.27,0.281,0,0,1,1
0.257,0.27,0.284,0,0,1,1
0.257,0.27,0.287,0,0,1,1
0.257,0.27,0.29,0,0,1,1
0.257,0.27,0.293,0,0,1,1
0.257,0.27,0.296,0,0,1,1
0.257,0.27,0.299,0,0,1,1
0.257,0.27,0.302,0,0,1,1
0.257,0.27,0.305,0,0,1,1
0.257,0.27,0.308,0,0,1,1
0.257,0.27,0.311,0,0,1,1
0.257,0.27,0.314,0,0,1,1
0.257,0.27,0.317,0,0,1,1
0.257,0.27,0.32,0,0,1,1
0.257,0.27,0.323,0,0,1,1
0.257,0.27,0.326,0,0,1,1
0.257,0.27,0.329,0,0,1,1
0.257,0.27,0.332,0,0,1,1
0.257,0.27,0.335,0,0,1,1
0.257,0.27,0.338,0,0,1,1
0.257,0.27,0.341,0,0,1,1
0.257,0.27,0.344,0,0,1,1
0.257,0.27,0.347,0,0,1,1
0.257,0.27,0.35,0,0,1,1
0.257,0.27,0.353,0,0,1,1
0.257,0.27,0.356,0,0,1,1
0.257,0.27,0.359,0,0,1,1
0.257,0.27,0.362,0,0,1,1
0.257,0.27,0.365,0,0,1,1
0.257,0.27,0.368,0,0,1,1
0.257,0.27,0.371,0,0,1,1
0.257,0.27,0.374,0,0,1,1
0.257,0.27,0.377,0,0,1,1
0.257,0.27,0.38,0,0,1,1
0.257,0.27,0.383,0,0,1,1
0.257,0.27,0.386,0,0,1,1
0.257,0.27,0.389,0,0,1,1
0.257,0.27,0.392,0,0,1,1
0.257,0.27,0.395,0,0,1,1
0.257,0.27,0.398,0,0,1,1
0.257,0.27,0.401,0,0,1,1
0.257,0.27,0.404,0,0,1,1
0.257,0.27,0.407,0,0,1,1
0.257,0.27,0.41,0,0,1,1
0.257,0.27,0.413,0,0,1,1
0.257,0.27,0.416,0,0,1,1
0.257,0.27,0.419,0,0,1,1
0.257,0.27,0.422,0,0,1,1
0.257,0.27,0.425,0,0,1,1
0.257,0.27,0.427999,0,0,1,1
0.257,0.27,0.430999,0,0,1,1
0.257,0.27,0.433999,0,0,1,1
0.257,0.27,0.436999,0,0,1,1
0.257,0.27,0.439999,0,0,1,1
0.26,0.27,0.26,0,0,1,1
0.26,0.27,0.263,0,0,1,1
0.26,0.27,0.266,0,0,1,1
0.26,0.27,0.269,0,0,1,1
0.26,0.27,0.272,0,0,1,1
0.26,0.27,0.275,0,0,1,1
0.26,0.27,0.278,0,0,1,1
0.26,0.27,0.281,0,0,1,1
0.26,0.27,0.284,0,0,1,1
0.26,0.27,0.287,0,0,1,1
0.26,0.27,0.29,0,0,1,1
0.26,0.27,0.293,0,0,1,1
0.26,0.27,0.296,0,0,1,1
0.26,0.27,0.299,0,0,1,1
0.26,0.27,0.302,0,0,1,1
0.26,0.27,0.305,0,0,1,1
0.26,0.27,0.308,0,0,1,1
0.26,0.27,0.311,0,0,1,1
0.26,0.27,0.314,0,0,1,1
0.26,0.27,0.317,0,0,1,1
0.26,0.27,0.32,0,0,1,1
0.26,0.27,0.323,0,0,1,1
0.26,0.27,0.326,0,0,1,1
0.26,0.27,0.329,0,0,1,1
0.26,0.27,0.332,0,0,1,1
0.26,0.27,0.335,0,0,1,1
0.26,0.27,0.338,0,0,1,1
0.26,0.27,0.341,0,0,1,1
0.26,0.27,0.344,0,0,1,1
0.26,0.27,0.347,0,0,1,1
0.26,0.27,0.35,0,0,1,1
0.26,0.27,0.353,0,0,1,1
0.26,0.27,0.356,0,0,1,1
0.26,0.27,0.359,0,0,1,1
0.26,0.27,0.362,0,0,1,1
0.26,0.27,0.365,0,0,1,1
0.26,0.27,0.368,0,0,1,1
0.26,0.27,0.371,0,0,1,1
0.26,0.27,0.374,0,0,1,1
0.26,0.27,0.377,0,0,1,1
0.26,0.27,0.38,0,0,1,1
0.26,0.27,0.383,0,0,1,1
0.26,0.27,0.386,0,0,1,1
0.26,0.27,0.389,0,0,1,1
0.26,0.27,0.392,0,0,1,1
0.26,0.27,0.395,0,0,1,1
0.26,0.27,0.398,0,0,1,1
0.26,0.27,0.401,0,0,1,1
0.26,0.27,0.404,0,0,1,1
0.26,0.27,0.407,0,0,1,1
0.26,0.27,0.41,0,0,1,1
0.26,0.27,0.413,0,0,1,1
0.26,0.27,0.416,0,0,1,1
0.26,0.27,0.419,0,0,1,1
0.26,0.27,0.422,0,0,1,1
0.26,0.27,0.425,0,0,1,1
0.26,0.27,0.427999,0,0,1,1
0.26,0.27,0.430999,0,0,1,1
0.26,0.27,0.433999,0,0,1,1
0.26,0.27,0.436999,0,0,1,1
0.26,0.27,0.439999,0,0,1,1
0.263,0.27,0.26,0,0,1,1
0.263,0.27,0.263,0,0,1,1
0.263,0.27,0.266,0,0,1,1
0.263,0.27,0.269,0,0,1,1
0.263,0.27,0.272,0,0,1,1
0.263,0.27,0.275,0,0,1,1
0.263,0.27,0.278,0,0,1,1
0.263,0.27,0.281,0,0,1,1
0.263,0.27,0.284,0,0,1,1
0.263,0.27,0.287,0,0,1,1
0.263,0.27,0.29,0,0,1,1
0.263,0.27,0.293,0,0,1,1
0.263,0.27,0.296,0,0,1,1
0.263,0.27,0.299,0,0,1,1
0.263,0.27,0.302,0,0,1,1
0.263,0.27,0.305,0,0,1,1
0.263,0.27,0.308,0,0,1,1
0.263,0.27,0.311,0,0,1,1
0.263,0.27,0.314,0,0,1,1
0.263,0.27,0.317,0,0,1,1
0.263,0.27,0.32,0,0,1,1
0.263,0.27,0.323,0,0,1,1
0.263,0.27,0.326,0,0,1,1
0.263,0.27,0.329,0,0,1,1
0.263,0.27,0.332,0,0,1,1
0.263,0.27,0.335,0,0,1,1
0.263,0.27,0.338,0,0,1,1
0.263,0.27,0.341,0,0,1,1
0.263,0.27,0.344,0,0,1,1
0.263,0.27,0.347,0,0,1,1
0.263,0.27,0.35,0,0,1,1
0.263,0.27,0.353,0,0,1,1
0.263,0.27,0.356,0,0,1,1
0.263,0.27,0.359,0,0,1,1
0.263,0.27,0.362,0,0,1,1
0.263,0.27,0.365,0,0,1,1
0.263,0.27,0.368,0,0,1,1
0.263,0.27,0.371,0,0,1,1
0.263,0.27,0.374,0,0,1,1
0.263,0.27,0.377,0,0,1,1
0.263,0.27,0.38,0,0,1,1
0.263,0.27,0.383,0,0,1,1
0.263,0.27,0.386,0,0,1,1
0.263,0.27,0.389,0,0,1,1
0.263,0.27,0.392,0,0,1,1
0.263,0.27,0.395,0,0,1,1
0.263,0.27,0.398,0,0,1,1
0.263,0.27,0.401,0,0,1,1
0.263,0.27,0.404,0,0,1,1
0.263,0.27,0.407,0,0,1,1
0.263,0.27,0.41,0,0,1,1
0.263,0.27,0.413,0,0,1,1
0.263,0.27,0.416,0,0,1,1
0.263,0.27,0.419,0,0,1,1
0.263,0.27,0.422,0,0,1,1
0.263,0.27,0.425,0,0,1,1
0.263,0.27,0.427999,0,0,1,1
0.263,0.27,0.430999,0,0,1,1
0.263,0.27,0.433999,0,0,1,1
0.263,0.27,0.436999,0,0,1,1
0.263,0.27,0.439999,0,0,1,1
0.266,0.27,0.26,0,0,1,1
0.266,0.27,0.263,0,0,1,1
0.266,0.27,0.266,0,0,1,1
0.266,0.27,0.269,0,0,1,1
0.266,0.27,0.272,0,0,1,1
0.266,0.27,0.275,0,0,1,1
0.266,0.27,0.278,0,0,1,1
0.266,0.27,0.281,0,0,1,1
0.266,0.27,0.284,0,0,1,1
0.266,0.27,0.287,0,0,1,1
0.266,0.27,0.29,0,0,1,1
0.266,0.27,0.293,0,0,1,1
0.266,0.27,0.296,0,0,1,1
0.266,0.27,0.299,0,0,1,1
0.266,0.27,0.302,0,0,1,1
0.266,0.27,0.305,0,0,1,1
0.266,0.27,0.308,0,0,1,1
0.266,0.27,0.311,0,0,1,1
0.266,0.27,0.314,0,0,1,1
0.266,0.27,0.317,0,0,1,1
0.266,0.27,0.32,0,0,1,1
0.266,0.27,0.323,0,0,1,1
0.266,0.27,0.326,0,0,1,1
0.266,0.27,0.329,0,0,1,1
0.266,0.27,0.332,0,0,1,1
0.266,0.27,0.335,0,0,1,1
0.266,0.27,0.338,0,0,1,1
0.266,0.27,0.341,0,0,1,1
0.266,0.27,0.344,0,0,1,1
0.266,0.27,0.347,0,0,1,1
0.266,0.27,0.35,0,0,1,1
0.266,0.27,0.353,0,0,1,1
0.266,0.27,0.356,0,0,1,1
0.266,0.27,0.359,0,0,1,1
0.266,0.27,0.362,0,0,1,1
0.266,0.27,0.365,0,0,1,1
0.266,0.27,0.368,0,0,1,1
0.266,0.27,0.371,0,0,1,1
0.266,0.27,0.374,0,0,1,1
0.266,0.27,0.377,0,0,1,1
0.266,0.27,0.38,0,0,1,1
0.266,0.27,0.383,0,0,1,1
0.266,0.27,0.386,0,0,1,1
0.266,0.27,0.389,0,0,1,1
0.266,0.27,0.392,0,0,1,1
0.266,0.27,0.395,0,0,1,1
0.266,0.27,0.398,0,0,1,1
0.266,0.27,0.401,0,0,1,1
0.266,0.27,0.404,0,0,1,1
0.266,0.27,0.407,0,0,1,1
0.266,0.27,0.41,0,0,1,1
0.266,0.27,0.413,0,0,1,1
0.266,0.27,0.416,0,0,1,1
0.266,0.27,0.419,0,0,1,1
0.266,0.27,0.422,0,0,1,1
0.266,0.27,0.425,0,0,1,1
0.266,0.27,0.427999,0,0,1,1
0.266,0.27,0.430999,0,0,1,1
0.266,0.27,0.433999,0,0,1,1
0.266,0.27,0.436999,0,0,1,1
0.266,0.27,0.439999,0,0,1,1
0.269,0.27,0.26,0,0,1,1
0.269,0.27,0.263,0,0,1,1
0.269,0.27,0.266,0,0,1,1
0.269,0.27,0.269,0,0,1,1
0.269,0.27,0.272,0,0,1,1
0.269,0.27,0.275,0,0,1,1
0.269,0.27,0.278,0,0,1,1
0.269,0.27,0.281,0,0,1,1
0.269,0.27,0.284,0,0,1,1
0.269,0.27,0.287,0,0,1,1
0.269,0.27,0.29,0,0,1,1
0.269,0.27,0.293,0,0,1,1
0.269,0.27,0.296,0,0,1,1
0.269,0.27,0.299,0,0,1,1
0.269,0.27,0.302,0,0,1,1
0.269,0.27,0.305,0,0,1,1
0.269,0.27,0.308,0,0,1,1
0.269,0.27,0.311,0,0,1,1
0.269,0.27,0.314,0,0,1,1
0.269,0.27,0.317,0,0,1,1
0.269,0.27,0.32,0,0,1,1
0.269,0.27,0.323,0,0,1,1
0.269,0.27,0.326,0,0,1,1
0.269,0.27,0.329,0,0,1,1
0.269,0.27,0.332,0,0,1,1
0.269,0.27,0.335,0,0,1,1
0.269,0.27,0.338,0,0,1,1
0.269,0.27,0.341,0,0,1,1
0.269,0.27,0.344,0,0,1,1
0.269,0.27,0.347,0,0,1,1
0.269,0.27,0.35,0,0,1,1
0.269,0.27,0.353,0,0,1,1
0.269,0.27,0.356,0,0,1,1
0.269,0.27,0.359,0,0,1,1
0.269,0.27,0.362,0,0,1,1
0.269,0.27,0.365,0,0,1,1
0.269,0.27,0.368,0,0,1,1
0.269,0.27,0.371,0,0,1,1
0.269,0.27,0.374,0,0,1,1
0.269,0.27,0.377,0,0,1,1
0.269,0.27,0.38,0,0,1,1
0.269,0.27,0.383,0,0,1,1
0.269,0.27,0.386,0,0,1,1
0.269,0.27,0.389,0,0,1,1
0.269,0.27,0.392,0,0,1,1
0.269,0.27,0.395,0,0,1,1
0.269,0.27,0.398,0,0,1,1
0.269,0.27,0.401,0,0,1,1
0.269,0.27,0.404,0,0,1,1
0.269,0.27,0.407,0,0,1,1
0.269,0.27,0.41,0,0,1,1
0.269,0.27,0.413,0,0,1,1
0.269,0.27,0.416,0,0,1,1
0.269,0.27,0.419,0,0,1,1
0.269,0.27,0.422,0,0,1,1
0.269,0.27,0.425,0,0,1,1
0.269,0.27,0.427999,0,0,1,1
0.269,0.27,0.430999,0,0,1,1
0.269,0.27,0.433999,0,0,1,1
0.269,0.27,0.436999,0,0,1,1
0.269,0.27,0.439999,0,0,1,1
0.272,0.27,0.26,0,0,1,1
0.272,0.27,0.263,0,0,1,1
0.272,0.27,0.266,0,0,1,1
0.272,0.27,0.269,0,0,1,1
0.272,0.27,0.272,0,0,1,1
0.272,0.27,0.275,0,0,1,1
0.272,0.27,0.278,0,0,1,1
0.272,0.27,0.281,0,0,1,1
0.272,0.27,0.284,0,0,1,1
0.272,0.27,0.287,0,0,1,1
0.272,0.27,0.29,0,0,1,1
0.272,0.27,0.293,0,0,1,1
0.272,0.27,0.296,0,0,1,1
0.272,0.27,0.299,0,0,1,1
0.272,0.27,0.302,0,0,1,1
0.272,0.27,0.305,0,0,1,1
0.272,0.27,0.308,0,0,1,1
0.272,0.27,0.311,0,0,1,1
0.272,0.27,0.314,0,0,1,1
0.272,0.27,0.317,0,0,1,1
0.272,0.27,0.32,0,0,1,1
0.272,0.27,0.323,0,0,1,1
0.272,0.27,0.326,0,0,1,1
0.272,0.27,0.329,0,0,1,1
0.272,0.27,0.332,0,0,1,1
0.272,0.27,0.335,0,0,1,1
0.272,0.27,0.338,0,0,1,1
0.272,0.27,0.341,0,0,1,1
0.272,0.27,0.344,0,0,1,1
0.272,0.27,0.347,0,0,1,1
0.272,0.27,0.35,0,0,1,1
0.272,0.27,0.353,0,0,1,1
0.272,0.27,0.356,0,0,1,1
0.272,0.27,0.359,0,0,1,1
0.272,0.27,0.362,0,0,1,1
0.272,0.27,0.365,0,0,1,1
0.272,0.27,0.368,0,0,1,1
0.272,0.27,0.371,0,0,1,1
0.272,0.27,0.374,0,0,1,1
0.272,0.27,0.377,0,0,1,1
0.272,0.27,0.38,0,0,1,1
0.272,0.27,0.383,0,0,1,1
0.272,0.27,0.386,0,0,1,1
0.272,0.27,0.389,0,0,1,1
0.272,0.27,0.392,0,0,1,1
0.272,0.27,0.395,0,0,1,1
0.272,0.27,0.398,0,0,1,1
0.272,0.27,0.401,0,0,1,1
0.272,0.27,0.404,0,0,1,1
0.272,0.27,0.407,0,0,1,1
0.272,0.27,0.41,0,0,1,1
0.272,0.27,0.413,0,0,1,1
0.272,0.27,0.416,0,0,1,1
0.272,0.27,0.419,0,0,1,1
0.272,0.27,0.422,0,0,1,1
0.272,0.27,0.425,0,0,1,1
0.272,0.27,0.427999,0,0,1,1
0.272,0.27,0.430999,0,0,1,1
0.272,0.27,0.433999,0,0,1,1
0.272,0.27,0.436999,0,0,1,1
0.272,0.27,0.439999,0,0,1,1
0.275,0.27,0.26,0,0,1,1
0.275,0.27,0.263,0,0,1,1
0.275,0.27,0.266,0,0,1,1
0.275,0.27,0.269,0,0,1,1
0.275,0.27,0.272,0,0,1,1
0.275,0.27,0.275,0,0,1,1
0.275,0.27,0.278,0,0,1,1
0.275,0.27,0.281,0,0,1,1
0.275,0.27,0.284,0,0,1,1
0.275,0.27,0.287,0,0,1,1
0.275,0.27,0.29,0,0,1,1
0.275,0.27,0.293,0,0,1,1
0.275,0.27,0.296,0,0,1,1
0.275,0.27,0.299,0,0,1,1
0.275,0.27,0.302,0,0,1,1
0.275,0.27,0.305,0,0,1,1
0.275,0.27,0.308,0,0,1,1
0.275,0.27,0.311,0,0,1,1
0.275,0.27,0.314,0,0,1,1
0.275,0.27,0.317,0,0,1,1
0.275,0.27,0.32,0,0,1,1
0.275,0.27,0.323,0,0,1,1
0.275,0.27,0.326,0,0,1,1
0.275,0.27,0.329,0,0,1,1
0.275,0.27,0.332,0,0,1,1
0.275,0.27,0.335,0,0,1,1
0.275,0.27,0.338,0,0,1,1
0.275,0.27,0.341,0,0,1,1
0.275,0.27,0.344,0,0,1,1
0.275,0.27,0.347,0,0,1,1
0.275,0.27,0.35,0,0,1,1
0.275,0.27,0.353,0,0,1,1
0.275,0.27,0.356,0,0,1,1
0.275,0.27,0.359,0,0,1,1
0.275,0.27,0.362,0,0,1,1
0.275,0.27,0.365,0,0,1,1
0.275,0.27,0.368,0,0,1,1
0.275,0.27,0.371,0,0,1,1
0.275,0.27,0.374,0,0,1,1
0.275,0.27,0.377,0,0,1,1
0.275,0.27,0.38,0,0,1,1
0.275,0.27,0.383,0,0,1,1
0.275,0.27,0.386,0,0,1,1
0.275,0.27,0.389,0,0,1,1
0.275,0.27,0.392,0,0,1,1
0.275,0.27,0.395,0,0,1,1
0.275,0.27,0.398,0,0,1,1
0.275,0.27,0.401,0,0,1,1
0.275,0.27,0.404,0,0,1,1
0.275,0.27,0.407,0,0,1,1
0.275,0.27,0.41,0,0,1,1
0.275,0.27,0.413,0,0,1,1
0.275,0.27,0.416,0,0,1,1
0.275,0.27,0.419,0,0,1,1
0.275,0.27,0.422,0,0,1,1
0.275,0.27,0.425,0,0,1,1
0.275,0.27,0.427999,0,0,1,1
0.275,0.27,0.430999,0,0,1,1
0.275,0.27,0.433999,0,0,1,1
0.275,0.27,0.436999,0,0,1,1
0.275,0.27,0.439999,0,0,1,1
0.278,0.27,0.26,0,0,1,1
0.278,0.27,0.263,0,0,1,1
0.278,0.27,0.266,0,0,1,1
0.278,0.27,0.269,0,0,1,1
0.278,0.27,0.272,0,0,1,1
0.278,0.27,0.275,0,0,1,1
0.278,0.27,0.278,0,0,1,1
0.278,0.27,0.281,0,0,1,1
0.278,0.27,0.284,0,0,1,1
0.278,0.27,0.287,0,0,1,1
0.278,0.27,0.29,0,0,1,1
0.278,0.27,0.293,0,0,1,1
0.278,0.27,0.296,0,0,1,1
0.278,0.27,0.299,0,0,1,1
0.278,0.27,0.302,0,0,1,1
0.278,0.27,0.305,0,0,1,1
0.278,0.27,0.308,0,0,1,1
0.278,0.27,0.311,0,0,1,1
0.278,0.27,0.314,0,0,1,1
0.278,0.27,0.317,0,0,1,1
0.278,0.27,0.32,0,0,1,1
0.278,0.27,0.323,0,0,1,1
0.278,0.27,0.326,0,0,1,1
0.278,0.27,0.329,0,0,1,1
0.278,0.27,0.332,0,0,1,1
0.278,0.27,0.335,0,0,1,1
0.278,0.27,0.338,0,0,1,1
0.278,0.27,0.341,0,0,1,1
0.278,0.27,0.344,0,0,1,1
0.278,0.27,0.347,0,0,1,1
0.278,0.27,0.35,0,0,1,1
0.278,0.27,0.353,0,0,1,1
0.278,0.27,0.356,0,0,1,1
0.278,0.27,0.359,0,0,1,1
0.278,0.27,0.362,0,0,1,1
0.278,0.27,0.365,0,0,1,1
0.278,0.27,0.368,0,0,1,1
0.278,0.27,0.371,0,0,1,1
0.278,0.27,0.374,0,0,1,1
0.278,0.27,0.377,0,0,1,1
0.278,0.27,0.38,0,0,1,1
0.278,0.27,0.383,0,0,1,1
0.278,0.27,0.386,0,0,1,1
0.278,0.27,0.389,0,0,1,1
0.278,0.27,0.392,0,0,1,1
0.278,0.27,0.395,0,0,1,1
0.278,0.27,0.398,0,0,1,1
0.278,0.27,0.401,0,0,1,1
0.278,0.27,0.404,0,0,1,1
0.278,0.27,0.407,0,0,1,1
0.278,0.27,0.41,0,0,1,1
0.278,0.27,0.413,0,0,1,1
0.278,0.27,0.416,0,0,1,1
0.278,0.27,0.419,0,0,1,1
0.278,0.27,0.422,0,0,1,1
0.278,0.27,0.425,0,0,1,1
0.278,0.27,0.427999,0,0,1,1
0.278,0.27,0.430999,0,0,1,1
0.278,0.27,0.433999,0,0,1,1
0.278,0.27,0.436999,0,0,1,1
0.278,0.27,0.439999,0,0,1,1
0.281,0.27,0.26,0,0,1,1
0.281,0.27,0.263,0,0,1,1
0.281,0.27,0.266,0,0,1,1
0.281,0.27,0.269,0,0,1,1
0.281,0.27,0.272,0,0,1,1
0.281,0.27,0.275,0,0,1,1
0.281,0.27,0.278,0,0,1,1
0.281,0.27,0.281,0,0,1,1
0.281,0.27,0.284,0,0,1,1
0.281,0.27,0.287,0,0,1,1
0.281,0.27,0.29,0,0,1,1
0.281,0.27,0.293,0,0,1,1
0.281,0.27,0.296,0,0,1,1
0.281,0.27,0.299,0,0,1,1
0.281,0.27,0.302,0,0,1,1
0.281,0.27,0.305,0,0,1,1
0.281,0.27,0.308,0,0,1,1
0.281,0.27,0.311,0,0,1,1
0.281,0.27,0.314,0,0,1,1
0.281,0.27,0.317,0,0,1,1
0.281,0.27,0.32,0,0,1,1
0.281,0.27,0.323,0,0,1,1
0.281,0.27,0.326,0,0,1,1
0.281,0.27,0.329,0,0,1,1
0.281,0.27,0.332,0,0,1,1
0.281,0.27,0.335,0,0,1,1
0.281,0.27,0.338,0,0,1,1
0.281,0.27,0.341,0,0,1,1
0.281,0.27,0.344,0,0,1,1
0.281,0.27,0.347,0,0,1,1
0.281,0.27,0.35,0,0,1,1
0.281,0.27,0.353,0,0,1,1
0.281,0.27,0.356,0,0,1,1
0.281,0.27,0.359,0,0,1,1
0.281,0.27,0.362,0,0,1,1
0.281,0.27,0.365,0,0,1,1
0.281,0.27,0.368,0,0,1,1
0.281,0.27,0.371,0,0,1,1
0.281,0.27,0.374,0,0,1,1
0.281,0.27,0.377,0,0,1,1
0.281,0.27,0.38,0,0,1,1
0.281,0.27,0.383,0,0,1,1
0.281,0.27,0.386,0,0,1,1
0.281,0.27,0.389,0,0,1,1
0.281,0.27,0.392,0,0,1,1
0.281,0.27,0.395,0,0,1,1
0.281,0.27,0.398,0,0,1,1
0.281,0.27,0.401,0,0,1,1
0.281,0.27,0.404,0,0,1,1
0.281,0.27,0.407,0,0,1,1
0.281,0.27,0.41,0,0,1,1
0.281,0.27,0.413,0,0,1,1
0.281,0.27,0.416,0,0,1,1
0.281,0.27,0.419,0,0,1,1
0.281,0.27,0.422,0,0,1,1
0.281,0.27,0.425,0,0,1,1
0.281,0.27,0.427999,0,0,1,1
0.281,0.27,0.430999,0,0,1,1
0.281,0.27,0.433999,0,0,1,1
0.281,0.27,0.436999,0,0,1,1
0.281,0.27,0.439999,0,0,1,1
0.284,0.27,0.26,0,0,1,1
0.284,0.27,0.263,0,0,1,1
0.284,0.27,0.266,0,0,1,1
0.284,0.27,0.269,0,0,1,1
0.284,0.27,0.272,0,0,1,1
0.284,0.27,0.275,0,0,1,1
0.284,0.27,0.278,0,0,1,1
0.284,0.27,0.281,0,0,1,1
0.284,0.27,0.284,0,0,1,1
0.284,0.27,0.287,0,0,1,1
0.284,0.27,0.29,0,0,1,1
0.284,0.27,0.293,0,0,1,1
0.284,0.27,0.296,0,0,1,1
0.284,0.27,0.299,0,0,1,1
0.284,0.27,0.302,0,0,1,1
0.284,0.27,0.305,0,0,1,1
0.284,0.27,0.308,0,0,1,1
0.284,0.27,0.311,0,0,1,1
0.284,0.27,0.314,0,0,1,1
0.284,0.27,0.317,0,0,1,1
0.284,0.27,0.32,0,0,1,1
0.284,0.27,0.323,0,0,1,1
0.284,0.27,0.326,0,0,1,1
0.284,0.27,0.329,0,0,1,1
0.284,0.27,0.332,0,0,1,1
0.284,0.27,0.335,0,0,1,1
0.284,0.27,0.338,0,0,1,1
0.284,0.27,0.341,0,0,1,1
0.284,0.27,0.344,0,0,1,1
0.284,0.27,0.347,0,0,1,1
0.284,0.27,0.35,0,0,1,1
0.284,0.27,0.353,0,0,1,1
0.284,0.27,0.356,0,0,1,1
0.284,0.27,0.359,0,0,1,1
0.284,0.27,0.362,0,0,1,1
0.284,0.27,0.365,0,0,1,1
0.284,0.27,0.368,0,0,1,1
0.284,0.27,0.371,0,0,1,1
0.284,0.27,0.374,0,0,1,1
0.284,0.27,0.377,0,0,1,1
0.284,0.27,0.38,0,0,1,1
0.284,0.27,0.383,0,0,1,1
0.284,0.27,0.386,0,0,1,1
0.284,0.27,0.389,0,0,1,1
0.284,0.27,0.392,0,0,1,1
0.284,0.27,0.395,0,0,1,1
0.284,0.27,0.398,0,0,1,1
0.284,0.27,0.401,0,0,1,1
0.284,0.27,0.404,0,0,1,1
0.284,0.27,0.407,0,0,1,1
0.284,0.27,0.41,0,0,1,1
0.284,0.27,0.413,0,0,1,1
0.284,0.27,0.416,0,0,1,1
0.284,0.27,0.419,0,0,1,1
0.284,0.27,0.422,0,0,1,1
0.284,0.27,0.425,0,0,1,1
0.284,0.27,0.427999,0,0,1,1
0.284,0.27,0.430999,0,0,1,1
0.284,0.27,0.433999,0,0,1,1
0.284,0.27,0.436999,0,0,1,1
0.284,0.27,0.439999,0,0,1,1
0.287,0.27,0.26,0,0,1,1
0.287,0.27,0.263,0,0,1,1
0.287,0.27,0.266,0,0,1,1
0.287,0.27,0.269,0,0,1,1
0.287,0.27,0.272,0,0,1,1
0.287,0.27,0.275,0,0,1,1
0.287,0.27,0.278,0,0,1,1
0.287,0.27,0.281,0,0,1,1
0.287,0.27,0.284,0,0,1,1
0.287,0.27,0.287,0,0,1,1
0.287,0.27,0.29,0,0,1,1
0.287,0.27,0.293,0,0,1,1
0.287,0.27,0.296,0,0,1,1
0.287,0.27,0.299,0,0,1,1
0.287,0.27,0.302,0,0,1,1
0.287,0.27,0.305,0,0,1,1
0.287,0.27,0.308,0,0,1,1
0.287,0.27,0.311,0,0,1,1
0.287,0.27,0.314,0,0,1,1
0.287,0.27,0.317,0,0,1,1
0.287,0.27,0.32,0,0,1,1
0.287,0.27,0.323,0,0,1,1
0.287,0.27,0.326,0,0,1,1
0.287,0.27,0.329,0,0,1,1
0.287,0.27,0.332,0,0,1,1
0.287,0.27,0.335,0,0,1,1
0.287,0.27,0.338,0,0,1,1
0.287,0.27,0.341,0,0,1,1
0.287,0.27,0.344,0,0,1,1
0.287,0.27,0.347,0,0,1,1
0.287,0.27,0.35,0,0,1,1
0.287,0.27,0.353,0,0,1,1
0.287,0.27,0.356,0,0,1,1
0.287,0.27,0.359,0,0,1,1
0.287,0.27,0.362,0,0,1,1
0.287,0.27,0.365,0,0,1,1
0.287,0.27,0.368,0,0,1,1
0.287,0.27,0.371,0,0,1,1
0.287,0.27,0.374,0,0,1,1
0.287,0.27,0.377,0,0,1,1
0.287,0.27,0.38,0,0,1,1
0.287,0.27,0.383,0,0,1,1
0.287,0.27,0.386,0,0,1,1
0.287,0.27,0.389,0,0,1,1
0.287,0.27,0.392,0,0,1,1
0.287,0.27,0.395,0,0,1,1
0.287,0.27,0.398,0,0,1,1
0.287,0.27,0.401,0,0,1,1
0.287,0.27,0.404,0,0,1,1
0.287,0.27,0.407,0,0,1,1
0.287,0.27,0.41,0,0,1,1
0.287,0.27,0.413,0,0,1,1
0.287,0.27,0.416,0,0,1,1
0.287,0.27,0.419,0,0,1,1
0.287,0.27,0.422,0,0,1,1
0.287,0.27,0.425,0,0,1,1
0.287,0.27,0.427999,0,0,1,1
0.287,0.27,0.430999,0,0,1,1
0.287,0.27,0.433999,0,0,1,1
0.287,0.27,0.436999,0,0,1,1
0.287,0.27,0.439999,0,0,1,1
0.29,0.27,0.26,0,0,1,1
0.29,0.27,0.263,0,0,1,1
0.29,0.27,0.266,0,0,1,1
0.29,0.27,0.269,0,0,1,1
0.29,0.27,0.272,0,0,1,1
0.29,0.27,0.275,0,0,1,1
0.29,0.27,0.278,0,0,1,1
0.29,0.27,0.281,0,0,1,1
0.29,0.27,0.284,0,0,1,1
0.29,0.27,0.287,0,0,1,1
0.29,0.27,0.29,0,0,1,1
0.29,0.27,0.293,0,0,1,1
0.29,0.27,0.296,0,0,1,1
0.29,0.27,0.299,0,0,1,1
0.29,0.27,0.302,0,0,1,1
0.29,0.27,0.305,0,0,1,1
0.29,0.27,0.308,0,0,1,1
0.29,0.27,0.311,0,0,1,1
0.29,0.27,0.314,0,0,1,1
0.29,0.27,0.317,0,0,1,1
0.29,0.27,0.32,0,0,1,1
0.29,0.27,0.323,0,0,1,1
0.29,0.27,0.326,0,0,1,1
0.29,0.27,0.329,0,0,1,1
0.29,0.27,0.332,0,0,1,1
0.29,0.27,0.335,0,0,1,1
0.29,0.27,0.338,0,0,1,1
0.29,0.27,0.341,0,0,1,1
0.29,0.27,0.344,0,0,1,1
0.29,0.27,0.347,0,0,1,1
0.29,0.27,0.35,0,0,1,1
0.29,0.27,0.353,0,0,1,1
0.29,0.27,0.356,0,0,1,1
0.29,0.27,0.359,0,0,1,1
0.29,0.27,0.362,0,0,1,1
0.29,0.27,0.365,0,0,1,1
0.29,0.27,0.368,0,0,1,1
0.29,0.27,0.371,0,0,1,1
0.29,0.27,0.374,0,0,1,1
0.29,0.27,0.377,0,0,1,1
0.29,0.27,0.38,0,0,1,1
0.29,0.27,0.383,0,0,1,1
0.29,0.27,0.386,0,0,1,1
0.29,0.27,0.389,0,0,1,1
0.29,0.27,0.392,0,0,1,1
0.29,0.27,0.395,0,0,1,1
0.29,0.27,0.398,0,0,1,1
0.29,0.27,0.401,0,0,1,1
0.29,0.27,0.404,0,0,1,1
0.29,0.27,0.407,0,0,1,1
0.29,0.27,0.41,0,0,1,1
0.29,0.27,0.413,0,0,1,1
0.29,0.27,0.416,0,0,1,1
0.29,0.27,0.419,0,0,1,1
0.29,0.27,0.422,0,0,1,1
0.29,0.27,0.425,0,0,1,1
0.29,0.27,0.427999,0,0,1,1
0.29,0.27,0.430999,0,0,1,1
0.29,0.27,0.433999,0,0,1,1
0.29,0.27,0.436999,0,0,1,1
0.29,0.27,0.439999,0,0,1,1
0.293,0.27,0.26,0,0,1,1
0.293,0.27,0.263,0,0,1,1
0.293,0.27,0.266,0,0,1,1
0.293,0.27,0.269,0,0,1,1
0.293,0.27,0.272,0,0,1,1
0.293,0.27,0.275,0,0,1,1
0.293,0.27,0.278,0,0,1,1
0.293,0.27,0.281,0,0,1,1
0.293,0.27,0.284,0,0,1,1
0.293,0.27,0.287,0,0,1,1
0.293,0.27,0.29,0,0,1,1
0.293,0.27,0.293,0,0,1,1
0.293,0.27,0.296,0,0,1,1
0.293,0.27,0.299,0,0,1,1
0.293,0.27,0.302,0,0,1,1
0.293,0.27,0.305,0,0,1,1
0.293,0.27,0.308,0,0,1,1
0.293,0.27,0.311,0,0,1,1
0.293,0.27,0.314,0,0,1,1
0.293,0.27,0.317,0,0,1,1
0.293,0.27,0.32,0,0,1,1
0.293,0.27,0.323,0,0,1,1
0.293,0.27,0.326,0,0,1,1
0.293,0.27,0.329,0,0,1,1
0.293,0.27,0.332,0,0,1,1
0.293,0.27,0.335,0,0,1,1
0.293,0.27,0.338,0,0,1,1
0.293,0.27,0.341,0,0,1,1
0.293,0.27,0.344,0,0,1,1
0.293,0.27,0.347,0,0,1,1
0.293,0.27,0.35,0,0,1,1
0.293,0.27,0.353,0,0,1,1
0.293,0.27,0.356,0,0,1,1
0.293,0.27,0.359,0,0,1,1
0.293,0.27,0.362,0,0,1,1
0.293,0.27,0.365,0,0,1,1
0.293,0.27,0.368,0,0,1,1
0.293,0.27,0.371,0,0,1,1
0.293,0.27,0.374,0,0,1,1
0.293,0.27,0.377,0,0,1,1
0.293,0.27,0.38,0,0,1,1
0.293,0.27,0.383,0,0,1,1
0.293,0.27,0.386,0,0,1,1
0.293,0.27,0.389,0,0,1,1
0.293,0.27,0.392,0,0,1,1
0.293,0.27,0.395,0,0,1,1
0.293,0.27,0.398,0,0,1,1
0.293,0.27,0.401,0,0,1,1
0.293,0.27,0.404,0,0,1,1
0.293,0.27,0.407,0,0,1,1
0.293,0.27,0.41,0,0,1,1
0.293,0.27,0.413,0,0,1,1
0.293,0.27,0.416,0,0,1,1
0.293,0.27,0.419,0,0,1,1
0.293,0.27,0.422,0,0,1,1
0.293,0.27,0.425,0,0,1,1
0.293,0.27,0.427999,0,0,1,1
0.293,0.27,0.430999,0,0,1,1
0.293,0.27,0.433999,0,0,1,1
0.293,0.27,0.436999,0,0,1,1
0.293,0.27,0.439999,0,0,1,1
0.296,0.27,0.26,0,0,1,1
0.296,0.27,0.263,0,0,1,1
0.296,0.27,0.266,0,0,1,1
0.296,0.27,0.269,0,0,1,1
0.296,0.27,0.272,0,0,1,1
0.296,0.27,0.275,0,0,1,1
0.296,0.27,0.278,0,0,1,1
0.296,0.27,0.281,0,0,1,1
0.296,0.27,0.284,0,0,1,1
0.296,0.27,0.287,0,0,1,1
0.296,0.27,0.29,0,0,1,1
0.296,0.27,0.293,0,0,1,1
0.296,0.27,0.296,0,0,1,1
0.296,0.27,0.299,0,0,1,1
0.296,0.27,0.302,0,0,1,1
0.296,0.27,0.305,0,0,1,1
0.296,0.27,0.308,0,0,1,1
0.296,0.27,0.311,0,0,1,1
0.296,0.27,0.314,0,0,1,1
0.296,0.27,0.317,0,0,1,1
0.296,0.27,0.32,0,0,1,1
0.296,0.27,0.323,0,0,1,1
0.296,0.27,0.326,0,0,1,1
0.296,0.27,0.329,0,0,1,1
0.296,0.27,0.332,0,0,1,1
0.296,0.27,0.335,0,0,1,1
0.296,0.27,0.338,0,0,1,1
0.296,0.27,0.341,0,0,1,1
0.296,0.27,0.344,0,0,1,1
0.296,0.27,0.347,0,0,1,1
0.296,0.27,0.35,0,0,1,1
0.296,0.27,0.353,0,0,1,1
0.296,0.27,0.356,0,0,1,1
0.296,0.27,0.359,0,0,1,1
0.296,0.27,0.362,0,0,1,1
0.296,0.27,0.365,0,0,1,1
0.296,0.27,0.368,0,0,1,1
0.296,0.27,0.371,0,0,1,1
0.296,0.27,0.374,0,0,1,1
0.296,0.27,0.377,0,0,1,1
0.296,0.27,0.38,0,0,1,1
0.296,0.27,0.383,0,0,1,1
0.296,0.27,0.386,0,0,1,1
0.296,0.27,0.389,0,0,1,1
0.296,0.27,0.392,0,0,1,1
0.296,0.27,0.395,0,0,1,1
0.296,0.27,0.398,0,0,1,1
0.296,0.27,0.401,0,0,1,1
0.296,0.27,0.404,0,0,1,1
0.296,0.27,0.407,0,0,1,1
0.296,0.27,0.41,0,0,1,1
0.296,0.27,0.413,0,0,1,1
0.296,0.27,0.416,0,0,1,1
0.296,0.27,0.419,0,0,1,1
0.296,0.27,0.422,0,0,1,1
0.296,0.27,0.425,0,0,1,1
0.296,0.27,0.427999,0,0,1,1
0.296,0.27,0.430999,0,0,1,1
0.296,0.27,0.433999,0,0,1,1
0.296,0.27,0.436999,0,0,1,1
0.296,0.27,0.439999,0,0,1,1
0.299,0.27,0.26,0,0,1,1
0.299,0.27,0.263,0,0,1,1
0.299,0.27,0.266,0,0,1,1
0.299,0.27,0.269,0,0,1,1
0.299,0.27,0.272,0,0,1,1
0.299,0.27,0.275,0,0,1,1
0.299,0.27,0.278,0,0,1,1
0.299,0.27,0.281,0,0,1,1
0.299,0.27,0.284,0,0,1,1
0.299,0.27,0.287,0,0,1,1
0.299,0.27,0.29,0,0,1,1
0.299,0.27,0.293,0,0,1,1
0.299,0.27,0.296,0,0,1,1
0.299,0.27,0.299,0,0,1,1
0.299,0.27,0.302,0,0,1,1
0.299,0.27,0.305,0,0,1,1
0.299,0.27,0.308,0,0,1,1
0.299,0.27,0.311,0,0,1,1
0.299,0.27,0.314,0,0,1,1
0.299,0.27,0.317,0,0,1,1
0.299,0.27,0.32,0,0,1,1
0.299,0.27,0.323,0,0,1,1
0.299,0.27,0.326,0,0,1,1
0.299,0.27,0.329,0,0,1,1
0.299,0.27,0.332,0,0,1,1
0.299,0.27,0.335,0,0,1,1
0.299,0.27,0.338,0,0,1,1
0.299,0.27,0.341,0,0,1,1
0.299,0.27,0.344,0,0,1,1
0.299,0.27,0.347,0,0,1,1
0.299,0.27,0.35,0,0,1,1
0.299,0.27,0.353,0,0,1,1
0.299,0.27,0.356,0,0,1,1
0.299,0.27,0.359,0,0,1,1
0.299,0.27,0.362,0,0,1,1
0.299,0.27,0.365,0,0,1,1
0.299,0.27,0.368,0,0,1,1
0.299,0.27,0.371,0,0,1,1
0.299,0.27,0.374,0,0,1,1
0.299,0.27,0.377,0,0,1,1
0.299,0.27,0.38,0,0,1,1
0.299,0.27,0.383,0,0,1,1
0.299,0.27,0.386,0,0,1,1
0.299,0.27,0.389,0,0,1,1
0.299,0.27,0.392,0,0,1,1
0.299,0.27,0.395,0,0,1,1
0.299,0.27,0.398,0,0,1,1
0.299,0.27,0.401,0,0,1,1
0.299,0.27,0.404,0,0,1,1
0.299,0.27,0.407,0,0,1,1
0.299,0.27,0.41,0,0,1,1
0.299,0.27,0.413,0,0,1,1
0.299,0.27,0.416,0,0,1,1
0.299,0.27,0.419,0,0,1,1
0.299,0.27,0.422,0,0,1,1
0.299,0.27,0.425,0,0,1,1
0.299,0.27,0.427999,0,0,1,1
0.299,0.27,0.430999,0,0,1,1
0.299,0.27,0.433999,0,0,1,1
0.299,0.27,0.436999,0,0,1,1
0.299,0.27,0.439999,0,0,1,1
0.302,0.27,0.26,0,0,1,1
0.302,0.27,0.263,0,0,1,1
0.302,0.27,0.266,0,0,1,1
0.302,0.27,0.269,0,0,1,1
0.302,0.27,0.272,0,0,1,1
0.302,0.27,0.275,0,0,1,1
0.302,0.27,0.278,0,0,1,1
0.302,0.27,0.281,0,0,1,1
0.302,0.27,0.284,0,0,1,1
0.302,0.27,0.287,0,0,1,1
0.302,0.27,0.29,0,0,1,1
0.302,0.27,0.293,0,0,1,1
0.302,0.27,0.296,0,0,1,1
0.302,0.27,0.299,0,0,1,1
0.302,0.27,0.302,0,0,1,1
0.302,0.27,0.305,0,0,1,1
0.302,0.27,0.308,0,0,1,1
0.302,0.27,0.311,0,0,1,1
0.302,0.27,0.314,0,0,1,1
0.302,0.27,0.317,0,0,1,1
0.302,0.27,0.32,0,0,1,1
0.302,0.27,0.323,0,0,1,1
0.302,0.27,0.326,0,0,1,1
0.302,0.27,0.329,0,0,1,1
0.302,0.27,0.332,0,0,1,1
0.302,0.27,0.335,0,0,1,1
0.302,0.27,0.338,0,0,1,1
0.302,0.27,0.341,0,0,1,1
0.302,0.27,0.344,0,0,1,1
0.302,0.27,0.347,0,0,1,1
0.302,0.27,0.35,0,0,1,1
0.302,0.27,0.353,0,0,1,1
0.302,0.27,0.356,0,0,1,1
0.302,0.27,0.359,0,0,1,1
0.302,0.27,0.362,0,0,1,1
0.302,0.27,0.365,0,0,1,1
0.302,0.27,0.368,0,0,1,1
0.302,0.27,0.371,0,0,1,1
0.302,0.27,0.374,0,0,1,1
0.302,0.27,0.377,0,0,1,1
0.302,0.27,0.38,0,0,1,1
0.302,0.27,0.383,0,0,1,1
0.302,0.27,0.386,0,0,1,1
0.302,0.27,0.389,0,0,1,1
0.302,0.27,0.392,0,0,1,1
0.302,0.27,0.395,0,0,1,1
0.302,0.27,0.398,0,0,1,1
0.302,0.27,0.401,0,0,1,1
0.302,0.27,0.404,0,0,1,1
0.302,0.27,0.407,0,0,1,1
0.302,0.27,0.41,0,0,1,1
0.302,0.27,0.413,0,0,1,1
0.302,0.27,0.416,0,0,1,1
0.302,0.27,0.419,0,0,1,1
0.302,0.27,0.422,0,0,1,1
0.302,0.27,0.425,0,0,1,1
0.302,0.27,0.427999,0,0,1,1
0.302,0.27,0.430999,0,0,1,1
0.302,0.27,0.433999,0,0,1,1
0.302,0.27,0.436999,0,0,1,1
0.302,0.27,0.439999,0,0,1,1
0.305,0.27,0.26,0,0,1,1
0.305,0.27,0.263,0,0,1,1
0.305,0.27,0.266,0,0,1,1
0.305,0.27,0.269,0,0,1,1
0.305,0.27,0.272,0,0,1,1
0.305,0.27,0.275,0,0,1,1
0.305,0.27,0.278,0,0,1,1
0.305,0.27,0.281,0,0,1,1
0.305,0.27,0.284,0,0,1,1
0.305,0.27,0.287,0,0,1,1
0.305,0.27,0.29,0,0,1,1
0.305,0.27,0.293,0,0,1,1
0.305,0.27,0.296,0,0,1,1
0.305,0.27,0.299,0,0,1,1
0.305,0.27,0.302,0,0,1,1
0.305,0.27,0.305,0,0,1,1
0.305,0.27,0.308,0,0,1,1
0.305,0.27,0.311,0,0,1,1
0.305,0.27,0.314,0,0,1,1
0.305,0.27,0.317,0,0,1,1
0.305,0.27,0.32,0,0,1,1
0.305,0.27,0.323,0,0,1,1
0.305,0.27,0.326,0,0,1,1
0.305,0.27,0.329,0,0,1,1
0.305,0.27,0.332,0,0,1,1
0.305,0.27,0.335,0,0,1,1
0.305,0.27,0.338,0,0,1,1
0.305,0.27,0.341,0,0,1,1
0.305,0.27,0.344,0,0,1,1
0.305,0.27,0.347,0,0,1,1
0.305,0.27,0.35,0,0,1,1
0.305,0.27,0.353,0,0,1,1
0.305,0.27,0.356,0,0,1,1
0.305,0.27,0.359,0,0,1,1
0.305,0.27,0.362,0,0,1,1
0.305,0.27,0.365,0,0,1,1
0.305,0.27,0.368,0,0,1,1
0.305,0.27,0.371,0,0,1,1
0.305,0.27,0.374,0,0,1,1
0.305,0.27,0.377,0,0,1,1
0.305,0.27,0.38,0,0,1,1
0.305,0.27,0.383,0,0,1,1
0.305,0.27,0.386,0,0,1,1
0.305,0.27,0.389,0,0,1,1
0.305,0.27,0.392,0,0,1,1
0.305,0.27,0.395,0,0,1,1
0.305,0.27,0.398,0,0,1,1
0.305,0.27,0.401,0,0,1,1
0.305,0.27,0.404,0,0,1,1
0.305,0.27,0.407,0,0,1,1
0.305,0.27,0.41,0,0,1,1
0.305,0.27,0.413,0,0,1,1
0.305,0.27,0.416,0,0,1,1
0.305,0.27,0.419,0,0,1,1
0.305,0.27,0.422,0,0,1,1
0.305,0.27,0.425,0,0,1,1
0.305,0.27,0.427999,0,0,1,1
0.305,0.27,0.430999,0,0,1,1
0.305,0.27,0.433999,0,0,1,1
0.305,0.27,0.436999,0,0,1,1
0.305,0.27,0.439999,0,0,1,1
0.308,0.27,0.26,0,0,1,1
0.308,0.27,0.263,0,0,1,1
0.308,0.27,0.266,0,0,1,1
0.308,0.27,0.269,0,0,1,1
0.308,0.27,0.272,0,0,1,1
0.308,0.27,0.275,0,0,1,1
0.308,0.27,0.278,0,0,1,1
0.308,0.27,0.281,0,0,1,1
0.308,0.27,0.284,0,0,1,1
0.308,0.27,0.287,0,0,1,1
0.308,0.27,0.29,0,0,1,1
0.308,0.27,0.293,0,0,1,1
0.308,0.27,0.296,0,0,1,1
0.308,0.27,0.299,0,0,1,1
0.308,0.27,0.302,0,0,1,1
0.308,0.27,0.305,0,0,1,1
0.308,0.27,0.308,0,0,1,1
0.308,0.27,0.311,0,0,1,1
0.308,0.27,0.314,0,0,1,1
0.308,0.27,0.317,0,0,1,1
0.308,0.27,0.32,0,0,1,1
0.308,0.27,0.323,0,0,1,1
0.308,0.27,0.326,0,0,1,1
0.308,0.27,0.329,0,0,1,1
0.308,0.27,0.332,0,0,1,1
0.308,0.27,0.335,0,0,1,1
0.308,0.27,0.338,0,0,1,1
0.308,0.27,0.341,0,0,1,1
0.308,0.27,0.344,0,0,1,1
0.308,0.27,0.347,0,0,1,1
0.308,0.27,0.35,0,0,1,1
0.308,0.27,0.353,0,0,1,1
0.308,0.27,0.356,0,0,1,1
0.308,0.27,0.359,0,0,1,1
0.308,0.27,0.362,0,0,1,1
0.308,0.27,0.365,0,0,1,1
0.308,0.27,0.368,0,0,1,1
0.308,0.27,0.371,0,0,1,1
0.308,0.27,0.374,0,0,1,1
0.308,0.27,0.377,0,0,1,1
0.308,0.27,0.38,0,0,1,1
0.308,0.27,0.383,0,0,1,1
0.308,0.27,0.386,0,0,1,1
0.308,0.27,0.389,0,0,1,1
0.308,0.27,0.392,0,0,1,1
0.308,0.27,0.395,0,0,1,1
0.308,0.27,0.398,0,0,1,1
0.308,0.27,0.401,0,0,1,1
0.308,0.27,0.404,0,0,1,1
0.308,0.27,0.407,0,0,1,1
0.308,0.27,0.41,0,0,1,1
0.308,0.27,0.413,0,0,1,1
0.308,0.27,0.416,0,0,1,1
0.308,0.27,0.419,0,0,1,1
0.308,0.27,0.422,0,0,1,1
0.308,0.27,0.425,0,0,1,1
0.308,0.27,0.427999,0,0,1,1
0.308,0.27,0.430999,0,0,1,1
0.308,0.27,0.433999,0,0,1,1
0.308,0.27,0.436999,0,0,1,1
0.308,0.27,0.439999,0,0,1,1
0.311,0.27,0.26,0,0,1,1
0.311,0.27,0.263,0,0,1,1
0.311,0.27,0.266,0,0,1,1
0.311,0.27,0.269,0,0,1,1
0.311,0.27,0.272,0,0,1,1
0.311,0.27,0.275,0,0,1,1
0.311,0.27,0.278,0,0,1,1
0.311,0.27,0.281,0,0,1,1
0.311,0.27,0.284,0,0,1,1
0.311,0.27,0.287,0,0,1,1
0.311,0.27,0.29,0,0,1,1
0.311,0.27,0.293,0,0,1,1
0.311,0.27,0.296,0,0,1,1
0.311,0.27,0.299,0,0,1,1
0.311,0.27,0.302,0,0,1,1
0.311,0.27,0.305,0,0,1,1
0.311,0.27,0.308,0,0,1,1
0.311,0.27,0.311,0,0,1,1
0.311,0.27,0.314,0,0,1,1
0.311,0.27,0.317,0,0,1,1
0.311,0.27,0.32,0,0,1,1
0.311,0.27,0.323,0,0,1,1
0.311,0.27,0.326,0,0,1,1
0.311,0.27,0.329,0,0,1,1
0.311,0.27,0.332,0,0,1,1
0.311,0.27,0.335,0,0,1,1
0.311,0.27,0.338,0,0,1,1
0.311,0.27,0.341,0,0,1,1
0.311,0.27,0.344,0,0,1,1
0.311,0.27,0.347,0,0,1,1
0.311,0.27,0.35,0,0,1,1
0.311,0.27,0.353,0,0,1,1
0.311,0.27,0.356,0,0,1,1
0.311,0.27,0.359,0,0,1,1
0.311,0.27,0.362,0,0,1,1
0.311,0.27,0.365,0,0,1,1
0.311,0.27,0.368,0,0,1,1
0.311,0.27,0.371,0,0,1,1
0.311,0.27,0.374,0,0,1,1
0.311,0.27,0.377,0,0,1,1
0.311,0.27,0.38,0,0,1,1
0.311,0.27,0.383,0,0,1,1
0.311,0.27,0.386,0,0,1,1
0.311,0.27,0.389,0,0,1,1
0.311,0.27,0.392,0,0,1,1
0.311,0.27,0.395,0,0,1,1
0.311,0.27,0.398,0,0,1,1
0.311,0.27,0.401,0,0,1,1
0.311,0.27,0.404,0,0,1,1
0.311,0.27,0.407,0,0,1,1
0.311,0.27,0.41,0,0,1,1
0.311,0.27,0.413,0,0,1,1
0.311,0.27,0.416,0,0,1,1
0.311,0.27,0.419,0,0,1,1
0.311,0.27,0.422,0,0,1,1
0.311,0.27,0.425,0,0,1,1
0.311,0.27,0.427999,0,0,1,1
0.311,0.27,0.430999,0,0,1,1
0.311,0.27,0.433999,0,0,1,1
0.311,0.27,0.436999,0,0,1,1
0.311,0.27,0.439999,0,0,1,1
0.314,0.27,0.26,0,0,1,1
0.314,0.27,0.263,0,0,1,1
0.314,0.27,0.266,0,0,1,1
0.314,0.27,0.269,0,0,1,1
0.314,0.27,0.272,0,0,1,1
0.314,0.27,0.275,0,0,1,1
0.314,0.27,0.278,0,0,1,1
0.314,0.27,0.281,0,0,1,1
0.314,0.27,0.284,0,0,1,1
0.314,0.27,0.287,0,0,1,1
0.314,0.27,0.29,0,0,1,1
0.314,0.27,0.293,0,0,1,1
0.314,0.27,0.296,0,0,1,1
0.314,0.27,0.299,0,0,1,1
0.314,0.27,0.302,0,0,1,1
0.314,0.27,0.305,0,0,1,1
0.314,0.27,0.308,0,0,1,1
0.314,0.27,0.311,0,0,1,1
0.314,0.27,0.314,0,0,1,1
0.314,0.27,0.317,0,0,1,1
0.314,0.27,0.32,0,0,1,1
0.314,0.27,0.323,0,0,1,1
0.314,0.27,0.326,0,0,1,1
0.314,0.27,0.329,0,0,1,1
0.314,0.27,0.332,0,0,1,1
0.314,0.27,0.335,0,0,1,1
0.314,0.27,0.338,0,0,1,1
0.314,0.27,0.341,0,0,1,1
0.314,0.27,0.344,0,0,1,1
0.314,0.27,0.347,0,0,1,1
0.314,0.27,0.35,0,0,1,1
0.314,0.27,0.353,0,0,1,1
0.314,0.27,0.356,0,0,1,1
0.314,0.27,0.359,0,0,1,1
0.314,0.27,0.362,0,0,1,1
0.314,0.27,0.365,0,0,1,1
0.314,0.27,0.368,0,0,1,1
0.314,0.27,0.371,0,0,1,1
0.314,0.27,0.374,0,0,1,1
0.314,0.27,0.377,0,0,1,1
0.314,0.27,0.38,0,0,1,1
0.314,0.27,0.383,0,0,1,1
0.314,0.27,0.386,0,0,1,1
0.314,0.27,0.389,0,0,1,1
0.314,0.27,0.392,0,0,1,1
0.314,0.27,0.395,0,0,1,1
0.314,0.27,0.398,0,0,1,1
0.314,0.27,0.401,0,0,1,1
0.314,0.27,0.404,0,0,1,1
0.314,0.27,0.407,0,0,1,1
0.314,0.27,0.41,0,0,1,1
0.314,0.27,0.413,0,0,1,1
0.314,0.27,0.416,0,0,1,1
0.314,0.27,0.419,0,0,1,1
0.314,0.27,0.422,0,0,1,1
0.314,0.27,0.425,0,0,1,1
0.314,0.27,0.427999,0,0,1,1
0.314,0.27,0.430999,0,0,1,1
0.314,0.27,0.433999,0,0,1,1
0.314,0.27,0.436999,0,0,1,1
0.314,0.27,0.439999,0,0,1,1
0.317,0.27,0.26,0,0,1,1
0.317,0.27,0.263,0,0,1,1
0.317,0.27,0.266,0,0,1,1
0.317,0.27,0.269,0,0,1,1
0.317,0.27,0.272,0,0,1,1
0.317,0.27,0.275,0,0,1,1
0.317,0.27,0.278,0,0,1,1
0.317,0.27,0.281,0,0,1,1
0.317,0.27,0.284,0,0,1,1
0.317,0.27,0.287,0,0,1,1
0.317,0.27,0.29,0,0,1,1
0.317,0.27,0.293,0,0,1,1
0.317,0.27,0.296,0,0,1,1
0.317,0.27,0.299,0,0,1,1
0.317,0.27,0.302,0,0,1,1
0.317,0.27,0.305,0,0,1,1
0.317,0.27,0.308,0,0,1,1
0.317,0.27,0.311,0,0,1,1
0.317,0.27,0.314,0,0,1,1
0.317,0.27,0.317,0,0,1,1
0.317,0.27,0.32,0,0,1,1
0.317,0.27,0.323,0,0,1,1
0.317,0.27,0.326,0,0,1,1
0.317,0.27,0.329,0,0,1,1
0.317,0.27,0.332,0,0,1,1
0.317,0.27,0.335,0,0,1,1
0.317,0.27,0.338,0,0,1,1
0.317,0.27,0.341,0,0,1,1
0.317,0.27,0.344,0,0,1,1
0.317,0.27,0.347,0,0,1,1
0.317,0.27,0.35,0,0,1,1
0.317,0.27,0.353,0,0,1,1
0.317,0.27,0.356,0,0,1,1
0.317,0.27,0.359,0,0,1,1
0.317,0.27,0.362,0,0,1,1
0.317,0.27,0.365,0,0,1,1
0.317,0.27,0.368,0,0,1,1
0.317,0.27,0.371,0,0,1,1
0.317,0.27,0.374,0,0,1,1
0.317,0.27,0.377,0,0,1,1
0.317,0.27,0.38,0,0,1,1
0.317,0.27,0.383,0,0,1,1
0.317,0.27,0.386,0,0,1,1
0.317,0.27,0.389,0,0,1,1
0.317,0.27,0.392,0,0,1,1
0.317,0.27,0.395,0,0,1,1
0.317,0.27,0.398,0,0,1,1
0.317,0.27,0.401,0,0,1,1
0.317,0.27,0.404,0,0,1,1
0.317,0.27,0.407,0,0,1,1
0.317,0.27,0.41,0,0,1,1
0.317,0.27,0.413,0,0,1,1
0.317,0.27,0.416,0,0,1,1
0.317,0.27,0.419,0,0,1,1
0.317,0.27,0.422,0,0,1,1
0.317,0.27,0.425,0,0,1,1
0.317,0.27,0.427999,0,0,1,1
0.317,0.27,0.430999,0,0,1,1
0.317,0.27,0.433999,0,0,1,1
0.317,0.27,0.436999,0,0,1,1
0.317,0.27,0.439999,0,0,1,1
0.32,0.27,0.26,0,0,1,1
0.32,0.27,0.263,0,0,1,1
0.32,0.27,0.266,0,0,1,1
0.32,0.27,0.269,0,0,1,1
0.32,0.27,0.272,0,0,1,1
0.32,0.27,0.275,0,0,1,1
0.32,0.27,0.278,0,0,1,1
0.32,0.27,0.281,0,0,1,1
0.32,0.27,0.284,0,0,1,1
0.32,0.27,0.287,0,0,1,1
0.32,0.27,0.29,0,0,1,1
0.32,0.27,0.293,0,0,1,1
0.32,0.27,0.296,0,0,1,1
0.32,0.27,0.299,0,0,1,1
0.32,0.27,0.302,0,0,1,1
0.32,0.27,0.305,0,0,1,1
0.32,0.27,0.308,0,0,1,1
0.32,0.27,0.311,0,0,1,1
0.32,0.27,0.314,0,0,1,1
0.32,0.27,0.317,0,0,1,1
0.32,0.27,0.32,0,0,1,1
0.32,0.27,0.323,0,0,1,1
0.32,0.27,0.326,0,0,1,1
0.32,0.27,0.329,0,0,1,1
0.32,0.27,0.332,0,0,1,1
0.32,0.27,0.335,0,0,1,1
0.32,0.27,0.338,0,0,1,1
0.32,0.27,0.341,0,0,1,1
0.32,0.27,0.344,0,0,1,1
0.32,0.27,0.347,0,0,1,1
0.32,0.27,0.35,0,0,1,1
0.32,0.27,0.353,0,0,1,1
0.32,0.27,0.356,0,0,1,1
0.32,0.27,0.359,0,0,1,1
0.32,0.27,0.362,0,0,1,1
0.32,0.27,0.365,0,0,1,1
0.32,0.27,0.368,0,0,1,1
0.32,0.27,0.371,0,0,1,1
0.32,0.27,0.374,0,0,1,1
0.32,0.27,0.377,0,0,1,1
0.32,0.27,0.38,0,0,1,1
0.32,0.27,0.383,0,0,1,1
0.32,0.27,0.386,0,0,1,1
0.32,0.27,0.389,0,0,1,1
0.32,0.27,0.392,0,0,1,1
0.32,0.27,0.395,0,0,1,1
0.32,0.27,0.398,0,0,1,1
0.32,0.27,0.401,0,0,1,1
0.32,0.27,0.404,0,0,1,1
0.32,0.27,0.407,0,0,1,1
0.32,0.27,0.41,0,0,1,1
0.32,0.27,0.413,0,0,1,1
0.32,0.27,0.416,0,0,1,1
0.32,0.27,0.419,0,0,1,1
0.32,0.27,0.422,0,0,1,1
0.32,0.27,0.425,0,0,1,1
0.32,0.27,0.427999,0,0,1,1
0.32,0.27,0.430999,0,0,1,1
0.32,0.27,0.433999,0,0,1,1
0.32,0.27,0.436999,0,0,1,1
0.32,0.27,0.439999,0,0,1,1
0.323,0.27,0.26,0,0,1,1
0.323,0.27,0.263,0,0,1,1
0.323,0.27,0.266,0,0,1,1
0.323,0.27,0.269,0,0,1,1
0.323,0.27,0.272,0,0,1,1
0.323,0.27,0.275,0,0,1,1
0.323,0.27,0.278,0,0,1,1
0.323,0.27,0.281,0,0,1,1
0.323,0.27,0.284,0,0,1,1
0.323,0.27,0.287,0,0,1,1
0.323,0.27,0.29,0,0,1,1
0.323,0.27,0.293,0,0,1,1
0.323,0.27,0.296,0,0,1,1
0.323,0.27,0.299,0,0,1,1
0.323,0.27,0.302,0,0,1,1
0.323,0.27,0.305,0,0,1,1
0.323,0.27,0.308,0,0,1,1
0.323,0.27,0.311,0,0,1,1
0.323,0.27,0.314,0,0,1,1
0.323,0.27,0.317,0,0,1,1
0.323,0.27,0.32,0,0,1,1
0.323,0.27,0.323,0,0,1,1
0.323,0.27,0.326,0,0,1,1
0.323,0.27,0.329,0,0,1,1
0.323,0.27,0.332,0,0,1,1
0.323,0.27,0.335,0,0,1,1
0.323,0.27,0.338,0,0,1,1
0.323,0.27,0.341,0,0,1,1
0.323,0.27,0.344,0,0,1,1
0.323,0.27,0.347,0,0,1,1
0.323,0.27,0.35,0,0,1,1
0.323,0.27,0.353,0,0,1,1
0.323,0.27,0.356,0,0,1,1
0.323,0.27,0.359,0,0,1,1
0.323,0.27,0.362,0,0,1,1
0.323,0.27,0.365,0,0,1,1
0.323,0.27,0.368,0,0,1,1
0.323,0.27,0.371,0,0,1,1
0.323,0.27,0.374,0,0,1,1
0.323,0.27,0.377,0,0,1,1
0.323,0.27,0.38,0,0,1,1
0.323,0.27,0.383,0,0,1,1
0.323,0.27,0.386,0,0,1,1
0.323,0.27,0.389,0,0,1,1
0.323,0.27,0.392,0,0,1,1
0.323,0.27,0.395,0,0,1,1
0.323,0.27,0.398,0,0,1,1
0.323,0.27,0.401,0,0,1,1
0.323,0.27,0.404,0,0,1,1
0.323,0.27,0.407,0,0,1,1
0.323,0.27,0.41,0,0,1,1
0.323,0.27,0.413,0,0,1,1
0.323,0.27,0.416,0,0,1,1
0.323,0.27,0.419,0,0,1,1
0.323,0.27,0.422,0,0,1,1
0.323,0.27,0.425,0,0,1,1
0.323,0.27,0.427999,0,0,1,1
0.323,0.27,0.430999,0,0,1,1
0.323,0.27,0.433999,0,0,1,1
0.323,0.27,0.436999,0,0,1,1
0.323,0.27,0.439999,0,0,1,1
0.326,0.27,0.26,0,0,1,1
0.326,0.27,0.263,0,0,1,1
0.326,0.27,0.266,0,0,1,1
0.326,0.27,0.269,0,0,1,1
0.326,0.27,0.272,0,0,1,1
0.326,0.27,0.275,0,0,1,1
0.326,0.27,0.278,0,0,1,1
0.326,0.27,0.281,0,0,1,1
0.326,0.27,0.284,0,0,1,1
0.326,0.27,0.287,0,0,1,1
0.326,0.27,0.29,0,0,1,1
0.326,0.27,0.293,0,0,1,1
0.326,0.27,0.296,0,0,1,1
0.326,0.27,0.299,0,0,1,1
0.326,0.27,0.302,0,0,1,1
0.326,0.27,0.305,0,0,1,1
0.326,0.27,0.308,0,0,1,1
0.326,0.27,0.311,0,0,1,1
0.326,0.27,0.314,0,0,1,1
0.326,0.27,0.317,0,0,1,1
0.326,0.27,0.32,0,0,1,1
0.326,0.27,0.323,0,0,1,1
0.326,0.27,0.326,0,0,1,1
0.326,0.27,0.329,0,0,1,1
0.326,0.27,0.332,0,0,1,1
0.326,0.27,0.335,0,0,1,1
0.326,0.27,0.338,0,0,1,1
0.326,0.27,0.341,0,0,1,1
0.326,0.27,0.344,0,0,1,1
0.326,0.27,0.347,0,0,1,1
0.326,0.27,0.35,0,0,1,1
0.326,0.27,0.353,0,0,1,1
0.326,0.27,0.356,0,0,1,1
0.326,0.27,0.359,0,0,1,1
0.326,0.27,0.362,0,0,1,1
0.326,0.27,0.365,0,0,1,1
0.326,0.27,0.368,0,0,1,1
0.326,0.27,0.371,0,0,1,1
0.326,0.27,0.374,0,0,1,1
0.326,0.27,0.377,0,0,1,1
0.326,0.27,0.38,0,0,1,1
0.326,0.27,0.383,0,0,1,1
0.326,0.27,0.386,0,0,1,1
0.326,0.27,0.389,0,0,1,1
0.326,0.27,0.392,0,0,1,1
0.326,0.27,0.395,0,0,1,1
0.326,0.27,0.398,0,0,1,1
0.326,0.27,0.401,0,0,1,1
0.326,0.27,0.404,0,0,1,1
0.326,0.27,0.407,0,0,1,1
0.326,0.27,0.41,0,0,1,1
0.326,0.27,0.413,0,0,1,1
0.326,0.27,0.416,0,0,1,1
0.326,0.27,0.419,0,0,1,1
0.326,0.27,0.422,0,0,1,1
0.326,0.27,0.425,0,0,1,1
0.326,0.27,0.427999,0,0,1,1
0.326,0.27,0.430999,0,0,1,1
0.326,0.27,0.433999,0,0,1,1
0.326,0.27,0.436999,0,0,1,1
0.326,0.27,0.439999,0,0,1,1
0.329,0.27,0.26,0,0,1,1
0.329,0.27,0.263,0,0,1,1
0.329,0.27,0.266,0,0,1,1
0.329,0.27,0.269,0,0,1,1
0.329,0.27,0.272,0,0,1,1
0.329,0.27,0.275,0,0,1,1
0.329,0.27,0.278,0,0,1,1
0.329,0.27,0.281,0,0,1,1
0.329,0.27,0.284,0,0,1,1
0.329,0.27,0.287,0,0,1,1
0.329,0.27,0.29,0,0,1,1
0.329,0.27,0.293,0,0,1,1
0.329,0.27,0.296,0,0,1,1
0.329,0.27,0.299,0,0,1,1
0.329,0.27,0.302,0,0,1,1
0.329,0.27,0.305,0,0,1,1
0.329,0.27,0.308,0,0,1,1
0.329,0.27,0.311,0,0,1,1
0.329,0.27,0.314,0,0,1,1
0.329,0.27,0.317,0,0,1,1
0.329,0.27,0.32,0,0,1,1
0.329,0.27,0.323,0,0,1,1
0.329,0.27,0.326,0,0,1,1
0.329,0.27,0.329,0,0,1,1
0.329,0.27,0.332,0,0,1,1
0.329,0.27,0.335,0,0,1,1
0.329,0.27,0.338,0,0,1,1
0.329,0.27,0.341,0,0,1,1
0.329,0.27,0.344,0,0,1,1
0.329,0.27,0.347,0,0,1,1
0.329,0.27,0.35,0,0,1,1
0.329,0.27,0.353,0,0,1,1
0.329,0.27,0.356,0,0,1,1
0.329,0.27,0.359,0,0,1,1
0.329,0.27,0.362,0,0,1,1
0.329,0.27,0.365,0,0,1,1
0.329,0.27,0.368,0,0,1,1
0.329,0.27,0.371,0,0,1,1
0.329,0.27,0.374,0,0,1,1
0.329,0.27,0.377,0,0,1,1
0.329,0.27,0.38,0,0,1,1
0.329,0.27,0.383,0,0,1,1
0.329,0.27,0.386,0,0,1,1
0.329,0.27,0.389,0,0,1,1
0.329,0.27,0.392,0,0,1,1
0.329,0.27,0.395,0,0,1,1
0.329,0.27,0.398,0,0,1,1
0.329,0.27,0.401,0,0,1,1
0.329,0.27,0.404,0,0,1,1
0.329,0.27,0.407,0,0,1,1
0.329,0.27,0.41,0,0,1,1
0.329,0.27,0.413,0,0,1,1
0.329,0.27,0.416,0,0,1,1
0.329,0.27,0.419,0,0,1,1
0.329,0.27,0.422,0,0,1,1
0.329,0.27,0.425,0,0,1,1
0.329,0.27,0.427999,0,0,1,1
0.329,0.27,0.430999,0,0,1,1
0.329,0.27,0.433999,0,0,1,1
0.329,0.27,0.436999,0,0,1,1
0.329,0.27,0.439999,0,0,1,1
0.332,0.27,0.26,0,0,1,1
0.332,0.27,0.263,0,0,1,1
0.332,0.27,0.266,0,0,1,1
0.332,0.27,0.269,0,0,1,1
0.332,0.27,0.272,0,0,1,1
0.332,0.27,0.275,0,0,1,1
0.332,0.27,0.278,0,0,1,1
0.332,0.27,0.281,0,0,1,1
0.332,0.27,0.284,0,0,1,1
0.332,0.27,0.287,0,0,1,1
0.332,0.27,0.29,0,0,1,1
0.332,0.27,0.293,0,0,1,1
0.332,0.27,0.296,0,0,1,1
0.332,0.27,0.299,0,0,1,1
0.332,0.27,0.302,0,0,1,1
0.332,0.27,0.305,0,0,1,1
0.332,0.27,0.308,0,0,1,1
0.332,0.27,0.311,0,0,1,1
0.332,0.27,0.314,0,0,1,1
0.332,0.27,0.317,0,0,1,1
0.332,0.27,0.32,0,0,1,1
0.332,0.27,0.323,0,0,1,1
0.332,0.27,0.326,0,0,1,1
0.332,0.27,0.329,0,0,1,1
0.332,0.27,0.332,0,0,1,1
0.332,0.27,0.335,0,0,1,1
0.332,0.27,0.338,0,0,1,1
0.332,0.27,0.341,0,0,1,1
0.332,0.27,0.344,0,0,1,1
0.332,0.27,0.347,0,0,1,1
0.332,0.27,0.35,0,0,1,1
0.332,0.27,0.353,0,0,1,1
0.332,0.27,0.356,0,0,1,1
0.332,0.27,0.359,0,0,1,1
0.332,0.27,0.362,0,0,1,1
0.332,0.27,0.365,0,0,1,1
0.332,0.27,0.368,0,0,1,1
0.332,0.27,0.371,0,0,1,1
0.332,0.27,0.374,0,0,1,1
0.332,0.27,0.377,0,0,1,1
0.332,0.27,0.38,0,0,1,1
0.332,0.27,0.383,0,0,1,1
0.332,0.27,0.386,0,0,1,1
0.332,0.27,0.389,0,0,1,1
0.332,0.27,0.392,0,0,1,1
0.332,0.27,0.395,0,0,1,1
0.332,0.27,0.398,0,0,1,1
0.332,0.27,0.401,0,0,1,1
0.332,0.27,0.404,0,0,1,1
0.332,0.27,0.407,0,0,1,1
0.332,0.27,0.41,0,0,1,1
0.332,0.27,0.413,0,0,1,1
0.332,0.27,0.416,0,0,1,1
0.332,0.27,0.419,0,0,1,1
0.332,0.27,0.422,0,0,1,1
0.332,0.27,0.425,0,0,1,1
0.332,0.27,0.427999,0,0,1,1
0.332,0.27,0.430999,0,0,1,1
0.332,0.27,0.433999,0,0,1,1
0.332,0.27,0.436999,0,0,1,1
0.332,0.27,0.439999,0,0,1,1
0.335,0.27,0.26,0,0,1,1
0.335,0.27,0.263,0,0,1,1
0.335,0.27,0.266,0,0,1,1
0.335,0.27,0.269,0,0,1,1
0.335,0.27,0.272,0,0,1,1
0.335,0.27,0.275,0,0,1,1
0.335,0.27,0.278,0,0,1,1
0.335,0.27,0.281,0,0,1,1
0.335,0.27,0.284,0,0,1,1
0.335,0.27,0.287,0,0,1,1
0.335,0.27,0.29,0,0,1,1
0.335,0.27,0.293,0,0,1,1
0.335,0.27,0.296,0,0,1,1
0.335,0.27,0.299,0,0,1,1
0.335,0.27,0.302,0,0,1,1
0.335,0.27,0.305,0,0,1,1
0.335,0.27,0.308,0,0,1,1
0.335,0.27,0.311,0,0,1,1
0.335,0.27,0.314,0,0,1,1
0.335,0.27,0.317,0,0,1,1
0.335,0.27,0.32,0,0,1,1
0.335,0.27,0.323,0,0,1,1
0.335,0.27,0.326,0,0,1,1
0.335,0.27,0.329,0,0,1,1
0.335,0.27,0.332,0,0,1,1
0.335,0.27,0.335,0,0,1,1
0.335,0.27,0.338,0,0,1,1
0.335,0.27,0.341,0,0,1,1
0.335,0.27,0.344,0,0,1,1
0.335,0.27,0.347,0,0,1,1
0.335,0.27,0.35,0,0,1,1
0.335,0.27,0.353,0,0,1,1
0.335,0.27,0.356,0,0,1,1
0.335,0.27,0.359,0,0,1,1
0.335,0.27,0.362,0,0,1,1
0.335,0.27,0.365,0,0,1,1
0.335,0.27,0.368,0,0,1,1
0.335,0.27,0.371,0,0,1,1
0.335,0.27,0.374,0,0,1,1
0.335,0.27,0.377,0,0,1,1
0.335,0.27,0.38,0,0,1,1
0.335,0.27,0.383,0,0,1,1
0.335,0.27,0.386,0,0,1,1
0.335,0.27,0.389,0,0,1,1
0.335,0.27,0.392,0,0,1,1
0.335,0.27,0.395,0,0,1,1
0.335,0.27,0.398,0,0,1,1
0.335,0.27,0.401,0,0,1,1
0.335,0.27,0.404,0,0,1,1
0.335,0.27,0.407,0,0,1,1
0.335,0.27,0.41,0,0,1,1
0.335,0.27,0.413,0,0,1,1
0.335,0.27,0.416,0,0,1,1
0.335,0.27,0.419,0,0,1,1
0.335,0.27,0.422,0,0,1,1
0.335,0.27,0.425,0,0,1,1
0.335,0.27,0.427999,0,0,1,1
0.335,0.27,0.430999,0,0,1,1
0.335,0.27,0.433999,0,0,1,1
0.335,0.27,0.436999,0,0,1,1
0.335,0.27,0.439999,0,0,1,1
0.338,0.27,0.26,0,0,1,1
0.338,0.27,0.263,0,0,1,1
0.338,0.27,0.266,0,0,1,1
0.338,0.27,0.269,0,0,1,1
0.338,0.27,0.272,0,0,1,1
0.338,0.27,0.275,0,0,1,1
0.338,0.27,0.278,0,0,1,1
0.338,0.27,0.281,0,0,1,1
0.338,0.27,0.284,0,0,1,1
0.338,0.27,0.287,0,0,1,1
0.338,0.27,0.29,0,0,1,1
0.338,0.27,0.293,0,0,1,1
0.338,0.27,0.296,0,0,1,1
0.338,0.27,0.299,0,0,1,1
0.338,0.27,0.302,0,0,1,1
0.338,0.27,0.305,0,0,1,1
0.338,0.27,0.308,0,0,1,1
0.338,0.27,0.311,0,0,1,1
0.338,0.27,0.314,0,0,1,1
0.338,0.27,0.317,0,0,1,1
0.338,0.27,0.32,0,0,1,1
0.338,0.27,0.323,0,0,1,1
0.338,0.27,0.326,0,0,1,1
0.338,0.27,0.329,0,0,1,1
0.338,0.27,0.332,0,0,1,1
0.338,0.27,0.335,0,0,1,1
0.338,0.27,0.338,0,0,1,1
0.338,0.27,0.341,0,0,1,1
0.338,0.27,0.344,0,0,1,1
0.338,0.27,0.347,0,0,1,1
0.338,0.27,0.35,0,0,1,1
0.338,0.27,0.353,0,0,1,1
0.338,0.27,0.356,0,0,1,1
0.338,0.27,0.359,0,0,1,1
0.338,0.27,0.362,0,0,1,1
0.338,0.27,0.365,0,0,1,1
0.338,0.27,0.368,0,0,1,1
0.338,0.27,0.371,0,0,1,1
0.338,0.27,0.374,0,0,1,1
0.338,0.27,0.377,0,0,1,1
0.338,0.27,0.38,0,0,1,1
0.338,0.27,0.383,0,0,1,1
0.338,0.27,0.386,0,0,1,1
0.338,0.27,0.389,0,0,1,1
0.338,0.27,0.392,0,0,1,1
0.338,0.27,0.395,0,0,1,1
0.338,0.27,0.398,0,0,1,1
0.338,0.27,0.401,0,0,1,1
0.338,0.27,0.404,0,0,1,1
0.338,0.27,0.407,0,0,1,1
0.338,0.27,0.41,0,0,1,1
0.338,0.27,0.413,0,0,1,1
0.338,0.27,0.416,0,0,1,1
0.338,0.27,0.419,0,0,1,1
0.338,0.27,0.422,0,0,1,1
0.338,0.27,0.425,0,0,1,1
0.338,0.27,0.427999,0,0,1,1
0.338,0.27,0.430999,0,0,1,1
0.338,0.27,0.433999,0,0,1,1
0.338,0.27,0.436999,0,0,1,1
0.338,0.27,0.439999,0,0,1,1
0.341,0.27,0.26,0,0,1,1
0.341,0.27,0.263,0,0,1,1
0.341,0.27,0.266,0,0,1,1
0.341,0.27,0.269,0,0,1,1
0.341,0.27,0.272,0,0,1,1
0.341,0.27,0.275,0,0,1,1
0.341,0.27,0.278,0,0,1,1
0.341,0.27,0.281,0,0,1,1
0.341,0.27,0.284,0,0,1,1
0.341,0.27,0.287,0,0,1,1
0.341,0.27,0.29,0,0,1,1
0.341,0.27,0.293,0,0,1,1
0.341,0.27,0.296,0,0,1,1
0.341,0.27,0.299,0,0,1,1
0.341,0.27,0.302,0,0,1,1
0.341,0.27,0.305,0,0,1,1
0.341,0.27,0.308,0,0,1,1
0.341,0.27,0.311,0,0,1,1
0.341,0.27,0.314,0,0,1,1
0.341,0.27,0.317,0,0,1,1
0.341,0.27,0.32,0,0,1,1
0.341,0.27,0.323,0,0,1,1
0.341,0.27,0.326,0,0,1,1
0.341,0.27,0.329,0,0,1,1
0.341,0.27,0.332,0,0,1,1
0.341,0.27,0.335,0,0,1,1
0.341,0.27,0.338,0,0,1,1
0.341,0.27,0.341,0,0,1,1
0.341,0.27,0.344,0,0,1,1
0.341,0.27,0.347,0,0,1,1
0.341,0.27,0.35,0,0,1,1
0.341,0.27,0.353,0,0,1,1
0.341,0.27,0.356,0,0,1,1
0.341,0.27,0.359,0,0,1,1
0.341,0.27,0.362,0,0,1,1
0.341,0.27,0.365,0,0,1,1
0.341,0.27,0.368,0,0,1,1
0.341,0.27,0.371,0,0,1,1
0.341,0.27,0.374,0,0,1,1
0.341,0.27,0.377,0,0,1,1
0.341,0.27,0.38,0,0,1,1
0.341,0.27,0.383,0,0,1,1
0.341,0.27,0.386,0,0,1,1
0.341,0.27,0.389,0,0,1,1
0.341,0.27,0.392,0,0,1,1
0.341,0.27,0.395,0,0,1,1
0.341,0.27,0.398,0,0,1,1
0.341,0.27,0.401,0,0,1,1
0.341,0.27,0.404,0,0,1,1
0.341,0.27,0.407,0,0,1,1
0.341,0.27,0.41,0,0,1,1
0.341,0.27,0.413,0,0,1,1
0.341,0.27,0.416,0,0,1,1
0.341,0.27,0.419,0,0,1,1
0.341,0.27,0.422,0,0,1,1
0.341,0.27,0.425,0,0,1,1
0.341,0.27,0.427999,0,0,1,1
0.341,0.27,0.430999,0,0,1,1
0.341,0.27,0.433999,0,0,1,1
0.341,0.27,0.436999,0,0,1,1
0.341,0.27,0.439999,0,0,1,1
0.14,0.41,0.26,0,0,1,1
0.143,0.41,0.26,0,0,1,1
0.146,0.41,0.26,0,0,1,1
0.149,0.41,0.26,0,0,1,1
0.152,0.41,0.26,0,0,1,1
0.155,0.41,0.26,0,0,1,1
0.158,0.41,0.26,0,0,1,1
0.161,0.41,0.26,0,0,1,1
0.164,0.41,0.26,0,0,1,1
0.167,0.41,0.26,0,0,1,1
0.17,0.41,0.26,0,0,1,1
0.173,0.41,0.26,0,0,1,1
0.176,0.41,0.26,0,0,1,1
0.179,0.41,0.26,0,0,1,1
0.182,0.41,0.26,0,0,1,1
0.185,0.41,0.26,0,0,1,1
0.188,0.41,0.26,0,0,1,1
0.191,0.41,0.26,0,0,1,1
0.194,0.41,0.26,0,0,1,1
0.197,0.41,0.26,0,0,1,1
0.2,0.41,0.26,0,0,1,1
0.203,0.41,0.26,0,0,1,1
0.206,0.41,0.26,0,0,1,1
0.209,0.41,0.26,0,0,1,1
0.212,0.41,0.26,0,0,1,1
0.215,0.41,0.26,0,0,1,1
0.218,0.41,0.26,0,0,1,1
0.221,0.41,0.26,0,0,1,1
0.224,0.41,0.26,0,0,1,1
0.227,0.41,0.26,0,0,1,1
0.23,0.41,0.26,0,0,1,1
0.233,0.41,0.26,0,0,1,1
0.236,0.41,0.26,0,0,1,1
0.239,0.41,0.26,0,0,1,1
0.242,0.41,0.26,0,0,1,1
0.245,0.41,0.26,0,0,1,1
0.248,0.41,0.26,0,0,1,1
0.251,0.41,0.26,0,0,1,1
0.254,0.41,0.26,0,0,1,1
0.257,0.41,0.26,0,0,1,1
0.26,0.41,0.26,0,0,1,1
0.263,0.41,0.26,0,0,1,1
0.266,0.41,0.26,0,0,1,1
0.269,0.41,0.26,0,0,1,1
0.272,0.41,0.26,0,0,1,1
0.275,0.41,0.26,0,0,1,1
0.278,0.41,0.26,0,0,1,1
0.281,0.41,0.26,0,0,1,1
0.284,0.41,0.26,0,0,1,1
0.287,0.41,0.26,0,0,1,1
0.29,0.41,0.26,0,0,1,1
0.293,0.41,0.26,0,0,1,1
0.296,0.41,0.26,0,0,1,1
0.299,0.41,0.26,0,0,1,1
0.302,0.41,0.26,0,0,1,1
0.305,0.41,0.26,0,0,1,1
0.308,0.41,0.26,0,0,1,1
0.311,0.41,0.26,0,0,1,1
0.314,0.41,0.26,0,0,1,1
0.317,0.41,0.26,0,0,1,1
0.32,0.41,0.26,0,0,1,1
0.323,0.41,0.26,0,0,1,1
0.326,0.41,0.26,0,0,1,1
0.329,0.41,0.26,0,0,1,1
0.332,0.41,0.26,0,0,1,1
0.335,0.41,0.26,0,0,1,1
0.338,0.41,0.26,0,0,1,1
0.341,0.41,0.26,0,0,1,1
0.14,0.407,0.26,0,0,1,1
0.143,0.407,0.26,0,0,1,1
0.146,0.407,0.26,0,0,1,1
0.149,0.407,0.26,0,0,1,1
0.152,0.407,0.26,0,0,1,1
0.155,0.407,0.26,0,0,1,1
0.158,0.407,0.26,0,0,1,1
0.161,0.407,0.26,0,0,1,1
0.164,0.407,0.26,0,0,1,1
0.167,0.407,0.26,0,0,1,1
0.17,0.407,0.26,0,0,1,1
0.173,0.407,0.26,0,0,1,1
0.176,0.407,0.26,0,0,1,1
0.179,0.407,0.26,0,0,1,1
0.182,0.407,0.26,0,0,1,1
0.185,0.407,0.26,0,0,1,1
0.188,0.407,0.26,0,0,1,1
0.191,0.407,0.26,0,0,1,1
0.194,0.407,0.26,0,0,1,1
0.197,0.407,0.26,0,0,1,1
0.2,0.407,0.26,0,0,1,1
0.203,0.407,0.26,0,0,1,1
0.206,0.407,0.26,0,0,1,1
0.209,0.407,0.26,0,0,1,1
0.212,0.407,0.26,0,0,1,1
0.215,0.407,0.26,0,0,1,1
0.218,0.407,0.26,0,0,1,1
0.221,0.407,0.26,0,0,1,1
0.224,0.407,0.26,0,0,1,1
0.227,0.407,0.26,0,0,1,1
0.23,0.407,0.26,0,0,1,1
0.233,0.407,0.26,0,0,1,1
0.236,0.407,0.26,0,0,1,1
0.239,0.407,0.26,0,0,1,1
0.242,0.407,0.26,0,0,1,1
0.245,0.407,0.26,0,0,1,1
0.248,0.407,0.26,0,0,1,1
0.251,0.407,0.26,0,0,1,1
0.254,0.407,0.26,0,0,1,1
0.257,0.407,0.26,0,0,1,1
0.26,0.407,0.26,0,0,1,1
0.263,0.407,0.26,0,0,1,1
0.266,0.407,0.26,0,0,1,1
0.269,0.407,0.26,0,0,1,1
0.272,0.407,0.26,0,0,1,1
0.275,0.407,0.26,0,0,1,1
0.278,0.407,0.26,0,0,1,1
0.281,0.407,0.26,0,0,1,1
0.284,0.407,0.26,0,0,1,1
0.287,0.407,0.26,0,0,1,1
0.29,0.407,0.26,0,0,1,1
0.293,0.407,0.26,0,0,1,1
0.296,0.407,0.26,0,0,1,1
0.299,0.407,0.26,0,0,1,1
0.302,0.407,0.26,0,0,1,1
0.305,0.407,0.26,0,0,1,1
0.308,0.407,0.26,0,0,1,1
0.311,0.407,0.26,0,0,1,1
0.314,0.407,0.26,0,0,1,1
0.317,0.407,0.26,0,0,1,1
0.32,0.407,0.26,0,0,1,1
0.323,0.407,0.26,0,0,1,1
0.326,0.407,0.26,0,0,1,1
0.329,0.407,0.26,0,0,1,1
0.332,0.407,0.26,0,0,1,1
0.335,0.407,0.26,0,0,1,1
0.338,0.407,0.26,0,0,1,1
0.341,0.407,0.26,0,0,1,1
0.14,0.404,0.26,0,0,1,1
0.143,0.404,0.26,0,0,1,1
0.146,0.404,0.26,0,0,1,1
0.149,0.404,0.26,0,0,1,1
0.152,0.404,0.26,0,0,1,1
0.155,0.404,0.26,0,0,1,1
0.158,0.404,0.26,0,0,1,1
0.161,0.404,0.26,0,0,1,1
0.164,0.404,0.26,0,0,1,1
0.167,0.404,0.26,0,0,1,1
0.17,0.404,0.26,0,0,1,1
0.173,0.404,0.26,0,0,1,1
0.176,0.404,0.26,0,0,1,1
0.179,0.404,0.26,0,0,1,1
0.182,0.404,0.26,0,0,1,1
0.185,0.404,0.26,0,0,1,1
0.188,0.404,0.26,0,0,1,1
0.191,0.404,0.26,0,0,1,1
0.194,0.404,0.26,0,0,1,1
0.197,0.404,0.26,0,0,1,1
0.2,0.404,0.26,0,0,1,1
0.203,0.404,0.26,0,0,1,1
0.206,0.404,0.26,0,0,1,1
0.209,0.404,0.26,0,0,1,1
0.212,0.404,0.26,0,0,1,1
0.215,0.404,0.26,0,0,1,1
0.218,0.404,0.26,0,0,1,1
0.221,0.404,0.26,0,0,1,1
0.224,0.404,0.26,0,0,1,1
0.227,0.404,0.26,0,0,1,1
0.23,0.404,0.26,0,0,1,1
0.233,0.404,0.26,0,0,1,1
0.236,0.404,0.26,0,0,1,1
0.239,0.404,0.26,0,0,1,1
0.242,0.404,0.26,0,0,1,1
0.245,0.404,0.26,0,0,1,1
0.248,0.404,0.26,0,0,1,1
0.251,0.404,0.26,0,0,1,1
0.254,0.404,0.26,0,0,1,1
0.257,0.404,0.26,0,0,1,1
0.26,0.404,0.26,0,0,1,1
0.263,0.404,0.26,0,0,1,1
0.266,0.404,0.26,0,0,1,1
0.269,0.404,0.26,0,0,1,1
0.272,0.404,0.26,0,0,1,1
0.275,0.404,0.26,0,0,1,1
0.278,0.404,0.26,0,0,1,1
0.281,0.404,0.26,0,0,1,1
0.284,0.404,0.26,0,0,1,1
0.287,0.404,0.26,0,0,1,1
0.29,0.404,0.26,0,0,1,1
0.293,0.404,0.26,0,0,1,1
0.296,0.404,0.26,0,0,1,1
0.299,0.404,0.26,0,0,1,1
0.302,0.404,0.26,0,0,1,1
0.305,0.404,0.26,0,0,1,1
0.308,0.404,0.26,0,0,1,1
0.311,0.404,0.26,0,0,1,1
0.314,0.404,0.26,0,0,1,1
0.317,0.404,0.26,0,0,1,1
0.32,0.404,0.26,0,0,1,1
0.323,0.404,0.26,0,0,1,1
0.326,0.404,0.26,0,0,1,1
0.329,0.404,0.26,0,0,1,1
0.332,0.404,0.26,0,0,1,1
0.335,0.404,0.26,0,0,1,1
0.338,0.404,0.26,0,0,1,1
0.341,0.404,0.26,0,0,1,1
0.14,0.401,0.26,0,0,1,1
0.143,0.401,0.26,0,0,1,1
0.146,0.401,0.26,0,0,1,1
0.149,0.401,0.26,0,0,1,1
0.152,0.401,0.26,0,0,1,1
0.155,0.401,0.26,0,0,1,1
0.158,0.401,0.26,0,0,1,1
0.161,0.401,0.26,0,0,1,1
0.164,0.401,0.26,0,0,1,1
0.167,0.401,0.26,0,0,1,1
0.17,0.401,0.26,0,0,1,1
0.173,0.401,0.26,0,0,1,1
0.176,0.401,0.26,0,0,1,1
0.179,0.401,0.26,0,0,1,1
0.182,0.401,0.26,0,0,1,1
0.185,0.401,0.26,0,0,1,1
0.188,0.401,0.26,0,0,1,1
0.191,0.401,0.26,0,0,1,1
0.194,0.401,0.26,0,0,1,1
0.197,0.401,0.26,0,0,1,1
0.2,0.401,0.26,0,0,1,1
0.203,0.401,0.26,0,0,1,1
0.206,0.401,0.26,0,0,1,1
0.209,0.401,0.26,0,0,1,1
0.212,0.401,0.26,0,0,1,1
0.215,0.401,0.26,0,0,1,1
0.218,0.401,0.26,0,0,1,1
0.221,0.401,0.26,0,0,1,1
0.224,0.401,0.26,0,0,1,1
0.227,0.401,0.26,0,0,1,1
0.23,0.401,0.26,0,0,1,1
0.233,0.401,0.26,0,0,1,1
0.236,0.401,0.26,0,0,1,1
0.239,0.401,0.26,0,0,1,1
0.242,0.401,0.26,0,0,1,1
0.245,0.401,0.26,0,0,1,1
0.248,0.401,0.26,0,0,1,1
0.251,0.401,0.26,0,0,1,1
0.254,0.401,0.26,0,0,1,1
0.257,0.401,0.26,0,0,1,1
0.26,0.401,0.26,0,0,1,1
0.263,0.401,0.26,0,0,1,1
0.266,0.401,0.26,0,0,1,1
0.269,0.401,0.26,0,0,1,1
0.272,0.401,0.26,0,0,1,1
0.275,0.401,0.26,0,0,1,1
0.278,0.401,0.26,0,0,1,1
0.281,0.401,0.26,0,0,1,1
0.284,0.401,0.26,0,0,1,1
0.287,0.401,0.26,0,0,1,1
0.29,0.401,0.26,0,0,1,1
0.293,0.401,0.26,0,0,1,1
0.296,0.401,0.26,0,0,1,1
0.299,0.401,0.26,0,0,1,1
0.302,0.401,0.26,0,0,1,1
0.305,0.401,0.26,0,0,1,1
0.308,0.401,0.26,0,0,1,1
0.311,0.401,0.26,0,0,1,1
0.314,0.401,0.26,0,0,1,1
0.317,0.401,0.26,0,0,1,1
0.32,0.401,0.26,0,0,1,1
0.323,0.401,0.26,0,0,1,1
0.326,0.401,0.26,0,0,1,1
0.329,0.401,0.26,0,0,1,1
0.332,0.401,0.26,0,0,1,1
0.335,0.401,0.26,0,0,1,1
0.338,0.401,0.26,0,0,1,1
0.341,0.401,0.26,0,0,1,1
0.14,0.398,0.26,0,0,1,1
0.143,0.398,0.26,0,0,1,1
0.146,0.398,0.26,0,0,1,1
0.149,0.398,0.26,0,0,1,1
0.152,0.398,0.26,0,0,1,1
0.155,0.398,0.26,0,0,1,1
0.158,0.398,0.26,0,0,1,1
0.161,0.398,0.26,0,0,1,1
0.164,0.398,0.26,0,0,1,1
0.167,0.398,0.26,0,0,1,1
0.17,0.398,0.26,0,0,1,1
0.173,0.398,0.26,0,0,1,1
0.176,0.398,0.26,0,0,1,1
0.179,0.398,0.26,0,0,1,1
0.182,0.398,0.26,0,0,1,1
0.185,0.398,0.26,0,0,1,1
0.188,0.398,0.26,0,0,1,1
0.191,0.398,0.26,0,0,1,1
0.194,0.398,0.26,0,0,1,1
0.197,0.398,0.26,0,0,1,1
0.2,0.398,0.26,0,0,1,1
0.203,0.398,0.26,0,0,1,1
0.206,0.398,0.26,0,0,1,1
0.209,0.398,0.26,0,0,1,1
0.212,0.398,0.26,0,0,1,1
0.215,0.398,0.26,0,0,1,1
0.218,0.398,0.26,0,0,1,1
0.221,0.398,0.26,0,0,1,1
0.224,0.398,0.26,0,0,1,1
0.227,0.398,0.26,0,0,1,1
0.23,0.398,0.26,0,0,1,1
0.233,0.398,0.26,0,0,1,1
0.236,0.398,0.26,0,0,1,1
0.239,0.398,0.26,0,0,1,1
0.242,0.398,0.26,0,0,1,1
0.245,0.398,0.26,0,0,1,1
0.248,0.398,0.26,0,0,1,1
0.251,0.398,0.26,0,0,1,1
0.254,0.398,0.26,0,0,1,1
0.257,0.398,0.26,0,0,1,1
0.26,0.398,0.26,0,0,1,1
0.263,0.398,0.26,0,0,1,1
0.266,0.398,0.26,0,0,1,1
0.269,0.398,0.26,0,0,1,1
0.272,0.398,0.26,0,0,1,1
0.275,0.398,0.26,0,0,1,1
0.278,0.398,0.26,0,0,1,1
0.281,0.398,0.26,0,0,1,1
0.284,0.398,0.26,0,0,1,1
0.287,0.398,0.26,0,0,1,1
0.29,0.398,0.26,0,0,1,1
0.293,0.398,0.26,0,0,1,1
0.296,0.398,0.26,0,0,1,1
0.299,0.398,0.26,0,0,1,1
0.302,0.398,0.26,0,0,1,1
0.305,0.398,0.26,0,0,1,1
0.308,0.398,0.26,0,0,1,1
0.311,0.398,0.26,0,0,1,1
0.314,0.398,0.26,0,0,1,1
0.317,0.398,0.26,0,0,1,1
0.32,0.398,0.26,0,0,1,1
0.323,0.398,0.26,0,0,1,1
0.326,0.398,0.26,0,0,1,1
0.329,0.398,0.26,0,0,1,1
0.332,0.398,0.26,0,0,1,1
0.335,0.398,0.26,0,0,1,1
0.338,0.398,0.26,0,0,1,1
0.341,0.398,0.26,0,0,1,1
0.14,0.395,0.26,0,0,1,1
0.143,0.395,0.26,0,0,1,1
0.146,0.395,0.26,0,0,1,1
0.149,0.395,0.26,0,0,1,1
0.152,0.395,0.26,0,0,1,1
0.155,0.395,0.26,0,0,1,1
0.158,0.395,0.26,0,0,1,1
0.161,0.395,0.26,0,0,1,1
0.164,0.395,0.26,0,0,1,1
0.167,0.395,0.26,0,0,1,1
0.17,0.395,0.26,0,0,1,1
0.173,0.395,0.26,0,0,1,1
0.176,0.395,0.26,0,0,1,1
0.179,0.395,0.26,0,0,1,1
0.182,0.395,0.26,0,0,1,1
0.185,0.395,0.26,0,0,1,1
0.188,0.395,0.26,0,0,1,1
0.191,0.395,0.26,0,0,1,1
0.194,0.395,0.26,0,0,1,1
0.197,0.395,0.26,0,0,1,1
0.2,0.395,0.26,0,0,1,1
0.203,0.395,0.26,0,0,1,1
0.206,0.395,0.26,0,0,1,1
0.209,0.395,0.26,0,0,1,1
0.212,0.395,0.26,0,0,1,1
0.215,0.395,0.26,0,0,1,1
0.218,0.395,0.26,0,0,1,1
0.221,0.395,0.26,0,0,1,1
0.224,0.395,0.26,0,0,1,1
0.227,0.395,0.26,0,0,1,1
0.23,0.395,0.26,0,0,1,1
0.233,0.395,0.26,0,0,1,1
0.236,0.395,0.26,0,0,1,1
0.239,0.395,0.26,0,0,1,1
0.242,0.395,0.26,0,0,1,1
0.245,0.395,0.26,0,0,1,1
0.248,0.395,0.26,0,0,1,1
0.251,0.395,0.26,0,0,1,1
0.254,0.395,0.26,0,0,1,1
0.257,0.395,0.26,0,0,1,1
0.26,0.395,0.26,0,0,1,1
0.263,0.395,0.26,0,0,1,1
0.266,0.395,0.26,0,0,1,1
0.269,0.395,0.26,0,0,1,1
0.272,0.395,0.26,0,0,1,1
0.275,0.395,0.26,0,0,1,1
0.278,0.395,0.26,0,0,1,1
0.281,0.395,0.26,0,0,1,1
0.284,0.395,0.26,0,0,1,1
0.287,0.395,0.26,0,0,1,1
0.29,0.395,0.26,0,0,1,1
0.293,0.395,0.26,0,0,1,1
0.296,0.395,0.26,0,0,1,1
0.299,0.395,0.26,0,0,1,1
0.302,0.395,0.26,0,0,1,1
0.305,0.395,0.26,0,0,1,1
0.308,0.395,0.26,0,0,1,1
0.311,0.395,0.26,0,0,1,1
0.314,0.395,0.26,0,0,1,1
0.317,0.395,0.26,0,0,1,1
0.32,0.395,0.26,0,0,1,1
0.323,0.395,0.26,0,0,1,1
0.326,0.395,0.26,0,0,1,1
0.329,0.395,0.26,0,0,1,1
0.332,0.395,0.26,0,0,1,1
0.335,0.395,0.26,0,0,1,1
0.338,0.395,0.26,0,0,1,1
0.341,0.395,0.26,0,0,1,1
0.14,0.392,0.26,0,0,1,1
0.143,0.392,0.26,0,0,1,1
0.146,0.392,0.26,0,0,1,1
0.149,0.392,0.26,0,0,1,1
0.152,0.392,0.26,0,0,1,1
0.155,0.392,0.26,0,0,1,1
0.158,0.392,0.26,0,0,1,1
0.161,0.392,0.26,0,0,1,1
0.164,0.392,0.26,0,0,1,1
0.167,0.392,0.26,0,0,1,1
0.17,0.392,0.26,0,0,1,1
0.173,0.392,0.26,0,0,1,1
0.176,0.392,0.26,0,0,1,1
0.179,0.392,0.26,0,0,1,1
0.182,0.392,0.26,0,0,1,1
0.185,0.392,0.26,0,0,1,1
0.188,0.392,0.26,0,0,1,1
0.191,0.392,0.26,0,0,1,1
0.194,0.392,0.26,0,0,1,1
0.197,0.392,0.26,0,0,1,1
0.2,0.392,0.26,0,0,1,1
0.203,0.392,0.26,0,0,1,1
0.206,0.392,0.26,0,0,1,1
0.209,0.392,0.26,0,0,1,1
0.212,0.392,0.26,0,0,1,1
0.215,0.392,0.26,0,0,1,1
0.218,0.392,0.26,0,0,1,1
0.221,0.392,0.26,0,0,1,1
0.224,0.392,0.26,0,0,1,1
0.227,0.392,0.26,0,0,1,1
0.23,0.392,0.26,0,0,1,1
0.233,0.392,0.26,0,0,1,1
0.236,0.392,0.26,0,0,1,1
0.239,0.392,0.26,0,0,1,1
0.242,0.392,0.26,0,0,1,1
0.245,0.392,0.26,0,0,1,1
0.248,0.392,0.26,0,0,1,1
0.251,0.392,0.26,0,0,1,1
0.254,0.392,0.26,0,0,1,1
0.257,0.392,0.26,0,0,1,1
0.26,0.392,0.26,0,0,1,1
0.263,0.392,0.26,0,0,1,1
0.266,0.392,0.26,0,0,1,1
0.269,0.392,0.26,0,0,1,1
0.272,0.392,0.26,0,0,1,1
0.275,0.392,0.26,0,0,1,1
0.278,0.392,0.26,0,0,1,1
0.281,0.392,0.26,0,0,1,1
0.284,0.392,0.26,0,0,1,1
0.287,0.392,0.26,0,0,1,1
0.29,0.392,0.26,0,0,1,1
0.293,0.392,0.26,0,0,1,1
0.296,0.392,0.26,0,0,1,1
0.299,0.392,0.26,0,0,1,1
0.302,0.392,0.26,0,0,1,1
0.305,0.392,0.26,0,0,1,1
0.308,0.392,0.26,0,0,1,1
0.311,0.392,0.26,0,0,1,1
0.314,0.392,0.26,0,0,1,1
0.317,0.392,0.26,0,0,1,1
0.32,0.392,0.26,0,0,1,1
0.323,0.392,0.26,0,0,1,1
0.326,0.392,0.26,0,0,1,1
0.329,0.392,0.26,0,0,1,1
0.332,0.392,0.26,0,0,1,1
0.335,0.392,0.26,0,0,1,1
0.338,0.392,0.26,0,0,1,1
0.341,0.392,0.26,0,0,1,1
0.14,0.389,0.26,0,0,1,1
0.143,0.389,0.26,0,0,1,1
0.146,0.389,0.26,0,0,1,1
0.149,0.389,0.26,0,0,1,1
0.152,0.389,0.26,0,0,1,1
0.155,0.389,0.26,0,0,1,1
0.158,0.389,0.26,0,0,1,1
0.161,0.389,0.26,0,0,1,1
0.164,0.389,0.26,0,0,1,1
0.167,0.389,0.26,0,0,1,1
0.17,0.389,0.26,0,0,1,1
0.173,0.389,0.26,0,0,1,1
0.176,0.389,0.26,0,0,1,1
0.179,0.389,0.26,0,0,1,1
0.182,0.389,0.26,0,0,1,1
0.185,0.389,0.26,0,0,1,1
0.188,0.389,0.26,0,0,1,1
0.191,0.389,0.26,0,0,1,1
0.194,0.389,0.26,0,0,1,1
0.197,0.389,0.26,0,0,1,1
0.2,0.389,0.26,0,0,1,1
0.203,0.389,0.26,0,0,1,1
0.206,0.389,0.26,0,0,1,1
0.209,0.389,0.26,0,0,1,1
0.212,0.389,0.26,0,0,1,1
0.215,0.389,0.26,0,0,1,1
0.218,0.389,0.26,0,0,1,1
0.221,0.389,0.26,0,0,1,1
0.224,0.389,0.26,0,0,1,1
0.227,0.389,0.26,0,0,1,1
0.23,0.389,0.26,0,0,1,1
0.233,0.389,0.26,0,0,1,1
0.236,0.389,0.26,0,0,1,1
0.239,0.389,0.26,0,0,1,1
0.242,0.389,0.26,0,0,1,1
0.245,0.389,0.26,0,0,1,1
0.248,0.389,0.26,0,0,1,1
0.251,0.389,0.26,0,0,1,1
0.254,0.389,0.26,0,0,1,1
0.257,0.389,0.26,0,0,1,1
0.26,0.389,0.26,0,0,1,1
0.263,0.389,0.26,0,0,1,1
0.266,0.389,0.26,0,0,1,1
0.269,0.389,0.26,0,0,1,1
0.272,0.389,0.26,0,0,1,1
0.275,0.389,0.26,0,0,1,1
0.278,0.389,0.26,0,0,1,1
0.281,0.389,0.26,0,0,1,1
0.284,0.389,0.26,0,0,1,1
0.287,0.389,0.26,0,0,1,1
0.29,0.389,0.26,0,0,1,1
0.293,0.389,0.26,0,0,1,1
0.296,0.389,0.26,0,0,1,1
0.299,0.389,0.26,0,0,1,1
0.302,0.389,0.26,0,0,1,1
0.305,0.389,0.26,0,0,1,1
0.308,0.389,0.26,0,0,1,1
0.311,0.389,0.26,0,0,1,1
0.314,0.389,0.26,0,0,1,1
0.317,0.389,0.26,0,0,1,1
0.32,0.389,0.26,0,0,1,1
0.323,0.389,0.26,0,0,1,1
0.326,0.389,0.26,0,0,1,1
0.329,0.389,0.26,0,0,1,1
0.332,0.389,0.26,0,0,1,1
0.335,0.389,0.26,0,0,1,1
0.338,0.389,0.26,0,0,1,1
0.341,0.389,0.26,0,0,1,1
0.14,0.386,0.26,0,0,1,1
0.143,0.386,0.26,0,0,1,1
0.146,0.386,0.26,0,0,1,1
0.149,0.386,0.26,0,0,1,1
0.152,0.386,0.26,0,0,1,1
0.155,0.386,0.26,0,0,1,1
0.158,0.386,0.26,0,0,1,1
0.161,0.386,0.26,0,0,1,1
0.164,0.386,0.26,0,0,1,1
0.167,0.386,0.26,0,0,1,1
0.17,0.386,0.26,0,0,1,1
0.173,0.386,0.26,0,0,1,1
0.176,0.386,0.26,0,0,1,1
0.179,0.386,0.26,0,0,1,1
0.182,0.386,0.26,0,0,1,1
0.185,0.386,0.26,0,0,1,1
0.188,0.386,0.26,0,0,1,1
0.191,0.386,0.26,0,0,1,1
0.194,0.386,0.26,0,0,1,1
0.197,0.386,0.26,0,0,1,1
0.2,0.386,0.26,0,0,1,1
0.203,0.386,0.26,0,0,1,1
0.206,0.386,0.26,0,0,1,1
0.209,0.386,0.26,0,0,1,1
0.212,0.386,0.26,0,0,1,1
0.215,0.386,0.26,0,0,1,1
0.218,0.386,0.26,0,0,1,1
0.221,0.386,0.26,0,0,1,1
0.224,0.386,0.26,0,0,1,1
0.227,0.386,0.26,0,0,1,1
0.23,0.386,0.26,0,0,1,1
0.233,0.386,0.26,0,0,1,1
0.236,0.386,0.26,0,0,1,1
0.239,0.386,0.26,0,0,1,1
0.242,0.386,0.26,0,0,1,1
0.245,0.386,0.26,0,0,1,1
0.248,0.386,0.26,0,0,1,1
0.251,0.386,0.26,0,0,1,1
0.254,0.386,0.26,0,0,1,1
0.257,0.386,0.26,0,0,1,1
0.26,0.386,0.26,0,0,1,1
0.263,0.386,0.26,0,0,1,1
0.266,0.386,0.26,0,0,1,1
0.269,0.386,0.26,0,0,1,1
0.272,0.386,0.26,0,0,1,1
0.275,0.386,0.26,0,0,1,1
0.278,0.386,0.26,0,0,1,1
0.281,0.386,0.26,0,0,1,1
0.284,0.386,0.26,0,0,1,1
0.287,0.386,0.26,0,0,1,1
0.29,0.386,0.26,0,0,1,1
0.293,0.386,0.26,0,0,1,1
0.296,0.386,0.26,0,0,1,1
0.299,0.386,0.26,0,0,1,1
0.302,0.386,0.26,0,0,1,1
0.305,0.386,0.26,0,0,1,1
0.308,0.386,0.26,0,0,1,1
0.311,0.386,0.26,0,0,1,1
0.314,0.386,0.26,0,0,1,1
0.317,0.386,0.26,0,0,1,1
0.32,0.386,0.26,0,0,1,1
0.323,0.386,0.26,0,0,1,1
0.326,0.386,0.26,0,0,1,1
0.329,0.386,0.26,0,0,1,1
0.332,0.386,0.26,0,0,1,1
0.335,0.386,0.26,0,0,1,1
0.338,0.386,0.26,0,0,1,1
0.341,0.386,0.26,0,0,1,1
0.14,0.383,0.26,0,0,1,1
0.143,0.383,0.26,0,0,1,1
0.146,0.383,0.26,0,0,1,1
0.149,0.383,0.26,0,0,1,1
0.152,0.383,0.26,0,0,1,1
0.155,0.383,0.26,0,0,1,1
0.158,0.383,0.26,0,0,1,1
0.161,0.383,0.26,0,0,1,1
0.164,0.383,0.26,0,0,1,1
0.167,0.383,0.26,0,0,1,1
0.17,0.383,0.26,0,0,1,1
0.173,0.383,0.26,0,0,1,1
0.176,0.383,0.26,0,0,1,1
0.179,0.383,0.26,0,0,1,1
0.182,0.383,0.26,0,0,1,1
0.185,0.383,0.26,0,0,1,1
0.188,0.383,0.26,0,0,1,1
0.191,0.383,0.26,0,0,1,1
0.194,0.383,0.26,0,0,1,1
0.197,0.383,0.26,0,0,1,1
0.2,0.383,0.26,0,0,1,1
0.203,0.383,0.26,0,0,1,1
0.206,0.383,0.26,0,0,1,1
0.209,0.383,0.26,0,0,1,1
0.212,0.383,0.26,0,0,1,1
0.215,0.383,0.26,0,0,1,1
0.218,0.383,0.26,0,0,1,1
0.221,0.383,0.26,0,0,1,1
0.224,0.383,0.26,0,0,1,1
0.227,0.383,0.26,0,0,1,1
0.23,0.383,0.26,0,0,1,1
0.233,0.383,0.26,0,0,1,1
0.236,0.383,0.26,0,0,1,1
0.239,0.383,0.26,0,0,1,1
0.242,0.383,0.26,0,0,1,1
0.245,0.383,0.26,0,0,1,1
0.248,0.383,0.26,0,0,1,1
0.251,0.383,0.26,0,0,1,1
0.254,0.383,0.26,0,0,1,1
0.257,0.383,0.26,0,0,1,1
0.26,0.383,0.26,0,0,1,1
0.263,0.383,0.26,0,0,1,1
0.266,0.383,0.26,0,0,1,1
0.269,0.383,0.26,0,0,1,1
0.272,0.383,0.26,0,0,1,1
0.275,0.383,0.26,0,0,1,1
0.278,0.383,0.26,0,0,1,1
0.281,0.383,0.26,0,0,1,1
0.284,0.383,0.26,0,0,1,1
0.287,0.383,0.26,0,0,1,1
0.29,0.383,0.26,0,0,1,1
0.293,0.383,0.26,0,0,1,1
0.296,0.383,0.26,0,0,1,1
0.299,0.383,0.26,0,0,1,1
0.302,0.383,0.26,0,0,1,1
0.305,0.383,0.26,0,0,1,1
0.308,0.383,0.26,0,0,1,1
0.311,0.383,0.26,0,0,1,1
0.314,0.383,0.26,0,0,1,1
0.317,0.383,0.26,0,0,1,1
0.32,0.383,0.26,0,0,1,1
0.323,0.383,0.26,0,0,1,1
0.326,0.383,0.26,0,0,1,1
0.329,0.383,0.26,0,0,1,1
0.332,0.383,0.26,0,0,1,1
0.335,0.383,0.26,0,0,1,1
0.338,0.383,0.26,0,0,1,1
0.341,0.383,0.26,0,0,1,1
0.14,0.38,0.26,0,0,1,1
0.143,0.38,0.26,0,0,1,1
0.146,0.38,0.26,0,0,1,1
0.149,0.38,0.26,0,0,1,1
0.152,0.38,0.26,0,0,1,1
0.155,0.38,0.26,0,0,1,1
0.158,0.38,0.26,0,0,1,1
0.161,0.38,0.26,0,0,1,1
0.164,0.38,0.26,0,0,1,1
0.167,0.38,0.26,0,0,1,1
0.17,0.38,0.26,0,0,1,1
0.173,0.38,0.26,0,0,1,1
0.176,0.38,0.26,0,0,1,1
0.179,0.38,0.26,0,0,1,1
0.182,0.38,0.26,0,0,1,1
0.185,0.38,0.26,0,0,1,1
0.188,0.38,0.26,0,0,1,1
0.191,0.38,0.26,0,0,1,1
0.194,0.38,0.26,0,0,1,1
0.197,0.38,0.26,0,0,1,1
0.2,0.38,0.26,0,0,1,1
0.203,0.38,0.26,0,0,1,1
0.206,0.38,0.26,0,0,1,1
0.209,0.38,0.26,0,0,1,1
0.212,0.38,0.26,0,0,1,1
0.215,0.38,0.26,0,0,1,1
0.218,0.38,0.26,0,0,1,1
0.221,0.38,0.26,0,0,1,1
0.224,0.38,0.26,0,0,1,1
0.227,0.38,0.26,0,0,1,1
0.23,0.38,0.26,0,0,1,1
0.233,0.38,0.26,0,0,1,1
0.236,0.38,0.26,0,0,1,1
0.239,0.38,0.26,0,0,1,1
0.242,0.38,0.26,0,0,1,1
0.245,0.38,0.26,0,0,1,1
0.248,0.38,0.26,0,0,1,1
0.251,0.38,0.26,0,0,1,1
0.254,0.38,0.26,0,0,1,1
0.257,0.38,0.26,0,0,1,1
0.26,0.38,0.26,0,0,1,1
0.263,0.38,0.26,0,0,1,1
0.266,0.38,0.26,0,0,1,1
0.269,0.38,0.26,0,0,1,1
0.272,0.38,0.26,0,0,1,1
0.275,0.38,0.26,0,0,1,1
0.278,0.38,0.26,0,0,1,1
0.281,0.38,0.26,0,0,1,1
0.284,0.38,0.26,0,0,1,1
0.287,0.38,0.26,0,0,1,1
0.29,0.38,0.26,0,0,1,1
0.293,0.38,0.26,0,0,1,1
0.296,0.38,0.26,0,0,1,1
0.299,0.38,0.26,0,0,1,1
0.302,0.38,0.26,0,0,1,1
0.305,0.38,0.26,0,0,1,1
0.308,0.38,0.26,0,0,1,1
0.311,0.38,0.26,0,0,1,1
0.314,0.38,0.26,0,0,1,1
0.317,0.38,0.26,0,0,1,1
0.32,0.38,0.26,0,0,1,1
0.323,0.38,0.26,0,0,1,1
0.326,0.38,0.26,0,0,1,1
0.329,0.38,0.26,0,0,1,1
0.332,0.38,0.26,0,0,1,1
0.335,0.38,0.26,0,0,1,1
0.338,0.38,0.26,0,0,1,1
0.341,0.38,0.26,0,0,1,1
0.14,0.377,0.26,0,0,1,1
0.143,0.377,0.26,0,0,1,1
0.146,0.377,0.26,0,0,1,1
0.149,0.377,0.26,0,0,1,1
0.152,0.377,0.26,0,0,1,1
0.155,0.377,0.26,0,0,1,1
0.158,0.377,0.26,0,0,1,1
0.161,0.377,0.26,0,0,1,1
0.164,0.377,0.26,0,0,1,1
0.167,0.377,0.26,0,0,1,1
0.17,0.377,0.26,0,0,1,1
0.173,0.377,0.26,0,0,1,1
0.176,0.377,0.26,0,0,1,1
0.179,0.377,0.26,0,0,1,1
0.182,0.377,0.26,0,0,1,1
0.185,0.377,0.26,0,0,1,1
0.188,0.377,0.26,0,0,1,1
0.191,0.377,0.26,0,0,1,1
0.194,0.377,0.26,0,0,1,1
0.197,0.377,0.26,0,0,1,1
0.2,0.377,0.26,0,0,1,1
0.203,0.377,0.26,0,0,1,1
0.206,0.377,0.26,0,0,1,1
0.209,0.377,0.26,0,0,1,1
0.212,0.377,0.26,0,0,1,1
0.215,0.377,0.26,0,0,1,1
0.218,0.377,0.26,0,0,1,1
0.221,0.377,0.26,0,0,1,1
0.224,0.377,0.26,0,0,1,1
0.227,0.377,0.26,0,0,1,1
0.23,0.377,0.26,0,0,1,1
0.233,0.377,0.26,0,0,1,1
0.236,0.377,0.26,0,0,1,1
0.239,0.377,0.26,0,0,1,1
0.242,0.377,0.26,0,0,1,1
0.245,0.377,0.26,0,0,1,1
0.248,0.377,0.26,0,0,1,1
0.251,0.377,0.26,0,0,1,1
0.254,0.377,0.26,0,0,1,1
0.257,0.377,0.26,0,0,1,1
0.26,0.377,0.26,0,0,1,1
0.263,0.377,0.26,0,0,1,1
0.266,0.377,0.26,0,0,1,1
0.269,0.377,0.26,0,0,1,1
0.272,0.377,0.26,0,0,1,1
0.275,0.377,0.26,0,0,1,1
0.278,0.377,0.26,0,0,1,1
0.281,0.377,0.26,0,0,1,1
0.284,0.377,0.26,0,0,1,1
0.287,0.377,0.26,0,0,1,1
0.29,0.377,0.26,0,0,1,1
0.293,0.377,0.26,0,0,1,1
0.296,0.377,0.26,0,0,1,1
0.299,0.377,0.26,0,0,1,1
0.302,0.377,0.26,0,0,1,1
0.305,0.377,0.26,0,0,1,1
0.308,0.377,0.26,0,0,1,1
0.311,0.377,0.26,0,0,1,1
0.314,0.377,0.26,0,0,1,1
0.317,0.377,0.26,0,0,1,1
0.32,0.377,0.26,0,0,1,1
0.323,0.377,0.26,0,0,1,1
0.326,0.377,0.26,0,0,1,1
0.329,0.377,0.26,0,0,1,1
0.332,0.377,0.26,0,0,1,1
0.335,0.377,0.26,0,0,1,1
0.338,0.377,0.26,0,0,1,1
0.341,0.377,0.26,0,0,1,1
0.14,0.374,0.26,0,0,1,1
0.143,0.374,0.26,0,0,1,1
0.146,0.374,0.26,0,0,1,1
0.149,0.374,0.26,0,0,1,1
0.152,0.374,0.26,0,0,1,1
0.155,0.374,0.26,0,0,1,1
0.158,0.374,0.26,0,0,1,1
0.161,0.374,0.26,0,0,1,1
0.164,0.374,0.26,0,0,1,1
0.167,0.374,0.26,0,0,1,1
0.17,0.374,0.26,0,0,1,1
0.173,0.374,0.26,0,0,1,1
0.176,0.374,0.26,0,0,1,1
0.179,0.374,0.26,0,0,1,1
0.182,0.374,0.26,0,0,1,1
0.185,0.374,0.26,0,0,1,1
0.188,0.374,0.26,0,0,1,1
0.191,0.374,0.26,0,0,1,1
0.194,0.374,0.26,0,0,1,1
0.197,0.374,0.26,0,0,1,1
0.2,0.374,0.26,0,0,1,1
0.203,0.374,0.26,0,0,1,1
0.206,0.374,0.26,0,0,1,1
0.209,0.374,0.26,0,0,1,1
0.212,0.374,0.26,0,0,1,1
0.215,0.374,0.26,0,0,1,1
0.218,0.374,0.26,0,0,1,1
0.221,0.374,0.26,0,0,1,1
0.224,0.374,0.26,0,0,1,1
0.227,0.374,0.26,0,0,1,1
0.23,0.374,0.26,0,0,1,1
0.233,0.374,0.26,0,0,1,1
0.236,0.374,0.26,0,0,1,1
0.239,0.374,0.26,0,0,1,1
0.242,0.374,0.26,0,0,1,1
0.245,0.374,0.26,0,0,1,1
0.248,0.374,0.26,0,0,1,1
0.251,0.374,0.26,0,0,1,1
0.254,0.374,0.26,0,0,1,1
0.257,0.374,0.26,0,0,1,1
0.26,0.374,0.26,0,0,1,1
0.263,0.374,0.26,0,0,1,1
0.266,0.374,0.26,0,0,1,1
0.269,0.374,0.26,0,0,1,1
0.272,0.374,0.26,0,0,1,1
0.275,0.374,0.26,0,0,1,1
0.278,0.374,0.26,0,0,1,1
0.281,0.374,0.26,0,0,1,1
0.284,0.374,0.26,0,0,1,1
0.287,0.374,0.26,0,0,1,1
0.29,0.374,0.26,0,0,1,1
0.293,0.374,0.26,0,0,1,1
0.296,0.374,0.26,0,0,1,1
0.299,0.374,0.26,0,0,1,1
0.302,0.374,0.26,0,0,1,1
0.305,0.374,0.26,0,0,1,1
0.308,0.374,0.26,0,0,1,1
0.311,0.374,0.26,0,0,1,1
0.314,0.374,0.26,0,0,1,1
0.317,0.374,0.26,0,0,1,1
0.32,0.374,0.26,0,0,1,1
0.323,0.374,0.26,0,0,1,1
0.326,0.374,0.26,0,0,1,1
0.329,0.374,0.26,0,0,1,1
0.332,0.374,0.26,0,0,1,1
0.335,0.374,0.26,0,0,1,1
0.338,0.374,0.26,0,0,1,1
0.341,0.374,0.26,0,0,1,1
0.14,0.371,0.26,0,0,1,1
0.143,0.371,0.26,0,0,1,1
0.146,0.371,0.26,0,0,1,1
0.149,0.371,0.26,0,0,1,1
0.152,0.371,0.26,0,0,1,1
0.155,0.371,0.26,0,0,1,1
0.158,0.371,0.26,0,0,1,1
0.161,0.371,0.26,0,0,1,1
0.164,0.371,0.26,0,0,1,1
0.167,0.371,0.26,0,0,1,1
0.17,0.371,0.26,0,0,1,1
0.173,0.371,0.26,0,0,1,1
0.176,0.371,0.26,0,0,1,1
0.179,0.371,0.26,0,0,1,1
0.182,0.371,0.26,0,0,1,1
0.185,0.371,0.26,0,0,1,1
0.188,0.371,0.26,0,0,1,1
0.191,0.371,0.26,0,0,1,1
0.194,0.371,0.26,0,0,1,1
0.197,0.371,0.26,0,0,1,1
0.2,0.371,0.26,0,0,1,1
0.203,0.371,0.26,0,0,1,1
0.206,0.371,0.26,0,0,1,1
0.209,0.371,0.26,0,0,1,1
0.212,0.371,0.26,0,0,1,1
0.215,0.371,0.26,0,0,1,1
0.218,0.371,0.26,0,0,1,1
0.221,0.371,0.26,0,0,1,1
0.224,0.371,0.26,0,0,1,1
0.227,0.371,0.26,0,0,1,1
0.23,0.371,0.26,0,0,1,1
0.233,0.371,0.26,0,0,1,1
0.236,0.371,0.26,0,0,1,1
0.239,0.371,0.26,0,0,1,1
0.242,0.371,0.26,0,0,1,1
0.245,0.371,0.26,0,0,1,1
0.248,0.371,0.26,0,0,1,1
0.251,0.371,0.26,0,0,1,1
0.254,0.371,0.26,0,0,1,1
0.257,0.371,0.26,0,0,1,1
0.26,0.371,0.26,0,0,1,1
0.263,0.371,0.26,0,0,1,1
0.266,0.371,0.26,0,0,1,1
0.269,0.371,0.26,0,0,1,1
0.272,0.371,0.26,0,0,1,1
0.275,0.371,0.26,0,0,1,1
0.278,0.371,0.26,0,0,1,1
0.281,0.371,0.26,0,0,1,1
0.284,0.371,0.26,0,0,1,1
0.287,0.371,0.26,0,0,1,1
0.29,0.371,0.26,0,0,1,1
0.293,0.371,0.26,0,0,1,1
0.296,0.371,0.26,0,0,1,1
0.299,0.371,0.26,0,0,1,1
0.302,0.371,0.26,0,0,1,1
0.305,0.371,0.26,0,0,1,1
0.308,0.371,0.26,0,0,1,1
0.311,0.371,0.26,0,0,1,1
0.314,0.371,0.26,0,0,1,1
0.317,0.371,0.26,0,0,1,1
0.32,0.371,0.26,0,0,1,1
0.323,0.371,0.26,0,0,1,1
0.326,0.371,0.26,0,0,1,1
0.329,0.371,0.26,0,0,1,1
0.332,0.371,0.26,0,0,1,1
0.335,0.371,0.26,0,0,1,1
0.338,0.371,0.26,0,0,1,1
0.341,0.371,0.26,0,0,1,1
0.14,0.368,0.26,0,0,1,1
0.143,0.368,0.26,0,0,1,1
0.146,0.368,0.26,0,0,1,1
0.149,0.368,0.26,0,0,1,1
0.152,0.368,0.26,0,0,1,1
0.155,0.368,0.26,0,0,1,1
0.158,0.368,0.26,0,0,1,1
0.161,0.368,0.26,0,0,1,1
0.164,0.368,0.26,0,0,1,1
0.167,0.368,0.26,0,0,1,1
0.17,0.368,0.26,0,0,1,1
0.173,0.368,0.26,0,0,1,1
0.176,0.368,0.26,0,0,1,1
0.179,0.368,0.26,0,0,1,1
0.182,0.368,0.26,0,0,1,1
0.185,0.368,0.26,0,0,1,1
0.188,0.368,0.26,0,0,1,1
0.191,0.368,0.26,0,0,1,1
0.194,0.368,0.26,0,0,1,1
0.197,0.368,0.26,0,0,1,1
0.2,0.368,0.26,0,0,1,1
0.203,0.368,0.26,0,0,1,1
0.206,0.368,0.26,0,0,1,1
0.209,0.368,0.26,0,0,1,1
0.212,0.368,0.26,0,0,1,1
0.215,0.368,0.26,0,0,1,1
0.218,0.368,0.26,0,0,1,1
0.221,0.368,0.26,0,0,1,1
0.224,0.368,0.26,0,0,1,1
0.227,0.368,0.26,0,0,1,1
0.23,0.368,0.26,0,0,1,1
0.233,0.368,0.26,0,0,1,1
0.236,0.368,0.26,0,0,1,1
0.239,0.368,0.26,0,0,1,1
0.242,0.368,0.26,0,0,1,1
0.245,0.368,0.26,0,0,1,1
0.248,0.368,0.26,0,0,1,1
0.251,0.368,0.26,0,0,1,1
0.254,0.368,0.26,0,0,1,1
0.257,0.368,0.26,0,0,1,1
0.26,0.368,0.26,0,0,1,1
0.263,0.368,0.26,0,0,1,1
0.266,0.368,0.26,0,0,1,1
0.269,0.368,0.26,0,0,1,1
0.272,0.368,0.26,0,0,1,1
0.275,0.368,0.26,0,0,1,1
0.278,0.368,0.26,0,0,1,1
0.281,0.368,0.26,0,0,1,1
0.284,0.368,0.26,0,0,1,1
0.287,0.368,0.26,0,0,1,1
0.29,0.368,0.26,0,0,1,1
0.293,0.368,0.26,0,0,1,1
0.296,0.368,0.26,0,0,1,1
0.299,0.368,0.26,0,0,1,1
0.302,0.368,0.26,0,0,1,1
0.305,0.368,0.26,0,0,1,1
0.308,0.368,0.26,0,0,1,1
0.311,0.368,0.26,0,0,1,1
0.314,0.368,0.26,0,0,1,1
0.317,0.368,0.26,0,0,1,1
0.32,0.368,0.26,0,0,1,1
0.323,0.368,0.26,0,0,1,1
0.326,0.368,0.26,0,0,1,1
0.329,0.368,0.26,0,0,1,1
0.332,0.368,0.26,0,0,1,1
0.335,0.368,0.26,0,0,1,1
0.338,0.368,0.26,0,0,1,1
0.341,0.368,0.26,0,0,1,1
0.14,0.365,0.26,0,0,1,1
0.143,0.365,0.26,0,0,1,1
0.146,0.365,0.26,0,0,1,1
0.149,0.365,0.26,0,0,1,1
0.152,0.365,0.26,0,0,1,1
0.155,0.365,0.26,0,0,1,1
0.158,0.365,0.26,0,0,1,1
0.161,0.365,0.26,0,0,1,1
0.164,0.365,0.26,0,0,1,1
0.167,0.365,0.26,0,0,1,1
0.17,0.365,0.26,0,0,1,1
0.173,0.365,0.26,0,0,1,1
0.176,0.365,0.26,0,0,1,1
0.179,0.365,0.26,0,0,1,1
0.182,0.365,0.26,0,0,1,1
0.185,0.365,0.26,0,0,1,1
0.188,0.365,0.26,0,0,1,1
0.191,0.365,0.26,0,0,1,1
0.194,0.365,0.26,0,0,1,1
0.197,0.365,0.26,0,0,1,1
0.2,0.365,0.26,0,0,1,1
0.203,0.365,0.26,0,0,1,1
0.206,0.365,0.26,0,0,1,1
0.209,0.365,0.26,0,0,1,1
0.212,0.365,0.26,0,0,1,1
0.215,0.365,0.26,0,0,1,1
0.218,0.365,0.26,0,0,1,1
0.221,0.365,0.26,0,0,1,1
0.224,0.365,0.26,0,0,1,1
0.227,0.365,0.26,0,0,1,1
0.23,0.365,0.26,0,0,1,1
0.233,0.365,0.26,0,0,1,1
0.236,0.365,0.26,0,0,1,1
0.239,0.365,0.26,0,0,1,1
0.242,0.365,0.26,0,0,1,1
0.245,0.365,0.26,0,0,1,1
0.248,0.365,0.26,0,0,1,1
0.251,0.365,0.26,0,0,1,1
0.254,0.365,0.26,0,0,1,1
0.257,0.365,0.26,0,0,1,1
0.26,0.365,0.26,0,0,1,1
0.263,0.365,0.26,0,0,1,1
0.266,0.365,0.26,0,0,1,1
0.269,0.365,0.26,0,0,1,1
0.272,0.365,0.26,0,0,1,1
0.275,0.365,0.26,0,0,1,1
0.278,0.365,0.26,0,0,1,1
0.281,0.365,0.26,0,0,1,1
0.284,0.365,0.26,0,0,1,1
0.287,0.365,0.26,0,0,1,1
0.29,0.365,0.26,0,0,1,1
0.293,0.365,0.26,0,0,1,1
0.296,0.365,0.26,0,0,1,1
0.299,0.365,0.26,0,0,1,1
0.302,0.365,0.26,0,0,1,1
0.305,0.365,0.26,0,0,1,1
0.308,0.365,0.26,0,0,1,1
0.311,0.365,0.26,0,0,1,1
0.314,0.365,0.26,0,0,1,1
0.317,0.365,0.26,0,0,1,1
0.32,0.365,0.26,0,0,1,1
0.323,0.365,0.26,0,0,1,1
0.326,0.365,0.26,0,0,1,1
0.329,0.365,0.26,0,0,1,1
0.332,0.365,0.26,0,0,1,1
0.335,0.365,0.26,0,0,1,1
0.338,0.365,0.26,0,0,1,1
0.341,0.365,0.26,0,0,1,1
0.14,0.362,0.26,0,0,1,1
0.143,0.362,0.26,0,0,1,1
0.146,0.362,0.26,0,0,1,1
0.149,0.362,0.26,0,0,1,1
0.152,0.362,0.26,0,0,1,1
0.155,0.362,0.26,0,0,1,1
0.158,0.362,0.26,0,0,1,1
0.161,0.362,0.26,0,0,1,1
0.164,0.362,0.26,0,0,1,1
0.167,0.362,0.26,0,0,1,1
0.17,0.362,0.26,0,0,1,1
0.173,0.362,0.26,0,0,1,1
0.176,0.362,0.26,0,0,1,1
0.179,0.362,0.26,0,0,1,1
0.182,0.362,0.26,0,0,1,1
0.185,0.362,0.26,0,0,1,1
0.188,0.362,0.26,0,0,1,1
0.191,0.362,0.26,0,0,1,1
0.194,0.362,0.26,0,0,1,1
0.197,0.362,0.26,0,0,1,1
0.2,0.362,0.26,0,0,1,1
0.203,0.362,0.26,0,0,1,1
0.206,0.362,0.26,0,0,1,1
0.209,0.362,0.26,0,0,1,1
0.212,0.362,0.26,0,0,1,1
0.215,0.362,0.26,0,0,1,1
0.218,0.362,0.26,0,0,1,1
0.221,0.362,0.26,0,0,1,1
0.224,0.362,0.26,0,0,1,1
0.227,0.362,0.26,0,0,1,1
0.23,0.362,0.26,0,0,1,1
0.233,0.362,0.26,0,0,1,1
0.236,0.362,0.26,0,0,1,1
0.239,0.362,0.26,0,0,1,1
0.242,0.362,0.26,0,0,1,1
0.245,0.362,0.26,0,0,1,1
0.248,0.362,0.26,0,0,1,1
0.251,0.362,0.26,0,0,1,1
0.254,0.362,0.26,0,0,1,1
0.257,0.362,0.26,0,0,1,1
0.26,0.362,0.26,0,0,1,1
0.263,0.362,0.26,0,0,1,1
0.266,0.362,0.26,0,0,1,1
0.269,0.362,0.26,0,0,1,1
0.272,0.362,0.26,0,0,1,1
0.275,0.362,0.26,0,0,1,1
0.278,0.362,0.26,0,0,1,1
0.281,0.362,0.26,0,0,1,1
0.284,0.362,0.26,0,0,1,1
0.287,0.362,0.26,0,0,1,1
0.29,0.362,0.26,0,0,1,1
0.293,0.362,0.26,0,0,1,1
0.296,0.362,0.26,0,0,1,1
0.299,0.362,0.26,0,0,1,1
0.302,0.362,0.26,0,0,1,1
0.305,0.362,0.26,0,0,1,1
0.308,0.362,0.26,0,0,1,1
0.311,0.362,0.26,0,0,1,1
0.314,0.362,0.26,0,0,1,1
0.317,0.362,0.26,0,0,1,1
0.32,0.362,0.26,0,0,1,1
0.323,0.362,0.26,0,0,1,1
0.326,0.362,0.26,0,0,1,1
0.329,0.362,0.26,0,0,1,1
0.332,0.362,0.26,0,0,1,1
0.335,0.362,0.26,0,0,1,1
0.338,0.362,0.26,0,0,1,1
0.341,0.362,0.26,0,0,1,1
0.14,0.359,0.26,0,0,1,1
0.143,0.359,0.26,0,0,1,1
0.146,0.359,0.26,0,0,1,1
0.149,0.359,0.26,0,0,1,1
0.152,0.359,0.26,0,0,1,1
0.155,0.359,0.26,0,0,1,1
0.158,0.359,0.26,0,0,1,1
0.161,0.359,0.26,0,0,1,1
0.164,0.359,0.26,0,0,1,1
0.167,0.359,0.26,0,0,1,1
0.17,0.359,0.26,0,0,1,1
0.173,0.359,0.26,0,0,1,1
0.176,0.359,0.26,0,0,1,1
0.179,0.359,0.26,0,0,1,1
0.182,0.359,0.26,0,0,1,1
0.185,0.359,0.26,0,0,1,1
0.188,0.359,0.26,0,0,1,1
0.191,0.359,0.26,0,0,1,1
0.194,0.359,0.26,0,0,1,1
0.197,0.359,0.26,0,0,1,1
0.2,0.359,0.26,0,0,1,1
0.203,0.359,0.26,0,0,1,1
0.206,0.359,0.26,0,0,1,1
0.209,0.359,0.26,0,0,1,1
0.212,0.359,0.26,0,0,1,1
0.215,0.359,0.26,0,0,1,1
0.218,0.359,0.26,0,0,1,1
0.221,0.359,0.26,0,0,1,1
0.224,0.359,0.26,0,0,1,1
0.227,0.359,0.26,0,0,1,1
0.23,0.359,0.26,0,0,1,1
0.233,0.359,0.26,0,0,1,1
0.236,0.359,0.26,0,0,1,1
0.239,0.359,0.26,0,0,1,1
0.242,0.359,0.26,0,0,1,1
0.245,0.359,0.26,0,0,1,1
0.248,0.359,0.26,0,0,1,1
0.251,0.359,0.26,0,0,1,1
0.254,0.359,0.26,0,0,1,1
0.257,0.359,0.26,0,0,1,1
0.26,0.359,0.26,0,0,1,1
0.263,0.359,0.26,0,0,1,1
0.266,0.359,0.26,0,0,1,1
0.269,0.359,0.26,0,0,1,1
0.272,0.359,0.26,0,0,1,1
0.275,0.359,0.26,0,0,1,1
0.278,0.359,0.26,0,0,1,1
0.281,0.359,0.26,0,0,1,1
0.284,0.359,0.26,0,0,1,1
0.287,0.359,0.26,0,0,1,1
0.29,0.359,0.26,0,0,1,1
0.293,0.359,0.26,0,0,1,1
0.296,0.359,0.26,0,0,1,1
0.299,0.359,0.26,0,0,1,1
0.302,0.359,0.26,0,0,1,1
0.305,0.359,0.26,0,0,1,1
0.308,0.359,0.26,0,0,1,1
0.311,0.359,0.26,0,0,1,1
0.314,0.359,0.26,0,0,1,1
0.317,0.359,0.26,0,0,1,1
0.32,0.359,0.26,0,0,1,1
0.323,0.359,0.26,0,0,1,1
0.326,0.359,0.26,0,0,1,1
0.329,0.359,0.26,0,0,1,1
0.332,0.359,0.26,0,0,1,1
0.335,0.359,0.26,0,0,1,1
0.338,0.359,0.26,0,0,1,1
0.341,0.359,0.26,0,0,1,1
0.14,0.356,0.26,0,0,1,1
0.143,0.356,0.26,0,0,1,1
0.146,0.356,0.26,0,0,1,1
0.149,0.356,0.26,0,0,1,1
0.152,0.356,0.26,0,0,1,1
0.155,0.356,0.26,0,0,1,1
0.158,0.356,0.26,0,0,1,1
0.161,0.356,0.26,0,0,1,1
0.164,0.356,0.26,0,0,1,1
0.167,0.356,0.26,0,0,1,1
0.17,0.356,0.26,0,0,1,1
0.173,0.356,0.26,0,0,1,1
0.176,0.356,0.26,0,0,1,1
0.179,0.356,0.26,0,0,1,1
0.182,0.356,0.26,0,0,1,1
0.185,0.356,0.26,0,0,1,1
0.188,0.356,0.26,0,0,1,1
0.191,0.356,0.26,0,0,1,1
0.194,0.356,0.26,0,0,1,1
0.197,0.356,0.26,0,0,1,1
0.2,0.356,0.26,0,0,1,1
0.203,0.356,0.26,0,0,1,1
0.206,0.356,0.26,0,0,1,1
0.209,0.356,0.26,0,0,1,1
0.212,0.356,0.26,0,0,1,1
0.215,0.356,0.26,0,0,1,1
0.218,0.356,0.26,0,0,1,1
0.221,0.356,0.26,0,0,1,1
0.224,0.356,0.26,0,0,1,1
0.227,0.356,0.26,0,0,1,1
0.23,0.356,0.26,0,0,1,1
0.233,0.356,0.26,0,0,1,1
0.236,0.356,0.26,0,0,1,1
0.239,0.356,0.26,0,0,1,1
0.242,0.356,0.26,0,0,1,1
0.245,0.356,0.26,0,0,1,1
0.248,0.356,0.26,0,0,1,1
0.251,0.356,0.26,0,0,1,1
0.254,0.356,0.26,0,0,1,1
0.257,0.356,0.26,0,0,1,1
0.26,0.356,0.26,0,0,1,1
0.263,0.356,0.26,0,0,1,1
0.266,0.356,0.26,0,0,1,1
0.269,0.356,0.26,0,0,1,1
0.272,0.356,0.26,0,0,1,1
0.275,0.356,0.26,0,0,1,1
0.278,0.356,0.26,0,0,1,1
0.281,0.356,0.26,0,0,1,1
0.284,0.356,0.26,0,0,1,1
0.287,0.356,0.26,0,0,1,1
0.29,0.356,0.26,0,0,1,1
0.293,0.356,0.26,0,0,1,1
0.296,0.356,0.26,0,0,1,1
0.299,0.356,0.26,0,0,1,1
0.302,0.356,0.26,0,0,1,1
0.305,0.356,0.26,0,0,1,1
0.308,0.356,0.26,0,0,1,1
0.311,0.356,0.26,0,0,1,1
0.314,0.356,0.26,0,0,1,1
0.317,0.356,0.26,0,0,1,1
0.32,0.356,0.26,0,0,1,1
0.323,0.356,0.26,0,0,1,1
0.326,0.356,0.26,0,0,1,1
0.329,0.356,0.26,0,0,1,1
0.332,0.356,0.26,0,0,1,1
0.335,0.356,0.26,0,0,1,1
0.338,0.356,0.26,0,0,1,1
0.341,0.356,0.26,0,0,1,1
0.14,0.353,0.26,0,0,1,1
0.143,0.353,0.26,0,0,1,1
0.146,0.353,0.26,0,0,1,1
0.149,0.353,0.26,0,0,1,1
0.152,0.353,0.26,0,0,1,1
0.155,0.353,0.26,0,0,1,1
0.158,0.353,0.26,0,0,1,1
0.161,0.353,0.26,0,0,1,1
0.164,0.353,0.26,0,0,1,1
0.167,0.353,0.26,0,0,1,1
0.17,0.353,0.26,0,0,1,1
0.173,0.353,0.26,0,0,1,1
0.176,0.353,0.26,0,0,1,1
0.179,0.353,0.26,0,0,1,1
0.182,0.353,0.26,0,0,1,1
0.185,0.353,0.26,0,0,1,1
0.188,0.353,0.26,0,0,1,1
0.191,0.353,0.26,0,0,1,1
0.194,0.353,0.26,0,0,1,1
0.197,0.353,0.26,0,0,1,1
0.2,0.353,0.26,0,0,1,1
0.203,0.353,0.26,0,0,1,1
0.206,0.353,0.26,0,0,1,1
0.209,0.353,0.26,0,0,1,1
0.212,0.353,0.26,0,0,1,1
0.215,0.353,0.26,0,0,1,1
0.218,0.353,0.26,0,0,1,1
0.221,0.353,0.26,0,0,1,1
0.224,0.353,0.26,0,0,1,1
0.227,0.353,0.26,0,0,1,1
0.23,0.353,0.26,0,0,1,1
0.233,0.353,0.26,0,0,1,1
0.236,0.353,0.26,0,0,1,1
0.239,0.353,0.26,0,0,1,1
0.242,0.353,0.26,0,0,1,1
0.245,0.353,0.26,0,0,1,1
0.248,0.353,0.26,0,0,1,1
0.251,0.353,0.26,0,0,1,1
0.254,0.353,0.26,0,0,1,1
0.257,0.353,0.26,0,0,1,1
0.26,0.353,0.26,0,0,1,1
0.263,0.353,0.26,0,0,1,1
0.266,0.353,0.26,0,0,1,1
0.269,0.353,0.26,0,0,1,1
0.272,0.353,0.26,0,0,1,1
0.275,0.353,0.26,0,0,1,1
0.278,0.353,0.26,0,0,1,1
0.281,0.353,0.26,0,0,1,1
0.284,0.353,0.26,0,0,1,1
0.287,0.353,0.26,0,0,1,1
0.29,0.353,0.26,0,0,1,1
0.293,0.353,0.26,0,0,1,1
0.296,0.353,0.26,0,0,1,1
0.299,0.353,0.26,0,0,1,1
0.302,0.353,0.26,0,0,1,1
0.305,0.353,0.26,0,0,1,1
0.308,0.353,0.26,0,0,1,1
0.311,0.353,0.26,0,0,1,1
0.314,0.353,0.26,0,0,1,1
0.317,0.353,0.26,0,0,1,1
0.32,0.353,0.26,0,0,1,1
0.323,0.353,0.26,0,0,1,1
0.326,0.353,0.26,0,0,1,1
0.329,0.353,0.26,0,0,1,1
0.332,0.353,0.26,0,0,1,1
0.335,0.353,0.26,0,0,1,1
0.338,0.353,0.26,0,0,1,1
0.341,0.353,0.26,0,0,1,1
0.14,0.35,0.26,0,0,1,1
0.143,0.35,0.26,0,0,1,1
0.146,0.35,0.26,0,0,1,1
0.149,0.35,0.26,0,0,1,1
0.152,0.35,0.26,0,0,1,1
0.155,0.35,0.26,0,0,1,1
0.158,0.35,0.26,0,0,1,1
0.161,0.35,0.26,0,0,1,1
0.164,0.35,0.26,0,0,1,1
0.167,0.35,0.26,0,0,1,1
0.17,0.35,0.26,0,0,1,1
0.173,0.35,0.26,0,0,1,1
0.176,0.35,0.26,0,0,1,1
0.179,0.35,0.26,0,0,1,1
0.182,0.35,0.26,0,0,1,1
0.185,0.35,0.26,0,0,1,1
0.188,0.35,0.26,0,0,1,1
0.191,0.35,0.26,0,0,1,1
0.194,0.35,0.26,0,0,1,1
0.197,0.35,0.26,0,0,1,1
0.2,0.35,0.26,0,0,1,1
0.203,0.35,0.26,0,0,1,1
0.206,0.35,0.26,0,0,1,1
0.209,0.35,0.26,0,0,1,1
0.212,0.35,0.26,0,0,1,1
0.215,0.35,0.26,0,0,1,1
0.218,0.35,0.26,0,0,1,1
0.221,0.35,0.26,0,0,1,1
0.224,0.35,0.26,0,0,1,1
0.227,0.35,0.26,0,0,1,1
0.23,0.35,0.26,0,0,1,1
0.233,0.35,0.26,0,0,1,1
0.236,0.35,0.26,0,0,1,1
0.239,0.35,0.26,0,0,1,1
0.242,0.35,0.26,0,0,1,1
0.245,0.35,0.26,0,0,1,1
0.248,0.35,0.26,0,0,1,1
0.251,0.35,0.26,0,0,1,1
0.254,0.35,0.26,0,0,1,1
0.257,0.35,0.26,0,0,1,1
0.26,0.35,0.26,0,0,1,1
0.263,0.35,0.26,0,0,1,1
0.266,0.35,0.26,0,0,1,1
0.269,0.35,0.26,0,0,1,1
0.272,0.35,0.26,0,0,1,1
0.275,0.35,0.26,0,0,1,1
0.278,0.35,0.26,0,0,1,1
0.281,0.35,0.26,0,0,1,1
0.284,0.35,0.26,0,0,1,1
0.287,0.35,0.26,0,0,1,1
0.29,0.35,0.26,0,0,1,1
0.293,0.35,0.26,0,0,1,1
0.296,0.35,0.26,0,0,1,1
0.299,0.35,0.26,0,0,1,1
0.302,0.35,0.26,0,0,1,1
0.305,0.35,0.26,0,0,1,1
0.308,0.35,0.26,0,0,1,1
0.311,0.35,0.26,0,0,1,1
0.314,0.35,0.26,0,0,1,1
0.317,0.35,0.26,0,0,1,1
0.32,0.35,0.26,0,0,1,1
0.323,0.35,0.26,0,0,1,1
0.326,0.35,0.26,0,0,1,1
0.329,0.35,0.26,0,0,1,1
0.332,0.35,0.26,0,0,1,1
0.335,0.35,0.26,0,0,1,1
0.338,0.35,0.26,0,0,1,1
0.341,0.35,0.26,0,0,1,1
0.14,0.347,0.26,0,0,1,1
0.143,0.347,0.26,0,0,1,1
0.146,0.347,0.26,0,0,1,1
0.149,0.347,0.26,0,0,1,1
0.152,0.347,0.26,0,0,1,1
0.155,0.347,0.26,0,0,1,1
0.158,0.347,0.26,0,0,1,1
0.161,0.347,0.26,0,0,1,1
0.164,0.347,0.26,0,0,1,1
0.167,0.347,0.26,0,0,1,1
0.17,0.347,0.26,0,0,1,1
0.173,0.347,0.26,0,0,1,1
0.176,0.347,0.26,0,0,1,1
0.179,0.347,0.26,0,0,1,1
0.182,0.347,0.26,0,0,1,1
0.185,0.347,0.26,0,0,1,1
0.188,0.347,0.26,0,0,1,1
0.191,0.347,0.26,0,0,1,1
0.194,0.347,0.26,0,0,1,1
0.197,0.347,0.26,0,0,1,1
0.2,0.347,0.26,0,0,1,1
0.203,0.347,0.26,0,0,1,1
0.206,0.347,0.26,0,0,1,1
0.209,0.347,0.26,0,0,1,1
0.212,0.347,0.26,0,0,1,1
0.215,0.347,0.26,0,0,1,1
0.218,0.347,0.26,0,0,1,1
0.221,0.347,0.26,0,0,1,1
0.224,0.347,0.26,0,0,1,1
0.227,0.347,0.26,0,0,1,1
0.23,0.347,0.26,0,0,1,1
0.233,0.347,0.26,0,0,1,1
0.236,0.347,0.26,0,0,1,1
0.239,0.347,0.26,0,0,1,1
0.242,0.347,0.26,0,0,1,1
0.245,0.347,0.26,0,0,1,1
0.248,0.347,0.26,0,0,1,1
0.251,0.347,0.26,0,0,1,1
0.254,0.347,0.26,0,0,1,1
0.257,0.347,0.26,0,0,1,1
0.26,0.347,0.26,0,0,1,1
0.263,0.347,0.26,0,0,1,1
0.266,0.347,0.26,0,0,1,1
0.269,0.347,0.26,0,0,1,1
0.272,0.347,0.26,0,0,1,1
0.275,0.347,0.26,0,0,1,1
0.278,0.347,0.26,0,0,1,1
0.281,0.347,0.26,0,0,1,1
0.284,0.347,0.26,0,0,1,1
0.287,0.347,0.26,0,0,1,1
0.29,0.347,0.26,0,0,1,1
0.293,0.347,0.26,0,0,1,1
0.296,0.347,0.26,0,0,1,1
0.299,0.347,0.26,0,0,1,1
0.302,0.347,0.26,0,0,1,1
0.305,0.347,0.26,0,0,1,1
0.308,0.347,0.26,0,0,1,1
0.311,0.347,0.26,0,0,1,1
0.314,0.347,0.26,0,0,1,1
0.317,0.347,0.26,0,0,1,1
0.32,0.347,0.26,0,0,1,1
0.323,0.347,0.26,0,0,1,1
0.326,0.347,0.26,0,0,1,1
0.329,0.347,0.26,0,0,1,1
0.332,0.347,0.26,0,0,1,1
0.335,0.347,0.26,0,0,1,1
0.338,0.347,0.26,0,0,1,1
0.341,0.347,0.26,0,0,1,1
0.14,0.344,0.26,0,0,1,1
0.143,0.344,0.26,0,0,1,1
0.146,0.344,0.26,0,0,1,1
0.149,0.344,0.26,0,0,1,1
0.152,0.344,0.26,0,0,1,1
0.155,0.344,0.26,0,0,1,1
0.158,0.344,0.26,0,0,1,1
0.161,0.344,0.26,0,0,1,1
0.164,0.344,0.26,0,0,1,1
0.167,0.344,0.26,0,0,1,1
0.17,0.344,0.26,0,0,1,1
0.173,0.344,0.26,0,0,1,1
0.176,0.344,0.26,0,0,1,1
0.179,0.344,0.26,0,0,1,1
0.182,0.344,0.26,0,0,1,1
0.185,0.344,0.26,0,0,1,1
0.188,0.344,0.26,0,0,1,1
0.191,0.344,0.26,0,0,1,1
0.194,0.344,0.26,0,0,1,1
0.197,0.344,0.26,0,0,1,1
0.2,0.344,0.26,0,0,1,1
0.203,0.344,0.26,0,0,1,1
0.206,0.344,0.26,0,0,1,1
0.209,0.344,0.26,0,0,1,1
0.212,0.344,0.26,0,0,1,1
0.215,0.344,0.26,0,0,1,1
0.218,0.344,0.26,0,0,1,1
0.221,0.344,0.26,0,0,1,1
0.224,0.344,0.26,0,0,1,1
0.227,0.344,0.26,0,0,1,1
0.23,0.344,0.26,0,0,1,1
0.233,0.344,0.26,0,0,1,1
0.236,0.344,0.26,0,0,1,1
0.239,0.344,0.26,0,0,1,1
0.242,0.344,0.26,0,0,1,1
0.245,0.344,0.26,0,0,1,1
0.248,0.344,0.26,0,0,1,1
0.251,0.344,0.26,0,0,1,1
0.254,0.344,0.26,0,0,1,1
0.257,0.344,0.26,0,0,1,1
0.26,0.344,0.26,0,0,1,1
0.263,0.344,0.26,0,0,1,1
0.266,0.344,0.26,0,0,1,1
0.269,0.344,0.26,0,0,1,1
0.272,0.344,0.26,0,0,1,1
0.275,0.344,0.26,0,0,1,1
0.278,0.344,0.26,0,0,1,1
0.281,0.344,0.26,0,0,1,1
0.284,0.344,0.26,0,0,1,1
0.287,0.344,0.26,0,0,1,1
0.29,0.344,0.26,0,0,1,1
0.293,0.344,0.26,0,0,1,1
0.296,0.344,0.26,0,0,1,1
0.299,0.344,0.26,0,0,1,1
0.302,0.344,0.26,0,0,1,1
0.305,0.344,0.26,0,0,1,1
0.308,0.344,0.26,0,0,1,1
0.311,0.344,0.26,0,0,1,1
0.314,0.344,0.26,0,0,1,1
0.317,0.344,0.26,0,0,1,1
0.32,0.344,0.26,0,0,1,1
0.323,0.344,0.26,0,0,1,1
0.326,0.344,0.26,0,0,1,1
0.329,0.344,0.26,0,0,1,1
0.332,0.344,0.26,0,0,1,1
0.335,0.344,0.26,0,0,1,1
0.338,0.344,0.26,0,0,1,1
0.341,0.344,0.26,0,0,1,1
0.14,0.341,0.26,0,0,1,1
0.143,0.341,0.26,0,0,1,1
0.146,0.341,0.26,0,0,1,1
0.149,0.341,0.26,0,0,1,1
0.152,0.341,0.26,0,0,1,1
0.155,0.341,0.26,0,0,1,1
0.158,0.341,0.26,0,0,1,1
0.161,0.341,0.26,0,0,1,1
0.164,0.341,0.26,0,0,1,1
0.167,0.341,0.26,0,0,1,1
0.17,0.341,0.26,0,0,1,1
0.173,0.341,0.26,0,0,1,1
0.176,0.341,0.26,0,0,1,1
0.179,0.341,0.26,0,0,1,1
0.182,0.341,0.26,0,0,1,1
0.185,0.341,0.26,0,0,1,1
0.188,0.341,0.26,0,0,1,1
0.191,0.341,0.26,0,0,1,1
0.194,0.341,0.26,0,0,1,1
0.197,0.341,0.26,0,0,1,1
0.2,0.341,0.26,0,0,1,1
0.203,0.341,0.26,0,0,1,1
0.206,0.341,0.26,0,0,1,1
0.209,0.341,0.26,0,0,1,1
0.212,0.341,0.26,0,0,1,1
0.215,0.341,0.26,0,0,1,1
0.218,0.341,0.26,0,0,1,1
0.221,0.341,0.26,0,0,1,1
0.224,0.341,0.26,0,0,1,1
0.227,0.341,0.26,0,0,1,1
0.23,0.341,0.26,0,0,1,1
0.233,0.341,0.26,0,0,1,1
0.236,0.341,0.26,0,0,1,1
0.239,0.341,0.26,0,0,1,1
0.242,0.341,0.26,0,0,1,1
0.245,0.341,0.26,0,0,1,1
0.248,0.341,0.26,0,0,1,1
0.251,0.341,0.26,0,0,1,1
0.254,0.341,0.26,0,0,1,1
0.257,0.341,0.26,0,0,1,1
0.26,0.341,0.26,0,0,1,1
0.263,0.341,0.26,0,0,1,1
0.266,0.341,0.26,0,0,1,1
0.269,0.341,0.26,0,0,1,1
0.272,0.341,0.26,0,0,1,1
0.275,0.341,0.26,0,0,1,1
0.278,0.341,0.26,0,0,1,1
0.281,0.341,0.26,0,0,1,1
0.284,0.341,0.26,0,0,1,1
0.287,0.341,0.26,0,0,1,1
0.29,0.341,0.26,0,0,1,1
0.293,0.341,0.26,0,0,1,1
0.296,0.341,0.26,0,0,1,1
0.299,0.341,0.26,0,0,1,1
0.302,0.341,0.26,0,0,1,1
0.305,0.341,0.26,0,0,1,1
0.308,0.341,0.26,0,0,1,1
0.311,0.341,0.26,0,0,1,1
0.314,0.341,0.26,0,0,1,1
0.317,0.341,0.26,0,0,1,1
0.32,0.341,0.26,0,0,1,1
0.323,0.341,0.26,0,0,1,1
0.326,0.341,0.26,0,0,1,1
0.329,0.341,0.26,0,0,1,1
0.332,0.341,0.26,0,0,1,1
0.335,0.341,0.26,0,0,1,1
0.338,0.341,0.26,0,0,1,1
0.341,0.341,0.26,0,0,1,1
0.14,0.338,0.26,0,0,1,1
0.143,0.338,0.26,0,0,1,1
0.146,0.338,0.26,0,0,1,1
0.149,0.338,0.26,0,0,1,1
0.152,0.338,0.26,0,0,1,1
0.155,0.338,0.26,0,0,1,1
0.158,0.338,0.26,0,0,1,1
0.161,0.338,0.26,0,0,1,1
0.164,0.338,0.26,0,0,1,1
0.167,0.338,0.26,0,0,1,1
0.17,0.338,0.26,0,0,1,1
0.173,0.338,0.26,0,0,1,1
0.176,0.338,0.26,0,0,1,1
0.179,0.338,0.26,0,0,1,1
0.182,0.338,0.26,0,0,1,1
0.185,0.338,0.26,0,0,1,1
0.188,0.338,0.26,0,0,1,1
0.191,0.338,0.26,0,0,1,1
0.194,0.338,0.26,0,0,1,1
0.197,0.338,0.26,0,0,1,1
0.2,0.338,0.26,0,0,1,1
0.203,0.338,0.26,0,0,1,1
0.206,0.338,0.26,0,0,1,1
0.209,0.338,0.26,0,0,1,1
0.212,0.338,0.26,0,0,1,1
0.215,0.338,0.26,0,0,1,1
0.218,0.338,0.26,0,0,1,1
0.221,0.338,0.26,0,0,1,1
0.224,0.338,0.26,0,0,1,1
0.227,0.338,0.26,0,0,1,1
0.23,0.338,0.26,0,0,1,1
0.233,0.338,0.26,0,0,1,1
0.236,0.338,0.26,0,0,1,1
0.239,0.338,0.26,0,0,1,1
0.242,0.338,0.26,0,0,1,1
0.245,0.338,0.26,0,0,1,1
0.248,0.338,0.26,0,0,1,1
0.251,0.338,0.26,0,0,1,1
0.254,0.338,0.26,0,0,1,1
0.257,0.338,0.26,0,0,1,1
0.26,0.338,0.26,0,0,1,1
0.263,0.338,0.26,0,0,1,1
0.266,0.338,0.26,0,0,1,1
0.269,0.338,0.26,0,0,1,1
0.272,0.338,0.26,0,0,1,1
0.275,0.338,0.26,0,0,1,1
0.278,0.338,0.26,0,0,1,1
0.281,0.338,0.26,0,0,1,1
0.284,0.338,0.26,0,0,1,1
0.287,0.338,0.26,0,0,1,1
0.29,0.338,0.26,0,0,1,1
0.293,0.338,0.26,0,0,1,1
0.296,0.338,0.26,0,0,1,1
0.299,0.338,0.26,0,0,1,1
0.302,0.338,0.26,0,0,1,1
0.305,0.338,0.26,0,0,1,1
0.308,0.338,0.26,0,0,1,1
0.311,0.338,0.26,0,0,1,1
0.314,0.338,0.26,0,0,1,1
0.317,0.338,0.26,0,0,1,1
0.32,0.338,0.26,0,0,1,1
0.323,0.338,0.26,0,0,1,1
0.326,0.338,0.26,0,0,1,1
0.329,0.338,0.26,0,0,1,1
0.332,0.338,0.26,0,0,1,1
0.335,0.338,0.26,0,0,1,1
0.338,0.338,0.26,0,0,1,1
0.341,0.338,0.26,0,0,1,1
0.14,0.335,0.26,0,0,1,1
0.143,0.335,0.26,0,0,1,1
0.146,0.335,0.26,0,0,1,1
0.149,0.335,0.26,0,0,1,1
0.152,0.335,0.26,0,0,1,1
0.155,0.335,0.26,0,0,1,1
0.158,0.335,0.26,0,0,1,1
0.161,0.335,0.26,0,0,1,1
0.164,0.335,0.26,0,0,1,1
0.167,0.335,0.26,0,0,1,1
0.17,0.335,0.26,0,0,1,1
0.173,0.335,0.26,0,0,1,1
0.176,0.335,0.26,0,0,1,1
0.179,0.335,0.26,0,0,1,1
0.182,0.335,0.26,0,0,1,1
0.185,0.335,0.26,0,0,1,1
0.188,0.335,0.26,0,0,1,1
0.191,0.335,0.26,0,0,1,1
0.194,0.335,0.26,0,0,1,1
0.197,0.335,0.26,0,0,1,1
0.2,0.335,0.26,0,0,1,1
0.203,0.335,0.26,0,0,1,1
0.206,0.335,0.26,0,0,1,1
0.209,0.335,0.26,0,0,1,1
0.212,0.335,0.26,0,0,1,1
0.215,0.335,0.26,0,0,1,1
0.218,0.335,0.26,0,0,1,1
0.221,0.335,0.26,0,0,1,1
0.224,0.335,0.26,0,0,1,1
0.227,0.335,0.26,0,0,1,1
0.23,0.335,0.26,0,0,1,1
0.233,0.335,0.26,0,0,1,1
0.236,0.335,0.26,0,0,1,1
0.239,0.335,0.26,0,0,1,1
0.242,0.335,0.26,0,0,1,1
0.245,0.335,0.26,0,0,1,1
0.248,0.335,0.26,0,0,1,1
0.251,0.335,0.26,0,0,1,1
0.254,0.335,0.26,0,0,1,1
0.257,0.335,0.26,0,0,1,1
0.26,0.335,0.26,0,0,1,1
0.263,0.335,0.26,0,0,1,1
0.266,0.335,0.26,0,0,1,1
0.269,0.335,0.26,0,0,1,1
0.272,0.335,0.26,0,0,1,1
0.275,0.335,0.26,0,0,1,1
0.278,0.335,0.26,0,0,1,1
0.281,0.335,0.26,0,0,1,1
0.284,0.335,0.26,0,0,1,1
0.287,0.335,0.26,0,0,1,1
0.29,0.335,0.26,0,0,1,1
0.293,0.335,0.26,0,0,1,1
0.296,0.335,0.26,0,0,1,1
0.299,0.335,0.26,0,0,1,1
0.302,0.335,0.26,0,0,1,1
0.305,0.335,0.26,0,0,1,1
0.308,0.335,0.26,0,0,1,1
0.311,0.335,0.26,0,0,1,1
0.314,0.335,0.26,0,0,1,1
0.317,0.335,0.26,0,0,1,1
0.32,0.335,0.26,0,0,1,1
0.323,0.335,0.26,0,0,1,1
0.326,0.335,0.26,0,0,1,1
0.329,0.335,0.26,0,0,1,1
0.332,0.335,0.26,0,0,1,1
0.335,0.335,0.26,0,0,1,1
0.338,0.335,0.26,0,0,1,1
0.341,0.335,0.26,0,0,1,1
0.14,0.332,0.26,0,0,1,1
0.143,0.332,0.26,0,0,1,1
0.146,0.332,0.26,0,0,1,1
0.149,0.332,0.26,0,0,1,1
0.152,0.332,0.26,0,0,1,1
0.155,0.332,0.26,0,0,1,1
0.158,0.332,0.26,0,0,1,1
0.161,0.332,0.26,0,0,1,1
0.164,0.332,0.26,0,0,1,1
0.167,0.332,0.26,0,0,1,1
0.17,0.332,0.26,0,0,1,1
0.173,0.332,0.26,0,0,1,1
0.176,0.332,0.26,0,0,1,1
0.179,0.332,0.26,0,0,1,1
0.182,0.332,0.26,0,0,1,1
0.185,0.332,0.26,0,0,1,1
0.188,0.332,0.26,0,0,1,1
0.191,0.332,0.26,0,0,1,1
0.194,0.332,0.26,0,0,1,1
0.197,0.332,0.26,0,0,1,1
0.2,0.332,0.26,0,0,1,1
0.203,0.332,0.26,0,0,1,1
0.206,0.332,0.26,0,0,1,1
0.209,0.332,0.26,0,0,1,1
0.212,0.332,0.26,0,0,1,1
0.215,0.332,0.26,0,0,1,1
0.218,0.332,0.26,0,0,1,1
0.221,0.332,0.26,0,0,1,1
0.224,0.332,0.26,0,0,1,1
0.227,0.332,0.26,0,0,1,1
0.23,0.332,0.26,0,0,1,1
0.233,0.332,0.26,0,0,1,1
0.236,0.332,0.26,0,0,1,1
0.239,0.332,0.26,0,0,1,1
0.242,0.332,0.26,0,0,1,1
0.245,0.332,0.26,0,0,1,1
0.248,0.332,0.26,0,0,1,1
0.251,0.332,0.26,0,0,1,1
0.254,0.332,0.26,0,0,1,1
0.257,0.332,0.26,0,0,1,1
0.26,0.332,0.26,0,0,1,1
0.263,0.332,0.26,0,0,1,1
0.266,0.332,0.26,0,0,1,1
0.269,0.332,0.26,0,0,1,1
0.272,0.332,0.26,0,0,1,1
0.275,0.332,0.26,0,0,1,1
0.278,0.332,0.26,0,0,1,1
0.281,0.332,0.26,0,0,1,1
0.284,0.332,0.26,0,0,1,1
0.287,0.332,0.26,0,0,1,1
0.29,0.332,0.26,0,0,1,1
0.293,0.332,0.26,0,0,1,1
0.296,0.332,0.26,0,0,1,1
0.299,0.332,0.26,0,0,1,1
0.302,0.332,0.26,0,0,1,1
0.305,0.332,0.26,0,0,1,1
0.308,0.332,0.26,0,0,1,1
0.311,0.332,0.26,0,0,1,1
0.314,0.332,0.26,0,0,1,1
0.317,0.332,0.26,0,0,1,1
0.32,0.332,0.26,0,0,1,1
0.323,0.332,0.26,0,0,1,1
0.326,0.332,0.26,0,0,1,1
0.329,0.332,0.26,0,0,1,1
0.332,0.332,0.26,0,0,1,1
0.335,0.332,0.26,0,0,1,1
0.338,0.332,0.26,0,0,1,1
0.341,0.332,0.26,0,0,1,1
0.14,0.329,0.26,0,0,1,1
0.143,0.329,0.26,0,0,1,1
0.146,0.329,0.26,0,0,1,1
0.149,0.329,0.26,0,0,1,1
0.152,0.329,0.26,0,0,1,1
0.155,0.329,0.26,0,0,1,1
0.158,0.329,0.26,0,0,1,1
0.161,0.329,0.26,0,0,1,1
0.164,0.329,0.26,0,0,1,1
0.167,0.329,0.26,0,0,1,1
0.17,0.329,0.26,0,0,1,1
0.173,0.329,0.26,0,0,1,1
0.176,0.329,0.26,0,0,1,1
0.179,0.329,0.26,0,0,1,1
0.182,0.329,0.26,0,0,1,1
0.185,0.329,0.26,0,0,1,1
0.188,0.329,0.26,0,0,1,1
0.191,0.329,0.26,0,0,1,1
0.194,0.329,0.26,0,0,1,1
0.197,0.329,0.26,0,0,1,1
0.2,0.329,0.26,0,0,1,1
0.203,0.329,0.26,0,0,1,1
0.206,0.329,0.26,0,0,1,1
0.209,0.329,0.26,0,0,1,1
0.212,0.329,0.26,0,0,1,1
0.215,0.329,0.26,0,0,1,1
0.218,0.329,0.26,0,0,1,1
0.221,0.329,0.26,0,0,1,1
0.224,0.329,0.26,0,0,1,1
0.227,0.329,0.26,0,0,1,1
0.23,0.329,0.26,0,0,1,1
0.233,0.329,0.26,0,0,1,1
0.236,0.329,0.26,0,0,1,1
0.239,0.329,0.26,0,0,1,1
0.242,0.329,0.26,0,0,1,1
0.245,0.329,0.26,0,0,1,1
0.248,0.329,0.26,0,0,1,1
0.251,0.329,0.26,0,0,1,1
0.254,0.329,0.26,0,0,1,1
0.257,0.329,0.26,0,0,1,1
0.26,0.329,0.26,0,0,1,1
0.263,0.329,0.26,0,0,1,1
0.266,0.329,0.26,0,0,1,1
0.269,0.329,0.26,0,0,1,1
0.272,0.329,0.26,0,0,1,1
0.275,0.329,0.26,0,0,1,1
0.278,0.329,0.26,0,0,1,1
0.281,0.329,0.26,0,0,1,1
0.284,0.329,0.26,0,0,1,1
0.287,0.329,0.26,0,0,1,1
0.29,0.329,0.26,0,0,1,1
0.293,0.329,0.26,0,0,1,1
0.296,0.329,0.26,0,0,1,1
0.299,0.329,0.26,0,0,1,1
0.302,0.329,0.26,0,0,1,1
0.305,0.329,0.26,0,0,1,1
0.308,0.329,0.26,0,0,1,1
0.311,0.329,0.26,0,0,1,1
0.314,0.329,0.26,0,0,1,1
0.317,0.329,0.26,0,0,1,1
0.32,0.329,0.26,0,0,1,1
0.323,0.329,0.26,0,0,1,1
0.326,0.329,0.26,0,0,1,1
0.329,0.329,0.26,0,0,1,1
0.332,0.329,0.26,0,0,1,1
0.335,0.329,0.26,0,0,1,1
0.338,0.329,0.26,0,0,1,1
0.341,0.329,0.26,0,0,1,1
0.14,0.326,0.26,0,0,1,1
0.143,0.326,0.26,0,0,1,1
0.146,0.326,0.26,0,0,1,1
0.149,0.326,0.26,0,0,1,1
0.152,0.326,0.26,0,0,1,1
0.155,0.326,0.26,0,0,1,1
0.158,0.326,0.26,0,0,1,1
0.161,0.326,0.26,0,0,1,1
0.164,0.326,0.26,0,0,1,1
0.167,0.326,0.26,0,0,1,1
0.17,0.326,0.26,0,0,1,1
0.173,0.326,0.26,0,0,1,1
0.176,0.326,0.26,0,0,1,1
0.179,0.326,0.26,0,0,1,1
0.182,0.326,0.26,0,0,1,1
0.185,0.326,0.26,0,0,1,1
0.188,0.326,0.26,0,0,1,1
0.191,0.326,0.26,0,0,1,1
0.194,0.326,0.26,0,0,1,1
0.197,0.326,0.26,0,0,1,1
0.2,0.326,0.26,0,0,1,1
0.203,0.326,0.26,0,0,1,1
0.206,0.326,0.26,0,0,1,1
0.209,0.326,0.26,0,0,1,1
0.212,0.326,0.26,0,0,1,1
0.215,0.326,0.26,0,0,1,1
0.218,0.326,0.26,0,0,1,1
0.221,0.326,0.26,0,0,1,1
0.224,0.326,0.26,0,0,1,1
0.227,0.326,0.26,0,0,1,1
0.23,0.326,0.26,0,0,1,1
0.233,0.326,0.26,0,0,1,1
0.236,0.326,0.26,0,0,1,1
0.239,0.326,0.26,0,0,1,1
0.242,0.326,0.26,0,0,1,1
0.245,0.326,0.26,0,0,1,1
0.248,0.326,0.26,0,0,1,1
0.251,0.326,0.26,0,0,1,1
0.254,0.326,0.26,0,0,1,1
0.257,0.326,0.26,0,0,1,1
0.26,0.326,0.26,0,0,1,1
0.263,0.326,0.26,0,0,1,1
0.266,0.326,0.26,0,0,1,1
0.269,0.326,0.26,0,0,1,1
0.272,0.326,0.26,0,0,1,1
0.275,0.326,0.26,0,0,1,1
0.278,0.326,0.26,0,0,1,1
0.281,0.326,0.26,0,0,1,1
0.284,0.326,0.26,0,0,1,1
0.287,0.326,0.26,0,0,1,1
0.29,0.326,0.26,0,0,1,1
0.293,0.326,0.26,0,0,1,1
0.296,0.326,0.26,0,0,1,1
0.299,0.326,0.26,0,0,1,1
0.302,0.326,0.26,0,0,1,1
0.305,0.326,0.26,0,0,1,1
0.308,0.326,0.26,0,0,1,1
0.311,0.326,0.26,0,0,1,1
0.314,0.326,0.26,0,0,1,1
0.317,0.326,0.26,0,0,1,1
0.32,0.326,0.26,0,0,1,1
0.323,0.326,0.26,0,0,1,1
0.326,0.326,0.26,0,0,1,1
0.329,0.326,0.26,0,0,1,1
0.332,0.326,0.26,0,0,1,1
0.335,0.326,0.26,0,0,1,1
0.338,0.326,0.26,0,0,1,1
0.341,0.326,0.26,0,0,1,1
0.14,0.323,0.26,0,0,1,1
0.143,0.323,0.26,0,0,1,1
0.146,0.323,0.26,0,0,1,1
0.149,0.323,0.26,0,0,1,1
0.152,0.323,0.26,0,0,1,1
0.155,0.323,0.26,0,0,1,1
0.158,0.323,0.26,0,0,1,1
0.161,0.323,0.26,0,0,1,1
0.164,0.323,0.26,0,0,1,1
0.167,0.323,0.26,0,0,1,1
0.17,0.323,0.26,0,0,1,1
0.173,0.323,0.26,0,0,1,1
0.176,0.323,0.26,0,0,1,1
0.179,0.323,0.26,0,0,1,1
0.182,0.323,0.26,0,0,1,1
0.185,0.323,0.26,0,0,1,1
0.188,0.323,0.26,0,0,1,1
0.191,0.323,0.26,0,0,1,1
0.194,0.323,0.26,0,0,1,1
0.197,0.323,0.26,0,0,1,1
0.2,0.323,0.26,0,0,1,1
0.203,0.323,0.26,0,0,1,1
0.206,0.323,0.26,0,0,1,1
0.209,0.323,0.26,0,0,1,1
0.212,0.323,0.26,0,0,1,1
0.215,0.323,0.26,0,0,1,1
0.218,0.323,0.26,0,0,1,1
0.221,0.323,0.26,0,0,1,1
0.224,0.323,0.26,0,0,1,1
0.227,0.323,0.26,0,0,1,1
0.23,0.323,0.26,0,0,1,1
0.233,0.323,0.26,0,0,1,1
0.236,0.323,0.26,0,0,1,1
0.239,0.323,0.26,0,0,1,1
0.242,0.323,0.26,0,0,1,1
0.245,0.323,0.26,0,0,1,1
0.248,0.323,0.26,0,0,1,1
0.251,0.323,0.26,0,0,1,1
0.254,0.323,0.26,0,0,1,1
0.257,0.323,0.26,0,0,1,1
0.26,0.323,0.26,0,0,1,1
0.263,0.323,0.26,0,0,1,1
0.266,0.323,0.26,0,0,1,1
0.269,0.323,0.26,0,0,1,1
0.272,0.323,0.26,0,0,1,1
0.275,0.323,0.26,0,0,1,1
0.278,0.323,0.26,0,0,1,1
0.281,0.323,0.26,0,0,1,1
0.284,0.323,0.26,0,0,1,1
0.287,0.323,0.26,0,0,1,1
0.29,0.323,0.26,0,0,1,1
0.293,0.323,0.26,0,0,1,1
0.296,0.323,0.26,0,0,1,1
0.299,0.323,0.26,0,0,1,1
0.302,0.323,0.26,0,0,1,1
0.305,0.323,0.26,0,0,1,1
0.308,0.323,0.26,0,0,1,1
0.311,0.323,0.26,0,0,1,1
0.314,0.323,0.26,0,0,1,1
0.317,0.323,0.26,0,0,1,1
0.32,0.323,0.26,0,0,1,1
0.323,0.323,0.26,0,0,1,1
0.326,0.323,0.26,0,0,1,1
0.329,0.323,0.26,0,0,1,1
0.332,0.323,0.26,0,0,1,1
0.335,0.323,0.26,0,0,1,1
0.338,0.323,0.26,0,0,1,1
0.341,0.323,0.26,0,0,1,1
0.14,0.32,0.26,0,0,1,1
0.143,0.32,0.26,0,0,1,1
0.146,0.32,0.26,0,0,1,1
0.149,0.32,0.26,0,0,1,1
0.152,0.32,0.26,0,0,1,1
0.155,0.32,0.26,0,0,1,1
0.158,0.32,0.26,0,0,1,1
0.161,0.32,0.26,0,0,1,1
0.164,0.32,0.26,0,0,1,1
0.167,0.32,0.26,0,0,1,1
0.17,0.32,0.26,0,0,1,1
0.173,0.32,0.26,0,0,1,1
0.176,0.32,0.26,0,0,1,1
0.179,0.32,0.26,0,0,1,1
0.182,0.32,0.26,0,0,1,1
0.185,0.32,0.26,0,0,1,1
0.188,0.32,0.26,0,0,1,1
0.191,0.32,0.26,0,0,1,1
0.194,0.32,0.26,0,0,1,1
0.197,0.32,0.26,0,0,1,1
0.2,0.32,0.26,0,0,1,1
0.203,0.32,0.26,0,0,1,1
0.206,0.32,0.26,0,0,1,1
0.209,0.32,0.26,0,0,1,1
0.212,0.32,0.26,0,0,1,1
0.215,0.32,0.26,0,0,1,1
0.218,0.32,0.26,0,0,1,1
0.221,0.32,0.26,0,0,1,1
0.224,0.32,0.26,0,0,1,1
0.227,0.32,0.26,0,0,1,1
0.23,0.32,0.26,0,0,1,1
0.233,0.32,0.26,0,0,1,1
0.236,0.32,0.26,0,0,1,1
0.239,0.32,0.26,0,0,1,1
0.242,0.32,0.26,0,0,1,1
0.245,0.32,0.26,0,0,1,1
0.248,0.32,0.26,0,0,1,1
0.251,0.32,0.26,0,0,1,1
0.254,0.32,0.26,0,0,1,1
0.257,0.32,0.26,0,0,1,1
0.26,0.32,0.26,0,0,1,1
0.263,0.32,0.26,0,0,1,1
0.266,0.32,0.26,0,0,1,1
0.269,0.32,0.26,0,0,1,1
0.272,0.32,0.26,0,0,1,1
0.275,0.32,0.26,0,0,1,1
0.278,0.32,0.26,0,0,1,1
0.281,0.32,0.26,0,0,1,1
0.284,0.32,0.26,0,0,1,1
0.287,0.32,0.26,0,0,1,1
0.29,0.32,0.26,0,0,1,1
0.293,0.32,0.26,0,0,1,1
0.296,0.32,0.26,0,0,1,1
0.299,0.32,0.26,0,0,1,1
0.302,0.32,0.26,0,0,1,1
0.305,0.32,0.26,0,0,1,1
0.308,0.32,0.26,0,0,1,1
0.311,0.32,0.26,0,0,1,1
0.314,0.32,0.26,0,0,1,1
0.317,0.32,0.26,0,0,1,1
0.32,0.32,0.26,0,0,1,1
0.323,0.32,0.26,0,0,1,1
0.326,0.32,0.26,0,0,1,1
0.329,0.32,0.26,0,0,1,1
0.332,0.32,0.26,0,0,1,1
0.335,0.32,0.26,0,0,1,1
0.338,0.32,0.26,0,0,1,1
0.341,0.32,0.26,0,0,1,1
0.14,0.317,0.26,0,0,1,1
0.143,0.317,0.26,0,0,1,1
0.146,0.317,0.26,0,0,1,1
0.149,0.317,0.26,0,0,1,1
0.152,0.317,0.26,0,0,1,1
0.155,0.317,0.26,0,0,1,1
0.158,0.317,0.26,0,0,1,1
0.161,0.317,0.26,0,0,1,1
0.164,0.317,0.26,0,0,1,1
0.167,0.317,0.26,0,0,1,1
0.17,0.317,0.26,0,0,1,1
0.173,0.317,0.26,0,0,1,1
0.176,0.317,0.26,0,0,1,1
0.179,0.317,0.26,0,0,1,1
0.182,0.317,0.26,0,0,1,1
0.185,0.317,0.26,0,0,1,1
0.188,0.317,0.26,0,0,1,1
0.191,0.317,0.26,0,0,1,1
0.194,0.317,0.26,0,0,1,1
0.197,0.317,0.26,0,0,1,1
0.2,0.317,0.26,0,0,1,1
0.203,0.317,0.26,0,0,1,1
0.206,0.317,0.26,0,0,1,1
0.209,0.317,0.26,0,0,1,1
0.212,0.317,0.26,0,0,1,1
0.215,0.317,0.26,0,0,1,1
0.218,0.317,0.26,0,0,1,1
0.221,0.317,0.26,0,0,1,1
0.224,0.317,0.26,0,0,1,1
0.227,0.317,0.26,0,0,1,1
0.23,0.317,0.26,0,0,1,1
0.233,0.317,0.26,0,0,1,1
0.236,0.317,0.26,0,0,1,1
0.239,0.317,0.26,0,0,1,1
0.242,0.317,0.26,0,0,1,1
0.245,0.317,0.26,0,0,1,1
0.248,0.317,0.26,0,0,1,1
0.251,0.317,0.26,0,0,1,1
0.254,0.317,0.26,0,0,1,1
0.257,0.317,0.26,0,0,1,1
0.26,0.317,0.26,0,0,1,1
0.263,0.317,0.26,0,0,1,1
0.266,0.317,0.26,0,0,1,1
0.269,0.317,0.26,0,0,1,1
0.272,0.317,0.26,0,0,1,1
0.275,0.317,0.26,0,0,1,1
0.278,0.317,0.26,0,0,1,1
0.281,0.317,0.26,0,0,1,1
0.284,0.317,0.26,0,0,1,1
0.287,0.317,0.26,0,0,1,1
0.29,0.317,0.26,0,0,1,1
0.293,0.317,0.26,0,0,1,1
0.296,0.317,0.26,0,0,1,1
0.299,0.317,0.26,0,0,1,1
0.302,0.317,0.26,0,0,1,1
0.305,0.317,0.26,0,0,1,1
0.308,0.317,0.26,0,0,1,1
0.311,0.317,0.26,0,0,1,1
0.314,0.317,0.26,0,0,1,1
0.317,0.317,0.26,0,0,1,1
0.32,0.317,0.26,0,0,1,1
0.323,0.317,0.26,0,0,1,1
0.326,0.317,0.26,0,0,1,1
0.329,0.317,0.26,0,0,1,1
0.332,0.317,0.26,0,0,1,1
0.335,0.317,0.26,0,0,1,1
0.338,0.317,0.26,0,0,1,1
0.341,0.317,0.26,0,0,1,1
0.14,0.314,0.26,0,0,1,1
0.143,0.314,0.26,0,0,1,1
0.146,0.314,0.26,0,0,1,1
0.149,0.314,0.26,0,0,1,1
0.152,0.314,0.26,0,0,1,1
0.155,0.314,0.26,0,0,1,1
0.158,0.314,0.26,0,0,1,1
0.161,0.314,0.26,0,0,1,1
0.164,0.314,0.26,0,0,1,1
0.167,0.314,0.26,0,0,1,1
0.17,0.314,0.26,0,0,1,1
0.173,0.314,0.26,0,0,1,1
0.176,0.314,0.26,0,0,1,1
0.179,0.314,0.26,0,0,1,1
0.182,0.314,0.26,0,0,1,1
0.185,0.314,0.26,0,0,1,1
0.188,0.314,0.26,0,0,1,1
0.191,0.314,0.26,0,0,1,1
0.194,0.314,0.26,0,0,1,1
0.197,0.314,0.26,0,0,1,1
0.2,0.314,0.26,0,0,1,1
0.203,0.314,0.26,0,0,1,1
0.206,0.314,0.26,0,0,1,1
0.209,0.314,0.26,0,0,1,1
0.212,0.314,0.26,0,0,1,1
0.215,0.314,0.26,0,0,1,1
0.218,0.314,0.26,0,0,1,1
0.221,0.314,0.26,0,0,1,1
0.224,0.314,0.26,0,0,1,1
0.227,0.314,0.26,0,0,1,1
0.23,0.314,0.26,0,0,1,1
0.233,0.314,0.26,0,0,1,1
0.236,0.314,0.26,0,0,1,1
0.239,0.314,0.26,0,0,1,1
0.242,0.314,0.26,0,0,1,1
0.245,0.314,0.26,0,0,1,1
0.248,0.314,0.26,0,0,1,1
0.251,0.314,0.26,0,0,1,1
0.254,0.314,0.26,0,0,1,1
0.257,0.314,0.26,0,0,1,1
0.26,0.314,0.26,0,0,1,1
0.263,0.314,0.26,0,0,1,1
0.266,0.314,0.26,0,0,1,1
0.269,0.314,0.26,0,0,1,1
0.272,0.314,0.26,0,0,1,1
0.275,0.314,0.26,0,0,1,1
0.278,0.314,0.26,0,0,1,1
0.281,0.314,0.26,0,0,1,1
0.284,0.314,0.26,0,0,1,1
0.287,0.314,0.26,0,0,1,1
0.29,0.314,0.26,0,0,1,1
0.293,0.314,0.26,0,0,1,1
0.296,0.314,0.26,0,0,1,1
0.299,0.314,0.26,0,0,1,1
0.302,0.314,0.26,0,0,1,1
0.305,0.314,0.26,0,0,1,1
0.308,0.314,0.26,0,0,1,1
0.311,0.314,0.26,0,0,1,1
0.314,0.314,0.26,0,0,1,1
0.317,0.314,0.26,0,0,1,1
0.32,0.314,0.26,0,0,1,1
0.323,0.314,0.26,0,0,1,1
0.326,0.314,0.26,0,0,1,1
0.329,0.314,0.26,0,0,1,1
0.332,0.314,0.26,0,0,1,1
0.335,0.314,0.26,0,0,1,1
0.338,0.314,0.26,0,0,1,1
0.341,0.314,0.26,0,0,1,1
0.14,0.311,0.26,0,0,1,1
0.143,0.311,0.26,0,0,1,1
0.146,0.311,0.26,0,0,1,1
0.149,0.311,0.26,0,0,1,1
0.152,0.311,0.26,0,0,1,1
0.155,0.311,0.26,0,0,1,1
0.158,0.311,0.26,0,0,1,1
0.161,0.311,0.26,0,0,1,1
0.164,0.311,0.26,0,0,1,1
0.167,0.311,0.26,0,0,1,1
0.17,0.311,0.26,0,0,1,1
0.173,0.311,0.26,0,0,1,1
0.176,0.311,0.26,0,0,1,1
0.179,0.311,0.26,0,0,1,1
0.182,0.311,0.26,0,0,1,1
0.185,0.311,0.26,0,0,1,1
0.188,0.311,0.26,0,0,1,1
0.191,0.311,0.26,0,0,1,1
0.194,0.311,0.26,0,0,1,1
0.197,0.311,0.26,0,0,1,1
0.2,0.311,0.26,0,0,1,1
0.203,0.311,0.26,0,0,1,1
0.206,0.311,0.26,0,0,1,1
0.209,0.311,0.26,0,0,1,1
0.212,0.311,0.26,0,0,1,1
0.215,0.311,0.26,0,0,1,1
0.218,0.311,0.26,0,0,1,1
0.221,0.311,0.26,0,0,1,1
0.224,0.311,0.26,0,0,1,1
0.227,0.311,0.26,0,0,1,1
0.23,0.311,0.26,0,0,1,1
0.233,0.311,0.26,0,0,1,1
0.236,0.311,0.26,0,0,1,1
0.239,0.311,0.26,0,0,1,1
0.242,0.311,0.26,0,0,1,1
0.245,0.311,0.26,0,0,1,1
0.248,0.311,0.26,0,0,1,1
0.251,0.311,0.26,0,0,1,1
0.254,0.311,0.26,0,0,1,1
0.257,0.311,0.26,0,0,1,1
0.26,0.311,0.26,0,0,1,1
0.263,0.311,0.26,0,0,1,1
0.266,0.311,0.26,0,0,1,1
0.269,0.311,0.26,0,0,1,1
0.272,0.311,0.26,0,0,1,1
0.275,0.311,0.26,0,0,1,1
0.278,0.311,0.26,0,0,1,1
0.281,0.311,0.26,0,0,1,1
0.284,0.311,0.26,0,0,1,1
0.287,0.311,0.26,0,0,1,1
0.29,0.311,0.26,0,0,1,1
0.293,0.311,0.26,0,0,1,1
0.296,0.311,0.26,0,0,1,1
0.299,0.311,0.26,0,0,1,1
0.302,0.311,0.26,0,0,1,1
0.305,0.311,0.26,0,0,1,1
0.308,0.311,0.26,0,0,1,1
0.311,0.311,0.26,0,0,1,1
0.314,0.311,0.26,0,0,1,1
0.317,0.311,0.26,0,0,1,1
0.32,0.311,0.26,0,0,1,1
0.323,0.311,0.26,0,0,1,1
0.326,0.311,0.26,0,0,1,1
0.329,0.311,0.26,0,0,1,1
0.332,0.311,0.26,0,0,1,1
0.335,0.311,0.26,0,0,1,1
0.338,0.311,0.26,0,0,1,1
0.341,0.311,0.26,0,0,1,1
0.14,0.308,0.26,0,0,1,1
0.143,0.308,0.26,0,0,1,1
0.146,0.308,0.26,0,0,1,1
0.149,0.308,0.26,0,0,1,1
0.152,0.308,0.26,0,0,1,1
0.155,0.308,0.26,0,0,1,1
0.158,0.308,0.26,0,0,1,1
0.161,0.308,0.26,0,0,1,1
0.164,0.308,0.26,0,0,1,1
0.167,0.308,0.26,0,0,1,1
0.17,0.308,0.26,0,0,1,1
0.173,0.308,0.26,0,0,1,1
0.176,0.308,0.26,0,0,1,1
0.179,0.308,0.26,0,0,1,1
0.182,0.308,0.26,0,0,1,1
0.185,0.308,0.26,0,0,1,1
0.188,0.308,0.26,0,0,1,1
0.191,0.308,0.26,0,0,1,1
0.194,0.308,0.26,0,0,1,1
0.197,0.308,0.26,0,0,1,1
0.2,0.308,0.26,0,0,1,1
0.203,0.308,0.26,0,0,1,1
0.206,0.308,0.26,0,0,1,1
0.209,0.308,0.26,0,0,1,1
0.212,0.308,0.26,0,0,1,1
0.215,0.308,0.26,0,0,1,1
0.218,0.308,0.26,0,0,1,1
0.221,0.308,0.26,0,0,1,1
0.224,0.308,0.26,0,0,1,1
0.227,0.308,0.26,0,0,1,1
0.23,0.308,0.26,0,0,1,1
0.233,0.308,0.26,0,0,1,1
0.236,0.308,0.26,0,0,1,1
0.239,0.308,0.26,0,0,1,1
0.242,0.308,0.26,0,0,1,1
0.245,0.308,0.26,0,0,1,1
0.248,0.308,0.26,0,0,1,1
0.251,0.308,0.26,0,0,1,1
0.254,0.308,0.26,0,0,1,1
0.257,0.308,0.26,0,0,1,1
0.26,0.308,0.26,0,0,1,1
0.263,0.308,0.26,0,0,1,1
0.266,0.308,0.26,0,0,1,1
0.269,0.308,0.26,0,0,1,1
0.272,0.308,0.26,0,0,1,1
0.275,0.308,0.26,0,0,1,1
0.278,0.308,0.26,0,0,1,1
0.281,0.308,0.26,0,0,1,1
0.284,0.308,0.26,0,0,1,1
0.287,0.308,0.26,0,0,1,1
0.29,0.308,0.26,0,0,1,1
0.293,0.308,0.26,0,0,1,1
0.296,0.308,0.26,0,0,1,1
0.299,0.308,0.26,0,0,1,1
0.302,0.308,0.26,0,0,1,1
0.305,0.308,0.26,0,0,1,1
0.308,0.308,0.26,0,0,1,1
0.311,0.308,0.26,0,0,1,1
0.314,0.308,0.26,0,0,1,1
0.317,0.308,0.26,0,0,1,1
0.32,0.308,0.26,0,0,1,1
0.323,0.308,0.26,0,0,1,1
0.326,0.308,0.26,0,0,1,1
0.329,0.308,0.26,0,0,1,1
0.332,0.308,0.26,0,0,1,1
0.335,0.308,0.26,0,0,1,1
0.338,0.308,0.26,0,0,1,1
0.341,0.308,0.26,0,0,1,1
0.14,0.305,0.26,0,0,1,1
0.143,0.305,0.26,0,0,1,1
0.146,0.305,0.26,0,0,1,1
0.149,0.305,0.26,0,0,1,1
0.152,0.305,0.26,0,0,1,1
0.155,0.305,0.26,0,0,1,1
0.158,0.305,0.26,0,0,1,1
0.161,0.305,0.26,0,0,1,1
0.164,0.305,0.26,0,0,1,1
0.167,0.305,0.26,0,0,1,1
0.17,0.305,0.26,0,0,1,1
0.173,0.305,0.26,0,0,1,1
0.176,0.305,0.26,0,0,1,1
0.179,0.305,0.26,0,0,1,1
0.182,0.305,0.26,0,0,1,1
0.185,0.305,0.26,0,0,1,1
0.188,0.305,0.26,0,0,1,1
0.191,0.305,0.26,0,0,1,1
0.194,0.305,0.26,0,0,1,1
0.197,0.305,0.26,0,0,1,1
0.2,0.305,0.26,0,0,1,1
0.203,0.305,0.26,0,0,1,1
0.206,0.305,0.26,0,0,1,1
0.209,0.305,0.26,0,0,1,1
0.212,0.305,0.26,0,0,1,1
0.215,0.305,0.26,0,0,1,1
0.218,0.305,0.26,0,0,1,1
0.221,0.305,0.26,0,0,1,1
0.224,0.305,0.26,0,0,1,1
0.227,0.305,0.26,0,0,1,1
0.23,0.305,0.26,0,0,1,1
0.233,0.305,0.26,0,0,1,1
0.236,0.305,0.26,0,0,1,1
0.239,0.305,0.26,0,0,1,1
0.242,0.305,0.26,0,0,1,1
0.245,0.305,0.26,0,0,1,1
0.248,0.305,0.26,0,0,1,1
0.251,0.305,0.26,0,0,1,1
0.254,0.305,0.26,0,0,1,1
0.257,0.305,0.26,0,0,1,1
0.26,0.305,0.26,0,0,1,1
0.263,0.305,0.26,0,0,1,1
0.266,0.305,0.26,0,0,1,1
0.269,0.305,0.26,0,0,1,1
0.272,0.305,0.26,0,0,1,1
0.275,0.305,0.26,0,0,1,1
0.278,0.305,0.26,0,0,1,1
0.281,0.305,0.26,0,0,1,1
0.284,0.305,0.26,0,0,1,1
0.287,0.305,0.26,0,0,1,1
0.29,0.305,0.26,0,0,1,1
0.293,0.305,0.26,0,0,1,1
0.296,0.305,0.26,0,0,1,1
0.299,0.305,0.26,0,0,1,1
0.302,0.305,0.26,0,0,1,1
0.305,0.305,0.26,0,0,1,1
0.308,0.305,0.26,0,0,1,1
0.311,0.305,0.26,0,0,1,1
0.314,0.305,0.26,0,0,1,1
0.317,0.305,0.26,0,0,1,1
0.32,0.305,0.26,0,0,1,1
0.323,0.305,0.26,0,0,1,1
0.326,0.305,0.26,0,0,1,1
0.329,0.305,0.26,0,0,1,1
0.332,0.305,0.26,0,0,1,1
0.335,0.305,0.26,0,0,1,1
0.338,0.305,0.26,0,0,1,1
0.341,0.305,0.26,0,0,1,1
0.14,0.302,0.26,0,0,1,1
0.143,0.302,0.26,0,0,1,1
0.146,0.302,0.26,0,0,1,1
0.149,0.302,0.26,0,0,1,1
0.152,0.302,0.26,0,0,1,1
0.155,0.302,0.26,0,0,1,1
0.158,0.302,0.26,0,0,1,1
0.161,0.302,0.26,0,0,1,1
0.164,0.302,0.26,0,0,1,1
0.167,0.302,0.26,0,0,1,1
0.17,0.302,0.26,0,0,1,1
0.173,0.302,0.26,0,0,1,1
0.176,0.302,0.26,0,0,1,1
0.179,0.302,0.26,0,0,1,1
0.182,0.302,0.26,0,0,1,1
0.185,0.302,0.26,0,0,1,1
0.188,0.302,0.26,0,0,1,1
0.191,0.302,0.26,0,0,1,1
0.194,0.302,0.26,0,0,1,1
0.197,0.302,0.26,0,0,1,1
0.2,0.302,0.26,0,0,1,1
0.203,0.302,0.26,0,0,1,1
0.206,0.302,0.26,0,0,1,1
0.209,0.302,0.26,0,0,1,1
0.212,0.302,0.26,0,0,1,1
0.215,0.302,0.26,0,0,1,1
0.218,0.302,0.26,0,0,1,1
0.221,0.302,0.26,0,0,1,1
0.224,0.302,0.26,0,0,1,1
0.227,0.302,0.26,0,0,1,1
0.23,0.302,0.26,0,0,1,1
0.233,0.302,0.26,0,0,1,1
0.236,0.302,0.26,0,0,1,1
0.239,0.302,0.26,0,0,1,1
0.242,0.302,0.26,0,0,1,1
0.245,0.302,0.26,0,0,1,1
0.248,0.302,0.26,0,0,1,1
0.251,0.302,0.26,0,0,1,1
0.254,0.302,0.26,0,0,1,1
0.257,0.302,0.26,0,0,1,1
0.26,0.302,0.26,0,0,1,1
0.263,0.302,0.26,0,0,1,1
0.266,0.302,0.26,0,0,1,1
0.269,0.302,0.26,0,0,1,1
0.272,0.302,0.26,0,0,1,1
0.275,0.302,0.26,0,0,1,1
0.278,0.302,0.26,0,0,1,1
0.281,0.302,0.26,0,0,1,1
0.284,0.302,0.26,0,0,1,1
0.287,0.302,0.26,0,0,1,1
0.29,0.302,0.26,0,0,1,1
0.293,0.302,0.26,0,0,1,1
0.296,0.302,0.26,0,0,1,1
0.299,0.302,0.26,0,0,1,1
0.302,0.302,0.26,0,0,1,1
0.305,0.302,0.26,0,0,1,1
0.308,0.302,0.26,0,0,1,1
0.311,0.302,0.26,0,0,1,1
0.314,0.302,0.26,0,0,1,1
0.317,0.302,0.26,0,0,1,1
0.32,0.302,0.26,0,0,1,1
0.323,0.302,0.26,0,0,1,1
0.326,0.302,0.26,0,0,1,1
0.329,0.302,0.26,0,0,1,1
0.332,0.302,0.26,0,0,1,1
0.335,0.302,0.26,0,0,1,1
0.338,0.302,0.26,0,0,1,1
0.341,0.302,0.26,0,0,1,1
0.14,0.299,0.26,0,0,1,1
0.143,0.299,0.26,0,0,1,1
0.146,0.299,0.26,0,0,1,1
0.149,0.299,0.26,0,0,1,1
0.152,0.299,0.26,0,0,1,1
0.155,0.299,0.26,0,0,1,1
0.158,0.299,0.26,0,0,1,1
0.161,0.299,0.26,0,0,1,1
0.164,0.299,0.26,0,0,1,1
0.167,0.299,0.26,0,0,1,1
0.17,0.299,0.26,0,0,1,1
0.173,0.299,0.26,0,0,1,1
0.176,0.299,0.26,0,0,1,1
0.179,0.299,0.26,0,0,1,1
0.182,0.299,0.26,0,0,1,1
0.185,0.299,0.26,0,0,1,1
0.188,0.299,0.26,0,0,1,1
0.191,0.299,0.26,0,0,1,1
0.194,0.299,0.26,0,0,1,1
0.197,0.299,0.26,0,0,1,1
0.2,0.299,0.26,0,0,1,1
0.203,0.299,0.26,0,0,1,1
0.206,0.299,0.26,0,0,1,1
0.209,0.299,0.26,0,0,1,1
0.212,0.299,0.26,0,0,1,1
0.215,0.299,0.26,0,0,1,1
0.218,0.299,0.26,0,0,1,1
0.221,0.299,0.26,0,0,1,1
0.224,0.299,0.26,0,0,1,1
0.227,0.299,0.26,0,0,1,1
0.23,0.299,0.26,0,0,1,1
0.233,0.299,0.26,0,0,1,1
0.236,0.299,0.26,0,0,1,1
0.239,0.299,0.26,0,0,1,1
0.242,0.299,0.26,0,0,1,1
0.245,0.299,0.26,0,0,1,1
0.248,0.299,0.26,0,0,1,1
0.251,0.299,0.26,0,0,1,1
0.254,0.299,0.26,0,0,1,1
0.257,0.299,0.26,0,0,1,1
0.26,0.299,0.26,0,0,1,1
0.263,0.299,0.26,0,0,1,1
0.266,0.299,0.26,0,0,1,1
0.269,0.299,0.26,0,0,1,1
0.272,0.299,0.26,0,0,1,1
0.275,0.299,0.26,0,0,1,1
0.278,0.299,0.26,0,0,1,1
0.281,0.299,0.26,0,0,1,1
0.284,0.299,0.26,0,0,1,1
0.287,0.299,0.26,0,0,1,1
0.29,0.299,0.26,0,0,1,1
0.293,0.299,0.26,0,0,1,1
0.296,0.299,0.26,0,0,1,1
0.299,0.299,0.26,0,0,1,1
0.302,0.299,0.26,0,0,1,1
0.305,0.299,0.26,0,0,1,1
0.308,0.299,0.26,0,0,1,1
0.311,0.299,0.26,0,0,1,1
0.314,0.299,0.26,0,0,1,1
0.317,0.299,0.26,0,0,1,1
0.32,0.299,0.26,0,0,1,1
0.323,0.299,0.26,0,0,1,1
0.326,0.299,0.26,0,0,1,1
0.329,0.299,0.26,0,0,1,1
0.332,0.299,0.26,0,0,1,1
0.335,0.299,0.26,0,0,1,1
0.338,0.299,0.26,0,0,1,1
0.341,0.299,0.26,0,0,1,1
0.14,0.296,0.26,0,0,1,1
0.143,0.296,0.26,0,0,1,1
0.146,0.296,0.26,0,0,1,1
0.149,0.296,0.26,0,0,1,1
0.152,0.296,0.26,0,0,1,1
0.155,0.296,0.26,0,0,1,1
0.158,0.296,0.26,0,0,1,1
0.161,0.296,0.26,0,0,1,1
0.164,0.296,0.26,0,0,1,1
0.167,0.296,0.26,0,0,1,1
0.17,0.296,0.26,0,0,1,1
0.173,0.296,0.26,0,0,1,1
0.176,0.296,0.26,0,0,1,1
0.179,0.296,0.26,0,0,1,1
0.182,0.296,0.26,0,0,1,1
0.185,0.296,0.26,0,0,1,1
0.188,0.296,0.26,0,0,1,1
0.191,0.296,0.26,0,0,1,1
0.194,0.296,0.26,0,0,1,1
0.197,0.296,0.26,0,0,1,1
0.2,0.296,0.26,0,0,1,1
0.203,0.296,0.26,0,0,1,1
0.206,0.296,0.26,0,0,1,1
0.209,0.296,0.26,0,0,1,1
0.212,0.296,0.26,0,0,1,1
0.215,0.296,0.26,0,0,1,1
0.218,0.296,0.26,0,0,1,1
0.221,0.296,0.26,0,0,1,1
0.224,0.296,0.26,0,0,1,1
0.227,0.296,0.26,0,0,1,1
0.23,0.296,0.26,0,0,1,1
0.233,0.296,0.26,0,0,1,1
0.236,0.296,0.26,0,0,1,1
0.239,0.296,0.26,0,0,1,1
0.242,0.296,0.26,0,0,1,1
0.245,0.296,0.26,0,0,1,1
0.248,0.296,0.26,0,0,1,1
0.251,0.296,0.26,0,0,1,1
0.254,0.296,0.26,0,0,1,1
0.257,0.296,0.26,0,0,1,1
0.26,0.296,0.26,0,0,1,1
0.263,0.296,0.26,0,0,1,1
0.266,0.296,0.26,0,0,1,1
0.269,0.296,0.26,0,0,1,1
0.272,0.296,0.26,0,0,1,1
0.275,0.296,0.26,0,0,1,1
0.278,0.296,0.26,0,0,1,1
0.281,0.296,0.26,0,0,1,1
0.284,0.296,0.26,0,0,1,1
0.287,0.296,0.26,0,0,1,1
0.29,0.296,0.26,0,0,1,1
0.293,0.296,0.26,0,0,1,1
0.296,0.296,0.26,0,0,1,1
0.299,0.296,0.26,0,0,1,1
0.302,0.296,0.26,0,0,1,1
0.305,0.296,0.26,0,0,1,1
0.308,0.296,0.26,0,0,1,1
0.311,0.296,0.26,0,0,1,1
0.314,0.296,0.26,0,0,1,1
0.317,0.296,0.26,0,0,1,1
0.32,0.296,0.26,0,0,1,1
0.323,0.296,0.26,0,0,1,1
0.326,0.296,0.26,0,0,1,1
0.329,0.296,0.26,0,0,1,1
0.332,0.296,0.26,0,0,1,1
0.335,0.296,0.26,0,0,1,1
0.338,0.296,0.26,0,0,1,1
0.341,0.296,0.26,0,0,1,1
0.14,0.293,0.26,0,0,1,1
0.143,0.293,0.26,0,0,1,1
0.146,0.293,0.26,0,0,1,1
0.149,0.293,0.26,0,0,1,1
0.152,0.293,0.26,0,0,1,1
0.155,0.293,0.26,0,0,1,1
0.158,0.293,0.26,0,0,1,1
0.161,0.293,0.26,0,0,1,1
0.164,0.293,0.26,0,0,1,1
0.167,0.293,0.26,0,0,1,1
0.17,0.293,0.26,0,0,1,1
0.173,0.293,0.26,0,0,1,1
0.176,0.293,0.26,0,0,1,1
0.179,0.293,0.26,0,0,1,1
0.182,0.293,0.26,0,0,1,1
0.185,0.293,0.26,0,0,1,1
0.188,0.293,0.26,0,0,1,1
0.191,0.293,0.26,0,0,1,1
0.194,0.293,0.26,0,0,1,1
0.197,0.293,0.26,0,0,1,1
0.2,0.293,0.26,0,0,1,1
0.203,0.293,0.26,0,0,1,1
0.206,0.293,0.26,0,0,1,1
0.209,0.293,0.26,0,0,1,1
0.212,0.293,0.26,0,0,1,1
0.215,0.293,0.26,0,0,1,1
0.218,0.293,0.26,0,0,1,1
0.221,0.293,0.26,0,0,1,1
0.224,0.293,0.26,0,0,1,1
0.227,0.293,0.26,0,0,1,1
0.23,0.293,0.26,0,0,1,1
0.233,0.293,0.26,0,0,1,1
0.236,0.293,0.26,0,0,1,1
0.239,0.293,0.26,0,0,1,1
0.242,0.293,0.26,0,0,1,1
0.245,0.293,0.26,0,0,1,1
0.248,0.293,0.26,0,0,1,1
0.251,0.293,0.26,0,0,1,1
0.254,0.293,0.26,0,0,1,1
0.257,0.293,0.26,0,0,1,1
0.26,0.293,0.26,0,0,1,1
0.263,0.293,0.26,0,0,1,1
0.266,0.293,0.26,0,0,1,1
0.269,0.293,0.26,0,0,1,1
0.272,0.293,0.26,0,0,1,1
0.275,0.293,0.26,0,0,1,1
0.278,0.293,0.26,0,0,1,1
0.281,0.293,0.26,0,0,1,1
0.284,0.293,0.26,0,0,1,1
0.287,0.293,0.26,0,0,1,1
0.29,0.293,0.26,0,0,1,1
0.293,0.293,0.26,0,0,1,1
0.296,0.293,0.26,0,0,1,1
0.299,0.293,0.26,0,0,1,1
0.302,0.293,0.26,0,0,1,1
0.305,0.293,0.26,0,0,1,1
0.308,0.293,0.26,0,0,1,1
0.311,0.293,0.26,0,0,1,1
0.314,0.293,0.26,0,0,1,1
0.317,0.293,0.26,0,0,1,1
0.32,0.293,0.26,0,0,1,1
0.323,0.293,0.26,0,0,1,1
0.326,0.293,0.26,0,0,1,1
0.329,0.293,0.26,0,0,1,1
0.332,0.293,0.26,0,0,1,1
0.335,0.293,0.26,0,0,1,1
0.338,0.293,0.26,0,0,1,1
0.341,0.293,0.26,0,0,1,1
0.14,0.29,0.26,0,0,1,1
0.143,0.29,0.26,0,0,1,1
0.146,0.29,0.26,0,0,1,1
0.149,0.29,0.26,0,0,1,1
0.152,0.29,0.26,0,0,1,1
0.155,0.29,0.26,0,0,1,1
0.158,0.29,0.26,0,0,1,1
0.161,0.29,0.26,0,0,1,1
0.164,0.29,0.26,0,0,1,1
0.167,0.29,0.26,0,0,1,1
0.17,0.29,0.26,0,0,1,1
0.173,0.29,0.26,0,0,1,1
0.176,0.29,0.26,0,0,1,1
0.179,0.29,0.26,0,0,1,1
0.182,0.29,0.26,0,0,1,1
0.185,0.29,0.26,0,0,1,1
0.188,0.29,0.26,0,0,1,1
0.191,0.29,0.26,0,0,1,1
0.194,0.29,0.26,0,0,1,1
0.197,0.29,0.26,0,0,1,1
0.2,0.29,0.26,0,0,1,1
0.203,0.29,0.26,0,0,1,1
0.206,0.29,0.26,0,0,1,1
0.209,0.29,0.26,0,0,1,1
0.212,0.29,0.26,0,0,1,1
0.215,0.29,0.26,0,0,1,1
0.218,0.29,0.26,0,0,1,1
0.221,0.29,0.26,0,0,1,1
0.224,0.29,0.26,0,0,1,1
0.227,0.29,0.26,0,0,1,1
0.23,0.29,0.26,0,0,1,1
0.233,0.29,0.26,0,0,1,1
0.236,0.29,0.26,0,0,1,1
0.239,0.29,0.26,0,0,1,1
0.242,0.29,0.26,0,0,1,1
0.245,0.29,0.26,0,0,1,1
0.248,0.29,0.26,0,0,1,1
0.251,0.29,0.26,0,0,1,1
0.254,0.29,0.26,0,0,1,1
0.257,0.29,0.26,0,0,1,1
0.26,0.29,0.26,0,0,1,1
0.263,0.29,0.26,0,0,1,1
0.266,0.29,0.26,0,0,1,1
0.269,0.29,0.26,0,0,1,1
0.272,0.29,0.26,0,0,1,1
0.275,0.29,0.26,0,0,1,1
0.278,0.29,0.26,0,0,1,1
0.281,0.29,0.26,0,0,1,1
0.284,0.29,0.26,0,0,1,1
0.287,0.29,0.26,0,0,1,1
0.29,0.29,0.26,0,0,1,1
0.293,0.29,0.26,0,0,1,1
0.296,0.29,0.26,0,0,1,1
0.299,0.29,0.26,0,0,1,1
0.302,0.29,0.26,0,0,1,1
0.305,0.29,0.26,0,0,1,1
0.308,0.29,0.26,0,0,1,1
0.311,0.29,0.26,0,0,1,1
0.314,0.29,0.26,0,0,1,1
0.317,0.29,0.26,0,0,1,1
0.32,0.29,0.26,0,0,1,1
0.323,0.29,0.26,0,0,1,1
0.326,0.29,0.26,0,0,1,1
0.329,0.29,0.26,0,0,1,1
0.332,0.29,0.26,0,0,1,1
0.335,0.29,0.26,0,0,1,1
0.338,0.29,0.26,0,0,1,1
0.341,0.29,0.26,0,0,1,1
0.14,0.287,0.26,0,0,1,1
0.143,0.287,0.26,0,0,1,1
0.146,0.287,0.26,0,0,1,1
0.149,0.287,0.26,0,0,1,1
0.152,0.287,0.26,0,0,1,1
0.155,0.287,0.26,0,0,1,1
0.158,0.287,0.26,0,0,1,1
0.161,0.287,0.26,0,0,1,1
0.164,0.287,0.26,0,0,1,1
0.167,0.287,0.26,0,0,1,1
0.17,0.287,0.26,0,0,1,1
0.173,0.287,0.26,0,0,1,1
0.176,0.287,0.26,0,0,1,1
0.179,0.287,0.26,0,0,1,1
0.182,0.287,0.26,0,0,1,1
0.185,0.287,0.26,0,0,1,1
0.188,0.287,0.26,0,0,1,1
0.191,0.287,0.26,0,0,1,1
0.194,0.287,0.26,0,0,1,1
0.197,0.287,0.26,0,0,1,1
0.2,0.287,0.26,0,0,1,1
0.203,0.287,0.26,0,0,1,1
0.206,0.287,0.26,0,0,1,1
0.209,0.287,0.26,0,0,1,1
0.212,0.287,0.26,0,0,1,1
0.215,0.287,0.26,0,0,1,1
0.218,0.287,0.26,0,0,1,1
0.221,0.287,0.26,0,0,1,1
0.224,0.287,0.26,0,0,1,1
0.227,0.287,0.26,0,0,1,1
0.23,0.287,0.26,0,0,1,1
0.233,0.287,0.26,0,0,1,1
0.236,0.287,0.26,0,0,1,1
0.239,0.287,0.26,0,0,1,1
0.242,0.287,0.26,0,0,1,1
0.245,0.287,0.26,0,0,1,1
0.248,0.287,0.26,0,0,1,1
0.251,0.287,0.26,0,0,1,1
0.254,0.287,0.26,0,0,1,1
0.257,0.287,0.26,0,0,1,1
0.26,0.287,0.26,0,0,1,1
0.263,0.287,0.26,0,0,1,1
0.266,0.287,0.26,0,0,1,1
0.269,0.287,0.26,0,0,1,1
0.272,0.287,0.26,0,0,1,1
0.275,0.287,0.26,0,0,1,1
0.278,0.287,0.26,0,0,1,1
0.281,0.287,0.26,0,0,1,1
0.284,0.287,0.26,0,0,1,1
0.287,0.287,0.26,0,0,1,1
0.29,0.287,0.26,0,0,1,1
0.293,0.287,0.26,0,0,1,1
0.296,0.287,0.26,0,0,1,1
0.299,0.287,0.26,0,0,1,1
0.302,0.287,0.26,0,0,1,1
0.305,0.287,0.26,0,0,1,1
0.308,0.287,0.26,0,0,1,1
0.311,0.287,0.26,0,0,1,1
0.314,0.287,0.26,0,0,1,1
0.317,0.287,0.26,0,0,1,1
0.32,0.287,0.26,0,0,1,1
0.323,0.287,0.26,0,0,1,1
0.326,0.287,0.26,0,0,1,1
0.329,0.287,0.26,0,0,1,1
0.332,0.287,0.26,0,0,1,1
0.335,0.287,0.26,0,0,1,1
0.338,0.287,0.26,0,0,1,1
0.341,0.287,0.26,0,0,1,1
0.14,0.284,0.26,0,0,1,1
0.143,0.284,0.26,0,0,1,1
0.146,0.284,0.26,0,0,1,1
0.149,0.284,0.26,0,0,1,1
0.152,0.284,0.26,0,0,1,1
0.155,0.284,0.26,0,0,1,1
0.158,0.284,0.26,0,0,1,1
0.161,0.284,0.26,0,0,1,1
0.164,0.284,0.26,0,0,1,1
0.167,0.284,0.26,0,0,1,1
0.17,0.284,0.26,0,0,1,1
0.173,0.284,0.26,0,0,1,1
0.176,0.284,0.26,0,0,1,1
0.179,0.284,0.26,0,0,1,1
0.182,0.284,0.26,0,0,1,1
0.185,0.284,0.26,0,0,1,1
0.188,0.284,0.26,0,0,1,1
0.191,0.284,0.26,0,0,1,1
0.194,0.284,0.26,0,0,1,1
0.197,0.284,0.26,0,0,1,1
0.2,0.284,0.26,0,0,1,1
0.203,0.284,0.26,0,0,1,1
0.206,0.284,0.26,0,0,1,1
0.209,0.284,0.26,0,0,1,1
0.212,0.284,0.26,0,0,1,1
0.215,0.284,0.26,0,0,1,1
0.218,0.284,0.26,0,0,1,1
0.221,0.284,0.26,0,0,1,1
0.224,0.284,0.26,0,0,1,1
0.227,0.284,0.26,0,0,1,1
0.23,0.284,0.26,0,0,1,1
0.233,0.284,0.26,0,0,1,1
0.236,0.284,0.26,0,0,1,1
0.239,0.284,0.26,0,0,1,1
0.242,0.284,0.26,0,0,1,1
0.245,0.284,0.26,0,0,1,1
0.248,0.284,0.26,0,0,1,1
0.251,0.284,0.26,0,0,1,1
0.254,0.284,0.26,0,0,1,1
0.257,0.284,0.26,0,0,1,1
0.26,0.284,0.26,0,0,1,1
0.263,0.284,0.26,0,0,1,1
0.266,0.284,0.26,0,0,1,1
0.269,0.284,0.26,0,0,1,1
0.272,0.284,0.26,0,0,1,1
0.275,0.284,0.26,0,0,1,1
0.278,0.284,0.26,0,0,1,1
0.281,0.284,0.26,0,0,1,1
0.284,0.284,0.26,0,0,1,1
0.287,0.284,0.26,0,0,1,1
0.29,0.284,0.26,0,0,1,1
0.293,0.284,0.26,0,0,1,1
0.296,0.284,0.26,0,0,1,1
0.299,0.284,0.26,0,0,1,1
0.302,0.284,0.26,0,0,1,1
0.305,0.284,0.26,0,0,1,1
0.308,0.284,0.26,0,0,1,1
0.311,0.284,0.26,0,0,1,1
0.314,0.284,0.26,0,0,1,1
0.317,0.284,0.26,0,0,1,1
0.32,0.284,0.26,0,0,1,1
0.323,0.284,0.26,0,0,1,1
0.326,0.284,0.26,0,0,1,1
0.329,0.284,0.26,0,0,1,1
0.332,0.284,0.26,0,0,1,1
0.335,0.284,0.26,0,0,1,1
0.338,0.284,0.26,0,0,1,1
0.341,0.284,0.26,0,0,1,1
0.14,0.281,0.26,0,0,1,1
0.143,0.281,0.26,0,0,1,1
0.146,0.281,0.26,0,0,1,1
0.149,0.281,0.26,0,0,1,1
0.152,0.281,0.26,0,0,1,1
0.155,0.281,0.26,0,0,1,1
0.158,0.281,0.26,0,0,1,1
0.161,0.281,0.26,0,0,1,1
0.164,0.281,0.26,0,0,1,1
0.167,0.281,0.26,0,0,1,1
0.17,0.281,0.26,0,0,1,1
0.173,0.281,0.26,0,0,1,1
0.176,0.281,0.26,0,0,1,1
0.179,0.281,0.26,0,0,1,1
0.182,0.281,0.26,0,0,1,1
0.185,0.281,0.26,0,0,1,1
0.188,0.281,0.26,0,0,1,1
0.191,0.281,0.26,0,0,1,1
0.194,0.281,0.26,0,0,1,1
0.197,0.281,0.26,0,0,1,1
0.2,0.281,0.26,0,0,1,1
0.203,0.281,0.26,0,0,1,1
0.206,0.281,0.26,0,0,1,1
0.209,0.281,0.26,0,0,1,1
0.212,0.281,0.26,0,0,1,1
0.215,0.281,0.26,0,0,1,1
0.218,0.281,0.26,0,0,1,1
0.221,0.281,0.26,0,0,1,1
0.224,0.281,0.26,0,0,1,1
0.227,0.281,0.26,0,0,1,1
0.23,0.281,0.26,0,0,1,1
0.233,0.281,0.26,0,0,1,1
0.236,0.281,0.26,0,0,1,1
0.239,0.281,0.26,0,0,1,1
0.242,0.281,0.26,0,0,1,1
0.245,0.281,0.26,0,0,1,1
0.248,0.281,0.26,0,0,1,1
0.251,0.281,0.26,0,0,1,1
0.254,0.281,0.26,0,0,1,1
0.257,0.281,0.26,0,0,1,1
0.26,0.281,0.26,0,0,1,1
0.263,0.281,0.26,0,0,1,1
0.266,0.281,0.26,0,0,1,1
0.269,0.281,0.26,0,0,1,1
0.272,0.281,0.26,0,0,1,1
0.275,0.281,0.26,0,0,1,1
0.278,0.281,0.26,0,0,1,1
0.281,0.281,0.26,0,0,1,1
0.284,0.281,0.26,0,0,1,1
0.287,0.281,0.26,0,0,1,1
0.29,0.281,0.26,0,0,1,1
0.293,0.281,0.26,0,0,1,1
0.296,0.281,0.26,0,0,1,1
0.299,0.281,0.26,0,0,1,1
0.302,0.281,0.26,0,0,1,1
0.305,0.281,0.26,0,0,1,1
0.308,0.281,0.26,0,0,1,1
0.311,0.281,0.26,0,0,1,1
0.314,0.281,0.26,0,0,1,1
0.317,0.281,0.26,0,0,1,1
0.32,0.281,0.26,0,0,1,1
0.323,0.281,0.26,0,0,1,1
0.326,0.281,0.26,0,0,1,1
0.329,0.281,0.26,0,0,1,1
0.332,0.281,0.26,0,0,1,1
0.335,0.281,0.26,0,0,1,1
0.338,0.281,0.26,0,0,1,1
0.341,0.281,0.26,0,0,1,1
0.14,0.278,0.26,0,0,1,1
0.143,0.278,0.26,0,0,1,1
0.146,0.278,0.26,0,0,1,1
0.149,0.278,0.26,0,0,1,1
0.152,0.278,0.26,0,0,1,1
0.155,0.278,0.26,0,0,1,1
0.158,0.278,0.26,0,0,1,1
0.161,0.278,0.26,0,0,1,1
0.164,0.278,0.26,0,0,1,1
0.167,0.278,0.26,0,0,1,1
0.17,0.278,0.26,0,0,1,1
0.173,0.278,0.26,0,0,1,1
0.176,0.278,0.26,0,0,1,1
0.179,0.278,0.26,0,0,1,1
0.182,0.278,0.26,0,0,1,1
0.185,0.278,0.26,0,0,1,1
0.188,0.278,0.26,0,0,1,1
0.191,0.278,0.26,0,0,1,1
0.194,0.278,0.26,0,0,1,1
0.197,0.278,0.26,0,0,1,1
0.2,0.278,0.26,0,0,1,1
0.203,0.278,0.26,0,0,1,1
0.206,0.278,0.26,0,0,1,1
0.209,0.278,0.26,0,0,1,1
0.212,0.278,0.26,0,0,1,1
0.215,0.278,0.26,0,0,1,1
0.218,0.278,0.26,0,0,1,1
0.221,0.278,0.26,0,0,1,1
0.224,0.278,0.26,0,0,1,1
0.227,0.278,0.26,0,0,1,1
0.23,0.278,0.26,0,0,1,1
0.233,0.278,0.26,0,0,1,1
0.236,0.278,0.26,0,0,1,1
0.239,0.278,0.26,0,0,1,1
0.242,0.278,0.26,0,0,1,1
0.245,0.278,0.26,0,0,1,1
0.248,0.278,0.26,0,0,1,1
0.251,0.278,0.26,0,0,1,1
0.254,0.278,0.26,0,0,1,1
0.257,0.278,0.26,0,0,1,1
0.26,0.278,0.26,0,0,1,1
0.263,0.278,0.26,0,0,1,1
0.266,0.278,0.26,0,0,1,1
0.269,0.278,0.26,0,0,1,1
0.272,0.278,0.26,0,0,1,1
0.275,0.278,0.26,0,0,1,1
0.278,0.278,0.26,0,0,1,1
0.281,0.278,0.26,0,0,1,1
0.284,0.278,0.26,0,0,1,1
0.287,0.278,0.26,0,0,1,1
0.29,0.278,0.26,0,0,1,1
0.293,0.278,0.26,0,0,1,1
0.296,0.278,0.26,0,0,1,1
0.299,0.278,0.26,0,0,1,1
0.302,0.278,0.26,0,0,1,1
0.305,0.278,0.26,0,0,1,1
0.308,0.278,0.26,0,0,1,1
0.311,0.278,0.26,0,0,1,1
0.314,0.278,0.26,0,0,1,1
0.317,0.278,0.26,0,0,1,1
0.32,0.278,0.26,0,0,1,1
0.323,0.278,0.26,0,0,1,1
0.326,0.278,0.26,0,0,1,1
0.329,0.278,0.26,0,0,1,1
0.332,0.278,0.26,0,0,1,1
0.335,0.278,0.26,0,0,1,1
0.338,0.278,0.26,0,0,1,1
0.341,0.278,0.26,0,0,1,1
0.14,0.275,0.26,0,0,1,1
0.143,0.275,0.26,0,0,1,1
0.146,0.275,0.26,0,0,1,1
0.149,0.275,0.26,0,0,1,1
0.152,0.275,0.26,0,0,1,1
0.155,0.275,0.26,0,0,1,1
0.158,0.275,0.26,0,0,1,1
0.161,0.275,0.26,0,0,1,1
0.164,0.275,0.26,0,0,1,1
0.167,0.275,0.26,0,0,1,1
0.17,0.275,0.26,0,0,1,1
0.173,0.275,0.26,0,0,1,1
0.176,0.275,0.26,0,0,1,1
0.179,0.275,0.26,0,0,1,1
0.182,0.275,0.26,0,0,1,1
0.185,0.275,0.26,0,0,1,1
0.188,0.275,0.26,0,0,1,1
0.191,0.275,0.26,0,0,1,1
0.194,0.275,0.26,0,0,1,1
0.197,0.275,0.26,0,0,1,1
0.2,0.275,0.26,0,0,1,1
0.203,0.275,0.26,0,0,1,1
0.206,0.275,0.26,0,0,1,1
0.209,0.275,0.26,0,0,1,1
0.212,0.275,0.26,0,0,1,1
0.215,0.275,0.26,0,0,1,1
0.218,0.275,0.26,0,0,1,1
0.221,0.275,0.26,0,0,1,1
0.224,0.275,0.26,0,0,1,1
0.227,0.275,0.26,0,0,1,1
0.23,0.275,0.26,0,0,1,1
0.233,0.275,0.26,0,0,1,1
0.236,0.275,0.26,0,0,1,1
0.239,0.275,0.26,0,0,1,1
0.242,0.275,0.26,0,0,1,1
0.245,0.275,0.26,0,0,1,1
0.248,0.275,0.26,0,0,1,1
0.251,0.275,0.26,0,0,1,1
0.254,0.275,0.26,0,0,1,1
0.257,0.275,0.26,0,0,1,1
0.26,0.275,0.26,0,0,1,1
0.263,0.275,0.26,0,0,1,1
0.266,0.275,0.26,0,0,1,1
0.269,0.275,0.26,0,0,1,1
0.272,0.275,0.26,0,0,1,1
0.275,0.275,0.26,0,0,1,1
0.278,0.275,0.26,0,0,1,1
0.281,0.275,0.26,0,0,1,1
0.284,0.275,0.26,0,0,1,1
0.287,0.275,0.26,0,0,1,1
0.29,0.275,0.26,0,0,1,1
0.293,0.275,0.26,0,0,1,1
0.296,0.275,0.26,0,0,1,1
0.299,0.275,0.26,0,0,1,1
0.302,0.275,0.26,0,0,1,1
0.305,0.275,0.26,0,0,1,1
0.308,0.275,0.26,0,0,1,1
0.311,0.275,0.26,0,0,1,1
0.314,0.275,0.26,0,0,1,1
0.317,0.275,0.26,0,0,1,1
0.32,0.275,0.26,0,0,1,1
0.323,0.275,0.26,0,0,1,1
0.326,0.275,0.26,0,0,1,1
0.329,0.275,0.26,0,0,1,1
0.332,0.275,0.26,0,0,1,1
0.335,0.275,0.26,0,0,1,1
0.338,0.275,0.26,0,0,1,1
0.341,0.275,0.26,0,0,1,1
0.14,0.272,0.26,0,0,1,1
0.143,0.272,0.26,0,0,1,1
0.146,0.272,0.26,0,0,1,1
0.149,0.272,0.26,0,0,1,1
0.152,0.272,0.26,0,0,1,1
0.155,0.272,0.26,0,0,1,1
0.158,0.272,0.26,0,0,1,1
0.161,0.272,0.26,0,0,1,1
0.164,0.272,0.26,0,0,1,1
0.167,0.272,0.26,0,0,1,1
0.17,0.272,0.26,0,0,1,1
0.173,0.272,0.26,0,0,1,1
0.176,0.272,0.26,0,0,1,1
0.179,0.272,0.26,0,0,1,1
0.182,0.272,0.26,0,0,1,1
0.185,0.272,0.26,0,0,1,1
0.188,0.272,0.26,0,0,1,1
0.191,0.272,0.26,0,0,1,1
0.194,0.272,0.26,0,0,1,1
0.197,0.272,0.26,0,0,1,1
0.2,0.272,0.26,0,0,1,1
0.203,0.272,0.26,0,0,1,1
0.206,0.272,0.26,0,0,1,1
0.209,0.272,0.26,0,0,1,1
0.212,0.272,0.26,0,0,1,1
0.215,0.272,0.26,0,0,1,1
0.218,0.272,0.26,0,0,1,1
0.221,0.272,0.26,0,0,1,1
0.224,0.272,0.26,0,0,1,1
0.227,0.272,0.26,0,0,1,1
0.23,0.272,0.26,0,0,1,1
0.233,0.272,0.26,0,0,1,1
0.236,0.272,0.26,0,0,1,1
0.239,0.272,0.26,0,0,1,1
0.242,0.272,0.26,0,0,1,1
0.245,0.272,0.26,0,0,1,1
0.248,0.272,0.26,0,0,1,1
0.251,0.272,0.26,0,0,1,1
0.254,0.272,0.26,0,0,1,1
0.257,0.272,0.26,0,0,1,1
0.26,0.272,0.26,0,0,1,1
0.263,0.272,0.26,0,0,1,1
0.266,0.272,0.26,0,0,1,1
0.269,0.272,0.26,0,0,1,1
0.272,0.272,0.26,0,0,1,1
0.275,0.272,0.26,0,0,1,1
0.278,0.272,0.26,0,0,1,1
0.281,0.272,0.26,0,0,1,1
0.284,0.272,0.26,0,0,1,1
0.287,0.272,0.26,0,0,1,1
0.29,0.272,0.26,0,0,1,1
0.293,0.272,0.26,0,0,1,1
0.296,0.272,0.26,0,0,1,1
0.299,0.272,0.26,0,0,1,1
0.302,0.272,0.26,0,0,1,1
0.305,0.272,0.26,0,0,1,1
0.308,0.272,0.26,0,0,1,1
0.311,0.272,0.26,0,0,1,1
0.314,0.272,0.26,0,0,1,1
0.317,0.272,0.26,0,0,1,1
0.32,0.272,0.26,0,0,1,1
0.323,0.272,0.26,0,0,1,1
0.326,0.272,0.26,0,0,1,1
0.329,0.272,0.26,0,0,1,1
0.332,0.272,0.26,0,0,1,1
0.335,0.272,0.26,0,0,1,1
0.338,0.272,0.26,0,0,1,1
0.341,0.272,0.26,0,0,1,1
0.14,0.269,0.26,0,0,1,1
0.143,0.269,0.26,0,0,1,1
0.146,0.269,0.26,0,0,1,1
0.149,0.269,0.26,0,0,1,1
0.152,0.269,0.26,0,0,1,1
0.155,0.269,0.26,0,0,1,1
0.158,0.269,0.26,0,0,1,1
0.161,0.269,0.26,0,0,1,1
0.164,0.269,0.26,0,0,1,1
0.167,0.269,0.26,0,0,1,1
0.17,0.269,0.26,0,0,1,1
0.173,0.269,0.26,0,0,1,1
0.176,0.269,0.26,0,0,1,1
0.179,0.269,0.26,0,0,1,1
0.182,0.269,0.26,0,0,1,1
0.185,0.269,0.26,0,0,1,1
0.188,0.269,0.26,0,0,1,1
0.191,0.269,0.26,0,0,1,1
0.194,0.269,0.26,0,0,1,1
0.197,0.269,0.26,0,0,1,1
0.2,0.269,0.26,0,0,1,1
0.203,0.269,0.26,0,0,1,1
0.206,0.269,0.26,0,0,1,1
0.209,0.269,0.26,0,0,1,1
0.212,0.269,0.26,0,0,1,1
0.215,0.269,0.26,0,0,1,1
0.218,0.269,0.26,0,0,1,1
0.221,0.269,0.26,0,0,1,1
0.224,0.269,0.26,0,0,1,1
0.227,0.269,0.26,0,0,1,1
0.23,0.269,0.26,0,0,1,1
0.233,0.269,0.26,0,0,1,1
0.236,0.269,0.26,0,0,1,1
0.239,0.269,0.26,0,0,1,1
0.242,0.269,0.26,0,0,1,1
0.245,0.269,0.26,0,0,1,1
0.248,0.269,0.26,0,0,1,1
0.251,0.269,0.26,0,0,1,1
0.254,0.269,0.26,0,0,1,1
0.257,0.269,0.26,0,0,1,1
0.26,0.269,0.26,0,0,1,1
0.263,0.269,0.26,0,0,1,1
0.266,0.269,0.26,0,0,1,1
0.269,0.269,0.26,0,0,1,1
0.272,0.269,0.26,0,0,1,1
0.275,0.269,0.26,0,0,1,1
0.278,0.269,0.26,0,0,1,1
0.281,0.269,0.26,0,0,1,1
0.284,0.269,0.26,0,0,1,1
0.287,0.269,0.26,0,0,1,1
0.29,0.269,0.26,0,0,1,1
0.293,0.269,0.26,0,0,1,1
0.296,0.269,0.26,0,0,1,1
0.299,0.269,0.26,0,0,1,1
0.302,0.269,0.26,0,0,1,1
0.305,0.269,0.26,0,0,1,1
0.308,0.269,0.26,0,0,1,1
0.311,0.269,0.26,0,0,1,1
0.314,0.269,0.26,0,0,1,1
0.317,0.269,0.26,0,0,1,1
0.32,0.269,0.26,0,0,1,1
0.323,0.269,0.26,0,0,1,1
0.326,0.269,0.26,0,0,1,1
0.329,0.269,0.26,0,0,1,1
0.332,0.269,0.26,0,0,1,1
0.335,0.269,0.26,0,0,1,1
0.338,0.269,0.26,0,0,1,1
0.341,0.269,0.26,0,0,1,1
0.14,0.41,0.44,0,0,1,1
0.143,0.41,0.44,0,0,1,1
0.146,0.41,0.44,0,0,1,1
0.149,0.41,0.44,0,0,1,1
0.152,0.41,0.44,0,0,1,1
0.155,0.41,0.44,0,0,1,1
0.158,0.41,0.44,0,0,1,1
0.161,0.41,0.44,0,0,1,1
0.164,0.41,0.44,0,0,1,1
0.167,0.41,0.44,0,0,1,1
0.17,0.41,0.44,0,0,1,1
0.173,0.41,0.44,0,0,1,1
0.176,0.41,0.44,0,0,1,1
0.179,0.41,0.44,0,0,1,1
0.182,0.41,0.44,0,0,1,1
0.185,0.41,0.44,0,0,1,1
0.188,0.41,0.44,0,0,1,1
0.191,0.41,0.44,0,0,1,1
0.194,0.41,0.44,0,0,1,1
0.197,0.41,0.44,0,0,1,1
0.2,0.41,0.44,0,0,1,1
0.203,0.41,0.44,0,0,1,1
0.206,0.41,0.44,0,0,1,1
0.209,0.41,0.44,0,0,1,1
0.212,0.41,0.44,0,0,1,1
0.215,0.41,0.44,0,0,1,1
0.218,0.41,0.44,0,0,1,1
0.221,0.41,0.44,0,0,1,1
0.224,0.41,0.44,0,0,1,1
0.227,0.41,0.44,0,0,1,1
0.23,0.41,0.44,0,0,1,1
0.233,0.41,0.44,0,0,1,1
0.236,0.41,0.44,0,0,1,1
0.239,0.41,0.44,0,0,1,1
0.242,0.41,0.44,0,0,1,1
0.245,0.41,0.44,0,0,1,1
0.248,0.41,0.44,0,0,1,1
0.251,0.41,0.44,0,0,1,1
0.254,0.41,0.44,0,0,1,1
0.257,0.41,0.44,0,0,1,1
0.26,0.41,0.44,0,0,1,1
0.263,0.41,0.44,0,0,1,1
0.266,0.41,0.44,0,0,1,1
0.269,0.41,0.44,0,0,1,1
0.272,0.41,0.44,0,0,1,1
0.275,0.41,0.44,0,0,1,1
0.278,0.41,0.44,0,0,1,1
0.281,0.41,0.44,0,0,1,1
0.284,0.41,0.44,0,0,1,1
0.287,0.41,0.44,0,0,1,1
0.29,0.41,0.44,0,0,1,1
0.293,0.41,0.44,0,0,1,1
0.296,0.41,0.44,0,0,1,1
0.299,0.41,0.44,0,0,1,1
0.302,0.41,0.44,0,0,1,1
0.305,0.41,0.44,0,0,1,1
0.308,0.41,0.44,0,0,1,1
0.311,0.41,0.44,0,0,1,1
0.314,0.41,0.44,0,0,1,1
0.317,0.41,0.44,0,0,1,1
0.32,0.41,0.44,0,0,1,1
0.323,0.41,0.44,0,0,1,1
0.326,0.41,0.44,0,0,1,1
0.329,0.41,0.44,0,0,1,1
0.332,0.41,0.44,0,0,1,1
0.335,0.41,0.44,0,0,1,1
0.338,0.41,0.44,0,0,1,1
0.341,0.41,0.44,0,0,1,1
0.14,0.407,0.44,0,0,1,1
0.143,0.407,0.44,0,0,1,1
0.146,0.407,0.44,0,0,1,1
0.149,0.407,0.44,0,0,1,1
0.152,0.407,0.44,0,0,1,1
0.155,0.407,0.44,0,0,1,1
0.158,0.407,0.44,0,0,1,1
0.161,0.407,0.44,0,0,1,1
0.164,0.407,0.44,0,0,1,1
0.167,0.407,0.44,0,0,1,1
0.17,0.407,0.44,0,0,1,1
0.173,0.407,0.44,0,0,1,1
0.176,0.407,0.44,0,0,1,1
0.179,0.407,0.44,0,0,1,1
0.182,0.407,0.44,0,0,1,1
0.185,0.407,0.44,0,0,1,1
0.188,0.407,0.44,0,0,1,1
0.191,0.407,0.44,0,0,1,1
0.194,0.407,0.44,0,0,1,1
0.197,0.407,0.44,0,0,1,1
0.2,0.407,0.44,0,0,1,1
0.203,0.407,0.44,0,0,1,1
0.206,0.407,0.44,0,0,1,1
0.209,0.407,0.44,0,0,1,1
0.212,0.407,0.44,0,0,1,1
0.215,0.407,0.44,0,0,1,1
0.218,0.407,0.44,0,0,1,1
0.221,0.407,0.44,0,0,1,1
0.224,0.407,0.44,0,0,1,1
0.227,0.407,0.44,0,0,1,1
0.23,0.407,0.44,0,0,1,1
0.233,0.407,0.44,0,0,1,1
0.236,0.407,0.44,0,0,1,1
0.239,0.407,0.44,0,0,1,1
0.242,0.407,0.44,0,0,1,1
0.245,0.407,0.44,0,0,1,1
0.248,0.407,0.44,0,0,1,1
0.251,0.407,0.44,0,0,1,1
0.254,0.407,0.44,0,0,1,1
0.257,0.407,0.44,0,0,1,1
0.26,0.407,0.44,0,0,1,1
0.263,0.407,0.44,0,0,1,1
0.266,0.407,0.44,0,0,1,1
0.269,0.407,0.44,0,0,1,1
0.272,0.407,0.44,0,0,1,1
0.275,0.407,0.44,0,0,1,1
0.278,0.407,0.44,0,0,1,1
0.281,0.407,0.44,0,0,1,1
0.284,0.407,0.44,0,0,1,1
0.287,0.407,0.44,0,0,1,1
0.29,0.407,0.44,0,0,1,1
0.293,0.407,0.44,0,0,1,1
0.296,0.407,0.44,0,0,1,1
0.299,0.407,0.44,0,0,1,1
0.302,0.407,0.44,0,0,1,1
0.305,0.407,0.44,0,0,1,1
0.308,0.407,0.44,0,0,1,1
0.311,0.407,0.44,0,0,1,1
0.314,0.407,0.44,0,0,1,1
0.317,0.407,0.44,0,0,1,1
0.32,0.407,0.44,0,0,1,1
0.323,0.407,0.44,0,0,1,1
0.326,0.407,0.44,0,0,1,1
0.329,0.407,0.44,0,0,1,1
0.332,0.407,0.44,0,0,1,1
0.335,0.407,0.44,0,0,1,1
0.338,0.407,0.44,0,0,1,1
0.341,0.407,0.44,0,0,1,1
0.14,0.404,0.44,0,0,1,1
0.143,0.404,0.44,0,0,1,1
0.146,0.404,0.44,0,0,1,1
0.149,0.404,0.44,0,0,1,1
0.152,0.404,0.44,0,0,1,1
0.155,0.404,0.44,0,0,1,1
0.158,0.404,0.44,0,0,1,1
0.161,0.404,0.44,0,0,1,1
0.164,0.404,0.44,0,0,1,1
0.167,0.404,0.44,0,0,1,1
0.17,0.404,0.44,0,0,1,1
0.173,0.404,0.44,0,0,1,1
0.176,0.404,0.44,0,0,1,1
0.179,0.404,0.44,0,0,1,1
0.182,0.404,0.44,0,0,1,1
0.185,0.404,0.44,0,0,1,1
0.188,0.404,0.44,0,0,1,1
0.191,0.404,0.44,0,0,1,1
0.194,0.404,0.44,0,0,1,1
0.197,0.404,0.44,0,0,1,1
0.2,0.404,0.44,0,0,1,1
0.203,0.404,0.44,0,0,1,1
0.206,0.404,0.44,0,0,1,1
0.209,0.404,0.44,0,0,1,1
0.212,0.404,0.44,0,0,1,1
0.215,0.404,0.44,0,0,1,1
0.218,0.404,0.44,0,0,1,1
0.221,0.404,0.44,0,0,1,1
0.224,0.404,0.44,0,0,1,1
0.227,0.404,0.44,0,0,1,1
0.23,0.404,0.44,0,0,1,1
0.233,0.404,0.44,0,0,1,1
0.236,0.404,0.44,0,0,1,1
0.239,0.404,0.44,0,0,1,1
0.242,0.404,0.44,0,0,1,1
0.245,0.404,0.44,0,0,1,1
0.248,0.404,0.44,0,0,1,1
0.251,0.404,0.44,0,0,1,1
0.254,0.404,0.44,0,0,1,1
0.257,0.404,0.44,0,0,1,1
0.26,0.404,0.44,0,0,1,1
0.263,0.404,0.44,0,0,1,1
0.266,0.404,0.44,0,0,1,1
0.269,0.404,0.44,0,0,1,1
0.272,0.404,0.44,0,0,1,1
0.275,0.404,0.44,0,0,1,1
0.278,0.404,0.44,0,0,1,1
0.281,0.404,0.44,0,0,1,1
0.284,0.404,0.44,0,0,1,1
0.287,0.404,0.44,0,0,1,1
0.29,0.404,0.44,0,0,1,1
0.293,0.404,0.44,0,0,1,1
0.296,0.404,0.44,0,0,1,1
0.299,0.404,0.44,0,0,1,1
0.302,0.404,0.44,0,0,1,1
0.305,0.404,0.44,0,0,1,1
0.308,0.404,0.44,0,0,1,1
0.311,0.404,0.44,0,0,1,1
0.314,0.404,0.44,0,0,1,1
0.317,0.404,0.44,0,0,1,1
0.32,0.404,0.44,0,0,1,1
0.323,0.404,0.44,0,0,1,1
0.326,0.404,0.44,0,0,1,1
0.329,0.404,0.44,0,0,1,1
0.332,0.404,0.44,0,0,1,1
0.335,0.404,0.44,0,0,1,1
0.338,0.404,0.44,0,0,1,1
0.341,0.404,0.44,0,0,1,1
0.14,0.401,0.44,0,0,1,1
0.143,0.401,0.44,0,0,1,1
0.146,0.401,0.44,0,0,1,1
0.149,0.401,0.44,0,0,1,1
0.152,0.401,0.44,0,0,1,1
0.155,0.401,0.44,0,0,1,1
0.158,0.401,0.44,0,0,1,1
0.161,0.401,0.44,0,0,1,1
0.164,0.401,0.44,0,0,1,1
0.167,0.401,0.44,0,0,1,1
0.17,0.401,0.44,0,0,1,1
0.173,0.401,0.44,0,0,1,1
0.176,0.401,0.44,0,0,1,1
0.179,0.401,0.44,0,0,1,1
0.182,0.401,0.44,0,0,1,1
0.185,0.401,0.44,0,0,1,1
0.188,0.401,0.44,0,0,1,1
0.191,0.401,0.44,0,0,1,1
0.194,0.401,0.44,0,0,1,1
0.197,0.401,0.44,0,0,1,1
0.2,0.401,0.44,0,0,1,1
0.203,0.401,0.44,0,0,1,1
0.206,0.401,0.44,0,0,1,1
0.209,0.401,0.44,0,0,1,1
0.212,0.401,0.44,0,0,1,1
0.215,0.401,0.44,0,0,1,1
0.218,0.401,0.44,0,0,1,1
0.221,0.401,0.44,0,0,1,1
0.224,0.401,0.44,0,0,1,1
0.227,0.401,0.44,0,0,1,1
0.23,0.401,0.44,0,0,1,1
0.233,0.401,0.44,0,0,1,1
0.236,0.401,0.44,0,0,1,1
0.239,0.401,0.44,0,0,1,1
0.242,0.401,0.44,0,0,1,1
0.245,0.401,0.44,0,0,1,1
0.248,0.401,0.44,0,0,1,1
0.251,0.401,0.44,0,0,1,1
0.254,0.401,0.44,0,0,1,1
0.257,0.401,0.44,0,0,1,1
0.26,0.401,0.44,0,0,1,1
0.263,0.401,0.44,0,0,1,1
0.266,0.401,0.44,0,0,1,1
0.269,0.401,0.44,0,0,1,1
0.272,0.401,0.44,0,0,1,1
0.275,0.401,0.44,0,0,1,1
0.278,0.401,0.44,0,0,1,1
0.281,0.401,0.44,0,0,1,1
0.284,0.401,0.44,0,0,1,1
0.287,0.401,0.44,0,0,1,1
0.29,0.401,0.44,0,0,1,1
0.293,0.401,0.44,0,0,1,1
0.296,0.401,0.44,0,0,1,1
0.299,0.401,0.44,0,0,1,1
0.302,0.401,0.44,0,0,1,1
0.305,0.401,0.44,0,0,1,1
0.308,0.401,0.44,0,0,1,1
0.311,0.401,0.44,0,0,1,1
0.314,0.401,0.44,0,0,1,1
0.317,0.401,0.44,0,0,1,1
0.32,0.401,0.44,0,0,1,1
0.323,0.401,0.44,0,0,1,1
0.326,0.401,0.44,0,0,1,1
0.329,0.401,0.44,0,0,1,1
0.332,0.401,0.44,0,0,1,1
0.335,0.401,0.44,0,0,1,1
0.338,0.401,0.44,0,0,1,1
0.341,0.401,0.44,0,0,1,1
0.14,0.398,0.44,0,0,1,1
0.143,0.398,0.44,0,0,1,1
0.146,0.398,0.44,0,0,1,1
0.149,0.398,0.44,0,0,1,1
0.152,0.398,0.44,0,0,1,1
0.155,0.398,0.44,0,0,1,1
0.158,0.398,0.44,0,0,1,1
0.161,0.398,0.44,0,0,1,1
0.164,0.398,0.44,0,0,1,1
0.167,0.398,0.44,0,0,1,1
0.17,0.398,0.44,0,0,1,1
0.173,0.398,0.44,0,0,1,1
0.176,0.398,0.44,0,0,1,1
0.179,0.398,0.44,0,0,1,1
0.182,0.398,0.44,0,0,1,1
0.185,0.398,0.44,0,0,1,1
0.188,0.398,0.44,0,0,1,1
0.191,0.398,0.44,0,0,1,1
0.194,0.398,0.44,0,0,1,1
0.197,0.398,0.44,0,0,1,1
0.2,0.398,0.44,0,0,1,1
0.203,0.398,0.44,0,0,1,1
0.206,0.398,0.44,0,0,1,1
0.209,0.398,0.44,0,0,1,1
0.212,0.398,0.44,0,0,1,1
0.215,0.398,0.44,0,0,1,1
0.218,0.398,0.44,0,0,1,1
0.221,0.398,0.44,0,0,1,1
0.224,0.398,0.44,0,0,1,1
0.227,0.398,0.44,0,0,1,1
0.23,0.398,0.44,0,0,1,1
0.233,0.398,0.44,0,0,1,1
0.236,0.398,0.44,0,0,1,1
0.239,0.398,0.44,0,0,1,1
0.242,0.398,0.44,0,0,1,1
0.245,0.398,0.44,0,0,1,1
0.248,0.398,0.44,0,0,1,1
0.251,0.398,0.44,0,0,1,1
0.254,0.398,0.44,0,0,1,1
0.257,0.398,0.44,0,0,1,1
0.26,0.398,0.44,0,0,1,1
0.263,0.398,0.44,0,0,1,1
0.266,0.398,0.44,0,0,1,1
0.269,0.398,0.44,0,0,1,1
0.272,0.398,0.44,0,0,1,1
0.275,0.398,0.44,0,0,1,1
0.278,0.398,0.44,0,0,1,1
0.281,0.398,0.44,0,0,1,1
0.284,0.398,0.44,0,0,1,1
0.287,0.398,0.44,0,0,1,1
0.29,0.398,0.44,0,0,1,1
0.293,0.398,0.44,0,0,1,1
0.296,0.398,0.44,0,0,1,1
0.299,0.398,0.44,0,0,1,1
0.302,0.398,0.44,0,0,1,1
0.305,0.398,0.44,0,0,1,1
0.308,0.398,0.44,0,0,1,1
0.311,0.398,0.44,0,0,1,1
0.314,0.398,0.44,0,0,1,1
0.317,0.398,0.44,0,0,1,1
0.32,0.398,0.44,0,0,1,1
0.323,0.398,0.44,0,0,1,1
0.326,0.398,0.44,0,0,1,1
0.329,0.398,0.44,0,0,1,1
0.332,0.398,0.44,0,0,1,1
0.335,0.398,0.44,0,0,1,1
0.338,0.398,0.44,0,0,1,1
0.341,0.398,0.44,0,0,1,1
0.14,0.395,0.44,0,0,1,1
0.143,0.395,0.44,0,0,1,1
0.146,0.395,0.44,0,0,1,1
0.149,0.395,0.44,0,0,1,1
0.152,0.395,0.44,0,0,1,1
0.155,0.395,0.44,0,0,1,1
0.158,0.395,0.44,0,0,1,1
0.161,0.395,0.44,0,0,1,1
0.164,0.395,0.44,0,0,1,1
0.167,0.395,0.44,0,0,1,1
0.17,0.395,0.44,0,0,1,1
0.173,0.395,0.44,0,0,1,1
0.176,0.395,0.44,0,0,1,1
0.179,0.395,0.44,0,0,1,1
0.182,0.395,0.44,0,0,1,1
0.185,0.395,0.44,0,0,1,1
0.188,0.395,0.44,0,0,1,1
0.191,0.395,0.44,0,0,1,1
0.194,0.395,0.44,0,0,1,1
0.197,0.395,0.44,0,0,1,1
0.2,0.395,0.44,0,0,1,1
0.203,0.395,0.44,0,0,1,1
0.206,0.395,0.44,0,0,1,1
0.209,0.395,0.44,0,0,1,1
0.212,0.395,0.44,0,0,1,1
0.215,0.395,0.44,0,0,1,1
0.218,0.395,0.44,0,0,1,1
0.221,0.395,0.44,0,0,1,1
0.224,0.395,0.44,0,0,1,1
0.227,0.395,0.44,0,0,1,1
0.23,0.395,0.44,0,0,1,1
0.233,0.395,0.44,0,0,1,1
0.236,0.395,0.44,0,0,1,1
0.239,0.395,0.44,0,0,1,1
0.242,0.395,0.44,0,0,1,1
0.245,0.395,0.44,0,0,1,1
0.248,0.395,0.44,0,0,1,1
0.251,0.395,0.44,0,0,1,1
0.254,0.395,0.44,0,0,1,1
0.257,0.395,0.44,0,0,1,1
0.26,0.395,0.44,0,0,1,1
0.263,0.395,0.44,0,0,1,1
0.266,0.395,0.44,0,0,1,1
0.269,0.395,0.44,0,0,1,1
0.272,0.395,0.44,0,0,1,1
0.275,0.395,0.44,0,0,1,1
0.278,0.395,0.44,0,0,1,1
0.281,0.395,0.44,0,0,1,1
0.284,0.395,0.44,0,0,1,1
0.287,0.395,0.44,0,0,1,1
0.29,0.395,0.44,0,0,1,1
0.293,0.395,0.44,0,0,1,1
0.296,0.395,0.44,0,0,1,1
0.299,0.395,0.44,0,0,1,1
0.302,0.395,0.44,0,0,1,1
0.305,0.395,0.44,0,0,1,1
0.308,0.395,0.44,0,0,1,1
0.311,0.395,0.44,0,0,1,1
0.314,0.395,0.44,0,0,1,1
0.317,0.395,0.44,0,0,1,1
0.32,0.395,0.44,0,0,1,1
0.323,0.395,0.44,0,0,1,1
0.326,0.395,0.44,0,0,1,1
0.329,0.395,0.44,0,0,1,1
0.332,0.395,0.44,0,0,1,1
0.335,0.395,0.44,0,0,1,1
0.338,0.395,0.44,0,0,1,1
0.341,0.395,0.44,0,0,1,1
0.14,0.392,0.44,0,0,1,1
0.143,0.392,0.44,0,0,1,1
0.146,0.392,0.44,0,0,1,1
0.149,0.392,0.44,0,0,1,1
0.152,0.392,0.44,0,0,1,1
0.155,0.392,0.44,0,0,1,1
0.158,0.392,0.44,0,0,1,1
0.161,0.392,0.44,0,0,1,1
0.164,0.392,0.44,0,0,1,1
0.167,0.392,0.44,0,0,1,1
0.17,0.392,0.44,0,0,1,1
0.173,0.392,0.44,0,0,1,1
0.176,0.392,0.44,0,0,1,1
0.179,0.392,0.44,0,0,1,1
0.182,0.392,0.44,0,0,1,1
0.185,0.392,0.44,0,0,1,1
0.188,0.392,0.44,0,0,1,1
0.191,0.392,0.44,0,0,1,1
0.194,0.392,0.44,0,0,1,1
0.197,0.392,0.44,0,0,1,1
0.2,0.392,0.44,0,0,1,1
0.203,0.392,0.44,0,0,1,1
0.206,0.392,0.44,0,0,1,1
0.209,0.392,0.44,0,0,1,1
0.212,0.392,0.44,0,0,1,1
0.215,0.392,0.44,0,0,1,1
0.218,0.392,0.44,0,0,1,1
0.221,0.392,0.44,0,0,1,1
0.224,0.392,0.44,0,0,1,1
0.227,0.392,0.44,0,0,1,1
0.23,0.392,0.44,0,0,1,1
0.233,0.392,0.44,0,0,1,1
0.236,0.392,0.44,0,0,1,1
0.239,0.392,0.44,0,0,1,1
0.242,0.392,0.44,0,0,1,1
0.245,0.392,0.44,0,0,1,1
0.248,0.392,0.44,0,0,1,1
0.251,0.392,0.44,0,0,1,1
0.254,0.392,0.44,0,0,1,1
0.257,0.392,0.44,0,0,1,1
0.26,0.392,0.44,0,0,1,1
0.263,0.392,0.44,0,0,1,1
0.266,0.392,0.44,0,0,1,1
0.269,0.392,0.44,0,0,1,1
0.272,0.392,0.44,0,0,1,1
0.275,0.392,0.44,0,0,1,1
0.278,0.392,0.44,0,0,1,1
0.281,0.392,0.44,0,0,1,1
0.284,0.392,0.44,0,0,1,1
0.287,0.392,0.44,0,0,1,1
0.29,0.392,0.44,0,0,1,1
0.293,0.392,0.44,0,0,1,1
0.296,0.392,0.44,0,0,1,1
0.299,0.392,0.44,0,0,1,1
0.302,0.392,0.44,0,0,1,1
0.305,0.392,0.44,0,0,1,1
0.308,0.392,0.44,0,0,1,1
0.311,0.392,0.44,0,0,1,1
0.314,0.392,0.44,0,0,1,1
0.317,0.392,0.44,0,0,1,1
0.32,0.392,0.44,0,0,1,1
0.323,0.392,0.44,0,0,1,1
0.326,0.392,0.44,0,0,1,1
0.329,0.392,0.44,0,0,1,1
0.332,0.392,0.44,0,0,1,1
0.335,0.392,0.44,0,0,1,1
0.338,0.392,0.44,0,0,1,1
0.341,0.392,0.44,0,0,1,1
0.14,0.389,0.44,0,0,1,1
0.143,0.389,0.44,0,0,1,1
0.146,0.389,0.44,0,0,1,1
0.149,0.389,0.44,0,0,1,1
0.152,0.389,0.44,0,0,1,1
0.155,0.389,0.44,0,0,1,1
0.158,0.389,0.44,0,0,1,1
0.161,0.389,0.44,0,0,1,1
0.164,0.389,0.44,0,0,1,1
0.167,0.389,0.44,0,0,1,1
0.17,0.389,0.44,0,0,1,1
0.173,0.389,0.44,0,0,1,1
0.176,0.389,0.44,0,0,1,1
0.179,0.389,0.44,0,0,1,1
0.182,0.389,0.44,0,0,1,1
0.185,0.389,0.44,0,0,1,1
0.188,0.389,0.44,0,0,1,1
0.191,0.389,0.44,0,0,1,1
0.194,0.389,0.44,0,0,1,1
0.197,0.389,0.44,0,0,1,1
0.2,0.389,0.44,0,0,1,1
0.203,0.389,0.44,0,0,1,1
0.206,0.389,0.44,0,0,1,1
0.209,0.389,0.44,0,0,1,1
0.212,0.389,0.44,0,0,1,1
0.215,0.389,0.44,0,0,1,1
0.218,0.389,0.44,0,0,1,1
0.221,0.389,0.44,0,0,1,1
0.224,0.389,0.44,0,0,1,1
0.227,0.389,0.44,0,0,1,1
0.23,0.389,0.44,0,0,1,1
0.233,0.389,0.44,0,0,1,1
0.236,0.389,0.44,0,0,1,1
0.239,0.389,0.44,0,0,1,1
0.242,0.389,0.44,0,0,1,1
0.245,0.389,0.44,0,0,1,1
0.248,0.389,0.44,0,0,1,1
0.251,0.389,0.44,0,0,1,1
0.254,0.389,0.44,0,0,1,1
0.257,0.389,0.44,0,0,1,1
0.26,0.389,0.44,0,0,1,1
0.263,0.389,0.44,0,0,1,1
0.266,0.389,0.44,0,0,1,1
0.269,0.389,0.44,0,0,1,1
0.272,0.389,0.44,0,0,1,1
0.275,0.389,0.44,0,0,1,1
0.278,0.389,0.44,0,0,1,1
0.281,0.389,0.44,0,0,1,1
0.284,0.389,0.44,0,0,1,1
0.287,0.389,0.44,0,0,1,1
0.29,0.389,0.44,0,0,1,1
0.293,0.389,0.44,0,0,1,1
0.296,0.389,0.44,0,0,1,1
0.299,0.389,0.44,0,0,1,1
0.302,0.389,0.44,0,0,1,1
0.305,0.389,0.44,0,0,1,1
0.308,0.389,0.44,0,0,1,1
0.311,0.389,0.44,0,0,1,1
0.314,0.389,0.44,0,0,1,1
0.317,0.389,0.44,0,0,1,1
0.32,0.389,0.44,0,0,1,1
0.323,0.389,0.44,0,0,1,1
0.326,0.389,0.44,0,0,1,1
0.329,0.389,0.44,0,0,1,1
0.332,0.389,0.44,0,0,1,1
0.335,0.389,0.44,0,0,1,1
0.338,0.389,0.44,0,0,1,1
0.341,0.389,0.44,0,0,1,1
0.14,0.386,0.44,0,0,1,1
0.143,0.386,0.44,0,0,1,1
0.146,0.386,0.44,0,0,1,1
0.149,0.386,0.44,0,0,1,1
0.152,0.386,0.44,0,0,1,1
0.155,0.386,0.44,0,0,1,1
0.158,0.386,0.44,0,0,1,1
0.161,0.386,0.44,0,0,1,1
0.164,0.386,0.44,0,0,1,1
0.167,0.386,0.44,0,0,1,1
0.17,0.386,0.44,0,0,1,1
0.173,0.386,0.44,0,0,1,1
0.176,0.386,0.44,0,0,1,1
0.179,0.386,0.44,0,0,1,1
0.182,0.386,0.44,0,0,1,1
0.185,0.386,0.44,0,0,1,1
0.188,0.386,0.44,0,0,1,1
0.191,0.386,0.44,0,0,1,1
0.194,0.386,0.44,0,0,1,1
0.197,0.386,0.44,0,0,1,1
0.2,0.386,0.44,0,0,1,1
0.203,0.386,0.44,0,0,1,1
0.206,0.386,0.44,0,0,1,1
0.209,0.386,0.44,0,0,1,1
0.212,0.386,0.44,0,0,1,1
0.215,0.386,0.44,0,0,1,1
0.218,0.386,0.44,0,0,1,1
0.221,0.386,0.44,0,0,1,1
0.224,0.386,0.44,0,0,1,1
0.227,0.386,0.44,0,0,1,1
0.23,0.386,0.44,0,0,1,1
0.233,0.386,0.44,0,0,1,1
0.236,0.386,0.44,0,0,1,1
0.239,0.386,0.44,0,0,1,1
0.242,0.386,0.44,0,0,1,1
0.245,0.386,0.44,0,0,1,1
0.248,0.386,0.44,0,0,1,1
0.251,0.386,0.44,0,0,1,1
0.254,0.386,0.44,0,0,1,1
0.257,0.386,0.44,0,0,1,1
0.26,0.386,0.44,0,0,1,1
0.263,0.386,0.44,0,0,1,1
0.266,0.386,0.44,0,0,1,1
0.269,0.386,0.44,0,0,1,1
0.272,0.386,0.44,0,0,1,1
0.275,0.386,0.44,0,0,1,1
0.278,0.386,0.44,0,0,1,1
0.281,0.386,0.44,0,0,1,1
0.284,0.386,0.44,0,0,1,1
0.287,0.386,0.44,0,0,1,1
0.29,0.386,0.44,0,0,1,1
0.293,0.386,0.44,0,0,1,1
0.296,0.386,0.44,0,0,1,1
0.299,0.386,0.44,0,0,1,1
0.302,0.386,0.44,0,0,1,1
0.305,0.386,0.44,0,0,1,1
0.308,0.386,0.44,0,0,1,1
0.311,0.386,0.44,0,0,1,1
0.314,0.386,0.44,0,0,1,1
0.317,0.386,0.44,0,0,1,1
0.32,0.386,0.44,0,0,1,1
0.323,0.386,0.44,0,0,1,1
0.326,0.386,0.44,0,0,1,1
0.329,0.386,0.44,0,0,1,1
0.332,0.386,0.44,0,0,1,1
0.335,0.386,0.44,0,0,1,1
0.338,0.386,0.44,0,0,1,1
0.341,0.386,0.44,0,0,1,1
0.14,0.383,0.44,0,0,1,1
0.143,0.383,0.44,0,0,1,1
0.146,0.383,0.44,0,0,1,1
0.149,0.383,0.44,0,0,1,1
0.152,0.383,0.44,0,0,1,1
0.155,0.383,0.44,0,0,1,1
0.158,0.383,0.44,0,0,1,1
0.161,0.383,0.44,0,0,1,1
0.164,0.383,0.44,0,0,1,1
0.167,0.383,0.44,0,0,1,1
0.17,0.383,0.44,0,0,1,1
0.173,0.383,0.44,0,0,1,1
0.176,0.383,0.44,0,0,1,1
0.179,0.383,0.44,0,0,1,1
0.182,0.383,0.44,0,0,1,1
0.185,0.383,0.44,0,0,1,1
0.188,0.383,0.44,0,0,1,1
0.191,0.383,0.44,0,0,1,1
0.194,0.383,0.44,0,0,1,1
0.197,0.383,0.44,0,0,1,1
0.2,0.383,0.44,0,0,1,1
0.203,0.383,0.44,0,0,1,1
0.206,0.383,0.44,0,0,1,1
0.209,0.383,0.44,0,0,1,1
0.212,0.383,0.44,0,0,1,1
0.215,0.383,0.44,0,0,1,1
0.218,0.383,0.44,0,0,1,1
0.221,0.383,0.44,0,0,1,1
0.224,0.383,0.44,0,0,1,1
0.227,0.383,0.44,0,0,1,1
0.23,0.383,0.44,0,0,1,1
0.233,0.383,0.44,0,0,1,1
0.236,0.383,0.44,0,0,1,1
0.239,0.383,0.44,0,0,1,1
0.242,0.383,0.44,0,0,1,1
0.245,0.383,0.44,0,0,1,1
0.248,0.383,0.44,0,0,1,1
0.251,0.383,0.44,0,0,1,1
0.254,0.383,0.44,0,0,1,1
0.257,0.383,0.44,0,0,1,1
0.26,0.383,0.44,0,0,1,1
0.263,0.383,0.44,0,0,1,1
0.266,0.383,0.44,0,0,1,1
0.269,0.383,0.44,0,0,1,1
0.272,0.383,0.44,0,0,1,1
0.275,0.383,0.44,0,0,1,1
0.278,0.383,0.44,0,0,1,1
0.281,0.383,0.44,0,0,1,1
0.284,0.383,0.44,0,0,1,1
0.287,0.383,0.44,0,0,1,1
0.29,0.383,0.44,0,0,1,1
0.293,0.383,0.44,0,0,1,1
0.296,0.383,0.44,0,0,1,1
0.299,0.383,0.44,0,0,1,1
0.302,0.383,0.44,0,0,1,1
0.305,0.383,0.44,0,0,1,1
0.308,0.383,0.44,0,0,1,1
0.311,0.383,0.44,0,0,1,1
0.314,0.383,0.44,0,0,1,1
0.317,0.383,0.44,0,0,1,1
0.32,0.383,0.44,0,0,1,1
0.323,0.383,0.44,0,0,1,1
0.326,0.383,0.44,0,0,1,1
0.329,0.383,0.44,0,0,1,1
0.332,0.383,0.44,0,0,1,1
0.335,0.383,0.44,0,0,1,1
0.338,0.383,0.44,0,0,1,1
0.341,0.383,0.44,0,0,1,1
0.14,0.38,0.44,0,0,1,1
0.143,0.38,0.44,0,0,1,1
0.146,0.38,0.44,0,0,1,1
0.149,0.38,0.44,0,0,1,1
0.152,0.38,0.44,0,0,1,1
0.155,0.38,0.44,0,0,1,1
0.158,0.38,0.44,0,0,1,1
0.161,0.38,0.44,0,0,1,1
0.164,0.38,0.44,0,0,1,1
0.167,0.38,0.44,0,0,1,1
0.17,0.38,0.44,0,0,1,1
0.173,0.38,0.44,0,0,1,1
0.176,0.38,0.44,0,0,1,1
0.179,0.38,0.44,0,0,1,1
0.182,0.38,0.44,0,0,1,1
0.185,0.38,0.44,0,0,1,1
0.188,0.38,0.44,0,0,1,1
0.191,0.38,0.44,0,0,1,1
0.194,0.38,0.44,0,0,1,1
0.197,0.38,0.44,0,0,1,1
0.2,0.38,0.44,0,0,1,1
0.203,0.38,0.44,0,0,1,1
0.206,0.38,0.44,0,0,1,1
0.209,0.38,0.44,0,0,1,1
0.212,0.38,0.44,0,0,1,1
0.215,0.38,0.44,0,0,1,1
0.218,0.38,0.44,0,0,1,1
0.221,0.38,0.44,0,0,1,1
0.224,0.38,0.44,0,0,1,1
0.227,0.38,0.44,0,0,1,1
0.23,0.38,0.44,0,0,1,1
0.233,0.38,0.44,0,0,1,1
0.236,0.38,0.44,0,0,1,1
0.239,0.38,0.44,0,0,1,1
0.242,0.38,0.44,0,0,1,1
0.245,0.38,0.44,0,0,1,1
0.248,0.38,0.44,0,0,1,1
0.251,0.38,0.44,0,0,1,1
0.254,0.38,0.44,0,0,1,1
0.257,0.38,0.44,0,0,1,1
0.26,0.38,0.44,0,0,1,1
0.263,0.38,0.44,0,0,1,1
0.266,0.38,0.44,0,0,1,1
0.269,0.38,0.44,0,0,1,1
0.272,0.38,0.44,0,0,1,1
0.275,0.38,0.44,0,0,1,1
0.278,0.38,0.44,0,0,1,1
0.281,0.38,0.44,0,0,1,1
0.284,0.38,0.44,0,0,1,1
0.287,0.38,0.44,0,0,1,1
0.29,0.38,0.44,0,0,1,1
0.293,0.38,0.44,0,0,1,1
0.296,0.38,0.44,0,0,1,1
0.299,0.38,0.44,0,0,1,1
0.302,0.38,0.44,0,0,1,1
0.305,0.38,0.44,0,0,1,1
0.308,0.38,0.44,0,0,1,1
0.311,0.38,0.44,0,0,1,1
0.314,0.38,0.44,0,0,1,1
0.317,0.38,0.44,0,0,1,1
0.32,0.38,0.44,0,0,1,1
0.323,0.38,0.44,0,0,1,1
0.326,0.38,0.44,0,0,1,1
0.329,0.38,0.44,0,0,1,1
0.332,0.38,0.44,0,0,1,1
0.335,0.38,0.44,0,0,1,1
0.338,0.38,0.44,0,0,1,1
0.341,0.38,0.44,0,0,1,1
0.14,0.377,0.44,0,0,1,1
0.143,0.377,0.44,0,0,1,1
0.146,0.377,0.44,0,0,1,1
0.149,0.377,0.44,0,0,1,1
0.152,0.377,0.44,0,0,1,1
0.155,0.377,0.44,0,0,1,1
0.158,0.377,0.44,0,0,1,1
0.161,0.377,0.44,0,0,1,1
0.164,0.377,0.44,0,0,1,1
0.167,0.377,0.44,0,0,1,1
0.17,0.377,0.44,0,0,1,1
0.173,0.377,0.44,0,0,1,1
0.176,0.377,0.44,0,0,1,1
0.179,0.377,0.44,0,0,1,1
0.182,0.377,0.44,0,0,1,1
0.185,0.377,0.44,0,0,1,1
0.188,0.377,0.44,0,0,1,1
0.191,0.377,0.44,0,0,1,1
0.194,0.377,0.44,0,0,1,1
0.197,0.377,0.44,0,0,1,1
0.2,0.377,0.44,0,0,1,1
0.203,0.377,0.44,0,0,1,1
0.206,0.377,0.44,0,0,1,1
0.209,0.377,0.44,0,0,1,1
0.212,0.377,0.44,0,0,1,1
0.215,0.377,0.44,0,0,1,1
0.218,0.377,0.44,0,0,1,1
0.221,0.377,0.44,0,0,1,1
0.224,0.377,0.44,0,0,1,1
0.227,0.377,0.44,0,0,1,1
0.23,0.377,0.44,0,0,1,1
0.233,0.377,0.44,0,0,1,1
0.236,0.377,0.44,0,0,1,1
0.239,0.377,0.44,0,0,1,1
0.242,0.377,0.44,0,0,1,1
0.245,0.377,0.44,0,0,1,1
0.248,0.377,0.44,0,0,1,1
0.251,0.377,0.44,0,0,1,1
0.254,0.377,0.44,0,0,1,1
0.257,0.377,0.44,0,0,1,1
0.26,0.377,0.44,0,0,1,1
0.263,0.377,0.44,0,0,1,1
0.266,0.377,0.44,0,0,1,1
0.269,0.377,0.44,0,0,1,1
0.272,0.377,0.44,0,0,1,1
0.275,0.377,0.44,0,0,1,1
0.278,0.377,0.44,0,0,1,1
0.281,0.377,0.44,0,0,1,1
0.284,0.377,0.44,0,0,1,1
0.287,0.377,0.44,0,0,1,1
0.29,0.377,0.44,0,0,1,1
0.293,0.377,0.44,0,0,1,1
0.296,0.377,0.44,0,0,1,1
0.299,0.377,0.44,0,0,1,1
0.302,0.377,0.44,0,0,1,1
0.305,0.377,0.44,0,0,1,1
0.308,0.377,0.44,0,0,1,1
0.311,0.377,0.44,0,0,1,1
0.314,0.377,0.44,0,0,1,1
0.317,0.377,0.44,0,0,1,1
0.32,0.377,0.44,0,0,1,1
0.323,0.377,0.44,0,0,1,1
0.326,0.377,0.44,0,0,1,1
0.329,0.377,0.44,0,0,1,1
0.332,0.377,0.44,0,0,1,1
0.335,0.377,0.44,0,0,1,1
0.338,0.377,0.44,0,0,1,1
0.341,0.377,0.44,0,0,1,1
0.14,0.374,0.44,0,0,1,1
0.143,0.374,0.44,0,0,1,1
0.146,0.374,0.44,0,0,1,1
0.149,0.374,0.44,0,0,1,1
0.152,0.374,0.44,0,0,1,1
0.155,0.374,0.44,0,0,1,1
0.158,0.374,0.44,0,0,1,1
0.161,0.374,0.44,0,0,1,1
0.164,0.374,0.44,0,0,1,1
0.167,0.374,0.44,0,0,1,1
0.17,0.374,0.44,0,0,1,1
0.173,0.374,0.44,0,0,1,1
0.176,0.374,0.44,0,0,1,1
0.179,0.374,0.44,0,0,1,1
0.182,0.374,0.44,0,0,1,1
0.185,0.374,0.44,0,0,1,1
0.188,0.374,0.44,0,0,1,1
0.191,0.374,0.44,0,0,1,1
0.194,0.374,0.44,0,0,1,1
0.197,0.374,0.44,0,0,1,1
0.2,0.374,0.44,0,0,1,1
0.203,0.374,0.44,0,0,1,1
0.206,0.374,0.44,0,0,1,1
0.209,0.374,0.44,0,0,1,1
0.212,0.374,0.44,0,0,1,1
0.215,0.374,0.44,0,0,1,1
0.218,0.374,0.44,0,0,1,1
0.221,0.374,0.44,0,0,1,1
0.224,0.374,0.44,0,0,1,1
0.227,0.374,0.44,0,0,1,1
0.23,0.374,0.44,0,0,1,1
0.233,0.374,0.44,0,0,1,1
0.236,0.374,0.44,0,0,1,1
0.239,0.374,0.44,0,0,1,1
0.242,0.374,0.44,0,0,1,1
0.245,0.374,0.44,0,0,1,1
0.248,0.374,0.44,0,0,1,1
0.251,0.374,0.44,0,0,1,1
0.254,0.374,0.44,0,0,1,1
0.257,0.374,0.44,0,0,1,1
0.26,0.374,0.44,0,0,1,1
0.263,0.374,0.44,0,0,1,1
0.266,0.374,0.44,0,0,1,1
0.269,0.374,0.44,0,0,1,1
0.272,0.374,0.44,0,0,1,1
0.275,0.374,0.44,0,0,1,1
0.278,0.374,0.44,0,0,1,1
0.281,0.374,0.44,0,0,1,1
0.284,0.374,0.44,0,0,1,1
0.287,0.374,0.44,0,0,1,1
0.29,0.374,0.44,0,0,1,1
0.293,0.374,0.44,0,0,1,1
0.296,0.374,0.44,0,0,1,1
0.299,0.374,0.44,0,0,1,1
0.302,0.374,0.44,0,0,1,1
0.305,0.374,0.44,0,0,1,1
0.308,0.374,0.44,0,0,1,1
0.311,0.374,0.44,0,0,1,1
0.314,0.374,0.44,0,0,1,1
0.317,0.374,0.44,0,0,1,1
0.32,0.374,0.44,0,0,1,1
0.323,0.374,0.44,0,0,1,1
0.326,0.374,0.44,0,0,1,1
0.329,0.374,0.44,0,0,1,1
0.332,0.374,0.44,0,0,1,1
0.335,0.374,0.44,0,0,1,1
0.338,0.374,0.44,0,0,1,1
0.341,0.374,0.44,0,0,1,1
0.14,0.371,0.44,0,0,1,1
0.143,0.371,0.44,0,0,1,1
0.146,0.371,0.44,0,0,1,1
0.149,0.371,0.44,0,0,1,1
0.152,0.371,0.44,0,0,1,1
0.155,0.371,0.44,0,0,1,1
0.158,0.371,0.44,0,0,1,1
0.161,0.371,0.44,0,0,1,1
0.164,0.371,0.44,0,0,1,1
0.167,0.371,0.44,0,0,1,1
0.17,0.371,0.44,0,0,1,1
0.173,0.371,0.44,0,0,1,1
0.176,0.371,0.44,0,0,1,1
0.179,0.371,0.44,0,0,1,1
0.182,0.371,0.44,0,0,1,1
0.185,0.371,0.44,0,0,1,1
0.188,0.371,0.44,0,0,1,1
0.191,0.371,0.44,0,0,1,1
0.194,0.371,0.44,0,0,1,1
0.197,0.371,0.44,0,0,1,1
0.2,0.371,0.44,0,0,1,1
0.203,0.371,0.44,0,0,1,1
0.206,0.371,0.44,0,0,1,1
0.209,0.371,0.44,0,0,1,1
0.212,0.371,0.44,0,0,1,1
0.215,0.371,0.44,0,0,1,1
0.218,0.371,0.44,0,0,1,1
0.221,0.371,0.44,0,0,1,1
0.224,0.371,0.44,0,0,1,1
0.227,0.371,0.44,0,0,1,1
0.23,0.371,0.44,0,0,1,1
0.233,0.371,0.44,0,0,1,1
0.236,0.371,0.44,0,0,1,1
0.239,0.371,0.44,0,0,1,1
0.242,0.371,0.44,0,0,1,1
0.245,0.371,0.44,0,0,1,1
0.248,0.371,0.44,0,0,1,1
0.251,0.371,0.44,0,0,1,1
0.254,0.371,0.44,0,0,1,1
0.257,0.371,0.44,0,0,1,1
0.26,0.371,0.44,0,0,1,1
0.263,0.371,0.44,0,0,1,1
0.266,0.371,0.44,0,0,1,1
0.269,0.371,0.44,0,0,1,1
0.272,0.371,0.44,0,0,1,1
0.275,0.371,0.44,0,0,1,1
0.278,0.371,0.44,0,0,1,1
0.281,0.371,0.44,0,0,1,1
0.284,0.371,0.44,0,0,1,1
0.287,0.371,0.44,0,0,1,1
0.29,0.371,0.44,0,0,1,1
0.293,0.371,0.44,0,0,1,1
0.296,0.371,0.44,0,0,1,1
0.299,0.371,0.44,0,0,1,1
0.302,0.371,0.44,0,0,1,1
0.305,0.371,0.44,0,0,1,1
0.308,0.371,0.44,0,0,1,1
0.311,0.371,0.44,0,0,1,1
0.314,0.371,0.44,0,0,1,1
0.317,0.371,0.44,0,0,1,1
0.32,0.371,0.44,0,0,1,1
0.323,0.371,0.44,0,0,1,1
0.326,0.371,0.44,0,0,1,1
0.329,0.371,0.44,0,0,1,1
0.332,0.371,0.44,0,0,1,1
0.335,0.371,0.44,0,0,1,1
0.338,0.371,0.44,0,0,1,1
0.341,0.371,0.44,0,0,1,1
0.14,0.368,0.44,0,0,1,1
0.143,0.368,0.44,0,0,1,1
0.146,0.368,0.44,0,0,1,1
0.149,0.368,0.44,0,0,1,1
0.152,0.368,0.44,0,0,1,1
0.155,0.368,0.44,0,0,1,1
0.158,0.368,0.44,0,0,1,1
0.161,0.368,0.44,0,0,1,1
0.164,0.368,0.44,0,0,1,1
0.167,0.368,0.44,0,0,1,1
0.17,0.368,0.44,0,0,1,1
0.173,0.368,0.44,0,0,1,1
0.176,0.368,0.44,0,0,1,1
0.179,0.368,0.44,0,0,1,1
0.182,0.368,0.44,0,0,1,1
0.185,0.368,0.44,0,0,1,1
0.188,0.368,0.44,0,0,1,1
0.191,0.368,0.44,0,0,1,1
0.194,0.368,0.44,0,0,1,1
0.197,0.368,0.44,0,0,1,1
0.2,0.368,0.44,0,0,1,1
0.203,0.368,0.44,0,0,1,1
0.206,0.368,0.44,0,0,1,1
0.209,0.368,0.44,0,0,1,1
0.212,0.368,0.44,0,0,1,1
0.215,0.368,0.44,0,0,1,1
0.218,0.368,0.44,0,0,1,1
0.221,0.368,0.44,0,0,1,1
0.224,0.368,0.44,0,0,1,1
0.227,0.368,0.44,0,0,1,1
0.23,0.368,0.44,0,0,1,1
0.233,0.368,0.44,0,0,1,1
0.236,0.368,0.44,0,0,1,1
0.239,0.368,0.44,0,0,1,1
0.242,0.368,0.44,0,0,1,1
0.245,0.368,0.44,0,0,1,1
0.248,0.368,0.44,0,0,1,1
0.251,0.368,0.44,0,0,1,1
0.254,0.368,0.44,0,0,1,1
0.257,0.368,0.44,0,0,1,1
0.26,0.368,0.44,0,0,1,1
0.263,0.368,0.44,0,0,1,1
0.266,0.368,0.44,0,0,1,1
0.269,0.368,0.44,0,0,1,1
0.272,0.368,0.44,0,0,1,1
0.275,0.368,0.44,0,0,1,1
0.278,0.368,0.44,0,0,1,1
0.281,0.368,0.44,0,0,1,1
0.284,0.368,0.44,0,0,1,1
0.287,0.368,0.44,0,0,1,1
0.29,0.368,0.44,0,0,1,1
0.293,0.368,0.44,0,0,1,1
0.296,0.368,0.44,0,0,1,1
0.299,0.368,0.44,0,0,1,1
0.302,0.368,0.44,0,0,1,1
0.305,0.368,0.44,0,0,1,1
0.308,0.368,0.44,0,0,1,1
0.311,0.368,0.44,0,0,1,1
0.314,0.368,0.44,0,0,1,1
0.317,0.368,0.44,0,0,1,1
0.32,0.368,0.44,0,0,1,1
0.323,0.368,0.44,0,0,1,1
0.326,0.368,0.44,0,0,1,1
0.329,0.368,0.44,0,0,1,1
0.332,0.368,0.44,0,0,1,1
0.335,0.368,0.44,0,0,1,1
0.338,0.368,0.44,0,0,1,1
0.341,0.368,0.44,0,0,1,1
0.14,0.365,0.44,0,0,1,1
0.143,0.365,0.44,0,0,1,1
0.146,0.365,0.44,0,0,1,1
0.149,0.365,0.44,0,0,1,1
0.152,0.365,0.44,0,0,1,1
0.155,0.365,0.44,0,0,1,1
0.158,0.365,0.44,0,0,1,1
0.161,0.365,0.44,0,0,1,1
0.164,0.365,0.44,0,0,1,1
0.167,0.365,0.44,0,0,1,1
0.17,0.365,0.44,0,0,1,1
0.173,0.365,0.44,0,0,1,1
0.176,0.365,0.44,0,0,1,1
0.179,0.365,0.44,0,0,1,1
0.182,0.365,0.44,0,0,1,1
0.185,0.365,0.44,0,0,1,1
0.188,0.365,0.44,0,0,1,1
0.191,0.365,0.44,0,0,1,1
0.194,0.365,0.44,0,0,1,1
0.197,0.365,0.44,0,0,1,1
0.2,0.365,0.44,0,0,1,1
0.203,0.365,0.44,0,0,1,1
0.206,0.365,0.44,0,0,1,1
0.209,0.365,0.44,0,0,1,1
0.212,0.365,0.44,0,0,1,1
0.215,0.365,0.44,0,0,1,1
0.218,0.365,0.44,0,0,1,1
0.221,0.365,0.44,0,0,1,1
0.224,0.365,0.44,0,0,1,1
0.227,0.365,0.44,0,0,1,1
0.23,0.365,0.44,0,0,1,1
0.233,0.365,0.44,0,0,1,1
0.236,0.365,0.44,0,0,1,1
0.239,0.365,0.44,0,0,1,1
0.242,0.365,0.44,0,0,1,1
0.245,0.365,0.44,0,0,1,1
0.248,0.365,0.44,0,0,1,1
0.251,0.365,0.44,0,0,1,1
0.254,0.365,0.44,0,0,1,1
0.257,0.365,0.44,0,0,1,1
0.26,0.365,0.44,0,0,1,1
0.263,0.365,0.44,0,0,1,1
0.266,0.365,0.44,0,0,1,1
0.269,0.365,0.44,0,0,1,1
0.272,0.365,0.44,0,0,1,1
0.275,0.365,0.44,0,0,1,1
0.278,0.365,0.44,0,0,1,1
0.281,0.365,0.44,0,0,1,1
0.284,0.365,0.44,0,0,1,1
0.287,0.365,0.44,0,0,1,1
0.29,0.365,0.44,0,0,1,1
0.293,0.365,0.44,0,0,1,1
0.296,0.365,0.44,0,0,1,1
0.299,0.365,0.44,0,0,1,1
0.302,0.365,0.44,0,0,1,1
0.305,0.365,0.44,0,0,1,1
0.308,0.365,0.44,0,0,1,1
0.311,0.365,0.44,0,0,1,1
0.314,0.365,0.44,0,0,1,1
0.317,0.365,0.44,0,0,1,1
0.32,0.365,0.44,0,0,1,1
0.323,0.365,0.44,0,0,1,1
0.326,0.365,0.44,0,0,1,1
0.329,0.365,0.44,0,0,1,1
0.332,0.365,0.44,0,0,1,1
0.335,0.365,0.44,0,0,1,1
0.338,0.365,0.44,0,0,1,1
0.341,0.365,0.44,0,0,1,1
0.14,0.362,0.44,0,0,1,1
0.143,0.362,0.44,0,0,1,1
0.146,0.362,0.44,0,0,1,1
0.149,0.362,0.44,0,0,1,1
0.152,0.362,0.44,0,0,1,1
0.155,0.362,0.44,0,0,1,1
0.158,0.362,0.44,0,0,1,1
0.161,0.362,0.44,0,0,1,1
0.164,0.362,0.44,0,0,1,1
0.167,0.362,0.44,0,0,1,1
0.17,0.362,0.44,0,0,1,1
0.173,0.362,0.44,0,0,1,1
0.176,0.362,0.44,0,0,1,1
0.179,0.362,0.44,0,0,1,1
0.182,0.362,0.44,0,0,1,1
0.185,0.362,0.44,0,0,1,1
0.188,0.362,0.44,0,0,1,1
0.191,0.362,0.44,0,0,1,1
0.194,0.362,0.44,0,0,1,1
0.197,0.362,0.44,0,0,1,1
0.2,0.362,0.44,0,0,1,1
0.203,0.362,0.44,0,0,1,1
0.206,0.362,0.44,0,0,1,1
0.209,0.362,0.44,0,0,1,1
0.212,0.362,0.44,0,0,1,1
0.215,0.362,0.44,0,0,1,1
0.218,0.362,0.44,0,0,1,1
0.221,0.362,0.44,0,0,1,1
0.224,0.362,0.44,0,0,1,1
0.227,0.362,0.44,0,0,1,1
0.23,0.362,0.44,0,0,1,1
0.233,0.362,0.44,0,0,1,1
0.236,0.362,0.44,0,0,1,1
0.239,0.362,0.44,0,0,1,1
0.242,0.362,0.44,0,0,1,1
0.245,0.362,0.44,0,0,1,1
0.248,0.362,0.44,0,0,1,1
0.251,0.362,0.44,0,0,1,1
0.254,0.362,0.44,0,0,1,1
0.257,0.362,0.44,0,0,1,1
0.26,0.362,0.44,0,0,1,1
0.263,0.362,0.44,0,0,1,1
0.266,0.362,0.44,0,0,1,1
0.269,0.362,0.44,0,0,1,1
0.272,0.362,0.44,0,0,1,1
0.275,0.362,0.44,0,0,1,1
0.278,0.362,0.44,0,0,1,1
0.281,0.362,0.44,0,0,1,1
0.284,0.362,0.44,0,0,1,1
0.287,0.362,0.44,0,0,1,1
0.29,0.362,0.44,0,0,1,1
0.293,0.362,0.44,0,0,1,1
0.296,0.362,0.44,0,0,1,1
0.299,0.362,0.44,0,0,1,1
0.302,0.362,0.44,0,0,1,1
0.305,0.362,0.44,0,0,1,1
0.308,0.362,0.44,0,0,1,1
0.311,0.362,0.44,0,0,1,1
0.314,0.362,0.44,0,0,1,1
0.317,0.362,0.44,0,0,1,1
0.32,0.362,0.44,0,0,1,1
0.323,0.362,0.44,0,0,1,1
0.326,0.362,0.44,0,0,1,1
0.329,0.362,0.44,0,0,1,1
0.332,0.362,0.44,0,0,1,1
0.335,0.362,0.44,0,0,1,1
0.338,0.362,0.44,0,0,1,1
0.341,0.362,0.44,0,0,1,1
0.14,0.359,0.44,0,0,1,1
0.143,0.359,0.44,0,0,1,1
0.146,0.359,0.44,0,0,1,1
0.149,0.359,0.44,0,0,1,1
0.152,0.359,0.44,0,0,1,1
0.155,0.359,0.44,0,0,1,1
0.158,0.359,0.44,0,0,1,1
0.161,0.359,0.44,0,0,1,1
0.164,0.359,0.44,0,0,1,1
0.167,0.359,0.44,0,0,1,1
0.17,0.359,0.44,0,0,1,1
0.173,0.359,0.44,0,0,1,1
0.176,0.359,0.44,0,0,1,1
0.179,0.359,0.44,0,0,1,1
0.182,0.359,0.44,0,0,1,1
0.185,0.359,0.44,0,0,1,1
0.188,0.359,0.44,0,0,1,1
0.191,0.359,0.44,0,0,1,1
0.194,0.359,0.44,0,0,1,1
0.197,0.359,0.44,0,0,1,1
0.2,0.359,0.44,0,0,1,1
0.203,0.359,0.44,0,0,1,1
0.206,0.359,0.44,0,0,1,1
0.209,0.359,0.44,0,0,1,1
0.212,0.359,0.44,0,0,1,1
0.215,0.359,0.44,0,0,1,1
0.218,0.359,0.44,0,0,1,1
0.221,0.359,0.44,0,0,1,1
0.224,0.359,0.44,0,0,1,1
0.227,0.359,0.44,0,0,1,1
0.23,0.359,0.44,0,0,1,1
0.233,0.359,0.44,0,0,1,1
0.236,0.359,0.44,0,0,1,1
0.239,0.359,0.44,0,0,1,1
0.242,0.359,0.44,0,0,1,1
0.245,0.359,0.44,0,0,1,1
0.248,0.359,0.44,0,0,1,1
0.251,0.359,0.44,0,0,1,1
0.254,0.359,0.44,0,0,1,1
0.257,0.359,0.44,0,0,1,1
0.26,0.359,0.44,0,0,1,1
0.263,0.359,0.44,0,0,1,1
0.266,0.359,0.44,0,0,1,1
0.269,0.359,0.44,0,0,1,1
0.272,0.359,0.44,0,0,1,1
0.275,0.359,0.44,0,0,1,1
0.278,0.359,0.44,0,0,1,1
0.281,0.359,0.44,0,0,1,1
0.284,0.359,0.44,0,0,1,1
0.287,0.359,0.44,0,0,1,1
0.29,0.359,0.44,0,0,1,1
0.293,0.359,0.44,0,0,1,1
0.296,0.359,0.44,0,0,1,1
0.299,0.359,0.44,0,0,1,1
0.302,0.359,0.44,0,0,1,1
0.305,0.359,0.44,0,0,1,1
0.308,0.359,0.44,0,0,1,1
0.311,0.359,0.44,0,0,1,1
0.314,0.359,0.44,0,0,1,1
0.317,0.359,0.44,0,0,1,1
0.32,0.359,0.44,0,0,1,1
0.323,0.359,0.44,0,0,1,1
0.326,0.359,0.44,0,0,1,1
0.329,0.359,0.44,0,0,1,1
0.332,0.359,0.44,0,0,1,1
0.335,0.359,0.44,0,0,1,1
0.338,0.359,0.44,0,0,1,1
0.341,0.359,0.44,0,0,1,1
0.14,0.356,0.44,0,0,1,1
0.143,0.356,0.44,0,0,1,1
0.146,0.356,0.44,0,0,1,1
0.149,0.356,0.44,0,0,1,1
0.152,0.356,0.44,0,0,1,1
0.155,0.356,0.44,0,0,1,1
0.158,0.356,0.44,0,0,1,1
0.161,0.356,0.44,0,0,1,1
0.164,0.356,0.44,0,0,1,1
0.167,0.356,0.44,0,0,1,1
0.17,0.356,0.44,0,0,1,1
0.173,0.356,0.44,0,0,1,1
0.176,0.356,0.44,0,0,1,1
0.179,0.356,0.44,0,0,1,1
0.182,0.356,0.44,0,0,1,1
0.185,0.356,0.44,0,0,1,1
0.188,0.356,0.44,0,0,1,1
0.191,0.356,0.44,0,0,1,1
0.194,0.356,0.44,0,0,1,1
0.197,0.356,0.44,0,0,1,1
0.2,0.356,0.44,0,0,1,1
0.203,0.356,0.44,0,0,1,1
0.206,0.356,0.44,0,0,1,1
0.209,0.356,0.44,0,0,1,1
0.212,0.356,0.44,0,0,1,1
0.215,0.356,0.44,0,0,1,1
0.218,0.356,0.44,0,0,1,1
0.221,0.356,0.44,0,0,1,1
0.224,0.356,0.44,0,0,1,1
0.227,0.356,0.44,0,0,1,1
0.23,0.356,0.44,0,0,1,1
0.233,0.356,0.44,0,0,1,1
0.236,0.356,0.44,0,0,1,1
0.239,0.356,0.44,0,0,1,1
0.242,0.356,0.44,0,0,1,1
0.245,0.356,0.44,0,0,1,1
0.248,0.356,0.44,0,0,1,1
0.251,0.356,0.44,0,0,1,1
0.254,0.356,0.44,0,0,1,1
0.257,0.356,0.44,0,0,1,1
0.26,0.356,0.44,0,0,1,1
0.263,0.356,0.44,0,0,1,1
0.266,0.356,0.44,0,0,1,1
0.269,0.356,0.44,0,0,1,1
0.272,0.356,0.44,0,0,1,1
0.275,0.356,0.44,0,0,1,1
0.278,0.356,0.44,0,0,1,1
0.281,0.356,0.44,0,0,1,1
0.284,0.356,0.44,0,0,1,1
0.287,0.356,0.44,0,0,1,1
0.29,0.356,0.44,0,0,1,1
0.293,0.356,0.44,0,0,1,1
0.296,0.356,0.44,0,0,1,1
0.299,0.356,0.44,0,0,1,1
0.302,0.356,0.44,0,0,1,1
0.305,0.356,0.44,0,0,1,1
0.308,0.356,0.44,0,0,1,1
0.311,0.356,0.44,0,0,1,1
0.314,0.356,0.44,0,0,1,1
0.317,0.356,0.44,0,0,1,1
0.32,0.356,0.44,0,0,1,1
0.323,0.356,0.44,0,0,1,1
0.326,0.356,0.44,0,0,1,1
0.329,0.356,0.44,0,0,1,1
0.332,0.356,0.44,0,0,1,1
0.335,0.356,0.44,0,0,1,1
0.338,0.356,0.44,0,0,1,1
0.341,0.356,0.44,0,0,1,1
0.14,0.353,0.44,0,0,1,1
0.143,0.353,0.44,0,0,1,1
0.146,0.353,0.44,0,0,1,1
0.149,0.353,0.44,0,0,1,1
0.152,0.353,0.44,0,0,1,1
0.155,0.353,0.44,0,0,1,1
0.158,0.353,0.44,0,0,1,1
0.161,0.353,0.44,0,0,1,1
0.164,0.353,0.44,0,0,1,1
0.167,0.353,0.44,0,0,1,1
0.17,0.353,0.44,0,0,1,1
0.173,0.353,0.44,0,0,1,1
0.176,0.353,0.44,0,0,1,1
0.179,0.353,0.44,0,0,1,1
0.182,0.353,0.44,0,0,1,1
0.185,0.353,0.44,0,0,1,1
0.188,0.353,0.44,0,0,1,1
0.191,0.353,0.44,0,0,1,1
0.194,0.353,0.44,0,0,1,1
0.197,0.353,0.44,0,0,1,1
0.2,0.353,0.44,0,0,1,1
0.203,0.353,0.44,0,0,1,1
0.206,0.353,0.44,0,0,1,1
0.209,0.353,0.44,0,0,1,1
0.212,0.353,0.44,0,0,1,1
0.215,0.353,0.44,0,0,1,1
0.218,0.353,0.44,0,0,1,1
0.221,0.353,0.44,0,0,1,1
0.224,0.353,0.44,0,0,1,1
0.227,0.353,0.44,0,0,1,1
0.23,0.353,0.44,0,0,1,1
0.233,0.353,0.44,0,0,1,1
0.236,0.353,0.44,0,0,1,1
0.239,0.353,0.44,0,0,1,1
0.242,0.353,0.44,0,0,1,1
0.245,0.353,0.44,0,0,1,1
0.248,0.353,0.44,0,0,1,1
0.251,0.353,0.44,0,0,1,1
0.254,0.353,0.44,0,0,1,1
0.257,0.353,0.44,0,0,1,1
0.26,0.353,0.44,0,0,1,1
0.263,0.353,0.44,0,0,1,1
0.266,0.353,0.44,0,0,1,1
0.269,0.353,0.44,0,0,1,1
0.272,0.353,0.44,0,0,1,1
0.275,0.353,0.44,0,0,1,1
0.278,0.353,0.44,0,0,1,1
0.281,0.353,0.44,0,0,1,1
0.284,0.353,0.44,0,0,1,1
0.287,0.353,0.44,0,0,1,1
0.29,0.353,0.44,0,0,1,1
0.293,0.353,0.44,0,0,1,1
0.296,0.353,0.44,0,0,1,1
0.299,0.353,0.44,0,0,1,1
0.302,0.353,0.44,0,0,1,1
0.305,0.353,0.44,0,0,1,1
0.308,0.353,0.44,0,0,1,1
0.311,0.353,0.44,0,0,1,1
0.314,0.353,0.44,0,0,1,1
0.317,0.353,0.44,0,0,1,1
0.32,0.353,0.44,0,0,1,1
0.323,0.353,0.44,0,0,1,1
0.326,0.353,0.44,0,0,1,1
0.329,0.353,0.44,0,0,1,1
0.332,0.353,0.44,0,0,1,1
0.335,0.353,0.44,0,0,1,1
0.338,0.353,0.44,0,0,1,1
0.341,0.353,0.44,0,0,1,1
0.14,0.35,0.44,0,0,1,1
0.143,0.35,0.44,0,0,1,1
0.146,0.35,0.44,0,0,1,1
0.149,0.35,0.44,0,0,1,1
0.152,0.35,0.44,0,0,1,1
0.155,0.35,0.44,0,0,1,1
0.158,0.35,0.44,0,0,1,1
0.161,0.35,0.44,0,0,1,1
0.164,0.35,0.44,0,0,1,1
0.167,0.35,0.44,0,0,1,1
0.17,0.35,0.44,0,0,1,1
0.173,0.35,0.44,0,0,1,1
0.176,0.35,0.44,0,0,1,1
0.179,0.35,0.44,0,0,1,1
0.182,0.35,0.44,0,0,1,1
0.185,0.35,0.44,0,0,1,1
0.188,0.35,0.44,0,0,1,1
0.191,0.35,0.44,0,0,1,1
0.194,0.35,0.44,0,0,1,1
0.197,0.35,0.44,0,0,1,1
0.2,0.35,0.44,0,0,1,1
0.203,0.35,0.44,0,0,1,1
0.206,0.35,0.44,0,0,1,1
0.209,0.35,0.44,0,0,1,1
0.212,0.35,0.44,0,0,1,1
0.215,0.35,0.44,0,0,1,1
0.218,0.35,0.44,0,0,1,1
0.221,0.35,0.44,0,0,1,1
0.224,0.35,0.44,0,0,1,1
0.227,0.35,0.44,0,0,1,1
0.23,0.35,0.44,0,0,1,1
0.233,0.35,0.44,0,0,1,1
0.236,0.35,0.44,0,0,1,1
0.239,0.35,0.44,0,0,1,1
0.242,0.35,0.44,0,0,1,1
0.245,0.35,0.44,0,0,1,1
0.248,0.35,0.44,0,0,1,1
0.251,0.35,0.44,0,0,1,1
0.254,0.35,0.44,0,0,1,1
0.257,0.35,0.44,0,0,1,1
0.26,0.35,0.44,0,0,1,1
0.263,0.35,0.44,0,0,1,1
0.266,0.35,0.44,0,0,1,1
0.269,0.35,0.44,0,0,1,1
0.272,0.35,0.44,0,0,1,1
0.275,0.35,0.44,0,0,1,1
0.278,0.35,0.44,0,0,1,1
0.281,0.35,0.44,0,0,1,1
0.284,0.35,0.44,0,0,1,1
0.287,0.35,0.44,0,0,1,1
0.29,0.35,0.44,0,0,1,1
0.293,0.35,0.44,0,0,1,1
0.296,0.35,0.44,0,0,1,1
0.299,0.35,0.44,0,0,1,1
0.302,0.35,0.44,0,0,1,1
0.305,0.35,0.44,0,0,1,1
0.308,0.35,0.44,0,0,1,1
0.311,0.35,0.44,0,0,1,1
0.314,0.35,0.44,0,0,1,1
0.317,0.35,0.44,0,0,1,1
0.32,0.35,0.44,0,0,1,1
0.323,0.35,0.44,0,0,1,1
0.326,0.35,0.44,0,0,1,1
0.329,0.35,0.44,0,0,1,1
0.332,0.35,0.44,0,0,1,1
0.335,0.35,0.44,0,0,1,1
0.338,0.35,0.44,0,0,1,1
0.341,0.35,0.44,0,0,1,1
0.14,0.347,0.44,0,0,1,1
0.143,0.347,0.44,0,0,1,1
0.146,0.347,0.44,0,0,1,1
0.149,0.347,0.44,0,0,1,1
0.152,0.347,0.44,0,0,1,1
0.155,0.347,0.44,0,0,1,1
0.158,0.347,0.44,0,0,1,1
0.161,0.347,0.44,0,0,1,1
0.164,0.347,0.44,0,0,1,1
0.167,0.347,0.44,0,0,1,1
0.17,0.347,0.44,0,0,1,1
0.173,0.347,0.44,0,0,1,1
0.176,0.347,0.44,0,0,1,1
0.179,0.347,0.44,0,0,1,1
0.182,0.347,0.44,0,0,1,1
0.185,0.347,0.44,0,0,1,1
0.188,0.347,0.44,0,0,1,1
0.191,0.347,0.44,0,0,1,1
0.194,0.347,0.44,0,0,1,1
0.197,0.347,0.44,0,0,1,1
0.2,0.347,0.44,0,0,1,1
0.203,0.347,0.44,0,0,1,1
0.206,0.347,0.44,0,0,1,1
0.209,0.347,0.44,0,0,1,1
0.212,0.347,0.44,0,0,1,1
0.215,0.347,0.44,0,0,1,1
0.218,0.347,0.44,0,0,1,1
0.221,0.347,0.44,0,0,1,1
0.224,0.347,0.44,0,0,1,1
0.227,0.347,0.44,0,0,1,1
0.23,0.347,0.44,0,0,1,1
0.233,0.347,0.44,0,0,1,1
0.236,0.347,0.44,0,0,1,1
0.239,0.347,0.44,0,0,1,1
0.242,0.347,0.44,0,0,1,1
0.245,0.347,0.44,0,0,1,1
0.248,0.347,0.44,0,0,1,1
0.251,0.347,0.44,0,0,1,1
0.254,0.347,0.44,0,0,1,1
0.257,0.347,0.44,0,0,1,1
0.26,0.347,0.44,0,0,1,1
0.263,0.347,0.44,0,0,1,1
0.266,0.347,0.44,0,0,1,1
0.269,0.347,0.44,0,0,1,1
0.272,0.347,0.44,0,0,1,1
0.275,0.347,0.44,0,0,1,1
0.278,0.347,0.44,0,0,1,1
0.281,0.347,0.44,0,0,1,1
0.284,0.347,0.44,0,0,1,1
0.287,0.347,0.44,0,0,1,1
0.29,0.347,0.44,0,0,1,1
0.293,0.347,0.44,0,0,1,1
0.296,0.347,0.44,0,0,1,1
0.299,0.347,0.44,0,0,1,1
0.302,0.347,0.44,0,0,1,1
0.305,0.347,0.44,0,0,1,1
0.308,0.347,0.44,0,0,1,1
0.311,0.347,0.44,0,0,1,1
0.314,0.347,0.44,0,0,1,1
0.317,0.347,0.44,0,0,1,1
0.32,0.347,0.44,0,0,1,1
0.323,0.347,0.44,0,0,1,1
0.326,0.347,0.44,0,0,1,1
0.329,0.347,0.44,0,0,1,1
0.332,0.347,0.44,0,0,1,1
0.335,0.347,0.44,0,0,1,1
0.338,0.347,0.44,0,0,1,1
0.341,0.347,0.44,0,0,1,1
0.14,0.344,0.44,0,0,1,1
0.143,0.344,0.44,0,0,1,1
0.146,0.344,0.44,0,0,1,1
0.149,0.344,0.44,0,0,1,1
0.152,0.344,0.44,0,0,1,1
0.155,0.344,0.44,0,0,1,1
0.158,0.344,0.44,0,0,1,1
0.161,0.344,0.44,0,0,1,1
0.164,0.344,0.44,0,0,1,1
0.167,0.344,0.44,0,0,1,1
0.17,0.344,0.44,0,0,1,1
0.173,0.344,0.44,0,0,1,1
0.176,0.344,0.44,0,0,1,1
0.179,0.344,0.44,0,0,1,1
0.182,0.344,0.44,0,0,1,1
0.185,0.344,0.44,0,0,1,1
0.188,0.344,0.44,0,0,1,1
0.191,0.344,0.44,0,0,1,1
0.194,0.344,0.44,0,0,1,1
0.197,0.344,0.44,0,0,1,1
0.2,0.344,0.44,0,0,1,1
0.203,0.344,0.44,0,0,1,1
0.206,0.344,0.44,0,0,1,1
0.209,0.344,0.44,0,0,1,1
0.212,0.344,0.44,0,0,1,1
0.215,0.344,0.44,0,0,1,1
0.218,0.344,0.44,0,0,1,1
0.221,0.344,0.44,0,0,1,1
0.224,0.344,0.44,0,0,1,1
0.227,0.344,0.44,0,0,1,1
0.23,0.344,0.44,0,0,1,1
0.233,0.344,0.44,0,0,1,1
0.236,0.344,0.44,0,0,1,1
0.239,0.344,0.44,0,0,1,1
0.242,0.344,0.44,0,0,1,1
0.245,0.344,0.44,0,0,1,1
0.248,0.344,0.44,0,0,1,1
0.251,0.344,0.44,0,0,1,1
0.254,0.344,0.44,0,0,1,1
0.257,0.344,0.44,0,0,1,1
0.26,0.344,0.44,0,0,1,1
0.263,0.344,0.44,0,0,1,1
0.266,0.344,0.44,0,0,1,1
0.269,0.344,0.44,0,0,1,1
0.272,0.344,0.44,0,0,1,1
0.275,0.344,0.44,0,0,1,1
0.278,0.344,0.44,0,0,1,1
0.281,0.344,0.44,0,0,1,1
0.284,0.344,0.44,0,0,1,1
0.287,0.344,0.44,0,0,1,1
0.29,0.344,0.44,0,0,1,1
0.293,0.344,0.44,0,0,1,1
0.296,0.344,0.44,0,0,1,1
0.299,0.344,0.44,0,0,1,1
0.302,0.344,0.44,0,0,1,1
0.305,0.344,0.44,0,0,1,1
0.308,0.344,0.44,0,0,1,1
0.311,0.344,0.44,0,0,1,1
0.314,0.344,0.44,0,0,1,1
0.317,0.344,0.44,0,0,1,1
0.32,0.344,0.44,0,0,1,1
0.323,0.344,0.44,0,0,1,1
0.326,0.344,0.44,0,0,1,1
0.329,0.344,0.44,0,0,1,1
0.332,0.344,0.44,0,0,1,1
0.335,0.344,0.44,0,0,1,1
0.338,0.344,0.44,0,0,1,1
0.341,0.344,0.44,0,0,1,1
0.14,0.341,0.44,0,0,1,1
0.143,0.341,0.44,0,0,1,1
0.146,0.341,0.44,0,0,1,1
0.149,0.341,0.44,0,0,1,1
0.152,0.341,0.44,0,0,1,1
0.155,0.341,0.44,0,0,1,1
0.158,0.341,0.44,0,0,1,1
0.161,0.341,0.44,0,0,1,1
0.164,0.341,0.44,0,0,1,1
0.167,0.341,0.44,0,0,1,1
0.17,0.341,0.44,0,0,1,1
0.173,0.341,0.44,0,0,1,1
0.176,0.341,0.44,0,0,1,1
0.179,0.341,0.44,0,0,1,1
0.182,0.341,0.44,0,0,1,1
0.185,0.341,0.44,0,0,1,1
0.188,0.341,0.44,0,0,1,1
0.191,0.341,0.44,0,0,1,1
0.194,0.341,0.44,0,0,1,1
0.197,0.341,0.44,0,0,1,1
0.2,0.341,0.44,0,0,1,1
0.203,0.341,0.44,0,0,1,1
0.206,0.341,0.44,0,0,1,1
0.209,0.341,0.44,0,0,1,1
0.212,0.341,0.44,0,0,1,1
0.215,0.341,0.44,0,0,1,1
0.218,0.341,0.44,0,0,1,1
0.221,0.341,0.44,0,0,1,1
0.224,0.341,0.44,0,0,1,1
0.227,0.341,0.44,0,0,1,1
0.23,0.341,0.44,0,0,1,1
0.233,0.341,0.44,0,0,1,1
0.236,0.341,0.44,0,0,1,1
0.239,0.341,0.44,0,0,1,1
0.242,0.341,0.44,0,0,1,1
0.245,0.341,0.44,0,0,1,1
0.248,0.341,0.44,0,0,1,1
0.251,0.341,0.44,0,0,1,1
0.254,0.341,0.44,0,0,1,1
0.257,0.341,0.44,0,0,1,1
0.26,0.341,0.44,0,0,1,1
0.263,0.341,0.44,0,0,1,1
0.266,0.341,0.44,0,0,1,1
0.269,0.341,0.44,0,0,1,1
0.272,0.341,0.44,0,0,1,1
0.275,0.341,0.44,0,0,1,1
0.278,0.341,0.44,0,0,1,1
0.281,0.341,0.44,0,0,1,1
0.284,0.341,0.44,0,0,1,1
0.287,0.341,0.44,0,0,1,1
0.29,0.341,0.44,0,0,1,1
0.293,0.341,0.44,0,0,1,1
0.296,0.341,0.44,0,0,1,1
0.299,0.341,0.44,0,0,1,1
0.302,0.341,0.44,0,0,1,1
0.305,0.341,0.44,0,0,1,1
0.308,0.341,0.44,0,0,1,1
0.311,0.341,0.44,0,0,1,1
0.314,0.341,0.44,0,0,1,1
0.317,0.341,0.44,0,0,1,1
0.32,0.341,0.44,0,0,1,1
0.323,0.341,0.44,0,0,1,1
0.326,0.341,0.44,0,0,1,1
0.329,0.341,0.44,0,0,1,1
0.332,0.341,0.44,0,0,1,1
0.335,0.341,0.44,0,0,1,1
0.338,0.341,0.44,0,0,1,1
0.341,0.341,0.44,0,0,1,1
0.14,0.338,0.44,0,0,1,1
0.143,0.338,0.44,0,0,1,1
0.146,0.338,0.44,0,0,1,1
0.149,0.338,0.44,0,0,1,1
0.152,0.338,0.44,0,0,1,1
0.155,0.338,0.44,0,0,1,1
0.158,0.338,0.44,0,0,1,1
0.161,0.338,0.44,0,0,1,1
0.164,0.338,0.44,0,0,1,1
0.167,0.338,0.44,0,0,1,1
0.17,0.338,0.44,0,0,1,1
0.173,0.338,0.44,0,0,1,1
0.176,0.338,0.44,0,0,1,1
0.179,0.338,0.44,0,0,1,1
0.182,0.338,0.44,0,0,1,1
0.185,0.338,0.44,0,0,1,1
0.188,0.338,0.44,0,0,1,1
0.191,0.338,0.44,0,0,1,1
0.194,0.338,0.44,0,0,1,1
0.197,0.338,0.44,0,0,1,1
0.2,0.338,0.44,0,0,1,1
0.203,0.338,0.44,0,0,1,1
0.206,0.338,0.44,0,0,1,1
0.209,0.338,0.44,0,0,1,1
0.212,0.338,0.44,0,0,1,1
0.215,0.338,0.44,0,0,1,1
0.218,0.338,0.44,0,0,1,1
0.221,0.338,0.44,0,0,1,1
0.224,0.338,0.44,0,0,1,1
0.227,0.338,0.44,0,0,1,1
0.23,0.338,0.44,0,0,1,1
0.233,0.338,0.44,0,0,1,1
0.236,0.338,0.44,0,0,1,1
0.239,0.338,0.44,0,0,1,1
0.242,0.338,0.44,0,0,1,1
0.245,0.338,0.44,0,0,1,1
0.248,0.338,0.44,0,0,1,1
0.251,0.338,0.44,0,0,1,1
0.254,0.338,0.44,0,0,1,1
0.257,0.338,0.44,0,0,1,1
0.26,0.338,0.44,0,0,1,1
0.263,0.338,0.44,0,0,1,1
0.266,0.338,0.44,0,0,1,1
0.269,0.338,0.44,0,0,1,1
0.272,0.338,0.44,0,0,1,1
0.275,0.338,0.44,0,0,1,1
0.278,0.338,0.44,0,0,1,1
0.281,0.338,0.44,0,0,1,1
0.284,0.338,0.44,0,0,1,1
0.287,0.338,0.44,0,0,1,1
0.29,0.338,0.44,0,0,1,1
0.293,0.338,0.44,0,0,1,1
0.296,0.338,0.44,0,0,1,1
0.299,0.338,0.44,0,0,1,1
0.302,0.338,0.44,0,0,1,1
0.305,0.338,0.44,0,0,1,1
0.308,0.338,0.44,0,0,1,1
0.311,0.338,0.44,0,0,1,1
0.314,0.338,0.44,0,0,1,1
0.317,0.338,0.44,0,0,1,1
0.32,0.338,0.44,0,0,1,1
0.323,0.338,0.44,0,0,1,1
0.326,0.338,0.44,0,0,1,1
0.329,0.338,0.44,0,0,1,1
0.332,0.338,0.44,0,0,1,1
0.335,0.338,0.44,0,0,1,1
0.338,0.338,0.44,0,0,1,1
0.341,0.338,0.44,0,0,1,1
0.14,0.335,0.44,0,0,1,1
0.143,0.335,0.44,0,0,1,1
0.146,0.335,0.44,0,0,1,1
0.149,0.335,0.44,0,0,1,1
0.152,0.335,0.44,0,0,1,1
0.155,0.335,0.44,0,0,1,1
0.158,0.335,0.44,0,0,1,1
0.161,0.335,0.44,0,0,1,1
0.164,0.335,0.44,0,0,1,1
0.167,0.335,0.44,0,0,1,1
0.17,0.335,0.44,0,0,1,1
0.173,0.335,0.44,0,0,1,1
0.176,0.335,0.44,0,0,1,1
0.179,0.335,0.44,0,0,1,1
0.182,0.335,0.44,0,0,1,1
0.185,0.335,0.44,0,0,1,1
0.188,0.335,0.44,0,0,1,1
0.191,0.335,0.44,0,0,1,1
0.194,0.335,0.44,0,0,1,1
0.197,0.335,0.44,0,0,1,1
0.2,0.335,0.44,0,0,1,1
0.203,0.335,0.44,0,0,1,1
0.206,0.335,0.44,0,0,1,1
0.209,0.335,0.44,0,0,1,1
0.212,0.335,0.44,0,0,1,1
0.215,0.335,0.44,0,0,1,1
0.218,0.335,0.44,0,0,1,1
0.221,0.335,0.44,0,0,1,1
0.224,0.335,0.44,0,0,1,1
0.227,0.335,0.44,0,0,1,1
0.23,0.335,0.44,0,0,1,1
0.233,0.335,0.44,0,0,1,1
0.236,0.335,0.44,0,0,1,1
0.239,0.335,0.44,0,0,1,1
0.242,0.335,0.44,0,0,1,1
0.245,0.335,0.44,0,0,1,1
0.248,0.335,0.44,0,0,1,1
0.251,0.335,0.44,0,0,1,1
0.254,0.335,0.44,0,0,1,1
0.257,0.335,0.44,0,0,1,1
0.26,0.335,0.44,0,0,1,1
0.263,0.335,0.44,0,0,1,1
0.266,0.335,0.44,0,0,1,1
0.269,0.335,0.44,0,0,1,1
0.272,0.335,0.44,0,0,1,1
0.275,0.335,0.44,0,0,1,1
0.278,0.335,0.44,0,0,1,1
0.281,0.335,0.44,0,0,1,1
0.284,0.335,0.44,0,0,1,1
0.287,0.335,0.44,0,0,1,1
0.29,0.335,0.44,0,0,1,1
0.293,0.335,0.44,0,0,1,1
0.296,0.335,0.44,0,0,1,1
0.299,0.335,0.44,0,0,1,1
0.302,0.335,0.44,0,0,1,1
0.305,0.335,0.44,0,0,1,1
0.308,0.335,0.44,0,0,1,1
0.311,0.335,0.44,0,0,1,1
0.314,0.335,0.44,0,0,1,1
0.317,0.335,0.44,0,0,1,1
0.32,0.335,0.44,0,0,1,1
0.323,0.335,0.44,0,0,1,1
0.326,0.335,0.44,0,0,1,1
0.329,0.335,0.44,0,0,1,1
0.332,0.335,0.44,0,0,1,1
0.335,0.335,0.44,0,0,1,1
0.338,0.335,0.44,0,0,1,1
0.341,0.335,0.44,0,0,1,1
0.14,0.332,0.44,0,0,1,1
0.143,0.332,0.44,0,0,1,1
0.146,0.332,0.44,0,0,1,1
0.149,0.332,0.44,0,0,1,1
0.152,0.332,0.44,0,0,1,1
0.155,0.332,0.44,0,0,1,1
0.158,0.332,0.44,0,0,1,1
0.161,0.332,0.44,0,0,1,1
0.164,0.332,0.44,0,0,1,1
0.167,0.332,0.44,0,0,1,1
0.17,0.332,0.44,0,0,1,1
0.173,0.332,0.44,0,0,1,1
0.176,0.332,0.44,0,0,1,1
0.179,0.332,0.44,0,0,1,1
0.182,0.332,0.44,0,0,1,1
0.185,0.332,0.44,0,0,1,1
0.188,0.332,0.44,0,0,1,1
0.191,0.332,0.44,0,0,1,1
0.194,0.332,0.44,0,0,1,1
0.197,0.332,0.44,0,0,1,1
0.2,0.332,0.44,0,0,1,1
0.203,0.332,0.44,0,0,1,1
0.206,0.332,0.44,0,0,1,1
0.209,0.332,0.44,0,0,1,1
0.212,0.332,0.44,0,0,1,1
0.215,0.332,0.44,0,0,1,1
0.218,0.332,0.44,0,0,1,1
0.221,0.332,0.44,0,0,1,1
0.224,0.332,0.44,0,0,1,1
0.227,0.332,0.44,0,0,1,1
0.23,0.332,0.44,0,0,1,1
0.233,0.332,0.44,0,0,1,1
0.236,0.332,0.44,0,0,1,1
0.239,0.332,0.44,0,0,1,1
0.242,0.332,0.44,0,0,1,1
0.245,0.332,0.44,0,0,1,1
0.248,0.332,0.44,0,0,1,1
0.251,0.332,0.44,0,0,1,1
0.254,0.332,0.44,0,0,1,1
0.257,0.332,0.44,0,0,1,1
0.26,0.332,0.44,0,0,1,1
0.263,0.332,0.44,0,0,1,1
0.266,0.332,0.44,0,0,1,1
0.269,0.332,0.44,0,0,1,1
0.272,0.332,0.44,0,0,1,1
0.275,0.332,0.44,0,0,1,1
0.278,0.332,0.44,0,0,1,1
0.281,0.332,0.44,0,0,1,1
0.284,0.332,0.44,0,0,1,1
0.287,0.332,0.44,0,0,1,1
0.29,0.332,0.44,0,0,1,1
0.293,0.332,0.44,0,0,1,1
0.296,0.332,0.44,0,0,1,1
0.299,0.332,0.44,0,0,1,1
0.302,0.332,0.44,0,0,1,1
0.305,0.332,0.44,0,0,1,1
0.308,0.332,0.44,0,0,1,1
0.311,0.332,0.44,0,0,1,1
0.314,0.332,0.44,0,0,1,1
0.317,0.332,0.44,0,0,1,1
0.32,0.332,0.44,0,0,1,1
0.323,0.332,0.44,0,0,1,1
0.326,0.332,0.44,0,0,1,1
0.329,0.332,0.44,0,0,1,1
0.332,0.332,0.44,0,0,1,1
0.335,0.332,0.44,0,0,1,1
0.338,0.332,0.44,0,0,1,1
0.341,0.332,0.44,0,0,1,1
0.14,0.329,0.44,0,0,1,1
0.143,0.329,0.44,0,0,1,1
0.146,0.329,0.44,0,0,1,1
0.149,0.329,0.44,0,0,1,1
0.152,0.329,0.44,0,0,1,1
0.155,0.329,0.44,0,0,1,1
0.158,0.329,0.44,0,0,1,1
0.161,0.329,0.44,0,0,1,1
0.164,0.329,0.44,0,0,1,1
0.167,0.329,0.44,0,0,1,1
0.17,0.329,0.44,0,0,1,1
0.173,0.329,0.44,0,0,1,1
0.176,0.329,0.44,0,0,1,1
0.179,0.329,0.44,0,0,1,1
0.182,0.329,0.44,0,0,1,1
0.185,0.329,0.44,0,0,1,1
0.188,0.329,0.44,0,0,1,1
0.191,0.329,0.44,0,0,1,1
0.194,0.329,0.44,0,0,1,1
0.197,0.329,0.44,0,0,1,1
0.2,0.329,0.44,0,0,1,1
0.203,0.329,0.44,0,0,1,1
0.206,0.329,0.44,0,0,1,1
0.209,0.329,0.44,0,0,1,1
0.212,0.329,0.44,0,0,1,1
0.215,0.329,0.44,0,0,1,1
0.218,0.329,0.44,0,0,1,1
0.221,0.329,0.44,0,0,1,1
0.224,0.329,0.44,0,0,1,1
0.227,0.329,0.44,0,0,1,1
0.23,0.329,0.44,0,0,1,1
0.233,0.329,0.44,0,0,1,1
0.236,0.329,0.44,0,0,1,1
0.239,0.329,0.44,0,0,1,1
0.242,0.329,0.44,0,0,1,1
0.245,0.329,0.44,0,0,1,1
0.248,0.329,0.44,0,0,1,1
0.251,0.329,0.44,0,0,1,1
0.254,0.329,0.44,0,0,1,1
0.257,0.329,0.44,0,0,1,1
0.26,0.329,0.44,0,0,1,1
0.263,0.329,0.44,0,0,1,1
0.266,0.329,0.44,0,0,1,1
0.269,0.329,0.44,0,0,1,1
0.272,0.329,0.44,0,0,1,1
0.275,0.329,0.44,0,0,1,1
0.278,0.329,0.44,0,0,1,1
0.281,0.329,0.44,0,0,1,1
0.284,0.329,0.44,0,0,1,1
0.287,0.329,0.44,0,0,1,1
0.29,0.329,0.44,0,0,1,1
0.293,0.329,0.44,0,0,1,1
0.296,0.329,0.44,0,0,1,1
0.299,0.329,0.44,0,0,1,1
0.302,0.329,0.44,0,0,1,1
0.305,0.329,0.44,0,0,1,1
0.308,0.329,0.44,0,0,1,1
0.311,0.329,0.44,0,0,1,1
0.314,0.329,0.44,0,0,1,1
0.317,0.329,0.44,0,0,1,1
0.32,0.329,0.44,0,0,1,1
0.323,0.329,0.44,0,0,1,1
0.326,0.329,0.44,0,0,1,1
0.329,0.329,0.44,0,0,1,1
0.332,0.329,0.44,0,0,1,1
0.335,0.329,0.44,0,0,1,1
0.338,0.329,0.44,0,0,1,1
0.341,0.329,0.44,0,0,1,1
0.14,0.326,0.44,0,0,1,1
0.143,0.326,0.44,0,0,1,1
0.146,0.326,0.44,0,0,1,1
0.149,0.326,0.44,0,0,1,1
0.152,0.326,0.44,0,0,1,1
0.155,0.326,0.44,0,0,1,1
0.158,0.326,0.44,0,0,1,1
0.161,0.326,0.44,0,0,1,1
0.164,0.326,0.44,0,0,1,1
0.167,0.326,0.44,0,0,1,1
0.17,0.326,0.44,0,0,1,1
0.173,0.326,0.44,0,0,1,1
0.176,0.326,0.44,0,0,1,1
0.179,0.326,0.44,0,0,1,1
0.182,0.326,0.44,0,0,1,1
0.185,0.326,0.44,0,0,1,1
0.188,0.326,0.44,0,0,1,1
0.191,0.326,0.44,0,0,1,1
0.194,0.326,0.44,0,0,1,1
0.197,0.326,0.44,0,0,1,1
0.2,0.326,0.44,0,0,1,1
0.203,0.326,0.44,0,0,1,1
0.206,0.326,0.44,0,0,1,1
0.209,0.326,0.44,0,0,1,1
0.212,0.326,0.44,0,0,1,1
0.215,0.326,0.44,0,0,1,1
0.218,0.326,0.44,0,0,1,1
0.221,0.326,0.44,0,0,1,1
0.224,0.326,0.44,0,0,1,1
0.227,0.326,0.44,0,0,1,1
0.23,0.326,0.44,0,0,1,1
0.233,0.326,0.44,0,0,1,1
0.236,0.326,0.44,0,0,1,1
0.239,0.326,0.44,0,0,1,1
0.242,0.326,0.44,0,0,1,1
0.245,0.326,0.44,0,0,1,1
0.248,0.326,0.44,0,0,1,1
0.251,0.326,0.44,0,0,1,1
0.254,0.326,0.44,0,0,1,1
0.257,0.326,0.44,0,0,1,1
0.26,0.326,0.44,0,0,1,1
0.263,0.326,0.44,0,0,1,1
0.266,0.326,0.44,0,0,1,1
0.269,0.326,0.44,0,0,1,1
0.272,0.326,0.44,0,0,1,1
0.275,0.326,0.44,0,0,1,1
0.278,0.326,0.44,0,0,1,1
0.281,0.326,0.44,0,0,1,1
0.284,0.326,0.44,0,0,1,1
0.287,0.326,0.44,0,0,1,1
0.29,0.326,0.44,0,0,1,1
0.293,0.326,0.44,0,0,1,1
0.296,0.326,0.44,0,0,1,1
0.299,0.326,0.44,0,0,1,1
0.302,0.326,0.44,0,0,1,1
0.305,0.326,0.44,0,0,1,1
0.308,0.326,0.44,0,0,1,1
0.311,0.326,0.44,0,0,1,1
0.314,0.326,0.44,0,0,1,1
0.317,0.326,0.44,0,0,1,1
0.32,0.326,0.44,0,0,1,1
0.323,0.326,0.44,0,0,1,1
0.326,0.326,0.44,0,0,1,1
0.329,0.326,0.44,0,0,1,1
0.332,0.326,0.44,0,0,1,1
0.335,0.326,0.44,0,0,1,1
0.338,0.326,0.44,0,0,1,1
0.341,0.326,0.44,0,0,1,1
0.14,0.323,0.44,0,0,1,1
0.143,0.323,0.44,0,0,1,1
0.146,0.323,0.44,0,0,1,1
0.149,0.323,0.44,0,0,1,1
0.152,0.323,0.44,0,0,1,1
0.155,0.323,0.44,0,0,1,1
0.158,0.323,0.44,0,0,1,1
0.161,0.323,0.44,0,0,1,1
0.164,0.323,0.44,0,0,1,1
0.167,0.323,0.44,0,0,1,1
0.17,0.323,0.44,0,0,1,1
0.173,0.323,0.44,0,0,1,1
0.176,0.323,0.44,0,0,1,1
0.179,0.323,0.44,0,0,1,1
0.182,0.323,0.44,0,0,1,1
0.185,0.323,0.44,0,0,1,1
0.188,0.323,0.44,0,0,1,1
0.191,0.323,0.44,0,0,1,1
0.194,0.323,0.44,0,0,1,1
0.197,0.323,0.44,0,0,1,1
0.2,0.323,0.44,0,0,1,1
0.203,0.323,0.44,0,0,1,1
0.206,0.323,0.44,0,0,1,1
0.209,0.323,0.44,0,0,1,1
0.212,0.323,0.44,0,0,1,1
0.215,0.323,0.44,0,0,1,1
0.218,0.323,0.44,0,0,1,1
0.221,0.323,0.44,0,0,1,1
0.224,0.323,0.44,0,0,1,1
0.227,0.323,0.44,0,0,1,1
0.23,0.323,0.44,0,0,1,1
0.233,0.323,0.44,0,0,1,1
0.236,0.323,0.44,0,0,1,1
0.239,0.323,0.44,0,0,1,1
0.242,0.323,0.44,0,0,1,1
0.245,0.323,0.44,0,0,1,1
0.248,0.323,0.44,0,0,1,1
0.251,0.323,0.44,0,0,1,1
0.254,0.323,0.44,0,0,1,1
0.257,0.323,0.44,0,0,1,1
0.26,0.323,0.44,0,0,1,1
0.263,0.323,0.44,0,0,1,1
0.266,0.323,0.44,0,0,1,1
0.269,0.323,0.44,0,0,1,1
0.272,0.323,0.44,0,0,1,1
0.275,0.323,0.44,0,0,1,1
0.278,0.323,0.44,0,0,1,1
0.281,0.323,0.44,0,0,1,1
0.284,0.323,0.44,0,0,1,1
0.287,0.323,0.44,0,0,1,1
0.29,0.323,0.44,0,0,1,1
0.293,0.323,0.44,0,0,1,1
0.296,0.323,0.44,0,0,1,1
0.299,0.323,0.44,0,0,1,1
0.302,0.323,0.44,0,0,1,1
0.305,0.323,0.44,0,0,1,1
0.308,0.323,0.44,0,0,1,1
0.311,0.323,0.44,0,0,1,1
0.314,0.323,0.44,0,0,1,1
0.317,0.323,0.44,0,0,1,1
0.32,0.323,0.44,0,0,1,1
0.323,0.323,0.44,0,0,1,1
0.326,0.323,0.44,0,0,1,1
0.329,0.323,0.44,0,0,1,1
0.332,0.323,0.44,0,0,1,1
0.335,0.323,0.44,0,0,1,1
0.338,0.323,0.44,0,0,1,1
0.341,0.323,0.44,0,0,1,1
0.14,0.32,0.44,0,0,1,1
0.143,0.32,0.44,0,0,1,1
0.146,0.32,0.44,0,0,1,1
0.149,0.32,0.44,0,0,1,1
0.152,0.32,0.44,0,0,1,1
0.155,0.32,0.44,0,0,1,1
0.158,0.32,0.44,0,0,1,1
0.161,0.32,0.44,0,0,1,1
0.164,0.32,0.44,0,0,1,1
0.167,0.32,0.44,0,0,1,1
0.17,0.32,0.44,0,0,1,1
0.173,0.32,0.44,0,0,1,1
0.176,0.32,0.44,0,0,1,1
0.179,0.32,0.44,0,0,1,1
0.182,0.32,0.44,0,0,1,1
0.185,0.32,0.44,0,0,1,1
0.188,0.32,0.44,0,0,1,1
0.191,0.32,0.44,0,0,1,1
0.194,0.32,0.44,0,0,1,1
0.197,0.32,0.44,0,0,1,1
0.2,0.32,0.44,0,0,1,1
0.203,0.32,0.44,0,0,1,1
0.206,0.32,0.44,0,0,1,1
0.209,0.32,0.44,0,0,1,1
0.212,0.32,0.44,0,0,1,1
0.215,0.32,0.44,0,0,1,1
0.218,0.32,0.44,0,0,1,1
0.221,0.32,0.44,0,0,1,1
0.224,0.32,0.44,0,0,1,1
0.227,0.32,0.44,0,0,1,1
0.23,0.32,0.44,0,0,1,1
0.233,0.32,0.44,0,0,1,1
0.236,0.32,0.44,0,0,1,1
0.239,0.32,0.44,0,0,1,1
0.242,0.32,0.44,0,0,1,1
0.245,0.32,0.44,0,0,1,1
0.248,0.32,0.44,0,0,1,1
0.251,0.32,0.44,0,0,1,1
0.254,0.32,0.44,0,0,1,1
0.257,0.32,0.44,0,0,1,1
0.26,0.32,0.44,0,0,1,1
0.263,0.32,0.44,0,0,1,1
0.266,0.32,0.44,0,0,1,1
0.269,0.32,0.44,0,0,1,1
0.272,0.32,0.44,0,0,1,1
0.275,0.32,0.44,0,0,1,1
0.278,0.32,0.44,0,0,1,1
0.281,0.32,0.44,0,0,1,1
0.284,0.32,0.44,0,0,1,1
0.287,0.32,0.44,0,0,1,1
0.29,0.32,0.44,0,0,1,1
0.293,0.32,0.44,0,0,1,1
0.296,0.32,0.44,0,0,1,1
0.299,0.32,0.44,0,0,1,1
0.302,0.32,0.44,0,0,1,1
0.305,0.32,0.44,0,0,1,1
0.308,0.32,0.44,0,0,1,1
0.311,0.32,0.44,0,0,1,1
0.314,0.32,0.44,0,0,1,1
0.317,0.32,0.44,0,0,1,1
0.32,0.32,0.44,0,0,1,1
0.323,0.32,0.44,0,0,1,1
0.326,0.32,0.44,0,0,1,1
0.329,0.32,0.44,0,0,1,1
0.332,0.32,0.44,0,0,1,1
0.335,0.32,0.44,0,0,1,1
0.338,0.32,0.44,0,0,1,1
0.341,0.32,0.44,0,0,1,1
0.14,0.317,0.44,0,0,1,1
0.143,0.317,0.44,0,0,1,1
0.146,0.317,0.44,0,0,1,1
0.149,0.317,0.44,0,0,1,1
0.152,0.317,0.44,0,0,1,1
0.155,0.317,0.44,0,0,1,1
0.158,0.317,0.44,0,0,1,1
0.161,0.317,0.44,0,0,1,1
0.164,0.317,0.44,0,0,1,1
0.167,0.317,0.44,0,0,1,1
0.17,0.317,0.44,0,0,1,1
0.173,0.317,0.44,0,0,1,1
0.176,0.317,0.44,0,0,1,1
0.179,0.317,0.44,0,0,1,1
0.182,0.317,0.44,0,0,1,1
0.185,0.317,0.44,0,0,1,1
0.188,0.317,0.44,0,0,1,1
0.191,0.317,0.44,0,0,1,1
0.194,0.317,0.44,0,0,1,1
0.197,0.317,0.44,0,0,1,1
0.2,0.317,0.44,0,0,1,1
0.203,0.317,0.44,0,0,1,1
0.206,0.317,0.44,0,0,1,1
0.209,0.317,0.44,0,0,1,1
0.212,0.317,0.44,0,0,1,1
0.215,0.317,0.44,0,0,1,1
0.218,0.317,0.44,0,0,1,1
0.221,0.317,0.44,0,0,1,1
0.224,0.317,0.44,0,0,1,1
0.227,0.317,0.44,0,0,1,1
0.23,0.317,0.44,0,0,1,1
0.233,0.317,0.44,0,0,1,1
0.236,0.317,0.44,0,0,1,1
0.239,0.317,0.44,0,0,1,1
0.242,0.317,0.44,0,0,1,1
0.245,0.317,0.44,0,0,1,1
0.248,0.317,0.44,0,0,1,1
0.251,0.317,0.44,0,0,1,1
0.254,0.317,0.44,0,0,1,1
0.257,0.317,0.44,0,0,1,1
0.26,0.317,0.44,0,0,1,1
0.263,0.317,0.44,0,0,1,1
0.266,0.317,0.44,0,0,1,1
0.269,0.317,0.44,0,0,1,1
0.272,0.317,0.44,0,0,1,1
0.275,0.317,0.44,0,0,1,1
0.278,0.317,0.44,0,0,1,1
0.281,0.317,0.44,0,0,1,1
0.284,0.317,0.44,0,0,1,1
0.287,0.317,0.44,0,0,1,1
0.29,0.317,0.44,0,0,1,1
0.293,0.317,0.44,0,0,1,1
0.296,0.317,0.44,0,0,1,1
0.299,0.317,0.44,0,0,1,1
0.302,0.317,0.44,0,0,1,1
0.305,0.317,0.44,0,0,1,1
0.308,0.317,0.44,0,0,1,1
0.311,0.317,0.44,0,0,1,1
0.314,0.317,0.44,0,0,1,1
0.317,0.317,0.44,0,0,1,1
0.32,0.317,0.44,0,0,1,1
0.323,0.317,0.44,0,0,1,1
0.326,0.317,0.44,0,0,1,1
0.329,0.317,0.44,0,0,1,1
0.332,0.317,0.44,0,0,1,1
0.335,0.317,0.44,0,0,1,1
0.338,0.317,0.44,0,0,1,1
0.341,0.317,0.44,0,0,1,1
0.14,0.314,0.44,0,0,1,1
0.143,0.314,0.44,0,0,1,1
0.146,0.314,0.44,0,0,1,1
0.149,0.314,0.44,0,0,1,1
0.152,0.314,0.44,0,0,1,1
0.155,0.314,0.44,0,0,1,1
0.158,0.314,0.44,0,0,1,1
0.161,0.314,0.44,0,0,1,1
0.164,0.314,0.44,0,0,1,1
0.167,0.314,0.44,0,0,1,1
0.17,0.314,0.44,0,0,1,1
0.173,0.314,0.44,0,0,1,1
0.176,0.314,0.44,0,0,1,1
0.179,0.314,0.44,0,0,1,1
0.182,0.314,0.44,0,0,1,1
0.185,0.314,0.44,0,0,1,1
0.188,0.314,0.44,0,0,1,1
0.191,0.314,0.44,0,0,1,1
0.194,0.314,0.44,0,0,1,1
0.197,0.314,0.44,0,0,1,1
0.2,0.314,0.44,0,0,1,1
0.203,0.314,0.44,0,0,1,1
0.206,0.314,0.44,0,0,1,1
0.209,0.314,0.44,0,0,1,1
0.212,0.314,0.44,0,0,1,1
0.215,0.314,0.44,0,0,1,1
0.218,0.314,0.44,0,0,1,1
0.221,0.314,0.44,0,0,1,1
0.224,0.314,0.44,0,0,1,1
0.227,0.314,0.44,0,0,1,1
0.23,0.314,0.44,0,0,1,1
0.233,0.314,0.44,0,0,1,1
0.236,0.314,0.44,0,0,1,1
0.239,0.314,0.44,0,0,1,1
0.242,0.314,0.44,0,0,1,1
0.245,0.314,0.44,0,0,1,1
0.248,0.314,0.44,0,0,1,1
0.251,0.314,0.44,0,0,1,1
0.254,0.314,0.44,0,0,1,1
0.257,0.314,0.44,0,0,1,1
0.26,0.314,0.44,0,0,1,1
0.263,0.314,0.44,0,0,1,1
0.266,0.314,0.44,0,0,1,1
0.269,0.314,0.44,0,0,1,1
0.272,0.314,0.44,0,0,1,1
0.275,0.314,0.44,0,0,1,1
0.278,0.314,0.44,0,0,1,1
0.281,0.314,0.44,0,0,1,1
0.284,0.314,0.44,0,0,1,1
0.287,0.314,0.44,0,0,1,1
0.29,0.314,0.44,0,0,1,1
0.293,0.314,0.44,0,0,1,1
0.296,0.314,0.44,0,0,1,1
0.299,0.314,0.44,0,0,1,1
0.302,0.314,0.44,0,0,1,1
0.305,0.314,0.44,0,0,1,1
0.308,0.314,0.44,0,0,1,1
0.311,0.314,0.44,0,0,1,1
0.314,0.314,0.44,0,0,1,1
0.317,0.314,0.44,0,0,1,1
0.32,0.314,0.44,0,0,1,1
0.323,0.314,0.44,0,0,1,1
0.326,0.314,0.44,0,0,1,1
0.329,0.314,0.44,0,0,1,1
0.332,0.314,0.44,0,0,1,1
0.335,0.314,0.44,0,0,1,1
0.338,0.314,0.44,0,0,1,1
0.341,0.314,0.44,0,0,1,1
0.14,0.311,0.44,0,0,1,1
0.143,0.311,0.44,0,0,1,1
0.146,0.311,0.44,0,0,1,1
0.149,0.311,0.44,0,0,1,1
0.152,0.311,0.44,0,0,1,1
0.155,0.311,0.44,0,0,1,1
0.158,0.311,0.44,0,0,1,1
0.161,0.311,0.44,0,0,1,1
0.164,0.311,0.44,0,0,1,1
0.167,0.311,0.44,0,0,1,1
0.17,0.311,0.44,0,0,1,1
0.173,0.311,0.44,0,0,1,1
0.176,0.311,0.44,0,0,1,1
0.179,0.311,0.44,0,0,1,1
0.182,0.311,0.44,0,0,1,1
0.185,0.311,0.44,0,0,1,1
0.188,0.311,0.44,0,0,1,1
0.191,0.311,0.44,0,0,1,1
0.194,0.311,0.44,0,0,1,1
0.197,0.311,0.44,0,0,1,1
0.2,0.311,0.44,0,0,1,1
0.203,0.311,0.44,0,0,1,1
0.206,0.311,0.44,0,0,1,1
0.209,0.311,0.44,0,0,1,1
0.212,0.311,0.44,0,0,1,1
0.215,0.311,0.44,0,0,1,1
0.218,0.311,0.44,0,0,1,1
0.221,0.311,0.44,0,0,1,1
0.224,0.311,0.44,0,0,1,1
0.227,0.311,0.44,0,0,1,1
0.23,0.311,0.44,0,0,1,1
0.233,0.311,0.44,0,0,1,1
0.236,0.311,0.44,0,0,1,1
0.239,0.311,0.44,0,0,1,1
0.242,0.311,0.44,0,0,1,1
0.245,0.311,0.44,0,0,1,1
0.248,0.311,0.44,0,0,1,1
0.251,0.311,0.44,0,0,1,1
0.254,0.311,0.44,0,0,1,1
0.257,0.311,0.44,0,0,1,1
0.26,0.311,0.44,0,0,1,1
0.263,0.311,0.44,0,0,1,1
0.266,0.311,0.44,0,0,1,1
0.269,0.311,0.44,0,0,1,1
0.272,0.311,0.44,0,0,1,1
0.275,0.311,0.44,0,0,1,1
0.278,0.311,0.44,0,0,1,1
0.281,0.311,0.44,0,0,1,1
0.284,0.311,0.44,0,0,1,1
0.287,0.311,0.44,0,0,1,1
0.29,0.311,0.44,0,0,1,1
0.293,0.311,0.44,0,0,1,1
0.296,0.311,0.44,0,0,1,1
0.299,0.311,0.44,0,0,1,1
0.302,0.311,0.44,0,0,1,1
0.305,0.311,0.44,0,0,1,1
0.308,0.311,0.44,0,0,1,1
0.311,0.311,0.44,0,0,1,1
0.314,0.311,0.44,0,0,1,1
0.317,0.311,0.44,0,0,1,1
0.32,0.311,0.44,0,0,1,1
0.323,0.311,0.44,0,0,1,1
0.326,0.311,0.44,0,0,1,1
0.329,0.311,0.44,0,0,1,1
0.332,0.311,0.44,0,0,1,1
0.335,0.311,0.44,0,0,1,1
0.338,0.311,0.44,0,0,1,1
0.341,0.311,0.44,0,0,1,1
0.14,0.308,0.44,0,0,1,1
0.143,0.308,0.44,0,0,1,1
0.146,0.308,0.44,0,0,1,1
0.149,0.308,0.44,0,0,1,1
0.152,0.308,0.44,0,0,1,1
0.155,0.308,0.44,0,0,1,1
0.158,0.308,0.44,0,0,1,1
0.161,0.308,0.44,0,0,1,1
0.164,0.308,0.44,0,0,1,1
0.167,0.308,0.44,0,0,1,1
0.17,0.308,0.44,0,0,1,1
0.173,0.308,0.44,0,0,1,1
0.176,0.308,0.44,0,0,1,1
0.179,0.308,0.44,0,0,1,1
0.182,0.308,0.44,0,0,1,1
0.185,0.308,0.44,0,0,1,1
0.188,0.308,0.44,0,0,1,1
0.191,0.308,0.44,0,0,1,1
0.194,0.308,0.44,0,0,1,1
0.197,0.308,0.44,0,0,1,1
0.2,0.308,0.44,0,0,1,1
0.203,0.308,0.44,0,0,1,1
0.206,0.308,0.44,0,0,1,1
0.209,0.308,0.44,0,0,1,1
0.212,0.308,0.44,0,0,1,1
0.215,0.308,0.44,0,0,1,1
0.218,0.308,0.44,0,0,1,1
0.221,0.308,0.44,0,0,1,1
0.224,0.308,0.44,0,0,1,1
0.227,0.308,0.44,0,0,1,1
0.23,0.308,0.44,0,0,1,1
0.233,0.308,0.44,0,0,1,1
0.236,0.308,0.44,0,0,1,1
0.239,0.308,0.44,0,0,1,1
0.242,0.308,0.44,0,0,1,1
0.245,0.308,0.44,0,0,1,1
0.248,0.308,0.44,0,0,1,1
0.251,0.308,0.44,0,0,1,1
0.254,0.308,0.44,0,0,1,1
0.257,0.308,0.44,0,0,1,1
0.26,0.308,0.44,0,0,1,1
0.263,0.308,0.44,0,0,1,1
0.266,0.308,0.44,0,0,1,1
0.269,0.308,0.44,0,0,1,1
0.272,0.308,0.44,0,0,1,1
0.275,0.308,0.44,0,0,1,1
0.278,0.308,0.44,0,0,1,1
0.281,0.308,0.44,0,0,1,1
0.284,0.308,0.44,0,0,1,1
0.287,0.308,0.44,0,0,1,1
0.29,0.308,0.44,0,0,1,1
0.293,0.308,0.44,0,0,1,1
0.296,0.308,0.44,0,0,1,1
0.299,0.308,0.44,0,0,1,1
0.302,0.308,0.44,0,0,1,1
0.305,0.308,0.44,0,0,1,1
0.308,0.308,0.44,0,0,1,1
0.311,0.308,0.44,0,0,1,1
0.314,0.308,0.44,0,0,1,1
0.317,0.308,0.44,0,0,1,1
0.32,0.308,0.44,0,0,1,1
0.323,0.308,0.44,0,0,1,1
0.326,0.308,0.44,0,0,1,1
0.329,0.308,0.44,0,0,1,1
0.332,0.308,0.44,0,0,1,1
0.335,0.308,0.44,0,0,1,1
0.338,0.308,0.44,0,0,1,1
0.341,0.308,0.44,0,0,1,1
0.14,0.305,0.44,0,0,1,1
0.143,0.305,0.44,0,0,1,1
0.146,0.305,0.44,0,0,1,1
0.149,0.305,0.44,0,0,1,1
0.152,0.305,0.44,0,0,1,1
0.155,0.305,0.44,0,0,1,1
0.158,0.305,0.44,0,0,1,1
0.161,0.305,0.44,0,0,1,1
0.164,0.305,0.44,0,0,1,1
0.167,0.305,0.44,0,0,1,1
0.17,0.305,0.44,0,0,1,1
0.173,0.305,0.44,0,0,1,1
0.176,0.305,0.44,0,0,1,1
0.179,0.305,0.44,0,0,1,1
0.182,0.305,0.44,0,0,1,1
0.185,0.305,0.44,0,0,1,1
0.188,0.305,0.44,0,0,1,1
0.191,0.305,0.44,0,0,1,1
0.194,0.305,0.44,0,0,1,1
0.197,0.305,0.44,0,0,1,1
0.2,0.305,0.44,0,0,1,1
0.203,0.305,0.44,0,0,1,1
0.206,0.305,0.44,0,0,1,1
0.209,0.305,0.44,0,0,1,1
0.212,0.305,0.44,0,0,1,1
0.215,0.305,0.44,0,0,1,1
0.218,0.305,0.44,0,0,1,1
0.221,0.305,0.44,0,0,1,1
0.224,0.305,0.44,0,0,1,1
0.227,0.305,0.44,0,0,1,1
0.23,0.305,0.44,0,0,1,1
0.233,0.305,0.44,0,0,1,1
0.236,0.305,0.44,0,0,1,1
0.239,0.305,0.44,0,0,1,1
0.242,0.305,0.44,0,0,1,1
0.245,0.305,0.44,0,0,1,1
0.248,0.305,0.44,0,0,1,1
0.251,0.305,0.44,0,0,1,1
0.254,0.305,0.44,0,0,1,1
0.257,0.305,0.44,0,0,1,1
0.26,0.305,0.44,0,0,1,1
0.263,0.305,0.44,0,0,1,1
0.266,0.305,0.44,0,0,1,1
0.269,0.305,0.44,0,0,1,1
0.272,0.305,0.44,0,0,1,1
0.275,0.305,0.44,0,0,1,1
0.278,0.305,0.44,0,0,1,1
0.281,0.305,0.44,0,0,1,1
0.284,0.305,0.44,0,0,1,1
0.287,0.305,0.44,0,0,1,1
0.29,0.305,0.44,0,0,1,1
0.293,0.305,0.44,0,0,1,1
0.296,0.305,0.44,0,0,1,1
0.299,0.305,0.44,0,0,1,1
0.302,0.305,0.44,0,0,1,1
0.305,0.305,0.44,0,0,1,1
0.308,0.305,0.44,0,0,1,1
0.311,0.305,0.44,0,0,1,1
0.314,0.305,0.44,0,0,1,1
0.317,0.305,0.44,0,0,1,1
0.32,0.305,0.44,0,0,1,1
0.323,0.305,0.44,0,0,1,1
0.326,0.305,0.44,0,0,1,1
0.329,0.305,0.44,0,0,1,1
0.332,0.305,0.44,0,0,1,1
0.335,0.305,0.44,0,0,1,1
0.338,0.305,0.44,0,0,1,1
0.341,0.305,0.44,0,0,1,1
0.14,0.302,0.44,0,0,1,1
0.143,0.302,0.44,0,0,1,1
0.146,0.302,0.44,0,0,1,1
0.149,0.302,0.44,0,0,1,1
0.152,0.302,0.44,0,0,1,1
0.155,0.302,0.44,0,0,1,1
0.158,0.302,0.44,0,0,1,1
0.161,0.302,0.44,0,0,1,1
0.164,0.302,0.44,0,0,1,1
0.167,0.302,0.44,0,0,1,1
0.17,0.302,0.44,0,0,1,1
0.173,0.302,0.44,0,0,1,1
0.176,0.302,0.44,0,0,1,1
0.179,0.302,0.44,0,0,1,1
0.182,0.302,0.44,0,0,1,1
0.185,0.302,0.44,0,0,1,1
0.188,0.302,0.44,0,0,1,1
0.191,0.302,0.44,0,0,1,1
0.194,0.302,0.44,0,0,1,1
0.197,0.302,0.44,0,0,1,1
0.2,0.302,0.44,0,0,1,1
0.203,0.302,0.44,0,0,1,1
0.206,0.302,0.44,0,0,1,1
0.209,0.302,0.44,0,0,1,1
0.212,0.302,0.44,0,0,1,1
0.215,0.302,0.44,0,0,1,1
0.218,0.302,0.44,0,0,1,1
0.221,0.302,0.44,0,0,1,1
0.224,0.302,0.44,0,0,1,1
0.227,0.302,0.44,0,0,1,1
0.23,0.302,0.44,0,0,1,1
0.233,0.302,0.44,0,0,1,1
0.236,0.302,0.44,0,0,1,1
0.239,0.302,0.44,0,0,1,1
0.242,0.302,0.44,0,0,1,1
0.245,0.302,0.44,0,0,1,1
0.248,0.302,0.44,0,0,1,1
0.251,0.302,0.44,0,0,1,1
0.254,0.302,0.44,0,0,1,1
0.257,0.302,0.44,0,0,1,1
0.26,0.302,0.44,0,0,1,1
0.263,0.302,0.44,0,0,1,1
0.266,0.302,0.44,0,0,1,1
0.269,0.302,0.44,0,0,1,1
0.272,0.302,0.44,0,0,1,1
0.275,0.302,0.44,0,0,1,1
0.278,0.302,0.44,0,0,1,1
0.281,0.302,0.44,0,0,1,1
0.284,0.302,0.44,0,0,1,1
0.287,0.302,0.44,0,0,1,1
0.29,0.302,0.44,0,0,1,1
0.293,0.302,0.44,0,0,1,1
0.296,0.302,0.44,0,0,1,1
0.299,0.302,0.44,0,0,1,1
0.302,0.302,0.44,0,0,1,1
0.305,0.302,0.44,0,0,1,1
0.308,0.302,0.44,0,0,1,1
0.311,0.302,0.44,0,0,1,1
0.314,0.302,0.44,0,0,1,1
0.317,0.302,0.44,0,0,1,1
0.32,0.302,0.44,0,0,1,1
0.323,0.302,0.44,0,0,1,1
0.326,0.302,0.44,0,0,1,1
0.329,0.302,0.44,0,0,1,1
0.332,0.302,0.44,0,0,1,1
0.335,0.302,0.44,0,0,1,1
0.338,0.302,0.44,0,0,1,1
0.341,0.302,0.44,0,0,1,1
0.14,0.299,0.44,0,0,1,1
0.143,0.299,0.44,0,0,1,1
0.146,0.299,0.44,0,0,1,1
0.149,0.299,0.44,0,0,1,1
0.152,0.299,0.44,0,0,1,1
0.155,0.299,0.44,0,0,1,1
0.158,0.299,0.44,0,0,1,1
0.161,0.299,0.44,0,0,1,1
0.164,0.299,0.44,0,0,1,1
0.167,0.299,0.44,0,0,1,1
0.17,0.299,0.44,0,0,1,1
0.173,0.299,0.44,0,0,1,1
0.176,0.299,0.44,0,0,1,1
0.179,0.299,0.44,0,0,1,1
0.182,0.299,0.44,0,0,1,1
0.185,0.299,0.44,0,0,1,1
0.188,0.299,0.44,0,0,1,1
0.191,0.299,0.44,0,0,1,1
0.194,0.299,0.44,0,0,1,1
0.197,0.299,0.44,0,0,1,1
0.2,0.299,0.44,0,0,1,1
0.203,0.299,0.44,0,0,1,1
0.206,0.299,0.44,0,0,1,1
0.209,0.299,0.44,0,0,1,1
0.212,0.299,0.44,0,0,1,1
0.215,0.299,0.44,0,0,1,1
0.218,0.299,0.44,0,0,1,1
0.221,0.299,0.44,0,0,1,1
0.224,0.299,0.44,0,0,1,1
0.227,0.299,0.44,0,0,1,1
0.23,0.299,0.44,0,0,1,1
0.233,0.299,0.44,0,0,1,1
0.236,0.299,0.44,0,0,1,1
0.239,0.299,0.44,0,0,1,1
0.242,0.299,0.44,0,0,1,1
0.245,0.299,0.44,0,0,1,1
0.248,0.299,0.44,0,0,1,1
0.251,0.299,0.44,0,0,1,1
0.254,0.299,0.44,0,0,1,1
0.257,0.299,0.44,0,0,1,1
0.26,0.299,0.44,0,0,1,1
0.263,0.299,0.44,0,0,1,1
0.266,0.299,0.44,0,0,1,1
0.269,0.299,0.44,0,0,1,1
0.272,0.299,0.44,0,0,1,1
0.275,0.299,0.44,0,0,1,1
0.278,0.299,0.44,0,0,1,1
0.281,0.299,0.44,0,0,1,1
0.284,0.299,0.44,0,0,1,1
0.287,0.299,0.44,0,0,1,1
0.29,0.299,0.44,0,0,1,1
0.293,0.299,0.44,0,0,1,1
0.296,0.299,0.44,0,0,1,1
0.299,0.299,0.44,0,0,1,1
0.302,0.299,0.44,0,0,1,1
0.305,0.299,0.44,0,0,1,1
0.308,0.299,0.44,0,0,1,1
0.311,0.299,0.44,0,0,1,1
0.314,0.299,0.44,0,0,1,1
0.317,0.299,0.44,0,0,1,1
0.32,0.299,0.44,0,0,1,1
0.323,0.299,0.44,0,0,1,1
0.326,0.299,0.44,0,0,1,1
0.329,0.299,0.44,0,0,1,1
0.332,0.299,0.44,0,0,1,1
0.335,0.299,0.44,0,0,1,1
0.338,0.299,0.44,0,0,1,1
0.341,0.299,0.44,0,0,1,1
0.14,0.296,0.44,0,0,1,1
0.143,0.296,0.44,0,0,1,1
0.146,0.296,0.44,0,0,1,1
0.149,0.296,0.44,0,0,1,1
0.152,0.296,0.44,0,0,1,1
0.155,0.296,0.44,0,0,1,1
0.158,0.296,0.44,0,0,1,1
0.161,0.296,0.44,0,0,1,1
0.164,0.296,0.44,0,0,1,1
0.167,0.296,0.44,0,0,1,1
0.17,0.296,0.44,0,0,1,1
0.173,0.296,0.44,0,0,1,1
0.176,0.296,0.44,0,0,1,1
0.179,0.296,0.44,0,0,1,1
0.182,0.296,0.44,0,0,1,1
0.185,0.296,0.44,0,0,1,1
0.188,0.296,0.44,0,0,1,1
0.191,0.296,0.44,0,0,1,1
0.194,0.296,0.44,0,0,1,1
0.197,0.296,0.44,0,0,1,1
0.2,0.296,0.44,0,0,1,1
0.203,0.296,0.44,0,0,1,1
0.206,0.296,0.44,0,0,1,1
0.209,0.296,0.44,0,0,1,1
0.212,0.296,0.44,0,0,1,1
0.215,0.296,0.44,0,0,1,1
0.218,0.296,0.44,0,0,1,1
0.221,0.296,0.44,0,0,1,1
0.224,0.296,0.44,0,0,1,1
0.227,0.296,0.44,0,0,1,1
0.23,0.296,0.44,0,0,1,1
0.233,0.296,0.44,0,0,1,1
0.236,0.296,0.44,0,0,1,1
0.239,0.296,0.44,0,0,1,1
0.242,0.296,0.44,0,0,1,1
0.245,0.296,0.44,0,0,1,1
0.248,0.296,0.44,0,0,1,1
0.251,0.296,0.44,0,0,1,1
0.254,0.296,0.44,0,0,1,1
0.257,0.296,0.44,0,0,1,1
0.26,0.296,0.44,0,0,1,1
0.263,0.296,0.44,0,0,1,1
0.266,0.296,0.44,0,0,1,1
0.269,0.296,0.44,0,0,1,1
0.272,0.296,0.44,0,0,1,1
0.275,0.296,0.44,0,0,1,1
0.278,0.296,0.44,0,0,1,1
0.281,0.296,0.44,0,0,1,1
0.284,0.296,0.44,0,0,1,1
0.287,0.296,0.44,0,0,1,1
0.29,0.296,0.44,0,0,1,1
0.293,0.296,0.44,0,0,1,1
0.296,0.296,0.44,0,0,1,1
0.299,0.296,0.44,0,0,1,1
0.302,0.296,0.44,0,0,1,1
0.305,0.296,0.44,0,0,1,1
0.308,0.296,0.44,0,0,1,1
0.311,0.296,0.44,0,0,1,1
0.314,0.296,0.44,0,0,1,1
0.317,0.296,0.44,0,0,1,1
0.32,0.296,0.44,0,0,1,1
0.323,0.296,0.44,0,0,1,1
0.326,0.296,0.44,0,0,1,1
0.329,0.296,0.44,0,0,1,1
0.332,0.296,0.44,0,0,1,1
0.335,0.296,0.44,0,0,1,1
0.338,0.296,0.44,0,0,1,1
0.341,0.296,0.44,0,0,1,1
0.14,0.293,0.44,0,0,1,1
0.143,0.293,0.44,0,0,1,1
0.146,0.293,0.44,0,0,1,1
0.149,0.293,0.44,0,0,1,1
0.152,0.293,0.44,0,0,1,1
0.155,0.293,0.44,0,0,1,1
0.158,0.293,0.44,0,0,1,1
0.161,0.293,0.44,0,0,1,1
0.164,0.293,0.44,0,0,1,1
0.167,0.293,0.44,0,0,1,1
0.17,0.293,0.44,0,0,1,1
0.173,0.293,0.44,0,0,1,1
0.176,0.293,0.44,0,0,1,1
0.179,0.293,0.44,0,0,1,1
0.182,0.293,0.44,0,0,1,1
0.185,0.293,0.44,0,0,1,1
0.188,0.293,0.44,0,0,1,1
0.191,0.293,0.44,0,0,1,1
0.194,0.293,0.44,0,0,1,1
0.197,0.293,0.44,0,0,1,1
0.2,0.293,0.44,0,0,1,1
0.203,0.293,0.44,0,0,1,1
0.206,0.293,0.44,0,0,1,1
0.209,0.293,0.44,0,0,1,1
0.212,0.293,0.44,0,0,1,1
0.215,0.293,0.44,0,0,1,1
0.218,0.293,0.44,0,0,1,1
0.221,0.293,0.44,0,0,1,1
0.224,0.293,0.44,0,0,1,1
0.227,0.293,0.44,0,0,1,1
0.23,0.293,0.44,0,0,1,1
0.233,0.293,0.44,0,0,1,1
0.236,0.293,0.44,0,0,1,1
0.239,0.293,0.44,0,0,1,1
0.242,0.293,0.44,0,0,1,1
0.245,0.293,0.44,0,0,1,1
0.248,0.293,0.44,0,0,1,1
0.251,0.293,0.44,0,0,1,1
0.254,0.293,0.44,0,0,1,1
0.257,0.293,0.44,0,0,1,1
0.26,0.293,0.44,0,0,1,1
0.263,0.293,0.44,0,0,1,1
0.266,0.293,0.44,0,0,1,1
0.269,0.293,0.44,0,0,1,1
0.272,0.293,0.44,0,0,1,1
0.275,0.293,0.44,0,0,1,1
0.278,0.293,0.44,0,0,1,1
0.281,0.293,0.44,0,0,1,1
0.284,0.293,0.44,0,0,1,1
0.287,0.293,0.44,0,0,1,1
0.29,0.293,0.44,0,0,1,1
0.293,0.293,0.44,0,0,1,1
0.296,0.293,0.44,0,0,1,1
0.299,0.293,0.44,0,0,1,1
0.302,0.293,0.44,0,0,1,1
0.305,0.293,0.44,0,0,1,1
0.308,0.293,0.44,0,0,1,1
0.311,0.293,0.44,0,0,1,1
0.314,0.293,0.44,0,0,1,1
0.317,0.293,0.44,0,0,1,1
0.32,0.293,0.44,0,0,1,1
0.323,0.293,0.44,0,0,1,1
0.326,0.293,0.44,0,0,1,1
0.329,0.293,0.44,0,0,1,1
0.332,0.293,0.44,0,0,1,1
0.335,0.293,0.44,0,0,1,1
0.338,0.293,0.44,0,0,1,1
0.341,0.293,0.44,0,0,1,1
0.14,0.29,0.44,0,0,1,1
0.143,0.29,0.44,0,0,1,1
0.146,0.29,0.44,0,0,1,1
0.149,0.29,0.44,0,0,1,1
0.152,0.29,0.44,0,0,1,1
0.155,0.29,0.44,0,0,1,1
0.158,0.29,0.44,0,0,1,1
0.161,0.29,0.44,0,0,1,1
0.164,0.29,0.44,0,0,1,1
0.167,0.29,0.44,0,0,1,1
0.17,0.29,0.44,0,0,1,1
0.173,0.29,0.44,0,0,1,1
0.176,0.29,0.44,0,0,1,1
0.179,0.29,0.44,0,0,1,1
0.182,0.29,0.44,0,0,1,1
0.185,0.29,0.44,0,0,1,1
0.188,0.29,0.44,0,0,1,1
0.191,0.29,0.44,0,0,1,1
0.194,0.29,0.44,0,0,1,1
0.197,0.29,0.44,0,0,1,1
0.2,0.29,0.44,0,0,1,1
0.203,0.29,0.44,0,0,1,1
0.206,0.29,0.44,0,0,1,1
0.209,0.29,0.44,0,0,1,1
0.212,0.29,0.44,0,0,1,1
0.215,0.29,0.44,0,0,1,1
0.218,0.29,0.44,0,0,1,1
0.221,0.29,0.44,0,0,1,1
0.224,0.29,0.44,0,0,1,1
0.227,0.29,0.44,0,0,1,1
0.23,0.29,0.44,0,0,1,1
0.233,0.29,0.44,0,0,1,1
0.236,0.29,0.44,0,0,1,1
0.239,0.29,0.44,0,0,1,1
0.242,0.29,0.44,0,0,1,1
0.245,0.29,0.44,0,0,1,1
0.248,0.29,0.44,0,0,1,1
0.251,0.29,0.44,0,0,1,1
0.254,0.29,0.44,0,0,1,1
0.257,0.29,0.44,0,0,1,1
0.26,0.29,0.44,0,0,1,1
0.263,0.29,0.44,0,0,1,1
0.266,0.29,0.44,0,0,1,1
0.269,0.29,0.44,0,0,1,1
0.272,0.29,0.44,0,0,1,1
0.275,0.29,0.44,0,0,1,1
0.278,0.29,0.44,0,0,1,1
0.281,0.29,0.44,0,0,1,1
0.284,0.29,0.44,0,0,1,1
0.287,0.29,0.44,0,0,1,1
0.29,0.29,0.44,0,0,1,1
0.293,0.29,0.44,0,0,1,1
0.296,0.29,0.44,0,0,1,1
0.299,0.29,0.44,0,0,1,1
0.302,0.29,0.44,0,0,1,1
0.305,0.29,0.44,0,0,1,1
0.308,0.29,0.44,0,0,1,1
0.311,0.29,0.44,0,0,1,1
0.314,0.29,0.44,0,0,1,1
0.317,0.29,0.44,0,0,1,1
0.32,0.29,0.44,0,0,1,1
0.323,0.29,0.44,0,0,1,1
0.326,0.29,0.44,0,0,1,1
0.329,0.29,0.44,0,0,1,1
0.332,0.29,0.44,0,0,1,1
0.335,0.29,0.44,0,0,1,1
0.338,0.29,0.44,0,0,1,1
0.341,0.29,0.44,0,0,1,1
0.14,0.287,0.44,0,0,1,1
0.143,0.287,0.44,0,0,1,1
0.146,0.287,0.44,0,0,1,1
0.149,0.287,0.44,0,0,1,1
0.152,0.287,0.44,0,0,1,1
0.155,0.287,0.44,0,0,1,1
0.158,0.287,0.44,0,0,1,1
0.161,0.287,0.44,0,0,1,1
0.164,0.287,0.44,0,0,1,1
0.167,0.287,0.44,0,0,1,1
0.17,0.287,0.44,0,0,1,1
0.173,0.287,0.44,0,0,1,1
0.176,0.287,0.44,0,0,1,1
0.179,0.287,0.44,0,0,1,1
0.182,0.287,0.44,0,0,1,1
0.185,0.287,0.44,0,0,1,1
0.188,0.287,0.44,0,0,1,1
0.191,0.287,0.44,0,0,1,1
0.194,0.287,0.44,0,0,1,1
0.197,0.287,0.44,0,0,1,1
0.2,0.287,0.44,0,0,1,1
0.203,0.287,0.44,0,0,1,1
0.206,0.287,0.44,0,0,1,1
0.209,0.287,0.44,0,0,1,1
0.212,0.287,0.44,0,0,1,1
0.215,0.287,0.44,0,0,1,1
0.218,0.287,0.44,0,0,1,1
0.221,0.287,0.44,0,0,1,1
0.224,0.287,0.44,0,0,1,1
0.227,0.287,0.44,0,0,1,1
0.23,0.287,0.44,0,0,1,1
0.233,0.287,0.44,0,0,1,1
0.236,0.287,0.44,0,0,1,1
0.239,0.287,0.44,0,0,1,1
0.242,0.287,0.44,0,0,1,1
0.245,0.287,0.44,0,0,1,1
0.248,0.287,0.44,0,0,1,1
0.251,0.287,0.44,0,0,1,1
0.254,0.287,0.44,0,0,1,1
0.257,0.287,0.44,0,0,1,1
0.26,0.287,0.44,0,0,1,1
0.263,0.287,0.44,0,0,1,1
0.266,0.287,0.44,0,0,1,1
0.269,0.287,0.44,0,0,1,1
0.272,0.287,0.44,0,0,1,1
0.275,0.287,0.44,0,0,1,1
0.278,0.287,0.44,0,0,1,1
0.281,0.287,0.44,0,0,1,1
0.284,0.287,0.44,0,0,1,1
0.287,0.287,0.44,0,0,1,1
0.29,0.287,0.44,0,0,1,1
0.293,0.287,0.44,0,0,1,1
0.296,0.287,0.44,0,0,1,1
0.299,0.287,0.44,0,0,1,1
0.302,0.287,0.44,0,0,1,1
0.305,0.287,0.44,0,0,1,1
0.308,0.287,0.44,0,0,1,1
0.311,0.287,0.44,0,0,1,1
0.314,0.287,0.44,0,0,1,1
0.317,0.287,0.44,0,0,1,1
0.32,0.287,0.44,0,0,1,1
0.323,0.287,0.44,0,0,1,1
0.326,0.287,0.44,0,0,1,1
0.329,0.287,0.44,0,0,1,1
0.332,0.287,0.44,0,0,1,1
0.335,0.287,0.44,0,0,1,1
0.338,0.287,0.44,0,0,1,1
0.341,0.287,0.44,0,0,1,1
0.14,0.284,0.44,0,0,1,1
0.143,0.284,0.44,0,0,1,1
0.146,0.284,0.44,0,0,1,1
0.149,0.284,0.44,0,0,1,1
0.152,0.284,0.44,0,0,1,1
0.155,0.284,0.44,0,0,1,1
0.158,0.284,0.44,0,0,1,1
0.161,0.284,0.44,0,0,1,1
0.164,0.284,0.44,0,0,1,1
0.167,0.284,0.44,0,0,1,1
0.17,0.284,0.44,0,0,1,1
0.173,0.284,0.44,0,0,1,1
0.176,0.284,0.44,0,0,1,1
0.179,0.284,0.44,0,0,1,1
0.182,0.284,0.44,0,0,1,1
0.185,0.284,0.44,0,0,1,1
0.188,0.284,0.44,0,0,1,1
0.191,0.284,0.44,0,0,1,1
0.194,0.284,0.44,0,0,1,1
0.197,0.284,0.44,0,0,1,1
0.2,0.284,0.44,0,0,1,1
0.203,0.284,0.44,0,0,1,1
0.206,0.284,0.44,0,0,1,1
0.209,0.284,0.44,0,0,1,1
0.212,0.284,0.44,0,0,1,1
0.215,0.284,0.44,0,0,1,1
0.218,0.284,0.44,0,0,1,1
0.221,0.284,0.44,0,0,1,1
0.224,0.284,0.44,0,0,1,1
0.227,0.284,0.44,0,0,1,1
0.23,0.284,0.44,0,0,1,1
0.233,0.284,0.44,0,0,1,1
0.236,0.284,0.44,0,0,1,1
0.239,0.284,0.44,0,0,1,1
0.242,0.284,0.44,0,0,1,1
0.245,0.284,0.44,0,0,1,1
0.248,0.284,0.44,0,0,1,1
0.251,0.284,0.44,0,0,1,1
0.254,0.284,0.44,0,0,1,1
0.257,0.284,0.44,0,0,1,1
0.26,0.284,0.44,0,0,1,1
0.263,0.284,0.44,0,0,1,1
0.266,0.284,0.44,0,0,1,1
0.269,0.284,0.44,0,0,1,1
0.272,0.284,0.44,0,0,1,1
0.275,0.284,0.44,0,0,1,1
0.278,0.284,0.44,0,0,1,1
0.281,0.284,0.44,0,0,1,1
0.284,0.284,0.44,0,0,1,1
0.287,0.284,0.44,0,0,1,1
0.29,0.284,0.44,0,0,1,1
0.293,0.284,0.44,0,0,1,1
0.296,0.284,0.44,0,0,1,1
0.299,0.284,0.44,0,0,1,1
0.302,0.284,0.44,0,0,1,1
0.305,0.284,0.44,0,0,1,1
0.308,0.284,0.44,0,0,1,1
0.311,0.284,0.44,0,0,1,1
0.314,0.284,0.44,0,0,1,1
0.317,0.284,0.44,0,0,1,1
0.32,0.284,0.44,0,0,1,1
0.323,0.284,0.44,0,0,1,1
0.326,0.284,0.44,0,0,1,1
0.329,0.284,0.44,0,0,1,1
0.332,0.284,0.44,0,0,1,1
0.335,0.284,0.44,0,0,1,1
0.338,0.284,0.44,0,0,1,1
0.341,0.284,0.44,0,0,1,1
0.14,0.281,0.44,0,0,1,1
0.143,0.281,0.44,0,0,1,1
0.146,0.281,0.44,0,0,1,1
0.149,0.281,0.44,0,0,1,1
0.152,0.281,0.44,0,0,1,1
0.155,0.281,0.44,0,0,1,1
0.158,0.281,0.44,0,0,1,1
0.161,0.281,0.44,0,0,1,1
0.164,0.281,0.44,0,0,1,1
0.167,0.281,0.44,0,0,1,1
0.17,0.281,0.44,0,0,1,1
0.173,0.281,0.44,0,0,1,1
0.176,0.281,0.44,0,0,1,1
0.179,0.281,0.44,0,0,1,1
0.182,0.281,0.44,0,0,1,1
0.185,0.281,0.44,0,0,1,1
0.188,0.281,0.44,0,0,1,1
0.191,0.281,0.44,0,0,1,1
0.194,0.281,0.44,0,0,1,1
0.197,0.281,0.44,0,0,1,1
0.2,0.281,0.44,0,0,1,1
0.203,0.281,0.44,0,0,1,1
0.206,0.281,0.44,0,0,1,1
0.209,0.281,0.44,0,0,1,1
0.212,0.281,0.44,0,0,1,1
0.215,0.281,0.44,0,0,1,1
0.218,0.281,0.44,0,0,1,1
0.221,0.281,0.44,0,0,1,1
0.224,0.281,0.44,0,0,1,1
0.227,0.281,0.44,0,0,1,1
0.23,0.281,0.44,0,0,1,1
0.233,0.281,0.44,0,0,1,1
0.236,0.281,0.44,0,0,1,1
0.239,0.281,0.44,0,0,1,1
0.242,0.281,0.44,0,0,1,1
0.245,0.281,0.44,0,0,1,1
0.248,0.281,0.44,0,0,1,1
0.251,0.281,0.44,0,0,1,1
0.254,0.281,0.44,0,0,1,1
0.257,0.281,0.44,0,0,1,1
0.26,0.281,0.44,0,0,1,1
0.263,0.281,0.44,0,0,1,1
0.266,0.281,0.44,0,0,1,1
0.269,0.281,0.44,0,0,1,1
0.272,0.281,0.44,0,0,1,1
0.275,0.281,0.44,0,0,1,1
0.278,0.281,0.44,0,0,1,1
0.281,0.281,0.44,0,0,1,1
0.284,0.281,0.44,0,0,1,1
0.287,0.281,0.44,0,0,1,1
0.29,0.281,0.44,0,0,1,1
0.293,0.281,0.44,0,0,1,1
0.296,0.281,0.44,0,0,1,1
0.299,0.281,0.44,0,0,1,1
0.302,0.281,0.44,0,0,1,1
0.305,0.281,0.44,0,0,1,1
0.308,0.281,0.44,0,0,1,1
0.311,0.281,0.44,0,0,1,1
0.314,0.281,0.44,0,0,1,1
0.317,0.281,0.44,0,0,1,1
0.32,0.281,0.44,0,0,1,1
0.323,0.281,0.44,0,0,1,1
0.326,0.281,0.44,0,0,1,1
0.329,0.281,0.44,0,0,1,1
0.332,0.281,0.44,0,0,1,1
0.335,0.281,0.44,0,0,1,1
0.338,0.281,0.44,0,0,1,1
0.341,0.281,0.44,0,0,1,1
0.14,0.278,0.44,0,0,1,1
0.143,0.278,0.44,0,0,1,1
0.146,0.278,0.44,0,0,1,1
0.149,0.278,0.44,0,0,1,1
0.152,0.278,0.44,0,0,1,1
0.155,0.278,0.44,0,0,1,1
0.158,0.278,0.44,0,0,1,1
0.161,0.278,0.44,0,0,1,1
0.164,0.278,0.44,0,0,1,1
0.167,0.278,0.44,0,0,1,1
0.17,0.278,0.44,0,0,1,1
0.173,0.278,0.44,0,0,1,1
0.176,0.278,0.44,0,0,1,1
0.179,0.278,0.44,0,0,1,1
0.182,0.278,0.44,0,0,1,1
0.185,0.278,0.44,0,0,1,1
0.188,0.278,0.44,0,0,1,1
0.191,0.278,0.44,0,0,1,1
0.194,0.278,0.44,0,0,1,1
0.197,0.278,0.44,0,0,1,1
0.2,0.278,0.44,0,0,1,1
0.203,0.278,0.44,0,0,1,1
0.206,0.278,0.44,0,0,1,1
0.209,0.278,0.44,0,0,1,1
0.212,0.278,0.44,0,0,1,1
0.215,0.278,0.44,0,0,1,1
0.218,0.278,0.44,0,0,1,1
0.221,0.278,0.44,0,0,1,1
0.224,0.278,0.44,0,0,1,1
0.227,0.278,0.44,0,0,1,1
0.23,0.278,0.44,0,0,1,1
0.233,0.278,0.44,0,0,1,1
0.236,0.278,0.44,0,0,1,1
0.239,0.278,0.44,0,0,1,1
0.242,0.278,0.44,0,0,1,1
0.245,0.278,0.44,0,0,1,1
0.248,0.278,0.44,0,0,1,1
0.251,0.278,0.44,0,0,1,1
0.254,0.278,0.44,0,0,1,1
0.257,0.278,0.44,0,0,1,1
0.26,0.278,0.44,0,0,1,1
0.263,0.278,0.44,0,0,1,1
0.266,0.278,0.44,0,0,1,1
0.269,0.278,0.44,0,0,1,1
0.272,0.278,0.44,0,0,1,1
0.275,0.278,0.44,0,0,1,1
0.278,0.278,0.44,0,0,1,1
0.281,0.278,0.44,0,0,1,1
0.284,0.278,0.44,0,0,1,1
0.287,0.278,0.44,0,0,1,1
0.29,0.278,0.44,0,0,1,1
0.293,0.278,0.44,0,0,1,1
0.296,0.278,0.44,0,0,1,1
0.299,0.278,0.44,0,0,1,1
0.302,0.278,0.44,0,0,1,1
0.305,0.278,0.44,0,0,1,1
0.308,0.278,0.44,0,0,1,1
0.311,0.278,0.44,0,0,1,1
0.314,0.278,0.44,0,0,1,1
0.317,0.278,0.44,0,0,1,1
0.32,0.278,0.44,0,0,1,1
0.323,0.278,0.44,0,0,1,1
0.326,0.278,0.44,0,0,1,1
0.329,0.278,0.44,0,0,1,1
0.332,0.278,0.44,0,0,1,1
0.335,0.278,0.44,0,0,1,1
0.338,0.278,0.44,0,0,1,1
0.341,0.278,0.44,0,0,1,1
0.14,0.275,0.44,0,0,1,1
0.143,0.275,0.44,0,0,1,1
0.146,0.275,0.44,0,0,1,1
0.149,0.275,0.44,0,0,1,1
0.152,0.275,0.44,0,0,1,1
0.155,0.275,0.44,0,0,1,1
0.158,0.275,0.44,0,0,1,1
0.161,0.275,0.44,0,0,1,1
0.164,0.275,0.44,0,0,1,1
0.167,0.275,0.44,0,0,1,1
0.17,0.275,0.44,0,0,1,1
0.173,0.275,0.44,0,0,1,1
0.176,0.275,0.44,0,0,1,1
0.179,0.275,0.44,0,0,1,1
0.182,0.275,0.44,0,0,1,1
0.185,0.275,0.44,0,0,1,1
0.188,0.275,0.44,0,0,1,1
0.191,0.275,0.44,0,0,1,1
0.194,0.275,0.44,0,0,1,1
0.197,0.275,0.44,0,0,1,1
0.2,0.275,0.44,0,0,1,1
0.203,0.275,0.44,0,0,1,1
0.206,0.275,0.44,0,0,1,1
0.209,0.275,0.44,0,0,1,1
0.212,0.275,0.44,0,0,1,1
0.215,0.275,0.44,0,0,1,1
0.218,0.275,0.44,0,0,1,1
0.221,0.275,0.44,0,0,1,1
0.224,0.275,0.44,0,0,1,1
0.227,0.275,0.44,0,0,1,1
0.23,0.275,0.44,0,0,1,1
0.233,0.275,0.44,0,0,1,1
0.236,0.275,0.44,0,0,1,1
0.239,0.275,0.44,0,0,1,1
0.242,0.275,0.44,0,0,1,1
0.245,0.275,0.44,0,0,1,1
0.248,0.275,0.44,0,0,1,1
0.251,0.275,0.44,0,0,1,1
0.254,0.275,0.44,0,0,1,1
0.257,0.275,0.44,0,0,1,1
0.26,0.275,0.44,0,0,1,1
0.263,0.275,0.44,0,0,1,1
0.266,0.275,0.44,0,0,1,1
0.269,0.275,0.44,0,0,1,1
0.272,0.275,0.44,0,0,1,1
0.275,0.275,0.44,0,0,1,1
0.278,0.275,0.44,0,0,1,1
0.281,0.275,0.44,0,0,1,1
0.284,0.275,0.44,0,0,1,1
0.287,0.275,0.44,0,0,1,1
0.29,0.275,0.44,0,0,1,1
0.293,0.275,0.44,0,0,1,1
0.296,0.275,0.44,0,0,1,1
0.299,0.275,0.44,0,0,1,1
0.302,0.275,0.44,0,0,1,1
0.305,0.275,0.44,0,0,1,1
0.308,0.275,0.44,0,0,1,1
0.311,0.275,0.44,0,0,1,1
0.314,0.275,0.44,0,0,1,1
0.317,0.275,0.44,0,0,1,1
0.32,0.275,0.44,0,0,1,1
0.323,0.275,0.44,0,0,1,1
0.326,0.275,0.44,0,0,1,1
0.329,0.275,0.44,0,0,1,1
0.332,0.275,0.44,0,0,1,1
0.335,0.275,0.44,0,0,1,1
0.338,0.275,0.44,0,0,1,1
0.341,0.275,0.44,0,0,1,1
0.14,0.272,0.44,0,0,1,1
0.143,0.272,0.44,0,0,1,1
0.146,0.272,0.44,0,0,1,1
0.149,0.272,0.44,0,0,1,1
0.152,0.272,0.44,0,0,1,1
0.155,0.272,0.44,0,0,1,1
0.158,0.272,0.44,0,0,1,1
0.161,0.272,0.44,0,0,1,1
0.164,0.272,0.44,0,0,1,1
0.167,0.272,0.44,0,0,1,1
0.17,0.272,0.44,0,0,1,1
0.173,0.272,0.44,0,0,1,1
0.176,0.272,0.44,0,0,1,1
0.179,0.272,0.44,0,0,1,1
0.182,0.272,0.44,0,0,1,1
0.185,0.272,0.44,0,0,1,1
0.188,0.272,0.44,0,0,1,1
0.191,0.272,0.44,0,0,1,1
0.194,0.272,0.44,0,0,1,1
0.197,0.272,0.44,0,0,1,1
0.2,0.272,0.44,0,0,1,1
0.203,0.272,0.44,0,0,1,1
0.206,0.272,0.44,0,0,1,1
0.209,0.272,0.44,0,0,1,1
0.212,0.272,0.44,0,0,1,1
0.215,0.272,0.44,0,0,1,1
0.218,0.272,0.44,0,0,1,1
0.221,0.272,0.44,0,0,1,1
0.224,0.272,0.44,0,0,1,1
0.227,0.272,0.44,0,0,1,1
0.23,0.272,0.44,0,0,1,1
0.233,0.272,0.44,0,0,1,1
0.236,0.272,0.44,0,0,1,1
0.239,0.272,0.44,0,0,1,1
0.242,0.272,0.44,0,0,1,1
0.245,0.272,0.44,0,0,1,1
0.248,0.272,0.44,0,0,1,1
0.251,0.272,0.44,0,0,1,1
0.254,0.272,0.44,0,0,1,1
0.257,0.272,0.44,0,0,1,1
0.26,0.272,0.44,0,0,1,1
0.263,0.272,0.44,0,0,1,1
0.266,0.272,0.44,0,0,1,1
0.269,0.272,0.44,0,0,1,1
0.272,0.272,0.44,0,0,1,1
0.275,0.272,0.44,0,0,1,1
0.278,0.272,0.44,0,0,1,1
0.281,0.272,0.44,0,0,1,1
0.284,0.272,0.44,0,0,1,1
0.287,0.272,0.44,0,0,1,1
0.29,0.272,0.44,0,0,1,1
0.293,0.272,0.44,0,0,1,1
0.296,0.272,0.44,0,0,1,1
0.299,0.272,0.44,0,0,1,1
0.302,0.272,0.44,0,0,1,1
0.305,0.272,0.44,0,0,1,1
0.308,0.272,0.44,0,0,1,1
0.311,0.272,0.44,0,0,1,1
0.314,0.272,0.44,0,0,1,1
0.317,0.272,0.44,0,0,1,1
0.32,0.272,0.44,0,0,1,1
0.323,0.272,0.44,0,0,1,1
0.326,0.272,0.44,0,0,1,1
0.329,0.272,0.44,0,0,1,1
0.332,0.272,0.44,0,0,1,1
0.335,0.272,0.44,0,0,1,1
0.338,0.272,0.44,0,0,1,1
0.341,0.272,0.44,0,0,1,1
0.14,0.269,0.44,0,0,1,1
0.143,0.269,0.44,0,0,1,1
0.146,0.269,0.44,0,0,1,1
0.149,0.269,0.44,0,0,1,1
0.152,0.269,0.44,0,0,1,1
0.155,0.269,0.44,0,0,1,1
0.158,0.269,0.44,0,0,1,1
0.161,0.269,0.44,0,0,1,1
0.164,0.269,0.44,0,0,1,1
0.167,0.269,0.44,0,0,1,1
0.17,0.269,0.44,0,0,1,1
0.173,0.269,0.44,0,0,1,1
0.176,0.269,0.44,0,0,1,1
0.179,0.269,0.44,0,0,1,1
0.182,0.269,0.44,0,0,1,1
0.185,0.269,0.44,0,0,1,1
0.188,0.269,0.44,0,0,1,1
0.191,0.269,0.44,0,0,1,1
0.194,0.269,0.44,0,0,1,1
0.197,0.269,0.44,0,0,1,1
0.2,0.269,0.44,0,0,1,1
0.203,0.269,0.44,0,0,1,1
0.206,0.269,0.44,0,0,1,1
0.209,0.269,0.44,0,0,1,1
0.212,0.269,0.44,0,0,1,1
0.215,0.269,0.44,0,0,1,1
0.218,0.269,0.44,0,0,1,1
0.221,0.269,0.44,0,0,1,1
0.224,0.269,0.44,0,0,1,1
0.227,0.269,0.44,0,0,1,1
0.23,0.269,0.44,0,0,1,1
0.233,0.269,0.44,0,0,1,1
0.236,0.269,0.44,0,0,1,1
0.239,0.269,0.44,0,0,1,1
0.242,0.269,0.44,0,0,1,1
0.245,0.269,0.44,0,0,1,1
0.248,0.269,0.44,0,0,1,1
0.251,0.269,0.44,0,0,1,1
0.254,0.269,0.44,0,0,1,1
0.257,0.269,0.44,0,0,1,1
0.26,0.269,0.44,0,0,1,1
0.263,0.269,0.44,0,0,1,1
0.266,0.269,0.44,0,0,1,1
0.269,0.269,0.44,0,0,1,1
0.272,0.269,0.44,0,0,1,1
0.275,0.269,0.44,0,0,1,1
0.278,0.269,0.44,0,0,1,1
0.281,0.269,0.44,0,0,1,1
0.284,0.269,0.44,0,0,1,1
0.287,0.269,0.44,0,0,1,1
0.29,0.269,0.44,0,0,1,1
0.293,0.269,0.44,0,0,1,1
0.296,0.269,0.44,0,0,1,1
0.299,0.269,0.44,0,0,1,1
0.302,0.269,0.44,0,0,1,1
0.305,0.269,0.44,0,0,1,1
0.308,0.269,0.44,0,0,1,1
0.311,0.269,0.44,0,0,1,1
0.314,0.269,0.44,0,0,1,1
0.317,0.269,0.44,0,0,1,1
0.32,0.269,0.44,0,0,1,1
0.323,0.269,0.44,0,0,1,1
0.326,0.269,0.44,0,0,1,1
0.329,0.269,0.44,0,0,1,1
0.332,0.269,0.44,0,0,1,1
0.335,0.269,0.44,0,0,1,1
0.338,0.269,0.44,0,0,1,1
0.341,0.269,0.44,0,0,1,1
0.39,0.1,0.25,0,0,1,2
0.39,0.1,0.253,0,0,1,2
0.39,0.1,0.256,0,0,1,2
0.39,0.1,0.259,0,0,1,2
0.39,0.1,0.262,0,0,1,2
0.39,0.1,0.265,0,0,1,2
0.39,0.1,0.268,0,0,1,2
0.39,0.1,0.271,0,0,1,2
0.39,0.1,0.274,0,0,1,2
0.39,0.1,0.277,0,0,1,2
0.39,0.1,0.28,0,0,1,2
0.39,0.1,0.283,0,0,1,2
0.39,0.1,0.286,0,0,1,2
0.39,0.1,0.289,0,0,1,2
0.39,0.1,0.292,0,0,1,2
0.39,0.1,0.295,0,0,1,2
0.39,0.1,0.298,0,0,1,2
0.39,0.1,0.301,0,0,1,2
0.39,0.1,0.304,0,0,1,2
0.39,0.1,0.307,0,0,1,2
0.39,0.1,0.31,0,0,1,2
0.39,0.1,0.313,0,0,1,2
0.39,0.1,0.316,0,0,1,2
0.39,0.1,0.319,0,0,1,2
0.39,0.1,0.322,0,0,1,2
0.39,0.1,0.325,0,0,1,2
0.39,0.1,0.328,0,0,1,2
0.39,0.1,0.331,0,0,1,2
0.39,0.1,0.334,0,0,1,2
0.39,0.1,0.337,0,0,1,2
0.39,0.1,0.34,0,0,1,2
0.39,0.1,0.343,0,0,1,2
0.39,0.1,0.346,0,0,1,2
0.39,0.1,0.349,0,0,1,2
0.39,0.1,0.352,0,0,1,2
0.39,0.1,0.355,0,0,1,2
0.39,0.1,0.358,0,0,1,2
0.39,0.1,0.361,0,0,1,2
0.39,0.1,0.364,0,0,1,2
0.39,0.1,0.367,0,0,1,2
0.39,0.1,0.37,0,0,1,2
0.39,0.1,0.373,0,0,1,2
0.39,0.1,0.376,0,0,1,2
0.39,0.1,0.379,0,0,1,2
0.39,0.1,0.382,0,0,1,2
0.39,0.1,0.385,0,0,1,2
0.39,0.1,0.388,0,0,1,2
0.39,0.1,0.391,0,0,1,2
0.39,0.1,0.394,0,0,1,2
0.39,0.1,0.397,0,0,1,2
0.39,0.1,0.4,0,0,1,2
0.39,0.1,0.403,0,0,1,2
0.39,0.1,0.406,0,0,1,2
0.39,0.1,0.409,0,0,1,2
0.39,0.1,0.412,0,0,1,2
0.39,0.1,0.415,0,0,1,2
0.39,0.1,0.418,0,0,1,2
0.39,0.1,0.420999,0,0,1,2
0.39,0.1,0.423999,0,0,1,2
0.39,0.1,0.426999,0,0,1,2
0.39,0.1,0.429999,0,0,1,2
0.39,0.1,0.432999,0,0,1,2
0.39,0.1,0.435999,0,0,1,2
0.39,0.1,0.438999,0,0,1,2
0.39,0.1,0.441999,0,0,1,2
0.39,0.1,0.444999,0,0,1,2
0.39,0.1,0.447999,0,0,1,2
0.39,0.1,0.450999,0,0,1,2
0.393,0.1,0.25,0,0,1,2
0.393,0.1,0.253,0,0,1,2
0.393,0.1,0.256,0,0,1,2
0.393,0.1,0.259,0,0,1,2
0.393,0.1,0.262,0,0,1,2
0.393,0.1,0.265,0,0,1,2
0.393,0.1,0.268,0,0,1,2
0.393,0.1,0.271,0,0,1,2
0.393,0.1,0.274,0,0,1,2
0.393,0.1,0.277,0,0,1,2
0.393,0.1,0.28,0,0,1,2
0.393,0.1,0.283,0,0,1,2
0.393,0.1,0.286,0,0,1,2
0.393,0.1,0.289,0,0,1,2
0.393,0.1,0.292,0,0,1,2
0.393,0.1,0.295,0,0,1,2
0.393,0.1,0.298,0,0,1,2
0.393,0.1,0.301,0,0,1,2
0.393,0.1,0.304,0,0,1,2
0.393,0.1,0.307,0,0,1,2
0.393,0.1,0.31,0,0,1,2
0.393,0.1,0.313,0,0,1,2
0.393,0.1,0.316,0,0,1,2
0.393,0.1,0.319,0,0,1,2
0.393,0.1,0.322,0,0,1,2
0.393,0.1,0.325,0,0,1,2
0.393,0.1,0.328,0,0,1,2
0.393,0.1,0.331,0,0,1,2
0.393,0.1,0.334,0,0,1,2
0.393,0.1,0.337,0,0,1,2
0.393,0.1,0.34,0,0,1,2
0.393,0.1,0.343,0,0,1,2
0.393,0.1,0.346,0,0,1,2
0.393,0.1,0.349,0,0,1,2
0.393,0.1,0.352,0,0,1,2
0.393,0.1,0.355,0,0,1,2
0.393,0.1,0.358,0,0,1,2
0.393,0.1,0.361,0,0,1,2
0.393,0.1,0.364,0,0,1,2
0.393,0.1,0.367,0,0,1,2
0.393,0.1,0.37,0,0,1,2
0.393,0.1,0.373,0,0,1,2
0.393,0.1,0.376,0,0,1,2
0.393,0.1,0.379,0,0,1,2
0.393,0.1,0.382,0,0,1,2
0.393,0.1,0.385,0,0,1,2
0.393,0.1,0.388,0,0,1,2
0.393,0.1,0.391,0,0,1,2
0.393,0.1,0.394,0,0,1,2
0.393,0.1,0.397,0,0,1,2
0.393,0.1,0.4,0,0,1,2
0.393,0.1,0.403,0,0,1,2
0.393,0.1,0.406,0,0,1,2
0.393,0.1,0.409,0,0,1,2
0.393,0.1,0.412,0,0,1,2
0.393,0.1,0.415,0,0,1,2
0.393,0.1,0.418,0,0,1,2
0.393,0.1,0.420999,0,0,1,2
0.393,0.1,0.423999,0,0,1,2
0.393,0.1,0.426999,0,0,1,2
0.393,0.1,0.429999,0,0,1,2
0.393,0.1,0.432999,0,0,1,2
0.393,0.1,0.435999,0,0,1,2
0.393,0.1,0.438999,0,0,1,2
0.393,0.1,0.441999,0,0,1,2
0.393,0.1,0.444999,0,0,1,2
0.393,0.1,0.447999,0,0,1,2
0.393,0.1,0.450999,0,0,1,2
0.396,0.1,0.25,0,0,1,2
0.396,0.1,0.253,0,0,1,2
0.396,0.1,0.256,0,0,1,2
0.396,0.1,0.259,0,0,1,2
0.396,0.1,0.262,0,0,1,2
0.396,0.1,0.265,0,0,1,2
0.396,0.1,0.268,0,0,1,2
0.396,0.1,0.271,0,0,1,2
0.396,0.1,0.274,0,0,1,2
0.396,0.1,0.277,0,0,1,2
0.396,0.1,0.28,0,0,1,2
0.396,0.1,0.283,0,0,1,2
0.396,0.1,0.286,0,0,1,2
0.396,0.1,0.289,0,0,1,2
0.396,0.1,0.292,0,0,1,2
0.396,0.1,0.295,0,0,1,2
0.396,0.1,0.298,0,0,1,2
0.396,0.1,0.301,0,0,1,2
0.396,0.1,0.304,0,0,1,2
0.396,0.1,0.307,0,0,1,2
0.396,0.1,0.31,0,0,1,2
0.396,0.1,0.313,0,0,1,2
0.396,0.1,0.316,0,0,1,2
0.396,0.1,0.319,0,0,1,2
0.396,0.1,0.322,0,0,1,2
0.396,0.1,0.325,0,0,1,2
0.396,0.1,0.328,0,0,1,2
0.396,0.1,0.331,0,0,1,2
0.396,0.1,0.334,0,0,1,2
0.396,0.1,0.337,0,0,1,2
0.396,0.1,0.34,0,0,1,2
0.396,0.1,0.343,0,0,1,2
0.396,0.1,0.346,0,0,1,2
0.396,0.1,0.349,0,0,1,2
0.396,0.1,0.352,0,0,1,2
0.396,0.1,0.355,0,0,1,2
0.396,0.1,0.358,0,0,1,2
0.396,0.1,0.361,0,0,1,2
0.396,0.1,0.364,0,0,1,2
0.396,0.1,0.367,0,0,1,2
0.396,0.1,0.37,0,0,1,2
0.396,0.1,0.373,0,0,1,2
0.396,0.1,0.376,0,0,1,2
0.396,0.1,0.379,0,0,1,2
0.396,0.1,0.382,0,0,1,2
0.396,0.1,0.385,0,0,1,2
0.396,0.1,0.388,0,0,1,2
0.396,0.1,0.391,0,0,1,2
0.396,0.1,0.394,0,0,1,2
0.396,0.1,0.397,0,0,1,2
0.396,0.1,0.4,0,0,1,2
0.396,0.1,0.403,0,0,1,2
0.396,0.1,0.406,0,0,1,2
0.396,0.1,0.409,0,0,1,2
0.396,0.1,0.412,0,0,1,2
0.396,0.1,0.415,0,0,1,2
0.396,0.1,0.418,0,0,1,2
0.396,0.1,0.420999,0,0,1,2
0.396,0.1,0.423999,0,0,1,2
0.396,0.1,0.426999,0,0,1,2
0.396,0.1,0.429999,0,0,1,2
0.396,0.1,0.432999,0,0,1,2
0.396,0.1,0.435999,0,0,1,2
0.396,0.1,0.438999,0,0,1,2
0.396,0.1,0.441999,0,0,1,2
0.396,0.1,0.444999,0,0,1,2
0.396,0.1,0.447999,0,0,1,2
0.396,0.1,0.450999,0,0,1,2
0.399,0.1,0.25,0,0,1,2
0.399,0.1,0.253,0,0,1,2
0.399,0.1,0.256,0,0,1,2
0.399,0.1,0.259,0,0,1,2
0.399,0.1,0.262,0,0,1,2
0.399,0.1,0.265,0,0,1,2
0.399,0.1,0.268,0,0,1,2
0.399,0.1,0.271,0,0,1,2
0.399,0.1,0.274,0,0,1,2
0.399,0.1,0.277,0,0,1,2
0.399,0.1,0.28,0,0,1,2
0.399,0.1,0.283,0,0,1,2
0.399,0.1,0.286,0,0,1,2
0.399,0.1,0.289,0,0,1,2
0.399,0.1,0.292,0,0,1,2
0.399,0.1,0.295,0,0,1,2
0.399,0.1,0.298,0,0,1,2
0.399,0.1,0.301,0,0,1,2
0.399,0.1,0.304,0,0,1,2
0.399,0.1,0.307,0,0,1,2
0.399,0.1,0.31,0,0,1,2
0.399,0.1,0.313,0,0,1,2
0.399,0.1,0.316,0,0,1,2
0.399,0.1,0.319,0,0,1,2
0.399,0.1,0.322,0,0,1,2
0.399,0.1,0.325,0,0,1,2
0.399,0.1,0.328,0,0,1,2
0.399,0.1,0.331,0,0,1,2
0.399,0.1,0.334,0,0,1,2
0.399,0.1,0.337,0,0,1,2
0.399,0.1,0.34,0,0,1,2
0.399,0.1,0.343,0,0,1,2
0.399,0.1,0.346,0,0,1,2
0.399,0.1,0.349,0,0,1,2
0.399,0.1,0.352,0,0,1,2
0.399,0.1,0.355,0,0,1,2
0.399,0.1,0.358,0,0,1,2
0.399,0.1,0.361,0,0,1,2
0.399,0.1,0.364,0,0,1,2
0.399,0.1,0.367,0,0,1,2
0.399,0.1,0.37,0,0,1,2
0.399,0.1,0.373,0,0,1,2
0.399,0.1,0.376,0,0,1,2
0.399,0.1,0.379,0,0,1,2
0.399,0.1,0.382,0,0,1,2
0.399,0.1,0.385,0,0,1,2
0.399,0.1,0.388,0,0,1,2
0.399,0.1,0.391,0,0,1,2
0.399,0.1,0.394,0,0,1,2
0.399,0.1,0.397,0,0,1,2
0.399,0.1,0.4,0,0,1,2
0.399,0.1,0.403,0,0,1,2
0.399,0.1,0.406,0,0,1,2
0.399,0.1,0.409,0,0,1,2
0.399,0.1,0.412,0,0,1,2
0.399,0.1,0.415,0,0,1,2
0.399,0.1,0.418,0,0,1,2
0.399,0.1,0.420999,0,0,1,2
0.399,0.1,0.423999,0,0,1,2
0.399,0.1,0.426999,0,0,1,2
0.399,0.1,0.429999,0,0,1,2
0.399,0.1,0.432999,0,0,1,2
0.399,0.1,0.435999,0,0,1,2
0.399,0.1,0.438999,0,0,1,2
0.399,0.1,0.441999,0,0,1,2
0.399,0.1,0.444999,0,0,1,2
0.399,0.1,0.447999,0,0,1,2
0.399,0.1,0.450999,0,0,1,2
0.402,0.1,0.25,0,0,1,2
0.402,0.1,0.253,0,0,1,2
0.402,0.1,0.256,0,0,1,2
0.402,0.1,0.259,0,0,1,2
0.402,0.1,0.262,0,0,1,2
0.402,0.1,0.265,0,0,1,2
0.402,0.1,0.268,0,0,1,2
0.402,0.1,0.271,0,0,1,2
0.402,0.1,0.274,0,0,1,2
0.402,0.1,0.277,0,0,1,2
0.402,0.1,0.28,0,0,1,2
0.402,0.1,0.283,0,0,1,2
0.402,0.1,0.286,0,0,1,2
0.402,0.1,0.289,0,0,1,2
0.402,0.1,0.292,0,0,1,2
0.402,0.1,0.295,0,0,1,2
0.402,0.1,0.298,0,0,1,2
0.402,0.1,0.301,0,0,1,2
0.402,0.1,0.304,0,0,1,2
0.402,0.1,0.307,0,0,1,2
0.402,0.1,0.31,0,0,1,2
0.402,0.1,0.313,0,0,1,2
0.402,0.1,0.316,0,0,1,2
0.402,0.1,0.319,0,0,1,2
0.402,0.1,0.322,0,0,1,2
0.402,0.1,0.325,0,0,1,2
0.402,0.1,0.328,0,0,1,2
0.402,0.1,0.331,0,0,1,2
0.402,0.1,0.334,0,0,1,2
0.402,0.1,0.337,0,0,1,2
0.402,0.1,0.34,0,0,1,2
0.402,0.1,0.343,0,0,1,2
0.402,0.1,0.346,0,0,1,2
0.402,0.1,0.349,0,0,1,2
0.402,0.1,0.352,0,0,1,2
0.402,0.1,0.355,0,0,1,2
0.402,0.1,0.358,0,0,1,2
0.402,0.1,0.361,0,0,1,2
0.402,0.1,0.364,0,0,1,2
0.402,0.1,0.367,0,0,1,2
0.402,0.1,0.37,0,0,1,2
0.402,0.1,0.373,0,0,1,2
0.402,0.1,0.376,0,0,1,2
0.402,0.1,0.379,0,0,1,2
0.402,0.1,0.382,0,0,1,2
0.402,0.1,0.385,0,0,1,2
0.402,0.1,0.388,0,0,1,2
0.402,0.1,0.391,0,0,1,2
0.402,0.1,0.394,0,0,1,2
0.402,0.1,0.397,0,0,1,2
0.402,0.1,0.4,0,0,1,2
0.402,0.1,0.403,0,0,1,2
0.402,0.1,0.406,0,0,1,2
0.402,0.1,0.409,0,0,1,2
0.402,0.1,0.412,0,0,1,2
0.402,0.1,0.415,0,0,1,2
0.402,0.1,0.418,0,0,1,2
0.402,0.1,0.420999,0,0,1,2
0.402,0.1,0.423999,0,0,1,2
0.402,0.1,0.426999,0,0,1,2
0.402,0.1,0.429999,0,0,1,2
0.402,0.1,0.432999,0,0,1,2
0.402,0.1,0.435999,0,0,1,2
0.402,0.1,0.438999,0,0,1,2
0.402,0.1,0.441999,0,0,1,2
0.402,0.1,0.444999,0,0,1,2
0.402,0.1,0.447999,0,0,1,2
0.402,0.1,0.450999,0,0,1,2
0.405,0.1,0.25,0,0,1,2
0.405,0.1,0.253,0,0,1,2
0.405,0.1,0.256,0,0,1,2
0.405,0.1,0.259,0,0,1,2
0.405,0.1,0.262,0,0,1,2
0.405,0.1,0.265,0,0,1,2
0.405,0.1,0.268,0,0,1,2
0.405,0.1,0.271,0,0,1,2
0.405,0.1,0.274,0,0,1,2
0.405,0.1,0.277,0,0,1,2
0.405,0.1,0.28,0,0,1,2
0.405,0.1,0.283,0,0,1,2
0.405,0.1,0.286,0,0,1,2
0.405,0.1,0.289,0,0,1,2
0.405,0.1,0.292,0,0,1,2
0.405,0.1,0.295,0,0,1,2
0.405,0.1,0.298,0,0,1,2
0.405,0.1,0.301,0,0,1,2
0.405,0.1,0.304,0,0,1,2
0.405,0.1,0.307,0,0,1,2
0.405,0.1,0.31,0,0,1,2
0.405,0.1,0.313,0,0,1,2
0.405,0.1,0.316,0,0,1,2
0.405,0.1,0.319,0,0,1,2
0.405,0.1,0.322,0,0,1,2
0.405,0.1,0.325,0,0,1,2
0.405,0.1,0.328,0,0,1,2
0.405,0.1,0.331,0,0,1,2
0.405,0.1,0.334,0,0,1,2
0.405,0.1,0.337,0,0,1,2
0.405,0.1,0.34,0,0,1,2
0.405,0.1,0.343,0,0,1,2
0.405,0.1,0.346,0,0,1,2
0.405,0.1,0.349,0,0,1,2
0.405,0.1,0.352,0,0,1,2
0.405,0.1,0.355,0,0,1,2
0.405,0.1,0.358,0,0,1,2
0.405,0.1,0.361,0,0,1,2
0.405,0.1,0.364,0,0,1,2
0.405,0.1,0.367,0,0,1,2
0.405,0.1,0.37,0,0,1,2
0.405,0.1,0.373,0,0,1,2
0.405,0.1,0.376,0,0,1,2
0.405,0.1,0.379,0,0,1,2
0.405,0.1,0.382,0,0,1,2
0.405,0.1,0.385,0,0,1,2
0.405,0.1,0.388,0,0,1,2
0.405,0.1,0.391,0,0,1,2
0.405,0.1,0.394,0,0,1,2
0.405,0.1,0.397,0,0,1,2
0.405,0.1,0.4,0,0,1,2
0.405,0.1,0.403,0,0,1,2
0.405,0.1,0.406,0,0,1,2
0.405,0.1,0.409,0,0,1,2
0.405,0.1,0.412,0,0,1,2
0.405,0.1,0.415,0,0,1,2
0.405,0.1,0.418,0,0,1,2
0.405,0.1,0.420999,0,0,1,2
0.405,0.1,0.423999,0,0,1,2
0.405,0.1,0.426999,0,0,1,2
0.405,0.1,0.429999,0,0,1,2
0.405,0.1,0.432999,0,0,1,2
0.405,0.1,0.435999,0,0,1,2
0.405,0.1,0.438999,0,0,1,2
0.405,0.1,0.441999,0,0,1,2
0.405,0.1,0.444999,0,0,1,2
0.405,0.1,0.447999,0,0,1,2
0.405,0.1,0.450999,0,0,1,2
0.408,0.1,0.25,0,0,1,2
0.408,0.1,0.253,0,0,1,2
0.408,0.1,0.256,0,0,1,2
0.408,0.1,0.259,0,0,1,2
0.408,0.1,0.262,0,0,1,2
0.408,0.1,0.265,0,0,1,2
0.408,0.1,0.268,0,0,1,2
0.408,0.1,0.271,0,0,1,2
0.408,0.1,0.274,0,0,1,2
0.408,0.1,0.277,0,0,1,2
0.408,0.1,0.28,0,0,1,2
0.408,0.1,0.283,0,0,1,2
0.408,0.1,0.286,0,0,1,2
0.408,0.1,0.289,0,0,1,2
0.408,0.1,0.292,0,0,1,2
0.408,0.1,0.295,0,0,1,2
0.408,0.1,0.298,0,0,1,2
0.408,0.1,0.301,0,0,1,2
0.408,0.1,0.304,0,0,1,2
0.408,0.1,0.307,0,0,1,2
0.408,0.1,0.31,0,0,1,2
0.408,0.1,0.313,0,0,1,2
0.408,0.1,0.316,0,0,1,2
0.408,0.1,0.319,0,0,1,2
0.408,0.1,0.322,0,0,1,2
0.408,0.1,0.325,0,0,1,2
0.408,0.1,0.328,0,0,1,2
0.408,0.1,0.331,0,0,1,2
0.408,0.1,0.334,0,0,1,2
0.408,0.1,0.337,0,0,1,2
0.408,0.1,0.34,0,0,1,2
0.408,0.1,0.343,0,0,1,2
0.408,0.1,0.346,0,0,1,2
0.408,0.1,0.349,0,0,1,2
0.408,0.1,0.352,0,0,1,2
0.408,0.1,0.355,0,0,1,2
0.408,0.1,0.358,0,0,1,2
0.408,0.1,0.361,0,0,1,2
0.408,0.1,0.364,0,0,1,2
0.408,0.1,0.367,0,0,1,2
0.408,0.1,0.37,0,0,1,2
0.408,0.1,0.373,0,0,1,2
0.408,0.1,0.376,0,0,1,2
0.408,0.1,0.379,0,0,1,2
0.408,0.1,0.382,0,0,1,2
0.408,0.1,0.385,0,0,1,2
0.408,0.1,0.388,0,0,1,2
0.408,0.1,0.391,0,0,1,2
0.408,0.1,0.394,0,0,1,2
0.408,0.1,0.397,0,0,1,2
0.408,0.1,0.4,0,0,1,2
0.408,0.1,0.403,0,0,1,2
0.408,0.1,0.406,0,0,1,2
0.408,0.1,0.409,0,0,1,2
0.408,0.1,0.412,0,0,1,2
0.408,0.1,0.415,0,0,1,2
0.408,0.1,0.418,0,0,1,2
0.408,0.1,0.420999,0,0,1,2
0.408,0.1,0.423999,0,0,1,2
0.408,0.1,0.426999,0,0,1,2
0.408,0.1,0.429999,0,0,1,2
0.408,0.1,0.432999,0,0,1,2
0.408,0.1,0.435999,0,0,1,2
0.408,0.1,0.438999,0,0,1,2
0.408,0.1,0.441999,0,0,1,2
0.408,0.1,0.444999,0,0,1,2
0.408,0.1,0.447999,0,0,1,2
0.408,0.1,0.450999,0,0,1,2
0.411,0.1,0.25,0,0,1,2
0.411,0.1,0.253,0,0,1,2
0.411,0.1,0.256,0,0,1,2
0.411,0.1,0.259,0,0,1,2
0.411,0.1,0.262,0,0,1,2
0.411,0.1,0.265,0,0,1,2
0.411,0.1,0.268,0,0,1,2
0.411,0.1,0.271,0,0,1,2
0.411,0.1,0.274,0,0,1,2
0.411,0.1,0.277,0,0,1,2
0.411,0.1,0.28,0,0,1,2
0.411,0.1,0.283,0,0,1,2
0.411,0.1,0.286,0,0,1,2
0.411,0.1,0.289,0,0,1,2
0.411,0.1,0.292,0,0,1,2
0.411,0.1,0.295,0,0,1,2
0.411,0.1,0.298,0,0,1,2
0.411,0.1,0.301,0,0,1,2
0.411,0.1,0.304,0,0,1,2
0.411,0.1,0.307,0,0,1,2
0.411,0.1,0.31,0,0,1,2
0.411,0.1,0.313,0,0,1,2
0.411,0.1,0.316,0,0,1,2
0.411,0.1,0.319,0,0,1,2
0.411,0.1,0.322,0,0,1,2
0.411,0.1,0.325,0,0,1,2
0.411,0.1,0.328,0,0,1,2
0.411,0.1,0.331,0,0,1,2
0.411,0.1,0.334,0,0,1,2
0.411,0.1,0.337,0,0,1,2
0.411,0.1,0.34,0,0,1,2
0.411,0.1,0.343,0,0,1,2
0.411,0.1,0.346,0,0,1,2
0.411,0.1,0.349,0,0,1,2
0.411,0.1,0.352,0,0,1,2
0.411,0.1,0.355,0,0,1,2
0.411,0.1,0.358,0,0,1,2
0.411,0.1,0.361,0,0,1,2
0.411,0.1,0.364,0,0,1,2
0.411,0.1,0.367,0,0,1,2
0.411,0.1,0.37,0,0,1,2
0.411,0.1,0.373,0,0,1,2
0.411,0.1,0.376,0,0,1,2
0.411,0.1,0.379,0,0,1,2
0.411,0.1,0.382,0,0,1,2
0.411,0.1,0.385,0,0,1,2
0.411,0.1,0.388,0,0,1,2
0.411,0.1,0.391,0,0,1,2
0.411,0.1,0.394,0,0,1,2
0.411,0.1,0.397,0,0,1,2
0.411,0.1,0.4,0,0,1,2
0.411,0.1,0.403,0,0,1,2
0.411,0.1,0.406,0,0,1,2
0.411,0.1,0.409,0,0,1,2
0.411,0.1,0.412,0,0,1,2
0.411,0.1,0.415,0,0,1,2
0.411,0.1,0.418,0,0,1,2
0.411,0.1,0.420999,0,0,1,2
0.411,0.1,0.423999,0,0,1,2
0.411,0.1,0.426999,0,0,1,2
0.411,0.1,0.429999,0,0,1,2
0.411,0.1,0.432999,0,0,1,2
0.411,0.1,0.435999,0,0,1,2
0.411,0.1,0.438999,0,0,1,2
0.411,0.1,0.441999,0,0,1,2
0.411,0.1,0.444999,0,0,1,2
0.411,0.1,0.447999,0,0,1,2
0.411,0.1,0.450999,0,0,1,2
0.414,0.1,0.25,0,0,1,2
0.414,0.1,0.253,0,0,1,2
0.414,0.1,0.256,0,0,1,2
0.414,0.1,0.259,0,0,1,2
0.414,0.1,0.262,0,0,1,2
0.414,0.1,0.265,0,0,1,2
0.414,0.1,0.268,0,0,1,2
0.414,0.1,0.271,0,0,1,2
0.414,0.1,0.274,0,0,1,2
0.414,0.1,0.277,0,0,1,2
0.414,0.1,0.28,0,0,1,2
0.414,0.1,0.283,0,0,1,2
0.414,0.1,0.286,0,0,1,2
0.414,0.1,0.289,0,0,1,2
0.414,0.1,0.292,0,0,1,2
0.414,0.1,0.295,0,0,1,2
0.414,0.1,0.298,0,0,1,2
0.414,0.1,0.301,0,0,1,2
0.414,0.1,0.304,0,0,1,2
0.414,0.1,0.307,0,0,1,2
0.414,0.1,0.31,0,0,1,2
0.414,0.1,0.313,0,0,1,2
0.414,0.1,0.316,0,0,1,2
0.414,0.1,0.319,0,0,1,2
0.414,0.1,0.322,0,0,1,2
0.414,0.1,0.325,0,0,1,2
0.414,0.1,0.328,0,0,1,2
0.414,0.1,0.331,0,0,1,2
0.414,0.1,0.334,0,0,1,2
0.414,0.1,0.337,0,0,1,2
0.414,0.1,0.34,0,0,1,2
0.414,0.1,0.343,0,0,1,2
0.414,0.1,0.346,0,0,1,2
0.414,0.1,0.349,0,0,1,2
0.414,0.1,0.352,0,0,1,2
0.414,0.1,0.355,0,0,1,2
0.414,0.1,0.358,0,0,1,2
0.414,0.1,0.361,0,0,1,2
0.414,0.1,0.364,0,0,1,2
0.414,0.1,0.367,0,0,1,2
0.414,0.1,0.37,0,0,1,2
0.414,0.1,0.373,0,0,1,2
0.414,0.1,0.376,0,0,1,2
0.414,0.1,0.379,0,0,1,2
0.414,0.1,0.382,0,0,1,2
0.414,0.1,0.385,0,0,1,2
0.414,0.1,0.388,0,0,1,2
0.414,0.1,0.391,0,0,1,2
0.414,0.1,0.394,0,0,1,2
0.414,0.1,0.397,0,0,1,2
0.414,0.1,0.4,0,0,1,2
0.414,0.1,0.403,0,0,1,2
0.414,0.1,0.406,0,0,1,2
0.414,0.1,0.409,0,0,1,2
0.414,0.1,0.412,0,0,1,2
0.414,0.1,0.415,0,0,1,2
0.414,0.1,0.418,0,0,1,2
0.414,0.1,0.420999,0,0,1,2
0.414,0.1,0.423999,0,0,1,2
0.414,0.1,0.426999,0,0,1,2
0.414,0.1,0.429999,0,0,1,2
0.414,0.1,0.432999,0,0,1,2
0.414,0.1,0.435999,0,0,1,2
0.414,0.1,0.438999,0,0,1,2
0.414,0.1,0.441999,0,0,1,2
0.414,0.1,0.444999,0,0,1,2
0.414,0.1,0.447999,0,0,1,2
0.414,0.1,0.450999,0,0,1,2
0.417,0.1,0.25,0,0,1,2
0.417,0.1,0.253,0,0,1,2
0.417,0.1,0.256,0,0,1,2
0.417,0.1,0.259,0,0,1,2
0.417,0.1,0.262,0,0,1,2
0.417,0.1,0.265,0,0,1,2
0.417,0.1,0.268,0,0,1,2
0.417,0.1,0.271,0,0,1,2
0.417,0.1,0.274,0,0,1,2
0.417,0.1,0.277,0,0,1,2
0.417,0.1,0.28,0,0,1,2
0.417,0.1,0.283,0,0,1,2
0.417,0.1,0.286,0,0,1,2
0.417,0.1,0.289,0,0,1,2
0.417,0.1,0.292,0,0,1,2
0.417,0.1,0.295,0,0,1,2
0.417,0.1,0.298,0,0,1,2
0.417,0.1,0.301,0,0,1,2
0.417,0.1,0.304,0,0,1,2
0.417,0.1,0.307,0,0,1,2
0.417,0.1,0.31,0,0,1,2
0.417,0.1,0.313,0,0,1,2
0.417,0.1,0.316,0,0,1,2
0.417,0.1,0.319,0,0,1,2
0.417,0.1,0.322,0,0,1,2
0.417,0.1,0.325,0,0,1,2
0.417,0.1,0.328,0,0,1,2
0.417,0.1,0.331,0,0,1,2
0.417,0.1,0.334,0,0,1,2
0.417,0.1,0.337,0,0,1,2
0.417,0.1,0.34,0,0,1,2
0.417,0.1,0.343,0,0,1,2
0.417,0.1,0.346,0,0,1,2
0.417,0.1,0.349,0,0,1,2
0.417,0.1,0.352,0,0,1,2
0.417,0.1,0.355,0,0,1,2
0.417,0.1,0.358,0,0,1,2
0.417,0.1,0.361,0,0,1,2
0.417,0.1,0.364,0,0,1,2
0.417,0.1,0.367,0,0,1,2
0.417,0.1,0.37,0,0,1,2
0.417,0.1,0.373,0,0,1,2
0.417,0.1,0.376,0,0,1,2
0.417,0.1,0.379,0,0,1,2
0.417,0.1,0.382,0,0,1,2
0.417,0.1,0.385,0,0,1,2
0.417,0.1,0.388,0,0,1,2
0.417,0.1,0.391,0,0,1,2
0.417,0.1,0.394,0,0,1,2
0.417,0.1,0.397,0,0,1,2
0.417,0.1,0.4,0,0,1,2
0.417,0.1,0.403,0,0,1,2
0.417,0.1,0.406,0,0,1,2
0.417,0.1,0.409,0,0,1,2
0.417,0.1,0.412,0,0,1,2
0.417,0.1,0.415,0,0,1,2
0.417,0.1,0.418,0,0,1,2
0.417,0.1,0.420999,0,0,1,2
0.417,0.1,0.423999,0,0,1,2
0.417,0.1,0.426999,0,0,1,2
0.417,0.1,0.429999,0,0,1,2
0.417,0.1,0.432999,0,0,1,2
0.417,0.1,0.435999,0,0,1,2
0.417,0.1,0.438999,0,0,1,2
0.417,0.1,0.441999,0,0,1,2
0.417,0.1,0.444999,0,0,1,2
0.417,0.1,0.447999,0,0,1,2
0.417,0.1,0.450999,0,0,1,2
0.42,0.1,0.25,0,0,1,2
0.42,0.1,0.253,0,0,1,2
0.42,0.1,0.256,0,0,1,2
0.42,0.1,0.259,0,0,1,2
0.42,0.1,0.262,0,0,1,2
0.42,0.1,0.265,0,0,1,2
0.42,0.1,0.268,0,0,1,2
0.42,0.1,0.271,0,0,1,2
0.42,0.1,0.274,0,0,1,2
0.42,0.1,0.277,0,0,1,2
0.42,0.1,0.28,0,0,1,2
0.42,0.1,0.283,0,0,1,2
0.42,0.1,0.286,0,0,1,2
0.42,0.1,0.289,0,0,1,2
0.42,0.1,0.292,0,0,1,2
0.42,0.1,0.295,0,0,1,2
0.42,0.1,0.298,0,0,1,2
0.42,0.1,0.301,0,0,1,2
0.42,0.1,0.304,0,0,1,2
0.42,0.1,0.307,0,0,1,2
0.42,0.1,0.31,0,0,1,2
0.42,0.1,0.313,0,0,1,2
0.42,0.1,0.316,0,0,1,2
0.42,0.1,0.319,0,0,1,2
0.42,0.1,0.322,0,0,1,2
0.42,0.1,0.325,0,0,1,2
0.42,0.1,0.328,0,0,1,2
0.42,0.1,0.331,0,0,1,2
0.42,0.1,0.334,0,0,1,2
0.42,0.1,0.337,0,0,1,2
0.42,0.1,0.34,0,0,1,2
0.42,0.1,0.343,0,0,1,2
0.42,0.1,0.346,0,0,1,2
0.42,0.1,0.349,0,0,1,2
0.42,0.1,0.352,0,0,1,2
0.42,0.1,0.355,0,0,1,2
0.42,0.1,0.358,0,0,1,2
0.42,0.1,0.361,0,0,1,2
0.42,0.1,0.364,0,0,1,2
0.42,0.1,0.367,0,0,1,2
0.42,0.1,0.37,0,0,1,2
0.42,0.1,0.373,0,0,1,2
0.42,0.1,0.376,0,0,1,2
0.42,0.1,0.379,0,0,1,2
0.42,0.1,0.382,0,0,1,2
0.42,0.1,0.385,0,0,1,2
0.42,0.1,0.388,0,0,1,2
0.42,0.1,0.391,0,0,1,2
0.42,0.1,0.394,0,0,1,2
0.42,0.1,0.397,0,0,1,2
0.42,0.1,0.4,0,0,1,2
0.42,0.1,0.403,0,0,1,2
0.42,0.1,0.406,0,0,1,2
0.42,0.1,0.409,0,0,1,2
0.42,0.1,0.412,0,0,1,2
0.42,0.1,0.415,0,0,1,2
0.42,0.1,0.418,0,0,1,2
0.42,0.1,0.420999,0,0,1,2
0.42,0.1,0.423999,0,0,1,2
0.42,0.1,0.426999,0,0,1,2
0.42,0.1,0.429999,0,0,1,2
0.42,0.1,0.432999,0,0,1,2
0.42,0.1,0.435999,0,0,1,2
0.42,0.1,0.438999,0,0,1,2
0.42,0.1,0.441999,0,0,1,2
0.42,0.1,0.444999,0,0,1,2
0.42,0.1,0.447999,0,0,1,2
0.42,0.1,0.450999,0,0,1,2
0.423,0.1,0.25,0,0,1,2
0.423,0.1,0.253,0,0,1,2
0.423,0.1,0.256,0,0,1,2
0.423,0.1,0.259,0,0,1,2
0.423,0.1,0.262,0,0,1,2
0.423,0.1,0.265,0,0,1,2
0.423,0.1,0.268,0,0,1,2
0.423,0.1,0.271,0,0,1,2
0.423,0.1,0.274,0,0,1,2
0.423,0.1,0.277,0,0,1,2
0.423,0.1,0.28,0,0,1,2
0.423,0.1,0.283,0,0,1,2
0.423,0.1,0.286,0,0,1,2
0.423,0.1,0.289,0,0,1,2
0.423,0.1,0.292,0,0,1,2
0.423,0.1,0.295,0,0,1,2
0.423,0.1,0.298,0,0,1,2
0.423,0.1,0.301,0,0,1,2
0.423,0.1,0.304,0,0,1,2
0.423,0.1,0.307,0,0,1,2
0.423,0.1,0.31,0,0,1,2
0.423,0.1,0.313,0,0,1,2
0.423,0.1,0.316,0,0,1,2
0.423,0.1,0.319,0,0,1,2
0.423,0.1,0.322,0,0,1,2
0.423,0.1,0.325,0,0,1,2
0.423,0.1,0.328,0,0,1,2
0.423,0.1,0.331,0,0,1,2
0.423,0.1,0.334,0,0,1,2
0.423,0.1,0.337,0,0,1,2
0.423,0.1,0.34,0,0,1,2
0.423,0.1,0.343,0,0,1,2
0.423,0.1,0.346,0,0,1,2
0.423,0.1,0.349,0,0,1,2
0.423,0.1,0.352,0,0,1,2
0.423,0.1,0.355,0,0,1,2
0.423,0.1,0.358,0,0,1,2
0.423,0.1,0.361,0,0,1,2
0.423,0.1,0.364,0,0,1,2
0.423,0.1,0.367,0,0,1,2
0.423,0.1,0.37,0,0,1,2
0.423,0.1,0.373,0,0,1,2
0.423,0.1,0.376,0,0,1,2
0.423,0.1,0.379,0,0,1,2
0.423,0.1,0.382,0,0,1,2
0.423,0.1,0.385,0,0,1,2
0.423,0.1,0.388,0,0,1,2
0.423,0.1,0.391,0,0,1,2
0.423,0.1,0.394,0,0,1,2
0.423,0.1,0.397,0,0,1,2
0.423,0.1,0.4,0,0,1,2
0.423,0.1,0.403,0,0,1,2
0.423,0.1,0.406,0,0,1,2
0.423,0.1,0.409,0,0,1,2
0.423,0.1,0.412,0,0,1,2
0.423,0.1,0.415,0,0,1,2
0.423,0.1,0.418,0,0,1,2
0.423,0.1,0.420999,0,0,1,2
0.423,0.1,0.423999,0,0,1,2
0.423,0.1,0.426999,0,0,1,2
0.423,0.1,0.429999,0,0,1,2
0.423,0.1,0.432999,0,0,1,2
0.423,0.1,0.435999,0,0,1,2
0.423,0.1,0.438999,0,0,1,2
0.423,0.1,0.441999,0,0,1,2
0.423,0.1,0.444999,0,0,1,2
0.423,0.1,0.447999,0,0,1,2
0.423,0.1,0.450999,0,0,1,2
0.426,0.1,0.25,0,0,1,2
0.426,0.1,0.253,0,0,1,2
0.426,0.1,0.256,0,0,1,2
0.426,0.1,0.259,0,0,1,2
0.426,0.1,0.262,0,0,1,2
0.426,0.1,0.265,0,0,1,2
0.426,0.1,0.268,0,0,1,2
0.426,0.1,0.271,0,0,1,2
0.426,0.1,0.274,0,0,1,2
0.426,0.1,0.277,0,0,1,2
0.426,0.1,0.28,0,0,1,2
0.426,0.1,0.283,0,0,1,2
0.426,0.1,0.286,0,0,1,2
0.426,0.1,0.289,0,0,1,2
0.426,0.1,0.292,0,0,1,2
0.426,0.1,0.295,0,0,1,2
0.426,0.1,0.298,0,0,1,2
0.426,0.1,0.301,0,0,1,2
0.426,0.1,0.304,0,0,1,2
0.426,0.1,0.307,0,0,1,2
0.426,0.1,0.31,0,0,1,2
0.426,0.1,0.313,0,0,1,2
0.426,0.1,0.316,0,0,1,2
0.426,0.1,0.319,0,0,1,2
0.426,0.1,0.322,0,0,1,2
0.426,0.1,0.325,0,0,1,2
0.426,0.1,0.328,0,0,1,2
0.426,0.1,0.331,0,0,1,2
0.426,0.1,0.334,0,0,1,2
0.426,0.1,0.337,0,0,1,2
0.426,0.1,0.34,0,0,1,2
0.426,0.1,0.343,0,0,1,2
0.426,0.1,0.346,0,0,1,2
0.426,0.1,0.349,0,0,1,2
0.426,0.1,0.352,0,0,1,2
0.426,0.1,0.355,0,0,1,2
0.426,0.1,0.358,0,0,1,2
0.426,0.1,0.361,0,0,1,2
0.426,0.1,0.364,0,0,1,2
0.426,0.1,0.367,0,0,1,2
0.426,0.1,0.37,0,0,1,2
0.426,0.1,0.373,0,0,1,2
0.426,0.1,0.376,0,0,1,2
0.426,0.1,0.379,0,0,1,2
0.426,0.1,0.382,0,0,1,2
0.426,0.1,0.385,0,0,1,2
0.426,0.1,0.388,0,0,1,2
0.426,0.1,0.391,0,0,1,2
0.426,0.1,0.394,0,0,1,2
0.426,0.1,0.397,0,0,1,2
0.426,0.1,0.4,0,0,1,2
0.426,0.1,0.403,0,0,1,2
0.426,0.1,0.406,0,0,1,2
0.426,0.1,0.409,0,0,1,2
0.426,0.1,0.412,0,0,1,2
0.426,0.1,0.415,0,0,1,2
0.426,0.1,0.418,0,0,1,2
0.426,0.1,0.420999,0,0,1,2
0.426,0.1,0.423999,0,0,1,2
0.426,0.1,0.426999,0,0,1,2
0.426,0.1,0.429999,0,0,1,2
0.426,0.1,0.432999,0,0,1,2
0.426,0.1,0.435999,0,0,1,2
0.426,0.1,0.438999,0,0,1,2
0.426,0.1,0.441999,0,0,1,2
0.426,0.1,0.444999,0,0,1,2
0.426,0.1,0.447999,0,0,1,2
0.426,0.1,0.450999,0,0,1,2
0.429,0.1,0.25,0,0,1,2
0.429,0.1,0.253,0,0,1,2
0.429,0.1,0.256,0,0,1,2
0.429,0.1,0.259,0,0,1,2
0.429,0.1,0.262,0,0,1,2
0.429,0.1,0.265,0,0,1,2
0.429,0.1,0.268,0,0,1,2
0.429,0.1,0.271,0,0,1,2
0.429,0.1,0.274,0,0,1,2
0.429,0.1,0.277,0,0,1,2
0.429,0.1,0.28,0,0,1,2
0.429,0.1,0.283,0,0,1,2
0.429,0.1,0.286,0,0,1,2
0.429,0.1,0.289,0,0,1,2
0.429,0.1,0.292,0,0,1,2
0.429,0.1,0.295,0,0,1,2
0.429,0.1,0.298,0,0,1,2
0.429,0.1,0.301,0,0,1,2
0.429,0.1,0.304,0,0,1,2
0.429,0.1,0.307,0,0,1,2
0.429,0.1,0.31,0,0,1,2
0.429,0.1,0.313,0,0,1,2
0.429,0.1,0.316,0,0,1,2
0.429,0.1,0.319,0,0,1,2
0.429,0.1,0.322,0,0,1,2
0.429,0.1,0.325,0,0,1,2
0.429,0.1,0.328,0,0,1,2
0.429,0.1,0.331,0,0,1,2
0.429,0.1,0.334,0,0,1,2
0.429,0.1,0.337,0,0,1,2
0.429,0.1,0.34,0,0,1,2
0.429,0.1,0.343,0,0,1,2
0.429,0.1,0.346,0,0,1,2
0.429,0.1,0.349,0,0,1,2
0.429,0.1,0.352,0,0,1,2
0.429,0.1,0.355,0,0,1,2
0.429,0.1,0.358,0,0,1,2
0.429,0.1,0.361,0,0,1,2
0.429,0.1,0.364,0,0,1,2
0.429,0.1,0.367,0,0,1,2
0.429,0.1,0.37,0,0,1,2
0.429,0.1,0.373,0,0,1,2
0.429,0.1,0.376,0,0,1,2
0.429,0.1,0.379,0,0,1,2
0.429,0.1,0.382,0,0,1,2
0.429,0.1,0.385,0,0,1,2
0.429,0.1,0.388,0,0,1,2
0.429,0.1,0.391,0,0,1,2
0.429,0.1,0.394,0,0,1,2
0.429,0.1,0.397,0,0,1,2
0.429,0.1,0.4,0,0,1,2
0.429,0.1,0.403,0,0,1,2
0.429,0.1,0.406,0,0,1,2
0.429,0.1,0.409,0,0,1,2
0.429,0.1,0.412,0,0,1,2
0.429,0.1,0.415,0,0,1,2
0.429,0.1,0.418,0,0,1,2
0.429,0.1,0.420999,0,0,1,2
0.429,0.1,0.423999,0,0,1,2
0.429,0.1,0.426999,0,0,1,2
0.429,0.1,0.429999,0,0,1,2
0.429,0.1,0.432999,0,0,1,2
0.429,0.1,0.435999,0,0,1,2
0.429,0.1,0.438999,0,0,1,2
0.429,0.1,0.441999,0,0,1,2
0.429,0.1,0.444999,0,0,1,2
0.429,0.1,0.447999,0,0,1,2
0.429,0.1,0.450999,0,0,1,2
0.432,0.1,0.25,0,0,1,2
0.432,0.1,0.253,0,0,1,2
0.432,0.1,0.256,0,0,1,2
0.432,0.1,0.259,0,0,1,2
0.432,0.1,0.262,0,0,1,2
0.432,0.1,0.265,0,0,1,2
0.432,0.1,0.268,0,0,1,2
0.432,0.1,0.271,0,0,1,2
0.432,0.1,0.274,0,0,1,2
0.432,0.1,0.277,0,0,1,2
0.432,0.1,0.28,0,0,1,2
0.432,0.1,0.283,0,0,1,2
0.432,0.1,0.286,0,0,1,2
0.432,0.1,0.289,0,0,1,2
0.432,0.1,0.292,0,0,1,2
0.432,0.1,0.295,0,0,1,2
0.432,0.1,0.298,0,0,1,2
0.432,0.1,0.301,0,0,1,2
0.432,0.1,0.304,0,0,1,2
0.432,0.1,0.307,0,0,1,2
0.432,0.1,0.31,0,0,1,2
0.432,0.1,0.313,0,0,1,2
0.432,0.1,0.316,0,0,1,2
0.432,0.1,0.319,0,0,1,2
0.432,0.1,0.322,0,0,1,2
0.432,0.1,0.325,0,0,1,2
0.432,0.1,0.328,0,0,1,2
0.432,0.1,0.331,0,0,1,2
0.432,0.1,0.334,0,0,1,2
0.432,0.1,0.337,0,0,1,2
0.432,0.1,0.34,0,0,1,2
0.432,0.1,0.343,0,0,1,2
0.432,0.1,0.346,0,0,1,2
0.432,0.1,0.349,0,0,1,2
0.432,0.1,0.352,0,0,1,2
0.432,0.1,0.355,0,0,1,2
0.432,0.1,0.358,0,0,1,2
0.432,0.1,0.361,0,0,1,2
0.432,0.1,0.364,0,0,1,2
0.432,0.1,0.367,0,0,1,2
0.432,0.1,0.37,0,0,1,2
0.432,0.1,0.373,0,0,1,2
0.432,0.1,0.376,0,0,1,2
0.432,0.1,0.379,0,0,1,2
0.432,0.1,0.382,0,0,1,2
0.432,0.1,0.385,0,0,1,2
0.432,0.1,0.388,0,0,1,2
0.432,0.1,0.391,0,0,1,2
0.432,0.1,0.394,0,0,1,2
0.432,0.1,0.397,0,0,1,2
0.432,0.1,0.4,0,0,1,2
0.432,0.1,0.403,0,0,1,2
0.432,0.1,0.406,0,0,1,2
0.432,0.1,0.409,0,0,1,2
0.432,0.1,0.412,0,0,1,2
0.432,0.1,0.415,0,0,1,2
0.432,0.1,0.418,0,0,1,2
0.432,0.1,0.420999,0,0,1,2
0.432,0.1,0.423999,0,0,1,2
0.432,0.1,0.426999,0,0,1,2
0.432,0.1,0.429999,0,0,1,2
0.432,0.1,0.432999,0,0,1,2
0.432,0.1,0.435999,0,0,1,2
0.432,0.1,0.438999,0,0,1,2
0.432,0.1,0.441999,0,0,1,2
0.432,0.1,0.444999,0,0,1,2
0.432,0.1,0.447999,0,0,1,2
0.432,0.1,0.450999,0,0,1,2
0.435,0.1,0.25,0,0,1,2
0.435,0.1,0.253,0,0,1,2
0.435,0.1,0.256,0,0,1,2
0.435,0.1,0.259,0,0,1,2
0.435,0.1,0.262,0,0,1,2
0.435,0.1,0.265,0,0,1,2
0.435,0.1,0.268,0,0,1,2
0.435,0.1,0.271,0,0,1,2
0.435,0.1,0.274,0,0,1,2
0.435,0.1,0.277,0,0,1,2
0.435,0.1,0.28,0,0,1,2
0.435,0.1,0.283,0,0,1,2
0.435,0.1,0.286,0,0,1,2
0.435,0.1,0.289,0,0,1,2
0.435,0.1,0.292,0,0,1,2
0.435,0.1,0.295,0,0,1,2
0.435,0.1,0.298,0,0,1,2
0.435,0.1,0.301,0,0,1,2
0.435,0.1,0.304,0,0,1,2
0.435,0.1,0.307,0,0,1,2
0.435,0.1,0.31,0,0,1,2
0.435,0.1,0.313,0,0,1,2
0.435,0.1,0.316,0,0,1,2
0.435,0.1,0.319,0,0,1,2
0.435,0.1,0.322,0,0,1,2
0.435,0.1,0.325,0,0,1,2
0.435,0.1,0.328,0,0,1,2
0.435,0.1,0.331,0,0,1,2
0.435,0.1,0.334,0,0,1,2
0.435,0.1,0.337,0,0,1,2
0.435,0.1,0.34,0,0,1,2
0.435,0.1,0.343,0,0,1,2
0.435,0.1,0.346,0,0,1,2
0.435,0.1,0.349,0,0,1,2
0.435,0.1,0.352,0,0,1,2
0.435,0.1,0.355,0,0,1,2
0.435,0.1,0.358,0,0,1,2
0.435,0.1,0.361,0,0,1,2
0.435,0.1,0.364,0,0,1,2
0.435,0.1,0.367,0,0,1,2
0.435,0.1,0.37,0,0,1,2
0.435,0.1,0.373,0,0,1,2
0.435,0.1,0.376,0,0,1,2
0.435,0.1,0.379,0,0,1,2
0.435,0.1,0.382,0,0,1,2
0.435,0.1,0.385,0,0,1,2
0.435,0.1,0.388,0,0,1,2
0.435,0.1,0.391,0,0,1,2
0.435,0.1,0.394,0,0,1,2
0.435,0.1,0.397,0,0,1,2
0.435,0.1,0.4,0,0,1,2
0.435,0.1,0.403,0,0,1,2
0.435,0.1,0.406,0,0,1,2
0.435,0.1,0.409,0,0,1,2
0.435,0.1,0.412,0,0,1,2
0.435,0.1,0.415,0,0,1,2
0.435,0.1,0.418,0,0,1,2
0.435,0.1,0.420999,0,0,1,2
0.435,0.1,0.423999,0,0,1,2
0.435,0.1,0.426999,0,0,1,2
0.435,0.1,0.429999,0,0,1,2
0.435,0.1,0.432999,0,0,1,2
0.435,0.1,0.435999,0,0,1,2
0.435,0.1,0.438999,0,0,1,2
0.435,0.1,0.441999,0,0,1,2
0.435,0.1,0.444999,0,0,1,2
0.435,0.1,0.447999,0,0,1,2
0.435,0.1,0.450999,0,0,1,2
0.438,0.1,0.25,0,0,1,2
0.438,0.1,0.253,0,0,1,2
0.438,0.1,0.256,0,0,1,2
0.438,0.1,0.259,0,0,1,2
0.438,0.1,0.262,0,0,1,2
0.438,0.1,0.265,0,0,1,2
0.438,0.1,0.268,0,0,1,2
0.438,0.1,0.271,0,0,1,2
0.438,0.1,0.274,0,0,1,2
0.438,0.1,0.277,0,0,1,2
0.438,0.1,0.28,0,0,1,2
0.438,0.1,0.283,0,0,1,2
0.438,0.1,0.286,0,0,1,2
0.438,0.1,0.289,0,0,1,2
0.438,0.1,0.292,0,0,1,2
0.438,0.1,0.295,0,0,1,2
0.438,0.1,0.298,0,0,1,2
0.438,0.1,0.301,0,0,1,2
0.438,0.1,0.304,0,0,1,2
0.438,0.1,0.307,0,0,1,2
0.438,0.1,0.31,0,0,1,2
0.438,0.1,0.313,0,0,1,2
0.438,0.1,0.316,0,0,1,2
0.438,0.1,0.319,0,0,1,2
0.438,0.1,0.322,0,0,1,2
0.438,0.1,0.325,0,0,1,2
0.438,0.1,0.328,0,0,1,2
0.438,0.1,0.331,0,0,1,2
0.438,0.1,0.334,0,0,1,2
0.438,0.1,0.337,0,0,1,2
0.438,0.1,0.34,0,0,1,2
0.438,0.1,0.343,0,0,1,2
0.438,0.1,0.346,0,0,1,2
0.438,0.1,0.349,0,0,1,2
0.438,0.1,0.352,0,0,1,2
0.438,0.1,0.355,0,0,1,2
0.438,0.1,0.358,0,0,1,2
0.438,0.1,0.361,0,0,1,2
0.438,0.1,0.364,0,0,1,2
0.438,0.1,0.367,0,0,1,2
0.438,0.1,0.37,0,0,1,2
0.438,0.1,0.373,0,0,1,2
0.438,0.1,0.376,0,0,1,2
0.438,0.1,0.379,0,0,1,2
0.438,0.1,0.382,0,0,1,2
0.438,0.1,0.385,0,0,1,2
0.438,0.1,0.388,0,0,1,2
0.438,0.1,0.391,0,0,1,2
0.438,0.1,0.394,0,0,1,2
0.438,0.1,0.397,0,0,1,2
0.438,0.1,0.4,0,0,1,2
0.438,0.1,0.403,0,0,1,2
0.438,0.1,0.406,0,0,1,2
0.438,0.1,0.409,0,0,1,2
0.438,0.1,0.412,0,0,1,2
0.438,0.1,0.415,0,0,1,2
0.438,0.1,0.418,0,0,1,2
0.438,0.1,0.420999,0,0,1,2
0.438,0.1,0.423999,0,0,1,2
0.438,0.1,0.426999,0,0,1,2
0.438,0.1,0.429999,0,0,1,2
0.438,0.1,0.432999,0,0,1,2
0.438,0.1,0.435999,0,0,1,2
0.438,0.1,0.438999,0,0,1,2
0.438,0.1,0.441999,0,0,1,2
0.438,0.1,0.444999,0,0,1,2
0.438,0.1,0.447999,0,0,1,2
0.438,0.1,0.450999,0,0,1,2
0.441,0.1,0.25,0,0,1,2
0.441,0.1,0.253,0,0,1,2
0.441,0.1,0.256,0,0,1,2
0.441,0.1,0.259,0,0,1,2
0.441,0.1,0.262,0,0,1,2
0.441,0.1,0.265,0,0,1,2
0.441,0.1,0.268,0,0,1,2
0.441,0.1,0.271,0,0,1,2
0.441,0.1,0.274,0,0,1,2
0.441,0.1,0.277,0,0,1,2
0.441,0.1,0.28,0,0,1,2
0.441,0.1,0.283,0,0,1,2
0.441,0.1,0.286,0,0,1,2
0.441,0.1,0.289,0,0,1,2
0.441,0.1,0.292,0,0,1,2
0.441,0.1,0.295,0,0,1,2
0.441,0.1,0.298,0,0,1,2
0.441,0.1,0.301,0,0,1,2
0.441,0.1,0.304,0,0,1,2
0.441,0.1,0.307,0,0,1,2
0.441,0.1,0.31,0,0,1,2
0.441,0.1,0.313,0,0,1,2
0.441,0.1,0.316,0,0,1,2
0.441,0.1,0.319,0,0,1,2
0.441,0.1,0.322,0,0,1,2
0.441,0.1,0.325,0,0,1,2
0.441,0.1,0.328,0,0,1,2
0.441,0.1,0.331,0,0,1,2
0.441,0.1,0.334,0,0,1,2
0.441,0.1,0.337,0,0,1,2
0.441,0.1,0.34,0,0,1,2
0.441,0.1,0.343,0,0,1,2
0.441,0.1,0.346,0,0,1,2
0.441,0.1,0.349,0,0,1,2
0.441,0.1,0.352,0,0,1,2
0.441,0.1,0.355,0,0,1,2
0.441,0.1,0.358,0,0,1,2
0.441,0.1,0.361,0,0,1,2
0.441,0.1,0.364,0,0,1,2
0.441,0.1,0.367,0,0,1,2
0.441,0.1,0.37,0,0,1,2
0.441,0.1,0.373,0,0,1,2
0.441,0.1,0.376,0,0,1,2
0.441,0.1,0.379,0,0,1,2
0.441,0.1,0.382,0,0,1,2
0.441,0.1,0.385,0,0,1,2
0.441,0.1,0.388,0,0,1,2
0.441,0.1,0.391,0,0,1,2
0.441,0.1,0.394,0,0,1,2
0.441,0.1,0.397,0,0,1,2
0.441,0.1,0.4,0,0,1,2
0.441,0.1,0.403,0,0,1,2
0.441,0.1,0.406,0,0,1,2
0.441,0.1,0.409,0,0,1,2
0.441,0.1,0.412,0,0,1,2
0.441,0.1,0.415,0,0,1,2
0.441,0.1,0.418,0,0,1,2
0.441,0.1,0.420999,0,0,1,2
0.441,0.1,0.423999,0,0,1,2
0.441,0.1,0.426999,0,0,1,2
0.441,0.1,0.429999,0,0,1,2
0.441,0.1,0.432999,0,0,1,2
0.441,0.1,0.435999,0,0,1,2
0.441,0.1,0.438999,0,0,1,2
0.441,0.1,0.441999,0,0,1,2
0.441,0.1,0.444999,0,0,1,2
0.441,0.1,0.447999,0,0,1,2
0.441,0.1,0.450999,0,0,1,2
0.444,0.1,0.25,0,0,1,2
0.444,0.1,0.253,0,0,1,2
0.444,0.1,0.256,0,0,1,2
0.444,0.1,0.259,0,0,1,2
0.444,0.1,0.262,0,0,1,2
0.444,0.1,0.265,0,0,1,2
0.444,0.1,0.268,0,0,1,2
0.444,0.1,0.271,0,0,1,2
0.444,0.1,0.274,0,0,1,2
0.444,0.1,0.277,0,0,1,2
0.444,0.1,0.28,0,0,1,2
0.444,0.1,0.283,0,0,1,2
0.444,0.1,0.286,0,0,1,2
0.444,0.1,0.289,0,0,1,2
0.444,0.1,0.292,0,0,1,2
0.444,0.1,0.295,0,0,1,2
0.444,0.1,0.298,0,0,1,2
0.444,0.1,0.301,0,0,1,2
0.444,0.1,0.304,0,0,1,2
0.444,0.1,0.307,0,0,1,2
0.444,0.1,0.31,0,0,1,2
0.444,0.1,0.313,0,0,1,2
0.444,0.1,0.316,0,0,1,2
0.444,0.1,0.319,0,0,1,2
0.444,0.1,0.322,0,0,1,2
0.444,0.1,0.325,0,0,1,2
0.444,0.1,0.328,0,0,1,2
0.444,0.1,0.331,0,0,1,2
0.444,0.1,0.334,0,0,1,2
0.444,0.1,0.337,0,0,1,2
0.444,0.1,0.34,0,0,1,2
0.444,0.1,0.343,0,0,1,2
0.444,0.1,0.346,0,0,1,2
0.444,0.1,0.349,0,0,1,2
0.444,0.1,0.352,0,0,1,2
0.444,0.1,0.355,0,0,1,2
0.444,0.1,0.358,0,0,1,2
0.444,0.1,0.361,0,0,1,2
0.444,0.1,0.364,0,0,1,2
0.444,0.1,0.367,0,0,1,2
0.444,0.1,0.37,0,0,1,2
0.444,0.1,0.373,0,0,1,2
0.444,0.1,0.376,0,0,1,2
0.444,0.1,0.379,0,0,1,2
0.444,0.1,0.382,0,0,1,2
0.444,0.1,0.385,0,0,1,2
0.444,0.1,0.388,0,0,1,2
0.444,0.1,0.391,0,0,1,2
0.444,0.1,0.394,0,0,1,2
0.444,0.1,0.397,0,0,1,2
0.444,0.1,0.4,0,0,1,2
0.444,0.1,0.403,0,0,1,2
0.444,0.1,0.406,0,0,1,2
0.444,0.1,0.409,0,0,1,2
0.444,0.1,0.412,0,0,1,2
0.444,0.1,0.415,0,0,1,2
0.444,0.1,0.418,0,0,1,2
0.444,0.1,0.420999,0,0,1,2
0.444,0.1,0.423999,0,0,1,2
0.444,0.1,0.426999,0,0,1,2
0.444,0.1,0.429999,0,0,1,2
0.444,0.1,0.432999,0,0,1,2
0.444,0.1,0.435999,0,0,1,2
0.444,0.1,0.438999,0,0,1,2
0.444,0.1,0.441999,0,0,1,2
0.444,0.1,0.444999,0,0,1,2
0.444,0.1,0.447999,0,0,1,2
0.444,0.1,0.450999,0,0,1,2
0.447,0.1,0.25,0,0,1,2
0.447,0.1,0.253,0,0,1,2
0.447,0.1,0.256,0,0,1,2
0.447,0.1,0.259,0,0,1,2
0.447,0.1,0.262,0,0,1,2
0.447,0.1,0.265,0,0,1,2
0.447,0.1,0.268,0,0,1,2
0.447,0.1,0.271,0,0,1,2
0.447,0.1,0.274,0,0,1,2
0.447,0.1,0.277,0,0,1,2
0.447,0.1,0.28,0,0,1,2
0.447,0.1,0.283,0,0,1,2
0.447,0.1,0.286,0,0,1,2
0.447,0.1,0.289,0,0,1,2
0.447,0.1,0.292,0,0,1,2
0.447,0.1,0.295,0,0,1,2
0.447,0.1,0.298,0,0,1,2
0.447,0.1,0.301,0,0,1,2
0.447,0.1,0.304,0,0,1,2
0.447,0.1,0.307,0,0,1,2
0.447,0.1,0.31,0,0,1,2
0.447,0.1,0.313,0,0,1,2
0.447,0.1,0.316,0,0,1,2
0.447,0.1,0.319,0,0,1,2
0.447,0.1,0.322,0,0,1,2
0.447,0.1,0.325,0,0,1,2
0.447,0.1,0.328,0,0,1,2
0.447,0.1,0.331,0,0,1,2
0.447,0.1,0.334,0,0,1,2
0.447,0.1,0.337,0,0,1,2
0.447,0.1,0.34,0,0,1,2
0.447,0.1,0.343,0,0,1,2
0.447,0.1,0.346,0,0,1,2
0.447,0.1,0.349,0,0,1,2
0.447,0.1,0.352,0,0,1,2
0.447,0.1,0.355,0,0,1,2
0.447,0.1,0.358,0,0,1,2
0.447,0.1,0.361,0,0,1,2
0.447,0.1,0.364,0,0,1,2
0.447,0.1,0.367,0,0,1,2
0.447,0.1,0.37,0,0,1,2
0.447,0.1,0.373,0,0,1,2
0.447,0.1,0.376,0,0,1,2
0.447,0.1,0.379,0,0,1,2
0.447,0.1,0.382,0,0,1,2
0.447,0.1,0.385,0,0,1,2
0.447,0.1,0.388,0,0,1,2
0.447,0.1,0.391,0,0,1,2
0.447,0.1,0.394,0,0,1,2
0.447,0.1,0.397,0,0,1,2
0.447,0.1,0.4,0,0,1,2
0.447,0.1,0.403,0,0,1,2
0.447,0.1,0.406,0,0,1,2
0.447,0.1,0.409,0,0,1,2
0.447,0.1,0.412,0,0,1,2
0.447,0.1,0.415,0,0,1,2
0.447,0.1,0.418,0,0,1,2
0.447,0.1,0.420999,0,0,1,2
0.447,0.1,0.423999,0,0,1,2
0.447,0.1,0.426999,0,0,1,2
0.447,0.1,0.429999,0,0,1,2
0.447,0.1,0.432999,0,0,1,2
0.447,0.1,0.435999,0,0,1,2
0.447,0.1,0.438999,0,0,1,2
0.447,0.1,0.441999,0,0,1,2
0.447,0.1,0.444999,0,0,1,2
0.447,0.1,0.447999,0,0,1,2
0.447,0.1,0.450999,0,0,1,2
0.45,0.1,0.25,0,0,1,2
0.45,0.1,0.253,0,0,1,2
0.45,0.1,0.256,0,0,1,2
0.45,0.1,0.259,0,0,1,2
0.45,0.1,0.262,0,0,1,2
0.45,0.1,0.265,0,0,1,2
0.45,0.1,0.268,0,0,1,2
0.45,0.1,0.271,0,0,1,2
0.45,0.1,0.274,0,0,1,2
0.45,0.1,0.277,0,0,1,2
0.45,0.1,0.28,0,0,1,2
0.45,0.1,0.283,0,0,1,2
0.45,0.1,0.286,0,0,1,2
0.45,0.1,0.289,0,0,1,2
0.45,0.1,0.292,0,0,1,2
0.45,0.1,0.295,0,0,1,2
0.45,0.1,0.298,0,0,1,2
0.45,0.1,0.301,0,0,1,2
0.45,0.1,0.304,0,0,1,2
0.45,0.1,0.307,0,0,1,2
0.45,0.1,0.31,0,0,1,2
0.45,0.1,0.313,0,0,1,2
0.45,0.1,0.316,0,0,1,2
0.45,0.1,0.319,0,0,1,2
0.45,0.1,0.322,0,0,1,2
0.45,0.1,0.325,0,0,1,2
0.45,0.1,0.328,0,0,1,2
0.45,0.1,0.331,0,0,1,2
0.45,0.1,0.334,0,0,1,2
0.45,0.1,0.337,0,0,1,2
0.45,0.1,0.34,0,0,1,2
0.45,0.1,0.343,0,0,1,2
0.45,0.1,0.346,0,0,1,2
0.45,0.1,0.349,0,0,1,2
0.45,0.1,0.352,0,0,1,2
0.45,0.1,0.355,0,0,1,2
0.45,0.1,0.358,0,0,1,2
0.45,0.1,0.361,0,0,1,2
0.45,0.1,0.364,0,0,1,2
0.45,0.1,0.367,0,0,1,2
0.45,0.1,0.37,0,0,1,2
0.45,0.1,0.373,0,0,1,2
0.45,0.1,0.376,0,0,1,2
0.45,0.1,0.379,0,0,1,2
0.45,0.1,0.382,0,0,1,2
0.45,0.1,0.385,0,0,1,2
0.45,0.1,0.388,0,0,1,2
0.45,0.1,0.391,0,0,1,2
0.45,0.1,0.394,0,0,1,2
0.45,0.1,0.397,0,0,1,2
0.45,0.1,0.4,0,0,1,2
0.45,0.1,0.403,0,0,1,2
0.45,0.1,0.406,0,0,1,2
0.45,0.1,0.409,0,0,1,2
0.45,0.1,0.412,0,0,1,2
0.45,0.1,0.415,0,0,1,2
0.45,0.1,0.418,0,0,1,2
0.45,0.1,0.420999,0,0,1,2
0.45,0.1,0.423999,0,0,1,2
0.45,0.1,0.426999,0,0,1,2
0.45,0.1,0.429999,0,0,1,2
0.45,0.1,0.432999,0,0,1,2
0.45,0.1,0.435999,0,0,1,2
0.45,0.1,0.438999,0,0,1,2
0.45,0.1,0.441999,0,0,1,2
0.45,0.1,0.444999,0,0,1,2
0.45,0.1,0.447999,0,0,1,2
0.45,0.1,0.450999,0,0,1,2
0.453,0.1,0.25,0,0,1,2
0.453,0.1,0.253,0,0,1,2
0.453,0.1,0.256,0,0,1,2
0.453,0.1,0.259,0,0,1,2
0.453,0.1,0.262,0,0,1,2
0.453,0.1,0.265,0,0,1,2
0.453,0.1,0.268,0,0,1,2
0.453,0.1,0.271,0,0,1,2
0.453,0.1,0.274,0,0,1,2
0.453,0.1,0.277,0,0,1,2
0.453,0.1,0.28,0,0,1,2
0.453,0.1,0.283,0,0,1,2
0.453,0.1,0.286,0,0,1,2
0.453,0.1,0.289,0,0,1,2
0.453,0.1,0.292,0,0,1,2
0.453,0.1,0.295,0,0,1,2
0.453,0.1,0.298,0,0,1,2
0.453,0.1,0.301,0,0,1,2
0.453,0.1,0.304,0,0,1,2
0.453,0.1,0.307,0,0,1,2
0.453,0.1,0.31,0,0,1,2
0.453,0.1,0.313,0,0,1,2
0.453,0.1,0.316,0,0,1,2
0.453,0.1,0.319,0,0,1,2
0.453,0.1,0.322,0,0,1,2
0.453,0.1,0.325,0,0,1,2
0.453,0.1,0.328,0,0,1,2
0.453,0.1,0.331,0,0,1,2
0.453,0.1,0.334,0,0,1,2
0.453,0.1,0.337,0,0,1,2
0.453,0.1,0.34,0,0,1,2
0.453,0.1,0.343,0,0,1,2
0.453,0.1,0.346,0,0,1,2
0.453,0.1,0.349,0,0,1,2
0.453,0.1,0.352,0,0,1,2
0.453,0.1,0.355,0,0,1,2
0.453,0.1,0.358,0,0,1,2
0.453,0.1,0.361,0,0,1,2
0.453,0.1,0.364,0,0,1,2
0.453,0.1,0.367,0,0,1,2
0.453,0.1,0.37,0,0,1,2
0.453,0.1,0.373,0,0,1,2
0.453,0.1,0.376,0,0,1,2
0.453,0.1,0.379,0,0,1,2
0.453,0.1,0.382,0,0,1,2
0.453,0.1,0.385,0,0,1,2
0.453,0.1,0.388,0,0,1,2
0.453,0.1,0.391,0,0,1,2
0.453,0.1,0.394,0,0,1,2
0.453,0.1,0.397,0,0,1,2
0.453,0.1,0.4,0,0,1,2
0.453,0.1,0.403,0,0,1,2
0.453,0.1,0.406,0,0,1,2
0.453,0.1,0.409,0,0,1,2
0.453,0.1,0.412,0,0,1,2
0.453,0.1,0.415,0,0,1,2
0.453,0.1,0.418,0,0,1,2
0.453,0.1,0.420999,0,0,1,2
0.453,0.1,0.423999,0,0,1,2
0.453,0.1,0.426999,0,0,1,2
0.453,0.1,0.429999,0,0,1,2
0.453,0.1,0.432999,0,0,1,2
0.453,0.1,0.435999,0,0,1,2
0.453,0.1,0.438999,0,0,1,2
0.453,0.1,0.441999,0,0,1,2
0.453,0.1,0.444999,0,0,1,2
0.453,0.1,0.447999,0,0,1,2
0.453,0.1,0.450999,0,0,1,2
0.456,0.1,0.25,0,0,1,2
0.456,0.1,0.253,0,0,1,2
0.456,0.1,0.256,0,0,1,2
0.456,0.1,0.259,0,0,1,2
0.456,0.1,0.262,0,0,1,2
0.456,0.1,0.265,0,0,1,2
0.456,0.1,0.268,0,0,1,2
0.456,0.1,0.271,0,0,1,2
0.456,0.1,0.274,0,0,1,2
0.456,0.1,0.277,0,0,1,2
0.456,0.1,0.28,0,0,1,2
0.456,0.1,0.283,0,0,1,2
0.456,0.1,0.286,0,0,1,2
0.456,0.1,0.289,0,0,1,2
0.456,0.1,0.292,0,0,1,2
0.456,0.1,0.295,0,0,1,2
0.456,0.1,0.298,0,0,1,2
0.456,0.1,0.301,0,0,1,2
0.456,0.1,0.304,0,0,1,2
0.456,0.1,0.307,0,0,1,2
0.456,0.1,0.31,0,0,1,2
0.456,0.1,0.313,0,0,1,2
0.456,0.1,0.316,0,0,1,2
0.456,0.1,0.319,0,0,1,2
0.456,0.1,0.322,0,0,1,2
0.456,0.1,0.325,0,0,1,2
0.456,0.1,0.328,0,0,1,2
0.456,0.1,0.331,0,0,1,2
0.456,0.1,0.334,0,0,1,2
0.456,0.1,0.337,0,0,1,2
0.456,0.1,0.34,0,0,1,2
0.456,0.1,0.343,0,0,1,2
0.456,0.1,0.346,0,0,1,2
0.456,0.1,0.349,0,0,1,2
0.456,0.1,0.352,0,0,1,2
0.456,0.1,0.355,0,0,1,2
0.456,0.1,0.358,0,0,1,2
0.456,0.1,0.361,0,0,1,2
0.456,0.1,0.364,0,0,1,2
0.456,0.1,0.367,0,0,1,2
0.456,0.1,0.37,0,0,1,2
0.456,0.1,0.373,0,0,1,2
0.456,0.1,0.376,0,0,1,2
0.456,0.1,0.379,0,0,1,2
0.456,0.1,0.382,0,0,1,2
0.456,0.1,0.385,0,0,1,2
0.456,0.1,0.388,0,0,1,2
0.456,0.1,0.391,0,0,1,2
0.456,0.1,0.394,0,0,1,2
0.456,0.1,0.397,0,0,1,2
0.456,0.1,0.4,0,0,1,2
0.456,0.1,0.403,0,0,1,2
0.456,0.1,0.406,0,0,1,2
0.456,0.1,0.409,0,0,1,2
0.456,0.1,0.412,0,0,1,2
0.456,0.1,0.415,0,0,1,2
0.456,0.1,0.418,0,0,1,2
0.456,0.1,0.420999,0,0,1,2
0.456,0.1,0.423999,0,0,1,2
0.456,0.1,0.426999,0,0,1,2
0.456,0.1,0.429999,0,0,1,2
0.456,0.1,0.432999,0,0,1,2
0.456,0.1,0.435999,0,0,1,2
0.456,0.1,0.438999,0,0,1,2
0.456,0.1,0.441999,0,0,1,2
0.456,0.1,0.444999,0,0,1,2
0.456,0.1,0.447999,0,0,1,2
0.456,0.1,0.450999,0,0,1,2
0.459,0.1,0.25,0,0,1,2
0.459,0.1,0.253,0,0,1,2
0.459,0.1,0.256,0,0,1,2
0.459,0.1,0.259,0,0,1,2
0.459,0.1,0.262,0,0,1,2
0.459,0.1,0.265,0,0,1,2
0.459,0.1,0.268,0,0,1,2
0.459,0.1,0.271,0,0,1,2
0.459,0.1,0.274,0,0,1,2
0.459,0.1,0.277,0,0,1,2
0.459,0.1,0.28,0,0,1,2
0.459,0.1,0.283,0,0,1,2
0.459,0.1,0.286,0,0,1,2
0.459,0.1,0.289,0,0,1,2
0.459,0.1,0.292,0,0,1,2
0.459,0.1,0.295,0,0,1,2
0.459,0.1,0.298,0,0,1,2
0.459,0.1,0.301,0,0,1,2
0.459,0.1,0.304,0,0,1,2
0.459,0.1,0.307,0,0,1,2
0.459,0.1,0.31,0,0,1,2
0.459,0.1,0.313,0,0,1,2
0.459,0.1,0.316,0,0,1,2
0.459,0.1,0.319,0,0,1,2
0.459,0.1,0.322,0,0,1,2
0.459,0.1,0.325,0,0,1,2
0.459,0.1,0.328,0,0,1,2
0.459,0.1,0.331,0,0,1,2
0.459,0.1,0.334,0,0,1,2
0.459,0.1,0.337,0,0,1,2
0.459,0.1,0.34,0,0,1,2
0.459,0.1,0.343,0,0,1,2
0.459,0.1,0.346,0,0,1,2
0.459,0.1,0.349,0,0,1,2
0.459,0.1,0.352,0,0,1,2
0.459,0.1,0.355,0,0,1,2
0.459,0.1,0.358,0,0,1,2
0.459,0.1,0.361,0,0,1,2
0.459,0.1,0.364,0,0,1,2
0.459,0.1,0.367,0,0,1,2
0.459,0.1,0.37,0,0,1,2
0.459,0.1,0.373,0,0,1,2
0.459,0.1,0.376,0,0,1,2
0.459,0.1,0.379,0,0,1,2
0.459,0.1,0.382,0,0,1,2
0.459,0.1,0.385,0,0,1,2
0.459,0.1,0.388,0,0,1,2
0.459,0.1,0.391,0,0,1,2
0.459,0.1,0.394,0,0,1,2
0.459,0.1,0.397,0,0,1,2
0.459,0.1,0.4,0,0,1,2
0.459,0.1,0.403,0,0,1,2
0.459,0.1,0.406,0,0,1,2
0.459,0.1,0.409,0,0,1,2
0.459,0.1,0.412,0,0,1,2
0.459,0.1,0.415,0,0,1,2
0.459,0.1,0.418,0,0,1,2
0.459,0.1,0.420999,0,0,1,2
0.459,0.1,0.423999,0,0,1,2
0.459,0.1,0.426999,0,0,1,2
0.459,0.1,0.429999,0,0,1,2
0.459,0.1,0.432999,0,0,1,2
0.459,0.1,0.435999,0,0,1,2
0.459,0.1,0.438999,0,0,1,2
0.459,0.1,0.441999,0,0,1,2
0.459,0.1,0.444999,0,0,1,2
0.459,0.1,0.447999,0,0,1,2
0.459,0.1,0.450999,0,0,1,2
0.462,0.1,0.25,0,0,1,2
0.462,0.1,0.253,0,0,1,2
0.462,0.1,0.256,0,0,1,2
0.462,0.1,0.259,0,0,1,2
0.462,0.1,0.262,0,0,1,2
0.462,0.1,0.265,0,0,1,2
0.462,0.1,0.268,0,0,1,2
0.462,0.1,0.271,0,0,1,2
0.462,0.1,0.274,0,0,1,2
0.462,0.1,0.277,0,0,1,2
0.462,0.1,0.28,0,0,1,2
0.462,0.1,0.283,0,0,1,2
0.462,0.1,0.286,0,0,1,2
0.462,0.1,0.289,0,0,1,2
0.462,0.1,0.292,0,0,1,2
0.462,0.1,0.295,0,0,1,2
0.462,0.1,0.298,0,0,1,2
0.462,0.1,0.301,0,0,1,2
0.462,0.1,0.304,0,0,1,2
0.462,0.1,0.307,0,0,1,2
0.462,0.1,0.31,0,0,1,2
0.462,0.1,0.313,0,0,1,2
0.462,0.1,0.316,0,0,1,2
0.462,0.1,0.319,0,0,1,2
0.462,0.1,0.322,0,0,1,2
0.462,0.1,0.325,0,0,1,2
0.462,0.1,0.328,0,0,1,2
0.462,0.1,0.331,0,0,1,2
0.462,0.1,0.334,0,0,1,2
0.462,0.1,0.337,0,0,1,2
0.462,0.1,0.34,0,0,1,2
0.462,0.1,0.343,0,0,1,2
0.462,0.1,0.346,0,0,1,2
0.462,0.1,0.349,0,0,1,2
0.462,0.1,0.352,0,0,1,2
0.462,0.1,0.355,0,0,1,2
0.462,0.1,0.358,0,0,1,2
0.462,0.1,0.361,0,0,1,2
0.462,0.1,0.364,0,0,1,2
0.462,0.1,0.367,0,0,1,2
0.462,0.1,0.37,0,0,1,2
0.462,0.1,0.373,0,0,1,2
0.462,0.1,0.376,0,0,1,2
0.462,0.1,0.379,0,0,1,2
0.462,0.1,0.382,0,0,1,2
0.462,0.1,0.385,0,0,1,2
0.462,0.1,0.388,0,0,1,2
0.462,0.1,0.391,0,0,1,2
0.462,0.1,0.394,0,0,1,2
0.462,0.1,0.397,0,0,1,2
0.462,0.1,0.4,0,0,1,2
0.462,0.1,0.403,0,0,1,2
0.462,0.1,0.406,0,0,1,2
0.462,0.1,0.409,0,0,1,2
0.462,0.1,0.412,0,0,1,2
0.462,0.1,0.415,0,0,1,2
0.462,0.1,0.418,0,0,1,2
0.462,0.1,0.420999,0,0,1,2
0.462,0.1,0.423999,0,0,1,2
0.462,0.1,0.426999,0,0,1,2
0.462,0.1,0.429999,0,0,1,2
0.462,0.1,0.432999,0,0,1,2
0.462,0.1,0.435999,0,0,1,2
0.462,0.1,0.438999,0,0,1,2
0.462,0.1,0.441999,0,0,1,2
0.462,0.1,0.444999,0,0,1,2
0.462,0.1,0.447999,0,0,1,2
0.462,0.1,0.450999,0,0,1,2
0.465,0.1,0.25,0,0,1,2
0.465,0.1,0.253,0,0,1,2
0.465,0.1,0.256,0,0,1,2
0.465,0.1,0.259,0,0,1,2
0.465,0.1,0.262,0,0,1,2
0.465,0.1,0.265,0,0,1,2
0.465,0.1,0.268,0,0,1,2
0.465,0.1,0.271,0,0,1,2
0.465,0.1,0.274,0,0,1,2
0.465,0.1,0.277,0,0,1,2
0.465,0.1,0.28,0,0,1,2
0.465,0.1,0.283,0,0,1,2
0.465,0.1,0.286,0,0,1,2
0.465,0.1,0.289,0,0,1,2
0.465,0.1,0.292,0,0,1,2
0.465,0.1,0.295,0,0,1,2
0.465,0.1,0.298,0,0,1,2
0.465,0.1,0.301,0,0,1,2
0.465,0.1,0.304,0,0,1,2
0.465,0.1,0.307,0,0,1,2
0.465,0.1,0.31,0,0,1,2
0.465,0.1,0.313,0,0,1,2
0.465,0.1,0.316,0,0,1,2
0.465,0.1,0.319,0,0,1,2
0.465,0.1,0.322,0,0,1,2
0.465,0.1,0.325,0,0,1,2
0.465,0.1,0.328,0,0,1,2
0.465,0.1,0.331,0,0,1,2
0.465,0.1,0.334,0,0,1,2
0.465,0.1,0.337,0,0,1,2
0.465,0.1,0.34,0,0,1,2
0.465,0.1,0.343,0,0,1,2
0.465,0.1,0.346,0,0,1,2
0.465,0.1,0.349,0,0,1,2
0.465,0.1,0.352,0,0,1,2
0.465,0.1,0.355,0,0,1,2
0.465,0.1,0.358,0,0,1,2
0.465,0.1,0.361,0,0,1,2
0.465,0.1,0.364,0,0,1,2
0.465,0.1,0.367,0,0,1,2
0.465,0.1,0.37,0,0,1,2
0.465,0.1,0.373,0,0,1,2
0.465,0.1,0.376,0,0,1,2
0.465,0.1,0.379,0,0,1,2
0.465,0.1,0.382,0,0,1,2
0.465,0.1,0.385,0,0,1,2
0.465,0.1,0.388,0,0,1,2
0.465,0.1,0.391,0,0,1,2
0.465,0.1,0.394,0,0,1,2
0.465,0.1,0.397,0,0,1,2
0.465,0.1,0.4,0,0,1,2
0.465,0.1,0.403,0,0,1,2
0.465,0.1,0.406,0,0,1,2
0.465,0.1,0.409,0,0,1,2
0.465,0.1,0.412,0,0,1,2
0.465,0.1,0.415,0,0,1,2
0.465,0.1,0.418,0,0,1,2
0.465,0.1,0.420999,0,0,1,2
0.465,0.1,0.423999,0,0,1,2
0.465,0.1,0.426999,0,0,1,2
0.465,0.1,0.429999,0,0,1,2
0.465,0.1,0.432999,0,0,1,2
0.465,0.1,0.435999,0,0,1,2
0.465,0.1,0.438999,0,0,1,2
0.465,0.1,0.441999,0,0,1,2
0.465,0.1,0.444999,0,0,1,2
0.465,0.1,0.447999,0,0,1,2
0.465,0.1,0.450999,0,0,1,2
0.468,0.1,0.25,0,0,1,2
0.468,0.1,0.253,0,0,1,2
0.468,0.1,0.256,0,0,1,2
0.468,0.1,0.259,0,0,1,2
0.468,0.1,0.262,0,0,1,2
0.468,0.1,0.265,0,0,1,2
0.468,0.1,0.268,0,0,1,2
0.468,0.1,0.271,0,0,1,2
0.468,0.1,0.274,0,0,1,2
0.468,0.1,0.277,0,0,1,2
0.468,0.1,0.28,0,0,1,2
0.468,0.1,0.283,0,0,1,2
0.468,0.1,0.286,0,0,1,2
0.468,0.1,0.289,0,0,1,2
0.468,0.1,0.292,0,0,1,2
0.468,0.1,0.295,0,0,1,2
0.468,0.1,0.298,0,0,1,2
0.468,0.1,0.301,0,0,1,2
0.468,0.1,0.304,0,0,1,2
0.468,0.1,0.307,0,0,1,2
0.468,0.1,0.31,0,0,1,2
0.468,0.1,0.313,0,0,1,2
0.468,0.1,0.316,0,0,1,2
0.468,0.1,0.319,0,0,1,2
0.468,0.1,0.322,0,0,1,2
0.468,0.1,0.325,0,0,1,2
0.468,0.1,0.328,0,0,1,2
0.468,0.1,0.331,0,0,1,2
0.468,0.1,0.334,0,0,1,2
0.468,0.1,0.337,0,0,1,2
0.468,0.1,0.34,0,0,1,2
0.468,0.1,0.343,0,0,1,2
0.468,0.1,0.346,0,0,1,2
0.468,0.1,0.349,0,0,1,2
0.468,0.1,0.352,0,0,1,2
0.468,0.1,0.355,0,0,1,2
0.468,0.1,0.358,0,0,1,2
0.468,0.1,0.361,0,0,1,2
0.468,0.1,0.364,0,0,1,2
0.468,0.1,0.367,0,0,1,2
0.468,0.1,0.37,0,0,1,2
0.468,0.1,0.373,0,0,1,2
0.468,0.1,0.376,0,0,1,2
0.468,0.1,0.379,0,0,1,2
0.468,0.1,0.382,0,0,1,2
0.468,0.1,0.385,0,0,1,2
0.468,0.1,0.388,0,0,1,2
0.468,0.1,0.391,0,0,1,2
0.468,0.1,0.394,0,0,1,2
0.468,0.1,0.397,0,0,1,2
0.468,0.1,0.4,0,0,1,2
0.468,0.1,0.403,0,0,1,2
0.468,0.1,0.406,0,0,1,2
0.468,0.1,0.409,0,0,1,2
0.468,0.1,0.412,0,0,1,2
0.468,0.1,0.415,0,0,1,2
0.468,0.1,0.418,0,0,1,2
0.468,0.1,0.420999,0,0,1,2
0.468,0.1,0.423999,0,0,1,2
0.468,0.1,0.426999,0,0,1,2
0.468,0.1,0.429999,0,0,1,2
0.468,0.1,0.432999,0,0,1,2
0.468,0.1,0.435999,0,0,1,2
0.468,0.1,0.438999,0,0,1,2
0.468,0.1,0.441999,0,0,1,2
0.468,0.1,0.444999,0,0,1,2
0.468,0.1,0.447999,0,0,1,2
0.468,0.1,0.450999,0,0,1,2
0.471,0.1,0.25,0,0,1,2
0.471,0.1,0.253,0,0,1,2
0.471,0.1,0.256,0,0,1,2
0.471,0.1,0.259,0,0,1,2
0.471,0.1,0.262,0,0,1,2
0.471,0.1,0.265,0,0,1,2
0.471,0.1,0.268,0,0,1,2
0.471,0.1,0.271,0,0,1,2
0.471,0.1,0.274,0,0,1,2
0.471,0.1,0.277,0,0,1,2
0.471,0.1,0.28,0,0,1,2
0.471,0.1,0.283,0,0,1,2
0.471,0.1,0.286,0,0,1,2
0.471,0.1,0.289,0,0,1,2
0.471,0.1,0.292,0,0,1,2
0.471,0.1,0.295,0,0,1,2
0.471,0.1,0.298,0,0,1,2
0.471,0.1,0.301,0,0,1,2
0.471,0.1,0.304,0,0,1,2
0.471,0.1,0.307,0,0,1,2
0.471,0.1,0.31,0,0,1,2
0.471,0.1,0.313,0,0,1,2
0.471,0.1,0.316,0,0,1,2
0.471,0.1,0.319,0,0,1,2
0.471,0.1,0.322,0,0,1,2
0.471,0.1,0.325,0,0,1,2
0.471,0.1,0.328,0,0,1,2
0.471,0.1,0.331,0,0,1,2
0.471,0.1,0.334,0,0,1,2
0.471,0.1,0.337,0,0,1,2
0.471,0.1,0.34,0,0,1,2
0.471,0.1,0.343,0,0,1,2
0.471,0.1,0.346,0,0,1,2
0.471,0.1,0.349,0,0,1,2
0.471,0.1,0.352,0,0,1,2
0.471,0.1,0.355,0,0,1,2
0.471,0.1,0.358,0,0,1,2
0.471,0.1,0.361,0,0,1,2
0.471,0.1,0.364,0,0,1,2
0.471,0.1,0.367,0,0,1,2
0.471,0.1,0.37,0,0,1,2
0.471,0.1,0.373,0,0,1,2
0.471,0.1,0.376,0,0,1,2
0.471,0.1,0.379,0,0,1,2
0.471,0.1,0.382,0,0,1,2
0.471,0.1,0.385,0,0,1,2
0.471,0.1,0.388,0,0,1,2
0.471,0.1,0.391,0,0,1,2
0.471,0.1,0.394,0,0,1,2
0.471,0.1,0.397,0,0,1,2
0.471,0.1,0.4,0,0,1,2
0.471,0.1,0.403,0,0,1,2
0.471,0.1,0.406,0,0,1,2
0.471,0.1,0.409,0,0,1,2
0.471,0.1,0.412,0,0,1,2
0.471,0.1,0.415,0,0,1,2
0.471,0.1,0.418,0,0,1,2
0.471,0.1,0.420999,0,0,1,2
0.471,0.1,0.423999,0,0,1,2
0.471,0.1,0.426999,0,0,1,2
0.471,0.1,0.429999,0,0,1,2
0.471,0.1,0.432999,0,0,1,2
0.471,0.1,0.435999,0,0,1,2
0.471,0.1,0.438999,0,0,1,2
0.471,0.1,0.441999,0,0,1,2
0.471,0.1,0.444999,0,0,1,2
0.471,0.1,0.447999,0,0,1,2
0.471,0.1,0.450999,0,0,1,2
0.474,0.1,0.25,0,0,1,2
0.474,0.1,0.253,0,0,1,2
0.474,0.1,0.256,0,0,1,2
0.474,0.1,0.259,0,0,1,2
0.474,0.1,0.262,0,0,1,2
0.474,0.1,0.265,0,0,1,2
0.474,0.1,0.268,0,0,1,2
0.474,0.1,0.271,0,0,1,2
0.474,0.1,0.274,0,0,1,2
0.474,0.1,0.277,0,0,1,2
0.474,0.1,0.28,0,0,1,2
0.474,0.1,0.283,0,0,1,2
0.474,0.1,0.286,0,0,1,2
0.474,0.1,0.289,0,0,1,2
0.474,0.1,0.292,0,0,1,2
0.474,0.1,0.295,0,0,1,2
0.474,0.1,0.298,0,0,1,2
0.474,0.1,0.301,0,0,1,2
0.474,0.1,0.304,0,0,1,2
0.474,0.1,0.307,0,0,1,2
0.474,0.1,0.31,0,0,1,2
0.474,0.1,0.313,0,0,1,2
0.474,0.1,0.316,0,0,1,2
0.474,0.1,0.319,0,0,1,2
0.474,0.1,0.322,0,0,1,2
0.474,0.1,0.325,0,0,1,2
0.474,0.1,0.328,0,0,1,2
0.474,0.1,0.331,0,0,1,2
0.474,0.1,0.334,0,0,1,2
0.474,0.1,0.337,0,0,1,2
0.474,0.1,0.34,0,0,1,2
0.474,0.1,0.343,0,0,1,2
0.474,0.1,0.346,0,0,1,2
0.474,0.1,0.349,0,0,1,2
0.474,0.1,0.352,0,0,1,2
0.474,0.1,0.355,0,0,1,2
0.474,0.1,0.358,0,0,1,2
0.474,0.1,0.361,0,0,1,2
0.474,0.1,0.364,0,0,1,2
0.474,0.1,0.367,0,0,1,2
0.474,0.1,0.37,0,0,1,2
0.474,0.1,0.373,0,0,1,2
0.474,0.1,0.376,0,0,1,2
0.474,0.1,0.379,0,0,1,2
0.474,0.1,0.382,0,0,1,2
0.474,0.1,0.385,0,0,1,2
0.474,0.1,0.388,0,0,1,2
0.474,0.1,0.391,0,0,1,2
0.474,0.1,0.394,0,0,1,2
0.474,0.1,0.397,0,0,1,2
0.474,0.1,0.4,0,0,1,2
0.474,0.1,0.403,0,0,1,2
0.474,0.1,0.406,0,0,1,2
0.474,0.1,0.409,0,0,1,2
0.474,0.1,0.412,0,0,1,2
0.474,0.1,0.415,0,0,1,2
0.474,0.1,0.418,0,0,1,2
0.474,0.1,0.420999,0,0,1,2
0.474,0.1,0.423999,0,0,1,2
0.474,0.1,0.426999,0,0,1,2
0.474,0.1,0.429999,0,0,1,2
0.474,0.1,0.432999,0,0,1,2
0.474,0.1,0.435999,0,0,1,2
0.474,0.1,0.438999,0,0,1,2
0.474,0.1,0.441999,0,0,1,2
0.474,0.1,0.444999,0,0,1,2
0.474,0.1,0.447999,0,0,1,2
0.474,0.1,0.450999,0,0,1,2
0.477,0.1,0.25,0,0,1,2
0.477,0.1,0.253,0,0,1,2
0.477,0.1,0.256,0,0,1,2
0.477,0.1,0.259,0,0,1,2
0.477,0.1,0.262,0,0,1,2
0.477,0.1,0.265,0,0,1,2
0.477,0.1,0.268,0,0,1,2
0.477,0.1,0.271,0,0,1,2
0.477,0.1,0.274,0,0,1,2
0.477,0.1,0.277,0,0,1,2
0.477,0.1,0.28,0,0,1,2
0.477,0.1,0.283,0,0,1,2
0.477,0.1,0.286,0,0,1,2
0.477,0.1,0.289,0,0,1,2
0.477,0.1,0.292,0,0,1,2
0.477,0.1,0.295,0,0,1,2
0.477,0.1,0.298,0,0,1,2
0.477,0.1,0.301,0,0,1,2
0.477,0.1,0.304,0,0,1,2
0.477,0.1,0.307,0,0,1,2
0.477,0.1,0.31,0,0,1,2
0.477,0.1,0.313,0,0,1,2
0.477,0.1,0.316,0,0,1,2
0.477,0.1,0.319,0,0,1,2
0.477,0.1,0.322,0,0,1,2
0.477,0.1,0.325,0,0,1,2
0.477,0.1,0.328,0,0,1,2
0.477,0.1,0.331,0,0,1,2
0.477,0.1,0.334,0,0,1,2
0.477,0.1,0.337,0,0,1,2
0.477,0.1,0.34,0,0,1,2
0.477,0.1,0.343,0,0,1,2
0.477,0.1,0.346,0,0,1,2
0.477,0.1,0.349,0,0,1,2
0.477,0.1,0.352,0,0,1,2
0.477,0.1,0.355,0,0,1,2
0.477,0.1,0.358,0,0,1,2
0.477,0.1,0.361,0,0,1,2
0.477,0.1,0.364,0,0,1,2
0.477,0.1,0.367,0,0,1,2
0.477,0.1,0.37,0,0,1,2
0.477,0.1,0.373,0,0,1,2
0.477,0.1,0.376,0,0,1,2
0.477,0.1,0.379,0,0,1,2
0.477,0.1,0.382,0,0,1,2
0.477,0.1,0.385,0,0,1,2
0.477,0.1,0.388,0,0,1,2
0.477,0.1,0.391,0,0,1,2
0.477,0.1,0.394,0,0,1,2
0.477,0.1,0.397,0,0,1,2
0.477,0.1,0.4,0,0,1,2
0.477,0.1,0.403,0,0,1,2
0.477,0.1,0.406,0,0,1,2
0.477,0.1,0.409,0,0,1,2
0.477,0.1,0.412,0,0,1,2
0.477,0.1,0.415,0,0,1,2
0.477,0.1,0.418,0,0,1,2
0.477,0.1,0.420999,0,0,1,2
0.477,0.1,0.423999,0,0,1,2
0.477,0.1,0.426999,0,0,1,2
0.477,0.1,0.429999,0,0,1,2
0.477,0.1,0.432999,0,0,1,2
0.477,0.1,0.435999,0,0,1,2
0.477,0.1,0.438999,0,0,1,2
0.477,0.1,0.441999,0,0,1,2
0.477,0.1,0.444999,0,0,1,2
0.477,0.1,0.447999,0,0,1,2
0.477,0.1,0.450999,0,0,1,2
0.48,0.1,0.25,0,0,1,2
0.48,0.1,0.253,0,0,1,2
0.48,0.1,0.256,0,0,1,2
0.48,0.1,0.259,0,0,1,2
0.48,0.1,0.262,0,0,1,2
0.48,0.1,0.265,0,0,1,2
0.48,0.1,0.268,0,0,1,2
0.48,0.1,0.271,0,0,1,2
0.48,0.1,0.274,0,0,1,2
0.48,0.1,0.277,0,0,1,2
0.48,0.1,0.28,0,0,1,2
0.48,0.1,0.283,0,0,1,2
0.48,0.1,0.286,0,0,1,2
0.48,0.1,0.289,0,0,1,2
0.48,0.1,0.292,0,0,1,2
0.48,0.1,0.295,0,0,1,2
0.48,0.1,0.298,0,0,1,2
0.48,0.1,0.301,0,0,1,2
0.48,0.1,0.304,0,0,1,2
0.48,0.1,0.307,0,0,1,2
0.48,0.1,0.31,0,0,1,2
0.48,0.1,0.313,0,0,1,2
0.48,0.1,0.316,0,0,1,2
0.48,0.1,0.319,0,0,1,2
0.48,0.1,0.322,0,0,1,2
0.48,0.1,0.325,0,0,1,2
0.48,0.1,0.328,0,0,1,2
0.48,0.1,0.331,0,0,1,2
0.48,0.1,0.334,0,0,1,2
0.48,0.1,0.337,0,0,1,2
0.48,0.1,0.34,0,0,1,2
0.48,0.1,0.343,0,0,1,2
0.48,0.1,0.346,0,0,1,2
0.48,0.1,0.349,0,0,1,2
0.48,0.1,0.352,0,0,1,2
0.48,0.1,0.355,0,0,1,2
0.48,0.1,0.358,0,0,1,2
0.48,0.1,0.361,0,0,1,2
0.48,0.1,0.364,0,0,1,2
0.48,0.1,0.367,0,0,1,2
0.48,0.1,0.37,0,0,1,2
0.48,0.1,0.373,0,0,1,2
0.48,0.1,0.376,0,0,1,2
0.48,0.1,0.379,0,0,1,2
0.48,0.1,0.382,0,0,1,2
0.48,0.1,0.385,0,0,1,2
0.48,0.1,0.388,0,0,1,2
0.48,0.1,0.391,0,0,1,2
0.48,0.1,0.394,0,0,1,2
0.48,0.1,0.397,0,0,1,2
0.48,0.1,0.4,0,0,1,2
0.48,0.1,0.403,0,0,1,2
0.48,0.1,0.406,0,0,1,2
0.48,0.1,0.409,0,0,1,2
0.48,0.1,0.412,0,0,1,2
0.48,0.1,0.415,0,0,1,2
0.48,0.1,0.418,0,0,1,2
0.48,0.1,0.420999,0,0,1,2
0.48,0.1,0.423999,0,0,1,2
0.48,0.1,0.426999,0,0,1,2
0.48,0.1,0.429999,0,0,1,2
0.48,0.1,0.432999,0,0,1,2
0.48,0.1,0.435999,0,0,1,2
0.48,0.1,0.438999,0,0,1,2
0.48,0.1,0.441999,0,0,1,2
0.48,0.1,0.444999,0,0,1,2
0.48,0.1,0.447999,0,0,1,2
0.48,0.1,0.450999,0,0,1,2
0.483,0.1,0.25,0,0,1,2
0.483,0.1,0.253,0,0,1,2
0.483,0.1,0.256,0,0,1,2
0.483,0.1,0.259,0,0,1,2
0.483,0.1,0.262,0,0,1,2
0.483,0.1,0.265,0,0,1,2
0.483,0.1,0.268,0,0,1,2
0.483,0.1,0.271,0,0,1,2
0.483,0.1,0.274,0,0,1,2
0.483,0.1,0.277,0,0,1,2
0.483,0.1,0.28,0,0,1,2
0.483,0.1,0.283,0,0,1,2
0.483,0.1,0.286,0,0,1,2
0.483,0.1,0.289,0,0,1,2
0.483,0.1,0.292,0,0,1,2
0.483,0.1,0.295,0,0,1,2
0.483,0.1,0.298,0,0,1,2
0.483,0.1,0.301,0,0,1,2
0.483,0.1,0.304,0,0,1,2
0.483,0.1,0.307,0,0,1,2
0.483,0.1,0.31,0,0,1,2
0.483,0.1,0.313,0,0,1,2
0.483,0.1,0.316,0,0,1,2
0.483,0.1,0.319,0,0,1,2
0.483,0.1,0.322,0,0,1,2
0.483,0.1,0.325,0,0,1,2
0.483,0.1,0.328,0,0,1,2
0.483,0.1,0.331,0,0,1,2
0.483,0.1,0.334,0,0,1,2
0.483,0.1,0.337,0,0,1,2
0.483,0.1,0.34,0,0,1,2
0.483,0.1,0.343,0,0,1,2
0.483,0.1,0.346,0,0,1,2
0.483,0.1,0.349,0,0,1,2
0.483,0.1,0.352,0,0,1,2
0.483,0.1,0.355,0,0,1,2
0.483,0.1,0.358,0,0,1,2
0.483,0.1,0.361,0,0,1,2
0.483,0.1,0.364,0,0,1,2
0.483,0.1,0.367,0,0,1,2
0.483,0.1,0.37,0,0,1,2
0.483,0.1,0.373,0,0,1,2
0.483,0.1,0.376,0,0,1,2
0.483,0.1,0.379,0,0,1,2
0.483,0.1,0.382,0,0,1,2
0.483,0.1,0.385,0,0,1,2
0.483,0.1,0.388,0,0,1,2
0.483,0.1,0.391,0,0,1,2
0.483,0.1,0.394,0,0,1,2
0.483,0.1,0.397,0,0,1,2
0.483,0.1,0.4,0,0,1,2
0.483,0.1,0.403,0,0,1,2
0.483,0.1,0.406,0,0,1,2
0.483,0.1,0.409,0,0,1,2
0.483,0.1,0.412,0,0,1,2
0.483,0.1,0.415,0,0,1,2
0.483,0.1,0.418,0,0,1,2
0.483,0.1,0.420999,0,0,1,2
0.483,0.1,0.423999,0,0,1,2
0.483,0.1,0.426999,0,0,1,2
0.483,0.1,0.429999,0,0,1,2
0.483,0.1,0.432999,0,0,1,2
0.483,0.1,0.435999,0,0,1,2
0.483,0.1,0.438999,0,0,1,2
0.483,0.1,0.441999,0,0,1,2
0.483,0.1,0.444999,0,0,1,2
0.483,0.1,0.447999,0,0,1,2
0.483,0.1,0.450999,0,0,1,2
0.486,0.1,0.25,0,0,1,2
0.486,0.1,0.253,0,0,1,2
0.486,0.1,0.256,0,0,1,2
0.486,0.1,0.259,0,0,1,2
0.486,0.1,0.262,0,0,1,2
0.486,0.1,0.265,0,0,1,2
0.486,0.1,0.268,0,0,1,2
0.486,0.1,0.271,0,0,1,2
0.486,0.1,0.274,0,0,1,2
0.486,0.1,0.277,0,0,1,2
0.486,0.1,0.28,0,0,1,2
0.486,0.1,0.283,0,0,1,2
0.486,0.1,0.286,0,0,1,2
0.486,0.1,0.289,0,0,1,2
0.486,0.1,0.292,0,0,1,2
0.486,0.1,0.295,0,0,1,2
0.486,0.1,0.298,0,0,1,2
0.486,0.1,0.301,0,0,1,2
0.486,0.1,0.304,0,0,1,2
0.486,0.1,0.307,0,0,1,2
0.486,0.1,0.31,0,0,1,2
0.486,0.1,0.313,0,0,1,2
0.486,0.1,0.316,0,0,1,2
0.486,0.1,0.319,0,0,1,2
0.486,0.1,0.322,0,0,1,2
0.486,0.1,0.325,0,0,1,2
0.486,0.1,0.328,0,0,1,2
0.486,0.1,0.331,0,0,1,2
0.486,0.1,0.334,0,0,1,2
0.486,0.1,0.337,0,0,1,2
0.486,0.1,0.34,0,0,1,2
0.486,0.1,0.343,0,0,1,2
0.486,0.1,0.346,0,0,1,2
0.486,0.1,0.349,0,0,1,2
0.486,0.1,0.352,0,0,1,2
0.486,0.1,0.355,0,0,1,2
0.486,0.1,0.358,0,0,1,2
0.486,0.1,0.361,0,0,1,2
0.486,0.1,0.364,0,0,1,2
0.486,0.1,0.367,0,0,1,2
0.486,0.1,0.37,0,0,1,2
0.486,0.1,0.373,0,0,1,2
0.486,0.1,0.376,0,0,1,2
0.486,0.1,0.379,0,0,1,2
0.486,0.1,0.382,0,0,1,2
0.486,0.1,0.385,0,0,1,2
0.486,0.1,0.388,0,0,1,2
0.486,0.1,0.391,0,0,1,2
0.486,0.1,0.394,0,0,1,2
0.486,0.1,0.397,0,0,1,2
0.486,0.1,0.4,0,0,1,2
0.486,0.1,0.403,0,0,1,2
0.486,0.1,0.406,0,0,1,2
0.486,0.1,0.409,0,0,1,2
0.486,0.1,0.412,0,0,1,2
0.486,0.1,0.415,0,0,1,2
0.486,0.1,0.418,0,0,1,2
0.486,0.1,0.420999,0,0,1,2
0.486,0.1,0.423999,0,0,1,2
0.486,0.1,0.426999,0,0,1,2
0.486,0.1,0.429999,0,0,1,2
0.486,0.1,0.432999,0,0,1,2
0.486,0.1,0.435999,0,0,1,2
0.486,0.1,0.438999,0,0,1,2
0.486,0.1,0.441999,0,0,1,2
0.486,0.1,0.444999,0,0,1,2
0.486,0.1,0.447999,0,0,1,2
0.486,0.1,0.450999,0,0,1,2
0.489,0.1,0.25,0,0,1,2
0.489,0.1,0.253,0,0,1,2
0.489,0.1,0.256,0,0,1,2
0.489,0.1,0.259,0,0,1,2
0.489,0.1,0.262,0,0,1,2
0.489,0.1,0.265,0,0,1,2
0.489,0.1,0.268,0,0,1,2
0.489,0.1,0.271,0,0,1,2
0.489,0.1,0.274,0,0,1,2
0.489,0.1,0.277,0,0,1,2
0.489,0.1,0.28,0,0,1,2
0.489,0.1,0.283,0,0,1,2
0.489,0.1,0.286,0,0,1,2
0.489,0.1,0.289,0,0,1,2
0.489,0.1,0.292,0,0,1,2
0.489,0.1,0.295,0,0,1,2
0.489,0.1,0.298,0,0,1,2
0.489,0.1,0.301,0,0,1,2
0.489,0.1,0.304,0,0,1,2
0.489,0.1,0.307,0,0,1,2
0.489,0.1,0.31,0,0,1,2
0.489,0.1,0.313,0,0,1,2
0.489,0.1,0.316,0,0,1,2
0.489,0.1,0.319,0,0,1,2
0.489,0.1,0.322,0,0,1,2
0.489,0.1,0.325,0,0,1,2
0.489,0.1,0.328,0,0,1,2
0.489,0.1,0.331,0,0,1,2
0.489,0.1,0.334,0,0,1,2
0.489,0.1,0.337,0,0,1,2
0.489,0.1,0.34,0,0,1,2
0.489,0.1,0.343,0,0,1,2
0.489,0.1,0.346,0,0,1,2
0.489,0.1,0.349,0,0,1,2
0.489,0.1,0.352,0,0,1,2
0.489,0.1,0.355,0,0,1,2
0.489,0.1,0.358,0,0,1,2
0.489,0.1,0.361,0,0,1,2
0.489,0.1,0.364,0,0,1,2
0.489,0.1,0.367,0,0,1,2
0.489,0.1,0.37,0,0,1,2
0.489,0.1,0.373,0,0,1,2
0.489,0.1,0.376,0,0,1,2
0.489,0.1,0.379,0,0,1,2
0.489,0.1,0.382,0,0,1,2
0.489,0.1,0.385,0,0,1,2
0.489,0.1,0.388,0,0,1,2
0.489,0.1,0.391,0,0,1,2
0.489,0.1,0.394,0,0,1,2
0.489,0.1,0.397,0,0,1,2
0.489,0.1,0.4,0,0,1,2
0.489,0.1,0.403,0,0,1,2
0.489,0.1,0.406,0,0,1,2
0.489,0.1,0.409,0,0,1,2
0.489,0.1,0.412,0,0,1,2
0.489,0.1,0.415,0,0,1,2
0.489,0.1,0.418,0,0,1,2
0.489,0.1,0.420999,0,0,1,2
0.489,0.1,0.423999,0,0,1,2
0.489,0.1,0.426999,0,0,1,2
0.489,0.1,0.429999,0,0,1,2
0.489,0.1,0.432999,0,0,1,2
0.489,0.1,0.435999,0,0,1,2
0.489,0.1,0.438999,0,0,1,2
0.489,0.1,0.441999,0,0,1,2
0.489,0.1,0.444999,0,0,1,2
0.489,0.1,0.447999,0,0,1,2
0.489,0.1,0.450999,0,0,1,2
0.492,0.1,0.25,0,0,1,2
0.492,0.1,0.253,0,0,1,2
0.492,0.1,0.256,0,0,1,2
0.492,0.1,0.259,0,0,1,2
0.492,0.1,0.262,0,0,1,2
0.492,0.1,0.265,0,0,1,2
0.492,0.1,0.268,0,0,1,2
0.492,0.1,0.271,0,0,1,2
0.492,0.1,0.274,0,0,1,2
0.492,0.1,0.277,0,0,1,2
0.492,0.1,0.28,0,0,1,2
0.492,0.1,0.283,0,0,1,2
0.492,0.1,0.286,0,0,1,2
0.492,0.1,0.289,0,0,1,2
0.492,0.1,0.292,0,0,1,2
0.492,0.1,0.295,0,0,1,2
0.492,0.1,0.298,0,0,1,2
0.492,0.1,0.301,0,0,1,2
0.492,0.1,0.304,0,0,1,2
0.492,0.1,0.307,0,0,1,2
0.492,0.1,0.31,0,0,1,2
0.492,0.1,0.313,0,0,1,2
0.492,0.1,0.316,0,0,1,2
0.492,0.1,0.319,0,0,1,2
0.492,0.1,0.322,0,0,1,2
0.492,0.1,0.325,0,0,1,2
0.492,0.1,0.328,0,0,1,2
0.492,0.1,0.331,0,0,1,2
0.492,0.1,0.334,0,0,1,2
0.492,0.1,0.337,0,0,1,2
0.492,0.1,0.34,0,0,1,2
0.492,0.1,0.343,0,0,1,2
0.492,0.1,0.346,0,0,1,2
0.492,0.1,0.349,0,0,1,2
0.492,0.1,0.352,0,0,1,2
0.492,0.1,0.355,0,0,1,2
0.492,0.1,0.358,0,0,1,2
0.492,0.1,0.361,0,0,1,2
0.492,0.1,0.364,0,0,1,2
0.492,0.1,0.367,0,0,1,2
0.492,0.1,0.37,0,0,1,2
0.492,0.1,0.373,0,0,1,2
0.492,0.1,0.376,0,0,1,2
0.492,0.1,0.379,0,0,1,2
0.492,0.1,0.382,0,0,1,2
0.492,0.1,0.385,0,0,1,2
0.492,0.1,0.388,0,0,1,2
0.492,0.1,0.391,0,0,1,2
0.492,0.1,0.394,0,0,1,2
0.492,0.1,0.397,0,0,1,2
0.492,0.1,0.4,0,0,1,2
0.492,0.1,0.403,0,0,1,2
0.492,0.1,0.406,0,0,1,2
0.492,0.1,0.409,0,0,1,2
0.492,0.1,0.412,0,0,1,2
0.492,0.1,0.415,0,0,1,2
0.492,0.1,0.418,0,0,1,2
0.492,0.1,0.420999,0,0,1,2
0.492,0.1,0.423999,0,0,1,2
0.492,0.1,0.426999,0,0,1,2
0.492,0.1,0.429999,0,0,1,2
0.492,0.1,0.432999,0,0,1,2
0.492,0.1,0.435999,0,0,1,2
0.492,0.1,0.438999,0,0,1,2
0.492,0.1,0.441999,0,0,1,2
0.492,0.1,0.444999,0,0,1,2
0.492,0.1,0.447999,0,0,1,2
0.492,0.1,0.450999,0,0,1,2
0.495,0.1,0.25,0,0,1,2
0.495,0.1,0.253,0,0,1,2
0.495,0.1,0.256,0,0,1,2
0.495,0.1,0.259,0,0,1,2
0.495,0.1,0.262,0,0,1,2
0.495,0.1,0.265,0,0,1,2
0.495,0.1,0.268,0,0,1,2
0.495,0.1,0.271,0,0,1,2
0.495,0.1,0.274,0,0,1,2
0.495,0.1,0.277,0,0,1,2
0.495,0.1,0.28,0,0,1,2
0.495,0.1,0.283,0,0,1,2
0.495,0.1,0.286,0,0,1,2
0.495,0.1,0.289,0,0,1,2
0.495,0.1,0.292,0,0,1,2
0.495,0.1,0.295,0,0,1,2
0.495,0.1,0.298,0,0,1,2
0.495,0.1,0.301,0,0,1,2
0.495,0.1,0.304,0,0,1,2
0.495,0.1,0.307,0,0,1,2
0.495,0.1,0.31,0,0,1,2
0.495,0.1,0.313,0,0,1,2
0.495,0.1,0.316,0,0,1,2
0.495,0.1,0.319,0,0,1,2
0.495,0.1,0.322,0,0,1,2
0.495,0.1,0.325,0,0,1,2
0.495,0.1,0.328,0,0,1,2
0.495,0.1,0.331,0,0,1,2
0.495,0.1,0.334,0,0,1,2
0.495,0.1,0.337,0,0,1,2
0.495,0.1,0.34,0,0,1,2
0.495,0.1,0.343,0,0,1,2
0.495,0.1,0.346,0,0,1,2
0.495,0.1,0.349,0,0,1,2
0.495,0.1,0.352,0,0,1,2
0.495,0.1,0.355,0,0,1,2
0.495,0.1,0.358,0,0,1,2
0.495,0.1,0.361,0,0,1,2
0.495,0.1,0.364,0,0,1,2
0.495,0.1,0.367,0,0,1,2
0.495,0.1,0.37,0,0,1,2
0.495,0.1,0.373,0,0,1,2
0.495,0.1,0.376,0,0,1,2
0.495,0.1,0.379,0,0,1,2
0.495,0.1,0.382,0,0,1,2
0.495,0.1,0.385,0,0,1,2
0.495,0.1,0.388,0,0,1,2
0.495,0.1,0.391,0,0,1,2
0.495,0.1,0.394,0,0,1,2
0.495,0.1,0.397,0,0,1,2
0.495,0.1,0.4,0,0,1,2
0.495,0.1,0.403,0,0,1,2
0.495,0.1,0.406,0,0,1,2
0.495,0.1,0.409,0,0,1,2
0.495,0.1,0.412,0,0,1,2
0.495,0.1,0.415,0,0,1,2
0.495,0.1,0.418,0,0,1,2
0.495,0.1,0.420999,0,0,1,2
0.495,0.1,0.423999,0,0,1,2
0.495,0.1,0.426999,0,0,1,2
0.495,0.1,0.429999,0,0,1,2
0.495,0.1,0.432999,0,0,1,2
0.495,0.1,0.435999,0,0,1,2
0.495,0.1,0.438999,0,0,1,2
0.495,0.1,0.441999,0,0,1,2
0.495,0.1,0.444999,0,0,1,2
0.495,0.1,0.447999,0,0,1,2
0.495,0.1,0.450999,0,0,1,2
0.498,0.1,0.25,0,0,1,2
0.498,0.1,0.253,0,0,1,2
0.498,0.1,0.256,0,0,1,2
0.498,0.1,0.259,0,0,1,2
0.498,0.1,0.262,0,0,1,2
0.498,0.1,0.265,0,0,1,2
0.498,0.1,0.268,0,0,1,2
0.498,0.1,0.271,0,0,1,2
0.498,0.1,0.274,0,0,1,2
0.498,0.1,0.277,0,0,1,2
0.498,0.1,0.28,0,0,1,2
0.498,0.1,0.283,0,0,1,2
0.498,0.1,0.286,0,0,1,2
0.498,0.1,0.289,0,0,1,2
0.498,0.1,0.292,0,0,1,2
0.498,0.1,0.295,0,0,1,2
0.498,0.1,0.298,0,0,1,2
0.498,0.1,0.301,0,0,1,2
0.498,0.1,0.304,0,0,1,2
0.498,0.1,0.307,0,0,1,2
0.498,0.1,0.31,0,0,1,2
0.498,0.1,0.313,0,0,1,2
0.498,0.1,0.316,0,0,1,2
0.498,0.1,0.319,0,0,1,2
0.498,0.1,0.322,0,0,1,2
0.498,0.1,0.325,0,0,1,2
0.498,0.1,0.328,0,0,1,2
0.498,0.1,0.331,0,0,1,2
0.498,0.1,0.334,0,0,1,2
0.498,0.1,0.337,0,0,1,2
0.498,0.1,0.34,0,0,1,2
0.498,0.1,0.343,0,0,1,2
0.498,0.1,0.346,0,0,1,2
0.498,0.1,0.349,0,0,1,2
0.498,0.1,0.352,0,0,1,2
0.498,0.1,0.355,0,0,1,2
0.498,0.1,0.358,0,0,1,2
0.498,0.1,0.361,0,0,1,2
0.498,0.1,0.364,0,0,1,2
0.498,0.1,0.367,0,0,1,2
0.498,0.1,0.37,0,0,1,2
0.498,0.1,0.373,0,0,1,2
0.498,0.1,0.376,0,0,1,2
0.498,0.1,0.379,0,0,1,2
0.498,0.1,0.382,0,0,1,2
0.498,0.1,0.385,0,0,1,2
0.498,0.1,0.388,0,0,1,2
0.498,0.1,0.391,0,0,1,2
0.498,0.1,0.394,0,0,1,2
0.498,0.1,0.397,0,0,1,2
0.498,0.1,0.4,0,0,1,2
0.498,0.1,0.403,0,0,1,2
0.498,0.1,0.406,0,0,1,2
0.498,0.1,0.409,0,0,1,2
0.498,0.1,0.412,0,0,1,2
0.498,0.1,0.415,0,0,1,2
0.498,0.1,0.418,0,0,1,2
0.498,0.1,0.420999,0,0,1,2
0.498,0.1,0.423999,0,0,1,2
0.498,0.1,0.426999,0,0,1,2
0.498,0.1,0.429999,0,0,1,2
0.498,0.1,0.432999,0,0,1,2
0.498,0.1,0.435999,0,0,1,2
0.498,0.1,0.438999,0,0,1,2
0.498,0.1,0.441999,0,0,1,2
0.498,0.1,0.444999,0,0,1,2
0.498,0.1,0.447999,0,0,1,2
0.498,0.1,0.450999,0,0,1,2
0.501,0.1,0.25,0,0,1,2
0.501,0.1,0.253,0,0,1,2
0.501,0.1,0.256,0,0,1,2
0.501,0.1,0.259,0,0,1,2
0.501,0.1,0.262,0,0,1,2
0.501,0.1,0.265,0,0,1,2
0.501,0.1,0.268,0,0,1,2
0.501,0.1,0.271,0,0,1,2
0.501,0.1,0.274,0,0,1,2
0.501,0.1,0.277,0,0,1,2
0.501,0.1,0.28,0,0,1,2
0.501,0.1,0.283,0,0,1,2
0.501,0.1,0.286,0,0,1,2
0.501,0.1,0.289,0,0,1,2
0.501,0.1,0.292,0,0,1,2
0.501,0.1,0.295,0,0,1,2
0.501,0.1,0.298,0,0,1,2
0.501,0.1,0.301,0,0,1,2
0.501,0.1,0.304,0,0,1,2
0.501,0.1,0.307,0,0,1,2
0.501,0.1,0.31,0,0,1,2
0.501,0.1,0.313,0,0,1,2
0.501,0.1,0.316,0,0,1,2
0.501,0.1,0.319,0,0,1,2
0.501,0.1,0.322,0,0,1,2
0.501,0.1,0.325,0,0,1,2
0.501,0.1,0.328,0,0,1,2
0.501,0.1,0.331,0,0,1,2
0.501,0.1,0.334,0,0,1,2
0.501,0.1,0.337,0,0,1,2
0.501,0.1,0.34,0,0,1,2
0.501,0.1,0.343,0,0,1,2
0.501,0.1,0.346,0,0,1,2
0.501,0.1,0.349,0,0,1,2
0.501,0.1,0.352,0,0,1,2
0.501,0.1,0.355,0,0,1,2
0.501,0.1,0.358,0,0,1,2
0.501,0.1,0.361,0,0,1,2
0.501,0.1,0.364,0,0,1,2
0.501,0.1,0.367,0,0,1,2
0.501,0.1,0.37,0,0,1,2
0.501,0.1,0.373,0,0,1,2
0.501,0.1,0.376,0,0,1,2
0.501,0.1,0.379,0,0,1,2
0.501,0.1,0.382,0,0,1,2
0.501,0.1,0.385,0,0,1,2
0.501,0.1,0.388,0,0,1,2
0.501,0.1,0.391,0,0,1,2
0.501,0.1,0.394,0,0,1,2
0.501,0.1,0.397,0,0,1,2
0.501,0.1,0.4,0,0,1,2
0.501,0.1,0.403,0,0,1,2
0.501,0.1,0.406,0,0,1,2
0.501,0.1,0.409,0,0,1,2
0.501,0.1,0.412,0,0,1,2
0.501,0.1,0.415,0,0,1,2
0.501,0.1,0.418,0,0,1,2
0.501,0.1,0.420999,0,0,1,2
0.501,0.1,0.423999,0,0,1,2
0.501,0.1,0.426999,0,0,1,2
0.501,0.1,0.429999,0,0,1,2
0.501,0.1,0.432999,0,0,1,2
0.501,0.1,0.435999,0,0,1,2
0.501,0.1,0.438999,0,0,1,2
0.501,0.1,0.441999,0,0,1,2
0.501,0.1,0.444999,0,0,1,2
0.501,0.1,0.447999,0,0,1,2
0.501,0.1,0.450999,0,0,1,2
0.504,0.1,0.25,0,0,1,2
0.504,0.1,0.253,0,0,1,2
0.504,0.1,0.256,0,0,1,2
0.504,0.1,0.259,0,0,1,2
0.504,0.1,0.262,0,0,1,2
0.504,0.1,0.265,0,0,1,2
0.504,0.1,0.268,0,0,1,2
0.504,0.1,0.271,0,0,1,2
0.504,0.1,0.274,0,0,1,2
0.504,0.1,0.277,0,0,1,2
0.504,0.1,0.28,0,0,1,2
0.504,0.1,0.283,0,0,1,2
0.504,0.1,0.286,0,0,1,2
0.504,0.1,0.289,0,0,1,2
0.504,0.1,0.292,0,0,1,2
0.504,0.1,0.295,0,0,1,2
0.504,0.1,0.298,0,0,1,2
0.504,0.1,0.301,0,0,1,2
0.504,0.1,0.304,0,0,1,2
0.504,0.1,0.307,0,0,1,2
0.504,0.1,0.31,0,0,1,2
0.504,0.1,0.313,0,0,1,2
0.504,0.1,0.316,0,0,1,2
0.504,0.1,0.319,0,0,1,2
0.504,0.1,0.322,0,0,1,2
0.504,0.1,0.325,0,0,1,2
0.504,0.1,0.328,0,0,1,2
0.504,0.1,0.331,0,0,1,2
0.504,0.1,0.334,0,0,1,2
0.504,0.1,0.337,0,0,1,2
0.504,0.1,0.34,0,0,1,2
0.504,0.1,0.343,0,0,1,2
0.504,0.1,0.346,0,0,1,2
0.504,0.1,0.349,0,0,1,2
0.504,0.1,0.352,0,0,1,2
0.504,0.1,0.355,0,0,1,2
0.504,0.1,0.358,0,0,1,2
0.504,0.1,0.361,0,0,1,2
0.504,0.1,0.364,0,0,1,2
0.504,0.1,0.367,0,0,1,2
0.504,0.1,0.37,0,0,1,2
0.504,0.1,0.373,0,0,1,2
0.504,0.1,0.376,0,0,1,2
0.504,0.1,0.379,0,0,1,2
0.504,0.1,0.382,0,0,1,2
0.504,0.1,0.385,0,0,1,2
0.504,0.1,0.388,0,0,1,2
0.504,0.1,0.391,0,0,1,2
0.504,0.1,0.394,0,0,1,2
0.504,0.1,0.397,0,0,1,2
0.504,0.1,0.4,0,0,1,2
0.504,0.1,0.403,0,0,1,2
0.504,0.1,0.406,0,0,1,2
0.504,0.1,0.409,0,0,1,2
0.504,0.1,0.412,0,0,1,2
0.504,0.1,0.415,0,0,1,2
0.504,0.1,0.418,0,0,1,2
0.504,0.1,0.420999,0,0,1,2
0.504,0.1,0.423999,0,0,1,2
0.504,0.1,0.426999,0,0,1,2
0.504,0.1,0.429999,0,0,1,2
0.504,0.1,0.432999,0,0,1,2
0.504,0.1,0.435999,0,0,1,2
0.504,0.1,0.438999,0,0,1,2
0.504,0.1,0.441999,0,0,1,2
0.504,0.1,0.444999,0,0,1,2
0.504,0.1,0.447999,0,0,1,2
0.504,0.1,0.450999,0,0,1,2
0.507,0.1,0.25,0,0,1,2
0.507,0.1,0.253,0,0,1,2
0.507,0.1,0.256,0,0,1,2
0.507,0.1,0.259,0,0,1,2
0.507,0.1,0.262,0,0,1,2
0.507,0.1,0.265,0,0,1,2
0.507,0.1,0.268,0,0,1,2
0.507,0.1,0.271,0,0,1,2
0.507,0.1,0.274,0,0,1,2
0.507,0.1,0.277,0,0,1,2
0.507,0.1,0.28,0,0,1,2
0.507,0.1,0.283,0,0,1,2
0.507,0.1,0.286,0,0,1,2
0.507,0.1,0.289,0,0,1,2
0.507,0.1,0.292,0,0,1,2
0.507,0.1,0.295,0,0,1,2
0.507,0.1,0.298,0,0,1,2
0.507,0.1,0.301,0,0,1,2
0.507,0.1,0.304,0,0,1,2
0.507,0.1,0.307,0,0,1,2
0.507,0.1,0.31,0,0,1,2
0.507,0.1,0.313,0,0,1,2
0.507,0.1,0.316,0,0,1,2
0.507,0.1,0.319,0,0,1,2
0.507,0.1,0.322,0,0,1,2
0.507,0.1,0.325,0,0,1,2
0.507,0.1,0.328,0,0,1,2
0.507,0.1,0.331,0,0,1,2
0.507,0.1,0.334,0,0,1,2
0.507,0.1,0.337,0,0,1,2
0.507,0.1,0.34,0,0,1,2
0.507,0.1,0.343,0,0,1,2
0.507,0.1,0.346,0,0,1,2
0.507,0.1,0.349,0,0,1,2
0.507,0.1,0.352,0,0,1,2
0.507,0.1,0.355,0,0,1,2
0.507,0.1,0.358,0,0,1,2
0.507,0.1,0.361,0,0,1,2
0.507,0.1,0.364,0,0,1,2
0.507,0.1,0.367,0,0,1,2
0.507,0.1,0.37,0,0,1,2
0.507,0.1,0.373,0,0,1,2
0.507,0.1,0.376,0,0,1,2
0.507,0.1,0.379,0,0,1,2
0.507,0.1,0.382,0,0,1,2
0.507,0.1,0.385,0,0,1,2
0.507,0.1,0.388,0,0,1,2
0.507,0.1,0.391,0,0,1,2
0.507,0.1,0.394,0,0,1,2
0.507,0.1,0.397,0,0,1,2
0.507,0.1,0.4,0,0,1,2
0.507,0.1,0.403,0,0,1,2
0.507,0.1,0.406,0,0,1,2
0.507,0.1,0.409,0,0,1,2
0.507,0.1,0.412,0,0,1,2
0.507,0.1,0.415,0,0,1,2
0.507,0.1,0.418,0,0,1,2
0.507,0.1,0.420999,0,0,1,2
0.507,0.1,0.423999,0,0,1,2
0.507,0.1,0.426999,0,0,1,2
0.507,0.1,0.429999,0,0,1,2
0.507,0.1,0.432999,0,0,1,2
0.507,0.1,0.435999,0,0,1,2
0.507,0.1,0.438999,0,0,1,2
0.507,0.1,0.441999,0,0,1,2
0.507,0.1,0.444999,0,0,1,2
0.507,0.1,0.447999,0,0,1,2
0.507,0.1,0.450999,0,0,1,2
0.51,0.1,0.25,0,0,1,2
0.51,0.1,0.253,0,0,1,2
0.51,0.1,0.256,0,0,1,2
0.51,0.1,0.259,0,0,1,2
0.51,0.1,0.262,0,0,1,2
0.51,0.1,0.265,0,0,1,2
0.51,0.1,0.268,0,0,1,2
0.51,0.1,0.271,0,0,1,2
0.51,0.1,0.274,0,0,1,2
0.51,0.1,0.277,0,0,1,2
0.51,0.1,0.28,0,0,1,2
0.51,0.1,0.283,0,0,1,2
0.51,0.1,0.286,0,0,1,2
0.51,0.1,0.289,0,0,1,2
0.51,0.1,0.292,0,0,1,2
0.51,0.1,0.295,0,0,1,2
0.51,0.1,0.298,0,0,1,2
0.51,0.1,0.301,0,0,1,2
0.51,0.1,0.304,0,0,1,2
0.51,0.1,0.307,0,0,1,2
0.51,0.1,0.31,0,0,1,2
0.51,0.1,0.313,0,0,1,2
0.51,0.1,0.316,0,0,1,2
0.51,0.1,0.319,0,0,1,2
0.51,0.1,0.322,0,0,1,2
0.51,0.1,0.325,0,0,1,2
0.51,0.1,0.328,0,0,1,2
0.51,0.1,0.331,0,0,1,2
0.51,0.1,0.334,0,0,1,2
0.51,0.1,0.337,0,0,1,2
0.51,0.1,0.34,0,0,1,2
0.51,0.1,0.343,0,0,1,2
0.51,0.1,0.346,0,0,1,2
0.51,0.1,0.349,0,0,1,2
0.51,0.1,0.352,0,0,1,2
0.51,0.1,0.355,0,0,1,2
0.51,0.1,0.358,0,0,1,2
0.51,0.1,0.361,0,0,1,2
0.51,0.1,0.364,0,0,1,2
0.51,0.1,0.367,0,0,1,2
0.51,0.1,0.37,0,0,1,2
0.51,0.1,0.373,0,0,1,2
0.51,0.1,0.376,0,0,1,2
0.51,0.1,0.379,0,0,1,2
0.51,0.1,0.382,0,0,1,2
0.51,0.1,0.385,0,0,1,2
0.51,0.1,0.388,0,0,1,2
0.51,0.1,0.391,0,0,1,2
0.51,0.1,0.394,0,0,1,2
0.51,0.1,0.397,0,0,1,2
0.51,0.1,0.4,0,0,1,2
0.51,0.1,0.403,0,0,1,2
0.51,0.1,0.406,0,0,1,2
0.51,0.1,0.409,0,0,1,2
0.51,0.1,0.412,0,0,1,2
0.51,0.1,0.415,0,0,1,2
0.51,0.1,0.418,0,0,1,2
0.51,0.1,0.420999,0,0,1,2
0.51,0.1,0.423999,0,0,1,2
0.51,0.1,0.426999,0,0,1,2
0.51,0.1,0.429999,0,0,1,2
0.51,0.1,0.432999,0,0,1,2
0.51,0.1,0.435999,0,0,1,2
0.51,0.1,0.438999,0,0,1,2
0.51,0.1,0.441999,0,0,1,2
0.51,0.1,0.444999,0,0,1,2
0.51,0.1,0.447999,0,0,1,2
0.51,0.1,0.450999,0,0,1,2
0.513,0.1,0.25,0,0,1,2
0.513,0.1,0.253,0,0,1,2
0.513,0.1,0.256,0,0,1,2
0.513,0.1,0.259,0,0,1,2
0.513,0.1,0.262,0,0,1,2
0.513,0.1,0.265,0,0,1,2
0.513,0.1,0.268,0,0,1,2
0.513,0.1,0.271,0,0,1,2
0.513,0.1,0.274,0,0,1,2
0.513,0.1,0.277,0,0,1,2
0.513,0.1,0.28,0,0,1,2
0.513,0.1,0.283,0,0,1,2
0.513,0.1,0.286,0,0,1,2
0.513,0.1,0.289,0,0,1,2
0.513,0.1,0.292,0,0,1,2
0.513,0.1,0.295,0,0,1,2
0.513,0.1,0.298,0,0,1,2
0.513,0.1,0.301,0,0,1,2
0.513,0.1,0.304,0,0,1,2
0.513,0.1,0.307,0,0,1,2
0.513,0.1,0.31,0,0,1,2
0.513,0.1,0.313,0,0,1,2
0.513,0.1,0.316,0,0,1,2
0.513,0.1,0.319,0,0,1,2
0.513,0.1,0.322,0,0,1,2
0.513,0.1,0.325,0,0,1,2
0.513,0.1,0.328,0,0,1,2
0.513,0.1,0.331,0,0,1,2
0.513,0.1,0.334,0,0,1,2
0.513,0.1,0.337,0,0,1,2
0.513,0.1,0.34,0,0,1,2
0.513,0.1,0.343,0,0,1,2
0.513,0.1,0.346,0,0,1,2
0.513,0.1,0.349,0,0,1,2
0.513,0.1,0.352,0,0,1,2
0.513,0.1,0.355,0,0,1,2
0.513,0.1,0.358,0,0,1,2
0.513,0.1,0.361,0,0,1,2
0.513,0.1,0.364,0,0,1,2
0.513,0.1,0.367,0,0,1,2
0.513,0.1,0.37,0,0,1,2
0.513,0.1,0.373,0,0,1,2
0.513,0.1,0.376,0,0,1,2
0.513,0.1,0.379,0,0,1,2
0.513,0.1,0.382,0,0,1,2
0.513,0.1,0.385,0,0,1,2
0.513,0.1,0.388,0,0,1,2
0.513,0.1,0.391,0,0,1,2
0.513,0.1,0.394,0,0,1,2
0.513,0.1,0.397,0,0,1,2
0.513,0.1,0.4,0,0,1,2
0.513,0.1,0.403,0,0,1,2
0.513,0.1,0.406,0,0,1,2
0.513,0.1,0.409,0,0,1,2
0.513,0.1,0.412,0,0,1,2
0.513,0.1,0.415,0,0,1,2
0.513,0.1,0.418,0,0,1,2
0.513,0.1,0.420999,0,0,1,2
0.513,0.1,0.423999,0,0,1,2
0.513,0.1,0.426999,0,0,1,2
0.513,0.1,0.429999,0,0,1,2
0.513,0.1,0.432999,0,0,1,2
0.513,0.1,0.435999,0,0,1,2
0.513,0.1,0.438999,0,0,1,2
0.513,0.1,0.441999,0,0,1,2
0.513,0.1,0.444999,0,0,1,2
0.513,0.1,0.447999,0,0,1,2
0.513,0.1,0.450999,0,0,1,2
0.516,0.1,0.25,0,0,1,2
0.516,0.1,0.253,0,0,1,2
0.516,0.1,0.256,0,0,1,2
0.516,0.1,0.259,0,0,1,2
0.516,0.1,0.262,0,0,1,2
0.516,0.1,0.265,0,0,1,2
0.516,0.1,0.268,0,0,1,2
0.516,0.1,0.271,0,0,1,2
0.516,0.1,0.274,0,0,1,2
0.516,0.1,0.277,0,0,1,2
0.516,0.1,0.28,0,0,1,2
0.516,0.1,0.283,0,0,1,2
0.516,0.1,0.286,0,0,1,2
0.516,0.1,0.289,0,0,1,2
0.516,0.1,0.292,0,0,1,2
0.516,0.1,0.295,0,0,1,2
0.516,0.1,0.298,0,0,1,2
0.516,0.1,0.301,0,0,1,2
0.516,0.1,0.304,0,0,1,2
0.516,0.1,0.307,0,0,1,2
0.516,0.1,0.31,0,0,1,2
0.516,0.1,0.313,0,0,1,2
0.516,0.1,0.316,0,0,1,2
0.516,0.1,0.319,0,0,1,2
0.516,0.1,0.322,0,0,1,2
0.516,0.1,0.325,0,0,1,2
0.516,0.1,0.328,0,0,1,2
0.516,0.1,0.331,0,0,1,2
0.516,0.1,0.334,0,0,1,2
0.516,0.1,0.337,0,0,1,2
0.516,0.1,0.34,0,0,1,2
0.516,0.1,0.343,0,0,1,2
0.516,0.1,0.346,0,0,1,2
0.516,0.1,0.349,0,0,1,2
0.516,0.1,0.352,0,0,1,2
0.516,0.1,0.355,0,0,1,2
0.516,0.1,0.358,0,0,1,2
0.516,0.1,0.361,0,0,1,2
0.516,0.1,0.364,0,0,1,2
0.516,0.1,0.367,0,0,1,2
0.516,0.1,0.37,0,0,1,2
0.516,0.1,0.373,0,0,1,2
0.516,0.1,0.376,0,0,1,2
0.516,0.1,0.379,0,0,1,2
0.516,0.1,0.382,0,0,1,2
0.516,0.1,0.385,0,0,1,2
0.516,0.1,0.388,0,0,1,2
0.516,0.1,0.391,0,0,1,2
0.516,0.1,0.394,0,0,1,2
0.516,0.1,0.397,0,0,1,2
0.516,0.1,0.4,0,0,1,2
0.516,0.1,0.403,0,0,1,2
0.516,0.1,0.406,0,0,1,2
0.516,0.1,0.409,0,0,1,2
0.516,0.1,0.412,0,0,1,2
0.516,0.1,0.415,0,0,1,2
0.516,0.1,0.418,0,0,1,2
0.516,0.1,0.420999,0,0,1,2
0.516,0.1,0.423999,0,0,1,2
0.516,0.1,0.426999,0,0,1,2
0.516,0.1,0.429999,0,0,1,2
0.516,0.1,0.432999,0,0,1,2
0.516,0.1,0.435999,0,0,1,2
0.516,0.1,0.438999,0,0,1,2
0.516,0.1,0.441999,0,0,1,2
0.516,0.1,0.444999,0,0,1,2
0.516,0.1,0.447999,0,0,1,2
0.516,0.1,0.450999,0,0,1,2
0.519,0.1,0.25,0,0,1,2
0.519,0.1,0.253,0,0,1,2
0.519,0.1,0.256,0,0,1,2
0.519,0.1,0.259,0,0,1,2
0.519,0.1,0.262,0,0,1,2
0.519,0.1,0.265,0,0,1,2
0.519,0.1,0.268,0,0,1,2
0.519,0.1,0.271,0,0,1,2
0.519,0.1,0.274,0,0,1,2
0.519,0.1,0.277,0,0,1,2
0.519,0.1,0.28,0,0,1,2
0.519,0.1,0.283,0,0,1,2
0.519,0.1,0.286,0,0,1,2
0.519,0.1,0.289,0,0,1,2
0.519,0.1,0.292,0,0,1,2
0.519,0.1,0.295,0,0,1,2
0.519,0.1,0.298,0,0,1,2
0.519,0.1,0.301,0,0,1,2
0.519,0.1,0.304,0,0,1,2
0.519,0.1,0.307,0,0,1,2
0.519,0.1,0.31,0,0,1,2
0.519,0.1,0.313,0,0,1,2
0.519,0.1,0.316,0,0,1,2
0.519,0.1,0.319,0,0,1,2
0.519,0.1,0.322,0,0,1,2
0.519,0.1,0.325,0,0,1,2
0.519,0.1,0.328,0,0,1,2
0.519,0.1,0.331,0,0,1,2
0.519,0.1,0.334,0,0,1,2
0.519,0.1,0.337,0,0,1,2
0.519,0.1,0.34,0,0,1,2
0.519,0.1,0.343,0,0,1,2
0.519,0.1,0.346,0,0,1,2
0.519,0.1,0.349,0,0,1,2
0.519,0.1,0.352,0,0,1,2
0.519,0.1,0.355,0,0,1,2
0.519,0.1,0.358,0,0,1,2
0.519,0.1,0.361,0,0,1,2
0.519,0.1,0.364,0,0,1,2
0.519,0.1,0.367,0,0,1,2
0.519,0.1,0.37,0,0,1,2
0.519,0.1,0.373,0,0,1,2
0.519,0.1,0.376,0,0,1,2
0.519,0.1,0.379,0,0,1,2
0.519,0.1,0.382,0,0,1,2
0.519,0.1,0.385,0,0,1,2
0.519,0.1,0.388,0,0,1,2
0.519,0.1,0.391,0,0,1,2
0.519,0.1,0.394,0,0,1,2
0.519,0.1,0.397,0,0,1,2
0.519,0.1,0.4,0,0,1,2
0.519,0.1,0.403,0,0,1,2
0.519,0.1,0.406,0,0,1,2
0.519,0.1,0.409,0,0,1,2
0.519,0.1,0.412,0,0,1,2
0.519,0.1,0.415,0,0,1,2
0.519,0.1,0.418,0,0,1,2
0.519,0.1,0.420999,0,0,1,2
0.519,0.1,0.423999,0,0,1,2
0.519,0.1,0.426999,0,0,1,2
0.519,0.1,0.429999,0,0,1,2
0.519,0.1,0.432999,0,0,1,2
0.519,0.1,0.435999,0,0,1,2
0.519,0.1,0.438999,0,0,1,2
0.519,0.1,0.441999,0,0,1,2
0.519,0.1,0.444999,0,0,1,2
0.519,0.1,0.447999,0,0,1,2
0.519,0.1,0.450999,0,0,1,2
0.522,0.1,0.25,0,0,1,2
0.522,0.1,0.253,0,0,1,2
0.522,0.1,0.256,0,0,1,2
0.522,0.1,0.259,0,0,1,2
0.522,0.1,0.262,0,0,1,2
0.522,0.1,0.265,0,0,1,2
0.522,0.1,0.268,0,0,1,2
0.522,0.1,0.271,0,0,1,2
0.522,0.1,0.274,0,0,1,2
0.522,0.1,0.277,0,0,1,2
0.522,0.1,0.28,0,0,1,2
0.522,0.1,0.283,0,0,1,2
0.522,0.1,0.286,0,0,1,2
0.522,0.1,0.289,0,0,1,2
0.522,0.1,0.292,0,0,1,2
0.522,0.1,0.295,0,0,1,2
0.522,0.1,0.298,0,0,1,2
0.522,0.1,0.301,0,0,1,2
0.522,0.1,0.304,0,0,1,2
0.522,0.1,0.307,0,0,1,2
0.522,0.1,0.31,0,0,1,2
0.522,0.1,0.313,0,0,1,2
0.522,0.1,0.316,0,0,1,2
0.522,0.1,0.319,0,0,1,2
0.522,0.1,0.322,0,0,1,2
0.522,0.1,0.325,0,0,1,2
0.522,0.1,0.328,0,0,1,2
0.522,0.1,0.331,0,0,1,2
0.522,0.1,0.334,0,0,1,2
0.522,0.1,0.337,0,0,1,2
0.522,0.1,0.34,0,0,1,2
0.522,0.1,0.343,0,0,1,2
0.522,0.1,0.346,0,0,1,2
0.522,0.1,0.349,0,0,1,2
0.522,0.1,0.352,0,0,1,2
0.522,0.1,0.355,0,0,1,2
0.522,0.1,0.358,0,0,1,2
0.522,0.1,0.361,0,0,1,2
0.522,0.1,0.364,0,0,1,2
0.522,0.1,0.367,0,0,1,2
0.522,0.1,0.37,0,0,1,2
0.522,0.1,0.373,0,0,1,2
0.522,0.1,0.376,0,0,1,2
0.522,0.1,0.379,0,0,1,2
0.522,0.1,0.382,0,0,1,2
0.522,0.1,0.385,0,0,1,2
0.522,0.1,0.388,0,0,1,2
0.522,0.1,0.391,0,0,1,2
0.522,0.1,0.394,0,0,1,2
0.522,0.1,0.397,0,0,1,2
0.522,0.1,0.4,0,0,1,2
0.522,0.1,0.403,0,0,1,2
0.522,0.1,0.406,0,0,1,2
0.522,0.1,0.409,0,0,1,2
0.522,0.1,0.412,0,0,1,2
0.522,0.1,0.415,0,0,1,2
0.522,0.1,0.418,0,0,1,2
0.522,0.1,0.420999,0,0,1,2
0.522,0.1,0.423999,0,0,1,2
0.522,0.1,0.426999,0,0,1,2
0.522,0.1,0.429999,0,0,1,2
0.522,0.1,0.432999,0,0,1,2
0.522,0.1,0.435999,0,0,1,2
0.522,0.1,0.438999,0,0,1,2
0.522,0.1,0.441999,0,0,1,2
0.522,0.1,0.444999,0,0,1,2
0.522,0.1,0.447999,0,0,1,2
0.522,0.1,0.450999,0,0,1,2
0.525,0.1,0.25,0,0,1,2
0.525,0.1,0.253,0,0,1,2
0.525,0.1,0.256,0,0,1,2
0.525,0.1,0.259,0,0,1,2
0.525,0.1,0.262,0,0,1,2
0.525,0.1,0.265,0,0,1,2
0.525,0.1,0.268,0,0,1,2
0.525,0.1,0.271,0,0,1,2
0.525,0.1,0.274,0,0,1,2
0.525,0.1,0.277,0,0,1,2
0.525,0.1,0.28,0,0,1,2
0.525,0.1,0.283,0,0,1,2
0.525,0.1,0.286,0,0,1,2
0.525,0.1,0.289,0,0,1,2
0.525,0.1,0.292,0,0,1,2
0.525,0.1,0.295,0,0,1,2
0.525,0.1,0.298,0,0,1,2
0.525,0.1,0.301,0,0,1,2
0.525,0.1,0.304,0,0,1,2
0.525,0.1,0.307,0,0,1,2
0.525,0.1,0.31,0,0,1,2
0.525,0.1,0.313,0,0,1,2
0.525,0.1,0.316,0,0,1,2
0.525,0.1,0.319,0,0,1,2
0.525,0.1,0.322,0,0,1,2
0.525,0.1,0.325,0,0,1,2
0.525,0.1,0.328,0,0,1,2
0.525,0.1,0.331,0,0,1,2
0.525,0.1,0.334,0,0,1,2
0.525,0.1,0.337,0,0,1,2
0.525,0.1,0.34,0,0,1,2
0.525,0.1,0.343,0,0,1,2
0.525,0.1,0.346,0,0,1,2
0.525,0.1,0.349,0,0,1,2
0.525,0.1,0.352,0,0,1,2
0.525,0.1,0.355,0,0,1,2
0.525,0.1,0.358,0,0,1,2
0.525,0.1,0.361,0,0,1,2
0.525,0.1,0.364,0,0,1,2
0.525,0.1,0.367,0,0,1,2
0.525,0.1,0.37,0,0,1,2
0.525,0.1,0.373,0,0,1,2
0.525,0.1,0.376,0,0,1,2
0.525,0.1,0.379,0,0,1,2
0.525,0.1,0.382,0,0,1,2
0.525,0.1,0.385,0,0,1,2
0.525,0.1,0.388,0,0,1,2
0.525,0.1,0.391,0,0,1,2
0.525,0.1,0.394,0,0,1,2
0.525,0.1,0.397,0,0,1,2
0.525,0.1,0.4,0,0,1,2
0.525,0.1,0.403,0,0,1,2
0.525,0.1,0.406,0,0,1,2
0.525,0.1,0.409,0,0,1,2
0.525,0.1,0.412,0,0,1,2
0.525,0.1,0.415,0,0,1,2
0.525,0.1,0.418,0,0,1,2
0.525,0.1,0.420999,0,0,1,2
0.525,0.1,0.423999,0,0,1,2
0.525,0.1,0.426999,0,0,1,2
0.525,0.1,0.429999,0,0,1,2
0.525,0.1,0.432999,0,0,1,2
0.525,0.1,0.435999,0,0,1,2
0.525,0.1,0.438999,0,0,1,2
0.525,0.1,0.441999,0,0,1,2
0.525,0.1,0.444999,0,0,1,2
0.525,0.1,0.447999,0,0,1,2
0.525,0.1,0.450999,0,0,1,2
0.528,0.1,0.25,0,0,1,2
0.528,0.1,0.253,0,0,1,2
0.528,0.1,0.256,0,0,1,2
0.528,0.1,0.259,0,0,1,2
0.528,0.1,0.262,0,0,1,2
0.528,0.1,0.265,0,0,1,2
0.528,0.1,0.268,0,0,1,2
0.528,0.1,0.271,0,0,1,2
0.528,0.1,0.274,0,0,1,2
0.528,0.1,0.277,0,0,1,2
0.528,0.1,0.28,0,0,1,2
0.528,0.1,0.283,0,0,1,2
0.528,0.1,0.286,0,0,1,2
0.528,0.1,0.289,0,0,1,2
0.528,0.1,0.292,0,0,1,2
0.528,0.1,0.295,0,0,1,2
0.528,0.1,0.298,0,0,1,2
0.528,0.1,0.301,0,0,1,2
0.528,0.1,0.304,0,0,1,2
0.528,0.1,0.307,0,0,1,2
0.528,0.1,0.31,0,0,1,2
0.528,0.1,0.313,0,0,1,2
0.528,0.1,0.316,0,0,1,2
0.528,0.1,0.319,0,0,1,2
0.528,0.1,0.322,0,0,1,2
0.528,0.1,0.325,0,0,1,2
0.528,0.1,0.328,0,0,1,2
0.528,0.1,0.331,0,0,1,2
0.528,0.1,0.334,0,0,1,2
0.528,0.1,0.337,0,0,1,2
0.528,0.1,0.34,0,0,1,2
0.528,0.1,0.343,0,0,1,2
0.528,0.1,0.346,0,0,1,2
0.528,0.1,0.349,0,0,1,2
0.528,0.1,0.352,0,0,1,2
0.528,0.1,0.355,0,0,1,2
0.528,0.1,0.358,0,0,1,2
0.528,0.1,0.361,0,0,1,2
0.528,0.1,0.364,0,0,1,2
0.528,0.1,0.367,0,0,1,2
0.528,0.1,0.37,0,0,1,2
0.528,0.1,0.373,0,0,1,2
0.528,0.1,0.376,0,0,1,2
0.528,0.1,0.379,0,0,1,2
0.528,0.1,0.382,0,0,1,2
0.528,0.1,0.385,0,0,1,2
0.528,0.1,0.388,0,0,1,2
0.528,0.1,0.391,0,0,1,2
0.528,0.1,0.394,0,0,1,2
0.528,0.1,0.397,0,0,1,2
0.528,0.1,0.4,0,0,1,2
0.528,0.1,0.403,0,0,1,2
0.528,0.1,0.406,0,0,1,2
0.528,0.1,0.409,0,0,1,2
0.528,0.1,0.412,0,0,1,2
0.528,0.1,0.415,0,0,1,2
0.528,0.1,0.418,0,0,1,2
0.528,0.1,0.420999,0,0,1,2
0.528,0.1,0.423999,0,0,1,2
0.528,0.1,0.426999,0,0,1,2
0.528,0.1,0.429999,0,0,1,2
0.528,0.1,0.432999,0,0,1,2
0.528,0.1,0.435999,0,0,1,2
0.528,0.1,0.438999,0,0,1,2
0.528,0.1,0.441999,0,0,1,2
0.528,0.1,0.444999,0,0,1,2
0.528,0.1,0.447999,0,0,1,2
0.528,0.1,0.450999,0,0,1,2
0.531,0.1,0.25,0,0,1,2
0.531,0.1,0.253,0,0,1,2
0.531,0.1,0.256,0,0,1,2
0.531,0.1,0.259,0,0,1,2
0.531,0.1,0.262,0,0,1,2
0.531,0.1,0.265,0,0,1,2
0.531,0.1,0.268,0,0,1,2
0.531,0.1,0.271,0,0,1,2
0.531,0.1,0.274,0,0,1,2
0.531,0.1,0.277,0,0,1,2
0.531,0.1,0.28,0,0,1,2
0.531,0.1,0.283,0,0,1,2
0.531,0.1,0.286,0,0,1,2
0.531,0.1,0.289,0,0,1,2
0.531,0.1,0.292,0,0,1,2
0.531,0.1,0.295,0,0,1,2
0.531,0.1,0.298,0,0,1,2
0.531,0.1,0.301,0,0,1,2
0.531,0.1,0.304,0,0,1,2
0.531,0.1,0.307,0,0,1,2
0.531,0.1,0.31,0,0,1,2
0.531,0.1,0.313,0,0,1,2
0.531,0.1,0.316,0,0,1,2
0.531,0.1,0.319,0,0,1,2
0.531,0.1,0.322,0,0,1,2
0.531,0.1,0.325,0,0,1,2
0.531,0.1,0.328,0,0,1,2
0.531,0.1,0.331,0,0,1,2
0.531,0.1,0.334,0,0,1,2
0.531,0.1,0.337,0,0,1,2
0.531,0.1,0.34,0,0,1,2
0.531,0.1,0.343,0,0,1,2
0.531,0.1,0.346,0,0,1,2
0.531,0.1,0.349,0,0,1,2
0.531,0.1,0.352,0,0,1,2
0.531,0.1,0.355,0,0,1,2
0.531,0.1,0.358,0,0,1,2
0.531,0.1,0.361,0,0,1,2
0.531,0.1,0.364,0,0,1,2
0.531,0.1,0.367,0,0,1,2
0.531,0.1,0.37,0,0,1,2
0.531,0.1,0.373,0,0,1,2
0.531,0.1,0.376,0,0,1,2
0.531,0.1,0.379,0,0,1,2
0.531,0.1,0.382,0,0,1,2
0.531,0.1,0.385,0,0,1,2
0.531,0.1,0.388,0,0,1,2
0.531,0.1,0.391,0,0,1,2
0.531,0.1,0.394,0,0,1,2
0.531,0.1,0.397,0,0,1,2
0.531,0.1,0.4,0,0,1,2
0.531,0.1,0.403,0,0,1,2
0.531,0.1,0.406,0,0,1,2
0.531,0.1,0.409,0,0,1,2
0.531,0.1,0.412,0,0,1,2
0.531,0.1,0.415,0,0,1,2
0.531,0.1,0.418,0,0,1,2
0.531,0.1,0.420999,0,0,1,2
0.531,0.1,0.423999,0,0,1,2
0.531,0.1,0.426999,0,0,1,2
0.531,0.1,0.429999,0,0,1,2
0.531,0.1,0.432999,0,0,1,2
0.531,0.1,0.435999,0,0,1,2
0.531,0.1,0.438999,0,0,1,2
0.531,0.1,0.441999,0,0,1,2
0.531,0.1,0.444999,0,0,1,2
0.531,0.1,0.447999,0,0,1,2
0.531,0.1,0.450999,0,0,1,2
0.534,0.1,0.25,0,0,1,2
0.534,0.1,0.253,0,0,1,2
0.534,0.1,0.256,0,0,1,2
0.534,0.1,0.259,0,0,1,2
0.534,0.1,0.262,0,0,1,2
0.534,0.1,0.265,0,0,1,2
0.534,0.1,0.268,0,0,1,2
0.534,0.1,0.271,0,0,1,2
0.534,0.1,0.274,0,0,1,2
0.534,0.1,0.277,0,0,1,2
0.534,0.1,0.28,0,0,1,2
0.534,0.1,0.283,0,0,1,2
0.534,0.1,0.286,0,0,1,2
0.534,0.1,0.289,0,0,1,2
0.534,0.1,0.292,0,0,1,2
0.534,0.1,0.295,0,0,1,2
0.534,0.1,0.298,0,0,1,2
0.534,0.1,0.301,0,0,1,2
0.534,0.1,0.304,0,0,1,2
0.534,0.1,0.307,0,0,1,2
0.534,0.1,0.31,0,0,1,2
0.534,0.1,0.313,0,0,1,2
0.534,0.1,0.316,0,0,1,2
0.534,0.1,0.319,0,0,1,2
0.534,0.1,0.322,0,0,1,2
0.534,0.1,0.325,0,0,1,2
0.534,0.1,0.328,0,0,1,2
0.534,0.1,0.331,0,0,1,2
0.534,0.1,0.334,0,0,1,2
0.534,0.1,0.337,0,0,1,2
0.534,0.1,0.34,0,0,1,2
0.534,0.1,0.343,0,0,1,2
0.534,0.1,0.346,0,0,1,2
0.534,0.1,0.349,0,0,1,2
0.534,0.1,0.352,0,0,1,2
0.534,0.1,0.355,0,0,1,2
0.534,0.1,0.358,0,0,1,2
0.534,0.1,0.361,0,0,1,2
0.534,0.1,0.364,0,0,1,2
0.534,0.1,0.367,0,0,1,2
0.534,0.1,0.37,0,0,1,2
0.534,0.1,0.373,0,0,1,2
0.534,0.1,0.376,0,0,1,2
0.534,0.1,0.379,0,0,1,2
0.534,0.1,0.382,0,0,1,2
0.534,0.1,0.385,0,0,1,2
0.534,0.1,0.388,0,0,1,2
0.534,0.1,0.391,0,0,1,2
0.534,0.1,0.394,0,0,1,2
0.534,0.1,0.397,0,0,1,2
0.534,0.1,0.4,0,0,1,2
0.534,0.1,0.403,0,0,1,2
0.534,0.1,0.406,0,0,1,2
0.534,0.1,0.409,0,0,1,2
0.534,0.1,0.412,0,0,1,2
0.534,0.1,0.415,0,0,1,2
0.534,0.1,0.418,0,0,1,2
0.534,0.1,0.420999,0,0,1,2
0.534,0.1,0.423999,0,0,1,2
0.534,0.1,0.426999,0,0,1,2
0.534,0.1,0.429999,0,0,1,2
0.534,0.1,0.432999,0,0,1,2
0.534,0.1,0.435999,0,0,1,2
0.534,0.1,0.438999,0,0,1,2
0.534,0.1,0.441999,0,0,1,2
0.534,0.1,0.444999,0,0,1,2
0.534,0.1,0.447999,0,0,1,2
0.534,0.1,0.450999,0,0,1,2
0.537,0.1,0.25,0,0,1,2
0.537,0.1,0.253,0,0,1,2
0.537,0.1,0.256,0,0,1,2
0.537,0.1,0.259,0,0,1,2
0.537,0.1,0.262,0,0,1,2
0.537,0.1,0.265,0,0,1,2
0.537,0.1,0.268,0,0,1,2
0.537,0.1,0.271,0,0,1,2
0.537,0.1,0.274,0,0,1,2
0.537,0.1,0.277,0,0,1,2
0.537,0.1,0.28,0,0,1,2
0.537,0.1,0.283,0,0,1,2
0.537,0.1,0.286,0,0,1,2
0.537,0.1,0.289,0,0,1,2
0.537,0.1,0.292,0,0,1,2
0.537,0.1,0.295,0,0,1,2
0.537,0.1,0.298,0,0,1,2
0.537,0.1,0.301,0,0,1,2
0.537,0.1,0.304,0,0,1,2
0.537,0.1,0.307,0,0,1,2
0.537,0.1,0.31,0,0,1,2
0.537,0.1,0.313,0,0,1,2
0.537,0.1,0.316,0,0,1,2
0.537,0.1,0.319,0,0,1,2
0.537,0.1,0.322,0,0,1,2
0.537,0.1,0.325,0,0,1,2
0.537,0.1,0.328,0,0,1,2
0.537,0.1,0.331,0,0,1,2
0.537,0.1,0.334,0,0,1,2
0.537,0.1,0.337,0,0,1,2
0.537,0.1,0.34,0,0,1,2
0.537,0.1,0.343,0,0,1,2
0.537,0.1,0.346,0,0,1,2
0.537,0.1,0.349,0,0,1,2
0.537,0.1,0.352,0,0,1,2
0.537,0.1,0.355,0,0,1,2
0.537,0.1,0.358,0,0,1,2
0.537,0.1,0.361,0,0,1,2
0.537,0.1,0.364,0,0,1,2
0.537,0.1,0.367,0,0,1,2
0.537,0.1,0.37,0,0,1,2
0.537,0.1,0.373,0,0,1,2
0.537,0.1,0.376,0,0,1,2
0.537,0.1,0.379,0,0,1,2
0.537,0.1,0.382,0,0,1,2
0.537,0.1,0.385,0,0,1,2
0.537,0.1,0.388,0,0,1,2
0.537,0.1,0.391,0,0,1,2
0.537,0.1,0.394,0,0,1,2
0.537,0.1,0.397,0,0,1,2
0.537,0.1,0.4,0,0,1,2
0.537,0.1,0.403,0,0,1,2
0.537,0.1,0.406,0,0,1,2
0.537,0.1,0.409,0,0,1,2
0.537,0.1,0.412,0,0,1,2
0.537,0.1,0.415,0,0,1,2
0.537,0.1,0.418,0,0,1,2
0.537,0.1,0.420999,0,0,1,2
0.537,0.1,0.423999,0,0,1,2
0.537,0.1,0.426999,0,0,1,2
0.537,0.1,0.429999,0,0,1,2
0.537,0.1,0.432999,0,0,1,2
0.537,0.1,0.435999,0,0,1,2
0.537,0.1,0.438999,0,0,1,2
0.537,0.1,0.441999,0,0,1,2
0.537,0.1,0.444999,0,0,1,2
0.537,0.1,0.447999,0,0,1,2
0.537,0.1,0.450999,0,0,1,2
0.54,0.1,0.25,0,0,1,2
0.54,0.1,0.253,0,0,1,2
0.54,0.1,0.256,0,0,1,2
0.54,0.1,0.259,0,0,1,2
0.54,0.1,0.262,0,0,1,2
0.54,0.1,0.265,0,0,1,2
0.54,0.1,0.268,0,0,1,2
0.54,0.1,0.271,0,0,1,2
0.54,0.1,0.274,0,0,1,2
0.54,0.1,0.277,0,0,1,2
0.54,0.1,0.28,0,0,1,2
0.54,0.1,0.283,0,0,1,2
0.54,0.1,0.286,0,0,1,2
0.54,0.1,0.289,0,0,1,2
0.54,0.1,0.292,0,0,1,2
0.54,0.1,0.295,0,0,1,2
0.54,0.1,0.298,0,0,1,2
0.54,0.1,0.301,0,0,1,2
0.54,0.1,0.304,0,0,1,2
0.54,0.1,0.307,0,0,1,2
0.54,0.1,0.31,0,0,1,2
0.54,0.1,0.313,0,0,1,2
0.54,0.1,0.316,0,0,1,2
0.54,0.1,0.319,0,0,1,2
0.54,0.1,0.322,0,0,1,2
0.54,0.1,0.325,0,0,1,2
0.54,0.1,0.328,0,0,1,2
0.54,0.1,0.331,0,0,1,2
0.54,0.1,0.334,0,0,1,2
0.54,0.1,0.337,0,0,1,2
0.54,0.1,0.34,0,0,1,2
0.54,0.1,0.343,0,0,1,2
0.54,0.1,0.346,0,0,1,2
0.54,0.1,0.349,0,0,1,2
0.54,0.1,0.352,0,0,1,2
0.54,0.1,0.355,0,0,1,2
0.54,0.1,0.358,0,0,1,2
0.54,0.1,0.361,0,0,1,2
0.54,0.1,0.364,0,0,1,2
0.54,0.1,0.367,0,0,1,2
0.54,0.1,0.37,0,0,1,2
0.54,0.1,0.373,0,0,1,2
0.54,0.1,0.376,0,0,1,2
0.54,0.1,0.379,0,0,1,2
0.54,0.1,0.382,0,0,1,2
0.54,0.1,0.385,0,0,1,2
0.54,0.1,0.388,0,0,1,2
0.54,0.1,0.391,0,0,1,2
0.54,0.1,0.394,0,0,1,2
0.54,0.1,0.397,0,0,1,2
0.54,0.1,0.4,0,0,1,2
0.54,0.1,0.403,0,0,1,2
0.54,0.1,0.406,0,0,1,2
0.54,0.1,0.409,0,0,1,2
0.54,0.1,0.412,0,0,1,2
0.54,0.1,0.415,0,0,1,2
0.54,0.1,0.418,0,0,1,2
0.54,0.1,0.420999,0,0,1,2
0.54,0.1,0.423999,0,0,1,2
0.54,0.1,0.426999,0,0,1,2
0.54,0.1,0.429999,0,0,1,2
0.54,0.1,0.432999,0,0,1,2
0.54,0.1,0.435999,0,0,1,2
0.54,0.1,0.438999,0,0,1,2
0.54,0.1,0.441999,0,0,1,2
0.54,0.1,0.444999,0,0,1,2
0.54,0.1,0.447999,0,0,1,2
0.54,0.1,0.450999,0,0,1,2
0.543,0.1,0.25,0,0,1,2
0.543,0.1,0.253,0,0,1,2
0.543,0.1,0.256,0,0,1,2
0.543,0.1,0.259,0,0,1,2
0.543,0.1,0.262,0,0,1,2
0.543,0.1,0.265,0,0,1,2
0.543,0.1,0.268,0,0,1,2
0.543,0.1,0.271,0,0,1,2
0.543,0.1,0.274,0,0,1,2
0.543,0.1,0.277,0,0,1,2
0.543,0.1,0.28,0,0,1,2
0.543,0.1,0.283,0,0,1,2
0.543,0.1,0.286,0,0,1,2
0.543,0.1,0.289,0,0,1,2
0.543,0.1,0.292,0,0,1,2
0.543,0.1,0.295,0,0,1,2
0.543,0.1,0.298,0,0,1,2
0.543,0.1,0.301,0,0,1,2
0.543,0.1,0.304,0,0,1,2
0.543,0.1,0.307,0,0,1,2
0.543,0.1,0.31,0,0,1,2
0.543,0.1,0.313,0,0,1,2
0.543,0.1,0.316,0,0,1,2
0.543,0.1,0.319,0,0,1,2
0.543,0.1,0.322,0,0,1,2
0.543,0.1,0.325,0,0,1,2
0.543,0.1,0.328,0,0,1,2
0.543,0.1,0.331,0,0,1,2
0.543,0.1,0.334,0,0,1,2
0.543,0.1,0.337,0,0,1,2
0.543,0.1,0.34,0,0,1,2
0.543,0.1,0.343,0,0,1,2
0.543,0.1,0.346,0,0,1,2
0.543,0.1,0.349,0,0,1,2
0.543,0.1,0.352,0,0,1,2
0.543,0.1,0.355,0,0,1,2
0.543,0.1,0.358,0,0,1,2
0.543,0.1,0.361,0,0,1,2
0.543,0.1,0.364,0,0,1,2
0.543,0.1,0.367,0,0,1,2
0.543,0.1,0.37,0,0,1,2
0.543,0.1,0.373,0,0,1,2
0.543,0.1,0.376,0,0,1,2
0.543,0.1,0.379,0,0,1,2
0.543,0.1,0.382,0,0,1,2
0.543,0.1,0.385,0,0,1,2
0.543,0.1,0.388,0,0,1,2
0.543,0.1,0.391,0,0,1,2
0.543,0.1,0.394,0,0,1,2
0.543,0.1,0.397,0,0,1,2
0.543,0.1,0.4,0,0,1,2
0.543,0.1,0.403,0,0,1,2
0.543,0.1,0.406,0,0,1,2
0.543,0.1,0.409,0,0,1,2
0.543,0.1,0.412,0,0,1,2
0.543,0.1,0.415,0,0,1,2
0.543,0.1,0.418,0,0,1,2
0.543,0.1,0.420999,0,0,1,2
0.543,0.1,0.423999,0,0,1,2
0.543,0.1,0.426999,0,0,1,2
0.543,0.1,0.429999,0,0,1,2
0.543,0.1,0.432999,0,0,1,2
0.543,0.1,0.435999,0,0,1,2
0.543,0.1,0.438999,0,0,1,2
0.543,0.1,0.441999,0,0,1,2
0.543,0.1,0.444999,0,0,1,2
0.543,0.1,0.447999,0,0,1,2
0.543,0.1,0.450999,0,0,1,2
0.546,0.1,0.25,0,0,1,2
0.546,0.1,0.253,0,0,1,2
0.546,0.1,0.256,0,0,1,2
0.546,0.1,0.259,0,0,1,2
0.546,0.1,0.262,0,0,1,2
0.546,0.1,0.265,0,0,1,2
0.546,0.1,0.268,0,0,1,2
0.546,0.1,0.271,0,0,1,2
0.546,0.1,0.274,0,0,1,2
0.546,0.1,0.277,0,0,1,2
0.546,0.1,0.28,0,0,1,2
0.546,0.1,0.283,0,0,1,2
0.546,0.1,0.286,0,0,1,2
0.546,0.1,0.289,0,0,1,2
0.546,0.1,0.292,0,0,1,2
0.546,0.1,0.295,0,0,1,2
0.546,0.1,0.298,0,0,1,2
0.546,0.1,0.301,0,0,1,2
0.546,0.1,0.304,0,0,1,2
0.546,0.1,0.307,0,0,1,2
0.546,0.1,0.31,0,0,1,2
0.546,0.1,0.313,0,0,1,2
0.546,0.1,0.316,0,0,1,2
0.546,0.1,0.319,0,0,1,2
0.546,0.1,0.322,0,0,1,2
0.546,0.1,0.325,0,0,1,2
0.546,0.1,0.328,0,0,1,2
0.546,0.1,0.331,0,0,1,2
0.546,0.1,0.334,0,0,1,2
0.546,0.1,0.337,0,0,1,2
0.546,0.1,0.34,0,0,1,2
0.546,0.1,0.343,0,0,1,2
0.546,0.1,0.346,0,0,1,2
0.546,0.1,0.349,0,0,1,2
0.546,0.1,0.352,0,0,1,2
0.546,0.1,0.355,0,0,1,2
0.546,0.1,0.358,0,0,1,2
0.546,0.1,0.361,0,0,1,2
0.546,0.1,0.364,0,0,1,2
0.546,0.1,0.367,0,0,1,2
0.546,0.1,0.37,0,0,1,2
0.546,0.1,0.373,0,0,1,2
0.546,0.1,0.376,0,0,1,2
0.546,0.1,0.379,0,0,1,2
0.546,0.1,0.382,0,0,1,2
0.546,0.1,0.385,0,0,1,2
0.546,0.1,0.388,0,0,1,2
0.546,0.1,0.391,0,0,1,2
0.546,0.1,0.394,0,0,1,2
0.546,0.1,0.397,0,0,1,2
0.546,0.1,0.4,0,0,1,2
0.546,0.1,0.403,0,0,1,2
0.546,0.1,0.406,0,0,1,2
0.546,0.1,0.409,0,0,1,2
0.546,0.1,0.412,0,0,1,2
0.546,0.1,0.415,0,0,1,2
0.546,0.1,0.418,0,0,1,2
0.546,0.1,0.420999,0,0,1,2
0.546,0.1,0.423999,0,0,1,2
0.546,0.1,0.426999,0,0,1,2
0.546,0.1,0.429999,0,0,1,2
0.546,0.1,0.432999,0,0,1,2
0.546,0.1,0.435999,0,0,1,2
0.546,0.1,0.438999,0,0,1,2
0.546,0.1,0.441999,0,0,1,2
0.546,0.1,0.444999,0,0,1,2
0.546,0.1,0.447999,0,0,1,2
0.546,0.1,0.450999,0,0,1,2
0.549,0.1,0.25,0,0,1,2
0.549,0.1,0.253,0,0,1,2
0.549,0.1,0.256,0,0,1,2
0.549,0.1,0.259,0,0,1,2
0.549,0.1,0.262,0,0,1,2
0.549,0.1,0.265,0,0,1,2
0.549,0.1,0.268,0,0,1,2
0.549,0.1,0.271,0,0,1,2
0.549,0.1,0.274,0,0,1,2
0.549,0.1,0.277,0,0,1,2
0.549,0.1,0.28,0,0,1,2
0.549,0.1,0.283,0,0,1,2
0.549,0.1,0.286,0,0,1,2
0.549,0.1,0.289,0,0,1,2
0.549,0.1,0.292,0,0,1,2
0.549,0.1,0.295,0,0,1,2
0.549,0.1,0.298,0,0,1,2
0.549,0.1,0.301,0,0,1,2
0.549,0.1,0.304,0,0,1,2
0.549,0.1,0.307,0,0,1,2
0.549,0.1,0.31,0,0,1,2
0.549,0.1,0.313,0,0,1,2
0.549,0.1,0.316,0,0,1,2
0.549,0.1,0.319,0,0,1,2
0.549,0.1,0.322,0,0,1,2
0.549,0.1,0.325,0,0,1,2
0.549,0.1,0.328,0,0,1,2
0.549,0.1,0.331,0,0,1,2
0.549,0.1,0.334,0,0,1,2
0.549,0.1,0.337,0,0,1,2
0.549,0.1,0.34,0,0,1,2
0.549,0.1,0.343,0,0,1,2
0.549,0.1,0.346,0,0,1,2
0.549,0.1,0.349,0,0,1,2
0.549,0.1,0.352,0,0,1,2
0.549,0.1,0.355,0,0,1,2
0.549,0.1,0.358,0,0,1,2
0.549,0.1,0.361,0,0,1,2
0.549,0.1,0.364,0,0,1,2
0.549,0.1,0.367,0,0,1,2
0.549,0.1,0.37,0,0,1,2
0.549,0.1,0.373,0,0,1,2
0.549,0.1,0.376,0,0,1,2
0.549,0.1,0.379,0,0,1,2
0.549,0.1,0.382,0,0,1,2
0.549,0.1,0.385,0,0,1,2
0.549,0.1,0.388,0,0,1,2
0.549,0.1,0.391,0,0,1,2
0.549,0.1,0.394,0,0,1,2
0.549,0.1,0.397,0,0,1,2
0.549,0.1,0.4,0,0,1,2
0.549,0.1,0.403,0,0,1,2
0.549,0.1,0.406,0,0,1,2
0.549,0.1,0.409,0,0,1,2
0.549,0.1,0.412,0,0,1,2
0.549,0.1,0.415,0,0,1,2
0.549,0.1,0.418,0,0,1,2
0.549,0.1,0.420999,0,0,1,2
0.549,0.1,0.423999,0,0,1,2
0.549,0.1,0.426999,0,0,1,2
0.549,0.1,0.429999,0,0,1,2
0.549,0.1,0.432999,0,0,1,2
0.549,0.1,0.435999,0,0,1,2
0.549,0.1,0.438999,0,0,1,2
0.549,0.1,0.441999,0,0,1,2
0.549,0.1,0.444999,0,0,1,2
0.549,0.1,0.447999,0,0,1,2
0.549,0.1,0.450999,0,0,1,2
0.552,0.1,0.25,0,0,1,2
0.552,0.1,0.253,0,0,1,2
0.552,0.1,0.256,0,0,1,2
0.552,0.1,0.259,0,0,1,2
0.552,0.1,0.262,0,0,1,2
0.552,0.1,0.265,0,0,1,2
0.552,0.1,0.268,0,0,1,2
0.552,0.1,0.271,0,0,1,2
0.552,0.1,0.274,0,0,1,2
0.552,0.1,0.277,0,0,1,2
0.552,0.1,0.28,0,0,1,2
0.552,0.1,0.283,0,0,1,2
0.552,0.1,0.286,0,0,1,2
0.552,0.1,0.289,0,0,1,2
0.552,0.1,0.292,0,0,1,2
0.552,0.1,0.295,0,0,1,2
0.552,0.1,0.298,0,0,1,2
0.552,0.1,0.301,0,0,1,2
0.552,0.1,0.304,0,0,1,2
0.552,0.1,0.307,0,0,1,2
0.552,0.1,0.31,0,0,1,2
0.552,0.1,0.313,0,0,1,2
0.552,0.1,0.316,0,0,1,2
0.552,0.1,0.319,0,0,1,2
0.552,0.1,0.322,0,0,1,2
0.552,0.1,0.325,0,0,1,2
0.552,0.1,0.328,0,0,1,2
0.552,0.1,0.331,0,0,1,2
0.552,0.1,0.334,0,0,1,2
0.552,0.1,0.337,0,0,1,2
0.552,0.1,0.34,0,0,1,2
0.552,0.1,0.343,0,0,1,2
0.552,0.1,0.346,0,0,1,2
0.552,0.1,0.349,0,0,1,2
0.552,0.1,0.352,0,0,1,2
0.552,0.1,0.355,0,0,1,2
0.552,0.1,0.358,0,0,1,2
0.552,0.1,0.361,0,0,1,2
0.552,0.1,0.364,0,0,1,2
0.552,0.1,0.367,0,0,1,2
0.552,0.1,0.37,0,0,1,2
0.552,0.1,0.373,0,0,1,2
0.552,0.1,0.376,0,0,1,2
0.552,0.1,0.379,0,0,1,2
0.552,0.1,0.382,0,0,1,2
0.552,0.1,0.385,0,0,1,2
0.552,0.1,0.388,0,0,1,2
0.552,0.1,0.391,0,0,1,2
0.552,0.1,0.394,0,0,1,2
0.552,0.1,0.397,0,0,1,2
0.552,0.1,0.4,0,0,1,2
0.552,0.1,0.403,0,0,1,2
0.552,0.1,0.406,0,0,1,2
0.552,0.1,0.409,0,0,1,2
0.552,0.1,0.412,0,0,1,2
0.552,0.1,0.415,0,0,1,2
0.552,0.1,0.418,0,0,1,2
0.552,0.1,0.420999,0,0,1,2
0.552,0.1,0.423999,0,0,1,2
0.552,0.1,0.426999,0,0,1,2
0.552,0.1,0.429999,0,0,1,2
0.552,0.1,0.432999,0,0,1,2
0.552,0.1,0.435999,0,0,1,2
0.552,0.1,0.438999,0,0,1,2
0.552,0.1,0.441999,0,0,1,2
0.552,0.1,0.444999,0,0,1,2
0.552,0.1,0.447999,0,0,1,2
0.552,0.1,0.450999,0,0,1,2
0.555,0.1,0.25,0,0,1,2
0.555,0.1,0.253,0,0,1,2
0.555,0.1,0.256,0,0,1,2
0.555,0.1,0.259,0,0,1,2
0.555,0.1,0.262,0,0,1,2
0.555,0.1,0.265,0,0,1,2
0.555,0.1,0.268,0,0,1,2
0.555,0.1,0.271,0,0,1,2
0.555,0.1,0.274,0,0,1,2
0.555,0.1,0.277,0,0,1,2
0.555,0.1,0.28,0,0,1,2
0.555,0.1,0.283,0,0,1,2
0.555,0.1,0.286,0,0,1,2
0.555,0.1,0.289,0,0,1,2
0.555,0.1,0.292,0,0,1,2
0.555,0.1,0.295,0,0,1,2
0.555,0.1,0.298,0,0,1,2
0.555,0.1,0.301,0,0,1,2
0.555,0.1,0.304,0,0,1,2
0.555,0.1,0.307,0,0,1,2
0.555,0.1,0.31,0,0,1,2
0.555,0.1,0.313,0,0,1,2
0.555,0.1,0.316,0,0,1,2
0.555,0.1,0.319,0,0,1,2
0.555,0.1,0.322,0,0,1,2
0.555,0.1,0.325,0,0,1,2
0.555,0.1,0.328,0,0,1,2
0.555,0.1,0.331,0,0,1,2
0.555,0.1,0.334,0,0,1,2
0.555,0.1,0.337,0,0,1,2
0.555,0.1,0.34,0,0,1,2
0.555,0.1,0.343,0,0,1,2
0.555,0.1,0.346,0,0,1,2
0.555,0.1,0.349,0,0,1,2
0.555,0.1,0.352,0,0,1,2
0.555,0.1,0.355,0,0,1,2
0.555,0.1,0.358,0,0,1,2
0.555,0.1,0.361,0,0,1,2
0.555,0.1,0.364,0,0,1,2
0.555,0.1,0.367,0,0,1,2
0.555,0.1,0.37,0,0,1,2
0.555,0.1,0.373,0,0,1,2
0.555,0.1,0.376,0,0,1,2
0.555,0.1,0.379,0,0,1,2
0.555,0.1,0.382,0,0,1,2
0.555,0.1,0.385,0,0,1,2
0.555,0.1,0.388,0,0,1,2
0.555,0.1,0.391,0,0,1,2
0.555,0.1,0.394,0,0,1,2
0.555,0.1,0.397,0,0,1,2
0.555,0.1,0.4,0,0,1,2
0.555,0.1,0.403,0,0,1,2
0.555,0.1,0.406,0,0,1,2
0.555,0.1,0.409,0,0,1,2
0.555,0.1,0.412,0,0,1,2
0.555,0.1,0.415,0,0,1,2
0.555,0.1,0.418,0,0,1,2
0.555,0.1,0.420999,0,0,1,2
0.555,0.1,0.423999,0,0,1,2
0.555,0.1,0.426999,0,0,1,2
0.555,0.1,0.429999,0,0,1,2
0.555,0.1,0.432999,0,0,1,2
0.555,0.1,0.435999,0,0,1,2
0.555,0.1,0.438999,0,0,1,2
0.555,0.1,0.441999,0,0,1,2
0.555,0.1,0.444999,0,0,1,2
0.555,0.1,0.447999,0,0,1,2
0.555,0.1,0.450999,0,0,1,2
0.558,0.1,0.25,0,0,1,2
0.558,0.1,0.253,0,0,1,2
0.558,0.1,0.256,0,0,1,2
0.558,0.1,0.259,0,0,1,2
0.558,0.1,0.262,0,0,1,2
0.558,0.1,0.265,0,0,1,2
0.558,0.1,0.268,0,0,1,2
0.558,0.1,0.271,0,0,1,2
0.558,0.1,0.274,0,0,1,2
0.558,0.1,0.277,0,0,1,2
0.558,0.1,0.28,0,0,1,2
0.558,0.1,0.283,0,0,1,2
0.558,0.1,0.286,0,0,1,2
0.558,0.1,0.289,0,0,1,2
0.558,0.1,0.292,0,0,1,2
0.558,0.1,0.295,0,0,1,2
0.558,0.1,0.298,0,0,1,2
0.558,0.1,0.301,0,0,1,2
0.558,0.1,0.304,0,0,1,2
0.558,0.1,0.307,0,0,1,2
0.558,0.1,0.31,0,0,1,2
0.558,0.1,0.313,0,0,1,2
0.558,0.1,0.316,0,0,1,2
0.558,0.1,0.319,0,0,1,2
0.558,0.1,0.322,0,0,1,2
0.558,0.1,0.325,0,0,1,2
0.558,0.1,0.328,0,0,1,2
0.558,0.1,0.331,0,0,1,2
0.558,0.1,0.334,0,0,1,2
0.558,0.1,0.337,0,0,1,2
0.558,0.1,0.34,0,0,1,2
0.558,0.1,0.343,0,0,1,2
0.558,0.1,0.346,0,0,1,2
0.558,0.1,0.349,0,0,1,2
0.558,0.1,0.352,0,0,1,2
0.558,0.1,0.355,0,0,1,2
0.558,0.1,0.358,0,0,1,2
0.558,0.1,0.361,0,0,1,2
0.558,0.1,0.364,0,0,1,2
0.558,0.1,0.367,0,0,1,2
0.558,0.1,0.37,0,0,1,2
0.558,0.1,0.373,0,0,1,2
0.558,0.1,0.376,0,0,1,2
0.558,0.1,0.379,0,0,1,2
0.558,0.1,0.382,0,0,1,2
0.558,0.1,0.385,0,0,1,2
0.558,0.1,0.388,0,0,1,2
0.558,0.1,0.391,0,0,1,2
0.558,0.1,0.394,0,0,1,2
0.558,0.1,0.397,0,0,1,2
0.558,0.1,0.4,0,0,1,2
0.558,0.1,0.403,0,0,1,2
0.558,0.1,0.406,0,0,1,2
0.558,0.1,0.409,0,0,1,2
0.558,0.1,0.412,0,0,1,2
0.558,0.1,0.415,0,0,1,2
0.558,0.1,0.418,0,0,1,2
0.558,0.1,0.420999,0,0,1,2
0.558,0.1,0.423999,0,0,1,2
0.558,0.1,0.426999,0,0,1,2
0.558,0.1,0.429999,0,0,1,2
0.558,0.1,0.432999,0,0,1,2
0.558,0.1,0.435999,0,0,1,2
0.558,0.1,0.438999,0,0,1,2
0.558,0.1,0.441999,0,0,1,2
0.558,0.1,0.444999,0,0,1,2
0.558,0.1,0.447999,0,0,1,2
0.558,0.1,0.450999,0,0,1,2
0.561,0.1,0.25,0,0,1,2
0.561,0.1,0.253,0,0,1,2
0.561,0.1,0.256,0,0,1,2
0.561,0.1,0.259,0,0,1,2
0.561,0.1,0.262,0,0,1,2
0.561,0.1,0.265,0,0,1,2
0.561,0.1,0.268,0,0,1,2
0.561,0.1,0.271,0,0,1,2
0.561,0.1,0.274,0,0,1,2
0.561,0.1,0.277,0,0,1,2
0.561,0.1,0.28,0,0,1,2
0.561,0.1,0.283,0,0,1,2
0.561,0.1,0.286,0,0,1,2
0.561,0.1,0.289,0,0,1,2
0.561,0.1,0.292,0,0,1,2
0.561,0.1,0.295,0,0,1,2
0.561,0.1,0.298,0,0,1,2
0.561,0.1,0.301,0,0,1,2
0.561,0.1,0.304,0,0,1,2
0.561,0.1,0.307,0,0,1,2
0.561,0.1,0.31,0,0,1,2
0.561,0.1,0.313,0,0,1,2
0.561,0.1,0.316,0,0,1,2
0.561,0.1,0.319,0,0,1,2
0.561,0.1,0.322,0,0,1,2
0.561,0.1,0.325,0,0,1,2
0.561,0.1,0.328,0,0,1,2
0.561,0.1,0.331,0,0,1,2
0.561,0.1,0.334,0,0,1,2
0.561,0.1,0.337,0,0,1,2
0.561,0.1,0.34,0,0,1,2
0.561,0.1,0.343,0,0,1,2
0.561,0.1,0.346,0,0,1,2
0.561,0.1,0.349,0,0,1,2
0.561,0.1,0.352,0,0,1,2
0.561,0.1,0.355,0,0,1,2
0.561,0.1,0.358,0,0,1,2
0.561,0.1,0.361,0,0,1,2
0.561,0.1,0.364,0,0,1,2
0.561,0.1,0.367,0,0,1,2
0.561,0.1,0.37,0,0,1,2
0.561,0.1,0.373,0,0,1,2
0.561,0.1,0.376,0,0,1,2
0.561,0.1,0.379,0,0,1,2
0.561,0.1,0.382,0,0,1,2
0.561,0.1,0.385,0,0,1,2
0.561,0.1,0.388,0,0,1,2
0.561,0.1,0.391,0,0,1,2
0.561,0.1,0.394,0,0,1,2
0.561,0.1,0.397,0,0,1,2
0.561,0.1,0.4,0,0,1,2
0.561,0.1,0.403,0,0,1,2
0.561,0.1,0.406,0,0,1,2
0.561,0.1,0.409,0,0,1,2
0.561,0.1,0.412,0,0,1,2
0.561,0.1,0.415,0,0,1,2
0.561,0.1,0.418,0,0,1,2
0.561,0.1,0.420999,0,0,1,2
0.561,0.1,0.423999,0,0,1,2
0.561,0.1,0.426999,0,0,1,2
0.561,0.1,0.429999,0,0,1,2
0.561,0.1,0.432999,0,0,1,2
0.561,0.1,0.435999,0,0,1,2
0.561,0.1,0.438999,0,0,1,2
0.561,0.1,0.441999,0,0,1,2
0.561,0.1,0.444999,0,0,1,2
0.561,0.1,0.447999,0,0,1,2
0.561,0.1,0.450999,0,0,1,2
0.564,0.1,0.25,0,0,1,2
0.564,0.1,0.253,0,0,1,2
0.564,0.1,0.256,0,0,1,2
0.564,0.1,0.259,0,0,1,2
0.564,0.1,0.262,0,0,1,2
0.564,0.1,0.265,0,0,1,2
0.564,0.1,0.268,0,0,1,2
0.564,0.1,0.271,0,0,1,2
0.564,0.1,0.274,0,0,1,2
0.564,0.1,0.277,0,0,1,2
0.564,0.1,0.28,0,0,1,2
0.564,0.1,0.283,0,0,1,2
0.564,0.1,0.286,0,0,1,2
0.564,0.1,0.289,0,0,1,2
0.564,0.1,0.292,0,0,1,2
0.564,0.1,0.295,0,0,1,2
0.564,0.1,0.298,0,0,1,2
0.564,0.1,0.301,0,0,1,2
0.564,0.1,0.304,0,0,1,2
0.564,0.1,0.307,0,0,1,2
0.564,0.1,0.31,0,0,1,2
0.564,0.1,0.313,0,0,1,2
0.564,0.1,0.316,0,0,1,2
0.564,0.1,0.319,0,0,1,2
0.564,0.1,0.322,0,0,1,2
0.564,0.1,0.325,0,0,1,2
0.564,0.1,0.328,0,0,1,2
0.564,0.1,0.331,0,0,1,2
0.564,0.1,0.334,0,0,1,2
0.564,0.1,0.337,0,0,1,2
0.564,0.1,0.34,0,0,1,2
0.564,0.1,0.343,0,0,1,2
0.564,0.1,0.346,0,0,1,2
0.564,0.1,0.349,0,0,1,2
0.564,0.1,0.352,0,0,1,2
0.564,0.1,0.355,0,0,1,2
0.564,0.1,0.358,0,0,1,2
0.564,0.1,0.361,0,0,1,2
0.564,0.1,0.364,0,0,1,2
0.564,0.1,0.367,0,0,1,2
0.564,0.1,0.37,0,0,1,2
0.564,0.1,0.373,0,0,1,2
0.564,0.1,0.376,0,0,1,2
0.564,0.1,0.379,0,0,1,2
0.564,0.1,0.382,0,0,1,2
0.564,0.1,0.385,0,0,1,2
0.564,0.1,0.388,0,0,1,2
0.564,0.1,0.391,0,0,1,2
0.564,0.1,0.394,0,0,1,2
0.564,0.1,0.397,0,0,1,2
0.564,0.1,0.4,0,0,1,2
0.564,0.1,0.403,0,0,1,2
0.564,0.1,0.406,0,0,1,2
0.564,0.1,0.409,0,0,1,2
0.564,0.1,0.412,0,0,1,2
0.564,0.1,0.415,0,0,1,2
0.564,0.1,0.418,0,0,1,2
0.564,0.1,0.420999,0,0,1,2
0.564,0.1,0.423999,0,0,1,2
0.564,0.1,0.426999,0,0,1,2
0.564,0.1,0.429999,0,0,1,2
0.564,0.1,0.432999,0,0,1,2
0.564,0.1,0.435999,0,0,1,2
0.564,0.1,0.438999,0,0,1,2
0.564,0.1,0.441999,0,0,1,2
0.564,0.1,0.444999,0,0,1,2
0.564,0.1,0.447999,0,0,1,2
0.564,0.1,0.450999,0,0,1,2
0.567,0.1,0.25,0,0,1,2
0.567,0.1,0.253,0,0,1,2
0.567,0.1,0.256,0,0,1,2
0.567,0.1,0.259,0,0,1,2
0.567,0.1,0.262,0,0,1,2
0.567,0.1,0.265,0,0,1,2
0.567,0.1,0.268,0,0,1,2
0.567,0.1,0.271,0,0,1,2
0.567,0.1,0.274,0,0,1,2
0.567,0.1,0.277,0,0,1,2
0.567,0.1,0.28,0,0,1,2
0.567,0.1,0.283,0,0,1,2
0.567,0.1,0.286,0,0,1,2
0.567,0.1,0.289,0,0,1,2
0.567,0.1,0.292,0,0,1,2
0.567,0.1,0.295,0,0,1,2
0.567,0.1,0.298,0,0,1,2
0.567,0.1,0.301,0,0,1,2
0.567,0.1,0.304,0,0,1,2
0.567,0.1,0.307,0,0,1,2
0.567,0.1,0.31,0,0,1,2
0.567,0.1,0.313,0,0,1,2
0.567,0.1,0.316,0,0,1,2
0.567,0.1,0.319,0,0,1,2
0.567,0.1,0.322,0,0,1,2
0.567,0.1,0.325,0,0,1,2
0.567,0.1,0.328,0,0,1,2
0.567,0.1,0.331,0,0,1,2
0.567,0.1,0.334,0,0,1,2
0.567,0.1,0.337,0,0,1,2
0.567,0.1,0.34,0,0,1,2
0.567,0.1,0.343,0,0,1,2
0.567,0.1,0.346,0,0,1,2
0.567,0.1,0.349,0,0,1,2
0.567,0.1,0.352,0,0,1,2
0.567,0.1,0.355,0,0,1,2
0.567,0.1,0.358,0,0,1,2
0.567,0.1,0.361,0,0,1,2
0.567,0.1,0.364,0,0,1,2
0.567,0.1,0.367,0,0,1,2
0.567,0.1,0.37,0,0,1,2
0.567,0.1,0.373,0,0,1,2
0.567,0.1,0.376,0,0,1,2
0.567,0.1,0.379,0,0,1,2
0.567,0.1,0.382,0,0,1,2
0.567,0.1,0.385,0,0,1,2
0.567,0.1,0.388,0,0,1,2
0.567,0.1,0.391,0,0,1,2
0.567,0.1,0.394,0,0,1,2
0.567,0.1,0.397,0,0,1,2
0.567,0.1,0.4,0,0,1,2
0.567,0.1,0.403,0,0,1,2
0.567,0.1,0.406,0,0,1,2
0.567,0.1,0.409,0,0,1,2
0.567,0.1,0.412,0,0,1,2
0.567,0.1,0.415,0,0,1,2
0.567,0.1,0.418,0,0,1,2
0.567,0.1,0.420999,0,0,1,2
0.567,0.1,0.423999,0,0,1,2
0.567,0.1,0.426999,0,0,1,2
0.567,0.1,0.429999,0,0,1,2
0.567,0.1,0.432999,0,0,1,2
0.567,0.1,0.435999,0,0,1,2
0.567,0.1,0.438999,0,0,1,2
0.567,0.1,0.441999,0,0,1,2
0.567,0.1,0.444999,0,0,1,2
0.567,0.1,0.447999,0,0,1,2
0.567,0.1,0.450999,0,0,1,2
0.57,0.1,0.25,0,0,1,2
0.57,0.1,0.253,0,0,1,2
0.57,0.1,0.256,0,0,1,2
0.57,0.1,0.259,0,0,1,2
0.57,0.1,0.262,0,0,1,2
0.57,0.1,0.265,0,0,1,2
0.57,0.1,0.268,0,0,1,2
0.57,0.1,0.271,0,0,1,2
0.57,0.1,0.274,0,0,1,2
0.57,0.1,0.277,0,0,1,2
0.57,0.1,0.28,0,0,1,2
0.57,0.1,0.283,0,0,1,2
0.57,0.1,0.286,0,0,1,2
0.57,0.1,0.289,0,0,1,2
0.57,0.1,0.292,0,0,1,2
0.57,0.1,0.295,0,0,1,2
0.57,0.1,0.298,0,0,1,2
0.57,0.1,0.301,0,0,1,2
0.57,0.1,0.304,0,0,1,2
0.57,0.1,0.307,0,0,1,2
0.57,0.1,0.31,0,0,1,2
0.57,0.1,0.313,0,0,1,2
0.57,0.1,0.316,0,0,1,2
0.57,0.1,0.319,0,0,1,2
0.57,0.1,0.322,0,0,1,2
0.57,0.1,0.325,0,0,1,2
0.57,0.1,0.328,0,0,1,2
0.57,0.1,0.331,0,0,1,2
0.57,0.1,0.334,0,0,1,2
0.57,0.1,0.337,0,0,1,2
0.57,0.1,0.34,0,0,1,2
0.57,0.1,0.343,0,0,1,2
0.57,0.1,0.346,0,0,1,2
0.57,0.1,0.349,0,0,1,2
0.57,0.1,0.352,0,0,1,2
0.57,0.1,0.355,0,0,1,2
0.57,0.1,0.358,0,0,1,2
0.57,0.1,0.361,0,0,1,2
0.57,0.1,0.364,0,0,1,2
0.57,0.1,0.367,0,0,1,2
0.57,0.1,0.37,0,0,1,2
0.57,0.1,0.373,0,0,1,2
0.57,0.1,0.376,0,0,1,2
0.57,0.1,0.379,0,0,1,2
0.57,0.1,0.382,0,0,1,2
0.57,0.1,0.385,0,0,1,2
0.57,0.1,0.388,0,0,1,2
0.57,0.1,0.391,0,0,1,2
0.57,0.1,0.394,0,0,1,2
0.57,0.1,0.397,0,0,1,2
0.57,0.1,0.4,0,0,1,2
0.57,0.1,0.403,0,0,1,2
0.57,0.1,0.406,0,0,1,2
0.57,0.1,0.409,0,0,1,2
0.57,0.1,0.412,0,0,1,2
0.57,0.1,0.415,0,0,1,2
0.57,0.1,0.418,0,0,1,2
0.57,0.1,0.420999,0,0,1,2
0.57,0.1,0.423999,0,0,1,2
0.57,0.1,0.426999,0,0,1,2
0.57,0.1,0.429999,0,0,1,2
0.57,0.1,0.432999,0,0,1,2
0.57,0.1,0.435999,0,0,1,2
0.57,0.1,0.438999,0,0,1,2
0.57,0.1,0.441999,0,0,1,2
0.57,0.1,0.444999,0,0,1,2
0.57,0.1,0.447999,0,0,1,2
0.57,0.1,0.450999,0,0,1,2
0.39,0.1,0.25,0,0,1,2
0.39,0.1,0.253,0,0,1,2
0.39,0.1,0.256,0,0,1,2
0.39,0.1,0.259,0,0,1,2
0.39,0.1,0.262,0,0,1,2
0.39,0.1,0.265,0,0,1,2
0.39,0.1,0.268,0,0,1,2
0.39,0.1,0.271,0,0,1,2
0.39,0.1,0.274,0,0,1,2
0.39,0.1,0.277,0,0,1,2
0.39,0.1,0.28,0,0,1,2
0.39,0.1,0.283,0,0,1,2
0.39,0.1,0.286,0,0,1,2
0.39,0.1,0.289,0,0,1,2
0.39,0.1,0.292,0,0,1,2
0.39,0.1,0.295,0,0,1,2
0.39,0.1,0.298,0,0,1,2
0.39,0.1,0.301,0,0,1,2
0.39,0.1,0.304,0,0,1,2
0.39,0.1,0.307,0,0,1,2
0.39,0.1,0.31,0,0,1,2
0.39,0.1,0.313,0,0,1,2
0.39,0.1,0.316,0,0,1,2
0.39,0.1,0.319,0,0,1,2
0.39,0.1,0.322,0,0,1,2
0.39,0.1,0.325,0,0,1,2
0.39,0.1,0.328,0,0,1,2
0.39,0.1,0.331,0,0,1,2
0.39,0.1,0.334,0,0,1,2
0.39,0.1,0.337,0,0,1,2
0.39,0.1,0.34,0,0,1,2
0.39,0.1,0.343,0,0,1,2
0.39,0.1,0.346,0,0,1,2
0.39,0.1,0.349,0,0,1,2
0.39,0.1,0.352,0,0,1,2
0.39,0.1,0.355,0,0,1,2
0.39,0.1,0.358,0,0,1,2
0.39,0.1,0.361,0,0,1,2
0.39,0.1,0.364,0,0,1,2
0.39,0.1,0.367,0,0,1,2
0.39,0.1,0.37,0,0,1,2
0.39,0.1,0.373,0,0,1,2
0.39,0.1,0.376,0,0,1,2
0.39,0.1,0.379,0,0,1,2
0.39,0.1,0.382,0,0,1,2
0.39,0.1,0.385,0,0,1,2
0.39,0.1,0.388,0,0,1,2
0.39,0.1,0.391,0,0,1,2
0.39,0.1,0.394,0,0,1,2
0.39,0.1,0.397,0,0,1,2
0.39,0.1,0.4,0,0,1,2
0.39,0.1,0.403,0,0,1,2
0.39,0.1,0.406,0,0,1,2
0.39,0.1,0.409,0,0,1,2
0.39,0.1,0.412,0,0,1,2
0.39,0.1,0.415,0,0,1,2
0.39,0.1,0.418,0,0,1,2
0.39,0.1,0.420999,0,0,1,2
0.39,0.1,0.423999,0,0,1,2
0.39,0.1,0.426999,0,0,1,2
0.39,0.1,0.429999,0,0,1,2
0.39,0.1,0.432999,0,0,1,2
0.39,0.1,0.435999,0,0,1,2
0.39,0.1,0.438999,0,0,1,2
0.39,0.1,0.441999,0,0,1,2
0.39,0.1,0.444999,0,0,1,2
0.39,0.1,0.447999,0,0,1,2
0.39,0.1,0.450999,0,0,1,2
0.39,0.103,0.25,0,0,1,2
0.39,0.103,0.253,0,0,1,2
0.39,0.103,0.256,0,0,1,2
0.39,0.103,0.259,0,0,1,2
0.39,0.103,0.262,0,0,1,2
0.39,0.103,0.265,0,0,1,2
0.39,0.103,0.268,0,0,1,2
0.39,0.103,0.271,0,0,1,2
0.39,0.103,0.274,0,0,1,2
0.39,0.103,0.277,0,0,1,2
0.39,0.103,0.28,0,0,1,2
0.39,0.103,0.283,0,0,1,2
0.39,0.103,0.286,0,0,1,2
0.39,0.103,0.289,0,0,1,2
0.39,0.103,0.292,0,0,1,2
0.39,0.103,0.295,0,0,1,2
0.39,0.103,0.298,0,0,1,2
0.39,0.103,0.301,0,0,1,2
0.39,0.103,0.304,0,0,1,2
0.39,0.103,0.307,0,0,1,2
0.39,0.103,0.31,0,0,1,2
0.39,0.103,0.313,0,0,1,2
0.39,0.103,0.316,0,0,1,2
0.39,0.103,0.319,0,0,1,2
0.39,0.103,0.322,0,0,1,2
0.39,0.103,0.325,0,0,1,2
0.39,0.103,0.328,0,0,1,2
0.39,0.103,0.331,0,0,1,2
0.39,0.103,0.334,0,0,1,2
0.39,0.103,0.337,0,0,1,2
0.39,0.103,0.34,0,0,1,2
0.39,0.103,0.343,0,0,1,2
0.39,0.103,0.346,0,0,1,2
0.39,0.103,0.349,0,0,1,2
0.39,0.103,0.352,0,0,1,2
0.39,0.103,0.355,0,0,1,2
0.39,0.103,0.358,0,0,1,2
0.39,0.103,0.361,0,0,1,2
0.39,0.103,0.364,0,0,1,2
0.39,0.103,0.367,0,0,1,2
0.39,0.103,0.37,0,0,1,2
0.39,0.103,0.373,0,0,1,2
0.39,0.103,0.376,0,0,1,2
0.39,0.103,0.379,0,0,1,2
0.39,0.103,0.382,0,0,1,2
0.39,0.103,0.385,0,0,1,2
0.39,0.103,0.388,0,0,1,2
0.39,0.103,0.391,0,0,1,2
0.39,0.103,0.394,0,0,1,2
0.39,0.103,0.397,0,0,1,2
0.39,0.103,0.4,0,0,1,2
0.39,0.103,0.403,0,0,1,2
0.39,0.103,0.406,0,0,1,2
0.39,0.103,0.409,0,0,1,2
0.39,0.103,0.412,0,0,1,2
0.39,0.103,0.415,0,0,1,2
0.39,0.103,0.418,0,0,1,2
0.39,0.103,0.420999,0,0,1,2
0.39,0.103,0.423999,0,0,1,2
0.39,0.103,0.426999,0,0,1,2
0.39,0.103,0.429999,0,0,1,2
0.39,0.103,0.432999,0,0,1,2
0.39,0.103,0.435999,0,0,1,2
0.39,0.103,0.438999,0,0,1,2
0.39,0.103,0.441999,0,0,1,2
0.39,0.103,0.444999,0,0,1,2
0.39,0.103,0.447999,0,0,1,2
0.39,0.103,0.450999,0,0,1,2
0.39,0.106,0.25,0,0,1,2
0.39,0.106,0.253,0,0,1,2
0.39,0.106,0.256,0,0,1,2
0.39,0.106,0.259,0,0,1,2
0.39,0.106,0.262,0,0,1,2
0.39,0.106,0.265,0,0,1,2
0.39,0.106,0.268,0,0,1,2
0.39,0.106,0.271,0,0,1,2
0.39,0.106,0.274,0,0,1,2
0.39,0.106,0.277,0,0,1,2
0.39,0.106,0.28,0,0,1,2
0.39,0.106,0.283,0,0,1,2
0.39,0.106,0.286,0,0,1,2
0.39,0.106,0.289,0,0,1,2
0.39,0.106,0.292,0,0,1,2
0.39,0.106,0.295,0,0,1,2
0.39,0.106,0.298,0,0,1,2
0.39,0.106,0.301,0,0,1,2
0.39,0.106,0.304,0,0,1,2
0.39,0.106,0.307,0,0,1,2
0.39,0.106,0.31,0,0,1,2
0.39,0.106,0.313,0,0,1,2
0.39,0.106,0.316,0,0,1,2
0.39,0.106,0.319,0,0,1,2
0.39,0.106,0.322,0,0,1,2
0.39,0.106,0.325,0,0,1,2
0.39,0.106,0.328,0,0,1,2
0.39,0.106,0.331,0,0,1,2
0.39,0.106,0.334,0,0,1,2
0.39,0.106,0.337,0,0,1,2
0.39,0.106,0.34,0,0,1,2
0.39,0.106,0.343,0,0,1,2
0.39,0.106,0.346,0,0,1,2
0.39,0.106,0.349,0,0,1,2
0.39,0.106,0.352,0,0,1,2
0.39,0.106,0.355,0,0,1,2
0.39,0.106,0.358,0,0,1,2
0.39,0.106,0.361,0,0,1,2
0.39,0.106,0.364,0,0,1,2
0.39,0.106,0.367,0,0,1,2
0.39,0.106,0.37,0,0,1,2
0.39,0.106,0.373,0,0,1,2
0.39,0.106,0.376,0,0,1,2
0.39,0.106,0.379,0,0,1,2
0.39,0.106,0.382,0,0,1,2
0.39,0.106,0.385,0,0,1,2
0.39,0.106,0.388,0,0,1,2
0.39,0.106,0.391,0,0,1,2
0.39,0.106,0.394,0,0,1,2
0.39,0.106,0.397,0,0,1,2
0.39,0.106,0.4,0,0,1,2
0.39,0.106,0.403,0,0,1,2
0.39,0.106,0.406,0,0,1,2
0.39,0.106,0.409,0,0,1,2
0.39,0.106,0.412,0,0,1,2
0.39,0.106,0.415,0,0,1,2
0.39,0.106,0.418,0,0,1,2
0.39,0.106,0.420999,0,0,1,2
0.39,0.106,0.423999,0,0,1,2
0.39,0.106,0.426999,0,0,1,2
0.39,0.106,0.429999,0,0,1,2
0.39,0.106,0.432999,0,0,1,2
0.39,0.106,0.435999,0,0,1,2
0.39,0.106,0.438999,0,0,1,2
0.39,0.106,0.441999,0,0,1,2
0.39,0.106,0.444999,0,0,1,2
0.39,0.106,0.447999,0,0,1,2
0.39,0.106,0.450999,0,0,1,2
0.39,0.109,0.25,0,0,1,2
0.39,0.109,0.253,0,0,1,2
0.39,0.109,0.256,0,0,1,2
0.39,0.109,0.259,0,0,1,2
0.39,0.109,0.262,0,0,1,2
0.39,0.109,0.265,0,0,1,2
0.39,0.109,0.268,0,0,1,2
0.39,0.109,0.271,0,0,1,2
0.39,0.109,0.274,0,0,1,2
0.39,0.109,0.277,0,0,1,2
0.39,0.109,0.28,0,0,1,2
0.39,0.109,0.283,0,0,1,2
0.39,0.109,0.286,0,0,1,2
0.39,0.109,0.289,0,0,1,2
0.39,0.109,0.292,0,0,1,2
0.39,0.109,0.295,0,0,1,2
0.39,0.109,0.298,0,0,1,2
0.39,0.109,0.301,0,0,1,2
0.39,0.109,0.304,0,0,1,2
0.39,0.109,0.307,0,0,1,2
0.39,0.109,0.31,0,0,1,2
0.39,0.109,0.313,0,0,1,2
0.39,0.109,0.316,0,0,1,2
0.39,0.109,0.319,0,0,1,2
0.39,0.109,0.322,0,0,1,2
0.39,0.109,0.325,0,0,1,2
0.39,0.109,0.328,0,0,1,2
0.39,0.109,0.331,0,0,1,2
0.39,0.109,0.334,0,0,1,2
0.39,0.109,0.337,0,0,1,2
0.39,0.109,0.34,0,0,1,2
0.39,0.109,0.343,0,0,1,2
0.39,0.109,0.346,0,0,1,2
0.39,0.109,0.349,0,0,1,2
0.39,0.109,0.352,0,0,1,2
0.39,0.109,0.355,0,0,1,2
0.39,0.109,0.358,0,0,1,2
0.39,0.109,0.361,0,0,1,2
0.39,0.109,0.364,0,0,1,2
0.39,0.109,0.367,0,0,1,2
0.39,0.109,0.37,0,0,1,2
0.39,0.109,0.373,0,0,1,2
0.39,0.109,0.376,0,0,1,2
0.39,0.109,0.379,0,0,1,2
0.39,0.109,0.382,0,0,1,2
0.39,0.109,0.385,0,0,1,2
0.39,0.109,0.388,0,0,1,2
0.39,0.109,0.391,0,0,1,2
0.39,0.109,0.394,0,0,1,2
0.39,0.109,0.397,0,0,1,2
0.39,0.109,0.4,0,0,1,2
0.39,0.109,0.403,0,0,1,2
0.39,0.109,0.406,0,0,1,2
0.39,0.109,0.409,0,0,1,2
0.39,0.109,0.412,0,0,1,2
0.39,0.109,0.415,0,0,1,2
0.39,0.109,0.418,0,0,1,2
0.39,0.109,0.420999,0,0,1,2
0.39,0.109,0.423999,0,0,1,2
0.39,0.109,0.426999,0,0,1,2
0.39,0.109,0.429999,0,0,1,2
0.39,0.109,0.432999,0,0,1,2
0.39,0.109,0.435999,0,0,1,2
0.39,0.109,0.438999,0,0,1,2
0.39,0.109,0.441999,0,0,1,2
0.39,0.109,0.444999,0,0,1,2
0.39,0.109,0.447999,0,0,1,2
0.39,0.109,0.450999,0,0,1,2
0.39,0.112,0.25,0,0,1,2
0.39,0.112,0.253,0,0,1,2
0.39,0.112,0.256,0,0,1,2
0.39,0.112,0.259,0,0,1,2
0.39,0.112,0.262,0,0,1,2
0.39,0.112,0.265,0,0,1,2
0.39,0.112,0.268,0,0,1,2
0.39,0.112,0.271,0,0,1,2
0.39,0.112,0.274,0,0,1,2
0.39,0.112,0.277,0,0,1,2
0.39,0.112,0.28,0,0,1,2
0.39,0.112,0.283,0,0,1,2
0.39,0.112,0.286,0,0,1,2
0.39,0.112,0.289,0,0,1,2
0.39,0.112,0.292,0,0,1,2
0.39,0.112,0.295,0,0,1,2
0.39,0.112,0.298,0,0,1,2
0.39,0.112,0.301,0,0,1,2
0.39,0.112,0.304,0,0,1,2
0.39,0.112,0.307,0,0,1,2
0.39,0.112,0.31,0,0,1,2
0.39,0.112,0.313,0,0,1,2
0.39,0.112,0.316,0,0,1,2
0.39,0.112,0.319,0,0,1,2
0.39,0.112,0.322,0,0,1,2
0.39,0.112,0.325,0,0,1,2
0.39,0.112,0.328,0,0,1,2
0.39,0.112,0.331,0,0,1,2
0.39,0.112,0.334,0,0,1,2
0.39,0.112,0.337,0,0,1,2
0.39,0.112,0.34,0,0,1,2
0.39,0.112,0.343,0,0,1,2
0.39,0.112,0.346,0,0,1,2
0.39,0.112,0.349,0,0,1,2
0.39,0.112,0.352,0,0,1,2
0.39,0.112,0.355,0,0,1,2
0.39,0.112,0.358,0,0,1,2
0.39,0.112,0.361,0,0,1,2
0.39,0.112,0.364,0,0,1,2
0.39,0.112,0.367,0,0,1,2
0.39,0.112,0.37,0,0,1,2
0.39,0.112,0.373,0,0,1,2
0.39,0.112,0.376,0,0,1,2
0.39,0.112,0.379,0,0,1,2
0.39,0.112,0.382,0,0,1,2
0.39,0.112,0.385,0,0,1,2
0.39,0.112,0.388,0,0,1,2
0.39,0.112,0.391,0,0,1,2
0.39,0.112,0.394,0,0,1,2
0.39,0.112,0.397,0,0,1,2
0.39,0.112,0.4,0,0,1,2
0.39,0.112,0.403,0,0,1,2
0.39,0.112,0.406,0,0,1,2
0.39,0.112,0.409,0,0,1,2
0.39,0.112,0.412,0,0,1,2
0.39,0.112,0.415,0,0,1,2
0.39,0.112,0.418,0,0,1,2
0.39,0.112,0.420999,0,0,1,2
0.39,0.112,0.423999,0,0,1,2
0.39,0.112,0.426999,0,0,1,2
0.39,0.112,0.429999,0,0,1,2
0.39,0.112,0.432999,0,0,1,2
0.39,0.112,0.435999,0,0,1,2
0.39,0.112,0.438999,0,0,1,2
0.39,0.112,0.441999,0,0,1,2
0.39,0.112,0.444999,0,0,1,2
0.39,0.112,0.447999,0,0,1,2
0.39,0.112,0.450999,0,0,1,2
0.39,0.115,0.25,0,0,1,2
0.39,0.115,0.253,0,0,1,2
0.39,0.115,0.256,0,0,1,2
0.39,0.115,0.259,0,0,1,2
0.39,0.115,0.262,0,0,1,2
0.39,0.115,0.265,0,0,1,2
0.39,0.115,0.268,0,0,1,2
0.39,0.115,0.271,0,0,1,2
0.39,0.115,0.274,0,0,1,2
0.39,0.115,0.277,0,0,1,2
0.39,0.115,0.28,0,0,1,2
0.39,0.115,0.283,0,0,1,2
0.39,0.115,0.286,0,0,1,2
0.39,0.115,0.289,0,0,1,2
0.39,0.115,0.292,0,0,1,2
0.39,0.115,0.295,0,0,1,2
0.39,0.115,0.298,0,0,1,2
0.39,0.115,0.301,0,0,1,2
0.39,0.115,0.304,0,0,1,2
0.39,0.115,0.307,0,0,1,2
0.39,0.115,0.31,0,0,1,2
0.39,0.115,0.313,0,0,1,2
0.39,0.115,0.316,0,0,1,2
0.39,0.115,0.319,0,0,1,2
0.39,0.115,0.322,0,0,1,2
0.39,0.115,0.325,0,0,1,2
0.39,0.115,0.328,0,0,1,2
0.39,0.115,0.331,0,0,1,2
0.39,0.115,0.334,0,0,1,2
0.39,0.115,0.337,0,0,1,2
0.39,0.115,0.34,0,0,1,2
0.39,0.115,0.343,0,0,1,2
0.39,0.115,0.346,0,0,1,2
0.39,0.115,0.349,0,0,1,2
0.39,0.115,0.352,0,0,1,2
0.39,0.115,0.355,0,0,1,2
0.39,0.115,0.358,0,0,1,2
0.39,0.115,0.361,0,0,1,2
0.39,0.115,0.364,0,0,1,2
0.39,0.115,0.367,0,0,1,2
0.39,0.115,0.37,0,0,1,2
0.39,0.115,0.373,0,0,1,2
0.39,0.115,0.376,0,0,1,2
0.39,0.115,0.379,0,0,1,2
0.39,0.115,0.382,0,0,1,2
0.39,0.115,0.385,0,0,1,2
0.39,0.115,0.388,0,0,1,2
0.39,0.115,0.391,0,0,1,2
0.39,0.115,0.394,0,0,1,2
0.39,0.115,0.397,0,0,1,2
0.39,0.115,0.4,0,0,1,2
0.39,0.115,0.403,0,0,1,2
0.39,0.115,0.406,0,0,1,2
0.39,0.115,0.409,0,0,1,2
0.39,0.115,0.412,0,0,1,2
0.39,0.115,0.415,0,0,1,2
0.39,0.115,0.418,0,0,1,2
0.39,0.115,0.420999,0,0,1,2
0.39,0.115,0.423999,0,0,1,2
0.39,0.115,0.426999,0,0,1,2
0.39,0.115,0.429999,0,0,1,2
0.39,0.115,0.432999,0,0,1,2
0.39,0.115,0.435999,0,0,1,2
0.39,0.115,0.438999,0,0,1,2
0.39,0.115,0.441999,0,0,1,2
0.39,0.115,0.444999,0,0,1,2
0.39,0.115,0.447999,0,0,1,2
0.39,0.115,0.450999,0,0,1,2
0.39,0.118,0.25,0,0,1,2
0.39,0.118,0.253,0,0,1,2
0.39,0.118,0.256,0,0,1,2
0.39,0.118,0.259,0,0,1,2
0.39,0.118,0.262,0,0,1,2
0.39,0.118,0.265,0,0,1,2
0.39,0.118,0.268,0,0,1,2
0.39,0.118,0.271,0,0,1,2
0.39,0.118,0.274,0,0,1,2
0.39,0.118,0.277,0,0,1,2
0.39,0.118,0.28,0,0,1,2
0.39,0.118,0.283,0,0,1,2
0.39,0.118,0.286,0,0,1,2
0.39,0.118,0.289,0,0,1,2
0.39,0.118,0.292,0,0,1,2
0.39,0.118,0.295,0,0,1,2
0.39,0.118,0.298,0,0,1,2
0.39,0.118,0.301,0,0,1,2
0.39,0.118,0.304,0,0,1,2
0.39,0.118,0.307,0,0,1,2
0.39,0.118,0.31,0,0,1,2
0.39,0.118,0.313,0,0,1,2
0.39,0.118,0.316,0,0,1,2
0.39,0.118,0.319,0,0,1,2
0.39,0.118,0.322,0,0,1,2
0.39,0.118,0.325,0,0,1,2
0.39,0.118,0.328,0,0,1,2
0.39,0.118,0.331,0,0,1,2
0.39,0.118,0.334,0,0,1,2
0.39,0.118,0.337,0,0,1,2
0.39,0.118,0.34,0,0,1,2
0.39,0.118,0.343,0,0,1,2
0.39,0.118,0.346,0,0,1,2
0.39,0.118,0.349,0,0,1,2
0.39,0.118,0.352,0,0,1,2
0.39,0.118,0.355,0,0,1,2
0.39,0.118,0.358,0,0,1,2
0.39,0.118,0.361,0,0,1,2
0.39,0.118,0.364,0,0,1,2
0.39,0.118,0.367,0,0,1,2
0.39,0.118,0.37,0,0,1,2
0.39,0.118,0.373,0,0,1,2
0.39,0.118,0.376,0,0,1,2
0.39,0.118,0.379,0,0,1,2
0.39,0.118,0.382,0,0,1,2
0.39,0.118,0.385,0,0,1,2
0.39,0.118,0.388,0,0,1,2
0.39,0.118,0.391,0,0,1,2
0.39,0.118,0.394,0,0,1,2
0.39,0.118,0.397,0,0,1,2
0.39,0.118,0.4,0,0,1,2
0.39,0.118,0.403,0,0,1,2
0.39,0.118,0.406,0,0,1,2
0.39,0.118,0.409,0,0,1,2
0.39,0.118,0.412,0,0,1,2
0.39,0.118,0.415,0,0,1,2
0.39,0.118,0.418,0,0,1,2
0.39,0.118,0.420999,0,0,1,2
0.39,0.118,0.423999,0,0,1,2
0.39,0.118,0.426999,0,0,1,2
0.39,0.118,0.429999,0,0,1,2
0.39,0.118,0.432999,0,0,1,2
0.39,0.118,0.435999,0,0,1,2
0.39,0.118,0.438999,0,0,1,2
0.39,0.118,0.441999,0,0,1,2
0.39,0.118,0.444999,0,0,1,2
0.39,0.118,0.447999,0,0,1,2
0.39,0.118,0.450999,0,0,1,2
0.39,0.121,0.25,0,0,1,2
0.39,0.121,0.253,0,0,1,2
0.39,0.121,0.256,0,0,1,2
0.39,0.121,0.259,0,0,1,2
0.39,0.121,0.262,0,0,1,2
0.39,0.121,0.265,0,0,1,2
0.39,0.121,0.268,0,0,1,2
0.39,0.121,0.271,0,0,1,2
0.39,0.121,0.274,0,0,1,2
0.39,0.121,0.277,0,0,1,2
0.39,0.121,0.28,0,0,1,2
0.39,0.121,0.283,0,0,1,2
0.39,0.121,0.286,0,0,1,2
0.39,0.121,0.289,0,0,1,2
0.39,0.121,0.292,0,0,1,2
0.39,0.121,0.295,0,0,1,2
0.39,0.121,0.298,0,0,1,2
0.39,0.121,0.301,0,0,1,2
0.39,0.121,0.304,0,0,1,2
0.39,0.121,0.307,0,0,1,2
0.39,0.121,0.31,0,0,1,2
0.39,0.121,0.313,0,0,1,2
0.39,0.121,0.316,0,0,1,2
0.39,0.121,0.319,0,0,1,2
0.39,0.121,0.322,0,0,1,2
0.39,0.121,0.325,0,0,1,2
0.39,0.121,0.328,0,0,1,2
0.39,0.121,0.331,0,0,1,2
0.39,0.121,0.334,0,0,1,2
0.39,0.121,0.337,0,0,1,2
0.39,0.121,0.34,0,0,1,2
0.39,0.121,0.343,0,0,1,2
0.39,0.121,0.346,0,0,1,2
0.39,0.121,0.349,0,0,1,2
0.39,0.121,0.352,0,0,1,2
0.39,0.121,0.355,0,0,1,2
0.39,0.121,0.358,0,0,1,2
0.39,0.121,0.361,0,0,1,2
0.39,0.121,0.364,0,0,1,2
0.39,0.121,0.367,0,0,1,2
0.39,0.121,0.37,0,0,1,2
0.39,0.121,0.373,0,0,1,2
0.39,0.121,0.376,0,0,1,2
0.39,0.121,0.379,0,0,1,2
0.39,0.121,0.382,0,0,1,2
0.39,0.121,0.385,0,0,1,2
0.39,0.121,0.388,0,0,1,2
0.39,0.121,0.391,0,0,1,2
0.39,0.121,0.394,0,0,1,2
0.39,0.121,0.397,0,0,1,2
0.39,0.121,0.4,0,0,1,2
0.39,0.121,0.403,0,0,1,2
0.39,0.121,0.406,0,0,1,2
0.39,0.121,0.409,0,0,1,2
0.39,0.121,0.412,0,0,1,2
0.39,0.121,0.415,0,0,1,2
0.39,0.121,0.418,0,0,1,2
0.39,0.121,0.420999,0,0,1,2
0.39,0.121,0.423999,0,0,1,2
0.39,0.121,0.426999,0,0,1,2
0.39,0.121,0.429999,0,0,1,2
0.39,0.121,0.432999,0,0,1,2
0.39,0.121,0.435999,0,0,1,2
0.39,0.121,0.438999,0,0,1,2
0.39,0.121,0.441999,0,0,1,2
0.39,0.121,0.444999,0,0,1,2
0.39,0.121,0.447999,0,0,1,2
0.39,0.121,0.450999,0,0,1,2
0.39,0.124,0.25,0,0,1,2
0.39,0.124,0.253,0,0,1,2
0.39,0.124,0.256,0,0,1,2
0.39,0.124,0.259,0,0,1,2
0.39,0.124,0.262,0,0,1,2
0.39,0.124,0.265,0,0,1,2
0.39,0.124,0.268,0,0,1,2
0.39,0.124,0.271,0,0,1,2
0.39,0.124,0.274,0,0,1,2
0.39,0.124,0.277,0,0,1,2
0.39,0.124,0.28,0,0,1,2
0.39,0.124,0.283,0,0,1,2
0.39,0.124,0.286,0,0,1,2
0.39,0.124,0.289,0,0,1,2
0.39,0.124,0.292,0,0,1,2
0.39,0.124,0.295,0,0,1,2
0.39,0.124,0.298,0,0,1,2
0.39,0.124,0.301,0,0,1,2
0.39,0.124,0.304,0,0,1,2
0.39,0.124,0.307,0,0,1,2
0.39,0.124,0.31,0,0,1,2
0.39,0.124,0.313,0,0,1,2
0.39,0.124,0.316,0,0,1,2
0.39,0.124,0.319,0,0,1,2
0.39,0.124,0.322,0,0,1,2
0.39,0.124,0.325,0,0,1,2
0.39,0.124,0.328,0,0,1,2
0.39,0.124,0.331,0,0,1,2
0.39,0.124,0.334,0,0,1,2
0.39,0.124,0.337,0,0,1,2
0.39,0.124,0.34,0,0,1,2
0.39,0.124,0.343,0,0,1,2
0.39,0.124,0.346,0,0,1,2
0.39,0.124,0.349,0,0,1,2
0.39,0.124,0.352,0,0,1,2
0.39,0.124,0.355,0,0,1,2
0.39,0.124,0.358,0,0,1,2
0.39,0.124,0.361,0,0,1,2
0.39,0.124,0.364,0,0,1,2
0.39,0.124,0.367,0,0,1,2
0.39,0.124,0.37,0,0,1,2
0.39,0.124,0.373,0,0,1,2
0.39,0.124,0.376,0,0,1,2
0.39,0.124,0.379,0,0,1,2
0.39,0.124,0.382,0,0,1,2
0.39,0.124,0.385,0,0,1,2
0.39,0.124,0.388,0,0,1,2
0.39,0.124,0.391,0,0,1,2
0.39,0.124,0.394,0,0,1,2
0.39,0.124,0.397,0,0,1,2
0.39,0.124,0.4,0,0,1,2
0.39,0.124,0.403,0,0,1,2
0.39,0.124,0.406,0,0,1,2
0.39,0.124,0.409,0,0,1,2
0.39,0.124,0.412,0,0,1,2
0.39,0.124,0.415,0,0,1,2
0.39,0.124,0.418,0,0,1,2
0.39,0.124,0.420999,0,0,1,2
0.39,0.124,0.423999,0,0,1,2
0.39,0.124,0.426999,0,0,1,2
0.39,0.124,0.429999,0,0,1,2
0.39,0.124,0.432999,0,0,1,2
0.39,0.124,0.435999,0,0,1,2
0.39,0.124,0.438999,0,0,1,2
0.39,0.124,0.441999,0,0,1,2
0.39,0.124,0.444999,0,0,1,2
0.39,0.124,0.447999,0,0,1,2
0.39,0.124,0.450999,0,0,1,2
0.39,0.127,0.25,0,0,1,2
0.39,0.127,0.253,0,0,1,2
0.39,0.127,0.256,0,0,1,2
0.39,0.127,0.259,0,0,1,2
0.39,0.127,0.262,0,0,1,2
0.39,0.127,0.265,0,0,1,2
0.39,0.127,0.268,0,0,1,2
0.39,0.127,0.271,0,0,1,2
0.39,0.127,0.274,0,0,1,2
0.39,0.127,0.277,0,0,1,2
0.39,0.127,0.28,0,0,1,2
0.39,0.127,0.283,0,0,1,2
0.39,0.127,0.286,0,0,1,2
0.39,0.127,0.289,0,0,1,2
0.39,0.127,0.292,0,0,1,2
0.39,0.127,0.295,0,0,1,2
0.39,0.127,0.298,0,0,1,2
0.39,0.127,0.301,0,0,1,2
0.39,0.127,0.304,0,0,1,2
0.39,0.127,0.307,0,0,1,2
0.39,0.127,0.31,0,0,1,2
0.39,0.127,0.313,0,0,1,2
0.39,0.127,0.316,0,0,1,2
0.39,0.127,0.319,0,0,1,2
0.39,0.127,0.322,0,0,1,2
0.39,0.127,0.325,0,0,1,2
0.39,0.127,0.328,0,0,1,2
0.39,0.127,0.331,0,0,1,2
0.39,0.127,0.334,0,0,1,2
0.39,0.127,0.337,0,0,1,2
0.39,0.127,0.34,0,0,1,2
0.39,0.127,0.343,0,0,1,2
0.39,0.127,0.346,0,0,1,2
0.39,0.127,0.349,0,0,1,2
0.39,0.127,0.352,0,0,1,2
0.39,0.127,0.355,0,0,1,2
0.39,0.127,0.358,0,0,1,2
0.39,0.127,0.361,0,0,1,2
0.39,0.127,0.364,0,0,1,2
0.39,0.127,0.367,0,0,1,2
0.39,0.127,0.37,0,0,1,2
0.39,0.127,0.373,0,0,1,2
0.39,0.127,0.376,0,0,1,2
0.39,0.127,0.379,0,0,1,2
0.39,0.127,0.382,0,0,1,2
0.39,0.127,0.385,0,0,1,2
0.39,0.127,0.388,0,0,1,2
0.39,0.127,0.391,0,0,1,2
0.39,0.127,0.394,0,0,1,2
0.39,0.127,0.397,0,0,1,2
0.39,0.127,0.4,0,0,1,2
0.39,0.127,0.403,0,0,1,2
0.39,0.127,0.406,0,0,1,2
0.39,0.127,0.409,0,0,1,2
0.39,0.127,0.412,0,0,1,2
0.39,0.127,0.415,0,0,1,2
0.39,0.127,0.418,0,0,1,2
0.39,0.127,0.420999,0,0,1,2
0.39,0.127,0.423999,0,0,1,2
0.39,0.127,0.426999,0,0,1,2
0.39,0.127,0.429999,0,0,1,2
0.39,0.127,0.432999,0,0,1,2
0.39,0.127,0.435999,0,0,1,2
0.39,0.127,0.438999,0,0,1,2
0.39,0.127,0.441999,0,0,1,2
0.39,0.127,0.444999,0,0,1,2
0.39,0.127,0.447999,0,0,1,2
0.39,0.127,0.450999,0,0,1,2
0.39,0.13,0.25,0,0,1,2
0.39,0.13,0.253,0,0,1,2
0.39,0.13,0.256,0,0,1,2
0.39,0.13,0.259,0,0,1,2
0.39,0.13,0.262,0,0,1,2
0.39,0.13,0.265,0,0,1,2
0.39,0.13,0.268,0,0,1,2
0.39,0.13,0.271,0,0,1,2
0.39,0.13,0.274,0,0,1,2
0.39,0.13,0.277,0,0,1,2
0.39,0.13,0.28,0,0,1,2
0.39,0.13,0.283,0,0,1,2
0.39,0.13,0.286,0,0,1,2
0.39,0.13,0.289,0,0,1,2
0.39,0.13,0.292,0,0,1,2
0.39,0.13,0.295,0,0,1,2
0.39,0.13,0.298,0,0,1,2
0.39,0.13,0.301,0,0,1,2
0.39,0.13,0.304,0,0,1,2
0.39,0.13,0.307,0,0,1,2
0.39,0.13,0.31,0,0,1,2
0.39,0.13,0.313,0,0,1,2
0.39,0.13,0.316,0,0,1,2
0.39,0.13,0.319,0,0,1,2
0.39,0.13,0.322,0,0,1,2
0.39,0.13,0.325,0,0,1,2
0.39,0.13,0.328,0,0,1,2
0.39,0.13,0.331,0,0,1,2
0.39,0.13,0.334,0,0,1,2
0.39,0.13,0.337,0,0,1,2
0.39,0.13,0.34,0,0,1,2
0.39,0.13,0.343,0,0,1,2
0.39,0.13,0.346,0,0,1,2
0.39,0.13,0.349,0,0,1,2
0.39,0.13,0.352,0,0,1,2
0.39,0.13,0.355,0,0,1,2
0.39,0.13,0.358,0,0,1,2
0.39,0.13,0.361,0,0,1,2
0.39,0.13,0.364,0,0,1,2
0.39,0.13,0.367,0,0,1,2
0.39,0.13,0.37,0,0,1,2
0.39,0.13,0.373,0,0,1,2
0.39,0.13,0.376,0,0,1,2
0.39,0.13,0.379,0,0,1,2
0.39,0.13,0.382,0,0,1,2
0.39,0.13,0.385,0,0,1,2
0.39,0.13,0.388,0,0,1,2
0.39,0.13,0.391,0,0,1,2
0.39,0.13,0.394,0,0,1,2
0.39,0.13,0.397,0,0,1,2
0.39,0.13,0.4,0,0,1,2
0.39,0.13,0.403,0,0,1,2
0.39,0.13,0.406,0,0,1,2
0.39,0.13,0.409,0,0,1,2
0.39,0.13,0.412,0,0,1,2
0.39,0.13,0.415,0,0,1,2
0.39,0.13,0.418,0,0,1,2
0.39,0.13,0.420999,0,0,1,2
0.39,0.13,0.423999,0,0,1,2
0.39,0.13,0.426999,0,0,1,2
0.39,0.13,0.429999,0,0,1,2
0.39,0.13,0.432999,0,0,1,2
0.39,0.13,0.435999,0,0,1,2
0.39,0.13,0.438999,0,0,1,2
0.39,0.13,0.441999,0,0,1,2
0.39,0.13,0.444999,0,0,1,2
0.39,0.13,0.447999,0,0,1,2
0.39,0.13,0.450999,0,0,1,2
0.39,0.133,0.25,0,0,1,2
0.39,0.133,0.253,0,0,1,2
0.39,0.133,0.256,0,0,1,2
0.39,0.133,0.259,0,0,1,2
0.39,0.133,0.262,0,0,1,2
0.39,0.133,0.265,0,0,1,2
0.39,0.133,0.268,0,0,1,2
0.39,0.133,0.271,0,0,1,2
0.39,0.133,0.274,0,0,1,2
0.39,0.133,0.277,0,0,1,2
0.39,0.133,0.28,0,0,1,2
0.39,0.133,0.283,0,0,1,2
0.39,0.133,0.286,0,0,1,2
0.39,0.133,0.289,0,0,1,2
0.39,0.133,0.292,0,0,1,2
0.39,0.133,0.295,0,0,1,2
0.39,0.133,0.298,0,0,1,2
0.39,0.133,0.301,0,0,1,2
0.39,0.133,0.304,0,0,1,2
0.39,0.133,0.307,0,0,1,2
0.39,0.133,0.31,0,0,1,2
0.39,0.133,0.313,0,0,1,2
0.39,0.133,0.316,0,0,1,2
0.39,0.133,0.319,0,0,1,2
0.39,0.133,0.322,0,0,1,2
0.39,0.133,0.325,0,0,1,2
0.39,0.133,0.328,0,0,1,2
0.39,0.133,0.331,0,0,1,2
0.39,0.133,0.334,0,0,1,2
0.39,0.133,0.337,0,0,1,2
0.39,0.133,0.34,0,0,1,2
0.39,0.133,0.343,0,0,1,2
0.39,0.133,0.346,0,0,1,2
0.39,0.133,0.349,0,0,1,2
0.39,0.133,0.352,0,0,1,2
0.39,0.133,0.355,0,0,1,2
0.39,0.133,0.358,0,0,1,2
0.39,0.133,0.361,0,0,1,2
0.39,0.133,0.364,0,0,1,2
0.39,0.133,0.367,0,0,1,2
0.39,0.133,0.37,0,0,1,2
0.39,0.133,0.373,0,0,1,2
0.39,0.133,0.376,0,0,1,2
0.39,0.133,0.379,0,0,1,2
0.39,0.133,0.382,0,0,1,2
0.39,0.133,0.385,0,0,1,2
0.39,0.133,0.388,0,0,1,2
0.39,0.133,0.391,0,0,1,2
0.39,0.133,0.394,0,0,1,2
0.39,0.133,0.397,0,0,1,2
0.39,0.133,0.4,0,0,1,2
0.39,0.133,0.403,0,0,1,2
0.39,0.133,0.406,0,0,1,2
0.39,0.133,0.409,0,0,1,2
0.39,0.133,0.412,0,0,1,2
0.39,0.133,0.415,0,0,1,2
0.39,0.133,0.418,0,0,1,2
0.39,0.133,0.420999,0,0,1,2
0.39,0.133,0.423999,0,0,1,2
0.39,0.133,0.426999,0,0,1,2
0.39,0.133,0.429999,0,0,1,2
0.39,0.133,0.432999,0,0,1,2
0.39,0.133,0.435999,0,0,1,2
0.39,0.133,0.438999,0,0,1,2
0.39,0.133,0.441999,0,0,1,2
0.39,0.133,0.444999,0,0,1,2
0.39,0.133,0.447999,0,0,1,2
0.39,0.133,0.450999,0,0,1,2
0.39,0.136,0.25,0,0,1,2
0.39,0.136,0.253,0,0,1,2
0.39,0.136,0.256,0,0,1,2
0.39,0.136,0.259,0,0,1,2
0.39,0.136,0.262,0,0,1,2
0.39,0.136,0.265,0,0,1,2
0.39,0.136,0.268,0,0,1,2
0.39,0.136,0.271,0,0,1,2
0.39,0.136,0.274,0,0,1,2
0.39,0.136,0.277,0,0,1,2
0.39,0.136,0.28,0,0,1,2
0.39,0.136,0.283,0,0,1,2
0.39,0.136,0.286,0,0,1,2
0.39,0.136,0.289,0,0,1,2
0.39,0.136,0.292,0,0,1,2
0.39,0.136,0.295,0,0,1,2
0.39,0.136,0.298,0,0,1,2
0.39,0.136,0.301,0,0,1,2
0.39,0.136,0.304,0,0,1,2
0.39,0.136,0.307,0,0,1,2
0.39,0.136,0.31,0,0,1,2
0.39,0.136,0.313,0,0,1,2
0.39,0.136,0.316,0,0,1,2
0.39,0.136,0.319,0,0,1,2
0.39,0.136,0.322,0,0,1,2
0.39,0.136,0.325,0,0,1,2
0.39,0.136,0.328,0,0,1,2
0.39,0.136,0.331,0,0,1,2
0.39,0.136,0.334,0,0,1,2
0.39,0.136,0.337,0,0,1,2
0.39,0.136,0.34,0,0,1,2
0.39,0.136,0.343,0,0,1,2
0.39,0.136,0.346,0,0,1,2
0.39,0.136,0.349,0,0,1,2
0.39,0.136,0.352,0,0,1,2
0.39,0.136,0.355,0,0,1,2
0.39,0.136,0.358,0,0,1,2
0.39,0.136,0.361,0,0,1,2
0.39,0.136,0.364,0,0,1,2
0.39,0.136,0.367,0,0,1,2
0.39,0.136,0.37,0,0,1,2
0.39,0.136,0.373,0,0,1,2
0.39,0.136,0.376,0,0,1,2
0.39,0.136,0.379,0,0,1,2
0.39,0.136,0.382,0,0,1,2
0.39,0.136,0.385,0,0,1,2
0.39,0.136,0.388,0,0,1,2
0.39,0.136,0.391,0,0,1,2
0.39,0.136,0.394,0,0,1,2
0.39,0.136,0.397,0,0,1,2
0.39,0.136,0.4,0,0,1,2
0.39,0.136,0.403,0,0,1,2
0.39,0.136,0.406,0,0,1,2
0.39,0.136,0.409,0,0,1,2
0.39,0.136,0.412,0,0,1,2
0.39,0.136,0.415,0,0,1,2
0.39,0.136,0.418,0,0,1,2
0.39,0.136,0.420999,0,0,1,2
0.39,0.136,0.423999,0,0,1,2
0.39,0.136,0.426999,0,0,1,2
0.39,0.136,0.429999,0,0,1,2
0.39,0.136,0.432999,0,0,1,2
0.39,0.136,0.435999,0,0,1,2
0.39,0.136,0.438999,0,0,1,2
0.39,0.136,0.441999,0,0,1,2
0.39,0.136,0.444999,0,0,1,2
0.39,0.136,0.447999,0,0,1,2
0.39,0.136,0.450999,0,0,1,2
0.39,0.139,0.25,0,0,1,2
0.39,0.139,0.253,0,0,1,2
0.39,0.139,0.256,0,0,1,2
0.39,0.139,0.259,0,0,1,2
0.39,0.139,0.262,0,0,1,2
0.39,0.139,0.265,0,0,1,2
0.39,0.139,0.268,0,0,1,2
0.39,0.139,0.271,0,0,1,2
0.39,0.139,0.274,0,0,1,2
0.39,0.139,0.277,0,0,1,2
0.39,0.139,0.28,0,0,1,2
0.39,0.139,0.283,0,0,1,2
0.39,0.139,0.286,0,0,1,2
0.39,0.139,0.289,0,0,1,2
0.39,0.139,0.292,0,0,1,2
0.39,0.139,0.295,0,0,1,2
0.39,0.139,0.298,0,0,1,2
0.39,0.139,0.301,0,0,1,2
0.39,0.139,0.304,0,0,1,2
0.39,0.139,0.307,0,0,1,2
0.39,0.139,0.31,0,0,1,2
0.39,0.139,0.313,0,0,1,2
0.39,0.139,0.316,0,0,1,2
0.39,0.139,0.319,0,0,1,2
0.39,0.139,0.322,0,0,1,2
0.39,0.139,0.325,0,0,1,2
0.39,0.139,0.328,0,0,1,2
0.39,0.139,0.331,0,0,1,2
0.39,0.139,0.334,0,0,1,2
0.39,0.139,0.337,0,0,1,2
0.39,0.139,0.34,0,0,1,2
0.39,0.139,0.343,0,0,1,2
0.39,0.139,0.346,0,0,1,2
0.39,0.139,0.349,0,0,1,2
0.39,0.139,0.352,0,0,1,2
0.39,0.139,0.355,0,0,1,2
0.39,0.139,0.358,0,0,1,2
0.39,0.139,0.361,0,0,1,2
0.39,0.139,0.364,0,0,1,2
0.39,0.139,0.367,0,0,1,2
0.39,0.139,0.37,0,0,1,2
0.39,0.139,0.373,0,0,1,2
0.39,0.139,0.376,0,0,1,2
0.39,0.139,0.379,0,0,1,2
0.39,0.139,0.382,0,0,1,2
0.39,0.139,0.385,0,0,1,2
0.39,0.139,0.388,0,0,1,2
0.39,0.139,0.391,0,0,1,2
0.39,0.139,0.394,0,0,1,2
0.39,0.139,0.397,0,0,1,2
0.39,0.139,0.4,0,0,1,2
0.39,0.139,0.403,0,0,1,2
0.39,0.139,0.406,0,0,1,2
0.39,0.139,0.409,0,0,1,2
0.39,0.139,0.412,0,0,1,2
0.39,0.139,0.415,0,0,1,2
0.39,0.139,0.418,0,0,1,2
0.39,0.139,0.420999,0,0,1,2
0.39,0.139,0.423999,0,0,1,2
0.39,0.139,0.426999,0,0,1,2
0.39,0.139,0.429999,0,0,1,2
0.39,0.139,0.432999,0,0,1,2
0.39,0.139,0.435999,0,0,1,2
0.39,0.139,0.438999,0,0,1,2
0.39,0.139,0.441999,0,0,1,2
0.39,0.139,0.444999,0,0,1,2
0.39,0.139,0.447999,0,0,1,2
0.39,0.139,0.450999,0,0,1,2
0.39,0.142,0.25,0,0,1,2
0.39,0.142,0.253,0,0,1,2
0.39,0.142,0.256,0,0,1,2
0.39,0.142,0.259,0,0,1,2
0.39,0.142,0.262,0,0,1,2
0.39,0.142,0.265,0,0,1,2
0.39,0.142,0.268,0,0,1,2
0.39,0.142,0.271,0,0,1,2
0.39,0.142,0.274,0,0,1,2
0.39,0.142,0.277,0,0,1,2
0.39,0.142,0.28,0,0,1,2
0.39,0.142,0.283,0,0,1,2
0.39,0.142,0.286,0,0,1,2
0.39,0.142,0.289,0,0,1,2
0.39,0.142,0.292,0,0,1,2
0.39,0.142,0.295,0,0,1,2
0.39,0.142,0.298,0,0,1,2
0.39,0.142,0.301,0,0,1,2
0.39,0.142,0.304,0,0,1,2
0.39,0.142,0.307,0,0,1,2
0.39,0.142,0.31,0,0,1,2
0.39,0.142,0.313,0,0,1,2
0.39,0.142,0.316,0,0,1,2
0.39,0.142,0.319,0,0,1,2
0.39,0.142,0.322,0,0,1,2
0.39,0.142,0.325,0,0,1,2
0.39,0.142,0.328,0,0,1,2
0.39,0.142,0.331,0,0,1,2
0.39,0.142,0.334,0,0,1,2
0.39,0.142,0.337,0,0,1,2
0.39,0.142,0.34,0,0,1,2
0.39,0.142,0.343,0,0,1,2
0.39,0.142,0.346,0,0,1,2
0.39,0.142,0.349,0,0,1,2
0.39,0.142,0.352,0,0,1,2
0.39,0.142,0.355,0,0,1,2
0.39,0.142,0.358,0,0,1,2
0.39,0.142,0.361,0,0,1,2
0.39,0.142,0.364,0,0,1,2
0.39,0.142,0.367,0,0,1,2
0.39,0.142,0.37,0,0,1,2
0.39,0.142,0.373,0,0,1,2
0.39,0.142,0.376,0,0,1,2
0.39,0.142,0.379,0,0,1,2
0.39,0.142,0.382,0,0,1,2
0.39,0.142,0.385,0,0,1,2
0.39,0.142,0.388,0,0,1,2
0.39,0.142,0.391,0,0,1,2
0.39,0.142,0.394,0,0,1,2
0.39,0.142,0.397,0,0,1,2
0.39,0.142,0.4,0,0,1,2
0.39,0.142,0.403,0,0,1,2
0.39,0.142,0.406,0,0,1,2
0.39,0.142,0.409,0,0,1,2
0.39,0.142,0.412,0,0,1,2
0.39,0.142,0.415,0,0,1,2
0.39,0.142,0.418,0,0,1,2
0.39,0.142,0.420999,0,0,1,2
0.39,0.142,0.423999,0,0,1,2
0.39,0.142,0.426999,0,0,1,2
0.39,0.142,0.429999,0,0,1,2
0.39,0.142,0.432999,0,0,1,2
0.39,0.142,0.435999,0,0,1,2
0.39,0.142,0.438999,0,0,1,2
0.39,0.142,0.441999,0,0,1,2
0.39,0.142,0.444999,0,0,1,2
0.39,0.142,0.447999,0,0,1,2
0.39,0.142,0.450999,0,0,1,2
0.39,0.145,0.25,0,0,1,2
0.39,0.145,0.253,0,0,1,2
0.39,0.145,0.256,0,0,1,2
0.39,0.145,0.259,0,0,1,2
0.39,0.145,0.262,0,0,1,2
0.39,0.145,0.265,0,0,1,2
0.39,0.145,0.268,0,0,1,2
0.39,0.145,0.271,0,0,1,2
0.39,0.145,0.274,0,0,1,2
0.39,0.145,0.277,0,0,1,2
0.39,0.145,0.28,0,0,1,2
0.39,0.145,0.283,0,0,1,2
0.39,0.145,0.286,0,0,1,2
0.39,0.145,0.289,0,0,1,2
0.39,0.145,0.292,0,0,1,2
0.39,0.145,0.295,0,0,1,2
0.39,0.145,0.298,0,0,1,2
0.39,0.145,0.301,0,0,1,2
0.39,0.145,0.304,0,0,1,2
0.39,0.145,0.307,0,0,1,2
0.39,0.145,0.31,0,0,1,2
0.39,0.145,0.313,0,0,1,2
0.39,0.145,0.316,0,0,1,2
0.39,0.145,0.319,0,0,1,2
0.39,0.145,0.322,0,0,1,2
0.39,0.145,0.325,0,0,1,2
0.39,0.145,0.328,0,0,1,2
0.39,0.145,0.331,0,0,1,2
0.39,0.145,0.334,0,0,1,2
0.39,0.145,0.337,0,0,1,2
0.39,0.145,0.34,0,0,1,2
0.39,0.145,0.343,0,0,1,2
0.39,0.145,0.346,0,0,1,2
0.39,0.145,0.349,0,0,1,2
0.39,0.145,0.352,0,0,1,2
0.39,0.145,0.355,0,0,1,2
0.39,0.145,0.358,0,0,1,2
0.39,0.145,0.361,0,0,1,2
0.39,0.145,0.364,0,0,1,2
0.39,0.145,0.367,0,0,1,2
0.39,0.145,0.37,0,0,1,2
0.39,0.145,0.373,0,0,1,2
0.39,0.145,0.376,0,0,1,2
0.39,0.145,0.379,0,0,1,2
0.39,0.145,0.382,0,0,1,2
0.39,0.145,0.385,0,0,1,2
0.39,0.145,0.388,0,0,1,2
0.39,0.145,0.391,0,0,1,2
0.39,0.145,0.394,0,0,1,2
0.39,0.145,0.397,0,0,1,2
0.39,0.145,0.4,0,0,1,2
0.39,0.145,0.403,0,0,1,2
0.39,0.145,0.406,0,0,1,2
0.39,0.145,0.409,0,0,1,2
0.39,0.145,0.412,0,0,1,2
0.39,0.145,0.415,0,0,1,2
0.39,0.145,0.418,0,0,1,2
0.39,0.145,0.420999,0,0,1,2
0.39,0.145,0.423999,0,0,1,2
0.39,0.145,0.426999,0,0,1,2
0.39,0.145,0.429999,0,0,1,2
0.39,0.145,0.432999,0,0,1,2
0.39,0.145,0.435999,0,0,1,2
0.39,0.145,0.438999,0,0,1,2
0.39,0.145,0.441999,0,0,1,2
0.39,0.145,0.444999,0,0,1,2
0.39,0.145,0.447999,0,0,1,2
0.39,0.145,0.450999,0,0,1,2
0.39,0.148,0.25,0,0,1,2
0.39,0.148,0.253,0,0,1,2
0.39,0.148,0.256,0,0,1,2
0.39,0.148,0.259,0,0,1,2
0.39,0.148,0.262,0,0,1,2
0.39,0.148,0.265,0,0,1,2
0.39,0.148,0.268,0,0,1,2
0.39,0.148,0.271,0,0,1,2
0.39,0.148,0.274,0,0,1,2
0.39,0.148,0.277,0,0,1,2
0.39,0.148,0.28,0,0,1,2
0.39,0.148,0.283,0,0,1,2
0.39,0.148,0.286,0,0,1,2
0.39,0.148,0.289,0,0,1,2
0.39,0.148,0.292,0,0,1,2
0.39,0.148,0.295,0,0,1,2
0.39,0.148,0.298,0,0,1,2
0.39,0.148,0.301,0,0,1,2
0.39,0.148,0.304,0,0,1,2
0.39,0.148,0.307,0,0,1,2
0.39,0.148,0.31,0,0,1,2
0.39,0.148,0.313,0,0,1,2
0.39,0.148,0.316,0,0,1,2
0.39,0.148,0.319,0,0,1,2
0.39,0.148,0.322,0,0,1,2
0.39,0.148,0.325,0,0,1,2
0.39,0.148,0.328,0,0,1,2
0.39,0.148,0.331,0,0,1,2
0.39,0.148,0.334,0,0,1,2
0.39,0.148,0.337,0,0,1,2
0.39,0.148,0.34,0,0,1,2
0.39,0.148,0.343,0,0,1,2
0.39,0.148,0.346,0,0,1,2
0.39,0.148,0.349,0,0,1,2
0.39,0.148,0.352,0,0,1,2
0.39,0.148,0.355,0,0,1,2
0.39,0.148,0.358,0,0,1,2
0.39,0.148,0.361,0,0,1,2
0.39,0.148,0.364,0,0,1,2
0.39,0.148,0.367,0,0,1,2
0.39,0.148,0.37,0,0,1,2
0.39,0.148,0.373,0,0,1,2
0.39,0.148,0.376,0,0,1,2
0.39,0.148,0.379,0,0,1,2
0.39,0.148,0.382,0,0,1,2
0.39,0.148,0.385,0,0,1,2
0.39,0.148,0.388,0,0,1,2
0.39,0.148,0.391,0,0,1,2
0.39,0.148,0.394,0,0,1,2
0.39,0.148,0.397,0,0,1,2
0.39,0.148,0.4,0,0,1,2
0.39,0.148,0.403,0,0,1,2
0.39,0.148,0.406,0,0,1,2
0.39,0.148,0.409,0,0,1,2
0.39,0.148,0.412,0,0,1,2
0.39,0.148,0.415,0,0,1,2
0.39,0.148,0.418,0,0,1,2
0.39,0.148,0.420999,0,0,1,2
0.39,0.148,0.423999,0,0,1,2
0.39,0.148,0.426999,0,0,1,2
0.39,0.148,0.429999,0,0,1,2
0.39,0.148,0.432999,0,0,1,2
0.39,0.148,0.435999,0,0,1,2
0.39,0.148,0.438999,0,0,1,2
0.39,0.148,0.441999,0,0,1,2
0.39,0.148,0.444999,0,0,1,2
0.39,0.148,0.447999,0,0,1,2
0.39,0.148,0.450999,0,0,1,2
0.39,0.151,0.25,0,0,1,2
0.39,0.151,0.253,0,0,1,2
0.39,0.151,0.256,0,0,1,2
0.39,0.151,0.259,0,0,1,2
0.39,0.151,0.262,0,0,1,2
0.39,0.151,0.265,0,0,1,2
0.39,0.151,0.268,0,0,1,2
0.39,0.151,0.271,0,0,1,2
0.39,0.151,0.274,0,0,1,2
0.39,0.151,0.277,0,0,1,2
0.39,0.151,0.28,0,0,1,2
0.39,0.151,0.283,0,0,1,2
0.39,0.151,0.286,0,0,1,2
0.39,0.151,0.289,0,0,1,2
0.39,0.151,0.292,0,0,1,2
0.39,0.151,0.295,0,0,1,2
0.39,0.151,0.298,0,0,1,2
0.39,0.151,0.301,0,0,1,2
0.39,0.151,0.304,0,0,1,2
0.39,0.151,0.307,0,0,1,2
0.39,0.151,0.31,0,0,1,2
0.39,0.151,0.313,0,0,1,2
0.39,0.151,0.316,0,0,1,2
0.39,0.151,0.319,0,0,1,2
0.39,0.151,0.322,0,0,1,2
0.39,0.151,0.325,0,0,1,2
0.39,0.151,0.328,0,0,1,2
0.39,0.151,0.331,0,0,1,2
0.39,0.151,0.334,0,0,1,2
0.39,0.151,0.337,0,0,1,2
0.39,0.151,0.34,0,0,1,2
0.39,0.151,0.343,0,0,1,2
0.39,0.151,0.346,0,0,1,2
0.39,0.151,0.349,0,0,1,2
0.39,0.151,0.352,0,0,1,2
0.39,0.151,0.355,0,0,1,2
0.39,0.151,0.358,0,0,1,2
0.39,0.151,0.361,0,0,1,2
0.39,0.151,0.364,0,0,1,2
0.39,0.151,0.367,0,0,1,2
0.39,0.151,0.37,0,0,1,2
0.39,0.151,0.373,0,0,1,2
0.39,0.151,0.376,0,0,1,2
0.39,0.151,0.379,0,0,1,2
0.39,0.151,0.382,0,0,1,2
0.39,0.151,0.385,0,0,1,2
0.39,0.151,0.388,0,0,1,2
0.39,0.151,0.391,0,0,1,2
0.39,0.151,0.394,0,0,1,2
0.39,0.151,0.397,0,0,1,2
0.39,0.151,0.4,0,0,1,2
0.39,0.151,0.403,0,0,1,2
0.39,0.151,0.406,0,0,1,2
0.39,0.151,0.409,0,0,1,2
0.39,0.151,0.412,0,0,1,2
0.39,0.151,0.415,0,0,1,2
0.39,0.151,0.418,0,0,1,2
0.39,0.151,0.420999,0,0,1,2
0.39,0.151,0.423999,0,0,1,2
0.39,0.151,0.426999,0,0,1,2
0.39,0.151,0.429999,0,0,1,2
0.39,0.151,0.432999,0,0,1,2
0.39,0.151,0.435999,0,0,1,2
0.39,0.151,0.438999,0,0,1,2
0.39,0.151,0.441999,0,0,1,2
0.39,0.151,0.444999,0,0,1,2
0.39,0.151,0.447999,0,0,1,2
0.39,0.151,0.450999,0,0,1,2
0.39,0.154,0.25,0,0,1,2
0.39,0.154,0.253,0,0,1,2
0.39,0.154,0.256,0,0,1,2
0.39,0.154,0.259,0,0,1,2
0.39,0.154,0.262,0,0,1,2
0.39,0.154,0.265,0,0,1,2
0.39,0.154,0.268,0,0,1,2
0.39,0.154,0.271,0,0,1,2
0.39,0.154,0.274,0,0,1,2
0.39,0.154,0.277,0,0,1,2
0.39,0.154,0.28,0,0,1,2
0.39,0.154,0.283,0,0,1,2
0.39,0.154,0.286,0,0,1,2
0.39,0.154,0.289,0,0,1,2
0.39,0.154,0.292,0,0,1,2
0.39,0.154,0.295,0,0,1,2
0.39,0.154,0.298,0,0,1,2
0.39,0.154,0.301,0,0,1,2
0.39,0.154,0.304,0,0,1,2
0.39,0.154,0.307,0,0,1,2
0.39,0.154,0.31,0,0,1,2
0.39,0.154,0.313,0,0,1,2
0.39,0.154,0.316,0,0,1,2
0.39,0.154,0.319,0,0,1,2
0.39,0.154,0.322,0,0,1,2
0.39,0.154,0.325,0,0,1,2
0.39,0.154,0.328,0,0,1,2
0.39,0.154,0.331,0,0,1,2
0.39,0.154,0.334,0,0,1,2
0.39,0.154,0.337,0,0,1,2
0.39,0.154,0.34,0,0,1,2
0.39,0.154,0.343,0,0,1,2
0.39,0.154,0.346,0,0,1,2
0.39,0.154,0.349,0,0,1,2
0.39,0.154,0.352,0,0,1,2
0.39,0.154,0.355,0,0,1,2
0.39,0.154,0.358,0,0,1,2
0.39,0.154,0.361,0,0,1,2
0.39,0.154,0.364,0,0,1,2
0.39,0.154,0.367,0,0,1,2
0.39,0.154,0.37,0,0,1,2
0.39,0.154,0.373,0,0,1,2
0.39,0.154,0.376,0,0,1,2
0.39,0.154,0.379,0,0,1,2
0.39,0.154,0.382,0,0,1,2
0.39,0.154,0.385,0,0,1,2
0.39,0.154,0.388,0,0,1,2
0.39,0.154,0.391,0,0,1,2
0.39,0.154,0.394,0,0,1,2
0.39,0.154,0.397,0,0,1,2
0.39,0.154,0.4,0,0,1,2
0.39,0.154,0.403,0,0,1,2
0.39,0.154,0.406,0,0,1,2
0.39,0.154,0.409,0,0,1,2
0.39,0.154,0.412,0,0,1,2
0.39,0.154,0.415,0,0,1,2
0.39,0.154,0.418,0,0,1,2
0.39,0.154,0.420999,0,0,1,2
0.39,0.154,0.423999,0,0,1,2
0.39,0.154,0.426999,0,0,1,2
0.39,0.154,0.429999,0,0,1,2
0.39,0.154,0.432999,0,0,1,2
0.39,0.154,0.435999,0,0,1,2
0.39,0.154,0.438999,0,0,1,2
0.39,0.154,0.441999,0,0,1,2
0.39,0.154,0.444999,0,0,1,2
0.39,0.154,0.447999,0,0,1,2
0.39,0.154,0.450999,0,0,1,2
0.39,0.157,0.25,0,0,1,2
0.39,0.157,0.253,0,0,1,2
0.39,0.157,0.256,0,0,1,2
0.39,0.157,0.259,0,0,1,2
0.39,0.157,0.262,0,0,1,2
0.39,0.157,0.265,0,0,1,2
0.39,0.157,0.268,0,0,1,2
0.39,0.157,0.271,0,0,1,2
0.39,0.157,0.274,0,0,1,2
0.39,0.157,0.277,0,0,1,2
0.39,0.157,0.28,0,0,1,2
0.39,0.157,0.283,0,0,1,2
0.39,0.157,0.286,0,0,1,2
0.39,0.157,0.289,0,0,1,2
0.39,0.157,0.292,0,0,1,2
0.39,0.157,0.295,0,0,1,2
0.39,0.157,0.298,0,0,1,2
0.39,0.157,0.301,0,0,1,2
0.39,0.157,0.304,0,0,1,2
0.39,0.157,0.307,0,0,1,2
0.39,0.157,0.31,0,0,1,2
0.39,0.157,0.313,0,0,1,2
0.39,0.157,0.316,0,0,1,2
0.39,0.157,0.319,0,0,1,2
0.39,0.157,0.322,0,0,1,2
0.39,0.157,0.325,0,0,1,2
0.39,0.157,0.328,0,0,1,2
0.39,0.157,0.331,0,0,1,2
0.39,0.157,0.334,0,0,1,2
0.39,0.157,0.337,0,0,1,2
0.39,0.157,0.34,0,0,1,2
0.39,0.157,0.343,0,0,1,2
0.39,0.157,0.346,0,0,1,2
0.39,0.157,0.349,0,0,1,2
0.39,0.157,0.352,0,0,1,2
0.39,0.157,0.355,0,0,1,2
0.39,0.157,0.358,0,0,1,2
0.39,0.157,0.361,0,0,1,2
0.39,0.157,0.364,0,0,1,2
0.39,0.157,0.367,0,0,1,2
0.39,0.157,0.37,0,0,1,2
0.39,0.157,0.373,0,0,1,2
0.39,0.157,0.376,0,0,1,2
0.39,0.157,0.379,0,0,1,2
0.39,0.157,0.382,0,0,1,2
0.39,0.157,0.385,0,0,1,2
0.39,0.157,0.388,0,0,1,2
0.39,0.157,0.391,0,0,1,2
0.39,0.157,0.394,0,0,1,2
0.39,0.157,0.397,0,0,1,2
0.39,0.157,0.4,0,0,1,2
0.39,0.157,0.403,0,0,1,2
0.39,0.157,0.406,0,0,1,2
0.39,0.157,0.409,0,0,1,2
0.39,0.157,0.412,0,0,1,2
0.39,0.157,0.415,0,0,1,2
0.39,0.157,0.418,0,0,1,2
0.39,0.157,0.420999,0,0,1,2
0.39,0.157,0.423999,0,0,1,2
0.39,0.157,0.426999,0,0,1,2
0.39,0.157,0.429999,0,0,1,2
0.39,0.157,0.432999,0,0,1,2
0.39,0.157,0.435999,0,0,1,2
0.39,0.157,0.438999,0,0,1,2
0.39,0.157,0.441999,0,0,1,2
0.39,0.157,0.444999,0,0,1,2
0.39,0.157,0.447999,0,0,1,2
0.39,0.157,0.450999,0,0,1,2
0.39,0.16,0.25,0,0,1,2
0.39,0.16,0.253,0,0,1,2
0.39,0.16,0.256,0,0,1,2
0.39,0.16,0.259,0,0,1,2
0.39,0.16,0.262,0,0,1,2
0.39,0.16,0.265,0,0,1,2
0.39,0.16,0.268,0,0,1,2
0.39,0.16,0.271,0,0,1,2
0.39,0.16,0.274,0,0,1,2
0.39,0.16,0.277,0,0,1,2
0.39,0.16,0.28,0,0,1,2
0.39,0.16,0.283,0,0,1,2
0.39,0.16,0.286,0,0,1,2
0.39,0.16,0.289,0,0,1,2
0.39,0.16,0.292,0,0,1,2
0.39,0.16,0.295,0,0,1,2
0.39,0.16,0.298,0,0,1,2
0.39,0.16,0.301,0,0,1,2
0.39,0.16,0.304,0,0,1,2
0.39,0.16,0.307,0,0,1,2
0.39,0.16,0.31,0,0,1,2
0.39,0.16,0.313,0,0,1,2
0.39,0.16,0.316,0,0,1,2
0.39,0.16,0.319,0,0,1,2
0.39,0.16,0.322,0,0,1,2
0.39,0.16,0.325,0,0,1,2
0.39,0.16,0.328,0,0,1,2
0.39,0.16,0.331,0,0,1,2
0.39,0.16,0.334,0,0,1,2
0.39,0.16,0.337,0,0,1,2
0.39,0.16,0.34,0,0,1,2
0.39,0.16,0.343,0,0,1,2
0.39,0.16,0.346,0,0,1,2
0.39,0.16,0.349,0,0,1,2
0.39,0.16,0.352,0,0,1,2
0.39,0.16,0.355,0,0,1,2
0.39,0.16,0.358,0,0,1,2
0.39,0.16,0.361,0,0,1,2
0.39,0.16,0.364,0,0,1,2
0.39,0.16,0.367,0,0,1,2
0.39,0.16,0.37,0,0,1,2
0.39,0.16,0.373,0,0,1,2
0.39,0.16,0.376,0,0,1,2
0.39,0.16,0.379,0,0,1,2
0.39,0.16,0.382,0,0,1,2
0.39,0.16,0.385,0,0,1,2
0.39,0.16,0.388,0,0,1,2
0.39,0.16,0.391,0,0,1,2
0.39,0.16,0.394,0,0,1,2
0.39,0.16,0.397,0,0,1,2
0.39,0.16,0.4,0,0,1,2
0.39,0.16,0.403,0,0,1,2
0.39,0.16,0.406,0,0,1,2
0.39,0.16,0.409,0,0,1,2
0.39,0.16,0.412,0,0,1,2
0.39,0.16,0.415,0,0,1,2
0.39,0.16,0.418,0,0,1,2
0.39,0.16,0.420999,0,0,1,2
0.39,0.16,0.423999,0,0,1,2
0.39,0.16,0.426999,0,0,1,2
0.39,0.16,0.429999,0,0,1,2
0.39,0.16,0.432999,0,0,1,2
0.39,0.16,0.435999,0,0,1,2
0.39,0.16,0.438999,0,0,1,2
0.39,0.16,0.441999,0,0,1,2
0.39,0.16,0.444999,0,0,1,2
0.39,0.16,0.447999,0,0,1,2
0.39,0.16,0.450999,0,0,1,2
0.39,0.163,0.25,0,0,1,2
0.39,0.163,0.253,0,0,1,2
0.39,0.163,0.256,0,0,1,2
0.39,0.163,0.259,0,0,1,2
0.39,0.163,0.262,0,0,1,2
0.39,0.163,0.265,0,0,1,2
0.39,0.163,0.268,0,0,1,2
0.39,0.163,0.271,0,0,1,2
0.39,0.163,0.274,0,0,1,2
0.39,0.163,0.277,0,0,1,2
0.39,0.163,0.28,0,0,1,2
0.39,0.163,0.283,0,0,1,2
0.39,0.163,0.286,0,0,1,2
0.39,0.163,0.289,0,0,1,2
0.39,0.163,0.292,0,0,1,2
0.39,0.163,0.295,0,0,1,2
0.39,0.163,0.298,0,0,1,2
0.39,0.163,0.301,0,0,1,2
0.39,0.163,0.304,0,0,1,2
0.39,0.163,0.307,0,0,1,2
0.39,0.163,0.31,0,0,1,2
0.39,0.163,0.313,0,0,1,2
0.39,0.163,0.316,0,0,1,2
0.39,0.163,0.319,0,0,1,2
0.39,0.163,0.322,0,0,1,2
0.39,0.163,0.325,0,0,1,2
0.39,0.163,0.328,0,0,1,2
0.39,0.163,0.331,0,0,1,2
0.39,0.163,0.334,0,0,1,2
0.39,0.163,0.337,0,0,1,2
0.39,0.163,0.34,0,0,1,2
0.39,0.163,0.343,0,0,1,2
0.39,0.163,0.346,0,0,1,2
0.39,0.163,0.349,0,0,1,2
0.39,0.163,0.352,0,0,1,2
0.39,0.163,0.355,0,0,1,2
0.39,0.163,0.358,0,0,1,2
0.39,0.163,0.361,0,0,1,2
0.39,0.163,0.364,0,0,1,2
0.39,0.163,0.367,0,0,1,2
0.39,0.163,0.37,0,0,1,2
0.39,0.163,0.373,0,0,1,2
0.39,0.163,0.376,0,0,1,2
0.39,0.163,0.379,0,0,1,2
0.39,0.163,0.382,0,0,1,2
0.39,0.163,0.385,0,0,1,2
0.39,0.163,0.388,0,0,1,2
0.39,0.163,0.391,0,0,1,2
0.39,0.163,0.394,0,0,1,2
0.39,0.163,0.397,0,0,1,2
0.39,0.163,0.4,0,0,1,2
0.39,0.163,0.403,0,0,1,2
0.39,0.163,0.406,0,0,1,2
0.39,0.163,0.409,0,0,1,2
0.39,0.163,0.412,0,0,1,2
0.39,0.163,0.415,0,0,1,2
0.39,0.163,0.418,0,0,1,2
0.39,0.163,0.420999,0,0,1,2
0.39,0.163,0.423999,0,0,1,2
0.39,0.163,0.426999,0,0,1,2
0.39,0.163,0.429999,0,0,1,2
0.39,0.163,0.432999,0,0,1,2
0.39,0.163,0.435999,0,0,1,2
0.39,0.163,0.438999,0,0,1,2
0.39,0.163,0.441999,0,0,1,2
0.39,0.163,0.444999,0,0,1,2
0.39,0.163,0.447999,0,0,1,2
0.39,0.163,0.450999,0,0,1,2
0.39,0.166,0.25,0,0,1,2
0.39,0.166,0.253,0,0,1,2
0.39,0.166,0.256,0,0,1,2
0.39,0.166,0.259,0,0,1,2
0.39,0.166,0.262,0,0,1,2
0.39,0.166,0.265,0,0,1,2
0.39,0.166,0.268,0,0,1,2
0.39,0.166,0.271,0,0,1,2
0.39,0.166,0.274,0,0,1,2
0.39,0.166,0.277,0,0,1,2
0.39,0.166,0.28,0,0,1,2
0.39,0.166,0.283,0,0,1,2
0.39,0.166,0.286,0,0,1,2
0.39,0.166,0.289,0,0,1,2
0.39,0.166,0.292,0,0,1,2
0.39,0.166,0.295,0,0,1,2
0.39,0.166,0.298,0,0,1,2
0.39,0.166,0.301,0,0,1,2
0.39,0.166,0.304,0,0,1,2
0.39,0.166,0.307,0,0,1,2
0.39,0.166,0.31,0,0,1,2
0.39,0.166,0.313,0,0,1,2
0.39,0.166,0.316,0,0,1,2
0.39,0.166,0.319,0,0,1,2
0.39,0.166,0.322,0,0,1,2
0.39,0.166,0.325,0,0,1,2
0.39,0.166,0.328,0,0,1,2
0.39,0.166,0.331,0,0,1,2
0.39,0.166,0.334,0,0,1,2
0.39,0.166,0.337,0,0,1,2
0.39,0.166,0.34,0,0,1,2
0.39,0.166,0.343,0,0,1,2
0.39,0.166,0.346,0,0,1,2
0.39,0.166,0.349,0,0,1,2
0.39,0.166,0.352,0,0,1,2
0.39,0.166,0.355,0,0,1,2
0.39,0.166,0.358,0,0,1,2
0.39,0.166,0.361,0,0,1,2
0.39,0.166,0.364,0,0,1,2
0.39,0.166,0.367,0,0,1,2
0.39,0.166,0.37,0,0,1,2
0.39,0.166,0.373,0,0,1,2
0.39,0.166,0.376,0,0,1,2
0.39,0.166,0.379,0,0,1,2
0.39,0.166,0.382,0,0,1,2
0.39,0.166,0.385,0,0,1,2
0.39,0.166,0.388,0,0,1,2
0.39,0.166,0.391,0,0,1,2
0.39,0.166,0.394,0,0,1,2
0.39,0.166,0.397,0,0,1,2
0.39,0.166,0.4,0,0,1,2
0.39,0.166,0.403,0,0,1,2
0.39,0.166,0.406,0,0,1,2
0.39,0.166,0.409,0,0,1,2
0.39,0.166,0.412,0,0,1,2
0.39,0.166,0.415,0,0,1,2
0.39,0.166,0.418,0,0,1,2
0.39,0.166,0.420999,0,0,1,2
0.39,0.166,0.423999,0,0,1,2
0.39,0.166,0.426999,0,0,1,2
0.39,0.166,0.429999,0,0,1,2
0.39,0.166,0.432999,0,0,1,2
0.39,0.166,0.435999,0,0,1,2
0.39,0.166,0.438999,0,0,1,2
0.39,0.166,0.441999,0,0,1,2
0.39,0.166,0.444999,0,0,1,2
0.39,0.166,0.447999,0,0,1,2
0.39,0.166,0.450999,0,0,1,2
0.39,0.169,0.25,0,0,1,2
0.39,0.169,0.253,0,0,1,2
0.39,0.169,0.256,0,0,1,2
0.39,0.169,0.259,0,0,1,2
0.39,0.169,0.262,0,0,1,2
0.39,0.169,0.265,0,0,1,2
0.39,0.169,0.268,0,0,1,2
0.39,0.169,0.271,0,0,1,2
0.39,0.169,0.274,0,0,1,2
0.39,0.169,0.277,0,0,1,2
0.39,0.169,0.28,0,0,1,2
0.39,0.169,0.283,0,0,1,2
0.39,0.169,0.286,0,0,1,2
0.39,0.169,0.289,0,0,1,2
0.39,0.169,0.292,0,0,1,2
0.39,0.169,0.295,0,0,1,2
0.39,0.169,0.298,0,0,1,2
0.39,0.169,0.301,0,0,1,2
0.39,0.169,0.304,0,0,1,2
0.39,0.169,0.307,0,0,1,2
0.39,0.169,0.31,0,0,1,2
0.39,0.169,0.313,0,0,1,2
0.39,0.169,0.316,0,0,1,2
0.39,0.169,0.319,0,0,1,2
0.39,0.169,0.322,0,0,1,2
0.39,0.169,0.325,0,0,1,2
0.39,0.169,0.328,0,0,1,2
0.39,0.169,0.331,0,0,1,2
0.39,0.169,0.334,0,0,1,2
0.39,0.169,0.337,0,0,1,2
0.39,0.169,0.34,0,0,1,2
0.39,0.169,0.343,0,0,1,2
0.39,0.169,0.346,0,0,1,2
0.39,0.169,0.349,0,0,1,2
0.39,0.169,0.352,0,0,1,2
0.39,0.169,0.355,0,0,1,2
0.39,0.169,0.358,0,0,1,2
0.39,0.169,0.361,0,0,1,2
0.39,0.169,0.364,0,0,1,2
0.39,0.169,0.367,0,0,1,2
0.39,0.169,0.37,0,0,1,2
0.39,0.169,0.373,0,0,1,2
0.39,0.169,0.376,0,0,1,2
0.39,0.169,0.379,0,0,1,2
0.39,0.169,0.382,0,0,1,2
0.39,0.169,0.385,0,0,1,2
0.39,0.169,0.388,0,0,1,2
0.39,0.169,0.391,0,0,1,2
0.39,0.169,0.394,0,0,1,2
0.39,0.169,0.397,0,0,1,2
0.39,0.169,0.4,0,0,1,2
0.39,0.169,0.403,0,0,1,2
0.39,0.169,0.406,0,0,1,2
0.39,0.169,0.409,0,0,1,2
0.39,0.169,0.412,0,0,1,2
0.39,0.169,0.415,0,0,1,2
0.39,0.169,0.418,0,0,1,2
0.39,0.169,0.420999,0,0,1,2
0.39,0.169,0.423999,0,0,1,2
0.39,0.169,0.426999,0,0,1,2
0.39,0.169,0.429999,0,0,1,2
0.39,0.169,0.432999,0,0,1,2
0.39,0.169,0.435999,0,0,1,2
0.39,0.169,0.438999,0,0,1,2
0.39,0.169,0.441999,0,0,1,2
0.39,0.169,0.444999,0,0,1,2
0.39,0.169,0.447999,0,0,1,2
0.39,0.169,0.450999,0,0,1,2
0.39,0.172,0.25,0,0,1,2
0.39,0.172,0.253,0,0,1,2
0.39,0.172,0.256,0,0,1,2
0.39,0.172,0.259,0,0,1,2
0.39,0.172,0.262,0,0,1,2
0.39,0.172,0.265,0,0,1,2
0.39,0.172,0.268,0,0,1,2
0.39,0.172,0.271,0,0,1,2
0.39,0.172,0.274,0,0,1,2
0.39,0.172,0.277,0,0,1,2
0.39,0.172,0.28,0,0,1,2
0.39,0.172,0.283,0,0,1,2
0.39,0.172,0.286,0,0,1,2
0.39,0.172,0.289,0,0,1,2
0.39,0.172,0.292,0,0,1,2
0.39,0.172,0.295,0,0,1,2
0.39,0.172,0.298,0,0,1,2
0.39,0.172,0.301,0,0,1,2
0.39,0.172,0.304,0,0,1,2
0.39,0.172,0.307,0,0,1,2
0.39,0.172,0.31,0,0,1,2
0.39,0.172,0.313,0,0,1,2
0.39,0.172,0.316,0,0,1,2
0.39,0.172,0.319,0,0,1,2
0.39,0.172,0.322,0,0,1,2
0.39,0.172,0.325,0,0,1,2
0.39,0.172,0.328,0,0,1,2
0.39,0.172,0.331,0,0,1,2
0.39,0.172,0.334,0,0,1,2
0.39,0.172,0.337,0,0,1,2
0.39,0.172,0.34,0,0,1,2
0.39,0.172,0.343,0,0,1,2
0.39,0.172,0.346,0,0,1,2
0.39,0.172,0.349,0,0,1,2
0.39,0.172,0.352,0,0,1,2
0.39,0.172,0.355,0,0,1,2
0.39,0.172,0.358,0,0,1,2
0.39,0.172,0.361,0,0,1,2
0.39,0.172,0.364,0,0,1,2
0.39,0.172,0.367,0,0,1,2
0.39,0.172,0.37,0,0,1,2
0.39,0.172,0.373,0,0,1,2
0.39,0.172,0.376,0,0,1,2
0.39,0.172,0.379,0,0,1,2
0.39,0.172,0.382,0,0,1,2
0.39,0.172,0.385,0,0,1,2
0.39,0.172,0.388,0,0,1,2
0.39,0.172,0.391,0,0,1,2
0.39,0.172,0.394,0,0,1,2
0.39,0.172,0.397,0,0,1,2
0.39,0.172,0.4,0,0,1,2
0.39,0.172,0.403,0,0,1,2
0.39,0.172,0.406,0,0,1,2
0.39,0.172,0.409,0,0,1,2
0.39,0.172,0.412,0,0,1,2
0.39,0.172,0.415,0,0,1,2
0.39,0.172,0.418,0,0,1,2
0.39,0.172,0.420999,0,0,1,2
0.39,0.172,0.423999,0,0,1,2
0.39,0.172,0.426999,0,0,1,2
0.39,0.172,0.429999,0,0,1,2
0.39,0.172,0.432999,0,0,1,2
0.39,0.172,0.435999,0,0,1,2
0.39,0.172,0.438999,0,0,1,2
0.39,0.172,0.441999,0,0,1,2
0.39,0.172,0.444999,0,0,1,2
0.39,0.172,0.447999,0,0,1,2
0.39,0.172,0.450999,0,0,1,2
0.39,0.175,0.25,0,0,1,2
0.39,0.175,0.253,0,0,1,2
0.39,0.175,0.256,0,0,1,2
0.39,0.175,0.259,0,0,1,2
0.39,0.175,0.262,0,0,1,2
0.39,0.175,0.265,0,0,1,2
0.39,0.175,0.268,0,0,1,2
0.39,0.175,0.271,0,0,1,2
0.39,0.175,0.274,0,0,1,2
0.39,0.175,0.277,0,0,1,2
0.39,0.175,0.28,0,0,1,2
0.39,0.175,0.283,0,0,1,2
0.39,0.175,0.286,0,0,1,2
0.39,0.175,0.289,0,0,1,2
0.39,0.175,0.292,0,0,1,2
0.39,0.175,0.295,0,0,1,2
0.39,0.175,0.298,0,0,1,2
0.39,0.175,0.301,0,0,1,2
0.39,0.175,0.304,0,0,1,2
0.39,0.175,0.307,0,0,1,2
0.39,0.175,0.31,0,0,1,2
0.39,0.175,0.313,0,0,1,2
0.39,0.175,0.316,0,0,1,2
0.39,0.175,0.319,0,0,1,2
0.39,0.175,0.322,0,0,1,2
0.39,0.175,0.325,0,0,1,2
0.39,0.175,0.328,0,0,1,2
0.39,0.175,0.331,0,0,1,2
0.39,0.175,0.334,0,0,1,2
0.39,0.175,0.337,0,0,1,2
0.39,0.175,0.34,0,0,1,2
0.39,0.175,0.343,0,0,1,2
0.39,0.175,0.346,0,0,1,2
0.39,0.175,0.349,0,0,1,2
0.39,0.175,0.352,0,0,1,2
0.39,0.175,0.355,0,0,1,2
0.39,0.175,0.358,0,0,1,2
0.39,0.175,0.361,0,0,1,2
0.39,0.175,0.364,0,0,1,2
0.39,0.175,0.367,0,0,1,2
0.39,0.175,0.37,0,0,1,2
0.39,0.175,0.373,0,0,1,2
0.39,0.175,0.376,0,0,1,2
0.39,0.175,0.379,0,0,1,2
0.39,0.175,0.382,0,0,1,2
0.39,0.175,0.385,0,0,1,2
0.39,0.175,0.388,0,0,1,2
0.39,0.175,0.391,0,0,1,2
0.39,0.175,0.394,0,0,1,2
0.39,0.175,0.397,0,0,1,2
0.39,0.175,0.4,0,0,1,2
0.39,0.175,0.403,0,0,1,2
0.39,0.175,0.406,0,0,1,2
0.39,0.175,0.409,0,0,1,2
0.39,0.175,0.412,0,0,1,2
0.39,0.175,0.415,0,0,1,2
0.39,0.175,0.418,0,0,1,2
0.39,0.175,0.420999,0,0,1,2
0.39,0.175,0.423999,0,0,1,2
0.39,0.175,0.426999,0,0,1,2
0.39,0.175,0.429999,0,0,1,2
0.39,0.175,0.432999,0,0,1,2
0.39,0.175,0.435999,0,0,1,2
0.39,0.175,0.438999,0,0,1,2
0.39,0.175,0.441999,0,0,1,2
0.39,0.175,0.444999,0,0,1,2
0.39,0.175,0.447999,0,0,1,2
0.39,0.175,0.450999,0,0,1,2
0.39,0.178,0.25,0,0,1,2
0.39,0.178,0.253,0,0,1,2
0.39,0.178,0.256,0,0,1,2
0.39,0.178,0.259,0,0,1,2
0.39,0.178,0.262,0,0,1,2
0.39,0.178,0.265,0,0,1,2
0.39,0.178,0.268,0,0,1,2
0.39,0.178,0.271,0,0,1,2
0.39,0.178,0.274,0,0,1,2
0.39,0.178,0.277,0,0,1,2
0.39,0.178,0.28,0,0,1,2
0.39,0.178,0.283,0,0,1,2
0.39,0.178,0.286,0,0,1,2
0.39,0.178,0.289,0,0,1,2
0.39,0.178,0.292,0,0,1,2
0.39,0.178,0.295,0,0,1,2
0.39,0.178,0.298,0,0,1,2
0.39,0.178,0.301,0,0,1,2
0.39,0.178,0.304,0,0,1,2
0.39,0.178,0.307,0,0,1,2
0.39,0.178,0.31,0,0,1,2
0.39,0.178,0.313,0,0,1,2
0.39,0.178,0.316,0,0,1,2
0.39,0.178,0.319,0,0,1,2
0.39,0.178,0.322,0,0,1,2
0.39,0.178,0.325,0,0,1,2
0.39,0.178,0.328,0,0,1,2
0.39,0.178,0.331,0,0,1,2
0.39,0.178,0.334,0,0,1,2
0.39,0.178,0.337,0,0,1,2
0.39,0.178,0.34,0,0,1,2
0.39,0.178,0.343,0,0,1,2
0.39,0.178,0.346,0,0,1,2
0.39,0.178,0.349,0,0,1,2
0.39,0.178,0.352,0,0,1,2
0.39,0.178,0.355,0,0,1,2
0.39,0.178,0.358,0,0,1,2
0.39,0.178,0.361,0,0,1,2
0.39,0.178,0.364,0,0,1,2
0.39,0.178,0.367,0,0,1,2
0.39,0.178,0.37,0,0,1,2
0.39,0.178,0.373,0,0,1,2
0.39,0.178,0.376,0,0,1,2
0.39,0.178,0.379,0,0,1,2
0.39,0.178,0.382,0,0,1,2
0.39,0.178,0.385,0,0,1,2
0.39,0.178,0.388,0,0,1,2
0.39,0.178,0.391,0,0,1,2
0.39,0.178,0.394,0,0,1,2
0.39,0.178,0.397,0,0,1,2
0.39,0.178,0.4,0,0,1,2
0.39,0.178,0.403,0,0,1,2
0.39,0.178,0.406,0,0,1,2
0.39,0.178,0.409,0,0,1,2
0.39,0.178,0.412,0,0,1,2
0.39,0.178,0.415,0,0,1,2
0.39,0.178,0.418,0,0,1,2
0.39,0.178,0.420999,0,0,1,2
0.39,0.178,0.423999,0,0,1,2
0.39,0.178,0.426999,0,0,1,2
0.39,0.178,0.429999,0,0,1,2
0.39,0.178,0.432999,0,0,1,2
0.39,0.178,0.435999,0,0,1,2
0.39,0.178,0.438999,0,0,1,2
0.39,0.178,0.441999,0,0,1,2
0.39,0.178,0.444999,0,0,1,2
0.39,0.178,0.447999,0,0,1,2
0.39,0.178,0.450999,0,0,1,2
0.39,0.181,0.25,0,0,1,2
0.39,0.181,0.253,0,0,1,2
0.39,0.181,0.256,0,0,1,2
0.39,0.181,0.259,0,0,1,2
0.39,0.181,0.262,0,0,1,2
0.39,0.181,0.265,0,0,1,2
0.39,0.181,0.268,0,0,1,2
0.39,0.181,0.271,0,0,1,2
0.39,0.181,0.274,0,0,1,2
0.39,0.181,0.277,0,0,1,2
0.39,0.181,0.28,0,0,1,2
0.39,0.181,0.283,0,0,1,2
0.39,0.181,0.286,0,0,1,2
0.39,0.181,0.289,0,0,1,2
0.39,0.181,0.292,0,0,1,2
0.39,0.181,0.295,0,0,1,2
0.39,0.181,0.298,0,0,1,2
0.39,0.181,0.301,0,0,1,2
0.39,0.181,0.304,0,0,1,2
0.39,0.181,0.307,0,0,1,2
0.39,0.181,0.31,0,0,1,2
0.39,0.181,0.313,0,0,1,2
0.39,0.181,0.316,0,0,1,2
0.39,0.181,0.319,0,0,1,2
0.39,0.181,0.322,0,0,1,2
0.39,0.181,0.325,0,0,1,2
0.39,0.181,0.328,0,0,1,2
0.39,0.181,0.331,0,0,1,2
0.39,0.181,0.334,0,0,1,2
0.39,0.181,0.337,0,0,1,2
0.39,0.181,0.34,0,0,1,2
0.39,0.181,0.343,0,0,1,2
0.39,0.181,0.346,0,0,1,2
0.39,0.181,0.349,0,0,1,2
0.39,0.181,0.352,0,0,1,2
0.39,0.181,0.355,0,0,1,2
0.39,0.181,0.358,0,0,1,2
0.39,0.181,0.361,0,0,1,2
0.39,0.181,0.364,0,0,1,2
0.39,0.181,0.367,0,0,1,2
0.39,0.181,0.37,0,0,1,2
0.39,0.181,0.373,0,0,1,2
0.39,0.181,0.376,0,0,1,2
0.39,0.181,0.379,0,0,1,2
0.39,0.181,0.382,0,0,1,2
0.39,0.181,0.385,0,0,1,2
0.39,0.181,0.388,0,0,1,2
0.39,0.181,0.391,0,0,1,2
0.39,0.181,0.394,0,0,1,2
0.39,0.181,0.397,0,0,1,2
0.39,0.181,0.4,0,0,1,2
0.39,0.181,0.403,0,0,1,2
0.39,0.181,0.406,0,0,1,2
0.39,0.181,0.409,0,0,1,2
0.39,0.181,0.412,0,0,1,2
0.39,0.181,0.415,0,0,1,2
0.39,0.181,0.418,0,0,1,2
0.39,0.181,0.420999,0,0,1,2
0.39,0.181,0.423999,0,0,1,2
0.39,0.181,0.426999,0,0,1,2
0.39,0.181,0.429999,0,0,1,2
0.39,0.181,0.432999,0,0,1,2
0.39,0.181,0.435999,0,0,1,2
0.39,0.181,0.438999,0,0,1,2
0.39,0.181,0.441999,0,0,1,2
0.39,0.181,0.444999,0,0,1,2
0.39,0.181,0.447999,0,0,1,2
0.39,0.181,0.450999,0,0,1,2
0.39,0.184,0.25,0,0,1,2
0.39,0.184,0.253,0,0,1,2
0.39,0.184,0.256,0,0,1,2
0.39,0.184,0.259,0,0,1,2
0.39,0.184,0.262,0,0,1,2
0.39,0.184,0.265,0,0,1,2
0.39,0.184,0.268,0,0,1,2
0.39,0.184,0.271,0,0,1,2
0.39,0.184,0.274,0,0,1,2
0.39,0.184,0.277,0,0,1,2
0.39,0.184,0.28,0,0,1,2
0.39,0.184,0.283,0,0,1,2
0.39,0.184,0.286,0,0,1,2
0.39,0.184,0.289,0,0,1,2
0.39,0.184,0.292,0,0,1,2
0.39,0.184,0.295,0,0,1,2
0.39,0.184,0.298,0,0,1,2
0.39,0.184,0.301,0,0,1,2
0.39,0.184,0.304,0,0,1,2
0.39,0.184,0.307,0,0,1,2
0.39,0.184,0.31,0,0,1,2
0.39,0.184,0.313,0,0,1,2
0.39,0.184,0.316,0,0,1,2
0.39,0.184,0.319,0,0,1,2
0.39,0.184,0.322,0,0,1,2
0.39,0.184,0.325,0,0,1,2
0.39,0.184,0.328,0,0,1,2
0.39,0.184,0.331,0,0,1,2
0.39,0.184,0.334,0,0,1,2
0.39,0.184,0.337,0,0,1,2
0.39,0.184,0.34,0,0,1,2
0.39,0.184,0.343,0,0,1,2
0.39,0.184,0.346,0,0,1,2
0.39,0.184,0.349,0,0,1,2
0.39,0.184,0.352,0,0,1,2
0.39,0.184,0.355,0,0,1,2
0.39,0.184,0.358,0,0,1,2
0.39,0.184,0.361,0,0,1,2
0.39,0.184,0.364,0,0,1,2
0.39,0.184,0.367,0,0,1,2
0.39,0.184,0.37,0,0,1,2
0.39,0.184,0.373,0,0,1,2
0.39,0.184,0.376,0,0,1,2
0.39,0.184,0.379,0,0,1,2
0.39,0.184,0.382,0,0,1,2
0.39,0.184,0.385,0,0,1,2
0.39,0.184,0.388,0,0,1,2
0.39,0.184,0.391,0,0,1,2
0.39,0.184,0.394,0,0,1,2
0.39,0.184,0.397,0,0,1,2
0.39,0.184,0.4,0,0,1,2
0.39,0.184,0.403,0,0,1,2
0.39,0.184,0.406,0,0,1,2
0.39,0.184,0.409,0,0,1,2
0.39,0.184,0.412,0,0,1,2
0.39,0.184,0.415,0,0,1,2
0.39,0.184,0.418,0,0,1,2
0.39,0.184,0.420999,0,0,1,2
0.39,0.184,0.423999,0,0,1,2
0.39,0.184,0.426999,0,0,1,2
0.39,0.184,0.429999,0,0,1,2
0.39,0.184,0.432999,0,0,1,2
0.39,0.184,0.435999,0,0,1,2
0.39,0.184,0.438999,0,0,1,2
0.39,0.184,0.441999,0,0,1,2
0.39,0.184,0.444999,0,0,1,2
0.39,0.184,0.447999,0,0,1,2
0.39,0.184,0.450999,0,0,1,2
0.39,0.187,0.25,0,0,1,2
0.39,0.187,0.253,0,0,1,2
0.39,0.187,0.256,0,0,1,2
0.39,0.187,0.259,0,0,1,2
0.39,0.187,0.262,0,0,1,2
0.39,0.187,0.265,0,0,1,2
0.39,0.187,0.268,0,0,1,2
0.39,0.187,0.271,0,0,1,2
0.39,0.187,0.274,0,0,1,2
0.39,0.187,0.277,0,0,1,2
0.39,0.187,0.28,0,0,1,2
0.39,0.187,0.283,0,0,1,2
0.39,0.187,0.286,0,0,1,2
0.39,0.187,0.289,0,0,1,2
0.39,0.187,0.292,0,0,1,2
0.39,0.187,0.295,0,0,1,2
0.39,0.187,0.298,0,0,1,2
0.39,0.187,0.301,0,0,1,2
0.39,0.187,0.304,0,0,1,2
0.39,0.187,0.307,0,0,1,2
0.39,0.187,0.31,0,0,1,2
0.39,0.187,0.313,0,0,1,2
0.39,0.187,0.316,0,0,1,2
0.39,0.187,0.319,0,0,1,2
0.39,0.187,0.322,0,0,1,2
0.39,0.187,0.325,0,0,1,2
0.39,0.187,0.328,0,0,1,2
0.39,0.187,0.331,0,0,1,2
0.39,0.187,0.334,0,0,1,2
0.39,0.187,0.337,0,0,1,2
0.39,0.187,0.34,0,0,1,2
0.39,0.187,0.343,0,0,1,2
0.39,0.187,0.346,0,0,1,2
0.39,0.187,0.349,0,0,1,2
0.39,0.187,0.352,0,0,1,2
0.39,0.187,0.355,0,0,1,2
0.39,0.187,0.358,0,0,1,2
0.39,0.187,0.361,0,0,1,2
0.39,0.187,0.364,0,0,1,2
0.39,0.187,0.367,0,0,1,2
0.39,0.187,0.37,0,0,1,2
0.39,0.187,0.373,0,0,1,2
0.39,0.187,0.376,0,0,1,2
0.39,0.187,0.379,0,0,1,2
0.39,0.187,0.382,0,0,1,2
0.39,0.187,0.385,0,0,1,2
0.39,0.187,0.388,0,0,1,2
0.39,0.187,0.391,0,0,1,2
0.39,0.187,0.394,0,0,1,2
0.39,0.187,0.397,0,0,1,2
0.39,0.187,0.4,0,0,1,2
0.39,0.187,0.403,0,0,1,2
0.39,0.187,0.406,0,0,1,2
0.39,0.187,0.409,0,0,1,2
0.39,0.187,0.412,0,0,1,2
0.39,0.187,0.415,0,0,1,2
0.39,0.187,0.418,0,0,1,2
0.39,0.187,0.420999,0,0,1,2
0.39,0.187,0.423999,0,0,1,2
0.39,0.187,0.426999,0,0,1,2
0.39,0.187,0.429999,0,0,1,2
0.39,0.187,0.432999,0,0,1,2
0.39,0.187,0.435999,0,0,1,2
0.39,0.187,0.438999,0,0,1,2
0.39,0.187,0.441999,0,0,1,2
0.39,0.187,0.444999,0,0,1,2
0.39,0.187,0.447999,0,0,1,2
0.39,0.187,0.450999,0,0,1,2
0.39,0.19,0.25,0,0,1,2
0.39,0.19,0.253,0,0,1,2
0.39,0.19,0.256,0,0,1,2
0.39,0.19,0.259,0,0,1,2
0.39,0.19,0.262,0,0,1,2
0.39,0.19,0.265,0,0,1,2
0.39,0.19,0.268,0,0,1,2
0.39,0.19,0.271,0,0,1,2
0.39,0.19,0.274,0,0,1,2
0.39,0.19,0.277,0,0,1,2
0.39,0.19,0.28,0,0,1,2
0.39,0.19,0.283,0,0,1,2
0.39,0.19,0.286,0,0,1,2
0.39,0.19,0.289,0,0,1,2
0.39,0.19,0.292,0,0,1,2
0.39,0.19,0.295,0,0,1,2
0.39,0.19,0.298,0,0,1,2
0.39,0.19,0.301,0,0,1,2
0.39,0.19,0.304,0,0,1,2
0.39,0.19,0.307,0,0,1,2
0.39,0.19,0.31,0,0,1,2
0.39,0.19,0.313,0,0,1,2
0.39,0.19,0.316,0,0,1,2
0.39,0.19,0.319,0,0,1,2
0.39,0.19,0.322,0,0,1,2
0.39,0.19,0.325,0,0,1,2
0.39,0.19,0.328,0,0,1,2
0.39,0.19,0.331,0,0,1,2
0.39,0.19,0.334,0,0,1,2
0.39,0.19,0.337,0,0,1,2
0.39,0.19,0.34,0,0,1,2
0.39,0.19,0.343,0,0,1,2
0.39,0.19,0.346,0,0,1,2
0.39,0.19,0.349,0,0,1,2
0.39,0.19,0.352,0,0,1,2
0.39,0.19,0.355,0,0,1,2
0.39,0.19,0.358,0,0,1,2
0.39,0.19,0.361,0,0,1,2
0.39,0.19,0.364,0,0,1,2
0.39,0.19,0.367,0,0,1,2
0.39,0.19,0.37,0,0,1,2
0.39,0.19,0.373,0,0,1,2
0.39,0.19,0.376,0,0,1,2
0.39,0.19,0.379,0,0,1,2
0.39,0.19,0.382,0,0,1,2
0.39,0.19,0.385,0,0,1,2
0.39,0.19,0.388,0,0,1,2
0.39,0.19,0.391,0,0,1,2
0.39,0.19,0.394,0,0,1,2
0.39,0.19,0.397,0,0,1,2
0.39,0.19,0.4,0,0,1,2
0.39,0.19,0.403,0,0,1,2
0.39,0.19,0.406,0,0,1,2
0.39,0.19,0.409,0,0,1,2
0.39,0.19,0.412,0,0,1,2
0.39,0.19,0.415,0,0,1,2
0.39,0.19,0.418,0,0,1,2
0.39,0.19,0.420999,0,0,1,2
0.39,0.19,0.423999,0,0,1,2
0.39,0.19,0.426999,0,0,1,2
0.39,0.19,0.429999,0,0,1,2
0.39,0.19,0.432999,0,0,1,2
0.39,0.19,0.435999,0,0,1,2
0.39,0.19,0.438999,0,0,1,2
0.39,0.19,0.441999,0,0,1,2
0.39,0.19,0.444999,0,0,1,2
0.39,0.19,0.447999,0,0,1,2
0.39,0.19,0.450999,0,0,1,2
0.39,0.193,0.25,0,0,1,2
0.39,0.193,0.253,0,0,1,2
0.39,0.193,0.256,0,0,1,2
0.39,0.193,0.259,0,0,1,2
0.39,0.193,0.262,0,0,1,2
0.39,0.193,0.265,0,0,1,2
0.39,0.193,0.268,0,0,1,2
0.39,0.193,0.271,0,0,1,2
0.39,0.193,0.274,0,0,1,2
0.39,0.193,0.277,0,0,1,2
0.39,0.193,0.28,0,0,1,2
0.39,0.193,0.283,0,0,1,2
0.39,0.193,0.286,0,0,1,2
0.39,0.193,0.289,0,0,1,2
0.39,0.193,0.292,0,0,1,2
0.39,0.193,0.295,0,0,1,2
0.39,0.193,0.298,0,0,1,2
0.39,0.193,0.301,0,0,1,2
0.39,0.193,0.304,0,0,1,2
0.39,0.193,0.307,0,0,1,2
0.39,0.193,0.31,0,0,1,2
0.39,0.193,0.313,0,0,1,2
0.39,0.193,0.316,0,0,1,2
0.39,0.193,0.319,0,0,1,2
0.39,0.193,0.322,0,0,1,2
0.39,0.193,0.325,0,0,1,2
0.39,0.193,0.328,0,0,1,2
0.39,0.193,0.331,0,0,1,2
0.39,0.193,0.334,0,0,1,2
0.39,0.193,0.337,0,0,1,2
0.39,0.193,0.34,0,0,1,2
0.39,0.193,0.343,0,0,1,2
0.39,0.193,0.346,0,0,1,2
0.39,0.193,0.349,0,0,1,2
0.39,0.193,0.352,0,0,1,2
0.39,0.193,0.355,0,0,1,2
0.39,0.193,0.358,0,0,1,2
0.39,0.193,0.361,0,0,1,2
0.39,0.193,0.364,0,0,1,2
0.39,0.193,0.367,0,0,1,2
0.39,0.193,0.37,0,0,1,2
0.39,0.193,0.373,0,0,1,2
0.39,0.193,0.376,0,0,1,2
0.39,0.193,0.379,0,0,1,2
0.39,0.193,0.382,0,0,1,2
0.39,0.193,0.385,0,0,1,2
0.39,0.193,0.388,0,0,1,2
0.39,0.193,0.391,0,0,1,2
0.39,0.193,0.394,0,0,1,2
0.39,0.193,0.397,0,0,1,2
0.39,0.193,0.4,0,0,1,2
0.39,0.193,0.403,0,0,1,2
0.39,0.193,0.406,0,0,1,2
0.39,0.193,0.409,0,0,1,2
0.39,0.193,0.412,0,0,1,2
0.39,0.193,0.415,0,0,1,2
0.39,0.193,0.418,0,0,1,2
0.39,0.193,0.420999,0,0,1,2
0.39,0.193,0.423999,0,0,1,2
0.39,0.193,0.426999,0,0,1,2
0.39,0.193,0.429999,0,0,1,2
0.39,0.193,0.432999,0,0,1,2
0.39,0.193,0.435999,0,0,1,2
0.39,0.193,0.438999,0,0,1,2
0.39,0.193,0.441999,0,0,1,2
0.39,0.193,0.444999,0,0,1,2
0.39,0.193,0.447999,0,0,1,2
0.39,0.193,0.450999,0,0,1,2
0.39,0.196,0.25,0,0,1,2
0.39,0.196,0.253,0,0,1,2
0.39,0.196,0.256,0,0,1,2
0.39,0.196,0.259,0,0,1,2
0.39,0.196,0.262,0,0,1,2
0.39,0.196,0.265,0,0,1,2
0.39,0.196,0.268,0,0,1,2
0.39,0.196,0.271,0,0,1,2
0.39,0.196,0.274,0,0,1,2
0.39,0.196,0.277,0,0,1,2
0.39,0.196,0.28,0,0,1,2
0.39,0.196,0.283,0,0,1,2
0.39,0.196,0.286,0,0,1,2
0.39,0.196,0.289,0,0,1,2
0.39,0.196,0.292,0,0,1,2
0.39,0.196,0.295,0,0,1,2
0.39,0.196,0.298,0,0,1,2
0.39,0.196,0.301,0,0,1,2
0.39,0.196,0.304,0,0,1,2
0.39,0.196,0.307,0,0,1,2
0.39,0.196,0.31,0,0,1,2
0.39,0.196,0.313,0,0,1,2
0.39,0.196,0.316,0,0,1,2
0.39,0.196,0.319,0,0,1,2
0.39,0.196,0.322,0,0,1,2
0.39,0.196,0.325,0,0,1,2
0.39,0.196,0.328,0,0,1,2
0.39,0.196,0.331,0,0,1,2
0.39,0.196,0.334,0,0,1,2
0.39,0.196,0.337,0,0,1,2
0.39,0.196,0.34,0,0,1,2
0.39,0.196,0.343,0,0,1,2
0.39,0.196,0.346,0,0,1,2
0.39,0.196,0.349,0,0,1,2
0.39,0.196,0.352,0,0,1,2
0.39,0.196,0.355,0,0,1,2
0.39,0.196,0.358,0,0,1,2
0.39,0.196,0.361,0,0,1,2
0.39,0.196,0.364,0,0,1,2
0.39,0.196,0.367,0,0,1,2
0.39,0.196,0.37,0,0,1,2
0.39,0.196,0.373,0,0,1,2
0.39,0.196,0.376,0,0,1,2
0.39,0.196,0.379,0,0,1,2
0.39,0.196,0.382,0,0,1,2
0.39,0.196,0.385,0,0,1,2
0.39,0.196,0.388,0,0,1,2
0.39,0.196,0.391,0,0,1,2
0.39,0.196,0.394,0,0,1,2
0.39,0.196,0.397,0,0,1,2
0.39,0.196,0.4,0,0,1,2
0.39,0.196,0.403,0,0,1,2
0.39,0.196,0.406,0,0,1,2
0.39,0.196,0.409,0,0,1,2
0.39,0.196,0.412,0,0,1,2
0.39,0.196,0.415,0,0,1,2
0.39,0.196,0.418,0,0,1,2
0.39,0.196,0.420999,0,0,1,2
0.39,0.196,0.423999,0,0,1,2
0.39,0.196,0.426999,0,0,1,2
0.39,0.196,0.429999,0,0,1,2
0.39,0.196,0.432999,0,0,1,2
0.39,0.196,0.435999,0,0,1,2
0.39,0.196,0.438999,0,0,1,2
0.39,0.196,0.441999,0,0,1,2
0.39,0.196,0.444999,0,0,1,2
0.39,0.196,0.447999,0,0,1,2
0.39,0.196,0.450999,0,0,1,2
0.39,0.199,0.25,0,0,1,2
0.39,0.199,0.253,0,0,1,2
0.39,0.199,0.256,0,0,1,2
0.39,0.199,0.259,0,0,1,2
0.39,0.199,0.262,0,0,1,2
0.39,0.199,0.265,0,0,1,2
0.39,0.199,0.268,0,0,1,2
0.39,0.199,0.271,0,0,1,2
0.39,0.199,0.274,0,0,1,2
0.39,0.199,0.277,0,0,1,2
0.39,0.199,0.28,0,0,1,2
0.39,0.199,0.283,0,0,1,2
0.39,0.199,0.286,0,0,1,2
0.39,0.199,0.289,0,0,1,2
0.39,0.199,0.292,0,0,1,2
0.39,0.199,0.295,0,0,1,2
0.39,0.199,0.298,0,0,1,2
0.39,0.199,0.301,0,0,1,2
0.39,0.199,0.304,0,0,1,2
0.39,0.199,0.307,0,0,1,2
0.39,0.199,0.31,0,0,1,2
0.39,0.199,0.313,0,0,1,2
0.39,0.199,0.316,0,0,1,2
0.39,0.199,0.319,0,0,1,2
0.39,0.199,0.322,0,0,1,2
0.39,0.199,0.325,0,0,1,2
0.39,0.199,0.328,0,0,1,2
0.39,0.199,0.331,0,0,1,2
0.39,0.199,0.334,0,0,1,2
0.39,0.199,0.337,0,0,1,2
0.39,0.199,0.34,0,0,1,2
0.39,0.199,0.343,0,0,1,2
0.39,0.199,0.346,0,0,1,2
0.39,0.199,0.349,0,0,1,2
0.39,0.199,0.352,0,0,1,2
0.39,0.199,0.355,0,0,1,2
0.39,0.199,0.358,0,0,1,2
0.39,0.199,0.361,0,0,1,2
0.39,0.199,0.364,0,0,1,2
0.39,0.199,0.367,0,0,1,2
0.39,0.199,0.37,0,0,1,2
0.39,0.199,0.373,0,0,1,2
0.39,0.199,0.376,0,0,1,2
0.39,0.199,0.379,0,0,1,2
0.39,0.199,0.382,0,0,1,2
0.39,0.199,0.385,0,0,1,2
0.39,0.199,0.388,0,0,1,2
0.39,0.199,0.391,0,0,1,2
0.39,0.199,0.394,0,0,1,2
0.39,0.199,0.397,0,0,1,2
0.39,0.199,0.4,0,0,1,2
0.39,0.199,0.403,0,0,1,2
0.39,0.199,0.406,0,0,1,2
0.39,0.199,0.409,0,0,1,2
0.39,0.199,0.412,0,0,1,2
0.39,0.199,0.415,0,0,1,2
0.39,0.199,0.418,0,0,1,2
0.39,0.199,0.420999,0,0,1,2
0.39,0.199,0.423999,0,0,1,2
0.39,0.199,0.426999,0,0,1,2
0.39,0.199,0.429999,0,0,1,2
0.39,0.199,0.432999,0,0,1,2
0.39,0.199,0.435999,0,0,1,2
0.39,0.199,0.438999,0,0,1,2
0.39,0.199,0.441999,0,0,1,2
0.39,0.199,0.444999,0,0,1,2
0.39,0.199,0.447999,0,0,1,2
0.39,0.199,0.450999,0,0,1,2
0.39,0.202,0.25,0,0,1,2
0.39,0.202,0.253,0,0,1,2
0.39,0.202,0.256,0,0,1,2
0.39,0.202,0.259,0,0,1,2
0.39,0.202,0.262,0,0,1,2
0.39,0.202,0.265,0,0,1,2
0.39,0.202,0.268,0,0,1,2
0.39,0.202,0.271,0,0,1,2
0.39,0.202,0.274,0,0,1,2
0.39,0.202,0.277,0,0,1,2
0.39,0.202,0.28,0,0,1,2
0.39,0.202,0.283,0,0,1,2
0.39,0.202,0.286,0,0,1,2
0.39,0.202,0.289,0,0,1,2
0.39,0.202,0.292,0,0,1,2
0.39,0.202,0.295,0,0,1,2
0.39,0.202,0.298,0,0,1,2
0.39,0.202,0.301,0,0,1,2
0.39,0.202,0.304,0,0,1,2
0.39,0.202,0.307,0,0,1,2
0.39,0.202,0.31,0,0,1,2
0.39,0.202,0.313,0,0,1,2
0.39,0.202,0.316,0,0,1,2
0.39,0.202,0.319,0,0,1,2
0.39,0.202,0.322,0,0,1,2
0.39,0.202,0.325,0,0,1,2
0.39,0.202,0.328,0,0,1,2
0.39,0.202,0.331,0,0,1,2
0.39,0.202,0.334,0,0,1,2
0.39,0.202,0.337,0,0,1,2
0.39,0.202,0.34,0,0,1,2
0.39,0.202,0.343,0,0,1,2
0.39,0.202,0.346,0,0,1,2
0.39,0.202,0.349,0,0,1,2
0.39,0.202,0.352,0,0,1,2
0.39,0.202,0.355,0,0,1,2
0.39,0.202,0.358,0,0,1,2
0.39,0.202,0.361,0,0,1,2
0.39,0.202,0.364,0,0,1,2
0.39,0.202,0.367,0,0,1,2
0.39,0.202,0.37,0,0,1,2
0.39,0.202,0.373,0,0,1,2
0.39,0.202,0.376,0,0,1,2
0.39,0.202,0.379,0,0,1,2
0.39,0.202,0.382,0,0,1,2
0.39,0.202,0.385,0,0,1,2
0.39,0.202,0.388,0,0,1,2
0.39,0.202,0.391,0,0,1,2
0.39,0.202,0.394,0,0,1,2
0.39,0.202,0.397,0,0,1,2
0.39,0.202,0.4,0,0,1,2
0.39,0.202,0.403,0,0,1,2
0.39,0.202,0.406,0,0,1,2
0.39,0.202,0.409,0,0,1,2
0.39,0.202,0.412,0,0,1,2
0.39,0.202,0.415,0,0,1,2
0.39,0.202,0.418,0,0,1,2
0.39,0.202,0.420999,0,0,1,2
0.39,0.202,0.423999,0,0,1,2
0.39,0.202,0.426999,0,0,1,2
0.39,0.202,0.429999,0,0,1,2
0.39,0.202,0.432999,0,0,1,2
0.39,0.202,0.435999,0,0,1,2
0.39,0.202,0.438999,0,0,1,2
0.39,0.202,0.441999,0,0,1,2
0.39,0.202,0.444999,0,0,1,2
0.39,0.202,0.447999,0,0,1,2
0.39,0.202,0.450999,0,0,1,2
0.39,0.205,0.25,0,0,1,2
0.39,0.205,0.253,0,0,1,2
0.39,0.205,0.256,0,0,1,2
0.39,0.205,0.259,0,0,1,2
0.39,0.205,0.262,0,0,1,2
0.39,0.205,0.265,0,0,1,2
0.39,0.205,0.268,0,0,1,2
0.39,0.205,0.271,0,0,1,2
0.39,0.205,0.274,0,0,1,2
0.39,0.205,0.277,0,0,1,2
0.39,0.205,0.28,0,0,1,2
0.39,0.205,0.283,0,0,1,2
0.39,0.205,0.286,0,0,1,2
0.39,0.205,0.289,0,0,1,2
0.39,0.205,0.292,0,0,1,2
0.39,0.205,0.295,0,0,1,2
0.39,0.205,0.298,0,0,1,2
0.39,0.205,0.301,0,0,1,2
0.39,0.205,0.304,0,0,1,2
0.39,0.205,0.307,0,0,1,2
0.39,0.205,0.31,0,0,1,2
0.39,0.205,0.313,0,0,1,2
0.39,0.205,0.316,0,0,1,2
0.39,0.205,0.319,0,0,1,2
0.39,0.205,0.322,0,0,1,2
0.39,0.205,0.325,0,0,1,2
0.39,0.205,0.328,0,0,1,2
0.39,0.205,0.331,0,0,1,2
0.39,0.205,0.334,0,0,1,2
0.39,0.205,0.337,0,0,1,2
0.39,0.205,0.34,0,0,1,2
0.39,0.205,0.343,0,0,1,2
0.39,0.205,0.346,0,0,1,2
0.39,0.205,0.349,0,0,1,2
0.39,0.205,0.352,0,0,1,2
0.39,0.205,0.355,0,0,1,2
0.39,0.205,0.358,0,0,1,2
0.39,0.205,0.361,0,0,1,2
0.39,0.205,0.364,0,0,1,2
0.39,0.205,0.367,0,0,1,2
0.39,0.205,0.37,0,0,1,2
0.39,0.205,0.373,0,0,1,2
0.39,0.205,0.376,0,0,1,2
0.39,0.205,0.379,0,0,1,2
0.39,0.205,0.382,0,0,1,2
0.39,0.205,0.385,0,0,1,2
0.39,0.205,0.388,0,0,1,2
0.39,0.205,0.391,0,0,1,2
0.39,0.205,0.394,0,0,1,2
0.39,0.205,0.397,0,0,1,2
0.39,0.205,0.4,0,0,1,2
0.39,0.205,0.403,0,0,1,2
0.39,0.205,0.406,0,0,1,2
0.39,0.205,0.409,0,0,1,2
0.39,0.205,0.412,0,0,1,2
0.39,0.205,0.415,0,0,1,2
0.39,0.205,0.418,0,0,1,2
0.39,0.205,0.420999,0,0,1,2
0.39,0.205,0.423999,0,0,1,2
0.39,0.205,0.426999,0,0,1,2
0.39,0.205,0.429999,0,0,1,2
0.39,0.205,0.432999,0,0,1,2
0.39,0.205,0.435999,0,0,1,2
0.39,0.205,0.438999,0,0,1,2
0.39,0.205,0.441999,0,0,1,2
0.39,0.205,0.444999,0,0,1,2
0.39,0.205,0.447999,0,0,1,2
0.39,0.205,0.450999,0,0,1,2
0.39,0.208,0.25,0,0,1,2
0.39,0.208,0.253,0,0,1,2
0.39,0.208,0.256,0,0,1,2
0.39,0.208,0.259,0,0,1,2
0.39,0.208,0.262,0,0,1,2
0.39,0.208,0.265,0,0,1,2
0.39,0.208,0.268,0,0,1,2
0.39,0.208,0.271,0,0,1,2
0.39,0.208,0.274,0,0,1,2
0.39,0.208,0.277,0,0,1,2
0.39,0.208,0.28,0,0,1,2
0.39,0.208,0.283,0,0,1,2
0.39,0.208,0.286,0,0,1,2
0.39,0.208,0.289,0,0,1,2
0.39,0.208,0.292,0,0,1,2
0.39,0.208,0.295,0,0,1,2
0.39,0.208,0.298,0,0,1,2
0.39,0.208,0.301,0,0,1,2
0.39,0.208,0.304,0,0,1,2
0.39,0.208,0.307,0,0,1,2
0.39,0.208,0.31,0,0,1,2
0.39,0.208,0.313,0,0,1,2
0.39,0.208,0.316,0,0,1,2
0.39,0.208,0.319,0,0,1,2
0.39,0.208,0.322,0,0,1,2
0.39,0.208,0.325,0,0,1,2
0.39,0.208,0.328,0,0,1,2
0.39,0.208,0.331,0,0,1,2
0.39,0.208,0.334,0,0,1,2
0.39,0.208,0.337,0,0,1,2
0.39,0.208,0.34,0,0,1,2
0.39,0.208,0.343,0,0,1,2
0.39,0.208,0.346,0,0,1,2
0.39,0.208,0.349,0,0,1,2
0.39,0.208,0.352,0,0,1,2
0.39,0.208,0.355,0,0,1,2
0.39,0.208,0.358,0,0,1,2
0.39,0.208,0.361,0,0,1,2
0.39,0.208,0.364,0,0,1,2
0.39,0.208,0.367,0,0,1,2
0.39,0.208,0.37,0,0,1,2
0.39,0.208,0.373,0,0,1,2
0.39,0.208,0.376,0,0,1,2
0.39,0.208,0.379,0,0,1,2
0.39,0.208,0.382,0,0,1,2
0.39,0.208,0.385,0,0,1,2
0.39,0.208,0.388,0,0,1,2
0.39,0.208,0.391,0,0,1,2
0.39,0.208,0.394,0,0,1,2
0.39,0.208,0.397,0,0,1,2
0.39,0.208,0.4,0,0,1,2
0.39,0.208,0.403,0,0,1,2
0.39,0.208,0.406,0,0,1,2
0.39,0.208,0.409,0,0,1,2
0.39,0.208,0.412,0,0,1,2
0.39,0.208,0.415,0,0,1,2
0.39,0.208,0.418,0,0,1,2
0.39,0.208,0.420999,0,0,1,2
0.39,0.208,0.423999,0,0,1,2
0.39,0.208,0.426999,0,0,1,2
0.39,0.208,0.429999,0,0,1,2
0.39,0.208,0.432999,0,0,1,2
0.39,0.208,0.435999,0,0,1,2
0.39,0.208,0.438999,0,0,1,2
0.39,0.208,0.441999,0,0,1,2
0.39,0.208,0.444999,0,0,1,2
0.39,0.208,0.447999,0,0,1,2
0.39,0.208,0.450999,0,0,1,2
0.39,0.211,0.25,0,0,1,2
0.39,0.211,0.253,0,0,1,2
0.39,0.211,0.256,0,0,1,2
0.39,0.211,0.259,0,0,1,2
0.39,0.211,0.262,0,0,1,2
0.39,0.211,0.265,0,0,1,2
0.39,0.211,0.268,0,0,1,2
0.39,0.211,0.271,0,0,1,2
0.39,0.211,0.274,0,0,1,2
0.39,0.211,0.277,0,0,1,2
0.39,0.211,0.28,0,0,1,2
0.39,0.211,0.283,0,0,1,2
0.39,0.211,0.286,0,0,1,2
0.39,0.211,0.289,0,0,1,2
0.39,0.211,0.292,0,0,1,2
0.39,0.211,0.295,0,0,1,2
0.39,0.211,0.298,0,0,1,2
0.39,0.211,0.301,0,0,1,2
0.39,0.211,0.304,0,0,1,2
0.39,0.211,0.307,0,0,1,2
0.39,0.211,0.31,0,0,1,2
0.39,0.211,0.313,0,0,1,2
0.39,0.211,0.316,0,0,1,2
0.39,0.211,0.319,0,0,1,2
0.39,0.211,0.322,0,0,1,2
0.39,0.211,0.325,0,0,1,2
0.39,0.211,0.328,0,0,1,2
0.39,0.211,0.331,0,0,1,2
0.39,0.211,0.334,0,0,1,2
0.39,0.211,0.337,0,0,1,2
0.39,0.211,0.34,0,0,1,2
0.39,0.211,0.343,0,0,1,2
0.39,0.211,0.346,0,0,1,2
0.39,0.211,0.349,0,0,1,2
0.39,0.211,0.352,0,0,1,2
0.39,0.211,0.355,0,0,1,2
0.39,0.211,0.358,0,0,1,2
0.39,0.211,0.361,0,0,1,2
0.39,0.211,0.364,0,0,1,2
0.39,0.211,0.367,0,0,1,2
0.39,0.211,0.37,0,0,1,2
0.39,0.211,0.373,0,0,1,2
0.39,0.211,0.376,0,0,1,2
0.39,0.211,0.379,0,0,1,2
0.39,0.211,0.382,0,0,1,2
0.39,0.211,0.385,0,0,1,2
0.39,0.211,0.388,0,0,1,2
0.39,0.211,0.391,0,0,1,2
0.39,0.211,0.394,0,0,1,2
0.39,0.211,0.397,0,0,1,2
0.39,0.211,0.4,0,0,1,2
0.39,0.211,0.403,0,0,1,2
0.39,0.211,0.406,0,0,1,2
0.39,0.211,0.409,0,0,1,2
0.39,0.211,0.412,0,0,1,2
0.39,0.211,0.415,0,0,1,2
0.39,0.211,0.418,0,0,1,2
0.39,0.211,0.420999,0,0,1,2
0.39,0.211,0.423999,0,0,1,2
0.39,0.211,0.426999,0,0,1,2
0.39,0.211,0.429999,0,0,1,2
0.39,0.211,0.432999,0,0,1,2
0.39,0.211,0.435999,0,0,1,2
0.39,0.211,0.438999,0,0,1,2
0.39,0.211,0.441999,0,0,1,2
0.39,0.211,0.444999,0,0,1,2
0.39,0.211,0.447999,0,0,1,2
0.39,0.211,0.450999,0,0,1,2
0.39,0.214,0.25,0,0,1,2
0.39,0.214,0.253,0,0,1,2
0.39,0.214,0.256,0,0,1,2
0.39,0.214,0.259,0,0,1,2
0.39,0.214,0.262,0,0,1,2
0.39,0.214,0.265,0,0,1,2
0.39,0.214,0.268,0,0,1,2
0.39,0.214,0.271,0,0,1,2
0.39,0.214,0.274,0,0,1,2
0.39,0.214,0.277,0,0,1,2
0.39,0.214,0.28,0,0,1,2
0.39,0.214,0.283,0,0,1,2
0.39,0.214,0.286,0,0,1,2
0.39,0.214,0.289,0,0,1,2
0.39,0.214,0.292,0,0,1,2
0.39,0.214,0.295,0,0,1,2
0.39,0.214,0.298,0,0,1,2
0.39,0.214,0.301,0,0,1,2
0.39,0.214,0.304,0,0,1,2
0.39,0.214,0.307,0,0,1,2
0.39,0.214,0.31,0,0,1,2
0.39,0.214,0.313,0,0,1,2
0.39,0.214,0.316,0,0,1,2
0.39,0.214,0.319,0,0,1,2
0.39,0.214,0.322,0,0,1,2
0.39,0.214,0.325,0,0,1,2
0.39,0.214,0.328,0,0,1,2
0.39,0.214,0.331,0,0,1,2
0.39,0.214,0.334,0,0,1,2
0.39,0.214,0.337,0,0,1,2
0.39,0.214,0.34,0,0,1,2
0.39,0.214,0.343,0,0,1,2
0.39,0.214,0.346,0,0,1,2
0.39,0.214,0.349,0,0,1,2
0.39,0.214,0.352,0,0,1,2
0.39,0.214,0.355,0,0,1,2
0.39,0.214,0.358,0,0,1,2
0.39,0.214,0.361,0,0,1,2
0.39,0.214,0.364,0,0,1,2
0.39,0.214,0.367,0,0,1,2
0.39,0.214,0.37,0,0,1,2
0.39,0.214,0.373,0,0,1,2
0.39,0.214,0.376,0,0,1,2
0.39,0.214,0.379,0,0,1,2
0.39,0.214,0.382,0,0,1,2
0.39,0.214,0.385,0,0,1,2
0.39,0.214,0.388,0,0,1,2
0.39,0.214,0.391,0,0,1,2
0.39,0.214,0.394,0,0,1,2
0.39,0.214,0.397,0,0,1,2
0.39,0.214,0.4,0,0,1,2
0.39,0.214,0.403,0,0,1,2
0.39,0.214,0.406,0,0,1,2
0.39,0.214,0.409,0,0,1,2
0.39,0.214,0.412,0,0,1,2
0.39,0.214,0.415,0,0,1,2
0.39,0.214,0.418,0,0,1,2
0.39,0.214,0.420999,0,0,1,2
0.39,0.214,0.423999,0,0,1,2
0.39,0.214,0.426999,0,0,1,2
0.39,0.214,0.429999,0,0,1,2
0.39,0.214,0.432999,0,0,1,2
0.39,0.214,0.435999,0,0,1,2
0.39,0.214,0.438999,0,0,1,2
0.39,0.214,0.441999,0,0,1,2
0.39,0.214,0.444999,0,0,1,2
0.39,0.214,0.447999,0,0,1,2
0.39,0.214,0.450999,0,0,1,2
0.39,0.217,0.25,0,0,1,2
0.39,0.217,0.253,0,0,1,2
0.39,0.217,0.256,0,0,1,2
0.39,0.217,0.259,0,0,1,2
0.39,0.217,0.262,0,0,1,2
0.39,0.217,0.265,0,0,1,2
0.39,0.217,0.268,0,0,1,2
0.39,0.217,0.271,0,0,1,2
0.39,0.217,0.274,0,0,1,2
0.39,0.217,0.277,0,0,1,2
0.39,0.217,0.28,0,0,1,2
0.39,0.217,0.283,0,0,1,2
0.39,0.217,0.286,0,0,1,2
0.39,0.217,0.289,0,0,1,2
0.39,0.217,0.292,0,0,1,2
0.39,0.217,0.295,0,0,1,2
0.39,0.217,0.298,0,0,1,2
0.39,0.217,0.301,0,0,1,2
0.39,0.217,0.304,0,0,1,2
0.39,0.217,0.307,0,0,1,2
0.39,0.217,0.31,0,0,1,2
0.39,0.217,0.313,0,0,1,2
0.39,0.217,0.316,0,0,1,2
0.39,0.217,0.319,0,0,1,2
0.39,0.217,0.322,0,0,1,2
0.39,0.217,0.325,0,0,1,2
0.39,0.217,0.328,0,0,1,2
0.39,0.217,0.331,0,0,1,2
0.39,0.217,0.334,0,0,1,2
0.39,0.217,0.337,0,0,1,2
0.39,0.217,0.34,0,0,1,2
0.39,0.217,0.343,0,0,1,2
0.39,0.217,0.346,0,0,1,2
0.39,0.217,0.349,0,0,1,2
0.39,0.217,0.352,0,0,1,2
0.39,0.217,0.355,0,0,1,2
0.39,0.217,0.358,0,0,1,2
0.39,0.217,0.361,0,0,1,2
0.39,0.217,0.364,0,0,1,2
0.39,0.217,0.367,0,0,1,2
0.39,0.217,0.37,0,0,1,2
0.39,0.217,0.373,0,0,1,2
0.39,0.217,0.376,0,0,1,2
0.39,0.217,0.379,0,0,1,2
0.39,0.217,0.382,0,0,1,2
0.39,0.217,0.385,0,0,1,2
0.39,0.217,0.388,0,0,1,2
0.39,0.217,0.391,0,0,1,2
0.39,0.217,0.394,0,0,1,2
0.39,0.217,0.397,0,0,1,2
0.39,0.217,0.4,0,0,1,2
0.39,0.217,0.403,0,0,1,2
0.39,0.217,0.406,0,0,1,2
0.39,0.217,0.409,0,0,1,2
0.39,0.217,0.412,0,0,1,2
0.39,0.217,0.415,0,0,1,2
0.39,0.217,0.418,0,0,1,2
0.39,0.217,0.420999,0,0,1,2
0.39,0.217,0.423999,0,0,1,2
0.39,0.217,0.426999,0,0,1,2
0.39,0.217,0.429999,0,0,1,2
0.39,0.217,0.432999,0,0,1,2
0.39,0.217,0.435999,0,0,1,2
0.39,0.217,0.438999,0,0,1,2
0.39,0.217,0.441999,0,0,1,2
0.39,0.217,0.444999,0,0,1,2
0.39,0.217,0.447999,0,0,1,2
0.39,0.217,0.450999,0,0,1,2
0.39,0.22,0.25,0,0,1,2
0.39,0.22,0.253,0,0,1,2
0.39,0.22,0.256,0,0,1,2
0.39,0.22,0.259,0,0,1,2
0.39,0.22,0.262,0,0,1,2
0.39,0.22,0.265,0,0,1,2
0.39,0.22,0.268,0,0,1,2
0.39,0.22,0.271,0,0,1,2
0.39,0.22,0.274,0,0,1,2
0.39,0.22,0.277,0,0,1,2
0.39,0.22,0.28,0,0,1,2
0.39,0.22,0.283,0,0,1,2
0.39,0.22,0.286,0,0,1,2
0.39,0.22,0.289,0,0,1,2
0.39,0.22,0.292,0,0,1,2
0.39,0.22,0.295,0,0,1,2
0.39,0.22,0.298,0,0,1,2
0.39,0.22,0.301,0,0,1,2
0.39,0.22,0.304,0,0,1,2
0.39,0.22,0.307,0,0,1,2
0.39,0.22,0.31,0,0,1,2
0.39,0.22,0.313,0,0,1,2
0.39,0.22,0.316,0,0,1,2
0.39,0.22,0.319,0,0,1,2
0.39,0.22,0.322,0,0,1,2
0.39,0.22,0.325,0,0,1,2
0.39,0.22,0.328,0,0,1,2
0.39,0.22,0.331,0,0,1,2
0.39,0.22,0.334,0,0,1,2
0.39,0.22,0.337,0,0,1,2
0.39,0.22,0.34,0,0,1,2
0.39,0.22,0.343,0,0,1,2
0.39,0.22,0.346,0,0,1,2
0.39,0.22,0.349,0,0,1,2
0.39,0.22,0.352,0,0,1,2
0.39,0.22,0.355,0,0,1,2
0.39,0.22,0.358,0,0,1,2
0.39,0.22,0.361,0,0,1,2
0.39,0.22,0.364,0,0,1,2
0.39,0.22,0.367,0,0,1,2
0.39,0.22,0.37,0,0,1,2
0.39,0.22,0.373,0,0,1,2
0.39,0.22,0.376,0,0,1,2
0.39,0.22,0.379,0,0,1,2
0.39,0.22,0.382,0,0,1,2
0.39,0.22,0.385,0,0,1,2
0.39,0.22,0.388,0,0,1,2
0.39,0.22,0.391,0,0,1,2
0.39,0.22,0.394,0,0,1,2
0.39,0.22,0.397,0,0,1,2
0.39,0.22,0.4,0,0,1,2
0.39,0.22,0.403,0,0,1,2
0.39,0.22,0.406,0,0,1,2
0.39,0.22,0.409,0,0,1,2
0.39,0.22,0.412,0,0,1,2
0.39,0.22,0.415,0,0,1,2
0.39,0.22,0.418,0,0,1,2
0.39,0.22,0.420999,0,0,1,2
0.39,0.22,0.423999,0,0,1,2
0.39,0.22,0.426999,0,0,1,2
0.39,0.22,0.429999,0,0,1,2
0.39,0.22,0.432999,0,0,1,2
0.39,0.22,0.435999,0,0,1,2
0.39,0.22,0.438999,0,0,1,2
0.39,0.22,0.441999,0,0,1,2
0.39,0.22,0.444999,0,0,1,2
0.39,0.22,0.447999,0,0,1,2
0.39,0.22,0.450999,0,0,1,2
0.39,0.223,0.25,0,0,1,2
0.39,0.223,0.253,0,0,1,2
0.39,0.223,0.256,0,0,1,2
0.39,0.223,0.259,0,0,1,2
0.39,0.223,0.262,0,0,1,2
0.39,0.223,0.265,0,0,1,2
0.39,0.223,0.268,0,0,1,2
0.39,0.223,0.271,0,0,1,2
0.39,0.223,0.274,0,0,1,2
0.39,0.223,0.277,0,0,1,2
0.39,0.223,0.28,0,0,1,2
0.39,0.223,0.283,0,0,1,2
0.39,0.223,0.286,0,0,1,2
0.39,0.223,0.289,0,0,1,2
0.39,0.223,0.292,0,0,1,2
0.39,0.223,0.295,0,0,1,2
0.39,0.223,0.298,0,0,1,2
0.39,0.223,0.301,0,0,1,2
0.39,0.223,0.304,0,0,1,2
0.39,0.223,0.307,0,0,1,2
0.39,0.223,0.31,0,0,1,2
0.39,0.223,0.313,0,0,1,2
0.39,0.223,0.316,0,0,1,2
0.39,0.223,0.319,0,0,1,2
0.39,0.223,0.322,0,0,1,2
0.39,0.223,0.325,0,0,1,2
0.39,0.223,0.328,0,0,1,2
0.39,0.223,0.331,0,0,1,2
0.39,0.223,0.334,0,0,1,2
0.39,0.223,0.337,0,0,1,2
0.39,0.223,0.34,0,0,1,2
0.39,0.223,0.343,0,0,1,2
0.39,0.223,0.346,0,0,1,2
0.39,0.223,0.349,0,0,1,2
0.39,0.223,0.352,0,0,1,2
0.39,0.223,0.355,0,0,1,2
0.39,0.223,0.358,0,0,1,2
0.39,0.223,0.361,0,0,1,2
0.39,0.223,0.364,0,0,1,2
0.39,0.223,0.367,0,0,1,2
0.39,0.223,0.37,0,0,1,2
0.39,0.223,0.373,0,0,1,2
0.39,0.223,0.376,0,0,1,2
0.39,0.223,0.379,0,0,1,2
0.39,0.223,0.382,0,0,1,2
0.39,0.223,0.385,0,0,1,2
0.39,0.223,0.388,0,0,1,2
0.39,0.223,0.391,0,0,1,2
0.39,0.223,0.394,0,0,1,2
0.39,0.223,0.397,0,0,1,2
0.39,0.223,0.4,0,0,1,2
0.39,0.223,0.403,0,0,1,2
0.39,0.223,0.406,0,0,1,2
0.39,0.223,0.409,0,0,1,2
0.39,0.223,0.412,0,0,1,2
0.39,0.223,0.415,0,0,1,2
0.39,0.223,0.418,0,0,1,2
0.39,0.223,0.420999,0,0,1,2
0.39,0.223,0.423999,0,0,1,2
0.39,0.223,0.426999,0,0,1,2
0.39,0.223,0.429999,0,0,1,2
0.39,0.223,0.432999,0,0,1,2
0.39,0.223,0.435999,0,0,1,2
0.39,0.223,0.438999,0,0,1,2
0.39,0.223,0.441999,0,0,1,2
0.39,0.223,0.444999,0,0,1,2
0.39,0.223,0.447999,0,0,1,2
0.39,0.223,0.450999,0,0,1,2
0.39,0.226,0.25,0,0,1,2
0.39,0.226,0.253,0,0,1,2
0.39,0.226,0.256,0,0,1,2
0.39,0.226,0.259,0,0,1,2
0.39,0.226,0.262,0,0,1,2
0.39,0.226,0.265,0,0,1,2
0.39,0.226,0.268,0,0,1,2
0.39,0.226,0.271,0,0,1,2
0.39,0.226,0.274,0,0,1,2
0.39,0.226,0.277,0,0,1,2
0.39,0.226,0.28,0,0,1,2
0.39,0.226,0.283,0,0,1,2
0.39,0.226,0.286,0,0,1,2
0.39,0.226,0.289,0,0,1,2
0.39,0.226,0.292,0,0,1,2
0.39,0.226,0.295,0,0,1,2
0.39,0.226,0.298,0,0,1,2
0.39,0.226,0.301,0,0,1,2
0.39,0.226,0.304,0,0,1,2
0.39,0.226,0.307,0,0,1,2
0.39,0.226,0.31,0,0,1,2
0.39,0.226,0.313,0,0,1,2
0.39,0.226,0.316,0,0,1,2
0.39,0.226,0.319,0,0,1,2
0.39,0.226,0.322,0,0,1,2
0.39,0.226,0.325,0,0,1,2
0.39,0.226,0.328,0,0,1,2
0.39,0.226,0.331,0,0,1,2
0.39,0.226,0.334,0,0,1,2
0.39,0.226,0.337,0,0,1,2
0.39,0.226,0.34,0,0,1,2
0.39,0.226,0.343,0,0,1,2
0.39,0.226,0.346,0,0,1,2
0.39,0.226,0.349,0,0,1,2
0.39,0.226,0.352,0,0,1,2
0.39,0.226,0.355,0,0,1,2
0.39,0.226,0.358,0,0,1,2
0.39,0.226,0.361,0,0,1,2
0.39,0.226,0.364,0,0,1,2
0.39,0.226,0.367,0,0,1,2
0.39,0.226,0.37,0,0,1,2
0.39,0.226,0.373,0,0,1,2
0.39,0.226,0.376,0,0,1,2
0.39,0.226,0.379,0,0,1,2
0.39,0.226,0.382,0,0,1,2
0.39,0.226,0.385,0,0,1,2
0.39,0.226,0.388,0,0,1,2
0.39,0.226,0.391,0,0,1,2
0.39,0.226,0.394,0,0,1,2
0.39,0.226,0.397,0,0,1,2
0.39,0.226,0.4,0,0,1,2
0.39,0.226,0.403,0,0,1,2
0.39,0.226,0.406,0,0,1,2
0.39,0.226,0.409,0,0,1,2
0.39,0.226,0.412,0,0,1,2
0.39,0.226,0.415,0,0,1,2
0.39,0.226,0.418,0,0,1,2
0.39,0.226,0.420999,0,0,1,2
0.39,0.226,0.423999,0,0,1,2
0.39,0.226,0.426999,0,0,1,2
0.39,0.226,0.429999,0,0,1,2
0.39,0.226,0.432999,0,0,1,2
0.39,0.226,0.435999,0,0,1,2
0.39,0.226,0.438999,0,0,1,2
0.39,0.226,0.441999,0,0,1,2
0.39,0.226,0.444999,0,0,1,2
0.39,0.226,0.447999,0,0,1,2
0.39,0.226,0.450999,0,0,1,2
0.39,0.229,0.25,0,0,1,2
0.39,0.229,0.253,0,0,1,2
0.39,0.229,0.256,0,0,1,2
0.39,0.229,0.259,0,0,1,2
0.39,0.229,0.262,0,0,1,2
0.39,0.229,0.265,0,0,1,2
0.39,0.229,0.268,0,0,1,2
0.39,0.229,0.271,0,0,1,2
0.39,0.229,0.274,0,0,1,2
0.39,0.229,0.277,0,0,1,2
0.39,0.229,0.28,0,0,1,2
0.39,0.229,0.283,0,0,1,2
0.39,0.229,0.286,0,0,1,2
0.39,0.229,0.289,0,0,1,2
0.39,0.229,0.292,0,0,1,2
0.39,0.229,0.295,0,0,1,2
0.39,0.229,0.298,0,0,1,2
0.39,0.229,0.301,0,0,1,2
0.39,0.229,0.304,0,0,1,2
0.39,0.229,0.307,0,0,1,2
0.39,0.229,0.31,0,0,1,2
0.39,0.229,0.313,0,0,1,2
0.39,0.229,0.316,0,0,1,2
0.39,0.229,0.319,0,0,1,2
0.39,0.229,0.322,0,0,1,2
0.39,0.229,0.325,0,0,1,2
0.39,0.229,0.328,0,0,1,2
0.39,0.229,0.331,0,0,1,2
0.39,0.229,0.334,0,0,1,2
0.39,0.229,0.337,0,0,1,2
0.39,0.229,0.34,0,0,1,2
0.39,0.229,0.343,0,0,1,2
0.39,0.229,0.346,0,0,1,2
0.39,0.229,0.349,0,0,1,2
0.39,0.229,0.352,0,0,1,2
0.39,0.229,0.355,0,0,1,2
0.39,0.229,0.358,0,0,1,2
0.39,0.229,0.361,0,0,1,2
0.39,0.229,0.364,0,0,1,2
0.39,0.229,0.367,0,0,1,2
0.39,0.229,0.37,0,0,1,2
0.39,0.229,0.373,0,0,1,2
0.39,0.229,0.376,0,0,1,2
0.39,0.229,0.379,0,0,1,2
0.39,0.229,0.382,0,0,1,2
0.39,0.229,0.385,0,0,1,2
0.39,0.229,0.388,0,0,1,2
0.39,0.229,0.391,0,0,1,2
0.39,0.229,0.394,0,0,1,2
0.39,0.229,0.397,0,0,1,2
0.39,0.229,0.4,0,0,1,2
0.39,0.229,0.403,0,0,1,2
0.39,0.229,0.406,0,0,1,2
0.39,0.229,0.409,0,0,1,2
0.39,0.229,0.412,0,0,1,2
0.39,0.229,0.415,0,0,1,2
0.39,0.229,0.418,0,0,1,2
0.39,0.229,0.420999,0,0,1,2
0.39,0.229,0.423999,0,0,1,2
0.39,0.229,0.426999,0,0,1,2
0.39,0.229,0.429999,0,0,1,2
0.39,0.229,0.432999,0,0,1,2
0.39,0.229,0.435999,0,0,1,2
0.39,0.229,0.438999,0,0,1,2
0.39,0.229,0.441999,0,0,1,2
0.39,0.229,0.444999,0,0,1,2
0.39,0.229,0.447999,0,0,1,2
0.39,0.229,0.450999,0,0,1,2
0.39,0.232,0.25,0,0,1,2
0.39,0.232,0.253,0,0,1,2
0.39,0.232,0.256,0,0,1,2
0.39,0.232,0.259,0,0,1,2
0.39,0.232,0.262,0,0,1,2
0.39,0.232,0.265,0,0,1,2
0.39,0.232,0.268,0,0,1,2
0.39,0.232,0.271,0,0,1,2
0.39,0.232,0.274,0,0,1,2
0.39,0.232,0.277,0,0,1,2
0.39,0.232,0.28,0,0,1,2
0.39,0.232,0.283,0,0,1,2
0.39,0.232,0.286,0,0,1,2
0.39,0.232,0.289,0,0,1,2
0.39,0.232,0.292,0,0,1,2
0.39,0.232,0.295,0,0,1,2
0.39,0.232,0.298,0,0,1,2
0.39,0.232,0.301,0,0,1,2
0.39,0.232,0.304,0,0,1,2
0.39,0.232,0.307,0,0,1,2
0.39,0.232,0.31,0,0,1,2
0.39,0.232,0.313,0,0,1,2
0.39,0.232,0.316,0,0,1,2
0.39,0.232,0.319,0,0,1,2
0.39,0.232,0.322,0,0,1,2
0.39,0.232,0.325,0,0,1,2
0.39,0.232,0.328,0,0,1,2
0.39,0.232,0.331,0,0,1,2
0.39,0.232,0.334,0,0,1,2
0.39,0.232,0.337,0,0,1,2
0.39,0.232,0.34,0,0,1,2
0.39,0.232,0.343,0,0,1,2
0.39,0.232,0.346,0,0,1,2
0.39,0.232,0.349,0,0,1,2
0.39,0.232,0.352,0,0,1,2
0.39,0.232,0.355,0,0,1,2
0.39,0.232,0.358,0,0,1,2
0.39,0.232,0.361,0,0,1,2
0.39,0.232,0.364,0,0,1,2
0.39,0.232,0.367,0,0,1,2
0.39,0.232,0.37,0,0,1,2
0.39,0.232,0.373,0,0,1,2
0.39,0.232,0.376,0,0,1,2
0.39,0.232,0.379,0,0,1,2
0.39,0.232,0.382,0,0,1,2
0.39,0.232,0.385,0,0,1,2
0.39,0.232,0.388,0,0,1,2
0.39,0.232,0.391,0,0,1,2
0.39,0.232,0.394,0,0,1,2
0.39,0.232,0.397,0,0,1,2
0.39,0.232,0.4,0,0,1,2
0.39,0.232,0.403,0,0,1,2
0.39,0.232,0.406,0,0,1,2
0.39,0.232,0.409,0,0,1,2
0.39,0.232,0.412,0,0,1,2
0.39,0.232,0.415,0,0,1,2
0.39,0.232,0.418,0,0,1,2
0.39,0.232,0.420999,0,0,1,2
0.39,0.232,0.423999,0,0,1,2
0.39,0.232,0.426999,0,0,1,2
0.39,0.232,0.429999,0,0,1,2
0.39,0.232,0.432999,0,0,1,2
0.39,0.232,0.435999,0,0,1,2
0.39,0.232,0.438999,0,0,1,2
0.39,0.232,0.441999,0,0,1,2
0.39,0.232,0.444999,0,0,1,2
0.39,0.232,0.447999,0,0,1,2
0.39,0.232,0.450999,0,0,1,2
0.39,0.235,0.25,0,0,1,2
0.39,0.235,0.253,0,0,1,2
0.39,0.235,0.256,0,0,1,2
0.39,0.235,0.259,0,0,1,2
0.39,0.235,0.262,0,0,1,2
0.39,0.235,0.265,0,0,1,2
0.39,0.235,0.268,0,0,1,2
0.39,0.235,0.271,0,0,1,2
0.39,0.235,0.274,0,0,1,2
0.39,0.235,0.277,0,0,1,2
0.39,0.235,0.28,0,0,1,2
0.39,0.235,0.283,0,0,1,2
0.39,0.235,0.286,0,0,1,2
0.39,0.235,0.289,0,0,1,2
0.39,0.235,0.292,0,0,1,2
0.39,0.235,0.295,0,0,1,2
0.39,0.235,0.298,0,0,1,2
0.39,0.235,0.301,0,0,1,2
0.39,0.235,0.304,0,0,1,2
0.39,0.235,0.307,0,0,1,2
0.39,0.235,0.31,0,0,1,2
0.39,0.235,0.313,0,0,1,2
0.39,0.235,0.316,0,0,1,2
0.39,0.235,0.319,0,0,1,2
0.39,0.235,0.322,0,0,1,2
0.39,0.235,0.325,0,0,1,2
0.39,0.235,0.328,0,0,1,2
0.39,0.235,0.331,0,0,1,2
0.39,0.235,0.334,0,0,1,2
0.39,0.235,0.337,0,0,1,2
0.39,0.235,0.34,0,0,1,2
0.39,0.235,0.343,0,0,1,2
0.39,0.235,0.346,0,0,1,2
0.39,0.235,0.349,0,0,1,2
0.39,0.235,0.352,0,0,1,2
0.39,0.235,0.355,0,0,1,2
0.39,0.235,0.358,0,0,1,2
0.39,0.235,0.361,0,0,1,2
0.39,0.235,0.364,0,0,1,2
0.39,0.235,0.367,0,0,1,2
0.39,0.235,0.37,0,0,1,2
0.39,0.235,0.373,0,0,1,2
0.39,0.235,0.376,0,0,1,2
0.39,0.235,0.379,0,0,1,2
0.39,0.235,0.382,0,0,1,2
0.39,0.235,0.385,0,0,1,2
0.39,0.235,0.388,0,0,1,2
0.39,0.235,0.391,0,0,1,2
0.39,0.235,0.394,0,0,1,2
0.39,0.235,0.397,0,0,1,2
0.39,0.235,0.4,0,0,1,2
0.39,0.235,0.403,0,0,1,2
0.39,0.235,0.406,0,0,1,2
0.39,0.235,0.409,0,0,1,2
0.39,0.235,0.412,0,0,1,2
0.39,0.235,0.415,0,0,1,2
0.39,0.235,0.418,0,0,1,2
0.39,0.235,0.420999,0,0,1,2
0.39,0.235,0.423999,0,0,1,2
0.39,0.235,0.426999,0,0,1,2
0.39,0.235,0.429999,0,0,1,2
0.39,0.235,0.432999,0,0,1,2
0.39,0.235,0.435999,0,0,1,2
0.39,0.235,0.438999,0,0,1,2
0.39,0.235,0.441999,0,0,1,2
0.39,0.235,0.444999,0,0,1,2
0.39,0.235,0.447999,0,0,1,2
0.39,0.235,0.450999,0,0,1,2
0.39,0.238,0.25,0,0,1,2
0.39,0.238,0.253,0,0,1,2
0.39,0.238,0.256,0,0,1,2
0.39,0.238,0.259,0,0,1,2
0.39,0.238,0.262,0,0,1,2
0.39,0.238,0.265,0,0,1,2
0.39,0.238,0.268,0,0,1,2
0.39,0.238,0.271,0,0,1,2
0.39,0.238,0.274,0,0,1,2
0.39,0.238,0.277,0,0,1,2
0.39,0.238,0.28,0,0,1,2
0.39,0.238,0.283,0,0,1,2
0.39,0.238,0.286,0,0,1,2
0.39,0.238,0.289,0,0,1,2
0.39,0.238,0.292,0,0,1,2
0.39,0.238,0.295,0,0,1,2
0.39,0.238,0.298,0,0,1,2
0.39,0.238,0.301,0,0,1,2
0.39,0.238,0.304,0,0,1,2
0.39,0.238,0.307,0,0,1,2
0.39,0.238,0.31,0,0,1,2
0.39,0.238,0.313,0,0,1,2
0.39,0.238,0.316,0,0,1,2
0.39,0.238,0.319,0,0,1,2
0.39,0.238,0.322,0,0,1,2
0.39,0.238,0.325,0,0,1,2
0.39,0.238,0.328,0,0,1,2
0.39,0.238,0.331,0,0,1,2
0.39,0.238,0.334,0,0,1,2
0.39,0.238,0.337,0,0,1,2
0.39,0.238,0.34,0,0,1,2
0.39,0.238,0.343,0,0,1,2
0.39,0.238,0.346,0,0,1,2
0.39,0.238,0.349,0,0,1,2
0.39,0.238,0.352,0,0,1,2
0.39,0.238,0.355,0,0,1,2
0.39,0.238,0.358,0,0,1,2
0.39,0.238,0.361,0,0,1,2
0.39,0.238,0.364,0,0,1,2
0.39,0.238,0.367,0,0,1,2
0.39,0.238,0.37,0,0,1,2
0.39,0.238,0.373,0,0,1,2
0.39,0.238,0.376,0,0,1,2
0.39,0.238,0.379,0,0,1,2
0.39,0.238,0.382,0,0,1,2
0.39,0.238,0.385,0,0,1,2
0.39,0.238,0.388,0,0,1,2
0.39,0.238,0.391,0,0,1,2
0.39,0.238,0.394,0,0,1,2
0.39,0.238,0.397,0,0,1,2
0.39,0.238,0.4,0,0,1,2
0.39,0.238,0.403,0,0,1,2
0.39,0.238,0.406,0,0,1,2
0.39,0.238,0.409,0,0,1,2
0.39,0.238,0.412,0,0,1,2
0.39,0.238,0.415,0,0,1,2
0.39,0.238,0.418,0,0,1,2
0.39,0.238,0.420999,0,0,1,2
0.39,0.238,0.423999,0,0,1,2
0.39,0.238,0.426999,0,0,1,2
0.39,0.238,0.429999,0,0,1,2
0.39,0.238,0.432999,0,0,1,2
0.39,0.238,0.435999,0,0,1,2
0.39,0.238,0.438999,0,0,1,2
0.39,0.238,0.441999,0,0,1,2
0.39,0.238,0.444999,0,0,1,2
0.39,0.238,0.447999,0,0,1,2
0.39,0.238,0.450999,0,0,1,2
0.39,0.241,0.25,0,0,1,2
0.39,0.241,0.253,0,0,1,2
0.39,0.241,0.256,0,0,1,2
0.39,0.241,0.259,0,0,1,2
0.39,0.241,0.262,0,0,1,2
0.39,0.241,0.265,0,0,1,2
0.39,0.241,0.268,0,0,1,2
0.39,0.241,0.271,0,0,1,2
0.39,0.241,0.274,0,0,1,2
0.39,0.241,0.277,0,0,1,2
0.39,0.241,0.28,0,0,1,2
0.39,0.241,0.283,0,0,1,2
0.39,0.241,0.286,0,0,1,2
0.39,0.241,0.289,0,0,1,2
0.39,0.241,0.292,0,0,1,2
0.39,0.241,0.295,0,0,1,2
0.39,0.241,0.298,0,0,1,2
0.39,0.241,0.301,0,0,1,2
0.39,0.241,0.304,0,0,1,2
0.39,0.241,0.307,0,0,1,2
0.39,0.241,0.31,0,0,1,2
0.39,0.241,0.313,0,0,1,2
0.39,0.241,0.316,0,0,1,2
0.39,0.241,0.319,0,0,1,2
0.39,0.241,0.322,0,0,1,2
0.39,0.241,0.325,0,0,1,2
0.39,0.241,0.328,0,0,1,2
0.39,0.241,0.331,0,0,1,2
0.39,0.241,0.334,0,0,1,2
0.39,0.241,0.337,0,0,1,2
0.39,0.241,0.34,0,0,1,2
0.39,0.241,0.343,0,0,1,2
0.39,0.241,0.346,0,0,1,2
0.39,0.241,0.349,0,0,1,2
0.39,0.241,0.352,0,0,1,2
0.39,0.241,0.355,0,0,1,2
0.39,0.241,0.358,0,0,1,2
0.39,0.241,0.361,0,0,1,2
0.39,0.241,0.364,0,0,1,2
0.39,0.241,0.367,0,0,1,2
0.39,0.241,0.37,0,0,1,2
0.39,0.241,0.373,0,0,1,2
0.39,0.241,0.376,0,0,1,2
0.39,0.241,0.379,0,0,1,2
0.39,0.241,0.382,0,0,1,2
0.39,0.241,0.385,0,0,1,2
0.39,0.241,0.388,0,0,1,2
0.39,0.241,0.391,0,0,1,2
0.39,0.241,0.394,0,0,1,2
0.39,0.241,0.397,0,0,1,2
0.39,0.241,0.4,0,0,1,2
0.39,0.241,0.403,0,0,1,2
0.39,0.241,0.406,0,0,1,2
0.39,0.241,0.409,0,0,1,2
0.39,0.241,0.412,0,0,1,2
0.39,0.241,0.415,0,0,1,2
0.39,0.241,0.418,0,0,1,2
0.39,0.241,0.420999,0,0,1,2
0.39,0.241,0.423999,0,0,1,2
0.39,0.241,0.426999,0,0,1,2
0.39,0.241,0.429999,0,0,1,2
0.39,0.241,0.432999,0,0,1,2
0.39,0.241,0.435999,0,0,1,2
0.39,0.241,0.438999,0,0,1,2
0.39,0.241,0.441999,0,0,1,2
0.39,0.241,0.444999,0,0,1,2
0.39,0.241,0.447999,0,0,1,2
0.39,0.241,0.450999,0,0,1,2
0.39,0.244,0.25,0,0,1,2
0.39,0.244,0.253,0,0,1,2
0.39,0.244,0.256,0,0,1,2
0.39,0.244,0.259,0,0,1,2
0.39,0.244,0.262,0,0,1,2
0.39,0.244,0.265,0,0,1,2
0.39,0.244,0.268,0,0,1,2
0.39,0.244,0.271,0,0,1,2
0.39,0.244,0.274,0,0,1,2
0.39,0.244,0.277,0,0,1,2
0.39,0.244,0.28,0,0,1,2
0.39,0.244,0.283,0,0,1,2
0.39,0.244,0.286,0,0,1,2
0.39,0.244,0.289,0,0,1,2
0.39,0.244,0.292,0,0,1,2
0.39,0.244,0.295,0,0,1,2
0.39,0.244,0.298,0,0,1,2
0.39,0.244,0.301,0,0,1,2
0.39,0.244,0.304,0,0,1,2
0.39,0.244,0.307,0,0,1,2
0.39,0.244,0.31,0,0,1,2
0.39,0.244,0.313,0,0,1,2
0.39,0.244,0.316,0,0,1,2
0.39,0.244,0.319,0,0,1,2
0.39,0.244,0.322,0,0,1,2
0.39,0.244,0.325,0,0,1,2
0.39,0.244,0.328,0,0,1,2
0.39,0.244,0.331,0,0,1,2
0.39,0.244,0.334,0,0,1,2
0.39,0.244,0.337,0,0,1,2
0.39,0.244,0.34,0,0,1,2
0.39,0.244,0.343,0,0,1,2
0.39,0.244,0.346,0,0,1,2
0.39,0.244,0.349,0,0,1,2
0.39,0.244,0.352,0,0,1,2
0.39,0.244,0.355,0,0,1,2
0.39,0.244,0.358,0,0,1,2
0.39,0.244,0.361,0,0,1,2
0.39,0.244,0.364,0,0,1,2
0.39,0.244,0.367,0,0,1,2
0.39,0.244,0.37,0,0,1,2
0.39,0.244,0.373,0,0,1,2
0.39,0.244,0.376,0,0,1,2
0.39,0.244,0.379,0,0,1,2
0.39,0.244,0.382,0,0,1,2
0.39,0.244,0.385,0,0,1,2
0.39,0.244,0.388,0,0,1,2
0.39,0.244,0.391,0,0,1,2
0.39,0.244,0.394,0,0,1,2
0.39,0.244,0.397,0,0,1,2
0.39,0.244,0.4,0,0,1,2
0.39,0.244,0.403,0,0,1,2
0.39,0.244,0.406,0,0,1,2
0.39,0.244,0.409,0,0,1,2
0.39,0.244,0.412,0,0,1,2
0.39,0.244,0.415,0,0,1,2
0.39,0.244,0.418,0,0,1,2
0.39,0.244,0.420999,0,0,1,2
0.39,0.244,0.423999,0,0,1,2
0.39,0.244,0.426999,0,0,1,2
0.39,0.244,0.429999,0,0,1,2
0.39,0.244,0.432999,0,0,1,2
0.39,0.244,0.435999,0,0,1,2
0.39,0.244,0.438999,0,0,1,2
0.39,0.244,0.441999,0,0,1,2
0.39,0.244,0.444999,0,0,1,2
0.39,0.244,0.447999,0,0,1,2
0.39,0.244,0.450999,0,0,1,2
0.39,0.247,0.25,0,0,1,2
0.39,0.247,0.253,0,0,1,2
0.39,0.247,0.256,0,0,1,2
0.39,0.247,0.259,0,0,1,2
0.39,0.247,0.262,0,0,1,2
0.39,0.247,0.265,0,0,1,2
0.39,0.247,0.268,0,0,1,2
0.39,0.247,0.271,0,0,1,2
0.39,0.247,0.274,0,0,1,2
0.39,0.247,0.277,0,0,1,2
0.39,0.247,0.28,0,0,1,2
0.39,0.247,0.283,0,0,1,2
0.39,0.247,0.286,0,0,1,2
0.39,0.247,0.289,0,0,1,2
0.39,0.247,0.292,0,0,1,2
0.39,0.247,0.295,0,0,1,2
0.39,0.247,0.298,0,0,1,2
0.39,0.247,0.301,0,0,1,2
0.39,0.247,0.304,0,0,1,2
0.39,0.247,0.307,0,0,1,2
0.39,0.247,0.31,0,0,1,2
0.39,0.247,0.313,0,0,1,2
0.39,0.247,0.316,0,0,1,2
0.39,0.247,0.319,0,0,1,2
0.39,0.247,0.322,0,0,1,2
0.39,0.247,0.325,0,0,1,2
0.39,0.247,0.328,0,0,1,2
0.39,0.247,0.331,0,0,1,2
0.39,0.247,0.334,0,0,1,2
0.39,0.247,0.337,0,0,1,2
0.39,0.247,0.34,0,0,1,2
0.39,0.247,0.343,0,0,1,2
0.39,0.247,0.346,0,0,1,2
0.39,0.247,0.349,0,0,1,2
0.39,0.247,0.352,0,0,1,2
0.39,0.247,0.355,0,0,1,2
0.39,0.247,0.358,0,0,1,2
0.39,0.247,0.361,0,0,1,2
0.39,0.247,0.364,0,0,1,2
0.39,0.247,0.367,0,0,1,2
0.39,0.247,0.37,0,0,1,2
0.39,0.247,0.373,0,0,1,2
0.39,0.247,0.376,0,0,1,2
0.39,0.247,0.379,0,0,1,2
0.39,0.247,0.382,0,0,1,2
0.39,0.247,0.385,0,0,1,2
0.39,0.247,0.388,0,0,1,2
0.39,0.247,0.391,0,0,1,2
0.39,0.247,0.394,0,0,1,2
0.39,0.247,0.397,0,0,1,2
0.39,0.247,0.4,0,0,1,2
0.39,0.247,0.403,0,0,1,2
0.39,0.247,0.406,0,0,1,2
0.39,0.247,0.409,0,0,1,2
0.39,0.247,0.412,0,0,1,2
0.39,0.247,0.415,0,0,1,2
0.39,0.247,0.418,0,0,1,2
0.39,0.247,0.420999,0,0,1,2
0.39,0.247,0.423999,0,0,1,2
0.39,0.247,0.426999,0,0,1,2
0.39,0.247,0.429999,0,0,1,2
0.39,0.247,0.432999,0,0,1,2
0.39,0.247,0.435999,0,0,1,2
0.39,0.247,0.438999,0,0,1,2
0.39,0.247,0.441999,0,0,1,2
0.39,0.247,0.444999,0,0,1,2
0.39,0.247,0.447999,0,0,1,2
0.39,0.247,0.450999,0,0,1,2
0.39,0.25,0.25,0,0,1,2
0.39,0.25,0.253,0,0,1,2
0.39,0.25,0.256,0,0,1,2
0.39,0.25,0.259,0,0,1,2
0.39,0.25,0.262,0,0,1,2
0.39,0.25,0.265,0,0,1,2
0.39,0.25,0.268,0,0,1,2
0.39,0.25,0.271,0,0,1,2
0.39,0.25,0.274,0,0,1,2
0.39,0.25,0.277,0,0,1,2
0.39,0.25,0.28,0,0,1,2
0.39,0.25,0.283,0,0,1,2
0.39,0.25,0.286,0,0,1,2
0.39,0.25,0.289,0,0,1,2
0.39,0.25,0.292,0,0,1,2
0.39,0.25,0.295,0,0,1,2
0.39,0.25,0.298,0,0,1,2
0.39,0.25,0.301,0,0,1,2
0.39,0.25,0.304,0,0,1,2
0.39,0.25,0.307,0,0,1,2
0.39,0.25,0.31,0,0,1,2
0.39,0.25,0.313,0,0,1,2
0.39,0.25,0.316,0,0,1,2
0.39,0.25,0.319,0,0,1,2
0.39,0.25,0.322,0,0,1,2
0.39,0.25,0.325,0,0,1,2
0.39,0.25,0.328,0,0,1,2
0.39,0.25,0.331,0,0,1,2
0.39,0.25,0.334,0,0,1,2
0.39,0.25,0.337,0,0,1,2
0.39,0.25,0.34,0,0,1,2
0.39,0.25,0.343,0,0,1,2
0.39,0.25,0.346,0,0,1,2
0.39,0.25,0.349,0,0,1,2
0.39,0.25,0.352,0,0,1,2
0.39,0.25,0.355,0,0,1,2
0.39,0.25,0.358,0,0,1,2
0.39,0.25,0.361,0,0,1,2
0.39,0.25,0.364,0,0,1,2
0.39,0.25,0.367,0,0,1,2
0.39,0.25,0.37,0,0,1,2
0.39,0.25,0.373,0,0,1,2
0.39,0.25,0.376,0,0,1,2
0.39,0.25,0.379,0,0,1,2
0.39,0.25,0.382,0,0,1,2
0.39,0.25,0.385,0,0,1,2
0.39,0.25,0.388,0,0,1,2
0.39,0.25,0.391,0,0,1,2
0.39,0.25,0.394,0,0,1,2
0.39,0.25,0.397,0,0,1,2
0.39,0.25,0.4,0,0,1,2
0.39,0.25,0.403,0,0,1,2
0.39,0.25,0.406,0,0,1,2
0.39,0.25,0.409,0,0,1,2
0.39,0.25,0.412,0,0,1,2
0.39,0.25,0.415,0,0,1,2
0.39,0.25,0.418,0,0,1,2
0.39,0.25,0.420999,0,0,1,2
0.39,0.25,0.423999,0,0,1,2
0.39,0.25,0.426999,0,0,1,2
0.39,0.25,0.429999,0,0,1,2
0.39,0.25,0.432999,0,0,1,2
0.39,0.25,0.435999,0,0,1,2
0.39,0.25,0.438999,0,0,1,2
0.39,0.25,0.441999,0,0,1,2
0.39,0.25,0.444999,0,0,1,2
0.39,0.25,0.447999,0,0,1,2
0.39,0.25,0.450999,0,0,1,2
0.39,0.253,0.25,0,0,1,2
0.39,0.253,0.253,0,0,1,2
0.39,0.253,0.256,0,0,1,2
0.39,0.253,0.259,0,0,1,2
0.39,0.253,0.262,0,0,1,2
0.39,0.253,0.265,0,0,1,2
0.39,0.253,0.268,0,0,1,2
0.39,0.253,0.271,0,0,1,2
0.39,0.253,0.274,0,0,1,2
0.39,0.253,0.277,0,0,1,2
0.39,0.253,0.28,0,0,1,2
0.39,0.253,0.283,0,0,1,2
0.39,0.253,0.286,0,0,1,2
0.39,0.253,0.289,0,0,1,2
0.39,0.253,0.292,0,0,1,2
0.39,0.253,0.295,0,0,1,2
0.39,0.253,0.298,0,0,1,2
0.39,0.253,0.301,0,0,1,2
0.39,0.253,0.304,0,0,1,2
0.39,0.253,0.307,0,0,1,2
0.39,0.253,0.31,0,0,1,2
0.39,0.253,0.313,0,0,1,2
0.39,0.253,0.316,0,0,1,2
0.39,0.253,0.319,0,0,1,2
0.39,0.253,0.322,0,0,1,2
0.39,0.253,0.325,0,0,1,2
0.39,0.253,0.328,0,0,1,2
0.39,0.253,0.331,0,0,1,2
0.39,0.253,0.334,0,0,1,2
0.39,0.253,0.337,0,0,1,2
0.39,0.253,0.34,0,0,1,2
0.39,0.253,0.343,0,0,1,2
0.39,0.253,0.346,0,0,1,2
0.39,0.253,0.349,0,0,1,2
0.39,0.253,0.352,0,0,1,2
0.39,0.253,0.355,0,0,1,2
0.39,0.253,0.358,0,0,1,2
0.39,0.253,0.361,0,0,1,2
0.39,0.253,0.364,0,0,1,2
0.39,0.253,0.367,0,0,1,2
0.39,0.253,0.37,0,0,1,2
0.39,0.253,0.373,0,0,1,2
0.39,0.253,0.376,0,0,1,2
0.39,0.253,0.379,0,0,1,2
0.39,0.253,0.382,0,0,1,2
0.39,0.253,0.385,0,0,1,2
0.39,0.253,0.388,0,0,1,2
0.39,0.253,0.391,0,0,1,2
0.39,0.253,0.394,0,0,1,2
0.39,0.253,0.397,0,0,1,2
0.39,0.253,0.4,0,0,1,2
0.39,0.253,0.403,0,0,1,2
0.39,0.253,0.406,0,0,1,2
0.39,0.253,0.409,0,0,1,2
0.39,0.253,0.412,0,0,1,2
0.39,0.253,0.415,0,0,1,2
0.39,0.253,0.418,0,0,1,2
0.39,0.253,0.420999,0,0,1,2
0.39,0.253,0.423999,0,0,1,2
0.39,0.253,0.426999,0,0,1,2
0.39,0.253,0.429999,0,0,1,2
0.39,0.253,0.432999,0,0,1,2
0.39,0.253,0.435999,0,0,1,2
0.39,0.253,0.438999,0,0,1,2
0.39,0.253,0.441999,0,0,1,2
0.39,0.253,0.444999,0,0,1,2
0.39,0.253,0.447999,0,0,1,2
0.39,0.253,0.450999,0,0,1,2
0.39,0.256,0.25,0,0,1,2
0.39,0.256,0.253,0,0,1,2
0.39,0.256,0.256,0,0,1,2
0.39,0.256,0.259,0,0,1,2
0.39,0.256,0.262,0,0,1,2
0.39,0.256,0.265,0,0,1,2
0.39,0.256,0.268,0,0,1,2
0.39,0.256,0.271,0,0,1,2
0.39,0.256,0.274,0,0,1,2
0.39,0.256,0.277,0,0,1,2
0.39,0.256,0.28,0,0,1,2
0.39,0.256,0.283,0,0,1,2
0.39,0.256,0.286,0,0,1,2
0.39,0.256,0.289,0,0,1,2
0.39,0.256,0.292,0,0,1,2
0.39,0.256,0.295,0,0,1,2
0.39,0.256,0.298,0,0,1,2
0.39,0.256,0.301,0,0,1,2
0.39,0.256,0.304,0,0,1,2
0.39,0.256,0.307,0,0,1,2
0.39,0.256,0.31,0,0,1,2
0.39,0.256,0.313,0,0,1,2
0.39,0.256,0.316,0,0,1,2
0.39,0.256,0.319,0,0,1,2
0.39,0.256,0.322,0,0,1,2
0.39,0.256,0.325,0,0,1,2
0.39,0.256,0.328,0,0,1,2
0.39,0.256,0.331,0,0,1,2
0.39,0.256,0.334,0,0,1,2
0.39,0.256,0.337,0,0,1,2
0.39,0.256,0.34,0,0,1,2
0.39,0.256,0.343,0,0,1,2
0.39,0.256,0.346,0,0,1,2
0.39,0.256,0.349,0,0,1,2
0.39,0.256,0.352,0,0,1,2
0.39,0.256,0.355,0,0,1,2
0.39,0.256,0.358,0,0,1,2
0.39,0.256,0.361,0,0,1,2
0.39,0.256,0.364,0,0,1,2
0.39,0.256,0.367,0,0,1,2
0.39,0.256,0.37,0,0,1,2
0.39,0.256,0.373,0,0,1,2
0.39,0.256,0.376,0,0,1,2
0.39,0.256,0.379,0,0,1,2
0.39,0.256,0.382,0,0,1,2
0.39,0.256,0.385,0,0,1,2
0.39,0.256,0.388,0,0,1,2
0.39,0.256,0.391,0,0,1,2
0.39,0.256,0.394,0,0,1,2
0.39,0.256,0.397,0,0,1,2
0.39,0.256,0.4,0,0,1,2
0.39,0.256,0.403,0,0,1,2
0.39,0.256,0.406,0,0,1,2
0.39,0.256,0.409,0,0,1,2
0.39,0.256,0.412,0,0,1,2
0.39,0.256,0.415,0,0,1,2
0.39,0.256,0.418,0,0,1,2
0.39,0.256,0.420999,0,0,1,2
0.39,0.256,0.423999,0,0,1,2
0.39,0.256,0.426999,0,0,1,2
0.39,0.256,0.429999,0,0,1,2
0.39,0.256,0.432999,0,0,1,2
0.39,0.256,0.435999,0,0,1,2
0.39,0.256,0.438999,0,0,1,2
0.39,0.256,0.441999,0,0,1,2
0.39,0.256,0.444999,0,0,1,2
0.39,0.256,0.447999,0,0,1,2
0.39,0.256,0.450999,0,0,1,2
0.39,0.259,0.25,0,0,1,2
0.39,0.259,0.253,0,0,1,2
0.39,0.259,0.256,0,0,1,2
0.39,0.259,0.259,0,0,1,2
0.39,0.259,0.262,0,0,1,2
0.39,0.259,0.265,0,0,1,2
0.39,0.259,0.268,0,0,1,2
0.39,0.259,0.271,0,0,1,2
0.39,0.259,0.274,0,0,1,2
0.39,0.259,0.277,0,0,1,2
0.39,0.259,0.28,0,0,1,2
0.39,0.259,0.283,0,0,1,2
0.39,0.259,0.286,0,0,1,2
0.39,0.259,0.289,0,0,1,2
0.39,0.259,0.292,0,0,1,2
0.39,0.259,0.295,0,0,1,2
0.39,0.259,0.298,0,0,1,2
0.39,0.259,0.301,0,0,1,2
0.39,0.259,0.304,0,0,1,2
0.39,0.259,0.307,0,0,1,2
0.39,0.259,0.31,0,0,1,2
0.39,0.259,0.313,0,0,1,2
0.39,0.259,0.316,0,0,1,2
0.39,0.259,0.319,0,0,1,2
0.39,0.259,0.322,0,0,1,2
0.39,0.259,0.325,0,0,1,2
0.39,0.259,0.328,0,0,1,2
0.39,0.259,0.331,0,0,1,2
0.39,0.259,0.334,0,0,1,2
0.39,0.259,0.337,0,0,1,2
0.39,0.259,0.34,0,0,1,2
0.39,0.259,0.343,0,0,1,2
0.39,0.259,0.346,0,0,1,2
0.39,0.259,0.349,0,0,1,2
0.39,0.259,0.352,0,0,1,2
0.39,0.259,0.355,0,0,1,2
0.39,0.259,0.358,0,0,1,2
0.39,0.259,0.361,0,0,1,2
0.39,0.259,0.364,0,0,1,2
0.39,0.259,0.367,0,0,1,2
0.39,0.259,0.37,0,0,1,2
0.39,0.259,0.373,0,0,1,2
0.39,0.259,0.376,0,0,1,2
0.39,0.259,0.379,0,0,1,2
0.39,0.259,0.382,0,0,1,2
0.39,0.259,0.385,0,0,1,2
0.39,0.259,0.388,0,0,1,2
0.39,0.259,0.391,0,0,1,2
0.39,0.259,0.394,0,0,1,2
0.39,0.259,0.397,0,0,1,2
0.39,0.259,0.4,0,0,1,2
0.39,0.259,0.403,0,0,1,2
0.39,0.259,0.406,0,0,1,2
0.39,0.259,0.409,0,0,1,2
0.39,0.259,0.412,0,0,1,2
0.39,0.259,0.415,0,0,1,2
0.39,0.259,0.418,0,0,1,2
0.39,0.259,0.420999,0,0,1,2
0.39,0.259,0.423999,0,0,1,2
0.39,0.259,0.426999,0,0,1,2
0.39,0.259,0.429999,0,0,1,2
0.39,0.259,0.432999,0,0,1,2
0.39,0.259,0.435999,0,0,1,2
0.39,0.259,0.438999,0,0,1,2
0.39,0.259,0.441999,0,0,1,2
0.39,0.259,0.444999,0,0,1,2
0.39,0.259,0.447999,0,0,1,2
0.39,0.259,0.450999,0,0,1,2
0.57,0.1,0.25,0,0,1,2
0.57,0.1,0.253,0,0,1,2
0.57,0.1,0.256,0,0,1,2
0.57,0.1,0.259,0,0,1,2
0.57,0.1,0.262,0,0,1,2
0.57,0.1,0.265,0,0,1,2
0.57,0.1,0.268,0,0,1,2
0.57,0.1,0.271,0,0,1,2
0.57,0.1,0.274,0,0,1,2
0.57,0.1,0.277,0,0,1,2
0.57,0.1,0.28,0,0,1,2
0.57,0.1,0.283,0,0,1,2
0.57,0.1,0.286,0,0,1,2
0.57,0.1,0.289,0,0,1,2
0.57,0.1,0.292,0,0,1,2
0.57,0.1,0.295,0,0,1,2
0.57,0.1,0.298,0,0,1,2
0.57,0.1,0.301,0,0,1,2
0.57,0.1,0.304,0,0,1,2
0.57,0.1,0.307,0,0,1,2
0.57,0.1,0.31,0,0,1,2
0.57,0.1,0.313,0,0,1,2
0.57,0.1,0.316,0,0,1,2
0.57,0.1,0.319,0,0,1,2
0.57,0.1,0.322,0,0,1,2
0.57,0.1,0.325,0,0,1,2
0.57,0.1,0.328,0,0,1,2
0.57,0.1,0.331,0,0,1,2
0.57,0.1,0.334,0,0,1,2
0.57,0.1,0.337,0,0,1,2
0.57,0.1,0.34,0,0,1,2
0.57,0.1,0.343,0,0,1,2
0.57,0.1,0.346,0,0,1,2
0.57,0.1,0.349,0,0,1,2
0.57,0.1,0.352,0,0,1,2
0.57,0.1,0.355,0,0,1,2
0.57,0.1,0.358,0,0,1,2
0.57,0.1,0.361,0,0,1,2
0.57,0.1,0.364,0,0,1,2
0.57,0.1,0.367,0,0,1,2
0.57,0.1,0.37,0,0,1,2
0.57,0.1,0.373,0,0,1,2
0.57,0.1,0.376,0,0,1,2
0.57,0.1,0.379,0,0,1,2
0.57,0.1,0.382,0,0,1,2
0.57,0.1,0.385,0,0,1,2
0.57,0.1,0.388,0,0,1,2
0.57,0.1,0.391,0,0,1,2
0.57,0.1,0.394,0,0,1,2
0.57,0.1,0.397,0,0,1,2
0.57,0.1,0.4,0,0,1,2
0.57,0.1,0.403,0,0,1,2
0.57,0.1,0.406,0,0,1,2
0.57,0.1,0.409,0,0,1,2
0.57,0.1,0.412,0,0,1,2
0.57,0.1,0.415,0,0,1,2
0.57,0.1,0.418,0,0,1,2
0.57,0.1,0.420999,0,0,1,2
0.57,0.1,0.423999,0,0,1,2
0.57,0.1,0.426999,0,0,1,2
0.57,0.1,0.429999,0,0,1,2
0.57,0.1,0.432999,0,0,1,2
0.57,0.1,0.435999,0,0,1,2
0.57,0.1,0.438999,0,0,1,2
0.57,0.1,0.441999,0,0,1,2
0.57,0.1,0.444999,0,0,1,2
0.57,0.1,0.447999,0,0,1,2
0.57,0.1,0.450999,0,0,1,2
0.57,0.103,0.25,0,0,1,2
0.57,0.103,0.253,0,0,1,2
0.57,0.103,0.256,0,0,1,2
0.57,0.103,0.259,0,0,1,2
0.57,0.103,0.262,0,0,1,2
0.57,0.103,0.265,0,0,1,2
0.57,0.103,0.268,0,0,1,2
0.57,0.103,0.271,0,0,1,2
0.57,0.103,0.274,0,0,1,2
0.57,0.103,0.277,0,0,1,2
0.57,0.103,0.28,0,0,1,2
0.57,0.103,0.283,0,0,1,2
0.57,0.103,0.286,0,0,1,2
0.57,0.103,0.289,0,0,1,2
0.57,0.103,0.292,0,0,1,2
0.57,0.103,0.295,0,0,1,2
0.57,0.103,0.298,0,0,1,2
0.57,0.103,0.301,0,0,1,2
0.57,0.103,0.304,0,0,1,2
0.57,0.103,0.307,0,0,1,2
0.57,0.103,0.31,0,0,1,2
0.57,0.103,0.313,0,0,1,2
0.57,0.103,0.316,0,0,1,2
0.57,0.103,0.319,0,0,1,2
0.57,0.103,0.322,0,0,1,2
0.57,0.103,0.325,0,0,1,2
0.57,0.103,0.328,0,0,1,2
0.57,0.103,0.331,0,0,1,2
0.57,0.103,0.334,0,0,1,2
0.57,0.103,0.337,0,0,1,2
0.57,0.103,0.34,0,0,1,2
0.57,0.103,0.343,0,0,1,2
0.57,0.103,0.346,0,0,1,2
0.57,0.103,0.349,0,0,1,2
0.57,0.103,0.352,0,0,1,2
0.57,0.103,0.355,0,0,1,2
0.57,0.103,0.358,0,0,1,2
0.57,0.103,0.361,0,0,1,2
0.57,0.103,0.364,0,0,1,2
0.57,0.103,0.367,0,0,1,2
0.57,0.103,0.37,0,0,1,2
0.57,0.103,0.373,0,0,1,2
0.57,0.103,0.376,0,0,1,2
0.57,0.103,0.379,0,0,1,2
0.57,0.103,0.382,0,0,1,2
0.57,0.103,0.385,0,0,1,2
0.57,0.103,0.388,0,0,1,2
0.57,0.103,0.391,0,0,1,2
0.57,0.103,0.394,0,0,1,2
0.57,0.103,0.397,0,0,1,2
0.57,0.103,0.4,0,0,1,2
0.57,0.103,0.403,0,0,1,2
0.57,0.103,0.406,0,0,1,2
0.57,0.103,0.409,0,0,1,2
0.57,0.103,0.412,0,0,1,2
0.57,0.103,0.415,0,0,1,2
0.57,0.103,0.418,0,0,1,2
0.57,0.103,0.420999,0,0,1,2
0.57,0.103,0.423999,0,0,1,2
0.57,0.103,0.426999,0,0,1,2
0.57,0.103,0.429999,0,0,1,2
0.57,0.103,0.432999,0,0,1,2
0.57,0.103,0.435999,0,0,1,2
0.57,0.103,0.438999,0,0,1,2
0.57,0.103,0.441999,0,0,1,2
0.57,0.103,0.444999,0,0,1,2
0.57,0.103,0.447999,0,0,1,2
0.57,0.103,0.450999,0,0,1,2
0.57,0.106,0.25,0,0,1,2
0.57,0.106,0.253,0,0,1,2
0.57,0.106,0.256,0,0,1,2
0.57,0.106,0.259,0,0,1,2
0.57,0.106,0.262,0,0,1,2
0.57,0.106,0.265,0,0,1,2
0.57,0.106,0.268,0,0,1,2
0.57,0.106,0.271,0,0,1,2
0.57,0.106,0.274,0,0,1,2
0.57,0.106,0.277,0,0,1,2
0.57,0.106,0.28,0,0,1,2
0.57,0.106,0.283,0,0,1,2
0.57,0.106,0.286,0,0,1,2
0.57,0.106,0.289,0,0,1,2
0.57,0.106,0.292,0,0,1,2
0.57,0.106,0.295,0,0,1,2
0.57,0.106,0.298,0,0,1,2
0.57,0.106,0.301,0,0,1,2
0.57,0.106,0.304,0,0,1,2
0.57,0.106,0.307,0,0,1,2
0.57,0.106,0.31,0,0,1,2
0.57,0.106,0.313,0,0,1,2
0.57,0.106,0.316,0,0,1,2
0.57,0.106,0.319,0,0,1,2
0.57,0.106,0.322,0,0,1,2
0.57,0.106,0.325,0,0,1,2
0.57,0.106,0.328,0,0,1,2
0.57,0.106,0.331,0,0,1,2
0.57,0.106,0.334,0,0,1,2
0.57,0.106,0.337,0,0,1,2
0.57,0.106,0.34,0,0,1,2
0.57,0.106,0.343,0,0,1,2
0.57,0.106,0.346,0,0,1,2
0.57,0.106,0.349,0,0,1,2
0.57,0.106,0.352,0,0,1,2
0.57,0.106,0.355,0,0,1,2
0.57,0.106,0.358,0,0,1,2
0.57,0.106,0.361,0,0,1,2
0.57,0.106,0.364,0,0,1,2
0.57,0.106,0.367,0,0,1,2
0.57,0.106,0.37,0,0,1,2
0.57,0.106,0.373,0,0,1,2
0.57,0.106,0.376,0,0,1,2
0.57,0.106,0.379,0,0,1,2
0.57,0.106,0.382,0,0,1,2
0.57,0.106,0.385,0,0,1,2
0.57,0.106,0.388,0,0,1,2
0.57,0.106,0.391,0,0,1,2
0.57,0.106,0.394,0,0,1,2
0.57,0.106,0.397,0,0,1,2
0.57,0.106,0.4,0,0,1,2
0.57,0.106,0.403,0,0,1,2
0.57,0.106,0.406,0,0,1,2
0.57,0.106,0.409,0,0,1,2
0.57,0.106,0.412,0,0,1,2
0.57,0.106,0.415,0,0,1,2
0.57,0.106,0.418,0,0,1,2
0.57,0.106,0.420999,0,0,1,2
0.57,0.106,0.423999,0,0,1,2
0.57,0.106,0.426999,0,0,1,2
0.57,0.106,0.429999,0,0,1,2
0.57,0.106,0.432999,0,0,1,2
0.57,0.106,0.435999,0,0,1,2
0.57,0.106,0.438999,0,0,1,2
0.57,0.106,0.441999,0,0,1,2
0.57,0.106,0.444999,0,0,1,2
0.57,0.106,0.447999,0,0,1,2
0.57,0.106,0.450999,0,0,1,2
0.57,0.109,0.25,0,0,1,2
0.57,0.109,0.253,0,0,1,2
0.57,0.109,0.256,0,0,1,2
0.57,0.109,0.259,0,0,1,2
0.57,0.109,0.262,0,0,1,2
0.57,0.109,0.265,0,0,1,2
0.57,0.109,0.268,0,0,1,2
0.57,0.109,0.271,0,0,1,2
0.57,0.109,0.274,0,0,1,2
0.57,0.109,0.277,0,0,1,2
0.57,0.109,0.28,0,0,1,2
0.57,0.109,0.283,0,0,1,2
0.57,0.109,0.286,0,0,1,2
0.57,0.109,0.289,0,0,1,2
0.57,0.109,0.292,0,0,1,2
0.57,0.109,0.295,0,0,1,2
0.57,0.109,0.298,0,0,1,2
0.57,0.109,0.301,0,0,1,2
0.57,0.109,0.304,0,0,1,2
0.57,0.109,0.307,0,0,1,2
0.57,0.109,0.31,0,0,1,2
0.57,0.109,0.313,0,0,1,2
0.57,0.109,0.316,0,0,1,2
0.57,0.109,0.319,0,0,1,2
0.57,0.109,0.322,0,0,1,2
0.57,0.109,0.325,0,0,1,2
0.57,0.109,0.328,0,0,1,2
0.57,0.109,0.331,0,0,1,2
0.57,0.109,0.334,0,0,1,2
0.57,0.109,0.337,0,0,1,2
0.57,0.109,0.34,0,0,1,2
0.57,0.109,0.343,0,0,1,2
0.57,0.109,0.346,0,0,1,2
0.57,0.109,0.349,0,0,1,2
0.57,0.109,0.352,0,0,1,2
0.57,0.109,0.355,0,0,1,2
0.57,0.109,0.358,0,0,1,2
0.57,0.109,0.361,0,0,1,2
0.57,0.109,0.364,0,0,1,2
0.57,0.109,0.367,0,0,1,2
0.57,0.109,0.37,0,0,1,2
0.57,0.109,0.373,0,0,1,2
0.57,0.109,0.376,0,0,1,2
0.57,0.109,0.379,0,0,1,2
0.57,0.109,0.382,0,0,1,2
0.57,0.109,0.385,0,0,1,2
0.57,0.109,0.388,0,0,1,2
0.57,0.109,0.391,0,0,1,2
0.57,0.109,0.394,0,0,1,2
0.57,0.109,0.397,0,0,1,2
0.57,0.109,0.4,0,0,1,2
0.57,0.109,0.403,0,0,1,2
0.57,0.109,0.406,0,0,1,2
0.57,0.109,0.409,0,0,1,2
0.57,0.109,0.412,0,0,1,2
0.57,0.109,0.415,0,0,1,2
0.57,0.109,0.418,0,0,1,2
0.57,0.109,0.420999,0,0,1,2
0.57,0.109,0.423999,0,0,1,2
0.57,0.109,0.426999,0,0,1,2
0.57,0.109,0.429999,0,0,1,2
0.57,0.109,0.432999,0,0,1,2
0.57,0.109,0.435999,0,0,1,2
0.57,0.109,0.438999,0,0,1,2
0.57,0.109,0.441999,0,0,1,2
0.57,0.109,0.444999,0,0,1,2
0.57,0.109,0.447999,0,0,1,2
0.57,0.109,0.450999,0,0,1,2
0.57,0.112,0.25,0,0,1,2
0.57,0.112,0.253,0,0,1,2
0.57,0.112,0.256,0,0,1,2
0.57,0.112,0.259,0,0,1,2
0.57,0.112,0.262,0,0,1,2
0.57,0.112,0.265,0,0,1,2
0.57,0.112,0.268,0,0,1,2
0.57,0.112,0.271,0,0,1,2
0.57,0.112,0.274,0,0,1,2
0.57,0.112,0.277,0,0,1,2
0.57,0.112,0.28,0,0,1,2
0.57,0.112,0.283,0,0,1,2
0.57,0.112,0.286,0,0,1,2
0.57,0.112,0.289,0,0,1,2
0.57,0.112,0.292,0,0,1,2
0.57,0.112,0.295,0,0,1,2
0.57,0.112,0.298,0,0,1,2
0.57,0.112,0.301,0,0,1,2
0.57,0.112,0.304,0,0,1,2
0.57,0.112,0.307,0,0,1,2
0.57,0.112,0.31,0,0,1,2
0.57,0.112,0.313,0,0,1,2
0.57,0.112,0.316,0,0,1,2
0.57,0.112,0.319,0,0,1,2
0.57,0.112,0.322,0,0,1,2
0.57,0.112,0.325,0,0,1,2
0.57,0.112,0.328,0,0,1,2
0.57,0.112,0.331,0,0,1,2
0.57,0.112,0.334,0,0,1,2
0.57,0.112,0.337,0,0,1,2
0.57,0.112,0.34,0,0,1,2
0.57,0.112,0.343,0,0,1,2
0.57,0.112,0.346,0,0,1,2
0.57,0.112,0.349,0,0,1,2
0.57,0.112,0.352,0,0,1,2
0.57,0.112,0.355,0,0,1,2
0.57,0.112,0.358,0,0,1,2
0.57,0.112,0.361,0,0,1,2
0.57,0.112,0.364,0,0,1,2
0.57,0.112,0.367,0,0,1,2
0.57,0.112,0.37,0,0,1,2
0.57,0.112,0.373,0,0,1,2
0.57,0.112,0.376,0,0,1,2
0.57,0.112,0.379,0,0,1,2
0.57,0.112,0.382,0,0,1,2
0.57,0.112,0.385,0,0,1,2
0.57,0.112,0.388,0,0,1,2
0.57,0.112,0.391,0,0,1,2
0.57,0.112,0.394,0,0,1,2
0.57,0.112,0.397,0,0,1,2
0.57,0.112,0.4,0,0,1,2
0.57,0.112,0.403,0,0,1,2
0.57,0.112,0.406,0,0,1,2
0.57,0.112,0.409,0,0,1,2
0.57,0.112,0.412,0,0,1,2
0.57,0.112,0.415,0,0,1,2
0.57,0.112,0.418,0,0,1,2
0.57,0.112,0.420999,0,0,1,2
0.57,0.112,0.423999,0,0,1,2
0.57,0.112,0.426999,0,0,1,2
0.57,0.112,0.429999,0,0,1,2
0.57,0.112,0.432999,0,0,1,2
0.57,0.112,0.435999,0,0,1,2
0.57,0.112,0.438999,0,0,1,2
0.57,0.112,0.441999,0,0,1,2
0.57,0.112,0.444999,0,0,1,2
0.57,0.112,0.447999,0,0,1,2
0.57,0.112,0.450999,0,0,1,2
0.57,0.115,0.25,0,0,1,2
0.57,0.115,0.253,0,0,1,2
0.57,0.115,0.256,0,0,1,2
0.57,0.115,0.259,0,0,1,2
0.57,0.115,0.262,0,0,1,2
0.57,0.115,0.265,0,0,1,2
0.57,0.115,0.268,0,0,1,2
0.57,0.115,0.271,0,0,1,2
0.57,0.115,0.274,0,0,1,2
0.57,0.115,0.277,0,0,1,2
0.57,0.115,0.28,0,0,1,2
0.57,0.115,0.283,0,0,1,2
0.57,0.115,0.286,0,0,1,2
0.57,0.115,0.289,0,0,1,2
0.57,0.115,0.292,0,0,1,2
0.57,0.115,0.295,0,0,1,2
0.57,0.115,0.298,0,0,1,2
0.57,0.115,0.301,0,0,1,2
0.57,0.115,0.304,0,0,1,2
0.57,0.115,0.307,0,0,1,2
0.57,0.115,0.31,0,0,1,2
0.57,0.115,0.313,0,0,1,2
0.57,0.115,0.316,0,0,1,2
0.57,0.115,0.319,0,0,1,2
0.57,0.115,0.322,0,0,1,2
0.57,0.115,0.325,0,0,1,2
0.57,0.115,0.328,0,0,1,2
0.57,0.115,0.331,0,0,1,2
0.57,0.115,0.334,0,0,1,2
0.57,0.115,0.337,0,0,1,2
0.57,0.115,0.34,0,0,1,2
0.57,0.115,0.343,0,0,1,2
0.57,0.115,0.346,0,0,1,2
0.57,0.115,0.349,0,0,1,2
0.57,0.115,0.352,0,0,1,2
0.57,0.115,0.355,0,0,1,2
0.57,0.115,0.358,0,0,1,2
0.57,0.115,0.361,0,0,1,2
0.57,0.115,0.364,0,0,1,2
0.57,0.115,0.367,0,0,1,2
0.57,0.115,0.37,0,0,1,2
0.57,0.115,0.373,0,0,1,2
0.57,0.115,0.376,0,0,1,2
0.57,0.115,0.379,0,0,1,2
0.57,0.115,0.382,0,0,1,2
0.57,0.115,0.385,0,0,1,2
0.57,0.115,0.388,0,0,1,2
0.57,0.115,0.391,0,0,1,2
0.57,0.115,0.394,0,0,1,2
0.57,0.115,0.397,0,0,1,2
0.57,0.115,0.4,0,0,1,2
0.57,0.115,0.403,0,0,1,2
0.57,0.115,0.406,0,0,1,2
0.57,0.115,0.409,0,0,1,2
0.57,0.115,0.412,0,0,1,2
0.57,0.115,0.415,0,0,1,2
0.57,0.115,0.418,0,0,1,2
0.57,0.115,0.420999,0,0,1,2
0.57,0.115,0.423999,0,0,1,2
0.57,0.115,0.426999,0,0,1,2
0.57,0.115,0.429999,0,0,1,2
0.57,0.115,0.432999,0,0,1,2
0.57,0.115,0.435999,0,0,1,2
0.57,0.115,0.438999,0,0,1,2
0.57,0.115,0.441999,0,0,1,2
0.57,0.115,0.444999,0,0,1,2
0.57,0.115,0.447999,0,0,1,2
0.57,0.115,0.450999,0,0,1,2
0.57,0.118,0.25,0,0,1,2
0.57,0.118,0.253,0,0,1,2
0.57,0.118,0.256,0,0,1,2
0.57,0.118,0.259,0,0,1,2
0.57,0.118,0.262,0,0,1,2
0.57,0.118,0.265,0,0,1,2
0.57,0.118,0.268,0,0,1,2
0.57,0.118,0.271,0,0,1,2
0.57,0.118,0.274,0,0,1,2
0.57,0.118,0.277,0,0,1,2
0.57,0.118,0.28,0,0,1,2
0.57,0.118,0.283,0,0,1,2
0.57,0.118,0.286,0,0,1,2
0.57,0.118,0.289,0,0,1,2
0.57,0.118,0.292,0,0,1,2
0.57,0.118,0.295,0,0,1,2
0.57,0.118,0.298,0,0,1,2
0.57,0.118,0.301,0,0,1,2
0.57,0.118,0.304,0,0,1,2
0.57,0.118,0.307,0,0,1,2
0.57,0.118,0.31,0,0,1,2
0.57,0.118,0.313,0,0,1,2
0.57,0.118,0.316,0,0,1,2
0.57,0.118,0.319,0,0,1,2
0.57,0.118,0.322,0,0,1,2
0.57,0.118,0.325,0,0,1,2
0.57,0.118,0.328,0,0,1,2
0.57,0.118,0.331,0,0,1,2
0.57,0.118,0.334,0,0,1,2
0.57,0.118,0.337,0,0,1,2
0.57,0.118,0.34,0,0,1,2
0.57,0.118,0.343,0,0,1,2
0.57,0.118,0.346,0,0,1,2
0.57,0.118,0.349,0,0,1,2
0.57,0.118,0.352,0,0,1,2
0.57,0.118,0.355,0,0,1,2
0.57,0.118,0.358,0,0,1,2
0.57,0.118,0.361,0,0,1,2
0.57,0.118,0.364,0,0,1,2
0.57,0.118,0.367,0,0,1,2
0.57,0.118,0.37,0,0,1,2
0.57,0.118,0.373,0,0,1,2
0.57,0.118,0.376,0,0,1,2
0.57,0.118,0.379,0,0,1,2
0.57,0.118,0.382,0,0,1,2
0.57,0.118,0.385,0,0,1,2
0.57,0.118,0.388,0,0,1,2
0.57,0.118,0.391,0,0,1,2
0.57,0.118,0.394,0,0,1,2
0.57,0.118,0.397,0,0,1,2
0.57,0.118,0.4,0,0,1,2
0.57,0.118,0.403,0,0,1,2
0.57,0.118,0.406,0,0,1,2
0.57,0.118,0.409,0,0,1,2
0.57,0.118,0.412,0,0,1,2
0.57,0.118,0.415,0,0,1,2
0.57,0.118,0.418,0,0,1,2
0.57,0.118,0.420999,0,0,1,2
0.57,0.118,0.423999,0,0,1,2
0.57,0.118,0.426999,0,0,1,2
0.57,0.118,0.429999,0,0,1,2
0.57,0.118,0.432999,0,0,1,2
0.57,0.118,0.435999,0,0,1,2
0.57,0.118,0.438999,0,0,1,2
0.57,0.118,0.441999,0,0,1,2
0.57,0.118,0.444999,0,0,1,2
0.57,0.118,0.447999,0,0,1,2
0.57,0.118,0.450999,0,0,1,2
0.57,0.121,0.25,0,0,1,2
0.57,0.121,0.253,0,0,1,2
0.57,0.121,0.256,0,0,1,2
0.57,0.121,0.259,0,0,1,2
0.57,0.121,0.262,0,0,1,2
0.57,0.121,0.265,0,0,1,2
0.57,0.121,0.268,0,0,1,2
0.57,0.121,0.271,0,0,1,2
0.57,0.121,0.274,0,0,1,2
0.57,0.121,0.277,0,0,1,2
0.57,0.121,0.28,0,0,1,2
0.57,0.121,0.283,0,0,1,2
0.57,0.121,0.286,0,0,1,2
0.57,0.121,0.289,0,0,1,2
0.57,0.121,0.292,0,0,1,2
0.57,0.121,0.295,0,0,1,2
0.57,0.121,0.298,0,0,1,2
0.57,0.121,0.301,0,0,1,2
0.57,0.121,0.304,0,0,1,2
0.57,0.121,0.307,0,0,1,2
0.57,0.121,0.31,0,0,1,2
0.57,0.121,0.313,0,0,1,2
0.57,0.121,0.316,0,0,1,2
0.57,0.121,0.319,0,0,1,2
0.57,0.121,0.322,0,0,1,2
0.57,0.121,0.325,0,0,1,2
0.57,0.121,0.328,0,0,1,2
0.57,0.121,0.331,0,0,1,2
0.57,0.121,0.334,0,0,1,2
0.57,0.121,0.337,0,0,1,2
0.57,0.121,0.34,0,0,1,2
0.57,0.121,0.343,0,0,1,2
0.57,0.121,0.346,0,0,1,2
0.57,0.121,0.349,0,0,1,2
0.57,0.121,0.352,0,0,1,2
0.57,0.121,0.355,0,0,1,2
0.57,0.121,0.358,0,0,1,2
0.57,0.121,0.361,0,0,1,2
0.57,0.121,0.364,0,0,1,2
0.57,0.121,0.367,0,0,1,2
0.57,0.121,0.37,0,0,1,2
0.57,0.121,0.373,0,0,1,2
0.57,0.121,0.376,0,0,1,2
0.57,0.121,0.379,0,0,1,2
0.57,0.121,0.382,0,0,1,2
0.57,0.121,0.385,0,0,1,2
0.57,0.121,0.388,0,0,1,2
0.57,0.121,0.391,0,0,1,2
0.57,0.121,0.394,0,0,1,2
0.57,0.121,0.397,0,0,1,2
0.57,0.121,0.4,0,0,1,2
0.57,0.121,0.403,0,0,1,2
0.57,0.121,0.406,0,0,1,2
0.57,0.121,0.409,0,0,1,2
0.57,0.121,0.412,0,0,1,2
0.57,0.121,0.415,0,0,1,2
0.57,0.121,0.418,0,0,1,2
0.57,0.121,0.420999,0,0,1,2
0.57,0.121,0.423999,0,0,1,2
0.57,0.121,0.426999,0,0,1,2
0.57,0.121,0.429999,0,0,1,2
0.57,0.121,0.432999,0,0,1,2
0.57,0.121,0.435999,0,0,1,2
0.57,0.121,0.438999,0,0,1,2
0.57,0.121,0.441999,0,0,1,2
0.57,0.121,0.444999,0,0,1,2
0.57,0.121,0.447999,0,0,1,2
0.57,0.121,0.450999,0,0,1,2
0.57,0.124,0.25,0,0,1,2
0.57,0.124,0.253,0,0,1,2
0.57,0.124,0.256,0,0,1,2
0.57,0.124,0.259,0,0,1,2
0.57,0.124,0.262,0,0,1,2
0.57,0.124,0.265,0,0,1,2
0.57,0.124,0.268,0,0,1,2
0.57,0.124,0.271,0,0,1,2
0.57,0.124,0.274,0,0,1,2
0.57,0.124,0.277,0,0,1,2
0.57,0.124,0.28,0,0,1,2
0.57,0.124,0.283,0,0,1,2
0.57,0.124,0.286,0,0,1,2
0.57,0.124,0.289,0,0,1,2
0.57,0.124,0.292,0,0,1,2
0.57,0.124,0.295,0,0,1,2
0.57,0.124,0.298,0,0,1,2
0.57,0.124,0.301,0,0,1,2
0.57,0.124,0.304,0,0,1,2
0.57,0.124,0.307,0,0,1,2
0.57,0.124,0.31,0,0,1,2
0.57,0.124,0.313,0,0,1,2
0.57,0.124,0.316,0,0,1,2
0.57,0.124,0.319,0,0,1,2
0.57,0.124,0.322,0,0,1,2
0.57,0.124,0.325,0,0,1,2
0.57,0.124,0.328,0,0,1,2
0.57,0.124,0.331,0,0,1,2
0.57,0.124,0.334,0,0,1,2
0.57,0.124,0.337,0,0,1,2
0.57,0.124,0.34,0,0,1,2
0.57,0.124,0.343,0,0,1,2
0.57,0.124,0.346,0,0,1,2
0.57,0.124,0.349,0,0,1,2
0.57,0.124,0.352,0,0,1,2
0.57,0.124,0.355,0,0,1,2
0.57,0.124,0.358,0,0,1,2
0.57,0.124,0.361,0,0,1,2
0.57,0.124,0.364,0,0,1,2
0.57,0.124,0.367,0,0,1,2
0.57,0.124,0.37,0,0,1,2
0.57,0.124,0.373,0,0,1,2
0.57,0.124,0.376,0,0,1,2
0.57,0.124,0.379,0,0,1,2
0.57,0.124,0.382,0,0,1,2
0.57,0.124,0.385,0,0,1,2
0.57,0.124,0.388,0,0,1,2
0.57,0.124,0.391,0,0,1,2
0.57,0.124,0.394,0,0,1,2
0.57,0.124,0.397,0,0,1,2
0.57,0.124,0.4,0,0,1,2
0.57,0.124,0.403,0,0,1,2
0.57,0.124,0.406,0,0,1,2
0.57,0.124,0.409,0,0,1,2
0.57,0.124,0.412,0,0,1,2
0.57,0.124,0.415,0,0,1,2
0.57,0.124,0.418,0,0,1,2
0.57,0.124,0.420999,0,0,1,2
0.57,0.124,0.423999,0,0,1,2
0.57,0.124,0.426999,0,0,1,2
0.57,0.124,0.429999,0,0,1,2
0.57,0.124,0.432999,0,0,1,2
0.57,0.124,0.435999,0,0,1,2
0.57,0.124,0.438999,0,0,1,2
0.57,0.124,0.441999,0,0,1,2
0.57,0.124,0.444999,0,0,1,2
0.57,0.124,0.447999,0,0,1,2
0.57,0.124,0.450999,0,0,1,2
0.57,0.127,0.25,0,0,1,2
0.57,0.127,0.253,0,0,1,2
0.57,0.127,0.256,0,0,1,2
0.57,0.127,0.259,0,0,1,2
0.57,0.127,0.262,0,0,1,2
0.57,0.127,0.265,0,0,1,2
0.57,0.127,0.268,0,0,1,2
0.57,0.127,0.271,0,0,1,2
0.57,0.127,0.274,0,0,1,2
0.57,0.127,0.277,0,0,1,2
0.57,0.127,0.28,0,0,1,2
0.57,0.127,0.283,0,0,1,2
0.57,0.127,0.286,0,0,1,2
0.57,0.127,0.289,0,0,1,2
0.57,0.127,0.292,0,0,1,2
0.57,0.127,0.295,0,0,1,2
0.57,0.127,0.298,0,0,1,2
0.57,0.127,0.301,0,0,1,2
0.57,0.127,0.304,0,0,1,2
0.57,0.127,0.307,0,0,1,2
0.57,0.127,0.31,0,0,1,2
0.57,0.127,0.313,0,0,1,2
0.57,0.127,0.316,0,0,1,2
0.57,0.127,0.319,0,0,1,2
0.57,0.127,0.322,0,0,1,2
0.57,0.127,0.325,0,0,1,2
0.57,0.127,0.328,0,0,1,2
0.57,0.127,0.331,0,0,1,2
0.57,0.127,0.334,0,0,1,2
0.57,0.127,0.337,0,0,1,2
0.57,0.127,0.34,0,0,1,2
0.57,0.127,0.343,0,0,1,2
0.57,0.127,0.346,0,0,1,2
0.57,0.127,0.349,0,0,1,2
0.57,0.127,0.352,0,0,1,2
0.57,0.127,0.355,0,0,1,2
0.57,0.127,0.358,0,0,1,2
0.57,0.127,0.361,0,0,1,2
0.57,0.127,0.364,0,0,1,2
0.57,0.127,0.367,0,0,1,2
0.57,0.127,0.37,0,0,1,2
0.57,0.127,0.373,0,0,1,2
0.57,0.127,0.376,0,0,1,2
0.57,0.127,0.379,0,0,1,2
0.57,0.127,0.382,0,0,1,2
0.57,0.127,0.385,0,0,1,2
0.57,0.127,0.388,0,0,1,2
0.57,0.127,0.391,0,0,1,2
0.57,0.127,0.394,0,0,1,2
0.57,0.127,0.397,0,0,1,2
0.57,0.127,0.4,0,0,1,2
0.57,0.127,0.403,0,0,1,2
0.57,0.127,0.406,0,0,1,2
0.57,0.127,0.409,0,0,1,2
0.57,0.127,0.412,0,0,1,2
0.57,0.127,0.415,0,0,1,2
0.57,0.127,0.418,0,0,1,2
0.57,0.127,0.420999,0,0,1,2
0.57,0.127,0.423999,0,0,1,2
0.57,0.127,0.426999,0,0,1,2
0.57,0.127,0.429999,0,0,1,2
0.57,0.127,0.432999,0,0,1,2
0.57,0.127,0.435999,0,0,1,2
0.57,0.127,0.438999,0,0,1,2
0.57,0.127,0.441999,0,0,1,2
0.57,0.127,0.444999,0,0,1,2
0.57,0.127,0.447999,0,0,1,2
0.57,0.127,0.450999,0,0,1,2
0.57,0.13,0.25,0,0,1,2
0.57,0.13,0.253,0,0,1,2
0.57,0.13,0.256,0,0,1,2
0.57,0.13,0.259,0,0,1,2
0.57,0.13,0.262,0,0,1,2
0.57,0.13,0.265,0,0,1,2
0.57,0.13,0.268,0,0,1,2
0.57,0.13,0.271,0,0,1,2
0.57,0.13,0.274,0,0,1,2
0.57,0.13,0.277,0,0,1,2
0.57,0.13,0.28,0,0,1,2
0.57,0.13,0.283,0,0,1,2
0.57,0.13,0.286,0,0,1,2
0.57,0.13,0.289,0,0,1,2
0.57,0.13,0.292,0,0,1,2
0.57,0.13,0.295,0,0,1,2
0.57,0.13,0.298,0,0,1,2
0.57,0.13,0.301,0,0,1,2
0.57,0.13,0.304,0,0,1,2
0.57,0.13,0.307,0,0,1,2
0.57,0.13,0.31,0,0,1,2
0.57,0.13,0.313,0,0,1,2
0.57,0.13,0.316,0,0,1,2
0.57,0.13,0.319,0,0,1,2
0.57,0.13,0.322,0,0,1,2
0.57,0.13,0.325,0,0,1,2
0.57,0.13,0.328,0,0,1,2
0.57,0.13,0.331,0,0,1,2
0.57,0.13,0.334,0,0,1,2
0.57,0.13,0.337,0,0,1,2
0.57,0.13,0.34,0,0,1,2
0.57,0.13,0.343,0,0,1,2
0.57,0.13,0.346,0,0,1,2
0.57,0.13,0.349,0,0,1,2
0.57,0.13,0.352,0,0,1,2
0.57,0.13,0.355,0,0,1,2
0.57,0.13,0.358,0,0,1,2
0.57,0.13,0.361,0,0,1,2
0.57,0.13,0.364,0,0,1,2
0.57,0.13,0.367,0,0,1,2
0.57,0.13,0.37,0,0,1,2
0.57,0.13,0.373,0,0,1,2
0.57,0.13,0.376,0,0,1,2
0.57,0.13,0.379,0,0,1,2
0.57,0.13,0.382,0,0,1,2
0.57,0.13,0.385,0,0,1,2
0.57,0.13,0.388,0,0,1,2
0.57,0.13,0.391,0,0,1,2
0.57,0.13,0.394,0,0,1,2
0.57,0.13,0.397,0,0,1,2
0.57,0.13,0.4,0,0,1,2
0.57,0.13,0.403,0,0,1,2
0.57,0.13,0.406,0,0,1,2
0.57,0.13,0.409,0,0,1,2
0.57,0.13,0.412,0,0,1,2
0.57,0.13,0.415,0,0,1,2
0.57,0.13,0.418,0,0,1,2
0.57,0.13,0.420999,0,0,1,2
0.57,0.13,0.423999,0,0,1,2
0.57,0.13,0.426999,0,0,1,2
0.57,0.13,0.429999,0,0,1,2
0.57,0.13,0.432999,0,0,1,2
0.57,0.13,0.435999,0,0,1,2
0.57,0.13,0.438999,0,0,1,2
0.57,0.13,0.441999,0,0,1,2
0.57,0.13,0.444999,0,0,1,2
0.57,0.13,0.447999,0,0,1,2
0.57,0.13,0.450999,0,0,1,2
0.57,0.133,0.25,0,0,1,2
0.57,0.133,0.253,0,0,1,2
0.57,0.133,0.256,0,0,1,2
0.57,0.133,0.259,0,0,1,2
0.57,0.133,0.262,0,0,1,2
0.57,0.133,0.265,0,0,1,2
0.57,0.133,0.268,0,0,1,2
0.57,0.133,0.271,0,0,1,2
0.57,0.133,0.274,0,0,1,2
0.57,0.133,0.277,0,0,1,2
0.57,0.133,0.28,0,0,1,2
0.57,0.133,0.283,0,0,1,2
0.57,0.133,0.286,0,0,1,2
0.57,0.133,0.289,0,0,1,2
0.57,0.133,0.292,0,0,1,2
0.57,0.133,0.295,0,0,1,2
0.57,0.133,0.298,0,0,1,2
0.57,0.133,0.301,0,0,1,2
0.57,0.133,0.304,0,0,1,2
0.57,0.133,0.307,0,0,1,2
0.57,0.133,0.31,0,0,1,2
0.57,0.133,0.313,0,0,1,2
0.57,0.133,0.316,0,0,1,2
0.57,0.133,0.319,0,0,1,2
0.57,0.133,0.322,0,0,1,2
0.57,0.133,0.325,0,0,1,2
0.57,0.133,0.328,0,0,1,2
0.57,0.133,0.331,0,0,1,2
0.57,0.133,0.334,0,0,1,2
0.57,0.133,0.337,0,0,1,2
0.57,0.133,0.34,0,0,1,2
0.57,0.133,0.343,0,0,1,2
0.57,0.133,0.346,0,0,1,2
0.57,0.133,0.349,0,0,1,2
0.57,0.133,0.352,0,0,1,2
0.57,0.133,0.355,0,0,1,2
0.57,0.133,0.358,0,0,1,2
0.57,0.133,0.361,0,0,1,2
0.57,0.133,0.364,0,0,1,2
0.57,0.133,0.367,0,0,1,2
0.57,0.133,0.37,0,0,1,2
0.57,0.133,0.373,0,0,1,2
0.57,0.133,0.376,0,0,1,2
0.57,0.133,0.379,0,0,1,2
0.57,0.133,0.382,0,0,1,2
0.57,0.133,0.385,0,0,1,2
0.57,0.133,0.388,0,0,1,2
0.57,0.133,0.391,0,0,1,2
0.57,0.133,0.394,0,0,1,2
0.57,0.133,0.397,0,0,1,2
0.57,0.133,0.4,0,0,1,2
0.57,0.133,0.403,0,0,1,2
0.57,0.133,0.406,0,0,1,2
0.57,0.133,0.409,0,0,1,2
0.57,0.133,0.412,0,0,1,2
0.57,0.133,0.415,0,0,1,2
0.57,0.133,0.418,0,0,1,2
0.57,0.133,0.420999,0,0,1,2
0.57,0.133,0.423999,0,0,1,2
0.57,0.133,0.426999,0,0,1,2
0.57,0.133,0.429999,0,0,1,2
0.57,0.133,0.432999,0,0,1,2
0.57,0.133,0.435999,0,0,1,2
0.57,0.133,0.438999,0,0,1,2
0.57,0.133,0.441999,0,0,1,2
0.57,0.133,0.444999,0,0,1,2
0.57,0.133,0.447999,0,0,1,2
0.57,0.133,0.450999,0,0,1,2
0.57,0.136,0.25,0,0,1,2
0.57,0.136,0.253,0,0,1,2
0.57,0.136,0.256,0,0,1,2
0.57,0.136,0.259,0,0,1,2
0.57,0.136,0.262,0,0,1,2
0.57,0.136,0.265,0,0,1,2
0.57,0.136,0.268,0,0,1,2
0.57,0.136,0.271,0,0,1,2
0.57,0.136,0.274,0,0,1,2
0.57,0.136,0.277,0,0,1,2
0.57,0.136,0.28,0,0,1,2
0.57,0.136,0.283,0,0,1,2
0.57,0.136,0.286,0,0,1,2
0.57,0.136,0.289,0,0,1,2
0.57,0.136,0.292,0,0,1,2
0.57,0.136,0.295,0,0,1,2
0.57,0.136,0.298,0,0,1,2
0.57,0.136,0.301,0,0,1,2
0.57,0.136,0.304,0,0,1,2
0.57,0.136,0.307,0,0,1,2
0.57,0.136,0.31,0,0,1,2
0.57,0.136,0.313,0,0,1,2
0.57,0.136,0.316,0,0,1,2
0.57,0.136,0.319,0,0,1,2
0.57,0.136,0.322,0,0,1,2
0.57,0.136,0.325,0,0,1,2
0.57,0.136,0.328,0,0,1,2
0.57,0.136,0.331,0,0,1,2
0.57,0.136,0.334,0,0,1,2
0.57,0.136,0.337,0,0,1,2
0.57,0.136,0.34,0,0,1,2
0.57,0.136,0.343,0,0,1,2
0.57,0.136,0.346,0,0,1,2
0.57,0.136,0.349,0,0,1,2
0.57,0.136,0.352,0,0,1,2
0.57,0.136,0.355,0,0,1,2
0.57,0.136,0.358,0,0,1,2
0.57,0.136,0.361,0,0,1,2
0.57,0.136,0.364,0,0,1,2
0.57,0.136,0.367,0,0,1,2
0.57,0.136,0.37,0,0,1,2
0.57,0.136,0.373,0,0,1,2
0.57,0.136,0.376,0,0,1,2
0.57,0.136,0.379,0,0,1,2
0.57,0.136,0.382,0,0,1,2
0.57,0.136,0.385,0,0,1,2
0.57,0.136,0.388,0,0,1,2
0.57,0.136,0.391,0,0,1,2
0.57,0.136,0.394,0,0,1,2
0.57,0.136,0.397,0,0,1,2
0.57,0.136,0.4,0,0,1,2
0.57,0.136,0.403,0,0,1,2
0.57,0.136,0.406,0,0,1,2
0.57,0.136,0.409,0,0,1,2
0.57,0.136,0.412,0,0,1,2
0.57,0.136,0.415,0,0,1,2
0.57,0.136,0.418,0,0,1,2
0.57,0.136,0.420999,0,0,1,2
0.57,0.136,0.423999,0,0,1,2
0.57,0.136,0.426999,0,0,1,2
0.57,0.136,0.429999,0,0,1,2
0.57,0.136,0.432999,0,0,1,2
0.57,0.136,0.435999,0,0,1,2
0.57,0.136,0.438999,0,0,1,2
0.57,0.136,0.441999,0,0,1,2
0.57,0.136,0.444999,0,0,1,2
0.57,0.136,0.447999,0,0,1,2
0.57,0.136,0.450999,0,0,1,2
0.57,0.139,0.25,0,0,1,2
0.57,0.139,0.253,0,0,1,2
0.57,0.139,0.256,0,0,1,2
0.57,0.139,0.259,0,0,1,2
0.57,0.139,0.262,0,0,1,2
0.57,0.139,0.265,0,0,1,2
0.57,0.139,0.268,0,0,1,2
0.57,0.139,0.271,0,0,1,2
0.57,0.139,0.274,0,0,1,2
0.57,0.139,0.277,0,0,1,2
0.57,0.139,0.28,0,0,1,2
0.57,0.139,0.283,0,0,1,2
0.57,0.139,0.286,0,0,1,2
0.57,0.139,0.289,0,0,1,2
0.57,0.139,0.292,0,0,1,2
0.57,0.139,0.295,0,0,1,2
0.57,0.139,0.298,0,0,1,2
0.57,0.139,0.301,0,0,1,2
0.57,0.139,0.304,0,0,1,2
0.57,0.139,0.307,0,0,1,2
0.57,0.139,0.31,0,0,1,2
0.57,0.139,0.313,0,0,1,2
0.57,0.139,0.316,0,0,1,2
0.57,0.139,0.319,0,0,1,2
0.57,0.139,0.322,0,0,1,2
0.57,0.139,0.325,0,0,1,2
0.57,0.139,0.328,0,0,1,2
0.57,0.139,0.331,0,0,1,2
0.57,0.139,0.334,0,0,1,2
0.57,0.139,0.337,0,0,1,2
0.57,0.139,0.34,0,0,1,2
0.57,0.139,0.343,0,0,1,2
0.57,0.139,0.346,0,0,1,2
0.57,0.139,0.349,0,0,1,2
0.57,0.139,0.352,0,0,1,2
0.57,0.139,0.355,0,0,1,2
0.57,0.139,0.358,0,0,1,2
0.57,0.139,0.361,0,0,1,2
0.57,0.139,0.364,0,0,1,2
0.57,0.139,0.367,0,0,1,2
0.57,0.139,0.37,0,0,1,2
0.57,0.139,0.373,0,0,1,2
0.57,0.139,0.376,0,0,1,2
0.57,0.139,0.379,0,0,1,2
0.57,0.139,0.382,0,0,1,2
0.57,0.139,0.385,0,0,1,2
0.57,0.139,0.388,0,0,1,2
0.57,0.139,0.391,0,0,1,2
0.57,0.139,0.394,0,0,1,2
0.57,0.139,0.397,0,0,1,2
0.57,0.139,0.4,0,0,1,2
0.57,0.139,0.403,0,0,1,2
0.57,0.139,0.406,0,0,1,2
0.57,0.139,0.409,0,0,1,2
0.57,0.139,0.412,0,0,1,2
0.57,0.139,0.415,0,0,1,2
0.57,0.139,0.418,0,0,1,2
0.57,0.139,0.420999,0,0,1,2
0.57,0.139,0.423999,0,0,1,2
0.57,0.139,0.426999,0,0,1,2
0.57,0.139,0.429999,0,0,1,2
0.57,0.139,0.432999,0,0,1,2
0.57,0.139,0.435999,0,0,1,2
0.57,0.139,0.438999,0,0,1,2
0.57,0.139,0.441999,0,0,1,2
0.57,0.139,0.444999,0,0,1,2
0.57,0.139,0.447999,0,0,1,2
0.57,0.139,0.450999,0,0,1,2
0.57,0.142,0.25,0,0,1,2
0.57,0.142,0.253,0,0,1,2
0.57,0.142,0.256,0,0,1,2
0.57,0.142,0.259,0,0,1,2
0.57,0.142,0.262,0,0,1,2
0.57,0.142,0.265,0,0,1,2
0.57,0.142,0.268,0,0,1,2
0.57,0.142,0.271,0,0,1,2
0.57,0.142,0.274,0,0,1,2
0.57,0.142,0.277,0,0,1,2
0.57,0.142,0.28,0,0,1,2
0.57,0.142,0.283,0,0,1,2
0.57,0.142,0.286,0,0,1,2
0.57,0.142,0.289,0,0,1,2
0.57,0.142,0.292,0,0,1,2
0.57,0.142,0.295,0,0,1,2
0.57,0.142,0.298,0,0,1,2
0.57,0.142,0.301,0,0,1,2
0.57,0.142,0.304,0,0,1,2
0.57,0.142,0.307,0,0,1,2
0.57,0.142,0.31,0,0,1,2
0.57,0.142,0.313,0,0,1,2
0.57,0.142,0.316,0,0,1,2
0.57,0.142,0.319,0,0,1,2
0.57,0.142,0.322,0,0,1,2
0.57,0.142,0.325,0,0,1,2
0.57,0.142,0.328,0,0,1,2
0.57,0.142,0.331,0,0,1,2
0.57,0.142,0.334,0,0,1,2
0.57,0.142,0.337,0,0,1,2
0.57,0.142,0.34,0,0,1,2
0.57,0.142,0.343,0,0,1,2
0.57,0.142,0.346,0,0,1,2
0.57,0.142,0.349,0,0,1,2
0.57,0.142,0.352,0,0,1,2
0.57,0.142,0.355,0,0,1,2
0.57,0.142,0.358,0,0,1,2
0.57,0.142,0.361,0,0,1,2
0.57,0.142,0.364,0,0,1,2
0.57,0.142,0.367,0,0,1,2
0.57,0.142,0.37,0,0,1,2
0.57,0.142,0.373,0,0,1,2
0.57,0.142,0.376,0,0,1,2
0.57,0.142,0.379,0,0,1,2
0.57,0.142,0.382,0,0,1,2
0.57,0.142,0.385,0,0,1,2
0.57,0.142,0.388,0,0,1,2
0.57,0.142,0.391,0,0,1,2
0.57,0.142,0.394,0,0,1,2
0.57,0.142,0.397,0,0,1,2
0.57,0.142,0.4,0,0,1,2
0.57,0.142,0.403,0,0,1,2
0.57,0.142,0.406,0,0,1,2
0.57,0.142,0.409,0,0,1,2
0.57,0.142,0.412,0,0,1,2
0.57,0.142,0.415,0,0,1,2
0.57,0.142,0.418,0,0,1,2
0.57,0.142,0.420999,0,0,1,2
0.57,0.142,0.423999,0,0,1,2
0.57,0.142,0.426999,0,0,1,2
0.57,0.142,0.429999,0,0,1,2
0.57,0.142,0.432999,0,0,1,2
0.57,0.142,0.435999,0,0,1,2
0.57,0.142,0.438999,0,0,1,2
0.57,0.142,0.441999,0,0,1,2
0.57,0.142,0.444999,0,0,1,2
0.57,0.142,0.447999,0,0,1,2
0.57,0.142,0.450999,0,0,1,2
0.57,0.145,0.25,0,0,1,2
0.57,0.145,0.253,0,0,1,2
0.57,0.145,0.256,0,0,1,2
0.57,0.145,0.259,0,0,1,2
0.57,0.145,0.262,0,0,1,2
0.57,0.145,0.265,0,0,1,2
0.57,0.145,0.268,0,0,1,2
0.57,0.145,0.271,0,0,1,2
0.57,0.145,0.274,0,0,1,2
0.57,0.145,0.277,0,0,1,2
0.57,0.145,0.28,0,0,1,2
0.57,0.145,0.283,0,0,1,2
0.57,0.145,0.286,0,0,1,2
0.57,0.145,0.289,0,0,1,2
0.57,0.145,0.292,0,0,1,2
0.57,0.145,0.295,0,0,1,2
0.57,0.145,0.298,0,0,1,2
0.57,0.145,0.301,0,0,1,2
0.57,0.145,0.304,0,0,1,2
0.57,0.145,0.307,0,0,1,2
0.57,0.145,0.31,0,0,1,2
0.57,0.145,0.313,0,0,1,2
0.57,0.145,0.316,0,0,1,2
0.57,0.145,0.319,0,0,1,2
0.57,0.145,0.322,0,0,1,2
0.57,0.145,0.325,0,0,1,2
0.57,0.145,0.328,0,0,1,2
0.57,0.145,0.331,0,0,1,2
0.57,0.145,0.334,0,0,1,2
0.57,0.145,0.337,0,0,1,2
0.57,0.145,0.34,0,0,1,2
0.57,0.145,0.343,0,0,1,2
0.57,0.145,0.346,0,0,1,2
0.57,0.145,0.349,0,0,1,2
0.57,0.145,0.352,0,0,1,2
0.57,0.145,0.355,0,0,1,2
0.57,0.145,0.358,0,0,1,2
0.57,0.145,0.361,0,0,1,2
0.57,0.145,0.364,0,0,1,2
0.57,0.145,0.367,0,0,1,2
0.57,0.145,0.37,0,0,1,2
0.57,0.145,0.373,0,0,1,2
0.57,0.145,0.376,0,0,1,2
0.57,0.145,0.379,0,0,1,2
0.57,0.145,0.382,0,0,1,2
0.57,0.145,0.385,0,0,1,2
0.57,0.145,0.388,0,0,1,2
0.57,0.145,0.391,0,0,1,2
0.57,0.145,0.394,0,0,1,2
0.57,0.145,0.397,0,0,1,2
0.57,0.145,0.4,0,0,1,2
0.57,0.145,0.403,0,0,1,2
0.57,0.145,0.406,0,0,1,2
0.57,0.145,0.409,0,0,1,2
0.57,0.145,0.412,0,0,1,2
0.57,0.145,0.415,0,0,1,2
0.57,0.145,0.418,0,0,1,2
0.57,0.145,0.420999,0,0,1,2
0.57,0.145,0.423999,0,0,1,2
0.57,0.145,0.426999,0,0,1,2
0.57,0.145,0.429999,0,0,1,2
0.57,0.145,0.432999,0,0,1,2
0.57,0.145,0.435999,0,0,1,2
0.57,0.145,0.438999,0,0,1,2
0.57,0.145,0.441999,0,0,1,2
0.57,0.145,0.444999,0,0,1,2
0.57,0.145,0.447999,0,0,1,2
0.57,0.145,0.450999,0,0,1,2
0.57,0.148,0.25,0,0,1,2
0.57,0.148,0.253,0,0,1,2
0.57,0.148,0.256,0,0,1,2
0.57,0.148,0.259,0,0,1,2
0.57,0.148,0.262,0,0,1,2
0.57,0.148,0.265,0,0,1,2
0.57,0.148,0.268,0,0,1,2
0.57,0.148,0.271,0,0,1,2
0.57,0.148,0.274,0,0,1,2
0.57,0.148,0.277,0,0,1,2
0.57,0.148,0.28,0,0,1,2
0.57,0.148,0.283,0,0,1,2
0.57,0.148,0.286,0,0,1,2
0.57,0.148,0.289,0,0,1,2
0.57,0.148,0.292,0,0,1,2
0.57,0.148,0.295,0,0,1,2
0.57,0.148,0.298,0,0,1,2
0.57,0.148,0.301,0,0,1,2
0.57,0.148,0.304,0,0,1,2
0.57,0.148,0.307,0,0,1,2
0.57,0.148,0.31,0,0,1,2
0.57,0.148,0.313,0,0,1,2
0.57,0.148,0.316,0,0,1,2
0.57,0.148,0.319,0,0,1,2
0.57,0.148,0.322,0,0,1,2
0.57,0.148,0.325,0,0,1,2
0.57,0.148,0.328,0,0,1,2
0.57,0.148,0.331,0,0,1,2
0.57,0.148,0.334,0,0,1,2
0.57,0.148,0.337,0,0,1,2
0.57,0.148,0.34,0,0,1,2
0.57,0.148,0.343,0,0,1,2
0.57,0.148,0.346,0,0,1,2
0.57,0.148,0.349,0,0,1,2
0.57,0.148,0.352,0,0,1,2
0.57,0.148,0.355,0,0,1,2
0.57,0.148,0.358,0,0,1,2
0.57,0.148,0.361,0,0,1,2
0.57,0.148,0.364,0,0,1,2
0.57,0.148,0.367,0,0,1,2
0.57,0.148,0.37,0,0,1,2
0.57,0.148,0.373,0,0,1,2
0.57,0.148,0.376,0,0,1,2
0.57,0.148,0.379,0,0,1,2
0.57,0.148,0.382,0,0,1,2
0.57,0.148,0.385,0,0,1,2
0.57,0.148,0.388,0,0,1,2
0.57,0.148,0.391,0,0,1,2
0.57,0.148,0.394,0,0,1,2
0.57,0.148,0.397,0,0,1,2
0.57,0.148,0.4,0,0,1,2
0.57,0.148,0.403,0,0,1,2
0.57,0.148,0.406,0,0,1,2
0.57,0.148,0.409,0,0,1,2
0.57,0.148,0.412,0,0,1,2
0.57,0.148,0.415,0,0,1,2
0.57,0.148,0.418,0,0,1,2
0.57,0.148,0.420999,0,0,1,2
0.57,0.148,0.423999,0,0,1,2
0.57,0.148,0.426999,0,0,1,2
0.57,0.148,0.429999,0,0,1,2
0.57,0.148,0.432999,0,0,1,2
0.57,0.148,0.435999,0,0,1,2
0.57,0.148,0.438999,0,0,1,2
0.57,0.148,0.441999,0,0,1,2
0.57,0.148,0.444999,0,0,1,2
0.57,0.148,0.447999,0,0,1,2
0.57,0.148,0.450999,0,0,1,2
0.57,0.151,0.25,0,0,1,2
0.57,0.151,0.253,0,0,1,2
0.57,0.151,0.256,0,0,1,2
0.57,0.151,0.259,0,0,1,2
0.57,0.151,0.262,0,0,1,2
0.57,0.151,0.265,0,0,1,2
0.57,0.151,0.268,0,0,1,2
0.57,0.151,0.271,0,0,1,2
0.57,0.151,0.274,0,0,1,2
0.57,0.151,0.277,0,0,1,2
0.57,0.151,0.28,0,0,1,2
0.57,0.151,0.283,0,0,1,2
0.57,0.151,0.286,0,0,1,2
0.57,0.151,0.289,0,0,1,2
0.57,0.151,0.292,0,0,1,2
0.57,0.151,0.295,0,0,1,2
0.57,0.151,0.298,0,0,1,2
0.57,0.151,0.301,0,0,1,2
0.57,0.151,0.304,0,0,1,2
0.57,0.151,0.307,0,0,1,2
0.57,0.151,0.31,0,0,1,2
0.57,0.151,0.313,0,0,1,2
0.57,0.151,0.316,0,0,1,2
0.57,0.151,0.319,0,0,1,2
0.57,0.151,0.322,0,0,1,2
0.57,0.151,0.325,0,0,1,2
0.57,0.151,0.328,0,0,1,2
0.57,0.151,0.331,0,0,1,2
0.57,0.151,0.334,0,0,1,2
0.57,0.151,0.337,0,0,1,2
0.57,0.151,0.34,0,0,1,2
0.57,0.151,0.343,0,0,1,2
0.57,0.151,0.346,0,0,1,2
0.57,0.151,0.349,0,0,1,2
0.57,0.151,0.352,0,0,1,2
0.57,0.151,0.355,0,0,1,2
0.57,0.151,0.358,0,0,1,2
0.57,0.151,0.361,0,0,1,2
0.57,0.151,0.364,0,0,1,2
0.57,0.151,0.367,0,0,1,2
0.57,0.151,0.37,0,0,1,2
0.57,0.151,0.373,0,0,1,2
0.57,0.151,0.376,0,0,1,2
0.57,0.151,0.379,0,0,1,2
0.57,0.151,0.382,0,0,1,2
0.57,0.151,0.385,0,0,1,2
0.57,0.151,0.388,0,0,1,2
0.57,0.151,0.391,0,0,1,2
0.57,0.151,0.394,0,0,1,2
0.57,0.151,0.397,0,0,1,2
0.57,0.151,0.4,0,0,1,2
0.57,0.151,0.403,0,0,1,2
0.57,0.151,0.406,0,0,1,2
0.57,0.151,0.409,0,0,1,2
0.57,0.151,0.412,0,0,1,2
0.57,0.151,0.415,0,0,1,2
0.57,0.151,0.418,0,0,1,2
0.57,0.151,0.420999,0,0,1,2
0.57,0.151,0.423999,0,0,1,2
0.57,0.151,0.426999,0,0,1,2
0.57,0.151,0.429999,0,0,1,2
0.57,0.151,0.432999,0,0,1,2
0.57,0.151,0.435999,0,0,1,2
0.57,0.151,0.438999,0,0,1,2
0.57,0.151,0.441999,0,0,1,2
0.57,0.151,0.444999,0,0,1,2
0.57,0.151,0.447999,0,0,1,2
0.57,0.151,0.450999,0,0,1,2
0.57,0.154,0.25,0,0,1,2
0.57,0.154,0.253,0,0,1,2
0.57,0.154,0.256,0,0,1,2
0.57,0.154,0.259,0,0,1,2
0.57,0.154,0.262,0,0,1,2
0.57,0.154,0.265,0,0,1,2
0.57,0.154,0.268,0,0,1,2
0.57,0.154,0.271,0,0,1,2
0.57,0.154,0.274,0,0,1,2
0.57,0.154,0.277,0,0,1,2
0.57,0.154,0.28,0,0,1,2
0.57,0.154,0.283,0,0,1,2
0.57,0.154,0.286,0,0,1,2
0.57,0.154,0.289,0,0,1,2
0.57,0.154,0.292,0,0,1,2
0.57,0.154,0.295,0,0,1,2
0.57,0.154,0.298,0,0,1,2
0.57,0.154,0.301,0,0,1,2
0.57,0.154,0.304,0,0,1,2
0.57,0.154,0.307,0,0,1,2
0.57,0.154,0.31,0,0,1,2
0.57,0.154,0.313,0,0,1,2
0.57,0.154,0.316,0,0,1,2
0.57,0.154,0.319,0,0,1,2
0.57,0.154,0.322,0,0,1,2
0.57,0.154,0.325,0,0,1,2
0.57,0.154,0.328,0,0,1,2
0.57,0.154,0.331,0,0,1,2
0.57,0.154,0.334,0,0,1,2
0.57,0.154,0.337,0,0,1,2
0.57,0.154,0.34,0,0,1,2
0.57,0.154,0.343,0,0,1,2
0.57,0.154,0.346,0,0,1,2
0.57,0.154,0.349,0,0,1,2
0.57,0.154,0.352,0,0,1,2
0.57,0.154,0.355,0,0,1,2
0.57,0.154,0.358,0,0,1,2
0.57,0.154,0.361,0,0,1,2
0.57,0.154,0.364,0,0,1,2
0.57,0.154,0.367,0,0,1,2
0.57,0.154,0.37,0,0,1,2
0.57,0.154,0.373,0,0,1,2
0.57,0.154,0.376,0,0,1,2
0.57,0.154,0.379,0,0,1,2
0.57,0.154,0.382,0,0,1,2
0.57,0.154,0.385,0,0,1,2
0.57,0.154,0.388,0,0,1,2
0.57,0.154,0.391,0,0,1,2
0.57,0.154,0.394,0,0,1,2
0.57,0.154,0.397,0,0,1,2
0.57,0.154,0.4,0,0,1,2
0.57,0.154,0.403,0,0,1,2
0.57,0.154,0.406,0,0,1,2
0.57,0.154,0.409,0,0,1,2
0.57,0.154,0.412,0,0,1,2
0.57,0.154,0.415,0,0,1,2
0.57,0.154,0.418,0,0,1,2
0.57,0.154,0.420999,0,0,1,2
0.57,0.154,0.423999,0,0,1,2
0.57,0.154,0.426999,0,0,1,2
0.57,0.154,0.429999,0,0,1,2
0.57,0.154,0.432999,0,0,1,2
0.57,0.154,0.435999,0,0,1,2
0.57,0.154,0.438999,0,0,1,2
0.57,0.154,0.441999,0,0,1,2
0.57,0.154,0.444999,0,0,1,2
0.57,0.154,0.447999,0,0,1,2
0.57,0.154,0.450999,0,0,1,2
0.57,0.157,0.25,0,0,1,2
0.57,0.157,0.253,0,0,1,2
0.57,0.157,0.256,0,0,1,2
0.57,0.157,0.259,0,0,1,2
0.57,0.157,0.262,0,0,1,2
0.57,0.157,0.265,0,0,1,2
0.57,0.157,0.268,0,0,1,2
0.57,0.157,0.271,0,0,1,2
0.57,0.157,0.274,0,0,1,2
0.57,0.157,0.277,0,0,1,2
0.57,0.157,0.28,0,0,1,2
0.57,0.157,0.283,0,0,1,2
0.57,0.157,0.286,0,0,1,2
0.57,0.157,0.289,0,0,1,2
0.57,0.157,0.292,0,0,1,2
0.57,0.157,0.295,0,0,1,2
0.57,0.157,0.298,0,0,1,2
0.57,0.157,0.301,0,0,1,2
0.57,0.157,0.304,0,0,1,2
0.57,0.157,0.307,0,0,1,2
0.57,0.157,0.31,0,0,1,2
0.57,0.157,0.313,0,0,1,2
0.57,0.157,0.316,0,0,1,2
0.57,0.157,0.319,0,0,1,2
0.57,0.157,0.322,0,0,1,2
0.57,0.157,0.325,0,0,1,2
0.57,0.157,0.328,0,0,1,2
0.57,0.157,0.331,0,0,1,2
0.57,0.157,0.334,0,0,1,2
0.57,0.157,0.337,0,0,1,2
0.57,0.157,0.34,0,0,1,2
0.57,0.157,0.343,0,0,1,2
0.57,0.157,0.346,0,0,1,2
0.57,0.157,0.349,0,0,1,2
0.57,0.157,0.352,0,0,1,2
0.57,0.157,0.355,0,0,1,2
0.57,0.157,0.358,0,0,1,2
0.57,0.157,0.361,0,0,1,2
0.57,0.157,0.364,0,0,1,2
0.57,0.157,0.367,0,0,1,2
0.57,0.157,0.37,0,0,1,2
0.57,0.157,0.373,0,0,1,2
0.57,0.157,0.376,0,0,1,2
0.57,0.157,0.379,0,0,1,2
0.57,0.157,0.382,0,0,1,2
0.57,0.157,0.385,0,0,1,2
0.57,0.157,0.388,0,0,1,2
0.57,0.157,0.391,0,0,1,2
0.57,0.157,0.394,0,0,1,2
0.57,0.157,0.397,0,0,1,2
0.57,0.157,0.4,0,0,1,2
0.57,0.157,0.403,0,0,1,2
0.57,0.157,0.406,0,0,1,2
0.57,0.157,0.409,0,0,1,2
0.57,0.157,0.412,0,0,1,2
0.57,0.157,0.415,0,0,1,2
0.57,0.157,0.418,0,0,1,2
0.57,0.157,0.420999,0,0,1,2
0.57,0.157,0.423999,0,0,1,2
0.57,0.157,0.426999,0,0,1,2
0.57,0.157,0.429999,0,0,1,2
0.57,0.157,0.432999,0,0,1,2
0.57,0.157,0.435999,0,0,1,2
0.57,0.157,0.438999,0,0,1,2
0.57,0.157,0.441999,0,0,1,2
0.57,0.157,0.444999,0,0,1,2
0.57,0.157,0.447999,0,0,1,2
0.57,0.157,0.450999,0,0,1,2
0.57,0.16,0.25,0,0,1,2
0.57,0.16,0.253,0,0,1,2
0.57,0.16,0.256,0,0,1,2
0.57,0.16,0.259,0,0,1,2
0.57,0.16,0.262,0,0,1,2
0.57,0.16,0.265,0,0,1,2
0.57,0.16,0.268,0,0,1,2
0.57,0.16,0.271,0,0,1,2
0.57,0.16,0.274,0,0,1,2
0.57,0.16,0.277,0,0,1,2
0.57,0.16,0.28,0,0,1,2
0.57,0.16,0.283,0,0,1,2
0.57,0.16,0.286,0,0,1,2
0.57,0.16,0.289,0,0,1,2
0.57,0.16,0.292,0,0,1,2
0.57,0.16,0.295,0,0,1,2
0.57,0.16,0.298,0,0,1,2
0.57,0.16,0.301,0,0,1,2
0.57,0.16,0.304,0,0,1,2
0.57,0.16,0.307,0,0,1,2
0.57,0.16,0.31,0,0,1,2
0.57,0.16,0.313,0,0,1,2
0.57,0.16,0.316,0,0,1,2
0.57,0.16,0.319,0,0,1,2
0.57,0.16,0.322,0,0,1,2
0.57,0.16,0.325,0,0,1,2
0.57,0.16,0.328,0,0,1,2
0.57,0.16,0.331,0,0,1,2
0.57,0.16,0.334,0,0,1,2
0.57,0.16,0.337,0,0,1,2
0.57,0.16,0.34,0,0,1,2
0.57,0.16,0.343,0,0,1,2
0.57,0.16,0.346,0,0,1,2
0.57,0.16,0.349,0,0,1,2
0.57,0.16,0.352,0,0,1,2
0.57,0.16,0.355,0,0,1,2
0.57,0.16,0.358,0,0,1,2
0.57,0.16,0.361,0,0,1,2
0.57,0.16,0.364,0,0,1,2
0.57,0.16,0.367,0,0,1,2
0.57,0.16,0.37,0,0,1,2
0.57,0.16,0.373,0,0,1,2
0.57,0.16,0.376,0,0,1,2
0.57,0.16,0.379,0,0,1,2
0.57,0.16,0.382,0,0,1,2
0.57,0.16,0.385,0,0,1,2
0.57,0.16,0.388,0,0,1,2
0.57,0.16,0.391,0,0,1,2
0.57,0.16,0.394,0,0,1,2
0.57,0.16,0.397,0,0,1,2
0.57,0.16,0.4,0,0,1,2
0.57,0.16,0.403,0,0,1,2
0.57,0.16,0.406,0,0,1,2
0.57,0.16,0.409,0,0,1,2
0.57,0.16,0.412,0,0,1,2
0.57,0.16,0.415,0,0,1,2
0.57,0.16,0.418,0,0,1,2
0.57,0.16,0.420999,0,0,1,2
0.57,0.16,0.423999,0,0,1,2
0.57,0.16,0.426999,0,0,1,2
0.57,0.16,0.429999,0,0,1,2
0.57,0.16,0.432999,0,0,1,2
0.57,0.16,0.435999,0,0,1,2
0.57,0.16,0.438999,0,0,1,2
0.57,0.16,0.441999,0,0,1,2
0.57,0.16,0.444999,0,0,1,2
0.57,0.16,0.447999,0,0,1,2
0.57,0.16,0.450999,0,0,1,2
0.57,0.163,0.25,0,0,1,2
0.57,0.163,0.253,0,0,1,2
0.57,0.163,0.256,0,0,1,2
0.57,0.163,0.259,0,0,1,2
0.57,0.163,0.262,0,0,1,2
0.57,0.163,0.265,0,0,1,2
0.57,0.163,0.268,0,0,1,2
0.57,0.163,0.271,0,0,1,2
0.57,0.163,0.274,0,0,1,2
0.57,0.163,0.277,0,0,1,2
0.57,0.163,0.28,0,0,1,2
0.57,0.163,0.283,0,0,1,2
0.57,0.163,0.286,0,0,1,2
0.57,0.163,0.289,0,0,1,2
0.57,0.163,0.292,0,0,1,2
0.57,0.163,0.295,0,0,1,2
0.57,0.163,0.298,0,0,1,2
0.57,0.163,0.301,0,0,1,2
0.57,0.163,0.304,0,0,1,2
0.57,0.163,0.307,0,0,1,2
0.57,0.163,0.31,0,0,1,2
0.57,0.163,0.313,0,0,1,2
0.57,0.163,0.316,0,0,1,2
0.57,0.163,0.319,0,0,1,2
0.57,0.163,0.322,0,0,1,2
0.57,0.163,0.325,0,0,1,2
0.57,0.163,0.328,0,0,1,2
0.57,0.163,0.331,0,0,1,2
0.57,0.163,0.334,0,0,1,2
0.57,0.163,0.337,0,0,1,2
0.57,0.163,0.34,0,0,1,2
0.57,0.163,0.343,0,0,1,2
0.57,0.163,0.346,0,0,1,2
0.57,0.163,0.349,0,0,1,2
0.57,0.163,0.352,0,0,1,2
0.57,0.163,0.355,0,0,1,2
0.57,0.163,0.358,0,0,1,2
0.57,0.163,0.361,0,0,1,2
0.57,0.163,0.364,0,0,1,2
0.57,0.163,0.367,0,0,1,2
0.57,0.163,0.37,0,0,1,2
0.57,0.163,0.373,0,0,1,2
0.57,0.163,0.376,0,0,1,2
0.57,0.163,0.379,0,0,1,2
0.57,0.163,0.382,0,0,1,2
0.57,0.163,0.385,0,0,1,2
0.57,0.163,0.388,0,0,1,2
0.57,0.163,0.391,0,0,1,2
0.57,0.163,0.394,0,0,1,2
0.57,0.163,0.397,0,0,1,2
0.57,0.163,0.4,0,0,1,2
0.57,0.163,0.403,0,0,1,2
0.57,0.163,0.406,0,0,1,2
0.57,0.163,0.409,0,0,1,2
0.57,0.163,0.412,0,0,1,2
0.57,0.163,0.415,0,0,1,2
0.57,0.163,0.418,0,0,1,2
0.57,0.163,0.420999,0,0,1,2
0.57,0.163,0.423999,0,0,1,2
0.57,0.163,0.426999,0,0,1,2
0.57,0.163,0.429999,0,0,1,2
0.57,0.163,0.432999,0,0,1,2
0.57,0.163,0.435999,0,0,1,2
0.57,0.163,0.438999,0,0,1,2
0.57,0.163,0.441999,0,0,1,2
0.57,0.163,0.444999,0,0,1,2
0.57,0.163,0.447999,0,0,1,2
0.57,0.163,0.450999,0,0,1,2
0.57,0.166,0.25,0,0,1,2
0.57,0.166,0.253,0,0,1,2
0.57,0.166,0.256,0,0,1,2
0.57,0.166,0.259,0,0,1,2
0.57,0.166,0.262,0,0,1,2
0.57,0.166,0.265,0,0,1,2
0.57,0.166,0.268,0,0,1,2
0.57,0.166,0.271,0,0,1,2
0.57,0.166,0.274,0,0,1,2
0.57,0.166,0.277,0,0,1,2
0.57,0.166,0.28,0,0,1,2
0.57,0.166,0.283,0,0,1,2
0.57,0.166,0.286,0,0,1,2
0.57,0.166,0.289,0,0,1,2
0.57,0.166,0.292,0,0,1,2
0.57,0.166,0.295,0,0,1,2
0.57,0.166,0.298,0,0,1,2
0.57,0.166,0.301,0,0,1,2
0.57,0.166,0.304,0,0,1,2
0.57,0.166,0.307,0,0,1,2
0.57,0.166,0.31,0,0,1,2
0.57,0.166,0.313,0,0,1,2
0.57,0.166,0.316,0,0,1,2
0.57,0.166,0.319,0,0,1,2
0.57,0.166,0.322,0,0,1,2
0.57,0.166,0.325,0,0,1,2
0.57,0.166,0.328,0,0,1,2
0.57,0.166,0.331,0,0,1,2
0.57,0.166,0.334,0,0,1,2
0.57,0.166,0.337,0,0,1,2
0.57,0.166,0.34,0,0,1,2
0.57,0.166,0.343,0,0,1,2
0.57,0.166,0.346,0,0,1,2
0.57,0.166,0.349,0,0,1,2
0.57,0.166,0.352,0,0,1,2
0.57,0.166,0.355,0,0,1,2
0.57,0.166,0.358,0,0,1,2
0.57,0.166,0.361,0,0,1,2
0.57,0.166,0.364,0,0,1,2
0.57,0.166,0.367,0,0,1,2
0.57,0.166,0.37,0,0,1,2
0.57,0.166,0.373,0,0,1,2
0.57,0.166,0.376,0,0,1,2
0.57,0.166,0.379,0,0,1,2
0.57,0.166,0.382,0,0,1,2
0.57,0.166,0.385,0,0,1,2
0.57,0.166,0.388,0,0,1,2
0.57,0.166,0.391,0,0,1,2
0.57,0.166,0.394,0,0,1,2
0.57,0.166,0.397,0,0,1,2
0.57,0.166,0.4,0,0,1,2
0.57,0.166,0.403,0,0,1,2
0.57,0.166,0.406,0,0,1,2
0.57,0.166,0.409,0,0,1,2
0.57,0.166,0.412,0,0,1,2
0.57,0.166,0.415,0,0,1,2
0.57,0.166,0.418,0,0,1,2
0.57,0.166,0.420999,0,0,1,2
0.57,0.166,0.423999,0,0,1,2
0.57,0.166,0.426999,0,0,1,2
0.57,0.166,0.429999,0,0,1,2
0.57,0.166,0.432999,0,0,1,2
0.57,0.166,0.435999,0,0,1,2
0.57,0.166,0.438999,0,0,1,2
0.57,0.166,0.441999,0,0,1,2
0.57,0.166,0.444999,0,0,1,2
0.57,0.166,0.447999,0,0,1,2
0.57,0.166,0.450999,0,0,1,2
0.57,0.169,0.25,0,0,1,2
0.57,0.169,0.253,0,0,1,2
0.57,0.169,0.256,0,0,1,2
0.57,0.169,0.259,0,0,1,2
0.57,0.169,0.262,0,0,1,2
0.57,0.169,0.265,0,0,1,2
0.57,0.169,0.268,0,0,1,2
0.57,0.169,0.271,0,0,1,2
0.57,0.169,0.274,0,0,1,2
0.57,0.169,0.277,0,0,1,2
0.57,0.169,0.28,0,0,1,2
0.57,0.169,0.283,0,0,1,2
0.57,0.169,0.286,0,0,1,2
0.57,0.169,0.289,0,0,1,2
0.57,0.169,0.292,0,0,1,2
0.57,0.169,0.295,0,0,1,2
0.57,0.169,0.298,0,0,1,2
0.57,0.169,0.301,0,0,1,2
0.57,0.169,0.304,0,0,1,2
0.57,0.169,0.307,0,0,1,2
0.57,0.169,0.31,0,0,1,2
0.57,0.169,0.313,0,0,1,2
0.57,0.169,0.316,0,0,1,2
0.57,0.169,0.319,0,0,1,2
0.57,0.169,0.322,0,0,1,2
0.57,0.169,0.325,0,0,1,2
0.57,0.169,0.328,0,0,1,2
0.57,0.169,0.331,0,0,1,2
0.57,0.169,0.334,0,0,1,2
0.57,0.169,0.337,0,0,1,2
0.57,0.169,0.34,0,0,1,2
0.57,0.169,0.343,0,0,1,2
0.57,0.169,0.346,0,0,1,2
0.57,0.169,0.349,0,0,1,2
0.57,0.169,0.352,0,0,1,2
0.57,0.169,0.355,0,0,1,2
0.57,0.169,0.358,0,0,1,2
0.57,0.169,0.361,0,0,1,2
0.57,0.169,0.364,0,0,1,2
0.57,0.169,0.367,0,0,1,2
0.57,0.169,0.37,0,0,1,2
0.57,0.169,0.373,0,0,1,2
0.57,0.169,0.376,0,0,1,2
0.57,0.169,0.379,0,0,1,2
0.57,0.169,0.382,0,0,1,2
0.57,0.169,0.385,0,0,1,2
0.57,0.169,0.388,0,0,1,2
0.57,0.169,0.391,0,0,1,2
0.57,0.169,0.394,0,0,1,2
0.57,0.169,0.397,0,0,1,2
0.57,0.169,0.4,0,0,1,2
0.57,0.169,0.403,0,0,1,2
0.57,0.169,0.406,0,0,1,2
0.57,0.169,0.409,0,0,1,2
0.57,0.169,0.412,0,0,1,2
0.57,0.169,0.415,0,0,1,2
0.57,0.169,0.418,0,0,1,2
0.57,0.169,0.420999,0,0,1,2
0.57,0.169,0.423999,0,0,1,2
0.57,0.169,0.426999,0,0,1,2
0.57,0.169,0.429999,0,0,1,2
0.57,0.169,0.432999,0,0,1,2
0.57,0.169,0.435999,0,0,1,2
0.57,0.169,0.438999,0,0,1,2
0.57,0.169,0.441999,0,0,1,2
0.57,0.169,0.444999,0,0,1,2
0.57,0.169,0.447999,0,0,1,2
0.57,0.169,0.450999,0,0,1,2
0.57,0.172,0.25,0,0,1,2
0.57,0.172,0.253,0,0,1,2
0.57,0.172,0.256,0,0,1,2
0.57,0.172,0.259,0,0,1,2
0.57,0.172,0.262,0,0,1,2
0.57,0.172,0.265,0,0,1,2
0.57,0.172,0.268,0,0,1,2
0.57,0.172,0.271,0,0,1,2
0.57,0.172,0.274,0,0,1,2
0.57,0.172,0.277,0,0,1,2
0.57,0.172,0.28,0,0,1,2
0.57,0.172,0.283,0,0,1,2
0.57,0.172,0.286,0,0,1,2
0.57,0.172,0.289,0,0,1,2
0.57,0.172,0.292,0,0,1,2
0.57,0.172,0.295,0,0,1,2
0.57,0.172,0.298,0,0,1,2
0.57,0.172,0.301,0,0,1,2
0.57,0.172,0.304,0,0,1,2
0.57,0.172,0.307,0,0,1,2
0.57,0.172,0.31,0,0,1,2
0.57,0.172,0.313,0,0,1,2
0.57,0.172,0.316,0,0,1,2
0.57,0.172,0.319,0,0,1,2
0.57,0.172,0.322,0,0,1,2
0.57,0.172,0.325,0,0,1,2
0.57,0.172,0.328,0,0,1,2
0.57,0.172,0.331,0,0,1,2
0.57,0.172,0.334,0,0,1,2
0.57,0.172,0.337,0,0,1,2
0.57,0.172,0.34,0,0,1,2
0.57,0.172,0.343,0,0,1,2
0.57,0.172,0.346,0,0,1,2
0.57,0.172,0.349,0,0,1,2
0.57,0.172,0.352,0,0,1,2
0.57,0.172,0.355,0,0,1,2
0.57,0.172,0.358,0,0,1,2
0.57,0.172,0.361,0,0,1,2
0.57,0.172,0.364,0,0,1,2
0.57,0.172,0.367,0,0,1,2
0.57,0.172,0.37,0,0,1,2
0.57,0.172,0.373,0,0,1,2
0.57,0.172,0.376,0,0,1,2
0.57,0.172,0.379,0,0,1,2
0.57,0.172,0.382,0,0,1,2
0.57,0.172,0.385,0,0,1,2
0.57,0.172,0.388,0,0,1,2
0.57,0.172,0.391,0,0,1,2
0.57,0.172,0.394,0,0,1,2
0.57,0.172,0.397,0,0,1,2
0.57,0.172,0.4,0,0,1,2
0.57,0.172,0.403,0,0,1,2
0.57,0.172,0.406,0,0,1,2
0.57,0.172,0.409,0,0,1,2
0.57,0.172,0.412,0,0,1,2
0.57,0.172,0.415,0,0,1,2
0.57,0.172,0.418,0,0,1,2
0.57,0.172,0.420999,0,0,1,2
0.57,0.172,0.423999,0,0,1,2
0.57,0.172,0.426999,0,0,1,2
0.57,0.172,0.429999,0,0,1,2
0.57,0.172,0.432999,0,0,1,2
0.57,0.172,0.435999,0,0,1,2
0.57,0.172,0.438999,0,0,1,2
0.57,0.172,0.441999,0,0,1,2
0.57,0.172,0.444999,0,0,1,2
0.57,0.172,0.447999,0,0,1,2
0.57,0.172,0.450999,0,0,1,2
0.57,0.175,0.25,0,0,1,2
0.57,0.175,0.253,0,0,1,2
0.57,0.175,0.256,0,0,1,2
0.57,0.175,0.259,0,0,1,2
0.57,0.175,0.262,0,0,1,2
0.57,0.175,0.265,0,0,1,2
0.57,0.175,0.268,0,0,1,2
0.57,0.175,0.271,0,0,1,2
0.57,0.175,0.274,0,0,1,2
0.57,0.175,0.277,0,0,1,2
0.57,0.175,0.28,0,0,1,2
0.57,0.175,0.283,0,0,1,2
0.57,0.175,0.286,0,0,1,2
0.57,0.175,0.289,0,0,1,2
0.57,0.175,0.292,0,0,1,2
0.57,0.175,0.295,0,0,1,2
0.57,0.175,0.298,0,0,1,2
0.57,0.175,0.301,0,0,1,2
0.57,0.175,0.304,0,0,1,2
0.57,0.175,0.307,0,0,1,2
0.57,0.175,0.31,0,0,1,2
0.57,0.175,0.313,0,0,1,2
0.57,0.175,0.316,0,0,1,2
0.57,0.175,0.319,0,0,1,2
0.57,0.175,0.322,0,0,1,2
0.57,0.175,0.325,0,0,1,2
0.57,0.175,0.328,0,0,1,2
0.57,0.175,0.331,0,0,1,2
0.57,0.175,0.334,0,0,1,2
0.57,0.175,0.337,0,0,1,2
0.57,0.175,0.34,0,0,1,2
0.57,0.175,0.343,0,0,1,2
0.57,0.175,0.346,0,0,1,2
0.57,0.175,0.349,0,0,1,2
0.57,0.175,0.352,0,0,1,2
0.57,0.175,0.355,0,0,1,2
0.57,0.175,0.358,0,0,1,2
0.57,0.175,0.361,0,0,1,2
0.57,0.175,0.364,0,0,1,2
0.57,0.175,0.367,0,0,1,2
0.57,0.175,0.37,0,0,1,2
0.57,0.175,0.373,0,0,1,2
0.57,0.175,0.376,0,0,1,2
0.57,0.175,0.379,0,0,1,2
0.57,0.175,0.382,0,0,1,2
0.57,0.175,0.385,0,0,1,2
0.57,0.175,0.388,0,0,1,2
0.57,0.175,0.391,0,0,1,2
0.57,0.175,0.394,0,0,1,2
0.57,0.175,0.397,0,0,1,2
0.57,0.175,0.4,0,0,1,2
0.57,0.175,0.403,0,0,1,2
0.57,0.175,0.406,0,0,1,2
0.57,0.175,0.409,0,0,1,2
0.57,0.175,0.412,0,0,1,2
0.57,0.175,0.415,0,0,1,2
0.57,0.175,0.418,0,0,1,2
0.57,0.175,0.420999,0,0,1,2
0.57,0.175,0.423999,0,0,1,2
0.57,0.175,0.426999,0,0,1,2
0.57,0.175,0.429999,0,0,1,2
0.57,0.175,0.432999,0,0,1,2
0.57,0.175,0.435999,0,0,1,2
0.57,0.175,0.438999,0,0,1,2
0.57,0.175,0.441999,0,0,1,2
0.57,0.175,0.444999,0,0,1,2
0.57,0.175,0.447999,0,0,1,2
0.57,0.175,0.450999,0,0,1,2
0.57,0.178,0.25,0,0,1,2
0.57,0.178,0.253,0,0,1,2
0.57,0.178,0.256,0,0,1,2
0.57,0.178,0.259,0,0,1,2
0.57,0.178,0.262,0,0,1,2
0.57,0.178,0.265,0,0,1,2
0.57,0.178,0.268,0,0,1,2
0.57,0.178,0.271,0,0,1,2
0.57,0.178,0.274,0,0,1,2
0.57,0.178,0.277,0,0,1,2
0.57,0.178,0.28,0,0,1,2
0.57,0.178,0.283,0,0,1,2
0.57,0.178,0.286,0,0,1,2
0.57,0.178,0.289,0,0,1,2
0.57,0.178,0.292,0,0,1,2
0.57,0.178,0.295,0,0,1,2
0.57,0.178,0.298,0,0,1,2
0.57,0.178,0.301,0,0,1,2
0.57,0.178,0.304,0,0,1,2
0.57,0.178,0.307,0,0,1,2
0.57,0.178,0.31,0,0,1,2
0.57,0.178,0.313,0,0,1,2
0.57,0.178,0.316,0,0,1,2
0.57,0.178,0.319,0,0,1,2
0.57,0.178,0.322,0,0,1,2
0.57,0.178,0.325,0,0,1,2
0.57,0.178,0.328,0,0,1,2
0.57,0.178,0.331,0,0,1,2
0.57,0.178,0.334,0,0,1,2
0.57,0.178,0.337,0,0,1,2
0.57,0.178,0.34,0,0,1,2
0.57,0.178,0.343,0,0,1,2
0.57,0.178,0.346,0,0,1,2
0.57,0.178,0.349,0,0,1,2
0.57,0.178,0.352,0,0,1,2
0.57,0.178,0.355,0,0,1,2
0.57,0.178,0.358,0,0,1,2
0.57,0.178,0.361,0,0,1,2
0.57,0.178,0.364,0,0,1,2
0.57,0.178,0.367,0,0,1,2
0.57,0.178,0.37,0,0,1,2
0.57,0.178,0.373,0,0,1,2
0.57,0.178,0.376,0,0,1,2
0.57,0.178,0.379,0,0,1,2
0.57,0.178,0.382,0,0,1,2
0.57,0.178,0.385,0,0,1,2
0.57,0.178,0.388,0,0,1,2
0.57,0.178,0.391,0,0,1,2
0.57,0.178,0.394,0,0,1,2
0.57,0.178,0.397,0,0,1,2
0.57,0.178,0.4,0,0,1,2
0.57,0.178,0.403,0,0,1,2
0.57,0.178,0.406,0,0,1,2
0.57,0.178,0.409,0,0,1,2
0.57,0.178,0.412,0,0,1,2
0.57,0.178,0.415,0,0,1,2
0.57,0.178,0.418,0,0,1,2
0.57,0.178,0.420999,0,0,1,2
0.57,0.178,0.423999,0,0,1,2
0.57,0.178,0.426999,0,0,1,2
0.57,0.178,0.429999,0,0,1,2
0.57,0.178,0.432999,0,0,1,2
0.57,0.178,0.435999,0,0,1,2
0.57,0.178,0.438999,0,0,1,2
0.57,0.178,0.441999,0,0,1,2
0.57,0.178,0.444999,0,0,1,2
0.57,0.178,0.447999,0,0,1,2
0.57,0.178,0.450999,0,0,1,2
0.57,0.181,0.25,0,0,1,2
0.57,0.181,0.253,0,0,1,2
0.57,0.181,0.256,0,0,1,2
0.57,0.181,0.259,0,0,1,2
0.57,0.181,0.262,0,0,1,2
0.57,0.181,0.265,0,0,1,2
0.57,0.181,0.268,0,0,1,2
0.57,0.181,0.271,0,0,1,2
0.57,0.181,0.274,0,0,1,2
0.57,0.181,0.277,0,0,1,2
0.57,0.181,0.28,0,0,1,2
0.57,0.181,0.283,0,0,1,2
0.57,0.181,0.286,0,0,1,2
0.57,0.181,0.289,0,0,1,2
0.57,0.181,0.292,0,0,1,2
0.57,0.181,0.295,0,0,1,2
0.57,0.181,0.298,0,0,1,2
0.57,0.181,0.301,0,0,1,2
0.57,0.181,0.304,0,0,1,2
0.57,0.181,0.307,0,0,1,2
0.57,0.181,0.31,0,0,1,2
0.57,0.181,0.313,0,0,1,2
0.57,0.181,0.316,0,0,1,2
0.57,0.181,0.319,0,0,1,2
0.57,0.181,0.322,0,0,1,2
0.57,0.181,0.325,0,0,1,2
0.57,0.181,0.328,0,0,1,2
0.57,0.181,0.331,0,0,1,2
0.57,0.181,0.334,0,0,1,2
0.57,0.181,0.337,0,0,1,2
0.57,0.181,0.34,0,0,1,2
0.57,0.181,0.343,0,0,1,2
0.57,0.181,0.346,0,0,1,2
0.57,0.181,0.349,0,0,1,2
0.57,0.181,0.352,0,0,1,2
0.57,0.181,0.355,0,0,1,2
0.57,0.181,0.358,0,0,1,2
0.57,0.181,0.361,0,0,1,2
0.57,0.181,0.364,0,0,1,2
0.57,0.181,0.367,0,0,1,2
0.57,0.181,0.37,0,0,1,2
0.57,0.181,0.373,0,0,1,2
0.57,0.181,0.376,0,0,1,2
0.57,0.181,0.379,0,0,1,2
0.57,0.181,0.382,0,0,1,2
0.57,0.181,0.385,0,0,1,2
0.57,0.181,0.388,0,0,1,2
0.57,0.181,0.391,0,0,1,2
0.57,0.181,0.394,0,0,1,2
0.57,0.181,0.397,0,0,1,2
0.57,0.181,0.4,0,0,1,2
0.57,0.181,0.403,0,0,1,2
0.57,0.181,0.406,0,0,1,2
0.57,0.181,0.409,0,0,1,2
0.57,0.181,0.412,0,0,1,2
0.57,0.181,0.415,0,0,1,2
0.57,0.181,0.418,0,0,1,2
0.57,0.181,0.420999,0,0,1,2
0.57,0.181,0.423999,0,0,1,2
0.57,0.181,0.426999,0,0,1,2
0.57,0.181,0.429999,0,0,1,2
0.57,0.181,0.432999,0,0,1,2
0.57,0.181,0.435999,0,0,1,2
0.57,0.181,0.438999,0,0,1,2
0.57,0.181,0.441999,0,0,1,2
0.57,0.181,0.444999,0,0,1,2
0.57,0.181,0.447999,0,0,1,2
0.57,0.181,0.450999,0,0,1,2
0.57,0.184,0.25,0,0,1,2
0.57,0.184,0.253,0,0,1,2
0.57,0.184,0.256,0,0,1,2
0.57,0.184,0.259,0,0,1,2
0.57,0.184,0.262,0,0,1,2
0.57,0.184,0.265,0,0,1,2
0.57,0.184,0.268,0,0,1,2
0.57,0.184,0.271,0,0,1,2
0.57,0.184,0.274,0,0,1,2
0.57,0.184,0.277,0,0,1,2
0.57,0.184,0.28,0,0,1,2
0.57,0.184,0.283,0,0,1,2
0.57,0.184,0.286,0,0,1,2
0.57,0.184,0.289,0,0,1,2
0.57,0.184,0.292,0,0,1,2
0.57,0.184,0.295,0,0,1,2
0.57,0.184,0.298,0,0,1,2
0.57,0.184,0.301,0,0,1,2
0.57,0.184,0.304,0,0,1,2
0.57,0.184,0.307,0,0,1,2
0.57,0.184,0.31,0,0,1,2
0.57,0.184,0.313,0,0,1,2
0.57,0.184,0.316,0,0,1,2
0.57,0.184,0.319,0,0,1,2
0.57,0.184,0.322,0,0,1,2
0.57,0.184,0.325,0,0,1,2
0.57,0.184,0.328,0,0,1,2
0.57,0.184,0.331,0,0,1,2
0.57,0.184,0.334,0,0,1,2
0.57,0.184,0.337,0,0,1,2
0.57,0.184,0.34,0,0,1,2
0.57,0.184,0.343,0,0,1,2
0.57,0.184,0.346,0,0,1,2
0.57,0.184,0.349,0,0,1,2
0.57,0.184,0.352,0,0,1,2
0.57,0.184,0.355,0,0,1,2
0.57,0.184,0.358,0,0,1,2
0.57,0.184,0.361,0,0,1,2
0.57,0.184,0.364,0,0,1,2
0.57,0.184,0.367,0,0,1,2
0.57,0.184,0.37,0,0,1,2
0.57,0.184,0.373,0,0,1,2
0.57,0.184,0.376,0,0,1,2
0.57,0.184,0.379,0,0,1,2
0.57,0.184,0.382,0,0,1,2
0.57,0.184,0.385,0,0,1,2
0.57,0.184,0.388,0,0,1,2
0.57,0.184,0.391,0,0,1,2
0.57,0.184,0.394,0,0,1,2
0.57,0.184,0.397,0,0,1,2
0.57,0.184,0.4,0,0,1,2
0.57,0.184,0.403,0,0,1,2
0.57,0.184,0.406,0,0,1,2
0.57,0.184,0.409,0,0,1,2
0.57,0.184,0.412,0,0,1,2
0.57,0.184,0.415,0,0,1,2
0.57,0.184,0.418,0,0,1,2
0.57,0.184,0.420999,0,0,1,2
0.57,0.184,0.423999,0,0,1,2
0.57,0.184,0.426999,0,0,1,2
0.57,0.184,0.429999,0,0,1,2
0.57,0.184,0.432999,0,0,1,2
0.57,0.184,0.435999,0,0,1,2
0.57,0.184,0.438999,0,0,1,2
0.57,0.184,0.441999,0,0,1,2
0.57,0.184,0.444999,0,0,1,2
0.57,0.184,0.447999,0,0,1,2
0.57,0.184,0.450999,0,0,1,2
0.57,0.187,0.25,0,0,1,2
0.57,0.187,0.253,0,0,1,2
0.57,0.187,0.256,0,0,1,2
0.57,0.187,0.259,0,0,1,2
0.57,0.187,0.262,0,0,1,2
0.57,0.187,0.265,0,0,1,2
0.57,0.187,0.268,0,0,1,2
0.57,0.187,0.271,0,0,1,2
0.57,0.187,0.274,0,0,1,2
0.57,0.187,0.277,0,0,1,2
0.57,0.187,0.28,0,0,1,2
0.57,0.187,0.283,0,0,1,2
0.57,0.187,0.286,0,0,1,2
0.57,0.187,0.289,0,0,1,2
0.57,0.187,0.292,0,0,1,2
0.57,0.187,0.295,0,0,1,2
0.57,0.187,0.298,0,0,1,2
0.57,0.187,0.301,0,0,1,2
0.57,0.187,0.304,0,0,1,2
0.57,0.187,0.307,0,0,1,2
0.57,0.187,0.31,0,0,1,2
0.57,0.187,0.313,0,0,1,2
0.57,0.187,0.316,0,0,1,2
0.57,0.187,0.319,0,0,1,2
0.57,0.187,0.322,0,0,1,2
0.57,0.187,0.325,0,0,1,2
0.57,0.187,0.328,0,0,1,2
0.57,0.187,0.331,0,0,1,2
0.57,0.187,0.334,0,0,1,2
0.57,0.187,0.337,0,0,1,2
0.57,0.187,0.34,0,0,1,2
0.57,0.187,0.343,0,0,1,2
0.57,0.187,0.346,0,0,1,2
0.57,0.187,0.349,0,0,1,2
0.57,0.187,0.352,0,0,1,2
0.57,0.187,0.355,0,0,1,2
0.57,0.187,0.358,0,0,1,2
0.57,0.187,0.361,0,0,1,2
0.57,0.187,0.364,0,0,1,2
0.57,0.187,0.367,0,0,1,2
0.57,0.187,0.37,0,0,1,2
0.57,0.187,0.373,0,0,1,2
0.57,0.187,0.376,0,0,1,2
0.57,0.187,0.379,0,0,1,2
0.57,0.187,0.382,0,0,1,2
0.57,0.187,0.385,0,0,1,2
0.57,0.187,0.388,0,0,1,2
0.57,0.187,0.391,0,0,1,2
0.57,0.187,0.394,0,0,1,2
0.57,0.187,0.397,0,0,1,2
0.57,0.187,0.4,0,0,1,2
0.57,0.187,0.403,0,0,1,2
0.57,0.187,0.406,0,0,1,2
0.57,0.187,0.409,0,0,1,2
0.57,0.187,0.412,0,0,1,2
0.57,0.187,0.415,0,0,1,2
0.57,0.187,0.418,0,0,1,2
0.57,0.187,0.420999,0,0,1,2
0.57,0.187,0.423999,0,0,1,2
0.57,0.187,0.426999,0,0,1,2
0.57,0.187,0.429999,0,0,1,2
0.57,0.187,0.432999,0,0,1,2
0.57,0.187,0.435999,0,0,1,2
0.57,0.187,0.438999,0,0,1,2
0.57,0.187,0.441999,0,0,1,2
0.57,0.187,0.444999,0,0,1,2
0.57,0.187,0.447999,0,0,1,2
0.57,0.187,0.450999,0,0,1,2
0.57,0.19,0.25,0,0,1,2
0.57,0.19,0.253,0,0,1,2
0.57,0.19,0.256,0,0,1,2
0.57,0.19,0.259,0,0,1,2
0.57,0.19,0.262,0,0,1,2
0.57,0.19,0.265,0,0,1,2
0.57,0.19,0.268,0,0,1,2
0.57,0.19,0.271,0,0,1,2
0.57,0.19,0.274,0,0,1,2
0.57,0.19,0.277,0,0,1,2
0.57,0.19,0.28,0,0,1,2
0.57,0.19,0.283,0,0,1,2
0.57,0.19,0.286,0,0,1,2
0.57,0.19,0.289,0,0,1,2
0.57,0.19,0.292,0,0,1,2
0.57,0.19,0.295,0,0,1,2
0.57,0.19,0.298,0,0,1,2
0.57,0.19,0.301,0,0,1,2
0.57,0.19,0.304,0,0,1,2
0.57,0.19,0.307,0,0,1,2
0.57,0.19,0.31,0,0,1,2
0.57,0.19,0.313,0,0,1,2
0.57,0.19,0.316,0,0,1,2
0.57,0.19,0.319,0,0,1,2
0.57,0.19,0.322,0,0,1,2
0.57,0.19,0.325,0,0,1,2
0.57,0.19,0.328,0,0,1,2
0.57,0.19,0.331,0,0,1,2
0.57,0.19,0.334,0,0,1,2
0.57,0.19,0.337,0,0,1,2
0.57,0.19,0.34,0,0,1,2
0.57,0.19,0.343,0,0,1,2
0.57,0.19,0.346,0,0,1,2
0.57,0.19,0.349,0,0,1,2
0.57,0.19,0.352,0,0,1,2
0.57,0.19,0.355,0,0,1,2
0.57,0.19,0.358,0,0,1,2
0.57,0.19,0.361,0,0,1,2
0.57,0.19,0.364,0,0,1,2
0.57,0.19,0.367,0,0,1,2
0.57,0.19,0.37,0,0,1,2
0.57,0.19,0.373,0,0,1,2
0.57,0.19,0.376,0,0,1,2
0.57,0.19,0.379,0,0,1,2
0.57,0.19,0.382,0,0,1,2
0.57,0.19,0.385,0,0,1,2
0.57,0.19,0.388,0,0,1,2
0.57,0.19,0.391,0,0,1,2
0.57,0.19,0.394,0,0,1,2
0.57,0.19,0.397,0,0,1,2
0.57,0.19,0.4,0,0,1,2
0.57,0.19,0.403,0,0,1,2
0.57,0.19,0.406,0,0,1,2
0.57,0.19,0.409,0,0,1,2
0.57,0.19,0.412,0,0,1,2
0.57,0.19,0.415,0,0,1,2
0.57,0.19,0.418,0,0,1,2
0.57,0.19,0.420999,0,0,1,2
0.57,0.19,0.423999,0,0,1,2
0.57,0.19,0.426999,0,0,1,2
0.57,0.19,0.429999,0,0,1,2
0.57,0.19,0.432999,0,0,1,2
0.57,0.19,0.435999,0,0,1,2
0.57,0.19,0.438999,0,0,1,2
0.57,0.19,0.441999,0,0,1,2
0.57,0.19,0.444999,0,0,1,2
0.57,0.19,0.447999,0,0,1,2
0.57,0.19,0.450999,0,0,1,2
0.57,0.193,0.25,0,0,1,2
0.57,0.193,0.253,0,0,1,2
0.57,0.193,0.256,0,0,1,2
0.57,0.193,0.259,0,0,1,2
0.57,0.193,0.262,0,0,1,2
0.57,0.193,0.265,0,0,1,2
0.57,0.193,0.268,0,0,1,2
0.57,0.193,0.271,0,0,1,2
0.57,0.193,0.274,0,0,1,2
0.57,0.193,0.277,0,0,1,2
0.57,0.193,0.28,0,0,1,2
0.57,0.193,0.283,0,0,1,2
0.57,0.193,0.286,0,0,1,2
0.57,0.193,0.289,0,0,1,2
0.57,0.193,0.292,0,0,1,2
0.57,0.193,0.295,0,0,1,2
0.57,0.193,0.298,0,0,1,2
0.57,0.193,0.301,0,0,1,2
0.57,0.193,0.304,0,0,1,2
0.57,0.193,0.307,0,0,1,2
0.57,0.193,0.31,0,0,1,2
0.57,0.193,0.313,0,0,1,2
0.57,0.193,0.316,0,0,1,2
0.57,0.193,0.319,0,0,1,2
0.57,0.193,0.322,0,0,1,2
0.57,0.193,0.325,0,0,1,2
0.57,0.193,0.328,0,0,1,2
0.57,0.193,0.331,0,0,1,2
0.57,0.193,0.334,0,0,1,2
0.57,0.193,0.337,0,0,1,2
0.57,0.193,0.34,0,0,1,2
0.57,0.193,0.343,0,0,1,2
0.57,0.193,0.346,0,0,1,2
0.57,0.193,0.349,0,0,1,2
0.57,0.193,0.352,0,0,1,2
0.57,0.193,0.355,0,0,1,2
0.57,0.193,0.358,0,0,1,2
0.57,0.193,0.361,0,0,1,2
0.57,0.193,0.364,0,0,1,2
0.57,0.193,0.367,0,0,1,2
0.57,0.193,0.37,0,0,1,2
0.57,0.193,0.373,0,0,1,2
0.57,0.193,0.376,0,0,1,2
0.57,0.193,0.379,0,0,1,2
0.57,0.193,0.382,0,0,1,2
0.57,0.193,0.385,0,0,1,2
0.57,0.193,0.388,0,0,1,2
0.57,0.193,0.391,0,0,1,2
0.57,0.193,0.394,0,0,1,2
0.57,0.193,0.397,0,0,1,2
0.57,0.193,0.4,0,0,1,2
0.57,0.193,0.403,0,0,1,2
0.57,0.193,0.406,0,0,1,2
0.57,0.193,0.409,0,0,1,2
0.57,0.193,0.412,0,0,1,2
0.57,0.193,0.415,0,0,1,2
0.57,0.193,0.418,0,0,1,2
0.57,0.193,0.420999,0,0,1,2
0.57,0.193,0.423999,0,0,1,2
0.57,0.193,0.426999,0,0,1,2
0.57,0.193,0.429999,0,0,1,2
0.57,0.193,0.432999,0,0,1,2
0.57,0.193,0.435999,0,0,1,2
0.57,0.193,0.438999,0,0,1,2
0.57,0.193,0.441999,0,0,1,2
0.57,0.193,0.444999,0,0,1,2
0.57,0.193,0.447999,0,0,1,2
0.57,0.193,0.450999,0,0,1,2
0.57,0.196,0.25,0,0,1,2
0.57,0.196,0.253,0,0,1,2
0.57,0.196,0.256,0,0,1,2
0.57,0.196,0.259,0,0,1,2
0.57,0.196,0.262,0,0,1,2
0.57,0.196,0.265,0,0,1,2
0.57,0.196,0.268,0,0,1,2
0.57,0.196,0.271,0,0,1,2
0.57,0.196,0.274,0,0,1,2
0.57,0.196,0.277,0,0,1,2
0.57,0.196,0.28,0,0,1,2
0.57,0.196,0.283,0,0,1,2
0.57,0.196,0.286,0,0,1,2
0.57,0.196,0.289,0,0,1,2
0.57,0.196,0.292,0,0,1,2
0.57,0.196,0.295,0,0,1,2
0.57,0.196,0.298,0,0,1,2
0.57,0.196,0.301,0,0,1,2
0.57,0.196,0.304,0,0,1,2
0.57,0.196,0.307,0,0,1,2
0.57,0.196,0.31,0,0,1,2
0.57,0.196,0.313,0,0,1,2
0.57,0.196,0.316,0,0,1,2
0.57,0.196,0.319,0,0,1,2
0.57,0.196,0.322,0,0,1,2
0.57,0.196,0.325,0,0,1,2
0.57,0.196,0.328,0,0,1,2
0.57,0.196,0.331,0,0,1,2
0.57,0.196,0.334,0,0,1,2
0.57,0.196,0.337,0,0,1,2
0.57,0.196,0.34,0,0,1,2
0.57,0.196,0.343,0,0,1,2
0.57,0.196,0.346,0,0,1,2
0.57,0.196,0.349,0,0,1,2
0.57,0.196,0.352,0,0,1,2
0.57,0.196,0.355,0,0,1,2
0.57,0.196,0.358,0,0,1,2
0.57,0.196,0.361,0,0,1,2
0.57,0.196,0.364,0,0,1,2
0.57,0.196,0.367,0,0,1,2
0.57,0.196,0.37,0,0,1,2
0.57,0.196,0.373,0,0,1,2
0.57,0.196,0.376,0,0,1,2
0.57,0.196,0.379,0,0,1,2
0.57,0.196,0.382,0,0,1,2
0.57,0.196,0.385,0,0,1,2
0.57,0.196,0.388,0,0,1,2
0.57,0.196,0.391,0,0,1,2
0.57,0.196,0.394,0,0,1,2
0.57,0.196,0.397,0,0,1,2
0.57,0.196,0.4,0,0,1,2
0.57,0.196,0.403,0,0,1,2
0.57,0.196,0.406,0,0,1,2
0.57,0.196,0.409,0,0,1,2
0.57,0.196,0.412,0,0,1,2
0.57,0.196,0.415,0,0,1,2
0.57,0.196,0.418,0,0,1,2
0.57,0.196,0.420999,0,0,1,2
0.57,0.196,0.423999,0,0,1,2
0.57,0.196,0.426999,0,0,1,2
0.57,0.196,0.429999,0,0,1,2
0.57,0.196,0.432999,0,0,1,2
0.57,0.196,0.435999,0,0,1,2
0.57,0.196,0.438999,0,0,1,2
0.57,0.196,0.441999,0,0,1,2
0.57,0.196,0.444999,0,0,1,2
0.57,0.196,0.447999,0,0,1,2
0.57,0.196,0.450999,0,0,1,2
0.57,0.199,0.25,0,0,1,2
0.57,0.199,0.253,0,0,1,2
0.57,0.199,0.256,0,0,1,2
0.57,0.199,0.259,0,0,1,2
0.57,0.199,0.262,0,0,1,2
0.57,0.199,0.265,0,0,1,2
0.57,0.199,0.268,0,0,1,2
0.57,0.199,0.271,0,0,1,2
0.57,0.199,0.274,0,0,1,2
0.57,0.199,0.277,0,0,1,2
0.57,0.199,0.28,0,0,1,2
0.57,0.199,0.283,0,0,1,2
0.57,0.199,0.286,0,0,1,2
0.57,0.199,0.289,0,0,1,2
0.57,0.199,0.292,0,0,1,2
0.57,0.199,0.295,0,0,1,2
0.57,0.199,0.298,0,0,1,2
0.57,0.199,0.301,0,0,1,2
0.57,0.199,0.304,0,0,1,2
0.57,0.199,0.307,0,0,1,2
0.57,0.199,0.31,0,0,1,2
0.57,0.199,0.313,0,0,1,2
0.57,0.199,0.316,0,0,1,2
0.57,0.199,0.319,0,0,1,2
0.57,0.199,0.322,0,0,1,2
0.57,0.199,0.325,0,0,1,2
0.57,0.199,0.328,0,0,1,2
0.57,0.199,0.331,0,0,1,2
0.57,0.199,0.334,0,0,1,2
0.57,0.199,0.337,0,0,1,2
0.57,0.199,0.34,0,0,1,2
0.57,0.199,0.343,0,0,1,2
0.57,0.199,0.346,0,0,1,2
0.57,0.199,0.349,0,0,1,2
0.57,0.199,0.352,0,0,1,2
0.57,0.199,0.355,0,0,1,2
0.57,0.199,0.358,0,0,1,2
0.57,0.199,0.361,0,0,1,2
0.57,0.199,0.364,0,0,1,2
0.57,0.199,0.367,0,0,1,2
0.57,0.199,0.37,0,0,1,2
0.57,0.199,0.373,0,0,1,2
0.57,0.199,0.376,0,0,1,2
0.57,0.199,0.379,0,0,1,2
0.57,0.199,0.382,0,0,1,2
0.57,0.199,0.385,0,0,1,2
0.57,0.199,0.388,0,0,1,2
0.57,0.199,0.391,0,0,1,2
0.57,0.199,0.394,0,0,1,2
0.57,0.199,0.397,0,0,1,2
0.57,0.199,0.4,0,0,1,2
0.57,0.199,0.403,0,0,1,2
0.57,0.199,0.406,0,0,1,2
0.57,0.199,0.409,0,0,1,2
0.57,0.199,0.412,0,0,1,2
0.57,0.199,0.415,0,0,1,2
0.57,0.199,0.418,0,0,1,2
0.57,0.199,0.420999,0,0,1,2
0.57,0.199,0.423999,0,0,1,2
0.57,0.199,0.426999,0,0,1,2
0.57,0.199,0.429999,0,0,1,2
0.57,0.199,0.432999,0,0,1,2
0.57,0.199,0.435999,0,0,1,2
0.57,0.199,0.438999,0,0,1,2
0.57,0.199,0.441999,0,0,1,2
0.57,0.199,0.444999,0,0,1,2
0.57,0.199,0.447999,0,0,1,2
0.57,0.199,0.450999,0,0,1,2
0.57,0.202,0.25,0,0,1,2
0.57,0.202,0.253,0,0,1,2
0.57,0.202,0.256,0,0,1,2
0.57,0.202,0.259,0,0,1,2
0.57,0.202,0.262,0,0,1,2
0.57,0.202,0.265,0,0,1,2
0.57,0.202,0.268,0,0,1,2
0.57,0.202,0.271,0,0,1,2
0.57,0.202,0.274,0,0,1,2
0.57,0.202,0.277,0,0,1,2
0.57,0.202,0.28,0,0,1,2
0.57,0.202,0.283,0,0,1,2
0.57,0.202,0.286,0,0,1,2
0.57,0.202,0.289,0,0,1,2
0.57,0.202,0.292,0,0,1,2
0.57,0.202,0.295,0,0,1,2
0.57,0.202,0.298,0,0,1,2
0.57,0.202,0.301,0,0,1,2
0.57,0.202,0.304,0,0,1,2
0.57,0.202,0.307,0,0,1,2
0.57,0.202,0.31,0,0,1,2
0.57,0.202,0.313,0,0,1,2
0.57,0.202,0.316,0,0,1,2
0.57,0.202,0.319,0,0,1,2
0.57,0.202,0.322,0,0,1,2
0.57,0.202,0.325,0,0,1,2
0.57,0.202,0.328,0,0,1,2
0.57,0.202,0.331,0,0,1,2
0.57,0.202,0.334,0,0,1,2
0.57,0.202,0.337,0,0,1,2
0.57,0.202,0.34,0,0,1,2
0.57,0.202,0.343,0,0,1,2
0.57,0.202,0.346,0,0,1,2
0.57,0.202,0.349,0,0,1,2
0.57,0.202,0.352,0,0,1,2
0.57,0.202,0.355,0,0,1,2
0.57,0.202,0.358,0,0,1,2
0.57,0.202,0.361,0,0,1,2
0.57,0.202,0.364,0,0,1,2
0.57,0.202,0.367,0,0,1,2
0.57,0.202,0.37,0,0,1,2
0.57,0.202,0.373,0,0,1,2
0.57,0.202,0.376,0,0,1,2
0.57,0.202,0.379,0,0,1,2
0.57,0.202,0.382,0,0,1,2
0.57,0.202,0.385,0,0,1,2
0.57,0.202,0.388,0,0,1,2
0.57,0.202,0.391,0,0,1,2
0.57,0.202,0.394,0,0,1,2
0.57,0.202,0.397,0,0,1,2
0.57,0.202,0.4,0,0,1,2
0.57,0.202,0.403,0,0,1,2
0.57,0.202,0.406,0,0,1,2
0.57,0.202,0.409,0,0,1,2
0.57,0.202,0.412,0,0,1,2
0.57,0.202,0.415,0,0,1,2
0.57,0.202,0.418,0,0,1,2
0.57,0.202,0.420999,0,0,1,2
0.57,0.202,0.423999,0,0,1,2
0.57,0.202,0.426999,0,0,1,2
0.57,0.202,0.429999,0,0,1,2
0.57,0.202,0.432999,0,0,1,2
0.57,0.202,0.435999,0,0,1,2
0.57,0.202,0.438999,0,0,1,2
0.57,0.202,0.441999,0,0,1,2
0.57,0.202,0.444999,0,0,1,2
0.57,0.202,0.447999,0,0,1,2
0.57,0.202,0.450999,0,0,1,2
0.57,0.205,0.25,0,0,1,2
0.57,0.205,0.253,0,0,1,2
0.57,0.205,0.256,0,0,1,2
0.57,0.205,0.259,0,0,1,2
0.57,0.205,0.262,0,0,1,2
0.57,0.205,0.265,0,0,1,2
0.57,0.205,0.268,0,0,1,2
0.57,0.205,0.271,0,0,1,2
0.57,0.205,0.274,0,0,1,2
0.57,0.205,0.277,0,0,1,2
0.57,0.205,0.28,0,0,1,2
0.57,0.205,0.283,0,0,1,2
0.57,0.205,0.286,0,0,1,2
0.57,0.205,0.289,0,0,1,2
0.57,0.205,0.292,0,0,1,2
0.57,0.205,0.295,0,0,1,2
0.57,0.205,0.298,0,0,1,2
0.57,0.205,0.301,0,0,1,2
0.57,0.205,0.304,0,0,1,2
0.57,0.205,0.307,0,0,1,2
0.57,0.205,0.31,0,0,1,2
0.57,0.205,0.313,0,0,1,2
0.57,0.205,0.316,0,0,1,2
0.57,0.205,0.319,0,0,1,2
0.57,0.205,0.322,0,0,1,2
0.57,0.205,0.325,0,0,1,2
0.57,0.205,0.328,0,0,1,2
0.57,0.205,0.331,0,0,1,2
0.57,0.205,0.334,0,0,1,2
0.57,0.205,0.337,0,0,1,2
0.57,0.205,0.34,0,0,1,2
0.57,0.205,0.343,0,0,1,2
0.57,0.205,0.346,0,0,1,2
0.57,0.205,0.349,0,0,1,2
0.57,0.205,0.352,0,0,1,2
0.57,0.205,0.355,0,0,1,2
0.57,0.205,0.358,0,0,1,2
0.57,0.205,0.361,0,0,1,2
0.57,0.205,0.364,0,0,1,2
0.57,0.205,0.367,0,0,1,2
0.57,0.205,0.37,0,0,1,2
0.57,0.205,0.373,0,0,1,2
0.57,0.205,0.376,0,0,1,2
0.57,0.205,0.379,0,0,1,2
0.57,0.205,0.382,0,0,1,2
0.57,0.205,0.385,0,0,1,2
0.57,0.205,0.388,0,0,1,2
0.57,0.205,0.391,0,0,1,2
0.57,0.205,0.394,0,0,1,2
0.57,0.205,0.397,0,0,1,2
0.57,0.205,0.4,0,0,1,2
0.57,0.205,0.403,0,0,1,2
0.57,0.205,0.406,0,0,1,2
0.57,0.205,0.409,0,0,1,2
0.57,0.205,0.412,0,0,1,2
0.57,0.205,0.415,0,0,1,2
0.57,0.205,0.418,0,0,1,2
0.57,0.205,0.420999,0,0,1,2
0.57,0.205,0.423999,0,0,1,2
0.57,0.205,0.426999,0,0,1,2
0.57,0.205,0.429999,0,0,1,2
0.57,0.205,0.432999,0,0,1,2
0.57,0.205,0.435999,0,0,1,2
0.57,0.205,0.438999,0,0,1,2
0.57,0.205,0.441999,0,0,1,2
0.57,0.205,0.444999,0,0,1,2
0.57,0.205,0.447999,0,0,1,2
0.57,0.205,0.450999,0,0,1,2
0.57,0.208,0.25,0,0,1,2
0.57,0.208,0.253,0,0,1,2
0.57,0.208,0.256,0,0,1,2
0.57,0.208,0.259,0,0,1,2
0.57,0.208,0.262,0,0,1,2
0.57,0.208,0.265,0,0,1,2
0.57,0.208,0.268,0,0,1,2
0.57,0.208,0.271,0,0,1,2
0.57,0.208,0.274,0,0,1,2
0.57,0.208,0.277,0,0,1,2
0.57,0.208,0.28,0,0,1,2
0.57,0.208,0.283,0,0,1,2
0.57,0.208,0.286,0,0,1,2
0.57,0.208,0.289,0,0,1,2
0.57,0.208,0.292,0,0,1,2
0.57,0.208,0.295,0,0,1,2
0.57,0.208,0.298,0,0,1,2
0.57,0.208,0.301,0,0,1,2
0.57,0.208,0.304,0,0,1,2
0.57,0.208,0.307,0,0,1,2
0.57,0.208,0.31,0,0,1,2
0.57,0.208,0.313,0,0,1,2
0.57,0.208,0.316,0,0,1,2
0.57,0.208,0.319,0,0,1,2
0.57,0.208,0.322,0,0,1,2
0.57,0.208,0.325,0,0,1,2
0.57,0.208,0.328,0,0,1,2
0.57,0.208,0.331,0,0,1,2
0.57,0.208,0.334,0,0,1,2
0.57,0.208,0.337,0,0,1,2
0.57,0.208,0.34,0,0,1,2
0.57,0.208,0.343,0,0,1,2
0.57,0.208,0.346,0,0,1,2
0.57,0.208,0.349,0,0,1,2
0.57,0.208,0.352,0,0,1,2
0.57,0.208,0.355,0,0,1,2
0.57,0.208,0.358,0,0,1,2
0.57,0.208,0.361,0,0,1,2
0.57,0.208,0.364,0,0,1,2
0.57,0.208,0.367,0,0,1,2
0.57,0.208,0.37,0,0,1,2
0.57,0.208,0.373,0,0,1,2
0.57,0.208,0.376,0,0,1,2
0.57,0.208,0.379,0,0,1,2
0.57,0.208,0.382,0,0,1,2
0.57,0.208,0.385,0,0,1,2
0.57,0.208,0.388,0,0,1,2
0.57,0.208,0.391,0,0,1,2
0.57,0.208,0.394,0,0,1,2
0.57,0.208,0.397,0,0,1,2
0.57,0.208,0.4,0,0,1,2
0.57,0.208,0.403,0,0,1,2
0.57,0.208,0.406,0,0,1,2
0.57,0.208,0.409,0,0,1,2
0.57,0.208,0.412,0,0,1,2
0.57,0.208,0.415,0,0,1,2
0.57,0.208,0.418,0,0,1,2
0.57,0.208,0.420999,0,0,1,2
0.57,0.208,0.423999,0,0,1,2
0.57,0.208,0.426999,0,0,1,2
0.57,0.208,0.429999,0,0,1,2
0.57,0.208,0.432999,0,0,1,2
0.57,0.208,0.435999,0,0,1,2
0.57,0.208,0.438999,0,0,1,2
0.57,0.208,0.441999,0,0,1,2
0.57,0.208,0.444999,0,0,1,2
0.57,0.208,0.447999,0,0,1,2
0.57,0.208,0.450999,0,0,1,2
0.57,0.211,0.25,0,0,1,2
0.57,0.211,0.253,0,0,1,2
0.57,0.211,0.256,0,0,1,2
0.57,0.211,0.259,0,0,1,2
0.57,0.211,0.262,0,0,1,2
0.57,0.211,0.265,0,0,1,2
0.57,0.211,0.268,0,0,1,2
0.57,0.211,0.271,0,0,1,2
0.57,0.211,0.274,0,0,1,2
0.57,0.211,0.277,0,0,1,2
0.57,0.211,0.28,0,0,1,2
0.57,0.211,0.283,0,0,1,2
0.57,0.211,0.286,0,0,1,2
0.57,0.211,0.289,0,0,1,2
0.57,0.211,0.292,0,0,1,2
0.57,0.211,0.295,0,0,1,2
0.57,0.211,0.298,0,0,1,2
0.57,0.211,0.301,0,0,1,2
0.57,0.211,0.304,0,0,1,2
0.57,0.211,0.307,0,0,1,2
0.57,0.211,0.31,0,0,1,2
0.57,0.211,0.313,0,0,1,2
0.57,0.211,0.316,0,0,1,2
0.57,0.211,0.319,0,0,1,2
0.57,0.211,0.322,0,0,1,2
0.57,0.211,0.325,0,0,1,2
0.57,0.211,0.328,0,0,1,2
0.57,0.211,0.331,0,0,1,2
0.57,0.211,0.334,0,0,1,2
0.57,0.211,0.337,0,0,1,2
0.57,0.211,0.34,0,0,1,2
0.57,0.211,0.343,0,0,1,2
0.57,0.211,0.346,0,0,1,2
0.57,0.211,0.349,0,0,1,2
0.57,0.211,0.352,0,0,1,2
0.57,0.211,0.355,0,0,1,2
0.57,0.211,0.358,0,0,1,2
0.57,0.211,0.361,0,0,1,2
0.57,0.211,0.364,0,0,1,2
0.57,0.211,0.367,0,0,1,2
0.57,0.211,0.37,0,0,1,2
0.57,0.211,0.373,0,0,1,2
0.57,0.211,0.376,0,0,1,2
0.57,0.211,0.379,0,0,1,2
0.57,0.211,0.382,0,0,1,2
0.57,0.211,0.385,0,0,1,2
0.57,0.211,0.388,0,0,1,2
0.57,0.211,0.391,0,0,1,2
0.57,0.211,0.394,0,0,1,2
0.57,0.211,0.397,0,0,1,2
0.57,0.211,0.4,0,0,1,2
0.57,0.211,0.403,0,0,1,2
0.57,0.211,0.406,0,0,1,2
0.57,0.211,0.409,0,0,1,2
0.57,0.211,0.412,0,0,1,2
0.57,0.211,0.415,0,0,1,2
0.57,0.211,0.418,0,0,1,2
0.57,0.211,0.420999,0,0,1,2
0.57,0.211,0.423999,0,0,1,2
0.57,0.211,0.426999,0,0,1,2
0.57,0.211,0.429999,0,0,1,2
0.57,0.211,0.432999,0,0,1,2
0.57,0.211,0.435999,0,0,1,2
0.57,0.211,0.438999,0,0,1,2
0.57,0.211,0.441999,0,0,1,2
0.57,0.211,0.444999,0,0,1,2
0.57,0.211,0.447999,0,0,1,2
0.57,0.211,0.450999,0,0,1,2
0.57,0.214,0.25,0,0,1,2
0.57,0.214,0.253,0,0,1,2
0.57,0.214,0.256,0,0,1,2
0.57,0.214,0.259,0,0,1,2
0.57,0.214,0.262,0,0,1,2
0.57,0.214,0.265,0,0,1,2
0.57,0.214,0.268,0,0,1,2
0.57,0.214,0.271,0,0,1,2
0.57,0.214,0.274,0,0,1,2
0.57,0.214,0.277,0,0,1,2
0.57,0.214,0.28,0,0,1,2
0.57,0.214,0.283,0,0,1,2
0.57,0.214,0.286,0,0,1,2
0.57,0.214,0.289,0,0,1,2
0.57,0.214,0.292,0,0,1,2
0.57,0.214,0.295,0,0,1,2
0.57,0.214,0.298,0,0,1,2
0.57,0.214,0.301,0,0,1,2
0.57,0.214,0.304,0,0,1,2
0.57,0.214,0.307,0,0,1,2
0.57,0.214,0.31,0,0,1,2
0.57,0.214,0.313,0,0,1,2
0.57,0.214,0.316,0,0,1,2
0.57,0.214,0.319,0,0,1,2
0.57,0.214,0.322,0,0,1,2
0.57,0.214,0.325,0,0,1,2
0.57,0.214,0.328,0,0,1,2
0.57,0.214,0.331,0,0,1,2
0.57,0.214,0.334,0,0,1,2
0.57,0.214,0.337,0,0,1,2
0.57,0.214,0.34,0,0,1,2
0.57,0.214,0.343,0,0,1,2
0.57,0.214,0.346,0,0,1,2
0.57,0.214,0.349,0,0,1,2
0.57,0.214,0.352,0,0,1,2
0.57,0.214,0.355,0,0,1,2
0.57,0.214,0.358,0,0,1,2
0.57,0.214,0.361,0,0,1,2
0.57,0.214,0.364,0,0,1,2
0.57,0.214,0.367,0,0,1,2
0.57,0.214,0.37,0,0,1,2
0.57,0.214,0.373,0,0,1,2
0.57,0.214,0.376,0,0,1,2
0.57,0.214,0.379,0,0,1,2
0.57,0.214,0.382,0,0,1,2
0.57,0.214,0.385,0,0,1,2
0.57,0.214,0.388,0,0,1,2
0.57,0.214,0.391,0,0,1,2
0.57,0.214,0.394,0,0,1,2
0.57,0.214,0.397,0,0,1,2
0.57,0.214,0.4,0,0,1,2
0.57,0.214,0.403,0,0,1,2
0.57,0.214,0.406,0,0,1,2
0.57,0.214,0.409,0,0,1,2
0.57,0.214,0.412,0,0,1,2
0.57,0.214,0.415,0,0,1,2
0.57,0.214,0.418,0,0,1,2
0.57,0.214,0.420999,0,0,1,2
0.57,0.214,0.423999,0,0,1,2
0.57,0.214,0.426999,0,0,1,2
0.57,0.214,0.429999,0,0,1,2
0.57,0.214,0.432999,0,0,1,2
0.57,0.214,0.435999,0,0,1,2
0.57,0.214,0.438999,0,0,1,2
0.57,0.214,0.441999,0,0,1,2
0.57,0.214,0.444999,0,0,1,2
0.57,0.214,0.447999,0,0,1,2
0.57,0.214,0.450999,0,0,1,2
0.57,0.217,0.25,0,0,1,2
0.57,0.217,0.253,0,0,1,2
0.57,0.217,0.256,0,0,1,2
0.57,0.217,0.259,0,0,1,2
0.57,0.217,0.262,0,0,1,2
0.57,0.217,0.265,0,0,1,2
0.57,0.217,0.268,0,0,1,2
0.57,0.217,0.271,0,0,1,2
0.57,0.217,0.274,0,0,1,2
0.57,0.217,0.277,0,0,1,2
0.57,0.217,0.28,0,0,1,2
0.57,0.217,0.283,0,0,1,2
0.57,0.217,0.286,0,0,1,2
0.57,0.217,0.289,0,0,1,2
0.57,0.217,0.292,0,0,1,2
0.57,0.217,0.295,0,0,1,2
0.57,0.217,0.298,0,0,1,2
0.57,0.217,0.301,0,0,1,2
0.57,0.217,0.304,0,0,1,2
0.57,0.217,0.307,0,0,1,2
0.57,0.217,0.31,0,0,1,2
0.57,0.217,0.313,0,0,1,2
0.57,0.217,0.316,0,0,1,2
0.57,0.217,0.319,0,0,1,2
0.57,0.217,0.322,0,0,1,2
0.57,0.217,0.325,0,0,1,2
0.57,0.217,0.328,0,0,1,2
0.57,0.217,0.331,0,0,1,2
0.57,0.217,0.334,0,0,1,2
0.57,0.217,0.337,0,0,1,2
0.57,0.217,0.34,0,0,1,2
0.57,0.217,0.343,0,0,1,2
0.57,0.217,0.346,0,0,1,2
0.57,0.217,0.349,0,0,1,2
0.57,0.217,0.352,0,0,1,2
0.57,0.217,0.355,0,0,1,2
0.57,0.217,0.358,0,0,1,2
0.57,0.217,0.361,0,0,1,2
0.57,0.217,0.364,0,0,1,2
0.57,0.217,0.367,0,0,1,2
0.57,0.217,0.37,0,0,1,2
0.57,0.217,0.373,0,0,1,2
0.57,0.217,0.376,0,0,1,2
0.57,0.217,0.379,0,0,1,2
0.57,0.217,0.382,0,0,1,2
0.57,0.217,0.385,0,0,1,2
0.57,0.217,0.388,0,0,1,2
0.57,0.217,0.391,0,0,1,2
0.57,0.217,0.394,0,0,1,2
0.57,0.217,0.397,0,0,1,2
0.57,0.217,0.4,0,0,1,2
0.57,0.217,0.403,0,0,1,2
0.57,0.217,0.406,0,0,1,2
0.57,0.217,0.409,0,0,1,2
0.57,0.217,0.412,0,0,1,2
0.57,0.217,0.415,0,0,1,2
0.57,0.217,0.418,0,0,1,2
0.57,0.217,0.420999,0,0,1,2
0.57,0.217,0.423999,0,0,1,2
0.57,0.217,0.426999,0,0,1,2
0.57,0.217,0.429999,0,0,1,2
0.57,0.217,0.432999,0,0,1,2
0.57,0.217,0.435999,0,0,1,2
0.57,0.217,0.438999,0,0,1,2
0.57,0.217,0.441999,0,0,1,2
0.57,0.217,0.444999,0,0,1,2
0.57,0.217,0.447999,0,0,1,2
0.57,0.217,0.450999,0,0,1,2
0.57,0.22,0.25,0,0,1,2
0.57,0.22,0.253,0,0,1,2
0.57,0.22,0.256,0,0,1,2
0.57,0.22,0.259,0,0,1,2
0.57,0.22,0.262,0,0,1,2
0.57,0.22,0.265,0,0,1,2
0.57,0.22,0.268,0,0,1,2
0.57,0.22,0.271,0,0,1,2
0.57,0.22,0.274,0,0,1,2
0.57,0.22,0.277,0,0,1,2
0.57,0.22,0.28,0,0,1,2
0.57,0.22,0.283,0,0,1,2
0.57,0.22,0.286,0,0,1,2
0.57,0.22,0.289,0,0,1,2
0.57,0.22,0.292,0,0,1,2
0.57,0.22,0.295,0,0,1,2
0.57,0.22,0.298,0,0,1,2
0.57,0.22,0.301,0,0,1,2
0.57,0.22,0.304,0,0,1,2
0.57,0.22,0.307,0,0,1,2
0.57,0.22,0.31,0,0,1,2
0.57,0.22,0.313,0,0,1,2
0.57,0.22,0.316,0,0,1,2
0.57,0.22,0.319,0,0,1,2
0.57,0.22,0.322,0,0,1,2
0.57,0.22,0.325,0,0,1,2
0.57,0.22,0.328,0,0,1,2
0.57,0.22,0.331,0,0,1,2
0.57,0.22,0.334,0,0,1,2
0.57,0.22,0.337,0,0,1,2
0.57,0.22,0.34,0,0,1,2
0.57,0.22,0.343,0,0,1,2
0.57,0.22,0.346,0,0,1,2
0.57,0.22,0.349,0,0,1,2
0.57,0.22,0.352,0,0,1,2
0.57,0.22,0.355,0,0,1,2
0.57,0.22,0.358,0,0,1,2
0.57,0.22,0.361,0,0,1,2
0.57,0.22,0.364,0,0,1,2
0.57,0.22,0.367,0,0,1,2
0.57,0.22,0.37,0,0,1,2
0.57,0.22,0.373,0,0,1,2
0.57,0.22,0.376,0,0,1,2
0.57,0.22,0.379,0,0,1,2
0.57,0.22,0.382,0,0,1,2
0.57,0.22,0.385,0,0,1,2
0.57,0.22,0.388,0,0,1,2
0.57,0.22,0.391,0,0,1,2
0.57,0.22,0.394,0,0,1,2
0.57,0.22,0.397,0,0,1,2
0.57,0.22,0.4,0,0,1,2
0.57,0.22,0.403,0,0,1,2
0.57,0.22,0.406,0,0,1,2
0.57,0.22,0.409,0,0,1,2
0.57,0.22,0.412,0,0,1,2
0.57,0.22,0.415,0,0,1,2
0.57,0.22,0.418,0,0,1,2
0.57,0.22,0.420999,0,0,1,2
0.57,0.22,0.423999,0,0,1,2
0.57,0.22,0.426999,0,0,1,2
0.57,0.22,0.429999,0,0,1,2
0.57,0.22,0.432999,0,0,1,2
0.57,0.22,0.435999,0,0,1,2
0.57,0.22,0.438999,0,0,1,2
0.57,0.22,0.441999,0,0,1,2
0.57,0.22,0.444999,0,0,1,2
0.57,0.22,0.447999,0,0,1,2
0.57,0.22,0.450999,0,0,1,2
0.57,0.223,0.25,0,0,1,2
0.57,0.223,0.253,0,0,1,2
0.57,0.223,0.256,0,0,1,2
0.57,0.223,0.259,0,0,1,2
0.57,0.223,0.262,0,0,1,2
0.57,0.223,0.265,0,0,1,2
0.57,0.223,0.268,0,0,1,2
0.57,0.223,0.271,0,0,1,2
0.57,0.223,0.274,0,0,1,2
0.57,0.223,0.277,0,0,1,2
0.57,0.223,0.28,0,0,1,2
0.57,0.223,0.283,0,0,1,2
0.57,0.223,0.286,0,0,1,2
0.57,0.223,0.289,0,0,1,2
0.57,0.223,0.292,0,0,1,2
0.57,0.223,0.295,0,0,1,2
0.57,0.223,0.298,0,0,1,2
0.57,0.223,0.301,0,0,1,2
0.57,0.223,0.304,0,0,1,2
0.57,0.223,0.307,0,0,1,2
0.57,0.223,0.31,0,0,1,2
0.57,0.223,0.313,0,0,1,2
0.57,0.223,0.316,0,0,1,2
0.57,0.223,0.319,0,0,1,2
0.57,0.223,0.322,0,0,1,2
0.57,0.223,0.325,0,0,1,2
0.57,0.223,0.328,0,0,1,2
0.57,0.223,0.331,0,0,1,2
0.57,0.223,0.334,0,0,1,2
0.57,0.223,0.337,0,0,1,2
0.57,0.223,0.34,0,0,1,2
0.57,0.223,0.343,0,0,1,2
0.57,0.223,0.346,0,0,1,2
0.57,0.223,0.349,0,0,1,2
0.57,0.223,0.352,0,0,1,2
0.57,0.223,0.355,0,0,1,2
0.57,0.223,0.358,0,0,1,2
0.57,0.223,0.361,0,0,1,2
0.57,0.223,0.364,0,0,1,2
0.57,0.223,0.367,0,0,1,2
0.57,0.223,0.37,0,0,1,2
0.57,0.223,0.373,0,0,1,2
0.57,0.223,0.376,0,0,1,2
0.57,0.223,0.379,0,0,1,2
0.57,0.223,0.382,0,0,1,2
0.57,0.223,0.385,0,0,1,2
0.57,0.223,0.388,0,0,1,2
0.57,0.223,0.391,0,0,1,2
0.57,0.223,0.394,0,0,1,2
0.57,0.223,0.397,0,0,1,2
0.57,0.223,0.4,0,0,1,2
0.57,0.223,0.403,0,0,1,2
0.57,0.223,0.406,0,0,1,2
0.57,0.223,0.409,0,0,1,2
0.57,0.223,0.412,0,0,1,2
0.57,0.223,0.415,0,0,1,2
0.57,0.223,0.418,0,0,1,2
0.57,0.223,0.420999,0,0,1,2
0.57,0.223,0.423999,0,0,1,2
0.57,0.223,0.426999,0,0,1,2
0.57,0.223,0.429999,0,0,1,2
0.57,0.223,0.432999,0,0,1,2
0.57,0.223,0.435999,0,0,1,2
0.57,0.223,0.438999,0,0,1,2
0.57,0.223,0.441999,0,0,1,2
0.57,0.223,0.444999,0,0,1,2
0.57,0.223,0.447999,0,0,1,2
0.57,0.223,0.450999,0,0,1,2
0.57,0.226,0.25,0,0,1,2
0.57,0.226,0.253,0,0,1,2
0.57,0.226,0.256,0,0,1,2
0.57,0.226,0.259,0,0,1,2
0.57,0.226,0.262,0,0,1,2
0.57,0.226,0.265,0,0,1,2
0.57,0.226,0.268,0,0,1,2
0.57,0.226,0.271,0,0,1,2
0.57,0.226,0.274,0,0,1,2
0.57,0.226,0.277,0,0,1,2
0.57,0.226,0.28,0,0,1,2
0.57,0.226,0.283,0,0,1,2
0.57,0.226,0.286,0,0,1,2
0.57,0.226,0.289,0,0,1,2
0.57,0.226,0.292,0,0,1,2
0.57,0.226,0.295,0,0,1,2
0.57,0.226,0.298,0,0,1,2
0.57,0.226,0.301,0,0,1,2
0.57,0.226,0.304,0,0,1,2
0.57,0.226,0.307,0,0,1,2
0.57,0.226,0.31,0,0,1,2
0.57,0.226,0.313,0,0,1,2
0.57,0.226,0.316,0,0,1,2
0.57,0.226,0.319,0,0,1,2
0.57,0.226,0.322,0,0,1,2
0.57,0.226,0.325,0,0,1,2
0.57,0.226,0.328,0,0,1,2
0.57,0.226,0.331,0,0,1,2
0.57,0.226,0.334,0,0,1,2
0.57,0.226,0.337,0,0,1,2
0.57,0.226,0.34,0,0,1,2
0.57,0.226,0.343,0,0,1,2
0.57,0.226,0.346,0,0,1,2
0.57,0.226,0.349,0,0,1,2
0.57,0.226,0.352,0,0,1,2
0.57,0.226,0.355,0,0,1,2
0.57,0.226,0.358,0,0,1,2
0.57,0.226,0.361,0,0,1,2
0.57,0.226,0.364,0,0,1,2
0.57,0.226,0.367,0,0,1,2
0.57,0.226,0.37,0,0,1,2
0.57,0.226,0.373,0,0,1,2
0.57,0.226,0.376,0,0,1,2
0.57,0.226,0.379,0,0,1,2
0.57,0.226,0.382,0,0,1,2
0.57,0.226,0.385,0,0,1,2
0.57,0.226,0.388,0,0,1,2
0.57,0.226,0.391,0,0,1,2
0.57,0.226,0.394,0,0,1,2
0.57,0.226,0.397,0,0,1,2
0.57,0.226,0.4,0,0,1,2
0.57,0.226,0.403,0,0,1,2
0.57,0.226,0.406,0,0,1,2
0.57,0.226,0.409,0,0,1,2
0.57,0.226,0.412,0,0,1,2
0.57,0.226,0.415,0,0,1,2
0.57,0.226,0.418,0,0,1,2
0.57,0.226,0.420999,0,0,1,2
0.57,0.226,0.423999,0,0,1,2
0.57,0.226,0.426999,0,0,1,2
0.57,0.226,0.429999,0,0,1,2
0.57,0.226,0.432999,0,0,1,2
0.57,0.226,0.435999,0,0,1,2
0.57,0.226,0.438999,0,0,1,2
0.57,0.226,0.441999,0,0,1,2
0.57,0.226,0.444999,0,0,1,2
0.57,0.226,0.447999,0,0,1,2
0.57,0.226,0.450999,0,0,1,2
0.57,0.229,0.25,0,0,1,2
0.57,0.229,0.253,0,0,1,2
0.57,0.229,0.256,0,0,1,2
0.57,0.229,0.259,0,0,1,2
0.57,0.229,0.262,0,0,1,2
0.57,0.229,0.265,0,0,1,2
0.57,0.229,0.268,0,0,1,2
0.57,0.229,0.271,0,0,1,2
0.57,0.229,0.274,0,0,1,2
0.57,0.229,0.277,0,0,1,2
0.57,0.229,0.28,0,0,1,2
0.57,0.229,0.283,0,0,1,2
0.57,0.229,0.286,0,0,1,2
0.57,0.229,0.289,0,0,1,2
0.57,0.229,0.292,0,0,1,2
0.57,0.229,0.295,0,0,1,2
0.57,0.229,0.298,0,0,1,2
0.57,0.229,0.301,0,0,1,2
0.57,0.229,0.304,0,0,1,2
0.57,0.229,0.307,0,0,1,2
0.57,0.229,0.31,0,0,1,2
0.57,0.229,0.313,0,0,1,2
0.57,0.229,0.316,0,0,1,2
0.57,0.229,0.319,0,0,1,2
0.57,0.229,0.322,0,0,1,2
0.57,0.229,0.325,0,0,1,2
0.57,0.229,0.328,0,0,1,2
0.57,0.229,0.331,0,0,1,2
0.57,0.229,0.334,0,0,1,2
0.57,0.229,0.337,0,0,1,2
0.57,0.229,0.34,0,0,1,2
0.57,0.229,0.343,0,0,1,2
0.57,0.229,0.346,0,0,1,2
0.57,0.229,0.349,0,0,1,2
0.57,0.229,0.352,0,0,1,2
0.57,0.229,0.355,0,0,1,2
0.57,0.229,0.358,0,0,1,2
0.57,0.229,0.361,0,0,1,2
0.57,0.229,0.364,0,0,1,2
0.57,0.229,0.367,0,0,1,2
0.57,0.229,0.37,0,0,1,2
0.57,0.229,0.373,0,0,1,2
0.57,0.229,0.376,0,0,1,2
0.57,0.229,0.379,0,0,1,2
0.57,0.229,0.382,0,0,1,2
0.57,0.229,0.385,0,0,1,2
0.57,0.229,0.388,0,0,1,2
0.57,0.229,0.391,0,0,1,2
0.57,0.229,0.394,0,0,1,2
0.57,0.229,0.397,0,0,1,2
0.57,0.229,0.4,0,0,1,2
0.57,0.229,0.403,0,0,1,2
0.57,0.229,0.406,0,0,1,2
0.57,0.229,0.409,0,0,1,2
0.57,0.229,0.412,0,0,1,2
0.57,0.229,0.415,0,0,1,2
0.57,0.229,0.418,0,0,1,2
0.57,0.229,0.420999,0,0,1,2
0.57,0.229,0.423999,0,0,1,2
0.57,0.229,0.426999,0,0,1,2
0.57,0.229,0.429999,0,0,1,2
0.57,0.229,0.432999,0,0,1,2
0.57,0.229,0.435999,0,0,1,2
0.57,0.229,0.438999,0,0,1,2
0.57,0.229,0.441999,0,0,1,2
0.57,0.229,0.444999,0,0,1,2
0.57,0.229,0.447999,0,0,1,2
0.57,0.229,0.450999,0,0,1,2
0.57,0.232,0.25,0,0,1,2
0.57,0.232,0.253,0,0,1,2
0.57,0.232,0.256,0,0,1,2
0.57,0.232,0.259,0,0,1,2
0.57,0.232,0.262,0,0,1,2
0.57,0.232,0.265,0,0,1,2
0.57,0.232,0.268,0,0,1,2
0.57,0.232,0.271,0,0,1,2
0.57,0.232,0.274,0,0,1,2
0.57,0.232,0.277,0,0,1,2
0.57,0.232,0.28,0,0,1,2
0.57,0.232,0.283,0,0,1,2
0.57,0.232,0.286,0,0,1,2
0.57,0.232,0.289,0,0,1,2
0.57,0.232,0.292,0,0,1,2
0.57,0.232,0.295,0,0,1,2
0.57,0.232,0.298,0,0,1,2
0.57,0.232,0.301,0,0,1,2
0.57,0.232,0.304,0,0,1,2
0.57,0.232,0.307,0,0,1,2
0.57,0.232,0.31,0,0,1,2
0.57,0.232,0.313,0,0,1,2
0.57,0.232,0.316,0,0,1,2
0.57,0.232,0.319,0,0,1,2
0.57,0.232,0.322,0,0,1,2
0.57,0.232,0.325,0,0,1,2
0.57,0.232,0.328,0,0,1,2
0.57,0.232,0.331,0,0,1,2
0.57,0.232,0.334,0,0,1,2
0.57,0.232,0.337,0,0,1,2
0.57,0.232,0.34,0,0,1,2
0.57,0.232,0.343,0,0,1,2
0.57,0.232,0.346,0,0,1,2
0.57,0.232,0.349,0,0,1,2
0.57,0.232,0.352,0,0,1,2
0.57,0.232,0.355,0,0,1,2
0.57,0.232,0.358,0,0,1,2
0.57,0.232,0.361,0,0,1,2
0.57,0.232,0.364,0,0,1,2
0.57,0.232,0.367,0,0,1,2
0.57,0.232,0.37,0,0,1,2
0.57,0.232,0.373,0,0,1,2
0.57,0.232,0.376,0,0,1,2
0.57,0.232,0.379,0,0,1,2
0.57,0.232,0.382,0,0,1,2
0.57,0.232,0.385,0,0,1,2
0.57,0.232,0.388,0,0,1,2
0.57,0.232,0.391,0,0,1,2
0.57,0.232,0.394,0,0,1,2
0.57,0.232,0.397,0,0,1,2
0.57,0.232,0.4,0,0,1,2
0.57,0.232,0.403,0,0,1,2
0.57,0.232,0.406,0,0,1,2
0.57,0.232,0.409,0,0,1,2
0.57,0.232,0.412,0,0,1,2
0.57,0.232,0.415,0,0,1,2
0.57,0.232,0.418,0,0,1,2
0.57,0.232,0.420999,0,0,1,2
0.57,0.232,0.423999,0,0,1,2
0.57,0.232,0.426999,0,0,1,2
0.57,0.232,0.429999,0,0,1,2
0.57,0.232,0.432999,0,0,1,2
0.57,0.232,0.435999,0,0,1,2
0.57,0.232,0.438999,0,0,1,2
0.57,0.232,0.441999,0,0,1,2
0.57,0.232,0.444999,0,0,1,2
0.57,0.232,0.447999,0,0,1,2
0.57,0.232,0.450999,0,0,1,2
0.57,0.235,0.25,0,0,1,2
0.57,0.235,0.253,0,0,1,2
0.57,0.235,0.256,0,0,1,2
0.57,0.235,0.259,0,0,1,2
0.57,0.235,0.262,0,0,1,2
0.57,0.235,0.265,0,0,1,2
0.57,0.235,0.268,0,0,1,2
0.57,0.235,0.271,0,0,1,2
0.57,0.235,0.274,0,0,1,2
0.57,0.235,0.277,0,0,1,2
0.57,0.235,0.28,0,0,1,2
0.57,0.235,0.283,0,0,1,2
0.57,0.235,0.286,0,0,1,2
0.57,0.235,0.289,0,0,1,2
0.57,0.235,0.292,0,0,1,2
0.57,0.235,0.295,0,0,1,2
0.57,0.235,0.298,0,0,1,2
0.57,0.235,0.301,0,0,1,2
0.57,0.235,0.304,0,0,1,2
0.57,0.235,0.307,0,0,1,2
0.57,0.235,0.31,0,0,1,2
0.57,0.235,0.313,0,0,1,2
0.57,0.235,0.316,0,0,1,2
0.57,0.235,0.319,0,0,1,2
0.57,0.235,0.322,0,0,1,2
0.57,0.235,0.325,0,0,1,2
0.57,0.235,0.328,0,0,1,2
0.57,0.235,0.331,0,0,1,2
0.57,0.235,0.334,0,0,1,2
0.57,0.235,0.337,0,0,1,2
0.57,0.235,0.34,0,0,1,2
0.57,0.235,0.343,0,0,1,2
0.57,0.235,0.346,0,0,1,2
0.57,0.235,0.349,0,0,1,2
0.57,0.235,0.352,0,0,1,2
0.57,0.235,0.355,0,0,1,2
0.57,0.235,0.358,0,0,1,2
0.57,0.235,0.361,0,0,1,2
0.57,0.235,0.364,0,0,1,2
0.57,0.235,0.367,0,0,1,2
0.57,0.235,0.37,0,0,1,2
0.57,0.235,0.373,0,0,1,2
0.57,0.235,0.376,0,0,1,2
0.57,0.235,0.379,0,0,1,2
0.57,0.235,0.382,0,0,1,2
0.57,0.235,0.385,0,0,1,2
0.57,0.235,0.388,0,0,1,2
0.57,0.235,0.391,0,0,1,2
0.57,0.235,0.394,0,0,1,2
0.57,0.235,0.397,0,0,1,2
0.57,0.235,0.4,0,0,1,2
0.57,0.235,0.403,0,0,1,2
0.57,0.235,0.406,0,0,1,2
0.57,0.235,0.409,0,0,1,2
0.57,0.235,0.412,0,0,1,2
0.57,0.235,0.415,0,0,1,2
0.57,0.235,0.418,0,0,1,2
0.57,0.235,0.420999,0,0,1,2
0.57,0.235,0.423999,0,0,1,2
0.57,0.235,0.426999,0,0,1,2
0.57,0.235,0.429999,0,0,1,2
0.57,0.235,0.432999,0,0,1,2
0.57,0.235,0.435999,0,0,1,2
0.57,0.235,0.438999,0,0,1,2
0.57,0.235,0.441999,0,0,1,2
0.57,0.235,0.444999,0,0,1,2
0.57,0.235,0.447999,0,0,1,2
0.57,0.235,0.450999,0,0,1,2
0.57,0.238,0.25,0,0,1,2
0.57,0.238,0.253,0,0,1,2
0.57,0.238,0.256,0,0,1,2
0.57,0.238,0.259,0,0,1,2
0.57,0.238,0.262,0,0,1,2
0.57,0.238,0.265,0,0,1,2
0.57,0.238,0.268,0,0,1,2
0.57,0.238,0.271,0,0,1,2
0.57,0.238,0.274,0,0,1,2
0.57,0.238,0.277,0,0,1,2
0.57,0.238,0.28,0,0,1,2
0.57,0.238,0.283,0,0,1,2
0.57,0.238,0.286,0,0,1,2
0.57,0.238,0.289,0,0,1,2
0.57,0.238,0.292,0,0,1,2
0.57,0.238,0.295,0,0,1,2
0.57,0.238,0.298,0,0,1,2
0.57,0.238,0.301,0,0,1,2
0.57,0.238,0.304,0,0,1,2
0.57,0.238,0.307,0,0,1,2
0.57,0.238,0.31,0,0,1,2
0.57,0.238,0.313,0,0,1,2
0.57,0.238,0.316,0,0,1,2
0.57,0.238,0.319,0,0,1,2
0.57,0.238,0.322,0,0,1,2
0.57,0.238,0.325,0,0,1,2
0.57,0.238,0.328,0,0,1,2
0.57,0.238,0.331,0,0,1,2
0.57,0.238,0.334,0,0,1,2
0.57,0.238,0.337,0,0,1,2
0.57,0.238,0.34,0,0,1,2
0.57,0.238,0.343,0,0,1,2
0.57,0.238,0.346,0,0,1,2
0.57,0.238,0.349,0,0,1,2
0.57,0.238,0.352,0,0,1,2
0.57,0.238,0.355,0,0,1,2
0.57,0.238,0.358,0,0,1,2
0.57,0.238,0.361,0,0,1,2
0.57,0.238,0.364,0,0,1,2
0.57,0.238,0.367,0,0,1,2
0.57,0.238,0.37,0,0,1,2
0.57,0.238,0.373,0,0,1,2
0.57,0.238,0.376,0,0,1,2
0.57,0.238,0.379,0,0,1,2
0.57,0.238,0.382,0,0,1,2
0.57,0.238,0.385,0,0,1,2
0.57,0.238,0.388,0,0,1,2
0.57,0.238,0.391,0,0,1,2
0.57,0.238,0.394,0,0,1,2
0.57,0.238,0.397,0,0,1,2
0.57,0.238,0.4,0,0,1,2
0.57,0.238,0.403,0,0,1,2
0.57,0.238,0.406,0,0,1,2
0.57,0.238,0.409,0,0,1,2
0.57,0.238,0.412,0,0,1,2
0.57,0.238,0.415,0,0,1,2
0.57,0.238,0.418,0,0,1,2
0.57,0.238,0.420999,0,0,1,2
0.57,0.238,0.423999,0,0,1,2
0.57,0.238,0.426999,0,0,1,2
0.57,0.238,0.429999,0,0,1,2
0.57,0.238,0.432999,0,0,1,2
0.57,0.238,0.435999,0,0,1,2
0.57,0.238,0.438999,0,0,1,2
0.57,0.238,0.441999,0,0,1,2
0.57,0.238,0.444999,0,0,1,2
0.57,0.238,0.447999,0,0,1,2
0.57,0.238,0.450999,0,0,1,2
0.57,0.241,0.25,0,0,1,2
0.57,0.241,0.253,0,0,1,2
0.57,0.241,0.256,0,0,1,2
0.57,0.241,0.259,0,0,1,2
0.57,0.241,0.262,0,0,1,2
0.57,0.241,0.265,0,0,1,2
0.57,0.241,0.268,0,0,1,2
0.57,0.241,0.271,0,0,1,2
0.57,0.241,0.274,0,0,1,2
0.57,0.241,0.277,0,0,1,2
0.57,0.241,0.28,0,0,1,2
0.57,0.241,0.283,0,0,1,2
0.57,0.241,0.286,0,0,1,2
0.57,0.241,0.289,0,0,1,2
0.57,0.241,0.292,0,0,1,2
0.57,0.241,0.295,0,0,1,2
0.57,0.241,0.298,0,0,1,2
0.57,0.241,0.301,0,0,1,2
0.57,0.241,0.304,0,0,1,2
0.57,0.241,0.307,0,0,1,2
0.57,0.241,0.31,0,0,1,2
0.57,0.241,0.313,0,0,1,2
0.57,0.241,0.316,0,0,1,2
0.57,0.241,0.319,0,0,1,2
0.57,0.241,0.322,0,0,1,2
0.57,0.241,0.325,0,0,1,2
0.57,0.241,0.328,0,0,1,2
0.57,0.241,0.331,0,0,1,2
0.57,0.241,0.334,0,0,1,2
0.57,0.241,0.337,0,0,1,2
0.57,0.241,0.34,0,0,1,2
0.57,0.241,0.343,0,0,1,2
0.57,0.241,0.346,0,0,1,2
0.57,0.241,0.349,0,0,1,2
0.57,0.241,0.352,0,0,1,2
0.57,0.241,0.355,0,0,1,2
0.57,0.241,0.358,0,0,1,2
0.57,0.241,0.361,0,0,1,2
0.57,0.241,0.364,0,0,1,2
0.57,0.241,0.367,0,0,1,2
0.57,0.241,0.37,0,0,1,2
0.57,0.241,0.373,0,0,1,2
0.57,0.241,0.376,0,0,1,2
0.57,0.241,0.379,0,0,1,2
0.57,0.241,0.382,0,0,1,2
0.57,0.241,0.385,0,0,1,2
0.57,0.241,0.388,0,0,1,2
0.57,0.241,0.391,0,0,1,2
0.57,0.241,0.394,0,0,1,2
0.57,0.241,0.397,0,0,1,2
0.57,0.241,0.4,0,0,1,2
0.57,0.241,0.403,0,0,1,2
0.57,0.241,0.406,0,0,1,2
0.57,0.241,0.409,0,0,1,2
0.57,0.241,0.412,0,0,1,2
0.57,0.241,0.415,0,0,1,2
0.57,0.241,0.418,0,0,1,2
0.57,0.241,0.420999,0,0,1,2
0.57,0.241,0.423999,0,0,1,2
0.57,0.241,0.426999,0,0,1,2
0.57,0.241,0.429999,0,0,1,2
0.57,0.241,0.432999,0,0,1,2
0.57,0.241,0.435999,0,0,1,2
0.57,0.241,0.438999,0,0,1,2
0.57,0.241,0.441999,0,0,1,2
0.57,0.241,0.444999,0,0,1,2
0.57,0.241,0.447999,0,0,1,2
0.57,0.241,0.450999,0,0,1,2
0.57,0.244,0.25,0,0,1,2
0.57,0.244,0.253,0,0,1,2
0.57,0.244,0.256,0,0,1,2
0.57,0.244,0.259,0,0,1,2
0.57,0.244,0.262,0,0,1,2
0.57,0.244,0.265,0,0,1,2
0.57,0.244,0.268,0,0,1,2
0.57,0.244,0.271,0,0,1,2
0.57,0.244,0.274,0,0,1,2
0.57,0.244,0.277,0,0,1,2
0.57,0.244,0.28,0,0,1,2
0.57,0.244,0.283,0,0,1,2
0.57,0.244,0.286,0,0,1,2
0.57,0.244,0.289,0,0,1,2
0.57,0.244,0.292,0,0,1,2
0.57,0.244,0.295,0,0,1,2
0.57,0.244,0.298,0,0,1,2
0.57,0.244,0.301,0,0,1,2
0.57,0.244,0.304,0,0,1,2
0.57,0.244,0.307,0,0,1,2
0.57,0.244,0.31,0,0,1,2
0.57,0.244,0.313,0,0,1,2
0.57,0.244,0.316,0,0,1,2
0.57,0.244,0.319,0,0,1,2
0.57,0.244,0.322,0,0,1,2
0.57,0.244,0.325,0,0,1,2
0.57,0.244,0.328,0,0,1,2
0.57,0.244,0.331,0,0,1,2
0.57,0.244,0.334,0,0,1,2
0.57,0.244,0.337,0,0,1,2
0.57,0.244,0.34,0,0,1,2
0.57,0.244,0.343,0,0,1,2
0.57,0.244,0.346,0,0,1,2
0.57,0.244,0.349,0,0,1,2
0.57,0.244,0.352,0,0,1,2
0.57,0.244,0.355,0,0,1,2
0.57,0.244,0.358,0,0,1,2
0.57,0.244,0.361,0,0,1,2
0.57,0.244,0.364,0,0,1,2
0.57,0.244,0.367,0,0,1,2
0.57,0.244,0.37,0,0,1,2
0.57,0.244,0.373,0,0,1,2
0.57,0.244,0.376,0,0,1,2
0.57,0.244,0.379,0,0,1,2
0.57,0.244,0.382,0,0,1,2
0.57,0.244,0.385,0,0,1,2
0.57,0.244,0.388,0,0,1,2
0.57,0.244,0.391,0,0,1,2
0.57,0.244,0.394,0,0,1,2
0.57,0.244,0.397,0,0,1,2
0.57,0.244,0.4,0,0,1,2
0.57,0.244,0.403,0,0,1,2
0.57,0.244,0.406,0,0,1,2
0.57,0.244,0.409,0,0,1,2
0.57,0.244,0.412,0,0,1,2
0.57,0.244,0.415,0,0,1,2
0.57,0.244,0.418,0,0,1,2
0.57,0.244,0.420999,0,0,1,2
0.57,0.244,0.423999,0,0,1,2
0.57,0.244,0.426999,0,0,1,2
0.57,0.244,0.429999,0,0,1,2
0.57,0.244,0.432999,0,0,1,2
0.57,0.244,0.435999,0,0,1,2
0.57,0.244,0.438999,0,0,1,2
0.57,0.244,0.441999,0,0,1,2
0.57,0.244,0.444999,0,0,1,2
0.57,0.244,0.447999,0,0,1,2
0.57,0.244,0.450999,0,0,1,2
0.57,0.247,0.25,0,0,1,2
0.57,0.247,0.253,0,0,1,2
0.57,0.247,0.256,0,0,1,2
0.57,0.247,0.259,0,0,1,2
0.57,0.247,0.262,0,0,1,2
0.57,0.247,0.265,0,0,1,2
0.57,0.247,0.268,0,0,1,2
0.57,0.247,0.271,0,0,1,2
0.57,0.247,0.274,0,0,1,2
0.57,0.247,0.277,0,0,1,2
0.57,0.247,0.28,0,0,1,2
0.57,0.247,0.283,0,0,1,2
0.57,0.247,0.286,0,0,1,2
0.57,0.247,0.289,0,0,1,2
0.57,0.247,0.292,0,0,1,2
0.57,0.247,0.295,0,0,1,2
0.57,0.247,0.298,0,0,1,2
0.57,0.247,0.301,0,0,1,2
0.57,0.247,0.304,0,0,1,2
0.57,0.247,0.307,0,0,1,2
0.57,0.247,0.31,0,0,1,2
0.57,0.247,0.313,0,0,1,2
0.57,0.247,0.316,0,0,1,2
0.57,0.247,0.319,0,0,1,2
0.57,0.247,0.322,0,0,1,2
0.57,0.247,0.325,0,0,1,2
0.57,0.247,0.328,0,0,1,2
0.57,0.247,0.331,0,0,1,2
0.57,0.247,0.334,0,0,1,2
0.57,0.247,0.337,0,0,1,2
0.57,0.247,0.34,0,0,1,2
0.57,0.247,0.343,0,0,1,2
0.57,0.247,0.346,0,0,1,2
0.57,0.247,0.349,0,0,1,2
0.57,0.247,0.352,0,0,1,2
0.57,0.247,0.355,0,0,1,2
0.57,0.247,0.358,0,0,1,2
0.57,0.247,0.361,0,0,1,2
0.57,0.247,0.364,0,0,1,2
0.57,0.247,0.367,0,0,1,2
0.57,0.247,0.37,0,0,1,2
0.57,0.247,0.373,0,0,1,2
0.57,0.247,0.376,0,0,1,2
0.57,0.247,0.379,0,0,1,2
0.57,0.247,0.382,0,0,1,2
0.57,0.247,0.385,0,0,1,2
0.57,0.247,0.388,0,0,1,2
0.57,0.247,0.391,0,0,1,2
0.57,0.247,0.394,0,0,1,2
0.57,0.247,0.397,0,0,1,2
0.57,0.247,0.4,0,0,1,2
0.57,0.247,0.403,0,0,1,2
0.57,0.247,0.406,0,0,1,2
0.57,0.247,0.409,0,0,1,2
0.57,0.247,0.412,0,0,1,2
0.57,0.247,0.415,0,0,1,2
0.57,0.247,0.418,0,0,1,2
0.57,0.247,0.420999,0,0,1,2
0.57,0.247,0.423999,0,0,1,2
0.57,0.247,0.426999,0,0,1,2
0.57,0.247,0.429999,0,0,1,2
0.57,0.247,0.432999,0,0,1,2
0.57,0.247,0.435999,0,0,1,2
0.57,0.247,0.438999,0,0,1,2
0.57,0.247,0.441999,0,0,1,2
0.57,0.247,0.444999,0,0,1,2
0.57,0.247,0.447999,0,0,1,2
0.57,0.247,0.450999,0,0,1,2
0.57,0.25,0.25,0,0,1,2
0.57,0.25,0.253,0,0,1,2
0.57,0.25,0.256,0,0,1,2
0.57,0.25,0.259,0,0,1,2
0.57,0.25,0.262,0,0,1,2
0.57,0.25,0.265,0,0,1,2
0.57,0.25,0.268,0,0,1,2
0.57,0.25,0.271,0,0,1,2
0.57,0.25,0.274,0,0,1,2
0.57,0.25,0.277,0,0,1,2
0.57,0.25,0.28,0,0,1,2
0.57,0.25,0.283,0,0,1,2
0.57,0.25,0.286,0,0,1,2
0.57,0.25,0.289,0,0,1,2
0.57,0.25,0.292,0,0,1,2
0.57,0.25,0.295,0,0,1,2
0.57,0.25,0.298,0,0,1,2
0.57,0.25,0.301,0,0,1,2
0.57,0.25,0.304,0,0,1,2
0.57,0.25,0.307,0,0,1,2
0.57,0.25,0.31,0,0,1,2
0.57,0.25,0.313,0,0,1,2
0.57,0.25,0.316,0,0,1,2
0.57,0.25,0.319,0,0,1,2
0.57,0.25,0.322,0,0,1,2
0.57,0.25,0.325,0,0,1,2
0.57,0.25,0.328,0,0,1,2
0.57,0.25,0.331,0,0,1,2
0.57,0.25,0.334,0,0,1,2
0.57,0.25,0.337,0,0,1,2
0.57,0.25,0.34,0,0,1,2
0.57,0.25,0.343,0,0,1,2
0.57,0.25,0.346,0,0,1,2
0.57,0.25,0.349,0,0,1,2
0.57,0.25,0.352,0,0,1,2
0.57,0.25,0.355,0,0,1,2
0.57,0.25,0.358,0,0,1,2
0.57,0.25,0.361,0,0,1,2
0.57,0.25,0.364,0,0,1,2
0.57,0.25,0.367,0,0,1,2
0.57,0.25,0.37,0,0,1,2
0.57,0.25,0.373,0,0,1,2
0.57,0.25,0.376,0,0,1,2
0.57,0.25,0.379,0,0,1,2
0.57,0.25,0.382,0,0,1,2
0.57,0.25,0.385,0,0,1,2
0.57,0.25,0.388,0,0,1,2
0.57,0.25,0.391,0,0,1,2
0.57,0.25,0.394,0,0,1,2
0.57,0.25,0.397,0,0,1,2
0.57,0.25,0.4,0,0,1,2
0.57,0.25,0.403,0,0,1,2
0.57,0.25,0.406,0,0,1,2
0.57,0.25,0.409,0,0,1,2
0.57,0.25,0.412,0,0,1,2
0.57,0.25,0.415,0,0,1,2
0.57,0.25,0.418,0,0,1,2
0.57,0.25,0.420999,0,0,1,2
0.57,0.25,0.423999,0,0,1,2
0.57,0.25,0.426999,0,0,1,2
0.57,0.25,0.429999,0,0,1,2
0.57,0.25,0.432999,0,0,1,2
0.57,0.25,0.435999,0,0,1,2
0.57,0.25,0.438999,0,0,1,2
0.57,0.25,0.441999,0,0,1,2
0.57,0.25,0.444999,0,0,1,2
0.57,0.25,0.447999,0,0,1,2
0.57,0.25,0.450999,0,0,1,2
0.57,0.253,0.25,0,0,1,2
0.57,0.253,0.253,0,0,1,2
0.57,0.253,0.256,0,0,1,2
0.57,0.253,0.259,0,0,1,2
0.57,0.253,0.262,0,0,1,2
0.57,0.253,0.265,0,0,1,2
0.57,0.253,0.268,0,0,1,2
0.57,0.253,0.271,0,0,1,2
0.57,0.253,0.274,0,0,1,2
0.57,0.253,0.277,0,0,1,2
0.57,0.253,0.28,0,0,1,2
0.57,0.253,0.283,0,0,1,2
0.57,0.253,0.286,0,0,1,2
0.57,0.253,0.289,0,0,1,2
0.57,0.253,0.292,0,0,1,2
0.57,0.253,0.295,0,0,1,2
0.57,0.253,0.298,0,0,1,2
0.57,0.253,0.301,0,0,1,2
0.57,0.253,0.304,0,0,1,2
0.57,0.253,0.307,0,0,1,2
0.57,0.253,0.31,0,0,1,2
0.57,0.253,0.313,0,0,1,2
0.57,0.253,0.316,0,0,1,2
0.57,0.253,0.319,0,0,1,2
0.57,0.253,0.322,0,0,1,2
0.57,0.253,0.325,0,0,1,2
0.57,0.253,0.328,0,0,1,2
0.57,0.253,0.331,0,0,1,2
0.57,0.253,0.334,0,0,1,2
0.57,0.253,0.337,0,0,1,2
0.57,0.253,0.34,0,0,1,2
0.57,0.253,0.343,0,0,1,2
0.57,0.253,0.346,0,0,1,2
0.57,0.253,0.349,0,0,1,2
0.57,0.253,0.352,0,0,1,2
0.57,0.253,0.355,0,0,1,2
0.57,0.253,0.358,0,0,1,2
0.57,0.253,0.361,0,0,1,2
0.57,0.253,0.364,0,0,1,2
0.57,0.253,0.367,0,0,1,2
0.57,0.253,0.37,0,0,1,2
0.57,0.253,0.373,0,0,1,2
0.57,0.253,0.376,0,0,1,2
0.57,0.253,0.379,0,0,1,2
0.57,0.253,0.382,0,0,1,2
0.57,0.253,0.385,0,0,1,2
0.57,0.253,0.388,0,0,1,2
0.57,0.253,0.391,0,0,1,2
0.57,0.253,0.394,0,0,1,2
0.57,0.253,0.397,0,0,1,2
0.57,0.253,0.4,0,0,1,2
0.57,0.253,0.403,0,0,1,2
0.57,0.253,0.406,0,0,1,2
0.57,0.253,0.409,0,0,1,2
0.57,0.253,0.412,0,0,1,2
0.57,0.253,0.415,0,0,1,2
0.57,0.253,0.418,0,0,1,2
0.57,0.253,0.420999,0,0,1,2
0.57,0.253,0.423999,0,0,1,2
0.57,0.253,0.426999,0,0,1,2
0.57,0.253,0.429999,0,0,1,2
0.57,0.253,0.432999,0,0,1,2
0.57,0.253,0.435999,0,0,1,2
0.57,0.253,0.438999,0,0,1,2
0.57,0.253,0.441999,0,0,1,2
0.57,0.253,0.444999,0,0,1,2
0.57,0.253,0.447999,0,0,1,2
0.57,0.253,0.450999,0,0,1,2
0.57,0.256,0.25,0,0,1,2
0.57,0.256,0.253,0,0,1,2
0.57,0.256,0.256,0,0,1,2
0.57,0.256,0.259,0,0,1,2
0.57,0.256,0.262,0,0,1,2
0.57,0.256,0.265,0,0,1,2
0.57,0.256,0.268,0,0,1,2
0.57,0.256,0.271,0,0,1,2
0.57,0.256,0.274,0,0,1,2
0.57,0.256,0.277,0,0,1,2
0.57,0.256,0.28,0,0,1,2
0.57,0.256,0.283,0,0,1,2
0.57,0.256,0.286,0,0,1,2
0.57,0.256,0.289,0,0,1,2
0.57,0.256,0.292,0,0,1,2
0.57,0.256,0.295,0,0,1,2
0.57,0.256,0.298,0,0,1,2
0.57,0.256,0.301,0,0,1,2
0.57,0.256,0.304,0,0,1,2
0.57,0.256,0.307,0,0,1,2
0.57,0.256,0.31,0,0,1,2
0.57,0.256,0.313,0,0,1,2
0.57,0.256,0.316,0,0,1,2
0.57,0.256,0.319,0,0,1,2
0.57,0.256,0.322,0,0,1,2
0.57,0.256,0.325,0,0,1,2
0.57,0.256,0.328,0,0,1,2
0.57,0.256,0.331,0,0,1,2
0.57,0.256,0.334,0,0,1,2
0.57,0.256,0.337,0,0,1,2
0.57,0.256,0.34,0,0,1,2
0.57,0.256,0.343,0,0,1,2
0.57,0.256,0.346,0,0,1,2
0.57,0.256,0.349,0,0,1,2
0.57,0.256,0.352,0,0,1,2
0.57,0.256,0.355,0,0,1,2
0.57,0.256,0.358,0,0,1,2
0.57,0.256,0.361,0,0,1,2
0.57,0.256,0.364,0,0,1,2
0.57,0.256,0.367,0,0,1,2
0.57,0.256,0.37,0,0,1,2
0.57,0.256,0.373,0,0,1,2
0.57,0.256,0.376,0,0,1,2
0.57,0.256,0.379,0,0,1,2
0.57,0.256,0.382,0,0,1,2
0.57,0.256,0.385,0,0,1,2
0.57,0.256,0.388,0,0,1,2
0.57,0.256,0.391,0,0,1,2
0.57,0.256,0.394,0,0,1,2
0.57,0.256,0.397,0,0,1,2
0.57,0.256,0.4,0,0,1,2
0.57,0.256,0.403,0,0,1,2
0.57,0.256,0.406,0,0,1,2
0.57,0.256,0.409,0,0,1,2
0.57,0.256,0.412,0,0,1,2
0.57,0.256,0.415,0,0,1,2
0.57,0.256,0.418,0,0,1,2
0.57,0.256,0.420999,0,0,1,2
0.57,0.256,0.423999,0,0,1,2
0.57,0.256,0.426999,0,0,1,2
0.57,0.256,0.429999,0,0,1,2
0.57,0.256,0.432999,0,0,1,2
0.57,0.256,0.435999,0,0,1,2
0.57,0.256,0.438999,0,0,1,2
0.57,0.256,0.441999,0,0,1,2
0.57,0.256,0.444999,0,0,1,2
0.57,0.256,0.447999,0,0,1,2
0.57,0.256,0.450999,0,0,1,2
0.57,0.259,0.25,0,0,1,2
0.57,0.259,0.253,0,0,1,2
0.57,0.259,0.256,0,0,1,2
0.57,0.259,0.259,0,0,1,2
0.57,0.259,0.262,0,0,1,2
0.57,0.259,0.265,0,0,1,2
0.57,0.259,0.268,0,0,1,2
0.57,0.259,0.271,0,0,1,2
0.57,0.259,0.274,0,0,1,2
0.57,0.259,0.277,0,0,1,2
0.57,0.259,0.28,0,0,1,2
0.57,0.259,0.283,0,0,1,2
0.57,0.259,0.286,0,0,1,2
0.57,0.259,0.289,0,0,1,2
0.57,0.259,0.292,0,0,1,2
0.57,0.259,0.295,0,0,1,2
0.57,0.259,0.298,0,0,1,2
0.57,0.259,0.301,0,0,1,2
0.57,0.259,0.304,0,0,1,2
0.57,0.259,0.307,0,0,1,2
0.57,0.259,0.31,0,0,1,2
0.57,0.259,0.313,0,0,1,2
0.57,0.259,0.316,0,0,1,2
0.57,0.259,0.319,0,0,1,2
0.57,0.259,0.322,0,0,1,2
0.57,0.259,0.325,0,0,1,2
0.57,0.259,0.328,0,0,1,2
0.57,0.259,0.331,0,0,1,2
0.57,0.259,0.334,0,0,1,2
0.57,0.259,0.337,0,0,1,2
0.57,0.259,0.34,0,0,1,2
0.57,0.259,0.343,0,0,1,2
0.57,0.259,0.346,0,0,1,2
0.57,0.259,0.349,0,0,1,2
0.57,0.259,0.352,0,0,1,2
0.57,0.259,0.355,0,0,1,2
0.57,0.259,0.358,0,0,1,2
0.57,0.259,0.361,0,0,1,2
0.57,0.259,0.364,0,0,1,2
0.57,0.259,0.367,0,0,1,2
0.57,0.259,0.37,0,0,1,2
0.57,0.259,0.373,0,0,1,2
0.57,0.259,0.376,0,0,1,2
0.57,0.259,0.379,0,0,1,2
0.57,0.259,0.382,0,0,1,2
0.57,0.259,0.385,0,0,1,2
0.57,0.259,0.388,0,0,1,2
0.57,0.259,0.391,0,0,1,2
0.57,0.259,0.394,0,0,1,2
0.57,0.259,0.397,0,0,1,2
0.57,0.259,0.4,0,0,1,2
0.57,0.259,0.403,0,0,1,2
0.57,0.259,0.406,0,0,1,2
0.57,0.259,0.409,0,0,1,2
0.57,0.259,0.412,0,0,1,2
0.57,0.259,0.415,0,0,1,2
0.57,0.259,0.418,0,0,1,2
0.57,0.259,0.420999,0,0,1,2
0.57,0.259,0.423999,0,0,1,2
0.57,0.259,0.426999,0,0,1,2
0.57,0.259,0.429999,0,0,1,2
0.57,0.259,0.432999,0,0,1,2
0.57,0.259,0.435999,0,0,1,2
0.57,0.259,0.438999,0,0,1,2
0.57,0.259,0.441999,0,0,1,2
0.57,0.259,0.444999,0,0,1,2
0.57,0.259,0.447999,0,0,1,2
0.57,0.259,0.450999,0,0,1,2
0.39,0.1,0.25,0,0,1,2
0.39,0.103,0.25,0,0,1,2
0.39,0.106,0.25,0,0,1,2
0.39,0.109,0.25,0,0,1,2
0.39,0.112,0.25,0,0,1,2
0.39,0.115,0.25,0,0,1,2
0.39,0.118,0.25,0,0,1,2
0.39,0.121,0.25,0,0,1,2
0.39,0.124,0.25,0,0,1,2
0.39,0.127,0.25,0,0,1,2
0.39,0.13,0.25,0,0,1,2
0.39,0.133,0.25,0,0,1,2
0.39,0.136,0.25,0,0,1,2
0.39,0.139,0.25,0,0,1,2
0.39,0.142,0.25,0,0,1,2
0.39,0.145,0.25,0,0,1,2
0.39,0.148,0.25,0,0,1,2
0.39,0.151,0.25,0,0,1,2
0.39,0.154,0.25,0,0,1,2
0.39,0.157,0.25,0,0,1,2
0.39,0.16,0.25,0,0,1,2
0.39,0.163,0.25,0,0,1,2
0.39,0.166,0.25,0,0,1,2
0.39,0.169,0.25,0,0,1,2
0.39,0.172,0.25,0,0,1,2
0.39,0.175,0.25,0,0,1,2
0.39,0.178,0.25,0,0,1,2
0.39,0.181,0.25,0,0,1,2
0.39,0.184,0.25,0,0,1,2
0.39,0.187,0.25,0,0,1,2
0.39,0.19,0.25,0,0,1,2
0.39,0.193,0.25,0,0,1,2
0.39,0.196,0.25,0,0,1,2
0.39,0.199,0.25,0,0,1,2
0.39,0.202,0.25,0,0,1,2
0.39,0.205,0.25,0,0,1,2
0.39,0.208,0.25,0,0,1,2
0.39,0.211,0.25,0,0,1,2
0.39,0.214,0.25,0,0,1,2
0.39,0.217,0.25,0,0,1,2
0.39,0.22,0.25,0,0,1,2
0.39,0.223,0.25,0,0,1,2
0.39,0.226,0.25,0,0,1,2
0.39,0.229,0.25,0,0,1,2
0.39,0.232,0.25,0,0,1,2
0.39,0.235,0.25,0,0,1,2
0.39,0.238,0.25,0,0,1,2
0.39,0.241,0.25,0,0,1,2
0.39,0.244,0.25,0,0,1,2
0.39,0.247,0.25,0,0,1,2
0.39,0.25,0.25,0,0,1,2
0.39,0.253,0.25,0,0,1,2
0.39,0.256,0.25,0,0,1,2
0.39,0.259,0.25,0,0,1,2
0.393,0.1,0.25,0,0,1,2
0.393,0.103,0.25,0,0,1,2
0.393,0.106,0.25,0,0,1,2
0.393,0.109,0.25,0,0,1,2
0.393,0.112,0.25,0,0,1,2
0.393,0.115,0.25,0,0,1,2
0.393,0.118,0.25,0,0,1,2
0.393,0.121,0.25,0,0,1,2
0.393,0.124,0.25,0,0,1,2
0.393,0.127,0.25,0,0,1,2
0.393,0.13,0.25,0,0,1,2
0.393,0.133,0.25,0,0,1,2
0.393,0.136,0.25,0,0,1,2
0.393,0.139,0.25,0,0,1,2
0.393,0.142,0.25,0,0,1,2
0.393,0.145,0.25,0,0,1,2
0.393,0.148,0.25,0,0,1,2
0.393,0.151,0.25,0,0,1,2
0.393,0.154,0.25,0,0,1,2
0.393,0.157,0.25,0,0,1,2
0.393,0.16,0.25,0,0,1,2
0.393,0.163,0.25,0,0,1,2
0.393,0.166,0.25,0,0,1,2
0.393,0.169,0.25,0,0,1,2
0.393,0.172,0.25,0,0,1,2
0.393,0.175,0.25,0,0,1,2
0.393,0.178,0.25,0,0,1,2
0.393,0.181,0.25,0,0,1,2
0.393,0.184,0.25,0,0,1,2
0.393,0.187,0.25,0,0,1,2
0.393,0.19,0.25,0,0,1,2
0.393,0.193,0.25,0,0,1,2
0.393,0.196,0.25,0,0,1,2
0.393,0.199,0.25,0,0,1,2
0.393,0.202,0.25,0,0,1,2
0.393,0.205,0.25,0,0,1,2
0.393,0.208,0.25,0,0,1,2
0.393,0.211,0.25,0,0,1,2
0.393,0.214,0.25,0,0,1,2
0.393,0.217,0.25,0,0,1,2
0.393,0.22,0.25,0,0,1,2
0.393,0.223,0.25,0,0,1,2
0.393,0.226,0.25,0,0,1,2
0.393,0.229,0.25,0,0,1,2
0.393,0.232,0.25,0,0,1,2
0.393,0.235,0.25,0,0,1,2
0.393,0.238,0.25,0,0,1,2
0.393,0.241,0.25,0,0,1,2
0.393,0.244,0.25,0,0,1,2
0.393,0.247,0.25,0,0,1,2
0.393,0.25,0.25,0,0,1,2
0.393,0.253,0.25,0,0,1,2
0.393,0.256,0.25,0,0,1,2
0.393,0.259,0.25,0,0,1,2
0.396,0.1,0.25,0,0,1,2
0.396,0.103,0.25,0,0,1,2
0.396,0.106,0.25,0,0,1,2
0.396,0.109,0.25,0,0,1,2
0.396,0.112,0.25,0,0,1,2
0.396,0.115,0.25,0,0,1,2
0.396,0.118,0.25,0,0,1,2
0.396,0.121,0.25,0,0,1,2
0.396,0.124,0.25,0,0,1,2
0.396,0.127,0.25,0,0,1,2
0.396,0.13,0.25,0,0,1,2
0.396,0.133,0.25,0,0,1,2
0.396,0.136,0.25,0,0,1,2
0.396,0.139,0.25,0,0,1,2
0.396,0.142,0.25,0,0,1,2
0.396,0.145,0.25,0,0,1,2
0.396,0.148,0.25,0,0,1,2
0.396,0.151,0.25,0,0,1,2
0.396,0.154,0.25,0,0,1,2
0.396,0.157,0.25,0,0,1,2
0.396,0.16,0.25,0,0,1,2
0.396,0.163,0.25,0,0,1,2
0.396,0.166,0.25,0,0,1,2
0.396,0.169,0.25,0,0,1,2
0.396,0.172,0.25,0,0,1,2
0.396,0.175,0.25,0,0,1,2
0.396,0.178,0.25,0,0,1,2
0.396,0.181,0.25,0,0,1,2
0.396,0.184,0.25,0,0,1,2
0.396,0.187,0.25,0,0,1,2
0.396,0.19,0.25,0,0,1,2
0.396,0.193,0.25,0,0,1,2
0.396,0.196,0.25,0,0,1,2
0.396,0.199,0.25,0,0,1,2
0.396,0.202,0.25,0,0,1,2
0.396,0.205,0.25,0,0,1,2
0.396,0.208,0.25,0,0,1,2
0.396,0.211,0.25,0,0,1,2
0.396,0.214,0.25,0,0,1,2
0.396,0.217,0.25,0,0,1,2
0.396,0.22,0.25,0,0,1,2
0.396,0.223,0.25,0,0,1,2
0.396,0.226,0.25,0,0,1,2
0.396,0.229,0.25,0,0,1,2
0.396,0.232,0.25,0,0,1,2
0.396,0.235,0.25,0,0,1,2
0.396,0.238,0.25,0,0,1,2
0.396,0.241,0.25,0,0,1,2
0.396,0.244,0.25,0,0,1,2
0.396,0.247,0.25,0,0,1,2
0.396,0.25,0.25,0,0,1,2
0.396,0.253,0.25,0,0,1,2
0.396,0.256,0.25,0,0,1,2
0.396,0.259,0.25,0,0,1,2
0.399,0.1,0.25,0,0,1,2
0.399,0.103,0.25,0,0,1,2
0.399,0.106,0.25,0,0,1,2
0.399,0.109,0.25,0,0,1,2
0.399,0.112,0.25,0,0,1,2
0.399,0.115,0.25,0,0,1,2
0.399,0.118,0.25,0,0,1,2
0.399,0.121,0.25,0,0,1,2
0.399,0.124,0.25,0,0,1,2
0.399,0.127,0.25,0,0,1,2
0.399,0.13,0.25,0,0,1,2
0.399,0.133,0.25,0,0,1,2
0.399,0.136,0.25,0,0,1,2
0.399,0.139,0.25,0,0,1,2
0.399,0.142,0.25,0,0,1,2
0.399,0.145,0.25,0,0,1,2
0.399,0.148,0.25,0,0,1,2
0.399,0.151,0.25,0,0,1,2
0.399,0.154,0.25,0,0,1,2
0.399,0.157,0.25,0,0,1,2
0.399,0.16,0.25,0,0,1,2
0.399,0.163,0.25,0,0,1,2
0.399,0.166,0.25,0,0,1,2
0.399,0.169,0.25,0,0,1,2
0.399,0.172,0.25,0,0,1,2
0.399,0.175,0.25,0,0,1,2
0.399,0.178,0.25,0,0,1,2
0.399,0.181,0.25,0,0,1,2
0.399,0.184,0.25,0,0,1,2
0.399,0.187,0.25,0,0,1,2
0.399,0.19,0.25,0,0,1,2
0.399,0.193,0.25,0,0,1,2
0.399,0.196,0.25,0,0,1,2
0.399,0.199,0.25,0,0,1,2
0.399,0.202,0.25,0,0,1,2
0.399,0.205,0.25,0,0,1,2
0.399,0.208,0.25,0,0,1,2
0.399,0.211,0.25,0,0,1,2
0.399,0.214,0.25,0,0,1,2
0.399,0.217,0.25,0,0,1,2
0.399,0.22,0.25,0,0,1,2
0.399,0.223,0.25,0,0,1,2
0.399,0.226,0.25,0,0,1,2
0.399,0.229,0.25,0,0,1,2
0.399,0.232,0.25,0,0,1,2
0.399,0.235,0.25,0,0,1,2
0.399,0.238,0.25,0,0,1,2
0.399,0.241,0.25,0,0,1,2
0.399,0.244,0.25,0,0,1,2
0.399,0.247,0.25,0,0,1,2
0.399,0.25,0.25,0,0,1,2
0.399,0.253,0.25,0,0,1,2
0.399,0.256,0.25,0,0,1,2
0.399,0.259,0.25,0,0,1,2
0.402,0.1,0.25,0,0,1,2
0.402,0.103,0.25,0,0,1,2
0.402,0.106,0.25,0,0,1,2
0.402,0.109,0.25,0,0,1,2
0.402,0.112,0.25,0,0,1,2
0.402,0.115,0.25,0,0,1,2
0.402,0.118,0.25,0,0,1,2
0.402,0.121,0.25,0,0,1,2
0.402,0.124,0.25,0,0,1,2
0.402,0.127,0.25,0,0,1,2
0.402,0.13,0.25,0,0,1,2
0.402,0.133,0.25,0,0,1,2
0.402,0.136,0.25,0,0,1,2
0.402,0.139,0.25,0,0,1,2
0.402,0.142,0.25,0,0,1,2
0.402,0.145,0.25,0,0,1,2
0.402,0.148,0.25,0,0,1,2
0.402,0.151,0.25,0,0,1,2
0.402,0.154,0.25,0,0,1,2
0.402,0.157,0.25,0,0,1,2
0.402,0.16,0.25,0,0,1,2
0.402,0.163,0.25,0,0,1,2
0.402,0.166,0.25,0,0,1,2
0.402,0.169,0.25,0,0,1,2
0.402,0.172,0.25,0,0,1,2
0.402,0.175,0.25,0,0,1,2
0.402,0.178,0.25,0,0,1,2
0.402,0.181,0.25,0,0,1,2
0.402,0.184,0.25,0,0,1,2
0.402,0.187,0.25,0,0,1,2
0.402,0.19,0.25,0,0,1,2
0.402,0.193,0.25,0,0,1,2
0.402,0.196,0.25,0,0,1,2
0.402,0.199,0.25,0,0,1,2
0.402,0.202,0.25,0,0,1,2
0.402,0.205,0.25,0,0,1,2
0.402,0.208,0.25,0,0,1,2
0.402,0.211,0.25,0,0,1,2
0.402,0.214,0.25,0,0,1,2
0.402,0.217,0.25,0,0,1,2
0.402,0.22,0.25,0,0,1,2
0.402,0.223,0.25,0,0,1,2
0.402,0.226,0.25,0,0,1,2
0.402,0.229,0.25,0,0,1,2
0.402,0.232,0.25,0,0,1,2
0.402,0.235,0.25,0,0,1,2
0.402,0.238,0.25,0,0,1,2
0.402,0.241,0.25,0,0,1,2
0.402,0.244,0.25,0,0,1,2
0.402,0.247,0.25,0,0,1,2
0.402,0.25,0.25,0,0,1,2
0.402,0.253,0.25,0,0,1,2
0.402,0.256,0.25,0,0,1,2
0.402,0.259,0.25,0,0,1,2
0.405,0.1,0.25,0,0,1,2
0.405,0.103,0.25,0,0,1,2
0.405,0.106,0.25,0,0,1,2
0.405,0.109,0.25,0,0,1,2
0.405,0.112,0.25,0,0,1,2
0.405,0.115,0.25,0,0,1,2
0.405,0.118,0.25,0,0,1,2
0.405,0.121,0.25,0,0,1,2
0.405,0.124,0.25,0,0,1,2
0.405,0.127,0.25,0,0,1,2
0.405,0.13,0.25,0,0,1,2
0.405,0.133,0.25,0,0,1,2
0.405,0.136,0.25,0,0,1,2
0.405,0.139,0.25,0,0,1,2
0.405,0.142,0.25,0,0,1,2
0.405,0.145,0.25,0,0,1,2
0.405,0.148,0.25,0,0,1,2
0.405,0.151,0.25,0,0,1,2
0.405,0.154,0.25,0,0,1,2
0.405,0.157,0.25,0,0,1,2
0.405,0.16,0.25,0,0,1,2
0.405,0.163,0.25,0,0,1,2
0.405,0.166,0.25,0,0,1,2
0.405,0.169,0.25,0,0,1,2
0.405,0.172,0.25,0,0,1,2
0.405,0.175,0.25,0,0,1,2
0.405,0.178,0.25,0,0,1,2
0.405,0.181,0.25,0,0,1,2
0.405,0.184,0.25,0,0,1,2
0.405,0.187,0.25,0,0,1,2
0.405,0.19,0.25,0,0,1,2
0.405,0.193,0.25,0,0,1,2
0.405,0.196,0.25,0,0,1,2
0.405,0.199,0.25,0,0,1,2
0.405,0.202,0.25,0,0,1,2
0.405,0.205,0.25,0,0,1,2
0.405,0.208,0.25,0,0,1,2
0.405,0.211,0.25,0,0,1,2
0.405,0.214,0.25,0,0,1,2
0.405,0.217,0.25,0,0,1,2
0.405,0.22,0.25,0,0,1,2
0.405,0.223,0.25,0,0,1,2
0.405,0.226,0.25,0,0,1,2
0.405,0.229,0.25,0,0,1,2
0.405,0.232,0.25,0,0,1,2
0.405,0.235,0.25,0,0,1,2
0.405,0.238,0.25,0,0,1,2
0.405,0.241,0.25,0,0,1,2
0.405,0.244,0.25,0,0,1,2
0.405,0.247,0.25,0,0,1,2
0.405,0.25,0.25,0,0,1,2
0.405,0.253,0.25,0,0,1,2
0.405,0.256,0.25,0,0,1,2
0.405,0.259,0.25,0,0,1,2
0.408,0.1,0.25,0,0,1,2
0.408,0.103,0.25,0,0,1,2
0.408,0.106,0.25,0,0,1,2
0.408,0.109,0.25,0,0,1,2
0.408,0.112,0.25,0,0,1,2
0.408,0.115,0.25,0,0,1,2
0.408,0.118,0.25,0,0,1,2
0.408,0.121,0.25,0,0,1,2
0.408,0.124,0.25,0,0,1,2
0.408,0.127,0.25,0,0,1,2
0.408,0.13,0.25,0,0,1,2
0.408,0.133,0.25,0,0,1,2
0.408,0.136,0.25,0,0,1,2
0.408,0.139,0.25,0,0,1,2
0.408,0.142,0.25,0,0,1,2
0.408,0.145,0.25,0,0,1,2
0.408,0.148,0.25,0,0,1,2
0.408,0.151,0.25,0,0,1,2
0.408,0.154,0.25,0,0,1,2
0.408,0.157,0.25,0,0,1,2
0.408,0.16,0.25,0,0,1,2
0.408,0.163,0.25,0,0,1,2
0.408,0.166,0.25,0,0,1,2
0.408,0.169,0.25,0,0,1,2
0.408,0.172,0.25,0,0,1,2
0.408,0.175,0.25,0,0,1,2
0.408,0.178,0.25,0,0,1,2
0.408,0.181,0.25,0,0,1,2
0.408,0.184,0.25,0,0,1,2
0.408,0.187,0.25,0,0,1,2
0.408,0.19,0.25,0,0,1,2
0.408,0.193,0.25,0,0,1,2
0.408,0.196,0.25,0,0,1,2
0.408,0.199,0.25,0,0,1,2
0.408,0.202,0.25,0,0,1,2
0.408,0.205,0.25,0,0,1,2
0.408,0.208,0.25,0,0,1,2
0.408,0.211,0.25,0,0,1,2
0.408,0.214,0.25,0,0,1,2
0.408,0.217,0.25,0,0,1,2
0.408,0.22,0.25,0,0,1,2
0.408,0.223,0.25,0,0,1,2
0.408,0.226,0.25,0,0,1,2
0.408,0.229,0.25,0,0,1,2
0.408,0.232,0.25,0,0,1,2
0.408,0.235,0.25,0,0,1,2
0.408,0.238,0.25,0,0,1,2
0.408,0.241,0.25,0,0,1,2
0.408,0.244,0.25,0,0,1,2
0.408,0.247,0.25,0,0,1,2
0.408,0.25,0.25,0,0,1,2
0.408,0.253,0.25,0,0,1,2
0.408,0.256,0.25,0,0,1,2
0.408,0.259,0.25,0,0,1,2
0.411,0.1,0.25,0,0,1,2
0.411,0.103,0.25,0,0,1,2
0.411,0.106,0.25,0,0,1,2
0.411,0.109,0.25,0,0,1,2
0.411,0.112,0.25,0,0,1,2
0.411,0.115,0.25,0,0,1,2
0.411,0.118,0.25,0,0,1,2
0.411,0.121,0.25,0,0,1,2
0.411,0.124,0.25,0,0,1,2
0.411,0.127,0.25,0,0,1,2
0.411,0.13,0.25,0,0,1,2
0.411,0.133,0.25,0,0,1,2
0.411,0.136,0.25,0,0,1,2
0.411,0.139,0.25,0,0,1,2
0.411,0.142,0.25,0,0,1,2
0.411,0.145,0.25,0,0,1,2
0.411,0.148,0.25,0,0,1,2
0.411,0.151,0.25,0,0,1,2
0.411,0.154,0.25,0,0,1,2
0.411,0.157,0.25,0,0,1,2
0.411,0.16,0.25,0,0,1,2
0.411,0.163,0.25,0,0,1,2
0.411,0.166,0.25,0,0,1,2
0.411,0.169,0.25,0,0,1,2
0.411,0.172,0.25,0,0,1,2
0.411,0.175,0.25,0,0,1,2
0.411,0.178,0.25,0,0,1,2
0.411,0.181,0.25,0,0,1,2
0.411,0.184,0.25,0,0,1,2
0.411,0.187,0.25,0,0,1,2
0.411,0.19,0.25,0,0,1,2
0.411,0.193,0.25,0,0,1,2
0.411,0.196,0.25,0,0,1,2
0.411,0.199,0.25,0,0,1,2
0.411,0.202,0.25,0,0,1,2
0.411,0.205,0.25,0,0,1,2
0.411,0.208,0.25,0,0,1,2
0.411,0.211,0.25,0,0,1,2
0.411,0.214,0.25,0,0,1,2
0.411,0.217,0.25,0,0,1,2
0.411,0.22,0.25,0,0,1,2
0.411,0.223,0.25,0,0,1,2
0.411,0.226,0.25,0,0,1,2
0.411,0.229,0.25,0,0,1,2
0.411,0.232,0.25,0,0,1,2
0.411,0.235,0.25,0,0,1,2
0.411,0.238,0.25,0,0,1,2
0.411,0.241,0.25,0,0,1,2
0.411,0.244,0.25,0,0,1,2
0.411,0.247,0.25,0,0,1,2
0.411,0.25,0.25,0,0,1,2
0.411,0.253,0.25,0,0,1,2
0.411,0.256,0.25,0,0,1,2
0.411,0.259,0.25,0,0,1,2
0.414,0.1,0.25,0,0,1,2
0.414,0.103,0.25,0,0,1,2
0.414,0.106,0.25,0,0,1,2
0.414,0.109,0.25,0,0,1,2
0.414,0.112,0.25,0,0,1,2
0.414,0.115,0.25,0,0,1,2
0.414,0.118,0.25,0,0,1,2
0.414,0.121,0.25,0,0,1,2
0.414,0.124,0.25,0,0,1,2
0.414,0.127,0.25,0,0,1,2
0.414,0.13,0.25,0,0,1,2
0.414,0.133,0.25,0,0,1,2
0.414,0.136,0.25,0,0,1,2
0.414,0.139,0.25,0,0,1,2
0.414,0.142,0.25,0,0,1,2
0.414,0.145,0.25,0,0,1,2
0.414,0.148,0.25,0,0,1,2
0.414,0.151,0.25,0,0,1,2
0.414,0.154,0.25,0,0,1,2
0.414,0.157,0.25,0,0,1,2
0.414,0.16,0.25,0,0,1,2
0.414,0.163,0.25,0,0,1,2
0.414,0.166,0.25,0,0,1,2
0.414,0.169,0.25,0,0,1,2
0.414,0.172,0.25,0,0,1,2
0.414,0.175,0.25,0,0,1,2
0.414,0.178,0.25,0,0,1,2
0.414,0.181,0.25,0,0,1,2
0.414,0.184,0.25,0,0,1,2
0.414,0.187,0.25,0,0,1,2
0.414,0.19,0.25,0,0,1,2
0.414,0.193,0.25,0,0,1,2
0.414,0.196,0.25,0,0,1,2
0.414,0.199,0.25,0,0,1,2
0.414,0.202,0.25,0,0,1,2
0.414,0.205,0.25,0,0,1,2
0.414,0.208,0.25,0,0,1,2
0.414,0.211,0.25,0,0,1,2
0.414,0.214,0.25,0,0,1,2
0.414,0.217,0.25,0,0,1,2
0.414,0.22,0.25,0,0,1,2
0.414,0.223,0.25,0,0,1,2
0.414,0.226,0.25,0,0,1,2
0.414,0.229,0.25,0,0,1,2
0.414,0.232,0.25,0,0,1,2
0.414,0.235,0.25,0,0,1,2
0.414,0.238,0.25,0,0,1,2
0.414,0.241,0.25,0,0,1,2
0.414,0.244,0.25,0,0,1,2
0.414,0.247,0.25,0,0,1,2
0.414,0.25,0.25,0,0,1,2
0.414,0.253,0.25,0,0,1,2
0.414,0.256,0.25,0,0,1,2
0.414,0.259,0.25,0,0,1,2
0.417,0.1,0.25,0,0,1,2
0.417,0.103,0.25,0,0,1,2
0.417,0.106,0.25,0,0,1,2
0.417,0.109,0.25,0,0,1,2
0.417,0.112,0.25,0,0,1,2
0.417,0.115,0.25,0,0,1,2
0.417,0.118,0.25,0,0,1,2
0.417,0.121,0.25,0,0,1,2
0.417,0.124,0.25,0,0,1,2
0.417,0.127,0.25,0,0,1,2
0.417,0.13,0.25,0,0,1,2
0.417,0.133,0.25,0,0,1,2
0.417,0.136,0.25,0,0,1,2
0.417,0.139,0.25,0,0,1,2
0.417,0.142,0.25,0,0,1,2
0.417,0.145,0.25,0,0,1,2
0.417,0.148,0.25,0,0,1,2
0.417,0.151,0.25,0,0,1,2
0.417,0.154,0.25,0,0,1,2
0.417,0.157,0.25,0,0,1,2
0.417,0.16,0.25,0,0,1,2
0.417,0.163,0.25,0,0,1,2
0.417,0.166,0.25,0,0,1,2
0.417,0.169,0.25,0,0,1,2
0.417,0.172,0.25,0,0,1,2
0.417,0.175,0.25,0,0,1,2
0.417,0.178,0.25,0,0,1,2
0.417,0.181,0.25,0,0,1,2
0.417,0.184,0.25,0,0,1,2
0.417,0.187,0.25,0,0,1,2
0.417,0.19,0.25,0,0,1,2
0.417,0.193,0.25,0,0,1,2
0.417,0.196,0.25,0,0,1,2
0.417,0.199,0.25,0,0,1,2
0.417,0.202,0.25,0,0,1,2
0.417,0.205,0.25,0,0,1,2
0.417,0.208,0.25,0,0,1,2
0.417,0.211,0.25,0,0,1,2
0.417,0.214,0.25,0,0,1,2
0.417,0.217,0.25,0,0,1,2
0.417,0.22,0.25,0,0,1,2
0.417,0.223,0.25,0,0,1,2
0.417,0.226,0.25,0,0,1,2
0.417,0.229,0.25,0,0,1,2
0.417,0.232,0.25,0,0,1,2
0.417,0.235,0.25,0,0,1,2
0.417,0.238,0.25,0,0,1,2
0.417,0.241,0.25,0,0,1,2
0.417,0.244,0.25,0,0,1,2
0.417,0.247,0.25,0,0,1,2
0.417,0.25,0.25,0,0,1,2
0.417,0.253,0.25,0,0,1,2
0.417,0.256,0.25,0,0,1,2
0.417,0.259,0.25,0,0,1,2
0.42,0.1,0.25,0,0,1,2
0.42,0.103,0.25,0,0,1,2
0.42,0.106,0.25,0,0,1,2
0.42,0.109,0.25,0,0,1,2
0.42,0.112,0.25,0,0,1,2
0.42,0.115,0.25,0,0,1,2
0.42,0.118,0.25,0,0,1,2
0.42,0.121,0.25,0,0,1,2
0.42,0.124,0.25,0,0,1,2
0.42,0.127,0.25,0,0,1,2
0.42,0.13,0.25,0,0,1,2
0.42,0.133,0.25,0,0,1,2
0.42,0.136,0.25,0,0,1,2
0.42,0.139,0.25,0,0,1,2
0.42,0.142,0.25,0,0,1,2
0.42,0.145,0.25,0,0,1,2
0.42,0.148,0.25,0,0,1,2
0.42,0.151,0.25,0,0,1,2
0.42,0.154,0.25,0,0,1,2
0.42,0.157,0.25,0,0,1,2
0.42,0.16,0.25,0,0,1,2
0.42,0.163,0.25,0,0,1,2
0.42,0.166,0.25,0,0,1,2
0.42,0.169,0.25,0,0,1,2
0.42,0.172,0.25,0,0,1,2
0.42,0.175,0.25,0,0,1,2
0.42,0.178,0.25,0,0,1,2
0.42,0.181,0.25,0,0,1,2
0.42,0.184,0.25,0,0,1,2
0.42,0.187,0.25,0,0,1,2
0.42,0.19,0.25,0,0,1,2
0.42,0.193,0.25,0,0,1,2
0.42,0.196,0.25,0,0,1,2
0.42,0.199,0.25,0,0,1,2
0.42,0.202,0.25,0,0,1,2
0.42,0.205,0.25,0,0,1,2
0.42,0.208,0.25,0,0,1,2
0.42,0.211,0.25,0,0,1,2
0.42,0.214,0.25,0,0,1,2
0.42,0.217,0.25,0,0,1,2
0.42,0.22,0.25,0,0,1,2
0.42,0.223,0.25,0,0,1,2
0.42,0.226,0.25,0,0,1,2
0.42,0.229,0.25,0,0,1,2
0.42,0.232,0.25,0,0,1,2
0.42,0.235,0.25,0,0,1,2
0.42,0.238,0.25,0,0,1,2
0.42,0.241,0.25,0,0,1,2
0.42,0.244,0.25,0,0,1,2
0.42,0.247,0.25,0,0,1,2
0.42,0.25,0.25,0,0,1,2
0.42,0.253,0.25,0,0,1,2
0.42,0.256,0.25,0,0,1,2
0.42,0.259,0.25,0,0,1,2
0.423,0.1,0.25,0,0,1,2
0.423,0.103,0.25,0,0,1,2
0.423,0.106,0.25,0,0,1,2
0.423,0.109,0.25,0,0,1,2
0.423,0.112,0.25,0,0,1,2
0.423,0.115,0.25,0,0,1,2
0.423,0.118,0.25,0,0,1,2
0.423,0.121,0.25,0,0,1,2
0.423,0.124,0.25,0,0,1,2
0.423,0.127,0.25,0,0,1,2
0.423,0.13,0.25,0,0,1,2
0.423,0.133,0.25,0,0,1,2
0.423,0.136,0.25,0,0,1,2
0.423,0.139,0.25,0,0,1,2
0.423,0.142,0.25,0,0,1,2
0.423,0.145,0.25,0,0,1,2
0.423,0.148,0.25,0,0,1,2
0.423,0.151,0.25,0,0,1,2
0.423,0.154,0.25,0,0,1,2
0.423,0.157,0.25,0,0,1,2
0.423,0.16,0.25,0,0,1,2
0.423,0.163,0.25,0,0,1,2
0.423,0.166,0.25,0,0,1,2
0.423,0.169,0.25,0,0,1,2
0.423,0.172,0.25,0,0,1,2
0.423,0.175,0.25,0,0,1,2
0.423,0.178,0.25,0,0,1,2
0.423,0.181,0.25,0,0,1,2
0.423,0.184,0.25,0,0,1,2
0.423,0.187,0.25,0,0,1,2
0.423,0.19,0.25,0,0,1,2
0.423,0.193,0.25,0,0,1,2
0.423,0.196,0.25,0,0,1,2
0.423,0.199,0.25,0,0,1,2
0.423,0.202,0.25,0,0,1,2
0.423,0.205,0.25,0,0,1,2
0.423,0.208,0.25,0,0,1,2
0.423,0.211,0.25,0,0,1,2
0.423,0.214,0.25,0,0,1,2
0.423,0.217,0.25,0,0,1,2
0.423,0.22,0.25,0,0,1,2
0.423,0.223,0.25,0,0,1,2
0.423,0.226,0.25,0,0,1,2
0.423,0.229,0.25,0,0,1,2
0.423,0.232,0.25,0,0,1,2
0.423,0.235,0.25,0,0,1,2
0.423,0.238,0.25,0,0,1,2
0.423,0.241,0.25,0,0,1,2
0.423,0.244,0.25,0,0,1,2
0.423,0.247,0.25,0,0,1,2
0.423,0.25,0.25,0,0,1,2
0.423,0.253,0.25,0,0,1,2
0.423,0.256,0.25,0,0,1,2
0.423,0.259,0.25,0,0,1,2
0.426,0.1,0.25,0,0,1,2
0.426,0.103,0.25,0,0,1,2
0.426,0.106,0.25,0,0,1,2
0.426,0.109,0.25,0,0,1,2
0.426,0.112,0.25,0,0,1,2
0.426,0.115,0.25,0,0,1,2
0.426,0.118,0.25,0,0,1,2
0.426,0.121,0.25,0,0,1,2
0.426,0.124,0.25,0,0,1,2
0.426,0.127,0.25,0,0,1,2
0.426,0.13,0.25,0,0,1,2
0.426,0.133,0.25,0,0,1,2
0.426,0.136,0.25,0,0,1,2
0.426,0.139,0.25,0,0,1,2
0.426,0.142,0.25,0,0,1,2
0.426,0.145,0.25,0,0,1,2
0.426,0.148,0.25,0,0,1,2
0.426,0.151,0.25,0,0,1,2
0.426,0.154,0.25,0,0,1,2
0.426,0.157,0.25,0,0,1,2
0.426,0.16,0.25,0,0,1,2
0.426,0.163,0.25,0,0,1,2
0.426,0.166,0.25,0,0,1,2
0.426,0.169,0.25,0,0,1,2
0.426,0.172,0.25,0,0,1,2
0.426,0.175,0.25,0,0,1,2
0.426,0.178,0.25,0,0,1,2
0.426,0.181,0.25,0,0,1,2
0.426,0.184,0.25,0,0,1,2
0.426,0.187,0.25,0,0,1,2
0.426,0.19,0.25,0,0,1,2
0.426,0.193,0.25,0,0,1,2
0.426,0.196,0.25,0,0,1,2
0.426,0.199,0.25,0,0,1,2
0.426,0.202,0.25,0,0,1,2
0.426,0.205,0.25,0,0,1,2
0.426,0.208,0.25,0,0,1,2
0.426,0.211,0.25,0,0,1,2
0.426,0.214,0.25,0,0,1,2
0.426,0.217,0.25,0,0,1,2
0.426,0.22,0.25,0,0,1,2
0.426,0.223,0.25,0,0,1,2
0.426,0.226,0.25,0,0,1,2
0.426,0.229,0.25,0,0,1,2
0.426,0.232,0.25,0,0,1,2
0.426,0.235,0.25,0,0,1,2
0.426,0.238,0.25,0,0,1,2
0.426,0.241,0.25,0,0,1,2
0.426,0.244,0.25,0,0,1,2
0.426,0.247,0.25,0,0,1,2
0.426,0.25,0.25,0,0,1,2
0.426,0.253,0.25,0,0,1,2
0.426,0.256,0.25,0,0,1,2
0.426,0.259,0.25,0,0,1,2
0.429,0.1,0.25,0,0,1,2
0.429,0.103,0.25,0,0,1,2
0.429,0.106,0.25,0,0,1,2
0.429,0.109,0.25,0,0,1,2
0.429,0.112,0.25,0,0,1,2
0.429,0.115,0.25,0,0,1,2
0.429,0.118,0.25,0,0,1,2
0.429,0.121,0.25,0,0,1,2
0.429,0.124,0.25,0,0,1,2
0.429,0.127,0.25,0,0,1,2
0.429,0.13,0.25,0,0,1,2
0.429,0.133,0.25,0,0,1,2
0.429,0.136,0.25,0,0,1,2
0.429,0.139,0.25,0,0,1,2
0.429,0.142,0.25,0,0,1,2
0.429,0.145,0.25,0,0,1,2
0.429,0.148,0.25,0,0,1,2
0.429,0.151,0.25,0,0,1,2
0.429,0.154,0.25,0,0,1,2
0.429,0.157,0.25,0,0,1,2
0.429,0.16,0.25,0,0,1,2
0.429,0.163,0.25,0,0,1,2
0.429,0.166,0.25,0,0,1,2
0.429,0.169,0.25,0,0,1,2
0.429,0.172,0.25,0,0,1,2
0.429,0.175,0.25,0,0,1,2
0.429,0.178,0.25,0,0,1,2
0.429,0.181,0.25,0,0,1,2
0.429,0.184,0.25,0,0,1,2
0.429,0.187,0.25,0,0,1,2
0.429,0.19,0.25,0,0,1,2
0.429,0.193,0.25,0,0,1,2
0.429,0.196,0.25,0,0,1,2
0.429,0.199,0.25,0,0,1,2
0.429,0.202,0.25,0,0,1,2
0.429,0.205,0.25,0,0,1,2
0.429,0.208,0.25,0,0,1,2
0.429,0.211,0.25,0,0,1,2
0.429,0.214,0.25,0,0,1,2
0.429,0.217,0.25,0,0,1,2
0.429,0.22,0.25,0,0,1,2
0.429,0.223,0.25,0,0,1,2
0.429,0.226,0.25,0,0,1,2
0.429,0.229,0.25,0,0,1,2
0.429,0.232,0.25,0,0,1,2
0.429,0.235,0.25,0,0,1,2
0.429,0.238,0.25,0,0,1,2
0.429,0.241,0.25,0,0,1,2
0.429,0.244,0.25,0,0,1,2
0.429,0.247,0.25,0,0,1,2
0.429,0.25,0.25,0,0,1,2
0.429,0.253,0.25,0,0,1,2
0.429,0.256,0.25,0,0,1,2
0.429,0.259,0.25,0,0,1,2
0.432,0.1,0.25,0,0,1,2
0.432,0.103,0.25,0,0,1,2
0.432,0.106,0.25,0,0,1,2
0.432,0.109,0.25,0,0,1,2
0.432,0.112,0.25,0,0,1,2
0.432,0.115,0.25,0,0,1,2
0.432,0.118,0.25,0,0,1,2
0.432,0.121,0.25,0,0,1,2
0.432,0.124,0.25,0,0,1,2
0.432,0.127,0.25,0,0,1,2
0.432,0.13,0.25,0,0,1,2
0.432,0.133,0.25,0,0,1,2
0.432,0.136,0.25,0,0,1,2
0.432,0.139,0.25,0,0,1,2
0.432,0.142,0.25,0,0,1,2
0.432,0.145,0.25,0,0,1,2
0.432,0.148,0.25,0,0,1,2
0.432,0.151,0.25,0,0,1,2
0.432,0.154,0.25,0,0,1,2
0.432,0.157,0.25,0,0,1,2
0.432,0.16,0.25,0,0,1,2
0.432,0.163,0.25,0,0,1,2
0.432,0.166,0.25,0,0,1,2
0.432,0.169,0.25,0,0,1,2
0.432,0.172,0.25,0,0,1,2
0.432,0.175,0.25,0,0,1,2
0.432,0.178,0.25,0,0,1,2
0.432,0.181,0.25,0,0,1,2
0.432,0.184,0.25,0,0,1,2
0.432,0.187,0.25,0,0,1,2
0.432,0.19,0.25,0,0,1,2
0.432,0.193,0.25,0,0,1,2
0.432,0.196,0.25,0,0,1,2
0.432,0.199,0.25,0,0,1,2
0.432,0.202,0.25,0,0,1,2
0.432,0.205,0.25,0,0,1,2
0.432,0.208,0.25,0,0,1,2
0.432,0.211,0.25,0,0,1,2
0.432,0.214,0.25,0,0,1,2
0.432,0.217,0.25,0,0,1,2
0.432,0.22,0.25,0,0,1,2
0.432,0.223,0.25,0,0,1,2
0.432,0.226,0.25,0,0,1,2
0.432,0.229,0.25,0,0,1,2
0.432,0.232,0.25,0,0,1,2
0.432,0.235,0.25,0,0,1,2
0.432,0.238,0.25,0,0,1,2
0.432,0.241,0.25,0,0,1,2
0.432,0.244,0.25,0,0,1,2
0.432,0.247,0.25,0,0,1,2
0.432,0.25,0.25,0,0,1,2
0.432,0.253,0.25,0,0,1,2
0.432,0.256,0.25,0,0,1,2
0.432,0.259,0.25,0,0,1,2
0.435,0.1,0.25,0,0,1,2
0.435,0.103,0.25,0,0,1,2
0.435,0.106,0.25,0,0,1,2
0.435,0.109,0.25,0,0,1,2
0.435,0.112,0.25,0,0,1,2
0.435,0.115,0.25,0,0,1,2
0.435,0.118,0.25,0,0,1,2
0.435,0.121,0.25,0,0,1,2
0.435,0.124,0.25,0,0,1,2
0.435,0.127,0.25,0,0,1,2
0.435,0.13,0.25,0,0,1,2
0.435,0.133,0.25,0,0,1,2
0.435,0.136,0.25,0,0,1,2
0.435,0.139,0.25,0,0,1,2
0.435,0.142,0.25,0,0,1,2
0.435,0.145,0.25,0,0,1,2
0.435,0.148,0.25,0,0,1,2
0.435,0.151,0.25,0,0,1,2
0.435,0.154,0.25,0,0,1,2
0.435,0.157,0.25,0,0,1,2
0.435,0.16,0.25,0,0,1,2
0.435,0.163,0.25,0,0,1,2
0.435,0.166,0.25,0,0,1,2
0.435,0.169,0.25,0,0,1,2
0.435,0.172,0.25,0,0,1,2
0.435,0.175,0.25,0,0,1,2
0.435,0.178,0.25,0,0,1,2
0.435,0.181,0.25,0,0,1,2
0.435,0.184,0.25,0,0,1,2
0.435,0.187,0.25,0,0,1,2
0.435,0.19,0.25,0,0,1,2
0.435,0.193,0.25,0,0,1,2
0.435,0.196,0.25,0,0,1,2
0.435,0.199,0.25,0,0,1,2
0.435,0.202,0.25,0,0,1,2
0.435,0.205,0.25,0,0,1,2
0.435,0.208,0.25,0,0,1,2
0.435,0.211,0.25,0,0,1,2
0.435,0.214,0.25,0,0,1,2
0.435,0.217,0.25,0,0,1,2
0.435,0.22,0.25,0,0,1,2
0.435,0.223,0.25,0,0,1,2
0.435,0.226,0.25,0,0,1,2
0.435,0.229,0.25,0,0,1,2
0.435,0.232,0.25,0,0,1,2
0.435,0.235,0.25,0,0,1,2
0.435,0.238,0.25,0,0,1,2
0.435,0.241,0.25,0,0,1,2
0.435,0.244,0.25,0,0,1,2
0.435,0.247,0.25,0,0,1,2
0.435,0.25,0.25,0,0,1,2
0.435,0.253,0.25,0,0,1,2
0.435,0.256,0.25,0,0,1,2
0.435,0.259,0.25,0,0,1,2
0.438,0.1,0.25,0,0,1,2
0.438,0.103,0.25,0,0,1,2
0.438,0.106,0.25,0,0,1,2
0.438,0.109,0.25,0,0,1,2
0.438,0.112,0.25,0,0,1,2
0.438,0.115,0.25,0,0,1,2
0.438,0.118,0.25,0,0,1,2
0.438,0.121,0.25,0,0,1,2
0.438,0.124,0.25,0,0,1,2
0.438,0.127,0.25,0,0,1,2
0.438,0.13,0.25,0,0,1,2
0.438,0.133,0.25,0,0,1,2
0.438,0.136,0.25,0,0,1,2
0.438,0.139,0.25,0,0,1,2
0.438,0.142,0.25,0,0,1,2
0.438,0.145,0.25,0,0,1,2
0.438,0.148,0.25,0,0,1,2
0.438,0.151,0.25,0,0,1,2
0.438,0.154,0.25,0,0,1,2
0.438,0.157,0.25,0,0,1,2
0.438,0.16,0.25,0,0,1,2
0.438,0.163,0.25,0,0,1,2
0.438,0.166,0.25,0,0,1,2
0.438,0.169,0.25,0,0,1,2
0.438,0.172,0.25,0,0,1,2
0.438,0.175,0.25,0,0,1,2
0.438,0.178,0.25,0,0,1,2
0.438,0.181,0.25,0,0,1,2
0.438,0.184,0.25,0,0,1,2
0.438,0.187,0.25,0,0,1,2
0.438,0.19,0.25,0,0,1,2
0.438,0.193,0.25,0,0,1,2
0.438,0.196,0.25,0,0,1,2
0.438,0.199,0.25,0,0,1,2
0.438,0.202,0.25,0,0,1,2
0.438,0.205,0.25,0,0,1,2
0.438,0.208,0.25,0,0,1,2
0.438,0.211,0.25,0,0,1,2
0.438,0.214,0.25,0,0,1,2
0.438,0.217,0.25,0,0,1,2
0.438,0.22,0.25,0,0,1,2
0.438,0.223,0.25,0,0,1,2
0.438,0.226,0.25,0,0,1,2
0.438,0.229,0.25,0,0,1,2
0.438,0.232,0.25,0,0,1,2
0.438,0.235,0.25,0,0,1,2
0.438,0.238,0.25,0,0,1,2
0.438,0.241,0.25,0,0,1,2
0.438,0.244,0.25,0,0,1,2
0.438,0.247,0.25,0,0,1,2
0.438,0.25,0.25,0,0,1,2
0.438,0.253,0.25,0,0,1,2
0.438,0.256,0.25,0,0,1,2
0.438,0.259,0.25,0,0,1,2
0.441,0.1,0.25,0,0,1,2
0.441,0.103,0.25,0,0,1,2
0.441,0.106,0.25,0,0,1,2
0.441,0.109,0.25,0,0,1,2
0.441,0.112,0.25,0,0,1,2
0.441,0.115,0.25,0,0,1,2
0.441,0.118,0.25,0,0,1,2
0.441,0.121,0.25,0,0,1,2
0.441,0.124,0.25,0,0,1,2
0.441,0.127,0.25,0,0,1,2
0.441,0.13,0.25,0,0,1,2
0.441,0.133,0.25,0,0,1,2
0.441,0.136,0.25,0,0,1,2
0.441,0.139,0.25,0,0,1,2
0.441,0.142,0.25,0,0,1,2
0.441,0.145,0.25,0,0,1,2
0.441,0.148,0.25,0,0,1,2
0.441,0.151,0.25,0,0,1,2
0.441,0.154,0.25,0,0,1,2
0.441,0.157,0.25,0,0,1,2
0.441,0.16,0.25,0,0,1,2
0.441,0.163,0.25,0,0,1,2
0.441,0.166,0.25,0,0,1,2
0.441,0.169,0.25,0,0,1,2
0.441,0.172,0.25,0,0,1,2
0.441,0.175,0.25,0,0,1,2
0.441,0.178,0.25,0,0,1,2
0.441,0.181,0.25,0,0,1,2
0.441,0.184,0.25,0,0,1,2
0.441,0.187,0.25,0,0,1,2
0.441,0.19,0.25,0,0,1,2
0.441,0.193,0.25,0,0,1,2
0.441,0.196,0.25,0,0,1,2
0.441,0.199,0.25,0,0,1,2
0.441,0.202,0.25,0,0,1,2
0.441,0.205,0.25,0,0,1,2
0.441,0.208,0.25,0,0,1,2
0.441,0.211,0.25,0,0,1,2
0.441,0.214,0.25,0,0,1,2
0.441,0.217,0.25,0,0,1,2
0.441,0.22,0.25,0,0,1,2
0.441,0.223,0.25,0,0,1,2
0.441,0.226,0.25,0,0,1,2
0.441,0.229,0.25,0,0,1,2
0.441,0.232,0.25,0,0,1,2
0.441,0.235,0.25,0,0,1,2
0.441,0.238,0.25,0,0,1,2
0.441,0.241,0.25,0,0,1,2
0.441,0.244,0.25,0,0,1,2
0.441,0.247,0.25,0,0,1,2
0.441,0.25,0.25,0,0,1,2
0.441,0.253,0.25,0,0,1,2
0.441,0.256,0.25,0,0,1,2
0.441,0.259,0.25,0,0,1,2
0.444,0.1,0.25,0,0,1,2
0.444,0.103,0.25,0,0,1,2
0.444,0.106,0.25,0,0,1,2
0.444,0.109,0.25,0,0,1,2
0.444,0.112,0.25,0,0,1,2
0.444,0.115,0.25,0,0,1,2
0.444,0.118,0.25,0,0,1,2
0.444,0.121,0.25,0,0,1,2
0.444,0.124,0.25,0,0,1,2
0.444,0.127,0.25,0,0,1,2
0.444,0.13,0.25,0,0,1,2
0.444,0.133,0.25,0,0,1,2
0.444,0.136,0.25,0,0,1,2
0.444,0.139,0.25,0,0,1,2
0.444,0.142,0.25,0,0,1,2
0.444,0.145,0.25,0,0,1,2
0.444,0.148,0.25,0,0,1,2
0.444,0.151,0.25,0,0,1,2
0.444,0.154,0.25,0,0,1,2
0.444,0.157,0.25,0,0,1,2
0.444,0.16,0.25,0,0,1,2
0.444,0.163,0.25,0,0,1,2
0.444,0.166,0.25,0,0,1,2
0.444,0.169,0.25,0,0,1,2
0.444,0.172,0.25,0,0,1,2
0.444,0.175,0.25,0,0,1,2
0.444,0.178,0.25,0,0,1,2
0.444,0.181,0.25,0,0,1,2
0.444,0.184,0.25,0,0,1,2
0.444,0.187,0.25,0,0,1,2
0.444,0.19,0.25,0,0,1,2
0.444,0.193,0.25,0,0,1,2
0.444,0.196,0.25,0,0,1,2
0.444,0.199,0.25,0,0,1,2
0.444,0.202,0.25,0,0,1,2
0.444,0.205,0.25,0,0,1,2
0.444,0.208,0.25,0,0,1,2
0.444,0.211,0.25,0,0,1,2
0.444,0.214,0.25,0,0,1,2
0.444,0.217,0.25,0,0,1,2
0.444,0.22,0.25,0,0,1,2
0.444,0.223,0.25,0,0,1,2
0.444,0.226,0.25,0,0,1,2
0.444,0.229,0.25,0,0,1,2
0.444,0.232,0.25,0,0,1,2
0.444,0.235,0.25,0,0,1,2
0.444,0.238,0.25,0,0,1,2
0.444,0.241,0.25,0,0,1,2
0.444,0.244,0.25,0,0,1,2
0.444,0.247,0.25,0,0,1,2
0.444,0.25,0.25,0,0,1,2
0.444,0.253,0.25,0,0,1,2
0.444,0.256,0.25,0,0,1,2
0.444,0.259,0.25,0,0,1,2
0.447,0.1,0.25,0,0,1,2
0.447,0.103,0.25,0,0,1,2
0.447,0.106,0.25,0,0,1,2
0.447,0.109,0.25,0,0,1,2
0.447,0.112,0.25,0,0,1,2
0.447,0.115,0.25,0,0,1,2
0.447,0.118,0.25,0,0,1,2
0.447,0.121,0.25,0,0,1,2
0.447,0.124,0.25,0,0,1,2
0.447,0.127,0.25,0,0,1,2
0.447,0.13,0.25,0,0,1,2
0.447,0.133,0.25,0,0,1,2
0.447,0.136,0.25,0,0,1,2
0.447,0.139,0.25,0,0,1,2
0.447,0.142,0.25,0,0,1,2
0.447,0.145,0.25,0,0,1,2
0.447,0.148,0.25,0,0,1,2
0.447,0.151,0.25,0,0,1,2
0.447,0.154,0.25,0,0,1,2
0.447,0.157,0.25,0,0,1,2
0.447,0.16,0.25,0,0,1,2
0.447,0.163,0.25,0,0,1,2
0.447,0.166,0.25,0,0,1,2
0.447,0.169,0.25,0,0,1,2
0.447,0.172,0.25,0,0,1,2
0.447,0.175,0.25,0,0,1,2
0.447,0.178,0.25,0,0,1,2
0.447,0.181,0.25,0,0,1,2
0.447,0.184,0.25,0,0,1,2
0.447,0.187,0.25,0,0,1,2
0.447,0.19,0.25,0,0,1,2
0.447,0.193,0.25,0,0,1,2
0.447,0.196,0.25,0,0,1,2
0.447,0.199,0.25,0,0,1,2
0.447,0.202,0.25,0,0,1,2
0.447,0.205,0.25,0,0,1,2
0.447,0.208,0.25,0,0,1,2
0.447,0.211,0.25,0,0,1,2
0.447,0.214,0.25,0,0,1,2
0.447,0.217,0.25,0,0,1,2
0.447,0.22,0.25,0,0,1,2
0.447,0.223,0.25,0,0,1,2
0.447,0.226,0.25,0,0,1,2
0.447,0.229,0.25,0,0,1,2
0.447,0.232,0.25,0,0,1,2
0.447,0.235,0.25,0,0,1,2
0.447,0.238,0.25,0,0,1,2
0.447,0.241,0.25,0,0,1,2
0.447,0.244,0.25,0,0,1,2
0.447,0.247,0.25,0,0,1,2
0.447,0.25,0.25,0,0,1,2
0.447,0.253,0.25,0,0,1,2
0.447,0.256,0.25,0,0,1,2
0.447,0.259,0.25,0,0,1,2
0.45,0.1,0.25,0,0,1,2
0.45,0.103,0.25,0,0,1,2
0.45,0.106,0.25,0,0,1,2
0.45,0.109,0.25,0,0,1,2
0.45,0.112,0.25,0,0,1,2
0.45,0.115,0.25,0,0,1,2
0.45,0.118,0.25,0,0,1,2
0.45,0.121,0.25,0,0,1,2
0.45,0.124,0.25,0,0,1,2
0.45,0.127,0.25,0,0,1,2
0.45,0.13,0.25,0,0,1,2
0.45,0.133,0.25,0,0,1,2
0.45,0.136,0.25,0,0,1,2
0.45,0.139,0.25,0,0,1,2
0.45,0.142,0.25,0,0,1,2
0.45,0.145,0.25,0,0,1,2
0.45,0.148,0.25,0,0,1,2
0.45,0.151,0.25,0,0,1,2
0.45,0.154,0.25,0,0,1,2
0.45,0.157,0.25,0,0,1,2
0.45,0.16,0.25,0,0,1,2
0.45,0.163,0.25,0,0,1,2
0.45,0.166,0.25,0,0,1,2
0.45,0.169,0.25,0,0,1,2
0.45,0.172,0.25,0,0,1,2
0.45,0.175,0.25,0,0,1,2
0.45,0.178,0.25,0,0,1,2
0.45,0.181,0.25,0,0,1,2
0.45,0.184,0.25,0,0,1,2
0.45,0.187,0.25,0,0,1,2
0.45,0.19,0.25,0,0,1,2
0.45,0.193,0.25,0,0,1,2
0.45,0.196,0.25,0,0,1,2
0.45,0.199,0.25,0,0,1,2
0.45,0.202,0.25,0,0,1,2
0.45,0.205,0.25,0,0,1,2
0.45,0.208,0.25,0,0,1,2
0.45,0.211,0.25,0,0,1,2
0.45,0.214,0.25,0,0,1,2
0.45,0.217,0.25,0,0,1,2
0.45,0.22,0.25,0,0,1,2
0.45,0.223,0.25,0,0,1,2
0.45,0.226,0.25,0,0,1,2
0.45,0.229,0.25,0,0,1,2
0.45,0.232,0.25,0,0,1,2
0.45,0.235,0.25,0,0,1,2
0.45,0.238,0.25,0,0,1,2
0.45,0.241,0.25,0,0,1,2
0.45,0.244,0.25,0,0,1,2
0.45,0.247,0.25,0,0,1,2
0.45,0.25,0.25,0,0,1,2
0.45,0.253,0.25,0,0,1,2
0.45,0.256,0.25,0,0,1,2
0.45,0.259,0.25,0,0,1,2
0.453,0.1,0.25,0,0,1,2
0.453,0.103,0.25,0,0,1,2
0.453,0.106,0.25,0,0,1,2
0.453,0.109,0.25,0,0,1,2
0.453,0.112,0.25,0,0,1,2
0.453,0.115,0.25,0,0,1,2
0.453,0.118,0.25,0,0,1,2
0.453,0.121,0.25,0,0,1,2
0.453,0.124,0.25,0,0,1,2
0.453,0.127,0.25,0,0,1,2
0.453,0.13,0.25,0,0,1,2
0.453,0.133,0.25,0,0,1,2
0.453,0.136,0.25,0,0,1,2
0.453,0.139,0.25,0,0,1,2
0.453,0.142,0.25,0,0,1,2
0.453,0.145,0.25,0,0,1,2
0.453,0.148,0.25,0,0,1,2
0.453,0.151,0.25,0,0,1,2
0.453,0.154,0.25,0,0,1,2
0.453,0.157,0.25,0,0,1,2
0.453,0.16,0.25,0,0,1,2
0.453,0.163,0.25,0,0,1,2
0.453,0.166,0.25,0,0,1,2
0.453,0.169,0.25,0,0,1,2
0.453,0.172,0.25,0,0,1,2
0.453,0.175,0.25,0,0,1,2
0.453,0.178,0.25,0,0,1,2
0.453,0.181,0.25,0,0,1,2
0.453,0.184,0.25,0,0,1,2
0.453,0.187,0.25,0,0,1,2
0.453,0.19,0.25,0,0,1,2
0.453,0.193,0.25,0,0,1,2
0.453,0.196,0.25,0,0,1,2
0.453,0.199,0.25,0,0,1,2
0.453,0.202,0.25,0,0,1,2
0.453,0.205,0.25,0,0,1,2
0.453,0.208,0.25,0,0,1,2
0.453,0.211,0.25,0,0,1,2
0.453,0.214,0.25,0,0,1,2
0.453,0.217,0.25,0,0,1,2
0.453,0.22,0.25,0,0,1,2
0.453,0.223,0.25,0,0,1,2
0.453,0.226,0.25,0,0,1,2
0.453,0.229,0.25,0,0,1,2
0.453,0.232,0.25,0,0,1,2
0.453,0.235,0.25,0,0,1,2
0.453,0.238,0.25,0,0,1,2
0.453,0.241,0.25,0,0,1,2
0.453,0.244,0.25,0,0,1,2
0.453,0.247,0.25,0,0,1,2
0.453,0.25,0.25,0,0,1,2
0.453,0.253,0.25,0,0,1,2
0.453,0.256,0.25,0,0,1,2
0.453,0.259,0.25,0,0,1,2
0.456,0.1,0.25,0,0,1,2
0.456,0.103,0.25,0,0,1,2
0.456,0.106,0.25,0,0,1,2
0.456,0.109,0.25,0,0,1,2
0.456,0.112,0.25,0,0,1,2
0.456,0.115,0.25,0,0,1,2
0.456,0.118,0.25,0,0,1,2
0.456,0.121,0.25,0,0,1,2
0.456,0.124,0.25,0,0,1,2
0.456,0.127,0.25,0,0,1,2
0.456,0.13,0.25,0,0,1,2
0.456,0.133,0.25,0,0,1,2
0.456,0.136,0.25,0,0,1,2
0.456,0.139,0.25,0,0,1,2
0.456,0.142,0.25,0,0,1,2
0.456,0.145,0.25,0,0,1,2
0.456,0.148,0.25,0,0,1,2
0.456,0.151,0.25,0,0,1,2
0.456,0.154,0.25,0,0,1,2
0.456,0.157,0.25,0,0,1,2
0.456,0.16,0.25,0,0,1,2
0.456,0.163,0.25,0,0,1,2
0.456,0.166,0.25,0,0,1,2
0.456,0.169,0.25,0,0,1,2
0.456,0.172,0.25,0,0,1,2
0.456,0.175,0.25,0,0,1,2
0.456,0.178,0.25,0,0,1,2
0.456,0.181,0.25,0,0,1,2
0.456,0.184,0.25,0,0,1,2
0.456,0.187,0.25,0,0,1,2
0.456,0.19,0.25,0,0,1,2
0.456,0.193,0.25,0,0,1,2
0.456,0.196,0.25,0,0,1,2
0.456,0.199,0.25,0,0,1,2
0.456,0.202,0.25,0,0,1,2
0.456,0.205,0.25,0,0,1,2
0.456,0.208,0.25,0,0,1,2
0.456,0.211,0.25,0,0,1,2
0.456,0.214,0.25,0,0,1,2
0.456,0.217,0.25,0,0,1,2
0.456,0.22,0.25,0,0,1,2
0.456,0.223,0.25,0,0,1,2
0.456,0.226,0.25,0,0,1,2
0.456,0.229,0.25,0,0,1,2
0.456,0.232,0.25,0,0,1,2
0.456,0.235,0.25,0,0,1,2
0.456,0.238,0.25,0,0,1,2
0.456,0.241,0.25,0,0,1,2
0.456,0.244,0.25,0,0,1,2
0.456,0.247,0.25,0,0,1,2
0.456,0.25,0.25,0,0,1,2
0.456,0.253,0.25,0,0,1,2
0.456,0.256,0.25,0,0,1,2
0.456,0.259,0.25,0,0,1,2
0.459,0.1,0.25,0,0,1,2
0.459,0.103,0.25,0,0,1,2
0.459,0.106,0.25,0,0,1,2
0.459,0.109,0.25,0,0,1,2
0.459,0.112,0.25,0,0,1,2
0.459,0.115,0.25,0,0,1,2
0.459,0.118,0.25,0,0,1,2
0.459,0.121,0.25,0,0,1,2
0.459,0.124,0.25,0,0,1,2
0.459,0.127,0.25,0,0,1,2
0.459,0.13,0.25,0,0,1,2
0.459,0.133,0.25,0,0,1,2
0.459,0.136,0.25,0,0,1,2
0.459,0.139,0.25,0,0,1,2
0.459,0.142,0.25,0,0,1,2
0.459,0.145,0.25,0,0,1,2
0.459,0.148,0.25,0,0,1,2
0.459,0.151,0.25,0,0,1,2
0.459,0.154,0.25,0,0,1,2
0.459,0.157,0.25,0,0,1,2
0.459,0.16,0.25,0,0,1,2
0.459,0.163,0.25,0,0,1,2
0.459,0.166,0.25,0,0,1,2
0.459,0.169,0.25,0,0,1,2
0.459,0.172,0.25,0,0,1,2
0.459,0.175,0.25,0,0,1,2
0.459,0.178,0.25,0,0,1,2
0.459,0.181,0.25,0,0,1,2
0.459,0.184,0.25,0,0,1,2
0.459,0.187,0.25,0,0,1,2
0.459,0.19,0.25,0,0,1,2
0.459,0.193,0.25,0,0,1,2
0.459,0.196,0.25,0,0,1,2
0.459,0.199,0.25,0,0,1,2
0.459,0.202,0.25,0,0,1,2
0.459,0.205,0.25,0,0,1,2
0.459,0.208,0.25,0,0,1,2
0.459,0.211,0.25,0,0,1,2
0.459,0.214,0.25,0,0,1,2
0.459,0.217,0.25,0,0,1,2
0.459,0.22,0.25,0,0,1,2
0.459,0.223,0.25,0,0,1,2
0.459,0.226,0.25,0,0,1,2
0.459,0.229,0.25,0,0,1,2
0.459,0.232,0.25,0,0,1,2
0.459,0.235,0.25,0,0,1,2
0.459,0.238,0.25,0,0,1,2
0.459,0.241,0.25,0,0,1,2
0.459,0.244,0.25,0,0,1,2
0.459,0.247,0.25,0,0,1,2
0.459,0.25,0.25,0,0,1,2
0.459,0.253,0.25,0,0,1,2
0.459,0.256,0.25,0,0,1,2
0.459,0.259,0.25,0,0,1,2
0.462,0.1,0.25,0,0,1,2
0.462,0.103,0.25,0,0,1,2
0.462,0.106,0.25,0,0,1,2
0.462,0.109,0.25,0,0,1,2
0.462,0.112,0.25,0,0,1,2
0.462,0.115,0.25,0,0,1,2
0.462,0.118,0.25,0,0,1,2
0.462,0.121,0.25,0,0,1,2
0.462,0.124,0.25,0,0,1,2
0.462,0.127,0.25,0,0,1,2
0.462,0.13,0.25,0,0,1,2
0.462,0.133,0.25,0,0,1,2
0.462,0.136,0.25,0,0,1,2
0.462,0.139,0.25,0,0,1,2
0.462,0.142,0.25,0,0,1,2
0.462,0.145,0.25,0,0,1,2
0.462,0.148,0.25,0,0,1,2
0.462,0.151,0.25,0,0,1,2
0.462,0.154,0.25,0,0,1,2
0.462,0.157,0.25,0,0,1,2
0.462,0.16,0.25,0,0,1,2
0.462,0.163,0.25,0,0,1,2
0.462,0.166,0.25,0,0,1,2
0.462,0.169,0.25,0,0,1,2
0.462,0.172,0.25,0,0,1,2
0.462,0.175,0.25,0,0,1,2
0.462,0.178,0.25,0,0,1,2
0.462,0.181,0.25,0,0,1,2
0.462,0.184,0.25,0,0,1,2
0.462,0.187,0.25,0,0,1,2
0.462,0.19,0.25,0,0,1,2
0.462,0.193,0.25,0,0,1,2
0.462,0.196,0.25,0,0,1,2
0.462,0.199,0.25,0,0,1,2
0.462,0.202,0.25,0,0,1,2
0.462,0.205,0.25,0,0,1,2
0.462,0.208,0.25,0,0,1,2
0.462,0.211,0.25,0,0,1,2
0.462,0.214,0.25,0,0,1,2
0.462,0.217,0.25,0,0,1,2
0.462,0.22,0.25,0,0,1,2
0.462,0.223,0.25,0,0,1,2
0.462,0.226,0.25,0,0,1,2
0.462,0.229,0.25,0,0,1,2
0.462,0.232,0.25,0,0,1,2
0.462,0.235,0.25,0,0,1,2
0.462,0.238,0.25,0,0,1,2
0.462,0.241,0.25,0,0,1,2
0.462,0.244,0.25,0,0,1,2
0.462,0.247,0.25,0,0,1,2
0.462,0.25,0.25,0,0,1,2
0.462,0.253,0.25,0,0,1,2
0.462,0.256,0.25,0,0,1,2
0.462,0.259,0.25,0,0,1,2
0.465,0.1,0.25,0,0,1,2
0.465,0.103,0.25,0,0,1,2
0.465,0.106,0.25,0,0,1,2
0.465,0.109,0.25,0,0,1,2
0.465,0.112,0.25,0,0,1,2
0.465,0.115,0.25,0,0,1,2
0.465,0.118,0.25,0,0,1,2
0.465,0.121,0.25,0,0,1,2
0.465,0.124,0.25,0,0,1,2
0.465,0.127,0.25,0,0,1,2
0.465,0.13,0.25,0,0,1,2
0.465,0.133,0.25,0,0,1,2
0.465,0.136,0.25,0,0,1,2
0.465,0.139,0.25,0,0,1,2
0.465,0.142,0.25,0,0,1,2
0.465,0.145,0.25,0,0,1,2
0.465,0.148,0.25,0,0,1,2
0.465,0.151,0.25,0,0,1,2
0.465,0.154,0.25,0,0,1,2
0.465,0.157,0.25,0,0,1,2
0.465,0.16,0.25,0,0,1,2
0.465,0.163,0.25,0,0,1,2
0.465,0.166,0.25,0,0,1,2
0.465,0.169,0.25,0,0,1,2
0.465,0.172,0.25,0,0,1,2
0.465,0.175,0.25,0,0,1,2
0.465,0.178,0.25,0,0,1,2
0.465,0.181,0.25,0,0,1,2
0.465,0.184,0.25,0,0,1,2
0.465,0.187,0.25,0,0,1,2
0.465,0.19,0.25,0,0,1,2
0.465,0.193,0.25,0,0,1,2
0.465,0.196,0.25,0,0,1,2
0.465,0.199,0.25,0,0,1,2
0.465,0.202,0.25,0,0,1,2
0.465,0.205,0.25,0,0,1,2
0.465,0.208,0.25,0,0,1,2
0.465,0.211,0.25,0,0,1,2
0.465,0.214,0.25,0,0,1,2
0.465,0.217,0.25,0,0,1,2
0.465,0.22,0.25,0,0,1,2
0.465,0.223,0.25,0,0,1,2
0.465,0.226,0.25,0,0,1,2
0.465,0.229,0.25,0,0,1,2
0.465,0.232,0.25,0,0,1,2
0.465,0.235,0.25,0,0,1,2
0.465,0.238,0.25,0,0,1,2
0.465,0.241,0.25,0,0,1,2
0.465,0.244,0.25,0,0,1,2
0.465,0.247,0.25,0,0,1,2
0.465,0.25,0.25,0,0,1,2
0.465,0.253,0.25,0,0,1,2
0.465,0.256,0.25,0,0,1,2
0.465,0.259,0.25,0,0,1,2
0.468,0.1,0.25,0,0,1,2
0.468,0.103,0.25,0,0,1,2
0.468,0.106,0.25,0,0,1,2
0.468,0.109,0.25,0,0,1,2
0.468,0.112,0.25,0,0,1,2
0.468,0.115,0.25,0,0,1,2
0.468,0.118,0.25,0,0,1,2
0.468,0.121,0.25,0,0,1,2
0.468,0.124,0.25,0,0,1,2
0.468,0.127,0.25,0,0,1,2
0.468,0.13,0.25,0,0,1,2
0.468,0.133,0.25,0,0,1,2
0.468,0.136,0.25,0,0,1,2
0.468,0.139,0.25,0,0,1,2
0.468,0.142,0.25,0,0,1,2
0.468,0.145,0.25,0,0,1,2
0.468,0.148,0.25,0,0,1,2
0.468,0.151,0.25,0,0,1,2
0.468,0.154,0.25,0,0,1,2
0.468,0.157,0.25,0,0,1,2
0.468,0.16,0.25,0,0,1,2
0.468,0.163,0.25,0,0,1,2
0.468,0.166,0.25,0,0,1,2
0.468,0.169,0.25,0,0,1,2
0.468,0.172,0.25,0,0,1,2
0.468,0.175,0.25,0,0,1,2
0.468,0.178,0.25,0,0,1,2
0.468,0.181,0.25,0,0,1,2
0.468,0.184,0.25,0,0,1,2
0.468,0.187,0.25,0,0,1,2
0.468,0.19,0.25,0,0,1,2
0.468,0.193,0.25,0,0,1,2
0.468,0.196,0.25,0,0,1,2
0.468,0.199,0.25,0,0,1,2
0.468,0.202,0.25,0,0,1,2
0.468,0.205,0.25,0,0,1,2
0.468,0.208,0.25,0,0,1,2
0.468,0.211,0.25,0,0,1,2
0.468,0.214,0.25,0,0,1,2
0.468,0.217,0.25,0,0,1,2
0.468,0.22,0.25,0,0,1,2
0.468,0.223,0.25,0,0,1,2
0.468,0.226,0.25,0,0,1,2
0.468,0.229,0.25,0,0,1,2
0.468,0.232,0.25,0,0,1,2
0.468,0.235,0.25,0,0,1,2
0.468,0.238,0.25,0,0,1,2
0.468,0.241,0.25,0,0,1,2
0.468,0.244,0.25,0,0,1,2
0.468,0.247,0.25,0,0,1,2
0.468,0.25,0.25,0,0,1,2
0.468,0.253,0.25,0,0,1,2
0.468,0.256,0.25,0,0,1,2
0.468,0.259,0.25,0,0,1,2
0.471,0.1,0.25,0,0,1,2
0.471,0.103,0.25,0,0,1,2
0.471,0.106,0.25,0,0,1,2
0.471,0.109,0.25,0,0,1,2
0.471,0.112,0.25,0,0,1,2
0.471,0.115,0.25,0,0,1,2
0.471,0.118,0.25,0,0,1,2
0.471,0.121,0.25,0,0,1,2
0.471,0.124,0.25,0,0,1,2
0.471,0.127,0.25,0,0,1,2
0.471,0.13,0.25,0,0,1,2
0.471,0.133,0.25,0,0,1,2
0.471,0.136,0.25,0,0,1,2
0.471,0.139,0.25,0,0,1,2
0.471,0.142,0.25,0,0,1,2
0.471,0.145,0.25,0,0,1,2
0.471,0.148,0.25,0,0,1,2
0.471,0.151,0.25,0,0,1,2
0.471,0.154,0.25,0,0,1,2
0.471,0.157,0.25,0,0,1,2
0.471,0.16,0.25,0,0,1,2
0.471,0.163,0.25,0,0,1,2
0.471,0.166,0.25,0,0,1,2
0.471,0.169,0.25,0,0,1,2
0.471,0.172,0.25,0,0,1,2
0.471,0.175,0.25,0,0,1,2
0.471,0.178,0.25,0,0,1,2
0.471,0.181,0.25,0,0,1,2
0.471,0.184,0.25,0,0,1,2
0.471,0.187,0.25,0,0,1,2
0.471,0.19,0.25,0,0,1,2
0.471,0.193,0.25,0,0,1,2
0.471,0.196,0.25,0,0,1,2
0.471,0.199,0.25,0,0,1,2
0.471,0.202,0.25,0,0,1,2
0.471,0.205,0.25,0,0,1,2
0.471,0.208,0.25,0,0,1,2
0.471,0.211,0.25,0,0,1,2
0.471,0.214,0.25,0,0,1,2
0.471,0.217,0.25,0,0,1,2
0.471,0.22,0.25,0,0,1,2
0.471,0.223,0.25,0,0,1,2
0.471,0.226,0.25,0,0,1,2
0.471,0.229,0.25,0,0,1,2
0.471,0.232,0.25,0,0,1,2
0.471,0.235,0.25,0,0,1,2
0.471,0.238,0.25,0,0,1,2
0.471,0.241,0.25,0,0,1,2
0.471,0.244,0.25,0,0,1,2
0.471,0.247,0.25,0,0,1,2
0.471,0.25,0.25,0,0,1,2
0.471,0.253,0.25,0,0,1,2
0.471,0.256,0.25,0,0,1,2
0.471,0.259,0.25,0,0,1,2
0.474,0.1,0.25,0,0,1,2
0.474,0.103,0.25,0,0,1,2
0.474,0.106,0.25,0,0,1,2
0.474,0.109,0.25,0,0,1,2
0.474,0.112,0.25,0,0,1,2
0.474,0.115,0.25,0,0,1,2
0.474,0.118,0.25,0,0,1,2
0.474,0.121,0.25,0,0,1,2
0.474,0.124,0.25,0,0,1,2
0.474,0.127,0.25,0,0,1,2
0.474,0.13,0.25,0,0,1,2
0.474,0.133,0.25,0,0,1,2
0.474,0.136,0.25,0,0,1,2
0.474,0.139,0.25,0,0,1,2
0.474,0.142,0.25,0,0,1,2
0.474,0.145,0.25,0,0,1,2
0.474,0.148,0.25,0,0,1,2
0.474,0.151,0.25,0,0,1,2
0.474,0.154,0.25,0,0,1,2
0.474,0.157,0.25,0,0,1,2
0.474,0.16,0.25,0,0,1,2
0.474,0.163,0.25,0,0,1,2
0.474,0.166,0.25,0,0,1,2
0.474,0.169,0.25,0,0,1,2
0.474,0.172,0.25,0,0,1,2
0.474,0.175,0.25,0,0,1,2
0.474,0.178,0.25,0,0,1,2
0.474,0.181,0.25,0,0,1,2
0.474,0.184,0.25,0,0,1,2
0.474,0.187,0.25,0,0,1,2
0.474,0.19,0.25,0,0,1,2
0.474,0.193,0.25,0,0,1,2
0.474,0.196,0.25,0,0,1,2
0.474,0.199,0.25,0,0,1,2
0.474,0.202,0.25,0,0,1,2
0.474,0.205,0.25,0,0,1,2
0.474,0.208,0.25,0,0,1,2
0.474,0.211,0.25,0,0,1,2
0.474,0.214,0.25,0,0,1,2
0.474,0.217,0.25,0,0,1,2
0.474,0.22,0.25,0,0,1,2
0.474,0.223,0.25,0,0,1,2
0.474,0.226,0.25,0,0,1,2
0.474,0.229,0.25,0,0,1,2
0.474,0.232,0.25,0,0,1,2
0.474,0.235,0.25,0,0,1,2
0.474,0.238,0.25,0,0,1,2
0.474,0.241,0.25,0,0,1,2
0.474,0.244,0.25,0,0,1,2
0.474,0.247,0.25,0,0,1,2
0.474,0.25,0.25,0,0,1,2
0.474,0.253,0.25,0,0,1,2
0.474,0.256,0.25,0,0,1,2
0.474,0.259,0.25,0,0,1,2
0.477,0.1,0.25,0,0,1,2
0.477,0.103,0.25,0,0,1,2
0.477,0.106,0.25,0,0,1,2
0.477,0.109,0.25,0,0,1,2
0.477,0.112,0.25,0,0,1,2
0.477,0.115,0.25,0,0,1,2
0.477,0.118,0.25,0,0,1,2
0.477,0.121,0.25,0,0,1,2
0.477,0.124,0.25,0,0,1,2
0.477,0.127,0.25,0,0,1,2
0.477,0.13,0.25,0,0,1,2
0.477,0.133,0.25,0,0,1,2
0.477,0.136,0.25,0,0,1,2
0.477,0.139,0.25,0,0,1,2
0.477,0.142,0.25,0,0,1,2
0.477,0.145,0.25,0,0,1,2
0.477,0.148,0.25,0,0,1,2
0.477,0.151,0.25,0,0,1,2
0.477,0.154,0.25,0,0,1,2
0.477,0.157,0.25,0,0,1,2
0.477,0.16,0.25,0,0,1,2
0.477,0.163,0.25,0,0,1,2
0.477,0.166,0.25,0,0,1,2
0.477,0.169,0.25,0,0,1,2
0.477,0.172,0.25,0,0,1,2
0.477,0.175,0.25,0,0,1,2
0.477,0.178,0.25,0,0,1,2
0.477,0.181,0.25,0,0,1,2
0.477,0.184,0.25,0,0,1,2
0.477,0.187,0.25,0,0,1,2
0.477,0.19,0.25,0,0,1,2
0.477,0.193,0.25,0,0,1,2
0.477,0.196,0.25,0,0,1,2
0.477,0.199,0.25,0,0,1,2
0.477,0.202,0.25,0,0,1,2
0.477,0.205,0.25,0,0,1,2
0.477,0.208,0.25,0,0,1,2
0.477,0.211,0.25,0,0,1,2
0.477,0.214,0.25,0,0,1,2
0.477,0.217,0.25,0,0,1,2
0.477,0.22,0.25,0,0,1,2
0.477,0.223,0.25,0,0,1,2
0.477,0.226,0.25,0,0,1,2
0.477,0.229,0.25,0,0,1,2
0.477,0.232,0.25,0,0,1,2
0.477,0.235,0.25,0,0,1,2
0.477,0.238,0.25,0,0,1,2
0.477,0.241,0.25,0,0,1,2
0.477,0.244,0.25,0,0,1,2
0.477,0.247,0.25,0,0,1,2
0.477,0.25,0.25,0,0,1,2
0.477,0.253,0.25,0,0,1,2
0.477,0.256,0.25,0,0,1,2
0.477,0.259,0.25,0,0,1,2
0.48,0.1,0.25,0,0,1,2
0.48,0.103,0.25,0,0,1,2
0.48,0.106,0.25,0,0,1,2
0.48,0.109,0.25,0,0,1,2
0.48,0.112,0.25,0,0,1,2
0.48,0.115,0.25,0,0,1,2
0.48,0.118,0.25,0,0,1,2
0.48,0.121,0.25,0,0,1,2
0.48,0.124,0.25,0,0,1,2
0.48,0.127,0.25,0,0,1,2
0.48,0.13,0.25,0,0,1,2
0.48,0.133,0.25,0,0,1,2
0.48,0.136,0.25,0,0,1,2
0.48,0.139,0.25,0,0,1,2
0.48,0.142,0.25,0,0,1,2
0.48,0.145,0.25,0,0,1,2
0.48,0.148,0.25,0,0,1,2
0.48,0.151,0.25,0,0,1,2
0.48,0.154,0.25,0,0,1,2
0.48,0.157,0.25,0,0,1,2
0.48,0.16,0.25,0,0,1,2
0.48,0.163,0.25,0,0,1,2
0.48,0.166,0.25,0,0,1,2
0.48,0.169,0.25,0,0,1,2
0.48,0.172,0.25,0,0,1,2
0.48,0.175,0.25,0,0,1,2
0.48,0.178,0.25,0,0,1,2
0.48,0.181,0.25,0,0,1,2
0.48,0.184,0.25,0,0,1,2
0.48,0.187,0.25,0,0,1,2
0.48,0.19,0.25,0,0,1,2
0.48,0.193,0.25,0,0,1,2
0.48,0.196,0.25,0,0,1,2
0.48,0.199,0.25,0,0,1,2
0.48,0.202,0.25,0,0,1,2
0.48,0.205,0.25,0,0,1,2
0.48,0.208,0.25,0,0,1,2
0.48,0.211,0.25,0,0,1,2
0.48,0.214,0.25,0,0,1,2
0.48,0.217,0.25,0,0,1,2
0.48,0.22,0.25,0,0,1,2
0.48,0.223,0.25,0,0,1,2
0.48,0.226,0.25,0,0,1,2
0.48,0.229,0.25,0,0,1,2
0.48,0.232,0.25,0,0,1,2
0.48,0.235,0.25,0,0,1,2
0.48,0.238,0.25,0,0,1,2
0.48,0.241,0.25,0,0,1,2
0.48,0.244,0.25,0,0,1,2
0.48,0.247,0.25,0,0,1,2
0.48,0.25,0.25,0,0,1,2
0.48,0.253,0.25,0,0,1,2
0.48,0.256,0.25,0,0,1,2
0.48,0.259,0.25,0,0,1,2
0.483,0.1,0.25,0,0,1,2
0.483,0.103,0.25,0,0,1,2
0.483,0.106,0.25,0,0,1,2
0.483,0.109,0.25,0,0,1,2
0.483,0.112,0.25,0,0,1,2
0.483,0.115,0.25,0,0,1,2
0.483,0.118,0.25,0,0,1,2
0.483,0.121,0.25,0,0,1,2
0.483,0.124,0.25,0,0,1,2
0.483,0.127,0.25,0,0,1,2
0.483,0.13,0.25,0,0,1,2
0.483,0.133,0.25,0,0,1,2
0.483,0.136,0.25,0,0,1,2
0.483,0.139,0.25,0,0,1,2
0.483,0.142,0.25,0,0,1,2
0.483,0.145,0.25,0,0,1,2
0.483,0.148,0.25,0,0,1,2
0.483,0.151,0.25,0,0,1,2
0.483,0.154,0.25,0,0,1,2
0.483,0.157,0.25,0,0,1,2
0.483,0.16,0.25,0,0,1,2
0.483,0.163,0.25,0,0,1,2
0.483,0.166,0.25,0,0,1,2
0.483,0.169,0.25,0,0,1,2
0.483,0.172,0.25,0,0,1,2
0.483,0.175,0.25,0,0,1,2
0.483,0.178,0.25,0,0,1,2
0.483,0.181,0.25,0,0,1,2
0.483,0.184,0.25,0,0,1,2
0.483,0.187,0.25,0,0,1,2
0.483,0.19,0.25,0,0,1,2
0.483,0.193,0.25,0,0,1,2
0.483,0.196,0.25,0,0,1,2
0.483,0.199,0.25,0,0,1,2
0.483,0.202,0.25,0,0,1,2
0.483,0.205,0.25,0,0,1,2
0.483,0.208,0.25,0,0,1,2
0.483,0.211,0.25,0,0,1,2
0.483,0.214,0.25,0,0,1,2
0.483,0.217,0.25,0,0,1,2
0.483,0.22,0.25,0,0,1,2
0.483,0.223,0.25,0,0,1,2
0.483,0.226,0.25,0,0,1,2
0.483,0.229,0.25,0,0,1,2
0.483,0.232,0.25,0,0,1,2
0.483,0.235,0.25,0,0,1,2
0.483,0.238,0.25,0,0,1,2
0.483,0.241,0.25,0,0,1,2
0.483,0.244,0.25,0,0,1,2
0.483,0.247,0.25,0,0,1,2
0.483,0.25,0.25,0,0,1,2
0.483,0.253,0.25,0,0,1,2
0.483,0.256,0.25,0,0,1,2
0.483,0.259,0.25,0,0,1,2
0.486,0.1,0.25,0,0,1,2
0.486,0.103,0.25,0,0,1,2
0.486,0.106,0.25,0,0,1,2
0.486,0.109,0.25,0,0,1,2
0.486,0.112,0.25,0,0,1,2
0.486,0.115,0.25,0,0,1,2
0.486,0.118,0.25,0,0,1,2
0.486,0.121,0.25,0,0,1,2
0.486,0.124,0.25,0,0,1,2
0.486,0.127,0.25,0,0,1,2
0.486,0.13,0.25,0,0,1,2
0.486,0.133,0.25,0,0,1,2
0.486,0.136,0.25,0,0,1,2
0.486,0.139,0.25,0,0,1,2
0.486,0.142,0.25,0,0,1,2
0.486,0.145,0.25,0,0,1,2
0.486,0.148,0.25,0,0,1,2
0.486,0.151,0.25,0,0,1,2
0.486,0.154,0.25,0,0,1,2
0.486,0.157,0.25,0,0,1,2
0.486,0.16,0.25,0,0,1,2
0.486,0.163,0.25,0,0,1,2
0.486,0.166,0.25,0,0,1,2
0.486,0.169,0.25,0,0,1,2
0.486,0.172,0.25,0,0,1,2
0.486,0.175,0.25,0,0,1,2
0.486,0.178,0.25,0,0,1,2
0.486,0.181,0.25,0,0,1,2
0.486,0.184,0.25,0,0,1,2
0.486,0.187,0.25,0,0,1,2
0.486,0.19,0.25,0,0,1,2
0.486,0.193,0.25,0,0,1,2
0.486,0.196,0.25,0,0,1,2
0.486,0.199,0.25,0,0,1,2
0.486,0.202,0.25,0,0,1,2
0.486,0.205,0.25,0,0,1,2
0.486,0.208,0.25,0,0,1,2
0.486,0.211,0.25,0,0,1,2
0.486,0.214,0.25,0,0,1,2
0.486,0.217,0.25,0,0,1,2
0.486,0.22,0.25,0,0,1,2
0.486,0.223,0.25,0,0,1,2
0.486,0.226,0.25,0,0,1,2
0.486,0.229,0.25,0,0,1,2
0.486,0.232,0.25,0,0,1,2
0.486,0.235,0.25,0,0,1,2
0.486,0.238,0.25,0,0,1,2
0.486,0.241,0.25,0,0,1,2
0.486,0.244,0.25,0,0,1,2
0.486,0.247,0.25,0,0,1,2
0.486,0.25,0.25,0,0,1,2
0.486,0.253,0.25,0,0,1,2
0.486,0.256,0.25,0,0,1,2
0.486,0.259,0.25,0,0,1,2
0.489,0.1,0.25,0,0,1,2
0.489,0.103,0.25,0,0,1,2
0.489,0.106,0.25,0,0,1,2
0.489,0.109,0.25,0,0,1,2
0.489,0.112,0.25,0,0,1,2
0.489,0.115,0.25,0,0,1,2
0.489,0.118,0.25,0,0,1,2
0.489,0.121,0.25,0,0,1,2
0.489,0.124,0.25,0,0,1,2
0.489,0.127,0.25,0,0,1,2
0.489,0.13,0.25,0,0,1,2
0.489,0.133,0.25,0,0,1,2
0.489,0.136,0.25,0,0,1,2
0.489,0.139,0.25,0,0,1,2
0.489,0.142,0.25,0,0,1,2
0.489,0.145,0.25,0,0,1,2
0.489,0.148,0.25,0,0,1,2
0.489,0.151,0.25,0,0,1,2
0.489,0.154,0.25,0,0,1,2
0.489,0.157,0.25,0,0,1,2
0.489,0.16,0.25,0,0,1,2
0.489,0.163,0.25,0,0,1,2
0.489,0.166,0.25,0,0,1,2
0.489,0.169,0.25,0,0,1,2
0.489,0.172,0.25,0,0,1,2
0.489,0.175,0.25,0,0,1,2
0.489,0.178,0.25,0,0,1,2
0.489,0.181,0.25,0,0,1,2
0.489,0.184,0.25,0,0,1,2
0.489,0.187,0.25,0,0,1,2
0.489,0.19,0.25,0,0,1,2
0.489,0.193,0.25,0,0,1,2
0.489,0.196,0.25,0,0,1,2
0.489,0.199,0.25,0,0,1,2
0.489,0.202,0.25,0,0,1,2
0.489,0.205,0.25,0,0,1,2
0.489,0.208,0.25,0,0,1,2
0.489,0.211,0.25,0,0,1,2
0.489,0.214,0.25,0,0,1,2
0.489,0.217,0.25,0,0,1,2
0.489,0.22,0.25,0,0,1,2
0.489,0.223,0.25,0,0,1,2
0.489,0.226,0.25,0,0,1,2
0.489,0.229,0.25,0,0,1,2
0.489,0.232,0.25,0,0,1,2
0.489,0.235,0.25,0,0,1,2
0.489,0.238,0.25,0,0,1,2
0.489,0.241,0.25,0,0,1,2
0.489,0.244,0.25,0,0,1,2
0.489,0.247,0.25,0,0,1,2
0.489,0.25,0.25,0,0,1,2
0.489,0.253,0.25,0,0,1,2
0.489,0.256,0.25,0,0,1,2
0.489,0.259,0.25,0,0,1,2
0.492,0.1,0.25,0,0,1,2
0.492,0.103,0.25,0,0,1,2
0.492,0.106,0.25,0,0,1,2
0.492,0.109,0.25,0,0,1,2
0.492,0.112,0.25,0,0,1,2
0.492,0.115,0.25,0,0,1,2
0.492,0.118,0.25,0,0,1,2
0.492,0.121,0.25,0,0,1,2
0.492,0.124,0.25,0,0,1,2
0.492,0.127,0.25,0,0,1,2
0.492,0.13,0.25,0,0,1,2
0.492,0.133,0.25,0,0,1,2
0.492,0.136,0.25,0,0,1,2
0.492,0.139,0.25,0,0,1,2
0.492,0.142,0.25,0,0,1,2
0.492,0.145,0.25,0,0,1,2
0.492,0.148,0.25,0,0,1,2
0.492,0.151,0.25,0,0,1,2
0.492,0.154,0.25,0,0,1,2
0.492,0.157,0.25,0,0,1,2
0.492,0.16,0.25,0,0,1,2
0.492,0.163,0.25,0,0,1,2
0.492,0.166,0.25,0,0,1,2
0.492,0.169,0.25,0,0,1,2
0.492,0.172,0.25,0,0,1,2
0.492,0.175,0.25,0,0,1,2
0.492,0.178,0.25,0,0,1,2
0.492,0.181,0.25,0,0,1,2
0.492,0.184,0.25,0,0,1,2
0.492,0.187,0.25,0,0,1,2
0.492,0.19,0.25,0,0,1,2
0.492,0.193,0.25,0,0,1,2
0.492,0.196,0.25,0,0,1,2
0.492,0.199,0.25,0,0,1,2
0.492,0.202,0.25,0,0,1,2
0.492,0.205,0.25,0,0,1,2
0.492,0.208,0.25,0,0,1,2
0.492,0.211,0.25,0,0,1,2
0.492,0.214,0.25,0,0,1,2
0.492,0.217,0.25,0,0,1,2
0.492,0.22,0.25,0,0,1,2
0.492,0.223,0.25,0,0,1,2
0.492,0.226,0.25,0,0,1,2
0.492,0.229,0.25,0,0,1,2
0.492,0.232,0.25,0,0,1,2
0.492,0.235,0.25,0,0,1,2
0.492,0.238,0.25,0,0,1,2
0.492,0.241,0.25,0,0,1,2
0.492,0.244,0.25,0,0,1,2
0.492,0.247,0.25,0,0,1,2
0.492,0.25,0.25,0,0,1,2
0.492,0.253,0.25,0,0,1,2
0.492,0.256,0.25,0,0,1,2
0.492,0.259,0.25,0,0,1,2
0.495,0.1,0.25,0,0,1,2
0.495,0.103,0.25,0,0,1,2
0.495,0.106,0.25,0,0,1,2
0.495,0.109,0.25,0,0,1,2
0.495,0.112,0.25,0,0,1,2
0.495,0.115,0.25,0,0,1,2
0.495,0.118,0.25,0,0,1,2
0.495,0.121,0.25,0,0,1,2
0.495,0.124,0.25,0,0,1,2
0.495,0.127,0.25,0,0,1,2
0.495,0.13,0.25,0,0,1,2
0.495,0.133,0.25,0,0,1,2
0.495,0.136,0.25,0,0,1,2
0.495,0.139,0.25,0,0,1,2
0.495,0.142,0.25,0,0,1,2
0.495,0.145,0.25,0,0,1,2
0.495,0.148,0.25,0,0,1,2
0.495,0.151,0.25,0,0,1,2
0.495,0.154,0.25,0,0,1,2
0.495,0.157,0.25,0,0,1,2
0.495,0.16,0.25,0,0,1,2
0.495,0.163,0.25,0,0,1,2
0.495,0.166,0.25,0,0,1,2
0.495,0.169,0.25,0,0,1,2
0.495,0.172,0.25,0,0,1,2
0.495,0.175,0.25,0,0,1,2
0.495,0.178,0.25,0,0,1,2
0.495,0.181,0.25,0,0,1,2
0.495,0.184,0.25,0,0,1,2
0.495,0.187,0.25,0,0,1,2
0.495,0.19,0.25,0,0,1,2
0.495,0.193,0.25,0,0,1,2
0.495,0.196,0.25,0,0,1,2
0.495,0.199,0.25,0,0,1,2
0.495,0.202,0.25,0,0,1,2
0.495,0.205,0.25,0,0,1,2
0.495,0.208,0.25,0,0,1,2
0.495,0.211,0.25,0,0,1,2
0.495,0.214,0.25,0,0,1,2
0.495,0.217,0.25,0,0,1,2
0.495,0.22,0.25,0,0,1,2
0.495,0.223,0.25,0,0,1,2
0.495,0.226,0.25,0,0,1,2
0.495,0.229,0.25,0,0,1,2
0.495,0.232,0.25,0,0,1,2
0.495,0.235,0.25,0,0,1,2
0.495,0.238,0.25,0,0,1,2
0.495,0.241,0.25,0,0,1,2
0.495,0.244,0.25,0,0,1,2
0.495,0.247,0.25,0,0,1,2
0.495,0.25,0.25,0,0,1,2
0.495,0.253,0.25,0,0,1,2
0.495,0.256,0.25,0,0,1,2
0.495,0.259,0.25,0,0,1,2
0.498,0.1,0.25,0,0,1,2
0.498,0.103,0.25,0,0,1,2
0.498,0.106,0.25,0,0,1,2
0.498,0.109,0.25,0,0,1,2
0.498,0.112,0.25,0,0,1,2
0.498,0.115,0.25,0,0,1,2
0.498,0.118,0.25,0,0,1,2
0.498,0.121,0.25,0,0,1,2
0.498,0.124,0.25,0,0,1,2
0.498,0.127,0.25,0,0,1,2
0.498,0.13,0.25,0,0,1,2
0.498,0.133,0.25,0,0,1,2
0.498,0.136,0.25,0,0,1,2
0.498,0.139,0.25,0,0,1,2
0.498,0.142,0.25,0,0,1,2
0.498,0.145,0.25,0,0,1,2
0.498,0.148,0.25,0,0,1,2
0.498,0.151,0.25,0,0,1,2
0.498,0.154,0.25,0,0,1,2
0.498,0.157,0.25,0,0,1,2
0.498,0.16,0.25,0,0,1,2
0.498,0.163,0.25,0,0,1,2
0.498,0.166,0.25,0,0,1,2
0.498,0.169,0.25,0,0,1,2
0.498,0.172,0.25,0,0,1,2
0.498,0.175,0.25,0,0,1,2
0.498,0.178,0.25,0,0,1,2
0.498,0.181,0.25,0,0,1,2
0.498,0.184,0.25,0,0,1,2
0.498,0.187,0.25,0,0,1,2
0.498,0.19,0.25,0,0,1,2
0.498,0.193,0.25,0,0,1,2
0.498,0.196,0.25,0,0,1,2
0.498,0.199,0.25,0,0,1,2
0.498,0.202,0.25,0,0,1,2
0.498,0.205,0.25,0,0,1,2
0.498,0.208,0.25,0,0,1,2
0.498,0.211,0.25,0,0,1,2
0.498,0.214,0.25,0,0,1,2
0.498,0.217,0.25,0,0,1,2
0.498,0.22,0.25,0,0,1,2
0.498,0.223,0.25,0,0,1,2
0.498,0.226,0.25,0,0,1,2
0.498,0.229,0.25,0,0,1,2
0.498,0.232,0.25,0,0,1,2
0.498,0.235,0.25,0,0,1,2
0.498,0.238,0.25,0,0,1,2
0.498,0.241,0.25,0,0,1,2
0.498,0.244,0.25,0,0,1,2
0.498,0.247,0.25,0,0,1,2
0.498,0.25,0.25,0,0,1,2
0.498,0.253,0.25,0,0,1,2
0.498,0.256,0.25,0,0,1,2
0.498,0.259,0.25,0,0,1,2
0.501,0.1,0.25,0,0,1,2
0.501,0.103,0.25,0,0,1,2
0.501,0.106,0.25,0,0,1,2
0.501,0.109,0.25,0,0,1,2
0.501,0.112,0.25,0,0,1,2
0.501,0.115,0.25,0,0,1,2
0.501,0.118,0.25,0,0,1,2
0.501,0.121,0.25,0,0,1,2
0.501,0.124,0.25,0,0,1,2
0.501,0.127,0.25,0,0,1,2
0.501,0.13,0.25,0,0,1,2
0.501,0.133,0.25,0,0,1,2
0.501,0.136,0.25,0,0,1,2
0.501,0.139,0.25,0,0,1,2
0.501,0.142,0.25,0,0,1,2
0.501,0.145,0.25,0,0,1,2
0.501,0.148,0.25,0,0,1,2
0.501,0.151,0.25,0,0,1,2
0.501,0.154,0.25,0,0,1,2
0.501,0.157,0.25,0,0,1,2
0.501,0.16,0.25,0,0,1,2
0.501,0.163,0.25,0,0,1,2
0.501,0.166,0.25,0,0,1,2
0.501,0.169,0.25,0,0,1,2
0.501,0.172,0.25,0,0,1,2
0.501,0.175,0.25,0,0,1,2
0.501,0.178,0.25,0,0,1,2
0.501,0.181,0.25,0,0,1,2
0.501,0.184,0.25,0,0,1,2
0.501,0.187,0.25,0,0,1,2
0.501,0.19,0.25,0,0,1,2
0.501,0.193,0.25,0,0,1,2
0.501,0.196,0.25,0,0,1,2
0.501,0.199,0.25,0,0,1,2
0.501,0.202,0.25,0,0,1,2
0.501,0.205,0.25,0,0,1,2
0.501,0.208,0.25,0,0,1,2
0.501,0.211,0.25,0,0,1,2
0.501,0.214,0.25,0,0,1,2
0.501,0.217,0.25,0,0,1,2
0.501,0.22,0.25,0,0,1,2
0.501,0.223,0.25,0,0,1,2
0.501,0.226,0.25,0,0,1,2
0.501,0.229,0.25,0,0,1,2
0.501,0.232,0.25,0,0,1,2
0.501,0.235,0.25,0,0,1,2
0.501,0.238,0.25,0,0,1,2
0.501,0.241,0.25,0,0,1,2
0.501,0.244,0.25,0,0,1,2
0.501,0.247,0.25,0,0,1,2
0.501,0.25,0.25,0,0,1,2
0.501,0.253,0.25,0,0,1,2
0.501,0.256,0.25,0,0,1,2
0.501,0.259,0.25,0,0,1,2
0.504,0.1,0.25,0,0,1,2
0.504,0.103,0.25,0,0,1,2
0.504,0.106,0.25,0,0,1,2
0.504,0.109,0.25,0,0,1,2
0.504,0.112,0.25,0,0,1,2
0.504,0.115,0.25,0,0,1,2
0.504,0.118,0.25,0,0,1,2
0.504,0.121,0.25,0,0,1,2
0.504,0.124,0.25,0,0,1,2
0.504,0.127,0.25,0,0,1,2
0.504,0.13,0.25,0,0,1,2
0.504,0.133,0.25,0,0,1,2
0.504,0.136,0.25,0,0,1,2
0.504,0.139,0.25,0,0,1,2
0.504,0.142,0.25,0,0,1,2
0.504,0.145,0.25,0,0,1,2
0.504,0.148,0.25,0,0,1,2
0.504,0.151,0.25,0,0,1,2
0.504,0.154,0.25,0,0,1,2
0.504,0.157,0.25,0,0,1,2
0.504,0.16,0.25,0,0,1,2
0.504,0.163,0.25,0,0,1,2
0.504,0.166,0.25,0,0,1,2
0.504,0.169,0.25,0,0,1,2
0.504,0.172,0.25,0,0,1,2
0.504,0.175,0.25,0,0,1,2
0.504,0.178,0.25,0,0,1,2
0.504,0.181,0.25,0,0,1,2
0.504,0.184,0.25,0,0,1,2
0.504,0.187,0.25,0,0,1,2
0.504,0.19,0.25,0,0,1,2
0.504,0.193,0.25,0,0,1,2
0.504,0.196,0.25,0,0,1,2
0.504,0.199,0.25,0,0,1,2
0.504,0.202,0.25,0,0,1,2
0.504,0.205,0.25,0,0,1,2
0.504,0.208,0.25,0,0,1,2
0.504,0.211,0.25,0,0,1,2
0.504,0.214,0.25,0,0,1,2
0.504,0.217,0.25,0,0,1,2
0.504,0.22,0.25,0,0,1,2
0.504,0.223,0.25,0,0,1,2
0.504,0.226,0.25,0,0,1,2
0.504,0.229,0.25,0,0,1,2
0.504,0.232,0.25,0,0,1,2
0.504,0.235,0.25,0,0,1,2
0.504,0.238,0.25,0,0,1,2
0.504,0.241,0.25,0,0,1,2
0.504,0.244,0.25,0,0,1,2
0.504,0.247,0.25,0,0,1,2
0.504,0.25,0.25,0,0,1,2
0.504,0.253,0.25,0,0,1,2
0.504,0.256,0.25,0,0,1,2
0.504,0.259,0.25,0,0,1,2
0.507,0.1,0.25,0,0,1,2
0.507,0.103,0.25,0,0,1,2
0.507,0.106,0.25,0,0,1,2
0.507,0.109,0.25,0,0,1,2
0.507,0.112,0.25,0,0,1,2
0.507,0.115,0.25,0,0,1,2
0.507,0.118,0.25,0,0,1,2
0.507,0.121,0.25,0,0,1,2
0.507,0.124,0.25,0,0,1,2
0.507,0.127,0.25,0,0,1,2
0.507,0.13,0.25,0,0,1,2
0.507,0.133,0.25,0,0,1,2
0.507,0.136,0.25,0,0,1,2
0.507,0.139,0.25,0,0,1,2
0.507,0.142,0.25,0,0,1,2
0.507,0.145,0.25,0,0,1,2
0.507,0.148,0.25,0,0,1,2
0.507,0.151,0.25,0,0,1,2
0.507,0.154,0.25,0,0,1,2
0.507,0.157,0.25,0,0,1,2
0.507,0.16,0.25,0,0,1,2
0.507,0.163,0.25,0,0,1,2
0.507,0.166,0.25,0,0,1,2
0.507,0.169,0.25,0,0,1,2
0.507,0.172,0.25,0,0,1,2
0.507,0.175,0.25,0,0,1,2
0.507,0.178,0.25,0,0,1,2
0.507,0.181,0.25,0,0,1,2
0.507,0.184,0.25,0,0,1,2
0.507,0.187,0.25,0,0,1,2
0.507,0.19,0.25,0,0,1,2
0.507,0.193,0.25,0,0,1,2
0.507,0.196,0.25,0,0,1,2
0.507,0.199,0.25,0,0,1,2
0.507,0.202,0.25,0,0,1,2
0.507,0.205,0.25,0,0,1,2
0.507,0.208,0.25,0,0,1,2
0.507,0.211,0.25,0,0,1,2
0.507,0.214,0.25,0,0,1,2
0.507,0.217,0.25,0,0,1,2
0.507,0.22,0.25,0,0,1,2
0.507,0.223,0.25,0,0,1,2
0.507,0.226,0.25,0,0,1,2
0.507,0.229,0.25,0,0,1,2
0.507,0.232,0.25,0,0,1,2
0.507,0.235,0.25,0,0,1,2
0.507,0.238,0.25,0,0,1,2
0.507,0.241,0.25,0,0,1,2
0.507,0.244,0.25,0,0,1,2
0.507,0.247,0.25,0,0,1,2
0.507,0.25,0.25,0,0,1,2
0.507,0.253,0.25,0,0,1,2
0.507,0.256,0.25,0,0,1,2
0.507,0.259,0.25,0,0,1,2
0.51,0.1,0.25,0,0,1,2
0.51,0.103,0.25,0,0,1,2
0.51,0.106,0.25,0,0,1,2
0.51,0.109,0.25,0,0,1,2
0.51,0.112,0.25,0,0,1,2
0.51,0.115,0.25,0,0,1,2
0.51,0.118,0.25,0,0,1,2
0.51,0.121,0.25,0,0,1,2
0.51,0.124,0.25,0,0,1,2
0.51,0.127,0.25,0,0,1,2
0.51,0.13,0.25,0,0,1,2
0.51,0.133,0.25,0,0,1,2
0.51,0.136,0.25,0,0,1,2
0.51,0.139,0.25,0,0,1,2
0.51,0.142,0.25,0,0,1,2
0.51,0.145,0.25,0,0,1,2
0.51,0.148,0.25,0,0,1,2
0.51,0.151,0.25,0,0,1,2
0.51,0.154,0.25,0,0,1,2
0.51,0.157,0.25,0,0,1,2
0.51,0.16,0.25,0,0,1,2
0.51,0.163,0.25,0,0,1,2
0.51,0.166,0.25,0,0,1,2
0.51,0.169,0.25,0,0,1,2
0.51,0.172,0.25,0,0,1,2
0.51,0.175,0.25,0,0,1,2
0.51,0.178,0.25,0,0,1,2
0.51,0.181,0.25,0,0,1,2
0.51,0.184,0.25,0,0,1,2
0.51,0.187,0.25,0,0,1,2
0.51,0.19,0.25,0,0,1,2
0.51,0.193,0.25,0,0,1,2
0.51,0.196,0.25,0,0,1,2
0.51,0.199,0.25,0,0,1,2
0.51,0.202,0.25,0,0,1,2
0.51,0.205,0.25,0,0,1,2
0.51,0.208,0.25,0,0,1,2
0.51,0.211,0.25,0,0,1,2
0.51,0.214,0.25,0,0,1,2
0.51,0.217,0.25,0,0,1,2
0.51,0.22,0.25,0,0,1,2
0.51,0.223,0.25,0,0,1,2
0.51,0.226,0.25,0,0,1,2
0.51,0.229,0.25,0,0,1,2
0.51,0.232,0.25,0,0,1,2
0.51,0.235,0.25,0,0,1,2
0.51,0.238,0.25,0,0,1,2
0.51,0.241,0.25,0,0,1,2
0.51,0.244,0.25,0,0,1,2
0.51,0.247,0.25,0,0,1,2
0.51,0.25,0.25,0,0,1,2
0.51,0.253,0.25,0,0,1,2
0.51,0.256,0.25,0,0,1,2
0.51,0.259,0.25,0,0,1,2
0.513,0.1,0.25,0,0,1,2
0.513,0.103,0.25,0,0,1,2
0.513,0.106,0.25,0,0,1,2
0.513,0.109,0.25,0,0,1,2
0.513,0.112,0.25,0,0,1,2
0.513,0.115,0.25,0,0,1,2
0.513,0.118,0.25,0,0,1,2
0.513,0.121,0.25,0,0,1,2
0.513,0.124,0.25,0,0,1,2
0.513,0.127,0.25,0,0,1,2
0.513,0.13,0.25,0,0,1,2
0.513,0.133,0.25,0,0,1,2
0.513,0.136,0.25,0,0,1,2
0.513,0.139,0.25,0,0,1,2
0.513,0.142,0.25,0,0,1,2
0.513,0.145,0.25,0,0,1,2
0.513,0.148,0.25,0,0,1,2
0.513,0.151,0.25,0,0,1,2
0.513,0.154,0.25,0,0,1,2
0.513,0.157,0.25,0,0,1,2
0.513,0.16,0.25,0,0,1,2
0.513,0.163,0.25,0,0,1,2
0.513,0.166,0.25,0,0,1,2
0.513,0.169,0.25,0,0,1,2
0.513,0.172,0.25,0,0,1,2
0.513,0.175,0.25,0,0,1,2
0.513,0.178,0.25,0,0,1,2
0.513,0.181,0.25,0,0,1,2
0.513,0.184,0.25,0,0,1,2
0.513,0.187,0.25,0,0,1,2
0.513,0.19,0.25,0,0,1,2
0.513,0.193,0.25,0,0,1,2
0.513,0.196,0.25,0,0,1,2
0.513,0.199,0.25,0,0,1,2
0.513,0.202,0.25,0,0,1,2
0.513,0.205,0.25,0,0,1,2
0.513,0.208,0.25,0,0,1,2
0.513,0.211,0.25,0,0,1,2
0.513,0.214,0.25,0,0,1,2
0.513,0.217,0.25,0,0,1,2
0.513,0.22,0.25,0,0,1,2
0.513,0.223,0.25,0,0,1,2
0.513,0.226,0.25,0,0,1,2
0.513,0.229,0.25,0,0,1,2
0.513,0.232,0.25,0,0,1,2
0.513,0.235,0.25,0,0,1,2
0.513,0.238,0.25,0,0,1,2
0.513,0.241,0.25,0,0,1,2
0.513,0.244,0.25,0,0,1,2
0.513,0.247,0.25,0,0,1,2
0.513,0.25,0.25,0,0,1,2
0.513,0.253,0.25,0,0,1,2
0.513,0.256,0.25,0,0,1,2
0.513,0.259,0.25,0,0,1,2
0.516,0.1,0.25,0,0,1,2
0.516,0.103,0.25,0,0,1,2
0.516,0.106,0.25,0,0,1,2
0.516,0.109,0.25,0,0,1,2
0.516,0.112,0.25,0,0,1,2
0.516,0.115,0.25,0,0,1,2
0.516,0.118,0.25,0,0,1,2
0.516,0.121,0.25,0,0,1,2
0.516,0.124,0.25,0,0,1,2
0.516,0.127,0.25,0,0,1,2
0.516,0.13,0.25,0,0,1,2
0.516,0.133,0.25,0,0,1,2
0.516,0.136,0.25,0,0,1,2
0.516,0.139,0.25,0,0,1,2
0.516,0.142,0.25,0,0,1,2
0.516,0.145,0.25,0,0,1,2
0.516,0.148,0.25,0,0,1,2
0.516,0.151,0.25,0,0,1,2
0.516,0.154,0.25,0,0,1,2
0.516,0.157,0.25,0,0,1,2
0.516,0.16,0.25,0,0,1,2
0.516,0.163,0.25,0,0,1,2
0.516,0.166,0.25,0,0,1,2
0.516,0.169,0.25,0,0,1,2
0.516,0.172,0.25,0,0,1,2
0.516,0.175,0.25,0,0,1,2
0.516,0.178,0.25,0,0,1,2
0.516,0.181,0.25,0,0,1,2
0.516,0.184,0.25,0,0,1,2
0.516,0.187,0.25,0,0,1,2
0.516,0.19,0.25,0,0,1,2
0.516,0.193,0.25,0,0,1,2
0.516,0.196,0.25,0,0,1,2
0.516,0.199,0.25,0,0,1,2
0.516,0.202,0.25,0,0,1,2
0.516,0.205,0.25,0,0,1,2
0.516,0.208,0.25,0,0,1,2
0.516,0.211,0.25,0,0,1,2
0.516,0.214,0.25,0,0,1,2
0.516,0.217,0.25,0,0,1,2
0.516,0.22,0.25,0,0,1,2
0.516,0.223,0.25,0,0,1,2
0.516,0.226,0.25,0,0,1,2
0.516,0.229,0.25,0,0,1,2
0.516,0.232,0.25,0,0,1,2
0.516,0.235,0.25,0,0,1,2
0.516,0.238,0.25,0,0,1,2
0.516,0.241,0.25,0,0,1,2
0.516,0.244,0.25,0,0,1,2
0.516,0.247,0.25,0,0,1,2
0.516,0.25,0.25,0,0,1,2
0.516,0.253,0.25,0,0,1,2
0.516,0.256,0.25,0,0,1,2
0.516,0.259,0.25,0,0,1,2
0.519,0.1,0.25,0,0,1,2
0.519,0.103,0.25,0,0,1,2
0.519,0.106,0.25,0,0,1,2
0.519,0.109,0.25,0,0,1,2
0.519,0.112,0.25,0,0,1,2
0.519,0.115,0.25,0,0,1,2
0.519,0.118,0.25,0,0,1,2
0.519,0.121,0.25,0,0,1,2
0.519,0.124,0.25,0,0,1,2
0.519,0.127,0.25,0,0,1,2
0.519,0.13,0.25,0,0,1,2
0.519,0.133,0.25,0,0,1,2
0.519,0.136,0.25,0,0,1,2
0.519,0.139,0.25,0,0,1,2
0.519,0.142,0.25,0,0,1,2
0.519,0.145,0.25,0,0,1,2
0.519,0.148,0.25,0,0,1,2
0.519,0.151,0.25,0,0,1,2
0.519,0.154,0.25,0,0,1,2
0.519,0.157,0.25,0,0,1,2
0.519,0.16,0.25,0,0,1,2
0.519,0.163,0.25,0,0,1,2
0.519,0.166,0.25,0,0,1,2
0.519,0.169,0.25,0,0,1,2
0.519,0.172,0.25,0,0,1,2
0.519,0.175,0.25,0,0,1,2
0.519,0.178,0.25,0,0,1,2
0.519,0.181,0.25,0,0,1,2
0.519,0.184,0.25,0,0,1,2
0.519,0.187,0.25,0,0,1,2
0.519,0.19,0.25,0,0,1,2
0.519,0.193,0.25,0,0,1,2
0.519,0.196,0.25,0,0,1,2
0.519,0.199,0.25,0,0,1,2
0.519,0.202,0.25,0,0,1,2
0.519,0.205,0.25,0,0,1,2
0.519,0.208,0.25,0,0,1,2
0.519,0.211,0.25,0,0,1,2
0.519,0.214,0.25,0,0,1,2
0.519,0.217,0.25,0,0,1,2
0.519,0.22,0.25,0,0,1,2
0.519,0.223,0.25,0,0,1,2
0.519,0.226,0.25,0,0,1,2
0.519,0.229,0.25,0,0,1,2
0.519,0.232,0.25,0,0,1,2
0.519,0.235,0.25,0,0,1,2
0.519,0.238,0.25,0,0,1,2
0.519,0.241,0.25,0,0,1,2
0.519,0.244,0.25,0,0,1,2
0.519,0.247,0.25,0,0,1,2
0.519,0.25,0.25,0,0,1,2
0.519,0.253,0.25,0,0,1,2
0.519,0.256,0.25,0,0,1,2
0.519,0.259,0.25,0,0,1,2
0.522,0.1,0.25,0,0,1,2
0.522,0.103,0.25,0,0,1,2
0.522,0.106,0.25,0,0,1,2
0.522,0.109,0.25,0,0,1,2
0.522,0.112,0.25,0,0,1,2
0.522,0.115,0.25,0,0,1,2
0.522,0.118,0.25,0,0,1,2
0.522,0.121,0.25,0,0,1,2
0.522,0.124,0.25,0,0,1,2
0.522,0.127,0.25,0,0,1,2
0.522,0.13,0.25,0,0,1,2
0.522,0.133,0.25,0,0,1,2
0.522,0.136,0.25,0,0,1,2
0.522,0.139,0.25,0,0,1,2
0.522,0.142,0.25,0,0,1,2
0.522,0.145,0.25,0,0,1,2
0.522,0.148,0.25,0,0,1,2
0.522,0.151,0.25,0,0,1,2
0.522,0.154,0.25,0,0,1,2
0.522,0.157,0.25,0,0,1,2
0.522,0.16,0.25,0,0,1,2
0.522,0.163,0.25,0,0,1,2
0.522,0.166,0.25,0,0,1,2
0.522,0.169,0.25,0,0,1,2
0.522,0.172,0.25,0,0,1,2
0.522,0.175,0.25,0,0,1,2
0.522,0.178,0.25,0,0,1,2
0.522,0.181,0.25,0,0,1,2
0.522,0.184,0.25,0,0,1,2
0.522,0.187,0.25,0,0,1,2
0.522,0.19,0.25,0,0,1,2
0.522,0.193,0.25,0,0,1,2
0.522,0.196,0.25,0,0,1,2
0.522,0.199,0.25,0,0,1,2
0.522,0.202,0.25,0,0,1,2
0.522,0.205,0.25,0,0,1,2
0.522,0.208,0.25,0,0,1,2
0.522,0.211,0.25,0,0,1,2
0.522,0.214,0.25,0,0,1,2
0.522,0.217,0.25,0,0,1,2
0.522,0.22,0.25,0,0,1,2
0.522,0.223,0.25,0,0,1,2
0.522,0.226,0.25,0,0,1,2
0.522,0.229,0.25,0,0,1,2
0.522,0.232,0.25,0,0,1,2
0.522,0.235,0.25,0,0,1,2
0.522,0.238,0.25,0,0,1,2
0.522,0.241,0.25,0,0,1,2
0.522,0.244,0.25,0,0,1,2
0.522,0.247,0.25,0,0,1,2
0.522,0.25,0.25,0,0,1,2
0.522,0.253,0.25,0,0,1,2
0.522,0.256,0.25,0,0,1,2
0.522,0.259,0.25,0,0,1,2
0.525,0.1,0.25,0,0,1,2
0.525,0.103,0.25,0,0,1,2
0.525,0.106,0.25,0,0,1,2
0.525,0.109,0.25,0,0,1,2
0.525,0.112,0.25,0,0,1,2
0.525,0.115,0.25,0,0,1,2
0.525,0.118,0.25,0,0,1,2
0.525,0.121,0.25,0,0,1,2
0.525,0.124,0.25,0,0,1,2
0.525,0.127,0.25,0,0,1,2
0.525,0.13,0.25,0,0,1,2
0.525,0.133,0.25,0,0,1,2
0.525,0.136,0.25,0,0,1,2
0.525,0.139,0.25,0,0,1,2
0.525,0.142,0.25,0,0,1,2
0.525,0.145,0.25,0,0,1,2
0.525,0.148,0.25,0,0,1,2
0.525,0.151,0.25,0,0,1,2
0.525,0.154,0.25,0,0,1,2
0.525,0.157,0.25,0,0,1,2
0.525,0.16,0.25,0,0,1,2
0.525,0.163,0.25,0,0,1,2
0.525,0.166,0.25,0,0,1,2
0.525,0.169,0.25,0,0,1,2
0.525,0.172,0.25,0,0,1,2
0.525,0.175,0.25,0,0,1,2
0.525,0.178,0.25,0,0,1,2
0.525,0.181,0.25,0,0,1,2
0.525,0.184,0.25,0,0,1,2
0.525,0.187,0.25,0,0,1,2
0.525,0.19,0.25,0,0,1,2
0.525,0.193,0.25,0,0,1,2
0.525,0.196,0.25,0,0,1,2
0.525,0.199,0.25,0,0,1,2
0.525,0.202,0.25,0,0,1,2
0.525,0.205,0.25,0,0,1,2
0.525,0.208,0.25,0,0,1,2
0.525,0.211,0.25,0,0,1,2
0.525,0.214,0.25,0,0,1,2
0.525,0.217,0.25,0,0,1,2
0.525,0.22,0.25,0,0,1,2
0.525,0.223,0.25,0,0,1,2
0.525,0.226,0.25,0,0,1,2
0.525,0.229,0.25,0,0,1,2
0.525,0.232,0.25,0,0,1,2
0.525,0.235,0.25,0,0,1,2
0.525,0.238,0.25,0,0,1,2
0.525,0.241,0.25,0,0,1,2
0.525,0.244,0.25,0,0,1,2
0.525,0.247,0.25,0,0,1,2
0.525,0.25,0.25,0,0,1,2
0.525,0.253,0.25,0,0,1,2
0.525,0.256,0.25,0,0,1,2
0.525,0.259,0.25,0,0,1,2
0.528,0.1,0.25,0,0,1,2
0.528,0.103,0.25,0,0,1,2
0.528,0.106,0.25,0,0,1,2
0.528,0.109,0.25,0,0,1,2
0.528,0.112,0.25,0,0,1,2
0.528,0.115,0.25,0,0,1,2
0.528,0.118,0.25,0,0,1,2
0.528,0.121,0.25,0,0,1,2
0.528,0.124,0.25,0,0,1,2
0.528,0.127,0.25,0,0,1,2
0.528,0.13,0.25,0,0,1,2
0.528,0.133,0.25,0,0,1,2
0.528,0.136,0.25,0,0,1,2
0.528,0.139,0.25,0,0,1,2
0.528,0.142,0.25,0,0,1,2
0.528,0.145,0.25,0,0,1,2
0.528,0.148,0.25,0,0,1,2
0.528,0.151,0.25,0,0,1,2
0.528,0.154,0.25,0,0,1,2
0.528,0.157,0.25,0,0,1,2
0.528,0.16,0.25,0,0,1,2
0.528,0.163,0.25,0,0,1,2
0.528,0.166,0.25,0,0,1,2
0.528,0.169,0.25,0,0,1,2
0.528,0.172,0.25,0,0,1,2
0.528,0.175,0.25,0,0,1,2
0.528,0.178,0.25,0,0,1,2
0.528,0.181,0.25,0,0,1,2
0.528,0.184,0.25,0,0,1,2
0.528,0.187,0.25,0,0,1,2
0.528,0.19,0.25,0,0,1,2
0.528,0.193,0.25,0,0,1,2
0.528,0.196,0.25,0,0,1,2
0.528,0.199,0.25,0,0,1,2
0.528,0.202,0.25,0,0,1,2
0.528,0.205,0.25,0,0,1,2
0.528,0.208,0.25,0,0,1,2
0.528,0.211,0.25,0,0,1,2
0.528,0.214,0.25,0,0,1,2
0.528,0.217,0.25,0,0,1,2
0.528,0.22,0.25,0,0,1,2
0.528,0.223,0.25,0,0,1,2
0.528,0.226,0.25,0,0,1,2
0.528,0.229,0.25,0,0,1,2
0.528,0.232,0.25,0,0,1,2
0.528,0.235,0.25,0,0,1,2
0.528,0.238,0.25,0,0,1,2
0.528,0.241,0.25,0,0,1,2
0.528,0.244,0.25,0,0,1,2
0.528,0.247,0.25,0,0,1,2
0.528,0.25,0.25,0,0,1,2
0.528,0.253,0.25,0,0,1,2
0.528,0.256,0.25,0,0,1,2
0.528,0.259,0.25,0,0,1,2
0.531,0.1,0.25,0,0,1,2
0.531,0.103,0.25,0,0,1,2
0.531,0.106,0.25,0,0,1,2
0.531,0.109,0.25,0,0,1,2
0.531,0.112,0.25,0,0,1,2
0.531,0.115,0.25,0,0,1,2
0.531,0.118,0.25,0,0,1,2
0.531,0.121,0.25,0,0,1,2
0.531,0.124,0.25,0,0,1,2
0.531,0.127,0.25,0,0,1,2
0.531,0.13,0.25,0,0,1,2
0.531,0.133,0.25,0,0,1,2
0.531,0.136,0.25,0,0,1,2
0.531,0.139,0.25,0,0,1,2
0.531,0.142,0.25,0,0,1,2
0.531,0.145,0.25,0,0,1,2
0.531,0.148,0.25,0,0,1,2
0.531,0.151,0.25,0,0,1,2
0.531,0.154,0.25,0,0,1,2
0.531,0.157,0.25,0,0,1,2
0.531,0.16,0.25,0,0,1,2
0.531,0.163,0.25,0,0,1,2
0.531,0.166,0.25,0,0,1,2
0.531,0.169,0.25,0,0,1,2
0.531,0.172,0.25,0,0,1,2
0.531,0.175,0.25,0,0,1,2
0.531,0.178,0.25,0,0,1,2
0.531,0.181,0.25,0,0,1,2
0.531,0.184,0.25,0,0,1,2
0.531,0.187,0.25,0,0,1,2
0.531,0.19,0.25,0,0,1,2
0.531,0.193,0.25,0,0,1,2
0.531,0.196,0.25,0,0,1,2
0.531,0.199,0.25,0,0,1,2
0.531,0.202,0.25,0,0,1,2
0.531,0.205,0.25,0,0,1,2
0.531,0.208,0.25,0,0,1,2
0.531,0.211,0.25,0,0,1,2
0.531,0.214,0.25,0,0,1,2
0.531,0.217,0.25,0,0,1,2
0.531,0.22,0.25,0,0,1,2
0.531,0.223,0.25,0,0,1,2
0.531,0.226,0.25,0,0,1,2
0.531,0.229,0.25,0,0,1,2
0.531,0.232,0.25,0,0,1,2
0.531,0.235,0.25,0,0,1,2
0.531,0.238,0.25,0,0,1,2
0.531,0.241,0.25,0,0,1,2
0.531,0.244,0.25,0,0,1,2
0.531,0.247,0.25,0,0,1,2
0.531,0.25,0.25,0,0,1,2
0.531,0.253,0.25,0,0,1,2
0.531,0.256,0.25,0,0,1,2
0.531,0.259,0.25,0,0,1,2
0.534,0.1,0.25,0,0,1,2
0.534,0.103,0.25,0,0,1,2
0.534,0.106,0.25,0,0,1,2
0.534,0.109,0.25,0,0,1,2
0.534,0.112,0.25,0,0,1,2
0.534,0.115,0.25,0,0,1,2
0.534,0.118,0.25,0,0,1,2
0.534,0.121,0.25,0,0,1,2
0.534,0.124,0.25,0,0,1,2
0.534,0.127,0.25,0,0,1,2
0.534,0.13,0.25,0,0,1,2
0.534,0.133,0.25,0,0,1,2
0.534,0.136,0.25,0,0,1,2
0.534,0.139,0.25,0,0,1,2
0.534,0.142,0.25,0,0,1,2
0.534,0.145,0.25,0,0,1,2
0.534,0.148,0.25,0,0,1,2
0.534,0.151,0.25,0,0,1,2
0.534,0.154,0.25,0,0,1,2
0.534,0.157,0.25,0,0,1,2
0.534,0.16,0.25,0,0,1,2
0.534,0.163,0.25,0,0,1,2
0.534,0.166,0.25,0,0,1,2
0.534,0.169,0.25,0,0,1,2
0.534,0.172,0.25,0,0,1,2
0.534,0.175,0.25,0,0,1,2
0.534,0.178,0.25,0,0,1,2
0.534,0.181,0.25,0,0,1,2
0.534,0.184,0.25,0,0,1,2
0.534,0.187,0.25,0,0,1,2
0.534,0.19,0.25,0,0,1,2
0.534,0.193,0.25,0,0,1,2
0.534,0.196,0.25,0,0,1,2
0.534,0.199,0.25,0,0,1,2
0.534,0.202,0.25,0,0,1,2
0.534,0.205,0.25,0,0,1,2
0.534,0.208,0.25,0,0,1,2
0.534,0.211,0.25,0,0,1,2
0.534,0.214,0.25,0,0,1,2
0.534,0.217,0.25,0,0,1,2
0.534,0.22,0.25,0,0,1,2
0.534,0.223,0.25,0,0,1,2
0.534,0.226,0.25,0,0,1,2
0.534,0.229,0.25,0,0,1,2
0.534,0.232,0.25,0,0,1,2
0.534,0.235,0.25,0,0,1,2
0.534,0.238,0.25,0,0,1,2
0.534,0.241,0.25,0,0,1,2
0.534,0.244,0.25,0,0,1,2
0.534,0.247,0.25,0,0,1,2
0.534,0.25,0.25,0,0,1,2
0.534,0.253,0.25,0,0,1,2
0.534,0.256,0.25,0,0,1,2
0.534,0.259,0.25,0,0,1,2
0.537,0.1,0.25,0,0,1,2
0.537,0.103,0.25,0,0,1,2
0.537,0.106,0.25,0,0,1,2
0.537,0.109,0.25,0,0,1,2
0.537,0.112,0.25,0,0,1,2
0.537,0.115,0.25,0,0,1,2
0.537,0.118,0.25,0,0,1,2
0.537,0.121,0.25,0,0,1,2
0.537,0.124,0.25,0,0,1,2
0.537,0.127,0.25,0,0,1,2
0.537,0.13,0.25,0,0,1,2
0.537,0.133,0.25,0,0,1,2
0.537,0.136,0.25,0,0,1,2
0.537,0.139,0.25,0,0,1,2
0.537,0.142,0.25,0,0,1,2
0.537,0.145,0.25,0,0,1,2
0.537,0.148,0.25,0,0,1,2
0.537,0.151,0.25,0,0,1,2
0.537,0.154,0.25,0,0,1,2
0.537,0.157,0.25,0,0,1,2
0.537,0.16,0.25,0,0,1,2
0.537,0.163,0.25,0,0,1,2
0.537,0.166,0.25,0,0,1,2
0.537,0.169,0.25,0,0,1,2
0.537,0.172,0.25,0,0,1,2
0.537,0.175,0.25,0,0,1,2
0.537,0.178,0.25,0,0,1,2
0.537,0.181,0.25,0,0,1,2
0.537,0.184,0.25,0,0,1,2
0.537,0.187,0.25,0,0,1,2
0.537,0.19,0.25,0,0,1,2
0.537,0.193,0.25,0,0,1,2
0.537,0.196,0.25,0,0,1,2
0.537,0.199,0.25,0,0,1,2
0.537,0.202,0.25,0,0,1,2
0.537,0.205,0.25,0,0,1,2
0.537,0.208,0.25,0,0,1,2
0.537,0.211,0.25,0,0,1,2
0.537,0.214,0.25,0,0,1,2
0.537,0.217,0.25,0,0,1,2
0.537,0.22,0.25,0,0,1,2
0.537,0.223,0.25,0,0,1,2
0.537,0.226,0.25,0,0,1,2
0.537,0.229,0.25,0,0,1,2
0.537,0.232,0.25,0,0,1,2
0.537,0.235,0.25,0,0,1,2
0.537,0.238,0.25,0,0,1,2
0.537,0.241,0.25,0,0,1,2
0.537,0.244,0.25,0,0,1,2
0.537,0.247,0.25,0,0,1,2
0.537,0.25,0.25,0,0,1,2
0.537,0.253,0.25,0,0,1,2
0.537,0.256,0.25,0,0,1,2
0.537,0.259,0.25,0,0,1,2
0.54,0.1,0.25,0,0,1,2
0.54,0.103,0.25,0,0,1,2
0.54,0.106,0.25,0,0,1,2
0.54,0.109,0.25,0,0,1,2
0.54,0.112,0.25,0,0,1,2
0.54,0.115,0.25,0,0,1,2
0.54,0.118,0.25,0,0,1,2
0.54,0.121,0.25,0,0,1,2
0.54,0.124,0.25,0,0,1,2
0.54,0.127,0.25,0,0,1,2
0.54,0.13,0.25,0,0,1,2
0.54,0.133,0.25,0,0,1,2
0.54,0.136,0.25,0,0,1,2
0.54,0.139,0.25,0,0,1,2
0.54,0.142,0.25,0,0,1,2
0.54,0.145,0.25,0,0,1,2
0.54,0.148,0.25,0,0,1,2
0.54,0.151,0.25,0,0,1,2
0.54,0.154,0.25,0,0,1,2
0.54,0.157,0.25,0,0,1,2
0.54,0.16,0.25,0,0,1,2
0.54,0.163,0.25,0,0,1,2
0.54,0.166,0.25,0,0,1,2
0.54,0.169,0.25,0,0,1,2
0.54,0.172,0.25,0,0,1,2
0.54,0.175,0.25,0,0,1,2
0.54,0.178,0.25,0,0,1,2
0.54,0.181,0.25,0,0,1,2
0.54,0.184,0.25,0,0,1,2
0.54,0.187,0.25,0,0,1,2
0.54,0.19,0.25,0,0,1,2
0.54,0.193,0.25,0,0,1,2
0.54,0.196,0.25,0,0,1,2
0.54,0.199,0.25,0,0,1,2
0.54,0.202,0.25,0,0,1,2
0.54,0.205,0.25,0,0,1,2
0.54,0.208,0.25,0,0,1,2
0.54,0.211,0.25,0,0,1,2
0.54,0.214,0.25,0,0,1,2
0.54,0.217,0.25,0,0,1,2
0.54,0.22,0.25,0,0,1,2
0.54,0.223,0.25,0,0,1,2
0.54,0.226,0.25,0,0,1,2
0.54,0.229,0.25,0,0,1,2
0.54,0.232,0.25,0,0,1,2
0.54,0.235,0.25,0,0,1,2
0.54,0.238,0.25,0,0,1,2
0.54,0.241,0.25,0,0,1,2
0.54,0.244,0.25,0,0,1,2
0.54,0.247,0.25,0,0,1,2
0.54,0.25,0.25,0,0,1,2
0.54,0.253,0.25,0,0,1,2
0.54,0.256,0.25,0,0,1,2
0.54,0.259,0.25,0,0,1,2
0.543,0.1,0.25,0,0,1,2
0.543,0.103,0.25,0,0,1,2
0.543,0.106,0.25,0,0,1,2
0.543,0.109,0.25,0,0,1,2
0.543,0.112,0.25,0,0,1,2
0.543,0.115,0.25,0,0,1,2
0.543,0.118,0.25,0,0,1,2
0.543,0.121,0.25,0,0,1,2
0.543,0.124,0.25,0,0,1,2
0.543,0.127,0.25,0,0,1,2
0.543,0.13,0.25,0,0,1,2
0.543,0.133,0.25,0,0,1,2
0.543,0.136,0.25,0,0,1,2
0.543,0.139,0.25,0,0,1,2
0.543,0.142,0.25,0,0,1,2
0.543,0.145,0.25,0,0,1,2
0.543,0.148,0.25,0,0,1,2
0.543,0.151,0.25,0,0,1,2
0.543,0.154,0.25,0,0,1,2
0.543,0.157,0.25,0,0,1,2
0.543,0.16,0.25,0,0,1,2
0.543,0.163,0.25,0,0,1,2
0.543,0.166,0.25,0,0,1,2
0.543,0.169,0.25,0,0,1,2
0.543,0.172,0.25,0,0,1,2
0.543,0.175,0.25,0,0,1,2
0.543,0.178,0.25,0,0,1,2
0.543,0.181,0.25,0,0,1,2
0.543,0.184,0.25,0,0,1,2
0.543,0.187,0.25,0,0,1,2
0.543,0.19,0.25,0,0,1,2
0.543,0.193,0.25,0,0,1,2
0.543,0.196,0.25,0,0,1,2
0.543,0.199,0.25,0,0,1,2
0.543,0.202,0.25,0,0,1,2
0.543,0.205,0.25,0,0,1,2
0.543,0.208,0.25,0,0,1,2
0.543,0.211,0.25,0,0,1,2
0.543,0.214,0.25,0,0,1,2
0.543,0.217,0.25,0,0,1,2
0.543,0.22,0.25,0,0,1,2
0.543,0.223,0.25,0,0,1,2
0.543,0.226,0.25,0,0,1,2
0.543,0.229,0.25,0,0,1,2
0.543,0.232,0.25,0,0,1,2
0.543,0.235,0.25,0,0,1,2
0.543,0.238,0.25,0,0,1,2
0.543,0.241,0.25,0,0,1,2
0.543,0.244,0.25,0,0,1,2
0.543,0.247,0.25,0,0,1,2
0.543,0.25,0.25,0,0,1,2
0.543,0.253,0.25,0,0,1,2
0.543,0.256,0.25,0,0,1,2
0.543,0.259,0.25,0,0,1,2
0.546,0.1,0.25,0,0,1,2
0.546,0.103,0.25,0,0,1,2
0.546,0.106,0.25,0,0,1,2
0.546,0.109,0.25,0,0,1,2
0.546,0.112,0.25,0,0,1,2
0.546,0.115,0.25,0,0,1,2
0.546,0.118,0.25,0,0,1,2
0.546,0.121,0.25,0,0,1,2
0.546,0.124,0.25,0,0,1,2
0.546,0.127,0.25,0,0,1,2
0.546,0.13,0.25,0,0,1,2
0.546,0.133,0.25,0,0,1,2
0.546,0.136,0.25,0,0,1,2
0.546,0.139,0.25,0,0,1,2
0.546,0.142,0.25,0,0,1,2
0.546,0.145,0.25,0,0,1,2
0.546,0.148,0.25,0,0,1,2
0.546,0.151,0.25,0,0,1,2
0.546,0.154,0.25,0,0,1,2
0.546,0.157,0.25,0,0,1,2
0.546,0.16,0.25,0,0,1,2
0.546,0.163,0.25,0,0,1,2
0.546,0.166,0.25,0,0,1,2
0.546,0.169,0.25,0,0,1,2
0.546,0.172,0.25,0,0,1,2
0.546,0.175,0.25,0,0,1,2
0.546,0.178,0.25,0,0,1,2
0.546,0.181,0.25,0,0,1,2
0.546,0.184,0.25,0,0,1,2
0.546,0.187,0.25,0,0,1,2
0.546,0.19,0.25,0,0,1,2
0.546,0.193,0.25,0,0,1,2
0.546,0.196,0.25,0,0,1,2
0.546,0.199,0.25,0,0,1,2
0.546,0.202,0.25,0,0,1,2
0.546,0.205,0.25,0,0,1,2
0.546,0.208,0.25,0,0,1,2
0.546,0.211,0.25,0,0,1,2
0.546,0.214,0.25,0,0,1,2
0.546,0.217,0.25,0,0,1,2
0.546,0.22,0.25,0,0,1,2
0.546,0.223,0.25,0,0,1,2
0.546,0.226,0.25,0,0,1,2
0.546,0.229,0.25,0,0,1,2
0.546,0.232,0.25,0,0,1,2
0.546,0.235,0.25,0,0,1,2
0.546,0.238,0.25,0,0,1,2
0.546,0.241,0.25,0,0,1,2
0.546,0.244,0.25,0,0,1,2
0.546,0.247,0.25,0,0,1,2
0.546,0.25,0.25,0,0,1,2
0.546,0.253,0.25,0,0,1,2
0.546,0.256,0.25,0,0,1,2
0.546,0.259,0.25,0,0,1,2
0.549,0.1,0.25,0,0,1,2
0.549,0.103,0.25,0,0,1,2
0.549,0.106,0.25,0,0,1,2
0.549,0.109,0.25,0,0,1,2
0.549,0.112,0.25,0,0,1,2
0.549,0.115,0.25,0,0,1,2
0.549,0.118,0.25,0,0,1,2
0.549,0.121,0.25,0,0,1,2
0.549,0.124,0.25,0,0,1,2
0.549,0.127,0.25,0,0,1,2
0.549,0.13,0.25,0,0,1,2
0.549,0.133,0.25,0,0,1,2
0.549,0.136,0.25,0,0,1,2
0.549,0.139,0.25,0,0,1,2
0.549,0.142,0.25,0,0,1,2
0.549,0.145,0.25,0,0,1,2
0.549,0.148,0.25,0,0,1,2
0.549,0.151,0.25,0,0,1,2
0.549,0.154,0.25,0,0,1,2
0.549,0.157,0.25,0,0,1,2
0.549,0.16,0.25,0,0,1,2
0.549,0.163,0.25,0,0,1,2
0.549,0.166,0.25,0,0,1,2
0.549,0.169,0.25,0,0,1,2
0.549,0.172,0.25,0,0,1,2
0.549,0.175,0.25,0,0,1,2
0.549,0.178,0.25,0,0,1,2
0.549,0.181,0.25,0,0,1,2
0.549,0.184,0.25,0,0,1,2
0.549,0.187,0.25,0,0,1,2
0.549,0.19,0.25,0,0,1,2
0.549,0.193,0.25,0,0,1,2
0.549,0.196,0.25,0,0,1,2
0.549,0.199,0.25,0,0,1,2
0.549,0.202,0.25,0,0,1,2
0.549,0.205,0.25,0,0,1,2
0.549,0.208,0.25,0,0,1,2
0.549,0.211,0.25,0,0,1,2
0.549,0.214,0.25,0,0,1,2
0.549,0.217,0.25,0,0,1,2
0.549,0.22,0.25,0,0,1,2
0.549,0.223,0.25,0,0,1,2
0.549,0.226,0.25,0,0,1,2
0.549,0.229,0.25,0,0,1,2
0.549,0.232,0.25,0,0,1,2
0.549,0.235,0.25,0,0,1,2
0.549,0.238,0.25,0,0,1,2
0.549,0.241,0.25,0,0,1,2
0.549,0.244,0.25,0,0,1,2
0.549,0.247,0.25,0,0,1,2
0.549,0.25,0.25,0,0,1,2
0.549,0.253,0.25,0,0,1,2
0.549,0.256,0.25,0,0,1,2
0.549,0.259,0.25,0,0,1,2
0.552,0.1,0.25,0,0,1,2
0.552,0.103,0.25,0,0,1,2
0.552,0.106,0.25,0,0,1,2
0.552,0.109,0.25,0,0,1,2
0.552,0.112,0.25,0,0,1,2
0.552,0.115,0.25,0,0,1,2
0.552,0.118,0.25,0,0,1,2
0.552,0.121,0.25,0,0,1,2
0.552,0.124,0.25,0,0,1,2
0.552,0.127,0.25,0,0,1,2
0.552,0.13,0.25,0,0,1,2
0.552,0.133,0.25,0,0,1,2
0.552,0.136,0.25,0,0,1,2
0.552,0.139,0.25,0,0,1,2
0.552,0.142,0.25,0,0,1,2
0.552,0.145,0.25,0,0,1,2
0.552,0.148,0.25,0,0,1,2
0.552,0.151,0.25,0,0,1,2
0.552,0.154,0.25,0,0,1,2
0.552,0.157,0.25,0,0,1,2
0.552,0.16,0.25,0,0,1,2
0.552,0.163,0.25,0,0,1,2
0.552,0.166,0.25,0,0,1,2
0.552,0.169,0.25,0,0,1,2
0.552,0.172,0.25,0,0,1,2
0.552,0.175,0.25,0,0,1,2
0.552,0.178,0.25,0,0,1,2
0.552,0.181,0.25,0,0,1,2
0.552,0.184,0.25,0,0,1,2
0.552,0.187,0.25,0,0,1,2
0.552,0.19,0.25,0,0,1,2
0.552,0.193,0.25,0,0,1,2
0.552,0.196,0.25,0,0,1,2
0.552,0.199,0.25,0,0,1,2
0.552,0.202,0.25,0,0,1,2
0.552,0.205,0.25,0,0,1,2
0.552,0.208,0.25,0,0,1,2
0.552,0.211,0.25,0,0,1,2
0.552,0.214,0.25,0,0,1,2
0.552,0.217,0.25,0,0,1,2
0.552,0.22,0.25,0,0,1,2
0.552,0.223,0.25,0,0,1,2
0.552,0.226,0.25,0,0,1,2
0.552,0.229,0.25,0,0,1,2
0.552,0.232,0.25,0,0,1,2
0.552,0.235,0.25,0,0,1,2
0.552,0.238,0.25,0,0,1,2
0.552,0.241,0.25,0,0,1,2
0.552,0.244,0.25,0,0,1,2
0.552,0.247,0.25,0,0,1,2
0.552,0.25,0.25,0,0,1,2
0.552,0.253,0.25,0,0,1,2
0.552,0.256,0.25,0,0,1,2
0.552,0.259,0.25,0,0,1,2
0.555,0.1,0.25,0,0,1,2
0.555,0.103,0.25,0,0,1,2
0.555,0.106,0.25,0,0,1,2
0.555,0.109,0.25,0,0,1,2
0.555,0.112,0.25,0,0,1,2
0.555,0.115,0.25,0,0,1,2
0.555,0.118,0.25,0,0,1,2
0.555,0.121,0.25,0,0,1,2
0.555,0.124,0.25,0,0,1,2
0.555,0.127,0.25,0,0,1,2
0.555,0.13,0.25,0,0,1,2
0.555,0.133,0.25,0,0,1,2
0.555,0.136,0.25,0,0,1,2
0.555,0.139,0.25,0,0,1,2
0.555,0.142,0.25,0,0,1,2
0.555,0.145,0.25,0,0,1,2
0.555,0.148,0.25,0,0,1,2
0.555,0.151,0.25,0,0,1,2
0.555,0.154,0.25,0,0,1,2
0.555,0.157,0.25,0,0,1,2
0.555,0.16,0.25,0,0,1,2
0.555,0.163,0.25,0,0,1,2
0.555,0.166,0.25,0,0,1,2
0.555,0.169,0.25,0,0,1,2
0.555,0.172,0.25,0,0,1,2
0.555,0.175,0.25,0,0,1,2
0.555,0.178,0.25,0,0,1,2
0.555,0.181,0.25,0,0,1,2
0.555,0.184,0.25,0,0,1,2
0.555,0.187,0.25,0,0,1,2
0.555,0.19,0.25,0,0,1,2
0.555,0.193,0.25,0,0,1,2
0.555,0.196,0.25,0,0,1,2
0.555,0.199,0.25,0,0,1,2
0.555,0.202,0.25,0,0,1,2
0.555,0.205,0.25,0,0,1,2
0.555,0.208,0.25,0,0,1,2
0.555,0.211,0.25,0,0,1,2
0.555,0.214,0.25,0,0,1,2
0.555,0.217,0.25,0,0,1,2
0.555,0.22,0.25,0,0,1,2
0.555,0.223,0.25,0,0,1,2
0.555,0.226,0.25,0,0,1,2
0.555,0.229,0.25,0,0,1,2
0.555,0.232,0.25,0,0,1,2
0.555,0.235,0.25,0,0,1,2
0.555,0.238,0.25,0,0,1,2
0.555,0.241,0.25,0,0,1,2
0.555,0.244,0.25,0,0,1,2
0.555,0.247,0.25,0,0,1,2
0.555,0.25,0.25,0,0,1,2
0.555,0.253,0.25,0,0,1,2
0.555,0.256,0.25,0,0,1,2
0.555,0.259,0.25,0,0,1,2
0.558,0.1,0.25,0,0,1,2
0.558,0.103,0.25,0,0,1,2
0.558,0.106,0.25,0,0,1,2
0.558,0.109,0.25,0,0,1,2
0.558,0.112,0.25,0,0,1,2
0.558,0.115,0.25,0,0,1,2
0.558,0.118,0.25,0,0,1,2
0.558,0.121,0.25,0,0,1,2
0.558,0.124,0.25,0,0,1,2
0.558,0.127,0.25,0,0,1,2
0.558,0.13,0.25,0,0,1,2
0.558,0.133,0.25,0,0,1,2
0.558,0.136,0.25,0,0,1,2
0.558,0.139,0.25,0,0,1,2
0.558,0.142,0.25,0,0,1,2
0.558,0.145,0.25,0,0,1,2
0.558,0.148,0.25,0,0,1,2
0.558,0.151,0.25,0,0,1,2
0.558,0.154,0.25,0,0,1,2
0.558,0.157,0.25,0,0,1,2
0.558,0.16,0.25,0,0,1,2
0.558,0.163,0.25,0,0,1,2
0.558,0.166,0.25,0,0,1,2
0.558,0.169,0.25,0,0,1,2
0.558,0.172,0.25,0,0,1,2
0.558,0.175,0.25,0,0,1,2
0.558,0.178,0.25,0,0,1,2
0.558,0.181,0.25,0,0,1,2
0.558,0.184,0.25,0,0,1,2
0.558,0.187,0.25,0,0,1,2
0.558,0.19,0.25,0,0,1,2
0.558,0.193,0.25,0,0,1,2
0.558,0.196,0.25,0,0,1,2
0.558,0.199,0.25,0,0,1,2
0.558,0.202,0.25,0,0,1,2
0.558,0.205,0.25,0,0,1,2
0.558,0.208,0.25,0,0,1,2
0.558,0.211,0.25,0,0,1,2
0.558,0.214,0.25,0,0,1,2
0.558,0.217,0.25,0,0,1,2
0.558,0.22,0.25,0,0,1,2
0.558,0.223,0.25,0,0,1,2
0.558,0.226,0.25,0,0,1,2
0.558,0.229,0.25,0,0,1,2
0.558,0.232,0.25,0,0,1,2
0.558,0.235,0.25,0,0,1,2
0.558,0.238,0.25,0,0,1,2
0.558,0.241,0.25,0,0,1,2
0.558,0.244,0.25,0,0,1,2
0.558,0.247,0.25,0,0,1,2
0.558,0.25,0.25,0,0,1,2
0.558,0.253,0.25,0,0,1,2
0.558,0.256,0.25,0,0,1,2
0.558,0.259,0.25,0,0,1,2
0.561,0.1,0.25,0,0,1,2
0.561,0.103,0.25,0,0,1,2
0.561,0.106,0.25,0,0,1,2
0.561,0.109,0.25,0,0,1,2
0.561,0.112,0.25,0,0,1,2
0.561,0.115,0.25,0,0,1,2
0.561,0.118,0.25,0,0,1,2
0.561,0.121,0.25,0,0,1,2
0.561,0.124,0.25,0,0,1,2
0.561,0.127,0.25,0,0,1,2
0.561,0.13,0.25,0,0,1,2
0.561,0.133,0.25,0,0,1,2
0.561,0.136,0.25,0,0,1,2
0.561,0.139,0.25,0,0,1,2
0.561,0.142,0.25,0,0,1,2
0.561,0.145,0.25,0,0,1,2
0.561,0.148,0.25,0,0,1,2
0.561,0.151,0.25,0,0,1,2
0.561,0.154,0.25,0,0,1,2
0.561,0.157,0.25,0,0,1,2
0.561,0.16,0.25,0,0,1,2
0.561,0.163,0.25,0,0,1,2
0.561,0.166,0.25,0,0,1,2
0.561,0.169,0.25,0,0,1,2
0.561,0.172,0.25,0,0,1,2
0.561,0.175,0.25,0,0,1,2
0.561,0.178,0.25,0,0,1,2
0.561,0.181,0.25,0,0,1,2
0.561,0.184,0.25,0,0,1,2
0.561,0.187,0.25,0,0,1,2
0.561,0.19,0.25,0,0,1,2
0.561,0.193,0.25,0,0,1,2
0.561,0.196,0.25,0,0,1,2
0.561,0.199,0.25,0,0,1,2
0.561,0.202,0.25,0,0,1,2
0.561,0.205,0.25,0,0,1,2
0.561,0.208,0.25,0,0,1,2
0.561,0.211,0.25,0,0,1,2
0.561,0.214,0.25,0,0,1,2
0.561,0.217,0.25,0,0,1,2
0.561,0.22,0.25,0,0,1,2
0.561,0.223,0.25,0,0,1,2
0.561,0.226,0.25,0,0,1,2
0.561,0.229,0.25,0,0,1,2
0.561,0.232,0.25,0,0,1,2
0.561,0.235,0.25,0,0,1,2
0.561,0.238,0.25,0,0,1,2
0.561,0.241,0.25,0,0,1,2
0.561,0.244,0.25,0,0,1,2
0.561,0.247,0.25,0,0,1,2
0.561,0.25,0.25,0,0,1,2
0.561,0.253,0.25,0,0,1,2
0.561,0.256,0.25,0,0,1,2
0.561,0.259,0.25,0,0,1,2
0.564,0.1,0.25,0,0,1,2
0.564,0.103,0.25,0,0,1,2
0.564,0.106,0.25,0,0,1,2
0.564,0.109,0.25,0,0,1,2
0.564,0.112,0.25,0,0,1,2
0.564,0.115,0.25,0,0,1,2
0.564,0.118,0.25,0,0,1,2
0.564,0.121,0.25,0,0,1,2
0.564,0.124,0.25,0,0,1,2
0.564,0.127,0.25,0,0,1,2
0.564,0.13,0.25,0,0,1,2
0.564,0.133,0.25,0,0,1,2
0.564,0.136,0.25,0,0,1,2
0.564,0.139,0.25,0,0,1,2
0.564,0.142,0.25,0,0,1,2
0.564,0.145,0.25,0,0,1,2
0.564,0.148,0.25,0,0,1,2
0.564,0.151,0.25,0,0,1,2
0.564,0.154,0.25,0,0,1,2
0.564,0.157,0.25,0,0,1,2
0.564,0.16,0.25,0,0,1,2
0.564,0.163,0.25,0,0,1,2
0.564,0.166,0.25,0,0,1,2
0.564,0.169,0.25,0,0,1,2
0.564,0.172,0.25,0,0,1,2
0.564,0.175,0.25,0,0,1,2
0.564,0.178,0.25,0,0,1,2
0.564,0.181,0.25,0,0,1,2
0.564,0.184,0.25,0,0,1,2
0.564,0.187,0.25,0,0,1,2
0.564,0.19,0.25,0,0,1,2
0.564,0.193,0.25,0,0,1,2
0.564,0.196,0.25,0,0,1,2
0.564,0.199,0.25,0,0,1,2
0.564,0.202,0.25,0,0,1,2
0.564,0.205,0.25,0,0,1,2
0.564,0.208,0.25,0,0,1,2
0.564,0.211,0.25,0,0,1,2
0.564,0.214,0.25,0,0,1,2
0.564,0.217,0.25,0,0,1,2
0.564,0.22,0.25,0,0,1,2
0.564,0.223,0.25,0,0,1,2
0.564,0.226,0.25,0,0,1,2
0.564,0.229,0.25,0,0,1,2
0.564,0.232,0.25,0,0,1,2
0.564,0.235,0.25,0,0,1,2
0.564,0.238,0.25,0,0,1,2
0.564,0.241,0.25,0,0,1,2
0.564,0.244,0.25,0,0,1,2
0.564,0.247,0.25,0,0,1,2
0.564,0.25,0.25,0,0,1,2
0.564,0.253,0.25,0,0,1,2
0.564,0.256,0.25,0,0,1,2
0.564,0.259,0.25,0,0,1,2
0.567,0.1,0.25,0,0,1,2
0.567,0.103,0.25,0,0,1,2
0.567,0.106,0.25,0,0,1,2
0.567,0.109,0.25,0,0,1,2
0.567,0.112,0.25,0,0,1,2
0.567,0.115,0.25,0,0,1,2
0.567,0.118,0.25,0,0,1,2
0.567,0.121,0.25,0,0,1,2
0.567,0.124,0.25,0,0,1,2
0.567,0.127,0.25,0,0,1,2
0.567,0.13,0.25,0,0,1,2
0.567,0.133,0.25,0,0,1,2
0.567,0.136,0.25,0,0,1,2
0.567,0.139,0.25,0,0,1,2
0.567,0.142,0.25,0,0,1,2
0.567,0.145,0.25,0,0,1,2
0.567,0.148,0.25,0,0,1,2
0.567,0.151,0.25,0,0,1,2
0.567,0.154,0.25,0,0,1,2
0.567,0.157,0.25,0,0,1,2
0.567,0.16,0.25,0,0,1,2
0.567,0.163,0.25,0,0,1,2
0.567,0.166,0.25,0,0,1,2
0.567,0.169,0.25,0,0,1,2
0.567,0.172,0.25,0,0,1,2
0.567,0.175,0.25,0,0,1,2
0.567,0.178,0.25,0,0,1,2
0.567,0.181,0.25,0,0,1,2
0.567,0.184,0.25,0,0,1,2
0.567,0.187,0.25,0,0,1,2
0.567,0.19,0.25,0,0,1,2
0.567,0.193,0.25,0,0,1,2
0.567,0.196,0.25,0,0,1,2
0.567,0.199,0.25,0,0,1,2
0.567,0.202,0.25,0,0,1,2
0.567,0.205,0.25,0,0,1,2
0.567,0.208,0.25,0,0,1,2
0.567,0.211,0.25,0,0,1,2
0.567,0.214,0.25,0,0,1,2
0.567,0.217,0.25,0,0,1,2
0.567,0.22,0.25,0,0,1,2
0.567,0.223,0.25,0,0,1,2
0.567,0.226,0.25,0,0,1,2
0.567,0.229,0.25,0,0,1,2
0.567,0.232,0.25,0,0,1,2
0.567,0.235,0.25,0,0,1,2
0.567,0.238,0.25,0,0,1,2
0.567,0.241,0.25,0,0,1,2
0.567,0.244,0.25,0,0,1,2
0.567,0.247,0.25,0,0,1,2
0.567,0.25,0.25,0,0,1,2
0.567,0.253,0.25,0,0,1,2
0.567,0.256,0.25,0,0,1,2
0.567,0.259,0.25,0,0,1,2
0.57,0.1,0.25,0,0,1,2
0.57,0.103,0.25,0,0,1,2
0.57,0.106,0.25,0,0,1,2
0.57,0.109,0.25,0,0,1,2
0.57,0.112,0.25,0,0,1,2
0.57,0.115,0.25,0,0,1,2
0.57,0.118,0.25,0,0,1,2
0.57,0.121,0.25,0,0,1,2
0.57,0.124,0.25,0,0,1,2
0.57,0.127,0.25,0,0,1,2
0.57,0.13,0.25,0,0,1,2
0.57,0.133,0.25,0,0,1,2
0.57,0.136,0.25,0,0,1,2
0.57,0.139,0.25,0,0,1,2
0.57,0.142,0.25,0,0,1,2
0.57,0.145,0.25,0,0,1,2
0.57,0.148,0.25,0,0,1,2
0.57,0.151,0.25,0,0,1,2
0.57,0.154,0.25,0,0,1,2
0.57,0.157,0.25,0,0,1,2
0.57,0.16,0.25,0,0,1,2
0.57,0.163,0.25,0,0,1,2
0.57,0.166,0.25,0,0,1,2
0.57,0.169,0.25,0,0,1,2
0.57,0.172,0.25,0,0,1,2
0.57,0.175,0.25,0,0,1,2
0.57,0.178,0.25,0,0,1,2
0.57,0.181,0.25,0,0,1,2
0.57,0.184,0.25,0,0,1,2
0.57,0.187,0.25,0,0,1,2
0.57,0.19,0.25,0,0,1,2
0.57,0.193,0.25,0,0,1,2
0.57,0.196,0.25,0,0,1,2
0.57,0.199,0.25,0,0,1,2
0.57,0.202,0.25,0,0,1,2
0.57,0.205,0.25,0,0,1,2
0.57,0.208,0.25,0,0,1,2
0.57,0.211,0.25,0,0,1,2
0.57,0.214,0.25,0,0,1,2
0.57,0.217,0.25,0,0,1,2
0.57,0.22,0.25,0,0,1,2
0.57,0.223,0.25,0,0,1,2
0.57,0.226,0.25,0,0,1,2
0.57,0.229,0.25,0,0,1,2
0.57,0.232,0.25,0,0,1,2
0.57,0.235,0.25,0,0,1,2
0.57,0.238,0.25,0,0,1,2
0.57,0.241,0.25,0,0,1,2
0.57,0.244,0.25,0,0,1,2
0.57,0.247,0.25,0,0,1,2
0.57,0.25,0.25,0,0,1,2
0.57,0.253,0.25,0,0,1,2
0.57,0.256,0.25,0,0,1,2
0.57,0.259,0.25,0,0,1,2
0.39,0.1,0.45,0,0,1,2
0.39,0.103,0.45,0,0,1,2
0.39,0.106,0.45,0,0,1,2
0.39,0.109,0.45,0,0,1,2
0.39,0.112,0.45,0,0,1,2
0.39,0.115,0.45,0,0,1,2
0.39,0.118,0.45,0,0,1,2
0.39,0.121,0.45,0,0,1,2
0.39,0.124,0.45,0,0,1,2
0.39,0.127,0.45,0,0,1,2
0.39,0.13,0.45,0,0,1,2
0.39,0.133,0.45,0,0,1,2
0.39,0.136,0.45,0,0,1,2
0.39,0.139,0.45,0,0,1,2
0.39,0.142,0.45,0,0,1,2
0.39,0.145,0.45,0,0,1,2
0.39,0.148,0.45,0,0,1,2
0.39,0.151,0.45,0,0,1,2
0.39,0.154,0.45,0,0,1,2
0.39,0.157,0.45,0,0,1,2
0.39,0.16,0.45,0,0,1,2
0.39,0.163,0.45,0,0,1,2
0.39,0.166,0.45,0,0,1,2
0.39,0.169,0.45,0,0,1,2
0.39,0.172,0.45,0,0,1,2
0.39,0.175,0.45,0,0,1,2
0.39,0.178,0.45,0,0,1,2
0.39,0.181,0.45,0,0,1,2
0.39,0.184,0.45,0,0,1,2
0.39,0.187,0.45,0,0,1,2
0.39,0.19,0.45,0,0,1,2
0.39,0.193,0.45,0,0,1,2
0.39,0.196,0.45,0,0,1,2
0.39,0.199,0.45,0,0,1,2
0.39,0.202,0.45,0,0,1,2
0.39,0.205,0.45,0,0,1,2
0.39,0.208,0.45,0,0,1,2
0.39,0.211,0.45,0,0,1,2
0.39,0.214,0.45,0,0,1,2
0.39,0.217,0.45,0,0,1,2
0.39,0.22,0.45,0,0,1,2
0.39,0.223,0.45,0,0,1,2
0.39,0.226,0.45,0,0,1,2
0.39,0.229,0.45,0,0,1,2
0.39,0.232,0.45,0,0,1,2
0.39,0.235,0.45,0,0,1,2
0.39,0.238,0.45,0,0,1,2
0.39,0.241,0.45,0,0,1,2
0.39,0.244,0.45,0,0,1,2
0.39,0.247,0.45,0,0,1,2
0.39,0.25,0.45,0,0,1,2
0.39,0.253,0.45,0,0,1,2
0.39,0.256,0.45,0,0,1,2
0.39,0.259,0.45,0,0,1,2
0.393,0.1,0.45,0,0,1,2
0.393,0.103,0.45,0,0,1,2
0.393,0.106,0.45,0,0,1,2
0.393,0.109,0.45,0,0,1,2
0.393,0.112,0.45,0,0,1,2
0.393,0.115,0.45,0,0,1,2
0.393,0.118,0.45,0,0,1,2
0.393,0.121,0.45,0,0,1,2
0.393,0.124,0.45,0,0,1,2
0.393,0.127,0.45,0,0,1,2
0.393,0.13,0.45,0,0,1,2
0.393,0.133,0.45,0,0,1,2
0.393,0.136,0.45,0,0,1,2
0.393,0.139,0.45,0,0,1,2
0.393,0.142,0.45,0,0,1,2
0.393,0.145,0.45,0,0,1,2
0.393,0.148,0.45,0,0,1,2
0.393,0.151,0.45,0,0,1,2
0.393,0.154,0.45,0,0,1,2
0.393,0.157,0.45,0,0,1,2
0.393,0.16,0.45,0,0,1,2
0.393,0.163,0.45,0,0,1,2
0.393,0.166,0.45,0,0,1,2
0.393,0.169,0.45,0,0,1,2
0.393,0.172,0.45,0,0,1,2
0.393,0.175,0.45,0,0,1,2
0.393,0.178,0.45,0,0,1,2
0.393,0.181,0.45,0,0,1,2
0.393,0.184,0.45,0,0,1,2
0.393,0.187,0.45,0,0,1,2
0.393,0.19,0.45,0,0,1,2
0.393,0.193,0.45,0,0,1,2
0.393,0.196,0.45,0,0,1,2
0.393,0.199,0.45,0,0,1,2
0.393,0.202,0.45,0,0,1,2
0.393,0.205,0.45,0,0,1,2
0.393,0.208,0.45,0,0,1,2
0.393,0.211,0.45,0,0,1,2
0.393,0.214,0.45,0,0,1,2
0.393,0.217,0.45,0,0,1,2
0.393,0.22,0.45,0,0,1,2
0.393,0.223,0.45,0,0,1,2
0.393,0.226,0.45,0,0,1,2
0.393,0.229,0.45,0,0,1,2
0.393,0.232,0.45,0,0,1,2
0.393,0.235,0.45,0,0,1,2
0.393,0.238,0.45,0,0,1,2
0.393,0.241,0.45,0,0,1,2
0.393,0.244,0.45,0,0,1,2
0.393,0.247,0.45,0,0,1,2
0.393,0.25,0.45,0,0,1,2
0.393,0.253,0.45,0,0,1,2
0.393,0.256,0.45,0,0,1,2
0.393,0.259,0.45,0,0,1,2
0.396,0.1,0.45,0,0,1,2
0.396,0.103,0.45,0,0,1,2
0.396,0.106,0.45,0,0,1,2
0.396,0.109,0.45,0,0,1,2
0.396,0.112,0.45,0,0,1,2
0.396,0.115,0.45,0,0,1,2
0.396,0.118,0.45,0,0,1,2
0.396,0.121,0.45,0,0,1,2
0.396,0.124,0.45,0,0,1,2
0.396,0.127,0.45,0,0,1,2
0.396,0.13,0.45,0,0,1,2
0.396,0.133,0.45,0,0,1,2
0.396,0.136,0.45,0,0,1,2
0.396,0.139,0.45,0,0,1,2
0.396,0.142,0.45,0,0,1,2
0.396,0.145,0.45,0,0,1,2
0.396,0.148,0.45,0,0,1,2
0.396,0.151,0.45,0,0,1,2
0.396,0.154,0.45,0,0,1,2
0.396,0.157,0.45,0,0,1,2
0.396,0.16,0.45,0,0,1,2
0.396,0.163,0.45,0,0,1,2
0.396,0.166,0.45,0,0,1,2
0.396,0.169,0.45,0,0,1,2
0.396,0.172,0.45,0,0,1,2
0.396,0.175,0.45,0,0,1,2
0.396,0.178,0.45,0,0,1,2
0.396,0.181,0.45,0,0,1,2
0.396,0.184,0.45,0,0,1,2
0.396,0.187,0.45,0,0,1,2
0.396,0.19,0.45,0,0,1,2
0.396,0.193,0.45,0,0,1,2
0.396,0.196,0.45,0,0,1,2
0.396,0.199,0.45,0,0,1,2
0.396,0.202,0.45,0,0,1,2
0.396,0.205,0.45,0,0,1,2
0.396,0.208,0.45,0,0,1,2
0.396,0.211,0.45,0,0,1,2
0.396,0.214,0.45,0,0,1,2
0.396,0.217,0.45,0,0,1,2
0.396,0.22,0.45,0,0,1,2
0.396,0.223,0.45,0,0,1,2
0.396,0.226,0.45,0,0,1,2
0.396,0.229,0.45,0,0,1,2
0.396,0.232,0.45,0,0,1,2
0.396,0.235,0.45,0,0,1,2
0.396,0.238,0.45,0,0,1,2
0.396,0.241,0.45,0,0,1,2
0.396,0.244,0.45,0,0,1,2
0.396,0.247,0.45,0,0,1,2
0.396,0.25,0.45,0,0,1,2
0.396,0.253,0.45,0,0,1,2
0.396,0.256,0.45,0,0,1,2
0.396,0.259,0.45,0,0,1,2
0.399,0.1,0.45,0,0,1,2
0.399,0.103,0.45,0,0,1,2
0.399,0.106,0.45,0,0,1,2
0.399,0.109,0.45,0,0,1,2
0.399,0.112,0.45,0,0,1,2
0.399,0.115,0.45,0,0,1,2
0.399,0.118,0.45,0,0,1,2
0.399,0.121,0.45,0,0,1,2
0.399,0.124,0.45,0,0,1,2
0.399,0.127,0.45,0,0,1,2
0.399,0.13,0.45,0,0,1,2
0.399,0.133,0.45,0,0,1,2
0.399,0.136,0.45,0,0,1,2
0.399,0.139,0.45,0,0,1,2
0.399,0.142,0.45,0,0,1,2
0.399,0.145,0.45,0,0,1,2
0.399,0.148,0.45,0,0,1,2
0.399,0.151,0.45,0,0,1,2
0.399,0.154,0.45,0,0,1,2
0.399,0.157,0.45,0,0,1,2
0.399,0.16,0.45,0,0,1,2
0.399,0.163,0.45,0,0,1,2
0.399,0.166,0.45,0,0,1,2
0.399,0.169,0.45,0,0,1,2
0.399,0.172,0.45,0,0,1,2
0.399,0.175,0.45,0,0,1,2
0.399,0.178,0.45,0,0,1,2
0.399,0.181,0.45,0,0,1,2
0.399,0.184,0.45,0,0,1,2
0.399,0.187,0.45,0,0,1,2
0.399,0.19,0.45,0,0,1,2
0.399,0.193,0.45,0,0,1,2
0.399,0.196,0.45,0,0,1,2
0.399,0.199,0.45,0,0,1,2
0.399,0.202,0.45,0,0,1,2
0.399,0.205,0.45,0,0,1,2
0.399,0.208,0.45,0,0,1,2
0.399,0.211,0.45,0,0,1,2
0.399,0.214,0.45,0,0,1,2
0.399,0.217,0.45,0,0,1,2
0.399,0.22,0.45,0,0,1,2
0.399,0.223,0.45,0,0,1,2
0.399,0.226,0.45,0,0,1,2
0.399,0.229,0.45,0,0,1,2
0.399,0.232,0.45,0,0,1,2
0.399,0.235,0.45,0,0,1,2
0.399,0.238,0.45,0,0,1,2
0.399,0.241,0.45,0,0,1,2
0.399,0.244,0.45,0,0,1,2
0.399,0.247,0.45,0,0,1,2
0.399,0.25,0.45,0,0,1,2
0.399,0.253,0.45,0,0,1,2
0.399,0.256,0.45,0,0,1,2
0.399,0.259,0.45,0,0,1,2
0.402,0.1,0.45,0,0,1,2
0.402,0.103,0.45,0,0,1,2
0.402,0.106,0.45,0,0,1,2
0.402,0.109,0.45,0,0,1,2
0.402,0.112,0.45,0,0,1,2
0.402,0.115,0.45,0,0,1,2
0.402,0.118,0.45,0,0,1,2
0.402,0.121,0.45,0,0,1,2
0.402,0.124,0.45,0,0,1,2
0.402,0.127,0.45,0,0,1,2
0.402,0.13,0.45,0,0,1,2
0.402,0.133,0.45,0,0,1,2
0.402,0.136,0.45,0,0,1,2
0.402,0.139,0.45,0,0,1,2
0.402,0.142,0.45,0,0,1,2
0.402,0.145,0.45,0,0,1,2
0.402,0.148,0.45,0,0,1,2
0.402,0.151,0.45,0,0,1,2
0.402,0.154,0.45,0,0,1,2
0.402,0.157,0.45,0,0,1,2
0.402,0.16,0.45,0,0,1,2
0.402,0.163,0.45,0,0,1,2
0.402,0.166,0.45,0,0,1,2
0.402,0.169,0.45,0,0,1,2
0.402,0.172,0.45,0,0,1,2
0.402,0.175,0.45,0,0,1,2
0.402,0.178,0.45,0,0,1,2
0.402,0.181,0.45,0,0,1,2
0.402,0.184,0.45,0,0,1,2
0.402,0.187,0.45,0,0,1,2
0.402,0.19,0.45,0,0,1,2
0.402,0.193,0.45,0,0,1,2
0.402,0.196,0.45,0,0,1,2
0.402,0.199,0.45,0,0,1,2
0.402,0.202,0.45,0,0,1,2
0.402,0.205,0.45,0,0,1,2
0.402,0.208,0.45,0,0,1,2
0.402,0.211,0.45,0,0,1,2
0.402,0.214,0.45,0,0,1,2
0.402,0.217,0.45,0,0,1,2
0.402,0.22,0.45,0,0,1,2
0.402,0.223,0.45,0,0,1,2
0.402,0.226,0.45,0,0,1,2
0.402,0.229,0.45,0,0,1,2
0.402,0.232,0.45,0,0,1,2
0.402,0.235,0.45,0,0,1,2
0.402,0.238,0.45,0,0,1,2
0.402,0.241,0.45,0,0,1,2
0.402,0.244,0.45,0,0,1,2
0.402,0.247,0.45,0,0,1,2
0.402,0.25,0.45,0,0,1,2
0.402,0.253,0.45,0,0,1,2
0.402,0.256,0.45,0,0,1,2
0.402,0.259,0.45,0,0,1,2
0.405,0.1,0.45,0,0,1,2
0.405,0.103,0.45,0,0,1,2
0.405,0.106,0.45,0,0,1,2
0.405,0.109,0.45,0,0,1,2
0.405,0.112,0.45,0,0,1,2
0.405,0.115,0.45,0,0,1,2
0.405,0.118,0.45,0,0,1,2
0.405,0.121,0.45,0,0,1,2
0.405,0.124,0.45,0,0,1,2
0.405,0.127,0.45,0,0,1,2
0.405,0.13,0.45,0,0,1,2
0.405,0.133,0.45,0,0,1,2
0.405,0.136,0.45,0,0,1,2
0.405,0.139,0.45,0,0,1,2
0.405,0.142,0.45,0,0,1,2
0.405,0.145,0.45,0,0,1,2
0.405,0.148,0.45,0,0,1,2
0.405,0.151,0.45,0,0,1,2
0.405,0.154,0.45,0,0,1,2
0.405,0.157,0.45,0,0,1,2
0.405,0.16,0.45,0,0,1,2
0.405,0.163,0.45,0,0,1,2
0.405,0.166,0.45,0,0,1,2
0.405,0.169,0.45,0,0,1,2
0.405,0.172,0.45,0,0,1,2
0.405,0.175,0.45,0,0,1,2
0.405,0.178,0.45,0,0,1,2
0.405,0.181,0.45,0,0,1,2
0.405,0.184,0.45,0,0,1,2
0.405,0.187,0.45,0,0,1,2
0.405,0.19,0.45,0,0,1,2
0.405,0.193,0.45,0,0,1,2
0.405,0.196,0.45,0,0,1,2
0.405,0.199,0.45,0,0,1,2
0.405,0.202,0.45,0,0,1,2
0.405,0.205,0.45,0,0,1,2
0.405,0.208,0.45,0,0,1,2
0.405,0.211,0.45,0,0,1,2
0.405,0.214,0.45,0,0,1,2
0.405,0.217,0.45,0,0,1,2
0.405,0.22,0.45,0,0,1,2
0.405,0.223,0.45,0,0,1,2
0.405,0.226,0.45,0,0,1,2
0.405,0.229,0.45,0,0,1,2
0.405,0.232,0.45,0,0,1,2
0.405,0.235,0.45,0,0,1,2
0.405,0.238,0.45,0,0,1,2
0.405,0.241,0.45,0,0,1,2
0.405,0.244,0.45,0,0,1,2
0.405,0.247,0.45,0,0,1,2
0.405,0.25,0.45,0,0,1,2
0.405,0.253,0.45,0,0,1,2
0.405,0.256,0.45,0,0,1,2
0.405,0.259,0.45,0,0,1,2
0.408,0.1,0.45,0,0,1,2
0.408,0.103,0.45,0,0,1,2
0.408,0.106,0.45,0,0,1,2
0.408,0.109,0.45,0,0,1,2
0.408,0.112,0.45,0,0,1,2
0.408,0.115,0.45,0,0,1,2
0.408,0.118,0.45,0,0,1,2
0.408,0.121,0.45,0,0,1,2
0.408,0.124,0.45,0,0,1,2
0.408,0.127,0.45,0,0,1,2
0.408,0.13,0.45,0,0,1,2
0.408,0.133,0.45,0,0,1,2
0.408,0.136,0.45,0,0,1,2
0.408,0.139,0.45,0,0,1,2
0.408,0.142,0.45,0,0,1,2
0.408,0.145,0.45,0,0,1,2
0.408,0.148,0.45,0,0,1,2
0.408,0.151,0.45,0,0,1,2
0.408,0.154,0.45,0,0,1,2
0.408,0.157,0.45,0,0,1,2
0.408,0.16,0.45,0,0,1,2
0.408,0.163,0.45,0,0,1,2
0.408,0.166,0.45,0,0,1,2
0.408,0.169,0.45,0,0,1,2
0.408,0.172,0.45,0,0,1,2
0.408,0.175,0.45,0,0,1,2
0.408,0.178,0.45,0,0,1,2
0.408,0.181,0.45,0,0,1,2
0.408,0.184,0.45,0,0,1,2
0.408,0.187,0.45,0,0,1,2
0.408,0.19,0.45,0,0,1,2
0.408,0.193,0.45,0,0,1,2
0.408,0.196,0.45,0,0,1,2
0.408,0.199,0.45,0,0,1,2
0.408,0.202,0.45,0,0,1,2
0.408,0.205,0.45,0,0,1,2
0.408,0.208,0.45,0,0,1,2
0.408,0.211,0.45,0,0,1,2
0.408,0.214,0.45,0,0,1,2
0.408,0.217,0.45,0,0,1,2
0.408,0.22,0.45,0,0,1,2
0.408,0.223,0.45,0,0,1,2
0.408,0.226,0.45,0,0,1,2
0.408,0.229,0.45,0,0,1,2
0.408,0.232,0.45,0,0,1,2
0.408,0.235,0.45,0,0,1,2
0.408,0.238,0.45,0,0,1,2
0.408,0.241,0.45,0,0,1,2
0.408,0.244,0.45,0,0,1,2
0.408,0.247,0.45,0,0,1,2
0.408,0.25,0.45,0,0,1,2
0.408,0.253,0.45,0,0,1,2
0.408,0.256,0.45,0,0,1,2
0.408,0.259,0.45,0,0,1,2
0.411,0.1,0.45,0,0,1,2
0.411,0.103,0.45,0,0,1,2
0.411,0.106,0.45,0,0,1,2
0.411,0.109,0.45,0,0,1,2
0.411,0.112,0.45,0,0,1,2
0.411,0.115,0.45,0,0,1,2
0.411,0.118,0.45,0,0,1,2
0.411,0.121,0.45,0,0,1,2
0.411,0.124,0.45,0,0,1,2
0.411,0.127,0.45,0,0,1,2
0.411,0.13,0.45,0,0,1,2
0.411,0.133,0.45,0,0,1,2
0.411,0.136,0.45,0,0,1,2
0.411,0.139,0.45,0,0,1,2
0.411,0.142,0.45,0,0,1,2
0.411,0.145,0.45,0,0,1,2
0.411,0.148,0.45,0,0,1,2
0.411,0.151,0.45,0,0,1,2
0.411,0.154,0.45,0,0,1,2
0.411,0.157,0.45,0,0,1,2
0.411,0.16,0.45,0,0,1,2
0.411,0.163,0.45,0,0,1,2
0.411,0.166,0.45,0,0,1,2
0.411,0.169,0.45,0,0,1,2
0.411,0.172,0.45,0,0,1,2
0.411,0.175,0.45,0,0,1,2
0.411,0.178,0.45,0,0,1,2
0.411,0.181,0.45,0,0,1,2
0.411,0.184,0.45,0,0,1,2
0.411,0.187,0.45,0,0,1,2
0.411,0.19,0.45,0,0,1,2
0.411,0.193,0.45,0,0,1,2
0.411,0.196,0.45,0,0,1,2
0.411,0.199,0.45,0,0,1,2
0.411,0.202,0.45,0,0,1,2
0.411,0.205,0.45,0,0,1,2
0.411,0.208,0.45,0,0,1,2
0.411,0.211,0.45,0,0,1,2
0.411,0.214,0.45,0,0,1,2
0.411,0.217,0.45,0,0,1,2
0.411,0.22,0.45,0,0,1,2
0.411,0.223,0.45,0,0,1,2
0.411,0.226,0.45,0,0,1,2
0.411,0.229,0.45,0,0,1,2
0.411,0.232,0.45,0,0,1,2
0.411,0.235,0.45,0,0,1,2
0.411,0.238,0.45,0,0,1,2
0.411,0.241,0.45,0,0,1,2
0.411,0.244,0.45,0,0,1,2
0.411,0.247,0.45,0,0,1,2
0.411,0.25,0.45,0,0,1,2
0.411,0.253,0.45,0,0,1,2
0.411,0.256,0.45,0,0,1,2
0.411,0.259,0.45,0,0,1,2
0.414,0.1,0.45,0,0,1,2
0.414,0.103,0.45,0,0,1,2
0.414,0.106,0.45,0,0,1,2
0.414,0.109,0.45,0,0,1,2
0.414,0.112,0.45,0,0,1,2
0.414,0.115,0.45,0,0,1,2
0.414,0.118,0.45,0,0,1,2
0.414,0.121,0.45,0,0,1,2
0.414,0.124,0.45,0,0,1,2
0.414,0.127,0.45,0,0,1,2
0.414,0.13,0.45,0,0,1,2
0.414,0.133,0.45,0,0,1,2
0.414,0.136,0.45,0,0,1,2
0.414,0.139,0.45,0,0,1,2
0.414,0.142,0.45,0,0,1,2
0.414,0.145,0.45,0,0,1,2
0.414,0.148,0.45,0,0,1,2
0.414,0.151,0.45,0,0,1,2
0.414,0.154,0.45,0,0,1,2
0.414,0.157,0.45,0,0,1,2
0.414,0.16,0.45,0,0,1,2
0.414,0.163,0.45,0,0,1,2
0.414,0.166,0.45,0,0,1,2
0.414,0.169,0.45,0,0,1,2
0.414,0.172,0.45,0,0,1,2
0.414,0.175,0.45,0,0,1,2
0.414,0.178,0.45,0,0,1,2
0.414,0.181,0.45,0,0,1,2
0.414,0.184,0.45,0,0,1,2
0.414,0.187,0.45,0,0,1,2
0.414,0.19,0.45,0,0,1,2
0.414,0.193,0.45,0,0,1,2
0.414,0.196,0.45,0,0,1,2
0.414,0.199,0.45,0,0,1,2
0.414,0.202,0.45,0,0,1,2
0.414,0.205,0.45,0,0,1,2
0.414,0.208,0.45,0,0,1,2
0.414,0.211,0.45,0,0,1,2
0.414,0.214,0.45,0,0,1,2
0.414,0.217,0.45,0,0,1,2
0.414,0.22,0.45,0,0,1,2
0.414,0.223,0.45,0,0,1,2
0.414,0.226,0.45,0,0,1,2
0.414,0.229,0.45,0,0,1,2
0.414,0.232,0.45,0,0,1,2
0.414,0.235,0.45,0,0,1,2
0.414,0.238,0.45,0,0,1,2
0.414,0.241,0.45,0,0,1,2
0.414,0.244,0.45,0,0,1,2
0.414,0.247,0.45,0,0,1,2
0.414,0.25,0.45,0,0,1,2
0.414,0.253,0.45,0,0,1,2
0.414,0.256,0.45,0,0,1,2
0.414,0.259,0.45,0,0,1,2
0.417,0.1,0.45,0,0,1,2
0.417,0.103,0.45,0,0,1,2
0.417,0.106,0.45,0,0,1,2
0.417,0.109,0.45,0,0,1,2
0.417,0.112,0.45,0,0,1,2
0.417,0.115,0.45,0,0,1,2
0.417,0.118,0.45,0,0,1,2
0.417,0.121,0.45,0,0,1,2
0.417,0.124,0.45,0,0,1,2
0.417,0.127,0.45,0,0,1,2
0.417,0.13,0.45,0,0,1,2
0.417,0.133,0.45,0,0,1,2
0.417,0.136,0.45,0,0,1,2
0.417,0.139,0.45,0,0,1,2
0.417,0.142,0.45,0,0,1,2
0.417,0.145,0.45,0,0,1,2
0.417,0.148,0.45,0,0,1,2
0.417,0.151,0.45,0,0,1,2
0.417,0.154,0.45,0,0,1,2
0.417,0.157,0.45,0,0,1,2
0.417,0.16,0.45,0,0,1,2
0.417,0.163,0.45,0,0,1,2
0.417,0.166,0.45,0,0,1,2
0.417,0.169,0.45,0,0,1,2
0.417,0.172,0.45,0,0,1,2
0.417,0.175,0.45,0,0,1,2
0.417,0.178,0.45,0,0,1,2
0.417,0.181,0.45,0,0,1,2
0.417,0.184,0.45,0,0,1,2
0.417,0.187,0.45,0,0,1,2
0.417,0.19,0.45,0,0,1,2
0.417,0.193,0.45,0,0,1,2
0.417,0.196,0.45,0,0,1,2
0.417,0.199,0.45,0,0,1,2
0.417,0.202,0.45,0,0,1,2
0.417,0.205,0.45,0,0,1,2
0.417,0.208,0.45,0,0,1,2
0.417,0.211,0.45,0,0,1,2
0.417,0.214,0.45,0,0,1,2
0.417,0.217,0.45,0,0,1,2
0.417,0.22,0.45,0,0,1,2
0.417,0.223,0.45,0,0,1,2
0.417,0.226,0.45,0,0,1,2
0.417,0.229,0.45,0,0,1,2
0.417,0.232,0.45,0,0,1,2
0.417,0.235,0.45,0,0,1,2
0.417,0.238,0.45,0,0,1,2
0.417,0.241,0.45,0,0,1,2
0.417,0.244,0.45,0,0,1,2
0.417,0.247,0.45,0,0,1,2
0.417,0.25,0.45,0,0,1,2
0.417,0.253,0.45,0,0,1,2
0.417,0.256,0.45,0,0,1,2
0.417,0.259,0.45,0,0,1,2
0.42,0.1,0.45,0,0,1,2
0.42,0.103,0.45,0,0,1,2
0.42,0.106,0.45,0,0,1,2
0.42,0.109,0.45,0,0,1,2
0.42,0.112,0.45,0,0,1,2
0.42,0.115,0.45,0,0,1,2
0.42,0.118,0.45,0,0,1,2
0.42,0.121,0.45,0,0,1,2
0.42,0.124,0.45,0,0,1,2
0.42,0.127,0.45,0,0,1,2
0.42,0.13,0.45,0,0,1,2
0.42,0.133,0.45,0,0,1,2
0.42,0.136,0.45,0,0,1,2
0.42,0.139,0.45,0,0,1,2
0.42,0.142,0.45,0,0,1,2
0.42,0.145,0.45,0,0,1,2
0.42,0.148,0.45,0,0,1,2
0.42,0.151,0.45,0,0,1,2
0.42,0.154,0.45,0,0,1,2
0.42,0.157,0.45,0,0,1,2
0.42,0.16,0.45,0,0,1,2
0.42,0.163,0.45,0,0,1,2
0.42,0.166,0.45,0,0,1,2
0.42,0.169,0.45,0,0,1,2
0.42,0.172,0.45,0,0,1,2
0.42,0.175,0.45,0,0,1,2
0.42,0.178,0.45,0,0,1,2
0.42,0.181,0.45,0,0,1,2
0.42,0.184,0.45,0,0,1,2
0.42,0.187,0.45,0,0,1,2
0.42,0.19,0.45,0,0,1,2
0.42,0.193,0.45,0,0,1,2
0.42,0.196,0.45,0,0,1,2
0.42,0.199,0.45,0,0,1,2
0.42,0.202,0.45,0,0,1,2
0.42,0.205,0.45,0,0,1,2
0.42,0.208,0.45,0,0,1,2
0.42,0.211,0.45,0,0,1,2
0.42,0.214,0.45,0,0,1,2
0.42,0.217,0.45,0,0,1,2
0.42,0.22,0.45,0,0,1,2
0.42,0.223,0.45,0,0,1,2
0.42,0.226,0.45,0,0,1,2
0.42,0.229,0.45,0,0,1,2
0.42,0.232,0.45,0,0,1,2
0.42,0.235,0.45,0,0,1,2
0.42,0.238,0.45,0,0,1,2
0.42,0.241,0.45,0,0,1,2
0.42,0.244,0.45,0,0,1,2
0.42,0.247,0.45,0,0,1,2
0.42,0.25,0.45,0,0,1,2
0.42,0.253,0.45,0,0,1,2
0.42,0.256,0.45,0,0,1,2
0.42,0.259,0.45,0,0,1,2
0.423,0.1,0.45,0,0,1,2
0.423,0.103,0.45,0,0,1,2
0.423,0.106,0.45,0,0,1,2
0.423,0.109,0.45,0,0,1,2
0.423,0.112,0.45,0,0,1,2
0.423,0.115,0.45,0,0,1,2
0.423,0.118,0.45,0,0,1,2
0.423,0.121,0.45,0,0,1,2
0.423,0.124,0.45,0,0,1,2
0.423,0.127,0.45,0,0,1,2
0.423,0.13,0.45,0,0,1,2
0.423,0.133,0.45,0,0,1,2
0.423,0.136,0.45,0,0,1,2
0.423,0.139,0.45,0,0,1,2
0.423,0.142,0.45,0,0,1,2
0.423,0.145,0.45,0,0,1,2
0.423,0.148,0.45,0,0,1,2
0.423,0.151,0.45,0,0,1,2
0.423,0.154,0.45,0,0,1,2
0.423,0.157,0.45,0,0,1,2
0.423,0.16,0.45,0,0,1,2
0.423,0.163,0.45,0,0,1,2
0.423,0.166,0.45,0,0,1,2
0.423,0.169,0.45,0,0,1,2
0.423,0.172,0.45,0,0,1,2
0.423,0.175,0.45,0,0,1,2
0.423,0.178,0.45,0,0,1,2
0.423,0.181,0.45,0,0,1,2
0.423,0.184,0.45,0,0,1,2
0.423,0.187,0.45,0,0,1,2
0.423,0.19,0.45,0,0,1,2
0.423,0.193,0.45,0,0,1,2
0.423,0.196,0.45,0,0,1,2
0.423,0.199,0.45,0,0,1,2
0.423,0.202,0.45,0,0,1,2
0.423,0.205,0.45,0,0,1,2
0.423,0.208,0.45,0,0,1,2
0.423,0.211,0.45,0,0,1,2
0.423,0.214,0.45,0,0,1,2
0.423,0.217,0.45,0,0,1,2
0.423,0.22,0.45,0,0,1,2
0.423,0.223,0.45,0,0,1,2
0.423,0.226,0.45,0,0,1,2
0.423,0.229,0.45,0,0,1,2
0.423,0.232,0.45,0,0,1,2
0.423,0.235,0.45,0,0,1,2
0.423,0.238,0.45,0,0,1,2
0.423,0.241,0.45,0,0,1,2
0.423,0.244,0.45,0,0,1,2
0.423,0.247,0.45,0,0,1,2
0.423,0.25,0.45,0,0,1,2
0.423,0.253,0.45,0,0,1,2
0.423,0.256,0.45,0,0,1,2
0.423,0.259,0.45,0,0,1,2
0.426,0.1,0.45,0,0,1,2
0.426,0.103,0.45,0,0,1,2
0.426,0.106,0.45,0,0,1,2
0.426,0.109,0.45,0,0,1,2
0.426,0.112,0.45,0,0,1,2
0.426,0.115,0.45,0,0,1,2
0.426,0.118,0.45,0,0,1,2
0.426,0.121,0.45,0,0,1,2
0.426,0.124,0.45,0,0,1,2
0.426,0.127,0.45,0,0,1,2
0.426,0.13,0.45,0,0,1,2
0.426,0.133,0.45,0,0,1,2
0.426,0.136,0.45,0,0,1,2
0.426,0.139,0.45,0,0,1,2
0.426,0.142,0.45,0,0,1,2
0.426,0.145,0.45,0,0,1,2
0.426,0.148,0.45,0,0,1,2
0.426,0.151,0.45,0,0,1,2
0.426,0.154,0.45,0,0,1,2
0.426,0.157,0.45,0,0,1,2
0.426,0.16,0.45,0,0,1,2
0.426,0.163,0.45,0,0,1,2
0.426,0.166,0.45,0,0,1,2
0.426,0.169,0.45,0,0,1,2
0.426,0.172,0.45,0,0,1,2
0.426,0.175,0.45,0,0,1,2
0.426,0.178,0.45,0,0,1,2
0.426,0.181,0.45,0,0,1,2
0.426,0.184,0.45,0,0,1,2
0.426,0.187,0.45,0,0,1,2
0.426,0.19,0.45,0,0,1,2
0.426,0.193,0.45,0,0,1,2
0.426,0.196,0.45,0,0,1,2
0.426,0.199,0.45,0,0,1,2
0.426,0.202,0.45,0,0,1,2
0.426,0.205,0.45,0,0,1,2
0.426,0.208,0.45,0,0,1,2
0.426,0.211,0.45,0,0,1,2
0.426,0.214,0.45,0,0,1,2
0.426,0.217,0.45,0,0,1,2
0.426,0.22,0.45,0,0,1,2
0.426,0.223,0.45,0,0,1,2
0.426,0.226,0.45,0,0,1,2
0.426,0.229,0.45,0,0,1,2
0.426,0.232,0.45,0,0,1,2
0.426,0.235,0.45,0,0,1,2
0.426,0.238,0.45,0,0,1,2
0.426,0.241,0.45,0,0,1,2
0.426,0.244,0.45,0,0,1,2
0.426,0.247,0.45,0,0,1,2
0.426,0.25,0.45,0,0,1,2
0.426,0.253,0.45,0,0,1,2
0.426,0.256,0.45,0,0,1,2
0.426,0.259,0.45,0,0,1,2
0.429,0.1,0.45,0,0,1,2
0.429,0.103,0.45,0,0,1,2
0.429,0.106,0.45,0,0,1,2
0.429,0.109,0.45,0,0,1,2
0.429,0.112,0.45,0,0,1,2
0.429,0.115,0.45,0,0,1,2
0.429,0.118,0.45,0,0,1,2
0.429,0.121,0.45,0,0,1,2
0.429,0.124,0.45,0,0,1,2
0.429,0.127,0.45,0,0,1,2
0.429,0.13,0.45,0,0,1,2
0.429,0.133,0.45,0,0,1,2
0.429,0.136,0.45,0,0,1,2
0.429,0.139,0.45,0,0,1,2
0.429,0.142,0.45,0,0,1,2
0.429,0.145,0.45,0,0,1,2
0.429,0.148,0.45,0,0,1,2
0.429,0.151,0.45,0,0,1,2
0.429,0.154,0.45,0,0,1,2
0.429,0.157,0.45,0,0,1,2
0.429,0.16,0.45,0,0,1,2
0.429,0.163,0.45,0,0,1,2
0.429,0.166,0.45,0,0,1,2
0.429,0.169,0.45,0,0,1,2
0.429,0.172,0.45,0,0,1,2
0.429,0.175,0.45,0,0,1,2
0.429,0.178,0.45,0,0,1,2
0.429,0.181,0.45,0,0,1,2
0.429,0.184,0.45,0,0,1,2
0.429,0.187,0.45,0,0,1,2
0.429,0.19,0.45,0,0,1,2
0.429,0.193,0.45,0,0,1,2
0.429,0.196,0.45,0,0,1,2
0.429,0.199,0.45,0,0,1,2
0.429,0.202,0.45,0,0,1,2
0.429,0.205,0.45,0,0,1,2
0.429,0.208,0.45,0,0,1,2
0.429,0.211,0.45,0,0,1,2
0.429,0.214,0.45,0,0,1,2
0.429,0.217,0.45,0,0,1,2
0.429,0.22,0.45,0,0,1,2
0.429,0.223,0.45,0,0,1,2
0.429,0.226,0.45,0,0,1,2
0.429,0.229,0.45,0,0,1,2
0.429,0.232,0.45,0,0,1,2
0.429,0.235,0.45,0,0,1,2
0.429,0.238,0.45,0,0,1,2
0.429,0.241,0.45,0,0,1,2
0.429,0.244,0.45,0,0,1,2
0.429,0.247,0.45,0,0,1,2
0.429,0.25,0.45,0,0,1,2
0.429,0.253,0.45,0,0,1,2
0.429,0.256,0.45,0,0,1,2
0.429,0.259,0.45,0,0,1,2
0.432,0.1,0.45,0,0,1,2
0.432,0.103,0.45,0,0,1,2
0.432,0.106,0.45,0,0,1,2
0.432,0.109,0.45,0,0,1,2
0.432,0.112,0.45,0,0,1,2
0.432,0.115,0.45,0,0,1,2
0.432,0.118,0.45,0,0,1,2
0.432,0.121,0.45,0,0,1,2
0.432,0.124,0.45,0,0,1,2
0.432,0.127,0.45,0,0,1,2
0.432,0.13,0.45,0,0,1,2
0.432,0.133,0.45,0,0,1,2
0.432,0.136,0.45,0,0,1,2
0.432,0.139,0.45,0,0,1,2
0.432,0.142,0.45,0,0,1,2
0.432,0.145,0.45,0,0,1,2
0.432,0.148,0.45,0,0,1,2
0.432,0.151,0.45,0,0,1,2
0.432,0.154,0.45,0,0,1,2
0.432,0.157,0.45,0,0,1,2
0.432,0.16,0.45,0,0,1,2
0.432,0.163,0.45,0,0,1,2
0.432,0.166,0.45,0,0,1,2
0.432,0.169,0.45,0,0,1,2
0.432,0.172,0.45,0,0,1,2
0.432,0.175,0.45,0,0,1,2
0.432,0.178,0.45,0,0,1,2
0.432,0.181,0.45,0,0,1,2
0.432,0.184,0.45,0,0,1,2
0.432,0.187,0.45,0,0,1,2
0.432,0.19,0.45,0,0,1,2
0.432,0.193,0.45,0,0,1,2
0.432,0.196,0.45,0,0,1,2
0.432,0.199,0.45,0,0,1,2
0.432,0.202,0.45,0,0,1,2
0.432,0.205,0.45,0,0,1,2
0.432,0.208,0.45,0,0,1,2
0.432,0.211,0.45,0,0,1,2
0.432,0.214,0.45,0,0,1,2
0.432,0.217,0.45,0,0,1,2
0.432,0.22,0.45,0,0,1,2
0.432,0.223,0.45,0,0,1,2
0.432,0.226,0.45,0,0,1,2
0.432,0.229,0.45,0,0,1,2
0.432,0.232,0.45,0,0,1,2
0.432,0.235,0.45,0,0,1,2
0.432,0.238,0.45,0,0,1,2
0.432,0.241,0.45,0,0,1,2
0.432,0.244,0.45,0,0,1,2
0.432,0.247,0.45,0,0,1,2
0.432,0.25,0.45,0,0,1,2
0.432,0.253,0.45,0,0,1,2
0.432,0.256,0.45,0,0,1,2
0.432,0.259,0.45,0,0,1,2
0.435,0.1,0.45,0,0,1,2
0.435,0.103,0.45,0,0,1,2
0.435,0.106,0.45,0,0,1,2
0.435,0.109,0.45,0,0,1,2
0.435,0.112,0.45,0,0,1,2
0.435,0.115,0.45,0,0,1,2
0.435,0.118,0.45,0,0,1,2
0.435,0.121,0.45,0,0,1,2
0.435,0.124,0.45,0,0,1,2
0.435,0.127,0.45,0,0,1,2
0.435,0.13,0.45,0,0,1,2
0.435,0.133,0.45,0,0,1,2
0.435,0.136,0.45,0,0,1,2
0.435,0.139,0.45,0,0,1,2
0.435,0.142,0.45,0,0,1,2
0.435,0.145,0.45,0,0,1,2
0.435,0.148,0.45,0,0,1,2
0.435,0.151,0.45,0,0,1,2
0.435,0.154,0.45,0,0,1,2
0.435,0.157,0.45,0,0,1,2
0.435,0.16,0.45,0,0,1,2
0.435,0.163,0.45,0,0,1,2
0.435,0.166,0.45,0,0,1,2
0.435,0.169,0.45,0,0,1,2
0.435,0.172,0.45,0,0,1,2
0.435,0.175,0.45,0,0,1,2
0.435,0.178,0.45,0,0,1,2
0.435,0.181,0.45,0,0,1,2
0.435,0.184,0.45,0,0,1,2
0.435,0.187,0.45,0,0,1,2
0.435,0.19,0.45,0,0,1,2
0.435,0.193,0.45,0,0,1,2
0.435,0.196,0.45,0,0,1,2
0.435,0.199,0.45,0,0,1,2
0.435,0.202,0.45,0,0,1,2
0.435,0.205,0.45,0,0,1,2
0.435,0.208,0.45,0,0,1,2
0.435,0.211,0.45,0,0,1,2
0.435,0.214,0.45,0,0,1,2
0.435,0.217,0.45,0,0,1,2
0.435,0.22,0.45,0,0,1,2
0.435,0.223,0.45,0,0,1,2
0.435,0.226,0.45,0,0,1,2
0.435,0.229,0.45,0,0,1,2
0.435,0.232,0.45,0,0,1,2
0.435,0.235,0.45,0,0,1,2
0.435,0.238,0.45,0,0,1,2
0.435,0.241,0.45,0,0,1,2
0.435,0.244,0.45,0,0,1,2
0.435,0.247,0.45,0,0,1,2
0.435,0.25,0.45,0,0,1,2
0.435,0.253,0.45,0,0,1,2
0.435,0.256,0.45,0,0,1,2
0.435,0.259,0.45,0,0,1,2
0.438,0.1,0.45,0,0,1,2
0.438,0.103,0.45,0,0,1,2
0.438,0.106,0.45,0,0,1,2
0.438,0.109,0.45,0,0,1,2
0.438,0.112,0.45,0,0,1,2
0.438,0.115,0.45,0,0,1,2
0.438,0.118,0.45,0,0,1,2
0.438,0.121,0.45,0,0,1,2
0.438,0.124,0.45,0,0,1,2
0.438,0.127,0.45,0,0,1,2
0.438,0.13,0.45,0,0,1,2
0.438,0.133,0.45,0,0,1,2
0.438,0.136,0.45,0,0,1,2
0.438,0.139,0.45,0,0,1,2
0.438,0.142,0.45,0,0,1,2
0.438,0.145,0.45,0,0,1,2
0.438,0.148,0.45,0,0,1,2
0.438,0.151,0.45,0,0,1,2
0.438,0.154,0.45,0,0,1,2
0.438,0.157,0.45,0,0,1,2
0.438,0.16,0.45,0,0,1,2
0.438,0.163,0.45,0,0,1,2
0.438,0.166,0.45,0,0,1,2
0.438,0.169,0.45,0,0,1,2
0.438,0.172,0.45,0,0,1,2
0.438,0.175,0.45,0,0,1,2
0.438,0.178,0.45,0,0,1,2
0.438,0.181,0.45,0,0,1,2
0.438,0.184,0.45,0,0,1,2
0.438,0.187,0.45,0,0,1,2
0.438,0.19,0.45,0,0,1,2
0.438,0.193,0.45,0,0,1,2
0.438,0.196,0.45,0,0,1,2
0.438,0.199,0.45,0,0,1,2
0.438,0.202,0.45,0,0,1,2
0.438,0.205,0.45,0,0,1,2
0.438,0.208,0.45,0,0,1,2
0.438,0.211,0.45,0,0,1,2
0.438,0.214,0.45,0,0,1,2
0.438,0.217,0.45,0,0,1,2
0.438,0.22,0.45,0,0,1,2
0.438,0.223,0.45,0,0,1,2
0.438,0.226,0.45,0,0,1,2
0.438,0.229,0.45,0,0,1,2
0.438,0.232,0.45,0,0,1,2
0.438,0.235,0.45,0,0,1,2
0.438,0.238,0.45,0,0,1,2
0.438,0.241,0.45,0,0,1,2
0.438,0.244,0.45,0,0,1,2
0.438,0.247,0.45,0,0,1,2
0.438,0.25,0.45,0,0,1,2
0.438,0.253,0.45,0,0,1,2
0.438,0.256,0.45,0,0,1,2
0.438,0.259,0.45,0,0,1,2
0.441,0.1,0.45,0,0,1,2
0.441,0.103,0.45,0,0,1,2
0.441,0.106,0.45,0,0,1,2
0.441,0.109,0.45,0,0,1,2
0.441,0.112,0.45,0,0,1,2
0.441,0.115,0.45,0,0,1,2
0.441,0.118,0.45,0,0,1,2
0.441,0.121,0.45,0,0,1,2
0.441,0.124,0.45,0,0,1,2
0.441,0.127,0.45,0,0,1,2
0.441,0.13,0.45,0,0,1,2
0.441,0.133,0.45,0,0,1,2
0.441,0.136,0.45,0,0,1,2
0.441,0.139,0.45,0,0,1,2
0.441,0.142,0.45,0,0,1,2
0.441,0.145,0.45,0,0,1,2
0.441,0.148,0.45,0,0,1,2
0.441,0.151,0.45,0,0,1,2
0.441,0.154,0.45,0,0,1,2
0.441,0.157,0.45,0,0,1,2
0.441,0.16,0.45,0,0,1,2
0.441,0.163,0.45,0,0,1,2
0.441,0.166,0.45,0,0,1,2
0.441,0.169,0.45,0,0,1,2
0.441,0.172,0.45,0,0,1,2
0.441,0.175,0.45,0,0,1,2
0.441,0.178,0.45,0,0,1,2
0.441,0.181,0.45,0,0,1,2
0.441,0.184,0.45,0,0,1,2
0.441,0.187,0.45,0,0,1,2
0.441,0.19,0.45,0,0,1,2
0.441,0.193,0.45,0,0,1,2
0.441,0.196,0.45,0,0,1,2
0.441,0.199,0.45,0,0,1,2
0.441,0.202,0.45,0,0,1,2
0.441,0.205,0.45,0,0,1,2
0.441,0.208,0.45,0,0,1,2
0.441,0.211,0.45,0,0,1,2
0.441,0.214,0.45,0,0,1,2
0.441,0.217,0.45,0,0,1,2
0.441,0.22,0.45,0,0,1,2
0.441,0.223,0.45,0,0,1,2
0.441,0.226,0.45,0,0,1,2
0.441,0.229,0.45,0,0,1,2
0.441,0.232,0.45,0,0,1,2
0.441,0.235,0.45,0,0,1,2
0.441,0.238,0.45,0,0,1,2
0.441,0.241,0.45,0,0,1,2
0.441,0.244,0.45,0,0,1,2
0.441,0.247,0.45,0,0,1,2
0.441,0.25,0.45,0,0,1,2
0.441,0.253,0.45,0,0,1,2
0.441,0.256,0.45,0,0,1,2
0.441,0.259,0.45,0,0,1,2
0.444,0.1,0.45,0,0,1,2
0.444,0.103,0.45,0,0,1,2
0.444,0.106,0.45,0,0,1,2
0.444,0.109,0.45,0,0,1,2
0.444,0.112,0.45,0,0,1,2
0.444,0.115,0.45,0,0,1,2
0.444,0.118,0.45,0,0,1,2
0.444,0.121,0.45,0,0,1,2
0.444,0.124,0.45,0,0,1,2
0.444,0.127,0.45,0,0,1,2
0.444,0.13,0.45,0,0,1,2
0.444,0.133,0.45,0,0,1,2
0.444,0.136,0.45,0,0,1,2
0.444,0.139,0.45,0,0,1,2
0.444,0.142,0.45,0,0,1,2
0.444,0.145,0.45,0,0,1,2
0.444,0.148,0.45,0,0,1,2
0.444,0.151,0.45,0,0,1,2
0.444,0.154,0.45,0,0,1,2
0.444,0.157,0.45,0,0,1,2
0.444,0.16,0.45,0,0,1,2
0.444,0.163,0.45,0,0,1,2
0.444,0.166,0.45,0,0,1,2
0.444,0.169,0.45,0,0,1,2
0.444,0.172,0.45,0,0,1,2
0.444,0.175,0.45,0,0,1,2
0.444,0.178,0.45,0,0,1,2
0.444,0.181,0.45,0,0,1,2
0.444,0.184,0.45,0,0,1,2
0.444,0.187,0.45,0,0,1,2
0.444,0.19,0.45,0,0,1,2
0.444,0.193,0.45,0,0,1,2
0.444,0.196,0.45,0,0,1,2
0.444,0.199,0.45,0,0,1,2
0.444,0.202,0.45,0,0,1,2
0.444,0.205,0.45,0,0,1,2
0.444,0.208,0.45,0,0,1,2
0.444,0.211,0.45,0,0,1,2
0.444,0.214,0.45,0,0,1,2
0.444,0.217,0.45,0,0,1,2
0.444,0.22,0.45,0,0,1,2
0.444,0.223,0.45,0,0,1,2
0.444,0.226,0.45,0,0,1,2
0.444,0.229,0.45,0,0,1,2
0.444,0.232,0.45,0,0,1,2
0.444,0.235,0.45,0,0,1,2
0.444,0.238,0.45,0,0,1,2
0.444,0.241,0.45,0,0,1,2
0.444,0.244,0.45,0,0,1,2
0.444,0.247,0.45,0,0,1,2
0.444,0.25,0.45,0,0,1,2
0.444,0.253,0.45,0,0,1,2
0.444,0.256,0.45,0,0,1,2
0.444,0.259,0.45,0,0,1,2
0.447,0.1,0.45,0,0,1,2
0.447,0.103,0.45,0,0,1,2
0.447,0.106,0.45,0,0,1,2
0.447,0.109,0.45,0,0,1,2
0.447,0.112,0.45,0,0,1,2
0.447,0.115,0.45,0,0,1,2
0.447,0.118,0.45,0,0,1,2
0.447,0.121,0.45,0,0,1,2
0.447,0.124,0.45,0,0,1,2
0.447,0.127,0.45,0,0,1,2
0.447,0.13,0.45,0,0,1,2
0.447,0.133,0.45,0,0,1,2
0.447,0.136,0.45,0,0,1,2
0.447,0.139,0.45,0,0,1,2
0.447,0.142,0.45,0,0,1,2
0.447,0.145,0.45,0,0,1,2
0.447,0.148,0.45,0,0,1,2
0.447,0.151,0.45,0,0,1,2
0.447,0.154,0.45,0,0,1,2
0.447,0.157,0.45,0,0,1,2
0.447,0.16,0.45,0,0,1,2
0.447,0.163,0.45,0,0,1,2
0.447,0.166,0.45,0,0,1,2
0.447,0.169,0.45,0,0,1,2
0.447,0.172,0.45,0,0,1,2
0.447,0.175,0.45,0,0,1,2
0.447,0.178,0.45,0,0,1,2
0.447,0.181,0.45,0,0,1,2
0.447,0.184,0.45,0,0,1,2
0.447,0.187,0.45,0,0,1,2
0.447,0.19,0.45,0,0,1,2
0.447,0.193,0.45,0,0,1,2
0.447,0.196,0.45,0,0,1,2
0.447,0.199,0.45,0,0,1,2
0.447,0.202,0.45,0,0,1,2
0.447,0.205,0.45,0,0,1,2
0.447,0.208,0.45,0,0,1,2
0.447,0.211,0.45,0,0,1,2
0.447,0.214,0.45,0,0,1,2
0.447,0.217,0.45,0,0,1,2
0.447,0.22,0.45,0,0,1,2
0.447,0.223,0.45,0,0,1,2
0.447,0.226,0.45,0,0,1,2
0.447,0.229,0.45,0,0,1,2
0.447,0.232,0.45,0,0,1,2
0.447,0.235,0.45,0,0,1,2
0.447,0.238,0.45,0,0,1,2
0.447,0.241,0.45,0,0,1,2
0.447,0.244,0.45,0,0,1,2
0.447,0.247,0.45,0,0,1,2
0.447,0.25,0.45,0,0,1,2
0.447,0.253,0.45,0,0,1,2
0.447,0.256,0.45,0,0,1,2
0.447,0.259,0.45,0,0,1,2
0.45,0.1,0.45,0,0,1,2
0.45,0.103,0.45,0,0,1,2
0.45,0.106,0.45,0,0,1,2
0.45,0.109,0.45,0,0,1,2
0.45,0.112,0.45,0,0,1,2
0.45,0.115,0.45,0,0,1,2
0.45,0.118,0.45,0,0,1,2
0.45,0.121,0.45,0,0,1,2
0.45,0.124,0.45,0,0,1,2
0.45,0.127,0.45,0,0,1,2
0.45,0.13,0.45,0,0,1,2
0.45,0.133,0.45,0,0,1,2
0.45,0.136,0.45,0,0,1,2
0.45,0.139,0.45,0,0,1,2
0.45,0.142,0.45,0,0,1,2
0.45,0.145,0.45,0,0,1,2
0.45,0.148,0.45,0,0,1,2
0.45,0.151,0.45,0,0,1,2
0.45,0.154,0.45,0,0,1,2
0.45,0.157,0.45,0,0,1,2
0.45,0.16,0.45,0,0,1,2
0.45,0.163,0.45,0,0,1,2
0.45,0.166,0.45,0,0,1,2
0.45,0.169,0.45,0,0,1,2
0.45,0.172,0.45,0,0,1,2
0.45,0.175,0.45,0,0,1,2
0.45,0.178,0.45,0,0,1,2
0.45,0.181,0.45,0,0,1,2
0.45,0.184,0.45,0,0,1,2
0.45,0.187,0.45,0,0,1,2
0.45,0.19,0.45,0,0,1,2
0.45,0.193,0.45,0,0,1,2
0.45,0.196,0.45,0,0,1,2
0.45,0.199,0.45,0,0,1,2
0.45,0.202,0.45,0,0,1,2
0.45,0.205,0.45,0,0,1,2
0.45,0.208,0.45,0,0,1,2
0.45,0.211,0.45,0,0,1,2
0.45,0.214,0.45,0,0,1,2
0.45,0.217,0.45,0,0,1,2
0.45,0.22,0.45,0,0,1,2
0.45,0.223,0.45,0,0,1,2
0.45,0.226,0.45,0,0,1,2
0.45,0.229,0.45,0,0,1,2
0.45,0.232,0.45,0,0,1,2
0.45,0.235,0.45,0,0,1,2
0.45,0.238,0.45,0,0,1,2
0.45,0.241,0.45,0,0,1,2
0.45,0.244,0.45,0,0,1,2
0.45,0.247,0.45,0,0,1,2
0.45,0.25,0.45,0,0,1,2
0.45,0.253,0.45,0,0,1,2
0.45,0.256,0.45,0,0,1,2
0.45,0.259,0.45,0,0,1,2
0.453,0.1,0.45,0,0,1,2
0.453,0.103,0.45,0,0,1,2
0.453,0.106,0.45,0,0,1,2
0.453,0.109,0.45,0,0,1,2
0.453,0.112,0.45,0,0,1,2
0.453,0.115,0.45,0,0,1,2
0.453,0.118,0.45,0,0,1,2
0.453,0.121,0.45,0,0,1,2
0.453,0.124,0.45,0,0,1,2
0.453,0.127,0.45,0,0,1,2
0.453,0.13,0.45,0,0,1,2
0.453,0.133,0.45,0,0,1,2
0.453,0.136,0.45,0,0,1,2
0.453,0.139,0.45,0,0,1,2
0.453,0.142,0.45,0,0,1,2
0.453,0.145,0.45,0,0,1,2
0.453,0.148,0.45,0,0,1,2
0.453,0.151,0.45,0,0,1,2
0.453,0.154,0.45,0,0,1,2
0.453,0.157,0.45,0,0,1,2
0.453,0.16,0.45,0,0,1,2
0.453,0.163,0.45,0,0,1,2
0.453,0.166,0.45,0,0,1,2
0.453,0.169,0.45,0,0,1,2
0.453,0.172,0.45,0,0,1,2
0.453,0.175,0.45,0,0,1,2
0.453,0.178,0.45,0,0,1,2
0.453,0.181,0.45,0,0,1,2
0.453,0.184,0.45,0,0,1,2
0.453,0.187,0.45,0,0,1,2
0.453,0.19,0.45,0,0,1,2
0.453,0.193,0.45,0,0,1,2
0.453,0.196,0.45,0,0,1,2
0.453,0.199,0.45,0,0,1,2
0.453,0.202,0.45,0,0,1,2
0.453,0.205,0.45,0,0,1,2
0.453,0.208,0.45,0,0,1,2
0.453,0.211,0.45,0,0,1,2
0.453,0.214,0.45,0,0,1,2
0.453,0.217,0.45,0,0,1,2
0.453,0.22,0.45,0,0,1,2
0.453,0.223,0.45,0,0,1,2
0.453,0.226,0.45,0,0,1,2
0.453,0.229,0.45,0,0,1,2
0.453,0.232,0.45,0,0,1,2
0.453,0.235,0.45,0,0,1,2
0.453,0.238,0.45,0,0,1,2
0.453,0.241,0.45,0,0,1,2
0.453,0.244,0.45,0,0,1,2
0.453,0.247,0.45,0,0,1,2
0.453,0.25,0.45,0,0,1,2
0.453,0.253,0.45,0,0,1,2
0.453,0.256,0.45,0,0,1,2
0.453,0.259,0.45,0,0,1,2
0.456,0.1,0.45,0,0,1,2
0.456,0.103,0.45,0,0,1,2
0.456,0.106,0.45,0,0,1,2
0.456,0.109,0.45,0,0,1,2
0.456,0.112,0.45,0,0,1,2
0.456,0.115,0.45,0,0,1,2
0.456,0.118,0.45,0,0,1,2
0.456,0.121,0.45,0,0,1,2
0.456,0.124,0.45,0,0,1,2
0.456,0.127,0.45,0,0,1,2
0.456,0.13,0.45,0,0,1,2
0.456,0.133,0.45,0,0,1,2
0.456,0.136,0.45,0,0,1,2
0.456,0.139,0.45,0,0,1,2
0.456,0.142,0.45,0,0,1,2
0.456,0.145,0.45,0,0,1,2
0.456,0.148,0.45,0,0,1,2
0.456,0.151,0.45,0,0,1,2
0.456,0.154,0.45,0,0,1,2
0.456,0.157,0.45,0,0,1,2
0.456,0.16,0.45,0,0,1,2
0.456,0.163,0.45,0,0,1,2
0.456,0.166,0.45,0,0,1,2
0.456,0.169,0.45,0,0,1,2
0.456,0.172,0.45,0,0,1,2
0.456,0.175,0.45,0,0,1,2
0.456,0.178,0.45,0,0,1,2
0.456,0.181,0.45,0,0,1,2
0.456,0.184,0.45,0,0,1,2
0.456,0.187,0.45,0,0,1,2
0.456,0.19,0.45,0,0,1,2
0.456,0.193,0.45,0,0,1,2
0.456,0.196,0.45,0,0,1,2
0.456,0.199,0.45,0,0,1,2
0.456,0.202,0.45,0,0,1,2
0.456,0.205,0.45,0,0,1,2
0.456,0.208,0.45,0,0,1,2
0.456,0.211,0.45,0,0,1,2
0.456,0.214,0.45,0,0,1,2
0.456,0.217,0.45,0,0,1,2
0.456,0.22,0.45,0,0,1,2
0.456,0.223,0.45,0,0,1,2
0.456,0.226,0.45,0,0,1,2
0.456,0.229,0.45,0,0,1,2
0.456,0.232,0.45,0,0,1,2
0.456,0.235,0.45,0,0,1,2
0.456,0.238,0.45,0,0,1,2
0.456,0.241,0.45,0,0,1,2
0.456,0.244,0.45,0,0,1,2
0.456,0.247,0.45,0,0,1,2
0.456,0.25,0.45,0,0,1,2
0.456,0.253,0.45,0,0,1,2
0.456,0.256,0.45,0,0,1,2
0.456,0.259,0.45,0,0,1,2
0.459,0.1,0.45,0,0,1,2
0.459,0.103,0.45,0,0,1,2
0.459,0.106,0.45,0,0,1,2
0.459,0.109,0.45,0,0,1,2
0.459,0.112,0.45,0,0,1,2
0.459,0.115,0.45,0,0,1,2
0.459,0.118,0.45,0,0,1,2
0.459,0.121,0.45,0,0,1,2
0.459,0.124,0.45,0,0,1,2
0.459,0.127,0.45,0,0,1,2
0.459,0.13,0.45,0,0,1,2
0.459,0.133,0.45,0,0,1,2
0.459,0.136,0.45,0,0,1,2
0.459,0.139,0.45,0,0,1,2
0.459,0.142,0.45,0,0,1,2
0.459,0.145,0.45,0,0,1,2
0.459,0.148,0.45,0,0,1,2
0.459,0.151,0.45,0,0,1,2
0.459,0.154,0.45,0,0,1,2
0.459,0.157,0.45,0,0,1,2
0.459,0.16,0.45,0,0,1,2
0.459,0.163,0.45,0,0,1,2
0.459,0.166,0.45,0,0,1,2
0.459,0.169,0.45,0,0,1,2
0.459,0.172,0.45,0,0,1,2
0.459,0.175,0.45,0,0,1,2
0.459,0.178,0.45,0,0,1,2
0.459,0.181,0.45,0,0,1,2
0.459,0.184,0.45,0,0,1,2
0.459,0.187,0.45,0,0,1,2
0.459,0.19,0.45,0,0,1,2
0.459,0.193,0.45,0,0,1,2
0.459,0.196,0.45,0,0,1,2
0.459,0.199,0.45,0,0,1,2
0.459,0.202,0.45,0,0,1,2
0.459,0.205,0.45,0,0,1,2
0.459,0.208,0.45,0,0,1,2
0.459,0.211,0.45,0,0,1,2
0.459,0.214,0.45,0,0,1,2
0.459,0.217,0.45,0,0,1,2
0.459,0.22,0.45,0,0,1,2
0.459,0.223,0.45,0,0,1,2
0.459,0.226,0.45,0,0,1,2
0.459,0.229,0.45,0,0,1,2
0.459,0.232,0.45,0,0,1,2
0.459,0.235,0.45,0,0,1,2
0.459,0.238,0.45,0,0,1,2
0.459,0.241,0.45,0,0,1,2
0.459,0.244,0.45,0,0,1,2
0.459,0.247,0.45,0,0,1,2
0.459,0.25,0.45,0,0,1,2
0.459,0.253,0.45,0,0,1,2
0.459,0.256,0.45,0,0,1,2
0.459,0.259,0.45,0,0,1,2
0.462,0.1,0.45,0,0,1,2
0.462,0.103,0.45,0,0,1,2
0.462,0.106,0.45,0,0,1,2
0.462,0.109,0.45,0,0,1,2
0.462,0.112,0.45,0,0,1,2
0.462,0.115,0.45,0,0,1,2
0.462,0.118,0.45,0,0,1,2
0.462,0.121,0.45,0,0,1,2
0.462,0.124,0.45,0,0,1,2
0.462,0.127,0.45,0,0,1,2
0.462,0.13,0.45,0,0,1,2
0.462,0.133,0.45,0,0,1,2
0.462,0.136,0.45,0,0,1,2
0.462,0.139,0.45,0,0,1,2
0.462,0.142,0.45,0,0,1,2
0.462,0.145,0.45,0,0,1,2
0.462,0.148,0.45,0,0,1,2
0.462,0.151,0.45,0,0,1,2
0.462,0.154,0.45,0,0,1,2
0.462,0.157,0.45,0,0,1,2
0.462,0.16,0.45,0,0,1,2
0.462,0.163,0.45,0,0,1,2
0.462,0.166,0.45,0,0,1,2
0.462,0.169,0.45,0,0,1,2
0.462,0.172,0.45,0,0,1,2
0.462,0.175,0.45,0,0,1,2
0.462,0.178,0.45,0,0,1,2
0.462,0.181,0.45,0,0,1,2
0.462,0.184,0.45,0,0,1,2
0.462,0.187,0.45,0,0,1,2
0.462,0.19,0.45,0,0,1,2
0.462,0.193,0.45,0,0,1,2
0.462,0.196,0.45,0,0,1,2
0.462,0.199,0.45,0,0,1,2
0.462,0.202,0.45,0,0,1,2
0.462,0.205,0.45,0,0,1,2
0.462,0.208,0.45,0,0,1,2
0.462,0.211,0.45,0,0,1,2
0.462,0.214,0.45,0,0,1,2
0.462,0.217,0.45,0,0,1,2
0.462,0.22,0.45,0,0,1,2
0.462,0.223,0.45,0,0,1,2
0.462,0.226,0.45,0,0,1,2
0.462,0.229,0.45,0,0,1,2
0.462,0.232,0.45,0,0,1,2
0.462,0.235,0.45,0,0,1,2
0.462,0.238,0.45,0,0,1,2
0.462,0.241,0.45,0,0,1,2
0.462,0.244,0.45,0,0,1,2
0.462,0.247,0.45,0,0,1,2
0.462,0.25,0.45,0,0,1,2
0.462,0.253,0.45,0,0,1,2
0.462,0.256,0.45,0,0,1,2
0.462,0.259,0.45,0,0,1,2
0.465,0.1,0.45,0,0,1,2
0.465,0.103,0.45,0,0,1,2
0.465,0.106,0.45,0,0,1,2
0.465,0.109,0.45,0,0,1,2
0.465,0.112,0.45,0,0,1,2
0.465,0.115,0.45,0,0,1,2
0.465,0.118,0.45,0,0,1,2
0.465,0.121,0.45,0,0,1,2
0.465,0.124,0.45,0,0,1,2
0.465,0.127,0.45,0,0,1,2
0.465,0.13,0.45,0,0,1,2
0.465,0.133,0.45,0,0,1,2
0.465,0.136,0.45,0,0,1,2
0.465,0.139,0.45,0,0,1,2
0.465,0.142,0.45,0,0,1,2
0.465,0.145,0.45,0,0,1,2
0.465,0.148,0.45,0,0,1,2
0.465,0.151,0.45,0,0,1,2
0.465,0.154,0.45,0,0,1,2
0.465,0.157,0.45,0,0,1,2
0.465,0.16,0.45,0,0,1,2
0.465,0.163,0.45,0,0,1,2
0.465,0.166,0.45,0,0,1,2
0.465,0.169,0.45,0,0,1,2
0.465,0.172,0.45,0,0,1,2
0.465,0.175,0.45,0,0,1,2
0.465,0.178,0.45,0,0,1,2
0.465,0.181,0.45,0,0,1,2
0.465,0.184,0.45,0,0,1,2
0.465,0.187,0.45,0,0,1,2
0.465,0.19,0.45,0,0,1,2
0.465,0.193,0.45,0,0,1,2
0.465,0.196,0.45,0,0,1,2
0.465,0.199,0.45,0,0,1,2
0.465,0.202,0.45,0,0,1,2
0.465,0.205,0.45,0,0,1,2
0.465,0.208,0.45,0,0,1,2
0.465,0.211,0.45,0,0,1,2
0.465,0.214,0.45,0,0,1,2
0.465,0.217,0.45,0,0,1,2
0.465,0.22,0.45,0,0,1,2
0.465,0.223,0.45,0,0,1,2
0.465,0.226,0.45,0,0,1,2
0.465,0.229,0.45,0,0,1,2
0.465,0.232,0.45,0,0,1,2
0.465,0.235,0.45,0,0,1,2
0.465,0.238,0.45,0,0,1,2
0.465,0.241,0.45,0,0,1,2
0.465,0.244,0.45,0,0,1,2
0.465,0.247,0.45,0,0,1,2
0.465,0.25,0.45,0,0,1,2
0.465,0.253,0.45,0,0,1,2
0.465,0.256,0.45,0,0,1,2
0.465,0.259,0.45,0,0,1,2
0.468,0.1,0.45,0,0,1,2
0.468,0.103,0.45,0,0,1,2
0.468,0.106,0.45,0,0,1,2
0.468,0.109,0.45,0,0,1,2
0.468,0.112,0.45,0,0,1,2
0.468,0.115,0.45,0,0,1,2
0.468,0.118,0.45,0,0,1,2
0.468,0.121,0.45,0,0,1,2
0.468,0.124,0.45,0,0,1,2
0.468,0.127,0.45,0,0,1,2
0.468,0.13,0.45,0,0,1,2
0.468,0.133,0.45,0,0,1,2
0.468,0.136,0.45,0,0,1,2
0.468,0.139,0.45,0,0,1,2
0.468,0.142,0.45,0,0,1,2
0.468,0.145,0.45,0,0,1,2
0.468,0.148,0.45,0,0,1,2
0.468,0.151,0.45,0,0,1,2
0.468,0.154,0.45,0,0,1,2
0.468,0.157,0.45,0,0,1,2
0.468,0.16,0.45,0,0,1,2
0.468,0.163,0.45,0,0,1,2
0.468,0.166,0.45,0,0,1,2
0.468,0.169,0.45,0,0,1,2
0.468,0.172,0.45,0,0,1,2
0.468,0.175,0.45,0,0,1,2
0.468,0.178,0.45,0,0,1,2
0.468,0.181,0.45,0,0,1,2
0.468,0.184,0.45,0,0,1,2
0.468,0.187,0.45,0,0,1,2
0.468,0.19,0.45,0,0,1,2
0.468,0.193,0.45,0,0,1,2
0.468,0.196,0.45,0,0,1,2
0.468,0.199,0.45,0,0,1,2
0.468,0.202,0.45,0,0,1,2
0.468,0.205,0.45,0,0,1,2
0.468,0.208,0.45,0,0,1,2
0.468,0.211,0.45,0,0,1,2
0.468,0.214,0.45,0,0,1,2
0.468,0.217,0.45,0,0,1,2
0.468,0.22,0.45,0,0,1,2
0.468,0.223,0.45,0,0,1,2
0.468,0.226,0.45,0,0,1,2
0.468,0.229,0.45,0,0,1,2
0.468,0.232,0.45,0,0,1,2
0.468,0.235,0.45,0,0,1,2
0.468,0.238,0.45,0,0,1,2
0.468,0.241,0.45,0,0,1,2
0.468,0.244,0.45,0,0,1,2
0.468,0.247,0.45,0,0,1,2
0.468,0.25,0.45,0,0,1,2
0.468,0.253,0.45,0,0,1,2
0.468,0.256,0.45,0,0,1,2
0.468,0.259,0.45,0,0,1,2
0.471,0.1,0.45,0,0,1,2
0.471,0.103,0.45,0,0,1,2
0.471,0.106,0.45,0,0,1,2
0.471,0.109,0.45,0,0,1,2
0.471,0.112,0.45,0,0,1,2
0.471,0.115,0.45,0,0,1,2
0.471,0.118,0.45,0,0,1,2
0.471,0.121,0.45,0,0,1,2
0.471,0.124,0.45,0,0,1,2
0.471,0.127,0.45,0,0,1,2
0.471,0.13,0.45,0,0,1,2
0.471,0.133,0.45,0,0,1,2
0.471,0.136,0.45,0,0,1,2
0.471,0.139,0.45,0,0,1,2
0.471,0.142,0.45,0,0,1,2
0.471,0.145,0.45,0,0,1,2
0.471,0.148,0.45,0,0,1,2
0.471,0.151,0.45,0,0,1,2
0.471,0.154,0.45,0,0,1,2
0.471,0.157,0.45,0,0,1,2
0.471,0.16,0.45,0,0,1,2
0.471,0.163,0.45,0,0,1,2
0.471,0.166,0.45,0,0,1,2
0.471,0.169,0.45,0,0,1,2
0.471,0.172,0.45,0,0,1,2
0.471,0.175,0.45,0,0,1,2
0.471,0.178,0.45,0,0,1,2
0.471,0.181,0.45,0,0,1,2
0.471,0.184,0.45,0,0,1,2
0.471,0.187,0.45,0,0,1,2
0.471,0.19,0.45,0,0,1,2
0.471,0.193,0.45,0,0,1,2
0.471,0.196,0.45,0,0,1,2
0.471,0.199,0.45,0,0,1,2
0.471,0.202,0.45,0,0,1,2
0.471,0.205,0.45,0,0,1,2
0.471,0.208,0.45,0,0,1,2
0.471,0.211,0.45,0,0,1,2
0.471,0.214,0.45,0,0,1,2
0.471,0.217,0.45,0,0,1,2
0.471,0.22,0.45,0,0,1,2
0.471,0.223,0.45,0,0,1,2
0.471,0.226,0.45,0,0,1,2
0.471,0.229,0.45,0,0,1,2
0.471,0.232,0.45,0,0,1,2
0.471,0.235,0.45,0,0,1,2
0.471,0.238,0.45,0,0,1,2
0.471,0.241,0.45,0,0,1,2
0.471,0.244,0.45,0,0,1,2
0.471,0.247,0.45,0,0,1,2
0.471,0.25,0.45,0,0,1,2
0.471,0.253,0.45,0,0,1,2
0.471,0.256,0.45,0,0,1,2
0.471,0.259,0.45,0,0,1,2
0.474,0.1,0.45,0,0,1,2
0.474,0.103,0.45,0,0,1,2
0.474,0.106,0.45,0,0,1,2
0.474,0.109,0.45,0,0,1,2
0.474,0.112,0.45,0,0,1,2
0.474,0.115,0.45,0,0,1,2
0.474,0.118,0.45,0,0,1,2
0.474,0.121,0.45,0,0,1,2
0.474,0.124,0.45,0,0,1,2
0.474,0.127,0.45,0,0,1,2
0.474,0.13,0.45,0,0,1,2
0.474,0.133,0.45,0,0,1,2
0.474,0.136,0.45,0,0,1,2
0.474,0.139,0.45,0,0,1,2
0.474,0.142,0.45,0,0,1,2
0.474,0.145,0.45,0,0,1,2
0.474,0.148,0.45,0,0,1,2
0.474,0.151,0.45,0,0,1,2
0.474,0.154,0.45,0,0,1,2
0.474,0.157,0.45,0,0,1,2
0.474,0.16,0.45,0,0,1,2
0.474,0.163,0.45,0,0,1,2
0.474,0.166,0.45,0,0,1,2
0.474,0.169,0.45,0,0,1,2
0.474,0.172,0.45,0,0,1,2
0.474,0.175,0.45,0,0,1,2
0.474,0.178,0.45,0,0,1,2
0.474,0.181,0.45,0,0,1,2
0.474,0.184,0.45,0,0,1,2
0.474,0.187,0.45,0,0,1,2
0.474,0.19,0.45,0,0,1,2
0.474,0.193,0.45,0,0,1,2
0.474,0.196,0.45,0,0,1,2
0.474,0.199,0.45,0,0,1,2
0.474,0.202,0.45,0,0,1,2
0.474,0.205,0.45,0,0,1,2
0.474,0.208,0.45,0,0,1,2
0.474,0.211,0.45,0,0,1,2
0.474,0.214,0.45,0,0,1,2
0.474,0.217,0.45,0,0,1,2
0.474,0.22,0.45,0,0,1,2
0.474,0.223,0.45,0,0,1,2
0.474,0.226,0.45,0,0,1,2
0.474,0.229,0.45,0,0,1,2
0.474,0.232,0.45,0,0,1,2
0.474,0.235,0.45,0,0,1,2
0.474,0.238,0.45,0,0,1,2
0.474,0.241,0.45,0,0,1,2
0.474,0.244,0.45,0,0,1,2
0.474,0.247,0.45,0,0,1,2
0.474,0.25,0.45,0,0,1,2
0.474,0.253,0.45,0,0,1,2
0.474,0.256,0.45,0,0,1,2
0.474,0.259,0.45,0,0,1,2
0.477,0.1,0.45,0,0,1,2
0.477,0.103,0.45,0,0,1,2
0.477,0.106,0.45,0,0,1,2
0.477,0.109,0.45,0,0,1,2
0.477,0.112,0.45,0,0,1,2
0.477,0.115,0.45,0,0,1,2
0.477,0.118,0.45,0,0,1,2
0.477,0.121,0.45,0,0,1,2
0.477,0.124,0.45,0,0,1,2
0.477,0.127,0.45,0,0,1,2
0.477,0.13,0.45,0,0,1,2
0.477,0.133,0.45,0,0,1,2
0.477,0.136,0.45,0,0,1,2
0.477,0.139,0.45,0,0,1,2
0.477,0.142,0.45,0,0,1,2
0.477,0.145,0.45,0,0,1,2
0.477,0.148,0.45,0,0,1,2
0.477,0.151,0.45,0,0,1,2
0.477,0.154,0.45,0,0,1,2
0.477,0.157,0.45,0,0,1,2
0.477,0.16,0.45,0,0,1,2
0.477,0.163,0.45,0,0,1,2
0.477,0.166,0.45,0,0,1,2
0.477,0.169,0.45,0,0,1,2
0.477,0.172,0.45,0,0,1,2
0.477,0.175,0.45,0,0,1,2
0.477,0.178,0.45,0,0,1,2
0.477,0.181,0.45,0,0,1,2
0.477,0.184,0.45,0,0,1,2
0.477,0.187,0.45,0,0,1,2
0.477,0.19,0.45,0,0,1,2
0.477,0.193,0.45,0,0,1,2
0.477,0.196,0.45,0,0,1,2
0.477,0.199,0.45,0,0,1,2
0.477,0.202,0.45,0,0,1,2
0.477,0.205,0.45,0,0,1,2
0.477,0.208,0.45,0,0,1,2
0.477,0.211,0.45,0,0,1,2
0.477,0.214,0.45,0,0,1,2
0.477,0.217,0.45,0,0,1,2
0.477,0.22,0.45,0,0,1,2
0.477,0.223,0.45,0,0,1,2
0.477,0.226,0.45,0,0,1,2
0.477,0.229,0.45,0,0,1,2
0.477,0.232,0.45,0,0,1,2
0.477,0.235,0.45,0,0,1,2
0.477,0.238,0.45,0,0,1,2
0.477,0.241,0.45,0,0,1,2
0.477,0.244,0.45,0,0,1,2
0.477,0.247,0.45,0,0,1,2
0.477,0.25,0.45,0,0,1,2
0.477,0.253,0.45,0,0,1,2
0.477,0.256,0.45,0,0,1,2
0.477,0.259,0.45,0,0,1,2
0.48,0.1,0.45,0,0,1,2
0.48,0.103,0.45,0,0,1,2
0.48,0.106,0.45,0,0,1,2
0.48,0.109,0.45,0,0,1,2
0.48,0.112,0.45,0,0,1,2
0.48,0.115,0.45,0,0,1,2
0.48,0.118,0.45,0,0,1,2
0.48,0.121,0.45,0,0,1,2
0.48,0.124,0.45,0,0,1,2
0.48,0.127,0.45,0,0,1,2
0.48,0.13,0.45,0,0,1,2
0.48,0.133,0.45,0,0,1,2
0.48,0.136,0.45,0,0,1,2
0.48,0.139,0.45,0,0,1,2
0.48,0.142,0.45,0,0,1,2
0.48,0.145,0.45,0,0,1,2
0.48,0.148,0.45,0,0,1,2
0.48,0.151,0.45,0,0,1,2
0.48,0.154,0.45,0,0,1,2
0.48,0.157,0.45,0,0,1,2
0.48,0.16,0.45,0,0,1,2
0.48,0.163,0.45,0,0,1,2
0.48,0.166,0.45,0,0,1,2
0.48,0.169,0.45,0,0,1,2
0.48,0.172,0.45,0,0,1,2
0.48,0.175,0.45,0,0,1,2
0.48,0.178,0.45,0,0,1,2
0.48,0.181,0.45,0,0,1,2
0.48,0.184,0.45,0,0,1,2
0.48,0.187,0.45,0,0,1,2
0.48,0.19,0.45,0,0,1,2
0.48,0.193,0.45,0,0,1,2
0.48,0.196,0.45,0,0,1,2
0.48,0.199,0.45,0,0,1,2
0.48,0.202,0.45,0,0,1,2
0.48,0.205,0.45,0,0,1,2
0.48,0.208,0.45,0,0,1,2
0.48,0.211,0.45,0,0,1,2
0.48,0.214,0.45,0,0,1,2
0.48,0.217,0.45,0,0,1,2
0.48,0.22,0.45,0,0,1,2
0.48,0.223,0.45,0,0,1,2
0.48,0.226,0.45,0,0,1,2
0.48,0.229,0.45,0,0,1,2
0.48,0.232,0.45,0,0,1,2
0.48,0.235,0.45,0,0,1,2
0.48,0.238,0.45,0,0,1,2
0.48,0.241,0.45,0,0,1,2
0.48,0.244,0.45,0,0,1,2
0.48,0.247,0.45,0,0,1,2
0.48,0.25,0.45,0,0,1,2
0.48,0.253,0.45,0,0,1,2
0.48,0.256,0.45,0,0,1,2
0.48,0.259,0.45,0,0,1,2
0.483,0.1,0.45,0,0,1,2
0.483,0.103,0.45,0,0,1,2
0.483,0.106,0.45,0,0,1,2
0.483,0.109,0.45,0,0,1,2
0.483,0.112,0.45,0,0,1,2
0.483,0.115,0.45,0,0,1,2
0.483,0.118,0.45,0,0,1,2
0.483,0.121,0.45,0,0,1,2
0.483,0.124,0.45,0,0,1,2
0.483,0.127,0.45,0,0,1,2
0.483,0.13,0.45,0,0,1,2
0.483,0.133,0.45,0,0,1,2
0.483,0.136,0.45,0,0,1,2
0.483,0.139,0.45,0,0,1,2
0.483,0.142,0.45,0,0,1,2
0.483,0.145,0.45,0,0,1,2
0.483,0.148,0.45,0,0,1,2
0.483,0.151,0.45,0,0,1,2
0.483,0.154,0.45,0,0,1,2
0.483,0.157,0.45,0,0,1,2
0.483,0.16,0.45,0,0,1,2
0.483,0.163,0.45,0,0,1,2
0.483,0.166,0.45,0,0,1,2
0.483,0.169,0.45,0,0,1,2
0.483,0.172,0.45,0,0,1,2
0.483,0.175,0.45,0,0,1,2
0.483,0.178,0.45,0,0,1,2
0.483,0.181,0.45,0,0,1,2
0.483,0.184,0.45,0,0,1,2
0.483,0.187,0.45,0,0,1,2
0.483,0.19,0.45,0,0,1,2
0.483,0.193,0.45,0,0,1,2
0.483,0.196,0.45,0,0,1,2
0.483,0.199,0.45,0,0,1,2
0.483,0.202,0.45,0,0,1,2
0.483,0.205,0.45,0,0,1,2
0.483,0.208,0.45,0,0,1,2
0.483,0.211,0.45,0,0,1,2
0.483,0.214,0.45,0,0,1,2
0.483,0.217,0.45,0,0,1,2
0.483,0.22,0.45,0,0,1,2
0.483,0.223,0.45,0,0,1,2
0.483,0.226,0.45,0,0,1,2
0.483,0.229,0.45,0,0,1,2
0.483,0.232,0.45,0,0,1,2
0.483,0.235,0.45,0,0,1,2
0.483,0.238,0.45,0,0,1,2
0.483,0.241,0.45,0,0,1,2
0.483,0.244,0.45,0,0,1,2
0.483,0.247,0.45,0,0,1,2
0.483,0.25,0.45,0,0,1,2
0.483,0.253,0.45,0,0,1,2
0.483,0.256,0.45,0,0,1,2
0.483,0.259,0.45,0,0,1,2
0.486,0.1,0.45,0,0,1,2
0.486,0.103,0.45,0,0,1,2
0.486,0.106,0.45,0,0,1,2
0.486,0.109,0.45,0,0,1,2
0.486,0.112,0.45,0,0,1,2
0.486,0.115,0.45,0,0,1,2
0.486,0.118,0.45,0,0,1,2
0.486,0.121,0.45,0,0,1,2
0.486,0.124,0.45,0,0,1,2
0.486,0.127,0.45,0,0,1,2
0.486,0.13,0.45,0,0,1,2
0.486,0.133,0.45,0,0,1,2
0.486,0.136,0.45,0,0,1,2
0.486,0.139,0.45,0,0,1,2
0.486,0.142,0.45,0,0,1,2
0.486,0.145,0.45,0,0,1,2
0.486,0.148,0.45,0,0,1,2
0.486,0.151,0.45,0,0,1,2
0.486,0.154,0.45,0,0,1,2
0.486,0.157,0.45,0,0,1,2
0.486,0.16,0.45,0,0,1,2
0.486,0.163,0.45,0,0,1,2
0.486,0.166,0.45,0,0,1,2
0.486,0.169,0.45,0,0,1,2
0.486,0.172,0.45,0,0,1,2
0.486,0.175,0.45,0,0,1,2
0.486,0.178,0.45,0,0,1,2
0.486,0.181,0.45,0,0,1,2
0.486,0.184,0.45,0,0,1,2
0.486,0.187,0.45,0,0,1,2
0.486,0.19,0.45,0,0,1,2
0.486,0.193,0.45,0,0,1,2
0.486,0.196,0.45,0,0,1,2
0.486,0.199,0.45,0,0,1,2
0.486,0.202,0.45,0,0,1,2
0.486,0.205,0.45,0,0,1,2
0.486,0.208,0.45,0,0,1,2
0.486,0.211,0.45,0,0,1,2
0.486,0.214,0.45,0,0,1,2
0.486,0.217,0.45,0,0,1,2
0.486,0.22,0.45,0,0,1,2
0.486,0.223,0.45,0,0,1,2
0.486,0.226,0.45,0,0,1,2
0.486,0.229,0.45,0,0,1,2
0.486,0.232,0.45,0,0,1,2
0.486,0.235,0.45,0,0,1,2
0.486,0.238,0.45,0,0,1,2
0.486,0.241,0.45,0,0,1,2
0.486,0.244,0.45,0,0,1,2
0.486,0.247,0.45,0,0,1,2
0.486,0.25,0.45,0,0,1,2
0.486,0.253,0.45,0,0,1,2
0.486,0.256,0.45,0,0,1,2
0.486,0.259,0.45,0,0,1,2
0.489,0.1,0.45,0,0,1,2
0.489,0.103,0.45,0,0,1,2
0.489,0.106,0.45,0,0,1,2
0.489,0.109,0.45,0,0,1,2
0.489,0.112,0.45,0,0,1,2
0.489,0.115,0.45,0,0,1,2
0.489,0.118,0.45,0,0,1,2
0.489,0.121,0.45,0,0,1,2
0.489,0.124,0.45,0,0,1,2
0.489,0.127,0.45,0,0,1,2
0.489,0.13,0.45,0,0,1,2
0.489,0.133,0.45,0,0,1,2
0.489,0.136,0.45,0,0,1,2
0.489,0.139,0.45,0,0,1,2
0.489,0.142,0.45,0,0,1,2
0.489,0.145,0.45,0,0,1,2
0.489,0.148,0.45,0,0,1,2
0.489,0.151,0.45,0,0,1,2
0.489,0.154,0.45,0,0,1,2
0.489,0.157,0.45,0,0,1,2
0.489,0.16,0.45,0,0,1,2
0.489,0.163,0.45,0,0,1,2
0.489,0.166,0.45,0,0,1,2
0.489,0.169,0.45,0,0,1,2
0.489,0.172,0.45,0,0,1,2
0.489,0.175,0.45,0,0,1,2
0.489,0.178,0.45,0,0,1,2
0.489,0.181,0.45,0,0,1,2
0.489,0.184,0.45,0,0,1,2
0.489,0.187,0.45,0,0,1,2
0.489,0.19,0.45,0,0,1,2
0.489,0.193,0.45,0,0,1,2
0.489,0.196,0.45,0,0,1,2
0.489,0.199,0.45,0,0,1,2
0.489,0.202,0.45,0,0,1,2
0.489,0.205,0.45,0,0,1,2
0.489,0.208,0.45,0,0,1,2
0.489,0.211,0.45,0,0,1,2
0.489,0.214,0.45,0,0,1,2
0.489,0.217,0.45,0,0,1,2
0.489,0.22,0.45,0,0,1,2
0.489,0.223,0.45,0,0,1,2
0.489,0.226,0.45,0,0,1,2
0.489,0.229,0.45,0,0,1,2
0.489,0.232,0.45,0,0,1,2
0.489,0.235,0.45,0,0,1,2
0.489,0.238,0.45,0,0,1,2
0.489,0.241,0.45,0,0,1,2
0.489,0.244,0.45,0,0,1,2
0.489,0.247,0.45,0,0,1,2
0.489,0.25,0.45,0,0,1,2
0.489,0.253,0.45,0,0,1,2
0.489,0.256,0.45,0,0,1,2
0.489,0.259,0.45,0,0,1,2
0.492,0.1,0.45,0,0,1,2
0.492,0.103,0.45,0,0,1,2
0.492,0.106,0.45,0,0,1,2
0.492,0.109,0.45,0,0,1,2
0.492,0.112,0.45,0,0,1,2
0.492,0.115,0.45,0,0,1,2
0.492,0.118,0.45,0,0,1,2
0.492,0.121,0.45,0,0,1,2
0.492,0.124,0.45,0,0,1,2
0.492,0.127,0.45,0,0,1,2
0.492,0.13,0.45,0,0,1,2
0.492,0.133,0.45,0,0,1,2
0.492,0.136,0.45,0,0,1,2
0.492,0.139,0.45,0,0,1,2
0.492,0.142,0.45,0,0,1,2
0.492,0.145,0.45,0,0,1,2
0.492,0.148,0.45,0,0,1,2
0.492,0.151,0.45,0,0,1,2
0.492,0.154,0.45,0,0,1,2
0.492,0.157,0.45,0,0,1,2
0.492,0.16,0.45,0,0,1,2
0.492,0.163,0.45,0,0,1,2
0.492,0.166,0.45,0,0,1,2
0.492,0.169,0.45,0,0,1,2
0.492,0.172,0.45,0,0,1,2
0.492,0.175,0.45,0,0,1,2
0.492,0.178,0.45,0,0,1,2
0.492,0.181,0.45,0,0,1,2
0.492,0.184,0.45,0,0,1,2
0.492,0.187,0.45,0,0,1,2
0.492,0.19,0.45,0,0,1,2
0.492,0.193,0.45,0,0,1,2
0.492,0.196,0.45,0,0,1,2
0.492,0.199,0.45,0,0,1,2
0.492,0.202,0.45,0,0,1,2
0.492,0.205,0.45,0,0,1,2
0.492,0.208,0.45,0,0,1,2
0.492,0.211,0.45,0,0,1,2
0.492,0.214,0.45,0,0,1,2
0.492,0.217,0.45,0,0,1,2
0.492,0.22,0.45,0,0,1,2
0.492,0.223,0.45,0,0,1,2
0.492,0.226,0.45,0,0,1,2
0.492,0.229,0.45,0,0,1,2
0.492,0.232,0.45,0,0,1,2
0.492,0.235,0.45,0,0,1,2
0.492,0.238,0.45,0,0,1,2
0.492,0.241,0.45,0,0,1,2
0.492,0.244,0.45,0,0,1,2
0.492,0.247,0.45,0,0,1,2
0.492,0.25,0.45,0,0,1,2
0.492,0.253,0.45,0,0,1,2
0.492,0.256,0.45,0,0,1,2
0.492,0.259,0.45,0,0,1,2
0.495,0.1,0.45,0,0,1,2
0.495,0.103,0.45,0,0,1,2
0.495,0.106,0.45,0,0,1,2
0.495,0.109,0.45,0,0,1,2
0.495,0.112,0.45,0,0,1,2
0.495,0.115,0.45,0,0,1,2
0.495,0.118,0.45,0,0,1,2
0.495,0.121,0.45,0,0,1,2
0.495,0.124,0.45,0,0,1,2
0.495,0.127,0.45,0,0,1,2
0.495,0.13,0.45,0,0,1,2
0.495,0.133,0.45,0,0,1,2
0.495,0.136,0.45,0,0,1,2
0.495,0.139,0.45,0,0,1,2
0.495,0.142,0.45,0,0,1,2
0.495,0.145,0.45,0,0,1,2
0.495,0.148,0.45,0,0,1,2
0.495,0.151,0.45,0,0,1,2
0.495,0.154,0.45,0,0,1,2
0.495,0.157,0.45,0,0,1,2
0.495,0.16,0.45,0,0,1,2
0.495,0.163,0.45,0,0,1,2
0.495,0.166,0.45,0,0,1,2
0.495,0.169,0.45,0,0,1,2
0.495,0.172,0.45,0,0,1,2
0.495,0.175,0.45,0,0,1,2
0.495,0.178,0.45,0,0,1,2
0.495,0.181,0.45,0,0,1,2
0.495,0.184,0.45,0,0,1,2
0.495,0.187,0.45,0,0,1,2
0.495,0.19,0.45,0,0,1,2
0.495,0.193,0.45,0,0,1,2
0.495,0.196,0.45,0,0,1,2
0.495,0.199,0.45,0,0,1,2
0.495,0.202,0.45,0,0,1,2
0.495,0.205,0.45,0,0,1,2
0.495,0.208,0.45,0,0,1,2
0.495,0.211,0.45,0,0,1,2
0.495,0.214,0.45,0,0,1,2
0.495,0.217,0.45,0,0,1,2
0.495,0.22,0.45,0,0,1,2
0.495,0.223,0.45,0,0,1,2
0.495,0.226,0.45,0,0,1,2
0.495,0.229,0.45,0,0,1,2
0.495,0.232,0.45,0,0,1,2
0.495,0.235,0.45,0,0,1,2
0.495,0.238,0.45,0,0,1,2
0.495,0.241,0.45,0,0,1,2
0.495,0.244,0.45,0,0,1,2
0.495,0.247,0.45,0,0,1,2
0.495,0.25,0.45,0,0,1,2
0.495,0.253,0.45,0,0,1,2
0.495,0.256,0.45,0,0,1,2
0.495,0.259,0.45,0,0,1,2
0.498,0.1,0.45,0,0,1,2
0.498,0.103,0.45,0,0,1,2
0.498,0.106,0.45,0,0,1,2
0.498,0.109,0.45,0,0,1,2
0.498,0.112,0.45,0,0,1,2
0.498,0.115,0.45,0,0,1,2
0.498,0.118,0.45,0,0,1,2
0.498,0.121,0.45,0,0,1,2
0.498,0.124,0.45,0,0,1,2
0.498,0.127,0.45,0,0,1,2
0.498,0.13,0.45,0,0,1,2
0.498,0.133,0.45,0,0,1,2
0.498,0.136,0.45,0,0,1,2
0.498,0.139,0.45,0,0,1,2
0.498,0.142,0.45,0,0,1,2
0.498,0.145,0.45,0,0,1,2
0.498,0.148,0.45,0,0,1,2
0.498,0.151,0.45,0,0,1,2
0.498,0.154,0.45,0,0,1,2
0.498,0.157,0.45,0,0,1,2
0.498,0.16,0.45,0,0,1,2
0.498,0.163,0.45,0,0,1,2
0.498,0.166,0.45,0,0,1,2
0.498,0.169,0.45,0,0,1,2
0.498,0.172,0.45,0,0,1,2
0.498,0.175,0.45,0,0,1,2
0.498,0.178,0.45,0,0,1,2
0.498,0.181,0.45,0,0,1,2
0.498,0.184,0.45,0,0,1,2
0.498,0.187,0.45,0,0,1,2
0.498,0.19,0.45,0,0,1,2
0.498,0.193,0.45,0,0,1,2
0.498,0.196,0.45,0,0,1,2
0.498,0.199,0.45,0,0,1,2
0.498,0.202,0.45,0,0,1,2
0.498,0.205,0.45,0,0,1,2
0.498,0.208,0.45,0,0,1,2
0.498,0.211,0.45,0,0,1,2
0.498,0.214,0.45,0,0,1,2
0.498,0.217,0.45,0,0,1,2
0.498,0.22,0.45,0,0,1,2
0.498,0.223,0.45,0,0,1,2
0.498,0.226,0.45,0,0,1,2
0.498,0.229,0.45,0,0,1,2
0.498,0.232,0.45,0,0,1,2
0.498,0.235,0.45,0,0,1,2
0.498,0.238,0.45,0,0,1,2
0.498,0.241,0.45,0,0,1,2
0.498,0.244,0.45,0,0,1,2
0.498,0.247,0.45,0,0,1,2
0.498,0.25,0.45,0,0,1,2
0.498,0.253,0.45,0,0,1,2
0.498,0.256,0.45,0,0,1,2
0.498,0.259,0.45,0,0,1,2
0.501,0.1,0.45,0,0,1,2
0.501,0.103,0.45,0,0,1,2
0.501,0.106,0.45,0,0,1,2
0.501,0.109,0.45,0,0,1,2
0.501,0.112,0.45,0,0,1,2
0.501,0.115,0.45,0,0,1,2
0.501,0.118,0.45,0,0,1,2
0.501,0.121,0.45,0,0,1,2
0.501,0.124,0.45,0,0,1,2
0.501,0.127,0.45,0,0,1,2
0.501,0.13,0.45,0,0,1,2
0.501,0.133,0.45,0,0,1,2
0.501,0.136,0.45,0,0,1,2
0.501,0.139,0.45,0,0,1,2
0.501,0.142,0.45,0,0,1,2
0.501,0.145,0.45,0,0,1,2
0.501,0.148,0.45,0,0,1,2
0.501,0.151,0.45,0,0,1,2
0.501,0.154,0.45,0,0,1,2
0.501,0.157,0.45,0,0,1,2
0.501,0.16,0.45,0,0,1,2
0.501,0.163,0.45,0,0,1,2
0.501,0.166,0.45,0,0,1,2
0.501,0.169,0.45,0,0,1,2
0.501,0.172,0.45,0,0,1,2
0.501,0.175,0.45,0,0,1,2
0.501,0.178,0.45,0,0,1,2
0.501,0.181,0.45,0,0,1,2
0.501,0.184,0.45,0,0,1,2
0.501,0.187,0.45,0,0,1,2
0.501,0.19,0.45,0,0,1,2
0.501,0.193,0.45,0,0,1,2
0.501,0.196,0.45,0,0,1,2
0.501,0.199,0.45,0,0,1,2
0.501,0.202,0.45,0,0,1,2
0.501,0.205,0.45,0,0,1,2
0.501,0.208,0.45,0,0,1,2
0.501,0.211,0.45,0,0,1,2
0.501,0.214,0.45,0,0,1,2
0.501,0.217,0.45,0,0,1,2
0.501,0.22,0.45,0,0,1,2
0.501,0.223,0.45,0,0,1,2
0.501,0.226,0.45,0,0,1,2
0.501,0.229,0.45,0,0,1,2
0.501,0.232,0.45,0,0,1,2
0.501,0.235,0.45,0,0,1,2
0.501,0.238,0.45,0,0,1,2
0.501,0.241,0.45,0,0,1,2
0.501,0.244,0.45,0,0,1,2
0.501,0.247,0.45,0,0,1,2
0.501,0.25,0.45,0,0,1,2
0.501,0.253,0.45,0,0,1,2
0.501,0.256,0.45,0,0,1,2
0.501,0.259,0.45,0,0,1,2
0.504,0.1,0.45,0,0,1,2
0.504,0.103,0.45,0,0,1,2
0.504,0.106,0.45,0,0,1,2
0.504,0.109,0.45,0,0,1,2
0.504,0.112,0.45,0,0,1,2
0.504,0.115,0.45,0,0,1,2
0.504,0.118,0.45,0,0,1,2
0.504,0.121,0.45,0,0,1,2
0.504,0.124,0.45,0,0,1,2
0.504,0.127,0.45,0,0,1,2
0.504,0.13,0.45,0,0,1,2
0.504,0.133,0.45,0,0,1,2
0.504,0.136,0.45,0,0,1,2
0.504,0.139,0.45,0,0,1,2
0.504,0.142,0.45,0,0,1,2
0.504,0.145,0.45,0,0,1,2
0.504,0.148,0.45,0,0,1,2
0.504,0.151,0.45,0,0,1,2
0.504,0.154,0.45,0,0,1,2
0.504,0.157,0.45,0,0,1,2
0.504,0.16,0.45,0,0,1,2
0.504,0.163,0.45,0,0,1,2
0.504,0.166,0.45,0,0,1,2
0.504,0.169,0.45,0,0,1,2
0.504,0.172,0.45,0,0,1,2
0.504,0.175,0.45,0,0,1,2
0.504,0.178,0.45,0,0,1,2
0.504,0.181,0.45,0,0,1,2
0.504,0.184,0.45,0,0,1,2
0.504,0.187,0.45,0,0,1,2
0.504,0.19,0.45,0,0,1,2
0.504,0.193,0.45,0,0,1,2
0.504,0.196,0.45,0,0,1,2
0.504,0.199,0.45,0,0,1,2
0.504,0.202,0.45,0,0,1,2
0.504,0.205,0.45,0,0,1,2
0.504,0.208,0.45,0,0,1,2
0.504,0.211,0.45,0,0,1,2
0.504,0.214,0.45,0,0,1,2
0.504,0.217,0.45,0,0,1,2
0.504,0.22,0.45,0,0,1,2
0.504,0.223,0.45,0,0,1,2
0.504,0.226,0.45,0,0,1,2
0.504,0.229,0.45,0,0,1,2
0.504,0.232,0.45,0,0,1,2
0.504,0.235,0.45,0,0,1,2
0.504,0.238,0.45,0,0,1,2
0.504,0.241,0.45,0,0,1,2
0.504,0.244,0.45,0,0,1,2
0.504,0.247,0.45,0,0,1,2
0.504,0.25,0.45,0,0,1,2
0.504,0.253,0.45,0,0,1,2
0.504,0.256,0.45,0,0,1,2
0.504,0.259,0.45,0,0,1,2
0.507,0.1,0.45,0,0,1,2
0.507,0.103,0.45,0,0,1,2
0.507,0.106,0.45,0,0,1,2
0.507,0.109,0.45,0,0,1,2
0.507,0.112,0.45,0,0,1,2
0.507,0.115,0.45,0,0,1,2
0.507,0.118,0.45,0,0,1,2
0.507,0.121,0.45,0,0,1,2
0.507,0.124,0.45,0,0,1,2
0.507,0.127,0.45,0,0,1,2
0.507,0.13,0.45,0,0,1,2
0.507,0.133,0.45,0,0,1,2
0.507,0.136,0.45,0,0,1,2
0.507,0.139,0.45,0,0,1,2
0.507,0.142,0.45,0,0,1,2
0.507,0.145,0.45,0,0,1,2
0.507,0.148,0.45,0,0,1,2
0.507,0.151,0.45,0,0,1,2
0.507,0.154,0.45,0,0,1,2
0.507,0.157,0.45,0,0,1,2
0.507,0.16,0.45,0,0,1,2
0.507,0.163,0.45,0,0,1,2
0.507,0.166,0.45,0,0,1,2
0.507,0.169,0.45,0,0,1,2
0.507,0.172,0.45,0,0,1,2
0.507,0.175,0.45,0,0,1,2
0.507,0.178,0.45,0,0,1,2
0.507,0.181,0.45,0,0,1,2
0.507,0.184,0.45,0,0,1,2
0.507,0.187,0.45,0,0,1,2
0.507,0.19,0.45,0,0,1,2
0.507,0.193,0.45,0,0,1,2
0.507,0.196,0.45,0,0,1,2
0.507,0.199,0.45,0,0,1,2
0.507,0.202,0.45,0,0,1,2
0.507,0.205,0.45,0,0,1,2
0.507,0.208,0.45,0,0,1,2
0.507,0.211,0.45,0,0,1,2
0.507,0.214,0.45,0,0,1,2
0.507,0.217,0.45,0,0,1,2
0.507,0.22,0.45,0,0,1,2
0.507,0.223,0.45,0,0,1,2
0.507,0.226,0.45,0,0,1,2
0.507,0.229,0.45,0,0,1,2
0.507,0.232,0.45,0,0,1,2
0.507,0.235,0.45,0,0,1,2
0.507,0.238,0.45,0,0,1,2
0.507,0.241,0.45,0,0,1,2
0.507,0.244,0.45,0,0,1,2
0.507,0.247,0.45,0,0,1,2
0.507,0.25,0.45,0,0,1,2
0.507,0.253,0.45,0,0,1,2
0.507,0.256,0.45,0,0,1,2
0.507,0.259,0.45,0,0,1,2
0.51,0.1,0.45,0,0,1,2
0.51,0.103,0.45,0,0,1,2
0.51,0.106,0.45,0,0,1,2
0.51,0.109,0.45,0,0,1,2
0.51,0.112,0.45,0,0,1,2
0.51,0.115,0.45,0,0,1,2
0.51,0.118,0.45,0,0,1,2
0.51,0.121,0.45,0,0,1,2
0.51,0.124,0.45,0,0,1,2
0.51,0.127,0.45,0,0,1,2
0.51,0.13,0.45,0,0,1,2
0.51,0.133,0.45,0,0,1,2
0.51,0.136,0.45,0,0,1,2
0.51,0.139,0.45,0,0,1,2
0.51,0.142,0.45,0,0,1,2
0.51,0.145,0.45,0,0,1,2
0.51,0.148,0.45,0,0,1,2
0.51,0.151,0.45,0,0,1,2
0.51,0.154,0.45,0,0,1,2
0.51,0.157,0.45,0,0,1,2
0.51,0.16,0.45,0,0,1,2
0.51,0.163,0.45,0,0,1,2
0.51,0.166,0.45,0,0,1,2
0.51,0.169,0.45,0,0,1,2
0.51,0.172,0.45,0,0,1,2
0.51,0.175,0.45,0,0,1,2
0.51,0.178,0.45,0,0,1,2
0.51,0.181,0.45,0,0,1,2
0.51,0.184,0.45,0,0,1,2
0.51,0.187,0.45,0,0,1,2
0.51,0.19,0.45,0,0,1,2
0.51,0.193,0.45,0,0,1,2
0.51,0.196,0.45,0,0,1,2
0.51,0.199,0.45,0,0,1,2
0.51,0.202,0.45,0,0,1,2
0.51,0.205,0.45,0,0,1,2
0.51,0.208,0.45,0,0,1,2
0.51,0.211,0.45,0,0,1,2
0.51,0.214,0.45,0,0,1,2
0.51,0.217,0.45,0,0,1,2
0.51,0.22,0.45,0,0,1,2
0.51,0.223,0.45,0,0,1,2
0.51,0.226,0.45,0,0,1,2
0.51,0.229,0.45,0,0,1,2
0.51,0.232,0.45,0,0,1,2
0.51,0.235,0.45,0,0,1,2
0.51,0.238,0.45,0,0,1,2
0.51,0.241,0.45,0,0,1,2
0.51,0.244,0.45,0,0,1,2
0.51,0.247,0.45,0,0,1,2
0.51,0.25,0.45,0,0,1,2
0.51,0.253,0.45,0,0,1,2
0.51,0.256,0.45,0,0,1,2
0.51,0.259,0.45,0,0,1,2
0.513,0.1,0.45,0,0,1,2
0.513,0.103,0.45,0,0,1,2
0.513,0.106,0.45,0,0,1,2
0.513,0.109,0.45,0,0,1,2
0.513,0.112,0.45,0,0,1,2
0.513,0.115,0.45,0,0,1,2
0.513,0.118,0.45,0,0,1,2
0.513,0.121,0.45,0,0,1,2
0.513,0.124,0.45,0,0,1,2
0.513,0.127,0.45,0,0,1,2
0.513,0.13,0.45,0,0,1,2
0.513,0.133,0.45,0,0,1,2
0.513,0.136,0.45,0,0,1,2
0.513,0.139,0.45,0,0,1,2
0.513,0.142,0.45,0,0,1,2
0.513,0.145,0.45,0,0,1,2
0.513,0.148,0.45,0,0,1,2
0.513,0.151,0.45,0,0,1,2
0.513,0.154,0.45,0,0,1,2
0.513,0.157,0.45,0,0,1,2
0.513,0.16,0.45,0,0,1,2
0.513,0.163,0.45,0,0,1,2
0.513,0.166,0.45,0,0,1,2
0.513,0.169,0.45,0,0,1,2
0.513,0.172,0.45,0,0,1,2
0.513,0.175,0.45,0,0,1,2
0.513,0.178,0.45,0,0,1,2
0.513,0.181,0.45,0,0,1,2
0.513,0.184,0.45,0,0,1,2
0.513,0.187,0.45,0,0,1,2
0.513,0.19,0.45,0,0,1,2
0.513,0.193,0.45,0,0,1,2
0.513,0.196,0.45,0,0,1,2
0.513,0.199,0.45,0,0,1,2
0.513,0.202,0.45,0,0,1,2
0.513,0.205,0.45,0,0,1,2
0.513,0.208,0.45,0,0,1,2
0.513,0.211,0.45,0,0,1,2
0.513,0.214,0.45,0,0,1,2
0.513,0.217,0.45,0,0,1,2
0.513,0.22,0.45,0,0,1,2
0.513,0.223,0.45,0,0,1,2
0.513,0.226,0.45,0,0,1,2
0.513,0.229,0.45,0,0,1,2
0.513,0.232,0.45,0,0,1,2
0.513,0.235,0.45,0,0,1,2
0.513,0.238,0.45,0,0,1,2
0.513,0.241,0.45,0,0,1,2
0.513,0.244,0.45,0,0,1,2
0.513,0.247,0.45,0,0,1,2
0.513,0.25,0.45,0,0,1,2
0.513,0.253,0.45,0,0,1,2
0.513,0.256,0.45,0,0,1,2
0.513,0.259,0.45,0,0,1,2
0.516,0.1,0.45,0,0,1,2
0.516,0.103,0.45,0,0,1,2
0.516,0.106,0.45,0,0,1,2
0.516,0.109,0.45,0,0,1,2
0.516,0.112,0.45,0,0,1,2
0.516,0.115,0.45,0,0,1,2
0.516,0.118,0.45,0,0,1,2
0.516,0.121,0.45,0,0,1,2
0.516,0.124,0.45,0,0,1,2
0.516,0.127,0.45,0,0,1,2
0.516,0.13,0.45,0,0,1,2
0.516,0.133,0.45,0,0,1,2
0.516,0.136,0.45,0,0,1,2
0.516,0.139,0.45,0,0,1,2
0.516,0.142,0.45,0,0,1,2
0.516,0.145,0.45,0,0,1,2
0.516,0.148,0.45,0,0,1,2
0.516,0.151,0.45,0,0,1,2
0.516,0.154,0.45,0,0,1,2
0.516,0.157,0.45,0,0,1,2
0.516,0.16,0.45,0,0,1,2
0.516,0.163,0.45,0,0,1,2
0.516,0.166,0.45,0,0,1,2
0.516,0.169,0.45,0,0,1,2
0.516,0.172,0.45,0,0,1,2
0.516,0.175,0.45,0,0,1,2
0.516,0.178,0.45,0,0,1,2
0.516,0.181,0.45,0,0,1,2
0.516,0.184,0.45,0,0,1,2
0.516,0.187,0.45,0,0,1,2
0.516,0.19,0.45,0,0,1,2
0.516,0.193,0.45,0,0,1,2
0.516,0.196,0.45,0,0,1,2
0.516,0.199,0.45,0,0,1,2
0.516,0.202,0.45,0,0,1,2
0.516,0.205,0.45,0,0,1,2
0.516,0.208,0.45,0,0,1,2
0.516,0.211,0.45,0,0,1,2
0.516,0.214,0.45,0,0,1,2
0.516,0.217,0.45,0,0,1,2
0.516,0.22,0.45,0,0,1,2
0.516,0.223,0.45,0,0,1,2
0.516,0.226,0.45,0,0,1,2
0.516,0.229,0.45,0,0,1,2
0.516,0.232,0.45,0,0,1,2
0.516,0.235,0.45,0,0,1,2
0.516,0.238,0.45,0,0,1,2
0.516,0.241,0.45,0,0,1,2
0.516,0.244,0.45,0,0,1,2
0.516,0.247,0.45,0,0,1,2
0.516,0.25,0.45,0,0,1,2
0.516,0.253,0.45,0,0,1,2
0.516,0.256,0.45,0,0,1,2
0.516,0.259,0.45,0,0,1,2
0.519,0.1,0.45,0,0,1,2
0.519,0.103,0.45,0,0,1,2
0.519,0.106,0.45,0,0,1,2
0.519,0.109,0.45,0,0,1,2
0.519,0.112,0.45,0,0,1,2
0.519,0.115,0.45,0,0,1,2
0.519,0.118,0.45,0,0,1,2
0.519,0.121,0.45,0,0,1,2
0.519,0.124,0.45,0,0,1,2
0.519,0.127,0.45,0,0,1,2
0.519,0.13,0.45,0,0,1,2
0.519,0.133,0.45,0,0,1,2
0.519,0.136,0.45,0,0,1,2
0.519,0.139,0.45,0,0,1,2
0.519,0.142,0.45,0,0,1,2
0.519,0.145,0.45,0,0,1,2
0.519,0.148,0.45,0,0,1,2
0.519,0.151,0.45,0,0,1,2
0.519,0.154,0.45,0,0,1,2
0.519,0.157,0.45,0,0,1,2
0.519,0.16,0.45,0,0,1,2
0.519,0.163,0.45,0,0,1,2
0.519,0.166,0.45,0,0,1,2
0.519,0.169,0.45,0,0,1,2
0.519,0.172,0.45,0,0,1,2
0.519,0.175,0.45,0,0,1,2
0.519,0.178,0.45,0,0,1,2
0.519,0.181,0.45,0,0,1,2
0.519,0.184,0.45,0,0,1,2
0.519,0.187,0.45,0,0,1,2
0.519,0.19,0.45,0,0,1,2
0.519,0.193,0.45,0,0,1,2
0.519,0.196,0.45,0,0,1,2
0.519,0.199,0.45,0,0,1,2
0.519,0.202,0.45,0,0,1,2
0.519,0.205,0.45,0,0,1,2
0.519,0.208,0.45,0,0,1,2
0.519,0.211,0.45,0,0,1,2
0.519,0.214,0.45,0,0,1,2
0.519,0.217,0.45,0,0,1,2
0.519,0.22,0.45,0,0,1,2
0.519,0.223,0.45,0,0,1,2
0.519,0.226,0.45,0,0,1,2
0.519,0.229,0.45,0,0,1,2
0.519,0.232,0.45,0,0,1,2
0.519,0.235,0.45,0,0,1,2
0.519,0.238,0.45,0,0,1,2
0.519,0.241,0.45,0,0,1,2
0.519,0.244,0.45,0,0,1,2
0.519,0.247,0.45,0,0,1,2
0.519,0.25,0.45,0,0,1,2
0.519,0.253,0.45,0,0,1,2
0.519,0.256,0.45,0,0,1,2
0.519,0.259,0.45,0,0,1,2
0.522,0.1,0.45,0,0,1,2
0.522,0.103,0.45,0,0,1,2
0.522,0.106,0.45,0,0,1,2
0.522,0.109,0.45,0,0,1,2
0.522,0.112,0.45,0,0,1,2
0.522,0.115,0.45,0,0,1,2
0.522,0.118,0.45,0,0,1,2
0.522,0.121,0.45,0,0,1,2
0.522,0.124,0.45,0,0,1,2
0.522,0.127,0.45,0,0,1,2
0.522,0.13,0.45,0,0,1,2
0.522,0.133,0.45,0,0,1,2
0.522,0.136,0.45,0,0,1,2
0.522,0.139,0.45,0,0,1,2
0.522,0.142,0.45,0,0,1,2
0.522,0.145,0.45,0,0,1,2
0.522,0.148,0.45,0,0,1,2
0.522,0.151,0.45,0,0,1,2
0.522,0.154,0.45,0,0,1,2
0.522,0.157,0.45,0,0,1,2
0.522,0.16,0.45,0,0,1,2
0.522,0.163,0.45,0,0,1,2
0.522,0.166,0.45,0,0,1,2
0.522,0.169,0.45,0,0,1,2
0.522,0.172,0.45,0,0,1,2
0.522,0.175,0.45,0,0,1,2
0.522,0.178,0.45,0,0,1,2
0.522,0.181,0.45,0,0,1,2
0.522,0.184,0.45,0,0,1,2
0.522,0.187,0.45,0,0,1,2
0.522,0.19,0.45,0,0,1,2
0.522,0.193,0.45,0,0,1,2
0.522,0.196,0.45,0,0,1,2
0.522,0.199,0.45,0,0,1,2
0.522,0.202,0.45,0,0,1,2
0.522,0.205,0.45,0,0,1,2
0.522,0.208,0.45,0,0,1,2
0.522,0.211,0.45,0,0,1,2
0.522,0.214,0.45,0,0,1,2
0.522,0.217,0.45,0,0,1,2
0.522,0.22,0.45,0,0,1,2
0.522,0.223,0.45,0,0,1,2
0.522,0.226,0.45,0,0,1,2
0.522,0.229,0.45,0,0,1,2
0.522,0.232,0.45,0,0,1,2
0.522,0.235,0.45,0,0,1,2
0.522,0.238,0.45,0,0,1,2
0.522,0.241,0.45,0,0,1,2
0.522,0.244,0.45,0,0,1,2
0.522,0.247,0.45,0,0,1,2
0.522,0.25,0.45,0,0,1,2
0.522,0.253,0.45,0,0,1,2
0.522,0.256,0.45,0,0,1,2
0.522,0.259,0.45,0,0,1,2
0.525,0.1,0.45,0,0,1,2
0.525,0.103,0.45,0,0,1,2
0.525,0.106,0.45,0,0,1,2
0.525,0.109,0.45,0,0,1,2
0.525,0.112,0.45,0,0,1,2
0.525,0.115,0.45,0,0,1,2
0.525,0.118,0.45,0,0,1,2
0.525,0.121,0.45,0,0,1,2
0.525,0.124,0.45,0,0,1,2
0.525,0.127,0.45,0,0,1,2
0.525,0.13,0.45,0,0,1,2
0.525,0.133,0.45,0,0,1,2
0.525,0.136,0.45,0,0,1,2
0.525,0.139,0.45,0,0,1,2
0.525,0.142,0.45,0,0,1,2
0.525,0.145,0.45,0,0,1,2
0.525,0.148,0.45,0,0,1,2
0.525,0.151,0.45,0,0,1,2
0.525,0.154,0.45,0,0,1,2
0.525,0.157,0.45,0,0,1,2
0.525,0.16,0.45,0,0,1,2
0.525,0.163,0.45,0,0,1,2
0.525,0.166,0.45,0,0,1,2
0.525,0.169,0.45,0,0,1,2
0.525,0.172,0.45,0,0,1,2
0.525,0.175,0.45,0,0,1,2
0.525,0.178,0.45,0,0,1,2
0.525,0.181,0.45,0,0,1,2
0.525,0.184,0.45,0,0,1,2
0.525,0.187,0.45,0,0,1,2
0.525,0.19,0.45,0,0,1,2
0.525,0.193,0.45,0,0,1,2
0.525,0.196,0.45,0,0,1,2
0.525,0.199,0.45,0,0,1,2
0.525,0.202,0.45,0,0,1,2
0.525,0.205,0.45,0,0,1,2
0.525,0.208,0.45,0,0,1,2
0.525,0.211,0.45,0,0,1,2
0.525,0.214,0.45,0,0,1,2
0.525,0.217,0.45,0,0,1,2
0.525,0.22,0.45,0,0,1,2
0.525,0.223,0.45,0,0,1,2
0.525,0.226,0.45,0,0,1,2
0.525,0.229,0.45,0,0,1,2
0.525,0.232,0.45,0,0,1,2
0.525,0.235,0.45,0,0,1,2
0.525,0.238,0.45,0,0,1,2
0.525,0.241,0.45,0,0,1,2
0.525,0.244,0.45,0,0,1,2
0.525,0.247,0.45,0,0,1,2
0.525,0.25,0.45,0,0,1,2
0.525,0.253,0.45,0,0,1,2
0.525,0.256,0.45,0,0,1,2
0.525,0.259,0.45,0,0,1,2
0.528,0.1,0.45,0,0,1,2
0.528,0.103,0.45,0,0,1,2
0.528,0.106,0.45,0,0,1,2
0.528,0.109,0.45,0,0,1,2
0.528,0.112,0.45,0,0,1,2
0.528,0.115,0.45,0,0,1,2
0.528,0.118,0.45,0,0,1,2
0.528,0.121,0.45,0,0,1,2
0.528,0.124,0.45,0,0,1,2
0.528,0.127,0.45,0,0,1,2
0.528,0.13,0.45,0,0,1,2
0.528,0.133,0.45,0,0,1,2
0.528,0.136,0.45,0,0,1,2
0.528,0.139,0.45,0,0,1,2
0.528,0.142,0.45,0,0,1,2
0.528,0.145,0.45,0,0,1,2
0.528,0.148,0.45,0,0,1,2
0.528,0.151,0.45,0,0,1,2
0.528,0.154,0.45,0,0,1,2
0.528,0.157,0.45,0,0,1,2
0.528,0.16,0.45,0,0,1,2
0.528,0.163,0.45,0,0,1,2
0.528,0.166,0.45,0,0,1,2
0.528,0.169,0.45,0,0,1,2
0.528,0.172,0.45,0,0,1,2
0.528,0.175,0.45,0,0,1,2
0.528,0.178,0.45,0,0,1,2
0.528,0.181,0.45,0,0,1,2
0.528,0.184,0.45,0,0,1,2
0.528,0.187,0.45,0,0,1,2
0.528,0.19,0.45,0,0,1,2
0.528,0.193,0.45,0,0,1,2
0.528,0.196,0.45,0,0,1,2
0.528,0.199,0.45,0,0,1,2
0.528,0.202,0.45,0,0,1,2
0.528,0.205,0.45,0,0,1,2
0.528,0.208,0.45,0,0,1,2
0.528,0.211,0.45,0,0,1,2
0.528,0.214,0.45,0,0,1,2
0.528,0.217,0.45,0,0,1,2
0.528,0.22,0.45,0,0,1,2
0.528,0.223,0.45,0,0,1,2
0.528,0.226,0.45,0,0,1,2
0.528,0.229,0.45,0,0,1,2
0.528,0.232,0.45,0,0,1,2
0.528,0.235,0.45,0,0,1,2
0.528,0.238,0.45,0,0,1,2
0.528,0.241,0.45,0,0,1,2
0.528,0.244,0.45,0,0,1,2
0.528,0.247,0.45,0,0,1,2
0.528,0.25,0.45,0,0,1,2
0.528,0.253,0.45,0,0,1,2
0.528,0.256,0.45,0,0,1,2
0.528,0.259,0.45,0,0,1,2
0.531,0.1,0.45,0,0,1,2
0.531,0.103,0.45,0,0,1,2
0.531,0.106,0.45,0,0,1,2
0.531,0.109,0.45,0,0,1,2
0.531,0.112,0.45,0,0,1,2
0.531,0.115,0.45,0,0,1,2
0.531,0.118,0.45,0,0,1,2
0.531,0.121,0.45,0,0,1,2
0.531,0.124,0.45,0,0,1,2
0.531,0.127,0.45,0,0,1,2
0.531,0.13,0.45,0,0,1,2
0.531,0.133,0.45,0,0,1,2
0.531,0.136,0.45,0,0,1,2
0.531,0.139,0.45,0,0,1,2
0.531,0.142,0.45,0,0,1,2
0.531,0.145,0.45,0,0,1,2
0.531,0.148,0.45,0,0,1,2
0.531,0.151,0.45,0,0,1,2
0.531,0.154,0.45,0,0,1,2
0.531,0.157,0.45,0,0,1,2
0.531,0.16,0.45,0,0,1,2
0.531,0.163,0.45,0,0,1,2
0.531,0.166,0.45,0,0,1,2
0.531,0.169,0.45,0,0,1,2
0.531,0.172,0.45,0,0,1,2
0.531,0.175,0.45,0,0,1,2
0.531,0.178,0.45,0,0,1,2
0.531,0.181,0.45,0,0,1,2
0.531,0.184,0.45,0,0,1,2
0.531,0.187,0.45,0,0,1,2
0.531,0.19,0.45,0,0,1,2
0.531,0.193,0.45,0,0,1,2
0.531,0.196,0.45,0,0,1,2
0.531,0.199,0.45,0,0,1,2
0.531,0.202,0.45,0,0,1,2
0.531,0.205,0.45,0,0,1,2
0.531,0.208,0.45,0,0,1,2
0.531,0.211,0.45,0,0,1,2
0.531,0.214,0.45,0,0,1,2
0.531,0.217,0.45,0,0,1,2
0.531,0.22,0.45,0,0,1,2
0.531,0.223,0.45,0,0,1,2
0.531,0.226,0.45,0,0,1,2
0.531,0.229,0.45,0,0,1,2
0.531,0.232,0.45,0,0,1,2
0.531,0.235,0.45,0,0,1,2
0.531,0.238,0.45,0,0,1,2
0.531,0.241,0.45,0,0,1,2
0.531,0.244,0.45,0,0,1,2
0.531,0.247,0.45,0,0,1,2
0.531,0.25,0.45,0,0,1,2
0.531,0.253,0.45,0,0,1,2
0.531,0.256,0.45,0,0,1,2
0.531,0.259,0.45,0,0,1,2
0.534,0.1,0.45,0,0,1,2
0.534,0.103,0.45,0,0,1,2
0.534,0.106,0.45,0,0,1,2
0.534,0.109,0.45,0,0,1,2
0.534,0.112,0.45,0,0,1,2
0.534,0.115,0.45,0,0,1,2
0.534,0.118,0.45,0,0,1,2
0.534,0.121,0.45,0,0,1,2
0.534,0.124,0.45,0,0,1,2
0.534,0.127,0.45,0,0,1,2
0.534,0.13,0.45,0,0,1,2
0.534,0.133,0.45,0,0,1,2
0.534,0.136,0.45,0,0,1,2
0.534,0.139,0.45,0,0,1,2
0.534,0.142,0.45,0,0,1,2
0.534,0.145,0.45,0,0,1,2
0.534,0.148,0.45,0,0,1,2
0.534,0.151,0.45,0,0,1,2
0.534,0.154,0.45,0,0,1,2
0.534,0.157,0.45,0,0,1,2
0.534,0.16,0.45,0,0,1,2
0.534,0.163,0.45,0,0,1,2
0.534,0.166,0.45,0,0,1,2
0.534,0.169,0.45,0,0,1,2
0.534,0.172,0.45,0,0,1,2
0.534,0.175,0.45,0,0,1,2
0.534,0.178,0.45,0,0,1,2
0.534,0.181,0.45,0,0,1,2
0.534,0.184,0.45,0,0,1,2
0.534,0.187,0.45,0,0,1,2
0.534,0.19,0.45,0,0,1,2
0.534,0.193,0.45,0,0,1,2
0.534,0.196,0.45,0,0,1,2
0.534,0.199,0.45,0,0,1,2
0.534,0.202,0.45,0,0,1,2
0.534,0.205,0.45,0,0,1,2
0.534,0.208,0.45,0,0,1,2
0.534,0.211,0.45,0,0,1,2
0.534,0.214,0.45,0,0,1,2
0.534,0.217,0.45,0,0,1,2
0.534,0.22,0.45,0,0,1,2
0.534,0.223,0.45,0,0,1,2
0.534,0.226,0.45,0,0,1,2
0.534,0.229,0.45,0,0,1,2
0.534,0.232,0.45,0,0,1,2
0.534,0.235,0.45,0,0,1,2
0.534,0.238,0.45,0,0,1,2
0.534,0.241,0.45,0,0,1,2
0.534,0.244,0.45,0,0,1,2
0.534,0.247,0.45,0,0,1,2
0.534,0.25,0.45,0,0,1,2
0.534,0.253,0.45,0,0,1,2
0.534,0.256,0.45,0,0,1,2
0.534,0.259,0.45,0,0,1,2
0.537,0.1,0.45,0,0,1,2
0.537,0.103,0.45,0,0,1,2
0.537,0.106,0.45,0,0,1,2
0.537,0.109,0.45,0,0,1,2
0.537,0.112,0.45,0,0,1,2
0.537,0.115,0.45,0,0,1,2
0.537,0.118,0.45,0,0,1,2
0.537,0.121,0.45,0,0,1,2
0.537,0.124,0.45,0,0,1,2
0.537,0.127,0.45,0,0,1,2
0.537,0.13,0.45,0,0,1,2
0.537,0.133,0.45,0,0,1,2
0.537,0.136,0.45,0,0,1,2
0.537,0.139,0.45,0,0,1,2
0.537,0.142,0.45,0,0,1,2
0.537,0.145,0.45,0,0,1,2
0.537,0.148,0.45,0,0,1,2
0.537,0.151,0.45,0,0,1,2
0.537,0.154,0.45,0,0,1,2
0.537,0.157,0.45,0,0,1,2
0.537,0.16,0.45,0,0,1,2
0.537,0.163,0.45,0,0,1,2
0.537,0.166,0.45,0,0,1,2
0.537,0.169,0.45,0,0,1,2
0.537,0.172,0.45,0,0,1,2
0.537,0.175,0.45,0,0,1,2
0.537,0.178,0.45,0,0,1,2
0.537,0.181,0.45,0,0,1,2
0.537,0.184,0.45,0,0,1,2
0.537,0.187,0.45,0,0,1,2
0.537,0.19,0.45,0,0,1,2
0.537,0.193,0.45,0,0,1,2
0.537,0.196,0.45,0,0,1,2
0.537,0.199,0.45,0,0,1,2
0.537,0.202,0.45,0,0,1,2
0.537,0.205,0.45,0,0,1,2
0.537,0.208,0.45,0,0,1,2
0.537,0.211,0.45,0,0,1,2
0.537,0.214,0.45,0,0,1,2
0.537,0.217,0.45,0,0,1,2
0.537,0.22,0.45,0,0,1,2
0.537,0.223,0.45,0,0,1,2
0.537,0.226,0.45,0,0,1,2
0.537,0.229,0.45,0,0,1,2
0.537,0.232,0.45,0,0,1,2
0.537,0.235,0.45,0,0,1,2
0.537,0.238,0.45,0,0,1,2
0.537,0.241,0.45,0,0,1,2
0.537,0.244,0.45,0,0,1,2
0.537,0.247,0.45,0,0,1,2
0.537,0.25,0.45,0,0,1,2
0.537,0.253,0.45,0,0,1,2
0.537,0.256,0.45,0,0,1,2
0.537,0.259,0.45,0,0,1,2
0.54,0.1,0.45,0,0,1,2
0.54,0.103,0.45,0,0,1,2
0.54,0.106,0.45,0,0,1,2
0.54,0.109,0.45,0,0,1,2
0.54,0.112,0.45,0,0,1,2
0.54,0.115,0.45,0,0,1,2
0.54,0.118,0.45,0,0,1,2
0.54,0.121,0.45,0,0,1,2
0.54,0.124,0.45,0,0,1,2
0.54,0.127,0.45,0,0,1,2
0.54,0.13,0.45,0,0,1,2
0.54,0.133,0.45,0,0,1,2
0.54,0.136,0.45,0,0,1,2
0.54,0.139,0.45,0,0,1,2
0.54,0.142,0.45,0,0,1,2
0.54,0.145,0.45,0,0,1,2
0.54,0.148,0.45,0,0,1,2
0.54,0.151,0.45,0,0,1,2
0.54,0.154,0.45,0,0,1,2
0.54,0.157,0.45,0,0,1,2
0.54,0.16,0.45,0,0,1,2
0.54,0.163,0.45,0,0,1,2
0.54,0.166,0.45,0,0,1,2
0.54,0.169,0.45,0,0,1,2
0.54,0.172,0.45,0,0,1,2
0.54,0.175,0.45,0,0,1,2
0.54,0.178,0.45,0,0,1,2
0.54,0.181,0.45,0,0,1,2
0.54,0.184,0.45,0,0,1,2
0.54,0.187,0.45,0,0,1,2
0.54,0.19,0.45,0,0,1,2
0.54,0.193,0.45,0,0,1,2
0.54,0.196,0.45,0,0,1,2
0.54,0.199,0.45,0,0,1,2
0.54,0.202,0.45,0,0,1,2
0.54,0.205,0.45,0,0,1,2
0.54,0.208,0.45,0,0,1,2
0.54,0.211,0.45,0,0,1,2
0.54,0.214,0.45,0,0,1,2
0.54,0.217,0.45,0,0,1,2
0.54,0.22,0.45,0,0,1,2
0.54,0.223,0.45,0,0,1,2
0.54,0.226,0.45,0,0,1,2
0.54,0.229,0.45,0,0,1,2
0.54,0.232,0.45,0,0,1,2
0.54,0.235,0.45,0,0,1,2
0.54,0.238,0.45,0,0,1,2
0.54,0.241,0.45,0,0,1,2
0.54,0.244,0.45,0,0,1,2
0.54,0.247,0.45,0,0,1,2
0.54,0.25,0.45,0,0,1,2
0.54,0.253,0.45,0,0,1,2
0.54,0.256,0.45,0,0,1,2
0.54,0.259,0.45,0,0,1,2
0.543,0.1,0.45,0,0,1,2
0.543,0.103,0.45,0,0,1,2
0.543,0.106,0.45,0,0,1,2
0.543,0.109,0.45,0,0,1,2
0.543,0.112,0.45,0,0,1,2
0.543,0.115,0.45,0,0,1,2
0.543,0.118,0.45,0,0,1,2
0.543,0.121,0.45,0,0,1,2
0.543,0.124,0.45,0,0,1,2
0.543,0.127,0.45,0,0,1,2
0.543,0.13,0.45,0,0,1,2
0.543,0.133,0.45,0,0,1,2
0.543,0.136,0.45,0,0,1,2
0.543,0.139,0.45,0,0,1,2
0.543,0.142,0.45,0,0,1,2
0.543,0.145,0.45,0,0,1,2
0.543,0.148,0.45,0,0,1,2
0.543,0.151,0.45,0,0,1,2
0.543,0.154,0.45,0,0,1,2
0.543,0.157,0.45,0,0,1,2
0.543,0.16,0.45,0,0,1,2
0.543,0.163,0.45,0,0,1,2
0.543,0.166,0.45,0,0,1,2
0.543,0.169,0.45,0,0,1,2
0.543,0.172,0.45,0,0,1,2
0.543,0.175,0.45,0,0,1,2
0.543,0.178,0.45,0,0,1,2
0.543,0.181,0.45,0,0,1,2
0.543,0.184,0.45,0,0,1,2
0.543,0.187,0.45,0,0,1,2
0.543,0.19,0.45,0,0,1,2
0.543,0.193,0.45,0,0,1,2
0.543,0.196,0.45,0,0,1,2
0.543,0.199,0.45,0,0,1,2
0.543,0.202,0.45,0,0,1,2
0.543,0.205,0.45,0,0,1,2
0.543,0.208,0.45,0,0,1,2
0.543,0.211,0.45,0,0,1,2
0.543,0.214,0.45,0,0,1,2
0.543,0.217,0.45,0,0,1,2
0.543,0.22,0.45,0,0,1,2
0.543,0.223,0.45,0,0,1,2
0.543,0.226,0.45,0,0,1,2
0.543,0.229,0.45,0,0,1,2
0.543,0.232,0.45,0,0,1,2
0.543,0.235,0.45,0,0,1,2
0.543,0.238,0.45,0,0,1,2
0.543,0.241,0.45,0,0,1,2
0.543,0.244,0.45,0,0,1,2
0.543,0.247,0.45,0,0,1,2
0.543,0.25,0.45,0,0,1,2
0.543,0.253,0.45,0,0,1,2
0.543,0.256,0.45,0,0,1,2
0.543,0.259,0.45,0,0,1,2
0.546,0.1,0.45,0,0,1,2
0.546,0.103,0.45,0,0,1,2
0.546,0.106,0.45,0,0,1,2
0.546,0.109,0.45,0,0,1,2
0.546,0.112,0.45,0,0,1,2
0.546,0.115,0.45,0,0,1,2
0.546,0.118,0.45,0,0,1,2
0.546,0.121,0.45,0,0,1,2
0.546,0.124,0.45,0,0,1,2
0.546,0.127,0.45,0,0,1,2
0.546,0.13,0.45,0,0,1,2
0.546,0.133,0.45,0,0,1,2
0.546,0.136,0.45,0,0,1,2
0.546,0.139,0.45,0,0,1,2
0.546,0.142,0.45,0,0,1,2
0.546,0.145,0.45,0,0,1,2
0.546,0.148,0.45,0,0,1,2
0.546,0.151,0.45,0,0,1,2
0.546,0.154,0.45,0,0,1,2
0.546,0.157,0.45,0,0,1,2
0.546,0.16,0.45,0,0,1,2
0.546,0.163,0.45,0,0,1,2
0.546,0.166,0.45,0,0,1,2
0.546,0.169,0.45,0,0,1,2
0.546,0.172,0.45,0,0,1,2
0.546,0.175,0.45,0,0,1,2
0.546,0.178,0.45,0,0,1,2
0.546,0.181,0.45,0,0,1,2
0.546,0.184,0.45,0,0,1,2
0.546,0.187,0.45,0,0,1,2
0.546,0.19,0.45,0,0,1,2
0.546,0.193,0.45,0,0,1,2
0.546,0.196,0.45,0,0,1,2
0.546,0.199,0.45,0,0,1,2
0.546,0.202,0.45,0,0,1,2
0.546,0.205,0.45,0,0,1,2
0.546,0.208,0.45,0,0,1,2
0.546,0.211,0.45,0,0,1,2
0.546,0.214,0.45,0,0,1,2
0.546,0.217,0.45,0,0,1,2
0.546,0.22,0.45,0,0,1,2
0.546,0.223,0.45,0,0,1,2
0.546,0.226,0.45,0,0,1,2
0.546,0.229,0.45,0,0,1,2
0.546,0.232,0.45,0,0,1,2
0.546,0.235,0.45,0,0,1,2
0.546,0.238,0.45,0,0,1,2
0.546,0.241,0.45,0,0,1,2
0.546,0.244,0.45,0,0,1,2
0.546,0.247,0.45,0,0,1,2
0.546,0.25,0.45,0,0,1,2
0.546,0.253,0.45,0,0,1,2
0.546,0.256,0.45,0,0,1,2
0.546,0.259,0.45,0,0,1,2
0.549,0.1,0.45,0,0,1,2
0.549,0.103,0.45,0,0,1,2
0.549,0.106,0.45,0,0,1,2
0.549,0.109,0.45,0,0,1,2
0.549,0.112,0.45,0,0,1,2
0.549,0.115,0.45,0,0,1,2
0.549,0.118,0.45,0,0,1,2
0.549,0.121,0.45,0,0,1,2
0.549,0.124,0.45,0,0,1,2
0.549,0.127,0.45,0,0,1,2
0.549,0.13,0.45,0,0,1,2
0.549,0.133,0.45,0,0,1,2
0.549,0.136,0.45,0,0,1,2
0.549,0.139,0.45,0,0,1,2
0.549,0.142,0.45,0,0,1,2
0.549,0.145,0.45,0,0,1,2
0.549,0.148,0.45,0,0,1,2
0.549,0.151,0.45,0,0,1,2
0.549,0.154,0.45,0,0,1,2
0.549,0.157,0.45,0,0,1,2
0.549,0.16,0.45,0,0,1,2
0.549,0.163,0.45,0,0,1,2
0.549,0.166,0.45,0,0,1,2
0.549,0.169,0.45,0,0,1,2
0.549,0.172,0.45,0,0,1,2
0.549,0.175,0.45,0,0,1,2
0.549,0.178,0.45,0,0,1,2
0.549,0.181,0.45,0,0,1,2
0.549,0.184,0.45,0,0,1,2
0.549,0.187,0.45,0,0,1,2
0.549,0.19,0.45,0,0,1,2
0.549,0.193,0.45,0,0,1,2
0.549,0.196,0.45,0,0,1,2
0.549,0.199,0.45,0,0,1,2
0.549,0.202,0.45,0,0,1,2
0.549,0.205,0.45,0,0,1,2
0.549,0.208,0.45,0,0,1,2
0.549,0.211,0.45,0,0,1,2
0.549,0.214,0.45,0,0,1,2
0.549,0.217,0.45,0,0,1,2
0.549,0.22,0.45,0,0,1,2
0.549,0.223,0.45,0,0,1,2
0.549,0.226,0.45,0,0,1,2
0.549,0.229,0.45,0,0,1,2
0.549,0.232,0.45,0,0,1,2
0.549,0.235,0.45,0,0,1,2
0.549,0.238,0.45,0,0,1,2
0.549,0.241,0.45,0,0,1,2
0.549,0.244,0.45,0,0,1,2
0.549,0.247,0.45,0,0,1,2
0.549,0.25,0.45,0,0,1,2
0.549,0.253,0.45,0,0,1,2
0.549,0.256,0.45,0,0,1,2
0.549,0.259,0.45,0,0,1,2
0.552,0.1,0.45,0,0,1,2
0.552,0.103,0.45,0,0,1,2
0.552,0.106,0.45,0,0,1,2
0.552,0.109,0.45,0,0,1,2
0.552,0.112,0.45,0,0,1,2
0.552,0.115,0.45,0,0,1,2
0.552,0.118,0.45,0,0,1,2
0.552,0.121,0.45,0,0,1,2
0.552,0.124,0.45,0,0,1,2
0.552,0.127,0.45,0,0,1,2
0.552,0.13,0.45,0,0,1,2
0.552,0.133,0.45,0,0,1,2
0.552,0.136,0.45,0,0,1,2
0.552,0.139,0.45,0,0,1,2
0.552,0.142,0.45,0,0,1,2
0.552,0.145,0.45,0,0,1,2
0.552,0.148,0.45,0,0,1,2
0.552,0.151,0.45,0,0,1,2
0.552,0.154,0.45,0,0,1,2
0.552,0.157,0.45,0,0,1,2
0.552,0.16,0.45,0,0,1,2
0.552,0.163,0.45,0,0,1,2
0.552,0.166,0.45,0,0,1,2
0.552,0.169,0.45,0,0,1,2
0.552,0.172,0.45,0,0,1,2
0.552,0.175,0.45,0,0,1,2
0.552,0.178,0.45,0,0,1,2
0.552,0.181,0.45,0,0,1,2
0.552,0.184,0.45,0,0,1,2
0.552,0.187,0.45,0,0,1,2
0.552,0.19,0.45,0,0,1,2
0.552,0.193,0.45,0,0,1,2
0.552,0.196,0.45,0,0,1,2
0.552,0.199,0.45,0,0,1,2
0.552,0.202,0.45,0,0,1,2
0.552,0.205,0.45,0,0,1,2
0.552,0.208,0.45,0,0,1,2
0.552,0.211,0.45,0,0,1,2
0.552,0.214,0.45,0,0,1,2
0.552,0.217,0.45,0,0,1,2
0.552,0.22,0.45,0,0,1,2
0.552,0.223,0.45,0,0,1,2
0.552,0.226,0.45,0,0,1,2
0.552,0.229,0.45,0,0,1,2
0.552,0.232,0.45,0,0,1,2
0.552,0.235,0.45,0,0,1,2
0.552,0.238,0.45,0,0,1,2
0.552,0.241,0.45,0,0,1,2
0.552,0.244,0.45,0,0,1,2
0.552,0.247,0.45,0,0,1,2
0.552,0.25,0.45,0,0,1,2
0.552,0.253,0.45,0,0,1,2
0.552,0.256,0.45,0,0,1,2
0.552,0.259,0.45,0,0,1,2
0.555,0.1,0.45,0,0,1,2
0.555,0.103,0.45,0,0,1,2
0.555,0.106,0.45,0,0,1,2
0.555,0.109,0.45,0,0,1,2
0.555,0.112,0.45,0,0,1,2
0.555,0.115,0.45,0,0,1,2
0.555,0.118,0.45,0,0,1,2
0.555,0.121,0.45,0,0,1,2
0.555,0.124,0.45,0,0,1,2
0.555,0.127,0.45,0,0,1,2
0.555,0.13,0.45,0,0,1,2
0.555,0.133,0.45,0,0,1,2
0.555,0.136,0.45,0,0,1,2
0.555,0.139,0.45,0,0,1,2
0.555,0.142,0.45,0,0,1,2
0.555,0.145,0.45,0,0,1,2
0.555,0.148,0.45,0,0,1,2
0.555,0.151,0.45,0,0,1,2
0.555,0.154,0.45,0,0,1,2
0.555,0.157,0.45,0,0,1,2
0.555,0.16,0.45,0,0,1,2
0.555,0.163,0.45,0,0,1,2
0.555,0.166,0.45,0,0,1,2
0.555,0.169,0.45,0,0,1,2
0.555,0.172,0.45,0,0,1,2
0.555,0.175,0.45,0,0,1,2
0.555,0.178,0.45,0,0,1,2
0.555,0.181,0.45,0,0,1,2
0.555,0.184,0.45,0,0,1,2
0.555,0.187,0.45,0,0,1,2
0.555,0.19,0.45,0,0,1,2
0.555,0.193,0.45,0,0,1,2
0.555,0.196,0.45,0,0,1,2
0.555,0.199,0.45,0,0,1,2
0.555,0.202,0.45,0,0,1,2
0.555,0.205,0.45,0,0,1,2
0.555,0.208,0.45,0,0,1,2
0.555,0.211,0.45,0,0,1,2
0.555,0.214,0.45,0,0,1,2
0.555,0.217,0.45,0,0,1,2
0.555,0.22,0.45,0,0,1,2
0.555,0.223,0.45,0,0,1,2
0.555,0.226,0.45,0,0,1,2
0.555,0.229,0.45,0,0,1,2
0.555,0.232,0.45,0,0,1,2
0.555,0.235,0.45,0,0,1,2
0.555,0.238,0.45,0,0,1,2
0.555,0.241,0.45,0,0,1,2
0.555,0.244,0.45,0,0,1,2
0.555,0.247,0.45,0,0,1,2
0.555,0.25,0.45,0,0,1,2
0.555,0.253,0.45,0,0,1,2
0.555,0.256,0.45,0,0,1,2
0.555,0.259,0.45,0,0,1,2
0.558,0.1,0.45,0,0,1,2
0.558,0.103,0.45,0,0,1,2
0.558,0.106,0.45,0,0,1,2
0.558,0.109,0.45,0,0,1,2
0.558,0.112,0.45,0,0,1,2
0.558,0.115,0.45,0,0,1,2
0.558,0.118,0.45,0,0,1,2
0.558,0.121,0.45,0,0,1,2
0.558,0.124,0.45,0,0,1,2
0.558,0.127,0.45,0,0,1,2
0.558,0.13,0.45,0,0,1,2
0.558,0.133,0.45,0,0,1,2
0.558,0.136,0.45,0,0,1,2
0.558,0.139,0.45,0,0,1,2
0.558,0.142,0.45,0,0,1,2
0.558,0.145,0.45,0,0,1,2
0.558,0.148,0.45,0,0,1,2
0.558,0.151,0.45,0,0,1,2
0.558,0.154,0.45,0,0,1,2
0.558,0.157,0.45,0,0,1,2
0.558,0.16,0.45,0,0,1,2
0.558,0.163,0.45,0,0,1,2
0.558,0.166,0.45,0,0,1,2
0.558,0.169,0.45,0,0,1,2
0.558,0.172,0.45,0,0,1,2
0.558,0.175,0.45,0,0,1,2
0.558,0.178,0.45,0,0,1,2
0.558,0.181,0.45,0,0,1,2
0.558,0.184,0.45,0,0,1,2
0.558,0.187,0.45,0,0,1,2
0.558,0.19,0.45,0,0,1,2
0.558,0.193,0.45,0,0,1,2
0.558,0.196,0.45,0,0,1,2
0.558,0.199,0.45,0,0,1,2
0.558,0.202,0.45,0,0,1,2
0.558,0.205,0.45,0,0,1,2
0.558,0.208,0.45,0,0,1,2
0.558,0.211,0.45,0,0,1,2
0.558,0.214,0.45,0,0,1,2
0.558,0.217,0.45,0,0,1,2
0.558,0.22,0.45,0,0,1,2
0.558,0.223,0.45,0,0,1,2
0.558,0.226,0.45,0,0,1,2
0.558,0.229,0.45,0,0,1,2
0.558,0.232,0.45,0,0,1,2
0.558,0.235,0.45,0,0,1,2
0.558,0.238,0.45,0,0,1,2
0.558,0.241,0.45,0,0,1,2
0.558,0.244,0.45,0,0,1,2
0.558,0.247,0.45,0,0,1,2
0.558,0.25,0.45,0,0,1,2
0.558,0.253,0.45,0,0,1,2
0.558,0.256,0.45,0,0,1,2
0.558,0.259,0.45,0,0,1,2
0.561,0.1,0.45,0,0,1,2
0.561,0.103,0.45,0,0,1,2
0.561,0.106,0.45,0,0,1,2
0.561,0.109,0.45,0,0,1,2
0.561,0.112,0.45,0,0,1,2
0.561,0.115,0.45,0,0,1,2
0.561,0.118,0.45,0,0,1,2
0.561,0.121,0.45,0,0,1,2
0.561,0.124,0.45,0,0,1,2
0.561,0.127,0.45,0,0,1,2
0.561,0.13,0.45,0,0,1,2
0.561,0.133,0.45,0,0,1,2
0.561,0.136,0.45,0,0,1,2
0.561,0.139,0.45,0,0,1,2
0.561,0.142,0.45,0,0,1,2
0.561,0.145,0.45,0,0,1,2
0.561,0.148,0.45,0,0,1,2
0.561,0.151,0.45,0,0,1,2
0.561,0.154,0.45,0,0,1,2
0.561,0.157,0.45,0,0,1,2
0.561,0.16,0.45,0,0,1,2
0.561,0.163,0.45,0,0,1,2
0.561,0.166,0.45,0,0,1,2
0.561,0.169,0.45,0,0,1,2
0.561,0.172,0.45,0,0,1,2
0.561,0.175,0.45,0,0,1,2
0.561,0.178,0.45,0,0,1,2
0.561,0.181,0.45,0,0,1,2
0.561,0.184,0.45,0,0,1,2
0.561,0.187,0.45,0,0,1,2
0.561,0.19,0.45,0,0,1,2
0.561,0.193,0.45,0,0,1,2
0.561,0.196,0.45,0,0,1,2
0.561,0.199,0.45,0,0,1,2
0.561,0.202,0.45,0,0,1,2
0.561,0.205,0.45,0,0,1,2
0.561,0.208,0.45,0,0,1,2
0.561,0.211,0.45,0,0,1,2
0.561,0.214,0.45,0,0,1,2
0.561,0.217,0.45,0,0,1,2
0.561,0.22,0.45,0,0,1,2
0.561,0.223,0.45,0,0,1,2
0.561,0.226,0.45,0,0,1,2
0.561,0.229,0.45,0,0,1,2
0.561,0.232,0.45,0,0,1,2
0.561,0.235,0.45,0,0,1,2
0.561,0.238,0.45,0,0,1,2
0.561,0.241,0.45,0,0,1,2
0.561,0.244,0.45,0,0,1,2
0.561,0.247,0.45,0,0,1,2
0.561,0.25,0.45,0,0,1,2
0.561,0.253,0.45,0,0,1,2
0.561,0.256,0.45,0,0,1,2
0.561,0.259,0.45,0,0,1,2
0.564,0.1,0.45,0,0,1,2
0.564,0.103,0.45,0,0,1,2
0.564,0.106,0.45,0,0,1,2
0.564,0.109,0.45,0,0,1,2
0.564,0.112,0.45,0,0,1,2
0.564,0.115,0.45,0,0,1,2
0.564,0.118,0.45,0,0,1,2
0.564,0.121,0.45,0,0,1,2
0.564,0.124,0.45,0,0,1,2
0.564,0.127,0.45,0,0,1,2
0.564,0.13,0.45,0,0,1,2
0.564,0.133,0.45,0,0,1,2
0.564,0.136,0.45,0,0,1,2
0.564,0.139,0.45,0,0,1,2
0.564,0.142,0.45,0,0,1,2
0.564,0.145,0.45,0,0,1,2
0.564,0.148,0.45,0,0,1,2
0.564,0.151,0.45,0,0,1,2
0.564,0.154,0.45,0,0,1,2
0.564,0.157,0.45,0,0,1,2
0.564,0.16,0.45,0,0,1,2
0.564,0.163,0.45,0,0,1,2
0.564,0.166,0.45,0,0,1,2
0.564,0.169,0.45,0,0,1,2
0.564,0.172,0.45,0,0,1,2
0.564,0.175,0.45,0,0,1,2
0.564,0.178,0.45,0,0,1,2
0.564,0.181,0.45,0,0,1,2
0.564,0.184,0.45,0,0,1,2
0.564,0.187,0.45,0,0,1,2
0.564,0.19,0.45,0,0,1,2
0.564,0.193,0.45,0,0,1,2
0.564,0.196,0.45,0,0,1,2
0.564,0.199,0.45,0,0,1,2
0.564,0.202,0.45,0,0,1,2
0.564,0.205,0.45,0,0,1,2
0.564,0.208,0.45,0,0,1,2
0.564,0.211,0.45,0,0,1,2
0.564,0.214,0.45,0,0,1,2
0.564,0.217,0.45,0,0,1,2
0.564,0.22,0.45,0,0,1,2
0.564,0.223,0.45,0,0,1,2
0.564,0.226,0.45,0,0,1,2
0.564,0.229,0.45,0,0,1,2
0.564,0.232,0.45,0,0,1,2
0.564,0.235,0.45,0,0,1,2
0.564,0.238,0.45,0,0,1,2
0.564,0.241,0.45,0,0,1,2
0.564,0.244,0.45,0,0,1,2
0.564,0.247,0.45,0,0,1,2
0.564,0.25,0.45,0,0,1,2
0.564,0.253,0.45,0,0,1,2
0.564,0.256,0.45,0,0,1,2
0.564,0.259,0.45,0,0,1,2
0.567,0.1,0.45,0,0,1,2
0.567,0.103,0.45,0,0,1,2
0.567,0.106,0.45,0,0,1,2
0.567,0.109,0.45,0,0,1,2
0.567,0.112,0.45,0,0,1,2
0.567,0.115,0.45,0,0,1,2
0.567,0.118,0.45,0,0,1,2
0.567,0.121,0.45,0,0,1,2
0.567,0.124,0.45,0,0,1,2
0.567,0.127,0.45,0,0,1,2
0.567,0.13,0.45,0,0,1,2
0.567,0.133,0.45,0,0,1,2
0.567,0.136,0.45,0,0,1,2
0.567,0.139,0.45,0,0,1,2
0.567,0.142,0.45,0,0,1,2
0.567,0.145,0.45,0,0,1,2
0.567,0.148,0.45,0,0,1,2
0.567,0.151,0.45,0,0,1,2
0.567,0.154,0.45,0,0,1,2
0.567,0.157,0.45,0,0,1,2
0.567,0.16,0.45,0,0,1,2
0.567,0.163,0.45,0,0,1,2
0.567,0.166,0.45,0,0,1,2
0.567,0.169,0.45,0,0,1,2
0.567,0.172,0.45,0,0,1,2
0.567,0.175,0.45,0,0,1,2
0.567,0.178,0.45,0,0,1,2
0.567,0.181,0.45,0,0,1,2
0.567,0.184,0.45,0,0,1,2
0.567,0.187,0.45,0,0,1,2
0.567,0.19,0.45,0,0,1,2
0.567,0.193,0.45,0,0,1,2
0.567,0.196,0.45,0,0,1,2
0.567,0.199,0.45,0,0,1,2
0.567,0.202,0.45,0,0,1,2
0.567,0.205,0.45,0,0,1,2
0.567,0.208,0.45,0,0,1,2
0.567,0.211,0.45,0,0,1,2
0.567,0.214,0.45,0,0,1,2
0.567,0.217,0.45,0,0,1,2
0.567,0.22,0.45,0,0,1,2
0.567,0.223,0.45,0,0,1,2
0.567,0.226,0.45,0,0,1,2
0.567,0.229,0.45,0,0,1,2
0.567,0.232,0.45,0,0,1,2
0.567,0.235,0.45,0,0,1,2
0.567,0.238,0.45,0,0,1,2
0.567,0.241,0.45,0,0,1,2
0.567,0.244,0.45,0,0,1,2
0.567,0.247,0.45,0,0,1,2
0.567,0.25,0.45,0,0,1,2
0.567,0.253,0.45,0,0,1,2
0.567,0.256,0.45,0,0,1,2
0.567,0.259,0.45,0,0,1,2
0.57,0.1,0.45,0,0,1,2
0.57,0.103,0.45,0,0,1,2
0.57,0.106,0.45,0,0,1,2
0.57,0.109,0.45,0,0,1,2
0.57,0.112,0.45,0,0,1,2
0.57,0.115,0.45,0,0,1,2
0.57,0.118,0.45,0,0,1,2
0.57,0.121,0.45,0,0,1,2
0.57,0.124,0.45,0,0,1,2
0.57,0.127,0.45,0,0,1,2
0.57,0.13,0.45,0,0,1,2
0.57,0.133,0.45,0,0,1,2
0.57,0.136,0.45,0,0,1,2
0.57,0.139,0.45,0,0,1,2
0.57,0.142,0.45,0,0,1,2
0.57,0.145,0.45,0,0,1,2
0.57,0.148,0.45,0,0,1,2
0.57,0.151,0.45,0,0,1,2
0.57,0.154,0.45,0,0,1,2
0.57,0.157,0.45,0,0,1,2
0.57,0.16,0.45,0,0,1,2
0.57,0.163,0.45,0,0,1,2
0.57,0.166,0.45,0,0,1,2
0.57,0.169,0.45,0,0,1,2
0.57,0.172,0.45,0,0,1,2
0.57,0.175,0.45,0,0,1,2
0.57,0.178,0.45,0,0,1,2
0.57,0.181,0.45,0,0,1,2
0.57,0.184,0.45,0,0,1,2
0.57,0.187,0.45,0,0,1,2
0.57,0.19,0.45,0,0,1,2
0.57,0.193,0.45,0,0,1,2
0.57,0.196,0.45,0,0,1,2
0.57,0.199,0.45,0,0,1,2
0.57,0.202,0.45,0,0,1,2
0.57,0.205,0.45,0,0,1,2
0.57,0.208,0.45,0,0,1,2
0.57,0.211,0.45,0,0,1,2
0.57,0.214,0.45,0,0,1,2
0.57,0.217,0.45,0,0,1,2
0.57,0.22,0.45,0,0,1,2
0.57,0.223,0.45,0,0,1,2
0.57,0.226,0.45,0,0,1,2
0.57,0.229,0.45,0,0,1,2
0.57,0.232,0.45,0,0,1,2
0.57,0.235,0.45,0,0,1,2
0.57,0.238,0.45,0,0,1,2
0.57,0.241,0.45,0,0,1,2
0.57,0.244,0.45,0,0,1,2
0.57,0.247,0.45,0,0,1,2
0.57,0.25,0.45,0,0,1,2
0.57,0.253,0.45,0,0,1,2
0.57,0.256,0.45,0,0,1,2
0.57,0.259,0.45,0,0,1,2
