x,y,z,rho,p,is_boundary,kind
0.218153,0.296603,0.286241,1013.15,6788.78,0,0
0.174976,0.295999,0.285118,1181.52,16891.2,0,0
0.193612,0.296402,0.286102,1204.9,18293.7,0,0
0.166533,0.296007,0.285029,1125.3,13518.2,0,0
0.172051,0.296729,0.294941,1209.37,18562.3,0,0
0.178086,0.296548,0.329186,1301.3,24078,0,0
0.177765,0.296647,0.370836,1300.02,24001.2,0,0
0.171785,0.296767,0.405095,1207.92,18475.1,0,0
0.170825,0.295918,0.413202,1167.19,16031.2,0,0
0.185081,0.296481,0.414641,1211.2,18671.9,0,0
0.174584,0.296041,0.414896,1179.8,16787.9,0,0
0.177539,0.296835,0.413222,1202.16,18129.5,0,0
0.189932,0.296641,0.285063,1207.31,18438.3,0,0
0.197996,0.295826,0.286248,1188.24,17294.4,0,0
0.204752,0.295618,0.285651,1142.89,14573.3,0,0
0.181552,0.296987,0.286208,1210.83,18649.8,0,0
0.170232,0.295616,0.292798,1189.6,17376.1,0,0
0.18015,0.296154,0.324712,1304.92,24295.1,0,0
0.179741,0.296155,0.375288,1303.75,24225.2,0,0
0.169999,0.295617,0.407255,1188.17,17290.2,0,0
0.179695,0.296987,0.413736,1206.63,18397.5,0,0
0.200641,0.295786,0.413006,1177.43,16645.7,0,0
0.171636,0.296289,0.414707,1164.19,15851.2,0,0
0.192946,0.296481,0.414829,1201.56,18093.4,0,0
0.186066,0.295236,0.286631,1218.52,19111.2,0,0
0.172546,0.296493,0.285245,1169.04,16142.4,0,0
0.166947,0.295018,0.28698,1138.88,14332.9,0,0
0.169259,0.295755,0.286498,1154.35,15261.1,0,0
0.185746,0.296276,0.289343,1232.26,19935.6,0,0
0.180265,0.295628,0.321056,1301.32,24079.4,0,0
0.179826,0.295585,0.378912,1300.14,24008.5,0,0
0.183328,0.296316,0.410728,1230.02,19801.1,0,0
0.175245,0.295793,0.413923,1188.55,17313,0,0
0.176806,0.296644,0.413577,1197.37,17842,0,0
0.170445,0.296534,0.414752,1156.15,15369.3,0,0
0.188761,0.295059,0.413118,1218.77,19126.1,0,0
0.218227,0.295804,0.285983,1011.19,6671.32,0,0
0.166812,0.296814,0.285464,1129.86,13791.4,0,0
0.179146,0.295451,0.286061,1203.72,18223.5,0,0
0.203761,0.296805,0.285435,1148.94,14936.3,0,0
0.181776,0.295577,0.285212,1205.81,18348.5,0,0
0.173998,0.295164,0.315741,1266.27,21976.1,0,0
0.17371,0.295163,0.384314,1264.72,21883.4,0,0
0.182142,0.295579,0.413048,1216.4,18984.1,0,0
0.20406,0.296911,0.414444,1147.1,14826,0,0
0.179148,0.295366,0.414,1203.6,18216,0,0
0.168126,0.296811,0.414498,1140.87,14451.9,0,0
0.182696,0.29587,0.41351,1214.92,18895.4,0,0
0.205817,0.295831,0.285102,1131.78,13906.9,0,0
0.179771,0.295408,0.286351,1207.22,18433.5,0,0
0.166002,0.296423,0.286541,1128.98,13738.7,0,0
0.179457,0.296444,0.285061,1199.01,17940.7,0,0
0.182164,0.295748,0.28575,1209.69,18581.3,0,0
0.185194,0.296302,0.316325,1303.8,24227.7,0,0
0.18515,0.296301,0.383623,1303.94,24236.7,0,0
0.178929,0.295789,0.413828,1203.93,18236.1,0,0
0.167427,0.296421,0.413739,1139.64,14378.5,0,0
0.169047,0.296577,0.413516,1153.11,15186.3,0,0
0.165864,0.295371,0.41474,1121.4,13283.8,0,0
0.198395,0.295658,0.413807,1185.77,17146.3,0,0
0.169061,0.296046,0.285296,1146.39,14783.3,0,0
0.19317,0.295951,0.286955,1210.79,18647.4,0,0
0.197658,0.295784,0.285043,1183.27,16996.5,0,0
0.213289,0.295279,0.285761,1065.81,9948.86,0,0
0.170683,0.295237,0.286659,1164.99,15899.6,0,0
0.185804,0.295775,0.314985,1302.06,24123.3,0,0
0.18501,0.295777,0.384942,1301.97,24118.2,0,0
0.170469,0.29528,0.413412,1163.59,15815.7,0,0
0.21317,0.295322,0.414282,1066.41,9984.82,0,0
0.171162,0.295624,0.413907,1165.6,15936.1,0,0
0.175929,0.29612,0.413263,1195.34,17720.3,0,0
0.171729,0.296002,0.413022,1173.94,16436.4,0,0
0.183305,0.296681,0.286517,1215.74,18944.5,0,0
0.202767,0.296766,0.286641,1162.14,15728.1,0,0
0.200255,0.295102,0.285589,1172.46,16347.5,0,0
0.205585,0.296162,0.286673,1141.64,14498.3,0,0
0.177181,0.296645,0.285557,1193.8,17627.8,0,0
0.183528,0.295335,0.313427,1297.87,23872.1,0,0
0.18298,0.295466,0.386597,1297.22,23833.1,0,0
0.176886,0.296604,0.414659,1191.64,17498.7,0,0
0.20372,0.295996,0.4134,1155.1,15306,0,0
0.188658,0.295276,0.413843,1215.03,18901.9,0,0
0.16764,0.295243,0.413112,1144.49,14669.4,0,0
0.180668,0.295235,0.413448,1210.92,18654.9,0,0
0.191117,0.295236,0.286877,1215.27,18915.9,0,0
0.199879,0.295362,0.286346,1178.72,16723.2,0,0
0.209959,0.295366,0.286963,1104.82,12289.4,0,0
0.186899,0.296758,0.285062,1209.72,18583,0,0
0.181396,0.296565,0.286111,1210.08,18605.1,0,0
0.181967,0.295695,0.316612,1300.03,24002,0,0
0.181758,0.295652,0.383365,1299.75,23985.3,0,0
0.181297,0.296523,0.414068,1209.06,18543.7,0,0
0.181848,0.296759,0.413033,1215.82,18949.4,0,0
0.199599,0.295446,0.414203,1177.21,16632.8,0,0
0.192536,0.295446,0.414988,1201.72,18103.1,0,0
0.17429,0.295325,0.41323,1187.43,17245.9,0,0
0.192279,0.29632,0.285246,1203.81,18228.9,0,0
0.19971,0.296363,0.286417,1180.1,16806.3,0,0
0.175964,0.29608,0.28629,1192.79,17567.2,0,0
0.215252,0.295885,0.286988,1050.11,9006.85,0,0
0.182401,0.29562,0.286547,1214.54,18872.2,0,0
0.180844,0.296852,0.320238,1301.87,24112.3,0,0
0.180422,0.296992,0.379816,1300.72,24043.1,0,0
0.183357,0.295618,0.41385,1214.01,18840.3,0,0
0.216902,0.295971,0.414844,1022.55,7353.28,0,0
0.176313,0.296079,0.413888,1193.65,17618.9,0,0
0.199072,0.296402,0.413604,1183.3,16998,0,0
0.166917,0.295108,0.414421,1131.76,13905.8,0,0
0.178619,0.2962,0.286898,1206.61,18396.9,0,0
0.205595,0.295276,0.285373,1134.86,14091.9,0,0
0.169364,0.296537,0.286739,1156.33,15379.9,0,0
0.208168,0.29629,0.286603,1119.64,13178.4,0,0
0.175738,0.29599,0.291115,1215.12,18907.2,0,0
0.188786,0.296522,0.323648,1311.03,24662.1,0,0
0.18801,0.29652,0.376329,1312.04,24722.2,0,0
0.177542,0.295824,0.409017,1222.58,19354.6,0,0
0.204939,0.296245,0.413634,1144.84,14690.5,0,0
0.171744,0.296572,0.413384,1172.07,16324.4,0,0
0.20415,0.295319,0.414797,1144.64,14678.2,0,0
0.183203,0.295952,0.413321,1216.73,19003.7,0,0
0.217861,0.296058,0.286794,1019.07,7144.41,0,0
0.174686,0.296123,0.285522,1182.39,16943.4,0,0
0.173257,0.296728,0.285771,1176.05,16563.1,0,0
0.207088,0.295191,0.285731,1124.54,13472.2,0,0
0.188489,0.295987,0.292827,1246.44,20786.4,0,0
0.17899,0.295102,0.327687,1303.48,24209,0,0
0.178379,0.295152,0.372161,1301.41,24084.8,0,0
0.188421,0.295945,0.407219,1246.37,20782.1,0,0
0.206503,0.295012,0.414448,1128.08,13684.7,0,0
0.174166,0.296765,0.414446,1180.1,16805.8,0,0
0.185659,0.295992,0.414872,1210.18,18611.1,0,0
0.217751,0.296144,0.413278,1019.56,7173.43,0,0
0.218766,0.295153,0.286843,1008.2,6491.98,0,0
0.177018,0.295192,0.285081,1190.34,17420.4,0,0
0.203214,0.295954,0.285467,1153.11,15186.7,0,0
0.170937,0.296004,0.285606,1161.1,15666.2,0,0
0.180942,0.296319,0.294377,1246.63,20797.6,0,0
0.197235,0.29666,0.339317,1290.47,23428.3,0,0
0.197226,0.296659,0.360611,1290.52,23431.1,0,0
0.179907,0.296318,0.405594,1244.18,20650.9,0,0
0.186883,0.295953,0.413072,1220.34,19220.3,0,0
0.201244,0.295994,0.414809,1164.33,15859.7,0,0
0.185407,0.295103,0.413288,1218.79,19127.4,0,0
0.218746,0.295151,0.413266,1007.46,6447.66,0,0
0.206138,0.295957,0.285831,1133.02,13981.4,0,0
0.202294,0.29519,0.28577,1160.81,15648.8,0,0
0.18207,0.295321,0.285434,1207.61,18456.8,0,0
0.187455,0.295953,0.28592,1214.6,18876.1,0,0
0.186779,0.296906,0.295618,1257.49,21449.1,0,0
0.193302,0.296581,0.339172,1309.96,24597.5,0,0
0.193669,0.296582,0.360588,1308.56,24513.8,0,0
0.186781,0.296965,0.404435,1257.36,21441.8,0,0
0.201323,0.295446,0.414337,1166.33,15979.5,0,0
0.187099,0.29532,0.414436,1212.66,18759.8,0,0
0.187623,0.295576,0.413958,1215.22,18913,0,0
0.207272,0.296042,0.414089,1123.69,13421.2,0,0
0.165427,0.295371,0.286376,1123.15,13389.1,0,0
0.190369,0.295575,0.286244,1213.33,18799.7,0,0
0.217156,0.296518,0.285216,1020.34,7220.56,0,0
0.202371,0.295102,0.286261,1162.82,15769.4,0,0
0.189805,0.295487,0.297745,1261.82,21708.9,0,0
0.180252,0.296487,0.339991,1315.58,24935,0,0
0.180209,0.296444,0.359867,1315.57,24934.1,0,0
0.189826,0.295487,0.402314,1261.63,21697.5,0,0
0.20128,0.295231,0.413827,1169.22,16153,0,0
0.21707,0.296434,0.414879,1020.4,7223.99,0,0
0.201977,0.295275,0.413905,1164.38,15862.7,0,0
0.18635,0.295191,0.41448,1212.44,18746.7,0,0
0.189585,0.29628,0.285904,1212.65,18759.1,0,0
0.213315,0.295538,0.286977,1071.17,10270.1,0,0
0.173636,0.29592,0.285844,1178.67,16720.3,0,0
0.209035,0.295235,0.285867,1108.16,12489.3,0,0
0.188494,0.295657,0.299266,1268.09,22085.2,0,0
0.175458,0.296492,0.340269,1294.62,23677.3,0,0
0.175595,0.296491,0.359913,1295.4,23723.9,0,0
0.184957,0.295701,0.400832,1268.62,22117.3,0,0
0.205504,0.295144,0.414605,1135.33,14119.9,0,0
0.19776,0.29549,0.413139,1192.37,17542.5,0,0
0.209192,0.295621,0.413215,1110.86,12651.3,0,0
0.177801,0.296321,0.414502,1196.19,17771.5,0,0
0.204576,0.295789,0.286278,1147.45,14847.1,0,0
0.213334,0.296048,0.286079,1066.94,10016.3,0,0
0.189555,0.295321,0.285953,1212.88,18772.7,0,0
0.191604,0.296905,0.286775,1213.66,18819.5,0,0
0.171812,0.295146,0.296978,1214.39,18863.2,0,0
0.180653,0.296599,0.323748,1305.34,24320.5,0,0
0.180053,0.296598,0.376234,1303.72,24223.3,0,0
0.172393,0.295101,0.402982,1218.55,19113.2,0,0
0.191446,0.296796,0.413306,1213.59,18815.1,0,0
0.190519,0.295321,0.414074,1211.25,18675.1,0,0
0.21036,0.296127,0.414104,1095.63,11737.9,0,0
0.210104,0.295876,0.413207,1102.36,12141.5,0,0
0.176075,0.296449,0.286105,1192.23,17533.5,0,0
0.213644,0.296257,0.286407,1065.15,9908.91,0,0
0.172545,0.295753,0.285882,1172.65,16359.1,0,0
0.18928,0.295364,0.285638,1211.46,18687.7,0,0
0.187335,0.296643,0.296576,1260.61,21636.8,0,0
0.189349,0.295177,0.322306,1308.61,24516.7,0,0
0.189114,0.295176,0.377677,1309.04,24542.5,0,0
0.187421,0.296642,0.40349,1260.43,21625.6,0,0
0.187926,0.295533,0.41445,1212.27,18736.3,0,0
0.166965,0.295676,0.413497,1137.23,14233.7,0,0
0.217366,0.29631,0.413721,1022.21,7332.58,0,0
0.175049,0.296409,0.413989,1187.21,17232.6,0,0
0.202007,0.295995,0.28611,1164.62,15877.1,0,0
0.20786,0.296772,0.285632,1117.44,13046.5,0,0
0.191315,0.296115,0.28577,1208.99,18539.1,0,0
0.16961,0.295754,0.285448,1151.17,15070,0,0
0.187348,0.295056,0.29193,1243.39,20603.3,0,0
0.182244,0.296351,0.317085,1301.25,24074.9,0,0
0.181938,0.29635,0.382918,1300.76,24045.7,0,0
0.187405,0.295055,0.408098,1243.32,20599.1,0,0
0.169592,0.295498,0.414496,1151.72,15103,0,0
0.183361,0.296075,0.414903,1208.04,18482.1,0,0
0.206805,0.296533,0.414632,1124.78,13486.8,0,0
0.198269,0.29595,0.414541,1182.47,16948.5,0,0
0.204458,0.296244,0.286441,1149.15,14949,0,0
0.201688,0.295575,0.286553,1168.91,16134.5,0,0
0.182324,0.295058,0.2868,1215.59,18935.6,0,0
0.204828,0.295146,0.28609,1144.44,14666.6,0,0
0.184445,0.296987,0.289721,1233.05,19983.2,0,0
0.18022,0.296516,0.317506,1296.77,23806.2,0,0
0.179782,0.296515,0.382528,1295.54,23732.7,0,0
0.183593,0.296987,0.41041,1231.67,19900.3,0,0
0.182775,0.295492,0.414313,1210.52,18631.1,0,0
0.183403,0.295146,0.413171,1217.64,19058.5,0,0
0.200329,0.295531,0.413645,1176.01,16560.5,0,0
0.202428,0.29616,0.413799,1162.06,15723.6,0,0
0.172901,0.295013,0.28635,1177.08,16625,0,0
0.216683,0.29506,0.285713,1028,7679.75,0,0
0.167441,0.296883,0.285614,1135.7,14141.8,0,0
0.195349,0.296562,0.286437,1200.7,18042.2,0,0
0.180021,0.296834,0.291011,1230.65,19839.2,0,0
0.189218,0.296024,0.320432,1306.89,24413.4,0,0
0.189062,0.296025,0.379553,1307.19,24431.3,0,0
0.181809,0.296795,0.409059,1234.91,20094.8,0,0
0.192152,0.296601,0.413906,1208.77,18526.4,0,0
0.171361,0.296988,0.41473,1162.14,15728.2,0,0
0.215966,0.295103,0.414427,1035.09,8105.24,0,0
0.174712,0.296908,0.413917,1185.8,17147.9,0,0
0.209071,0.297,0.286569,1111.13,12667.7,0,0
0.192368,0.296443,0.286584,1210.97,18657.9,0,0
0.18978,0.296114,0.287,1207.19,18431.4,0,0
0.192823,0.295574,0.285818,1205.61,18336.3,0,0
0.18443,0.295531,0.288212,1225.94,19556.1,0,0
0.189831,0.296296,0.315342,1299.17,23950.4,0,0
0.18974,0.296167,0.384633,1299.42,23965,0,0
0.184968,0.295573,0.411918,1225.83,19549.6,0,0
0.193656,0.295784,0.414045,1203.91,18234.6,0,0
0.179565,0.29624,0.413378,1208.39,18503.2,0,0
0.197781,0.296237,0.414466,1185.27,17116.2,0,0
0.208319,0.296989,0.413461,1117.45,13047.1,0,0
0.212012,0.295237,0.286783,1083.77,11026.1,0,0
0.175609,0.296764,0.286399,1191.62,17497.4,0,0
0.206685,0.295832,0.285149,1125.01,13500.9,0,0
0.166924,0.296423,0.285659,1131.93,13915.8,0,0
0.186679,0.295058,0.286113,1215.65,18939.2,0,0
0.180934,0.29626,0.31607,1296.85,23811,0,0
0.180704,0.29626,0.38393,1296.4,23784.1,0,0
0.186365,0.295013,0.414003,1215.07,18904.4,0,0
0.185266,0.296279,0.413407,1218.25,19094.8,0,0
0.212627,0.295796,0.414299,1072.09,10325.4,0,0
0.17482,0.296725,0.41357,1188.3,17298,0,0
0.211791,0.295104,0.413176,1085.73,11143.7,0,0
0.198372,0.29519,0.28692,1189.71,17382.7,0,0
0.168072,0.297,0.286898,1147.35,14840.9,0,0
0.201924,0.296118,0.286735,1168.35,16100.9,0,0
0.218704,0.296019,0.286978,1009.65,6578.89,0,0
0.181474,0.296834,0.292678,1241.24,20474.4,0,0
0.185434,0.29628,0.328189,1317.21,25032.6,0,0
0.188726,0.296237,0.371886,1315.41,24924.8,0,0
0.182272,0.296796,0.407363,1242.88,20572.6,0,0
0.218459,0.295807,0.413086,1011.83,6709.87,0,0
0.199294,0.296033,0.413611,1182.1,16925.8,0,0
0.180813,0.296905,0.413627,1210.25,18615.2,0,0
0.202989,0.295319,0.4143,1155.53,15331.9,0,0
0.186885,0.295236,0.285815,1214.04,18842.1,0,0
0.189496,0.296681,0.286648,1216.75,19005.3,0,0
0.205673,0.295576,0.285612,1135.57,14134.1,0,0
0.206198,0.295322,0.286804,1137.26,14235.5,0,0
0.170657,0.295658,0.294798,1199.76,17985.3,0,0
0.187259,0.295592,0.329957,1318.35,25101.2,0,0
0.188059,0.295644,0.369929,1317.8,25068.2,0,0
0.171116,0.295659,0.405174,1203.37,18202,0,0
0.20587,0.295101,0.413334,1138.85,14330.9,0,0
0.204723,0.29583,0.414549,1141.79,14507.6,0,0
0.192464,0.2966,0.413122,1212.19,18731.4,0,0
0.198287,0.297,0.413064,1189.96,17397.7,0,0
0.165271,0.296946,0.286809,1123.92,13435.1,0,0
0.165513,0.295627,0.285405,1118.77,13126,0,0
0.17571,0.295237,0.285641,1187.88,17272.9,0,0
0.197509,0.296072,0.286442,1191.61,17496.5,0,0
0.186719,0.296321,0.297044,1262.4,21743.9,0,0
0.176119,0.296544,0.334536,1295.6,23736.2,0,0
0.175706,0.296541,0.365633,1293.41,23604.5,0,0
0.186642,0.296319,0.402995,1262.37,21742.3,0,0
0.180021,0.296522,0.41495,1200.79,18047.1,0,0
0.175375,0.295192,0.414412,1186.3,17177.8,0,0
0.171874,0.295579,0.414939,1164.31,15858.5,0,0
0.166109,0.296945,0.413257,1131.25,13874.8,0,0
0.171017,0.296208,0.286834,1168.25,16094.9,0,0
0.181694,0.296564,0.286856,1214.8,18888,0,0
0.198296,0.295868,0.285313,1181.7,16901.9,0,0
0.204805,0.295147,0.286544,1146.9,14813.7,0,0
0.183102,0.296875,0.298267,1263.71,21822.8,0,0
0.1755,0.296392,0.336872,1293.49,23609.2,0,0
0.174891,0.296392,0.363236,1290.04,23402.1,0,0
0.185333,0.295013,0.401807,1265.7,21941.7,0,0
0.20679,0.295101,0.413332,1131.31,13878.8,0,0
0.191545,0.296238,0.413748,1211.12,18667.1,0,0
0.16654,0.296661,0.414154,1130.22,13813.4,0,0
0.166809,0.296175,0.413025,1138.4,14304.1,0,0
0.175807,0.295452,0.286699,1194.21,17652.9,0,0
0.21224,0.295451,0.2864,1079.75,10784.9,0,0
0.20588,0.297,0.286173,1136.59,14195.5,0,0
0.170386,0.295283,0.285871,1158.78,15526.6,0,0
0.181041,0.295658,0.29819,1259.6,21575.8,0,0
0.195984,0.296542,0.337413,1296.83,23810.1,0,0
0.195887,0.296541,0.362526,1297.35,23840.9,0,0
0.180885,0.295616,0.401807,1259.42,21565,0,0
0.165808,0.295151,0.413833,1125.73,13544,0,0
0.20928,0.295011,0.413564,1108.21,12492.8,0,0
0.210395,0.295363,0.413865,1096.37,11782.3,0,0
0.16836,0.295714,0.414919,1140.4,14424.2,0,0
0.191822,0.295102,0.285244,1204.72,18283.4,0,0
0.210354,0.29666,0.28613,1097.14,11828.5,0,0
0.177973,0.296118,0.285872,1198.71,17922.7,0,0
0.168206,0.295884,0.286136,1144.61,14676.9,0,0
0.182755,0.295743,0.299507,1266.99,22019.4,0,0
0.175803,0.296335,0.331772,1292.28,23536.6,0,0
0.175724,0.296333,0.36833,1291.92,23515.2,0,0
0.182968,0.295744,0.400513,1267.43,22046,0,0
0.172907,0.29596,0.414178,1174.81,16488.4,0,0
0.211352,0.295622,0.413347,1089.5,11369.8,0,0
0.211989,0.296462,0.413815,1080.89,10853.3,0,0
0.192744,0.295231,0.414799,1202.19,18131.7,0,0
0.174859,0.29515,0.285135,1180.88,16852.8,0,0
0.183135,0.296444,0.28528,1208.6,18515.9,0,0
0.20615,0.296574,0.286578,1136.59,14195.1,0,0
0.16556,0.295327,0.286684,1125.87,13552,0,0
0.180682,0.295103,0.300077,1264.01,21840.9,0,0
0.192375,0.296546,0.33389,1310.75,24645,0,0
0.191965,0.296498,0.366471,1311.89,24713.2,0,0
0.181348,0.295058,0.399966,1265.69,21941.7,0,0
0.169728,0.295193,0.413432,1158.35,15501.1,0,0
0.21492,0.29651,0.414763,1045.32,8718.9,0,0
0.18452,0.296359,0.414815,1209.8,18587.9,0,0
0.165872,0.297,0.414281,1123.82,13429,0,0
0.201469,0.296447,0.286895,1172.03,16321.7,0,0
0.187805,0.295279,0.285778,1213.51,18810.8,0,0
0.193277,0.295657,0.285077,1200.16,18009.6,0,0
0.179231,0.296323,0.286094,1204.22,18253.4,0,0
0.185835,0.296765,0.299977,1271.07,22264,0,0
0.176768,0.295459,0.331185,1296.78,23806.6,0,0
0.176058,0.29551,0.368686,1293.42,23605.2,0,0
0.18672,0.296839,0.400062,1271.02,22261.3,0,0
0.171487,0.296289,0.413471,1170.05,16202.8,0,0
0.166901,0.295842,0.414906,1129.12,13747.2,0,0
0.166875,0.295328,0.413535,1136.23,14173.8,0,0
0.201603,0.296406,0.413083,1171.06,16263.6,0,0
0.206021,0.296573,0.285185,1130.54,13832.3,0,0
0.172667,0.296003,0.286191,1175.08,16505,0,0
0.21232,0.295366,0.285382,1074.05,10443,0,0
0.200022,0.296157,0.285329,1172.56,16353.7,0,0
0.182183,0.295745,0.30099,1270.08,22204.7,0,0
0.189233,0.296549,0.322501,1309.13,24547.9,0,0
0.188984,0.296547,0.37752,1309.53,24572,0,0
0.181137,0.295788,0.399005,1268.04,22082.3,0,0
0.182623,0.296483,0.414261,1210.57,18634.5,0,0
0.210299,0.295364,0.414513,1094.12,11647.2,0,0
0.189946,0.295829,0.41393,1213.08,18785,0,0
0.198605,0.296603,0.413814,1184.61,17076.6,0,0
0.21383,0.296708,0.285833,1060.42,9625.03,0,0
0.189964,0.296403,0.286121,1213.3,18798.2,0,0
0.186854,0.296321,0.286449,1217.66,19059.9,0,0
0.184113,0.296443,0.28515,1209.07,18544.3,0,0
0.189958,0.295146,0.298803,1264.61,21876.8,0,0
0.186352,0.295181,0.323913,1313.07,24783.9,0,0
0.186441,0.29518,0.376075,1313.13,24787.7,0,0
0.189898,0.295057,0.401207,1264.67,21880.1,0,0
0.18585,0.296601,0.414696,1211.19,18671.4,0,0
0.190905,0.296197,0.413259,1215.07,18904.3,0,0
0.192473,0.296278,0.413698,1209.16,18549.5,0,0
0.216606,0.296791,0.414091,1029.34,7760.17,0,0
0.200382,0.296967,0.286195,1174.92,16495.5,0,0
0.189642,0.296937,0.285825,1211.96,18717.9,0,0
0.196257,0.296359,0.285076,1189.66,17379.6,0,0
0.186162,0.29528,0.286177,1216.07,18964.3,0,0
0.179153,0.296802,0.297268,1251.24,21074.2,0,0
0.18939,0.295118,0.31672,1301.68,24100.8,0,0
0.189315,0.295162,0.383252,1301.89,24113.7,0,0
0.178202,0.296763,0.402658,1248.42,20905.4,0,0
0.191508,0.295101,0.413455,1212.61,18756.4,0,0
0.190029,0.296833,0.413591,1214.67,18880,0,0
0.182483,0.295145,0.414467,1209.04,18542.5,0,0
0.202076,0.297,0.413521,1165.58,15934.8,0,0
0.170288,0.296044,0.286805,1163.23,15793.5,0,0
0.186585,0.295788,0.285509,1212.45,18747,0,0
0.179561,0.296643,0.285448,1201.52,18091.4,0,0
0.218727,0.29515,0.286375,1006.71,6402.81,0,0
0.182016,0.295906,0.292357,1241.23,20473.8,0,0
0.180002,0.295819,0.314441,1291.84,23510.3,0,0
0.179807,0.295777,0.385583,1291.38,23482.7,0,0
0.179673,0.295906,0.407626,1235.71,20142.8,0,0
0.218501,0.295148,0.413624,1008.92,6535.35,0,0
0.17816,0.29676,0.41467,1196.43,17785.7,0,0
0.165176,0.295797,0.413592,1121.69,13301.5,0,0
0.175356,0.296368,0.413725,1190.15,17409,0,0
0.202995,0.296489,0.286353,1159.19,15551.2,0,0
0.166789,0.296093,0.286264,1134.11,14046.5,0,0
0.166061,0.296132,0.285853,1125.9,13553.7,0,0
0.200124,0.295405,0.285312,1171.8,16308.1,0,0
0.189096,0.29557,0.293972,1250.1,21006.2,0,0
0.189599,0.296789,0.320912,1306.65,24398.7,0,0
0.189318,0.296788,0.37907,1307.18,24430.9,0,0
0.189004,0.29557,0.406043,1250.2,21011.8,0,0
0.208245,0.295406,0.413603,1117.54,13052.5,0,0
0.165327,0.296131,0.414184,1119.9,13193.9,0,0
0.187298,0.296076,0.414378,1213.04,18782.3,0,0
0.209293,0.296374,0.413014,1110.85,12651.1,0,0
0.196233,0.29672,0.285203,1190.39,17423.5,0,0
0.214017,0.296589,0.286768,1062.7,9762,0,0
0.218505,0.296991,0.286445,1009.66,6579.77,0,0
0.165696,0.296584,0.28698,1128.57,13713.9,0,0
0.177348,0.296403,0.293309,1230.97,19858.2,0,0
0.18963,0.295425,0.314987,1298.95,23936.9,0,0
0.188964,0.295512,0.384935,1300.18,24011.1,0,0
0.17664,0.296401,0.406708,1228.23,19694.1,0,0
0.174121,0.296569,0.41349,1185.19,17111.2,0,0
0.21793,0.297,0.413642,1015.65,6939.09,0,0
0.21384,0.296466,0.413303,1063.86,9831.76,0,0
0.175262,0.295147,0.413624,1190.11,17406.8,0,0
0.173313,0.295325,0.286614,1180.97,16858.2,0,0
0.195281,0.296965,0.286083,1198.93,17935.8,0,0
0.199323,0.295827,0.286334,1181.83,16909.7,0,0
0.169189,0.296734,0.286085,1151.55,15092.8,0,0
0.175253,0.295056,0.290896,1211.65,18698.9,0,0
0.189397,0.296595,0.318437,1304.06,24243.8,0,0
0.18915,0.296594,0.381529,1304.54,24272.3,0,0
0.174424,0.297,0.409076,1207.86,18471.5,0,0
0.174869,0.296802,0.414362,1184.14,17048.2,0,0
0.201589,0.29587,0.413302,1170.08,16205,0,0
0.191397,0.296965,0.414444,1207.39,18443.2,0,0
0.176562,0.295536,0.413699,1195.71,17742.5,0,0
0.172517,0.29596,0.286655,1176.69,16601.5,0,0
0.171775,0.295455,0.28544,1165.46,15927.6,0,0
0.180795,0.296281,0.286848,1212.75,18765.2,0,0
0.192678,0.295276,0.28635,1208.82,18529.5,0,0
0.181262,0.295698,0.296177,1253.7,21221.7,0,0
0.190534,0.296546,0.331268,1314.35,24861.2,0,0
0.187578,0.296369,0.36899,1318.98,25138.7,0,0
0.181362,0.295741,0.403873,1253.96,21237.4,0,0
0.184974,0.295321,0.41418,1213.7,18822.2,0,0
0.188157,0.29632,0.413033,1219.93,19195.9,0,0
0.172543,0.295323,0.414698,1169.66,16179.3,0,0
0.213946,0.295451,0.414579,1056.78,9406.66,0,0
0.196916,0.295146,0.28568,1190.06,17403.8,0,0
0.166916,0.295285,0.286444,1135.98,14158.8,0,0
0.171332,0.296375,0.285717,1164.25,15854.8,0,0
0.188973,0.295911,0.285417,1210.65,18638.7,0,0
0.186817,0.296526,0.298467,1266.75,22005.2,0,0
0.176721,0.296385,0.335828,1299.41,23964.8,0,0
0.176071,0.296386,0.364226,1296.16,23769.5,0,0
0.187267,0.296484,0.401596,1266.5,21989.8,0,0
0.191654,0.295993,0.414361,1207.5,18449.8,0,0
0.17572,0.296285,0.414685,1186.48,17189,0,0
0.169358,0.29567,0.414069,1152.44,15146.3,0,0
0.208426,0.295102,0.414788,1109.91,12594.8,0,0
0.213403,0.296384,0.285713,1064.46,9867.31,0,0
0.173402,0.29691,0.286041,1178.29,16697.4,0,0
0.208824,0.295365,0.286458,1112.99,12779.4,0,0
0.196911,0.296872,0.286576,1194.89,17693.4,0,0
0.190575,0.2957,0.300462,1268.28,22097.1,0,0
0.175006,0.296375,0.334743,1289.59,23375.3,0,0
0.174661,0.296372,0.365559,1287.5,23250.3,0,0
0.190535,0.295658,0.399552,1268.33,22099.7,0,0
0.166543,0.29697,0.413877,1131.62,13897.4,0,0
0.212207,0.295191,0.413281,1081.05,10863,0,0
0.202941,0.296687,0.414356,1155.57,15334.3,0,0
0.210986,0.296418,0.414255,1088.79,11327.7,0,0
0.1713,0.296911,0.285288,1161.49,15689.6,0,0
0.178319,0.296605,0.286119,1201.26,18075.5,0,0
0.178775,0.295577,0.286463,1204.76,18285.4,0,0
0.210147,0.296459,0.285532,1096.22,11773.4,0,0
0.18871,0.29665,0.301414,1273.66,22419.3,0,0
0.176065,0.296577,0.34137,1298.3,23897.8,0,0
0.173805,0.296577,0.359422,1284.74,23084.3,0,0
0.188924,0.296688,0.398633,1273.31,22398.6,0,0
0.208977,0.296208,0.414625,1105.95,12357.2,0,0
0.16689,0.295502,0.414939,1128.79,13727.5,0,0
0.170156,0.296731,0.413427,1161.39,15683.2,0,0
0.175051,0.296966,0.41303,1192.24,17534.5,0,0
0.217647,0.29576,0.286361,1019.77,7185.97,0,0
0.209591,0.29697,0.285083,1099.02,11941.1,0,0
0.217156,0.295761,0.286838,1027.6,7656.25,0,0
0.184572,0.295013,0.285843,1213.3,18798,0,0
0.181066,0.295874,0.301895,1270.03,22202,0,0
0.195224,0.296267,0.336555,1300.4,24023.9,0,0
0.19518,0.296268,0.363394,1300.61,24036.8,0,0
0.181667,0.295874,0.398092,1271.63,22297.8,0,0
0.197095,0.296521,0.414739,1186.91,17214.4,0,0
0.21769,0.295716,0.413386,1019.82,7189.12,0,0
0.211864,0.296918,0.414736,1077.57,10654.1,0,0
0.208453,0.295876,0.414173,1112.96,12777.8,0,0
0.192972,0.29591,0.285671,1204.42,18265,0,0
0.215256,0.296011,0.285828,1044.91,8694.71,0,0
0.188002,0.295102,0.28558,1212.21,18732.6,0,0
0.192355,0.296156,0.285705,1206.23,18374.1,0,0
0.182048,0.295409,0.30378,1276.76,22605.3,0,0
0.178329,0.296577,0.342254,1309.32,24559.3,0,0
0.176137,0.296579,0.357632,1299.03,23942,0,0
0.183473,0.295323,0.396245,1279.17,22750.2,0,0
0.19347,0.296074,0.414299,1203.08,18184.9,0,0
0.182341,0.295146,0.414703,1207.43,18445.6,0,0
0.214289,0.296094,0.413996,1055.89,9353.46,0,0
0.168891,0.295882,0.414208,1148.31,14898.7,0,0
0.196219,0.295276,0.286605,1198.07,17884.2,0,0
0.211657,0.295795,0.286173,1084.64,11078.6,0,0
0.191039,0.296603,0.286122,1211.41,18684.6,0,0
0.169977,0.295371,0.286984,1161.91,15714.3,0,0
0.183688,0.29662,0.305089,1282.39,22943.5,0,0
0.177415,0.296102,0.336427,1303.07,24184.3,0,0
0.17669,0.296054,0.363683,1299.65,23978.7,0,0
0.183989,0.296579,0.394941,1282.81,22968.9,0,0
0.173461,0.295282,0.413269,1182.75,16965.2,0,0
0.16512,0.296778,0.41353,1121.41,13284.5,0,0
0.21803,0.295674,0.413919,1013.45,6806.79,0,0
0.195428,0.295275,0.413558,1200.27,18016.2,0,0
0.209319,0.296658,0.286694,1109.58,12574.5,0,0
0.183424,0.295787,0.286706,1217.03,19021.5,0,0
0.209243,0.295959,0.286643,1110.12,12607.5,0,0
0.18235,0.295577,0.285728,1209.88,18592.8,0,0
0.172661,0.29609,0.303873,1237.93,20276.1,0,0
0.176491,0.296601,0.337338,1298.95,23936.8,0,0
0.175947,0.2966,0.362764,1296.15,23769,0,0
0.172677,0.29609,0.396123,1238.38,20303,0,0
0.181947,0.295534,0.414234,1209.5,18569.7,0,0
0.212183,0.295966,0.413081,1082.33,10940.1,0,0
0.181312,0.295788,0.41326,1213.59,18815.4,0,0
0.207991,0.296655,0.413237,1121.54,13292.2,0,0
0.182308,0.296906,0.286029,1211.36,18681.8,0,0
0.206735,0.295747,0.286601,1131.95,13916.8,0,0
0.171019,0.295369,0.286202,1164.82,15889.3,0,0
0.172037,0.29515,0.286141,1170.86,16251.5,0,0
0.190263,0.296624,0.307066,1284.19,23051.5,0,0
0.189646,0.296017,0.319361,1304.87,24292.4,0,0
0.189265,0.296106,0.380597,1305.61,24336.5,0,0
0.190235,0.296814,0.392962,1284.14,23048.6,0,0
0.172064,0.295192,0.413977,1170.77,16246,0,0
0.195482,0.295233,0.4133,1201.4,18084.3,0,0
0.203333,0.295661,0.41361,1156.78,15406.5,0,0
0.180266,0.296965,0.413979,1206.88,18412.8,0,0
0.207478,0.295193,0.286986,1127.35,13640.9,0,0
0.183435,0.295913,0.285792,1211.99,18719.7,0,0
0.175192,0.296411,0.285822,1186.55,17192.7,0,0
0.182241,0.295102,0.285043,1205.59,18335.2,0,0
0.188622,0.295532,0.301266,1273.41,22404.6,0,0
0.179723,0.295855,0.338269,1313.19,24791.4,0,0
0.179493,0.295856,0.361821,1312.42,24745.5,0,0
0.188713,0.295618,0.398805,1273.19,22391.1,0,0
0.182372,0.295013,0.413048,1216.64,18998.1,0,0
0.178668,0.296281,0.41448,1199.4,17963.7,0,0
0.185427,0.295952,0.413985,1215.16,18909.4,0,0
0.20562,0.295146,0.413176,1141.63,14497.8,0,0
0.176253,0.296202,0.286623,1195.88,17752.5,0,0
0.168814,0.295585,0.28665,1151.87,15112.1,0,0
0.203627,0.29583,0.285366,1149.66,14979.5,0,0
0.185538,0.295366,0.286944,1220.08,19204.8,0,0
0.185284,0.296537,0.30363,1280.39,22823.1,0,0
0.174594,0.295139,0.32461,1279.63,22778,0,0
0.175518,0.295233,0.375204,1285.26,23115.7,0,0
0.184967,0.296455,0.396353,1280.39,22823.6,0,0
0.173118,0.29541,0.414531,1173.95,16436.7,0,0
0.20621,0.295832,0.414215,1131.88,13912.6,0,0
0.172742,0.295452,0.413736,1176.21,16572.4,0,0
0.175938,0.29612,0.413396,1194.66,17679.8,0,0
0.171155,0.296496,0.286603,1167.89,16073.2,0,0
0.210947,0.296295,0.286418,1092.83,11569.5,0,0
0.167937,0.296774,0.285174,1137.16,14229.9,0,0
0.191614,0.295951,0.286574,1212.74,18764.5,0,0
0.178839,0.295102,0.294403,1240.42,20424.9,0,0
0.189749,0.296113,0.313185,1296.1,23766.3,0,0
0.18975,0.296071,0.386856,1296.07,23764.2,0,0
0.178963,0.295056,0.405633,1240.92,20455.4,0,0
0.17522,0.295959,0.413721,1189.55,17372.8,0,0
0.167601,0.296658,0.414893,1134.66,14079.6,0,0
0.208414,0.296414,0.41383,1114.97,12898.5,0,0
0.189688,0.296156,0.413497,1215.83,18949.7,0,0
0.20283,0.296967,0.286113,1158.95,15537,0,0
0.210006,0.295104,0.286112,1100.29,12017.2,0,0
0.213562,0.296048,0.285031,1059.49,9569.58,0,0
0.198282,0.295361,0.285173,1180.9,16853.7,0,0
0.181097,0.296403,0.295759,1251.88,21112.7,0,0
0.187759,0.295434,0.318332,1305.98,24358.9,0,0
0.188204,0.295479,0.381648,1305.64,24338.7,0,0
0.180844,0.296401,0.404238,1251.48,21088.7,0,0
0.188645,0.295787,0.413965,1214.48,18868.7,0,0
0.209763,0.296001,0.413407,1104.66,12279.8,0,0
0.213092,0.296948,0.413647,1070.13,10207.8,0,0
0.204411,0.2951,0.413796,1147.86,14871.4,0,0
0.18633,0.295059,0.285621,1212.89,18773.2,0,0
0.20762,0.295536,0.285797,1120.43,13225.9,0,0
0.171565,0.295625,0.286364,1169.26,16155.4,0,0
0.166817,0.296423,0.28698,1138,14280.1,0,0
0.180382,0.297,0.291649,1234.27,20056,0,0
0.182036,0.295463,0.311877,1292.89,23573.1,0,0
0.182034,0.295244,0.388133,1292.95,23576.7,0,0
0.181665,0.297,0.408406,1237.3,20238,0,0
0.166961,0.296379,0.414986,1129.13,13747.7,0,0
0.19074,0.295491,0.4138,1212.41,18744.9,0,0
0.206901,0.295578,0.414309,1125.67,13540.1,0,0
0.189231,0.295013,0.414179,1212.45,18746.8,0,0
0.166928,0.295502,0.286461,1136.22,14173.3,0,0
0.165455,0.296256,0.285673,1119.75,13184.8,0,0
0.170224,0.296004,0.285965,1158.3,15498.2,0,0
0.166907,0.296424,0.286047,1133.88,14033.1,0,0
0.167608,0.296969,0.289123,1154.53,15271.7,0,0
0.179889,0.296898,0.313928,1290.53,23431.7,0,0
0.179503,0.296927,0.386101,1289.43,23365.6,0,0
0.178408,0.296937,0.410738,1217.82,19069.2,0,0
0.183118,0.296362,0.413121,1217.65,19059.2,0,0
0.167079,0.295887,0.413567,1137.81,14268.5,0,0
0.165444,0.296173,0.414407,1119.71,13182.4,0,0
0.179325,0.295452,0.414463,1201.56,18093.4,0,0
0.191384,0.295405,0.286189,1211.08,18664.6,0,0
0.185904,0.296602,0.286604,1218.39,19103.7,0,0
0.1775,0.296037,0.285708,1196,17760.3,0,0
0.212136,0.296463,0.285799,1077.98,10679,0,0
0.186919,0.295822,0.29429,1252.92,21175.1,0,0
0.178287,0.296251,0.32047,1293.77,23626.1,0,0
0.178746,0.296252,0.37946,1295.8,23747.9,0,0
0.186952,0.295823,0.40575,1252.84,21170.3,0,0
0.209863,0.296497,0.414334,1099.18,11950.8,0,0
0.185764,0.29591,0.414355,1213.2,18792.1,0,0
0.185456,0.296641,0.413407,1218.26,19095.8,0,0
0.203906,0.295405,0.413922,1151.03,15061.7,0,0
0.201589,0.295787,0.285898,1166.19,15971.4,0,0
0.216715,0.296056,0.286251,1030.23,7813.67,0,0
0.206787,0.29633,0.286586,1131.43,13885.7,0,0
0.216891,0.296182,0.286795,1030.54,7832.57,0,0
0.174489,0.295447,0.299189,1236.86,20211.4,0,0
0.177559,0.296093,0.335277,1303.13,24187.7,0,0
0.176346,0.296094,0.364833,1297.31,23838.8,0,0
0.174244,0.295575,0.400813,1235.88,20152.8,0,0
0.217838,0.29623,0.413039,1019.52,7171.01,0,0
0.203042,0.296407,0.413739,1158.15,15489.1,0,0
0.216013,0.296055,0.413671,1038.16,8289.33,0,0
0.172709,0.296042,0.413642,1176.59,16595.6,0,0
0.20735,0.296845,0.286908,1128.08,13684.8,0,0
0.21772,0.295673,0.286996,1021.56,7293.82,0,0
0.212334,0.295538,0.285639,1075.19,10511.7,0,0
0.165411,0.29609,0.286145,1121.89,13313.2,0,0
0.181112,0.295235,0.301776,1269.69,22181.6,0,0
0.196043,0.296696,0.344998,1298.74,23924.7,0,0
0.196048,0.296696,0.354869,1298.73,23923.8,0,0
0.18113,0.295234,0.398208,1269.97,22198.1,0,0
0.167149,0.296217,0.413797,1137.15,14228.8,0,0
0.204752,0.29562,0.413149,1148.64,14918.7,0,0
0.217948,0.295673,0.414876,1010.1,6605.7,0,0
0.203471,0.296766,0.41347,1156.41,15384.3,0,0
0.174074,0.295537,0.286707,1185.68,17141,0,0
0.190988,0.296403,0.286521,1213.72,18823.4,0,0
0.187703,0.296719,0.285356,1211.17,18670.3,0,0
0.181995,0.296643,0.286484,1213.37,18802.4,0,0
0.18127,0.296457,0.303034,1273.32,22399.3,0,0
0.198523,0.2967,0.343042,1283.35,23001.2,0,0
0.198508,0.2967,0.356893,1283.45,23006.7,0,0
0.181541,0.296495,0.397002,1274.03,22441.6,0,0
0.181357,0.296523,0.413464,1212.54,18752.1,0,0
0.178518,0.296798,0.414447,1198.95,17937.2,0,0
0.191162,0.296401,0.413456,1213.48,18808.9,0,0
0.190726,0.295662,0.413203,1215.69,18941.5,0,0
0.174312,0.29684,0.285076,1177.77,16666,0,0
0.189261,0.296117,0.286891,1218.44,19106.5,0,0
0.200706,0.296282,0.286454,1174.52,16471.4,0,0
0.171271,0.295752,0.285171,1160.8,15648.3,0,0
0.190414,0.296376,0.304231,1277.91,22674.5,0,0
0.187963,0.295151,0.328458,1316.4,24983.8,0,0
0.186965,0.296969,0.371995,1316.77,25006.4,0,0
0.18953,0.296333,0.395772,1279.51,22770.5,0,0
0.171727,0.29575,0.414945,1163.39,15803.2,0,0
0.194898,0.296235,0.414562,1196.88,17812.7,0,0
0.192903,0.296032,0.414994,1200.77,18046.1,0,0
0.175034,0.296764,0.413037,1192.19,17531.5,0,0
0.175199,0.296987,0.286934,1192.46,17547.3,0,0
0.193338,0.296965,0.285519,1202.33,18139.6,0,0
0.215551,0.295757,0.285945,1042.14,8528.15,0,0
0.166948,0.295673,0.286663,1137.45,14247.2,0,0
0.187047,0.29588,0.30667,1287.26,23235.7,0,0
0.183081,0.296621,0.346973,1324.03,25441.6,0,0
0.184626,0.296621,0.353228,1325.84,25550.6,0,0
0.184807,0.295883,0.39313,1287.48,23249.1,0,0
0.16902,0.29567,0.414036,1150.17,15010.3,0,0
0.214788,0.295841,0.414038,1050.23,9013.94,0,0
0.174557,0.295149,0.414842,1179.81,16788.6,0,0
0.167066,0.296915,0.414308,1133.58,14014.7,0,0
0.192822,0.296603,0.285816,1205.56,18333.5,0,0
0.212373,0.296781,0.2861,1076.92,10615,0,0
0.216955,0.295368,0.286675,1029.2,7751.77,0,0
0.177965,0.295492,0.28565,1197.37,17842.3,0,0
0.18235,0.29597,0.30807,1286.67,23200.1,0,0
0.182375,0.296437,0.338288,1320.3,25217.8,0,0
0.182525,0.296437,0.361767,1320.62,25237,0,0
0.1828,0.296012,0.391943,1287.58,23255.1,0,0
0.171119,0.295624,0.414108,1164.23,15853.6,0,0
0.216633,0.29554,0.413268,1032.72,7963.48,0,0
0.212064,0.296703,0.41398,1079.29,10757.4,0,0
0.173252,0.29657,0.414491,1174.95,16496.7,0,0
0.175335,0.295958,0.286301,1189.91,17394.8,0,0
0.212017,0.296544,0.286627,1083.07,10983.9,0,0
0.181096,0.295745,0.28512,1203.8,18227.9,0,0
0.182336,0.29515,0.286841,1215.87,18952.4,0,0
0.174573,0.295455,0.306727,1255.09,21305.1,0,0
0.180633,0.296577,0.342688,1317.61,25056.8,0,0
0.177796,0.296579,0.357171,1307.24,24434.5,0,0
0.174615,0.295455,0.393278,1255.6,21336.2,0,0
0.181885,0.29519,0.413252,1214.71,18882.3,0,0
0.188712,0.295786,0.414568,1211.01,18660.7,0,0
0.215689,0.296594,0.413053,1044.47,8668.26,0,0
0.166683,0.295969,0.413307,1135.95,14156.8,0,0
0.184111,0.296905,0.285914,1213.31,18798.7,0,0
0.186557,0.296403,0.285389,1211.73,18704.1,0,0
0.215514,0.296594,0.286796,1046.28,8776.96,0,0
0.167904,0.296774,0.286855,1145.94,14756.5,0,0
0.185358,0.295456,0.308289,1290.44,23426.3,0,0
0.181022,0.295926,0.318325,1300.14,24008.5,0,0
0.180682,0.295838,0.381721,1299.32,23959.3,0,0
0.185361,0.295413,0.391738,1290.48,23428.9,0,0
0.168542,0.296913,0.413324,1150.27,15016.1,0,0
0.216451,0.296675,0.413204,1035.07,8104.01,0,0
0.193352,0.296481,0.414048,1204.77,18286.4,0,0
0.195983,0.296797,0.414989,1190.18,17410.7,0,0
0.175961,0.295149,0.285899,1190.45,17426.7,0,0
0.196774,0.29636,0.286369,1194.54,17672.4,0,0
0.171049,0.296496,0.285379,1160.51,15630.6,0,0
0.170032,0.29688,0.286354,1158.92,15534.9,0,0
0.189511,0.295872,0.302662,1275.83,22549.5,0,0
0.172093,0.296536,0.339185,1272.34,22340.3,0,0
0.180011,0.296442,0.360588,1314.66,24879.5,0,0
0.189302,0.29583,0.397371,1276.09,22565.2,0,0
0.169844,0.296693,0.413704,1157.76,15465.8,0,0
0.187404,0.296441,0.413267,1219.1,19145.8,0,0
0.197933,0.296237,0.413424,1190.11,17406.6,0,0
0.189799,0.296904,0.414254,1211.32,18679.4,0,0
0.185048,0.296758,0.285466,1211.61,18696.6,0,0
0.179376,0.296965,0.28538,1200.46,18027.8,0,0
0.216526,0.296392,0.285966,1031.11,7866.41,0,0
0.181515,0.29624,0.285087,1204.56,18273.3,0,0
0.190068,0.295279,0.304256,1278.52,22711.1,0,0
0.180506,0.296747,0.325136,1306.26,24375.9,0,0
0.179358,0.296746,0.374892,1302.7,24162.2,0,0
0.190102,0.295235,0.395801,1278.33,22699.8,0,0
0.171719,0.296412,0.414269,1167.14,16028.7,0,0
0.215454,0.296388,0.414103,1042.5,8549.78,0,0
0.186769,0.296796,0.414629,1211.59,18695.1,0,0
0.181906,0.296681,0.414415,1208.34,18500.1,0,0
0.206294,0.296371,0.285969,1132.42,13945.5,0,0
0.215663,0.295843,0.286128,1041.71,8502.71,0,0
0.211025,0.296127,0.286822,1093.96,11637.3,0,0
0.1736,0.295709,0.286581,1182.48,16948.6,0,0
0.188536,0.295823,0.295135,1254.95,21297.2,0,0
0.18942,0.295895,0.312186,1295.07,23703.9,0,0
0.189779,0.295895,0.387984,1294.2,23652.2,0,0
0.188334,0.295823,0.404905,1255.05,21303.1,0,0
0.169432,0.295838,0.413274,1157.22,15433.3,0,0
0.202487,0.296037,0.414014,1160.55,15633.2,0,0
0.215658,0.295714,0.413971,1040.82,8449.37,0,0
0.207672,0.296207,0.413909,1121.15,13268.7,0,0
0.191051,0.295869,0.285836,1209.88,18592.7,0,0
0.187671,0.295869,0.286726,1218.92,19135,0,0
0.166914,0.296916,0.286203,1134.63,14078.1,0,0
0.185796,0.295913,0.286928,1220.18,19210.9,0,0
0.179987,0.295058,0.296337,1250.72,21043.1,0,0
0.187684,0.29605,0.317586,1305.15,24309.2,0,0
0.187614,0.296051,0.382395,1305.29,24317.4,0,0
0.179997,0.295012,0.403677,1250.9,21053.9,0,0
0.166896,0.296011,0.413933,1134.4,14063.9,0,0
0.176778,0.296799,0.414736,1190.7,17441.7,0,0
0.215874,0.295281,0.414268,1036.93,8215.77,0,0
0.202186,0.295703,0.414652,1159.15,15548.9,0,0
0.192103,0.295743,0.28557,1206.09,18365.1,0,0
0.202437,0.295102,0.286656,1164.39,15863.1,0,0
0.175965,0.295663,0.285289,1187.15,17228.8,0,0
0.17456,0.295708,0.285116,1179.41,16764.4,0,0
0.188094,0.296192,0.290304,1236.19,20171.5,0,0
0.177336,0.295461,0.310362,1275.37,22522.1,0,0
0.176069,0.295461,0.389722,1269.66,22179.5,0,0
0.187421,0.29611,0.409671,1236.77,20206.2,0,0
0.181776,0.295536,0.413193,1214.9,18894.1,0,0
0.175978,0.295623,0.414835,1186.77,17206.2,0,0
0.198717,0.295057,0.413961,1183.13,16987.8,0,0
0.193123,0.295701,0.414249,1204.36,18261.5,0,0
0.190679,0.29549,0.285306,1207.52,18451.5,0,0
0.183624,0.295235,0.286173,1214.24,18854.1,0,0
0.192931,0.295276,0.285306,1202.35,18141.2,0,0
0.166978,0.295631,0.285661,1132.38,13942.9,0,0
0.185523,0.296195,0.287807,1224.66,19479.6,0,0
0.181278,0.296067,0.311684,1290.96,23457.4,0,0
0.181362,0.296025,0.388278,1291.39,23483.2,0,0
0.186262,0.296154,0.412257,1224.62,19477.1,0,0
0.167734,0.295589,0.414403,1138.47,14308.1,0,0
0.193083,0.295317,0.414711,1201.79,18107.2,0,0
0.180796,0.295236,0.413922,1208.63,18517.6,0,0
0.193616,0.295444,0.414498,1201.45,18087.3,0,0
0.187813,0.295535,0.286937,1219.92,19195.1,0,0
0.200305,0.296763,0.28589,1173.84,16430.3,0,0
0.216813,0.296991,0.286343,1029.31,7758.69,0,0
0.191064,0.295058,0.285875,1209.87,18592.5,0,0
0.177086,0.295698,0.293751,1231.58,19894.9,0,0
0.180572,0.296454,0.319746,1300.66,24039.5,0,0
0.180164,0.296453,0.380262,1299.61,23976.7,0,0
0.177769,0.295699,0.406311,1234.34,20060.6,0,0
0.183039,0.295277,0.414687,1208.72,18522.9,0,0
0.216126,0.295192,0.413678,1036.7,8202.08,0,0
0.198158,0.296938,0.414415,1183.53,17011.8,0,0
0.171087,0.295624,0.414515,1161.76,15705.6,0,0
0.186693,0.295534,0.285081,1209.93,18595.7,0,0
0.20846,0.295058,0.285102,1109.38,12562.8,0,0
0.216719,0.296925,0.286996,1033.21,7992.61,0,0
0.207861,0.295449,0.28656,1122.08,13324.9,0,0
0.177569,0.296287,0.300261,1254.38,21262.7,0,0
0.178292,0.296441,0.338855,1307.99,24479.6,0,0
0.178274,0.296441,0.361242,1307.95,24477.1,0,0
0.17816,0.296285,0.39974,1256.93,21416,0,0
0.212868,0.29541,0.413035,1075.36,10521.7,0,0
0.217823,0.296975,0.414824,1011.66,6699.39,0,0
0.208232,0.295103,0.413,1110.5,12629.8,0,0
0.187546,0.295489,0.414989,1209.35,18560.9,0,0
0.211082,0.29575,0.286732,1092.96,11577.7,0,0
0.211255,0.295191,0.285952,1087.46,11247.7,0,0
0.197805,0.295101,0.285411,1184.46,17067.7,0,0
0.17935,0.296036,0.286558,1207.17,18430.3,0,0
0.172826,0.29506,0.303348,1237.57,20254.5,0,0
0.176352,0.296654,0.347822,1301.07,24064.3,0,0
0.168713,0.296694,0.352796,1246.32,20779.1,0,0
0.172708,0.295104,0.396678,1237.15,20228.7,0,0
0.178307,0.296036,0.413469,1203.81,18228.4,0,0
0.196982,0.295275,0.414949,1186.17,17170.1,0,0
0.213848,0.295057,0.413858,1061.12,9667.11,0,0
0.211306,0.295836,0.413233,1090.5,11430.1,0,0
0.187653,0.296759,0.286032,1215.01,18900.7,0,0
0.17282,0.296373,0.285871,1174.19,16451.4,0,0
0.193156,0.296402,0.28564,1203.7,18221.8,0,0
0.175294,0.295875,0.28579,1186.89,17213.2,0,0
0.177437,0.295452,0.304627,1264.53,21871.5,0,0
0.1774,0.296623,0.346574,1306.12,24367.4,0,0
0.178598,0.295771,0.353529,1311.42,24685,0,0
0.177489,0.295537,0.395381,1265,21900.1,0,0
0.175255,0.295877,0.414333,1186.32,17179.1,0,0
0.178715,0.296563,0.413094,1207.16,18429.5,0,0
0.172808,0.296491,0.414061,1174.83,16489.6,0,0
0.171534,0.296842,0.413767,1168.62,16117,0,0
0.205197,0.296968,0.286672,1144.48,14669,0,0
0.187706,0.296443,0.286299,1216.54,18992.6,0,0
0.192057,0.296279,0.286405,1210.8,18648,0,0
0.185099,0.296321,0.286522,1217.65,19059.2,0,0
0.183165,0.295754,0.30634,1284.48,23068.9,0,0
0.175811,0.295512,0.331608,1292.17,23529.9,0,0
0.175371,0.295566,0.367938,1290.2,23411.9,0,0
0.182783,0.295754,0.393681,1284,23039.8,0,0
0.184808,0.29636,0.413541,1217.22,19033.3,0,0
0.198322,0.296197,0.414754,1181.02,16861.3,0,0
0.198724,0.296198,0.414379,1181.03,16861.9,0,0
0.210765,0.297,0.41498,1087.13,11227.9,0,0
0.176911,0.295408,0.286349,1197.13,17827.9,0,0
0.194956,0.296871,0.285037,1194.34,17660.2,0,0
0.192287,0.296835,0.286665,1211.49,18689.3,0,0
0.180539,0.296444,0.286783,1211.73,18703.6,0,0
0.176809,0.296014,0.308182,1269.18,22150.8,0,0
0.171585,0.296662,0.348944,1270.41,22224.4,0,0
0.169653,0.296666,0.351063,1254.71,21282.4,0,0
0.176731,0.296014,0.391827,1269.07,22144.2,0,0
0.179828,0.296443,0.413259,1209.77,18586.2,0,0
0.210411,0.2967,0.41303,1100.11,12006.8,0,0
0.200301,0.296838,0.413929,1174.58,16474.8,0,0
0.181496,0.295321,0.413898,1210.4,18624.1,0,0
0.214949,0.29515,0.286178,1049.78,8986.53,0,0
0.189828,0.295059,0.286773,1216.86,19011.8,0,0
0.173052,0.296611,0.286868,1180.87,16851.9,0,0
0.17741,0.296837,0.28653,1200.06,18003.4,0,0
0.18503,0.295887,0.308821,1291.38,23482.9,0,0
0.170496,0.296625,0.341728,1260.72,21642.9,0,0
0.172421,0.29662,0.358257,1275.59,22535.2,0,0
0.185071,0.29593,0.391198,1291.48,23488.8,0,0
0.177211,0.296799,0.413661,1198.51,17910.5,0,0
0.173467,0.296609,0.413178,1183.31,16998.4,0,0
0.190992,0.295191,0.41321,1215.02,18901.2,0,0
0.20834,0.295321,0.414335,1113.06,12783.4,0,0
0.188569,0.296238,0.285243,1210.02,18601.5,0,0
0.167159,0.295374,0.285313,1131.87,13912.3,0,0
0.176007,0.296908,0.286832,1195.73,17743.9,0,0
0.167526,0.296848,0.285712,1136.91,14214.6,0,0
0.189776,0.296705,0.308108,1287.11,23226.7,0,0
0.18184,0.29658,0.344113,1321.12,25267.4,0,0
0.183034,0.29658,0.355859,1323.49,25409.4,0,0
0.18983,0.296626,0.391921,1287.01,23220.8,0,0
0.166944,0.296945,0.413981,1134.35,14060.9,0,0
0.188927,0.296757,0.413135,1218.59,19115.2,0,0
0.170196,0.295238,0.414896,1153.58,15215,0,0
0.166884,0.296341,0.414023,1133.8,14028.1,0,0
0.179217,0.296604,0.286817,1208.07,18484.4,0,0
0.18313,0.296323,0.285997,1212.7,18761.8,0,0
0.167355,0.296339,0.2854,1133.98,14038.6,0,0
0.184076,0.295236,0.286959,1219.04,19142.2,0,0
0.190655,0.295408,0.305493,1280.13,22808,0,0
0.180312,0.295136,0.323484,1303.96,24237.3,0,0
0.179953,0.295136,0.376491,1303.02,24181,0,0
0.190488,0.295451,0.394512,1280.5,22829.8,0,0
0.183841,0.295146,0.41313,1218.4,19104.2,0,0
0.167256,0.29638,0.414514,1134.11,14046.4,0,0
0.178687,0.296241,0.413899,1202.74,18164.5,0,0
0.165186,0.296739,0.414312,1117.88,13072.7,0,0
0.17326,0.296651,0.286977,1182.6,16956.1,0,0
0.173927,0.296492,0.286368,1183.08,16984.5,0,0
0.166366,0.296503,0.285257,1125.14,13508.4,0,0
0.169413,0.295283,0.285437,1149.6,14976,0,0
0.183295,0.296534,0.30194,1274.36,22461.7,0,0
0.186873,0.296719,0.326082,1315.13,24908,0,0
0.189361,0.296751,0.374064,1312.34,24740.2,0,0
0.18283,0.296572,0.398044,1273.85,22431.2,0,0
0.169642,0.295193,0.414476,1152.09,15125.6,0,0
0.168965,0.296415,0.414972,1144.57,14674.1,0,0
0.1651,0.296419,0.413265,1122.68,13360.6,0,0
0.169346,0.296694,0.414734,1148.59,14915.5,0,0
0.16564,0.296662,0.285383,1119.68,13180.6,0,0
0.187751,0.296075,0.286061,1215.25,18914.9,0,0
0.209757,0.295959,0.2851,1097.75,11865,0,0
0.185565,0.296641,0.285144,1210.05,18603.2,0,0
0.188029,0.296487,0.299191,1268.27,22096,0,0
0.189289,0.296202,0.313861,1297.92,23875,0,0
0.189145,0.296202,0.386161,1298.14,23888.5,0,0
0.188467,0.296485,0.400834,1267.85,22071.2,0,0
0.188827,0.296521,0.414618,1210.57,18633.9,0,0
0.211435,0.296087,0.414851,1081.44,10886.6,0,0
0.189271,0.296157,0.41385,1214.44,18866.7,0,0
0.173785,0.296449,0.413117,1185.41,17124.7,0,0
0.213149,0.295881,0.285583,1066.54,9992.47,0,0
0.206047,0.295747,0.286343,1136.31,14178.9,0,0
0.181395,0.295619,0.285559,1207,18420.1,0,0
0.207692,0.295103,0.285996,1120.68,13240.8,0,0
0.187486,0.295486,0.291311,1240.89,20453.2,0,0
0.188898,0.296482,0.311162,1294.07,23644.5,0,0
0.187986,0.296439,0.388821,1295.19,23711.5,0,0
0.187333,0.295486,0.408685,1241.04,20462.5,0,0
0.207305,0.295146,0.414043,1123.48,13408.8,0,0
0.181633,0.295746,0.414514,1207.3,18438,0,0
0.197307,0.295866,0.414954,1184.79,17087.2,0,0
0.214161,0.295883,0.414293,1055.89,9353.64,0,0
0.181839,0.296118,0.286394,1212.66,18759.7,0,0
0.165874,0.295756,0.286564,1128.03,13682.1,0,0
0.167742,0.295926,0.285799,1139.22,14353.4,0,0
0.166668,0.295416,0.285284,1127.75,13665.2,0,0
0.188801,0.296797,0.294438,1252.06,21123.5,0,0
0.181279,0.296523,0.318705,1301.21,24072.8,0,0
0.180949,0.296444,0.381325,1300.51,24030.4,0,0
0.188566,0.296758,0.405613,1252.18,21130.6,0,0
0.165081,0.295541,0.414553,1115.72,12943.3,0,0
0.166091,0.295885,0.414129,1126.71,13602.7,0,0
0.181797,0.295955,0.414352,1208.58,18514.8,0,0
0.186546,0.296075,0.413526,1217.93,19075.7,0,0
0.176058,0.296367,0.28677,1195.77,17746.4,0,0
0.199736,0.295234,0.286798,1181.81,16908.3,0,0
0.165327,0.295239,0.285948,1119.99,13199.6,0,0
0.198842,0.296908,0.286764,1186.46,17187.6,0,0
0.18486,0.296233,0.291906,1243.15,20589,0,0
0.189688,0.295198,0.310714,1291.97,23518.2,0,0
0.188513,0.295109,0.389282,1293.68,23620.8,0,0
0.184791,0.296192,0.408067,1243.34,20600.3,0,0
0.185945,0.297,0.414673,1211.18,18670.9,0,0
0.202839,0.296876,0.413002,1163.09,15785.6,0,0
0.187431,0.295618,0.414777,1210.66,18639.7,0,0
0.19993,0.296076,0.413706,1178.05,16683,0,0
0.179638,0.295872,0.286322,1206.76,18405.3,0,0
0.174359,0.295496,0.28567,1181.5,16889.8,0,0
0.171022,0.295369,0.285153,1159.02,15540.9,0,0
0.190619,0.296937,0.285198,1206.88,18413,0,0
0.184171,0.295744,0.28706,1219.79,19187.5,0,0
0.17606,0.296533,0.312393,1272.83,22370,0,0
0.176366,0.296608,0.38754,1274.65,22479.2,0,0
0.18426,0.295702,0.413059,1219.37,19162.3,0,0
0.190907,0.296937,0.414852,1206.05,18363.2,0,0
0.174094,0.295326,0.413006,1187.57,17254.1,0,0
0.173238,0.29571,0.41428,1176.1,16566,0,0
0.179731,0.295789,0.413738,1206.91,18414.5,0,0
0.191303,0.295787,0.286839,1214.81,18888.6,0,0
0.166907,0.295631,0.286027,1133.78,14027,0,0
0.173899,0.29537,0.28501,1175.27,16516.3,0,0
0.17841,0.296872,0.286961,1206.06,18363.7,0,0
0.183018,0.295656,0.297005,1259.78,21586.8,0,0
0.178172,0.296436,0.337413,1306.85,24411,0,0
0.177529,0.296392,0.362612,1304.12,24246.9,0,0
0.181199,0.2957,0.402917,1256.72,21403.1,0,0
0.19719,0.296681,0.413769,1191.73,17503.9,0,0
0.168368,0.295414,0.414451,1143.02,14581,0,0
0.185446,0.29562,0.41322,1219.32,19159.5,0,0
0.191924,0.295745,0.413193,1213.23,18793.7,0,0
0.168166,0.295967,0.286899,1148.31,14898.4,0,0
0.184485,0.295322,0.285218,1209.76,18585.8,0,0
0.166919,0.297,0.286444,1135.88,14152.9,0,0
0.17126,0.295281,0.286666,1168.84,16130.2,0,0
0.18224,0.296411,0.30049,1268.82,22128.9,0,0
0.181317,0.296618,0.344778,1319.99,25199.4,0,0
0.179291,0.296618,0.355298,1313.71,24822.5,0,0
0.183363,0.296408,0.399565,1270.64,22238.5,0,0
0.165525,0.295239,0.413005,1127.58,13654.9,0,0
0.167369,0.295151,0.413792,1138.78,14326.7,0,0
0.193105,0.295187,0.413882,1206.3,18378,0,0
0.169346,0.296046,0.413033,1157.85,15471.3,0,0
0.191606,0.296361,0.28503,1204.13,18247.6,0,0
0.188302,0.295576,0.286019,1214.61,18876.9,0,0
0.183737,0.295407,0.285634,1211.4,18684.3,0,0
0.174207,0.295959,0.286698,1186.39,17183.1,0,0
0.183914,0.295238,0.305089,1282.59,22955.5,0,0
0.175274,0.29662,0.343446,1294.46,23667.7,0,0
0.174282,0.296621,0.356497,1288.56,23313.8,0,0
0.183542,0.295194,0.394902,1282.29,22937.7,0,0
0.175024,0.295793,0.413345,1190.62,17437.1,0,0
0.166997,0.295283,0.413395,1137.93,14275.9,0,0
0.174963,0.295668,0.414074,1186.33,17179.9,0,0
0.192312,0.296197,0.414814,1203.35,18201.2,0,0
0.218429,0.29644,0.286446,1010.73,6643.93,0,0
0.174203,0.29637,0.286822,1187,17219.7,0,0
0.166963,0.296091,0.285359,1130.64,13838.4,0,0
0.182294,0.296282,0.286937,1216.46,18987.6,0,0
0.185244,0.295794,0.30519,1284.01,23040.5,0,0
0.185019,0.296623,0.348323,1326.24,25574.5,0,0
0.177383,0.296653,0.35141,1306.23,24373.9,0,0
0.186922,0.295835,0.394843,1284.14,23048.4,0,0
0.182525,0.29624,0.413145,1216.6,18996.2,0,0
0.191281,0.29591,0.414889,1205.29,18317.1,0,0
0.172123,0.296249,0.413049,1176.22,16573.4,0,0
0.216576,0.296349,0.413732,1031.38,7883.03,0,0
0.171831,0.295013,0.285783,1167.57,16054.2,0,0
0.19082,0.296402,0.286853,1215.81,18948.9,0,0
0.186665,0.296442,0.285103,1210.06,18603.8,0,0
0.177643,0.296873,0.286378,1200.11,18006.9,0,0
0.179301,0.296702,0.306267,1274.99,22499.4,0,0
0.179295,0.296062,0.339847,1312.35,24741.1,0,0
0.17092,0.296023,0.360685,1263.6,21816.2,0,0
0.178877,0.296662,0.393776,1273.69,22421.5,0,0
0.177984,0.296987,0.413775,1200.77,18046.3,0,0
0.190954,0.296279,0.4143,1209.28,18556.7,0,0
0.170119,0.29629,0.413002,1163.42,15805.4,0,0
0.184857,0.296904,0.414779,1210.12,18607.2,0,0
0.207592,0.296733,0.286317,1123.19,13391.3,0,0
0.175186,0.296726,0.285107,1182.37,16942.2,0,0
0.16581,0.296339,0.286694,1128.15,13689,0,0
0.170487,0.295371,0.286966,1165.32,15918.9,0,0
0.184305,0.295152,0.307796,1288.66,23319.5,0,0
0.180125,0.296622,0.348275,1317.02,25021.5,0,0
0.185057,0.296623,0.35217,1326.23,25573.9,0,0
0.184714,0.295239,0.39223,1289.09,23345.7,0,0
0.171004,0.295411,0.413069,1168.98,16138.9,0,0
0.165887,0.296542,0.413396,1128.78,13726.9,0,0
0.191142,0.29664,0.414758,1206.23,18374,0,0
0.199935,0.2968,0.414635,1172.92,16374.9,0,0
0.203653,0.296877,0.286237,1153.86,15231.5,0,0
0.173777,0.295195,0.285334,1176.42,16585.5,0,0
0.172052,0.296941,0.286568,1173.24,16394.1,0,0
0.183082,0.295703,0.286993,1218.05,19082.8,0,0
0.190052,0.295498,0.308402,1287.23,23233.6,0,0
0.174102,0.296623,0.344246,1287.53,23251.5,0,0
0.1744,0.296623,0.355567,1289.49,23369.3,0,0
0.189542,0.295456,0.391579,1288.18,23290.6,0,0
0.183711,0.295663,0.413089,1218.61,19116.9,0,0
0.167897,0.296881,0.4132,1146.01,14760.8,0,0
0.175844,0.295058,0.41489,1185.68,17140.8,0,0
0.202523,0.29694,0.413935,1160.54,15632.2,0,0
0.170486,0.295371,0.286737,1164.12,15847.3,0,0
0.169762,0.29688,0.285962,1154.92,15295.2,0,0
0.180788,0.29676,0.286122,1208.66,18519.6,0,0
0.181083,0.295788,0.286142,1209.6,18576.1,0,0
0.181358,0.295414,0.308527,1285.37,23122.1,0,0
0.184896,0.296619,0.345021,1325.73,25544.1,0,0
0.184672,0.296619,0.355037,1325.59,25535.4,0,0
0.181434,0.29537,0.391482,1285.69,23141.3,0,0
0.182534,0.295789,0.414073,1211.52,18691.3,0,0
0.17591,0.296907,0.413602,1193.25,17595.1,0,0
0.165218,0.296946,0.413625,1121.72,13302.9,0,0
0.189732,0.295234,0.413403,1216.14,18968.4,0,0
0.171499,0.295879,0.286952,1171.98,16318.6,0,0
0.187791,0.295278,0.285114,1209.72,18582.9,0,0
0.208445,0.296537,0.286819,1118.15,13089,0,0
0.194148,0.295531,0.286816,1206.99,18419.3,0,0
0.183359,0.295322,0.302119,1274.85,22491.3,0,0
0.175159,0.295327,0.333019,1289.38,23362.7,0,0
0.190863,0.296005,0.364441,1316.31,24978.5,0,0
0.183299,0.295278,0.397873,1274.93,22495.8,0,0
0.202977,0.29532,0.413172,1161.38,15683.1,0,0
0.206164,0.296451,0.413356,1136.5,14189.8,0,0
0.184937,0.295365,0.413057,1219.86,19191.4,0,0
0.171318,0.295836,0.413098,1170.94,16256.2,0,0
0.165729,0.295924,0.285321,1120.19,13211.5,0,0
0.188354,0.295148,0.286993,1219.71,19182.5,0,0
0.199306,0.296281,0.285642,1178.24,16694.1,0,0
0.194206,0.295867,0.286616,1205.79,18347.2,0,0
0.189301,0.295147,0.301107,1272.01,22320.7,0,0
0.179535,0.29505,0.326433,1304.29,24257.6,0,0
0.178968,0.295098,0.373517,1302.48,24149,0,0
0.186125,0.295147,0.398913,1274.19,22451.3,0,0
0.207396,0.295791,0.413447,1125.78,13546.8,0,0
0.210799,0.296293,0.413234,1095.49,11729.6,0,0
0.187016,0.295236,0.413226,1219.35,19161.1,0,0
0.179377,0.295995,0.413429,1207.55,18453.2,0,0
0.170608,0.295962,0.285103,1156.09,15365.6,0,0
0.215811,0.296893,0.286494,1041.51,8490.77,0,0
0.168839,0.296419,0.286359,1150.53,15031.7,0,0
0.175941,0.295874,0.285209,1186.6,17196,0,0
0.1894,0.295101,0.295285,1254.26,21255.6,0,0
0.187152,0.295811,0.312614,1298.15,23888.8,0,0
0.186358,0.295856,0.3874,1298.45,23906.8,0,0
0.189293,0.297,0.404777,1254.16,21249.8,0,0
0.174521,0.295918,0.414555,1181.44,16886.2,0,0
0.205677,0.296164,0.413709,1138.72,14323,0,0
0.218483,0.296796,0.413685,1008.91,6534.38,0,0
0.165216,0.295965,0.414618,1116.59,12995.6,0,0
0.176799,0.295705,0.286535,1197.73,17864,0,0
0.210878,0.295013,0.285673,1089.73,11384.1,0,0
0.205099,0.296245,0.285317,1138.52,14311.2,0,0
0.177471,0.295492,0.285118,1192.44,17546.4,0,0
0.186264,0.295989,0.288898,1230.26,19815.8,0,0
0.184151,0.296951,0.312595,1297.15,23829.2,0,0
0.184853,0.296924,0.387385,1297.88,23872.9,0,0
0.186133,0.295989,0.411055,1230.57,19833.9,0,0
0.175494,0.295411,0.414662,1185.51,17130.3,0,0
0.203708,0.296202,0.414904,1147.36,14841.4,0,0
0.211669,0.297,0.414194,1082.13,10928,0,0
0.172301,0.295665,0.413298,1175.98,16558.9,0,0
0.203343,0.295576,0.286612,1158.08,15484.6,0,0
0.214108,0.296921,0.285952,1057.91,9474.32,0,0
0.190691,0.296238,0.285425,1208.23,18493.9,0,0
0.20191,0.296528,0.285399,1161.43,15685.6,0,0
0.182609,0.295318,0.290365,1233.71,20022.8,0,0
0.187392,0.296381,0.315413,1302.3,24137.9,0,0
0.188191,0.296379,0.384594,1301.67,24100.4,0,0
0.182743,0.295318,0.409694,1233.83,20030,0,0
0.198876,0.296722,0.413115,1186.78,17207,0,0
0.187706,0.296157,0.413019,1220.31,19218.4,0,0
0.214731,0.29699,0.413955,1051.06,9063.71,0,0
0.206268,0.295662,0.414981,1127.39,13643.1,0,0
0.18225,0.29562,0.28616,1212.13,18727.8,0,0
0.195631,0.296759,0.285581,1194.91,17694.7,0,0
0.203055,0.29519,0.285078,1151.97,15118.2,0,0
0.193494,0.296113,0.285159,1200.02,18001.1,0,0
0.183014,0.296835,0.286381,1214.52,18871.5,0,0
0.189422,0.295931,0.309798,1290.97,23458,0,0
0.18973,0.29589,0.390109,1290.65,23438.9,0,0
0.183369,0.296758,0.413918,1213.55,18813,0,0
0.18315,0.296117,0.413647,1214.87,18892.3,0,0
0.17307,0.295751,0.414844,1171.96,16317.4,0,0
0.19526,0.297,0.414484,1195.75,17744.9,0,0
0.180111,0.295621,0.413844,1207.38,18442.8,0,0
0.191934,0.295364,0.286863,1213.45,18807,0,0
0.179682,0.296906,0.286477,1207.56,18453.3,0,0
0.181383,0.295661,0.286718,1213.42,18805.5,0,0
0.167147,0.296299,0.286266,1137,14220,0,0
0.183435,0.296158,0.286202,1214.29,18857.2,0,0
0.186057,0.295332,0.311671,1296.71,23802.6,0,0
0.186945,0.295375,0.388412,1296.51,23790.8,0,0
0.183164,0.296035,0.41399,1212.99,18779.3,0,0
0.187628,0.296157,0.414714,1210.97,18658.2,0,0
0.189268,0.295661,0.413018,1218.9,19134.3,0,0
0.189996,0.296679,0.413141,1217.18,19030.8,0,0
0.192429,0.295362,0.413176,1211.99,18719.2,0,0
0.201931,0.295189,0.28642,1166.57,15993.9,0,0
0.215822,0.29686,0.285629,1037.49,8249.15,0,0
0.168486,0.295458,0.285637,1143.97,14638,0,0
0.209323,0.296042,0.28546,1103.61,12216.5,0,0
0.188627,0.29644,0.293242,1247.88,20872.7,0,0
0.179315,0.296437,0.322235,1299.56,23973.5,0,0
0.179468,0.296395,0.3777,1300.32,24019.5,0,0
0.188494,0.296438,0.406786,1247.95,20876.7,0,0
0.210751,0.296003,0.414563,1089.6,11376,0,0
0.166927,0.295418,0.414201,1133.13,13988,0,0
0.20816,0.296881,0.415,1111.17,12670.1,0,0
0.187867,0.295447,0.413545,1217.33,19039.7,0,0
0.184143,0.295661,0.286406,1216.23,18973.7,0,0
0.215078,0.296711,0.286202,1048.5,8910.1,0,0
0.200999,0.295364,0.286917,1175.02,16501,0,0
0.216562,0.296307,0.285082,1026.62,7596.94,0,0
0.188219,0.296987,0.297205,1261.94,21716.3,0,0
0.177953,0.296698,0.327329,1299.16,23949.9,0,0
0.178092,0.296665,0.372579,1299.99,23999.2,0,0
0.187172,0.296987,0.40281,1262.62,21757.3,0,0
0.206432,0.296492,0.41394,1131.4,13884.2,0,0
0.212241,0.295278,0.41367,1078.94,10736.1,0,0
0.215489,0.296673,0.413824,1043.31,8598.67,0,0
0.197622,0.295318,0.414095,1187.96,17277.3,0,0
0.215829,0.295368,0.285585,1037.26,8235.87,0,0
0.167013,0.295197,0.285673,1132.62,13957,0,0
0.184236,0.296035,0.285627,1211.99,18719.6,0,0
0.175563,0.295149,0.286392,1191.33,17479.7,0,0
0.185244,0.295913,0.301026,1273.87,22432,0,0
0.17387,0.296579,0.340847,1285.16,23109.9,0,0
0.175114,0.296577,0.358805,1293,23580,0,0
0.18493,0.295913,0.398987,1273.77,22426.5,0,0
0.214637,0.296891,0.414709,1048.57,8914.11,0,0
0.180882,0.296199,0.414523,1205.56,18333.4,0,0
0.18698,0.297,0.413218,1219.29,19157.4,0,0
0.210764,0.295407,0.414676,1088.83,11330,0,0
0.213926,0.295624,0.285869,1059.63,9577.62,0,0
0.192618,0.295233,0.285735,1205.6,18335.8,0,0
0.186422,0.296563,0.286103,1215.74,18944.3,0,0
0.212994,0.295191,0.285467,1067.46,10047.4,0,0
0.184599,0.296535,0.302974,1278.38,22702.8,0,0
0.17908,0.29662,0.345779,1313.09,24785.5,0,0
0.180304,0.29662,0.35361,1317.42,25045,0,0
0.184721,0.296494,0.397052,1278.54,22712.4,0,0
0.200966,0.295275,0.413607,1172.31,16338.9,0,0
0.189565,0.29664,0.4137,1214.81,18888.3,0,0
0.172839,0.295366,0.414235,1174,16440.2,0,0
0.213456,0.295582,0.414062,1064.5,9869.94,0,0
0.175825,0.296286,0.285192,1185.96,17157.5,0,0
0.197696,0.295103,0.286776,1192.28,17536.6,0,0
0.211678,0.296663,0.285117,1079.21,10752.5,0,0
0.179035,0.296525,0.285549,1200.49,18029.5,0,0
0.177165,0.295748,0.303173,1260.11,21606.6,0,0
0.178369,0.296622,0.346407,1310.37,24622.4,0,0
0.178286,0.296621,0.354068,1309.98,24598.8,0,0
0.176931,0.295706,0.396835,1259.34,21560.5,0,0
0.17879,0.296523,0.4146,1199.07,17944.1,0,0
0.21292,0.296585,0.414723,1066.93,10015.5,0,0
0.187772,0.295275,0.414281,1213.25,18795,0,0
0.174202,0.296246,0.414819,1178.27,16696.2,0,0
0.167372,0.296583,0.286097,1137.85,14270.8,0,0
0.189997,0.29587,0.286231,1213.89,18833.4,0,0
0.17364,0.296876,0.286957,1184.55,17072.8,0,0
0.182311,0.296525,0.286232,1212.62,18757.3,0,0
0.184914,0.296423,0.305915,1285.38,23123,0,0
0.178044,0.296617,0.343706,1308.49,24509.4,0,0
0.180841,0.296578,0.356644,1318.43,25105.8,0,0
0.184346,0.296462,0.394083,1285.07,23104.2,0,0
0.181211,0.296523,0.413755,1210.61,18636.5,0,0
0.166878,0.296813,0.414618,1130.4,13824.1,0,0
0.192966,0.295785,0.413498,1208.91,18534.5,0,0
0.167311,0.296621,0.414023,1137.16,14229.8,0,0
0.172534,0.296729,0.285931,1172.76,16365.3,0,0
0.189063,0.295829,0.286536,1216.77,19006.1,0,0
0.168367,0.295328,0.285868,1144.3,14657.8,0,0
0.179358,0.295149,0.285737,1202.47,18148.3,0,0
0.184515,0.295152,0.306541,1286.28,23176.6,0,0
0.183161,0.296534,0.341692,1323,25379.9,0,0
0.182894,0.296534,0.358315,1322.6,25355.8,0,0
0.184775,0.295238,0.393525,1286.49,23189.4,0,0
0.179069,0.295104,0.414377,1201.13,18067.8,0,0
0.191282,0.295147,0.41454,1207.11,18426.9,0,0
0.178527,0.295872,0.41377,1202.92,18175,0,0
0.197697,0.296602,0.41317,1192.5,17550.2,0,0
0.174353,0.296909,0.286271,1184.68,17080.6,0,0
0.211234,0.295837,0.28558,1086,11159.7,0,0
0.217854,0.297,0.285299,1012.35,6741.12,0,0
0.177195,0.295872,0.286675,1200.13,18007.6,0,0
0.181985,0.295326,0.30713,1283.95,23037,0,0
0.19324,0.296664,0.346582,1312.09,24725.4,0,0
0.192818,0.296662,0.353405,1313.7,24822.1,0,0
0.182311,0.295282,0.392876,1284.72,23083.4,0,0
0.177903,0.29583,0.413461,1202.38,18143.1,0,0
0.213023,0.29506,0.413231,1072.75,10364.9,0,0
0.212572,0.296091,0.414119,1073.52,10411.3,0,0
0.17914,0.296937,0.414126,1202.77,18166.2,0,0
0.180437,0.29528,0.285614,1204.91,18294.5,0,0
0.193532,0.295783,0.286426,1206.91,18414.7,0,0
0.166139,0.296885,0.286642,1130.53,13831.6,0,0
0.175075,0.296531,0.285599,1184.7,17081.9,0,0
0.179271,0.296489,0.299122,1257.33,21439.7,0,0
0.175097,0.296176,0.333861,1289.65,23378.8,0,0
0.176609,0.296076,0.366312,1297.81,23868.6,0,0
0.179535,0.296406,0.400893,1258.37,21502.2,0,0
0.173629,0.296369,0.414223,1178.57,16714.1,0,0
0.180621,0.296563,0.414137,1207.05,18422.7,0,0
0.17441,0.296001,0.414025,1183.84,17030.6,0,0
0.175225,0.295324,0.414075,1187.52,17251.2,0,0
0.190105,0.296987,0.286103,1212.82,18769.1,0,0
0.200923,0.295829,0.285859,1170.12,16206.9,0,0
0.198429,0.296115,0.285555,1182.36,16941.7,0,0
0.20304,0.296201,0.285522,1154.6,15275.8,0,0
0.178338,0.296033,0.297224,1248.43,20905.6,0,0
0.175836,0.296678,0.318604,1280.23,22814,0,0
0.17649,0.296676,0.381337,1283.79,23027.6,0,0
0.179576,0.29595,0.402812,1252.7,21162.3,0,0
0.203537,0.296161,0.414402,1151.26,15075.6,0,0
0.186481,0.296442,0.41397,1215.44,18926.4,0,0
0.199494,0.295701,0.414558,1175.92,16555.5,0,0
0.189552,0.296904,0.413941,1213.41,18804.6,0,0
0.169131,0.295015,0.286078,1150.98,15058.6,0,0
0.170851,0.296168,0.286358,1164.64,15878.4,0,0
0.165299,0.29674,0.286565,1122.99,13379.2,0,0
0.204951,0.295956,0.285628,1141.29,14477.6,0,0
0.1731,0.295699,0.29136,1202.28,18136.9,0,0
0.186723,0.295989,0.314098,1300.67,24040.4,0,0
0.1861,0.29599,0.385842,1300.93,24056.1,0,0
0.172303,0.295743,0.408749,1197.45,17847.2,0,0
0.204912,0.296081,0.414376,1141.27,14476.1,0,0
0.167617,0.296812,0.413493,1142.33,14539.8,0,0
0.167384,0.296133,0.413419,1141.02,14460.9,0,0
0.17381,0.295059,0.413992,1180.66,16839.9,0,0
0.200885,0.296323,0.285214,1166.85,16011.2,0,0
0.174862,0.296123,0.286023,1186.07,17164.5,0,0
0.168327,0.296619,0.286364,1146.67,14800.2,0,0
0.175352,0.29637,0.286045,1188.56,17313.8,0,0
0.171213,0.29562,0.288378,1177.26,16635.7,0,0
0.189116,0.295892,0.311135,1293.78,23626.6,0,0
0.184261,0.295937,0.388748,1295.34,23720.3,0,0
0.171859,0.29562,0.411622,1181.77,16905.9,0,0
0.16896,0.296006,0.413635,1151.91,15114.5,0,0
0.169528,0.296456,0.413795,1155.11,15306.5,0,0
0.187923,0.296198,0.414045,1214.6,18876,0,0
0.195669,0.296439,0.413522,1199.6,17975.9,0,0
0.185506,0.296937,0.285392,1211.37,18682,0,0
0.174569,0.295666,0.286026,1184.59,17075.3,0,0
0.184364,0.296075,0.285227,1209.81,18588.8,0,0
0.210583,0.295709,0.286951,1098.85,11930.8,0,0
0.184463,0.295104,0.286008,1214.17,18850.3,0,0
0.18947,0.295588,0.310352,1291.83,23509.8,0,0
0.183003,0.295634,0.389454,1292.51,23550.6,0,0
0.18392,0.295056,0.414081,1213.24,18794.3,0,0
0.21514,0.295669,0.414875,1042.37,8542.02,0,0
0.166882,0.296218,0.413803,1134.97,14098.1,0,0
0.168684,0.295798,0.413557,1150.27,15016.4,0,0
0.173385,0.296967,0.414163,1177.39,16643.6,0,0
0.205756,0.296533,0.285429,1133.94,14036.2,0,0
0.217116,0.295325,0.285308,1021.19,7271.61,0,0
0.218191,0.295369,0.286722,1014.73,6883.63,0,0
0.201444,0.295013,0.286772,1171.39,16283.3,0,0
0.168628,0.296943,0.286684,1150.52,15031.1,0,0
0.184637,0.29546,0.310101,1293.42,23605.4,0,0
0.18928,0.295371,0.390207,1291.11,23466.5,0,0
0.16923,0.296968,0.413098,1156.5,15389.9,0,0
0.199585,0.295011,0.413504,1180.82,16849.5,0,0
0.218466,0.295372,0.413207,1011.18,6670.68,0,0
0.205987,0.295012,0.413916,1134.99,14099.2,0,0
0.205018,0.296571,0.414738,1138.49,14309.4,0,0
0.19948,0.296606,0.286511,1181.82,16909.1,0,0
0.198955,0.295658,0.286989,1187.14,17228.7,0,0
0.172659,0.295583,0.285476,1171.03,16261.6,0,0
0.20501,0.296769,0.28593,1142.27,14536.4,0,0
0.166912,0.29634,0.2856,1131.52,13891.5,0,0
0.184659,0.296594,0.309815,1292.91,23574.9,0,0
0.184953,0.296592,0.390265,1293.08,23584.7,0,0
0.166905,0.296381,0.41429,1132.52,13951.3,0,0
0.207042,0.296771,0.413845,1126.73,13603.6,0,0
0.201691,0.295146,0.413015,1170.69,16241.4,0,0
0.192469,0.295659,0.413777,1208.73,18523.7,0,0
0.195849,0.29668,0.414041,1196.04,17762.3,0,0
0.19789,0.296484,0.286337,1189.19,17351.2,0,0
0.174448,0.29541,0.285979,1183.66,17019.6,0,0
0.20397,0.295362,0.285409,1147.35,14840.8,0,0
0.200539,0.295012,0.285195,1168.61,16116.8,0,0
0.186243,0.296362,0.285649,1213.21,18792.6,0,0
0.185712,0.296596,0.310407,1294.5,23669.9,0,0
0.185941,0.296555,0.389703,1294.45,23666.7,0,0
0.186223,0.296319,0.414536,1212.24,18734.5,0,0
0.200514,0.296988,0.414803,1168.57,16114.4,0,0
0.205277,0.29549,0.414353,1138.52,14311.3,0,0
0.167201,0.295373,0.413639,1138.32,14299,0,0
0.200892,0.296565,0.413157,1175.1,16506.2,0,0
0.173139,0.295151,0.285628,1174.53,16471.9,0,0
0.173331,0.295583,0.286222,1179.02,16741.5,0,0
0.177683,0.295913,0.28541,1195,17700.1,0,0
0.189004,0.295056,0.286596,1216.95,19017.2,0,0
0.186963,0.29687,0.288231,1226.79,19607.4,0,0
0.175027,0.295597,0.312586,1267.79,22067.6,0,0
0.188286,0.295421,0.386656,1298.4,23904,0,0
0.186821,0.296904,0.411799,1226.73,19603.7,0,0
0.178628,0.295364,0.413612,1204.04,18242.5,0,0
0.196466,0.295741,0.413575,1196.05,17763.2,0,0
0.166894,0.295545,0.41329,1137.71,14262.6,0,0
0.196547,0.296719,0.413607,1195.44,17726.2,0,0
0.197831,0.296682,0.286882,1192.25,17534.9,0,0
0.167785,0.295799,0.286657,1144.11,14646.4,0,0
0.166719,0.295968,0.286526,1134.91,14094.5,0,0
0.17493,0.295706,0.286743,1190.31,17418.5,0,0
0.18433,0.295057,0.294083,1251.06,21063.6,0,0
0.175531,0.295648,0.314832,1273.8,22427.8,0,0
0.175364,0.295649,0.38524,1273.06,22383.8,0,0
0.182131,0.2951,0.405812,1248.53,20911.7,0,0
0.174208,0.295582,0.413335,1186.51,17190.5,0,0
0.171358,0.296043,0.413876,1167.06,16023.3,0,0
0.169958,0.295711,0.413464,1159.91,15594.8,0,0
0.193168,0.296905,0.41367,1207.24,18434.4,0,0
0.168303,0.295152,0.286614,1147.73,14863.5,0,0
0.171336,0.296126,0.286506,1168.59,16115.3,0,0
0.166781,0.296503,0.28667,1136.11,14166.5,0,0
0.1994,0.296074,0.285309,1175.92,16554.9,0,0
0.187761,0.295908,0.297684,1264,21840,0,0
0.179868,0.296993,0.321755,1300.69,24041.7,0,0
0.179569,0.296962,0.378278,1299.84,23990.5,0,0
0.187923,0.295867,0.402364,1263.8,21828,0,0
0.201521,0.296201,0.414348,1165.07,15904.5,0,0
0.166942,0.296542,0.413134,1138.89,14333.1,0,0
0.185306,0.296157,0.414077,1214.58,18874.8,0,0
0.16633,0.295105,0.413377,1132.49,13949.3,0,0
0.166601,0.295286,0.286728,1134.87,14092.1,0,0
0.208416,0.296,0.285131,1110.12,12607,0,0
0.209178,0.296538,0.285061,1102.84,12170.3,0,0
0.167001,0.296661,0.286822,1138.64,14318.4,0,0
0.182522,0.295236,0.302912,1275.5,22529.9,0,0
0.183956,0.296623,0.349324,1325.4,25523.8,0,0
0.18602,0.296624,0.350949,1326.55,25593.2,0,0
0.182879,0.295279,0.397092,1276.26,22575.5,0,0
0.187198,0.29668,0.413712,1216.69,19001.7,0,0
0.20734,0.296533,0.413084,1127.95,13677.1,0,0
0.204755,0.295914,0.413279,1148.01,14880.9,0,0
0.174636,0.295237,0.413725,1186.52,17190.9,0,0
0.181675,0.295365,0.286035,1210.24,18614.4,0,0
0.170108,0.296656,0.286952,1162.65,15759.3,0,0
0.179072,0.295235,0.286417,1205.39,18323.6,0,0
0.214749,0.295152,0.286804,1054.78,9286.9,0,0
0.184591,0.295366,0.30392,1280.6,22836.2,0,0
0.170341,0.296664,0.347718,1260.44,21626.3,0,0
0.172927,0.296659,0.352158,1280.19,22811.1,0,0
0.184621,0.295366,0.396036,1280.85,22851.1,0,0
0.217566,0.296926,0.413277,1021.61,7296.53,0,0
0.168742,0.295414,0.413059,1153.23,15193.7,0,0
0.167355,0.296775,0.413002,1142.78,14566.9,0,0
0.167151,0.295373,0.413165,1140.38,14423.1,0,0
0.212198,0.295012,0.285128,1073.91,10434.6,0,0
0.165404,0.295105,0.285419,1117.76,13065.6,0,0
0.19505,0.295191,0.285783,1198.2,17892.1,0,0
0.210135,0.296293,0.285533,1096.38,11782.8,0,0
0.179835,0.295624,0.305801,1275.78,22546.7,0,0
0.179786,0.296623,0.349959,1315.97,24958.1,0,0
0.183918,0.296623,0.350414,1325.36,25521.7,0,0
0.180789,0.29571,0.394248,1278.58,22714.6,0,0
0.216717,0.296225,0.414474,1026.41,7584.75,0,0
0.192053,0.295189,0.414386,1206.28,18377,0,0
0.167566,0.296989,0.414769,1134.98,14098.7,0,0
0.204471,0.296988,0.41345,1149.12,14947.4,0,0
0.189315,0.295448,0.286623,1216.88,19012.6,0,0
0.1671,0.295287,0.285694,1133.46,14007.9,0,0
0.166964,0.295843,0.285946,1133.84,14030.3,0,0
0.180828,0.296199,0.286046,1208.46,18507.3,0,0
0.186837,0.296092,0.307107,1288.24,23294.3,0,0
0.19662,0.296701,0.348941,1295.94,23756.1,0,0
0.196656,0.296701,0.350729,1295.73,23744,0,0
0.187181,0.296092,0.392979,1288.01,23280.4,0,0
0.180749,0.296077,0.413986,1208.28,18497.1,0,0
0.166889,0.295761,0.414064,1133.63,14017.6,0,0
0.167119,0.295243,0.414241,1134.42,14065.1,0,0
0.174789,0.29541,0.413508,1188.51,17310.9,0,0
0.14,0.41,0.26,0,0,1,1
0.14,0.41,0.263,0,0,1,1
0.14,0.41,0.266,0,0,1,1
0.14,0.41,0.269,0,0,1,1
0.14,0.41,0.272,0,0,1,1
0.14,0.41,0.275,0,0,1,1
0.14,0.41,0.278,0,0,1,1
0.14,0.41,0.281,0,0,1,1
0.14,0.41,0.284,0,0,1,1
0.14,0.41,0.287,0,0,1,1
0.14,0.41,0.29,0,0,1,1
0.14,0.41,0.293,0,0,1,1
0.14,0.41,0.296,0,0,1,1
0.14,0.41,0.299,0,0,1,1
0.14,0.41,0.302,0,0,1,1
0.14,0.41,0.305,0,0,1,1
0.14,0.41,0.308,0,0,1,1
0.14,0.41,0.311,0,0,1,1
0.14,0.41,0.314,0,0,1,1
0.14,0.41,0.317,0,0,1,1
0.14,0.41,0.32,0,0,1,1
0.14,0.41,0.323,0,0,1,1
0.14,0.41,0.326,0,0,1,1
0.14,0.41,0.329,0,0,1,1
0.14,0.41,0.332,0,0,1,1
0.14,0.41,0.335,0,0,1,1
0.14,0.41,0.338,0,0,1,1
0.14,0.41,0.341,0,0,1,1
0.14,0.41,0.344,0,0,1,1
0.14,0.41,0.347,0,0,1,1
0.14,0.41,0.35,0,0,1,1
0.14,0.41,0.353,0,0,1,1
0.14,0.41,0.356,0,0,1,1
0.14,0.41,0.359,0,0,1,1
0.14,0.41,0.362,0,0,1,1
0.14,0.41,0.365,0,0,1,1
0.14,0.41,0.368,0,0,1,1
0.14,0.41,0.371,0,0,1,1
0.14,0.41,0.374,0,0,1,1
0.14,0.41,0.377,0,0,1,1
0.14,0.41,0.38,0,0,1,1
0.14,0.41,0.383,0,0,1,1
0.14,0.41,0.386,0,0,1,1
0.14,0.41,0.389,0,0,1,1
0.14,0.41,0.392,0,0,1,1
0.14,0.41,0.395,0,0,1,1
0.14,0.41,0.398,0,0,1,1
0.14,0.41,0.401,0,0,1,1
0.14,0.41,0.404,0,0,1,1
0.14,0.41,0.407,0,0,1,1
0.14,0.41,0.41,0,0,1,1
0.14,0.41,0.413,0,0,1,1
0.14,0.41,0.416,0,0,1,1
0.14,0.41,0.419,0,0,1,1
0.14,0.41,0.422,0,0,1,1
0.14,0.41,0.425,0,0,1,1
0.14,0.41,0.427999,0,0,1,1
0.14,0.41,0.430999,0,0,1,1
0.14,0.41,0.433999,0,0,1,1
0.14,0.41,0.436999,0,0,1,1
0.14,0.41,0.439999,0,0,1,1
0.14,0.407,0.26,0,0,1,1
0.14,0.407,0.263,0,0,1,1
0.14,0.407,0.266,0,0,1,1
0.14,0.407,0.269,0,0,1,1
0.14,0.407,0.272,0,0,1,1
0.14,0.407,0.275,0,0,1,1
0.14,0.407,0.278,0,0,1,1
0.14,0.407,0.281,0,0,1,1
0.14,0.407,0.284,0,0,1,1
0.14,0.407,0.287,0,0,1,1
0.14,0.407,0.29,0,0,1,1
0.14,0.407,0.293,0,0,1,1
0.14,0.407,0.296,0,0,1,1
0.14,0.407,0.299,0,0,1,1
0.14,0.407,0.302,0,0,1,1
0.14,0.407,0.305,0,0,1,1
0.14,0.407,0.308,0,0,1,1
0.14,0.407,0.311,0,0,1,1
0.14,0.407,0.314,0,0,1,1
0.14,0.407,0.317,0,0,1,1
0.14,0.407,0.32,0,0,1,1
0.14,0.407,0.323,0,0,1,1
0.14,0.407,0.326,0,0,1,1
0.14,0.407,0.329,0,0,1,1
0.14,0.407,0.332,0,0,1,1
0.14,0.407,0.335,0,0,1,1
0.14,0.407,0.338,0,0,1,1
0.14,0.407,0.341,0,0,1,1
0.14,0.407,0.344,0,0,1,1
0.14,0.407,0.347,0,0,1,1
0.14,0.407,0.35,0,0,1,1
0.14,0.407,0.353,0,0,1,1
0.14,0.407,0.356,0,0,1,1
0.14,0.407,0.359,0,0,1,1
0.14,0.407,0.362,0,0,1,1
0.14,0.407,0.365,0,0,1,1
0.14,0.407,0.368,0,0,1,1
0.14,0.407,0.371,0,0,1,1
0.14,0.407,0.374,0,0,1,1
0.14,0.407,0.377,0,0,1,1
0.14,0.407,0.38,0,0,1,1
0.14,0.407,0.383,0,0,1,1
0.14,0.407,0.386,0,0,1,1
0.14,0.407,0.389,0,0,1,1
0.14,0.407,0.392,0,0,1,1
0.14,0.407,0.395,0,0,1,1
0.14,0.407,0.398,0,0,1,1
0.14,0.407,0.401,0,0,1,1
0.14,0.407,0.404,0,0,1,1
0.14,0.407,0.407,0,0,1,1
0.14,0.407,0.41,0,0,1,1
0.14,0.407,0.413,0,0,1,1
0.14,0.407,0.416,0,0,1,1
0.14,0.407,0.419,0,0,1,1
0.14,0.407,0.422,0,0,1,1
0.14,0.407,0.425,0,0,1,1
0.14,0.407,0.427999,0,0,1,1
0.14,0.407,0.430999,0,0,1,1
0.14,0.407,0.433999,0,0,1,1
0.14,0.407,0.436999,0,0,1,1
0.14,0.407,0.439999,0,0,1,1
0.14,0.404,0.26,0,0,1,1
0.14,0.404,0.263,0,0,1,1
0.14,0.404,0.266,0,0,1,1
0.14,0.404,0.269,0,0,1,1
0.14,0.404,0.272,0,0,1,1
0.14,0.404,0.275,0,0,1,1
0.14,0.404,0.278,0,0,1,1
0.14,0.404,0.281,0,0,1,1
0.14,0.404,0.284,0,0,1,1
0.14,0.404,0.287,0,0,1,1
0.14,0.404,0.29,0,0,1,1
0.14,0.404,0.293,0,0,1,1
0.14,0.404,0.296,0,0,1,1
0.14,0.404,0.299,0,0,1,1
0.14,0.404,0.302,0,0,1,1
0.14,0.404,0.305,0,0,1,1
0.14,0.404,0.308,0,0,1,1
0.14,0.404,0.311,0,0,1,1
0.14,0.404,0.314,0,0,1,1
0.14,0.404,0.317,0,0,1,1
0.14,0.404,0.32,0,0,1,1
0.14,0.404,0.323,0,0,1,1
0.14,0.404,0.326,0,0,1,1
0.14,0.404,0.329,0,0,1,1
0.14,0.404,0.332,0,0,1,1
0.14,0.404,0.335,0,0,1,1
0.14,0.404,0.338,0,0,1,1
0.14,0.404,0.341,0,0,1,1
0.14,0.404,0.344,0,0,1,1
0.14,0.404,0.347,0,0,1,1
0.14,0.404,0.35,0,0,1,1
0.14,0.404,0.353,0,0,1,1
0.14,0.404,0.356,0,0,1,1
0.14,0.404,0.359,0,0,1,1
0.14,0.404,0.362,0,0,1,1
0.14,0.404,0.365,0,0,1,1
0.14,0.404,0.368,0,0,1,1
0.14,0.404,0.371,0,0,1,1
0.14,0.404,0.374,0,0,1,1
0.14,0.404,0.377,0,0,1,1
0.14,0.404,0.38,0,0,1,1
0.14,0.404,0.383,0,0,1,1
0.14,0.404,0.386,0,0,1,1
0.14,0.404,0.389,0,0,1,1
0.14,0.404,0.392,0,0,1,1
0.14,0.404,0.395,0,0,1,1
0.14,0.404,0.398,0,0,1,1
0.14,0.404,0.401,0,0,1,1
0.14,0.404,0.404,0,0,1,1
0.14,0.404,0.407,0,0,1,1
0.14,0.404,0.41,0,0,1,1
0.14,0.404,0.413,0,0,1,1
0.14,0.404,0.416,0,0,1,1
0.14,0.404,0.419,0,0,1,1
0.14,0.404,0.422,0,0,1,1
0.14,0.404,0.425,0,0,1,1
0.14,0.404,0.427999,0,0,1,1
0.14,0.404,0.430999,0,0,1,1
0.14,0.404,0.433999,0,0,1,1
0.14,0.404,0.436999,0,0,1,1
0.14,0.404,0.439999,0,0,1,1
0.14,0.401,0.26,0,0,1,1
0.14,0.401,0.263,0,0,1,1
0.14,0.401,0.266,0,0,1,1
0.14,0.401,0.269,0,0,1,1
0.14,0.401,0.272,0,0,1,1
0.14,0.401,0.275,0,0,1,1
0.14,0.401,0.278,0,0,1,1
0.14,0.401,0.281,0,0,1,1
0.14,0.401,0.284,0,0,1,1
0.14,0.401,0.287,0,0,1,1
0.14,0.401,0.29,0,0,1,1
0.14,0.401,0.293,0,0,1,1
0.14,0.401,0.296,0,0,1,1
0.14,0.401,0.299,0,0,1,1
0.14,0.401,0.302,0,0,1,1
0.14,0.401,0.305,0,0,1,1
0.14,0.401,0.308,0,0,1,1
0.14,0.401,0.311,0,0,1,1
0.14,0.401,0.314,0,0,1,1
0.14,0.401,0.317,0,0,1,1
0.14,0.401,0.32,0,0,1,1
0.14,0.401,0.323,0,0,1,1
0.14,0.401,0.326,0,0,1,1
0.14,0.401,0.329,0,0,1,1
0.14,0.401,0.332,0,0,1,1
0.14,0.401,0.335,0,0,1,1
0.14,0.401,0.338,0,0,1,1
0.14,0.401,0.341,0,0,1,1
0.14,0.401,0.344,0,0,1,1
0.14,0.401,0.347,0,0,1,1
0.14,0.401,0.35,0,0,1,1
0.14,0.401,0.353,0,0,1,1
0.14,0.401,0.356,0,0,1,1
0.14,0.401,0.359,0,0,1,1
0.14,0.401,0.362,0,0,1,1
0.14,0.401,0.365,0,0,1,1
0.14,0.401,0.368,0,0,1,1
0.14,0.401,0.371,0,0,1,1
0.14,0.401,0.374,0,0,1,1
0.14,0.401,0.377,0,0,1,1
0.14,0.401,0.38,0,0,1,1
0.14,0.401,0.383,0,0,1,1
0.14,0.401,0.386,0,0,1,1
0.14,0.401,0.389,0,0,1,1
0.14,0.401,0.392,0,0,1,1
0.14,0.401,0.395,0,0,1,1
0.14,0.401,0.398,0,0,1,1
0.14,0.401,0.401,0,0,1,1
0.14,0.401,0.404,0,0,1,1
0.14,0.401,0.407,0,0,1,1
0.14,0.401,0.41,0,0,1,1
0.14,0.401,0.413,0,0,1,1
0.14,0.401,0.416,0,0,1,1
0.14,0.401,0.419,0,0,1,1
0.14,0.401,0.422,0,0,1,1
0.14,0.401,0.425,0,0,1,1
0.14,0.401,0.427999,0,0,1,1
0.14,0.401,0.430999,0,0,1,1
0.14,0.401,0.433999,0,0,1,1
0.14,0.401,0.436999,0,0,1,1
0.14,0.401,0.439999,0,0,1,1
0.14,0.398,0.26,0,0,1,1
0.14,0.398,0.263,0,0,1,1
0.14,0.398,0.266,0,0,1,1
0.14,0.398,0.269,0,0,1,1
0.14,0.398,0.272,0,0,1,1
0.14,0.398,0.275,0,0,1,1
0.14,0.398,0.278,0,0,1,1
0.14,0.398,0.281,0,0,1,1
0.14,0.398,0.284,0,0,1,1
0.14,0.398,0.287,0,0,1,1
0.14,0.398,0.29,0,0,1,1
0.14,0.398,0.293,0,0,1,1
0.14,0.398,0.296,0,0,1,1
0.14,0.398,0.299,0,0,1,1
0.14,0.398,0.302,0,0,1,1
0.14,0.398,0.305,0,0,1,1
0.14,0.398,0.308,0,0,1,1
0.14,0.398,0.311,0,0,1,1
0.14,0.398,0.314,0,0,1,1
0.14,0.398,0.317,0,0,1,1
0.14,0.398,0.32,0,0,1,1
0.14,0.398,0.323,0,0,1,1
0.14,0.398,0.326,0,0,1,1
0.14,0.398,0.329,0,0,1,1
0.14,0.398,0.332,0,0,1,1
0.14,0.398,0.335,0,0,1,1
0.14,0.398,0.338,0,0,1,1
0.14,0.398,0.341,0,0,1,1
0.14,0.398,0.344,0,0,1,1
0.14,0.398,0.347,0,0,1,1
0.14,0.398,0.35,0,0,1,1
0.14,0.398,0.353,0,0,1,1
0.14,0.398,0.356,0,0,1,1
0.14,0.398,0.359,0,0,1,1
0.14,0.398,0.362,0,0,1,1
0.14,0.398,0.365,0,0,1,1
0.14,0.398,0.368,0,0,1,1
0.14,0.398,0.371,0,0,1,1
0.14,0.398,0.374,0,0,1,1
0.14,0.398,0.377,0,0,1,1
0.14,0.398,0.38,0,0,1,1
0.14,0.398,0.383,0,0,1,1
0.14,0.398,0.386,0,0,1,1
0.14,0.398,0.389,0,0,1,1
0.14,0.398,0.392,0,0,1,1
0.14,0.398,0.395,0,0,1,1
0.14,0.398,0.398,0,0,1,1
0.14,0.398,0.401,0,0,1,1
0.14,0.398,0.404,0,0,1,1
0.14,0.398,0.407,0,0,1,1
0.14,0.398,0.41,0,0,1,1
0.14,0.398,0.413,0,0,1,1
0.14,0.398,0.416,0,0,1,1
0.14,0.398,0.419,0,0,1,1
0.14,0.398,0.422,0,0,1,1
0.14,0.398,0.425,0,0,1,1
0.14,0.398,0.427999,0,0,1,1
0.14,0.398,0.430999,0,0,1,1
0.14,0.398,0.433999,0,0,1,1
0.14,0.398,0.436999,0,0,1,1
0.14,0.398,0.439999,0,0,1,1
0.14,0.395,0.26,0,0,1,1
0.14,0.395,0.263,0,0,1,1
0.14,0.395,0.266,0,0,1,1
0.14,0.395,0.269,0,0,1,1
0.14,0.395,0.272,0,0,1,1
0.14,0.395,0.275,0,0,1,1
0.14,0.395,0.278,0,0,1,1
0.14,0.395,0.281,0,0,1,1
0.14,0.395,0.284,0,0,1,1
0.14,0.395,0.287,0,0,1,1
0.14,0.395,0.29,0,0,1,1
0.14,0.395,0.293,0,0,1,1
0.14,0.395,0.296,0,0,1,1
0.14,0.395,0.299,0,0,1,1
0.14,0.395,0.302,0,0,1,1
0.14,0.395,0.305,0,0,1,1
0.14,0.395,0.308,0,0,1,1
0.14,0.395,0.311,0,0,1,1
0.14,0.395,0.314,0,0,1,1
0.14,0.395,0.317,0,0,1,1
0.14,0.395,0.32,0,0,1,1
0.14,0.395,0.323,0,0,1,1
0.14,0.395,0.326,0,0,1,1
0.14,0.395,0.329,0,0,1,1
0.14,0.395,0.332,0,0,1,1
0.14,0.395,0.335,0,0,1,1
0.14,0.395,0.338,0,0,1,1
0.14,0.395,0.341,0,0,1,1
0.14,0.395,0.344,0,0,1,1
0.14,0.395,0.347,0,0,1,1
0.14,0.395,0.35,0,0,1,1
0.14,0.395,0.353,0,0,1,1
0.14,0.395,0.356,0,0,1,1
0.14,0.395,0.359,0,0,1,1
0.14,0.395,0.362,0,0,1,1
0.14,0.395,0.365,0,0,1,1
0.14,0.395,0.368,0,0,1,1
0.14,0.395,0.371,0,0,1,1
0.14,0.395,0.374,0,0,1,1
0.14,0.395,0.377,0,0,1,1
0.14,0.395,0.38,0,0,1,1
0.14,0.395,0.383,0,0,1,1
0.14,0.395,0.386,0,0,1,1
0.14,0.395,0.389,0,0,1,1
0.14,0.395,0.392,0,0,1,1
0.14,0.395,0.395,0,0,1,1
0.14,0.395,0.398,0,0,1,1
0.14,0.395,0.401,0,0,1,1
0.14,0.395,0.404,0,0,1,1
0.14,0.395,0.407,0,0,1,1
0.14,0.395,0.41,0,0,1,1
0.14,0.395,0.413,0,0,1,1
0.14,0.395,0.416,0,0,1,1
0.14,0.395,0.419,0,0,1,1
0.14,0.395,0.422,0,0,1,1
0.14,0.395,0.425,0,0,1,1
0.14,0.395,0.427999,0,0,1,1
0.14,0.395,0.430999,0,0,1,1
0.14,0.395,0.433999,0,0,1,1
0.14,0.395,0.436999,0,0,1,1
0.14,0.395,0.439999,0,0,1,1
0.14,0.392,0.26,0,0,1,1
0.14,0.392,0.263,0,0,1,1
0.14,0.392,0.266,0,0,1,1
0.14,0.392,0.269,0,0,1,1
0.14,0.392,0.272,0,0,1,1
0.14,0.392,0.275,0,0,1,1
0.14,0.392,0.278,0,0,1,1
0.14,0.392,0.281,0,0,1,1
0.14,0.392,0.284,0,0,1,1
0.14,0.392,0.287,0,0,1,1
0.14,0.392,0.29,0,0,1,1
0.14,0.392,0.293,0,0,1,1
0.14,0.392,0.296,0,0,1,1
0.14,0.392,0.299,0,0,1,1
0.14,0.392,0.302,0,0,1,1
0.14,0.392,0.305,0,0,1,1
0.14,0.392,0.308,0,0,1,1
0.14,0.392,0.311,0,0,1,1
0.14,0.392,0.314,0,0,1,1
0.14,0.392,0.317,0,0,1,1
0.14,0.392,0.32,0,0,1,1
0.14,0.392,0.323,0,0,1,1
0.14,0.392,0.326,0,0,1,1
0.14,0.392,0.329,0,0,1,1
0.14,0.392,0.332,0,0,1,1
0.14,0.392,0.335,0,0,1,1
0.14,0.392,0.338,0,0,1,1
0.14,0.392,0.341,0,0,1,1
0.14,0.392,0.344,0,0,1,1
0.14,0.392,0.347,0,0,1,1
0.14,0.392,0.35,0,0,1,1
0.14,0.392,0.353,0,0,1,1
0.14,0.392,0.356,0,0,1,1
0.14,0.392,0.359,0,0,1,1
0.14,0.392,0.362,0,0,1,1
0.14,0.392,0.365,0,0,1,1
0.14,0.392,0.368,0,0,1,1
0.14,0.392,0.371,0,0,1,1
0.14,0.392,0.374,0,0,1,1
0.14,0.392,0.377,0,0,1,1
0.14,0.392,0.38,0,0,1,1
0.14,0.392,0.383,0,0,1,1
0.14,0.392,0.386,0,0,1,1
0.14,0.392,0.389,0,0,1,1
0.14,0.392,0.392,0,0,1,1
0.14,0.392,0.395,0,0,1,1
0.14,0.392,0.398,0,0,1,1
0.14,0.392,0.401,0,0,1,1
0.14,0.392,0.404,0,0,1,1
0.14,0.392,0.407,0,0,1,1
0.14,0.392,0.41,0,0,1,1
0.14,0.392,0.413,0,0,1,1
0.14,0.392,0.416,0,0,1,1
0.14,0.392,0.419,0,0,1,1
0.14,0.392,0.422,0,0,1,1
0.14,0.392,0.425,0,0,1,1
0.14,0.392,0.427999,0,0,1,1
0.14,0.392,0.430999,0,0,1,1
0.14,0.392,0.433999,0,0,1,1
0.14,0.392,0.436999,0,0,1,1
0.14,0.392,0.439999,0,0,1,1
0.14,0.389,0.26,0,0,1,1
0.14,0.389,0.263,0,0,1,1
0.14,0.389,0.266,0,0,1,1
0.14,0.389,0.269,0,0,1,1
0.14,0.389,0.272,0,0,1,1
0.14,0.389,0.275,0,0,1,1
0.14,0.389,0.278,0,0,1,1
0.14,0.389,0.281,0,0,1,1
0.14,0.389,0.284,0,0,1,1
0.14,0.389,0.287,0,0,1,1
0.14,0.389,0.29,0,0,1,1
0.14,0.389,0.293,0,0,1,1
0.14,0.389,0.296,0,0,1,1
0.14,0.389,0.299,0,0,1,1
0.14,0.389,0.302,0,0,1,1
0.14,0.389,0.305,0,0,1,1
0.14,0.389,0.308,0,0,1,1
0.14,0.389,0.311,0,0,1,1
0.14,0.389,0.314,0,0,1,1
0.14,0.389,0.317,0,0,1,1
0.14,0.389,0.32,0,0,1,1
0.14,0.389,0.323,0,0,1,1
0.14,0.389,0.326,0,0,1,1
0.14,0.389,0.329,0,0,1,1
0.14,0.389,0.332,0,0,1,1
0.14,0.389,0.335,0,0,1,1
0.14,0.389,0.338,0,0,1,1
0.14,0.389,0.341,0,0,1,1
0.14,0.389,0.344,0,0,1,1
0.14,0.389,0.347,0,0,1,1
0.14,0.389,0.35,0,0,1,1
0.14,0.389,0.353,0,0,1,1
0.14,0.389,0.356,0,0,1,1
0.14,0.389,0.359,0,0,1,1
0.14,0.389,0.362,0,0,1,1
0.14,0.389,0.365,0,0,1,1
0.14,0.389,0.368,0,0,1,1
0.14,0.389,0.371,0,0,1,1
0.14,0.389,0.374,0,0,1,1
0.14,0.389,0.377,0,0,1,1
0.14,0.389,0.38,0,0,1,1
0.14,0.389,0.383,0,0,1,1
0.14,0.389,0.386,0,0,1,1
0.14,0.389,0.389,0,0,1,1
0.14,0.389,0.392,0,0,1,1
0.14,0.389,0.395,0,0,1,1
0.14,0.389,0.398,0,0,1,1
0.14,0.389,0.401,0,0,1,1
0.14,0.389,0.404,0,0,1,1
0.14,0.389,0.407,0,0,1,1
0.14,0.389,0.41,0,0,1,1
0.14,0.389,0.413,0,0,1,1
0.14,0.389,0.416,0,0,1,1
0.14,0.389,0.419,0,0,1,1
0.14,0.389,0.422,0,0,1,1
0.14,0.389,0.425,0,0,1,1
0.14,0.389,0.427999,0,0,1,1
0.14,0.389,0.430999,0,0,1,1
0.14,0.389,0.433999,0,0,1,1
0.14,0.389,0.436999,0,0,1,1
0.14,0.389,0.439999,0,0,1,1
0.14,0.386,0.26,0,0,1,1
0.14,0.386,0.263,0,0,1,1
0.14,0.386,0.266,0,0,1,1
0.14,0.386,0.269,0,0,1,1
0.14,0.386,0.272,0,0,1,1
0.14,0.386,0.275,0,0,1,1
0.14,0.386,0.278,0,0,1,1
0.14,0.386,0.281,0,0,1,1
0.14,0.386,0.284,0,0,1,1
0.14,0.386,0.287,0,0,1,1
0.14,0.386,0.29,0,0,1,1
0.14,0.386,0.293,0,0,1,1
0.14,0.386,0.296,0,0,1,1
0.14,0.386,0.299,0,0,1,1
0.14,0.386,0.302,0,0,1,1
0.14,0.386,0.305,0,0,1,1
0.14,0.386,0.308,0,0,1,1
0.14,0.386,0.311,0,0,1,1
0.14,0.386,0.314,0,0,1,1
0.14,0.386,0.317,0,0,1,1
0.14,0.386,0.32,0,0,1,1
0.14,0.386,0.323,0,0,1,1
0.14,0.386,0.326,0,0,1,1
0.14,0.386,0.329,0,0,1,1
0.14,0.386,0.332,0,0,1,1
0.14,0.386,0.335,0,0,1,1
0.14,0.386,0.338,0,0,1,1
0.14,0.386,0.341,0,0,1,1
0.14,0.386,0.344,0,0,1,1
0.14,0.386,0.347,0,0,1,1
0.14,0.386,0.35,0,0,1,1
0.14,0.386,0.353,0,0,1,1
0.14,0.386,0.356,0,0,1,1
0.14,0.386,0.359,0,0,1,1
0.14,0.386,0.362,0,0,1,1
0.14,0.386,0.365,0,0,1,1
0.14,0.386,0.368,0,0,1,1
0.14,0.386,0.371,0,0,1,1
0.14,0.386,0.374,0,0,1,1
0.14,0.386,0.377,0,0,1,1
0.14,0.386,0.38,0,0,1,1
0.14,0.386,0.383,0,0,1,1
0.14,0.386,0.386,0,0,1,1
0.14,0.386,0.389,0,0,1,1
0.14,0.386,0.392,0,0,1,1
0.14,0.386,0.395,0,0,1,1
0.14,0.386,0.398,0,0,1,1
0.14,0.386,0.401,0,0,1,1
0.14,0.386,0.404,0,0,1,1
0.14,0.386,0.407,0,0,1,1
0.14,0.386,0.41,0,0,1,1
0.14,0.386,0.413,0,0,1,1
0.14,0.386,0.416,0,0,1,1
0.14,0.386,0.419,0,0,1,1
0.14,0.386,0.422,0,0,1,1
0.14,0.386,0.425,0,0,1,1
0.14,0.386,0.427999,0,0,1,1
0.14,0.386,0.430999,0,0,1,1
0.14,0.386,0.433999,0,0,1,1
0.14,0.386,0.436999,0,0,1,1
0.14,0.386,0.439999,0,0,1,1
0.14,0.383,0.26,0,0,1,1
0.14,0.383,0.263,0,0,1,1
0.14,0.383,0.266,0,0,1,1
0.14,0.383,0.269,0,0,1,1
0.14,0.383,0.272,0,0,1,1
0.14,0.383,0.275,0,0,1,1
0.14,0.383,0.278,0,0,1,1
0.14,0.383,0.281,0,0,1,1
0.14,0.383,0.284,0,0,1,1
0.14,0.383,0.287,0,0,1,1
0.14,0.383,0.29,0,0,1,1
0.14,0.383,0.293,0,0,1,1
0.14,0.383,0.296,0,0,1,1
0.14,0.383,0.299,0,0,1,1
0.14,0.383,0.302,0,0,1,1
0.14,0.383,0.305,0,0,1,1
0.14,0.383,0.308,0,0,1,1
0.14,0.383,0.311,0,0,1,1
0.14,0.383,0.314,0,0,1,1
0.14,0.383,0.317,0,0,1,1
0.14,0.383,0.32,0,0,1,1
0.14,0.383,0.323,0,0,1,1
0.14,0.383,0.326,0,0,1,1
0.14,0.383,0.329,0,0,1,1
0.14,0.383,0.332,0,0,1,1
0.14,0.383,0.335,0,0,1,1
0.14,0.383,0.338,0,0,1,1
0.14,0.383,0.341,0,0,1,1
0.14,0.383,0.344,0,0,1,1
0.14,0.383,0.347,0,0,1,1
0.14,0.383,0.35,0,0,1,1
0.14,0.383,0.353,0,0,1,1
0.14,0.383,0.356,0,0,1,1
0.14,0.383,0.359,0,0,1,1
0.14,0.383,0.362,0,0,1,1
0.14,0.383,0.365,0,0,1,1
0.14,0.383,0.368,0,0,1,1
0.14,0.383,0.371,0,0,1,1
0.14,0.383,0.374,0,0,1,1
0.14,0.383,0.377,0,0,1,1
0.14,0.383,0.38,0,0,1,1
0.14,0.383,0.383,0,0,1,1
0.14,0.383,0.386,0,0,1,1
0.14,0.383,0.389,0,0,1,1
0.14,0.383,0.392,0,0,1,1
0.14,0.383,0.395,0,0,1,1
0.14,0.383,0.398,0,0,1,1
0.14,0.383,0.401,0,0,1,1
0.14,0.383,0.404,0,0,1,1
0.14,0.383,0.407,0,0,1,1
0.14,0.383,0.41,0,0,1,1
0.14,0.383,0.413,0,0,1,1
0.14,0.383,0.416,0,0,1,1
0.14,0.383,0.419,0,0,1,1
0.14,0.383,0.422,0,0,1,1
0.14,0.383,0.425,0,0,1,1
0.14,0.383,0.427999,0,0,1,1
0.14,0.383,0.430999,0,0,1,1
0.14,0.383,0.433999,0,0,1,1
0.14,0.383,0.436999,0,0,1,1
0.14,0.383,0.439999,0,0,1,1
0.14,0.38,0.26,0,0,1,1
0.14,0.38,0.263,0,0,1,1
0.14,0.38,0.266,0,0,1,1
0.14,0.38,0.269,0,0,1,1
0.14,0.38,0.272,0,0,1,1
0.14,0.38,0.275,0,0,1,1
0.14,0.38,0.278,0,0,1,1
0.14,0.38,0.281,0,0,1,1
0.14,0.38,0.284,0,0,1,1
0.14,0.38,0.287,0,0,1,1
0.14,0.38,0.29,0,0,1,1
0.14,0.38,0.293,0,0,1,1
0.14,0.38,0.296,0,0,1,1
0.14,0.38,0.299,0,0,1,1
0.14,0.38,0.302,0,0,1,1
0.14,0.38,0.305,0,0,1,1
0.14,0.38,0.308,0,0,1,1
0.14,0.38,0.311,0,0,1,1
0.14,0.38,0.314,0,0,1,1
0.14,0.38,0.317,0,0,1,1
0.14,0.38,0.32,0,0,1,1
0.14,0.38,0.323,0,0,1,1
0.14,0.38,0.326,0,0,1,1
0.14,0.38,0.329,0,0,1,1
0.14,0.38,0.332,0,0,1,1
0.14,0.38,0.335,0,0,1,1
0.14,0.38,0.338,0,0,1,1
0.14,0.38,0.341,0,0,1,1
0.14,0.38,0.344,0,0,1,1
0.14,0.38,0.347,0,0,1,1
0.14,0.38,0.35,0,0,1,1
0.14,0.38,0.353,0,0,1,1
0.14,0.38,0.356,0,0,1,1
0.14,0.38,0.359,0,0,1,1
0.14,0.38,0.362,0,0,1,1
0.14,0.38,0.365,0,0,1,1
0.14,0.38,0.368,0,0,1,1
0.14,0.38,0.371,0,0,1,1
0.14,0.38,0.374,0,0,1,1
0.14,0.38,0.377,0,0,1,1
0.14,0.38,0.38,0,0,1,1
0.14,0.38,0.383,0,0,1,1
0.14,0.38,0.386,0,0,1,1
0.14,0.38,0.389,0,0,1,1
0.14,0.38,0.392,0,0,1,1
0.14,0.38,0.395,0,0,1,1
0.14,0.38,0.398,0,0,1,1
0.14,0.38,0.401,0,0,1,1
0.14,0.38,0.404,0,0,1,1
0.14,0.38,0.407,0,0,1,1
0.14,0.38,0.41,0,0,1,1
0.14,0.38,0.413,0,0,1,1
0.14,0.38,0.416,0,0,1,1
0.14,0.38,0.419,0,0,1,1
0.14,0.38,0.422,0,0,1,1
0.14,0.38,0.425,0,0,1,1
0.14,0.38,0.427999,0,0,1,1
0.14,0.38,0.430999,0,0,1,1
0.14,0.38,0.433999,0,0,1,1
0.14,0.38,0.436999,0,0,1,1
0.14,0.38,0.439999,0,0,1,1
0.14,0.377,0.26,0,0,1,1
0.14,0.377,0.263,0,0,1,1
0.14,0.377,0.266,0,0,1,1
0.14,0.377,0.269,0,0,1,1
0.14,0.377,0.272,0,0,1,1
0.14,0.377,0.275,0,0,1,1
0.14,0.377,0.278,0,0,1,1
0.14,0.377,0.281,0,0,1,1
0.14,0.377,0.284,0,0,1,1
0.14,0.377,0.287,0,0,1,1
0.14,0.377,0.29,0,0,1,1
0.14,0.377,0.293,0,0,1,1
0.14,0.377,0.296,0,0,1,1
0.14,0.377,0.299,0,0,1,1
0.14,0.377,0.302,0,0,1,1
0.14,0.377,0.305,0,0,1,1
0.14,0.377,0.308,0,0,1,1
0.14,0.377,0.311,0,0,1,1
0.14,0.377,0.314,0,0,1,1
0.14,0.377,0.317,0,0,1,1
0.14,0.377,0.32,0,0,1,1
0.14,0.377,0.323,0,0,1,1
0.14,0.377,0.326,0,0,1,1
0.14,0.377,0.329,0,0,1,1
0.14,0.377,0.332,0,0,1,1
0.14,0.377,0.335,0,0,1,1
0.14,0.377,0.338,0,0,1,1
0.14,0.377,0.341,0,0,1,1
0.14,0.377,0.344,0,0,1,1
0.14,0.377,0.347,0,0,1,1
0.14,0.377,0.35,0,0,1,1
0.14,0.377,0.353,0,0,1,1
0.14,0.377,0.356,0,0,1,1
0.14,0.377,0.359,0,0,1,1
0.14,0.377,0.362,0,0,1,1
0.14,0.377,0.365,0,0,1,1
0.14,0.377,0.368,0,0,1,1
0.14,0.377,0.371,0,0,1,1
0.14,0.377,0.374,0,0,1,1
0.14,0.377,0.377,0,0,1,1
0.14,0.377,0.38,0,0,1,1
0.14,0.377,0.383,0,0,1,1
0.14,0.377,0.386,0,0,1,1
0.14,0.377,0.389,0,0,1,1
0.14,0.377,0.392,0,0,1,1
0.14,0.377,0.395,0,0,1,1
0.14,0.377,0.398,0,0,1,1
0.14,0.377,0.401,0,0,1,1
0.14,0.377,0.404,0,0,1,1
0.14,0.377,0.407,0,0,1,1
0.14,0.377,0.41,0,0,1,1
0.14,0.377,0.413,0,0,1,1
0.14,0.377,0.416,0,0,1,1
0.14,0.377,0.419,0,0,1,1
0.14,0.377,0.422,0,0,1,1
0.14,0.377,0.425,0,0,1,1
0.14,0.377,0.427999,0,0,1,1
0.14,0.377,0.430999,0,0,1,1
0.14,0.377,0.433999,0,0,1,1
0.14,0.377,0.436999,0,0,1,1
0.14,0.377,0.439999,0,0,1,1
0.14,0.374,0.26,0,0,1,1
0.14,0.374,0.263,0,0,1,1
0.14,0.374,0.266,0,0,1,1
0.14,0.374,0.269,0,0,1,1
0.14,0.374,0.272,0,0,1,1
0.14,0.374,0.275,0,0,1,1
0.14,0.374,0.278,0,0,1,1
0.14,0.374,0.281,0,0,1,1
0.14,0.374,0.284,0,0,1,1
0.14,0.374,0.287,0,0,1,1
0.14,0.374,0.29,0,0,1,1
0.14,0.374,0.293,0,0,1,1
0.14,0.374,0.296,0,0,1,1
0.14,0.374,0.299,0,0,1,1
0.14,0.374,0.302,0,0,1,1
0.14,0.374,0.305,0,0,1,1
0.14,0.374,0.308,0,0,1,1
0.14,0.374,0.311,0,0,1,1
0.14,0.374,0.314,0,0,1,1
0.14,0.374,0.317,0,0,1,1
0.14,0.374,0.32,0,0,1,1
0.14,0.374,0.323,0,0,1,1
0.14,0.374,0.326,0,0,1,1
0.14,0.374,0.329,0,0,1,1
0.14,0.374,0.332,0,0,1,1
0.14,0.374,0.335,0,0,1,1
0.14,0.374,0.338,0,0,1,1
0.14,0.374,0.341,0,0,1,1
0.14,0.374,0.344,0,0,1,1
0.14,0.374,0.347,0,0,1,1
0.14,0.374,0.35,0,0,1,1
0.14,0.374,0.353,0,0,1,1
0.14,0.374,0.356,0,0,1,1
0.14,0.374,0.359,0,0,1,1
0.14,0.374,0.362,0,0,1,1
0.14,0.374,0.365,0,0,1,1
0.14,0.374,0.368,0,0,1,1
0.14,0.374,0.371,0,0,1,1
0.14,0.374,0.374,0,0,1,1
0.14,0.374,0.377,0,0,1,1
0.14,0.374,0.38,0,0,1,1
0.14,0.374,0.383,0,0,1,1
0.14,0.374,0.386,0,0,1,1
0.14,0.374,0.389,0,0,1,1
0.14,0.374,0.392,0,0,1,1
0.14,0.374,0.395,0,0,1,1
0.14,0.374,0.398,0,0,1,1
0.14,0.374,0.401,0,0,1,1
0.14,0.374,0.404,0,0,1,1
0.14,0.374,0.407,0,0,1,1
0.14,0.374,0.41,0,0,1,1
0.14,0.374,0.413,0,0,1,1
0.14,0.374,0.416,0,0,1,1
0.14,0.374,0.419,0,0,1,1
0.14,0.374,0.422,0,0,1,1
0.14,0.374,0.425,0,0,1,1
0.14,0.374,0.427999,0,0,1,1
0.14,0.374,0.430999,0,0,1,1
0.14,0.374,0.433999,0,0,1,1
0.14,0.374,0.436999,0,0,1,1
0.14,0.374,0.439999,0,0,1,1
0.14,0.371,0.26,0,0,1,1
0.14,0.371,0.263,0,0,1,1
0.14,0.371,0.266,0,0,1,1
0.14,0.371,0.269,0,0,1,1
0.14,0.371,0.272,0,0,1,1
0.14,0.371,0.275,0,0,1,1
0.14,0.371,0.278,0,0,1,1
0.14,0.371,0.281,0,0,1,1
0.14,0.371,0.284,0,0,1,1
0.14,0.371,0.287,0,0,1,1
0.14,0.371,0.29,0,0,1,1
0.14,0.371,0.293,0,0,1,1
0.14,0.371,0.296,0,0,1,1
0.14,0.371,0.299,0,0,1,1
0.14,0.371,0.302,0,0,1,1
0.14,0.371,0.305,0,0,1,1
0.14,0.371,0.308,0,0,1,1
0.14,0.371,0.311,0,0,1,1
0.14,0.371,0.314,0,0,1,1
0.14,0.371,0.317,0,0,1,1
0.14,0.371,0.32,0,0,1,1
0.14,0.371,0.323,0,0,1,1
0.14,0.371,0.326,0,0,1,1
0.14,0.371,0.329,0,0,1,1
0.14,0.371,0.332,0,0,1,1
0.14,0.371,0.335,0,0,1,1
0.14,0.371,0.338,0,0,1,1
0.14,0.371,0.341,0,0,1,1
0.14,0.371,0.344,0,0,1,1
0.14,0.371,0.347,0,0,1,1
0.14,0.371,0.35,0,0,1,1
0.14,0.371,0.353,0,0,1,1
0.14,0.371,0.356,0,0,1,1
0.14,0.371,0.359,0,0,1,1
0.14,0.371,0.362,0,0,1,1
0.14,0.371,0.365,0,0,1,1
0.14,0.371,0.368,0,0,1,1
0.14,0.371,0.371,0,0,1,1
0.14,0.371,0.374,0,0,1,1
0.14,0.371,0.377,0,0,1,1
0.14,0.371,0.38,0,0,1,1
0.14,0.371,0.383,0,0,1,1
0.14,0.371,0.386,0,0,1,1
0.14,0.371,0.389,0,0,1,1
0.14,0.371,0.392,0,0,1,1
0.14,0.371,0.395,0,0,1,1
0.14,0.371,0.398,0,0,1,1
0.14,0.371,0.401,0,0,1,1
0.14,0.371,0.404,0,0,1,1
0.14,0.371,0.407,0,0,1,1
0.14,0.371,0.41,0,0,1,1
0.14,0.371,0.413,0,0,1,1
0.14,0.371,0.416,0,0,1,1
0.14,0.371,0.419,0,0,1,1
0.14,0.371,0.422,0,0,1,1
0.14,0.371,0.425,0,0,1,1
0.14,0.371,0.427999,0,0,1,1
0.14,0.371,0.430999,0,0,1,1
0.14,0.371,0.433999,0,0,1,1
0.14,0.371,0.436999,0,0,1,1
0.14,0.371,0.439999,0,0,1,1
0.14,0.368,0.26,0,0,1,1
0.14,0.368,0.263,0,0,1,1
0.14,0.368,0.266,0,0,1,1
0.14,0.368,0.269,0,0,1,1
0.14,0.368,0.272,0,0,1,1
0.14,0.368,0.275,0,0,1,1
0.14,0.368,0.278,0,0,1,1
0.14,0.368,0.281,0,0,1,1
0.14,0.368,0.284,0,0,1,1
0.14,0.368,0.287,0,0,1,1
0.14,0.368,0.29,0,0,1,1
0.14,0.368,0.293,0,0,1,1
0.14,0.368,0.296,0,0,1,1
0.14,0.368,0.299,0,0,1,1
0.14,0.368,0.302,0,0,1,1
0.14,0.368,0.305,0,0,1,1
0.14,0.368,0.308,0,0,1,1
0.14,0.368,0.311,0,0,1,1
0.14,0.368,0.314,0,0,1,1
0.14,0.368,0.317,0,0,1,1
0.14,0.368,0.32,0,0,1,1
0.14,0.368,0.323,0,0,1,1
0.14,0.368,0.326,0,0,1,1
0.14,0.368,0.329,0,0,1,1
0.14,0.368,0.332,0,0,1,1
0.14,0.368,0.335,0,0,1,1
0.14,0.368,0.338,0,0,1,1
0.14,0.368,0.341,0,0,1,1
0.14,0.368,0.344,0,0,1,1
0.14,0.368,0.347,0,0,1,1
0.14,0.368,0.35,0,0,1,1
0.14,0.368,0.353,0,0,1,1
0.14,0.368,0.356,0,0,1,1
0.14,0.368,0.359,0,0,1,1
0.14,0.368,0.362,0,0,1,1
0.14,0.368,0.365,0,0,1,1
0.14,0.368,0.368,0,0,1,1
0.14,0.368,0.371,0,0,1,1
0.14,0.368,0.374,0,0,1,1
0.14,0.368,0.377,0,0,1,1
0.14,0.368,0.38,0,0,1,1
0.14,0.368,0.383,0,0,1,1
0.14,0.368,0.386,0,0,1,1
0.14,0.368,0.389,0,0,1,1
0.14,0.368,0.392,0,0,1,1
0.14,0.368,0.395,0,0,1,1
0.14,0.368,0.398,0,0,1,1
0.14,0.368,0.401,0,0,1,1
0.14,0.368,0.404,0,0,1,1
0.14,0.368,0.407,0,0,1,1
0.14,0.368,0.41,0,0,1,1
0.14,0.368,0.413,0,0,1,1
0.14,0.368,0.416,0,0,1,1
0.14,0.368,0.419,0,0,1,1
0.14,0.368,0.422,0,0,1,1
0.14,0.368,0.425,0,0,1,1
0.14,0.368,0.427999,0,0,1,1
0.14,0.368,0.430999,0,0,1,1
0.14,0.368,0.433999,0,0,1,1
0.14,0.368,0.436999,0,0,1,1
0.14,0.368,0.439999,0,0,1,1
0.14,0.365,0.26,0,0,1,1
0.14,0.365,0.263,0,0,1,1
0.14,0.365,0.266,0,0,1,1
0.14,0.365,0.269,0,0,1,1
0.14,0.365,0.272,0,0,1,1
0.14,0.365,0.275,0,0,1,1
0.14,0.365,0.278,0,0,1,1
0.14,0.365,0.281,0,0,1,1
0.14,0.365,0.284,0,0,1,1
0.14,0.365,0.287,0,0,1,1
0.14,0.365,0.29,0,0,1,1
0.14,0.365,0.293,0,0,1,1
0.14,0.365,0.296,0,0,1,1
0.14,0.365,0.299,0,0,1,1
0.14,0.365,0.302,0,0,1,1
0.14,0.365,0.305,0,0,1,1
0.14,0.365,0.308,0,0,1,1
0.14,0.365,0.311,0,0,1,1
0.14,0.365,0.314,0,0,1,1
0.14,0.365,0.317,0,0,1,1
0.14,0.365,0.32,0,0,1,1
0.14,0.365,0.323,0,0,1,1
0.14,0.365,0.326,0,0,1,1
0.14,0.365,0.329,0,0,1,1
0.14,0.365,0.332,0,0,1,1
0.14,0.365,0.335,0,0,1,1
0.14,0.365,0.338,0,0,1,1
0.14,0.365,0.341,0,0,1,1
0.14,0.365,0.344,0,0,1,1
0.14,0.365,0.347,0,0,1,1
0.14,0.365,0.35,0,0,1,1
0.14,0.365,0.353,0,0,1,1
0.14,0.365,0.356,0,0,1,1
0.14,0.365,0.359,0,0,1,1
0.14,0.365,0.362,0,0,1,1
0.14,0.365,0.365,0,0,1,1
0.14,0.365,0.368,0,0,1,1
0.14,0.365,0.371,0,0,1,1
0.14,0.365,0.374,0,0,1,1
0.14,0.365,0.377,0,0,1,1
0.14,0.365,0.38,0,0,1,1
0.14,0.365,0.383,0,0,1,1
0.14,0.365,0.386,0,0,1,1
0.14,0.365,0.389,0,0,1,1
0.14,0.365,0.392,0,0,1,1
0.14,0.365,0.395,0,0,1,1
0.14,0.365,0.398,0,0,1,1
0.14,0.365,0.401,0,0,1,1
0.14,0.365,0.404,0,0,1,1
0.14,0.365,0.407,0,0,1,1
0.14,0.365,0.41,0,0,1,1
0.14,0.365,0.413,0,0,1,1
0.14,0.365,0.416,0,0,1,1
0.14,0.365,0.419,0,0,1,1
0.14,0.365,0.422,0,0,1,1
0.14,0.365,0.425,0,0,1,1
0.14,0.365,0.427999,0,0,1,1
0.14,0.365,0.430999,0,0,1,1
0.14,0.365,0.433999,0,0,1,1
0.14,0.365,0.436999,0,0,1,1
0.14,0.365,0.439999,0,0,1,1
0.14,0.362,0.26,0,0,1,1
0.14,0.362,0.263,0,0,1,1
0.14,0.362,0.266,0,0,1,1
0.14,0.362,0.269,0,0,1,1
0.14,0.362,0.272,0,0,1,1
0.14,0.362,0.275,0,0,1,1
0.14,0.362,0.278,0,0,1,1
0.14,0.362,0.281,0,0,1,1
0.14,0.362,0.284,0,0,1,1
0.14,0.362,0.287,0,0,1,1
0.14,0.362,0.29,0,0,1,1
0.14,0.362,0.293,0,0,1,1
0.14,0.362,0.296,0,0,1,1
0.14,0.362,0.299,0,0,1,1
0.14,0.362,0.302,0,0,1,1
0.14,0.362,0.305,0,0,1,1
0.14,0.362,0.308,0,0,1,1
0.14,0.362,0.311,0,0,1,1
0.14,0.362,0.314,0,0,1,1
0.14,0.362,0.317,0,0,1,1
0.14,0.362,0.32,0,0,1,1
0.14,0.362,0.323,0,0,1,1
0.14,0.362,0.326,0,0,1,1
0.14,0.362,0.329,0,0,1,1
0.14,0.362,0.332,0,0,1,1
0.14,0.362,0.335,0,0,1,1
0.14,0.362,0.338,0,0,1,1
0.14,0.362,0.341,0,0,1,1
0.14,0.362,0.344,0,0,1,1
0.14,0.362,0.347,0,0,1,1
0.14,0.362,0.35,0,0,1,1
0.14,0.362,0.353,0,0,1,1
0.14,0.362,0.356,0,0,1,1
0.14,0.362,0.359,0,0,1,1
0.14,0.362,0.362,0,0,1,1
0.14,0.362,0.365,0,0,1,1
0.14,0.362,0.368,0,0,1,1
0.14,0.362,0.371,0,0,1,1
0.14,0.362,0.374,0,0,1,1
0.14,0.362,0.377,0,0,1,1
0.14,0.362,0.38,0,0,1,1
0.14,0.362,0.383,0,0,1,1
0.14,0.362,0.386,0,0,1,1
0.14,0.362,0.389,0,0,1,1
0.14,0.362,0.392,0,0,1,1
0.14,0.362,0.395,0,0,1,1
0.14,0.362,0.398,0,0,1,1
0.14,0.362,0.401,0,0,1,1
0.14,0.362,0.404,0,0,1,1
0.14,0.362,0.407,0,0,1,1
0.14,0.362,0.41,0,0,1,1
0.14,0.362,0.413,0,0,1,1
0.14,0.362,0.416,0,0,1,1
0.14,0.362,0.419,0,0,1,1
0.14,0.362,0.422,0,0,1,1
0.14,0.362,0.425,0,0,1,1
0.14,0.362,0.427999,0,0,1,1
0.14,0.362,0.430999,0,0,1,1
0.14,0.362,0.433999,0,0,1,1
0.14,0.362,0.436999,0,0,1,1
0.14,0.362,0.439999,0,0,1,1
0.14,0.359,0.26,0,0,1,1
0.14,0.359,0.263,0,0,1,1
0.14,0.359,0.266,0,0,1,1
0.14,0.359,0.269,0,0,1,1
0.14,0.359,0.272,0,0,1,1
0.14,0.359,0.275,0,0,1,1
0.14,0.359,0.278,0,0,1,1
0.14,0.359,0.281,0,0,1,1
0.14,0.359,0.284,0,0,1,1
0.14,0.359,0.287,0,0,1,1
0.14,0.359,0.29,0,0,1,1
0.14,0.359,0.293,0,0,1,1
0.14,0.359,0.296,0,0,1,1
0.14,0.359,0.299,0,0,1,1
0.14,0.359,0.302,0,0,1,1
0.14,0.359,0.305,0,0,1,1
0.14,0.359,0.308,0,0,1,1
0.14,0.359,0.311,0,0,1,1
0.14,0.359,0.314,0,0,1,1
0.14,0.359,0.317,0,0,1,1
0.14,0.359,0.32,0,0,1,1
0.14,0.359,0.323,0,0,1,1
0.14,0.359,0.326,0,0,1,1
0.14,0.359,0.329,0,0,1,1
0.14,0.359,0.332,0,0,1,1
0.14,0.359,0.335,0,0,1,1
0.14,0.359,0.338,0,0,1,1
0.14,0.359,0.341,0,0,1,1
0.14,0.359,0.344,0,0,1,1
0.14,0.359,0.347,0,0,1,1
0.14,0.359,0.35,0,0,1,1
0.14,0.359,0.353,0,0,1,1
0.14,0.359,0.356,0,0,1,1
0.14,0.359,0.359,0,0,1,1
0.14,0.359,0.362,0,0,1,1
0.14,0.359,0.365,0,0,1,1
0.14,0.359,0.368,0,0,1,1
0.14,0.359,0.371,0,0,1,1
0.14,0.359,0.374,0,0,1,1
0.14,0.359,0.377,0,0,1,1
0.14,0.359,0.38,0,0,1,1
0.14,0.359,0.383,0,0,1,1
0.14,0.359,0.386,0,0,1,1
0.14,0.359,0.389,0,0,1,1
0.14,0.359,0.392,0,0,1,1
0.14,0.359,0.395,0,0,1,1
0.14,0.359,0.398,0,0,1,1
0.14,0.359,0.401,0,0,1,1
0.14,0.359,0.404,0,0,1,1
0.14,0.359,0.407,0,0,1,1
0.14,0.359,0.41,0,0,1,1
0.14,0.359,0.413,0,0,1,1
0.14,0.359,0.416,0,0,1,1
0.14,0.359,0.419,0,0,1,1
0.14,0.359,0.422,0,0,1,1
0.14,0.359,0.425,0,0,1,1
0.14,0.359,0.427999,0,0,1,1
0.14,0.359,0.430999,0,0,1,1
0.14,0.359,0.433999,0,0,1,1
0.14,0.359,0.436999,0,0,1,1
0.14,0.359,0.439999,0,0,1,1
0.14,0.356,0.26,0,0,1,1
0.14,0.356,0.263,0,0,1,1
0.14,0.356,0.266,0,0,1,1
0.14,0.356,0.269,0,0,1,1
0.14,0.356,0.272,0,0,1,1
0.14,0.356,0.275,0,0,1,1
0.14,0.356,0.278,0,0,1,1
0.14,0.356,0.281,0,0,1,1
0.14,0.356,0.284,0,0,1,1
0.14,0.356,0.287,0,0,1,1
0.14,0.356,0.29,0,0,1,1
0.14,0.356,0.293,0,0,1,1
0.14,0.356,0.296,0,0,1,1
0.14,0.356,0.299,0,0,1,1
0.14,0.356,0.302,0,0,1,1
0.14,0.356,0.305,0,0,1,1
0.14,0.356,0.308,0,0,1,1
0.14,0.356,0.311,0,0,1,1
0.14,0.356,0.314,0,0,1,1
0.14,0.356,0.317,0,0,1,1
0.14,0.356,0.32,0,0,1,1
0.14,0.356,0.323,0,0,1,1
0.14,0.356,0.326,0,0,1,1
0.14,0.356,0.329,0,0,1,1
0.14,0.356,0.332,0,0,1,1
0.14,0.356,0.335,0,0,1,1
0.14,0.356,0.338,0,0,1,1
0.14,0.356,0.341,0,0,1,1
0.14,0.356,0.344,0,0,1,1
0.14,0.356,0.347,0,0,1,1
0.14,0.356,0.35,0,0,1,1
0.14,0.356,0.353,0,0,1,1
0.14,0.356,0.356,0,0,1,1
0.14,0.356,0.359,0,0,1,1
0.14,0.356,0.362,0,0,1,1
0.14,0.356,0.365,0,0,1,1
0.14,0.356,0.368,0,0,1,1
0.14,0.356,0.371,0,0,1,1
0.14,0.356,0.374,0,0,1,1
0.14,0.356,0.377,0,0,1,1
0.14,0.356,0.38,0,0,1,1
0.14,0.356,0.383,0,0,1,1
0.14,0.356,0.386,0,0,1,1
0.14,0.356,0.389,0,0,1,1
0.14,0.356,0.392,0,0,1,1
0.14,0.356,0.395,0,0,1,1
0.14,0.356,0.398,0,0,1,1
0.14,0.356,0.401,0,0,1,1
0.14,0.356,0.404,0,0,1,1
0.14,0.356,0.407,0,0,1,1
0.14,0.356,0.41,0,0,1,1
0.14,0.356,0.413,0,0,1,1
0.14,0.356,0.416,0,0,1,1
0.14,0.356,0.419,0,0,1,1
0.14,0.356,0.422,0,0,1,1
0.14,0.356,0.425,0,0,1,1
0.14,0.356,0.427999,0,0,1,1
0.14,0.356,0.430999,0,0,1,1
0.14,0.356,0.433999,0,0,1,1
0.14,0.356,0.436999,0,0,1,1
0.14,0.356,0.439999,0,0,1,1
0.14,0.353,0.26,0,0,1,1
0.14,0.353,0.263,0,0,1,1
0.14,0.353,0.266,0,0,1,1
0.14,0.353,0.269,0,0,1,1
0.14,0.353,0.272,0,0,1,1
0.14,0.353,0.275,0,0,1,1
0.14,0.353,0.278,0,0,1,1
0.14,0.353,0.281,0,0,1,1
0.14,0.353,0.284,0,0,1,1
0.14,0.353,0.287,0,0,1,1
0.14,0.353,0.29,0,0,1,1
0.14,0.353,0.293,0,0,1,1
0.14,0.353,0.296,0,0,1,1
0.14,0.353,0.299,0,0,1,1
0.14,0.353,0.302,0,0,1,1
0.14,0.353,0.305,0,0,1,1
0.14,0.353,0.308,0,0,1,1
0.14,0.353,0.311,0,0,1,1
0.14,0.353,0.314,0,0,1,1
0.14,0.353,0.317,0,0,1,1
0.14,0.353,0.32,0,0,1,1
0.14,0.353,0.323,0,0,1,1
0.14,0.353,0.326,0,0,1,1
0.14,0.353,0.329,0,0,1,1
0.14,0.353,0.332,0,0,1,1
0.14,0.353,0.335,0,0,1,1
0.14,0.353,0.338,0,0,1,1
0.14,0.353,0.341,0,0,1,1
0.14,0.353,0.344,0,0,1,1
0.14,0.353,0.347,0,0,1,1
0.14,0.353,0.35,0,0,1,1
0.14,0.353,0.353,0,0,1,1
0.14,0.353,0.356,0,0,1,1
0.14,0.353,0.359,0,0,1,1
0.14,0.353,0.362,0,0,1,1
0.14,0.353,0.365,0,0,1,1
0.14,0.353,0.368,0,0,1,1
0.14,0.353,0.371,0,0,1,1
0.14,0.353,0.374,0,0,1,1
0.14,0.353,0.377,0,0,1,1
0.14,0.353,0.38,0,0,1,1
0.14,0.353,0.383,0,0,1,1
0.14,0.353,0.386,0,0,1,1
0.14,0.353,0.389,0,0,1,1
0.14,0.353,0.392,0,0,1,1
0.14,0.353,0.395,0,0,1,1
0.14,0.353,0.398,0,0,1,1
0.14,0.353,0.401,0,0,1,1
0.14,0.353,0.404,0,0,1,1
0.14,0.353,0.407,0,0,1,1
0.14,0.353,0.41,0,0,1,1
0.14,0.353,0.413,0,0,1,1
0.14,0.353,0.416,0,0,1,1
0.14,0.353,0.419,0,0,1,1
0.14,0.353,0.422,0,0,1,1
0.14,0.353,0.425,0,0,1,1
0.14,0.353,0.427999,0,0,1,1
0.14,0.353,0.430999,0,0,1,1
0.14,0.353,0.433999,0,0,1,1
0.14,0.353,0.436999,0,0,1,1
0.14,0.353,0.439999,0,0,1,1
0.14,0.35,0.26,0,0,1,1
0.14,0.35,0.263,0,0,1,1
0.14,0.35,0.266,0,0,1,1
0.14,0.35,0.269,0,0,1,1
0.14,0.35,0.272,0,0,1,1
0.14,0.35,0.275,0,0,1,1
0.14,0.35,0.278,0,0,1,1
0.14,0.35,0.281,0,0,1,1
0.14,0.35,0.284,0,0,1,1
0.14,0.35,0.287,0,0,1,1
0.14,0.35,0.29,0,0,1,1
0.14,0.35,0.293,0,0,1,1
0.14,0.35,0.296,0,0,1,1
0.14,0.35,0.299,0,0,1,1
0.14,0.35,0.302,0,0,1,1
0.14,0.35,0.305,0,0,1,1
0.14,0.35,0.308,0,0,1,1
0.14,0.35,0.311,0,0,1,1
0.14,0.35,0.314,0,0,1,1
0.14,0.35,0.317,0,0,1,1
0.14,0.35,0.32,0,0,1,1
0.14,0.35,0.323,0,0,1,1
0.14,0.35,0.326,0,0,1,1
0.14,0.35,0.329,0,0,1,1
0.14,0.35,0.332,0,0,1,1
0.14,0.35,0.335,0,0,1,1
0.14,0.35,0.338,0,0,1,1
0.14,0.35,0.341,0,0,1,1
0.14,0.35,0.344,0,0,1,1
0.14,0.35,0.347,0,0,1,1
0.14,0.35,0.35,0,0,1,1
0.14,0.35,0.353,0,0,1,1
0.14,0.35,0.356,0,0,1,1
0.14,0.35,0.359,0,0,1,1
0.14,0.35,0.362,0,0,1,1
0.14,0.35,0.365,0,0,1,1
0.14,0.35,0.368,0,0,1,1
0.14,0.35,0.371,0,0,1,1
0.14,0.35,0.374,0,0,1,1
0.14,0.35,0.377,0,0,1,1
0.14,0.35,0.38,0,0,1,1
0.14,0.35,0.383,0,0,1,1
0.14,0.35,0.386,0,0,1,1
0.14,0.35,0.389,0,0,1,1
0.14,0.35,0.392,0,0,1,1
0.14,0.35,0.395,0,0,1,1
0.14,0.35,0.398,0,0,1,1
0.14,0.35,0.401,0,0,1,1
0.14,0.35,0.404,0,0,1,1
0.14,0.35,0.407,0,0,1,1
0.14,0.35,0.41,0,0,1,1
0.14,0.35,0.413,0,0,1,1
0.14,0.35,0.416,0,0,1,1
0.14,0.35,0.419,0,0,1,1
0.14,0.35,0.422,0,0,1,1
0.14,0.35,0.425,0,0,1,1
0.14,0.35,0.427999,0,0,1,1
0.14,0.35,0.430999,0,0,1,1
0.14,0.35,0.433999,0,0,1,1
0.14,0.35,0.436999,0,0,1,1
0.14,0.35,0.439999,0,0,1,1
0.14,0.347,0.26,0,0,1,1
0.14,0.347,0.263,0,0,1,1
0.14,0.347,0.266,0,0,1,1
0.14,0.347,0.269,0,0,1,1
0.14,0.347,0.272,0,0,1,1
0.14,0.347,0.275,0,0,1,1
0.14,0.347,0.278,0,0,1,1
0.14,0.347,0.281,0,0,1,1
0.14,0.347,0.284,0,0,1,1
0.14,0.347,0.287,0,0,1,1
0.14,0.347,0.29,0,0,1,1
0.14,0.347,0.293,0,0,1,1
0.14,0.347,0.296,0,0,1,1
0.14,0.347,0.299,0,0,1,1
0.14,0.347,0.302,0,0,1,1
0.14,0.347,0.305,0,0,1,1
0.14,0.347,0.308,0,0,1,1
0.14,0.347,0.311,0,0,1,1
0.14,0.347,0.314,0,0,1,1
0.14,0.347,0.317,0,0,1,1
0.14,0.347,0.32,0,0,1,1
0.14,0.347,0.323,0,0,1,1
0.14,0.347,0.326,0,0,1,1
0.14,0.347,0.329,0,0,1,1
0.14,0.347,0.332,0,0,1,1
0.14,0.347,0.335,0,0,1,1
0.14,0.347,0.338,0,0,1,1
0.14,0.347,0.341,0,0,1,1
0.14,0.347,0.344,0,0,1,1
0.14,0.347,0.347,0,0,1,1
0.14,0.347,0.35,0,0,1,1
0.14,0.347,0.353,0,0,1,1
0.14,0.347,0.356,0,0,1,1
0.14,0.347,0.359,0,0,1,1
0.14,0.347,0.362,0,0,1,1
0.14,0.347,0.365,0,0,1,1
0.14,0.347,0.368,0,0,1,1
0.14,0.347,0.371,0,0,1,1
0.14,0.347,0.374,0,0,1,1
0.14,0.347,0.377,0,0,1,1
0.14,0.347,0.38,0,0,1,1
0.14,0.347,0.383,0,0,1,1
0.14,0.347,0.386,0,0,1,1
0.14,0.347,0.389,0,0,1,1
0.14,0.347,0.392,0,0,1,1
0.14,0.347,0.395,0,0,1,1
0.14,0.347,0.398,0,0,1,1
0.14,0.347,0.401,0,0,1,1
0.14,0.347,0.404,0,0,1,1
0.14,0.347,0.407,0,0,1,1
0.14,0.347,0.41,0,0,1,1
0.14,0.347,0.413,0,0,1,1
0.14,0.347,0.416,0,0,1,1
0.14,0.347,0.419,0,0,1,1
0.14,0.347,0.422,0,0,1,1
0.14,0.347,0.425,0,0,1,1
0.14,0.347,0.427999,0,0,1,1
0.14,0.347,0.430999,0,0,1,1
0.14,0.347,0.433999,0,0,1,1
0.14,0.347,0.436999,0,0,1,1
0.14,0.347,0.439999,0,0,1,1
0.14,0.344,0.26,0,0,1,1
0.14,0.344,0.263,0,0,1,1
0.14,0.344,0.266,0,0,1,1
0.14,0.344,0.269,0,0,1,1
0.14,0.344,0.272,0,0,1,1
0.14,0.344,0.275,0,0,1,1
0.14,0.344,0.278,0,0,1,1
0.14,0.344,0.281,0,0,1,1
0.14,0.344,0.284,0,0,1,1
0.14,0.344,0.287,0,0,1,1
0.14,0.344,0.29,0,0,1,1
0.14,0.344,0.293,0,0,1,1
0.14,0.344,0.296,0,0,1,1
0.14,0.344,0.299,0,0,1,1
0.14,0.344,0.302,0,0,1,1
0.14,0.344,0.305,0,0,1,1
0.14,0.344,0.308,0,0,1,1
0.14,0.344,0.311,0,0,1,1
0.14,0.344,0.314,0,0,1,1
0.14,0.344,0.317,0,0,1,1
0.14,0.344,0.32,0,0,1,1
0.14,0.344,0.323,0,0,1,1
0.14,0.344,0.326,0,0,1,1
0.14,0.344,0.329,0,0,1,1
0.14,0.344,0.332,0,0,1,1
0.14,0.344,0.335,0,0,1,1
0.14,0.344,0.338,0,0,1,1
0.14,0.344,0.341,0,0,1,1
0.14,0.344,0.344,0,0,1,1
0.14,0.344,0.347,0,0,1,1
0.14,0.344,0.35,0,0,1,1
0.14,0.344,0.353,0,0,1,1
0.14,0.344,0.356,0,0,1,1
0.14,0.344,0.359,0,0,1,1
0.14,0.344,0.362,0,0,1,1
0.14,0.344,0.365,0,0,1,1
0.14,0.344,0.368,0,0,1,1
0.14,0.344,0.371,0,0,1,1
0.14,0.344,0.374,0,0,1,1
0.14,0.344,0.377,0,0,1,1
0.14,0.344,0.38,0,0,1,1
0.14,0.344,0.383,0,0,1,1
0.14,0.344,0.386,0,0,1,1
0.14,0.344,0.389,0,0,1,1
0.14,0.344,0.392,0,0,1,1
0.14,0.344,0.395,0,0,1,1
0.14,0.344,0.398,0,0,1,1
0.14,0.344,0.401,0,0,1,1
0.14,0.344,0.404,0,0,1,1
0.14,0.344,0.407,0,0,1,1
0.14,0.344,0.41,0,0,1,1
0.14,0.344,0.413,0,0,1,1
0.14,0.344,0.416,0,0,1,1
0.14,0.344,0.419,0,0,1,1
0.14,0.344,0.422,0,0,1,1
0.14,0.344,0.425,0,0,1,1
0.14,0.344,0.427999,0,0,1,1
0.14,0.344,0.430999,0,0,1,1
0.14,0.344,0.433999,0,0,1,1
0.14,0.344,0.436999,0,0,1,1
0.14,0.344,0.439999,0,0,1,1
0.14,0.341,0.26,0,0,1,1
0.14,0.341,0.263,0,0,1,1
0.14,0.341,0.266,0,0,1,1
0.14,0.341,0.269,0,0,1,1
0.14,0.341,0.272,0,0,1,1
0.14,0.341,0.275,0,0,1,1
0.14,0.341,0.278,0,0,1,1
0.14,0.341,0.281,0,0,1,1
0.14,0.341,0.284,0,0,1,1
0.14,0.341,0.287,0,0,1,1
0.14,0.341,0.29,0,0,1,1
0.14,0.341,0.293,0,0,1,1
0.14,0.341,0.296,0,0,1,1
0.14,0.341,0.299,0,0,1,1
0.14,0.341,0.302,0,0,1,1
0.14,0.341,0.305,0,0,1,1
0.14,0.341,0.308,0,0,1,1
0.14,0.341,0.311,0,0,1,1
0.14,0.341,0.314,0,0,1,1
0.14,0.341,0.317,0,0,1,1
0.14,0.341,0.32,0,0,1,1
0.14,0.341,0.323,0,0,1,1
0.14,0.341,0.326,0,0,1,1
0.14,0.341,0.329,0,0,1,1
0.14,0.341,0.332,0,0,1,1
0.14,0.341,0.335,0,0,1,1
0.14,0.341,0.338,0,0,1,1
0.14,0.341,0.341,0,0,1,1
0.14,0.341,0.344,0,0,1,1
0.14,0.341,0.347,0,0,1,1
0.14,0.341,0.35,0,0,1,1
0.14,0.341,0.353,0,0,1,1
0.14,0.341,0.356,0,0,1,1
0.14,0.341,0.359,0,0,1,1
0.14,0.341,0.362,0,0,1,1
0.14,0.341,0.365,0,0,1,1
0.14,0.341,0.368,0,0,1,1
0.14,0.341,0.371,0,0,1,1
0.14,0.341,0.374,0,0,1,1
0.14,0.341,0.377,0,0,1,1
0.14,0.341,0.38,0,0,1,1
0.14,0.341,0.383,0,0,1,1
0.14,0.341,0.386,0,0,1,1
0.14,0.341,0.389,0,0,1,1
0.14,0.341,0.392,0,0,1,1
0.14,0.341,0.395,0,0,1,1
0.14,0.341,0.398,0,0,1,1
0.14,0.341,0.401,0,0,1,1
0.14,0.341,0.404,0,0,1,1
0.14,0.341,0.407,0,0,1,1
0.14,0.341,0.41,0,0,1,1
0.14,0.341,0.413,0,0,1,1
0.14,0.341,0.416,0,0,1,1
0.14,0.341,0.419,0,0,1,1
0.14,0.341,0.422,0,0,1,1
0.14,0.341,0.425,0,0,1,1
0.14,0.341,0.427999,0,0,1,1
0.14,0.341,0.430999,0,0,1,1
0.14,0.341,0.433999,0,0,1,1
0.14,0.341,0.436999,0,0,1,1
0.14,0.341,0.439999,0,0,1,1
0.14,0.338,0.26,0,0,1,1
0.14,0.338,0.263,0,0,1,1
0.14,0.338,0.266,0,0,1,1
0.14,0.338,0.269,0,0,1,1
0.14,0.338,0.272,0,0,1,1
0.14,0.338,0.275,0,0,1,1
0.14,0.338,0.278,0,0,1,1
0.14,0.338,0.281,0,0,1,1
0.14,0.338,0.284,0,0,1,1
0.14,0.338,0.287,0,0,1,1
0.14,0.338,0.29,0,0,1,1
0.14,0.338,0.293,0,0,1,1
0.14,0.338,0.296,0,0,1,1
0.14,0.338,0.299,0,0,1,1
0.14,0.338,0.302,0,0,1,1
0.14,0.338,0.305,0,0,1,1
0.14,0.338,0.308,0,0,1,1
0.14,0.338,0.311,0,0,1,1
0.14,0.338,0.314,0,0,1,1
0.14,0.338,0.317,0,0,1,1
0.14,0.338,0.32,0,0,1,1
0.14,0.338,0.323,0,0,1,1
0.14,0.338,0.326,0,0,1,1
0.14,0.338,0.329,0,0,1,1
0.14,0.338,0.332,0,0,1,1
0.14,0.338,0.335,0,0,1,1
0.14,0.338,0.338,0,0,1,1
0.14,0.338,0.341,0,0,1,1
0.14,0.338,0.344,0,0,1,1
0.14,0.338,0.347,0,0,1,1
0.14,0.338,0.35,0,0,1,1
0.14,0.338,0.353,0,0,1,1
0.14,0.338,0.356,0,0,1,1
0.14,0.338,0.359,0,0,1,1
0.14,0.338,0.362,0,0,1,1
0.14,0.338,0.365,0,0,1,1
0.14,0.338,0.368,0,0,1,1
0.14,0.338,0.371,0,0,1,1
0.14,0.338,0.374,0,0,1,1
0.14,0.338,0.377,0,0,1,1
0.14,0.338,0.38,0,0,1,1
0.14,0.338,0.383,0,0,1,1
0.14,0.338,0.386,0,0,1,1
0.14,0.338,0.389,0,0,1,1
0.14,0.338,0.392,0,0,1,1
0.14,0.338,0.395,0,0,1,1
0.14,0.338,0.398,0,0,1,1
0.14,0.338,0.401,0,0,1,1
0.14,0.338,0.404,0,0,1,1
0.14,0.338,0.407,0,0,1,1
0.14,0.338,0.41,0,0,1,1
0.14,0.338,0.413,0,0,1,1
0.14,0.338,0.416,0,0,1,1
0.14,0.338,0.419,0,0,1,1
0.14,0.338,0.422,0,0,1,1
0.14,0.338,0.425,0,0,1,1
0.14,0.338,0.427999,0,0,1,1
0.14,0.338,0.430999,0,0,1,1
0.14,0.338,0.433999,0,0,1,1
0.14,0.338,0.436999,0,0,1,1
0.14,0.338,0.439999,0,0,1,1
0.14,0.335,0.26,0,0,1,1
0.14,0.335,0.263,0,0,1,1
0.14,0.335,0.266,0,0,1,1
0.14,0.335,0.269,0,0,1,1
0.14,0.335,0.272,0,0,1,1
0.14,0.335,0.275,0,0,1,1
0.14,0.335,0.278,0,0,1,1
0.14,0.335,0.281,0,0,1,1
0.14,0.335,0.284,0,0,1,1
0.14,0.335,0.287,0,0,1,1
0.14,0.335,0.29,0,0,1,1
0.14,0.335,0.293,0,0,1,1
0.14,0.335,0.296,0,0,1,1
0.14,0.335,0.299,0,0,1,1
0.14,0.335,0.302,0,0,1,1
0.14,0.335,0.305,0,0,1,1
0.14,0.335,0.308,0,0,1,1
0.14,0.335,0.311,0,0,1,1
0.14,0.335,0.314,0,0,1,1
0.14,0.335,0.317,0,0,1,1
0.14,0.335,0.32,0,0,1,1
0.14,0.335,0.323,0,0,1,1
0.14,0.335,0.326,0,0,1,1
0.14,0.335,0.329,0,0,1,1
0.14,0.335,0.332,0,0,1,1
0.14,0.335,0.335,0,0,1,1
0.14,0.335,0.338,0,0,1,1
0.14,0.335,0.341,0,0,1,1
0.14,0.335,0.344,0,0,1,1
0.14,0.335,0.347,0,0,1,1
0.14,0.335,0.35,0,0,1,1
0.14,0.335,0.353,0,0,1,1
0.14,0.335,0.356,0,0,1,1
0.14,0.335,0.359,0,0,1,1
0.14,0.335,0.362,0,0,1,1
0.14,0.335,0.365,0,0,1,1
0.14,0.335,0.368,0,0,1,1
0.14,0.335,0.371,0,0,1,1
0.14,0.335,0.374,0,0,1,1
0.14,0.335,0.377,0,0,1,1
0.14,0.335,0.38,0,0,1,1
0.14,0.335,0.383,0,0,1,1
0.14,0.335,0.386,0,0,1,1
0.14,0.335,0.389,0,0,1,1
0.14,0.335,0.392,0,0,1,1
0.14,0.335,0.395,0,0,1,1
0.14,0.335,0.398,0,0,1,1
0.14,0.335,0.401,0,0,1,1
0.14,0.335,0.404,0,0,1,1
0.14,0.335,0.407,0,0,1,1
0.14,0.335,0.41,0,0,1,1
0.14,0.335,0.413,0,0,1,1
0.14,0.335,0.416,0,0,1,1
0.14,0.335,0.419,0,0,1,1
0.14,0.335,0.422,0,0,1,1
0.14,0.335,0.425,0,0,1,1
0.14,0.335,0.427999,0,0,1,1
0.14,0.335,0.430999,0,0,1,1
0.14,0.335,0.433999,0,0,1,1
0.14,0.335,0.436999,0,0,1,1
0.14,0.335,0.439999,0,0,1,1
0.14,0.332,0.26,0,0,1,1
0.14,0.332,0.263,0,0,1,1
0.14,0.332,0.266,0,0,1,1
0.14,0.332,0.269,0,0,1,1
0.14,0.332,0.272,0,0,1,1
0.14,0.332,0.275,0,0,1,1
0.14,0.332,0.278,0,0,1,1
0.14,0.332,0.281,0,0,1,1
0.14,0.332,0.284,0,0,1,1
0.14,0.332,0.287,0,0,1,1
0.14,0.332,0.29,0,0,1,1
0.14,0.332,0.293,0,0,1,1
0.14,0.332,0.296,0,0,1,1
0.14,0.332,0.299,0,0,1,1
0.14,0.332,0.302,0,0,1,1
0.14,0.332,0.305,0,0,1,1
0.14,0.332,0.308,0,0,1,1
0.14,0.332,0.311,0,0,1,1
0.14,0.332,0.314,0,0,1,1
0.14,0.332,0.317,0,0,1,1
0.14,0.332,0.32,0,0,1,1
0.14,0.332,0.323,0,0,1,1
0.14,0.332,0.326,0,0,1,1
0.14,0.332,0.329,0,0,1,1
0.14,0.332,0.332,0,0,1,1
0.14,0.332,0.335,0,0,1,1
0.14,0.332,0.338,0,0,1,1
0.14,0.332,0.341,0,0,1,1
0.14,0.332,0.344,0,0,1,1
0.14,0.332,0.347,0,0,1,1
0.14,0.332,0.35,0,0,1,1
0.14,0.332,0.353,0,0,1,1
0.14,0.332,0.356,0,0,1,1
0.14,0.332,0.359,0,0,1,1
0.14,0.332,0.362,0,0,1,1
0.14,0.332,0.365,0,0,1,1
0.14,0.332,0.368,0,0,1,1
0.14,0.332,0.371,0,0,1,1
0.14,0.332,0.374,0,0,1,1
0.14,0.332,0.377,0,0,1,1
0.14,0.332,0.38,0,0,1,1
0.14,0.332,0.383,0,0,1,1
0.14,0.332,0.386,0,0,1,1
0.14,0.332,0.389,0,0,1,1
0.14,0.332,0.392,0,0,1,1
0.14,0.332,0.395,0,0,1,1
0.14,0.332,0.398,0,0,1,1
0.14,0.332,0.401,0,0,1,1
0.14,0.332,0.404,0,0,1,1
0.14,0.332,0.407,0,0,1,1
0.14,0.332,0.41,0,0,1,1
0.14,0.332,0.413,0,0,1,1
0.14,0.332,0.416,0,0,1,1
0.14,0.332,0.419,0,0,1,1
0.14,0.332,0.422,0,0,1,1
0.14,0.332,0.425,0,0,1,1
0.14,0.332,0.427999,0,0,1,1
0.14,0.332,0.430999,0,0,1,1
0.14,0.332,0.433999,0,0,1,1
0.14,0.332,0.436999,0,0,1,1
0.14,0.332,0.439999,0,0,1,1
0.14,0.329,0.26,0,0,1,1
0.14,0.329,0.263,0,0,1,1
0.14,0.329,0.266,0,0,1,1
0.14,0.329,0.269,0,0,1,1
0.14,0.329,0.272,0,0,1,1
0.14,0.329,0.275,0,0,1,1
0.14,0.329,0.278,0,0,1,1
0.14,0.329,0.281,0,0,1,1
0.14,0.329,0.284,0,0,1,1
0.14,0.329,0.287,0,0,1,1
0.14,0.329,0.29,0,0,1,1
0.14,0.329,0.293,0,0,1,1
0.14,0.329,0.296,0,0,1,1
0.14,0.329,0.299,0,0,1,1
0.14,0.329,0.302,0,0,1,1
0.14,0.329,0.305,0,0,1,1
0.14,0.329,0.308,0,0,1,1
0.14,0.329,0.311,0,0,1,1
0.14,0.329,0.314,0,0,1,1
0.14,0.329,0.317,0,0,1,1
0.14,0.329,0.32,0,0,1,1
0.14,0.329,0.323,0,0,1,1
0.14,0.329,0.326,0,0,1,1
0.14,0.329,0.329,0,0,1,1
0.14,0.329,0.332,0,0,1,1
0.14,0.329,0.335,0,0,1,1
0.14,0.329,0.338,0,0,1,1
0.14,0.329,0.341,0,0,1,1
0.14,0.329,0.344,0,0,1,1
0.14,0.329,0.347,0,0,1,1
0.14,0.329,0.35,0,0,1,1
0.14,0.329,0.353,0,0,1,1
0.14,0.329,0.356,0,0,1,1
0.14,0.329,0.359,0,0,1,1
0.14,0.329,0.362,0,0,1,1
0.14,0.329,0.365,0,0,1,1
0.14,0.329,0.368,0,0,1,1
0.14,0.329,0.371,0,0,1,1
0.14,0.329,0.374,0,0,1,1
0.14,0.329,0.377,0,0,1,1
0.14,0.329,0.38,0,0,1,1
0.14,0.329,0.383,0,0,1,1
0.14,0.329,0.386,0,0,1,1
0.14,0.329,0.389,0,0,1,1
0.14,0.329,0.392,0,0,1,1
0.14,0.329,0.395,0,0,1,1
0.14,0.329,0.398,0,0,1,1
0.14,0.329,0.401,0,0,1,1
0.14,0.329,0.404,0,0,1,1
0.14,0.329,0.407,0,0,1,1
0.14,0.329,0.41,0,0,1,1
0.14,0.329,0.413,0,0,1,1
0.14,0.329,0.416,0,0,1,1
0.14,0.329,0.419,0,0,1,1
0.14,0.329,0.422,0,0,1,1
0.14,0.329,0.425,0,0,1,1
0.14,0.329,0.427999,0,0,1,1
0.14,0.329,0.430999,0,0,1,1
0.14,0.329,0.433999,0,0,1,1
0.14,0.329,0.436999,0,0,1,1
0.14,0.329,0.439999,0,0,1,1
0.14,0.326,0.26,0,0,1,1
0.14,0.326,0.263,0,0,1,1
0.14,0.326,0.266,0,0,1,1
0.14,0.326,0.269,0,0,1,1
0.14,0.326,0.272,0,0,1,1
0.14,0.326,0.275,0,0,1,1
0.14,0.326,0.278,0,0,1,1
0.14,0.326,0.281,0,0,1,1
0.14,0.326,0.284,0,0,1,1
0.14,0.326,0.287,0,0,1,1
0.14,0.326,0.29,0,0,1,1
0.14,0.326,0.293,0,0,1,1
0.14,0.326,0.296,0,0,1,1
0.14,0.326,0.299,0,0,1,1
0.14,0.326,0.302,0,0,1,1
0.14,0.326,0.305,0,0,1,1
0.14,0.326,0.308,0,0,1,1
0.14,0.326,0.311,0,0,1,1
0.14,0.326,0.314,0,0,1,1
0.14,0.326,0.317,0,0,1,1
0.14,0.326,0.32,0,0,1,1
0.14,0.326,0.323,0,0,1,1
0.14,0.326,0.326,0,0,1,1
0.14,0.326,0.329,0,0,1,1
0.14,0.326,0.332,0,0,1,1
0.14,0.326,0.335,0,0,1,1
0.14,0.326,0.338,0,0,1,1
0.14,0.326,0.341,0,0,1,1
0.14,0.326,0.344,0,0,1,1
0.14,0.326,0.347,0,0,1,1
0.14,0.326,0.35,0,0,1,1
0.14,0.326,0.353,0,0,1,1
0.14,0.326,0.356,0,0,1,1
0.14,0.326,0.359,0,0,1,1
0.14,0.326,0.362,0,0,1,1
0.14,0.326,0.365,0,0,1,1
0.14,0.326,0.368,0,0,1,1
0.14,0.326,0.371,0,0,1,1
0.14,0.326,0.374,0,0,1,1
0.14,0.326,0.377,0,0,1,1
0.14,0.326,0.38,0,0,1,1
0.14,0.326,0.383,0,0,1,1
0.14,0.326,0.386,0,0,1,1
0.14,0.326,0.389,0,0,1,1
0.14,0.326,0.392,0,0,1,1
0.14,0.326,0.395,0,0,1,1
0.14,0.326,0.398,0,0,1,1
0.14,0.326,0.401,0,0,1,1
0.14,0.326,0.404,0,0,1,1
0.14,0.326,0.407,0,0,1,1
0.14,0.326,0.41,0,0,1,1
0.14,0.326,0.413,0,0,1,1
0.14,0.326,0.416,0,0,1,1
0.14,0.326,0.419,0,0,1,1
0.14,0.326,0.422,0,0,1,1
0.14,0.326,0.425,0,0,1,1
0.14,0.326,0.427999,0,0,1,1
0.14,0.326,0.430999,0,0,1,1
0.14,0.326,0.433999,0,0,1,1
0.14,0.326,0.436999,0,0,1,1
0.14,0.326,0.439999,0,0,1,1
0.14,0.323,0.26,0,0,1,1
0.14,0.323,0.263,0,0,1,1
0.14,0.323,0.266,0,0,1,1
0.14,0.323,0.269,0,0,1,1
0.14,0.323,0.272,0,0,1,1
0.14,0.323,0.275,0,0,1,1
0.14,0.323,0.278,0,0,1,1
0.14,0.323,0.281,0,0,1,1
0.14,0.323,0.284,0,0,1,1
0.14,0.323,0.287,0,0,1,1
0.14,0.323,0.29,0,0,1,1
0.14,0.323,0.293,0,0,1,1
0.14,0.323,0.296,0,0,1,1
0.14,0.323,0.299,0,0,1,1
0.14,0.323,0.302,0,0,1,1
0.14,0.323,0.305,0,0,1,1
0.14,0.323,0.308,0,0,1,1
0.14,0.323,0.311,0,0,1,1
0.14,0.323,0.314,0,0,1,1
0.14,0.323,0.317,0,0,1,1
0.14,0.323,0.32,0,0,1,1
0.14,0.323,0.323,0,0,1,1
0.14,0.323,0.326,0,0,1,1
0.14,0.323,0.329,0,0,1,1
0.14,0.323,0.332,0,0,1,1
0.14,0.323,0.335,0,0,1,1
0.14,0.323,0.338,0,0,1,1
0.14,0.323,0.341,0,0,1,1
0.14,0.323,0.344,0,0,1,1
0.14,0.323,0.347,0,0,1,1
0.14,0.323,0.35,0,0,1,1
0.14,0.323,0.353,0,0,1,1
0.14,0.323,0.356,0,0,1,1
0.14,0.323,0.359,0,0,1,1
0.14,0.323,0.362,0,0,1,1
0.14,0.323,0.365,0,0,1,1
0.14,0.323,0.368,0,0,1,1
0.14,0.323,0.371,0,0,1,1
0.14,0.323,0.374,0,0,1,1
0.14,0.323,0.377,0,0,1,1
0.14,0.323,0.38,0,0,1,1
0.14,0.323,0.383,0,0,1,1
0.14,0.323,0.386,0,0,1,1
0.14,0.323,0.389,0,0,1,1
0.14,0.323,0.392,0,0,1,1
0.14,0.323,0.395,0,0,1,1
0.14,0.323,0.398,0,0,1,1
0.14,0.323,0.401,0,0,1,1
0.14,0.323,0.404,0,0,1,1
0.14,0.323,0.407,0,0,1,1
0.14,0.323,0.41,0,0,1,1
0.14,0.323,0.413,0,0,1,1
0.14,0.323,0.416,0,0,1,1
0.14,0.323,0.419,0,0,1,1
0.14,0.323,0.422,0,0,1,1
0.14,0.323,0.425,0,0,1,1
0.14,0.323,0.427999,0,0,1,1
0.14,0.323,0.430999,0,0,1,1
0.14,0.323,0.433999,0,0,1,1
0.14,0.323,0.436999,0,0,1,1
0.14,0.323,0.439999,0,0,1,1
0.14,0.32,0.26,0,0,1,1
0.14,0.32,0.263,0,0,1,1
0.14,0.32,0.266,0,0,1,1
0.14,0.32,0.269,0,0,1,1
0.14,0.32,0.272,0,0,1,1
0.14,0.32,0.275,0,0,1,1
0.14,0.32,0.278,0,0,1,1
0.14,0.32,0.281,0,0,1,1
0.14,0.32,0.284,0,0,1,1
0.14,0.32,0.287,0,0,1,1
0.14,0.32,0.29,0,0,1,1
0.14,0.32,0.293,0,0,1,1
0.14,0.32,0.296,0,0,1,1
0.14,0.32,0.299,0,0,1,1
0.14,0.32,0.302,0,0,1,1
0.14,0.32,0.305,0,0,1,1
0.14,0.32,0.308,0,0,1,1
0.14,0.32,0.311,0,0,1,1
0.14,0.32,0.314,0,0,1,1
0.14,0.32,0.317,0,0,1,1
0.14,0.32,0.32,0,0,1,1
0.14,0.32,0.323,0,0,1,1
0.14,0.32,0.326,0,0,1,1
0.14,0.32,0.329,0,0,1,1
0.14,0.32,0.332,0,0,1,1
0.14,0.32,0.335,0,0,1,1
0.14,0.32,0.338,0,0,1,1
0.14,0.32,0.341,0,0,1,1
0.14,0.32,0.344,0,0,1,1
0.14,0.32,0.347,0,0,1,1
0.14,0.32,0.35,0,0,1,1
0.14,0.32,0.353,0,0,1,1
0.14,0.32,0.356,0,0,1,1
0.14,0.32,0.359,0,0,1,1
0.14,0.32,0.362,0,0,1,1
0.14,0.32,0.365,0,0,1,1
0.14,0.32,0.368,0,0,1,1
0.14,0.32,0.371,0,0,1,1
0.14,0.32,0.374,0,0,1,1
0.14,0.32,0.377,0,0,1,1
0.14,0.32,0.38,0,0,1,1
0.14,0.32,0.383,0,0,1,1
0.14,0.32,0.386,0,0,1,1
0.14,0.32,0.389,0,0,1,1
0.14,0.32,0.392,0,0,1,1
0.14,0.32,0.395,0,0,1,1
0.14,0.32,0.398,0,0,1,1
0.14,0.32,0.401,0,0,1,1
0.14,0.32,0.404,0,0,1,1
0.14,0.32,0.407,0,0,1,1
0.14,0.32,0.41,0,0,1,1
0.14,0.32,0.413,0,0,1,1
0.14,0.32,0.416,0,0,1,1
0.14,0.32,0.419,0,0,1,1
0.14,0.32,0.422,0,0,1,1
0.14,0.32,0.425,0,0,1,1
0.14,0.32,0.427999,0,0,1,1
0.14,0.32,0.430999,0,0,1,1
0.14,0.32,0.433999,0,0,1,1
0.14,0.32,0.436999,0,0,1,1
0.14,0.32,0.439999,0,0,1,1
0.14,0.317,0.26,0,0,1,1
0.14,0.317,0.263,0,0,1,1
0.14,0.317,0.266,0,0,1,1
0.14,0.317,0.269,0,0,1,1
0.14,0.317,0.272,0,0,1,1
0.14,0.317,0.275,0,0,1,1
0.14,0.317,0.278,0,0,1,1
0.14,0.317,0.281,0,0,1,1
0.14,0.317,0.284,0,0,1,1
0.14,0.317,0.287,0,0,1,1
0.14,0.317,0.29,0,0,1,1
0.14,0.317,0.293,0,0,1,1
0.14,0.317,0.296,0,0,1,1
0.14,0.317,0.299,0,0,1,1
0.14,0.317,0.302,0,0,1,1
0.14,0.317,0.305,0,0,1,1
0.14,0.317,0.308,0,0,1,1
0.14,0.317,0.311,0,0,1,1
0.14,0.317,0.314,0,0,1,1
0.14,0.317,0.317,0,0,1,1
0.14,0.317,0.32,0,0,1,1
0.14,0.317,0.323,0,0,1,1
0.14,0.317,0.326,0,0,1,1
0.14,0.317,0.329,0,0,1,1
0.14,0.317,0.332,0,0,1,1
0.14,0.317,0.335,0,0,1,1
0.14,0.317,0.338,0,0,1,1
0.14,0.317,0.341,0,0,1,1
0.14,0.317,0.344,0,0,1,1
0.14,0.317,0.347,0,0,1,1
0.14,0.317,0.35,0,0,1,1
0.14,0.317,0.353,0,0,1,1
0.14,0.317,0.356,0,0,1,1
0.14,0.317,0.359,0,0,1,1
0.14,0.317,0.362,0,0,1,1
0.14,0.317,0.365,0,0,1,1
0.14,0.317,0.368,0,0,1,1
0.14,0.317,0.371,0,0,1,1
0.14,0.317,0.374,0,0,1,1
0.14,0.317,0.377,0,0,1,1
0.14,0.317,0.38,0,0,1,1
0.14,0.317,0.383,0,0,1,1
0.14,0.317,0.386,0,0,1,1
0.14,0.317,0.389,0,0,1,1
0.14,0.317,0.392,0,0,1,1
0.14,0.317,0.395,0,0,1,1
0.14,0.317,0.398,0,0,1,1
0.14,0.317,0.401,0,0,1,1
0.14,0.317,0.404,0,0,1,1
0.14,0.317,0.407,0,0,1,1
0.14,0.317,0.41,0,0,1,1
0.14,0.317,0.413,0,0,1,1
0.14,0.317,0.416,0,0,1,1
0.14,0.317,0.419,0,0,1,1
0.14,0.317,0.422,0,0,1,1
0.14,0.317,0.425,0,0,1,1
0.14,0.317,0.427999,0,0,1,1
0.14,0.317,0.430999,0,0,1,1
0.14,0.317,0.433999,0,0,1,1
0.14,0.317,0.436999,0,0,1,1
0.14,0.317,0.439999,0,0,1,1
0.14,0.314,0.26,0,0,1,1
0.14,0.314,0.263,0,0,1,1
0.14,0.314,0.266,0,0,1,1
0.14,0.314,0.269,0,0,1,1
0.14,0.314,0.272,0,0,1,1
0.14,0.314,0.275,0,0,1,1
0.14,0.314,0.278,0,0,1,1
0.14,0.314,0.281,0,0,1,1
0.14,0.314,0.284,0,0,1,1
0.14,0.314,0.287,0,0,1,1
0.14,0.314,0.29,0,0,1,1
0.14,0.314,0.293,0,0,1,1
0.14,0.314,0.296,0,0,1,1
0.14,0.314,0.299,0,0,1,1
0.14,0.314,0.302,0,0,1,1
0.14,0.314,0.305,0,0,1,1
0.14,0.314,0.308,0,0,1,1
0.14,0.314,0.311,0,0,1,1
0.14,0.314,0.314,0,0,1,1
0.14,0.314,0.317,0,0,1,1
0.14,0.314,0.32,0,0,1,1
0.14,0.314,0.323,0,0,1,1
0.14,0.314,0.326,0,0,1,1
0.14,0.314,0.329,0,0,1,1
0.14,0.314,0.332,0,0,1,1
0.14,0.314,0.335,0,0,1,1
0.14,0.314,0.338,0,0,1,1
0.14,0.314,0.341,0,0,1,1
0.14,0.314,0.344,0,0,1,1
0.14,0.314,0.347,0,0,1,1
0.14,0.314,0.35,0,0,1,1
0.14,0.314,0.353,0,0,1,1
0.14,0.314,0.356,0,0,1,1
0.14,0.314,0.359,0,0,1,1
0.14,0.314,0.362,0,0,1,1
0.14,0.314,0.365,0,0,1,1
0.14,0.314,0.368,0,0,1,1
0.14,0.314,0.371,0,0,1,1
0.14,0.314,0.374,0,0,1,1
0.14,0.314,0.377,0,0,1,1
0.14,0.314,0.38,0,0,1,1
0.14,0.314,0.383,0,0,1,1
0.14,0.314,0.386,0,0,1,1
0.14,0.314,0.389,0,0,1,1
0.14,0.314,0.392,0,0,1,1
0.14,0.314,0.395,0,0,1,1
0.14,0.314,0.398,0,0,1,1
0.14,0.314,0.401,0,0,1,1
0.14,0.314,0.404,0,0,1,1
0.14,0.314,0.407,0,0,1,1
0.14,0.314,0.41,0,0,1,1
0.14,0.314,0.413,0,0,1,1
0.14,0.314,0.416,0,0,1,1
0.14,0.314,0.419,0,0,1,1
0.14,0.314,0.422,0,0,1,1
0.14,0.314,0.425,0,0,1,1
0.14,0.314,0.427999,0,0,1,1
0.14,0.314,0.430999,0,0,1,1
0.14,0.314,0.433999,0,0,1,1
0.14,0.314,0.436999,0,0,1,1
0.14,0.314,0.439999,0,0,1,1
0.14,0.311,0.26,0,0,1,1
0.14,0.311,0.263,0,0,1,1
0.14,0.311,0.266,0,0,1,1
0.14,0.311,0.269,0,0,1,1
0.14,0.311,0.272,0,0,1,1
0.14,0.311,0.275,0,0,1,1
0.14,0.311,0.278,0,0,1,1
0.14,0.311,0.281,0,0,1,1
0.14,0.311,0.284,0,0,1,1
0.14,0.311,0.287,0,0,1,1
0.14,0.311,0.29,0,0,1,1
0.14,0.311,0.293,0,0,1,1
0.14,0.311,0.296,0,0,1,1
0.14,0.311,0.299,0,0,1,1
0.14,0.311,0.302,0,0,1,1
0.14,0.311,0.305,0,0,1,1
0.14,0.311,0.308,0,0,1,1
0.14,0.311,0.311,0,0,1,1
0.14,0.311,0.314,0,0,1,1
0.14,0.311,0.317,0,0,1,1
0.14,0.311,0.32,0,0,1,1
0.14,0.311,0.323,0,0,1,1
0.14,0.311,0.326,0,0,1,1
0.14,0.311,0.329,0,0,1,1
0.14,0.311,0.332,0,0,1,1
0.14,0.311,0.335,0,0,1,1
0.14,0.311,0.338,0,0,1,1
0.14,0.311,0.341,0,0,1,1
0.14,0.311,0.344,0,0,1,1
0.14,0.311,0.347,0,0,1,1
0.14,0.311,0.35,0,0,1,1
0.14,0.311,0.353,0,0,1,1
0.14,0.311,0.356,0,0,1,1
0.14,0.311,0.359,0,0,1,1
0.14,0.311,0.362,0,0,1,1
0.14,0.311,0.365,0,0,1,1
0.14,0.311,0.368,0,0,1,1
0.14,0.311,0.371,0,0,1,1
0.14,0.311,0.374,0,0,1,1
0.14,0.311,0.377,0,0,1,1
0.14,0.311,0.38,0,0,1,1
0.14,0.311,0.383,0,0,1,1
0.14,0.311,0.386,0,0,1,1
0.14,0.311,0.389,0,0,1,1
0.14,0.311,0.392,0,0,1,1
0.14,0.311,0.395,0,0,1,1
0.14,0.311,0.398,0,0,1,1
0.14,0.311,0.401,0,0,1,1
0.14,0.311,0.404,0,0,1,1
0.14,0.311,0.407,0,0,1,1
0.14,0.311,0.41,0,0,1,1
0.14,0.311,0.413,0,0,1,1
0.14,0.311,0.416,0,0,1,1
0.14,0.311,0.419,0,0,1,1
0.14,0.311,0.422,0,0,1,1
0.14,0.311,0.425,0,0,1,1
0.14,0.311,0.427999,0,0,1,1
0.14,0.311,0.430999,0,0,1,1
0.14,0.311,0.433999,0,0,1,1
0.14,0.311,0.436999,0,0,1,1
0.14,0.311,0.439999,0,0,1,1
0.14,0.308,0.26,0,0,1,1
0.14,0.308,0.263,0,0,1,1
0.14,0.308,0.266,0,0,1,1
0.14,0.308,0.269,0,0,1,1
0.14,0.308,0.272,0,0,1,1
0.14,0.308,0.275,0,0,1,1
0.14,0.308,0.278,0,0,1,1
0.14,0.308,0.281,0,0,1,1
0.14,0.308,0.284,0,0,1,1
0.14,0.308,0.287,0,0,1,1
0.14,0.308,0.29,0,0,1,1
0.14,0.308,0.293,0,0,1,1
0.14,0.308,0.296,0,0,1,1
0.14,0.308,0.299,0,0,1,1
0.14,0.308,0.302,0,0,1,1
0.14,0.308,0.305,0,0,1,1
0.14,0.308,0.308,0,0,1,1
0.14,0.308,0.311,0,0,1,1
0.14,0.308,0.314,0,0,1,1
0.14,0.308,0.317,0,0,1,1
0.14,0.308,0.32,0,0,1,1
0.14,0.308,0.323,0,0,1,1
0.14,0.308,0.326,0,0,1,1
0.14,0.308,0.329,0,0,1,1
0.14,0.308,0.332,0,0,1,1
0.14,0.308,0.335,0,0,1,1
0.14,0.308,0.338,0,0,1,1
0.14,0.308,0.341,0,0,1,1
0.14,0.308,0.344,0,0,1,1
0.14,0.308,0.347,0,0,1,1
0.14,0.308,0.35,0,0,1,1
0.14,0.308,0.353,0,0,1,1
0.14,0.308,0.356,0,0,1,1
0.14,0.308,0.359,0,0,1,1
0.14,0.308,0.362,0,0,1,1
0.14,0.308,0.365,0,0,1,1
0.14,0.308,0.368,0,0,1,1
0.14,0.308,0.371,0,0,1,1
0.14,0.308,0.374,0,0,1,1
0.14,0.308,0.377,0,0,1,1
0.14,0.308,0.38,0,0,1,1
0.14,0.308,0.383,0,0,1,1
0.14,0.308,0.386,0,0,1,1
0.14,0.308,0.389,0,0,1,1
0.14,0.308,0.392,0,0,1,1
0.14,0.308,0.395,0,0,1,1
0.14,0.308,0.398,0,0,1,1
0.14,0.308,0.401,0,0,1,1
0.14,0.308,0.404,0,0,1,1
0.14,0.308,0.407,0,0,1,1
0.14,0.308,0.41,0,0,1,1
0.14,0.308,0.413,0,0,1,1
0.14,0.308,0.416,0,0,1,1
0.14,0.308,0.419,0,0,1,1
0.14,0.308,0.422,0,0,1,1
0.14,0.308,0.425,0,0,1,1
0.14,0.308,0.427999,0,0,1,1
0.14,0.308,0.430999,0,0,1,1
0.14,0.308,0.433999,0,0,1,1
0.14,0.308,0.436999,0,0,1,1
0.14,0.308,0.439999,0,0,1,1
0.14,0.305,0.26,0,0,1,1
0.14,0.305,0.263,0,0,1,1
0.14,0.305,0.266,0,0,1,1
0.14,0.305,0.269,0,0,1,1
0.14,0.305,0.272,0,0,1,1
0.14,0.305,0.275,0,0,1,1
0.14,0.305,0.278,0,0,1,1
0.14,0.305,0.281,0,0,1,1
0.14,0.305,0.284,0,0,1,1
0.14,0.305,0.287,0,0,1,1
0.14,0.305,0.29,0,0,1,1
0.14,0.305,0.293,0,0,1,1
0.14,0.305,0.296,0,0,1,1
0.14,0.305,0.299,0,0,1,1
0.14,0.305,0.302,0,0,1,1
0.14,0.305,0.305,0,0,1,1
0.14,0.305,0.308,0,0,1,1
0.14,0.305,0.311,0,0,1,1
0.14,0.305,0.314,0,0,1,1
0.14,0.305,0.317,0,0,1,1
0.14,0.305,0.32,0,0,1,1
0.14,0.305,0.323,0,0,1,1
0.14,0.305,0.326,0,0,1,1
0.14,0.305,0.329,0,0,1,1
0.14,0.305,0.332,0,0,1,1
0.14,0.305,0.335,0,0,1,1
0.14,0.305,0.338,0,0,1,1
0.14,0.305,0.341,0,0,1,1
0.14,0.305,0.344,0,0,1,1
0.14,0.305,0.347,0,0,1,1
0.14,0.305,0.35,0,0,1,1
0.14,0.305,0.353,0,0,1,1
0.14,0.305,0.356,0,0,1,1
0.14,0.305,0.359,0,0,1,1
0.14,0.305,0.362,0,0,1,1
0.14,0.305,0.365,0,0,1,1
0.14,0.305,0.368,0,0,1,1
0.14,0.305,0.371,0,0,1,1
0.14,0.305,0.374,0,0,1,1
0.14,0.305,0.377,0,0,1,1
0.14,0.305,0.38,0,0,1,1
0.14,0.305,0.383,0,0,1,1
0.14,0.305,0.386,0,0,1,1
0.14,0.305,0.389,0,0,1,1
0.14,0.305,0.392,0,0,1,1
0.14,0.305,0.395,0,0,1,1
0.14,0.305,0.398,0,0,1,1
0.14,0.305,0.401,0,0,1,1
0.14,0.305,0.404,0,0,1,1
0.14,0.305,0.407,0,0,1,1
0.14,0.305,0.41,0,0,1,1
0.14,0.305,0.413,0,0,1,1
0.14,0.305,0.416,0,0,1,1
0.14,0.305,0.419,0,0,1,1
0.14,0.305,0.422,0,0,1,1
0.14,0.305,0.425,0,0,1,1
0.14,0.305,0.427999,0,0,1,1
0.14,0.305,0.430999,0,0,1,1
0.14,0.305,0.433999,0,0,1,1
0.14,0.305,0.436999,0,0,1,1
0.14,0.305,0.439999,0,0,1,1
0.14,0.302,0.26,0,0,1,1
0.14,0.302,0.263,0,0,1,1
0.14,0.302,0.266,0,0,1,1
0.14,0.302,0.269,0,0,1,1
0.14,0.302,0.272,0,0,1,1
0.14,0.302,0.275,0,0,1,1
0.14,0.302,0.278,0,0,1,1
0.14,0.302,0.281,0,0,1,1
0.14,0.302,0.284,0,0,1,1
0.14,0.302,0.287,0,0,1,1
0.14,0.302,0.29,0,0,1,1
0.14,0.302,0.293,0,0,1,1
0.14,0.302,0.296,0,0,1,1
0.14,0.302,0.299,0,0,1,1
0.14,0.302,0.302,0,0,1,1
0.14,0.302,0.305,0,0,1,1
0.14,0.302,0.308,0,0,1,1
0.14,0.302,0.311,0,0,1,1
0.14,0.302,0.314,0,0,1,1
0.14,0.302,0.317,0,0,1,1
0.14,0.302,0.32,0,0,1,1
0.14,0.302,0.323,0,0,1,1
0.14,0.302,0.326,0,0,1,1
0.14,0.302,0.329,0,0,1,1
0.14,0.302,0.332,0,0,1,1
0.14,0.302,0.335,0,0,1,1
0.14,0.302,0.338,0,0,1,1
0.14,0.302,0.341,0,0,1,1
0.14,0.302,0.344,0,0,1,1
0.14,0.302,0.347,0,0,1,1
0.14,0.302,0.35,0,0,1,1
0.14,0.302,0.353,0,0,1,1
0.14,0.302,0.356,0,0,1,1
0.14,0.302,0.359,0,0,1,1
0.14,0.302,0.362,0,0,1,1
0.14,0.302,0.365,0,0,1,1
0.14,0.302,0.368,0,0,1,1
0.14,0.302,0.371,0,0,1,1
0.14,0.302,0.374,0,0,1,1
0.14,0.302,0.377,0,0,1,1
0.14,0.302,0.38,0,0,1,1
0.14,0.302,0.383,0,0,1,1
0.14,0.302,0.386,0,0,1,1
0.14,0.302,0.389,0,0,1,1
0.14,0.302,0.392,0,0,1,1
0.14,0.302,0.395,0,0,1,1
0.14,0.302,0.398,0,0,1,1
0.14,0.302,0.401,0,0,1,1
0.14,0.302,0.404,0,0,1,1
0.14,0.302,0.407,0,0,1,1
0.14,0.302,0.41,0,0,1,1
0.14,0.302,0.413,0,0,1,1
0.14,0.302,0.416,0,0,1,1
0.14,0.302,0.419,0,0,1,1
0.14,0.302,0.422,0,0,1,1
0.14,0.302,0.425,0,0,1,1
0.14,0.302,0.427999,0,0,1,1
0.14,0.302,0.430999,0,0,1,1
0.14,0.302,0.433999,0,0,1,1
0.14,0.302,0.436999,0,0,1,1
0.14,0.302,0.439999,0,0,1,1
0.14,0.299,0.26,0,0,1,1
0.14,0.299,0.263,0,0,1,1
0.14,0.299,0.266,0,0,1,1
0.14,0.299,0.269,0,0,1,1
0.14,0.299,0.272,0,0,1,1
0.14,0.299,0.275,0,0,1,1
0.14,0.299,0.278,0,0,1,1
0.14,0.299,0.281,0,0,1,1
0.14,0.299,0.284,0,0,1,1
0.14,0.299,0.287,0,0,1,1
0.14,0.299,0.29,0,0,1,1
0.14,0.299,0.293,0,0,1,1
0.14,0.299,0.296,0,0,1,1
0.14,0.299,0.299,0,0,1,1
0.14,0.299,0.302,0,0,1,1
0.14,0.299,0.305,0,0,1,1
0.14,0.299,0.308,0,0,1,1
0.14,0.299,0.311,0,0,1,1
0.14,0.299,0.314,0,0,1,1
0.14,0.299,0.317,0,0,1,1
0.14,0.299,0.32,0,0,1,1
0.14,0.299,0.323,0,0,1,1
0.14,0.299,0.326,0,0,1,1
0.14,0.299,0.329,0,0,1,1
0.14,0.299,0.332,0,0,1,1
0.14,0.299,0.335,0,0,1,1
0.14,0.299,0.338,0,0,1,1
0.14,0.299,0.341,0,0,1,1
0.14,0.299,0.344,0,0,1,1
0.14,0.299,0.347,0,0,1,1
0.14,0.299,0.35,0,0,1,1
0.14,0.299,0.353,0,0,1,1
0.14,0.299,0.356,0,0,1,1
0.14,0.299,0.359,0,0,1,1
0.14,0.299,0.362,0,0,1,1
0.14,0.299,0.365,0,0,1,1
0.14,0.299,0.368,0,0,1,1
0.14,0.299,0.371,0,0,1,1
0.14,0.299,0.374,0,0,1,1
0.14,0.299,0.377,0,0,1,1
0.14,0.299,0.38,0,0,1,1
0.14,0.299,0.383,0,0,1,1
0.14,0.299,0.386,0,0,1,1
0.14,0.299,0.389,0,0,1,1
0.14,0.299,0.392,0,0,1,1
0.14,0.299,0.395,0,0,1,1
0.14,0.299,0.398,0,0,1,1
0.14,0.299,0.401,0,0,1,1
0.14,0.299,0.404,0,0,1,1
0.14,0.299,0.407,0,0,1,1
0.14,0.299,0.41,0,0,1,1
0.14,0.299,0.413,0,0,1,1
0.14,0.299,0.416,0,0,1,1
0.14,0.299,0.419,0,0,1,1
0.14,0.299,0.422,0,0,1,1
0.14,0.299,0.425,0,0,1,1
0.14,0.299,0.427999,0,0,1,1
0.14,0.299,0.430999,0,0,1,1
0.14,0.299,0.433999,0,0,1,1
0.14,0.299,0.436999,0,0,1,1
0.14,0.299,0.439999,0,0,1,1
0.14,0.296,0.26,0,0,1,1
0.14,0.296,0.263,0,0,1,1
0.14,0.296,0.266,0,0,1,1
0.14,0.296,0.269,0,0,1,1
0.14,0.296,0.272,0,0,1,1
0.14,0.296,0.275,0,0,1,1
0.14,0.296,0.278,0,0,1,1
0.14,0.296,0.281,0,0,1,1
0.14,0.296,0.284,0,0,1,1
0.14,0.296,0.287,0,0,1,1
0.14,0.296,0.29,0,0,1,1
0.14,0.296,0.293,0,0,1,1
0.14,0.296,0.296,0,0,1,1
0.14,0.296,0.299,0,0,1,1
0.14,0.296,0.302,0,0,1,1
0.14,0.296,0.305,0,0,1,1
0.14,0.296,0.308,0,0,1,1
0.14,0.296,0.311,0,0,1,1
0.14,0.296,0.314,0,0,1,1
0.14,0.296,0.317,0,0,1,1
0.14,0.296,0.32,0,0,1,1
0.14,0.296,0.323,0,0,1,1
0.14,0.296,0.326,0,0,1,1
0.14,0.296,0.329,0,0,1,1
0.14,0.296,0.332,0,0,1,1
0.14,0.296,0.335,0,0,1,1
0.14,0.296,0.338,0,0,1,1
0.14,0.296,0.341,0,0,1,1
0.14,0.296,0.344,0,0,1,1
0.14,0.296,0.347,0,0,1,1
0.14,0.296,0.35,0,0,1,1
0.14,0.296,0.353,0,0,1,1
0.14,0.296,0.356,0,0,1,1
0.14,0.296,0.359,0,0,1,1
0.14,0.296,0.362,0,0,1,1
0.14,0.296,0.365,0,0,1,1
0.14,0.296,0.368,0,0,1,1
0.14,0.296,0.371,0,0,1,1
0.14,0.296,0.374,0,0,1,1
0.14,0.296,0.377,0,0,1,1
0.14,0.296,0.38,0,0,1,1
0.14,0.296,0.383,0,0,1,1
0.14,0.296,0.386,0,0,1,1
0.14,0.296,0.389,0,0,1,1
0.14,0.296,0.392,0,0,1,1
0.14,0.296,0.395,0,0,1,1
0.14,0.296,0.398,0,0,1,1
0.14,0.296,0.401,0,0,1,1
0.14,0.296,0.404,0,0,1,1
0.14,0.296,0.407,0,0,1,1
0.14,0.296,0.41,0,0,1,1
0.14,0.296,0.413,0,0,1,1
0.14,0.296,0.416,0,0,1,1
0.14,0.296,0.419,0,0,1,1
0.14,0.296,0.422,0,0,1,1
0.14,0.296,0.425,0,0,1,1
0.14,0.296,0.427999,0,0,1,1
0.14,0.296,0.430999,0,0,1,1
0.14,0.296,0.433999,0,0,1,1
0.14,0.296,0.436999,0,0,1,1
0.14,0.296,0.439999,0,0,1,1
0.14,0.293,0.26,0,0,1,1
0.14,0.293,0.263,0,0,1,1
0.14,0.293,0.266,0,0,1,1
0.14,0.293,0.269,0,0,1,1
0.14,0.293,0.272,0,0,1,1
0.14,0.293,0.275,0,0,1,1
0.14,0.293,0.278,0,0,1,1
0.14,0.293,0.281,0,0,1,1
0.14,0.293,0.284,0,0,1,1
0.14,0.293,0.287,0,0,1,1
0.14,0.293,0.29,0,0,1,1
0.14,0.293,0.293,0,0,1,1
0.14,0.293,0.296,0,0,1,1
0.14,0.293,0.299,0,0,1,1
0.14,0.293,0.302,0,0,1,1
0.14,0.293,0.305,0,0,1,1
0.14,0.293,0.308,0,0,1,1
0.14,0.293,0.311,0,0,1,1
0.14,0.293,0.314,0,0,1,1
0.14,0.293,0.317,0,0,1,1
0.14,0.293,0.32,0,0,1,1
0.14,0.293,0.323,0,0,1,1
0.14,0.293,0.326,0,0,1,1
0.14,0.293,0.329,0,0,1,1
0.14,0.293,0.332,0,0,1,1
0.14,0.293,0.335,0,0,1,1
0.14,0.293,0.338,0,0,1,1
0.14,0.293,0.341,0,0,1,1
0.14,0.293,0.344,0,0,1,1
0.14,0.293,0.347,0,0,1,1
0.14,0.293,0.35,0,0,1,1
0.14,0.293,0.353,0,0,1,1
0.14,0.293,0.356,0,0,1,1
0.14,0.293,0.359,0,0,1,1
0.14,0.293,0.362,0,0,1,1
0.14,0.293,0.365,0,0,1,1
0.14,0.293,0.368,0,0,1,1
0.14,0.293,0.371,0,0,1,1
0.14,0.293,0.374,0,0,1,1
0.14,0.293,0.377,0,0,1,1
0.14,0.293,0.38,0,0,1,1
0.14,0.293,0.383,0,0,1,1
0.14,0.293,0.386,0,0,1,1
0.14,0.293,0.389,0,0,1,1
0.14,0.293,0.392,0,0,1,1
0.14,0.293,0.395,0,0,1,1
0.14,0.293,0.398,0,0,1,1
0.14,0.293,0.401,0,0,1,1
0.14,0.293,0.404,0,0,1,1
0.14,0.293,0.407,0,0,1,1
0.14,0.293,0.41,0,0,1,1
0.14,0.293,0.413,0,0,1,1
0.14,0.293,0.416,0,0,1,1
0.14,0.293,0.419,0,0,1,1
0.14,0.293,0.422,0,0,1,1
0.14,0.293,0.425,0,0,1,1
0.14,0.293,0.427999,0,0,1,1
0.14,0.293,0.430999,0,0,1,1
0.14,0.293,0.433999,0,0,1,1
0.14,0.293,0.436999,0,0,1,1
0.14,0.293,0.439999,0,0,1,1
0.14,0.29,0.26,0,0,1,1
0.14,0.29,0.263,0,0,1,1
0.14,0.29,0.266,0,0,1,1
0.14,0.29,0.269,0,0,1,1
0.14,0.29,0.272,0,0,1,1
0.14,0.29,0.275,0,0,1,1
0.14,0.29,0.278,0,0,1,1
0.14,0.29,0.281,0,0,1,1
0.14,0.29,0.284,0,0,1,1
0.14,0.29,0.287,0,0,1,1
0.14,0.29,0.29,0,0,1,1
0.14,0.29,0.293,0,0,1,1
0.14,0.29,0.296,0,0,1,1
0.14,0.29,0.299,0,0,1,1
0.14,0.29,0.302,0,0,1,1
0.14,0.29,0.305,0,0,1,1
0.14,0.29,0.308,0,0,1,1
0.14,0.29,0.311,0,0,1,1
0.14,0.29,0.314,0,0,1,1
0.14,0.29,0.317,0,0,1,1
0.14,0.29,0.32,0,0,1,1
0.14,0.29,0.323,0,0,1,1
0.14,0.29,0.326,0,0,1,1
0.14,0.29,0.329,0,0,1,1
0.14,0.29,0.332,0,0,1,1
0.14,0.29,0.335,0,0,1,1
0.14,0.29,0.338,0,0,1,1
0.14,0.29,0.341,0,0,1,1
0.14,0.29,0.344,0,0,1,1
0.14,0.29,0.347,0,0,1,1
0.14,0.29,0.35,0,0,1,1
0.14,0.29,0.353,0,0,1,1
0.14,0.29,0.356,0,0,1,1
0.14,0.29,0.359,0,0,1,1
0.14,0.29,0.362,0,0,1,1
0.14,0.29,0.365,0,0,1,1
0.14,0.29,0.368,0,0,1,1
0.14,0.29,0.371,0,0,1,1
0.14,0.29,0.374,0,0,1,1
0.14,0.29,0.377,0,0,1,1
0.14,0.29,0.38,0,0,1,1
0.14,0.29,0.383,0,0,1,1
0.14,0.29,0.386,0,0,1,1
0.14,0.29,0.389,0,0,1,1
0.14,0.29,0.392,0,0,1,1
0.14,0.29,0.395,0,0,1,1
0.14,0.29,0.398,0,0,1,1
0.14,0.29,0.401,0,0,1,1
0.14,0.29,0.404,0,0,1,1
0.14,0.29,0.407,0,0,1,1
0.14,0.29,0.41,0,0,1,1
0.14,0.29,0.413,0,0,1,1
0.14,0.29,0.416,0,0,1,1
0.14,0.29,0.419,0,0,1,1
0.14,0.29,0.422,0,0,1,1
0.14,0.29,0.425,0,0,1,1
0.14,0.29,0.427999,0,0,1,1
0.14,0.29,0.430999,0,0,1,1
0.14,0.29,0.433999,0,0,1,1
0.14,0.29,0.436999,0,0,1,1
0.14,0.29,0.439999,0,0,1,1
0.14,0.287,0.26,0,0,1,1
0.14,0.287,0.263,0,0,1,1
0.14,0.287,0.266,0,0,1,1
0.14,0.287,0.269,0,0,1,1
0.14,0.287,0.272,0,0,1,1
0.14,0.287,0.275,0,0,1,1
0.14,0.287,0.278,0,0,1,1
0.14,0.287,0.281,0,0,1,1
0.14,0.287,0.284,0,0,1,1
0.14,0.287,0.287,0,0,1,1
0.14,0.287,0.29,0,0,1,1
0.14,0.287,0.293,0,0,1,1
0.14,0.287,0.296,0,0,1,1
0.14,0.287,0.299,0,0,1,1
0.14,0.287,0.302,0,0,1,1
0.14,0.287,0.305,0,0,1,1
0.14,0.287,0.308,0,0,1,1
0.14,0.287,0.311,0,0,1,1
0.14,0.287,0.314,0,0,1,1
0.14,0.287,0.317,0,0,1,1
0.14,0.287,0.32,0,0,1,1
0.14,0.287,0.323,0,0,1,1
0.14,0.287,0.326,0,0,1,1
0.14,0.287,0.329,0,0,1,1
0.14,0.287,0.332,0,0,1,1
0.14,0.287,0.335,0,0,1,1
0.14,0.287,0.338,0,0,1,1
0.14,0.287,0.341,0,0,1,1
0.14,0.287,0.344,0,0,1,1
0.14,0.287,0.347,0,0,1,1
0.14,0.287,0.35,0,0,1,1
0.14,0.287,0.353,0,0,1,1
0.14,0.287,0.356,0,0,1,1
0.14,0.287,0.359,0,0,1,1
0.14,0.287,0.362,0,0,1,1
0.14,0.287,0.365,0,0,1,1
0.14,0.287,0.368,0,0,1,1
0.14,0.287,0.371,0,0,1,1
0.14,0.287,0.374,0,0,1,1
0.14,0.287,0.377,0,0,1,1
0.14,0.287,0.38,0,0,1,1
0.14,0.287,0.383,0,0,1,1
0.14,0.287,0.386,0,0,1,1
0.14,0.287,0.389,0,0,1,1
0.14,0.287,0.392,0,0,1,1
0.14,0.287,0.395,0,0,1,1
0.14,0.287,0.398,0,0,1,1
0.14,0.287,0.401,0,0,1,1
0.14,0.287,0.404,0,0,1,1
0.14,0.287,0.407,0,0,1,1
0.14,0.287,0.41,0,0,1,1
0.14,0.287,0.413,0,0,1,1
0.14,0.287,0.416,0,0,1,1
0.14,0.287,0.419,0,0,1,1
0.14,0.287,0.422,0,0,1,1
0.14,0.287,0.425,0,0,1,1
0.14,0.287,0.427999,0,0,1,1
0.14,0.287,0.430999,0,0,1,1
0.14,0.287,0.433999,0,0,1,1
0.14,0.287,0.436999,0,0,1,1
0.14,0.287,0.439999,0,0,1,1
0.14,0.284,0.26,0,0,1,1
0.14,0.284,0.263,0,0,1,1
0.14,0.284,0.266,0,0,1,1
0.14,0.284,0.269,0,0,1,1
0.14,0.284,0.272,0,0,1,1
0.14,0.284,0.275,0,0,1,1
0.14,0.284,0.278,0,0,1,1
0.14,0.284,0.281,0,0,1,1
0.14,0.284,0.284,0,0,1,1
0.14,0.284,0.287,0,0,1,1
0.14,0.284,0.29,0,0,1,1
0.14,0.284,0.293,0,0,1,1
0.14,0.284,0.296,0,0,1,1
0.14,0.284,0.299,0,0,1,1
0.14,0.284,0.302,0,0,1,1
0.14,0.284,0.305,0,0,1,1
0.14,0.284,0.308,0,0,1,1
0.14,0.284,0.311,0,0,1,1
0.14,0.284,0.314,0,0,1,1
0.14,0.284,0.317,0,0,1,1
0.14,0.284,0.32,0,0,1,1
0.14,0.284,0.323,0,0,1,1
0.14,0.284,0.326,0,0,1,1
0.14,0.284,0.329,0,0,1,1
0.14,0.284,0.332,0,0,1,1
0.14,0.284,0.335,0,0,1,1
0.14,0.284,0.338,0,0,1,1
0.14,0.284,0.341,0,0,1,1
0.14,0.284,0.344,0,0,1,1
0.14,0.284,0.347,0,0,1,1
0.14,0.284,0.35,0,0,1,1
0.14,0.284,0.353,0,0,1,1
0.14,0.284,0.356,0,0,1,1
0.14,0.284,0.359,0,0,1,1
0.14,0.284,0.362,0,0,1,1
0.14,0.284,0.365,0,0,1,1
0.14,0.284,0.368,0,0,1,1
0.14,0.284,0.371,0,0,1,1
0.14,0.284,0.374,0,0,1,1
0.14,0.284,0.377,0,0,1,1
0.14,0.284,0.38,0,0,1,1
0.14,0.284,0.383,0,0,1,1
0.14,0.284,0.386,0,0,1,1
0.14,0.284,0.389,0,0,1,1
0.14,0.284,0.392,0,0,1,1
0.14,0.284,0.395,0,0,1,1
0.14,0.284,0.398,0,0,1,1
0.14,0.284,0.401,0,0,1,1
0.14,0.284,0.404,0,0,1,1
0.14,0.284,0.407,0,0,1,1
0.14,0.284,0.41,0,0,1,1
0.14,0.284,0.413,0,0,1,1
0.14,0.284,0.416,0,0,1,1
0.14,0.284,0.419,0,0,1,1
0.14,0.284,0.422,0,0,1,1
0.14,0.284,0.425,0,0,1,1
0.14,0.284,0.427999,0,0,1,1
0.14,0.284,0.430999,0,0,1,1
0.14,0.284,0.433999,0,0,1,1
0.14,0.284,0.436999,0,0,1,1
0.14,0.284,0.439999,0,0,1,1
0.14,0.281,0.26,0,0,1,1
0.14,0.281,0.263,0,0,1,1
0.14,0.281,0.266,0,0,1,1
0.14,0.281,0.269,0,0,1,1
0.14,0.281,0.272,0,0,1,1
0.14,0.281,0.275,0,0,1,1
0.14,0.281,0.278,0,0,1,1
0.14,0.281,0.281,0,0,1,1
0.14,0.281,0.284,0,0,1,1
0.14,0.281,0.287,0,0,1,1
0.14,0.281,0.29,0,0,1,1
0.14,0.281,0.293,0,0,1,1
0.14,0.281,0.296,0,0,1,1
0.14,0.281,0.299,0,0,1,1
0.14,0.281,0.302,0,0,1,1
0.14,0.281,0.305,0,0,1,1
0.14,0.281,0.308,0,0,1,1
0.14,0.281,0.311,0,0,1,1
0.14,0.281,0.314,0,0,1,1
0.14,0.281,0.317,0,0,1,1
0.14,0.281,0.32,0,0,1,1
0.14,0.281,0.323,0,0,1,1
0.14,0.281,0.326,0,0,1,1
0.14,0.281,0.329,0,0,1,1
0.14,0.281,0.332,0,0,1,1
0.14,0.281,0.335,0,0,1,1
0.14,0.281,0.338,0,0,1,1
0.14,0.281,0.341,0,0,1,1
0.14,0.281,0.344,0,0,1,1
0.14,0.281,0.347,0,0,1,1
0.14,0.281,0.35,0,0,1,1
0.14,0.281,0.353,0,0,1,1
0.14,0.281,0.356,0,0,1,1
0.14,0.281,0.359,0,0,1,1
0.14,0.281,0.362,0,0,1,1
0.14,0.281,0.365,0,0,1,1
0.14,0.281,0.368,0,0,1,1
0.14,0.281,0.371,0,0,1,1
0.14,0.281,0.374,0,0,1,1
0.14,0.281,0.377,0,0,1,1
0.14,0.281,0.38,0,0,1,1
0.14,0.281,0.383,0,0,1,1
0.14,0.281,0.386,0,0,1,1
0.14,0.281,0.389,0,0,1,1
0.14,0.281,0.392,0,0,1,1
0.14,0.281,0.395,0,0,1,1
0.14,0.281,0.398,0,0,1,1
0.14,0.281,0.401,0,0,1,1
0.14,0.281,0.404,0,0,1,1
0.14,0.281,0.407,0,0,1,1
0.14,0.281,0.41,0,0,1,1
0.14,0.281,0.413,0,0,1,1
0.14,0.281,0.416,0,0,1,1
0.14,0.281,0.419,0,0,1,1
0.14,0.281,0.422,0,0,1,1
0.14,0.281,0.425,0,0,1,1
0.14,0.281,0.427999,0,0,1,1
0.14,0.281,0.430999,0,0,1,1
0.14,0.281,0.433999,0,0,1,1
0.14,0.281,0.436999,0,0,1,1
0.14,0.281,0.439999,0,0,1,1
0.14,0.278,0.26,0,0,1,1
0.14,0.278,0.263,0,0,1,1
0.14,0.278,0.266,0,0,1,1
0.14,0.278,0.269,0,0,1,1
0.14,0.278,0.272,0,0,1,1
0.14,0.278,0.275,0,0,1,1
0.14,0.278,0.278,0,0,1,1
0.14,0.278,0.281,0,0,1,1
0.14,0.278,0.284,0,0,1,1
0.14,0.278,0.287,0,0,1,1
0.14,0.278,0.29,0,0,1,1
0.14,0.278,0.293,0,0,1,1
0.14,0.278,0.296,0,0,1,1
0.14,0.278,0.299,0,0,1,1
0.14,0.278,0.302,0,0,1,1
0.14,0.278,0.305,0,0,1,1
0.14,0.278,0.308,0,0,1,1
0.14,0.278,0.311,0,0,1,1
0.14,0.278,0.314,0,0,1,1
0.14,0.278,0.317,0,0,1,1
0.14,0.278,0.32,0,0,1,1
0.14,0.278,0.323,0,0,1,1
0.14,0.278,0.326,0,0,1,1
0.14,0.278,0.329,0,0,1,1
0.14,0.278,0.332,0,0,1,1
0.14,0.278,0.335,0,0,1,1
0.14,0.278,0.338,0,0,1,1
0.14,0.278,0.341,0,0,1,1
0.14,0.278,0.344,0,0,1,1
0.14,0.278,0.347,0,0,1,1
0.14,0.278,0.35,0,0,1,1
0.14,0.278,0.353,0,0,1,1
0.14,0.278,0.356,0,0,1,1
0.14,0.278,0.359,0,0,1,1
0.14,0.278,0.362,0,0,1,1
0.14,0.278,0.365,0,0,1,1
0.14,0.278,0.368,0,0,1,1
0.14,0.278,0.371,0,0,1,1
0.14,0.278,0.374,0,0,1,1
0.14,0.278,0.377,0,0,1,1
0.14,0.278,0.38,0,0,1,1
0.14,0.278,0.383,0,0,1,1
0.14,0.278,0.386,0,0,1,1
0.14,0.278,0.389,0,0,1,1
0.14,0.278,0.392,0,0,1,1
0.14,0.278,0.395,0,0,1,1
0.14,0.278,0.398,0,0,1,1
0.14,0.278,0.401,0,0,1,1
0.14,0.278,0.404,0,0,1,1
0.14,0.278,0.407,0,0,1,1
0.14,0.278,0.41,0,0,1,1
0.14,0.278,0.413,0,0,1,1
0.14,0.278,0.416,0,0,1,1
0.14,0.278,0.419,0,0,1,1
0.14,0.278,0.422,0,0,1,1
0.14,0.278,0.425,0,0,1,1
0.14,0.278,0.427999,0,0,1,1
0.14,0.278,0.430999,0,0,1,1
0.14,0.278,0.433999,0,0,1,1
0.14,0.278,0.436999,0,0,1,1
0.14,0.278,0.439999,0,0,1,1
0.14,0.275,0.26,0,0,1,1
0.14,0.275,0.263,0,0,1,1
0.14,0.275,0.266,0,0,1,1
0.14,0.275,0.269,0,0,1,1
0.14,0.275,0.272,0,0,1,1
0.14,0.275,0.275,0,0,1,1
0.14,0.275,0.278,0,0,1,1
0.14,0.275,0.281,0,0,1,1
0.14,0.275,0.284,0,0,1,1
0.14,0.275,0.287,0,0,1,1
0.14,0.275,0.29,0,0,1,1
0.14,0.275,0.293,0,0,1,1
0.14,0.275,0.296,0,0,1,1
0.14,0.275,0.299,0,0,1,1
0.14,0.275,0.302,0,0,1,1
0.14,0.275,0.305,0,0,1,1
0.14,0.275,0.308,0,0,1,1
0.14,0.275,0.311,0,0,1,1
0.14,0.275,0.314,0,0,1,1
0.14,0.275,0.317,0,0,1,1
0.14,0.275,0.32,0,0,1,1
0.14,0.275,0.323,0,0,1,1
0.14,0.275,0.326,0,0,1,1
0.14,0.275,0.329,0,0,1,1
0.14,0.275,0.332,0,0,1,1
0.14,0.275,0.335,0,0,1,1
0.14,0.275,0.338,0,0,1,1
0.14,0.275,0.341,0,0,1,1
0.14,0.275,0.344,0,0,1,1
0.14,0.275,0.347,0,0,1,1
0.14,0.275,0.35,0,0,1,1
0.14,0.275,0.353,0,0,1,1
0.14,0.275,0.356,0,0,1,1
0.14,0.275,0.359,0,0,1,1
0.14,0.275,0.362,0,0,1,1
0.14,0.275,0.365,0,0,1,1
0.14,0.275,0.368,0,0,1,1
0.14,0.275,0.371,0,0,1,1
0.14,0.275,0.374,0,0,1,1
0.14,0.275,0.377,0,0,1,1
0.14,0.275,0.38,0,0,1,1
0.14,0.275,0.383,0,0,1,1
0.14,0.275,0.386,0,0,1,1
0.14,0.275,0.389,0,0,1,1
0.14,0.275,0.392,0,0,1,1
0.14,0.275,0.395,0,0,1,1
0.14,0.275,0.398,0,0,1,1
0.14,0.275,0.401,0,0,1,1
0.14,0.275,0.404,0,0,1,1
0.14,0.275,0.407,0,0,1,1
0.14,0.275,0.41,0,0,1,1
0.14,0.275,0.413,0,0,1,1
0.14,0.275,0.416,0,0,1,1
0.14,0.275,0.419,0,0,1,1
0.14,0.275,0.422,0,0,1,1
0.14,0.275,0.425,0,0,1,1
0.14,0.275,0.427999,0,0,1,1
0.14,0.275,0.430999,0,0,1,1
0.14,0.275,0.433999,0,0,1,1
0.14,0.275,0.436999,0,0,1,1
0.14,0.275,0.439999,0,0,1,1
0.14,0.272,0.26,0,0,1,1
0.14,0.272,0.263,0,0,1,1
0.14,0.272,0.266,0,0,1,1
0.14,0.272,0.269,0,0,1,1
0.14,0.272,0.272,0,0,1,1
0.14,0.272,0.275,0,0,1,1
0.14,0.272,0.278,0,0,1,1
0.14,0.272,0.281,0,0,1,1
0.14,0.272,0.284,0,0,1,1
0.14,0.272,0.287,0,0,1,1
0.14,0.272,0.29,0,0,1,1
0.14,0.272,0.293,0,0,1,1
0.14,0.272,0.296,0,0,1,1
0.14,0.272,0.299,0,0,1,1
0.14,0.272,0.302,0,0,1,1
0.14,0.272,0.305,0,0,1,1
0.14,0.272,0.308,0,0,1,1
0.14,0.272,0.311,0,0,1,1
0.14,0.272,0.314,0,0,1,1
0.14,0.272,0.317,0,0,1,1
0.14,0.272,0.32,0,0,1,1
0.14,0.272,0.323,0,0,1,1
0.14,0.272,0.326,0,0,1,1
0.14,0.272,0.329,0,0,1,1
0.14,0.272,0.332,0,0,1,1
0.14,0.272,0.335,0,0,1,1
0.14,0.272,0.338,0,0,1,1
0.14,0.272,0.341,0,0,1,1
0.14,0.272,0.344,0,0,1,1
0.14,0.272,0.347,0,0,1,1
0.14,0.272,0.35,0,0,1,1
0.14,0.272,0.353,0,0,1,1
0.14,0.272,0.356,0,0,1,1
0.14,0.272,0.359,0,0,1,1
0.14,0.272,0.362,0,0,1,1
0.14,0.272,0.365,0,0,1,1
0.14,0.272,0.368,0,0,1,1
0.14,0.272,0.371,0,0,1,1
0.14,0.272,0.374,0,0,1,1
0.14,0.272,0.377,0,0,1,1
0.14,0.272,0.38,0,0,1,1
0.14,0.272,0.383,0,0,1,1
0.14,0.272,0.386,0,0,1,1
0.14,0.272,0.389,0,0,1,1
0.14,0.272,0.392,0,0,1,1
0.14,0.272,0.395,0,0,1,1
0.14,0.272,0.398,0,0,1,1
0.14,0.272,0.401,0,0,1,1
0.14,0.272,0.404,0,0,1,1
0.14,0.272,0.407,0,0,1,1
0.14,0.272,0.41,0,0,1,1
0.14,0.272,0.413,0,0,1,1
0.14,0.272,0.416,0,0,1,1
0.14,0.272,0.419,0,0,1,1
0.14,0.272,0.422,0,0,1,1
0.14,0.272,0.425,0,0,1,1
0.14,0.272,0.427999,0,0,1,1
0.14,0.272,0.430999,0,0,1,1
0.14,0.272,0.433999,0,0,1,1
0.14,0.272,0.436999,0,0,1,1
0.14,0.272,0.439999,0,0,1,1
0.14,0.269,0.26,0,0,1,1
0.14,0.269,0.263,0,0,1,1
0.14,0.269,0.266,0,0,1,1
0.14,0.269,0.269,0,0,1,1
0.14,0.269,0.272,0,0,1,1
0.14,0.269,0.275,0,0,1,1
0.14,0.269,0.278,0,0,1,1
0.14,0.269,0.281,0,0,1,1
0.14,0.269,0.284,0,0,1,1
0.14,0.269,0.287,0,0,1,1
0.14,0.269,0.29,0,0,1,1
0.14,0.269,0.293,0,0,1,1
0.14,0.269,0.296,0,0,1,1
0.14,0.269,0.299,0,0,1,1
0.14,0.269,0.302,0,0,1,1
0.14,0.269,0.305,0,0,1,1
0.14,0.269,0.308,0,0,1,1
0.14,0.269,0.311,0,0,1,1
0.14,0.269,0.314,0,0,1,1
0.14,0.269,0.317,0,0,1,1
0.14,0.269,0.32,0,0,1,1
0.14,0.269,0.323,0,0,1,1
0.14,0.269,0.326,0,0,1,1
0.14,0.269,0.329,0,0,1,1
0.14,0.269,0.332,0,0,1,1
0.14,0.269,0.335,0,0,1,1
0.14,0.269,0.338,0,0,1,1
0.14,0.269,0.341,0,0,1,1
0.14,0.269,0.344,0,0,1,1
0.14,0.269,0.347,0,0,1,1
0.14,0.269,0.35,0,0,1,1
0.14,0.269,0.353,0,0,1,1
0.14,0.269,0.356,0,0,1,1
0.14,0.269,0.359,0,0,1,1
0.14,0.269,0.362,0,0,1,1
0.14,0.269,0.365,0,0,1,1
0.14,0.269,0.368,0,0,1,1
0.14,0.269,0.371,0,0,1,1
0.14,0.269,0.374,0,0,1,1
0.14,0.269,0.377,0,0,1,1
0.14,0.269,0.38,0,0,1,1
0.14,0.269,0.383,0,0,1,1
0.14,0.269,0.386,0,0,1,1
0.14,0.269,0.389,0,0,1,1
0.14,0.269,0.392,0,0,1,1
0.14,0.269,0.395,0,0,1,1
0.14,0.269,0.398,0,0,1,1
0.14,0.269,0.401,0,0,1,1
0.14,0.269,0.404,0,0,1,1
0.14,0.269,0.407,0,0,1,1
0.14,0.269,0.41,0,0,1,1
0.14,0.269,0.413,0,0,1,1
0.14,0.269,0.416,0,0,1,1
0.14,0.269,0.419,0,0,1,1
0.14,0.269,0.422,0,0,1,1
0.14,0.269,0.425,0,0,1,1
0.14,0.269,0.427999,0,0,1,1
0.14,0.269,0.430999,0,0,1,1
0.14,0.269,0.433999,0,0,1,1
0.14,0.269,0.436999,0,0,1,1
0.14,0.269,0.439999,0,0,1,1
0.14,0.41,0.26,0,0,1,1
0.14,0.41,0.263,0,0,1,1
0.14,0.41,0.266,0,0,1,1
0.14,0.41,0.269,0,0,1,1
0.14,0.41,0.272,0,0,1,1
0.14,0.41,0.275,0,0,1,1
0.14,0.41,0.278,0,0,1,1
0.14,0.41,0.281,0,0,1,1
0.14,0.41,0.284,0,0,1,1
0.14,0.41,0.287,0,0,1,1
0.14,0.41,0.29,0,0,1,1
0.14,0.41,0.293,0,0,1,1
0.14,0.41,0.296,0,0,1,1
0.14,0.41,0.299,0,0,1,1
0.14,0.41,0.302,0,0,1,1
0.14,0.41,0.305,0,0,1,1
0.14,0.41,0.308,0,0,1,1
0.14,0.41,0.311,0,0,1,1
0.14,0.41,0.314,0,0,1,1
0.14,0.41,0.317,0,0,1,1
0.14,0.41,0.32,0,0,1,1
0.14,0.41,0.323,0,0,1,1
0.14,0.41,0.326,0,0,1,1
0.14,0.41,0.329,0,0,1,1
0.14,0.41,0.332,0,0,1,1
0.14,0.41,0.335,0,0,1,1
0.14,0.41,0.338,0,0,1,1
0.14,0.41,0.341,0,0,1,1
0.14,0.41,0.344,0,0,1,1
0.14,0.41,0.347,0,0,1,1
0.14,0.41,0.35,0,0,1,1
0.14,0.41,0.353,0,0,1,1
0.14,0.41,0.356,0,0,1,1
0.14,0.41,0.359,0,0,1,1
0.14,0.41,0.362,0,0,1,1
0.14,0.41,0.365,0,0,1,1
0.14,0.41,0.368,0,0,1,1
0.14,0.41,0.371,0,0,1,1
0.14,0.41,0.374,0,0,1,1
0.14,0.41,0.377,0,0,1,1
0.14,0.41,0.38,0,0,1,1
0.14,0.41,0.383,0,0,1,1
0.14,0.41,0.386,0,0,1,1
0.14,0.41,0.389,0,0,1,1
0.14,0.41,0.392,0,0,1,1
0.14,0.41,0.395,0,0,1,1
0.14,0.41,0.398,0,0,1,1
0.14,0.41,0.401,0,0,1,1
0.14,0.41,0.404,0,0,1,1
0.14,0.41,0.407,0,0,1,1
0.14,0.41,0.41,0,0,1,1
0.14,0.41,0.413,0,0,1,1
0.14,0.41,0.416,0,0,1,1
0.14,0.41,0.419,0,0,1,1
0.14,0.41,0.422,0,0,1,1
0.14,0.41,0.425,0,0,1,1
0.14,0.41,0.427999,0,0,1,1
0.14,0.41,0.430999,0,0,1,1
0.14,0.41,0.433999,0,0,1,1
0.14,0.41,0.436999,0,0,1,1
0.14,0.41,0.439999,0,0,1,1
0.143,0.41,0.26,0,0,1,1
0.143,0.41,0.263,0,0,1,1
0.143,0.41,0.266,0,0,1,1
0.143,0.41,0.269,0,0,1,1
0.143,0.41,0.272,0,0,1,1
0.143,0.41,0.275,0,0,1,1
0.143,0.41,0.278,0,0,1,1
0.143,0.41,0.281,0,0,1,1
0.143,0.41,0.284,0,0,1,1
0.143,0.41,0.287,0,0,1,1
0.143,0.41,0.29,0,0,1,1
0.143,0.41,0.293,0,0,1,1
0.143,0.41,0.296,0,0,1,1
0.143,0.41,0.299,0,0,1,1
0.143,0.41,0.302,0,0,1,1
0.143,0.41,0.305,0,0,1,1
0.143,0.41,0.308,0,0,1,1
0.143,0.41,0.311,0,0,1,1
0.143,0.41,0.314,0,0,1,1
0.143,0.41,0.317,0,0,1,1
0.143,0.41,0.32,0,0,1,1
0.143,0.41,0.323,0,0,1,1
0.143,0.41,0.326,0,0,1,1
0.143,0.41,0.329,0,0,1,1
0.143,0.41,0.332,0,0,1,1
0.143,0.41,0.335,0,0,1,1
0.143,0.41,0.338,0,0,1,1
0.143,0.41,0.341,0,0,1,1
0.143,0.41,0.344,0,0,1,1
0.143,0.41,0.347,0,0,1,1
0.143,0.41,0.35,0,0,1,1
0.143,0.41,0.353,0,0,1,1
0.143,0.41,0.356,0,0,1,1
0.143,0.41,0.359,0,0,1,1
0.143,0.41,0.362,0,0,1,1
0.143,0.41,0.365,0,0,1,1
0.143,0.41,0.368,0,0,1,1
0.143,0.41,0.371,0,0,1,1
0.143,0.41,0.374,0,0,1,1
0.143,0.41,0.377,0,0,1,1
0.143,0.41,0.38,0,0,1,1
0.143,0.41,0.383,0,0,1,1
0.143,0.41,0.386,0,0,1,1
0.143,0.41,0.389,0,0,1,1
0.143,0.41,0.392,0,0,1,1
0.143,0.41,0.395,0,0,1,1
0.143,0.41,0.398,0,0,1,1
0.143,0.41,0.401,0,0,1,1
0.143,0.41,0.404,0,0,1,1
0.143,0.41,0.407,0,0,1,1
0.143,0.41,0.41,0,0,1,1
0.143,0.41,0.413,0,0,1,1
0.143,0.41,0.416,0,0,1,1
0.143,0.41,0.419,0,0,1,1
0.143,0.41,0.422,0,0,1,1
0.143,0.41,0.425,0,0,1,1
0.143,0.41,0.427999,0,0,1,1
0.143,0.41,0.430999,0,0,1,1
0.143,0.41,0.433999,0,0,1,1
0.143,0.41,0.436999,0,0,1,1
0.143,0.41,0.439999,0,0,1,1
0.146,0.41,0.26,0,0,1,1
0.146,0.41,0.263,0,0,1,1
0.146,0.41,0.266,0,0,1,1
0.146,0.41,0.269,0,0,1,1
0.146,0.41,0.272,0,0,1,1
0.146,0.41,0.275,0,0,1,1
0.146,0.41,0.278,0,0,1,1
0.146,0.41,0.281,0,0,1,1
0.146,0.41,0.284,0,0,1,1
0.146,0.41,0.287,0,0,1,1
0.146,0.41,0.29,0,0,1,1
0.146,0.41,0.293,0,0,1,1
0.146,0.41,0.296,0,0,1,1
0.146,0.41,0.299,0,0,1,1
0.146,0.41,0.302,0,0,1,1
0.146,0.41,0.305,0,0,1,1
0.146,0.41,0.308,0,0,1,1
0.146,0.41,0.311,0,0,1,1
0.146,0.41,0.314,0,0,1,1
0.146,0.41,0.317,0,0,1,1
0.146,0.41,0.32,0,0,1,1
0.146,0.41,0.323,0,0,1,1
0.146,0.41,0.326,0,0,1,1
0.146,0.41,0.329,0,0,1,1
0.146,0.41,0.332,0,0,1,1
0.146,0.41,0.335,0,0,1,1
0.146,0.41,0.338,0,0,1,1
0.146,0.41,0.341,0,0,1,1
0.146,0.41,0.344,0,0,1,1
0.146,0.41,0.347,0,0,1,1
0.146,0.41,0.35,0,0,1,1
0.146,0.41,0.353,0,0,1,1
0.146,0.41,0.356,0,0,1,1
0.146,0.41,0.359,0,0,1,1
0.146,0.41,0.362,0,0,1,1
0.146,0.41,0.365,0,0,1,1
0.146,0.41,0.368,0,0,1,1
0.146,0.41,0.371,0,0,1,1
0.146,0.41,0.374,0,0,1,1
0.146,0.41,0.377,0,0,1,1
0.146,0.41,0.38,0,0,1,1
0.146,0.41,0.383,0,0,1,1
0.146,0.41,0.386,0,0,1,1
0.146,0.41,0.389,0,0,1,1
0.146,0.41,0.392,0,0,1,1
0.146,0.41,0.395,0,0,1,1
0.146,0.41,0.398,0,0,1,1
0.146,0.41,0.401,0,0,1,1
0.146,0.41,0.404,0,0,1,1
0.146,0.41,0.407,0,0,1,1
0.146,0.41,0.41,0,0,1,1
0.146,0.41,0.413,0,0,1,1
0.146,0.41,0.416,0,0,1,1
0.146,0.41,0.419,0,0,1,1
0.146,0.41,0.422,0,0,1,1
0.146,0.41,0.425,0,0,1,1
0.146,0.41,0.427999,0,0,1,1
0.146,0.41,0.430999,0,0,1,1
0.146,0.41,0.433999,0,0,1,1
0.146,0.41,0.436999,0,0,1,1
0.146,0.41,0.439999,0,0,1,1
0.149,0.41,0.26,0,0,1,1
0.149,0.41,0.263,0,0,1,1
0.149,0.41,0.266,0,0,1,1
0.149,0.41,0.269,0,0,1,1
0.149,0.41,0.272,0,0,1,1
0.149,0.41,0.275,0,0,1,1
0.149,0.41,0.278,0,0,1,1
0.149,0.41,0.281,0,0,1,1
0.149,0.41,0.284,0,0,1,1
0.149,0.41,0.287,0,0,1,1
0.149,0.41,0.29,0,0,1,1
0.149,0.41,0.293,0,0,1,1
0.149,0.41,0.296,0,0,1,1
0.149,0.41,0.299,0,0,1,1
0.149,0.41,0.302,0,0,1,1
0.149,0.41,0.305,0,0,1,1
0.149,0.41,0.308,0,0,1,1
0.149,0.41,0.311,0,0,1,1
0.149,0.41,0.314,0,0,1,1
0.149,0.41,0.317,0,0,1,1
0.149,0.41,0.32,0,0,1,1
0.149,0.41,0.323,0,0,1,1
0.149,0.41,0.326,0,0,1,1
0.149,0.41,0.329,0,0,1,1
0.149,0.41,0.332,0,0,1,1
0.149,0.41,0.335,0,0,1,1
0.149,0.41,0.338,0,0,1,1
0.149,0.41,0.341,0,0,1,1
0.149,0.41,0.344,0,0,1,1
0.149,0.41,0.347,0,0,1,1
0.149,0.41,0.35,0,0,1,1
0.149,0.41,0.353,0,0,1,1
0.149,0.41,0.356,0,0,1,1
0.149,0.41,0.359,0,0,1,1
0.149,0.41,0.362,0,0,1,1
0.149,0.41,0.365,0,0,1,1
0.149,0.41,0.368,0,0,1,1
0.149,0.41,0.371,0,0,1,1
0.149,0.41,0.374,0,0,1,1
0.149,0.41,0.377,0,0,1,1
0.149,0.41,0.38,0,0,1,1
0.149,0.41,0.383,0,0,1,1
0.149,0.41,0.386,0,0,1,1
0.149,0.41,0.389,0,0,1,1
0.149,0.41,0.392,0,0,1,1
0.149,0.41,0.395,0,0,1,1
0.149,0.41,0.398,0,0,1,1
0.149,0.41,0.401,0,0,1,1
0.149,0.41,0.404,0,0,1,1
0.149,0.41,0.407,0,0,1,1
0.149,0.41,0.41,0,0,1,1
0.149,0.41,0.413,0,0,1,1
0.149,0.41,0.416,0,0,1,1
0.149,0.41,0.419,0,0,1,1
0.149,0.41,0.422,0,0,1,1
0.149,0.41,0.425,0,0,1,1
0.149,0.41,0.427999,0,0,1,1
0.149,0.41,0.430999,0,0,1,1
0.149,0.41,0.433999,0,0,1,1
0.149,0.41,0.436999,0,0,1,1
0.149,0.41,0.439999,0,0,1,1
0.152,0.41,0.26,0,0,1,1
0.152,0.41,0.263,0,0,1,1
0.152,0.41,0.266,0,0,1,1
0.152,0.41,0.269,0,0,1,1
0.152,0.41,0.272,0,0,1,1
0.152,0.41,0.275,0,0,1,1
0.152,0.41,0.278,0,0,1,1
0.152,0.41,0.281,0,0,1,1
0.152,0.41,0.284,0,0,1,1
0.152,0.41,0.287,0,0,1,1
0.152,0.41,0.29,0,0,1,1
0.152,0.41,0.293,0,0,1,1
0.152,0.41,0.296,0,0,1,1
0.152,0.41,0.299,0,0,1,1
0.152,0.41,0.302,0,0,1,1
0.152,0.41,0.305,0,0,1,1
0.152,0.41,0.308,0,0,1,1
0.152,0.41,0.311,0,0,1,1
0.152,0.41,0.314,0,0,1,1
0.152,0.41,0.317,0,0,1,1
0.152,0.41,0.32,0,0,1,1
0.152,0.41,0.323,0,0,1,1
0.152,0.41,0.326,0,0,1,1
0.152,0.41,0.329,0,0,1,1
0.152,0.41,0.332,0,0,1,1
0.152,0.41,0.335,0,0,1,1
0.152,0.41,0.338,0,0,1,1
0.152,0.41,0.341,0,0,1,1
0.152,0.41,0.344,0,0,1,1
0.152,0.41,0.347,0,0,1,1
0.152,0.41,0.35,0,0,1,1
0.152,0.41,0.353,0,0,1,1
0.152,0.41,0.356,0,0,1,1
0.152,0.41,0.359,0,0,1,1
0.152,0.41,0.362,0,0,1,1
0.152,0.41,0.365,0,0,1,1
0.152,0.41,0.368,0,0,1,1
0.152,0.41,0.371,0,0,1,1
0.152,0.41,0.374,0,0,1,1
0.152,0.41,0.377,0,0,1,1
0.152,0.41,0.38,0,0,1,1
0.152,0.41,0.383,0,0,1,1
0.152,0.41,0.386,0,0,1,1
0.152,0.41,0.389,0,0,1,1
0.152,0.41,0.392,0,0,1,1
0.152,0.41,0.395,0,0,1,1
0.152,0.41,0.398,0,0,1,1
0.152,0.41,0.401,0,0,1,1
0.152,0.41,0.404,0,0,1,1
0.152,0.41,0.407,0,0,1,1
0.152,0.41,0.41,0,0,1,1
0.152,0.41,0.413,0,0,1,1
0.152,0.41,0.416,0,0,1,1
0.152,0.41,0.419,0,0,1,1
0.152,0.41,0.422,0,0,1,1
0.152,0.41,0.425,0,0,1,1
0.152,0.41,0.427999,0,0,1,1
0.152,0.41,0.430999,0,0,1,1
0.152,0.41,0.433999,0,0,1,1
0.152,0.41,0.436999,0,0,1,1
0.152,0.41,0.439999,0,0,1,1
0.155,0.41,0.26,0,0,1,1
0.155,0.41,0.263,0,0,1,1
0.155,0.41,0.266,0,0,1,1
0.155,0.41,0.269,0,0,1,1
0.155,0.41,0.272,0,0,1,1
0.155,0.41,0.275,0,0,1,1
0.155,0.41,0.278,0,0,1,1
0.155,0.41,0.281,0,0,1,1
0.155,0.41,0.284,0,0,1,1
0.155,0.41,0.287,0,0,1,1
0.155,0.41,0.29,0,0,1,1
0.155,0.41,0.293,0,0,1,1
0.155,0.41,0.296,0,0,1,1
0.155,0.41,0.299,0,0,1,1
0.155,0.41,0.302,0,0,1,1
0.155,0.41,0.305,0,0,1,1
0.155,0.41,0.308,0,0,1,1
0.155,0.41,0.311,0,0,1,1
0.155,0.41,0.314,0,0,1,1
0.155,0.41,0.317,0,0,1,1
0.155,0.41,0.32,0,0,1,1
0.155,0.41,0.323,0,0,1,1
0.155,0.41,0.326,0,0,1,1
0.155,0.41,0.329,0,0,1,1
0.155,0.41,0.332,0,0,1,1
0.155,0.41,0.335,0,0,1,1
0.155,0.41,0.338,0,0,1,1
0.155,0.41,0.341,0,0,1,1
0.155,0.41,0.344,0,0,1,1
0.155,0.41,0.347,0,0,1,1
0.155,0.41,0.35,0,0,1,1
0.155,0.41,0.353,0,0,1,1
0.155,0.41,0.356,0,0,1,1
0.155,0.41,0.359,0,0,1,1
0.155,0.41,0.362,0,0,1,1
0.155,0.41,0.365,0,0,1,1
0.155,0.41,0.368,0,0,1,1
0.155,0.41,0.371,0,0,1,1
0.155,0.41,0.374,0,0,1,1
0.155,0.41,0.377,0,0,1,1
0.155,0.41,0.38,0,0,1,1
0.155,0.41,0.383,0,0,1,1
0.155,0.41,0.386,0,0,1,1
0.155,0.41,0.389,0,0,1,1
0.155,0.41,0.392,0,0,1,1
0.155,0.41,0.395,0,0,1,1
0.155,0.41,0.398,0,0,1,1
0.155,0.41,0.401,0,0,1,1
0.155,0.41,0.404,0,0,1,1
0.155,0.41,0.407,0,0,1,1
0.155,0.41,0.41,0,0,1,1
0.155,0.41,0.413,0,0,1,1
0.155,0.41,0.416,0,0,1,1
0.155,0.41,0.419,0,0,1,1
0.155,0.41,0.422,0,0,1,1
0.155,0.41,0.425,0,0,1,1
0.155,0.41,0.427999,0,0,1,1
0.155,0.41,0.430999,0,0,1,1
0.155,0.41,0.433999,0,0,1,1
0.155,0.41,0.436999,0,0,1,1
0.155,0.41,0.439999,0,0,1,1
0.158,0.41,0.26,0,0,1,1
0.158,0.41,0.263,0,0,1,1
0.158,0.41,0.266,0,0,1,1
0.158,0.41,0.269,0,0,1,1
0.158,0.41,0.272,0,0,1,1
0.158,0.41,0.275,0,0,1,1
0.158,0.41,0.278,0,0,1,1
0.158,0.41,0.281,0,0,1,1
0.158,0.41,0.284,0,0,1,1
0.158,0.41,0.287,0,0,1,1
0.158,0.41,0.29,0,0,1,1
0.158,0.41,0.293,0,0,1,1
0.158,0.41,0.296,0,0,1,1
0.158,0.41,0.299,0,0,1,1
0.158,0.41,0.302,0,0,1,1
0.158,0.41,0.305,0,0,1,1
0.158,0.41,0.308,0,0,1,1
0.158,0.41,0.311,0,0,1,1
0.158,0.41,0.314,0,0,1,1
0.158,0.41,0.317,0,0,1,1
0.158,0.41,0.32,0,0,1,1
0.158,0.41,0.323,0,0,1,1
0.158,0.41,0.326,0,0,1,1
0.158,0.41,0.329,0,0,1,1
0.158,0.41,0.332,0,0,1,1
0.158,0.41,0.335,0,0,1,1
0.158,0.41,0.338,0,0,1,1
0.158,0.41,0.341,0,0,1,1
0.158,0.41,0.344,0,0,1,1
0.158,0.41,0.347,0,0,1,1
0.158,0.41,0.35,0,0,1,1
0.158,0.41,0.353,0,0,1,1
0.158,0.41,0.356,0,0,1,1
0.158,0.41,0.359,0,0,1,1
0.158,0.41,0.362,0,0,1,1
0.158,0.41,0.365,0,0,1,1
0.158,0.41,0.368,0,0,1,1
0.158,0.41,0.371,0,0,1,1
0.158,0.41,0.374,0,0,1,1
0.158,0.41,0.377,0,0,1,1
0.158,0.41,0.38,0,0,1,1
0.158,0.41,0.383,0,0,1,1
0.158,0.41,0.386,0,0,1,1
0.158,0.41,0.389,0,0,1,1
0.158,0.41,0.392,0,0,1,1
0.158,0.41,0.395,0,0,1,1
0.158,0.41,0.398,0,0,1,1
0.158,0.41,0.401,0,0,1,1
0.158,0.41,0.404,0,0,1,1
0.158,0.41,0.407,0,0,1,1
0.158,0.41,0.41,0,0,1,1
0.158,0.41,0.413,0,0,1,1
0.158,0.41,0.416,0,0,1,1
0.158,0.41,0.419,0,0,1,1
0.158,0.41,0.422,0,0,1,1
0.158,0.41,0.425,0,0,1,1
0.158,0.41,0.427999,0,0,1,1
0.158,0.41,0.430999,0,0,1,1
0.158,0.41,0.433999,0,0,1,1
0.158,0.41,0.436999,0,0,1,1
0.158,0.41,0.439999,0,0,1,1
0.161,0.41,0.26,0,0,1,1
0.161,0.41,0.263,0,0,1,1
0.161,0.41,0.266,0,0,1,1
0.161,0.41,0.269,0,0,1,1
0.161,0.41,0.272,0,0,1,1
0.161,0.41,0.275,0,0,1,1
0.161,0.41,0.278,0,0,1,1
0.161,0.41,0.281,0,0,1,1
0.161,0.41,0.284,0,0,1,1
0.161,0.41,0.287,0,0,1,1
0.161,0.41,0.29,0,0,1,1
0.161,0.41,0.293,0,0,1,1
0.161,0.41,0.296,0,0,1,1
0.161,0.41,0.299,0,0,1,1
0.161,0.41,0.302,0,0,1,1
0.161,0.41,0.305,0,0,1,1
0.161,0.41,0.308,0,0,1,1
0.161,0.41,0.311,0,0,1,1
0.161,0.41,0.314,0,0,1,1
0.161,0.41,0.317,0,0,1,1
0.161,0.41,0.32,0,0,1,1
0.161,0.41,0.323,0,0,1,1
0.161,0.41,0.326,0,0,1,1
0.161,0.41,0.329,0,0,1,1
0.161,0.41,0.332,0,0,1,1
0.161,0.41,0.335,0,0,1,1
0.161,0.41,0.338,0,0,1,1
0.161,0.41,0.341,0,0,1,1
0.161,0.41,0.344,0,0,1,1
0.161,0.41,0.347,0,0,1,1
0.161,0.41,0.35,0,0,1,1
0.161,0.41,0.353,0,0,1,1
0.161,0.41,0.356,0,0,1,1
0.161,0.41,0.359,0,0,1,1
0.161,0.41,0.362,0,0,1,1
0.161,0.41,0.365,0,0,1,1
0.161,0.41,0.368,0,0,1,1
0.161,0.41,0.371,0,0,1,1
0.161,0.41,0.374,0,0,1,1
0.161,0.41,0.377,0,0,1,1
0.161,0.41,0.38,0,0,1,1
0.161,0.41,0.383,0,0,1,1
0.161,0.41,0.386,0,0,1,1
0.161,0.41,0.389,0,0,1,1
0.161,0.41,0.392,0,0,1,1
0.161,0.41,0.395,0,0,1,1
0.161,0.41,0.398,0,0,1,1
0.161,0.41,0.401,0,0,1,1
0.161,0.41,0.404,0,0,1,1
0.161,0.41,0.407,0,0,1,1
0.161,0.41,0.41,0,0,1,1
0.161,0.41,0.413,0,0,1,1
0.161,0.41,0.416,0,0,1,1
0.161,0.41,0.419,0,0,1,1
0.161,0.41,0.422,0,0,1,1
0.161,0.41,0.425,0,0,1,1
0.161,0.41,0.427999,0,0,1,1
0.161,0.41,0.430999,0,0,1,1
0.161,0.41,0.433999,0,0,1,1
0.161,0.41,0.436999,0,0,1,1
0.161,0.41,0.439999,0,0,1,1
0.164,0.41,0.26,0,0,1,1
0.164,0.41,0.263,0,0,1,1
0.164,0.41,0.266,0,0,1,1
0.164,0.41,0.269,0,0,1,1
0.164,0.41,0.272,0,0,1,1
0.164,0.41,0.275,0,0,1,1
0.164,0.41,0.278,0,0,1,1
0.164,0.41,0.281,0,0,1,1
0.164,0.41,0.284,0,0,1,1
0.164,0.41,0.287,0,0,1,1
0.164,0.41,0.29,0,0,1,1
0.164,0.41,0.293,0,0,1,1
0.164,0.41,0.296,0,0,1,1
0.164,0.41,0.299,0,0,1,1
0.164,0.41,0.302,0,0,1,1
0.164,0.41,0.305,0,0,1,1
0.164,0.41,0.308,0,0,1,1
0.164,0.41,0.311,0,0,1,1
0.164,0.41,0.314,0,0,1,1
0.164,0.41,0.317,0,0,1,1
0.164,0.41,0.32,0,0,1,1
0.164,0.41,0.323,0,0,1,1
0.164,0.41,0.326,0,0,1,1
0.164,0.41,0.329,0,0,1,1
0.164,0.41,0.332,0,0,1,1
0.164,0.41,0.335,0,0,1,1
0.164,0.41,0.338,0,0,1,1
0.164,0.41,0.341,0,0,1,1
0.164,0.41,0.344,0,0,1,1
0.164,0.41,0.347,0,0,1,1
0.164,0.41,0.35,0,0,1,1
0.164,0.41,0.353,0,0,1,1
0.164,0.41,0.356,0,0,1,1
0.164,0.41,0.359,0,0,1,1
0.164,0.41,0.362,0,0,1,1
0.164,0.41,0.365,0,0,1,1
0.164,0.41,0.368,0,0,1,1
0.164,0.41,0.371,0,0,1,1
0.164,0.41,0.374,0,0,1,1
0.164,0.41,0.377,0,0,1,1
0.164,0.41,0.38,0,0,1,1
0.164,0.41,0.383,0,0,1,1
0.164,0.41,0.386,0,0,1,1
0.164,0.41,0.389,0,0,1,1
0.164,0.41,0.392,0,0,1,1
0.164,0.41,0.395,0,0,1,1
0.164,0.41,0.398,0,0,1,1
0.164,0.41,0.401,0,0,1,1
0.164,0.41,0.404,0,0,1,1
0.164,0.41,0.407,0,0,1,1
0.164,0.41,0.41,0,0,1,1
0.164,0.41,0.413,0,0,1,1
0.164,0.41,0.416,0,0,1,1
0.164,0.41,0.419,0,0,1,1
0.164,0.41,0.422,0,0,1,1
0.164,0.41,0.425,0,0,1,1
0.164,0.41,0.427999,0,0,1,1
0.164,0.41,0.430999,0,0,1,1
0.164,0.41,0.433999,0,0,1,1
0.164,0.41,0.436999,0,0,1,1
0.164,0.41,0.439999,0,0,1,1
0.167,0.41,0.26,0,0,1,1
0.167,0.41,0.263,0,0,1,1
0.167,0.41,0.266,0,0,1,1
0.167,0.41,0.269,0,0,1,1
0.167,0.41,0.272,0,0,1,1
0.167,0.41,0.275,0,0,1,1
0.167,0.41,0.278,0,0,1,1
0.167,0.41,0.281,0,0,1,1
0.167,0.41,0.284,0,0,1,1
0.167,0.41,0.287,0,0,1,1
0.167,0.41,0.29,0,0,1,1
0.167,0.41,0.293,0,0,1,1
0.167,0.41,0.296,0,0,1,1
0.167,0.41,0.299,0,0,1,1
0.167,0.41,0.302,0,0,1,1
0.167,0.41,0.305,0,0,1,1
0.167,0.41,0.308,0,0,1,1
0.167,0.41,0.311,0,0,1,1
0.167,0.41,0.314,0,0,1,1
0.167,0.41,0.317,0,0,1,1
0.167,0.41,0.32,0,0,1,1
0.167,0.41,0.323,0,0,1,1
0.167,0.41,0.326,0,0,1,1
0.167,0.41,0.329,0,0,1,1
0.167,0.41,0.332,0,0,1,1
0.167,0.41,0.335,0,0,1,1
0.167,0.41,0.338,0,0,1,1
0.167,0.41,0.341,0,0,1,1
0.167,0.41,0.344,0,0,1,1
0.167,0.41,0.347,0,0,1,1
0.167,0.41,0.35,0,0,1,1
0.167,0.41,0.353,0,0,1,1
0.167,0.41,0.356,0,0,1,1
0.167,0.41,0.359,0,0,1,1
0.167,0.41,0.362,0,0,1,1
0.167,0.41,0.365,0,0,1,1
0.167,0.41,0.368,0,0,1,1
0.167,0.41,0.371,0,0,1,1
0.167,0.41,0.374,0,0,1,1
0.167,0.41,0.377,0,0,1,1
0.167,0.41,0.38,0,0,1,1
0.167,0.41,0.383,0,0,1,1
0.167,0.41,0.386,0,0,1,1
0.167,0.41,0.389,0,0,1,1
0.167,0.41,0.392,0,0,1,1
0.167,0.41,0.395,0,0,1,1
0.167,0.41,0.398,0,0,1,1
0.167,0.41,0.401,0,0,1,1
0.167,0.41,0.404,0,0,1,1
0.167,0.41,0.407,0,0,1,1
0.167,0.41,0.41,0,0,1,1
0.167,0.41,0.413,0,0,1,1
0.167,0.41,0.416,0,0,1,1
0.167,0.41,0.419,0,0,1,1
0.167,0.41,0.422,0,0,1,1
0.167,0.41,0.425,0,0,1,1
0.167,0.41,0.427999,0,0,1,1
0.167,0.41,0.430999,0,0,1,1
0.167,0.41,0.433999,0,0,1,1
0.167,0.41,0.436999,0,0,1,1
0.167,0.41,0.439999,0,0,1,1
0.17,0.41,0.26,0,0,1,1
0.17,0.41,0.263,0,0,1,1
0.17,0.41,0.266,0,0,1,1
0.17,0.41,0.269,0,0,1,1
0.17,0.41,0.272,0,0,1,1
0.17,0.41,0.275,0,0,1,1
0.17,0.41,0.278,0,0,1,1
0.17,0.41,0.281,0,0,1,1
0.17,0.41,0.284,0,0,1,1
0.17,0.41,0.287,0,0,1,1
0.17,0.41,0.29,0,0,1,1
0.17,0.41,0.293,0,0,1,1
0.17,0.41,0.296,0,0,1,1
0.17,0.41,0.299,0,0,1,1
0.17,0.41,0.302,0,0,1,1
0.17,0.41,0.305,0,0,1,1
0.17,0.41,0.308,0,0,1,1
0.17,0.41,0.311,0,0,1,1
0.17,0.41,0.314,0,0,1,1
0.17,0.41,0.317,0,0,1,1
0.17,0.41,0.32,0,0,1,1
0.17,0.41,0.323,0,0,1,1
0.17,0.41,0.326,0,0,1,1
0.17,0.41,0.329,0,0,1,1
0.17,0.41,0.332,0,0,1,1
0.17,0.41,0.335,0,0,1,1
0.17,0.41,0.338,0,0,1,1
0.17,0.41,0.341,0,0,1,1
0.17,0.41,0.344,0,0,1,1
0.17,0.41,0.347,0,0,1,1
0.17,0.41,0.35,0,0,1,1
0.17,0.41,0.353,0,0,1,1
0.17,0.41,0.356,0,0,1,1
0.17,0.41,0.359,0,0,1,1
0.17,0.41,0.362,0,0,1,1
0.17,0.41,0.365,0,0,1,1
0.17,0.41,0.368,0,0,1,1
0.17,0.41,0.371,0,0,1,1
0.17,0.41,0.374,0,0,1,1
0.17,0.41,0.377,0,0,1,1
0.17,0.41,0.38,0,0,1,1
0.17,0.41,0.383,0,0,1,1
0.17,0.41,0.386,0,0,1,1
0.17,0.41,0.389,0,0,1,1
0.17,0.41,0.392,0,0,1,1
0.17,0.41,0.395,0,0,1,1
0.17,0.41,0.398,0,0,1,1
0.17,0.41,0.401,0,0,1,1
0.17,0.41,0.404,0,0,1,1
0.17,0.41,0.407,0,0,1,1
0.17,0.41,0.41,0,0,1,1
0.17,0.41,0.413,0,0,1,1
0.17,0.41,0.416,0,0,1,1
0.17,0.41,0.419,0,0,1,1
0.17,0.41,0.422,0,0,1,1
0.17,0.41,0.425,0,0,1,1
0.17,0.41,0.427999,0,0,1,1
0.17,0.41,0.430999,0,0,1,1
0.17,0.41,0.433999,0,0,1,1
0.17,0.41,0.436999,0,0,1,1
0.17,0.41,0.439999,0,0,1,1
0.173,0.41,0.26,0,0,1,1
0.173,0.41,0.263,0,0,1,1
0.173,0.41,0.266,0,0,1,1
0.173,0.41,0.269,0,0,1,1
0.173,0.41,0.272,0,0,1,1
0.173,0.41,0.275,0,0,1,1
0.173,0.41,0.278,0,0,1,1
0.173,0.41,0.281,0,0,1,1
0.173,0.41,0.284,0,0,1,1
0.173,0.41,0.287,0,0,1,1
0.173,0.41,0.29,0,0,1,1
0.173,0.41,0.293,0,0,1,1
0.173,0.41,0.296,0,0,1,1
0.173,0.41,0.299,0,0,1,1
0.173,0.41,0.302,0,0,1,1
0.173,0.41,0.305,0,0,1,1
0.173,0.41,0.308,0,0,1,1
0.173,0.41,0.311,0,0,1,1
0.173,0.41,0.314,0,0,1,1
0.173,0.41,0.317,0,0,1,1
0.173,0.41,0.32,0,0,1,1
0.173,0.41,0.323,0,0,1,1
0.173,0.41,0.326,0,0,1,1
0.173,0.41,0.329,0,0,1,1
0.173,0.41,0.332,0,0,1,1
0.173,0.41,0.335,0,0,1,1
0.173,0.41,0.338,0,0,1,1
0.173,0.41,0.341,0,0,1,1
0.173,0.41,0.344,0,0,1,1
0.173,0.41,0.347,0,0,1,1
0.173,0.41,0.35,0,0,1,1
0.173,0.41,0.353,0,0,1,1
0.173,0.41,0.356,0,0,1,1
0.173,0.41,0.359,0,0,1,1
0.173,0.41,0.362,0,0,1,1
0.173,0.41,0.365,0,0,1,1
0.173,0.41,0.368,0,0,1,1
0.173,0.41,0.371,0,0,1,1
0.173,0.41,0.374,0,0,1,1
0.173,0.41,0.377,0,0,1,1
0.173,0.41,0.38,0,0,1,1
0.173,0.41,0.383,0,0,1,1
0.173,0.41,0.386,0,0,1,1
0.173,0.41,0.389,0,0,1,1
0.173,0.41,0.392,0,0,1,1
0.173,0.41,0.395,0,0,1,1
0.173,0.41,0.398,0,0,1,1
0.173,0.41,0.401,0,0,1,1
0.173,0.41,0.404,0,0,1,1
0.173,0.41,0.407,0,0,1,1
0.173,0.41,0.41,0,0,1,1
0.173,0.41,0.413,0,0,1,1
0.173,0.41,0.416,0,0,1,1
0.173,0.41,0.419,0,0,1,1
0.173,0.41,0.422,0,0,1,1
0.173,0.41,0.425,0,0,1,1
0.173,0.41,0.427999,0,0,1,1
0.173,0.41,0.430999,0,0,1,1
0.173,0.41,0.433999,0,0,1,1
0.173,0.41,0.436999,0,0,1,1
0.173,0.41,0.439999,0,0,1,1
0.176,0.41,0.26,0,0,1,1
0.176,0.41,0.263,0,0,1,1
0.176,0.41,0.266,0,0,1,1
0.176,0.41,0.269,0,0,1,1
0.176,0.41,0.272,0,0,1,1
0.176,0.41,0.275,0,0,1,1
0.176,0.41,0.278,0,0,1,1
0.176,0.41,0.281,0,0,1,1
0.176,0.41,0.284,0,0,1,1
0.176,0.41,0.287,0,0,1,1
0.176,0.41,0.29,0,0,1,1
0.176,0.41,0.293,0,0,1,1
0.176,0.41,0.296,0,0,1,1
0.176,0.41,0.299,0,0,1,1
0.176,0.41,0.302,0,0,1,1
0.176,0.41,0.305,0,0,1,1
0.176,0.41,0.308,0,0,1,1
0.176,0.41,0.311,0,0,1,1
0.176,0.41,0.314,0,0,1,1
0.176,0.41,0.317,0,0,1,1
0.176,0.41,0.32,0,0,1,1
0.176,0.41,0.323,0,0,1,1
0.176,0.41,0.326,0,0,1,1
0.176,0.41,0.329,0,0,1,1
0.176,0.41,0.332,0,0,1,1
0.176,0.41,0.335,0,0,1,1
0.176,0.41,0.338,0,0,1,1
0.176,0.41,0.341,0,0,1,1
0.176,0.41,0.344,0,0,1,1
0.176,0.41,0.347,0,0,1,1
0.176,0.41,0.35,0,0,1,1
0.176,0.41,0.353,0,0,1,1
0.176,0.41,0.356,0,0,1,1
0.176,0.41,0.359,0,0,1,1
0.176,0.41,0.362,0,0,1,1
0.176,0.41,0.365,0,0,1,1
0.176,0.41,0.368,0,0,1,1
0.176,0.41,0.371,0,0,1,1
0.176,0.41,0.374,0,0,1,1
0.176,0.41,0.377,0,0,1,1
0.176,0.41,0.38,0,0,1,1
0.176,0.41,0.383,0,0,1,1
0.176,0.41,0.386,0,0,1,1
0.176,0.41,0.389,0,0,1,1
0.176,0.41,0.392,0,0,1,1
0.176,0.41,0.395,0,0,1,1
0.176,0.41,0.398,0,0,1,1
0.176,0.41,0.401,0,0,1,1
0.176,0.41,0.404,0,0,1,1
0.176,0.41,0.407,0,0,1,1
0.176,0.41,0.41,0,0,1,1
0.176,0.41,0.413,0,0,1,1
0.176,0.41,0.416,0,0,1,1
0.176,0.41,0.419,0,0,1,1
0.176,0.41,0.422,0,0,1,1
0.176,0.41,0.425,0,0,1,1
0.176,0.41,0.427999,0,0,1,1
0.176,0.41,0.430999,0,0,1,1
0.176,0.41,0.433999,0,0,1,1
0.176,0.41,0.436999,0,0,1,1
0.176,0.41,0.439999,0,0,1,1
0.179,0.41,0.26,0,0,1,1
0.179,0.41,0.263,0,0,1,1
0.179,0.41,0.266,0,0,1,1
0.179,0.41,0.269,0,0,1,1
0.179,0.41,0.272,0,0,1,1
0.179,0.41,0.275,0,0,1,1
0.179,0.41,0.278,0,0,1,1
0.179,0.41,0.281,0,0,1,1
0.179,0.41,0.284,0,0,1,1
0.179,0.41,0.287,0,0,1,1
0.179,0.41,0.29,0,0,1,1
0.179,0.41,0.293,0,0,1,1
0.179,0.41,0.296,0,0,1,1
0.179,0.41,0.299,0,0,1,1
0.179,0.41,0.302,0,0,1,1
0.179,0.41,0.305,0,0,1,1
0.179,0.41,0.308,0,0,1,1
0.179,0.41,0.311,0,0,1,1
0.179,0.41,0.314,0,0,1,1
0.179,0.41,0.317,0,0,1,1
0.179,0.41,0.32,0,0,1,1
0.179,0.41,0.323,0,0,1,1
0.179,0.41,0.326,0,0,1,1
0.179,0.41,0.329,0,0,1,1
0.179,0.41,0.332,0,0,1,1
0.179,0.41,0.335,0,0,1,1
0.179,0.41,0.338,0,0,1,1
0.179,0.41,0.341,0,0,1,1
0.179,0.41,0.344,0,0,1,1
0.179,0.41,0.347,0,0,1,1
0.179,0.41,0.35,0,0,1,1
0.179,0.41,0.353,0,0,1,1
0.179,0.41,0.356,0,0,1,1
0.179,0.41,0.359,0,0,1,1
0.179,0.41,0.362,0,0,1,1
0.179,0.41,0.365,0,0,1,1
0.179,0.41,0.368,0,0,1,1
0.179,0.41,0.371,0,0,1,1
0.179,0.41,0.374,0,0,1,1
0.179,0.41,0.377,0,0,1,1
0.179,0.41,0.38,0,0,1,1
0.179,0.41,0.383,0,0,1,1
0.179,0.41,0.386,0,0,1,1
0.179,0.41,0.389,0,0,1,1
0.179,0.41,0.392,0,0,1,1
0.179,0.41,0.395,0,0,1,1
0.179,0.41,0.398,0,0,1,1
0.179,0.41,0.401,0,0,1,1
0.179,0.41,0.404,0,0,1,1
0.179,0.41,0.407,0,0,1,1
0.179,0.41,0.41,0,0,1,1
0.179,0.41,0.413,0,0,1,1
0.179,0.41,0.416,0,0,1,1
0.179,0.41,0.419,0,0,1,1
0.179,0.41,0.422,0,0,1,1
0.179,0.41,0.425,0,0,1,1
0.179,0.41,0.427999,0,0,1,1
0.179,0.41,0.430999,0,0,1,1
0.179,0.41,0.433999,0,0,1,1
0.179,0.41,0.436999,0,0,1,1
0.179,0.41,0.439999,0,0,1,1
0.182,0.41,0.26,0,0,1,1
0.182,0.41,0.263,0,0,1,1
0.182,0.41,0.266,0,0,1,1
0.182,0.41,0.269,0,0,1,1
0.182,0.41,0.272,0,0,1,1
0.182,0.41,0.275,0,0,1,1
0.182,0.41,0.278,0,0,1,1
0.182,0.41,0.281,0,0,1,1
0.182,0.41,0.284,0,0,1,1
0.182,0.41,0.287,0,0,1,1
0.182,0.41,0.29,0,0,1,1
0.182,0.41,0.293,0,0,1,1
0.182,0.41,0.296,0,0,1,1
0.182,0.41,0.299,0,0,1,1
0.182,0.41,0.302,0,0,1,1
0.182,0.41,0.305,0,0,1,1
0.182,0.41,0.308,0,0,1,1
0.182,0.41,0.311,0,0,1,1
0.182,0.41,0.314,0,0,1,1
0.182,0.41,0.317,0,0,1,1
0.182,0.41,0.32,0,0,1,1
0.182,0.41,0.323,0,0,1,1
0.182,0.41,0.326,0,0,1,1
0.182,0.41,0.329,0,0,1,1
0.182,0.41,0.332,0,0,1,1
0.182,0.41,0.335,0,0,1,1
0.182,0.41,0.338,0,0,1,1
0.182,0.41,0.341,0,0,1,1
0.182,0.41,0.344,0,0,1,1
0.182,0.41,0.347,0,0,1,1
0.182,0.41,0.35,0,0,1,1
0.182,0.41,0.353,0,0,1,1
0.182,0.41,0.356,0,0,1,1
0.182,0.41,0.359,0,0,1,1
0.182,0.41,0.362,0,0,1,1
0.182,0.41,0.365,0,0,1,1
0.182,0.41,0.368,0,0,1,1
0.182,0.41,0.371,0,0,1,1
0.182,0.41,0.374,0,0,1,1
0.182,0.41,0.377,0,0,1,1
0.182,0.41,0.38,0,0,1,1
0.182,0.41,0.383,0,0,1,1
0.182,0.41,0.386,0,0,1,1
0.182,0.41,0.389,0,0,1,1
0.182,0.41,0.392,0,0,1,1
0.182,0.41,0.395,0,0,1,1
0.182,0.41,0.398,0,0,1,1
0.182,0.41,0.401,0,0,1,1
0.182,0.41,0.404,0,0,1,1
0.182,0.41,0.407,0,0,1,1
0.182,0.41,0.41,0,0,1,1
0.182,0.41,0.413,0,0,1,1
0.182,0.41,0.416,0,0,1,1
0.182,0.41,0.419,0,0,1,1
0.182,0.41,0.422,0,0,1,1
0.182,0.41,0.425,0,0,1,1
0.182,0.41,0.427999,0,0,1,1
0.182,0.41,0.430999,0,0,1,1
0.182,0.41,0.433999,0,0,1,1
0.182,0.41,0.436999,0,0,1,1
0.182,0.41,0.439999,0,0,1,1
0.185,0.41,0.26,0,0,1,1
0.185,0.41,0.263,0,0,1,1
0.185,0.41,0.266,0,0,1,1
0.185,0.41,0.269,0,0,1,1
0.185,0.41,0.272,0,0,1,1
0.185,0.41,0.275,0,0,1,1
0.185,0.41,0.278,0,0,1,1
0.185,0.41,0.281,0,0,1,1
0.185,0.41,0.284,0,0,1,1
0.185,0.41,0.287,0,0,1,1
0.185,0.41,0.29,0,0,1,1
0.185,0.41,0.293,0,0,1,1
0.185,0.41,0.296,0,0,1,1
0.185,0.41,0.299,0,0,1,1
0.185,0.41,0.302,0,0,1,1
0.185,0.41,0.305,0,0,1,1
0.185,0.41,0.308,0,0,1,1
0.185,0.41,0.311,0,0,1,1
0.185,0.41,0.314,0,0,1,1
0.185,0.41,0.317,0,0,1,1
0.185,0.41,0.32,0,0,1,1
0.185,0.41,0.323,0,0,1,1
0.185,0.41,0.326,0,0,1,1
0.185,0.41,0.329,0,0,1,1
0.185,0.41,0.332,0,0,1,1
0.185,0.41,0.335,0,0,1,1
0.185,0.41,0.338,0,0,1,1
0.185,0.41,0.341,0,0,1,1
0.185,0.41,0.344,0,0,1,1
0.185,0.41,0.347,0,0,1,1
0.185,0.41,0.35,0,0,1,1
0.185,0.41,0.353,0,0,1,1
0.185,0.41,0.356,0,0,1,1
0.185,0.41,0.359,0,0,1,1
0.185,0.41,0.362,0,0,1,1
0.185,0.41,0.365,0,0,1,1
0.185,0.41,0.368,0,0,1,1
0.185,0.41,0.371,0,0,1,1
0.185,0.41,0.374,0,0,1,1
0.185,0.41,0.377,0,0,1,1
0.185,0.41,0.38,0,0,1,1
0.185,0.41,0.383,0,0,1,1
0.185,0.41,0.386,0,0,1,1
0.185,0.41,0.389,0,0,1,1
0.185,0.41,0.392,0,0,1,1
0.185,0.41,0.395,0,0,1,1
0.185,0.41,0.398,0,0,1,1
0.185,0.41,0.401,0,0,1,1
0.185,0.41,0.404,0,0,1,1
0.185,0.41,0.407,0,0,1,1
0.185,0.41,0.41,0,0,1,1
0.185,0.41,0.413,0,0,1,1
0.185,0.41,0.416,0,0,1,1
0.185,0.41,0.419,0,0,1,1
0.185,0.41,0.422,0,0,1,1
0.185,0.41,0.425,0,0,1,1
0.185,0.41,0.427999,0,0,1,1
0.185,0.41,0.430999,0,0,1,1
0.185,0.41,0.433999,0,0,1,1
0.185,0.41,0.436999,0,0,1,1
0.185,0.41,0.439999,0,0,1,1
0.188,0.41,0.26,0,0,1,1
0.188,0.41,0.263,0,0,1,1
0.188,0.41,0.266,0,0,1,1
0.188,0.41,0.269,0,0,1,1
0.188,0.41,0.272,0,0,1,1
0.188,0.41,0.275,0,0,1,1
0.188,0.41,0.278,0,0,1,1
0.188,0.41,0.281,0,0,1,1
0.188,0.41,0.284,0,0,1,1
0.188,0.41,0.287,0,0,1,1
0.188,0.41,0.29,0,0,1,1
0.188,0.41,0.293,0,0,1,1
0.188,0.41,0.296,0,0,1,1
0.188,0.41,0.299,0,0,1,1
0.188,0.41,0.302,0,0,1,1
0.188,0.41,0.305,0,0,1,1
0.188,0.41,0.308,0,0,1,1
0.188,0.41,0.311,0,0,1,1
0.188,0.41,0.314,0,0,1,1
0.188,0.41,0.317,0,0,1,1
0.188,0.41,0.32,0,0,1,1
0.188,0.41,0.323,0,0,1,1
0.188,0.41,0.326,0,0,1,1
0.188,0.41,0.329,0,0,1,1
0.188,0.41,0.332,0,0,1,1
0.188,0.41,0.335,0,0,1,1
0.188,0.41,0.338,0,0,1,1
0.188,0.41,0.341,0,0,1,1
0.188,0.41,0.344,0,0,1,1
0.188,0.41,0.347,0,0,1,1
0.188,0.41,0.35,0,0,1,1
0.188,0.41,0.353,0,0,1,1
0.188,0.41,0.356,0,0,1,1
0.188,0.41,0.359,0,0,1,1
0.188,0.41,0.362,0,0,1,1
0.188,0.41,0.365,0,0,1,1
0.188,0.41,0.368,0,0,1,1
0.188,0.41,0.371,0,0,1,1
0.188,0.41,0.374,0,0,1,1
0.188,0.41,0.377,0,0,1,1
0.188,0.41,0.38,0,0,1,1
0.188,0.41,0.383,0,0,1,1
0.188,0.41,0.386,0,0,1,1
0.188,0.41,0.389,0,0,1,1
0.188,0.41,0.392,0,0,1,1
0.188,0.41,0.395,0,0,1,1
0.188,0.41,0.398,0,0,1,1
0.188,0.41,0.401,0,0,1,1
0.188,0.41,0.404,0,0,1,1
0.188,0.41,0.407,0,0,1,1
0.188,0.41,0.41,0,0,1,1
0.188,0.41,0.413,0,0,1,1
0.188,0.41,0.416,0,0,1,1
0.188,0.41,0.419,0,0,1,1
0.188,0.41,0.422,0,0,1,1
0.188,0.41,0.425,0,0,1,1
0.188,0.41,0.427999,0,0,1,1
0.188,0.41,0.430999,0,0,1,1
0.188,0.41,0.433999,0,0,1,1
0.188,0.41,0.436999,0,0,1,1
0.188,0.41,0.439999,0,0,1,1
0.191,0.41,0.26,0,0,1,1
0.191,0.41,0.263,0,0,1,1
0.191,0.41,0.266,0,0,1,1
0.191,0.41,0.269,0,0,1,1
0.191,0.41,0.272,0,0,1,1
0.191,0.41,0.275,0,0,1,1
0.191,0.41,0.278,0,0,1,1
0.191,0.41,0.281,0,0,1,1
0.191,0.41,0.284,0,0,1,1
0.191,0.41,0.287,0,0,1,1
0.191,0.41,0.29,0,0,1,1
0.191,0.41,0.293,0,0,1,1
0.191,0.41,0.296,0,0,1,1
0.191,0.41,0.299,0,0,1,1
0.191,0.41,0.302,0,0,1,1
0.191,0.41,0.305,0,0,1,1
0.191,0.41,0.308,0,0,1,1
0.191,0.41,0.311,0,0,1,1
0.191,0.41,0.314,0,0,1,1
0.191,0.41,0.317,0,0,1,1
0.191,0.41,0.32,0,0,1,1
0.191,0.41,0.323,0,0,1,1
0.191,0.41,0.326,0,0,1,1
0.191,0.41,0.329,0,0,1,1
0.191,0.41,0.332,0,0,1,1
0.191,0.41,0.335,0,0,1,1
0.191,0.41,0.338,0,0,1,1
0.191,0.41,0.341,0,0,1,1
0.191,0.41,0.344,0,0,1,1
0.191,0.41,0.347,0,0,1,1
0.191,0.41,0.35,0,0,1,1
0.191,0.41,0.353,0,0,1,1
0.191,0.41,0.356,0,0,1,1
0.191,0.41,0.359,0,0,1,1
0.191,0.41,0.362,0,0,1,1
0.191,0.41,0.365,0,0,1,1
0.191,0.41,0.368,0,0,1,1
0.191,0.41,0.371,0,0,1,1
0.191,0.41,0.374,0,0,1,1
0.191,0.41,0.377,0,0,1,1
0.191,0.41,0.38,0,0,1,1
0.191,0.41,0.383,0,0,1,1
0.191,0.41,0.386,0,0,1,1
0.191,0.41,0.389,0,0,1,1
0.191,0.41,0.392,0,0,1,1
0.191,0.41,0.395,0,0,1,1
0.191,0.41,0.398,0,0,1,1
0.191,0.41,0.401,0,0,1,1
0.191,0.41,0.404,0,0,1,1
0.191,0.41,0.407,0,0,1,1
0.191,0.41,0.41,0,0,1,1
0.191,0.41,0.413,0,0,1,1
0.191,0.41,0.416,0,0,1,1
0.191,0.41,0.419,0,0,1,1
0.191,0.41,0.422,0,0,1,1
0.191,0.41,0.425,0,0,1,1
0.191,0.41,0.427999,0,0,1,1
0.191,0.41,0.430999,0,0,1,1
0.191,0.41,0.433999,0,0,1,1
0.191,0.41,0.436999,0,0,1,1
0.191,0.41,0.439999,0,0,1,1
0.194,0.41,0.26,0,0,1,1
0.194,0.41,0.263,0,0,1,1
0.194,0.41,0.266,0,0,1,1
0.194,0.41,0.269,0,0,1,1
0.194,0.41,0.272,0,0,1,1
0.194,0.41,0.275,0,0,1,1
0.194,0.41,0.278,0,0,1,1
0.194,0.41,0.281,0,0,1,1
0.194,0.41,0.284,0,0,1,1
0.194,0.41,0.287,0,0,1,1
0.194,0.41,0.29,0,0,1,1
0.194,0.41,0.293,0,0,1,1
0.194,0.41,0.296,0,0,1,1
0.194,0.41,0.299,0,0,1,1
0.194,0.41,0.302,0,0,1,1
0.194,0.41,0.305,0,0,1,1
0.194,0.41,0.308,0,0,1,1
0.194,0.41,0.311,0,0,1,1
0.194,0.41,0.314,0,0,1,1
0.194,0.41,0.317,0,0,1,1
0.194,0.41,0.32,0,0,1,1
0.194,0.41,0.323,0,0,1,1
0.194,0.41,0.326,0,0,1,1
0.194,0.41,0.329,0,0,1,1
0.194,0.41,0.332,0,0,1,1
0.194,0.41,0.335,0,0,1,1
0.194,0.41,0.338,0,0,1,1
0.194,0.41,0.341,0,0,1,1
0.194,0.41,0.344,0,0,1,1
0.194,0.41,0.347,0,0,1,1
0.194,0.41,0.35,0,0,1,1
0.194,0.41,0.353,0,0,1,1
0.194,0.41,0.356,0,0,1,1
0.194,0.41,0.359,0,0,1,1
0.194,0.41,0.362,0,0,1,1
0.194,0.41,0.365,0,0,1,1
0.194,0.41,0.368,0,0,1,1
0.194,0.41,0.371,0,0,1,1
0.194,0.41,0.374,0,0,1,1
0.194,0.41,0.377,0,0,1,1
0.194,0.41,0.38,0,0,1,1
0.194,0.41,0.383,0,0,1,1
0.194,0.41,0.386,0,0,1,1
0.194,0.41,0.389,0,0,1,1
0.194,0.41,0.392,0,0,1,1
0.194,0.41,0.395,0,0,1,1
0.194,0.41,0.398,0,0,1,1
0.194,0.41,0.401,0,0,1,1
0.194,0.41,0.404,0,0,1,1
0.194,0.41,0.407,0,0,1,1
0.194,0.41,0.41,0,0,1,1
0.194,0.41,0.413,0,0,1,1
0.194,0.41,0.416,0,0,1,1
0.194,0.41,0.419,0,0,1,1
0.194,0.41,0.422,0,0,1,1
0.194,0.41,0.425,0,0,1,1
0.194,0.41,0.427999,0,0,1,1
0.194,0.41,0.430999,0,0,1,1
0.194,0.41,0.433999,0,0,1,1
0.194,0.41,0.436999,0,0,1,1
0.194,0.41,0.439999,0,0,1,1
0.197,0.41,0.26,0,0,1,1
0.197,0.41,0.263,0,0,1,1
0.197,0.41,0.266,0,0,1,1
0.197,0.41,0.269,0,0,1,1
0.197,0.41,0.272,0,0,1,1
0.197,0.41,0.275,0,0,1,1
0.197,0.41,0.278,0,0,1,1
0.197,0.41,0.281,0,0,1,1
0.197,0.41,0.284,0,0,1,1
0.197,0.41,0.287,0,0,1,1
0.197,0.41,0.29,0,0,1,1
0.197,0.41,0.293,0,0,1,1
0.197,0.41,0.296,0,0,1,1
0.197,0.41,0.299,0,0,1,1
0.197,0.41,0.302,0,0,1,1
0.197,0.41,0.305,0,0,1,1
0.197,0.41,0.308,0,0,1,1
0.197,0.41,0.311,0,0,1,1
0.197,0.41,0.314,0,0,1,1
0.197,0.41,0.317,0,0,1,1
0.197,0.41,0.32,0,0,1,1
0.197,0.41,0.323,0,0,1,1
0.197,0.41,0.326,0,0,1,1
0.197,0.41,0.329,0,0,1,1
0.197,0.41,0.332,0,0,1,1
0.197,0.41,0.335,0,0,1,1
0.197,0.41,0.338,0,0,1,1
0.197,0.41,0.341,0,0,1,1
0.197,0.41,0.344,0,0,1,1
0.197,0.41,0.347,0,0,1,1
0.197,0.41,0.35,0,0,1,1
0.197,0.41,0.353,0,0,1,1
0.197,0.41,0.356,0,0,1,1
0.197,0.41,0.359,0,0,1,1
0.197,0.41,0.362,0,0,1,1
0.197,0.41,0.365,0,0,1,1
0.197,0.41,0.368,0,0,1,1
0.197,0.41,0.371,0,0,1,1
0.197,0.41,0.374,0,0,1,1
0.197,0.41,0.377,0,0,1,1
0.197,0.41,0.38,0,0,1,1
0.197,0.41,0.383,0,0,1,1
0.197,0.41,0.386,0,0,1,1
0.197,0.41,0.389,0,0,1,1
0.197,0.41,0.392,0,0,1,1
0.197,0.41,0.395,0,0,1,1
0.197,0.41,0.398,0,0,1,1
0.197,0.41,0.401,0,0,1,1
0.197,0.41,0.404,0,0,1,1
0.197,0.41,0.407,0,0,1,1
0.197,0.41,0.41,0,0,1,1
0.197,0.41,0.413,0,0,1,1
0.197,0.41,0.416,0,0,1,1
0.197,0.41,0.419,0,0,1,1
0.197,0.41,0.422,0,0,1,1
0.197,0.41,0.425,0,0,1,1
0.197,0.41,0.427999,0,0,1,1
0.197,0.41,0.430999,0,0,1,1
0.197,0.41,0.433999,0,0,1,1
0.197,0.41,0.436999,0,0,1,1
0.197,0.41,0.439999,0,0,1,1
0.2,0.41,0.26,0,0,1,1
0.2,0.41,0.263,0,0,1,1
0.2,0.41,0.266,0,0,1,1
0.2,0.41,0.269,0,0,1,1
0.2,0.41,0.272,0,0,1,1
0.2,0.41,0.275,0,0,1,1
0.2,0.41,0.278,0,0,1,1
0.2,0.41,0.281,0,0,1,1
0.2,0.41,0.284,0,0,1,1
0.2,0.41,0.287,0,0,1,1
0.2,0.41,0.29,0,0,1,1
0.2,0.41,0.293,0,0,1,1
0.2,0.41,0.296,0,0,1,1
0.2,0.41,0.299,0,0,1,1
0.2,0.41,0.302,0,0,1,1
0.2,0.41,0.305,0,0,1,1
0.2,0.41,0.308,0,0,1,1
0.2,0.41,0.311,0,0,1,1
0.2,0.41,0.314,0,0,1,1
0.2,0.41,0.317,0,0,1,1
0.2,0.41,0.32,0,0,1,1
0.2,0.41,0.323,0,0,1,1
0.2,0.41,0.326,0,0,1,1
0.2,0.41,0.329,0,0,1,1
0.2,0.41,0.332,0,0,1,1
0.2,0.41,0.335,0,0,1,1
0.2,0.41,0.338,0,0,1,1
0.2,0.41,0.341,0,0,1,1
0.2,0.41,0.344,0,0,1,1
0.2,0.41,0.347,0,0,1,1
0.2,0.41,0.35,0,0,1,1
0.2,0.41,0.353,0,0,1,1
0.2,0.41,0.356,0,0,1,1
0.2,0.41,0.359,0,0,1,1
0.2,0.41,0.362,0,0,1,1
0.2,0.41,0.365,0,0,1,1
0.2,0.41,0.368,0,0,1,1
0.2,0.41,0.371,0,0,1,1
0.2,0.41,0.374,0,0,1,1
0.2,0.41,0.377,0,0,1,1
0.2,0.41,0.38,0,0,1,1
0.2,0.41,0.383,0,0,1,1
0.2,0.41,0.386,0,0,1,1
0.2,0.41,0.389,0,0,1,1
0.2,0.41,0.392,0,0,1,1
0.2,0.41,0.395,0,0,1,1
0.2,0.41,0.398,0,0,1,1
0.2,0.41,0.401,0,0,1,1
0.2,0.41,0.404,0,0,1,1
0.2,0.41,0.407,0,0,1,1
0.2,0.41,0.41,0,0,1,1
0.2,0.41,0.413,0,0,1,1
0.2,0.41,0.416,0,0,1,1
0.2,0.41,0.419,0,0,1,1
0.2,0.41,0.422,0,0,1,1
0.2,0.41,0.425,0,0,1,1
0.2,0.41,0.427999,0,0,1,1
0.2,0.41,0.430999,0,0,1,1
0.2,0.41,0.433999,0,0,1,1
0.2,0.41,0.436999,0,0,1,1
0.2,0.41,0.439999,0,0,1,1
0.203,0.41,0.26,0,0,1,1
0.203,0.41,0.263,0,0,1,1
0.203,0.41,0.266,0,0,1,1
0.203,0.41,0.269,0,0,1,1
0.203,0.41,0.272,0,0,1,1
0.203,0.41,0.275,0,0,1,1
0.203,0.41,0.278,0,0,1,1
0.203,0.41,0.281,0,0,1,1
0.203,0.41,0.284,0,0,1,1
0.203,0.41,0.287,0,0,1,1
0.203,0.41,0.29,0,0,1,1
0.203,0.41,0.293,0,0,1,1
0.203,0.41,0.296,0,0,1,1
0.203,0.41,0.299,0,0,1,1
0.203,0.41,0.302,0,0,1,1
0.203,0.41,0.305,0,0,1,1
0.203,0.41,0.308,0,0,1,1
0.203,0.41,0.311,0,0,1,1
0.203,0.41,0.314,0,0,1,1
0.203,0.41,0.317,0,0,1,1
0.203,0.41,0.32,0,0,1,1
0.203,0.41,0.323,0,0,1,1
0.203,0.41,0.326,0,0,1,1
0.203,0.41,0.329,0,0,1,1
0.203,0.41,0.332,0,0,1,1
0.203,0.41,0.335,0,0,1,1
0.203,0.41,0.338,0,0,1,1
0.203,0.41,0.341,0,0,1,1
0.203,0.41,0.344,0,0,1,1
0.203,0.41,0.347,0,0,1,1
0.203,0.41,0.35,0,0,1,1
0.203,0.41,0.353,0,0,1,1
0.203,0.41,0.356,0,0,1,1
0.203,0.41,0.359,0,0,1,1
0.203,0.41,0.362,0,0,1,1
0.203,0.41,0.365,0,0,1,1
0.203,0.41,0.368,0,0,1,1
0.203,0.41,0.371,0,0,1,1
0.203,0.41,0.374,0,0,1,1
0.203,0.41,0.377,0,0,1,1
0.203,0.41,0.38,0,0,1,1
0.203,0.41,0.383,0,0,1,1
0.203,0.41,0.386,0,0,1,1
0.203,0.41,0.389,0,0,1,1
0.203,0.41,0.392,0,0,1,1
0.203,0.41,0.395,0,0,1,1
0.203,0.41,0.398,0,0,1,1
0.203,0.41,0.401,0,0,1,1
0.203,0.41,0.404,0,0,1,1
0.203,0.41,0.407,0,0,1,1
0.203,0.41,0.41,0,0,1,1
0.203,0.41,0.413,0,0,1,1
0.203,0.41,0.416,0,0,1,1
0.203,0.41,0.419,0,0,1,1
0.203,0.41,0.422,0,0,1,1
0.203,0.41,0.425,0,0,1,1
0.203,0.41,0.427999,0,0,1,1
0.203,0.41,0.430999,0,0,1,1
0.203,0.41,0.433999,0,0,1,1
0.203,0.41,0.436999,0,0,1,1
0.203,0.41,0.439999,0,0,1,1
0.206,0.41,0.26,0,0,1,1
0.206,0.41,0.263,0,0,1,1
0.206,0.41,0.266,0,0,1,1
0.206,0.41,0.269,0,0,1,1
0.206,0.41,0.272,0,0,1,1
0.206,0.41,0.275,0,0,1,1
0.206,0.41,0.278,0,0,1,1
0.206,0.41,0.281,0,0,1,1
0.206,0.41,0.284,0,0,1,1
0.206,0.41,0.287,0,0,1,1
0.206,0.41,0.29,0,0,1,1
0.206,0.41,0.293,0,0,1,1
0.206,0.41,0.296,0,0,1,1
0.206,0.41,0.299,0,0,1,1
0.206,0.41,0.302,0,0,1,1
0.206,0.41,0.305,0,0,1,1
0.206,0.41,0.308,0,0,1,1
0.206,0.41,0.311,0,0,1,1
0.206,0.41,0.314,0,0,1,1
0.206,0.41,0.317,0,0,1,1
0.206,0.41,0.32,0,0,1,1
0.206,0.41,0.323,0,0,1,1
0.206,0.41,0.326,0,0,1,1
0.206,0.41,0.329,0,0,1,1
0.206,0.41,0.332,0,0,1,1
0.206,0.41,0.335,0,0,1,1
0.206,0.41,0.338,0,0,1,1
0.206,0.41,0.341,0,0,1,1
0.206,0.41,0.344,0,0,1,1
0.206,0.41,0.347,0,0,1,1
0.206,0.41,0.35,0,0,1,1
0.206,0.41,0.353,0,0,1,1
0.206,0.41,0.356,0,0,1,1
0.206,0.41,0.359,0,0,1,1
0.206,0.41,0.362,0,0,1,1
0.206,0.41,0.365,0,0,1,1
0.206,0.41,0.368,0,0,1,1
0.206,0.41,0.371,0,0,1,1
0.206,0.41,0.374,0,0,1,1
0.206,0.41,0.377,0,0,1,1
0.206,0.41,0.38,0,0,1,1
0.206,0.41,0.383,0,0,1,1
0.206,0.41,0.386,0,0,1,1
0.206,0.41,0.389,0,0,1,1
0.206,0.41,0.392,0,0,1,1
0.206,0.41,0.395,0,0,1,1
0.206,0.41,0.398,0,0,1,1
0.206,0.41,0.401,0,0,1,1
0.206,0.41,0.404,0,0,1,1
0.206,0.41,0.407,0,0,1,1
0.206,0.41,0.41,0,0,1,1
0.206,0.41,0.413,0,0,1,1
0.206,0.41,0.416,0,0,1,1
0.206,0.41,0.419,0,0,1,1
0.206,0.41,0.422,0,0,1,1
0.206,0.41,0.425,0,0,1,1
0.206,0.41,0.427999,0,0,1,1
0.206,0.41,0.430999,0,0,1,1
0.206,0.41,0.433999,0,0,1,1
0.206,0.41,0.436999,0,0,1,1
0.206,0.41,0.439999,0,0,1,1
0.209,0.41,0.26,0,0,1,1
0.209,0.41,0.263,0,0,1,1
0.209,0.41,0.266,0,0,1,1
0.209,0.41,0.269,0,0,1,1
0.209,0.41,0.272,0,0,1,1
0.209,0.41,0.275,0,0,1,1
0.209,0.41,0.278,0,0,1,1
0.209,0.41,0.281,0,0,1,1
0.209,0.41,0.284,0,0,1,1
0.209,0.41,0.287,0,0,1,1
0.209,0.41,0.29,0,0,1,1
0.209,0.41,0.293,0,0,1,1
0.209,0.41,0.296,0,0,1,1
0.209,0.41,0.299,0,0,1,1
0.209,0.41,0.302,0,0,1,1
0.209,0.41,0.305,0,0,1,1
0.209,0.41,0.308,0,0,1,1
0.209,0.41,0.311,0,0,1,1
0.209,0.41,0.314,0,0,1,1
0.209,0.41,0.317,0,0,1,1
0.209,0.41,0.32,0,0,1,1
0.209,0.41,0.323,0,0,1,1
0.209,0.41,0.326,0,0,1,1
0.209,0.41,0.329,0,0,1,1
0.209,0.41,0.332,0,0,1,1
0.209,0.41,0.335,0,0,1,1
0.209,0.41,0.338,0,0,1,1
0.209,0.41,0.341,0,0,1,1
0.209,0.41,0.344,0,0,1,1
0.209,0.41,0.347,0,0,1,1
0.209,0.41,0.35,0,0,1,1
0.209,0.41,0.353,0,0,1,1
0.209,0.41,0.356,0,0,1,1
0.209,0.41,0.359,0,0,1,1
0.209,0.41,0.362,0,0,1,1
0.209,0.41,0.365,0,0,1,1
0.209,0.41,0.368,0,0,1,1
0.209,0.41,0.371,0,0,1,1
0.209,0.41,0.374,0,0,1,1
0.209,0.41,0.377,0,0,1,1
0.209,0.41,0.38,0,0,1,1
0.209,0.41,0.383,0,0,1,1
0.209,0.41,0.386,0,0,1,1
0.209,0.41,0.389,0,0,1,1
0.209,0.41,0.392,0,0,1,1
0.209,0.41,0.395,0,0,1,1
0.209,0.41,0.398,0,0,1,1
0.209,0.41,0.401,0,0,1,1
0.209,0.41,0.404,0,0,1,1
0.209,0.41,0.407,0,0,1,1
0.209,0.41,0.41,0,0,1,1
0.209,0.41,0.413,0,0,1,1
0.209,0.41,0.416,0,0,1,1
0.209,0.41,0.419,0,0,1,1
0.209,0.41,0.422,0,0,1,1
0.209,0.41,0.425,0,0,1,1
0.209,0.41,0.427999,0,0,1,1
0.209,0.41,0.430999,0,0,1,1
0.209,0.41,0.433999,0,0,1,1
0.209,0.41,0.436999,0,0,1,1
0.209,0.41,0.439999,0,0,1,1
0.212,0.41,0.26,0,0,1,1
0.212,0.41,0.263,0,0,1,1
0.212,0.41,0.266,0,0,1,1
0.212,0.41,0.269,0,0,1,1
0.212,0.41,0.272,0,0,1,1
0.212,0.41,0.275,0,0,1,1
0.212,0.41,0.278,0,0,1,1
0.212,0.41,0.281,0,0,1,1
0.212,0.41,0.284,0,0,1,1
0.212,0.41,0.287,0,0,1,1
0.212,0.41,0.29,0,0,1,1
0.212,0.41,0.293,0,0,1,1
0.212,0.41,0.296,0,0,1,1
0.212,0.41,0.299,0,0,1,1
0.212,0.41,0.302,0,0,1,1
0.212,0.41,0.305,0,0,1,1
0.212,0.41,0.308,0,0,1,1
0.212,0.41,0.311,0,0,1,1
0.212,0.41,0.314,0,0,1,1
0.212,0.41,0.317,0,0,1,1
0.212,0.41,0.32,0,0,1,1
0.212,0.41,0.323,0,0,1,1
0.212,0.41,0.326,0,0,1,1
0.212,0.41,0.329,0,0,1,1
0.212,0.41,0.332,0,0,1,1
0.212,0.41,0.335,0,0,1,1
0.212,0.41,0.338,0,0,1,1
0.212,0.41,0.341,0,0,1,1
0.212,0.41,0.344,0,0,1,1
0.212,0.41,0.347,0,0,1,1
0.212,0.41,0.35,0,0,1,1
0.212,0.41,0.353,0,0,1,1
0.212,0.41,0.356,0,0,1,1
0.212,0.41,0.359,0,0,1,1
0.212,0.41,0.362,0,0,1,1
0.212,0.41,0.365,0,0,1,1
0.212,0.41,0.368,0,0,1,1
0.212,0.41,0.371,0,0,1,1
0.212,0.41,0.374,0,0,1,1
0.212,0.41,0.377,0,0,1,1
0.212,0.41,0.38,0,0,1,1
0.212,0.41,0.383,0,0,1,1
0.212,0.41,0.386,0,0,1,1
0.212,0.41,0.389,0,0,1,1
0.212,0.41,0.392,0,0,1,1
0.212,0.41,0.395,0,0,1,1
0.212,0.41,0.398,0,0,1,1
0.212,0.41,0.401,0,0,1,1
0.212,0.41,0.404,0,0,1,1
0.212,0.41,0.407,0,0,1,1
0.212,0.41,0.41,0,0,1,1
0.212,0.41,0.413,0,0,1,1
0.212,0.41,0.416,0,0,1,1
0.212,0.41,0.419,0,0,1,1
0.212,0.41,0.422,0,0,1,1
0.212,0.41,0.425,0,0,1,1
0.212,0.41,0.427999,0,0,1,1
0.212,0.41,0.430999,0,0,1,1
0.212,0.41,0.433999,0,0,1,1
0.212,0.41,0.436999,0,0,1,1
0.212,0.41,0.439999,0,0,1,1
0.215,0.41,0.26,0,0,1,1
0.215,0.41,0.263,0,0,1,1
0.215,0.41,0.266,0,0,1,1
0.215,0.41,0.269,0,0,1,1
0.215,0.41,0.272,0,0,1,1
0.215,0.41,0.275,0,0,1,1
0.215,0.41,0.278,0,0,1,1
0.215,0.41,0.281,0,0,1,1
0.215,0.41,0.284,0,0,1,1
0.215,0.41,0.287,0,0,1,1
0.215,0.41,0.29,0,0,1,1
0.215,0.41,0.293,0,0,1,1
0.215,0.41,0.296,0,0,1,1
0.215,0.41,0.299,0,0,1,1
0.215,0.41,0.302,0,0,1,1
0.215,0.41,0.305,0,0,1,1
0.215,0.41,0.308,0,0,1,1
0.215,0.41,0.311,0,0,1,1
0.215,0.41,0.314,0,0,1,1
0.215,0.41,0.317,0,0,1,1
0.215,0.41,0.32,0,0,1,1
0.215,0.41,0.323,0,0,1,1
0.215,0.41,0.326,0,0,1,1
0.215,0.41,0.329,0,0,1,1
0.215,0.41,0.332,0,0,1,1
0.215,0.41,0.335,0,0,1,1
0.215,0.41,0.338,0,0,1,1
0.215,0.41,0.341,0,0,1,1
0.215,0.41,0.344,0,0,1,1
0.215,0.41,0.347,0,0,1,1
0.215,0.41,0.35,0,0,1,1
0.215,0.41,0.353,0,0,1,1
0.215,0.41,0.356,0,0,1,1
0.215,0.41,0.359,0,0,1,1
0.215,0.41,0.362,0,0,1,1
0.215,0.41,0.365,0,0,1,1
0.215,0.41,0.368,0,0,1,1
0.215,0.41,0.371,0,0,1,1
0.215,0.41,0.374,0,0,1,1
0.215,0.41,0.377,0,0,1,1
0.215,0.41,0.38,0,0,1,1
0.215,0.41,0.383,0,0,1,1
0.215,0.41,0.386,0,0,1,1
0.215,0.41,0.389,0,0,1,1
0.215,0.41,0.392,0,0,1,1
0.215,0.41,0.395,0,0,1,1
0.215,0.41,0.398,0,0,1,1
0.215,0.41,0.401,0,0,1,1
0.215,0.41,0.404,0,0,1,1
0.215,0.41,0.407,0,0,1,1
0.215,0.41,0.41,0,0,1,1
0.215,0.41,0.413,0,0,1,1
0.215,0.41,0.416,0,0,1,1
0.215,0.41,0.419,0,0,1,1
0.215,0.41,0.422,0,0,1,1
0.215,0.41,0.425,0,0,1,1
0.215,0.41,0.427999,0,0,1,1
0.215,0.41,0.430999,0,0,1,1
0.215,0.41,0.433999,0,0,1,1
0.215,0.41,0.436999,0,0,1,1
0.215,0.41,0.439999,0,0,1,1
0.218,0.41,0.26,0,0,1,1
0.218,0.41,0.263,0,0,1,1
0.218,0.41,0.266,0,0,1,1
0.218,0.41,0.269,0,0,1,1
0.218,0.41,0.272,0,0,1,1
0.218,0.41,0.275,0,0,1,1
0.218,0.41,0.278,0,0,1,1
0.218,0.41,0.281,0,0,1,1
0.218,0.41,0.284,0,0,1,1
0.218,0.41,0.287,0,0,1,1
0.218,0.41,0.29,0,0,1,1
0.218,0.41,0.293,0,0,1,1
0.218,0.41,0.296,0,0,1,1
0.218,0.41,0.299,0,0,1,1
0.218,0.41,0.302,0,0,1,1
0.218,0.41,0.305,0,0,1,1
0.218,0.41,0.308,0,0,1,1
0.218,0.41,0.311,0,0,1,1
0.218,0.41,0.314,0,0,1,1
0.218,0.41,0.317,0,0,1,1
0.218,0.41,0.32,0,0,1,1
0.218,0.41,0.323,0,0,1,1
0.218,0.41,0.326,0,0,1,1
0.218,0.41,0.329,0,0,1,1
0.218,0.41,0.332,0,0,1,1
0.218,0.41,0.335,0,0,1,1
0.218,0.41,0.338,0,0,1,1
0.218,0.41,0.341,0,0,1,1
0.218,0.41,0.344,0,0,1,1
0.218,0.41,0.347,0,0,1,1
0.218,0.41,0.35,0,0,1,1
0.218,0.41,0.353,0,0,1,1
0.218,0.41,0.356,0,0,1,1
0.218,0.41,0.359,0,0,1,1
0.218,0.41,0.362,0,0,1,1
0.218,0.41,0.365,0,0,1,1
0.218,0.41,0.368,0,0,1,1
0.218,0.41,0.371,0,0,1,1
0.218,0.41,0.374,0,0,1,1
0.218,0.41,0.377,0,0,1,1
0.218,0.41,0.38,0,0,1,1
0.218,0.41,0.383,0,0,1,1
0.218,0.41,0.386,0,0,1,1
0.218,0.41,0.389,0,0,1,1
0.218,0.41,0.392,0,0,1,1
0.218,0.41,0.395,0,0,1,1
0.218,0.41,0.398,0,0,1,1
0.218,0.41,0.401,0,0,1,1
0.218,0.41,0.404,0,0,1,1
0.218,0.41,0.407,0,0,1,1
0.218,0.41,0.41,0,0,1,1
0.218,0.41,0.413,0,0,1,1
0.218,0.41,0.416,0,0,1,1
0.218,0.41,0.419,0,0,1,1
0.218,0.41,0.422,0,0,1,1
0.218,0.41,0.425,0,0,1,1
0.218,0.41,0.427999,0,0,1,1
0.218,0.41,0.430999,0,0,1,1
0.218,0.41,0.433999,0,0,1,1
0.218,0.41,0.436999,0,0,1,1
0.218,0.41,0.439999,0,0,1,1
0.221,0.41,0.26,0,0,1,1
0.221,0.41,0.263,0,0,1,1
0.221,0.41,0.266,0,0,1,1
0.221,0.41,0.269,0,0,1,1
0.221,0.41,0.272,0,0,1,1
0.221,0.41,0.275,0,0,1,1
0.221,0.41,0.278,0,0,1,1
0.221,0.41,0.281,0,0,1,1
0.221,0.41,0.284,0,0,1,1
0.221,0.41,0.287,0,0,1,1
0.221,0.41,0.29,0,0,1,1
0.221,0.41,0.293,0,0,1,1
0.221,0.41,0.296,0,0,1,1
0.221,0.41,0.299,0,0,1,1
0.221,0.41,0.302,0,0,1,1
0.221,0.41,0.305,0,0,1,1
0.221,0.41,0.308,0,0,1,1
0.221,0.41,0.311,0,0,1,1
0.221,0.41,0.314,0,0,1,1
0.221,0.41,0.317,0,0,1,1
0.221,0.41,0.32,0,0,1,1
0.221,0.41,0.323,0,0,1,1
0.221,0.41,0.326,0,0,1,1
0.221,0.41,0.329,0,0,1,1
0.221,0.41,0.332,0,0,1,1
0.221,0.41,0.335,0,0,1,1
0.221,0.41,0.338,0,0,1,1
0.221,0.41,0.341,0,0,1,1
0.221,0.41,0.344,0,0,1,1
0.221,0.41,0.347,0,0,1,1
0.221,0.41,0.35,0,0,1,1
0.221,0.41,0.353,0,0,1,1
0.221,0.41,0.356,0,0,1,1
0.221,0.41,0.359,0,0,1,1
0.221,0.41,0.362,0,0,1,1
0.221,0.41,0.365,0,0,1,1
0.221,0.41,0.368,0,0,1,1
0.221,0.41,0.371,0,0,1,1
0.221,0.41,0.374,0,0,1,1
0.221,0.41,0.377,0,0,1,1
0.221,0.41,0.38,0,0,1,1
0.221,0.41,0.383,0,0,1,1
0.221,0.41,0.386,0,0,1,1
0.221,0.41,0.389,0,0,1,1
0.221,0.41,0.392,0,0,1,1
0.221,0.41,0.395,0,0,1,1
0.221,0.41,0.398,0,0,1,1
0.221,0.41,0.401,0,0,1,1
0.221,0.41,0.404,0,0,1,1
0.221,0.41,0.407,0,0,1,1
0.221,0.41,0.41,0,0,1,1
0.221,0.41,0.413,0,0,1,1
0.221,0.41,0.416,0,0,1,1
0.221,0.41,0.419,0,0,1,1
0.221,0.41,0.422,0,0,1,1
0.221,0.41,0.425,0,0,1,1
0.221,0.41,0.427999,0,0,1,1
0.221,0.41,0.430999,0,0,1,1
0.221,0.41,0.433999,0,0,1,1
0.221,0.41,0.436999,0,0,1,1
0.221,0.41,0.439999,0,0,1,1
0.224,0.41,0.26,0,0,1,1
0.224,0.41,0.263,0,0,1,1
0.224,0.41,0.266,0,0,1,1
0.224,0.41,0.269,0,0,1,1
0.224,0.41,0.272,0,0,1,1
0.224,0.41,0.275,0,0,1,1
0.224,0.41,0.278,0,0,1,1
0.224,0.41,0.281,0,0,1,1
0.224,0.41,0.284,0,0,1,1
0.224,0.41,0.287,0,0,1,1
0.224,0.41,0.29,0,0,1,1
0.224,0.41,0.293,0,0,1,1
0.224,0.41,0.296,0,0,1,1
0.224,0.41,0.299,0,0,1,1
0.224,0.41,0.302,0,0,1,1
0.224,0.41,0.305,0,0,1,1
0.224,0.41,0.308,0,0,1,1
0.224,0.41,0.311,0,0,1,1
0.224,0.41,0.314,0,0,1,1
0.224,0.41,0.317,0,0,1,1
0.224,0.41,0.32,0,0,1,1
0.224,0.41,0.323,0,0,1,1
0.224,0.41,0.326,0,0,1,1
0.224,0.41,0.329,0,0,1,1
0.224,0.41,0.332,0,0,1,1
0.224,0.41,0.335,0,0,1,1
0.224,0.41,0.338,0,0,1,1
0.224,0.41,0.341,0,0,1,1
0.224,0.41,0.344,0,0,1,1
0.224,0.41,0.347,0,0,1,1
0.224,0.41,0.35,0,0,1,1
0.224,0.41,0.353,0,0,1,1
0.224,0.41,0.356,0,0,1,1
0.224,0.41,0.359,0,0,1,1
0.224,0.41,0.362,0,0,1,1
0.224,0.41,0.365,0,0,1,1
0.224,0.41,0.368,0,0,1,1
0.224,0.41,0.371,0,0,1,1
0.224,0.41,0.374,0,0,1,1
0.224,0.41,0.377,0,0,1,1
0.224,0.41,0.38,0,0,1,1
0.224,0.41,0.383,0,0,1,1
0.224,0.41,0.386,0,0,1,1
0.224,0.41,0.389,0,0,1,1
0.224,0.41,0.392,0,0,1,1
0.224,0.41,0.395,0,0,1,1
0.224,0.41,0.398,0,0,1,1
0.224,0.41,0.401,0,0,1,1
0.224,0.41,0.404,0,0,1,1
0.224,0.41,0.407,0,0,1,1
0.224,0.41,0.41,0,0,1,1
0.224,0.41,0.413,0,0,1,1
0.224,0.41,0.416,0,0,1,1
0.224,0.41,0.419,0,0,1,1
0.224,0.41,0.422,0,0,1,1
0.224,0.41,0.425,0,0,1,1
0.224,0.41,0.427999,0,0,1,1
0.224,0.41,0.430999,0,0,1,1
0.224,0.41,0.433999,0,0,1,1
0.224,0.41,0.436999,0,0,1,1
0.224,0.41,0.439999,0,0,1,1
0.227,0.41,0.26,0,0,1,1
0.227,0.41,0.263,0,0,1,1
0.227,0.41,0.266,0,0,1,1
0.227,0.41,0.269,0,0,1,1
0.227,0.41,0.272,0,0,1,1
0.227,0.41,0.275,0,0,1,1
0.227,0.41,0.278,0,0,1,1
0.227,0.41,0.281,0,0,1,1
0.227,0.41,0.284,0,0,1,1
0.227,0.41,0.287,0,0,1,1
0.227,0.41,0.29,0,0,1,1
0.227,0.41,0.293,0,0,1,1
0.227,0.41,0.296,0,0,1,1
0.227,0.41,0.299,0,0,1,1
0.227,0.41,0.302,0,0,1,1
0.227,0.41,0.305,0,0,1,1
0.227,0.41,0.308,0,0,1,1
0.227,0.41,0.311,0,0,1,1
0.227,0.41,0.314,0,0,1,1
0.227,0.41,0.317,0,0,1,1
0.227,0.41,0.32,0,0,1,1
0.227,0.41,0.323,0,0,1,1
0.227,0.41,0.326,0,0,1,1
0.227,0.41,0.329,0,0,1,1
0.227,0.41,0.332,0,0,1,1
0.227,0.41,0.335,0,0,1,1
0.227,0.41,0.338,0,0,1,1
0.227,0.41,0.341,0,0,1,1
0.227,0.41,0.344,0,0,1,1
0.227,0.41,0.347,0,0,1,1
0.227,0.41,0.35,0,0,1,1
0.227,0.41,0.353,0,0,1,1
0.227,0.41,0.356,0,0,1,1
0.227,0.41,0.359,0,0,1,1
0.227,0.41,0.362,0,0,1,1
0.227,0.41,0.365,0,0,1,1
0.227,0.41,0.368,0,0,1,1
0.227,0.41,0.371,0,0,1,1
0.227,0.41,0.374,0,0,1,1
0.227,0.41,0.377,0,0,1,1
0.227,0.41,0.38,0,0,1,1
0.227,0.41,0.383,0,0,1,1
0.227,0.41,0.386,0,0,1,1
0.227,0.41,0.389,0,0,1,1
0.227,0.41,0.392,0,0,1,1
0.227,0.41,0.395,0,0,1,1
0.227,0.41,0.398,0,0,1,1
0.227,0.41,0.401,0,0,1,1
0.227,0.41,0.404,0,0,1,1
0.227,0.41,0.407,0,0,1,1
0.227,0.41,0.41,0,0,1,1
0.227,0.41,0.413,0,0,1,1
0.227,0.41,0.416,0,0,1,1
0.227,0.41,0.419,0,0,1,1
0.227,0.41,0.422,0,0,1,1
0.227,0.41,0.425,0,0,1,1
0.227,0.41,0.427999,0,0,1,1
0.227,0.41,0.430999,0,0,1,1
0.227,0.41,0.433999,0,0,1,1
0.227,0.41,0.436999,0,0,1,1
0.227,0.41,0.439999,0,0,1,1
0.23,0.41,0.26,0,0,1,1
0.23,0.41,0.263,0,0,1,1
0.23,0.41,0.266,0,0,1,1
0.23,0.41,0.269,0,0,1,1
0.23,0.41,0.272,0,0,1,1
0.23,0.41,0.275,0,0,1,1
0.23,0.41,0.278,0,0,1,1
0.23,0.41,0.281,0,0,1,1
0.23,0.41,0.284,0,0,1,1
0.23,0.41,0.287,0,0,1,1
0.23,0.41,0.29,0,0,1,1
0.23,0.41,0.293,0,0,1,1
0.23,0.41,0.296,0,0,1,1
0.23,0.41,0.299,0,0,1,1
0.23,0.41,0.302,0,0,1,1
0.23,0.41,0.305,0,0,1,1
0.23,0.41,0.308,0,0,1,1
0.23,0.41,0.311,0,0,1,1
0.23,0.41,0.314,0,0,1,1
0.23,0.41,0.317,0,0,1,1
0.23,0.41,0.32,0,0,1,1
0.23,0.41,0.323,0,0,1,1
0.23,0.41,0.326,0,0,1,1
0.23,0.41,0.329,0,0,1,1
0.23,0.41,0.332,0,0,1,1
0.23,0.41,0.335,0,0,1,1
0.23,0.41,0.338,0,0,1,1
0.23,0.41,0.341,0,0,1,1
0.23,0.41,0.344,0,0,1,1
0.23,0.41,0.347,0,0,1,1
0.23,0.41,0.35,0,0,1,1
0.23,0.41,0.353,0,0,1,1
0.23,0.41,0.356,0,0,1,1
0.23,0.41,0.359,0,0,1,1
0.23,0.41,0.362,0,0,1,1
0.23,0.41,0.365,0,0,1,1
0.23,0.41,0.368,0,0,1,1
0.23,0.41,0.371,0,0,1,1
0.23,0.41,0.374,0,0,1,1
0.23,0.41,0.377,0,0,1,1
0.23,0.41,0.38,0,0,1,1
0.23,0.41,0.383,0,0,1,1
0.23,0.41,0.386,0,0,1,1
0.23,0.41,0.389,0,0,1,1
0.23,0.41,0.392,0,0,1,1
0.23,0.41,0.395,0,0,1,1
0.23,0.41,0.398,0,0,1,1
0.23,0.41,0.401,0,0,1,1
0.23,0.41,0.404,0,0,1,1
0.23,0.41,0.407,0,0,1,1
0.23,0.41,0.41,0,0,1,1
0.23,0.41,0.413,0,0,1,1
0.23,0.41,0.416,0,0,1,1
0.23,0.41,0.419,0,0,1,1
0.23,0.41,0.422,0,0,1,1
0.23,0.41,0.425,0,0,1,1
0.23,0.41,0.427999,0,0,1,1
0.23,0.41,0.430999,0,0,1,1
0.23,0.41,0.433999,0,0,1,1
0.23,0.41,0.436999,0,0,1,1
0.23,0.41,0.439999,0,0,1,1
0.233,0.41,0.26,0,0,1,1
0.233,0.41,0.263,0,0,1,1
0.233,0.41,0.266,0,0,1,1
0.233,0.41,0.269,0,0,1,1
0.233,0.41,0.272,0,0,1,1
0.233,0.41,0.275,0,0,1,1
0.233,0.41,0.278,0,0,1,1
0.233,0.41,0.281,0,0,1,1
0.233,0.41,0.284,0,0,1,1
0.233,0.41,0.287,0,0,1,1
0.233,0.41,0.29,0,0,1,1
0.233,0.41,0.293,0,0,1,1
0.233,0.41,0.296,0,0,1,1
0.233,0.41,0.299,0,0,1,1
0.233,0.41,0.302,0,0,1,1
0.233,0.41,0.305,0,0,1,1
0.233,0.41,0.308,0,0,1,1
0.233,0.41,0.311,0,0,1,1
0.233,0.41,0.314,0,0,1,1
0.233,0.41,0.317,0,0,1,1
0.233,0.41,0.32,0,0,1,1
0.233,0.41,0.323,0,0,1,1
0.233,0.41,0.326,0,0,1,1
0.233,0.41,0.329,0,0,1,1
0.233,0.41,0.332,0,0,1,1
0.233,0.41,0.335,0,0,1,1
0.233,0.41,0.338,0,0,1,1
0.233,0.41,0.341,0,0,1,1
0.233,0.41,0.344,0,0,1,1
0.233,0.41,0.347,0,0,1,1
0.233,0.41,0.35,0,0,1,1
0.233,0.41,0.353,0,0,1,1
0.233,0.41,0.356,0,0,1,1
0.233,0.41,0.359,0,0,1,1
0.233,0.41,0.362,0,0,1,1
0.233,0.41,0.365,0,0,1,1
0.233,0.41,0.368,0,0,1,1
0.233,0.41,0.371,0,0,1,1
0.233,0.41,0.374,0,0,1,1
0.233,0.41,0.377,0,0,1,1
0.233,0.41,0.38,0,0,1,1
0.233,0.41,0.383,0,0,1,1
0.233,0.41,0.386,0,0,1,1
0.233,0.41,0.389,0,0,1,1
0.233,0.41,0.392,0,0,1,1
0.233,0.41,0.395,0,0,1,1
0.233,0.41,0.398,0,0,1,1
0.233,0.41,0.401,0,0,1,1
0.233,0.41,0.404,0,0,1,1
0.233,0.41,0.407,0,0,1,1
0.233,0.41,0.41,0,0,1,1
0.233,0.41,0.413,0,0,1,1
0.233,0.41,0.416,0,0,1,1
0.233,0.41,0.419,0,0,1,1
0.233,0.41,0.422,0,0,1,1
0.233,0.41,0.425,0,0,1,1
0.233,0.41,0.427999,0,0,1,1
0.233,0.41,0.430999,0,0,1,1
0.233,0.41,0.433999,0,0,1,1
0.233,0.41,0.436999,0,0,1,1
0.233,0.41,0.439999,0,0,1,1
0.236,0.41,0.26,0,0,1,1
0.236,0.41,0.263,0,0,1,1
0.236,0.41,0.266,0,0,1,1
0.236,0.41,0.269,0,0,1,1
0.236,0.41,0.272,0,0,1,1
0.236,0.41,0.275,0,0,1,1
0.236,0.41,0.278,0,0,1,1
0.236,0.41,0.281,0,0,1,1
0.236,0.41,0.284,0,0,1,1
0.236,0.41,0.287,0,0,1,1
0.236,0.41,0.29,0,0,1,1
0.236,0.41,0.293,0,0,1,1
0.236,0.41,0.296,0,0,1,1
0.236,0.41,0.299,0,0,1,1
0.236,0.41,0.302,0,0,1,1
0.236,0.41,0.305,0,0,1,1
0.236,0.41,0.308,0,0,1,1
0.236,0.41,0.311,0,0,1,1
0.236,0.41,0.314,0,0,1,1
0.236,0.41,0.317,0,0,1,1
0.236,0.41,0.32,0,0,1,1
0.236,0.41,0.323,0,0,1,1
0.236,0.41,0.326,0,0,1,1
0.236,0.41,0.329,0,0,1,1
0.236,0.41,0.332,0,0,1,1
0.236,0.41,0.335,0,0,1,1
0.236,0.41,0.338,0,0,1,1
0.236,0.41,0.341,0,0,1,1
0.236,0.41,0.344,0,0,1,1
0.236,0.41,0.347,0,0,1,1
0.236,0.41,0.35,0,0,1,1
0.236,0.41,0.353,0,0,1,1
0.236,0.41,0.356,0,0,1,1
0.236,0.41,0.359,0,0,1,1
0.236,0.41,0.362,0,0,1,1
0.236,0.41,0.365,0,0,1,1
0.236,0.41,0.368,0,0,1,1
0.236,0.41,0.371,0,0,1,1
0.236,0.41,0.374,0,0,1,1
0.236,0.41,0.377,0,0,1,1
0.236,0.41,0.38,0,0,1,1
0.236,0.41,0.383,0,0,1,1
0.236,0.41,0.386,0,0,1,1
0.236,0.41,0.389,0,0,1,1
0.236,0.41,0.392,0,0,1,1
0.236,0.41,0.395,0,0,1,1
0.236,0.41,0.398,0,0,1,1
0.236,0.41,0.401,0,0,1,1
0.236,0.41,0.404,0,0,1,1
0.236,0.41,0.407,0,0,1,1
0.236,0.41,0.41,0,0,1,1
0.236,0.41,0.413,0,0,1,1
0.236,0.41,0.416,0,0,1,1
0.236,0.41,0.419,0,0,1,1
0.236,0.41,0.422,0,0,1,1
0.236,0.41,0.425,0,0,1,1
0.236,0.41,0.427999,0,0,1,1
0.236,0.41,0.430999,0,0,1,1
0.236,0.41,0.433999,0,0,1,1
0.236,0.41,0.436999,0,0,1,1
0.236,0.41,0.439999,0,0,1,1
0.239,0.41,0.26,0,0,1,1
0.239,0.41,0.263,0,0,1,1
0.239,0.41,0.266,0,0,1,1
0.239,0.41,0.269,0,0,1,1
0.239,0.41,0.272,0,0,1,1
0.239,0.41,0.275,0,0,1,1
0.239,0.41,0.278,0,0,1,1
0.239,0.41,0.281,0,0,1,1
0.239,0.41,0.284,0,0,1,1
0.239,0.41,0.287,0,0,1,1
0.239,0.41,0.29,0,0,1,1
0.239,0.41,0.293,0,0,1,1
0.239,0.41,0.296,0,0,1,1
0.239,0.41,0.299,0,0,1,1
0.239,0.41,0.302,0,0,1,1
0.239,0.41,0.305,0,0,1,1
0.239,0.41,0.308,0,0,1,1
0.239,0.41,0.311,0,0,1,1
0.239,0.41,0.314,0,0,1,1
0.239,0.41,0.317,0,0,1,1
0.239,0.41,0.32,0,0,1,1
0.239,0.41,0.323,0,0,1,1
0.239,0.41,0.326,0,0,1,1
0.239,0.41,0.329,0,0,1,1
0.239,0.41,0.332,0,0,1,1
0.239,0.41,0.335,0,0,1,1
0.239,0.41,0.338,0,0,1,1
0.239,0.41,0.341,0,0,1,1
0.239,0.41,0.344,0,0,1,1
0.239,0.41,0.347,0,0,1,1
0.239,0.41,0.35,0,0,1,1
0.239,0.41,0.353,0,0,1,1
0.239,0.41,0.356,0,0,1,1
0.239,0.41,0.359,0,0,1,1
0.239,0.41,0.362,0,0,1,1
0.239,0.41,0.365,0,0,1,1
0.239,0.41,0.368,0,0,1,1
0.239,0.41,0.371,0,0,1,1
0.239,0.41,0.374,0,0,1,1
0.239,0.41,0.377,0,0,1,1
0.239,0.41,0.38,0,0,1,1
0.239,0.41,0.383,0,0,1,1
0.239,0.41,0.386,0,0,1,1
0.239,0.41,0.389,0,0,1,1
0.239,0.41,0.392,0,0,1,1
0.239,0.41,0.395,0,0,1,1
0.239,0.41,0.398,0,0,1,1
0.239,0.41,0.401,0,0,1,1
0.239,0.41,0.404,0,0,1,1
0.239,0.41,0.407,0,0,1,1
0.239,0.41,0.41,0,0,1,1
0.239,0.41,0.413,0,0,1,1
0.239,0.41,0.416,0,0,1,1
0.239,0.41,0.419,0,0,1,1
0.239,0.41,0.422,0,0,1,1
0.239,0.41,0.425,0,0,1,1
0.239,0.41,0.427999,0,0,1,1
0.239,0.41,0.430999,0,0,1,1
0.239,0.41,0.433999,0,0,1,1
0.239,0.41,0.436999,0,0,1,1
0.239,0.41,0.439999,0,0,1,1
0.242,0.41,0.26,0,0,1,1
0.242,0.41,0.263,0,0,1,1
0.242,0.41,0.266,0,0,1,1
0.242,0.41,0.269,0,0,1,1
0.242,0.41,0.272,0,0,1,1
0.242,0.41,0.275,0,0,1,1
0.242,0.41,0.278,0,0,1,1
0.242,0.41,0.281,0,0,1,1
0.242,0.41,0.284,0,0,1,1
0.242,0.41,0.287,0,0,1,1
0.242,0.41,0.29,0,0,1,1
0.242,0.41,0.293,0,0,1,1
0.242,0.41,0.296,0,0,1,1
0.242,0.41,0.299,0,0,1,1
0.242,0.41,0.302,0,0,1,1
0.242,0.41,0.305,0,0,1,1
0.242,0.41,0.308,0,0,1,1
0.242,0.41,0.311,0,0,1,1
0.242,0.41,0.314,0,0,1,1
0.242,0.41,0.317,0,0,1,1
0.242,0.41,0.32,0,0,1,1
0.242,0.41,0.323,0,0,1,1
0.242,0.41,0.326,0,0,1,1
0.242,0.41,0.329,0,0,1,1
0.242,0.41,0.332,0,0,1,1
0.242,0.41,0.335,0,0,1,1
0.242,0.41,0.338,0,0,1,1
0.242,0.41,0.341,0,0,1,1
0.242,0.41,0.344,0,0,1,1
0.242,0.41,0.347,0,0,1,1
0.242,0.41,0.35,0,0,1,1
0.242,0.41,0.353,0,0,1,1
0.242,0.41,0.356,0,0,1,1
0.242,0.41,0.359,0,0,1,1
0.242,0.41,0.362,0,0,1,1
0.242,0.41,0.365,0,0,1,1
0.242,0.41,0.368,0,0,1,1
0.242,0.41,0.371,0,0,1,1
0.242,0.41,0.374,0,0,1,1
0.242,0.41,0.377,0,0,1,1
0.242,0.41,0.38,0,0,1,1
0.242,0.41,0.383,0,0,1,1
0.242,0.41,0.386,0,0,1,1
0.242,0.41,0.389,0,0,1,1
0.242,0.41,0.392,0,0,1,1
0.242,0.41,0.395,0,0,1,1
0.242,0.41,0.398,0,0,1,1
0.242,0.41,0.401,0,0,1,1
0.242,0.41,0.404,0,0,1,1
0.242,0.41,0.407,0,0,1,1
0.242,0.41,0.41,0,0,1,1
0.242,0.41,0.413,0,0,1,1
0.242,0.41,0.416,0,0,1,1
0.242,0.41,0.419,0,0,1,1
0.242,0.41,0.422,0,0,1,1
0.242,0.41,0.425,0,0,1,1
0.242,0.41,0.427999,0,0,1,1
0.242,0.41,0.430999,0,0,1,1
0.242,0.41,0.433999,0,0,1,1
0.242,0.41,0.436999,0,0,1,1
0.242,0.41,0.439999,0,0,1,1
0.245,0.41,0.26,0,0,1,1
0.245,0.41,0.263,0,0,1,1
0.245,0.41,0.266,0,0,1,1
0.245,0.41,0.269,0,0,1,1
0.245,0.41,0.272,0,0,1,1
0.245,0.41,0.275,0,0,1,1
0.245,0.41,0.278,0,0,1,1
0.245,0.41,0.281,0,0,1,1
0.245,0.41,0.284,0,0,1,1
0.245,0.41,0.287,0,0,1,1
0.245,0.41,0.29,0,0,1,1
0.245,0.41,0.293,0,0,1,1
0.245,0.41,0.296,0,0,1,1
0.245,0.41,0.299,0,0,1,1
0.245,0.41,0.302,0,0,1,1
0.245,0.41,0.305,0,0,1,1
0.245,0.41,0.308,0,0,1,1
0.245,0.41,0.311,0,0,1,1
0.245,0.41,0.314,0,0,1,1
0.245,0.41,0.317,0,0,1,1
0.245,0.41,0.32,0,0,1,1
0.245,0.41,0.323,0,0,1,1
0.245,0.41,0.326,0,0,1,1
0.245,0.41,0.329,0,0,1,1
0.245,0.41,0.332,0,0,1,1
0.245,0.41,0.335,0,0,1,1
0.245,0.41,0.338,0,0,1,1
0.245,0.41,0.341,0,0,1,1
0.245,0.41,0.344,0,0,1,1
0.245,0.41,0.347,0,0,1,1
0.245,0.41,0.35,0,0,1,1
0.245,0.41,0.353,0,0,1,1
0.245,0.41,0.356,0,0,1,1
0.245,0.41,0.359,0,0,1,1
0.245,0.41,0.362,0,0,1,1
0.245,0.41,0.365,0,0,1,1
0.245,0.41,0.368,0,0,1,1
0.245,0.41,0.371,0,0,1,1
0.245,0.41,0.374,0,0,1,1
0.245,0.41,0.377,0,0,1,1
0.245,0.41,0.38,0,0,1,1
0.245,0.41,0.383,0,0,1,1
0.245,0.41,0.386,0,0,1,1
0.245,0.41,0.389,0,0,1,1
0.245,0.41,0.392,0,0,1,1
0.245,0.41,0.395,0,0,1,1
0.245,0.41,0.398,0,0,1,1
0.245,0.41,0.401,0,0,1,1
0.245,0.41,0.404,0,0,1,1
0.245,0.41,0.407,0,0,1,1
0.245,0.41,0.41,0,0,1,1
0.245,0.41,0.413,0,0,1,1
0.245,0.41,0.416,0,0,1,1
0.245,0.41,0.419,0,0,1,1
0.245,0.41,0.422,0,0,1,1
0.245,0.41,0.425,0,0,1,1
0.245,0.41,0.427999,0,0,1,1
0.245,0.41,0.430999,0,0,1,1
0.245,0.41,0.433999,0,0,1,1
0.245,0.41,0.436999,0,0,1,1
0.245,0.41,0.439999,0,0,1,1
0.248,0.41,0.26,0,0,1,1
0.248,0.41,0.263,0,0,1,1
0.248,0.41,0.266,0,0,1,1
0.248,0.41,0.269,0,0,1,1
0.248,0.41,0.272,0,0,1,1
0.248,0.41,0.275,0,0,1,1
0.248,0.41,0.278,0,0,1,1
0.248,0.41,0.281,0,0,1,1
0.248,0.41,0.284,0,0,1,1
0.248,0.41,0.287,0,0,1,1
0.248,0.41,0.29,0,0,1,1
0.248,0.41,0.293,0,0,1,1
0.248,0.41,0.296,0,0,1,1
0.248,0.41,0.299,0,0,1,1
0.248,0.41,0.302,0,0,1,1
0.248,0.41,0.305,0,0,1,1
0.248,0.41,0.308,0,0,1,1
0.248,0.41,0.311,0,0,1,1
0.248,0.41,0.314,0,0,1,1
0.248,0.41,0.317,0,0,1,1
0.248,0.41,0.32,0,0,1,1
0.248,0.41,0.323,0,0,1,1
0.248,0.41,0.326,0,0,1,1
0.248,0.41,0.329,0,0,1,1
0.248,0.41,0.332,0,0,1,1
0.248,0.41,0.335,0,0,1,1
0.248,0.41,0.338,0,0,1,1
0.248,0.41,0.341,0,0,1,1
0.248,0.41,0.344,0,0,1,1
0.248,0.41,0.347,0,0,1,1
0.248,0.41,0.35,0,0,1,1
0.248,0.41,0.353,0,0,1,1
0.248,0.41,0.356,0,0,1,1
0.248,0.41,0.359,0,0,1,1
0.248,0.41,0.362,0,0,1,1
0.248,0.41,0.365,0,0,1,1
0.248,0.41,0.368,0,0,1,1
0.248,0.41,0.371,0,0,1,1
0.248,0.41,0.374,0,0,1,1
0.248,0.41,0.377,0,0,1,1
0.248,0.41,0.38,0,0,1,1
0.248,0.41,0.383,0,0,1,1
0.248,0.41,0.386,0,0,1,1
0.248,0.41,0.389,0,0,1,1
0.248,0.41,0.392,0,0,1,1
0.248,0.41,0.395,0,0,1,1
0.248,0.41,0.398,0,0,1,1
0.248,0.41,0.401,0,0,1,1
0.248,0.41,0.404,0,0,1,1
0.248,0.41,0.407,0,0,1,1
0.248,0.41,0.41,0,0,1,1
0.248,0.41,0.413,0,0,1,1
0.248,0.41,0.416,0,0,1,1
0.248,0.41,0.419,0,0,1,1
0.248,0.41,0.422,0,0,1,1
0.248,0.41,0.425,0,0,1,1
0.248,0.41,0.427999,0,0,1,1
0.248,0.41,0.430999,0,0,1,1
0.248,0.41,0.433999,0,0,1,1
0.248,0.41,0.436999,0,0,1,1
0.248,0.41,0.439999,0,0,1,1
0.251,0.41,0.26,0,0,1,1
0.251,0.41,0.263,0,0,1,1
0.251,0.41,0.266,0,0,1,1
0.251,0.41,0.269,0,0,1,1
0.251,0.41,0.272,0,0,1,1
0.251,0.41,0.275,0,0,1,1
0.251,0.41,0.278,0,0,1,1
0.251,0.41,0.281,0,0,1,1
0.251,0.41,0.284,0,0,1,1
0.251,0.41,0.287,0,0,1,1
0.251,0.41,0.29,0,0,1,1
0.251,0.41,0.293,0,0,1,1
0.251,0.41,0.296,0,0,1,1
0.251,0.41,0.299,0,0,1,1
0.251,0.41,0.302,0,0,1,1
0.251,0.41,0.305,0,0,1,1
0.251,0.41,0.308,0,0,1,1
0.251,0.41,0.311,0,0,1,1
0.251,0.41,0.314,0,0,1,1
0.251,0.41,0.317,0,0,1,1
0.251,0.41,0.32,0,0,1,1
0.251,0.41,0.323,0,0,1,1
0.251,0.41,0.326,0,0,1,1
0.251,0.41,0.329,0,0,1,1
0.251,0.41,0.332,0,0,1,1
0.251,0.41,0.335,0,0,1,1
0.251,0.41,0.338,0,0,1,1
0.251,0.41,0.341,0,0,1,1
0.251,0.41,0.344,0,0,1,1
0.251,0.41,0.347,0,0,1,1
0.251,0.41,0.35,0,0,1,1
0.251,0.41,0.353,0,0,1,1
0.251,0.41,0.356,0,0,1,1
0.251,0.41,0.359,0,0,1,1
0.251,0.41,0.362,0,0,1,1
0.251,0.41,0.365,0,0,1,1
0.251,0.41,0.368,0,0,1,1
0.251,0.41,0.371,0,0,1,1
0.251,0.41,0.374,0,0,1,1
0.251,0.41,0.377,0,0,1,1
0.251,0.41,0.38,0,0,1,1
0.251,0.41,0.383,0,0,1,1
0.251,0.41,0.386,0,0,1,1
0.251,0.41,0.389,0,0,1,1
0.251,0.41,0.392,0,0,1,1
0.251,0.41,0.395,0,0,1,1
0.251,0.41,0.398,0,0,1,1
0.251,0.41,0.401,0,0,1,1
0.251,0.41,0.404,0,0,1,1
0.251,0.41,0.407,0,0,1,1
0.251,0.41,0.41,0,0,1,1
0.251,0.41,0.413,0,0,1,1
0.251,0.41,0.416,0,0,1,1
0.251,0.41,0.419,0,0,1,1
0.251,0.41,0.422,0,0,1,1
0.251,0.41,0.425,0,0,1,1
0.251,0.41,0.427999,0,0,1,1
0.251,0.41,0.430999,0,0,1,1
0.251,0.41,0.433999,0,0,1,1
0.251,0.41,0.436999,0,0,1,1
0.251,0.41,0.439999,0,0,1,1
0.254,0.41,0.26,0,0,1,1
0.254,0.41,0.263,0,0,1,1
0.254,0.41,0.266,0,0,1,1
0.254,0.41,0.269,0,0,1,1
0.254,0.41,0.272,0,0,1,1
0.254,0.41,0.275,0,0,1,1
0.254,0.41,0.278,0,0,1,1
0.254,0.41,0.281,0,0,1,1
0.254,0.41,0.284,0,0,1,1
0.254,0.41,0.287,0,0,1,1
0.254,0.41,0.29,0,0,1,1
0.254,0.41,0.293,0,0,1,1
0.254,0.41,0.296,0,0,1,1
0.254,0.41,0.299,0,0,1,1
0.254,0.41,0.302,0,0,1,1
0.254,0.41,0.305,0,0,1,1
0.254,0.41,0.308,0,0,1,1
0.254,0.41,0.311,0,0,1,1
0.254,0.41,0.314,0,0,1,1
0.254,0.41,0.317,0,0,1,1
0.254,0.41,0.32,0,0,1,1
0.254,0.41,0.323,0,0,1,1
0.254,0.41,0.326,0,0,1,1
0.254,0.41,0.329,0,0,1,1
0.254,0.41,0.332,0,0,1,1
0.254,0.41,0.335,0,0,1,1
0.254,0.41,0.338,0,0,1,1
0.254,0.41,0.341,0,0,1,1
0.254,0.41,0.344,0,0,1,1
0.254,0.41,0.347,0,0,1,1
0.254,0.41,0.35,0,0,1,1
0.254,0.41,0.353,0,0,1,1
0.254,0.41,0.356,0,0,1,1
0.254,0.41,0.359,0,0,1,1
0.254,0.41,0.362,0,0,1,1
0.254,0.41,0.365,0,0,1,1
0.254,0.41,0.368,0,0,1,1
0.254,0.41,0.371,0,0,1,1
0.254,0.41,0.374,0,0,1,1
0.254,0.41,0.377,0,0,1,1
0.254,0.41,0.38,0,0,1,1
0.254,0.41,0.383,0,0,1,1
0.254,0.41,0.386,0,0,1,1
0.254,0.41,0.389,0,0,1,1
0.254,0.41,0.392,0,0,1,1
0.254,0.41,0.395,0,0,1,1
0.254,0.41,0.398,0,0,1,1
0.254,0.41,0.401,0,0,1,1
0.254,0.41,0.404,0,0,1,1
0.254,0.41,0.407,0,0,1,1
0.254,0.41,0.41,0,0,1,1
0.254,0.41,0.413,0,0,1,1
0.254,0.41,0.416,0,0,1,1
0.254,0.41,0.419,0,0,1,1
0.254,0.41,0.422,0,0,1,1
0.254,0.41,0.425,0,0,1,1
0.254,0.41,0.427999,0,0,1,1
0.254,0.41,0.430999,0,0,1,1
0.254,0.41,0.433999,0,0,1,1
0.254,0.41,0.436999,0,0,1,1
0.254,0.41,0.439999,0,0,1,1
0.257,0.41,0.26,0,0,1,1
0.257,0.41,0.263,0,0,1,1
0.257,0.41,0.266,0,0,1,1
0.257,0.41,0.269,0,0,1,1
0.257,0.41,0.272,0,0,1,1
0.257,0.41,0.275,0,0,1,1
0.257,0.41,0.278,0,0,1,1
0.257,0.41,0.281,0,0,1,1
0.257,0.41,0.284,0,0,1,1
0.257,0.41,0.287,0,0,1,1
0.257,0.41,0.29,0,0,1,1
0.257,0.41,0.293,0,0,1,1
0.257,0.41,0.296,0,0,1,1
0.257,0.41,0.299,0,0,1,1
0.257,0.41,0.302,0,0,1,1
0.257,0.41,0.305,0,0,1,1
0.257,0.41,0.308,0,0,1,1
0.257,0.41,0.311,0,0,1,1
0.257,0.41,0.314,0,0,1,1
0.257,0.41,0.317,0,0,1,1
0.257,0.41,0.32,0,0,1,1
0.257,0.41,0.323,0,0,1,1
0.257,0.41,0.326,0,0,1,1
0.257,0.41,0.329,0,0,1,1
0.257,0.41,0.332,0,0,1,1
0.257,0.41,0.335,0,0,1,1
0.257,0.41,0.338,0,0,1,1
0.257,0.41,0.341,0,0,1,1
0.257,0.41,0.344,0,0,1,1
0.257,0.41,0.347,0,0,1,1
0.257,0.41,0.35,0,0,1,1
0.257,0.41,0.353,0,0,1,1
0.257,0.41,0.356,0,0,1,1
0.257,0.41,0.359,0,0,1,1
0.257,0.41,0.362,0,0,1,1
0.257,0.41,0.365,0,0,1,1
0.257,0.41,0.368,0,0,1,1
0.257,0.41,0.371,0,0,1,1
0.257,0.41,0.374,0,0,1,1
0.257,0.41,0.377,0,0,1,1
0.257,0.41,0.38,0,0,1,1
0.257,0.41,0.383,0,0,1,1
0.257,0.41,0.386,0,0,1,1
0.257,0.41,0.389,0,0,1,1
0.257,0.41,0.392,0,0,1,1
0.257,0.41,0.395,0,0,1,1
0.257,0.41,0.398,0,0,1,1
0.257,0.41,0.401,0,0,1,1
0.257,0.41,0.404,0,0,1,1
0.257,0.41,0.407,0,0,1,1
0.257,0.41,0.41,0,0,1,1
0.257,0.41,0.413,0,0,1,1
0.257,0.41,0.416,0,0,1,1
0.257,0.41,0.419,0,0,1,1
0.257,0.41,0.422,0,0,1,1
0.257,0.41,0.425,0,0,1,1
0.257,0.41,0.427999,0,0,1,1
0.257,0.41,0.430999,0,0,1,1
0.257,0.41,0.433999,0,0,1,1
0.257,0.41,0.436999,0,0,1,1
0.257,0.41,0.439999,0,0,1,1
0.26,0.41,0.26,0,0,1,1
0.26,0.41,0.263,0,0,1,1
0.26,0.41,0.266,0,0,1,1
0.26,0.41,0.269,0,0,1,1
0.26,0.41,0.272,0,0,1,1
0.26,0.41,0.275,0,0,1,1
0.26,0.41,0.278,0,0,1,1
0.26,0.41,0.281,0,0,1,1
0.26,0.41,0.284,0,0,1,1
0.26,0.41,0.287,0,0,1,1
0.26,0.41,0.29,0,0,1,1
0.26,0.41,0.293,0,0,1,1
0.26,0.41,0.296,0,0,1,1
0.26,0.41,0.299,0,0,1,1
0.26,0.41,0.302,0,0,1,1
0.26,0.41,0.305,0,0,1,1
0.26,0.41,0.308,0,0,1,1
0.26,0.41,0.311,0,0,1,1
0.26,0.41,0.314,0,0,1,1
0.26,0.41,0.317,0,0,1,1
0.26,0.41,0.32,0,0,1,1
0.26,0.41,0.323,0,0,1,1
0.26,0.41,0.326,0,0,1,1
0.26,0.41,0.329,0,0,1,1
0.26,0.41,0.332,0,0,1,1
0.26,0.41,0.335,0,0,1,1
0.26,0.41,0.338,0,0,1,1
0.26,0.41,0.341,0,0,1,1
0.26,0.41,0.344,0,0,1,1
0.26,0.41,0.347,0,0,1,1
0.26,0.41,0.35,0,0,1,1
0.26,0.41,0.353,0,0,1,1
0.26,0.41,0.356,0,0,1,1
0.26,0.41,0.359,0,0,1,1
0.26,0.41,0.362,0,0,1,1
0.26,0.41,0.365,0,0,1,1
0.26,0.41,0.368,0,0,1,1
0.26,0.41,0.371,0,0,1,1
0.26,0.41,0.374,0,0,1,1
0.26,0.41,0.377,0,0,1,1
0.26,0.41,0.38,0,0,1,1
0.26,0.41,0.383,0,0,1,1
0.26,0.41,0.386,0,0,1,1
0.26,0.41,0.389,0,0,1,1
0.26,0.41,0.392,0,0,1,1
0.26,0.41,0.395,0,0,1,1
0.26,0.41,0.398,0,0,1,1
0.26,0.41,0.401,0,0,1,1
0.26,0.41,0.404,0,0,1,1
0.26,0.41,0.407,0,0,1,1
0.26,0.41,0.41,0,0,1,1
0.26,0.41,0.413,0,0,1,1
0.26,0.41,0.416,0,0,1,1
0.26,0.41,0.419,0,0,1,1
0.26,0.41,0.422,0,0,1,1
0.26,0.41,0.425,0,0,1,1
0.26,0.41,0.427999,0,0,1,1
0.26,0.41,0.430999,0,0,1,1
0.26,0.41,0.433999,0,0,1,1
0.26,0.41,0.436999,0,0,1,1
0.26,0.41,0.439999,0,0,1,1
0.263,0.41,0.26,0,0,1,1
0.263,0.41,0.263,0,0,1,1
0.263,0.41,0.266,0,0,1,1
0.263,0.41,0.269,0,0,1,1
0.263,0.41,0.272,0,0,1,1
0.263,0.41,0.275,0,0,1,1
0.263,0.41,0.278,0,0,1,1
0.263,0.41,0.281,0,0,1,1
0.263,0.41,0.284,0,0,1,1
0.263,0.41,0.287,0,0,1,1
0.263,0.41,0.29,0,0,1,1
0.263,0.41,0.293,0,0,1,1
0.263,0.41,0.296,0,0,1,1
0.263,0.41,0.299,0,0,1,1
0.263,0.41,0.302,0,0,1,1
0.263,0.41,0.305,0,0,1,1
0.263,0.41,0.308,0,0,1,1
0.263,0.41,0.311,0,0,1,1
0.263,0.41,0.314,0,0,1,1
0.263,0.41,0.317,0,0,1,1
0.263,0.41,0.32,0,0,1,1
0.263,0.41,0.323,0,0,1,1
0.263,0.41,0.326,0,0,1,1
0.263,0.41,0.329,0,0,1,1
0.263,0.41,0.332,0,0,1,1
0.263,0.41,0.335,0,0,1,1
0.263,0.41,0.338,0,0,1,1
0.263,0.41,0.341,0,0,1,1
0.263,0.41,0.344,0,0,1,1
0.263,0.41,0.347,0,0,1,1
0.263,0.41,0.35,0,0,1,1
0.263,0.41,0.353,0,0,1,1
0.263,0.41,0.356,0,0,1,1
0.263,0.41,0.359,0,0,1,1
0.263,0.41,0.362,0,0,1,1
0.263,0.41,0.365,0,0,1,1
0.263,0.41,0.368,0,0,1,1
0.263,0.41,0.371,0,0,1,1
0.263,0.41,0.374,0,0,1,1
0.263,0.41,0.377,0,0,1,1
0.263,0.41,0.38,0,0,1,1
0.263,0.41,0.383,0,0,1,1
0.263,0.41,0.386,0,0,1,1
0.263,0.41,0.389,0,0,1,1
0.263,0.41,0.392,0,0,1,1
0.263,0.41,0.395,0,0,1,1
0.263,0.41,0.398,0,0,1,1
0.263,0.41,0.401,0,0,1,1
0.263,0.41,0.404,0,0,1,1
0.263,0.41,0.407,0,0,1,1
0.263,0.41,0.41,0,0,1,1
0.263,0.41,0.413,0,0,1,1
0.263,0.41,0.416,0,0,1,1
0.263,0.41,0.419,0,0,1,1
0.263,0.41,0.422,0,0,1,1
0.263,0.41,0.425,0,0,1,1
0.263,0.41,0.427999,0,0,1,1
0.263,0.41,0.430999,0,0,1,1
0.263,0.41,0.433999,0,0,1,1
0.263,0.41,0.436999,0,0,1,1
0.263,0.41,0.439999,0,0,1,1
0.266,0.41,0.26,0,0,1,1
0.266,0.41,0.263,0,0,1,1
0.266,0.41,0.266,0,0,1,1
0.266,0.41,0.269,0,0,1,1
0.266,0.41,0.272,0,0,1,1
0.266,0.41,0.275,0,0,1,1
0.266,0.41,0.278,0,0,1,1
0.266,0.41,0.281,0,0,1,1
0.266,0.41,0.284,0,0,1,1
0.266,0.41,0.287,0,0,1,1
0.266,0.41,0.29,0,0,1,1
0.266,0.41,0.293,0,0,1,1
0.266,0.41,0.296,0,0,1,1
0.266,0.41,0.299,0,0,1,1
0.266,0.41,0.302,0,0,1,1
0.266,0.41,0.305,0,0,1,1
0.266,0.41,0.308,0,0,1,1
0.266,0.41,0.311,0,0,1,1
0.266,0.41,0.314,0,0,1,1
0.266,0.41,0.317,0,0,1,1
0.266,0.41,0.32,0,0,1,1
0.266,0.41,0.323,0,0,1,1
0.266,0.41,0.326,0,0,1,1
0.266,0.41,0.329,0,0,1,1
0.266,0.41,0.332,0,0,1,1
0.266,0.41,0.335,0,0,1,1
0.266,0.41,0.338,0,0,1,1
0.266,0.41,0.341,0,0,1,1
0.266,0.41,0.344,0,0,1,1
0.266,0.41,0.347,0,0,1,1
0.266,0.41,0.35,0,0,1,1
0.266,0.41,0.353,0,0,1,1
0.266,0.41,0.356,0,0,1,1
0.266,0.41,0.359,0,0,1,1
0.266,0.41,0.362,0,0,1,1
0.266,0.41,0.365,0,0,1,1
0.266,0.41,0.368,0,0,1,1
0.266,0.41,0.371,0,0,1,1
0.266,0.41,0.374,0,0,1,1
0.266,0.41,0.377,0,0,1,1
0.266,0.41,0.38,0,0,1,1
0.266,0.41,0.383,0,0,1,1
0.266,0.41,0.386,0,0,1,1
0.266,0.41,0.389,0,0,1,1
0.266,0.41,0.392,0,0,1,1
0.266,0.41,0.395,0,0,1,1
0.266,0.41,0.398,0,0,1,1
0.266,0.41,0.401,0,0,1,1
0.266,0.41,0.404,0,0,1,1
0.266,0.41,0.407,0,0,1,1
0.266,0.41,0.41,0,0,1,1
0.266,0.41,0.413,0,0,1,1
0.266,0.41,0.416,0,0,1,1
0.266,0.41,0.419,0,0,1,1
0.266,0.41,0.422,0,0,1,1
0.266,0.41,0.425,0,0,1,1
0.266,0.41,0.427999,0,0,1,1
0.266,0.41,0.430999,0,0,1,1
0.266,0.41,0.433999,0,0,1,1
0.266,0.41,0.436999,0,0,1,1
0.266,0.41,0.439999,0,0,1,1
0.269,0.41,0.26,0,0,1,1
0.269,0.41,0.263,0,0,1,1
0.269,0.41,0.266,0,0,1,1
0.269,0.41,0.269,0,0,1,1
0.269,0.41,0.272,0,0,1,1
0.269,0.41,0.275,0,0,1,1
0.269,0.41,0.278,0,0,1,1
0.269,0.41,0.281,0,0,1,1
0.269,0.41,0.284,0,0,1,1
0.269,0.41,0.287,0,0,1,1
0.269,0.41,0.29,0,0,1,1
0.269,0.41,0.293,0,0,1,1
0.269,0.41,0.296,0,0,1,1
0.269,0.41,0.299,0,0,1,1
0.269,0.41,0.302,0,0,1,1
0.269,0.41,0.305,0,0,1,1
0.269,0.41,0.308,0,0,1,1
0.269,0.41,0.311,0,0,1,1
0.269,0.41,0.314,0,0,1,1
0.269,0.41,0.317,0,0,1,1
0.269,0.41,0.32,0,0,1,1
0.269,0.41,0.323,0,0,1,1
0.269,0.41,0.326,0,0,1,1
0.269,0.41,0.329,0,0,1,1
0.269,0.41,0.332,0,0,1,1
0.269,0.41,0.335,0,0,1,1
0.269,0.41,0.338,0,0,1,1
0.269,0.41,0.341,0,0,1,1
0.269,0.41,0.344,0,0,1,1
0.269,0.41,0.347,0,0,1,1
0.269,0.41,0.35,0,0,1,1
0.269,0.41,0.353,0,0,1,1
0.269,0.41,0.356,0,0,1,1
0.269,0.41,0.359,0,0,1,1
0.269,0.41,0.362,0,0,1,1
0.269,0.41,0.365,0,0,1,1
0.269,0.41,0.368,0,0,1,1
0.269,0.41,0.371,0,0,1,1
0.269,0.41,0.374,0,0,1,1
0.269,0.41,0.377,0,0,1,1
0.269,0.41,0.38,0,0,1,1
0.269,0.41,0.383,0,0,1,1
0.269,0.41,0.386,0,0,1,1
0.269,0.41,0.389,0,0,1,1
0.269,0.41,0.392,0,0,1,1
0.269,0.41,0.395,0,0,1,1
0.269,0.41,0.398,0,0,1,1
0.269,0.41,0.401,0,0,1,1
0.269,0.41,0.404,0,0,1,1
0.269,0.41,0.407,0,0,1,1
0.269,0.41,0.41,0,0,1,1
0.269,0.41,0.413,0,0,1,1
0.269,0.41,0.416,0,0,1,1
0.269,0.41,0.419,0,0,1,1
0.269,0.41,0.422,0,0,1,1
0.269,0.41,0.425,0,0,1,1
0.269,0.41,0.427999,0,0,1,1
0.269,0.41,0.430999,0,0,1,1
0.269,0.41,0.433999,0,0,1,1
0.269,0.41,0.436999,0,0,1,1
0.269,0.41,0.439999,0,0,1,1
0.272,0.41,0.26,0,0,1,1
0.272,0.41,0.263,0,0,1,1
0.272,0.41,0.266,0,0,1,1
0.272,0.41,0.269,0,0,1,1
0.272,0.41,0.272,0,0,1,1
0.272,0.41,0.275,0,0,1,1
0.272,0.41,0.278,0,0,1,1
0.272,0.41,0.281,0,0,1,1
0.272,0.41,0.284,0,0,1,1
0.272,0.41,0.287,0,0,1,1
0.272,0.41,0.29,0,0,1,1
0.272,0.41,0.293,0,0,1,1
0.272,0.41,0.296,0,0,1,1
0.272,0.41,0.299,0,0,1,1
0.272,0.41,0.302,0,0,1,1
0.272,0.41,0.305,0,0,1,1
0.272,0.41,0.308,0,0,1,1
0.272,0.41,0.311,0,0,1,1
0.272,0.41,0.314,0,0,1,1
0.272,0.41,0.317,0,0,1,1
0.272,0.41,0.32,0,0,1,1
0.272,0.41,0.323,0,0,1,1
0.272,0.41,0.326,0,0,1,1
0.272,0.41,0.329,0,0,1,1
0.272,0.41,0.332,0,0,1,1
0.272,0.41,0.335,0,0,1,1
0.272,0.41,0.338,0,0,1,1
0.272,0.41,0.341,0,0,1,1
0.272,0.41,0.344,0,0,1,1
0.272,0.41,0.347,0,0,1,1
0.272,0.41,0.35,0,0,1,1
0.272,0.41,0.353,0,0,1,1
0.272,0.41,0.356,0,0,1,1
0.272,0.41,0.359,0,0,1,1
0.272,0.41,0.362,0,0,1,1
0.272,0.41,0.365,0,0,1,1
0.272,0.41,0.368,0,0,1,1
0.272,0.41,0.371,0,0,1,1
0.272,0.41,0.374,0,0,1,1
0.272,0.41,0.377,0,0,1,1
0.272,0.41,0.38,0,0,1,1
0.272,0.41,0.383,0,0,1,1
0.272,0.41,0.386,0,0,1,1
0.272,0.41,0.389,0,0,1,1
0.272,0.41,0.392,0,0,1,1
0.272,0.41,0.395,0,0,1,1
0.272,0.41,0.398,0,0,1,1
0.272,0.41,0.401,0,0,1,1
0.272,0.41,0.404,0,0,1,1
0.272,0.41,0.407,0,0,1,1
0.272,0.41,0.41,0,0,1,1
0.272,0.41,0.413,0,0,1,1
0.272,0.41,0.416,0,0,1,1
0.272,0.41,0.419,0,0,1,1
0.272,0.41,0.422,0,0,1,1
0.272,0.41,0.425,0,0,1,1
0.272,0.41,0.427999,0,0,1,1
0.272,0.41,0.430999,0,0,1,1
0.272,0.41,0.433999,0,0,1,1
0.272,0.41,0.436999,0,0,1,1
0.272,0.41,0.439999,0,0,1,1
0.275,0.41,0.26,0,0,1,1
0.275,0.41,0.263,0,0,1,1
0.275,0.41,0.266,0,0,1,1
0.275,0.41,0.269,0,0,1,1
0.275,0.41,0.272,0,0,1,1
0.275,0.41,0.275,0,0,1,1
0.275,0.41,0.278,0,0,1,1
0.275,0.41,0.281,0,0,1,1
0.275,0.41,0.284,0,0,1,1
0.275,0.41,0.287,0,0,1,1
0.275,0.41,0.29,0,0,1,1
0.275,0.41,0.293,0,0,1,1
0.275,0.41,0.296,0,0,1,1
0.275,0.41,0.299,0,0,1,1
0.275,0.41,0.302,0,0,1,1
0.275,0.41,0.305,0,0,1,1
0.275,0.41,0.308,0,0,1,1
0.275,0.41,0.311,0,0,1,1
0.275,0.41,0.314,0,0,1,1
0.275,0.41,0.317,0,0,1,1
0.275,0.41,0.32,0,0,1,1
0.275,0.41,0.323,0,0,1,1
0.275,0.41,0.326,0,0,1,1
0.275,0.41,0.329,0,0,1,1
0.275,0.41,0.332,0,0,1,1
0.275,0.41,0.335,0,0,1,1
0.275,0.41,0.338,0,0,1,1
0.275,0.41,0.341,0,0,1,1
0.275,0.41,0.344,0,0,1,1
0.275,0.41,0.347,0,0,1,1
0.275,0.41,0.35,0,0,1,1
0.275,0.41,0.353,0,0,1,1
0.275,0.41,0.356,0,0,1,1
0.275,0.41,0.359,0,0,1,1
0.275,0.41,0.362,0,0,1,1
0.275,0.41,0.365,0,0,1,1
0.275,0.41,0.368,0,0,1,1
0.275,0.41,0.371,0,0,1,1
0.275,0.41,0.374,0,0,1,1
0.275,0.41,0.377,0,0,1,1
0.275,0.41,0.38,0,0,1,1
0.275,0.41,0.383,0,0,1,1
0.275,0.41,0.386,0,0,1,1
0.275,0.41,0.389,0,0,1,1
0.275,0.41,0.392,0,0,1,1
0.275,0.41,0.395,0,0,1,1
0.275,0.41,0.398,0,0,1,1
0.275,0.41,0.401,0,0,1,1
0.275,0.41,0.404,0,0,1,1
0.275,0.41,0.407,0,0,1,1
0.275,0.41,0.41,0,0,1,1
0.275,0.41,0.413,0,0,1,1
0.275,0.41,0.416,0,0,1,1
0.275,0.41,0.419,0,0,1,1
0.275,0.41,0.422,0,0,1,1
0.275,0.41,0.425,0,0,1,1
0.275,0.41,0.427999,0,0,1,1
0.275,0.41,0.430999,0,0,1,1
0.275,0.41,0.433999,0,0,1,1
0.275,0.41,0.436999,0,0,1,1
0.275,0.41,0.439999,0,0,1,1
0.278,0.41,0.26,0,0,1,1
0.278,0.41,0.263,0,0,1,1
0.278,0.41,0.266,0,0,1,1
0.278,0.41,0.269,0,0,1,1
0.278,0.41,0.272,0,0,1,1
0.278,0.41,0.275,0,0,1,1
0.278,0.41,0.278,0,0,1,1
0.278,0.41,0.281,0,0,1,1
0.278,0.41,0.284,0,0,1,1
0.278,0.41,0.287,0,0,1,1
0.278,0.41,0.29,0,0,1,1
0.278,0.41,0.293,0,0,1,1
0.278,0.41,0.296,0,0,1,1
0.278,0.41,0.299,0,0,1,1
0.278,0.41,0.302,0,0,1,1
0.278,0.41,0.305,0,0,1,1
0.278,0.41,0.308,0,0,1,1
0.278,0.41,0.311,0,0,1,1
0.278,0.41,0.314,0,0,1,1
0.278,0.41,0.317,0,0,1,1
0.278,0.41,0.32,0,0,1,1
0.278,0.41,0.323,0,0,1,1
0.278,0.41,0.326,0,0,1,1
0.278,0.41,0.329,0,0,1,1
0.278,0.41,0.332,0,0,1,1
0.278,0.41,0.335,0,0,1,1
0.278,0.41,0.338,0,0,1,1
0.278,0.41,0.341,0,0,1,1
0.278,0.41,0.344,0,0,1,1
0.278,0.41,0.347,0,0,1,1
0.278,0.41,0.35,0,0,1,1
0.278,0.41,0.353,0,0,1,1
0.278,0.41,0.356,0,0,1,1
0.278,0.41,0.359,0,0,1,1
0.278,0.41,0.362,0,0,1,1
0.278,0.41,0.365,0,0,1,1
0.278,0.41,0.368,0,0,1,1
0.278,0.41,0.371,0,0,1,1
0.278,0.41,0.374,0,0,1,1
0.278,0.41,0.377,0,0,1,1
0.278,0.41,0.38,0,0,1,1
0.278,0.41,0.383,0,0,1,1
0.278,0.41,0.386,0,0,1,1
0.278,0.41,0.389,0,0,1,1
0.278,0.41,0.392,0,0,1,1
0.278,0.41,0.395,0,0,1,1
0.278,0.41,0.398,0,0,1,1
0.278,0.41,0.401,0,0,1,1
0.278,0.41,0.404,0,0,1,1
0.278,0.41,0.407,0,0,1,1
0.278,0.41,0.41,0,0,1,1
0.278,0.41,0.413,0,0,1,1
0.278,0.41,0.416,0,0,1,1
0.278,0.41,0.419,0,0,1,1
0.278,0.41,0.422,0,0,1,1
0.278,0.41,0.425,0,0,1,1
0.278,0.41,0.427999,0,0,1,1
0.278,0.41,0.430999,0,0,1,1
0.278,0.41,0.433999,0,0,1,1
0.278,0.41,0.436999,0,0,1,1
0.278,0.41,0.439999,0,0,1,1
0.281,0.41,0.26,0,0,1,1
0.281,0.41,0.263,0,0,1,1
0.281,0.41,0.266,0,0,1,1
0.281,0.41,0.269,0,0,1,1
0.281,0.41,0.272,0,0,1,1
0.281,0.41,0.275,0,0,1,1
0.281,0.41,0.278,0,0,1,1
0.281,0.41,0.281,0,0,1,1
0.281,0.41,0.284,0,0,1,1
0.281,0.41,0.287,0,0,1,1
0.281,0.41,0.29,0,0,1,1
0.281,0.41,0.293,0,0,1,1
0.281,0.41,0.296,0,0,1,1
0.281,0.41,0.299,0,0,1,1
0.281,0.41,0.302,0,0,1,1
0.281,0.41,0.305,0,0,1,1
0.281,0.41,0.308,0,0,1,1
0.281,0.41,0.311,0,0,1,1
0.281,0.41,0.314,0,0,1,1
0.281,0.41,0.317,0,0,1,1
0.281,0.41,0.32,0,0,1,1
0.281,0.41,0.323,0,0,1,1
0.281,0.41,0.326,0,0,1,1
0.281,0.41,0.329,0,0,1,1
0.281,0.41,0.332,0,0,1,1
0.281,0.41,0.335,0,0,1,1
0.281,0.41,0.338,0,0,1,1
0.281,0.41,0.341,0,0,1,1
0.281,0.41,0.344,0,0,1,1
0.281,0.41,0.347,0,0,1,1
0.281,0.41,0.35,0,0,1,1
0.281,0.41,0.353,0,0,1,1
0.281,0.41,0.356,0,0,1,1
0.281,0.41,0.359,0,0,1,1
0.281,0.41,0.362,0,0,1,1
0.281,0.41,0.365,0,0,1,1
0.281,0.41,0.368,0,0,1,1
0.281,0.41,0.371,0,0,1,1
0.281,0.41,0.374,0,0,1,1
0.281,0.41,0.377,0,0,1,1
0.281,0.41,0.38,0,0,1,1
0.281,0.41,0.383,0,0,1,1
0.281,0.41,0.386,0,0,1,1
0.281,0.41,0.389,0,0,1,1
0.281,0.41,0.392,0,0,1,1
0.281,0.41,0.395,0,0,1,1
0.281,0.41,0.398,0,0,1,1
0.281,0.41,0.401,0,0,1,1
0.281,0.41,0.404,0,0,1,1
0.281,0.41,0.407,0,0,1,1
0.281,0.41,0.41,0,0,1,1
0.281,0.41,0.413,0,0,1,1
0.281,0.41,0.416,0,0,1,1
0.281,0.41,0.419,0,0,1,1
0.281,0.41,0.422,0,0,1,1
0.281,0.41,0.425,0,0,1,1
0.281,0.41,0.427999,0,0,1,1
0.281,0.41,0.430999,0,0,1,1
0.281,0.41,0.433999,0,0,1,1
0.281,0.41,0.436999,0,0,1,1
0.281,0.41,0.439999,0,0,1,1
0.284,0.41,0.26,0,0,1,1
0.284,0.41,0.263,0,0,1,1
0.284,0.41,0.266,0,0,1,1
0.284,0.41,0.269,0,0,1,1
0.284,0.41,0.272,0,0,1,1
0.284,0.41,0.275,0,0,1,1
0.284,0.41,0.278,0,0,1,1
0.284,0.41,0.281,0,0,1,1
0.284,0.41,0.284,0,0,1,1
0.284,0.41,0.287,0,0,1,1
0.284,0.41,0.29,0,0,1,1
0.284,0.41,0.293,0,0,1,1
0.284,0.41,0.296,0,0,1,1
0.284,0.41,0.299,0,0,1,1
0.284,0.41,0.302,0,0,1,1
0.284,0.41,0.305,0,0,1,1
0.284,0.41,0.308,0,0,1,1
0.284,0.41,0.311,0,0,1,1
0.284,0.41,0.314,0,0,1,1
0.284,0.41,0.317,0,0,1,1
0.284,0.41,0.32,0,0,1,1
0.284,0.41,0.323,0,0,1,1
0.284,0.41,0.326,0,0,1,1
0.284,0.41,0.329,0,0,1,1
0.284,0.41,0.332,0,0,1,1
0.284,0.41,0.335,0,0,1,1
0.284,0.41,0.338,0,0,1,1
0.284,0.41,0.341,0,0,1,1
0.284,0.41,0.344,0,0,1,1
0.284,0.41,0.347,0,0,1,1
0.284,0.41,0.35,0,0,1,1
0.284,0.41,0.353,0,0,1,1
0.284,0.41,0.356,0,0,1,1
0.284,0.41,0.359,0,0,1,1
0.284,0.41,0.362,0,0,1,1
0.284,0.41,0.365,0,0,1,1
0.284,0.41,0.368,0,0,1,1
0.284,0.41,0.371,0,0,1,1
0.284,0.41,0.374,0,0,1,1
0.284,0.41,0.377,0,0,1,1
0.284,0.41,0.38,0,0,1,1
0.284,0.41,0.383,0,0,1,1
0.284,0.41,0.386,0,0,1,1
0.284,0.41,0.389,0,0,1,1
0.284,0.41,0.392,0,0,1,1
0.284,0.41,0.395,0,0,1,1
0.284,0.41,0.398,0,0,1,1
0.284,0.41,0.401,0,0,1,1
0.284,0.41,0.404,0,0,1,1
0.284,0.41,0.407,0,0,1,1
0.284,0.41,0.41,0,0,1,1
0.284,0.41,0.413,0,0,1,1
0.284,0.41,0.416,0,0,1,1
0.284,0.41,0.419,0,0,1,1
0.284,0.41,0.422,0,0,1,1
0.284,0.41,0.425,0,0,1,1
0.284,0.41,0.427999,0,0,1,1
0.284,0.41,0.430999,0,0,1,1
0.284,0.41,0.433999,0,0,1,1
0.284,0.41,0.436999,0,0,1,1
0.284,0.41,0.439999,0,0,1,1
0.287,0.41,0.26,0,0,1,1
0.287,0.41,0.263,0,0,1,1
0.287,0.41,0.266,0,0,1,1
0.287,0.41,0.269,0,0,1,1
0.287,0.41,0.272,0,0,1,1
0.287,0.41,0.275,0,0,1,1
0.287,0.41,0.278,0,0,1,1
0.287,0.41,0.281,0,0,1,1
0.287,0.41,0.284,0,0,1,1
0.287,0.41,0.287,0,0,1,1
0.287,0.41,0.29,0,0,1,1
0.287,0.41,0.293,0,0,1,1
0.287,0.41,0.296,0,0,1,1
0.287,0.41,0.299,0,0,1,1
0.287,0.41,0.302,0,0,1,1
0.287,0.41,0.305,0,0,1,1
0.287,0.41,0.308,0,0,1,1
0.287,0.41,0.311,0,0,1,1
0.287,0.41,0.314,0,0,1,1
0.287,0.41,0.317,0,0,1,1
0.287,0.41,0.32,0,0,1,1
0.287,0.41,0.323,0,0,1,1
0.287,0.41,0.326,0,0,1,1
0.287,0.41,0.329,0,0,1,1
0.287,0.41,0.332,0,0,1,1
0.287,0.41,0.335,0,0,1,1
0.287,0.41,0.338,0,0,1,1
0.287,0.41,0.341,0,0,1,1
0.287,0.41,0.344,0,0,1,1
0.287,0.41,0.347,0,0,1,1
0.287,0.41,0.35,0,0,1,1
0.287,0.41,0.353,0,0,1,1
0.287,0.41,0.356,0,0,1,1
0.287,0.41,0.359,0,0,1,1
0.287,0.41,0.362,0,0,1,1
0.287,0.41,0.365,0,0,1,1
0.287,0.41,0.368,0,0,1,1
0.287,0.41,0.371,0,0,1,1
0.287,0.41,0.374,0,0,1,1
0.287,0.41,0.377,0,0,1,1
0.287,0.41,0.38,0,0,1,1
0.287,0.41,0.383,0,0,1,1
0.287,0.41,0.386,0,0,1,1
0.287,0.41,0.389,0,0,1,1
0.287,0.41,0.392,0,0,1,1
0.287,0.41,0.395,0,0,1,1
0.287,0.41,0.398,0,0,1,1
0.287,0.41,0.401,0,0,1,1
0.287,0.41,0.404,0,0,1,1
0.287,0.41,0.407,0,0,1,1
0.287,0.41,0.41,0,0,1,1
0.287,0.41,0.413,0,0,1,1
0.287,0.41,0.416,0,0,1,1
0.287,0.41,0.419,0,0,1,1
0.287,0.41,0.422,0,0,1,1
0.287,0.41,0.425,0,0,1,1
0.287,0.41,0.427999,0,0,1,1
0.287,0.41,0.430999,0,0,1,1
0.287,0.41,0.433999,0,0,1,1
0.287,0.41,0.436999,0,0,1,1
0.287,0.41,0.439999,0,0,1,1
0.29,0.41,0.26,0,0,1,1
0.29,0.41,0.263,0,0,1,1
0.29,0.41,0.266,0,0,1,1
0.29,0.41,0.269,0,0,1,1
0.29,0.41,0.272,0,0,1,1
0.29,0.41,0.275,0,0,1,1
0.29,0.41,0.278,0,0,1,1
0.29,0.41,0.281,0,0,1,1
0.29,0.41,0.284,0,0,1,1
0.29,0.41,0.287,0,0,1,1
0.29,0.41,0.29,0,0,1,1
0.29,0.41,0.293,0,0,1,1
0.29,0.41,0.296,0,0,1,1
0.29,0.41,0.299,0,0,1,1
0.29,0.41,0.302,0,0,1,1
0.29,0.41,0.305,0,0,1,1
0.29,0.41,0.308,0,0,1,1
0.29,0.41,0.311,0,0,1,1
0.29,0.41,0.314,0,0,1,1
0.29,0.41,0.317,0,0,1,1
0.29,0.41,0.32,0,0,1,1
0.29,0.41,0.323,0,0,1,1
0.29,0.41,0.326,0,0,1,1
0.29,0.41,0.329,0,0,1,1
0.29,0.41,0.332,0,0,1,1
0.29,0.41,0.335,0,0,1,1
0.29,0.41,0.338,0,0,1,1
0.29,0.41,0.341,0,0,1,1
0.29,0.41,0.344,0,0,1,1
0.29,0.41,0.347,0,0,1,1
0.29,0.41,0.35,0,0,1,1
0.29,0.41,0.353,0,0,1,1
0.29,0.41,0.356,0,0,1,1
0.29,0.41,0.359,0,0,1,1
0.29,0.41,0.362,0,0,1,1
0.29,0.41,0.365,0,0,1,1
0.29,0.41,0.368,0,0,1,1
0.29,0.41,0.371,0,0,1,1
0.29,0.41,0.374,0,0,1,1
0.29,0.41,0.377,0,0,1,1
0.29,0.41,0.38,0,0,1,1
0.29,0.41,0.383,0,0,1,1
0.29,0.41,0.386,0,0,1,1
0.29,0.41,0.389,0,0,1,1
0.29,0.41,0.392,0,0,1,1
0.29,0.41,0.395,0,0,1,1
0.29,0.41,0.398,0,0,1,1
0.29,0.41,0.401,0,0,1,1
0.29,0.41,0.404,0,0,1,1
0.29,0.41,0.407,0,0,1,1
0.29,0.41,0.41,0,0,1,1
0.29,0.41,0.413,0,0,1,1
0.29,0.41,0.416,0,0,1,1
0.29,0.41,0.419,0,0,1,1
0.29,0.41,0.422,0,0,1,1
0.29,0.41,0.425,0,0,1,1
0.29,0.41,0.427999,0,0,1,1
0.29,0.41,0.430999,0,0,1,1
0.29,0.41,0.433999,0,0,1,1
0.29,0.41,0.436999,0,0,1,1
0.29,0.41,0.439999,0,0,1,1
0.293,0.41,0.26,0,0,1,1
0.293,0.41,0.263,0,0,1,1
0.293,0.41,0.266,0,0,1,1
0.293,0.41,0.269,0,0,1,1
0.293,0.41,0.272,0,0,1,1
0.293,0.41,0.275,0,0,1,1
0.293,0.41,0.278,0,0,1,1
0.293,0.41,0.281,0,0,1,1
0.293,0.41,0.284,0,0,1,1
0.293,0.41,0.287,0,0,1,1
0.293,0.41,0.29,0,0,1,1
0.293,0.41,0.293,0,0,1,1
0.293,0.41,0.296,0,0,1,1
0.293,0.41,0.299,0,0,1,1
0.293,0.41,0.302,0,0,1,1
0.293,0.41,0.305,0,0,1,1
0.293,0.41,0.308,0,0,1,1
0.293,0.41,0.311,0,0,1,1
0.293,0.41,0.314,0,0,1,1
0.293,0.41,0.317,0,0,1,1
0.293,0.41,0.32,0,0,1,1
0.293,0.41,0.323,0,0,1,1
0.293,0.41,0.326,0,0,1,1
0.293,0.41,0.329,0,0,1,1
0.293,0.41,0.332,0,0,1,1
0.293,0.41,0.335,0,0,1,1
0.293,0.41,0.338,0,0,1,1
0.293,0.41,0.341,0,0,1,1
0.293,0.41,0.344,0,0,1,1
0.293,0.41,0.347,0,0,1,1
0.293,0.41,0.35,0,0,1,1
0.293,0.41,0.353,0,0,1,1
0.293,0.41,0.356,0,0,1,1
0.293,0.41,0.359,0,0,1,1
0.293,0.41,0.362,0,0,1,1
0.293,0.41,0.365,0,0,1,1
0.293,0.41,0.368,0,0,1,1
0.293,0.41,0.371,0,0,1,1
0.293,0.41,0.374,0,0,1,1
0.293,0.41,0.377,0,0,1,1
0.293,0.41,0.38,0,0,1,1
0.293,0.41,0.383,0,0,1,1
0.293,0.41,0.386,0,0,1,1
0.293,0.41,0.389,0,0,1,1
0.293,0.41,0.392,0,0,1,1
0.293,0.41,0.395,0,0,1,1
0.293,0.41,0.398,0,0,1,1
0.293,0.41,0.401,0,0,1,1
0.293,0.41,0.404,0,0,1,1
0.293,0.41,0.407,0,0,1,1
0.293,0.41,0.41,0,0,1,1
0.293,0.41,0.413,0,0,1,1
0.293,0.41,0.416,0,0,1,1
0.293,0.41,0.419,0,0,1,1
0.293,0.41,0.422,0,0,1,1
0.293,0.41,0.425,0,0,1,1
0.293,0.41,0.427999,0,0,1,1
0.293,0.41,0.430999,0,0,1,1
0.293,0.41,0.433999,0,0,1,1
0.293,0.41,0.436999,0,0,1,1
0.293,0.41,0.439999,0,0,1,1
0.296,0.41,0.26,0,0,1,1
0.296,0.41,0.263,0,0,1,1
0.296,0.41,0.266,0,0,1,1
0.296,0.41,0.269,0,0,1,1
0.296,0.41,0.272,0,0,1,1
0.296,0.41,0.275,0,0,1,1
0.296,0.41,0.278,0,0,1,1
0.296,0.41,0.281,0,0,1,1
0.296,0.41,0.284,0,0,1,1
0.296,0.41,0.287,0,0,1,1
0.296,0.41,0.29,0,0,1,1
0.296,0.41,0.293,0,0,1,1
0.296,0.41,0.296,0,0,1,1
0.296,0.41,0.299,0,0,1,1
0.296,0.41,0.302,0,0,1,1
0.296,0.41,0.305,0,0,1,1
0.296,0.41,0.308,0,0,1,1
0.296,0.41,0.311,0,0,1,1
0.296,0.41,0.314,0,0,1,1
0.296,0.41,0.317,0,0,1,1
0.296,0.41,0.32,0,0,1,1
0.296,0.41,0.323,0,0,1,1
0.296,0.41,0.326,0,0,1,1
0.296,0.41,0.329,0,0,1,1
0.296,0.41,0.332,0,0,1,1
0.296,0.41,0.335,0,0,1,1
0.296,0.41,0.338,0,0,1,1
0.296,0.41,0.341,0,0,1,1
0.296,0.41,0.344,0,0,1,1
0.296,0.41,0.347,0,0,1,1
0.296,0.41,0.35,0,0,1,1
0.296,0.41,0.353,0,0,1,1
0.296,0.41,0.356,0,0,1,1
0.296,0.41,0.359,0,0,1,1
0.296,0.41,0.362,0,0,1,1
0.296,0.41,0.365,0,0,1,1
0.296,0.41,0.368,0,0,1,1
0.296,0.41,0.371,0,0,1,1
0.296,0.41,0.374,0,0,1,1
0.296,0.41,0.377,0,0,1,1
0.296,0.41,0.38,0,0,1,1
0.296,0.41,0.383,0,0,1,1
0.296,0.41,0.386,0,0,1,1
0.296,0.41,0.389,0,0,1,1
0.296,0.41,0.392,0,0,1,1
0.296,0.41,0.395,0,0,1,1
0.296,0.41,0.398,0,0,1,1
0.296,0.41,0.401,0,0,1,1
0.296,0.41,0.404,0,0,1,1
0.296,0.41,0.407,0,0,1,1
0.296,0.41,0.41,0,0,1,1
0.296,0.41,0.413,0,0,1,1
0.296,0.41,0.416,0,0,1,1
0.296,0.41,0.419,0,0,1,1
0.296,0.41,0.422,0,0,1,1
0.296,0.41,0.425,0,0,1,1
0.296,0.41,0.427999,0,0,1,1
0.296,0.41,0.430999,0,0,1,1
0.296,0.41,0.433999,0,0,1,1
0.296,0.41,0.436999,0,0,1,1
0.296,0.41,0.439999,0,0,1,1
0.299,0.41,0.26,0,0,1,1
0.299,0.41,0.263,0,0,1,1
0.299,0.41,0.266,0,0,1,1
0.299,0.41,0.269,0,0,1,1
0.299,0.41,0.272,0,0,1,1
0.299,0.41,0.275,0,0,1,1
0.299,0.41,0.278,0,0,1,1
0.299,0.41,0.281,0,0,1,1
0.299,0.41,0.284,0,0,1,1
0.299,0.41,0.287,0,0,1,1
0.299,0.41,0.29,0,0,1,1
0.299,0.41,0.293,0,0,1,1
0.299,0.41,0.296,0,0,1,1
0.299,0.41,0.299,0,0,1,1
0.299,0.41,0.302,0,0,1,1
0.299,0.41,0.305,0,0,1,1
0.299,0.41,0.308,0,0,1,1
0.299,0.41,0.311,0,0,1,1
0.299,0.41,0.314,0,0,1,1
0.299,0.41,0.317,0,0,1,1
0.299,0.41,0.32,0,0,1,1
0.299,0.41,0.323,0,0,1,1
0.299,0.41,0.326,0,0,1,1
0.299,0.41,0.329,0,0,1,1
0.299,0.41,0.332,0,0,1,1
0.299,0.41,0.335,0,0,1,1
0.299,0.41,0.338,0,0,1,1
0.299,0.41,0.341,0,0,1,1
0.299,0.41,0.344,0,0,1,1
0.299,0.41,0.347,0,0,1,1
0.299,0.41,0.35,0,0,1,1
0.299,0.41,0.353,0,0,1,1
0.299,0.41,0.356,0,0,1,1
0.299,0.41,0.359,0,0,1,1
0.299,0.41,0.362,0,0,1,1
0.299,0.41,0.365,0,0,1,1
0.299,0.41,0.368,0,0,1,1
0.299,0.41,0.371,0,0,1,1
0.299,0.41,0.374,0,0,1,1
0.299,0.41,0.377,0,0,1,1
0.299,0.41,0.38,0,0,1,1
0.299,0.41,0.383,0,0,1,1
0.299,0.41,0.386,0,0,1,1
0.299,0.41,0.389,0,0,1,1
0.299,0.41,0.392,0,0,1,1
0.299,0.41,0.395,0,0,1,1
0.299,0.41,0.398,0,0,1,1
0.299,0.41,0.401,0,0,1,1
0.299,0.41,0.404,0,0,1,1
0.299,0.41,0.407,0,0,1,1
0.299,0.41,0.41,0,0,1,1
0.299,0.41,0.413,0,0,1,1
0.299,0.41,0.416,0,0,1,1
0.299,0.41,0.419,0,0,1,1
0.299,0.41,0.422,0,0,1,1
0.299,0.41,0.425,0,0,1,1
0.299,0.41,0.427999,0,0,1,1
0.299,0.41,0.430999,0,0,1,1
0.299,0.41,0.433999,0,0,1,1
0.299,0.41,0.436999,0,0,1,1
0.299,0.41,0.439999,0,0,1,1
0.302,0.41,0.26,0,0,1,1
0.302,0.41,0.263,0,0,1,1
0.302,0.41,0.266,0,0,1,1
0.302,0.41,0.269,0,0,1,1
0.302,0.41,0.272,0,0,1,1
0.302,0.41,0.275,0,0,1,1
0.302,0.41,0.278,0,0,1,1
0.302,0.41,0.281,0,0,1,1
0.302,0.41,0.284,0,0,1,1
0.302,0.41,0.287,0,0,1,1
0.302,0.41,0.29,0,0,1,1
0.302,0.41,0.293,0,0,1,1
0.302,0.41,0.296,0,0,1,1
0.302,0.41,0.299,0,0,1,1
0.302,0.41,0.302,0,0,1,1
0.302,0.41,0.305,0,0,1,1
0.302,0.41,0.308,0,0,1,1
0.302,0.41,0.311,0,0,1,1
0.302,0.41,0.314,0,0,1,1
0.302,0.41,0.317,0,0,1,1
0.302,0.41,0.32,0,0,1,1
0.302,0.41,0.323,0,0,1,1
0.302,0.41,0.326,0,0,1,1
0.302,0.41,0.329,0,0,1,1
0.302,0.41,0.332,0,0,1,1
0.302,0.41,0.335,0,0,1,1
0.302,0.41,0.338,0,0,1,1
0.302,0.41,0.341,0,0,1,1
0.302,0.41,0.344,0,0,1,1
0.302,0.41,0.347,0,0,1,1
0.302,0.41,0.35,0,0,1,1
0.302,0.41,0.353,0,0,1,1
0.302,0.41,0.356,0,0,1,1
0.302,0.41,0.359,0,0,1,1
0.302,0.41,0.362,0,0,1,1
0.302,0.41,0.365,0,0,1,1
0.302,0.41,0.368,0,0,1,1
0.302,0.41,0.371,0,0,1,1
0.302,0.41,0.374,0,0,1,1
0.302,0.41,0.377,0,0,1,1
0.302,0.41,0.38,0,0,1,1
0.302,0.41,0.383,0,0,1,1
0.302,0.41,0.386,0,0,1,1
0.302,0.41,0.389,0,0,1,1
0.302,0.41,0.392,0,0,1,1
0.302,0.41,0.395,0,0,1,1
0.302,0.41,0.398,0,0,1,1
0.302,0.41,0.401,0,0,1,1
0.302,0.41,0.404,0,0,1,1
0.302,0.41,0.407,0,0,1,1
0.302,0.41,0.41,0,0,1,1
0.302,0.41,0.413,0,0,1,1
0.302,0.41,0.416,0,0,1,1
0.302,0.41,0.419,0,0,1,1
0.302,0.41,0.422,0,0,1,1
0.302,0.41,0.425,0,0,1,1
0.302,0.41,0.427999,0,0,1,1
0.302,0.41,0.430999,0,0,1,1
0.302,0.41,0.433999,0,0,1,1
0.302,0.41,0.436999,0,0,1,1
0.302,0.41,0.439999,0,0,1,1
0.305,0.41,0.26,0,0,1,1
0.305,0.41,0.263,0,0,1,1
0.305,0.41,0.266,0,0,1,1
0.305,0.41,0.269,0,0,1,1
0.305,0.41,0.272,0,0,1,1
0.305,0.41,0.275,0,0,1,1
0.305,0.41,0.278,0,0,1,1
0.305,0.41,0.281,0,0,1,1
0.305,0.41,0.284,0,0,1,1
0.305,0.41,0.287,0,0,1,1
0.305,0.41,0.29,0,0,1,1
0.305,0.41,0.293,0,0,1,1
0.305,0.41,0.296,0,0,1,1
0.305,0.41,0.299,0,0,1,1
0.305,0.41,0.302,0,0,1,1
0.305,0.41,0.305,0,0,1,1
0.305,0.41,0.308,0,0,1,1
0.305,0.41,0.311,0,0,1,1
0.305,0.41,0.314,0,0,1,1
0.305,0.41,0.317,0,0,1,1
0.305,0.41,0.32,0,0,1,1
0.305,0.41,0.323,0,0,1,1
0.305,0.41,0.326,0,0,1,1
0.305,0.41,0.329,0,0,1,1
0.305,0.41,0.332,0,0,1,1
0.305,0.41,0.335,0,0,1,1
0.305,0.41,0.338,0,0,1,1
0.305,0.41,0.341,0,0,1,1
0.305,0.41,0.344,0,0,1,1
0.305,0.41,0.347,0,0,1,1
0.305,0.41,0.35,0,0,1,1
0.305,0.41,0.353,0,0,1,1
0.305,0.41,0.356,0,0,1,1
0.305,0.41,0.359,0,0,1,1
0.305,0.41,0.362,0,0,1,1
0.305,0.41,0.365,0,0,1,1
0.305,0.41,0.368,0,0,1,1
0.305,0.41,0.371,0,0,1,1
0.305,0.41,0.374,0,0,1,1
0.305,0.41,0.377,0,0,1,1
0.305,0.41,0.38,0,0,1,1
0.305,0.41,0.383,0,0,1,1
0.305,0.41,0.386,0,0,1,1
0.305,0.41,0.389,0,0,1,1
0.305,0.41,0.392,0,0,1,1
0.305,0.41,0.395,0,0,1,1
0.305,0.41,0.398,0,0,1,1
0.305,0.41,0.401,0,0,1,1
0.305,0.41,0.404,0,0,1,1
0.305,0.41,0.407,0,0,1,1
0.305,0.41,0.41,0,0,1,1
0.305,0.41,0.413,0,0,1,1
0.305,0.41,0.416,0,0,1,1
0.305,0.41,0.419,0,0,1,1
0.305,0.41,0.422,0,0,1,1
0.305,0.41,0.425,0,0,1,1
0.305,0.41,0.427999,0,0,1,1
0.305,0.41,0.430999,0,0,1,1
0.305,0.41,0.433999,0,0,1,1
0.305,0.41,0.436999,0,0,1,1
0.305,0.41,0.439999,0,0,1,1
0.308,0.41,0.26,0,0,1,1
0.308,0.41,0.263,0,0,1,1
0.308,0.41,0.266,0,0,1,1
0.308,0.41,0.269,0,0,1,1
0.308,0.41,0.272,0,0,1,1
0.308,0.41,0.275,0,0,1,1
0.308,0.41,0.278,0,0,1,1
0.308,0.41,0.281,0,0,1,1
0.308,0.41,0.284,0,0,1,1
0.308,0.41,0.287,0,0,1,1
0.308,0.41,0.29,0,0,1,1
0.308,0.41,0.293,0,0,1,1
0.308,0.41,0.296,0,0,1,1
0.308,0.41,0.299,0,0,1,1
0.308,0.41,0.302,0,0,1,1
0.308,0.41,0.305,0,0,1,1
0.308,0.41,0.308,0,0,1,1
0.308,0.41,0.311,0,0,1,1
0.308,0.41,0.314,0,0,1,1
0.308,0.41,0.317,0,0,1,1
0.308,0.41,0.32,0,0,1,1
0.308,0.41,0.323,0,0,1,1
0.308,0.41,0.326,0,0,1,1
0.308,0.41,0.329,0,0,1,1
0.308,0.41,0.332,0,0,1,1
0.308,0.41,0.335,0,0,1,1
0.308,0.41,0.338,0,0,1,1
0.308,0.41,0.341,0,0,1,1
0.308,0.41,0.344,0,0,1,1
0.308,0.41,0.347,0,0,1,1
0.308,0.41,0.35,0,0,1,1
0.308,0.41,0.353,0,0,1,1
0.308,0.41,0.356,0,0,1,1
0.308,0.41,0.359,0,0,1,1
0.308,0.41,0.362,0,0,1,1
0.308,0.41,0.365,0,0,1,1
0.308,0.41,0.368,0,0,1,1
0.308,0.41,0.371,0,0,1,1
0.308,0.41,0.374,0,0,1,1
0.308,0.41,0.377,0,0,1,1
0.308,0.41,0.38,0,0,1,1
0.308,0.41,0.383,0,0,1,1
0.308,0.41,0.386,0,0,1,1
0.308,0.41,0.389,0,0,1,1
0.308,0.41,0.392,0,0,1,1
0.308,0.41,0.395,0,0,1,1
0.308,0.41,0.398,0,0,1,1
0.308,0.41,0.401,0,0,1,1
0.308,0.41,0.404,0,0,1,1
0.308,0.41,0.407,0,0,1,1
0.308,0.41,0.41,0,0,1,1
0.308,0.41,0.413,0,0,1,1
0.308,0.41,0.416,0,0,1,1
0.308,0.41,0.419,0,0,1,1
0.308,0.41,0.422,0,0,1,1
0.308,0.41,0.425,0,0,1,1
0.308,0.41,0.427999,0,0,1,1
0.308,0.41,0.430999,0,0,1,1
0.308,0.41,0.433999,0,0,1,1
0.308,0.41,0.436999,0,0,1,1
0.308,0.41,0.439999,0,0,1,1
0.311,0.41,0.26,0,0,1,1
0.311,0.41,0.263,0,0,1,1
0.311,0.41,0.266,0,0,1,1
0.311,0.41,0.269,0,0,1,1
0.311,0.41,0.272,0,0,1,1
0.311,0.41,0.275,0,0,1,1
0.311,0.41,0.278,0,0,1,1
0.311,0.41,0.281,0,0,1,1
0.311,0.41,0.284,0,0,1,1
0.311,0.41,0.287,0,0,1,1
0.311,0.41,0.29,0,0,1,1
0.311,0.41,0.293,0,0,1,1
0.311,0.41,0.296,0,0,1,1
0.311,0.41,0.299,0,0,1,1
0.311,0.41,0.302,0,0,1,1
0.311,0.41,0.305,0,0,1,1
0.311,0.41,0.308,0,0,1,1
0.311,0.41,0.311,0,0,1,1
0.311,0.41,0.314,0,0,1,1
0.311,0.41,0.317,0,0,1,1
0.311,0.41,0.32,0,0,1,1
0.311,0.41,0.323,0,0,1,1
0.311,0.41,0.326,0,0,1,1
0.311,0.41,0.329,0,0,1,1
0.311,0.41,0.332,0,0,1,1
0.311,0.41,0.335,0,0,1,1
0.311,0.41,0.338,0,0,1,1
0.311,0.41,0.341,0,0,1,1
0.311,0.41,0.344,0,0,1,1
0.311,0.41,0.347,0,0,1,1
0.311,0.41,0.35,0,0,1,1
0.311,0.41,0.353,0,0,1,1
0.311,0.41,0.356,0,0,1,1
0.311,0.41,0.359,0,0,1,1
0.311,0.41,0.362,0,0,1,1
0.311,0.41,0.365,0,0,1,1
0.311,0.41,0.368,0,0,1,1
0.311,0.41,0.371,0,0,1,1
0.311,0.41,0.374,0,0,1,1
0.311,0.41,0.377,0,0,1,1
0.311,0.41,0.38,0,0,1,1
0.311,0.41,0.383,0,0,1,1
0.311,0.41,0.386,0,0,1,1
0.311,0.41,0.389,0,0,1,1
0.311,0.41,0.392,0,0,1,1
0.311,0.41,0.395,0,0,1,1
0.311,0.41,0.398,0,0,1,1
0.311,0.41,0.401,0,0,1,1
0.311,0.41,0.404,0,0,1,1
0.311,0.41,0.407,0,0,1,1
0.311,0.41,0.41,0,0,1,1
0.311,0.41,0.413,0,0,1,1
0.311,0.41,0.416,0,0,1,1
0.311,0.41,0.419,0,0,1,1
0.311,0.41,0.422,0,0,1,1
0.311,0.41,0.425,0,0,1,1
0.311,0.41,0.427999,0,0,1,1
0.311,0.41,0.430999,0,0,1,1
0.311,0.41,0.433999,0,0,1,1
0.311,0.41,0.436999,0,0,1,1
0.311,0.41,0.439999,0,0,1,1
0.314,0.41,0.26,0,0,1,1
0.314,0.41,0.263,0,0,1,1
0.314,0.41,0.266,0,0,1,1
0.314,0.41,0.269,0,0,1,1
0.314,0.41,0.272,0,0,1,1
0.314,0.41,0.275,0,0,1,1
0.314,0.41,0.278,0,0,1,1
0.314,0.41,0.281,0,0,1,1
0.314,0.41,0.284,0,0,1,1
0.314,0.41,0.287,0,0,1,1
0.314,0.41,0.29,0,0,1,1
0.314,0.41,0.293,0,0,1,1
0.314,0.41,0.296,0,0,1,1
0.314,0.41,0.299,0,0,1,1
0.314,0.41,0.302,0,0,1,1
0.314,0.41,0.305,0,0,1,1
0.314,0.41,0.308,0,0,1,1
0.314,0.41,0.311,0,0,1,1
0.314,0.41,0.314,0,0,1,1
0.314,0.41,0.317,0,0,1,1
0.314,0.41,0.32,0,0,1,1
0.314,0.41,0.323,0,0,1,1
0.314,0.41,0.326,0,0,1,1
0.314,0.41,0.329,0,0,1,1
0.314,0.41,0.332,0,0,1,1
0.314,0.41,0.335,0,0,1,1
0.314,0.41,0.338,0,0,1,1
0.314,0.41,0.341,0,0,1,1
0.314,0.41,0.344,0,0,1,1
0.314,0.41,0.347,0,0,1,1
0.314,0.41,0.35,0,0,1,1
0.314,0.41,0.353,0,0,1,1
0.314,0.41,0.356,0,0,1,1
0.314,0.41,0.359,0,0,1,1
0.314,0.41,0.362,0,0,1,1
0.314,0.41,0.365,0,0,1,1
0.314,0.41,0.368,0,0,1,1
0.314,0.41,0.371,0,0,1,1
0.314,0.41,0.374,0,0,1,1
0.314,0.41,0.377,0,0,1,1
0.314,0.41,0.38,0,0,1,1
0.314,0.41,0.383,0,0,1,1
0.314,0.41,0.386,0,0,1,1
0.314,0.41,0.389,0,0,1,1
0.314,0.41,0.392,0,0,1,1
0.314,0.41,0.395,0,0,1,1
0.314,0.41,0.398,0,0,1,1
0.314,0.41,0.401,0,0,1,1
0.314,0.41,0.404,0,0,1,1
0.314,0.41,0.407,0,0,1,1
0.314,0.41,0.41,0,0,1,1
0.314,0.41,0.413,0,0,1,1
0.314,0.41,0.416,0,0,1,1
0.314,0.41,0.419,0,0,1,1
0.314,0.41,0.422,0,0,1,1
0.314,0.41,0.425,0,0,1,1
0.314,0.41,0.427999,0,0,1,1
0.314,0.41,0.430999,0,0,1,1
0.314,0.41,0.433999,0,0,1,1
0.314,0.41,0.436999,0,0,1,1
0.314,0.41,0.439999,0,0,1,1
0.317,0.41,0.26,0,0,1,1
0.317,0.41,0.263,0,0,1,1
0.317,0.41,0.266,0,0,1,1
0.317,0.41,0.269,0,0,1,1
0.317,0.41,0.272,0,0,1,1
0.317,0.41,0.275,0,0,1,1
0.317,0.41,0.278,0,0,1,1
0.317,0.41,0.281,0,0,1,1
0.317,0.41,0.284,0,0,1,1
0.317,0.41,0.287,0,0,1,1
0.317,0.41,0.29,0,0,1,1
0.317,0.41,0.293,0,0,1,1
0.317,0.41,0.296,0,0,1,1
0.317,0.41,0.299,0,0,1,1
0.317,0.41,0.302,0,0,1,1
0.317,0.41,0.305,0,0,1,1
0.317,0.41,0.308,0,0,1,1
0.317,0.41,0.311,0,0,1,1
0.317,0.41,0.314,0,0,1,1
0.317,0.41,0.317,0,0,1,1
0.317,0.41,0.32,0,0,1,1
0.317,0.41,0.323,0,0,1,1
0.317,0.41,0.326,0,0,1,1
0.317,0.41,0.329,0,0,1,1
0.317,0.41,0.332,0,0,1,1
0.317,0.41,0.335,0,0,1,1
0.317,0.41,0.338,0,0,1,1
0.317,0.41,0.341,0,0,1,1
0.317,0.41,0.344,0,0,1,1
0.317,0.41,0.347,0,0,1,1
0.317,0.41,0.35,0,0,1,1
0.317,0.41,0.353,0,0,1,1
0.317,0.41,0.356,0,0,1,1
0.317,0.41,0.359,0,0,1,1
0.317,0.41,0.362,0,0,1,1
0.317,0.41,0.365,0,0,1,1
0.317,0.41,0.368,0,0,1,1
0.317,0.41,0.371,0,0,1,1
0.317,0.41,0.374,0,0,1,1
0.317,0.41,0.377,0,0,1,1
0.317,0.41,0.38,0,0,1,1
0.317,0.41,0.383,0,0,1,1
0.317,0.41,0.386,0,0,1,1
0.317,0.41,0.389,0,0,1,1
0.317,0.41,0.392,0,0,1,1
0.317,0.41,0.395,0,0,1,1
0.317,0.41,0.398,0,0,1,1
0.317,0.41,0.401,0,0,1,1
0.317,0.41,0.404,0,0,1,1
0.317,0.41,0.407,0,0,1,1
0.317,0.41,0.41,0,0,1,1
0.317,0.41,0.413,0,0,1,1
0.317,0.41,0.416,0,0,1,1
0.317,0.41,0.419,0,0,1,1
0.317,0.41,0.422,0,0,1,1
0.317,0.41,0.425,0,0,1,1
0.317,0.41,0.427999,0,0,1,1
0.317,0.41,0.430999,0,0,1,1
0.317,0.41,0.433999,0,0,1,1
0.317,0.41,0.436999,0,0,1,1
0.317,0.41,0.439999,0,0,1,1
0.32,0.41,0.26,0,0,1,1
0.32,0.41,0.263,0,0,1,1
0.32,0.41,0.266,0,0,1,1
0.32,0.41,0.269,0,0,1,1
0.32,0.41,0.272,0,0,1,1
0.32,0.41,0.275,0,0,1,1
0.32,0.41,0.278,0,0,1,1
0.32,0.41,0.281,0,0,1,1
0.32,0.41,0.284,0,0,1,1
0.32,0.41,0.287,0,0,1,1
0.32,0.41,0.29,0,0,1,1
0.32,0.41,0.293,0,0,1,1
0.32,0.41,0.296,0,0,1,1
0.32,0.41,0.299,0,0,1,1
0.32,0.41,0.302,0,0,1,1
0.32,0.41,0.305,0,0,1,1
0.32,0.41,0.308,0,0,1,1
0.32,0.41,0.311,0,0,1,1
0.32,0.41,0.314,0,0,1,1
0.32,0.41,0.317,0,0,1,1
0.32,0.41,0.32,0,0,1,1
0.32,0.41,0.323,0,0,1,1
0.32,0.41,0.326,0,0,1,1
0.32,0.41,0.329,0,0,1,1
0.32,0.41,0.332,0,0,1,1
0.32,0.41,0.335,0,0,1,1
0.32,0.41,0.338,0,0,1,1
0.32,0.41,0.341,0,0,1,1
0.32,0.41,0.344,0,0,1,1
0.32,0.41,0.347,0,0,1,1
0.32,0.41,0.35,0,0,1,1
0.32,0.41,0.353,0,0,1,1
0.32,0.41,0.356,0,0,1,1
0.32,0.41,0.359,0,0,1,1
0.32,0.41,0.362,0,0,1,1
0.32,0.41,0.365,0,0,1,1
0.32,0.41,0.368,0,0,1,1
0.32,0.41,0.371,0,0,1,1
0.32,0.41,0.374,0,0,1,1
0.32,0.41,0.377,0,0,1,1
0.32,0.41,0.38,0,0,1,1
0.32,0.41,0.383,0,0,1,1
0.32,0.41,0.386,0,0,1,1
0.32,0.41,0.389,0,0,1,1
0.32,0.41,0.392,0,0,1,1
0.32,0.41,0.395,0,0,1,1
0.32,0.41,0.398,0,0,1,1
0.32,0.41,0.401,0,0,1,1
0.32,0.41,0.404,0,0,1,1
0.32,0.41,0.407,0,0,1,1
0.32,0.41,0.41,0,0,1,1
0.32,0.41,0.413,0,0,1,1
0.32,0.41,0.416,0,0,1,1
0.32,0.41,0.419,0,0,1,1
0.32,0.41,0.422,0,0,1,1
0.32,0.41,0.425,0,0,1,1
0.32,0.41,0.427999,0,0,1,1
0.32,0.41,0.430999,0,0,1,1
0.32,0.41,0.433999,0,0,1,1
0.32,0.41,0.436999,0,0,1,1
0.32,0.41,0.439999,0,0,1,1
0.323,0.41,0.26,0,0,1,1
0.323,0.41,0.263,0,0,1,1
0.323,0.41,0.266,0,0,1,1
0.323,0.41,0.269,0,0,1,1
0.323,0.41,0.272,0,0,1,1
0.323,0.41,0.275,0,0,1,1
0.323,0.41,0.278,0,0,1,1
0.323,0.41,0.281,0,0,1,1
0.323,0.41,0.284,0,0,1,1
0.323,0.41,0.287,0,0,1,1
0.323,0.41,0.29,0,0,1,1
0.323,0.41,0.293,0,0,1,1
0.323,0.41,0.296,0,0,1,1
0.323,0.41,0.299,0,0,1,1
0.323,0.41,0.302,0,0,1,1
0.323,0.41,0.305,0,0,1,1
0.323,0.41,0.308,0,0,1,1
0.323,0.41,0.311,0,0,1,1
0.323,0.41,0.314,0,0,1,1
0.323,0.41,0.317,0,0,1,1
0.323,0.41,0.32,0,0,1,1
0.323,0.41,0.323,0,0,1,1
0.323,0.41,0.326,0,0,1,1
0.323,0.41,0.329,0,0,1,1
0.323,0.41,0.332,0,0,1,1
0.323,0.41,0.335,0,0,1,1
0.323,0.41,0.338,0,0,1,1
0.323,0.41,0.341,0,0,1,1
0.323,0.41,0.344,0,0,1,1
0.323,0.41,0.347,0,0,1,1
0.323,0.41,0.35,0,0,1,1
0.323,0.41,0.353,0,0,1,1
0.323,0.41,0.356,0,0,1,1
0.323,0.41,0.359,0,0,1,1
0.323,0.41,0.362,0,0,1,1
0.323,0.41,0.365,0,0,1,1
0.323,0.41,0.368,0,0,1,1
0.323,0.41,0.371,0,0,1,1
0.323,0.41,0.374,0,0,1,1
0.323,0.41,0.377,0,0,1,1
0.323,0.41,0.38,0,0,1,1
0.323,0.41,0.383,0,0,1,1
0.323,0.41,0.386,0,0,1,1
0.323,0.41,0.389,0,0,1,1
0.323,0.41,0.392,0,0,1,1
0.323,0.41,0.395,0,0,1,1
0.323,0.41,0.398,0,0,1,1
0.323,0.41,0.401,0,0,1,1
0.323,0.41,0.404,0,0,1,1
0.323,0.41,0.407,0,0,1,1
0.323,0.41,0.41,0,0,1,1
0.323,0.41,0.413,0,0,1,1
0.323,0.41,0.416,0,0,1,1
0.323,0.41,0.419,0,0,1,1
0.323,0.41,0.422,0,0,1,1
0.323,0.41,0.425,0,0,1,1
0.323,0.41,0.427999,0,0,1,1
0.323,0.41,0.430999,0,0,1,1
0.323,0.41,0.433999,0,0,1,1
0.323,0.41,0.436999,0,0,1,1
0.323,0.41,0.439999,0,0,1,1
0.326,0.41,0.26,0,0,1,1
0.326,0.41,0.263,0,0,1,1
0.326,0.41,0.266,0,0,1,1
0.326,0.41,0.269,0,0,1,1
0.326,0.41,0.272,0,0,1,1
0.326,0.41,0.275,0,0,1,1
0.326,0.41,0.278,0,0,1,1
0.326,0.41,0.281,0,0,1,1
0.326,0.41,0.284,0,0,1,1
0.326,0.41,0.287,0,0,1,1
0.326,0.41,0.29,0,0,1,1
0.326,0.41,0.293,0,0,1,1
0.326,0.41,0.296,0,0,1,1
0.326,0.41,0.299,0,0,1,1
0.326,0.41,0.302,0,0,1,1
0.326,0.41,0.305,0,0,1,1
0.326,0.41,0.308,0,0,1,1
0.326,0.41,0.311,0,0,1,1
0.326,0.41,0.314,0,0,1,1
0.326,0.41,0.317,0,0,1,1
0.326,0.41,0.32,0,0,1,1
0.326,0.41,0.323,0,0,1,1
0.326,0.41,0.326,0,0,1,1
0.326,0.41,0.329,0,0,1,1
0.326,0.41,0.332,0,0,1,1
0.326,0.41,0.335,0,0,1,1
0.326,0.41,0.338,0,0,1,1
0.326,0.41,0.341,0,0,1,1
0.326,0.41,0.344,0,0,1,1
0.326,0.41,0.347,0,0,1,1
0.326,0.41,0.35,0,0,1,1
0.326,0.41,0.353,0,0,1,1
0.326,0.41,0.356,0,0,1,1
0.326,0.41,0.359,0,0,1,1
0.326,0.41,0.362,0,0,1,1
0.326,0.41,0.365,0,0,1,1
0.326,0.41,0.368,0,0,1,1
0.326,0.41,0.371,0,0,1,1
0.326,0.41,0.374,0,0,1,1
0.326,0.41,0.377,0,0,1,1
0.326,0.41,0.38,0,0,1,1
0.326,0.41,0.383,0,0,1,1
0.326,0.41,0.386,0,0,1,1
0.326,0.41,0.389,0,0,1,1
0.326,0.41,0.392,0,0,1,1
0.326,0.41,0.395,0,0,1,1
0.326,0.41,0.398,0,0,1,1
0.326,0.41,0.401,0,0,1,1
0.326,0.41,0.404,0,0,1,1
0.326,0.41,0.407,0,0,1,1
0.326,0.41,0.41,0,0,1,1
0.326,0.41,0.413,0,0,1,1
0.326,0.41,0.416,0,0,1,1
0.326,0.41,0.419,0,0,1,1
0.326,0.41,0.422,0,0,1,1
0.326,0.41,0.425,0,0,1,1
0.326,0.41,0.427999,0,0,1,1
0.326,0.41,0.430999,0,0,1,1
0.326,0.41,0.433999,0,0,1,1
0.326,0.41,0.436999,0,0,1,1
0.326,0.41,0.439999,0,0,1,1
0.329,0.41,0.26,0,0,1,1
0.329,0.41,0.263,0,0,1,1
0.329,0.41,0.266,0,0,1,1
0.329,0.41,0.269,0,0,1,1
0.329,0.41,0.272,0,0,1,1
0.329,0.41,0.275,0,0,1,1
0.329,0.41,0.278,0,0,1,1
0.329,0.41,0.281,0,0,1,1
0.329,0.41,0.284,0,0,1,1
0.329,0.41,0.287,0,0,1,1
0.329,0.41,0.29,0,0,1,1
0.329,0.41,0.293,0,0,1,1
0.329,0.41,0.296,0,0,1,1
0.329,0.41,0.299,0,0,1,1
0.329,0.41,0.302,0,0,1,1
0.329,0.41,0.305,0,0,1,1
0.329,0.41,0.308,0,0,1,1
0.329,0.41,0.311,0,0,1,1
0.329,0.41,0.314,0,0,1,1
0.329,0.41,0.317,0,0,1,1
0.329,0.41,0.32,0,0,1,1
0.329,0.41,0.323,0,0,1,1
0.329,0.41,0.326,0,0,1,1
0.329,0.41,0.329,0,0,1,1
0.329,0.41,0.332,0,0,1,1
0.329,0.41,0.335,0,0,1,1
0.329,0.41,0.338,0,0,1,1
0.329,0.41,0.341,0,0,1,1
0.329,0.41,0.344,0,0,1,1
0.329,0.41,0.347,0,0,1,1
0.329,0.41,0.35,0,0,1,1
0.329,0.41,0.353,0,0,1,1
0.329,0.41,0.356,0,0,1,1
0.329,0.41,0.359,0,0,1,1
0.329,0.41,0.362,0,0,1,1
0.329,0.41,0.365,0,0,1,1
0.329,0.41,0.368,0,0,1,1
0.329,0.41,0.371,0,0,1,1
0.329,0.41,0.374,0,0,1,1
0.329,0.41,0.377,0,0,1,1
0.329,0.41,0.38,0,0,1,1
0.329,0.41,0.383,0,0,1,1
0.329,0.41,0.386,0,0,1,1
0.329,0.41,0.389,0,0,1,1
0.329,0.41,0.392,0,0,1,1
0.329,0.41,0.395,0,0,1,1
0.329,0.41,0.398,0,0,1,1
0.329,0.41,0.401,0,0,1,1
0.329,0.41,0.404,0,0,1,1
0.329,0.41,0.407,0,0,1,1
0.329,0.41,0.41,0,0,1,1
0.329,0.41,0.413,0,0,1,1
0.329,0.41,0.416,0,0,1,1
0.329,0.41,0.419,0,0,1,1
0.329,0.41,0.422,0,0,1,1
0.329,0.41,0.425,0,0,1,1
0.329,0.41,0.427999,0,0,1,1
0.329,0.41,0.430999,0,0,1,1
0.329,0.41,0.433999,0,0,1,1
0.329,0.41,0.436999,0,0,1,1
0.329,0.41,0.439999,0,0,1,1
0.332,0.41,0.26,0,0,1,1
0.332,0.41,0.263,0,0,1,1
0.332,0.41,0.266,0,0,1,1
0.332,0.41,0.269,0,0,1,1
0.332,0.41,0.272,0,0,1,1
0.332,0.41,0.275,0,0,1,1
0.332,0.41,0.278,0,0,1,1
0.332,0.41,0.281,0,0,1,1
0.332,0.41,0.284,0,0,1,1
0.332,0.41,0.287,0,0,1,1
0.332,0.41,0.29,0,0,1,1
0.332,0.41,0.293,0,0,1,1
0.332,0.41,0.296,0,0,1,1
0.332,0.41,0.299,0,0,1,1
0.332,0.41,0.302,0,0,1,1
0.332,0.41,0.305,0,0,1,1
0.332,0.41,0.308,0,0,1,1
0.332,0.41,0.311,0,0,1,1
0.332,0.41,0.314,0,0,1,1
0.332,0.41,0.317,0,0,1,1
0.332,0.41,0.32,0,0,1,1
0.332,0.41,0.323,0,0,1,1
0.332,0.41,0.326,0,0,1,1
0.332,0.41,0.329,0,0,1,1
0.332,0.41,0.332,0,0,1,1
0.332,0.41,0.335,0,0,1,1
0.332,0.41,0.338,0,0,1,1
0.332,0.41,0.341,0,0,1,1
0.332,0.41,0.344,0,0,1,1
0.332,0.41,0.347,0,0,1,1
0.332,0.41,0.35,0,0,1,1
0.332,0.41,0.353,0,0,1,1
0.332,0.41,0.356,0,0,1,1
0.332,0.41,0.359,0,0,1,1
0.332,0.41,0.362,0,0,1,1
0.332,0.41,0.365,0,0,1,1
0.332,0.41,0.368,0,0,1,1
0.332,0.41,0.371,0,0,1,1
0.332,0.41,0.374,0,0,1,1
0.332,0.41,0.377,0,0,1,1
0.332,0.41,0.38,0,0,1,1
0.332,0.41,0.383,0,0,1,1
0.332,0.41,0.386,0,0,1,1
0.332,0.41,0.389,0,0,1,1
0.332,0.41,0.392,0,0,1,1
0.332,0.41,0.395,0,0,1,1
0.332,0.41,0.398,0,0,1,1
0.332,0.41,0.401,0,0,1,1
0.332,0.41,0.404,0,0,1,1
0.332,0.41,0.407,0,0,1,1
0.332,0.41,0.41,0,0,1,1
0.332,0.41,0.413,0,0,1,1
0.332,0.41,0.416,0,0,1,1
0.332,0.41,0.419,0,0,1,1
0.332,0.41,0.422,0,0,1,1
0.332,0.41,0.425,0,0,1,1
0.332,0.41,0.427999,0,0,1,1
0.332,0.41,0.430999,0,0,1,1
0.332,0.41,0.433999,0,0,1,1
0.332,0.41,0.436999,0,0,1,1
0.332,0.41,0.439999,0,0,1,1
0.335,0.41,0.26,0,0,1,1
0.335,0.41,0.263,0,0,1,1
0.335,0.41,0.266,0,0,1,1
0.335,0.41,0.269,0,0,1,1
0.335,0.41,0.272,0,0,1,1
0.335,0.41,0.275,0,0,1,1
0.335,0.41,0.278,0,0,1,1
0.335,0.41,0.281,0,0,1,1
0.335,0.41,0.284,0,0,1,1
0.335,0.41,0.287,0,0,1,1
0.335,0.41,0.29,0,0,1,1
0.335,0.41,0.293,0,0,1,1
0.335,0.41,0.296,0,0,1,1
0.335,0.41,0.299,0,0,1,1
0.335,0.41,0.302,0,0,1,1
0.335,0.41,0.305,0,0,1,1
0.335,0.41,0.308,0,0,1,1
0.335,0.41,0.311,0,0,1,1
0.335,0.41,0.314,0,0,1,1
0.335,0.41,0.317,0,0,1,1
0.335,0.41,0.32,0,0,1,1
0.335,0.41,0.323,0,0,1,1
0.335,0.41,0.326,0,0,1,1
0.335,0.41,0.329,0,0,1,1
0.335,0.41,0.332,0,0,1,1
0.335,0.41,0.335,0,0,1,1
0.335,0.41,0.338,0,0,1,1
0.335,0.41,0.341,0,0,1,1
0.335,0.41,0.344,0,0,1,1
0.335,0.41,0.347,0,0,1,1
0.335,0.41,0.35,0,0,1,1
0.335,0.41,0.353,0,0,1,1
0.335,0.41,0.356,0,0,1,1
0.335,0.41,0.359,0,0,1,1
0.335,0.41,0.362,0,0,1,1
0.335,0.41,0.365,0,0,1,1
0.335,0.41,0.368,0,0,1,1
0.335,0.41,0.371,0,0,1,1
0.335,0.41,0.374,0,0,1,1
0.335,0.41,0.377,0,0,1,1
0.335,0.41,0.38,0,0,1,1
0.335,0.41,0.383,0,0,1,1
0.335,0.41,0.386,0,0,1,1
0.335,0.41,0.389,0,0,1,1
0.335,0.41,0.392,0,0,1,1
0.335,0.41,0.395,0,0,1,1
0.335,0.41,0.398,0,0,1,1
0.335,0.41,0.401,0,0,1,1
0.335,0.41,0.404,0,0,1,1
0.335,0.41,0.407,0,0,1,1
0.335,0.41,0.41,0,0,1,1
0.335,0.41,0.413,0,0,1,1
0.335,0.41,0.416,0,0,1,1
0.335,0.41,0.419,0,0,1,1
0.335,0.41,0.422,0,0,1,1
0.335,0.41,0.425,0,0,1,1
0.335,0.41,0.427999,0,0,1,1
0.335,0.41,0.430999,0,0,1,1
0.335,0.41,0.433999,0,0,1,1
0.335,0.41,0.436999,0,0,1,1
0.335,0.41,0.439999,0,0,1,1
0.338,0.41,0.26,0,0,1,1
0.338,0.41,0.263,0,0,1,1
0.338,0.41,0.266,0,0,1,1
0.338,0.41,0.269,0,0,1,1
0.338,0.41,0.272,0,0,1,1
0.338,0.41,0.275,0,0,1,1
0.338,0.41,0.278,0,0,1,1
0.338,0.41,0.281,0,0,1,1
0.338,0.41,0.284,0,0,1,1
0.338,0.41,0.287,0,0,1,1
0.338,0.41,0.29,0,0,1,1
0.338,0.41,0.293,0,0,1,1
0.338,0.41,0.296,0,0,1,1
0.338,0.41,0.299,0,0,1,1
0.338,0.41,0.302,0,0,1,1
0.338,0.41,0.305,0,0,1,1
0.338,0.41,0.308,0,0,1,1
0.338,0.41,0.311,0,0,1,1
0.338,0.41,0.314,0,0,1,1
0.338,0.41,0.317,0,0,1,1
0.338,0.41,0.32,0,0,1,1
0.338,0.41,0.323,0,0,1,1
0.338,0.41,0.326,0,0,1,1
0.338,0.41,0.329,0,0,1,1
0.338,0.41,0.332,0,0,1,1
0.338,0.41,0.335,0,0,1,1
0.338,0.41,0.338,0,0,1,1
0.338,0.41,0.341,0,0,1,1
0.338,0.41,0.344,0,0,1,1
0.338,0.41,0.347,0,0,1,1
0.338,0.41,0.35,0,0,1,1
0.338,0.41,0.353,0,0,1,1
0.338,0.41,0.356,0,0,1,1
0.338,0.41,0.359,0,0,1,1
0.338,0.41,0.362,0,0,1,1
0.338,0.41,0.365,0,0,1,1
0.338,0.41,0.368,0,0,1,1
0.338,0.41,0.371,0,0,1,1
0.338,0.41,0.374,0,0,1,1
0.338,0.41,0.377,0,0,1,1
0.338,0.41,0.38,0,0,1,1
0.338,0.41,0.383,0,0,1,1
0.338,0.41,0.386,0,0,1,1
0.338,0.41,0.389,0,0,1,1
0.338,0.41,0.392,0,0,1,1
0.338,0.41,0.395,0,0,1,1
0.338,0.41,0.398,0,0,1,1
0.338,0.41,0.401,0,0,1,1
0.338,0.41,0.404,0,0,1,1
0.338,0.41,0.407,0,0,1,1
0.338,0.41,0.41,0,0,1,1
0.338,0.41,0.413,0,0,1,1
0.338,0.41,0.416,0,0,1,1
0.338,0.41,0.419,0,0,1,1
0.338,0.41,0.422,0,0,1,1
0.338,0.41,0.425,0,0,1,1
0.338,0.41,0.427999,0,0,1,1
0.338,0.41,0.430999,0,0,1,1
0.338,0.41,0.433999,0,0,1,1
0.338,0.41,0.436999,0,0,1,1
0.338,0.41,0.439999,0,0,1,1
0.341,0.41,0.26,0,0,1,1
0.341,0.41,0.263,0,0,1,1
0.341,0.41,0.266,0,0,1,1
0.341,0.41,0.269,0,0,1,1
0.341,0.41,0.272,0,0,1,1
0.341,0.41,0.275,0,0,1,1
0.341,0.41,0.278,0,0,1,1
0.341,0.41,0.281,0,0,1,1
0.341,0.41,0.284,0,0,1,1
0.341,0.41,0.287,0,0,1,1
0.341,0.41,0.29,0,0,1,1
0.341,0.41,0.293,0,0,1,1
0.341,0.41,0.296,0,0,1,1
0.341,0.41,0.299,0,0,1,1
0.341,0.41,0.302,0,0,1,1
0.341,0.41,0.305,0,0,1,1
0.341,0.41,0.308,0,0,1,1
0.341,0.41,0.311,0,0,1,1
0.341,0.41,0.314,0,0,1,1
0.341,0.41,0.317,0,0,1,1
0.341,0.41,0.32,0,0,1,1
0.341,0.41,0.323,0,0,1,1
0.341,0.41,0.326,0,0,1,1
0.341,0.41,0.329,0,0,1,1
0.341,0.41,0.332,0,0,1,1
0.341,0.41,0.335,0,0,1,1
0.341,0.41,0.338,0,0,1,1
0.341,0.41,0.341,0,0,1,1
0.341,0.41,0.344,0,0,1,1
0.341,0.41,0.347,0,0,1,1
0.341,0.41,0.35,0,0,1,1
0.341,0.41,0.353,0,0,1,1
0.341,0.41,0.356,0,0,1,1
0.341,0.41,0.359,0,0,1,1
0.341,0.41,0.362,0,0,1,1
0.341,0.41,0.365,0,0,1,1
0.341,0.41,0.368,0,0,1,1
0.341,0.41,0.371,0,0,1,1
0.341,0.41,0.374,0,0,1,1
0.341,0.41,0.377,0,0,1,1
0.341,0.41,0.38,0,0,1,1
0.341,0.41,0.383,0,0,1,1
0.341,0.41,0.386,0,0,1,1
0.341,0.41,0.389,0,0,1,1
0.341,0.41,0.392,0,0,1,1
0.341,0.41,0.395,0,0,1,1
0.341,0.41,0.398,0,0,1,1
0.341,0.41,0.401,0,0,1,1
0.341,0.41,0.404,0,0,1,1
0.341,0.41,0.407,0,0,1,1
0.341,0.41,0.41,0,0,1,1
0.341,0.41,0.413,0,0,1,1
0.341,0.41,0.416,0,0,1,1
0.341,0.41,0.419,0,0,1,1
0.341,0.41,0.422,0,0,1,1
0.341,0.41,0.425,0,0,1,1
0.341,0.41,0.427999,0,0,1,1
0.341,0.41,0.430999,0,0,1,1
0.341,0.41,0.433999,0,0,1,1
0.341,0.41,0.436999,0,0,1,1
0.341,0.41,0.439999,0,0,1,1
0.14,0.27,0.26,0,0,1,1
0.14,0.27,0.263,0,0,1,1
0.14,0.27,0.266,0,0,1,1
0.14,0.27,0.269,0,0,1,1
0.14,0.27,0.272,0,0,1,1
0.14,0.27,0.275,0,0,1,1
0.14,0.27,0.278,0,0,1,1
0.14,0.27,0.281,0,0,1,1
0.14,0.27,0.284,0,0,1,1
0.14,0.27,0.287,0,0,1,1
0.14,0.27,0.29,0,0,1,1
0.14,0.27,0.293,0,0,1,1
0.14,0.27,0.296,0,0,1,1
0.14,0.27,0.299,0,0,1,1
0.14,0.27,0.302,0,0,1,1
0.14,0.27,0.305,0,0,1,1
0.14,0.27,0.308,0,0,1,1
0.14,0.27,0.311,0,0,1,1
0.14,0.27,0.314,0,0,1,1
0.14,0.27,0.317,0,0,1,1
0.14,0.27,0.32,0,0,1,1
0.14,0.27,0.323,0,0,1,1
0.14,0.27,0.326,0,0,1,1
0.14,0.27,0.329,0,0,1,1
0.14,0.27,0.332,0,0,1,1
0.14,0.27,0.335,0,0,1,1
0.14,0.27,0.338,0,0,1,1
0.14,0.27,0.341,0,0,1,1
0.14,0.27,0.344,0,0,1,1
0.14,0.27,0.347,0,0,1,1
0.14,0.27,0.35,0,0,1,1
0.14,0.27,0.353,0,0,1,1
0.14,0.27,0.356,0,0,1,1
0.14,0.27,0.359,0,0,1,1
0.14,0.27,0.362,0,0,1,1
0.14,0.27,0.365,0,0,1,1
0.14,0.27,0.368,0,0,1,1
0.14,0.27,0.371,0,0,1,1
0.14,0.27,0.374,0,0,1,1
0.14,0.27,0.377,0,0,1,1
0.14,0.27,0.38,0,0,1,1
0.14,0.27,0.383,0,0,1,1
0.14,0.27,0.386,0,0,1,1
0.14,0.27,0.389,0,0,1,1
0.14,0.27,0.392,0,0,1,1
0.14,0.27,0.395,0,0,1,1
0.14,0.27,0.398,0,0,1,1
0.14,0.27,0.401,0,0,1,1
0.14,0.27,0.404,0,0,1,1
0.14,0.27,0.407,0,0,1,1
0.14,0.27,0.41,0,0,1,1
0.14,0.27,0.413,0,0,1,1
0.14,0.27,0.416,0,0,1,1
0.14,0.27,0.419,0,0,1,1
0.14,0.27,0.422,0,0,1,1
0.14,0.27,0.425,0,0,1,1
0.14,0.27,0.427999,0,0,1,1
0.14,0.27,0.430999,0,0,1,1
0.14,0.27,0.433999,0,0,1,1
0.14,0.27,0.436999,0,0,1,1
0.14,0.27,0.439999,0,0,1,1
0.143,0.27,0.26,0,0,1,1
0.143,0.27,0.263,0,0,1,1
0.143,0.27,0.266,0,0,1,1
0.143,0.27,0.269,0,0,1,1
0.143,0.27,0.272,0,0,1,1
0.143,0.27,0.275,0,0,1,1
0.143,0.27,0.278,0,0,1,1
0.143,0.27,0.281,0,0,1,1
0.143,0.27,0.284,0,0,1,1
0.143,0.27,0.287,0,0,1,1
0.143,0.27,0.29,0,0,1,1
0.143,0.27,0.293,0,0,1,1
0.143,0.27,0.296,0,0,1,1
0.143,0.27,0.299,0,0,1,1
0.143,0.27,0.302,0,0,1,1
0.143,0.27,0.305,0,0,1,1
0.143,0.27,0.308,0,0,1,1
0.143,0.27,0.311,0,0,1,1
0.143,0.27,0.314,0,0,1,1
0.143,0.27,0.317,0,0,1,1
0.143,0.27,0.32,0,0,1,1
0.143,0.27,0.323,0,0,1,1
0.143,0.27,0.326,0,0,1,1
0.143,0.27,0.329,0,0,1,1
0.143,0.27,0.332,0,0,1,1
0.143,0.27,0.335,0,0,1,1
0.143,0.27,0.338,0,0,1,1
0.143,0.27,0.341,0,0,1,1
0.143,0.27,0.344,0,0,1,1
0.143,0.27,0.347,0,0,1,1
0.143,0.27,0.35,0,0,1,1
0.143,0.27,0.353,0,0,1,1
0.143,0.27,0.356,0,0,1,1
0.143,0.27,0.359,0,0,1,1
0.143,0.27,0.362,0,0,1,1
0.143,0.27,0.365,0,0,1,1
0.143,0.27,0.368,0,0,1,1
0.143,0.27,0.371,0,0,1,1
0.143,0.27,0.374,0,0,1,1
0.143,0.27,0.377,0,0,1,1
0.143,0.27,0.38,0,0,1,1
0.143,0.27,0.383,0,0,1,1
0.143,0.27,0.386,0,0,1,1
0.143,0.27,0.389,0,0,1,1
0.143,0.27,0.392,0,0,1,1
0.143,0.27,0.395,0,0,1,1
0.143,0.27,0.398,0,0,1,1
0.143,0.27,0.401,0,0,1,1
0.143,0.27,0.404,0,0,1,1
0.143,0.27,0.407,0,0,1,1
0.143,0.27,0.41,0,0,1,1
0.143,0.27,0.413,0,0,1,1
0.143,0.27,0.416,0,0,1,1
0.143,0.27,0.419,0,0,1,1
0.143,0.27,0.422,0,0,1,1
0.143,0.27,0.425,0,0,1,1
0.143,0.27,0.427999,0,0,1,1
0.143,0.27,0.430999,0,0,1,1
0.143,0.27,0.433999,0,0,1,1
0.143,0.27,0.436999,0,0,1,1
0.143,0.27,0.439999,0,0,1,1
0.146,0.27,0.26,0,0,1,1
0.146,0.27,0.263,0,0,1,1
0.146,0.27,0.266,0,0,1,1
0.146,0.27,0.269,0,0,1,1
0.146,0.27,0.272,0,0,1,1
0.146,0.27,0.275,0,0,1,1
0.146,0.27,0.278,0,0,1,1
0.146,0.27,0.281,0,0,1,1
0.146,0.27,0.284,0,0,1,1
0.146,0.27,0.287,0,0,1,1
0.146,0.27,0.29,0,0,1,1
0.146,0.27,0.293,0,0,1,1
0.146,0.27,0.296,0,0,1,1
0.146,0.27,0.299,0,0,1,1
0.146,0.27,0.302,0,0,1,1
0.146,0.27,0.305,0,0,1,1
0.146,0.27,0.308,0,0,1,1
0.146,0.27,0.311,0,0,1,1
0.146,0.27,0.314,0,0,1,1
0.146,0.27,0.317,0,0,1,1
0.146,0.27,0.32,0,0,1,1
0.146,0.27,0.323,0,0,1,1
0.146,0.27,0.326,0,0,1,1
0.146,0.27,0.329,0,0,1,1
0.146,0.27,0.332,0,0,1,1
0.146,0.27,0.335,0,0,1,1
0.146,0.27,0.338,0,0,1,1
0.146,0.27,0.341,0,0,1,1
0.146,0.27,0.344,0,0,1,1
0.146,0.27,0.347,0,0,1,1
0.146,0.27,0.35,0,0,1,1
0.146,0.27,0.353,0,0,1,1
0.146,0.27,0.356,0,0,1,1
0.146,0.27,0.359,0,0,1,1
0.146,0.27,0.362,0,0,1,1
0.146,0.27,0.365,0,0,1,1
0.146,0.27,0.368,0,0,1,1
0.146,0.27,0.371,0,0,1,1
0.146,0.27,0.374,0,0,1,1
0.146,0.27,0.377,0,0,1,1
0.146,0.27,0.38,0,0,1,1
0.146,0.27,0.383,0,0,1,1
0.146,0.27,0.386,0,0,1,1
0.146,0.27,0.389,0,0,1,1
0.146,0.27,0.392,0,0,1,1
0.146,0.27,0.395,0,0,1,1
0.146,0.27,0.398,0,0,1,1
0.146,0.27,0.401,0,0,1,1
0.146,0.27,0.404,0,0,1,1
0.146,0.27,0.407,0,0,1,1
0.146,0.27,0.41,0,0,1,1
0.146,0.27,0.413,0,0,1,1
0.146,0.27,0.416,0,0,1,1
0.146,0.27,0.419,0,0,1,1
0.146,0.27,0.422,0,0,1,1
0.146,0.27,0.425,0,0,1,1
0.146,0.27,0.427999,0,0,1,1
0.146,0.27,0.430999,0,0,1,1
0.146,0.27,0.433999,0,0,1,1
0.146,0.27,0.436999,0,0,1,1
0.146,0.27,0.439999,0,0,1,1
0.149,0.27,0.26,0,0,1,1
0.149,0.27,0.263,0,0,1,1
0.149,0.27,0.266,0,0,1,1
0.149,0.27,0.269,0,0,1,1
0.149,0.27,0.272,0,0,1,1
0.149,0.27,0.275,0,0,1,1
0.149,0.27,0.278,0,0,1,1
0.149,0.27,0.281,0,0,1,1
0.149,0.27,0.284,0,0,1,1
0.149,0.27,0.287,0,0,1,1
0.149,0.27,0.29,0,0,1,1
0.149,0.27,0.293,0,0,1,1
0.149,0.27,0.296,0,0,1,1
0.149,0.27,0.299,0,0,1,1
0.149,0.27,0.302,0,0,1,1
0.149,0.27,0.305,0,0,1,1
0.149,0.27,0.308,0,0,1,1
0.149,0.27,0.311,0,0,1,1
0.149,0.27,0.314,0,0,1,1
0.149,0.27,0.317,0,0,1,1
0.149,0.27,0.32,0,0,1,1
0.149,0.27,0.323,0,0,1,1
0.149,0.27,0.326,0,0,1,1
0.149,0.27,0.329,0,0,1,1
0.149,0.27,0.332,0,0,1,1
0.149,0.27,0.335,0,0,1,1
0.149,0.27,0.338,0,0,1,1
0.149,0.27,0.341,0,0,1,1
0.149,0.27,0.344,0,0,1,1
0.149,0.27,0.347,0,0,1,1
0.149,0.27,0.35,0,0,1,1
0.149,0.27,0.353,0,0,1,1
0.149,0.27,0.356,0,0,1,1
0.149,0.27,0.359,0,0,1,1
0.149,0.27,0.362,0,0,1,1
0.149,0.27,0.365,0,0,1,1
0.149,0.27,0.368,0,0,1,1
0.149,0.27,0.371,0,0,1,1
0.149,0.27,0.374,0,0,1,1
0.149,0.27,0.377,0,0,1,1
0.149,0.27,0.38,0,0,1,1
0.149,0.27,0.383,0,0,1,1
0.149,0.27,0.386,0,0,1,1
0.149,0.27,0.389,0,0,1,1
0.149,0.27,0.392,0,0,1,1
0.149,0.27,0.395,0,0,1,1
0.149,0.27,0.398,0,0,1,1
0.149,0.27,0.401,0,0,1,1
0.149,0.27,0.404,0,0,1,1
0.149,0.27,0.407,0,0,1,1
0.149,0.27,0.41,0,0,1,1
0.149,0.27,0.413,0,0,1,1
0.149,0.27,0.416,0,0,1,1
0.149,0.27,0.419,0,0,1,1
0.149,0.27,0.422,0,0,1,1
0.149,0.27,0.425,0,0,1,1
0.149,0.27,0.427999,0,0,1,1
0.149,0.27,0.430999,0,0,1,1
0.149,0.27,0.433999,0,0,1,1
0.149,0.27,0.436999,0,0,1,1
0.149,0.27,0.439999,0,0,1,1
0.152,0.27,0.26,0,0,1,1
0.152,0.27,0.263,0,0,1,1
0.152,0.27,0.266,0,0,1,1
0.152,0.27,0.269,0,0,1,1
0.152,0.27,0.272,0,0,1,1
0.152,0.27,0.275,0,0,1,1
0.152,0.27,0.278,0,0,1,1
0.152,0.27,0.281,0,0,1,1
0.152,0.27,0.284,0,0,1,1
0.152,0.27,0.287,0,0,1,1
0.152,0.27,0.29,0,0,1,1
0.152,0.27,0.293,0,0,1,1
0.152,0.27,0.296,0,0,1,1
0.152,0.27,0.299,0,0,1,1
0.152,0.27,0.302,0,0,1,1
0.152,0.27,0.305,0,0,1,1
0.152,0.27,0.308,0,0,1,1
0.152,0.27,0.311,0,0,1,1
0.152,0.27,0.314,0,0,1,1
0.152,0.27,0.317,0,0,1,1
0.152,0.27,0.32,0,0,1,1
0.152,0.27,0.323,0,0,1,1
0.152,0.27,0.326,0,0,1,1
0.152,0.27,0.329,0,0,1,1
0.152,0.27,0.332,0,0,1,1
0.152,0.27,0.335,0,0,1,1
0.152,0.27,0.338,0,0,1,1
0.152,0.27,0.341,0,0,1,1
0.152,0.27,0.344,0,0,1,1
0.152,0.27,0.347,0,0,1,1
0.152,0.27,0.35,0,0,1,1
0.152,0.27,0.353,0,0,1,1
0.152,0.27,0.356,0,0,1,1
0.152,0.27,0.359,0,0,1,1
0.152,0.27,0.362,0,0,1,1
0.152,0.27,0.365,0,0,1,1
0.152,0.27,0.368,0,0,1,1
0.152,0.27,0.371,0,0,1,1
0.152,0.27,0.374,0,0,1,1
0.152,0.27,0.377,0,0,1,1
0.152,0.27,0.38,0,0,1,1
0.152,0.27,0.383,0,0,1,1
0.152,0.27,0.386,0,0,1,1
0.152,0.27,0.389,0,0,1,1
0.152,0.27,0.392,0,0,1,1
0.152,0.27,0.395,0,0,1,1
0.152,0.27,0.398,0,0,1,1
0.152,0.27,0.401,0,0,1,1
0.152,0.27,0.404,0,0,1,1
0.152,0.27,0.407,0,0,1,1
0.152,0.27,0.41,0,0,1,1
0.152,0.27,0.413,0,0,1,1
0.152,0.27,0.416,0,0,1,1
0.152,0.27,0.419,0,0,1,1
0.152,0.27,0.422,0,0,1,1
0.152,0.27,0.425,0,0,1,1
0.152,0.27,0.427999,0,0,1,1
0.152,0.27,0.430999,0,0,1,1
0.152,0.27,0.433999,0,0,1,1
0.152,0.27,0.436999,0,0,1,1
0.152,0.27,0.439999,0,0,1,1
0.155,0.27,0.26,0,0,1,1
0.155,0.27,0.263,0,0,1,1
0.155,0.27,0.266,0,0,1,1
0.155,0.27,0.269,0,0,1,1
0.155,0.27,0.272,0,0,1,1
0.155,0.27,0.275,0,0,1,1
0.155,0.27,0.278,0,0,1,1
0.155,0.27,0.281,0,0,1,1
0.155,0.27,0.284,0,0,1,1
0.155,0.27,0.287,0,0,1,1
0.155,0.27,0.29,0,0,1,1
0.155,0.27,0.293,0,0,1,1
0.155,0.27,0.296,0,0,1,1
0.155,0.27,0.299,0,0,1,1
0.155,0.27,0.302,0,0,1,1
0.155,0.27,0.305,0,0,1,1
0.155,0.27,0.308,0,0,1,1
0.155,0.27,0.311,0,0,1,1
0.155,0.27,0.314,0,0,1,1
0.155,0.27,0.317,0,0,1,1
0.155,0.27,0.32,0,0,1,1
0.155,0.27,0.323,0,0,1,1
0.155,0.27,0.326,0,0,1,1
0.155,0.27,0.329,0,0,1,1
0.155,0.27,0.332,0,0,1,1
0.155,0.27,0.335,0,0,1,1
0.155,0.27,0.338,0,0,1,1
0.155,0.27,0.341,0,0,1,1
0.155,0.27,0.344,0,0,1,1
0.155,0.27,0.347,0,0,1,1
0.155,0.27,0.35,0,0,1,1
0.155,0.27,0.353,0,0,1,1
0.155,0.27,0.356,0,0,1,1
0.155,0.27,0.359,0,0,1,1
0.155,0.27,0.362,0,0,1,1
0.155,0.27,0.365,0,0,1,1
0.155,0.27,0.368,0,0,1,1
0.155,0.27,0.371,0,0,1,1
0.155,0.27,0.374,0,0,1,1
0.155,0.27,0.377,0,0,1,1
0.155,0.27,0.38,0,0,1,1
0.155,0.27,0.383,0,0,1,1
0.155,0.27,0.386,0,0,1,1
0.155,0.27,0.389,0,0,1,1
0.155,0.27,0.392,0,0,1,1
0.155,0.27,0.395,0,0,1,1
0.155,0.27,0.398,0,0,1,1
0.155,0.27,0.401,0,0,1,1
0.155,0.27,0.404,0,0,1,1
0.155,0.27,0.407,0,0,1,1
0.155,0.27,0.41,0,0,1,1
0.155,0.27,0.413,0,0,1,1
0.155,0.27,0.416,0,0,1,1
0.155,0.27,0.419,0,0,1,1
0.155,0.27,0.422,0,0,1,1
0.155,0.27,0.425,0,0,1,1
0.155,0.27,0.427999,0,0,1,1
0.155,0.27,0.430999,0,0,1,1
0.155,0.27,0.433999,0,0,1,1
0.155,0.27,0.436999,0,0,1,1
0.155,0.27,0.439999,0,0,1,1
0.158,0.27,0.26,0,0,1,1
0.158,0.27,0.263,0,0,1,1
0.158,0.27,0.266,0,0,1,1
0.158,0.27,0.269,0,0,1,1
0.158,0.27,0.272,0,0,1,1
0.158,0.27,0.275,0,0,1,1
0.158,0.27,0.278,0,0,1,1
0.158,0.27,0.281,0,0,1,1
0.158,0.27,0.284,0,0,1,1
0.158,0.27,0.287,0,0,1,1
0.158,0.27,0.29,0,0,1,1
0.158,0.27,0.293,0,0,1,1
0.158,0.27,0.296,0,0,1,1
0.158,0.27,0.299,0,0,1,1
0.158,0.27,0.302,0,0,1,1
0.158,0.27,0.305,0,0,1,1
0.158,0.27,0.308,0,0,1,1
0.158,0.27,0.311,0,0,1,1
0.158,0.27,0.314,0,0,1,1
0.158,0.27,0.317,0,0,1,1
0.158,0.27,0.32,0,0,1,1
0.158,0.27,0.323,0,0,1,1
0.158,0.27,0.326,0,0,1,1
0.158,0.27,0.329,0,0,1,1
0.158,0.27,0.332,0,0,1,1
0.158,0.27,0.335,0,0,1,1
0.158,0.27,0.338,0,0,1,1
0.158,0.27,0.341,0,0,1,1
0.158,0.27,0.344,0,0,1,1
0.158,0.27,0.347,0,0,1,1
0.158,0.27,0.35,0,0,1,1
0.158,0.27,0.353,0,0,1,1
0.158,0.27,0.356,0,0,1,1
0.158,0.27,0.359,0,0,1,1
0.158,0.27,0.362,0,0,1,1
0.158,0.27,0.365,0,0,1,1
0.158,0.27,0.368,0,0,1,1
0.158,0.27,0.371,0,0,1,1
0.158,0.27,0.374,0,0,1,1
0.158,0.27,0.377,0,0,1,1
0.158,0.27,0.38,0,0,1,1
0.158,0.27,0.383,0,0,1,1
0.158,0.27,0.386,0,0,1,1
0.158,0.27,0.389,0,0,1,1
0.158,0.27,0.392,0,0,1,1
0.158,0.27,0.395,0,0,1,1
0.158,0.27,0.398,0,0,1,1
0.158,0.27,0.401,0,0,1,1
0.158,0.27,0.404,0,0,1,1
0.158,0.27,0.407,0,0,1,1
0.158,0.27,0.41,0,0,1,1
0.158,0.27,0.413,0,0,1,1
0.158,0.27,0.416,0,0,1,1
0.158,0.27,0.419,0,0,1,1
0.158,0.27,0.422,0,0,1,1
0.158,0.27,0.425,0,0,1,1
0.158,0.27,0.427999,0,0,1,1
0.158,0.27,0.430999,0,0,1,1
0.158,0.27,0.433999,0,0,1,1
0.158,0.27,0.436999,0,0,1,1
0.158,0.27,0.439999,0,0,1,1
0.161,0.27,0.26,0,0,1,1
0.161,0.27,0.263,0,0,1,1
0.161,0.27,0.266,0,0,1,1
0.161,0.27,0.269,0,0,1,1
0.161,0.27,0.272,0,0,1,1
0.161,0.27,0.275,0,0,1,1
0.161,0.27,0.278,0,0,1,1
0.161,0.27,0.281,0,0,1,1
0.161,0.27,0.284,0,0,1,1
0.161,0.27,0.287,0,0,1,1
0.161,0.27,0.29,0,0,1,1
0.161,0.27,0.293,0,0,1,1
0.161,0.27,0.296,0,0,1,1
0.161,0.27,0.299,0,0,1,1
0.161,0.27,0.302,0,0,1,1
0.161,0.27,0.305,0,0,1,1
0.161,0.27,0.308,0,0,1,1
0.161,0.27,0.311,0,0,1,1
0.161,0.27,0.314,0,0,1,1
0.161,0.27,0.317,0,0,1,1
0.161,0.27,0.32,0,0,1,1
0.161,0.27,0.323,0,0,1,1
0.161,0.27,0.326,0,0,1,1
0.161,0.27,0.329,0,0,1,1
0.161,0.27,0.332,0,0,1,1
0.161,0.27,0.335,0,0,1,1
0.161,0.27,0.338,0,0,1,1
0.161,0.27,0.341,0,0,1,1
0.161,0.27,0.344,0,0,1,1
0.161,0.27,0.347,0,0,1,1
0.161,0.27,0.35,0,0,1,1
0.161,0.27,0.353,0,0,1,1
0.161,0.27,0.356,0,0,1,1
0.161,0.27,0.359,0,0,1,1
0.161,0.27,0.362,0,0,1,1
0.161,0.27,0.365,0,0,1,1
0.161,0.27,0.368,0,0,1,1
0.161,0.27,0.371,0,0,1,1
0.161,0.27,0.374,0,0,1,1
0.161,0.27,0.377,0,0,1,1
0.161,0.27,0.38,0,0,1,1
0.161,0.27,0.383,0,0,1,1
0.161,0.27,0.386,0,0,1,1
0.161,0.27,0.389,0,0,1,1
0.161,0.27,0.392,0,0,1,1
0.161,0.27,0.395,0,0,1,1
0.161,0.27,0.398,0,0,1,1
0.161,0.27,0.401,0,0,1,1
0.161,0.27,0.404,0,0,1,1
0.161,0.27,0.407,0,0,1,1
0.161,0.27,0.41,0,0,1,1
0.161,0.27,0.413,0,0,1,1
0.161,0.27,0.416,0,0,1,1
0.161,0.27,0.419,0,0,1,1
0.161,0.27,0.422,0,0,1,1
0.161,0.27,0.425,0,0,1,1
0.161,0.27,0.427999,0,0,1,1
0.161,0.27,0.430999,0,0,1,1
0.161,0.27,0.433999,0,0,1,1
0.161,0.27,0.436999,0,0,1,1
0.161,0.27,0.439999,0,0,1,1
0.164,0.27,0.26,0,0,1,1
0.164,0.27,0.263,0,0,1,1
0.164,0.27,0.266,0,0,1,1
0.164,0.27,0.269,0,0,1,1
0.164,0.27,0.272,0,0,1,1
0.164,0.27,0.275,0,0,1,1
0.164,0.27,0.278,0,0,1,1
0.164,0.27,0.281,0,0,1,1
0.164,0.27,0.284,0,0,1,1
0.164,0.27,0.287,0,0,1,1
0.164,0.27,0.29,0,0,1,1
0.164,0.27,0.293,0,0,1,1
0.164,0.27,0.296,0,0,1,1
0.164,0.27,0.299,0,0,1,1
0.164,0.27,0.302,0,0,1,1
0.164,0.27,0.305,0,0,1,1
0.164,0.27,0.308,0,0,1,1
0.164,0.27,0.311,0,0,1,1
0.164,0.27,0.314,0,0,1,1
0.164,0.27,0.317,0,0,1,1
0.164,0.27,0.32,0,0,1,1
0.164,0.27,0.323,0,0,1,1
0.164,0.27,0.326,0,0,1,1
0.164,0.27,0.329,0,0,1,1
0.164,0.27,0.332,0,0,1,1
0.164,0.27,0.335,0,0,1,1
0.164,0.27,0.338,0,0,1,1
0.164,0.27,0.341,0,0,1,1
0.164,0.27,0.344,0,0,1,1
0.164,0.27,0.347,0,0,1,1
0.164,0.27,0.35,0,0,1,1
0.164,0.27,0.353,0,0,1,1
0.164,0.27,0.356,0,0,1,1
0.164,0.27,0.359,0,0,1,1
0.164,0.27,0.362,0,0,1,1
0.164,0.27,0.365,0,0,1,1
0.164,0.27,0.368,0,0,1,1
0.164,0.27,0.371,0,0,1,1
0.164,0.27,0.374,0,0,1,1
0.164,0.27,0.377,0,0,1,1
0.164,0.27,0.38,0,0,1,1
0.164,0.27,0.383,0,0,1,1
0.164,0.27,0.386,0,0,1,1
0.164,0.27,0.389,0,0,1,1
0.164,0.27,0.392,0,0,1,1
0.164,0.27,0.395,0,0,1,1
0.164,0.27,0.398,0,0,1,1
0.164,0.27,0.401,0,0,1,1
0.164,0.27,0.404,0,0,1,1
0.164,0.27,0.407,0,0,1,1
0.164,0.27,0.41,0,0,1,1
0.164,0.27,0.413,0,0,1,1
0.164,0.27,0.416,0,0,1,1
0.164,0.27,0.419,0,0,1,1
0.164,0.27,0.422,0,0,1,1
0.164,0.27,0.425,0,0,1,1
0.164,0.27,0.427999,0,0,1,1
0.164,0.27,0.430999,0,0,1,1
0.164,0.27,0.433999,0,0,1,1
0.164,0.27,0.436999,0,0,1,1
0.164,0.27,0.439999,0,0,1,1
0.167,0.27,0.26,0,0,1,1
0.167,0.27,0.263,0,0,1,1
0.167,0.27,0.266,0,0,1,1
0.167,0.27,0.269,0,0,1,1
0.167,0.27,0.272,0,0,1,1
0.167,0.27,0.275,0,0,1,1
0.167,0.27,0.278,0,0,1,1
0.167,0.27,0.281,0,0,1,1
0.167,0.27,0.284,0,0,1,1
0.167,0.27,0.287,0,0,1,1
0.167,0.27,0.29,0,0,1,1
0.167,0.27,0.293,0,0,1,1
0.167,0.27,0.296,0,0,1,1
0.167,0.27,0.299,0,0,1,1
0.167,0.27,0.302,0,0,1,1
0.167,0.27,0.305,0,0,1,1
0.167,0.27,0.308,0,0,1,1
0.167,0.27,0.311,0,0,1,1
0.167,0.27,0.314,0,0,1,1
0.167,0.27,0.317,0,0,1,1
0.167,0.27,0.32,0,0,1,1
0.167,0.27,0.323,0,0,1,1
0.167,0.27,0.326,0,0,1,1
0.167,0.27,0.329,0,0,1,1
0.167,0.27,0.332,0,0,1,1
0.167,0.27,0.335,0,0,1,1
0.167,0.27,0.338,0,0,1,1
0.167,0.27,0.341,0,0,1,1
0.167,0.27,0.344,0,0,1,1
0.167,0.27,0.347,0,0,1,1
0.167,0.27,0.35,0,0,1,1
0.167,0.27,0.353,0,0,1,1
0.167,0.27,0.356,0,0,1,1
0.167,0.27,0.359,0,0,1,1
0.167,0.27,0.362,0,0,1,1
0.167,0.27,0.365,0,0,1,1
0.167,0.27,0.368,0,0,1,1
0.167,0.27,0.371,0,0,1,1
0.167,0.27,0.374,0,0,1,1
0.167,0.27,0.377,0,0,1,1
0.167,0.27,0.38,0,0,1,1
0.167,0.27,0.383,0,0,1,1
0.167,0.27,0.386,0,0,1,1
0.167,0.27,0.389,0,0,1,1
0.167,0.27,0.392,0,0,1,1
0.167,0.27,0.395,0,0,1,1
0.167,0.27,0.398,0,0,1,1
0.167,0.27,0.401,0,0,1,1
0.167,0.27,0.404,0,0,1,1
0.167,0.27,0.407,0,0,1,1
0.167,0.27,0.41,0,0,1,1
0.167,0.27,0.413,0,0,1,1
0.167,0.27,0.416,0,0,1,1
0.167,0.27,0.419,0,0,1,1
0.167,0.27,0.422,0,0,1,1
0.167,0.27,0.425,0,0,1,1
0.167,0.27,0.427999,0,0,1,1
0.167,0.27,0.430999,0,0,1,1
0.167,0.27,0.433999,0,0,1,1
0.167,0.27,0.436999,0,0,1,1
0.167,0.27,0.439999,0,0,1,1
0.17,0.27,0.26,0,0,1,1
0.17,0.27,0.263,0,0,1,1
0.17,0.27,0.266,0,0,1,1
0.17,0.27,0.269,0,0,1,1
0.17,0.27,0.272,0,0,1,1
0.17,0.27,0.275,0,0,1,1
0.17,0.27,0.278,0,0,1,1
0.17,0.27,0.281,0,0,1,1
0.17,0.27,0.284,0,0,1,1
0.17,0.27,0.287,0,0,1,1
0.17,0.27,0.29,0,0,1,1
0.17,0.27,0.293,0,0,1,1
0.17,0.27,0.296,0,0,1,1
0.17,0.27,0.299,0,0,1,1
0.17,0.27,0.302,0,0,1,1
0.17,0.27,0.305,0,0,1,1
0.17,0.27,0.308,0,0,1,1
0.17,0.27,0.311,0,0,1,1
0.17,0.27,0.314,0,0,1,1
0.17,0.27,0.317,0,0,1,1
0.17,0.27,0.32,0,0,1,1
0.17,0.27,0.323,0,0,1,1
0.17,0.27,0.326,0,0,1,1
0.17,0.27,0.329,0,0,1,1
0.17,0.27,0.332,0,0,1,1
0.17,0.27,0.335,0,0,1,1
0.17,0.27,0.338,0,0,1,1
0.17,0.27,0.341,0,0,1,1
0.17,0.27,0.344,0,0,1,1
0.17,0.27,0.347,0,0,1,1
0.17,0.27,0.35,0,0,1,1
0.17,0.27,0.353,0,0,1,1
0.17,0.27,0.356,0,0,1,1
0.17,0.27,0.359,0,0,1,1
0.17,0.27,0.362,0,0,1,1
0.17,0.27,0.365,0,0,1,1
0.17,0.27,0.368,0,0,1,1
0.17,0.27,0.371,0,0,1,1
0.17,0.27,0.374,0,0,1,1
0.17,0.27,0.377,0,0,1,1
0.17,0.27,0.38,0,0,1,1
0.17,0.27,0.383,0,0,1,1
0.17,0.27,0.386,0,0,1,1
0.17,0.27,0.389,0,0,1,1
0.17,0.27,0.392,0,0,1,1
0.17,0.27,0.395,0,0,1,1
0.17,0.27,0.398,0,0,1,1
0.17,0.27,0.401,0,0,1,1
0.17,0.27,0.404,0,0,1,1
0.17,0.27,0.407,0,0,1,1
0.17,0.27,0.41,0,0,1,1
0.17,0.27,0.413,0,0,1,1
0.17,0.27,0.416,0,0,1,1
0.17,0.27,0.419,0,0,1,1
0.17,0.27,0.422,0,0,1,1
0.17,0.27,0.425,0,0,1,1
0.17,0.27,0.427999,0,0,1,1
0.17,0.27,0.430999,0,0,1,1
0.17,0.27,0.433999,0,0,1,1
0.17,0.27,0.436999,0,0,1,1
0.17,0.27,0.439999,0,0,1,1
0.173,0.27,0.26,0,0,1,1
0.173,0.27,0.263,0,0,1,1
0.173,0.27,0.266,0,0,1,1
0.173,0.27,0.269,0,0,1,1
0.173,0.27,0.272,0,0,1,1
0.173,0.27,0.275,0,0,1,1
0.173,0.27,0.278,0,0,1,1
0.173,0.27,0.281,0,0,1,1
0.173,0.27,0.284,0,0,1,1
0.173,0.27,0.287,0,0,1,1
0.173,0.27,0.29,0,0,1,1
0.173,0.27,0.293,0,0,1,1
0.173,0.27,0.296,0,0,1,1
0.173,0.27,0.299,0,0,1,1
0.173,0.27,0.302,0,0,1,1
0.173,0.27,0.305,0,0,1,1
0.173,0.27,0.308,0,0,1,1
0.173,0.27,0.311,0,0,1,1
0.173,0.27,0.314,0,0,1,1
0.173,0.27,0.317,0,0,1,1
0.173,0.27,0.32,0,0,1,1
0.173,0.27,0.323,0,0,1,1
0.173,0.27,0.326,0,0,1,1
0.173,0.27,0.329,0,0,1,1
0.173,0.27,0.332,0,0,1,1
0.173,0.27,0.335,0,0,1,1
0.173,0.27,0.338,0,0,1,1
0.173,0.27,0.341,0,0,1,1
0.173,0.27,0.344,0,0,1,1
0.173,0.27,0.347,0,0,1,1
0.173,0.27,0.35,0,0,1,1
0.173,0.27,0.353,0,0,1,1
0.173,0.27,0.356,0,0,1,1
0.173,0.27,0.359,0,0,1,1
0.173,0.27,0.362,0,0,1,1
0.173,0.27,0.365,0,0,1,1
0.173,0.27,0.368,0,0,1,1
0.173,0.27,0.371,0,0,1,1
0.173,0.27,0.374,0,0,1,1
0.173,0.27,0.377,0,0,1,1
0.173,0.27,0.38,0,0,1,1
0.173,0.27,0.383,0,0,1,1
0.173,0.27,0.386,0,0,1,1
0.173,0.27,0.389,0,0,1,1
0.173,0.27,0.392,0,0,1,1
0.173,0.27,0.395,0,0,1,1
0.173,0.27,0.398,0,0,1,1
0.173,0.27,0.401,0,0,1,1
0.173,0.27,0.404,0,0,1,1
0.173,0.27,0.407,0,0,1,1
0.173,0.27,0.41,0,0,1,1
0.173,0.27,0.413,0,0,1,1
0.173,0.27,0.416,0,0,1,1
0.173,0.27,0.419,0,0,1,1
0.173,0.27,0.422,0,0,1,1
0.173,0.27,0.425,0,0,1,1
0.173,0.27,0.427999,0,0,1,1
0.173,0.27,0.430999,0,0,1,1
0.173,0.27,0.433999,0,0,1,1
0.173,0.27,0.436999,0,0,1,1
0.173,0.27,0.439999,0,0,1,1
0.176,0.27,0.26,0,0,1,1
0.176,0.27,0.263,0,0,1,1
0.176,0.27,0.266,0,0,1,1
0.176,0.27,0.269,0,0,1,1
0.176,0.27,0.272,0,0,1,1
0.176,0.27,0.275,0,0,1,1
0.176,0.27,0.278,0,0,1,1
0.176,0.27,0.281,0,0,1,1
0.176,0.27,0.284,0,0,1,1
0.176,0.27,0.287,0,0,1,1
0.176,0.27,0.29,0,0,1,1
0.176,0.27,0.293,0,0,1,1
0.176,0.27,0.296,0,0,1,1
0.176,0.27,0.299,0,0,1,1
0.176,0.27,0.302,0,0,1,1
0.176,0.27,0.305,0,0,1,1
0.176,0.27,0.308,0,0,1,1
0.176,0.27,0.311,0,0,1,1
0.176,0.27,0.314,0,0,1,1
0.176,0.27,0.317,0,0,1,1
0.176,0.27,0.32,0,0,1,1
0.176,0.27,0.323,0,0,1,1
0.176,0.27,0.326,0,0,1,1
0.176,0.27,0.329,0,0,1,1
0.176,0.27,0.332,0,0,1,1
0.176,0.27,0.335,0,0,1,1
0.176,0.27,0.338,0,0,1,1
0.176,0.27,0.341,0,0,1,1
0.176,0.27,0.344,0,0,1,1
0.176,0.27,0.347,0,0,1,1
0.176,0.27,0.35,0,0,1,1
0.176,0.27,0.353,0,0,1,1
0.176,0.27,0.356,0,0,1,1
0.176,0.27,0.359,0,0,1,1
0.176,0.27,0.362,0,0,1,1
0.176,0.27,0.365,0,0,1,1
0.176,0.27,0.368,0,0,1,1
0.176,0.27,0.371,0,0,1,1
0.176,0.27,0.374,0,0,1,1
0.176,0.27,0.377,0,0,1,1
0.176,0.27,0.38,0,0,1,1
0.176,0.27,0.383,0,0,1,1
0.176,0.27,0.386,0,0,1,1
0.176,0.27,0.389,0,0,1,1
0.176,0.27,0.392,0,0,1,1
0.176,0.27,0.395,0,0,1,1
0.176,0.27,0.398,0,0,1,1
0.176,0.27,0.401,0,0,1,1
0.176,0.27,0.404,0,0,1,1
0.176,0.27,0.407,0,0,1,1
0.176,0.27,0.41,0,0,1,1
0.176,0.27,0.413,0,0,1,1
0.176,0.27,0.416,0,0,1,1
0.176,0.27,0.419,0,0,1,1
0.176,0.27,0.422,0,0,1,1
0.176,0.27,0.425,0,0,1,1
0.176,0.27,0.427999,0,0,1,1
0.176,0.27,0.430999,0,0,1,1
0.176,0.27,0.433999,0,0,1,1
0.176,0.27,0.436999,0,0,1,1
0.176,0.27,0.439999,0,0,1,1
0.179,0.27,0.26,0,0,1,1
0.179,0.27,0.263,0,0,1,1
0.179,0.27,0.266,0,0,1,1
0.179,0.27,0.269,0,0,1,1
0.179,0.27,0.272,0,0,1,1
0.179,0.27,0.275,0,0,1,1
0.179,0.27,0.278,0,0,1,1
0.179,0.27,0.281,0,0,1,1
0.179,0.27,0.284,0,0,1,1
0.179,0.27,0.287,0,0,1,1
0.179,0.27,0.29,0,0,1,1
0.179,0.27,0.293,0,0,1,1
0.179,0.27,0.296,0,0,1,1
0.179,0.27,0.299,0,0,1,1
0.179,0.27,0.302,0,0,1,1
0.179,0.27,0.305,0,0,1,1
0.179,0.27,0.308,0,0,1,1
0.179,0.27,0.311,0,0,1,1
0.179,0.27,0.314,0,0,1,1
0.179,0.27,0.317,0,0,1,1
0.179,0.27,0.32,0,0,1,1
0.179,0.27,0.323,0,0,1,1
0.179,0.27,0.326,0,0,1,1
0.179,0.27,0.329,0,0,1,1
0.179,0.27,0.332,0,0,1,1
0.179,0.27,0.335,0,0,1,1
0.179,0.27,0.338,0,0,1,1
0.179,0.27,0.341,0,0,1,1
0.179,0.27,0.344,0,0,1,1
0.179,0.27,0.347,0,0,1,1
0.179,0.27,0.35,0,0,1,1
0.179,0.27,0.353,0,0,1,1
0.179,0.27,0.356,0,0,1,1
0.179,0.27,0.359,0,0,1,1
0.179,0.27,0.362,0,0,1,1
0.179,0.27,0.365,0,0,1,1
0.179,0.27,0.368,0,0,1,1
0.179,0.27,0.371,0,0,1,1
0.179,0.27,0.374,0,0,1,1
0.179,0.27,0.377,0,0,1,1
0.179,0.27,0.38,0,0,1,1
0.179,0.27,0.383,0,0,1,1
0.179,0.27,0.386,0,0,1,1
0.179,0.27,0.389,0,0,1,1
0.179,0.27,0.392,0,0,1,1
0.179,0.27,0.395,0,0,1,1
0.179,0.27,0.398,0,0,1,1
0.179,0.27,0.401,0,0,1,1
0.179,0.27,0.404,0,0,1,1
0.179,0.27,0.407,0,0,1,1
0.179,0.27,0.41,0,0,1,1
0.179,0.27,0.413,0,0,1,1
0.179,0.27,0.416,0,0,1,1
0.179,0.27,0.419,0,0,1,1
0.179,0.27,0.422,0,0,1,1
0.179,0.27,0.425,0,0,1,1
0.179,0.27,0.427999,0,0,1,1
0.179,0.27,0.430999,0,0,1,1
0.179,0.27,0.433999,0,0,1,1
0.179,0.27,0.436999,0,0,1,1
0.179,0.27,0.439999,0,0,1,1
0.182,0.27,0.26,0,0,1,1
0.182,0.27,0.263,0,0,1,1
0.182,0.27,0.266,0,0,1,1
0.182,0.27,0.269,0,0,1,1
0.182,0.27,0.272,0,0,1,1
0.182,0.27,0.275,0,0,1,1
0.182,0.27,0.278,0,0,1,1
0.182,0.27,0.281,0,0,1,1
0.182,0.27,0.284,0,0,1,1
0.182,0.27,0.287,0,0,1,1
0.182,0.27,0.29,0,0,1,1
0.182,0.27,0.293,0,0,1,1
0.182,0.27,0.296,0,0,1,1
0.182,0.27,0.299,0,0,1,1
0.182,0.27,0.302,0,0,1,1
0.182,0.27,0.305,0,0,1,1
0.182,0.27,0.308,0,0,1,1
0.182,0.27,0.311,0,0,1,1
0.182,0.27,0.314,0,0,1,1
0.182,0.27,0.317,0,0,1,1
0.182,0.27,0.32,0,0,1,1
0.182,0.27,0.323,0,0,1,1
0.182,0.27,0.326,0,0,1,1
0.182,0.27,0.329,0,0,1,1
0.182,0.27,0.332,0,0,1,1
0.182,0.27,0.335,0,0,1,1
0.182,0.27,0.338,0,0,1,1
0.182,0.27,0.341,0,0,1,1
0.182,0.27,0.344,0,0,1,1
0.182,0.27,0.347,0,0,1,1
0.182,0.27,0.35,0,0,1,1
0.182,0.27,0.353,0,0,1,1
0.182,0.27,0.356,0,0,1,1
0.182,0.27,0.359,0,0,1,1
0.182,0.27,0.362,0,0,1,1
0.182,0.27,0.365,0,0,1,1
0.182,0.27,0.368,0,0,1,1
0.182,0.27,0.371,0,0,1,1
0.182,0.27,0.374,0,0,1,1
0.182,0.27,0.377,0,0,1,1
0.182,0.27,0.38,0,0,1,1
0.182,0.27,0.383,0,0,1,1
0.182,0.27,0.386,0,0,1,1
0.182,0.27,0.389,0,0,1,1
0.182,0.27,0.392,0,0,1,1
0.182,0.27,0.395,0,0,1,1
0.182,0.27,0.398,0,0,1,1
0.182,0.27,0.401,0,0,1,1
0.182,0.27,0.404,0,0,1,1
0.182,0.27,0.407,0,0,1,1
0.182,0.27,0.41,0,0,1,1
0.182,0.27,0.413,0,0,1,1
0.182,0.27,0.416,0,0,1,1
0.182,0.27,0.419,0,0,1,1
0.182,0.27,0.422,0,0,1,1
0.182,0.27,0.425,0,0,1,1
0.182,0.27,0.427999,0,0,1,1
0.182,0.27,0.430999,0,0,1,1
0.182,0.27,0.433999,0,0,1,1
0.182,0.27,0.436999,0,0,1,1
0.182,0.27,0.439999,0,0,1,1
0.185,0.27,0.26,0,0,1,1
0.185,0.27,0.263,0,0,1,1
0.185,0.27,0.266,0,0,1,1
0.185,0.27,0.269,0,0,1,1
0.185,0.27,0.272,0,0,1,1
0.185,0.27,0.275,0,0,1,1
0.185,0.27,0.278,0,0,1,1
0.185,0.27,0.281,0,0,1,1
0.185,0.27,0.284,0,0,1,1
0.185,0.27,0.287,0,0,1,1
0.185,0.27,0.29,0,0,1,1
0.185,0.27,0.293,0,0,1,1
0.185,0.27,0.296,0,0,1,1
0.185,0.27,0.299,0,0,1,1
0.185,0.27,0.302,0,0,1,1
0.185,0.27,0.305,0,0,1,1
0.185,0.27,0.308,0,0,1,1
0.185,0.27,0.311,0,0,1,1
0.185,0.27,0.314,0,0,1,1
0.185,0.27,0.317,0,0,1,1
0.185,0.27,0.32,0,0,1,1
0.185,0.27,0.323,0,0,1,1
0.185,0.27,0.326,0,0,1,1
0.185,0.27,0.329,0,0,1,1
0.185,0.27,0.332,0,0,1,1
0.185,0.27,0.335,0,0,1,1
0.185,0.27,0.338,0,0,1,1
0.185,0.27,0.341,0,0,1,1
0.185,0.27,0.344,0,0,1,1
0.185,0.27,0.347,0,0,1,1
0.185,0.27,0.35,0,0,1,1
0.185,0.27,0.353,0,0,1,1
0.185,0.27,0.356,0,0,1,1
0.185,0.27,0.359,0,0,1,1
0.185,0.27,0.362,0,0,1,1
0.185,0.27,0.365,0,0,1,1
0.185,0.27,0.368,0,0,1,1
0.185,0.27,0.371,0,0,1,1
0.185,0.27,0.374,0,0,1,1
0.185,0.27,0.377,0,0,1,1
0.185,0.27,0.38,0,0,1,1
0.185,0.27,0.383,0,0,1,1
0.185,0.27,0.386,0,0,1,1
0.185,0.27,0.389,0,0,1,1
0.185,0.27,0.392,0,0,1,1
0.185,0.27,0.395,0,0,1,1
0.185,0.27,0.398,0,0,1,1
0.185,0.27,0.401,0,0,1,1
0.185,0.27,0.404,0,0,1,1
0.185,0.27,0.407,0,0,1,1
0.185,0.27,0.41,0,0,1,1
0.185,0.27,0.413,0,0,1,1
0.185,0.27,0.416,0,0,1,1
0.185,0.27,0.419,0,0,1,1
0.185,0.27,0.422,0,0,1,1
0.185,0.27,0.425,0,0,1,1
0.185,0.27,0.427999,0,0,1,1
0.185,0.27,0.430999,0,0,1,1
0.185,0.27,0.433999,0,0,1,1
0.185,0.27,0.436999,0,0,1,1
0.185,0.27,0.439999,0,0,1,1
0.188,0.27,0.26,0,0,1,1
0.188,0.27,0.263,0,0,1,1
0.188,0.27,0.266,0,0,1,1
0.188,0.27,0.269,0,0,1,1
0.188,0.27,0.272,0,0,1,1
0.188,0.27,0.275,0,0,1,1
0.188,0.27,0.278,0,0,1,1
0.188,0.27,0.281,0,0,1,1
0.188,0.27,0.284,0,0,1,1
0.188,0.27,0.287,0,0,1,1
0.188,0.27,0.29,0,0,1,1
0.188,0.27,0.293,0,0,1,1
0.188,0.27,0.296,0,0,1,1
0.188,0.27,0.299,0,0,1,1
0.188,0.27,0.302,0,0,1,1
0.188,0.27,0.305,0,0,1,1
0.188,0.27,0.308,0,0,1,1
0.188,0.27,0.311,0,0,1,1
0.188,0.27,0.314,0,0,1,1
0.188,0.27,0.317,0,0,1,1
0.188,0.27,0.32,0,0,1,1
0.188,0.27,0.323,0,0,1,1
0.188,0.27,0.326,0,0,1,1
0.188,0.27,0.329,0,0,1,1
0.188,0.27,0.332,0,0,1,1
0.188,0.27,0.335,0,0,1,1
0.188,0.27,0.338,0,0,1,1
0.188,0.27,0.341,0,0,1,1
0.188,0.27,0.344,0,0,1,1
0.188,0.27,0.347,0,0,1,1
0.188,0.27,0.35,0,0,1,1
0.188,0.27,0.353,0,0,1,1
0.188,0.27,0.356,0,0,1,1
0.188,0.27,0.359,0,0,1,1
0.188,0.27,0.362,0,0,1,1
0.188,0.27,0.365,0,0,1,1
0.188,0.27,0.368,0,0,1,1
0.188,0.27,0.371,0,0,1,1
0.188,0.27,0.374,0,0,1,1
0.188,0.27,0.377,0,0,1,1
0.188,0.27,0.38,0,0,1,1
0.188,0.27,0.383,0,0,1,1
0.188,0.27,0.386,0,0,1,1
0.188,0.27,0.389,0,0,1,1
0.188,0.27,0.392,0,0,1,1
0.188,0.27,0.395,0,0,1,1
0.188,0.27,0.398,0,0,1,1
0.188,0.27,0.401,0,0,1,1
0.188,0.27,0.404,0,0,1,1
0.188,0.27,0.407,0,0,1,1
0.188,0.27,0.41,0,0,1,1
0.188,0.27,0.413,0,0,1,1
0.188,0.27,0.416,0,0,1,1
0.188,0.27,0.419,0,0,1,1
0.188,0.27,0.422,0,0,1,1
0.188,0.27,0.425,0,0,1,1
0.188,0.27,0.427999,0,0,1,1
0.188,0.27,0.430999,0,0,1,1
0.188,0.27,0.433999,0,0,1,1
0.188,0.27,0.436999,0,0,1,1
0.188,0.27,0.439999,0,0,1,1
0.191,0.27,0.26,0,0,1,1
0.191,0.27,0.263,0,0,1,1
0.191,0.27,0.266,0,0,1,1
0.191,0.27,0.269,0,0,1,1
0.191,0.27,0.272,0,0,1,1
0.191,0.27,0.275,0,0,1,1
0.191,0.27,0.278,0,0,1,1
0.191,0.27,0.281,0,0,1,1
0.191,0.27,0.284,0,0,1,1
0.191,0.27,0.287,0,0,1,1
0.191,0.27,0.29,0,0,1,1
0.191,0.27,0.293,0,0,1,1
0.191,0.27,0.296,0,0,1,1
0.191,0.27,0.299,0,0,1,1
0.191,0.27,0.302,0,0,1,1
0.191,0.27,0.305,0,0,1,1
0.191,0.27,0.308,0,0,1,1
0.191,0.27,0.311,0,0,1,1
0.191,0.27,0.314,0,0,1,1
0.191,0.27,0.317,0,0,1,1
0.191,0.27,0.32,0,0,1,1
0.191,0.27,0.323,0,0,1,1
0.191,0.27,0.326,0,0,1,1
0.191,0.27,0.329,0,0,1,1
0.191,0.27,0.332,0,0,1,1
0.191,0.27,0.335,0,0,1,1
0.191,0.27,0.338,0,0,1,1
0.191,0.27,0.341,0,0,1,1
0.191,0.27,0.344,0,0,1,1
0.191,0.27,0.347,0,0,1,1
0.191,0.27,0.35,0,0,1,1
0.191,0.27,0.353,0,0,1,1
0.191,0.27,0.356,0,0,1,1
0.191,0.27,0.359,0,0,1,1
0.191,0.27,0.362,0,0,1,1
0.191,0.27,0.365,0,0,1,1
0.191,0.27,0.368,0,0,1,1
0.191,0.27,0.371,0,0,1,1
0.191,0.27,0.374,0,0,1,1
0.191,0.27,0.377,0,0,1,1
0.191,0.27,0.38,0,0,1,1
0.191,0.27,0.383,0,0,1,1
0.191,0.27,0.386,0,0,1,1
0.191,0.27,0.389,0,0,1,1
0.191,0.27,0.392,0,0,1,1
0.191,0.27,0.395,0,0,1,1
0.191,0.27,0.398,0,0,1,1
0.191,0.27,0.401,0,0,1,1
0.191,0.27,0.404,0,0,1,1
0.191,0.27,0.407,0,0,1,1
0.191,0.27,0.41,0,0,1,1
0.191,0.27,0.413,0,0,1,1
0.191,0.27,0.416,0,0,1,1
0.191,0.27,0.419,0,0,1,1
0.191,0.27,0.422,0,0,1,1
0.191,0.27,0.425,0,0,1,1
0.191,0.27,0.427999,0,0,1,1
0.191,0.27,0.430999,0,0,1,1
0.191,0.27,0.433999,0,0,1,1
0.191,0.27,0.436999,0,0,1,1
0.191,0.27,0.439999,0,0,1,1
0.194,0.27,0.26,0,0,1,1
0.194,0.27,0.263,0,0,1,1
0.194,0.27,0.266,0,0,1,1
0.194,0.27,0.269,0,0,1,1
0.194,0.27,0.272,0,0,1,1
0.194,0.27,0.275,0,0,1,1
0.194,0.27,0.278,0,0,1,1
0.194,0.27,0.281,0,0,1,1
0.194,0.27,0.284,0,0,1,1
0.194,0.27,0.287,0,0,1,1
0.194,0.27,0.29,0,0,1,1
0.194,0.27,0.293,0,0,1,1
0.194,0.27,0.296,0,0,1,1
0.194,0.27,0.299,0,0,1,1
0.194,0.27,0.302,0,0,1,1
0.194,0.27,0.305,0,0,1,1
0.194,0.27,0.308,0,0,1,1
0.194,0.27,0.311,0,0,1,1
0.194,0.27,0.314,0,0,1,1
0.194,0.27,0.317,0,0,1,1
0.194,0.27,0.32,0,0,1,1
0.194,0.27,0.323,0,0,1,1
0.194,0.27,0.326,0,0,1,1
0.194,0.27,0.329,0,0,1,1
0.194,0.27,0.332,0,0,1,1
0.194,0.27,0.335,0,0,1,1
0.194,0.27,0.338,0,0,1,1
0.194,0.27,0.341,0,0,1,1
0.194,0.27,0.344,0,0,1,1
0.194,0.27,0.347,0,0,1,1
0.194,0.27,0.35,0,0,1,1
0.194,0.27,0.353,0,0,1,1
0.194,0.27,0.356,0,0,1,1
0.194,0.27,0.359,0,0,1,1
0.194,0.27,0.362,0,0,1,1
0.194,0.27,0.365,0,0,1,1
0.194,0.27,0.368,0,0,1,1
0.194,0.27,0.371,0,0,1,1
0.194,0.27,0.374,0,0,1,1
0.194,0.27,0.377,0,0,1,1
0.194,0.27,0.38,0,0,1,1
0.194,0.27,0.383,0,0,1,1
0.194,0.27,0.386,0,0,1,1
0.194,0.27,0.389,0,0,1,1
0.194,0.27,0.392,0,0,1,1
0.194,0.27,0.395,0,0,1,1
0.194,0.27,0.398,0,0,1,1
0.194,0.27,0.401,0,0,1,1
0.194,0.27,0.404,0,0,1,1
0.194,0.27,0.407,0,0,1,1
0.194,0.27,0.41,0,0,1,1
0.194,0.27,0.413,0,0,1,1
0.194,0.27,0.416,0,0,1,1
0.194,0.27,0.419,0,0,1,1
0.194,0.27,0.422,0,0,1,1
0.194,0.27,0.425,0,0,1,1
0.194,0.27,0.427999,0,0,1,1
0.194,0.27,0.430999,0,0,1,1
0.194,0.27,0.433999,0,0,1,1
0.194,0.27,0.436999,0,0,1,1
0.194,0.27,0.439999,0,0,1,1
0.197,0.27,0.26,0,0,1,1
0.197,0.27,0.263,0,0,1,1
0.197,0.27,0.266,0,0,1,1
0.197,0.27,0.269,0,0,1,1
0.197,0.27,0.272,0,0,1,1
0.197,0.27,0.275,0,0,1,1
0.197,0.27,0.278,0,0,1,1
0.197,0.27,0.281,0,0,1,1
0.197,0.27,0.284,0,0,1,1
0.197,0.27,0.287,0,0,1,1
0.197,0.27,0.29,0,0,1,1
0.197,0.27,0.293,0,0,1,1
0.197,0.27,0.296,0,0,1,1
0.197,0.27,0.299,0,0,1,1
0.197,0.27,0.302,0,0,1,1
0.197,0.27,0.305,0,0,1,1
0.197,0.27,0.308,0,0,1,1
0.197,0.27,0.311,0,0,1,1
0.197,0.27,0.314,0,0,1,1
0.197,0.27,0.317,0,0,1,1
0.197,0.27,0.32,0,0,1,1
0.197,0.27,0.323,0,0,1,1
0.197,0.27,0.326,0,0,1,1
0.197,0.27,0.329,0,0,1,1
0.197,0.27,0.332,0,0,1,1
0.197,0.27,0.335,0,0,1,1
0.197,0.27,0.338,0,0,1,1
0.197,0.27,0.341,0,0,1,1
0.197,0.27,0.344,0,0,1,1
0.197,0.27,0.347,0,0,1,1
0.197,0.27,0.35,0,0,1,1
0.197,0.27,0.353,0,0,1,1
0.197,0.27,0.356,0,0,1,1
0.197,0.27,0.359,0,0,1,1
0.197,0.27,0.362,0,0,1,1
0.197,0.27,0.365,0,0,1,1
0.197,0.27,0.368,0,0,1,1
0.197,0.27,0.371,0,0,1,1
0.197,0.27,0.374,0,0,1,1
0.197,0.27,0.377,0,0,1,1
0.197,0.27,0.38,0,0,1,1
0.197,0.27,0.383,0,0,1,1
0.197,0.27,0.386,0,0,1,1
0.197,0.27,0.389,0,0,1,1
0.197,0.27,0.392,0,0,1,1
0.197,0.27,0.395,0,0,1,1
0.197,0.27,0.398,0,0,1,1
0.197,0.27,0.401,0,0,1,1
0.197,0.27,0.404,0,0,1,1
0.197,0.27,0.407,0,0,1,1
0.197,0.27,0.41,0,0,1,1
0.197,0.27,0.413,0,0,1,1
0.197,0.27,0.416,0,0,1,1
0.197,0.27,0.419,0,0,1,1
0.197,0.27,0.422,0,0,1,1
0.197,0.27,0.425,0,0,1,1
0.197,0.27,0.427999,0,0,1,1
0.197,0.27,0.430999,0,0,1,1
0.197,0.27,0.433999,0,0,1,1
0.197,0.27,0.436999,0,0,1,1
0.197,0.27,0.439999,0,0,1,1
0.2,0.27,0.26,0,0,1,1
0.2,0.27,0.263,0,0,1,1
0.2,0.27,0.266,0,0,1,1
0.2,0.27,0.269,0,0,1,1
0.2,0.27,0.272,0,0,1,1
0.2,0.27,0.275,0,0,1,1
0.2,0.27,0.278,0,0,1,1
0.2,0.27,0.281,0,0,1,1
0.2,0.27,0.284,0,0,1,1
0.2,0.27,0.287,0,0,1,1
0.2,0.27,0.29,0,0,1,1
0.2,0.27,0.293,0,0,1,1
0.2,0.27,0.296,0,0,1,1
0.2,0.27,0.299,0,0,1,1
0.2,0.27,0.302,0,0,1,1
0.2,0.27,0.305,0,0,1,1
0.2,0.27,0.308,0,0,1,1
0.2,0.27,0.311,0,0,1,1
0.2,0.27,0.314,0,0,1,1
0.2,0.27,0.317,0,0,1,1
0.2,0.27,0.32,0,0,1,1
0.2,0.27,0.323,0,0,1,1
0.2,0.27,0.326,0,0,1,1
0.2,0.27,0.329,0,0,1,1
0.2,0.27,0.332,0,0,1,1
0.2,0.27,0.335,0,0,1,1
0.2,0.27,0.338,0,0,1,1
0.2,0.27,0.341,0,0,1,1
0.2,0.27,0.344,0,0,1,1
0.2,0.27,0.347,0,0,1,1
0.2,0.27,0.35,0,0,1,1
0.2,0.27,0.353,0,0,1,1
0.2,0.27,0.356,0,0,1,1
0.2,0.27,0.359,0,0,1,1
0.2,0.27,0.362,0,0,1,1
0.2,0.27,0.365,0,0,1,1
0.2,0.27,0.368,0,0,1,1
0.2,0.27,0.371,0,0,1,1
0.2,0.27,0.374,0,0,1,1
0.2,0.27,0.377,0,0,1,1
0.2,0.27,0.38,0,0,1,1
0.2,0.27,0.383,0,0,1,1
0.2,0.27,0.386,0,0,1,1
0.2,0.27,0.389,0,0,1,1
0.2,0.27,0.392,0,0,1,1
0.2,0.27,0.395,0,0,1,1
0.2,0.27,0.398,0,0,1,1
0.2,0.27,0.401,0,0,1,1
0.2,0.27,0.404,0,0,1,1
0.2,0.27,0.407,0,0,1,1
0.2,0.27,0.41,0,0,1,1
0.2,0.27,0.413,0,0,1,1
0.2,0.27,0.416,0,0,1,1
0.2,0.27,0.419,0,0,1,1
0.2,0.27,0.422,0,0,1,1
0.2,0.27,0.425,0,0,1,1
0.2,0.27,0.427999,0,0,1,1
0.2,0.27,0.430999,0,0,1,1
0.2,0.27,0.433999,0,0,1,1
0.2,0.27,0.436999,0,0,1,1
0.2,0.27,0.439999,0,0,1,1
0.203,0.27,0.26,0,0,1,1
0.203,0.27,0.263,0,0,1,1
0.203,0.27,0.266,0,0,1,1
0.203,0.27,0.269,0,0,1,1
0.203,0.27,0.272,0,0,1,1
0.203,0.27,0.275,0,0,1,1
0.203,0.27,0.278,0,0,1,1
0.203,0.27,0.281,0,0,1,1
0.203,0.27,0.284,0,0,1,1
0.203,0.27,0.287,0,0,1,1
0.203,0.27,0.29,0,0,1,1
0.203,0.27,0.293,0,0,1,1
0.203,0.27,0.296,0,0,1,1
0.203,0.27,0.299,0,0,1,1
0.203,0.27,0.302,0,0,1,1
0.203,0.27,0.305,0,0,1,1
0.203,0.27,0.308,0,0,1,1
0.203,0.27,0.311,0,0,1,1
0.203,0.27,0.314,0,0,1,1
0.203,0.27,0.317,0,0,1,1
0.203,0.27,0.32,0,0,1,1
0.203,0.27,0.323,0,0,1,1
0.203,0.27,0.326,0,0,1,1
0.203,0.27,0.329,0,0,1,1
0.203,0.27,0.332,0,0,1,1
0.203,0.27,0.335,0,0,1,1
0.203,0.27,0.338,0,0,1,1
0.203,0.27,0.341,0,0,1,1
0.203,0.27,0.344,0,0,1,1
0.203,0.27,0.347,0,0,1,1
0.203,0.27,0.35,0,0,1,1
0.203,0.27,0.353,0,0,1,1
0.203,0.27,0.356,0,0,1,1
0.203,0.27,0.359,0,0,1,1
0.203,0.27,0.362,0,0,1,1
0.203,0.27,0.365,0,0,1,1
0.203,0.27,0.368,0,0,1,1
0.203,0.27,0.371,0,0,1,1
0.203,0.27,0.374,0,0,1,1
0.203,0.27,0.377,0,0,1,1
0.203,0.27,0.38,0,0,1,1
0.203,0.27,0.383,0,0,1,1
0.203,0.27,0.386,0,0,1,1
0.203,0.27,0.389,0,0,1,1
0.203,0.27,0.392,0,0,1,1
0.203,0.27,0.395,0,0,1,1
0.203,0.27,0.398,0,0,1,1
0.203,0.27,0.401,0,0,1,1
0.203,0.27,0.404,0,0,1,1
0.203,0.27,0.407,0,0,1,1
0.203,0.27,0.41,0,0,1,1
0.203,0.27,0.413,0,0,1,1
0.203,0.27,0.416,0,0,1,1
0.203,0.27,0.419,0,0,1,1
0.203,0.27,0.422,0,0,1,1
0.203,0.27,0.425,0,0,1,1
0.203,0.27,0.427999,0,0,1,1
0.203,0.27,0.430999,0,0,1,1
0.203,0.27,0.433999,0,0,1,1
0.203,0.27,0.436999,0,0,1,1
0.203,0.27,0.439999,0,0,1,1
0.206,0.27,0.26,0,0,1,1
0.206,0.27,0.263,0,0,1,1
0.206,0.27,0.266,0,0,1,1
0.206,0.27,0.269,0,0,1,1
0.206,0.27,0.272,0,0,1,1
0.206,0.27,0.275,0,0,1,1
0.206,0.27,0.278,0,0,1,1
0.206,0.27,0.281,0,0,1,1
0.206,0.27,0.284,0,0,1,1
0.206,0.27,0.287,0,0,1,1
0.206,0.27,0.29,0,0,1,1
0.206,0.27,0.293,0,0,1,1
0.206,0.27,0.296,0,0,1,1
0.206,0.27,0.299,0,0,1,1
0.206,0.27,0.302,0,0,1,1
0.206,0.27,0.305,0,0,1,1
0.206,0.27,0.308,0,0,1,1
0.206,0.27,0.311,0,0,1,1
0.206,0.27,0.314,0,0,1,1
0.206,0.27,0.317,0,0,1,1
0.206,0.27,0.32,0,0,1,1
0.206,0.27,0.323,0,0,1,1
0.206,0.27,0.326,0,0,1,1
0.206,0.27,0.329,0,0,1,1
0.206,0.27,0.332,0,0,1,1
0.206,0.27,0.335,0,0,1,1
0.206,0.27,0.338,0,0,1,1
0.206,0.27,0.341,0,0,1,1
0.206,0.27,0.344,0,0,1,1
0.206,0.27,0.347,0,0,1,1
0.206,0.27,0.35,0,0,1,1
0.206,0.27,0.353,0,0,1,1
0.206,0.27,0.356,0,0,1,1
0.206,0.27,0.359,0,0,1,1
0.206,0.27,0.362,0,0,1,1
0.206,0.27,0.365,0,0,1,1
0.206,0.27,0.368,0,0,1,1
0.206,0.27,0.371,0,0,1,1
0.206,0.27,0.374,0,0,1,1
0.206,0.27,0.377,0,0,1,1
0.206,0.27,0.38,0,0,1,1
0.206,0.27,0.383,0,0,1,1
0.206,0.27,0.386,0,0,1,1
0.206,0.27,0.389,0,0,1,1
0.206,0.27,0.392,0,0,1,1
0.206,0.27,0.395,0,0,1,1
0.206,0.27,0.398,0,0,1,1
0.206,0.27,0.401,0,0,1,1
0.206,0.27,0.404,0,0,1,1
0.206,0.27,0.407,0,0,1,1
0.206,0.27,0.41,0,0,1,1
0.206,0.27,0.413,0,0,1,1
0.206,0.27,0.416,0,0,1,1
0.206,0.27,0.419,0,0,1,1
0.206,0.27,0.422,0,0,1,1
0.206,0.27,0.425,0,0,1,1
0.206,0.27,0.427999,0,0,1,1
0.206,0.27,0.430999,0,0,1,1
0.206,0.27,0.433999,0,0,1,1
0.206,0.27,0.436999,0,0,1,1
0.206,0.27,0.439999,0,0,1,1
0.209,0.27,0.26,0,0,1,1
0.209,0.27,0.263,0,0,1,1
0.209,0.27,0.266,0,0,1,1
0.209,0.27,0.269,0,0,1,1
0.209,0.27,0.272,0,0,1,1
0.209,0.27,0.275,0,0,1,1
0.209,0.27,0.278,0,0,1,1
0.209,0.27,0.281,0,0,1,1
0.209,0.27,0.284,0,0,1,1
0.209,0.27,0.287,0,0,1,1
0.209,0.27,0.29,0,0,1,1
0.209,0.27,0.293,0,0,1,1
0.209,0.27,0.296,0,0,1,1
0.209,0.27,0.299,0,0,1,1
0.209,0.27,0.302,0,0,1,1
0.209,0.27,0.305,0,0,1,1
0.209,0.27,0.308,0,0,1,1
0.209,0.27,0.311,0,0,1,1
0.209,0.27,0.314,0,0,1,1
0.209,0.27,0.317,0,0,1,1
0.209,0.27,0.32,0,0,1,1
0.209,0.27,0.323,0,0,1,1
0.209,0.27,0.326,0,0,1,1
0.209,0.27,0.329,0,0,1,1
0.209,0.27,0.332,0,0,1,1
0.209,0.27,0.335,0,0,1,1
0.209,0.27,0.338,0,0,1,1
0.209,0.27,0.341,0,0,1,1
0.209,0.27,0.344,0,0,1,1
0.209,0.27,0.347,0,0,1,1
0.209,0.27,0.35,0,0,1,1
0.209,0.27,0.353,0,0,1,1
0.209,0.27,0.356,0,0,1,1
0.209,0.27,0.359,0,0,1,1
0.209,0.27,0.362,0,0,1,1
0.209,0.27,0.365,0,0,1,1
0.209,0.27,0.368,0,0,1,1
0.209,0.27,0.371,0,0,1,1
0.209,0.27,0.374,0,0,1,1
0.209,0.27,0.377,0,0,1,1
0.209,0.27,0.38,0,0,1,1
0.209,0.27,0.383,0,0,1,1
0.209,0.27,0.386,0,0,1,1
0.209,0.27,0.389,0,0,1,1
0.209,0.27,0.392,0,0,1,1
0.209,0.27,0.395,0,0,1,1
0.209,0.27,0.398,0,0,1,1
0.209,0.27,0.401,0,0,1,1
0.209,0.27,0.404,0,0,1,1
0.209,0.27,0.407,0,0,1,1
0.209,0.27,0.41,0,0,1,1
0.209,0.27,0.413,0,0,1,1
0.209,0.27,0.416,0,0,1,1
0.209,0.27,0.419,0,0,1,1
0.209,0.27,0.422,0,0,1,1
0.209,0.27,0.425,0,0,1,1
0.209,0.27,0.427999,0,0,1,1
0.209,0.27,0.430999,0,0,1,1
0.209,0.27,0.433999,0,0,1,1
0.209,0.27,0.436999,0,0,1,1
0.209,0.27,0.439999,0,0,1,1
0.212,0.27,0.26,0,0,1,1
0.212,0.27,0.263,0,0,1,1
0.212,0.27,0.266,0,0,1,1
0.212,0.27,0.269,0,0,1,1
0.212,0.27,0.272,0,0,1,1
0.212,0.27,0.275,0,0,1,1
0.212,0.27,0.278,0,0,1,1
0.212,0.27,0.281,0,0,1,1
0.212,0.27,0.284,0,0,1,1
0.212,0.27,0.287,0,0,1,1
0.212,0.27,0.29,0,0,1,1
0.212,0.27,0.293,0,0,1,1
0.212,0.27,0.296,0,0,1,1
0.212,0.27,0.299,0,0,1,1
0.212,0.27,0.302,0,0,1,1
0.212,0.27,0.305,0,0,1,1
0.212,0.27,0.308,0,0,1,1
0.212,0.27,0.311,0,0,1,1
0.212,0.27,0.314,0,0,1,1
0.212,0.27,0.317,0,0,1,1
0.212,0.27,0.32,0,0,1,1
0.212,0.27,0.323,0,0,1,1
0.212,0.27,0.326,0,0,1,1
0.212,0.27,0.329,0,0,1,1
0.212,0.27,0.332,0,0,1,1
0.212,0.27,0.335,0,0,1,1
0.212,0.27,0.338,0,0,1,1
0.212,0.27,0.341,0,0,1,1
0.212,0.27,0.344,0,0,1,1
0.212,0.27,0.347,0,0,1,1
0.212,0.27,0.35,0,0,1,1
0.212,0.27,0.353,0,0,1,1
0.212,0.27,0.356,0,0,1,1
0.212,0.27,0.359,0,0,1,1
0.212,0.27,0.362,0,0,1,1
0.212,0.27,0.365,0,0,1,1
0.212,0.27,0.368,0,0,1,1
0.212,0.27,0.371,0,0,1,1
0.212,0.27,0.374,0,0,1,1
0.212,0.27,0.377,0,0,1,1
0.212,0.27,0.38,0,0,1,1
0.212,0.27,0.383,0,0,1,1
0.212,0.27,0.386,0,0,1,1
0.212,0.27,0.389,0,0,1,1
0.212,0.27,0.392,0,0,1,1
0.212,0.27,0.395,0,0,1,1
0.212,0.27,0.398,0,0,1,1
0.212,0.27,0.401,0,0,1,1
0.212,0.27,0.404,0,0,1,1
0.212,0.27,0.407,0,0,1,1
0.212,0.27,0.41,0,0,1,1
0.212,0.27,0.413,0,0,1,1
0.212,0.27,0.416,0,0,1,1
0.212,0.27,0.419,0,0,1,1
0.212,0.27,0.422,0,0,1,1
0.212,0.27,0.425,0,0,1,1
0.212,0.27,0.427999,0,0,1,1
0.212,0.27,0.430999,0,0,1,1
0.212,0.27,0.433999,0,0,1,1
0.212,0.27,0.436999,0,0,1,1
0.212,0.27,0.439999,0,0,1,1
0.215,0.27,0.26,0,0,1,1
0.215,0.27,0.263,0,0,1,1
0.215,0.27,0.266,0,0,1,1
0.215,0.27,0.269,0,0,1,1
0.215,0.27,0.272,0,0,1,1
0.215,0.27,0.275,0,0,1,1
0.215,0.27,0.278,0,0,1,1
0.215,0.27,0.281,0,0,1,1
0.215,0.27,0.284,0,0,1,1
0.215,0.27,0.287,0,0,1,1
0.215,0.27,0.29,0,0,1,1
0.215,0.27,0.293,0,0,1,1
0.215,0.27,0.296,0,0,1,1
0.215,0.27,0.299,0,0,1,1
0.215,0.27,0.302,0,0,1,1
0.215,0.27,0.305,0,0,1,1
0.215,0.27,0.308,0,0,1,1
0.215,0.27,0.311,0,0,1,1
0.215,0.27,0.314,0,0,1,1
0.215,0.27,0.317,0,0,1,1
0.215,0.27,0.32,0,0,1,1
0.215,0.27,0.323,0,0,1,1
0.215,0.27,0.326,0,0,1,1
0.215,0.27,0.329,0,0,1,1
0.215,0.27,0.332,0,0,1,1
0.215,0.27,0.335,0,0,1,1
0.215,0.27,0.338,0,0,1,1
0.215,0.27,0.341,0,0,1,1
0.215,0.27,0.344,0,0,1,1
0.215,0.27,0.347,0,0,1,1
0.215,0.27,0.35,0,0,1,1
0.215,0.27,0.353,0,0,1,1
0.215,0.27,0.356,0,0,1,1
0.215,0.27,0.359,0,0,1,1
0.215,0.27,0.362,0,0,1,1
0.215,0.27,0.365,0,0,1,1
0.215,0.27,0.368,0,0,1,1
0.215,0.27,0.371,0,0,1,1
0.215,0.27,0.374,0,0,1,1
0.215,0.27,0.377,0,0,1,1
0.215,0.27,0.38,0,0,1,1
0.215,0.27,0.383,0,0,1,1
0.215,0.27,0.386,0,0,1,1
0.215,0.27,0.389,0,0,1,1
0.215,0.27,0.392,0,0,1,1
0.215,0.27,0.395,0,0,1,1
0.215,0.27,0.398,0,0,1,1
0.215,0.27,0.401,0,0,1,1
0.215,0.27,0.404,0,0,1,1
0.215,0.27,0.407,0,0,1,1
0.215,0.27,0.41,0,0,1,1
0.215,0.27,0.413,0,0,1,1
0.215,0.27,0.416,0,0,1,1
0.215,0.27,0.419,0,0,1,1
0.215,0.27,0.422,0,0,1,1
0.215,0.27,0.425,0,0,1,1
0.215,0.27,0.427999,0,0,1,1
0.215,0.27,0.430999,0,0,1,1
0.215,0.27,0.433999,0,0,1,1
0.215,0.27,0.436999,0,0,1,1
0.215,0.27,0.439999,0,0,1,1
0.218,0.27,0.26,0,0,1,1
0.218,0.27,0.263,0,0,1,1
0.218,0.27,0.266,0,0,1,1
0.218,0.27,0.269,0,0,1,1
0.218,0.27,0.272,0,0,1,1
0.218,0.27,0.275,0,0,1,1
0.218,0.27,0.278,0,0,1,1
0.218,0.27,0.281,0,0,1,1
0.218,0.27,0.284,0,0,1,1
0.218,0.27,0.287,0,0,1,1
0.218,0.27,0.29,0,0,1,1
0.218,0.27,0.293,0,0,1,1
0.218,0.27,0.296,0,0,1,1
0.218,0.27,0.299,0,0,1,1
0.218,0.27,0.302,0,0,1,1
0.218,0.27,0.305,0,0,1,1
0.218,0.27,0.308,0,0,1,1
0.218,0.27,0.311,0,0,1,1
0.218,0.27,0.314,0,0,1,1
0.218,0.27,0.317,0,0,1,1
0.218,0.27,0.32,0,0,1,1
0.218,0.27,0.323,0,0,1,1
0.218,0.27,0.326,0,0,1,1
0.218,0.27,0.329,0,0,1,1
0.218,0.27,0.332,0,0,1,1
0.218,0.27,0.335,0,0,1,1
0.218,0.27,0.338,0,0,1,1
0.218,0.27,0.341,0,0,1,1
0.218,0.27,0.344,0,0,1,1
0.218,0.27,0.347,0,0,1,1
0.218,0.27,0.35,0,0,1,1
0.218,0.27,0.353,0,0,1,1
0.218,0.27,0.356,0,0,1,1
0.218,0.27,0.359,0,0,1,1
0.218,0.27,0.362,0,0,1,1
0.218,0.27,0.365,0,0,1,1
0.218,0.27,0.368,0,0,1,1
0.218,0.27,0.371,0,0,1,1
0.218,0.27,0.374,0,0,1,1
0.218,0.27,0.377,0,0,1,1
0.218,0.27,0.38,0,0,1,1
0.218,0.27,0.383,0,0,1,1
0.218,0.27,0.386,0,0,1,1
0.218,0.27,0.389,0,0,1,1
0.218,0.27,0.392,0,0,1,1
0.218,0.27,0.395,0,0,1,1
0.218,0.27,0.398,0,0,1,1
0.218,0.27,0.401,0,0,1,1
0.218,0.27,0.404,0,0,1,1
0.218,0.27,0.407,0,0,1,1
0.218,0.27,0.41,0,0,1,1
0.218,0.27,0.413,0,0,1,1
0.218,0.27,0.416,0,0,1,1
0.218,0.27,0.419,0,0,1,1
0.218,0.27,0.422,0,0,1,1
0.218,0.27,0.425,0,0,1,1
0.218,0.27,0.427999,0,0,1,1
0.218,0.27,0.430999,0,0,1,1
0.218,0.27,0.433999,0,0,1,1
0.218,0.27,0.436999,0,0,1,1
0.218,0.27,0.439999,0,0,1,1
0.221,0.27,0.26,0,0,1,1
0.221,0.27,0.263,0,0,1,1
0.221,0.27,0.266,0,0,1,1
0.221,0.27,0.269,0,0,1,1
0.221,0.27,0.272,0,0,1,1
0.221,0.27,0.275,0,0,1,1
0.221,0.27,0.278,0,0,1,1
0.221,0.27,0.281,0,0,1,1
0.221,0.27,0.284,0,0,1,1
0.221,0.27,0.287,0,0,1,1
0.221,0.27,0.29,0,0,1,1
0.221,0.27,0.293,0,0,1,1
0.221,0.27,0.296,0,0,1,1
0.221,0.27,0.299,0,0,1,1
0.221,0.27,0.302,0,0,1,1
0.221,0.27,0.305,0,0,1,1
0.221,0.27,0.308,0,0,1,1
0.221,0.27,0.311,0,0,1,1
0.221,0.27,0.314,0,0,1,1
0.221,0.27,0.317,0,0,1,1
0.221,0.27,0.32,0,0,1,1
0.221,0.27,0.323,0,0,1,1
0.221,0.27,0.326,0,0,1,1
0.221,0.27,0.329,0,0,1,1
0.221,0.27,0.332,0,0,1,1
0.221,0.27,0.335,0,0,1,1
0.221,0.27,0.338,0,0,1,1
0.221,0.27,0.341,0,0,1,1
0.221,0.27,0.344,0,0,1,1
0.221,0.27,0.347,0,0,1,1
0.221,0.27,0.35,0,0,1,1
0.221,0.27,0.353,0,0,1,1
0.221,0.27,0.356,0,0,1,1
0.221,0.27,0.359,0,0,1,1
0.221,0.27,0.362,0,0,1,1
0.221,0.27,0.365,0,0,1,1
0.221,0.27,0.368,0,0,1,1
0.221,0.27,0.371,0,0,1,1
0.221,0.27,0.374,0,0,1,1
0.221,0.27,0.377,0,0,1,1
0.221,0.27,0.38,0,0,1,1
0.221,0.27,0.383,0,0,1,1
0.221,0.27,0.386,0,0,1,1
0.221,0.27,0.389,0,0,1,1
0.221,0.27,0.392,0,0,1,1
0.221,0.27,0.395,0,0,1,1
0.221,0.27,0.398,0,0,1,1
0.221,0.27,0.401,0,0,1,1
0.221,0.27,0.404,0,0,1,1
0.221,0.27,0.407,0,0,1,1
0.221,0.27,0.41,0,0,1,1
0.221,0.27,0.413,0,0,1,1
0.221,0.27,0.416,0,0,1,1
0.221,0.27,0.419,0,0,1,1
0.221,0.27,0.422,0,0,1,1
0.221,0.27,0.425,0,0,1,1
0.221,0.27,0.427999,0,0,1,1
0.221,0.27,0.430999,0,0,1,1
0.221,0.27,0.433999,0,0,1,1
0.221,0.27,0.436999,0,0,1,1
0.221,0.27,0.439999,0,0,1,1
0.224,0.27,0.26,0,0,1,1
0.224,0.27,0.263,0,0,1,1
0.224,0.27,0.266,0,0,1,1
0.224,0.27,0.269,0,0,1,1
0.224,0.27,0.272,0,0,1,1
0.224,0.27,0.275,0,0,1,1
0.224,0.27,0.278,0,0,1,1
0.224,0.27,0.281,0,0,1,1
0.224,0.27,0.284,0,0,1,1
0.224,0.27,0.287,0,0,1,1
0.224,0.27,0.29,0,0,1,1
0.224,0.27,0.293,0,0,1,1
0.224,0.27,0.296,0,0,1,1
0.224,0.27,0.299,0,0,1,1
0.224,0.27,0.302,0,0,1,1
0.224,0.27,0.305,0,0,1,1
0.224,0.27,0.308,0,0,1,1
0.224,0.27,0.311,0,0,1,1
0.224,0.27,0.314,0,0,1,1
0.224,0.27,0.317,0,0,1,1
0.224,0.27,0.32,0,0,1,1
0.224,0.27,0.323,0,0,1,1
0.224,0.27,0.326,0,0,1,1
0.224,0.27,0.329,0,0,1,1
0.224,0.27,0.332,0,0,1,1
0.224,0.27,0.335,0,0,1,1
0.224,0.27,0.338,0,0,1,1
0.224,0.27,0.341,0,0,1,1
0.224,0.27,0.344,0,0,1,1
0.224,0.27,0.347,0,0,1,1
0.224,0.27,0.35,0,0,1,1
0.224,0.27,0.353,0,0,1,1
0.224,0.27,0.356,0,0,1,1
0.224,0.27,0.359,0,0,1,1
0.224,0.27,0.362,0,0,1,1
0.224,0.27,0.365,0,0,1,1
0.224,0.27,0.368,0,0,1,1
0.224,0.27,0.371,0,0,1,1
0.224,0.27,0.374,0,0,1,1
0.224,0.27,0.377,0,0,1,1
0.224,0.27,0.38,0,0,1,1
0.224,0.27,0.383,0,0,1,1
0.224,0.27,0.386,0,0,1,1
0.224,0.27,0.389,0,0,1,1
0.224,0.27,0.392,0,0,1,1
0.224,0.27,0.395,0,0,1,1
0.224,0.27,0.398,0,0,1,1
0.224,0.27,0.401,0,0,1,1
0.224,0.27,0.404,0,0,1,1
0.224,0.27,0.407,0,0,1,1
0.224,0.27,0.41,0,0,1,1
0.224,0.27,0.413,0,0,1,1
0.224,0.27,0.416,0,0,1,1
0.224,0.27,0.419,0,0,1,1
0.224,0.27,0.422,0,0,1,1
0.224,0.27,0.425,0,0,1,1
0.224,0.27,0.427999,0,0,1,1
0.224,0.27,0.430999,0,0,1,1
0.224,0.27,0.433999,0,0,1,1
0.224,0.27,0.436999,0,0,1,1
0.224,0.27,0.439999,0,0,1,1
0.227,0.27,0.26,0,0,1,1
0.227,0.27,0.263,0,0,1,1
0.227,0.27,0.266,0,0,1,1
0.227,0.27,0.269,0,0,1,1
0.227,0.27,0.272,0,0,1,1
0.227,0.27,0.275,0,0,1,1
0.227,0.27,0.278,0,0,1,1
0.227,0.27,0.281,0,0,1,1
0.227,0.27,0.284,0,0,1,1
0.227,0.27,0.287,0,0,1,1
0.227,0.27,0.29,0,0,1,1
0.227,0.27,0.293,0,0,1,1
0.227,0.27,0.296,0,0,1,1
0.227,0.27,0.299,0,0,1,1
0.227,0.27,0.302,0,0,1,1
0.227,0.27,0.305,0,0,1,1
0.227,0.27,0.308,0,0,1,1
0.227,0.27,0.311,0,0,1,1
0.227,0.27,0.314,0,0,1,1
0.227,0.27,0.317,0,0,1,1
0.227,0.27,0.32,0,0,1,1
0.227,0.27,0.323,0,0,1,1
0.227,0.27,0.326,0,0,1,1
0.227,0.27,0.329,0,0,1,1
0.227,0.27,0.332,0,0,1,1
0.227,0.27,0.335,0,0,1,1
0.227,0.27,0.338,0,0,1,1
0.227,0.27,0.341,0,0,1,1
0.227,0.27,0.344,0,0,1,1
0.227,0.27,0.347,0,0,1,1
0.227,0.27,0.35,0,0,1,1
0.227,0.27,0.353,0,0,1,1
0.227,0.27,0.356,0,0,1,1
0.227,0.27,0.359,0,0,1,1
0.227,0.27,0.362,0,0,1,1
0.227,0.27,0.365,0,0,1,1
0.227,0.27,0.368,0,0,1,1
0.227,0.27,0.371,0,0,1,1
0.227,0.27,0.374,0,0,1,1
0.227,0.27,0.377,0,0,1,1
0.227,0.27,0.38,0,0,1,1
0.227,0.27,0.383,0,0,1,1
0.227,0.27,0.386,0,0,1,1
0.227,0.27,0.389,0,0,1,1
0.227,0.27,0.392,0,0,1,1
0.227,0.27,0.395,0,0,1,1
0.227,0.27,0.398,0,0,1,1
0.227,0.27,0.401,0,0,1,1
0.227,0.27,0.404,0,0,1,1
0.227,0.27,0.407,0,0,1,1
0.227,0.27,0.41,0,0,1,1
0.227,0.27,0.413,0,0,1,1
0.227,0.27,0.416,0,0,1,1
0.227,0.27,0.419,0,0,1,1
0.227,0.27,0.422,0,0,1,1
0.227,0.27,0.425,0,0,1,1
0.227,0.27,0.427999,0,0,1,1
0.227,0.27,0.430999,0,0,1,1
0.227,0.27,0.433999,0,0,1,1
0.227,0.27,0.436999,0,0,1,1
0.227,0.27,0.439999,0,0,1,1
0.23,0.27,0.26,0,0,1,1
0.23,0.27,0.263,0,0,1,1
0.23,0.27,0.266,0,0,1,1
0.23,0.27,0.269,0,0,1,1
0.23,0.27,0.272,0,0,1,1
0.23,0.27,0.275,0,0,1,1
0.23,0.27,0.278,0,0,1,1
0.23,0.27,0.281,0,0,1,1
0.23,0.27,0.284,0,0,1,1
0.23,0.27,0.287,0,0,1,1
0.23,0.27,0.29,0,0,1,1
0.23,0.27,0.293,0,0,1,1
0.23,0.27,0.296,0,0,1,1
0.23,0.27,0.299,0,0,1,1
0.23,0.27,0.302,0,0,1,1
0.23,0.27,0.305,0,0,1,1
0.23,0.27,0.308,0,0,1,1
0.23,0.27,0.311,0,0,1,1
0.23,0.27,0.314,0,0,1,1
0.23,0.27,0.317,0,0,1,1
0.23,0.27,0.32,0,0,1,1
0.23,0.27,0.323,0,0,1,1
0.23,0.27,0.326,0,0,1,1
0.23,0.27,0.329,0,0,1,1
0.23,0.27,0.332,0,0,1,1
0.23,0.27,0.335,0,0,1,1
0.23,0.27,0.338,0,0,1,1
0.23,0.27,0.341,0,0,1,1
0.23,0.27,0.344,0,0,1,1
0.23,0.27,0.347,0,0,1,1
0.23,0.27,0.35,0,0,1,1
0.23,0.27,0.353,0,0,1,1
0.23,0.27,0.356,0,0,1,1
0.23,0.27,0.359,0,0,1,1
0.23,0.27,0.362,0,0,1,1
0.23,0.27,0.365,0,0,1,1
0.23,0.27,0.368,0,0,1,1
0.23,0.27,0.371,0,0,1,1
0.23,0.27,0.374,0,0,1,1
0.23,0.27,0.377,0,0,1,1
0.23,0.27,0.38,0,0,1,1
0.23,0.27,0.383,0,0,1,1
0.23,0.27,0.386,0,0,1,1
0.23,0.27,0.389,0,0,1,1
0.23,0.27,0.392,0,0,1,1
0.23,0.27,0.395,0,0,1,1
0.23,0.27,0.398,0,0,1,1
0.23,0.27,0.401,0,0,1,1
0.23,0.27,0.404,0,0,1,1
0.23,0.27,0.407,0,0,1,1
0.23,0.27,0.41,0,0,1,1
0.23,0.27,0.413,0,0,1,1
0.23,0.27,0.416,0,0,1,1
0.23,0.27,0.419,0,0,1,1
0.23,0.27,0.422,0,0,1,1
0.23,0.27,0.425,0,0,1,1
0.23,0.27,0.427999,0,0,1,1
0.23,0.27,0.430999,0,0,1,1
0.23,0.27,0.433999,0,0,1,1
0.23,0.27,0.436999,0,0,1,1
0.23,0.27,0.439999,0,0,1,1
0.233,0.27,0.26,0,0,1,1
0.233,0.27,0.263,0,0,1,1
0.233,0.27,0.266,0,0,1,1
0.233,0.27,0.269,0,0,1,1
0.233,0.27,0.272,0,0,1,1
0.233,0.27,0.275,0,0,1,1
0.233,0.27,0.278,0,0,1,1
0.233,0.27,0.281,0,0,1,1
0.233,0.27,0.284,0,0,1,1
0.233,0.27,0.287,0,0,1,1
0.233,0.27,0.29,0,0,1,1
0.233,0.27,0.293,0,0,1,1
0.233,0.27,0.296,0,0,1,1
0.233,0.27,0.299,0,0,1,1
0.233,0.27,0.302,0,0,1,1
0.233,0.27,0.305,0,0,1,1
0.233,0.27,0.308,0,0,1,1
0.233,0.27,0.311,0,0,1,1
0.233,0.27,0.314,0,0,1,1
0.233,0.27,0.317,0,0,1,1
0.233,0.27,0.32,0,0,1,1
0.233,0.27,0.323,0,0,1,1
0.233,0.27,0.326,0,0,1,1
0.233,0.27,0.329,0,0,1,1
0.233,0.27,0.332,0,0,1,1
0.233,0.27,0.335,0,0,1,1
0.233,0.27,0.338,0,0,1,1
0.233,0.27,0.341,0,0,1,1
0.233,0.27,0.344,0,0,1,1
0.233,0.27,0.347,0,0,1,1
0.233,0.27,0.35,0,0,1,1
0.233,0.27,0.353,0,0,1,1
0.233,0.27,0.356,0,0,1,1
0.233,0.27,0.359,0,0,1,1
0.233,0.27,0.362,0,0,1,1
0.233,0.27,0.365,0,0,1,1
0.233,0.27,0.368,0,0,1,1
0.233,0.27,0.371,0,0,1,1
0.233,0.27,0.374,0,0,1,1
0.233,0.27,0.377,0,0,1,1
0.233,0.27,0.38,0,0,1,1
0.233,0.27,0.383,0,0,1,1
0.233,0.27,0.386,0,0,1,1
0.233,0.27,0.389,0,0,1,1
0.233,0.27,0.392,0,0,1,1
0.233,0.27,0.395,0,0,1,1
0.233,0.27,0.398,0,0,1,1
0.233,0.27,0.401,0,0,1,1
0.233,0.27,0.404,0,0,1,1
0.233,0.27,0.407,0,0,1,1
0.233,0.27,0.41,0,0,1,1
0.233,0.27,0.413,0,0,1,1
0.233,0.27,0.416,0,0,1,1
0.233,0.27,0.419,0,0,1,1
0.233,0.27,0.422,0,0,1,1
0.233,0.27,0.425,0,0,1,1
0.233,0.27,0.427999,0,0,1,1
0.233,0.27,0.430999,0,0,1,1
0.233,0.27,0.433999,0,0,1,1
0.233,0.27,0.436999,0,0,1,1
0.233,0.27,0.439999,0,0,1,1
0.236,0.27,0.26,0,0,1,1
0.236,0.27,0.263,0,0,1,1
0.236,0.27,0.266,0,0,1,1
0.236,0.27,0.269,0,0,1,1
0.236,0.27,0.272,0,0,1,1
0.236,0.27,0.275,0,0,1,1
0.236,0.27,0.278,0,0,1,1
0.236,0.27,0.281,0,0,1,1
0.236,0.27,0.284,0,0,1,1
0.236,0.27,0.287,0,0,1,1
0.236,0.27,0.29,0,0,1,1
0.236,0.27,0.293,0,0,1,1
0.236,0.27,0.296,0,0,1,1
0.236,0.27,0.299,0,0,1,1
0.236,0.27,0.302,0,0,1,1
0.236,0.27,0.305,0,0,1,1
0.236,0.27,0.308,0,0,1,1
0.236,0.27,0.311,0,0,1,1
0.236,0.27,0.314,0,0,1,1
0.236,0.27,0.317,0,0,1,1
0.236,0.27,0.32,0,0,1,1
0.236,0.27,0.323,0,0,1,1
0.236,0.27,0.326,0,0,1,1
0.236,0.27,0.329,0,0,1,1
0.236,0.27,0.332,0,0,1,1
0.236,0.27,0.335,0,0,1,1
0.236,0.27,0.338,0,0,1,1
0.236,0.27,0.341,0,0,1,1
0.236,0.27,0.344,0,0,1,1
0.236,0.27,0.347,0,0,1,1
0.236,0.27,0.35,0,0,1,1
0.236,0.27,0.353,0,0,1,1
0.236,0.27,0.356,0,0,1,1
0.236,0.27,0.359,0,0,1,1
0.236,0.27,0.362,0,0,1,1
0.236,0.27,0.365,0,0,1,1
0.236,0.27,0.368,0,0,1,1
0.236,0.27,0.371,0,0,1,1
0.236,0.27,0.374,0,0,1,1
0.236,0.27,0.377,0,0,1,1
0.236,0.27,0.38,0,0,1,1
0.236,0.27,0.383,0,0,1,1
0.236,0.27,0.386,0,0,1,1
0.236,0.27,0.389,0,0,1,1
0.236,0.27,0.392,0,0,1,1
0.236,0.27,0.395,0,0,1,1
0.236,0.27,0.398,0,0,1,1
0.236,0.27,0.401,0,0,1,1
0.236,0.27,0.404,0,0,1,1
0.236,0.27,0.407,0,0,1,1
0.236,0.27,0.41,0,0,1,1
0.236,0.27,0.413,0,0,1,1
0.236,0.27,0.416,0,0,1,1
0.236,0.27,0.419,0,0,1,1
0.236,0.27,0.422,0,0,1,1
0.236,0.27,0.425,0,0,1,1
0.236,0.27,0.427999,0,0,1,1
0.236,0.27,0.430999,0,0,1,1
0.236,0.27,0.433999,0,0,1,1
0.236,0.27,0.436999,0,0,1,1
0.236,0.27,0.439999,0,0,1,1
0.239,0.27,0.26,0,0,1,1
0.239,0.27,0.263,0,0,1,1
0.239,0.27,0.266,0,0,1,1
0.239,0.27,0.269,0,0,1,1
0.239,0.27,0.272,0,0,1,1
0.239,0.27,0.275,0,0,1,1
0.239,0.27,0.278,0,0,1,1
0.239,0.27,0.281,0,0,1,1
0.239,0.27,0.284,0,0,1,1
0.239,0.27,0.287,0,0,1,1
0.239,0.27,0.29,0,0,1,1
0.239,0.27,0.293,0,0,1,1
0.239,0.27,0.296,0,0,1,1
0.239,0.27,0.299,0,0,1,1
0.239,0.27,0.302,0,0,1,1
0.239,0.27,0.305,0,0,1,1
0.239,0.27,0.308,0,0,1,1
0.239,0.27,0.311,0,0,1,1
0.239,0.27,0.314,0,0,1,1
0.239,0.27,0.317,0,0,1,1
0.239,0.27,0.32,0,0,1,1
0.239,0.27,0.323,0,0,1,1
0.239,0.27,0.326,0,0,1,1
0.239,0.27,0.329,0,0,1,1
0.239,0.27,0.332,0,0,1,1
0.239,0.27,0.335,0,0,1,1
0.239,0.27,0.338,0,0,1,1
0.239,0.27,0.341,0,0,1,1
0.239,0.27,0.344,0,0,1,1
0.239,0.27,0.347,0,0,1,1
0.239,0.27,0.35,0,0,1,1
0.239,0.27,0.353,0,0,1,1
0.239,0.27,0.356,0,0,1,1
0.239,0.27,0.359,0,0,1,1
0.239,0.27,0.362,0,0,1,1
0.239,0.27,0.365,0,0,1,1
0.239,0.27,0.368,0,0,1,1
0.239,0.27,0.371,0,0,1,1
0.239,0.27,0.374,0,0,1,1
0.239,0.27,0.377,0,0,1,1
0.239,0.27,0.38,0,0,1,1
0.239,0.27,0.383,0,0,1,1
0.239,0.27,0.386,0,0,1,1
0.239,0.27,0.389,0,0,1,1
0.239,0.27,0.392,0,0,1,1
0.239,0.27,0.395,0,0,1,1
0.239,0.27,0.398,0,0,1,1
0.239,0.27,0.401,0,0,1,1
0.239,0.27,0.404,0,0,1,1
0.239,0.27,0.407,0,0,1,1
0.239,0.27,0.41,0,0,1,1
0.239,0.27,0.413,0,0,1,1
0.239,0.27,0.416,0,0,1,1
0.239,0.27,0.419,0,0,1,1
0.239,0.27,0.422,0,0,1,1
0.239,0.27,0.425,0,0,1,1
0.239,0.27,0.427999,0,0,1,1
0.239,0.27,0.430999,0,0,1,1
0.239,0.27,0.433999,0,0,1,1
0.239,0.27,0.436999,0,0,1,1
0.239,0.27,0.439999,0,0,1,1
0.242,0.27,0.26,0,0,1,1
0.242,0.27,0.263,0,0,1,1
0.242,0.27,0.266,0,0,1,1
0.242,0.27,0.269,0,0,1,1
0.242,0.27,0.272,0,0,1,1
0.242,0.27,0.275,0,0,1,1
0.242,0.27,0.278,0,0,1,1
0.242,0.27,0.281,0,0,1,1
0.242,0.27,0.284,0,0,1,1
0.242,0.27,0.287,0,0,1,1
0.242,0.27,0.29,0,0,1,1
0.242,0.27,0.293,0,0,1,1
0.242,0.27,0.296,0,0,1,1
0.242,0.27,0.299,0,0,1,1
0.242,0.27,0.302,0,0,1,1
0.242,0.27,0.305,0,0,1,1
0.242,0.27,0.308,0,0,1,1
0.242,0.27,0.311,0,0,1,1
0.242,0.27,0.314,0,0,1,1
0.242,0.27,0.317,0,0,1,1
0.242,0.27,0.32,0,0,1,1
0.242,0.27,0.323,0,0,1,1
0.242,0.27,0.326,0,0,1,1
0.242,0.27,0.329,0,0,1,1
0.242,0.27,0.332,0,0,1,1
0.242,0.27,0.335,0,0,1,1
0.242,0.27,0.338,0,0,1,1
0.242,0.27,0.341,0,0,1,1
0.242,0.27,0.344,0,0,1,1
0.242,0.27,0.347,0,0,1,1
0.242,0.27,0.35,0,0,1,1
0.242,0.27,0.353,0,0,1,1
0.242,0.27,0.356,0,0,1,1
0.242,0.27,0.359,0,0,1,1
0.242,0.27,0.362,0,0,1,1
0.242,0.27,0.365,0,0,1,1
0.242,0.27,0.368,0,0,1,1
0.242,0.27,0.371,0,0,1,1
0.242,0.27,0.374,0,0,1,1
0.242,0.27,0.377,0,0,1,1
0.242,0.27,0.38,0,0,1,1
0.242,0.27,0.383,0,0,1,1
0.242,0.27,0.386,0,0,1,1
0.242,0.27,0.389,0,0,1,1
0.242,0.27,0.392,0,0,1,1
0.242,0.27,0.395,0,0,1,1
0.242,0.27,0.398,0,0,1,1
0.242,0.27,0.401,0,0,1,1
0.242,0.27,0.404,0,0,1,1
0.242,0.27,0.407,0,0,1,1
0.242,0.27,0.41,0,0,1,1
0.242,0.27,0.413,0,0,1,1
0.242,0.27,0.416,0,0,1,1
0.242,0.27,0.419,0,0,1,1
0.242,0.27,0.422,0,0,1,1
0.242,0.27,0.425,0,0,1,1
0.242,0.27,0.427999,0,0,1,1
0.242,0.27,0.430999,0,0,1,1
0.242,0.27,0.433999,0,0,1,1
0.242,0.27,0.436999,0,0,1,1
0.242,0.27,0.439999,0,0,1,1
0.245,0.27,0.26,0,0,1,1
0.245,0.27,0.263,0,0,1,1
0.245,0.27,0.266,0,0,1,1
0.245,0.27,0.269,0,0,1,1
0.245,0.27,0.272,0,0,1,1
0.245,0.27,0.275,0,0,1,1
0.245,0.27,0.278,0,0,1,1
0.245,0.27,0.281,0,0,1,1
0.245,0.27,0.284,0,0,1,1
0.245,0.27,0.287,0,0,1,1
0.245,0.27,0.29,0,0,1,1
0.245,0.27,0.293,0,0,1,1
0.245,0.27,0.296,0,0,1,1
0.245,0.27,0.299,0,0,1,1
0.245,0.27,0.302,0,0,1,1
0.245,0.27,0.305,0,0,1,1
0.245,0.27,0.308,0,0,1,1
0.245,0.27,0.311,0,0,1,1
0.245,0.27,0.314,0,0,1,1
0.245,0.27,0.317,0,0,1,1
0.245,0.27,0.32,0,0,1,1
0.245,0.27,0.323,0,0,1,1
0.245,0.27,0.326,0,0,1,1
0.245,0.27,0.329,0,0,1,1
0.245,0.27,0.332,0,0,1,1
0.245,0.27,0.335,0,0,1,1
0.245,0.27,0.338,0,0,1,1
0.245,0.27,0.341,0,0,1,1
0.245,0.27,0.344,0,0,1,1
0.245,0.27,0.347,0,0,1,1
0.245,0.27,0.35,0,0,1,1
0.245,0.27,0.353,0,0,1,1
0.245,0.27,0.356,0,0,1,1
0.245,0.27,0.359,0,0,1,1
0.245,0.27,0.362,0,0,1,1
0.245,0.27,0.365,0,0,1,1
0.245,0.27,0.368,0,0,1,1
0.245,0.27,0.371,0,0,1,1
0.245,0.27,0.374,0,0,1,1
0.245,0.27,0.377,0,0,1,1
0.245,0.27,0.38,0,0,1,1
0.245,0.27,0.383,0,0,1,1
0.245,0.27,0.386,0,0,1,1
0.245,0.27,0.389,0,0,1,1
0.245,0.27,0.392,0,0,1,1
0.245,0.27,0.395,0,0,1,1
0.245,0.27,0.398,0,0,1,1
0.245,0.27,0.401,0,0,1,1
0.245,0.27,0.404,0,0,1,1
0.245,0.27,0.407,0,0,1,1
0.245,0.27,0.41,0,0,1,1
0.245,0.27,0.413,0,0,1,1
0.245,0.27,0.416,0,0,1,1
0.245,0.27,0.419,0,0,1,1
0.245,0.27,0.422,0,0,1,1
0.245,0.27,0.425,0,0,1,1
0.245,0.27,0.427999,0,0,1,1
0.245,0.27,0.430999,0,0,1,1
0.245,0.27,0.433999,0,0,1,1
0.245,0.27,0.436999,0,0,1,1
0.245,0.27,0.439999,0,0,1,1
0.248,0.27,0.26,0,0,1,1
0.248,0.27,0.263,0,0,1,1
0.248,0.27,0.266,0,0,1,1
0.248,0.27,0.269,0,0,1,1
0.248,0.27,0.272,0,0,1,1
0.248,0.27,0.275,0,0,1,1
0.248,0.27,0.278,0,0,1,1
0.248,0.27,0.281,0,0,1,1
0.248,0.27,0.284,0,0,1,1
0.248,0.27,0.287,0,0,1,1
0.248,0.27,0.29,0,0,1,1
0.248,0.27,0.293,0,0,1,1
0.248,0.27,0.296,0,0,1,1
0.248,0.27,0.299,0,0,1,1
0.248,0.27,0.302,0,0,1,1
0.248,0.27,0.305,0,0,1,1
0.248,0.27,0.308,0,0,1,1
0.248,0.27,0.311,0,0,1,1
0.248,0.27,0.314,0,0,1,1
0.248,0.27,0.317,0,0,1,1
0.248,0.27,0.32,0,0,1,1
0.248,0.27,0.323,0,0,1,1
0.248,0.27,0.326,0,0,1,1
0.248,0.27,0.329,0,0,1,1
0.248,0.27,0.332,0,0,1,1
0.248,0.27,0.335,0,0,1,1
0.248,0.27,0.338,0,0,1,1
0.248,0.27,0.341,0,0,1,1
0.248,0.27,0.344,0,0,1,1
0.248,0.27,0.347,0,0,1,1
0.248,0.27,0.35,0,0,1,1
0.248,0.27,0.353,0,0,1,1
0.248,0.27,0.356,0,0,1,1
0.248,0.27,0.359,0,0,1,1
0.248,0.27,0.362,0,0,1,1
0.248,0.27,0.365,0,0,1,1
0.248,0.27,0.368,0,0,1,1
0.248,0.27,0.371,0,0,1,1
0.248,0.27,0.374,0,0,1,1
0.248,0.27,0.377,0,0,1,1
0.248,0.27,0.38,0,0,1,1
0.248,0.27,0.383,0,0,1,1
0.248,0.27,0.386,0,0,1,1
0.248,0.27,0.389,0,0,1,1
0.248,0.27,0.392,0,0,1,1
0.248,0.27,0.395,0,0,1,1
0.248,0.27,0.398,0,0,1,1
0.248,0.27,0.401,0,0,1,1
0.248,0.27,0.404,0,0,1,1
0.248,0.27,0.407,0,0,1,1
0.248,0.27,0.41,0,0,1,1
0.248,0.27,0.413,0,0,1,1
0.248,0.27,0.416,0,0,1,1
0.248,0.27,0.419,0,0,1,1
0.248,0.27,0.422,0,0,1,1
0.248,0.27,0.425,0,0,1,1
0.248,0.27,0.427999,0,0,1,1
0.248,0.27,0.430999,0,0,1,1
0.248,0.27,0.433999,0,0,1,1
0.248,0.27,0.436999,0,0,1,1
0.248,0.27,0.439999,0,0,1,1
0.251,0.27,0.26,0,0,1,1
0.251,0.27,0.263,0,0,1,1
0.251,0.27,0.266,0,0,1,1
0.251,0.27,0.269,0,0,1,1
0.251,0.27,0.272,0,0,1,1
0.251,0.27,0.275,0,0,1,1
0.251,0.27,0.278,0,0,1,1
0.251,0.27,0.281,0,0,1,1
0.251,0.27,0.284,0,0,1,1
0.251,0.27,0.287,0,0,1,1
0.251,0.27,0.29,0,0,1,1
0.251,0.27,0.293,0,0,1,1
0.251,0.27,0.296,0,0,1,1
0.251,0.27,0.299,0,0,1,1
0.251,0.27,0.302,0,0,1,1
0.251,0.27,0.305,0,0,1,1
0.251,0.27,0.308,0,0,1,1
0.251,0.27,0.311,0,0,1,1
0.251,0.27,0.314,0,0,1,1
0.251,0.27,0.317,0,0,1,1
0.251,0.27,0.32,0,0,1,1
0.251,0.27,0.323,0,0,1,1
0.251,0.27,0.326,0,0,1,1
0.251,0.27,0.329,0,0,1,1
0.251,0.27,0.332,0,0,1,1
0.251,0.27,0.335,0,0,1,1
0.251,0.27,0.338,0,0,1,1
0.251,0.27,0.341,0,0,1,1
0.251,0.27,0.344,0,0,1,1
0.251,0.27,0.347,0,0,1,1
0.251,0.27,0.35,0,0,1,1
0.251,0.27,0.353,0,0,1,1
0.251,0.27,0.356,0,0,1,1
0.251,0.27,0.359,0,0,1,1
0.251,0.27,0.362,0,0,1,1
0.251,0.27,0.365,0,0,1,1
0.251,0.27,0.368,0,0,1,1
0.251,0.27,0.371,0,0,1,1
0.251,0.27,0.374,0,0,1,1
0.251,0.27,0.377,0,0,1,1
0.251,0.27,0.38,0,0,1,1
0.251,0.27,0.383,0,0,1,1
0.251,0.27,0.386,0,0,1,1
0.251,0.27,0.389,0,0,1,1
0.251,0.27,0.392,0,0,1,1
0.251,0.27,0.395,0,0,1,1
0.251,0.27,0.398,0,0,1,1
0.251,0.27,0.401,0,0,1,1
0.251,0.27,0.404,0,0,1,1
0.251,0.27,0.407,0,0,1,1
0.251,0.27,0.41,0,0,1,1
0.251,0.27,0.413,0,0,1,1
0.251,0.27,0.416,0,0,1,1
0.251,0.27,0.419,0,0,1,1
0.251,0.27,0.422,0,0,1,1
0.251,0.27,0.425,0,0,1,1
0.251,0.27,0.427999,0,0,1,1
0.251,0.27,0.430999,0,0,1,1
0.251,0.27,0.433999,0,0,1,1
0.251,0.27,0.436999,0,0,1,1
0.251,0.27,0.439999,0,0,1,1
0.254,0.27,0.26,0,0,1,1
0.254,0.27,0.263,0,0,1,1
0.254,0.27,0.266,0,0,1,1
0.254,0.27,0.269,0,0,1,1
0.254,0.27,0.272,0,0,1,1
0.254,0.27,0.275,0,0,1,1
0.254,0.27,0.278,0,0,1,1
0.254,0.27,0.281,0,0,1,1
0.254,0.27,0.284,0,0,1,1
0.254,0.27,0.287,0,0,1,1
0.254,0.27,0.29,0,0,1,1
0.254,0.27,0.293,0,0,1,1
0.254,0.27,0.296,0,0,1,1
0.254,0.27,0.299,0,0,1,1
0.254,0.27,0.302,0,0,1,1
0.254,0.27,0.305,0,0,1,1
0.254,0.27,0.308,0,0,1,1
0.254,0.27,0.311,0,0,1,1
0.254,0.27,0.314,0,0,1,1
0.254,0.27,0.317,0,0,1,1
0.254,0.27,0.32,0,0,1,1
0.254,0.27,0.323,0,0,1,1
0.254,0.27,0.326,0,0,1,1
0.254,0.27,0.329,0,0,1,1
0.254,0.27,0.332,0,0,1,1
0.254,0.27,0.335,0,0,1,1
0.254,0.27,0.338,0,0,1,1
0.254,0.27,0.341,0,0,1,1
0.254,0.27,0.344,0,0,1,1
0.254,0.27,0.347,0,0,1,1
0.254,0.27,0.35,0,0,1,1
0.254,0.27,0.353,0,0,1,1
0.254,0.27,0.356,0,0,1,1
0.254,0.27,0.359,0,0,1,1
0.254,0.27,0.362,0,0,1,1
0.254,0.27,0.365,0,0,1,1
0.254,0.27,0.368,0,0,1,1
0.254,0.27,0.371,0,0,1,1
0.254,0.27,0.374,0,0,1,1
0.254,0.27,0.377,0,0,1,1
0.254,0.27,0.38,0,0,1,1
0.254,0.27,0.383,0,0,1,1
0.254,0.27,0.386,0,0,1,1
0.254,0.27,0.389,0,0,1,1
0.254,0.27,0.392,0,0,1,1
0.254,0.27,0.395,0,0,1,1
0.254,0.27,0.398,0,0,1,1
0.254,0.27,0.401,0,0,1,1
0.254,0.27,0.404,0,0,1,1
0.254,0.27,0.407,0,0,1,1
0.254,0.27,0.41,0,0,1,1
0.254,0.27,0.413,0,0,1,1
0.254,0.27,0.416,0,0,1,1
0.254,0.27,0.419,0,0,1,1
0.254,0.27,0.422,0,0,1,1
0.254,0.27,0.425,0,0,1,1
0.254,0.27,0.427999,0,0,1,1
0.254,0.27,0.430999,0,0,1,1
0.254,0.27,0.433999,0,0,1,1
0.254,0.27,0.436999,0,0,1,1
0.254,0.27,0.439999,0,0,1,1
0.257,0.27,0.26,0,0,1,1
0.257,0.27,0.263,0,0,1,1
0.257,0.27,0.266,0,0,1,1
0.257,0.27,0.269,0,0,1,1
0.257,0.27,0.272,0,0,1,1
0.257,0.27,0.275,0,0,1,1
0.257,0.27,0.278,0,0,1,1
0.257,0.27,0.281,0,0,1,1
0.257,0.27,0.284,0,0,1,1
0.257,0.27,0.287,0,0,1,1
0.257,0.27,0.29,0,0,1,1
0.257,0.27,0.293,0,0,1,1
0.257,0.27,0.296,0,0,1,1
0.257,0.27,0.299,0,0,1,1
0.257,0.27,0.302,0,0,1,1
0.257,0.27,0.305,0,0,1,1
0.257,0.27,0.308,0,0,1,1
0.257,0.27,0.311,0,0,1,1
0.257,0.27,0.314,0,0,1,1
0.257,0.27,0.317,0,0,1,1
0.257,0.27,0.32,0,0,1,1
0.257,0.27,0.323,0,0,1,1
0.257,0.27,0.326,0,0,1,1
0.257,0.27,0.329,0,0,1,1
0.257,0.27,0.332,0,0,1,1
0.257,0.27,0.335,0,0,1,1
0.257,0.27,0.338,0,0,1,1
0.257,0.27,0.341,0,0,1,1
0.257,0.27,0.344,0,0,1,1
0.257,0.27,0.347,0,0,1,1
0.257,0.27,0.35,0,0,1,1
0.257,0.27,0.353,0,0,1,1
0.257,0.27,0.356,0,0,1,1
0.257,0.27,0.359,0,0,1,1
0.257,0.27,0.362,0,0,1,1
0.257,0.27,0.365,0,0,1,1
0.257,0.27,0.368,0,0,1,1
0.257,0.27,0.371,0,0,1,1
0.257,0.27,0.374,0,0,1,1
0.257,0.27,0.377,0,0,1,1
0.257,0.27,0.38,0,0,1,1
0.257,0.27,0.383,0,0,1,1
0.257,0.27,0.386,0,0,1,1
0.257,0.27,0.389,0,0,1,1
0.257,0.27,0.392,0,0,1,1
0.257,0.27,0.395,0,0,1,1
0.257,0.27,0.398,0,0,1,1
0.257,0.27,0.401,0,0,1,1
0.257,0.27,0.404,0,0,1,1
0.257,0.27,0.407,0,0,1,1
0.257,0.27,0.41,0,0,1,1
0.257,0.27,0.413,0,0,1,1
0.257,0.27,0.416,0,0,1,1
0.257,0.27,0.419,0,0,1,1
0.257,0.27,0.422,0,0,1,1
0.257,0.27,0.425,0,0,1,1
0.257,0.27,0.427999,0,0,1,1
0.257,0.27,0.430999,0,0,1,1
0.257,0.27,0.433999,0,0,1,1
0.257,0.27,0.436999,0,0,1,1
0.257,0.27,0.439999,0,0,1,1
0.26,0.27,0.26,0,0,1,1
0.26,0.27,0.263,0,0,1,1
0.26,0.27,0.266,0,0,1,1
0.26,0.27,0.269,0,0,1,1
0.26,0.27,0.272,0,0,1,1
0.26,0.27,0.275,0,0,1,1
0.26,0.27,0.278,0,0,1,1
0.26,0.27,0.281,0,0,1,1
0.26,0.27,0.284,0,0,1,1
0.26,0.27,0.287,0,0,1,1
0.26,0.27,0.29,0,0,1,1
0.26,0.27,0.293,0,0,1,1
0.26,0.27,0.296,0,0,1,1
0.26,0.27,0.299,0,0,1,1
0.26,0.27,0.302,0,0,1,1
0.26,0.27,0.305,0,0,1,1
0.26,0.27,0.308,0,0,1,1
0.26,0.27,0.311,0,0,1,1
0.26,0.27,0.314,0,0,1,1
0.26,0.27,0.317,0,0,1,1
0.26,0.27,0.32,0,0,1,1
0.26,0.27,0.323,0,0,1,1
0.26,0.27,0.326,0,0,1,1
0.26,0.27,0.329,0,0,1,1
0.26,0.27,0.332,0,0,1,1
0.26,0.27,0.335,0,0,1,1
0.26,0.27,0.338,0,0,1,1
0.26,0.27,0.341,0,0,1,1
0.26,0.27,0.344,0,0,1,1
0.26,0.27,0.347,0,0,1,1
0.26,0.27,0.35,0,0,1,1
0.26,0.27,0.353,0,0,1,1
0.26,0.27,0.356,0,0,1,1
0.26,0.27,0.359,0,0,1,1
0.26,0.27,0.362,0,0,1,1
0.26,0.27,0.365,0,0,1,1
0.26,0.27,0.368,0,0,1,1
0.26,0.27,0.371,0,0,1,1
0.26,0.27,0.374,0,0,1,1
0.26,0.27,0.377,0,0,1,1
0.26,0.27,0.38,0,0,1,1
0.26,0.27,0.383,0,0,1,1
0.26,0.27,0.386,0,0,1,1
0.26,0.27,0.389,0,0,1,1
0.26,0.27,0.392,0,0,1,1
0.26,0.27,0.395,0,0,1,1
0.26,0.27,0.398,0,0,1,1
0.26,0.27,0.401,0,0,1,1
0.26,0.27,0.404,0,0,1,1
0.26,0.27,0.407,0,0,1,1
0.26,0.27,0.41,0,0,1,1
0.26,0.27,0.413,0,0,1,1
0.26,0.27,0.416,0,0,1,1
0.26,0.27,0.419,0,0,1,1
0.26,0.27,0.422,0,0,1,1
0.26,0.27,0.425,0,0,1,1
0.26,0.27,0.427999,0,0,1,1
0.26,0.27,0.430999,0,0,1,1
0.26,0.27,0.433999,0,0,1,1
0.26,0.27,0.436999,0,0,1,1
0.26,0.27,0.439999,0,0,1,1
0.263,0.27,0.26,0,0,1,1
0.263,0.27,0.263,0,0,1,1
0.263,0.27,0.266,0,0,1,1
0.263,0.27,0.269,0,0,1,1
0.263,0.27,0.272,0,0,1,1
0.263,0.27,0.275,0,0,1,1
0.263,0.27,0.278,0,0,1,1
0.263,0.27,0.281,0,0,1,1
0.263,0.27,0.284,0,0,1,1
0.263,0.27,0.287,0,0,1,1
0.263,0.27,0.29,0,0,1,1
0.263,0.27,0.293,0,0,1,1
0.263,0.27,0.296,0,0,1,1
0.263,0.27,0.299,0,0,1,1
0.263,0.27,0.302,0,0,1,1
0.263,0.27,0.305,0,0,1,1
0.263,0.27,0.308,0,0,1,1
0.263,0.27,0.311,0,0,1,1
0.263,0.27,0.314,0,0,1,1
0.263,0.27,0.317,0,0,1,1
0.263,0.27,0.32,0,0,1,1
0.263,0.27,0.323,0,0,1,1
0.263,0.27,0.326,0,0,1,1
0.263,0.27,0.329,0,0,1,1
0.263,0.27,0.332,0,0,1,1
0.263,0.27,0.335,0,0,1,1
0.263,0.27,0.338,0,0,1,1
0.263,0.27,0.341,0,0,1,1
0.263,0.27,0.344,0,0,1,1
0.263,0.27,0.347,0,0,1,1
0.263,0.27,0.35,0,0,1,1
0.263,0.27,0.353,0,0,1,1
0.263,0.27,0.356,0,0,1,1
0.263,0.27,0.359,0,0,1,1
0.263,0.27,0.362,0,0,1,1
0.263,0.27,0.365,0,0,1,1
0.263,0.27,0.368,0,0,1,1
0.263,0.27,0.371,0,0,1,1
0.263,0.27,0.374,0,0,1,1
0.263,0.27,0.377,0,0,1,1
0.263,0.27,0.38,0,0,1,1
0.263,0.27,0.383,0,0,1,1
0.263,0.27,0.386,0,0,1,1
0.263,0.27,0.389,0,0,1,1
0.263,0.27,0.392,0,0,1,1
0.263,0.27,0.395,0,0,1,1
0.263,0.27,0.398,0,0,1,1
0.263,0.27,0.401,0,0,1,1
0.263,0.27,0.404,0,0,1,1
0.263,0.27,0.407,0,0,1,1
0.263,0.27,0.41,0,0,1,1
0.263,0.27,0.413,0,0,1,1
0.263,0.27,0.416,0,0,1,1
0.263,0.27,0.419,0,0,1,1
0.263,0.27,0.422,0,0,1,1
0.263,0.27,0.425,0,0,1,1
0.263,0.27,0.427999,0,0,1,1
0.263,0.27,0.430999,0,0,1,1
0.263,0.27,0.433999,0,0,1,1
0.263,0.27,0.436999,0,0,1,1
0.263,0.27,0.439999,0,0,1,1
0.266,0.27,0.26,0,0,1,1
0.266,0.27,0.263,0,0,1,1
0.266,0.27,0.266,0,0,1,1
0.266,0.27,0.269,0,0,1,1
0.266,0.27,0.272,0,0,1,1
0.266,0.27,0.275,0,0,1,1
0.266,0.27,0.278,0,0,1,1
0.266,0.27,0.281,0,0,1,1
0.266,0.27,0.284,0,0,1,1
0.266,0.27,0.287,0,0,1,1
0.266,0.27,0.29,0,0,1,1
0.266,0.27,0.293,0,0,1,1
0.266,0.27,0.296,0,0,1,1
0.266,0.27,0.299,0,0,1,1
0.266,0.27,0.302,0,0,1,1
0.266,0.27,0.305,0,0,1,1
0.266,0.27,0.308,0,0,1,1
0.266,0.27,0.311,0,0,1,1
0.266,0.27,0.314,0,0,1,1
0.266,0.27,0.317,0,0,1,1
0.266,0.27,0.32,0,0,1,1
0.266,0.27,0.323,0,0,1,1
0.266,0.27,0.326,0,0,1,1
0.266,0.27,0.329,0,0,1,1
0.266,0.27,0.332,0,0,1,1
0.266,0.27,0.335,0,0,1,1
0.266,0.27,0.338,0,0,1,1
0.266,0.27,0.341,0,0,1,1
0.266,0.27,0.344,0,0,1,1
0.266,0.27,0.347,0,0,1,1
0.266,0.27,0.35,0,0,1,1
0.266,0.27,0.353,0,0,1,1
0.266,0.27,0.356,0,0,1,1
0.266,0.27,0.359,0,0,1,1
0.266,0.27,0.362,0,0,1,1
0.266,0.27,0.365,0,0,1,1
0.266,0.27,0.368,0,0,1,1
0.266,0.27,0.371,0,0,1,1
0.266,0.27,0.374,0,0,1,1
0.266,0.27,0.377,0,0,1,1
0.266,0.27,0.38,0,0,1,1
0.266,0.27,0.383,0,0,1,1
0.266,0.27,0.386,0,0,1,1
0.266,0.27,0.389,0,0,1,1
0.266,0.27,0.392,0,0,1,1
0.266,0.27,0.395,0,0,1,1
0.266,0.27,0.398,0,0,1,1
0.266,0.27,0.401,0,0,1,1
0.266,0.27,0.404,0,0,1,1
0.266,0.27,0.407,0,0,1,1
0.266,0.27,0.41,0,0,1,1
0.266,0.27,0.413,0,0,1,1
0.266,0.27,0.416,0,0,1,1
0.266,0.27,0.419,0,0,1,1
0.266,0.27,0.422,0,0,1,1
0.266,0.27,0.425,0,0,1,1
0.266,0.27,0.427999,0,0,1,1
0.266,0.27,0.430999,0,0,1,1
0.266,0.27,0.433999,0,0,1,1
0.266,0.27,0.436999,0,0,1,1
0.266,0.27,0.439999,0,0,1,1
0.269,0.27,0.26,0,0,1,1
0.269,0.27,0.263,0,0,1,1
0.269,0.27,0.266,0,0,1,1
0.269,0.27,0.269,0,0,1,1
0.269,0.27,0.272,0,0,1,1
0.269,0.27,0.275,0,0,1,1
0.269,0.27,0.278,0,0,1,1
0.269,0.27,0.281,0,0,1,1
0.269,0.27,0.284,0,0,1,1
0.269,0.27,0.287,0,0,1,1
0.269,0.27,0.29,0,0,1,1
0.269,0.27,0.293,0,0,1,1
0.269,0.27,0.296,0,0,1,1
0.269,0.27,0.299,0,0,1,1
0.269,0.27,0.302,0,0,1,1
0.269,0.27,0.305,0,0,1,1
0.269,0.27,0.308,0,0,1,1
0.269,0.27,0.311,0,0,1,1
0.269,0.27,0.314,0,0,1,1
0.269,0.27,0.317,0,0,1,1
0.269,0.27,0.32,0,0,1,1
0.269,0.27,0.323,0,0,1,1
0.269,0.27,0.326,0,0,1,1
0.269,0.27,0.329,0,0,1,1
0.269,0.27,0.332,0,0,1,1
0.269,0.27,0.335,0,0,1,1
0.269,0.27,0.338,0,0,1,1
0.269,0.27,0.341,0,0,1,1
0.269,0.27,0.344,0,0,1,1
0.269,0.27,0.347,0,0,1,1
0.269,0.27,0.35,0,0,1,1
0.269,0.27,0.353,0,0,1,1
0.269,0.27,0.356,0,0,1,1
0.269,0.27,0.359,0,0,1,1
0.269,0.27,0.362,0,0,1,1
0.269,0.27,0.365,0,0,1,1
0.269,0.27,0.368,0,0,1,1
0.269,0.27,0.371,0,0,1,1
0.269,0.27,0.374,0,0,1,1
0.269,0.27,0.377,0,0,1,1
0.269,0.27,0.38,0,0,1,1
0.269,0.27,0.383,0,0,1,1
0.269,0.27,0.386,0,0,1,1
0.269,0.27,0.389,0,0,1,1
0.269,0.27,0.392,0,0,1,1
0.269,0.27,0.395,0,0,1,1
0.269,0.27,0.398,0,0,1,1
0.269,0.27,0.401,0,0,1,1
0.269,0.27,0.404,0,0,1,1
0.269,0.27,0.407,0,0,1,1
0.269,0.27,0.41,0,0,1,1
0.269,0.27,0.413,0,0,1,1
0.269,0.27,0.416,0,0,1,1
0.269,0.27,0.419,0,0,1,1
0.269,0.27,0.422,0,0,1,1
0.269,0.27,0.425,0,0,1,1
0.269,0.27,0.427999,0,0,1,1
0.269,0.27,0.430999,0,0,1,1
0.269,0.27,0.433999,0,0,1,1
0.269,0.27,0.436999,0,0,1,1
0.269,0.27,0.439999,0,0,1,1
0.272,0.27,0.26,0,0,1,1
0.272,0.27,0.263,0,0,1,1
0.272,0.27,0.266,0,0,1,1
0.272,0.27,0.269,0,0,1,1
0.272,0.27,0.272,0,0,1,1
0.272,0.27,0.275,0,0,1,1
0.272,0.27,0.278,0,0,1,1
0.272,0.27,0.281,0,0,1,1
0.272,0.27,0.284,0,0,1,1
0.272,0.27,0.287,0,0,1,1
0.272,0.27,0.29,0,0,1,1
0.272,0.27,0.293,0,0,1,1
0.272,0.27,0.296,0,0,1,1
0.272,0.27,0.299,0,0,1,1
0.272,0.27,0.302,0,0,1,1
0.272,0.27,0.305,0,0,1,1
0.272,0.27,0.308,0,0,1,1
0.272,0.27,0.311,0,0,1,1
0.272,0.27,0.314,0,0,1,1
0.272,0.27,0.317,0,0,1,1
0.272,0.27,0.32,0,0,1,1
0.272,0.27,0.323,0,0,1,1
0.272,0.27,0.326,0,0,1,1
0.272,0.27,0.329,0,0,1,1
0.272,0.27,0.332,0,0,1,1
0.272,0.27,0.335,0,0,1,1
0.272,0.27,0.338,0,0,1,1
0.272,0.27,0.341,0,0,1,1
0.272,0.27,0.344,0,0,1,1
0.272,0.27,0.347,0,0,1,1
0.272,0.27,0.35,0,0,1,1
0.272,0.27,0.353,0,0,1,1
0.272,0.27,0.356,0,0,1,1
0.272,0.27,0.359,0,0,1,1
0.272,0.27,0.362,0,0,1,1
0.272,0.27,0.365,0,0,1,1
0.272,0.27,0.368,0,0,1,1
0.272,0.27,0.371,0,0,1,1
0.272,0.27,0.374,0,0,1,1
0.272,0.27,0.377,0,0,1,1
0.272,0.27,0.38,0,0,1,1
0.272,0.27,0.383,0,0,1,1
0.272,0.27,0.386,0,0,1,1
0.272,0.27,0.389,0,0,1,1
0.272,0.27,0.392,0,0,1,1
0.272,0.27,0.395,0,0,1,1
0.272,0.27,0.398,0,0,1,1
0.272,0.27,0.401,0,0,1,1
0.272,0.27,0.404,0,0,1,1
0.272,0.27,0.407,0,0,1,1
0.272,0.27,0.41,0,0,1,1
0.272,0.27,0.413,0,0,1,1
0.272,0.27,0.416,0,0,1,1
0.272,0.27,0.419,0,0,1,1
0.272,0.27,0.422,0,0,1,1
0.272,0.27,0.425,0,0,1,1
0.272,0.27,0.427999,0,0,1,1
0.272,0.27,0.430999,0,0,1,1
0.272,0.27,0.433999,0,0,1,1
0.272,0.27,0.436999,0,0,1,1
0.272,0.27,0.439999,0,0,1,1
0.275,0.27,0.26,0,0,1,1
0.275,0.27,0.263,0,0,1,1
0.275,0.27,0.266,0,0,1,1
0.275,0.27,0.269,0,0,1,1
0.275,0.27,0.272,0,0,1,1
0.275,0.27,0.275,0,0,1,1
0.275,0.27,0.278,0,0,1,1
0.275,0.27,0.281,0,0,1,1
0.275,0.27,0.284,0,0,1,1
0.275,0.27,0.287,0,0,1,1
0.275,0.27,0.29,0,0,1,1
0.275,0.27,0.293,0,0,1,1
0.275,0.27,0.296,0,0,1,1
0.275,0.27,0.299,0,0,1,1
0.275,0.27,0.302,0,0,1,1
0.275,0.27,0.305,0,0,1,1
0.275,0.27,0.308,0,0,1,1
0.275,0.27,0.311,0,0,1,1
0.275,0.27,0.314,0,0,1,1
0.275,0.27,0.317,0,0,1,1
0.275,0.27,0.32,0,0,1,1
0.275,0.27,0.323,0,0,1,1
0.275,0.27,0.326,0,0,1,1
0.275,0.27,0.329,0,0,1,1
0.275,0.27,0.332,0,0,1,1
0.275,0.27,0.335,0,0,1,1
0.275,0.27,0.338,0,0,1,1
0.275,0.27,0.341,0,0,1,1
0.275,0.27,0.344,0,0,1,1
0.275,0.27,0.347,0,0,1,1
0.275,0.27,0.35,0,0,1,1
0.275,0.27,0.353,0,0,1,1
0.275,0.27,0.356,0,0,1,1
0.275,0.27,0.359,0,0,1,1
0.275,0.27,0.362,0,0,1,1
0.275,0.27,0.365,0,0,1,1
0.275,0.27,0.368,0,0,1,1
0.275,0.27,0.371,0,0,1,1
0.275,0.27,0.374,0,0,1,1
0.275,0.27,0.377,0,0,1,1
0.275,0.27,0.38,0,0,1,1
0.275,0.27,0.383,0,0,1,1
0.275,0.27,0.386,0,0,1,1
0.275,0.27,0.389,0,0,1,1
0.275,0.27,0.392,0,0,1,1
0.275,0.27,0.395,0,0,1,1
0.275,0.27,0.398,0,0,1,1
0.275,0.27,0.401,0,0,1,1
0.275,0.27,0.404,0,0,1,1
0.275,0.27,0.407,0,0,1,1
0.275,0.27,0.41,0,0,1,1
0.275,0.27,0.413,0,0,1,1
0.275,0.27,0.416,0,0,1,1
0.275,0.27,0.419,0,0,1,1
0.275,0.27,0.422,0,0,1,1
0.275,0.27,0.425,0,0,1,1
0.275,0.27,0.427999,0,0,1,1
0.275,0.27,0.430999,0,0,1,1
0.275,0.27,0.433999,0,0,1,1
0.275,0.27,0.436999,0,0,1,1
0.275,0.27,0.439999,0,0,1,1
0.278,0.27,0.26,0,0,1,1
0.278,0.27,0.263,0,0,1,1
0.278,0.27,0.266,0,0,1,1
0.278,0.27,0.269,0,0,1,1
0.278,0.27,0.272,0,0,1,1
0.278,0.27,0.275,0,0,1,1
0.278,0.27,0.278,0,0,1,1
0.278,0.27,0.281,0,0,1,1
0.278,0.27,0.284,0,0,1,1
0.278,0.27,0.287,0,0,1,1
0.278,0.27,0.29,0,0,1,1
0.278,0.27,0.293,0,0,1,1
0.278,0.27,0.296,0,0,1,1
0.278,0.27,0.299,0,0,1,1
0.278,0.27,0.302,0,0,1,1
0.278,0.27,0.305,0,0,1,1
0.278,0.27,0.308,0,0,1,1
0.278,0.27,0.311,0,0,1,1
0.278,0.27,0.314,0,0,1,1
0.278,0.27,0.317,0,0,1,1
0.278,0.27,0.32,0,0,1,1
0.278,0.27,0.323,0,0,1,1
0.278,0.27,0.326,0,0,1,1
0.278,0.27,0.329,0,0,1,1
0.278,0.27,0.332,0,0,1,1
0.278,0.27,0.335,0,0,1,1
0.278,0.27,0.338,0,0,1,1
0.278,0.27,0.341,0,0,1,1
0.278,0.27,0.344,0,0,1,1
0.278,0.27,0.347,0,0,1,1
0.278,0.27,0.35,0,0,1,1
0.278,0.27,0.353,0,0,1,1
0.278,0.27,0.356,0,0,1,1
0.278,0.27,0.359,0,0,1,1
0.278,0.27,0.362,0,0,1,1
0.278,0.27,0.365,0,0,1,1
0.278,0.27,0.368,0,0,1,1
0.278,0.27,0.371,0,0,1,1
0.278,0.27,0.374,0,0,1,1
0.278,0.27,0.377,0,0,1,1
0.278,0.27,0.38,0,0,1,1
0.278,0.27,0.383,0,0,1,1
0.278,0.27,0.386,0,0,1,1
0.278,0.27,0.389,0,0,1,1
0.278,0.27,0.392,0,0,1,1
0.278,0.27,0.395,0,0,1,1
0.278,0.27,0.398,0,0,1,1
0.278,0.27,0.401,0,0,1,1
0.278,0.27,0.404,0,0,1,1
0.278,0.27,0.407,0,0,1,1
0.278,0.27,0.41,0,0,1,1
0.278,0.27,0.413,0,0,1,1
0.278,0.27,0.416,0,0,1,1
0.278,0.27,0.419,0,0,1,1
0.278,0.27,0.422,0,0,1,1
0.278,0.27,0.425,0,0,1,1
0.278,0.27,0.427999,0,0,1,1
0.278,0.27,0.430999,0,0,1,1
0.278,0.27,0.433999,0,0,1,1
0.278,0.27,0.436999,0,0,1,1
0.278,0.27,0.439999,0,0,1,1
0.281,0.27,0.26,0,0,1,1
0.281,0.27,0.263,0,0,1,1
0.281,0.27,0.266,0,0,1,1
0.281,0.27,0.269,0,0,1,1
0.281,0.27,0.272,0,0,1,1
0.281,0.27,0.275,0,0,1,1
0.281,0.27,0.278,0,0,1,1
0.281,0.27,0.281,0,0,1,1
0.281,0.27,0.284,0,0,1,1
0.281,0.27,0.287,0,0,1,1
0.281,0.27,0.29,0,0,1,1
0.281,0.27,0.293,0,0,1,1
0.281,0.27,0.296,0,0,1,1
0.281,0.27,0.299,0,0,1,1
0.281,0.27,0.302,0,0,1,1
0.281,0.27,0.305,0,0,1,1
0.281,0.27,0.308,0,0,1,1
0.281,0.27,0.311,0,0,1,1
0.281,0.27,0.314,0,0,1,1
0.281,0.27,0.317,0,0,1,1
0.281,0.27,0.32,0,0,1,1
0.281,0.27,0.323,0,0,1,1
0.281,0.27,0.326,0,0,1,1
0.281,0.27,0.329,0,0,1,1
0.281,0.27,0.332,0,0,1,1
0.281,0.27,0.335,0,0,1,1
0.281,0.27,0.338,0,0,1,1
0.281,0.27,0.341,0,0,1,1
0.281,0.27,0.344,0,0,1,1
0.281,0.27,0.347,0,0,1,1
0.281,0.27,0.35,0,0,1,1
0.281,0.27,0.353,0,0,1,1
0.281,0.27,0.356,0,0,1,1
0.281,0.27,0.359,0,0,1,1
0.281,0.27,0.362,0,0,1,1
0.281,0.27,0.365,0,0,1,1
0.281,0.27,0.368,0,0,1,1
0.281,0.27,0.371,0,0,1,1
0.281,0.27,0.374,0,0,1,1
0.281,0.27,0.377,0,0,1,1
0.281,0.27,0.38,0,0,1,1
0.281,0.27,0.383,0,0,1,1
0.281,0.27,0.386,0,0,1,1
0.281,0.27,0.389,0,0,1,1
0.281,0.27,0.392,0,0,1,1
0.281,0.27,0.395,0,0,1,1
0.281,0.27,0.398,0,0,1,1
0.281,0.27,0.401,0,0,1,1
0.281,0.27,0.404,0,0,1,1
0.281,0.27,0.407,0,0,1,1
0.281,0.27,0.41,0,0,1,1
0.281,0.27,0.413,0,0,1,1
0.281,0.27,0.416,0,0,1,1
0.281,0.27,0.419,0,0,1,1
0.281,0.27,0.422,0,0,1,1
0.281,0.27,0.425,0,0,1,1
0.281,0.27,0.427999,0,0,1,1
0.281,0.27,0.430999,0,0,1,1
0.281,0.27,0.433999,0,0,1,1
0.281,0.27,0.436999,0,0,1,1
0.281,0.27,0.439999,0,0,1,1
0.284,0.27,0.26,0,0,1,1
0.284,0.27,0.263,0,0,1,1
0.284,0.27,0.266,0,0,1,1
0.284,0.27,0.269,0,0,1,1
0.284,0.27,0.272,0,0,1,1
0.284,0.27,0.275,0,0,1,1
0.284,0.27,0.278,0,0,1,1
0.284,0.27,0.281,0,0,1,1
0.284,0.27,0.284,0,0,1,1
0.284,0.27,0.287,0,0,1,1
0.284,0.27,0.29,0,0,1,1
0.284,0.27,0.293,0,0,1,1
0.284,0.27,0.296,0,0,1,1
0.284,0.27,0.299,0,0,1,1
0.284,0.27,0.302,0,0,1,1
0.284,0.27,0.305,0,0,1,1
0.284,0.27,0.308,0,0,1,1
0.284,0.27,0.311,0,0,1,1
0.284,0.27,0.314,0,0,1,1
0.284,0.27,0.317,0,0,1,1
0.284,0.27,0.32,0,0,1,1
0.284,0.27,0.323,0,0,1,1
0.284,0.27,0.326,0,0,1,1
0.284,0.27,0.329,0,0,1,1
0.284,0.27,0.332,0,0,1,1
0.284,0.27,0.335,0,0,1,1
0.284,0.27,0.338,0,0,1,1
0.284,0.27,0.341,0,0,1,1
0.284,0.27,0.344,0,0,1,1
0.284,0.27,0.347,0,0,1,1
0.284,0.27,0.35,0,0,1,1
0.284,0.27,0.353,0,0,1,1
0.284,0.27,0.356,0,0,1,1
0.284,0.27,0.359,0,0,1,1
0.284,0.27,0.362,0,0,1,1
0.284,0.27,0.365,0,0,1,1
0.284,0.27,0.368,0,0,1,1
0.284,0.27,0.371,0,0,1,1
0.284,0.27,0.374,0,0,1,1
0.284,0.27,0.377,0,0,1,1
0.284,0.27,0.38,0,0,1,1
0.284,0.27,0.383,0,0,1,1
0.284,0.27,0.386,0,0,1,1
0.284,0.27,0.389,0,0,1,1
0.284,0.27,0.392,0,0,1,1
0.284,0.27,0.395,0,0,1,1
0.284,0.27,0.398,0,0,1,1
0.284,0.27,0.401,0,0,1,1
0.284,0.27,0.404,0,0,1,1
0.284,0.27,0.407,0,0,1,1
0.284,0.27,0.41,0,0,1,1
0.284,0.27,0.413,0,0,1,1
0.284,0.27,0.416,0,0,1,1
0.284,0.27,0.419,0,0,1,1
0.284,0.27,0.422,0,0,1,1
0.284,0.27,0.425,0,0,1,1
0.284,0.27,0.427999,0,0,1,1
0.284,0.27,0.430999,0,0,1,1
0.284,0.27,0.433999,0,0,1,1
0.284,0.27,0.436999,0,0,1,1
0.284,0.27,0.439999,0,0,1,1
0.287,0.27,0.26,0,0,1,1
0.287,0.27,0.263,0,0,1,1
0.287,0.27,0.266,0,0,1,1
0.287,0.27,0.269,0,0,1,1
0.287,0.27,0.272,0,0,1,1
0.287,0.27,0.275,0,0,1,1
0.287,0.27,0.278,0,0,1,1
0.287,0.27,0.281,0,0,1,1
0.287,0.27,0.284,0,0,1,1
0.287,0.27,0.287,0,0,1,1
0.287,0.27,0.29,0,0,1,1
0.287,0.27,0.293,0,0,1,1
0.287,0.27,0.296,0,0,1,1
0.287,0.27,0.299,0,0,1,1
0.287,0.27,0.302,0,0,1,1
0.287,0.27,0.305,0,0,1,1
0.287,0.27,0.308,0,0,1,1
0.287,0.27,0.311,0,0,1,1
0.287,0.27,0.314,0,0,1,1
0.287,0.27,0.317,0,0,1,1
0.287,0.27,0.32,0,0,1,1
0.287,0.27,0.323,0,0,1,1
0.287,0.27,0.326,0,0,1,1
0.287,0.27,0.329,0,0,1,1
0.287,0.27,0.332,0,0,1,1
0.287,0.27,0.335,0,0,1,1
0.287,0.27,0.338,0,0,1,1
0.287,0.27,0.341,0,0,1,1
0.287,0.27,0.344,0,0,1,1
0.287,0.27,0.347,0,0,1,1
0.287,0.27,0.35,0,0,1,1
0.287,0.27,0.353,0,0,1,1
0.287,0.27,0.356,0,0,1,1
0.287,0.27,0.359,0,0,1,1
0.287,0.27,0.362,0,0,1,1
0.287,0.27,0.365,0,0,1,1
0.287,0.27,0.368,0,0,1,1
0.287,0.27,0.371,0,0,1,1
0.287,0.27,0.374,0,0,1,1
0.287,0.27,0.377,0,0,1,1
0.287,0.27,0.38,0,0,1,1
0.287,0.27,0.383,0,0,1,1
0.287,0.27,0.386,0,0,1,1
0.287,0.27,0.389,0,0,1,1
0.287,0.27,0.392,0,0,1,1
0.287,0.27,0.395,0,0,1,1
0.287,0.27,0.398,0,0,1,1
0.287,0.27,0.401,0,0,1,1
0.287,0.27,0.404,0,0,1,1
0.287,0.27,0.407,0,0,1,1
0.287,0.27,0.41,0,0,1,1
0.287,0.27,0.413,0,0,1,1
0.287,0.27,0.416,0,0,1,1
0.287,0.27,0.419,0,0,1,1
0.287,0.27,0.422,0,0,1,1
0.287,0.27,0.425,0,0,1,1
0.287,0.27,0.427999,0,0,1,1
0.287,0.27,0.430999,0,0,1,1
0.287,0.27,0.433999,0,0,1,1
0.287,0.27,0.436999,0,0,1,1
0.287,0.27,0.439999,0,0,1,1
0.29,0.27,0.26,0,0,1,1
0.29,0.27,0.263,0,0,1,1
0.29,0.27,0.266,0,0,1,1
0.29,0.27,0.269,0,0,1,1
0.29,0.27,0.272,0,0,1,1
0.29,0.27,0.275,0,0,1,1
0.29,0.27,0.278,0,0,1,1
0.29,0.27,0.281,0,0,1,1
0.29,0.27,0.284,0,0,1,1
0.29,0.27,0.287,0,0,1,1
0.29,0.27,0.29,0,0,1,1
0.29,0.27,0.293,0,0,1,1
0.29,0.27,0.296,0,0,1,1
0.29,0.27,0.299,0,0,1,1
0.29,0.27,0.302,0,0,1,1
0.29,0.27,0.305,0,0,1,1
0.29,0.27,0.308,0,0,1,1
0.29,0.27,0.311,0,0,1,1
0.29,0.27,0.314,0,0,1,1
0.29,0.27,0.317,0,0,1,1
0.29,0.27,0.32,0,0,1,1
0.29,0.27,0.323,0,0,1,1
0.29,0.27,0.326,0,0,1,1
0.29,0.27,0.329,0,0,1,1
0.29,0.27,0.332,0,0,1,1
0.29,0.27,0.335,0,0,1,1
0.29,0.27,0.338,0,0,1,1
0.29,0.27,0.341,0,0,1,1
0.29,0.27,0.344,0,0,1,1
0.29,0.27,0.347,0,0,1,1
0.29,0.27,0.35,0,0,1,1
0.29,0.27,0.353,0,0,1,1
0.29,0.27,0.356,0,0,1,1
0.29,0.27,0.359,0,0,1,1
0.29,0.27,0.362,0,0,1,1
0.29,0.27,0.365,0,0,1,1
0.29,0.27,0.368,0,0,1,1
0.29,0.27,0.371,0,0,1,1
0.29,0.27,0.374,0,0,1,1
0.29,0.27,0.377,0,0,1,1
0.29,0.27,0.38,0,0,1,1
0.29,0.27,0.383,0,0,1,1
0.29,0.27,0.386,0,0,1,1
0.29,0.27,0.389,0,0,1,1
0.29,0.27,0.392,0,0,1,1
0.29,0.27,0.395,0,0,1,1
0.29,0.27,0.398,0,0,1,1
0.29,0.27,0.401,0,0,1,1
0.29,0.27,0.404,0,0,1,1
0.29,0.27,0.407,0,0,1,1
0.29,0.27,0.41,0,0,1,1
0.29,0.27,0.413,0,0,1,1
0.29,0.27,0.416,0,0,1,1
0.29,0.27,0.419,0,0,1,1
0.29,0.27,0.422,0,0,1,1
0.29,0.27,0.425,0,0,1,1
0.29,0.27,0.427999,0,0,1,1
0.29,0.27,0.430999,0,0,1,1
0.29,0.27,0.433999,0,0,1,1
0.29,0.27,0.436999,0,0,1,1
0.29,0.27,0.439999,0,0,1,1
0.293,0.27,0.26,0,0,1,1
0.293,0.27,0.263,0,0,1,1
0.293,0.27,0.266,0,0,1,1
0.293,0.27,0.269,0,0,1,1
0.293,0.27,0.272,0,0,1,1
0.293,0.27,0.275,0,0,1,1
0.293,0.27,0.278,0,0,1,1
0.293,0.27,0.281,0,0,1,1
0.293,0.27,0.284,0,0,1,1
0.293,0.27,0.287,0,0,1,1
0.293,0.27,0.29,0,0,1,1
0.293,0.27,0.293,0,0,1,1
0.293,0.27,0.296,0,0,1,1
0.293,0.27,0.299,0,0,1,1
0.293,0.27,0.302,0,0,1,1
0.293,0.27,0.305,0,0,1,1
0.293,0.27,0.308,0,0,1,1
0.293,0.27,0.311,0,0,1,1
0.293,0.27,0.314,0,0,1,1
0.293,0.27,0.317,0,0,1,1
0.293,0.27,0.32,0,0,1,1
0.293,0.27,0.323,0,0,1,1
0.293,0.27,0.326,0,0,1,1
0.293,0.27,0.329,0,0,1,1
0.293,0.27,0.332,0,0,1,1
0.293,0.27,0.335,0,0,1,1
0.293,0.27,0.338,0,0,1,1
0.293,0.27,0.341,0,0,1,1
0.293,0.27,0.344,0,0,1,1
0.293,0.27,0.347,0,0,1,1
0.293,0.27,0.35,0,0,1,1
0.293,0.27,0.353,0,0,1,1
0.293,0.27,0.356,0,0,1,1
0.293,0.27,0.359,0,0,1,1
0.293,0.27,0.362,0,0,1,1
0.293,0.27,0.365,0,0,1,1
0.293,0.27,0.368,0,0,1,1
0.293,0.27,0.371,0,0,1,1
0.293,0.27,0.374,0,0,1,1
0.293,0.27,0.377,0,0,1,1
0.293,0.27,0.38,0,0,1,1
0.293,0.27,0.383,0,0,1,1
0.293,0.27,0.386,0,0,1,1
0.293,0.27,0.389,0,0,1,1
0.293,0.27,0.392,0,0,1,1
0.293,0.27,0.395,0,0,1,1
0.293,0.27,0.398,0,0,1,1
0.293,0.27,0.401,0,0,1,1
0.293,0.27,0.404,0,0,1,1
0.293,0.27,0.407,0,0,1,1
0.293,0.27,0.41,0,0,1,1
0.293,0.27,0.413,0,0,1,1
0.293,0.27,0.416,0,0,1,1
0.293,0.27,0.419,0,0,1,1
0.293,0.27,0.422,0,0,1,1
0.293,0.27,0.425,0,0,1,1
0.293,0.27,0.427999,0,0,1,1
0.293,0.27,0.430999,0,0,1,1
0.293,0.27,0.433999,0,0,1,1
0.293,0.27,0.436999,0,0,1,1
0.293,0.27,0.439999,0,0,1,1
0.296,0.27,0.26,0,0,1,1
0.296,0.27,0.263,0,0,1,1
0.296,0.27,0.266,0,0,1,1
0.296,0.27,0.269,0,0,1,1
0.296,0.27,0.272,0,0,1,1
0.296,0.27,0.275,0,0,1,1
0.296,0.27,0.278,0,0,1,1
0.296,0.27,0.281,0,0,1,1
0.296,0.27,0.284,0,0,1,1
0.296,0.27,0.287,0,0,1,1
0.296,0.27,0.29,0,0,1,1
0.296,0.27,0.293,0,0,1,1
0.296,0.27,0.296,0,0,1,1
0.296,0.27,0.299,0,0,1,1
0.296,0.27,0.302,0,0,1,1
0.296,0.27,0.305,0,0,1,1
0.296,0.27,0.308,0,0,1,1
0.296,0.27,0.311,0,0,1,1
0.296,0.27,0.314,0,0,1,1
0.296,0.27,0.317,0,0,1,1
0.296,0.27,0.32,0,0,1,1
0.296,0.27,0.323,0,0,1,1
0.296,0.27,0.326,0,0,1,1
0.296,0.27,0.329,0,0,1,1
0.296,0.27,0.332,0,0,1,1
0.296,0.27,0.335,0,0,1,1
0.296,0.27,0.338,0,0,1,1
0.296,0.27,0.341,0,0,1,1
0.296,0.27,0.344,0,0,1,1
0.296,0.27,0.347,0,0,1,1
0.296,0.27,0.35,0,0,1,1
0.296,0.27,0.353,0,0,1,1
0.296,0.27,0.356,0,0,1,1
0.296,0.27,0.359,0,0,1,1
0.296,0.27,0.362,0,0,1,1
0.296,0.27,0.365,0,0,1,1
0.296,0.27,0.368,0,0,1,1
0.296,0.27,0.371,0,0,1,1
0.296,0.27,0.374,0,0,1,1
0.296,0.27,0.377,0,0,1,1
0.296,0.27,0.38,0,0,1,1
0.296,0.27,0.383,0,0,1,1
0.296,0.27,0.386,0,0,1,1
0.296,0.27,0.389,0,0,1,1
0.296,0.27,0.392,0,0,1,1
0.296,0.27,0.395,0,0,1,1
0.296,0.27,0.398,0,0,1,1
0.296,0.27,0.401,0,0,1,1
0.296,0.27,0.404,0,0,1,1
0.296,0.27,0.407,0,0,1,1
0.296,0.27,0.41,0,0,1,1
0.296,0.27,0.413,0,0,1,1
0.296,0.27,0.416,0,0,1,1
0.296,0.27,0.419,0,0,1,1
0.296,0.27,0.422,0,0,1,1
0.296,0.27,0.425,0,0,1,1
0.296,0.27,0.427999,0,0,1,1
0.296,0.27,0.430999,0,0,1,1
0.296,0.27,0.433999,0,0,1,1
0.296,0.27,0.436999,0,0,1,1
0.296,0.27,0.439999,0,0,1,1
0.299,0.27,0.26,0,0,1,1
0.299,0.27,0.263,0,0,1,1
0.299,0.27,0.266,0,0,1,1
0.299,0.27,0.269,0,0,1,1
0.299,0.27,0.272,0,0,1,1
0.299,0.27,0.275,0,0,1,1
0.299,0.27,0.278,0,0,1,1
0.299,0.27,0.281,0,0,1,1
0.299,0.27,0.284,0,0,1,1
0.299,0.27,0.287,0,0,1,1
0.299,0.27,0.29,0,0,1,1
0.299,0.27,0.293,0,0,1,1
0.299,0.27,0.296,0,0,1,1
0.299,0.27,0.299,0,0,1,1
0.299,0.27,0.302,0,0,1,1
0.299,0.27,0.305,0,0,1,1
0.299,0.27,0.308,0,0,1,1
0.299,0.27,0.311,0,0,1,1
0.299,0.27,0.314,0,0,1,1
0.299,0.27,0.317,0,0,1,1
0.299,0.27,0.32,0,0,1,1
0.299,0.27,0.323,0,0,1,1
0.299,0.27,0.326,0,0,1,1
0.299,0.27,0.329,0,0,1,1
0.299,0.27,0.332,0,0,1,1
0.299,0.27,0.335,0,0,1,1
0.299,0.27,0.338,0,0,1,1
0.299,0.27,0.341,0,0,1,1
0.299,0.27,0.344,0,0,1,1
0.299,0.27,0.347,0,0,1,1
0.299,0.27,0.35,0,0,1,1
0.299,0.27,0.353,0,0,1,1
0.299,0.27,0.356,0,0,1,1
0.299,0.27,0.359,0,0,1,1
0.299,0.27,0.362,0,0,1,1
0.299,0.27,0.365,0,0,1,1
0.299,0.27,0.368,0,0,1,1
0.299,0.27,0.371,0,0,1,1
0.299,0.27,0.374,0,0,1,1
0.299,0.27,0.377,0,0,1,1
0.299,0.27,0.38,0,0,1,1
0.299,0.27,0.383,0,0,1,1
0.299,0.27,0.386,0,0,1,1
0.299,0.27,0.389,0,0,1,1
0.299,0.27,0.392,0,0,1,1
0.299,0.27,0.395,0,0,1,1
0.299,0.27,0.398,0,0,1,1
0.299,0.27,0.401,0,0,1,1
0.299,0.27,0.404,0,0,1,1
0.299,0.27,0.407,0,0,1,1
0.299,0.27,0.41,0,0,1,1
0.299,0.27,0.413,0,0,1,1
0.299,0.27,0.416,0,0,1,1
0.299,0.27,0.419,0,0,1,1
0.299,0.27,0.422,0,0,1,1
0.299,0.27,0.425,0,0,1,1
0.299,0.27,0.427999,0,0,1,1
0.299,0.27,0.430999,0,0,1,1
0.299,0.27,0.433999,0,0,1,1
0.299,0.27,0.436999,0,0,1,1
0.299,0.27,0.439999,0,0,1,1
0.302,0.27,0.26,0,0,1,1
0.302,0.27,0.263,0,0,1,1
0.302,0.27,0.266,0,0,1,1
0.302,0.27,0.269,0,0,1,1
0.302,0.27,0.272,0,0,1,1
0.302,0.27,0.275,0,0,1,1
0.302,0.27,0.278,0,0,1,1
0.302,0.27,0.281,0,0,1,1
0.302,0.27,0.284,0,0,1,1
0.302,0.27,0.287,0,0,1,1
0.302,0.27,0.29,0,0,1,1
0.302,0.27,0.293,0,0,1,1
0.302,0.27,0.296,0,0,1,1
0.302,0.27,0.299,0,0,1,1
0.302,0.27,0.302,0,0,1,1
0.302,0.27,0.305,0,0,1,1
0.302,0.27,0.308,0,0,1,1
0.302,0.27,0.311,0,0,1,1
0.302,0.27,0.314,0,0,1,1
0.302,0.27,0.317,0,0,1,1
0.302,0.27,0.32,0,0,1,1
0.302,0.27,0.323,0,0,1,1
0.302,0.27,0.326,0,0,1,1
0.302,0.27,0.329,0,0,1,1
0.302,0.27,0.332,0,0,1,1
0.302,0.27,0.335,0,0,1,1
0.302,0.27,0.338,0,0,1,1
0.302,0.27,0.341,0,0,1,1
0.302,0.27,0.344,0,0,1,1
0.302,0.27,0.347,0,0,1,1
0.302,0.27,0.35,0,0,1,1
0.302,0.27,0.353,0,0,1,1
0.302,0.27,0.356,0,0,1,1
0.302,0.27,0.359,0,0,1,1
0.302,0.27,0.362,0,0,1,1
0.302,0.27,0.365,0,0,1,1
0.302,0.27,0.368,0,0,1,1
0.302,0.27,0.371,0,0,1,1
0.302,0.27,0.374,0,0,1,1
0.302,0.27,0.377,0,0,1,1
0.302,0.27,0.38,0,0,1,1
0.302,0.27,0.383,0,0,1,1
0.302,0.27,0.386,0,0,1,1
0.302,0.27,0.389,0,0,1,1
0.302,0.27,0.392,0,0,1,1
0.302,0.27,0.395,0,0,1,1
0.302,0.27,0.398,0,0,1,1
0.302,0.27,0.401,0,0,1,1
0.302,0.27,0.404,0,0,1,1
0.302,0.27,0.407,0,0,1,1
0.302,0.27,0.41,0,0,1,1
0.302,0.27,0.413,0,0,1,1
0.302,0.27,0.416,0,0,1,1
0.302,0.27,0.419,0,0,1,1
0.302,0.27,0.422,0,0,1,1
0.302,0.27,0.425,0,0,1,1
0.302,0.27,0.427999,0,0,1,1
0.302,0.27,0.430999,0,0,1,1
0.302,0.27,0.433999,0,0,1,1
0.302,0.27,0.436999,0,0,1,1
0.302,0.27,0.439999,0,0,1,1
0.305,0.27,0.26,0,0,1,1
0.305,0.27,0.263,0,0,1,1
0.305,0.27,0.266,0,0,1,1
0.305,0.27,0.269,0,0,1,1
0.305,0.27,0.272,0,0,1,1
0.305,0.27,0.275,0,0,1,1
0.305,0.27,0.278,0,0,1,1
0.305,0.27,0.281,0,0,1,1
0.305,0.27,0.284,0,0,1,1
0.305,0.27,0.287,0,0,1,1
0.305,0.27,0.29,0,0,1,1
0.305,0.27,0.293,0,0,1,1
0.305,0.27,0.296,0,0,1,1
0.305,0.27,0.299,0,0,1,1
0.305,0.27,0.302,0,0,1,1
0.305,0.27,0.305,0,0,1,1
0.305,0.27,0.308,0,0,1,1
0.305,0.27,0.311,0,0,1,1
0.305,0.27,0.314,0,0,1,1
0.305,0.27,0.317,0,0,1,1
0.305,0.27,0.32,0,0,1,1
0.305,0.27,0.323,0,0,1,1
0.305,0.27,0.326,0,0,1,1
0.305,0.27,0.329,0,0,1,1
0.305,0.27,0.332,0,0,1,1
0.305,0.27,0.335,0,0,1,1
0.305,0.27,0.338,0,0,1,1
0.305,0.27,0.341,0,0,1,1
0.305,0.27,0.344,0,0,1,1
0.305,0.27,0.347,0,0,1,1
0.305,0.27,0.35,0,0,1,1
0.305,0.27,0.353,0,0,1,1
0.305,0.27,0.356,0,0,1,1
0.305,0.27,0.359,0,0,1,1
0.305,0.27,0.362,0,0,1,1
0.305,0.27,0.365,0,0,1,1
0.305,0.27,0.368,0,0,1,1
0.305,0.27,0.371,0,0,1,1
0.305,0.27,0.374,0,0,1,1
0.305,0.27,0.377,0,0,1,1
0.305,0.27,0.38,0,0,1,1
0.305,0.27,0.383,0,0,1,1
0.305,0.27,0.386,0,0,1,1
0.305,0.27,0.389,0,0,1,1
0.305,0.27,0.392,0,0,1,1
0.305,0.27,0.395,0,0,1,1
0.305,0.27,0.398,0,0,1,1
0.305,0.27,0.401,0,0,1,1
0.305,0.27,0.404,0,0,1,1
0.305,0.27,0.407,0,0,1,1
0.305,0.27,0.41,0,0,1,1
0.305,0.27,0.413,0,0,1,1
0.305,0.27,0.416,0,0,1,1
0.305,0.27,0.419,0,0,1,1
0.305,0.27,0.422,0,0,1,1
0.305,0.27,0.425,0,0,1,1
0.305,0.27,0.427999,0,0,1,1
0.305,0.27,0.430999,0,0,1,1
0.305,0.27,0.433999,0,0,1,1
0.305,0.27,0.436999,0,0,1,1
0.305,0.27,0.439999,0,0,1,1
0.308,0.27,0.26,0,0,1,1
0.308,0.27,0.263,0,0,1,1
0.308,0.27,0.266,0,0,1,1
0.308,0.27,0.269,0,0,1,1
0.308,0.27,0.272,0,0,1,1
0.308,0.27,0.275,0,0,1,1
0.308,0.27,0.278,0,0,1,1
0.308,0.27,0.281,0,0,1,1
0.308,0.27,0.284,0,0,1,1
0.308,0.27,0.287,0,0,1,1
0.308,0.27,0.29,0,0,1,1
0.308,0.27,0.293,0,0,1,1
0.308,0.27,0.296,0,0,1,1
0.308,0.27,0.299,0,0,1,1
0.308,0.27,0.302,0,0,1,1
0.308,0.27,0.305,0,0,1,1
0.308,0.27,0.308,0,0,1,1
0.308,0.27,0.311,0,0,1,1
0.308,0.27,0.314,0,0,1,1
0.308,0.27,0.317,0,0,1,1
0.308,0.27,0.32,0,0,1,1
0.308,0.27,0.323,0,0,1,1
0.308,0.27,0.326,0,0,1,1
0.308,0.27,0.329,0,0,1,1
0.308,0.27,0.332,0,0,1,1
0.308,0.27,0.335,0,0,1,1
0.308,0.27,0.338,0,0,1,1
0.308,0.27,0.341,0,0,1,1
0.308,0.27,0.344,0,0,1,1
0.308,0.27,0.347,0,0,1,1
0.308,0.27,0.35,0,0,1,1
0.308,0.27,0.353,0,0,1,1
0.308,0.27,0.356,0,0,1,1
0.308,0.27,0.359,0,0,1,1
0.308,0.27,0.362,0,0,1,1
0.308,0.27,0.365,0,0,1,1
0.308,0.27,0.368,0,0,1,1
0.308,0.27,0.371,0,0,1,1
0.308,0.27,0.374,0,0,1,1
0.308,0.27,0.377,0,0,1,1
0.308,0.27,0.38,0,0,1,1
0.308,0.27,0.383,0,0,1,1
0.308,0.27,0.386,0,0,1,1
0.308,0.27,0.389,0,0,1,1
0.308,0.27,0.392,0,0,1,1
0.308,0.27,0.395,0,0,1,1
0.308,0.27,0.398,0,0,1,1
0.308,0.27,0.401,0,0,1,1
0.308,0.27,0.404,0,0,1,1
0.308,0.27,0.407,0,0,1,1
0.308,0.27,0.41,0,0,1,1
0.308,0.27,0.413,0,0,1,1
0.308,0.27,0.416,0,0,1,1
0.308,0.27,0.419,0,0,1,1
0.308,0.27,0.422,0,0,1,1
0.308,0.27,0.425,0,0,1,1
0.308,0.27,0.427999,0,0,1,1
0.308,0.27,0.430999,0,0,1,1
0.308,0.27,0.433999,0,0,1,1
0.308,0.27,0.436999,0,0,1,1
0.308,0.27,0.439999,0,0,1,1
0.311,0.27,0.26,0,0,1,1
0.311,0.27,0.263,0,0,1,1
0.311,0.27,0.266,0,0,1,1
0.311,0.27,0.269,0,0,1,1
0.311,0.27,0.272,0,0,1,1
0.311,0.27,0.275,0,0,1,1
0.311,0.27,0.278,0,0,1,1
0.311,0.27,0.281,0,0,1,1
0.311,0.27,0.284,0,0,1,1
0.311,0.27,0.287,0,0,1,1
0.311,0.27,0.29,0,0,1,1
0.311,0.27,0.293,0,0,1,1
0.311,0.27,0.296,0,0,1,1
0.311,0.27,0.299,0,0,1,1
0.311,0.27,0.302,0,0,1,1
0.311,0.27,0.305,0,0,1,1
0.311,0.27,0.308,0,0,1,1
0.311,0.27,0.311,0,0,1,1
0.311,0.27,0.314,0,0,1,1
0.311,0.27,0.317,0,0,1,1
0.311,0.27,0.32,0,0,1,1
0.311,0.27,0.323,0,0,1,1
0.311,0.27,0.326,0,0,1,1
0.311,0.27,0.329,0,0,1,1
0.311,0.27,0.332,0,0,1,1
0.311,0.27,0.335,0,0,1,1
0.311,0.27,0.338,0,0,1,1
0.311,0.27,0.341,0,0,1,1
0.311,0.27,0.344,0,0,1,1
0.311,0.27,0.347,0,0,1,1
0.311,0.27,0.35,0,0,1,1
0.311,0.27,0.353,0,0,1,1
0.311,0.27,0.356,0,0,1,1
0.311,0.27,0.359,0,0,1,1
0.311,0.27,0.362,0,0,1,1
0.311,0.27,0.365,0,0,1,1
0.311,0.27,0.368,0,0,1,1
0.311,0.27,0.371,0,0,1,1
0.311,0.27,0.374,0,0,1,1
0.311,0.27,0.377,0,0,1,1
0.311,0.27,0.38,0,0,1,1
0.311,0.27,0.383,0,0,1,1
0.311,0.27,0.386,0,0,1,1
0.311,0.27,0.389,0,0,1,1
0.311,0.27,0.392,0,0,1,1
0.311,0.27,0.395,0,0,1,1
0.311,0.27,0.398,0,0,1,1
0.311,0.27,0.401,0,0,1,1
0.311,0.27,0.404,0,0,1,1
0.311,0.27,0.407,0,0,1,1
0.311,0.27,0.41,0,0,1,1
0.311,0.27,0.413,0,0,1,1
0.311,0.27,0.416,0,0,1,1
0.311,0.27,0.419,0,0,1,1
0.311,0.27,0.422,0,0,1,1
0.311,0.27,0.425,0,0,1,1
0.311,0.27,0.427999,0,0,1,1
0.311,0.27,0.430999,0,0,1,1
0.311,0.27,0.433999,0,0,1,1
0.311,0.27,0.436999,0,0,1,1
0.311,0.27,0.439999,0,0,1,1
0.314,0.27,0.26,0,0,1,1
0.314,0.27,0.263,0,0,1,1
0.314,0.27,0.266,0,0,1,1
0.314,0.27,0.269,0,0,1,1
0.314,0.27,0.272,0,0,1,1
0.314,0.27,0.275,0,0,1,1
0.314,0.27,0.278,0,0,1,1
0.314,0.27,0.281,0,0,1,1
0.314,0.27,0.284,0,0,1,1
0.314,0.27,0.287,0,0,1,1
0.314,0.27,0.29,0,0,1,1
0.314,0.27,0.293,0,0,1,1
0.314,0.27,0.296,0,0,1,1
0.314,0.27,0.299,0,0,1,1
0.314,0.27,0.302,0,0,1,1
0.314,0.27,0.305,0,0,1,1
0.314,0.27,0.308,0,0,1,1
0.314,0.27,0.311,0,0,1,1
0.314,0.27,0.314,0,0,1,1
0.314,0.27,0.317,0,0,1,1
0.314,0.27,0.32,0,0,1,1
0.314,0.27,0.323,0,0,1,1
0.314,0.27,0.326,0,0,1,1
0.314,0.27,0.329,0,0,1,1
0.314,0.27,0.332,0,0,1,1
0.314,0.27,0.335,0,0,1,1
0.314,0.27,0.338,0,0,1,1
0.314,0.27,0.341,0,0,1,1
0.314,0.27,0.344,0,0,1,1
0.314,0.27,0.347,0,0,1,1
0.314,0.27,0.35,0,0,1,1
0.314,0.27,0.353,0,0,1,1
0.314,0.27,0.356,0,0,1,1
0.314,0.27,0.359,0,0,1,1
0.314,0.27,0.362,0,0,1,1
0.314,0.27,0.365,0,0,1,1
0.314,0.27,0.368,0,0,1,1
0.314,0.27,0.371,0,0,1,1
0.314,0.27,0.374,0,0,1,1
0.314,0.27,0.377,0,0,1,1
0.314,0.27,0.38,0,0,1,1
0.314,0.27,0.383,0,0,1,1
0.314,0.27,0.386,0,0,1,1
0.314,0.27,0.389,0,0,1,1
0.314,0.27,0.392,0,0,1,1
0.314,0.27,0.395,0,0,1,1
0.314,0.27,0.398,0,0,1,1
0.314,0.27,0.401,0,0,1,1
0.314,0.27,0.404,0,0,1,1
0.314,0.27,0.407,0,0,1,1
0.314,0.27,0.41,0,0,1,1
0.314,0.27,0.413,0,0,1,1
0.314,0.27,0.416,0,0,1,1
0.314,0.27,0.419,0,0,1,1
0.314,0.27,0.422,0,0,1,1
0.314,0.27,0.425,0,0,1,1
0.314,0.27,0.427999,0,0,1,1
0.314,0.27,0.430999,0,0,1,1
0.314,0.27,0.433999,0,0,1,1
0.314,0.27,0.436999,0,0,1,1
0.314,0.27,0.439999,0,0,1,1
0.317,0.27,0.26,0,0,1,1
0.317,0.27,0.263,0,0,1,1
0.317,0.27,0.266,0,0,1,1
0.317,0.27,0.269,0,0,1,1
0.317,0.27,0.272,0,0,1,1
0.317,0.27,0.275,0,0,1,1
0.317,0.27,0.278,0,0,1,1
0.317,0.27,0.281,0,0,1,1
0.317,0.27,0.284,0,0,1,1
0.317,0.27,0.287,0,0,1,1
0.317,0.27,0.29,0,0,1,1
0.317,0.27,0.293,0,0,1,1
0.317,0.27,0.296,0,0,1,1
0.317,0.27,0.299,0,0,1,1
0.317,0.27,0.302,0,0,1,1
0.317,0.27,0.305,0,0,1,1
0.317,0.27,0.308,0,0,1,1
0.317,0.27,0.311,0,0,1,1
0.317,0.27,0.314,0,0,1,1
0.317,0.27,0.317,0,0,1,1
0.317,0.27,0.32,0,0,1,1
0.317,0.27,0.323,0,0,1,1
0.317,0.27,0.326,0,0,1,1
0.317,0.27,0.329,0,0,1,1
0.317,0.27,0.332,0,0,1,1
0.317,0.27,0.335,0,0,1,1
0.317,0.27,0.338,0,0,1,1
0.317,0.27,0.341,0,0,1,1
0.317,0.27,0.344,0,0,1,1
0.317,0.27,0.347,0,0,1,1
0.317,0.27,0.35,0,0,1,1
0.317,0.27,0.353,0,0,1,1
0.317,0.27,0.356,0,0,1,1
0.317,0.27,0.359,0,0,1,1
0.317,0.27,0.362,0,0,1,1
0.317,0.27,0.365,0,0,1,1
0.317,0.27,0.368,0,0,1,1
0.317,0.27,0.371,0,0,1,1
0.317,0.27,0.374,0,0,1,1
0.317,0.27,0.377,0,0,1,1
0.317,0.27,0.38,0,0,1,1
0.317,0.27,0.383,0,0,1,1
0.317,0.27,0.386,0,0,1,1
0.317,0.27,0.389,0,0,1,1
0.317,0.27,0.392,0,0,1,1
0.317,0.27,0.395,0,0,1,1
0.317,0.27,0.398,0,0,1,1
0.317,0.27,0.401,0,0,1,1
0.317,0.27,0.404,0,0,1,1
0.317,0.27,0.407,0,0,1,1
0.317,0.27,0.41,0,0,1,1
0.317,0.27,0.413,0,0,1,1
0.317,0.27,0.416,0,0,1,1
0.317,0.27,0.419,0,0,1,1
0.317,0.27,0.422,0,0,1,1
0.317,0.27,0.425,0,0,1,1
0.317,0.27,0.427999,0,0,1,1
0.317,0.27,0.430999,0,0,1,1
0.317,0.27,0.433999,0,0,1,1
0.317,0.27,0.436999,0,0,1,1
0.317,0.27,0.439999,0,0,1,1
0.32,0.27,0.26,0,0,1,1
0.32,0.27,0.263,0,0,1,1
0.32,0.27,0.266,0,0,1,1
0.32,0.27,0.269,0,0,1,1
0.32,0.27,0.272,0,0,1,1
0.32,0.27,0.275,0,0,1,1
0.32,0.27,0.278,0,0,1,1
0.32,0.27,0.281,0,0,1,1
0.32,0.27,0.284,0,0,1,1
0.32,0.27,0.287,0,0,1,1
0.32,0.27,0.29,0,0,1,1
0.32,0.27,0.293,0,0,1,1
0.32,0.27,0.296,0,0,1,1
0.32,0.27,0.299,0,0,1,1
0.32,0.27,0.302,0,0,1,1
0.32,0.27,0.305,0,0,1,1
0.32,0.27,0.308,0,0,1,1
0.32,0.27,0.311,0,0,1,1
0.32,0.27,0.314,0,0,1,1
0.32,0.27,0.317,0,0,1,1
0.32,0.27,0.32,0,0,1,1
0.32,0.27,0.323,0,0,1,1
0.32,0.27,0.326,0,0,1,1
0.32,0.27,0.329,0,0,1,1
0.32,0.27,0.332,0,0,1,1
0.32,0.27,0.335,0,0,1,1
0.32,0.27,0.338,0,0,1,1
0.32,0.27,0.341,0,0,1,1
0.32,0.27,0.344,0,0,1,1
0.32,0.27,0.347,0,0,1,1
0.32,0.27,0.35,0,0,1,1
0.32,0.27,0.353,0,0,1,1
0.32,0.27,0.356,0,0,1,1
0.32,0.27,0.359,0,0,1,1
0.32,0.27,0.362,0,0,1,1
0.32,0.27,0.365,0,0,1,1
0.32,0.27,0.368,0,0,1,1
0.32,0.27,0.371,0,0,1,1
0.32,0.27,0.374,0,0,1,1
0.32,0.27,0.377,0,0,1,1
0.32,0.27,0.38,0,0,1,1
0.32,0.27,0.383,0,0,1,1
0.32,0.27,0.386,0,0,1,1
0.32,0.27,0.389,0,0,1,1
0.32,0.27,0.392,0,0,1,1
0.32,0.27,0.395,0,0,1,1
0.32,0.27,0.398,0,0,1,1
0.32,0.27,0.401,0,0,1,1
0.32,0.27,0.404,0,0,1,1
0.32,0.27,0.407,0,0,1,1
0.32,0.27,0.41,0,0,1,1
0.32,0.27,0.413,0,0,1,1
0.32,0.27,0.416,0,0,1,1
0.32,0.27,0.419,0,0,1,1
0.32,0.27,0.422,0,0,1,1
0.32,0.27,0.425,0,0,1,1
0.32,0.27,0.427999,0,0,1,1
0.32,0.27,0.430999,0,0,1,1
0.32,0.27,0.433999,0,0,1,1
0.32,0.27,0.436999,0,0,1,1
0.32,0.27,0.439999,0,0,1,1
0.323,0.27,0.26,0,0,1,1
0.323,0.27,0.263,0,0,1,1
0.323,0.27,0.266,0,0,1,1
0.323,0.27,0.269,0,0,1,1
0.323,0.27,0.272,0,0,1,1
0.323,0.27,0.275,0,0,1,1
0.323,0.27,0.278,0,0,1,1
0.323,0.27,0.281,0,0,1,1
0.323,0.27,0.284,0,0,1,1
0.323,0.27,0.287,0,0,1,1
0.323,0.27,0.29,0,0,1,1
0.323,0.27,0.293,0,0,1,1
0.323,0.27,0.296,0,0,1,1
0.323,0.27,0.299,0,0,1,1
0.323,0.27,0.302,0,0,1,1
0.323,0.27,0.305,0,0,1,1
0.323,0.27,0.308,0,0,1,1
0.323,0.27,0.311,0,0,1,1
0.323,0.27,0.314,0,0,1,1
0.323,0.27,0.317,0,0,1,1
0.323,0.27,0.32,0,0,1,1
0.323,0.27,0.323,0,0,1,1
0.323,0.27,0.326,0,0,1,1
0.323,0.27,0.329,0,0,1,1
0.323,0.27,0.332,0,0,1,1
0.323,0.27,0.335,0,0,1,1
0.323,0.27,0.338,0,0,1,1
0.323,0.27,0.341,0,0,1,1
0.323,0.27,0.344,0,0,1,1
0.323,0.27,0.347,0,0,1,1
0.323,0.27,0.35,0,0,1,1
0.323,0.27,0.353,0,0,1,1
0.323,0.27,0.356,0,0,1,1
0.323,0.27,0.359,0,0,1,1
0.323,0.27,0.362,0,0,1,1
0.323,0.27,0.365,0,0,1,1
0.323,0.27,0.368,0,0,1,1
0.323,0.27,0.371,0,0,1,1
0.323,0.27,0.374,0,0,1,1
0.323,0.27,0.377,0,0,1,1
0.323,0.27,0.38,0,0,1,1
0.323,0.27,0.383,0,0,1,1
0.323,0.27,0.386,0,0,1,1
0.323,0.27,0.389,0,0,1,1
0.323,0.27,0.392,0,0,1,1
0.323,0.27,0.395,0,0,1,1
0.323,0.27,0.398,0,0,1,1
0.323,0.27,0.401,0,0,1,1
0.323,0.27,0.404,0,0,1,1
0.323,0.27,0.407,0,0,1,1
0.323,0.27,0.41,0,0,1,1
0.323,0.27,0.413,0,0,1,1
0.323,0.27,0.416,0,0,1,1
0.323,0.27,0.419,0,0,1,1
0.323,0.27,0.422,0,0,1,1
0.323,0.27,0.425,0,0,1,1
0.323,0.27,0.427999,0,0,1,1
0.323,0.27,0.430999,0,0,1,1
0.323,0.27,0.433999,0,0,1,1
0.323,0.27,0.436999,0,0,1,1
0.323,0.27,0.439999,0,0,1,1
0.326,0.27,0.26,0,0,1,1
0.326,0.27,0.263,0,0,1,1
0.326,0.27,0.266,0,0,1,1
0.326,0.27,0.269,0,0,1,1
0.326,0.27,0.272,0,0,1,1
0.326,0.27,0.275,0,0,1,1
0.326,0.27,0.278,0,0,1,1
0.326,0.27,0.281,0,0,1,1
0.326,0.27,0.284,0,0,1,1
0.326,0.27,0.287,0,0,1,1
0.326,0.27,0.29,0,0,1,1
0.326,0.27,0.293,0,0,1,1
0.326,0.27,0.296,0,0,1,1
0.326,0.27,0.299,0,0,1,1
0.326,0.27,0.302,0,0,1,1
0.326,0.27,0.305,0,0,1,1
0.326,0.27,0.308,0,0,1,1
0.326,0.27,0.311,0,0,1,1
0.326,0.27,0.314,0,0,1,1
0.326,0.27,0.317,0,0,1,1
0.326,0.27,0.32,0,0,1,1
0.326,0.27,0.323,0,0,1,1
0.326,0.27,0.326,0,0,1,1
0.326,0.27,0.329,0,0,1,1
0.326,0.27,0.332,0,0,1,1
0.326,0.27,0.335,0,0,1,1
0.326,0.27,0.338,0,0,1,1
0.326,0.27,0.341,0,0,1,1
0.326,0.27,0.344,0,0,1,1
0.326,0.27,0.347,0,0,1,1
0.326,0.27,0.35,0,0,1,1
0.326,0.27,0.353,0,0,1,1
0.326,0.27,0.356,0,0,1,1
0.326,0.27,0.359,0,0,1,1
0.326,0.27,0.362,0,0,1,1
0.326,0.27,0.365,0,0,1,1
0.326,0.27,0.368,0,0,1,1
0.326,0.27,0.371,0,0,1,1
0.326,0.27,0.374,0,0,1,1
0.326,0.27,0.377,0,0,1,1
0.326,0.27,0.38,0,0,1,1
0.326,0.27,0.383,0,0,1,1
0.326,0.27,0.386,0,0,1,1
0.326,0.27,0.389,0,0,1,1
0.326,0.27,0.392,0,0,1,1
0.326,0.27,0.395,0,0,1,1
0.326,0.27,0.398,0,0,1,1
0.326,0.27,0.401,0,0,1,1
0.326,0.27,0.404,0,0,1,1
0.326,0.27,0.407,0,0,1,1
0.326,0.27,0.41,0,0,1,1
0.326,0.27,0.413,0,0,1,1
0.326,0.27,0.416,0,0,1,1
0.326,0.27,0.419,0,0,1,1
0.326,0.27,0.422,0,0,1,1
0.326,0.27,0.425,0,0,1,1
0.326,0.27,0.427999,0,0,1,1
0.326,0.27,0.430999,0,0,1,1
0.326,0.27,0.433999,0,0,1,1
0.326,0.27,0.436999,0,0,1,1
0.326,0.27,0.439999,0,0,1,1
0.329,0.27,0.26,0,0,1,1
0.329,0.27,0.263,0,0,1,1
0.329,0.27,0.266,0,0,1,1
0.329,0.27,0.269,0,0,1,1
0.329,0.27,0.272,0,0,1,1
0.329,0.27,0.275,0,0,1,1
0.329,0.27,0.278,0,0,1,1
0.329,0.27,0.281,0,0,1,1
0.329,0.27,0.284,0,0,1,1
0.329,0.27,0.287,0,0,1,1
0.329,0.27,0.29,0,0,1,1
0.329,0.27,0.293,0,0,1,1
0.329,0.27,0.296,0,0,1,1
0.329,0.27,0.299,0,0,1,1
0.329,0.27,0.302,0,0,1,1
0.329,0.27,0.305,0,0,1,1
0.329,0.27,0.308,0,0,1,1
0.329,0.27,0.311,0,0,1,1
0.329,0.27,0.314,0,0,1,1
0.329,0.27,0.317,0,0,1,1
0.329,0.27,0.32,0,0,1,1
0.329,0.27,0.323,0,0,1,1
0.329,0.27,0.326,0,0,1,1
0.329,0.27,0.329,0,0,1,1
0.329,0.27,0.332,0,0,1,1
0.329,0.27,0.335,0,0,1,1
0.329,0.27,0.338,0,0,1,1
0.329,0.27,0.341,0,0,1,1
0.329,0.27,0.344,0,0,1,1
0.329,0.27,0.347,0,0,1,1
0.329,0.27,0.35,0,0,1,1
0.329,0.27,0.353,0,0,1,1
0.329,0.27,0.356,0,0,1,1
0.329,0.27,0.359,0,0,1,1
0.329,0.27,0.362,0,0,1,1
0.329,0.27,0.365,0,0,1,1
0.329,0.27,0.368,0,0,1,1
0.329,0.27,0.371,0,0,1,1
0.329,0.27,0.374,0,0,1,1
0.329,0.27,0.377,0,0,1,1
0.329,0.27,0.38,0,0,1,1
0.329,0.27,0.383,0,0,1,1
0.329,0.27,0.386,0,0,1,1
0.329,0.27,0.389,0,0,1,1
0.329,0.27,0.392,0,0,1,1
0.329,0.27,0.395,0,0,1,1
0.329,0.27,0.398,0,0,1,1
0.329,0.27,0.401,0,0,1,1
0.329,0.27,0.404,0,0,1,1
0.329,0.27,0.407,0,0,1,1
0.329,0.27,0.41,0,0,1,1
0.329,0.27,0.413,0,0,1,1
0.329,0.27,0.416,0,0,1,1
0.329,0.27,0.419,0,0,1,1
0.329,0.27,0.422,0,0,1,1
0.329,0.27,0.425,0,0,1,1
0.329,0.27,0.427999,0,0,1,1
0.329,0.27,0.430999,0,0,1,1
0.329,0.27,0.433999,0,0,1,1
0.329,0.27,0.436999,0,0,1,1
0.329,0.27,0.439999,0,0,1,1
0.332,0.27,0.26,0,0,1,1
0.332,0.27,0.263,0,0,1,1
0.332,0.27,0.266,0,0,1,1
0.332,0.27,0.269,0,0,1,1
0.332,0.27,0.272,0,0,1,1
0.332,0.27,0.275,0,0,1,1
0.332,0.27,0.278,0,0,1,1
0.332,0.27,0.281,0,0,1,1
0.332,0.27,0.284,0,0,1,1
0.332,0.27,0.287,0,0,1,1
0.332,0.27,0.29,0,0,1,1
0.332,0.27,0.293,0,0,1,1
0.332,0.27,0.296,0,0,1,1
0.332,0.27,0.299,0,0,1,1
0.332,0.27,0.302,0,0,1,1
0.332,0.27,0.305,0,0,1,1
0.332,0.27,0.308,0,0,1,1
0.332,0.27,0.311,0,0,1,1
0.332,0.27,0.314,0,0,1,1
0.332,0.27,0.317,0,0,1,1
0.332,0.27,0.32,0,0,1,1
0.332,0.27,0.323,0,0,1,1
0.332,0.27,0.326,0,0,1,1
0.332,0.27,0.329,0,0,1,1
0.332,0.27,0.332,0,0,1,1
0.332,0.27,0.335,0,0,1,1
0.332,0.27,0.338,0,0,1,1
0.332,0.27,0.341,0,0,1,1
0.332,0.27,0.344,0,0,1,1
0.332,0.27,0.347,0,0,1,1
0.332,0.27,0.35,0,0,1,1
0.332,0.27,0.353,0,0,1,1
0.332,0.27,0.356,0,0,1,1
0.332,0.27,0.359,0,0,1,1
0.332,0.27,0.362,0,0,1,1
0.332,0.27,0.365,0,0,1,1
0.332,0.27,0.368,0,0,1,1
0.332,0.27,0.371,0,0,1,1
0.332,0.27,0.374,0,0,1,1
0.332,0.27,0.377,0,0,1,1
0.332,0.27,0.38,0,0,1,1
0.332,0.27,0.383,0,0,1,1
0.332,0.27,0.386,0,0,1,1
0.332,0.27,0.389,0,0,1,1
0.332,0.27,0.392,0,0,1,1
0.332,0.27,0.395,0,0,1,1
0.332,0.27,0.398,0,0,1,1
0.332,0.27,0.401,0,0,1,1
0.332,0.27,0.404,0,0,1,1
0.332,0.27,0.407,0,0,1,1
0.332,0.27,0.41,0,0,1,1
0.332,0.27,0.413,0,0,1,1
0.332,0.27,0.416,0,0,1,1
0.332,0.27,0.419,0,0,1,1
0.332,0.27,0.422,0,0,1,1
0.332,0.27,0.425,0,0,1,1
0.332,0.27,0.427999,0,0,1,1
0.332,0.27,0.430999,0,0,1,1
0.332,0.27,0.433999,0,0,1,1
0.332,0.27,0.436999,0,0,1,1
0.332,0.27,0.439999,0,0,1,1
0.335,0.27,0.26,0,0,1,1
0.335,0.27,0.263,0,0,1,1
0.335,0.27,0.266,0,0,1,1
0.335,0.27,0.269,0,0,1,1
0.335,0.27,0.272,0,0,1,1
0.335,0.27,0.275,0,0,1,1
0.335,0.27,0.278,0,0,1,1
0.335,0.27,0.281,0,0,1,1
0.335,0.27,0.284,0,0,1,1
0.335,0.27,0.287,0,0,1,1
0.335,0.27,0.29,0,0,1,1
0.335,0.27,0.293,0,0,1,1
0.335,0.27,0.296,0,0,1,1
0.335,0.27,0.299,0,0,1,1
0.335,0.27,0.302,0,0,1,1
0.335,0.27,0.305,0,0,1,1
0.335,0.27,0.308,0,0,1,1
0.335,0.27,0.311,0,0,1,1
0.335,0.27,0.314,0,0,1,1
0.335,0.27,0.317,0,0,1,1
0.335,0.27,0.32,0,0,1,1
0.335,0.27,0.323,0,0,1,1
0.335,0.27,0.326,0,0,1,1
0.335,0.27,0.329,0,0,1,1
0.335,0.27,0.332,0,0,1,1
0.335,0.27,0.335,0,0,1,1
0.335,0.27,0.338,0,0,1,1
0.335,0.27,0.341,0,0,1,1
0.335,0.27,0.344,0,0,1,1
0.335,0.27,0.347,0,0,1,1
0.335,0.27,0.35,0,0,1,1
0.335,0.27,0.353,0,0,1,1
0.335,0.27,0.356,0,0,1,1
0.335,0.27,0.359,0,0,1,1
0.335,0.27,0.362,0,0,1,1
0.335,0.27,0.365,0,0,1,1
0.335,0.27,0.368,0,0,1,1
0.335,0.27,0.371,0,0,1,1
0.335,0.27,0.374,0,0,1,1
0.335,0.27,0.377,0,0,1,1
0.335,0.27,0.38,0,0,1,1
0.335,0.27,0.383,0,0,1,1
0.335,0.27,0.386,0,0,1,1
0.335,0.27,0.389,0,0,1,1
0.335,0.27,0.392,0,0,1,1
0.335,0.27,0.395,0,0,1,1
0.335,0.27,0.398,0,0,1,1
0.335,0.27,0.401,0,0,1,1
0.335,0.27,0.404,0,0,1,1
0.335,0.27,0.407,0,0,1,1
0.335,0.27,0.41,0,0,1,1
0.335,0.27,0.413,0,0,1,1
0.335,0.27,0.416,0,0,1,1
0.335,0.27,0.419,0,0,1,1
0.335,0.27,0.422,0,0,1,1
0.335,0.27,0.425,0,0,1,1
0.335,0.27,0.427999,0,0,1,1
0.335,0.27,0.430999,0,0,1,1
0.335,0.27,0.433999,0,0,1,1
0.335,0.27,0.436999,0,0,1,1
0.335,0.27,0.439999,0,0,1,1
0.338,0.27,0.26,0,0,1,1
0.338,0.27,0.263,0,0,1,1
0.338,0.27,0.266,0,0,1,1
0.338,0.27,0.269,0,0,1,1
0.338,0.27,0.272,0,0,1,1
0.338,0.27,0.275,0,0,1,1
0.338,0.27,0.278,0,0,1,1
0.338,0.27,0.281,0,0,1,1
0.338,0.27,0.284,0,0,1,1
0.338,0.27,0.287,0,0,1,1
0.338,0.27,0.29,0,0,1,1
0.338,0.27,0.293,0,0,1,1
0.338,0.27,0.296,0,0,1,1
0.338,0.27,0.299,0,0,1,1
0.338,0.27,0.302,0,0,1,1
0.338,0.27,0.305,0,0,1,1
0.338,0.27,0.308,0,0,1,1
0.338,0.27,0.311,0,0,1,1
0.338,0.27,0.314,0,0,1,1
0.338,0.27,0.317,0,0,1,1
0.338,0.27,0.32,0,0,1,1
0.338,0.27,0.323,0,0,1,1
0.338,0.27,0.326,0,0,1,1
0.338,0.27,0.329,0,0,1,1
0.338,0.27,0.332,0,0,1,1
0.338,0.27,0.335,0,0,1,1
0.338,0.27,0.338,0,0,1,1
0.338,0.27,0.341,0,0,1,1
0.338,0.27,0.344,0,0,1,1
0.338,0.27,0.347,0,0,1,1
0.338,0.27,0.35,0,0,1,1
0.338,0.27,0.353,0,0,1,1
0.338,0.27,0.356,0,0,1,1
0.338,0.27,0.359,0,0,1,1
0.338,0.27,0.362,0,0,1,1
0.338,0.27,0.365,0,0,1,1
0.338,0.27,0.368,0,0,1,1
0.338,0.27,0.371,0,0,1,1
0.338,0.27,0.374,0,0,1,1
0.338,0.27,0.377,0,0,1,1
0.338,0.27,0.38,0,0,1,1
0.338,0.27,0.383,0,0,1,1
0.338,0.27,0.386,0,0,1,1
0.338,0.27,0.389,0,0,1,1
0.338,0.27,0.392,0,0,1,1
0.338,0.27,0.395,0,0,1,1
0.338,0.27,0.398,0,0,1,1
0.338,0.27,0.401,0,0,1,1
0.338,0.27,0.404,0,0,1,1
0.338,0.27,0.407,0,0,1,1
0.338,0.27,0.41,0,0,1,1
0.338,0.27,0.413,0,0,1,1
0.338,0.27,0.416,0,0,1,1
0.338,0.27,0.419,0,0,1,1
0.338,0.27,0.422,0,0,1,1
0.338,0.27,0.425,0,0,1,1
0.338,0.27,0.427999,0,0,1,1
0.338,0.27,0.430999,0,0,1,1
0.338,0.27,0.433999,0,0,1,1
0.338,0.27,0.436999,0,0,1,1
0.338,0.27,0.439999,0,0,1,1
0.341,0.27,0.26,0,0,1,1
0.341,0.27,0.263,0,0,1,1
0.341,0.27,0.266,0,0,1,1
0.341,0.27,0.269,0,0,1,1
0.341,0.27,0.272,0,0,1,1
0.341,0.27,0.275,0,0,1,1
0.341,0.27,0.278,0,0,1,1
0.341,0.27,0.281,0,0,1,1
0.341,0.27,0.284,0,0,1,1
0.341,0.27,0.287,0,0,1,1
0.341,0.27,0.29,0,0,1,1
0.341,0.27,0.293,0,0,1,1
0.341,0.27,0.296,0,0,1,1
0.341,0.27,0.299,0,0,1,1
0.341,0.27,0.302,0,0,1,1
0.341,0.27,0.305,0,0,1,1
0.341,0.27,0.308,0,0,1,1
0.341,0.27,0.311,0,0,1,1
0.341,0.27,0.314,0,0,1,1
0.341,0.27,0.317,0,0,1,1
0.341,0.27,0.32,0,0,1,1
0.341,0.27,0.323,0,0,1,1
0.341,0.27,0.326,0,0,1,1
0.341,0.27,0.329,0,0,1,1
0.341,0.27,0.332,0,0,1,1
0.341,0.27,0.335,0,0,1,1
0.341,0.27,0.338,0,0,1,1
0.341,0.27,0.341,0,0,1,1
0.341,0.27,0.344,0,0,1,1
0.341,0.27,0.347,0,0,1,1
0.341,0.27,0.35,0,0,1,1
0.341,0.27,0.353,0,0,1,1
0.341,0.27,0.356,0,0,1,1
0.341,0.27,0.359,0,0,1,1
0.341,0.27,0.362,0,0,1,1
0.341,0.27,0.365,0,0,1,1
0.341,0.27,0.368,0,0,1,1
0.341,0.27,0.371,0,0,1,1
0.341,0.27,0.374,0,0,1,1
0.341,0.27,0.377,0,0,1,1
0.341,0.27,0.38,0,0,1,1
0.341,0.27,0.383,0,0,1,1
0.341,0.27,0.386,0,0,1,1
0.341,0.27,0.389,0,0,1,1
0.341,0.27,0.392,0,0,1,1
0.341,0.27,0.395,0,0,1,1
0.341,0.27,0.398,0,0,1,1
0.341,0.27,0.401,0,0,1,1
0.341,0.27,0.404,0,0,1,1
0.341,0.27,0.407,0,0,1,1
0.341,0.27,0.41,0,0,1,1
0.341,0.27,0.413,0,0,1,1
0.341,0.27,0.416,0,0,1,1
0.341,0.27,0.419,0,0,1,1
0.341,0.27,0.422,0,0,1,1
0.341,0.27,0.425,0,0,1,1
0.341,0.27,0.427999,0,0,1,1
0.341,0.27,0.430999,0,0,1,1
0.341,0.27,0.433999,0,0,1,1
0.341,0.27,0.436999,0,0,1,1
0.341,0.27,0.439999,0,0,1,1
0.14,0.41,0.26,0,0,1,1
0.143,0.41,0.26,0,0,1,1
0.146,0.41,0.26,0,0,1,1
0.149,0.41,0.26,0,0,1,1
0.152,0.41,0.26,0,0,1,1
0.155,0.41,0.26,0,0,1,1
0.158,0.41,0.26,0,0,1,1
0.161,0.41,0.26,0,0,1,1
0.164,0.41,0.26,0,0,1,1
0.167,0.41,0.26,0,0,1,1
0.17,0.41,0.26,0,0,1,1
0.173,0.41,0.26,0,0,1,1
0.176,0.41,0.26,0,0,1,1
0.179,0.41,0.26,0,0,1,1
0.182,0.41,0.26,0,0,1,1
0.185,0.41,0.26,0,0,1,1
0.188,0.41,0.26,0,0,1,1
0.191,0.41,0.26,0,0,1,1
0.194,0.41,0.26,0,0,1,1
0.197,0.41,0.26,0,0,1,1
0.2,0.41,0.26,0,0,1,1
0.203,0.41,0.26,0,0,1,1
0.206,0.41,0.26,0,0,1,1
0.209,0.41,0.26,0,0,1,1
0.212,0.41,0.26,0,0,1,1
0.215,0.41,0.26,0,0,1,1
0.218,0.41,0.26,0,0,1,1
0.221,0.41,0.26,0,0,1,1
0.224,0.41,0.26,0,0,1,1
0.227,0.41,0.26,0,0,1,1
0.23,0.41,0.26,0,0,1,1
0.233,0.41,0.26,0,0,1,1
0.236,0.41,0.26,0,0,1,1
0.239,0.41,0.26,0,0,1,1
0.242,0.41,0.26,0,0,1,1
0.245,0.41,0.26,0,0,1,1
0.248,0.41,0.26,0,0,1,1
0.251,0.41,0.26,0,0,1,1
0.254,0.41,0.26,0,0,1,1
0.257,0.41,0.26,0,0,1,1
0.26,0.41,0.26,0,0,1,1
0.263,0.41,0.26,0,0,1,1
0.266,0.41,0.26,0,0,1,1
0.269,0.41,0.26,0,0,1,1
0.272,0.41,0.26,0,0,1,1
0.275,0.41,0.26,0,0,1,1
0.278,0.41,0.26,0,0,1,1
0.281,0.41,0.26,0,0,1,1
0.284,0.41,0.26,0,0,1,1
0.287,0.41,0.26,0,0,1,1
0.29,0.41,0.26,0,0,1,1
0.293,0.41,0.26,0,0,1,1
0.296,0.41,0.26,0,0,1,1
0.299,0.41,0.26,0,0,1,1
0.302,0.41,0.26,0,0,1,1
0.305,0.41,0.26,0,0,1,1
0.308,0.41,0.26,0,0,1,1
0.311,0.41,0.26,0,0,1,1
0.314,0.41,0.26,0,0,1,1
0.317,0.41,0.26,0,0,1,1
0.32,0.41,0.26,0,0,1,1
0.323,0.41,0.26,0,0,1,1
0.326,0.41,0.26,0,0,1,1
0.329,0.41,0.26,0,0,1,1
0.332,0.41,0.26,0,0,1,1
0.335,0.41,0.26,0,0,1,1
0.338,0.41,0.26,0,0,1,1
0.341,0.41,0.26,0,0,1,1
0.14,0.407,0.26,0,0,1,1
0.143,0.407,0.26,0,0,1,1
0.146,0.407,0.26,0,0,1,1
0.149,0.407,0.26,0,0,1,1
0.152,0.407,0.26,0,0,1,1
0.155,0.407,0.26,0,0,1,1
0.158,0.407,0.26,0,0,1,1
0.161,0.407,0.26,0,0,1,1
0.164,0.407,0.26,0,0,1,1
0.167,0.407,0.26,0,0,1,1
0.17,0.407,0.26,0,0,1,1
0.173,0.407,0.26,0,0,1,1
0.176,0.407,0.26,0,0,1,1
0.179,0.407,0.26,0,0,1,1
0.182,0.407,0.26,0,0,1,1
0.185,0.407,0.26,0,0,1,1
0.188,0.407,0.26,0,0,1,1
0.191,0.407,0.26,0,0,1,1
0.194,0.407,0.26,0,0,1,1
0.197,0.407,0.26,0,0,1,1
0.2,0.407,0.26,0,0,1,1
0.203,0.407,0.26,0,0,1,1
0.206,0.407,0.26,0,0,1,1
0.209,0.407,0.26,0,0,1,1
0.212,0.407,0.26,0,0,1,1
0.215,0.407,0.26,0,0,1,1
0.218,0.407,0.26,0,0,1,1
0.221,0.407,0.26,0,0,1,1
0.224,0.407,0.26,0,0,1,1
0.227,0.407,0.26,0,0,1,1
0.23,0.407,0.26,0,0,1,1
0.233,0.407,0.26,0,0,1,1
0.236,0.407,0.26,0,0,1,1
0.239,0.407,0.26,0,0,1,1
0.242,0.407,0.26,0,0,1,1
0.245,0.407,0.26,0,0,1,1
0.248,0.407,0.26,0,0,1,1
0.251,0.407,0.26,0,0,1,1
0.254,0.407,0.26,0,0,1,1
0.257,0.407,0.26,0,0,1,1
0.26,0.407,0.26,0,0,1,1
0.263,0.407,0.26,0,0,1,1
0.266,0.407,0.26,0,0,1,1
0.269,0.407,0.26,0,0,1,1
0.272,0.407,0.26,0,0,1,1
0.275,0.407,0.26,0,0,1,1
0.278,0.407,0.26,0,0,1,1
0.281,0.407,0.26,0,0,1,1
0.284,0.407,0.26,0,0,1,1
0.287,0.407,0.26,0,0,1,1
0.29,0.407,0.26,0,0,1,1
0.293,0.407,0.26,0,0,1,1
0.296,0.407,0.26,0,0,1,1
0.299,0.407,0.26,0,0,1,1
0.302,0.407,0.26,0,0,1,1
0.305,0.407,0.26,0,0,1,1
0.308,0.407,0.26,0,0,1,1
0.311,0.407,0.26,0,0,1,1
0.314,0.407,0.26,0,0,1,1
0.317,0.407,0.26,0,0,1,1
0.32,0.407,0.26,0,0,1,1
0.323,0.407,0.26,0,0,1,1
0.326,0.407,0.26,0,0,1,1
0.329,0.407,0.26,0,0,1,1
0.332,0.407,0.26,0,0,1,1
0.335,0.407,0.26,0,0,1,1
0.338,0.407,0.26,0,0,1,1
0.341,0.407,0.26,0,0,1,1
0.14,0.404,0.26,0,0,1,1
0.143,0.404,0.26,0,0,1,1
0.146,0.404,0.26,0,0,1,1
0.149,0.404,0.26,0,0,1,1
0.152,0.404,0.26,0,0,1,1
0.155,0.404,0.26,0,0,1,1
0.158,0.404,0.26,0,0,1,1
0.161,0.404,0.26,0,0,1,1
0.164,0.404,0.26,0,0,1,1
0.167,0.404,0.26,0,0,1,1
0.17,0.404,0.26,0,0,1,1
0.173,0.404,0.26,0,0,1,1
0.176,0.404,0.26,0,0,1,1
0.179,0.404,0.26,0,0,1,1
0.182,0.404,0.26,0,0,1,1
0.185,0.404,0.26,0,0,1,1
0.188,0.404,0.26,0,0,1,1
0.191,0.404,0.26,0,0,1,1
0.194,0.404,0.26,0,0,1,1
0.197,0.404,0.26,0,0,1,1
0.2,0.404,0.26,0,0,1,1
0.203,0.404,0.26,0,0,1,1
0.206,0.404,0.26,0,0,1,1
0.209,0.404,0.26,0,0,1,1
0.212,0.404,0.26,0,0,1,1
0.215,0.404,0.26,0,0,1,1
0.218,0.404,0.26,0,0,1,1
0.221,0.404,0.26,0,0,1,1
0.224,0.404,0.26,0,0,1,1
0.227,0.404,0.26,0,0,1,1
0.23,0.404,0.26,0,0,1,1
0.233,0.404,0.26,0,0,1,1
0.236,0.404,0.26,0,0,1,1
0.239,0.404,0.26,0,0,1,1
0.242,0.404,0.26,0,0,1,1
0.245,0.404,0.26,0,0,1,1
0.248,0.404,0.26,0,0,1,1
0.251,0.404,0.26,0,0,1,1
0.254,0.404,0.26,0,0,1,1
0.257,0.404,0.26,0,0,1,1
0.26,0.404,0.26,0,0,1,1
0.263,0.404,0.26,0,0,1,1
0.266,0.404,0.26,0,0,1,1
0.269,0.404,0.26,0,0,1,1
0.272,0.404,0.26,0,0,1,1
0.275,0.404,0.26,0,0,1,1
0.278,0.404,0.26,0,0,1,1
0.281,0.404,0.26,0,0,1,1
0.284,0.404,0.26,0,0,1,1
0.287,0.404,0.26,0,0,1,1
0.29,0.404,0.26,0,0,1,1
0.293,0.404,0.26,0,0,1,1
0.296,0.404,0.26,0,0,1,1
0.299,0.404,0.26,0,0,1,1
0.302,0.404,0.26,0,0,1,1
0.305,0.404,0.26,0,0,1,1
0.308,0.404,0.26,0,0,1,1
0.311,0.404,0.26,0,0,1,1
0.314,0.404,0.26,0,0,1,1
0.317,0.404,0.26,0,0,1,1
0.32,0.404,0.26,0,0,1,1
0.323,0.404,0.26,0,0,1,1
0.326,0.404,0.26,0,0,1,1
0.329,0.404,0.26,0,0,1,1
0.332,0.404,0.26,0,0,1,1
0.335,0.404,0.26,0,0,1,1
0.338,0.404,0.26,0,0,1,1
0.341,0.404,0.26,0,0,1,1
0.14,0.401,0.26,0,0,1,1
0.143,0.401,0.26,0,0,1,1
0.146,0.401,0.26,0,0,1,1
0.149,0.401,0.26,0,0,1,1
0.152,0.401,0.26,0,0,1,1
0.155,0.401,0.26,0,0,1,1
0.158,0.401,0.26,0,0,1,1
0.161,0.401,0.26,0,0,1,1
0.164,0.401,0.26,0,0,1,1
0.167,0.401,0.26,0,0,1,1
0.17,0.401,0.26,0,0,1,1
0.173,0.401,0.26,0,0,1,1
0.176,0.401,0.26,0,0,1,1
0.179,0.401,0.26,0,0,1,1
0.182,0.401,0.26,0,0,1,1
0.185,0.401,0.26,0,0,1,1
0.188,0.401,0.26,0,0,1,1
0.191,0.401,0.26,0,0,1,1
0.194,0.401,0.26,0,0,1,1
0.197,0.401,0.26,0,0,1,1
0.2,0.401,0.26,0,0,1,1
0.203,0.401,0.26,0,0,1,1
0.206,0.401,0.26,0,0,1,1
0.209,0.401,0.26,0,0,1,1
0.212,0.401,0.26,0,0,1,1
0.215,0.401,0.26,0,0,1,1
0.218,0.401,0.26,0,0,1,1
0.221,0.401,0.26,0,0,1,1
0.224,0.401,0.26,0,0,1,1
0.227,0.401,0.26,0,0,1,1
0.23,0.401,0.26,0,0,1,1
0.233,0.401,0.26,0,0,1,1
0.236,0.401,0.26,0,0,1,1
0.239,0.401,0.26,0,0,1,1
0.242,0.401,0.26,0,0,1,1
0.245,0.401,0.26,0,0,1,1
0.248,0.401,0.26,0,0,1,1
0.251,0.401,0.26,0,0,1,1
0.254,0.401,0.26,0,0,1,1
0.257,0.401,0.26,0,0,1,1
0.26,0.401,0.26,0,0,1,1
0.263,0.401,0.26,0,0,1,1
0.266,0.401,0.26,0,0,1,1
0.269,0.401,0.26,0,0,1,1
0.272,0.401,0.26,0,0,1,1
0.275,0.401,0.26,0,0,1,1
0.278,0.401,0.26,0,0,1,1
0.281,0.401,0.26,0,0,1,1
0.284,0.401,0.26,0,0,1,1
0.287,0.401,0.26,0,0,1,1
0.29,0.401,0.26,0,0,1,1
0.293,0.401,0.26,0,0,1,1
0.296,0.401,0.26,0,0,1,1
0.299,0.401,0.26,0,0,1,1
0.302,0.401,0.26,0,0,1,1
0.305,0.401,0.26,0,0,1,1
0.308,0.401,0.26,0,0,1,1
0.311,0.401,0.26,0,0,1,1
0.314,0.401,0.26,0,0,1,1
0.317,0.401,0.26,0,0,1,1
0.32,0.401,0.26,0,0,1,1
0.323,0.401,0.26,0,0,1,1
0.326,0.401,0.26,0,0,1,1
0.329,0.401,0.26,0,0,1,1
0.332,0.401,0.26,0,0,1,1
0.335,0.401,0.26,0,0,1,1
0.338,0.401,0.26,0,0,1,1
0.341,0.401,0.26,0,0,1,1
0.14,0.398,0.26,0,0,1,1
0.143,0.398,0.26,0,0,1,1
0.146,0.398,0.26,0,0,1,1
0.149,0.398,0.26,0,0,1,1
0.152,0.398,0.26,0,0,1,1
0.155,0.398,0.26,0,0,1,1
0.158,0.398,0.26,0,0,1,1
0.161,0.398,0.26,0,0,1,1
0.164,0.398,0.26,0,0,1,1
0.167,0.398,0.26,0,0,1,1
0.17,0.398,0.26,0,0,1,1
0.173,0.398,0.26,0,0,1,1
0.176,0.398,0.26,0,0,1,1
0.179,0.398,0.26,0,0,1,1
0.182,0.398,0.26,0,0,1,1
0.185,0.398,0.26,0,0,1,1
0.188,0.398,0.26,0,0,1,1
0.191,0.398,0.26,0,0,1,1
0.194,0.398,0.26,0,0,1,1
0.197,0.398,0.26,0,0,1,1
0.2,0.398,0.26,0,0,1,1
0.203,0.398,0.26,0,0,1,1
0.206,0.398,0.26,0,0,1,1
0.209,0.398,0.26,0,0,1,1
0.212,0.398,0.26,0,0,1,1
0.215,0.398,0.26,0,0,1,1
0.218,0.398,0.26,0,0,1,1
0.221,0.398,0.26,0,0,1,1
0.224,0.398,0.26,0,0,1,1
0.227,0.398,0.26,0,0,1,1
0.23,0.398,0.26,0,0,1,1
0.233,0.398,0.26,0,0,1,1
0.236,0.398,0.26,0,0,1,1
0.239,0.398,0.26,0,0,1,1
0.242,0.398,0.26,0,0,1,1
0.245,0.398,0.26,0,0,1,1
0.248,0.398,0.26,0,0,1,1
0.251,0.398,0.26,0,0,1,1
0.254,0.398,0.26,0,0,1,1
0.257,0.398,0.26,0,0,1,1
0.26,0.398,0.26,0,0,1,1
0.263,0.398,0.26,0,0,1,1
0.266,0.398,0.26,0,0,1,1
0.269,0.398,0.26,0,0,1,1
0.272,0.398,0.26,0,0,1,1
0.275,0.398,0.26,0,0,1,1
0.278,0.398,0.26,0,0,1,1
0.281,0.398,0.26,0,0,1,1
0.284,0.398,0.26,0,0,1,1
0.287,0.398,0.26,0,0,1,1
0.29,0.398,0.26,0,0,1,1
0.293,0.398,0.26,0,0,1,1
0.296,0.398,0.26,0,0,1,1
0.299,0.398,0.26,0,0,1,1
0.302,0.398,0.26,0,0,1,1
0.305,0.398,0.26,0,0,1,1
0.308,0.398,0.26,0,0,1,1
0.311,0.398,0.26,0,0,1,1
0.314,0.398,0.26,0,0,1,1
0.317,0.398,0.26,0,0,1,1
0.32,0.398,0.26,0,0,1,1
0.323,0.398,0.26,0,0,1,1
0.326,0.398,0.26,0,0,1,1
0.329,0.398,0.26,0,0,1,1
0.332,0.398,0.26,0,0,1,1
0.335,0.398,0.26,0,0,1,1
0.338,0.398,0.26,0,0,1,1
0.341,0.398,0.26,0,0,1,1
0.14,0.395,0.26,0,0,1,1
0.143,0.395,0.26,0,0,1,1
0.146,0.395,0.26,0,0,1,1
0.149,0.395,0.26,0,0,1,1
0.152,0.395,0.26,0,0,1,1
0.155,0.395,0.26,0,0,1,1
0.158,0.395,0.26,0,0,1,1
0.161,0.395,0.26,0,0,1,1
0.164,0.395,0.26,0,0,1,1
0.167,0.395,0.26,0,0,1,1
0.17,0.395,0.26,0,0,1,1
0.173,0.395,0.26,0,0,1,1
0.176,0.395,0.26,0,0,1,1
0.179,0.395,0.26,0,0,1,1
0.182,0.395,0.26,0,0,1,1
0.185,0.395,0.26,0,0,1,1
0.188,0.395,0.26,0,0,1,1
0.191,0.395,0.26,0,0,1,1
0.194,0.395,0.26,0,0,1,1
0.197,0.395,0.26,0,0,1,1
0.2,0.395,0.26,0,0,1,1
0.203,0.395,0.26,0,0,1,1
0.206,0.395,0.26,0,0,1,1
0.209,0.395,0.26,0,0,1,1
0.212,0.395,0.26,0,0,1,1
0.215,0.395,0.26,0,0,1,1
0.218,0.395,0.26,0,0,1,1
0.221,0.395,0.26,0,0,1,1
0.224,0.395,0.26,0,0,1,1
0.227,0.395,0.26,0,0,1,1
0.23,0.395,0.26,0,0,1,1
0.233,0.395,0.26,0,0,1,1
0.236,0.395,0.26,0,0,1,1
0.239,0.395,0.26,0,0,1,1
0.242,0.395,0.26,0,0,1,1
0.245,0.395,0.26,0,0,1,1
0.248,0.395,0.26,0,0,1,1
0.251,0.395,0.26,0,0,1,1
0.254,0.395,0.26,0,0,1,1
0.257,0.395,0.26,0,0,1,1
0.26,0.395,0.26,0,0,1,1
0.263,0.395,0.26,0,0,1,1
0.266,0.395,0.26,0,0,1,1
0.269,0.395,0.26,0,0,1,1
0.272,0.395,0.26,0,0,1,1
0.275,0.395,0.26,0,0,1,1
0.278,0.395,0.26,0,0,1,1
0.281,0.395,0.26,0,0,1,1
0.284,0.395,0.26,0,0,1,1
0.287,0.395,0.26,0,0,1,1
0.29,0.395,0.26,0,0,1,1
0.293,0.395,0.26,0,0,1,1
0.296,0.395,0.26,0,0,1,1
0.299,0.395,0.26,0,0,1,1
0.302,0.395,0.26,0,0,1,1
0.305,0.395,0.26,0,0,1,1
0.308,0.395,0.26,0,0,1,1
0.311,0.395,0.26,0,0,1,1
0.314,0.395,0.26,0,0,1,1
0.317,0.395,0.26,0,0,1,1
0.32,0.395,0.26,0,0,1,1
0.323,0.395,0.26,0,0,1,1
0.326,0.395,0.26,0,0,1,1
0.329,0.395,0.26,0,0,1,1
0.332,0.395,0.26,0,0,1,1
0.335,0.395,0.26,0,0,1,1
0.338,0.395,0.26,0,0,1,1
0.341,0.395,0.26,0,0,1,1
0.14,0.392,0.26,0,0,1,1
0.143,0.392,0.26,0,0,1,1
0.146,0.392,0.26,0,0,1,1
0.149,0.392,0.26,0,0,1,1
0.152,0.392,0.26,0,0,1,1
0.155,0.392,0.26,0,0,1,1
0.158,0.392,0.26,0,0,1,1
0.161,0.392,0.26,0,0,1,1
0.164,0.392,0.26,0,0,1,1
0.167,0.392,0.26,0,0,1,1
0.17,0.392,0.26,0,0,1,1
0.173,0.392,0.26,0,0,1,1
0.176,0.392,0.26,0,0,1,1
0.179,0.392,0.26,0,0,1,1
0.182,0.392,0.26,0,0,1,1
0.185,0.392,0.26,0,0,1,1
0.188,0.392,0.26,0,0,1,1
0.191,0.392,0.26,0,0,1,1
0.194,0.392,0.26,0,0,1,1
0.197,0.392,0.26,0,0,1,1
0.2,0.392,0.26,0,0,1,1
0.203,0.392,0.26,0,0,1,1
0.206,0.392,0.26,0,0,1,1
0.209,0.392,0.26,0,0,1,1
0.212,0.392,0.26,0,0,1,1
0.215,0.392,0.26,0,0,1,1
0.218,0.392,0.26,0,0,1,1
0.221,0.392,0.26,0,0,1,1
0.224,0.392,0.26,0,0,1,1
0.227,0.392,0.26,0,0,1,1
0.23,0.392,0.26,0,0,1,1
0.233,0.392,0.26,0,0,1,1
0.236,0.392,0.26,0,0,1,1
0.239,0.392,0.26,0,0,1,1
0.242,0.392,0.26,0,0,1,1
0.245,0.392,0.26,0,0,1,1
0.248,0.392,0.26,0,0,1,1
0.251,0.392,0.26,0,0,1,1
0.254,0.392,0.26,0,0,1,1
0.257,0.392,0.26,0,0,1,1
0.26,0.392,0.26,0,0,1,1
0.263,0.392,0.26,0,0,1,1
0.266,0.392,0.26,0,0,1,1
0.269,0.392,0.26,0,0,1,1
0.272,0.392,0.26,0,0,1,1
0.275,0.392,0.26,0,0,1,1
0.278,0.392,0.26,0,0,1,1
0.281,0.392,0.26,0,0,1,1
0.284,0.392,0.26,0,0,1,1
0.287,0.392,0.26,0,0,1,1
0.29,0.392,0.26,0,0,1,1
0.293,0.392,0.26,0,0,1,1
0.296,0.392,0.26,0,0,1,1
0.299,0.392,0.26,0,0,1,1
0.302,0.392,0.26,0,0,1,1
0.305,0.392,0.26,0,0,1,1
0.308,0.392,0.26,0,0,1,1
0.311,0.392,0.26,0,0,1,1
0.314,0.392,0.26,0,0,1,1
0.317,0.392,0.26,0,0,1,1
0.32,0.392,0.26,0,0,1,1
0.323,0.392,0.26,0,0,1,1
0.326,0.392,0.26,0,0,1,1
0.329,0.392,0.26,0,0,1,1
0.332,0.392,0.26,0,0,1,1
0.335,0.392,0.26,0,0,1,1
0.338,0.392,0.26,0,0,1,1
0.341,0.392,0.26,0,0,1,1
0.14,0.389,0.26,0,0,1,1
0.143,0.389,0.26,0,0,1,1
0.146,0.389,0.26,0,0,1,1
0.149,0.389,0.26,0,0,1,1
0.152,0.389,0.26,0,0,1,1
0.155,0.389,0.26,0,0,1,1
0.158,0.389,0.26,0,0,1,1
0.161,0.389,0.26,0,0,1,1
0.164,0.389,0.26,0,0,1,1
0.167,0.389,0.26,0,0,1,1
0.17,0.389,0.26,0,0,1,1
0.173,0.389,0.26,0,0,1,1
0.176,0.389,0.26,0,0,1,1
0.179,0.389,0.26,0,0,1,1
0.182,0.389,0.26,0,0,1,1
0.185,0.389,0.26,0,0,1,1
0.188,0.389,0.26,0,0,1,1
0.191,0.389,0.26,0,0,1,1
0.194,0.389,0.26,0,0,1,1
0.197,0.389,0.26,0,0,1,1
0.2,0.389,0.26,0,0,1,1
0.203,0.389,0.26,0,0,1,1
0.206,0.389,0.26,0,0,1,1
0.209,0.389,0.26,0,0,1,1
0.212,0.389,0.26,0,0,1,1
0.215,0.389,0.26,0,0,1,1
0.218,0.389,0.26,0,0,1,1
0.221,0.389,0.26,0,0,1,1
0.224,0.389,0.26,0,0,1,1
0.227,0.389,0.26,0,0,1,1
0.23,0.389,0.26,0,0,1,1
0.233,0.389,0.26,0,0,1,1
0.236,0.389,0.26,0,0,1,1
0.239,0.389,0.26,0,0,1,1
0.242,0.389,0.26,0,0,1,1
0.245,0.389,0.26,0,0,1,1
0.248,0.389,0.26,0,0,1,1
0.251,0.389,0.26,0,0,1,1
0.254,0.389,0.26,0,0,1,1
0.257,0.389,0.26,0,0,1,1
0.26,0.389,0.26,0,0,1,1
0.263,0.389,0.26,0,0,1,1
0.266,0.389,0.26,0,0,1,1
0.269,0.389,0.26,0,0,1,1
0.272,0.389,0.26,0,0,1,1
0.275,0.389,0.26,0,0,1,1
0.278,0.389,0.26,0,0,1,1
0.281,0.389,0.26,0,0,1,1
0.284,0.389,0.26,0,0,1,1
0.287,0.389,0.26,0,0,1,1
0.29,0.389,0.26,0,0,1,1
0.293,0.389,0.26,0,0,1,1
0.296,0.389,0.26,0,0,1,1
0.299,0.389,0.26,0,0,1,1
0.302,0.389,0.26,0,0,1,1
0.305,0.389,0.26,0,0,1,1
0.308,0.389,0.26,0,0,1,1
0.311,0.389,0.26,0,0,1,1
0.314,0.389,0.26,0,0,1,1
0.317,0.389,0.26,0,0,1,1
0.32,0.389,0.26,0,0,1,1
0.323,0.389,0.26,0,0,1,1
0.326,0.389,0.26,0,0,1,1
0.329,0.389,0.26,0,0,1,1
0.332,0.389,0.26,0,0,1,1
0.335,0.389,0.26,0,0,1,1
0.338,0.389,0.26,0,0,1,1
0.341,0.389,0.26,0,0,1,1
0.14,0.386,0.26,0,0,1,1
0.143,0.386,0.26,0,0,1,1
0.146,0.386,0.26,0,0,1,1
0.149,0.386,0.26,0,0,1,1
0.152,0.386,0.26,0,0,1,1
0.155,0.386,0.26,0,0,1,1
0.158,0.386,0.26,0,0,1,1
0.161,0.386,0.26,0,0,1,1
0.164,0.386,0.26,0,0,1,1
0.167,0.386,0.26,0,0,1,1
0.17,0.386,0.26,0,0,1,1
0.173,0.386,0.26,0,0,1,1
0.176,0.386,0.26,0,0,1,1
0.179,0.386,0.26,0,0,1,1
0.182,0.386,0.26,0,0,1,1
0.185,0.386,0.26,0,0,1,1
0.188,0.386,0.26,0,0,1,1
0.191,0.386,0.26,0,0,1,1
0.194,0.386,0.26,0,0,1,1
0.197,0.386,0.26,0,0,1,1
0.2,0.386,0.26,0,0,1,1
0.203,0.386,0.26,0,0,1,1
0.206,0.386,0.26,0,0,1,1
0.209,0.386,0.26,0,0,1,1
0.212,0.386,0.26,0,0,1,1
0.215,0.386,0.26,0,0,1,1
0.218,0.386,0.26,0,0,1,1
0.221,0.386,0.26,0,0,1,1
0.224,0.386,0.26,0,0,1,1
0.227,0.386,0.26,0,0,1,1
0.23,0.386,0.26,0,0,1,1
0.233,0.386,0.26,0,0,1,1
0.236,0.386,0.26,0,0,1,1
0.239,0.386,0.26,0,0,1,1
0.242,0.386,0.26,0,0,1,1
0.245,0.386,0.26,0,0,1,1
0.248,0.386,0.26,0,0,1,1
0.251,0.386,0.26,0,0,1,1
0.254,0.386,0.26,0,0,1,1
0.257,0.386,0.26,0,0,1,1
0.26,0.386,0.26,0,0,1,1
0.263,0.386,0.26,0,0,1,1
0.266,0.386,0.26,0,0,1,1
0.269,0.386,0.26,0,0,1,1
0.272,0.386,0.26,0,0,1,1
0.275,0.386,0.26,0,0,1,1
0.278,0.386,0.26,0,0,1,1
0.281,0.386,0.26,0,0,1,1
0.284,0.386,0.26,0,0,1,1
0.287,0.386,0.26,0,0,1,1
0.29,0.386,0.26,0,0,1,1
0.293,0.386,0.26,0,0,1,1
0.296,0.386,0.26,0,0,1,1
0.299,0.386,0.26,0,0,1,1
0.302,0.386,0.26,0,0,1,1
0.305,0.386,0.26,0,0,1,1
0.308,0.386,0.26,0,0,1,1
0.311,0.386,0.26,0,0,1,1
0.314,0.386,0.26,0,0,1,1
0.317,0.386,0.26,0,0,1,1
0.32,0.386,0.26,0,0,1,1
0.323,0.386,0.26,0,0,1,1
0.326,0.386,0.26,0,0,1,1
0.329,0.386,0.26,0,0,1,1
0.332,0.386,0.26,0,0,1,1
0.335,0.386,0.26,0,0,1,1
0.338,0.386,0.26,0,0,1,1
0.341,0.386,0.26,0,0,1,1
0.14,0.383,0.26,0,0,1,1
0.143,0.383,0.26,0,0,1,1
0.146,0.383,0.26,0,0,1,1
0.149,0.383,0.26,0,0,1,1
0.152,0.383,0.26,0,0,1,1
0.155,0.383,0.26,0,0,1,1
0.158,0.383,0.26,0,0,1,1
0.161,0.383,0.26,0,0,1,1
0.164,0.383,0.26,0,0,1,1
0.167,0.383,0.26,0,0,1,1
0.17,0.383,0.26,0,0,1,1
0.173,0.383,0.26,0,0,1,1
0.176,0.383,0.26,0,0,1,1
0.179,0.383,0.26,0,0,1,1
0.182,0.383,0.26,0,0,1,1
0.185,0.383,0.26,0,0,1,1
0.188,0.383,0.26,0,0,1,1
0.191,0.383,0.26,0,0,1,1
0.194,0.383,0.26,0,0,1,1
0.197,0.383,0.26,0,0,1,1
0.2,0.383,0.26,0,0,1,1
0.203,0.383,0.26,0,0,1,1
0.206,0.383,0.26,0,0,1,1
0.209,0.383,0.26,0,0,1,1
0.212,0.383,0.26,0,0,1,1
0.215,0.383,0.26,0,0,1,1
0.218,0.383,0.26,0,0,1,1
0.221,0.383,0.26,0,0,1,1
0.224,0.383,0.26,0,0,1,1
0.227,0.383,0.26,0,0,1,1
0.23,0.383,0.26,0,0,1,1
0.233,0.383,0.26,0,0,1,1
0.236,0.383,0.26,0,0,1,1
0.239,0.383,0.26,0,0,1,1
0.242,0.383,0.26,0,0,1,1
0.245,0.383,0.26,0,0,1,1
0.248,0.383,0.26,0,0,1,1
0.251,0.383,0.26,0,0,1,1
0.254,0.383,0.26,0,0,1,1
0.257,0.383,0.26,0,0,1,1
0.26,0.383,0.26,0,0,1,1
0.263,0.383,0.26,0,0,1,1
0.266,0.383,0.26,0,0,1,1
0.269,0.383,0.26,0,0,1,1
0.272,0.383,0.26,0,0,1,1
0.275,0.383,0.26,0,0,1,1
0.278,0.383,0.26,0,0,1,1
0.281,0.383,0.26,0,0,1,1
0.284,0.383,0.26,0,0,1,1
0.287,0.383,0.26,0,0,1,1
0.29,0.383,0.26,0,0,1,1
0.293,0.383,0.26,0,0,1,1
0.296,0.383,0.26,0,0,1,1
0.299,0.383,0.26,0,0,1,1
0.302,0.383,0.26,0,0,1,1
0.305,0.383,0.26,0,0,1,1
0.308,0.383,0.26,0,0,1,1
0.311,0.383,0.26,0,0,1,1
0.314,0.383,0.26,0,0,1,1
0.317,0.383,0.26,0,0,1,1
0.32,0.383,0.26,0,0,1,1
0.323,0.383,0.26,0,0,1,1
0.326,0.383,0.26,0,0,1,1
0.329,0.383,0.26,0,0,1,1
0.332,0.383,0.26,0,0,1,1
0.335,0.383,0.26,0,0,1,1
0.338,0.383,0.26,0,0,1,1
0.341,0.383,0.26,0,0,1,1
0.14,0.38,0.26,0,0,1,1
0.143,0.38,0.26,0,0,1,1
0.146,0.38,0.26,0,0,1,1
0.149,0.38,0.26,0,0,1,1
0.152,0.38,0.26,0,0,1,1
0.155,0.38,0.26,0,0,1,1
0.158,0.38,0.26,0,0,1,1
0.161,0.38,0.26,0,0,1,1
0.164,0.38,0.26,0,0,1,1
0.167,0.38,0.26,0,0,1,1
0.17,0.38,0.26,0,0,1,1
0.173,0.38,0.26,0,0,1,1
0.176,0.38,0.26,0,0,1,1
0.179,0.38,0.26,0,0,1,1
0.182,0.38,0.26,0,0,1,1
0.185,0.38,0.26,0,0,1,1
0.188,0.38,0.26,0,0,1,1
0.191,0.38,0.26,0,0,1,1
0.194,0.38,0.26,0,0,1,1
0.197,0.38,0.26,0,0,1,1
0.2,0.38,0.26,0,0,1,1
0.203,0.38,0.26,0,0,1,1
0.206,0.38,0.26,0,0,1,1
0.209,0.38,0.26,0,0,1,1
0.212,0.38,0.26,0,0,1,1
0.215,0.38,0.26,0,0,1,1
0.218,0.38,0.26,0,0,1,1
0.221,0.38,0.26,0,0,1,1
0.224,0.38,0.26,0,0,1,1
0.227,0.38,0.26,0,0,1,1
0.23,0.38,0.26,0,0,1,1
0.233,0.38,0.26,0,0,1,1
0.236,0.38,0.26,0,0,1,1
0.239,0.38,0.26,0,0,1,1
0.242,0.38,0.26,0,0,1,1
0.245,0.38,0.26,0,0,1,1
0.248,0.38,0.26,0,0,1,1
0.251,0.38,0.26,0,0,1,1
0.254,0.38,0.26,0,0,1,1
0.257,0.38,0.26,0,0,1,1
0.26,0.38,0.26,0,0,1,1
0.263,0.38,0.26,0,0,1,1
0.266,0.38,0.26,0,0,1,1
0.269,0.38,0.26,0,0,1,1
0.272,0.38,0.26,0,0,1,1
0.275,0.38,0.26,0,0,1,1
0.278,0.38,0.26,0,0,1,1
0.281,0.38,0.26,0,0,1,1
0.284,0.38,0.26,0,0,1,1
0.287,0.38,0.26,0,0,1,1
0.29,0.38,0.26,0,0,1,1
0.293,0.38,0.26,0,0,1,1
0.296,0.38,0.26,0,0,1,1
0.299,0.38,0.26,0,0,1,1
0.302,0.38,0.26,0,0,1,1
0.305,0.38,0.26,0,0,1,1
0.308,0.38,0.26,0,0,1,1
0.311,0.38,0.26,0,0,1,1
0.314,0.38,0.26,0,0,1,1
0.317,0.38,0.26,0,0,1,1
0.32,0.38,0.26,0,0,1,1
0.323,0.38,0.26,0,0,1,1
0.326,0.38,0.26,0,0,1,1
0.329,0.38,0.26,0,0,1,1
0.332,0.38,0.26,0,0,1,1
0.335,0.38,0.26,0,0,1,1
0.338,0.38,0.26,0,0,1,1
0.341,0.38,0.26,0,0,1,1
0.14,0.377,0.26,0,0,1,1
0.143,0.377,0.26,0,0,1,1
0.146,0.377,0.26,0,0,1,1
0.149,0.377,0.26,0,0,1,1
0.152,0.377,0.26,0,0,1,1
0.155,0.377,0.26,0,0,1,1
0.158,0.377,0.26,0,0,1,1
0.161,0.377,0.26,0,0,1,1
0.164,0.377,0.26,0,0,1,1
0.167,0.377,0.26,0,0,1,1
0.17,0.377,0.26,0,0,1,1
0.173,0.377,0.26,0,0,1,1
0.176,0.377,0.26,0,0,1,1
0.179,0.377,0.26,0,0,1,1
0.182,0.377,0.26,0,0,1,1
0.185,0.377,0.26,0,0,1,1
0.188,0.377,0.26,0,0,1,1
0.191,0.377,0.26,0,0,1,1
0.194,0.377,0.26,0,0,1,1
0.197,0.377,0.26,0,0,1,1
0.2,0.377,0.26,0,0,1,1
0.203,0.377,0.26,0,0,1,1
0.206,0.377,0.26,0,0,1,1
0.209,0.377,0.26,0,0,1,1
0.212,0.377,0.26,0,0,1,1
0.215,0.377,0.26,0,0,1,1
0.218,0.377,0.26,0,0,1,1
0.221,0.377,0.26,0,0,1,1
0.224,0.377,0.26,0,0,1,1
0.227,0.377,0.26,0,0,1,1
0.23,0.377,0.26,0,0,1,1
0.233,0.377,0.26,0,0,1,1
0.236,0.377,0.26,0,0,1,1
0.239,0.377,0.26,0,0,1,1
0.242,0.377,0.26,0,0,1,1
0.245,0.377,0.26,0,0,1,1
0.248,0.377,0.26,0,0,1,1
0.251,0.377,0.26,0,0,1,1
0.254,0.377,0.26,0,0,1,1
0.257,0.377,0.26,0,0,1,1
0.26,0.377,0.26,0,0,1,1
0.263,0.377,0.26,0,0,1,1
0.266,0.377,0.26,0,0,1,1
0.269,0.377,0.26,0,0,1,1
0.272,0.377,0.26,0,0,1,1
0.275,0.377,0.26,0,0,1,1
0.278,0.377,0.26,0,0,1,1
0.281,0.377,0.26,0,0,1,1
0.284,0.377,0.26,0,0,1,1
0.287,0.377,0.26,0,0,1,1
0.29,0.377,0.26,0,0,1,1
0.293,0.377,0.26,0,0,1,1
0.296,0.377,0.26,0,0,1,1
0.299,0.377,0.26,0,0,1,1
0.302,0.377,0.26,0,0,1,1
0.305,0.377,0.26,0,0,1,1
0.308,0.377,0.26,0,0,1,1
0.311,0.377,0.26,0,0,1,1
0.314,0.377,0.26,0,0,1,1
0.317,0.377,0.26,0,0,1,1
0.32,0.377,0.26,0,0,1,1
0.323,0.377,0.26,0,0,1,1
0.326,0.377,0.26,0,0,1,1
0.329,0.377,0.26,0,0,1,1
0.332,0.377,0.26,0,0,1,1
0.335,0.377,0.26,0,0,1,1
0.338,0.377,0.26,0,0,1,1
0.341,0.377,0.26,0,0,1,1
0.14,0.374,0.26,0,0,1,1
0.143,0.374,0.26,0,0,1,1
0.146,0.374,0.26,0,0,1,1
0.149,0.374,0.26,0,0,1,1
0.152,0.374,0.26,0,0,1,1
0.155,0.374,0.26,0,0,1,1
0.158,0.374,0.26,0,0,1,1
0.161,0.374,0.26,0,0,1,1
0.164,0.374,0.26,0,0,1,1
0.167,0.374,0.26,0,0,1,1
0.17,0.374,0.26,0,0,1,1
0.173,0.374,0.26,0,0,1,1
0.176,0.374,0.26,0,0,1,1
0.179,0.374,0.26,0,0,1,1
0.182,0.374,0.26,0,0,1,1
0.185,0.374,0.26,0,0,1,1
0.188,0.374,0.26,0,0,1,1
0.191,0.374,0.26,0,0,1,1
0.194,0.374,0.26,0,0,1,1
0.197,0.374,0.26,0,0,1,1
0.2,0.374,0.26,0,0,1,1
0.203,0.374,0.26,0,0,1,1
0.206,0.374,0.26,0,0,1,1
0.209,0.374,0.26,0,0,1,1
0.212,0.374,0.26,0,0,1,1
0.215,0.374,0.26,0,0,1,1
0.218,0.374,0.26,0,0,1,1
0.221,0.374,0.26,0,0,1,1
0.224,0.374,0.26,0,0,1,1
0.227,0.374,0.26,0,0,1,1
0.23,0.374,0.26,0,0,1,1
0.233,0.374,0.26,0,0,1,1
0.236,0.374,0.26,0,0,1,1
0.239,0.374,0.26,0,0,1,1
0.242,0.374,0.26,0,0,1,1
0.245,0.374,0.26,0,0,1,1
0.248,0.374,0.26,0,0,1,1
0.251,0.374,0.26,0,0,1,1
0.254,0.374,0.26,0,0,1,1
0.257,0.374,0.26,0,0,1,1
0.26,0.374,0.26,0,0,1,1
0.263,0.374,0.26,0,0,1,1
0.266,0.374,0.26,0,0,1,1
0.269,0.374,0.26,0,0,1,1
0.272,0.374,0.26,0,0,1,1
0.275,0.374,0.26,0,0,1,1
0.278,0.374,0.26,0,0,1,1
0.281,0.374,0.26,0,0,1,1
0.284,0.374,0.26,0,0,1,1
0.287,0.374,0.26,0,0,1,1
0.29,0.374,0.26,0,0,1,1
0.293,0.374,0.26,0,0,1,1
0.296,0.374,0.26,0,0,1,1
0.299,0.374,0.26,0,0,1,1
0.302,0.374,0.26,0,0,1,1
0.305,0.374,0.26,0,0,1,1
0.308,0.374,0.26,0,0,1,1
0.311,0.374,0.26,0,0,1,1
0.314,0.374,0.26,0,0,1,1
0.317,0.374,0.26,0,0,1,1
0.32,0.374,0.26,0,0,1,1
0.323,0.374,0.26,0,0,1,1
0.326,0.374,0.26,0,0,1,1
0.329,0.374,0.26,0,0,1,1
0.332,0.374,0.26,0,0,1,1
0.335,0.374,0.26,0,0,1,1
0.338,0.374,0.26,0,0,1,1
0.341,0.374,0.26,0,0,1,1
0.14,0.371,0.26,0,0,1,1
0.143,0.371,0.26,0,0,1,1
0.146,0.371,0.26,0,0,1,1
0.149,0.371,0.26,0,0,1,1
0.152,0.371,0.26,0,0,1,1
0.155,0.371,0.26,0,0,1,1
0.158,0.371,0.26,0,0,1,1
0.161,0.371,0.26,0,0,1,1
0.164,0.371,0.26,0,0,1,1
0.167,0.371,0.26,0,0,1,1
0.17,0.371,0.26,0,0,1,1
0.173,0.371,0.26,0,0,1,1
0.176,0.371,0.26,0,0,1,1
0.179,0.371,0.26,0,0,1,1
0.182,0.371,0.26,0,0,1,1
0.185,0.371,0.26,0,0,1,1
0.188,0.371,0.26,0,0,1,1
0.191,0.371,0.26,0,0,1,1
0.194,0.371,0.26,0,0,1,1
0.197,0.371,0.26,0,0,1,1
0.2,0.371,0.26,0,0,1,1
0.203,0.371,0.26,0,0,1,1
0.206,0.371,0.26,0,0,1,1
0.209,0.371,0.26,0,0,1,1
0.212,0.371,0.26,0,0,1,1
0.215,0.371,0.26,0,0,1,1
0.218,0.371,0.26,0,0,1,1
0.221,0.371,0.26,0,0,1,1
0.224,0.371,0.26,0,0,1,1
0.227,0.371,0.26,0,0,1,1
0.23,0.371,0.26,0,0,1,1
0.233,0.371,0.26,0,0,1,1
0.236,0.371,0.26,0,0,1,1
0.239,0.371,0.26,0,0,1,1
0.242,0.371,0.26,0,0,1,1
0.245,0.371,0.26,0,0,1,1
0.248,0.371,0.26,0,0,1,1
0.251,0.371,0.26,0,0,1,1
0.254,0.371,0.26,0,0,1,1
0.257,0.371,0.26,0,0,1,1
0.26,0.371,0.26,0,0,1,1
0.263,0.371,0.26,0,0,1,1
0.266,0.371,0.26,0,0,1,1
0.269,0.371,0.26,0,0,1,1
0.272,0.371,0.26,0,0,1,1
0.275,0.371,0.26,0,0,1,1
0.278,0.371,0.26,0,0,1,1
0.281,0.371,0.26,0,0,1,1
0.284,0.371,0.26,0,0,1,1
0.287,0.371,0.26,0,0,1,1
0.29,0.371,0.26,0,0,1,1
0.293,0.371,0.26,0,0,1,1
0.296,0.371,0.26,0,0,1,1
0.299,0.371,0.26,0,0,1,1
0.302,0.371,0.26,0,0,1,1
0.305,0.371,0.26,0,0,1,1
0.308,0.371,0.26,0,0,1,1
0.311,0.371,0.26,0,0,1,1
0.314,0.371,0.26,0,0,1,1
0.317,0.371,0.26,0,0,1,1
0.32,0.371,0.26,0,0,1,1
0.323,0.371,0.26,0,0,1,1
0.326,0.371,0.26,0,0,1,1
0.329,0.371,0.26,0,0,1,1
0.332,0.371,0.26,0,0,1,1
0.335,0.371,0.26,0,0,1,1
0.338,0.371,0.26,0,0,1,1
0.341,0.371,0.26,0,0,1,1
0.14,0.368,0.26,0,0,1,1
0.143,0.368,0.26,0,0,1,1
0.146,0.368,0.26,0,0,1,1
0.149,0.368,0.26,0,0,1,1
0.152,0.368,0.26,0,0,1,1
0.155,0.368,0.26,0,0,1,1
0.158,0.368,0.26,0,0,1,1
0.161,0.368,0.26,0,0,1,1
0.164,0.368,0.26,0,0,1,1
0.167,0.368,0.26,0,0,1,1
0.17,0.368,0.26,0,0,1,1
0.173,0.368,0.26,0,0,1,1
0.176,0.368,0.26,0,0,1,1
0.179,0.368,0.26,0,0,1,1
0.182,0.368,0.26,0,0,1,1
0.185,0.368,0.26,0,0,1,1
0.188,0.368,0.26,0,0,1,1
0.191,0.368,0.26,0,0,1,1
0.194,0.368,0.26,0,0,1,1
0.197,0.368,0.26,0,0,1,1
0.2,0.368,0.26,0,0,1,1
0.203,0.368,0.26,0,0,1,1
0.206,0.368,0.26,0,0,1,1
0.209,0.368,0.26,0,0,1,1
0.212,0.368,0.26,0,0,1,1
0.215,0.368,0.26,0,0,1,1
0.218,0.368,0.26,0,0,1,1
0.221,0.368,0.26,0,0,1,1
0.224,0.368,0.26,0,0,1,1
0.227,0.368,0.26,0,0,1,1
0.23,0.368,0.26,0,0,1,1
0.233,0.368,0.26,0,0,1,1
0.236,0.368,0.26,0,0,1,1
0.239,0.368,0.26,0,0,1,1
0.242,0.368,0.26,0,0,1,1
0.245,0.368,0.26,0,0,1,1
0.248,0.368,0.26,0,0,1,1
0.251,0.368,0.26,0,0,1,1
0.254,0.368,0.26,0,0,1,1
0.257,0.368,0.26,0,0,1,1
0.26,0.368,0.26,0,0,1,1
0.263,0.368,0.26,0,0,1,1
0.266,0.368,0.26,0,0,1,1
0.269,0.368,0.26,0,0,1,1
0.272,0.368,0.26,0,0,1,1
0.275,0.368,0.26,0,0,1,1
0.278,0.368,0.26,0,0,1,1
0.281,0.368,0.26,0,0,1,1
0.284,0.368,0.26,0,0,1,1
0.287,0.368,0.26,0,0,1,1
0.29,0.368,0.26,0,0,1,1
0.293,0.368,0.26,0,0,1,1
0.296,0.368,0.26,0,0,1,1
0.299,0.368,0.26,0,0,1,1
0.302,0.368,0.26,0,0,1,1
0.305,0.368,0.26,0,0,1,1
0.308,0.368,0.26,0,0,1,1
0.311,0.368,0.26,0,0,1,1
0.314,0.368,0.26,0,0,1,1
0.317,0.368,0.26,0,0,1,1
0.32,0.368,0.26,0,0,1,1
0.323,0.368,0.26,0,0,1,1
0.326,0.368,0.26,0,0,1,1
0.329,0.368,0.26,0,0,1,1
0.332,0.368,0.26,0,0,1,1
0.335,0.368,0.26,0,0,1,1
0.338,0.368,0.26,0,0,1,1
0.341,0.368,0.26,0,0,1,1
0.14,0.365,0.26,0,0,1,1
0.143,0.365,0.26,0,0,1,1
0.146,0.365,0.26,0,0,1,1
0.149,0.365,0.26,0,0,1,1
0.152,0.365,0.26,0,0,1,1
0.155,0.365,0.26,0,0,1,1
0.158,0.365,0.26,0,0,1,1
0.161,0.365,0.26,0,0,1,1
0.164,0.365,0.26,0,0,1,1
0.167,0.365,0.26,0,0,1,1
0.17,0.365,0.26,0,0,1,1
0.173,0.365,0.26,0,0,1,1
0.176,0.365,0.26,0,0,1,1
0.179,0.365,0.26,0,0,1,1
0.182,0.365,0.26,0,0,1,1
0.185,0.365,0.26,0,0,1,1
0.188,0.365,0.26,0,0,1,1
0.191,0.365,0.26,0,0,1,1
0.194,0.365,0.26,0,0,1,1
0.197,0.365,0.26,0,0,1,1
0.2,0.365,0.26,0,0,1,1
0.203,0.365,0.26,0,0,1,1
0.206,0.365,0.26,0,0,1,1
0.209,0.365,0.26,0,0,1,1
0.212,0.365,0.26,0,0,1,1
0.215,0.365,0.26,0,0,1,1
0.218,0.365,0.26,0,0,1,1
0.221,0.365,0.26,0,0,1,1
0.224,0.365,0.26,0,0,1,1
0.227,0.365,0.26,0,0,1,1
0.23,0.365,0.26,0,0,1,1
0.233,0.365,0.26,0,0,1,1
0.236,0.365,0.26,0,0,1,1
0.239,0.365,0.26,0,0,1,1
0.242,0.365,0.26,0,0,1,1
0.245,0.365,0.26,0,0,1,1
0.248,0.365,0.26,0,0,1,1
0.251,0.365,0.26,0,0,1,1
0.254,0.365,0.26,0,0,1,1
0.257,0.365,0.26,0,0,1,1
0.26,0.365,0.26,0,0,1,1
0.263,0.365,0.26,0,0,1,1
0.266,0.365,0.26,0,0,1,1
0.269,0.365,0.26,0,0,1,1
0.272,0.365,0.26,0,0,1,1
0.275,0.365,0.26,0,0,1,1
0.278,0.365,0.26,0,0,1,1
0.281,0.365,0.26,0,0,1,1
0.284,0.365,0.26,0,0,1,1
0.287,0.365,0.26,0,0,1,1
0.29,0.365,0.26,0,0,1,1
0.293,0.365,0.26,0,0,1,1
0.296,0.365,0.26,0,0,1,1
0.299,0.365,0.26,0,0,1,1
0.302,0.365,0.26,0,0,1,1
0.305,0.365,0.26,0,0,1,1
0.308,0.365,0.26,0,0,1,1
0.311,0.365,0.26,0,0,1,1
0.314,0.365,0.26,0,0,1,1
0.317,0.365,0.26,0,0,1,1
0.32,0.365,0.26,0,0,1,1
0.323,0.365,0.26,0,0,1,1
0.326,0.365,0.26,0,0,1,1
0.329,0.365,0.26,0,0,1,1
0.332,0.365,0.26,0,0,1,1
0.335,0.365,0.26,0,0,1,1
0.338,0.365,0.26,0,0,1,1
0.341,0.365,0.26,0,0,1,1
0.14,0.362,0.26,0,0,1,1
0.143,0.362,0.26,0,0,1,1
0.146,0.362,0.26,0,0,1,1
0.149,0.362,0.26,0,0,1,1
0.152,0.362,0.26,0,0,1,1
0.155,0.362,0.26,0,0,1,1
0.158,0.362,0.26,0,0,1,1
0.161,0.362,0.26,0,0,1,1
0.164,0.362,0.26,0,0,1,1
0.167,0.362,0.26,0,0,1,1
0.17,0.362,0.26,0,0,1,1
0.173,0.362,0.26,0,0,1,1
0.176,0.362,0.26,0,0,1,1
0.179,0.362,0.26,0,0,1,1
0.182,0.362,0.26,0,0,1,1
0.185,0.362,0.26,0,0,1,1
0.188,0.362,0.26,0,0,1,1
0.191,0.362,0.26,0,0,1,1
0.194,0.362,0.26,0,0,1,1
0.197,0.362,0.26,0,0,1,1
0.2,0.362,0.26,0,0,1,1
0.203,0.362,0.26,0,0,1,1
0.206,0.362,0.26,0,0,1,1
0.209,0.362,0.26,0,0,1,1
0.212,0.362,0.26,0,0,1,1
0.215,0.362,0.26,0,0,1,1
0.218,0.362,0.26,0,0,1,1
0.221,0.362,0.26,0,0,1,1
0.224,0.362,0.26,0,0,1,1
0.227,0.362,0.26,0,0,1,1
0.23,0.362,0.26,0,0,1,1
0.233,0.362,0.26,0,0,1,1
0.236,0.362,0.26,0,0,1,1
0.239,0.362,0.26,0,0,1,1
0.242,0.362,0.26,0,0,1,1
0.245,0.362,0.26,0,0,1,1
0.248,0.362,0.26,0,0,1,1
0.251,0.362,0.26,0,0,1,1
0.254,0.362,0.26,0,0,1,1
0.257,0.362,0.26,0,0,1,1
0.26,0.362,0.26,0,0,1,1
0.263,0.362,0.26,0,0,1,1
0.266,0.362,0.26,0,0,1,1
0.269,0.362,0.26,0,0,1,1
0.272,0.362,0.26,0,0,1,1
0.275,0.362,0.26,0,0,1,1
0.278,0.362,0.26,0,0,1,1
0.281,0.362,0.26,0,0,1,1
0.284,0.362,0.26,0,0,1,1
0.287,0.362,0.26,0,0,1,1
0.29,0.362,0.26,0,0,1,1
0.293,0.362,0.26,0,0,1,1
0.296,0.362,0.26,0,0,1,1
0.299,0.362,0.26,0,0,1,1
0.302,0.362,0.26,0,0,1,1
0.305,0.362,0.26,0,0,1,1
0.308,0.362,0.26,0,0,1,1
0.311,0.362,0.26,0,0,1,1
0.314,0.362,0.26,0,0,1,1
0.317,0.362,0.26,0,0,1,1
0.32,0.362,0.26,0,0,1,1
0.323,0.362,0.26,0,0,1,1
0.326,0.362,0.26,0,0,1,1
0.329,0.362,0.26,0,0,1,1
0.332,0.362,0.26,0,0,1,1
0.335,0.362,0.26,0,0,1,1
0.338,0.362,0.26,0,0,1,1
0.341,0.362,0.26,0,0,1,1
0.14,0.359,0.26,0,0,1,1
0.143,0.359,0.26,0,0,1,1
0.146,0.359,0.26,0,0,1,1
0.149,0.359,0.26,0,0,1,1
0.152,0.359,0.26,0,0,1,1
0.155,0.359,0.26,0,0,1,1
0.158,0.359,0.26,0,0,1,1
0.161,0.359,0.26,0,0,1,1
0.164,0.359,0.26,0,0,1,1
0.167,0.359,0.26,0,0,1,1
0.17,0.359,0.26,0,0,1,1
0.173,0.359,0.26,0,0,1,1
0.176,0.359,0.26,0,0,1,1
0.179,0.359,0.26,0,0,1,1
0.182,0.359,0.26,0,0,1,1
0.185,0.359,0.26,0,0,1,1
0.188,0.359,0.26,0,0,1,1
0.191,0.359,0.26,0,0,1,1
0.194,0.359,0.26,0,0,1,1
0.197,0.359,0.26,0,0,1,1
0.2,0.359,0.26,0,0,1,1
0.203,0.359,0.26,0,0,1,1
0.206,0.359,0.26,0,0,1,1
0.209,0.359,0.26,0,0,1,1
0.212,0.359,0.26,0,0,1,1
0.215,0.359,0.26,0,0,1,1
0.218,0.359,0.26,0,0,1,1
0.221,0.359,0.26,0,0,1,1
0.224,0.359,0.26,0,0,1,1
0.227,0.359,0.26,0,0,1,1
0.23,0.359,0.26,0,0,1,1
0.233,0.359,0.26,0,0,1,1
0.236,0.359,0.26,0,0,1,1
0.239,0.359,0.26,0,0,1,1
0.242,0.359,0.26,0,0,1,1
0.245,0.359,0.26,0,0,1,1
0.248,0.359,0.26,0,0,1,1
0.251,0.359,0.26,0,0,1,1
0.254,0.359,0.26,0,0,1,1
0.257,0.359,0.26,0,0,1,1
0.26,0.359,0.26,0,0,1,1
0.263,0.359,0.26,0,0,1,1
0.266,0.359,0.26,0,0,1,1
0.269,0.359,0.26,0,0,1,1
0.272,0.359,0.26,0,0,1,1
0.275,0.359,0.26,0,0,1,1
0.278,0.359,0.26,0,0,1,1
0.281,0.359,0.26,0,0,1,1
0.284,0.359,0.26,0,0,1,1
0.287,0.359,0.26,0,0,1,1
0.29,0.359,0.26,0,0,1,1
0.293,0.359,0.26,0,0,1,1
0.296,0.359,0.26,0,0,1,1
0.299,0.359,0.26,0,0,1,1
0.302,0.359,0.26,0,0,1,1
0.305,0.359,0.26,0,0,1,1
0.308,0.359,0.26,0,0,1,1
0.311,0.359,0.26,0,0,1,1
0.314,0.359,0.26,0,0,1,1
0.317,0.359,0.26,0,0,1,1
0.32,0.359,0.26,0,0,1,1
0.323,0.359,0.26,0,0,1,1
0.326,0.359,0.26,0,0,1,1
0.329,0.359,0.26,0,0,1,1
0.332,0.359,0.26,0,0,1,1
0.335,0.359,0.26,0,0,1,1
0.338,0.359,0.26,0,0,1,1
0.341,0.359,0.26,0,0,1,1
0.14,0.356,0.26,0,0,1,1
0.143,0.356,0.26,0,0,1,1
0.146,0.356,0.26,0,0,1,1
0.149,0.356,0.26,0,0,1,1
0.152,0.356,0.26,0,0,1,1
0.155,0.356,0.26,0,0,1,1
0.158,0.356,0.26,0,0,1,1
0.161,0.356,0.26,0,0,1,1
0.164,0.356,0.26,0,0,1,1
0.167,0.356,0.26,0,0,1,1
0.17,0.356,0.26,0,0,1,1
0.173,0.356,0.26,0,0,1,1
0.176,0.356,0.26,0,0,1,1
0.179,0.356,0.26,0,0,1,1
0.182,0.356,0.26,0,0,1,1
0.185,0.356,0.26,0,0,1,1
0.188,0.356,0.26,0,0,1,1
0.191,0.356,0.26,0,0,1,1
0.194,0.356,0.26,0,0,1,1
0.197,0.356,0.26,0,0,1,1
0.2,0.356,0.26,0,0,1,1
0.203,0.356,0.26,0,0,1,1
0.206,0.356,0.26,0,0,1,1
0.209,0.356,0.26,0,0,1,1
0.212,0.356,0.26,0,0,1,1
0.215,0.356,0.26,0,0,1,1
0.218,0.356,0.26,0,0,1,1
0.221,0.356,0.26,0,0,1,1
0.224,0.356,0.26,0,0,1,1
0.227,0.356,0.26,0,0,1,1
0.23,0.356,0.26,0,0,1,1
0.233,0.356,0.26,0,0,1,1
0.236,0.356,0.26,0,0,1,1
0.239,0.356,0.26,0,0,1,1
0.242,0.356,0.26,0,0,1,1
0.245,0.356,0.26,0,0,1,1
0.248,0.356,0.26,0,0,1,1
0.251,0.356,0.26,0,0,1,1
0.254,0.356,0.26,0,0,1,1
0.257,0.356,0.26,0,0,1,1
0.26,0.356,0.26,0,0,1,1
0.263,0.356,0.26,0,0,1,1
0.266,0.356,0.26,0,0,1,1
0.269,0.356,0.26,0,0,1,1
0.272,0.356,0.26,0,0,1,1
0.275,0.356,0.26,0,0,1,1
0.278,0.356,0.26,0,0,1,1
0.281,0.356,0.26,0,0,1,1
0.284,0.356,0.26,0,0,1,1
0.287,0.356,0.26,0,0,1,1
0.29,0.356,0.26,0,0,1,1
0.293,0.356,0.26,0,0,1,1
0.296,0.356,0.26,0,0,1,1
0.299,0.356,0.26,0,0,1,1
0.302,0.356,0.26,0,0,1,1
0.305,0.356,0.26,0,0,1,1
0.308,0.356,0.26,0,0,1,1
0.311,0.356,0.26,0,0,1,1
0.314,0.356,0.26,0,0,1,1
0.317,0.356,0.26,0,0,1,1
0.32,0.356,0.26,0,0,1,1
0.323,0.356,0.26,0,0,1,1
0.326,0.356,0.26,0,0,1,1
0.329,0.356,0.26,0,0,1,1
0.332,0.356,0.26,0,0,1,1
0.335,0.356,0.26,0,0,1,1
0.338,0.356,0.26,0,0,1,1
0.341,0.356,0.26,0,0,1,1
0.14,0.353,0.26,0,0,1,1
0.143,0.353,0.26,0,0,1,1
0.146,0.353,0.26,0,0,1,1
0.149,0.353,0.26,0,0,1,1
0.152,0.353,0.26,0,0,1,1
0.155,0.353,0.26,0,0,1,1
0.158,0.353,0.26,0,0,1,1
0.161,0.353,0.26,0,0,1,1
0.164,0.353,0.26,0,0,1,1
0.167,0.353,0.26,0,0,1,1
0.17,0.353,0.26,0,0,1,1
0.173,0.353,0.26,0,0,1,1
0.176,0.353,0.26,0,0,1,1
0.179,0.353,0.26,0,0,1,1
0.182,0.353,0.26,0,0,1,1
0.185,0.353,0.26,0,0,1,1
0.188,0.353,0.26,0,0,1,1
0.191,0.353,0.26,0,0,1,1
0.194,0.353,0.26,0,0,1,1
0.197,0.353,0.26,0,0,1,1
0.2,0.353,0.26,0,0,1,1
0.203,0.353,0.26,0,0,1,1
0.206,0.353,0.26,0,0,1,1
0.209,0.353,0.26,0,0,1,1
0.212,0.353,0.26,0,0,1,1
0.215,0.353,0.26,0,0,1,1
0.218,0.353,0.26,0,0,1,1
0.221,0.353,0.26,0,0,1,1
0.224,0.353,0.26,0,0,1,1
0.227,0.353,0.26,0,0,1,1
0.23,0.353,0.26,0,0,1,1
0.233,0.353,0.26,0,0,1,1
0.236,0.353,0.26,0,0,1,1
0.239,0.353,0.26,0,0,1,1
0.242,0.353,0.26,0,0,1,1
0.245,0.353,0.26,0,0,1,1
0.248,0.353,0.26,0,0,1,1
0.251,0.353,0.26,0,0,1,1
0.254,0.353,0.26,0,0,1,1
0.257,0.353,0.26,0,0,1,1
0.26,0.353,0.26,0,0,1,1
0.263,0.353,0.26,0,0,1,1
0.266,0.353,0.26,0,0,1,1
0.269,0.353,0.26,0,0,1,1
0.272,0.353,0.26,0,0,1,1
0.275,0.353,0.26,0,0,1,1
0.278,0.353,0.26,0,0,1,1
0.281,0.353,0.26,0,0,1,1
0.284,0.353,0.26,0,0,1,1
0.287,0.353,0.26,0,0,1,1
0.29,0.353,0.26,0,0,1,1
0.293,0.353,0.26,0,0,1,1
0.296,0.353,0.26,0,0,1,1
0.299,0.353,0.26,0,0,1,1
0.302,0.353,0.26,0,0,1,1
0.305,0.353,0.26,0,0,1,1
0.308,0.353,0.26,0,0,1,1
0.311,0.353,0.26,0,0,1,1
0.314,0.353,0.26,0,0,1,1
0.317,0.353,0.26,0,0,1,1
0.32,0.353,0.26,0,0,1,1
0.323,0.353,0.26,0,0,1,1
0.326,0.353,0.26,0,0,1,1
0.329,0.353,0.26,0,0,1,1
0.332,0.353,0.26,0,0,1,1
0.335,0.353,0.26,0,0,1,1
0.338,0.353,0.26,0,0,1,1
0.341,0.353,0.26,0,0,1,1
0.14,0.35,0.26,0,0,1,1
0.143,0.35,0.26,0,0,1,1
0.146,0.35,0.26,0,0,1,1
0.149,0.35,0.26,0,0,1,1
0.152,0.35,0.26,0,0,1,1
0.155,0.35,0.26,0,0,1,1
0.158,0.35,0.26,0,0,1,1
0.161,0.35,0.26,0,0,1,1
0.164,0.35,0.26,0,0,1,1
0.167,0.35,0.26,0,0,1,1
0.17,0.35,0.26,0,0,1,1
0.173,0.35,0.26,0,0,1,1
0.176,0.35,0.26,0,0,1,1
0.179,0.35,0.26,0,0,1,1
0.182,0.35,0.26,0,0,1,1
0.185,0.35,0.26,0,0,1,1
0.188,0.35,0.26,0,0,1,1
0.191,0.35,0.26,0,0,1,1
0.194,0.35,0.26,0,0,1,1
0.197,0.35,0.26,0,0,1,1
0.2,0.35,0.26,0,0,1,1
0.203,0.35,0.26,0,0,1,1
0.206,0.35,0.26,0,0,1,1
0.209,0.35,0.26,0,0,1,1
0.212,0.35,0.26,0,0,1,1
0.215,0.35,0.26,0,0,1,1
0.218,0.35,0.26,0,0,1,1
0.221,0.35,0.26,0,0,1,1
0.224,0.35,0.26,0,0,1,1
0.227,0.35,0.26,0,0,1,1
0.23,0.35,0.26,0,0,1,1
0.233,0.35,0.26,0,0,1,1
0.236,0.35,0.26,0,0,1,1
0.239,0.35,0.26,0,0,1,1
0.242,0.35,0.26,0,0,1,1
0.245,0.35,0.26,0,0,1,1
0.248,0.35,0.26,0,0,1,1
0.251,0.35,0.26,0,0,1,1
0.254,0.35,0.26,0,0,1,1
0.257,0.35,0.26,0,0,1,1
0.26,0.35,0.26,0,0,1,1
0.263,0.35,0.26,0,0,1,1
0.266,0.35,0.26,0,0,1,1
0.269,0.35,0.26,0,0,1,1
0.272,0.35,0.26,0,0,1,1
0.275,0.35,0.26,0,0,1,1
0.278,0.35,0.26,0,0,1,1
0.281,0.35,0.26,0,0,1,1
0.284,0.35,0.26,0,0,1,1
0.287,0.35,0.26,0,0,1,1
0.29,0.35,0.26,0,0,1,1
0.293,0.35,0.26,0,0,1,1
0.296,0.35,0.26,0,0,1,1
0.299,0.35,0.26,0,0,1,1
0.302,0.35,0.26,0,0,1,1
0.305,0.35,0.26,0,0,1,1
0.308,0.35,0.26,0,0,1,1
0.311,0.35,0.26,0,0,1,1
0.314,0.35,0.26,0,0,1,1
0.317,0.35,0.26,0,0,1,1
0.32,0.35,0.26,0,0,1,1
0.323,0.35,0.26,0,0,1,1
0.326,0.35,0.26,0,0,1,1
0.329,0.35,0.26,0,0,1,1
0.332,0.35,0.26,0,0,1,1
0.335,0.35,0.26,0,0,1,1
0.338,0.35,0.26,0,0,1,1
0.341,0.35,0.26,0,0,1,1
0.14,0.347,0.26,0,0,1,1
0.143,0.347,0.26,0,0,1,1
0.146,0.347,0.26,0,0,1,1
0.149,0.347,0.26,0,0,1,1
0.152,0.347,0.26,0,0,1,1
0.155,0.347,0.26,0,0,1,1
0.158,0.347,0.26,0,0,1,1
0.161,0.347,0.26,0,0,1,1
0.164,0.347,0.26,0,0,1,1
0.167,0.347,0.26,0,0,1,1
0.17,0.347,0.26,0,0,1,1
0.173,0.347,0.26,0,0,1,1
0.176,0.347,0.26,0,0,1,1
0.179,0.347,0.26,0,0,1,1
0.182,0.347,0.26,0,0,1,1
0.185,0.347,0.26,0,0,1,1
0.188,0.347,0.26,0,0,1,1
0.191,0.347,0.26,0,0,1,1
0.194,0.347,0.26,0,0,1,1
0.197,0.347,0.26,0,0,1,1
0.2,0.347,0.26,0,0,1,1
0.203,0.347,0.26,0,0,1,1
0.206,0.347,0.26,0,0,1,1
0.209,0.347,0.26,0,0,1,1
0.212,0.347,0.26,0,0,1,1
0.215,0.347,0.26,0,0,1,1
0.218,0.347,0.26,0,0,1,1
0.221,0.347,0.26,0,0,1,1
0.224,0.347,0.26,0,0,1,1
0.227,0.347,0.26,0,0,1,1
0.23,0.347,0.26,0,0,1,1
0.233,0.347,0.26,0,0,1,1
0.236,0.347,0.26,0,0,1,1
0.239,0.347,0.26,0,0,1,1
0.242,0.347,0.26,0,0,1,1
0.245,0.347,0.26,0,0,1,1
0.248,0.347,0.26,0,0,1,1
0.251,0.347,0.26,0,0,1,1
0.254,0.347,0.26,0,0,1,1
0.257,0.347,0.26,0,0,1,1
0.26,0.347,0.26,0,0,1,1
0.263,0.347,0.26,0,0,1,1
0.266,0.347,0.26,0,0,1,1
0.269,0.347,0.26,0,0,1,1
0.272,0.347,0.26,0,0,1,1
0.275,0.347,0.26,0,0,1,1
0.278,0.347,0.26,0,0,1,1
0.281,0.347,0.26,0,0,1,1
0.284,0.347,0.26,0,0,1,1
0.287,0.347,0.26,0,0,1,1
0.29,0.347,0.26,0,0,1,1
0.293,0.347,0.26,0,0,1,1
0.296,0.347,0.26,0,0,1,1
0.299,0.347,0.26,0,0,1,1
0.302,0.347,0.26,0,0,1,1
0.305,0.347,0.26,0,0,1,1
0.308,0.347,0.26,0,0,1,1
0.311,0.347,0.26,0,0,1,1
0.314,0.347,0.26,0,0,1,1
0.317,0.347,0.26,0,0,1,1
0.32,0.347,0.26,0,0,1,1
0.323,0.347,0.26,0,0,1,1
0.326,0.347,0.26,0,0,1,1
0.329,0.347,0.26,0,0,1,1
0.332,0.347,0.26,0,0,1,1
0.335,0.347,0.26,0,0,1,1
0.338,0.347,0.26,0,0,1,1
0.341,0.347,0.26,0,0,1,1
0.14,0.344,0.26,0,0,1,1
0.143,0.344,0.26,0,0,1,1
0.146,0.344,0.26,0,0,1,1
0.149,0.344,0.26,0,0,1,1
0.152,0.344,0.26,0,0,1,1
0.155,0.344,0.26,0,0,1,1
0.158,0.344,0.26,0,0,1,1
0.161,0.344,0.26,0,0,1,1
0.164,0.344,0.26,0,0,1,1
0.167,0.344,0.26,0,0,1,1
0.17,0.344,0.26,0,0,1,1
0.173,0.344,0.26,0,0,1,1
0.176,0.344,0.26,0,0,1,1
0.179,0.344,0.26,0,0,1,1
0.182,0.344,0.26,0,0,1,1
0.185,0.344,0.26,0,0,1,1
0.188,0.344,0.26,0,0,1,1
0.191,0.344,0.26,0,0,1,1
0.194,0.344,0.26,0,0,1,1
0.197,0.344,0.26,0,0,1,1
0.2,0.344,0.26,0,0,1,1
0.203,0.344,0.26,0,0,1,1
0.206,0.344,0.26,0,0,1,1
0.209,0.344,0.26,0,0,1,1
0.212,0.344,0.26,0,0,1,1
0.215,0.344,0.26,0,0,1,1
0.218,0.344,0.26,0,0,1,1
0.221,0.344,0.26,0,0,1,1
0.224,0.344,0.26,0,0,1,1
0.227,0.344,0.26,0,0,1,1
0.23,0.344,0.26,0,0,1,1
0.233,0.344,0.26,0,0,1,1
0.236,0.344,0.26,0,0,1,1
0.239,0.344,0.26,0,0,1,1
0.242,0.344,0.26,0,0,1,1
0.245,0.344,0.26,0,0,1,1
0.248,0.344,0.26,0,0,1,1
0.251,0.344,0.26,0,0,1,1
0.254,0.344,0.26,0,0,1,1
0.257,0.344,0.26,0,0,1,1
0.26,0.344,0.26,0,0,1,1
0.263,0.344,0.26,0,0,1,1
0.266,0.344,0.26,0,0,1,1
0.269,0.344,0.26,0,0,1,1
0.272,0.344,0.26,0,0,1,1
0.275,0.344,0.26,0,0,1,1
0.278,0.344,0.26,0,0,1,1
0.281,0.344,0.26,0,0,1,1
0.284,0.344,0.26,0,0,1,1
0.287,0.344,0.26,0,0,1,1
0.29,0.344,0.26,0,0,1,1
0.293,0.344,0.26,0,0,1,1
0.296,0.344,0.26,0,0,1,1
0.299,0.344,0.26,0,0,1,1
0.302,0.344,0.26,0,0,1,1
0.305,0.344,0.26,0,0,1,1
0.308,0.344,0.26,0,0,1,1
0.311,0.344,0.26,0,0,1,1
0.314,0.344,0.26,0,0,1,1
0.317,0.344,0.26,0,0,1,1
0.32,0.344,0.26,0,0,1,1
0.323,0.344,0.26,0,0,1,1
0.326,0.344,0.26,0,0,1,1
0.329,0.344,0.26,0,0,1,1
0.332,0.344,0.26,0,0,1,1
0.335,0.344,0.26,0,0,1,1
0.338,0.344,0.26,0,0,1,1
0.341,0.344,0.26,0,0,1,1
0.14,0.341,0.26,0,0,1,1
0.143,0.341,0.26,0,0,1,1
0.146,0.341,0.26,0,0,1,1
0.149,0.341,0.26,0,0,1,1
0.152,0.341,0.26,0,0,1,1
0.155,0.341,0.26,0,0,1,1
0.158,0.341,0.26,0,0,1,1
0.161,0.341,0.26,0,0,1,1
0.164,0.341,0.26,0,0,1,1
0.167,0.341,0.26,0,0,1,1
0.17,0.341,0.26,0,0,1,1
0.173,0.341,0.26,0,0,1,1
0.176,0.341,0.26,0,0,1,1
0.179,0.341,0.26,0,0,1,1
0.182,0.341,0.26,0,0,1,1
0.185,0.341,0.26,0,0,1,1
0.188,0.341,0.26,0,0,1,1
0.191,0.341,0.26,0,0,1,1
0.194,0.341,0.26,0,0,1,1
0.197,0.341,0.26,0,0,1,1
0.2,0.341,0.26,0,0,1,1
0.203,0.341,0.26,0,0,1,1
0.206,0.341,0.26,0,0,1,1
0.209,0.341,0.26,0,0,1,1
0.212,0.341,0.26,0,0,1,1
0.215,0.341,0.26,0,0,1,1
0.218,0.341,0.26,0,0,1,1
0.221,0.341,0.26,0,0,1,1
0.224,0.341,0.26,0,0,1,1
0.227,0.341,0.26,0,0,1,1
0.23,0.341,0.26,0,0,1,1
0.233,0.341,0.26,0,0,1,1
0.236,0.341,0.26,0,0,1,1
0.239,0.341,0.26,0,0,1,1
0.242,0.341,0.26,0,0,1,1
0.245,0.341,0.26,0,0,1,1
0.248,0.341,0.26,0,0,1,1
0.251,0.341,0.26,0,0,1,1
0.254,0.341,0.26,0,0,1,1
0.257,0.341,0.26,0,0,1,1
0.26,0.341,0.26,0,0,1,1
0.263,0.341,0.26,0,0,1,1
0.266,0.341,0.26,0,0,1,1
0.269,0.341,0.26,0,0,1,1
0.272,0.341,0.26,0,0,1,1
0.275,0.341,0.26,0,0,1,1
0.278,0.341,0.26,0,0,1,1
0.281,0.341,0.26,0,0,1,1
0.284,0.341,0.26,0,0,1,1
0.287,0.341,0.26,0,0,1,1
0.29,0.341,0.26,0,0,1,1
0.293,0.341,0.26,0,0,1,1
0.296,0.341,0.26,0,0,1,1
0.299,0.341,0.26,0,0,1,1
0.302,0.341,0.26,0,0,1,1
0.305,0.341,0.26,0,0,1,1
0.308,0.341,0.26,0,0,1,1
0.311,0.341,0.26,0,0,1,1
0.314,0.341,0.26,0,0,1,1
0.317,0.341,0.26,0,0,1,1
0.32,0.341,0.26,0,0,1,1
0.323,0.341,0.26,0,0,1,1
0.326,0.341,0.26,0,0,1,1
0.329,0.341,0.26,0,0,1,1
0.332,0.341,0.26,0,0,1,1
0.335,0.341,0.26,0,0,1,1
0.338,0.341,0.26,0,0,1,1
0.341,0.341,0.26,0,0,1,1
0.14,0.338,0.26,0,0,1,1
0.143,0.338,0.26,0,0,1,1
0.146,0.338,0.26,0,0,1,1
0.149,0.338,0.26,0,0,1,1
0.152,0.338,0.26,0,0,1,1
0.155,0.338,0.26,0,0,1,1
0.158,0.338,0.26,0,0,1,1
0.161,0.338,0.26,0,0,1,1
0.164,0.338,0.26,0,0,1,1
0.167,0.338,0.26,0,0,1,1
0.17,0.338,0.26,0,0,1,1
0.173,0.338,0.26,0,0,1,1
0.176,0.338,0.26,0,0,1,1
0.179,0.338,0.26,0,0,1,1
0.182,0.338,0.26,0,0,1,1
0.185,0.338,0.26,0,0,1,1
0.188,0.338,0.26,0,0,1,1
0.191,0.338,0.26,0,0,1,1
0.194,0.338,0.26,0,0,1,1
0.197,0.338,0.26,0,0,1,1
0.2,0.338,0.26,0,0,1,1
0.203,0.338,0.26,0,0,1,1
0.206,0.338,0.26,0,0,1,1
0.209,0.338,0.26,0,0,1,1
0.212,0.338,0.26,0,0,1,1
0.215,0.338,0.26,0,0,1,1
0.218,0.338,0.26,0,0,1,1
0.221,0.338,0.26,0,0,1,1
0.224,0.338,0.26,0,0,1,1
0.227,0.338,0.26,0,0,1,1
0.23,0.338,0.26,0,0,1,1
0.233,0.338,0.26,0,0,1,1
0.236,0.338,0.26,0,0,1,1
0.239,0.338,0.26,0,0,1,1
0.242,0.338,0.26,0,0,1,1
0.245,0.338,0.26,0,0,1,1
0.248,0.338,0.26,0,0,1,1
0.251,0.338,0.26,0,0,1,1
0.254,0.338,0.26,0,0,1,1
0.257,0.338,0.26,0,0,1,1
0.26,0.338,0.26,0,0,1,1
0.263,0.338,0.26,0,0,1,1
0.266,0.338,0.26,0,0,1,1
0.269,0.338,0.26,0,0,1,1
0.272,0.338,0.26,0,0,1,1
0.275,0.338,0.26,0,0,1,1
0.278,0.338,0.26,0,0,1,1
0.281,0.338,0.26,0,0,1,1
0.284,0.338,0.26,0,0,1,1
0.287,0.338,0.26,0,0,1,1
0.29,0.338,0.26,0,0,1,1
0.293,0.338,0.26,0,0,1,1
0.296,0.338,0.26,0,0,1,1
0.299,0.338,0.26,0,0,1,1
0.302,0.338,0.26,0,0,1,1
0.305,0.338,0.26,0,0,1,1
0.308,0.338,0.26,0,0,1,1
0.311,0.338,0.26,0,0,1,1
0.314,0.338,0.26,0,0,1,1
0.317,0.338,0.26,0,0,1,1
0.32,0.338,0.26,0,0,1,1
0.323,0.338,0.26,0,0,1,1
0.326,0.338,0.26,0,0,1,1
0.329,0.338,0.26,0,0,1,1
0.332,0.338,0.26,0,0,1,1
0.335,0.338,0.26,0,0,1,1
0.338,0.338,0.26,0,0,1,1
0.341,0.338,0.26,0,0,1,1
0.14,0.335,0.26,0,0,1,1
0.143,0.335,0.26,0,0,1,1
0.146,0.335,0.26,0,0,1,1
0.149,0.335,0.26,0,0,1,1
0.152,0.335,0.26,0,0,1,1
0.155,0.335,0.26,0,0,1,1
0.158,0.335,0.26,0,0,1,1
0.161,0.335,0.26,0,0,1,1
0.164,0.335,0.26,0,0,1,1
0.167,0.335,0.26,0,0,1,1
0.17,0.335,0.26,0,0,1,1
0.173,0.335,0.26,0,0,1,1
0.176,0.335,0.26,0,0,1,1
0.179,0.335,0.26,0,0,1,1
0.182,0.335,0.26,0,0,1,1
0.185,0.335,0.26,0,0,1,1
0.188,0.335,0.26,0,0,1,1
0.191,0.335,0.26,0,0,1,1
0.194,0.335,0.26,0,0,1,1
0.197,0.335,0.26,0,0,1,1
0.2,0.335,0.26,0,0,1,1
0.203,0.335,0.26,0,0,1,1
0.206,0.335,0.26,0,0,1,1
0.209,0.335,0.26,0,0,1,1
0.212,0.335,0.26,0,0,1,1
0.215,0.335,0.26,0,0,1,1
0.218,0.335,0.26,0,0,1,1
0.221,0.335,0.26,0,0,1,1
0.224,0.335,0.26,0,0,1,1
0.227,0.335,0.26,0,0,1,1
0.23,0.335,0.26,0,0,1,1
0.233,0.335,0.26,0,0,1,1
0.236,0.335,0.26,0,0,1,1
0.239,0.335,0.26,0,0,1,1
0.242,0.335,0.26,0,0,1,1
0.245,0.335,0.26,0,0,1,1
0.248,0.335,0.26,0,0,1,1
0.251,0.335,0.26,0,0,1,1
0.254,0.335,0.26,0,0,1,1
0.257,0.335,0.26,0,0,1,1
0.26,0.335,0.26,0,0,1,1
0.263,0.335,0.26,0,0,1,1
0.266,0.335,0.26,0,0,1,1
0.269,0.335,0.26,0,0,1,1
0.272,0.335,0.26,0,0,1,1
0.275,0.335,0.26,0,0,1,1
0.278,0.335,0.26,0,0,1,1
0.281,0.335,0.26,0,0,1,1
0.284,0.335,0.26,0,0,1,1
0.287,0.335,0.26,0,0,1,1
0.29,0.335,0.26,0,0,1,1
0.293,0.335,0.26,0,0,1,1
0.296,0.335,0.26,0,0,1,1
0.299,0.335,0.26,0,0,1,1
0.302,0.335,0.26,0,0,1,1
0.305,0.335,0.26,0,0,1,1
0.308,0.335,0.26,0,0,1,1
0.311,0.335,0.26,0,0,1,1
0.314,0.335,0.26,0,0,1,1
0.317,0.335,0.26,0,0,1,1
0.32,0.335,0.26,0,0,1,1
0.323,0.335,0.26,0,0,1,1
0.326,0.335,0.26,0,0,1,1
0.329,0.335,0.26,0,0,1,1
0.332,0.335,0.26,0,0,1,1
0.335,0.335,0.26,0,0,1,1
0.338,0.335,0.26,0,0,1,1
0.341,0.335,0.26,0,0,1,1
0.14,0.332,0.26,0,0,1,1
0.143,0.332,0.26,0,0,1,1
0.146,0.332,0.26,0,0,1,1
0.149,0.332,0.26,0,0,1,1
0.152,0.332,0.26,0,0,1,1
0.155,0.332,0.26,0,0,1,1
0.158,0.332,0.26,0,0,1,1
0.161,0.332,0.26,0,0,1,1
0.164,0.332,0.26,0,0,1,1
0.167,0.332,0.26,0,0,1,1
0.17,0.332,0.26,0,0,1,1
0.173,0.332,0.26,0,0,1,1
0.176,0.332,0.26,0,0,1,1
0.179,0.332,0.26,0,0,1,1
0.182,0.332,0.26,0,0,1,1
0.185,0.332,0.26,0,0,1,1
0.188,0.332,0.26,0,0,1,1
0.191,0.332,0.26,0,0,1,1
0.194,0.332,0.26,0,0,1,1
0.197,0.332,0.26,0,0,1,1
0.2,0.332,0.26,0,0,1,1
0.203,0.332,0.26,0,0,1,1
0.206,0.332,0.26,0,0,1,1
0.209,0.332,0.26,0,0,1,1
0.212,0.332,0.26,0,0,1,1
0.215,0.332,0.26,0,0,1,1
0.218,0.332,0.26,0,0,1,1
0.221,0.332,0.26,0,0,1,1
0.224,0.332,0.26,0,0,1,1
0.227,0.332,0.26,0,0,1,1
0.23,0.332,0.26,0,0,1,1
0.233,0.332,0.26,0,0,1,1
0.236,0.332,0.26,0,0,1,1
0.239,0.332,0.26,0,0,1,1
0.242,0.332,0.26,0,0,1,1
0.245,0.332,0.26,0,0,1,1
0.248,0.332,0.26,0,0,1,1
0.251,0.332,0.26,0,0,1,1
0.254,0.332,0.26,0,0,1,1
0.257,0.332,0.26,0,0,1,1
0.26,0.332,0.26,0,0,1,1
0.263,0.332,0.26,0,0,1,1
0.266,0.332,0.26,0,0,1,1
0.269,0.332,0.26,0,0,1,1
0.272,0.332,0.26,0,0,1,1
0.275,0.332,0.26,0,0,1,1
0.278,0.332,0.26,0,0,1,1
0.281,0.332,0.26,0,0,1,1
0.284,0.332,0.26,0,0,1,1
0.287,0.332,0.26,0,0,1,1
0.29,0.332,0.26,0,0,1,1
0.293,0.332,0.26,0,0,1,1
0.296,0.332,0.26,0,0,1,1
0.299,0.332,0.26,0,0,1,1
0.302,0.332,0.26,0,0,1,1
0.305,0.332,0.26,0,0,1,1
0.308,0.332,0.26,0,0,1,1
0.311,0.332,0.26,0,0,1,1
0.314,0.332,0.26,0,0,1,1
0.317,0.332,0.26,0,0,1,1
0.32,0.332,0.26,0,0,1,1
0.323,0.332,0.26,0,0,1,1
0.326,0.332,0.26,0,0,1,1
0.329,0.332,0.26,0,0,1,1
0.332,0.332,0.26,0,0,1,1
0.335,0.332,0.26,0,0,1,1
0.338,0.332,0.26,0,0,1,1
0.341,0.332,0.26,0,0,1,1
0.14,0.329,0.26,0,0,1,1
0.143,0.329,0.26,0,0,1,1
0.146,0.329,0.26,0,0,1,1
0.149,0.329,0.26,0,0,1,1
0.152,0.329,0.26,0,0,1,1
0.155,0.329,0.26,0,0,1,1
0.158,0.329,0.26,0,0,1,1
0.161,0.329,0.26,0,0,1,1
0.164,0.329,0.26,0,0,1,1
0.167,0.329,0.26,0,0,1,1
0.17,0.329,0.26,0,0,1,1
0.173,0.329,0.26,0,0,1,1
0.176,0.329,0.26,0,0,1,1
0.179,0.329,0.26,0,0,1,1
0.182,0.329,0.26,0,0,1,1
0.185,0.329,0.26,0,0,1,1
0.188,0.329,0.26,0,0,1,1
0.191,0.329,0.26,0,0,1,1
0.194,0.329,0.26,0,0,1,1
0.197,0.329,0.26,0,0,1,1
0.2,0.329,0.26,0,0,1,1
0.203,0.329,0.26,0,0,1,1
0.206,0.329,0.26,0,0,1,1
0.209,0.329,0.26,0,0,1,1
0.212,0.329,0.26,0,0,1,1
0.215,0.329,0.26,0,0,1,1
0.218,0.329,0.26,0,0,1,1
0.221,0.329,0.26,0,0,1,1
0.224,0.329,0.26,0,0,1,1
0.227,0.329,0.26,0,0,1,1
0.23,0.329,0.26,0,0,1,1
0.233,0.329,0.26,0,0,1,1
0.236,0.329,0.26,0,0,1,1
0.239,0.329,0.26,0,0,1,1
0.242,0.329,0.26,0,0,1,1
0.245,0.329,0.26,0,0,1,1
0.248,0.329,0.26,0,0,1,1
0.251,0.329,0.26,0,0,1,1
0.254,0.329,0.26,0,0,1,1
0.257,0.329,0.26,0,0,1,1
0.26,0.329,0.26,0,0,1,1
0.263,0.329,0.26,0,0,1,1
0.266,0.329,0.26,0,0,1,1
0.269,0.329,0.26,0,0,1,1
0.272,0.329,0.26,0,0,1,1
0.275,0.329,0.26,0,0,1,1
0.278,0.329,0.26,0,0,1,1
0.281,0.329,0.26,0,0,1,1
0.284,0.329,0.26,0,0,1,1
0.287,0.329,0.26,0,0,1,1
0.29,0.329,0.26,0,0,1,1
0.293,0.329,0.26,0,0,1,1
0.296,0.329,0.26,0,0,1,1
0.299,0.329,0.26,0,0,1,1
0.302,0.329,0.26,0,0,1,1
0.305,0.329,0.26,0,0,1,1
0.308,0.329,0.26,0,0,1,1
0.311,0.329,0.26,0,0,1,1
0.314,0.329,0.26,0,0,1,1
0.317,0.329,0.26,0,0,1,1
0.32,0.329,0.26,0,0,1,1
0.323,0.329,0.26,0,0,1,1
0.326,0.329,0.26,0,0,1,1
0.329,0.329,0.26,0,0,1,1
0.332,0.329,0.26,0,0,1,1
0.335,0.329,0.26,0,0,1,1
0.338,0.329,0.26,0,0,1,1
0.341,0.329,0.26,0,0,1,1
0.14,0.326,0.26,0,0,1,1
0.143,0.326,0.26,0,0,1,1
0.146,0.326,0.26,0,0,1,1
0.149,0.326,0.26,0,0,1,1
0.152,0.326,0.26,0,0,1,1
0.155,0.326,0.26,0,0,1,1
0.158,0.326,0.26,0,0,1,1
0.161,0.326,0.26,0,0,1,1
0.164,0.326,0.26,0,0,1,1
0.167,0.326,0.26,0,0,1,1
0.17,0.326,0.26,0,0,1,1
0.173,0.326,0.26,0,0,1,1
0.176,0.326,0.26,0,0,1,1
0.179,0.326,0.26,0,0,1,1
0.182,0.326,0.26,0,0,1,1
0.185,0.326,0.26,0,0,1,1
0.188,0.326,0.26,0,0,1,1
0.191,0.326,0.26,0,0,1,1
0.194,0.326,0.26,0,0,1,1
0.197,0.326,0.26,0,0,1,1
0.2,0.326,0.26,0,0,1,1
0.203,0.326,0.26,0,0,1,1
0.206,0.326,0.26,0,0,1,1
0.209,0.326,0.26,0,0,1,1
0.212,0.326,0.26,0,0,1,1
0.215,0.326,0.26,0,0,1,1
0.218,0.326,0.26,0,0,1,1
0.221,0.326,0.26,0,0,1,1
0.224,0.326,0.26,0,0,1,1
0.227,0.326,0.26,0,0,1,1
0.23,0.326,0.26,0,0,1,1
0.233,0.326,0.26,0,0,1,1
0.236,0.326,0.26,0,0,1,1
0.239,0.326,0.26,0,0,1,1
0.242,0.326,0.26,0,0,1,1
0.245,0.326,0.26,0,0,1,1
0.248,0.326,0.26,0,0,1,1
0.251,0.326,0.26,0,0,1,1
0.254,0.326,0.26,0,0,1,1
0.257,0.326,0.26,0,0,1,1
0.26,0.326,0.26,0,0,1,1
0.263,0.326,0.26,0,0,1,1
0.266,0.326,0.26,0,0,1,1
0.269,0.326,0.26,0,0,1,1
0.272,0.326,0.26,0,0,1,1
0.275,0.326,0.26,0,0,1,1
0.278,0.326,0.26,0,0,1,1
0.281,0.326,0.26,0,0,1,1
0.284,0.326,0.26,0,0,1,1
0.287,0.326,0.26,0,0,1,1
0.29,0.326,0.26,0,0,1,1
0.293,0.326,0.26,0,0,1,1
0.296,0.326,0.26,0,0,1,1
0.299,0.326,0.26,0,0,1,1
0.302,0.326,0.26,0,0,1,1
0.305,0.326,0.26,0,0,1,1
0.308,0.326,0.26,0,0,1,1
0.311,0.326,0.26,0,0,1,1
0.314,0.326,0.26,0,0,1,1
0.317,0.326,0.26,0,0,1,1
0.32,0.326,0.26,0,0,1,1
0.323,0.326,0.26,0,0,1,1
0.326,0.326,0.26,0,0,1,1
0.329,0.326,0.26,0,0,1,1
0.332,0.326,0.26,0,0,1,1
0.335,0.326,0.26,0,0,1,1
0.338,0.326,0.26,0,0,1,1
0.341,0.326,0.26,0,0,1,1
0.14,0.323,0.26,0,0,1,1
0.143,0.323,0.26,0,0,1,1
0.146,0.323,0.26,0,0,1,1
0.149,0.323,0.26,0,0,1,1
0.152,0.323,0.26,0,0,1,1
0.155,0.323,0.26,0,0,1,1
0.158,0.323,0.26,0,0,1,1
0.161,0.323,0.26,0,0,1,1
0.164,0.323,0.26,0,0,1,1
0.167,0.323,0.26,0,0,1,1
0.17,0.323,0.26,0,0,1,1
0.173,0.323,0.26,0,0,1,1
0.176,0.323,0.26,0,0,1,1
0.179,0.323,0.26,0,0,1,1
0.182,0.323,0.26,0,0,1,1
0.185,0.323,0.26,0,0,1,1
0.188,0.323,0.26,0,0,1,1
0.191,0.323,0.26,0,0,1,1
0.194,0.323,0.26,0,0,1,1
0.197,0.323,0.26,0,0,1,1
0.2,0.323,0.26,0,0,1,1
0.203,0.323,0.26,0,0,1,1
0.206,0.323,0.26,0,0,1,1
0.209,0.323,0.26,0,0,1,1
0.212,0.323,0.26,0,0,1,1
0.215,0.323,0.26,0,0,1,1
0.218,0.323,0.26,0,0,1,1
0.221,0.323,0.26,0,0,1,1
0.224,0.323,0.26,0,0,1,1
0.227,0.323,0.26,0,0,1,1
0.23,0.323,0.26,0,0,1,1
0.233,0.323,0.26,0,0,1,1
0.236,0.323,0.26,0,0,1,1
0.239,0.323,0.26,0,0,1,1
0.242,0.323,0.26,0,0,1,1
0.245,0.323,0.26,0,0,1,1
0.248,0.323,0.26,0,0,1,1
0.251,0.323,0.26,0,0,1,1
0.254,0.323,0.26,0,0,1,1
0.257,0.323,0.26,0,0,1,1
0.26,0.323,0.26,0,0,1,1
0.263,0.323,0.26,0,0,1,1
0.266,0.323,0.26,0,0,1,1
0.269,0.323,0.26,0,0,1,1
0.272,0.323,0.26,0,0,1,1
0.275,0.323,0.26,0,0,1,1
0.278,0.323,0.26,0,0,1,1
0.281,0.323,0.26,0,0,1,1
0.284,0.323,0.26,0,0,1,1
0.287,0.323,0.26,0,0,1,1
0.29,0.323,0.26,0,0,1,1
0.293,0.323,0.26,0,0,1,1
0.296,0.323,0.26,0,0,1,1
0.299,0.323,0.26,0,0,1,1
0.302,0.323,0.26,0,0,1,1
0.305,0.323,0.26,0,0,1,1
0.308,0.323,0.26,0,0,1,1
0.311,0.323,0.26,0,0,1,1
0.314,0.323,0.26,0,0,1,1
0.317,0.323,0.26,0,0,1,1
0.32,0.323,0.26,0,0,1,1
0.323,0.323,0.26,0,0,1,1
0.326,0.323,0.26,0,0,1,1
0.329,0.323,0.26,0,0,1,1
0.332,0.323,0.26,0,0,1,1
0.335,0.323,0.26,0,0,1,1
0.338,0.323,0.26,0,0,1,1
0.341,0.323,0.26,0,0,1,1
0.14,0.32,0.26,0,0,1,1
0.143,0.32,0.26,0,0,1,1
0.146,0.32,0.26,0,0,1,1
0.149,0.32,0.26,0,0,1,1
0.152,0.32,0.26,0,0,1,1
0.155,0.32,0.26,0,0,1,1
0.158,0.32,0.26,0,0,1,1
0.161,0.32,0.26,0,0,1,1
0.164,0.32,0.26,0,0,1,1
0.167,0.32,0.26,0,0,1,1
0.17,0.32,0.26,0,0,1,1
0.173,0.32,0.26,0,0,1,1
0.176,0.32,0.26,0,0,1,1
0.179,0.32,0.26,0,0,1,1
0.182,0.32,0.26,0,0,1,1
0.185,0.32,0.26,0,0,1,1
0.188,0.32,0.26,0,0,1,1
0.191,0.32,0.26,0,0,1,1
0.194,0.32,0.26,0,0,1,1
0.197,0.32,0.26,0,0,1,1
0.2,0.32,0.26,0,0,1,1
0.203,0.32,0.26,0,0,1,1
0.206,0.32,0.26,0,0,1,1
0.209,0.32,0.26,0,0,1,1
0.212,0.32,0.26,0,0,1,1
0.215,0.32,0.26,0,0,1,1
0.218,0.32,0.26,0,0,1,1
0.221,0.32,0.26,0,0,1,1
0.224,0.32,0.26,0,0,1,1
0.227,0.32,0.26,0,0,1,1
0.23,0.32,0.26,0,0,1,1
0.233,0.32,0.26,0,0,1,1
0.236,0.32,0.26,0,0,1,1
0.239,0.32,0.26,0,0,1,1
0.242,0.32,0.26,0,0,1,1
0.245,0.32,0.26,0,0,1,1
0.248,0.32,0.26,0,0,1,1
0.251,0.32,0.26,0,0,1,1
0.254,0.32,0.26,0,0,1,1
0.257,0.32,0.26,0,0,1,1
0.26,0.32,0.26,0,0,1,1
0.263,0.32,0.26,0,0,1,1
0.266,0.32,0.26,0,0,1,1
0.269,0.32,0.26,0,0,1,1
0.272,0.32,0.26,0,0,1,1
0.275,0.32,0.26,0,0,1,1
0.278,0.32,0.26,0,0,1,1
0.281,0.32,0.26,0,0,1,1
0.284,0.32,0.26,0,0,1,1
0.287,0.32,0.26,0,0,1,1
0.29,0.32,0.26,0,0,1,1
0.293,0.32,0.26,0,0,1,1
0.296,0.32,0.26,0,0,1,1
0.299,0.32,0.26,0,0,1,1
0.302,0.32,0.26,0,0,1,1
0.305,0.32,0.26,0,0,1,1
0.308,0.32,0.26,0,0,1,1
0.311,0.32,0.26,0,0,1,1
0.314,0.32,0.26,0,0,1,1
0.317,0.32,0.26,0,0,1,1
0.32,0.32,0.26,0,0,1,1
0.323,0.32,0.26,0,0,1,1
0.326,0.32,0.26,0,0,1,1
0.329,0.32,0.26,0,0,1,1
0.332,0.32,0.26,0,0,1,1
0.335,0.32,0.26,0,0,1,1
0.338,0.32,0.26,0,0,1,1
0.341,0.32,0.26,0,0,1,1
0.14,0.317,0.26,0,0,1,1
0.143,0.317,0.26,0,0,1,1
0.146,0.317,0.26,0,0,1,1
0.149,0.317,0.26,0,0,1,1
0.152,0.317,0.26,0,0,1,1
0.155,0.317,0.26,0,0,1,1
0.158,0.317,0.26,0,0,1,1
0.161,0.317,0.26,0,0,1,1
0.164,0.317,0.26,0,0,1,1
0.167,0.317,0.26,0,0,1,1
0.17,0.317,0.26,0,0,1,1
0.173,0.317,0.26,0,0,1,1
0.176,0.317,0.26,0,0,1,1
0.179,0.317,0.26,0,0,1,1
0.182,0.317,0.26,0,0,1,1
0.185,0.317,0.26,0,0,1,1
0.188,0.317,0.26,0,0,1,1
0.191,0.317,0.26,0,0,1,1
0.194,0.317,0.26,0,0,1,1
0.197,0.317,0.26,0,0,1,1
0.2,0.317,0.26,0,0,1,1
0.203,0.317,0.26,0,0,1,1
0.206,0.317,0.26,0,0,1,1
0.209,0.317,0.26,0,0,1,1
0.212,0.317,0.26,0,0,1,1
0.215,0.317,0.26,0,0,1,1
0.218,0.317,0.26,0,0,1,1
0.221,0.317,0.26,0,0,1,1
0.224,0.317,0.26,0,0,1,1
0.227,0.317,0.26,0,0,1,1
0.23,0.317,0.26,0,0,1,1
0.233,0.317,0.26,0,0,1,1
0.236,0.317,0.26,0,0,1,1
0.239,0.317,0.26,0,0,1,1
0.242,0.317,0.26,0,0,1,1
0.245,0.317,0.26,0,0,1,1
0.248,0.317,0.26,0,0,1,1
0.251,0.317,0.26,0,0,1,1
0.254,0.317,0.26,0,0,1,1
0.257,0.317,0.26,0,0,1,1
0.26,0.317,0.26,0,0,1,1
0.263,0.317,0.26,0,0,1,1
0.266,0.317,0.26,0,0,1,1
0.269,0.317,0.26,0,0,1,1
0.272,0.317,0.26,0,0,1,1
0.275,0.317,0.26,0,0,1,1
0.278,0.317,0.26,0,0,1,1
0.281,0.317,0.26,0,0,1,1
0.284,0.317,0.26,0,0,1,1
0.287,0.317,0.26,0,0,1,1
0.29,0.317,0.26,0,0,1,1
0.293,0.317,0.26,0,0,1,1
0.296,0.317,0.26,0,0,1,1
0.299,0.317,0.26,0,0,1,1
0.302,0.317,0.26,0,0,1,1
0.305,0.317,0.26,0,0,1,1
0.308,0.317,0.26,0,0,1,1
0.311,0.317,0.26,0,0,1,1
0.314,0.317,0.26,0,0,1,1
0.317,0.317,0.26,0,0,1,1
0.32,0.317,0.26,0,0,1,1
0.323,0.317,0.26,0,0,1,1
0.326,0.317,0.26,0,0,1,1
0.329,0.317,0.26,0,0,1,1
0.332,0.317,0.26,0,0,1,1
0.335,0.317,0.26,0,0,1,1
0.338,0.317,0.26,0,0,1,1
0.341,0.317,0.26,0,0,1,1
0.14,0.314,0.26,0,0,1,1
0.143,0.314,0.26,0,0,1,1
0.146,0.314,0.26,0,0,1,1
0.149,0.314,0.26,0,0,1,1
0.152,0.314,0.26,0,0,1,1
0.155,0.314,0.26,0,0,1,1
0.158,0.314,0.26,0,0,1,1
0.161,0.314,0.26,0,0,1,1
0.164,0.314,0.26,0,0,1,1
0.167,0.314,0.26,0,0,1,1
0.17,0.314,0.26,0,0,1,1
0.173,0.314,0.26,0,0,1,1
0.176,0.314,0.26,0,0,1,1
0.179,0.314,0.26,0,0,1,1
0.182,0.314,0.26,0,0,1,1
0.185,0.314,0.26,0,0,1,1
0.188,0.314,0.26,0,0,1,1
0.191,0.314,0.26,0,0,1,1
0.194,0.314,0.26,0,0,1,1
0.197,0.314,0.26,0,0,1,1
0.2,0.314,0.26,0,0,1,1
0.203,0.314,0.26,0,0,1,1
0.206,0.314,0.26,0,0,1,1
0.209,0.314,0.26,0,0,1,1
0.212,0.314,0.26,0,0,1,1
0.215,0.314,0.26,0,0,1,1
0.218,0.314,0.26,0,0,1,1
0.221,0.314,0.26,0,0,1,1
0.224,0.314,0.26,0,0,1,1
0.227,0.314,0.26,0,0,1,1
0.23,0.314,0.26,0,0,1,1
0.233,0.314,0.26,0,0,1,1
0.236,0.314,0.26,0,0,1,1
0.239,0.314,0.26,0,0,1,1
0.242,0.314,0.26,0,0,1,1
0.245,0.314,0.26,0,0,1,1
0.248,0.314,0.26,0,0,1,1
0.251,0.314,0.26,0,0,1,1
0.254,0.314,0.26,0,0,1,1
0.257,0.314,0.26,0,0,1,1
0.26,0.314,0.26,0,0,1,1
0.263,0.314,0.26,0,0,1,1
0.266,0.314,0.26,0,0,1,1
0.269,0.314,0.26,0,0,1,1
0.272,0.314,0.26,0,0,1,1
0.275,0.314,0.26,0,0,1,1
0.278,0.314,0.26,0,0,1,1
0.281,0.314,0.26,0,0,1,1
0.284,0.314,0.26,0,0,1,1
0.287,0.314,0.26,0,0,1,1
0.29,0.314,0.26,0,0,1,1
0.293,0.314,0.26,0,0,1,1
0.296,0.314,0.26,0,0,1,1
0.299,0.314,0.26,0,0,1,1
0.302,0.314,0.26,0,0,1,1
0.305,0.314,0.26,0,0,1,1
0.308,0.314,0.26,0,0,1,1
0.311,0.314,0.26,0,0,1,1
0.314,0.314,0.26,0,0,1,1
0.317,0.314,0.26,0,0,1,1
0.32,0.314,0.26,0,0,1,1
0.323,0.314,0.26,0,0,1,1
0.326,0.314,0.26,0,0,1,1
0.329,0.314,0.26,0,0,1,1
0.332,0.314,0.26,0,0,1,1
0.335,0.314,0.26,0,0,1,1
0.338,0.314,0.26,0,0,1,1
0.341,0.314,0.26,0,0,1,1
0.14,0.311,0.26,0,0,1,1
0.143,0.311,0.26,0,0,1,1
0.146,0.311,0.26,0,0,1,1
0.149,0.311,0.26,0,0,1,1
0.152,0.311,0.26,0,0,1,1
0.155,0.311,0.26,0,0,1,1
0.158,0.311,0.26,0,0,1,1
0.161,0.311,0.26,0,0,1,1
0.164,0.311,0.26,0,0,1,1
0.167,0.311,0.26,0,0,1,1
0.17,0.311,0.26,0,0,1,1
0.173,0.311,0.26,0,0,1,1
0.176,0.311,0.26,0,0,1,1
0.179,0.311,0.26,0,0,1,1
0.182,0.311,0.26,0,0,1,1
0.185,0.311,0.26,0,0,1,1
0.188,0.311,0.26,0,0,1,1
0.191,0.311,0.26,0,0,1,1
0.194,0.311,0.26,0,0,1,1
0.197,0.311,0.26,0,0,1,1
0.2,0.311,0.26,0,0,1,1
0.203,0.311,0.26,0,0,1,1
0.206,0.311,0.26,0,0,1,1
0.209,0.311,0.26,0,0,1,1
0.212,0.311,0.26,0,0,1,1
0.215,0.311,0.26,0,0,1,1
0.218,0.311,0.26,0,0,1,1
0.221,0.311,0.26,0,0,1,1
0.224,0.311,0.26,0,0,1,1
0.227,0.311,0.26,0,0,1,1
0.23,0.311,0.26,0,0,1,1
0.233,0.311,0.26,0,0,1,1
0.236,0.311,0.26,0,0,1,1
0.239,0.311,0.26,0,0,1,1
0.242,0.311,0.26,0,0,1,1
0.245,0.311,0.26,0,0,1,1
0.248,0.311,0.26,0,0,1,1
0.251,0.311,0.26,0,0,1,1
0.254,0.311,0.26,0,0,1,1
0.257,0.311,0.26,0,0,1,1
0.26,0.311,0.26,0,0,1,1
0.263,0.311,0.26,0,0,1,1
0.266,0.311,0.26,0,0,1,1
0.269,0.311,0.26,0,0,1,1
0.272,0.311,0.26,0,0,1,1
0.275,0.311,0.26,0,0,1,1
0.278,0.311,0.26,0,0,1,1
0.281,0.311,0.26,0,0,1,1
0.284,0.311,0.26,0,0,1,1
0.287,0.311,0.26,0,0,1,1
0.29,0.311,0.26,0,0,1,1
0.293,0.311,0.26,0,0,1,1
0.296,0.311,0.26,0,0,1,1
0.299,0.311,0.26,0,0,1,1
0.302,0.311,0.26,0,0,1,1
0.305,0.311,0.26,0,0,1,1
0.308,0.311,0.26,0,0,1,1
0.311,0.311,0.26,0,0,1,1
0.314,0.311,0.26,0,0,1,1
0.317,0.311,0.26,0,0,1,1
0.32,0.311,0.26,0,0,1,1
0.323,0.311,0.26,0,0,1,1
0.326,0.311,0.26,0,0,1,1
0.329,0.311,0.26,0,0,1,1
0.332,0.311,0.26,0,0,1,1
0.335,0.311,0.26,0,0,1,1
0.338,0.311,0.26,0,0,1,1
0.341,0.311,0.26,0,0,1,1
0.14,0.308,0.26,0,0,1,1
0.143,0.308,0.26,0,0,1,1
0.146,0.308,0.26,0,0,1,1
0.149,0.308,0.26,0,0,1,1
0.152,0.308,0.26,0,0,1,1
0.155,0.308,0.26,0,0,1,1
0.158,0.308,0.26,0,0,1,1
0.161,0.308,0.26,0,0,1,1
0.164,0.308,0.26,0,0,1,1
0.167,0.308,0.26,0,0,1,1
0.17,0.308,0.26,0,0,1,1
0.173,0.308,0.26,0,0,1,1
0.176,0.308,0.26,0,0,1,1
0.179,0.308,0.26,0,0,1,1
0.182,0.308,0.26,0,0,1,1
0.185,0.308,0.26,0,0,1,1
0.188,0.308,0.26,0,0,1,1
0.191,0.308,0.26,0,0,1,1
0.194,0.308,0.26,0,0,1,1
0.197,0.308,0.26,0,0,1,1
0.2,0.308,0.26,0,0,1,1
0.203,0.308,0.26,0,0,1,1
0.206,0.308,0.26,0,0,1,1
0.209,0.308,0.26,0,0,1,1
0.212,0.308,0.26,0,0,1,1
0.215,0.308,0.26,0,0,1,1
0.218,0.308,0.26,0,0,1,1
0.221,0.308,0.26,0,0,1,1
0.224,0.308,0.26,0,0,1,1
0.227,0.308,0.26,0,0,1,1
0.23,0.308,0.26,0,0,1,1
0.233,0.308,0.26,0,0,1,1
0.236,0.308,0.26,0,0,1,1
0.239,0.308,0.26,0,0,1,1
0.242,0.308,0.26,0,0,1,1
0.245,0.308,0.26,0,0,1,1
0.248,0.308,0.26,0,0,1,1
0.251,0.308,0.26,0,0,1,1
0.254,0.308,0.26,0,0,1,1
0.257,0.308,0.26,0,0,1,1
0.26,0.308,0.26,0,0,1,1
0.263,0.308,0.26,0,0,1,1
0.266,0.308,0.26,0,0,1,1
0.269,0.308,0.26,0,0,1,1
0.272,0.308,0.26,0,0,1,1
0.275,0.308,0.26,0,0,1,1
0.278,0.308,0.26,0,0,1,1
0.281,0.308,0.26,0,0,1,1
0.284,0.308,0.26,0,0,1,1
0.287,0.308,0.26,0,0,1,1
0.29,0.308,0.26,0,0,1,1
0.293,0.308,0.26,0,0,1,1
0.296,0.308,0.26,0,0,1,1
0.299,0.308,0.26,0,0,1,1
0.302,0.308,0.26,0,0,1,1
0.305,0.308,0.26,0,0,1,1
0.308,0.308,0.26,0,0,1,1
0.311,0.308,0.26,0,0,1,1
0.314,0.308,0.26,0,0,1,1
0.317,0.308,0.26,0,0,1,1
0.32,0.308,0.26,0,0,1,1
0.323,0.308,0.26,0,0,1,1
0.326,0.308,0.26,0,0,1,1
0.329,0.308,0.26,0,0,1,1
0.332,0.308,0.26,0,0,1,1
0.335,0.308,0.26,0,0,1,1
0.338,0.308,0.26,0,0,1,1
0.341,0.308,0.26,0,0,1,1
0.14,0.305,0.26,0,0,1,1
0.143,0.305,0.26,0,0,1,1
0.146,0.305,0.26,0,0,1,1
0.149,0.305,0.26,0,0,1,1
0.152,0.305,0.26,0,0,1,1
0.155,0.305,0.26,0,0,1,1
0.158,0.305,0.26,0,0,1,1
0.161,0.305,0.26,0,0,1,1
0.164,0.305,0.26,0,0,1,1
0.167,0.305,0.26,0,0,1,1
0.17,0.305,0.26,0,0,1,1
0.173,0.305,0.26,0,0,1,1
0.176,0.305,0.26,0,0,1,1
0.179,0.305,0.26,0,0,1,1
0.182,0.305,0.26,0,0,1,1
0.185,0.305,0.26,0,0,1,1
0.188,0.305,0.26,0,0,1,1
0.191,0.305,0.26,0,0,1,1
0.194,0.305,0.26,0,0,1,1
0.197,0.305,0.26,0,0,1,1
0.2,0.305,0.26,0,0,1,1
0.203,0.305,0.26,0,0,1,1
0.206,0.305,0.26,0,0,1,1
0.209,0.305,0.26,0,0,1,1
0.212,0.305,0.26,0,0,1,1
0.215,0.305,0.26,0,0,1,1
0.218,0.305,0.26,0,0,1,1
0.221,0.305,0.26,0,0,1,1
0.224,0.305,0.26,0,0,1,1
0.227,0.305,0.26,0,0,1,1
0.23,0.305,0.26,0,0,1,1
0.233,0.305,0.26,0,0,1,1
0.236,0.305,0.26,0,0,1,1
0.239,0.305,0.26,0,0,1,1
0.242,0.305,0.26,0,0,1,1
0.245,0.305,0.26,0,0,1,1
0.248,0.305,0.26,0,0,1,1
0.251,0.305,0.26,0,0,1,1
0.254,0.305,0.26,0,0,1,1
0.257,0.305,0.26,0,0,1,1
0.26,0.305,0.26,0,0,1,1
0.263,0.305,0.26,0,0,1,1
0.266,0.305,0.26,0,0,1,1
0.269,0.305,0.26,0,0,1,1
0.272,0.305,0.26,0,0,1,1
0.275,0.305,0.26,0,0,1,1
0.278,0.305,0.26,0,0,1,1
0.281,0.305,0.26,0,0,1,1
0.284,0.305,0.26,0,0,1,1
0.287,0.305,0.26,0,0,1,1
0.29,0.305,0.26,0,0,1,1
0.293,0.305,0.26,0,0,1,1
0.296,0.305,0.26,0,0,1,1
0.299,0.305,0.26,0,0,1,1
0.302,0.305,0.26,0,0,1,1
0.305,0.305,0.26,0,0,1,1
0.308,0.305,0.26,0,0,1,1
0.311,0.305,0.26,0,0,1,1
0.314,0.305,0.26,0,0,1,1
0.317,0.305,0.26,0,0,1,1
0.32,0.305,0.26,0,0,1,1
0.323,0.305,0.26,0,0,1,1
0.326,0.305,0.26,0,0,1,1
0.329,0.305,0.26,0,0,1,1
0.332,0.305,0.26,0,0,1,1
0.335,0.305,0.26,0,0,1,1
0.338,0.305,0.26,0,0,1,1
0.341,0.305,0.26,0,0,1,1
0.14,0.302,0.26,0,0,1,1
0.143,0.302,0.26,0,0,1,1
0.146,0.302,0.26,0,0,1,1
0.149,0.302,0.26,0,0,1,1
0.152,0.302,0.26,0,0,1,1
0.155,0.302,0.26,0,0,1,1
0.158,0.302,0.26,0,0,1,1
0.161,0.302,0.26,0,0,1,1
0.164,0.302,0.26,0,0,1,1
0.167,0.302,0.26,0,0,1,1
0.17,0.302,0.26,0,0,1,1
0.173,0.302,0.26,0,0,1,1
0.176,0.302,0.26,0,0,1,1
0.179,0.302,0.26,0,0,1,1
0.182,0.302,0.26,0,0,1,1
0.185,0.302,0.26,0,0,1,1
0.188,0.302,0.26,0,0,1,1
0.191,0.302,0.26,0,0,1,1
0.194,0.302,0.26,0,0,1,1
0.197,0.302,0.26,0,0,1,1
0.2,0.302,0.26,0,0,1,1
0.203,0.302,0.26,0,0,1,1
0.206,0.302,0.26,0,0,1,1
0.209,0.302,0.26,0,0,1,1
0.212,0.302,0.26,0,0,1,1
0.215,0.302,0.26,0,0,1,1
0.218,0.302,0.26,0,0,1,1
0.221,0.302,0.26,0,0,1,1
0.224,0.302,0.26,0,0,1,1
0.227,0.302,0.26,0,0,1,1
0.23,0.302,0.26,0,0,1,1
0.233,0.302,0.26,0,0,1,1
0.236,0.302,0.26,0,0,1,1
0.239,0.302,0.26,0,0,1,1
0.242,0.302,0.26,0,0,1,1
0.245,0.302,0.26,0,0,1,1
0.248,0.302,0.26,0,0,1,1
0.251,0.302,0.26,0,0,1,1
0.254,0.302,0.26,0,0,1,1
0.257,0.302,0.26,0,0,1,1
0.26,0.302,0.26,0,0,1,1
0.263,0.302,0.26,0,0,1,1
0.266,0.302,0.26,0,0,1,1
0.269,0.302,0.26,0,0,1,1
0.272,0.302,0.26,0,0,1,1
0.275,0.302,0.26,0,0,1,1
0.278,0.302,0.26,0,0,1,1
0.281,0.302,0.26,0,0,1,1
0.284,0.302,0.26,0,0,1,1
0.287,0.302,0.26,0,0,1,1
0.29,0.302,0.26,0,0,1,1
0.293,0.302,0.26,0,0,1,1
0.296,0.302,0.26,0,0,1,1
0.299,0.302,0.26,0,0,1,1
0.302,0.302,0.26,0,0,1,1
0.305,0.302,0.26,0,0,1,1
0.308,0.302,0.26,0,0,1,1
0.311,0.302,0.26,0,0,1,1
0.314,0.302,0.26,0,0,1,1
0.317,0.302,0.26,0,0,1,1
0.32,0.302,0.26,0,0,1,1
0.323,0.302,0.26,0,0,1,1
0.326,0.302,0.26,0,0,1,1
0.329,0.302,0.26,0,0,1,1
0.332,0.302,0.26,0,0,1,1
0.335,0.302,0.26,0,0,1,1
0.338,0.302,0.26,0,0,1,1
0.341,0.302,0.26,0,0,1,1
0.14,0.299,0.26,0,0,1,1
0.143,0.299,0.26,0,0,1,1
0.146,0.299,0.26,0,0,1,1
0.149,0.299,0.26,0,0,1,1
0.152,0.299,0.26,0,0,1,1
0.155,0.299,0.26,0,0,1,1
0.158,0.299,0.26,0,0,1,1
0.161,0.299,0.26,0,0,1,1
0.164,0.299,0.26,0,0,1,1
0.167,0.299,0.26,0,0,1,1
0.17,0.299,0.26,0,0,1,1
0.173,0.299,0.26,0,0,1,1
0.176,0.299,0.26,0,0,1,1
0.179,0.299,0.26,0,0,1,1
0.182,0.299,0.26,0,0,1,1
0.185,0.299,0.26,0,0,1,1
0.188,0.299,0.26,0,0,1,1
0.191,0.299,0.26,0,0,1,1
0.194,0.299,0.26,0,0,1,1
0.197,0.299,0.26,0,0,1,1
0.2,0.299,0.26,0,0,1,1
0.203,0.299,0.26,0,0,1,1
0.206,0.299,0.26,0,0,1,1
0.209,0.299,0.26,0,0,1,1
0.212,0.299,0.26,0,0,1,1
0.215,0.299,0.26,0,0,1,1
0.218,0.299,0.26,0,0,1,1
0.221,0.299,0.26,0,0,1,1
0.224,0.299,0.26,0,0,1,1
0.227,0.299,0.26,0,0,1,1
0.23,0.299,0.26,0,0,1,1
0.233,0.299,0.26,0,0,1,1
0.236,0.299,0.26,0,0,1,1
0.239,0.299,0.26,0,0,1,1
0.242,0.299,0.26,0,0,1,1
0.245,0.299,0.26,0,0,1,1
0.248,0.299,0.26,0,0,1,1
0.251,0.299,0.26,0,0,1,1
0.254,0.299,0.26,0,0,1,1
0.257,0.299,0.26,0,0,1,1
0.26,0.299,0.26,0,0,1,1
0.263,0.299,0.26,0,0,1,1
0.266,0.299,0.26,0,0,1,1
0.269,0.299,0.26,0,0,1,1
0.272,0.299,0.26,0,0,1,1
0.275,0.299,0.26,0,0,1,1
0.278,0.299,0.26,0,0,1,1
0.281,0.299,0.26,0,0,1,1
0.284,0.299,0.26,0,0,1,1
0.287,0.299,0.26,0,0,1,1
0.29,0.299,0.26,0,0,1,1
0.293,0.299,0.26,0,0,1,1
0.296,0.299,0.26,0,0,1,1
0.299,0.299,0.26,0,0,1,1
0.302,0.299,0.26,0,0,1,1
0.305,0.299,0.26,0,0,1,1
0.308,0.299,0.26,0,0,1,1
0.311,0.299,0.26,0,0,1,1
0.314,0.299,0.26,0,0,1,1
0.317,0.299,0.26,0,0,1,1
0.32,0.299,0.26,0,0,1,1
0.323,0.299,0.26,0,0,1,1
0.326,0.299,0.26,0,0,1,1
0.329,0.299,0.26,0,0,1,1
0.332,0.299,0.26,0,0,1,1
0.335,0.299,0.26,0,0,1,1
0.338,0.299,0.26,0,0,1,1
0.341,0.299,0.26,0,0,1,1
0.14,0.296,0.26,0,0,1,1
0.143,0.296,0.26,0,0,1,1
0.146,0.296,0.26,0,0,1,1
0.149,0.296,0.26,0,0,1,1
0.152,0.296,0.26,0,0,1,1
0.155,0.296,0.26,0,0,1,1
0.158,0.296,0.26,0,0,1,1
0.161,0.296,0.26,0,0,1,1
0.164,0.296,0.26,0,0,1,1
0.167,0.296,0.26,0,0,1,1
0.17,0.296,0.26,0,0,1,1
0.173,0.296,0.26,0,0,1,1
0.176,0.296,0.26,0,0,1,1
0.179,0.296,0.26,0,0,1,1
0.182,0.296,0.26,0,0,1,1
0.185,0.296,0.26,0,0,1,1
0.188,0.296,0.26,0,0,1,1
0.191,0.296,0.26,0,0,1,1
0.194,0.296,0.26,0,0,1,1
0.197,0.296,0.26,0,0,1,1
0.2,0.296,0.26,0,0,1,1
0.203,0.296,0.26,0,0,1,1
0.206,0.296,0.26,0,0,1,1
0.209,0.296,0.26,0,0,1,1
0.212,0.296,0.26,0,0,1,1
0.215,0.296,0.26,0,0,1,1
0.218,0.296,0.26,0,0,1,1
0.221,0.296,0.26,0,0,1,1
0.224,0.296,0.26,0,0,1,1
0.227,0.296,0.26,0,0,1,1
0.23,0.296,0.26,0,0,1,1
0.233,0.296,0.26,0,0,1,1
0.236,0.296,0.26,0,0,1,1
0.239,0.296,0.26,0,0,1,1
0.242,0.296,0.26,0,0,1,1
0.245,0.296,0.26,0,0,1,1
0.248,0.296,0.26,0,0,1,1
0.251,0.296,0.26,0,0,1,1
0.254,0.296,0.26,0,0,1,1
0.257,0.296,0.26,0,0,1,1
0.26,0.296,0.26,0,0,1,1
0.263,0.296,0.26,0,0,1,1
0.266,0.296,0.26,0,0,1,1
0.269,0.296,0.26,0,0,1,1
0.272,0.296,0.26,0,0,1,1
0.275,0.296,0.26,0,0,1,1
0.278,0.296,0.26,0,0,1,1
0.281,0.296,0.26,0,0,1,1
0.284,0.296,0.26,0,0,1,1
0.287,0.296,0.26,0,0,1,1
0.29,0.296,0.26,0,0,1,1
0.293,0.296,0.26,0,0,1,1
0.296,0.296,0.26,0,0,1,1
0.299,0.296,0.26,0,0,1,1
0.302,0.296,0.26,0,0,1,1
0.305,0.296,0.26,0,0,1,1
0.308,0.296,0.26,0,0,1,1
0.311,0.296,0.26,0,0,1,1
0.314,0.296,0.26,0,0,1,1
0.317,0.296,0.26,0,0,1,1
0.32,0.296,0.26,0,0,1,1
0.323,0.296,0.26,0,0,1,1
0.326,0.296,0.26,0,0,1,1
0.329,0.296,0.26,0,0,1,1
0.332,0.296,0.26,0,0,1,1
0.335,0.296,0.26,0,0,1,1
0.338,0.296,0.26,0,0,1,1
0.341,0.296,0.26,0,0,1,1
0.14,0.293,0.26,0,0,1,1
0.143,0.293,0.26,0,0,1,1
0.146,0.293,0.26,0,0,1,1
0.149,0.293,0.26,0,0,1,1
0.152,0.293,0.26,0,0,1,1
0.155,0.293,0.26,0,0,1,1
0.158,0.293,0.26,0,0,1,1
0.161,0.293,0.26,0,0,1,1
0.164,0.293,0.26,0,0,1,1
0.167,0.293,0.26,0,0,1,1
0.17,0.293,0.26,0,0,1,1
0.173,0.293,0.26,0,0,1,1
0.176,0.293,0.26,0,0,1,1
0.179,0.293,0.26,0,0,1,1
0.182,0.293,0.26,0,0,1,1
0.185,0.293,0.26,0,0,1,1
0.188,0.293,0.26,0,0,1,1
0.191,0.293,0.26,0,0,1,1
0.194,0.293,0.26,0,0,1,1
0.197,0.293,0.26,0,0,1,1
0.2,0.293,0.26,0,0,1,1
0.203,0.293,0.26,0,0,1,1
0.206,0.293,0.26,0,0,1,1
0.209,0.293,0.26,0,0,1,1
0.212,0.293,0.26,0,0,1,1
0.215,0.293,0.26,0,0,1,1
0.218,0.293,0.26,0,0,1,1
0.221,0.293,0.26,0,0,1,1
0.224,0.293,0.26,0,0,1,1
0.227,0.293,0.26,0,0,1,1
0.23,0.293,0.26,0,0,1,1
0.233,0.293,0.26,0,0,1,1
0.236,0.293,0.26,0,0,1,1
0.239,0.293,0.26,0,0,1,1
0.242,0.293,0.26,0,0,1,1
0.245,0.293,0.26,0,0,1,1
0.248,0.293,0.26,0,0,1,1
0.251,0.293,0.26,0,0,1,1
0.254,0.293,0.26,0,0,1,1
0.257,0.293,0.26,0,0,1,1
0.26,0.293,0.26,0,0,1,1
0.263,0.293,0.26,0,0,1,1
0.266,0.293,0.26,0,0,1,1
0.269,0.293,0.26,0,0,1,1
0.272,0.293,0.26,0,0,1,1
0.275,0.293,0.26,0,0,1,1
0.278,0.293,0.26,0,0,1,1
0.281,0.293,0.26,0,0,1,1
0.284,0.293,0.26,0,0,1,1
0.287,0.293,0.26,0,0,1,1
0.29,0.293,0.26,0,0,1,1
0.293,0.293,0.26,0,0,1,1
0.296,0.293,0.26,0,0,1,1
0.299,0.293,0.26,0,0,1,1
0.302,0.293,0.26,0,0,1,1
0.305,0.293,0.26,0,0,1,1
0.308,0.293,0.26,0,0,1,1
0.311,0.293,0.26,0,0,1,1
0.314,0.293,0.26,0,0,1,1
0.317,0.293,0.26,0,0,1,1
0.32,0.293,0.26,0,0,1,1
0.323,0.293,0.26,0,0,1,1
0.326,0.293,0.26,0,0,1,1
0.329,0.293,0.26,0,0,1,1
0.332,0.293,0.26,0,0,1,1
0.335,0.293,0.26,0,0,1,1
0.338,0.293,0.26,0,0,1,1
0.341,0.293,0.26,0,0,1,1
0.14,0.29,0.26,0,0,1,1
0.143,0.29,0.26,0,0,1,1
0.146,0.29,0.26,0,0,1,1
0.149,0.29,0.26,0,0,1,1
0.152,0.29,0.26,0,0,1,1
0.155,0.29,0.26,0,0,1,1
0.158,0.29,0.26,0,0,1,1
0.161,0.29,0.26,0,0,1,1
0.164,0.29,0.26,0,0,1,1
0.167,0.29,0.26,0,0,1,1
0.17,0.29,0.26,0,0,1,1
0.173,0.29,0.26,0,0,1,1
0.176,0.29,0.26,0,0,1,1
0.179,0.29,0.26,0,0,1,1
0.182,0.29,0.26,0,0,1,1
0.185,0.29,0.26,0,0,1,1
0.188,0.29,0.26,0,0,1,1
0.191,0.29,0.26,0,0,1,1
0.194,0.29,0.26,0,0,1,1
0.197,0.29,0.26,0,0,1,1
0.2,0.29,0.26,0,0,1,1
0.203,0.29,0.26,0,0,1,1
0.206,0.29,0.26,0,0,1,1
0.209,0.29,0.26,0,0,1,1
0.212,0.29,0.26,0,0,1,1
0.215,0.29,0.26,0,0,1,1
0.218,0.29,0.26,0,0,1,1
0.221,0.29,0.26,0,0,1,1
0.224,0.29,0.26,0,0,1,1
0.227,0.29,0.26,0,0,1,1
0.23,0.29,0.26,0,0,1,1
0.233,0.29,0.26,0,0,1,1
0.236,0.29,0.26,0,0,1,1
0.239,0.29,0.26,0,0,1,1
0.242,0.29,0.26,0,0,1,1
0.245,0.29,0.26,0,0,1,1
0.248,0.29,0.26,0,0,1,1
0.251,0.29,0.26,0,0,1,1
0.254,0.29,0.26,0,0,1,1
0.257,0.29,0.26,0,0,1,1
0.26,0.29,0.26,0,0,1,1
0.263,0.29,0.26,0,0,1,1
0.266,0.29,0.26,0,0,1,1
0.269,0.29,0.26,0,0,1,1
0.272,0.29,0.26,0,0,1,1
0.275,0.29,0.26,0,0,1,1
0.278,0.29,0.26,0,0,1,1
0.281,0.29,0.26,0,0,1,1
0.284,0.29,0.26,0,0,1,1
0.287,0.29,0.26,0,0,1,1
0.29,0.29,0.26,0,0,1,1
0.293,0.29,0.26,0,0,1,1
0.296,0.29,0.26,0,0,1,1
0.299,0.29,0.26,0,0,1,1
0.302,0.29,0.26,0,0,1,1
0.305,0.29,0.26,0,0,1,1
0.308,0.29,0.26,0,0,1,1
0.311,0.29,0.26,0,0,1,1
0.314,0.29,0.26,0,0,1,1
0.317,0.29,0.26,0,0,1,1
0.32,0.29,0.26,0,0,1,1
0.323,0.29,0.26,0,0,1,1
0.326,0.29,0.26,0,0,1,1
0.329,0.29,0.26,0,0,1,1
0.332,0.29,0.26,0,0,1,1
0.335,0.29,0.26,0,0,1,1
0.338,0.29,0.26,0,0,1,1
0.341,0.29,0.26,0,0,1,1
0.14,0.287,0.26,0,0,1,1
0.143,0.287,0.26,0,0,1,1
0.146,0.287,0.26,0,0,1,1
0.149,0.287,0.26,0,0,1,1
0.152,0.287,0.26,0,0,1,1
0.155,0.287,0.26,0,0,1,1
0.158,0.287,0.26,0,0,1,1
0.161,0.287,0.26,0,0,1,1
0.164,0.287,0.26,0,0,1,1
0.167,0.287,0.26,0,0,1,1
0.17,0.287,0.26,0,0,1,1
0.173,0.287,0.26,0,0,1,1
0.176,0.287,0.26,0,0,1,1
0.179,0.287,0.26,0,0,1,1
0.182,0.287,0.26,0,0,1,1
0.185,0.287,0.26,0,0,1,1
0.188,0.287,0.26,0,0,1,1
0.191,0.287,0.26,0,0,1,1
0.194,0.287,0.26,0,0,1,1
0.197,0.287,0.26,0,0,1,1
0.2,0.287,0.26,0,0,1,1
0.203,0.287,0.26,0,0,1,1
0.206,0.287,0.26,0,0,1,1
0.209,0.287,0.26,0,0,1,1
0.212,0.287,0.26,0,0,1,1
0.215,0.287,0.26,0,0,1,1
0.218,0.287,0.26,0,0,1,1
0.221,0.287,0.26,0,0,1,1
0.224,0.287,0.26,0,0,1,1
0.227,0.287,0.26,0,0,1,1
0.23,0.287,0.26,0,0,1,1
0.233,0.287,0.26,0,0,1,1
0.236,0.287,0.26,0,0,1,1
0.239,0.287,0.26,0,0,1,1
0.242,0.287,0.26,0,0,1,1
0.245,0.287,0.26,0,0,1,1
0.248,0.287,0.26,0,0,1,1
0.251,0.287,0.26,0,0,1,1
0.254,0.287,0.26,0,0,1,1
0.257,0.287,0.26,0,0,1,1
0.26,0.287,0.26,0,0,1,1
0.263,0.287,0.26,0,0,1,1
0.266,0.287,0.26,0,0,1,1
0.269,0.287,0.26,0,0,1,1
0.272,0.287,0.26,0,0,1,1
0.275,0.287,0.26,0,0,1,1
0.278,0.287,0.26,0,0,1,1
0.281,0.287,0.26,0,0,1,1
0.284,0.287,0.26,0,0,1,1
0.287,0.287,0.26,0,0,1,1
0.29,0.287,0.26,0,0,1,1
0.293,0.287,0.26,0,0,1,1
0.296,0.287,0.26,0,0,1,1
0.299,0.287,0.26,0,0,1,1
0.302,0.287,0.26,0,0,1,1
0.305,0.287,0.26,0,0,1,1
0.308,0.287,0.26,0,0,1,1
0.311,0.287,0.26,0,0,1,1
0.314,0.287,0.26,0,0,1,1
0.317,0.287,0.26,0,0,1,1
0.32,0.287,0.26,0,0,1,1
0.323,0.287,0.26,0,0,1,1
0.326,0.287,0.26,0,0,1,1
0.329,0.287,0.26,0,0,1,1
0.332,0.287,0.26,0,0,1,1
0.335,0.287,0.26,0,0,1,1
0.338,0.287,0.26,0,0,1,1
0.341,0.287,0.26,0,0,1,1
0.14,0.284,0.26,0,0,1,1
0.143,0.284,0.26,0,0,1,1
0.146,0.284,0.26,0,0,1,1
0.149,0.284,0.26,0,0,1,1
0.152,0.284,0.26,0,0,1,1
0.155,0.284,0.26,0,0,1,1
0.158,0.284,0.26,0,0,1,1
0.161,0.284,0.26,0,0,1,1
0.164,0.284,0.26,0,0,1,1
0.167,0.284,0.26,0,0,1,1
0.17,0.284,0.26,0,0,1,1
0.173,0.284,0.26,0,0,1,1
0.176,0.284,0.26,0,0,1,1
0.179,0.284,0.26,0,0,1,1
0.182,0.284,0.26,0,0,1,1
0.185,0.284,0.26,0,0,1,1
0.188,0.284,0.26,0,0,1,1
0.191,0.284,0.26,0,0,1,1
0.194,0.284,0.26,0,0,1,1
0.197,0.284,0.26,0,0,1,1
0.2,0.284,0.26,0,0,1,1
0.203,0.284,0.26,0,0,1,1
0.206,0.284,0.26,0,0,1,1
0.209,0.284,0.26,0,0,1,1
0.212,0.284,0.26,0,0,1,1
0.215,0.284,0.26,0,0,1,1
0.218,0.284,0.26,0,0,1,1
0.221,0.284,0.26,0,0,1,1
0.224,0.284,0.26,0,0,1,1
0.227,0.284,0.26,0,0,1,1
0.23,0.284,0.26,0,0,1,1
0.233,0.284,0.26,0,0,1,1
0.236,0.284,0.26,0,0,1,1
0.239,0.284,0.26,0,0,1,1
0.242,0.284,0.26,0,0,1,1
0.245,0.284,0.26,0,0,1,1
0.248,0.284,0.26,0,0,1,1
0.251,0.284,0.26,0,0,1,1
0.254,0.284,0.26,0,0,1,1
0.257,0.284,0.26,0,0,1,1
0.26,0.284,0.26,0,0,1,1
0.263,0.284,0.26,0,0,1,1
0.266,0.284,0.26,0,0,1,1
0.269,0.284,0.26,0,0,1,1
0.272,0.284,0.26,0,0,1,1
0.275,0.284,0.26,0,0,1,1
0.278,0.284,0.26,0,0,1,1
0.281,0.284,0.26,0,0,1,1
0.284,0.284,0.26,0,0,1,1
0.287,0.284,0.26,0,0,1,1
0.29,0.284,0.26,0,0,1,1
0.293,0.284,0.26,0,0,1,1
0.296,0.284,0.26,0,0,1,1
0.299,0.284,0.26,0,0,1,1
0.302,0.284,0.26,0,0,1,1
0.305,0.284,0.26,0,0,1,1
0.308,0.284,0.26,0,0,1,1
0.311,0.284,0.26,0,0,1,1
0.314,0.284,0.26,0,0,1,1
0.317,0.284,0.26,0,0,1,1
0.32,0.284,0.26,0,0,1,1
0.323,0.284,0.26,0,0,1,1
0.326,0.284,0.26,0,0,1,1
0.329,0.284,0.26,0,0,1,1
0.332,0.284,0.26,0,0,1,1
0.335,0.284,0.26,0,0,1,1
0.338,0.284,0.26,0,0,1,1
0.341,0.284,0.26,0,0,1,1
0.14,0.281,0.26,0,0,1,1
0.143,0.281,0.26,0,0,1,1
0.146,0.281,0.26,0,0,1,1
0.149,0.281,0.26,0,0,1,1
0.152,0.281,0.26,0,0,1,1
0.155,0.281,0.26,0,0,1,1
0.158,0.281,0.26,0,0,1,1
0.161,0.281,0.26,0,0,1,1
0.164,0.281,0.26,0,0,1,1
0.167,0.281,0.26,0,0,1,1
0.17,0.281,0.26,0,0,1,1
0.173,0.281,0.26,0,0,1,1
0.176,0.281,0.26,0,0,1,1
0.179,0.281,0.26,0,0,1,1
0.182,0.281,0.26,0,0,1,1
0.185,0.281,0.26,0,0,1,1
0.188,0.281,0.26,0,0,1,1
0.191,0.281,0.26,0,0,1,1
0.194,0.281,0.26,0,0,1,1
0.197,0.281,0.26,0,0,1,1
0.2,0.281,0.26,0,0,1,1
0.203,0.281,0.26,0,0,1,1
0.206,0.281,0.26,0,0,1,1
0.209,0.281,0.26,0,0,1,1
0.212,0.281,0.26,0,0,1,1
0.215,0.281,0.26,0,0,1,1
0.218,0.281,0.26,0,0,1,1
0.221,0.281,0.26,0,0,1,1
0.224,0.281,0.26,0,0,1,1
0.227,0.281,0.26,0,0,1,1
0.23,0.281,0.26,0,0,1,1
0.233,0.281,0.26,0,0,1,1
0.236,0.281,0.26,0,0,1,1
0.239,0.281,0.26,0,0,1,1
0.242,0.281,0.26,0,0,1,1
0.245,0.281,0.26,0,0,1,1
0.248,0.281,0.26,0,0,1,1
0.251,0.281,0.26,0,0,1,1
0.254,0.281,0.26,0,0,1,1
0.257,0.281,0.26,0,0,1,1
0.26,0.281,0.26,0,0,1,1
0.263,0.281,0.26,0,0,1,1
0.266,0.281,0.26,0,0,1,1
0.269,0.281,0.26,0,0,1,1
0.272,0.281,0.26,0,0,1,1
0.275,0.281,0.26,0,0,1,1
0.278,0.281,0.26,0,0,1,1
0.281,0.281,0.26,0,0,1,1
0.284,0.281,0.26,0,0,1,1
0.287,0.281,0.26,0,0,1,1
0.29,0.281,0.26,0,0,1,1
0.293,0.281,0.26,0,0,1,1
0.296,0.281,0.26,0,0,1,1
0.299,0.281,0.26,0,0,1,1
0.302,0.281,0.26,0,0,1,1
0.305,0.281,0.26,0,0,1,1
0.308,0.281,0.26,0,0,1,1
0.311,0.281,0.26,0,0,1,1
0.314,0.281,0.26,0,0,1,1
0.317,0.281,0.26,0,0,1,1
0.32,0.281,0.26,0,0,1,1
0.323,0.281,0.26,0,0,1,1
0.326,0.281,0.26,0,0,1,1
0.329,0.281,0.26,0,0,1,1
0.332,0.281,0.26,0,0,1,1
0.335,0.281,0.26,0,0,1,1
0.338,0.281,0.26,0,0,1,1
0.341,0.281,0.26,0,0,1,1
0.14,0.278,0.26,0,0,1,1
0.143,0.278,0.26,0,0,1,1
0.146,0.278,0.26,0,0,1,1
0.149,0.278,0.26,0,0,1,1
0.152,0.278,0.26,0,0,1,1
0.155,0.278,0.26,0,0,1,1
0.158,0.278,0.26,0,0,1,1
0.161,0.278,0.26,0,0,1,1
0.164,0.278,0.26,0,0,1,1
0.167,0.278,0.26,0,0,1,1
0.17,0.278,0.26,0,0,1,1
0.173,0.278,0.26,0,0,1,1
0.176,0.278,0.26,0,0,1,1
0.179,0.278,0.26,0,0,1,1
0.182,0.278,0.26,0,0,1,1
0.185,0.278,0.26,0,0,1,1
0.188,0.278,0.26,0,0,1,1
0.191,0.278,0.26,0,0,1,1
0.194,0.278,0.26,0,0,1,1
0.197,0.278,0.26,0,0,1,1
0.2,0.278,0.26,0,0,1,1
0.203,0.278,0.26,0,0,1,1
0.206,0.278,0.26,0,0,1,1
0.209,0.278,0.26,0,0,1,1
0.212,0.278,0.26,0,0,1,1
0.215,0.278,0.26,0,0,1,1
0.218,0.278,0.26,0,0,1,1
0.221,0.278,0.26,0,0,1,1
0.224,0.278,0.26,0,0,1,1
0.227,0.278,0.26,0,0,1,1
0.23,0.278,0.26,0,0,1,1
0.233,0.278,0.26,0,0,1,1
0.236,0.278,0.26,0,0,1,1
0.239,0.278,0.26,0,0,1,1
0.242,0.278,0.26,0,0,1,1
0.245,0.278,0.26,0,0,1,1
0.248,0.278,0.26,0,0,1,1
0.251,0.278,0.26,0,0,1,1
0.254,0.278,0.26,0,0,1,1
0.257,0.278,0.26,0,0,1,1
0.26,0.278,0.26,0,0,1,1
0.263,0.278,0.26,0,0,1,1
0.266,0.278,0.26,0,0,1,1
0.269,0.278,0.26,0,0,1,1
0.272,0.278,0.26,0,0,1,1
0.275,0.278,0.26,0,0,1,1
0.278,0.278,0.26,0,0,1,1
0.281,0.278,0.26,0,0,1,1
0.284,0.278,0.26,0,0,1,1
0.287,0.278,0.26,0,0,1,1
0.29,0.278,0.26,0,0,1,1
0.293,0.278,0.26,0,0,1,1
0.296,0.278,0.26,0,0,1,1
0.299,0.278,0.26,0,0,1,1
0.302,0.278,0.26,0,0,1,1
0.305,0.278,0.26,0,0,1,1
0.308,0.278,0.26,0,0,1,1
0.311,0.278,0.26,0,0,1,1
0.314,0.278,0.26,0,0,1,1
0.317,0.278,0.26,0,0,1,1
0.32,0.278,0.26,0,0,1,1
0.323,0.278,0.26,0,0,1,1
0.326,0.278,0.26,0,0,1,1
0.329,0.278,0.26,0,0,1,1
0.332,0.278,0.26,0,0,1,1
0.335,0.278,0.26,0,0,1,1
0.338,0.278,0.26,0,0,1,1
0.341,0.278,0.26,0,0,1,1
0.14,0.275,0.26,0,0,1,1
0.143,0.275,0.26,0,0,1,1
0.146,0.275,0.26,0,0,1,1
0.149,0.275,0.26,0,0,1,1
0.152,0.275,0.26,0,0,1,1
0.155,0.275,0.26,0,0,1,1
0.158,0.275,0.26,0,0,1,1
0.161,0.275,0.26,0,0,1,1
0.164,0.275,0.26,0,0,1,1
0.167,0.275,0.26,0,0,1,1
0.17,0.275,0.26,0,0,1,1
0.173,0.275,0.26,0,0,1,1
0.176,0.275,0.26,0,0,1,1
0.179,0.275,0.26,0,0,1,1
0.182,0.275,0.26,0,0,1,1
0.185,0.275,0.26,0,0,1,1
0.188,0.275,0.26,0,0,1,1
0.191,0.275,0.26,0,0,1,1
0.194,0.275,0.26,0,0,1,1
0.197,0.275,0.26,0,0,1,1
0.2,0.275,0.26,0,0,1,1
0.203,0.275,0.26,0,0,1,1
0.206,0.275,0.26,0,0,1,1
0.209,0.275,0.26,0,0,1,1
0.212,0.275,0.26,0,0,1,1
0.215,0.275,0.26,0,0,1,1
0.218,0.275,0.26,0,0,1,1
0.221,0.275,0.26,0,0,1,1
0.224,0.275,0.26,0,0,1,1
0.227,0.275,0.26,0,0,1,1
0.23,0.275,0.26,0,0,1,1
0.233,0.275,0.26,0,0,1,1
0.236,0.275,0.26,0,0,1,1
0.239,0.275,0.26,0,0,1,1
0.242,0.275,0.26,0,0,1,1
0.245,0.275,0.26,0,0,1,1
0.248,0.275,0.26,0,0,1,1
0.251,0.275,0.26,0,0,1,1
0.254,0.275,0.26,0,0,1,1
0.257,0.275,0.26,0,0,1,1
0.26,0.275,0.26,0,0,1,1
0.263,0.275,0.26,0,0,1,1
0.266,0.275,0.26,0,0,1,1
0.269,0.275,0.26,0,0,1,1
0.272,0.275,0.26,0,0,1,1
0.275,0.275,0.26,0,0,1,1
0.278,0.275,0.26,0,0,1,1
0.281,0.275,0.26,0,0,1,1
0.284,0.275,0.26,0,0,1,1
0.287,0.275,0.26,0,0,1,1
0.29,0.275,0.26,0,0,1,1
0.293,0.275,0.26,0,0,1,1
0.296,0.275,0.26,0,0,1,1
0.299,0.275,0.26,0,0,1,1
0.302,0.275,0.26,0,0,1,1
0.305,0.275,0.26,0,0,1,1
0.308,0.275,0.26,0,0,1,1
0.311,0.275,0.26,0,0,1,1
0.314,0.275,0.26,0,0,1,1
0.317,0.275,0.26,0,0,1,1
0.32,0.275,0.26,0,0,1,1
0.323,0.275,0.26,0,0,1,1
0.326,0.275,0.26,0,0,1,1
0.329,0.275,0.26,0,0,1,1
0.332,0.275,0.26,0,0,1,1
0.335,0.275,0.26,0,0,1,1
0.338,0.275,0.26,0,0,1,1
0.341,0.275,0.26,0,0,1,1
0.14,0.272,0.26,0,0,1,1
0.143,0.272,0.26,0,0,1,1
0.146,0.272,0.26,0,0,1,1
0.149,0.272,0.26,0,0,1,1
0.152,0.272,0.26,0,0,1,1
0.155,0.272,0.26,0,0,1,1
0.158,0.272,0.26,0,0,1,1
0.161,0.272,0.26,0,0,1,1
0.164,0.272,0.26,0,0,1,1
0.167,0.272,0.26,0,0,1,1
0.17,0.272,0.26,0,0,1,1
0.173,0.272,0.26,0,0,1,1
0.176,0.272,0.26,0,0,1,1
0.179,0.272,0.26,0,0,1,1
0.182,0.272,0.26,0,0,1,1
0.185,0.272,0.26,0,0,1,1
0.188,0.272,0.26,0,0,1,1
0.191,0.272,0.26,0,0,1,1
0.194,0.272,0.26,0,0,1,1
0.197,0.272,0.26,0,0,1,1
0.2,0.272,0.26,0,0,1,1
0.203,0.272,0.26,0,0,1,1
0.206,0.272,0.26,0,0,1,1
0.209,0.272,0.26,0,0,1,1
0.212,0.272,0.26,0,0,1,1
0.215,0.272,0.26,0,0,1,1
0.218,0.272,0.26,0,0,1,1
0.221,0.272,0.26,0,0,1,1
0.224,0.272,0.26,0,0,1,1
0.227,0.272,0.26,0,0,1,1
0.23,0.272,0.26,0,0,1,1
0.233,0.272,0.26,0,0,1,1
0.236,0.272,0.26,0,0,1,1
0.239,0.272,0.26,0,0,1,1
0.242,0.272,0.26,0,0,1,1
0.245,0.272,0.26,0,0,1,1
0.248,0.272,0.26,0,0,1,1
0.251,0.272,0.26,0,0,1,1
0.254,0.272,0.26,0,0,1,1
0.257,0.272,0.26,0,0,1,1
0.26,0.272,0.26,0,0,1,1
0.263,0.272,0.26,0,0,1,1
0.266,0.272,0.26,0,0,1,1
0.269,0.272,0.26,0,0,1,1
0.272,0.272,0.26,0,0,1,1
0.275,0.272,0.26,0,0,1,1
0.278,0.272,0.26,0,0,1,1
0.281,0.272,0.26,0,0,1,1
0.284,0.272,0.26,0,0,1,1
0.287,0.272,0.26,0,0,1,1
0.29,0.272,0.26,0,0,1,1
0.293,0.272,0.26,0,0,1,1
0.296,0.272,0.26,0,0,1,1
0.299,0.272,0.26,0,0,1,1
0.302,0.272,0.26,0,0,1,1
0.305,0.272,0.26,0,0,1,1
0.308,0.272,0.26,0,0,1,1
0.311,0.272,0.26,0,0,1,1
0.314,0.272,0.26,0,0,1,1
0.317,0.272,0.26,0,0,1,1
0.32,0.272,0.26,0,0,1,1
0.323,0.272,0.26,0,0,1,1
0.326,0.272,0.26,0,0,1,1
0.329,0.272,0.26,0,0,1,1
0.332,0.272,0.26,0,0,1,1
0.335,0.272,0.26,0,0,1,1
0.338,0.272,0.26,0,0,1,1
0.341,0.272,0.26,0,0,1,1
0.14,0.269,0.26,0,0,1,1
0.143,0.269,0.26,0,0,1,1
0.146,0.269,0.26,0,0,1,1
0.149,0.269,0.26,0,0,1,1
0.152,0.269,0.26,0,0,1,1
0.155,0.269,0.26,0,0,1,1
0.158,0.269,0.26,0,0,1,1
0.161,0.269,0.26,0,0,1,1
0.164,0.269,0.26,0,0,1,1
0.167,0.269,0.26,0,0,1,1
0.17,0.269,0.26,0,0,1,1
0.173,0.269,0.26,0,0,1,1
0.176,0.269,0.26,0,0,1,1
0.179,0.269,0.26,0,0,1,1
0.182,0.269,0.26,0,0,1,1
0.185,0.269,0.26,0,0,1,1
0.188,0.269,0.26,0,0,1,1
0.191,0.269,0.26,0,0,1,1
0.194,0.269,0.26,0,0,1,1
0.197,0.269,0.26,0,0,1,1
0.2,0.269,0.26,0,0,1,1
0.203,0.269,0.26,0,0,1,1
0.206,0.269,0.26,0,0,1,1
0.209,0.269,0.26,0,0,1,1
0.212,0.269,0.26,0,0,1,1
0.215,0.269,0.26,0,0,1,1
0.218,0.269,0.26,0,0,1,1
0.221,0.269,0.26,0,0,1,1
0.224,0.269,0.26,0,0,1,1
0.227,0.269,0.26,0,0,1,1
0.23,0.269,0.26,0,0,1,1
0.233,0.269,0.26,0,0,1,1
0.236,0.269,0.26,0,0,1,1
0.239,0.269,0.26,0,0,1,1
0.242,0.269,0.26,0,0,1,1
0.245,0.269,0.26,0,0,1,1
0.248,0.269,0.26,0,0,1,1
0.251,0.269,0.26,0,0,1,1
0.254,0.269,0.26,0,0,1,1
0.257,0.269,0.26,0,0,1,1
0.26,0.269,0.26,0,0,1,1
0.263,0.269,0.26,0,0,1,1
0.266,0.269,0.26,0,0,1,1
0.269,0.269,0.26,0,0,1,1
0.272,0.269,0.26,0,0,1,1
0.275,0.269,0.26,0,0,1,1
0.278,0.269,0.26,0,0,1,1
0.281,0.269,0.26,0,0,1,1
0.284,0.269,0.26,0,0,1,1
0.287,0.269,0.26,0,0,1,1
0.29,0.269,0.26,0,0,1,1
0.293,0.269,0.26,0,0,1,1
0.296,0.269,0.26,0,0,1,1
0.299,0.269,0.26,0,0,1,1
0.302,0.269,0.26,0,0,1,1
0.305,0.269,0.26,0,0,1,1
0.308,0.269,0.26,0,0,1,1
0.311,0.269,0.26,0,0,1,1
0.314,0.269,0.26,0,0,1,1
0.317,0.269,0.26,0,0,1,1
0.32,0.269,0.26,0,0,1,1
0.323,0.269,0.26,0,0,1,1
0.326,0.269,0.26,0,0,1,1
0.329,0.269,0.26,0,0,1,1
0.332,0.269,0.26,0,0,1,1
0.335,0.269,0.26,0,0,1,1
0.338,0.269,0.26,0,0,1,1
0.341,0.269,0.26,0,0,1,1
0.14,0.41,0.44,0,0,1,1
0.143,0.41,0.44,0,0,1,1
0.146,0.41,0.44,0,0,1,1
0.149,0.41,0.44,0,0,1,1
0.152,0.41,0.44,0,0,1,1
0.155,0.41,0.44,0,0,1,1
0.158,0.41,0.44,0,0,1,1
0.161,0.41,0.44,0,0,1,1
0.164,0.41,0.44,0,0,1,1
0.167,0.41,0.44,0,0,1,1
0.17,0.41,0.44,0,0,1,1
0.173,0.41,0.44,0,0,1,1
0.176,0.41,0.44,0,0,1,1
0.179,0.41,0.44,0,0,1,1
0.182,0.41,0.44,0,0,1,1
0.185,0.41,0.44,0,0,1,1
0.188,0.41,0.44,0,0,1,1
0.191,0.41,0.44,0,0,1,1
0.194,0.41,0.44,0,0,1,1
0.197,0.41,0.44,0,0,1,1
0.2,0.41,0.44,0,0,1,1
0.203,0.41,0.44,0,0,1,1
0.206,0.41,0.44,0,0,1,1
0.209,0.41,0.44,0,0,1,1
0.212,0.41,0.44,0,0,1,1
0.215,0.41,0.44,0,0,1,1
0.218,0.41,0.44,0,0,1,1
0.221,0.41,0.44,0,0,1,1
0.224,0.41,0.44,0,0,1,1
0.227,0.41,0.44,0,0,1,1
0.23,0.41,0.44,0,0,1,1
0.233,0.41,0.44,0,0,1,1
0.236,0.41,0.44,0,0,1,1
0.239,0.41,0.44,0,0,1,1
0.242,0.41,0.44,0,0,1,1
0.245,0.41,0.44,0,0,1,1
0.248,0.41,0.44,0,0,1,1
0.251,0.41,0.44,0,0,1,1
0.254,0.41,0.44,0,0,1,1
0.257,0.41,0.44,0,0,1,1
0.26,0.41,0.44,0,0,1,1
0.263,0.41,0.44,0,0,1,1
0.266,0.41,0.44,0,0,1,1
0.269,0.41,0.44,0,0,1,1
0.272,0.41,0.44,0,0,1,1
0.275,0.41,0.44,0,0,1,1
0.278,0.41,0.44,0,0,1,1
0.281,0.41,0.44,0,0,1,1
0.284,0.41,0.44,0,0,1,1
0.287,0.41,0.44,0,0,1,1
0.29,0.41,0.44,0,0,1,1
0.293,0.41,0.44,0,0,1,1
0.296,0.41,0.44,0,0,1,1
0.299,0.41,0.44,0,0,1,1
0.302,0.41,0.44,0,0,1,1
0.305,0.41,0.44,0,0,1,1
0.308,0.41,0.44,0,0,1,1
0.311,0.41,0.44,0,0,1,1
0.314,0.41,0.44,0,0,1,1
0.317,0.41,0.44,0,0,1,1
0.32,0.41,0.44,0,0,1,1
0.323,0.41,0.44,0,0,1,1
0.326,0.41,0.44,0,0,1,1
0.329,0.41,0.44,0,0,1,1
0.332,0.41,0.44,0,0,1,1
0.335,0.41,0.44,0,0,1,1
0.338,0.41,0.44,0,0,1,1
0.341,0.41,0.44,0,0,1,1
0.14,0.407,0.44,0,0,1,1
0.143,0.407,0.44,0,0,1,1
0.146,0.407,0.44,0,0,1,1
0.149,0.407,0.44,0,0,1,1
0.152,0.407,0.44,0,0,1,1
0.155,0.407,0.44,0,0,1,1
0.158,0.407,0.44,0,0,1,1
0.161,0.407,0.44,0,0,1,1
0.164,0.407,0.44,0,0,1,1
0.167,0.407,0.44,0,0,1,1
0.17,0.407,0.44,0,0,1,1
0.173,0.407,0.44,0,0,1,1
0.176,0.407,0.44,0,0,1,1
0.179,0.407,0.44,0,0,1,1
0.182,0.407,0.44,0,0,1,1
0.185,0.407,0.44,0,0,1,1
0.188,0.407,0.44,0,0,1,1
0.191,0.407,0.44,0,0,1,1
0.194,0.407,0.44,0,0,1,1
0.197,0.407,0.44,0,0,1,1
0.2,0.407,0.44,0,0,1,1
0.203,0.407,0.44,0,0,1,1
0.206,0.407,0.44,0,0,1,1
0.209,0.407,0.44,0,0,1,1
0.212,0.407,0.44,0,0,1,1
0.215,0.407,0.44,0,0,1,1
0.218,0.407,0.44,0,0,1,1
0.221,0.407,0.44,0,0,1,1
0.224,0.407,0.44,0,0,1,1
0.227,0.407,0.44,0,0,1,1
0.23,0.407,0.44,0,0,1,1
0.233,0.407,0.44,0,0,1,1
0.236,0.407,0.44,0,0,1,1
0.239,0.407,0.44,0,0,1,1
0.242,0.407,0.44,0,0,1,1
0.245,0.407,0.44,0,0,1,1
0.248,0.407,0.44,0,0,1,1
0.251,0.407,0.44,0,0,1,1
0.254,0.407,0.44,0,0,1,1
0.257,0.407,0.44,0,0,1,1
0.26,0.407,0.44,0,0,1,1
0.263,0.407,0.44,0,0,1,1
0.266,0.407,0.44,0,0,1,1
0.269,0.407,0.44,0,0,1,1
0.272,0.407,0.44,0,0,1,1
0.275,0.407,0.44,0,0,1,1
0.278,0.407,0.44,0,0,1,1
0.281,0.407,0.44,0,0,1,1
0.284,0.407,0.44,0,0,1,1
0.287,0.407,0.44,0,0,1,1
0.29,0.407,0.44,0,0,1,1
0.293,0.407,0.44,0,0,1,1
0.296,0.407,0.44,0,0,1,1
0.299,0.407,0.44,0,0,1,1
0.302,0.407,0.44,0,0,1,1
0.305,0.407,0.44,0,0,1,1
0.308,0.407,0.44,0,0,1,1
0.311,0.407,0.44,0,0,1,1
0.314,0.407,0.44,0,0,1,1
0.317,0.407,0.44,0,0,1,1
0.32,0.407,0.44,0,0,1,1
0.323,0.407,0.44,0,0,1,1
0.326,0.407,0.44,0,0,1,1
0.329,0.407,0.44,0,0,1,1
0.332,0.407,0.44,0,0,1,1
0.335,0.407,0.44,0,0,1,1
0.338,0.407,0.44,0,0,1,1
0.341,0.407,0.44,0,0,1,1
0.14,0.404,0.44,0,0,1,1
0.143,0.404,0.44,0,0,1,1
0.146,0.404,0.44,0,0,1,1
0.149,0.404,0.44,0,0,1,1
0.152,0.404,0.44,0,0,1,1
0.155,0.404,0.44,0,0,1,1
0.158,0.404,0.44,0,0,1,1
0.161,0.404,0.44,0,0,1,1
0.164,0.404,0.44,0,0,1,1
0.167,0.404,0.44,0,0,1,1
0.17,0.404,0.44,0,0,1,1
0.173,0.404,0.44,0,0,1,1
0.176,0.404,0.44,0,0,1,1
0.179,0.404,0.44,0,0,1,1
0.182,0.404,0.44,0,0,1,1
0.185,0.404,0.44,0,0,1,1
0.188,0.404,0.44,0,0,1,1
0.191,0.404,0.44,0,0,1,1
0.194,0.404,0.44,0,0,1,1
0.197,0.404,0.44,0,0,1,1
0.2,0.404,0.44,0,0,1,1
0.203,0.404,0.44,0,0,1,1
0.206,0.404,0.44,0,0,1,1
0.209,0.404,0.44,0,0,1,1
0.212,0.404,0.44,0,0,1,1
0.215,0.404,0.44,0,0,1,1
0.218,0.404,0.44,0,0,1,1
0.221,0.404,0.44,0,0,1,1
0.224,0.404,0.44,0,0,1,1
0.227,0.404,0.44,0,0,1,1
0.23,0.404,0.44,0,0,1,1
0.233,0.404,0.44,0,0,1,1
0.236,0.404,0.44,0,0,1,1
0.239,0.404,0.44,0,0,1,1
0.242,0.404,0.44,0,0,1,1
0.245,0.404,0.44,0,0,1,1
0.248,0.404,0.44,0,0,1,1
0.251,0.404,0.44,0,0,1,1
0.254,0.404,0.44,0,0,1,1
0.257,0.404,0.44,0,0,1,1
0.26,0.404,0.44,0,0,1,1
0.263,0.404,0.44,0,0,1,1
0.266,0.404,0.44,0,0,1,1
0.269,0.404,0.44,0,0,1,1
0.272,0.404,0.44,0,0,1,1
0.275,0.404,0.44,0,0,1,1
0.278,0.404,0.44,0,0,1,1
0.281,0.404,0.44,0,0,1,1
0.284,0.404,0.44,0,0,1,1
0.287,0.404,0.44,0,0,1,1
0.29,0.404,0.44,0,0,1,1
0.293,0.404,0.44,0,0,1,1
0.296,0.404,0.44,0,0,1,1
0.299,0.404,0.44,0,0,1,1
0.302,0.404,0.44,0,0,1,1
0.305,0.404,0.44,0,0,1,1
0.308,0.404,0.44,0,0,1,1
0.311,0.404,0.44,0,0,1,1
0.314,0.404,0.44,0,0,1,1
0.317,0.404,0.44,0,0,1,1
0.32,0.404,0.44,0,0,1,1
0.323,0.404,0.44,0,0,1,1
0.326,0.404,0.44,0,0,1,1
0.329,0.404,0.44,0,0,1,1
0.332,0.404,0.44,0,0,1,1
0.335,0.404,0.44,0,0,1,1
0.338,0.404,0.44,0,0,1,1
0.341,0.404,0.44,0,0,1,1
0.14,0.401,0.44,0,0,1,1
0.143,0.401,0.44,0,0,1,1
0.146,0.401,0.44,0,0,1,1
0.149,0.401,0.44,0,0,1,1
0.152,0.401,0.44,0,0,1,1
0.155,0.401,0.44,0,0,1,1
0.158,0.401,0.44,0,0,1,1
0.161,0.401,0.44,0,0,1,1
0.164,0.401,0.44,0,0,1,1
0.167,0.401,0.44,0,0,1,1
0.17,0.401,0.44,0,0,1,1
0.173,0.401,0.44,0,0,1,1
0.176,0.401,0.44,0,0,1,1
0.179,0.401,0.44,0,0,1,1
0.182,0.401,0.44,0,0,1,1
0.185,0.401,0.44,0,0,1,1
0.188,0.401,0.44,0,0,1,1
0.191,0.401,0.44,0,0,1,1
0.194,0.401,0.44,0,0,1,1
0.197,0.401,0.44,0,0,1,1
0.2,0.401,0.44,0,0,1,1
0.203,0.401,0.44,0,0,1,1
0.206,0.401,0.44,0,0,1,1
0.209,0.401,0.44,0,0,1,1
0.212,0.401,0.44,0,0,1,1
0.215,0.401,0.44,0,0,1,1
0.218,0.401,0.44,0,0,1,1
0.221,0.401,0.44,0,0,1,1
0.224,0.401,0.44,0,0,1,1
0.227,0.401,0.44,0,0,1,1
0.23,0.401,0.44,0,0,1,1
0.233,0.401,0.44,0,0,1,1
0.236,0.401,0.44,0,0,1,1
0.239,0.401,0.44,0,0,1,1
0.242,0.401,0.44,0,0,1,1
0.245,0.401,0.44,0,0,1,1
0.248,0.401,0.44,0,0,1,1
0.251,0.401,0.44,0,0,1,1
0.254,0.401,0.44,0,0,1,1
0.257,0.401,0.44,0,0,1,1
0.26,0.401,0.44,0,0,1,1
0.263,0.401,0.44,0,0,1,1
0.266,0.401,0.44,0,0,1,1
0.269,0.401,0.44,0,0,1,1
0.272,0.401,0.44,0,0,1,1
0.275,0.401,0.44,0,0,1,1
0.278,0.401,0.44,0,0,1,1
0.281,0.401,0.44,0,0,1,1
0.284,0.401,0.44,0,0,1,1
0.287,0.401,0.44,0,0,1,1
0.29,0.401,0.44,0,0,1,1
0.293,0.401,0.44,0,0,1,1
0.296,0.401,0.44,0,0,1,1
0.299,0.401,0.44,0,0,1,1
0.302,0.401,0.44,0,0,1,1
0.305,0.401,0.44,0,0,1,1
0.308,0.401,0.44,0,0,1,1
0.311,0.401,0.44,0,0,1,1
0.314,0.401,0.44,0,0,1,1
0.317,0.401,0.44,0,0,1,1
0.32,0.401,0.44,0,0,1,1
0.323,0.401,0.44,0,0,1,1
0.326,0.401,0.44,0,0,1,1
0.329,0.401,0.44,0,0,1,1
0.332,0.401,0.44,0,0,1,1
0.335,0.401,0.44,0,0,1,1
0.338,0.401,0.44,0,0,1,1
0.341,0.401,0.44,0,0,1,1
0.14,0.398,0.44,0,0,1,1
0.143,0.398,0.44,0,0,1,1
0.146,0.398,0.44,0,0,1,1
0.149,0.398,0.44,0,0,1,1
0.152,0.398,0.44,0,0,1,1
0.155,0.398,0.44,0,0,1,1
0.158,0.398,0.44,0,0,1,1
0.161,0.398,0.44,0,0,1,1
0.164,0.398,0.44,0,0,1,1
0.167,0.398,0.44,0,0,1,1
0.17,0.398,0.44,0,0,1,1
0.173,0.398,0.44,0,0,1,1
0.176,0.398,0.44,0,0,1,1
0.179,0.398,0.44,0,0,1,1
0.182,0.398,0.44,0,0,1,1
0.185,0.398,0.44,0,0,1,1
0.188,0.398,0.44,0,0,1,1
0.191,0.398,0.44,0,0,1,1
0.194,0.398,0.44,0,0,1,1
0.197,0.398,0.44,0,0,1,1
0.2,0.398,0.44,0,0,1,1
0.203,0.398,0.44,0,0,1,1
0.206,0.398,0.44,0,0,1,1
0.209,0.398,0.44,0,0,1,1
0.212,0.398,0.44,0,0,1,1
0.215,0.398,0.44,0,0,1,1
0.218,0.398,0.44,0,0,1,1
0.221,0.398,0.44,0,0,1,1
0.224,0.398,0.44,0,0,1,1
0.227,0.398,0.44,0,0,1,1
0.23,0.398,0.44,0,0,1,1
0.233,0.398,0.44,0,0,1,1
0.236,0.398,0.44,0,0,1,1
0.239,0.398,0.44,0,0,1,1
0.242,0.398,0.44,0,0,1,1
0.245,0.398,0.44,0,0,1,1
0.248,0.398,0.44,0,0,1,1
0.251,0.398,0.44,0,0,1,1
0.254,0.398,0.44,0,0,1,1
0.257,0.398,0.44,0,0,1,1
0.26,0.398,0.44,0,0,1,1
0.263,0.398,0.44,0,0,1,1
0.266,0.398,0.44,0,0,1,1
0.269,0.398,0.44,0,0,1,1
0.272,0.398,0.44,0,0,1,1
0.275,0.398,0.44,0,0,1,1
0.278,0.398,0.44,0,0,1,1
0.281,0.398,0.44,0,0,1,1
0.284,0.398,0.44,0,0,1,1
0.287,0.398,0.44,0,0,1,1
0.29,0.398,0.44,0,0,1,1
0.293,0.398,0.44,0,0,1,1
0.296,0.398,0.44,0,0,1,1
0.299,0.398,0.44,0,0,1,1
0.302,0.398,0.44,0,0,1,1
0.305,0.398,0.44,0,0,1,1
0.308,0.398,0.44,0,0,1,1
0.311,0.398,0.44,0,0,1,1
0.314,0.398,0.44,0,0,1,1
0.317,0.398,0.44,0,0,1,1
0.32,0.398,0.44,0,0,1,1
0.323,0.398,0.44,0,0,1,1
0.326,0.398,0.44,0,0,1,1
0.329,0.398,0.44,0,0,1,1
0.332,0.398,0.44,0,0,1,1
0.335,0.398,0.44,0,0,1,1
0.338,0.398,0.44,0,0,1,1
0.341,0.398,0.44,0,0,1,1
0.14,0.395,0.44,0,0,1,1
0.143,0.395,0.44,0,0,1,1
0.146,0.395,0.44,0,0,1,1
0.149,0.395,0.44,0,0,1,1
0.152,0.395,0.44,0,0,1,1
0.155,0.395,0.44,0,0,1,1
0.158,0.395,0.44,0,0,1,1
0.161,0.395,0.44,0,0,1,1
0.164,0.395,0.44,0,0,1,1
0.167,0.395,0.44,0,0,1,1
0.17,0.395,0.44,0,0,1,1
0.173,0.395,0.44,0,0,1,1
0.176,0.395,0.44,0,0,1,1
0.179,0.395,0.44,0,0,1,1
0.182,0.395,0.44,0,0,1,1
0.185,0.395,0.44,0,0,1,1
0.188,0.395,0.44,0,0,1,1
0.191,0.395,0.44,0,0,1,1
0.194,0.395,0.44,0,0,1,1
0.197,0.395,0.44,0,0,1,1
0.2,0.395,0.44,0,0,1,1
0.203,0.395,0.44,0,0,1,1
0.206,0.395,0.44,0,0,1,1
0.209,0.395,0.44,0,0,1,1
0.212,0.395,0.44,0,0,1,1
0.215,0.395,0.44,0,0,1,1
0.218,0.395,0.44,0,0,1,1
0.221,0.395,0.44,0,0,1,1
0.224,0.395,0.44,0,0,1,1
0.227,0.395,0.44,0,0,1,1
0.23,0.395,0.44,0,0,1,1
0.233,0.395,0.44,0,0,1,1
0.236,0.395,0.44,0,0,1,1
0.239,0.395,0.44,0,0,1,1
0.242,0.395,0.44,0,0,1,1
0.245,0.395,0.44,0,0,1,1
0.248,0.395,0.44,0,0,1,1
0.251,0.395,0.44,0,0,1,1
0.254,0.395,0.44,0,0,1,1
0.257,0.395,0.44,0,0,1,1
0.26,0.395,0.44,0,0,1,1
0.263,0.395,0.44,0,0,1,1
0.266,0.395,0.44,0,0,1,1
0.269,0.395,0.44,0,0,1,1
0.272,0.395,0.44,0,0,1,1
0.275,0.395,0.44,0,0,1,1
0.278,0.395,0.44,0,0,1,1
0.281,0.395,0.44,0,0,1,1
0.284,0.395,0.44,0,0,1,1
0.287,0.395,0.44,0,0,1,1
0.29,0.395,0.44,0,0,1,1
0.293,0.395,0.44,0,0,1,1
0.296,0.395,0.44,0,0,1,1
0.299,0.395,0.44,0,0,1,1
0.302,0.395,0.44,0,0,1,1
0.305,0.395,0.44,0,0,1,1
0.308,0.395,0.44,0,0,1,1
0.311,0.395,0.44,0,0,1,1
0.314,0.395,0.44,0,0,1,1
0.317,0.395,0.44,0,0,1,1
0.32,0.395,0.44,0,0,1,1
0.323,0.395,0.44,0,0,1,1
0.326,0.395,0.44,0,0,1,1
0.329,0.395,0.44,0,0,1,1
0.332,0.395,0.44,0,0,1,1
0.335,0.395,0.44,0,0,1,1
0.338,0.395,0.44,0,0,1,1
0.341,0.395,0.44,0,0,1,1
0.14,0.392,0.44,0,0,1,1
0.143,0.392,0.44,0,0,1,1
0.146,0.392,0.44,0,0,1,1
0.149,0.392,0.44,0,0,1,1
0.152,0.392,0.44,0,0,1,1
0.155,0.392,0.44,0,0,1,1
0.158,0.392,0.44,0,0,1,1
0.161,0.392,0.44,0,0,1,1
0.164,0.392,0.44,0,0,1,1
0.167,0.392,0.44,0,0,1,1
0.17,0.392,0.44,0,0,1,1
0.173,0.392,0.44,0,0,1,1
0.176,0.392,0.44,0,0,1,1
0.179,0.392,0.44,0,0,1,1
0.182,0.392,0.44,0,0,1,1
0.185,0.392,0.44,0,0,1,1
0.188,0.392,0.44,0,0,1,1
0.191,0.392,0.44,0,0,1,1
0.194,0.392,0.44,0,0,1,1
0.197,0.392,0.44,0,0,1,1
0.2,0.392,0.44,0,0,1,1
0.203,0.392,0.44,0,0,1,1
0.206,0.392,0.44,0,0,1,1
0.209,0.392,0.44,0,0,1,1
0.212,0.392,0.44,0,0,1,1
0.215,0.392,0.44,0,0,1,1
0.218,0.392,0.44,0,0,1,1
0.221,0.392,0.44,0,0,1,1
0.224,0.392,0.44,0,0,1,1
0.227,0.392,0.44,0,0,1,1
0.23,0.392,0.44,0,0,1,1
0.233,0.392,0.44,0,0,1,1
0.236,0.392,0.44,0,0,1,1
0.239,0.392,0.44,0,0,1,1
0.242,0.392,0.44,0,0,1,1
0.245,0.392,0.44,0,0,1,1
0.248,0.392,0.44,0,0,1,1
0.251,0.392,0.44,0,0,1,1
0.254,0.392,0.44,0,0,1,1
0.257,0.392,0.44,0,0,1,1
0.26,0.392,0.44,0,0,1,1
0.263,0.392,0.44,0,0,1,1
0.266,0.392,0.44,0,0,1,1
0.269,0.392,0.44,0,0,1,1
0.272,0.392,0.44,0,0,1,1
0.275,0.392,0.44,0,0,1,1
0.278,0.392,0.44,0,0,1,1
0.281,0.392,0.44,0,0,1,1
0.284,0.392,0.44,0,0,1,1
0.287,0.392,0.44,0,0,1,1
0.29,0.392,0.44,0,0,1,1
0.293,0.392,0.44,0,0,1,1
0.296,0.392,0.44,0,0,1,1
0.299,0.392,0.44,0,0,1,1
0.302,0.392,0.44,0,0,1,1
0.305,0.392,0.44,0,0,1,1
0.308,0.392,0.44,0,0,1,1
0.311,0.392,0.44,0,0,1,1
0.314,0.392,0.44,0,0,1,1
0.317,0.392,0.44,0,0,1,1
0.32,0.392,0.44,0,0,1,1
0.323,0.392,0.44,0,0,1,1
0.326,0.392,0.44,0,0,1,1
0.329,0.392,0.44,0,0,1,1
0.332,0.392,0.44,0,0,1,1
0.335,0.392,0.44,0,0,1,1
0.338,0.392,0.44,0,0,1,1
0.341,0.392,0.44,0,0,1,1
0.14,0.389,0.44,0,0,1,1
0.143,0.389,0.44,0,0,1,1
0.146,0.389,0.44,0,0,1,1
0.149,0.389,0.44,0,0,1,1
0.152,0.389,0.44,0,0,1,1
0.155,0.389,0.44,0,0,1,1
0.158,0.389,0.44,0,0,1,1
0.161,0.389,0.44,0,0,1,1
0.164,0.389,0.44,0,0,1,1
0.167,0.389,0.44,0,0,1,1
0.17,0.389,0.44,0,0,1,1
0.173,0.389,0.44,0,0,1,1
0.176,0.389,0.44,0,0,1,1
0.179,0.389,0.44,0,0,1,1
0.182,0.389,0.44,0,0,1,1
0.185,0.389,0.44,0,0,1,1
0.188,0.389,0.44,0,0,1,1
0.191,0.389,0.44,0,0,1,1
0.194,0.389,0.44,0,0,1,1
0.197,0.389,0.44,0,0,1,1
0.2,0.389,0.44,0,0,1,1
0.203,0.389,0.44,0,0,1,1
0.206,0.389,0.44,0,0,1,1
0.209,0.389,0.44,0,0,1,1
0.212,0.389,0.44,0,0,1,1
0.215,0.389,0.44,0,0,1,1
0.218,0.389,0.44,0,0,1,1
0.221,0.389,0.44,0,0,1,1
0.224,0.389,0.44,0,0,1,1
0.227,0.389,0.44,0,0,1,1
0.23,0.389,0.44,0,0,1,1
0.233,0.389,0.44,0,0,1,1
0.236,0.389,0.44,0,0,1,1
0.239,0.389,0.44,0,0,1,1
0.242,0.389,0.44,0,0,1,1
0.245,0.389,0.44,0,0,1,1
0.248,0.389,0.44,0,0,1,1
0.251,0.389,0.44,0,0,1,1
0.254,0.389,0.44,0,0,1,1
0.257,0.389,0.44,0,0,1,1
0.26,0.389,0.44,0,0,1,1
0.263,0.389,0.44,0,0,1,1
0.266,0.389,0.44,0,0,1,1
0.269,0.389,0.44,0,0,1,1
0.272,0.389,0.44,0,0,1,1
0.275,0.389,0.44,0,0,1,1
0.278,0.389,0.44,0,0,1,1
0.281,0.389,0.44,0,0,1,1
0.284,0.389,0.44,0,0,1,1
0.287,0.389,0.44,0,0,1,1
0.29,0.389,0.44,0,0,1,1
0.293,0.389,0.44,0,0,1,1
0.296,0.389,0.44,0,0,1,1
0.299,0.389,0.44,0,0,1,1
0.302,0.389,0.44,0,0,1,1
0.305,0.389,0.44,0,0,1,1
0.308,0.389,0.44,0,0,1,1
0.311,0.389,0.44,0,0,1,1
0.314,0.389,0.44,0,0,1,1
0.317,0.389,0.44,0,0,1,1
0.32,0.389,0.44,0,0,1,1
0.323,0.389,0.44,0,0,1,1
0.326,0.389,0.44,0,0,1,1
0.329,0.389,0.44,0,0,1,1
0.332,0.389,0.44,0,0,1,1
0.335,0.389,0.44,0,0,1,1
0.338,0.389,0.44,0,0,1,1
0.341,0.389,0.44,0,0,1,1
0.14,0.386,0.44,0,0,1,1
0.143,0.386,0.44,0,0,1,1
0.146,0.386,0.44,0,0,1,1
0.149,0.386,0.44,0,0,1,1
0.152,0.386,0.44,0,0,1,1
0.155,0.386,0.44,0,0,1,1
0.158,0.386,0.44,0,0,1,1
0.161,0.386,0.44,0,0,1,1
0.164,0.386,0.44,0,0,1,1
0.167,0.386,0.44,0,0,1,1
0.17,0.386,0.44,0,0,1,1
0.173,0.386,0.44,0,0,1,1
0.176,0.386,0.44,0,0,1,1
0.179,0.386,0.44,0,0,1,1
0.182,0.386,0.44,0,0,1,1
0.185,0.386,0.44,0,0,1,1
0.188,0.386,0.44,0,0,1,1
0.191,0.386,0.44,0,0,1,1
0.194,0.386,0.44,0,0,1,1
0.197,0.386,0.44,0,0,1,1
0.2,0.386,0.44,0,0,1,1
0.203,0.386,0.44,0,0,1,1
0.206,0.386,0.44,0,0,1,1
0.209,0.386,0.44,0,0,1,1
0.212,0.386,0.44,0,0,1,1
0.215,0.386,0.44,0,0,1,1
0.218,0.386,0.44,0,0,1,1
0.221,0.386,0.44,0,0,1,1
0.224,0.386,0.44,0,0,1,1
0.227,0.386,0.44,0,0,1,1
0.23,0.386,0.44,0,0,1,1
0.233,0.386,0.44,0,0,1,1
0.236,0.386,0.44,0,0,1,1
0.239,0.386,0.44,0,0,1,1
0.242,0.386,0.44,0,0,1,1
0.245,0.386,0.44,0,0,1,1
0.248,0.386,0.44,0,0,1,1
0.251,0.386,0.44,0,0,1,1
0.254,0.386,0.44,0,0,1,1
0.257,0.386,0.44,0,0,1,1
0.26,0.386,0.44,0,0,1,1
0.263,0.386,0.44,0,0,1,1
0.266,0.386,0.44,0,0,1,1
0.269,0.386,0.44,0,0,1,1
0.272,0.386,0.44,0,0,1,1
0.275,0.386,0.44,0,0,1,1
0.278,0.386,0.44,0,0,1,1
0.281,0.386,0.44,0,0,1,1
0.284,0.386,0.44,0,0,1,1
0.287,0.386,0.44,0,0,1,1
0.29,0.386,0.44,0,0,1,1
0.293,0.386,0.44,0,0,1,1
0.296,0.386,0.44,0,0,1,1
0.299,0.386,0.44,0,0,1,1
0.302,0.386,0.44,0,0,1,1
0.305,0.386,0.44,0,0,1,1
0.308,0.386,0.44,0,0,1,1
0.311,0.386,0.44,0,0,1,1
0.314,0.386,0.44,0,0,1,1
0.317,0.386,0.44,0,0,1,1
0.32,0.386,0.44,0,0,1,1
0.323,0.386,0.44,0,0,1,1
0.326,0.386,0.44,0,0,1,1
0.329,0.386,0.44,0,0,1,1
0.332,0.386,0.44,0,0,1,1
0.335,0.386,0.44,0,0,1,1
0.338,0.386,0.44,0,0,1,1
0.341,0.386,0.44,0,0,1,1
0.14,0.383,0.44,0,0,1,1
0.143,0.383,0.44,0,0,1,1
0.146,0.383,0.44,0,0,1,1
0.149,0.383,0.44,0,0,1,1
0.152,0.383,0.44,0,0,1,1
0.155,0.383,0.44,0,0,1,1
0.158,0.383,0.44,0,0,1,1
0.161,0.383,0.44,0,0,1,1
0.164,0.383,0.44,0,0,1,1
0.167,0.383,0.44,0,0,1,1
0.17,0.383,0.44,0,0,1,1
0.173,0.383,0.44,0,0,1,1
0.176,0.383,0.44,0,0,1,1
0.179,0.383,0.44,0,0,1,1
0.182,0.383,0.44,0,0,1,1
0.185,0.383,0.44,0,0,1,1
0.188,0.383,0.44,0,0,1,1
0.191,0.383,0.44,0,0,1,1
0.194,0.383,0.44,0,0,1,1
0.197,0.383,0.44,0,0,1,1
0.2,0.383,0.44,0,0,1,1
0.203,0.383,0.44,0,0,1,1
0.206,0.383,0.44,0,0,1,1
0.209,0.383,0.44,0,0,1,1
0.212,0.383,0.44,0,0,1,1
0.215,0.383,0.44,0,0,1,1
0.218,0.383,0.44,0,0,1,1
0.221,0.383,0.44,0,0,1,1
0.224,0.383,0.44,0,0,1,1
0.227,0.383,0.44,0,0,1,1
0.23,0.383,0.44,0,0,1,1
0.233,0.383,0.44,0,0,1,1
0.236,0.383,0.44,0,0,1,1
0.239,0.383,0.44,0,0,1,1
0.242,0.383,0.44,0,0,1,1
0.245,0.383,0.44,0,0,1,1
0.248,0.383,0.44,0,0,1,1
0.251,0.383,0.44,0,0,1,1
0.254,0.383,0.44,0,0,1,1
0.257,0.383,0.44,0,0,1,1
0.26,0.383,0.44,0,0,1,1
0.263,0.383,0.44,0,0,1,1
0.266,0.383,0.44,0,0,1,1
0.269,0.383,0.44,0,0,1,1
0.272,0.383,0.44,0,0,1,1
0.275,0.383,0.44,0,0,1,1
0.278,0.383,0.44,0,0,1,1
0.281,0.383,0.44,0,0,1,1
0.284,0.383,0.44,0,0,1,1
0.287,0.383,0.44,0,0,1,1
0.29,0.383,0.44,0,0,1,1
0.293,0.383,0.44,0,0,1,1
0.296,0.383,0.44,0,0,1,1
0.299,0.383,0.44,0,0,1,1
0.302,0.383,0.44,0,0,1,1
0.305,0.383,0.44,0,0,1,1
0.308,0.383,0.44,0,0,1,1
0.311,0.383,0.44,0,0,1,1
0.314,0.383,0.44,0,0,1,1
0.317,0.383,0.44,0,0,1,1
0.32,0.383,0.44,0,0,1,1
0.323,0.383,0.44,0,0,1,1
0.326,0.383,0.44,0,0,1,1
0.329,0.383,0.44,0,0,1,1
0.332,0.383,0.44,0,0,1,1
0.335,0.383,0.44,0,0,1,1
0.338,0.383,0.44,0,0,1,1
0.341,0.383,0.44,0,0,1,1
0.14,0.38,0.44,0,0,1,1
0.143,0.38,0.44,0,0,1,1
0.146,0.38,0.44,0,0,1,1
0.149,0.38,0.44,0,0,1,1
0.152,0.38,0.44,0,0,1,1
0.155,0.38,0.44,0,0,1,1
0.158,0.38,0.44,0,0,1,1
0.161,0.38,0.44,0,0,1,1
0.164,0.38,0.44,0,0,1,1
0.167,0.38,0.44,0,0,1,1
0.17,0.38,0.44,0,0,1,1
0.173,0.38,0.44,0,0,1,1
0.176,0.38,0.44,0,0,1,1
0.179,0.38,0.44,0,0,1,1
0.182,0.38,0.44,0,0,1,1
0.185,0.38,0.44,0,0,1,1
0.188,0.38,0.44,0,0,1,1
0.191,0.38,0.44,0,0,1,1
0.194,0.38,0.44,0,0,1,1
0.197,0.38,0.44,0,0,1,1
0.2,0.38,0.44,0,0,1,1
0.203,0.38,0.44,0,0,1,1
0.206,0.38,0.44,0,0,1,1
0.209,0.38,0.44,0,0,1,1
0.212,0.38,0.44,0,0,1,1
0.215,0.38,0.44,0,0,1,1
0.218,0.38,0.44,0,0,1,1
0.221,0.38,0.44,0,0,1,1
0.224,0.38,0.44,0,0,1,1
0.227,0.38,0.44,0,0,1,1
0.23,0.38,0.44,0,0,1,1
0.233,0.38,0.44,0,0,1,1
0.236,0.38,0.44,0,0,1,1
0.239,0.38,0.44,0,0,1,1
0.242,0.38,0.44,0,0,1,1
0.245,0.38,0.44,0,0,1,1
0.248,0.38,0.44,0,0,1,1
0.251,0.38,0.44,0,0,1,1
0.254,0.38,0.44,0,0,1,1
0.257,0.38,0.44,0,0,1,1
0.26,0.38,0.44,0,0,1,1
0.263,0.38,0.44,0,0,1,1
0.266,0.38,0.44,0,0,1,1
0.269,0.38,0.44,0,0,1,1
0.272,0.38,0.44,0,0,1,1
0.275,0.38,0.44,0,0,1,1
0.278,0.38,0.44,0,0,1,1
0.281,0.38,0.44,0,0,1,1
0.284,0.38,0.44,0,0,1,1
0.287,0.38,0.44,0,0,1,1
0.29,0.38,0.44,0,0,1,1
0.293,0.38,0.44,0,0,1,1
0.296,0.38,0.44,0,0,1,1
0.299,0.38,0.44,0,0,1,1
0.302,0.38,0.44,0,0,1,1
0.305,0.38,0.44,0,0,1,1
0.308,0.38,0.44,0,0,1,1
0.311,0.38,0.44,0,0,1,1
0.314,0.38,0.44,0,0,1,1
0.317,0.38,0.44,0,0,1,1
0.32,0.38,0.44,0,0,1,1
0.323,0.38,0.44,0,0,1,1
0.326,0.38,0.44,0,0,1,1
0.329,0.38,0.44,0,0,1,1
0.332,0.38,0.44,0,0,1,1
0.335,0.38,0.44,0,0,1,1
0.338,0.38,0.44,0,0,1,1
0.341,0.38,0.44,0,0,1,1
0.14,0.377,0.44,0,0,1,1
0.143,0.377,0.44,0,0,1,1
0.146,0.377,0.44,0,0,1,1
0.149,0.377,0.44,0,0,1,1
0.152,0.377,0.44,0,0,1,1
0.155,0.377,0.44,0,0,1,1
0.158,0.377,0.44,0,0,1,1
0.161,0.377,0.44,0,0,1,1
0.164,0.377,0.44,0,0,1,1
0.167,0.377,0.44,0,0,1,1
0.17,0.377,0.44,0,0,1,1
0.173,0.377,0.44,0,0,1,1
0.176,0.377,0.44,0,0,1,1
0.179,0.377,0.44,0,0,1,1
0.182,0.377,0.44,0,0,1,1
0.185,0.377,0.44,0,0,1,1
0.188,0.377,0.44,0,0,1,1
0.191,0.377,0.44,0,0,1,1
0.194,0.377,0.44,0,0,1,1
0.197,0.377,0.44,0,0,1,1
0.2,0.377,0.44,0,0,1,1
0.203,0.377,0.44,0,0,1,1
0.206,0.377,0.44,0,0,1,1
0.209,0.377,0.44,0,0,1,1
0.212,0.377,0.44,0,0,1,1
0.215,0.377,0.44,0,0,1,1
0.218,0.377,0.44,0,0,1,1
0.221,0.377,0.44,0,0,1,1
0.224,0.377,0.44,0,0,1,1
0.227,0.377,0.44,0,0,1,1
0.23,0.377,0.44,0,0,1,1
0.233,0.377,0.44,0,0,1,1
0.236,0.377,0.44,0,0,1,1
0.239,0.377,0.44,0,0,1,1
0.242,0.377,0.44,0,0,1,1
0.245,0.377,0.44,0,0,1,1
0.248,0.377,0.44,0,0,1,1
0.251,0.377,0.44,0,0,1,1
0.254,0.377,0.44,0,0,1,1
0.257,0.377,0.44,0,0,1,1
0.26,0.377,0.44,0,0,1,1
0.263,0.377,0.44,0,0,1,1
0.266,0.377,0.44,0,0,1,1
0.269,0.377,0.44,0,0,1,1
0.272,0.377,0.44,0,0,1,1
0.275,0.377,0.44,0,0,1,1
0.278,0.377,0.44,0,0,1,1
0.281,0.377,0.44,0,0,1,1
0.284,0.377,0.44,0,0,1,1
0.287,0.377,0.44,0,0,1,1
0.29,0.377,0.44,0,0,1,1
0.293,0.377,0.44,0,0,1,1
0.296,0.377,0.44,0,0,1,1
0.299,0.377,0.44,0,0,1,1
0.302,0.377,0.44,0,0,1,1
0.305,0.377,0.44,0,0,1,1
0.308,0.377,0.44,0,0,1,1
0.311,0.377,0.44,0,0,1,1
0.314,0.377,0.44,0,0,1,1
0.317,0.377,0.44,0,0,1,1
0.32,0.377,0.44,0,0,1,1
0.323,0.377,0.44,0,0,1,1
0.326,0.377,0.44,0,0,1,1
0.329,0.377,0.44,0,0,1,1
0.332,0.377,0.44,0,0,1,1
0.335,0.377,0.44,0,0,1,1
0.338,0.377,0.44,0,0,1,1
0.341,0.377,0.44,0,0,1,1
0.14,0.374,0.44,0,0,1,1
0.143,0.374,0.44,0,0,1,1
0.146,0.374,0.44,0,0,1,1
0.149,0.374,0.44,0,0,1,1
0.152,0.374,0.44,0,0,1,1
0.155,0.374,0.44,0,0,1,1
0.158,0.374,0.44,0,0,1,1
0.161,0.374,0.44,0,0,1,1
0.164,0.374,0.44,0,0,1,1
0.167,0.374,0.44,0,0,1,1
0.17,0.374,0.44,0,0,1,1
0.173,0.374,0.44,0,0,1,1
0.176,0.374,0.44,0,0,1,1
0.179,0.374,0.44,0,0,1,1
0.182,0.374,0.44,0,0,1,1
0.185,0.374,0.44,0,0,1,1
0.188,0.374,0.44,0,0,1,1
0.191,0.374,0.44,0,0,1,1
0.194,0.374,0.44,0,0,1,1
0.197,0.374,0.44,0,0,1,1
0.2,0.374,0.44,0,0,1,1
0.203,0.374,0.44,0,0,1,1
0.206,0.374,0.44,0,0,1,1
0.209,0.374,0.44,0,0,1,1
0.212,0.374,0.44,0,0,1,1
0.215,0.374,0.44,0,0,1,1
0.218,0.374,0.44,0,0,1,1
0.221,0.374,0.44,0,0,1,1
0.224,0.374,0.44,0,0,1,1
0.227,0.374,0.44,0,0,1,1
0.23,0.374,0.44,0,0,1,1
0.233,0.374,0.44,0,0,1,1
0.236,0.374,0.44,0,0,1,1
0.239,0.374,0.44,0,0,1,1
0.242,0.374,0.44,0,0,1,1
0.245,0.374,0.44,0,0,1,1
0.248,0.374,0.44,0,0,1,1
0.251,0.374,0.44,0,0,1,1
0.254,0.374,0.44,0,0,1,1
0.257,0.374,0.44,0,0,1,1
0.26,0.374,0.44,0,0,1,1
0.263,0.374,0.44,0,0,1,1
0.266,0.374,0.44,0,0,1,1
0.269,0.374,0.44,0,0,1,1
0.272,0.374,0.44,0,0,1,1
0.275,0.374,0.44,0,0,1,1
0.278,0.374,0.44,0,0,1,1
0.281,0.374,0.44,0,0,1,1
0.284,0.374,0.44,0,0,1,1
0.287,0.374,0.44,0,0,1,1
0.29,0.374,0.44,0,0,1,1
0.293,0.374,0.44,0,0,1,1
0.296,0.374,0.44,0,0,1,1
0.299,0.374,0.44,0,0,1,1
0.302,0.374,0.44,0,0,1,1
0.305,0.374,0.44,0,0,1,1
0.308,0.374,0.44,0,0,1,1
0.311,0.374,0.44,0,0,1,1
0.314,0.374,0.44,0,0,1,1
0.317,0.374,0.44,0,0,1,1
0.32,0.374,0.44,0,0,1,1
0.323,0.374,0.44,0,0,1,1
0.326,0.374,0.44,0,0,1,1
0.329,0.374,0.44,0,0,1,1
0.332,0.374,0.44,0,0,1,1
0.335,0.374,0.44,0,0,1,1
0.338,0.374,0.44,0,0,1,1
0.341,0.374,0.44,0,0,1,1
0.14,0.371,0.44,0,0,1,1
0.143,0.371,0.44,0,0,1,1
0.146,0.371,0.44,0,0,1,1
0.149,0.371,0.44,0,0,1,1
0.152,0.371,0.44,0,0,1,1
0.155,0.371,0.44,0,0,1,1
0.158,0.371,0.44,0,0,1,1
0.161,0.371,0.44,0,0,1,1
0.164,0.371,0.44,0,0,1,1
0.167,0.371,0.44,0,0,1,1
0.17,0.371,0.44,0,0,1,1
0.173,0.371,0.44,0,0,1,1
0.176,0.371,0.44,0,0,1,1
0.179,0.371,0.44,0,0,1,1
0.182,0.371,0.44,0,0,1,1
0.185,0.371,0.44,0,0,1,1
0.188,0.371,0.44,0,0,1,1
0.191,0.371,0.44,0,0,1,1
0.194,0.371,0.44,0,0,1,1
0.197,0.371,0.44,0,0,1,1
0.2,0.371,0.44,0,0,1,1
0.203,0.371,0.44,0,0,1,1
0.206,0.371,0.44,0,0,1,1
0.209,0.371,0.44,0,0,1,1
0.212,0.371,0.44,0,0,1,1
0.215,0.371,0.44,0,0,1,1
0.218,0.371,0.44,0,0,1,1
0.221,0.371,0.44,0,0,1,1
0.224,0.371,0.44,0,0,1,1
0.227,0.371,0.44,0,0,1,1
0.23,0.371,0.44,0,0,1,1
0.233,0.371,0.44,0,0,1,1
0.236,0.371,0.44,0,0,1,1
0.239,0.371,0.44,0,0,1,1
0.242,0.371,0.44,0,0,1,1
0.245,0.371,0.44,0,0,1,1
0.248,0.371,0.44,0,0,1,1
0.251,0.371,0.44,0,0,1,1
0.254,0.371,0.44,0,0,1,1
0.257,0.371,0.44,0,0,1,1
0.26,0.371,0.44,0,0,1,1
0.263,0.371,0.44,0,0,1,1
0.266,0.371,0.44,0,0,1,1
0.269,0.371,0.44,0,0,1,1
0.272,0.371,0.44,0,0,1,1
0.275,0.371,0.44,0,0,1,1
0.278,0.371,0.44,0,0,1,1
0.281,0.371,0.44,0,0,1,1
0.284,0.371,0.44,0,0,1,1
0.287,0.371,0.44,0,0,1,1
0.29,0.371,0.44,0,0,1,1
0.293,0.371,0.44,0,0,1,1
0.296,0.371,0.44,0,0,1,1
0.299,0.371,0.44,0,0,1,1
0.302,0.371,0.44,0,0,1,1
0.305,0.371,0.44,0,0,1,1
0.308,0.371,0.44,0,0,1,1
0.311,0.371,0.44,0,0,1,1
0.314,0.371,0.44,0,0,1,1
0.317,0.371,0.44,0,0,1,1
0.32,0.371,0.44,0,0,1,1
0.323,0.371,0.44,0,0,1,1
0.326,0.371,0.44,0,0,1,1
0.329,0.371,0.44,0,0,1,1
0.332,0.371,0.44,0,0,1,1
0.335,0.371,0.44,0,0,1,1
0.338,0.371,0.44,0,0,1,1
0.341,0.371,0.44,0,0,1,1
0.14,0.368,0.44,0,0,1,1
0.143,0.368,0.44,0,0,1,1
0.146,0.368,0.44,0,0,1,1
0.149,0.368,0.44,0,0,1,1
0.152,0.368,0.44,0,0,1,1
0.155,0.368,0.44,0,0,1,1
0.158,0.368,0.44,0,0,1,1
0.161,0.368,0.44,0,0,1,1
0.164,0.368,0.44,0,0,1,1
0.167,0.368,0.44,0,0,1,1
0.17,0.368,0.44,0,0,1,1
0.173,0.368,0.44,0,0,1,1
0.176,0.368,0.44,0,0,1,1
0.179,0.368,0.44,0,0,1,1
0.182,0.368,0.44,0,0,1,1
0.185,0.368,0.44,0,0,1,1
0.188,0.368,0.44,0,0,1,1
0.191,0.368,0.44,0,0,1,1
0.194,0.368,0.44,0,0,1,1
0.197,0.368,0.44,0,0,1,1
0.2,0.368,0.44,0,0,1,1
0.203,0.368,0.44,0,0,1,1
0.206,0.368,0.44,0,0,1,1
0.209,0.368,0.44,0,0,1,1
0.212,0.368,0.44,0,0,1,1
0.215,0.368,0.44,0,0,1,1
0.218,0.368,0.44,0,0,1,1
0.221,0.368,0.44,0,0,1,1
0.224,0.368,0.44,0,0,1,1
0.227,0.368,0.44,0,0,1,1
0.23,0.368,0.44,0,0,1,1
0.233,0.368,0.44,0,0,1,1
0.236,0.368,0.44,0,0,1,1
0.239,0.368,0.44,0,0,1,1
0.242,0.368,0.44,0,0,1,1
0.245,0.368,0.44,0,0,1,1
0.248,0.368,0.44,0,0,1,1
0.251,0.368,0.44,0,0,1,1
0.254,0.368,0.44,0,0,1,1
0.257,0.368,0.44,0,0,1,1
0.26,0.368,0.44,0,0,1,1
0.263,0.368,0.44,0,0,1,1
0.266,0.368,0.44,0,0,1,1
0.269,0.368,0.44,0,0,1,1
0.272,0.368,0.44,0,0,1,1
0.275,0.368,0.44,0,0,1,1
0.278,0.368,0.44,0,0,1,1
0.281,0.368,0.44,0,0,1,1
0.284,0.368,0.44,0,0,1,1
0.287,0.368,0.44,0,0,1,1
0.29,0.368,0.44,0,0,1,1
0.293,0.368,0.44,0,0,1,1
0.296,0.368,0.44,0,0,1,1
0.299,0.368,0.44,0,0,1,1
0.302,0.368,0.44,0,0,1,1
0.305,0.368,0.44,0,0,1,1
0.308,0.368,0.44,0,0,1,1
0.311,0.368,0.44,0,0,1,1
0.314,0.368,0.44,0,0,1,1
0.317,0.368,0.44,0,0,1,1
0.32,0.368,0.44,0,0,1,1
0.323,0.368,0.44,0,0,1,1
0.326,0.368,0.44,0,0,1,1
0.329,0.368,0.44,0,0,1,1
0.332,0.368,0.44,0,0,1,1
0.335,0.368,0.44,0,0,1,1
0.338,0.368,0.44,0,0,1,1
0.341,0.368,0.44,0,0,1,1
0.14,0.365,0.44,0,0,1,1
0.143,0.365,0.44,0,0,1,1
0.146,0.365,0.44,0,0,1,1
0.149,0.365,0.44,0,0,1,1
0.152,0.365,0.44,0,0,1,1
0.155,0.365,0.44,0,0,1,1
0.158,0.365,0.44,0,0,1,1
0.161,0.365,0.44,0,0,1,1
0.164,0.365,0.44,0,0,1,1
0.167,0.365,0.44,0,0,1,1
0.17,0.365,0.44,0,0,1,1
0.173,0.365,0.44,0,0,1,1
0.176,0.365,0.44,0,0,1,1
0.179,0.365,0.44,0,0,1,1
0.182,0.365,0.44,0,0,1,1
0.185,0.365,0.44,0,0,1,1
0.188,0.365,0.44,0,0,1,1
0.191,0.365,0.44,0,0,1,1
0.194,0.365,0.44,0,0,1,1
0.197,0.365,0.44,0,0,1,1
0.2,0.365,0.44,0,0,1,1
0.203,0.365,0.44,0,0,1,1
0.206,0.365,0.44,0,0,1,1
0.209,0.365,0.44,0,0,1,1
0.212,0.365,0.44,0,0,1,1
0.215,0.365,0.44,0,0,1,1
0.218,0.365,0.44,0,0,1,1
0.221,0.365,0.44,0,0,1,1
0.224,0.365,0.44,0,0,1,1
0.227,0.365,0.44,0,0,1,1
0.23,0.365,0.44,0,0,1,1
0.233,0.365,0.44,0,0,1,1
0.236,0.365,0.44,0,0,1,1
0.239,0.365,0.44,0,0,1,1
0.242,0.365,0.44,0,0,1,1
0.245,0.365,0.44,0,0,1,1
0.248,0.365,0.44,0,0,1,1
0.251,0.365,0.44,0,0,1,1
0.254,0.365,0.44,0,0,1,1
0.257,0.365,0.44,0,0,1,1
0.26,0.365,0.44,0,0,1,1
0.263,0.365,0.44,0,0,1,1
0.266,0.365,0.44,0,0,1,1
0.269,0.365,0.44,0,0,1,1
0.272,0.365,0.44,0,0,1,1
0.275,0.365,0.44,0,0,1,1
0.278,0.365,0.44,0,0,1,1
0.281,0.365,0.44,0,0,1,1
0.284,0.365,0.44,0,0,1,1
0.287,0.365,0.44,0,0,1,1
0.29,0.365,0.44,0,0,1,1
0.293,0.365,0.44,0,0,1,1
0.296,0.365,0.44,0,0,1,1
0.299,0.365,0.44,0,0,1,1
0.302,0.365,0.44,0,0,1,1
0.305,0.365,0.44,0,0,1,1
0.308,0.365,0.44,0,0,1,1
0.311,0.365,0.44,0,0,1,1
0.314,0.365,0.44,0,0,1,1
0.317,0.365,0.44,0,0,1,1
0.32,0.365,0.44,0,0,1,1
0.323,0.365,0.44,0,0,1,1
0.326,0.365,0.44,0,0,1,1
0.329,0.365,0.44,0,0,1,1
0.332,0.365,0.44,0,0,1,1
0.335,0.365,0.44,0,0,1,1
0.338,0.365,0.44,0,0,1,1
0.341,0.365,0.44,0,0,1,1
0.14,0.362,0.44,0,0,1,1
0.143,0.362,0.44,0,0,1,1
0.146,0.362,0.44,0,0,1,1
0.149,0.362,0.44,0,0,1,1
0.152,0.362,0.44,0,0,1,1
0.155,0.362,0.44,0,0,1,1
0.158,0.362,0.44,0,0,1,1
0.161,0.362,0.44,0,0,1,1
0.164,0.362,0.44,0,0,1,1
0.167,0.362,0.44,0,0,1,1
0.17,0.362,0.44,0,0,1,1
0.173,0.362,0.44,0,0,1,1
0.176,0.362,0.44,0,0,1,1
0.179,0.362,0.44,0,0,1,1
0.182,0.362,0.44,0,0,1,1
0.185,0.362,0.44,0,0,1,1
0.188,0.362,0.44,0,0,1,1
0.191,0.362,0.44,0,0,1,1
0.194,0.362,0.44,0,0,1,1
0.197,0.362,0.44,0,0,1,1
0.2,0.362,0.44,0,0,1,1
0.203,0.362,0.44,0,0,1,1
0.206,0.362,0.44,0,0,1,1
0.209,0.362,0.44,0,0,1,1
0.212,0.362,0.44,0,0,1,1
0.215,0.362,0.44,0,0,1,1
0.218,0.362,0.44,0,0,1,1
0.221,0.362,0.44,0,0,1,1
0.224,0.362,0.44,0,0,1,1
0.227,0.362,0.44,0,0,1,1
0.23,0.362,0.44,0,0,1,1
0.233,0.362,0.44,0,0,1,1
0.236,0.362,0.44,0,0,1,1
0.239,0.362,0.44,0,0,1,1
0.242,0.362,0.44,0,0,1,1
0.245,0.362,0.44,0,0,1,1
0.248,0.362,0.44,0,0,1,1
0.251,0.362,0.44,0,0,1,1
0.254,0.362,0.44,0,0,1,1
0.257,0.362,0.44,0,0,1,1
0.26,0.362,0.44,0,0,1,1
0.263,0.362,0.44,0,0,1,1
0.266,0.362,0.44,0,0,1,1
0.269,0.362,0.44,0,0,1,1
0.272,0.362,0.44,0,0,1,1
0.275,0.362,0.44,0,0,1,1
0.278,0.362,0.44,0,0,1,1
0.281,0.362,0.44,0,0,1,1
0.284,0.362,0.44,0,0,1,1
0.287,0.362,0.44,0,0,1,1
0.29,0.362,0.44,0,0,1,1
0.293,0.362,0.44,0,0,1,1
0.296,0.362,0.44,0,0,1,1
0.299,0.362,0.44,0,0,1,1
0.302,0.362,0.44,0,0,1,1
0.305,0.362,0.44,0,0,1,1
0.308,0.362,0.44,0,0,1,1
0.311,0.362,0.44,0,0,1,1
0.314,0.362,0.44,0,0,1,1
0.317,0.362,0.44,0,0,1,1
0.32,0.362,0.44,0,0,1,1
0.323,0.362,0.44,0,0,1,1
0.326,0.362,0.44,0,0,1,1
0.329,0.362,0.44,0,0,1,1
0.332,0.362,0.44,0,0,1,1
0.335,0.362,0.44,0,0,1,1
0.338,0.362,0.44,0,0,1,1
0.341,0.362,0.44,0,0,1,1
0.14,0.359,0.44,0,0,1,1
0.143,0.359,0.44,0,0,1,1
0.146,0.359,0.44,0,0,1,1
0.149,0.359,0.44,0,0,1,1
0.152,0.359,0.44,0,0,1,1
0.155,0.359,0.44,0,0,1,1
0.158,0.359,0.44,0,0,1,1
0.161,0.359,0.44,0,0,1,1
0.164,0.359,0.44,0,0,1,1
0.167,0.359,0.44,0,0,1,1
0.17,0.359,0.44,0,0,1,1
0.173,0.359,0.44,0,0,1,1
0.176,0.359,0.44,0,0,1,1
0.179,0.359,0.44,0,0,1,1
0.182,0.359,0.44,0,0,1,1
0.185,0.359,0.44,0,0,1,1
0.188,0.359,0.44,0,0,1,1
0.191,0.359,0.44,0,0,1,1
0.194,0.359,0.44,0,0,1,1
0.197,0.359,0.44,0,0,1,1
0.2,0.359,0.44,0,0,1,1
0.203,0.359,0.44,0,0,1,1
0.206,0.359,0.44,0,0,1,1
0.209,0.359,0.44,0,0,1,1
0.212,0.359,0.44,0,0,1,1
0.215,0.359,0.44,0,0,1,1
0.218,0.359,0.44,0,0,1,1
0.221,0.359,0.44,0,0,1,1
0.224,0.359,0.44,0,0,1,1
0.227,0.359,0.44,0,0,1,1
0.23,0.359,0.44,0,0,1,1
0.233,0.359,0.44,0,0,1,1
0.236,0.359,0.44,0,0,1,1
0.239,0.359,0.44,0,0,1,1
0.242,0.359,0.44,0,0,1,1
0.245,0.359,0.44,0,0,1,1
0.248,0.359,0.44,0,0,1,1
0.251,0.359,0.44,0,0,1,1
0.254,0.359,0.44,0,0,1,1
0.257,0.359,0.44,0,0,1,1
0.26,0.359,0.44,0,0,1,1
0.263,0.359,0.44,0,0,1,1
0.266,0.359,0.44,0,0,1,1
0.269,0.359,0.44,0,0,1,1
0.272,0.359,0.44,0,0,1,1
0.275,0.359,0.44,0,0,1,1
0.278,0.359,0.44,0,0,1,1
0.281,0.359,0.44,0,0,1,1
0.284,0.359,0.44,0,0,1,1
0.287,0.359,0.44,0,0,1,1
0.29,0.359,0.44,0,0,1,1
0.293,0.359,0.44,0,0,1,1
0.296,0.359,0.44,0,0,1,1
0.299,0.359,0.44,0,0,1,1
0.302,0.359,0.44,0,0,1,1
0.305,0.359,0.44,0,0,1,1
0.308,0.359,0.44,0,0,1,1
0.311,0.359,0.44,0,0,1,1
0.314,0.359,0.44,0,0,1,1
0.317,0.359,0.44,0,0,1,1
0.32,0.359,0.44,0,0,1,1
0.323,0.359,0.44,0,0,1,1
0.326,0.359,0.44,0,0,1,1
0.329,0.359,0.44,0,0,1,1
0.332,0.359,0.44,0,0,1,1
0.335,0.359,0.44,0,0,1,1
0.338,0.359,0.44,0,0,1,1
0.341,0.359,0.44,0,0,1,1
0.14,0.356,0.44,0,0,1,1
0.143,0.356,0.44,0,0,1,1
0.146,0.356,0.44,0,0,1,1
0.149,0.356,0.44,0,0,1,1
0.152,0.356,0.44,0,0,1,1
0.155,0.356,0.44,0,0,1,1
0.158,0.356,0.44,0,0,1,1
0.161,0.356,0.44,0,0,1,1
0.164,0.356,0.44,0,0,1,1
0.167,0.356,0.44,0,0,1,1
0.17,0.356,0.44,0,0,1,1
0.173,0.356,0.44,0,0,1,1
0.176,0.356,0.44,0,0,1,1
0.179,0.356,0.44,0,0,1,1
0.182,0.356,0.44,0,0,1,1
0.185,0.356,0.44,0,0,1,1
0.188,0.356,0.44,0,0,1,1
0.191,0.356,0.44,0,0,1,1
0.194,0.356,0.44,0,0,1,1
0.197,0.356,0.44,0,0,1,1
0.2,0.356,0.44,0,0,1,1
0.203,0.356,0.44,0,0,1,1
0.206,0.356,0.44,0,0,1,1
0.209,0.356,0.44,0,0,1,1
0.212,0.356,0.44,0,0,1,1
0.215,0.356,0.44,0,0,1,1
0.218,0.356,0.44,0,0,1,1
0.221,0.356,0.44,0,0,1,1
0.224,0.356,0.44,0,0,1,1
0.227,0.356,0.44,0,0,1,1
0.23,0.356,0.44,0,0,1,1
0.233,0.356,0.44,0,0,1,1
0.236,0.356,0.44,0,0,1,1
0.239,0.356,0.44,0,0,1,1
0.242,0.356,0.44,0,0,1,1
0.245,0.356,0.44,0,0,1,1
0.248,0.356,0.44,0,0,1,1
0.251,0.356,0.44,0,0,1,1
0.254,0.356,0.44,0,0,1,1
0.257,0.356,0.44,0,0,1,1
0.26,0.356,0.44,0,0,1,1
0.263,0.356,0.44,0,0,1,1
0.266,0.356,0.44,0,0,1,1
0.269,0.356,0.44,0,0,1,1
0.272,0.356,0.44,0,0,1,1
0.275,0.356,0.44,0,0,1,1
0.278,0.356,0.44,0,0,1,1
0.281,0.356,0.44,0,0,1,1
0.284,0.356,0.44,0,0,1,1
0.287,0.356,0.44,0,0,1,1
0.29,0.356,0.44,0,0,1,1
0.293,0.356,0.44,0,0,1,1
0.296,0.356,0.44,0,0,1,1
0.299,0.356,0.44,0,0,1,1
0.302,0.356,0.44,0,0,1,1
0.305,0.356,0.44,0,0,1,1
0.308,0.356,0.44,0,0,1,1
0.311,0.356,0.44,0,0,1,1
0.314,0.356,0.44,0,0,1,1
0.317,0.356,0.44,0,0,1,1
0.32,0.356,0.44,0,0,1,1
0.323,0.356,0.44,0,0,1,1
0.326,0.356,0.44,0,0,1,1
0.329,0.356,0.44,0,0,1,1
0.332,0.356,0.44,0,0,1,1
0.335,0.356,0.44,0,0,1,1
0.338,0.356,0.44,0,0,1,1
0.341,0.356,0.44,0,0,1,1
0.14,0.353,0.44,0,0,1,1
0.143,0.353,0.44,0,0,1,1
0.146,0.353,0.44,0,0,1,1
0.149,0.353,0.44,0,0,1,1
0.152,0.353,0.44,0,0,1,1
0.155,0.353,0.44,0,0,1,1
0.158,0.353,0.44,0,0,1,1
0.161,0.353,0.44,0,0,1,1
0.164,0.353,0.44,0,0,1,1
0.167,0.353,0.44,0,0,1,1
0.17,0.353,0.44,0,0,1,1
0.173,0.353,0.44,0,0,1,1
0.176,0.353,0.44,0,0,1,1
0.179,0.353,0.44,0,0,1,1
0.182,0.353,0.44,0,0,1,1
0.185,0.353,0.44,0,0,1,1
0.188,0.353,0.44,0,0,1,1
0.191,0.353,0.44,0,0,1,1
0.194,0.353,0.44,0,0,1,1
0.197,0.353,0.44,0,0,1,1
0.2,0.353,0.44,0,0,1,1
0.203,0.353,0.44,0,0,1,1
0.206,0.353,0.44,0,0,1,1
0.209,0.353,0.44,0,0,1,1
0.212,0.353,0.44,0,0,1,1
0.215,0.353,0.44,0,0,1,1
0.218,0.353,0.44,0,0,1,1
0.221,0.353,0.44,0,0,1,1
0.224,0.353,0.44,0,0,1,1
0.227,0.353,0.44,0,0,1,1
0.23,0.353,0.44,0,0,1,1
0.233,0.353,0.44,0,0,1,1
0.236,0.353,0.44,0,0,1,1
0.239,0.353,0.44,0,0,1,1
0.242,0.353,0.44,0,0,1,1
0.245,0.353,0.44,0,0,1,1
0.248,0.353,0.44,0,0,1,1
0.251,0.353,0.44,0,0,1,1
0.254,0.353,0.44,0,0,1,1
0.257,0.353,0.44,0,0,1,1
0.26,0.353,0.44,0,0,1,1
0.263,0.353,0.44,0,0,1,1
0.266,0.353,0.44,0,0,1,1
0.269,0.353,0.44,0,0,1,1
0.272,0.353,0.44,0,0,1,1
0.275,0.353,0.44,0,0,1,1
0.278,0.353,0.44,0,0,1,1
0.281,0.353,0.44,0,0,1,1
0.284,0.353,0.44,0,0,1,1
0.287,0.353,0.44,0,0,1,1
0.29,0.353,0.44,0,0,1,1
0.293,0.353,0.44,0,0,1,1
0.296,0.353,0.44,0,0,1,1
0.299,0.353,0.44,0,0,1,1
0.302,0.353,0.44,0,0,1,1
0.305,0.353,0.44,0,0,1,1
0.308,0.353,0.44,0,0,1,1
0.311,0.353,0.44,0,0,1,1
0.314,0.353,0.44,0,0,1,1
0.317,0.353,0.44,0,0,1,1
0.32,0.353,0.44,0,0,1,1
0.323,0.353,0.44,0,0,1,1
0.326,0.353,0.44,0,0,1,1
0.329,0.353,0.44,0,0,1,1
0.332,0.353,0.44,0,0,1,1
0.335,0.353,0.44,0,0,1,1
0.338,0.353,0.44,0,0,1,1
0.341,0.353,0.44,0,0,1,1
0.14,0.35,0.44,0,0,1,1
0.143,0.35,0.44,0,0,1,1
0.146,0.35,0.44,0,0,1,1
0.149,0.35,0.44,0,0,1,1
0.152,0.35,0.44,0,0,1,1
0.155,0.35,0.44,0,0,1,1
0.158,0.35,0.44,0,0,1,1
0.161,0.35,0.44,0,0,1,1
0.164,0.35,0.44,0,0,1,1
0.167,0.35,0.44,0,0,1,1
0.17,0.35,0.44,0,0,1,1
0.173,0.35,0.44,0,0,1,1
0.176,0.35,0.44,0,0,1,1
0.179,0.35,0.44,0,0,1,1
0.182,0.35,0.44,0,0,1,1
0.185,0.35,0.44,0,0,1,1
0.188,0.35,0.44,0,0,1,1
0.191,0.35,0.44,0,0,1,1
0.194,0.35,0.44,0,0,1,1
0.197,0.35,0.44,0,0,1,1
0.2,0.35,0.44,0,0,1,1
0.203,0.35,0.44,0,0,1,1
0.206,0.35,0.44,0,0,1,1
0.209,0.35,0.44,0,0,1,1
0.212,0.35,0.44,0,0,1,1
0.215,0.35,0.44,0,0,1,1
0.218,0.35,0.44,0,0,1,1
0.221,0.35,0.44,0,0,1,1
0.224,0.35,0.44,0,0,1,1
0.227,0.35,0.44,0,0,1,1
0.23,0.35,0.44,0,0,1,1
0.233,0.35,0.44,0,0,1,1
0.236,0.35,0.44,0,0,1,1
0.239,0.35,0.44,0,0,1,1
0.242,0.35,0.44,0,0,1,1
0.245,0.35,0.44,0,0,1,1
0.248,0.35,0.44,0,0,1,1
0.251,0.35,0.44,0,0,1,1
0.254,0.35,0.44,0,0,1,1
0.257,0.35,0.44,0,0,1,1
0.26,0.35,0.44,0,0,1,1
0.263,0.35,0.44,0,0,1,1
0.266,0.35,0.44,0,0,1,1
0.269,0.35,0.44,0,0,1,1
0.272,0.35,0.44,0,0,1,1
0.275,0.35,0.44,0,0,1,1
0.278,0.35,0.44,0,0,1,1
0.281,0.35,0.44,0,0,1,1
0.284,0.35,0.44,0,0,1,1
0.287,0.35,0.44,0,0,1,1
0.29,0.35,0.44,0,0,1,1
0.293,0.35,0.44,0,0,1,1
0.296,0.35,0.44,0,0,1,1
0.299,0.35,0.44,0,0,1,1
0.302,0.35,0.44,0,0,1,1
0.305,0.35,0.44,0,0,1,1
0.308,0.35,0.44,0,0,1,1
0.311,0.35,0.44,0,0,1,1
0.314,0.35,0.44,0,0,1,1
0.317,0.35,0.44,0,0,1,1
0.32,0.35,0.44,0,0,1,1
0.323,0.35,0.44,0,0,1,1
0.326,0.35,0.44,0,0,1,1
0.329,0.35,0.44,0,0,1,1
0.332,0.35,0.44,0,0,1,1
0.335,0.35,0.44,0,0,1,1
0.338,0.35,0.44,0,0,1,1
0.341,0.35,0.44,0,0,1,1
0.14,0.347,0.44,0,0,1,1
0.143,0.347,0.44,0,0,1,1
0.146,0.347,0.44,0,0,1,1
0.149,0.347,0.44,0,0,1,1
0.152,0.347,0.44,0,0,1,1
0.155,0.347,0.44,0,0,1,1
0.158,0.347,0.44,0,0,1,1
0.161,0.347,0.44,0,0,1,1
0.164,0.347,0.44,0,0,1,1
0.167,0.347,0.44,0,0,1,1
0.17,0.347,0.44,0,0,1,1
0.173,0.347,0.44,0,0,1,1
0.176,0.347,0.44,0,0,1,1
0.179,0.347,0.44,0,0,1,1
0.182,0.347,0.44,0,0,1,1
0.185,0.347,0.44,0,0,1,1
0.188,0.347,0.44,0,0,1,1
0.191,0.347,0.44,0,0,1,1
0.194,0.347,0.44,0,0,1,1
0.197,0.347,0.44,0,0,1,1
0.2,0.347,0.44,0,0,1,1
0.203,0.347,0.44,0,0,1,1
0.206,0.347,0.44,0,0,1,1
0.209,0.347,0.44,0,0,1,1
0.212,0.347,0.44,0,0,1,1
0.215,0.347,0.44,0,0,1,1
0.218,0.347,0.44,0,0,1,1
0.221,0.347,0.44,0,0,1,1
0.224,0.347,0.44,0,0,1,1
0.227,0.347,0.44,0,0,1,1
0.23,0.347,0.44,0,0,1,1
0.233,0.347,0.44,0,0,1,1
0.236,0.347,0.44,0,0,1,1
0.239,0.347,0.44,0,0,1,1
0.242,0.347,0.44,0,0,1,1
0.245,0.347,0.44,0,0,1,1
0.248,0.347,0.44,0,0,1,1
0.251,0.347,0.44,0,0,1,1
0.254,0.347,0.44,0,0,1,1
0.257,0.347,0.44,0,0,1,1
0.26,0.347,0.44,0,0,1,1
0.263,0.347,0.44,0,0,1,1
0.266,0.347,0.44,0,0,1,1
0.269,0.347,0.44,0,0,1,1
0.272,0.347,0.44,0,0,1,1
0.275,0.347,0.44,0,0,1,1
0.278,0.347,0.44,0,0,1,1
0.281,0.347,0.44,0,0,1,1
0.284,0.347,0.44,0,0,1,1
0.287,0.347,0.44,0,0,1,1
0.29,0.347,0.44,0,0,1,1
0.293,0.347,0.44,0,0,1,1
0.296,0.347,0.44,0,0,1,1
0.299,0.347,0.44,0,0,1,1
0.302,0.347,0.44,0,0,1,1
0.305,0.347,0.44,0,0,1,1
0.308,0.347,0.44,0,0,1,1
0.311,0.347,0.44,0,0,1,1
0.314,0.347,0.44,0,0,1,1
0.317,0.347,0.44,0,0,1,1
0.32,0.347,0.44,0,0,1,1
0.323,0.347,0.44,0,0,1,1
0.326,0.347,0.44,0,0,1,1
0.329,0.347,0.44,0,0,1,1
0.332,0.347,0.44,0,0,1,1
0.335,0.347,0.44,0,0,1,1
0.338,0.347,0.44,0,0,1,1
0.341,0.347,0.44,0,0,1,1
0.14,0.344,0.44,0,0,1,1
0.143,0.344,0.44,0,0,1,1
0.146,0.344,0.44,0,0,1,1
0.149,0.344,0.44,0,0,1,1
0.152,0.344,0.44,0,0,1,1
0.155,0.344,0.44,0,0,1,1
0.158,0.344,0.44,0,0,1,1
0.161,0.344,0.44,0,0,1,1
0.164,0.344,0.44,0,0,1,1
0.167,0.344,0.44,0,0,1,1
0.17,0.344,0.44,0,0,1,1
0.173,0.344,0.44,0,0,1,1
0.176,0.344,0.44,0,0,1,1
0.179,0.344,0.44,0,0,1,1
0.182,0.344,0.44,0,0,1,1
0.185,0.344,0.44,0,0,1,1
0.188,0.344,0.44,0,0,1,1
0.191,0.344,0.44,0,0,1,1
0.194,0.344,0.44,0,0,1,1
0.197,0.344,0.44,0,0,1,1
0.2,0.344,0.44,0,0,1,1
0.203,0.344,0.44,0,0,1,1
0.206,0.344,0.44,0,0,1,1
0.209,0.344,0.44,0,0,1,1
0.212,0.344,0.44,0,0,1,1
0.215,0.344,0.44,0,0,1,1
0.218,0.344,0.44,0,0,1,1
0.221,0.344,0.44,0,0,1,1
0.224,0.344,0.44,0,0,1,1
0.227,0.344,0.44,0,0,1,1
0.23,0.344,0.44,0,0,1,1
0.233,0.344,0.44,0,0,1,1
0.236,0.344,0.44,0,0,1,1
0.239,0.344,0.44,0,0,1,1
0.242,0.344,0.44,0,0,1,1
0.245,0.344,0.44,0,0,1,1
0.248,0.344,0.44,0,0,1,1
0.251,0.344,0.44,0,0,1,1
0.254,0.344,0.44,0,0,1,1
0.257,0.344,0.44,0,0,1,1
0.26,0.344,0.44,0,0,1,1
0.263,0.344,0.44,0,0,1,1
0.266,0.344,0.44,0,0,1,1
0.269,0.344,0.44,0,0,1,1
0.272,0.344,0.44,0,0,1,1
0.275,0.344,0.44,0,0,1,1
0.278,0.344,0.44,0,0,1,1
0.281,0.344,0.44,0,0,1,1
0.284,0.344,0.44,0,0,1,1
0.287,0.344,0.44,0,0,1,1
0.29,0.344,0.44,0,0,1,1
0.293,0.344,0.44,0,0,1,1
0.296,0.344,0.44,0,0,1,1
0.299,0.344,0.44,0,0,1,1
0.302,0.344,0.44,0,0,1,1
0.305,0.344,0.44,0,0,1,1
0.308,0.344,0.44,0,0,1,1
0.311,0.344,0.44,0,0,1,1
0.314,0.344,0.44,0,0,1,1
0.317,0.344,0.44,0,0,1,1
0.32,0.344,0.44,0,0,1,1
0.323,0.344,0.44,0,0,1,1
0.326,0.344,0.44,0,0,1,1
0.329,0.344,0.44,0,0,1,1
0.332,0.344,0.44,0,0,1,1
0.335,0.344,0.44,0,0,1,1
0.338,0.344,0.44,0,0,1,1
0.341,0.344,0.44,0,0,1,1
0.14,0.341,0.44,0,0,1,1
0.143,0.341,0.44,0,0,1,1
0.146,0.341,0.44,0,0,1,1
0.149,0.341,0.44,0,0,1,1
0.152,0.341,0.44,0,0,1,1
0.155,0.341,0.44,0,0,1,1
0.158,0.341,0.44,0,0,1,1
0.161,0.341,0.44,0,0,1,1
0.164,0.341,0.44,0,0,1,1
0.167,0.341,0.44,0,0,1,1
0.17,0.341,0.44,0,0,1,1
0.173,0.341,0.44,0,0,1,1
0.176,0.341,0.44,0,0,1,1
0.179,0.341,0.44,0,0,1,1
0.182,0.341,0.44,0,0,1,1
0.185,0.341,0.44,0,0,1,1
0.188,0.341,0.44,0,0,1,1
0.191,0.341,0.44,0,0,1,1
0.194,0.341,0.44,0,0,1,1
0.197,0.341,0.44,0,0,1,1
0.2,0.341,0.44,0,0,1,1
0.203,0.341,0.44,0,0,1,1
0.206,0.341,0.44,0,0,1,1
0.209,0.341,0.44,0,0,1,1
0.212,0.341,0.44,0,0,1,1
0.215,0.341,0.44,0,0,1,1
0.218,0.341,0.44,0,0,1,1
0.221,0.341,0.44,0,0,1,1
0.224,0.341,0.44,0,0,1,1
0.227,0.341,0.44,0,0,1,1
0.23,0.341,0.44,0,0,1,1
0.233,0.341,0.44,0,0,1,1
0.236,0.341,0.44,0,0,1,1
0.239,0.341,0.44,0,0,1,1
0.242,0.341,0.44,0,0,1,1
0.245,0.341,0.44,0,0,1,1
0.248,0.341,0.44,0,0,1,1
0.251,0.341,0.44,0,0,1,1
0.254,0.341,0.44,0,0,1,1
0.257,0.341,0.44,0,0,1,1
0.26,0.341,0.44,0,0,1,1
0.263,0.341,0.44,0,0,1,1
0.266,0.341,0.44,0,0,1,1
0.269,0.341,0.44,0,0,1,1
0.272,0.341,0.44,0,0,1,1
0.275,0.341,0.44,0,0,1,1
0.278,0.341,0.44,0,0,1,1
0.281,0.341,0.44,0,0,1,1
0.284,0.341,0.44,0,0,1,1
0.287,0.341,0.44,0,0,1,1
0.29,0.341,0.44,0,0,1,1
0.293,0.341,0.44,0,0,1,1
0.296,0.341,0.44,0,0,1,1
0.299,0.341,0.44,0,0,1,1
0.302,0.341,0.44,0,0,1,1
0.305,0.341,0.44,0,0,1,1
0.308,0.341,0.44,0,0,1,1
0.311,0.341,0.44,0,0,1,1
0.314,0.341,0.44,0,0,1,1
0.317,0.341,0.44,0,0,1,1
0.32,0.341,0.44,0,0,1,1
0.323,0.341,0.44,0,0,1,1
0.326,0.341,0.44,0,0,1,1
0.329,0.341,0.44,0,0,1,1
0.332,0.341,0.44,0,0,1,1
0.335,0.341,0.44,0,0,1,1
0.338,0.341,0.44,0,0,1,1
0.341,0.341,0.44,0,0,1,1
0.14,0.338,0.44,0,0,1,1
0.143,0.338,0.44,0,0,1,1
0.146,0.338,0.44,0,0,1,1
0.149,0.338,0.44,0,0,1,1
0.152,0.338,0.44,0,0,1,1
0.155,0.338,0.44,0,0,1,1
0.158,0.338,0.44,0,0,1,1
0.161,0.338,0.44,0,0,1,1
0.164,0.338,0.44,0,0,1,1
0.167,0.338,0.44,0,0,1,1
0.17,0.338,0.44,0,0,1,1
0.173,0.338,0.44,0,0,1,1
0.176,0.338,0.44,0,0,1,1
0.179,0.338,0.44,0,0,1,1
0.182,0.338,0.44,0,0,1,1
0.185,0.338,0.44,0,0,1,1
0.188,0.338,0.44,0,0,1,1
0.191,0.338,0.44,0,0,1,1
0.194,0.338,0.44,0,0,1,1
0.197,0.338,0.44,0,0,1,1
0.2,0.338,0.44,0,0,1,1
0.203,0.338,0.44,0,0,1,1
0.206,0.338,0.44,0,0,1,1
0.209,0.338,0.44,0,0,1,1
0.212,0.338,0.44,0,0,1,1
0.215,0.338,0.44,0,0,1,1
0.218,0.338,0.44,0,0,1,1
0.221,0.338,0.44,0,0,1,1
0.224,0.338,0.44,0,0,1,1
0.227,0.338,0.44,0,0,1,1
0.23,0.338,0.44,0,0,1,1
0.233,0.338,0.44,0,0,1,1
0.236,0.338,0.44,0,0,1,1
0.239,0.338,0.44,0,0,1,1
0.242,0.338,0.44,0,0,1,1
0.245,0.338,0.44,0,0,1,1
0.248,0.338,0.44,0,0,1,1
0.251,0.338,0.44,0,0,1,1
0.254,0.338,0.44,0,0,1,1
0.257,0.338,0.44,0,0,1,1
0.26,0.338,0.44,0,0,1,1
0.263,0.338,0.44,0,0,1,1
0.266,0.338,0.44,0,0,1,1
0.269,0.338,0.44,0,0,1,1
0.272,0.338,0.44,0,0,1,1
0.275,0.338,0.44,0,0,1,1
0.278,0.338,0.44,0,0,1,1
0.281,0.338,0.44,0,0,1,1
0.284,0.338,0.44,0,0,1,1
0.287,0.338,0.44,0,0,1,1
0.29,0.338,0.44,0,0,1,1
0.293,0.338,0.44,0,0,1,1
0.296,0.338,0.44,0,0,1,1
0.299,0.338,0.44,0,0,1,1
0.302,0.338,0.44,0,0,1,1
0.305,0.338,0.44,0,0,1,1
0.308,0.338,0.44,0,0,1,1
0.311,0.338,0.44,0,0,1,1
0.314,0.338,0.44,0,0,1,1
0.317,0.338,0.44,0,0,1,1
0.32,0.338,0.44,0,0,1,1
0.323,0.338,0.44,0,0,1,1
0.326,0.338,0.44,0,0,1,1
0.329,0.338,0.44,0,0,1,1
0.332,0.338,0.44,0,0,1,1
0.335,0.338,0.44,0,0,1,1
0.338,0.338,0.44,0,0,1,1
0.341,0.338,0.44,0,0,1,1
0.14,0.335,0.44,0,0,1,1
0.143,0.335,0.44,0,0,1,1
0.146,0.335,0.44,0,0,1,1
0.149,0.335,0.44,0,0,1,1
0.152,0.335,0.44,0,0,1,1
0.155,0.335,0.44,0,0,1,1
0.158,0.335,0.44,0,0,1,1
0.161,0.335,0.44,0,0,1,1
0.164,0.335,0.44,0,0,1,1
0.167,0.335,0.44,0,0,1,1
0.17,0.335,0.44,0,0,1,1
0.173,0.335,0.44,0,0,1,1
0.176,0.335,0.44,0,0,1,1
0.179,0.335,0.44,0,0,1,1
0.182,0.335,0.44,0,0,1,1
0.185,0.335,0.44,0,0,1,1
0.188,0.335,0.44,0,0,1,1
0.191,0.335,0.44,0,0,1,1
0.194,0.335,0.44,0,0,1,1
0.197,0.335,0.44,0,0,1,1
0.2,0.335,0.44,0,0,1,1
0.203,0.335,0.44,0,0,1,1
0.206,0.335,0.44,0,0,1,1
0.209,0.335,0.44,0,0,1,1
0.212,0.335,0.44,0,0,1,1
0.215,0.335,0.44,0,0,1,1
0.218,0.335,0.44,0,0,1,1
0.221,0.335,0.44,0,0,1,1
0.224,0.335,0.44,0,0,1,1
0.227,0.335,0.44,0,0,1,1
0.23,0.335,0.44,0,0,1,1
0.233,0.335,0.44,0,0,1,1
0.236,0.335,0.44,0,0,1,1
0.239,0.335,0.44,0,0,1,1
0.242,0.335,0.44,0,0,1,1
0.245,0.335,0.44,0,0,1,1
0.248,0.335,0.44,0,0,1,1
0.251,0.335,0.44,0,0,1,1
0.254,0.335,0.44,0,0,1,1
0.257,0.335,0.44,0,0,1,1
0.26,0.335,0.44,0,0,1,1
0.263,0.335,0.44,0,0,1,1
0.266,0.335,0.44,0,0,1,1
0.269,0.335,0.44,0,0,1,1
0.272,0.335,0.44,0,0,1,1
0.275,0.335,0.44,0,0,1,1
0.278,0.335,0.44,0,0,1,1
0.281,0.335,0.44,0,0,1,1
0.284,0.335,0.44,0,0,1,1
0.287,0.335,0.44,0,0,1,1
0.29,0.335,0.44,0,0,1,1
0.293,0.335,0.44,0,0,1,1
0.296,0.335,0.44,0,0,1,1
0.299,0.335,0.44,0,0,1,1
0.302,0.335,0.44,0,0,1,1
0.305,0.335,0.44,0,0,1,1
0.308,0.335,0.44,0,0,1,1
0.311,0.335,0.44,0,0,1,1
0.314,0.335,0.44,0,0,1,1
0.317,0.335,0.44,0,0,1,1
0.32,0.335,0.44,0,0,1,1
0.323,0.335,0.44,0,0,1,1
0.326,0.335,0.44,0,0,1,1
0.329,0.335,0.44,0,0,1,1
0.332,0.335,0.44,0,0,1,1
0.335,0.335,0.44,0,0,1,1
0.338,0.335,0.44,0,0,1,1
0.341,0.335,0.44,0,0,1,1
0.14,0.332,0.44,0,0,1,1
0.143,0.332,0.44,0,0,1,1
0.146,0.332,0.44,0,0,1,1
0.149,0.332,0.44,0,0,1,1
0.152,0.332,0.44,0,0,1,1
0.155,0.332,0.44,0,0,1,1
0.158,0.332,0.44,0,0,1,1
0.161,0.332,0.44,0,0,1,1
0.164,0.332,0.44,0,0,1,1
0.167,0.332,0.44,0,0,1,1
0.17,0.332,0.44,0,0,1,1
0.173,0.332,0.44,0,0,1,1
0.176,0.332,0.44,0,0,1,1
0.179,0.332,0.44,0,0,1,1
0.182,0.332,0.44,0,0,1,1
0.185,0.332,0.44,0,0,1,1
0.188,0.332,0.44,0,0,1,1
0.191,0.332,0.44,0,0,1,1
0.194,0.332,0.44,0,0,1,1
0.197,0.332,0.44,0,0,1,1
0.2,0.332,0.44,0,0,1,1
0.203,0.332,0.44,0,0,1,1
0.206,0.332,0.44,0,0,1,1
0.209,0.332,0.44,0,0,1,1
0.212,0.332,0.44,0,0,1,1
0.215,0.332,0.44,0,0,1,1
0.218,0.332,0.44,0,0,1,1
0.221,0.332,0.44,0,0,1,1
0.224,0.332,0.44,0,0,1,1
0.227,0.332,0.44,0,0,1,1
0.23,0.332,0.44,0,0,1,1
0.233,0.332,0.44,0,0,1,1
0.236,0.332,0.44,0,0,1,1
0.239,0.332,0.44,0,0,1,1
0.242,0.332,0.44,0,0,1,1
0.245,0.332,0.44,0,0,1,1
0.248,0.332,0.44,0,0,1,1
0.251,0.332,0.44,0,0,1,1
0.254,0.332,0.44,0,0,1,1
0.257,0.332,0.44,0,0,1,1
0.26,0.332,0.44,0,0,1,1
0.263,0.332,0.44,0,0,1,1
0.266,0.332,0.44,0,0,1,1
0.269,0.332,0.44,0,0,1,1
0.272,0.332,0.44,0,0,1,1
0.275,0.332,0.44,0,0,1,1
0.278,0.332,0.44,0,0,1,1
0.281,0.332,0.44,0,0,1,1
0.284,0.332,0.44,0,0,1,1
0.287,0.332,0.44,0,0,1,1
0.29,0.332,0.44,0,0,1,1
0.293,0.332,0.44,0,0,1,1
0.296,0.332,0.44,0,0,1,1
0.299,0.332,0.44,0,0,1,1
0.302,0.332,0.44,0,0,1,1
0.305,0.332,0.44,0,0,1,1
0.308,0.332,0.44,0,0,1,1
0.311,0.332,0.44,0,0,1,1
0.314,0.332,0.44,0,0,1,1
0.317,0.332,0.44,0,0,1,1
0.32,0.332,0.44,0,0,1,1
0.323,0.332,0.44,0,0,1,1
0.326,0.332,0.44,0,0,1,1
0.329,0.332,0.44,0,0,1,1
0.332,0.332,0.44,0,0,1,1
0.335,0.332,0.44,0,0,1,1
0.338,0.332,0.44,0,0,1,1
0.341,0.332,0.44,0,0,1,1
0.14,0.329,0.44,0,0,1,1
0.143,0.329,0.44,0,0,1,1
0.146,0.329,0.44,0,0,1,1
0.149,0.329,0.44,0,0,1,1
0.152,0.329,0.44,0,0,1,1
0.155,0.329,0.44,0,0,1,1
0.158,0.329,0.44,0,0,1,1
0.161,0.329,0.44,0,0,1,1
0.164,0.329,0.44,0,0,1,1
0.167,0.329,0.44,0,0,1,1
0.17,0.329,0.44,0,0,1,1
0.173,0.329,0.44,0,0,1,1
0.176,0.329,0.44,0,0,1,1
0.179,0.329,0.44,0,0,1,1
0.182,0.329,0.44,0,0,1,1
0.185,0.329,0.44,0,0,1,1
0.188,0.329,0.44,0,0,1,1
0.191,0.329,0.44,0,0,1,1
0.194,0.329,0.44,0,0,1,1
0.197,0.329,0.44,0,0,1,1
0.2,0.329,0.44,0,0,1,1
0.203,0.329,0.44,0,0,1,1
0.206,0.329,0.44,0,0,1,1
0.209,0.329,0.44,0,0,1,1
0.212,0.329,0.44,0,0,1,1
0.215,0.329,0.44,0,0,1,1
0.218,0.329,0.44,0,0,1,1
0.221,0.329,0.44,0,0,1,1
0.224,0.329,0.44,0,0,1,1
0.227,0.329,0.44,0,0,1,1
0.23,0.329,0.44,0,0,1,1
0.233,0.329,0.44,0,0,1,1
0.236,0.329,0.44,0,0,1,1
0.239,0.329,0.44,0,0,1,1
0.242,0.329,0.44,0,0,1,1
0.245,0.329,0.44,0,0,1,1
0.248,0.329,0.44,0,0,1,1
0.251,0.329,0.44,0,0,1,1
0.254,0.329,0.44,0,0,1,1
0.257,0.329,0.44,0,0,1,1
0.26,0.329,0.44,0,0,1,1
0.263,0.329,0.44,0,0,1,1
0.266,0.329,0.44,0,0,1,1
0.269,0.329,0.44,0,0,1,1
0.272,0.329,0.44,0,0,1,1
0.275,0.329,0.44,0,0,1,1
0.278,0.329,0.44,0,0,1,1
0.281,0.329,0.44,0,0,1,1
0.284,0.329,0.44,0,0,1,1
0.287,0.329,0.44,0,0,1,1
0.29,0.329,0.44,0,0,1,1
0.293,0.329,0.44,0,0,1,1
0.296,0.329,0.44,0,0,1,1
0.299,0.329,0.44,0,0,1,1
0.302,0.329,0.44,0,0,1,1
0.305,0.329,0.44,0,0,1,1
0.308,0.329,0.44,0,0,1,1
0.311,0.329,0.44,0,0,1,1
0.314,0.329,0.44,0,0,1,1
0.317,0.329,0.44,0,0,1,1
0.32,0.329,0.44,0,0,1,1
0.323,0.329,0.44,0,0,1,1
0.326,0.329,0.44,0,0,1,1
0.329,0.329,0.44,0,0,1,1
0.332,0.329,0.44,0,0,1,1
0.335,0.329,0.44,0,0,1,1
0.338,0.329,0.44,0,0,1,1
0.341,0.329,0.44,0,0,1,1
0.14,0.326,0.44,0,0,1,1
0.143,0.326,0.44,0,0,1,1
0.146,0.326,0.44,0,0,1,1
0.149,0.326,0.44,0,0,1,1
0.152,0.326,0.44,0,0,1,1
0.155,0.326,0.44,0,0,1,1
0.158,0.326,0.44,0,0,1,1
0.161,0.326,0.44,0,0,1,1
0.164,0.326,0.44,0,0,1,1
0.167,0.326,0.44,0,0,1,1
0.17,0.326,0.44,0,0,1,1
0.173,0.326,0.44,0,0,1,1
0.176,0.326,0.44,0,0,1,1
0.179,0.326,0.44,0,0,1,1
0.182,0.326,0.44,0,0,1,1
0.185,0.326,0.44,0,0,1,1
0.188,0.326,0.44,0,0,1,1
0.191,0.326,0.44,0,0,1,1
0.194,0.326,0.44,0,0,1,1
0.197,0.326,0.44,0,0,1,1
0.2,0.326,0.44,0,0,1,1
0.203,0.326,0.44,0,0,1,1
0.206,0.326,0.44,0,0,1,1
0.209,0.326,0.44,0,0,1,1
0.212,0.326,0.44,0,0,1,1
0.215,0.326,0.44,0,0,1,1
0.218,0.326,0.44,0,0,1,1
0.221,0.326,0.44,0,0,1,1
0.224,0.326,0.44,0,0,1,1
0.227,0.326,0.44,0,0,1,1
0.23,0.326,0.44,0,0,1,1
0.233,0.326,0.44,0,0,1,1
0.236,0.326,0.44,0,0,1,1
0.239,0.326,0.44,0,0,1,1
0.242,0.326,0.44,0,0,1,1
0.245,0.326,0.44,0,0,1,1
0.248,0.326,0.44,0,0,1,1
0.251,0.326,0.44,0,0,1,1
0.254,0.326,0.44,0,0,1,1
0.257,0.326,0.44,0,0,1,1
0.26,0.326,0.44,0,0,1,1
0.263,0.326,0.44,0,0,1,1
0.266,0.326,0.44,0,0,1,1
0.269,0.326,0.44,0,0,1,1
0.272,0.326,0.44,0,0,1,1
0.275,0.326,0.44,0,0,1,1
0.278,0.326,0.44,0,0,1,1
0.281,0.326,0.44,0,0,1,1
0.284,0.326,0.44,0,0,1,1
0.287,0.326,0.44,0,0,1,1
0.29,0.326,0.44,0,0,1,1
0.293,0.326,0.44,0,0,1,1
0.296,0.326,0.44,0,0,1,1
0.299,0.326,0.44,0,0,1,1
0.302,0.326,0.44,0,0,1,1
0.305,0.326,0.44,0,0,1,1
0.308,0.326,0.44,0,0,1,1
0.311,0.326,0.44,0,0,1,1
0.314,0.326,0.44,0,0,1,1
0.317,0.326,0.44,0,0,1,1
0.32,0.326,0.44,0,0,1,1
0.323,0.326,0.44,0,0,1,1
0.326,0.326,0.44,0,0,1,1
0.329,0.326,0.44,0,0,1,1
0.332,0.326,0.44,0,0,1,1
0.335,0.326,0.44,0,0,1,1
0.338,0.326,0.44,0,0,1,1
0.341,0.326,0.44,0,0,1,1
0.14,0.323,0.44,0,0,1,1
0.143,0.323,0.44,0,0,1,1
0.146,0.323,0.44,0,0,1,1
0.149,0.323,0.44,0,0,1,1
0.152,0.323,0.44,0,0,1,1
0.155,0.323,0.44,0,0,1,1
0.158,0.323,0.44,0,0,1,1
0.161,0.323,0.44,0,0,1,1
0.164,0.323,0.44,0,0,1,1
0.167,0.323,0.44,0,0,1,1
0.17,0.323,0.44,0,0,1,1
0.173,0.323,0.44,0,0,1,1
0.176,0.323,0.44,0,0,1,1
0.179,0.323,0.44,0,0,1,1
0.182,0.323,0.44,0,0,1,1
0.185,0.323,0.44,0,0,1,1
0.188,0.323,0.44,0,0,1,1
0.191,0.323,0.44,0,0,1,1
0.194,0.323,0.44,0,0,1,1
0.197,0.323,0.44,0,0,1,1
0.2,0.323,0.44,0,0,1,1
0.203,0.323,0.44,0,0,1,1
0.206,0.323,0.44,0,0,1,1
0.209,0.323,0.44,0,0,1,1
0.212,0.323,0.44,0,0,1,1
0.215,0.323,0.44,0,0,1,1
0.218,0.323,0.44,0,0,1,1
0.221,0.323,0.44,0,0,1,1
0.224,0.323,0.44,0,0,1,1
0.227,0.323,0.44,0,0,1,1
0.23,0.323,0.44,0,0,1,1
0.233,0.323,0.44,0,0,1,1
0.236,0.323,0.44,0,0,1,1
0.239,0.323,0.44,0,0,1,1
0.242,0.323,0.44,0,0,1,1
0.245,0.323,0.44,0,0,1,1
0.248,0.323,0.44,0,0,1,1
0.251,0.323,0.44,0,0,1,1
0.254,0.323,0.44,0,0,1,1
0.257,0.323,0.44,0,0,1,1
0.26,0.323,0.44,0,0,1,1
0.263,0.323,0.44,0,0,1,1
0.266,0.323,0.44,0,0,1,1
0.269,0.323,0.44,0,0,1,1
0.272,0.323,0.44,0,0,1,1
0.275,0.323,0.44,0,0,1,1
0.278,0.323,0.44,0,0,1,1
0.281,0.323,0.44,0,0,1,1
0.284,0.323,0.44,0,0,1,1
0.287,0.323,0.44,0,0,1,1
0.29,0.323,0.44,0,0,1,1
0.293,0.323,0.44,0,0,1,1
0.296,0.323,0.44,0,0,1,1
0.299,0.323,0.44,0,0,1,1
0.302,0.323,0.44,0,0,1,1
0.305,0.323,0.44,0,0,1,1
0.308,0.323,0.44,0,0,1,1
0.311,0.323,0.44,0,0,1,1
0.314,0.323,0.44,0,0,1,1
0.317,0.323,0.44,0,0,1,1
0.32,0.323,0.44,0,0,1,1
0.323,0.323,0.44,0,0,1,1
0.326,0.323,0.44,0,0,1,1
0.329,0.323,0.44,0,0,1,1
0.332,0.323,0.44,0,0,1,1
0.335,0.323,0.44,0,0,1,1
0.338,0.323,0.44,0,0,1,1
0.341,0.323,0.44,0,0,1,1
0.14,0.32,0.44,0,0,1,1
0.143,0.32,0.44,0,0,1,1
0.146,0.32,0.44,0,0,1,1
0.149,0.32,0.44,0,0,1,1
0.152,0.32,0.44,0,0,1,1
0.155,0.32,0.44,0,0,1,1
0.158,0.32,0.44,0,0,1,1
0.161,0.32,0.44,0,0,1,1
0.164,0.32,0.44,0,0,1,1
0.167,0.32,0.44,0,0,1,1
0.17,0.32,0.44,0,0,1,1
0.173,0.32,0.44,0,0,1,1
0.176,0.32,0.44,0,0,1,1
0.179,0.32,0.44,0,0,1,1
0.182,0.32,0.44,0,0,1,1
0.185,0.32,0.44,0,0,1,1
0.188,0.32,0.44,0,0,1,1
0.191,0.32,0.44,0,0,1,1
0.194,0.32,0.44,0,0,1,1
0.197,0.32,0.44,0,0,1,1
0.2,0.32,0.44,0,0,1,1
0.203,0.32,0.44,0,0,1,1
0.206,0.32,0.44,0,0,1,1
0.209,0.32,0.44,0,0,1,1
0.212,0.32,0.44,0,0,1,1
0.215,0.32,0.44,0,0,1,1
0.218,0.32,0.44,0,0,1,1
0.221,0.32,0.44,0,0,1,1
0.224,0.32,0.44,0,0,1,1
0.227,0.32,0.44,0,0,1,1
0.23,0.32,0.44,0,0,1,1
0.233,0.32,0.44,0,0,1,1
0.236,0.32,0.44,0,0,1,1
0.239,0.32,0.44,0,0,1,1
0.242,0.32,0.44,0,0,1,1
0.245,0.32,0.44,0,0,1,1
0.248,0.32,0.44,0,0,1,1
0.251,0.32,0.44,0,0,1,1
0.254,0.32,0.44,0,0,1,1
0.257,0.32,0.44,0,0,1,1
0.26,0.32,0.44,0,0,1,1
0.263,0.32,0.44,0,0,1,1
0.266,0.32,0.44,0,0,1,1
0.269,0.32,0.44,0,0,1,1
0.272,0.32,0.44,0,0,1,1
0.275,0.32,0.44,0,0,1,1
0.278,0.32,0.44,0,0,1,1
0.281,0.32,0.44,0,0,1,1
0.284,0.32,0.44,0,0,1,1
0.287,0.32,0.44,0,0,1,1
0.29,0.32,0.44,0,0,1,1
0.293,0.32,0.44,0,0,1,1
0.296,0.32,0.44,0,0,1,1
0.299,0.32,0.44,0,0,1,1
0.302,0.32,0.44,0,0,1,1
0.305,0.32,0.44,0,0,1,1
0.308,0.32,0.44,0,0,1,1
0.311,0.32,0.44,0,0,1,1
0.314,0.32,0.44,0,0,1,1
0.317,0.32,0.44,0,0,1,1
0.32,0.32,0.44,0,0,1,1
0.323,0.32,0.44,0,0,1,1
0.326,0.32,0.44,0,0,1,1
0.329,0.32,0.44,0,0,1,1
0.332,0.32,0.44,0,0,1,1
0.335,0.32,0.44,0,0,1,1
0.338,0.32,0.44,0,0,1,1
0.341,0.32,0.44,0,0,1,1
0.14,0.317,0.44,0,0,1,1
0.143,0.317,0.44,0,0,1,1
0.146,0.317,0.44,0,0,1,1
0.149,0.317,0.44,0,0,1,1
0.152,0.317,0.44,0,0,1,1
0.155,0.317,0.44,0,0,1,1
0.158,0.317,0.44,0,0,1,1
0.161,0.317,0.44,0,0,1,1
0.164,0.317,0.44,0,0,1,1
0.167,0.317,0.44,0,0,1,1
0.17,0.317,0.44,0,0,1,1
0.173,0.317,0.44,0,0,1,1
0.176,0.317,0.44,0,0,1,1
0.179,0.317,0.44,0,0,1,1
0.182,0.317,0.44,0,0,1,1
0.185,0.317,0.44,0,0,1,1
0.188,0.317,0.44,0,0,1,1
0.191,0.317,0.44,0,0,1,1
0.194,0.317,0.44,0,0,1,1
0.197,0.317,0.44,0,0,1,1
0.2,0.317,0.44,0,0,1,1
0.203,0.317,0.44,0,0,1,1
0.206,0.317,0.44,0,0,1,1
0.209,0.317,0.44,0,0,1,1
0.212,0.317,0.44,0,0,1,1
0.215,0.317,0.44,0,0,1,1
0.218,0.317,0.44,0,0,1,1
0.221,0.317,0.44,0,0,1,1
0.224,0.317,0.44,0,0,1,1
0.227,0.317,0.44,0,0,1,1
0.23,0.317,0.44,0,0,1,1
0.233,0.317,0.44,0,0,1,1
0.236,0.317,0.44,0,0,1,1
0.239,0.317,0.44,0,0,1,1
0.242,0.317,0.44,0,0,1,1
0.245,0.317,0.44,0,0,1,1
0.248,0.317,0.44,0,0,1,1
0.251,0.317,0.44,0,0,1,1
0.254,0.317,0.44,0,0,1,1
0.257,0.317,0.44,0,0,1,1
0.26,0.317,0.44,0,0,1,1
0.263,0.317,0.44,0,0,1,1
0.266,0.317,0.44,0,0,1,1
0.269,0.317,0.44,0,0,1,1
0.272,0.317,0.44,0,0,1,1
0.275,0.317,0.44,0,0,1,1
0.278,0.317,0.44,0,0,1,1
0.281,0.317,0.44,0,0,1,1
0.284,0.317,0.44,0,0,1,1
0.287,0.317,0.44,0,0,1,1
0.29,0.317,0.44,0,0,1,1
0.293,0.317,0.44,0,0,1,1
0.296,0.317,0.44,0,0,1,1
0.299,0.317,0.44,0,0,1,1
0.302,0.317,0.44,0,0,1,1
0.305,0.317,0.44,0,0,1,1
0.308,0.317,0.44,0,0,1,1
0.311,0.317,0.44,0,0,1,1
0.314,0.317,0.44,0,0,1,1
0.317,0.317,0.44,0,0,1,1
0.32,0.317,0.44,0,0,1,1
0.323,0.317,0.44,0,0,1,1
0.326,0.317,0.44,0,0,1,1
0.329,0.317,0.44,0,0,1,1
0.332,0.317,0.44,0,0,1,1
0.335,0.317,0.44,0,0,1,1
0.338,0.317,0.44,0,0,1,1
0.341,0.317,0.44,0,0,1,1
0.14,0.314,0.44,0,0,1,1
0.143,0.314,0.44,0,0,1,1
0.146,0.314,0.44,0,0,1,1
0.149,0.314,0.44,0,0,1,1
0.152,0.314,0.44,0,0,1,1
0.155,0.314,0.44,0,0,1,1
0.158,0.314,0.44,0,0,1,1
0.161,0.314,0.44,0,0,1,1
0.164,0.314,0.44,0,0,1,1
0.167,0.314,0.44,0,0,1,1
0.17,0.314,0.44,0,0,1,1
0.173,0.314,0.44,0,0,1,1
0.176,0.314,0.44,0,0,1,1
0.179,0.314,0.44,0,0,1,1
0.182,0.314,0.44,0,0,1,1
0.185,0.314,0.44,0,0,1,1
0.188,0.314,0.44,0,0,1,1
0.191,0.314,0.44,0,0,1,1
0.194,0.314,0.44,0,0,1,1
0.197,0.314,0.44,0,0,1,1
0.2,0.314,0.44,0,0,1,1
0.203,0.314,0.44,0,0,1,1
0.206,0.314,0.44,0,0,1,1
0.209,0.314,0.44,0,0,1,1
0.212,0.314,0.44,0,0,1,1
0.215,0.314,0.44,0,0,1,1
0.218,0.314,0.44,0,0,1,1
0.221,0.314,0.44,0,0,1,1
0.224,0.314,0.44,0,0,1,1
0.227,0.314,0.44,0,0,1,1
0.23,0.314,0.44,0,0,1,1
0.233,0.314,0.44,0,0,1,1
0.236,0.314,0.44,0,0,1,1
0.239,0.314,0.44,0,0,1,1
0.242,0.314,0.44,0,0,1,1
0.245,0.314,0.44,0,0,1,1
0.248,0.314,0.44,0,0,1,1
0.251,0.314,0.44,0,0,1,1
0.254,0.314,0.44,0,0,1,1
0.257,0.314,0.44,0,0,1,1
0.26,0.314,0.44,0,0,1,1
0.263,0.314,0.44,0,0,1,1
0.266,0.314,0.44,0,0,1,1
0.269,0.314,0.44,0,0,1,1
0.272,0.314,0.44,0,0,1,1
0.275,0.314,0.44,0,0,1,1
0.278,0.314,0.44,0,0,1,1
0.281,0.314,0.44,0,0,1,1
0.284,0.314,0.44,0,0,1,1
0.287,0.314,0.44,0,0,1,1
0.29,0.314,0.44,0,0,1,1
0.293,0.314,0.44,0,0,1,1
0.296,0.314,0.44,0,0,1,1
0.299,0.314,0.44,0,0,1,1
0.302,0.314,0.44,0,0,1,1
0.305,0.314,0.44,0,0,1,1
0.308,0.314,0.44,0,0,1,1
0.311,0.314,0.44,0,0,1,1
0.314,0.314,0.44,0,0,1,1
0.317,0.314,0.44,0,0,1,1
0.32,0.314,0.44,0,0,1,1
0.323,0.314,0.44,0,0,1,1
0.326,0.314,0.44,0,0,1,1
0.329,0.314,0.44,0,0,1,1
0.332,0.314,0.44,0,0,1,1
0.335,0.314,0.44,0,0,1,1
0.338,0.314,0.44,0,0,1,1
0.341,0.314,0.44,0,0,1,1
0.14,0.311,0.44,0,0,1,1
0.143,0.311,0.44,0,0,1,1
0.146,0.311,0.44,0,0,1,1
0.149,0.311,0.44,0,0,1,1
0.152,0.311,0.44,0,0,1,1
0.155,0.311,0.44,0,0,1,1
0.158,0.311,0.44,0,0,1,1
0.161,0.311,0.44,0,0,1,1
0.164,0.311,0.44,0,0,1,1
0.167,0.311,0.44,0,0,1,1
0.17,0.311,0.44,0,0,1,1
0.173,0.311,0.44,0,0,1,1
0.176,0.311,0.44,0,0,1,1
0.179,0.311,0.44,0,0,1,1
0.182,0.311,0.44,0,0,1,1
0.185,0.311,0.44,0,0,1,1
0.188,0.311,0.44,0,0,1,1
0.191,0.311,0.44,0,0,1,1
0.194,0.311,0.44,0,0,1,1
0.197,0.311,0.44,0,0,1,1
0.2,0.311,0.44,0,0,1,1
0.203,0.311,0.44,0,0,1,1
0.206,0.311,0.44,0,0,1,1
0.209,0.311,0.44,0,0,1,1
0.212,0.311,0.44,0,0,1,1
0.215,0.311,0.44,0,0,1,1
0.218,0.311,0.44,0,0,1,1
0.221,0.311,0.44,0,0,1,1
0.224,0.311,0.44,0,0,1,1
0.227,0.311,0.44,0,0,1,1
0.23,0.311,0.44,0,0,1,1
0.233,0.311,0.44,0,0,1,1
0.236,0.311,0.44,0,0,1,1
0.239,0.311,0.44,0,0,1,1
0.242,0.311,0.44,0,0,1,1
0.245,0.311,0.44,0,0,1,1
0.248,0.311,0.44,0,0,1,1
0.251,0.311,0.44,0,0,1,1
0.254,0.311,0.44,0,0,1,1
0.257,0.311,0.44,0,0,1,1
0.26,0.311,0.44,0,0,1,1
0.263,0.311,0.44,0,0,1,1
0.266,0.311,0.44,0,0,1,1
0.269,0.311,0.44,0,0,1,1
0.272,0.311,0.44,0,0,1,1
0.275,0.311,0.44,0,0,1,1
0.278,0.311,0.44,0,0,1,1
0.281,0.311,0.44,0,0,1,1
0.284,0.311,0.44,0,0,1,1
0.287,0.311,0.44,0,0,1,1
0.29,0.311,0.44,0,0,1,1
0.293,0.311,0.44,0,0,1,1
0.296,0.311,0.44,0,0,1,1
0.299,0.311,0.44,0,0,1,1
0.302,0.311,0.44,0,0,1,1
0.305,0.311,0.44,0,0,1,1
0.308,0.311,0.44,0,0,1,1
0.311,0.311,0.44,0,0,1,1
0.314,0.311,0.44,0,0,1,1
0.317,0.311,0.44,0,0,1,1
0.32,0.311,0.44,0,0,1,1
0.323,0.311,0.44,0,0,1,1
0.326,0.311,0.44,0,0,1,1
0.329,0.311,0.44,0,0,1,1
0.332,0.311,0.44,0,0,1,1
0.335,0.311,0.44,0,0,1,1
0.338,0.311,0.44,0,0,1,1
0.341,0.311,0.44,0,0,1,1
0.14,0.308,0.44,0,0,1,1
0.143,0.308,0.44,0,0,1,1
0.146,0.308,0.44,0,0,1,1
0.149,0.308,0.44,0,0,1,1
0.152,0.308,0.44,0,0,1,1
0.155,0.308,0.44,0,0,1,1
0.158,0.308,0.44,0,0,1,1
0.161,0.308,0.44,0,0,1,1
0.164,0.308,0.44,0,0,1,1
0.167,0.308,0.44,0,0,1,1
0.17,0.308,0.44,0,0,1,1
0.173,0.308,0.44,0,0,1,1
0.176,0.308,0.44,0,0,1,1
0.179,0.308,0.44,0,0,1,1
0.182,0.308,0.44,0,0,1,1
0.185,0.308,0.44,0,0,1,1
0.188,0.308,0.44,0,0,1,1
0.191,0.308,0.44,0,0,1,1
0.194,0.308,0.44,0,0,1,1
0.197,0.308,0.44,0,0,1,1
0.2,0.308,0.44,0,0,1,1
0.203,0.308,0.44,0,0,1,1
0.206,0.308,0.44,0,0,1,1
0.209,0.308,0.44,0,0,1,1
0.212,0.308,0.44,0,0,1,1
0.215,0.308,0.44,0,0,1,1
0.218,0.308,0.44,0,0,1,1
0.221,0.308,0.44,0,0,1,1
0.224,0.308,0.44,0,0,1,1
0.227,0.308,0.44,0,0,1,1
0.23,0.308,0.44,0,0,1,1
0.233,0.308,0.44,0,0,1,1
0.236,0.308,0.44,0,0,1,1
0.239,0.308,0.44,0,0,1,1
0.242,0.308,0.44,0,0,1,1
0.245,0.308,0.44,0,0,1,1
0.248,0.308,0.44,0,0,1,1
0.251,0.308,0.44,0,0,1,1
0.254,0.308,0.44,0,0,1,1
0.257,0.308,0.44,0,0,1,1
0.26,0.308,0.44,0,0,1,1
0.263,0.308,0.44,0,0,1,1
0.266,0.308,0.44,0,0,1,1
0.269,0.308,0.44,0,0,1,1
0.272,0.308,0.44,0,0,1,1
0.275,0.308,0.44,0,0,1,1
0.278,0.308,0.44,0,0,1,1
0.281,0.308,0.44,0,0,1,1
0.284,0.308,0.44,0,0,1,1
0.287,0.308,0.44,0,0,1,1
0.29,0.308,0.44,0,0,1,1
0.293,0.308,0.44,0,0,1,1
0.296,0.308,0.44,0,0,1,1
0.299,0.308,0.44,0,0,1,1
0.302,0.308,0.44,0,0,1,1
0.305,0.308,0.44,0,0,1,1
0.308,0.308,0.44,0,0,1,1
0.311,0.308,0.44,0,0,1,1
0.314,0.308,0.44,0,0,1,1
0.317,0.308,0.44,0,0,1,1
0.32,0.308,0.44,0,0,1,1
0.323,0.308,0.44,0,0,1,1
0.326,0.308,0.44,0,0,1,1
0.329,0.308,0.44,0,0,1,1
0.332,0.308,0.44,0,0,1,1
0.335,0.308,0.44,0,0,1,1
0.338,0.308,0.44,0,0,1,1
0.341,0.308,0.44,0,0,1,1
0.14,0.305,0.44,0,0,1,1
0.143,0.305,0.44,0,0,1,1
0.146,0.305,0.44,0,0,1,1
0.149,0.305,0.44,0,0,1,1
0.152,0.305,0.44,0,0,1,1
0.155,0.305,0.44,0,0,1,1
0.158,0.305,0.44,0,0,1,1
0.161,0.305,0.44,0,0,1,1
0.164,0.305,0.44,0,0,1,1
0.167,0.305,0.44,0,0,1,1
0.17,0.305,0.44,0,0,1,1
0.173,0.305,0.44,0,0,1,1
0.176,0.305,0.44,0,0,1,1
0.179,0.305,0.44,0,0,1,1
0.182,0.305,0.44,0,0,1,1
0.185,0.305,0.44,0,0,1,1
0.188,0.305,0.44,0,0,1,1
0.191,0.305,0.44,0,0,1,1
0.194,0.305,0.44,0,0,1,1
0.197,0.305,0.44,0,0,1,1
0.2,0.305,0.44,0,0,1,1
0.203,0.305,0.44,0,0,1,1
0.206,0.305,0.44,0,0,1,1
0.209,0.305,0.44,0,0,1,1
0.212,0.305,0.44,0,0,1,1
0.215,0.305,0.44,0,0,1,1
0.218,0.305,0.44,0,0,1,1
0.221,0.305,0.44,0,0,1,1
0.224,0.305,0.44,0,0,1,1
0.227,0.305,0.44,0,0,1,1
0.23,0.305,0.44,0,0,1,1
0.233,0.305,0.44,0,0,1,1
0.236,0.305,0.44,0,0,1,1
0.239,0.305,0.44,0,0,1,1
0.242,0.305,0.44,0,0,1,1
0.245,0.305,0.44,0,0,1,1
0.248,0.305,0.44,0,0,1,1
0.251,0.305,0.44,0,0,1,1
0.254,0.305,0.44,0,0,1,1
0.257,0.305,0.44,0,0,1,1
0.26,0.305,0.44,0,0,1,1
0.263,0.305,0.44,0,0,1,1
0.266,0.305,0.44,0,0,1,1
0.269,0.305,0.44,0,0,1,1
0.272,0.305,0.44,0,0,1,1
0.275,0.305,0.44,0,0,1,1
0.278,0.305,0.44,0,0,1,1
0.281,0.305,0.44,0,0,1,1
0.284,0.305,0.44,0,0,1,1
0.287,0.305,0.44,0,0,1,1
0.29,0.305,0.44,0,0,1,1
0.293,0.305,0.44,0,0,1,1
0.296,0.305,0.44,0,0,1,1
0.299,0.305,0.44,0,0,1,1
0.302,0.305,0.44,0,0,1,1
0.305,0.305,0.44,0,0,1,1
0.308,0.305,0.44,0,0,1,1
0.311,0.305,0.44,0,0,1,1
0.314,0.305,0.44,0,0,1,1
0.317,0.305,0.44,0,0,1,1
0.32,0.305,0.44,0,0,1,1
0.323,0.305,0.44,0,0,1,1
0.326,0.305,0.44,0,0,1,1
0.329,0.305,0.44,0,0,1,1
0.332,0.305,0.44,0,0,1,1
0.335,0.305,0.44,0,0,1,1
0.338,0.305,0.44,0,0,1,1
0.341,0.305,0.44,0,0,1,1
0.14,0.302,0.44,0,0,1,1
0.143,0.302,0.44,0,0,1,1
0.146,0.302,0.44,0,0,1,1
0.149,0.302,0.44,0,0,1,1
0.152,0.302,0.44,0,0,1,1
0.155,0.302,0.44,0,0,1,1
0.158,0.302,0.44,0,0,1,1
0.161,0.302,0.44,0,0,1,1
0.164,0.302,0.44,0,0,1,1
0.167,0.302,0.44,0,0,1,1
0.17,0.302,0.44,0,0,1,1
0.173,0.302,0.44,0,0,1,1
0.176,0.302,0.44,0,0,1,1
0.179,0.302,0.44,0,0,1,1
0.182,0.302,0.44,0,0,1,1
0.185,0.302,0.44,0,0,1,1
0.188,0.302,0.44,0,0,1,1
0.191,0.302,0.44,0,0,1,1
0.194,0.302,0.44,0,0,1,1
0.197,0.302,0.44,0,0,1,1
0.2,0.302,0.44,0,0,1,1
0.203,0.302,0.44,0,0,1,1
0.206,0.302,0.44,0,0,1,1
0.209,0.302,0.44,0,0,1,1
0.212,0.302,0.44,0,0,1,1
0.215,0.302,0.44,0,0,1,1
0.218,0.302,0.44,0,0,1,1
0.221,0.302,0.44,0,0,1,1
0.224,0.302,0.44,0,0,1,1
0.227,0.302,0.44,0,0,1,1
0.23,0.302,0.44,0,0,1,1
0.233,0.302,0.44,0,0,1,1
0.236,0.302,0.44,0,0,1,1
0.239,0.302,0.44,0,0,1,1
0.242,0.302,0.44,0,0,1,1
0.245,0.302,0.44,0,0,1,1
0.248,0.302,0.44,0,0,1,1
0.251,0.302,0.44,0,0,1,1
0.254,0.302,0.44,0,0,1,1
0.257,0.302,0.44,0,0,1,1
0.26,0.302,0.44,0,0,1,1
0.263,0.302,0.44,0,0,1,1
0.266,0.302,0.44,0,0,1,1
0.269,0.302,0.44,0,0,1,1
0.272,0.302,0.44,0,0,1,1
0.275,0.302,0.44,0,0,1,1
0.278,0.302,0.44,0,0,1,1
0.281,0.302,0.44,0,0,1,1
0.284,0.302,0.44,0,0,1,1
0.287,0.302,0.44,0,0,1,1
0.29,0.302,0.44,0,0,1,1
0.293,0.302,0.44,0,0,1,1
0.296,0.302,0.44,0,0,1,1
0.299,0.302,0.44,0,0,1,1
0.302,0.302,0.44,0,0,1,1
0.305,0.302,0.44,0,0,1,1
0.308,0.302,0.44,0,0,1,1
0.311,0.302,0.44,0,0,1,1
0.314,0.302,0.44,0,0,1,1
0.317,0.302,0.44,0,0,1,1
0.32,0.302,0.44,0,0,1,1
0.323,0.302,0.44,0,0,1,1
0.326,0.302,0.44,0,0,1,1
0.329,0.302,0.44,0,0,1,1
0.332,0.302,0.44,0,0,1,1
0.335,0.302,0.44,0,0,1,1
0.338,0.302,0.44,0,0,1,1
0.341,0.302,0.44,0,0,1,1
0.14,0.299,0.44,0,0,1,1
0.143,0.299,0.44,0,0,1,1
0.146,0.299,0.44,0,0,1,1
0.149,0.299,0.44,0,0,1,1
0.152,0.299,0.44,0,0,1,1
0.155,0.299,0.44,0,0,1,1
0.158,0.299,0.44,0,0,1,1
0.161,0.299,0.44,0,0,1,1
0.164,0.299,0.44,0,0,1,1
0.167,0.299,0.44,0,0,1,1
0.17,0.299,0.44,0,0,1,1
0.173,0.299,0.44,0,0,1,1
0.176,0.299,0.44,0,0,1,1
0.179,0.299,0.44,0,0,1,1
0.182,0.299,0.44,0,0,1,1
0.185,0.299,0.44,0,0,1,1
0.188,0.299,0.44,0,0,1,1
0.191,0.299,0.44,0,0,1,1
0.194,0.299,0.44,0,0,1,1
0.197,0.299,0.44,0,0,1,1
0.2,0.299,0.44,0,0,1,1
0.203,0.299,0.44,0,0,1,1
0.206,0.299,0.44,0,0,1,1
0.209,0.299,0.44,0,0,1,1
0.212,0.299,0.44,0,0,1,1
0.215,0.299,0.44,0,0,1,1
0.218,0.299,0.44,0,0,1,1
0.221,0.299,0.44,0,0,1,1
0.224,0.299,0.44,0,0,1,1
0.227,0.299,0.44,0,0,1,1
0.23,0.299,0.44,0,0,1,1
0.233,0.299,0.44,0,0,1,1
0.236,0.299,0.44,0,0,1,1
0.239,0.299,0.44,0,0,1,1
0.242,0.299,0.44,0,0,1,1
0.245,0.299,0.44,0,0,1,1
0.248,0.299,0.44,0,0,1,1
0.251,0.299,0.44,0,0,1,1
0.254,0.299,0.44,0,0,1,1
0.257,0.299,0.44,0,0,1,1
0.26,0.299,0.44,0,0,1,1
0.263,0.299,0.44,0,0,1,1
0.266,0.299,0.44,0,0,1,1
0.269,0.299,0.44,0,0,1,1
0.272,0.299,0.44,0,0,1,1
0.275,0.299,0.44,0,0,1,1
0.278,0.299,0.44,0,0,1,1
0.281,0.299,0.44,0,0,1,1
0.284,0.299,0.44,0,0,1,1
0.287,0.299,0.44,0,0,1,1
0.29,0.299,0.44,0,0,1,1
0.293,0.299,0.44,0,0,1,1
0.296,0.299,0.44,0,0,1,1
0.299,0.299,0.44,0,0,1,1
0.302,0.299,0.44,0,0,1,1
0.305,0.299,0.44,0,0,1,1
0.308,0.299,0.44,0,0,1,1
0.311,0.299,0.44,0,0,1,1
0.314,0.299,0.44,0,0,1,1
0.317,0.299,0.44,0,0,1,1
0.32,0.299,0.44,0,0,1,1
0.323,0.299,0.44,0,0,1,1
0.326,0.299,0.44,0,0,1,1
0.329,0.299,0.44,0,0,1,1
0.332,0.299,0.44,0,0,1,1
0.335,0.299,0.44,0,0,1,1
0.338,0.299,0.44,0,0,1,1
0.341,0.299,0.44,0,0,1,1
0.14,0.296,0.44,0,0,1,1
0.143,0.296,0.44,0,0,1,1
0.146,0.296,0.44,0,0,1,1
0.149,0.296,0.44,0,0,1,1
0.152,0.296,0.44,0,0,1,1
0.155,0.296,0.44,0,0,1,1
0.158,0.296,0.44,0,0,1,1
0.161,0.296,0.44,0,0,1,1
0.164,0.296,0.44,0,0,1,1
0.167,0.296,0.44,0,0,1,1
0.17,0.296,0.44,0,0,1,1
0.173,0.296,0.44,0,0,1,1
0.176,0.296,0.44,0,0,1,1
0.179,0.296,0.44,0,0,1,1
0.182,0.296,0.44,0,0,1,1
0.185,0.296,0.44,0,0,1,1
0.188,0.296,0.44,0,0,1,1
0.191,0.296,0.44,0,0,1,1
0.194,0.296,0.44,0,0,1,1
0.197,0.296,0.44,0,0,1,1
0.2,0.296,0.44,0,0,1,1
0.203,0.296,0.44,0,0,1,1
0.206,0.296,0.44,0,0,1,1
0.209,0.296,0.44,0,0,1,1
0.212,0.296,0.44,0,0,1,1
0.215,0.296,0.44,0,0,1,1
0.218,0.296,0.44,0,0,1,1
0.221,0.296,0.44,0,0,1,1
0.224,0.296,0.44,0,0,1,1
0.227,0.296,0.44,0,0,1,1
0.23,0.296,0.44,0,0,1,1
0.233,0.296,0.44,0,0,1,1
0.236,0.296,0.44,0,0,1,1
0.239,0.296,0.44,0,0,1,1
0.242,0.296,0.44,0,0,1,1
0.245,0.296,0.44,0,0,1,1
0.248,0.296,0.44,0,0,1,1
0.251,0.296,0.44,0,0,1,1
0.254,0.296,0.44,0,0,1,1
0.257,0.296,0.44,0,0,1,1
0.26,0.296,0.44,0,0,1,1
0.263,0.296,0.44,0,0,1,1
0.266,0.296,0.44,0,0,1,1
0.269,0.296,0.44,0,0,1,1
0.272,0.296,0.44,0,0,1,1
0.275,0.296,0.44,0,0,1,1
0.278,0.296,0.44,0,0,1,1
0.281,0.296,0.44,0,0,1,1
0.284,0.296,0.44,0,0,1,1
0.287,0.296,0.44,0,0,1,1
0.29,0.296,0.44,0,0,1,1
0.293,0.296,0.44,0,0,1,1
0.296,0.296,0.44,0,0,1,1
0.299,0.296,0.44,0,0,1,1
0.302,0.296,0.44,0,0,1,1
0.305,0.296,0.44,0,0,1,1
0.308,0.296,0.44,0,0,1,1
0.311,0.296,0.44,0,0,1,1
0.314,0.296,0.44,0,0,1,1
0.317,0.296,0.44,0,0,1,1
0.32,0.296,0.44,0,0,1,1
0.323,0.296,0.44,0,0,1,1
0.326,0.296,0.44,0,0,1,1
0.329,0.296,0.44,0,0,1,1
0.332,0.296,0.44,0,0,1,1
0.335,0.296,0.44,0,0,1,1
0.338,0.296,0.44,0,0,1,1
0.341,0.296,0.44,0,0,1,1
0.14,0.293,0.44,0,0,1,1
0.143,0.293,0.44,0,0,1,1
0.146,0.293,0.44,0,0,1,1
0.149,0.293,0.44,0,0,1,1
0.152,0.293,0.44,0,0,1,1
0.155,0.293,0.44,0,0,1,1
0.158,0.293,0.44,0,0,1,1
0.161,0.293,0.44,0,0,1,1
0.164,0.293,0.44,0,0,1,1
0.167,0.293,0.44,0,0,1,1
0.17,0.293,0.44,0,0,1,1
0.173,0.293,0.44,0,0,1,1
0.176,0.293,0.44,0,0,1,1
0.179,0.293,0.44,0,0,1,1
0.182,0.293,0.44,0,0,1,1
0.185,0.293,0.44,0,0,1,1
0.188,0.293,0.44,0,0,1,1
0.191,0.293,0.44,0,0,1,1
0.194,0.293,0.44,0,0,1,1
0.197,0.293,0.44,0,0,1,1
0.2,0.293,0.44,0,0,1,1
0.203,0.293,0.44,0,0,1,1
0.206,0.293,0.44,0,0,1,1
0.209,0.293,0.44,0,0,1,1
0.212,0.293,0.44,0,0,1,1
0.215,0.293,0.44,0,0,1,1
0.218,0.293,0.44,0,0,1,1
0.221,0.293,0.44,0,0,1,1
0.224,0.293,0.44,0,0,1,1
0.227,0.293,0.44,0,0,1,1
0.23,0.293,0.44,0,0,1,1
0.233,0.293,0.44,0,0,1,1
0.236,0.293,0.44,0,0,1,1
0.239,0.293,0.44,0,0,1,1
0.242,0.293,0.44,0,0,1,1
0.245,0.293,0.44,0,0,1,1
0.248,0.293,0.44,0,0,1,1
0.251,0.293,0.44,0,0,1,1
0.254,0.293,0.44,0,0,1,1
0.257,0.293,0.44,0,0,1,1
0.26,0.293,0.44,0,0,1,1
0.263,0.293,0.44,0,0,1,1
0.266,0.293,0.44,0,0,1,1
0.269,0.293,0.44,0,0,1,1
0.272,0.293,0.44,0,0,1,1
0.275,0.293,0.44,0,0,1,1
0.278,0.293,0.44,0,0,1,1
0.281,0.293,0.44,0,0,1,1
0.284,0.293,0.44,0,0,1,1
0.287,0.293,0.44,0,0,1,1
0.29,0.293,0.44,0,0,1,1
0.293,0.293,0.44,0,0,1,1
0.296,0.293,0.44,0,0,1,1
0.299,0.293,0.44,0,0,1,1
0.302,0.293,0.44,0,0,1,1
0.305,0.293,0.44,0,0,1,1
0.308,0.293,0.44,0,0,1,1
0.311,0.293,0.44,0,0,1,1
0.314,0.293,0.44,0,0,1,1
0.317,0.293,0.44,0,0,1,1
0.32,0.293,0.44,0,0,1,1
0.323,0.293,0.44,0,0,1,1
0.326,0.293,0.44,0,0,1,1
0.329,0.293,0.44,0,0,1,1
0.332,0.293,0.44,0,0,1,1
0.335,0.293,0.44,0,0,1,1
0.338,0.293,0.44,0,0,1,1
0.341,0.293,0.44,0,0,1,1
0.14,0.29,0.44,0,0,1,1
0.143,0.29,0.44,0,0,1,1
0.146,0.29,0.44,0,0,1,1
0.149,0.29,0.44,0,0,1,1
0.152,0.29,0.44,0,0,1,1
0.155,0.29,0.44,0,0,1,1
0.158,0.29,0.44,0,0,1,1
0.161,0.29,0.44,0,0,1,1
0.164,0.29,0.44,0,0,1,1
0.167,0.29,0.44,0,0,1,1
0.17,0.29,0.44,0,0,1,1
0.173,0.29,0.44,0,0,1,1
0.176,0.29,0.44,0,0,1,1
0.179,0.29,0.44,0,0,1,1
0.182,0.29,0.44,0,0,1,1
0.185,0.29,0.44,0,0,1,1
0.188,0.29,0.44,0,0,1,1
0.191,0.29,0.44,0,0,1,1
0.194,0.29,0.44,0,0,1,1
0.197,0.29,0.44,0,0,1,1
0.2,0.29,0.44,0,0,1,1
0.203,0.29,0.44,0,0,1,1
0.206,0.29,0.44,0,0,1,1
0.209,0.29,0.44,0,0,1,1
0.212,0.29,0.44,0,0,1,1
0.215,0.29,0.44,0,0,1,1
0.218,0.29,0.44,0,0,1,1
0.221,0.29,0.44,0,0,1,1
0.224,0.29,0.44,0,0,1,1
0.227,0.29,0.44,0,0,1,1
0.23,0.29,0.44,0,0,1,1
0.233,0.29,0.44,0,0,1,1
0.236,0.29,0.44,0,0,1,1
0.239,0.29,0.44,0,0,1,1
0.242,0.29,0.44,0,0,1,1
0.245,0.29,0.44,0,0,1,1
0.248,0.29,0.44,0,0,1,1
0.251,0.29,0.44,0,0,1,1
0.254,0.29,0.44,0,0,1,1
0.257,0.29,0.44,0,0,1,1
0.26,0.29,0.44,0,0,1,1
0.263,0.29,0.44,0,0,1,1
0.266,0.29,0.44,0,0,1,1
0.269,0.29,0.44,0,0,1,1
0.272,0.29,0.44,0,0,1,1
0.275,0.29,0.44,0,0,1,1
0.278,0.29,0.44,0,0,1,1
0.281,0.29,0.44,0,0,1,1
0.284,0.29,0.44,0,0,1,1
0.287,0.29,0.44,0,0,1,1
0.29,0.29,0.44,0,0,1,1
0.293,0.29,0.44,0,0,1,1
0.296,0.29,0.44,0,0,1,1
0.299,0.29,0.44,0,0,1,1
0.302,0.29,0.44,0,0,1,1
0.305,0.29,0.44,0,0,1,1
0.308,0.29,0.44,0,0,1,1
0.311,0.29,0.44,0,0,1,1
0.314,0.29,0.44,0,0,1,1
0.317,0.29,0.44,0,0,1,1
0.32,0.29,0.44,0,0,1,1
0.323,0.29,0.44,0,0,1,1
0.326,0.29,0.44,0,0,1,1
0.329,0.29,0.44,0,0,1,1
0.332,0.29,0.44,0,0,1,1
0.335,0.29,0.44,0,0,1,1
0.338,0.29,0.44,0,0,1,1
0.341,0.29,0.44,0,0,1,1
0.14,0.287,0.44,0,0,1,1
0.143,0.287,0.44,0,0,1,1
0.146,0.287,0.44,0,0,1,1
0.149,0.287,0.44,0,0,1,1
0.152,0.287,0.44,0,0,1,1
0.155,0.287,0.44,0,0,1,1
0.158,0.287,0.44,0,0,1,1
0.161,0.287,0.44,0,0,1,1
0.164,0.287,0.44,0,0,1,1
0.167,0.287,0.44,0,0,1,1
0.17,0.287,0.44,0,0,1,1
0.173,0.287,0.44,0,0,1,1
0.176,0.287,0.44,0,0,1,1
0.179,0.287,0.44,0,0,1,1
0.182,0.287,0.44,0,0,1,1
0.185,0.287,0.44,0,0,1,1
0.188,0.287,0.44,0,0,1,1
0.191,0.287,0.44,0,0,1,1
0.194,0.287,0.44,0,0,1,1
0.197,0.287,0.44,0,0,1,1
0.2,0.287,0.44,0,0,1,1
0.203,0.287,0.44,0,0,1,1
0.206,0.287,0.44,0,0,1,1
0.209,0.287,0.44,0,0,1,1
0.212,0.287,0.44,0,0,1,1
0.215,0.287,0.44,0,0,1,1
0.218,0.287,0.44,0,0,1,1
0.221,0.287,0.44,0,0,1,1
0.224,0.287,0.44,0,0,1,1
0.227,0.287,0.44,0,0,1,1
0.23,0.287,0.44,0,0,1,1
0.233,0.287,0.44,0,0,1,1
0.236,0.287,0.44,0,0,1,1
0.239,0.287,0.44,0,0,1,1
0.242,0.287,0.44,0,0,1,1
0.245,0.287,0.44,0,0,1,1
0.248,0.287,0.44,0,0,1,1
0.251,0.287,0.44,0,0,1,1
0.254,0.287,0.44,0,0,1,1
0.257,0.287,0.44,0,0,1,1
0.26,0.287,0.44,0,0,1,1
0.263,0.287,0.44,0,0,1,1
0.266,0.287,0.44,0,0,1,1
0.269,0.287,0.44,0,0,1,1
0.272,0.287,0.44,0,0,1,1
0.275,0.287,0.44,0,0,1,1
0.278,0.287,0.44,0,0,1,1
0.281,0.287,0.44,0,0,1,1
0.284,0.287,0.44,0,0,1,1
0.287,0.287,0.44,0,0,1,1
0.29,0.287,0.44,0,0,1,1
0.293,0.287,0.44,0,0,1,1
0.296,0.287,0.44,0,0,1,1
0.299,0.287,0.44,0,0,1,1
0.302,0.287,0.44,0,0,1,1
0.305,0.287,0.44,0,0,1,1
0.308,0.287,0.44,0,0,1,1
0.311,0.287,0.44,0,0,1,1
0.314,0.287,0.44,0,0,1,1
0.317,0.287,0.44,0,0,1,1
0.32,0.287,0.44,0,0,1,1
0.323,0.287,0.44,0,0,1,1
0.326,0.287,0.44,0,0,1,1
0.329,0.287,0.44,0,0,1,1
0.332,0.287,0.44,0,0,1,1
0.335,0.287,0.44,0,0,1,1
0.338,0.287,0.44,0,0,1,1
0.341,0.287,0.44,0,0,1,1
0.14,0.284,0.44,0,0,1,1
0.143,0.284,0.44,0,0,1,1
0.146,0.284,0.44,0,0,1,1
0.149,0.284,0.44,0,0,1,1
0.152,0.284,0.44,0,0,1,1
0.155,0.284,0.44,0,0,1,1
0.158,0.284,0.44,0,0,1,1
0.161,0.284,0.44,0,0,1,1
0.164,0.284,0.44,0,0,1,1
0.167,0.284,0.44,0,0,1,1
0.17,0.284,0.44,0,0,1,1
0.173,0.284,0.44,0,0,1,1
0.176,0.284,0.44,0,0,1,1
0.179,0.284,0.44,0,0,1,1
0.182,0.284,0.44,0,0,1,1
0.185,0.284,0.44,0,0,1,1
0.188,0.284,0.44,0,0,1,1
0.191,0.284,0.44,0,0,1,1
0.194,0.284,0.44,0,0,1,1
0.197,0.284,0.44,0,0,1,1
0.2,0.284,0.44,0,0,1,1
0.203,0.284,0.44,0,0,1,1
0.206,0.284,0.44,0,0,1,1
0.209,0.284,0.44,0,0,1,1
0.212,0.284,0.44,0,0,1,1
0.215,0.284,0.44,0,0,1,1
0.218,0.284,0.44,0,0,1,1
0.221,0.284,0.44,0,0,1,1
0.224,0.284,0.44,0,0,1,1
0.227,0.284,0.44,0,0,1,1
0.23,0.284,0.44,0,0,1,1
0.233,0.284,0.44,0,0,1,1
0.236,0.284,0.44,0,0,1,1
0.239,0.284,0.44,0,0,1,1
0.242,0.284,0.44,0,0,1,1
0.245,0.284,0.44,0,0,1,1
0.248,0.284,0.44,0,0,1,1
0.251,0.284,0.44,0,0,1,1
0.254,0.284,0.44,0,0,1,1
0.257,0.284,0.44,0,0,1,1
0.26,0.284,0.44,0,0,1,1
0.263,0.284,0.44,0,0,1,1
0.266,0.284,0.44,0,0,1,1
0.269,0.284,0.44,0,0,1,1
0.272,0.284,0.44,0,0,1,1
0.275,0.284,0.44,0,0,1,1
0.278,0.284,0.44,0,0,1,1
0.281,0.284,0.44,0,0,1,1
0.284,0.284,0.44,0,0,1,1
0.287,0.284,0.44,0,0,1,1
0.29,0.284,0.44,0,0,1,1
0.293,0.284,0.44,0,0,1,1
0.296,0.284,0.44,0,0,1,1
0.299,0.284,0.44,0,0,1,1
0.302,0.284,0.44,0,0,1,1
0.305,0.284,0.44,0,0,1,1
0.308,0.284,0.44,0,0,1,1
0.311,0.284,0.44,0,0,1,1
0.314,0.284,0.44,0,0,1,1
0.317,0.284,0.44,0,0,1,1
0.32,0.284,0.44,0,0,1,1
0.323,0.284,0.44,0,0,1,1
0.326,0.284,0.44,0,0,1,1
0.329,0.284,0.44,0,0,1,1
0.332,0.284,0.44,0,0,1,1
0.335,0.284,0.44,0,0,1,1
0.338,0.284,0.44,0,0,1,1
0.341,0.284,0.44,0,0,1,1
0.14,0.281,0.44,0,0,1,1
0.143,0.281,0.44,0,0,1,1
0.146,0.281,0.44,0,0,1,1
0.149,0.281,0.44,0,0,1,1
0.152,0.281,0.44,0,0,1,1
0.155,0.281,0.44,0,0,1,1
0.158,0.281,0.44,0,0,1,1
0.161,0.281,0.44,0,0,1,1
0.164,0.281,0.44,0,0,1,1
0.167,0.281,0.44,0,0,1,1
0.17,0.281,0.44,0,0,1,1
0.173,0.281,0.44,0,0,1,1
0.176,0.281,0.44,0,0,1,1
0.179,0.281,0.44,0,0,1,1
0.182,0.281,0.44,0,0,1,1
0.185,0.281,0.44,0,0,1,1
0.188,0.281,0.44,0,0,1,1
0.191,0.281,0.44,0,0,1,1
0.194,0.281,0.44,0,0,1,1
0.197,0.281,0.44,0,0,1,1
0.2,0.281,0.44,0,0,1,1
0.203,0.281,0.44,0,0,1,1
0.206,0.281,0.44,0,0,1,1
0.209,0.281,0.44,0,0,1,1
0.212,0.281,0.44,0,0,1,1
0.215,0.281,0.44,0,0,1,1
0.218,0.281,0.44,0,0,1,1
0.221,0.281,0.44,0,0,1,1
0.224,0.281,0.44,0,0,1,1
0.227,0.281,0.44,0,0,1,1
0.23,0.281,0.44,0,0,1,1
0.233,0.281,0.44,0,0,1,1
0.236,0.281,0.44,0,0,1,1
0.239,0.281,0.44,0,0,1,1
0.242,0.281,0.44,0,0,1,1
0.245,0.281,0.44,0,0,1,1
0.248,0.281,0.44,0,0,1,1
0.251,0.281,0.44,0,0,1,1
0.254,0.281,0.44,0,0,1,1
0.257,0.281,0.44,0,0,1,1
0.26,0.281,0.44,0,0,1,1
0.263,0.281,0.44,0,0,1,1
0.266,0.281,0.44,0,0,1,1
0.269,0.281,0.44,0,0,1,1
0.272,0.281,0.44,0,0,1,1
0.275,0.281,0.44,0,0,1,1
0.278,0.281,0.44,0,0,1,1
0.281,0.281,0.44,0,0,1,1
0.284,0.281,0.44,0,0,1,1
0.287,0.281,0.44,0,0,1,1
0.29,0.281,0.44,0,0,1,1
0.293,0.281,0.44,0,0,1,1
0.296,0.281,0.44,0,0,1,1
0.299,0.281,0.44,0,0,1,1
0.302,0.281,0.44,0,0,1,1
0.305,0.281,0.44,0,0,1,1
0.308,0.281,0.44,0,0,1,1
0.311,0.281,0.44,0,0,1,1
0.314,0.281,0.44,0,0,1,1
0.317,0.281,0.44,0,0,1,1
0.32,0.281,0.44,0,0,1,1
0.323,0.281,0.44,0,0,1,1
0.326,0.281,0.44,0,0,1,1
0.329,0.281,0.44,0,0,1,1
0.332,0.281,0.44,0,0,1,1
0.335,0.281,0.44,0,0,1,1
0.338,0.281,0.44,0,0,1,1
0.341,0.281,0.44,0,0,1,1
0.14,0.278,0.44,0,0,1,1
0.143,0.278,0.44,0,0,1,1
0.146,0.278,0.44,0,0,1,1
0.149,0.278,0.44,0,0,1,1
0.152,0.278,0.44,0,0,1,1
0.155,0.278,0.44,0,0,1,1
0.158,0.278,0.44,0,0,1,1
0.161,0.278,0.44,0,0,1,1
0.164,0.278,0.44,0,0,1,1
0.167,0.278,0.44,0,0,1,1
0.17,0.278,0.44,0,0,1,1
0.173,0.278,0.44,0,0,1,1
0.176,0.278,0.44,0,0,1,1
0.179,0.278,0.44,0,0,1,1
0.182,0.278,0.44,0,0,1,1
0.185,0.278,0.44,0,0,1,1
0.188,0.278,0.44,0,0,1,1
0.191,0.278,0.44,0,0,1,1
0.194,0.278,0.44,0,0,1,1
0.197,0.278,0.44,0,0,1,1
0.2,0.278,0.44,0,0,1,1
0.203,0.278,0.44,0,0,1,1
0.206,0.278,0.44,0,0,1,1
0.209,0.278,0.44,0,0,1,1
0.212,0.278,0.44,0,0,1,1
0.215,0.278,0.44,0,0,1,1
0.218,0.278,0.44,0,0,1,1
0.221,0.278,0.44,0,0,1,1
0.224,0.278,0.44,0,0,1,1
0.227,0.278,0.44,0,0,1,1
0.23,0.278,0.44,0,0,1,1
0.233,0.278,0.44,0,0,1,1
0.236,0.278,0.44,0,0,1,1
0.239,0.278,0.44,0,0,1,1
0.242,0.278,0.44,0,0,1,1
0.245,0.278,0.44,0,0,1,1
0.248,0.278,0.44,0,0,1,1
0.251,0.278,0.44,0,0,1,1
0.254,0.278,0.44,0,0,1,1
0.257,0.278,0.44,0,0,1,1
0.26,0.278,0.44,0,0,1,1
0.263,0.278,0.44,0,0,1,1
0.266,0.278,0.44,0,0,1,1
0.269,0.278,0.44,0,0,1,1
0.272,0.278,0.44,0,0,1,1
0.275,0.278,0.44,0,0,1,1
0.278,0.278,0.44,0,0,1,1
0.281,0.278,0.44,0,0,1,1
0.284,0.278,0.44,0,0,1,1
0.287,0.278,0.44,0,0,1,1
0.29,0.278,0.44,0,0,1,1
0.293,0.278,0.44,0,0,1,1
0.296,0.278,0.44,0,0,1,1
0.299,0.278,0.44,0,0,1,1
0.302,0.278,0.44,0,0,1,1
0.305,0.278,0.44,0,0,1,1
0.308,0.278,0.44,0,0,1,1
0.311,0.278,0.44,0,0,1,1
0.314,0.278,0.44,0,0,1,1
0.317,0.278,0.44,0,0,1,1
0.32,0.278,0.44,0,0,1,1
0.323,0.278,0.44,0,0,1,1
0.326,0.278,0.44,0,0,1,1
0.329,0.278,0.44,0,0,1,1
0.332,0.278,0.44,0,0,1,1
0.335,0.278,0.44,0,0,1,1
0.338,0.278,0.44,0,0,1,1
0.341,0.278,0.44,0,0,1,1
0.14,0.275,0.44,0,0,1,1
0.143,0.275,0.44,0,0,1,1
0.146,0.275,0.44,0,0,1,1
0.149,0.275,0.44,0,0,1,1
0.152,0.275,0.44,0,0,1,1
0.155,0.275,0.44,0,0,1,1
0.158,0.275,0.44,0,0,1,1
0.161,0.275,0.44,0,0,1,1
0.164,0.275,0.44,0,0,1,1
0.167,0.275,0.44,0,0,1,1
0.17,0.275,0.44,0,0,1,1
0.173,0.275,0.44,0,0,1,1
0.176,0.275,0.44,0,0,1,1
0.179,0.275,0.44,0,0,1,1
0.182,0.275,0.44,0,0,1,1
0.185,0.275,0.44,0,0,1,1
0.188,0.275,0.44,0,0,1,1
0.191,0.275,0.44,0,0,1,1
0.194,0.275,0.44,0,0,1,1
0.197,0.275,0.44,0,0,1,1
0.2,0.275,0.44,0,0,1,1
0.203,0.275,0.44,0,0,1,1
0.206,0.275,0.44,0,0,1,1
0.209,0.275,0.44,0,0,1,1
0.212,0.275,0.44,0,0,1,1
0.215,0.275,0.44,0,0,1,1
0.218,0.275,0.44,0,0,1,1
0.221,0.275,0.44,0,0,1,1
0.224,0.275,0.44,0,0,1,1
0.227,0.275,0.44,0,0,1,1
0.23,0.275,0.44,0,0,1,1
0.233,0.275,0.44,0,0,1,1
0.236,0.275,0.44,0,0,1,1
0.239,0.275,0.44,0,0,1,1
0.242,0.275,0.44,0,0,1,1
0.245,0.275,0.44,0,0,1,1
0.248,0.275,0.44,0,0,1,1
0.251,0.275,0.44,0,0,1,1
0.254,0.275,0.44,0,0,1,1
0.257,0.275,0.44,0,0,1,1
0.26,0.275,0.44,0,0,1,1
0.263,0.275,0.44,0,0,1,1
0.266,0.275,0.44,0,0,1,1
0.269,0.275,0.44,0,0,1,1
0.272,0.275,0.44,0,0,1,1
0.275,0.275,0.44,0,0,1,1
0.278,0.275,0.44,0,0,1,1
0.281,0.275,0.44,0,0,1,1
0.284,0.275,0.44,0,0,1,1
0.287,0.275,0.44,0,0,1,1
0.29,0.275,0.44,0,0,1,1
0.293,0.275,0.44,0,0,1,1
0.296,0.275,0.44,0,0,1,1
0.299,0.275,0.44,0,0,1,1
0.302,0.275,0.44,0,0,1,1
0.305,0.275,0.44,0,0,1,1
0.308,0.275,0.44,0,0,1,1
0.311,0.275,0.44,0,0,1,1
0.314,0.275,0.44,0,0,1,1
0.317,0.275,0.44,0,0,1,1
0.32,0.275,0.44,0,0,1,1
0.323,0.275,0.44,0,0,1,1
0.326,0.275,0.44,0,0,1,1
0.329,0.275,0.44,0,0,1,1
0.332,0.275,0.44,0,0,1,1
0.335,0.275,0.44,0,0,1,1
0.338,0.275,0.44,0,0,1,1
0.341,0.275,0.44,0,0,1,1
0.14,0.272,0.44,0,0,1,1
0.143,0.272,0.44,0,0,1,1
0.146,0.272,0.44,0,0,1,1
0.149,0.272,0.44,0,0,1,1
0.152,0.272,0.44,0,0,1,1
0.155,0.272,0.44,0,0,1,1
0.158,0.272,0.44,0,0,1,1
0.161,0.272,0.44,0,0,1,1
0.164,0.272,0.44,0,0,1,1
0.167,0.272,0.44,0,0,1,1
0.17,0.272,0.44,0,0,1,1
0.173,0.272,0.44,0,0,1,1
0.176,0.272,0.44,0,0,1,1
0.179,0.272,0.44,0,0,1,1
0.182,0.272,0.44,0,0,1,1
0.185,0.272,0.44,0,0,1,1
0.188,0.272,0.44,0,0,1,1
0.191,0.272,0.44,0,0,1,1
0.194,0.272,0.44,0,0,1,1
0.197,0.272,0.44,0,0,1,1
0.2,0.272,0.44,0,0,1,1
0.203,0.272,0.44,0,0,1,1
0.206,0.272,0.44,0,0,1,1
0.209,0.272,0.44,0,0,1,1
0.212,0.272,0.44,0,0,1,1
0.215,0.272,0.44,0,0,1,1
0.218,0.272,0.44,0,0,1,1
0.221,0.272,0.44,0,0,1,1
0.224,0.272,0.44,0,0,1,1
0.227,0.272,0.44,0,0,1,1
0.23,0.272,0.44,0,0,1,1
0.233,0.272,0.44,0,0,1,1
0.236,0.272,0.44,0,0,1,1
0.239,0.272,0.44,0,0,1,1
0.242,0.272,0.44,0,0,1,1
0.245,0.272,0.44,0,0,1,1
0.248,0.272,0.44,0,0,1,1
0.251,0.272,0.44,0,0,1,1
0.254,0.272,0.44,0,0,1,1
0.257,0.272,0.44,0,0,1,1
0.26,0.272,0.44,0,0,1,1
0.263,0.272,0.44,0,0,1,1
0.266,0.272,0.44,0,0,1,1
0.269,0.272,0.44,0,0,1,1
0.272,0.272,0.44,0,0,1,1
0.275,0.272,0.44,0,0,1,1
0.278,0.272,0.44,0,0,1,1
0.281,0.272,0.44,0,0,1,1
0.284,0.272,0.44,0,0,1,1
0.287,0.272,0.44,0,0,1,1
0.29,0.272,0.44,0,0,1,1
0.293,0.272,0.44,0,0,1,1
0.296,0.272,0.44,0,0,1,1
0.299,0.272,0.44,0,0,1,1
0.302,0.272,0.44,0,0,1,1
0.305,0.272,0.44,0,0,1,1
0.308,0.272,0.44,0,0,1,1
0.311,0.272,0.44,0,0,1,1
0.314,0.272,0.44,0,0,1,1
0.317,0.272,0.44,0,0,1,1
0.32,0.272,0.44,0,0,1,1
0.323,0.272,0.44,0,0,1,1
0.326,0.272,0.44,0,0,1,1
0.329,0.272,0.44,0,0,1,1
0.332,0.272,0.44,0,0,1,1
0.335,0.272,0.44,0,0,1,1
0.338,0.272,0.44,0,0,1,1
0.341,0.272,0.44,0,0,1,1
0.14,0.269,0.44,0,0,1,1
0.143,0.269,0.44,0,0,1,1
0.146,0.269,0.44,0,0,1,1
0.149,0.269,0.44,0,0,1,1
0.152,0.269,0.44,0,0,1,1
0.155,0.269,0.44,0,0,1,1
0.158,0.269,0.44,0,0,1,1
0.161,0.269,0.44,0,0,1,1
0.164,0.269,0.44,0,0,1,1
0.167,0.269,0.44,0,0,1,1
0.17,0.269,0.44,0,0,1,1
0.173,0.269,0.44,0,0,1,1
0.176,0.269,0.44,0,0,1,1
0.179,0.269,0.44,0,0,1,1
0.182,0.269,0.44,0,0,1,1
0.185,0.269,0.44,0,0,1,1
0.188,0.269,0.44,0,0,1,1
0.191,0.269,0.44,0,0,1,1
0.194,0.269,0.44,0,0,1,1
0.197,0.269,0.44,0,0,1,1
0.2,0.269,0.44,0,0,1,1
0.203,0.269,0.44,0,0,1,1
0.206,0.269,0.44,0,0,1,1
0.209,0.269,0.44,0,0,1,1
0.212,0.269,0.44,0,0,1,1
0.215,0.269,0.44,0,0,1,1
0.218,0.269,0.44,0,0,1,1
0.221,0.269,0.44,0,0,1,1
0.224,0.269,0.44,0,0,1,1
0.227,0.269,0.44,0,0,1,1
0.23,0.269,0.44,0,0,1,1
0.233,0.269,0.44,0,0,1,1
0.236,0.269,0.44,0,0,1,1
0.239,0.269,0.44,0,0,1,1
0.242,0.269,0.44,0,0,1,1
0.245,0.269,0.44,0,0,1,1
0.248,0.269,0.44,0,0,1,1
0.251,0.269,0.44,0,0,1,1
0.254,0.269,0.44,0,0,1,1
0.257,0.269,0.44,0,0,1,1
0.26,0.269,0.44,0,0,1,1
0.263,0.269,0.44,0,0,1,1
0.266,0.269,0.44,0,0,1,1
0.269,0.269,0.44,0,0,1,1
0.272,0.269,0.44,0,0,1,1
0.275,0.269,0.44,0,0,1,1
0.278,0.269,0.44,0,0,1,1
0.281,0.269,0.44,0,0,1,1
0.284,0.269,0.44,0,0,1,1
0.287,0.269,0.44,0,0,1,1
0.29,0.269,0.44,0,0,1,1
0.293,0.269,0.44,0,0,1,1
0.296,0.269,0.44,0,0,1,1
0.299,0.269,0.44,0,0,1,1
0.302,0.269,0.44,0,0,1,1
0.305,0.269,0.44,0,0,1,1
0.308,0.269,0.44,0,0,1,1
0.311,0.269,0.44,0,0,1,1
0.314,0.269,0.44,0,0,1,1
0.317,0.269,0.44,0,0,1,1
0.32,0.269,0.44,0,0,1,1
0.323,0.269,0.44,0,0,1,1
0.326,0.269,0.44,0,0,1,1
0.329,0.269,0.44,0,0,1,1
0.332,0.269,0.44,0,0,1,1
0.335,0.269,0.44,0,0,1,1
0.338,0.269,0.44,0,0,1,1
0.341,0.269,0.44,0,0,1,1
0.39,0.1,0.25,0,0,1,2
0.39,0.1,0.253,0,0,1,2
0.39,0.1,0.256,0,0,1,2
0.39,0.1,0.259,0,0,1,2
0.39,0.1,0.262,0,0,1,2
0.39,0.1,0.265,0,0,1,2
0.39,0.1,0.268,0,0,1,2
0.39,0.1,0.271,0,0,1,2
0.39,0.1,0.274,0,0,1,2
0.39,0.1,0.277,0,0,1,2
0.39,0.1,0.28,0,0,1,2
0.39,0.1,0.283,0,0,1,2
0.39,0.1,0.286,0,0,1,2
0.39,0.1,0.289,0,0,1,2
0.39,0.1,0.292,0,0,1,2
0.39,0.1,0.295,0,0,1,2
0.39,0.1,0.298,0,0,1,2
0.39,0.1,0.301,0,0,1,2
0.39,0.1,0.304,0,0,1,2
0.39,0.1,0.307,0,0,1,2
0.39,0.1,0.31,0,0,1,2
0.39,0.1,0.313,0,0,1,2
0.39,0.1,0.316,0,0,1,2
0.39,0.1,0.319,0,0,1,2
0.39,0.1,0.322,0,0,1,2
0.39,0.1,0.325,0,0,1,2
0.39,0.1,0.328,0,0,1,2
0.39,0.1,0.331,0,0,1,2
0.39,0.1,0.334,0,0,1,2
0.39,0.1,0.337,0,0,1,2
0.39,0.1,0.34,0,0,1,2
0.39,0.1,0.343,0,0,1,2
0.39,0.1,0.346,0,0,1,2
0.39,0.1,0.349,0,0,1,2
0.39,0.1,0.352,0,0,1,2
0.39,0.1,0.355,0,0,1,2
0.39,0.1,0.358,0,0,1,2
0.39,0.1,0.361,0,0,1,2
0.39,0.1,0.364,0,0,1,2
0.39,0.1,0.367,0,0,1,2
0.39,0.1,0.37,0,0,1,2
0.39,0.1,0.373,0,0,1,2
0.39,0.1,0.376,0,0,1,2
0.39,0.1,0.379,0,0,1,2
0.39,0.1,0.382,0,0,1,2
0.39,0.1,0.385,0,0,1,2
0.39,0.1,0.388,0,0,1,2
0.39,0.1,0.391,0,0,1,2
0.39,0.1,0.394,0,0,1,2
0.39,0.1,0.397,0,0,1,2
0.39,0.1,0.4,0,0,1,2
0.39,0.1,0.403,0,0,1,2
0.39,0.1,0.406,0,0,1,2
0.39,0.1,0.409,0,0,1,2
0.39,0.1,0.412,0,0,1,2
0.39,0.1,0.415,0,0,1,2
0.39,0.1,0.418,0,0,1,2
0.39,0.1,0.420999,0,0,1,2
0.39,0.1,0.423999,0,0,1,2
0.39,0.1,0.426999,0,0,1,2
0.39,0.1,0.429999,0,0,1,2
0.39,0.1,0.432999,0,0,1,2
0.39,0.1,0.435999,0,0,1,2
0.39,0.1,0.438999,0,0,1,2
0.39,0.1,0.441999,0,0,1,2
0.39,0.1,0.444999,0,0,1,2
0.39,0.1,0.447999,0,0,1,2
0.39,0.1,0.450999,0,0,1,2
0.393,0.1,0.25,0,0,1,2
0.393,0.1,0.253,0,0,1,2
0.393,0.1,0.256,0,0,1,2
0.393,0.1,0.259,0,0,1,2
0.393,0.1,0.262,0,0,1,2
0.393,0.1,0.265,0,0,1,2
0.393,0.1,0.268,0,0,1,2
0.393,0.1,0.271,0,0,1,2
0.393,0.1,0.274,0,0,1,2
0.393,0.1,0.277,0,0,1,2
0.393,0.1,0.28,0,0,1,2
0.393,0.1,0.283,0,0,1,2
0.393,0.1,0.286,0,0,1,2
0.393,0.1,0.289,0,0,1,2
0.393,0.1,0.292,0,0,1,2
0.393,0.1,0.295,0,0,1,2
0.393,0.1,0.298,0,0,1,2
0.393,0.1,0.301,0,0,1,2
0.393,0.1,0.304,0,0,1,2
0.393,0.1,0.307,0,0,1,2
0.393,0.1,0.31,0,0,1,2
0.393,0.1,0.313,0,0,1,2
0.393,0.1,0.316,0,0,1,2
0.393,0.1,0.319,0,0,1,2
0.393,0.1,0.322,0,0,1,2
0.393,0.1,0.325,0,0,1,2
0.393,0.1,0.328,0,0,1,2
0.393,0.1,0.331,0,0,1,2
0.393,0.1,0.334,0,0,1,2
0.393,0.1,0.337,0,0,1,2
0.393,0.1,0.34,0,0,1,2
0.393,0.1,0.343,0,0,1,2
0.393,0.1,0.346,0,0,1,2
0.393,0.1,0.349,0,0,1,2
0.393,0.1,0.352,0,0,1,2
0.393,0.1,0.355,0,0,1,2
0.393,0.1,0.358,0,0,1,2
0.393,0.1,0.361,0,0,1,2
0.393,0.1,0.364,0,0,1,2
0.393,0.1,0.367,0,0,1,2
0.393,0.1,0.37,0,0,1,2
0.393,0.1,0.373,0,0,1,2
0.393,0.1,0.376,0,0,1,2
0.393,0.1,0.379,0,0,1,2
0.393,0.1,0.382,0,0,1,2
0.393,0.1,0.385,0,0,1,2
0.393,0.1,0.388,0,0,1,2
0.393,0.1,0.391,0,0,1,2
0.393,0.1,0.394,0,0,1,2
0.393,0.1,0.397,0,0,1,2
0.393,0.1,0.4,0,0,1,2
0.393,0.1,0.403,0,0,1,2
0.393,0.1,0.406,0,0,1,2
0.393,0.1,0.409,0,0,1,2
0.393,0.1,0.412,0,0,1,2
0.393,0.1,0.415,0,0,1,2
0.393,0.1,0.418,0,0,1,2
0.393,0.1,0.420999,0,0,1,2
0.393,0.1,0.423999,0,0,1,2
0.393,0.1,0.426999,0,0,1,2
0.393,0.1,0.429999,0,0,1,2
0.393,0.1,0.432999,0,0,1,2
0.393,0.1,0.435999,0,0,1,2
0.393,0.1,0.438999,0,0,1,2
0.393,0.1,0.441999,0,0,1,2
0.393,0.1,0.444999,0,0,1,2
0.393,0.1,0.447999,0,0,1,2
0.393,0.1,0.450999,0,0,1,2
0.396,0.1,0.25,0,0,1,2
0.396,0.1,0.253,0,0,1,2
0.396,0.1,0.256,0,0,1,2
0.396,0.1,0.259,0,0,1,2
0.396,0.1,0.262,0,0,1,2
0.396,0.1,0.265,0,0,1,2
0.396,0.1,0.268,0,0,1,2
0.396,0.1,0.271,0,0,1,2
0.396,0.1,0.274,0,0,1,2
0.396,0.1,0.277,0,0,1,2
0.396,0.1,0.28,0,0,1,2
0.396,0.1,0.283,0,0,1,2
0.396,0.1,0.286,0,0,1,2
0.396,0.1,0.289,0,0,1,2
0.396,0.1,0.292,0,0,1,2
0.396,0.1,0.295,0,0,1,2
0.396,0.1,0.298,0,0,1,2
0.396,0.1,0.301,0,0,1,2
0.396,0.1,0.304,0,0,1,2
0.396,0.1,0.307,0,0,1,2
0.396,0.1,0.31,0,0,1,2
0.396,0.1,0.313,0,0,1,2
0.396,0.1,0.316,0,0,1,2
0.396,0.1,0.319,0,0,1,2
0.396,0.1,0.322,0,0,1,2
0.396,0.1,0.325,0,0,1,2
0.396,0.1,0.328,0,0,1,2
0.396,0.1,0.331,0,0,1,2
0.396,0.1,0.334,0,0,1,2
0.396,0.1,0.337,0,0,1,2
0.396,0.1,0.34,0,0,1,2
0.396,0.1,0.343,0,0,1,2
0.396,0.1,0.346,0,0,1,2
0.396,0.1,0.349,0,0,1,2
0.396,0.1,0.352,0,0,1,2
0.396,0.1,0.355,0,0,1,2
0.396,0.1,0.358,0,0,1,2
0.396,0.1,0.361,0,0,1,2
0.396,0.1,0.364,0,0,1,2
0.396,0.1,0.367,0,0,1,2
0.396,0.1,0.37,0,0,1,2
0.396,0.1,0.373,0,0,1,2
0.396,0.1,0.376,0,0,1,2
0.396,0.1,0.379,0,0,1,2
0.396,0.1,0.382,0,0,1,2
0.396,0.1,0.385,0,0,1,2
0.396,0.1,0.388,0,0,1,2
0.396,0.1,0.391,0,0,1,2
0.396,0.1,0.394,0,0,1,2
0.396,0.1,0.397,0,0,1,2
0.396,0.1,0.4,0,0,1,2
0.396,0.1,0.403,0,0,1,2
0.396,0.1,0.406,0,0,1,2
0.396,0.1,0.409,0,0,1,2
0.396,0.1,0.412,0,0,1,2
0.396,0.1,0.415,0,0,1,2
0.396,0.1,0.418,0,0,1,2
0.396,0.1,0.420999,0,0,1,2
0.396,0.1,0.423999,0,0,1,2
0.396,0.1,0.426999,0,0,1,2
0.396,0.1,0.429999,0,0,1,2
0.396,0.1,0.432999,0,0,1,2
0.396,0.1,0.435999,0,0,1,2
0.396,0.1,0.438999,0,0,1,2
0.396,0.1,0.441999,0,0,1,2
0.396,0.1,0.444999,0,0,1,2
0.396,0.1,0.447999,0,0,1,2
0.396,0.1,0.450999,0,0,1,2
0.399,0.1,0.25,0,0,1,2
0.399,0.1,0.253,0,0,1,2
0.399,0.1,0.256,0,0,1,2
0.399,0.1,0.259,0,0,1,2
0.399,0.1,0.262,0,0,1,2
0.399,0.1,0.265,0,0,1,2
0.399,0.1,0.268,0,0,1,2
0.399,0.1,0.271,0,0,1,2
0.399,0.1,0.274,0,0,1,2
0.399,0.1,0.277,0,0,1,2
0.399,0.1,0.28,0,0,1,2
0.399,0.1,0.283,0,0,1,2
0.399,0.1,0.286,0,0,1,2
0.399,0.1,0.289,0,0,1,2
0.399,0.1,0.292,0,0,1,2
0.399,0.1,0.295,0,0,1,2
0.399,0.1,0.298,0,0,1,2
0.399,0.1,0.301,0,0,1,2
0.399,0.1,0.304,0,0,1,2
0.399,0.1,0.307,0,0,1,2
0.399,0.1,0.31,0,0,1,2
0.399,0.1,0.313,0,0,1,2
0.399,0.1,0.316,0,0,1,2
0.399,0.1,0.319,0,0,1,2
0.399,0.1,0.322,0,0,1,2
0.399,0.1,0.325,0,0,1,2
0.399,0.1,0.328,0,0,1,2
0.399,0.1,0.331,0,0,1,2
0.399,0.1,0.334,0,0,1,2
0.399,0.1,0.337,0,0,1,2
0.399,0.1,0.34,0,0,1,2
0.399,0.1,0.343,0,0,1,2
0.399,0.1,0.346,0,0,1,2
0.399,0.1,0.349,0,0,1,2
0.399,0.1,0.352,0,0,1,2
0.399,0.1,0.355,0,0,1,2
0.399,0.1,0.358,0,0,1,2
0.399,0.1,0.361,0,0,1,2
0.399,0.1,0.364,0,0,1,2
0.399,0.1,0.367,0,0,1,2
0.399,0.1,0.37,0,0,1,2
0.399,0.1,0.373,0,0,1,2
0.399,0.1,0.376,0,0,1,2
0.399,0.1,0.379,0,0,1,2
0.399,0.1,0.382,0,0,1,2
0.399,0.1,0.385,0,0,1,2
0.399,0.1,0.388,0,0,1,2
0.399,0.1,0.391,0,0,1,2
0.399,0.1,0.394,0,0,1,2
0.399,0.1,0.397,0,0,1,2
0.399,0.1,0.4,0,0,1,2
0.399,0.1,0.403,0,0,1,2
0.399,0.1,0.406,0,0,1,2
0.399,0.1,0.409,0,0,1,2
0.399,0.1,0.412,0,0,1,2
0.399,0.1,0.415,0,0,1,2
0.399,0.1,0.418,0,0,1,2
0.399,0.1,0.420999,0,0,1,2
0.399,0.1,0.423999,0,0,1,2
0.399,0.1,0.426999,0,0,1,2
0.399,0.1,0.429999,0,0,1,2
0.399,0.1,0.432999,0,0,1,2
0.399,0.1,0.435999,0,0,1,2
0.399,0.1,0.438999,0,0,1,2
0.399,0.1,0.441999,0,0,1,2
0.399,0.1,0.444999,0,0,1,2
0.399,0.1,0.447999,0,0,1,2
0.399,0.1,0.450999,0,0,1,2
0.402,0.1,0.25,0,0,1,2
0.402,0.1,0.253,0,0,1,2
0.402,0.1,0.256,0,0,1,2
0.402,0.1,0.259,0,0,1,2
0.402,0.1,0.262,0,0,1,2
0.402,0.1,0.265,0,0,1,2
0.402,0.1,0.268,0,0,1,2
0.402,0.1,0.271,0,0,1,2
0.402,0.1,0.274,0,0,1,2
0.402,0.1,0.277,0,0,1,2
0.402,0.1,0.28,0,0,1,2
0.402,0.1,0.283,0,0,1,2
0.402,0.1,0.286,0,0,1,2
0.402,0.1,0.289,0,0,1,2
0.402,0.1,0.292,0,0,1,2
0.402,0.1,0.295,0,0,1,2
0.402,0.1,0.298,0,0,1,2
0.402,0.1,0.301,0,0,1,2
0.402,0.1,0.304,0,0,1,2
0.402,0.1,0.307,0,0,1,2
0.402,0.1,0.31,0,0,1,2
0.402,0.1,0.313,0,0,1,2
0.402,0.1,0.316,0,0,1,2
0.402,0.1,0.319,0,0,1,2
0.402,0.1,0.322,0,0,1,2
0.402,0.1,0.325,0,0,1,2
0.402,0.1,0.328,0,0,1,2
0.402,0.1,0.331,0,0,1,2
0.402,0.1,0.334,0,0,1,2
0.402,0.1,0.337,0,0,1,2
0.402,0.1,0.34,0,0,1,2
0.402,0.1,0.343,0,0,1,2
0.402,0.1,0.346,0,0,1,2
0.402,0.1,0.349,0,0,1,2
0.402,0.1,0.352,0,0,1,2
0.402,0.1,0.355,0,0,1,2
0.402,0.1,0.358,0,0,1,2
0.402,0.1,0.361,0,0,1,2
0.402,0.1,0.364,0,0,1,2
0.402,0.1,0.367,0,0,1,2
0.402,0.1,0.37,0,0,1,2
0.402,0.1,0.373,0,0,1,2
0.402,0.1,0.376,0,0,1,2
0.402,0.1,0.379,0,0,1,2
0.402,0.1,0.382,0,0,1,2
0.402,0.1,0.385,0,0,1,2
0.402,0.1,0.388,0,0,1,2
0.402,0.1,0.391,0,0,1,2
0.402,0.1,0.394,0,0,1,2
0.402,0.1,0.397,0,0,1,2
0.402,0.1,0.4,0,0,1,2
0.402,0.1,0.403,0,0,1,2
0.402,0.1,0.406,0,0,1,2
0.402,0.1,0.409,0,0,1,2
0.402,0.1,0.412,0,0,1,2
0.402,0.1,0.415,0,0,1,2
0.402,0.1,0.418,0,0,1,2
0.402,0.1,0.420999,0,0,1,2
0.402,0.1,0.423999,0,0,1,2
0.402,0.1,0.426999,0,0,1,2
0.402,0.1,0.429999,0,0,1,2
0.402,0.1,0.432999,0,0,1,2
0.402,0.1,0.435999,0,0,1,2
0.402,0.1,0.438999,0,0,1,2
0.402,0.1,0.441999,0,0,1,2
0.402,0.1,0.444999,0,0,1,2
0.402,0.1,0.447999,0,0,1,2
0.402,0.1,0.450999,0,0,1,2
0.405,0.1,0.25,0,0,1,2
0.405,0.1,0.253,0,0,1,2
0.405,0.1,0.256,0,0,1,2
0.405,0.1,0.259,0,0,1,2
0.405,0.1,0.262,0,0,1,2
0.405,0.1,0.265,0,0,1,2
0.405,0.1,0.268,0,0,1,2
0.405,0.1,0.271,0,0,1,2
0.405,0.1,0.274,0,0,1,2
0.405,0.1,0.277,0,0,1,2
0.405,0.1,0.28,0,0,1,2
0.405,0.1,0.283,0,0,1,2
0.405,0.1,0.286,0,0,1,2
0.405,0.1,0.289,0,0,1,2
0.405,0.1,0.292,0,0,1,2
0.405,0.1,0.295,0,0,1,2
0.405,0.1,0.298,0,0,1,2
0.405,0.1,0.301,0,0,1,2
0.405,0.1,0.304,0,0,1,2
0.405,0.1,0.307,0,0,1,2
0.405,0.1,0.31,0,0,1,2
0.405,0.1,0.313,0,0,1,2
0.405,0.1,0.316,0,0,1,2
0.405,0.1,0.319,0,0,1,2
0.405,0.1,0.322,0,0,1,2
0.405,0.1,0.325,0,0,1,2
0.405,0.1,0.328,0,0,1,2
0.405,0.1,0.331,0,0,1,2
0.405,0.1,0.334,0,0,1,2
0.405,0.1,0.337,0,0,1,2
0.405,0.1,0.34,0,0,1,2
0.405,0.1,0.343,0,0,1,2
0.405,0.1,0.346,0,0,1,2
0.405,0.1,0.349,0,0,1,2
0.405,0.1,0.352,0,0,1,2
0.405,0.1,0.355,0,0,1,2
0.405,0.1,0.358,0,0,1,2
0.405,0.1,0.361,0,0,1,2
0.405,0.1,0.364,0,0,1,2
0.405,0.1,0.367,0,0,1,2
0.405,0.1,0.37,0,0,1,2
0.405,0.1,0.373,0,0,1,2
0.405,0.1,0.376,0,0,1,2
0.405,0.1,0.379,0,0,1,2
0.405,0.1,0.382,0,0,1,2
0.405,0.1,0.385,0,0,1,2
0.405,0.1,0.388,0,0,1,2
0.405,0.1,0.391,0,0,1,2
0.405,0.1,0.394,0,0,1,2
0.405,0.1,0.397,0,0,1,2
0.405,0.1,0.4,0,0,1,2
0.405,0.1,0.403,0,0,1,2
0.405,0.1,0.406,0,0,1,2
0.405,0.1,0.409,0,0,1,2
0.405,0.1,0.412,0,0,1,2
0.405,0.1,0.415,0,0,1,2
0.405,0.1,0.418,0,0,1,2
0.405,0.1,0.420999,0,0,1,2
0.405,0.1,0.423999,0,0,1,2
0.405,0.1,0.426999,0,0,1,2
0.405,0.1,0.429999,0,0,1,2
0.405,0.1,0.432999,0,0,1,2
0.405,0.1,0.435999,0,0,1,2
0.405,0.1,0.438999,0,0,1,2
0.405,0.1,0.441999,0,0,1,2
0.405,0.1,0.444999,0,0,1,2
0.405,0.1,0.447999,0,0,1,2
0.405,0.1,0.450999,0,0,1,2
0.408,0.1,0.25,0,0,1,2
0.408,0.1,0.253,0,0,1,2
0.408,0.1,0.256,0,0,1,2
0.408,0.1,0.259,0,0,1,2
0.408,0.1,0.262,0,0,1,2
0.408,0.1,0.265,0,0,1,2
0.408,0.1,0.268,0,0,1,2
0.408,0.1,0.271,0,0,1,2
0.408,0.1,0.274,0,0,1,2
0.408,0.1,0.277,0,0,1,2
0.408,0.1,0.28,0,0,1,2
0.408,0.1,0.283,0,0,1,2
0.408,0.1,0.286,0,0,1,2
0.408,0.1,0.289,0,0,1,2
0.408,0.1,0.292,0,0,1,2
0.408,0.1,0.295,0,0,1,2
0.408,0.1,0.298,0,0,1,2
0.408,0.1,0.301,0,0,1,2
0.408,0.1,0.304,0,0,1,2
0.408,0.1,0.307,0,0,1,2
0.408,0.1,0.31,0,0,1,2
0.408,0.1,0.313,0,0,1,2
0.408,0.1,0.316,0,0,1,2
0.408,0.1,0.319,0,0,1,2
0.408,0.1,0.322,0,0,1,2
0.408,0.1,0.325,0,0,1,2
0.408,0.1,0.328,0,0,1,2
0.408,0.1,0.331,0,0,1,2
0.408,0.1,0.334,0,0,1,2
0.408,0.1,0.337,0,0,1,2
0.408,0.1,0.34,0,0,1,2
0.408,0.1,0.343,0,0,1,2
0.408,0.1,0.346,0,0,1,2
0.408,0.1,0.349,0,0,1,2
0.408,0.1,0.352,0,0,1,2
0.408,0.1,0.355,0,0,1,2
0.408,0.1,0.358,0,0,1,2
0.408,0.1,0.361,0,0,1,2
0.408,0.1,0.364,0,0,1,2
0.408,0.1,0.367,0,0,1,2
0.408,0.1,0.37,0,0,1,2
0.408,0.1,0.373,0,0,1,2
0.408,0.1,0.376,0,0,1,2
0.408,0.1,0.379,0,0,1,2
0.408,0.1,0.382,0,0,1,2
0.408,0.1,0.385,0,0,1,2
0.408,0.1,0.388,0,0,1,2
0.408,0.1,0.391,0,0,1,2
0.408,0.1,0.394,0,0,1,2
0.408,0.1,0.397,0,0,1,2
0.408,0.1,0.4,0,0,1,2
0.408,0.1,0.403,0,0,1,2
0.408,0.1,0.406,0,0,1,2
0.408,0.1,0.409,0,0,1,2
0.408,0.1,0.412,0,0,1,2
0.408,0.1,0.415,0,0,1,2
0.408,0.1,0.418,0,0,1,2
0.408,0.1,0.420999,0,0,1,2
0.408,0.1,0.423999,0,0,1,2
0.408,0.1,0.426999,0,0,1,2
0.408,0.1,0.429999,0,0,1,2
0.408,0.1,0.432999,0,0,1,2
0.408,0.1,0.435999,0,0,1,2
0.408,0.1,0.438999,0,0,1,2
0.408,0.1,0.441999,0,0,1,2
0.408,0.1,0.444999,0,0,1,2
0.408,0.1,0.447999,0,0,1,2
0.408,0.1,0.450999,0,0,1,2
0.411,0.1,0.25,0,0,1,2
0.411,0.1,0.253,0,0,1,2
0.411,0.1,0.256,0,0,1,2
0.411,0.1,0.259,0,0,1,2
0.411,0.1,0.262,0,0,1,2
0.411,0.1,0.265,0,0,1,2
0.411,0.1,0.268,0,0,1,2
0.411,0.1,0.271,0,0,1,2
0.411,0.1,0.274,0,0,1,2
0.411,0.1,0.277,0,0,1,2
0.411,0.1,0.28,0,0,1,2
0.411,0.1,0.283,0,0,1,2
0.411,0.1,0.286,0,0,1,2
0.411,0.1,0.289,0,0,1,2
0.411,0.1,0.292,0,0,1,2
0.411,0.1,0.295,0,0,1,2
0.411,0.1,0.298,0,0,1,2
0.411,0.1,0.301,0,0,1,2
0.411,0.1,0.304,0,0,1,2
0.411,0.1,0.307,0,0,1,2
0.411,0.1,0.31,0,0,1,2
0.411,0.1,0.313,0,0,1,2
0.411,0.1,0.316,0,0,1,2
0.411,0.1,0.319,0,0,1,2
0.411,0.1,0.322,0,0,1,2
0.411,0.1,0.325,0,0,1,2
0.411,0.1,0.328,0,0,1,2
0.411,0.1,0.331,0,0,1,2
0.411,0.1,0.334,0,0,1,2
0.411,0.1,0.337,0,0,1,2
0.411,0.1,0.34,0,0,1,2
0.411,0.1,0.343,0,0,1,2
0.411,0.1,0.346,0,0,1,2
0.411,0.1,0.349,0,0,1,2
0.411,0.1,0.352,0,0,1,2
0.411,0.1,0.355,0,0,1,2
0.411,0.1,0.358,0,0,1,2
0.411,0.1,0.361,0,0,1,2
0.411,0.1,0.364,0,0,1,2
0.411,0.1,0.367,0,0,1,2
0.411,0.1,0.37,0,0,1,2
0.411,0.1,0.373,0,0,1,2
0.411,0.1,0.376,0,0,1,2
0.411,0.1,0.379,0,0,1,2
0.411,0.1,0.382,0,0,1,2
0.411,0.1,0.385,0,0,1,2
0.411,0.1,0.388,0,0,1,2
0.411,0.1,0.391,0,0,1,2
0.411,0.1,0.394,0,0,1,2
0.411,0.1,0.397,0,0,1,2
0.411,0.1,0.4,0,0,1,2
0.411,0.1,0.403,0,0,1,2
0.411,0.1,0.406,0,0,1,2
0.411,0.1,0.409,0,0,1,2
0.411,0.1,0.412,0,0,1,2
0.411,0.1,0.415,0,0,1,2
0.411,0.1,0.418,0,0,1,2
0.411,0.1,0.420999,0,0,1,2
0.411,0.1,0.423999,0,0,1,2
0.411,0.1,0.426999,0,0,1,2
0.411,0.1,0.429999,0,0,1,2
0.411,0.1,0.432999,0,0,1,2
0.411,0.1,0.435999,0,0,1,2
0.411,0.1,0.438999,0,0,1,2
0.411,0.1,0.441999,0,0,1,2
0.411,0.1,0.444999,0,0,1,2
0.411,0.1,0.447999,0,0,1,2
0.411,0.1,0.450999,0,0,1,2
0.414,0.1,0.25,0,0,1,2
0.414,0.1,0.253,0,0,1,2
0.414,0.1,0.256,0,0,1,2
0.414,0.1,0.259,0,0,1,2
0.414,0.1,0.262,0,0,1,2
0.414,0.1,0.265,0,0,1,2
0.414,0.1,0.268,0,0,1,2
0.414,0.1,0.271,0,0,1,2
0.414,0.1,0.274,0,0,1,2
0.414,0.1,0.277,0,0,1,2
0.414,0.1,0.28,0,0,1,2
0.414,0.1,0.283,0,0,1,2
0.414,0.1,0.286,0,0,1,2
0.414,0.1,0.289,0,0,1,2
0.414,0.1,0.292,0,0,1,2
0.414,0.1,0.295,0,0,1,2
0.414,0.1,0.298,0,0,1,2
0.414,0.1,0.301,0,0,1,2
0.414,0.1,0.304,0,0,1,2
0.414,0.1,0.307,0,0,1,2
0.414,0.1,0.31,0,0,1,2
0.414,0.1,0.313,0,0,1,2
0.414,0.1,0.316,0,0,1,2
0.414,0.1,0.319,0,0,1,2
0.414,0.1,0.322,0,0,1,2
0.414,0.1,0.325,0,0,1,2
0.414,0.1,0.328,0,0,1,2
0.414,0.1,0.331,0,0,1,2
0.414,0.1,0.334,0,0,1,2
0.414,0.1,0.337,0,0,1,2
0.414,0.1,0.34,0,0,1,2
0.414,0.1,0.343,0,0,1,2
0.414,0.1,0.346,0,0,1,2
0.414,0.1,0.349,0,0,1,2
0.414,0.1,0.352,0,0,1,2
0.414,0.1,0.355,0,0,1,2
0.414,0.1,0.358,0,0,1,2
0.414,0.1,0.361,0,0,1,2
0.414,0.1,0.364,0,0,1,2
0.414,0.1,0.367,0,0,1,2
0.414,0.1,0.37,0,0,1,2
0.414,0.1,0.373,0,0,1,2
0.414,0.1,0.376,0,0,1,2
0.414,0.1,0.379,0,0,1,2
0.414,0.1,0.382,0,0,1,2
0.414,0.1,0.385,0,0,1,2
0.414,0.1,0.388,0,0,1,2
0.414,0.1,0.391,0,0,1,2
0.414,0.1,0.394,0,0,1,2
0.414,0.1,0.397,0,0,1,2
0.414,0.1,0.4,0,0,1,2
0.414,0.1,0.403,0,0,1,2
0.414,0.1,0.406,0,0,1,2
0.414,0.1,0.409,0,0,1,2
0.414,0.1,0.412,0,0,1,2
0.414,0.1,0.415,0,0,1,2
0.414,0.1,0.418,0,0,1,2
0.414,0.1,0.420999,0,0,1,2
0.414,0.1,0.423999,0,0,1,2
0.414,0.1,0.426999,0,0,1,2
0.414,0.1,0.429999,0,0,1,2
0.414,0.1,0.432999,0,0,1,2
0.414,0.1,0.435999,0,0,1,2
0.414,0.1,0.438999,0,0,1,2
0.414,0.1,0.441999,0,0,1,2
0.414,0.1,0.444999,0,0,1,2
0.414,0.1,0.447999,0,0,1,2
0.414,0.1,0.450999,0,0,1,2
0.417,0.1,0.25,0,0,1,2
0.417,0.1,0.253,0,0,1,2
0.417,0.1,0.256,0,0,1,2
0.417,0.1,0.259,0,0,1,2
0.417,0.1,0.262,0,0,1,2
0.417,0.1,0.265,0,0,1,2
0.417,0.1,0.268,0,0,1,2
0.417,0.1,0.271,0,0,1,2
0.417,0.1,0.274,0,0,1,2
0.417,0.1,0.277,0,0,1,2
0.417,0.1,0.28,0,0,1,2
0.417,0.1,0.283,0,0,1,2
0.417,0.1,0.286,0,0,1,2
0.417,0.1,0.289,0,0,1,2
0.417,0.1,0.292,0,0,1,2
0.417,0.1,0.295,0,0,1,2
0.417,0.1,0.298,0,0,1,2
0.417,0.1,0.301,0,0,1,2
0.417,0.1,0.304,0,0,1,2
0.417,0.1,0.307,0,0,1,2
0.417,0.1,0.31,0,0,1,2
0.417,0.1,0.313,0,0,1,2
0.417,0.1,0.316,0,0,1,2
0.417,0.1,0.319,0,0,1,2
0.417,0.1,0.322,0,0,1,2
0.417,0.1,0.325,0,0,1,2
0.417,0.1,0.328,0,0,1,2
0.417,0.1,0.331,0,0,1,2
0.417,0.1,0.334,0,0,1,2
0.417,0.1,0.337,0,0,1,2
0.417,0.1,0.34,0,0,1,2
0.417,0.1,0.343,0,0,1,2
0.417,0.1,0.346,0,0,1,2
0.417,0.1,0.349,0,0,1,2
0.417,0.1,0.352,0,0,1,2
0.417,0.1,0.355,0,0,1,2
0.417,0.1,0.358,0,0,1,2
0.417,0.1,0.361,0,0,1,2
0.417,0.1,0.364,0,0,1,2
0.417,0.1,0.367,0,0,1,2
0.417,0.1,0.37,0,0,1,2
0.417,0.1,0.373,0,0,1,2
0.417,0.1,0.376,0,0,1,2
0.417,0.1,0.379,0,0,1,2
0.417,0.1,0.382,0,0,1,2
0.417,0.1,0.385,0,0,1,2
0.417,0.1,0.388,0,0,1,2
0.417,0.1,0.391,0,0,1,2
0.417,0.1,0.394,0,0,1,2
0.417,0.1,0.397,0,0,1,2
0.417,0.1,0.4,0,0,1,2
0.417,0.1,0.403,0,0,1,2
0.417,0.1,0.406,0,0,1,2
0.417,0.1,0.409,0,0,1,2
0.417,0.1,0.412,0,0,1,2
0.417,0.1,0.415,0,0,1,2
0.417,0.1,0.418,0,0,1,2
0.417,0.1,0.420999,0,0,1,2
0.417,0.1,0.423999,0,0,1,2
0.417,0.1,0.426999,0,0,1,2
0.417,0.1,0.429999,0,0,1,2
0.417,0.1,0.432999,0,0,1,2
0.417,0.1,0.435999,0,0,1,2
0.417,0.1,0.438999,0,0,1,2
0.417,0.1,0.441999,0,0,1,2
0.417,0.1,0.444999,0,0,1,2
0.417,0.1,0.447999,0,0,1,2
0.417,0.1,0.450999,0,0,1,2
0.42,0.1,0.25,0,0,1,2
0.42,0.1,0.253,0,0,1,2
0.42,0.1,0.256,0,0,1,2
0.42,0.1,0.259,0,0,1,2
0.42,0.1,0.262,0,0,1,2
0.42,0.1,0.265,0,0,1,2
0.42,0.1,0.268,0,0,1,2
0.42,0.1,0.271,0,0,1,2
0.42,0.1,0.274,0,0,1,2
0.42,0.1,0.277,0,0,1,2
0.42,0.1,0.28,0,0,1,2
0.42,0.1,0.283,0,0,1,2
0.42,0.1,0.286,0,0,1,2
0.42,0.1,0.289,0,0,1,2
0.42,0.1,0.292,0,0,1,2
0.42,0.1,0.295,0,0,1,2
0.42,0.1,0.298,0,0,1,2
0.42,0.1,0.301,0,0,1,2
0.42,0.1,0.304,0,0,1,2
0.42,0.1,0.307,0,0,1,2
0.42,0.1,0.31,0,0,1,2
0.42,0.1,0.313,0,0,1,2
0.42,0.1,0.316,0,0,1,2
0.42,0.1,0.319,0,0,1,2
0.42,0.1,0.322,0,0,1,2
0.42,0.1,0.325,0,0,1,2
0.42,0.1,0.328,0,0,1,2
0.42,0.1,0.331,0,0,1,2
0.42,0.1,0.334,0,0,1,2
0.42,0.1,0.337,0,0,1,2
0.42,0.1,0.34,0,0,1,2
0.42,0.1,0.343,0,0,1,2
0.42,0.1,0.346,0,0,1,2
0.42,0.1,0.349,0,0,1,2
0.42,0.1,0.352,0,0,1,2
0.42,0.1,0.355,0,0,1,2
0.42,0.1,0.358,0,0,1,2
0.42,0.1,0.361,0,0,1,2
0.42,0.1,0.364,0,0,1,2
0.42,0.1,0.367,0,0,1,2
0.42,0.1,0.37,0,0,1,2
0.42,0.1,0.373,0,0,1,2
0.42,0.1,0.376,0,0,1,2
0.42,0.1,0.379,0,0,1,2
0.42,0.1,0.382,0,0,1,2
0.42,0.1,0.385,0,0,1,2
0.42,0.1,0.388,0,0,1,2
0.42,0.1,0.391,0,0,1,2
0.42,0.1,0.394,0,0,1,2
0.42,0.1,0.397,0,0,1,2
0.42,0.1,0.4,0,0,1,2
0.42,0.1,0.403,0,0,1,2
0.42,0.1,0.406,0,0,1,2
0.42,0.1,0.409,0,0,1,2
0.42,0.1,0.412,0,0,1,2
0.42,0.1,0.415,0,0,1,2
0.42,0.1,0.418,0,0,1,2
0.42,0.1,0.420999,0,0,1,2
0.42,0.1,0.423999,0,0,1,2
0.42,0.1,0.426999,0,0,1,2
0.42,0.1,0.429999,0,0,1,2
0.42,0.1,0.432999,0,0,1,2
0.42,0.1,0.435999,0,0,1,2
0.42,0.1,0.438999,0,0,1,2
0.42,0.1,0.441999,0,0,1,2
0.42,0.1,0.444999,0,0,1,2
0.42,0.1,0.447999,0,0,1,2
0.42,0.1,0.450999,0,0,1,2
0.423,0.1,0.25,0,0,1,2
0.423,0.1,0.253,0,0,1,2
0.423,0.1,0.256,0,0,1,2
0.423,0.1,0.259,0,0,1,2
0.423,0.1,0.262,0,0,1,2
0.423,0.1,0.265,0,0,1,2
0.423,0.1,0.268,0,0,1,2
0.423,0.1,0.271,0,0,1,2
0.423,0.1,0.274,0,0,1,2
0.423,0.1,0.277,0,0,1,2
0.423,0.1,0.28,0,0,1,2
0.423,0.1,0.283,0,0,1,2
0.423,0.1,0.286,0,0,1,2
0.423,0.1,0.289,0,0,1,2
0.423,0.1,0.292,0,0,1,2
0.423,0.1,0.295,0,0,1,2
0.423,0.1,0.298,0,0,1,2
0.423,0.1,0.301,0,0,1,2
0.423,0.1,0.304,0,0,1,2
0.423,0.1,0.307,0,0,1,2
0.423,0.1,0.31,0,0,1,2
0.423,0.1,0.313,0,0,1,2
0.423,0.1,0.316,0,0,1,2
0.423,0.1,0.319,0,0,1,2
0.423,0.1,0.322,0,0,1,2
0.423,0.1,0.325,0,0,1,2
0.423,0.1,0.328,0,0,1,2
0.423,0.1,0.331,0,0,1,2
0.423,0.1,0.334,0,0,1,2
0.423,0.1,0.337,0,0,1,2
0.423,0.1,0.34,0,0,1,2
0.423,0.1,0.343,0,0,1,2
0.423,0.1,0.346,0,0,1,2
0.423,0.1,0.349,0,0,1,2
0.423,0.1,0.352,0,0,1,2
0.423,0.1,0.355,0,0,1,2
0.423,0.1,0.358,0,0,1,2
0.423,0.1,0.361,0,0,1,2
0.423,0.1,0.364,0,0,1,2
0.423,0.1,0.367,0,0,1,2
0.423,0.1,0.37,0,0,1,2
0.423,0.1,0.373,0,0,1,2
0.423,0.1,0.376,0,0,1,2
0.423,0.1,0.379,0,0,1,2
0.423,0.1,0.382,0,0,1,2
0.423,0.1,0.385,0,0,1,2
0.423,0.1,0.388,0,0,1,2
0.423,0.1,0.391,0,0,1,2
0.423,0.1,0.394,0,0,1,2
0.423,0.1,0.397,0,0,1,2
0.423,0.1,0.4,0,0,1,2
0.423,0.1,0.403,0,0,1,2
0.423,0.1,0.406,0,0,1,2
0.423,0.1,0.409,0,0,1,2
0.423,0.1,0.412,0,0,1,2
0.423,0.1,0.415,0,0,1,2
0.423,0.1,0.418,0,0,1,2
0.423,0.1,0.420999,0,0,1,2
0.423,0.1,0.423999,0,0,1,2
0.423,0.1,0.426999,0,0,1,2
0.423,0.1,0.429999,0,0,1,2
0.423,0.1,0.432999,0,0,1,2
0.423,0.1,0.435999,0,0,1,2
0.423,0.1,0.438999,0,0,1,2
0.423,0.1,0.441999,0,0,1,2
0.423,0.1,0.444999,0,0,1,2
0.423,0.1,0.447999,0,0,1,2
0.423,0.1,0.450999,0,0,1,2
0.426,0.1,0.25,0,0,1,2
0.426,0.1,0.253,0,0,1,2
0.426,0.1,0.256,0,0,1,2
0.426,0.1,0.259,0,0,1,2
0.426,0.1,0.262,0,0,1,2
0.426,0.1,0.265,0,0,1,2
0.426,0.1,0.268,0,0,1,2
0.426,0.1,0.271,0,0,1,2
0.426,0.1,0.274,0,0,1,2
0.426,0.1,0.277,0,0,1,2
0.426,0.1,0.28,0,0,1,2
0.426,0.1,0.283,0,0,1,2
0.426,0.1,0.286,0,0,1,2
0.426,0.1,0.289,0,0,1,2
0.426,0.1,0.292,0,0,1,2
0.426,0.1,0.295,0,0,1,2
0.426,0.1,0.298,0,0,1,2
0.426,0.1,0.301,0,0,1,2
0.426,0.1,0.304,0,0,1,2
0.426,0.1,0.307,0,0,1,2
0.426,0.1,0.31,0,0,1,2
0.426,0.1,0.313,0,0,1,2
0.426,0.1,0.316,0,0,1,2
0.426,0.1,0.319,0,0,1,2
0.426,0.1,0.322,0,0,1,2
0.426,0.1,0.325,0,0,1,2
0.426,0.1,0.328,0,0,1,2
0.426,0.1,0.331,0,0,1,2
0.426,0.1,0.334,0,0,1,2
0.426,0.1,0.337,0,0,1,2
0.426,0.1,0.34,0,0,1,2
0.426,0.1,0.343,0,0,1,2
0.426,0.1,0.346,0,0,1,2
0.426,0.1,0.349,0,0,1,2
0.426,0.1,0.352,0,0,1,2
0.426,0.1,0.355,0,0,1,2
0.426,0.1,0.358,0,0,1,2
0.426,0.1,0.361,0,0,1,2
0.426,0.1,0.364,0,0,1,2
0.426,0.1,0.367,0,0,1,2
0.426,0.1,0.37,0,0,1,2
0.426,0.1,0.373,0,0,1,2
0.426,0.1,0.376,0,0,1,2
0.426,0.1,0.379,0,0,1,2
0.426,0.1,0.382,0,0,1,2
0.426,0.1,0.385,0,0,1,2
0.426,0.1,0.388,0,0,1,2
0.426,0.1,0.391,0,0,1,2
0.426,0.1,0.394,0,0,1,2
0.426,0.1,0.397,0,0,1,2
0.426,0.1,0.4,0,0,1,2
0.426,0.1,0.403,0,0,1,2
0.426,0.1,0.406,0,0,1,2
0.426,0.1,0.409,0,0,1,2
0.426,0.1,0.412,0,0,1,2
0.426,0.1,0.415,0,0,1,2
0.426,0.1,0.418,0,0,1,2
0.426,0.1,0.420999,0,0,1,2
0.426,0.1,0.423999,0,0,1,2
0.426,0.1,0.426999,0,0,1,2
0.426,0.1,0.429999,0,0,1,2
0.426,0.1,0.432999,0,0,1,2
0.426,0.1,0.435999,0,0,1,2
0.426,0.1,0.438999,0,0,1,2
0.426,0.1,0.441999,0,0,1,2
0.426,0.1,0.444999,0,0,1,2
0.426,0.1,0.447999,0,0,1,2
0.426,0.1,0.450999,0,0,1,2
0.429,0.1,0.25,0,0,1,2
0.429,0.1,0.253,0,0,1,2
0.429,0.1,0.256,0,0,1,2
0.429,0.1,0.259,0,0,1,2
0.429,0.1,0.262,0,0,1,2
0.429,0.1,0.265,0,0,1,2
0.429,0.1,0.268,0,0,1,2
0.429,0.1,0.271,0,0,1,2
0.429,0.1,0.274,0,0,1,2
0.429,0.1,0.277,0,0,1,2
0.429,0.1,0.28,0,0,1,2
0.429,0.1,0.283,0,0,1,2
0.429,0.1,0.286,0,0,1,2
0.429,0.1,0.289,0,0,1,2
0.429,0.1,0.292,0,0,1,2
0.429,0.1,0.295,0,0,1,2
0.429,0.1,0.298,0,0,1,2
0.429,0.1,0.301,0,0,1,2
0.429,0.1,0.304,0,0,1,2
0.429,0.1,0.307,0,0,1,2
0.429,0.1,0.31,0,0,1,2
0.429,0.1,0.313,0,0,1,2
0.429,0.1,0.316,0,0,1,2
0.429,0.1,0.319,0,0,1,2
0.429,0.1,0.322,0,0,1,2
0.429,0.1,0.325,0,0,1,2
0.429,0.1,0.328,0,0,1,2
0.429,0.1,0.331,0,0,1,2
0.429,0.1,0.334,0,0,1,2
0.429,0.1,0.337,0,0,1,2
0.429,0.1,0.34,0,0,1,2
0.429,0.1,0.343,0,0,1,2
0.429,0.1,0.346,0,0,1,2
0.429,0.1,0.349,0,0,1,2
0.429,0.1,0.352,0,0,1,2
0.429,0.1,0.355,0,0,1,2
0.429,0.1,0.358,0,0,1,2
0.429,0.1,0.361,0,0,1,2
0.429,0.1,0.364,0,0,1,2
0.429,0.1,0.367,0,0,1,2
0.429,0.1,0.37,0,0,1,2
0.429,0.1,0.373,0,0,1,2
0.429,0.1,0.376,0,0,1,2
0.429,0.1,0.379,0,0,1,2
0.429,0.1,0.382,0,0,1,2
0.429,0.1,0.385,0,0,1,2
0.429,0.1,0.388,0,0,1,2
0.429,0.1,0.391,0,0,1,2
0.429,0.1,0.394,0,0,1,2
0.429,0.1,0.397,0,0,1,2
0.429,0.1,0.4,0,0,1,2
0.429,0.1,0.403,0,0,1,2
0.429,0.1,0.406,0,0,1,2
0.429,0.1,0.409,0,0,1,2
0.429,0.1,0.412,0,0,1,2
0.429,0.1,0.415,0,0,1,2
0.429,0.1,0.418,0,0,1,2
0.429,0.1,0.420999,0,0,1,2
0.429,0.1,0.423999,0,0,1,2
0.429,0.1,0.426999,0,0,1,2
0.429,0.1,0.429999,0,0,1,2
0.429,0.1,0.432999,0,0,1,2
0.429,0.1,0.435999,0,0,1,2
0.429,0.1,0.438999,0,0,1,2
0.429,0.1,0.441999,0,0,1,2
0.429,0.1,0.444999,0,0,1,2
0.429,0.1,0.447999,0,0,1,2
0.429,0.1,0.450999,0,0,1,2
0.432,0.1,0.25,0,0,1,2
0.432,0.1,0.253,0,0,1,2
0.432,0.1,0.256,0,0,1,2
0.432,0.1,0.259,0,0,1,2
0.432,0.1,0.262,0,0,1,2
0.432,0.1,0.265,0,0,1,2
0.432,0.1,0.268,0,0,1,2
0.432,0.1,0.271,0,0,1,2
0.432,0.1,0.274,0,0,1,2
0.432,0.1,0.277,0,0,1,2
0.432,0.1,0.28,0,0,1,2
0.432,0.1,0.283,0,0,1,2
0.432,0.1,0.286,0,0,1,2
0.432,0.1,0.289,0,0,1,2
0.432,0.1,0.292,0,0,1,2
0.432,0.1,0.295,0,0,1,2
0.432,0.1,0.298,0,0,1,2
0.432,0.1,0.301,0,0,1,2
0.432,0.1,0.304,0,0,1,2
0.432,0.1,0.307,0,0,1,2
0.432,0.1,0.31,0,0,1,2
0.432,0.1,0.313,0,0,1,2
0.432,0.1,0.316,0,0,1,2
0.432,0.1,0.319,0,0,1,2
0.432,0.1,0.322,0,0,1,2
0.432,0.1,0.325,0,0,1,2
0.432,0.1,0.328,0,0,1,2
0.432,0.1,0.331,0,0,1,2
0.432,0.1,0.334,0,0,1,2
0.432,0.1,0.337,0,0,1,2
0.432,0.1,0.34,0,0,1,2
0.432,0.1,0.343,0,0,1,2
0.432,0.1,0.346,0,0,1,2
0.432,0.1,0.349,0,0,1,2
0.432,0.1,0.352,0,0,1,2
0.432,0.1,0.355,0,0,1,2
0.432,0.1,0.358,0,0,1,2
0.432,0.1,0.361,0,0,1,2
0.432,0.1,0.364,0,0,1,2
0.432,0.1,0.367,0,0,1,2
0.432,0.1,0.37,0,0,1,2
0.432,0.1,0.373,0,0,1,2
0.432,0.1,0.376,0,0,1,2
0.432,0.1,0.379,0,0,1,2
0.432,0.1,0.382,0,0,1,2
0.432,0.1,0.385,0,0,1,2
0.432,0.1,0.388,0,0,1,2
0.432,0.1,0.391,0,0,1,2
0.432,0.1,0.394,0,0,1,2
0.432,0.1,0.397,0,0,1,2
0.432,0.1,0.4,0,0,1,2
0.432,0.1,0.403,0,0,1,2
0.432,0.1,0.406,0,0,1,2
0.432,0.1,0.409,0,0,1,2
0.432,0.1,0.412,0,0,1,2
0.432,0.1,0.415,0,0,1,2
0.432,0.1,0.418,0,0,1,2
0.432,0.1,0.420999,0,0,1,2
0.432,0.1,0.423999,0,0,1,2
0.432,0.1,0.426999,0,0,1,2
0.432,0.1,0.429999,0,0,1,2
0.432,0.1,0.432999,0,0,1,2
0.432,0.1,0.435999,0,0,1,2
0.432,0.1,0.438999,0,0,1,2
0.432,0.1,0.441999,0,0,1,2
0.432,0.1,0.444999,0,0,1,2
0.432,0.1,0.447999,0,0,1,2
0.432,0.1,0.450999,0,0,1,2
0.435,0.1,0.25,0,0,1,2
0.435,0.1,0.253,0,0,1,2
0.435,0.1,0.256,0,0,1,2
0.435,0.1,0.259,0,0,1,2
0.435,0.1,0.262,0,0,1,2
0.435,0.1,0.265,0,0,1,2
0.435,0.1,0.268,0,0,1,2
0.435,0.1,0.271,0,0,1,2
0.435,0.1,0.274,0,0,1,2
0.435,0.1,0.277,0,0,1,2
0.435,0.1,0.28,0,0,1,2
0.435,0.1,0.283,0,0,1,2
0.435,0.1,0.286,0,0,1,2
0.435,0.1,0.289,0,0,1,2
0.435,0.1,0.292,0,0,1,2
0.435,0.1,0.295,0,0,1,2
0.435,0.1,0.298,0,0,1,2
0.435,0.1,0.301,0,0,1,2
0.435,0.1,0.304,0,0,1,2
0.435,0.1,0.307,0,0,1,2
0.435,0.1,0.31,0,0,1,2
0.435,0.1,0.313,0,0,1,2
0.435,0.1,0.316,0,0,1,2
0.435,0.1,0.319,0,0,1,2
0.435,0.1,0.322,0,0,1,2
0.435,0.1,0.325,0,0,1,2
0.435,0.1,0.328,0,0,1,2
0.435,0.1,0.331,0,0,1,2
0.435,0.1,0.334,0,0,1,2
0.435,0.1,0.337,0,0,1,2
0.435,0.1,0.34,0,0,1,2
0.435,0.1,0.343,0,0,1,2
0.435,0.1,0.346,0,0,1,2
0.435,0.1,0.349,0,0,1,2
0.435,0.1,0.352,0,0,1,2
0.435,0.1,0.355,0,0,1,2
0.435,0.1,0.358,0,0,1,2
0.435,0.1,0.361,0,0,1,2
0.435,0.1,0.364,0,0,1,2
0.435,0.1,0.367,0,0,1,2
0.435,0.1,0.37,0,0,1,2
0.435,0.1,0.373,0,0,1,2
0.435,0.1,0.376,0,0,1,2
0.435,0.1,0.379,0,0,1,2
0.435,0.1,0.382,0,0,1,2
0.435,0.1,0.385,0,0,1,2
0.435,0.1,0.388,0,0,1,2
0.435,0.1,0.391,0,0,1,2
0.435,0.1,0.394,0,0,1,2
0.435,0.1,0.397,0,0,1,2
0.435,0.1,0.4,0,0,1,2
0.435,0.1,0.403,0,0,1,2
0.435,0.1,0.406,0,0,1,2
0.435,0.1,0.409,0,0,1,2
0.435,0.1,0.412,0,0,1,2
0.435,0.1,0.415,0,0,1,2
0.435,0.1,0.418,0,0,1,2
0.435,0.1,0.420999,0,0,1,2
0.435,0.1,0.423999,0,0,1,2
0.435,0.1,0.426999,0,0,1,2
0.435,0.1,0.429999,0,0,1,2
0.435,0.1,0.432999,0,0,1,2
0.435,0.1,0.435999,0,0,1,2
0.435,0.1,0.438999,0,0,1,2
0.435,0.1,0.441999,0,0,1,2
0.435,0.1,0.444999,0,0,1,2
0.435,0.1,0.447999,0,0,1,2
0.435,0.1,0.450999,0,0,1,2
0.438,0.1,0.25,0,0,1,2
0.438,0.1,0.253,0,0,1,2
0.438,0.1,0.256,0,0,1,2
0.438,0.1,0.259,0,0,1,2
0.438,0.1,0.262,0,0,1,2
0.438,0.1,0.265,0,0,1,2
0.438,0.1,0.268,0,0,1,2
0.438,0.1,0.271,0,0,1,2
0.438,0.1,0.274,0,0,1,2
0.438,0.1,0.277,0,0,1,2
0.438,0.1,0.28,0,0,1,2
0.438,0.1,0.283,0,0,1,2
0.438,0.1,0.286,0,0,1,2
0.438,0.1,0.289,0,0,1,2
0.438,0.1,0.292,0,0,1,2
0.438,0.1,0.295,0,0,1,2
0.438,0.1,0.298,0,0,1,2
0.438,0.1,0.301,0,0,1,2
0.438,0.1,0.304,0,0,1,2
0.438,0.1,0.307,0,0,1,2
0.438,0.1,0.31,0,0,1,2
0.438,0.1,0.313,0,0,1,2
0.438,0.1,0.316,0,0,1,2
0.438,0.1,0.319,0,0,1,2
0.438,0.1,0.322,0,0,1,2
0.438,0.1,0.325,0,0,1,2
0.438,0.1,0.328,0,0,1,2
0.438,0.1,0.331,0,0,1,2
0.438,0.1,0.334,0,0,1,2
0.438,0.1,0.337,0,0,1,2
0.438,0.1,0.34,0,0,1,2
0.438,0.1,0.343,0,0,1,2
0.438,0.1,0.346,0,0,1,2
0.438,0.1,0.349,0,0,1,2
0.438,0.1,0.352,0,0,1,2
0.438,0.1,0.355,0,0,1,2
0.438,0.1,0.358,0,0,1,2
0.438,0.1,0.361,0,0,1,2
0.438,0.1,0.364,0,0,1,2
0.438,0.1,0.367,0,0,1,2
0.438,0.1,0.37,0,0,1,2
0.438,0.1,0.373,0,0,1,2
0.438,0.1,0.376,0,0,1,2
0.438,0.1,0.379,0,0,1,2
0.438,0.1,0.382,0,0,1,2
0.438,0.1,0.385,0,0,1,2
0.438,0.1,0.388,0,0,1,2
0.438,0.1,0.391,0,0,1,2
0.438,0.1,0.394,0,0,1,2
0.438,0.1,0.397,0,0,1,2
0.438,0.1,0.4,0,0,1,2
0.438,0.1,0.403,0,0,1,2
0.438,0.1,0.406,0,0,1,2
0.438,0.1,0.409,0,0,1,2
0.438,0.1,0.412,0,0,1,2
0.438,0.1,0.415,0,0,1,2
0.438,0.1,0.418,0,0,1,2
0.438,0.1,0.420999,0,0,1,2
0.438,0.1,0.423999,0,0,1,2
0.438,0.1,0.426999,0,0,1,2
0.438,0.1,0.429999,0,0,1,2
0.438,0.1,0.432999,0,0,1,2
0.438,0.1,0.435999,0,0,1,2
0.438,0.1,0.438999,0,0,1,2
0.438,0.1,0.441999,0,0,1,2
0.438,0.1,0.444999,0,0,1,2
0.438,0.1,0.447999,0,0,1,2
0.438,0.1,0.450999,0,0,1,2
0.441,0.1,0.25,0,0,1,2
0.441,0.1,0.253,0,0,1,2
0.441,0.1,0.256,0,0,1,2
0.441,0.1,0.259,0,0,1,2
0.441,0.1,0.262,0,0,1,2
0.441,0.1,0.265,0,0,1,2
0.441,0.1,0.268,0,0,1,2
0.441,0.1,0.271,0,0,1,2
0.441,0.1,0.274,0,0,1,2
0.441,0.1,0.277,0,0,1,2
0.441,0.1,0.28,0,0,1,2
0.441,0.1,0.283,0,0,1,2
0.441,0.1,0.286,0,0,1,2
0.441,0.1,0.289,0,0,1,2
0.441,0.1,0.292,0,0,1,2
0.441,0.1,0.295,0,0,1,2
0.441,0.1,0.298,0,0,1,2
0.441,0.1,0.301,0,0,1,2
0.441,0.1,0.304,0,0,1,2
0.441,0.1,0.307,0,0,1,2
0.441,0.1,0.31,0,0,1,2
0.441,0.1,0.313,0,0,1,2
0.441,0.1,0.316,0,0,1,2
0.441,0.1,0.319,0,0,1,2
0.441,0.1,0.322,0,0,1,2
0.441,0.1,0.325,0,0,1,2
0.441,0.1,0.328,0,0,1,2
0.441,0.1,0.331,0,0,1,2
0.441,0.1,0.334,0,0,1,2
0.441,0.1,0.337,0,0,1,2
0.441,0.1,0.34,0,0,1,2
0.441,0.1,0.343,0,0,1,2
0.441,0.1,0.346,0,0,1,2
0.441,0.1,0.349,0,0,1,2
0.441,0.1,0.352,0,0,1,2
0.441,0.1,0.355,0,0,1,2
0.441,0.1,0.358,0,0,1,2
0.441,0.1,0.361,0,0,1,2
0.441,0.1,0.364,0,0,1,2
0.441,0.1,0.367,0,0,1,2
0.441,0.1,0.37,0,0,1,2
0.441,0.1,0.373,0,0,1,2
0.441,0.1,0.376,0,0,1,2
0.441,0.1,0.379,0,0,1,2
0.441,0.1,0.382,0,0,1,2
0.441,0.1,0.385,0,0,1,2
0.441,0.1,0.388,0,0,1,2
0.441,0.1,0.391,0,0,1,2
0.441,0.1,0.394,0,0,1,2
0.441,0.1,0.397,0,0,1,2
0.441,0.1,0.4,0,0,1,2
0.441,0.1,0.403,0,0,1,2
0.441,0.1,0.406,0,0,1,2
0.441,0.1,0.409,0,0,1,2
0.441,0.1,0.412,0,0,1,2
0.441,0.1,0.415,0,0,1,2
0.441,0.1,0.418,0,0,1,2
0.441,0.1,0.420999,0,0,1,2
0.441,0.1,0.423999,0,0,1,2
0.441,0.1,0.426999,0,0,1,2
0.441,0.1,0.429999,0,0,1,2
0.441,0.1,0.432999,0,0,1,2
0.441,0.1,0.435999,0,0,1,2
0.441,0.1,0.438999,0,0,1,2
0.441,0.1,0.441999,0,0,1,2
0.441,0.1,0.444999,0,0,1,2
0.441,0.1,0.447999,0,0,1,2
0.441,0.1,0.450999,0,0,1,2
0.444,0.1,0.25,0,0,1,2
0.444,0.1,0.253,0,0,1,2
0.444,0.1,0.256,0,0,1,2
0.444,0.1,0.259,0,0,1,2
0.444,0.1,0.262,0,0,1,2
0.444,0.1,0.265,0,0,1,2
0.444,0.1,0.268,0,0,1,2
0.444,0.1,0.271,0,0,1,2
0.444,0.1,0.274,0,0,1,2
0.444,0.1,0.277,0,0,1,2
0.444,0.1,0.28,0,0,1,2
0.444,0.1,0.283,0,0,1,2
0.444,0.1,0.286,0,0,1,2
0.444,0.1,0.289,0,0,1,2
0.444,0.1,0.292,0,0,1,2
0.444,0.1,0.295,0,0,1,2
0.444,0.1,0.298,0,0,1,2
0.444,0.1,0.301,0,0,1,2
0.444,0.1,0.304,0,0,1,2
0.444,0.1,0.307,0,0,1,2
0.444,0.1,0.31,0,0,1,2
0.444,0.1,0.313,0,0,1,2
0.444,0.1,0.316,0,0,1,2
0.444,0.1,0.319,0,0,1,2
0.444,0.1,0.322,0,0,1,2
0.444,0.1,0.325,0,0,1,2
0.444,0.1,0.328,0,0,1,2
0.444,0.1,0.331,0,0,1,2
0.444,0.1,0.334,0,0,1,2
0.444,0.1,0.337,0,0,1,2
0.444,0.1,0.34,0,0,1,2
0.444,0.1,0.343,0,0,1,2
0.444,0.1,0.346,0,0,1,2
0.444,0.1,0.349,0,0,1,2
0.444,0.1,0.352,0,0,1,2
0.444,0.1,0.355,0,0,1,2
0.444,0.1,0.358,0,0,1,2
0.444,0.1,0.361,0,0,1,2
0.444,0.1,0.364,0,0,1,2
0.444,0.1,0.367,0,0,1,2
0.444,0.1,0.37,0,0,1,2
0.444,0.1,0.373,0,0,1,2
0.444,0.1,0.376,0,0,1,2
0.444,0.1,0.379,0,0,1,2
0.444,0.1,0.382,0,0,1,2
0.444,0.1,0.385,0,0,1,2
0.444,0.1,0.388,0,0,1,2
0.444,0.1,0.391,0,0,1,2
0.444,0.1,0.394,0,0,1,2
0.444,0.1,0.397,0,0,1,2
0.444,0.1,0.4,0,0,1,2
0.444,0.1,0.403,0,0,1,2
0.444,0.1,0.406,0,0,1,2
0.444,0.1,0.409,0,0,1,2
0.444,0.1,0.412,0,0,1,2
0.444,0.1,0.415,0,0,1,2
0.444,0.1,0.418,0,0,1,2
0.444,0.1,0.420999,0,0,1,2
0.444,0.1,0.423999,0,0,1,2
0.444,0.1,0.426999,0,0,1,2
0.444,0.1,0.429999,0,0,1,2
0.444,0.1,0.432999,0,0,1,2
0.444,0.1,0.435999,0,0,1,2
0.444,0.1,0.438999,0,0,1,2
0.444,0.1,0.441999,0,0,1,2
0.444,0.1,0.444999,0,0,1,2
0.444,0.1,0.447999,0,0,1,2
0.444,0.1,0.450999,0,0,1,2
0.447,0.1,0.25,0,0,1,2
0.447,0.1,0.253,0,0,1,2
0.447,0.1,0.256,0,0,1,2
0.447,0.1,0.259,0,0,1,2
0.447,0.1,0.262,0,0,1,2
0.447,0.1,0.265,0,0,1,2
0.447,0.1,0.268,0,0,1,2
0.447,0.1,0.271,0,0,1,2
0.447,0.1,0.274,0,0,1,2
0.447,0.1,0.277,0,0,1,2
0.447,0.1,0.28,0,0,1,2
0.447,0.1,0.283,0,0,1,2
0.447,0.1,0.286,0,0,1,2
0.447,0.1,0.289,0,0,1,2
0.447,0.1,0.292,0,0,1,2
0.447,0.1,0.295,0,0,1,2
0.447,0.1,0.298,0,0,1,2
0.447,0.1,0.301,0,0,1,2
0.447,0.1,0.304,0,0,1,2
0.447,0.1,0.307,0,0,1,2
0.447,0.1,0.31,0,0,1,2
0.447,0.1,0.313,0,0,1,2
0.447,0.1,0.316,0,0,1,2
0.447,0.1,0.319,0,0,1,2
0.447,0.1,0.322,0,0,1,2
0.447,0.1,0.325,0,0,1,2
0.447,0.1,0.328,0,0,1,2
0.447,0.1,0.331,0,0,1,2
0.447,0.1,0.334,0,0,1,2
0.447,0.1,0.337,0,0,1,2
0.447,0.1,0.34,0,0,1,2
0.447,0.1,0.343,0,0,1,2
0.447,0.1,0.346,0,0,1,2
0.447,0.1,0.349,0,0,1,2
0.447,0.1,0.352,0,0,1,2
0.447,0.1,0.355,0,0,1,2
0.447,0.1,0.358,0,0,1,2
0.447,0.1,0.361,0,0,1,2
0.447,0.1,0.364,0,0,1,2
0.447,0.1,0.367,0,0,1,2
0.447,0.1,0.37,0,0,1,2
0.447,0.1,0.373,0,0,1,2
0.447,0.1,0.376,0,0,1,2
0.447,0.1,0.379,0,0,1,2
0.447,0.1,0.382,0,0,1,2
0.447,0.1,0.385,0,0,1,2
0.447,0.1,0.388,0,0,1,2
0.447,0.1,0.391,0,0,1,2
0.447,0.1,0.394,0,0,1,2
0.447,0.1,0.397,0,0,1,2
0.447,0.1,0.4,0,0,1,2
0.447,0.1,0.403,0,0,1,2
0.447,0.1,0.406,0,0,1,2
0.447,0.1,0.409,0,0,1,2
0.447,0.1,0.412,0,0,1,2
0.447,0.1,0.415,0,0,1,2
0.447,0.1,0.418,0,0,1,2
0.447,0.1,0.420999,0,0,1,2
0.447,0.1,0.423999,0,0,1,2
0.447,0.1,0.426999,0,0,1,2
0.447,0.1,0.429999,0,0,1,2
0.447,0.1,0.432999,0,0,1,2
0.447,0.1,0.435999,0,0,1,2
0.447,0.1,0.438999,0,0,1,2
0.447,0.1,0.441999,0,0,1,2
0.447,0.1,0.444999,0,0,1,2
0.447,0.1,0.447999,0,0,1,2
0.447,0.1,0.450999,0,0,1,2
0.45,0.1,0.25,0,0,1,2
0.45,0.1,0.253,0,0,1,2
0.45,0.1,0.256,0,0,1,2
0.45,0.1,0.259,0,0,1,2
0.45,0.1,0.262,0,0,1,2
0.45,0.1,0.265,0,0,1,2
0.45,0.1,0.268,0,0,1,2
0.45,0.1,0.271,0,0,1,2
0.45,0.1,0.274,0,0,1,2
0.45,0.1,0.277,0,0,1,2
0.45,0.1,0.28,0,0,1,2
0.45,0.1,0.283,0,0,1,2
0.45,0.1,0.286,0,0,1,2
0.45,0.1,0.289,0,0,1,2
0.45,0.1,0.292,0,0,1,2
0.45,0.1,0.295,0,0,1,2
0.45,0.1,0.298,0,0,1,2
0.45,0.1,0.301,0,0,1,2
0.45,0.1,0.304,0,0,1,2
0.45,0.1,0.307,0,0,1,2
0.45,0.1,0.31,0,0,1,2
0.45,0.1,0.313,0,0,1,2
0.45,0.1,0.316,0,0,1,2
0.45,0.1,0.319,0,0,1,2
0.45,0.1,0.322,0,0,1,2
0.45,0.1,0.325,0,0,1,2
0.45,0.1,0.328,0,0,1,2
0.45,0.1,0.331,0,0,1,2
0.45,0.1,0.334,0,0,1,2
0.45,0.1,0.337,0,0,1,2
0.45,0.1,0.34,0,0,1,2
0.45,0.1,0.343,0,0,1,2
0.45,0.1,0.346,0,0,1,2
0.45,0.1,0.349,0,0,1,2
0.45,0.1,0.352,0,0,1,2
0.45,0.1,0.355,0,0,1,2
0.45,0.1,0.358,0,0,1,2
0.45,0.1,0.361,0,0,1,2
0.45,0.1,0.364,0,0,1,2
0.45,0.1,0.367,0,0,1,2
0.45,0.1,0.37,0,0,1,2
0.45,0.1,0.373,0,0,1,2
0.45,0.1,0.376,0,0,1,2
0.45,0.1,0.379,0,0,1,2
0.45,0.1,0.382,0,0,1,2
0.45,0.1,0.385,0,0,1,2
0.45,0.1,0.388,0,0,1,2
0.45,0.1,0.391,0,0,1,2
0.45,0.1,0.394,0,0,1,2
0.45,0.1,0.397,0,0,1,2
0.45,0.1,0.4,0,0,1,2
0.45,0.1,0.403,0,0,1,2
0.45,0.1,0.406,0,0,1,2
0.45,0.1,0.409,0,0,1,2
0.45,0.1,0.412,0,0,1,2
0.45,0.1,0.415,0,0,1,2
0.45,0.1,0.418,0,0,1,2
0.45,0.1,0.420999,0,0,1,2
0.45,0.1,0.423999,0,0,1,2
0.45,0.1,0.426999,0,0,1,2
0.45,0.1,0.429999,0,0,1,2
0.45,0.1,0.432999,0,0,1,2
0.45,0.1,0.435999,0,0,1,2
0.45,0.1,0.438999,0,0,1,2
0.45,0.1,0.441999,0,0,1,2
0.45,0.1,0.444999,0,0,1,2
0.45,0.1,0.447999,0,0,1,2
0.45,0.1,0.450999,0,0,1,2
0.453,0.1,0.25,0,0,1,2
0.453,0.1,0.253,0,0,1,2
0.453,0.1,0.256,0,0,1,2
0.453,0.1,0.259,0,0,1,2
0.453,0.1,0.262,0,0,1,2
0.453,0.1,0.265,0,0,1,2
0.453,0.1,0.268,0,0,1,2
0.453,0.1,0.271,0,0,1,2
0.453,0.1,0.274,0,0,1,2
0.453,0.1,0.277,0,0,1,2
0.453,0.1,0.28,0,0,1,2
0.453,0.1,0.283,0,0,1,2
0.453,0.1,0.286,0,0,1,2
0.453,0.1,0.289,0,0,1,2
0.453,0.1,0.292,0,0,1,2
0.453,0.1,0.295,0,0,1,2
0.453,0.1,0.298,0,0,1,2
0.453,0.1,0.301,0,0,1,2
0.453,0.1,0.304,0,0,1,2
0.453,0.1,0.307,0,0,1,2
0.453,0.1,0.31,0,0,1,2
0.453,0.1,0.313,0,0,1,2
0.453,0.1,0.316,0,0,1,2
0.453,0.1,0.319,0,0,1,2
0.453,0.1,0.322,0,0,1,2
0.453,0.1,0.325,0,0,1,2
0.453,0.1,0.328,0,0,1,2
0.453,0.1,0.331,0,0,1,2
0.453,0.1,0.334,0,0,1,2
0.453,0.1,0.337,0,0,1,2
0.453,0.1,0.34,0,0,1,2
0.453,0.1,0.343,0,0,1,2
0.453,0.1,0.346,0,0,1,2
0.453,0.1,0.349,0,0,1,2
0.453,0.1,0.352,0,0,1,2
0.453,0.1,0.355,0,0,1,2
0.453,0.1,0.358,0,0,1,2
0.453,0.1,0.361,0,0,1,2
0.453,0.1,0.364,0,0,1,2
0.453,0.1,0.367,0,0,1,2
0.453,0.1,0.37,0,0,1,2
0.453,0.1,0.373,0,0,1,2
0.453,0.1,0.376,0,0,1,2
0.453,0.1,0.379,0,0,1,2
0.453,0.1,0.382,0,0,1,2
0.453,0.1,0.385,0,0,1,2
0.453,0.1,0.388,0,0,1,2
0.453,0.1,0.391,0,0,1,2
0.453,0.1,0.394,0,0,1,2
0.453,0.1,0.397,0,0,1,2
0.453,0.1,0.4,0,0,1,2
0.453,0.1,0.403,0,0,1,2
0.453,0.1,0.406,0,0,1,2
0.453,0.1,0.409,0,0,1,2
0.453,0.1,0.412,0,0,1,2
0.453,0.1,0.415,0,0,1,2
0.453,0.1,0.418,0,0,1,2
0.453,0.1,0.420999,0,0,1,2
0.453,0.1,0.423999,0,0,1,2
0.453,0.1,0.426999,0,0,1,2
0.453,0.1,0.429999,0,0,1,2
0.453,0.1,0.432999,0,0,1,2
0.453,0.1,0.435999,0,0,1,2
0.453,0.1,0.438999,0,0,1,2
0.453,0.1,0.441999,0,0,1,2
0.453,0.1,0.444999,0,0,1,2
0.453,0.1,0.447999,0,0,1,2
0.453,0.1,0.450999,0,0,1,2
0.456,0.1,0.25,0,0,1,2
0.456,0.1,0.253,0,0,1,2
0.456,0.1,0.256,0,0,1,2
0.456,0.1,0.259,0,0,1,2
0.456,0.1,0.262,0,0,1,2
0.456,0.1,0.265,0,0,1,2
0.456,0.1,0.268,0,0,1,2
0.456,0.1,0.271,0,0,1,2
0.456,0.1,0.274,0,0,1,2
0.456,0.1,0.277,0,0,1,2
0.456,0.1,0.28,0,0,1,2
0.456,0.1,0.283,0,0,1,2
0.456,0.1,0.286,0,0,1,2
0.456,0.1,0.289,0,0,1,2
0.456,0.1,0.292,0,0,1,2
0.456,0.1,0.295,0,0,1,2
0.456,0.1,0.298,0,0,1,2
0.456,0.1,0.301,0,0,1,2
0.456,0.1,0.304,0,0,1,2
0.456,0.1,0.307,0,0,1,2
0.456,0.1,0.31,0,0,1,2
0.456,0.1,0.313,0,0,1,2
0.456,0.1,0.316,0,0,1,2
0.456,0.1,0.319,0,0,1,2
0.456,0.1,0.322,0,0,1,2
0.456,0.1,0.325,0,0,1,2
0.456,0.1,0.328,0,0,1,2
0.456,0.1,0.331,0,0,1,2
0.456,0.1,0.334,0,0,1,2
0.456,0.1,0.337,0,0,1,2
0.456,0.1,0.34,0,0,1,2
0.456,0.1,0.343,0,0,1,2
0.456,0.1,0.346,0,0,1,2
0.456,0.1,0.349,0,0,1,2
0.456,0.1,0.352,0,0,1,2
0.456,0.1,0.355,0,0,1,2
0.456,0.1,0.358,0,0,1,2
0.456,0.1,0.361,0,0,1,2
0.456,0.1,0.364,0,0,1,2
0.456,0.1,0.367,0,0,1,2
0.456,0.1,0.37,0,0,1,2
0.456,0.1,0.373,0,0,1,2
0.456,0.1,0.376,0,0,1,2
0.456,0.1,0.379,0,0,1,2
0.456,0.1,0.382,0,0,1,2
0.456,0.1,0.385,0,0,1,2
0.456,0.1,0.388,0,0,1,2
0.456,0.1,0.391,0,0,1,2
0.456,0.1,0.394,0,0,1,2
0.456,0.1,0.397,0,0,1,2
0.456,0.1,0.4,0,0,1,2
0.456,0.1,0.403,0,0,1,2
0.456,0.1,0.406,0,0,1,2
0.456,0.1,0.409,0,0,1,2
0.456,0.1,0.412,0,0,1,2
0.456,0.1,0.415,0,0,1,2
0.456,0.1,0.418,0,0,1,2
0.456,0.1,0.420999,0,0,1,2
0.456,0.1,0.423999,0,0,1,2
0.456,0.1,0.426999,0,0,1,2
0.456,0.1,0.429999,0,0,1,2
0.456,0.1,0.432999,0,0,1,2
0.456,0.1,0.435999,0,0,1,2
0.456,0.1,0.438999,0,0,1,2
0.456,0.1,0.441999,0,0,1,2
0.456,0.1,0.444999,0,0,1,2
0.456,0.1,0.447999,0,0,1,2
0.456,0.1,0.450999,0,0,1,2
0.459,0.1,0.25,0,0,1,2
0.459,0.1,0.253,0,0,1,2
0.459,0.1,0.256,0,0,1,2
0.459,0.1,0.259,0,0,1,2
0.459,0.1,0.262,0,0,1,2
0.459,0.1,0.265,0,0,1,2
0.459,0.1,0.268,0,0,1,2
0.459,0.1,0.271,0,0,1,2
0.459,0.1,0.274,0,0,1,2
0.459,0.1,0.277,0,0,1,2
0.459,0.1,0.28,0,0,1,2
0.459,0.1,0.283,0,0,1,2
0.459,0.1,0.286,0,0,1,2
0.459,0.1,0.289,0,0,1,2
0.459,0.1,0.292,0,0,1,2
0.459,0.1,0.295,0,0,1,2
0.459,0.1,0.298,0,0,1,2
0.459,0.1,0.301,0,0,1,2
0.459,0.1,0.304,0,0,1,2
0.459,0.1,0.307,0,0,1,2
0.459,0.1,0.31,0,0,1,2
0.459,0.1,0.313,0,0,1,2
0.459,0.1,0.316,0,0,1,2
0.459,0.1,0.319,0,0,1,2
0.459,0.1,0.322,0,0,1,2
0.459,0.1,0.325,0,0,1,2
0.459,0.1,0.328,0,0,1,2
0.459,0.1,0.331,0,0,1,2
0.459,0.1,0.334,0,0,1,2
0.459,0.1,0.337,0,0,1,2
0.459,0.1,0.34,0,0,1,2
0.459,0.1,0.343,0,0,1,2
0.459,0.1,0.346,0,0,1,2
0.459,0.1,0.349,0,0,1,2
0.459,0.1,0.352,0,0,1,2
0.459,0.1,0.355,0,0,1,2
0.459,0.1,0.358,0,0,1,2
0.459,0.1,0.361,0,0,1,2
0.459,0.1,0.364,0,0,1,2
0.459,0.1,0.367,0,0,1,2
0.459,0.1,0.37,0,0,1,2
0.459,0.1,0.373,0,0,1,2
0.459,0.1,0.376,0,0,1,2
0.459,0.1,0.379,0,0,1,2
0.459,0.1,0.382,0,0,1,2
0.459,0.1,0.385,0,0,1,2
0.459,0.1,0.388,0,0,1,2
0.459,0.1,0.391,0,0,1,2
0.459,0.1,0.394,0,0,1,2
0.459,0.1,0.397,0,0,1,2
0.459,0.1,0.4,0,0,1,2
0.459,0.1,0.403,0,0,1,2
0.459,0.1,0.406,0,0,1,2
0.459,0.1,0.409,0,0,1,2
0.459,0.1,0.412,0,0,1,2
0.459,0.1,0.415,0,0,1,2
0.459,0.1,0.418,0,0,1,2
0.459,0.1,0.420999,0,0,1,2
0.459,0.1,0.423999,0,0,1,2
0.459,0.1,0.426999,0,0,1,2
0.459,0.1,0.429999,0,0,1,2
0.459,0.1,0.432999,0,0,1,2
0.459,0.1,0.435999,0,0,1,2
0.459,0.1,0.438999,0,0,1,2
0.459,0.1,0.441999,0,0,1,2
0.459,0.1,0.444999,0,0,1,2
0.459,0.1,0.447999,0,0,1,2
0.459,0.1,0.450999,0,0,1,2
0.462,0.1,0.25,0,0,1,2
0.462,0.1,0.253,0,0,1,2
0.462,0.1,0.256,0,0,1,2
0.462,0.1,0.259,0,0,1,2
0.462,0.1,0.262,0,0,1,2
0.462,0.1,0.265,0,0,1,2
0.462,0.1,0.268,0,0,1,2
0.462,0.1,0.271,0,0,1,2
0.462,0.1,0.274,0,0,1,2
0.462,0.1,0.277,0,0,1,2
0.462,0.1,0.28,0,0,1,2
0.462,0.1,0.283,0,0,1,2
0.462,0.1,0.286,0,0,1,2
0.462,0.1,0.289,0,0,1,2
0.462,0.1,0.292,0,0,1,2
0.462,0.1,0.295,0,0,1,2
0.462,0.1,0.298,0,0,1,2
0.462,0.1,0.301,0,0,1,2
0.462,0.1,0.304,0,0,1,2
0.462,0.1,0.307,0,0,1,2
0.462,0.1,0.31,0,0,1,2
0.462,0.1,0.313,0,0,1,2
0.462,0.1,0.316,0,0,1,2
0.462,0.1,0.319,0,0,1,2
0.462,0.1,0.322,0,0,1,2
0.462,0.1,0.325,0,0,1,2
0.462,0.1,0.328,0,0,1,2
0.462,0.1,0.331,0,0,1,2
0.462,0.1,0.334,0,0,1,2
0.462,0.1,0.337,0,0,1,2
0.462,0.1,0.34,0,0,1,2
0.462,0.1,0.343,0,0,1,2
0.462,0.1,0.346,0,0,1,2
0.462,0.1,0.349,0,0,1,2
0.462,0.1,0.352,0,0,1,2
0.462,0.1,0.355,0,0,1,2
0.462,0.1,0.358,0,0,1,2
0.462,0.1,0.361,0,0,1,2
0.462,0.1,0.364,0,0,1,2
0.462,0.1,0.367,0,0,1,2
0.462,0.1,0.37,0,0,1,2
0.462,0.1,0.373,0,0,1,2
0.462,0.1,0.376,0,0,1,2
0.462,0.1,0.379,0,0,1,2
0.462,0.1,0.382,0,0,1,2
0.462,0.1,0.385,0,0,1,2
0.462,0.1,0.388,0,0,1,2
0.462,0.1,0.391,0,0,1,2
0.462,0.1,0.394,0,0,1,2
0.462,0.1,0.397,0,0,1,2
0.462,0.1,0.4,0,0,1,2
0.462,0.1,0.403,0,0,1,2
0.462,0.1,0.406,0,0,1,2
0.462,0.1,0.409,0,0,1,2
0.462,0.1,0.412,0,0,1,2
0.462,0.1,0.415,0,0,1,2
0.462,0.1,0.418,0,0,1,2
0.462,0.1,0.420999,0,0,1,2
0.462,0.1,0.423999,0,0,1,2
0.462,0.1,0.426999,0,0,1,2
0.462,0.1,0.429999,0,0,1,2
0.462,0.1,0.432999,0,0,1,2
0.462,0.1,0.435999,0,0,1,2
0.462,0.1,0.438999,0,0,1,2
0.462,0.1,0.441999,0,0,1,2
0.462,0.1,0.444999,0,0,1,2
0.462,0.1,0.447999,0,0,1,2
0.462,0.1,0.450999,0,0,1,2
0.465,0.1,0.25,0,0,1,2
0.465,0.1,0.253,0,0,1,2
0.465,0.1,0.256,0,0,1,2
0.465,0.1,0.259,0,0,1,2
0.465,0.1,0.262,0,0,1,2
0.465,0.1,0.265,0,0,1,2
0.465,0.1,0.268,0,0,1,2
0.465,0.1,0.271,0,0,1,2
0.465,0.1,0.274,0,0,1,2
0.465,0.1,0.277,0,0,1,2
0.465,0.1,0.28,0,0,1,2
0.465,0.1,0.283,0,0,1,2
0.465,0.1,0.286,0,0,1,2
0.465,0.1,0.289,0,0,1,2
0.465,0.1,0.292,0,0,1,2
0.465,0.1,0.295,0,0,1,2
0.465,0.1,0.298,0,0,1,2
0.465,0.1,0.301,0,0,1,2
0.465,0.1,0.304,0,0,1,2
0.465,0.1,0.307,0,0,1,2
0.465,0.1,0.31,0,0,1,2
0.465,0.1,0.313,0,0,1,2
0.465,0.1,0.316,0,0,1,2
0.465,0.1,0.319,0,0,1,2
0.465,0.1,0.322,0,0,1,2
0.465,0.1,0.325,0,0,1,2
0.465,0.1,0.328,0,0,1,2
0.465,0.1,0.331,0,0,1,2
0.465,0.1,0.334,0,0,1,2
0.465,0.1,0.337,0,0,1,2
0.465,0.1,0.34,0,0,1,2
0.465,0.1,0.343,0,0,1,2
0.465,0.1,0.346,0,0,1,2
0.465,0.1,0.349,0,0,1,2
0.465,0.1,0.352,0,0,1,2
0.465,0.1,0.355,0,0,1,2
0.465,0.1,0.358,0,0,1,2
0.465,0.1,0.361,0,0,1,2
0.465,0.1,0.364,0,0,1,2
0.465,0.1,0.367,0,0,1,2
0.465,0.1,0.37,0,0,1,2
0.465,0.1,0.373,0,0,1,2
0.465,0.1,0.376,0,0,1,2
0.465,0.1,0.379,0,0,1,2
0.465,0.1,0.382,0,0,1,2
0.465,0.1,0.385,0,0,1,2
0.465,0.1,0.388,0,0,1,2
0.465,0.1,0.391,0,0,1,2
0.465,0.1,0.394,0,0,1,2
0.465,0.1,0.397,0,0,1,2
0.465,0.1,0.4,0,0,1,2
0.465,0.1,0.403,0,0,1,2
0.465,0.1,0.406,0,0,1,2
0.465,0.1,0.409,0,0,1,2
0.465,0.1,0.412,0,0,1,2
0.465,0.1,0.415,0,0,1,2
0.465,0.1,0.418,0,0,1,2
0.465,0.1,0.420999,0,0,1,2
0.465,0.1,0.423999,0,0,1,2
0.465,0.1,0.426999,0,0,1,2
0.465,0.1,0.429999,0,0,1,2
0.465,0.1,0.432999,0,0,1,2
0.465,0.1,0.435999,0,0,1,2
0.465,0.1,0.438999,0,0,1,2
0.465,0.1,0.441999,0,0,1,2
0.465,0.1,0.444999,0,0,1,2
0.465,0.1,0.447999,0,0,1,2
0.465,0.1,0.450999,0,0,1,2
0.468,0.1,0.25,0,0,1,2
0.468,0.1,0.253,0,0,1,2
0.468,0.1,0.256,0,0,1,2
0.468,0.1,0.259,0,0,1,2
0.468,0.1,0.262,0,0,1,2
0.468,0.1,0.265,0,0,1,2
0.468,0.1,0.268,0,0,1,2
0.468,0.1,0.271,0,0,1,2
0.468,0.1,0.274,0,0,1,2
0.468,0.1,0.277,0,0,1,2
0.468,0.1,0.28,0,0,1,2
0.468,0.1,0.283,0,0,1,2
0.468,0.1,0.286,0,0,1,2
0.468,0.1,0.289,0,0,1,2
0.468,0.1,0.292,0,0,1,2
0.468,0.1,0.295,0,0,1,2
0.468,0.1,0.298,0,0,1,2
0.468,0.1,0.301,0,0,1,2
0.468,0.1,0.304,0,0,1,2
0.468,0.1,0.307,0,0,1,2
0.468,0.1,0.31,0,0,1,2
0.468,0.1,0.313,0,0,1,2
0.468,0.1,0.316,0,0,1,2
0.468,0.1,0.319,0,0,1,2
0.468,0.1,0.322,0,0,1,2
0.468,0.1,0.325,0,0,1,2
0.468,0.1,0.328,0,0,1,2
0.468,0.1,0.331,0,0,1,2
0.468,0.1,0.334,0,0,1,2
0.468,0.1,0.337,0,0,1,2
0.468,0.1,0.34,0,0,1,2
0.468,0.1,0.343,0,0,1,2
0.468,0.1,0.346,0,0,1,2
0.468,0.1,0.349,0,0,1,2
0.468,0.1,0.352,0,0,1,2
0.468,0.1,0.355,0,0,1,2
0.468,0.1,0.358,0,0,1,2
0.468,0.1,0.361,0,0,1,2
0.468,0.1,0.364,0,0,1,2
0.468,0.1,0.367,0,0,1,2
0.468,0.1,0.37,0,0,1,2
0.468,0.1,0.373,0,0,1,2
0.468,0.1,0.376,0,0,1,2
0.468,0.1,0.379,0,0,1,2
0.468,0.1,0.382,0,0,1,2
0.468,0.1,0.385,0,0,1,2
0.468,0.1,0.388,0,0,1,2
0.468,0.1,0.391,0,0,1,2
0.468,0.1,0.394,0,0,1,2
0.468,0.1,0.397,0,0,1,2
0.468,0.1,0.4,0,0,1,2
0.468,0.1,0.403,0,0,1,2
0.468,0.1,0.406,0,0,1,2
0.468,0.1,0.409,0,0,1,2
0.468,0.1,0.412,0,0,1,2
0.468,0.1,0.415,0,0,1,2
0.468,0.1,0.418,0,0,1,2
0.468,0.1,0.420999,0,0,1,2
0.468,0.1,0.423999,0,0,1,2
0.468,0.1,0.426999,0,0,1,2
0.468,0.1,0.429999,0,0,1,2
0.468,0.1,0.432999,0,0,1,2
0.468,0.1,0.435999,0,0,1,2
0.468,0.1,0.438999,0,0,1,2
0.468,0.1,0.441999,0,0,1,2
0.468,0.1,0.444999,0,0,1,2
0.468,0.1,0.447999,0,0,1,2
0.468,0.1,0.450999,0,0,1,2
0.471,0.1,0.25,0,0,1,2
0.471,0.1,0.253,0,0,1,2
0.471,0.1,0.256,0,0,1,2
0.471,0.1,0.259,0,0,1,2
0.471,0.1,0.262,0,0,1,2
0.471,0.1,0.265,0,0,1,2
0.471,0.1,0.268,0,0,1,2
0.471,0.1,0.271,0,0,1,2
0.471,0.1,0.274,0,0,1,2
0.471,0.1,0.277,0,0,1,2
0.471,0.1,0.28,0,0,1,2
0.471,0.1,0.283,0,0,1,2
0.471,0.1,0.286,0,0,1,2
0.471,0.1,0.289,0,0,1,2
0.471,0.1,0.292,0,0,1,2
0.471,0.1,0.295,0,0,1,2
0.471,0.1,0.298,0,0,1,2
0.471,0.1,0.301,0,0,1,2
0.471,0.1,0.304,0,0,1,2
0.471,0.1,0.307,0,0,1,2
0.471,0.1,0.31,0,0,1,2
0.471,0.1,0.313,0,0,1,2
0.471,0.1,0.316,0,0,1,2
0.471,0.1,0.319,0,0,1,2
0.471,0.1,0.322,0,0,1,2
0.471,0.1,0.325,0,0,1,2
0.471,0.1,0.328,0,0,1,2
0.471,0.1,0.331,0,0,1,2
0.471,0.1,0.334,0,0,1,2
0.471,0.1,0.337,0,0,1,2
0.471,0.1,0.34,0,0,1,2
0.471,0.1,0.343,0,0,1,2
0.471,0.1,0.346,0,0,1,2
0.471,0.1,0.349,0,0,1,2
0.471,0.1,0.352,0,0,1,2
0.471,0.1,0.355,0,0,1,2
0.471,0.1,0.358,0,0,1,2
0.471,0.1,0.361,0,0,1,2
0.471,0.1,0.364,0,0,1,2
0.471,0.1,0.367,0,0,1,2
0.471,0.1,0.37,0,0,1,2
0.471,0.1,0.373,0,0,1,2
0.471,0.1,0.376,0,0,1,2
0.471,0.1,0.379,0,0,1,2
0.471,0.1,0.382,0,0,1,2
0.471,0.1,0.385,0,0,1,2
0.471,0.1,0.388,0,0,1,2
0.471,0.1,0.391,0,0,1,2
0.471,0.1,0.394,0,0,1,2
0.471,0.1,0.397,0,0,1,2
0.471,0.1,0.4,0,0,1,2
0.471,0.1,0.403,0,0,1,2
0.471,0.1,0.406,0,0,1,2
0.471,0.1,0.409,0,0,1,2
0.471,0.1,0.412,0,0,1,2
0.471,0.1,0.415,0,0,1,2
0.471,0.1,0.418,0,0,1,2
0.471,0.1,0.420999,0,0,1,2
0.471,0.1,0.423999,0,0,1,2
0.471,0.1,0.426999,0,0,1,2
0.471,0.1,0.429999,0,0,1,2
0.471,0.1,0.432999,0,0,1,2
0.471,0.1,0.435999,0,0,1,2
0.471,0.1,0.438999,0,0,1,2
0.471,0.1,0.441999,0,0,1,2
0.471,0.1,0.444999,0,0,1,2
0.471,0.1,0.447999,0,0,1,2
0.471,0.1,0.450999,0,0,1,2
0.474,0.1,0.25,0,0,1,2
0.474,0.1,0.253,0,0,1,2
0.474,0.1,0.256,0,0,1,2
0.474,0.1,0.259,0,0,1,2
0.474,0.1,0.262,0,0,1,2
0.474,0.1,0.265,0,0,1,2
0.474,0.1,0.268,0,0,1,2
0.474,0.1,0.271,0,0,1,2
0.474,0.1,0.274,0,0,1,2
0.474,0.1,0.277,0,0,1,2
0.474,0.1,0.28,0,0,1,2
0.474,0.1,0.283,0,0,1,2
0.474,0.1,0.286,0,0,1,2
0.474,0.1,0.289,0,0,1,2
0.474,0.1,0.292,0,0,1,2
0.474,0.1,0.295,0,0,1,2
0.474,0.1,0.298,0,0,1,2
0.474,0.1,0.301,0,0,1,2
0.474,0.1,0.304,0,0,1,2
0.474,0.1,0.307,0,0,1,2
0.474,0.1,0.31,0,0,1,2
0.474,0.1,0.313,0,0,1,2
0.474,0.1,0.316,0,0,1,2
0.474,0.1,0.319,0,0,1,2
0.474,0.1,0.322,0,0,1,2
0.474,0.1,0.325,0,0,1,2
0.474,0.1,0.328,0,0,1,2
0.474,0.1,0.331,0,0,1,2
0.474,0.1,0.334,0,0,1,2
0.474,0.1,0.337,0,0,1,2
0.474,0.1,0.34,0,0,1,2
0.474,0.1,0.343,0,0,1,2
0.474,0.1,0.346,0,0,1,2
0.474,0.1,0.349,0,0,1,2
0.474,0.1,0.352,0,0,1,2
0.474,0.1,0.355,0,0,1,2
0.474,0.1,0.358,0,0,1,2
0.474,0.1,0.361,0,0,1,2
0.474,0.1,0.364,0,0,1,2
0.474,0.1,0.367,0,0,1,2
0.474,0.1,0.37,0,0,1,2
0.474,0.1,0.373,0,0,1,2
0.474,0.1,0.376,0,0,1,2
0.474,0.1,0.379,0,0,1,2
0.474,0.1,0.382,0,0,1,2
0.474,0.1,0.385,0,0,1,2
0.474,0.1,0.388,0,0,1,2
0.474,0.1,0.391,0,0,1,2
0.474,0.1,0.394,0,0,1,2
0.474,0.1,0.397,0,0,1,2
0.474,0.1,0.4,0,0,1,2
0.474,0.1,0.403,0,0,1,2
0.474,0.1,0.406,0,0,1,2
0.474,0.1,0.409,0,0,1,2
0.474,0.1,0.412,0,0,1,2
0.474,0.1,0.415,0,0,1,2
0.474,0.1,0.418,0,0,1,2
0.474,0.1,0.420999,0,0,1,2
0.474,0.1,0.423999,0,0,1,2
0.474,0.1,0.426999,0,0,1,2
0.474,0.1,0.429999,0,0,1,2
0.474,0.1,0.432999,0,0,1,2
0.474,0.1,0.435999,0,0,1,2
0.474,0.1,0.438999,0,0,1,2
0.474,0.1,0.441999,0,0,1,2
0.474,0.1,0.444999,0,0,1,2
0.474,0.1,0.447999,0,0,1,2
0.474,0.1,0.450999,0,0,1,2
0.477,0.1,0.25,0,0,1,2
0.477,0.1,0.253,0,0,1,2
0.477,0.1,0.256,0,0,1,2
0.477,0.1,0.259,0,0,1,2
0.477,0.1,0.262,0,0,1,2
0.477,0.1,0.265,0,0,1,2
0.477,0.1,0.268,0,0,1,2
0.477,0.1,0.271,0,0,1,2
0.477,0.1,0.274,0,0,1,2
0.477,0.1,0.277,0,0,1,2
0.477,0.1,0.28,0,0,1,2
0.477,0.1,0.283,0,0,1,2
0.477,0.1,0.286,0,0,1,2
0.477,0.1,0.289,0,0,1,2
0.477,0.1,0.292,0,0,1,2
0.477,0.1,0.295,0,0,1,2
0.477,0.1,0.298,0,0,1,2
0.477,0.1,0.301,0,0,1,2
0.477,0.1,0.304,0,0,1,2
0.477,0.1,0.307,0,0,1,2
0.477,0.1,0.31,0,0,1,2
0.477,0.1,0.313,0,0,1,2
0.477,0.1,0.316,0,0,1,2
0.477,0.1,0.319,0,0,1,2
0.477,0.1,0.322,0,0,1,2
0.477,0.1,0.325,0,0,1,2
0.477,0.1,0.328,0,0,1,2
0.477,0.1,0.331,0,0,1,2
0.477,0.1,0.334,0,0,1,2
0.477,0.1,0.337,0,0,1,2
0.477,0.1,0.34,0,0,1,2
0.477,0.1,0.343,0,0,1,2
0.477,0.1,0.346,0,0,1,2
0.477,0.1,0.349,0,0,1,2
0.477,0.1,0.352,0,0,1,2
0.477,0.1,0.355,0,0,1,2
0.477,0.1,0.358,0,0,1,2
0.477,0.1,0.361,0,0,1,2
0.477,0.1,0.364,0,0,1,2
0.477,0.1,0.367,0,0,1,2
0.477,0.1,0.37,0,0,1,2
0.477,0.1,0.373,0,0,1,2
0.477,0.1,0.376,0,0,1,2
0.477,0.1,0.379,0,0,1,2
0.477,0.1,0.382,0,0,1,2
0.477,0.1,0.385,0,0,1,2
0.477,0.1,0.388,0,0,1,2
0.477,0.1,0.391,0,0,1,2
0.477,0.1,0.394,0,0,1,2
0.477,0.1,0.397,0,0,1,2
0.477,0.1,0.4,0,0,1,2
0.477,0.1,0.403,0,0,1,2
0.477,0.1,0.406,0,0,1,2
0.477,0.1,0.409,0,0,1,2
0.477,0.1,0.412,0,0,1,2
0.477,0.1,0.415,0,0,1,2
0.477,0.1,0.418,0,0,1,2
0.477,0.1,0.420999,0,0,1,2
0.477,0.1,0.423999,0,0,1,2
0.477,0.1,0.426999,0,0,1,2
0.477,0.1,0.429999,0,0,1,2
0.477,0.1,0.432999,0,0,1,2
0.477,0.1,0.435999,0,0,1,2
0.477,0.1,0.438999,0,0,1,2
0.477,0.1,0.441999,0,0,1,2
0.477,0.1,0.444999,0,0,1,2
0.477,0.1,0.447999,0,0,1,2
0.477,0.1,0.450999,0,0,1,2
0.48,0.1,0.25,0,0,1,2
0.48,0.1,0.253,0,0,1,2
0.48,0.1,0.256,0,0,1,2
0.48,0.1,0.259,0,0,1,2
0.48,0.1,0.262,0,0,1,2
0.48,0.1,0.265,0,0,1,2
0.48,0.1,0.268,0,0,1,2
0.48,0.1,0.271,0,0,1,2
0.48,0.1,0.274,0,0,1,2
0.48,0.1,0.277,0,0,1,2
0.48,0.1,0.28,0,0,1,2
0.48,0.1,0.283,0,0,1,2
0.48,0.1,0.286,0,0,1,2
0.48,0.1,0.289,0,0,1,2
0.48,0.1,0.292,0,0,1,2
0.48,0.1,0.295,0,0,1,2
0.48,0.1,0.298,0,0,1,2
0.48,0.1,0.301,0,0,1,2
0.48,0.1,0.304,0,0,1,2
0.48,0.1,0.307,0,0,1,2
0.48,0.1,0.31,0,0,1,2
0.48,0.1,0.313,0,0,1,2
0.48,0.1,0.316,0,0,1,2
0.48,0.1,0.319,0,0,1,2
0.48,0.1,0.322,0,0,1,2
0.48,0.1,0.325,0,0,1,2
0.48,0.1,0.328,0,0,1,2
0.48,0.1,0.331,0,0,1,2
0.48,0.1,0.334,0,0,1,2
0.48,0.1,0.337,0,0,1,2
0.48,0.1,0.34,0,0,1,2
0.48,0.1,0.343,0,0,1,2
0.48,0.1,0.346,0,0,1,2
0.48,0.1,0.349,0,0,1,2
0.48,0.1,0.352,0,0,1,2
0.48,0.1,0.355,0,0,1,2
0.48,0.1,0.358,0,0,1,2
0.48,0.1,0.361,0,0,1,2
0.48,0.1,0.364,0,0,1,2
0.48,0.1,0.367,0,0,1,2
0.48,0.1,0.37,0,0,1,2
0.48,0.1,0.373,0,0,1,2
0.48,0.1,0.376,0,0,1,2
0.48,0.1,0.379,0,0,1,2
0.48,0.1,0.382,0,0,1,2
0.48,0.1,0.385,0,0,1,2
0.48,0.1,0.388,0,0,1,2
0.48,0.1,0.391,0,0,1,2
0.48,0.1,0.394,0,0,1,2
0.48,0.1,0.397,0,0,1,2
0.48,0.1,0.4,0,0,1,2
0.48,0.1,0.403,0,0,1,2
0.48,0.1,0.406,0,0,1,2
0.48,0.1,0.409,0,0,1,2
0.48,0.1,0.412,0,0,1,2
0.48,0.1,0.415,0,0,1,2
0.48,0.1,0.418,0,0,1,2
0.48,0.1,0.420999,0,0,1,2
0.48,0.1,0.423999,0,0,1,2
0.48,0.1,0.426999,0,0,1,2
0.48,0.1,0.429999,0,0,1,2
0.48,0.1,0.432999,0,0,1,2
0.48,0.1,0.435999,0,0,1,2
0.48,0.1,0.438999,0,0,1,2
0.48,0.1,0.441999,0,0,1,2
0.48,0.1,0.444999,0,0,1,2
0.48,0.1,0.447999,0,0,1,2
0.48,0.1,0.450999,0,0,1,2
0.483,0.1,0.25,0,0,1,2
0.483,0.1,0.253,0,0,1,2
0.483,0.1,0.256,0,0,1,2
0.483,0.1,0.259,0,0,1,2
0.483,0.1,0.262,0,0,1,2
0.483,0.1,0.265,0,0,1,2
0.483,0.1,0.268,0,0,1,2
0.483,0.1,0.271,0,0,1,2
0.483,0.1,0.274,0,0,1,2
0.483,0.1,0.277,0,0,1,2
0.483,0.1,0.28,0,0,1,2
0.483,0.1,0.283,0,0,1,2
0.483,0.1,0.286,0,0,1,2
0.483,0.1,0.289,0,0,1,2
0.483,0.1,0.292,0,0,1,2
0.483,0.1,0.295,0,0,1,2
0.483,0.1,0.298,0,0,1,2
0.483,0.1,0.301,0,0,1,2
0.483,0.1,0.304,0,0,1,2
0.483,0.1,0.307,0,0,1,2
0.483,0.1,0.31,0,0,1,2
0.483,0.1,0.313,0,0,1,2
0.483,0.1,0.316,0,0,1,2
0.483,0.1,0.319,0,0,1,2
0.483,0.1,0.322,0,0,1,2
0.483,0.1,0.325,0,0,1,2
0.483,0.1,0.328,0,0,1,2
0.483,0.1,0.331,0,0,1,2
0.483,0.1,0.334,0,0,1,2
0.483,0.1,0.337,0,0,1,2
0.483,0.1,0.34,0,0,1,2
0.483,0.1,0.343,0,0,1,2
0.483,0.1,0.346,0,0,1,2
0.483,0.1,0.349,0,0,1,2
0.483,0.1,0.352,0,0,1,2
0.483,0.1,0.355,0,0,1,2
0.483,0.1,0.358,0,0,1,2
0.483,0.1,0.361,0,0,1,2
0.483,0.1,0.364,0,0,1,2
0.483,0.1,0.367,0,0,1,2
0.483,0.1,0.37,0,0,1,2
0.483,0.1,0.373,0,0,1,2
0.483,0.1,0.376,0,0,1,2
0.483,0.1,0.379,0,0,1,2
0.483,0.1,0.382,0,0,1,2
0.483,0.1,0.385,0,0,1,2
0.483,0.1,0.388,0,0,1,2
0.483,0.1,0.391,0,0,1,2
0.483,0.1,0.394,0,0,1,2
0.483,0.1,0.397,0,0,1,2
0.483,0.1,0.4,0,0,1,2
0.483,0.1,0.403,0,0,1,2
0.483,0.1,0.406,0,0,1,2
0.483,0.1,0.409,0,0,1,2
0.483,0.1,0.412,0,0,1,2
0.483,0.1,0.415,0,0,1,2
0.483,0.1,0.418,0,0,1,2
0.483,0.1,0.420999,0,0,1,2
0.483,0.1,0.423999,0,0,1,2
0.483,0.1,0.426999,0,0,1,2
0.483,0.1,0.429999,0,0,1,2
0.483,0.1,0.432999,0,0,1,2
0.483,0.1,0.435999,0,0,1,2
0.483,0.1,0.438999,0,0,1,2
0.483,0.1,0.441999,0,0,1,2
0.483,0.1,0.444999,0,0,1,2
0.483,0.1,0.447999,0,0,1,2
0.483,0.1,0.450999,0,0,1,2
0.486,0.1,0.25,0,0,1,2
0.486,0.1,0.253,0,0,1,2
0.486,0.1,0.256,0,0,1,2
0.486,0.1,0.259,0,0,1,2
0.486,0.1,0.262,0,0,1,2
0.486,0.1,0.265,0,0,1,2
0.486,0.1,0.268,0,0,1,2
0.486,0.1,0.271,0,0,1,2
0.486,0.1,0.274,0,0,1,2
0.486,0.1,0.277,0,0,1,2
0.486,0.1,0.28,0,0,1,2
0.486,0.1,0.283,0,0,1,2
0.486,0.1,0.286,0,0,1,2
0.486,0.1,0.289,0,0,1,2
0.486,0.1,0.292,0,0,1,2
0.486,0.1,0.295,0,0,1,2
0.486,0.1,0.298,0,0,1,2
0.486,0.1,0.301,0,0,1,2
0.486,0.1,0.304,0,0,1,2
0.486,0.1,0.307,0,0,1,2
0.486,0.1,0.31,0,0,1,2
0.486,0.1,0.313,0,0,1,2
0.486,0.1,0.316,0,0,1,2
0.486,0.1,0.319,0,0,1,2
0.486,0.1,0.322,0,0,1,2
0.486,0.1,0.325,0,0,1,2
0.486,0.1,0.328,0,0,1,2
0.486,0.1,0.331,0,0,1,2
0.486,0.1,0.334,0,0,1,2
0.486,0.1,0.337,0,0,1,2
0.486,0.1,0.34,0,0,1,2
0.486,0.1,0.343,0,0,1,2
0.486,0.1,0.346,0,0,1,2
0.486,0.1,0.349,0,0,1,2
0.486,0.1,0.352,0,0,1,2
0.486,0.1,0.355,0,0,1,2
0.486,0.1,0.358,0,0,1,2
0.486,0.1,0.361,0,0,1,2
0.486,0.1,0.364,0,0,1,2
0.486,0.1,0.367,0,0,1,2
0.486,0.1,0.37,0,0,1,2
0.486,0.1,0.373,0,0,1,2
0.486,0.1,0.376,0,0,1,2
0.486,0.1,0.379,0,0,1,2
0.486,0.1,0.382,0,0,1,2
0.486,0.1,0.385,0,0,1,2
0.486,0.1,0.388,0,0,1,2
0.486,0.1,0.391,0,0,1,2
0.486,0.1,0.394,0,0,1,2
0.486,0.1,0.397,0,0,1,2
0.486,0.1,0.4,0,0,1,2
0.486,0.1,0.403,0,0,1,2
0.486,0.1,0.406,0,0,1,2
0.486,0.1,0.409,0,0,1,2
0.486,0.1,0.412,0,0,1,2
0.486,0.1,0.415,0,0,1,2
0.486,0.1,0.418,0,0,1,2
0.486,0.1,0.420999,0,0,1,2
0.486,0.1,0.423999,0,0,1,2
0.486,0.1,0.426999,0,0,1,2
0.486,0.1,0.429999,0,0,1,2
0.486,0.1,0.432999,0,0,1,2
0.486,0.1,0.435999,0,0,1,2
0.486,0.1,0.438999,0,0,1,2
0.486,0.1,0.441999,0,0,1,2
0.486,0.1,0.444999,0,0,1,2
0.486,0.1,0.447999,0,0,1,2
0.486,0.1,0.450999,0,0,1,2
0.489,0.1,0.25,0,0,1,2
0.489,0.1,0.253,0,0,1,2
0.489,0.1,0.256,0,0,1,2
0.489,0.1,0.259,0,0,1,2
0.489,0.1,0.262,0,0,1,2
0.489,0.1,0.265,0,0,1,2
0.489,0.1,0.268,0,0,1,2
0.489,0.1,0.271,0,0,1,2
0.489,0.1,0.274,0,0,1,2
0.489,0.1,0.277,0,0,1,2
0.489,0.1,0.28,0,0,1,2
0.489,0.1,0.283,0,0,1,2
0.489,0.1,0.286,0,0,1,2
0.489,0.1,0.289,0,0,1,2
0.489,0.1,0.292,0,0,1,2
0.489,0.1,0.295,0,0,1,2
0.489,0.1,0.298,0,0,1,2
0.489,0.1,0.301,0,0,1,2
0.489,0.1,0.304,0,0,1,2
0.489,0.1,0.307,0,0,1,2
0.489,0.1,0.31,0,0,1,2
0.489,0.1,0.313,0,0,1,2
0.489,0.1,0.316,0,0,1,2
0.489,0.1,0.319,0,0,1,2
0.489,0.1,0.322,0,0,1,2
0.489,0.1,0.325,0,0,1,2
0.489,0.1,0.328,0,0,1,2
0.489,0.1,0.331,0,0,1,2
0.489,0.1,0.334,0,0,1,2
0.489,0.1,0.337,0,0,1,2
0.489,0.1,0.34,0,0,1,2
0.489,0.1,0.343,0,0,1,2
0.489,0.1,0.346,0,0,1,2
0.489,0.1,0.349,0,0,1,2
0.489,0.1,0.352,0,0,1,2
0.489,0.1,0.355,0,0,1,2
0.489,0.1,0.358,0,0,1,2
0.489,0.1,0.361,0,0,1,2
0.489,0.1,0.364,0,0,1,2
0.489,0.1,0.367,0,0,1,2
0.489,0.1,0.37,0,0,1,2
0.489,0.1,0.373,0,0,1,2
0.489,0.1,0.376,0,0,1,2
0.489,0.1,0.379,0,0,1,2
0.489,0.1,0.382,0,0,1,2
0.489,0.1,0.385,0,0,1,2
0.489,0.1,0.388,0,0,1,2
0.489,0.1,0.391,0,0,1,2
0.489,0.1,0.394,0,0,1,2
0.489,0.1,0.397,0,0,1,2
0.489,0.1,0.4,0,0,1,2
0.489,0.1,0.403,0,0,1,2
0.489,0.1,0.406,0,0,1,2
0.489,0.1,0.409,0,0,1,2
0.489,0.1,0.412,0,0,1,2
0.489,0.1,0.415,0,0,1,2
0.489,0.1,0.418,0,0,1,2
0.489,0.1,0.420999,0,0,1,2
0.489,0.1,0.423999,0,0,1,2
0.489,0.1,0.426999,0,0,1,2
0.489,0.1,0.429999,0,0,1,2
0.489,0.1,0.432999,0,0,1,2
0.489,0.1,0.435999,0,0,1,2
0.489,0.1,0.438999,0,0,1,2
0.489,0.1,0.441999,0,0,1,2
0.489,0.1,0.444999,0,0,1,2
0.489,0.1,0.447999,0,0,1,2
0.489,0.1,0.450999,0,0,1,2
0.492,0.1,0.25,0,0,1,2
0.492,0.1,0.253,0,0,1,2
0.492,0.1,0.256,0,0,1,2
0.492,0.1,0.259,0,0,1,2
0.492,0.1,0.262,0,0,1,2
0.492,0.1,0.265,0,0,1,2
0.492,0.1,0.268,0,0,1,2
0.492,0.1,0.271,0,0,1,2
0.492,0.1,0.274,0,0,1,2
0.492,0.1,0.277,0,0,1,2
0.492,0.1,0.28,0,0,1,2
0.492,0.1,0.283,0,0,1,2
0.492,0.1,0.286,0,0,1,2
0.492,0.1,0.289,0,0,1,2
0.492,0.1,0.292,0,0,1,2
0.492,0.1,0.295,0,0,1,2
0.492,0.1,0.298,0,0,1,2
0.492,0.1,0.301,0,0,1,2
0.492,0.1,0.304,0,0,1,2
0.492,0.1,0.307,0,0,1,2
0.492,0.1,0.31,0,0,1,2
0.492,0.1,0.313,0,0,1,2
0.492,0.1,0.316,0,0,1,2
0.492,0.1,0.319,0,0,1,2
0.492,0.1,0.322,0,0,1,2
0.492,0.1,0.325,0,0,1,2
0.492,0.1,0.328,0,0,1,2
0.492,0.1,0.331,0,0,1,2
0.492,0.1,0.334,0,0,1,2
0.492,0.1,0.337,0,0,1,2
0.492,0.1,0.34,0,0,1,2
0.492,0.1,0.343,0,0,1,2
0.492,0.1,0.346,0,0,1,2
0.492,0.1,0.349,0,0,1,2
0.492,0.1,0.352,0,0,1,2
0.492,0.1,0.355,0,0,1,2
0.492,0.1,0.358,0,0,1,2
0.492,0.1,0.361,0,0,1,2
0.492,0.1,0.364,0,0,1,2
0.492,0.1,0.367,0,0,1,2
0.492,0.1,0.37,0,0,1,2
0.492,0.1,0.373,0,0,1,2
0.492,0.1,0.376,0,0,1,2
0.492,0.1,0.379,0,0,1,2
0.492,0.1,0.382,0,0,1,2
0.492,0.1,0.385,0,0,1,2
0.492,0.1,0.388,0,0,1,2
0.492,0.1,0.391,0,0,1,2
0.492,0.1,0.394,0,0,1,2
0.492,0.1,0.397,0,0,1,2
0.492,0.1,0.4,0,0,1,2
0.492,0.1,0.403,0,0,1,2
0.492,0.1,0.406,0,0,1,2
0.492,0.1,0.409,0,0,1,2
0.492,0.1,0.412,0,0,1,2
0.492,0.1,0.415,0,0,1,2
0.492,0.1,0.418,0,0,1,2
0.492,0.1,0.420999,0,0,1,2
0.492,0.1,0.423999,0,0,1,2
0.492,0.1,0.426999,0,0,1,2
0.492,0.1,0.429999,0,0,1,2
0.492,0.1,0.432999,0,0,1,2
0.492,0.1,0.435999,0,0,1,2
0.492,0.1,0.438999,0,0,1,2
0.492,0.1,0.441999,0,0,1,2
0.492,0.1,0.444999,0,0,1,2
0.492,0.1,0.447999,0,0,1,2
0.492,0.1,0.450999,0,0,1,2
0.495,0.1,0.25,0,0,1,2
0.495,0.1,0.253,0,0,1,2
0.495,0.1,0.256,0,0,1,2
0.495,0.1,0.259,0,0,1,2
0.495,0.1,0.262,0,0,1,2
0.495,0.1,0.265,0,0,1,2
0.495,0.1,0.268,0,0,1,2
0.495,0.1,0.271,0,0,1,2
0.495,0.1,0.274,0,0,1,2
0.495,0.1,0.277,0,0,1,2
0.495,0.1,0.28,0,0,1,2
0.495,0.1,0.283,0,0,1,2
0.495,0.1,0.286,0,0,1,2
0.495,0.1,0.289,0,0,1,2
0.495,0.1,0.292,0,0,1,2
0.495,0.1,0.295,0,0,1,2
0.495,0.1,0.298,0,0,1,2
0.495,0.1,0.301,0,0,1,2
0.495,0.1,0.304,0,0,1,2
0.495,0.1,0.307,0,0,1,2
0.495,0.1,0.31,0,0,1,2
0.495,0.1,0.313,0,0,1,2
0.495,0.1,0.316,0,0,1,2
0.495,0.1,0.319,0,0,1,2
0.495,0.1,0.322,0,0,1,2
0.495,0.1,0.325,0,0,1,2
0.495,0.1,0.328,0,0,1,2
0.495,0.1,0.331,0,0,1,2
0.495,0.1,0.334,0,0,1,2
0.495,0.1,0.337,0,0,1,2
0.495,0.1,0.34,0,0,1,2
0.495,0.1,0.343,0,0,1,2
0.495,0.1,0.346,0,0,1,2
0.495,0.1,0.349,0,0,1,2
0.495,0.1,0.352,0,0,1,2
0.495,0.1,0.355,0,0,1,2
0.495,0.1,0.358,0,0,1,2
0.495,0.1,0.361,0,0,1,2
0.495,0.1,0.364,0,0,1,2
0.495,0.1,0.367,0,0,1,2
0.495,0.1,0.37,0,0,1,2
0.495,0.1,0.373,0,0,1,2
0.495,0.1,0.376,0,0,1,2
0.495,0.1,0.379,0,0,1,2
0.495,0.1,0.382,0,0,1,2
0.495,0.1,0.385,0,0,1,2
0.495,0.1,0.388,0,0,1,2
0.495,0.1,0.391,0,0,1,2
0.495,0.1,0.394,0,0,1,2
0.495,0.1,0.397,0,0,1,2
0.495,0.1,0.4,0,0,1,2
0.495,0.1,0.403,0,0,1,2
0.495,0.1,0.406,0,0,1,2
0.495,0.1,0.409,0,0,1,2
0.495,0.1,0.412,0,0,1,2
0.495,0.1,0.415,0,0,1,2
0.495,0.1,0.418,0,0,1,2
0.495,0.1,0.420999,0,0,1,2
0.495,0.1,0.423999,0,0,1,2
0.495,0.1,0.426999,0,0,1,2
0.495,0.1,0.429999,0,0,1,2
0.495,0.1,0.432999,0,0,1,2
0.495,0.1,0.435999,0,0,1,2
0.495,0.1,0.438999,0,0,1,2
0.495,0.1,0.441999,0,0,1,2
0.495,0.1,0.444999,0,0,1,2
0.495,0.1,0.447999,0,0,1,2
0.495,0.1,0.450999,0,0,1,2
0.498,0.1,0.25,0,0,1,2
0.498,0.1,0.253,0,0,1,2
0.498,0.1,0.256,0,0,1,2
0.498,0.1,0.259,0,0,1,2
0.498,0.1,0.262,0,0,1,2
0.498,0.1,0.265,0,0,1,2
0.498,0.1,0.268,0,0,1,2
0.498,0.1,0.271,0,0,1,2
0.498,0.1,0.274,0,0,1,2
0.498,0.1,0.277,0,0,1,2
0.498,0.1,0.28,0,0,1,2
0.498,0.1,0.283,0,0,1,2
0.498,0.1,0.286,0,0,1,2
0.498,0.1,0.289,0,0,1,2
0.498,0.1,0.292,0,0,1,2
0.498,0.1,0.295,0,0,1,2
0.498,0.1,0.298,0,0,1,2
0.498,0.1,0.301,0,0,1,2
0.498,0.1,0.304,0,0,1,2
0.498,0.1,0.307,0,0,1,2
0.498,0.1,0.31,0,0,1,2
0.498,0.1,0.313,0,0,1,2
0.498,0.1,0.316,0,0,1,2
0.498,0.1,0.319,0,0,1,2
0.498,0.1,0.322,0,0,1,2
0.498,0.1,0.325,0,0,1,2
0.498,0.1,0.328,0,0,1,2
0.498,0.1,0.331,0,0,1,2
0.498,0.1,0.334,0,0,1,2
0.498,0.1,0.337,0,0,1,2
0.498,0.1,0.34,0,0,1,2
0.498,0.1,0.343,0,0,1,2
0.498,0.1,0.346,0,0,1,2
0.498,0.1,0.349,0,0,1,2
0.498,0.1,0.352,0,0,1,2
0.498,0.1,0.355,0,0,1,2
0.498,0.1,0.358,0,0,1,2
0.498,0.1,0.361,0,0,1,2
0.498,0.1,0.364,0,0,1,2
0.498,0.1,0.367,0,0,1,2
0.498,0.1,0.37,0,0,1,2
0.498,0.1,0.373,0,0,1,2
0.498,0.1,0.376,0,0,1,2
0.498,0.1,0.379,0,0,1,2
0.498,0.1,0.382,0,0,1,2
0.498,0.1,0.385,0,0,1,2
0.498,0.1,0.388,0,0,1,2
0.498,0.1,0.391,0,0,1,2
0.498,0.1,0.394,0,0,1,2
0.498,0.1,0.397,0,0,1,2
0.498,0.1,0.4,0,0,1,2
0.498,0.1,0.403,0,0,1,2
0.498,0.1,0.406,0,0,1,2
0.498,0.1,0.409,0,0,1,2
0.498,0.1,0.412,0,0,1,2
0.498,0.1,0.415,0,0,1,2
0.498,0.1,0.418,0,0,1,2
0.498,0.1,0.420999,0,0,1,2
0.498,0.1,0.423999,0,0,1,2
0.498,0.1,0.426999,0,0,1,2
0.498,0.1,0.429999,0,0,1,2
0.498,0.1,0.432999,0,0,1,2
0.498,0.1,0.435999,0,0,1,2
0.498,0.1,0.438999,0,0,1,2
0.498,0.1,0.441999,0,0,1,2
0.498,0.1,0.444999,0,0,1,2
0.498,0.1,0.447999,0,0,1,2
0.498,0.1,0.450999,0,0,1,2
0.501,0.1,0.25,0,0,1,2
0.501,0.1,0.253,0,0,1,2
0.501,0.1,0.256,0,0,1,2
0.501,0.1,0.259,0,0,1,2
0.501,0.1,0.262,0,0,1,2
0.501,0.1,0.265,0,0,1,2
0.501,0.1,0.268,0,0,1,2
0.501,0.1,0.271,0,0,1,2
0.501,0.1,0.274,0,0,1,2
0.501,0.1,0.277,0,0,1,2
0.501,0.1,0.28,0,0,1,2
0.501,0.1,0.283,0,0,1,2
0.501,0.1,0.286,0,0,1,2
0.501,0.1,0.289,0,0,1,2
0.501,0.1,0.292,0,0,1,2
0.501,0.1,0.295,0,0,1,2
0.501,0.1,0.298,0,0,1,2
0.501,0.1,0.301,0,0,1,2
0.501,0.1,0.304,0,0,1,2
0.501,0.1,0.307,0,0,1,2
0.501,0.1,0.31,0,0,1,2
0.501,0.1,0.313,0,0,1,2
0.501,0.1,0.316,0,0,1,2
0.501,0.1,0.319,0,0,1,2
0.501,0.1,0.322,0,0,1,2
0.501,0.1,0.325,0,0,1,2
0.501,0.1,0.328,0,0,1,2
0.501,0.1,0.331,0,0,1,2
0.501,0.1,0.334,0,0,1,2
0.501,0.1,0.337,0,0,1,2
0.501,0.1,0.34,0,0,1,2
0.501,0.1,0.343,0,0,1,2
0.501,0.1,0.346,0,0,1,2
0.501,0.1,0.349,0,0,1,2
0.501,0.1,0.352,0,0,1,2
0.501,0.1,0.355,0,0,1,2
0.501,0.1,0.358,0,0,1,2
0.501,0.1,0.361,0,0,1,2
0.501,0.1,0.364,0,0,1,2
0.501,0.1,0.367,0,0,1,2
0.501,0.1,0.37,0,0,1,2
0.501,0.1,0.373,0,0,1,2
0.501,0.1,0.376,0,0,1,2
0.501,0.1,0.379,0,0,1,2
0.501,0.1,0.382,0,0,1,2
0.501,0.1,0.385,0,0,1,2
0.501,0.1,0.388,0,0,1,2
0.501,0.1,0.391,0,0,1,2
0.501,0.1,0.394,0,0,1,2
0.501,0.1,0.397,0,0,1,2
0.501,0.1,0.4,0,0,1,2
0.501,0.1,0.403,0,0,1,2
0.501,0.1,0.406,0,0,1,2
0.501,0.1,0.409,0,0,1,2
0.501,0.1,0.412,0,0,1,2
0.501,0.1,0.415,0,0,1,2
0.501,0.1,0.418,0,0,1,2
0.501,0.1,0.420999,0,0,1,2
0.501,0.1,0.423999,0,0,1,2
0.501,0.1,0.426999,0,0,1,2
0.501,0.1,0.429999,0,0,1,2
0.501,0.1,0.432999,0,0,1,2
0.501,0.1,0.435999,0,0,1,2
0.501,0.1,0.438999,0,0,1,2
0.501,0.1,0.441999,0,0,1,2
0.501,0.1,0.444999,0,0,1,2
0.501,0.1,0.447999,0,0,1,2
0.501,0.1,0.450999,0,0,1,2
0.504,0.1,0.25,0,0,1,2
0.504,0.1,0.253,0,0,1,2
0.504,0.1,0.256,0,0,1,2
0.504,0.1,0.259,0,0,1,2
0.504,0.1,0.262,0,0,1,2
0.504,0.1,0.265,0,0,1,2
0.504,0.1,0.268,0,0,1,2
0.504,0.1,0.271,0,0,1,2
0.504,0.1,0.274,0,0,1,2
0.504,0.1,0.277,0,0,1,2
0.504,0.1,0.28,0,0,1,2
0.504,0.1,0.283,0,0,1,2
0.504,0.1,0.286,0,0,1,2
0.504,0.1,0.289,0,0,1,2
0.504,0.1,0.292,0,0,1,2
0.504,0.1,0.295,0,0,1,2
0.504,0.1,0.298,0,0,1,2
0.504,0.1,0.301,0,0,1,2
0.504,0.1,0.304,0,0,1,2
0.504,0.1,0.307,0,0,1,2
0.504,0.1,0.31,0,0,1,2
0.504,0.1,0.313,0,0,1,2
0.504,0.1,0.316,0,0,1,2
0.504,0.1,0.319,0,0,1,2
0.504,0.1,0.322,0,0,1,2
0.504,0.1,0.325,0,0,1,2
0.504,0.1,0.328,0,0,1,2
0.504,0.1,0.331,0,0,1,2
0.504,0.1,0.334,0,0,1,2
0.504,0.1,0.337,0,0,1,2
0.504,0.1,0.34,0,0,1,2
0.504,0.1,0.343,0,0,1,2
0.504,0.1,0.346,0,0,1,2
0.504,0.1,0.349,0,0,1,2
0.504,0.1,0.352,0,0,1,2
0.504,0.1,0.355,0,0,1,2
0.504,0.1,0.358,0,0,1,2
0.504,0.1,0.361,0,0,1,2
0.504,0.1,0.364,0,0,1,2
0.504,0.1,0.367,0,0,1,2
0.504,0.1,0.37,0,0,1,2
0.504,0.1,0.373,0,0,1,2
0.504,0.1,0.376,0,0,1,2
0.504,0.1,0.379,0,0,1,2
0.504,0.1,0.382,0,0,1,2
0.504,0.1,0.385,0,0,1,2
0.504,0.1,0.388,0,0,1,2
0.504,0.1,0.391,0,0,1,2
0.504,0.1,0.394,0,0,1,2
0.504,0.1,0.397,0,0,1,2
0.504,0.1,0.4,0,0,1,2
0.504,0.1,0.403,0,0,1,2
0.504,0.1,0.406,0,0,1,2
0.504,0.1,0.409,0,0,1,2
0.504,0.1,0.412,0,0,1,2
0.504,0.1,0.415,0,0,1,2
0.504,0.1,0.418,0,0,1,2
0.504,0.1,0.420999,0,0,1,2
0.504,0.1,0.423999,0,0,1,2
0.504,0.1,0.426999,0,0,1,2
0.504,0.1,0.429999,0,0,1,2
0.504,0.1,0.432999,0,0,1,2
0.504,0.1,0.435999,0,0,1,2
0.504,0.1,0.438999,0,0,1,2
0.504,0.1,0.441999,0,0,1,2
0.504,0.1,0.444999,0,0,1,2
0.504,0.1,0.447999,0,0,1,2
0.504,0.1,0.450999,0,0,1,2
0.507,0.1,0.25,0,0,1,2
0.507,0.1,0.253,0,0,1,2
0.507,0.1,0.256,0,0,1,2
0.507,0.1,0.259,0,0,1,2
0.507,0.1,0.262,0,0,1,2
0.507,0.1,0.265,0,0,1,2
0.507,0.1,0.268,0,0,1,2
0.507,0.1,0.271,0,0,1,2
0.507,0.1,0.274,0,0,1,2
0.507,0.1,0.277,0,0,1,2
0.507,0.1,0.28,0,0,1,2
0.507,0.1,0.283,0,0,1,2
0.507,0.1,0.286,0,0,1,2
0.507,0.1,0.289,0,0,1,2
0.507,0.1,0.292,0,0,1,2
0.507,0.1,0.295,0,0,1,2
0.507,0.1,0.298,0,0,1,2
0.507,0.1,0.301,0,0,1,2
0.507,0.1,0.304,0,0,1,2
0.507,0.1,0.307,0,0,1,2
0.507,0.1,0.31,0,0,1,2
0.507,0.1,0.313,0,0,1,2
0.507,0.1,0.316,0,0,1,2
0.507,0.1,0.319,0,0,1,2
0.507,0.1,0.322,0,0,1,2
0.507,0.1,0.325,0,0,1,2
0.507,0.1,0.328,0,0,1,2
0.507,0.1,0.331,0,0,1,2
0.507,0.1,0.334,0,0,1,2
0.507,0.1,0.337,0,0,1,2
0.507,0.1,0.34,0,0,1,2
0.507,0.1,0.343,0,0,1,2
0.507,0.1,0.346,0,0,1,2
0.507,0.1,0.349,0,0,1,2
0.507,0.1,0.352,0,0,1,2
0.507,0.1,0.355,0,0,1,2
0.507,0.1,0.358,0,0,1,2
0.507,0.1,0.361,0,0,1,2
0.507,0.1,0.364,0,0,1,2
0.507,0.1,0.367,0,0,1,2
0.507,0.1,0.37,0,0,1,2
0.507,0.1,0.373,0,0,1,2
0.507,0.1,0.376,0,0,1,2
0.507,0.1,0.379,0,0,1,2
0.507,0.1,0.382,0,0,1,2
0.507,0.1,0.385,0,0,1,2
0.507,0.1,0.388,0,0,1,2
0.507,0.1,0.391,0,0,1,2
0.507,0.1,0.394,0,0,1,2
0.507,0.1,0.397,0,0,1,2
0.507,0.1,0.4,0,0,1,2
0.507,0.1,0.403,0,0,1,2
0.507,0.1,0.406,0,0,1,2
0.507,0.1,0.409,0,0,1,2
0.507,0.1,0.412,0,0,1,2
0.507,0.1,0.415,0,0,1,2
0.507,0.1,0.418,0,0,1,2
0.507,0.1,0.420999,0,0,1,2
0.507,0.1,0.423999,0,0,1,2
0.507,0.1,0.426999,0,0,1,2
0.507,0.1,0.429999,0,0,1,2
0.507,0.1,0.432999,0,0,1,2
0.507,0.1,0.435999,0,0,1,2
0.507,0.1,0.438999,0,0,1,2
0.507,0.1,0.441999,0,0,1,2
0.507,0.1,0.444999,0,0,1,2
0.507,0.1,0.447999,0,0,1,2
0.507,0.1,0.450999,0,0,1,2
0.51,0.1,0.25,0,0,1,2
0.51,0.1,0.253,0,0,1,2
0.51,0.1,0.256,0,0,1,2
0.51,0.1,0.259,0,0,1,2
0.51,0.1,0.262,0,0,1,2
0.51,0.1,0.265,0,0,1,2
0.51,0.1,0.268,0,0,1,2
0.51,0.1,0.271,0,0,1,2
0.51,0.1,0.274,0,0,1,2
0.51,0.1,0.277,0,0,1,2
0.51,0.1,0.28,0,0,1,2
0.51,0.1,0.283,0,0,1,2
0.51,0.1,0.286,0,0,1,2
0.51,0.1,0.289,0,0,1,2
0.51,0.1,0.292,0,0,1,2
0.51,0.1,0.295,0,0,1,2
0.51,0.1,0.298,0,0,1,2
0.51,0.1,0.301,0,0,1,2
0.51,0.1,0.304,0,0,1,2
0.51,0.1,0.307,0,0,1,2
0.51,0.1,0.31,0,0,1,2
0.51,0.1,0.313,0,0,1,2
0.51,0.1,0.316,0,0,1,2
0.51,0.1,0.319,0,0,1,2
0.51,0.1,0.322,0,0,1,2
0.51,0.1,0.325,0,0,1,2
0.51,0.1,0.328,0,0,1,2
0.51,0.1,0.331,0,0,1,2
0.51,0.1,0.334,0,0,1,2
0.51,0.1,0.337,0,0,1,2
0.51,0.1,0.34,0,0,1,2
0.51,0.1,0.343,0,0,1,2
0.51,0.1,0.346,0,0,1,2
0.51,0.1,0.349,0,0,1,2
0.51,0.1,0.352,0,0,1,2
0.51,0.1,0.355,0,0,1,2
0.51,0.1,0.358,0,0,1,2
0.51,0.1,0.361,0,0,1,2
0.51,0.1,0.364,0,0,1,2
0.51,0.1,0.367,0,0,1,2
0.51,0.1,0.37,0,0,1,2
0.51,0.1,0.373,0,0,1,2
0.51,0.1,0.376,0,0,1,2
0.51,0.1,0.379,0,0,1,2
0.51,0.1,0.382,0,0,1,2
0.51,0.1,0.385,0,0,1,2
0.51,0.1,0.388,0,0,1,2
0.51,0.1,0.391,0,0,1,2
0.51,0.1,0.394,0,0,1,2
0.51,0.1,0.397,0,0,1,2
0.51,0.1,0.4,0,0,1,2
0.51,0.1,0.403,0,0,1,2
0.51,0.1,0.406,0,0,1,2
0.51,0.1,0.409,0,0,1,2
0.51,0.1,0.412,0,0,1,2
0.51,0.1,0.415,0,0,1,2
0.51,0.1,0.418,0,0,1,2
0.51,0.1,0.420999,0,0,1,2
0.51,0.1,0.423999,0,0,1,2
0.51,0.1,0.426999,0,0,1,2
0.51,0.1,0.429999,0,0,1,2
0.51,0.1,0.432999,0,0,1,2
0.51,0.1,0.435999,0,0,1,2
0.51,0.1,0.438999,0,0,1,2
0.51,0.1,0.441999,0,0,1,2
0.51,0.1,0.444999,0,0,1,2
0.51,0.1,0.447999,0,0,1,2
0.51,0.1,0.450999,0,0,1,2
0.513,0.1,0.25,0,0,1,2
0.513,0.1,0.253,0,0,1,2
0.513,0.1,0.256,0,0,1,2
0.513,0.1,0.259,0,0,1,2
0.513,0.1,0.262,0,0,1,2
0.513,0.1,0.265,0,0,1,2
0.513,0.1,0.268,0,0,1,2
0.513,0.1,0.271,0,0,1,2
0.513,0.1,0.274,0,0,1,2
0.513,0.1,0.277,0,0,1,2
0.513,0.1,0.28,0,0,1,2
0.513,0.1,0.283,0,0,1,2
0.513,0.1,0.286,0,0,1,2
0.513,0.1,0.289,0,0,1,2
0.513,0.1,0.292,0,0,1,2
0.513,0.1,0.295,0,0,1,2
0.513,0.1,0.298,0,0,1,2
0.513,0.1,0.301,0,0,1,2
0.513,0.1,0.304,0,0,1,2
0.513,0.1,0.307,0,0,1,2
0.513,0.1,0.31,0,0,1,2
0.513,0.1,0.313,0,0,1,2
0.513,0.1,0.316,0,0,1,2
0.513,0.1,0.319,0,0,1,2
0.513,0.1,0.322,0,0,1,2
0.513,0.1,0.325,0,0,1,2
0.513,0.1,0.328,0,0,1,2
0.513,0.1,0.331,0,0,1,2
0.513,0.1,0.334,0,0,1,2
0.513,0.1,0.337,0,0,1,2
0.513,0.1,0.34,0,0,1,2
0.513,0.1,0.343,0,0,1,2
0.513,0.1,0.346,0,0,1,2
0.513,0.1,0.349,0,0,1,2
0.513,0.1,0.352,0,0,1,2
0.513,0.1,0.355,0,0,1,2
0.513,0.1,0.358,0,0,1,2
0.513,0.1,0.361,0,0,1,2
0.513,0.1,0.364,0,0,1,2
0.513,0.1,0.367,0,0,1,2
0.513,0.1,0.37,0,0,1,2
0.513,0.1,0.373,0,0,1,2
0.513,0.1,0.376,0,0,1,2
0.513,0.1,0.379,0,0,1,2
0.513,0.1,0.382,0,0,1,2
0.513,0.1,0.385,0,0,1,2
0.513,0.1,0.388,0,0,1,2
0.513,0.1,0.391,0,0,1,2
0.513,0.1,0.394,0,0,1,2
0.513,0.1,0.397,0,0,1,2
0.513,0.1,0.4,0,0,1,2
0.513,0.1,0.403,0,0,1,2
0.513,0.1,0.406,0,0,1,2
0.513,0.1,0.409,0,0,1,2
0.513,0.1,0.412,0,0,1,2
0.513,0.1,0.415,0,0,1,2
0.513,0.1,0.418,0,0,1,2
0.513,0.1,0.420999,0,0,1,2
0.513,0.1,0.423999,0,0,1,2
0.513,0.1,0.426999,0,0,1,2
0.513,0.1,0.429999,0,0,1,2
0.513,0.1,0.432999,0,0,1,2
0.513,0.1,0.435999,0,0,1,2
0.513,0.1,0.438999,0,0,1,2
0.513,0.1,0.441999,0,0,1,2
0.513,0.1,0.444999,0,0,1,2
0.513,0.1,0.447999,0,0,1,2
0.513,0.1,0.450999,0,0,1,2
0.516,0.1,0.25,0,0,1,2
0.516,0.1,0.253,0,0,1,2
0.516,0.1,0.256,0,0,1,2
0.516,0.1,0.259,0,0,1,2
0.516,0.1,0.262,0,0,1,2
0.516,0.1,0.265,0,0,1,2
0.516,0.1,0.268,0,0,1,2
0.516,0.1,0.271,0,0,1,2
0.516,0.1,0.274,0,0,1,2
0.516,0.1,0.277,0,0,1,2
0.516,0.1,0.28,0,0,1,2
0.516,0.1,0.283,0,0,1,2
0.516,0.1,0.286,0,0,1,2
0.516,0.1,0.289,0,0,1,2
0.516,0.1,0.292,0,0,1,2
0.516,0.1,0.295,0,0,1,2
0.516,0.1,0.298,0,0,1,2
0.516,0.1,0.301,0,0,1,2
0.516,0.1,0.304,0,0,1,2
0.516,0.1,0.307,0,0,1,2
0.516,0.1,0.31,0,0,1,2
0.516,0.1,0.313,0,0,1,2
0.516,0.1,0.316,0,0,1,2
0.516,0.1,0.319,0,0,1,2
0.516,0.1,0.322,0,0,1,2
0.516,0.1,0.325,0,0,1,2
0.516,0.1,0.328,0,0,1,2
0.516,0.1,0.331,0,0,1,2
0.516,0.1,0.334,0,0,1,2
0.516,0.1,0.337,0,0,1,2
0.516,0.1,0.34,0,0,1,2
0.516,0.1,0.343,0,0,1,2
0.516,0.1,0.346,0,0,1,2
0.516,0.1,0.349,0,0,1,2
0.516,0.1,0.352,0,0,1,2
0.516,0.1,0.355,0,0,1,2
0.516,0.1,0.358,0,0,1,2
0.516,0.1,0.361,0,0,1,2
0.516,0.1,0.364,0,0,1,2
0.516,0.1,0.367,0,0,1,2
0.516,0.1,0.37,0,0,1,2
0.516,0.1,0.373,0,0,1,2
0.516,0.1,0.376,0,0,1,2
0.516,0.1,0.379,0,0,1,2
0.516,0.1,0.382,0,0,1,2
0.516,0.1,0.385,0,0,1,2
0.516,0.1,0.388,0,0,1,2
0.516,0.1,0.391,0,0,1,2
0.516,0.1,0.394,0,0,1,2
0.516,0.1,0.397,0,0,1,2
0.516,0.1,0.4,0,0,1,2
0.516,0.1,0.403,0,0,1,2
0.516,0.1,0.406,0,0,1,2
0.516,0.1,0.409,0,0,1,2
0.516,0.1,0.412,0,0,1,2
0.516,0.1,0.415,0,0,1,2
0.516,0.1,0.418,0,0,1,2
0.516,0.1,0.420999,0,0,1,2
0.516,0.1,0.423999,0,0,1,2
0.516,0.1,0.426999,0,0,1,2
0.516,0.1,0.429999,0,0,1,2
0.516,0.1,0.432999,0,0,1,2
0.516,0.1,0.435999,0,0,1,2
0.516,0.1,0.438999,0,0,1,2
0.516,0.1,0.441999,0,0,1,2
0.516,0.1,0.444999,0,0,1,2
0.516,0.1,0.447999,0,0,1,2
0.516,0.1,0.450999,0,0,1,2
0.519,0.1,0.25,0,0,1,2
0.519,0.1,0.253,0,0,1,2
0.519,0.1,0.256,0,0,1,2
0.519,0.1,0.259,0,0,1,2
0.519,0.1,0.262,0,0,1,2
0.519,0.1,0.265,0,0,1,2
0.519,0.1,0.268,0,0,1,2
0.519,0.1,0.271,0,0,1,2
0.519,0.1,0.274,0,0,1,2
0.519,0.1,0.277,0,0,1,2
0.519,0.1,0.28,0,0,1,2
0.519,0.1,0.283,0,0,1,2
0.519,0.1,0.286,0,0,1,2
0.519,0.1,0.289,0,0,1,2
0.519,0.1,0.292,0,0,1,2
0.519,0.1,0.295,0,0,1,2
0.519,0.1,0.298,0,0,1,2
0.519,0.1,0.301,0,0,1,2
0.519,0.1,0.304,0,0,1,2
0.519,0.1,0.307,0,0,1,2
0.519,0.1,0.31,0,0,1,2
0.519,0.1,0.313,0,0,1,2
0.519,0.1,0.316,0,0,1,2
0.519,0.1,0.319,0,0,1,2
0.519,0.1,0.322,0,0,1,2
0.519,0.1,0.325,0,0,1,2
0.519,0.1,0.328,0,0,1,2
0.519,0.1,0.331,0,0,1,2
0.519,0.1,0.334,0,0,1,2
0.519,0.1,0.337,0,0,1,2
0.519,0.1,0.34,0,0,1,2
0.519,0.1,0.343,0,0,1,2
0.519,0.1,0.346,0,0,1,2
0.519,0.1,0.349,0,0,1,2
0.519,0.1,0.352,0,0,1,2
0.519,0.1,0.355,0,0,1,2
0.519,0.1,0.358,0,0,1,2
0.519,0.1,0.361,0,0,1,2
0.519,0.1,0.364,0,0,1,2
0.519,0.1,0.367,0,0,1,2
0.519,0.1,0.37,0,0,1,2
0.519,0.1,0.373,0,0,1,2
0.519,0.1,0.376,0,0,1,2
0.519,0.1,0.379,0,0,1,2
0.519,0.1,0.382,0,0,1,2
0.519,0.1,0.385,0,0,1,2
0.519,0.1,0.388,0,0,1,2
0.519,0.1,0.391,0,0,1,2
0.519,0.1,0.394,0,0,1,2
0.519,0.1,0.397,0,0,1,2
0.519,0.1,0.4,0,0,1,2
0.519,0.1,0.403,0,0,1,2
0.519,0.1,0.406,0,0,1,2
0.519,0.1,0.409,0,0,1,2
0.519,0.1,0.412,0,0,1,2
0.519,0.1,0.415,0,0,1,2
0.519,0.1,0.418,0,0,1,2
0.519,0.1,0.420999,0,0,1,2
0.519,0.1,0.423999,0,0,1,2
0.519,0.1,0.426999,0,0,1,2
0.519,0.1,0.429999,0,0,1,2
0.519,0.1,0.432999,0,0,1,2
0.519,0.1,0.435999,0,0,1,2
0.519,0.1,0.438999,0,0,1,2
0.519,0.1,0.441999,0,0,1,2
0.519,0.1,0.444999,0,0,1,2
0.519,0.1,0.447999,0,0,1,2
0.519,0.1,0.450999,0,0,1,2
0.522,0.1,0.25,0,0,1,2
0.522,0.1,0.253,0,0,1,2
0.522,0.1,0.256,0,0,1,2
0.522,0.1,0.259,0,0,1,2
0.522,0.1,0.262,0,0,1,2
0.522,0.1,0.265,0,0,1,2
0.522,0.1,0.268,0,0,1,2
0.522,0.1,0.271,0,0,1,2
0.522,0.1,0.274,0,0,1,2
0.522,0.1,0.277,0,0,1,2
0.522,0.1,0.28,0,0,1,2
0.522,0.1,0.283,0,0,1,2
0.522,0.1,0.286,0,0,1,2
0.522,0.1,0.289,0,0,1,2
0.522,0.1,0.292,0,0,1,2
0.522,0.1,0.295,0,0,1,2
0.522,0.1,0.298,0,0,1,2
0.522,0.1,0.301,0,0,1,2
0.522,0.1,0.304,0,0,1,2
0.522,0.1,0.307,0,0,1,2
0.522,0.1,0.31,0,0,1,2
0.522,0.1,0.313,0,0,1,2
0.522,0.1,0.316,0,0,1,2
0.522,0.1,0.319,0,0,1,2
0.522,0.1,0.322,0,0,1,2
0.522,0.1,0.325,0,0,1,2
0.522,0.1,0.328,0,0,1,2
0.522,0.1,0.331,0,0,1,2
0.522,0.1,0.334,0,0,1,2
0.522,0.1,0.337,0,0,1,2
0.522,0.1,0.34,0,0,1,2
0.522,0.1,0.343,0,0,1,2
0.522,0.1,0.346,0,0,1,2
0.522,0.1,0.349,0,0,1,2
0.522,0.1,0.352,0,0,1,2
0.522,0.1,0.355,0,0,1,2
0.522,0.1,0.358,0,0,1,2
0.522,0.1,0.361,0,0,1,2
0.522,0.1,0.364,0,0,1,2
0.522,0.1,0.367,0,0,1,2
0.522,0.1,0.37,0,0,1,2
0.522,0.1,0.373,0,0,1,2
0.522,0.1,0.376,0,0,1,2
0.522,0.1,0.379,0,0,1,2
0.522,0.1,0.382,0,0,1,2
0.522,0.1,0.385,0,0,1,2
0.522,0.1,0.388,0,0,1,2
0.522,0.1,0.391,0,0,1,2
0.522,0.1,0.394,0,0,1,2
0.522,0.1,0.397,0,0,1,2
0.522,0.1,0.4,0,0,1,2
0.522,0.1,0.403,0,0,1,2
0.522,0.1,0.406,0,0,1,2
0.522,0.1,0.409,0,0,1,2
0.522,0.1,0.412,0,0,1,2
0.522,0.1,0.415,0,0,1,2
0.522,0.1,0.418,0,0,1,2
0.522,0.1,0.420999,0,0,1,2
0.522,0.1,0.423999,0,0,1,2
0.522,0.1,0.426999,0,0,1,2
0.522,0.1,0.429999,0,0,1,2
0.522,0.1,0.432999,0,0,1,2
0.522,0.1,0.435999,0,0,1,2
0.522,0.1,0.438999,0,0,1,2
0.522,0.1,0.441999,0,0,1,2
0.522,0.1,0.444999,0,0,1,2
0.522,0.1,0.447999,0,0,1,2
0.522,0.1,0.450999,0,0,1,2
0.525,0.1,0.25,0,0,1,2
0.525,0.1,0.253,0,0,1,2
0.525,0.1,0.256,0,0,1,2
0.525,0.1,0.259,0,0,1,2
0.525,0.1,0.262,0,0,1,2
0.525,0.1,0.265,0,0,1,2
0.525,0.1,0.268,0,0,1,2
0.525,0.1,0.271,0,0,1,2
0.525,0.1,0.274,0,0,1,2
0.525,0.1,0.277,0,0,1,2
0.525,0.1,0.28,0,0,1,2
0.525,0.1,0.283,0,0,1,2
0.525,0.1,0.286,0,0,1,2
0.525,0.1,0.289,0,0,1,2
0.525,0.1,0.292,0,0,1,2
0.525,0.1,0.295,0,0,1,2
0.525,0.1,0.298,0,0,1,2
0.525,0.1,0.301,0,0,1,2
0.525,0.1,0.304,0,0,1,2
0.525,0.1,0.307,0,0,1,2
0.525,0.1,0.31,0,0,1,2
0.525,0.1,0.313,0,0,1,2
0.525,0.1,0.316,0,0,1,2
0.525,0.1,0.319,0,0,1,2
0.525,0.1,0.322,0,0,1,2
0.525,0.1,0.325,0,0,1,2
0.525,0.1,0.328,0,0,1,2
0.525,0.1,0.331,0,0,1,2
0.525,0.1,0.334,0,0,1,2
0.525,0.1,0.337,0,0,1,2
0.525,0.1,0.34,0,0,1,2
0.525,0.1,0.343,0,0,1,2
0.525,0.1,0.346,0,0,1,2
0.525,0.1,0.349,0,0,1,2
0.525,0.1,0.352,0,0,1,2
0.525,0.1,0.355,0,0,1,2
0.525,0.1,0.358,0,0,1,2
0.525,0.1,0.361,0,0,1,2
0.525,0.1,0.364,0,0,1,2
0.525,0.1,0.367,0,0,1,2
0.525,0.1,0.37,0,0,1,2
0.525,0.1,0.373,0,0,1,2
0.525,0.1,0.376,0,0,1,2
0.525,0.1,0.379,0,0,1,2
0.525,0.1,0.382,0,0,1,2
0.525,0.1,0.385,0,0,1,2
0.525,0.1,0.388,0,0,1,2
0.525,0.1,0.391,0,0,1,2
0.525,0.1,0.394,0,0,1,2
0.525,0.1,0.397,0,0,1,2
0.525,0.1,0.4,0,0,1,2
0.525,0.1,0.403,0,0,1,2
0.525,0.1,0.406,0,0,1,2
0.525,0.1,0.409,0,0,1,2
0.525,0.1,0.412,0,0,1,2
0.525,0.1,0.415,0,0,1,2
0.525,0.1,0.418,0,0,1,2
0.525,0.1,0.420999,0,0,1,2
0.525,0.1,0.423999,0,0,1,2
0.525,0.1,0.426999,0,0,1,2
0.525,0.1,0.429999,0,0,1,2
0.525,0.1,0.432999,0,0,1,2
0.525,0.1,0.435999,0,0,1,2
0.525,0.1,0.438999,0,0,1,2
0.525,0.1,0.441999,0,0,1,2
0.525,0.1,0.444999,0,0,1,2
0.525,0.1,0.447999,0,0,1,2
0.525,0.1,0.450999,0,0,1,2
0.528,0.1,0.25,0,0,1,2
0.528,0.1,0.253,0,0,1,2
0.528,0.1,0.256,0,0,1,2
0.528,0.1,0.259,0,0,1,2
0.528,0.1,0.262,0,0,1,2
0.528,0.1,0.265,0,0,1,2
0.528,0.1,0.268,0,0,1,2
0.528,0.1,0.271,0,0,1,2
0.528,0.1,0.274,0,0,1,2
0.528,0.1,0.277,0,0,1,2
0.528,0.1,0.28,0,0,1,2
0.528,0.1,0.283,0,0,1,2
0.528,0.1,0.286,0,0,1,2
0.528,0.1,0.289,0,0,1,2
0.528,0.1,0.292,0,0,1,2
0.528,0.1,0.295,0,0,1,2
0.528,0.1,0.298,0,0,1,2
0.528,0.1,0.301,0,0,1,2
0.528,0.1,0.304,0,0,1,2
0.528,0.1,0.307,0,0,1,2
0.528,0.1,0.31,0,0,1,2
0.528,0.1,0.313,0,0,1,2
0.528,0.1,0.316,0,0,1,2
0.528,0.1,0.319,0,0,1,2
0.528,0.1,0.322,0,0,1,2
0.528,0.1,0.325,0,0,1,2
0.528,0.1,0.328,0,0,1,2
0.528,0.1,0.331,0,0,1,2
0.528,0.1,0.334,0,0,1,2
0.528,0.1,0.337,0,0,1,2
0.528,0.1,0.34,0,0,1,2
0.528,0.1,0.343,0,0,1,2
0.528,0.1,0.346,0,0,1,2
0.528,0.1,0.349,0,0,1,2
0.528,0.1,0.352,0,0,1,2
0.528,0.1,0.355,0,0,1,2
0.528,0.1,0.358,0,0,1,2
0.528,0.1,0.361,0,0,1,2
0.528,0.1,0.364,0,0,1,2
0.528,0.1,0.367,0,0,1,2
0.528,0.1,0.37,0,0,1,2
0.528,0.1,0.373,0,0,1,2
0.528,0.1,0.376,0,0,1,2
0.528,0.1,0.379,0,0,1,2
0.528,0.1,0.382,0,0,1,2
0.528,0.1,0.385,0,0,1,2
0.528,0.1,0.388,0,0,1,2
0.528,0.1,0.391,0,0,1,2
0.528,0.1,0.394,0,0,1,2
0.528,0.1,0.397,0,0,1,2
0.528,0.1,0.4,0,0,1,2
0.528,0.1,0.403,0,0,1,2
0.528,0.1,0.406,0,0,1,2
0.528,0.1,0.409,0,0,1,2
0.528,0.1,0.412,0,0,1,2
0.528,0.1,0.415,0,0,1,2
0.528,0.1,0.418,0,0,1,2
0.528,0.1,0.420999,0,0,1,2
0.528,0.1,0.423999,0,0,1,2
0.528,0.1,0.426999,0,0,1,2
0.528,0.1,0.429999,0,0,1,2
0.528,0.1,0.432999,0,0,1,2
0.528,0.1,0.435999,0,0,1,2
0.528,0.1,0.438999,0,0,1,2
0.528,0.1,0.441999,0,0,1,2
0.528,0.1,0.444999,0,0,1,2
0.528,0.1,0.447999,0,0,1,2
0.528,0.1,0.450999,0,0,1,2
0.531,0.1,0.25,0,0,1,2
0.531,0.1,0.253,0,0,1,2
0.531,0.1,0.256,0,0,1,2
0.531,0.1,0.259,0,0,1,2
0.531,0.1,0.262,0,0,1,2
0.531,0.1,0.265,0,0,1,2
0.531,0.1,0.268,0,0,1,2
0.531,0.1,0.271,0,0,1,2
0.531,0.1,0.274,0,0,1,2
0.531,0.1,0.277,0,0,1,2
0.531,0.1,0.28,0,0,1,2
0.531,0.1,0.283,0,0,1,2
0.531,0.1,0.286,0,0,1,2
0.531,0.1,0.289,0,0,1,2
0.531,0.1,0.292,0,0,1,2
0.531,0.1,0.295,0,0,1,2
0.531,0.1,0.298,0,0,1,2
0.531,0.1,0.301,0,0,1,2
0.531,0.1,0.304,0,0,1,2
0.531,0.1,0.307,0,0,1,2
0.531,0.1,0.31,0,0,1,2
0.531,0.1,0.313,0,0,1,2
0.531,0.1,0.316,0,0,1,2
0.531,0.1,0.319,0,0,1,2
0.531,0.1,0.322,0,0,1,2
0.531,0.1,0.325,0,0,1,2
0.531,0.1,0.328,0,0,1,2
0.531,0.1,0.331,0,0,1,2
0.531,0.1,0.334,0,0,1,2
0.531,0.1,0.337,0,0,1,2
0.531,0.1,0.34,0,0,1,2
0.531,0.1,0.343,0,0,1,2
0.531,0.1,0.346,0,0,1,2
0.531,0.1,0.349,0,0,1,2
0.531,0.1,0.352,0,0,1,2
0.531,0.1,0.355,0,0,1,2
0.531,0.1,0.358,0,0,1,2
0.531,0.1,0.361,0,0,1,2
0.531,0.1,0.364,0,0,1,2
0.531,0.1,0.367,0,0,1,2
0.531,0.1,0.37,0,0,1,2
0.531,0.1,0.373,0,0,1,2
0.531,0.1,0.376,0,0,1,2
0.531,0.1,0.379,0,0,1,2
0.531,0.1,0.382,0,0,1,2
0.531,0.1,0.385,0,0,1,2
0.531,0.1,0.388,0,0,1,2
0.531,0.1,0.391,0,0,1,2
0.531,0.1,0.394,0,0,1,2
0.531,0.1,0.397,0,0,1,2
0.531,0.1,0.4,0,0,1,2
0.531,0.1,0.403,0,0,1,2
0.531,0.1,0.406,0,0,1,2
0.531,0.1,0.409,0,0,1,2
0.531,0.1,0.412,0,0,1,2
0.531,0.1,0.415,0,0,1,2
0.531,0.1,0.418,0,0,1,2
0.531,0.1,0.420999,0,0,1,2
0.531,0.1,0.423999,0,0,1,2
0.531,0.1,0.426999,0,0,1,2
0.531,0.1,0.429999,0,0,1,2
0.531,0.1,0.432999,0,0,1,2
0.531,0.1,0.435999,0,0,1,2
0.531,0.1,0.438999,0,0,1,2
0.531,0.1,0.441999,0,0,1,2
0.531,0.1,0.444999,0,0,1,2
0.531,0.1,0.447999,0,0,1,2
0.531,0.1,0.450999,0,0,1,2
0.534,0.1,0.25,0,0,1,2
0.534,0.1,0.253,0,0,1,2
0.534,0.1,0.256,0,0,1,2
0.534,0.1,0.259,0,0,1,2
0.534,0.1,0.262,0,0,1,2
0.534,0.1,0.265,0,0,1,2
0.534,0.1,0.268,0,0,1,2
0.534,0.1,0.271,0,0,1,2
0.534,0.1,0.274,0,0,1,2
0.534,0.1,0.277,0,0,1,2
0.534,0.1,0.28,0,0,1,2
0.534,0.1,0.283,0,0,1,2
0.534,0.1,0.286,0,0,1,2
0.534,0.1,0.289,0,0,1,2
0.534,0.1,0.292,0,0,1,2
0.534,0.1,0.295,0,0,1,2
0.534,0.1,0.298,0,0,1,2
0.534,0.1,0.301,0,0,1,2
0.534,0.1,0.304,0,0,1,2
0.534,0.1,0.307,0,0,1,2
0.534,0.1,0.31,0,0,1,2
0.534,0.1,0.313,0,0,1,2
0.534,0.1,0.316,0,0,1,2
0.534,0.1,0.319,0,0,1,2
0.534,0.1,0.322,0,0,1,2
0.534,0.1,0.325,0,0,1,2
0.534,0.1,0.328,0,0,1,2
0.534,0.1,0.331,0,0,1,2
0.534,0.1,0.334,0,0,1,2
0.534,0.1,0.337,0,0,1,2
0.534,0.1,0.34,0,0,1,2
0.534,0.1,0.343,0,0,1,2
0.534,0.1,0.346,0,0,1,2
0.534,0.1,0.349,0,0,1,2
0.534,0.1,0.352,0,0,1,2
0.534,0.1,0.355,0,0,1,2
0.534,0.1,0.358,0,0,1,2
0.534,0.1,0.361,0,0,1,2
0.534,0.1,0.364,0,0,1,2
0.534,0.1,0.367,0,0,1,2
0.534,0.1,0.37,0,0,1,2
0.534,0.1,0.373,0,0,1,2
0.534,0.1,0.376,0,0,1,2
0.534,0.1,0.379,0,0,1,2
0.534,0.1,0.382,0,0,1,2
0.534,0.1,0.385,0,0,1,2
0.534,0.1,0.388,0,0,1,2
0.534,0.1,0.391,0,0,1,2
0.534,0.1,0.394,0,0,1,2
0.534,0.1,0.397,0,0,1,2
0.534,0.1,0.4,0,0,1,2
0.534,0.1,0.403,0,0,1,2
0.534,0.1,0.406,0,0,1,2
0.534,0.1,0.409,0,0,1,2
0.534,0.1,0.412,0,0,1,2
0.534,0.1,0.415,0,0,1,2
0.534,0.1,0.418,0,0,1,2
0.534,0.1,0.420999,0,0,1,2
0.534,0.1,0.423999,0,0,1,2
0.534,0.1,0.426999,0,0,1,2
0.534,0.1,0.429999,0,0,1,2
0.534,0.1,0.432999,0,0,1,2
0.534,0.1,0.435999,0,0,1,2
0.534,0.1,0.438999,0,0,1,2
0.534,0.1,0.441999,0,0,1,2
0.534,0.1,0.444999,0,0,1,2
0.534,0.1,0.447999,0,0,1,2
0.534,0.1,0.450999,0,0,1,2
0.537,0.1,0.25,0,0,1,2
0.537,0.1,0.253,0,0,1,2
0.537,0.1,0.256,0,0,1,2
0.537,0.1,0.259,0,0,1,2
0.537,0.1,0.262,0,0,1,2
0.537,0.1,0.265,0,0,1,2
0.537,0.1,0.268,0,0,1,2
0.537,0.1,0.271,0,0,1,2
0.537,0.1,0.274,0,0,1,2
0.537,0.1,0.277,0,0,1,2
0.537,0.1,0.28,0,0,1,2
0.537,0.1,0.283,0,0,1,2
0.537,0.1,0.286,0,0,1,2
0.537,0.1,0.289,0,0,1,2
0.537,0.1,0.292,0,0,1,2
0.537,0.1,0.295,0,0,1,2
0.537,0.1,0.298,0,0,1,2
0.537,0.1,0.301,0,0,1,2
0.537,0.1,0.304,0,0,1,2
0.537,0.1,0.307,0,0,1,2
0.537,0.1,0.31,0,0,1,2
0.537,0.1,0.313,0,0,1,2
0.537,0.1,0.316,0,0,1,2
0.537,0.1,0.319,0,0,1,2
0.537,0.1,0.322,0,0,1,2
0.537,0.1,0.325,0,0,1,2
0.537,0.1,0.328,0,0,1,2
0.537,0.1,0.331,0,0,1,2
0.537,0.1,0.334,0,0,1,2
0.537,0.1,0.337,0,0,1,2
0.537,0.1,0.34,0,0,1,2
0.537,0.1,0.343,0,0,1,2
0.537,0.1,0.346,0,0,1,2
0.537,0.1,0.349,0,0,1,2
0.537,0.1,0.352,0,0,1,2
0.537,0.1,0.355,0,0,1,2
0.537,0.1,0.358,0,0,1,2
0.537,0.1,0.361,0,0,1,2
0.537,0.1,0.364,0,0,1,2
0.537,0.1,0.367,0,0,1,2
0.537,0.1,0.37,0,0,1,2
0.537,0.1,0.373,0,0,1,2
0.537,0.1,0.376,0,0,1,2
0.537,0.1,0.379,0,0,1,2
0.537,0.1,0.382,0,0,1,2
0.537,0.1,0.385,0,0,1,2
0.537,0.1,0.388,0,0,1,2
0.537,0.1,0.391,0,0,1,2
0.537,0.1,0.394,0,0,1,2
0.537,0.1,0.397,0,0,1,2
0.537,0.1,0.4,0,0,1,2
0.537,0.1,0.403,0,0,1,2
0.537,0.1,0.406,0,0,1,2
0.537,0.1,0.409,0,0,1,2
0.537,0.1,0.412,0,0,1,2
0.537,0.1,0.415,0,0,1,2
0.537,0.1,0.418,0,0,1,2
0.537,0.1,0.420999,0,0,1,2
0.537,0.1,0.423999,0,0,1,2
0.537,0.1,0.426999,0,0,1,2
0.537,0.1,0.429999,0,0,1,2
0.537,0.1,0.432999,0,0,1,2
0.537,0.1,0.435999,0,0,1,2
0.537,0.1,0.438999,0,0,1,2
0.537,0.1,0.441999,0,0,1,2
0.537,0.1,0.444999,0,0,1,2
0.537,0.1,0.447999,0,0,1,2
0.537,0.1,0.450999,0,0,1,2
0.54,0.1,0.25,0,0,1,2
0.54,0.1,0.253,0,0,1,2
0.54,0.1,0.256,0,0,1,2
0.54,0.1,0.259,0,0,1,2
0.54,0.1,0.262,0,0,1,2
0.54,0.1,0.265,0,0,1,2
0.54,0.1,0.268,0,0,1,2
0.54,0.1,0.271,0,0,1,2
0.54,0.1,0.274,0,0,1,2
0.54,0.1,0.277,0,0,1,2
0.54,0.1,0.28,0,0,1,2
0.54,0.1,0.283,0,0,1,2
0.54,0.1,0.286,0,0,1,2
0.54,0.1,0.289,0,0,1,2
0.54,0.1,0.292,0,0,1,2
0.54,0.1,0.295,0,0,1,2
0.54,0.1,0.298,0,0,1,2
0.54,0.1,0.301,0,0,1,2
0.54,0.1,0.304,0,0,1,2
0.54,0.1,0.307,0,0,1,2
0.54,0.1,0.31,0,0,1,2
0.54,0.1,0.313,0,0,1,2
0.54,0.1,0.316,0,0,1,2
0.54,0.1,0.319,0,0,1,2
0.54,0.1,0.322,0,0,1,2
0.54,0.1,0.325,0,0,1,2
0.54,0.1,0.328,0,0,1,2
0.54,0.1,0.331,0,0,1,2
0.54,0.1,0.334,0,0,1,2
0.54,0.1,0.337,0,0,1,2
0.54,0.1,0.34,0,0,1,2
0.54,0.1,0.343,0,0,1,2
0.54,0.1,0.346,0,0,1,2
0.54,0.1,0.349,0,0,1,2
0.54,0.1,0.352,0,0,1,2
0.54,0.1,0.355,0,0,1,2
0.54,0.1,0.358,0,0,1,2
0.54,0.1,0.361,0,0,1,2
0.54,0.1,0.364,0,0,1,2
0.54,0.1,0.367,0,0,1,2
0.54,0.1,0.37,0,0,1,2
0.54,0.1,0.373,0,0,1,2
0.54,0.1,0.376,0,0,1,2
0.54,0.1,0.379,0,0,1,2
0.54,0.1,0.382,0,0,1,2
0.54,0.1,0.385,0,0,1,2
0.54,0.1,0.388,0,0,1,2
0.54,0.1,0.391,0,0,1,2
0.54,0.1,0.394,0,0,1,2
0.54,0.1,0.397,0,0,1,2
0.54,0.1,0.4,0,0,1,2
0.54,0.1,0.403,0,0,1,2
0.54,0.1,0.406,0,0,1,2
0.54,0.1,0.409,0,0,1,2
0.54,0.1,0.412,0,0,1,2
0.54,0.1,0.415,0,0,1,2
0.54,0.1,0.418,0,0,1,2
0.54,0.1,0.420999,0,0,1,2
0.54,0.1,0.423999,0,0,1,2
0.54,0.1,0.426999,0,0,1,2
0.54,0.1,0.429999,0,0,1,2
0.54,0.1,0.432999,0,0,1,2
0.54,0.1,0.435999,0,0,1,2
0.54,0.1,0.438999,0,0,1,2
0.54,0.1,0.441999,0,0,1,2
0.54,0.1,0.444999,0,0,1,2
0.54,0.1,0.447999,0,0,1,2
0.54,0.1,0.450999,0,0,1,2
0.543,0.1,0.25,0,0,1,2
0.543,0.1,0.253,0,0,1,2
0.543,0.1,0.256,0,0,1,2
0.543,0.1,0.259,0,0,1,2
0.543,0.1,0.262,0,0,1,2
0.543,0.1,0.265,0,0,1,2
0.543,0.1,0.268,0,0,1,2
0.543,0.1,0.271,0,0,1,2
0.543,0.1,0.274,0,0,1,2
0.543,0.1,0.277,0,0,1,2
0.543,0.1,0.28,0,0,1,2
0.543,0.1,0.283,0,0,1,2
0.543,0.1,0.286,0,0,1,2
0.543,0.1,0.289,0,0,1,2
0.543,0.1,0.292,0,0,1,2
0.543,0.1,0.295,0,0,1,2
0.543,0.1,0.298,0,0,1,2
0.543,0.1,0.301,0,0,1,2
0.543,0.1,0.304,0,0,1,2
0.543,0.1,0.307,0,0,1,2
0.543,0.1,0.31,0,0,1,2
0.543,0.1,0.313,0,0,1,2
0.543,0.1,0.316,0,0,1,2
0.543,0.1,0.319,0,0,1,2
0.543,0.1,0.322,0,0,1,2
0.543,0.1,0.325,0,0,1,2
0.543,0.1,0.328,0,0,1,2
0.543,0.1,0.331,0,0,1,2
0.543,0.1,0.334,0,0,1,2
0.543,0.1,0.337,0,0,1,2
0.543,0.1,0.34,0,0,1,2
0.543,0.1,0.343,0,0,1,2
0.543,0.1,0.346,0,0,1,2
0.543,0.1,0.349,0,0,1,2
0.543,0.1,0.352,0,0,1,2
0.543,0.1,0.355,0,0,1,2
0.543,0.1,0.358,0,0,1,2
0.543,0.1,0.361,0,0,1,2
0.543,0.1,0.364,0,0,1,2
0.543,0.1,0.367,0,0,1,2
0.543,0.1,0.37,0,0,1,2
0.543,0.1,0.373,0,0,1,2
0.543,0.1,0.376,0,0,1,2
0.543,0.1,0.379,0,0,1,2
0.543,0.1,0.382,0,0,1,2
0.543,0.1,0.385,0,0,1,2
0.543,0.1,0.388,0,0,1,2
0.543,0.1,0.391,0,0,1,2
0.543,0.1,0.394,0,0,1,2
0.543,0.1,0.397,0,0,1,2
0.543,0.1,0.4,0,0,1,2
0.543,0.1,0.403,0,0,1,2
0.543,0.1,0.406,0,0,1,2
0.543,0.1,0.409,0,0,1,2
0.543,0.1,0.412,0,0,1,2
0.543,0.1,0.415,0,0,1,2
0.543,0.1,0.418,0,0,1,2
0.543,0.1,0.420999,0,0,1,2
0.543,0.1,0.423999,0,0,1,2
0.543,0.1,0.426999,0,0,1,2
0.543,0.1,0.429999,0,0,1,2
0.543,0.1,0.432999,0,0,1,2
0.543,0.1,0.435999,0,0,1,2
0.543,0.1,0.438999,0,0,1,2
0.543,0.1,0.441999,0,0,1,2
0.543,0.1,0.444999,0,0,1,2
0.543,0.1,0.447999,0,0,1,2
0.543,0.1,0.450999,0,0,1,2
0.546,0.1,0.25,0,0,1,2
0.546,0.1,0.253,0,0,1,2
0.546,0.1,0.256,0,0,1,2
0.546,0.1,0.259,0,0,1,2
0.546,0.1,0.262,0,0,1,2
0.546,0.1,0.265,0,0,1,2
0.546,0.1,0.268,0,0,1,2
0.546,0.1,0.271,0,0,1,2
0.546,0.1,0.274,0,0,1,2
0.546,0.1,0.277,0,0,1,2
0.546,0.1,0.28,0,0,1,2
0.546,0.1,0.283,0,0,1,2
0.546,0.1,0.286,0,0,1,2
0.546,0.1,0.289,0,0,1,2
0.546,0.1,0.292,0,0,1,2
0.546,0.1,0.295,0,0,1,2
0.546,0.1,0.298,0,0,1,2
0.546,0.1,0.301,0,0,1,2
0.546,0.1,0.304,0,0,1,2
0.546,0.1,0.307,0,0,1,2
0.546,0.1,0.31,0,0,1,2
0.546,0.1,0.313,0,0,1,2
0.546,0.1,0.316,0,0,1,2
0.546,0.1,0.319,0,0,1,2
0.546,0.1,0.322,0,0,1,2
0.546,0.1,0.325,0,0,1,2
0.546,0.1,0.328,0,0,1,2
0.546,0.1,0.331,0,0,1,2
0.546,0.1,0.334,0,0,1,2
0.546,0.1,0.337,0,0,1,2
0.546,0.1,0.34,0,0,1,2
0.546,0.1,0.343,0,0,1,2
0.546,0.1,0.346,0,0,1,2
0.546,0.1,0.349,0,0,1,2
0.546,0.1,0.352,0,0,1,2
0.546,0.1,0.355,0,0,1,2
0.546,0.1,0.358,0,0,1,2
0.546,0.1,0.361,0,0,1,2
0.546,0.1,0.364,0,0,1,2
0.546,0.1,0.367,0,0,1,2
0.546,0.1,0.37,0,0,1,2
0.546,0.1,0.373,0,0,1,2
0.546,0.1,0.376,0,0,1,2
0.546,0.1,0.379,0,0,1,2
0.546,0.1,0.382,0,0,1,2
0.546,0.1,0.385,0,0,1,2
0.546,0.1,0.388,0,0,1,2
0.546,0.1,0.391,0,0,1,2
0.546,0.1,0.394,0,0,1,2
0.546,0.1,0.397,0,0,1,2
0.546,0.1,0.4,0,0,1,2
0.546,0.1,0.403,0,0,1,2
0.546,0.1,0.406,0,0,1,2
0.546,0.1,0.409,0,0,1,2
0.546,0.1,0.412,0,0,1,2
0.546,0.1,0.415,0,0,1,2
0.546,0.1,0.418,0,0,1,2
0.546,0.1,0.420999,0,0,1,2
0.546,0.1,0.423999,0,0,1,2
0.546,0.1,0.426999,0,0,1,2
0.546,0.1,0.429999,0,0,1,2
0.546,0.1,0.432999,0,0,1,2
0.546,0.1,0.435999,0,0,1,2
0.546,0.1,0.438999,0,0,1,2
0.546,0.1,0.441999,0,0,1,2
0.546,0.1,0.444999,0,0,1,2
0.546,0.1,0.447999,0,0,1,2
0.546,0.1,0.450999,0,0,1,2
0.549,0.1,0.25,0,0,1,2
0.549,0.1,0.253,0,0,1,2
0.549,0.1,0.256,0,0,1,2
0.549,0.1,0.259,0,0,1,2
0.549,0.1,0.262,0,0,1,2
0.549,0.1,0.265,0,0,1,2
0.549,0.1,0.268,0,0,1,2
0.549,0.1,0.271,0,0,1,2
0.549,0.1,0.274,0,0,1,2
0.549,0.1,0.277,0,0,1,2
0.549,0.1,0.28,0,0,1,2
0.549,0.1,0.283,0,0,1,2
0.549,0.1,0.286,0,0,1,2
0.549,0.1,0.289,0,0,1,2
0.549,0.1,0.292,0,0,1,2
0.549,0.1,0.295,0,0,1,2
0.549,0.1,0.298,0,0,1,2
0.549,0.1,0.301,0,0,1,2
0.549,0.1,0.304,0,0,1,2
0.549,0.1,0.307,0,0,1,2
0.549,0.1,0.31,0,0,1,2
0.549,0.1,0.313,0,0,1,2
0.549,0.1,0.316,0,0,1,2
0.549,0.1,0.319,0,0,1,2
0.549,0.1,0.322,0,0,1,2
0.549,0.1,0.325,0,0,1,2
0.549,0.1,0.328,0,0,1,2
0.549,0.1,0.331,0,0,1,2
0.549,0.1,0.334,0,0,1,2
0.549,0.1,0.337,0,0,1,2
0.549,0.1,0.34,0,0,1,2
0.549,0.1,0.343,0,0,1,2
0.549,0.1,0.346,0,0,1,2
0.549,0.1,0.349,0,0,1,2
0.549,0.1,0.352,0,0,1,2
0.549,0.1,0.355,0,0,1,2
0.549,0.1,0.358,0,0,1,2
0.549,0.1,0.361,0,0,1,2
0.549,0.1,0.364,0,0,1,2
0.549,0.1,0.367,0,0,1,2
0.549,0.1,0.37,0,0,1,2
0.549,0.1,0.373,0,0,1,2
0.549,0.1,0.376,0,0,1,2
0.549,0.1,0.379,0,0,1,2
0.549,0.1,0.382,0,0,1,2
0.549,0.1,0.385,0,0,1,2
0.549,0.1,0.388,0,0,1,2
0.549,0.1,0.391,0,0,1,2
0.549,0.1,0.394,0,0,1,2
0.549,0.1,0.397,0,0,1,2
0.549,0.1,0.4,0,0,1,2
0.549,0.1,0.403,0,0,1,2
0.549,0.1,0.406,0,0,1,2
0.549,0.1,0.409,0,0,1,2
0.549,0.1,0.412,0,0,1,2
0.549,0.1,0.415,0,0,1,2
0.549,0.1,0.418,0,0,1,2
0.549,0.1,0.420999,0,0,1,2
0.549,0.1,0.423999,0,0,1,2
0.549,0.1,0.426999,0,0,1,2
0.549,0.1,0.429999,0,0,1,2
0.549,0.1,0.432999,0,0,1,2
0.549,0.1,0.435999,0,0,1,2
0.549,0.1,0.438999,0,0,1,2
0.549,0.1,0.441999,0,0,1,2
0.549,0.1,0.444999,0,0,1,2
0.549,0.1,0.447999,0,0,1,2
0.549,0.1,0.450999,0,0,1,2
0.552,0.1,0.25,0,0,1,2
0.552,0.1,0.253,0,0,1,2
0.552,0.1,0.256,0,0,1,2
0.552,0.1,0.259,0,0,1,2
0.552,0.1,0.262,0,0,1,2
0.552,0.1,0.265,0,0,1,2
0.552,0.1,0.268,0,0,1,2
0.552,0.1,0.271,0,0,1,2
0.552,0.1,0.274,0,0,1,2
0.552,0.1,0.277,0,0,1,2
0.552,0.1,0.28,0,0,1,2
0.552,0.1,0.283,0,0,1,2
0.552,0.1,0.286,0,0,1,2
0.552,0.1,0.289,0,0,1,2
0.552,0.1,0.292,0,0,1,2
0.552,0.1,0.295,0,0,1,2
0.552,0.1,0.298,0,0,1,2
0.552,0.1,0.301,0,0,1,2
0.552,0.1,0.304,0,0,1,2
0.552,0.1,0.307,0,0,1,2
0.552,0.1,0.31,0,0,1,2
0.552,0.1,0.313,0,0,1,2
0.552,0.1,0.316,0,0,1,2
0.552,0.1,0.319,0,0,1,2
0.552,0.1,0.322,0,0,1,2
0.552,0.1,0.325,0,0,1,2
0.552,0.1,0.328,0,0,1,2
0.552,0.1,0.331,0,0,1,2
0.552,0.1,0.334,0,0,1,2
0.552,0.1,0.337,0,0,1,2
0.552,0.1,0.34,0,0,1,2
0.552,0.1,0.343,0,0,1,2
0.552,0.1,0.346,0,0,1,2
0.552,0.1,0.349,0,0,1,2
0.552,0.1,0.352,0,0,1,2
0.552,0.1,0.355,0,0,1,2
0.552,0.1,0.358,0,0,1,2
0.552,0.1,0.361,0,0,1,2
0.552,0.1,0.364,0,0,1,2
0.552,0.1,0.367,0,0,1,2
0.552,0.1,0.37,0,0,1,2
0.552,0.1,0.373,0,0,1,2
0.552,0.1,0.376,0,0,1,2
0.552,0.1,0.379,0,0,1,2
0.552,0.1,0.382,0,0,1,2
0.552,0.1,0.385,0,0,1,2
0.552,0.1,0.388,0,0,1,2
0.552,0.1,0.391,0,0,1,2
0.552,0.1,0.394,0,0,1,2
0.552,0.1,0.397,0,0,1,2
0.552,0.1,0.4,0,0,1,2
0.552,0.1,0.403,0,0,1,2
0.552,0.1,0.406,0,0,1,2
0.552,0.1,0.409,0,0,1,2
0.552,0.1,0.412,0,0,1,2
0.552,0.1,0.415,0,0,1,2
0.552,0.1,0.418,0,0,1,2
0.552,0.1,0.420999,0,0,1,2
0.552,0.1,0.423999,0,0,1,2
0.552,0.1,0.426999,0,0,1,2
0.552,0.1,0.429999,0,0,1,2
0.552,0.1,0.432999,0,0,1,2
0.552,0.1,0.435999,0,0,1,2
0.552,0.1,0.438999,0,0,1,2
0.552,0.1,0.441999,0,0,1,2
0.552,0.1,0.444999,0,0,1,2
0.552,0.1,0.447999,0,0,1,2
0.552,0.1,0.450999,0,0,1,2
0.555,0.1,0.25,0,0,1,2
0.555,0.1,0.253,0,0,1,2
0.555,0.1,0.256,0,0,1,2
0.555,0.1,0.259,0,0,1,2
0.555,0.1,0.262,0,0,1,2
0.555,0.1,0.265,0,0,1,2
0.555,0.1,0.268,0,0,1,2
0.555,0.1,0.271,0,0,1,2
0.555,0.1,0.274,0,0,1,2
0.555,0.1,0.277,0,0,1,2
0.555,0.1,0.28,0,0,1,2
0.555,0.1,0.283,0,0,1,2
0.555,0.1,0.286,0,0,1,2
0.555,0.1,0.289,0,0,1,2
0.555,0.1,0.292,0,0,1,2
0.555,0.1,0.295,0,0,1,2
0.555,0.1,0.298,0,0,1,2
0.555,0.1,0.301,0,0,1,2
0.555,0.1,0.304,0,0,1,2
0.555,0.1,0.307,0,0,1,2
0.555,0.1,0.31,0,0,1,2
0.555,0.1,0.313,0,0,1,2
0.555,0.1,0.316,0,0,1,2
0.555,0.1,0.319,0,0,1,2
0.555,0.1,0.322,0,0,1,2
0.555,0.1,0.325,0,0,1,2
0.555,0.1,0.328,0,0,1,2
0.555,0.1,0.331,0,0,1,2
0.555,0.1,0.334,0,0,1,2
0.555,0.1,0.337,0,0,1,2
0.555,0.1,0.34,0,0,1,2
0.555,0.1,0.343,0,0,1,2
0.555,0.1,0.346,0,0,1,2
0.555,0.1,0.349,0,0,1,2
0.555,0.1,0.352,0,0,1,2
0.555,0.1,0.355,0,0,1,2
0.555,0.1,0.358,0,0,1,2
0.555,0.1,0.361,0,0,1,2
0.555,0.1,0.364,0,0,1,2
0.555,0.1,0.367,0,0,1,2
0.555,0.1,0.37,0,0,1,2
0.555,0.1,0.373,0,0,1,2
0.555,0.1,0.376,0,0,1,2
0.555,0.1,0.379,0,0,1,2
0.555,0.1,0.382,0,0,1,2
0.555,0.1,0.385,0,0,1,2
0.555,0.1,0.388,0,0,1,2
0.555,0.1,0.391,0,0,1,2
0.555,0.1,0.394,0,0,1,2
0.555,0.1,0.397,0,0,1,2
0.555,0.1,0.4,0,0,1,2
0.555,0.1,0.403,0,0,1,2
0.555,0.1,0.406,0,0,1,2
0.555,0.1,0.409,0,0,1,2
0.555,0.1,0.412,0,0,1,2
0.555,0.1,0.415,0,0,1,2
0.555,0.1,0.418,0,0,1,2
0.555,0.1,0.420999,0,0,1,2
0.555,0.1,0.423999,0,0,1,2
0.555,0.1,0.426999,0,0,1,2
0.555,0.1,0.429999,0,0,1,2
0.555,0.1,0.432999,0,0,1,2
0.555,0.1,0.435999,0,0,1,2
0.555,0.1,0.438999,0,0,1,2
0.555,0.1,0.441999,0,0,1,2
0.555,0.1,0.444999,0,0,1,2
0.555,0.1,0.447999,0,0,1,2
0.555,0.1,0.450999,0,0,1,2
0.558,0.1,0.25,0,0,1,2
0.558,0.1,0.253,0,0,1,2
0.558,0.1,0.256,0,0,1,2
0.558,0.1,0.259,0,0,1,2
0.558,0.1,0.262,0,0,1,2
0.558,0.1,0.265,0,0,1,2
0.558,0.1,0.268,0,0,1,2
0.558,0.1,0.271,0,0,1,2
0.558,0.1,0.274,0,0,1,2
0.558,0.1,0.277,0,0,1,2
0.558,0.1,0.28,0,0,1,2
0.558,0.1,0.283,0,0,1,2
0.558,0.1,0.286,0,0,1,2
0.558,0.1,0.289,0,0,1,2
0.558,0.1,0.292,0,0,1,2
0.558,0.1,0.295,0,0,1,2
0.558,0.1,0.298,0,0,1,2
0.558,0.1,0.301,0,0,1,2
0.558,0.1,0.304,0,0,1,2
0.558,0.1,0.307,0,0,1,2
0.558,0.1,0.31,0,0,1,2
0.558,0.1,0.313,0,0,1,2
0.558,0.1,0.316,0,0,1,2
0.558,0.1,0.319,0,0,1,2
0.558,0.1,0.322,0,0,1,2
0.558,0.1,0.325,0,0,1,2
0.558,0.1,0.328,0,0,1,2
0.558,0.1,0.331,0,0,1,2
0.558,0.1,0.334,0,0,1,2
0.558,0.1,0.337,0,0,1,2
0.558,0.1,0.34,0,0,1,2
0.558,0.1,0.343,0,0,1,2
0.558,0.1,0.346,0,0,1,2
0.558,0.1,0.349,0,0,1,2
0.558,0.1,0.352,0,0,1,2
0.558,0.1,0.355,0,0,1,2
0.558,0.1,0.358,0,0,1,2
0.558,0.1,0.361,0,0,1,2
0.558,0.1,0.364,0,0,1,2
0.558,0.1,0.367,0,0,1,2
0.558,0.1,0.37,0,0,1,2
0.558,0.1,0.373,0,0,1,2
0.558,0.1,0.376,0,0,1,2
0.558,0.1,0.379,0,0,1,2
0.558,0.1,0.382,0,0,1,2
0.558,0.1,0.385,0,0,1,2
0.558,0.1,0.388,0,0,1,2
0.558,0.1,0.391,0,0,1,2
0.558,0.1,0.394,0,0,1,2
0.558,0.1,0.397,0,0,1,2
0.558,0.1,0.4,0,0,1,2
0.558,0.1,0.403,0,0,1,2
0.558,0.1,0.406,0,0,1,2
0.558,0.1,0.409,0,0,1,2
0.558,0.1,0.412,0,0,1,2
0.558,0.1,0.415,0,0,1,2
0.558,0.1,0.418,0,0,1,2
0.558,0.1,0.420999,0,0,1,2
0.558,0.1,0.423999,0,0,1,2
0.558,0.1,0.426999,0,0,1,2
0.558,0.1,0.429999,0,0,1,2
0.558,0.1,0.432999,0,0,1,2
0.558,0.1,0.435999,0,0,1,2
0.558,0.1,0.438999,0,0,1,2
0.558,0.1,0.441999,0,0,1,2
0.558,0.1,0.444999,0,0,1,2
0.558,0.1,0.447999,0,0,1,2
0.558,0.1,0.450999,0,0,1,2
0.561,0.1,0.25,0,0,1,2
0.561,0.1,0.253,0,0,1,2
0.561,0.1,0.256,0,0,1,2
0.561,0.1,0.259,0,0,1,2
0.561,0.1,0.262,0,0,1,2
0.561,0.1,0.265,0,0,1,2
0.561,0.1,0.268,0,0,1,2
0.561,0.1,0.271,0,0,1,2
0.561,0.1,0.274,0,0,1,2
0.561,0.1,0.277,0,0,1,2
0.561,0.1,0.28,0,0,1,2
0.561,0.1,0.283,0,0,1,2
0.561,0.1,0.286,0,0,1,2
0.561,0.1,0.289,0,0,1,2
0.561,0.1,0.292,0,0,1,2
0.561,0.1,0.295,0,0,1,2
0.561,0.1,0.298,0,0,1,2
0.561,0.1,0.301,0,0,1,2
0.561,0.1,0.304,0,0,1,2
0.561,0.1,0.307,0,0,1,2
0.561,0.1,0.31,0,0,1,2
0.561,0.1,0.313,0,0,1,2
0.561,0.1,0.316,0,0,1,2
0.561,0.1,0.319,0,0,1,2
0.561,0.1,0.322,0,0,1,2
0.561,0.1,0.325,0,0,1,2
0.561,0.1,0.328,0,0,1,2
0.561,0.1,0.331,0,0,1,2
0.561,0.1,0.334,0,0,1,2
0.561,0.1,0.337,0,0,1,2
0.561,0.1,0.34,0,0,1,2
0.561,0.1,0.343,0,0,1,2
0.561,0.1,0.346,0,0,1,2
0.561,0.1,0.349,0,0,1,2
0.561,0.1,0.352,0,0,1,2
0.561,0.1,0.355,0,0,1,2
0.561,0.1,0.358,0,0,1,2
0.561,0.1,0.361,0,0,1,2
0.561,0.1,0.364,0,0,1,2
0.561,0.1,0.367,0,0,1,2
0.561,0.1,0.37,0,0,1,2
0.561,0.1,0.373,0,0,1,2
0.561,0.1,0.376,0,0,1,2
0.561,0.1,0.379,0,0,1,2
0.561,0.1,0.382,0,0,1,2
0.561,0.1,0.385,0,0,1,2
0.561,0.1,0.388,0,0,1,2
0.561,0.1,0.391,0,0,1,2
0.561,0.1,0.394,0,0,1,2
0.561,0.1,0.397,0,0,1,2
0.561,0.1,0.4,0,0,1,2
0.561,0.1,0.403,0,0,1,2
0.561,0.1,0.406,0,0,1,2
0.561,0.1,0.409,0,0,1,2
0.561,0.1,0.412,0,0,1,2
0.561,0.1,0.415,0,0,1,2
0.561,0.1,0.418,0,0,1,2
0.561,0.1,0.420999,0,0,1,2
0.561,0.1,0.423999,0,0,1,2
0.561,0.1,0.426999,0,0,1,2
0.561,0.1,0.429999,0,0,1,2
0.561,0.1,0.432999,0,0,1,2
0.561,0.1,0.435999,0,0,1,2
0.561,0.1,0.438999,0,0,1,2
0.561,0.1,0.441999,0,0,1,2
0.561,0.1,0.444999,0,0,1,2
0.561,0.1,0.447999,0,0,1,2
0.561,0.1,0.450999,0,0,1,2
0.564,0.1,0.25,0,0,1,2
0.564,0.1,0.253,0,0,1,2
0.564,0.1,0.256,0,0,1,2
0.564,0.1,0.259,0,0,1,2
0.564,0.1,0.262,0,0,1,2
0.564,0.1,0.265,0,0,1,2
0.564,0.1,0.268,0,0,1,2
0.564,0.1,0.271,0,0,1,2
0.564,0.1,0.274,0,0,1,2
0.564,0.1,0.277,0,0,1,2
0.564,0.1,0.28,0,0,1,2
0.564,0.1,0.283,0,0,1,2
0.564,0.1,0.286,0,0,1,2
0.564,0.1,0.289,0,0,1,2
0.564,0.1,0.292,0,0,1,2
0.564,0.1,0.295,0,0,1,2
0.564,0.1,0.298,0,0,1,2
0.564,0.1,0.301,0,0,1,2
0.564,0.1,0.304,0,0,1,2
0.564,0.1,0.307,0,0,1,2
0.564,0.1,0.31,0,0,1,2
0.564,0.1,0.313,0,0,1,2
0.564,0.1,0.316,0,0,1,2
0.564,0.1,0.319,0,0,1,2
0.564,0.1,0.322,0,0,1,2
0.564,0.1,0.325,0,0,1,2
0.564,0.1,0.328,0,0,1,2
0.564,0.1,0.331,0,0,1,2
0.564,0.1,0.334,0,0,1,2
0.564,0.1,0.337,0,0,1,2
0.564,0.1,0.34,0,0,1,2
0.564,0.1,0.343,0,0,1,2
0.564,0.1,0.346,0,0,1,2
0.564,0.1,0.349,0,0,1,2
0.564,0.1,0.352,0,0,1,2
0.564,0.1,0.355,0,0,1,2
0.564,0.1,0.358,0,0,1,2
0.564,0.1,0.361,0,0,1,2
0.564,0.1,0.364,0,0,1,2
0.564,0.1,0.367,0,0,1,2
0.564,0.1,0.37,0,0,1,2
0.564,0.1,0.373,0,0,1,2
0.564,0.1,0.376,0,0,1,2
0.564,0.1,0.379,0,0,1,2
0.564,0.1,0.382,0,0,1,2
0.564,0.1,0.385,0,0,1,2
0.564,0.1,0.388,0,0,1,2
0.564,0.1,0.391,0,0,1,2
0.564,0.1,0.394,0,0,1,2
0.564,0.1,0.397,0,0,1,2
0.564,0.1,0.4,0,0,1,2
0.564,0.1,0.403,0,0,1,2
0.564,0.1,0.406,0,0,1,2
0.564,0.1,0.409,0,0,1,2
0.564,0.1,0.412,0,0,1,2
0.564,0.1,0.415,0,0,1,2
0.564,0.1,0.418,0,0,1,2
0.564,0.1,0.420999,0,0,1,2
0.564,0.1,0.423999,0,0,1,2
0.564,0.1,0.426999,0,0,1,2
0.564,0.1,0.429999,0,0,1,2
0.564,0.1,0.432999,0,0,1,2
0.564,0.1,0.435999,0,0,1,2
0.564,0.1,0.438999,0,0,1,2
0.564,0.1,0.441999,0,0,1,2
0.564,0.1,0.444999,0,0,1,2
0.564,0.1,0.447999,0,0,1,2
0.564,0.1,0.450999,0,0,1,2
0.567,0.1,0.25,0,0,1,2
0.567,0.1,0.253,0,0,1,2
0.567,0.1,0.256,0,0,1,2
0.567,0.1,0.259,0,0,1,2
0.567,0.1,0.262,0,0,1,2
0.567,0.1,0.265,0,0,1,2
0.567,0.1,0.268,0,0,1,2
0.567,0.1,0.271,0,0,1,2
0.567,0.1,0.274,0,0,1,2
0.567,0.1,0.277,0,0,1,2
0.567,0.1,0.28,0,0,1,2
0.567,0.1,0.283,0,0,1,2
0.567,0.1,0.286,0,0,1,2
0.567,0.1,0.289,0,0,1,2
0.567,0.1,0.292,0,0,1,2
0.567,0.1,0.295,0,0,1,2
0.567,0.1,0.298,0,0,1,2
0.567,0.1,0.301,0,0,1,2
0.567,0.1,0.304,0,0,1,2
0.567,0.1,0.307,0,0,1,2
0.567,0.1,0.31,0,0,1,2
0.567,0.1,0.313,0,0,1,2
0.567,0.1,0.316,0,0,1,2
0.567,0.1,0.319,0,0,1,2
0.567,0.1,0.322,0,0,1,2
0.567,0.1,0.325,0,0,1,2
0.567,0.1,0.328,0,0,1,2
0.567,0.1,0.331,0,0,1,2
0.567,0.1,0.334,0,0,1,2
0.567,0.1,0.337,0,0,1,2
0.567,0.1,0.34,0,0,1,2
0.567,0.1,0.343,0,0,1,2
0.567,0.1,0.346,0,0,1,2
0.567,0.1,0.349,0,0,1,2
0.567,0.1,0.352,0,0,1,2
0.567,0.1,0.355,0,0,1,2
0.567,0.1,0.358,0,0,1,2
0.567,0.1,0.361,0,0,1,2
0.567,0.1,0.364,0,0,1,2
0.567,0.1,0.367,0,0,1,2
0.567,0.1,0.37,0,0,1,2
0.567,0.1,0.373,0,0,1,2
0.567,0.1,0.376,0,0,1,2
0.567,0.1,0.379,0,0,1,2
0.567,0.1,0.382,0,0,1,2
0.567,0.1,0.385,0,0,1,2
0.567,0.1,0.388,0,0,1,2
0.567,0.1,0.391,0,0,1,2
0.567,0.1,0.394,0,0,1,2
0.567,0.1,0.397,0,0,1,2
0.567,0.1,0.4,0,0,1,2
0.567,0.1,0.403,0,0,1,2
0.567,0.1,0.406,0,0,1,2
0.567,0.1,0.409,0,0,1,2
0.567,0.1,0.412,0,0,1,2
0.567,0.1,0.415,0,0,1,2
0.567,0.1,0.418,0,0,1,2
0.567,0.1,0.420999,0,0,1,2
0.567,0.1,0.423999,0,0,1,2
0.567,0.1,0.426999,0,0,1,2
0.567,0.1,0.429999,0,0,1,2
0.567,0.1,0.432999,0,0,1,2
0.567,0.1,0.435999,0,0,1,2
0.567,0.1,0.438999,0,0,1,2
0.567,0.1,0.441999,0,0,1,2
0.567,0.1,0.444999,0,0,1,2
0.567,0.1,0.447999,0,0,1,2
0.567,0.1,0.450999,0,0,1,2
0.57,0.1,0.25,0,0,1,2
0.57,0.1,0.253,0,0,1,2
0.57,0.1,0.256,0,0,1,2
0.57,0.1,0.259,0,0,1,2
0.57,0.1,0.262,0,0,1,2
0.57,0.1,0.265,0,0,1,2
0.57,0.1,0.268,0,0,1,2
0.57,0.1,0.271,0,0,1,2
0.57,0.1,0.274,0,0,1,2
0.57,0.1,0.277,0,0,1,2
0.57,0.1,0.28,0,0,1,2
0.57,0.1,0.283,0,0,1,2
0.57,0.1,0.286,0,0,1,2
0.57,0.1,0.289,0,0,1,2
0.57,0.1,0.292,0,0,1,2
0.57,0.1,0.295,0,0,1,2
0.57,0.1,0.298,0,0,1,2
0.57,0.1,0.301,0,0,1,2
0.57,0.1,0.304,0,0,1,2
0.57,0.1,0.307,0,0,1,2
0.57,0.1,0.31,0,0,1,2
0.57,0.1,0.313,0,0,1,2
0.57,0.1,0.316,0,0,1,2
0.57,0.1,0.319,0,0,1,2
0.57,0.1,0.322,0,0,1,2
0.57,0.1,0.325,0,0,1,2
0.57,0.1,0.328,0,0,1,2
0.57,0.1,0.331,0,0,1,2
0.57,0.1,0.334,0,0,1,2
0.57,0.1,0.337,0,0,1,2
0.57,0.1,0.34,0,0,1,2
0.57,0.1,0.343,0,0,1,2
0.57,0.1,0.346,0,0,1,2
0.57,0.1,0.349,0,0,1,2
0.57,0.1,0.352,0,0,1,2
0.57,0.1,0.355,0,0,1,2
0.57,0.1,0.358,0,0,1,2
0.57,0.1,0.361,0,0,1,2
0.57,0.1,0.364,0,0,1,2
0.57,0.1,0.367,0,0,1,2
0.57,0.1,0.37,0,0,1,2
0.57,0.1,0.373,0,0,1,2
0.57,0.1,0.376,0,0,1,2
0.57,0.1,0.379,0,0,1,2
0.57,0.1,0.382,0,0,1,2
0.57,0.1,0.385,0,0,1,2
0.57,0.1,0.388,0,0,1,2
0.57,0.1,0.391,0,0,1,2
0.57,0.1,0.394,0,0,1,2
0.57,0.1,0.397,0,0,1,2
0.57,0.1,0.4,0,0,1,2
0.57,0.1,0.403,0,0,1,2
0.57,0.1,0.406,0,0,1,2
0.57,0.1,0.409,0,0,1,2
0.57,0.1,0.412,0,0,1,2
0.57,0.1,0.415,0,0,1,2
0.57,0.1,0.418,0,0,1,2
0.57,0.1,0.420999,0,0,1,2
0.57,0.1,0.423999,0,0,1,2
0.57,0.1,0.426999,0,0,1,2
0.57,0.1,0.429999,0,0,1,2
0.57,0.1,0.432999,0,0,1,2
0.57,0.1,0.435999,0,0,1,2
0.57,0.1,0.438999,0,0,1,2
0.57,0.1,0.441999,0,0,1,2
0.57,0.1,0.444999,0,0,1,2
0.57,0.1,0.447999,0,0,1,2
0.57,0.1,0.450999,0,0,1,2
0.39,0.1,0.25,0,0,1,2
0.39,0.1,0.253,0,0,1,2
0.39,0.1,0.256,0,0,1,2
0.39,0.1,0.259,0,0,1,2
0.39,0.1,0.262,0,0,1,2
0.39,0.1,0.265,0,0,1,2
0.39,0.1,0.268,0,0,1,2
0.39,0.1,0.271,0,0,1,2
0.39,0.1,0.274,0,0,1,2
0.39,0.1,0.277,0,0,1,2
0.39,0.1,0.28,0,0,1,2
0.39,0.1,0.283,0,0,1,2
0.39,0.1,0.286,0,0,1,2
0.39,0.1,0.289,0,0,1,2
0.39,0.1,0.292,0,0,1,2
0.39,0.1,0.295,0,0,1,2
0.39,0.1,0.298,0,0,1,2
0.39,0.1,0.301,0,0,1,2
0.39,0.1,0.304,0,0,1,2
0.39,0.1,0.307,0,0,1,2
0.39,0.1,0.31,0,0,1,2
0.39,0.1,0.313,0,0,1,2
0.39,0.1,0.316,0,0,1,2
0.39,0.1,0.319,0,0,1,2
0.39,0.1,0.322,0,0,1,2
0.39,0.1,0.325,0,0,1,2
0.39,0.1,0.328,0,0,1,2
0.39,0.1,0.331,0,0,1,2
0.39,0.1,0.334,0,0,1,2
0.39,0.1,0.337,0,0,1,2
0.39,0.1,0.34,0,0,1,2
0.39,0.1,0.343,0,0,1,2
0.39,0.1,0.346,0,0,1,2
0.39,0.1,0.349,0,0,1,2
0.39,0.1,0.352,0,0,1,2
0.39,0.1,0.355,0,0,1,2
0.39,0.1,0.358,0,0,1,2
0.39,0.1,0.361,0,0,1,2
0.39,0.1,0.364,0,0,1,2
0.39,0.1,0.367,0,0,1,2
0.39,0.1,0.37,0,0,1,2
0.39,0.1,0.373,0,0,1,2
0.39,0.1,0.376,0,0,1,2
0.39,0.1,0.379,0,0,1,2
0.39,0.1,0.382,0,0,1,2
0.39,0.1,0.385,0,0,1,2
0.39,0.1,0.388,0,0,1,2
0.39,0.1,0.391,0,0,1,2
0.39,0.1,0.394,0,0,1,2
0.39,0.1,0.397,0,0,1,2
0.39,0.1,0.4,0,0,1,2
0.39,0.1,0.403,0,0,1,2
0.39,0.1,0.406,0,0,1,2
0.39,0.1,0.409,0,0,1,2
0.39,0.1,0.412,0,0,1,2
0.39,0.1,0.415,0,0,1,2
0.39,0.1,0.418,0,0,1,2
0.39,0.1,0.420999,0,0,1,2
0.39,0.1,0.423999,0,0,1,2
0.39,0.1,0.426999,0,0,1,2
0.39,0.1,0.429999,0,0,1,2
0.39,0.1,0.432999,0,0,1,2
0.39,0.1,0.435999,0,0,1,2
0.39,0.1,0.438999,0,0,1,2
0.39,0.1,0.441999,0,0,1,2
0.39,0.1,0.444999,0,0,1,2
0.39,0.1,0.447999,0,0,1,2
0.39,0.1,0.450999,0,0,1,2
0.39,0.103,0.25,0,0,1,2
0.39,0.103,0.253,0,0,1,2
0.39,0.103,0.256,0,0,1,2
0.39,0.103,0.259,0,0,1,2
0.39,0.103,0.262,0,0,1,2
0.39,0.103,0.265,0,0,1,2
0.39,0.103,0.268,0,0,1,2
0.39,0.103,0.271,0,0,1,2
0.39,0.103,0.274,0,0,1,2
0.39,0.103,0.277,0,0,1,2
0.39,0.103,0.28,0,0,1,2
0.39,0.103,0.283,0,0,1,2
0.39,0.103,0.286,0,0,1,2
0.39,0.103,0.289,0,0,1,2
0.39,0.103,0.292,0,0,1,2
0.39,0.103,0.295,0,0,1,2
0.39,0.103,0.298,0,0,1,2
0.39,0.103,0.301,0,0,1,2
0.39,0.103,0.304,0,0,1,2
0.39,0.103,0.307,0,0,1,2
0.39,0.103,0.31,0,0,1,2
0.39,0.103,0.313,0,0,1,2
0.39,0.103,0.316,0,0,1,2
0.39,0.103,0.319,0,0,1,2
0.39,0.103,0.322,0,0,1,2
0.39,0.103,0.325,0,0,1,2
0.39,0.103,0.328,0,0,1,2
0.39,0.103,0.331,0,0,1,2
0.39,0.103,0.334,0,0,1,2
0.39,0.103,0.337,0,0,1,2
0.39,0.103,0.34,0,0,1,2
0.39,0.103,0.343,0,0,1,2
0.39,0.103,0.346,0,0,1,2
0.39,0.103,0.349,0,0,1,2
0.39,0.103,0.352,0,0,1,2
0.39,0.103,0.355,0,0,1,2
0.39,0.103,0.358,0,0,1,2
0.39,0.103,0.361,0,0,1,2
0.39,0.103,0.364,0,0,1,2
0.39,0.103,0.367,0,0,1,2
0.39,0.103,0.37,0,0,1,2
0.39,0.103,0.373,0,0,1,2
0.39,0.103,0.376,0,0,1,2
0.39,0.103,0.379,0,0,1,2
0.39,0.103,0.382,0,0,1,2
0.39,0.103,0.385,0,0,1,2
0.39,0.103,0.388,0,0,1,2
0.39,0.103,0.391,0,0,1,2
0.39,0.103,0.394,0,0,1,2
0.39,0.103,0.397,0,0,1,2
0.39,0.103,0.4,0,0,1,2
0.39,0.103,0.403,0,0,1,2
0.39,0.103,0.406,0,0,1,2
0.39,0.103,0.409,0,0,1,2
0.39,0.103,0.412,0,0,1,2
0.39,0.103,0.415,0,0,1,2
0.39,0.103,0.418,0,0,1,2
0.39,0.103,0.420999,0,0,1,2
0.39,0.103,0.423999,0,0,1,2
0.39,0.103,0.426999,0,0,1,2
0.39,0.103,0.429999,0,0,1,2
0.39,0.103,0.432999,0,0,1,2
0.39,0.103,0.435999,0,0,1,2
0.39,0.103,0.438999,0,0,1,2
0.39,0.103,0.441999,0,0,1,2
0.39,0.103,0.444999,0,0,1,2
0.39,0.103,0.447999,0,0,1,2
0.39,0.103,0.450999,0,0,1,2
0.39,0.106,0.25,0,0,1,2
0.39,0.106,0.253,0,0,1,2
0.39,0.106,0.256,0,0,1,2
0.39,0.106,0.259,0,0,1,2
0.39,0.106,0.262,0,0,1,2
0.39,0.106,0.265,0,0,1,2
0.39,0.106,0.268,0,0,1,2
0.39,0.106,0.271,0,0,1,2
0.39,0.106,0.274,0,0,1,2
0.39,0.106,0.277,0,0,1,2
0.39,0.106,0.28,0,0,1,2
0.39,0.106,0.283,0,0,1,2
0.39,0.106,0.286,0,0,1,2
0.39,0.106,0.289,0,0,1,2
0.39,0.106,0.292,0,0,1,2
0.39,0.106,0.295,0,0,1,2
0.39,0.106,0.298,0,0,1,2
0.39,0.106,0.301,0,0,1,2
0.39,0.106,0.304,0,0,1,2
0.39,0.106,0.307,0,0,1,2
0.39,0.106,0.31,0,0,1,2
0.39,0.106,0.313,0,0,1,2
0.39,0.106,0.316,0,0,1,2
0.39,0.106,0.319,0,0,1,2
0.39,0.106,0.322,0,0,1,2
0.39,0.106,0.325,0,0,1,2
0.39,0.106,0.328,0,0,1,2
0.39,0.106,0.331,0,0,1,2
0.39,0.106,0.334,0,0,1,2
0.39,0.106,0.337,0,0,1,2
0.39,0.106,0.34,0,0,1,2
0.39,0.106,0.343,0,0,1,2
0.39,0.106,0.346,0,0,1,2
0.39,0.106,0.349,0,0,1,2
0.39,0.106,0.352,0,0,1,2
0.39,0.106,0.355,0,0,1,2
0.39,0.106,0.358,0,0,1,2
0.39,0.106,0.361,0,0,1,2
0.39,0.106,0.364,0,0,1,2
0.39,0.106,0.367,0,0,1,2
0.39,0.106,0.37,0,0,1,2
0.39,0.106,0.373,0,0,1,2
0.39,0.106,0.376,0,0,1,2
0.39,0.106,0.379,0,0,1,2
0.39,0.106,0.382,0,0,1,2
0.39,0.106,0.385,0,0,1,2
0.39,0.106,0.388,0,0,1,2
0.39,0.106,0.391,0,0,1,2
0.39,0.106,0.394,0,0,1,2
0.39,0.106,0.397,0,0,1,2
0.39,0.106,0.4,0,0,1,2
0.39,0.106,0.403,0,0,1,2
0.39,0.106,0.406,0,0,1,2
0.39,0.106,0.409,0,0,1,2
0.39,0.106,0.412,0,0,1,2
0.39,0.106,0.415,0,0,1,2
0.39,0.106,0.418,0,0,1,2
0.39,0.106,0.420999,0,0,1,2
0.39,0.106,0.423999,0,0,1,2
0.39,0.106,0.426999,0,0,1,2
0.39,0.106,0.429999,0,0,1,2
0.39,0.106,0.432999,0,0,1,2
0.39,0.106,0.435999,0,0,1,2
0.39,0.106,0.438999,0,0,1,2
0.39,0.106,0.441999,0,0,1,2
0.39,0.106,0.444999,0,0,1,2
0.39,0.106,0.447999,0,0,1,2
0.39,0.106,0.450999,0,0,1,2
0.39,0.109,0.25,0,0,1,2
0.39,0.109,0.253,0,0,1,2
0.39,0.109,0.256,0,0,1,2
0.39,0.109,0.259,0,0,1,2
0.39,0.109,0.262,0,0,1,2
0.39,0.109,0.265,0,0,1,2
0.39,0.109,0.268,0,0,1,2
0.39,0.109,0.271,0,0,1,2
0.39,0.109,0.274,0,0,1,2
0.39,0.109,0.277,0,0,1,2
0.39,0.109,0.28,0,0,1,2
0.39,0.109,0.283,0,0,1,2
0.39,0.109,0.286,0,0,1,2
0.39,0.109,0.289,0,0,1,2
0.39,0.109,0.292,0,0,1,2
0.39,0.109,0.295,0,0,1,2
0.39,0.109,0.298,0,0,1,2
0.39,0.109,0.301,0,0,1,2
0.39,0.109,0.304,0,0,1,2
0.39,0.109,0.307,0,0,1,2
0.39,0.109,0.31,0,0,1,2
0.39,0.109,0.313,0,0,1,2
0.39,0.109,0.316,0,0,1,2
0.39,0.109,0.319,0,0,1,2
0.39,0.109,0.322,0,0,1,2
0.39,0.109,0.325,0,0,1,2
0.39,0.109,0.328,0,0,1,2
0.39,0.109,0.331,0,0,1,2
0.39,0.109,0.334,0,0,1,2
0.39,0.109,0.337,0,0,1,2
0.39,0.109,0.34,0,0,1,2
0.39,0.109,0.343,0,0,1,2
0.39,0.109,0.346,0,0,1,2
0.39,0.109,0.349,0,0,1,2
0.39,0.109,0.352,0,0,1,2
0.39,0.109,0.355,0,0,1,2
0.39,0.109,0.358,0,0,1,2
0.39,0.109,0.361,0,0,1,2
0.39,0.109,0.364,0,0,1,2
0.39,0.109,0.367,0,0,1,2
0.39,0.109,0.37,0,0,1,2
0.39,0.109,0.373,0,0,1,2
0.39,0.109,0.376,0,0,1,2
0.39,0.109,0.379,0,0,1,2
0.39,0.109,0.382,0,0,1,2
0.39,0.109,0.385,0,0,1,2
0.39,0.109,0.388,0,0,1,2
0.39,0.109,0.391,0,0,1,2
0.39,0.109,0.394,0,0,1,2
0.39,0.109,0.397,0,0,1,2
0.39,0.109,0.4,0,0,1,2
0.39,0.109,0.403,0,0,1,2
0.39,0.109,0.406,0,0,1,2
0.39,0.109,0.409,0,0,1,2
0.39,0.109,0.412,0,0,1,2
0.39,0.109,0.415,0,0,1,2
0.39,0.109,0.418,0,0,1,2
0.39,0.109,0.420999,0,0,1,2
0.39,0.109,0.423999,0,0,1,2
0.39,0.109,0.426999,0,0,1,2
0.39,0.109,0.429999,0,0,1,2
0.39,0.109,0.432999,0,0,1,2
0.39,0.109,0.435999,0,0,1,2
0.39,0.109,0.438999,0,0,1,2
0.39,0.109,0.441999,0,0,1,2
0.39,0.109,0.444999,0,0,1,2
0.39,0.109,0.447999,0,0,1,2
0.39,0.109,0.450999,0,0,1,2
0.39,0.112,0.25,0,0,1,2
0.39,0.112,0.253,0,0,1,2
0.39,0.112,0.256,0,0,1,2
0.39,0.112,0.259,0,0,1,2
0.39,0.112,0.262,0,0,1,2
0.39,0.112,0.265,0,0,1,2
0.39,0.112,0.268,0,0,1,2
0.39,0.112,0.271,0,0,1,2
0.39,0.112,0.274,0,0,1,2
0.39,0.112,0.277,0,0,1,2
0.39,0.112,0.28,0,0,1,2
0.39,0.112,0.283,0,0,1,2
0.39,0.112,0.286,0,0,1,2
0.39,0.112,0.289,0,0,1,2
0.39,0.112,0.292,0,0,1,2
0.39,0.112,0.295,0,0,1,2
0.39,0.112,0.298,0,0,1,2
0.39,0.112,0.301,0,0,1,2
0.39,0.112,0.304,0,0,1,2
0.39,0.112,0.307,0,0,1,2
0.39,0.112,0.31,0,0,1,2
0.39,0.112,0.313,0,0,1,2
0.39,0.112,0.316,0,0,1,2
0.39,0.112,0.319,0,0,1,2
0.39,0.112,0.322,0,0,1,2
0.39,0.112,0.325,0,0,1,2
0.39,0.112,0.328,0,0,1,2
0.39,0.112,0.331,0,0,1,2
0.39,0.112,0.334,0,0,1,2
0.39,0.112,0.337,0,0,1,2
0.39,0.112,0.34,0,0,1,2
0.39,0.112,0.343,0,0,1,2
0.39,0.112,0.346,0,0,1,2
0.39,0.112,0.349,0,0,1,2
0.39,0.112,0.352,0,0,1,2
0.39,0.112,0.355,0,0,1,2
0.39,0.112,0.358,0,0,1,2
0.39,0.112,0.361,0,0,1,2
0.39,0.112,0.364,0,0,1,2
0.39,0.112,0.367,0,0,1,2
0.39,0.112,0.37,0,0,1,2
0.39,0.112,0.373,0,0,1,2
0.39,0.112,0.376,0,0,1,2
0.39,0.112,0.379,0,0,1,2
0.39,0.112,0.382,0,0,1,2
0.39,0.112,0.385,0,0,1,2
0.39,0.112,0.388,0,0,1,2
0.39,0.112,0.391,0,0,1,2
0.39,0.112,0.394,0,0,1,2
0.39,0.112,0.397,0,0,1,2
0.39,0.112,0.4,0,0,1,2
0.39,0.112,0.403,0,0,1,2
0.39,0.112,0.406,0,0,1,2
0.39,0.112,0.409,0,0,1,2
0.39,0.112,0.412,0,0,1,2
0.39,0.112,0.415,0,0,1,2
0.39,0.112,0.418,0,0,1,2
0.39,0.112,0.420999,0,0,1,2
0.39,0.112,0.423999,0,0,1,2
0.39,0.112,0.426999,0,0,1,2
0.39,0.112,0.429999,0,0,1,2
0.39,0.112,0.432999,0,0,1,2
0.39,0.112,0.435999,0,0,1,2
0.39,0.112,0.438999,0,0,1,2
0.39,0.112,0.441999,0,0,1,2
0.39,0.112,0.444999,0,0,1,2
0.39,0.112,0.447999,0,0,1,2
0.39,0.112,0.450999,0,0,1,2
0.39,0.115,0.25,0,0,1,2
0.39,0.115,0.253,0,0,1,2
0.39,0.115,0.256,0,0,1,2
0.39,0.115,0.259,0,0,1,2
0.39,0.115,0.262,0,0,1,2
0.39,0.115,0.265,0,0,1,2
0.39,0.115,0.268,0,0,1,2
0.39,0.115,0.271,0,0,1,2
0.39,0.115,0.274,0,0,1,2
0.39,0.115,0.277,0,0,1,2
0.39,0.115,0.28,0,0,1,2
0.39,0.115,0.283,0,0,1,2
0.39,0.115,0.286,0,0,1,2
0.39,0.115,0.289,0,0,1,2
0.39,0.115,0.292,0,0,1,2
0.39,0.115,0.295,0,0,1,2
0.39,0.115,0.298,0,0,1,2
0.39,0.115,0.301,0,0,1,2
0.39,0.115,0.304,0,0,1,2
0.39,0.115,0.307,0,0,1,2
0.39,0.115,0.31,0,0,1,2
0.39,0.115,0.313,0,0,1,2
0.39,0.115,0.316,0,0,1,2
0.39,0.115,0.319,0,0,1,2
0.39,0.115,0.322,0,0,1,2
0.39,0.115,0.325,0,0,1,2
0.39,0.115,0.328,0,0,1,2
0.39,0.115,0.331,0,0,1,2
0.39,0.115,0.334,0,0,1,2
0.39,0.115,0.337,0,0,1,2
0.39,0.115,0.34,0,0,1,2
0.39,0.115,0.343,0,0,1,2
0.39,0.115,0.346,0,0,1,2
0.39,0.115,0.349,0,0,1,2
0.39,0.115,0.352,0,0,1,2
0.39,0.115,0.355,0,0,1,2
0.39,0.115,0.358,0,0,1,2
0.39,0.115,0.361,0,0,1,2
0.39,0.115,0.364,0,0,1,2
0.39,0.115,0.367,0,0,1,2
0.39,0.115,0.37,0,0,1,2
0.39,0.115,0.373,0,0,1,2
0.39,0.115,0.376,0,0,1,2
0.39,0.115,0.379,0,0,1,2
0.39,0.115,0.382,0,0,1,2
0.39,0.115,0.385,0,0,1,2
0.39,0.115,0.388,0,0,1,2
0.39,0.115,0.391,0,0,1,2
0.39,0.115,0.394,0,0,1,2
0.39,0.115,0.397,0,0,1,2
0.39,0.115,0.4,0,0,1,2
0.39,0.115,0.403,0,0,1,2
0.39,0.115,0.406,0,0,1,2
0.39,0.115,0.409,0,0,1,2
0.39,0.115,0.412,0,0,1,2
0.39,0.115,0.415,0,0,1,2
0.39,0.115,0.418,0,0,1,2
0.39,0.115,0.420999,0,0,1,2
0.39,0.115,0.423999,0,0,1,2
0.39,0.115,0.426999,0,0,1,2
0.39,0.115,0.429999,0,0,1,2
0.39,0.115,0.432999,0,0,1,2
0.39,0.115,0.435999,0,0,1,2
0.39,0.115,0.438999,0,0,1,2
0.39,0.115,0.441999,0,0,1,2
0.39,0.115,0.444999,0,0,1,2
0.39,0.115,0.447999,0,0,1,2
0.39,0.115,0.450999,0,0,1,2
0.39,0.118,0.25,0,0,1,2
0.39,0.118,0.253,0,0,1,2
0.39,0.118,0.256,0,0,1,2
0.39,0.118,0.259,0,0,1,2
0.39,0.118,0.262,0,0,1,2
0.39,0.118,0.265,0,0,1,2
0.39,0.118,0.268,0,0,1,2
0.39,0.118,0.271,0,0,1,2
0.39,0.118,0.274,0,0,1,2
0.39,0.118,0.277,0,0,1,2
0.39,0.118,0.28,0,0,1,2
0.39,0.118,0.283,0,0,1,2
0.39,0.118,0.286,0,0,1,2
0.39,0.118,0.289,0,0,1,2
0.39,0.118,0.292,0,0,1,2
0.39,0.118,0.295,0,0,1,2
0.39,0.118,0.298,0,0,1,2
0.39,0.118,0.301,0,0,1,2
0.39,0.118,0.304,0,0,1,2
0.39,0.118,0.307,0,0,1,2
0.39,0.118,0.31,0,0,1,2
0.39,0.118,0.313,0,0,1,2
0.39,0.118,0.316,0,0,1,2
0.39,0.118,0.319,0,0,1,2
0.39,0.118,0.322,0,0,1,2
0.39,0.118,0.325,0,0,1,2
0.39,0.118,0.328,0,0,1,2
0.39,0.118,0.331,0,0,1,2
0.39,0.118,0.334,0,0,1,2
0.39,0.118,0.337,0,0,1,2
0.39,0.118,0.34,0,0,1,2
0.39,0.118,0.343,0,0,1,2
0.39,0.118,0.346,0,0,1,2
0.39,0.118,0.349,0,0,1,2
0.39,0.118,0.352,0,0,1,2
0.39,0.118,0.355,0,0,1,2
0.39,0.118,0.358,0,0,1,2
0.39,0.118,0.361,0,0,1,2
0.39,0.118,0.364,0,0,1,2
0.39,0.118,0.367,0,0,1,2
0.39,0.118,0.37,0,0,1,2
0.39,0.118,0.373,0,0,1,2
0.39,0.118,0.376,0,0,1,2
0.39,0.118,0.379,0,0,1,2
0.39,0.118,0.382,0,0,1,2
0.39,0.118,0.385,0,0,1,2
0.39,0.118,0.388,0,0,1,2
0.39,0.118,0.391,0,0,1,2
0.39,0.118,0.394,0,0,1,2
0.39,0.118,0.397,0,0,1,2
0.39,0.118,0.4,0,0,1,2
0.39,0.118,0.403,0,0,1,2
0.39,0.118,0.406,0,0,1,2
0.39,0.118,0.409,0,0,1,2
0.39,0.118,0.412,0,0,1,2
0.39,0.118,0.415,0,0,1,2
0.39,0.118,0.418,0,0,1,2
0.39,0.118,0.420999,0,0,1,2
0.39,0.118,0.423999,0,0,1,2
0.39,0.118,0.426999,0,0,1,2
0.39,0.118,0.429999,0,0,1,2
0.39,0.118,0.432999,0,0,1,2
0.39,0.118,0.435999,0,0,1,2
0.39,0.118,0.438999,0,0,1,2
0.39,0.118,0.441999,0,0,1,2
0.39,0.118,0.444999,0,0,1,2
0.39,0.118,0.447999,0,0,1,2
0.39,0.118,0.450999,0,0,1,2
0.39,0.121,0.25,0,0,1,2
0.39,0.121,0.253,0,0,1,2
0.39,0.121,0.256,0,0,1,2
0.39,0.121,0.259,0,0,1,2
0.39,0.121,0.262,0,0,1,2
0.39,0.121,0.265,0,0,1,2
0.39,0.121,0.268,0,0,1,2
0.39,0.121,0.271,0,0,1,2
0.39,0.121,0.274,0,0,1,2
0.39,0.121,0.277,0,0,1,2
0.39,0.121,0.28,0,0,1,2
0.39,0.121,0.283,0,0,1,2
0.39,0.121,0.286,0,0,1,2
0.39,0.121,0.289,0,0,1,2
0.39,0.121,0.292,0,0,1,2
0.39,0.121,0.295,0,0,1,2
0.39,0.121,0.298,0,0,1,2
0.39,0.121,0.301,0,0,1,2
0.39,0.121,0.304,0,0,1,2
0.39,0.121,0.307,0,0,1,2
0.39,0.121,0.31,0,0,1,2
0.39,0.121,0.313,0,0,1,2
0.39,0.121,0.316,0,0,1,2
0.39,0.121,0.319,0,0,1,2
0.39,0.121,0.322,0,0,1,2
0.39,0.121,0.325,0,0,1,2
0.39,0.121,0.328,0,0,1,2
0.39,0.121,0.331,0,0,1,2
0.39,0.121,0.334,0,0,1,2
0.39,0.121,0.337,0,0,1,2
0.39,0.121,0.34,0,0,1,2
0.39,0.121,0.343,0,0,1,2
0.39,0.121,0.346,0,0,1,2
0.39,0.121,0.349,0,0,1,2
0.39,0.121,0.352,0,0,1,2
0.39,0.121,0.355,0,0,1,2
0.39,0.121,0.358,0,0,1,2
0.39,0.121,0.361,0,0,1,2
0.39,0.121,0.364,0,0,1,2
0.39,0.121,0.367,0,0,1,2
0.39,0.121,0.37,0,0,1,2
0.39,0.121,0.373,0,0,1,2
0.39,0.121,0.376,0,0,1,2
0.39,0.121,0.379,0,0,1,2
0.39,0.121,0.382,0,0,1,2
0.39,0.121,0.385,0,0,1,2
0.39,0.121,0.388,0,0,1,2
0.39,0.121,0.391,0,0,1,2
0.39,0.121,0.394,0,0,1,2
0.39,0.121,0.397,0,0,1,2
0.39,0.121,0.4,0,0,1,2
0.39,0.121,0.403,0,0,1,2
0.39,0.121,0.406,0,0,1,2
0.39,0.121,0.409,0,0,1,2
0.39,0.121,0.412,0,0,1,2
0.39,0.121,0.415,0,0,1,2
0.39,0.121,0.418,0,0,1,2
0.39,0.121,0.420999,0,0,1,2
0.39,0.121,0.423999,0,0,1,2
0.39,0.121,0.426999,0,0,1,2
0.39,0.121,0.429999,0,0,1,2
0.39,0.121,0.432999,0,0,1,2
0.39,0.121,0.435999,0,0,1,2
0.39,0.121,0.438999,0,0,1,2
0.39,0.121,0.441999,0,0,1,2
0.39,0.121,0.444999,0,0,1,2
0.39,0.121,0.447999,0,0,1,2
0.39,0.121,0.450999,0,0,1,2
0.39,0.124,0.25,0,0,1,2
0.39,0.124,0.253,0,0,1,2
0.39,0.124,0.256,0,0,1,2
0.39,0.124,0.259,0,0,1,2
0.39,0.124,0.262,0,0,1,2
0.39,0.124,0.265,0,0,1,2
0.39,0.124,0.268,0,0,1,2
0.39,0.124,0.271,0,0,1,2
0.39,0.124,0.274,0,0,1,2
0.39,0.124,0.277,0,0,1,2
0.39,0.124,0.28,0,0,1,2
0.39,0.124,0.283,0,0,1,2
0.39,0.124,0.286,0,0,1,2
0.39,0.124,0.289,0,0,1,2
0.39,0.124,0.292,0,0,1,2
0.39,0.124,0.295,0,0,1,2
0.39,0.124,0.298,0,0,1,2
0.39,0.124,0.301,0,0,1,2
0.39,0.124,0.304,0,0,1,2
0.39,0.124,0.307,0,0,1,2
0.39,0.124,0.31,0,0,1,2
0.39,0.124,0.313,0,0,1,2
0.39,0.124,0.316,0,0,1,2
0.39,0.124,0.319,0,0,1,2
0.39,0.124,0.322,0,0,1,2
0.39,0.124,0.325,0,0,1,2
0.39,0.124,0.328,0,0,1,2
0.39,0.124,0.331,0,0,1,2
0.39,0.124,0.334,0,0,1,2
0.39,0.124,0.337,0,0,1,2
0.39,0.124,0.34,0,0,1,2
0.39,0.124,0.343,0,0,1,2
0.39,0.124,0.346,0,0,1,2
0.39,0.124,0.349,0,0,1,2
0.39,0.124,0.352,0,0,1,2
0.39,0.124,0.355,0,0,1,2
0.39,0.124,0.358,0,0,1,2
0.39,0.124,0.361,0,0,1,2
0.39,0.124,0.364,0,0,1,2
0.39,0.124,0.367,0,0,1,2
0.39,0.124,0.37,0,0,1,2
0.39,0.124,0.373,0,0,1,2
0.39,0.124,0.376,0,0,1,2
0.39,0.124,0.379,0,0,1,2
0.39,0.124,0.382,0,0,1,2
0.39,0.124,0.385,0,0,1,2
0.39,0.124,0.388,0,0,1,2
0.39,0.124,0.391,0,0,1,2
0.39,0.124,0.394,0,0,1,2
0.39,0.124,0.397,0,0,1,2
0.39,0.124,0.4,0,0,1,2
0.39,0.124,0.403,0,0,1,2
0.39,0.124,0.406,0,0,1,2
0.39,0.124,0.409,0,0,1,2
0.39,0.124,0.412,0,0,1,2
0.39,0.124,0.415,0,0,1,2
0.39,0.124,0.418,0,0,1,2
0.39,0.124,0.420999,0,0,1,2
0.39,0.124,0.423999,0,0,1,2
0.39,0.124,0.426999,0,0,1,2
0.39,0.124,0.429999,0,0,1,2
0.39,0.124,0.432999,0,0,1,2
0.39,0.124,0.435999,0,0,1,2
0.39,0.124,0.438999,0,0,1,2
0.39,0.124,0.441999,0,0,1,2
0.39,0.124,0.444999,0,0,1,2
0.39,0.124,0.447999,0,0,1,2
0.39,0.124,0.450999,0,0,1,2
0.39,0.127,0.25,0,0,1,2
0.39,0.127,0.253,0,0,1,2
0.39,0.127,0.256,0,0,1,2
0.39,0.127,0.259,0,0,1,2
0.39,0.127,0.262,0,0,1,2
0.39,0.127,0.265,0,0,1,2
0.39,0.127,0.268,0,0,1,2
0.39,0.127,0.271,0,0,1,2
0.39,0.127,0.274,0,0,1,2
0.39,0.127,0.277,0,0,1,2
0.39,0.127,0.28,0,0,1,2
0.39,0.127,0.283,0,0,1,2
0.39,0.127,0.286,0,0,1,2
0.39,0.127,0.289,0,0,1,2
0.39,0.127,0.292,0,0,1,2
0.39,0.127,0.295,0,0,1,2
0.39,0.127,0.298,0,0,1,2
0.39,0.127,0.301,0,0,1,2
0.39,0.127,0.304,0,0,1,2
0.39,0.127,0.307,0,0,1,2
0.39,0.127,0.31,0,0,1,2
0.39,0.127,0.313,0,0,1,2
0.39,0.127,0.316,0,0,1,2
0.39,0.127,0.319,0,0,1,2
0.39,0.127,0.322,0,0,1,2
0.39,0.127,0.325,0,0,1,2
0.39,0.127,0.328,0,0,1,2
0.39,0.127,0.331,0,0,1,2
0.39,0.127,0.334,0,0,1,2
0.39,0.127,0.337,0,0,1,2
0.39,0.127,0.34,0,0,1,2
0.39,0.127,0.343,0,0,1,2
0.39,0.127,0.346,0,0,1,2
0.39,0.127,0.349,0,0,1,2
0.39,0.127,0.352,0,0,1,2
0.39,0.127,0.355,0,0,1,2
0.39,0.127,0.358,0,0,1,2
0.39,0.127,0.361,0,0,1,2
0.39,0.127,0.364,0,0,1,2
0.39,0.127,0.367,0,0,1,2
0.39,0.127,0.37,0,0,1,2
0.39,0.127,0.373,0,0,1,2
0.39,0.127,0.376,0,0,1,2
0.39,0.127,0.379,0,0,1,2
0.39,0.127,0.382,0,0,1,2
0.39,0.127,0.385,0,0,1,2
0.39,0.127,0.388,0,0,1,2
0.39,0.127,0.391,0,0,1,2
0.39,0.127,0.394,0,0,1,2
0.39,0.127,0.397,0,0,1,2
0.39,0.127,0.4,0,0,1,2
0.39,0.127,0.403,0,0,1,2
0.39,0.127,0.406,0,0,1,2
0.39,0.127,0.409,0,0,1,2
0.39,0.127,0.412,0,0,1,2
0.39,0.127,0.415,0,0,1,2
0.39,0.127,0.418,0,0,1,2
0.39,0.127,0.420999,0,0,1,2
0.39,0.127,0.423999,0,0,1,2
0.39,0.127,0.426999,0,0,1,2
0.39,0.127,0.429999,0,0,1,2
0.39,0.127,0.432999,0,0,1,2
0.39,0.127,0.435999,0,0,1,2
0.39,0.127,0.438999,0,0,1,2
0.39,0.127,0.441999,0,0,1,2
0.39,0.127,0.444999,0,0,1,2
0.39,0.127,0.447999,0,0,1,2
0.39,0.127,0.450999,0,0,1,2
0.39,0.13,0.25,0,0,1,2
0.39,0.13,0.253,0,0,1,2
0.39,0.13,0.256,0,0,1,2
0.39,0.13,0.259,0,0,1,2
0.39,0.13,0.262,0,0,1,2
0.39,0.13,0.265,0,0,1,2
0.39,0.13,0.268,0,0,1,2
0.39,0.13,0.271,0,0,1,2
0.39,0.13,0.274,0,0,1,2
0.39,0.13,0.277,0,0,1,2
0.39,0.13,0.28,0,0,1,2
0.39,0.13,0.283,0,0,1,2
0.39,0.13,0.286,0,0,1,2
0.39,0.13,0.289,0,0,1,2
0.39,0.13,0.292,0,0,1,2
0.39,0.13,0.295,0,0,1,2
0.39,0.13,0.298,0,0,1,2
0.39,0.13,0.301,0,0,1,2
0.39,0.13,0.304,0,0,1,2
0.39,0.13,0.307,0,0,1,2
0.39,0.13,0.31,0,0,1,2
0.39,0.13,0.313,0,0,1,2
0.39,0.13,0.316,0,0,1,2
0.39,0.13,0.319,0,0,1,2
0.39,0.13,0.322,0,0,1,2
0.39,0.13,0.325,0,0,1,2
0.39,0.13,0.328,0,0,1,2
0.39,0.13,0.331,0,0,1,2
0.39,0.13,0.334,0,0,1,2
0.39,0.13,0.337,0,0,1,2
0.39,0.13,0.34,0,0,1,2
0.39,0.13,0.343,0,0,1,2
0.39,0.13,0.346,0,0,1,2
0.39,0.13,0.349,0,0,1,2
0.39,0.13,0.352,0,0,1,2
0.39,0.13,0.355,0,0,1,2
0.39,0.13,0.358,0,0,1,2
0.39,0.13,0.361,0,0,1,2
0.39,0.13,0.364,0,0,1,2
0.39,0.13,0.367,0,0,1,2
0.39,0.13,0.37,0,0,1,2
0.39,0.13,0.373,0,0,1,2
0.39,0.13,0.376,0,0,1,2
0.39,0.13,0.379,0,0,1,2
0.39,0.13,0.382,0,0,1,2
0.39,0.13,0.385,0,0,1,2
0.39,0.13,0.388,0,0,1,2
0.39,0.13,0.391,0,0,1,2
0.39,0.13,0.394,0,0,1,2
0.39,0.13,0.397,0,0,1,2
0.39,0.13,0.4,0,0,1,2
0.39,0.13,0.403,0,0,1,2
0.39,0.13,0.406,0,0,1,2
0.39,0.13,0.409,0,0,1,2
0.39,0.13,0.412,0,0,1,2
0.39,0.13,0.415,0,0,1,2
0.39,0.13,0.418,0,0,1,2
0.39,0.13,0.420999,0,0,1,2
0.39,0.13,0.423999,0,0,1,2
0.39,0.13,0.426999,0,0,1,2
0.39,0.13,0.429999,0,0,1,2
0.39,0.13,0.432999,0,0,1,2
0.39,0.13,0.435999,0,0,1,2
0.39,0.13,0.438999,0,0,1,2
0.39,0.13,0.441999,0,0,1,2
0.39,0.13,0.444999,0,0,1,2
0.39,0.13,0.447999,0,0,1,2
0.39,0.13,0.450999,0,0,1,2
0.39,0.133,0.25,0,0,1,2
0.39,0.133,0.253,0,0,1,2
0.39,0.133,0.256,0,0,1,2
0.39,0.133,0.259,0,0,1,2
0.39,0.133,0.262,0,0,1,2
0.39,0.133,0.265,0,0,1,2
0.39,0.133,0.268,0,0,1,2
0.39,0.133,0.271,0,0,1,2
0.39,0.133,0.274,0,0,1,2
0.39,0.133,0.277,0,0,1,2
0.39,0.133,0.28,0,0,1,2
0.39,0.133,0.283,0,0,1,2
0.39,0.133,0.286,0,0,1,2
0.39,0.133,0.289,0,0,1,2
0.39,0.133,0.292,0,0,1,2
0.39,0.133,0.295,0,0,1,2
0.39,0.133,0.298,0,0,1,2
0.39,0.133,0.301,0,0,1,2
0.39,0.133,0.304,0,0,1,2
0.39,0.133,0.307,0,0,1,2
0.39,0.133,0.31,0,0,1,2
0.39,0.133,0.313,0,0,1,2
0.39,0.133,0.316,0,0,1,2
0.39,0.133,0.319,0,0,1,2
0.39,0.133,0.322,0,0,1,2
0.39,0.133,0.325,0,0,1,2
0.39,0.133,0.328,0,0,1,2
0.39,0.133,0.331,0,0,1,2
0.39,0.133,0.334,0,0,1,2
0.39,0.133,0.337,0,0,1,2
0.39,0.133,0.34,0,0,1,2
0.39,0.133,0.343,0,0,1,2
0.39,0.133,0.346,0,0,1,2
0.39,0.133,0.349,0,0,1,2
0.39,0.133,0.352,0,0,1,2
0.39,0.133,0.355,0,0,1,2
0.39,0.133,0.358,0,0,1,2
0.39,0.133,0.361,0,0,1,2
0.39,0.133,0.364,0,0,1,2
0.39,0.133,0.367,0,0,1,2
0.39,0.133,0.37,0,0,1,2
0.39,0.133,0.373,0,0,1,2
0.39,0.133,0.376,0,0,1,2
0.39,0.133,0.379,0,0,1,2
0.39,0.133,0.382,0,0,1,2
0.39,0.133,0.385,0,0,1,2
0.39,0.133,0.388,0,0,1,2
0.39,0.133,0.391,0,0,1,2
0.39,0.133,0.394,0,0,1,2
0.39,0.133,0.397,0,0,1,2
0.39,0.133,0.4,0,0,1,2
0.39,0.133,0.403,0,0,1,2
0.39,0.133,0.406,0,0,1,2
0.39,0.133,0.409,0,0,1,2
0.39,0.133,0.412,0,0,1,2
0.39,0.133,0.415,0,0,1,2
0.39,0.133,0.418,0,0,1,2
0.39,0.133,0.420999,0,0,1,2
0.39,0.133,0.423999,0,0,1,2
0.39,0.133,0.426999,0,0,1,2
0.39,0.133,0.429999,0,0,1,2
0.39,0.133,0.432999,0,0,1,2
0.39,0.133,0.435999,0,0,1,2
0.39,0.133,0.438999,0,0,1,2
0.39,0.133,0.441999,0,0,1,2
0.39,0.133,0.444999,0,0,1,2
0.39,0.133,0.447999,0,0,1,2
0.39,0.133,0.450999,0,0,1,2
0.39,0.136,0.25,0,0,1,2
0.39,0.136,0.253,0,0,1,2
0.39,0.136,0.256,0,0,1,2
0.39,0.136,0.259,0,0,1,2
0.39,0.136,0.262,0,0,1,2
0.39,0.136,0.265,0,0,1,2
0.39,0.136,0.268,0,0,1,2
0.39,0.136,0.271,0,0,1,2
0.39,0.136,0.274,0,0,1,2
0.39,0.136,0.277,0,0,1,2
0.39,0.136,0.28,0,0,1,2
0.39,0.136,0.283,0,0,1,2
0.39,0.136,0.286,0,0,1,2
0.39,0.136,0.289,0,0,1,2
0.39,0.136,0.292,0,0,1,2
0.39,0.136,0.295,0,0,1,2
0.39,0.136,0.298,0,0,1,2
0.39,0.136,0.301,0,0,1,2
0.39,0.136,0.304,0,0,1,2
0.39,0.136,0.307,0,0,1,2
0.39,0.136,0.31,0,0,1,2
0.39,0.136,0.313,0,0,1,2
0.39,0.136,0.316,0,0,1,2
0.39,0.136,0.319,0,0,1,2
0.39,0.136,0.322,0,0,1,2
0.39,0.136,0.325,0,0,1,2
0.39,0.136,0.328,0,0,1,2
0.39,0.136,0.331,0,0,1,2
0.39,0.136,0.334,0,0,1,2
0.39,0.136,0.337,0,0,1,2
0.39,0.136,0.34,0,0,1,2
0.39,0.136,0.343,0,0,1,2
0.39,0.136,0.346,0,0,1,2
0.39,0.136,0.349,0,0,1,2
0.39,0.136,0.352,0,0,1,2
0.39,0.136,0.355,0,0,1,2
0.39,0.136,0.358,0,0,1,2
0.39,0.136,0.361,0,0,1,2
0.39,0.136,0.364,0,0,1,2
0.39,0.136,0.367,0,0,1,2
0.39,0.136,0.37,0,0,1,2
0.39,0.136,0.373,0,0,1,2
0.39,0.136,0.376,0,0,1,2
0.39,0.136,0.379,0,0,1,2
0.39,0.136,0.382,0,0,1,2
0.39,0.136,0.385,0,0,1,2
0.39,0.136,0.388,0,0,1,2
0.39,0.136,0.391,0,0,1,2
0.39,0.136,0.394,0,0,1,2
0.39,0.136,0.397,0,0,1,2
0.39,0.136,0.4,0,0,1,2
0.39,0.136,0.403,0,0,1,2
0.39,0.136,0.406,0,0,1,2
0.39,0.136,0.409,0,0,1,2
0.39,0.136,0.412,0,0,1,2
0.39,0.136,0.415,0,0,1,2
0.39,0.136,0.418,0,0,1,2
0.39,0.136,0.420999,0,0,1,2
0.39,0.136,0.423999,0,0,1,2
0.39,0.136,0.426999,0,0,1,2
0.39,0.136,0.429999,0,0,1,2
0.39,0.136,0.432999,0,0,1,2
0.39,0.136,0.435999,0,0,1,2
0.39,0.136,0.438999,0,0,1,2
0.39,0.136,0.441999,0,0,1,2
0.39,0.136,0.444999,0,0,1,2
0.39,0.136,0.447999,0,0,1,2
0.39,0.136,0.450999,0,0,1,2
0.39,0.139,0.25,0,0,1,2
0.39,0.139,0.253,0,0,1,2
0.39,0.139,0.256,0,0,1,2
0.39,0.139,0.259,0,0,1,2
0.39,0.139,0.262,0,0,1,2
0.39,0.139,0.265,0,0,1,2
0.39,0.139,0.268,0,0,1,2
0.39,0.139,0.271,0,0,1,2
0.39,0.139,0.274,0,0,1,2
0.39,0.139,0.277,0,0,1,2
0.39,0.139,0.28,0,0,1,2
0.39,0.139,0.283,0,0,1,2
0.39,0.139,0.286,0,0,1,2
0.39,0.139,0.289,0,0,1,2
0.39,0.139,0.292,0,0,1,2
0.39,0.139,0.295,0,0,1,2
0.39,0.139,0.298,0,0,1,2
0.39,0.139,0.301,0,0,1,2
0.39,0.139,0.304,0,0,1,2
0.39,0.139,0.307,0,0,1,2
0.39,0.139,0.31,0,0,1,2
0.39,0.139,0.313,0,0,1,2
0.39,0.139,0.316,0,0,1,2
0.39,0.139,0.319,0,0,1,2
0.39,0.139,0.322,0,0,1,2
0.39,0.139,0.325,0,0,1,2
0.39,0.139,0.328,0,0,1,2
0.39,0.139,0.331,0,0,1,2
0.39,0.139,0.334,0,0,1,2
0.39,0.139,0.337,0,0,1,2
0.39,0.139,0.34,0,0,1,2
0.39,0.139,0.343,0,0,1,2
0.39,0.139,0.346,0,0,1,2
0.39,0.139,0.349,0,0,1,2
0.39,0.139,0.352,0,0,1,2
0.39,0.139,0.355,0,0,1,2
0.39,0.139,0.358,0,0,1,2
0.39,0.139,0.361,0,0,1,2
0.39,0.139,0.364,0,0,1,2
0.39,0.139,0.367,0,0,1,2
0.39,0.139,0.37,0,0,1,2
0.39,0.139,0.373,0,0,1,2
0.39,0.139,0.376,0,0,1,2
0.39,0.139,0.379,0,0,1,2
0.39,0.139,0.382,0,0,1,2
0.39,0.139,0.385,0,0,1,2
0.39,0.139,0.388,0,0,1,2
0.39,0.139,0.391,0,0,1,2
0.39,0.139,0.394,0,0,1,2
0.39,0.139,0.397,0,0,1,2
0.39,0.139,0.4,0,0,1,2
0.39,0.139,0.403,0,0,1,2
0.39,0.139,0.406,0,0,1,2
0.39,0.139,0.409,0,0,1,2
0.39,0.139,0.412,0,0,1,2
0.39,0.139,0.415,0,0,1,2
0.39,0.139,0.418,0,0,1,2
0.39,0.139,0.420999,0,0,1,2
0.39,0.139,0.423999,0,0,1,2
0.39,0.139,0.426999,0,0,1,2
0.39,0.139,0.429999,0,0,1,2
0.39,0.139,0.432999,0,0,1,2
0.39,0.139,0.435999,0,0,1,2
0.39,0.139,0.438999,0,0,1,2
0.39,0.139,0.441999,0,0,1,2
0.39,0.139,0.444999,0,0,1,2
0.39,0.139,0.447999,0,0,1,2
0.39,0.139,0.450999,0,0,1,2
0.39,0.142,0.25,0,0,1,2
0.39,0.142,0.253,0,0,1,2
0.39,0.142,0.256,0,0,1,2
0.39,0.142,0.259,0,0,1,2
0.39,0.142,0.262,0,0,1,2
0.39,0.142,0.265,0,0,1,2
0.39,0.142,0.268,0,0,1,2
0.39,0.142,0.271,0,0,1,2
0.39,0.142,0.274,0,0,1,2
0.39,0.142,0.277,0,0,1,2
0.39,0.142,0.28,0,0,1,2
0.39,0.142,0.283,0,0,1,2
0.39,0.142,0.286,0,0,1,2
0.39,0.142,0.289,0,0,1,2
0.39,0.142,0.292,0,0,1,2
0.39,0.142,0.295,0,0,1,2
0.39,0.142,0.298,0,0,1,2
0.39,0.142,0.301,0,0,1,2
0.39,0.142,0.304,0,0,1,2
0.39,0.142,0.307,0,0,1,2
0.39,0.142,0.31,0,0,1,2
0.39,0.142,0.313,0,0,1,2
0.39,0.142,0.316,0,0,1,2
0.39,0.142,0.319,0,0,1,2
0.39,0.142,0.322,0,0,1,2
0.39,0.142,0.325,0,0,1,2
0.39,0.142,0.328,0,0,1,2
0.39,0.142,0.331,0,0,1,2
0.39,0.142,0.334,0,0,1,2
0.39,0.142,0.337,0,0,1,2
0.39,0.142,0.34,0,0,1,2
0.39,0.142,0.343,0,0,1,2
0.39,0.142,0.346,0,0,1,2
0.39,0.142,0.349,0,0,1,2
0.39,0.142,0.352,0,0,1,2
0.39,0.142,0.355,0,0,1,2
0.39,0.142,0.358,0,0,1,2
0.39,0.142,0.361,0,0,1,2
0.39,0.142,0.364,0,0,1,2
0.39,0.142,0.367,0,0,1,2
0.39,0.142,0.37,0,0,1,2
0.39,0.142,0.373,0,0,1,2
0.39,0.142,0.376,0,0,1,2
0.39,0.142,0.379,0,0,1,2
0.39,0.142,0.382,0,0,1,2
0.39,0.142,0.385,0,0,1,2
0.39,0.142,0.388,0,0,1,2
0.39,0.142,0.391,0,0,1,2
0.39,0.142,0.394,0,0,1,2
0.39,0.142,0.397,0,0,1,2
0.39,0.142,0.4,0,0,1,2
0.39,0.142,0.403,0,0,1,2
0.39,0.142,0.406,0,0,1,2
0.39,0.142,0.409,0,0,1,2
0.39,0.142,0.412,0,0,1,2
0.39,0.142,0.415,0,0,1,2
0.39,0.142,0.418,0,0,1,2
0.39,0.142,0.420999,0,0,1,2
0.39,0.142,0.423999,0,0,1,2
0.39,0.142,0.426999,0,0,1,2
0.39,0.142,0.429999,0,0,1,2
0.39,0.142,0.432999,0,0,1,2
0.39,0.142,0.435999,0,0,1,2
0.39,0.142,0.438999,0,0,1,2
0.39,0.142,0.441999,0,0,1,2
0.39,0.142,0.444999,0,0,1,2
0.39,0.142,0.447999,0,0,1,2
0.39,0.142,0.450999,0,0,1,2
0.39,0.145,0.25,0,0,1,2
0.39,0.145,0.253,0,0,1,2
0.39,0.145,0.256,0,0,1,2
0.39,0.145,0.259,0,0,1,2
0.39,0.145,0.262,0,0,1,2
0.39,0.145,0.265,0,0,1,2
0.39,0.145,0.268,0,0,1,2
0.39,0.145,0.271,0,0,1,2
0.39,0.145,0.274,0,0,1,2
0.39,0.145,0.277,0,0,1,2
0.39,0.145,0.28,0,0,1,2
0.39,0.145,0.283,0,0,1,2
0.39,0.145,0.286,0,0,1,2
0.39,0.145,0.289,0,0,1,2
0.39,0.145,0.292,0,0,1,2
0.39,0.145,0.295,0,0,1,2
0.39,0.145,0.298,0,0,1,2
0.39,0.145,0.301,0,0,1,2
0.39,0.145,0.304,0,0,1,2
0.39,0.145,0.307,0,0,1,2
0.39,0.145,0.31,0,0,1,2
0.39,0.145,0.313,0,0,1,2
0.39,0.145,0.316,0,0,1,2
0.39,0.145,0.319,0,0,1,2
0.39,0.145,0.322,0,0,1,2
0.39,0.145,0.325,0,0,1,2
0.39,0.145,0.328,0,0,1,2
0.39,0.145,0.331,0,0,1,2
0.39,0.145,0.334,0,0,1,2
0.39,0.145,0.337,0,0,1,2
0.39,0.145,0.34,0,0,1,2
0.39,0.145,0.343,0,0,1,2
0.39,0.145,0.346,0,0,1,2
0.39,0.145,0.349,0,0,1,2
0.39,0.145,0.352,0,0,1,2
0.39,0.145,0.355,0,0,1,2
0.39,0.145,0.358,0,0,1,2
0.39,0.145,0.361,0,0,1,2
0.39,0.145,0.364,0,0,1,2
0.39,0.145,0.367,0,0,1,2
0.39,0.145,0.37,0,0,1,2
0.39,0.145,0.373,0,0,1,2
0.39,0.145,0.376,0,0,1,2
0.39,0.145,0.379,0,0,1,2
0.39,0.145,0.382,0,0,1,2
0.39,0.145,0.385,0,0,1,2
0.39,0.145,0.388,0,0,1,2
0.39,0.145,0.391,0,0,1,2
0.39,0.145,0.394,0,0,1,2
0.39,0.145,0.397,0,0,1,2
0.39,0.145,0.4,0,0,1,2
0.39,0.145,0.403,0,0,1,2
0.39,0.145,0.406,0,0,1,2
0.39,0.145,0.409,0,0,1,2
0.39,0.145,0.412,0,0,1,2
0.39,0.145,0.415,0,0,1,2
0.39,0.145,0.418,0,0,1,2
0.39,0.145,0.420999,0,0,1,2
0.39,0.145,0.423999,0,0,1,2
0.39,0.145,0.426999,0,0,1,2
0.39,0.145,0.429999,0,0,1,2
0.39,0.145,0.432999,0,0,1,2
0.39,0.145,0.435999,0,0,1,2
0.39,0.145,0.438999,0,0,1,2
0.39,0.145,0.441999,0,0,1,2
0.39,0.145,0.444999,0,0,1,2
0.39,0.145,0.447999,0,0,1,2
0.39,0.145,0.450999,0,0,1,2
0.39,0.148,0.25,0,0,1,2
0.39,0.148,0.253,0,0,1,2
0.39,0.148,0.256,0,0,1,2
0.39,0.148,0.259,0,0,1,2
0.39,0.148,0.262,0,0,1,2
0.39,0.148,0.265,0,0,1,2
0.39,0.148,0.268,0,0,1,2
0.39,0.148,0.271,0,0,1,2
0.39,0.148,0.274,0,0,1,2
0.39,0.148,0.277,0,0,1,2
0.39,0.148,0.28,0,0,1,2
0.39,0.148,0.283,0,0,1,2
0.39,0.148,0.286,0,0,1,2
0.39,0.148,0.289,0,0,1,2
0.39,0.148,0.292,0,0,1,2
0.39,0.148,0.295,0,0,1,2
0.39,0.148,0.298,0,0,1,2
0.39,0.148,0.301,0,0,1,2
0.39,0.148,0.304,0,0,1,2
0.39,0.148,0.307,0,0,1,2
0.39,0.148,0.31,0,0,1,2
0.39,0.148,0.313,0,0,1,2
0.39,0.148,0.316,0,0,1,2
0.39,0.148,0.319,0,0,1,2
0.39,0.148,0.322,0,0,1,2
0.39,0.148,0.325,0,0,1,2
0.39,0.148,0.328,0,0,1,2
0.39,0.148,0.331,0,0,1,2
0.39,0.148,0.334,0,0,1,2
0.39,0.148,0.337,0,0,1,2
0.39,0.148,0.34,0,0,1,2
0.39,0.148,0.343,0,0,1,2
0.39,0.148,0.346,0,0,1,2
0.39,0.148,0.349,0,0,1,2
0.39,0.148,0.352,0,0,1,2
0.39,0.148,0.355,0,0,1,2
0.39,0.148,0.358,0,0,1,2
0.39,0.148,0.361,0,0,1,2
0.39,0.148,0.364,0,0,1,2
0.39,0.148,0.367,0,0,1,2
0.39,0.148,0.37,0,0,1,2
0.39,0.148,0.373,0,0,1,2
0.39,0.148,0.376,0,0,1,2
0.39,0.148,0.379,0,0,1,2
0.39,0.148,0.382,0,0,1,2
0.39,0.148,0.385,0,0,1,2
0.39,0.148,0.388,0,0,1,2
0.39,0.148,0.391,0,0,1,2
0.39,0.148,0.394,0,0,1,2
0.39,0.148,0.397,0,0,1,2
0.39,0.148,0.4,0,0,1,2
0.39,0.148,0.403,0,0,1,2
0.39,0.148,0.406,0,0,1,2
0.39,0.148,0.409,0,0,1,2
0.39,0.148,0.412,0,0,1,2
0.39,0.148,0.415,0,0,1,2
0.39,0.148,0.418,0,0,1,2
0.39,0.148,0.420999,0,0,1,2
0.39,0.148,0.423999,0,0,1,2
0.39,0.148,0.426999,0,0,1,2
0.39,0.148,0.429999,0,0,1,2
0.39,0.148,0.432999,0,0,1,2
0.39,0.148,0.435999,0,0,1,2
0.39,0.148,0.438999,0,0,1,2
0.39,0.148,0.441999,0,0,1,2
0.39,0.148,0.444999,0,0,1,2
0.39,0.148,0.447999,0,0,1,2
0.39,0.148,0.450999,0,0,1,2
0.39,0.151,0.25,0,0,1,2
0.39,0.151,0.253,0,0,1,2
0.39,0.151,0.256,0,0,1,2
0.39,0.151,0.259,0,0,1,2
0.39,0.151,0.262,0,0,1,2
0.39,0.151,0.265,0,0,1,2
0.39,0.151,0.268,0,0,1,2
0.39,0.151,0.271,0,0,1,2
0.39,0.151,0.274,0,0,1,2
0.39,0.151,0.277,0,0,1,2
0.39,0.151,0.28,0,0,1,2
0.39,0.151,0.283,0,0,1,2
0.39,0.151,0.286,0,0,1,2
0.39,0.151,0.289,0,0,1,2
0.39,0.151,0.292,0,0,1,2
0.39,0.151,0.295,0,0,1,2
0.39,0.151,0.298,0,0,1,2
0.39,0.151,0.301,0,0,1,2
0.39,0.151,0.304,0,0,1,2
0.39,0.151,0.307,0,0,1,2
0.39,0.151,0.31,0,0,1,2
0.39,0.151,0.313,0,0,1,2
0.39,0.151,0.316,0,0,1,2
0.39,0.151,0.319,0,0,1,2
0.39,0.151,0.322,0,0,1,2
0.39,0.151,0.325,0,0,1,2
0.39,0.151,0.328,0,0,1,2
0.39,0.151,0.331,0,0,1,2
0.39,0.151,0.334,0,0,1,2
0.39,0.151,0.337,0,0,1,2
0.39,0.151,0.34,0,0,1,2
0.39,0.151,0.343,0,0,1,2
0.39,0.151,0.346,0,0,1,2
0.39,0.151,0.349,0,0,1,2
0.39,0.151,0.352,0,0,1,2
0.39,0.151,0.355,0,0,1,2
0.39,0.151,0.358,0,0,1,2
0.39,0.151,0.361,0,0,1,2
0.39,0.151,0.364,0,0,1,2
0.39,0.151,0.367,0,0,1,2
0.39,0.151,0.37,0,0,1,2
0.39,0.151,0.373,0,0,1,2
0.39,0.151,0.376,0,0,1,2
0.39,0.151,0.379,0,0,1,2
0.39,0.151,0.382,0,0,1,2
0.39,0.151,0.385,0,0,1,2
0.39,0.151,0.388,0,0,1,2
0.39,0.151,0.391,0,0,1,2
0.39,0.151,0.394,0,0,1,2
0.39,0.151,0.397,0,0,1,2
0.39,0.151,0.4,0,0,1,2
0.39,0.151,0.403,0,0,1,2
0.39,0.151,0.406,0,0,1,2
0.39,0.151,0.409,0,0,1,2
0.39,0.151,0.412,0,0,1,2
0.39,0.151,0.415,0,0,1,2
0.39,0.151,0.418,0,0,1,2
0.39,0.151,0.420999,0,0,1,2
0.39,0.151,0.423999,0,0,1,2
0.39,0.151,0.426999,0,0,1,2
0.39,0.151,0.429999,0,0,1,2
0.39,0.151,0.432999,0,0,1,2
0.39,0.151,0.435999,0,0,1,2
0.39,0.151,0.438999,0,0,1,2
0.39,0.151,0.441999,0,0,1,2
0.39,0.151,0.444999,0,0,1,2
0.39,0.151,0.447999,0,0,1,2
0.39,0.151,0.450999,0,0,1,2
0.39,0.154,0.25,0,0,1,2
0.39,0.154,0.253,0,0,1,2
0.39,0.154,0.256,0,0,1,2
0.39,0.154,0.259,0,0,1,2
0.39,0.154,0.262,0,0,1,2
0.39,0.154,0.265,0,0,1,2
0.39,0.154,0.268,0,0,1,2
0.39,0.154,0.271,0,0,1,2
0.39,0.154,0.274,0,0,1,2
0.39,0.154,0.277,0,0,1,2
0.39,0.154,0.28,0,0,1,2
0.39,0.154,0.283,0,0,1,2
0.39,0.154,0.286,0,0,1,2
0.39,0.154,0.289,0,0,1,2
0.39,0.154,0.292,0,0,1,2
0.39,0.154,0.295,0,0,1,2
0.39,0.154,0.298,0,0,1,2
0.39,0.154,0.301,0,0,1,2
0.39,0.154,0.304,0,0,1,2
0.39,0.154,0.307,0,0,1,2
0.39,0.154,0.31,0,0,1,2
0.39,0.154,0.313,0,0,1,2
0.39,0.154,0.316,0,0,1,2
0.39,0.154,0.319,0,0,1,2
0.39,0.154,0.322,0,0,1,2
0.39,0.154,0.325,0,0,1,2
0.39,0.154,0.328,0,0,1,2
0.39,0.154,0.331,0,0,1,2
0.39,0.154,0.334,0,0,1,2
0.39,0.154,0.337,0,0,1,2
0.39,0.154,0.34,0,0,1,2
0.39,0.154,0.343,0,0,1,2
0.39,0.154,0.346,0,0,1,2
0.39,0.154,0.349,0,0,1,2
0.39,0.154,0.352,0,0,1,2
0.39,0.154,0.355,0,0,1,2
0.39,0.154,0.358,0,0,1,2
0.39,0.154,0.361,0,0,1,2
0.39,0.154,0.364,0,0,1,2
0.39,0.154,0.367,0,0,1,2
0.39,0.154,0.37,0,0,1,2
0.39,0.154,0.373,0,0,1,2
0.39,0.154,0.376,0,0,1,2
0.39,0.154,0.379,0,0,1,2
0.39,0.154,0.382,0,0,1,2
0.39,0.154,0.385,0,0,1,2
0.39,0.154,0.388,0,0,1,2
0.39,0.154,0.391,0,0,1,2
0.39,0.154,0.394,0,0,1,2
0.39,0.154,0.397,0,0,1,2
0.39,0.154,0.4,0,0,1,2
0.39,0.154,0.403,0,0,1,2
0.39,0.154,0.406,0,0,1,2
0.39,0.154,0.409,0,0,1,2
0.39,0.154,0.412,0,0,1,2
0.39,0.154,0.415,0,0,1,2
0.39,0.154,0.418,0,0,1,2
0.39,0.154,0.420999,0,0,1,2
0.39,0.154,0.423999,0,0,1,2
0.39,0.154,0.426999,0,0,1,2
0.39,0.154,0.429999,0,0,1,2
0.39,0.154,0.432999,0,0,1,2
0.39,0.154,0.435999,0,0,1,2
0.39,0.154,0.438999,0,0,1,2
0.39,0.154,0.441999,0,0,1,2
0.39,0.154,0.444999,0,0,1,2
0.39,0.154,0.447999,0,0,1,2
0.39,0.154,0.450999,0,0,1,2
0.39,0.157,0.25,0,0,1,2
0.39,0.157,0.253,0,0,1,2
0.39,0.157,0.256,0,0,1,2
0.39,0.157,0.259,0,0,1,2
0.39,0.157,0.262,0,0,1,2
0.39,0.157,0.265,0,0,1,2
0.39,0.157,0.268,0,0,1,2
0.39,0.157,0.271,0,0,1,2
0.39,0.157,0.274,0,0,1,2
0.39,0.157,0.277,0,0,1,2
0.39,0.157,0.28,0,0,1,2
0.39,0.157,0.283,0,0,1,2
0.39,0.157,0.286,0,0,1,2
0.39,0.157,0.289,0,0,1,2
0.39,0.157,0.292,0,0,1,2
0.39,0.157,0.295,0,0,1,2
0.39,0.157,0.298,0,0,1,2
0.39,0.157,0.301,0,0,1,2
0.39,0.157,0.304,0,0,1,2
0.39,0.157,0.307,0,0,1,2
0.39,0.157,0.31,0,0,1,2
0.39,0.157,0.313,0,0,1,2
0.39,0.157,0.316,0,0,1,2
0.39,0.157,0.319,0,0,1,2
0.39,0.157,0.322,0,0,1,2
0.39,0.157,0.325,0,0,1,2
0.39,0.157,0.328,0,0,1,2
0.39,0.157,0.331,0,0,1,2
0.39,0.157,0.334,0,0,1,2
0.39,0.157,0.337,0,0,1,2
0.39,0.157,0.34,0,0,1,2
0.39,0.157,0.343,0,0,1,2
0.39,0.157,0.346,0,0,1,2
0.39,0.157,0.349,0,0,1,2
0.39,0.157,0.352,0,0,1,2
0.39,0.157,0.355,0,0,1,2
0.39,0.157,0.358,0,0,1,2
0.39,0.157,0.361,0,0,1,2
0.39,0.157,0.364,0,0,1,2
0.39,0.157,0.367,0,0,1,2
0.39,0.157,0.37,0,0,1,2
0.39,0.157,0.373,0,0,1,2
0.39,0.157,0.376,0,0,1,2
0.39,0.157,0.379,0,0,1,2
0.39,0.157,0.382,0,0,1,2
0.39,0.157,0.385,0,0,1,2
0.39,0.157,0.388,0,0,1,2
0.39,0.157,0.391,0,0,1,2
0.39,0.157,0.394,0,0,1,2
0.39,0.157,0.397,0,0,1,2
0.39,0.157,0.4,0,0,1,2
0.39,0.157,0.403,0,0,1,2
0.39,0.157,0.406,0,0,1,2
0.39,0.157,0.409,0,0,1,2
0.39,0.157,0.412,0,0,1,2
0.39,0.157,0.415,0,0,1,2
0.39,0.157,0.418,0,0,1,2
0.39,0.157,0.420999,0,0,1,2
0.39,0.157,0.423999,0,0,1,2
0.39,0.157,0.426999,0,0,1,2
0.39,0.157,0.429999,0,0,1,2
0.39,0.157,0.432999,0,0,1,2
0.39,0.157,0.435999,0,0,1,2
0.39,0.157,0.438999,0,0,1,2
0.39,0.157,0.441999,0,0,1,2
0.39,0.157,0.444999,0,0,1,2
0.39,0.157,0.447999,0,0,1,2
0.39,0.157,0.450999,0,0,1,2
0.39,0.16,0.25,0,0,1,2
0.39,0.16,0.253,0,0,1,2
0.39,0.16,0.256,0,0,1,2
0.39,0.16,0.259,0,0,1,2
0.39,0.16,0.262,0,0,1,2
0.39,0.16,0.265,0,0,1,2
0.39,0.16,0.268,0,0,1,2
0.39,0.16,0.271,0,0,1,2
0.39,0.16,0.274,0,0,1,2
0.39,0.16,0.277,0,0,1,2
0.39,0.16,0.28,0,0,1,2
0.39,0.16,0.283,0,0,1,2
0.39,0.16,0.286,0,0,1,2
0.39,0.16,0.289,0,0,1,2
0.39,0.16,0.292,0,0,1,2
0.39,0.16,0.295,0,0,1,2
0.39,0.16,0.298,0,0,1,2
0.39,0.16,0.301,0,0,1,2
0.39,0.16,0.304,0,0,1,2
0.39,0.16,0.307,0,0,1,2
0.39,0.16,0.31,0,0,1,2
0.39,0.16,0.313,0,0,1,2
0.39,0.16,0.316,0,0,1,2
0.39,0.16,0.319,0,0,1,2
0.39,0.16,0.322,0,0,1,2
0.39,0.16,0.325,0,0,1,2
0.39,0.16,0.328,0,0,1,2
0.39,0.16,0.331,0,0,1,2
0.39,0.16,0.334,0,0,1,2
0.39,0.16,0.337,0,0,1,2
0.39,0.16,0.34,0,0,1,2
0.39,0.16,0.343,0,0,1,2
0.39,0.16,0.346,0,0,1,2
0.39,0.16,0.349,0,0,1,2
0.39,0.16,0.352,0,0,1,2
0.39,0.16,0.355,0,0,1,2
0.39,0.16,0.358,0,0,1,2
0.39,0.16,0.361,0,0,1,2
0.39,0.16,0.364,0,0,1,2
0.39,0.16,0.367,0,0,1,2
0.39,0.16,0.37,0,0,1,2
0.39,0.16,0.373,0,0,1,2
0.39,0.16,0.376,0,0,1,2
0.39,0.16,0.379,0,0,1,2
0.39,0.16,0.382,0,0,1,2
0.39,0.16,0.385,0,0,1,2
0.39,0.16,0.388,0,0,1,2
0.39,0.16,0.391,0,0,1,2
0.39,0.16,0.394,0,0,1,2
0.39,0.16,0.397,0,0,1,2
0.39,0.16,0.4,0,0,1,2
0.39,0.16,0.403,0,0,1,2
0.39,0.16,0.406,0,0,1,2
0.39,0.16,0.409,0,0,1,2
0.39,0.16,0.412,0,0,1,2
0.39,0.16,0.415,0,0,1,2
0.39,0.16,0.418,0,0,1,2
0.39,0.16,0.420999,0,0,1,2
0.39,0.16,0.423999,0,0,1,2
0.39,0.16,0.426999,0,0,1,2
0.39,0.16,0.429999,0,0,1,2
0.39,0.16,0.432999,0,0,1,2
0.39,0.16,0.435999,0,0,1,2
0.39,0.16,0.438999,0,0,1,2
0.39,0.16,0.441999,0,0,1,2
0.39,0.16,0.444999,0,0,1,2
0.39,0.16,0.447999,0,0,1,2
0.39,0.16,0.450999,0,0,1,2
0.39,0.163,0.25,0,0,1,2
0.39,0.163,0.253,0,0,1,2
0.39,0.163,0.256,0,0,1,2
0.39,0.163,0.259,0,0,1,2
0.39,0.163,0.262,0,0,1,2
0.39,0.163,0.265,0,0,1,2
0.39,0.163,0.268,0,0,1,2
0.39,0.163,0.271,0,0,1,2
0.39,0.163,0.274,0,0,1,2
0.39,0.163,0.277,0,0,1,2
0.39,0.163,0.28,0,0,1,2
0.39,0.163,0.283,0,0,1,2
0.39,0.163,0.286,0,0,1,2
0.39,0.163,0.289,0,0,1,2
0.39,0.163,0.292,0,0,1,2
0.39,0.163,0.295,0,0,1,2
0.39,0.163,0.298,0,0,1,2
0.39,0.163,0.301,0,0,1,2
0.39,0.163,0.304,0,0,1,2
0.39,0.163,0.307,0,0,1,2
0.39,0.163,0.31,0,0,1,2
0.39,0.163,0.313,0,0,1,2
0.39,0.163,0.316,0,0,1,2
0.39,0.163,0.319,0,0,1,2
0.39,0.163,0.322,0,0,1,2
0.39,0.163,0.325,0,0,1,2
0.39,0.163,0.328,0,0,1,2
0.39,0.163,0.331,0,0,1,2
0.39,0.163,0.334,0,0,1,2
0.39,0.163,0.337,0,0,1,2
0.39,0.163,0.34,0,0,1,2
0.39,0.163,0.343,0,0,1,2
0.39,0.163,0.346,0,0,1,2
0.39,0.163,0.349,0,0,1,2
0.39,0.163,0.352,0,0,1,2
0.39,0.163,0.355,0,0,1,2
0.39,0.163,0.358,0,0,1,2
0.39,0.163,0.361,0,0,1,2
0.39,0.163,0.364,0,0,1,2
0.39,0.163,0.367,0,0,1,2
0.39,0.163,0.37,0,0,1,2
0.39,0.163,0.373,0,0,1,2
0.39,0.163,0.376,0,0,1,2
0.39,0.163,0.379,0,0,1,2
0.39,0.163,0.382,0,0,1,2
0.39,0.163,0.385,0,0,1,2
0.39,0.163,0.388,0,0,1,2
0.39,0.163,0.391,0,0,1,2
0.39,0.163,0.394,0,0,1,2
0.39,0.163,0.397,0,0,1,2
0.39,0.163,0.4,0,0,1,2
0.39,0.163,0.403,0,0,1,2
0.39,0.163,0.406,0,0,1,2
0.39,0.163,0.409,0,0,1,2
0.39,0.163,0.412,0,0,1,2
0.39,0.163,0.415,0,0,1,2
0.39,0.163,0.418,0,0,1,2
0.39,0.163,0.420999,0,0,1,2
0.39,0.163,0.423999,0,0,1,2
0.39,0.163,0.426999,0,0,1,2
0.39,0.163,0.429999,0,0,1,2
0.39,0.163,0.432999,0,0,1,2
0.39,0.163,0.435999,0,0,1,2
0.39,0.163,0.438999,0,0,1,2
0.39,0.163,0.441999,0,0,1,2
0.39,0.163,0.444999,0,0,1,2
0.39,0.163,0.447999,0,0,1,2
0.39,0.163,0.450999,0,0,1,2
0.39,0.166,0.25,0,0,1,2
0.39,0.166,0.253,0,0,1,2
0.39,0.166,0.256,0,0,1,2
0.39,0.166,0.259,0,0,1,2
0.39,0.166,0.262,0,0,1,2
0.39,0.166,0.265,0,0,1,2
0.39,0.166,0.268,0,0,1,2
0.39,0.166,0.271,0,0,1,2
0.39,0.166,0.274,0,0,1,2
0.39,0.166,0.277,0,0,1,2
0.39,0.166,0.28,0,0,1,2
0.39,0.166,0.283,0,0,1,2
0.39,0.166,0.286,0,0,1,2
0.39,0.166,0.289,0,0,1,2
0.39,0.166,0.292,0,0,1,2
0.39,0.166,0.295,0,0,1,2
0.39,0.166,0.298,0,0,1,2
0.39,0.166,0.301,0,0,1,2
0.39,0.166,0.304,0,0,1,2
0.39,0.166,0.307,0,0,1,2
0.39,0.166,0.31,0,0,1,2
0.39,0.166,0.313,0,0,1,2
0.39,0.166,0.316,0,0,1,2
0.39,0.166,0.319,0,0,1,2
0.39,0.166,0.322,0,0,1,2
0.39,0.166,0.325,0,0,1,2
0.39,0.166,0.328,0,0,1,2
0.39,0.166,0.331,0,0,1,2
0.39,0.166,0.334,0,0,1,2
0.39,0.166,0.337,0,0,1,2
0.39,0.166,0.34,0,0,1,2
0.39,0.166,0.343,0,0,1,2
0.39,0.166,0.346,0,0,1,2
0.39,0.166,0.349,0,0,1,2
0.39,0.166,0.352,0,0,1,2
0.39,0.166,0.355,0,0,1,2
0.39,0.166,0.358,0,0,1,2
0.39,0.166,0.361,0,0,1,2
0.39,0.166,0.364,0,0,1,2
0.39,0.166,0.367,0,0,1,2
0.39,0.166,0.37,0,0,1,2
0.39,0.166,0.373,0,0,1,2
0.39,0.166,0.376,0,0,1,2
0.39,0.166,0.379,0,0,1,2
0.39,0.166,0.382,0,0,1,2
0.39,0.166,0.385,0,0,1,2
0.39,0.166,0.388,0,0,1,2
0.39,0.166,0.391,0,0,1,2
0.39,0.166,0.394,0,0,1,2
0.39,0.166,0.397,0,0,1,2
0.39,0.166,0.4,0,0,1,2
0.39,0.166,0.403,0,0,1,2
0.39,0.166,0.406,0,0,1,2
0.39,0.166,0.409,0,0,1,2
0.39,0.166,0.412,0,0,1,2
0.39,0.166,0.415,0,0,1,2
0.39,0.166,0.418,0,0,1,2
0.39,0.166,0.420999,0,0,1,2
0.39,0.166,0.423999,0,0,1,2
0.39,0.166,0.426999,0,0,1,2
0.39,0.166,0.429999,0,0,1,2
0.39,0.166,0.432999,0,0,1,2
0.39,0.166,0.435999,0,0,1,2
0.39,0.166,0.438999,0,0,1,2
0.39,0.166,0.441999,0,0,1,2
0.39,0.166,0.444999,0,0,1,2
0.39,0.166,0.447999,0,0,1,2
0.39,0.166,0.450999,0,0,1,2
0.39,0.169,0.25,0,0,1,2
0.39,0.169,0.253,0,0,1,2
0.39,0.169,0.256,0,0,1,2
0.39,0.169,0.259,0,0,1,2
0.39,0.169,0.262,0,0,1,2
0.39,0.169,0.265,0,0,1,2
0.39,0.169,0.268,0,0,1,2
0.39,0.169,0.271,0,0,1,2
0.39,0.169,0.274,0,0,1,2
0.39,0.169,0.277,0,0,1,2
0.39,0.169,0.28,0,0,1,2
0.39,0.169,0.283,0,0,1,2
0.39,0.169,0.286,0,0,1,2
0.39,0.169,0.289,0,0,1,2
0.39,0.169,0.292,0,0,1,2
0.39,0.169,0.295,0,0,1,2
0.39,0.169,0.298,0,0,1,2
0.39,0.169,0.301,0,0,1,2
0.39,0.169,0.304,0,0,1,2
0.39,0.169,0.307,0,0,1,2
0.39,0.169,0.31,0,0,1,2
0.39,0.169,0.313,0,0,1,2
0.39,0.169,0.316,0,0,1,2
0.39,0.169,0.319,0,0,1,2
0.39,0.169,0.322,0,0,1,2
0.39,0.169,0.325,0,0,1,2
0.39,0.169,0.328,0,0,1,2
0.39,0.169,0.331,0,0,1,2
0.39,0.169,0.334,0,0,1,2
0.39,0.169,0.337,0,0,1,2
0.39,0.169,0.34,0,0,1,2
0.39,0.169,0.343,0,0,1,2
0.39,0.169,0.346,0,0,1,2
0.39,0.169,0.349,0,0,1,2
0.39,0.169,0.352,0,0,1,2
0.39,0.169,0.355,0,0,1,2
0.39,0.169,0.358,0,0,1,2
0.39,0.169,0.361,0,0,1,2
0.39,0.169,0.364,0,0,1,2
0.39,0.169,0.367,0,0,1,2
0.39,0.169,0.37,0,0,1,2
0.39,0.169,0.373,0,0,1,2
0.39,0.169,0.376,0,0,1,2
0.39,0.169,0.379,0,0,1,2
0.39,0.169,0.382,0,0,1,2
0.39,0.169,0.385,0,0,1,2
0.39,0.169,0.388,0,0,1,2
0.39,0.169,0.391,0,0,1,2
0.39,0.169,0.394,0,0,1,2
0.39,0.169,0.397,0,0,1,2
0.39,0.169,0.4,0,0,1,2
0.39,0.169,0.403,0,0,1,2
0.39,0.169,0.406,0,0,1,2
0.39,0.169,0.409,0,0,1,2
0.39,0.169,0.412,0,0,1,2
0.39,0.169,0.415,0,0,1,2
0.39,0.169,0.418,0,0,1,2
0.39,0.169,0.420999,0,0,1,2
0.39,0.169,0.423999,0,0,1,2
0.39,0.169,0.426999,0,0,1,2
0.39,0.169,0.429999,0,0,1,2
0.39,0.169,0.432999,0,0,1,2
0.39,0.169,0.435999,0,0,1,2
0.39,0.169,0.438999,0,0,1,2
0.39,0.169,0.441999,0,0,1,2
0.39,0.169,0.444999,0,0,1,2
0.39,0.169,0.447999,0,0,1,2
0.39,0.169,0.450999,0,0,1,2
0.39,0.172,0.25,0,0,1,2
0.39,0.172,0.253,0,0,1,2
0.39,0.172,0.256,0,0,1,2
0.39,0.172,0.259,0,0,1,2
0.39,0.172,0.262,0,0,1,2
0.39,0.172,0.265,0,0,1,2
0.39,0.172,0.268,0,0,1,2
0.39,0.172,0.271,0,0,1,2
0.39,0.172,0.274,0,0,1,2
0.39,0.172,0.277,0,0,1,2
0.39,0.172,0.28,0,0,1,2
0.39,0.172,0.283,0,0,1,2
0.39,0.172,0.286,0,0,1,2
0.39,0.172,0.289,0,0,1,2
0.39,0.172,0.292,0,0,1,2
0.39,0.172,0.295,0,0,1,2
0.39,0.172,0.298,0,0,1,2
0.39,0.172,0.301,0,0,1,2
0.39,0.172,0.304,0,0,1,2
0.39,0.172,0.307,0,0,1,2
0.39,0.172,0.31,0,0,1,2
0.39,0.172,0.313,0,0,1,2
0.39,0.172,0.316,0,0,1,2
0.39,0.172,0.319,0,0,1,2
0.39,0.172,0.322,0,0,1,2
0.39,0.172,0.325,0,0,1,2
0.39,0.172,0.328,0,0,1,2
0.39,0.172,0.331,0,0,1,2
0.39,0.172,0.334,0,0,1,2
0.39,0.172,0.337,0,0,1,2
0.39,0.172,0.34,0,0,1,2
0.39,0.172,0.343,0,0,1,2
0.39,0.172,0.346,0,0,1,2
0.39,0.172,0.349,0,0,1,2
0.39,0.172,0.352,0,0,1,2
0.39,0.172,0.355,0,0,1,2
0.39,0.172,0.358,0,0,1,2
0.39,0.172,0.361,0,0,1,2
0.39,0.172,0.364,0,0,1,2
0.39,0.172,0.367,0,0,1,2
0.39,0.172,0.37,0,0,1,2
0.39,0.172,0.373,0,0,1,2
0.39,0.172,0.376,0,0,1,2
0.39,0.172,0.379,0,0,1,2
0.39,0.172,0.382,0,0,1,2
0.39,0.172,0.385,0,0,1,2
0.39,0.172,0.388,0,0,1,2
0.39,0.172,0.391,0,0,1,2
0.39,0.172,0.394,0,0,1,2
0.39,0.172,0.397,0,0,1,2
0.39,0.172,0.4,0,0,1,2
0.39,0.172,0.403,0,0,1,2
0.39,0.172,0.406,0,0,1,2
0.39,0.172,0.409,0,0,1,2
0.39,0.172,0.412,0,0,1,2
0.39,0.172,0.415,0,0,1,2
0.39,0.172,0.418,0,0,1,2
0.39,0.172,0.420999,0,0,1,2
0.39,0.172,0.423999,0,0,1,2
0.39,0.172,0.426999,0,0,1,2
0.39,0.172,0.429999,0,0,1,2
0.39,0.172,0.432999,0,0,1,2
0.39,0.172,0.435999,0,0,1,2
0.39,0.172,0.438999,0,0,1,2
0.39,0.172,0.441999,0,0,1,2
0.39,0.172,0.444999,0,0,1,2
0.39,0.172,0.447999,0,0,1,2
0.39,0.172,0.450999,0,0,1,2
0.39,0.175,0.25,0,0,1,2
0.39,0.175,0.253,0,0,1,2
0.39,0.175,0.256,0,0,1,2
0.39,0.175,0.259,0,0,1,2
0.39,0.175,0.262,0,0,1,2
0.39,0.175,0.265,0,0,1,2
0.39,0.175,0.268,0,0,1,2
0.39,0.175,0.271,0,0,1,2
0.39,0.175,0.274,0,0,1,2
0.39,0.175,0.277,0,0,1,2
0.39,0.175,0.28,0,0,1,2
0.39,0.175,0.283,0,0,1,2
0.39,0.175,0.286,0,0,1,2
0.39,0.175,0.289,0,0,1,2
0.39,0.175,0.292,0,0,1,2
0.39,0.175,0.295,0,0,1,2
0.39,0.175,0.298,0,0,1,2
0.39,0.175,0.301,0,0,1,2
0.39,0.175,0.304,0,0,1,2
0.39,0.175,0.307,0,0,1,2
0.39,0.175,0.31,0,0,1,2
0.39,0.175,0.313,0,0,1,2
0.39,0.175,0.316,0,0,1,2
0.39,0.175,0.319,0,0,1,2
0.39,0.175,0.322,0,0,1,2
0.39,0.175,0.325,0,0,1,2
0.39,0.175,0.328,0,0,1,2
0.39,0.175,0.331,0,0,1,2
0.39,0.175,0.334,0,0,1,2
0.39,0.175,0.337,0,0,1,2
0.39,0.175,0.34,0,0,1,2
0.39,0.175,0.343,0,0,1,2
0.39,0.175,0.346,0,0,1,2
0.39,0.175,0.349,0,0,1,2
0.39,0.175,0.352,0,0,1,2
0.39,0.175,0.355,0,0,1,2
0.39,0.175,0.358,0,0,1,2
0.39,0.175,0.361,0,0,1,2
0.39,0.175,0.364,0,0,1,2
0.39,0.175,0.367,0,0,1,2
0.39,0.175,0.37,0,0,1,2
0.39,0.175,0.373,0,0,1,2
0.39,0.175,0.376,0,0,1,2
0.39,0.175,0.379,0,0,1,2
0.39,0.175,0.382,0,0,1,2
0.39,0.175,0.385,0,0,1,2
0.39,0.175,0.388,0,0,1,2
0.39,0.175,0.391,0,0,1,2
0.39,0.175,0.394,0,0,1,2
0.39,0.175,0.397,0,0,1,2
0.39,0.175,0.4,0,0,1,2
0.39,0.175,0.403,0,0,1,2
0.39,0.175,0.406,0,0,1,2
0.39,0.175,0.409,0,0,1,2
0.39,0.175,0.412,0,0,1,2
0.39,0.175,0.415,0,0,1,2
0.39,0.175,0.418,0,0,1,2
0.39,0.175,0.420999,0,0,1,2
0.39,0.175,0.423999,0,0,1,2
0.39,0.175,0.426999,0,0,1,2
0.39,0.175,0.429999,0,0,1,2
0.39,0.175,0.432999,0,0,1,2
0.39,0.175,0.435999,0,0,1,2
0.39,0.175,0.438999,0,0,1,2
0.39,0.175,0.441999,0,0,1,2
0.39,0.175,0.444999,0,0,1,2
0.39,0.175,0.447999,0,0,1,2
0.39,0.175,0.450999,0,0,1,2
0.39,0.178,0.25,0,0,1,2
0.39,0.178,0.253,0,0,1,2
0.39,0.178,0.256,0,0,1,2
0.39,0.178,0.259,0,0,1,2
0.39,0.178,0.262,0,0,1,2
0.39,0.178,0.265,0,0,1,2
0.39,0.178,0.268,0,0,1,2
0.39,0.178,0.271,0,0,1,2
0.39,0.178,0.274,0,0,1,2
0.39,0.178,0.277,0,0,1,2
0.39,0.178,0.28,0,0,1,2
0.39,0.178,0.283,0,0,1,2
0.39,0.178,0.286,0,0,1,2
0.39,0.178,0.289,0,0,1,2
0.39,0.178,0.292,0,0,1,2
0.39,0.178,0.295,0,0,1,2
0.39,0.178,0.298,0,0,1,2
0.39,0.178,0.301,0,0,1,2
0.39,0.178,0.304,0,0,1,2
0.39,0.178,0.307,0,0,1,2
0.39,0.178,0.31,0,0,1,2
0.39,0.178,0.313,0,0,1,2
0.39,0.178,0.316,0,0,1,2
0.39,0.178,0.319,0,0,1,2
0.39,0.178,0.322,0,0,1,2
0.39,0.178,0.325,0,0,1,2
0.39,0.178,0.328,0,0,1,2
0.39,0.178,0.331,0,0,1,2
0.39,0.178,0.334,0,0,1,2
0.39,0.178,0.337,0,0,1,2
0.39,0.178,0.34,0,0,1,2
0.39,0.178,0.343,0,0,1,2
0.39,0.178,0.346,0,0,1,2
0.39,0.178,0.349,0,0,1,2
0.39,0.178,0.352,0,0,1,2
0.39,0.178,0.355,0,0,1,2
0.39,0.178,0.358,0,0,1,2
0.39,0.178,0.361,0,0,1,2
0.39,0.178,0.364,0,0,1,2
0.39,0.178,0.367,0,0,1,2
0.39,0.178,0.37,0,0,1,2
0.39,0.178,0.373,0,0,1,2
0.39,0.178,0.376,0,0,1,2
0.39,0.178,0.379,0,0,1,2
0.39,0.178,0.382,0,0,1,2
0.39,0.178,0.385,0,0,1,2
0.39,0.178,0.388,0,0,1,2
0.39,0.178,0.391,0,0,1,2
0.39,0.178,0.394,0,0,1,2
0.39,0.178,0.397,0,0,1,2
0.39,0.178,0.4,0,0,1,2
0.39,0.178,0.403,0,0,1,2
0.39,0.178,0.406,0,0,1,2
0.39,0.178,0.409,0,0,1,2
0.39,0.178,0.412,0,0,1,2
0.39,0.178,0.415,0,0,1,2
0.39,0.178,0.418,0,0,1,2
0.39,0.178,0.420999,0,0,1,2
0.39,0.178,0.423999,0,0,1,2
0.39,0.178,0.426999,0,0,1,2
0.39,0.178,0.429999,0,0,1,2
0.39,0.178,0.432999,0,0,1,2
0.39,0.178,0.435999,0,0,1,2
0.39,0.178,0.438999,0,0,1,2
0.39,0.178,0.441999,0,0,1,2
0.39,0.178,0.444999,0,0,1,2
0.39,0.178,0.447999,0,0,1,2
0.39,0.178,0.450999,0,0,1,2
0.39,0.181,0.25,0,0,1,2
0.39,0.181,0.253,0,0,1,2
0.39,0.181,0.256,0,0,1,2
0.39,0.181,0.259,0,0,1,2
0.39,0.181,0.262,0,0,1,2
0.39,0.181,0.265,0,0,1,2
0.39,0.181,0.268,0,0,1,2
0.39,0.181,0.271,0,0,1,2
0.39,0.181,0.274,0,0,1,2
0.39,0.181,0.277,0,0,1,2
0.39,0.181,0.28,0,0,1,2
0.39,0.181,0.283,0,0,1,2
0.39,0.181,0.286,0,0,1,2
0.39,0.181,0.289,0,0,1,2
0.39,0.181,0.292,0,0,1,2
0.39,0.181,0.295,0,0,1,2
0.39,0.181,0.298,0,0,1,2
0.39,0.181,0.301,0,0,1,2
0.39,0.181,0.304,0,0,1,2
0.39,0.181,0.307,0,0,1,2
0.39,0.181,0.31,0,0,1,2
0.39,0.181,0.313,0,0,1,2
0.39,0.181,0.316,0,0,1,2
0.39,0.181,0.319,0,0,1,2
0.39,0.181,0.322,0,0,1,2
0.39,0.181,0.325,0,0,1,2
0.39,0.181,0.328,0,0,1,2
0.39,0.181,0.331,0,0,1,2
0.39,0.181,0.334,0,0,1,2
0.39,0.181,0.337,0,0,1,2
0.39,0.181,0.34,0,0,1,2
0.39,0.181,0.343,0,0,1,2
0.39,0.181,0.346,0,0,1,2
0.39,0.181,0.349,0,0,1,2
0.39,0.181,0.352,0,0,1,2
0.39,0.181,0.355,0,0,1,2
0.39,0.181,0.358,0,0,1,2
0.39,0.181,0.361,0,0,1,2
0.39,0.181,0.364,0,0,1,2
0.39,0.181,0.367,0,0,1,2
0.39,0.181,0.37,0,0,1,2
0.39,0.181,0.373,0,0,1,2
0.39,0.181,0.376,0,0,1,2
0.39,0.181,0.379,0,0,1,2
0.39,0.181,0.382,0,0,1,2
0.39,0.181,0.385,0,0,1,2
0.39,0.181,0.388,0,0,1,2
0.39,0.181,0.391,0,0,1,2
0.39,0.181,0.394,0,0,1,2
0.39,0.181,0.397,0,0,1,2
0.39,0.181,0.4,0,0,1,2
0.39,0.181,0.403,0,0,1,2
0.39,0.181,0.406,0,0,1,2
0.39,0.181,0.409,0,0,1,2
0.39,0.181,0.412,0,0,1,2
0.39,0.181,0.415,0,0,1,2
0.39,0.181,0.418,0,0,1,2
0.39,0.181,0.420999,0,0,1,2
0.39,0.181,0.423999,0,0,1,2
0.39,0.181,0.426999,0,0,1,2
0.39,0.181,0.429999,0,0,1,2
0.39,0.181,0.432999,0,0,1,2
0.39,0.181,0.435999,0,0,1,2
0.39,0.181,0.438999,0,0,1,2
0.39,0.181,0.441999,0,0,1,2
0.39,0.181,0.444999,0,0,1,2
0.39,0.181,0.447999,0,0,1,2
0.39,0.181,0.450999,0,0,1,2
0.39,0.184,0.25,0,0,1,2
0.39,0.184,0.253,0,0,1,2
0.39,0.184,0.256,0,0,1,2
0.39,0.184,0.259,0,0,1,2
0.39,0.184,0.262,0,0,1,2
0.39,0.184,0.265,0,0,1,2
0.39,0.184,0.268,0,0,1,2
0.39,0.184,0.271,0,0,1,2
0.39,0.184,0.274,0,0,1,2
0.39,0.184,0.277,0,0,1,2
0.39,0.184,0.28,0,0,1,2
0.39,0.184,0.283,0,0,1,2
0.39,0.184,0.286,0,0,1,2
0.39,0.184,0.289,0,0,1,2
0.39,0.184,0.292,0,0,1,2
0.39,0.184,0.295,0,0,1,2
0.39,0.184,0.298,0,0,1,2
0.39,0.184,0.301,0,0,1,2
0.39,0.184,0.304,0,0,1,2
0.39,0.184,0.307,0,0,1,2
0.39,0.184,0.31,0,0,1,2
0.39,0.184,0.313,0,0,1,2
0.39,0.184,0.316,0,0,1,2
0.39,0.184,0.319,0,0,1,2
0.39,0.184,0.322,0,0,1,2
0.39,0.184,0.325,0,0,1,2
0.39,0.184,0.328,0,0,1,2
0.39,0.184,0.331,0,0,1,2
0.39,0.184,0.334,0,0,1,2
0.39,0.184,0.337,0,0,1,2
0.39,0.184,0.34,0,0,1,2
0.39,0.184,0.343,0,0,1,2
0.39,0.184,0.346,0,0,1,2
0.39,0.184,0.349,0,0,1,2
0.39,0.184,0.352,0,0,1,2
0.39,0.184,0.355,0,0,1,2
0.39,0.184,0.358,0,0,1,2
0.39,0.184,0.361,0,0,1,2
0.39,0.184,0.364,0,0,1,2
0.39,0.184,0.367,0,0,1,2
0.39,0.184,0.37,0,0,1,2
0.39,0.184,0.373,0,0,1,2
0.39,0.184,0.376,0,0,1,2
0.39,0.184,0.379,0,0,1,2
0.39,0.184,0.382,0,0,1,2
0.39,0.184,0.385,0,0,1,2
0.39,0.184,0.388,0,0,1,2
0.39,0.184,0.391,0,0,1,2
0.39,0.184,0.394,0,0,1,2
0.39,0.184,0.397,0,0,1,2
0.39,0.184,0.4,0,0,1,2
0.39,0.184,0.403,0,0,1,2
0.39,0.184,0.406,0,0,1,2
0.39,0.184,0.409,0,0,1,2
0.39,0.184,0.412,0,0,1,2
0.39,0.184,0.415,0,0,1,2
0.39,0.184,0.418,0,0,1,2
0.39,0.184,0.420999,0,0,1,2
0.39,0.184,0.423999,0,0,1,2
0.39,0.184,0.426999,0,0,1,2
0.39,0.184,0.429999,0,0,1,2
0.39,0.184,0.432999,0,0,1,2
0.39,0.184,0.435999,0,0,1,2
0.39,0.184,0.438999,0,0,1,2
0.39,0.184,0.441999,0,0,1,2
0.39,0.184,0.444999,0,0,1,2
0.39,0.184,0.447999,0,0,1,2
0.39,0.184,0.450999,0,0,1,2
0.39,0.187,0.25,0,0,1,2
0.39,0.187,0.253,0,0,1,2
0.39,0.187,0.256,0,0,1,2
0.39,0.187,0.259,0,0,1,2
0.39,0.187,0.262,0,0,1,2
0.39,0.187,0.265,0,0,1,2
0.39,0.187,0.268,0,0,1,2
0.39,0.187,0.271,0,0,1,2
0.39,0.187,0.274,0,0,1,2
0.39,0.187,0.277,0,0,1,2
0.39,0.187,0.28,0,0,1,2
0.39,0.187,0.283,0,0,1,2
0.39,0.187,0.286,0,0,1,2
0.39,0.187,0.289,0,0,1,2
0.39,0.187,0.292,0,0,1,2
0.39,0.187,0.295,0,0,1,2
0.39,0.187,0.298,0,0,1,2
0.39,0.187,0.301,0,0,1,2
0.39,0.187,0.304,0,0,1,2
0.39,0.187,0.307,0,0,1,2
0.39,0.187,0.31,0,0,1,2
0.39,0.187,0.313,0,0,1,2
0.39,0.187,0.316,0,0,1,2
0.39,0.187,0.319,0,0,1,2
0.39,0.187,0.322,0,0,1,2
0.39,0.187,0.325,0,0,1,2
0.39,0.187,0.328,0,0,1,2
0.39,0.187,0.331,0,0,1,2
0.39,0.187,0.334,0,0,1,2
0.39,0.187,0.337,0,0,1,2
0.39,0.187,0.34,0,0,1,2
0.39,0.187,0.343,0,0,1,2
0.39,0.187,0.346,0,0,1,2
0.39,0.187,0.349,0,0,1,2
0.39,0.187,0.352,0,0,1,2
0.39,0.187,0.355,0,0,1,2
0.39,0.187,0.358,0,0,1,2
0.39,0.187,0.361,0,0,1,2
0.39,0.187,0.364,0,0,1,2
0.39,0.187,0.367,0,0,1,2
0.39,0.187,0.37,0,0,1,2
0.39,0.187,0.373,0,0,1,2
0.39,0.187,0.376,0,0,1,2
0.39,0.187,0.379,0,0,1,2
0.39,0.187,0.382,0,0,1,2
0.39,0.187,0.385,0,0,1,2
0.39,0.187,0.388,0,0,1,2
0.39,0.187,0.391,0,0,1,2
0.39,0.187,0.394,0,0,1,2
0.39,0.187,0.397,0,0,1,2
0.39,0.187,0.4,0,0,1,2
0.39,0.187,0.403,0,0,1,2
0.39,0.187,0.406,0,0,1,2
0.39,0.187,0.409,0,0,1,2
0.39,0.187,0.412,0,0,1,2
0.39,0.187,0.415,0,0,1,2
0.39,0.187,0.418,0,0,1,2
0.39,0.187,0.420999,0,0,1,2
0.39,0.187,0.423999,0,0,1,2
0.39,0.187,0.426999,0,0,1,2
0.39,0.187,0.429999,0,0,1,2
0.39,0.187,0.432999,0,0,1,2
0.39,0.187,0.435999,0,0,1,2
0.39,0.187,0.438999,0,0,1,2
0.39,0.187,0.441999,0,0,1,2
0.39,0.187,0.444999,0,0,1,2
0.39,0.187,0.447999,0,0,1,2
0.39,0.187,0.450999,0,0,1,2
0.39,0.19,0.25,0,0,1,2
0.39,0.19,0.253,0,0,1,2
0.39,0.19,0.256,0,0,1,2
0.39,0.19,0.259,0,0,1,2
0.39,0.19,0.262,0,0,1,2
0.39,0.19,0.265,0,0,1,2
0.39,0.19,0.268,0,0,1,2
0.39,0.19,0.271,0,0,1,2
0.39,0.19,0.274,0,0,1,2
0.39,0.19,0.277,0,0,1,2
0.39,0.19,0.28,0,0,1,2
0.39,0.19,0.283,0,0,1,2
0.39,0.19,0.286,0,0,1,2
0.39,0.19,0.289,0,0,1,2
0.39,0.19,0.292,0,0,1,2
0.39,0.19,0.295,0,0,1,2
0.39,0.19,0.298,0,0,1,2
0.39,0.19,0.301,0,0,1,2
0.39,0.19,0.304,0,0,1,2
0.39,0.19,0.307,0,0,1,2
0.39,0.19,0.31,0,0,1,2
0.39,0.19,0.313,0,0,1,2
0.39,0.19,0.316,0,0,1,2
0.39,0.19,0.319,0,0,1,2
0.39,0.19,0.322,0,0,1,2
0.39,0.19,0.325,0,0,1,2
0.39,0.19,0.328,0,0,1,2
0.39,0.19,0.331,0,0,1,2
0.39,0.19,0.334,0,0,1,2
0.39,0.19,0.337,0,0,1,2
0.39,0.19,0.34,0,0,1,2
0.39,0.19,0.343,0,0,1,2
0.39,0.19,0.346,0,0,1,2
0.39,0.19,0.349,0,0,1,2
0.39,0.19,0.352,0,0,1,2
0.39,0.19,0.355,0,0,1,2
0.39,0.19,0.358,0,0,1,2
0.39,0.19,0.361,0,0,1,2
0.39,0.19,0.364,0,0,1,2
0.39,0.19,0.367,0,0,1,2
0.39,0.19,0.37,0,0,1,2
0.39,0.19,0.373,0,0,1,2
0.39,0.19,0.376,0,0,1,2
0.39,0.19,0.379,0,0,1,2
0.39,0.19,0.382,0,0,1,2
0.39,0.19,0.385,0,0,1,2
0.39,0.19,0.388,0,0,1,2
0.39,0.19,0.391,0,0,1,2
0.39,0.19,0.394,0,0,1,2
0.39,0.19,0.397,0,0,1,2
0.39,0.19,0.4,0,0,1,2
0.39,0.19,0.403,0,0,1,2
0.39,0.19,0.406,0,0,1,2
0.39,0.19,0.409,0,0,1,2
0.39,0.19,0.412,0,0,1,2
0.39,0.19,0.415,0,0,1,2
0.39,0.19,0.418,0,0,1,2
0.39,0.19,0.420999,0,0,1,2
0.39,0.19,0.423999,0,0,1,2
0.39,0.19,0.426999,0,0,1,2
0.39,0.19,0.429999,0,0,1,2
0.39,0.19,0.432999,0,0,1,2
0.39,0.19,0.435999,0,0,1,2
0.39,0.19,0.438999,0,0,1,2
0.39,0.19,0.441999,0,0,1,2
0.39,0.19,0.444999,0,0,1,2
0.39,0.19,0.447999,0,0,1,2
0.39,0.19,0.450999,0,0,1,2
0.39,0.193,0.25,0,0,1,2
0.39,0.193,0.253,0,0,1,2
0.39,0.193,0.256,0,0,1,2
0.39,0.193,0.259,0,0,1,2
0.39,0.193,0.262,0,0,1,2
0.39,0.193,0.265,0,0,1,2
0.39,0.193,0.268,0,0,1,2
0.39,0.193,0.271,0,0,1,2
0.39,0.193,0.274,0,0,1,2
0.39,0.193,0.277,0,0,1,2
0.39,0.193,0.28,0,0,1,2
0.39,0.193,0.283,0,0,1,2
0.39,0.193,0.286,0,0,1,2
0.39,0.193,0.289,0,0,1,2
0.39,0.193,0.292,0,0,1,2
0.39,0.193,0.295,0,0,1,2
0.39,0.193,0.298,0,0,1,2
0.39,0.193,0.301,0,0,1,2
0.39,0.193,0.304,0,0,1,2
0.39,0.193,0.307,0,0,1,2
0.39,0.193,0.31,0,0,1,2
0.39,0.193,0.313,0,0,1,2
0.39,0.193,0.316,0,0,1,2
0.39,0.193,0.319,0,0,1,2
0.39,0.193,0.322,0,0,1,2
0.39,0.193,0.325,0,0,1,2
0.39,0.193,0.328,0,0,1,2
0.39,0.193,0.331,0,0,1,2
0.39,0.193,0.334,0,0,1,2
0.39,0.193,0.337,0,0,1,2
0.39,0.193,0.34,0,0,1,2
0.39,0.193,0.343,0,0,1,2
0.39,0.193,0.346,0,0,1,2
0.39,0.193,0.349,0,0,1,2
0.39,0.193,0.352,0,0,1,2
0.39,0.193,0.355,0,0,1,2
0.39,0.193,0.358,0,0,1,2
0.39,0.193,0.361,0,0,1,2
0.39,0.193,0.364,0,0,1,2
0.39,0.193,0.367,0,0,1,2
0.39,0.193,0.37,0,0,1,2
0.39,0.193,0.373,0,0,1,2
0.39,0.193,0.376,0,0,1,2
0.39,0.193,0.379,0,0,1,2
0.39,0.193,0.382,0,0,1,2
0.39,0.193,0.385,0,0,1,2
0.39,0.193,0.388,0,0,1,2
0.39,0.193,0.391,0,0,1,2
0.39,0.193,0.394,0,0,1,2
0.39,0.193,0.397,0,0,1,2
0.39,0.193,0.4,0,0,1,2
0.39,0.193,0.403,0,0,1,2
0.39,0.193,0.406,0,0,1,2
0.39,0.193,0.409,0,0,1,2
0.39,0.193,0.412,0,0,1,2
0.39,0.193,0.415,0,0,1,2
0.39,0.193,0.418,0,0,1,2
0.39,0.193,0.420999,0,0,1,2
0.39,0.193,0.423999,0,0,1,2
0.39,0.193,0.426999,0,0,1,2
0.39,0.193,0.429999,0,0,1,2
0.39,0.193,0.432999,0,0,1,2
0.39,0.193,0.435999,0,0,1,2
0.39,0.193,0.438999,0,0,1,2
0.39,0.193,0.441999,0,0,1,2
0.39,0.193,0.444999,0,0,1,2
0.39,0.193,0.447999,0,0,1,2
0.39,0.193,0.450999,0,0,1,2
0.39,0.196,0.25,0,0,1,2
0.39,0.196,0.253,0,0,1,2
0.39,0.196,0.256,0,0,1,2
0.39,0.196,0.259,0,0,1,2
0.39,0.196,0.262,0,0,1,2
0.39,0.196,0.265,0,0,1,2
0.39,0.196,0.268,0,0,1,2
0.39,0.196,0.271,0,0,1,2
0.39,0.196,0.274,0,0,1,2
0.39,0.196,0.277,0,0,1,2
0.39,0.196,0.28,0,0,1,2
0.39,0.196,0.283,0,0,1,2
0.39,0.196,0.286,0,0,1,2
0.39,0.196,0.289,0,0,1,2
0.39,0.196,0.292,0,0,1,2
0.39,0.196,0.295,0,0,1,2
0.39,0.196,0.298,0,0,1,2
0.39,0.196,0.301,0,0,1,2
0.39,0.196,0.304,0,0,1,2
0.39,0.196,0.307,0,0,1,2
0.39,0.196,0.31,0,0,1,2
0.39,0.196,0.313,0,0,1,2
0.39,0.196,0.316,0,0,1,2
0.39,0.196,0.319,0,0,1,2
0.39,0.196,0.322,0,0,1,2
0.39,0.196,0.325,0,0,1,2
0.39,0.196,0.328,0,0,1,2
0.39,0.196,0.331,0,0,1,2
0.39,0.196,0.334,0,0,1,2
0.39,0.196,0.337,0,0,1,2
0.39,0.196,0.34,0,0,1,2
0.39,0.196,0.343,0,0,1,2
0.39,0.196,0.346,0,0,1,2
0.39,0.196,0.349,0,0,1,2
0.39,0.196,0.352,0,0,1,2
0.39,0.196,0.355,0,0,1,2
0.39,0.196,0.358,0,0,1,2
0.39,0.196,0.361,0,0,1,2
0.39,0.196,0.364,0,0,1,2
0.39,0.196,0.367,0,0,1,2
0.39,0.196,0.37,0,0,1,2
0.39,0.196,0.373,0,0,1,2
0.39,0.196,0.376,0,0,1,2
0.39,0.196,0.379,0,0,1,2
0.39,0.196,0.382,0,0,1,2
0.39,0.196,0.385,0,0,1,2
0.39,0.196,0.388,0,0,1,2
0.39,0.196,0.391,0,0,1,2
0.39,0.196,0.394,0,0,1,2
0.39,0.196,0.397,0,0,1,2
0.39,0.196,0.4,0,0,1,2
0.39,0.196,0.403,0,0,1,2
0.39,0.196,0.406,0,0,1,2
0.39,0.196,0.409,0,0,1,2
0.39,0.196,0.412,0,0,1,2
0.39,0.196,0.415,0,0,1,2
0.39,0.196,0.418,0,0,1,2
0.39,0.196,0.420999,0,0,1,2
0.39,0.196,0.423999,0,0,1,2
0.39,0.196,0.426999,0,0,1,2
0.39,0.196,0.429999,0,0,1,2
0.39,0.196,0.432999,0,0,1,2
0.39,0.196,0.435999,0,0,1,2
0.39,0.196,0.438999,0,0,1,2
0.39,0.196,0.441999,0,0,1,2
0.39,0.196,0.444999,0,0,1,2
0.39,0.196,0.447999,0,0,1,2
0.39,0.196,0.450999,0,0,1,2
0.39,0.199,0.25,0,0,1,2
0.39,0.199,0.253,0,0,1,2
0.39,0.199,0.256,0,0,1,2
0.39,0.199,0.259,0,0,1,2
0.39,0.199,0.262,0,0,1,2
0.39,0.199,0.265,0,0,1,2
0.39,0.199,0.268,0,0,1,2
0.39,0.199,0.271,0,0,1,2
0.39,0.199,0.274,0,0,1,2
0.39,0.199,0.277,0,0,1,2
0.39,0.199,0.28,0,0,1,2
0.39,0.199,0.283,0,0,1,2
0.39,0.199,0.286,0,0,1,2
0.39,0.199,0.289,0,0,1,2
0.39,0.199,0.292,0,0,1,2
0.39,0.199,0.295,0,0,1,2
0.39,0.199,0.298,0,0,1,2
0.39,0.199,0.301,0,0,1,2
0.39,0.199,0.304,0,0,1,2
0.39,0.199,0.307,0,0,1,2
0.39,0.199,0.31,0,0,1,2
0.39,0.199,0.313,0,0,1,2
0.39,0.199,0.316,0,0,1,2
0.39,0.199,0.319,0,0,1,2
0.39,0.199,0.322,0,0,1,2
0.39,0.199,0.325,0,0,1,2
0.39,0.199,0.328,0,0,1,2
0.39,0.199,0.331,0,0,1,2
0.39,0.199,0.334,0,0,1,2
0.39,0.199,0.337,0,0,1,2
0.39,0.199,0.34,0,0,1,2
0.39,0.199,0.343,0,0,1,2
0.39,0.199,0.346,0,0,1,2
0.39,0.199,0.349,0,0,1,2
0.39,0.199,0.352,0,0,1,2
0.39,0.199,0.355,0,0,1,2
0.39,0.199,0.358,0,0,1,2
0.39,0.199,0.361,0,0,1,2
0.39,0.199,0.364,0,0,1,2
0.39,0.199,0.367,0,0,1,2
0.39,0.199,0.37,0,0,1,2
0.39,0.199,0.373,0,0,1,2
0.39,0.199,0.376,0,0,1,2
0.39,0.199,0.379,0,0,1,2
0.39,0.199,0.382,0,0,1,2
0.39,0.199,0.385,0,0,1,2
0.39,0.199,0.388,0,0,1,2
0.39,0.199,0.391,0,0,1,2
0.39,0.199,0.394,0,0,1,2
0.39,0.199,0.397,0,0,1,2
0.39,0.199,0.4,0,0,1,2
0.39,0.199,0.403,0,0,1,2
0.39,0.199,0.406,0,0,1,2
0.39,0.199,0.409,0,0,1,2
0.39,0.199,0.412,0,0,1,2
0.39,0.199,0.415,0,0,1,2
0.39,0.199,0.418,0,0,1,2
0.39,0.199,0.420999,0,0,1,2
0.39,0.199,0.423999,0,0,1,2
0.39,0.199,0.426999,0,0,1,2
0.39,0.199,0.429999,0,0,1,2
0.39,0.199,0.432999,0,0,1,2
0.39,0.199,0.435999,0,0,1,2
0.39,0.199,0.438999,0,0,1,2
0.39,0.199,0.441999,0,0,1,2
0.39,0.199,0.444999,0,0,1,2
0.39,0.199,0.447999,0,0,1,2
0.39,0.199,0.450999,0,0,1,2
0.39,0.202,0.25,0,0,1,2
0.39,0.202,0.253,0,0,1,2
0.39,0.202,0.256,0,0,1,2
0.39,0.202,0.259,0,0,1,2
0.39,0.202,0.262,0,0,1,2
0.39,0.202,0.265,0,0,1,2
0.39,0.202,0.268,0,0,1,2
0.39,0.202,0.271,0,0,1,2
0.39,0.202,0.274,0,0,1,2
0.39,0.202,0.277,0,0,1,2
0.39,0.202,0.28,0,0,1,2
0.39,0.202,0.283,0,0,1,2
0.39,0.202,0.286,0,0,1,2
0.39,0.202,0.289,0,0,1,2
0.39,0.202,0.292,0,0,1,2
0.39,0.202,0.295,0,0,1,2
0.39,0.202,0.298,0,0,1,2
0.39,0.202,0.301,0,0,1,2
0.39,0.202,0.304,0,0,1,2
0.39,0.202,0.307,0,0,1,2
0.39,0.202,0.31,0,0,1,2
0.39,0.202,0.313,0,0,1,2
0.39,0.202,0.316,0,0,1,2
0.39,0.202,0.319,0,0,1,2
0.39,0.202,0.322,0,0,1,2
0.39,0.202,0.325,0,0,1,2
0.39,0.202,0.328,0,0,1,2
0.39,0.202,0.331,0,0,1,2
0.39,0.202,0.334,0,0,1,2
0.39,0.202,0.337,0,0,1,2
0.39,0.202,0.34,0,0,1,2
0.39,0.202,0.343,0,0,1,2
0.39,0.202,0.346,0,0,1,2
0.39,0.202,0.349,0,0,1,2
0.39,0.202,0.352,0,0,1,2
0.39,0.202,0.355,0,0,1,2
0.39,0.202,0.358,0,0,1,2
0.39,0.202,0.361,0,0,1,2
0.39,0.202,0.364,0,0,1,2
0.39,0.202,0.367,0,0,1,2
0.39,0.202,0.37,0,0,1,2
0.39,0.202,0.373,0,0,1,2
0.39,0.202,0.376,0,0,1,2
0.39,0.202,0.379,0,0,1,2
0.39,0.202,0.382,0,0,1,2
0.39,0.202,0.385,0,0,1,2
0.39,0.202,0.388,0,0,1,2
0.39,0.202,0.391,0,0,1,2
0.39,0.202,0.394,0,0,1,2
0.39,0.202,0.397,0,0,1,2
0.39,0.202,0.4,0,0,1,2
0.39,0.202,0.403,0,0,1,2
0.39,0.202,0.406,0,0,1,2
0.39,0.202,0.409,0,0,1,2
0.39,0.202,0.412,0,0,1,2
0.39,0.202,0.415,0,0,1,2
0.39,0.202,0.418,0,0,1,2
0.39,0.202,0.420999,0,0,1,2
0.39,0.202,0.423999,0,0,1,2
0.39,0.202,0.426999,0,0,1,2
0.39,0.202,0.429999,0,0,1,2
0.39,0.202,0.432999,0,0,1,2
0.39,0.202,0.435999,0,0,1,2
0.39,0.202,0.438999,0,0,1,2
0.39,0.202,0.441999,0,0,1,2
0.39,0.202,0.444999,0,0,1,2
0.39,0.202,0.447999,0,0,1,2
0.39,0.202,0.450999,0,0,1,2
0.39,0.205,0.25,0,0,1,2
0.39,0.205,0.253,0,0,1,2
0.39,0.205,0.256,0,0,1,2
0.39,0.205,0.259,0,0,1,2
0.39,0.205,0.262,0,0,1,2
0.39,0.205,0.265,0,0,1,2
0.39,0.205,0.268,0,0,1,2
0.39,0.205,0.271,0,0,1,2
0.39,0.205,0.274,0,0,1,2
0.39,0.205,0.277,0,0,1,2
0.39,0.205,0.28,0,0,1,2
0.39,0.205,0.283,0,0,1,2
0.39,0.205,0.286,0,0,1,2
0.39,0.205,0.289,0,0,1,2
0.39,0.205,0.292,0,0,1,2
0.39,0.205,0.295,0,0,1,2
0.39,0.205,0.298,0,0,1,2
0.39,0.205,0.301,0,0,1,2
0.39,0.205,0.304,0,0,1,2
0.39,0.205,0.307,0,0,1,2
0.39,0.205,0.31,0,0,1,2
0.39,0.205,0.313,0,0,1,2
0.39,0.205,0.316,0,0,1,2
0.39,0.205,0.319,0,0,1,2
0.39,0.205,0.322,0,0,1,2
0.39,0.205,0.325,0,0,1,2
0.39,0.205,0.328,0,0,1,2
0.39,0.205,0.331,0,0,1,2
0.39,0.205,0.334,0,0,1,2
0.39,0.205,0.337,0,0,1,2
0.39,0.205,0.34,0,0,1,2
0.39,0.205,0.343,0,0,1,2
0.39,0.205,0.346,0,0,1,2
0.39,0.205,0.349,0,0,1,2
0.39,0.205,0.352,0,0,1,2
0.39,0.205,0.355,0,0,1,2
0.39,0.205,0.358,0,0,1,2
0.39,0.205,0.361,0,0,1,2
0.39,0.205,0.364,0,0,1,2
0.39,0.205,0.367,0,0,1,2
0.39,0.205,0.37,0,0,1,2
0.39,0.205,0.373,0,0,1,2
0.39,0.205,0.376,0,0,1,2
0.39,0.205,0.379,0,0,1,2
0.39,0.205,0.382,0,0,1,2
0.39,0.205,0.385,0,0,1,2
0.39,0.205,0.388,0,0,1,2
0.39,0.205,0.391,0,0,1,2
0.39,0.205,0.394,0,0,1,2
0.39,0.205,0.397,0,0,1,2
0.39,0.205,0.4,0,0,1,2
0.39,0.205,0.403,0,0,1,2
0.39,0.205,0.406,0,0,1,2
0.39,0.205,0.409,0,0,1,2
0.39,0.205,0.412,0,0,1,2
0.39,0.205,0.415,0,0,1,2
0.39,0.205,0.418,0,0,1,2
0.39,0.205,0.420999,0,0,1,2
0.39,0.205,0.423999,0,0,1,2
0.39,0.205,0.426999,0,0,1,2
0.39,0.205,0.429999,0,0,1,2
0.39,0.205,0.432999,0,0,1,2
0.39,0.205,0.435999,0,0,1,2
0.39,0.205,0.438999,0,0,1,2
0.39,0.205,0.441999,0,0,1,2
0.39,0.205,0.444999,0,0,1,2
0.39,0.205,0.447999,0,0,1,2
0.39,0.205,0.450999,0,0,1,2
0.39,0.208,0.25,0,0,1,2
0.39,0.208,0.253,0,0,1,2
0.39,0.208,0.256,0,0,1,2
0.39,0.208,0.259,0,0,1,2
0.39,0.208,0.262,0,0,1,2
0.39,0.208,0.265,0,0,1,2
0.39,0.208,0.268,0,0,1,2
0.39,0.208,0.271,0,0,1,2
0.39,0.208,0.274,0,0,1,2
0.39,0.208,0.277,0,0,1,2
0.39,0.208,0.28,0,0,1,2
0.39,0.208,0.283,0,0,1,2
0.39,0.208,0.286,0,0,1,2
0.39,0.208,0.289,0,0,1,2
0.39,0.208,0.292,0,0,1,2
0.39,0.208,0.295,0,0,1,2
0.39,0.208,0.298,0,0,1,2
0.39,0.208,0.301,0,0,1,2
0.39,0.208,0.304,0,0,1,2
0.39,0.208,0.307,0,0,1,2
0.39,0.208,0.31,0,0,1,2
0.39,0.208,0.313,0,0,1,2
0.39,0.208,0.316,0,0,1,2
0.39,0.208,0.319,0,0,1,2
0.39,0.208,0.322,0,0,1,2
0.39,0.208,0.325,0,0,1,2
0.39,0.208,0.328,0,0,1,2
0.39,0.208,0.331,0,0,1,2
0.39,0.208,0.334,0,0,1,2
0.39,0.208,0.337,0,0,1,2
0.39,0.208,0.34,0,0,1,2
0.39,0.208,0.343,0,0,1,2
0.39,0.208,0.346,0,0,1,2
0.39,0.208,0.349,0,0,1,2
0.39,0.208,0.352,0,0,1,2
0.39,0.208,0.355,0,0,1,2
0.39,0.208,0.358,0,0,1,2
0.39,0.208,0.361,0,0,1,2
0.39,0.208,0.364,0,0,1,2
0.39,0.208,0.367,0,0,1,2
0.39,0.208,0.37,0,0,1,2
0.39,0.208,0.373,0,0,1,2
0.39,0.208,0.376,0,0,1,2
0.39,0.208,0.379,0,0,1,2
0.39,0.208,0.382,0,0,1,2
0.39,0.208,0.385,0,0,1,2
0.39,0.208,0.388,0,0,1,2
0.39,0.208,0.391,0,0,1,2
0.39,0.208,0.394,0,0,1,2
0.39,0.208,0.397,0,0,1,2
0.39,0.208,0.4,0,0,1,2
0.39,0.208,0.403,0,0,1,2
0.39,0.208,0.406,0,0,1,2
0.39,0.208,0.409,0,0,1,2
0.39,0.208,0.412,0,0,1,2
0.39,0.208,0.415,0,0,1,2
0.39,0.208,0.418,0,0,1,2
0.39,0.208,0.420999,0,0,1,2
0.39,0.208,0.423999,0,0,1,2
0.39,0.208,0.426999,0,0,1,2
0.39,0.208,0.429999,0,0,1,2
0.39,0.208,0.432999,0,0,1,2
0.39,0.208,0.435999,0,0,1,2
0.39,0.208,0.438999,0,0,1,2
0.39,0.208,0.441999,0,0,1,2
0.39,0.208,0.444999,0,0,1,2
0.39,0.208,0.447999,0,0,1,2
0.39,0.208,0.450999,0,0,1,2
0.39,0.211,0.25,0,0,1,2
0.39,0.211,0.253,0,0,1,2
0.39,0.211,0.256,0,0,1,2
0.39,0.211,0.259,0,0,1,2
0.39,0.211,0.262,0,0,1,2
0.39,0.211,0.265,0,0,1,2
0.39,0.211,0.268,0,0,1,2
0.39,0.211,0.271,0,0,1,2
0.39,0.211,0.274,0,0,1,2
0.39,0.211,0.277,0,0,1,2
0.39,0.211,0.28,0,0,1,2
0.39,0.211,0.283,0,0,1,2
0.39,0.211,0.286,0,0,1,2
0.39,0.211,0.289,0,0,1,2
0.39,0.211,0.292,0,0,1,2
0.39,0.211,0.295,0,0,1,2
0.39,0.211,0.298,0,0,1,2
0.39,0.211,0.301,0,0,1,2
0.39,0.211,0.304,0,0,1,2
0.39,0.211,0.307,0,0,1,2
0.39,0.211,0.31,0,0,1,2
0.39,0.211,0.313,0,0,1,2
0.39,0.211,0.316,0,0,1,2
0.39,0.211,0.319,0,0,1,2
0.39,0.211,0.322,0,0,1,2
0.39,0.211,0.325,0,0,1,2
0.39,0.211,0.328,0,0,1,2
0.39,0.211,0.331,0,0,1,2
0.39,0.211,0.334,0,0,1,2
0.39,0.211,0.337,0,0,1,2
0.39,0.211,0.34,0,0,1,2
0.39,0.211,0.343,0,0,1,2
0.39,0.211,0.346,0,0,1,2
0.39,0.211,0.349,0,0,1,2
0.39,0.211,0.352,0,0,1,2
0.39,0.211,0.355,0,0,1,2
0.39,0.211,0.358,0,0,1,2
0.39,0.211,0.361,0,0,1,2
0.39,0.211,0.364,0,0,1,2
0.39,0.211,0.367,0,0,1,2
0.39,0.211,0.37,0,0,1,2
0.39,0.211,0.373,0,0,1,2
0.39,0.211,0.376,0,0,1,2
0.39,0.211,0.379,0,0,1,2
0.39,0.211,0.382,0,0,1,2
0.39,0.211,0.385,0,0,1,2
0.39,0.211,0.388,0,0,1,2
0.39,0.211,0.391,0,0,1,2
0.39,0.211,0.394,0,0,1,2
0.39,0.211,0.397,0,0,1,2
0.39,0.211,0.4,0,0,1,2
0.39,0.211,0.403,0,0,1,2
0.39,0.211,0.406,0,0,1,2
0.39,0.211,0.409,0,0,1,2
0.39,0.211,0.412,0,0,1,2
0.39,0.211,0.415,0,0,1,2
0.39,0.211,0.418,0,0,1,2
0.39,0.211,0.420999,0,0,1,2
0.39,0.211,0.423999,0,0,1,2
0.39,0.211,0.426999,0,0,1,2
0.39,0.211,0.429999,0,0,1,2
0.39,0.211,0.432999,0,0,1,2
0.39,0.211,0.435999,0,0,1,2
0.39,0.211,0.438999,0,0,1,2
0.39,0.211,0.441999,0,0,1,2
0.39,0.211,0.444999,0,0,1,2
0.39,0.211,0.447999,0,0,1,2
0.39,0.211,0.450999,0,0,1,2
0.39,0.214,0.25,0,0,1,2
0.39,0.214,0.253,0,0,1,2
0.39,0.214,0.256,0,0,1,2
0.39,0.214,0.259,0,0,1,2
0.39,0.214,0.262,0,0,1,2
0.39,0.214,0.265,0,0,1,2
0.39,0.214,0.268,0,0,1,2
0.39,0.214,0.271,0,0,1,2
0.39,0.214,0.274,0,0,1,2
0.39,0.214,0.277,0,0,1,2
0.39,0.214,0.28,0,0,1,2
0.39,0.214,0.283,0,0,1,2
0.39,0.214,0.286,0,0,1,2
0.39,0.214,0.289,0,0,1,2
0.39,0.214,0.292,0,0,1,2
0.39,0.214,0.295,0,0,1,2
0.39,0.214,0.298,0,0,1,2
0.39,0.214,0.301,0,0,1,2
0.39,0.214,0.304,0,0,1,2
0.39,0.214,0.307,0,0,1,2
0.39,0.214,0.31,0,0,1,2
0.39,0.214,0.313,0,0,1,2
0.39,0.214,0.316,0,0,1,2
0.39,0.214,0.319,0,0,1,2
0.39,0.214,0.322,0,0,1,2
0.39,0.214,0.325,0,0,1,2
0.39,0.214,0.328,0,0,1,2
0.39,0.214,0.331,0,0,1,2
0.39,0.214,0.334,0,0,1,2
0.39,0.214,0.337,0,0,1,2
0.39,0.214,0.34,0,0,1,2
0.39,0.214,0.343,0,0,1,2
0.39,0.214,0.346,0,0,1,2
0.39,0.214,0.349,0,0,1,2
0.39,0.214,0.352,0,0,1,2
0.39,0.214,0.355,0,0,1,2
0.39,0.214,0.358,0,0,1,2
0.39,0.214,0.361,0,0,1,2
0.39,0.214,0.364,0,0,1,2
0.39,0.214,0.367,0,0,1,2
0.39,0.214,0.37,0,0,1,2
0.39,0.214,0.373,0,0,1,2
0.39,0.214,0.376,0,0,1,2
0.39,0.214,0.379,0,0,1,2
0.39,0.214,0.382,0,0,1,2
0.39,0.214,0.385,0,0,1,2
0.39,0.214,0.388,0,0,1,2
0.39,0.214,0.391,0,0,1,2
0.39,0.214,0.394,0,0,1,2
0.39,0.214,0.397,0,0,1,2
0.39,0.214,0.4,0,0,1,2
0.39,0.214,0.403,0,0,1,2
0.39,0.214,0.406,0,0,1,2
0.39,0.214,0.409,0,0,1,2
0.39,0.214,0.412,0,0,1,2
0.39,0.214,0.415,0,0,1,2
0.39,0.214,0.418,0,0,1,2
0.39,0.214,0.420999,0,0,1,2
0.39,0.214,0.423999,0,0,1,2
0.39,0.214,0.426999,0,0,1,2
0.39,0.214,0.429999,0,0,1,2
0.39,0.214,0.432999,0,0,1,2
0.39,0.214,0.435999,0,0,1,2
0.39,0.214,0.438999,0,0,1,2
0.39,0.214,0.441999,0,0,1,2
0.39,0.214,0.444999,0,0,1,2
0.39,0.214,0.447999,0,0,1,2
0.39,0.214,0.450999,0,0,1,2
0.39,0.217,0.25,0,0,1,2
0.39,0.217,0.253,0,0,1,2
0.39,0.217,0.256,0,0,1,2
0.39,0.217,0.259,0,0,1,2
0.39,0.217,0.262,0,0,1,2
0.39,0.217,0.265,0,0,1,2
0.39,0.217,0.268,0,0,1,2
0.39,0.217,0.271,0,0,1,2
0.39,0.217,0.274,0,0,1,2
0.39,0.217,0.277,0,0,1,2
0.39,0.217,0.28,0,0,1,2
0.39,0.217,0.283,0,0,1,2
0.39,0.217,0.286,0,0,1,2
0.39,0.217,0.289,0,0,1,2
0.39,0.217,0.292,0,0,1,2
0.39,0.217,0.295,0,0,1,2
0.39,0.217,0.298,0,0,1,2
0.39,0.217,0.301,0,0,1,2
0.39,0.217,0.304,0,0,1,2
0.39,0.217,0.307,0,0,1,2
0.39,0.217,0.31,0,0,1,2
0.39,0.217,0.313,0,0,1,2
0.39,0.217,0.316,0,0,1,2
0.39,0.217,0.319,0,0,1,2
0.39,0.217,0.322,0,0,1,2
0.39,0.217,0.325,0,0,1,2
0.39,0.217,0.328,0,0,1,2
0.39,0.217,0.331,0,0,1,2
0.39,0.217,0.334,0,0,1,2
0.39,0.217,0.337,0,0,1,2
0.39,0.217,0.34,0,0,1,2
0.39,0.217,0.343,0,0,1,2
0.39,0.217,0.346,0,0,1,2
0.39,0.217,0.349,0,0,1,2
0.39,0.217,0.352,0,0,1,2
0.39,0.217,0.355,0,0,1,2
0.39,0.217,0.358,0,0,1,2
0.39,0.217,0.361,0,0,1,2
0.39,0.217,0.364,0,0,1,2
0.39,0.217,0.367,0,0,1,2
0.39,0.217,0.37,0,0,1,2
0.39,0.217,0.373,0,0,1,2
0.39,0.217,0.376,0,0,1,2
0.39,0.217,0.379,0,0,1,2
0.39,0.217,0.382,0,0,1,2
0.39,0.217,0.385,0,0,1,2
0.39,0.217,0.388,0,0,1,2
0.39,0.217,0.391,0,0,1,2
0.39,0.217,0.394,0,0,1,2
0.39,0.217,0.397,0,0,1,2
0.39,0.217,0.4,0,0,1,2
0.39,0.217,0.403,0,0,1,2
0.39,0.217,0.406,0,0,1,2
0.39,0.217,0.409,0,0,1,2
0.39,0.217,0.412,0,0,1,2
0.39,0.217,0.415,0,0,1,2
0.39,0.217,0.418,0,0,1,2
0.39,0.217,0.420999,0,0,1,2
0.39,0.217,0.423999,0,0,1,2
0.39,0.217,0.426999,0,0,1,2
0.39,0.217,0.429999,0,0,1,2
0.39,0.217,0.432999,0,0,1,2
0.39,0.217,0.435999,0,0,1,2
0.39,0.217,0.438999,0,0,1,2
0.39,0.217,0.441999,0,0,1,2
0.39,0.217,0.444999,0,0,1,2
0.39,0.217,0.447999,0,0,1,2
0.39,0.217,0.450999,0,0,1,2
0.39,0.22,0.25,0,0,1,2
0.39,0.22,0.253,0,0,1,2
0.39,0.22,0.256,0,0,1,2
0.39,0.22,0.259,0,0,1,2
0.39,0.22,0.262,0,0,1,2
0.39,0.22,0.265,0,0,1,2
0.39,0.22,0.268,0,0,1,2
0.39,0.22,0.271,0,0,1,2
0.39,0.22,0.274,0,0,1,2
0.39,0.22,0.277,0,0,1,2
0.39,0.22,0.28,0,0,1,2
0.39,0.22,0.283,0,0,1,2
0.39,0.22,0.286,0,0,1,2
0.39,0.22,0.289,0,0,1,2
0.39,0.22,0.292,0,0,1,2
0.39,0.22,0.295,0,0,1,2
0.39,0.22,0.298,0,0,1,2
0.39,0.22,0.301,0,0,1,2
0.39,0.22,0.304,0,0,1,2
0.39,0.22,0.307,0,0,1,2
0.39,0.22,0.31,0,0,1,2
0.39,0.22,0.313,0,0,1,2
0.39,0.22,0.316,0,0,1,2
0.39,0.22,0.319,0,0,1,2
0.39,0.22,0.322,0,0,1,2
0.39,0.22,0.325,0,0,1,2
0.39,0.22,0.328,0,0,1,2
0.39,0.22,0.331,0,0,1,2
0.39,0.22,0.334,0,0,1,2
0.39,0.22,0.337,0,0,1,2
0.39,0.22,0.34,0,0,1,2
0.39,0.22,0.343,0,0,1,2
0.39,0.22,0.346,0,0,1,2
0.39,0.22,0.349,0,0,1,2
0.39,0.22,0.352,0,0,1,2
0.39,0.22,0.355,0,0,1,2
0.39,0.22,0.358,0,0,1,2
0.39,0.22,0.361,0,0,1,2
0.39,0.22,0.364,0,0,1,2
0.39,0.22,0.367,0,0,1,2
0.39,0.22,0.37,0,0,1,2
0.39,0.22,0.373,0,0,1,2
0.39,0.22,0.376,0,0,1,2
0.39,0.22,0.379,0,0,1,2
0.39,0.22,0.382,0,0,1,2
0.39,0.22,0.385,0,0,1,2
0.39,0.22,0.388,0,0,1,2
0.39,0.22,0.391,0,0,1,2
0.39,0.22,0.394,0,0,1,2
0.39,0.22,0.397,0,0,1,2
0.39,0.22,0.4,0,0,1,2
0.39,0.22,0.403,0,0,1,2
0.39,0.22,0.406,0,0,1,2
0.39,0.22,0.409,0,0,1,2
0.39,0.22,0.412,0,0,1,2
0.39,0.22,0.415,0,0,1,2
0.39,0.22,0.418,0,0,1,2
0.39,0.22,0.420999,0,0,1,2
0.39,0.22,0.423999,0,0,1,2
0.39,0.22,0.426999,0,0,1,2
0.39,0.22,0.429999,0,0,1,2
0.39,0.22,0.432999,0,0,1,2
0.39,0.22,0.435999,0,0,1,2
0.39,0.22,0.438999,0,0,1,2
0.39,0.22,0.441999,0,0,1,2
0.39,0.22,0.444999,0,0,1,2
0.39,0.22,0.447999,0,0,1,2
0.39,0.22,0.450999,0,0,1,2
0.39,0.223,0.25,0,0,1,2
0.39,0.223,0.253,0,0,1,2
0.39,0.223,0.256,0,0,1,2
0.39,0.223,0.259,0,0,1,2
0.39,0.223,0.262,0,0,1,2
0.39,0.223,0.265,0,0,1,2
0.39,0.223,0.268,0,0,1,2
0.39,0.223,0.271,0,0,1,2
0.39,0.223,0.274,0,0,1,2
0.39,0.223,0.277,0,0,1,2
0.39,0.223,0.28,0,0,1,2
0.39,0.223,0.283,0,0,1,2
0.39,0.223,0.286,0,0,1,2
0.39,0.223,0.289,0,0,1,2
0.39,0.223,0.292,0,0,1,2
0.39,0.223,0.295,0,0,1,2
0.39,0.223,0.298,0,0,1,2
0.39,0.223,0.301,0,0,1,2
0.39,0.223,0.304,0,0,1,2
0.39,0.223,0.307,0,0,1,2
0.39,0.223,0.31,0,0,1,2
0.39,0.223,0.313,0,0,1,2
0.39,0.223,0.316,0,0,1,2
0.39,0.223,0.319,0,0,1,2
0.39,0.223,0.322,0,0,1,2
0.39,0.223,0.325,0,0,1,2
0.39,0.223,0.328,0,0,1,2
0.39,0.223,0.331,0,0,1,2
0.39,0.223,0.334,0,0,1,2
0.39,0.223,0.337,0,0,1,2
0.39,0.223,0.34,0,0,1,2
0.39,0.223,0.343,0,0,1,2
0.39,0.223,0.346,0,0,1,2
0.39,0.223,0.349,0,0,1,2
0.39,0.223,0.352,0,0,1,2
0.39,0.223,0.355,0,0,1,2
0.39,0.223,0.358,0,0,1,2
0.39,0.223,0.361,0,0,1,2
0.39,0.223,0.364,0,0,1,2
0.39,0.223,0.367,0,0,1,2
0.39,0.223,0.37,0,0,1,2
0.39,0.223,0.373,0,0,1,2
0.39,0.223,0.376,0,0,1,2
0.39,0.223,0.379,0,0,1,2
0.39,0.223,0.382,0,0,1,2
0.39,0.223,0.385,0,0,1,2
0.39,0.223,0.388,0,0,1,2
0.39,0.223,0.391,0,0,1,2
0.39,0.223,0.394,0,0,1,2
0.39,0.223,0.397,0,0,1,2
0.39,0.223,0.4,0,0,1,2
0.39,0.223,0.403,0,0,1,2
0.39,0.223,0.406,0,0,1,2
0.39,0.223,0.409,0,0,1,2
0.39,0.223,0.412,0,0,1,2
0.39,0.223,0.415,0,0,1,2
0.39,0.223,0.418,0,0,1,2
0.39,0.223,0.420999,0,0,1,2
0.39,0.223,0.423999,0,0,1,2
0.39,0.223,0.426999,0,0,1,2
0.39,0.223,0.429999,0,0,1,2
0.39,0.223,0.432999,0,0,1,2
0.39,0.223,0.435999,0,0,1,2
0.39,0.223,0.438999,0,0,1,2
0.39,0.223,0.441999,0,0,1,2
0.39,0.223,0.444999,0,0,1,2
0.39,0.223,0.447999,0,0,1,2
0.39,0.223,0.450999,0,0,1,2
0.39,0.226,0.25,0,0,1,2
0.39,0.226,0.253,0,0,1,2
0.39,0.226,0.256,0,0,1,2
0.39,0.226,0.259,0,0,1,2
0.39,0.226,0.262,0,0,1,2
0.39,0.226,0.265,0,0,1,2
0.39,0.226,0.268,0,0,1,2
0.39,0.226,0.271,0,0,1,2
0.39,0.226,0.274,0,0,1,2
0.39,0.226,0.277,0,0,1,2
0.39,0.226,0.28,0,0,1,2
0.39,0.226,0.283,0,0,1,2
0.39,0.226,0.286,0,0,1,2
0.39,0.226,0.289,0,0,1,2
0.39,0.226,0.292,0,0,1,2
0.39,0.226,0.295,0,0,1,2
0.39,0.226,0.298,0,0,1,2
0.39,0.226,0.301,0,0,1,2
0.39,0.226,0.304,0,0,1,2
0.39,0.226,0.307,0,0,1,2
0.39,0.226,0.31,0,0,1,2
0.39,0.226,0.313,0,0,1,2
0.39,0.226,0.316,0,0,1,2
0.39,0.226,0.319,0,0,1,2
0.39,0.226,0.322,0,0,1,2
0.39,0.226,0.325,0,0,1,2
0.39,0.226,0.328,0,0,1,2
0.39,0.226,0.331,0,0,1,2
0.39,0.226,0.334,0,0,1,2
0.39,0.226,0.337,0,0,1,2
0.39,0.226,0.34,0,0,1,2
0.39,0.226,0.343,0,0,1,2
0.39,0.226,0.346,0,0,1,2
0.39,0.226,0.349,0,0,1,2
0.39,0.226,0.352,0,0,1,2
0.39,0.226,0.355,0,0,1,2
0.39,0.226,0.358,0,0,1,2
0.39,0.226,0.361,0,0,1,2
0.39,0.226,0.364,0,0,1,2
0.39,0.226,0.367,0,0,1,2
0.39,0.226,0.37,0,0,1,2
0.39,0.226,0.373,0,0,1,2
0.39,0.226,0.376,0,0,1,2
0.39,0.226,0.379,0,0,1,2
0.39,0.226,0.382,0,0,1,2
0.39,0.226,0.385,0,0,1,2
0.39,0.226,0.388,0,0,1,2
0.39,0.226,0.391,0,0,1,2
0.39,0.226,0.394,0,0,1,2
0.39,0.226,0.397,0,0,1,2
0.39,0.226,0.4,0,0,1,2
0.39,0.226,0.403,0,0,1,2
0.39,0.226,0.406,0,0,1,2
0.39,0.226,0.409,0,0,1,2
0.39,0.226,0.412,0,0,1,2
0.39,0.226,0.415,0,0,1,2
0.39,0.226,0.418,0,0,1,2
0.39,0.226,0.420999,0,0,1,2
0.39,0.226,0.423999,0,0,1,2
0.39,0.226,0.426999,0,0,1,2
0.39,0.226,0.429999,0,0,1,2
0.39,0.226,0.432999,0,0,1,2
0.39,0.226,0.435999,0,0,1,2
0.39,0.226,0.438999,0,0,1,2
0.39,0.226,0.441999,0,0,1,2
0.39,0.226,0.444999,0,0,1,2
0.39,0.226,0.447999,0,0,1,2
0.39,0.226,0.450999,0,0,1,2
0.39,0.229,0.25,0,0,1,2
0.39,0.229,0.253,0,0,1,2
0.39,0.229,0.256,0,0,1,2
0.39,0.229,0.259,0,0,1,2
0.39,0.229,0.262,0,0,1,2
0.39,0.229,0.265,0,0,1,2
0.39,0.229,0.268,0,0,1,2
0.39,0.229,0.271,0,0,1,2
0.39,0.229,0.274,0,0,1,2
0.39,0.229,0.277,0,0,1,2
0.39,0.229,0.28,0,0,1,2
0.39,0.229,0.283,0,0,1,2
0.39,0.229,0.286,0,0,1,2
0.39,0.229,0.289,0,0,1,2
0.39,0.229,0.292,0,0,1,2
0.39,0.229,0.295,0,0,1,2
0.39,0.229,0.298,0,0,1,2
0.39,0.229,0.301,0,0,1,2
0.39,0.229,0.304,0,0,1,2
0.39,0.229,0.307,0,0,1,2
0.39,0.229,0.31,0,0,1,2
0.39,0.229,0.313,0,0,1,2
0.39,0.229,0.316,0,0,1,2
0.39,0.229,0.319,0,0,1,2
0.39,0.229,0.322,0,0,1,2
0.39,0.229,0.325,0,0,1,2
0.39,0.229,0.328,0,0,1,2
0.39,0.229,0.331,0,0,1,2
0.39,0.229,0.334,0,0,1,2
0.39,0.229,0.337,0,0,1,2
0.39,0.229,0.34,0,0,1,2
0.39,0.229,0.343,0,0,1,2
0.39,0.229,0.346,0,0,1,2
0.39,0.229,0.349,0,0,1,2
0.39,0.229,0.352,0,0,1,2
0.39,0.229,0.355,0,0,1,2
0.39,0.229,0.358,0,0,1,2
0.39,0.229,0.361,0,0,1,2
0.39,0.229,0.364,0,0,1,2
0.39,0.229,0.367,0,0,1,2
0.39,0.229,0.37,0,0,1,2
0.39,0.229,0.373,0,0,1,2
0.39,0.229,0.376,0,0,1,2
0.39,0.229,0.379,0,0,1,2
0.39,0.229,0.382,0,0,1,2
0.39,0.229,0.385,0,0,1,2
0.39,0.229,0.388,0,0,1,2
0.39,0.229,0.391,0,0,1,2
0.39,0.229,0.394,0,0,1,2
0.39,0.229,0.397,0,0,1,2
0.39,0.229,0.4,0,0,1,2
0.39,0.229,0.403,0,0,1,2
0.39,0.229,0.406,0,0,1,2
0.39,0.229,0.409,0,0,1,2
0.39,0.229,0.412,0,0,1,2
0.39,0.229,0.415,0,0,1,2
0.39,0.229,0.418,0,0,1,2
0.39,0.229,0.420999,0,0,1,2
0.39,0.229,0.423999,0,0,1,2
0.39,0.229,0.426999,0,0,1,2
0.39,0.229,0.429999,0,0,1,2
0.39,0.229,0.432999,0,0,1,2
0.39,0.229,0.435999,0,0,1,2
0.39,0.229,0.438999,0,0,1,2
0.39,0.229,0.441999,0,0,1,2
0.39,0.229,0.444999,0,0,1,2
0.39,0.229,0.447999,0,0,1,2
0.39,0.229,0.450999,0,0,1,2
0.39,0.232,0.25,0,0,1,2
0.39,0.232,0.253,0,0,1,2
0.39,0.232,0.256,0,0,1,2
0.39,0.232,0.259,0,0,1,2
0.39,0.232,0.262,0,0,1,2
0.39,0.232,0.265,0,0,1,2
0.39,0.232,0.268,0,0,1,2
0.39,0.232,0.271,0,0,1,2
0.39,0.232,0.274,0,0,1,2
0.39,0.232,0.277,0,0,1,2
0.39,0.232,0.28,0,0,1,2
0.39,0.232,0.283,0,0,1,2
0.39,0.232,0.286,0,0,1,2
0.39,0.232,0.289,0,0,1,2
0.39,0.232,0.292,0,0,1,2
0.39,0.232,0.295,0,0,1,2
0.39,0.232,0.298,0,0,1,2
0.39,0.232,0.301,0,0,1,2
0.39,0.232,0.304,0,0,1,2
0.39,0.232,0.307,0,0,1,2
0.39,0.232,0.31,0,0,1,2
0.39,0.232,0.313,0,0,1,2
0.39,0.232,0.316,0,0,1,2
0.39,0.232,0.319,0,0,1,2
0.39,0.232,0.322,0,0,1,2
0.39,0.232,0.325,0,0,1,2
0.39,0.232,0.328,0,0,1,2
0.39,0.232,0.331,0,0,1,2
0.39,0.232,0.334,0,0,1,2
0.39,0.232,0.337,0,0,1,2
0.39,0.232,0.34,0,0,1,2
0.39,0.232,0.343,0,0,1,2
0.39,0.232,0.346,0,0,1,2
0.39,0.232,0.349,0,0,1,2
0.39,0.232,0.352,0,0,1,2
0.39,0.232,0.355,0,0,1,2
0.39,0.232,0.358,0,0,1,2
0.39,0.232,0.361,0,0,1,2
0.39,0.232,0.364,0,0,1,2
0.39,0.232,0.367,0,0,1,2
0.39,0.232,0.37,0,0,1,2
0.39,0.232,0.373,0,0,1,2
0.39,0.232,0.376,0,0,1,2
0.39,0.232,0.379,0,0,1,2
0.39,0.232,0.382,0,0,1,2
0.39,0.232,0.385,0,0,1,2
0.39,0.232,0.388,0,0,1,2
0.39,0.232,0.391,0,0,1,2
0.39,0.232,0.394,0,0,1,2
0.39,0.232,0.397,0,0,1,2
0.39,0.232,0.4,0,0,1,2
0.39,0.232,0.403,0,0,1,2
0.39,0.232,0.406,0,0,1,2
0.39,0.232,0.409,0,0,1,2
0.39,0.232,0.412,0,0,1,2
0.39,0.232,0.415,0,0,1,2
0.39,0.232,0.418,0,0,1,2
0.39,0.232,0.420999,0,0,1,2
0.39,0.232,0.423999,0,0,1,2
0.39,0.232,0.426999,0,0,1,2
0.39,0.232,0.429999,0,0,1,2
0.39,0.232,0.432999,0,0,1,2
0.39,0.232,0.435999,0,0,1,2
0.39,0.232,0.438999,0,0,1,2
0.39,0.232,0.441999,0,0,1,2
0.39,0.232,0.444999,0,0,1,2
0.39,0.232,0.447999,0,0,1,2
0.39,0.232,0.450999,0,0,1,2
0.39,0.235,0.25,0,0,1,2
0.39,0.235,0.253,0,0,1,2
0.39,0.235,0.256,0,0,1,2
0.39,0.235,0.259,0,0,1,2
0.39,0.235,0.262,0,0,1,2
0.39,0.235,0.265,0,0,1,2
0.39,0.235,0.268,0,0,1,2
0.39,0.235,0.271,0,0,1,2
0.39,0.235,0.274,0,0,1,2
0.39,0.235,0.277,0,0,1,2
0.39,0.235,0.28,0,0,1,2
0.39,0.235,0.283,0,0,1,2
0.39,0.235,0.286,0,0,1,2
0.39,0.235,0.289,0,0,1,2
0.39,0.235,0.292,0,0,1,2
0.39,0.235,0.295,0,0,1,2
0.39,0.235,0.298,0,0,1,2
0.39,0.235,0.301,0,0,1,2
0.39,0.235,0.304,0,0,1,2
0.39,0.235,0.307,0,0,1,2
0.39,0.235,0.31,0,0,1,2
0.39,0.235,0.313,0,0,1,2
0.39,0.235,0.316,0,0,1,2
0.39,0.235,0.319,0,0,1,2
0.39,0.235,0.322,0,0,1,2
0.39,0.235,0.325,0,0,1,2
0.39,0.235,0.328,0,0,1,2
0.39,0.235,0.331,0,0,1,2
0.39,0.235,0.334,0,0,1,2
0.39,0.235,0.337,0,0,1,2
0.39,0.235,0.34,0,0,1,2
0.39,0.235,0.343,0,0,1,2
0.39,0.235,0.346,0,0,1,2
0.39,0.235,0.349,0,0,1,2
0.39,0.235,0.352,0,0,1,2
0.39,0.235,0.355,0,0,1,2
0.39,0.235,0.358,0,0,1,2
0.39,0.235,0.361,0,0,1,2
0.39,0.235,0.364,0,0,1,2
0.39,0.235,0.367,0,0,1,2
0.39,0.235,0.37,0,0,1,2
0.39,0.235,0.373,0,0,1,2
0.39,0.235,0.376,0,0,1,2
0.39,0.235,0.379,0,0,1,2
0.39,0.235,0.382,0,0,1,2
0.39,0.235,0.385,0,0,1,2
0.39,0.235,0.388,0,0,1,2
0.39,0.235,0.391,0,0,1,2
0.39,0.235,0.394,0,0,1,2
0.39,0.235,0.397,0,0,1,2
0.39,0.235,0.4,0,0,1,2
0.39,0.235,0.403,0,0,1,2
0.39,0.235,0.406,0,0,1,2
0.39,0.235,0.409,0,0,1,2
0.39,0.235,0.412,0,0,1,2
0.39,0.235,0.415,0,0,1,2
0.39,0.235,0.418,0,0,1,2
0.39,0.235,0.420999,0,0,1,2
0.39,0.235,0.423999,0,0,1,2
0.39,0.235,0.426999,0,0,1,2
0.39,0.235,0.429999,0,0,1,2
0.39,0.235,0.432999,0,0,1,2
0.39,0.235,0.435999,0,0,1,2
0.39,0.235,0.438999,0,0,1,2
0.39,0.235,0.441999,0,0,1,2
0.39,0.235,0.444999,0,0,1,2
0.39,0.235,0.447999,0,0,1,2
0.39,0.235,0.450999,0,0,1,2
0.39,0.238,0.25,0,0,1,2
0.39,0.238,0.253,0,0,1,2
0.39,0.238,0.256,0,0,1,2
0.39,0.238,0.259,0,0,1,2
0.39,0.238,0.262,0,0,1,2
0.39,0.238,0.265,0,0,1,2
0.39,0.238,0.268,0,0,1,2
0.39,0.238,0.271,0,0,1,2
0.39,0.238,0.274,0,0,1,2
0.39,0.238,0.277,0,0,1,2
0.39,0.238,0.28,0,0,1,2
0.39,0.238,0.283,0,0,1,2
0.39,0.238,0.286,0,0,1,2
0.39,0.238,0.289,0,0,1,2
0.39,0.238,0.292,0,0,1,2
0.39,0.238,0.295,0,0,1,2
0.39,0.238,0.298,0,0,1,2
0.39,0.238,0.301,0,0,1,2
0.39,0.238,0.304,0,0,1,2
0.39,0.238,0.307,0,0,1,2
0.39,0.238,0.31,0,0,1,2
0.39,0.238,0.313,0,0,1,2
0.39,0.238,0.316,0,0,1,2
0.39,0.238,0.319,0,0,1,2
0.39,0.238,0.322,0,0,1,2
0.39,0.238,0.325,0,0,1,2
0.39,0.238,0.328,0,0,1,2
0.39,0.238,0.331,0,0,1,2
0.39,0.238,0.334,0,0,1,2
0.39,0.238,0.337,0,0,1,2
0.39,0.238,0.34,0,0,1,2
0.39,0.238,0.343,0,0,1,2
0.39,0.238,0.346,0,0,1,2
0.39,0.238,0.349,0,0,1,2
0.39,0.238,0.352,0,0,1,2
0.39,0.238,0.355,0,0,1,2
0.39,0.238,0.358,0,0,1,2
0.39,0.238,0.361,0,0,1,2
0.39,0.238,0.364,0,0,1,2
0.39,0.238,0.367,0,0,1,2
0.39,0.238,0.37,0,0,1,2
0.39,0.238,0.373,0,0,1,2
0.39,0.238,0.376,0,0,1,2
0.39,0.238,0.379,0,0,1,2
0.39,0.238,0.382,0,0,1,2
0.39,0.238,0.385,0,0,1,2
0.39,0.238,0.388,0,0,1,2
0.39,0.238,0.391,0,0,1,2
0.39,0.238,0.394,0,0,1,2
0.39,0.238,0.397,0,0,1,2
0.39,0.238,0.4,0,0,1,2
0.39,0.238,0.403,0,0,1,2
0.39,0.238,0.406,0,0,1,2
0.39,0.238,0.409,0,0,1,2
0.39,0.238,0.412,0,0,1,2
0.39,0.238,0.415,0,0,1,2
0.39,0.238,0.418,0,0,1,2
0.39,0.238,0.420999,0,0,1,2
0.39,0.238,0.423999,0,0,1,2
0.39,0.238,0.426999,0,0,1,2
0.39,0.238,0.429999,0,0,1,2
0.39,0.238,0.432999,0,0,1,2
0.39,0.238,0.435999,0,0,1,2
0.39,0.238,0.438999,0,0,1,2
0.39,0.238,0.441999,0,0,1,2
0.39,0.238,0.444999,0,0,1,2
0.39,0.238,0.447999,0,0,1,2
0.39,0.238,0.450999,0,0,1,2
0.39,0.241,0.25,0,0,1,2
0.39,0.241,0.253,0,0,1,2
0.39,0.241,0.256,0,0,1,2
0.39,0.241,0.259,0,0,1,2
0.39,0.241,0.262,0,0,1,2
0.39,0.241,0.265,0,0,1,2
0.39,0.241,0.268,0,0,1,2
0.39,0.241,0.271,0,0,1,2
0.39,0.241,0.274,0,0,1,2
0.39,0.241,0.277,0,0,1,2
0.39,0.241,0.28,0,0,1,2
0.39,0.241,0.283,0,0,1,2
0.39,0.241,0.286,0,0,1,2
0.39,0.241,0.289,0,0,1,2
0.39,0.241,0.292,0,0,1,2
0.39,0.241,0.295,0,0,1,2
0.39,0.241,0.298,0,0,1,2
0.39,0.241,0.301,0,0,1,2
0.39,0.241,0.304,0,0,1,2
0.39,0.241,0.307,0,0,1,2
0.39,0.241,0.31,0,0,1,2
0.39,0.241,0.313,0,0,1,2
0.39,0.241,0.316,0,0,1,2
0.39,0.241,0.319,0,0,1,2
0.39,0.241,0.322,0,0,1,2
0.39,0.241,0.325,0,0,1,2
0.39,0.241,0.328,0,0,1,2
0.39,0.241,0.331,0,0,1,2
0.39,0.241,0.334,0,0,1,2
0.39,0.241,0.337,0,0,1,2
0.39,0.241,0.34,0,0,1,2
0.39,0.241,0.343,0,0,1,2
0.39,0.241,0.346,0,0,1,2
0.39,0.241,0.349,0,0,1,2
0.39,0.241,0.352,0,0,1,2
0.39,0.241,0.355,0,0,1,2
0.39,0.241,0.358,0,0,1,2
0.39,0.241,0.361,0,0,1,2
0.39,0.241,0.364,0,0,1,2
0.39,0.241,0.367,0,0,1,2
0.39,0.241,0.37,0,0,1,2
0.39,0.241,0.373,0,0,1,2
0.39,0.241,0.376,0,0,1,2
0.39,0.241,0.379,0,0,1,2
0.39,0.241,0.382,0,0,1,2
0.39,0.241,0.385,0,0,1,2
0.39,0.241,0.388,0,0,1,2
0.39,0.241,0.391,0,0,1,2
0.39,0.241,0.394,0,0,1,2
0.39,0.241,0.397,0,0,1,2
0.39,0.241,0.4,0,0,1,2
0.39,0.241,0.403,0,0,1,2
0.39,0.241,0.406,0,0,1,2
0.39,0.241,0.409,0,0,1,2
0.39,0.241,0.412,0,0,1,2
0.39,0.241,0.415,0,0,1,2
0.39,0.241,0.418,0,0,1,2
0.39,0.241,0.420999,0,0,1,2
0.39,0.241,0.423999,0,0,1,2
0.39,0.241,0.426999,0,0,1,2
0.39,0.241,0.429999,0,0,1,2
0.39,0.241,0.432999,0,0,1,2
0.39,0.241,0.435999,0,0,1,2
0.39,0.241,0.438999,0,0,1,2
0.39,0.241,0.441999,0,0,1,2
0.39,0.241,0.444999,0,0,1,2
0.39,0.241,0.447999,0,0,1,2
0.39,0.241,0.450999,0,0,1,2
0.39,0.244,0.25,0,0,1,2
0.39,0.244,0.253,0,0,1,2
0.39,0.244,0.256,0,0,1,2
0.39,0.244,0.259,0,0,1,2
0.39,0.244,0.262,0,0,1,2
0.39,0.244,0.265,0,0,1,2
0.39,0.244,0.268,0,0,1,2
0.39,0.244,0.271,0,0,1,2
0.39,0.244,0.274,0,0,1,2
0.39,0.244,0.277,0,0,1,2
0.39,0.244,0.28,0,0,1,2
0.39,0.244,0.283,0,0,1,2
0.39,0.244,0.286,0,0,1,2
0.39,0.244,0.289,0,0,1,2
0.39,0.244,0.292,0,0,1,2
0.39,0.244,0.295,0,0,1,2
0.39,0.244,0.298,0,0,1,2
0.39,0.244,0.301,0,0,1,2
0.39,0.244,0.304,0,0,1,2
0.39,0.244,0.307,0,0,1,2
0.39,0.244,0.31,0,0,1,2
0.39,0.244,0.313,0,0,1,2
0.39,0.244,0.316,0,0,1,2
0.39,0.244,0.319,0,0,1,2
0.39,0.244,0.322,0,0,1,2
0.39,0.244,0.325,0,0,1,2
0.39,0.244,0.328,0,0,1,2
0.39,0.244,0.331,0,0,1,2
0.39,0.244,0.334,0,0,1,2
0.39,0.244,0.337,0,0,1,2
0.39,0.244,0.34,0,0,1,2
0.39,0.244,0.343,0,0,1,2
0.39,0.244,0.346,0,0,1,2
0.39,0.244,0.349,0,0,1,2
0.39,0.244,0.352,0,0,1,2
0.39,0.244,0.355,0,0,1,2
0.39,0.244,0.358,0,0,1,2
0.39,0.244,0.361,0,0,1,2
0.39,0.244,0.364,0,0,1,2
0.39,0.244,0.367,0,0,1,2
0.39,0.244,0.37,0,0,1,2
0.39,0.244,0.373,0,0,1,2
0.39,0.244,0.376,0,0,1,2
0.39,0.244,0.379,0,0,1,2
0.39,0.244,0.382,0,0,1,2
0.39,0.244,0.385,0,0,1,2
0.39,0.244,0.388,0,0,1,2
0.39,0.244,0.391,0,0,1,2
0.39,0.244,0.394,0,0,1,2
0.39,0.244,0.397,0,0,1,2
0.39,0.244,0.4,0,0,1,2
0.39,0.244,0.403,0,0,1,2
0.39,0.244,0.406,0,0,1,2
0.39,0.244,0.409,0,0,1,2
0.39,0.244,0.412,0,0,1,2
0.39,0.244,0.415,0,0,1,2
0.39,0.244,0.418,0,0,1,2
0.39,0.244,0.420999,0,0,1,2
0.39,0.244,0.423999,0,0,1,2
0.39,0.244,0.426999,0,0,1,2
0.39,0.244,0.429999,0,0,1,2
0.39,0.244,0.432999,0,0,1,2
0.39,0.244,0.435999,0,0,1,2
0.39,0.244,0.438999,0,0,1,2
0.39,0.244,0.441999,0,0,1,2
0.39,0.244,0.444999,0,0,1,2
0.39,0.244,0.447999,0,0,1,2
0.39,0.244,0.450999,0,0,1,2
0.39,0.247,0.25,0,0,1,2
0.39,0.247,0.253,0,0,1,2
0.39,0.247,0.256,0,0,1,2
0.39,0.247,0.259,0,0,1,2
0.39,0.247,0.262,0,0,1,2
0.39,0.247,0.265,0,0,1,2
0.39,0.247,0.268,0,0,1,2
0.39,0.247,0.271,0,0,1,2
0.39,0.247,0.274,0,0,1,2
0.39,0.247,0.277,0,0,1,2
0.39,0.247,0.28,0,0,1,2
0.39,0.247,0.283,0,0,1,2
0.39,0.247,0.286,0,0,1,2
0.39,0.247,0.289,0,0,1,2
0.39,0.247,0.292,0,0,1,2
0.39,0.247,0.295,0,0,1,2
0.39,0.247,0.298,0,0,1,2
0.39,0.247,0.301,0,0,1,2
0.39,0.247,0.304,0,0,1,2
0.39,0.247,0.307,0,0,1,2
0.39,0.247,0.31,0,0,1,2
0.39,0.247,0.313,0,0,1,2
0.39,0.247,0.316,0,0,1,2
0.39,0.247,0.319,0,0,1,2
0.39,0.247,0.322,0,0,1,2
0.39,0.247,0.325,0,0,1,2
0.39,0.247,0.328,0,0,1,2
0.39,0.247,0.331,0,0,1,2
0.39,0.247,0.334,0,0,1,2
0.39,0.247,0.337,0,0,1,2
0.39,0.247,0.34,0,0,1,2
0.39,0.247,0.343,0,0,1,2
0.39,0.247,0.346,0,0,1,2
0.39,0.247,0.349,0,0,1,2
0.39,0.247,0.352,0,0,1,2
0.39,0.247,0.355,0,0,1,2
0.39,0.247,0.358,0,0,1,2
0.39,0.247,0.361,0,0,1,2
0.39,0.247,0.364,0,0,1,2
0.39,0.247,0.367,0,0,1,2
0.39,0.247,0.37,0,0,1,2
0.39,0.247,0.373,0,0,1,2
0.39,0.247,0.376,0,0,1,2
0.39,0.247,0.379,0,0,1,2
0.39,0.247,0.382,0,0,1,2
0.39,0.247,0.385,0,0,1,2
0.39,0.247,0.388,0,0,1,2
0.39,0.247,0.391,0,0,1,2
0.39,0.247,0.394,0,0,1,2
0.39,0.247,0.397,0,0,1,2
0.39,0.247,0.4,0,0,1,2
0.39,0.247,0.403,0,0,1,2
0.39,0.247,0.406,0,0,1,2
0.39,0.247,0.409,0,0,1,2
0.39,0.247,0.412,0,0,1,2
0.39,0.247,0.415,0,0,1,2
0.39,0.247,0.418,0,0,1,2
0.39,0.247,0.420999,0,0,1,2
0.39,0.247,0.423999,0,0,1,2
0.39,0.247,0.426999,0,0,1,2
0.39,0.247,0.429999,0,0,1,2
0.39,0.247,0.432999,0,0,1,2
0.39,0.247,0.435999,0,0,1,2
0.39,0.247,0.438999,0,0,1,2
0.39,0.247,0.441999,0,0,1,2
0.39,0.247,0.444999,0,0,1,2
0.39,0.247,0.447999,0,0,1,2
0.39,0.247,0.450999,0,0,1,2
0.39,0.25,0.25,0,0,1,2
0.39,0.25,0.253,0,0,1,2
0.39,0.25,0.256,0,0,1,2
0.39,0.25,0.259,0,0,1,2
0.39,0.25,0.262,0,0,1,2
0.39,0.25,0.265,0,0,1,2
0.39,0.25,0.268,0,0,1,2
0.39,0.25,0.271,0,0,1,2
0.39,0.25,0.274,0,0,1,2
0.39,0.25,0.277,0,0,1,2
0.39,0.25,0.28,0,0,1,2
0.39,0.25,0.283,0,0,1,2
0.39,0.25,0.286,0,0,1,2
0.39,0.25,0.289,0,0,1,2
0.39,0.25,0.292,0,0,1,2
0.39,0.25,0.295,0,0,1,2
0.39,0.25,0.298,0,0,1,2
0.39,0.25,0.301,0,0,1,2
0.39,0.25,0.304,0,0,1,2
0.39,0.25,0.307,0,0,1,2
0.39,0.25,0.31,0,0,1,2
0.39,0.25,0.313,0,0,1,2
0.39,0.25,0.316,0,0,1,2
0.39,0.25,0.319,0,0,1,2
0.39,0.25,0.322,0,0,1,2
0.39,0.25,0.325,0,0,1,2
0.39,0.25,0.328,0,0,1,2
0.39,0.25,0.331,0,0,1,2
0.39,0.25,0.334,0,0,1,2
0.39,0.25,0.337,0,0,1,2
0.39,0.25,0.34,0,0,1,2
0.39,0.25,0.343,0,0,1,2
0.39,0.25,0.346,0,0,1,2
0.39,0.25,0.349,0,0,1,2
0.39,0.25,0.352,0,0,1,2
0.39,0.25,0.355,0,0,1,2
0.39,0.25,0.358,0,0,1,2
0.39,0.25,0.361,0,0,1,2
0.39,0.25,0.364,0,0,1,2
0.39,0.25,0.367,0,0,1,2
0.39,0.25,0.37,0,0,1,2
0.39,0.25,0.373,0,0,1,2
0.39,0.25,0.376,0,0,1,2
0.39,0.25,0.379,0,0,1,2
0.39,0.25,0.382,0,0,1,2
0.39,0.25,0.385,0,0,1,2
0.39,0.25,0.388,0,0,1,2
0.39,0.25,0.391,0,0,1,2
0.39,0.25,0.394,0,0,1,2
0.39,0.25,0.397,0,0,1,2
0.39,0.25,0.4,0,0,1,2
0.39,0.25,0.403,0,0,1,2
0.39,0.25,0.406,0,0,1,2
0.39,0.25,0.409,0,0,1,2
0.39,0.25,0.412,0,0,1,2
0.39,0.25,0.415,0,0,1,2
0.39,0.25,0.418,0,0,1,2
0.39,0.25,0.420999,0,0,1,2
0.39,0.25,0.423999,0,0,1,2
0.39,0.25,0.426999,0,0,1,2
0.39,0.25,0.429999,0,0,1,2
0.39,0.25,0.432999,0,0,1,2
0.39,0.25,0.435999,0,0,1,2
0.39,0.25,0.438999,0,0,1,2
0.39,0.25,0.441999,0,0,1,2
0.39,0.25,0.444999,0,0,1,2
0.39,0.25,0.447999,0,0,1,2
0.39,0.25,0.450999,0,0,1,2
0.39,0.253,0.25,0,0,1,2
0.39,0.253,0.253,0,0,1,2
0.39,0.253,0.256,0,0,1,2
0.39,0.253,0.259,0,0,1,2
0.39,0.253,0.262,0,0,1,2
0.39,0.253,0.265,0,0,1,2
0.39,0.253,0.268,0,0,1,2
0.39,0.253,0.271,0,0,1,2
0.39,0.253,0.274,0,0,1,2
0.39,0.253,0.277,0,0,1,2
0.39,0.253,0.28,0,0,1,2
0.39,0.253,0.283,0,0,1,2
0.39,0.253,0.286,0,0,1,2
0.39,0.253,0.289,0,0,1,2
0.39,0.253,0.292,0,0,1,2
0.39,0.253,0.295,0,0,1,2
0.39,0.253,0.298,0,0,1,2
0.39,0.253,0.301,0,0,1,2
0.39,0.253,0.304,0,0,1,2
0.39,0.253,0.307,0,0,1,2
0.39,0.253,0.31,0,0,1,2
0.39,0.253,0.313,0,0,1,2
0.39,0.253,0.316,0,0,1,2
0.39,0.253,0.319,0,0,1,2
0.39,0.253,0.322,0,0,1,2
0.39,0.253,0.325,0,0,1,2
0.39,0.253,0.328,0,0,1,2
0.39,0.253,0.331,0,0,1,2
0.39,0.253,0.334,0,0,1,2
0.39,0.253,0.337,0,0,1,2
0.39,0.253,0.34,0,0,1,2
0.39,0.253,0.343,0,0,1,2
0.39,0.253,0.346,0,0,1,2
0.39,0.253,0.349,0,0,1,2
0.39,0.253,0.352,0,0,1,2
0.39,0.253,0.355,0,0,1,2
0.39,0.253,0.358,0,0,1,2
0.39,0.253,0.361,0,0,1,2
0.39,0.253,0.364,0,0,1,2
0.39,0.253,0.367,0,0,1,2
0.39,0.253,0.37,0,0,1,2
0.39,0.253,0.373,0,0,1,2
0.39,0.253,0.376,0,0,1,2
0.39,0.253,0.379,0,0,1,2
0.39,0.253,0.382,0,0,1,2
0.39,0.253,0.385,0,0,1,2
0.39,0.253,0.388,0,0,1,2
0.39,0.253,0.391,0,0,1,2
0.39,0.253,0.394,0,0,1,2
0.39,0.253,0.397,0,0,1,2
0.39,0.253,0.4,0,0,1,2
0.39,0.253,0.403,0,0,1,2
0.39,0.253,0.406,0,0,1,2
0.39,0.253,0.409,0,0,1,2
0.39,0.253,0.412,0,0,1,2
0.39,0.253,0.415,0,0,1,2
0.39,0.253,0.418,0,0,1,2
0.39,0.253,0.420999,0,0,1,2
0.39,0.253,0.423999,0,0,1,2
0.39,0.253,0.426999,0,0,1,2
0.39,0.253,0.429999,0,0,1,2
0.39,0.253,0.432999,0,0,1,2
0.39,0.253,0.435999,0,0,1,2
0.39,0.253,0.438999,0,0,1,2
0.39,0.253,0.441999,0,0,1,2
0.39,0.253,0.444999,0,0,1,2
0.39,0.253,0.447999,0,0,1,2
0.39,0.253,0.450999,0,0,1,2
0.39,0.256,0.25,0,0,1,2
0.39,0.256,0.253,0,0,1,2
0.39,0.256,0.256,0,0,1,2
0.39,0.256,0.259,0,0,1,2
0.39,0.256,0.262,0,0,1,2
0.39,0.256,0.265,0,0,1,2
0.39,0.256,0.268,0,0,1,2
0.39,0.256,0.271,0,0,1,2
0.39,0.256,0.274,0,0,1,2
0.39,0.256,0.277,0,0,1,2
0.39,0.256,0.28,0,0,1,2
0.39,0.256,0.283,0,0,1,2
0.39,0.256,0.286,0,0,1,2
0.39,0.256,0.289,0,0,1,2
0.39,0.256,0.292,0,0,1,2
0.39,0.256,0.295,0,0,1,2
0.39,0.256,0.298,0,0,1,2
0.39,0.256,0.301,0,0,1,2
0.39,0.256,0.304,0,0,1,2
0.39,0.256,0.307,0,0,1,2
0.39,0.256,0.31,0,0,1,2
0.39,0.256,0.313,0,0,1,2
0.39,0.256,0.316,0,0,1,2
0.39,0.256,0.319,0,0,1,2
0.39,0.256,0.322,0,0,1,2
0.39,0.256,0.325,0,0,1,2
0.39,0.256,0.328,0,0,1,2
0.39,0.256,0.331,0,0,1,2
0.39,0.256,0.334,0,0,1,2
0.39,0.256,0.337,0,0,1,2
0.39,0.256,0.34,0,0,1,2
0.39,0.256,0.343,0,0,1,2
0.39,0.256,0.346,0,0,1,2
0.39,0.256,0.349,0,0,1,2
0.39,0.256,0.352,0,0,1,2
0.39,0.256,0.355,0,0,1,2
0.39,0.256,0.358,0,0,1,2
0.39,0.256,0.361,0,0,1,2
0.39,0.256,0.364,0,0,1,2
0.39,0.256,0.367,0,0,1,2
0.39,0.256,0.37,0,0,1,2
0.39,0.256,0.373,0,0,1,2
0.39,0.256,0.376,0,0,1,2
0.39,0.256,0.379,0,0,1,2
0.39,0.256,0.382,0,0,1,2
0.39,0.256,0.385,0,0,1,2
0.39,0.256,0.388,0,0,1,2
0.39,0.256,0.391,0,0,1,2
0.39,0.256,0.394,0,0,1,2
0.39,0.256,0.397,0,0,1,2
0.39,0.256,0.4,0,0,1,2
0.39,0.256,0.403,0,0,1,2
0.39,0.256,0.406,0,0,1,2
0.39,0.256,0.409,0,0,1,2
0.39,0.256,0.412,0,0,1,2
0.39,0.256,0.415,0,0,1,2
0.39,0.256,0.418,0,0,1,2
0.39,0.256,0.420999,0,0,1,2
0.39,0.256,0.423999,0,0,1,2
0.39,0.256,0.426999,0,0,1,2
0.39,0.256,0.429999,0,0,1,2
0.39,0.256,0.432999,0,0,1,2
0.39,0.256,0.435999,0,0,1,2
0.39,0.256,0.438999,0,0,1,2
0.39,0.256,0.441999,0,0,1,2
0.39,0.256,0.444999,0,0,1,2
0.39,0.256,0.447999,0,0,1,2
0.39,0.256,0.450999,0,0,1,2
0.39,0.259,0.25,0,0,1,2
0.39,0.259,0.253,0,0,1,2
0.39,0.259,0.256,0,0,1,2
0.39,0.259,0.259,0,0,1,2
0.39,0.259,0.262,0,0,1,2
0.39,0.259,0.265,0,0,1,2
0.39,0.259,0.268,0,0,1,2
0.39,0.259,0.271,0,0,1,2
0.39,0.259,0.274,0,0,1,2
0.39,0.259,0.277,0,0,1,2
0.39,0.259,0.28,0,0,1,2
0.39,0.259,0.283,0,0,1,2
0.39,0.259,0.286,0,0,1,2
0.39,0.259,0.289,0,0,1,2
0.39,0.259,0.292,0,0,1,2
0.39,0.259,0.295,0,0,1,2
0.39,0.259,0.298,0,0,1,2
0.39,0.259,0.301,0,0,1,2
0.39,0.259,0.304,0,0,1,2
0.39,0.259,0.307,0,0,1,2
0.39,0.259,0.31,0,0,1,2
0.39,0.259,0.313,0,0,1,2
0.39,0.259,0.316,0,0,1,2
0.39,0.259,0.319,0,0,1,2
0.39,0.259,0.322,0,0,1,2
0.39,0.259,0.325,0,0,1,2
0.39,0.259,0.328,0,0,1,2
0.39,0.259,0.331,0,0,1,2
0.39,0.259,0.334,0,0,1,2
0.39,0.259,0.337,0,0,1,2
0.39,0.259,0.34,0,0,1,2
0.39,0.259,0.343,0,0,1,2
0.39,0.259,0.346,0,0,1,2
0.39,0.259,0.349,0,0,1,2
0.39,0.259,0.352,0,0,1,2
0.39,0.259,0.355,0,0,1,2
0.39,0.259,0.358,0,0,1,2
0.39,0.259,0.361,0,0,1,2
0.39,0.259,0.364,0,0,1,2
0.39,0.259,0.367,0,0,1,2
0.39,0.259,0.37,0,0,1,2
0.39,0.259,0.373,0,0,1,2
0.39,0.259,0.376,0,0,1,2
0.39,0.259,0.379,0,0,1,2
0.39,0.259,0.382,0,0,1,2
0.39,0.259,0.385,0,0,1,2
0.39,0.259,0.388,0,0,1,2
0.39,0.259,0.391,0,0,1,2
0.39,0.259,0.394,0,0,1,2
0.39,0.259,0.397,0,0,1,2
0.39,0.259,0.4,0,0,1,2
0.39,0.259,0.403,0,0,1,2
0.39,0.259,0.406,0,0,1,2
0.39,0.259,0.409,0,0,1,2
0.39,0.259,0.412,0,0,1,2
0.39,0.259,0.415,0,0,1,2
0.39,0.259,0.418,0,0,1,2
0.39,0.259,0.420999,0,0,1,2
0.39,0.259,0.423999,0,0,1,2
0.39,0.259,0.426999,0,0,1,2
0.39,0.259,0.429999,0,0,1,2
0.39,0.259,0.432999,0,0,1,2
0.39,0.259,0.435999,0,0,1,2
0.39,0.259,0.438999,0,0,1,2
0.39,0.259,0.441999,0,0,1,2
0.39,0.259,0.444999,0,0,1,2
0.39,0.259,0.447999,0,0,1,2
0.39,0.259,0.450999,0,0,1,2
0.57,0.1,0.25,0,0,1,2
0.57,0.1,0.253,0,0,1,2
0.57,0.1,0.256,0,0,1,2
0.57,0.1,0.259,0,0,1,2
0.57,0.1,0.262,0,0,1,2
0.57,0.1,0.265,0,0,1,2
0.57,0.1,0.268,0,0,1,2
0.57,0.1,0.271,0,0,1,2
0.57,0.1,0.274,0,0,1,2
0.57,0.1,0.277,0,0,1,2
0.57,0.1,0.28,0,0,1,2
0.57,0.1,0.283,0,0,1,2
0.57,0.1,0.286,0,0,1,2
0.57,0.1,0.289,0,0,1,2
0.57,0.1,0.292,0,0,1,2
0.57,0.1,0.295,0,0,1,2
0.57,0.1,0.298,0,0,1,2
0.57,0.1,0.301,0,0,1,2
0.57,0.1,0.304,0,0,1,2
0.57,0.1,0.307,0,0,1,2
0.57,0.1,0.31,0,0,1,2
0.57,0.1,0.313,0,0,1,2
0.57,0.1,0.316,0,0,1,2
0.57,0.1,0.319,0,0,1,2
0.57,0.1,0.322,0,0,1,2
0.57,0.1,0.325,0,0,1,2
0.57,0.1,0.328,0,0,1,2
0.57,0.1,0.331,0,0,1,2
0.57,0.1,0.334,0,0,1,2
0.57,0.1,0.337,0,0,1,2
0.57,0.1,0.34,0,0,1,2
0.57,0.1,0.343,0,0,1,2
0.57,0.1,0.346,0,0,1,2
0.57,0.1,0.349,0,0,1,2
0.57,0.1,0.352,0,0,1,2
0.57,0.1,0.355,0,0,1,2
0.57,0.1,0.358,0,0,1,2
0.57,0.1,0.361,0,0,1,2
0.57,0.1,0.364,0,0,1,2
0.57,0.1,0.367,0,0,1,2
0.57,0.1,0.37,0,0,1,2
0.57,0.1,0.373,0,0,1,2
0.57,0.1,0.376,0,0,1,2
0.57,0.1,0.379,0,0,1,2
0.57,0.1,0.382,0,0,1,2
0.57,0.1,0.385,0,0,1,2
0.57,0.1,0.388,0,0,1,2
0.57,0.1,0.391,0,0,1,2
0.57,0.1,0.394,0,0,1,2
0.57,0.1,0.397,0,0,1,2
0.57,0.1,0.4,0,0,1,2
0.57,0.1,0.403,0,0,1,2
0.57,0.1,0.406,0,0,1,2
0.57,0.1,0.409,0,0,1,2
0.57,0.1,0.412,0,0,1,2
0.57,0.1,0.415,0,0,1,2
0.57,0.1,0.418,0,0,1,2
0.57,0.1,0.420999,0,0,1,2
0.57,0.1,0.423999,0,0,1,2
0.57,0.1,0.426999,0,0,1,2
0.57,0.1,0.429999,0,0,1,2
0.57,0.1,0.432999,0,0,1,2
0.57,0.1,0.435999,0,0,1,2
0.57,0.1,0.438999,0,0,1,2
0.57,0.1,0.441999,0,0,1,2
0.57,0.1,0.444999,0,0,1,2
0.57,0.1,0.447999,0,0,1,2
0.57,0.1,0.450999,0,0,1,2
0.57,0.103,0.25,0,0,1,2
0.57,0.103,0.253,0,0,1,2
0.57,0.103,0.256,0,0,1,2
0.57,0.103,0.259,0,0,1,2
0.57,0.103,0.262,0,0,1,2
0.57,0.103,0.265,0,0,1,2
0.57,0.103,0.268,0,0,1,2
0.57,0.103,0.271,0,0,1,2
0.57,0.103,0.274,0,0,1,2
0.57,0.103,0.277,0,0,1,2
0.57,0.103,0.28,0,0,1,2
0.57,0.103,0.283,0,0,1,2
0.57,0.103,0.286,0,0,1,2
0.57,0.103,0.289,0,0,1,2
0.57,0.103,0.292,0,0,1,2
0.57,0.103,0.295,0,0,1,2
0.57,0.103,0.298,0,0,1,2
0.57,0.103,0.301,0,0,1,2
0.57,0.103,0.304,0,0,1,2
0.57,0.103,0.307,0,0,1,2
0.57,0.103,0.31,0,0,1,2
0.57,0.103,0.313,0,0,1,2
0.57,0.103,0.316,0,0,1,2
0.57,0.103,0.319,0,0,1,2
0.57,0.103,0.322,0,0,1,2
0.57,0.103,0.325,0,0,1,2
0.57,0.103,0.328,0,0,1,2
0.57,0.103,0.331,0,0,1,2
0.57,0.103,0.334,0,0,1,2
0.57,0.103,0.337,0,0,1,2
0.57,0.103,0.34,0,0,1,2
0.57,0.103,0.343,0,0,1,2
0.57,0.103,0.346,0,0,1,2
0.57,0.103,0.349,0,0,1,2
0.57,0.103,0.352,0,0,1,2
0.57,0.103,0.355,0,0,1,2
0.57,0.103,0.358,0,0,1,2
0.57,0.103,0.361,0,0,1,2
0.57,0.103,0.364,0,0,1,2
0.57,0.103,0.367,0,0,1,2
0.57,0.103,0.37,0,0,1,2
0.57,0.103,0.373,0,0,1,2
0.57,0.103,0.376,0,0,1,2
0.57,0.103,0.379,0,0,1,2
0.57,0.103,0.382,0,0,1,2
0.57,0.103,0.385,0,0,1,2
0.57,0.103,0.388,0,0,1,2
0.57,0.103,0.391,0,0,1,2
0.57,0.103,0.394,0,0,1,2
0.57,0.103,0.397,0,0,1,2
0.57,0.103,0.4,0,0,1,2
0.57,0.103,0.403,0,0,1,2
0.57,0.103,0.406,0,0,1,2
0.57,0.103,0.409,0,0,1,2
0.57,0.103,0.412,0,0,1,2
0.57,0.103,0.415,0,0,1,2
0.57,0.103,0.418,0,0,1,2
0.57,0.103,0.420999,0,0,1,2
0.57,0.103,0.423999,0,0,1,2
0.57,0.103,0.426999,0,0,1,2
0.57,0.103,0.429999,0,0,1,2
0.57,0.103,0.432999,0,0,1,2
0.57,0.103,0.435999,0,0,1,2
0.57,0.103,0.438999,0,0,1,2
0.57,0.103,0.441999,0,0,1,2
0.57,0.103,0.444999,0,0,1,2
0.57,0.103,0.447999,0,0,1,2
0.57,0.103,0.450999,0,0,1,2
0.57,0.106,0.25,0,0,1,2
0.57,0.106,0.253,0,0,1,2
0.57,0.106,0.256,0,0,1,2
0.57,0.106,0.259,0,0,1,2
0.57,0.106,0.262,0,0,1,2
0.57,0.106,0.265,0,0,1,2
0.57,0.106,0.268,0,0,1,2
0.57,0.106,0.271,0,0,1,2
0.57,0.106,0.274,0,0,1,2
0.57,0.106,0.277,0,0,1,2
0.57,0.106,0.28,0,0,1,2
0.57,0.106,0.283,0,0,1,2
0.57,0.106,0.286,0,0,1,2
0.57,0.106,0.289,0,0,1,2
0.57,0.106,0.292,0,0,1,2
0.57,0.106,0.295,0,0,1,2
0.57,0.106,0.298,0,0,1,2
0.57,0.106,0.301,0,0,1,2
0.57,0.106,0.304,0,0,1,2
0.57,0.106,0.307,0,0,1,2
0.57,0.106,0.31,0,0,1,2
0.57,0.106,0.313,0,0,1,2
0.57,0.106,0.316,0,0,1,2
0.57,0.106,0.319,0,0,1,2
0.57,0.106,0.322,0,0,1,2
0.57,0.106,0.325,0,0,1,2
0.57,0.106,0.328,0,0,1,2
0.57,0.106,0.331,0,0,1,2
0.57,0.106,0.334,0,0,1,2
0.57,0.106,0.337,0,0,1,2
0.57,0.106,0.34,0,0,1,2
0.57,0.106,0.343,0,0,1,2
0.57,0.106,0.346,0,0,1,2
0.57,0.106,0.349,0,0,1,2
0.57,0.106,0.352,0,0,1,2
0.57,0.106,0.355,0,0,1,2
0.57,0.106,0.358,0,0,1,2
0.57,0.106,0.361,0,0,1,2
0.57,0.106,0.364,0,0,1,2
0.57,0.106,0.367,0,0,1,2
0.57,0.106,0.37,0,0,1,2
0.57,0.106,0.373,0,0,1,2
0.57,0.106,0.376,0,0,1,2
0.57,0.106,0.379,0,0,1,2
0.57,0.106,0.382,0,0,1,2
0.57,0.106,0.385,0,0,1,2
0.57,0.106,0.388,0,0,1,2
0.57,0.106,0.391,0,0,1,2
0.57,0.106,0.394,0,0,1,2
0.57,0.106,0.397,0,0,1,2
0.57,0.106,0.4,0,0,1,2
0.57,0.106,0.403,0,0,1,2
0.57,0.106,0.406,0,0,1,2
0.57,0.106,0.409,0,0,1,2
0.57,0.106,0.412,0,0,1,2
0.57,0.106,0.415,0,0,1,2
0.57,0.106,0.418,0,0,1,2
0.57,0.106,0.420999,0,0,1,2
0.57,0.106,0.423999,0,0,1,2
0.57,0.106,0.426999,0,0,1,2
0.57,0.106,0.429999,0,0,1,2
0.57,0.106,0.432999,0,0,1,2
0.57,0.106,0.435999,0,0,1,2
0.57,0.106,0.438999,0,0,1,2
0.57,0.106,0.441999,0,0,1,2
0.57,0.106,0.444999,0,0,1,2
0.57,0.106,0.447999,0,0,1,2
0.57,0.106,0.450999,0,0,1,2
0.57,0.109,0.25,0,0,1,2
0.57,0.109,0.253,0,0,1,2
0.57,0.109,0.256,0,0,1,2
0.57,0.109,0.259,0,0,1,2
0.57,0.109,0.262,0,0,1,2
0.57,0.109,0.265,0,0,1,2
0.57,0.109,0.268,0,0,1,2
0.57,0.109,0.271,0,0,1,2
0.57,0.109,0.274,0,0,1,2
0.57,0.109,0.277,0,0,1,2
0.57,0.109,0.28,0,0,1,2
0.57,0.109,0.283,0,0,1,2
0.57,0.109,0.286,0,0,1,2
0.57,0.109,0.289,0,0,1,2
0.57,0.109,0.292,0,0,1,2
0.57,0.109,0.295,0,0,1,2
0.57,0.109,0.298,0,0,1,2
0.57,0.109,0.301,0,0,1,2
0.57,0.109,0.304,0,0,1,2
0.57,0.109,0.307,0,0,1,2
0.57,0.109,0.31,0,0,1,2
0.57,0.109,0.313,0,0,1,2
0.57,0.109,0.316,0,0,1,2
0.57,0.109,0.319,0,0,1,2
0.57,0.109,0.322,0,0,1,2
0.57,0.109,0.325,0,0,1,2
0.57,0.109,0.328,0,0,1,2
0.57,0.109,0.331,0,0,1,2
0.57,0.109,0.334,0,0,1,2
0.57,0.109,0.337,0,0,1,2
0.57,0.109,0.34,0,0,1,2
0.57,0.109,0.343,0,0,1,2
0.57,0.109,0.346,0,0,1,2
0.57,0.109,0.349,0,0,1,2
0.57,0.109,0.352,0,0,1,2
0.57,0.109,0.355,0,0,1,2
0.57,0.109,0.358,0,0,1,2
0.57,0.109,0.361,0,0,1,2
0.57,0.109,0.364,0,0,1,2
0.57,0.109,0.367,0,0,1,2
0.57,0.109,0.37,0,0,1,2
0.57,0.109,0.373,0,0,1,2
0.57,0.109,0.376,0,0,1,2
0.57,0.109,0.379,0,0,1,2
0.57,0.109,0.382,0,0,1,2
0.57,0.109,0.385,0,0,1,2
0.57,0.109,0.388,0,0,1,2
0.57,0.109,0.391,0,0,1,2
0.57,0.109,0.394,0,0,1,2
0.57,0.109,0.397,0,0,1,2
0.57,0.109,0.4,0,0,1,2
0.57,0.109,0.403,0,0,1,2
0.57,0.109,0.406,0,0,1,2
0.57,0.109,0.409,0,0,1,2
0.57,0.109,0.412,0,0,1,2
0.57,0.109,0.415,0,0,1,2
0.57,0.109,0.418,0,0,1,2
0.57,0.109,0.420999,0,0,1,2
0.57,0.109,0.423999,0,0,1,2
0.57,0.109,0.426999,0,0,1,2
0.57,0.109,0.429999,0,0,1,2
0.57,0.109,0.432999,0,0,1,2
0.57,0.109,0.435999,0,0,1,2
0.57,0.109,0.438999,0,0,1,2
0.57,0.109,0.441999,0,0,1,2
0.57,0.109,0.444999,0,0,1,2
0.57,0.109,0.447999,0,0,1,2
0.57,0.109,0.450999,0,0,1,2
0.57,0.112,0.25,0,0,1,2
0.57,0.112,0.253,0,0,1,2
0.57,0.112,0.256,0,0,1,2
0.57,0.112,0.259,0,0,1,2
0.57,0.112,0.262,0,0,1,2
0.57,0.112,0.265,0,0,1,2
0.57,0.112,0.268,0,0,1,2
0.57,0.112,0.271,0,0,1,2
0.57,0.112,0.274,0,0,1,2
0.57,0.112,0.277,0,0,1,2
0.57,0.112,0.28,0,0,1,2
0.57,0.112,0.283,0,0,1,2
0.57,0.112,0.286,0,0,1,2
0.57,0.112,0.289,0,0,1,2
0.57,0.112,0.292,0,0,1,2
0.57,0.112,0.295,0,0,1,2
0.57,0.112,0.298,0,0,1,2
0.57,0.112,0.301,0,0,1,2
0.57,0.112,0.304,0,0,1,2
0.57,0.112,0.307,0,0,1,2
0.57,0.112,0.31,0,0,1,2
0.57,0.112,0.313,0,0,1,2
0.57,0.112,0.316,0,0,1,2
0.57,0.112,0.319,0,0,1,2
0.57,0.112,0.322,0,0,1,2
0.57,0.112,0.325,0,0,1,2
0.57,0.112,0.328,0,0,1,2
0.57,0.112,0.331,0,0,1,2
0.57,0.112,0.334,0,0,1,2
0.57,0.112,0.337,0,0,1,2
0.57,0.112,0.34,0,0,1,2
0.57,0.112,0.343,0,0,1,2
0.57,0.112,0.346,0,0,1,2
0.57,0.112,0.349,0,0,1,2
0.57,0.112,0.352,0,0,1,2
0.57,0.112,0.355,0,0,1,2
0.57,0.112,0.358,0,0,1,2
0.57,0.112,0.361,0,0,1,2
0.57,0.112,0.364,0,0,1,2
0.57,0.112,0.367,0,0,1,2
0.57,0.112,0.37,0,0,1,2
0.57,0.112,0.373,0,0,1,2
0.57,0.112,0.376,0,0,1,2
0.57,0.112,0.379,0,0,1,2
0.57,0.112,0.382,0,0,1,2
0.57,0.112,0.385,0,0,1,2
0.57,0.112,0.388,0,0,1,2
0.57,0.112,0.391,0,0,1,2
0.57,0.112,0.394,0,0,1,2
0.57,0.112,0.397,0,0,1,2
0.57,0.112,0.4,0,0,1,2
0.57,0.112,0.403,0,0,1,2
0.57,0.112,0.406,0,0,1,2
0.57,0.112,0.409,0,0,1,2
0.57,0.112,0.412,0,0,1,2
0.57,0.112,0.415,0,0,1,2
0.57,0.112,0.418,0,0,1,2
0.57,0.112,0.420999,0,0,1,2
0.57,0.112,0.423999,0,0,1,2
0.57,0.112,0.426999,0,0,1,2
0.57,0.112,0.429999,0,0,1,2
0.57,0.112,0.432999,0,0,1,2
0.57,0.112,0.435999,0,0,1,2
0.57,0.112,0.438999,0,0,1,2
0.57,0.112,0.441999,0,0,1,2
0.57,0.112,0.444999,0,0,1,2
0.57,0.112,0.447999,0,0,1,2
0.57,0.112,0.450999,0,0,1,2
0.57,0.115,0.25,0,0,1,2
0.57,0.115,0.253,0,0,1,2
0.57,0.115,0.256,0,0,1,2
0.57,0.115,0.259,0,0,1,2
0.57,0.115,0.262,0,0,1,2
0.57,0.115,0.265,0,0,1,2
0.57,0.115,0.268,0,0,1,2
0.57,0.115,0.271,0,0,1,2
0.57,0.115,0.274,0,0,1,2
0.57,0.115,0.277,0,0,1,2
0.57,0.115,0.28,0,0,1,2
0.57,0.115,0.283,0,0,1,2
0.57,0.115,0.286,0,0,1,2
0.57,0.115,0.289,0,0,1,2
0.57,0.115,0.292,0,0,1,2
0.57,0.115,0.295,0,0,1,2
0.57,0.115,0.298,0,0,1,2
0.57,0.115,0.301,0,0,1,2
0.57,0.115,0.304,0,0,1,2
0.57,0.115,0.307,0,0,1,2
0.57,0.115,0.31,0,0,1,2
0.57,0.115,0.313,0,0,1,2
0.57,0.115,0.316,0,0,1,2
0.57,0.115,0.319,0,0,1,2
0.57,0.115,0.322,0,0,1,2
0.57,0.115,0.325,0,0,1,2
0.57,0.115,0.328,0,0,1,2
0.57,0.115,0.331,0,0,1,2
0.57,0.115,0.334,0,0,1,2
0.57,0.115,0.337,0,0,1,2
0.57,0.115,0.34,0,0,1,2
0.57,0.115,0.343,0,0,1,2
0.57,0.115,0.346,0,0,1,2
0.57,0.115,0.349,0,0,1,2
0.57,0.115,0.352,0,0,1,2
0.57,0.115,0.355,0,0,1,2
0.57,0.115,0.358,0,0,1,2
0.57,0.115,0.361,0,0,1,2
0.57,0.115,0.364,0,0,1,2
0.57,0.115,0.367,0,0,1,2
0.57,0.115,0.37,0,0,1,2
0.57,0.115,0.373,0,0,1,2
0.57,0.115,0.376,0,0,1,2
0.57,0.115,0.379,0,0,1,2
0.57,0.115,0.382,0,0,1,2
0.57,0.115,0.385,0,0,1,2
0.57,0.115,0.388,0,0,1,2
0.57,0.115,0.391,0,0,1,2
0.57,0.115,0.394,0,0,1,2
0.57,0.115,0.397,0,0,1,2
0.57,0.115,0.4,0,0,1,2
0.57,0.115,0.403,0,0,1,2
0.57,0.115,0.406,0,0,1,2
0.57,0.115,0.409,0,0,1,2
0.57,0.115,0.412,0,0,1,2
0.57,0.115,0.415,0,0,1,2
0.57,0.115,0.418,0,0,1,2
0.57,0.115,0.420999,0,0,1,2
0.57,0.115,0.423999,0,0,1,2
0.57,0.115,0.426999,0,0,1,2
0.57,0.115,0.429999,0,0,1,2
0.57,0.115,0.432999,0,0,1,2
0.57,0.115,0.435999,0,0,1,2
0.57,0.115,0.438999,0,0,1,2
0.57,0.115,0.441999,0,0,1,2
0.57,0.115,0.444999,0,0,1,2
0.57,0.115,0.447999,0,0,1,2
0.57,0.115,0.450999,0,0,1,2
0.57,0.118,0.25,0,0,1,2
0.57,0.118,0.253,0,0,1,2
0.57,0.118,0.256,0,0,1,2
0.57,0.118,0.259,0,0,1,2
0.57,0.118,0.262,0,0,1,2
0.57,0.118,0.265,0,0,1,2
0.57,0.118,0.268,0,0,1,2
0.57,0.118,0.271,0,0,1,2
0.57,0.118,0.274,0,0,1,2
0.57,0.118,0.277,0,0,1,2
0.57,0.118,0.28,0,0,1,2
0.57,0.118,0.283,0,0,1,2
0.57,0.118,0.286,0,0,1,2
0.57,0.118,0.289,0,0,1,2
0.57,0.118,0.292,0,0,1,2
0.57,0.118,0.295,0,0,1,2
0.57,0.118,0.298,0,0,1,2
0.57,0.118,0.301,0,0,1,2
0.57,0.118,0.304,0,0,1,2
0.57,0.118,0.307,0,0,1,2
0.57,0.118,0.31,0,0,1,2
0.57,0.118,0.313,0,0,1,2
0.57,0.118,0.316,0,0,1,2
0.57,0.118,0.319,0,0,1,2
0.57,0.118,0.322,0,0,1,2
0.57,0.118,0.325,0,0,1,2
0.57,0.118,0.328,0,0,1,2
0.57,0.118,0.331,0,0,1,2
0.57,0.118,0.334,0,0,1,2
0.57,0.118,0.337,0,0,1,2
0.57,0.118,0.34,0,0,1,2
0.57,0.118,0.343,0,0,1,2
0.57,0.118,0.346,0,0,1,2
0.57,0.118,0.349,0,0,1,2
0.57,0.118,0.352,0,0,1,2
0.57,0.118,0.355,0,0,1,2
0.57,0.118,0.358,0,0,1,2
0.57,0.118,0.361,0,0,1,2
0.57,0.118,0.364,0,0,1,2
0.57,0.118,0.367,0,0,1,2
0.57,0.118,0.37,0,0,1,2
0.57,0.118,0.373,0,0,1,2
0.57,0.118,0.376,0,0,1,2
0.57,0.118,0.379,0,0,1,2
0.57,0.118,0.382,0,0,1,2
0.57,0.118,0.385,0,0,1,2
0.57,0.118,0.388,0,0,1,2
0.57,0.118,0.391,0,0,1,2
0.57,0.118,0.394,0,0,1,2
0.57,0.118,0.397,0,0,1,2
0.57,0.118,0.4,0,0,1,2
0.57,0.118,0.403,0,0,1,2
0.57,0.118,0.406,0,0,1,2
0.57,0.118,0.409,0,0,1,2
0.57,0.118,0.412,0,0,1,2
0.57,0.118,0.415,0,0,1,2
0.57,0.118,0.418,0,0,1,2
0.57,0.118,0.420999,0,0,1,2
0.57,0.118,0.423999,0,0,1,2
0.57,0.118,0.426999,0,0,1,2
0.57,0.118,0.429999,0,0,1,2
0.57,0.118,0.432999,0,0,1,2
0.57,0.118,0.435999,0,0,1,2
0.57,0.118,0.438999,0,0,1,2
0.57,0.118,0.441999,0,0,1,2
0.57,0.118,0.444999,0,0,1,2
0.57,0.118,0.447999,0,0,1,2
0.57,0.118,0.450999,0,0,1,2
0.57,0.121,0.25,0,0,1,2
0.57,0.121,0.253,0,0,1,2
0.57,0.121,0.256,0,0,1,2
0.57,0.121,0.259,0,0,1,2
0.57,0.121,0.262,0,0,1,2
0.57,0.121,0.265,0,0,1,2
0.57,0.121,0.268,0,0,1,2
0.57,0.121,0.271,0,0,1,2
0.57,0.121,0.274,0,0,1,2
0.57,0.121,0.277,0,0,1,2
0.57,0.121,0.28,0,0,1,2
0.57,0.121,0.283,0,0,1,2
0.57,0.121,0.286,0,0,1,2
0.57,0.121,0.289,0,0,1,2
0.57,0.121,0.292,0,0,1,2
0.57,0.121,0.295,0,0,1,2
0.57,0.121,0.298,0,0,1,2
0.57,0.121,0.301,0,0,1,2
0.57,0.121,0.304,0,0,1,2
0.57,0.121,0.307,0,0,1,2
0.57,0.121,0.31,0,0,1,2
0.57,0.121,0.313,0,0,1,2
0.57,0.121,0.316,0,0,1,2
0.57,0.121,0.319,0,0,1,2
0.57,0.121,0.322,0,0,1,2
0.57,0.121,0.325,0,0,1,2
0.57,0.121,0.328,0,0,1,2
0.57,0.121,0.331,0,0,1,2
0.57,0.121,0.334,0,0,1,2
0.57,0.121,0.337,0,0,1,2
0.57,0.121,0.34,0,0,1,2
0.57,0.121,0.343,0,0,1,2
0.57,0.121,0.346,0,0,1,2
0.57,0.121,0.349,0,0,1,2
0.57,0.121,0.352,0,0,1,2
0.57,0.121,0.355,0,0,1,2
0.57,0.121,0.358,0,0,1,2
0.57,0.121,0.361,0,0,1,2
0.57,0.121,0.364,0,0,1,2
0.57,0.121,0.367,0,0,1,2
0.57,0.121,0.37,0,0,1,2
0.57,0.121,0.373,0,0,1,2
0.57,0.121,0.376,0,0,1,2
0.57,0.121,0.379,0,0,1,2
0.57,0.121,0.382,0,0,1,2
0.57,0.121,0.385,0,0,1,2
0.57,0.121,0.388,0,0,1,2
0.57,0.121,0.391,0,0,1,2
0.57,0.121,0.394,0,0,1,2
0.57,0.121,0.397,0,0,1,2
0.57,0.121,0.4,0,0,1,2
0.57,0.121,0.403,0,0,1,2
0.57,0.121,0.406,0,0,1,2
0.57,0.121,0.409,0,0,1,2
0.57,0.121,0.412,0,0,1,2
0.57,0.121,0.415,0,0,1,2
0.57,0.121,0.418,0,0,1,2
0.57,0.121,0.420999,0,0,1,2
0.57,0.121,0.423999,0,0,1,2
0.57,0.121,0.426999,0,0,1,2
0.57,0.121,0.429999,0,0,1,2
0.57,0.121,0.432999,0,0,1,2
0.57,0.121,0.435999,0,0,1,2
0.57,0.121,0.438999,0,0,1,2
0.57,0.121,0.441999,0,0,1,2
0.57,0.121,0.444999,0,0,1,2
0.57,0.121,0.447999,0,0,1,2
0.57,0.121,0.450999,0,0,1,2
0.57,0.124,0.25,0,0,1,2
0.57,0.124,0.253,0,0,1,2
0.57,0.124,0.256,0,0,1,2
0.57,0.124,0.259,0,0,1,2
0.57,0.124,0.262,0,0,1,2
0.57,0.124,0.265,0,0,1,2
0.57,0.124,0.268,0,0,1,2
0.57,0.124,0.271,0,0,1,2
0.57,0.124,0.274,0,0,1,2
0.57,0.124,0.277,0,0,1,2
0.57,0.124,0.28,0,0,1,2
0.57,0.124,0.283,0,0,1,2
0.57,0.124,0.286,0,0,1,2
0.57,0.124,0.289,0,0,1,2
0.57,0.124,0.292,0,0,1,2
0.57,0.124,0.295,0,0,1,2
0.57,0.124,0.298,0,0,1,2
0.57,0.124,0.301,0,0,1,2
0.57,0.124,0.304,0,0,1,2
0.57,0.124,0.307,0,0,1,2
0.57,0.124,0.31,0,0,1,2
0.57,0.124,0.313,0,0,1,2
0.57,0.124,0.316,0,0,1,2
0.57,0.124,0.319,0,0,1,2
0.57,0.124,0.322,0,0,1,2
0.57,0.124,0.325,0,0,1,2
0.57,0.124,0.328,0,0,1,2
0.57,0.124,0.331,0,0,1,2
0.57,0.124,0.334,0,0,1,2
0.57,0.124,0.337,0,0,1,2
0.57,0.124,0.34,0,0,1,2
0.57,0.124,0.343,0,0,1,2
0.57,0.124,0.346,0,0,1,2
0.57,0.124,0.349,0,0,1,2
0.57,0.124,0.352,0,0,1,2
0.57,0.124,0.355,0,0,1,2
0.57,0.124,0.358,0,0,1,2
0.57,0.124,0.361,0,0,1,2
0.57,0.124,0.364,0,0,1,2
0.57,0.124,0.367,0,0,1,2
0.57,0.124,0.37,0,0,1,2
0.57,0.124,0.373,0,0,1,2
0.57,0.124,0.376,0,0,1,2
0.57,0.124,0.379,0,0,1,2
0.57,0.124,0.382,0,0,1,2
0.57,0.124,0.385,0,0,1,2
0.57,0.124,0.388,0,0,1,2
0.57,0.124,0.391,0,0,1,2
0.57,0.124,0.394,0,0,1,2
0.57,0.124,0.397,0,0,1,2
0.57,0.124,0.4,0,0,1,2
0.57,0.124,0.403,0,0,1,2
0.57,0.124,0.406,0,0,1,2
0.57,0.124,0.409,0,0,1,2
0.57,0.124,0.412,0,0,1,2
0.57,0.124,0.415,0,0,1,2
0.57,0.124,0.418,0,0,1,2
0.57,0.124,0.420999,0,0,1,2
0.57,0.124,0.423999,0,0,1,2
0.57,0.124,0.426999,0,0,1,2
0.57,0.124,0.429999,0,0,1,2
0.57,0.124,0.432999,0,0,1,2
0.57,0.124,0.435999,0,0,1,2
0.57,0.124,0.438999,0,0,1,2
0.57,0.124,0.441999,0,0,1,2
0.57,0.124,0.444999,0,0,1,2
0.57,0.124,0.447999,0,0,1,2
0.57,0.124,0.450999,0,0,1,2
0.57,0.127,0.25,0,0,1,2
0.57,0.127,0.253,0,0,1,2
0.57,0.127,0.256,0,0,1,2
0.57,0.127,0.259,0,0,1,2
0.57,0.127,0.262,0,0,1,2
0.57,0.127,0.265,0,0,1,2
0.57,0.127,0.268,0,0,1,2
0.57,0.127,0.271,0,0,1,2
0.57,0.127,0.274,0,0,1,2
0.57,0.127,0.277,0,0,1,2
0.57,0.127,0.28,0,0,1,2
0.57,0.127,0.283,0,0,1,2
0.57,0.127,0.286,0,0,1,2
0.57,0.127,0.289,0,0,1,2
0.57,0.127,0.292,0,0,1,2
0.57,0.127,0.295,0,0,1,2
0.57,0.127,0.298,0,0,1,2
0.57,0.127,0.301,0,0,1,2
0.57,0.127,0.304,0,0,1,2
0.57,0.127,0.307,0,0,1,2
0.57,0.127,0.31,0,0,1,2
0.57,0.127,0.313,0,0,1,2
0.57,0.127,0.316,0,0,1,2
0.57,0.127,0.319,0,0,1,2
0.57,0.127,0.322,0,0,1,2
0.57,0.127,0.325,0,0,1,2
0.57,0.127,0.328,0,0,1,2
0.57,0.127,0.331,0,0,1,2
0.57,0.127,0.334,0,0,1,2
0.57,0.127,0.337,0,0,1,2
0.57,0.127,0.34,0,0,1,2
0.57,0.127,0.343,0,0,1,2
0.57,0.127,0.346,0,0,1,2
0.57,0.127,0.349,0,0,1,2
0.57,0.127,0.352,0,0,1,2
0.57,0.127,0.355,0,0,1,2
0.57,0.127,0.358,0,0,1,2
0.57,0.127,0.361,0,0,1,2
0.57,0.127,0.364,0,0,1,2
0.57,0.127,0.367,0,0,1,2
0.57,0.127,0.37,0,0,1,2
0.57,0.127,0.373,0,0,1,2
0.57,0.127,0.376,0,0,1,2
0.57,0.127,0.379,0,0,1,2
0.57,0.127,0.382,0,0,1,2
0.57,0.127,0.385,0,0,1,2
0.57,0.127,0.388,0,0,1,2
0.57,0.127,0.391,0,0,1,2
0.57,0.127,0.394,0,0,1,2
0.57,0.127,0.397,0,0,1,2
0.57,0.127,0.4,0,0,1,2
0.57,0.127,0.403,0,0,1,2
0.57,0.127,0.406,0,0,1,2
0.57,0.127,0.409,0,0,1,2
0.57,0.127,0.412,0,0,1,2
0.57,0.127,0.415,0,0,1,2
0.57,0.127,0.418,0,0,1,2
0.57,0.127,0.420999,0,0,1,2
0.57,0.127,0.423999,0,0,1,2
0.57,0.127,0.426999,0,0,1,2
0.57,0.127,0.429999,0,0,1,2
0.57,0.127,0.432999,0,0,1,2
0.57,0.127,0.435999,0,0,1,2
0.57,0.127,0.438999,0,0,1,2
0.57,0.127,0.441999,0,0,1,2
0.57,0.127,0.444999,0,0,1,2
0.57,0.127,0.447999,0,0,1,2
0.57,0.127,0.450999,0,0,1,2
0.57,0.13,0.25,0,0,1,2
0.57,0.13,0.253,0,0,1,2
0.57,0.13,0.256,0,0,1,2
0.57,0.13,0.259,0,0,1,2
0.57,0.13,0.262,0,0,1,2
0.57,0.13,0.265,0,0,1,2
0.57,0.13,0.268,0,0,1,2
0.57,0.13,0.271,0,0,1,2
0.57,0.13,0.274,0,0,1,2
0.57,0.13,0.277,0,0,1,2
0.57,0.13,0.28,0,0,1,2
0.57,0.13,0.283,0,0,1,2
0.57,0.13,0.286,0,0,1,2
0.57,0.13,0.289,0,0,1,2
0.57,0.13,0.292,0,0,1,2
0.57,0.13,0.295,0,0,1,2
0.57,0.13,0.298,0,0,1,2
0.57,0.13,0.301,0,0,1,2
0.57,0.13,0.304,0,0,1,2
0.57,0.13,0.307,0,0,1,2
0.57,0.13,0.31,0,0,1,2
0.57,0.13,0.313,0,0,1,2
0.57,0.13,0.316,0,0,1,2
0.57,0.13,0.319,0,0,1,2
0.57,0.13,0.322,0,0,1,2
0.57,0.13,0.325,0,0,1,2
0.57,0.13,0.328,0,0,1,2
0.57,0.13,0.331,0,0,1,2
0.57,0.13,0.334,0,0,1,2
0.57,0.13,0.337,0,0,1,2
0.57,0.13,0.34,0,0,1,2
0.57,0.13,0.343,0,0,1,2
0.57,0.13,0.346,0,0,1,2
0.57,0.13,0.349,0,0,1,2
0.57,0.13,0.352,0,0,1,2
0.57,0.13,0.355,0,0,1,2
0.57,0.13,0.358,0,0,1,2
0.57,0.13,0.361,0,0,1,2
0.57,0.13,0.364,0,0,1,2
0.57,0.13,0.367,0,0,1,2
0.57,0.13,0.37,0,0,1,2
0.57,0.13,0.373,0,0,1,2
0.57,0.13,0.376,0,0,1,2
0.57,0.13,0.379,0,0,1,2
0.57,0.13,0.382,0,0,1,2
0.57,0.13,0.385,0,0,1,2
0.57,0.13,0.388,0,0,1,2
0.57,0.13,0.391,0,0,1,2
0.57,0.13,0.394,0,0,1,2
0.57,0.13,0.397,0,0,1,2
0.57,0.13,0.4,0,0,1,2
0.57,0.13,0.403,0,0,1,2
0.57,0.13,0.406,0,0,1,2
0.57,0.13,0.409,0,0,1,2
0.57,0.13,0.412,0,0,1,2
0.57,0.13,0.415,0,0,1,2
0.57,0.13,0.418,0,0,1,2
0.57,0.13,0.420999,0,0,1,2
0.57,0.13,0.423999,0,0,1,2
0.57,0.13,0.426999,0,0,1,2
0.57,0.13,0.429999,0,0,1,2
0.57,0.13,0.432999,0,0,1,2
0.57,0.13,0.435999,0,0,1,2
0.57,0.13,0.438999,0,0,1,2
0.57,0.13,0.441999,0,0,1,2
0.57,0.13,0.444999,0,0,1,2
0.57,0.13,0.447999,0,0,1,2
0.57,0.13,0.450999,0,0,1,2
0.57,0.133,0.25,0,0,1,2
0.57,0.133,0.253,0,0,1,2
0.57,0.133,0.256,0,0,1,2
0.57,0.133,0.259,0,0,1,2
0.57,0.133,0.262,0,0,1,2
0.57,0.133,0.265,0,0,1,2
0.57,0.133,0.268,0,0,1,2
0.57,0.133,0.271,0,0,1,2
0.57,0.133,0.274,0,0,1,2
0.57,0.133,0.277,0,0,1,2
0.57,0.133,0.28,0,0,1,2
0.57,0.133,0.283,0,0,1,2
0.57,0.133,0.286,0,0,1,2
0.57,0.133,0.289,0,0,1,2
0.57,0.133,0.292,0,0,1,2
0.57,0.133,0.295,0,0,1,2
0.57,0.133,0.298,0,0,1,2
0.57,0.133,0.301,0,0,1,2
0.57,0.133,0.304,0,0,1,2
0.57,0.133,0.307,0,0,1,2
0.57,0.133,0.31,0,0,1,2
0.57,0.133,0.313,0,0,1,2
0.57,0.133,0.316,0,0,1,2
0.57,0.133,0.319,0,0,1,2
0.57,0.133,0.322,0,0,1,2
0.57,0.133,0.325,0,0,1,2
0.57,0.133,0.328,0,0,1,2
0.57,0.133,0.331,0,0,1,2
0.57,0.133,0.334,0,0,1,2
0.57,0.133,0.337,0,0,1,2
0.57,0.133,0.34,0,0,1,2
0.57,0.133,0.343,0,0,1,2
0.57,0.133,0.346,0,0,1,2
0.57,0.133,0.349,0,0,1,2
0.57,0.133,0.352,0,0,1,2
0.57,0.133,0.355,0,0,1,2
0.57,0.133,0.358,0,0,1,2
0.57,0.133,0.361,0,0,1,2
0.57,0.133,0.364,0,0,1,2
0.57,0.133,0.367,0,0,1,2
0.57,0.133,0.37,0,0,1,2
0.57,0.133,0.373,0,0,1,2
0.57,0.133,0.376,0,0,1,2
0.57,0.133,0.379,0,0,1,2
0.57,0.133,0.382,0,0,1,2
0.57,0.133,0.385,0,0,1,2
0.57,0.133,0.388,0,0,1,2
0.57,0.133,0.391,0,0,1,2
0.57,0.133,0.394,0,0,1,2
0.57,0.133,0.397,0,0,1,2
0.57,0.133,0.4,0,0,1,2
0.57,0.133,0.403,0,0,1,2
0.57,0.133,0.406,0,0,1,2
0.57,0.133,0.409,0,0,1,2
0.57,0.133,0.412,0,0,1,2
0.57,0.133,0.415,0,0,1,2
0.57,0.133,0.418,0,0,1,2
0.57,0.133,0.420999,0,0,1,2
0.57,0.133,0.423999,0,0,1,2
0.57,0.133,0.426999,0,0,1,2
0.57,0.133,0.429999,0,0,1,2
0.57,0.133,0.432999,0,0,1,2
0.57,0.133,0.435999,0,0,1,2
0.57,0.133,0.438999,0,0,1,2
0.57,0.133,0.441999,0,0,1,2
0.57,0.133,0.444999,0,0,1,2
0.57,0.133,0.447999,0,0,1,2
0.57,0.133,0.450999,0,0,1,2
0.57,0.136,0.25,0,0,1,2
0.57,0.136,0.253,0,0,1,2
0.57,0.136,0.256,0,0,1,2
0.57,0.136,0.259,0,0,1,2
0.57,0.136,0.262,0,0,1,2
0.57,0.136,0.265,0,0,1,2
0.57,0.136,0.268,0,0,1,2
0.57,0.136,0.271,0,0,1,2
0.57,0.136,0.274,0,0,1,2
0.57,0.136,0.277,0,0,1,2
0.57,0.136,0.28,0,0,1,2
0.57,0.136,0.283,0,0,1,2
0.57,0.136,0.286,0,0,1,2
0.57,0.136,0.289,0,0,1,2
0.57,0.136,0.292,0,0,1,2
0.57,0.136,0.295,0,0,1,2
0.57,0.136,0.298,0,0,1,2
0.57,0.136,0.301,0,0,1,2
0.57,0.136,0.304,0,0,1,2
0.57,0.136,0.307,0,0,1,2
0.57,0.136,0.31,0,0,1,2
0.57,0.136,0.313,0,0,1,2
0.57,0.136,0.316,0,0,1,2
0.57,0.136,0.319,0,0,1,2
0.57,0.136,0.322,0,0,1,2
0.57,0.136,0.325,0,0,1,2
0.57,0.136,0.328,0,0,1,2
0.57,0.136,0.331,0,0,1,2
0.57,0.136,0.334,0,0,1,2
0.57,0.136,0.337,0,0,1,2
0.57,0.136,0.34,0,0,1,2
0.57,0.136,0.343,0,0,1,2
0.57,0.136,0.346,0,0,1,2
0.57,0.136,0.349,0,0,1,2
0.57,0.136,0.352,0,0,1,2
0.57,0.136,0.355,0,0,1,2
0.57,0.136,0.358,0,0,1,2
0.57,0.136,0.361,0,0,1,2
0.57,0.136,0.364,0,0,1,2
0.57,0.136,0.367,0,0,1,2
0.57,0.136,0.37,0,0,1,2
0.57,0.136,0.373,0,0,1,2
0.57,0.136,0.376,0,0,1,2
0.57,0.136,0.379,0,0,1,2
0.57,0.136,0.382,0,0,1,2
0.57,0.136,0.385,0,0,1,2
0.57,0.136,0.388,0,0,1,2
0.57,0.136,0.391,0,0,1,2
0.57,0.136,0.394,0,0,1,2
0.57,0.136,0.397,0,0,1,2
0.57,0.136,0.4,0,0,1,2
0.57,0.136,0.403,0,0,1,2
0.57,0.136,0.406,0,0,1,2
0.57,0.136,0.409,0,0,1,2
0.57,0.136,0.412,0,0,1,2
0.57,0.136,0.415,0,0,1,2
0.57,0.136,0.418,0,0,1,2
0.57,0.136,0.420999,0,0,1,2
0.57,0.136,0.423999,0,0,1,2
0.57,0.136,0.426999,0,0,1,2
0.57,0.136,0.429999,0,0,1,2
0.57,0.136,0.432999,0,0,1,2
0.57,0.136,0.435999,0,0,1,2
0.57,0.136,0.438999,0,0,1,2
0.57,0.136,0.441999,0,0,1,2
0.57,0.136,0.444999,0,0,1,2
0.57,0.136,0.447999,0,0,1,2
0.57,0.136,0.450999,0,0,1,2
0.57,0.139,0.25,0,0,1,2
0.57,0.139,0.253,0,0,1,2
0.57,0.139,0.256,0,0,1,2
0.57,0.139,0.259,0,0,1,2
0.57,0.139,0.262,0,0,1,2
0.57,0.139,0.265,0,0,1,2
0.57,0.139,0.268,0,0,1,2
0.57,0.139,0.271,0,0,1,2
0.57,0.139,0.274,0,0,1,2
0.57,0.139,0.277,0,0,1,2
0.57,0.139,0.28,0,0,1,2
0.57,0.139,0.283,0,0,1,2
0.57,0.139,0.286,0,0,1,2
0.57,0.139,0.289,0,0,1,2
0.57,0.139,0.292,0,0,1,2
0.57,0.139,0.295,0,0,1,2
0.57,0.139,0.298,0,0,1,2
0.57,0.139,0.301,0,0,1,2
0.57,0.139,0.304,0,0,1,2
0.57,0.139,0.307,0,0,1,2
0.57,0.139,0.31,0,0,1,2
0.57,0.139,0.313,0,0,1,2
0.57,0.139,0.316,0,0,1,2
0.57,0.139,0.319,0,0,1,2
0.57,0.139,0.322,0,0,1,2
0.57,0.139,0.325,0,0,1,2
0.57,0.139,0.328,0,0,1,2
0.57,0.139,0.331,0,0,1,2
0.57,0.139,0.334,0,0,1,2
0.57,0.139,0.337,0,0,1,2
0.57,0.139,0.34,0,0,1,2
0.57,0.139,0.343,0,0,1,2
0.57,0.139,0.346,0,0,1,2
0.57,0.139,0.349,0,0,1,2
0.57,0.139,0.352,0,0,1,2
0.57,0.139,0.355,0,0,1,2
0.57,0.139,0.358,0,0,1,2
0.57,0.139,0.361,0,0,1,2
0.57,0.139,0.364,0,0,1,2
0.57,0.139,0.367,0,0,1,2
0.57,0.139,0.37,0,0,1,2
0.57,0.139,0.373,0,0,1,2
0.57,0.139,0.376,0,0,1,2
0.57,0.139,0.379,0,0,1,2
0.57,0.139,0.382,0,0,1,2
0.57,0.139,0.385,0,0,1,2
0.57,0.139,0.388,0,0,1,2
0.57,0.139,0.391,0,0,1,2
0.57,0.139,0.394,0,0,1,2
0.57,0.139,0.397,0,0,1,2
0.57,0.139,0.4,0,0,1,2
0.57,0.139,0.403,0,0,1,2
0.57,0.139,0.406,0,0,1,2
0.57,0.139,0.409,0,0,1,2
0.57,0.139,0.412,0,0,1,2
0.57,0.139,0.415,0,0,1,2
0.57,0.139,0.418,0,0,1,2
0.57,0.139,0.420999,0,0,1,2
0.57,0.139,0.423999,0,0,1,2
0.57,0.139,0.426999,0,0,1,2
0.57,0.139,0.429999,0,0,1,2
0.57,0.139,0.432999,0,0,1,2
0.57,0.139,0.435999,0,0,1,2
0.57,0.139,0.438999,0,0,1,2
0.57,0.139,0.441999,0,0,1,2
0.57,0.139,0.444999,0,0,1,2
0.57,0.139,0.447999,0,0,1,2
0.57,0.139,0.450999,0,0,1,2
0.57,0.142,0.25,0,0,1,2
0.57,0.142,0.253,0,0,1,2
0.57,0.142,0.256,0,0,1,2
0.57,0.142,0.259,0,0,1,2
0.57,0.142,0.262,0,0,1,2
0.57,0.142,0.265,0,0,1,2
0.57,0.142,0.268,0,0,1,2
0.57,0.142,0.271,0,0,1,2
0.57,0.142,0.274,0,0,1,2
0.57,0.142,0.277,0,0,1,2
0.57,0.142,0.28,0,0,1,2
0.57,0.142,0.283,0,0,1,2
0.57,0.142,0.286,0,0,1,2
0.57,0.142,0.289,0,0,1,2
0.57,0.142,0.292,0,0,1,2
0.57,0.142,0.295,0,0,1,2
0.57,0.142,0.298,0,0,1,2
0.57,0.142,0.301,0,0,1,2
0.57,0.142,0.304,0,0,1,2
0.57,0.142,0.307,0,0,1,2
0.57,0.142,0.31,0,0,1,2
0.57,0.142,0.313,0,0,1,2
0.57,0.142,0.316,0,0,1,2
0.57,0.142,0.319,0,0,1,2
0.57,0.142,0.322,0,0,1,2
0.57,0.142,0.325,0,0,1,2
0.57,0.142,0.328,0,0,1,2
0.57,0.142,0.331,0,0,1,2
0.57,0.142,0.334,0,0,1,2
0.57,0.142,0.337,0,0,1,2
0.57,0.142,0.34,0,0,1,2
0.57,0.142,0.343,0,0,1,2
0.57,0.142,0.346,0,0,1,2
0.57,0.142,0.349,0,0,1,2
0.57,0.142,0.352,0,0,1,2
0.57,0.142,0.355,0,0,1,2
0.57,0.142,0.358,0,0,1,2
0.57,0.142,0.361,0,0,1,2
0.57,0.142,0.364,0,0,1,2
0.57,0.142,0.367,0,0,1,2
0.57,0.142,0.37,0,0,1,2
0.57,0.142,0.373,0,0,1,2
0.57,0.142,0.376,0,0,1,2
0.57,0.142,0.379,0,0,1,2
0.57,0.142,0.382,0,0,1,2
0.57,0.142,0.385,0,0,1,2
0.57,0.142,0.388,0,0,1,2
0.57,0.142,0.391,0,0,1,2
0.57,0.142,0.394,0,0,1,2
0.57,0.142,0.397,0,0,1,2
0.57,0.142,0.4,0,0,1,2
0.57,0.142,0.403,0,0,1,2
0.57,0.142,0.406,0,0,1,2
0.57,0.142,0.409,0,0,1,2
0.57,0.142,0.412,0,0,1,2
0.57,0.142,0.415,0,0,1,2
0.57,0.142,0.418,0,0,1,2
0.57,0.142,0.420999,0,0,1,2
0.57,0.142,0.423999,0,0,1,2
0.57,0.142,0.426999,0,0,1,2
0.57,0.142,0.429999,0,0,1,2
0.57,0.142,0.432999,0,0,1,2
0.57,0.142,0.435999,0,0,1,2
0.57,0.142,0.438999,0,0,1,2
0.57,0.142,0.441999,0,0,1,2
0.57,0.142,0.444999,0,0,1,2
0.57,0.142,0.447999,0,0,1,2
0.57,0.142,0.450999,0,0,1,2
0.57,0.145,0.25,0,0,1,2
0.57,0.145,0.253,0,0,1,2
0.57,0.145,0.256,0,0,1,2
0.57,0.145,0.259,0,0,1,2
0.57,0.145,0.262,0,0,1,2
0.57,0.145,0.265,0,0,1,2
0.57,0.145,0.268,0,0,1,2
0.57,0.145,0.271,0,0,1,2
0.57,0.145,0.274,0,0,1,2
0.57,0.145,0.277,0,0,1,2
0.57,0.145,0.28,0,0,1,2
0.57,0.145,0.283,0,0,1,2
0.57,0.145,0.286,0,0,1,2
0.57,0.145,0.289,0,0,1,2
0.57,0.145,0.292,0,0,1,2
0.57,0.145,0.295,0,0,1,2
0.57,0.145,0.298,0,0,1,2
0.57,0.145,0.301,0,0,1,2
0.57,0.145,0.304,0,0,1,2
0.57,0.145,0.307,0,0,1,2
0.57,0.145,0.31,0,0,1,2
0.57,0.145,0.313,0,0,1,2
0.57,0.145,0.316,0,0,1,2
0.57,0.145,0.319,0,0,1,2
0.57,0.145,0.322,0,0,1,2
0.57,0.145,0.325,0,0,1,2
0.57,0.145,0.328,0,0,1,2
0.57,0.145,0.331,0,0,1,2
0.57,0.145,0.334,0,0,1,2
0.57,0.145,0.337,0,0,1,2
0.57,0.145,0.34,0,0,1,2
0.57,0.145,0.343,0,0,1,2
0.57,0.145,0.346,0,0,1,2
0.57,0.145,0.349,0,0,1,2
0.57,0.145,0.352,0,0,1,2
0.57,0.145,0.355,0,0,1,2
0.57,0.145,0.358,0,0,1,2
0.57,0.145,0.361,0,0,1,2
0.57,0.145,0.364,0,0,1,2
0.57,0.145,0.367,0,0,1,2
0.57,0.145,0.37,0,0,1,2
0.57,0.145,0.373,0,0,1,2
0.57,0.145,0.376,0,0,1,2
0.57,0.145,0.379,0,0,1,2
0.57,0.145,0.382,0,0,1,2
0.57,0.145,0.385,0,0,1,2
0.57,0.145,0.388,0,0,1,2
0.57,0.145,0.391,0,0,1,2
0.57,0.145,0.394,0,0,1,2
0.57,0.145,0.397,0,0,1,2
0.57,0.145,0.4,0,0,1,2
0.57,0.145,0.403,0,0,1,2
0.57,0.145,0.406,0,0,1,2
0.57,0.145,0.409,0,0,1,2
0.57,0.145,0.412,0,0,1,2
0.57,0.145,0.415,0,0,1,2
0.57,0.145,0.418,0,0,1,2
0.57,0.145,0.420999,0,0,1,2
0.57,0.145,0.423999,0,0,1,2
0.57,0.145,0.426999,0,0,1,2
0.57,0.145,0.429999,0,0,1,2
0.57,0.145,0.432999,0,0,1,2
0.57,0.145,0.435999,0,0,1,2
0.57,0.145,0.438999,0,0,1,2
0.57,0.145,0.441999,0,0,1,2
0.57,0.145,0.444999,0,0,1,2
0.57,0.145,0.447999,0,0,1,2
0.57,0.145,0.450999,0,0,1,2
0.57,0.148,0.25,0,0,1,2
0.57,0.148,0.253,0,0,1,2
0.57,0.148,0.256,0,0,1,2
0.57,0.148,0.259,0,0,1,2
0.57,0.148,0.262,0,0,1,2
0.57,0.148,0.265,0,0,1,2
0.57,0.148,0.268,0,0,1,2
0.57,0.148,0.271,0,0,1,2
0.57,0.148,0.274,0,0,1,2
0.57,0.148,0.277,0,0,1,2
0.57,0.148,0.28,0,0,1,2
0.57,0.148,0.283,0,0,1,2
0.57,0.148,0.286,0,0,1,2
0.57,0.148,0.289,0,0,1,2
0.57,0.148,0.292,0,0,1,2
0.57,0.148,0.295,0,0,1,2
0.57,0.148,0.298,0,0,1,2
0.57,0.148,0.301,0,0,1,2
0.57,0.148,0.304,0,0,1,2
0.57,0.148,0.307,0,0,1,2
0.57,0.148,0.31,0,0,1,2
0.57,0.148,0.313,0,0,1,2
0.57,0.148,0.316,0,0,1,2
0.57,0.148,0.319,0,0,1,2
0.57,0.148,0.322,0,0,1,2
0.57,0.148,0.325,0,0,1,2
0.57,0.148,0.328,0,0,1,2
0.57,0.148,0.331,0,0,1,2
0.57,0.148,0.334,0,0,1,2
0.57,0.148,0.337,0,0,1,2
0.57,0.148,0.34,0,0,1,2
0.57,0.148,0.343,0,0,1,2
0.57,0.148,0.346,0,0,1,2
0.57,0.148,0.349,0,0,1,2
0.57,0.148,0.352,0,0,1,2
0.57,0.148,0.355,0,0,1,2
0.57,0.148,0.358,0,0,1,2
0.57,0.148,0.361,0,0,1,2
0.57,0.148,0.364,0,0,1,2
0.57,0.148,0.367,0,0,1,2
0.57,0.148,0.37,0,0,1,2
0.57,0.148,0.373,0,0,1,2
0.57,0.148,0.376,0,0,1,2
0.57,0.148,0.379,0,0,1,2
0.57,0.148,0.382,0,0,1,2
0.57,0.148,0.385,0,0,1,2
0.57,0.148,0.388,0,0,1,2
0.57,0.148,0.391,0,0,1,2
0.57,0.148,0.394,0,0,1,2
0.57,0.148,0.397,0,0,1,2
0.57,0.148,0.4,0,0,1,2
0.57,0.148,0.403,0,0,1,2
0.57,0.148,0.406,0,0,1,2
0.57,0.148,0.409,0,0,1,2
0.57,0.148,0.412,0,0,1,2
0.57,0.148,0.415,0,0,1,2
0.57,0.148,0.418,0,0,1,2
0.57,0.148,0.420999,0,0,1,2
0.57,0.148,0.423999,0,0,1,2
0.57,0.148,0.426999,0,0,1,2
0.57,0.148,0.429999,0,0,1,2
0.57,0.148,0.432999,0,0,1,2
0.57,0.148,0.435999,0,0,1,2
0.57,0.148,0.438999,0,0,1,2
0.57,0.148,0.441999,0,0,1,2
0.57,0.148,0.444999,0,0,1,2
0.57,0.148,0.447999,0,0,1,2
0.57,0.148,0.450999,0,0,1,2
0.57,0.151,0.25,0,0,1,2
0.57,0.151,0.253,0,0,1,2
0.57,0.151,0.256,0,0,1,2
0.57,0.151,0.259,0,0,1,2
0.57,0.151,0.262,0,0,1,2
0.57,0.151,0.265,0,0,1,2
0.57,0.151,0.268,0,0,1,2
0.57,0.151,0.271,0,0,1,2
0.57,0.151,0.274,0,0,1,2
0.57,0.151,0.277,0,0,1,2
0.57,0.151,0.28,0,0,1,2
0.57,0.151,0.283,0,0,1,2
0.57,0.151,0.286,0,0,1,2
0.57,0.151,0.289,0,0,1,2
0.57,0.151,0.292,0,0,1,2
0.57,0.151,0.295,0,0,1,2
0.57,0.151,0.298,0,0,1,2
0.57,0.151,0.301,0,0,1,2
0.57,0.151,0.304,0,0,1,2
0.57,0.151,0.307,0,0,1,2
0.57,0.151,0.31,0,0,1,2
0.57,0.151,0.313,0,0,1,2
0.57,0.151,0.316,0,0,1,2
0.57,0.151,0.319,0,0,1,2
0.57,0.151,0.322,0,0,1,2
0.57,0.151,0.325,0,0,1,2
0.57,0.151,0.328,0,0,1,2
0.57,0.151,0.331,0,0,1,2
0.57,0.151,0.334,0,0,1,2
0.57,0.151,0.337,0,0,1,2
0.57,0.151,0.34,0,0,1,2
0.57,0.151,0.343,0,0,1,2
0.57,0.151,0.346,0,0,1,2
0.57,0.151,0.349,0,0,1,2
0.57,0.151,0.352,0,0,1,2
0.57,0.151,0.355,0,0,1,2
0.57,0.151,0.358,0,0,1,2
0.57,0.151,0.361,0,0,1,2
0.57,0.151,0.364,0,0,1,2
0.57,0.151,0.367,0,0,1,2
0.57,0.151,0.37,0,0,1,2
0.57,0.151,0.373,0,0,1,2
0.57,0.151,0.376,0,0,1,2
0.57,0.151,0.379,0,0,1,2
0.57,0.151,0.382,0,0,1,2
0.57,0.151,0.385,0,0,1,2
0.57,0.151,0.388,0,0,1,2
0.57,0.151,0.391,0,0,1,2
0.57,0.151,0.394,0,0,1,2
0.57,0.151,0.397,0,0,1,2
0.57,0.151,0.4,0,0,1,2
0.57,0.151,0.403,0,0,1,2
0.57,0.151,0.406,0,0,1,2
0.57,0.151,0.409,0,0,1,2
0.57,0.151,0.412,0,0,1,2
0.57,0.151,0.415,0,0,1,2
0.57,0.151,0.418,0,0,1,2
0.57,0.151,0.420999,0,0,1,2
0.57,0.151,0.423999,0,0,1,2
0.57,0.151,0.426999,0,0,1,2
0.57,0.151,0.429999,0,0,1,2
0.57,0.151,0.432999,0,0,1,2
0.57,0.151,0.435999,0,0,1,2
0.57,0.151,0.438999,0,0,1,2
0.57,0.151,0.441999,0,0,1,2
0.57,0.151,0.444999,0,0,1,2
0.57,0.151,0.447999,0,0,1,2
0.57,0.151,0.450999,0,0,1,2
0.57,0.154,0.25,0,0,1,2
0.57,0.154,0.253,0,0,1,2
0.57,0.154,0.256,0,0,1,2
0.57,0.154,0.259,0,0,1,2
0.57,0.154,0.262,0,0,1,2
0.57,0.154,0.265,0,0,1,2
0.57,0.154,0.268,0,0,1,2
0.57,0.154,0.271,0,0,1,2
0.57,0.154,0.274,0,0,1,2
0.57,0.154,0.277,0,0,1,2
0.57,0.154,0.28,0,0,1,2
0.57,0.154,0.283,0,0,1,2
0.57,0.154,0.286,0,0,1,2
0.57,0.154,0.289,0,0,1,2
0.57,0.154,0.292,0,0,1,2
0.57,0.154,0.295,0,0,1,2
0.57,0.154,0.298,0,0,1,2
0.57,0.154,0.301,0,0,1,2
0.57,0.154,0.304,0,0,1,2
0.57,0.154,0.307,0,0,1,2
0.57,0.154,0.31,0,0,1,2
0.57,0.154,0.313,0,0,1,2
0.57,0.154,0.316,0,0,1,2
0.57,0.154,0.319,0,0,1,2
0.57,0.154,0.322,0,0,1,2
0.57,0.154,0.325,0,0,1,2
0.57,0.154,0.328,0,0,1,2
0.57,0.154,0.331,0,0,1,2
0.57,0.154,0.334,0,0,1,2
0.57,0.154,0.337,0,0,1,2
0.57,0.154,0.34,0,0,1,2
0.57,0.154,0.343,0,0,1,2
0.57,0.154,0.346,0,0,1,2
0.57,0.154,0.349,0,0,1,2
0.57,0.154,0.352,0,0,1,2
0.57,0.154,0.355,0,0,1,2
0.57,0.154,0.358,0,0,1,2
0.57,0.154,0.361,0,0,1,2
0.57,0.154,0.364,0,0,1,2
0.57,0.154,0.367,0,0,1,2
0.57,0.154,0.37,0,0,1,2
0.57,0.154,0.373,0,0,1,2
0.57,0.154,0.376,0,0,1,2
0.57,0.154,0.379,0,0,1,2
0.57,0.154,0.382,0,0,1,2
0.57,0.154,0.385,0,0,1,2
0.57,0.154,0.388,0,0,1,2
0.57,0.154,0.391,0,0,1,2
0.57,0.154,0.394,0,0,1,2
0.57,0.154,0.397,0,0,1,2
0.57,0.154,0.4,0,0,1,2
0.57,0.154,0.403,0,0,1,2
0.57,0.154,0.406,0,0,1,2
0.57,0.154,0.409,0,0,1,2
0.57,0.154,0.412,0,0,1,2
0.57,0.154,0.415,0,0,1,2
0.57,0.154,0.418,0,0,1,2
0.57,0.154,0.420999,0,0,1,2
0.57,0.154,0.423999,0,0,1,2
0.57,0.154,0.426999,0,0,1,2
0.57,0.154,0.429999,0,0,1,2
0.57,0.154,0.432999,0,0,1,2
0.57,0.154,0.435999,0,0,1,2
0.57,0.154,0.438999,0,0,1,2
0.57,0.154,0.441999,0,0,1,2
0.57,0.154,0.444999,0,0,1,2
0.57,0.154,0.447999,0,0,1,2
0.57,0.154,0.450999,0,0,1,2
0.57,0.157,0.25,0,0,1,2
0.57,0.157,0.253,0,0,1,2
0.57,0.157,0.256,0,0,1,2
0.57,0.157,0.259,0,0,1,2
0.57,0.157,0.262,0,0,1,2
0.57,0.157,0.265,0,0,1,2
0.57,0.157,0.268,0,0,1,2
0.57,0.157,0.271,0,0,1,2
0.57,0.157,0.274,0,0,1,2
0.57,0.157,0.277,0,0,1,2
0.57,0.157,0.28,0,0,1,2
0.57,0.157,0.283,0,0,1,2
0.57,0.157,0.286,0,0,1,2
0.57,0.157,0.289,0,0,1,2
0.57,0.157,0.292,0,0,1,2
0.57,0.157,0.295,0,0,1,2
0.57,0.157,0.298,0,0,1,2
0.57,0.157,0.301,0,0,1,2
0.57,0.157,0.304,0,0,1,2
0.57,0.157,0.307,0,0,1,2
0.57,0.157,0.31,0,0,1,2
0.57,0.157,0.313,0,0,1,2
0.57,0.157,0.316,0,0,1,2
0.57,0.157,0.319,0,0,1,2
0.57,0.157,0.322,0,0,1,2
0.57,0.157,0.325,0,0,1,2
0.57,0.157,0.328,0,0,1,2
0.57,0.157,0.331,0,0,1,2
0.57,0.157,0.334,0,0,1,2
0.57,0.157,0.337,0,0,1,2
0.57,0.157,0.34,0,0,1,2
0.57,0.157,0.343,0,0,1,2
0.57,0.157,0.346,0,0,1,2
0.57,0.157,0.349,0,0,1,2
0.57,0.157,0.352,0,0,1,2
0.57,0.157,0.355,0,0,1,2
0.57,0.157,0.358,0,0,1,2
0.57,0.157,0.361,0,0,1,2
0.57,0.157,0.364,0,0,1,2
0.57,0.157,0.367,0,0,1,2
0.57,0.157,0.37,0,0,1,2
0.57,0.157,0.373,0,0,1,2
0.57,0.157,0.376,0,0,1,2
0.57,0.157,0.379,0,0,1,2
0.57,0.157,0.382,0,0,1,2
0.57,0.157,0.385,0,0,1,2
0.57,0.157,0.388,0,0,1,2
0.57,0.157,0.391,0,0,1,2
0.57,0.157,0.394,0,0,1,2
0.57,0.157,0.397,0,0,1,2
0.57,0.157,0.4,0,0,1,2
0.57,0.157,0.403,0,0,1,2
0.57,0.157,0.406,0,0,1,2
0.57,0.157,0.409,0,0,1,2
0.57,0.157,0.412,0,0,1,2
0.57,0.157,0.415,0,0,1,2
0.57,0.157,0.418,0,0,1,2
0.57,0.157,0.420999,0,0,1,2
0.57,0.157,0.423999,0,0,1,2
0.57,0.157,0.426999,0,0,1,2
0.57,0.157,0.429999,0,0,1,2
0.57,0.157,0.432999,0,0,1,2
0.57,0.157,0.435999,0,0,1,2
0.57,0.157,0.438999,0,0,1,2
0.57,0.157,0.441999,0,0,1,2
0.57,0.157,0.444999,0,0,1,2
0.57,0.157,0.447999,0,0,1,2
0.57,0.157,0.450999,0,0,1,2
0.57,0.16,0.25,0,0,1,2
0.57,0.16,0.253,0,0,1,2
0.57,0.16,0.256,0,0,1,2
0.57,0.16,0.259,0,0,1,2
0.57,0.16,0.262,0,0,1,2
0.57,0.16,0.265,0,0,1,2
0.57,0.16,0.268,0,0,1,2
0.57,0.16,0.271,0,0,1,2
0.57,0.16,0.274,0,0,1,2
0.57,0.16,0.277,0,0,1,2
0.57,0.16,0.28,0,0,1,2
0.57,0.16,0.283,0,0,1,2
0.57,0.16,0.286,0,0,1,2
0.57,0.16,0.289,0,0,1,2
0.57,0.16,0.292,0,0,1,2
0.57,0.16,0.295,0,0,1,2
0.57,0.16,0.298,0,0,1,2
0.57,0.16,0.301,0,0,1,2
0.57,0.16,0.304,0,0,1,2
0.57,0.16,0.307,0,0,1,2
0.57,0.16,0.31,0,0,1,2
0.57,0.16,0.313,0,0,1,2
0.57,0.16,0.316,0,0,1,2
0.57,0.16,0.319,0,0,1,2
0.57,0.16,0.322,0,0,1,2
0.57,0.16,0.325,0,0,1,2
0.57,0.16,0.328,0,0,1,2
0.57,0.16,0.331,0,0,1,2
0.57,0.16,0.334,0,0,1,2
0.57,0.16,0.337,0,0,1,2
0.57,0.16,0.34,0,0,1,2
0.57,0.16,0.343,0,0,1,2
0.57,0.16,0.346,0,0,1,2
0.57,0.16,0.349,0,0,1,2
0.57,0.16,0.352,0,0,1,2
0.57,0.16,0.355,0,0,1,2
0.57,0.16,0.358,0,0,1,2
0.57,0.16,0.361,0,0,1,2
0.57,0.16,0.364,0,0,1,2
0.57,0.16,0.367,0,0,1,2
0.57,0.16,0.37,0,0,1,2
0.57,0.16,0.373,0,0,1,2
0.57,0.16,0.376,0,0,1,2
0.57,0.16,0.379,0,0,1,2
0.57,0.16,0.382,0,0,1,2
0.57,0.16,0.385,0,0,1,2
0.57,0.16,0.388,0,0,1,2
0.57,0.16,0.391,0,0,1,2
0.57,0.16,0.394,0,0,1,2
0.57,0.16,0.397,0,0,1,2
0.57,0.16,0.4,0,0,1,2
0.57,0.16,0.403,0,0,1,2
0.57,0.16,0.406,0,0,1,2
0.57,0.16,0.409,0,0,1,2
0.57,0.16,0.412,0,0,1,2
0.57,0.16,0.415,0,0,1,2
0.57,0.16,0.418,0,0,1,2
0.57,0.16,0.420999,0,0,1,2
0.57,0.16,0.423999,0,0,1,2
0.57,0.16,0.426999,0,0,1,2
0.57,0.16,0.429999,0,0,1,2
0.57,0.16,0.432999,0,0,1,2
0.57,0.16,0.435999,0,0,1,2
0.57,0.16,0.438999,0,0,1,2
0.57,0.16,0.441999,0,0,1,2
0.57,0.16,0.444999,0,0,1,2
0.57,0.16,0.447999,0,0,1,2
0.57,0.16,0.450999,0,0,1,2
0.57,0.163,0.25,0,0,1,2
0.57,0.163,0.253,0,0,1,2
0.57,0.163,0.256,0,0,1,2
0.57,0.163,0.259,0,0,1,2
0.57,0.163,0.262,0,0,1,2
0.57,0.163,0.265,0,0,1,2
0.57,0.163,0.268,0,0,1,2
0.57,0.163,0.271,0,0,1,2
0.57,0.163,0.274,0,0,1,2
0.57,0.163,0.277,0,0,1,2
0.57,0.163,0.28,0,0,1,2
0.57,0.163,0.283,0,0,1,2
0.57,0.163,0.286,0,0,1,2
0.57,0.163,0.289,0,0,1,2
0.57,0.163,0.292,0,0,1,2
0.57,0.163,0.295,0,0,1,2
0.57,0.163,0.298,0,0,1,2
0.57,0.163,0.301,0,0,1,2
0.57,0.163,0.304,0,0,1,2
0.57,0.163,0.307,0,0,1,2
0.57,0.163,0.31,0,0,1,2
0.57,0.163,0.313,0,0,1,2
0.57,0.163,0.316,0,0,1,2
0.57,0.163,0.319,0,0,1,2
0.57,0.163,0.322,0,0,1,2
0.57,0.163,0.325,0,0,1,2
0.57,0.163,0.328,0,0,1,2
0.57,0.163,0.331,0,0,1,2
0.57,0.163,0.334,0,0,1,2
0.57,0.163,0.337,0,0,1,2
0.57,0.163,0.34,0,0,1,2
0.57,0.163,0.343,0,0,1,2
0.57,0.163,0.346,0,0,1,2
0.57,0.163,0.349,0,0,1,2
0.57,0.163,0.352,0,0,1,2
0.57,0.163,0.355,0,0,1,2
0.57,0.163,0.358,0,0,1,2
0.57,0.163,0.361,0,0,1,2
0.57,0.163,0.364,0,0,1,2
0.57,0.163,0.367,0,0,1,2
0.57,0.163,0.37,0,0,1,2
0.57,0.163,0.373,0,0,1,2
0.57,0.163,0.376,0,0,1,2
0.57,0.163,0.379,0,0,1,2
0.57,0.163,0.382,0,0,1,2
0.57,0.163,0.385,0,0,1,2
0.57,0.163,0.388,0,0,1,2
0.57,0.163,0.391,0,0,1,2
0.57,0.163,0.394,0,0,1,2
0.57,0.163,0.397,0,0,1,2
0.57,0.163,0.4,0,0,1,2
0.57,0.163,0.403,0,0,1,2
0.57,0.163,0.406,0,0,1,2
0.57,0.163,0.409,0,0,1,2
0.57,0.163,0.412,0,0,1,2
0.57,0.163,0.415,0,0,1,2
0.57,0.163,0.418,0,0,1,2
0.57,0.163,0.420999,0,0,1,2
0.57,0.163,0.423999,0,0,1,2
0.57,0.163,0.426999,0,0,1,2
0.57,0.163,0.429999,0,0,1,2
0.57,0.163,0.432999,0,0,1,2
0.57,0.163,0.435999,0,0,1,2
0.57,0.163,0.438999,0,0,1,2
0.57,0.163,0.441999,0,0,1,2
0.57,0.163,0.444999,0,0,1,2
0.57,0.163,0.447999,0,0,1,2
0.57,0.163,0.450999,0,0,1,2
0.57,0.166,0.25,0,0,1,2
0.57,0.166,0.253,0,0,1,2
0.57,0.166,0.256,0,0,1,2
0.57,0.166,0.259,0,0,1,2
0.57,0.166,0.262,0,0,1,2
0.57,0.166,0.265,0,0,1,2
0.57,0.166,0.268,0,0,1,2
0.57,0.166,0.271,0,0,1,2
0.57,0.166,0.274,0,0,1,2
0.57,0.166,0.277,0,0,1,2
0.57,0.166,0.28,0,0,1,2
0.57,0.166,0.283,0,0,1,2
0.57,0.166,0.286,0,0,1,2
0.57,0.166,0.289,0,0,1,2
0.57,0.166,0.292,0,0,1,2
0.57,0.166,0.295,0,0,1,2
0.57,0.166,0.298,0,0,1,2
0.57,0.166,0.301,0,0,1,2
0.57,0.166,0.304,0,0,1,2
0.57,0.166,0.307,0,0,1,2
0.57,0.166,0.31,0,0,1,2
0.57,0.166,0.313,0,0,1,2
0.57,0.166,0.316,0,0,1,2
0.57,0.166,0.319,0,0,1,2
0.57,0.166,0.322,0,0,1,2
0.57,0.166,0.325,0,0,1,2
0.57,0.166,0.328,0,0,1,2
0.57,0.166,0.331,0,0,1,2
0.57,0.166,0.334,0,0,1,2
0.57,0.166,0.337,0,0,1,2
0.57,0.166,0.34,0,0,1,2
0.57,0.166,0.343,0,0,1,2
0.57,0.166,0.346,0,0,1,2
0.57,0.166,0.349,0,0,1,2
0.57,0.166,0.352,0,0,1,2
0.57,0.166,0.355,0,0,1,2
0.57,0.166,0.358,0,0,1,2
0.57,0.166,0.361,0,0,1,2
0.57,0.166,0.364,0,0,1,2
0.57,0.166,0.367,0,0,1,2
0.57,0.166,0.37,0,0,1,2
0.57,0.166,0.373,0,0,1,2
0.57,0.166,0.376,0,0,1,2
0.57,0.166,0.379,0,0,1,2
0.57,0.166,0.382,0,0,1,2
0.57,0.166,0.385,0,0,1,2
0.57,0.166,0.388,0,0,1,2
0.57,0.166,0.391,0,0,1,2
0.57,0.166,0.394,0,0,1,2
0.57,0.166,0.397,0,0,1,2
0.57,0.166,0.4,0,0,1,2
0.57,0.166,0.403,0,0,1,2
0.57,0.166,0.406,0,0,1,2
0.57,0.166,0.409,0,0,1,2
0.57,0.166,0.412,0,0,1,2
0.57,0.166,0.415,0,0,1,2
0.57,0.166,0.418,0,0,1,2
0.57,0.166,0.420999,0,0,1,2
0.57,0.166,0.423999,0,0,1,2
0.57,0.166,0.426999,0,0,1,2
0.57,0.166,0.429999,0,0,1,2
0.57,0.166,0.432999,0,0,1,2
0.57,0.166,0.435999,0,0,1,2
0.57,0.166,0.438999,0,0,1,2
0.57,0.166,0.441999,0,0,1,2
0.57,0.166,0.444999,0,0,1,2
0.57,0.166,0.447999,0,0,1,2
0.57,0.166,0.450999,0,0,1,2
0.57,0.169,0.25,0,0,1,2
0.57,0.169,0.253,0,0,1,2
0.57,0.169,0.256,0,0,1,2
0.57,0.169,0.259,0,0,1,2
0.57,0.169,0.262,0,0,1,2
0.57,0.169,0.265,0,0,1,2
0.57,0.169,0.268,0,0,1,2
0.57,0.169,0.271,0,0,1,2
0.57,0.169,0.274,0,0,1,2
0.57,0.169,0.277,0,0,1,2
0.57,0.169,0.28,0,0,1,2
0.57,0.169,0.283,0,0,1,2
0.57,0.169,0.286,0,0,1,2
0.57,0.169,0.289,0,0,1,2
0.57,0.169,0.292,0,0,1,2
0.57,0.169,0.295,0,0,1,2
0.57,0.169,0.298,0,0,1,2
0.57,0.169,0.301,0,0,1,2
0.57,0.169,0.304,0,0,1,2
0.57,0.169,0.307,0,0,1,2
0.57,0.169,0.31,0,0,1,2
0.57,0.169,0.313,0,0,1,2
0.57,0.169,0.316,0,0,1,2
0.57,0.169,0.319,0,0,1,2
0.57,0.169,0.322,0,0,1,2
0.57,0.169,0.325,0,0,1,2
0.57,0.169,0.328,0,0,1,2
0.57,0.169,0.331,0,0,1,2
0.57,0.169,0.334,0,0,1,2
0.57,0.169,0.337,0,0,1,2
0.57,0.169,0.34,0,0,1,2
0.57,0.169,0.343,0,0,1,2
0.57,0.169,0.346,0,0,1,2
0.57,0.169,0.349,0,0,1,2
0.57,0.169,0.352,0,0,1,2
0.57,0.169,0.355,0,0,1,2
0.57,0.169,0.358,0,0,1,2
0.57,0.169,0.361,0,0,1,2
0.57,0.169,0.364,0,0,1,2
0.57,0.169,0.367,0,0,1,2
0.57,0.169,0.37,0,0,1,2
0.57,0.169,0.373,0,0,1,2
0.57,0.169,0.376,0,0,1,2
0.57,0.169,0.379,0,0,1,2
0.57,0.169,0.382,0,0,1,2
0.57,0.169,0.385,0,0,1,2
0.57,0.169,0.388,0,0,1,2
0.57,0.169,0.391,0,0,1,2
0.57,0.169,0.394,0,0,1,2
0.57,0.169,0.397,0,0,1,2
0.57,0.169,0.4,0,0,1,2
0.57,0.169,0.403,0,0,1,2
0.57,0.169,0.406,0,0,1,2
0.57,0.169,0.409,0,0,1,2
0.57,0.169,0.412,0,0,1,2
0.57,0.169,0.415,0,0,1,2
0.57,0.169,0.418,0,0,1,2
0.57,0.169,0.420999,0,0,1,2
0.57,0.169,0.423999,0,0,1,2
0.57,0.169,0.426999,0,0,1,2
0.57,0.169,0.429999,0,0,1,2
0.57,0.169,0.432999,0,0,1,2
0.57,0.169,0.435999,0,0,1,2
0.57,0.169,0.438999,0,0,1,2
0.57,0.169,0.441999,0,0,1,2
0.57,0.169,0.444999,0,0,1,2
0.57,0.169,0.447999,0,0,1,2
0.57,0.169,0.450999,0,0,1,2
0.57,0.172,0.25,0,0,1,2
0.57,0.172,0.253,0,0,1,2
0.57,0.172,0.256,0,0,1,2
0.57,0.172,0.259,0,0,1,2
0.57,0.172,0.262,0,0,1,2
0.57,0.172,0.265,0,0,1,2
0.57,0.172,0.268,0,0,1,2
0.57,0.172,0.271,0,0,1,2
0.57,0.172,0.274,0,0,1,2
0.57,0.172,0.277,0,0,1,2
0.57,0.172,0.28,0,0,1,2
0.57,0.172,0.283,0,0,1,2
0.57,0.172,0.286,0,0,1,2
0.57,0.172,0.289,0,0,1,2
0.57,0.172,0.292,0,0,1,2
0.57,0.172,0.295,0,0,1,2
0.57,0.172,0.298,0,0,1,2
0.57,0.172,0.301,0,0,1,2
0.57,0.172,0.304,0,0,1,2
0.57,0.172,0.307,0,0,1,2
0.57,0.172,0.31,0,0,1,2
0.57,0.172,0.313,0,0,1,2
0.57,0.172,0.316,0,0,1,2
0.57,0.172,0.319,0,0,1,2
0.57,0.172,0.322,0,0,1,2
0.57,0.172,0.325,0,0,1,2
0.57,0.172,0.328,0,0,1,2
0.57,0.172,0.331,0,0,1,2
0.57,0.172,0.334,0,0,1,2
0.57,0.172,0.337,0,0,1,2
0.57,0.172,0.34,0,0,1,2
0.57,0.172,0.343,0,0,1,2
0.57,0.172,0.346,0,0,1,2
0.57,0.172,0.349,0,0,1,2
0.57,0.172,0.352,0,0,1,2
0.57,0.172,0.355,0,0,1,2
0.57,0.172,0.358,0,0,1,2
0.57,0.172,0.361,0,0,1,2
0.57,0.172,0.364,0,0,1,2
0.57,0.172,0.367,0,0,1,2
0.57,0.172,0.37,0,0,1,2
0.57,0.172,0.373,0,0,1,2
0.57,0.172,0.376,0,0,1,2
0.57,0.172,0.379,0,0,1,2
0.57,0.172,0.382,0,0,1,2
0.57,0.172,0.385,0,0,1,2
0.57,0.172,0.388,0,0,1,2
0.57,0.172,0.391,0,0,1,2
0.57,0.172,0.394,0,0,1,2
0.57,0.172,0.397,0,0,1,2
0.57,0.172,0.4,0,0,1,2
0.57,0.172,0.403,0,0,1,2
0.57,0.172,0.406,0,0,1,2
0.57,0.172,0.409,0,0,1,2
0.57,0.172,0.412,0,0,1,2
0.57,0.172,0.415,0,0,1,2
0.57,0.172,0.418,0,0,1,2
0.57,0.172,0.420999,0,0,1,2
0.57,0.172,0.423999,0,0,1,2
0.57,0.172,0.426999,0,0,1,2
0.57,0.172,0.429999,0,0,1,2
0.57,0.172,0.432999,0,0,1,2
0.57,0.172,0.435999,0,0,1,2
0.57,0.172,0.438999,0,0,1,2
0.57,0.172,0.441999,0,0,1,2
0.57,0.172,0.444999,0,0,1,2
0.57,0.172,0.447999,0,0,1,2
0.57,0.172,0.450999,0,0,1,2
0.57,0.175,0.25,0,0,1,2
0.57,0.175,0.253,0,0,1,2
0.57,0.175,0.256,0,0,1,2
0.57,0.175,0.259,0,0,1,2
0.57,0.175,0.262,0,0,1,2
0.57,0.175,0.265,0,0,1,2
0.57,0.175,0.268,0,0,1,2
0.57,0.175,0.271,0,0,1,2
0.57,0.175,0.274,0,0,1,2
0.57,0.175,0.277,0,0,1,2
0.57,0.175,0.28,0,0,1,2
0.57,0.175,0.283,0,0,1,2
0.57,0.175,0.286,0,0,1,2
0.57,0.175,0.289,0,0,1,2
0.57,0.175,0.292,0,0,1,2
0.57,0.175,0.295,0,0,1,2
0.57,0.175,0.298,0,0,1,2
0.57,0.175,0.301,0,0,1,2
0.57,0.175,0.304,0,0,1,2
0.57,0.175,0.307,0,0,1,2
0.57,0.175,0.31,0,0,1,2
0.57,0.175,0.313,0,0,1,2
0.57,0.175,0.316,0,0,1,2
0.57,0.175,0.319,0,0,1,2
0.57,0.175,0.322,0,0,1,2
0.57,0.175,0.325,0,0,1,2
0.57,0.175,0.328,0,0,1,2
0.57,0.175,0.331,0,0,1,2
0.57,0.175,0.334,0,0,1,2
0.57,0.175,0.337,0,0,1,2
0.57,0.175,0.34,0,0,1,2
0.57,0.175,0.343,0,0,1,2
0.57,0.175,0.346,0,0,1,2
0.57,0.175,0.349,0,0,1,2
0.57,0.175,0.352,0,0,1,2
0.57,0.175,0.355,0,0,1,2
0.57,0.175,0.358,0,0,1,2
0.57,0.175,0.361,0,0,1,2
0.57,0.175,0.364,0,0,1,2
0.57,0.175,0.367,0,0,1,2
0.57,0.175,0.37,0,0,1,2
0.57,0.175,0.373,0,0,1,2
0.57,0.175,0.376,0,0,1,2
0.57,0.175,0.379,0,0,1,2
0.57,0.175,0.382,0,0,1,2
0.57,0.175,0.385,0,0,1,2
0.57,0.175,0.388,0,0,1,2
0.57,0.175,0.391,0,0,1,2
0.57,0.175,0.394,0,0,1,2
0.57,0.175,0.397,0,0,1,2
0.57,0.175,0.4,0,0,1,2
0.57,0.175,0.403,0,0,1,2
0.57,0.175,0.406,0,0,1,2
0.57,0.175,0.409,0,0,1,2
0.57,0.175,0.412,0,0,1,2
0.57,0.175,0.415,0,0,1,2
0.57,0.175,0.418,0,0,1,2
0.57,0.175,0.420999,0,0,1,2
0.57,0.175,0.423999,0,0,1,2
0.57,0.175,0.426999,0,0,1,2
0.57,0.175,0.429999,0,0,1,2
0.57,0.175,0.432999,0,0,1,2
0.57,0.175,0.435999,0,0,1,2
0.57,0.175,0.438999,0,0,1,2
0.57,0.175,0.441999,0,0,1,2
0.57,0.175,0.444999,0,0,1,2
0.57,0.175,0.447999,0,0,1,2
0.57,0.175,0.450999,0,0,1,2
0.57,0.178,0.25,0,0,1,2
0.57,0.178,0.253,0,0,1,2
0.57,0.178,0.256,0,0,1,2
0.57,0.178,0.259,0,0,1,2
0.57,0.178,0.262,0,0,1,2
0.57,0.178,0.265,0,0,1,2
0.57,0.178,0.268,0,0,1,2
0.57,0.178,0.271,0,0,1,2
0.57,0.178,0.274,0,0,1,2
0.57,0.178,0.277,0,0,1,2
0.57,0.178,0.28,0,0,1,2
0.57,0.178,0.283,0,0,1,2
0.57,0.178,0.286,0,0,1,2
0.57,0.178,0.289,0,0,1,2
0.57,0.178,0.292,0,0,1,2
0.57,0.178,0.295,0,0,1,2
0.57,0.178,0.298,0,0,1,2
0.57,0.178,0.301,0,0,1,2
0.57,0.178,0.304,0,0,1,2
0.57,0.178,0.307,0,0,1,2
0.57,0.178,0.31,0,0,1,2
0.57,0.178,0.313,0,0,1,2
0.57,0.178,0.316,0,0,1,2
0.57,0.178,0.319,0,0,1,2
0.57,0.178,0.322,0,0,1,2
0.57,0.178,0.325,0,0,1,2
0.57,0.178,0.328,0,0,1,2
0.57,0.178,0.331,0,0,1,2
0.57,0.178,0.334,0,0,1,2
0.57,0.178,0.337,0,0,1,2
0.57,0.178,0.34,0,0,1,2
0.57,0.178,0.343,0,0,1,2
0.57,0.178,0.346,0,0,1,2
0.57,0.178,0.349,0,0,1,2
0.57,0.178,0.352,0,0,1,2
0.57,0.178,0.355,0,0,1,2
0.57,0.178,0.358,0,0,1,2
0.57,0.178,0.361,0,0,1,2
0.57,0.178,0.364,0,0,1,2
0.57,0.178,0.367,0,0,1,2
0.57,0.178,0.37,0,0,1,2
0.57,0.178,0.373,0,0,1,2
0.57,0.178,0.376,0,0,1,2
0.57,0.178,0.379,0,0,1,2
0.57,0.178,0.382,0,0,1,2
0.57,0.178,0.385,0,0,1,2
0.57,0.178,0.388,0,0,1,2
0.57,0.178,0.391,0,0,1,2
0.57,0.178,0.394,0,0,1,2
0.57,0.178,0.397,0,0,1,2
0.57,0.178,0.4,0,0,1,2
0.57,0.178,0.403,0,0,1,2
0.57,0.178,0.406,0,0,1,2
0.57,0.178,0.409,0,0,1,2
0.57,0.178,0.412,0,0,1,2
0.57,0.178,0.415,0,0,1,2
0.57,0.178,0.418,0,0,1,2
0.57,0.178,0.420999,0,0,1,2
0.57,0.178,0.423999,0,0,1,2
0.57,0.178,0.426999,0,0,1,2
0.57,0.178,0.429999,0,0,1,2
0.57,0.178,0.432999,0,0,1,2
0.57,0.178,0.435999,0,0,1,2
0.57,0.178,0.438999,0,0,1,2
0.57,0.178,0.441999,0,0,1,2
0.57,0.178,0.444999,0,0,1,2
0.57,0.178,0.447999,0,0,1,2
0.57,0.178,0.450999,0,0,1,2
0.57,0.181,0.25,0,0,1,2
0.57,0.181,0.253,0,0,1,2
0.57,0.181,0.256,0,0,1,2
0.57,0.181,0.259,0,0,1,2
0.57,0.181,0.262,0,0,1,2
0.57,0.181,0.265,0,0,1,2
0.57,0.181,0.268,0,0,1,2
0.57,0.181,0.271,0,0,1,2
0.57,0.181,0.274,0,0,1,2
0.57,0.181,0.277,0,0,1,2
0.57,0.181,0.28,0,0,1,2
0.57,0.181,0.283,0,0,1,2
0.57,0.181,0.286,0,0,1,2
0.57,0.181,0.289,0,0,1,2
0.57,0.181,0.292,0,0,1,2
0.57,0.181,0.295,0,0,1,2
0.57,0.181,0.298,0,0,1,2
0.57,0.181,0.301,0,0,1,2
0.57,0.181,0.304,0,0,1,2
0.57,0.181,0.307,0,0,1,2
0.57,0.181,0.31,0,0,1,2
0.57,0.181,0.313,0,0,1,2
0.57,0.181,0.316,0,0,1,2
0.57,0.181,0.319,0,0,1,2
0.57,0.181,0.322,0,0,1,2
0.57,0.181,0.325,0,0,1,2
0.57,0.181,0.328,0,0,1,2
0.57,0.181,0.331,0,0,1,2
0.57,0.181,0.334,0,0,1,2
0.57,0.181,0.337,0,0,1,2
0.57,0.181,0.34,0,0,1,2
0.57,0.181,0.343,0,0,1,2
0.57,0.181,0.346,0,0,1,2
0.57,0.181,0.349,0,0,1,2
0.57,0.181,0.352,0,0,1,2
0.57,0.181,0.355,0,0,1,2
0.57,0.181,0.358,0,0,1,2
0.57,0.181,0.361,0,0,1,2
0.57,0.181,0.364,0,0,1,2
0.57,0.181,0.367,0,0,1,2
0.57,0.181,0.37,0,0,1,2
0.57,0.181,0.373,0,0,1,2
0.57,0.181,0.376,0,0,1,2
0.57,0.181,0.379,0,0,1,2
0.57,0.181,0.382,0,0,1,2
0.57,0.181,0.385,0,0,1,2
0.57,0.181,0.388,0,0,1,2
0.57,0.181,0.391,0,0,1,2
0.57,0.181,0.394,0,0,1,2
0.57,0.181,0.397,0,0,1,2
0.57,0.181,0.4,0,0,1,2
0.57,0.181,0.403,0,0,1,2
0.57,0.181,0.406,0,0,1,2
0.57,0.181,0.409,0,0,1,2
0.57,0.181,0.412,0,0,1,2
0.57,0.181,0.415,0,0,1,2
0.57,0.181,0.418,0,0,1,2
0.57,0.181,0.420999,0,0,1,2
0.57,0.181,0.423999,0,0,1,2
0.57,0.181,0.426999,0,0,1,2
0.57,0.181,0.429999,0,0,1,2
0.57,0.181,0.432999,0,0,1,2
0.57,0.181,0.435999,0,0,1,2
0.57,0.181,0.438999,0,0,1,2
0.57,0.181,0.441999,0,0,1,2
0.57,0.181,0.444999,0,0,1,2
0.57,0.181,0.447999,0,0,1,2
0.57,0.181,0.450999,0,0,1,2
0.57,0.184,0.25,0,0,1,2
0.57,0.184,0.253,0,0,1,2
0.57,0.184,0.256,0,0,1,2
0.57,0.184,0.259,0,0,1,2
0.57,0.184,0.262,0,0,1,2
0.57,0.184,0.265,0,0,1,2
0.57,0.184,0.268,0,0,1,2
0.57,0.184,0.271,0,0,1,2
0.57,0.184,0.274,0,0,1,2
0.57,0.184,0.277,0,0,1,2
0.57,0.184,0.28,0,0,1,2
0.57,0.184,0.283,0,0,1,2
0.57,0.184,0.286,0,0,1,2
0.57,0.184,0.289,0,0,1,2
0.57,0.184,0.292,0,0,1,2
0.57,0.184,0.295,0,0,1,2
0.57,0.184,0.298,0,0,1,2
0.57,0.184,0.301,0,0,1,2
0.57,0.184,0.304,0,0,1,2
0.57,0.184,0.307,0,0,1,2
0.57,0.184,0.31,0,0,1,2
0.57,0.184,0.313,0,0,1,2
0.57,0.184,0.316,0,0,1,2
0.57,0.184,0.319,0,0,1,2
0.57,0.184,0.322,0,0,1,2
0.57,0.184,0.325,0,0,1,2
0.57,0.184,0.328,0,0,1,2
0.57,0.184,0.331,0,0,1,2
0.57,0.184,0.334,0,0,1,2
0.57,0.184,0.337,0,0,1,2
0.57,0.184,0.34,0,0,1,2
0.57,0.184,0.343,0,0,1,2
0.57,0.184,0.346,0,0,1,2
0.57,0.184,0.349,0,0,1,2
0.57,0.184,0.352,0,0,1,2
0.57,0.184,0.355,0,0,1,2
0.57,0.184,0.358,0,0,1,2
0.57,0.184,0.361,0,0,1,2
0.57,0.184,0.364,0,0,1,2
0.57,0.184,0.367,0,0,1,2
0.57,0.184,0.37,0,0,1,2
0.57,0.184,0.373,0,0,1,2
0.57,0.184,0.376,0,0,1,2
0.57,0.184,0.379,0,0,1,2
0.57,0.184,0.382,0,0,1,2
0.57,0.184,0.385,0,0,1,2
0.57,0.184,0.388,0,0,1,2
0.57,0.184,0.391,0,0,1,2
0.57,0.184,0.394,0,0,1,2
0.57,0.184,0.397,0,0,1,2
0.57,0.184,0.4,0,0,1,2
0.57,0.184,0.403,0,0,1,2
0.57,0.184,0.406,0,0,1,2
0.57,0.184,0.409,0,0,1,2
0.57,0.184,0.412,0,0,1,2
0.57,0.184,0.415,0,0,1,2
0.57,0.184,0.418,0,0,1,2
0.57,0.184,0.420999,0,0,1,2
0.57,0.184,0.423999,0,0,1,2
0.57,0.184,0.426999,0,0,1,2
0.57,0.184,0.429999,0,0,1,2
0.57,0.184,0.432999,0,0,1,2
0.57,0.184,0.435999,0,0,1,2
0.57,0.184,0.438999,0,0,1,2
0.57,0.184,0.441999,0,0,1,2
0.57,0.184,0.444999,0,0,1,2
0.57,0.184,0.447999,0,0,1,2
0.57,0.184,0.450999,0,0,1,2
0.57,0.187,0.25,0,0,1,2
0.57,0.187,0.253,0,0,1,2
0.57,0.187,0.256,0,0,1,2
0.57,0.187,0.259,0,0,1,2
0.57,0.187,0.262,0,0,1,2
0.57,0.187,0.265,0,0,1,2
0.57,0.187,0.268,0,0,1,2
0.57,0.187,0.271,0,0,1,2
0.57,0.187,0.274,0,0,1,2
0.57,0.187,0.277,0,0,1,2
0.57,0.187,0.28,0,0,1,2
0.57,0.187,0.283,0,0,1,2
0.57,0.187,0.286,0,0,1,2
0.57,0.187,0.289,0,0,1,2
0.57,0.187,0.292,0,0,1,2
0.57,0.187,0.295,0,0,1,2
0.57,0.187,0.298,0,0,1,2
0.57,0.187,0.301,0,0,1,2
0.57,0.187,0.304,0,0,1,2
0.57,0.187,0.307,0,0,1,2
0.57,0.187,0.31,0,0,1,2
0.57,0.187,0.313,0,0,1,2
0.57,0.187,0.316,0,0,1,2
0.57,0.187,0.319,0,0,1,2
0.57,0.187,0.322,0,0,1,2
0.57,0.187,0.325,0,0,1,2
0.57,0.187,0.328,0,0,1,2
0.57,0.187,0.331,0,0,1,2
0.57,0.187,0.334,0,0,1,2
0.57,0.187,0.337,0,0,1,2
0.57,0.187,0.34,0,0,1,2
0.57,0.187,0.343,0,0,1,2
0.57,0.187,0.346,0,0,1,2
0.57,0.187,0.349,0,0,1,2
0.57,0.187,0.352,0,0,1,2
0.57,0.187,0.355,0,0,1,2
0.57,0.187,0.358,0,0,1,2
0.57,0.187,0.361,0,0,1,2
0.57,0.187,0.364,0,0,1,2
0.57,0.187,0.367,0,0,1,2
0.57,0.187,0.37,0,0,1,2
0.57,0.187,0.373,0,0,1,2
0.57,0.187,0.376,0,0,1,2
0.57,0.187,0.379,0,0,1,2
0.57,0.187,0.382,0,0,1,2
0.57,0.187,0.385,0,0,1,2
0.57,0.187,0.388,0,0,1,2
0.57,0.187,0.391,0,0,1,2
0.57,0.187,0.394,0,0,1,2
0.57,0.187,0.397,0,0,1,2
0.57,0.187,0.4,0,0,1,2
0.57,0.187,0.403,0,0,1,2
0.57,0.187,0.406,0,0,1,2
0.57,0.187,0.409,0,0,1,2
0.57,0.187,0.412,0,0,1,2
0.57,0.187,0.415,0,0,1,2
0.57,0.187,0.418,0,0,1,2
0.57,0.187,0.420999,0,0,1,2
0.57,0.187,0.423999,0,0,1,2
0.57,0.187,0.426999,0,0,1,2
0.57,0.187,0.429999,0,0,1,2
0.57,0.187,0.432999,0,0,1,2
0.57,0.187,0.435999,0,0,1,2
0.57,0.187,0.438999,0,0,1,2
0.57,0.187,0.441999,0,0,1,2
0.57,0.187,0.444999,0,0,1,2
0.57,0.187,0.447999,0,0,1,2
0.57,0.187,0.450999,0,0,1,2
0.57,0.19,0.25,0,0,1,2
0.57,0.19,0.253,0,0,1,2
0.57,0.19,0.256,0,0,1,2
0.57,0.19,0.259,0,0,1,2
0.57,0.19,0.262,0,0,1,2
0.57,0.19,0.265,0,0,1,2
0.57,0.19,0.268,0,0,1,2
0.57,0.19,0.271,0,0,1,2
0.57,0.19,0.274,0,0,1,2
0.57,0.19,0.277,0,0,1,2
0.57,0.19,0.28,0,0,1,2
0.57,0.19,0.283,0,0,1,2
0.57,0.19,0.286,0,0,1,2
0.57,0.19,0.289,0,0,1,2
0.57,0.19,0.292,0,0,1,2
0.57,0.19,0.295,0,0,1,2
0.57,0.19,0.298,0,0,1,2
0.57,0.19,0.301,0,0,1,2
0.57,0.19,0.304,0,0,1,2
0.57,0.19,0.307,0,0,1,2
0.57,0.19,0.31,0,0,1,2
0.57,0.19,0.313,0,0,1,2
0.57,0.19,0.316,0,0,1,2
0.57,0.19,0.319,0,0,1,2
0.57,0.19,0.322,0,0,1,2
0.57,0.19,0.325,0,0,1,2
0.57,0.19,0.328,0,0,1,2
0.57,0.19,0.331,0,0,1,2
0.57,0.19,0.334,0,0,1,2
0.57,0.19,0.337,0,0,1,2
0.57,0.19,0.34,0,0,1,2
0.57,0.19,0.343,0,0,1,2
0.57,0.19,0.346,0,0,1,2
0.57,0.19,0.349,0,0,1,2
0.57,0.19,0.352,0,0,1,2
0.57,0.19,0.355,0,0,1,2
0.57,0.19,0.358,0,0,1,2
0.57,0.19,0.361,0,0,1,2
0.57,0.19,0.364,0,0,1,2
0.57,0.19,0.367,0,0,1,2
0.57,0.19,0.37,0,0,1,2
0.57,0.19,0.373,0,0,1,2
0.57,0.19,0.376,0,0,1,2
0.57,0.19,0.379,0,0,1,2
0.57,0.19,0.382,0,0,1,2
0.57,0.19,0.385,0,0,1,2
0.57,0.19,0.388,0,0,1,2
0.57,0.19,0.391,0,0,1,2
0.57,0.19,0.394,0,0,1,2
0.57,0.19,0.397,0,0,1,2
0.57,0.19,0.4,0,0,1,2
0.57,0.19,0.403,0,0,1,2
0.57,0.19,0.406,0,0,1,2
0.57,0.19,0.409,0,0,1,2
0.57,0.19,0.412,0,0,1,2
0.57,0.19,0.415,0,0,1,2
0.57,0.19,0.418,0,0,1,2
0.57,0.19,0.420999,0,0,1,2
0.57,0.19,0.423999,0,0,1,2
0.57,0.19,0.426999,0,0,1,2
0.57,0.19,0.429999,0,0,1,2
0.57,0.19,0.432999,0,0,1,2
0.57,0.19,0.435999,0,0,1,2
0.57,0.19,0.438999,0,0,1,2
0.57,0.19,0.441999,0,0,1,2
0.57,0.19,0.444999,0,0,1,2
0.57,0.19,0.447999,0,0,1,2
0.57,0.19,0.450999,0,0,1,2
0.57,0.193,0.25,0,0,1,2
0.57,0.193,0.253,0,0,1,2
0.57,0.193,0.256,0,0,1,2
0.57,0.193,0.259,0,0,1,2
0.57,0.193,0.262,0,0,1,2
0.57,0.193,0.265,0,0,1,2
0.57,0.193,0.268,0,0,1,2
0.57,0.193,0.271,0,0,1,2
0.57,0.193,0.274,0,0,1,2
0.57,0.193,0.277,0,0,1,2
0.57,0.193,0.28,0,0,1,2
0.57,0.193,0.283,0,0,1,2
0.57,0.193,0.286,0,0,1,2
0.57,0.193,0.289,0,0,1,2
0.57,0.193,0.292,0,0,1,2
0.57,0.193,0.295,0,0,1,2
0.57,0.193,0.298,0,0,1,2
0.57,0.193,0.301,0,0,1,2
0.57,0.193,0.304,0,0,1,2
0.57,0.193,0.307,0,0,1,2
0.57,0.193,0.31,0,0,1,2
0.57,0.193,0.313,0,0,1,2
0.57,0.193,0.316,0,0,1,2
0.57,0.193,0.319,0,0,1,2
0.57,0.193,0.322,0,0,1,2
0.57,0.193,0.325,0,0,1,2
0.57,0.193,0.328,0,0,1,2
0.57,0.193,0.331,0,0,1,2
0.57,0.193,0.334,0,0,1,2
0.57,0.193,0.337,0,0,1,2
0.57,0.193,0.34,0,0,1,2
0.57,0.193,0.343,0,0,1,2
0.57,0.193,0.346,0,0,1,2
0.57,0.193,0.349,0,0,1,2
0.57,0.193,0.352,0,0,1,2
0.57,0.193,0.355,0,0,1,2
0.57,0.193,0.358,0,0,1,2
0.57,0.193,0.361,0,0,1,2
0.57,0.193,0.364,0,0,1,2
0.57,0.193,0.367,0,0,1,2
0.57,0.193,0.37,0,0,1,2
0.57,0.193,0.373,0,0,1,2
0.57,0.193,0.376,0,0,1,2
0.57,0.193,0.379,0,0,1,2
0.57,0.193,0.382,0,0,1,2
0.57,0.193,0.385,0,0,1,2
0.57,0.193,0.388,0,0,1,2
0.57,0.193,0.391,0,0,1,2
0.57,0.193,0.394,0,0,1,2
0.57,0.193,0.397,0,0,1,2
0.57,0.193,0.4,0,0,1,2
0.57,0.193,0.403,0,0,1,2
0.57,0.193,0.406,0,0,1,2
0.57,0.193,0.409,0,0,1,2
0.57,0.193,0.412,0,0,1,2
0.57,0.193,0.415,0,0,1,2
0.57,0.193,0.418,0,0,1,2
0.57,0.193,0.420999,0,0,1,2
0.57,0.193,0.423999,0,0,1,2
0.57,0.193,0.426999,0,0,1,2
0.57,0.193,0.429999,0,0,1,2
0.57,0.193,0.432999,0,0,1,2
0.57,0.193,0.435999,0,0,1,2
0.57,0.193,0.438999,0,0,1,2
0.57,0.193,0.441999,0,0,1,2
0.57,0.193,0.444999,0,0,1,2
0.57,0.193,0.447999,0,0,1,2
0.57,0.193,0.450999,0,0,1,2
0.57,0.196,0.25,0,0,1,2
0.57,0.196,0.253,0,0,1,2
0.57,0.196,0.256,0,0,1,2
0.57,0.196,0.259,0,0,1,2
0.57,0.196,0.262,0,0,1,2
0.57,0.196,0.265,0,0,1,2
0.57,0.196,0.268,0,0,1,2
0.57,0.196,0.271,0,0,1,2
0.57,0.196,0.274,0,0,1,2
0.57,0.196,0.277,0,0,1,2
0.57,0.196,0.28,0,0,1,2
0.57,0.196,0.283,0,0,1,2
0.57,0.196,0.286,0,0,1,2
0.57,0.196,0.289,0,0,1,2
0.57,0.196,0.292,0,0,1,2
0.57,0.196,0.295,0,0,1,2
0.57,0.196,0.298,0,0,1,2
0.57,0.196,0.301,0,0,1,2
0.57,0.196,0.304,0,0,1,2
0.57,0.196,0.307,0,0,1,2
0.57,0.196,0.31,0,0,1,2
0.57,0.196,0.313,0,0,1,2
0.57,0.196,0.316,0,0,1,2
0.57,0.196,0.319,0,0,1,2
0.57,0.196,0.322,0,0,1,2
0.57,0.196,0.325,0,0,1,2
0.57,0.196,0.328,0,0,1,2
0.57,0.196,0.331,0,0,1,2
0.57,0.196,0.334,0,0,1,2
0.57,0.196,0.337,0,0,1,2
0.57,0.196,0.34,0,0,1,2
0.57,0.196,0.343,0,0,1,2
0.57,0.196,0.346,0,0,1,2
0.57,0.196,0.349,0,0,1,2
0.57,0.196,0.352,0,0,1,2
0.57,0.196,0.355,0,0,1,2
0.57,0.196,0.358,0,0,1,2
0.57,0.196,0.361,0,0,1,2
0.57,0.196,0.364,0,0,1,2
0.57,0.196,0.367,0,0,1,2
0.57,0.196,0.37,0,0,1,2
0.57,0.196,0.373,0,0,1,2
0.57,0.196,0.376,0,0,1,2
0.57,0.196,0.379,0,0,1,2
0.57,0.196,0.382,0,0,1,2
0.57,0.196,0.385,0,0,1,2
0.57,0.196,0.388,0,0,1,2
0.57,0.196,0.391,0,0,1,2
0.57,0.196,0.394,0,0,1,2
0.57,0.196,0.397,0,0,1,2
0.57,0.196,0.4,0,0,1,2
0.57,0.196,0.403,0,0,1,2
0.57,0.196,0.406,0,0,1,2
0.57,0.196,0.409,0,0,1,2
0.57,0.196,0.412,0,0,1,2
0.57,0.196,0.415,0,0,1,2
0.57,0.196,0.418,0,0,1,2
0.57,0.196,0.420999,0,0,1,2
0.57,0.196,0.423999,0,0,1,2
0.57,0.196,0.426999,0,0,1,2
0.57,0.196,0.429999,0,0,1,2
0.57,0.196,0.432999,0,0,1,2
0.57,0.196,0.435999,0,0,1,2
0.57,0.196,0.438999,0,0,1,2
0.57,0.196,0.441999,0,0,1,2
0.57,0.196,0.444999,0,0,1,2
0.57,0.196,0.447999,0,0,1,2
0.57,0.196,0.450999,0,0,1,2
0.57,0.199,0.25,0,0,1,2
0.57,0.199,0.253,0,0,1,2
0.57,0.199,0.256,0,0,1,2
0.57,0.199,0.259,0,0,1,2
0.57,0.199,0.262,0,0,1,2
0.57,0.199,0.265,0,0,1,2
0.57,0.199,0.268,0,0,1,2
0.57,0.199,0.271,0,0,1,2
0.57,0.199,0.274,0,0,1,2
0.57,0.199,0.277,0,0,1,2
0.57,0.199,0.28,0,0,1,2
0.57,0.199,0.283,0,0,1,2
0.57,0.199,0.286,0,0,1,2
0.57,0.199,0.289,0,0,1,2
0.57,0.199,0.292,0,0,1,2
0.57,0.199,0.295,0,0,1,2
0.57,0.199,0.298,0,0,1,2
0.57,0.199,0.301,0,0,1,2
0.57,0.199,0.304,0,0,1,2
0.57,0.199,0.307,0,0,1,2
0.57,0.199,0.31,0,0,1,2
0.57,0.199,0.313,0,0,1,2
0.57,0.199,0.316,0,0,1,2
0.57,0.199,0.319,0,0,1,2
0.57,0.199,0.322,0,0,1,2
0.57,0.199,0.325,0,0,1,2
0.57,0.199,0.328,0,0,1,2
0.57,0.199,0.331,0,0,1,2
0.57,0.199,0.334,0,0,1,2
0.57,0.199,0.337,0,0,1,2
0.57,0.199,0.34,0,0,1,2
0.57,0.199,0.343,0,0,1,2
0.57,0.199,0.346,0,0,1,2
0.57,0.199,0.349,0,0,1,2
0.57,0.199,0.352,0,0,1,2
0.57,0.199,0.355,0,0,1,2
0.57,0.199,0.358,0,0,1,2
0.57,0.199,0.361,0,0,1,2
0.57,0.199,0.364,0,0,1,2
0.57,0.199,0.367,0,0,1,2
0.57,0.199,0.37,0,0,1,2
0.57,0.199,0.373,0,0,1,2
0.57,0.199,0.376,0,0,1,2
0.57,0.199,0.379,0,0,1,2
0.57,0.199,0.382,0,0,1,2
0.57,0.199,0.385,0,0,1,2
0.57,0.199,0.388,0,0,1,2
0.57,0.199,0.391,0,0,1,2
0.57,0.199,0.394,0,0,1,2
0.57,0.199,0.397,0,0,1,2
0.57,0.199,0.4,0,0,1,2
0.57,0.199,0.403,0,0,1,2
0.57,0.199,0.406,0,0,1,2
0.57,0.199,0.409,0,0,1,2
0.57,0.199,0.412,0,0,1,2
0.57,0.199,0.415,0,0,1,2
0.57,0.199,0.418,0,0,1,2
0.57,0.199,0.420999,0,0,1,2
0.57,0.199,0.423999,0,0,1,2
0.57,0.199,0.426999,0,0,1,2
0.57,0.199,0.429999,0,0,1,2
0.57,0.199,0.432999,0,0,1,2
0.57,0.199,0.435999,0,0,1,2
0.57,0.199,0.438999,0,0,1,2
0.57,0.199,0.441999,0,0,1,2
0.57,0.199,0.444999,0,0,1,2
0.57,0.199,0.447999,0,0,1,2
0.57,0.199,0.450999,0,0,1,2
0.57,0.202,0.25,0,0,1,2
0.57,0.202,0.253,0,0,1,2
0.57,0.202,0.256,0,0,1,2
0.57,0.202,0.259,0,0,1,2
0.57,0.202,0.262,0,0,1,2
0.57,0.202,0.265,0,0,1,2
0.57,0.202,0.268,0,0,1,2
0.57,0.202,0.271,0,0,1,2
0.57,0.202,0.274,0,0,1,2
0.57,0.202,0.277,0,0,1,2
0.57,0.202,0.28,0,0,1,2
0.57,0.202,0.283,0,0,1,2
0.57,0.202,0.286,0,0,1,2
0.57,0.202,0.289,0,0,1,2
0.57,0.202,0.292,0,0,1,2
0.57,0.202,0.295,0,0,1,2
0.57,0.202,0.298,0,0,1,2
0.57,0.202,0.301,0,0,1,2
0.57,0.202,0.304,0,0,1,2
0.57,0.202,0.307,0,0,1,2
0.57,0.202,0.31,0,0,1,2
0.57,0.202,0.313,0,0,1,2
0.57,0.202,0.316,0,0,1,2
0.57,0.202,0.319,0,0,1,2
0.57,0.202,0.322,0,0,1,2
0.57,0.202,0.325,0,0,1,2
0.57,0.202,0.328,0,0,1,2
0.57,0.202,0.331,0,0,1,2
0.57,0.202,0.334,0,0,1,2
0.57,0.202,0.337,0,0,1,2
0.57,0.202,0.34,0,0,1,2
0.57,0.202,0.343,0,0,1,2
0.57,0.202,0.346,0,0,1,2
0.57,0.202,0.349,0,0,1,2
0.57,0.202,0.352,0,0,1,2
0.57,0.202,0.355,0,0,1,2
0.57,0.202,0.358,0,0,1,2
0.57,0.202,0.361,0,0,1,2
0.57,0.202,0.364,0,0,1,2
0.57,0.202,0.367,0,0,1,2
0.57,0.202,0.37,0,0,1,2
0.57,0.202,0.373,0,0,1,2
0.57,0.202,0.376,0,0,1,2
0.57,0.202,0.379,0,0,1,2
0.57,0.202,0.382,0,0,1,2
0.57,0.202,0.385,0,0,1,2
0.57,0.202,0.388,0,0,1,2
0.57,0.202,0.391,0,0,1,2
0.57,0.202,0.394,0,0,1,2
0.57,0.202,0.397,0,0,1,2
0.57,0.202,0.4,0,0,1,2
0.57,0.202,0.403,0,0,1,2
0.57,0.202,0.406,0,0,1,2
0.57,0.202,0.409,0,0,1,2
0.57,0.202,0.412,0,0,1,2
0.57,0.202,0.415,0,0,1,2
0.57,0.202,0.418,0,0,1,2
0.57,0.202,0.420999,0,0,1,2
0.57,0.202,0.423999,0,0,1,2
0.57,0.202,0.426999,0,0,1,2
0.57,0.202,0.429999,0,0,1,2
0.57,0.202,0.432999,0,0,1,2
0.57,0.202,0.435999,0,0,1,2
0.57,0.202,0.438999,0,0,1,2
0.57,0.202,0.441999,0,0,1,2
0.57,0.202,0.444999,0,0,1,2
0.57,0.202,0.447999,0,0,1,2
0.57,0.202,0.450999,0,0,1,2
0.57,0.205,0.25,0,0,1,2
0.57,0.205,0.253,0,0,1,2
0.57,0.205,0.256,0,0,1,2
0.57,0.205,0.259,0,0,1,2
0.57,0.205,0.262,0,0,1,2
0.57,0.205,0.265,0,0,1,2
0.57,0.205,0.268,0,0,1,2
0.57,0.205,0.271,0,0,1,2
0.57,0.205,0.274,0,0,1,2
0.57,0.205,0.277,0,0,1,2
0.57,0.205,0.28,0,0,1,2
0.57,0.205,0.283,0,0,1,2
0.57,0.205,0.286,0,0,1,2
0.57,0.205,0.289,0,0,1,2
0.57,0.205,0.292,0,0,1,2
0.57,0.205,0.295,0,0,1,2
0.57,0.205,0.298,0,0,1,2
0.57,0.205,0.301,0,0,1,2
0.57,0.205,0.304,0,0,1,2
0.57,0.205,0.307,0,0,1,2
0.57,0.205,0.31,0,0,1,2
0.57,0.205,0.313,0,0,1,2
0.57,0.205,0.316,0,0,1,2
0.57,0.205,0.319,0,0,1,2
0.57,0.205,0.322,0,0,1,2
0.57,0.205,0.325,0,0,1,2
0.57,0.205,0.328,0,0,1,2
0.57,0.205,0.331,0,0,1,2
0.57,0.205,0.334,0,0,1,2
0.57,0.205,0.337,0,0,1,2
0.57,0.205,0.34,0,0,1,2
0.57,0.205,0.343,0,0,1,2
0.57,0.205,0.346,0,0,1,2
0.57,0.205,0.349,0,0,1,2
0.57,0.205,0.352,0,0,1,2
0.57,0.205,0.355,0,0,1,2
0.57,0.205,0.358,0,0,1,2
0.57,0.205,0.361,0,0,1,2
0.57,0.205,0.364,0,0,1,2
0.57,0.205,0.367,0,0,1,2
0.57,0.205,0.37,0,0,1,2
0.57,0.205,0.373,0,0,1,2
0.57,0.205,0.376,0,0,1,2
0.57,0.205,0.379,0,0,1,2
0.57,0.205,0.382,0,0,1,2
0.57,0.205,0.385,0,0,1,2
0.57,0.205,0.388,0,0,1,2
0.57,0.205,0.391,0,0,1,2
0.57,0.205,0.394,0,0,1,2
0.57,0.205,0.397,0,0,1,2
0.57,0.205,0.4,0,0,1,2
0.57,0.205,0.403,0,0,1,2
0.57,0.205,0.406,0,0,1,2
0.57,0.205,0.409,0,0,1,2
0.57,0.205,0.412,0,0,1,2
0.57,0.205,0.415,0,0,1,2
0.57,0.205,0.418,0,0,1,2
0.57,0.205,0.420999,0,0,1,2
0.57,0.205,0.423999,0,0,1,2
0.57,0.205,0.426999,0,0,1,2
0.57,0.205,0.429999,0,0,1,2
0.57,0.205,0.432999,0,0,1,2
0.57,0.205,0.435999,0,0,1,2
0.57,0.205,0.438999,0,0,1,2
0.57,0.205,0.441999,0,0,1,2
0.57,0.205,0.444999,0,0,1,2
0.57,0.205,0.447999,0,0,1,2
0.57,0.205,0.450999,0,0,1,2
0.57,0.208,0.25,0,0,1,2
0.57,0.208,0.253,0,0,1,2
0.57,0.208,0.256,0,0,1,2
0.57,0.208,0.259,0,0,1,2
0.57,0.208,0.262,0,0,1,2
0.57,0.208,0.265,0,0,1,2
0.57,0.208,0.268,0,0,1,2
0.57,0.208,0.271,0,0,1,2
0.57,0.208,0.274,0,0,1,2
0.57,0.208,0.277,0,0,1,2
0.57,0.208,0.28,0,0,1,2
0.57,0.208,0.283,0,0,1,2
0.57,0.208,0.286,0,0,1,2
0.57,0.208,0.289,0,0,1,2
0.57,0.208,0.292,0,0,1,2
0.57,0.208,0.295,0,0,1,2
0.57,0.208,0.298,0,0,1,2
0.57,0.208,0.301,0,0,1,2
0.57,0.208,0.304,0,0,1,2
0.57,0.208,0.307,0,0,1,2
0.57,0.208,0.31,0,0,1,2
0.57,0.208,0.313,0,0,1,2
0.57,0.208,0.316,0,0,1,2
0.57,0.208,0.319,0,0,1,2
0.57,0.208,0.322,0,0,1,2
0.57,0.208,0.325,0,0,1,2
0.57,0.208,0.328,0,0,1,2
0.57,0.208,0.331,0,0,1,2
0.57,0.208,0.334,0,0,1,2
0.57,0.208,0.337,0,0,1,2
0.57,0.208,0.34,0,0,1,2
0.57,0.208,0.343,0,0,1,2
0.57,0.208,0.346,0,0,1,2
0.57,0.208,0.349,0,0,1,2
0.57,0.208,0.352,0,0,1,2
0.57,0.208,0.355,0,0,1,2
0.57,0.208,0.358,0,0,1,2
0.57,0.208,0.361,0,0,1,2
0.57,0.208,0.364,0,0,1,2
0.57,0.208,0.367,0,0,1,2
0.57,0.208,0.37,0,0,1,2
0.57,0.208,0.373,0,0,1,2
0.57,0.208,0.376,0,0,1,2
0.57,0.208,0.379,0,0,1,2
0.57,0.208,0.382,0,0,1,2
0.57,0.208,0.385,0,0,1,2
0.57,0.208,0.388,0,0,1,2
0.57,0.208,0.391,0,0,1,2
0.57,0.208,0.394,0,0,1,2
0.57,0.208,0.397,0,0,1,2
0.57,0.208,0.4,0,0,1,2
0.57,0.208,0.403,0,0,1,2
0.57,0.208,0.406,0,0,1,2
0.57,0.208,0.409,0,0,1,2
0.57,0.208,0.412,0,0,1,2
0.57,0.208,0.415,0,0,1,2
0.57,0.208,0.418,0,0,1,2
0.57,0.208,0.420999,0,0,1,2
0.57,0.208,0.423999,0,0,1,2
0.57,0.208,0.426999,0,0,1,2
0.57,0.208,0.429999,0,0,1,2
0.57,0.208,0.432999,0,0,1,2
0.57,0.208,0.435999,0,0,1,2
0.57,0.208,0.438999,0,0,1,2
0.57,0.208,0.441999,0,0,1,2
0.57,0.208,0.444999,0,0,1,2
0.57,0.208,0.447999,0,0,1,2
0.57,0.208,0.450999,0,0,1,2
0.57,0.211,0.25,0,0,1,2
0.57,0.211,0.253,0,0,1,2
0.57,0.211,0.256,0,0,1,2
0.57,0.211,0.259,0,0,1,2
0.57,0.211,0.262,0,0,1,2
0.57,0.211,0.265,0,0,1,2
0.57,0.211,0.268,0,0,1,2
0.57,0.211,0.271,0,0,1,2
0.57,0.211,0.274,0,0,1,2
0.57,0.211,0.277,0,0,1,2
0.57,0.211,0.28,0,0,1,2
0.57,0.211,0.283,0,0,1,2
0.57,0.211,0.286,0,0,1,2
0.57,0.211,0.289,0,0,1,2
0.57,0.211,0.292,0,0,1,2
0.57,0.211,0.295,0,0,1,2
0.57,0.211,0.298,0,0,1,2
0.57,0.211,0.301,0,0,1,2
0.57,0.211,0.304,0,0,1,2
0.57,0.211,0.307,0,0,1,2
0.57,0.211,0.31,0,0,1,2
0.57,0.211,0.313,0,0,1,2
0.57,0.211,0.316,0,0,1,2
0.57,0.211,0.319,0,0,1,2
0.57,0.211,0.322,0,0,1,2
0.57,0.211,0.325,0,0,1,2
0.57,0.211,0.328,0,0,1,2
0.57,0.211,0.331,0,0,1,2
0.57,0.211,0.334,0,0,1,2
0.57,0.211,0.337,0,0,1,2
0.57,0.211,0.34,0,0,1,2
0.57,0.211,0.343,0,0,1,2
0.57,0.211,0.346,0,0,1,2
0.57,0.211,0.349,0,0,1,2
0.57,0.211,0.352,0,0,1,2
0.57,0.211,0.355,0,0,1,2
0.57,0.211,0.358,0,0,1,2
0.57,0.211,0.361,0,0,1,2
0.57,0.211,0.364,0,0,1,2
0.57,0.211,0.367,0,0,1,2
0.57,0.211,0.37,0,0,1,2
0.57,0.211,0.373,0,0,1,2
0.57,0.211,0.376,0,0,1,2
0.57,0.211,0.379,0,0,1,2
0.57,0.211,0.382,0,0,1,2
0.57,0.211,0.385,0,0,1,2
0.57,0.211,0.388,0,0,1,2
0.57,0.211,0.391,0,0,1,2
0.57,0.211,0.394,0,0,1,2
0.57,0.211,0.397,0,0,1,2
0.57,0.211,0.4,0,0,1,2
0.57,0.211,0.403,0,0,1,2
0.57,0.211,0.406,0,0,1,2
0.57,0.211,0.409,0,0,1,2
0.57,0.211,0.412,0,0,1,2
0.57,0.211,0.415,0,0,1,2
0.57,0.211,0.418,0,0,1,2
0.57,0.211,0.420999,0,0,1,2
0.57,0.211,0.423999,0,0,1,2
0.57,0.211,0.426999,0,0,1,2
0.57,0.211,0.429999,0,0,1,2
0.57,0.211,0.432999,0,0,1,2
0.57,0.211,0.435999,0,0,1,2
0.57,0.211,0.438999,0,0,1,2
0.57,0.211,0.441999,0,0,1,2
0.57,0.211,0.444999,0,0,1,2
0.57,0.211,0.447999,0,0,1,2
0.57,0.211,0.450999,0,0,1,2
0.57,0.214,0.25,0,0,1,2
0.57,0.214,0.253,0,0,1,2
0.57,0.214,0.256,0,0,1,2
0.57,0.214,0.259,0,0,1,2
0.57,0.214,0.262,0,0,1,2
0.57,0.214,0.265,0,0,1,2
0.57,0.214,0.268,0,0,1,2
0.57,0.214,0.271,0,0,1,2
0.57,0.214,0.274,0,0,1,2
0.57,0.214,0.277,0,0,1,2
0.57,0.214,0.28,0,0,1,2
0.57,0.214,0.283,0,0,1,2
0.57,0.214,0.286,0,0,1,2
0.57,0.214,0.289,0,0,1,2
0.57,0.214,0.292,0,0,1,2
0.57,0.214,0.295,0,0,1,2
0.57,0.214,0.298,0,0,1,2
0.57,0.214,0.301,0,0,1,2
0.57,0.214,0.304,0,0,1,2
0.57,0.214,0.307,0,0,1,2
0.57,0.214,0.31,0,0,1,2
0.57,0.214,0.313,0,0,1,2
0.57,0.214,0.316,0,0,1,2
0.57,0.214,0.319,0,0,1,2
0.57,0.214,0.322,0,0,1,2
0.57,0.214,0.325,0,0,1,2
0.57,0.214,0.328,0,0,1,2
0.57,0.214,0.331,0,0,1,2
0.57,0.214,0.334,0,0,1,2
0.57,0.214,0.337,0,0,1,2
0.57,0.214,0.34,0,0,1,2
0.57,0.214,0.343,0,0,1,2
0.57,0.214,0.346,0,0,1,2
0.57,0.214,0.349,0,0,1,2
0.57,0.214,0.352,0,0,1,2
0.57,0.214,0.355,0,0,1,2
0.57,0.214,0.358,0,0,1,2
0.57,0.214,0.361,0,0,1,2
0.57,0.214,0.364,0,0,1,2
0.57,0.214,0.367,0,0,1,2
0.57,0.214,0.37,0,0,1,2
0.57,0.214,0.373,0,0,1,2
0.57,0.214,0.376,0,0,1,2
0.57,0.214,0.379,0,0,1,2
0.57,0.214,0.382,0,0,1,2
0.57,0.214,0.385,0,0,1,2
0.57,0.214,0.388,0,0,1,2
0.57,0.214,0.391,0,0,1,2
0.57,0.214,0.394,0,0,1,2
0.57,0.214,0.397,0,0,1,2
0.57,0.214,0.4,0,0,1,2
0.57,0.214,0.403,0,0,1,2
0.57,0.214,0.406,0,0,1,2
0.57,0.214,0.409,0,0,1,2
0.57,0.214,0.412,0,0,1,2
0.57,0.214,0.415,0,0,1,2
0.57,0.214,0.418,0,0,1,2
0.57,0.214,0.420999,0,0,1,2
0.57,0.214,0.423999,0,0,1,2
0.57,0.214,0.426999,0,0,1,2
0.57,0.214,0.429999,0,0,1,2
0.57,0.214,0.432999,0,0,1,2
0.57,0.214,0.435999,0,0,1,2
0.57,0.214,0.438999,0,0,1,2
0.57,0.214,0.441999,0,0,1,2
0.57,0.214,0.444999,0,0,1,2
0.57,0.214,0.447999,0,0,1,2
0.57,0.214,0.450999,0,0,1,2
0.57,0.217,0.25,0,0,1,2
0.57,0.217,0.253,0,0,1,2
0.57,0.217,0.256,0,0,1,2
0.57,0.217,0.259,0,0,1,2
0.57,0.217,0.262,0,0,1,2
0.57,0.217,0.265,0,0,1,2
0.57,0.217,0.268,0,0,1,2
0.57,0.217,0.271,0,0,1,2
0.57,0.217,0.274,0,0,1,2
0.57,0.217,0.277,0,0,1,2
0.57,0.217,0.28,0,0,1,2
0.57,0.217,0.283,0,0,1,2
0.57,0.217,0.286,0,0,1,2
0.57,0.217,0.289,0,0,1,2
0.57,0.217,0.292,0,0,1,2
0.57,0.217,0.295,0,0,1,2
0.57,0.217,0.298,0,0,1,2
0.57,0.217,0.301,0,0,1,2
0.57,0.217,0.304,0,0,1,2
0.57,0.217,0.307,0,0,1,2
0.57,0.217,0.31,0,0,1,2
0.57,0.217,0.313,0,0,1,2
0.57,0.217,0.316,0,0,1,2
0.57,0.217,0.319,0,0,1,2
0.57,0.217,0.322,0,0,1,2
0.57,0.217,0.325,0,0,1,2
0.57,0.217,0.328,0,0,1,2
0.57,0.217,0.331,0,0,1,2
0.57,0.217,0.334,0,0,1,2
0.57,0.217,0.337,0,0,1,2
0.57,0.217,0.34,0,0,1,2
0.57,0.217,0.343,0,0,1,2
0.57,0.217,0.346,0,0,1,2
0.57,0.217,0.349,0,0,1,2
0.57,0.217,0.352,0,0,1,2
0.57,0.217,0.355,0,0,1,2
0.57,0.217,0.358,0,0,1,2
0.57,0.217,0.361,0,0,1,2
0.57,0.217,0.364,0,0,1,2
0.57,0.217,0.367,0,0,1,2
0.57,0.217,0.37,0,0,1,2
0.57,0.217,0.373,0,0,1,2
0.57,0.217,0.376,0,0,1,2
0.57,0.217,0.379,0,0,1,2
0.57,0.217,0.382,0,0,1,2
0.57,0.217,0.385,0,0,1,2
0.57,0.217,0.388,0,0,1,2
0.57,0.217,0.391,0,0,1,2
0.57,0.217,0.394,0,0,1,2
0.57,0.217,0.397,0,0,1,2
0.57,0.217,0.4,0,0,1,2
0.57,0.217,0.403,0,0,1,2
0.57,0.217,0.406,0,0,1,2
0.57,0.217,0.409,0,0,1,2
0.57,0.217,0.412,0,0,1,2
0.57,0.217,0.415,0,0,1,2
0.57,0.217,0.418,0,0,1,2
0.57,0.217,0.420999,0,0,1,2
0.57,0.217,0.423999,0,0,1,2
0.57,0.217,0.426999,0,0,1,2
0.57,0.217,0.429999,0,0,1,2
0.57,0.217,0.432999,0,0,1,2
0.57,0.217,0.435999,0,0,1,2
0.57,0.217,0.438999,0,0,1,2
0.57,0.217,0.441999,0,0,1,2
0.57,0.217,0.444999,0,0,1,2
0.57,0.217,0.447999,0,0,1,2
0.57,0.217,0.450999,0,0,1,2
0.57,0.22,0.25,0,0,1,2
0.57,0.22,0.253,0,0,1,2
0.57,0.22,0.256,0,0,1,2
0.57,0.22,0.259,0,0,1,2
0.57,0.22,0.262,0,0,1,2
0.57,0.22,0.265,0,0,1,2
0.57,0.22,0.268,0,0,1,2
0.57,0.22,0.271,0,0,1,2
0.57,0.22,0.274,0,0,1,2
0.57,0.22,0.277,0,0,1,2
0.57,0.22,0.28,0,0,1,2
0.57,0.22,0.283,0,0,1,2
0.57,0.22,0.286,0,0,1,2
0.57,0.22,0.289,0,0,1,2
0.57,0.22,0.292,0,0,1,2
0.57,0.22,0.295,0,0,1,2
0.57,0.22,0.298,0,0,1,2
0.57,0.22,0.301,0,0,1,2
0.57,0.22,0.304,0,0,1,2
0.57,0.22,0.307,0,0,1,2
0.57,0.22,0.31,0,0,1,2
0.57,0.22,0.313,0,0,1,2
0.57,0.22,0.316,0,0,1,2
0.57,0.22,0.319,0,0,1,2
0.57,0.22,0.322,0,0,1,2
0.57,0.22,0.325,0,0,1,2
0.57,0.22,0.328,0,0,1,2
0.57,0.22,0.331,0,0,1,2
0.57,0.22,0.334,0,0,1,2
0.57,0.22,0.337,0,0,1,2
0.57,0.22,0.34,0,0,1,2
0.57,0.22,0.343,0,0,1,2
0.57,0.22,0.346,0,0,1,2
0.57,0.22,0.349,0,0,1,2
0.57,0.22,0.352,0,0,1,2
0.57,0.22,0.355,0,0,1,2
0.57,0.22,0.358,0,0,1,2
0.57,0.22,0.361,0,0,1,2
0.57,0.22,0.364,0,0,1,2
0.57,0.22,0.367,0,0,1,2
0.57,0.22,0.37,0,0,1,2
0.57,0.22,0.373,0,0,1,2
0.57,0.22,0.376,0,0,1,2
0.57,0.22,0.379,0,0,1,2
0.57,0.22,0.382,0,0,1,2
0.57,0.22,0.385,0,0,1,2
0.57,0.22,0.388,0,0,1,2
0.57,0.22,0.391,0,0,1,2
0.57,0.22,0.394,0,0,1,2
0.57,0.22,0.397,0,0,1,2
0.57,0.22,0.4,0,0,1,2
0.57,0.22,0.403,0,0,1,2
0.57,0.22,0.406,0,0,1,2
0.57,0.22,0.409,0,0,1,2
0.57,0.22,0.412,0,0,1,2
0.57,0.22,0.415,0,0,1,2
0.57,0.22,0.418,0,0,1,2
0.57,0.22,0.420999,0,0,1,2
0.57,0.22,0.423999,0,0,1,2
0.57,0.22,0.426999,0,0,1,2
0.57,0.22,0.429999,0,0,1,2
0.57,0.22,0.432999,0,0,1,2
0.57,0.22,0.435999,0,0,1,2
0.57,0.22,0.438999,0,0,1,2
0.57,0.22,0.441999,0,0,1,2
0.57,0.22,0.444999,0,0,1,2
0.57,0.22,0.447999,0,0,1,2
0.57,0.22,0.450999,0,0,1,2
0.57,0.223,0.25,0,0,1,2
0.57,0.223,0.253,0,0,1,2
0.57,0.223,0.256,0,0,1,2
0.57,0.223,0.259,0,0,1,2
0.57,0.223,0.262,0,0,1,2
0.57,0.223,0.265,0,0,1,2
0.57,0.223,0.268,0,0,1,2
0.57,0.223,0.271,0,0,1,2
0.57,0.223,0.274,0,0,1,2
0.57,0.223,0.277,0,0,1,2
0.57,0.223,0.28,0,0,1,2
0.57,0.223,0.283,0,0,1,2
0.57,0.223,0.286,0,0,1,2
0.57,0.223,0.289,0,0,1,2
0.57,0.223,0.292,0,0,1,2
0.57,0.223,0.295,0,0,1,2
0.57,0.223,0.298,0,0,1,2
0.57,0.223,0.301,0,0,1,2
0.57,0.223,0.304,0,0,1,2
0.57,0.223,0.307,0,0,1,2
0.57,0.223,0.31,0,0,1,2
0.57,0.223,0.313,0,0,1,2
0.57,0.223,0.316,0,0,1,2
0.57,0.223,0.319,0,0,1,2
0.57,0.223,0.322,0,0,1,2
0.57,0.223,0.325,0,0,1,2
0.57,0.223,0.328,0,0,1,2
0.57,0.223,0.331,0,0,1,2
0.57,0.223,0.334,0,0,1,2
0.57,0.223,0.337,0,0,1,2
0.57,0.223,0.34,0,0,1,2
0.57,0.223,0.343,0,0,1,2
0.57,0.223,0.346,0,0,1,2
0.57,0.223,0.349,0,0,1,2
0.57,0.223,0.352,0,0,1,2
0.57,0.223,0.355,0,0,1,2
0.57,0.223,0.358,0,0,1,2
0.57,0.223,0.361,0,0,1,2
0.57,0.223,0.364,0,0,1,2
0.57,0.223,0.367,0,0,1,2
0.57,0.223,0.37,0,0,1,2
0.57,0.223,0.373,0,0,1,2
0.57,0.223,0.376,0,0,1,2
0.57,0.223,0.379,0,0,1,2
0.57,0.223,0.382,0,0,1,2
0.57,0.223,0.385,0,0,1,2
0.57,0.223,0.388,0,0,1,2
0.57,0.223,0.391,0,0,1,2
0.57,0.223,0.394,0,0,1,2
0.57,0.223,0.397,0,0,1,2
0.57,0.223,0.4,0,0,1,2
0.57,0.223,0.403,0,0,1,2
0.57,0.223,0.406,0,0,1,2
0.57,0.223,0.409,0,0,1,2
0.57,0.223,0.412,0,0,1,2
0.57,0.223,0.415,0,0,1,2
0.57,0.223,0.418,0,0,1,2
0.57,0.223,0.420999,0,0,1,2
0.57,0.223,0.423999,0,0,1,2
0.57,0.223,0.426999,0,0,1,2
0.57,0.223,0.429999,0,0,1,2
0.57,0.223,0.432999,0,0,1,2
0.57,0.223,0.435999,0,0,1,2
0.57,0.223,0.438999,0,0,1,2
0.57,0.223,0.441999,0,0,1,2
0.57,0.223,0.444999,0,0,1,2
0.57,0.223,0.447999,0,0,1,2
0.57,0.223,0.450999,0,0,1,2
0.57,0.226,0.25,0,0,1,2
0.57,0.226,0.253,0,0,1,2
0.57,0.226,0.256,0,0,1,2
0.57,0.226,0.259,0,0,1,2
0.57,0.226,0.262,0,0,1,2
0.57,0.226,0.265,0,0,1,2
0.57,0.226,0.268,0,0,1,2
0.57,0.226,0.271,0,0,1,2
0.57,0.226,0.274,0,0,1,2
0.57,0.226,0.277,0,0,1,2
0.57,0.226,0.28,0,0,1,2
0.57,0.226,0.283,0,0,1,2
0.57,0.226,0.286,0,0,1,2
0.57,0.226,0.289,0,0,1,2
0.57,0.226,0.292,0,0,1,2
0.57,0.226,0.295,0,0,1,2
0.57,0.226,0.298,0,0,1,2
0.57,0.226,0.301,0,0,1,2
0.57,0.226,0.304,0,0,1,2
0.57,0.226,0.307,0,0,1,2
0.57,0.226,0.31,0,0,1,2
0.57,0.226,0.313,0,0,1,2
0.57,0.226,0.316,0,0,1,2
0.57,0.226,0.319,0,0,1,2
0.57,0.226,0.322,0,0,1,2
0.57,0.226,0.325,0,0,1,2
0.57,0.226,0.328,0,0,1,2
0.57,0.226,0.331,0,0,1,2
0.57,0.226,0.334,0,0,1,2
0.57,0.226,0.337,0,0,1,2
0.57,0.226,0.34,0,0,1,2
0.57,0.226,0.343,0,0,1,2
0.57,0.226,0.346,0,0,1,2
0.57,0.226,0.349,0,0,1,2
0.57,0.226,0.352,0,0,1,2
0.57,0.226,0.355,0,0,1,2
0.57,0.226,0.358,0,0,1,2
0.57,0.226,0.361,0,0,1,2
0.57,0.226,0.364,0,0,1,2
0.57,0.226,0.367,0,0,1,2
0.57,0.226,0.37,0,0,1,2
0.57,0.226,0.373,0,0,1,2
0.57,0.226,0.376,0,0,1,2
0.57,0.226,0.379,0,0,1,2
0.57,0.226,0.382,0,0,1,2
0.57,0.226,0.385,0,0,1,2
0.57,0.226,0.388,0,0,1,2
0.57,0.226,0.391,0,0,1,2
0.57,0.226,0.394,0,0,1,2
0.57,0.226,0.397,0,0,1,2
0.57,0.226,0.4,0,0,1,2
0.57,0.226,0.403,0,0,1,2
0.57,0.226,0.406,0,0,1,2
0.57,0.226,0.409,0,0,1,2
0.57,0.226,0.412,0,0,1,2
0.57,0.226,0.415,0,0,1,2
0.57,0.226,0.418,0,0,1,2
0.57,0.226,0.420999,0,0,1,2
0.57,0.226,0.423999,0,0,1,2
0.57,0.226,0.426999,0,0,1,2
0.57,0.226,0.429999,0,0,1,2
0.57,0.226,0.432999,0,0,1,2
0.57,0.226,0.435999,0,0,1,2
0.57,0.226,0.438999,0,0,1,2
0.57,0.226,0.441999,0,0,1,2
0.57,0.226,0.444999,0,0,1,2
0.57,0.226,0.447999,0,0,1,2
0.57,0.226,0.450999,0,0,1,2
0.57,0.229,0.25,0,0,1,2
0.57,0.229,0.253,0,0,1,2
0.57,0.229,0.256,0,0,1,2
0.57,0.229,0.259,0,0,1,2
0.57,0.229,0.262,0,0,1,2
0.57,0.229,0.265,0,0,1,2
0.57,0.229,0.268,0,0,1,2
0.57,0.229,0.271,0,0,1,2
0.57,0.229,0.274,0,0,1,2
0.57,0.229,0.277,0,0,1,2
0.57,0.229,0.28,0,0,1,2
0.57,0.229,0.283,0,0,1,2
0.57,0.229,0.286,0,0,1,2
0.57,0.229,0.289,0,0,1,2
0.57,0.229,0.292,0,0,1,2
0.57,0.229,0.295,0,0,1,2
0.57,0.229,0.298,0,0,1,2
0.57,0.229,0.301,0,0,1,2
0.57,0.229,0.304,0,0,1,2
0.57,0.229,0.307,0,0,1,2
0.57,0.229,0.31,0,0,1,2
0.57,0.229,0.313,0,0,1,2
0.57,0.229,0.316,0,0,1,2
0.57,0.229,0.319,0,0,1,2
0.57,0.229,0.322,0,0,1,2
0.57,0.229,0.325,0,0,1,2
0.57,0.229,0.328,0,0,1,2
0.57,0.229,0.331,0,0,1,2
0.57,0.229,0.334,0,0,1,2
0.57,0.229,0.337,0,0,1,2
0.57,0.229,0.34,0,0,1,2
0.57,0.229,0.343,0,0,1,2
0.57,0.229,0.346,0,0,1,2
0.57,0.229,0.349,0,0,1,2
0.57,0.229,0.352,0,0,1,2
0.57,0.229,0.355,0,0,1,2
0.57,0.229,0.358,0,0,1,2
0.57,0.229,0.361,0,0,1,2
0.57,0.229,0.364,0,0,1,2
0.57,0.229,0.367,0,0,1,2
0.57,0.229,0.37,0,0,1,2
0.57,0.229,0.373,0,0,1,2
0.57,0.229,0.376,0,0,1,2
0.57,0.229,0.379,0,0,1,2
0.57,0.229,0.382,0,0,1,2
0.57,0.229,0.385,0,0,1,2
0.57,0.229,0.388,0,0,1,2
0.57,0.229,0.391,0,0,1,2
0.57,0.229,0.394,0,0,1,2
0.57,0.229,0.397,0,0,1,2
0.57,0.229,0.4,0,0,1,2
0.57,0.229,0.403,0,0,1,2
0.57,0.229,0.406,0,0,1,2
0.57,0.229,0.409,0,0,1,2
0.57,0.229,0.412,0,0,1,2
0.57,0.229,0.415,0,0,1,2
0.57,0.229,0.418,0,0,1,2
0.57,0.229,0.420999,0,0,1,2
0.57,0.229,0.423999,0,0,1,2
0.57,0.229,0.426999,0,0,1,2
0.57,0.229,0.429999,0,0,1,2
0.57,0.229,0.432999,0,0,1,2
0.57,0.229,0.435999,0,0,1,2
0.57,0.229,0.438999,0,0,1,2
0.57,0.229,0.441999,0,0,1,2
0.57,0.229,0.444999,0,0,1,2
0.57,0.229,0.447999,0,0,1,2
0.57,0.229,0.450999,0,0,1,2
0.57,0.232,0.25,0,0,1,2
0.57,0.232,0.253,0,0,1,2
0.57,0.232,0.256,0,0,1,2
0.57,0.232,0.259,0,0,1,2
0.57,0.232,0.262,0,0,1,2
0.57,0.232,0.265,0,0,1,2
0.57,0.232,0.268,0,0,1,2
0.57,0.232,0.271,0,0,1,2
0.57,0.232,0.274,0,0,1,2
0.57,0.232,0.277,0,0,1,2
0.57,0.232,0.28,0,0,1,2
0.57,0.232,0.283,0,0,1,2
0.57,0.232,0.286,0,0,1,2
0.57,0.232,0.289,0,0,1,2
0.57,0.232,0.292,0,0,1,2
0.57,0.232,0.295,0,0,1,2
0.57,0.232,0.298,0,0,1,2
0.57,0.232,0.301,0,0,1,2
0.57,0.232,0.304,0,0,1,2
0.57,0.232,0.307,0,0,1,2
0.57,0.232,0.31,0,0,1,2
0.57,0.232,0.313,0,0,1,2
0.57,0.232,0.316,0,0,1,2
0.57,0.232,0.319,0,0,1,2
0.57,0.232,0.322,0,0,1,2
0.57,0.232,0.325,0,0,1,2
0.57,0.232,0.328,0,0,1,2
0.57,0.232,0.331,0,0,1,2
0.57,0.232,0.334,0,0,1,2
0.57,0.232,0.337,0,0,1,2
0.57,0.232,0.34,0,0,1,2
0.57,0.232,0.343,0,0,1,2
0.57,0.232,0.346,0,0,1,2
0.57,0.232,0.349,0,0,1,2
0.57,0.232,0.352,0,0,1,2
0.57,0.232,0.355,0,0,1,2
0.57,0.232,0.358,0,0,1,2
0.57,0.232,0.361,0,0,1,2
0.57,0.232,0.364,0,0,1,2
0.57,0.232,0.367,0,0,1,2
0.57,0.232,0.37,0,0,1,2
0.57,0.232,0.373,0,0,1,2
0.57,0.232,0.376,0,0,1,2
0.57,0.232,0.379,0,0,1,2
0.57,0.232,0.382,0,0,1,2
0.57,0.232,0.385,0,0,1,2
0.57,0.232,0.388,0,0,1,2
0.57,0.232,0.391,0,0,1,2
0.57,0.232,0.394,0,0,1,2
0.57,0.232,0.397,0,0,1,2
0.57,0.232,0.4,0,0,1,2
0.57,0.232,0.403,0,0,1,2
0.57,0.232,0.406,0,0,1,2
0.57,0.232,0.409,0,0,1,2
0.57,0.232,0.412,0,0,1,2
0.57,0.232,0.415,0,0,1,2
0.57,0.232,0.418,0,0,1,2
0.57,0.232,0.420999,0,0,1,2
0.57,0.232,0.423999,0,0,1,2
0.57,0.232,0.426999,0,0,1,2
0.57,0.232,0.429999,0,0,1,2
0.57,0.232,0.432999,0,0,1,2
0.57,0.232,0.435999,0,0,1,2
0.57,0.232,0.438999,0,0,1,2
0.57,0.232,0.441999,0,0,1,2
0.57,0.232,0.444999,0,0,1,2
0.57,0.232,0.447999,0,0,1,2
0.57,0.232,0.450999,0,0,1,2
0.57,0.235,0.25,0,0,1,2
0.57,0.235,0.253,0,0,1,2
0.57,0.235,0.256,0,0,1,2
0.57,0.235,0.259,0,0,1,2
0.57,0.235,0.262,0,0,1,2
0.57,0.235,0.265,0,0,1,2
0.57,0.235,0.268,0,0,1,2
0.57,0.235,0.271,0,0,1,2
0.57,0.235,0.274,0,0,1,2
0.57,0.235,0.277,0,0,1,2
0.57,0.235,0.28,0,0,1,2
0.57,0.235,0.283,0,0,1,2
0.57,0.235,0.286,0,0,1,2
0.57,0.235,0.289,0,0,1,2
0.57,0.235,0.292,0,0,1,2
0.57,0.235,0.295,0,0,1,2
0.57,0.235,0.298,0,0,1,2
0.57,0.235,0.301,0,0,1,2
0.57,0.235,0.304,0,0,1,2
0.57,0.235,0.307,0,0,1,2
0.57,0.235,0.31,0,0,1,2
0.57,0.235,0.313,0,0,1,2
0.57,0.235,0.316,0,0,1,2
0.57,0.235,0.319,0,0,1,2
0.57,0.235,0.322,0,0,1,2
0.57,0.235,0.325,0,0,1,2
0.57,0.235,0.328,0,0,1,2
0.57,0.235,0.331,0,0,1,2
0.57,0.235,0.334,0,0,1,2
0.57,0.235,0.337,0,0,1,2
0.57,0.235,0.34,0,0,1,2
0.57,0.235,0.343,0,0,1,2
0.57,0.235,0.346,0,0,1,2
0.57,0.235,0.349,0,0,1,2
0.57,0.235,0.352,0,0,1,2
0.57,0.235,0.355,0,0,1,2
0.57,0.235,0.358,0,0,1,2
0.57,0.235,0.361,0,0,1,2
0.57,0.235,0.364,0,0,1,2
0.57,0.235,0.367,0,0,1,2
0.57,0.235,0.37,0,0,1,2
0.57,0.235,0.373,0,0,1,2
0.57,0.235,0.376,0,0,1,2
0.57,0.235,0.379,0,0,1,2
0.57,0.235,0.382,0,0,1,2
0.57,0.235,0.385,0,0,1,2
0.57,0.235,0.388,0,0,1,2
0.57,0.235,0.391,0,0,1,2
0.57,0.235,0.394,0,0,1,2
0.57,0.235,0.397,0,0,1,2
0.57,0.235,0.4,0,0,1,2
0.57,0.235,0.403,0,0,1,2
0.57,0.235,0.406,0,0,1,2
0.57,0.235,0.409,0,0,1,2
0.57,0.235,0.412,0,0,1,2
0.57,0.235,0.415,0,0,1,2
0.57,0.235,0.418,0,0,1,2
0.57,0.235,0.420999,0,0,1,2
0.57,0.235,0.423999,0,0,1,2
0.57,0.235,0.426999,0,0,1,2
0.57,0.235,0.429999,0,0,1,2
0.57,0.235,0.432999,0,0,1,2
0.57,0.235,0.435999,0,0,1,2
0.57,0.235,0.438999,0,0,1,2
0.57,0.235,0.441999,0,0,1,2
0.57,0.235,0.444999,0,0,1,2
0.57,0.235,0.447999,0,0,1,2
0.57,0.235,0.450999,0,0,1,2
0.57,0.238,0.25,0,0,1,2
0.57,0.238,0.253,0,0,1,2
0.57,0.238,0.256,0,0,1,2
0.57,0.238,0.259,0,0,1,2
0.57,0.238,0.262,0,0,1,2
0.57,0.238,0.265,0,0,1,2
0.57,0.238,0.268,0,0,1,2
0.57,0.238,0.271,0,0,1,2
0.57,0.238,0.274,0,0,1,2
0.57,0.238,0.277,0,0,1,2
0.57,0.238,0.28,0,0,1,2
0.57,0.238,0.283,0,0,1,2
0.57,0.238,0.286,0,0,1,2
0.57,0.238,0.289,0,0,1,2
0.57,0.238,0.292,0,0,1,2
0.57,0.238,0.295,0,0,1,2
0.57,0.238,0.298,0,0,1,2
0.57,0.238,0.301,0,0,1,2
0.57,0.238,0.304,0,0,1,2
0.57,0.238,0.307,0,0,1,2
0.57,0.238,0.31,0,0,1,2
0.57,0.238,0.313,0,0,1,2
0.57,0.238,0.316,0,0,1,2
0.57,0.238,0.319,0,0,1,2
0.57,0.238,0.322,0,0,1,2
0.57,0.238,0.325,0,0,1,2
0.57,0.238,0.328,0,0,1,2
0.57,0.238,0.331,0,0,1,2
0.57,0.238,0.334,0,0,1,2
0.57,0.238,0.337,0,0,1,2
0.57,0.238,0.34,0,0,1,2
0.57,0.238,0.343,0,0,1,2
0.57,0.238,0.346,0,0,1,2
0.57,0.238,0.349,0,0,1,2
0.57,0.238,0.352,0,0,1,2
0.57,0.238,0.355,0,0,1,2
0.57,0.238,0.358,0,0,1,2
0.57,0.238,0.361,0,0,1,2
0.57,0.238,0.364,0,0,1,2
0.57,0.238,0.367,0,0,1,2
0.57,0.238,0.37,0,0,1,2
0.57,0.238,0.373,0,0,1,2
0.57,0.238,0.376,0,0,1,2
0.57,0.238,0.379,0,0,1,2
0.57,0.238,0.382,0,0,1,2
0.57,0.238,0.385,0,0,1,2
0.57,0.238,0.388,0,0,1,2
0.57,0.238,0.391,0,0,1,2
0.57,0.238,0.394,0,0,1,2
0.57,0.238,0.397,0,0,1,2
0.57,0.238,0.4,0,0,1,2
0.57,0.238,0.403,0,0,1,2
0.57,0.238,0.406,0,0,1,2
0.57,0.238,0.409,0,0,1,2
0.57,0.238,0.412,0,0,1,2
0.57,0.238,0.415,0,0,1,2
0.57,0.238,0.418,0,0,1,2
0.57,0.238,0.420999,0,0,1,2
0.57,0.238,0.423999,0,0,1,2
0.57,0.238,0.426999,0,0,1,2
0.57,0.238,0.429999,0,0,1,2
0.57,0.238,0.432999,0,0,1,2
0.57,0.238,0.435999,0,0,1,2
0.57,0.238,0.438999,0,0,1,2
0.57,0.238,0.441999,0,0,1,2
0.57,0.238,0.444999,0,0,1,2
0.57,0.238,0.447999,0,0,1,2
0.57,0.238,0.450999,0,0,1,2
0.57,0.241,0.25,0,0,1,2
0.57,0.241,0.253,0,0,1,2
0.57,0.241,0.256,0,0,1,2
0.57,0.241,0.259,0,0,1,2
0.57,0.241,0.262,0,0,1,2
0.57,0.241,0.265,0,0,1,2
0.57,0.241,0.268,0,0,1,2
0.57,0.241,0.271,0,0,1,2
0.57,0.241,0.274,0,0,1,2
0.57,0.241,0.277,0,0,1,2
0.57,0.241,0.28,0,0,1,2
0.57,0.241,0.283,0,0,1,2
0.57,0.241,0.286,0,0,1,2
0.57,0.241,0.289,0,0,1,2
0.57,0.241,0.292,0,0,1,2
0.57,0.241,0.295,0,0,1,2
0.57,0.241,0.298,0,0,1,2
0.57,0.241,0.301,0,0,1,2
0.57,0.241,0.304,0,0,1,2
0.57,0.241,0.307,0,0,1,2
0.57,0.241,0.31,0,0,1,2
0.57,0.241,0.313,0,0,1,2
0.57,0.241,0.316,0,0,1,2
0.57,0.241,0.319,0,0,1,2
0.57,0.241,0.322,0,0,1,2
0.57,0.241,0.325,0,0,1,2
0.57,0.241,0.328,0,0,1,2
0.57,0.241,0.331,0,0,1,2
0.57,0.241,0.334,0,0,1,2
0.57,0.241,0.337,0,0,1,2
0.57,0.241,0.34,0,0,1,2
0.57,0.241,0.343,0,0,1,2
0.57,0.241,0.346,0,0,1,2
0.57,0.241,0.349,0,0,1,2
0.57,0.241,0.352,0,0,1,2
0.57,0.241,0.355,0,0,1,2
0.57,0.241,0.358,0,0,1,2
0.57,0.241,0.361,0,0,1,2
0.57,0.241,0.364,0,0,1,2
0.57,0.241,0.367,0,0,1,2
0.57,0.241,0.37,0,0,1,2
0.57,0.241,0.373,0,0,1,2
0.57,0.241,0.376,0,0,1,2
0.57,0.241,0.379,0,0,1,2
0.57,0.241,0.382,0,0,1,2
0.57,0.241,0.385,0,0,1,2
0.57,0.241,0.388,0,0,1,2
0.57,0.241,0.391,0,0,1,2
0.57,0.241,0.394,0,0,1,2
0.57,0.241,0.397,0,0,1,2
0.57,0.241,0.4,0,0,1,2
0.57,0.241,0.403,0,0,1,2
0.57,0.241,0.406,0,0,1,2
0.57,0.241,0.409,0,0,1,2
0.57,0.241,0.412,0,0,1,2
0.57,0.241,0.415,0,0,1,2
0.57,0.241,0.418,0,0,1,2
0.57,0.241,0.420999,0,0,1,2
0.57,0.241,0.423999,0,0,1,2
0.57,0.241,0.426999,0,0,1,2
0.57,0.241,0.429999,0,0,1,2
0.57,0.241,0.432999,0,0,1,2
0.57,0.241,0.435999,0,0,1,2
0.57,0.241,0.438999,0,0,1,2
0.57,0.241,0.441999,0,0,1,2
0.57,0.241,0.444999,0,0,1,2
0.57,0.241,0.447999,0,0,1,2
0.57,0.241,0.450999,0,0,1,2
0.57,0.244,0.25,0,0,1,2
0.57,0.244,0.253,0,0,1,2
0.57,0.244,0.256,0,0,1,2
0.57,0.244,0.259,0,0,1,2
0.57,0.244,0.262,0,0,1,2
0.57,0.244,0.265,0,0,1,2
0.57,0.244,0.268,0,0,1,2
0.57,0.244,0.271,0,0,1,2
0.57,0.244,0.274,0,0,1,2
0.57,0.244,0.277,0,0,1,2
0.57,0.244,0.28,0,0,1,2
0.57,0.244,0.283,0,0,1,2
0.57,0.244,0.286,0,0,1,2
0.57,0.244,0.289,0,0,1,2
0.57,0.244,0.292,0,0,1,2
0.57,0.244,0.295,0,0,1,2
0.57,0.244,0.298,0,0,1,2
0.57,0.244,0.301,0,0,1,2
0.57,0.244,0.304,0,0,1,2
0.57,0.244,0.307,0,0,1,2
0.57,0.244,0.31,0,0,1,2
0.57,0.244,0.313,0,0,1,2
0.57,0.244,0.316,0,0,1,2
0.57,0.244,0.319,0,0,1,2
0.57,0.244,0.322,0,0,1,2
0.57,0.244,0.325,0,0,1,2
0.57,0.244,0.328,0,0,1,2
0.57,0.244,0.331,0,0,1,2
0.57,0.244,0.334,0,0,1,2
0.57,0.244,0.337,0,0,1,2
0.57,0.244,0.34,0,0,1,2
0.57,0.244,0.343,0,0,1,2
0.57,0.244,0.346,0,0,1,2
0.57,0.244,0.349,0,0,1,2
0.57,0.244,0.352,0,0,1,2
0.57,0.244,0.355,0,0,1,2
0.57,0.244,0.358,0,0,1,2
0.57,0.244,0.361,0,0,1,2
0.57,0.244,0.364,0,0,1,2
0.57,0.244,0.367,0,0,1,2
0.57,0.244,0.37,0,0,1,2
0.57,0.244,0.373,0,0,1,2
0.57,0.244,0.376,0,0,1,2
0.57,0.244,0.379,0,0,1,2
0.57,0.244,0.382,0,0,1,2
0.57,0.244,0.385,0,0,1,2
0.57,0.244,0.388,0,0,1,2
0.57,0.244,0.391,0,0,1,2
0.57,0.244,0.394,0,0,1,2
0.57,0.244,0.397,0,0,1,2
0.57,0.244,0.4,0,0,1,2
0.57,0.244,0.403,0,0,1,2
0.57,0.244,0.406,0,0,1,2
0.57,0.244,0.409,0,0,1,2
0.57,0.244,0.412,0,0,1,2
0.57,0.244,0.415,0,0,1,2
0.57,0.244,0.418,0,0,1,2
0.57,0.244,0.420999,0,0,1,2
0.57,0.244,0.423999,0,0,1,2
0.57,0.244,0.426999,0,0,1,2
0.57,0.244,0.429999,0,0,1,2
0.57,0.244,0.432999,0,0,1,2
0.57,0.244,0.435999,0,0,1,2
0.57,0.244,0.438999,0,0,1,2
0.57,0.244,0.441999,0,0,1,2
0.57,0.244,0.444999,0,0,1,2
0.57,0.244,0.447999,0,0,1,2
0.57,0.244,0.450999,0,0,1,2
0.57,0.247,0.25,0,0,1,2
0.57,0.247,0.253,0,0,1,2
0.57,0.247,0.256,0,0,1,2
0.57,0.247,0.259,0,0,1,2
0.57,0.247,0.262,0,0,1,2
0.57,0.247,0.265,0,0,1,2
0.57,0.247,0.268,0,0,1,2
0.57,0.247,0.271,0,0,1,2
0.57,0.247,0.274,0,0,1,2
0.57,0.247,0.277,0,0,1,2
0.57,0.247,0.28,0,0,1,2
0.57,0.247,0.283,0,0,1,2
0.57,0.247,0.286,0,0,1,2
0.57,0.247,0.289,0,0,1,2
0.57,0.247,0.292,0,0,1,2
0.57,0.247,0.295,0,0,1,2
0.57,0.247,0.298,0,0,1,2
0.57,0.247,0.301,0,0,1,2
0.57,0.247,0.304,0,0,1,2
0.57,0.247,0.307,0,0,1,2
0.57,0.247,0.31,0,0,1,2
0.57,0.247,0.313,0,0,1,2
0.57,0.247,0.316,0,0,1,2
0.57,0.247,0.319,0,0,1,2
0.57,0.247,0.322,0,0,1,2
0.57,0.247,0.325,0,0,1,2
0.57,0.247,0.328,0,0,1,2
0.57,0.247,0.331,0,0,1,2
0.57,0.247,0.334,0,0,1,2
0.57,0.247,0.337,0,0,1,2
0.57,0.247,0.34,0,0,1,2
0.57,0.247,0.343,0,0,1,2
0.57,0.247,0.346,0,0,1,2
0.57,0.247,0.349,0,0,1,2
0.57,0.247,0.352,0,0,1,2
0.57,0.247,0.355,0,0,1,2
0.57,0.247,0.358,0,0,1,2
0.57,0.247,0.361,0,0,1,2
0.57,0.247,0.364,0,0,1,2
0.57,0.247,0.367,0,0,1,2
0.57,0.247,0.37,0,0,1,2
0.57,0.247,0.373,0,0,1,2
0.57,0.247,0.376,0,0,1,2
0.57,0.247,0.379,0,0,1,2
0.57,0.247,0.382,0,0,1,2
0.57,0.247,0.385,0,0,1,2
0.57,0.247,0.388,0,0,1,2
0.57,0.247,0.391,0,0,1,2
0.57,0.247,0.394,0,0,1,2
0.57,0.247,0.397,0,0,1,2
0.57,0.247,0.4,0,0,1,2
0.57,0.247,0.403,0,0,1,2
0.57,0.247,0.406,0,0,1,2
0.57,0.247,0.409,0,0,1,2
0.57,0.247,0.412,0,0,1,2
0.57,0.247,0.415,0,0,1,2
0.57,0.247,0.418,0,0,1,2
0.57,0.247,0.420999,0,0,1,2
0.57,0.247,0.423999,0,0,1,2
0.57,0.247,0.426999,0,0,1,2
0.57,0.247,0.429999,0,0,1,2
0.57,0.247,0.432999,0,0,1,2
0.57,0.247,0.435999,0,0,1,2
0.57,0.247,0.438999,0,0,1,2
0.57,0.247,0.441999,0,0,1,2
0.57,0.247,0.444999,0,0,1,2
0.57,0.247,0.447999,0,0,1,2
0.57,0.247,0.450999,0,0,1,2
0.57,0.25,0.25,0,0,1,2
0.57,0.25,0.253,0,0,1,2
0.57,0.25,0.256,0,0,1,2
0.57,0.25,0.259,0,0,1,2
0.57,0.25,0.262,0,0,1,2
0.57,0.25,0.265,0,0,1,2
0.57,0.25,0.268,0,0,1,2
0.57,0.25,0.271,0,0,1,2
0.57,0.25,0.274,0,0,1,2
0.57,0.25,0.277,0,0,1,2
0.57,0.25,0.28,0,0,1,2
0.57,0.25,0.283,0,0,1,2
0.57,0.25,0.286,0,0,1,2
0.57,0.25,0.289,0,0,1,2
0.57,0.25,0.292,0,0,1,2
0.57,0.25,0.295,0,0,1,2
0.57,0.25,0.298,0,0,1,2
0.57,0.25,0.301,0,0,1,2
0.57,0.25,0.304,0,0,1,2
0.57,0.25,0.307,0,0,1,2
0.57,0.25,0.31,0,0,1,2
0.57,0.25,0.313,0,0,1,2
0.57,0.25,0.316,0,0,1,2
0.57,0.25,0.319,0,0,1,2
0.57,0.25,0.322,0,0,1,2
0.57,0.25,0.325,0,0,1,2
0.57,0.25,0.328,0,0,1,2
0.57,0.25,0.331,0,0,1,2
0.57,0.25,0.334,0,0,1,2
0.57,0.25,0.337,0,0,1,2
0.57,0.25,0.34,0,0,1,2
0.57,0.25,0.343,0,0,1,2
0.57,0.25,0.346,0,0,1,2
0.57,0.25,0.349,0,0,1,2
0.57,0.25,0.352,0,0,1,2
0.57,0.25,0.355,0,0,1,2
0.57,0.25,0.358,0,0,1,2
0.57,0.25,0.361,0,0,1,2
0.57,0.25,0.364,0,0,1,2
0.57,0.25,0.367,0,0,1,2
0.57,0.25,0.37,0,0,1,2
0.57,0.25,0.373,0,0,1,2
0.57,0.25,0.376,0,0,1,2
0.57,0.25,0.379,0,0,1,2
0.57,0.25,0.382,0,0,1,2
0.57,0.25,0.385,0,0,1,2
0.57,0.25,0.388,0,0,1,2
0.57,0.25,0.391,0,0,1,2
0.57,0.25,0.394,0,0,1,2
0.57,0.25,0.397,0,0,1,2
0.57,0.25,0.4,0,0,1,2
0.57,0.25,0.403,0,0,1,2
0.57,0.25,0.406,0,0,1,2
0.57,0.25,0.409,0,0,1,2
0.57,0.25,0.412,0,0,1,2
0.57,0.25,0.415,0,0,1,2
0.57,0.25,0.418,0,0,1,2
0.57,0.25,0.420999,0,0,1,2
0.57,0.25,0.423999,0,0,1,2
0.57,0.25,0.426999,0,0,1,2
0.57,0.25,0.429999,0,0,1,2
0.57,0.25,0.432999,0,0,1,2
0.57,0.25,0.435999,0,0,1,2
0.57,0.25,0.438999,0,0,1,2
0.57,0.25,0.441999,0,0,1,2
0.57,0.25,0.444999,0,0,1,2
0.57,0.25,0.447999,0,0,1,2
0.57,0.25,0.450999,0,0,1,2
0.57,0.253,0.25,0,0,1,2
0.57,0.253,0.253,0,0,1,2
0.57,0.253,0.256,0,0,1,2
0.57,0.253,0.259,0,0,1,2
0.57,0.253,0.262,0,0,1,2
0.57,0.253,0.265,0,0,1,2
0.57,0.253,0.268,0,0,1,2
0.57,0.253,0.271,0,0,1,2
0.57,0.253,0.274,0,0,1,2
0.57,0.253,0.277,0,0,1,2
0.57,0.253,0.28,0,0,1,2
0.57,0.253,0.283,0,0,1,2
0.57,0.253,0.286,0,0,1,2
0.57,0.253,0.289,0,0,1,2
0.57,0.253,0.292,0,0,1,2
0.57,0.253,0.295,0,0,1,2
0.57,0.253,0.298,0,0,1,2
0.57,0.253,0.301,0,0,1,2
0.57,0.253,0.304,0,0,1,2
0.57,0.253,0.307,0,0,1,2
0.57,0.253,0.31,0,0,1,2
0.57,0.253,0.313,0,0,1,2
0.57,0.253,0.316,0,0,1,2
0.57,0.253,0.319,0,0,1,2
0.57,0.253,0.322,0,0,1,2
0.57,0.253,0.325,0,0,1,2
0.57,0.253,0.328,0,0,1,2
0.57,0.253,0.331,0,0,1,2
0.57,0.253,0.334,0,0,1,2
0.57,0.253,0.337,0,0,1,2
0.57,0.253,0.34,0,0,1,2
0.57,0.253,0.343,0,0,1,2
0.57,0.253,0.346,0,0,1,2
0.57,0.253,0.349,0,0,1,2
0.57,0.253,0.352,0,0,1,2
0.57,0.253,0.355,0,0,1,2
0.57,0.253,0.358,0,0,1,2
0.57,0.253,0.361,0,0,1,2
0.57,0.253,0.364,0,0,1,2
0.57,0.253,0.367,0,0,1,2
0.57,0.253,0.37,0,0,1,2
0.57,0.253,0.373,0,0,1,2
0.57,0.253,0.376,0,0,1,2
0.57,0.253,0.379,0,0,1,2
0.57,0.253,0.382,0,0,1,2
0.57,0.253,0.385,0,0,1,2
0.57,0.253,0.388,0,0,1,2
0.57,0.253,0.391,0,0,1,2
0.57,0.253,0.394,0,0,1,2
0.57,0.253,0.397,0,0,1,2
0.57,0.253,0.4,0,0,1,2
0.57,0.253,0.403,0,0,1,2
0.57,0.253,0.406,0,0,1,2
0.57,0.253,0.409,0,0,1,2
0.57,0.253,0.412,0,0,1,2
0.57,0.253,0.415,0,0,1,2
0.57,0.253,0.418,0,0,1,2
0.57,0.253,0.420999,0,0,1,2
0.57,0.253,0.423999,0,0,1,2
0.57,0.253,0.426999,0,0,1,2
0.57,0.253,0.429999,0,0,1,2
0.57,0.253,0.432999,0,0,1,2
0.57,0.253,0.435999,0,0,1,2
0.57,0.253,0.438999,0,0,1,2
0.57,0.253,0.441999,0,0,1,2
0.57,0.253,0.444999,0,0,1,2
0.57,0.253,0.447999,0,0,1,2
0.57,0.253,0.450999,0,0,1,2
0.57,0.256,0.25,0,0,1,2
0.57,0.256,0.253,0,0,1,2
0.57,0.256,0.256,0,0,1,2
0.57,0.256,0.259,0,0,1,2
0.57,0.256,0.262,0,0,1,2
0.57,0.256,0.265,0,0,1,2
0.57,0.256,0.268,0,0,1,2
0.57,0.256,0.271,0,0,1,2
0.57,0.256,0.274,0,0,1,2
0.57,0.256,0.277,0,0,1,2
0.57,0.256,0.28,0,0,1,2
0.57,0.256,0.283,0,0,1,2
0.57,0.256,0.286,0,0,1,2
0.57,0.256,0.289,0,0,1,2
0.57,0.256,0.292,0,0,1,2
0.57,0.256,0.295,0,0,1,2
0.57,0.256,0.298,0,0,1,2
0.57,0.256,0.301,0,0,1,2
0.57,0.256,0.304,0,0,1,2
0.57,0.256,0.307,0,0,1,2
0.57,0.256,0.31,0,0,1,2
0.57,0.256,0.313,0,0,1,2
0.57,0.256,0.316,0,0,1,2
0.57,0.256,0.319,0,0,1,2
0.57,0.256,0.322,0,0,1,2
0.57,0.256,0.325,0,0,1,2
0.57,0.256,0.328,0,0,1,2
0.57,0.256,0.331,0,0,1,2
0.57,0.256,0.334,0,0,1,2
0.57,0.256,0.337,0,0,1,2
0.57,0.256,0.34,0,0,1,2
0.57,0.256,0.343,0,0,1,2
0.57,0.256,0.346,0,0,1,2
0.57,0.256,0.349,0,0,1,2
0.57,0.256,0.352,0,0,1,2
0.57,0.256,0.355,0,0,1,2
0.57,0.256,0.358,0,0,1,2
0.57,0.256,0.361,0,0,1,2
0.57,0.256,0.364,0,0,1,2
0.57,0.256,0.367,0,0,1,2
0.57,0.256,0.37,0,0,1,2
0.57,0.256,0.373,0,0,1,2
0.57,0.256,0.376,0,0,1,2
0.57,0.256,0.379,0,0,1,2
0.57,0.256,0.382,0,0,1,2
0.57,0.256,0.385,0,0,1,2
0.57,0.256,0.388,0,0,1,2
0.57,0.256,0.391,0,0,1,2
0.57,0.256,0.394,0,0,1,2
0.57,0.256,0.397,0,0,1,2
0.57,0.256,0.4,0,0,1,2
0.57,0.256,0.403,0,0,1,2
0.57,0.256,0.406,0,0,1,2
0.57,0.256,0.409,0,0,1,2
0.57,0.256,0.412,0,0,1,2
0.57,0.256,0.415,0,0,1,2
0.57,0.256,0.418,0,0,1,2
0.57,0.256,0.420999,0,0,1,2
0.57,0.256,0.423999,0,0,1,2
0.57,0.256,0.426999,0,0,1,2
0.57,0.256,0.429999,0,0,1,2
0.57,0.256,0.432999,0,0,1,2
0.57,0.256,0.435999,0,0,1,2
0.57,0.256,0.438999,0,0,1,2
0.57,0.256,0.441999,0,0,1,2
0.57,0.256,0.444999,0,0,1,2
0.57,0.256,0.447999,0,0,1,2
0.57,0.256,0.450999,0,0,1,2
0.57,0.259,0.25,0,0,1,2
0.57,0.259,0.253,0,0,1,2
0.57,0.259,0.256,0,0,1,2
0.57,0.259,0.259,0,0,1,2
0.57,0.259,0.262,0,0,1,2
0.57,0.259,0.265,0,0,1,2
0.57,0.259,0.268,0,0,1,2
0.57,0.259,0.271,0,0,1,2
0.57,0.259,0.274,0,0,1,2
0.57,0.259,0.277,0,0,1,2
0.57,0.259,0.28,0,0,1,2
0.57,0.259,0.283,0,0,1,2
0.57,0.259,0.286,0,0,1,2
0.57,0.259,0.289,0,0,1,2
0.57,0.259,0.292,0,0,1,2
0.57,0.259,0.295,0,0,1,2
0.57,0.259,0.298,0,0,1,2
0.57,0.259,0.301,0,0,1,2
0.57,0.259,0.304,0,0,1,2
0.57,0.259,0.307,0,0,1,2
0.57,0.259,0.31,0,0,1,2
0.57,0.259,0.313,0,0,1,2
0.57,0.259,0.316,0,0,1,2
0.57,0.259,0.319,0,0,1,2
0.57,0.259,0.322,0,0,1,2
0.57,0.259,0.325,0,0,1,2
0.57,0.259,0.328,0,0,1,2
0.57,0.259,0.331,0,0,1,2
0.57,0.259,0.334,0,0,1,2
0.57,0.259,0.337,0,0,1,2
0.57,0.259,0.34,0,0,1,2
0.57,0.259,0.343,0,0,1,2
0.57,0.259,0.346,0,0,1,2
0.57,0.259,0.349,0,0,1,2
0.57,0.259,0.352,0,0,1,2
0.57,0.259,0.355,0,0,1,2
0.57,0.259,0.358,0,0,1,2
0.57,0.259,0.361,0,0,1,2
0.57,0.259,0.364,0,0,1,2
0.57,0.259,0.367,0,0,1,2
0.57,0.259,0.37,0,0,1,2
0.57,0.259,0.373,0,0,1,2
0.57,0.259,0.376,0,0,1,2
0.57,0.259,0.379,0,0,1,2
0.57,0.259,0.382,0,0,1,2
0.57,0.259,0.385,0,0,1,2
0.57,0.259,0.388,0,0,1,2
0.57,0.259,0.391,0,0,1,2
0.57,0.259,0.394,0,0,1,2
0.57,0.259,0.397,0,0,1,2
0.57,0.259,0.4,0,0,1,2
0.57,0.259,0.403,0,0,1,2
0.57,0.259,0.406,0,0,1,2
0.57,0.259,0.409,0,0,1,2
0.57,0.259,0.412,0,0,1,2
0.57,0.259,0.415,0,0,1,2
0.57,0.259,0.418,0,0,1,2
0.57,0.259,0.420999,0,0,1,2
0.57,0.259,0.423999,0,0,1,2
0.57,0.259,0.426999,0,0,1,2
0.57,0.259,0.429999,0,0,1,2
0.57,0.259,0.432999,0,0,1,2
0.57,0.259,0.435999,0,0,1,2
0.57,0.259,0.438999,0,0,1,2
0.57,0.259,0.441999,0,0,1,2
0.57,0.259,0.444999,0,0,1,2
0.57,0.259,0.447999,0,0,1,2
0.57,0.259,0.450999,0,0,1,2
0.39,0.1,0.25,0,0,1,2
0.39,0.103,0.25,0,0,1,2
0.39,0.106,0.25,0,0,1,2
0.39,0.109,0.25,0,0,1,2
0.39,0.112,0.25,0,0,1,2
0.39,0.115,0.25,0,0,1,2
0.39,0.118,0.25,0,0,1,2
0.39,0.121,0.25,0,0,1,2
0.39,0.124,0.25,0,0,1,2
0.39,0.127,0.25,0,0,1,2
0.39,0.13,0.25,0,0,1,2
0.39,0.133,0.25,0,0,1,2
0.39,0.136,0.25,0,0,1,2
0.39,0.139,0.25,0,0,1,2
0.39,0.142,0.25,0,0,1,2
0.39,0.145,0.25,0,0,1,2
0.39,0.148,0.25,0,0,1,2
0.39,0.151,0.25,0,0,1,2
0.39,0.154,0.25,0,0,1,2
0.39,0.157,0.25,0,0,1,2
0.39,0.16,0.25,0,0,1,2
0.39,0.163,0.25,0,0,1,2
0.39,0.166,0.25,0,0,1,2
0.39,0.169,0.25,0,0,1,2
0.39,0.172,0.25,0,0,1,2
0.39,0.175,0.25,0,0,1,2
0.39,0.178,0.25,0,0,1,2
0.39,0.181,0.25,0,0,1,2
0.39,0.184,0.25,0,0,1,2
0.39,0.187,0.25,0,0,1,2
0.39,0.19,0.25,0,0,1,2
0.39,0.193,0.25,0,0,1,2
0.39,0.196,0.25,0,0,1,2
0.39,0.199,0.25,0,0,1,2
0.39,0.202,0.25,0,0,1,2
0.39,0.205,0.25,0,0,1,2
0.39,0.208,0.25,0,0,1,2
0.39,0.211,0.25,0,0,1,2
0.39,0.214,0.25,0,0,1,2
0.39,0.217,0.25,0,0,1,2
0.39,0.22,0.25,0,0,1,2
0.39,0.223,0.25,0,0,1,2
0.39,0.226,0.25,0,0,1,2
0.39,0.229,0.25,0,0,1,2
0.39,0.232,0.25,0,0,1,2
0.39,0.235,0.25,0,0,1,2
0.39,0.238,0.25,0,0,1,2
0.39,0.241,0.25,0,0,1,2
0.39,0.244,0.25,0,0,1,2
0.39,0.247,0.25,0,0,1,2
0.39,0.25,0.25,0,0,1,2
0.39,0.253,0.25,0,0,1,2
0.39,0.256,0.25,0,0,1,2
0.39,0.259,0.25,0,0,1,2
0.393,0.1,0.25,0,0,1,2
0.393,0.103,0.25,0,0,1,2
0.393,0.106,0.25,0,0,1,2
0.393,0.109,0.25,0,0,1,2
0.393,0.112,0.25,0,0,1,2
0.393,0.115,0.25,0,0,1,2
0.393,0.118,0.25,0,0,1,2
0.393,0.121,0.25,0,0,1,2
0.393,0.124,0.25,0,0,1,2
0.393,0.127,0.25,0,0,1,2
0.393,0.13,0.25,0,0,1,2
0.393,0.133,0.25,0,0,1,2
0.393,0.136,0.25,0,0,1,2
0.393,0.139,0.25,0,0,1,2
0.393,0.142,0.25,0,0,1,2
0.393,0.145,0.25,0,0,1,2
0.393,0.148,0.25,0,0,1,2
0.393,0.151,0.25,0,0,1,2
0.393,0.154,0.25,0,0,1,2
0.393,0.157,0.25,0,0,1,2
0.393,0.16,0.25,0,0,1,2
0.393,0.163,0.25,0,0,1,2
0.393,0.166,0.25,0,0,1,2
0.393,0.169,0.25,0,0,1,2
0.393,0.172,0.25,0,0,1,2
0.393,0.175,0.25,0,0,1,2
0.393,0.178,0.25,0,0,1,2
0.393,0.181,0.25,0,0,1,2
0.393,0.184,0.25,0,0,1,2
0.393,0.187,0.25,0,0,1,2
0.393,0.19,0.25,0,0,1,2
0.393,0.193,0.25,0,0,1,2
0.393,0.196,0.25,0,0,1,2
0.393,0.199,0.25,0,0,1,2
0.393,0.202,0.25,0,0,1,2
0.393,0.205,0.25,0,0,1,2
0.393,0.208,0.25,0,0,1,2
0.393,0.211,0.25,0,0,1,2
0.393,0.214,0.25,0,0,1,2
0.393,0.217,0.25,0,0,1,2
0.393,0.22,0.25,0,0,1,2
0.393,0.223,0.25,0,0,1,2
0.393,0.226,0.25,0,0,1,2
0.393,0.229,0.25,0,0,1,2
0.393,0.232,0.25,0,0,1,2
0.393,0.235,0.25,0,0,1,2
0.393,0.238,0.25,0,0,1,2
0.393,0.241,0.25,0,0,1,2
0.393,0.244,0.25,0,0,1,2
0.393,0.247,0.25,0,0,1,2
0.393,0.25,0.25,0,0,1,2
0.393,0.253,0.25,0,0,1,2
0.393,0.256,0.25,0,0,1,2
0.393,0.259,0.25,0,0,1,2
0.396,0.1,0.25,0,0,1,2
0.396,0.103,0.25,0,0,1,2
0.396,0.106,0.25,0,0,1,2
0.396,0.109,0.25,0,0,1,2
0.396,0.112,0.25,0,0,1,2
0.396,0.115,0.25,0,0,1,2
0.396,0.118,0.25,0,0,1,2
0.396,0.121,0.25,0,0,1,2
0.396,0.124,0.25,0,0,1,2
0.396,0.127,0.25,0,0,1,2
0.396,0.13,0.25,0,0,1,2
0.396,0.133,0.25,0,0,1,2
0.396,0.136,0.25,0,0,1,2
0.396,0.139,0.25,0,0,1,2
0.396,0.142,0.25,0,0,1,2
0.396,0.145,0.25,0,0,1,2
0.396,0.148,0.25,0,0,1,2
0.396,0.151,0.25,0,0,1,2
0.396,0.154,0.25,0,0,1,2
0.396,0.157,0.25,0,0,1,2
0.396,0.16,0.25,0,0,1,2
0.396,0.163,0.25,0,0,1,2
0.396,0.166,0.25,0,0,1,2
0.396,0.169,0.25,0,0,1,2
0.396,0.172,0.25,0,0,1,2
0.396,0.175,0.25,0,0,1,2
0.396,0.178,0.25,0,0,1,2
0.396,0.181,0.25,0,0,1,2
0.396,0.184,0.25,0,0,1,2
0.396,0.187,0.25,0,0,1,2
0.396,0.19,0.25,0,0,1,2
0.396,0.193,0.25,0,0,1,2
0.396,0.196,0.25,0,0,1,2
0.396,0.199,0.25,0,0,1,2
0.396,0.202,0.25,0,0,1,2
0.396,0.205,0.25,0,0,1,2
0.396,0.208,0.25,0,0,1,2
0.396,0.211,0.25,0,0,1,2
0.396,0.214,0.25,0,0,1,2
0.396,0.217,0.25,0,0,1,2
0.396,0.22,0.25,0,0,1,2
0.396,0.223,0.25,0,0,1,2
0.396,0.226,0.25,0,0,1,2
0.396,0.229,0.25,0,0,1,2
0.396,0.232,0.25,0,0,1,2
0.396,0.235,0.25,0,0,1,2
0.396,0.238,0.25,0,0,1,2
0.396,0.241,0.25,0,0,1,2
0.396,0.244,0.25,0,0,1,2
0.396,0.247,0.25,0,0,1,2
0.396,0.25,0.25,0,0,1,2
0.396,0.253,0.25,0,0,1,2
0.396,0.256,0.25,0,0,1,2
0.396,0.259,0.25,0,0,1,2
0.399,0.1,0.25,0,0,1,2
0.399,0.103,0.25,0,0,1,2
0.399,0.106,0.25,0,0,1,2
0.399,0.109,0.25,0,0,1,2
0.399,0.112,0.25,0,0,1,2
0.399,0.115,0.25,0,0,1,2
0.399,0.118,0.25,0,0,1,2
0.399,0.121,0.25,0,0,1,2
0.399,0.124,0.25,0,0,1,2
0.399,0.127,0.25,0,0,1,2
0.399,0.13,0.25,0,0,1,2
0.399,0.133,0.25,0,0,1,2
0.399,0.136,0.25,0,0,1,2
0.399,0.139,0.25,0,0,1,2
0.399,0.142,0.25,0,0,1,2
0.399,0.145,0.25,0,0,1,2
0.399,0.148,0.25,0,0,1,2
0.399,0.151,0.25,0,0,1,2
0.399,0.154,0.25,0,0,1,2
0.399,0.157,0.25,0,0,1,2
0.399,0.16,0.25,0,0,1,2
0.399,0.163,0.25,0,0,1,2
0.399,0.166,0.25,0,0,1,2
0.399,0.169,0.25,0,0,1,2
0.399,0.172,0.25,0,0,1,2
0.399,0.175,0.25,0,0,1,2
0.399,0.178,0.25,0,0,1,2
0.399,0.181,0.25,0,0,1,2
0.399,0.184,0.25,0,0,1,2
0.399,0.187,0.25,0,0,1,2
0.399,0.19,0.25,0,0,1,2
0.399,0.193,0.25,0,0,1,2
0.399,0.196,0.25,0,0,1,2
0.399,0.199,0.25,0,0,1,2
0.399,0.202,0.25,0,0,1,2
0.399,0.205,0.25,0,0,1,2
0.399,0.208,0.25,0,0,1,2
0.399,0.211,0.25,0,0,1,2
0.399,0.214,0.25,0,0,1,2
0.399,0.217,0.25,0,0,1,2
0.399,0.22,0.25,0,0,1,2
0.399,0.223,0.25,0,0,1,2
0.399,0.226,0.25,0,0,1,2
0.399,0.229,0.25,0,0,1,2
0.399,0.232,0.25,0,0,1,2
0.399,0.235,0.25,0,0,1,2
0.399,0.238,0.25,0,0,1,2
0.399,0.241,0.25,0,0,1,2
0.399,0.244,0.25,0,0,1,2
0.399,0.247,0.25,0,0,1,2
0.399,0.25,0.25,0,0,1,2
0.399,0.253,0.25,0,0,1,2
0.399,0.256,0.25,0,0,1,2
0.399,0.259,0.25,0,0,1,2
0.402,0.1,0.25,0,0,1,2
0.402,0.103,0.25,0,0,1,2
0.402,0.106,0.25,0,0,1,2
0.402,0.109,0.25,0,0,1,2
0.402,0.112,0.25,0,0,1,2
0.402,0.115,0.25,0,0,1,2
0.402,0.118,0.25,0,0,1,2
0.402,0.121,0.25,0,0,1,2
0.402,0.124,0.25,0,0,1,2
0.402,0.127,0.25,0,0,1,2
0.402,0.13,0.25,0,0,1,2
0.402,0.133,0.25,0,0,1,2
0.402,0.136,0.25,0,0,1,2
0.402,0.139,0.25,0,0,1,2
0.402,0.142,0.25,0,0,1,2
0.402,0.145,0.25,0,0,1,2
0.402,0.148,0.25,0,0,1,2
0.402,0.151,0.25,0,0,1,2
0.402,0.154,0.25,0,0,1,2
0.402,0.157,0.25,0,0,1,2
0.402,0.16,0.25,0,0,1,2
0.402,0.163,0.25,0,0,1,2
0.402,0.166,0.25,0,0,1,2
0.402,0.169,0.25,0,0,1,2
0.402,0.172,0.25,0,0,1,2
0.402,0.175,0.25,0,0,1,2
0.402,0.178,0.25,0,0,1,2
0.402,0.181,0.25,0,0,1,2
0.402,0.184,0.25,0,0,1,2
0.402,0.187,0.25,0,0,1,2
0.402,0.19,0.25,0,0,1,2
0.402,0.193,0.25,0,0,1,2
0.402,0.196,0.25,0,0,1,2
0.402,0.199,0.25,0,0,1,2
0.402,0.202,0.25,0,0,1,2
0.402,0.205,0.25,0,0,1,2
0.402,0.208,0.25,0,0,1,2
0.402,0.211,0.25,0,0,1,2
0.402,0.214,0.25,0,0,1,2
0.402,0.217,0.25,0,0,1,2
0.402,0.22,0.25,0,0,1,2
0.402,0.223,0.25,0,0,1,2
0.402,0.226,0.25,0,0,1,2
0.402,0.229,0.25,0,0,1,2
0.402,0.232,0.25,0,0,1,2
0.402,0.235,0.25,0,0,1,2
0.402,0.238,0.25,0,0,1,2
0.402,0.241,0.25,0,0,1,2
0.402,0.244,0.25,0,0,1,2
0.402,0.247,0.25,0,0,1,2
0.402,0.25,0.25,0,0,1,2
0.402,0.253,0.25,0,0,1,2
0.402,0.256,0.25,0,0,1,2
0.402,0.259,0.25,0,0,1,2
0.405,0.1,0.25,0,0,1,2
0.405,0.103,0.25,0,0,1,2
0.405,0.106,0.25,0,0,1,2
0.405,0.109,0.25,0,0,1,2
0.405,0.112,0.25,0,0,1,2
0.405,0.115,0.25,0,0,1,2
0.405,0.118,0.25,0,0,1,2
0.405,0.121,0.25,0,0,1,2
0.405,0.124,0.25,0,0,1,2
0.405,0.127,0.25,0,0,1,2
0.405,0.13,0.25,0,0,1,2
0.405,0.133,0.25,0,0,1,2
0.405,0.136,0.25,0,0,1,2
0.405,0.139,0.25,0,0,1,2
0.405,0.142,0.25,0,0,1,2
0.405,0.145,0.25,0,0,1,2
0.405,0.148,0.25,0,0,1,2
0.405,0.151,0.25,0,0,1,2
0.405,0.154,0.25,0,0,1,2
0.405,0.157,0.25,0,0,1,2
0.405,0.16,0.25,0,0,1,2
0.405,0.163,0.25,0,0,1,2
0.405,0.166,0.25,0,0,1,2
0.405,0.169,0.25,0,0,1,2
0.405,0.172,0.25,0,0,1,2
0.405,0.175,0.25,0,0,1,2
0.405,0.178,0.25,0,0,1,2
0.405,0.181,0.25,0,0,1,2
0.405,0.184,0.25,0,0,1,2
0.405,0.187,0.25,0,0,1,2
0.405,0.19,0.25,0,0,1,2
0.405,0.193,0.25,0,0,1,2
0.405,0.196,0.25,0,0,1,2
0.405,0.199,0.25,0,0,1,2
0.405,0.202,0.25,0,0,1,2
0.405,0.205,0.25,0,0,1,2
0.405,0.208,0.25,0,0,1,2
0.405,0.211,0.25,0,0,1,2
0.405,0.214,0.25,0,0,1,2
0.405,0.217,0.25,0,0,1,2
0.405,0.22,0.25,0,0,1,2
0.405,0.223,0.25,0,0,1,2
0.405,0.226,0.25,0,0,1,2
0.405,0.229,0.25,0,0,1,2
0.405,0.232,0.25,0,0,1,2
0.405,0.235,0.25,0,0,1,2
0.405,0.238,0.25,0,0,1,2
0.405,0.241,0.25,0,0,1,2
0.405,0.244,0.25,0,0,1,2
0.405,0.247,0.25,0,0,1,2
0.405,0.25,0.25,0,0,1,2
0.405,0.253,0.25,0,0,1,2
0.405,0.256,0.25,0,0,1,2
0.405,0.259,0.25,0,0,1,2
0.408,0.1,0.25,0,0,1,2
0.408,0.103,0.25,0,0,1,2
0.408,0.106,0.25,0,0,1,2
0.408,0.109,0.25,0,0,1,2
0.408,0.112,0.25,0,0,1,2
0.408,0.115,0.25,0,0,1,2
0.408,0.118,0.25,0,0,1,2
0.408,0.121,0.25,0,0,1,2
0.408,0.124,0.25,0,0,1,2
0.408,0.127,0.25,0,0,1,2
0.408,0.13,0.25,0,0,1,2
0.408,0.133,0.25,0,0,1,2
0.408,0.136,0.25,0,0,1,2
0.408,0.139,0.25,0,0,1,2
0.408,0.142,0.25,0,0,1,2
0.408,0.145,0.25,0,0,1,2
0.408,0.148,0.25,0,0,1,2
0.408,0.151,0.25,0,0,1,2
0.408,0.154,0.25,0,0,1,2
0.408,0.157,0.25,0,0,1,2
0.408,0.16,0.25,0,0,1,2
0.408,0.163,0.25,0,0,1,2
0.408,0.166,0.25,0,0,1,2
0.408,0.169,0.25,0,0,1,2
0.408,0.172,0.25,0,0,1,2
0.408,0.175,0.25,0,0,1,2
0.408,0.178,0.25,0,0,1,2
0.408,0.181,0.25,0,0,1,2
0.408,0.184,0.25,0,0,1,2
0.408,0.187,0.25,0,0,1,2
0.408,0.19,0.25,0,0,1,2
0.408,0.193,0.25,0,0,1,2
0.408,0.196,0.25,0,0,1,2
0.408,0.199,0.25,0,0,1,2
0.408,0.202,0.25,0,0,1,2
0.408,0.205,0.25,0,0,1,2
0.408,0.208,0.25,0,0,1,2
0.408,0.211,0.25,0,0,1,2
0.408,0.214,0.25,0,0,1,2
0.408,0.217,0.25,0,0,1,2
0.408,0.22,0.25,0,0,1,2
0.408,0.223,0.25,0,0,1,2
0.408,0.226,0.25,0,0,1,2
0.408,0.229,0.25,0,0,1,2
0.408,0.232,0.25,0,0,1,2
0.408,0.235,0.25,0,0,1,2
0.408,0.238,0.25,0,0,1,2
0.408,0.241,0.25,0,0,1,2
0.408,0.244,0.25,0,0,1,2
0.408,0.247,0.25,0,0,1,2
0.408,0.25,0.25,0,0,1,2
0.408,0.253,0.25,0,0,1,2
0.408,0.256,0.25,0,0,1,2
0.408,0.259,0.25,0,0,1,2
0.411,0.1,0.25,0,0,1,2
0.411,0.103,0.25,0,0,1,2
0.411,0.106,0.25,0,0,1,2
0.411,0.109,0.25,0,0,1,2
0.411,0.112,0.25,0,0,1,2
0.411,0.115,0.25,0,0,1,2
0.411,0.118,0.25,0,0,1,2
0.411,0.121,0.25,0,0,1,2
0.411,0.124,0.25,0,0,1,2
0.411,0.127,0.25,0,0,1,2
0.411,0.13,0.25,0,0,1,2
0.411,0.133,0.25,0,0,1,2
0.411,0.136,0.25,0,0,1,2
0.411,0.139,0.25,0,0,1,2
0.411,0.142,0.25,0,0,1,2
0.411,0.145,0.25,0,0,1,2
0.411,0.148,0.25,0,0,1,2
0.411,0.151,0.25,0,0,1,2
0.411,0.154,0.25,0,0,1,2
0.411,0.157,0.25,0,0,1,2
0.411,0.16,0.25,0,0,1,2
0.411,0.163,0.25,0,0,1,2
0.411,0.166,0.25,0,0,1,2
0.411,0.169,0.25,0,0,1,2
0.411,0.172,0.25,0,0,1,2
0.411,0.175,0.25,0,0,1,2
0.411,0.178,0.25,0,0,1,2
0.411,0.181,0.25,0,0,1,2
0.411,0.184,0.25,0,0,1,2
0.411,0.187,0.25,0,0,1,2
0.411,0.19,0.25,0,0,1,2
0.411,0.193,0.25,0,0,1,2
0.411,0.196,0.25,0,0,1,2
0.411,0.199,0.25,0,0,1,2
0.411,0.202,0.25,0,0,1,2
0.411,0.205,0.25,0,0,1,2
0.411,0.208,0.25,0,0,1,2
0.411,0.211,0.25,0,0,1,2
0.411,0.214,0.25,0,0,1,2
0.411,0.217,0.25,0,0,1,2
0.411,0.22,0.25,0,0,1,2
0.411,0.223,0.25,0,0,1,2
0.411,0.226,0.25,0,0,1,2
0.411,0.229,0.25,0,0,1,2
0.411,0.232,0.25,0,0,1,2
0.411,0.235,0.25,0,0,1,2
0.411,0.238,0.25,0,0,1,2
0.411,0.241,0.25,0,0,1,2
0.411,0.244,0.25,0,0,1,2
0.411,0.247,0.25,0,0,1,2
0.411,0.25,0.25,0,0,1,2
0.411,0.253,0.25,0,0,1,2
0.411,0.256,0.25,0,0,1,2
0.411,0.259,0.25,0,0,1,2
0.414,0.1,0.25,0,0,1,2
0.414,0.103,0.25,0,0,1,2
0.414,0.106,0.25,0,0,1,2
0.414,0.109,0.25,0,0,1,2
0.414,0.112,0.25,0,0,1,2
0.414,0.115,0.25,0,0,1,2
0.414,0.118,0.25,0,0,1,2
0.414,0.121,0.25,0,0,1,2
0.414,0.124,0.25,0,0,1,2
0.414,0.127,0.25,0,0,1,2
0.414,0.13,0.25,0,0,1,2
0.414,0.133,0.25,0,0,1,2
0.414,0.136,0.25,0,0,1,2
0.414,0.139,0.25,0,0,1,2
0.414,0.142,0.25,0,0,1,2
0.414,0.145,0.25,0,0,1,2
0.414,0.148,0.25,0,0,1,2
0.414,0.151,0.25,0,0,1,2
0.414,0.154,0.25,0,0,1,2
0.414,0.157,0.25,0,0,1,2
0.414,0.16,0.25,0,0,1,2
0.414,0.163,0.25,0,0,1,2
0.414,0.166,0.25,0,0,1,2
0.414,0.169,0.25,0,0,1,2
0.414,0.172,0.25,0,0,1,2
0.414,0.175,0.25,0,0,1,2
0.414,0.178,0.25,0,0,1,2
0.414,0.181,0.25,0,0,1,2
0.414,0.184,0.25,0,0,1,2
0.414,0.187,0.25,0,0,1,2
0.414,0.19,0.25,0,0,1,2
0.414,0.193,0.25,0,0,1,2
0.414,0.196,0.25,0,0,1,2
0.414,0.199,0.25,0,0,1,2
0.414,0.202,0.25,0,0,1,2
0.414,0.205,0.25,0,0,1,2
0.414,0.208,0.25,0,0,1,2
0.414,0.211,0.25,0,0,1,2
0.414,0.214,0.25,0,0,1,2
0.414,0.217,0.25,0,0,1,2
0.414,0.22,0.25,0,0,1,2
0.414,0.223,0.25,0,0,1,2
0.414,0.226,0.25,0,0,1,2
0.414,0.229,0.25,0,0,1,2
0.414,0.232,0.25,0,0,1,2
0.414,0.235,0.25,0,0,1,2
0.414,0.238,0.25,0,0,1,2
0.414,0.241,0.25,0,0,1,2
0.414,0.244,0.25,0,0,1,2
0.414,0.247,0.25,0,0,1,2
0.414,0.25,0.25,0,0,1,2
0.414,0.253,0.25,0,0,1,2
0.414,0.256,0.25,0,0,1,2
0.414,0.259,0.25,0,0,1,2
0.417,0.1,0.25,0,0,1,2
0.417,0.103,0.25,0,0,1,2
0.417,0.106,0.25,0,0,1,2
0.417,0.109,0.25,0,0,1,2
0.417,0.112,0.25,0,0,1,2
0.417,0.115,0.25,0,0,1,2
0.417,0.118,0.25,0,0,1,2
0.417,0.121,0.25,0,0,1,2
0.417,0.124,0.25,0,0,1,2
0.417,0.127,0.25,0,0,1,2
0.417,0.13,0.25,0,0,1,2
0.417,0.133,0.25,0,0,1,2
0.417,0.136,0.25,0,0,1,2
0.417,0.139,0.25,0,0,1,2
0.417,0.142,0.25,0,0,1,2
0.417,0.145,0.25,0,0,1,2
0.417,0.148,0.25,0,0,1,2
0.417,0.151,0.25,0,0,1,2
0.417,0.154,0.25,0,0,1,2
0.417,0.157,0.25,0,0,1,2
0.417,0.16,0.25,0,0,1,2
0.417,0.163,0.25,0,0,1,2
0.417,0.166,0.25,0,0,1,2
0.417,0.169,0.25,0,0,1,2
0.417,0.172,0.25,0,0,1,2
0.417,0.175,0.25,0,0,1,2
0.417,0.178,0.25,0,0,1,2
0.417,0.181,0.25,0,0,1,2
0.417,0.184,0.25,0,0,1,2
0.417,0.187,0.25,0,0,1,2
0.417,0.19,0.25,0,0,1,2
0.417,0.193,0.25,0,0,1,2
0.417,0.196,0.25,0,0,1,2
0.417,0.199,0.25,0,0,1,2
0.417,0.202,0.25,0,0,1,2
0.417,0.205,0.25,0,0,1,2
0.417,0.208,0.25,0,0,1,2
0.417,0.211,0.25,0,0,1,2
0.417,0.214,0.25,0,0,1,2
0.417,0.217,0.25,0,0,1,2
0.417,0.22,0.25,0,0,1,2
0.417,0.223,0.25,0,0,1,2
0.417,0.226,0.25,0,0,1,2
0.417,0.229,0.25,0,0,1,2
0.417,0.232,0.25,0,0,1,2
0.417,0.235,0.25,0,0,1,2
0.417,0.238,0.25,0,0,1,2
0.417,0.241,0.25,0,0,1,2
0.417,0.244,0.25,0,0,1,2
0.417,0.247,0.25,0,0,1,2
0.417,0.25,0.25,0,0,1,2
0.417,0.253,0.25,0,0,1,2
0.417,0.256,0.25,0,0,1,2
0.417,0.259,0.25,0,0,1,2
0.42,0.1,0.25,0,0,1,2
0.42,0.103,0.25,0,0,1,2
0.42,0.106,0.25,0,0,1,2
0.42,0.109,0.25,0,0,1,2
0.42,0.112,0.25,0,0,1,2
0.42,0.115,0.25,0,0,1,2
0.42,0.118,0.25,0,0,1,2
0.42,0.121,0.25,0,0,1,2
0.42,0.124,0.25,0,0,1,2
0.42,0.127,0.25,0,0,1,2
0.42,0.13,0.25,0,0,1,2
0.42,0.133,0.25,0,0,1,2
0.42,0.136,0.25,0,0,1,2
0.42,0.139,0.25,0,0,1,2
0.42,0.142,0.25,0,0,1,2
0.42,0.145,0.25,0,0,1,2
0.42,0.148,0.25,0,0,1,2
0.42,0.151,0.25,0,0,1,2
0.42,0.154,0.25,0,0,1,2
0.42,0.157,0.25,0,0,1,2
0.42,0.16,0.25,0,0,1,2
0.42,0.163,0.25,0,0,1,2
0.42,0.166,0.25,0,0,1,2
0.42,0.169,0.25,0,0,1,2
0.42,0.172,0.25,0,0,1,2
0.42,0.175,0.25,0,0,1,2
0.42,0.178,0.25,0,0,1,2
0.42,0.181,0.25,0,0,1,2
0.42,0.184,0.25,0,0,1,2
0.42,0.187,0.25,0,0,1,2
0.42,0.19,0.25,0,0,1,2
0.42,0.193,0.25,0,0,1,2
0.42,0.196,0.25,0,0,1,2
0.42,0.199,0.25,0,0,1,2
0.42,0.202,0.25,0,0,1,2
0.42,0.205,0.25,0,0,1,2
0.42,0.208,0.25,0,0,1,2
0.42,0.211,0.25,0,0,1,2
0.42,0.214,0.25,0,0,1,2
0.42,0.217,0.25,0,0,1,2
0.42,0.22,0.25,0,0,1,2
0.42,0.223,0.25,0,0,1,2
0.42,0.226,0.25,0,0,1,2
0.42,0.229,0.25,0,0,1,2
0.42,0.232,0.25,0,0,1,2
0.42,0.235,0.25,0,0,1,2
0.42,0.238,0.25,0,0,1,2
0.42,0.241,0.25,0,0,1,2
0.42,0.244,0.25,0,0,1,2
0.42,0.247,0.25,0,0,1,2
0.42,0.25,0.25,0,0,1,2
0.42,0.253,0.25,0,0,1,2
0.42,0.256,0.25,0,0,1,2
0.42,0.259,0.25,0,0,1,2
0.423,0.1,0.25,0,0,1,2
0.423,0.103,0.25,0,0,1,2
0.423,0.106,0.25,0,0,1,2
0.423,0.109,0.25,0,0,1,2
0.423,0.112,0.25,0,0,1,2
0.423,0.115,0.25,0,0,1,2
0.423,0.118,0.25,0,0,1,2
0.423,0.121,0.25,0,0,1,2
0.423,0.124,0.25,0,0,1,2
0.423,0.127,0.25,0,0,1,2
0.423,0.13,0.25,0,0,1,2
0.423,0.133,0.25,0,0,1,2
0.423,0.136,0.25,0,0,1,2
0.423,0.139,0.25,0,0,1,2
0.423,0.142,0.25,0,0,1,2
0.423,0.145,0.25,0,0,1,2
0.423,0.148,0.25,0,0,1,2
0.423,0.151,0.25,0,0,1,2
0.423,0.154,0.25,0,0,1,2
0.423,0.157,0.25,0,0,1,2
0.423,0.16,0.25,0,0,1,2
0.423,0.163,0.25,0,0,1,2
0.423,0.166,0.25,0,0,1,2
0.423,0.169,0.25,0,0,1,2
0.423,0.172,0.25,0,0,1,2
0.423,0.175,0.25,0,0,1,2
0.423,0.178,0.25,0,0,1,2
0.423,0.181,0.25,0,0,1,2
0.423,0.184,0.25,0,0,1,2
0.423,0.187,0.25,0,0,1,2
0.423,0.19,0.25,0,0,1,2
0.423,0.193,0.25,0,0,1,2
0.423,0.196,0.25,0,0,1,2
0.423,0.199,0.25,0,0,1,2
0.423,0.202,0.25,0,0,1,2
0.423,0.205,0.25,0,0,1,2
0.423,0.208,0.25,0,0,1,2
0.423,0.211,0.25,0,0,1,2
0.423,0.214,0.25,0,0,1,2
0.423,0.217,0.25,0,0,1,2
0.423,0.22,0.25,0,0,1,2
0.423,0.223,0.25,0,0,1,2
0.423,0.226,0.25,0,0,1,2
0.423,0.229,0.25,0,0,1,2
0.423,0.232,0.25,0,0,1,2
0.423,0.235,0.25,0,0,1,2
0.423,0.238,0.25,0,0,1,2
0.423,0.241,0.25,0,0,1,2
0.423,0.244,0.25,0,0,1,2
0.423,0.247,0.25,0,0,1,2
0.423,0.25,0.25,0,0,1,2
0.423,0.253,0.25,0,0,1,2
0.423,0.256,0.25,0,0,1,2
0.423,0.259,0.25,0,0,1,2
0.426,0.1,0.25,0,0,1,2
0.426,0.103,0.25,0,0,1,2
0.426,0.106,0.25,0,0,1,2
0.426,0.109,0.25,0,0,1,2
0.426,0.112,0.25,0,0,1,2
0.426,0.115,0.25,0,0,1,2
0.426,0.118,0.25,0,0,1,2
0.426,0.121,0.25,0,0,1,2
0.426,0.124,0.25,0,0,1,2
0.426,0.127,0.25,0,0,1,2
0.426,0.13,0.25,0,0,1,2
0.426,0.133,0.25,0,0,1,2
0.426,0.136,0.25,0,0,1,2
0.426,0.139,0.25,0,0,1,2
0.426,0.142,0.25,0,0,1,2
0.426,0.145,0.25,0,0,1,2
0.426,0.148,0.25,0,0,1,2
0.426,0.151,0.25,0,0,1,2
0.426,0.154,0.25,0,0,1,2
0.426,0.157,0.25,0,0,1,2
0.426,0.16,0.25,0,0,1,2
0.426,0.163,0.25,0,0,1,2
0.426,0.166,0.25,0,0,1,2
0.426,0.169,0.25,0,0,1,2
0.426,0.172,0.25,0,0,1,2
0.426,0.175,0.25,0,0,1,2
0.426,0.178,0.25,0,0,1,2
0.426,0.181,0.25,0,0,1,2
0.426,0.184,0.25,0,0,1,2
0.426,0.187,0.25,0,0,1,2
0.426,0.19,0.25,0,0,1,2
0.426,0.193,0.25,0,0,1,2
0.426,0.196,0.25,0,0,1,2
0.426,0.199,0.25,0,0,1,2
0.426,0.202,0.25,0,0,1,2
0.426,0.205,0.25,0,0,1,2
0.426,0.208,0.25,0,0,1,2
0.426,0.211,0.25,0,0,1,2
0.426,0.214,0.25,0,0,1,2
0.426,0.217,0.25,0,0,1,2
0.426,0.22,0.25,0,0,1,2
0.426,0.223,0.25,0,0,1,2
0.426,0.226,0.25,0,0,1,2
0.426,0.229,0.25,0,0,1,2
0.426,0.232,0.25,0,0,1,2
0.426,0.235,0.25,0,0,1,2
0.426,0.238,0.25,0,0,1,2
0.426,0.241,0.25,0,0,1,2
0.426,0.244,0.25,0,0,1,2
0.426,0.247,0.25,0,0,1,2
0.426,0.25,0.25,0,0,1,2
0.426,0.253,0.25,0,0,1,2
0.426,0.256,0.25,0,0,1,2
0.426,0.259,0.25,0,0,1,2
0.429,0.1,0.25,0,0,1,2
0.429,0.103,0.25,0,0,1,2
0.429,0.106,0.25,0,0,1,2
0.429,0.109,0.25,0,0,1,2
0.429,0.112,0.25,0,0,1,2
0.429,0.115,0.25,0,0,1,2
0.429,0.118,0.25,0,0,1,2
0.429,0.121,0.25,0,0,1,2
0.429,0.124,0.25,0,0,1,2
0.429,0.127,0.25,0,0,1,2
0.429,0.13,0.25,0,0,1,2
0.429,0.133,0.25,0,0,1,2
0.429,0.136,0.25,0,0,1,2
0.429,0.139,0.25,0,0,1,2
0.429,0.142,0.25,0,0,1,2
0.429,0.145,0.25,0,0,1,2
0.429,0.148,0.25,0,0,1,2
0.429,0.151,0.25,0,0,1,2
0.429,0.154,0.25,0,0,1,2
0.429,0.157,0.25,0,0,1,2
0.429,0.16,0.25,0,0,1,2
0.429,0.163,0.25,0,0,1,2
0.429,0.166,0.25,0,0,1,2
0.429,0.169,0.25,0,0,1,2
0.429,0.172,0.25,0,0,1,2
0.429,0.175,0.25,0,0,1,2
0.429,0.178,0.25,0,0,1,2
0.429,0.181,0.25,0,0,1,2
0.429,0.184,0.25,0,0,1,2
0.429,0.187,0.25,0,0,1,2
0.429,0.19,0.25,0,0,1,2
0.429,0.193,0.25,0,0,1,2
0.429,0.196,0.25,0,0,1,2
0.429,0.199,0.25,0,0,1,2
0.429,0.202,0.25,0,0,1,2
0.429,0.205,0.25,0,0,1,2
0.429,0.208,0.25,0,0,1,2
0.429,0.211,0.25,0,0,1,2
0.429,0.214,0.25,0,0,1,2
0.429,0.217,0.25,0,0,1,2
0.429,0.22,0.25,0,0,1,2
0.429,0.223,0.25,0,0,1,2
0.429,0.226,0.25,0,0,1,2
0.429,0.229,0.25,0,0,1,2
0.429,0.232,0.25,0,0,1,2
0.429,0.235,0.25,0,0,1,2
0.429,0.238,0.25,0,0,1,2
0.429,0.241,0.25,0,0,1,2
0.429,0.244,0.25,0,0,1,2
0.429,0.247,0.25,0,0,1,2
0.429,0.25,0.25,0,0,1,2
0.429,0.253,0.25,0,0,1,2
0.429,0.256,0.25,0,0,1,2
0.429,0.259,0.25,0,0,1,2
0.432,0.1,0.25,0,0,1,2
0.432,0.103,0.25,0,0,1,2
0.432,0.106,0.25,0,0,1,2
0.432,0.109,0.25,0,0,1,2
0.432,0.112,0.25,0,0,1,2
0.432,0.115,0.25,0,0,1,2
0.432,0.118,0.25,0,0,1,2
0.432,0.121,0.25,0,0,1,2
0.432,0.124,0.25,0,0,1,2
0.432,0.127,0.25,0,0,1,2
0.432,0.13,0.25,0,0,1,2
0.432,0.133,0.25,0,0,1,2
0.432,0.136,0.25,0,0,1,2
0.432,0.139,0.25,0,0,1,2
0.432,0.142,0.25,0,0,1,2
0.432,0.145,0.25,0,0,1,2
0.432,0.148,0.25,0,0,1,2
0.432,0.151,0.25,0,0,1,2
0.432,0.154,0.25,0,0,1,2
0.432,0.157,0.25,0,0,1,2
0.432,0.16,0.25,0,0,1,2
0.432,0.163,0.25,0,0,1,2
0.432,0.166,0.25,0,0,1,2
0.432,0.169,0.25,0,0,1,2
0.432,0.172,0.25,0,0,1,2
0.432,0.175,0.25,0,0,1,2
0.432,0.178,0.25,0,0,1,2
0.432,0.181,0.25,0,0,1,2
0.432,0.184,0.25,0,0,1,2
0.432,0.187,0.25,0,0,1,2
0.432,0.19,0.25,0,0,1,2
0.432,0.193,0.25,0,0,1,2
0.432,0.196,0.25,0,0,1,2
0.432,0.199,0.25,0,0,1,2
0.432,0.202,0.25,0,0,1,2
0.432,0.205,0.25,0,0,1,2
0.432,0.208,0.25,0,0,1,2
0.432,0.211,0.25,0,0,1,2
0.432,0.214,0.25,0,0,1,2
0.432,0.217,0.25,0,0,1,2
0.432,0.22,0.25,0,0,1,2
0.432,0.223,0.25,0,0,1,2
0.432,0.226,0.25,0,0,1,2
0.432,0.229,0.25,0,0,1,2
0.432,0.232,0.25,0,0,1,2
0.432,0.235,0.25,0,0,1,2
0.432,0.238,0.25,0,0,1,2
0.432,0.241,0.25,0,0,1,2
0.432,0.244,0.25,0,0,1,2
0.432,0.247,0.25,0,0,1,2
0.432,0.25,0.25,0,0,1,2
0.432,0.253,0.25,0,0,1,2
0.432,0.256,0.25,0,0,1,2
0.432,0.259,0.25,0,0,1,2
0.435,0.1,0.25,0,0,1,2
0.435,0.103,0.25,0,0,1,2
0.435,0.106,0.25,0,0,1,2
0.435,0.109,0.25,0,0,1,2
0.435,0.112,0.25,0,0,1,2
0.435,0.115,0.25,0,0,1,2
0.435,0.118,0.25,0,0,1,2
0.435,0.121,0.25,0,0,1,2
0.435,0.124,0.25,0,0,1,2
0.435,0.127,0.25,0,0,1,2
0.435,0.13,0.25,0,0,1,2
0.435,0.133,0.25,0,0,1,2
0.435,0.136,0.25,0,0,1,2
0.435,0.139,0.25,0,0,1,2
0.435,0.142,0.25,0,0,1,2
0.435,0.145,0.25,0,0,1,2
0.435,0.148,0.25,0,0,1,2
0.435,0.151,0.25,0,0,1,2
0.435,0.154,0.25,0,0,1,2
0.435,0.157,0.25,0,0,1,2
0.435,0.16,0.25,0,0,1,2
0.435,0.163,0.25,0,0,1,2
0.435,0.166,0.25,0,0,1,2
0.435,0.169,0.25,0,0,1,2
0.435,0.172,0.25,0,0,1,2
0.435,0.175,0.25,0,0,1,2
0.435,0.178,0.25,0,0,1,2
0.435,0.181,0.25,0,0,1,2
0.435,0.184,0.25,0,0,1,2
0.435,0.187,0.25,0,0,1,2
0.435,0.19,0.25,0,0,1,2
0.435,0.193,0.25,0,0,1,2
0.435,0.196,0.25,0,0,1,2
0.435,0.199,0.25,0,0,1,2
0.435,0.202,0.25,0,0,1,2
0.435,0.205,0.25,0,0,1,2
0.435,0.208,0.25,0,0,1,2
0.435,0.211,0.25,0,0,1,2
0.435,0.214,0.25,0,0,1,2
0.435,0.217,0.25,0,0,1,2
0.435,0.22,0.25,0,0,1,2
0.435,0.223,0.25,0,0,1,2
0.435,0.226,0.25,0,0,1,2
0.435,0.229,0.25,0,0,1,2
0.435,0.232,0.25,0,0,1,2
0.435,0.235,0.25,0,0,1,2
0.435,0.238,0.25,0,0,1,2
0.435,0.241,0.25,0,0,1,2
0.435,0.244,0.25,0,0,1,2
0.435,0.247,0.25,0,0,1,2
0.435,0.25,0.25,0,0,1,2
0.435,0.253,0.25,0,0,1,2
0.435,0.256,0.25,0,0,1,2
0.435,0.259,0.25,0,0,1,2
0.438,0.1,0.25,0,0,1,2
0.438,0.103,0.25,0,0,1,2
0.438,0.106,0.25,0,0,1,2
0.438,0.109,0.25,0,0,1,2
0.438,0.112,0.25,0,0,1,2
0.438,0.115,0.25,0,0,1,2
0.438,0.118,0.25,0,0,1,2
0.438,0.121,0.25,0,0,1,2
0.438,0.124,0.25,0,0,1,2
0.438,0.127,0.25,0,0,1,2
0.438,0.13,0.25,0,0,1,2
0.438,0.133,0.25,0,0,1,2
0.438,0.136,0.25,0,0,1,2
0.438,0.139,0.25,0,0,1,2
0.438,0.142,0.25,0,0,1,2
0.438,0.145,0.25,0,0,1,2
0.438,0.148,0.25,0,0,1,2
0.438,0.151,0.25,0,0,1,2
0.438,0.154,0.25,0,0,1,2
0.438,0.157,0.25,0,0,1,2
0.438,0.16,0.25,0,0,1,2
0.438,0.163,0.25,0,0,1,2
0.438,0.166,0.25,0,0,1,2
0.438,0.169,0.25,0,0,1,2
0.438,0.172,0.25,0,0,1,2
0.438,0.175,0.25,0,0,1,2
0.438,0.178,0.25,0,0,1,2
0.438,0.181,0.25,0,0,1,2
0.438,0.184,0.25,0,0,1,2
0.438,0.187,0.25,0,0,1,2
0.438,0.19,0.25,0,0,1,2
0.438,0.193,0.25,0,0,1,2
0.438,0.196,0.25,0,0,1,2
0.438,0.199,0.25,0,0,1,2
0.438,0.202,0.25,0,0,1,2
0.438,0.205,0.25,0,0,1,2
0.438,0.208,0.25,0,0,1,2
0.438,0.211,0.25,0,0,1,2
0.438,0.214,0.25,0,0,1,2
0.438,0.217,0.25,0,0,1,2
0.438,0.22,0.25,0,0,1,2
0.438,0.223,0.25,0,0,1,2
0.438,0.226,0.25,0,0,1,2
0.438,0.229,0.25,0,0,1,2
0.438,0.232,0.25,0,0,1,2
0.438,0.235,0.25,0,0,1,2
0.438,0.238,0.25,0,0,1,2
0.438,0.241,0.25,0,0,1,2
0.438,0.244,0.25,0,0,1,2
0.438,0.247,0.25,0,0,1,2
0.438,0.25,0.25,0,0,1,2
0.438,0.253,0.25,0,0,1,2
0.438,0.256,0.25,0,0,1,2
0.438,0.259,0.25,0,0,1,2
0.441,0.1,0.25,0,0,1,2
0.441,0.103,0.25,0,0,1,2
0.441,0.106,0.25,0,0,1,2
0.441,0.109,0.25,0,0,1,2
0.441,0.112,0.25,0,0,1,2
0.441,0.115,0.25,0,0,1,2
0.441,0.118,0.25,0,0,1,2
0.441,0.121,0.25,0,0,1,2
0.441,0.124,0.25,0,0,1,2
0.441,0.127,0.25,0,0,1,2
0.441,0.13,0.25,0,0,1,2
0.441,0.133,0.25,0,0,1,2
0.441,0.136,0.25,0,0,1,2
0.441,0.139,0.25,0,0,1,2
0.441,0.142,0.25,0,0,1,2
0.441,0.145,0.25,0,0,1,2
0.441,0.148,0.25,0,0,1,2
0.441,0.151,0.25,0,0,1,2
0.441,0.154,0.25,0,0,1,2
0.441,0.157,0.25,0,0,1,2
0.441,0.16,0.25,0,0,1,2
0.441,0.163,0.25,0,0,1,2
0.441,0.166,0.25,0,0,1,2
0.441,0.169,0.25,0,0,1,2
0.441,0.172,0.25,0,0,1,2
0.441,0.175,0.25,0,0,1,2
0.441,0.178,0.25,0,0,1,2
0.441,0.181,0.25,0,0,1,2
0.441,0.184,0.25,0,0,1,2
0.441,0.187,0.25,0,0,1,2
0.441,0.19,0.25,0,0,1,2
0.441,0.193,0.25,0,0,1,2
0.441,0.196,0.25,0,0,1,2
0.441,0.199,0.25,0,0,1,2
0.441,0.202,0.25,0,0,1,2
0.441,0.205,0.25,0,0,1,2
0.441,0.208,0.25,0,0,1,2
0.441,0.211,0.25,0,0,1,2
0.441,0.214,0.25,0,0,1,2
0.441,0.217,0.25,0,0,1,2
0.441,0.22,0.25,0,0,1,2
0.441,0.223,0.25,0,0,1,2
0.441,0.226,0.25,0,0,1,2
0.441,0.229,0.25,0,0,1,2
0.441,0.232,0.25,0,0,1,2
0.441,0.235,0.25,0,0,1,2
0.441,0.238,0.25,0,0,1,2
0.441,0.241,0.25,0,0,1,2
0.441,0.244,0.25,0,0,1,2
0.441,0.247,0.25,0,0,1,2
0.441,0.25,0.25,0,0,1,2
0.441,0.253,0.25,0,0,1,2
0.441,0.256,0.25,0,0,1,2
0.441,0.259,0.25,0,0,1,2
0.444,0.1,0.25,0,0,1,2
0.444,0.103,0.25,0,0,1,2
0.444,0.106,0.25,0,0,1,2
0.444,0.109,0.25,0,0,1,2
0.444,0.112,0.25,0,0,1,2
0.444,0.115,0.25,0,0,1,2
0.444,0.118,0.25,0,0,1,2
0.444,0.121,0.25,0,0,1,2
0.444,0.124,0.25,0,0,1,2
0.444,0.127,0.25,0,0,1,2
0.444,0.13,0.25,0,0,1,2
0.444,0.133,0.25,0,0,1,2
0.444,0.136,0.25,0,0,1,2
0.444,0.139,0.25,0,0,1,2
0.444,0.142,0.25,0,0,1,2
0.444,0.145,0.25,0,0,1,2
0.444,0.148,0.25,0,0,1,2
0.444,0.151,0.25,0,0,1,2
0.444,0.154,0.25,0,0,1,2
0.444,0.157,0.25,0,0,1,2
0.444,0.16,0.25,0,0,1,2
0.444,0.163,0.25,0,0,1,2
0.444,0.166,0.25,0,0,1,2
0.444,0.169,0.25,0,0,1,2
0.444,0.172,0.25,0,0,1,2
0.444,0.175,0.25,0,0,1,2
0.444,0.178,0.25,0,0,1,2
0.444,0.181,0.25,0,0,1,2
0.444,0.184,0.25,0,0,1,2
0.444,0.187,0.25,0,0,1,2
0.444,0.19,0.25,0,0,1,2
0.444,0.193,0.25,0,0,1,2
0.444,0.196,0.25,0,0,1,2
0.444,0.199,0.25,0,0,1,2
0.444,0.202,0.25,0,0,1,2
0.444,0.205,0.25,0,0,1,2
0.444,0.208,0.25,0,0,1,2
0.444,0.211,0.25,0,0,1,2
0.444,0.214,0.25,0,0,1,2
0.444,0.217,0.25,0,0,1,2
0.444,0.22,0.25,0,0,1,2
0.444,0.223,0.25,0,0,1,2
0.444,0.226,0.25,0,0,1,2
0.444,0.229,0.25,0,0,1,2
0.444,0.232,0.25,0,0,1,2
0.444,0.235,0.25,0,0,1,2
0.444,0.238,0.25,0,0,1,2
0.444,0.241,0.25,0,0,1,2
0.444,0.244,0.25,0,0,1,2
0.444,0.247,0.25,0,0,1,2
0.444,0.25,0.25,0,0,1,2
0.444,0.253,0.25,0,0,1,2
0.444,0.256,0.25,0,0,1,2
0.444,0.259,0.25,0,0,1,2
0.447,0.1,0.25,0,0,1,2
0.447,0.103,0.25,0,0,1,2
0.447,0.106,0.25,0,0,1,2
0.447,0.109,0.25,0,0,1,2
0.447,0.112,0.25,0,0,1,2
0.447,0.115,0.25,0,0,1,2
0.447,0.118,0.25,0,0,1,2
0.447,0.121,0.25,0,0,1,2
0.447,0.124,0.25,0,0,1,2
0.447,0.127,0.25,0,0,1,2
0.447,0.13,0.25,0,0,1,2
0.447,0.133,0.25,0,0,1,2
0.447,0.136,0.25,0,0,1,2
0.447,0.139,0.25,0,0,1,2
0.447,0.142,0.25,0,0,1,2
0.447,0.145,0.25,0,0,1,2
0.447,0.148,0.25,0,0,1,2
0.447,0.151,0.25,0,0,1,2
0.447,0.154,0.25,0,0,1,2
0.447,0.157,0.25,0,0,1,2
0.447,0.16,0.25,0,0,1,2
0.447,0.163,0.25,0,0,1,2
0.447,0.166,0.25,0,0,1,2
0.447,0.169,0.25,0,0,1,2
0.447,0.172,0.25,0,0,1,2
0.447,0.175,0.25,0,0,1,2
0.447,0.178,0.25,0,0,1,2
0.447,0.181,0.25,0,0,1,2
0.447,0.184,0.25,0,0,1,2
0.447,0.187,0.25,0,0,1,2
0.447,0.19,0.25,0,0,1,2
0.447,0.193,0.25,0,0,1,2
0.447,0.196,0.25,0,0,1,2
0.447,0.199,0.25,0,0,1,2
0.447,0.202,0.25,0,0,1,2
0.447,0.205,0.25,0,0,1,2
0.447,0.208,0.25,0,0,1,2
0.447,0.211,0.25,0,0,1,2
0.447,0.214,0.25,0,0,1,2
0.447,0.217,0.25,0,0,1,2
0.447,0.22,0.25,0,0,1,2
0.447,0.223,0.25,0,0,1,2
0.447,0.226,0.25,0,0,1,2
0.447,0.229,0.25,0,0,1,2
0.447,0.232,0.25,0,0,1,2
0.447,0.235,0.25,0,0,1,2
0.447,0.238,0.25,0,0,1,2
0.447,0.241,0.25,0,0,1,2
0.447,0.244,0.25,0,0,1,2
0.447,0.247,0.25,0,0,1,2
0.447,0.25,0.25,0,0,1,2
0.447,0.253,0.25,0,0,1,2
0.447,0.256,0.25,0,0,1,2
0.447,0.259,0.25,0,0,1,2
0.45,0.1,0.25,0,0,1,2
0.45,0.103,0.25,0,0,1,2
0.45,0.106,0.25,0,0,1,2
0.45,0.109,0.25,0,0,1,2
0.45,0.112,0.25,0,0,1,2
0.45,0.115,0.25,0,0,1,2
0.45,0.118,0.25,0,0,1,2
0.45,0.121,0.25,0,0,1,2
0.45,0.124,0.25,0,0,1,2
0.45,0.127,0.25,0,0,1,2
0.45,0.13,0.25,0,0,1,2
0.45,0.133,0.25,0,0,1,2
0.45,0.136,0.25,0,0,1,2
0.45,0.139,0.25,0,0,1,2
0.45,0.142,0.25,0,0,1,2
0.45,0.145,0.25,0,0,1,2
0.45,0.148,0.25,0,0,1,2
0.45,0.151,0.25,0,0,1,2
0.45,0.154,0.25,0,0,1,2
0.45,0.157,0.25,0,0,1,2
0.45,0.16,0.25,0,0,1,2
0.45,0.163,0.25,0,0,1,2
0.45,0.166,0.25,0,0,1,2
0.45,0.169,0.25,0,0,1,2
0.45,0.172,0.25,0,0,1,2
0.45,0.175,0.25,0,0,1,2
0.45,0.178,0.25,0,0,1,2
0.45,0.181,0.25,0,0,1,2
0.45,0.184,0.25,0,0,1,2
0.45,0.187,0.25,0,0,1,2
0.45,0.19,0.25,0,0,1,2
0.45,0.193,0.25,0,0,1,2
0.45,0.196,0.25,0,0,1,2
0.45,0.199,0.25,0,0,1,2
0.45,0.202,0.25,0,0,1,2
0.45,0.205,0.25,0,0,1,2
0.45,0.208,0.25,0,0,1,2
0.45,0.211,0.25,0,0,1,2
0.45,0.214,0.25,0,0,1,2
0.45,0.217,0.25,0,0,1,2
0.45,0.22,0.25,0,0,1,2
0.45,0.223,0.25,0,0,1,2
0.45,0.226,0.25,0,0,1,2
0.45,0.229,0.25,0,0,1,2
0.45,0.232,0.25,0,0,1,2
0.45,0.235,0.25,0,0,1,2
0.45,0.238,0.25,0,0,1,2
0.45,0.241,0.25,0,0,1,2
0.45,0.244,0.25,0,0,1,2
0.45,0.247,0.25,0,0,1,2
0.45,0.25,0.25,0,0,1,2
0.45,0.253,0.25,0,0,1,2
0.45,0.256,0.25,0,0,1,2
0.45,0.259,0.25,0,0,1,2
0.453,0.1,0.25,0,0,1,2
0.453,0.103,0.25,0,0,1,2
0.453,0.106,0.25,0,0,1,2
0.453,0.109,0.25,0,0,1,2
0.453,0.112,0.25,0,0,1,2
0.453,0.115,0.25,0,0,1,2
0.453,0.118,0.25,0,0,1,2
0.453,0.121,0.25,0,0,1,2
0.453,0.124,0.25,0,0,1,2
0.453,0.127,0.25,0,0,1,2
0.453,0.13,0.25,0,0,1,2
0.453,0.133,0.25,0,0,1,2
0.453,0.136,0.25,0,0,1,2
0.453,0.139,0.25,0,0,1,2
0.453,0.142,0.25,0,0,1,2
0.453,0.145,0.25,0,0,1,2
0.453,0.148,0.25,0,0,1,2
0.453,0.151,0.25,0,0,1,2
0.453,0.154,0.25,0,0,1,2
0.453,0.157,0.25,0,0,1,2
0.453,0.16,0.25,0,0,1,2
0.453,0.163,0.25,0,0,1,2
0.453,0.166,0.25,0,0,1,2
0.453,0.169,0.25,0,0,1,2
0.453,0.172,0.25,0,0,1,2
0.453,0.175,0.25,0,0,1,2
0.453,0.178,0.25,0,0,1,2
0.453,0.181,0.25,0,0,1,2
0.453,0.184,0.25,0,0,1,2
0.453,0.187,0.25,0,0,1,2
0.453,0.19,0.25,0,0,1,2
0.453,0.193,0.25,0,0,1,2
0.453,0.196,0.25,0,0,1,2
0.453,0.199,0.25,0,0,1,2
0.453,0.202,0.25,0,0,1,2
0.453,0.205,0.25,0,0,1,2
0.453,0.208,0.25,0,0,1,2
0.453,0.211,0.25,0,0,1,2
0.453,0.214,0.25,0,0,1,2
0.453,0.217,0.25,0,0,1,2
0.453,0.22,0.25,0,0,1,2
0.453,0.223,0.25,0,0,1,2
0.453,0.226,0.25,0,0,1,2
0.453,0.229,0.25,0,0,1,2
0.453,0.232,0.25,0,0,1,2
0.453,0.235,0.25,0,0,1,2
0.453,0.238,0.25,0,0,1,2
0.453,0.241,0.25,0,0,1,2
0.453,0.244,0.25,0,0,1,2
0.453,0.247,0.25,0,0,1,2
0.453,0.25,0.25,0,0,1,2
0.453,0.253,0.25,0,0,1,2
0.453,0.256,0.25,0,0,1,2
0.453,0.259,0.25,0,0,1,2
0.456,0.1,0.25,0,0,1,2
0.456,0.103,0.25,0,0,1,2
0.456,0.106,0.25,0,0,1,2
0.456,0.109,0.25,0,0,1,2
0.456,0.112,0.25,0,0,1,2
0.456,0.115,0.25,0,0,1,2
0.456,0.118,0.25,0,0,1,2
0.456,0.121,0.25,0,0,1,2
0.456,0.124,0.25,0,0,1,2
0.456,0.127,0.25,0,0,1,2
0.456,0.13,0.25,0,0,1,2
0.456,0.133,0.25,0,0,1,2
0.456,0.136,0.25,0,0,1,2
0.456,0.139,0.25,0,0,1,2
0.456,0.142,0.25,0,0,1,2
0.456,0.145,0.25,0,0,1,2
0.456,0.148,0.25,0,0,1,2
0.456,0.151,0.25,0,0,1,2
0.456,0.154,0.25,0,0,1,2
0.456,0.157,0.25,0,0,1,2
0.456,0.16,0.25,0,0,1,2
0.456,0.163,0.25,0,0,1,2
0.456,0.166,0.25,0,0,1,2
0.456,0.169,0.25,0,0,1,2
0.456,0.172,0.25,0,0,1,2
0.456,0.175,0.25,0,0,1,2
0.456,0.178,0.25,0,0,1,2
0.456,0.181,0.25,0,0,1,2
0.456,0.184,0.25,0,0,1,2
0.456,0.187,0.25,0,0,1,2
0.456,0.19,0.25,0,0,1,2
0.456,0.193,0.25,0,0,1,2
0.456,0.196,0.25,0,0,1,2
0.456,0.199,0.25,0,0,1,2
0.456,0.202,0.25,0,0,1,2
0.456,0.205,0.25,0,0,1,2
0.456,0.208,0.25,0,0,1,2
0.456,0.211,0.25,0,0,1,2
0.456,0.214,0.25,0,0,1,2
0.456,0.217,0.25,0,0,1,2
0.456,0.22,0.25,0,0,1,2
0.456,0.223,0.25,0,0,1,2
0.456,0.226,0.25,0,0,1,2
0.456,0.229,0.25,0,0,1,2
0.456,0.232,0.25,0,0,1,2
0.456,0.235,0.25,0,0,1,2
0.456,0.238,0.25,0,0,1,2
0.456,0.241,0.25,0,0,1,2
0.456,0.244,0.25,0,0,1,2
0.456,0.247,0.25,0,0,1,2
0.456,0.25,0.25,0,0,1,2
0.456,0.253,0.25,0,0,1,2
0.456,0.256,0.25,0,0,1,2
0.456,0.259,0.25,0,0,1,2
0.459,0.1,0.25,0,0,1,2
0.459,0.103,0.25,0,0,1,2
0.459,0.106,0.25,0,0,1,2
0.459,0.109,0.25,0,0,1,2
0.459,0.112,0.25,0,0,1,2
0.459,0.115,0.25,0,0,1,2
0.459,0.118,0.25,0,0,1,2
0.459,0.121,0.25,0,0,1,2
0.459,0.124,0.25,0,0,1,2
0.459,0.127,0.25,0,0,1,2
0.459,0.13,0.25,0,0,1,2
0.459,0.133,0.25,0,0,1,2
0.459,0.136,0.25,0,0,1,2
0.459,0.139,0.25,0,0,1,2
0.459,0.142,0.25,0,0,1,2
0.459,0.145,0.25,0,0,1,2
0.459,0.148,0.25,0,0,1,2
0.459,0.151,0.25,0,0,1,2
0.459,0.154,0.25,0,0,1,2
0.459,0.157,0.25,0,0,1,2
0.459,0.16,0.25,0,0,1,2
0.459,0.163,0.25,0,0,1,2
0.459,0.166,0.25,0,0,1,2
0.459,0.169,0.25,0,0,1,2
0.459,0.172,0.25,0,0,1,2
0.459,0.175,0.25,0,0,1,2
0.459,0.178,0.25,0,0,1,2
0.459,0.181,0.25,0,0,1,2
0.459,0.184,0.25,0,0,1,2
0.459,0.187,0.25,0,0,1,2
0.459,0.19,0.25,0,0,1,2
0.459,0.193,0.25,0,0,1,2
0.459,0.196,0.25,0,0,1,2
0.459,0.199,0.25,0,0,1,2
0.459,0.202,0.25,0,0,1,2
0.459,0.205,0.25,0,0,1,2
0.459,0.208,0.25,0,0,1,2
0.459,0.211,0.25,0,0,1,2
0.459,0.214,0.25,0,0,1,2
0.459,0.217,0.25,0,0,1,2
0.459,0.22,0.25,0,0,1,2
0.459,0.223,0.25,0,0,1,2
0.459,0.226,0.25,0,0,1,2
0.459,0.229,0.25,0,0,1,2
0.459,0.232,0.25,0,0,1,2
0.459,0.235,0.25,0,0,1,2
0.459,0.238,0.25,0,0,1,2
0.459,0.241,0.25,0,0,1,2
0.459,0.244,0.25,0,0,1,2
0.459,0.247,0.25,0,0,1,2
0.459,0.25,0.25,0,0,1,2
0.459,0.253,0.25,0,0,1,2
0.459,0.256,0.25,0,0,1,2
0.459,0.259,0.25,0,0,1,2
0.462,0.1,0.25,0,0,1,2
0.462,0.103,0.25,0,0,1,2
0.462,0.106,0.25,0,0,1,2
0.462,0.109,0.25,0,0,1,2
0.462,0.112,0.25,0,0,1,2
0.462,0.115,0.25,0,0,1,2
0.462,0.118,0.25,0,0,1,2
0.462,0.121,0.25,0,0,1,2
0.462,0.124,0.25,0,0,1,2
0.462,0.127,0.25,0,0,1,2
0.462,0.13,0.25,0,0,1,2
0.462,0.133,0.25,0,0,1,2
0.462,0.136,0.25,0,0,1,2
0.462,0.139,0.25,0,0,1,2
0.462,0.142,0.25,0,0,1,2
0.462,0.145,0.25,0,0,1,2
0.462,0.148,0.25,0,0,1,2
0.462,0.151,0.25,0,0,1,2
0.462,0.154,0.25,0,0,1,2
0.462,0.157,0.25,0,0,1,2
0.462,0.16,0.25,0,0,1,2
0.462,0.163,0.25,0,0,1,2
0.462,0.166,0.25,0,0,1,2
0.462,0.169,0.25,0,0,1,2
0.462,0.172,0.25,0,0,1,2
0.462,0.175,0.25,0,0,1,2
0.462,0.178,0.25,0,0,1,2
0.462,0.181,0.25,0,0,1,2
0.462,0.184,0.25,0,0,1,2
0.462,0.187,0.25,0,0,1,2
0.462,0.19,0.25,0,0,1,2
0.462,0.193,0.25,0,0,1,2
0.462,0.196,0.25,0,0,1,2
0.462,0.199,0.25,0,0,1,2
0.462,0.202,0.25,0,0,1,2
0.462,0.205,0.25,0,0,1,2
0.462,0.208,0.25,0,0,1,2
0.462,0.211,0.25,0,0,1,2
0.462,0.214,0.25,0,0,1,2
0.462,0.217,0.25,0,0,1,2
0.462,0.22,0.25,0,0,1,2
0.462,0.223,0.25,0,0,1,2
0.462,0.226,0.25,0,0,1,2
0.462,0.229,0.25,0,0,1,2
0.462,0.232,0.25,0,0,1,2
0.462,0.235,0.25,0,0,1,2
0.462,0.238,0.25,0,0,1,2
0.462,0.241,0.25,0,0,1,2
0.462,0.244,0.25,0,0,1,2
0.462,0.247,0.25,0,0,1,2
0.462,0.25,0.25,0,0,1,2
0.462,0.253,0.25,0,0,1,2
0.462,0.256,0.25,0,0,1,2
0.462,0.259,0.25,0,0,1,2
0.465,0.1,0.25,0,0,1,2
0.465,0.103,0.25,0,0,1,2
0.465,0.106,0.25,0,0,1,2
0.465,0.109,0.25,0,0,1,2
0.465,0.112,0.25,0,0,1,2
0.465,0.115,0.25,0,0,1,2
0.465,0.118,0.25,0,0,1,2
0.465,0.121,0.25,0,0,1,2
0.465,0.124,0.25,0,0,1,2
0.465,0.127,0.25,0,0,1,2
0.465,0.13,0.25,0,0,1,2
0.465,0.133,0.25,0,0,1,2
0.465,0.136,0.25,0,0,1,2
0.465,0.139,0.25,0,0,1,2
0.465,0.142,0.25,0,0,1,2
0.465,0.145,0.25,0,0,1,2
0.465,0.148,0.25,0,0,1,2
0.465,0.151,0.25,0,0,1,2
0.465,0.154,0.25,0,0,1,2
0.465,0.157,0.25,0,0,1,2
0.465,0.16,0.25,0,0,1,2
0.465,0.163,0.25,0,0,1,2
0.465,0.166,0.25,0,0,1,2
0.465,0.169,0.25,0,0,1,2
0.465,0.172,0.25,0,0,1,2
0.465,0.175,0.25,0,0,1,2
0.465,0.178,0.25,0,0,1,2
0.465,0.181,0.25,0,0,1,2
0.465,0.184,0.25,0,0,1,2
0.465,0.187,0.25,0,0,1,2
0.465,0.19,0.25,0,0,1,2
0.465,0.193,0.25,0,0,1,2
0.465,0.196,0.25,0,0,1,2
0.465,0.199,0.25,0,0,1,2
0.465,0.202,0.25,0,0,1,2
0.465,0.205,0.25,0,0,1,2
0.465,0.208,0.25,0,0,1,2
0.465,0.211,0.25,0,0,1,2
0.465,0.214,0.25,0,0,1,2
0.465,0.217,0.25,0,0,1,2
0.465,0.22,0.25,0,0,1,2
0.465,0.223,0.25,0,0,1,2
0.465,0.226,0.25,0,0,1,2
0.465,0.229,0.25,0,0,1,2
0.465,0.232,0.25,0,0,1,2
0.465,0.235,0.25,0,0,1,2
0.465,0.238,0.25,0,0,1,2
0.465,0.241,0.25,0,0,1,2
0.465,0.244,0.25,0,0,1,2
0.465,0.247,0.25,0,0,1,2
0.465,0.25,0.25,0,0,1,2
0.465,0.253,0.25,0,0,1,2
0.465,0.256,0.25,0,0,1,2
0.465,0.259,0.25,0,0,1,2
0.468,0.1,0.25,0,0,1,2
0.468,0.103,0.25,0,0,1,2
0.468,0.106,0.25,0,0,1,2
0.468,0.109,0.25,0,0,1,2
0.468,0.112,0.25,0,0,1,2
0.468,0.115,0.25,0,0,1,2
0.468,0.118,0.25,0,0,1,2
0.468,0.121,0.25,0,0,1,2
0.468,0.124,0.25,0,0,1,2
0.468,0.127,0.25,0,0,1,2
0.468,0.13,0.25,0,0,1,2
0.468,0.133,0.25,0,0,1,2
0.468,0.136,0.25,0,0,1,2
0.468,0.139,0.25,0,0,1,2
0.468,0.142,0.25,0,0,1,2
0.468,0.145,0.25,0,0,1,2
0.468,0.148,0.25,0,0,1,2
0.468,0.151,0.25,0,0,1,2
0.468,0.154,0.25,0,0,1,2
0.468,0.157,0.25,0,0,1,2
0.468,0.16,0.25,0,0,1,2
0.468,0.163,0.25,0,0,1,2
0.468,0.166,0.25,0,0,1,2
0.468,0.169,0.25,0,0,1,2
0.468,0.172,0.25,0,0,1,2
0.468,0.175,0.25,0,0,1,2
0.468,0.178,0.25,0,0,1,2
0.468,0.181,0.25,0,0,1,2
0.468,0.184,0.25,0,0,1,2
0.468,0.187,0.25,0,0,1,2
0.468,0.19,0.25,0,0,1,2
0.468,0.193,0.25,0,0,1,2
0.468,0.196,0.25,0,0,1,2
0.468,0.199,0.25,0,0,1,2
0.468,0.202,0.25,0,0,1,2
0.468,0.205,0.25,0,0,1,2
0.468,0.208,0.25,0,0,1,2
0.468,0.211,0.25,0,0,1,2
0.468,0.214,0.25,0,0,1,2
0.468,0.217,0.25,0,0,1,2
0.468,0.22,0.25,0,0,1,2
0.468,0.223,0.25,0,0,1,2
0.468,0.226,0.25,0,0,1,2
0.468,0.229,0.25,0,0,1,2
0.468,0.232,0.25,0,0,1,2
0.468,0.235,0.25,0,0,1,2
0.468,0.238,0.25,0,0,1,2
0.468,0.241,0.25,0,0,1,2
0.468,0.244,0.25,0,0,1,2
0.468,0.247,0.25,0,0,1,2
0.468,0.25,0.25,0,0,1,2
0.468,0.253,0.25,0,0,1,2
0.468,0.256,0.25,0,0,1,2
0.468,0.259,0.25,0,0,1,2
0.471,0.1,0.25,0,0,1,2
0.471,0.103,0.25,0,0,1,2
0.471,0.106,0.25,0,0,1,2
0.471,0.109,0.25,0,0,1,2
0.471,0.112,0.25,0,0,1,2
0.471,0.115,0.25,0,0,1,2
0.471,0.118,0.25,0,0,1,2
0.471,0.121,0.25,0,0,1,2
0.471,0.124,0.25,0,0,1,2
0.471,0.127,0.25,0,0,1,2
0.471,0.13,0.25,0,0,1,2
0.471,0.133,0.25,0,0,1,2
0.471,0.136,0.25,0,0,1,2
0.471,0.139,0.25,0,0,1,2
0.471,0.142,0.25,0,0,1,2
0.471,0.145,0.25,0,0,1,2
0.471,0.148,0.25,0,0,1,2
0.471,0.151,0.25,0,0,1,2
0.471,0.154,0.25,0,0,1,2
0.471,0.157,0.25,0,0,1,2
0.471,0.16,0.25,0,0,1,2
0.471,0.163,0.25,0,0,1,2
0.471,0.166,0.25,0,0,1,2
0.471,0.169,0.25,0,0,1,2
0.471,0.172,0.25,0,0,1,2
0.471,0.175,0.25,0,0,1,2
0.471,0.178,0.25,0,0,1,2
0.471,0.181,0.25,0,0,1,2
0.471,0.184,0.25,0,0,1,2
0.471,0.187,0.25,0,0,1,2
0.471,0.19,0.25,0,0,1,2
0.471,0.193,0.25,0,0,1,2
0.471,0.196,0.25,0,0,1,2
0.471,0.199,0.25,0,0,1,2
0.471,0.202,0.25,0,0,1,2
0.471,0.205,0.25,0,0,1,2
0.471,0.208,0.25,0,0,1,2
0.471,0.211,0.25,0,0,1,2
0.471,0.214,0.25,0,0,1,2
0.471,0.217,0.25,0,0,1,2
0.471,0.22,0.25,0,0,1,2
0.471,0.223,0.25,0,0,1,2
0.471,0.226,0.25,0,0,1,2
0.471,0.229,0.25,0,0,1,2
0.471,0.232,0.25,0,0,1,2
0.471,0.235,0.25,0,0,1,2
0.471,0.238,0.25,0,0,1,2
0.471,0.241,0.25,0,0,1,2
0.471,0.244,0.25,0,0,1,2
0.471,0.247,0.25,0,0,1,2
0.471,0.25,0.25,0,0,1,2
0.471,0.253,0.25,0,0,1,2
0.471,0.256,0.25,0,0,1,2
0.471,0.259,0.25,0,0,1,2
0.474,0.1,0.25,0,0,1,2
0.474,0.103,0.25,0,0,1,2
0.474,0.106,0.25,0,0,1,2
0.474,0.109,0.25,0,0,1,2
0.474,0.112,0.25,0,0,1,2
0.474,0.115,0.25,0,0,1,2
0.474,0.118,0.25,0,0,1,2
0.474,0.121,0.25,0,0,1,2
0.474,0.124,0.25,0,0,1,2
0.474,0.127,0.25,0,0,1,2
0.474,0.13,0.25,0,0,1,2
0.474,0.133,0.25,0,0,1,2
0.474,0.136,0.25,0,0,1,2
0.474,0.139,0.25,0,0,1,2
0.474,0.142,0.25,0,0,1,2
0.474,0.145,0.25,0,0,1,2
0.474,0.148,0.25,0,0,1,2
0.474,0.151,0.25,0,0,1,2
0.474,0.154,0.25,0,0,1,2
0.474,0.157,0.25,0,0,1,2
0.474,0.16,0.25,0,0,1,2
0.474,0.163,0.25,0,0,1,2
0.474,0.166,0.25,0,0,1,2
0.474,0.169,0.25,0,0,1,2
0.474,0.172,0.25,0,0,1,2
0.474,0.175,0.25,0,0,1,2
0.474,0.178,0.25,0,0,1,2
0.474,0.181,0.25,0,0,1,2
0.474,0.184,0.25,0,0,1,2
0.474,0.187,0.25,0,0,1,2
0.474,0.19,0.25,0,0,1,2
0.474,0.193,0.25,0,0,1,2
0.474,0.196,0.25,0,0,1,2
0.474,0.199,0.25,0,0,1,2
0.474,0.202,0.25,0,0,1,2
0.474,0.205,0.25,0,0,1,2
0.474,0.208,0.25,0,0,1,2
0.474,0.211,0.25,0,0,1,2
0.474,0.214,0.25,0,0,1,2
0.474,0.217,0.25,0,0,1,2
0.474,0.22,0.25,0,0,1,2
0.474,0.223,0.25,0,0,1,2
0.474,0.226,0.25,0,0,1,2
0.474,0.229,0.25,0,0,1,2
0.474,0.232,0.25,0,0,1,2
0.474,0.235,0.25,0,0,1,2
0.474,0.238,0.25,0,0,1,2
0.474,0.241,0.25,0,0,1,2
0.474,0.244,0.25,0,0,1,2
0.474,0.247,0.25,0,0,1,2
0.474,0.25,0.25,0,0,1,2
0.474,0.253,0.25,0,0,1,2
0.474,0.256,0.25,0,0,1,2
0.474,0.259,0.25,0,0,1,2
0.477,0.1,0.25,0,0,1,2
0.477,0.103,0.25,0,0,1,2
0.477,0.106,0.25,0,0,1,2
0.477,0.109,0.25,0,0,1,2
0.477,0.112,0.25,0,0,1,2
0.477,0.115,0.25,0,0,1,2
0.477,0.118,0.25,0,0,1,2
0.477,0.121,0.25,0,0,1,2
0.477,0.124,0.25,0,0,1,2
0.477,0.127,0.25,0,0,1,2
0.477,0.13,0.25,0,0,1,2
0.477,0.133,0.25,0,0,1,2
0.477,0.136,0.25,0,0,1,2
0.477,0.139,0.25,0,0,1,2
0.477,0.142,0.25,0,0,1,2
0.477,0.145,0.25,0,0,1,2
0.477,0.148,0.25,0,0,1,2
0.477,0.151,0.25,0,0,1,2
0.477,0.154,0.25,0,0,1,2
0.477,0.157,0.25,0,0,1,2
0.477,0.16,0.25,0,0,1,2
0.477,0.163,0.25,0,0,1,2
0.477,0.166,0.25,0,0,1,2
0.477,0.169,0.25,0,0,1,2
0.477,0.172,0.25,0,0,1,2
0.477,0.175,0.25,0,0,1,2
0.477,0.178,0.25,0,0,1,2
0.477,0.181,0.25,0,0,1,2
0.477,0.184,0.25,0,0,1,2
0.477,0.187,0.25,0,0,1,2
0.477,0.19,0.25,0,0,1,2
0.477,0.193,0.25,0,0,1,2
0.477,0.196,0.25,0,0,1,2
0.477,0.199,0.25,0,0,1,2
0.477,0.202,0.25,0,0,1,2
0.477,0.205,0.25,0,0,1,2
0.477,0.208,0.25,0,0,1,2
0.477,0.211,0.25,0,0,1,2
0.477,0.214,0.25,0,0,1,2
0.477,0.217,0.25,0,0,1,2
0.477,0.22,0.25,0,0,1,2
0.477,0.223,0.25,0,0,1,2
0.477,0.226,0.25,0,0,1,2
0.477,0.229,0.25,0,0,1,2
0.477,0.232,0.25,0,0,1,2
0.477,0.235,0.25,0,0,1,2
0.477,0.238,0.25,0,0,1,2
0.477,0.241,0.25,0,0,1,2
0.477,0.244,0.25,0,0,1,2
0.477,0.247,0.25,0,0,1,2
0.477,0.25,0.25,0,0,1,2
0.477,0.253,0.25,0,0,1,2
0.477,0.256,0.25,0,0,1,2
0.477,0.259,0.25,0,0,1,2
0.48,0.1,0.25,0,0,1,2
0.48,0.103,0.25,0,0,1,2
0.48,0.106,0.25,0,0,1,2
0.48,0.109,0.25,0,0,1,2
0.48,0.112,0.25,0,0,1,2
0.48,0.115,0.25,0,0,1,2
0.48,0.118,0.25,0,0,1,2
0.48,0.121,0.25,0,0,1,2
0.48,0.124,0.25,0,0,1,2
0.48,0.127,0.25,0,0,1,2
0.48,0.13,0.25,0,0,1,2
0.48,0.133,0.25,0,0,1,2
0.48,0.136,0.25,0,0,1,2
0.48,0.139,0.25,0,0,1,2
0.48,0.142,0.25,0,0,1,2
0.48,0.145,0.25,0,0,1,2
0.48,0.148,0.25,0,0,1,2
0.48,0.151,0.25,0,0,1,2
0.48,0.154,0.25,0,0,1,2
0.48,0.157,0.25,0,0,1,2
0.48,0.16,0.25,0,0,1,2
0.48,0.163,0.25,0,0,1,2
0.48,0.166,0.25,0,0,1,2
0.48,0.169,0.25,0,0,1,2
0.48,0.172,0.25,0,0,1,2
0.48,0.175,0.25,0,0,1,2
0.48,0.178,0.25,0,0,1,2
0.48,0.181,0.25,0,0,1,2
0.48,0.184,0.25,0,0,1,2
0.48,0.187,0.25,0,0,1,2
0.48,0.19,0.25,0,0,1,2
0.48,0.193,0.25,0,0,1,2
0.48,0.196,0.25,0,0,1,2
0.48,0.199,0.25,0,0,1,2
0.48,0.202,0.25,0,0,1,2
0.48,0.205,0.25,0,0,1,2
0.48,0.208,0.25,0,0,1,2
0.48,0.211,0.25,0,0,1,2
0.48,0.214,0.25,0,0,1,2
0.48,0.217,0.25,0,0,1,2
0.48,0.22,0.25,0,0,1,2
0.48,0.223,0.25,0,0,1,2
0.48,0.226,0.25,0,0,1,2
0.48,0.229,0.25,0,0,1,2
0.48,0.232,0.25,0,0,1,2
0.48,0.235,0.25,0,0,1,2
0.48,0.238,0.25,0,0,1,2
0.48,0.241,0.25,0,0,1,2
0.48,0.244,0.25,0,0,1,2
0.48,0.247,0.25,0,0,1,2
0.48,0.25,0.25,0,0,1,2
0.48,0.253,0.25,0,0,1,2
0.48,0.256,0.25,0,0,1,2
0.48,0.259,0.25,0,0,1,2
0.483,0.1,0.25,0,0,1,2
0.483,0.103,0.25,0,0,1,2
0.483,0.106,0.25,0,0,1,2
0.483,0.109,0.25,0,0,1,2
0.483,0.112,0.25,0,0,1,2
0.483,0.115,0.25,0,0,1,2
0.483,0.118,0.25,0,0,1,2
0.483,0.121,0.25,0,0,1,2
0.483,0.124,0.25,0,0,1,2
0.483,0.127,0.25,0,0,1,2
0.483,0.13,0.25,0,0,1,2
0.483,0.133,0.25,0,0,1,2
0.483,0.136,0.25,0,0,1,2
0.483,0.139,0.25,0,0,1,2
0.483,0.142,0.25,0,0,1,2
0.483,0.145,0.25,0,0,1,2
0.483,0.148,0.25,0,0,1,2
0.483,0.151,0.25,0,0,1,2
0.483,0.154,0.25,0,0,1,2
0.483,0.157,0.25,0,0,1,2
0.483,0.16,0.25,0,0,1,2
0.483,0.163,0.25,0,0,1,2
0.483,0.166,0.25,0,0,1,2
0.483,0.169,0.25,0,0,1,2
0.483,0.172,0.25,0,0,1,2
0.483,0.175,0.25,0,0,1,2
0.483,0.178,0.25,0,0,1,2
0.483,0.181,0.25,0,0,1,2
0.483,0.184,0.25,0,0,1,2
0.483,0.187,0.25,0,0,1,2
0.483,0.19,0.25,0,0,1,2
0.483,0.193,0.25,0,0,1,2
0.483,0.196,0.25,0,0,1,2
0.483,0.199,0.25,0,0,1,2
0.483,0.202,0.25,0,0,1,2
0.483,0.205,0.25,0,0,1,2
0.483,0.208,0.25,0,0,1,2
0.483,0.211,0.25,0,0,1,2
0.483,0.214,0.25,0,0,1,2
0.483,0.217,0.25,0,0,1,2
0.483,0.22,0.25,0,0,1,2
0.483,0.223,0.25,0,0,1,2
0.483,0.226,0.25,0,0,1,2
0.483,0.229,0.25,0,0,1,2
0.483,0.232,0.25,0,0,1,2
0.483,0.235,0.25,0,0,1,2
0.483,0.238,0.25,0,0,1,2
0.483,0.241,0.25,0,0,1,2
0.483,0.244,0.25,0,0,1,2
0.483,0.247,0.25,0,0,1,2
0.483,0.25,0.25,0,0,1,2
0.483,0.253,0.25,0,0,1,2
0.483,0.256,0.25,0,0,1,2
0.483,0.259,0.25,0,0,1,2
0.486,0.1,0.25,0,0,1,2
0.486,0.103,0.25,0,0,1,2
0.486,0.106,0.25,0,0,1,2
0.486,0.109,0.25,0,0,1,2
0.486,0.112,0.25,0,0,1,2
0.486,0.115,0.25,0,0,1,2
0.486,0.118,0.25,0,0,1,2
0.486,0.121,0.25,0,0,1,2
0.486,0.124,0.25,0,0,1,2
0.486,0.127,0.25,0,0,1,2
0.486,0.13,0.25,0,0,1,2
0.486,0.133,0.25,0,0,1,2
0.486,0.136,0.25,0,0,1,2
0.486,0.139,0.25,0,0,1,2
0.486,0.142,0.25,0,0,1,2
0.486,0.145,0.25,0,0,1,2
0.486,0.148,0.25,0,0,1,2
0.486,0.151,0.25,0,0,1,2
0.486,0.154,0.25,0,0,1,2
0.486,0.157,0.25,0,0,1,2
0.486,0.16,0.25,0,0,1,2
0.486,0.163,0.25,0,0,1,2
0.486,0.166,0.25,0,0,1,2
0.486,0.169,0.25,0,0,1,2
0.486,0.172,0.25,0,0,1,2
0.486,0.175,0.25,0,0,1,2
0.486,0.178,0.25,0,0,1,2
0.486,0.181,0.25,0,0,1,2
0.486,0.184,0.25,0,0,1,2
0.486,0.187,0.25,0,0,1,2
0.486,0.19,0.25,0,0,1,2
0.486,0.193,0.25,0,0,1,2
0.486,0.196,0.25,0,0,1,2
0.486,0.199,0.25,0,0,1,2
0.486,0.202,0.25,0,0,1,2
0.486,0.205,0.25,0,0,1,2
0.486,0.208,0.25,0,0,1,2
0.486,0.211,0.25,0,0,1,2
0.486,0.214,0.25,0,0,1,2
0.486,0.217,0.25,0,0,1,2
0.486,0.22,0.25,0,0,1,2
0.486,0.223,0.25,0,0,1,2
0.486,0.226,0.25,0,0,1,2
0.486,0.229,0.25,0,0,1,2
0.486,0.232,0.25,0,0,1,2
0.486,0.235,0.25,0,0,1,2
0.486,0.238,0.25,0,0,1,2
0.486,0.241,0.25,0,0,1,2
0.486,0.244,0.25,0,0,1,2
0.486,0.247,0.25,0,0,1,2
0.486,0.25,0.25,0,0,1,2
0.486,0.253,0.25,0,0,1,2
0.486,0.256,0.25,0,0,1,2
0.486,0.259,0.25,0,0,1,2
0.489,0.1,0.25,0,0,1,2
0.489,0.103,0.25,0,0,1,2
0.489,0.106,0.25,0,0,1,2
0.489,0.109,0.25,0,0,1,2
0.489,0.112,0.25,0,0,1,2
0.489,0.115,0.25,0,0,1,2
0.489,0.118,0.25,0,0,1,2
0.489,0.121,0.25,0,0,1,2
0.489,0.124,0.25,0,0,1,2
0.489,0.127,0.25,0,0,1,2
0.489,0.13,0.25,0,0,1,2
0.489,0.133,0.25,0,0,1,2
0.489,0.136,0.25,0,0,1,2
0.489,0.139,0.25,0,0,1,2
0.489,0.142,0.25,0,0,1,2
0.489,0.145,0.25,0,0,1,2
0.489,0.148,0.25,0,0,1,2
0.489,0.151,0.25,0,0,1,2
0.489,0.154,0.25,0,0,1,2
0.489,0.157,0.25,0,0,1,2
0.489,0.16,0.25,0,0,1,2
0.489,0.163,0.25,0,0,1,2
0.489,0.166,0.25,0,0,1,2
0.489,0.169,0.25,0,0,1,2
0.489,0.172,0.25,0,0,1,2
0.489,0.175,0.25,0,0,1,2
0.489,0.178,0.25,0,0,1,2
0.489,0.181,0.25,0,0,1,2
0.489,0.184,0.25,0,0,1,2
0.489,0.187,0.25,0,0,1,2
0.489,0.19,0.25,0,0,1,2
0.489,0.193,0.25,0,0,1,2
0.489,0.196,0.25,0,0,1,2
0.489,0.199,0.25,0,0,1,2
0.489,0.202,0.25,0,0,1,2
0.489,0.205,0.25,0,0,1,2
0.489,0.208,0.25,0,0,1,2
0.489,0.211,0.25,0,0,1,2
0.489,0.214,0.25,0,0,1,2
0.489,0.217,0.25,0,0,1,2
0.489,0.22,0.25,0,0,1,2
0.489,0.223,0.25,0,0,1,2
0.489,0.226,0.25,0,0,1,2
0.489,0.229,0.25,0,0,1,2
0.489,0.232,0.25,0,0,1,2
0.489,0.235,0.25,0,0,1,2
0.489,0.238,0.25,0,0,1,2
0.489,0.241,0.25,0,0,1,2
0.489,0.244,0.25,0,0,1,2
0.489,0.247,0.25,0,0,1,2
0.489,0.25,0.25,0,0,1,2
0.489,0.253,0.25,0,0,1,2
0.489,0.256,0.25,0,0,1,2
0.489,0.259,0.25,0,0,1,2
0.492,0.1,0.25,0,0,1,2
0.492,0.103,0.25,0,0,1,2
0.492,0.106,0.25,0,0,1,2
0.492,0.109,0.25,0,0,1,2
0.492,0.112,0.25,0,0,1,2
0.492,0.115,0.25,0,0,1,2
0.492,0.118,0.25,0,0,1,2
0.492,0.121,0.25,0,0,1,2
0.492,0.124,0.25,0,0,1,2
0.492,0.127,0.25,0,0,1,2
0.492,0.13,0.25,0,0,1,2
0.492,0.133,0.25,0,0,1,2
0.492,0.136,0.25,0,0,1,2
0.492,0.139,0.25,0,0,1,2
0.492,0.142,0.25,0,0,1,2
0.492,0.145,0.25,0,0,1,2
0.492,0.148,0.25,0,0,1,2
0.492,0.151,0.25,0,0,1,2
0.492,0.154,0.25,0,0,1,2
0.492,0.157,0.25,0,0,1,2
0.492,0.16,0.25,0,0,1,2
0.492,0.163,0.25,0,0,1,2
0.492,0.166,0.25,0,0,1,2
0.492,0.169,0.25,0,0,1,2
0.492,0.172,0.25,0,0,1,2
0.492,0.175,0.25,0,0,1,2
0.492,0.178,0.25,0,0,1,2
0.492,0.181,0.25,0,0,1,2
0.492,0.184,0.25,0,0,1,2
0.492,0.187,0.25,0,0,1,2
0.492,0.19,0.25,0,0,1,2
0.492,0.193,0.25,0,0,1,2
0.492,0.196,0.25,0,0,1,2
0.492,0.199,0.25,0,0,1,2
0.492,0.202,0.25,0,0,1,2
0.492,0.205,0.25,0,0,1,2
0.492,0.208,0.25,0,0,1,2
0.492,0.211,0.25,0,0,1,2
0.492,0.214,0.25,0,0,1,2
0.492,0.217,0.25,0,0,1,2
0.492,0.22,0.25,0,0,1,2
0.492,0.223,0.25,0,0,1,2
0.492,0.226,0.25,0,0,1,2
0.492,0.229,0.25,0,0,1,2
0.492,0.232,0.25,0,0,1,2
0.492,0.235,0.25,0,0,1,2
0.492,0.238,0.25,0,0,1,2
0.492,0.241,0.25,0,0,1,2
0.492,0.244,0.25,0,0,1,2
0.492,0.247,0.25,0,0,1,2
0.492,0.25,0.25,0,0,1,2
0.492,0.253,0.25,0,0,1,2
0.492,0.256,0.25,0,0,1,2
0.492,0.259,0.25,0,0,1,2
0.495,0.1,0.25,0,0,1,2
0.495,0.103,0.25,0,0,1,2
0.495,0.106,0.25,0,0,1,2
0.495,0.109,0.25,0,0,1,2
0.495,0.112,0.25,0,0,1,2
0.495,0.115,0.25,0,0,1,2
0.495,0.118,0.25,0,0,1,2
0.495,0.121,0.25,0,0,1,2
0.495,0.124,0.25,0,0,1,2
0.495,0.127,0.25,0,0,1,2
0.495,0.13,0.25,0,0,1,2
0.495,0.133,0.25,0,0,1,2
0.495,0.136,0.25,0,0,1,2
0.495,0.139,0.25,0,0,1,2
0.495,0.142,0.25,0,0,1,2
0.495,0.145,0.25,0,0,1,2
0.495,0.148,0.25,0,0,1,2
0.495,0.151,0.25,0,0,1,2
0.495,0.154,0.25,0,0,1,2
0.495,0.157,0.25,0,0,1,2
0.495,0.16,0.25,0,0,1,2
0.495,0.163,0.25,0,0,1,2
0.495,0.166,0.25,0,0,1,2
0.495,0.169,0.25,0,0,1,2
0.495,0.172,0.25,0,0,1,2
0.495,0.175,0.25,0,0,1,2
0.495,0.178,0.25,0,0,1,2
0.495,0.181,0.25,0,0,1,2
0.495,0.184,0.25,0,0,1,2
0.495,0.187,0.25,0,0,1,2
0.495,0.19,0.25,0,0,1,2
0.495,0.193,0.25,0,0,1,2
0.495,0.196,0.25,0,0,1,2
0.495,0.199,0.25,0,0,1,2
0.495,0.202,0.25,0,0,1,2
0.495,0.205,0.25,0,0,1,2
0.495,0.208,0.25,0,0,1,2
0.495,0.211,0.25,0,0,1,2
0.495,0.214,0.25,0,0,1,2
0.495,0.217,0.25,0,0,1,2
0.495,0.22,0.25,0,0,1,2
0.495,0.223,0.25,0,0,1,2
0.495,0.226,0.25,0,0,1,2
0.495,0.229,0.25,0,0,1,2
0.495,0.232,0.25,0,0,1,2
0.495,0.235,0.25,0,0,1,2
0.495,0.238,0.25,0,0,1,2
0.495,0.241,0.25,0,0,1,2
0.495,0.244,0.25,0,0,1,2
0.495,0.247,0.25,0,0,1,2
0.495,0.25,0.25,0,0,1,2
0.495,0.253,0.25,0,0,1,2
0.495,0.256,0.25,0,0,1,2
0.495,0.259,0.25,0,0,1,2
0.498,0.1,0.25,0,0,1,2
0.498,0.103,0.25,0,0,1,2
0.498,0.106,0.25,0,0,1,2
0.498,0.109,0.25,0,0,1,2
0.498,0.112,0.25,0,0,1,2
0.498,0.115,0.25,0,0,1,2
0.498,0.118,0.25,0,0,1,2
0.498,0.121,0.25,0,0,1,2
0.498,0.124,0.25,0,0,1,2
0.498,0.127,0.25,0,0,1,2
0.498,0.13,0.25,0,0,1,2
0.498,0.133,0.25,0,0,1,2
0.498,0.136,0.25,0,0,1,2
0.498,0.139,0.25,0,0,1,2
0.498,0.142,0.25,0,0,1,2
0.498,0.145,0.25,0,0,1,2
0.498,0.148,0.25,0,0,1,2
0.498,0.151,0.25,0,0,1,2
0.498,0.154,0.25,0,0,1,2
0.498,0.157,0.25,0,0,1,2
0.498,0.16,0.25,0,0,1,2
0.498,0.163,0.25,0,0,1,2
0.498,0.166,0.25,0,0,1,2
0.498,0.169,0.25,0,0,1,2
0.498,0.172,0.25,0,0,1,2
0.498,0.175,0.25,0,0,1,2
0.498,0.178,0.25,0,0,1,2
0.498,0.181,0.25,0,0,1,2
0.498,0.184,0.25,0,0,1,2
0.498,0.187,0.25,0,0,1,2
0.498,0.19,0.25,0,0,1,2
0.498,0.193,0.25,0,0,1,2
0.498,0.196,0.25,0,0,1,2
0.498,0.199,0.25,0,0,1,2
0.498,0.202,0.25,0,0,1,2
0.498,0.205,0.25,0,0,1,2
0.498,0.208,0.25,0,0,1,2
0.498,0.211,0.25,0,0,1,2
0.498,0.214,0.25,0,0,1,2
0.498,0.217,0.25,0,0,1,2
0.498,0.22,0.25,0,0,1,2
0.498,0.223,0.25,0,0,1,2
0.498,0.226,0.25,0,0,1,2
0.498,0.229,0.25,0,0,1,2
0.498,0.232,0.25,0,0,1,2
0.498,0.235,0.25,0,0,1,2
0.498,0.238,0.25,0,0,1,2
0.498,0.241,0.25,0,0,1,2
0.498,0.244,0.25,0,0,1,2
0.498,0.247,0.25,0,0,1,2
0.498,0.25,0.25,0,0,1,2
0.498,0.253,0.25,0,0,1,2
0.498,0.256,0.25,0,0,1,2
0.498,0.259,0.25,0,0,1,2
0.501,0.1,0.25,0,0,1,2
0.501,0.103,0.25,0,0,1,2
0.501,0.106,0.25,0,0,1,2
0.501,0.109,0.25,0,0,1,2
0.501,0.112,0.25,0,0,1,2
0.501,0.115,0.25,0,0,1,2
0.501,0.118,0.25,0,0,1,2
0.501,0.121,0.25,0,0,1,2
0.501,0.124,0.25,0,0,1,2
0.501,0.127,0.25,0,0,1,2
0.501,0.13,0.25,0,0,1,2
0.501,0.133,0.25,0,0,1,2
0.501,0.136,0.25,0,0,1,2
0.501,0.139,0.25,0,0,1,2
0.501,0.142,0.25,0,0,1,2
0.501,0.145,0.25,0,0,1,2
0.501,0.148,0.25,0,0,1,2
0.501,0.151,0.25,0,0,1,2
0.501,0.154,0.25,0,0,1,2
0.501,0.157,0.25,0,0,1,2
0.501,0.16,0.25,0,0,1,2
0.501,0.163,0.25,0,0,1,2
0.501,0.166,0.25,0,0,1,2
0.501,0.169,0.25,0,0,1,2
0.501,0.172,0.25,0,0,1,2
0.501,0.175,0.25,0,0,1,2
0.501,0.178,0.25,0,0,1,2
0.501,0.181,0.25,0,0,1,2
0.501,0.184,0.25,0,0,1,2
0.501,0.187,0.25,0,0,1,2
0.501,0.19,0.25,0,0,1,2
0.501,0.193,0.25,0,0,1,2
0.501,0.196,0.25,0,0,1,2
0.501,0.199,0.25,0,0,1,2
0.501,0.202,0.25,0,0,1,2
0.501,0.205,0.25,0,0,1,2
0.501,0.208,0.25,0,0,1,2
0.501,0.211,0.25,0,0,1,2
0.501,0.214,0.25,0,0,1,2
0.501,0.217,0.25,0,0,1,2
0.501,0.22,0.25,0,0,1,2
0.501,0.223,0.25,0,0,1,2
0.501,0.226,0.25,0,0,1,2
0.501,0.229,0.25,0,0,1,2
0.501,0.232,0.25,0,0,1,2
0.501,0.235,0.25,0,0,1,2
0.501,0.238,0.25,0,0,1,2
0.501,0.241,0.25,0,0,1,2
0.501,0.244,0.25,0,0,1,2
0.501,0.247,0.25,0,0,1,2
0.501,0.25,0.25,0,0,1,2
0.501,0.253,0.25,0,0,1,2
0.501,0.256,0.25,0,0,1,2
0.501,0.259,0.25,0,0,1,2
0.504,0.1,0.25,0,0,1,2
0.504,0.103,0.25,0,0,1,2
0.504,0.106,0.25,0,0,1,2
0.504,0.109,0.25,0,0,1,2
0.504,0.112,0.25,0,0,1,2
0.504,0.115,0.25,0,0,1,2
0.504,0.118,0.25,0,0,1,2
0.504,0.121,0.25,0,0,1,2
0.504,0.124,0.25,0,0,1,2
0.504,0.127,0.25,0,0,1,2
0.504,0.13,0.25,0,0,1,2
0.504,0.133,0.25,0,0,1,2
0.504,0.136,0.25,0,0,1,2
0.504,0.139,0.25,0,0,1,2
0.504,0.142,0.25,0,0,1,2
0.504,0.145,0.25,0,0,1,2
0.504,0.148,0.25,0,0,1,2
0.504,0.151,0.25,0,0,1,2
0.504,0.154,0.25,0,0,1,2
0.504,0.157,0.25,0,0,1,2
0.504,0.16,0.25,0,0,1,2
0.504,0.163,0.25,0,0,1,2
0.504,0.166,0.25,0,0,1,2
0.504,0.169,0.25,0,0,1,2
0.504,0.172,0.25,0,0,1,2
0.504,0.175,0.25,0,0,1,2
0.504,0.178,0.25,0,0,1,2
0.504,0.181,0.25,0,0,1,2
0.504,0.184,0.25,0,0,1,2
0.504,0.187,0.25,0,0,1,2
0.504,0.19,0.25,0,0,1,2
0.504,0.193,0.25,0,0,1,2
0.504,0.196,0.25,0,0,1,2
0.504,0.199,0.25,0,0,1,2
0.504,0.202,0.25,0,0,1,2
0.504,0.205,0.25,0,0,1,2
0.504,0.208,0.25,0,0,1,2
0.504,0.211,0.25,0,0,1,2
0.504,0.214,0.25,0,0,1,2
0.504,0.217,0.25,0,0,1,2
0.504,0.22,0.25,0,0,1,2
0.504,0.223,0.25,0,0,1,2
0.504,0.226,0.25,0,0,1,2
0.504,0.229,0.25,0,0,1,2
0.504,0.232,0.25,0,0,1,2
0.504,0.235,0.25,0,0,1,2
0.504,0.238,0.25,0,0,1,2
0.504,0.241,0.25,0,0,1,2
0.504,0.244,0.25,0,0,1,2
0.504,0.247,0.25,0,0,1,2
0.504,0.25,0.25,0,0,1,2
0.504,0.253,0.25,0,0,1,2
0.504,0.256,0.25,0,0,1,2
0.504,0.259,0.25,0,0,1,2
0.507,0.1,0.25,0,0,1,2
0.507,0.103,0.25,0,0,1,2
0.507,0.106,0.25,0,0,1,2
0.507,0.109,0.25,0,0,1,2
0.507,0.112,0.25,0,0,1,2
0.507,0.115,0.25,0,0,1,2
0.507,0.118,0.25,0,0,1,2
0.507,0.121,0.25,0,0,1,2
0.507,0.124,0.25,0,0,1,2
0.507,0.127,0.25,0,0,1,2
0.507,0.13,0.25,0,0,1,2
0.507,0.133,0.25,0,0,1,2
0.507,0.136,0.25,0,0,1,2
0.507,0.139,0.25,0,0,1,2
0.507,0.142,0.25,0,0,1,2
0.507,0.145,0.25,0,0,1,2
0.507,0.148,0.25,0,0,1,2
0.507,0.151,0.25,0,0,1,2
0.507,0.154,0.25,0,0,1,2
0.507,0.157,0.25,0,0,1,2
0.507,0.16,0.25,0,0,1,2
0.507,0.163,0.25,0,0,1,2
0.507,0.166,0.25,0,0,1,2
0.507,0.169,0.25,0,0,1,2
0.507,0.172,0.25,0,0,1,2
0.507,0.175,0.25,0,0,1,2
0.507,0.178,0.25,0,0,1,2
0.507,0.181,0.25,0,0,1,2
0.507,0.184,0.25,0,0,1,2
0.507,0.187,0.25,0,0,1,2
0.507,0.19,0.25,0,0,1,2
0.507,0.193,0.25,0,0,1,2
0.507,0.196,0.25,0,0,1,2
0.507,0.199,0.25,0,0,1,2
0.507,0.202,0.25,0,0,1,2
0.507,0.205,0.25,0,0,1,2
0.507,0.208,0.25,0,0,1,2
0.507,0.211,0.25,0,0,1,2
0.507,0.214,0.25,0,0,1,2
0.507,0.217,0.25,0,0,1,2
0.507,0.22,0.25,0,0,1,2
0.507,0.223,0.25,0,0,1,2
0.507,0.226,0.25,0,0,1,2
0.507,0.229,0.25,0,0,1,2
0.507,0.232,0.25,0,0,1,2
0.507,0.235,0.25,0,0,1,2
0.507,0.238,0.25,0,0,1,2
0.507,0.241,0.25,0,0,1,2
0.507,0.244,0.25,0,0,1,2
0.507,0.247,0.25,0,0,1,2
0.507,0.25,0.25,0,0,1,2
0.507,0.253,0.25,0,0,1,2
0.507,0.256,0.25,0,0,1,2
0.507,0.259,0.25,0,0,1,2
0.51,0.1,0.25,0,0,1,2
0.51,0.103,0.25,0,0,1,2
0.51,0.106,0.25,0,0,1,2
0.51,0.109,0.25,0,0,1,2
0.51,0.112,0.25,0,0,1,2
0.51,0.115,0.25,0,0,1,2
0.51,0.118,0.25,0,0,1,2
0.51,0.121,0.25,0,0,1,2
0.51,0.124,0.25,0,0,1,2
0.51,0.127,0.25,0,0,1,2
0.51,0.13,0.25,0,0,1,2
0.51,0.133,0.25,0,0,1,2
0.51,0.136,0.25,0,0,1,2
0.51,0.139,0.25,0,0,1,2
0.51,0.142,0.25,0,0,1,2
0.51,0.145,0.25,0,0,1,2
0.51,0.148,0.25,0,0,1,2
0.51,0.151,0.25,0,0,1,2
0.51,0.154,0.25,0,0,1,2
0.51,0.157,0.25,0,0,1,2
0.51,0.16,0.25,0,0,1,2
0.51,0.163,0.25,0,0,1,2
0.51,0.166,0.25,0,0,1,2
0.51,0.169,0.25,0,0,1,2
0.51,0.172,0.25,0,0,1,2
0.51,0.175,0.25,0,0,1,2
0.51,0.178,0.25,0,0,1,2
0.51,0.181,0.25,0,0,1,2
0.51,0.184,0.25,0,0,1,2
0.51,0.187,0.25,0,0,1,2
0.51,0.19,0.25,0,0,1,2
0.51,0.193,0.25,0,0,1,2
0.51,0.196,0.25,0,0,1,2
0.51,0.199,0.25,0,0,1,2
0.51,0.202,0.25,0,0,1,2
0.51,0.205,0.25,0,0,1,2
0.51,0.208,0.25,0,0,1,2
0.51,0.211,0.25,0,0,1,2
0.51,0.214,0.25,0,0,1,2
0.51,0.217,0.25,0,0,1,2
0.51,0.22,0.25,0,0,1,2
0.51,0.223,0.25,0,0,1,2
0.51,0.226,0.25,0,0,1,2
0.51,0.229,0.25,0,0,1,2
0.51,0.232,0.25,0,0,1,2
0.51,0.235,0.25,0,0,1,2
0.51,0.238,0.25,0,0,1,2
0.51,0.241,0.25,0,0,1,2
0.51,0.244,0.25,0,0,1,2
0.51,0.247,0.25,0,0,1,2
0.51,0.25,0.25,0,0,1,2
0.51,0.253,0.25,0,0,1,2
0.51,0.256,0.25,0,0,1,2
0.51,0.259,0.25,0,0,1,2
0.513,0.1,0.25,0,0,1,2
0.513,0.103,0.25,0,0,1,2
0.513,0.106,0.25,0,0,1,2
0.513,0.109,0.25,0,0,1,2
0.513,0.112,0.25,0,0,1,2
0.513,0.115,0.25,0,0,1,2
0.513,0.118,0.25,0,0,1,2
0.513,0.121,0.25,0,0,1,2
0.513,0.124,0.25,0,0,1,2
0.513,0.127,0.25,0,0,1,2
0.513,0.13,0.25,0,0,1,2
0.513,0.133,0.25,0,0,1,2
0.513,0.136,0.25,0,0,1,2
0.513,0.139,0.25,0,0,1,2
0.513,0.142,0.25,0,0,1,2
0.513,0.145,0.25,0,0,1,2
0.513,0.148,0.25,0,0,1,2
0.513,0.151,0.25,0,0,1,2
0.513,0.154,0.25,0,0,1,2
0.513,0.157,0.25,0,0,1,2
0.513,0.16,0.25,0,0,1,2
0.513,0.163,0.25,0,0,1,2
0.513,0.166,0.25,0,0,1,2
0.513,0.169,0.25,0,0,1,2
0.513,0.172,0.25,0,0,1,2
0.513,0.175,0.25,0,0,1,2
0.513,0.178,0.25,0,0,1,2
0.513,0.181,0.25,0,0,1,2
0.513,0.184,0.25,0,0,1,2
0.513,0.187,0.25,0,0,1,2
0.513,0.19,0.25,0,0,1,2
0.513,0.193,0.25,0,0,1,2
0.513,0.196,0.25,0,0,1,2
0.513,0.199,0.25,0,0,1,2
0.513,0.202,0.25,0,0,1,2
0.513,0.205,0.25,0,0,1,2
0.513,0.208,0.25,0,0,1,2
0.513,0.211,0.25,0,0,1,2
0.513,0.214,0.25,0,0,1,2
0.513,0.217,0.25,0,0,1,2
0.513,0.22,0.25,0,0,1,2
0.513,0.223,0.25,0,0,1,2
0.513,0.226,0.25,0,0,1,2
0.513,0.229,0.25,0,0,1,2
0.513,0.232,0.25,0,0,1,2
0.513,0.235,0.25,0,0,1,2
0.513,0.238,0.25,0,0,1,2
0.513,0.241,0.25,0,0,1,2
0.513,0.244,0.25,0,0,1,2
0.513,0.247,0.25,0,0,1,2
0.513,0.25,0.25,0,0,1,2
0.513,0.253,0.25,0,0,1,2
0.513,0.256,0.25,0,0,1,2
0.513,0.259,0.25,0,0,1,2
0.516,0.1,0.25,0,0,1,2
0.516,0.103,0.25,0,0,1,2
0.516,0.106,0.25,0,0,1,2
0.516,0.109,0.25,0,0,1,2
0.516,0.112,0.25,0,0,1,2
0.516,0.115,0.25,0,0,1,2
0.516,0.118,0.25,0,0,1,2
0.516,0.121,0.25,0,0,1,2
0.516,0.124,0.25,0,0,1,2
0.516,0.127,0.25,0,0,1,2
0.516,0.13,0.25,0,0,1,2
0.516,0.133,0.25,0,0,1,2
0.516,0.136,0.25,0,0,1,2
0.516,0.139,0.25,0,0,1,2
0.516,0.142,0.25,0,0,1,2
0.516,0.145,0.25,0,0,1,2
0.516,0.148,0.25,0,0,1,2
0.516,0.151,0.25,0,0,1,2
0.516,0.154,0.25,0,0,1,2
0.516,0.157,0.25,0,0,1,2
0.516,0.16,0.25,0,0,1,2
0.516,0.163,0.25,0,0,1,2
0.516,0.166,0.25,0,0,1,2
0.516,0.169,0.25,0,0,1,2
0.516,0.172,0.25,0,0,1,2
0.516,0.175,0.25,0,0,1,2
0.516,0.178,0.25,0,0,1,2
0.516,0.181,0.25,0,0,1,2
0.516,0.184,0.25,0,0,1,2
0.516,0.187,0.25,0,0,1,2
0.516,0.19,0.25,0,0,1,2
0.516,0.193,0.25,0,0,1,2
0.516,0.196,0.25,0,0,1,2
0.516,0.199,0.25,0,0,1,2
0.516,0.202,0.25,0,0,1,2
0.516,0.205,0.25,0,0,1,2
0.516,0.208,0.25,0,0,1,2
0.516,0.211,0.25,0,0,1,2
0.516,0.214,0.25,0,0,1,2
0.516,0.217,0.25,0,0,1,2
0.516,0.22,0.25,0,0,1,2
0.516,0.223,0.25,0,0,1,2
0.516,0.226,0.25,0,0,1,2
0.516,0.229,0.25,0,0,1,2
0.516,0.232,0.25,0,0,1,2
0.516,0.235,0.25,0,0,1,2
0.516,0.238,0.25,0,0,1,2
0.516,0.241,0.25,0,0,1,2
0.516,0.244,0.25,0,0,1,2
0.516,0.247,0.25,0,0,1,2
0.516,0.25,0.25,0,0,1,2
0.516,0.253,0.25,0,0,1,2
0.516,0.256,0.25,0,0,1,2
0.516,0.259,0.25,0,0,1,2
0.519,0.1,0.25,0,0,1,2
0.519,0.103,0.25,0,0,1,2
0.519,0.106,0.25,0,0,1,2
0.519,0.109,0.25,0,0,1,2
0.519,0.112,0.25,0,0,1,2
0.519,0.115,0.25,0,0,1,2
0.519,0.118,0.25,0,0,1,2
0.519,0.121,0.25,0,0,1,2
0.519,0.124,0.25,0,0,1,2
0.519,0.127,0.25,0,0,1,2
0.519,0.13,0.25,0,0,1,2
0.519,0.133,0.25,0,0,1,2
0.519,0.136,0.25,0,0,1,2
0.519,0.139,0.25,0,0,1,2
0.519,0.142,0.25,0,0,1,2
0.519,0.145,0.25,0,0,1,2
0.519,0.148,0.25,0,0,1,2
0.519,0.151,0.25,0,0,1,2
0.519,0.154,0.25,0,0,1,2
0.519,0.157,0.25,0,0,1,2
0.519,0.16,0.25,0,0,1,2
0.519,0.163,0.25,0,0,1,2
0.519,0.166,0.25,0,0,1,2
0.519,0.169,0.25,0,0,1,2
0.519,0.172,0.25,0,0,1,2
0.519,0.175,0.25,0,0,1,2
0.519,0.178,0.25,0,0,1,2
0.519,0.181,0.25,0,0,1,2
0.519,0.184,0.25,0,0,1,2
0.519,0.187,0.25,0,0,1,2
0.519,0.19,0.25,0,0,1,2
0.519,0.193,0.25,0,0,1,2
0.519,0.196,0.25,0,0,1,2
0.519,0.199,0.25,0,0,1,2
0.519,0.202,0.25,0,0,1,2
0.519,0.205,0.25,0,0,1,2
0.519,0.208,0.25,0,0,1,2
0.519,0.211,0.25,0,0,1,2
0.519,0.214,0.25,0,0,1,2
0.519,0.217,0.25,0,0,1,2
0.519,0.22,0.25,0,0,1,2
0.519,0.223,0.25,0,0,1,2
0.519,0.226,0.25,0,0,1,2
0.519,0.229,0.25,0,0,1,2
0.519,0.232,0.25,0,0,1,2
0.519,0.235,0.25,0,0,1,2
0.519,0.238,0.25,0,0,1,2
0.519,0.241,0.25,0,0,1,2
0.519,0.244,0.25,0,0,1,2
0.519,0.247,0.25,0,0,1,2
0.519,0.25,0.25,0,0,1,2
0.519,0.253,0.25,0,0,1,2
0.519,0.256,0.25,0,0,1,2
0.519,0.259,0.25,0,0,1,2
0.522,0.1,0.25,0,0,1,2
0.522,0.103,0.25,0,0,1,2
0.522,0.106,0.25,0,0,1,2
0.522,0.109,0.25,0,0,1,2
0.522,0.112,0.25,0,0,1,2
0.522,0.115,0.25,0,0,1,2
0.522,0.118,0.25,0,0,1,2
0.522,0.121,0.25,0,0,1,2
0.522,0.124,0.25,0,0,1,2
0.522,0.127,0.25,0,0,1,2
0.522,0.13,0.25,0,0,1,2
0.522,0.133,0.25,0,0,1,2
0.522,0.136,0.25,0,0,1,2
0.522,0.139,0.25,0,0,1,2
0.522,0.142,0.25,0,0,1,2
0.522,0.145,0.25,0,0,1,2
0.522,0.148,0.25,0,0,1,2
0.522,0.151,0.25,0,0,1,2
0.522,0.154,0.25,0,0,1,2
0.522,0.157,0.25,0,0,1,2
0.522,0.16,0.25,0,0,1,2
0.522,0.163,0.25,0,0,1,2
0.522,0.166,0.25,0,0,1,2
0.522,0.169,0.25,0,0,1,2
0.522,0.172,0.25,0,0,1,2
0.522,0.175,0.25,0,0,1,2
0.522,0.178,0.25,0,0,1,2
0.522,0.181,0.25,0,0,1,2
0.522,0.184,0.25,0,0,1,2
0.522,0.187,0.25,0,0,1,2
0.522,0.19,0.25,0,0,1,2
0.522,0.193,0.25,0,0,1,2
0.522,0.196,0.25,0,0,1,2
0.522,0.199,0.25,0,0,1,2
0.522,0.202,0.25,0,0,1,2
0.522,0.205,0.25,0,0,1,2
0.522,0.208,0.25,0,0,1,2
0.522,0.211,0.25,0,0,1,2
0.522,0.214,0.25,0,0,1,2
0.522,0.217,0.25,0,0,1,2
0.522,0.22,0.25,0,0,1,2
0.522,0.223,0.25,0,0,1,2
0.522,0.226,0.25,0,0,1,2
0.522,0.229,0.25,0,0,1,2
0.522,0.232,0.25,0,0,1,2
0.522,0.235,0.25,0,0,1,2
0.522,0.238,0.25,0,0,1,2
0.522,0.241,0.25,0,0,1,2
0.522,0.244,0.25,0,0,1,2
0.522,0.247,0.25,0,0,1,2
0.522,0.25,0.25,0,0,1,2
0.522,0.253,0.25,0,0,1,2
0.522,0.256,0.25,0,0,1,2
0.522,0.259,0.25,0,0,1,2
0.525,0.1,0.25,0,0,1,2
0.525,0.103,0.25,0,0,1,2
0.525,0.106,0.25,0,0,1,2
0.525,0.109,0.25,0,0,1,2
0.525,0.112,0.25,0,0,1,2
0.525,0.115,0.25,0,0,1,2
0.525,0.118,0.25,0,0,1,2
0.525,0.121,0.25,0,0,1,2
0.525,0.124,0.25,0,0,1,2
0.525,0.127,0.25,0,0,1,2
0.525,0.13,0.25,0,0,1,2
0.525,0.133,0.25,0,0,1,2
0.525,0.136,0.25,0,0,1,2
0.525,0.139,0.25,0,0,1,2
0.525,0.142,0.25,0,0,1,2
0.525,0.145,0.25,0,0,1,2
0.525,0.148,0.25,0,0,1,2
0.525,0.151,0.25,0,0,1,2
0.525,0.154,0.25,0,0,1,2
0.525,0.157,0.25,0,0,1,2
0.525,0.16,0.25,0,0,1,2
0.525,0.163,0.25,0,0,1,2
0.525,0.166,0.25,0,0,1,2
0.525,0.169,0.25,0,0,1,2
0.525,0.172,0.25,0,0,1,2
0.525,0.175,0.25,0,0,1,2
0.525,0.178,0.25,0,0,1,2
0.525,0.181,0.25,0,0,1,2
0.525,0.184,0.25,0,0,1,2
0.525,0.187,0.25,0,0,1,2
0.525,0.19,0.25,0,0,1,2
0.525,0.193,0.25,0,0,1,2
0.525,0.196,0.25,0,0,1,2
0.525,0.199,0.25,0,0,1,2
0.525,0.202,0.25,0,0,1,2
0.525,0.205,0.25,0,0,1,2
0.525,0.208,0.25,0,0,1,2
0.525,0.211,0.25,0,0,1,2
0.525,0.214,0.25,0,0,1,2
0.525,0.217,0.25,0,0,1,2
0.525,0.22,0.25,0,0,1,2
0.525,0.223,0.25,0,0,1,2
0.525,0.226,0.25,0,0,1,2
0.525,0.229,0.25,0,0,1,2
0.525,0.232,0.25,0,0,1,2
0.525,0.235,0.25,0,0,1,2
0.525,0.238,0.25,0,0,1,2
0.525,0.241,0.25,0,0,1,2
0.525,0.244,0.25,0,0,1,2
0.525,0.247,0.25,0,0,1,2
0.525,0.25,0.25,0,0,1,2
0.525,0.253,0.25,0,0,1,2
0.525,0.256,0.25,0,0,1,2
0.525,0.259,0.25,0,0,1,2
0.528,0.1,0.25,0,0,1,2
0.528,0.103,0.25,0,0,1,2
0.528,0.106,0.25,0,0,1,2
0.528,0.109,0.25,0,0,1,2
0.528,0.112,0.25,0,0,1,2
0.528,0.115,0.25,0,0,1,2
0.528,0.118,0.25,0,0,1,2
0.528,0.121,0.25,0,0,1,2
0.528,0.124,0.25,0,0,1,2
0.528,0.127,0.25,0,0,1,2
0.528,0.13,0.25,0,0,1,2
0.528,0.133,0.25,0,0,1,2
0.528,0.136,0.25,0,0,1,2
0.528,0.139,0.25,0,0,1,2
0.528,0.142,0.25,0,0,1,2
0.528,0.145,0.25,0,0,1,2
0.528,0.148,0.25,0,0,1,2
0.528,0.151,0.25,0,0,1,2
0.528,0.154,0.25,0,0,1,2
0.528,0.157,0.25,0,0,1,2
0.528,0.16,0.25,0,0,1,2
0.528,0.163,0.25,0,0,1,2
0.528,0.166,0.25,0,0,1,2
0.528,0.169,0.25,0,0,1,2
0.528,0.172,0.25,0,0,1,2
0.528,0.175,0.25,0,0,1,2
0.528,0.178,0.25,0,0,1,2
0.528,0.181,0.25,0,0,1,2
0.528,0.184,0.25,0,0,1,2
0.528,0.187,0.25,0,0,1,2
0.528,0.19,0.25,0,0,1,2
0.528,0.193,0.25,0,0,1,2
0.528,0.196,0.25,0,0,1,2
0.528,0.199,0.25,0,0,1,2
0.528,0.202,0.25,0,0,1,2
0.528,0.205,0.25,0,0,1,2
0.528,0.208,0.25,0,0,1,2
0.528,0.211,0.25,0,0,1,2
0.528,0.214,0.25,0,0,1,2
0.528,0.217,0.25,0,0,1,2
0.528,0.22,0.25,0,0,1,2
0.528,0.223,0.25,0,0,1,2
0.528,0.226,0.25,0,0,1,2
0.528,0.229,0.25,0,0,1,2
0.528,0.232,0.25,0,0,1,2
0.528,0.235,0.25,0,0,1,2
0.528,0.238,0.25,0,0,1,2
0.528,0.241,0.25,0,0,1,2
0.528,0.244,0.25,0,0,1,2
0.528,0.247,0.25,0,0,1,2
0.528,0.25,0.25,0,0,1,2
0.528,0.253,0.25,0,0,1,2
0.528,0.256,0.25,0,0,1,2
0.528,0.259,0.25,0,0,1,2
0.531,0.1,0.25,0,0,1,2
0.531,0.103,0.25,0,0,1,2
0.531,0.106,0.25,0,0,1,2
0.531,0.109,0.25,0,0,1,2
0.531,0.112,0.25,0,0,1,2
0.531,0.115,0.25,0,0,1,2
0.531,0.118,0.25,0,0,1,2
0.531,0.121,0.25,0,0,1,2
0.531,0.124,0.25,0,0,1,2
0.531,0.127,0.25,0,0,1,2
0.531,0.13,0.25,0,0,1,2
0.531,0.133,0.25,0,0,1,2
0.531,0.136,0.25,0,0,1,2
0.531,0.139,0.25,0,0,1,2
0.531,0.142,0.25,0,0,1,2
0.531,0.145,0.25,0,0,1,2
0.531,0.148,0.25,0,0,1,2
0.531,0.151,0.25,0,0,1,2
0.531,0.154,0.25,0,0,1,2
0.531,0.157,0.25,0,0,1,2
0.531,0.16,0.25,0,0,1,2
0.531,0.163,0.25,0,0,1,2
0.531,0.166,0.25,0,0,1,2
0.531,0.169,0.25,0,0,1,2
0.531,0.172,0.25,0,0,1,2
0.531,0.175,0.25,0,0,1,2
0.531,0.178,0.25,0,0,1,2
0.531,0.181,0.25,0,0,1,2
0.531,0.184,0.25,0,0,1,2
0.531,0.187,0.25,0,0,1,2
0.531,0.19,0.25,0,0,1,2
0.531,0.193,0.25,0,0,1,2
0.531,0.196,0.25,0,0,1,2
0.531,0.199,0.25,0,0,1,2
0.531,0.202,0.25,0,0,1,2
0.531,0.205,0.25,0,0,1,2
0.531,0.208,0.25,0,0,1,2
0.531,0.211,0.25,0,0,1,2
0.531,0.214,0.25,0,0,1,2
0.531,0.217,0.25,0,0,1,2
0.531,0.22,0.25,0,0,1,2
0.531,0.223,0.25,0,0,1,2
0.531,0.226,0.25,0,0,1,2
0.531,0.229,0.25,0,0,1,2
0.531,0.232,0.25,0,0,1,2
0.531,0.235,0.25,0,0,1,2
0.531,0.238,0.25,0,0,1,2
0.531,0.241,0.25,0,0,1,2
0.531,0.244,0.25,0,0,1,2
0.531,0.247,0.25,0,0,1,2
0.531,0.25,0.25,0,0,1,2
0.531,0.253,0.25,0,0,1,2
0.531,0.256,0.25,0,0,1,2
0.531,0.259,0.25,0,0,1,2
0.534,0.1,0.25,0,0,1,2
0.534,0.103,0.25,0,0,1,2
0.534,0.106,0.25,0,0,1,2
0.534,0.109,0.25,0,0,1,2
0.534,0.112,0.25,0,0,1,2
0.534,0.115,0.25,0,0,1,2
0.534,0.118,0.25,0,0,1,2
0.534,0.121,0.25,0,0,1,2
0.534,0.124,0.25,0,0,1,2
0.534,0.127,0.25,0,0,1,2
0.534,0.13,0.25,0,0,1,2
0.534,0.133,0.25,0,0,1,2
0.534,0.136,0.25,0,0,1,2
0.534,0.139,0.25,0,0,1,2
0.534,0.142,0.25,0,0,1,2
0.534,0.145,0.25,0,0,1,2
0.534,0.148,0.25,0,0,1,2
0.534,0.151,0.25,0,0,1,2
0.534,0.154,0.25,0,0,1,2
0.534,0.157,0.25,0,0,1,2
0.534,0.16,0.25,0,0,1,2
0.534,0.163,0.25,0,0,1,2
0.534,0.166,0.25,0,0,1,2
0.534,0.169,0.25,0,0,1,2
0.534,0.172,0.25,0,0,1,2
0.534,0.175,0.25,0,0,1,2
0.534,0.178,0.25,0,0,1,2
0.534,0.181,0.25,0,0,1,2
0.534,0.184,0.25,0,0,1,2
0.534,0.187,0.25,0,0,1,2
0.534,0.19,0.25,0,0,1,2
0.534,0.193,0.25,0,0,1,2
0.534,0.196,0.25,0,0,1,2
0.534,0.199,0.25,0,0,1,2
0.534,0.202,0.25,0,0,1,2
0.534,0.205,0.25,0,0,1,2
0.534,0.208,0.25,0,0,1,2
0.534,0.211,0.25,0,0,1,2
0.534,0.214,0.25,0,0,1,2
0.534,0.217,0.25,0,0,1,2
0.534,0.22,0.25,0,0,1,2
0.534,0.223,0.25,0,0,1,2
0.534,0.226,0.25,0,0,1,2
0.534,0.229,0.25,0,0,1,2
0.534,0.232,0.25,0,0,1,2
0.534,0.235,0.25,0,0,1,2
0.534,0.238,0.25,0,0,1,2
0.534,0.241,0.25,0,0,1,2
0.534,0.244,0.25,0,0,1,2
0.534,0.247,0.25,0,0,1,2
0.534,0.25,0.25,0,0,1,2
0.534,0.253,0.25,0,0,1,2
0.534,0.256,0.25,0,0,1,2
0.534,0.259,0.25,0,0,1,2
0.537,0.1,0.25,0,0,1,2
0.537,0.103,0.25,0,0,1,2
0.537,0.106,0.25,0,0,1,2
0.537,0.109,0.25,0,0,1,2
0.537,0.112,0.25,0,0,1,2
0.537,0.115,0.25,0,0,1,2
0.537,0.118,0.25,0,0,1,2
0.537,0.121,0.25,0,0,1,2
0.537,0.124,0.25,0,0,1,2
0.537,0.127,0.25,0,0,1,2
0.537,0.13,0.25,0,0,1,2
0.537,0.133,0.25,0,0,1,2
0.537,0.136,0.25,0,0,1,2
0.537,0.139,0.25,0,0,1,2
0.537,0.142,0.25,0,0,1,2
0.537,0.145,0.25,0,0,1,2
0.537,0.148,0.25,0,0,1,2
0.537,0.151,0.25,0,0,1,2
0.537,0.154,0.25,0,0,1,2
0.537,0.157,0.25,0,0,1,2
0.537,0.16,0.25,0,0,1,2
0.537,0.163,0.25,0,0,1,2
0.537,0.166,0.25,0,0,1,2
0.537,0.169,0.25,0,0,1,2
0.537,0.172,0.25,0,0,1,2
0.537,0.175,0.25,0,0,1,2
0.537,0.178,0.25,0,0,1,2
0.537,0.181,0.25,0,0,1,2
0.537,0.184,0.25,0,0,1,2
0.537,0.187,0.25,0,0,1,2
0.537,0.19,0.25,0,0,1,2
0.537,0.193,0.25,0,0,1,2
0.537,0.196,0.25,0,0,1,2
0.537,0.199,0.25,0,0,1,2
0.537,0.202,0.25,0,0,1,2
0.537,0.205,0.25,0,0,1,2
0.537,0.208,0.25,0,0,1,2
0.537,0.211,0.25,0,0,1,2
0.537,0.214,0.25,0,0,1,2
0.537,0.217,0.25,0,0,1,2
0.537,0.22,0.25,0,0,1,2
0.537,0.223,0.25,0,0,1,2
0.537,0.226,0.25,0,0,1,2
0.537,0.229,0.25,0,0,1,2
0.537,0.232,0.25,0,0,1,2
0.537,0.235,0.25,0,0,1,2
0.537,0.238,0.25,0,0,1,2
0.537,0.241,0.25,0,0,1,2
0.537,0.244,0.25,0,0,1,2
0.537,0.247,0.25,0,0,1,2
0.537,0.25,0.25,0,0,1,2
0.537,0.253,0.25,0,0,1,2
0.537,0.256,0.25,0,0,1,2
0.537,0.259,0.25,0,0,1,2
0.54,0.1,0.25,0,0,1,2
0.54,0.103,0.25,0,0,1,2
0.54,0.106,0.25,0,0,1,2
0.54,0.109,0.25,0,0,1,2
0.54,0.112,0.25,0,0,1,2
0.54,0.115,0.25,0,0,1,2
0.54,0.118,0.25,0,0,1,2
0.54,0.121,0.25,0,0,1,2
0.54,0.124,0.25,0,0,1,2
0.54,0.127,0.25,0,0,1,2
0.54,0.13,0.25,0,0,1,2
0.54,0.133,0.25,0,0,1,2
0.54,0.136,0.25,0,0,1,2
0.54,0.139,0.25,0,0,1,2
0.54,0.142,0.25,0,0,1,2
0.54,0.145,0.25,0,0,1,2
0.54,0.148,0.25,0,0,1,2
0.54,0.151,0.25,0,0,1,2
0.54,0.154,0.25,0,0,1,2
0.54,0.157,0.25,0,0,1,2
0.54,0.16,0.25,0,0,1,2
0.54,0.163,0.25,0,0,1,2
0.54,0.166,0.25,0,0,1,2
0.54,0.169,0.25,0,0,1,2
0.54,0.172,0.25,0,0,1,2
0.54,0.175,0.25,0,0,1,2
0.54,0.178,0.25,0,0,1,2
0.54,0.181,0.25,0,0,1,2
0.54,0.184,0.25,0,0,1,2
0.54,0.187,0.25,0,0,1,2
0.54,0.19,0.25,0,0,1,2
0.54,0.193,0.25,0,0,1,2
0.54,0.196,0.25,0,0,1,2
0.54,0.199,0.25,0,0,1,2
0.54,0.202,0.25,0,0,1,2
0.54,0.205,0.25,0,0,1,2
0.54,0.208,0.25,0,0,1,2
0.54,0.211,0.25,0,0,1,2
0.54,0.214,0.25,0,0,1,2
0.54,0.217,0.25,0,0,1,2
0.54,0.22,0.25,0,0,1,2
0.54,0.223,0.25,0,0,1,2
0.54,0.226,0.25,0,0,1,2
0.54,0.229,0.25,0,0,1,2
0.54,0.232,0.25,0,0,1,2
0.54,0.235,0.25,0,0,1,2
0.54,0.238,0.25,0,0,1,2
0.54,0.241,0.25,0,0,1,2
0.54,0.244,0.25,0,0,1,2
0.54,0.247,0.25,0,0,1,2
0.54,0.25,0.25,0,0,1,2
0.54,0.253,0.25,0,0,1,2
0.54,0.256,0.25,0,0,1,2
0.54,0.259,0.25,0,0,1,2
0.543,0.1,0.25,0,0,1,2
0.543,0.103,0.25,0,0,1,2
0.543,0.106,0.25,0,0,1,2
0.543,0.109,0.25,0,0,1,2
0.543,0.112,0.25,0,0,1,2
0.543,0.115,0.25,0,0,1,2
0.543,0.118,0.25,0,0,1,2
0.543,0.121,0.25,0,0,1,2
0.543,0.124,0.25,0,0,1,2
0.543,0.127,0.25,0,0,1,2
0.543,0.13,0.25,0,0,1,2
0.543,0.133,0.25,0,0,1,2
0.543,0.136,0.25,0,0,1,2
0.543,0.139,0.25,0,0,1,2
0.543,0.142,0.25,0,0,1,2
0.543,0.145,0.25,0,0,1,2
0.543,0.148,0.25,0,0,1,2
0.543,0.151,0.25,0,0,1,2
0.543,0.154,0.25,0,0,1,2
0.543,0.157,0.25,0,0,1,2
0.543,0.16,0.25,0,0,1,2
0.543,0.163,0.25,0,0,1,2
0.543,0.166,0.25,0,0,1,2
0.543,0.169,0.25,0,0,1,2
0.543,0.172,0.25,0,0,1,2
0.543,0.175,0.25,0,0,1,2
0.543,0.178,0.25,0,0,1,2
0.543,0.181,0.25,0,0,1,2
0.543,0.184,0.25,0,0,1,2
0.543,0.187,0.25,0,0,1,2
0.543,0.19,0.25,0,0,1,2
0.543,0.193,0.25,0,0,1,2
0.543,0.196,0.25,0,0,1,2
0.543,0.199,0.25,0,0,1,2
0.543,0.202,0.25,0,0,1,2
0.543,0.205,0.25,0,0,1,2
0.543,0.208,0.25,0,0,1,2
0.543,0.211,0.25,0,0,1,2
0.543,0.214,0.25,0,0,1,2
0.543,0.217,0.25,0,0,1,2
0.543,0.22,0.25,0,0,1,2
0.543,0.223,0.25,0,0,1,2
0.543,0.226,0.25,0,0,1,2
0.543,0.229,0.25,0,0,1,2
0.543,0.232,0.25,0,0,1,2
0.543,0.235,0.25,0,0,1,2
0.543,0.238,0.25,0,0,1,2
0.543,0.241,0.25,0,0,1,2
0.543,0.244,0.25,0,0,1,2
0.543,0.247,0.25,0,0,1,2
0.543,0.25,0.25,0,0,1,2
0.543,0.253,0.25,0,0,1,2
0.543,0.256,0.25,0,0,1,2
0.543,0.259,0.25,0,0,1,2
0.546,0.1,0.25,0,0,1,2
0.546,0.103,0.25,0,0,1,2
0.546,0.106,0.25,0,0,1,2
0.546,0.109,0.25,0,0,1,2
0.546,0.112,0.25,0,0,1,2
0.546,0.115,0.25,0,0,1,2
0.546,0.118,0.25,0,0,1,2
0.546,0.121,0.25,0,0,1,2
0.546,0.124,0.25,0,0,1,2
0.546,0.127,0.25,0,0,1,2
0.546,0.13,0.25,0,0,1,2
0.546,0.133,0.25,0,0,1,2
0.546,0.136,0.25,0,0,1,2
0.546,0.139,0.25,0,0,1,2
0.546,0.142,0.25,0,0,1,2
0.546,0.145,0.25,0,0,1,2
0.546,0.148,0.25,0,0,1,2
0.546,0.151,0.25,0,0,1,2
0.546,0.154,0.25,0,0,1,2
0.546,0.157,0.25,0,0,1,2
0.546,0.16,0.25,0,0,1,2
0.546,0.163,0.25,0,0,1,2
0.546,0.166,0.25,0,0,1,2
0.546,0.169,0.25,0,0,1,2
0.546,0.172,0.25,0,0,1,2
0.546,0.175,0.25,0,0,1,2
0.546,0.178,0.25,0,0,1,2
0.546,0.181,0.25,0,0,1,2
0.546,0.184,0.25,0,0,1,2
0.546,0.187,0.25,0,0,1,2
0.546,0.19,0.25,0,0,1,2
0.546,0.193,0.25,0,0,1,2
0.546,0.196,0.25,0,0,1,2
0.546,0.199,0.25,0,0,1,2
0.546,0.202,0.25,0,0,1,2
0.546,0.205,0.25,0,0,1,2
0.546,0.208,0.25,0,0,1,2
0.546,0.211,0.25,0,0,1,2
0.546,0.214,0.25,0,0,1,2
0.546,0.217,0.25,0,0,1,2
0.546,0.22,0.25,0,0,1,2
0.546,0.223,0.25,0,0,1,2
0.546,0.226,0.25,0,0,1,2
0.546,0.229,0.25,0,0,1,2
0.546,0.232,0.25,0,0,1,2
0.546,0.235,0.25,0,0,1,2
0.546,0.238,0.25,0,0,1,2
0.546,0.241,0.25,0,0,1,2
0.546,0.244,0.25,0,0,1,2
0.546,0.247,0.25,0,0,1,2
0.546,0.25,0.25,0,0,1,2
0.546,0.253,0.25,0,0,1,2
0.546,0.256,0.25,0,0,1,2
0.546,0.259,0.25,0,0,1,2
0.549,0.1,0.25,0,0,1,2
0.549,0.103,0.25,0,0,1,2
0.549,0.106,0.25,0,0,1,2
0.549,0.109,0.25,0,0,1,2
0.549,0.112,0.25,0,0,1,2
0.549,0.115,0.25,0,0,1,2
0.549,0.118,0.25,0,0,1,2
0.549,0.121,0.25,0,0,1,2
0.549,0.124,0.25,0,0,1,2
0.549,0.127,0.25,0,0,1,2
0.549,0.13,0.25,0,0,1,2
0.549,0.133,0.25,0,0,1,2
0.549,0.136,0.25,0,0,1,2
0.549,0.139,0.25,0,0,1,2
0.549,0.142,0.25,0,0,1,2
0.549,0.145,0.25,0,0,1,2
0.549,0.148,0.25,0,0,1,2
0.549,0.151,0.25,0,0,1,2
0.549,0.154,0.25,0,0,1,2
0.549,0.157,0.25,0,0,1,2
0.549,0.16,0.25,0,0,1,2
0.549,0.163,0.25,0,0,1,2
0.549,0.166,0.25,0,0,1,2
0.549,0.169,0.25,0,0,1,2
0.549,0.172,0.25,0,0,1,2
0.549,0.175,0.25,0,0,1,2
0.549,0.178,0.25,0,0,1,2
0.549,0.181,0.25,0,0,1,2
0.549,0.184,0.25,0,0,1,2
0.549,0.187,0.25,0,0,1,2
0.549,0.19,0.25,0,0,1,2
0.549,0.193,0.25,0,0,1,2
0.549,0.196,0.25,0,0,1,2
0.549,0.199,0.25,0,0,1,2
0.549,0.202,0.25,0,0,1,2
0.549,0.205,0.25,0,0,1,2
0.549,0.208,0.25,0,0,1,2
0.549,0.211,0.25,0,0,1,2
0.549,0.214,0.25,0,0,1,2
0.549,0.217,0.25,0,0,1,2
0.549,0.22,0.25,0,0,1,2
0.549,0.223,0.25,0,0,1,2
0.549,0.226,0.25,0,0,1,2
0.549,0.229,0.25,0,0,1,2
0.549,0.232,0.25,0,0,1,2
0.549,0.235,0.25,0,0,1,2
0.549,0.238,0.25,0,0,1,2
0.549,0.241,0.25,0,0,1,2
0.549,0.244,0.25,0,0,1,2
0.549,0.247,0.25,0,0,1,2
0.549,0.25,0.25,0,0,1,2
0.549,0.253,0.25,0,0,1,2
0.549,0.256,0.25,0,0,1,2
0.549,0.259,0.25,0,0,1,2
0.552,0.1,0.25,0,0,1,2
0.552,0.103,0.25,0,0,1,2
0.552,0.106,0.25,0,0,1,2
0.552,0.109,0.25,0,0,1,2
0.552,0.112,0.25,0,0,1,2
0.552,0.115,0.25,0,0,1,2
0.552,0.118,0.25,0,0,1,2
0.552,0.121,0.25,0,0,1,2
0.552,0.124,0.25,0,0,1,2
0.552,0.127,0.25,0,0,1,2
0.552,0.13,0.25,0,0,1,2
0.552,0.133,0.25,0,0,1,2
0.552,0.136,0.25,0,0,1,2
0.552,0.139,0.25,0,0,1,2
0.552,0.142,0.25,0,0,1,2
0.552,0.145,0.25,0,0,1,2
0.552,0.148,0.25,0,0,1,2
0.552,0.151,0.25,0,0,1,2
0.552,0.154,0.25,0,0,1,2
0.552,0.157,0.25,0,0,1,2
0.552,0.16,0.25,0,0,1,2
0.552,0.163,0.25,0,0,1,2
0.552,0.166,0.25,0,0,1,2
0.552,0.169,0.25,0,0,1,2
0.552,0.172,0.25,0,0,1,2
0.552,0.175,0.25,0,0,1,2
0.552,0.178,0.25,0,0,1,2
0.552,0.181,0.25,0,0,1,2
0.552,0.184,0.25,0,0,1,2
0.552,0.187,0.25,0,0,1,2
0.552,0.19,0.25,0,0,1,2
0.552,0.193,0.25,0,0,1,2
0.552,0.196,0.25,0,0,1,2
0.552,0.199,0.25,0,0,1,2
0.552,0.202,0.25,0,0,1,2
0.552,0.205,0.25,0,0,1,2
0.552,0.208,0.25,0,0,1,2
0.552,0.211,0.25,0,0,1,2
0.552,0.214,0.25,0,0,1,2
0.552,0.217,0.25,0,0,1,2
0.552,0.22,0.25,0,0,1,2
0.552,0.223,0.25,0,0,1,2
0.552,0.226,0.25,0,0,1,2
0.552,0.229,0.25,0,0,1,2
0.552,0.232,0.25,0,0,1,2
0.552,0.235,0.25,0,0,1,2
0.552,0.238,0.25,0,0,1,2
0.552,0.241,0.25,0,0,1,2
0.552,0.244,0.25,0,0,1,2
0.552,0.247,0.25,0,0,1,2
0.552,0.25,0.25,0,0,1,2
0.552,0.253,0.25,0,0,1,2
0.552,0.256,0.25,0,0,1,2
0.552,0.259,0.25,0,0,1,2
0.555,0.1,0.25,0,0,1,2
0.555,0.103,0.25,0,0,1,2
0.555,0.106,0.25,0,0,1,2
0.555,0.109,0.25,0,0,1,2
0.555,0.112,0.25,0,0,1,2
0.555,0.115,0.25,0,0,1,2
0.555,0.118,0.25,0,0,1,2
0.555,0.121,0.25,0,0,1,2
0.555,0.124,0.25,0,0,1,2
0.555,0.127,0.25,0,0,1,2
0.555,0.13,0.25,0,0,1,2
0.555,0.133,0.25,0,0,1,2
0.555,0.136,0.25,0,0,1,2
0.555,0.139,0.25,0,0,1,2
0.555,0.142,0.25,0,0,1,2
0.555,0.145,0.25,0,0,1,2
0.555,0.148,0.25,0,0,1,2
0.555,0.151,0.25,0,0,1,2
0.555,0.154,0.25,0,0,1,2
0.555,0.157,0.25,0,0,1,2
0.555,0.16,0.25,0,0,1,2
0.555,0.163,0.25,0,0,1,2
0.555,0.166,0.25,0,0,1,2
0.555,0.169,0.25,0,0,1,2
0.555,0.172,0.25,0,0,1,2
0.555,0.175,0.25,0,0,1,2
0.555,0.178,0.25,0,0,1,2
0.555,0.181,0.25,0,0,1,2
0.555,0.184,0.25,0,0,1,2
0.555,0.187,0.25,0,0,1,2
0.555,0.19,0.25,0,0,1,2
0.555,0.193,0.25,0,0,1,2
0.555,0.196,0.25,0,0,1,2
0.555,0.199,0.25,0,0,1,2
0.555,0.202,0.25,0,0,1,2
0.555,0.205,0.25,0,0,1,2
0.555,0.208,0.25,0,0,1,2
0.555,0.211,0.25,0,0,1,2
0.555,0.214,0.25,0,0,1,2
0.555,0.217,0.25,0,0,1,2
0.555,0.22,0.25,0,0,1,2
0.555,0.223,0.25,0,0,1,2
0.555,0.226,0.25,0,0,1,2
0.555,0.229,0.25,0,0,1,2
0.555,0.232,0.25,0,0,1,2
0.555,0.235,0.25,0,0,1,2
0.555,0.238,0.25,0,0,1,2
0.555,0.241,0.25,0,0,1,2
0.555,0.244,0.25,0,0,1,2
0.555,0.247,0.25,0,0,1,2
0.555,0.25,0.25,0,0,1,2
0.555,0.253,0.25,0,0,1,2
0.555,0.256,0.25,0,0,1,2
0.555,0.259,0.25,0,0,1,2
0.558,0.1,0.25,0,0,1,2
0.558,0.103,0.25,0,0,1,2
0.558,0.106,0.25,0,0,1,2
0.558,0.109,0.25,0,0,1,2
0.558,0.112,0.25,0,0,1,2
0.558,0.115,0.25,0,0,1,2
0.558,0.118,0.25,0,0,1,2
0.558,0.121,0.25,0,0,1,2
0.558,0.124,0.25,0,0,1,2
0.558,0.127,0.25,0,0,1,2
0.558,0.13,0.25,0,0,1,2
0.558,0.133,0.25,0,0,1,2
0.558,0.136,0.25,0,0,1,2
0.558,0.139,0.25,0,0,1,2
0.558,0.142,0.25,0,0,1,2
0.558,0.145,0.25,0,0,1,2
0.558,0.148,0.25,0,0,1,2
0.558,0.151,0.25,0,0,1,2
0.558,0.154,0.25,0,0,1,2
0.558,0.157,0.25,0,0,1,2
0.558,0.16,0.25,0,0,1,2
0.558,0.163,0.25,0,0,1,2
0.558,0.166,0.25,0,0,1,2
0.558,0.169,0.25,0,0,1,2
0.558,0.172,0.25,0,0,1,2
0.558,0.175,0.25,0,0,1,2
0.558,0.178,0.25,0,0,1,2
0.558,0.181,0.25,0,0,1,2
0.558,0.184,0.25,0,0,1,2
0.558,0.187,0.25,0,0,1,2
0.558,0.19,0.25,0,0,1,2
0.558,0.193,0.25,0,0,1,2
0.558,0.196,0.25,0,0,1,2
0.558,0.199,0.25,0,0,1,2
0.558,0.202,0.25,0,0,1,2
0.558,0.205,0.25,0,0,1,2
0.558,0.208,0.25,0,0,1,2
0.558,0.211,0.25,0,0,1,2
0.558,0.214,0.25,0,0,1,2
0.558,0.217,0.25,0,0,1,2
0.558,0.22,0.25,0,0,1,2
0.558,0.223,0.25,0,0,1,2
0.558,0.226,0.25,0,0,1,2
0.558,0.229,0.25,0,0,1,2
0.558,0.232,0.25,0,0,1,2
0.558,0.235,0.25,0,0,1,2
0.558,0.238,0.25,0,0,1,2
0.558,0.241,0.25,0,0,1,2
0.558,0.244,0.25,0,0,1,2
0.558,0.247,0.25,0,0,1,2
0.558,0.25,0.25,0,0,1,2
0.558,0.253,0.25,0,0,1,2
0.558,0.256,0.25,0,0,1,2
0.558,0.259,0.25,0,0,1,2
0.561,0.1,0.25,0,0,1,2
0.561,0.103,0.25,0,0,1,2
0.561,0.106,0.25,0,0,1,2
0.561,0.109,0.25,0,0,1,2
0.561,0.112,0.25,0,0,1,2
0.561,0.115,0.25,0,0,1,2
0.561,0.118,0.25,0,0,1,2
0.561,0.121,0.25,0,0,1,2
0.561,0.124,0.25,0,0,1,2
0.561,0.127,0.25,0,0,1,2
0.561,0.13,0.25,0,0,1,2
0.561,0.133,0.25,0,0,1,2
0.561,0.136,0.25,0,0,1,2
0.561,0.139,0.25,0,0,1,2
0.561,0.142,0.25,0,0,1,2
0.561,0.145,0.25,0,0,1,2
0.561,0.148,0.25,0,0,1,2
0.561,0.151,0.25,0,0,1,2
0.561,0.154,0.25,0,0,1,2
0.561,0.157,0.25,0,0,1,2
0.561,0.16,0.25,0,0,1,2
0.561,0.163,0.25,0,0,1,2
0.561,0.166,0.25,0,0,1,2
0.561,0.169,0.25,0,0,1,2
0.561,0.172,0.25,0,0,1,2
0.561,0.175,0.25,0,0,1,2
0.561,0.178,0.25,0,0,1,2
0.561,0.181,0.25,0,0,1,2
0.561,0.184,0.25,0,0,1,2
0.561,0.187,0.25,0,0,1,2
0.561,0.19,0.25,0,0,1,2
0.561,0.193,0.25,0,0,1,2
0.561,0.196,0.25,0,0,1,2
0.561,0.199,0.25,0,0,1,2
0.561,0.202,0.25,0,0,1,2
0.561,0.205,0.25,0,0,1,2
0.561,0.208,0.25,0,0,1,2
0.561,0.211,0.25,0,0,1,2
0.561,0.214,0.25,0,0,1,2
0.561,0.217,0.25,0,0,1,2
0.561,0.22,0.25,0,0,1,2
0.561,0.223,0.25,0,0,1,2
0.561,0.226,0.25,0,0,1,2
0.561,0.229,0.25,0,0,1,2
0.561,0.232,0.25,0,0,1,2
0.561,0.235,0.25,0,0,1,2
0.561,0.238,0.25,0,0,1,2
0.561,0.241,0.25,0,0,1,2
0.561,0.244,0.25,0,0,1,2
0.561,0.247,0.25,0,0,1,2
0.561,0.25,0.25,0,0,1,2
0.561,0.253,0.25,0,0,1,2
0.561,0.256,0.25,0,0,1,2
0.561,0.259,0.25,0,0,1,2
0.564,0.1,0.25,0,0,1,2
0.564,0.103,0.25,0,0,1,2
0.564,0.106,0.25,0,0,1,2
0.564,0.109,0.25,0,0,1,2
0.564,0.112,0.25,0,0,1,2
0.564,0.115,0.25,0,0,1,2
0.564,0.118,0.25,0,0,1,2
0.564,0.121,0.25,0,0,1,2
0.564,0.124,0.25,0,0,1,2
0.564,0.127,0.25,0,0,1,2
0.564,0.13,0.25,0,0,1,2
0.564,0.133,0.25,0,0,1,2
0.564,0.136,0.25,0,0,1,2
0.564,0.139,0.25,0,0,1,2
0.564,0.142,0.25,0,0,1,2
0.564,0.145,0.25,0,0,1,2
0.564,0.148,0.25,0,0,1,2
0.564,0.151,0.25,0,0,1,2
0.564,0.154,0.25,0,0,1,2
0.564,0.157,0.25,0,0,1,2
0.564,0.16,0.25,0,0,1,2
0.564,0.163,0.25,0,0,1,2
0.564,0.166,0.25,0,0,1,2
0.564,0.169,0.25,0,0,1,2
0.564,0.172,0.25,0,0,1,2
0.564,0.175,0.25,0,0,1,2
0.564,0.178,0.25,0,0,1,2
0.564,0.181,0.25,0,0,1,2
0.564,0.184,0.25,0,0,1,2
0.564,0.187,0.25,0,0,1,2
0.564,0.19,0.25,0,0,1,2
0.564,0.193,0.25,0,0,1,2
0.564,0.196,0.25,0,0,1,2
0.564,0.199,0.25,0,0,1,2
0.564,0.202,0.25,0,0,1,2
0.564,0.205,0.25,0,0,1,2
0.564,0.208,0.25,0,0,1,2
0.564,0.211,0.25,0,0,1,2
0.564,0.214,0.25,0,0,1,2
0.564,0.217,0.25,0,0,1,2
0.564,0.22,0.25,0,0,1,2
0.564,0.223,0.25,0,0,1,2
0.564,0.226,0.25,0,0,1,2
0.564,0.229,0.25,0,0,1,2
0.564,0.232,0.25,0,0,1,2
0.564,0.235,0.25,0,0,1,2
0.564,0.238,0.25,0,0,1,2
0.564,0.241,0.25,0,0,1,2
0.564,0.244,0.25,0,0,1,2
0.564,0.247,0.25,0,0,1,2
0.564,0.25,0.25,0,0,1,2
0.564,0.253,0.25,0,0,1,2
0.564,0.256,0.25,0,0,1,2
0.564,0.259,0.25,0,0,1,2
0.567,0.1,0.25,0,0,1,2
0.567,0.103,0.25,0,0,1,2
0.567,0.106,0.25,0,0,1,2
0.567,0.109,0.25,0,0,1,2
0.567,0.112,0.25,0,0,1,2
0.567,0.115,0.25,0,0,1,2
0.567,0.118,0.25,0,0,1,2
0.567,0.121,0.25,0,0,1,2
0.567,0.124,0.25,0,0,1,2
0.567,0.127,0.25,0,0,1,2
0.567,0.13,0.25,0,0,1,2
0.567,0.133,0.25,0,0,1,2
0.567,0.136,0.25,0,0,1,2
0.567,0.139,0.25,0,0,1,2
0.567,0.142,0.25,0,0,1,2
0.567,0.145,0.25,0,0,1,2
0.567,0.148,0.25,0,0,1,2
0.567,0.151,0.25,0,0,1,2
0.567,0.154,0.25,0,0,1,2
0.567,0.157,0.25,0,0,1,2
0.567,0.16,0.25,0,0,1,2
0.567,0.163,0.25,0,0,1,2
0.567,0.166,0.25,0,0,1,2
0.567,0.169,0.25,0,0,1,2
0.567,0.172,0.25,0,0,1,2
0.567,0.175,0.25,0,0,1,2
0.567,0.178,0.25,0,0,1,2
0.567,0.181,0.25,0,0,1,2
0.567,0.184,0.25,0,0,1,2
0.567,0.187,0.25,0,0,1,2
0.567,0.19,0.25,0,0,1,2
0.567,0.193,0.25,0,0,1,2
0.567,0.196,0.25,0,0,1,2
0.567,0.199,0.25,0,0,1,2
0.567,0.202,0.25,0,0,1,2
0.567,0.205,0.25,0,0,1,2
0.567,0.208,0.25,0,0,1,2
0.567,0.211,0.25,0,0,1,2
0.567,0.214,0.25,0,0,1,2
0.567,0.217,0.25,0,0,1,2
0.567,0.22,0.25,0,0,1,2
0.567,0.223,0.25,0,0,1,2
0.567,0.226,0.25,0,0,1,2
0.567,0.229,0.25,0,0,1,2
0.567,0.232,0.25,0,0,1,2
0.567,0.235,0.25,0,0,1,2
0.567,0.238,0.25,0,0,1,2
0.567,0.241,0.25,0,0,1,2
0.567,0.244,0.25,0,0,1,2
0.567,0.247,0.25,0,0,1,2
0.567,0.25,0.25,0,0,1,2
0.567,0.253,0.25,0,0,1,2
0.567,0.256,0.25,0,0,1,2
0.567,0.259,0.25,0,0,1,2
0.57,0.1,0.25,0,0,1,2
0.57,0.103,0.25,0,0,1,2
0.57,0.106,0.25,0,0,1,2
0.57,0.109,0.25,0,0,1,2
0.57,0.112,0.25,0,0,1,2
0.57,0.115,0.25,0,0,1,2
0.57,0.118,0.25,0,0,1,2
0.57,0.121,0.25,0,0,1,2
0.57,0.124,0.25,0,0,1,2
0.57,0.127,0.25,0,0,1,2
0.57,0.13,0.25,0,0,1,2
0.57,0.133,0.25,0,0,1,2
0.57,0.136,0.25,0,0,1,2
0.57,0.139,0.25,0,0,1,2
0.57,0.142,0.25,0,0,1,2
0.57,0.145,0.25,0,0,1,2
0.57,0.148,0.25,0,0,1,2
0.57,0.151,0.25,0,0,1,2
0.57,0.154,0.25,0,0,1,2
0.57,0.157,0.25,0,0,1,2
0.57,0.16,0.25,0,0,1,2
0.57,0.163,0.25,0,0,1,2
0.57,0.166,0.25,0,0,1,2
0.57,0.169,0.25,0,0,1,2
0.57,0.172,0.25,0,0,1,2
0.57,0.175,0.25,0,0,1,2
0.57,0.178,0.25,0,0,1,2
0.57,0.181,0.25,0,0,1,2
0.57,0.184,0.25,0,0,1,2
0.57,0.187,0.25,0,0,1,2
0.57,0.19,0.25,0,0,1,2
0.57,0.193,0.25,0,0,1,2
0.57,0.196,0.25,0,0,1,2
0.57,0.199,0.25,0,0,1,2
0.57,0.202,0.25,0,0,1,2
0.57,0.205,0.25,0,0,1,2
0.57,0.208,0.25,0,0,1,2
0.57,0.211,0.25,0,0,1,2
0.57,0.214,0.25,0,0,1,2
0.57,0.217,0.25,0,0,1,2
0.57,0.22,0.25,0,0,1,2
0.57,0.223,0.25,0,0,1,2
0.57,0.226,0.25,0,0,1,2
0.57,0.229,0.25,0,0,1,2
0.57,0.232,0.25,0,0,1,2
0.57,0.235,0.25,0,0,1,2
0.57,0.238,0.25,0,0,1,2
0.57,0.241,0.25,0,0,1,2
0.57,0.244,0.25,0,0,1,2
0.57,0.247,0.25,0,0,1,2
0.57,0.25,0.25,0,0,1,2
0.57,0.253,0.25,0,0,1,2
0.57,0.256,0.25,0,0,1,2
0.57,0.259,0.25,0,0,1,2
0.39,0.1,0.45,0,0,1,2
0.39,0.103,0.45,0,0,1,2
0.39,0.106,0.45,0,0,1,2
0.39,0.109,0.45,0,0,1,2
0.39,0.112,0.45,0,0,1,2
0.39,0.115,0.45,0,0,1,2
0.39,0.118,0.45,0,0,1,2
0.39,0.121,0.45,0,0,1,2
0.39,0.124,0.45,0,0,1,2
0.39,0.127,0.45,0,0,1,2
0.39,0.13,0.45,0,0,1,2
0.39,0.133,0.45,0,0,1,2
0.39,0.136,0.45,0,0,1,2
0.39,0.139,0.45,0,0,1,2
0.39,0.142,0.45,0,0,1,2
0.39,0.145,0.45,0,0,1,2
0.39,0.148,0.45,0,0,1,2
0.39,0.151,0.45,0,0,1,2
0.39,0.154,0.45,0,0,1,2
0.39,0.157,0.45,0,0,1,2
0.39,0.16,0.45,0,0,1,2
0.39,0.163,0.45,0,0,1,2
0.39,0.166,0.45,0,0,1,2
0.39,0.169,0.45,0,0,1,2
0.39,0.172,0.45,0,0,1,2
0.39,0.175,0.45,0,0,1,2
0.39,0.178,0.45,0,0,1,2
0.39,0.181,0.45,0,0,1,2
0.39,0.184,0.45,0,0,1,2
0.39,0.187,0.45,0,0,1,2
0.39,0.19,0.45,0,0,1,2
0.39,0.193,0.45,0,0,1,2
0.39,0.196,0.45,0,0,1,2
0.39,0.199,0.45,0,0,1,2
0.39,0.202,0.45,0,0,1,2
0.39,0.205,0.45,0,0,1,2
0.39,0.208,0.45,0,0,1,2
0.39,0.211,0.45,0,0,1,2
0.39,0.214,0.45,0,0,1,2
0.39,0.217,0.45,0,0,1,2
0.39,0.22,0.45,0,0,1,2
0.39,0.223,0.45,0,0,1,2
0.39,0.226,0.45,0,0,1,2
0.39,0.229,0.45,0,0,1,2
0.39,0.232,0.45,0,0,1,2
0.39,0.235,0.45,0,0,1,2
0.39,0.238,0.45,0,0,1,2
0.39,0.241,0.45,0,0,1,2
0.39,0.244,0.45,0,0,1,2
0.39,0.247,0.45,0,0,1,2
0.39,0.25,0.45,0,0,1,2
0.39,0.253,0.45,0,0,1,2
0.39,0.256,0.45,0,0,1,2
0.39,0.259,0.45,0,0,1,2
0.393,0.1,0.45,0,0,1,2
0.393,0.103,0.45,0,0,1,2
0.393,0.106,0.45,0,0,1,2
0.393,0.109,0.45,0,0,1,2
0.393,0.112,0.45,0,0,1,2
0.393,0.115,0.45,0,0,1,2
0.393,0.118,0.45,0,0,1,2
0.393,0.121,0.45,0,0,1,2
0.393,0.124,0.45,0,0,1,2
0.393,0.127,0.45,0,0,1,2
0.393,0.13,0.45,0,0,1,2
0.393,0.133,0.45,0,0,1,2
0.393,0.136,0.45,0,0,1,2
0.393,0.139,0.45,0,0,1,2
0.393,0.142,0.45,0,0,1,2
0.393,0.145,0.45,0,0,1,2
0.393,0.148,0.45,0,0,1,2
0.393,0.151,0.45,0,0,1,2
0.393,0.154,0.45,0,0,1,2
0.393,0.157,0.45,0,0,1,2
0.393,0.16,0.45,0,0,1,2
0.393,0.163,0.45,0,0,1,2
0.393,0.166,0.45,0,0,1,2
0.393,0.169,0.45,0,0,1,2
0.393,0.172,0.45,0,0,1,2
0.393,0.175,0.45,0,0,1,2
0.393,0.178,0.45,0,0,1,2
0.393,0.181,0.45,0,0,1,2
0.393,0.184,0.45,0,0,1,2
0.393,0.187,0.45,0,0,1,2
0.393,0.19,0.45,0,0,1,2
0.393,0.193,0.45,0,0,1,2
0.393,0.196,0.45,0,0,1,2
0.393,0.199,0.45,0,0,1,2
0.393,0.202,0.45,0,0,1,2
0.393,0.205,0.45,0,0,1,2
0.393,0.208,0.45,0,0,1,2
0.393,0.211,0.45,0,0,1,2
0.393,0.214,0.45,0,0,1,2
0.393,0.217,0.45,0,0,1,2
0.393,0.22,0.45,0,0,1,2
0.393,0.223,0.45,0,0,1,2
0.393,0.226,0.45,0,0,1,2
0.393,0.229,0.45,0,0,1,2
0.393,0.232,0.45,0,0,1,2
0.393,0.235,0.45,0,0,1,2
0.393,0.238,0.45,0,0,1,2
0.393,0.241,0.45,0,0,1,2
0.393,0.244,0.45,0,0,1,2
0.393,0.247,0.45,0,0,1,2
0.393,0.25,0.45,0,0,1,2
0.393,0.253,0.45,0,0,1,2
0.393,0.256,0.45,0,0,1,2
0.393,0.259,0.45,0,0,1,2
0.396,0.1,0.45,0,0,1,2
0.396,0.103,0.45,0,0,1,2
0.396,0.106,0.45,0,0,1,2
0.396,0.109,0.45,0,0,1,2
0.396,0.112,0.45,0,0,1,2
0.396,0.115,0.45,0,0,1,2
0.396,0.118,0.45,0,0,1,2
0.396,0.121,0.45,0,0,1,2
0.396,0.124,0.45,0,0,1,2
0.396,0.127,0.45,0,0,1,2
0.396,0.13,0.45,0,0,1,2
0.396,0.133,0.45,0,0,1,2
0.396,0.136,0.45,0,0,1,2
0.396,0.139,0.45,0,0,1,2
0.396,0.142,0.45,0,0,1,2
0.396,0.145,0.45,0,0,1,2
0.396,0.148,0.45,0,0,1,2
0.396,0.151,0.45,0,0,1,2
0.396,0.154,0.45,0,0,1,2
0.396,0.157,0.45,0,0,1,2
0.396,0.16,0.45,0,0,1,2
0.396,0.163,0.45,0,0,1,2
0.396,0.166,0.45,0,0,1,2
0.396,0.169,0.45,0,0,1,2
0.396,0.172,0.45,0,0,1,2
0.396,0.175,0.45,0,0,1,2
0.396,0.178,0.45,0,0,1,2
0.396,0.181,0.45,0,0,1,2
0.396,0.184,0.45,0,0,1,2
0.396,0.187,0.45,0,0,1,2
0.396,0.19,0.45,0,0,1,2
0.396,0.193,0.45,0,0,1,2
0.396,0.196,0.45,0,0,1,2
0.396,0.199,0.45,0,0,1,2
0.396,0.202,0.45,0,0,1,2
0.396,0.205,0.45,0,0,1,2
0.396,0.208,0.45,0,0,1,2
0.396,0.211,0.45,0,0,1,2
0.396,0.214,0.45,0,0,1,2
0.396,0.217,0.45,0,0,1,2
0.396,0.22,0.45,0,0,1,2
0.396,0.223,0.45,0,0,1,2
0.396,0.226,0.45,0,0,1,2
0.396,0.229,0.45,0,0,1,2
0.396,0.232,0.45,0,0,1,2
0.396,0.235,0.45,0,0,1,2
0.396,0.238,0.45,0,0,1,2
0.396,0.241,0.45,0,0,1,2
0.396,0.244,0.45,0,0,1,2
0.396,0.247,0.45,0,0,1,2
0.396,0.25,0.45,0,0,1,2
0.396,0.253,0.45,0,0,1,2
0.396,0.256,0.45,0,0,1,2
0.396,0.259,0.45,0,0,1,2
0.399,0.1,0.45,0,0,1,2
0.399,0.103,0.45,0,0,1,2
0.399,0.106,0.45,0,0,1,2
0.399,0.109,0.45,0,0,1,2
0.399,0.112,0.45,0,0,1,2
0.399,0.115,0.45,0,0,1,2
0.399,0.118,0.45,0,0,1,2
0.399,0.121,0.45,0,0,1,2
0.399,0.124,0.45,0,0,1,2
0.399,0.127,0.45,0,0,1,2
0.399,0.13,0.45,0,0,1,2
0.399,0.133,0.45,0,0,1,2
0.399,0.136,0.45,0,0,1,2
0.399,0.139,0.45,0,0,1,2
0.399,0.142,0.45,0,0,1,2
0.399,0.145,0.45,0,0,1,2
0.399,0.148,0.45,0,0,1,2
0.399,0.151,0.45,0,0,1,2
0.399,0.154,0.45,0,0,1,2
0.399,0.157,0.45,0,0,1,2
0.399,0.16,0.45,0,0,1,2
0.399,0.163,0.45,0,0,1,2
0.399,0.166,0.45,0,0,1,2
0.399,0.169,0.45,0,0,1,2
0.399,0.172,0.45,0,0,1,2
0.399,0.175,0.45,0,0,1,2
0.399,0.178,0.45,0,0,1,2
0.399,0.181,0.45,0,0,1,2
0.399,0.184,0.45,0,0,1,2
0.399,0.187,0.45,0,0,1,2
0.399,0.19,0.45,0,0,1,2
0.399,0.193,0.45,0,0,1,2
0.399,0.196,0.45,0,0,1,2
0.399,0.199,0.45,0,0,1,2
0.399,0.202,0.45,0,0,1,2
0.399,0.205,0.45,0,0,1,2
0.399,0.208,0.45,0,0,1,2
0.399,0.211,0.45,0,0,1,2
0.399,0.214,0.45,0,0,1,2
0.399,0.217,0.45,0,0,1,2
0.399,0.22,0.45,0,0,1,2
0.399,0.223,0.45,0,0,1,2
0.399,0.226,0.45,0,0,1,2
0.399,0.229,0.45,0,0,1,2
0.399,0.232,0.45,0,0,1,2
0.399,0.235,0.45,0,0,1,2
0.399,0.238,0.45,0,0,1,2
0.399,0.241,0.45,0,0,1,2
0.399,0.244,0.45,0,0,1,2
0.399,0.247,0.45,0,0,1,2
0.399,0.25,0.45,0,0,1,2
0.399,0.253,0.45,0,0,1,2
0.399,0.256,0.45,0,0,1,2
0.399,0.259,0.45,0,0,1,2
0.402,0.1,0.45,0,0,1,2
0.402,0.103,0.45,0,0,1,2
0.402,0.106,0.45,0,0,1,2
0.402,0.109,0.45,0,0,1,2
0.402,0.112,0.45,0,0,1,2
0.402,0.115,0.45,0,0,1,2
0.402,0.118,0.45,0,0,1,2
0.402,0.121,0.45,0,0,1,2
0.402,0.124,0.45,0,0,1,2
0.402,0.127,0.45,0,0,1,2
0.402,0.13,0.45,0,0,1,2
0.402,0.133,0.45,0,0,1,2
0.402,0.136,0.45,0,0,1,2
0.402,0.139,0.45,0,0,1,2
0.402,0.142,0.45,0,0,1,2
0.402,0.145,0.45,0,0,1,2
0.402,0.148,0.45,0,0,1,2
0.402,0.151,0.45,0,0,1,2
0.402,0.154,0.45,0,0,1,2
0.402,0.157,0.45,0,0,1,2
0.402,0.16,0.45,0,0,1,2
0.402,0.163,0.45,0,0,1,2
0.402,0.166,0.45,0,0,1,2
0.402,0.169,0.45,0,0,1,2
0.402,0.172,0.45,0,0,1,2
0.402,0.175,0.45,0,0,1,2
0.402,0.178,0.45,0,0,1,2
0.402,0.181,0.45,0,0,1,2
0.402,0.184,0.45,0,0,1,2
0.402,0.187,0.45,0,0,1,2
0.402,0.19,0.45,0,0,1,2
0.402,0.193,0.45,0,0,1,2
0.402,0.196,0.45,0,0,1,2
0.402,0.199,0.45,0,0,1,2
0.402,0.202,0.45,0,0,1,2
0.402,0.205,0.45,0,0,1,2
0.402,0.208,0.45,0,0,1,2
0.402,0.211,0.45,0,0,1,2
0.402,0.214,0.45,0,0,1,2
0.402,0.217,0.45,0,0,1,2
0.402,0.22,0.45,0,0,1,2
0.402,0.223,0.45,0,0,1,2
0.402,0.226,0.45,0,0,1,2
0.402,0.229,0.45,0,0,1,2
0.402,0.232,0.45,0,0,1,2
0.402,0.235,0.45,0,0,1,2
0.402,0.238,0.45,0,0,1,2
0.402,0.241,0.45,0,0,1,2
0.402,0.244,0.45,0,0,1,2
0.402,0.247,0.45,0,0,1,2
0.402,0.25,0.45,0,0,1,2
0.402,0.253,0.45,0,0,1,2
0.402,0.256,0.45,0,0,1,2
0.402,0.259,0.45,0,0,1,2
0.405,0.1,0.45,0,0,1,2
0.405,0.103,0.45,0,0,1,2
0.405,0.106,0.45,0,0,1,2
0.405,0.109,0.45,0,0,1,2
0.405,0.112,0.45,0,0,1,2
0.405,0.115,0.45,0,0,1,2
0.405,0.118,0.45,0,0,1,2
0.405,0.121,0.45,0,0,1,2
0.405,0.124,0.45,0,0,1,2
0.405,0.127,0.45,0,0,1,2
0.405,0.13,0.45,0,0,1,2
0.405,0.133,0.45,0,0,1,2
0.405,0.136,0.45,0,0,1,2
0.405,0.139,0.45,0,0,1,2
0.405,0.142,0.45,0,0,1,2
0.405,0.145,0.45,0,0,1,2
0.405,0.148,0.45,0,0,1,2
0.405,0.151,0.45,0,0,1,2
0.405,0.154,0.45,0,0,1,2
0.405,0.157,0.45,0,0,1,2
0.405,0.16,0.45,0,0,1,2
0.405,0.163,0.45,0,0,1,2
0.405,0.166,0.45,0,0,1,2
0.405,0.169,0.45,0,0,1,2
0.405,0.172,0.45,0,0,1,2
0.405,0.175,0.45,0,0,1,2
0.405,0.178,0.45,0,0,1,2
0.405,0.181,0.45,0,0,1,2
0.405,0.184,0.45,0,0,1,2
0.405,0.187,0.45,0,0,1,2
0.405,0.19,0.45,0,0,1,2
0.405,0.193,0.45,0,0,1,2
0.405,0.196,0.45,0,0,1,2
0.405,0.199,0.45,0,0,1,2
0.405,0.202,0.45,0,0,1,2
0.405,0.205,0.45,0,0,1,2
0.405,0.208,0.45,0,0,1,2
0.405,0.211,0.45,0,0,1,2
0.405,0.214,0.45,0,0,1,2
0.405,0.217,0.45,0,0,1,2
0.405,0.22,0.45,0,0,1,2
0.405,0.223,0.45,0,0,1,2
0.405,0.226,0.45,0,0,1,2
0.405,0.229,0.45,0,0,1,2
0.405,0.232,0.45,0,0,1,2
0.405,0.235,0.45,0,0,1,2
0.405,0.238,0.45,0,0,1,2
0.405,0.241,0.45,0,0,1,2
0.405,0.244,0.45,0,0,1,2
0.405,0.247,0.45,0,0,1,2
0.405,0.25,0.45,0,0,1,2
0.405,0.253,0.45,0,0,1,2
0.405,0.256,0.45,0,0,1,2
0.405,0.259,0.45,0,0,1,2
0.408,0.1,0.45,0,0,1,2
0.408,0.103,0.45,0,0,1,2
0.408,0.106,0.45,0,0,1,2
0.408,0.109,0.45,0,0,1,2
0.408,0.112,0.45,0,0,1,2
0.408,0.115,0.45,0,0,1,2
0.408,0.118,0.45,0,0,1,2
0.408,0.121,0.45,0,0,1,2
0.408,0.124,0.45,0,0,1,2
0.408,0.127,0.45,0,0,1,2
0.408,0.13,0.45,0,0,1,2
0.408,0.133,0.45,0,0,1,2
0.408,0.136,0.45,0,0,1,2
0.408,0.139,0.45,0,0,1,2
0.408,0.142,0.45,0,0,1,2
0.408,0.145,0.45,0,0,1,2
0.408,0.148,0.45,0,0,1,2
0.408,0.151,0.45,0,0,1,2
0.408,0.154,0.45,0,0,1,2
0.408,0.157,0.45,0,0,1,2
0.408,0.16,0.45,0,0,1,2
0.408,0.163,0.45,0,0,1,2
0.408,0.166,0.45,0,0,1,2
0.408,0.169,0.45,0,0,1,2
0.408,0.172,0.45,0,0,1,2
0.408,0.175,0.45,0,0,1,2
0.408,0.178,0.45,0,0,1,2
0.408,0.181,0.45,0,0,1,2
0.408,0.184,0.45,0,0,1,2
0.408,0.187,0.45,0,0,1,2
0.408,0.19,0.45,0,0,1,2
0.408,0.193,0.45,0,0,1,2
0.408,0.196,0.45,0,0,1,2
0.408,0.199,0.45,0,0,1,2
0.408,0.202,0.45,0,0,1,2
0.408,0.205,0.45,0,0,1,2
0.408,0.208,0.45,0,0,1,2
0.408,0.211,0.45,0,0,1,2
0.408,0.214,0.45,0,0,1,2
0.408,0.217,0.45,0,0,1,2
0.408,0.22,0.45,0,0,1,2
0.408,0.223,0.45,0,0,1,2
0.408,0.226,0.45,0,0,1,2
0.408,0.229,0.45,0,0,1,2
0.408,0.232,0.45,0,0,1,2
0.408,0.235,0.45,0,0,1,2
0.408,0.238,0.45,0,0,1,2
0.408,0.241,0.45,0,0,1,2
0.408,0.244,0.45,0,0,1,2
0.408,0.247,0.45,0,0,1,2
0.408,0.25,0.45,0,0,1,2
0.408,0.253,0.45,0,0,1,2
0.408,0.256,0.45,0,0,1,2
0.408,0.259,0.45,0,0,1,2
0.411,0.1,0.45,0,0,1,2
0.411,0.103,0.45,0,0,1,2
0.411,0.106,0.45,0,0,1,2
0.411,0.109,0.45,0,0,1,2
0.411,0.112,0.45,0,0,1,2
0.411,0.115,0.45,0,0,1,2
0.411,0.118,0.45,0,0,1,2
0.411,0.121,0.45,0,0,1,2
0.411,0.124,0.45,0,0,1,2
0.411,0.127,0.45,0,0,1,2
0.411,0.13,0.45,0,0,1,2
0.411,0.133,0.45,0,0,1,2
0.411,0.136,0.45,0,0,1,2
0.411,0.139,0.45,0,0,1,2
0.411,0.142,0.45,0,0,1,2
0.411,0.145,0.45,0,0,1,2
0.411,0.148,0.45,0,0,1,2
0.411,0.151,0.45,0,0,1,2
0.411,0.154,0.45,0,0,1,2
0.411,0.157,0.45,0,0,1,2
0.411,0.16,0.45,0,0,1,2
0.411,0.163,0.45,0,0,1,2
0.411,0.166,0.45,0,0,1,2
0.411,0.169,0.45,0,0,1,2
0.411,0.172,0.45,0,0,1,2
0.411,0.175,0.45,0,0,1,2
0.411,0.178,0.45,0,0,1,2
0.411,0.181,0.45,0,0,1,2
0.411,0.184,0.45,0,0,1,2
0.411,0.187,0.45,0,0,1,2
0.411,0.19,0.45,0,0,1,2
0.411,0.193,0.45,0,0,1,2
0.411,0.196,0.45,0,0,1,2
0.411,0.199,0.45,0,0,1,2
0.411,0.202,0.45,0,0,1,2
0.411,0.205,0.45,0,0,1,2
0.411,0.208,0.45,0,0,1,2
0.411,0.211,0.45,0,0,1,2
0.411,0.214,0.45,0,0,1,2
0.411,0.217,0.45,0,0,1,2
0.411,0.22,0.45,0,0,1,2
0.411,0.223,0.45,0,0,1,2
0.411,0.226,0.45,0,0,1,2
0.411,0.229,0.45,0,0,1,2
0.411,0.232,0.45,0,0,1,2
0.411,0.235,0.45,0,0,1,2
0.411,0.238,0.45,0,0,1,2
0.411,0.241,0.45,0,0,1,2
0.411,0.244,0.45,0,0,1,2
0.411,0.247,0.45,0,0,1,2
0.411,0.25,0.45,0,0,1,2
0.411,0.253,0.45,0,0,1,2
0.411,0.256,0.45,0,0,1,2
0.411,0.259,0.45,0,0,1,2
0.414,0.1,0.45,0,0,1,2
0.414,0.103,0.45,0,0,1,2
0.414,0.106,0.45,0,0,1,2
0.414,0.109,0.45,0,0,1,2
0.414,0.112,0.45,0,0,1,2
0.414,0.115,0.45,0,0,1,2
0.414,0.118,0.45,0,0,1,2
0.414,0.121,0.45,0,0,1,2
0.414,0.124,0.45,0,0,1,2
0.414,0.127,0.45,0,0,1,2
0.414,0.13,0.45,0,0,1,2
0.414,0.133,0.45,0,0,1,2
0.414,0.136,0.45,0,0,1,2
0.414,0.139,0.45,0,0,1,2
0.414,0.142,0.45,0,0,1,2
0.414,0.145,0.45,0,0,1,2
0.414,0.148,0.45,0,0,1,2
0.414,0.151,0.45,0,0,1,2
0.414,0.154,0.45,0,0,1,2
0.414,0.157,0.45,0,0,1,2
0.414,0.16,0.45,0,0,1,2
0.414,0.163,0.45,0,0,1,2
0.414,0.166,0.45,0,0,1,2
0.414,0.169,0.45,0,0,1,2
0.414,0.172,0.45,0,0,1,2
0.414,0.175,0.45,0,0,1,2
0.414,0.178,0.45,0,0,1,2
0.414,0.181,0.45,0,0,1,2
0.414,0.184,0.45,0,0,1,2
0.414,0.187,0.45,0,0,1,2
0.414,0.19,0.45,0,0,1,2
0.414,0.193,0.45,0,0,1,2
0.414,0.196,0.45,0,0,1,2
0.414,0.199,0.45,0,0,1,2
0.414,0.202,0.45,0,0,1,2
0.414,0.205,0.45,0,0,1,2
0.414,0.208,0.45,0,0,1,2
0.414,0.211,0.45,0,0,1,2
0.414,0.214,0.45,0,0,1,2
0.414,0.217,0.45,0,0,1,2
0.414,0.22,0.45,0,0,1,2
0.414,0.223,0.45,0,0,1,2
0.414,0.226,0.45,0,0,1,2
0.414,0.229,0.45,0,0,1,2
0.414,0.232,0.45,0,0,1,2
0.414,0.235,0.45,0,0,1,2
0.414,0.238,0.45,0,0,1,2
0.414,0.241,0.45,0,0,1,2
0.414,0.244,0.45,0,0,1,2
0.414,0.247,0.45,0,0,1,2
0.414,0.25,0.45,0,0,1,2
0.414,0.253,0.45,0,0,1,2
0.414,0.256,0.45,0,0,1,2
0.414,0.259,0.45,0,0,1,2
0.417,0.1,0.45,0,0,1,2
0.417,0.103,0.45,0,0,1,2
0.417,0.106,0.45,0,0,1,2
0.417,0.109,0.45,0,0,1,2
0.417,0.112,0.45,0,0,1,2
0.417,0.115,0.45,0,0,1,2
0.417,0.118,0.45,0,0,1,2
0.417,0.121,0.45,0,0,1,2
0.417,0.124,0.45,0,0,1,2
0.417,0.127,0.45,0,0,1,2
0.417,0.13,0.45,0,0,1,2
0.417,0.133,0.45,0,0,1,2
0.417,0.136,0.45,0,0,1,2
0.417,0.139,0.45,0,0,1,2
0.417,0.142,0.45,0,0,1,2
0.417,0.145,0.45,0,0,1,2
0.417,0.148,0.45,0,0,1,2
0.417,0.151,0.45,0,0,1,2
0.417,0.154,0.45,0,0,1,2
0.417,0.157,0.45,0,0,1,2
0.417,0.16,0.45,0,0,1,2
0.417,0.163,0.45,0,0,1,2
0.417,0.166,0.45,0,0,1,2
0.417,0.169,0.45,0,0,1,2
0.417,0.172,0.45,0,0,1,2
0.417,0.175,0.45,0,0,1,2
0.417,0.178,0.45,0,0,1,2
0.417,0.181,0.45,0,0,1,2
0.417,0.184,0.45,0,0,1,2
0.417,0.187,0.45,0,0,1,2
0.417,0.19,0.45,0,0,1,2
0.417,0.193,0.45,0,0,1,2
0.417,0.196,0.45,0,0,1,2
0.417,0.199,0.45,0,0,1,2
0.417,0.202,0.45,0,0,1,2
0.417,0.205,0.45,0,0,1,2
0.417,0.208,0.45,0,0,1,2
0.417,0.211,0.45,0,0,1,2
0.417,0.214,0.45,0,0,1,2
0.417,0.217,0.45,0,0,1,2
0.417,0.22,0.45,0,0,1,2
0.417,0.223,0.45,0,0,1,2
0.417,0.226,0.45,0,0,1,2
0.417,0.229,0.45,0,0,1,2
0.417,0.232,0.45,0,0,1,2
0.417,0.235,0.45,0,0,1,2
0.417,0.238,0.45,0,0,1,2
0.417,0.241,0.45,0,0,1,2
0.417,0.244,0.45,0,0,1,2
0.417,0.247,0.45,0,0,1,2
0.417,0.25,0.45,0,0,1,2
0.417,0.253,0.45,0,0,1,2
0.417,0.256,0.45,0,0,1,2
0.417,0.259,0.45,0,0,1,2
0.42,0.1,0.45,0,0,1,2
0.42,0.103,0.45,0,0,1,2
0.42,0.106,0.45,0,0,1,2
0.42,0.109,0.45,0,0,1,2
0.42,0.112,0.45,0,0,1,2
0.42,0.115,0.45,0,0,1,2
0.42,0.118,0.45,0,0,1,2
0.42,0.121,0.45,0,0,1,2
0.42,0.124,0.45,0,0,1,2
0.42,0.127,0.45,0,0,1,2
0.42,0.13,0.45,0,0,1,2
0.42,0.133,0.45,0,0,1,2
0.42,0.136,0.45,0,0,1,2
0.42,0.139,0.45,0,0,1,2
0.42,0.142,0.45,0,0,1,2
0.42,0.145,0.45,0,0,1,2
0.42,0.148,0.45,0,0,1,2
0.42,0.151,0.45,0,0,1,2
0.42,0.154,0.45,0,0,1,2
0.42,0.157,0.45,0,0,1,2
0.42,0.16,0.45,0,0,1,2
0.42,0.163,0.45,0,0,1,2
0.42,0.166,0.45,0,0,1,2
0.42,0.169,0.45,0,0,1,2
0.42,0.172,0.45,0,0,1,2
0.42,0.175,0.45,0,0,1,2
0.42,0.178,0.45,0,0,1,2
0.42,0.181,0.45,0,0,1,2
0.42,0.184,0.45,0,0,1,2
0.42,0.187,0.45,0,0,1,2
0.42,0.19,0.45,0,0,1,2
0.42,0.193,0.45,0,0,1,2
0.42,0.196,0.45,0,0,1,2
0.42,0.199,0.45,0,0,1,2
0.42,0.202,0.45,0,0,1,2
0.42,0.205,0.45,0,0,1,2
0.42,0.208,0.45,0,0,1,2
0.42,0.211,0.45,0,0,1,2
0.42,0.214,0.45,0,0,1,2
0.42,0.217,0.45,0,0,1,2
0.42,0.22,0.45,0,0,1,2
0.42,0.223,0.45,0,0,1,2
0.42,0.226,0.45,0,0,1,2
0.42,0.229,0.45,0,0,1,2
0.42,0.232,0.45,0,0,1,2
0.42,0.235,0.45,0,0,1,2
0.42,0.238,0.45,0,0,1,2
0.42,0.241,0.45,0,0,1,2
0.42,0.244,0.45,0,0,1,2
0.42,0.247,0.45,0,0,1,2
0.42,0.25,0.45,0,0,1,2
0.42,0.253,0.45,0,0,1,2
0.42,0.256,0.45,0,0,1,2
0.42,0.259,0.45,0,0,1,2
0.423,0.1,0.45,0,0,1,2
0.423,0.103,0.45,0,0,1,2
0.423,0.106,0.45,0,0,1,2
0.423,0.109,0.45,0,0,1,2
0.423,0.112,0.45,0,0,1,2
0.423,0.115,0.45,0,0,1,2
0.423,0.118,0.45,0,0,1,2
0.423,0.121,0.45,0,0,1,2
0.423,0.124,0.45,0,0,1,2
0.423,0.127,0.45,0,0,1,2
0.423,0.13,0.45,0,0,1,2
0.423,0.133,0.45,0,0,1,2
0.423,0.136,0.45,0,0,1,2
0.423,0.139,0.45,0,0,1,2
0.423,0.142,0.45,0,0,1,2
0.423,0.145,0.45,0,0,1,2
0.423,0.148,0.45,0,0,1,2
0.423,0.151,0.45,0,0,1,2
0.423,0.154,0.45,0,0,1,2
0.423,0.157,0.45,0,0,1,2
0.423,0.16,0.45,0,0,1,2
0.423,0.163,0.45,0,0,1,2
0.423,0.166,0.45,0,0,1,2
0.423,0.169,0.45,0,0,1,2
0.423,0.172,0.45,0,0,1,2
0.423,0.175,0.45,0,0,1,2
0.423,0.178,0.45,0,0,1,2
0.423,0.181,0.45,0,0,1,2
0.423,0.184,0.45,0,0,1,2
0.423,0.187,0.45,0,0,1,2
0.423,0.19,0.45,0,0,1,2
0.423,0.193,0.45,0,0,1,2
0.423,0.196,0.45,0,0,1,2
0.423,0.199,0.45,0,0,1,2
0.423,0.202,0.45,0,0,1,2
0.423,0.205,0.45,0,0,1,2
0.423,0.208,0.45,0,0,1,2
0.423,0.211,0.45,0,0,1,2
0.423,0.214,0.45,0,0,1,2
0.423,0.217,0.45,0,0,1,2
0.423,0.22,0.45,0,0,1,2
0.423,0.223,0.45,0,0,1,2
0.423,0.226,0.45,0,0,1,2
0.423,0.229,0.45,0,0,1,2
0.423,0.232,0.45,0,0,1,2
0.423,0.235,0.45,0,0,1,2
0.423,0.238,0.45,0,0,1,2
0.423,0.241,0.45,0,0,1,2
0.423,0.244,0.45,0,0,1,2
0.423,0.247,0.45,0,0,1,2
0.423,0.25,0.45,0,0,1,2
0.423,0.253,0.45,0,0,1,2
0.423,0.256,0.45,0,0,1,2
0.423,0.259,0.45,0,0,1,2
0.426,0.1,0.45,0,0,1,2
0.426,0.103,0.45,0,0,1,2
0.426,0.106,0.45,0,0,1,2
0.426,0.109,0.45,0,0,1,2
0.426,0.112,0.45,0,0,1,2
0.426,0.115,0.45,0,0,1,2
0.426,0.118,0.45,0,0,1,2
0.426,0.121,0.45,0,0,1,2
0.426,0.124,0.45,0,0,1,2
0.426,0.127,0.45,0,0,1,2
0.426,0.13,0.45,0,0,1,2
0.426,0.133,0.45,0,0,1,2
0.426,0.136,0.45,0,0,1,2
0.426,0.139,0.45,0,0,1,2
0.426,0.142,0.45,0,0,1,2
0.426,0.145,0.45,0,0,1,2
0.426,0.148,0.45,0,0,1,2
0.426,0.151,0.45,0,0,1,2
0.426,0.154,0.45,0,0,1,2
0.426,0.157,0.45,0,0,1,2
0.426,0.16,0.45,0,0,1,2
0.426,0.163,0.45,0,0,1,2
0.426,0.166,0.45,0,0,1,2
0.426,0.169,0.45,0,0,1,2
0.426,0.172,0.45,0,0,1,2
0.426,0.175,0.45,0,0,1,2
0.426,0.178,0.45,0,0,1,2
0.426,0.181,0.45,0,0,1,2
0.426,0.184,0.45,0,0,1,2
0.426,0.187,0.45,0,0,1,2
0.426,0.19,0.45,0,0,1,2
0.426,0.193,0.45,0,0,1,2
0.426,0.196,0.45,0,0,1,2
0.426,0.199,0.45,0,0,1,2
0.426,0.202,0.45,0,0,1,2
0.426,0.205,0.45,0,0,1,2
0.426,0.208,0.45,0,0,1,2
0.426,0.211,0.45,0,0,1,2
0.426,0.214,0.45,0,0,1,2
0.426,0.217,0.45,0,0,1,2
0.426,0.22,0.45,0,0,1,2
0.426,0.223,0.45,0,0,1,2
0.426,0.226,0.45,0,0,1,2
0.426,0.229,0.45,0,0,1,2
0.426,0.232,0.45,0,0,1,2
0.426,0.235,0.45,0,0,1,2
0.426,0.238,0.45,0,0,1,2
0.426,0.241,0.45,0,0,1,2
0.426,0.244,0.45,0,0,1,2
0.426,0.247,0.45,0,0,1,2
0.426,0.25,0.45,0,0,1,2
0.426,0.253,0.45,0,0,1,2
0.426,0.256,0.45,0,0,1,2
0.426,0.259,0.45,0,0,1,2
0.429,0.1,0.45,0,0,1,2
0.429,0.103,0.45,0,0,1,2
0.429,0.106,0.45,0,0,1,2
0.429,0.109,0.45,0,0,1,2
0.429,0.112,0.45,0,0,1,2
0.429,0.115,0.45,0,0,1,2
0.429,0.118,0.45,0,0,1,2
0.429,0.121,0.45,0,0,1,2
0.429,0.124,0.45,0,0,1,2
0.429,0.127,0.45,0,0,1,2
0.429,0.13,0.45,0,0,1,2
0.429,0.133,0.45,0,0,1,2
0.429,0.136,0.45,0,0,1,2
0.429,0.139,0.45,0,0,1,2
0.429,0.142,0.45,0,0,1,2
0.429,0.145,0.45,0,0,1,2
0.429,0.148,0.45,0,0,1,2
0.429,0.151,0.45,0,0,1,2
0.429,0.154,0.45,0,0,1,2
0.429,0.157,0.45,0,0,1,2
0.429,0.16,0.45,0,0,1,2
0.429,0.163,0.45,0,0,1,2
0.429,0.166,0.45,0,0,1,2
0.429,0.169,0.45,0,0,1,2
0.429,0.172,0.45,0,0,1,2
0.429,0.175,0.45,0,0,1,2
0.429,0.178,0.45,0,0,1,2
0.429,0.181,0.45,0,0,1,2
0.429,0.184,0.45,0,0,1,2
0.429,0.187,0.45,0,0,1,2
0.429,0.19,0.45,0,0,1,2
0.429,0.193,0.45,0,0,1,2
0.429,0.196,0.45,0,0,1,2
0.429,0.199,0.45,0,0,1,2
0.429,0.202,0.45,0,0,1,2
0.429,0.205,0.45,0,0,1,2
0.429,0.208,0.45,0,0,1,2
0.429,0.211,0.45,0,0,1,2
0.429,0.214,0.45,0,0,1,2
0.429,0.217,0.45,0,0,1,2
0.429,0.22,0.45,0,0,1,2
0.429,0.223,0.45,0,0,1,2
0.429,0.226,0.45,0,0,1,2
0.429,0.229,0.45,0,0,1,2
0.429,0.232,0.45,0,0,1,2
0.429,0.235,0.45,0,0,1,2
0.429,0.238,0.45,0,0,1,2
0.429,0.241,0.45,0,0,1,2
0.429,0.244,0.45,0,0,1,2
0.429,0.247,0.45,0,0,1,2
0.429,0.25,0.45,0,0,1,2
0.429,0.253,0.45,0,0,1,2
0.429,0.256,0.45,0,0,1,2
0.429,0.259,0.45,0,0,1,2
0.432,0.1,0.45,0,0,1,2
0.432,0.103,0.45,0,0,1,2
0.432,0.106,0.45,0,0,1,2
0.432,0.109,0.45,0,0,1,2
0.432,0.112,0.45,0,0,1,2
0.432,0.115,0.45,0,0,1,2
0.432,0.118,0.45,0,0,1,2
0.432,0.121,0.45,0,0,1,2
0.432,0.124,0.45,0,0,1,2
0.432,0.127,0.45,0,0,1,2
0.432,0.13,0.45,0,0,1,2
0.432,0.133,0.45,0,0,1,2
0.432,0.136,0.45,0,0,1,2
0.432,0.139,0.45,0,0,1,2
0.432,0.142,0.45,0,0,1,2
0.432,0.145,0.45,0,0,1,2
0.432,0.148,0.45,0,0,1,2
0.432,0.151,0.45,0,0,1,2
0.432,0.154,0.45,0,0,1,2
0.432,0.157,0.45,0,0,1,2
0.432,0.16,0.45,0,0,1,2
0.432,0.163,0.45,0,0,1,2
0.432,0.166,0.45,0,0,1,2
0.432,0.169,0.45,0,0,1,2
0.432,0.172,0.45,0,0,1,2
0.432,0.175,0.45,0,0,1,2
0.432,0.178,0.45,0,0,1,2
0.432,0.181,0.45,0,0,1,2
0.432,0.184,0.45,0,0,1,2
0.432,0.187,0.45,0,0,1,2
0.432,0.19,0.45,0,0,1,2
0.432,0.193,0.45,0,0,1,2
0.432,0.196,0.45,0,0,1,2
0.432,0.199,0.45,0,0,1,2
0.432,0.202,0.45,0,0,1,2
0.432,0.205,0.45,0,0,1,2
0.432,0.208,0.45,0,0,1,2
0.432,0.211,0.45,0,0,1,2
0.432,0.214,0.45,0,0,1,2
0.432,0.217,0.45,0,0,1,2
0.432,0.22,0.45,0,0,1,2
0.432,0.223,0.45,0,0,1,2
0.432,0.226,0.45,0,0,1,2
0.432,0.229,0.45,0,0,1,2
0.432,0.232,0.45,0,0,1,2
0.432,0.235,0.45,0,0,1,2
0.432,0.238,0.45,0,0,1,2
0.432,0.241,0.45,0,0,1,2
0.432,0.244,0.45,0,0,1,2
0.432,0.247,0.45,0,0,1,2
0.432,0.25,0.45,0,0,1,2
0.432,0.253,0.45,0,0,1,2
0.432,0.256,0.45,0,0,1,2
0.432,0.259,0.45,0,0,1,2
0.435,0.1,0.45,0,0,1,2
0.435,0.103,0.45,0,0,1,2
0.435,0.106,0.45,0,0,1,2
0.435,0.109,0.45,0,0,1,2
0.435,0.112,0.45,0,0,1,2
0.435,0.115,0.45,0,0,1,2
0.435,0.118,0.45,0,0,1,2
0.435,0.121,0.45,0,0,1,2
0.435,0.124,0.45,0,0,1,2
0.435,0.127,0.45,0,0,1,2
0.435,0.13,0.45,0,0,1,2
0.435,0.133,0.45,0,0,1,2
0.435,0.136,0.45,0,0,1,2
0.435,0.139,0.45,0,0,1,2
0.435,0.142,0.45,0,0,1,2
0.435,0.145,0.45,0,0,1,2
0.435,0.148,0.45,0,0,1,2
0.435,0.151,0.45,0,0,1,2
0.435,0.154,0.45,0,0,1,2
0.435,0.157,0.45,0,0,1,2
0.435,0.16,0.45,0,0,1,2
0.435,0.163,0.45,0,0,1,2
0.435,0.166,0.45,0,0,1,2
0.435,0.169,0.45,0,0,1,2
0.435,0.172,0.45,0,0,1,2
0.435,0.175,0.45,0,0,1,2
0.435,0.178,0.45,0,0,1,2
0.435,0.181,0.45,0,0,1,2
0.435,0.184,0.45,0,0,1,2
0.435,0.187,0.45,0,0,1,2
0.435,0.19,0.45,0,0,1,2
0.435,0.193,0.45,0,0,1,2
0.435,0.196,0.45,0,0,1,2
0.435,0.199,0.45,0,0,1,2
0.435,0.202,0.45,0,0,1,2
0.435,0.205,0.45,0,0,1,2
0.435,0.208,0.45,0,0,1,2
0.435,0.211,0.45,0,0,1,2
0.435,0.214,0.45,0,0,1,2
0.435,0.217,0.45,0,0,1,2
0.435,0.22,0.45,0,0,1,2
0.435,0.223,0.45,0,0,1,2
0.435,0.226,0.45,0,0,1,2
0.435,0.229,0.45,0,0,1,2
0.435,0.232,0.45,0,0,1,2
0.435,0.235,0.45,0,0,1,2
0.435,0.238,0.45,0,0,1,2
0.435,0.241,0.45,0,0,1,2
0.435,0.244,0.45,0,0,1,2
0.435,0.247,0.45,0,0,1,2
0.435,0.25,0.45,0,0,1,2
0.435,0.253,0.45,0,0,1,2
0.435,0.256,0.45,0,0,1,2
0.435,0.259,0.45,0,0,1,2
0.438,0.1,0.45,0,0,1,2
0.438,0.103,0.45,0,0,1,2
0.438,0.106,0.45,0,0,1,2
0.438,0.109,0.45,0,0,1,2
0.438,0.112,0.45,0,0,1,2
0.438,0.115,0.45,0,0,1,2
0.438,0.118,0.45,0,0,1,2
0.438,0.121,0.45,0,0,1,2
0.438,0.124,0.45,0,0,1,2
0.438,0.127,0.45,0,0,1,2
0.438,0.13,0.45,0,0,1,2
0.438,0.133,0.45,0,0,1,2
0.438,0.136,0.45,0,0,1,2
0.438,0.139,0.45,0,0,1,2
0.438,0.142,0.45,0,0,1,2
0.438,0.145,0.45,0,0,1,2
0.438,0.148,0.45,0,0,1,2
0.438,0.151,0.45,0,0,1,2
0.438,0.154,0.45,0,0,1,2
0.438,0.157,0.45,0,0,1,2
0.438,0.16,0.45,0,0,1,2
0.438,0.163,0.45,0,0,1,2
0.438,0.166,0.45,0,0,1,2
0.438,0.169,0.45,0,0,1,2
0.438,0.172,0.45,0,0,1,2
0.438,0.175,0.45,0,0,1,2
0.438,0.178,0.45,0,0,1,2
0.438,0.181,0.45,0,0,1,2
0.438,0.184,0.45,0,0,1,2
0.438,0.187,0.45,0,0,1,2
0.438,0.19,0.45,0,0,1,2
0.438,0.193,0.45,0,0,1,2
0.438,0.196,0.45,0,0,1,2
0.438,0.199,0.45,0,0,1,2
0.438,0.202,0.45,0,0,1,2
0.438,0.205,0.45,0,0,1,2
0.438,0.208,0.45,0,0,1,2
0.438,0.211,0.45,0,0,1,2
0.438,0.214,0.45,0,0,1,2
0.438,0.217,0.45,0,0,1,2
0.438,0.22,0.45,0,0,1,2
0.438,0.223,0.45,0,0,1,2
0.438,0.226,0.45,0,0,1,2
0.438,0.229,0.45,0,0,1,2
0.438,0.232,0.45,0,0,1,2
0.438,0.235,0.45,0,0,1,2
0.438,0.238,0.45,0,0,1,2
0.438,0.241,0.45,0,0,1,2
0.438,0.244,0.45,0,0,1,2
0.438,0.247,0.45,0,0,1,2
0.438,0.25,0.45,0,0,1,2
0.438,0.253,0.45,0,0,1,2
0.438,0.256,0.45,0,0,1,2
0.438,0.259,0.45,0,0,1,2
0.441,0.1,0.45,0,0,1,2
0.441,0.103,0.45,0,0,1,2
0.441,0.106,0.45,0,0,1,2
0.441,0.109,0.45,0,0,1,2
0.441,0.112,0.45,0,0,1,2
0.441,0.115,0.45,0,0,1,2
0.441,0.118,0.45,0,0,1,2
0.441,0.121,0.45,0,0,1,2
0.441,0.124,0.45,0,0,1,2
0.441,0.127,0.45,0,0,1,2
0.441,0.13,0.45,0,0,1,2
0.441,0.133,0.45,0,0,1,2
0.441,0.136,0.45,0,0,1,2
0.441,0.139,0.45,0,0,1,2
0.441,0.142,0.45,0,0,1,2
0.441,0.145,0.45,0,0,1,2
0.441,0.148,0.45,0,0,1,2
0.441,0.151,0.45,0,0,1,2
0.441,0.154,0.45,0,0,1,2
0.441,0.157,0.45,0,0,1,2
0.441,0.16,0.45,0,0,1,2
0.441,0.163,0.45,0,0,1,2
0.441,0.166,0.45,0,0,1,2
0.441,0.169,0.45,0,0,1,2
0.441,0.172,0.45,0,0,1,2
0.441,0.175,0.45,0,0,1,2
0.441,0.178,0.45,0,0,1,2
0.441,0.181,0.45,0,0,1,2
0.441,0.184,0.45,0,0,1,2
0.441,0.187,0.45,0,0,1,2
0.441,0.19,0.45,0,0,1,2
0.441,0.193,0.45,0,0,1,2
0.441,0.196,0.45,0,0,1,2
0.441,0.199,0.45,0,0,1,2
0.441,0.202,0.45,0,0,1,2
0.441,0.205,0.45,0,0,1,2
0.441,0.208,0.45,0,0,1,2
0.441,0.211,0.45,0,0,1,2
0.441,0.214,0.45,0,0,1,2
0.441,0.217,0.45,0,0,1,2
0.441,0.22,0.45,0,0,1,2
0.441,0.223,0.45,0,0,1,2
0.441,0.226,0.45,0,0,1,2
0.441,0.229,0.45,0,0,1,2
0.441,0.232,0.45,0,0,1,2
0.441,0.235,0.45,0,0,1,2
0.441,0.238,0.45,0,0,1,2
0.441,0.241,0.45,0,0,1,2
0.441,0.244,0.45,0,0,1,2
0.441,0.247,0.45,0,0,1,2
0.441,0.25,0.45,0,0,1,2
0.441,0.253,0.45,0,0,1,2
0.441,0.256,0.45,0,0,1,2
0.441,0.259,0.45,0,0,1,2
0.444,0.1,0.45,0,0,1,2
0.444,0.103,0.45,0,0,1,2
0.444,0.106,0.45,0,0,1,2
0.444,0.109,0.45,0,0,1,2
0.444,0.112,0.45,0,0,1,2
0.444,0.115,0.45,0,0,1,2
0.444,0.118,0.45,0,0,1,2
0.444,0.121,0.45,0,0,1,2
0.444,0.124,0.45,0,0,1,2
0.444,0.127,0.45,0,0,1,2
0.444,0.13,0.45,0,0,1,2
0.444,0.133,0.45,0,0,1,2
0.444,0.136,0.45,0,0,1,2
0.444,0.139,0.45,0,0,1,2
0.444,0.142,0.45,0,0,1,2
0.444,0.145,0.45,0,0,1,2
0.444,0.148,0.45,0,0,1,2
0.444,0.151,0.45,0,0,1,2
0.444,0.154,0.45,0,0,1,2
0.444,0.157,0.45,0,0,1,2
0.444,0.16,0.45,0,0,1,2
0.444,0.163,0.45,0,0,1,2
0.444,0.166,0.45,0,0,1,2
0.444,0.169,0.45,0,0,1,2
0.444,0.172,0.45,0,0,1,2
0.444,0.175,0.45,0,0,1,2
0.444,0.178,0.45,0,0,1,2
0.444,0.181,0.45,0,0,1,2
0.444,0.184,0.45,0,0,1,2
0.444,0.187,0.45,0,0,1,2
0.444,0.19,0.45,0,0,1,2
0.444,0.193,0.45,0,0,1,2
0.444,0.196,0.45,0,0,1,2
0.444,0.199,0.45,0,0,1,2
0.444,0.202,0.45,0,0,1,2
0.444,0.205,0.45,0,0,1,2
0.444,0.208,0.45,0,0,1,2
0.444,0.211,0.45,0,0,1,2
0.444,0.214,0.45,0,0,1,2
0.444,0.217,0.45,0,0,1,2
0.444,0.22,0.45,0,0,1,2
0.444,0.223,0.45,0,0,1,2
0.444,0.226,0.45,0,0,1,2
0.444,0.229,0.45,0,0,1,2
0.444,0.232,0.45,0,0,1,2
0.444,0.235,0.45,0,0,1,2
0.444,0.238,0.45,0,0,1,2
0.444,0.241,0.45,0,0,1,2
0.444,0.244,0.45,0,0,1,2
0.444,0.247,0.45,0,0,1,2
0.444,0.25,0.45,0,0,1,2
0.444,0.253,0.45,0,0,1,2
0.444,0.256,0.45,0,0,1,2
0.444,0.259,0.45,0,0,1,2
0.447,0.1,0.45,0,0,1,2
0.447,0.103,0.45,0,0,1,2
0.447,0.106,0.45,0,0,1,2
0.447,0.109,0.45,0,0,1,2
0.447,0.112,0.45,0,0,1,2
0.447,0.115,0.45,0,0,1,2
0.447,0.118,0.45,0,0,1,2
0.447,0.121,0.45,0,0,1,2
0.447,0.124,0.45,0,0,1,2
0.447,0.127,0.45,0,0,1,2
0.447,0.13,0.45,0,0,1,2
0.447,0.133,0.45,0,0,1,2
0.447,0.136,0.45,0,0,1,2
0.447,0.139,0.45,0,0,1,2
0.447,0.142,0.45,0,0,1,2
0.447,0.145,0.45,0,0,1,2
0.447,0.148,0.45,0,0,1,2
0.447,0.151,0.45,0,0,1,2
0.447,0.154,0.45,0,0,1,2
0.447,0.157,0.45,0,0,1,2
0.447,0.16,0.45,0,0,1,2
0.447,0.163,0.45,0,0,1,2
0.447,0.166,0.45,0,0,1,2
0.447,0.169,0.45,0,0,1,2
0.447,0.172,0.45,0,0,1,2
0.447,0.175,0.45,0,0,1,2
0.447,0.178,0.45,0,0,1,2
0.447,0.181,0.45,0,0,1,2
0.447,0.184,0.45,0,0,1,2
0.447,0.187,0.45,0,0,1,2
0.447,0.19,0.45,0,0,1,2
0.447,0.193,0.45,0,0,1,2
0.447,0.196,0.45,0,0,1,2
0.447,0.199,0.45,0,0,1,2
0.447,0.202,0.45,0,0,1,2
0.447,0.205,0.45,0,0,1,2
0.447,0.208,0.45,0,0,1,2
0.447,0.211,0.45,0,0,1,2
0.447,0.214,0.45,0,0,1,2
0.447,0.217,0.45,0,0,1,2
0.447,0.22,0.45,0,0,1,2
0.447,0.223,0.45,0,0,1,2
0.447,0.226,0.45,0,0,1,2
0.447,0.229,0.45,0,0,1,2
0.447,0.232,0.45,0,0,1,2
0.447,0.235,0.45,0,0,1,2
0.447,0.238,0.45,0,0,1,2
0.447,0.241,0.45,0,0,1,2
0.447,0.244,0.45,0,0,1,2
0.447,0.247,0.45,0,0,1,2
0.447,0.25,0.45,0,0,1,2
0.447,0.253,0.45,0,0,1,2
0.447,0.256,0.45,0,0,1,2
0.447,0.259,0.45,0,0,1,2
0.45,0.1,0.45,0,0,1,2
0.45,0.103,0.45,0,0,1,2
0.45,0.106,0.45,0,0,1,2
0.45,0.109,0.45,0,0,1,2
0.45,0.112,0.45,0,0,1,2
0.45,0.115,0.45,0,0,1,2
0.45,0.118,0.45,0,0,1,2
0.45,0.121,0.45,0,0,1,2
0.45,0.124,0.45,0,0,1,2
0.45,0.127,0.45,0,0,1,2
0.45,0.13,0.45,0,0,1,2
0.45,0.133,0.45,0,0,1,2
0.45,0.136,0.45,0,0,1,2
0.45,0.139,0.45,0,0,1,2
0.45,0.142,0.45,0,0,1,2
0.45,0.145,0.45,0,0,1,2
0.45,0.148,0.45,0,0,1,2
0.45,0.151,0.45,0,0,1,2
0.45,0.154,0.45,0,0,1,2
0.45,0.157,0.45,0,0,1,2
0.45,0.16,0.45,0,0,1,2
0.45,0.163,0.45,0,0,1,2
0.45,0.166,0.45,0,0,1,2
0.45,0.169,0.45,0,0,1,2
0.45,0.172,0.45,0,0,1,2
0.45,0.175,0.45,0,0,1,2
0.45,0.178,0.45,0,0,1,2
0.45,0.181,0.45,0,0,1,2
0.45,0.184,0.45,0,0,1,2
0.45,0.187,0.45,0,0,1,2
0.45,0.19,0.45,0,0,1,2
0.45,0.193,0.45,0,0,1,2
0.45,0.196,0.45,0,0,1,2
0.45,0.199,0.45,0,0,1,2
0.45,0.202,0.45,0,0,1,2
0.45,0.205,0.45,0,0,1,2
0.45,0.208,0.45,0,0,1,2
0.45,0.211,0.45,0,0,1,2
0.45,0.214,0.45,0,0,1,2
0.45,0.217,0.45,0,0,1,2
0.45,0.22,0.45,0,0,1,2
0.45,0.223,0.45,0,0,1,2
0.45,0.226,0.45,0,0,1,2
0.45,0.229,0.45,0,0,1,2
0.45,0.232,0.45,0,0,1,2
0.45,0.235,0.45,0,0,1,2
0.45,0.238,0.45,0,0,1,2
0.45,0.241,0.45,0,0,1,2
0.45,0.244,0.45,0,0,1,2
0.45,0.247,0.45,0,0,1,2
0.45,0.25,0.45,0,0,1,2
0.45,0.253,0.45,0,0,1,2
0.45,0.256,0.45,0,0,1,2
0.45,0.259,0.45,0,0,1,2
0.453,0.1,0.45,0,0,1,2
0.453,0.103,0.45,0,0,1,2
0.453,0.106,0.45,0,0,1,2
0.453,0.109,0.45,0,0,1,2
0.453,0.112,0.45,0,0,1,2
0.453,0.115,0.45,0,0,1,2
0.453,0.118,0.45,0,0,1,2
0.453,0.121,0.45,0,0,1,2
0.453,0.124,0.45,0,0,1,2
0.453,0.127,0.45,0,0,1,2
0.453,0.13,0.45,0,0,1,2
0.453,0.133,0.45,0,0,1,2
0.453,0.136,0.45,0,0,1,2
0.453,0.139,0.45,0,0,1,2
0.453,0.142,0.45,0,0,1,2
0.453,0.145,0.45,0,0,1,2
0.453,0.148,0.45,0,0,1,2
0.453,0.151,0.45,0,0,1,2
0.453,0.154,0.45,0,0,1,2
0.453,0.157,0.45,0,0,1,2
0.453,0.16,0.45,0,0,1,2
0.453,0.163,0.45,0,0,1,2
0.453,0.166,0.45,0,0,1,2
0.453,0.169,0.45,0,0,1,2
0.453,0.172,0.45,0,0,1,2
0.453,0.175,0.45,0,0,1,2
0.453,0.178,0.45,0,0,1,2
0.453,0.181,0.45,0,0,1,2
0.453,0.184,0.45,0,0,1,2
0.453,0.187,0.45,0,0,1,2
0.453,0.19,0.45,0,0,1,2
0.453,0.193,0.45,0,0,1,2
0.453,0.196,0.45,0,0,1,2
0.453,0.199,0.45,0,0,1,2
0.453,0.202,0.45,0,0,1,2
0.453,0.205,0.45,0,0,1,2
0.453,0.208,0.45,0,0,1,2
0.453,0.211,0.45,0,0,1,2
0.453,0.214,0.45,0,0,1,2
0.453,0.217,0.45,0,0,1,2
0.453,0.22,0.45,0,0,1,2
0.453,0.223,0.45,0,0,1,2
0.453,0.226,0.45,0,0,1,2
0.453,0.229,0.45,0,0,1,2
0.453,0.232,0.45,0,0,1,2
0.453,0.235,0.45,0,0,1,2
0.453,0.238,0.45,0,0,1,2
0.453,0.241,0.45,0,0,1,2
0.453,0.244,0.45,0,0,1,2
0.453,0.247,0.45,0,0,1,2
0.453,0.25,0.45,0,0,1,2
0.453,0.253,0.45,0,0,1,2
0.453,0.256,0.45,0,0,1,2
0.453,0.259,0.45,0,0,1,2
0.456,0.1,0.45,0,0,1,2
0.456,0.103,0.45,0,0,1,2
0.456,0.106,0.45,0,0,1,2
0.456,0.109,0.45,0,0,1,2
0.456,0.112,0.45,0,0,1,2
0.456,0.115,0.45,0,0,1,2
0.456,0.118,0.45,0,0,1,2
0.456,0.121,0.45,0,0,1,2
0.456,0.124,0.45,0,0,1,2
0.456,0.127,0.45,0,0,1,2
0.456,0.13,0.45,0,0,1,2
0.456,0.133,0.45,0,0,1,2
0.456,0.136,0.45,0,0,1,2
0.456,0.139,0.45,0,0,1,2
0.456,0.142,0.45,0,0,1,2
0.456,0.145,0.45,0,0,1,2
0.456,0.148,0.45,0,0,1,2
0.456,0.151,0.45,0,0,1,2
0.456,0.154,0.45,0,0,1,2
0.456,0.157,0.45,0,0,1,2
0.456,0.16,0.45,0,0,1,2
0.456,0.163,0.45,0,0,1,2
0.456,0.166,0.45,0,0,1,2
0.456,0.169,0.45,0,0,1,2
0.456,0.172,0.45,0,0,1,2
0.456,0.175,0.45,0,0,1,2
0.456,0.178,0.45,0,0,1,2
0.456,0.181,0.45,0,0,1,2
0.456,0.184,0.45,0,0,1,2
0.456,0.187,0.45,0,0,1,2
0.456,0.19,0.45,0,0,1,2
0.456,0.193,0.45,0,0,1,2
0.456,0.196,0.45,0,0,1,2
0.456,0.199,0.45,0,0,1,2
0.456,0.202,0.45,0,0,1,2
0.456,0.205,0.45,0,0,1,2
0.456,0.208,0.45,0,0,1,2
0.456,0.211,0.45,0,0,1,2
0.456,0.214,0.45,0,0,1,2
0.456,0.217,0.45,0,0,1,2
0.456,0.22,0.45,0,0,1,2
0.456,0.223,0.45,0,0,1,2
0.456,0.226,0.45,0,0,1,2
0.456,0.229,0.45,0,0,1,2
0.456,0.232,0.45,0,0,1,2
0.456,0.235,0.45,0,0,1,2
0.456,0.238,0.45,0,0,1,2
0.456,0.241,0.45,0,0,1,2
0.456,0.244,0.45,0,0,1,2
0.456,0.247,0.45,0,0,1,2
0.456,0.25,0.45,0,0,1,2
0.456,0.253,0.45,0,0,1,2
0.456,0.256,0.45,0,0,1,2
0.456,0.259,0.45,0,0,1,2
0.459,0.1,0.45,0,0,1,2
0.459,0.103,0.45,0,0,1,2
0.459,0.106,0.45,0,0,1,2
0.459,0.109,0.45,0,0,1,2
0.459,0.112,0.45,0,0,1,2
0.459,0.115,0.45,0,0,1,2
0.459,0.118,0.45,0,0,1,2
0.459,0.121,0.45,0,0,1,2
0.459,0.124,0.45,0,0,1,2
0.459,0.127,0.45,0,0,1,2
0.459,0.13,0.45,0,0,1,2
0.459,0.133,0.45,0,0,1,2
0.459,0.136,0.45,0,0,1,2
0.459,0.139,0.45,0,0,1,2
0.459,0.142,0.45,0,0,1,2
0.459,0.145,0.45,0,0,1,2
0.459,0.148,0.45,0,0,1,2
0.459,0.151,0.45,0,0,1,2
0.459,0.154,0.45,0,0,1,2
0.459,0.157,0.45,0,0,1,2
0.459,0.16,0.45,0,0,1,2
0.459,0.163,0.45,0,0,1,2
0.459,0.166,0.45,0,0,1,2
0.459,0.169,0.45,0,0,1,2
0.459,0.172,0.45,0,0,1,2
0.459,0.175,0.45,0,0,1,2
0.459,0.178,0.45,0,0,1,2
0.459,0.181,0.45,0,0,1,2
0.459,0.184,0.45,0,0,1,2
0.459,0.187,0.45,0,0,1,2
0.459,0.19,0.45,0,0,1,2
0.459,0.193,0.45,0,0,1,2
0.459,0.196,0.45,0,0,1,2
0.459,0.199,0.45,0,0,1,2
0.459,0.202,0.45,0,0,1,2
0.459,0.205,0.45,0,0,1,2
0.459,0.208,0.45,0,0,1,2
0.459,0.211,0.45,0,0,1,2
0.459,0.214,0.45,0,0,1,2
0.459,0.217,0.45,0,0,1,2
0.459,0.22,0.45,0,0,1,2
0.459,0.223,0.45,0,0,1,2
0.459,0.226,0.45,0,0,1,2
0.459,0.229,0.45,0,0,1,2
0.459,0.232,0.45,0,0,1,2
0.459,0.235,0.45,0,0,1,2
0.459,0.238,0.45,0,0,1,2
0.459,0.241,0.45,0,0,1,2
0.459,0.244,0.45,0,0,1,2
0.459,0.247,0.45,0,0,1,2
0.459,0.25,0.45,0,0,1,2
0.459,0.253,0.45,0,0,1,2
0.459,0.256,0.45,0,0,1,2
0.459,0.259,0.45,0,0,1,2
0.462,0.1,0.45,0,0,1,2
0.462,0.103,0.45,0,0,1,2
0.462,0.106,0.45,0,0,1,2
0.462,0.109,0.45,0,0,1,2
0.462,0.112,0.45,0,0,1,2
0.462,0.115,0.45,0,0,1,2
0.462,0.118,0.45,0,0,1,2
0.462,0.121,0.45,0,0,1,2
0.462,0.124,0.45,0,0,1,2
0.462,0.127,0.45,0,0,1,2
0.462,0.13,0.45,0,0,1,2
0.462,0.133,0.45,0,0,1,2
0.462,0.136,0.45,0,0,1,2
0.462,0.139,0.45,0,0,1,2
0.462,0.142,0.45,0,0,1,2
0.462,0.145,0.45,0,0,1,2
0.462,0.148,0.45,0,0,1,2
0.462,0.151,0.45,0,0,1,2
0.462,0.154,0.45,0,0,1,2
0.462,0.157,0.45,0,0,1,2
0.462,0.16,0.45,0,0,1,2
0.462,0.163,0.45,0,0,1,2
0.462,0.166,0.45,0,0,1,2
0.462,0.169,0.45,0,0,1,2
0.462,0.172,0.45,0,0,1,2
0.462,0.175,0.45,0,0,1,2
0.462,0.178,0.45,0,0,1,2
0.462,0.181,0.45,0,0,1,2
0.462,0.184,0.45,0,0,1,2
0.462,0.187,0.45,0,0,1,2
0.462,0.19,0.45,0,0,1,2
0.462,0.193,0.45,0,0,1,2
0.462,0.196,0.45,0,0,1,2
0.462,0.199,0.45,0,0,1,2
0.462,0.202,0.45,0,0,1,2
0.462,0.205,0.45,0,0,1,2
0.462,0.208,0.45,0,0,1,2
0.462,0.211,0.45,0,0,1,2
0.462,0.214,0.45,0,0,1,2
0.462,0.217,0.45,0,0,1,2
0.462,0.22,0.45,0,0,1,2
0.462,0.223,0.45,0,0,1,2
0.462,0.226,0.45,0,0,1,2
0.462,0.229,0.45,0,0,1,2
0.462,0.232,0.45,0,0,1,2
0.462,0.235,0.45,0,0,1,2
0.462,0.238,0.45,0,0,1,2
0.462,0.241,0.45,0,0,1,2
0.462,0.244,0.45,0,0,1,2
0.462,0.247,0.45,0,0,1,2
0.462,0.25,0.45,0,0,1,2
0.462,0.253,0.45,0,0,1,2
0.462,0.256,0.45,0,0,1,2
0.462,0.259,0.45,0,0,1,2
0.465,0.1,0.45,0,0,1,2
0.465,0.103,0.45,0,0,1,2
0.465,0.106,0.45,0,0,1,2
0.465,0.109,0.45,0,0,1,2
0.465,0.112,0.45,0,0,1,2
0.465,0.115,0.45,0,0,1,2
0.465,0.118,0.45,0,0,1,2
0.465,0.121,0.45,0,0,1,2
0.465,0.124,0.45,0,0,1,2
0.465,0.127,0.45,0,0,1,2
0.465,0.13,0.45,0,0,1,2
0.465,0.133,0.45,0,0,1,2
0.465,0.136,0.45,0,0,1,2
0.465,0.139,0.45,0,0,1,2
0.465,0.142,0.45,0,0,1,2
0.465,0.145,0.45,0,0,1,2
0.465,0.148,0.45,0,0,1,2
0.465,0.151,0.45,0,0,1,2
0.465,0.154,0.45,0,0,1,2
0.465,0.157,0.45,0,0,1,2
0.465,0.16,0.45,0,0,1,2
0.465,0.163,0.45,0,0,1,2
0.465,0.166,0.45,0,0,1,2
0.465,0.169,0.45,0,0,1,2
0.465,0.172,0.45,0,0,1,2
0.465,0.175,0.45,0,0,1,2
0.465,0.178,0.45,0,0,1,2
0.465,0.181,0.45,0,0,1,2
0.465,0.184,0.45,0,0,1,2
0.465,0.187,0.45,0,0,1,2
0.465,0.19,0.45,0,0,1,2
0.465,0.193,0.45,0,0,1,2
0.465,0.196,0.45,0,0,1,2
0.465,0.199,0.45,0,0,1,2
0.465,0.202,0.45,0,0,1,2
0.465,0.205,0.45,0,0,1,2
0.465,0.208,0.45,0,0,1,2
0.465,0.211,0.45,0,0,1,2
0.465,0.214,0.45,0,0,1,2
0.465,0.217,0.45,0,0,1,2
0.465,0.22,0.45,0,0,1,2
0.465,0.223,0.45,0,0,1,2
0.465,0.226,0.45,0,0,1,2
0.465,0.229,0.45,0,0,1,2
0.465,0.232,0.45,0,0,1,2
0.465,0.235,0.45,0,0,1,2
0.465,0.238,0.45,0,0,1,2
0.465,0.241,0.45,0,0,1,2
0.465,0.244,0.45,0,0,1,2
0.465,0.247,0.45,0,0,1,2
0.465,0.25,0.45,0,0,1,2
0.465,0.253,0.45,0,0,1,2
0.465,0.256,0.45,0,0,1,2
0.465,0.259,0.45,0,0,1,2
0.468,0.1,0.45,0,0,1,2
0.468,0.103,0.45,0,0,1,2
0.468,0.106,0.45,0,0,1,2
0.468,0.109,0.45,0,0,1,2
0.468,0.112,0.45,0,0,1,2
0.468,0.115,0.45,0,0,1,2
0.468,0.118,0.45,0,0,1,2
0.468,0.121,0.45,0,0,1,2
0.468,0.124,0.45,0,0,1,2
0.468,0.127,0.45,0,0,1,2
0.468,0.13,0.45,0,0,1,2
0.468,0.133,0.45,0,0,1,2
0.468,0.136,0.45,0,0,1,2
0.468,0.139,0.45,0,0,1,2
0.468,0.142,0.45,0,0,1,2
0.468,0.145,0.45,0,0,1,2
0.468,0.148,0.45,0,0,1,2
0.468,0.151,0.45,0,0,1,2
0.468,0.154,0.45,0,0,1,2
0.468,0.157,0.45,0,0,1,2
0.468,0.16,0.45,0,0,1,2
0.468,0.163,0.45,0,0,1,2
0.468,0.166,0.45,0,0,1,2
0.468,0.169,0.45,0,0,1,2
0.468,0.172,0.45,0,0,1,2
0.468,0.175,0.45,0,0,1,2
0.468,0.178,0.45,0,0,1,2
0.468,0.181,0.45,0,0,1,2
0.468,0.184,0.45,0,0,1,2
0.468,0.187,0.45,0,0,1,2
0.468,0.19,0.45,0,0,1,2
0.468,0.193,0.45,0,0,1,2
0.468,0.196,0.45,0,0,1,2
0.468,0.199,0.45,0,0,1,2
0.468,0.202,0.45,0,0,1,2
0.468,0.205,0.45,0,0,1,2
0.468,0.208,0.45,0,0,1,2
0.468,0.211,0.45,0,0,1,2
0.468,0.214,0.45,0,0,1,2
0.468,0.217,0.45,0,0,1,2
0.468,0.22,0.45,0,0,1,2
0.468,0.223,0.45,0,0,1,2
0.468,0.226,0.45,0,0,1,2
0.468,0.229,0.45,0,0,1,2
0.468,0.232,0.45,0,0,1,2
0.468,0.235,0.45,0,0,1,2
0.468,0.238,0.45,0,0,1,2
0.468,0.241,0.45,0,0,1,2
0.468,0.244,0.45,0,0,1,2
0.468,0.247,0.45,0,0,1,2
0.468,0.25,0.45,0,0,1,2
0.468,0.253,0.45,0,0,1,2
0.468,0.256,0.45,0,0,1,2
0.468,0.259,0.45,0,0,1,2
0.471,0.1,0.45,0,0,1,2
0.471,0.103,0.45,0,0,1,2
0.471,0.106,0.45,0,0,1,2
0.471,0.109,0.45,0,0,1,2
0.471,0.112,0.45,0,0,1,2
0.471,0.115,0.45,0,0,1,2
0.471,0.118,0.45,0,0,1,2
0.471,0.121,0.45,0,0,1,2
0.471,0.124,0.45,0,0,1,2
0.471,0.127,0.45,0,0,1,2
0.471,0.13,0.45,0,0,1,2
0.471,0.133,0.45,0,0,1,2
0.471,0.136,0.45,0,0,1,2
0.471,0.139,0.45,0,0,1,2
0.471,0.142,0.45,0,0,1,2
0.471,0.145,0.45,0,0,1,2
0.471,0.148,0.45,0,0,1,2
0.471,0.151,0.45,0,0,1,2
0.471,0.154,0.45,0,0,1,2
0.471,0.157,0.45,0,0,1,2
0.471,0.16,0.45,0,0,1,2
0.471,0.163,0.45,0,0,1,2
0.471,0.166,0.45,0,0,1,2
0.471,0.169,0.45,0,0,1,2
0.471,0.172,0.45,0,0,1,2
0.471,0.175,0.45,0,0,1,2
0.471,0.178,0.45,0,0,1,2
0.471,0.181,0.45,0,0,1,2
0.471,0.184,0.45,0,0,1,2
0.471,0.187,0.45,0,0,1,2
0.471,0.19,0.45,0,0,1,2
0.471,0.193,0.45,0,0,1,2
0.471,0.196,0.45,0,0,1,2
0.471,0.199,0.45,0,0,1,2
0.471,0.202,0.45,0,0,1,2
0.471,0.205,0.45,0,0,1,2
0.471,0.208,0.45,0,0,1,2
0.471,0.211,0.45,0,0,1,2
0.471,0.214,0.45,0,0,1,2
0.471,0.217,0.45,0,0,1,2
0.471,0.22,0.45,0,0,1,2
0.471,0.223,0.45,0,0,1,2
0.471,0.226,0.45,0,0,1,2
0.471,0.229,0.45,0,0,1,2
0.471,0.232,0.45,0,0,1,2
0.471,0.235,0.45,0,0,1,2
0.471,0.238,0.45,0,0,1,2
0.471,0.241,0.45,0,0,1,2
0.471,0.244,0.45,0,0,1,2
0.471,0.247,0.45,0,0,1,2
0.471,0.25,0.45,0,0,1,2
0.471,0.253,0.45,0,0,1,2
0.471,0.256,0.45,0,0,1,2
0.471,0.259,0.45,0,0,1,2
0.474,0.1,0.45,0,0,1,2
0.474,0.103,0.45,0,0,1,2
0.474,0.106,0.45,0,0,1,2
0.474,0.109,0.45,0,0,1,2
0.474,0.112,0.45,0,0,1,2
0.474,0.115,0.45,0,0,1,2
0.474,0.118,0.45,0,0,1,2
0.474,0.121,0.45,0,0,1,2
0.474,0.124,0.45,0,0,1,2
0.474,0.127,0.45,0,0,1,2
0.474,0.13,0.45,0,0,1,2
0.474,0.133,0.45,0,0,1,2
0.474,0.136,0.45,0,0,1,2
0.474,0.139,0.45,0,0,1,2
0.474,0.142,0.45,0,0,1,2
0.474,0.145,0.45,0,0,1,2
0.474,0.148,0.45,0,0,1,2
0.474,0.151,0.45,0,0,1,2
0.474,0.154,0.45,0,0,1,2
0.474,0.157,0.45,0,0,1,2
0.474,0.16,0.45,0,0,1,2
0.474,0.163,0.45,0,0,1,2
0.474,0.166,0.45,0,0,1,2
0.474,0.169,0.45,0,0,1,2
0.474,0.172,0.45,0,0,1,2
0.474,0.175,0.45,0,0,1,2
0.474,0.178,0.45,0,0,1,2
0.474,0.181,0.45,0,0,1,2
0.474,0.184,0.45,0,0,1,2
0.474,0.187,0.45,0,0,1,2
0.474,0.19,0.45,0,0,1,2
0.474,0.193,0.45,0,0,1,2
0.474,0.196,0.45,0,0,1,2
0.474,0.199,0.45,0,0,1,2
0.474,0.202,0.45,0,0,1,2
0.474,0.205,0.45,0,0,1,2
0.474,0.208,0.45,0,0,1,2
0.474,0.211,0.45,0,0,1,2
0.474,0.214,0.45,0,0,1,2
0.474,0.217,0.45,0,0,1,2
0.474,0.22,0.45,0,0,1,2
0.474,0.223,0.45,0,0,1,2
0.474,0.226,0.45,0,0,1,2
0.474,0.229,0.45,0,0,1,2
0.474,0.232,0.45,0,0,1,2
0.474,0.235,0.45,0,0,1,2
0.474,0.238,0.45,0,0,1,2
0.474,0.241,0.45,0,0,1,2
0.474,0.244,0.45,0,0,1,2
0.474,0.247,0.45,0,0,1,2
0.474,0.25,0.45,0,0,1,2
0.474,0.253,0.45,0,0,1,2
0.474,0.256,0.45,0,0,1,2
0.474,0.259,0.45,0,0,1,2
0.477,0.1,0.45,0,0,1,2
0.477,0.103,0.45,0,0,1,2
0.477,0.106,0.45,0,0,1,2
0.477,0.109,0.45,0,0,1,2
0.477,0.112,0.45,0,0,1,2
0.477,0.115,0.45,0,0,1,2
0.477,0.118,0.45,0,0,1,2
0.477,0.121,0.45,0,0,1,2
0.477,0.124,0.45,0,0,1,2
0.477,0.127,0.45,0,0,1,2
0.477,0.13,0.45,0,0,1,2
0.477,0.133,0.45,0,0,1,2
0.477,0.136,0.45,0,0,1,2
0.477,0.139,0.45,0,0,1,2
0.477,0.142,0.45,0,0,1,2
0.477,0.145,0.45,0,0,1,2
0.477,0.148,0.45,0,0,1,2
0.477,0.151,0.45,0,0,1,2
0.477,0.154,0.45,0,0,1,2
0.477,0.157,0.45,0,0,1,2
0.477,0.16,0.45,0,0,1,2
0.477,0.163,0.45,0,0,1,2
0.477,0.166,0.45,0,0,1,2
0.477,0.169,0.45,0,0,1,2
0.477,0.172,0.45,0,0,1,2
0.477,0.175,0.45,0,0,1,2
0.477,0.178,0.45,0,0,1,2
0.477,0.181,0.45,0,0,1,2
0.477,0.184,0.45,0,0,1,2
0.477,0.187,0.45,0,0,1,2
0.477,0.19,0.45,0,0,1,2
0.477,0.193,0.45,0,0,1,2
0.477,0.196,0.45,0,0,1,2
0.477,0.199,0.45,0,0,1,2
0.477,0.202,0.45,0,0,1,2
0.477,0.205,0.45,0,0,1,2
0.477,0.208,0.45,0,0,1,2
0.477,0.211,0.45,0,0,1,2
0.477,0.214,0.45,0,0,1,2
0.477,0.217,0.45,0,0,1,2
0.477,0.22,0.45,0,0,1,2
0.477,0.223,0.45,0,0,1,2
0.477,0.226,0.45,0,0,1,2
0.477,0.229,0.45,0,0,1,2
0.477,0.232,0.45,0,0,1,2
0.477,0.235,0.45,0,0,1,2
0.477,0.238,0.45,0,0,1,2
0.477,0.241,0.45,0,0,1,2
0.477,0.244,0.45,0,0,1,2
0.477,0.247,0.45,0,0,1,2
0.477,0.25,0.45,0,0,1,2
0.477,0.253,0.45,0,0,1,2
0.477,0.256,0.45,0,0,1,2
0.477,0.259,0.45,0,0,1,2
0.48,0.1,0.45,0,0,1,2
0.48,0.103,0.45,0,0,1,2
0.48,0.106,0.45,0,0,1,2
0.48,0.109,0.45,0,0,1,2
0.48,0.112,0.45,0,0,1,2
0.48,0.115,0.45,0,0,1,2
0.48,0.118,0.45,0,0,1,2
0.48,0.121,0.45,0,0,1,2
0.48,0.124,0.45,0,0,1,2
0.48,0.127,0.45,0,0,1,2
0.48,0.13,0.45,0,0,1,2
0.48,0.133,0.45,0,0,1,2
0.48,0.136,0.45,0,0,1,2
0.48,0.139,0.45,0,0,1,2
0.48,0.142,0.45,0,0,1,2
0.48,0.145,0.45,0,0,1,2
0.48,0.148,0.45,0,0,1,2
0.48,0.151,0.45,0,0,1,2
0.48,0.154,0.45,0,0,1,2
0.48,0.157,0.45,0,0,1,2
0.48,0.16,0.45,0,0,1,2
0.48,0.163,0.45,0,0,1,2
0.48,0.166,0.45,0,0,1,2
0.48,0.169,0.45,0,0,1,2
0.48,0.172,0.45,0,0,1,2
0.48,0.175,0.45,0,0,1,2
0.48,0.178,0.45,0,0,1,2
0.48,0.181,0.45,0,0,1,2
0.48,0.184,0.45,0,0,1,2
0.48,0.187,0.45,0,0,1,2
0.48,0.19,0.45,0,0,1,2
0.48,0.193,0.45,0,0,1,2
0.48,0.196,0.45,0,0,1,2
0.48,0.199,0.45,0,0,1,2
0.48,0.202,0.45,0,0,1,2
0.48,0.205,0.45,0,0,1,2
0.48,0.208,0.45,0,0,1,2
0.48,0.211,0.45,0,0,1,2
0.48,0.214,0.45,0,0,1,2
0.48,0.217,0.45,0,0,1,2
0.48,0.22,0.45,0,0,1,2
0.48,0.223,0.45,0,0,1,2
0.48,0.226,0.45,0,0,1,2
0.48,0.229,0.45,0,0,1,2
0.48,0.232,0.45,0,0,1,2
0.48,0.235,0.45,0,0,1,2
0.48,0.238,0.45,0,0,1,2
0.48,0.241,0.45,0,0,1,2
0.48,0.244,0.45,0,0,1,2
0.48,0.247,0.45,0,0,1,2
0.48,0.25,0.45,0,0,1,2
0.48,0.253,0.45,0,0,1,2
0.48,0.256,0.45,0,0,1,2
0.48,0.259,0.45,0,0,1,2
0.483,0.1,0.45,0,0,1,2
0.483,0.103,0.45,0,0,1,2
0.483,0.106,0.45,0,0,1,2
0.483,0.109,0.45,0,0,1,2
0.483,0.112,0.45,0,0,1,2
0.483,0.115,0.45,0,0,1,2
0.483,0.118,0.45,0,0,1,2
0.483,0.121,0.45,0,0,1,2
0.483,0.124,0.45,0,0,1,2
0.483,0.127,0.45,0,0,1,2
0.483,0.13,0.45,0,0,1,2
0.483,0.133,0.45,0,0,1,2
0.483,0.136,0.45,0,0,1,2
0.483,0.139,0.45,0,0,1,2
0.483,0.142,0.45,0,0,1,2
0.483,0.145,0.45,0,0,1,2
0.483,0.148,0.45,0,0,1,2
0.483,0.151,0.45,0,0,1,2
0.483,0.154,0.45,0,0,1,2
0.483,0.157,0.45,0,0,1,2
0.483,0.16,0.45,0,0,1,2
0.483,0.163,0.45,0,0,1,2
0.483,0.166,0.45,0,0,1,2
0.483,0.169,0.45,0,0,1,2
0.483,0.172,0.45,0,0,1,2
0.483,0.175,0.45,0,0,1,2
0.483,0.178,0.45,0,0,1,2
0.483,0.181,0.45,0,0,1,2
0.483,0.184,0.45,0,0,1,2
0.483,0.187,0.45,0,0,1,2
0.483,0.19,0.45,0,0,1,2
0.483,0.193,0.45,0,0,1,2
0.483,0.196,0.45,0,0,1,2
0.483,0.199,0.45,0,0,1,2
0.483,0.202,0.45,0,0,1,2
0.483,0.205,0.45,0,0,1,2
0.483,0.208,0.45,0,0,1,2
0.483,0.211,0.45,0,0,1,2
0.483,0.214,0.45,0,0,1,2
0.483,0.217,0.45,0,0,1,2
0.483,0.22,0.45,0,0,1,2
0.483,0.223,0.45,0,0,1,2
0.483,0.226,0.45,0,0,1,2
0.483,0.229,0.45,0,0,1,2
0.483,0.232,0.45,0,0,1,2
0.483,0.235,0.45,0,0,1,2
0.483,0.238,0.45,0,0,1,2
0.483,0.241,0.45,0,0,1,2
0.483,0.244,0.45,0,0,1,2
0.483,0.247,0.45,0,0,1,2
0.483,0.25,0.45,0,0,1,2
0.483,0.253,0.45,0,0,1,2
0.483,0.256,0.45,0,0,1,2
0.483,0.259,0.45,0,0,1,2
0.486,0.1,0.45,0,0,1,2
0.486,0.103,0.45,0,0,1,2
0.486,0.106,0.45,0,0,1,2
0.486,0.109,0.45,0,0,1,2
0.486,0.112,0.45,0,0,1,2
0.486,0.115,0.45,0,0,1,2
0.486,0.118,0.45,0,0,1,2
0.486,0.121,0.45,0,0,1,2
0.486,0.124,0.45,0,0,1,2
0.486,0.127,0.45,0,0,1,2
0.486,0.13,0.45,0,0,1,2
0.486,0.133,0.45,0,0,1,2
0.486,0.136,0.45,0,0,1,2
0.486,0.139,0.45,0,0,1,2
0.486,0.142,0.45,0,0,1,2
0.486,0.145,0.45,0,0,1,2
0.486,0.148,0.45,0,0,1,2
0.486,0.151,0.45,0,0,1,2
0.486,0.154,0.45,0,0,1,2
0.486,0.157,0.45,0,0,1,2
0.486,0.16,0.45,0,0,1,2
0.486,0.163,0.45,0,0,1,2
0.486,0.166,0.45,0,0,1,2
0.486,0.169,0.45,0,0,1,2
0.486,0.172,0.45,0,0,1,2
0.486,0.175,0.45,0,0,1,2
0.486,0.178,0.45,0,0,1,2
0.486,0.181,0.45,0,0,1,2
0.486,0.184,0.45,0,0,1,2
0.486,0.187,0.45,0,0,1,2
0.486,0.19,0.45,0,0,1,2
0.486,0.193,0.45,0,0,1,2
0.486,0.196,0.45,0,0,1,2
0.486,0.199,0.45,0,0,1,2
0.486,0.202,0.45,0,0,1,2
0.486,0.205,0.45,0,0,1,2
0.486,0.208,0.45,0,0,1,2
0.486,0.211,0.45,0,0,1,2
0.486,0.214,0.45,0,0,1,2
0.486,0.217,0.45,0,0,1,2
0.486,0.22,0.45,0,0,1,2
0.486,0.223,0.45,0,0,1,2
0.486,0.226,0.45,0,0,1,2
0.486,0.229,0.45,0,0,1,2
0.486,0.232,0.45,0,0,1,2
0.486,0.235,0.45,0,0,1,2
0.486,0.238,0.45,0,0,1,2
0.486,0.241,0.45,0,0,1,2
0.486,0.244,0.45,0,0,1,2
0.486,0.247,0.45,0,0,1,2
0.486,0.25,0.45,0,0,1,2
0.486,0.253,0.45,0,0,1,2
0.486,0.256,0.45,0,0,1,2
0.486,0.259,0.45,0,0,1,2
0.489,0.1,0.45,0,0,1,2
0.489,0.103,0.45,0,0,1,2
0.489,0.106,0.45,0,0,1,2
0.489,0.109,0.45,0,0,1,2
0.489,0.112,0.45,0,0,1,2
0.489,0.115,0.45,0,0,1,2
0.489,0.118,0.45,0,0,1,2
0.489,0.121,0.45,0,0,1,2
0.489,0.124,0.45,0,0,1,2
0.489,0.127,0.45,0,0,1,2
0.489,0.13,0.45,0,0,1,2
0.489,0.133,0.45,0,0,1,2
0.489,0.136,0.45,0,0,1,2
0.489,0.139,0.45,0,0,1,2
0.489,0.142,0.45,0,0,1,2
0.489,0.145,0.45,0,0,1,2
0.489,0.148,0.45,0,0,1,2
0.489,0.151,0.45,0,0,1,2
0.489,0.154,0.45,0,0,1,2
0.489,0.157,0.45,0,0,1,2
0.489,0.16,0.45,0,0,1,2
0.489,0.163,0.45,0,0,1,2
0.489,0.166,0.45,0,0,1,2
0.489,0.169,0.45,0,0,1,2
0.489,0.172,0.45,0,0,1,2
0.489,0.175,0.45,0,0,1,2
0.489,0.178,0.45,0,0,1,2
0.489,0.181,0.45,0,0,1,2
0.489,0.184,0.45,0,0,1,2
0.489,0.187,0.45,0,0,1,2
0.489,0.19,0.45,0,0,1,2
0.489,0.193,0.45,0,0,1,2
0.489,0.196,0.45,0,0,1,2
0.489,0.199,0.45,0,0,1,2
0.489,0.202,0.45,0,0,1,2
0.489,0.205,0.45,0,0,1,2
0.489,0.208,0.45,0,0,1,2
0.489,0.211,0.45,0,0,1,2
0.489,0.214,0.45,0,0,1,2
0.489,0.217,0.45,0,0,1,2
0.489,0.22,0.45,0,0,1,2
0.489,0.223,0.45,0,0,1,2
0.489,0.226,0.45,0,0,1,2
0.489,0.229,0.45,0,0,1,2
0.489,0.232,0.45,0,0,1,2
0.489,0.235,0.45,0,0,1,2
0.489,0.238,0.45,0,0,1,2
0.489,0.241,0.45,0,0,1,2
0.489,0.244,0.45,0,0,1,2
0.489,0.247,0.45,0,0,1,2
0.489,0.25,0.45,0,0,1,2
0.489,0.253,0.45,0,0,1,2
0.489,0.256,0.45,0,0,1,2
0.489,0.259,0.45,0,0,1,2
0.492,0.1,0.45,0,0,1,2
0.492,0.103,0.45,0,0,1,2
0.492,0.106,0.45,0,0,1,2
0.492,0.109,0.45,0,0,1,2
0.492,0.112,0.45,0,0,1,2
0.492,0.115,0.45,0,0,1,2
0.492,0.118,0.45,0,0,1,2
0.492,0.121,0.45,0,0,1,2
0.492,0.124,0.45,0,0,1,2
0.492,0.127,0.45,0,0,1,2
0.492,0.13,0.45,0,0,1,2
0.492,0.133,0.45,0,0,1,2
0.492,0.136,0.45,0,0,1,2
0.492,0.139,0.45,0,0,1,2
0.492,0.142,0.45,0,0,1,2
0.492,0.145,0.45,0,0,1,2
0.492,0.148,0.45,0,0,1,2
0.492,0.151,0.45,0,0,1,2
0.492,0.154,0.45,0,0,1,2
0.492,0.157,0.45,0,0,1,2
0.492,0.16,0.45,0,0,1,2
0.492,0.163,0.45,0,0,1,2
0.492,0.166,0.45,0,0,1,2
0.492,0.169,0.45,0,0,1,2
0.492,0.172,0.45,0,0,1,2
0.492,0.175,0.45,0,0,1,2
0.492,0.178,0.45,0,0,1,2
0.492,0.181,0.45,0,0,1,2
0.492,0.184,0.45,0,0,1,2
0.492,0.187,0.45,0,0,1,2
0.492,0.19,0.45,0,0,1,2
0.492,0.193,0.45,0,0,1,2
0.492,0.196,0.45,0,0,1,2
0.492,0.199,0.45,0,0,1,2
0.492,0.202,0.45,0,0,1,2
0.492,0.205,0.45,0,0,1,2
0.492,0.208,0.45,0,0,1,2
0.492,0.211,0.45,0,0,1,2
0.492,0.214,0.45,0,0,1,2
0.492,0.217,0.45,0,0,1,2
0.492,0.22,0.45,0,0,1,2
0.492,0.223,0.45,0,0,1,2
0.492,0.226,0.45,0,0,1,2
0.492,0.229,0.45,0,0,1,2
0.492,0.232,0.45,0,0,1,2
0.492,0.235,0.45,0,0,1,2
0.492,0.238,0.45,0,0,1,2
0.492,0.241,0.45,0,0,1,2
0.492,0.244,0.45,0,0,1,2
0.492,0.247,0.45,0,0,1,2
0.492,0.25,0.45,0,0,1,2
0.492,0.253,0.45,0,0,1,2
0.492,0.256,0.45,0,0,1,2
0.492,0.259,0.45,0,0,1,2
0.495,0.1,0.45,0,0,1,2
0.495,0.103,0.45,0,0,1,2
0.495,0.106,0.45,0,0,1,2
0.495,0.109,0.45,0,0,1,2
0.495,0.112,0.45,0,0,1,2
0.495,0.115,0.45,0,0,1,2
0.495,0.118,0.45,0,0,1,2
0.495,0.121,0.45,0,0,1,2
0.495,0.124,0.45,0,0,1,2
0.495,0.127,0.45,0,0,1,2
0.495,0.13,0.45,0,0,1,2
0.495,0.133,0.45,0,0,1,2
0.495,0.136,0.45,0,0,1,2
0.495,0.139,0.45,0,0,1,2
0.495,0.142,0.45,0,0,1,2
0.495,0.145,0.45,0,0,1,2
0.495,0.148,0.45,0,0,1,2
0.495,0.151,0.45,0,0,1,2
0.495,0.154,0.45,0,0,1,2
0.495,0.157,0.45,0,0,1,2
0.495,0.16,0.45,0,0,1,2
0.495,0.163,0.45,0,0,1,2
0.495,0.166,0.45,0,0,1,2
0.495,0.169,0.45,0,0,1,2
0.495,0.172,0.45,0,0,1,2
0.495,0.175,0.45,0,0,1,2
0.495,0.178,0.45,0,0,1,2
0.495,0.181,0.45,0,0,1,2
0.495,0.184,0.45,0,0,1,2
0.495,0.187,0.45,0,0,1,2
0.495,0.19,0.45,0,0,1,2
0.495,0.193,0.45,0,0,1,2
0.495,0.196,0.45,0,0,1,2
0.495,0.199,0.45,0,0,1,2
0.495,0.202,0.45,0,0,1,2
0.495,0.205,0.45,0,0,1,2
0.495,0.208,0.45,0,0,1,2
0.495,0.211,0.45,0,0,1,2
0.495,0.214,0.45,0,0,1,2
0.495,0.217,0.45,0,0,1,2
0.495,0.22,0.45,0,0,1,2
0.495,0.223,0.45,0,0,1,2
0.495,0.226,0.45,0,0,1,2
0.495,0.229,0.45,0,0,1,2
0.495,0.232,0.45,0,0,1,2
0.495,0.235,0.45,0,0,1,2
0.495,0.238,0.45,0,0,1,2
0.495,0.241,0.45,0,0,1,2
0.495,0.244,0.45,0,0,1,2
0.495,0.247,0.45,0,0,1,2
0.495,0.25,0.45,0,0,1,2
0.495,0.253,0.45,0,0,1,2
0.495,0.256,0.45,0,0,1,2
0.495,0.259,0.45,0,0,1,2
0.498,0.1,0.45,0,0,1,2
0.498,0.103,0.45,0,0,1,2
0.498,0.106,0.45,0,0,1,2
0.498,0.109,0.45,0,0,1,2
0.498,0.112,0.45,0,0,1,2
0.498,0.115,0.45,0,0,1,2
0.498,0.118,0.45,0,0,1,2
0.498,0.121,0.45,0,0,1,2
0.498,0.124,0.45,0,0,1,2
0.498,0.127,0.45,0,0,1,2
0.498,0.13,0.45,0,0,1,2
0.498,0.133,0.45,0,0,1,2
0.498,0.136,0.45,0,0,1,2
0.498,0.139,0.45,0,0,1,2
0.498,0.142,0.45,0,0,1,2
0.498,0.145,0.45,0,0,1,2
0.498,0.148,0.45,0,0,1,2
0.498,0.151,0.45,0,0,1,2
0.498,0.154,0.45,0,0,1,2
0.498,0.157,0.45,0,0,1,2
0.498,0.16,0.45,0,0,1,2
0.498,0.163,0.45,0,0,1,2
0.498,0.166,0.45,0,0,1,2
0.498,0.169,0.45,0,0,1,2
0.498,0.172,0.45,0,0,1,2
0.498,0.175,0.45,0,0,1,2
0.498,0.178,0.45,0,0,1,2
0.498,0.181,0.45,0,0,1,2
0.498,0.184,0.45,0,0,1,2
0.498,0.187,0.45,0,0,1,2
0.498,0.19,0.45,0,0,1,2
0.498,0.193,0.45,0,0,1,2
0.498,0.196,0.45,0,0,1,2
0.498,0.199,0.45,0,0,1,2
0.498,0.202,0.45,0,0,1,2
0.498,0.205,0.45,0,0,1,2
0.498,0.208,0.45,0,0,1,2
0.498,0.211,0.45,0,0,1,2
0.498,0.214,0.45,0,0,1,2
0.498,0.217,0.45,0,0,1,2
0.498,0.22,0.45,0,0,1,2
0.498,0.223,0.45,0,0,1,2
0.498,0.226,0.45,0,0,1,2
0.498,0.229,0.45,0,0,1,2
0.498,0.232,0.45,0,0,1,2
0.498,0.235,0.45,0,0,1,2
0.498,0.238,0.45,0,0,1,2
0.498,0.241,0.45,0,0,1,2
0.498,0.244,0.45,0,0,1,2
0.498,0.247,0.45,0,0,1,2
0.498,0.25,0.45,0,0,1,2
0.498,0.253,0.45,0,0,1,2
0.498,0.256,0.45,0,0,1,2
0.498,0.259,0.45,0,0,1,2
0.501,0.1,0.45,0,0,1,2
0.501,0.103,0.45,0,0,1,2
0.501,0.106,0.45,0,0,1,2
0.501,0.109,0.45,0,0,1,2
0.501,0.112,0.45,0,0,1,2
0.501,0.115,0.45,0,0,1,2
0.501,0.118,0.45,0,0,1,2
0.501,0.121,0.45,0,0,1,2
0.501,0.124,0.45,0,0,1,2
0.501,0.127,0.45,0,0,1,2
0.501,0.13,0.45,0,0,1,2
0.501,0.133,0.45,0,0,1,2
0.501,0.136,0.45,0,0,1,2
0.501,0.139,0.45,0,0,1,2
0.501,0.142,0.45,0,0,1,2
0.501,0.145,0.45,0,0,1,2
0.501,0.148,0.45,0,0,1,2
0.501,0.151,0.45,0,0,1,2
0.501,0.154,0.45,0,0,1,2
0.501,0.157,0.45,0,0,1,2
0.501,0.16,0.45,0,0,1,2
0.501,0.163,0.45,0,0,1,2
0.501,0.166,0.45,0,0,1,2
0.501,0.169,0.45,0,0,1,2
0.501,0.172,0.45,0,0,1,2
0.501,0.175,0.45,0,0,1,2
0.501,0.178,0.45,0,0,1,2
0.501,0.181,0.45,0,0,1,2
0.501,0.184,0.45,0,0,1,2
0.501,0.187,0.45,0,0,1,2
0.501,0.19,0.45,0,0,1,2
0.501,0.193,0.45,0,0,1,2
0.501,0.196,0.45,0,0,1,2
0.501,0.199,0.45,0,0,1,2
0.501,0.202,0.45,0,0,1,2
0.501,0.205,0.45,0,0,1,2
0.501,0.208,0.45,0,0,1,2
0.501,0.211,0.45,0,0,1,2
0.501,0.214,0.45,0,0,1,2
0.501,0.217,0.45,0,0,1,2
0.501,0.22,0.45,0,0,1,2
0.501,0.223,0.45,0,0,1,2
0.501,0.226,0.45,0,0,1,2
0.501,0.229,0.45,0,0,1,2
0.501,0.232,0.45,0,0,1,2
0.501,0.235,0.45,0,0,1,2
0.501,0.238,0.45,0,0,1,2
0.501,0.241,0.45,0,0,1,2
0.501,0.244,0.45,0,0,1,2
0.501,0.247,0.45,0,0,1,2
0.501,0.25,0.45,0,0,1,2
0.501,0.253,0.45,0,0,1,2
0.501,0.256,0.45,0,0,1,2
0.501,0.259,0.45,0,0,1,2
0.504,0.1,0.45,0,0,1,2
0.504,0.103,0.45,0,0,1,2
0.504,0.106,0.45,0,0,1,2
0.504,0.109,0.45,0,0,1,2
0.504,0.112,0.45,0,0,1,2
0.504,0.115,0.45,0,0,1,2
0.504,0.118,0.45,0,0,1,2
0.504,0.121,0.45,0,0,1,2
0.504,0.124,0.45,0,0,1,2
0.504,0.127,0.45,0,0,1,2
0.504,0.13,0.45,0,0,1,2
0.504,0.133,0.45,0,0,1,2
0.504,0.136,0.45,0,0,1,2
0.504,0.139,0.45,0,0,1,2
0.504,0.142,0.45,0,0,1,2
0.504,0.145,0.45,0,0,1,2
0.504,0.148,0.45,0,0,1,2
0.504,0.151,0.45,0,0,1,2
0.504,0.154,0.45,0,0,1,2
0.504,0.157,0.45,0,0,1,2
0.504,0.16,0.45,0,0,1,2
0.504,0.163,0.45,0,0,1,2
0.504,0.166,0.45,0,0,1,2
0.504,0.169,0.45,0,0,1,2
0.504,0.172,0.45,0,0,1,2
0.504,0.175,0.45,0,0,1,2
0.504,0.178,0.45,0,0,1,2
0.504,0.181,0.45,0,0,1,2
0.504,0.184,0.45,0,0,1,2
0.504,0.187,0.45,0,0,1,2
0.504,0.19,0.45,0,0,1,2
0.504,0.193,0.45,0,0,1,2
0.504,0.196,0.45,0,0,1,2
0.504,0.199,0.45,0,0,1,2
0.504,0.202,0.45,0,0,1,2
0.504,0.205,0.45,0,0,1,2
0.504,0.208,0.45,0,0,1,2
0.504,0.211,0.45,0,0,1,2
0.504,0.214,0.45,0,0,1,2
0.504,0.217,0.45,0,0,1,2
0.504,0.22,0.45,0,0,1,2
0.504,0.223,0.45,0,0,1,2
0.504,0.226,0.45,0,0,1,2
0.504,0.229,0.45,0,0,1,2
0.504,0.232,0.45,0,0,1,2
0.504,0.235,0.45,0,0,1,2
0.504,0.238,0.45,0,0,1,2
0.504,0.241,0.45,0,0,1,2
0.504,0.244,0.45,0,0,1,2
0.504,0.247,0.45,0,0,1,2
0.504,0.25,0.45,0,0,1,2
0.504,0.253,0.45,0,0,1,2
0.504,0.256,0.45,0,0,1,2
0.504,0.259,0.45,0,0,1,2
0.507,0.1,0.45,0,0,1,2
0.507,0.103,0.45,0,0,1,2
0.507,0.106,0.45,0,0,1,2
0.507,0.109,0.45,0,0,1,2
0.507,0.112,0.45,0,0,1,2
0.507,0.115,0.45,0,0,1,2
0.507,0.118,0.45,0,0,1,2
0.507,0.121,0.45,0,0,1,2
0.507,0.124,0.45,0,0,1,2
0.507,0.127,0.45,0,0,1,2
0.507,0.13,0.45,0,0,1,2
0.507,0.133,0.45,0,0,1,2
0.507,0.136,0.45,0,0,1,2
0.507,0.139,0.45,0,0,1,2
0.507,0.142,0.45,0,0,1,2
0.507,0.145,0.45,0,0,1,2
0.507,0.148,0.45,0,0,1,2
0.507,0.151,0.45,0,0,1,2
0.507,0.154,0.45,0,0,1,2
0.507,0.157,0.45,0,0,1,2
0.507,0.16,0.45,0,0,1,2
0.507,0.163,0.45,0,0,1,2
0.507,0.166,0.45,0,0,1,2
0.507,0.169,0.45,0,0,1,2
0.507,0.172,0.45,0,0,1,2
0.507,0.175,0.45,0,0,1,2
0.507,0.178,0.45,0,0,1,2
0.507,0.181,0.45,0,0,1,2
0.507,0.184,0.45,0,0,1,2
0.507,0.187,0.45,0,0,1,2
0.507,0.19,0.45,0,0,1,2
0.507,0.193,0.45,0,0,1,2
0.507,0.196,0.45,0,0,1,2
0.507,0.199,0.45,0,0,1,2
0.507,0.202,0.45,0,0,1,2
0.507,0.205,0.45,0,0,1,2
0.507,0.208,0.45,0,0,1,2
0.507,0.211,0.45,0,0,1,2
0.507,0.214,0.45,0,0,1,2
0.507,0.217,0.45,0,0,1,2
0.507,0.22,0.45,0,0,1,2
0.507,0.223,0.45,0,0,1,2
0.507,0.226,0.45,0,0,1,2
0.507,0.229,0.45,0,0,1,2
0.507,0.232,0.45,0,0,1,2
0.507,0.235,0.45,0,0,1,2
0.507,0.238,0.45,0,0,1,2
0.507,0.241,0.45,0,0,1,2
0.507,0.244,0.45,0,0,1,2
0.507,0.247,0.45,0,0,1,2
0.507,0.25,0.45,0,0,1,2
0.507,0.253,0.45,0,0,1,2
0.507,0.256,0.45,0,0,1,2
0.507,0.259,0.45,0,0,1,2
0.51,0.1,0.45,0,0,1,2
0.51,0.103,0.45,0,0,1,2
0.51,0.106,0.45,0,0,1,2
0.51,0.109,0.45,0,0,1,2
0.51,0.112,0.45,0,0,1,2
0.51,0.115,0.45,0,0,1,2
0.51,0.118,0.45,0,0,1,2
0.51,0.121,0.45,0,0,1,2
0.51,0.124,0.45,0,0,1,2
0.51,0.127,0.45,0,0,1,2
0.51,0.13,0.45,0,0,1,2
0.51,0.133,0.45,0,0,1,2
0.51,0.136,0.45,0,0,1,2
0.51,0.139,0.45,0,0,1,2
0.51,0.142,0.45,0,0,1,2
0.51,0.145,0.45,0,0,1,2
0.51,0.148,0.45,0,0,1,2
0.51,0.151,0.45,0,0,1,2
0.51,0.154,0.45,0,0,1,2
0.51,0.157,0.45,0,0,1,2
0.51,0.16,0.45,0,0,1,2
0.51,0.163,0.45,0,0,1,2
0.51,0.166,0.45,0,0,1,2
0.51,0.169,0.45,0,0,1,2
0.51,0.172,0.45,0,0,1,2
0.51,0.175,0.45,0,0,1,2
0.51,0.178,0.45,0,0,1,2
0.51,0.181,0.45,0,0,1,2
0.51,0.184,0.45,0,0,1,2
0.51,0.187,0.45,0,0,1,2
0.51,0.19,0.45,0,0,1,2
0.51,0.193,0.45,0,0,1,2
0.51,0.196,0.45,0,0,1,2
0.51,0.199,0.45,0,0,1,2
0.51,0.202,0.45,0,0,1,2
0.51,0.205,0.45,0,0,1,2
0.51,0.208,0.45,0,0,1,2
0.51,0.211,0.45,0,0,1,2
0.51,0.214,0.45,0,0,1,2
0.51,0.217,0.45,0,0,1,2
0.51,0.22,0.45,0,0,1,2
0.51,0.223,0.45,0,0,1,2
0.51,0.226,0.45,0,0,1,2
0.51,0.229,0.45,0,0,1,2
0.51,0.232,0.45,0,0,1,2
0.51,0.235,0.45,0,0,1,2
0.51,0.238,0.45,0,0,1,2
0.51,0.241,0.45,0,0,1,2
0.51,0.244,0.45,0,0,1,2
0.51,0.247,0.45,0,0,1,2
0.51,0.25,0.45,0,0,1,2
0.51,0.253,0.45,0,0,1,2
0.51,0.256,0.45,0,0,1,2
0.51,0.259,0.45,0,0,1,2
0.513,0.1,0.45,0,0,1,2
0.513,0.103,0.45,0,0,1,2
0.513,0.106,0.45,0,0,1,2
0.513,0.109,0.45,0,0,1,2
0.513,0.112,0.45,0,0,1,2
0.513,0.115,0.45,0,0,1,2
0.513,0.118,0.45,0,0,1,2
0.513,0.121,0.45,0,0,1,2
0.513,0.124,0.45,0,0,1,2
0.513,0.127,0.45,0,0,1,2
0.513,0.13,0.45,0,0,1,2
0.513,0.133,0.45,0,0,1,2
0.513,0.136,0.45,0,0,1,2
0.513,0.139,0.45,0,0,1,2
0.513,0.142,0.45,0,0,1,2
0.513,0.145,0.45,0,0,1,2
0.513,0.148,0.45,0,0,1,2
0.513,0.151,0.45,0,0,1,2
0.513,0.154,0.45,0,0,1,2
0.513,0.157,0.45,0,0,1,2
0.513,0.16,0.45,0,0,1,2
0.513,0.163,0.45,0,0,1,2
0.513,0.166,0.45,0,0,1,2
0.513,0.169,0.45,0,0,1,2
0.513,0.172,0.45,0,0,1,2
0.513,0.175,0.45,0,0,1,2
0.513,0.178,0.45,0,0,1,2
0.513,0.181,0.45,0,0,1,2
0.513,0.184,0.45,0,0,1,2
0.513,0.187,0.45,0,0,1,2
0.513,0.19,0.45,0,0,1,2
0.513,0.193,0.45,0,0,1,2
0.513,0.196,0.45,0,0,1,2
0.513,0.199,0.45,0,0,1,2
0.513,0.202,0.45,0,0,1,2
0.513,0.205,0.45,0,0,1,2
0.513,0.208,0.45,0,0,1,2
0.513,0.211,0.45,0,0,1,2
0.513,0.214,0.45,0,0,1,2
0.513,0.217,0.45,0,0,1,2
0.513,0.22,0.45,0,0,1,2
0.513,0.223,0.45,0,0,1,2
0.513,0.226,0.45,0,0,1,2
0.513,0.229,0.45,0,0,1,2
0.513,0.232,0.45,0,0,1,2
0.513,0.235,0.45,0,0,1,2
0.513,0.238,0.45,0,0,1,2
0.513,0.241,0.45,0,0,1,2
0.513,0.244,0.45,0,0,1,2
0.513,0.247,0.45,0,0,1,2
0.513,0.25,0.45,0,0,1,2
0.513,0.253,0.45,0,0,1,2
0.513,0.256,0.45,0,0,1,2
0.513,0.259,0.45,0,0,1,2
0.516,0.1,0.45,0,0,1,2
0.516,0.103,0.45,0,0,1,2
0.516,0.106,0.45,0,0,1,2
0.516,0.109,0.45,0,0,1,2
0.516,0.112,0.45,0,0,1,2
0.516,0.115,0.45,0,0,1,2
0.516,0.118,0.45,0,0,1,2
0.516,0.121,0.45,0,0,1,2
0.516,0.124,0.45,0,0,1,2
0.516,0.127,0.45,0,0,1,2
0.516,0.13,0.45,0,0,1,2
0.516,0.133,0.45,0,0,1,2
0.516,0.136,0.45,0,0,1,2
0.516,0.139,0.45,0,0,1,2
0.516,0.142,0.45,0,0,1,2
0.516,0.145,0.45,0,0,1,2
0.516,0.148,0.45,0,0,1,2
0.516,0.151,0.45,0,0,1,2
0.516,0.154,0.45,0,0,1,2
0.516,0.157,0.45,0,0,1,2
0.516,0.16,0.45,0,0,1,2
0.516,0.163,0.45,0,0,1,2
0.516,0.166,0.45,0,0,1,2
0.516,0.169,0.45,0,0,1,2
0.516,0.172,0.45,0,0,1,2
0.516,0.175,0.45,0,0,1,2
0.516,0.178,0.45,0,0,1,2
0.516,0.181,0.45,0,0,1,2
0.516,0.184,0.45,0,0,1,2
0.516,0.187,0.45,0,0,1,2
0.516,0.19,0.45,0,0,1,2
0.516,0.193,0.45,0,0,1,2
0.516,0.196,0.45,0,0,1,2
0.516,0.199,0.45,0,0,1,2
0.516,0.202,0.45,0,0,1,2
0.516,0.205,0.45,0,0,1,2
0.516,0.208,0.45,0,0,1,2
0.516,0.211,0.45,0,0,1,2
0.516,0.214,0.45,0,0,1,2
0.516,0.217,0.45,0,0,1,2
0.516,0.22,0.45,0,0,1,2
0.516,0.223,0.45,0,0,1,2
0.516,0.226,0.45,0,0,1,2
0.516,0.229,0.45,0,0,1,2
0.516,0.232,0.45,0,0,1,2
0.516,0.235,0.45,0,0,1,2
0.516,0.238,0.45,0,0,1,2
0.516,0.241,0.45,0,0,1,2
0.516,0.244,0.45,0,0,1,2
0.516,0.247,0.45,0,0,1,2
0.516,0.25,0.45,0,0,1,2
0.516,0.253,0.45,0,0,1,2
0.516,0.256,0.45,0,0,1,2
0.516,0.259,0.45,0,0,1,2
0.519,0.1,0.45,0,0,1,2
0.519,0.103,0.45,0,0,1,2
0.519,0.106,0.45,0,0,1,2
0.519,0.109,0.45,0,0,1,2
0.519,0.112,0.45,0,0,1,2
0.519,0.115,0.45,0,0,1,2
0.519,0.118,0.45,0,0,1,2
0.519,0.121,0.45,0,0,1,2
0.519,0.124,0.45,0,0,1,2
0.519,0.127,0.45,0,0,1,2
0.519,0.13,0.45,0,0,1,2
0.519,0.133,0.45,0,0,1,2
0.519,0.136,0.45,0,0,1,2
0.519,0.139,0.45,0,0,1,2
0.519,0.142,0.45,0,0,1,2
0.519,0.145,0.45,0,0,1,2
0.519,0.148,0.45,0,0,1,2
0.519,0.151,0.45,0,0,1,2
0.519,0.154,0.45,0,0,1,2
0.519,0.157,0.45,0,0,1,2
0.519,0.16,0.45,0,0,1,2
0.519,0.163,0.45,0,0,1,2
0.519,0.166,0.45,0,0,1,2
0.519,0.169,0.45,0,0,1,2
0.519,0.172,0.45,0,0,1,2
0.519,0.175,0.45,0,0,1,2
0.519,0.178,0.45,0,0,1,2
0.519,0.181,0.45,0,0,1,2
0.519,0.184,0.45,0,0,1,2
0.519,0.187,0.45,0,0,1,2
0.519,0.19,0.45,0,0,1,2
0.519,0.193,0.45,0,0,1,2
0.519,0.196,0.45,0,0,1,2
0.519,0.199,0.45,0,0,1,2
0.519,0.202,0.45,0,0,1,2
0.519,0.205,0.45,0,0,1,2
0.519,0.208,0.45,0,0,1,2
0.519,0.211,0.45,0,0,1,2
0.519,0.214,0.45,0,0,1,2
0.519,0.217,0.45,0,0,1,2
0.519,0.22,0.45,0,0,1,2
0.519,0.223,0.45,0,0,1,2
0.519,0.226,0.45,0,0,1,2
0.519,0.229,0.45,0,0,1,2
0.519,0.232,0.45,0,0,1,2
0.519,0.235,0.45,0,0,1,2
0.519,0.238,0.45,0,0,1,2
0.519,0.241,0.45,0,0,1,2
0.519,0.244,0.45,0,0,1,2
0.519,0.247,0.45,0,0,1,2
0.519,0.25,0.45,0,0,1,2
0.519,0.253,0.45,0,0,1,2
0.519,0.256,0.45,0,0,1,2
0.519,0.259,0.45,0,0,1,2
0.522,0.1,0.45,0,0,1,2
0.522,0.103,0.45,0,0,1,2
0.522,0.106,0.45,0,0,1,2
0.522,0.109,0.45,0,0,1,2
0.522,0.112,0.45,0,0,1,2
0.522,0.115,0.45,0,0,1,2
0.522,0.118,0.45,0,0,1,2
0.522,0.121,0.45,0,0,1,2
0.522,0.124,0.45,0,0,1,2
0.522,0.127,0.45,0,0,1,2
0.522,0.13,0.45,0,0,1,2
0.522,0.133,0.45,0,0,1,2
0.522,0.136,0.45,0,0,1,2
0.522,0.139,0.45,0,0,1,2
0.522,0.142,0.45,0,0,1,2
0.522,0.145,0.45,0,0,1,2
0.522,0.148,0.45,0,0,1,2
0.522,0.151,0.45,0,0,1,2
0.522,0.154,0.45,0,0,1,2
0.522,0.157,0.45,0,0,1,2
0.522,0.16,0.45,0,0,1,2
0.522,0.163,0.45,0,0,1,2
0.522,0.166,0.45,0,0,1,2
0.522,0.169,0.45,0,0,1,2
0.522,0.172,0.45,0,0,1,2
0.522,0.175,0.45,0,0,1,2
0.522,0.178,0.45,0,0,1,2
0.522,0.181,0.45,0,0,1,2
0.522,0.184,0.45,0,0,1,2
0.522,0.187,0.45,0,0,1,2
0.522,0.19,0.45,0,0,1,2
0.522,0.193,0.45,0,0,1,2
0.522,0.196,0.45,0,0,1,2
0.522,0.199,0.45,0,0,1,2
0.522,0.202,0.45,0,0,1,2
0.522,0.205,0.45,0,0,1,2
0.522,0.208,0.45,0,0,1,2
0.522,0.211,0.45,0,0,1,2
0.522,0.214,0.45,0,0,1,2
0.522,0.217,0.45,0,0,1,2
0.522,0.22,0.45,0,0,1,2
0.522,0.223,0.45,0,0,1,2
0.522,0.226,0.45,0,0,1,2
0.522,0.229,0.45,0,0,1,2
0.522,0.232,0.45,0,0,1,2
0.522,0.235,0.45,0,0,1,2
0.522,0.238,0.45,0,0,1,2
0.522,0.241,0.45,0,0,1,2
0.522,0.244,0.45,0,0,1,2
0.522,0.247,0.45,0,0,1,2
0.522,0.25,0.45,0,0,1,2
0.522,0.253,0.45,0,0,1,2
0.522,0.256,0.45,0,0,1,2
0.522,0.259,0.45,0,0,1,2
0.525,0.1,0.45,0,0,1,2
0.525,0.103,0.45,0,0,1,2
0.525,0.106,0.45,0,0,1,2
0.525,0.109,0.45,0,0,1,2
0.525,0.112,0.45,0,0,1,2
0.525,0.115,0.45,0,0,1,2
0.525,0.118,0.45,0,0,1,2
0.525,0.121,0.45,0,0,1,2
0.525,0.124,0.45,0,0,1,2
0.525,0.127,0.45,0,0,1,2
0.525,0.13,0.45,0,0,1,2
0.525,0.133,0.45,0,0,1,2
0.525,0.136,0.45,0,0,1,2
0.525,0.139,0.45,0,0,1,2
0.525,0.142,0.45,0,0,1,2
0.525,0.145,0.45,0,0,1,2
0.525,0.148,0.45,0,0,1,2
0.525,0.151,0.45,0,0,1,2
0.525,0.154,0.45,0,0,1,2
0.525,0.157,0.45,0,0,1,2
0.525,0.16,0.45,0,0,1,2
0.525,0.163,0.45,0,0,1,2
0.525,0.166,0.45,0,0,1,2
0.525,0.169,0.45,0,0,1,2
0.525,0.172,0.45,0,0,1,2
0.525,0.175,0.45,0,0,1,2
0.525,0.178,0.45,0,0,1,2
0.525,0.181,0.45,0,0,1,2
0.525,0.184,0.45,0,0,1,2
0.525,0.187,0.45,0,0,1,2
0.525,0.19,0.45,0,0,1,2
0.525,0.193,0.45,0,0,1,2
0.525,0.196,0.45,0,0,1,2
0.525,0.199,0.45,0,0,1,2
0.525,0.202,0.45,0,0,1,2
0.525,0.205,0.45,0,0,1,2
0.525,0.208,0.45,0,0,1,2
0.525,0.211,0.45,0,0,1,2
0.525,0.214,0.45,0,0,1,2
0.525,0.217,0.45,0,0,1,2
0.525,0.22,0.45,0,0,1,2
0.525,0.223,0.45,0,0,1,2
0.525,0.226,0.45,0,0,1,2
0.525,0.229,0.45,0,0,1,2
0.525,0.232,0.45,0,0,1,2
0.525,0.235,0.45,0,0,1,2
0.525,0.238,0.45,0,0,1,2
0.525,0.241,0.45,0,0,1,2
0.525,0.244,0.45,0,0,1,2
0.525,0.247,0.45,0,0,1,2
0.525,0.25,0.45,0,0,1,2
0.525,0.253,0.45,0,0,1,2
0.525,0.256,0.45,0,0,1,2
0.525,0.259,0.45,0,0,1,2
0.528,0.1,0.45,0,0,1,2
0.528,0.103,0.45,0,0,1,2
0.528,0.106,0.45,0,0,1,2
0.528,0.109,0.45,0,0,1,2
0.528,0.112,0.45,0,0,1,2
0.528,0.115,0.45,0,0,1,2
0.528,0.118,0.45,0,0,1,2
0.528,0.121,0.45,0,0,1,2
0.528,0.124,0.45,0,0,1,2
0.528,0.127,0.45,0,0,1,2
0.528,0.13,0.45,0,0,1,2
0.528,0.133,0.45,0,0,1,2
0.528,0.136,0.45,0,0,1,2
0.528,0.139,0.45,0,0,1,2
0.528,0.142,0.45,0,0,1,2
0.528,0.145,0.45,0,0,1,2
0.528,0.148,0.45,0,0,1,2
0.528,0.151,0.45,0,0,1,2
0.528,0.154,0.45,0,0,1,2
0.528,0.157,0.45,0,0,1,2
0.528,0.16,0.45,0,0,1,2
0.528,0.163,0.45,0,0,1,2
0.528,0.166,0.45,0,0,1,2
0.528,0.169,0.45,0,0,1,2
0.528,0.172,0.45,0,0,1,2
0.528,0.175,0.45,0,0,1,2
0.528,0.178,0.45,0,0,1,2
0.528,0.181,0.45,0,0,1,2
0.528,0.184,0.45,0,0,1,2
0.528,0.187,0.45,0,0,1,2
0.528,0.19,0.45,0,0,1,2
0.528,0.193,0.45,0,0,1,2
0.528,0.196,0.45,0,0,1,2
0.528,0.199,0.45,0,0,1,2
0.528,0.202,0.45,0,0,1,2
0.528,0.205,0.45,0,0,1,2
0.528,0.208,0.45,0,0,1,2
0.528,0.211,0.45,0,0,1,2
0.528,0.214,0.45,0,0,1,2
0.528,0.217,0.45,0,0,1,2
0.528,0.22,0.45,0,0,1,2
0.528,0.223,0.45,0,0,1,2
0.528,0.226,0.45,0,0,1,2
0.528,0.229,0.45,0,0,1,2
0.528,0.232,0.45,0,0,1,2
0.528,0.235,0.45,0,0,1,2
0.528,0.238,0.45,0,0,1,2
0.528,0.241,0.45,0,0,1,2
0.528,0.244,0.45,0,0,1,2
0.528,0.247,0.45,0,0,1,2
0.528,0.25,0.45,0,0,1,2
0.528,0.253,0.45,0,0,1,2
0.528,0.256,0.45,0,0,1,2
0.528,0.259,0.45,0,0,1,2
0.531,0.1,0.45,0,0,1,2
0.531,0.103,0.45,0,0,1,2
0.531,0.106,0.45,0,0,1,2
0.531,0.109,0.45,0,0,1,2
0.531,0.112,0.45,0,0,1,2
0.531,0.115,0.45,0,0,1,2
0.531,0.118,0.45,0,0,1,2
0.531,0.121,0.45,0,0,1,2
0.531,0.124,0.45,0,0,1,2
0.531,0.127,0.45,0,0,1,2
0.531,0.13,0.45,0,0,1,2
0.531,0.133,0.45,0,0,1,2
0.531,0.136,0.45,0,0,1,2
0.531,0.139,0.45,0,0,1,2
0.531,0.142,0.45,0,0,1,2
0.531,0.145,0.45,0,0,1,2
0.531,0.148,0.45,0,0,1,2
0.531,0.151,0.45,0,0,1,2
0.531,0.154,0.45,0,0,1,2
0.531,0.157,0.45,0,0,1,2
0.531,0.16,0.45,0,0,1,2
0.531,0.163,0.45,0,0,1,2
0.531,0.166,0.45,0,0,1,2
0.531,0.169,0.45,0,0,1,2
0.531,0.172,0.45,0,0,1,2
0.531,0.175,0.45,0,0,1,2
0.531,0.178,0.45,0,0,1,2
0.531,0.181,0.45,0,0,1,2
0.531,0.184,0.45,0,0,1,2
0.531,0.187,0.45,0,0,1,2
0.531,0.19,0.45,0,0,1,2
0.531,0.193,0.45,0,0,1,2
0.531,0.196,0.45,0,0,1,2
0.531,0.199,0.45,0,0,1,2
0.531,0.202,0.45,0,0,1,2
0.531,0.205,0.45,0,0,1,2
0.531,0.208,0.45,0,0,1,2
0.531,0.211,0.45,0,0,1,2
0.531,0.214,0.45,0,0,1,2
0.531,0.217,0.45,0,0,1,2
0.531,0.22,0.45,0,0,1,2
0.531,0.223,0.45,0,0,1,2
0.531,0.226,0.45,0,0,1,2
0.531,0.229,0.45,0,0,1,2
0.531,0.232,0.45,0,0,1,2
0.531,0.235,0.45,0,0,1,2
0.531,0.238,0.45,0,0,1,2
0.531,0.241,0.45,0,0,1,2
0.531,0.244,0.45,0,0,1,2
0.531,0.247,0.45,0,0,1,2
0.531,0.25,0.45,0,0,1,2
0.531,0.253,0.45,0,0,1,2
0.531,0.256,0.45,0,0,1,2
0.531,0.259,0.45,0,0,1,2
0.534,0.1,0.45,0,0,1,2
0.534,0.103,0.45,0,0,1,2
0.534,0.106,0.45,0,0,1,2
0.534,0.109,0.45,0,0,1,2
0.534,0.112,0.45,0,0,1,2
0.534,0.115,0.45,0,0,1,2
0.534,0.118,0.45,0,0,1,2
0.534,0.121,0.45,0,0,1,2
0.534,0.124,0.45,0,0,1,2
0.534,0.127,0.45,0,0,1,2
0.534,0.13,0.45,0,0,1,2
0.534,0.133,0.45,0,0,1,2
0.534,0.136,0.45,0,0,1,2
0.534,0.139,0.45,0,0,1,2
0.534,0.142,0.45,0,0,1,2
0.534,0.145,0.45,0,0,1,2
0.534,0.148,0.45,0,0,1,2
0.534,0.151,0.45,0,0,1,2
0.534,0.154,0.45,0,0,1,2
0.534,0.157,0.45,0,0,1,2
0.534,0.16,0.45,0,0,1,2
0.534,0.163,0.45,0,0,1,2
0.534,0.166,0.45,0,0,1,2
0.534,0.169,0.45,0,0,1,2
0.534,0.172,0.45,0,0,1,2
0.534,0.175,0.45,0,0,1,2
0.534,0.178,0.45,0,0,1,2
0.534,0.181,0.45,0,0,1,2
0.534,0.184,0.45,0,0,1,2
0.534,0.187,0.45,0,0,1,2
0.534,0.19,0.45,0,0,1,2
0.534,0.193,0.45,0,0,1,2
0.534,0.196,0.45,0,0,1,2
0.534,0.199,0.45,0,0,1,2
0.534,0.202,0.45,0,0,1,2
0.534,0.205,0.45,0,0,1,2
0.534,0.208,0.45,0,0,1,2
0.534,0.211,0.45,0,0,1,2
0.534,0.214,0.45,0,0,1,2
0.534,0.217,0.45,0,0,1,2
0.534,0.22,0.45,0,0,1,2
0.534,0.223,0.45,0,0,1,2
0.534,0.226,0.45,0,0,1,2
0.534,0.229,0.45,0,0,1,2
0.534,0.232,0.45,0,0,1,2
0.534,0.235,0.45,0,0,1,2
0.534,0.238,0.45,0,0,1,2
0.534,0.241,0.45,0,0,1,2
0.534,0.244,0.45,0,0,1,2
0.534,0.247,0.45,0,0,1,2
0.534,0.25,0.45,0,0,1,2
0.534,0.253,0.45,0,0,1,2
0.534,0.256,0.45,0,0,1,2
0.534,0.259,0.45,0,0,1,2
0.537,0.1,0.45,0,0,1,2
0.537,0.103,0.45,0,0,1,2
0.537,0.106,0.45,0,0,1,2
0.537,0.109,0.45,0,0,1,2
0.537,0.112,0.45,0,0,1,2
0.537,0.115,0.45,0,0,1,2
0.537,0.118,0.45,0,0,1,2
0.537,0.121,0.45,0,0,1,2
0.537,0.124,0.45,0,0,1,2
0.537,0.127,0.45,0,0,1,2
0.537,0.13,0.45,0,0,1,2
0.537,0.133,0.45,0,0,1,2
0.537,0.136,0.45,0,0,1,2
0.537,0.139,0.45,0,0,1,2
0.537,0.142,0.45,0,0,1,2
0.537,0.145,0.45,0,0,1,2
0.537,0.148,0.45,0,0,1,2
0.537,0.151,0.45,0,0,1,2
0.537,0.154,0.45,0,0,1,2
0.537,0.157,0.45,0,0,1,2
0.537,0.16,0.45,0,0,1,2
0.537,0.163,0.45,0,0,1,2
0.537,0.166,0.45,0,0,1,2
0.537,0.169,0.45,0,0,1,2
0.537,0.172,0.45,0,0,1,2
0.537,0.175,0.45,0,0,1,2
0.537,0.178,0.45,0,0,1,2
0.537,0.181,0.45,0,0,1,2
0.537,0.184,0.45,0,0,1,2
0.537,0.187,0.45,0,0,1,2
0.537,0.19,0.45,0,0,1,2
0.537,0.193,0.45,0,0,1,2
0.537,0.196,0.45,0,0,1,2
0.537,0.199,0.45,0,0,1,2
0.537,0.202,0.45,0,0,1,2
0.537,0.205,0.45,0,0,1,2
0.537,0.208,0.45,0,0,1,2
0.537,0.211,0.45,0,0,1,2
0.537,0.214,0.45,0,0,1,2
0.537,0.217,0.45,0,0,1,2
0.537,0.22,0.45,0,0,1,2
0.537,0.223,0.45,0,0,1,2
0.537,0.226,0.45,0,0,1,2
0.537,0.229,0.45,0,0,1,2
0.537,0.232,0.45,0,0,1,2
0.537,0.235,0.45,0,0,1,2
0.537,0.238,0.45,0,0,1,2
0.537,0.241,0.45,0,0,1,2
0.537,0.244,0.45,0,0,1,2
0.537,0.247,0.45,0,0,1,2
0.537,0.25,0.45,0,0,1,2
0.537,0.253,0.45,0,0,1,2
0.537,0.256,0.45,0,0,1,2
0.537,0.259,0.45,0,0,1,2
0.54,0.1,0.45,0,0,1,2
0.54,0.103,0.45,0,0,1,2
0.54,0.106,0.45,0,0,1,2
0.54,0.109,0.45,0,0,1,2
0.54,0.112,0.45,0,0,1,2
0.54,0.115,0.45,0,0,1,2
0.54,0.118,0.45,0,0,1,2
0.54,0.121,0.45,0,0,1,2
0.54,0.124,0.45,0,0,1,2
0.54,0.127,0.45,0,0,1,2
0.54,0.13,0.45,0,0,1,2
0.54,0.133,0.45,0,0,1,2
0.54,0.136,0.45,0,0,1,2
0.54,0.139,0.45,0,0,1,2
0.54,0.142,0.45,0,0,1,2
0.54,0.145,0.45,0,0,1,2
0.54,0.148,0.45,0,0,1,2
0.54,0.151,0.45,0,0,1,2
0.54,0.154,0.45,0,0,1,2
0.54,0.157,0.45,0,0,1,2
0.54,0.16,0.45,0,0,1,2
0.54,0.163,0.45,0,0,1,2
0.54,0.166,0.45,0,0,1,2
0.54,0.169,0.45,0,0,1,2
0.54,0.172,0.45,0,0,1,2
0.54,0.175,0.45,0,0,1,2
0.54,0.178,0.45,0,0,1,2
0.54,0.181,0.45,0,0,1,2
0.54,0.184,0.45,0,0,1,2
0.54,0.187,0.45,0,0,1,2
0.54,0.19,0.45,0,0,1,2
0.54,0.193,0.45,0,0,1,2
0.54,0.196,0.45,0,0,1,2
0.54,0.199,0.45,0,0,1,2
0.54,0.202,0.45,0,0,1,2
0.54,0.205,0.45,0,0,1,2
0.54,0.208,0.45,0,0,1,2
0.54,0.211,0.45,0,0,1,2
0.54,0.214,0.45,0,0,1,2
0.54,0.217,0.45,0,0,1,2
0.54,0.22,0.45,0,0,1,2
0.54,0.223,0.45,0,0,1,2
0.54,0.226,0.45,0,0,1,2
0.54,0.229,0.45,0,0,1,2
0.54,0.232,0.45,0,0,1,2
0.54,0.235,0.45,0,0,1,2
0.54,0.238,0.45,0,0,1,2
0.54,0.241,0.45,0,0,1,2
0.54,0.244,0.45,0,0,1,2
0.54,0.247,0.45,0,0,1,2
0.54,0.25,0.45,0,0,1,2
0.54,0.253,0.45,0,0,1,2
0.54,0.256,0.45,0,0,1,2
0.54,0.259,0.45,0,0,1,2
0.543,0.1,0.45,0,0,1,2
0.543,0.103,0.45,0,0,1,2
0.543,0.106,0.45,0,0,1,2
0.543,0.109,0.45,0,0,1,2
0.543,0.112,0.45,0,0,1,2
0.543,0.115,0.45,0,0,1,2
0.543,0.118,0.45,0,0,1,2
0.543,0.121,0.45,0,0,1,2
0.543,0.124,0.45,0,0,1,2
0.543,0.127,0.45,0,0,1,2
0.543,0.13,0.45,0,0,1,2
0.543,0.133,0.45,0,0,1,2
0.543,0.136,0.45,0,0,1,2
0.543,0.139,0.45,0,0,1,2
0.543,0.142,0.45,0,0,1,2
0.543,0.145,0.45,0,0,1,2
0.543,0.148,0.45,0,0,1,2
0.543,0.151,0.45,0,0,1,2
0.543,0.154,0.45,0,0,1,2
0.543,0.157,0.45,0,0,1,2
0.543,0.16,0.45,0,0,1,2
0.543,0.163,0.45,0,0,1,2
0.543,0.166,0.45,0,0,1,2
0.543,0.169,0.45,0,0,1,2
0.543,0.172,0.45,0,0,1,2
0.543,0.175,0.45,0,0,1,2
0.543,0.178,0.45,0,0,1,2
0.543,0.181,0.45,0,0,1,2
0.543,0.184,0.45,0,0,1,2
0.543,0.187,0.45,0,0,1,2
0.543,0.19,0.45,0,0,1,2
0.543,0.193,0.45,0,0,1,2
0.543,0.196,0.45,0,0,1,2
0.543,0.199,0.45,0,0,1,2
0.543,0.202,0.45,0,0,1,2
0.543,0.205,0.45,0,0,1,2
0.543,0.208,0.45,0,0,1,2
0.543,0.211,0.45,0,0,1,2
0.543,0.214,0.45,0,0,1,2
0.543,0.217,0.45,0,0,1,2
0.543,0.22,0.45,0,0,1,2
0.543,0.223,0.45,0,0,1,2
0.543,0.226,0.45,0,0,1,2
0.543,0.229,0.45,0,0,1,2
0.543,0.232,0.45,0,0,1,2
0.543,0.235,0.45,0,0,1,2
0.543,0.238,0.45,0,0,1,2
0.543,0.241,0.45,0,0,1,2
0.543,0.244,0.45,0,0,1,2
0.543,0.247,0.45,0,0,1,2
0.543,0.25,0.45,0,0,1,2
0.543,0.253,0.45,0,0,1,2
0.543,0.256,0.45,0,0,1,2
0.543,0.259,0.45,0,0,1,2
0.546,0.1,0.45,0,0,1,2
0.546,0.103,0.45,0,0,1,2
0.546,0.106,0.45,0,0,1,2
0.546,0.109,0.45,0,0,1,2
0.546,0.112,0.45,0,0,1,2
0.546,0.115,0.45,0,0,1,2
0.546,0.118,0.45,0,0,1,2
0.546,0.121,0.45,0,0,1,2
0.546,0.124,0.45,0,0,1,2
0.546,0.127,0.45,0,0,1,2
0.546,0.13,0.45,0,0,1,2
0.546,0.133,0.45,0,0,1,2
0.546,0.136,0.45,0,0,1,2
0.546,0.139,0.45,0,0,1,2
0.546,0.142,0.45,0,0,1,2
0.546,0.145,0.45,0,0,1,2
0.546,0.148,0.45,0,0,1,2
0.546,0.151,0.45,0,0,1,2
0.546,0.154,0.45,0,0,1,2
0.546,0.157,0.45,0,0,1,2
0.546,0.16,0.45,0,0,1,2
0.546,0.163,0.45,0,0,1,2
0.546,0.166,0.45,0,0,1,2
0.546,0.169,0.45,0,0,1,2
0.546,0.172,0.45,0,0,1,2
0.546,0.175,0.45,0,0,1,2
0.546,0.178,0.45,0,0,1,2
0.546,0.181,0.45,0,0,1,2
0.546,0.184,0.45,0,0,1,2
0.546,0.187,0.45,0,0,1,2
0.546,0.19,0.45,0,0,1,2
0.546,0.193,0.45,0,0,1,2
0.546,0.196,0.45,0,0,1,2
0.546,0.199,0.45,0,0,1,2
0.546,0.202,0.45,0,0,1,2
0.546,0.205,0.45,0,0,1,2
0.546,0.208,0.45,0,0,1,2
0.546,0.211,0.45,0,0,1,2
0.546,0.214,0.45,0,0,1,2
0.546,0.217,0.45,0,0,1,2
0.546,0.22,0.45,0,0,1,2
0.546,0.223,0.45,0,0,1,2
0.546,0.226,0.45,0,0,1,2
0.546,0.229,0.45,0,0,1,2
0.546,0.232,0.45,0,0,1,2
0.546,0.235,0.45,0,0,1,2
0.546,0.238,0.45,0,0,1,2
0.546,0.241,0.45,0,0,1,2
0.546,0.244,0.45,0,0,1,2
0.546,0.247,0.45,0,0,1,2
0.546,0.25,0.45,0,0,1,2
0.546,0.253,0.45,0,0,1,2
0.546,0.256,0.45,0,0,1,2
0.546,0.259,0.45,0,0,1,2
0.549,0.1,0.45,0,0,1,2
0.549,0.103,0.45,0,0,1,2
0.549,0.106,0.45,0,0,1,2
0.549,0.109,0.45,0,0,1,2
0.549,0.112,0.45,0,0,1,2
0.549,0.115,0.45,0,0,1,2
0.549,0.118,0.45,0,0,1,2
0.549,0.121,0.45,0,0,1,2
0.549,0.124,0.45,0,0,1,2
0.549,0.127,0.45,0,0,1,2
0.549,0.13,0.45,0,0,1,2
0.549,0.133,0.45,0,0,1,2
0.549,0.136,0.45,0,0,1,2
0.549,0.139,0.45,0,0,1,2
0.549,0.142,0.45,0,0,1,2
0.549,0.145,0.45,0,0,1,2
0.549,0.148,0.45,0,0,1,2
0.549,0.151,0.45,0,0,1,2
0.549,0.154,0.45,0,0,1,2
0.549,0.157,0.45,0,0,1,2
0.549,0.16,0.45,0,0,1,2
0.549,0.163,0.45,0,0,1,2
0.549,0.166,0.45,0,0,1,2
0.549,0.169,0.45,0,0,1,2
0.549,0.172,0.45,0,0,1,2
0.549,0.175,0.45,0,0,1,2
0.549,0.178,0.45,0,0,1,2
0.549,0.181,0.45,0,0,1,2
0.549,0.184,0.45,0,0,1,2
0.549,0.187,0.45,0,0,1,2
0.549,0.19,0.45,0,0,1,2
0.549,0.193,0.45,0,0,1,2
0.549,0.196,0.45,0,0,1,2
0.549,0.199,0.45,0,0,1,2
0.549,0.202,0.45,0,0,1,2
0.549,0.205,0.45,0,0,1,2
0.549,0.208,0.45,0,0,1,2
0.549,0.211,0.45,0,0,1,2
0.549,0.214,0.45,0,0,1,2
0.549,0.217,0.45,0,0,1,2
0.549,0.22,0.45,0,0,1,2
0.549,0.223,0.45,0,0,1,2
0.549,0.226,0.45,0,0,1,2
0.549,0.229,0.45,0,0,1,2
0.549,0.232,0.45,0,0,1,2
0.549,0.235,0.45,0,0,1,2
0.549,0.238,0.45,0,0,1,2
0.549,0.241,0.45,0,0,1,2
0.549,0.244,0.45,0,0,1,2
0.549,0.247,0.45,0,0,1,2
0.549,0.25,0.45,0,0,1,2
0.549,0.253,0.45,0,0,1,2
0.549,0.256,0.45,0,0,1,2
0.549,0.259,0.45,0,0,1,2
0.552,0.1,0.45,0,0,1,2
0.552,0.103,0.45,0,0,1,2
0.552,0.106,0.45,0,0,1,2
0.552,0.109,0.45,0,0,1,2
0.552,0.112,0.45,0,0,1,2
0.552,0.115,0.45,0,0,1,2
0.552,0.118,0.45,0,0,1,2
0.552,0.121,0.45,0,0,1,2
0.552,0.124,0.45,0,0,1,2
0.552,0.127,0.45,0,0,1,2
0.552,0.13,0.45,0,0,1,2
0.552,0.133,0.45,0,0,1,2
0.552,0.136,0.45,0,0,1,2
0.552,0.139,0.45,0,0,1,2
0.552,0.142,0.45,0,0,1,2
0.552,0.145,0.45,0,0,1,2
0.552,0.148,0.45,0,0,1,2
0.552,0.151,0.45,0,0,1,2
0.552,0.154,0.45,0,0,1,2
0.552,0.157,0.45,0,0,1,2
0.552,0.16,0.45,0,0,1,2
0.552,0.163,0.45,0,0,1,2
0.552,0.166,0.45,0,0,1,2
0.552,0.169,0.45,0,0,1,2
0.552,0.172,0.45,0,0,1,2
0.552,0.175,0.45,0,0,1,2
0.552,0.178,0.45,0,0,1,2
0.552,0.181,0.45,0,0,1,2
0.552,0.184,0.45,0,0,1,2
0.552,0.187,0.45,0,0,1,2
0.552,0.19,0.45,0,0,1,2
0.552,0.193,0.45,0,0,1,2
0.552,0.196,0.45,0,0,1,2
0.552,0.199,0.45,0,0,1,2
0.552,0.202,0.45,0,0,1,2
0.552,0.205,0.45,0,0,1,2
0.552,0.208,0.45,0,0,1,2
0.552,0.211,0.45,0,0,1,2
0.552,0.214,0.45,0,0,1,2
0.552,0.217,0.45,0,0,1,2
0.552,0.22,0.45,0,0,1,2
0.552,0.223,0.45,0,0,1,2
0.552,0.226,0.45,0,0,1,2
0.552,0.229,0.45,0,0,1,2
0.552,0.232,0.45,0,0,1,2
0.552,0.235,0.45,0,0,1,2
0.552,0.238,0.45,0,0,1,2
0.552,0.241,0.45,0,0,1,2
0.552,0.244,0.45,0,0,1,2
0.552,0.247,0.45,0,0,1,2
0.552,0.25,0.45,0,0,1,2
0.552,0.253,0.45,0,0,1,2
0.552,0.256,0.45,0,0,1,2
0.552,0.259,0.45,0,0,1,2
0.555,0.1,0.45,0,0,1,2
0.555,0.103,0.45,0,0,1,2
0.555,0.106,0.45,0,0,1,2
0.555,0.109,0.45,0,0,1,2
0.555,0.112,0.45,0,0,1,2
0.555,0.115,0.45,0,0,1,2
0.555,0.118,0.45,0,0,1,2
0.555,0.121,0.45,0,0,1,2
0.555,0.124,0.45,0,0,1,2
0.555,0.127,0.45,0,0,1,2
0.555,0.13,0.45,0,0,1,2
0.555,0.133,0.45,0,0,1,2
0.555,0.136,0.45,0,0,1,2
0.555,0.139,0.45,0,0,1,2
0.555,0.142,0.45,0,0,1,2
0.555,0.145,0.45,0,0,1,2
0.555,0.148,0.45,0,0,1,2
0.555,0.151,0.45,0,0,1,2
0.555,0.154,0.45,0,0,1,2
0.555,0.157,0.45,0,0,1,2
0.555,0.16,0.45,0,0,1,2
0.555,0.163,0.45,0,0,1,2
0.555,0.166,0.45,0,0,1,2
0.555,0.169,0.45,0,0,1,2
0.555,0.172,0.45,0,0,1,2
0.555,0.175,0.45,0,0,1,2
0.555,0.178,0.45,0,0,1,2
0.555,0.181,0.45,0,0,1,2
0.555,0.184,0.45,0,0,1,2
0.555,0.187,0.45,0,0,1,2
0.555,0.19,0.45,0,0,1,2
0.555,0.193,0.45,0,0,1,2
0.555,0.196,0.45,0,0,1,2
0.555,0.199,0.45,0,0,1,2
0.555,0.202,0.45,0,0,1,2
0.555,0.205,0.45,0,0,1,2
0.555,0.208,0.45,0,0,1,2
0.555,0.211,0.45,0,0,1,2
0.555,0.214,0.45,0,0,1,2
0.555,0.217,0.45,0,0,1,2
0.555,0.22,0.45,0,0,1,2
0.555,0.223,0.45,0,0,1,2
0.555,0.226,0.45,0,0,1,2
0.555,0.229,0.45,0,0,1,2
0.555,0.232,0.45,0,0,1,2
0.555,0.235,0.45,0,0,1,2
0.555,0.238,0.45,0,0,1,2
0.555,0.241,0.45,0,0,1,2
0.555,0.244,0.45,0,0,1,2
0.555,0.247,0.45,0,0,1,2
0.555,0.25,0.45,0,0,1,2
0.555,0.253,0.45,0,0,1,2
0.555,0.256,0.45,0,0,1,2
0.555,0.259,0.45,0,0,1,2
0.558,0.1,0.45,0,0,1,2
0.558,0.103,0.45,0,0,1,2
0.558,0.106,0.45,0,0,1,2
0.558,0.109,0.45,0,0,1,2
0.558,0.112,0.45,0,0,1,2
0.558,0.115,0.45,0,0,1,2
0.558,0.118,0.45,0,0,1,2
0.558,0.121,0.45,0,0,1,2
0.558,0.124,0.45,0,0,1,2
0.558,0.127,0.45,0,0,1,2
0.558,0.13,0.45,0,0,1,2
0.558,0.133,0.45,0,0,1,2
0.558,0.136,0.45,0,0,1,2
0.558,0.139,0.45,0,0,1,2
0.558,0.142,0.45,0,0,1,2
0.558,0.145,0.45,0,0,1,2
0.558,0.148,0.45,0,0,1,2
0.558,0.151,0.45,0,0,1,2
0.558,0.154,0.45,0,0,1,2
0.558,0.157,0.45,0,0,1,2
0.558,0.16,0.45,0,0,1,2
0.558,0.163,0.45,0,0,1,2
0.558,0.166,0.45,0,0,1,2
0.558,0.169,0.45,0,0,1,2
0.558,0.172,0.45,0,0,1,2
0.558,0.175,0.45,0,0,1,2
0.558,0.178,0.45,0,0,1,2
0.558,0.181,0.45,0,0,1,2
0.558,0.184,0.45,0,0,1,2
0.558,0.187,0.45,0,0,1,2
0.558,0.19,0.45,0,0,1,2
0.558,0.193,0.45,0,0,1,2
0.558,0.196,0.45,0,0,1,2
0.558,0.199,0.45,0,0,1,2
0.558,0.202,0.45,0,0,1,2
0.558,0.205,0.45,0,0,1,2
0.558,0.208,0.45,0,0,1,2
0.558,0.211,0.45,0,0,1,2
0.558,0.214,0.45,0,0,1,2
0.558,0.217,0.45,0,0,1,2
0.558,0.22,0.45,0,0,1,2
0.558,0.223,0.45,0,0,1,2
0.558,0.226,0.45,0,0,1,2
0.558,0.229,0.45,0,0,1,2
0.558,0.232,0.45,0,0,1,2
0.558,0.235,0.45,0,0,1,2
0.558,0.238,0.45,0,0,1,2
0.558,0.241,0.45,0,0,1,2
0.558,0.244,0.45,0,0,1,2
0.558,0.247,0.45,0,0,1,2
0.558,0.25,0.45,0,0,1,2
0.558,0.253,0.45,0,0,1,2
0.558,0.256,0.45,0,0,1,2
0.558,0.259,0.45,0,0,1,2
0.561,0.1,0.45,0,0,1,2
0.561,0.103,0.45,0,0,1,2
0.561,0.106,0.45,0,0,1,2
0.561,0.109,0.45,0,0,1,2
0.561,0.112,0.45,0,0,1,2
0.561,0.115,0.45,0,0,1,2
0.561,0.118,0.45,0,0,1,2
0.561,0.121,0.45,0,0,1,2
0.561,0.124,0.45,0,0,1,2
0.561,0.127,0.45,0,0,1,2
0.561,0.13,0.45,0,0,1,2
0.561,0.133,0.45,0,0,1,2
0.561,0.136,0.45,0,0,1,2
0.561,0.139,0.45,0,0,1,2
0.561,0.142,0.45,0,0,1,2
0.561,0.145,0.45,0,0,1,2
0.561,0.148,0.45,0,0,1,2
0.561,0.151,0.45,0,0,1,2
0.561,0.154,0.45,0,0,1,2
0.561,0.157,0.45,0,0,1,2
0.561,0.16,0.45,0,0,1,2
0.561,0.163,0.45,0,0,1,2
0.561,0.166,0.45,0,0,1,2
0.561,0.169,0.45,0,0,1,2
0.561,0.172,0.45,0,0,1,2
0.561,0.175,0.45,0,0,1,2
0.561,0.178,0.45,0,0,1,2
0.561,0.181,0.45,0,0,1,2
0.561,0.184,0.45,0,0,1,2
0.561,0.187,0.45,0,0,1,2
0.561,0.19,0.45,0,0,1,2
0.561,0.193,0.45,0,0,1,2
0.561,0.196,0.45,0,0,1,2
0.561,0.199,0.45,0,0,1,2
0.561,0.202,0.45,0,0,1,2
0.561,0.205,0.45,0,0,1,2
0.561,0.208,0.45,0,0,1,2
0.561,0.211,0.45,0,0,1,2
0.561,0.214,0.45,0,0,1,2
0.561,0.217,0.45,0,0,1,2
0.561,0.22,0.45,0,0,1,2
0.561,0.223,0.45,0,0,1,2
0.561,0.226,0.45,0,0,1,2
0.561,0.229,0.45,0,0,1,2
0.561,0.232,0.45,0,0,1,2
0.561,0.235,0.45,0,0,1,2
0.561,0.238,0.45,0,0,1,2
0.561,0.241,0.45,0,0,1,2
0.561,0.244,0.45,0,0,1,2
0.561,0.247,0.45,0,0,1,2
0.561,0.25,0.45,0,0,1,2
0.561,0.253,0.45,0,0,1,2
0.561,0.256,0.45,0,0,1,2
0.561,0.259,0.45,0,0,1,2
0.564,0.1,0.45,0,0,1,2
0.564,0.103,0.45,0,0,1,2
0.564,0.106,0.45,0,0,1,2
0.564,0.109,0.45,0,0,1,2
0.564,0.112,0.45,0,0,1,2
0.564,0.115,0.45,0,0,1,2
0.564,0.118,0.45,0,0,1,2
0.564,0.121,0.45,0,0,1,2
0.564,0.124,0.45,0,0,1,2
0.564,0.127,0.45,0,0,1,2
0.564,0.13,0.45,0,0,1,2
0.564,0.133,0.45,0,0,1,2
0.564,0.136,0.45,0,0,1,2
0.564,0.139,0.45,0,0,1,2
0.564,0.142,0.45,0,0,1,2
0.564,0.145,0.45,0,0,1,2
0.564,0.148,0.45,0,0,1,2
0.564,0.151,0.45,0,0,1,2
0.564,0.154,0.45,0,0,1,2
0.564,0.157,0.45,0,0,1,2
0.564,0.16,0.45,0,0,1,2
0.564,0.163,0.45,0,0,1,2
0.564,0.166,0.45,0,0,1,2
0.564,0.169,0.45,0,0,1,2
0.564,0.172,0.45,0,0,1,2
0.564,0.175,0.45,0,0,1,2
0.564,0.178,0.45,0,0,1,2
0.564,0.181,0.45,0,0,1,2
0.564,0.184,0.45,0,0,1,2
0.564,0.187,0.45,0,0,1,2
0.564,0.19,0.45,0,0,1,2
0.564,0.193,0.45,0,0,1,2
0.564,0.196,0.45,0,0,1,2
0.564,0.199,0.45,0,0,1,2
0.564,0.202,0.45,0,0,1,2
0.564,0.205,0.45,0,0,1,2
0.564,0.208,0.45,0,0,1,2
0.564,0.211,0.45,0,0,1,2
0.564,0.214,0.45,0,0,1,2
0.564,0.217,0.45,0,0,1,2
0.564,0.22,0.45,0,0,1,2
0.564,0.223,0.45,0,0,1,2
0.564,0.226,0.45,0,0,1,2
0.564,0.229,0.45,0,0,1,2
0.564,0.232,0.45,0,0,1,2
0.564,0.235,0.45,0,0,1,2
0.564,0.238,0.45,0,0,1,2
0.564,0.241,0.45,0,0,1,2
0.564,0.244,0.45,0,0,1,2
0.564,0.247,0.45,0,0,1,2
0.564,0.25,0.45,0,0,1,2
0.564,0.253,0.45,0,0,1,2
0.564,0.256,0.45,0,0,1,2
0.564,0.259,0.45,0,0,1,2
0.567,0.1,0.45,0,0,1,2
0.567,0.103,0.45,0,0,1,2
0.567,0.106,0.45,0,0,1,2
0.567,0.109,0.45,0,0,1,2
0.567,0.112,0.45,0,0,1,2
0.567,0.115,0.45,0,0,1,2
0.567,0.118,0.45,0,0,1,2
0.567,0.121,0.45,0,0,1,2
0.567,0.124,0.45,0,0,1,2
0.567,0.127,0.45,0,0,1,2
0.567,0.13,0.45,0,0,1,2
0.567,0.133,0.45,0,0,1,2
0.567,0.136,0.45,0,0,1,2
0.567,0.139,0.45,0,0,1,2
0.567,0.142,0.45,0,0,1,2
0.567,0.145,0.45,0,0,1,2
0.567,0.148,0.45,0,0,1,2
0.567,0.151,0.45,0,0,1,2
0.567,0.154,0.45,0,0,1,2
0.567,0.157,0.45,0,0,1,2
0.567,0.16,0.45,0,0,1,2
0.567,0.163,0.45,0,0,1,2
0.567,0.166,0.45,0,0,1,2
0.567,0.169,0.45,0,0,1,2
0.567,0.172,0.45,0,0,1,2
0.567,0.175,0.45,0,0,1,2
0.567,0.178,0.45,0,0,1,2
0.567,0.181,0.45,0,0,1,2
0.567,0.184,0.45,0,0,1,2
0.567,0.187,0.45,0,0,1,2
0.567,0.19,0.45,0,0,1,2
0.567,0.193,0.45,0,0,1,2
0.567,0.196,0.45,0,0,1,2
0.567,0.199,0.45,0,0,1,2
0.567,0.202,0.45,0,0,1,2
0.567,0.205,0.45,0,0,1,2
0.567,0.208,0.45,0,0,1,2
0.567,0.211,0.45,0,0,1,2
0.567,0.214,0.45,0,0,1,2
0.567,0.217,0.45,0,0,1,2
0.567,0.22,0.45,0,0,1,2
0.567,0.223,0.45,0,0,1,2
0.567,0.226,0.45,0,0,1,2
0.567,0.229,0.45,0,0,1,2
0.567,0.232,0.45,0,0,1,2
0.567,0.235,0.45,0,0,1,2
0.567,0.238,0.45,0,0,1,2
0.567,0.241,0.45,0,0,1,2
0.567,0.244,0.45,0,0,1,2
0.567,0.247,0.45,0,0,1,2
0.567,0.25,0.45,0,0,1,2
0.567,0.253,0.45,0,0,1,2
0.567,0.256,0.45,0,0,1,2
0.567,0.259,0.45,0,0,1,2
0.57,0.1,0.45,0,0,1,2
0.57,0.103,0.45,0,0,1,2
0.57,0.106,0.45,0,0,1,2
0.57,0.109,0.45,0,0,1,2
0.57,0.112,0.45,0,0,1,2
0.57,0.115,0.45,0,0,1,2
0.57,0.118,0.45,0,0,1,2
0.57,0.121,0.45,0,0,1,2
0.57,0.124,0.45,0,0,1,2
0.57,0.127,0.45,0,0,1,2
0.57,0.13,0.45,0,0,1,2
0.57,0.133,0.45,0,0,1,2
0.57,0.136,0.45,0,0,1,2
0.57,0.139,0.45,0,0,1,2
0.57,0.142,0.45,0,0,1,2
0.57,0.145,0.45,0,0,1,2
0.57,0.148,0.45,0,0,1,2
0.57,0.151,0.45,0,0,1,2
0.57,0.154,0.45,0,0,1,2
0.57,0.157,0.45,0,0,1,2
0.57,0.16,0.45,0,0,1,2
0.57,0.163,0.45,0,0,1,2
0.57,0.166,0.45,0,0,1,2
0.57,0.169,0.45,0,0,1,2
0.57,0.172,0.45,0,0,1,2
0.57,0.175,0.45,0,0,1,2
0.57,0.178,0.45,0,0,1,2
0.57,0.181,0.45,0,0,1,2
0.57,0.184,0.45,0,0,1,2
0.57,0.187,0.45,0,0,1,2
0.57,0.19,0.45,0,0,1,2
0.57,0.193,0.45,0,0,1,2
0.57,0.196,0.45,0,0,1,2
0.57,0.199,0.45,0,0,1,2
0.57,0.202,0.45,0,0,1,2
0.57,0.205,0.45,0,0,1,2
0.57,0.208,0.45,0,0,1,2
0.57,0.211,0.45,0,0,1,2
0.57,0.214,0.45,0,0,1,2
0.57,0.217,0.45,0,0,1,2
0.57,0.22,0.45,0,0,1,2
0.57,0.223,0.45,0,0,1,2
0.57,0.226,0.45,0,0,1,2
0.57,0.229,0.45,0,0,1,2
0.57,0.232,0.45,0,0,1,2
0.57,0.235,0.45,0,0,1,2
0.57,0.238,0.45,0,0,1,2
0.57,0.241,0.45,0,0,1,2
0.57,0.244,0.45,0,0,1,2
0.57,0.247,0.45,0,0,1,2
0.57,0.25,0.45,0,0,1,2
0.57,0.253,0.45,0,0,1,2
0.57,0.256,0.45,0,0,1,2
0.57,0.259,0.45,0,0,1,2
